ISO-10303-21;
HEADER;
FILE_DESCRIPTION(('Open CASCADE Model'),'2;1');
FILE_NAME('Open CASCADE Shape Model','2026-09-16T21:39:17',('Author'),(
    'Open CASCADE'),'Open CASCADE STEP processor 7.9','Open CASCADE 7.9'
  ,'Unknown');
FILE_SCHEMA(('AUTOMOTIVE_DESIGN { 1 0 10303 214 1 1 1 1 }'));
ENDSEC;
DATA;
#1 = APPLICATION_PROTOCOL_DEFINITION('international standard',
  'automotive_design',2000,#2);
#2 = APPLICATION_CONTEXT(
  'core data for automotive mechanical design processes');
#3 = SHAPE_DEFINITION_REPRESENTATION(#4,#10);
#4 = PRODUCT_DEFINITION_SHAPE('','',#5);
#5 = PRODUCT_DEFINITION('design','',#6,#9);
#6 = PRODUCT_DEFINITION_FORMATION('','',#7);
#7 = PRODUCT('p500','p500','',(#8));
#8 = PRODUCT_CONTEXT('',#2,'mechanical');
#9 = PRODUCT_DEFINITION_CONTEXT('part definition',#2,'design');
#10 = SHAPE_REPRESENTATION('',(#11,#15,#19,#23,#27),#31);
#11 = AXIS2_PLACEMENT_3D('',#12,#13,#14);
#12 = CARTESIAN_POINT('',(0.,0.,0.));
#13 = DIRECTION('',(0.,0.,1.));
#14 = DIRECTION('',(1.,0.,-0.));
#15 = AXIS2_PLACEMENT_3D('',#16,#17,#18);
#16 = CARTESIAN_POINT('',(0.,0.,0.));
#17 = DIRECTION('',(0.,0.,1.));
#18 = DIRECTION('',(1.,0.,-0.));
#19 = AXIS2_PLACEMENT_3D('',#20,#21,#22);
#20 = CARTESIAN_POINT('',(0.,0.,0.));
#21 = DIRECTION('',(0.,0.,1.));
#22 = DIRECTION('',(1.,0.,-0.));
#23 = AXIS2_PLACEMENT_3D('',#24,#25,#26);
#24 = CARTESIAN_POINT('',(0.,0.,0.));
#25 = DIRECTION('',(0.,0.,1.));
#26 = DIRECTION('',(1.,0.,-0.));
#27 = AXIS2_PLACEMENT_3D('',#28,#29,#30);
#28 = CARTESIAN_POINT('',(0.,0.,0.));
#29 = DIRECTION('',(0.,0.,1.));
#30 = DIRECTION('',(1.,0.,-0.));
#31 = ( GEOMETRIC_REPRESENTATION_CONTEXT(3) 
GLOBAL_UNCERTAINTY_ASSIGNED_CONTEXT((#35)) GLOBAL_UNIT_ASSIGNED_CONTEXT(
(#32,#33,#34)) REPRESENTATION_CONTEXT('Context #1',
  '3D Context with UNIT and UNCERTAINTY') );
#32 = ( LENGTH_UNIT() NAMED_UNIT(*) SI_UNIT(.MILLI.,.METRE.) );
#33 = ( NAMED_UNIT(*) PLANE_ANGLE_UNIT() SI_UNIT($,.RADIAN.) );
#34 = ( NAMED_UNIT(*) SI_UNIT($,.STERADIAN.) SOLID_ANGLE_UNIT() );
#35 = UNCERTAINTY_MEASURE_WITH_UNIT(LENGTH_MEASURE(1.E-07),#32,
  'distance_accuracy_value','confusion accuracy');
#36 = PRODUCT_RELATED_PRODUCT_CATEGORY('part',$,(#7));
#37 = SHAPE_DEFINITION_REPRESENTATION(#38,#44);
#38 = PRODUCT_DEFINITION_SHAPE('','',#39);
#39 = PRODUCT_DEFINITION('design','',#40,#43);
#40 = PRODUCT_DEFINITION_FORMATION('','',#41);
#41 = PRODUCT('inlet_shroud','inlet_shroud','',(#42));
#42 = PRODUCT_CONTEXT('',#2,'mechanical');
#43 = PRODUCT_DEFINITION_CONTEXT('part definition',#2,'design');
#44 = ADVANCED_BREP_SHAPE_REPRESENTATION('',(#11,#45),#3727);
#45 = MANIFOLD_SOLID_BREP('',#46);
#46 = CLOSED_SHELL('',(#47,#135,#190,#245,#300,#355,#410,#465,#520,#575,
    #630,#685,#740,#795,#850,#905,#960,#1015,#1070,#1125,#1180,#1235,
    #1290,#1345,#1400,#1455,#1510,#1565,#1620,#1675,#1730,#1785,#1840,
    #1875,#1930,#1965,#2020,#2075,#2130,#2185,#2240,#2295,#2350,#2405,
    #2460,#2515,#2570,#2625,#2680,#2735,#2790,#2845,#2900,#2955,#3010,
    #3065,#3120,#3175,#3230,#3285,#3340,#3395,#3450,#3505,#3560,#3615,
    #3670,#3720));
#47 = ADVANCED_FACE('',(#48),#61,.F.);
#48 = FACE_BOUND('',#49,.F.);
#49 = EDGE_LOOP('',(#50,#84,#107,#134));
#50 = ORIENTED_EDGE('',*,*,#51,.T.);
#51 = EDGE_CURVE('',#52,#52,#54,.T.);
#52 = VERTEX_POINT('',#53);
#53 = CARTESIAN_POINT('',(-47.27430217286,56.991956404278,0.));
#54 = SURFACE_CURVE('',#55,(#60,#72),.PCURVE_S1.);
#55 = CIRCLE('',#56,56.991956404278);
#56 = AXIS2_PLACEMENT_3D('',#57,#58,#59);
#57 = CARTESIAN_POINT('',(-47.27430217286,0.,0.));
#58 = DIRECTION('',(1.,0.,0.));
#59 = DIRECTION('',(-0.,1.,0.));
#60 = PCURVE('',#61,#66);
#61 = CONICAL_SURFACE('',#62,56.991956404278,1.483529864195);
#62 = AXIS2_PLACEMENT_3D('',#63,#64,#65);
#63 = CARTESIAN_POINT('',(-47.27430217286,0.,0.));
#64 = DIRECTION('',(-1.,-0.,-0.));
#65 = DIRECTION('',(-0.,1.,0.));
#66 = DEFINITIONAL_REPRESENTATION('',(#67),#71);
#67 = LINE('',#68,#69);
#68 = CARTESIAN_POINT('',(-0.,-0.));
#69 = VECTOR('',#70,1.);
#70 = DIRECTION('',(-1.,-0.));
#71 = ( GEOMETRIC_REPRESENTATION_CONTEXT(2) 
PARAMETRIC_REPRESENTATION_CONTEXT() REPRESENTATION_CONTEXT('2D SPACE',''
  ) );
#72 = PCURVE('',#73,#78);
#73 = PLANE('',#74);
#74 = AXIS2_PLACEMENT_3D('',#75,#76,#77);
#75 = CARTESIAN_POINT('',(-47.27430217286,0.,0.));
#76 = DIRECTION('',(1.,0.,0.));
#77 = DIRECTION('',(-0.,1.,0.));
#78 = DEFINITIONAL_REPRESENTATION('',(#79),#83);
#79 = CIRCLE('',#80,56.991956404278);
#80 = AXIS2_PLACEMENT_2D('',#81,#82);
#81 = CARTESIAN_POINT('',(0.,0.));
#82 = DIRECTION('',(1.,0.));
#83 = ( GEOMETRIC_REPRESENTATION_CONTEXT(2) 
PARAMETRIC_REPRESENTATION_CONTEXT() REPRESENTATION_CONTEXT('2D SPACE',''
  ) );
#84 = ORIENTED_EDGE('',*,*,#85,.T.);
#85 = EDGE_CURVE('',#52,#86,#88,.T.);
#86 = VERTEX_POINT('',#87);
#87 = CARTESIAN_POINT('',(-47.05086127848,54.438015294964,0.));
#88 = SEAM_CURVE('',#89,(#93,#100),.PCURVE_S1.);
#89 = LINE('',#90,#91);
#90 = CARTESIAN_POINT('',(-47.27430217286,56.991956404278,0.));
#91 = VECTOR('',#92,1.);
#92 = DIRECTION('',(8.715574274766E-02,-0.996194698092,0.));
#93 = PCURVE('',#61,#94);
#94 = DEFINITIONAL_REPRESENTATION('',(#95),#99);
#95 = LINE('',#96,#97);
#96 = CARTESIAN_POINT('',(-0.,-0.));
#97 = VECTOR('',#98,1.);
#98 = DIRECTION('',(-0.,-1.));
#99 = ( GEOMETRIC_REPRESENTATION_CONTEXT(2) 
PARAMETRIC_REPRESENTATION_CONTEXT() REPRESENTATION_CONTEXT('2D SPACE',''
  ) );
#100 = PCURVE('',#61,#101);
#101 = DEFINITIONAL_REPRESENTATION('',(#102),#106);
#102 = LINE('',#103,#104);
#103 = CARTESIAN_POINT('',(-6.28318530718,-0.));
#104 = VECTOR('',#105,1.);
#105 = DIRECTION('',(-0.,-1.));
#106 = ( GEOMETRIC_REPRESENTATION_CONTEXT(2) 
PARAMETRIC_REPRESENTATION_CONTEXT() REPRESENTATION_CONTEXT('2D SPACE',''
  ) );
#107 = ORIENTED_EDGE('',*,*,#108,.F.);
#108 = EDGE_CURVE('',#86,#86,#109,.T.);
#109 = SURFACE_CURVE('',#110,(#115,#122),.PCURVE_S1.);
#110 = CIRCLE('',#111,54.438015294964);
#111 = AXIS2_PLACEMENT_3D('',#112,#113,#114);
#112 = CARTESIAN_POINT('',(-47.05086127848,0.,0.));
#113 = DIRECTION('',(1.,0.,0.));
#114 = DIRECTION('',(-0.,1.,0.));
#115 = PCURVE('',#61,#116);
#116 = DEFINITIONAL_REPRESENTATION('',(#117),#121);
#117 = LINE('',#118,#119);
#118 = CARTESIAN_POINT('',(-0.,-0.223440894378));
#119 = VECTOR('',#120,1.);
#120 = DIRECTION('',(-1.,-0.));
#121 = ( GEOMETRIC_REPRESENTATION_CONTEXT(2) 
PARAMETRIC_REPRESENTATION_CONTEXT() REPRESENTATION_CONTEXT('2D SPACE',''
  ) );
#122 = PCURVE('',#123,#128);
#123 = CONICAL_SURFACE('',#124,54.438015294964,1.308996938996);
#124 = AXIS2_PLACEMENT_3D('',#125,#126,#127);
#125 = CARTESIAN_POINT('',(-47.05086127848,0.,0.));
#126 = DIRECTION('',(-1.,-0.,-0.));
#127 = DIRECTION('',(-0.,1.,0.));
#128 = DEFINITIONAL_REPRESENTATION('',(#129),#133);
#129 = LINE('',#130,#131);
#130 = CARTESIAN_POINT('',(-0.,-0.));
#131 = VECTOR('',#132,1.);
#132 = DIRECTION('',(-1.,-0.));
#133 = ( GEOMETRIC_REPRESENTATION_CONTEXT(2) 
PARAMETRIC_REPRESENTATION_CONTEXT() REPRESENTATION_CONTEXT('2D SPACE',''
  ) );
#134 = ORIENTED_EDGE('',*,*,#85,.F.);
#135 = ADVANCED_FACE('',(#136),#123,.F.);
#136 = FACE_BOUND('',#137,.F.);
#137 = EDGE_LOOP('',(#138,#139,#162,#189));
#138 = ORIENTED_EDGE('',*,*,#108,.T.);
#139 = ORIENTED_EDGE('',*,*,#140,.T.);
#140 = EDGE_CURVE('',#86,#141,#143,.T.);
#141 = VERTEX_POINT('',#142);
#142 = CARTESIAN_POINT('',(-46.38732773386,51.961674393901,0.));
#143 = SEAM_CURVE('',#144,(#148,#155),.PCURVE_S1.);
#144 = LINE('',#145,#146);
#145 = CARTESIAN_POINT('',(-47.05086127848,54.438015294964,0.));
#146 = VECTOR('',#147,1.);
#147 = DIRECTION('',(0.258819045103,-0.965925826289,0.));
#148 = PCURVE('',#123,#149);
#149 = DEFINITIONAL_REPRESENTATION('',(#150),#154);
#150 = LINE('',#151,#152);
#151 = CARTESIAN_POINT('',(-0.,-0.));
#152 = VECTOR('',#153,1.);
#153 = DIRECTION('',(-0.,-1.));
#154 = ( GEOMETRIC_REPRESENTATION_CONTEXT(2) 
PARAMETRIC_REPRESENTATION_CONTEXT() REPRESENTATION_CONTEXT('2D SPACE',''
  ) );
#155 = PCURVE('',#123,#156);
#156 = DEFINITIONAL_REPRESENTATION('',(#157),#161);
#157 = LINE('',#158,#159);
#158 = CARTESIAN_POINT('',(-6.28318530718,-0.));
#159 = VECTOR('',#160,1.);
#160 = DIRECTION('',(-0.,-1.));
#161 = ( GEOMETRIC_REPRESENTATION_CONTEXT(2) 
PARAMETRIC_REPRESENTATION_CONTEXT() REPRESENTATION_CONTEXT('2D SPACE',''
  ) );
#162 = ORIENTED_EDGE('',*,*,#163,.F.);
#163 = EDGE_CURVE('',#141,#141,#164,.T.);
#164 = SURFACE_CURVE('',#165,(#170,#177),.PCURVE_S1.);
#165 = CIRCLE('',#166,51.961674393901);
#166 = AXIS2_PLACEMENT_3D('',#167,#168,#169);
#167 = CARTESIAN_POINT('',(-46.38732773386,0.,0.));
#168 = DIRECTION('',(1.,0.,0.));
#169 = DIRECTION('',(-0.,1.,0.));
#170 = PCURVE('',#123,#171);
#171 = DEFINITIONAL_REPRESENTATION('',(#172),#176);
#172 = LINE('',#173,#174);
#173 = CARTESIAN_POINT('',(-0.,-0.663533544624));
#174 = VECTOR('',#175,1.);
#175 = DIRECTION('',(-1.,-0.));
#176 = ( GEOMETRIC_REPRESENTATION_CONTEXT(2) 
PARAMETRIC_REPRESENTATION_CONTEXT() REPRESENTATION_CONTEXT('2D SPACE',''
  ) );
#177 = PCURVE('',#178,#183);
#178 = CONICAL_SURFACE('',#179,51.961674393901,1.134464013796);
#179 = AXIS2_PLACEMENT_3D('',#180,#181,#182);
#180 = CARTESIAN_POINT('',(-46.38732773386,0.,0.));
#181 = DIRECTION('',(-1.,-0.,-0.));
#182 = DIRECTION('',(-0.,1.,0.));
#183 = DEFINITIONAL_REPRESENTATION('',(#184),#188);
#184 = LINE('',#185,#186);
#185 = CARTESIAN_POINT('',(-0.,-0.));
#186 = VECTOR('',#187,1.);
#187 = DIRECTION('',(-1.,-0.));
#188 = ( GEOMETRIC_REPRESENTATION_CONTEXT(2) 
PARAMETRIC_REPRESENTATION_CONTEXT() REPRESENTATION_CONTEXT('2D SPACE',''
  ) );
#189 = ORIENTED_EDGE('',*,*,#140,.F.);
#190 = ADVANCED_FACE('',(#191),#178,.F.);
#191 = FACE_BOUND('',#192,.F.);
#192 = EDGE_LOOP('',(#193,#194,#217,#244));
#193 = ORIENTED_EDGE('',*,*,#163,.T.);
#194 = ORIENTED_EDGE('',*,*,#195,.T.);
#195 = EDGE_CURVE('',#141,#196,#198,.T.);
#196 = VERTEX_POINT('',#197);
#197 = CARTESIAN_POINT('',(-45.30386266998,49.638176066277,0.));
#198 = SEAM_CURVE('',#199,(#203,#210),.PCURVE_S1.);
#199 = LINE('',#200,#201);
#200 = CARTESIAN_POINT('',(-46.38732773386,51.961674393901,0.));
#201 = VECTOR('',#202,1.);
#202 = DIRECTION('',(0.422618261741,-0.906307787037,0.));
#203 = PCURVE('',#178,#204);
#204 = DEFINITIONAL_REPRESENTATION('',(#205),#209);
#205 = LINE('',#206,#207);
#206 = CARTESIAN_POINT('',(-0.,-0.));
#207 = VECTOR('',#208,1.);
#208 = DIRECTION('',(-0.,-1.));
#209 = ( GEOMETRIC_REPRESENTATION_CONTEXT(2) 
PARAMETRIC_REPRESENTATION_CONTEXT() REPRESENTATION_CONTEXT('2D SPACE',''
  ) );
#210 = PCURVE('',#178,#211);
#211 = DEFINITIONAL_REPRESENTATION('',(#212),#216);
#212 = LINE('',#213,#214);
#213 = CARTESIAN_POINT('',(-6.28318530718,-0.));
#214 = VECTOR('',#215,1.);
#215 = DIRECTION('',(-0.,-1.));
#216 = ( GEOMETRIC_REPRESENTATION_CONTEXT(2) 
PARAMETRIC_REPRESENTATION_CONTEXT() REPRESENTATION_CONTEXT('2D SPACE',''
  ) );
#217 = ORIENTED_EDGE('',*,*,#218,.F.);
#218 = EDGE_CURVE('',#196,#196,#219,.T.);
#219 = SURFACE_CURVE('',#220,(#225,#232),.PCURVE_S1.);
#220 = CIRCLE('',#221,49.638176066277);
#221 = AXIS2_PLACEMENT_3D('',#222,#223,#224);
#222 = CARTESIAN_POINT('',(-45.30386266998,0.,0.));
#223 = DIRECTION('',(1.,0.,0.));
#224 = DIRECTION('',(-0.,1.,0.));
#225 = PCURVE('',#178,#226);
#226 = DEFINITIONAL_REPRESENTATION('',(#227),#231);
#227 = LINE('',#228,#229);
#228 = CARTESIAN_POINT('',(-0.,-1.083465063881));
#229 = VECTOR('',#230,1.);
#230 = DIRECTION('',(-1.,-0.));
#231 = ( GEOMETRIC_REPRESENTATION_CONTEXT(2) 
PARAMETRIC_REPRESENTATION_CONTEXT() REPRESENTATION_CONTEXT('2D SPACE',''
  ) );
#232 = PCURVE('',#233,#238);
#233 = CONICAL_SURFACE('',#234,49.638176066277,0.959931088597);
#234 = AXIS2_PLACEMENT_3D('',#235,#236,#237);
#235 = CARTESIAN_POINT('',(-45.30386266998,0.,0.));
#236 = DIRECTION('',(-1.,-0.,-0.));
#237 = DIRECTION('',(-0.,1.,0.));
#238 = DEFINITIONAL_REPRESENTATION('',(#239),#243);
#239 = LINE('',#240,#241);
#240 = CARTESIAN_POINT('',(-0.,-0.));
#241 = VECTOR('',#242,1.);
#242 = DIRECTION('',(-1.,-0.));
#243 = ( GEOMETRIC_REPRESENTATION_CONTEXT(2) 
PARAMETRIC_REPRESENTATION_CONTEXT() REPRESENTATION_CONTEXT('2D SPACE',''
  ) );
#244 = ORIENTED_EDGE('',*,*,#195,.F.);
#245 = ADVANCED_FACE('',(#246),#233,.F.);
#246 = FACE_BOUND('',#247,.F.);
#247 = EDGE_LOOP('',(#248,#249,#272,#299));
#248 = ORIENTED_EDGE('',*,*,#218,.T.);
#249 = ORIENTED_EDGE('',*,*,#250,.T.);
#250 = EDGE_CURVE('',#196,#251,#253,.T.);
#251 = VERTEX_POINT('',#252);
#252 = CARTESIAN_POINT('',(-43.83338662455,47.538118633031,0.));
#253 = SEAM_CURVE('',#254,(#258,#265),.PCURVE_S1.);
#254 = LINE('',#255,#256);
#255 = CARTESIAN_POINT('',(-45.30386266998,49.638176066277,0.));
#256 = VECTOR('',#257,1.);
#257 = DIRECTION('',(0.573576436351,-0.819152044289,0.));
#258 = PCURVE('',#233,#259);
#259 = DEFINITIONAL_REPRESENTATION('',(#260),#264);
#260 = LINE('',#261,#262);
#261 = CARTESIAN_POINT('',(-0.,-0.));
#262 = VECTOR('',#263,1.);
#263 = DIRECTION('',(-0.,-1.));
#264 = ( GEOMETRIC_REPRESENTATION_CONTEXT(2) 
PARAMETRIC_REPRESENTATION_CONTEXT() REPRESENTATION_CONTEXT('2D SPACE',''
  ) );
#265 = PCURVE('',#233,#266);
#266 = DEFINITIONAL_REPRESENTATION('',(#267),#271);
#267 = LINE('',#268,#269);
#268 = CARTESIAN_POINT('',(-6.28318530718,-0.));
#269 = VECTOR('',#270,1.);
#270 = DIRECTION('',(-0.,-1.));
#271 = ( GEOMETRIC_REPRESENTATION_CONTEXT(2) 
PARAMETRIC_REPRESENTATION_CONTEXT() REPRESENTATION_CONTEXT('2D SPACE',''
  ) );
#272 = ORIENTED_EDGE('',*,*,#273,.F.);
#273 = EDGE_CURVE('',#251,#251,#274,.T.);
#274 = SURFACE_CURVE('',#275,(#280,#287),.PCURVE_S1.);
#275 = CIRCLE('',#276,47.538118633031);
#276 = AXIS2_PLACEMENT_3D('',#277,#278,#279);
#277 = CARTESIAN_POINT('',(-43.83338662455,0.,0.));
#278 = DIRECTION('',(1.,0.,0.));
#279 = DIRECTION('',(-0.,1.,0.));
#280 = PCURVE('',#233,#281);
#281 = DEFINITIONAL_REPRESENTATION('',(#282),#286);
#282 = LINE('',#283,#284);
#283 = CARTESIAN_POINT('',(-0.,-1.470476045432));
#284 = VECTOR('',#285,1.);
#285 = DIRECTION('',(-1.,-0.));
#286 = ( GEOMETRIC_REPRESENTATION_CONTEXT(2) 
PARAMETRIC_REPRESENTATION_CONTEXT() REPRESENTATION_CONTEXT('2D SPACE',''
  ) );
#287 = PCURVE('',#288,#293);
#288 = CONICAL_SURFACE('',#289,47.538118633031,0.785398163397);
#289 = AXIS2_PLACEMENT_3D('',#290,#291,#292);
#290 = CARTESIAN_POINT('',(-43.83338662455,0.,0.));
#291 = DIRECTION('',(-1.,-0.,-0.));
#292 = DIRECTION('',(-0.,1.,0.));
#293 = DEFINITIONAL_REPRESENTATION('',(#294),#298);
#294 = LINE('',#295,#296);
#295 = CARTESIAN_POINT('',(-0.,-0.));
#296 = VECTOR('',#297,1.);
#297 = DIRECTION('',(-1.,-0.));
#298 = ( GEOMETRIC_REPRESENTATION_CONTEXT(2) 
PARAMETRIC_REPRESENTATION_CONTEXT() REPRESENTATION_CONTEXT('2D SPACE',''
  ) );
#299 = ORIENTED_EDGE('',*,*,#250,.F.);
#300 = ADVANCED_FACE('',(#301),#288,.F.);
#301 = FACE_BOUND('',#302,.F.);
#302 = EDGE_LOOP('',(#303,#304,#327,#354));
#303 = ORIENTED_EDGE('',*,*,#273,.T.);
#304 = ORIENTED_EDGE('',*,*,#305,.T.);
#305 = EDGE_CURVE('',#251,#306,#308,.T.);
#306 = VERTEX_POINT('',#307);
#307 = CARTESIAN_POINT('',(-42.02057926811,45.725311276591,0.));
#308 = SEAM_CURVE('',#309,(#313,#320),.PCURVE_S1.);
#309 = LINE('',#310,#311);
#310 = CARTESIAN_POINT('',(-43.83338662455,47.538118633031,0.));
#311 = VECTOR('',#312,1.);
#312 = DIRECTION('',(0.707106781187,-0.707106781187,0.));
#313 = PCURVE('',#288,#314);
#314 = DEFINITIONAL_REPRESENTATION('',(#315),#319);
#315 = LINE('',#316,#317);
#316 = CARTESIAN_POINT('',(-0.,-0.));
#317 = VECTOR('',#318,1.);
#318 = DIRECTION('',(-0.,-1.));
#319 = ( GEOMETRIC_REPRESENTATION_CONTEXT(2) 
PARAMETRIC_REPRESENTATION_CONTEXT() REPRESENTATION_CONTEXT('2D SPACE',''
  ) );
#320 = PCURVE('',#288,#321);
#321 = DEFINITIONAL_REPRESENTATION('',(#322),#326);
#322 = LINE('',#323,#324);
#323 = CARTESIAN_POINT('',(-6.28318530718,-0.));
#324 = VECTOR('',#325,1.);
#325 = DIRECTION('',(-0.,-1.));
#326 = ( GEOMETRIC_REPRESENTATION_CONTEXT(2) 
PARAMETRIC_REPRESENTATION_CONTEXT() REPRESENTATION_CONTEXT('2D SPACE',''
  ) );
#327 = ORIENTED_EDGE('',*,*,#328,.F.);
#328 = EDGE_CURVE('',#306,#306,#329,.T.);
#329 = SURFACE_CURVE('',#330,(#335,#342),.PCURVE_S1.);
#330 = CIRCLE('',#331,45.725311276591);
#331 = AXIS2_PLACEMENT_3D('',#332,#333,#334);
#332 = CARTESIAN_POINT('',(-42.02057926811,0.,0.));
#333 = DIRECTION('',(1.,0.,0.));
#334 = DIRECTION('',(-0.,1.,0.));
#335 = PCURVE('',#288,#336);
#336 = DEFINITIONAL_REPRESENTATION('',(#337),#341);
#337 = LINE('',#338,#339);
#338 = CARTESIAN_POINT('',(-0.,-1.81280735644));
#339 = VECTOR('',#340,1.);
#340 = DIRECTION('',(-1.,-0.));
#341 = ( GEOMETRIC_REPRESENTATION_CONTEXT(2) 
PARAMETRIC_REPRESENTATION_CONTEXT() REPRESENTATION_CONTEXT('2D SPACE',''
  ) );
#342 = PCURVE('',#343,#348);
#343 = CONICAL_SURFACE('',#344,45.725311276591,0.610865238198);
#344 = AXIS2_PLACEMENT_3D('',#345,#346,#347);
#345 = CARTESIAN_POINT('',(-42.02057926811,0.,0.));
#346 = DIRECTION('',(-1.,-0.,-0.));
#347 = DIRECTION('',(-0.,1.,0.));
#348 = DEFINITIONAL_REPRESENTATION('',(#349),#353);
#349 = LINE('',#350,#351);
#350 = CARTESIAN_POINT('',(-0.,-0.));
#351 = VECTOR('',#352,1.);
#352 = DIRECTION('',(-1.,-0.));
#353 = ( GEOMETRIC_REPRESENTATION_CONTEXT(2) 
PARAMETRIC_REPRESENTATION_CONTEXT() REPRESENTATION_CONTEXT('2D SPACE',''
  ) );
#354 = ORIENTED_EDGE('',*,*,#305,.F.);
#355 = ADVANCED_FACE('',(#356),#343,.F.);
#356 = FACE_BOUND('',#357,.F.);
#357 = EDGE_LOOP('',(#358,#359,#382,#409));
#358 = ORIENTED_EDGE('',*,*,#328,.T.);
#359 = ORIENTED_EDGE('',*,*,#360,.T.);
#360 = EDGE_CURVE('',#306,#361,#363,.T.);
#361 = VERTEX_POINT('',#362);
#362 = CARTESIAN_POINT('',(-39.92052183486,44.254835231159,0.));
#363 = SEAM_CURVE('',#364,(#368,#375),.PCURVE_S1.);
#364 = LINE('',#365,#366);
#365 = CARTESIAN_POINT('',(-42.02057926811,45.725311276591,0.));
#366 = VECTOR('',#367,1.);
#367 = DIRECTION('',(0.819152044289,-0.573576436351,0.));
#368 = PCURVE('',#343,#369);
#369 = DEFINITIONAL_REPRESENTATION('',(#370),#374);
#370 = LINE('',#371,#372);
#371 = CARTESIAN_POINT('',(-0.,-0.));
#372 = VECTOR('',#373,1.);
#373 = DIRECTION('',(-0.,-1.));
#374 = ( GEOMETRIC_REPRESENTATION_CONTEXT(2) 
PARAMETRIC_REPRESENTATION_CONTEXT() REPRESENTATION_CONTEXT('2D SPACE',''
  ) );
#375 = PCURVE('',#343,#376);
#376 = DEFINITIONAL_REPRESENTATION('',(#377),#381);
#377 = LINE('',#378,#379);
#378 = CARTESIAN_POINT('',(-6.28318530718,-0.));
#379 = VECTOR('',#380,1.);
#380 = DIRECTION('',(-0.,-1.));
#381 = ( GEOMETRIC_REPRESENTATION_CONTEXT(2) 
PARAMETRIC_REPRESENTATION_CONTEXT() REPRESENTATION_CONTEXT('2D SPACE',''
  ) );
#382 = ORIENTED_EDGE('',*,*,#383,.F.);
#383 = EDGE_CURVE('',#361,#361,#384,.T.);
#384 = SURFACE_CURVE('',#385,(#390,#397),.PCURVE_S1.);
#385 = CIRCLE('',#386,44.254835231159);
#386 = AXIS2_PLACEMENT_3D('',#387,#388,#389);
#387 = CARTESIAN_POINT('',(-39.92052183486,0.,0.));
#388 = DIRECTION('',(1.,0.,0.));
#389 = DIRECTION('',(-0.,1.,0.));
#390 = PCURVE('',#343,#391);
#391 = DEFINITIONAL_REPRESENTATION('',(#392),#396);
#392 = LINE('',#393,#394);
#393 = CARTESIAN_POINT('',(-0.,-2.100057433246));
#394 = VECTOR('',#395,1.);
#395 = DIRECTION('',(-1.,-0.));
#396 = ( GEOMETRIC_REPRESENTATION_CONTEXT(2) 
PARAMETRIC_REPRESENTATION_CONTEXT() REPRESENTATION_CONTEXT('2D SPACE',''
  ) );
#397 = PCURVE('',#398,#403);
#398 = CONICAL_SURFACE('',#399,44.254835231159,0.436332312999);
#399 = AXIS2_PLACEMENT_3D('',#400,#401,#402);
#400 = CARTESIAN_POINT('',(-39.92052183486,0.,0.));
#401 = DIRECTION('',(-1.,-0.,-0.));
#402 = DIRECTION('',(-0.,1.,0.));
#403 = DEFINITIONAL_REPRESENTATION('',(#404),#408);
#404 = LINE('',#405,#406);
#405 = CARTESIAN_POINT('',(-0.,-0.));
#406 = VECTOR('',#407,1.);
#407 = DIRECTION('',(-1.,-0.));
#408 = ( GEOMETRIC_REPRESENTATION_CONTEXT(2) 
PARAMETRIC_REPRESENTATION_CONTEXT() REPRESENTATION_CONTEXT('2D SPACE',''
  ) );
#409 = ORIENTED_EDGE('',*,*,#360,.F.);
#410 = ADVANCED_FACE('',(#411),#398,.F.);
#411 = FACE_BOUND('',#412,.F.);
#412 = EDGE_LOOP('',(#413,#414,#437,#464));
#413 = ORIENTED_EDGE('',*,*,#383,.T.);
#414 = ORIENTED_EDGE('',*,*,#415,.T.);
#415 = EDGE_CURVE('',#361,#416,#418,.T.);
#416 = VERTEX_POINT('',#417);
#417 = CARTESIAN_POINT('',(-37.59702350724,43.171370167277,0.));
#418 = SEAM_CURVE('',#419,(#423,#430),.PCURVE_S1.);
#419 = LINE('',#420,#421);
#420 = CARTESIAN_POINT('',(-39.92052183486,44.254835231159,0.));
#421 = VECTOR('',#422,1.);
#422 = DIRECTION('',(0.906307787037,-0.422618261741,0.));
#423 = PCURVE('',#398,#424);
#424 = DEFINITIONAL_REPRESENTATION('',(#425),#429);
#425 = LINE('',#426,#427);
#426 = CARTESIAN_POINT('',(-0.,-0.));
#427 = VECTOR('',#428,1.);
#428 = DIRECTION('',(-0.,-1.));
#429 = ( GEOMETRIC_REPRESENTATION_CONTEXT(2) 
PARAMETRIC_REPRESENTATION_CONTEXT() REPRESENTATION_CONTEXT('2D SPACE',''
  ) );
#430 = PCURVE('',#398,#431);
#431 = DEFINITIONAL_REPRESENTATION('',(#432),#436);
#432 = LINE('',#433,#434);
#433 = CARTESIAN_POINT('',(-6.28318530718,-0.));
#434 = VECTOR('',#435,1.);
#435 = DIRECTION('',(-0.,-1.));
#436 = ( GEOMETRIC_REPRESENTATION_CONTEXT(2) 
PARAMETRIC_REPRESENTATION_CONTEXT() REPRESENTATION_CONTEXT('2D SPACE',''
  ) );
#437 = ORIENTED_EDGE('',*,*,#438,.F.);
#438 = EDGE_CURVE('',#416,#416,#439,.T.);
#439 = SURFACE_CURVE('',#440,(#445,#452),.PCURVE_S1.);
#440 = CIRCLE('',#441,43.171370167277);
#441 = AXIS2_PLACEMENT_3D('',#442,#443,#444);
#442 = CARTESIAN_POINT('',(-37.59702350724,0.,0.));
#443 = DIRECTION('',(1.,0.,0.));
#444 = DIRECTION('',(-0.,1.,0.));
#445 = PCURVE('',#398,#446);
#446 = DEFINITIONAL_REPRESENTATION('',(#447),#451);
#447 = LINE('',#448,#449);
#448 = CARTESIAN_POINT('',(-0.,-2.323498327624));
#449 = VECTOR('',#450,1.);
#450 = DIRECTION('',(-1.,-0.));
#451 = ( GEOMETRIC_REPRESENTATION_CONTEXT(2) 
PARAMETRIC_REPRESENTATION_CONTEXT() REPRESENTATION_CONTEXT('2D SPACE',''
  ) );
#452 = PCURVE('',#453,#458);
#453 = CONICAL_SURFACE('',#454,43.171370167277,0.261799387799);
#454 = AXIS2_PLACEMENT_3D('',#455,#456,#457);
#455 = CARTESIAN_POINT('',(-37.59702350724,0.,0.));
#456 = DIRECTION('',(-1.,-0.,-0.));
#457 = DIRECTION('',(-0.,1.,0.));
#458 = DEFINITIONAL_REPRESENTATION('',(#459),#463);
#459 = LINE('',#460,#461);
#460 = CARTESIAN_POINT('',(-0.,-0.));
#461 = VECTOR('',#462,1.);
#462 = DIRECTION('',(-1.,-0.));
#463 = ( GEOMETRIC_REPRESENTATION_CONTEXT(2) 
PARAMETRIC_REPRESENTATION_CONTEXT() REPRESENTATION_CONTEXT('2D SPACE',''
  ) );
#464 = ORIENTED_EDGE('',*,*,#415,.F.);
#465 = ADVANCED_FACE('',(#466),#453,.F.);
#466 = FACE_BOUND('',#467,.F.);
#467 = EDGE_LOOP('',(#468,#469,#492,#519));
#468 = ORIENTED_EDGE('',*,*,#438,.T.);
#469 = ORIENTED_EDGE('',*,*,#470,.T.);
#470 = EDGE_CURVE('',#416,#471,#473,.T.);
#471 = VERTEX_POINT('',#472);
#472 = CARTESIAN_POINT('',(-35.12068260617,42.507836622653,0.));
#473 = SEAM_CURVE('',#474,(#478,#485),.PCURVE_S1.);
#474 = LINE('',#475,#476);
#475 = CARTESIAN_POINT('',(-37.59702350724,43.171370167277,0.));
#476 = VECTOR('',#477,1.);
#477 = DIRECTION('',(0.965925826289,-0.258819045103,0.));
#478 = PCURVE('',#453,#479);
#479 = DEFINITIONAL_REPRESENTATION('',(#480),#484);
#480 = LINE('',#481,#482);
#481 = CARTESIAN_POINT('',(-0.,-0.));
#482 = VECTOR('',#483,1.);
#483 = DIRECTION('',(-0.,-1.));
#484 = ( GEOMETRIC_REPRESENTATION_CONTEXT(2) 
PARAMETRIC_REPRESENTATION_CONTEXT() REPRESENTATION_CONTEXT('2D SPACE',''
  ) );
#485 = PCURVE('',#453,#486);
#486 = DEFINITIONAL_REPRESENTATION('',(#487),#491);
#487 = LINE('',#488,#489);
#488 = CARTESIAN_POINT('',(-6.28318530718,-0.));
#489 = VECTOR('',#490,1.);
#490 = DIRECTION('',(-0.,-1.));
#491 = ( GEOMETRIC_REPRESENTATION_CONTEXT(2) 
PARAMETRIC_REPRESENTATION_CONTEXT() REPRESENTATION_CONTEXT('2D SPACE',''
  ) );
#492 = ORIENTED_EDGE('',*,*,#493,.F.);
#493 = EDGE_CURVE('',#471,#471,#494,.T.);
#494 = SURFACE_CURVE('',#495,(#500,#507),.PCURVE_S1.);
#495 = CIRCLE('',#496,42.507836622653);
#496 = AXIS2_PLACEMENT_3D('',#497,#498,#499);
#497 = CARTESIAN_POINT('',(-35.12068260617,0.,0.));
#498 = DIRECTION('',(1.,0.,0.));
#499 = DIRECTION('',(-0.,1.,0.));
#500 = PCURVE('',#453,#501);
#501 = DEFINITIONAL_REPRESENTATION('',(#502),#506);
#502 = LINE('',#503,#504);
#503 = CARTESIAN_POINT('',(-0.,-2.476340901064));
#504 = VECTOR('',#505,1.);
#505 = DIRECTION('',(-1.,-0.));
#506 = ( GEOMETRIC_REPRESENTATION_CONTEXT(2) 
PARAMETRIC_REPRESENTATION_CONTEXT() REPRESENTATION_CONTEXT('2D SPACE',''
  ) );
#507 = PCURVE('',#508,#513);
#508 = CONICAL_SURFACE('',#509,42.507836622653,8.726646259972E-02);
#509 = AXIS2_PLACEMENT_3D('',#510,#511,#512);
#510 = CARTESIAN_POINT('',(-35.12068260617,0.,0.));
#511 = DIRECTION('',(-1.,-0.,-0.));
#512 = DIRECTION('',(-0.,1.,0.));
#513 = DEFINITIONAL_REPRESENTATION('',(#514),#518);
#514 = LINE('',#515,#516);
#515 = CARTESIAN_POINT('',(-0.,-0.));
#516 = VECTOR('',#517,1.);
#517 = DIRECTION('',(-1.,-0.));
#518 = ( GEOMETRIC_REPRESENTATION_CONTEXT(2) 
PARAMETRIC_REPRESENTATION_CONTEXT() REPRESENTATION_CONTEXT('2D SPACE',''
  ) );
#519 = ORIENTED_EDGE('',*,*,#470,.F.);
#520 = ADVANCED_FACE('',(#521),#508,.F.);
#521 = FACE_BOUND('',#522,.F.);
#522 = EDGE_LOOP('',(#523,#524,#547,#574));
#523 = ORIENTED_EDGE('',*,*,#493,.T.);
#524 = ORIENTED_EDGE('',*,*,#525,.T.);
#525 = EDGE_CURVE('',#471,#526,#528,.T.);
#526 = VERTEX_POINT('',#527);
#527 = CARTESIAN_POINT('',(-32.56674149686,42.284395728276,0.));
#528 = SEAM_CURVE('',#529,(#533,#540),.PCURVE_S1.);
#529 = LINE('',#530,#531);
#530 = CARTESIAN_POINT('',(-35.12068260617,42.507836622653,0.));
#531 = VECTOR('',#532,1.);
#532 = DIRECTION('',(0.996194698092,-8.715574274766E-02,0.));
#533 = PCURVE('',#508,#534);
#534 = DEFINITIONAL_REPRESENTATION('',(#535),#539);
#535 = LINE('',#536,#537);
#536 = CARTESIAN_POINT('',(-0.,-0.));
#537 = VECTOR('',#538,1.);
#538 = DIRECTION('',(-0.,-1.));
#539 = ( GEOMETRIC_REPRESENTATION_CONTEXT(2) 
PARAMETRIC_REPRESENTATION_CONTEXT() REPRESENTATION_CONTEXT('2D SPACE',''
  ) );
#540 = PCURVE('',#508,#541);
#541 = DEFINITIONAL_REPRESENTATION('',(#542),#546);
#542 = LINE('',#543,#544);
#543 = CARTESIAN_POINT('',(-6.28318530718,-0.));
#544 = VECTOR('',#545,1.);
#545 = DIRECTION('',(-0.,-1.));
#546 = ( GEOMETRIC_REPRESENTATION_CONTEXT(2) 
PARAMETRIC_REPRESENTATION_CONTEXT() REPRESENTATION_CONTEXT('2D SPACE',''
  ) );
#547 = ORIENTED_EDGE('',*,*,#548,.F.);
#548 = EDGE_CURVE('',#526,#526,#549,.T.);
#549 = SURFACE_CURVE('',#550,(#555,#562),.PCURVE_S1.);
#550 = CIRCLE('',#551,42.284395728276);
#551 = AXIS2_PLACEMENT_3D('',#552,#553,#554);
#552 = CARTESIAN_POINT('',(-32.56674149686,0.,0.));
#553 = DIRECTION('',(1.,0.,0.));
#554 = DIRECTION('',(-0.,1.,0.));
#555 = PCURVE('',#508,#556);
#556 = DEFINITIONAL_REPRESENTATION('',(#557),#561);
#557 = LINE('',#558,#559);
#558 = CARTESIAN_POINT('',(-0.,-2.553941109314));
#559 = VECTOR('',#560,1.);
#560 = DIRECTION('',(-1.,-0.));
#561 = ( GEOMETRIC_REPRESENTATION_CONTEXT(2) 
PARAMETRIC_REPRESENTATION_CONTEXT() REPRESENTATION_CONTEXT('2D SPACE',''
  ) );
#562 = PCURVE('',#563,#568);
#563 = CONICAL_SURFACE('',#564,42.284395728276,2.658158446126E-03);
#564 = AXIS2_PLACEMENT_3D('',#565,#566,#567);
#565 = CARTESIAN_POINT('',(-32.56674149686,0.,0.));
#566 = DIRECTION('',(1.,0.,0.));
#567 = DIRECTION('',(-0.,1.,0.));
#568 = DEFINITIONAL_REPRESENTATION('',(#569),#573);
#569 = LINE('',#570,#571);
#570 = CARTESIAN_POINT('',(0.,0.));
#571 = VECTOR('',#572,1.);
#572 = DIRECTION('',(1.,0.));
#573 = ( GEOMETRIC_REPRESENTATION_CONTEXT(2) 
PARAMETRIC_REPRESENTATION_CONTEXT() REPRESENTATION_CONTEXT('2D SPACE',''
  ) );
#574 = ORIENTED_EDGE('',*,*,#525,.F.);
#575 = ADVANCED_FACE('',(#576),#563,.F.);
#576 = FACE_BOUND('',#577,.F.);
#577 = EDGE_LOOP('',(#578,#579,#602,#629));
#578 = ORIENTED_EDGE('',*,*,#548,.T.);
#579 = ORIENTED_EDGE('',*,*,#580,.T.);
#580 = EDGE_CURVE('',#526,#581,#583,.T.);
#581 = VERTEX_POINT('',#582);
#582 = CARTESIAN_POINT('',(1.98742933118,42.376246405644,0.));
#583 = SEAM_CURVE('',#584,(#588,#595),.PCURVE_S1.);
#584 = LINE('',#585,#586);
#585 = CARTESIAN_POINT('',(-32.56674149686,42.284395728276,0.));
#586 = VECTOR('',#587,1.);
#587 = DIRECTION('',(0.999996467099,2.658155315788E-03,0.));
#588 = PCURVE('',#563,#589);
#589 = DEFINITIONAL_REPRESENTATION('',(#590),#594);
#590 = LINE('',#591,#592);
#591 = CARTESIAN_POINT('',(0.,0.));
#592 = VECTOR('',#593,1.);
#593 = DIRECTION('',(0.,1.));
#594 = ( GEOMETRIC_REPRESENTATION_CONTEXT(2) 
PARAMETRIC_REPRESENTATION_CONTEXT() REPRESENTATION_CONTEXT('2D SPACE',''
  ) );
#595 = PCURVE('',#563,#596);
#596 = DEFINITIONAL_REPRESENTATION('',(#597),#601);
#597 = LINE('',#598,#599);
#598 = CARTESIAN_POINT('',(6.28318530718,0.));
#599 = VECTOR('',#600,1.);
#600 = DIRECTION('',(0.,1.));
#601 = ( GEOMETRIC_REPRESENTATION_CONTEXT(2) 
PARAMETRIC_REPRESENTATION_CONTEXT() REPRESENTATION_CONTEXT('2D SPACE',''
  ) );
#602 = ORIENTED_EDGE('',*,*,#603,.F.);
#603 = EDGE_CURVE('',#581,#581,#604,.T.);
#604 = SURFACE_CURVE('',#605,(#610,#617),.PCURVE_S1.);
#605 = CIRCLE('',#606,42.376246405644);
#606 = AXIS2_PLACEMENT_3D('',#607,#608,#609);
#607 = CARTESIAN_POINT('',(1.98742933118,0.,0.));
#608 = DIRECTION('',(1.,0.,0.));
#609 = DIRECTION('',(-0.,1.,0.));
#610 = PCURVE('',#563,#611);
#611 = DEFINITIONAL_REPRESENTATION('',(#612),#616);
#612 = LINE('',#613,#614);
#613 = CARTESIAN_POINT('',(0.,34.554170828042));
#614 = VECTOR('',#615,1.);
#615 = DIRECTION('',(1.,0.));
#616 = ( GEOMETRIC_REPRESENTATION_CONTEXT(2) 
PARAMETRIC_REPRESENTATION_CONTEXT() REPRESENTATION_CONTEXT('2D SPACE',''
  ) );
#617 = PCURVE('',#618,#623);
#618 = CONICAL_SURFACE('',#619,42.376246405644,0.137416506617);
#619 = AXIS2_PLACEMENT_3D('',#620,#621,#622);
#620 = CARTESIAN_POINT('',(1.98742933118,0.,0.));
#621 = DIRECTION('',(1.,0.,0.));
#622 = DIRECTION('',(-0.,1.,0.));
#623 = DEFINITIONAL_REPRESENTATION('',(#624),#628);
#624 = LINE('',#625,#626);
#625 = CARTESIAN_POINT('',(0.,0.));
#626 = VECTOR('',#627,1.);
#627 = DIRECTION('',(1.,0.));
#628 = ( GEOMETRIC_REPRESENTATION_CONTEXT(2) 
PARAMETRIC_REPRESENTATION_CONTEXT() REPRESENTATION_CONTEXT('2D SPACE',''
  ) );
#629 = ORIENTED_EDGE('',*,*,#580,.F.);
#630 = ADVANCED_FACE('',(#631),#618,.F.);
#631 = FACE_BOUND('',#632,.F.);
#632 = EDGE_LOOP('',(#633,#634,#657,#684));
#633 = ORIENTED_EDGE('',*,*,#603,.T.);
#634 = ORIENTED_EDGE('',*,*,#635,.T.);
#635 = EDGE_CURVE('',#581,#636,#638,.T.);
#636 = VERTEX_POINT('',#637);
#637 = CARTESIAN_POINT('',(3.918107235229,42.64323608647,0.));
#638 = SEAM_CURVE('',#639,(#643,#650),.PCURVE_S1.);
#639 = LINE('',#640,#641);
#640 = CARTESIAN_POINT('',(1.98742933118,42.376246405644,0.));
#641 = VECTOR('',#642,1.);
#642 = DIRECTION('',(0.990573199959,0.136984435331,0.));
#643 = PCURVE('',#618,#644);
#644 = DEFINITIONAL_REPRESENTATION('',(#645),#649);
#645 = LINE('',#646,#647);
#646 = CARTESIAN_POINT('',(0.,0.));
#647 = VECTOR('',#648,1.);
#648 = DIRECTION('',(0.,1.));
#649 = ( GEOMETRIC_REPRESENTATION_CONTEXT(2) 
PARAMETRIC_REPRESENTATION_CONTEXT() REPRESENTATION_CONTEXT('2D SPACE',''
  ) );
#650 = PCURVE('',#618,#651);
#651 = DEFINITIONAL_REPRESENTATION('',(#652),#656);
#652 = LINE('',#653,#654);
#653 = CARTESIAN_POINT('',(6.28318530718,0.));
#654 = VECTOR('',#655,1.);
#655 = DIRECTION('',(0.,1.));
#656 = ( GEOMETRIC_REPRESENTATION_CONTEXT(2) 
PARAMETRIC_REPRESENTATION_CONTEXT() REPRESENTATION_CONTEXT('2D SPACE',''
  ) );
#657 = ORIENTED_EDGE('',*,*,#658,.F.);
#658 = EDGE_CURVE('',#636,#636,#659,.T.);
#659 = SURFACE_CURVE('',#660,(#665,#672),.PCURVE_S1.);
#660 = CIRCLE('',#661,42.64323608647);
#661 = AXIS2_PLACEMENT_3D('',#662,#663,#664);
#662 = CARTESIAN_POINT('',(3.918107235229,0.,0.));
#663 = DIRECTION('',(1.,0.,0.));
#664 = DIRECTION('',(-0.,1.,0.));
#665 = PCURVE('',#618,#666);
#666 = DEFINITIONAL_REPRESENTATION('',(#667),#671);
#667 = LINE('',#668,#669);
#668 = CARTESIAN_POINT('',(0.,1.93067790405));
#669 = VECTOR('',#670,1.);
#670 = DIRECTION('',(1.,0.));
#671 = ( GEOMETRIC_REPRESENTATION_CONTEXT(2) 
PARAMETRIC_REPRESENTATION_CONTEXT() REPRESENTATION_CONTEXT('2D SPACE',''
  ) );
#672 = PCURVE('',#673,#678);
#673 = CONICAL_SURFACE('',#674,42.64323608647,0.225000916855);
#674 = AXIS2_PLACEMENT_3D('',#675,#676,#677);
#675 = CARTESIAN_POINT('',(3.918107235229,0.,0.));
#676 = DIRECTION('',(1.,0.,0.));
#677 = DIRECTION('',(-0.,1.,0.));
#678 = DEFINITIONAL_REPRESENTATION('',(#679),#683);
#679 = LINE('',#680,#681);
#680 = CARTESIAN_POINT('',(0.,0.));
#681 = VECTOR('',#682,1.);
#682 = DIRECTION('',(1.,0.));
#683 = ( GEOMETRIC_REPRESENTATION_CONTEXT(2) 
PARAMETRIC_REPRESENTATION_CONTEXT() REPRESENTATION_CONTEXT('2D SPACE',''
  ) );
#684 = ORIENTED_EDGE('',*,*,#635,.F.);
#685 = ADVANCED_FACE('',(#686),#673,.F.);
#686 = FACE_BOUND('',#687,.F.);
#687 = EDGE_LOOP('',(#688,#689,#712,#739));
#688 = ORIENTED_EDGE('',*,*,#658,.T.);
#689 = ORIENTED_EDGE('',*,*,#690,.T.);
#690 = EDGE_CURVE('',#636,#691,#693,.T.);
#691 = VERTEX_POINT('',#692);
#692 = CARTESIAN_POINT('',(5.793727784601,43.072521243832,0.));
#693 = SEAM_CURVE('',#694,(#698,#705),.PCURVE_S1.);
#694 = LINE('',#695,#696);
#695 = CARTESIAN_POINT('',(3.918107235229,42.64323608647,0.));
#696 = VECTOR('',#697,1.);
#697 = DIRECTION('',(0.974793902512,0.223107255877,0.));
#698 = PCURVE('',#673,#699);
#699 = DEFINITIONAL_REPRESENTATION('',(#700),#704);
#700 = LINE('',#701,#702);
#701 = CARTESIAN_POINT('',(0.,0.));
#702 = VECTOR('',#703,1.);
#703 = DIRECTION('',(0.,1.));
#704 = ( GEOMETRIC_REPRESENTATION_CONTEXT(2) 
PARAMETRIC_REPRESENTATION_CONTEXT() REPRESENTATION_CONTEXT('2D SPACE',''
  ) );
#705 = PCURVE('',#673,#706);
#706 = DEFINITIONAL_REPRESENTATION('',(#707),#711);
#707 = LINE('',#708,#709);
#708 = CARTESIAN_POINT('',(6.28318530718,0.));
#709 = VECTOR('',#710,1.);
#710 = DIRECTION('',(0.,1.));
#711 = ( GEOMETRIC_REPRESENTATION_CONTEXT(2) 
PARAMETRIC_REPRESENTATION_CONTEXT() REPRESENTATION_CONTEXT('2D SPACE',''
  ) );
#712 = ORIENTED_EDGE('',*,*,#713,.F.);
#713 = EDGE_CURVE('',#691,#691,#714,.T.);
#714 = SURFACE_CURVE('',#715,(#720,#727),.PCURVE_S1.);
#715 = CIRCLE('',#716,43.072521243832);
#716 = AXIS2_PLACEMENT_3D('',#717,#718,#719);
#717 = CARTESIAN_POINT('',(5.793727784601,0.,0.));
#718 = DIRECTION('',(1.,0.,0.));
#719 = DIRECTION('',(-0.,1.,0.));
#720 = PCURVE('',#673,#721);
#721 = DEFINITIONAL_REPRESENTATION('',(#722),#726);
#722 = LINE('',#723,#724);
#723 = CARTESIAN_POINT('',(0.,1.875620549372));
#724 = VECTOR('',#725,1.);
#725 = DIRECTION('',(1.,0.));
#726 = ( GEOMETRIC_REPRESENTATION_CONTEXT(2) 
PARAMETRIC_REPRESENTATION_CONTEXT() REPRESENTATION_CONTEXT('2D SPACE',''
  ) );
#727 = PCURVE('',#728,#733);
#728 = CONICAL_SURFACE('',#729,43.072521243832,0.30751847934);
#729 = AXIS2_PLACEMENT_3D('',#730,#731,#732);
#730 = CARTESIAN_POINT('',(5.793727784601,0.,0.));
#731 = DIRECTION('',(1.,0.,0.));
#732 = DIRECTION('',(-0.,1.,0.));
#733 = DEFINITIONAL_REPRESENTATION('',(#734),#738);
#734 = LINE('',#735,#736);
#735 = CARTESIAN_POINT('',(0.,0.));
#736 = VECTOR('',#737,1.);
#737 = DIRECTION('',(1.,0.));
#738 = ( GEOMETRIC_REPRESENTATION_CONTEXT(2) 
PARAMETRIC_REPRESENTATION_CONTEXT() REPRESENTATION_CONTEXT('2D SPACE',''
  ) );
#739 = ORIENTED_EDGE('',*,*,#690,.F.);
#740 = ADVANCED_FACE('',(#741),#728,.F.);
#741 = FACE_BOUND('',#742,.F.);
#742 = EDGE_LOOP('',(#743,#744,#767,#794));
#743 = ORIENTED_EDGE('',*,*,#713,.T.);
#744 = ORIENTED_EDGE('',*,*,#745,.T.);
#745 = EDGE_CURVE('',#691,#746,#748,.T.);
#746 = VERTEX_POINT('',#747);
#747 = CARTESIAN_POINT('',(7.615985051746,43.651258350811,0.));
#748 = SEAM_CURVE('',#749,(#753,#760),.PCURVE_S1.);
#749 = LINE('',#750,#751);
#750 = CARTESIAN_POINT('',(5.793727784601,43.072521243832,0.));
#751 = VECTOR('',#752,1.);
#752 = DIRECTION('',(0.95308764621,0.302694464174,0.));
#753 = PCURVE('',#728,#754);
#754 = DEFINITIONAL_REPRESENTATION('',(#755),#759);
#755 = LINE('',#756,#757);
#756 = CARTESIAN_POINT('',(0.,0.));
#757 = VECTOR('',#758,1.);
#758 = DIRECTION('',(0.,1.));
#759 = ( GEOMETRIC_REPRESENTATION_CONTEXT(2) 
PARAMETRIC_REPRESENTATION_CONTEXT() REPRESENTATION_CONTEXT('2D SPACE',''
  ) );
#760 = PCURVE('',#728,#761);
#761 = DEFINITIONAL_REPRESENTATION('',(#762),#766);
#762 = LINE('',#763,#764);
#763 = CARTESIAN_POINT('',(6.28318530718,0.));
#764 = VECTOR('',#765,1.);
#765 = DIRECTION('',(0.,1.));
#766 = ( GEOMETRIC_REPRESENTATION_CONTEXT(2) 
PARAMETRIC_REPRESENTATION_CONTEXT() REPRESENTATION_CONTEXT('2D SPACE',''
  ) );
#767 = ORIENTED_EDGE('',*,*,#768,.F.);
#768 = EDGE_CURVE('',#746,#746,#769,.T.);
#769 = SURFACE_CURVE('',#770,(#775,#782),.PCURVE_S1.);
#770 = CIRCLE('',#771,43.651258350811);
#771 = AXIS2_PLACEMENT_3D('',#772,#773,#774);
#772 = CARTESIAN_POINT('',(7.615985051746,0.,0.));
#773 = DIRECTION('',(1.,0.,0.));
#774 = DIRECTION('',(-0.,1.,0.));
#775 = PCURVE('',#728,#776);
#776 = DEFINITIONAL_REPRESENTATION('',(#777),#781);
#777 = LINE('',#778,#779);
#778 = CARTESIAN_POINT('',(0.,1.822257267145));
#779 = VECTOR('',#780,1.);
#780 = DIRECTION('',(1.,0.));
#781 = ( GEOMETRIC_REPRESENTATION_CONTEXT(2) 
PARAMETRIC_REPRESENTATION_CONTEXT() REPRESENTATION_CONTEXT('2D SPACE',''
  ) );
#782 = PCURVE('',#783,#788);
#783 = CONICAL_SURFACE('',#784,43.651258350811,0.383963462534);
#784 = AXIS2_PLACEMENT_3D('',#785,#786,#787);
#785 = CARTESIAN_POINT('',(7.615985051746,0.,0.));
#786 = DIRECTION('',(1.,0.,0.));
#787 = DIRECTION('',(-0.,1.,0.));
#788 = DEFINITIONAL_REPRESENTATION('',(#789),#793);
#789 = LINE('',#790,#791);
#790 = CARTESIAN_POINT('',(0.,0.));
#791 = VECTOR('',#792,1.);
#792 = DIRECTION('',(1.,0.));
#793 = ( GEOMETRIC_REPRESENTATION_CONTEXT(2) 
PARAMETRIC_REPRESENTATION_CONTEXT() REPRESENTATION_CONTEXT('2D SPACE',''
  ) );
#794 = ORIENTED_EDGE('',*,*,#745,.F.);
#795 = ADVANCED_FACE('',(#796),#783,.F.);
#796 = FACE_BOUND('',#797,.F.);
#797 = EDGE_LOOP('',(#798,#799,#822,#849));
#798 = ORIENTED_EDGE('',*,*,#768,.T.);
#799 = ORIENTED_EDGE('',*,*,#800,.T.);
#800 = EDGE_CURVE('',#746,#801,#803,.T.);
#801 = VERTEX_POINT('',#802);
#802 = CARTESIAN_POINT('',(9.386573109116,44.366603880487,0.));
#803 = SEAM_CURVE('',#804,(#808,#815),.PCURVE_S1.);
#804 = LINE('',#805,#806);
#805 = CARTESIAN_POINT('',(7.615985051746,43.651258350811,0.));
#806 = VECTOR('',#807,1.);
#807 = DIRECTION('',(0.927187215839,0.374598273868,0.));
#808 = PCURVE('',#783,#809);
#809 = DEFINITIONAL_REPRESENTATION('',(#810),#814);
#810 = LINE('',#811,#812);
#811 = CARTESIAN_POINT('',(0.,0.));
#812 = VECTOR('',#813,1.);
#813 = DIRECTION('',(0.,1.));
#814 = ( GEOMETRIC_REPRESENTATION_CONTEXT(2) 
PARAMETRIC_REPRESENTATION_CONTEXT() REPRESENTATION_CONTEXT('2D SPACE',''
  ) );
#815 = PCURVE('',#783,#816);
#816 = DEFINITIONAL_REPRESENTATION('',(#817),#821);
#817 = LINE('',#818,#819);
#818 = CARTESIAN_POINT('',(6.28318530718,0.));
#819 = VECTOR('',#820,1.);
#820 = DIRECTION('',(0.,1.));
#821 = ( GEOMETRIC_REPRESENTATION_CONTEXT(2) 
PARAMETRIC_REPRESENTATION_CONTEXT() REPRESENTATION_CONTEXT('2D SPACE',''
  ) );
#822 = ORIENTED_EDGE('',*,*,#823,.F.);
#823 = EDGE_CURVE('',#801,#801,#824,.T.);
#824 = SURFACE_CURVE('',#825,(#830,#837),.PCURVE_S1.);
#825 = CIRCLE('',#826,44.366603880487);
#826 = AXIS2_PLACEMENT_3D('',#827,#828,#829);
#827 = CARTESIAN_POINT('',(9.386573109116,0.,0.));
#828 = DIRECTION('',(1.,0.,0.));
#829 = DIRECTION('',(-0.,1.,0.));
#830 = PCURVE('',#783,#831);
#831 = DEFINITIONAL_REPRESENTATION('',(#832),#836);
#832 = LINE('',#833,#834);
#833 = CARTESIAN_POINT('',(0.,1.77058805737));
#834 = VECTOR('',#835,1.);
#835 = DIRECTION('',(1.,0.));
#836 = ( GEOMETRIC_REPRESENTATION_CONTEXT(2) 
PARAMETRIC_REPRESENTATION_CONTEXT() REPRESENTATION_CONTEXT('2D SPACE',''
  ) );
#837 = PCURVE('',#838,#843);
#838 = CONICAL_SURFACE('',#839,44.366603880487,0.453744021864);
#839 = AXIS2_PLACEMENT_3D('',#840,#841,#842);
#840 = CARTESIAN_POINT('',(9.386573109116,0.,0.));
#841 = DIRECTION('',(1.,0.,0.));
#842 = DIRECTION('',(-0.,1.,0.));
#843 = DEFINITIONAL_REPRESENTATION('',(#844),#848);
#844 = LINE('',#845,#846);
#845 = CARTESIAN_POINT('',(0.,0.));
#846 = VECTOR('',#847,1.);
#847 = DIRECTION('',(1.,0.));
#848 = ( GEOMETRIC_REPRESENTATION_CONTEXT(2) 
PARAMETRIC_REPRESENTATION_CONTEXT() REPRESENTATION_CONTEXT('2D SPACE',''
  ) );
#849 = ORIENTED_EDGE('',*,*,#800,.F.);
#850 = ADVANCED_FACE('',(#851),#838,.F.);
#851 = FACE_BOUND('',#852,.F.);
#852 = EDGE_LOOP('',(#853,#854,#877,#904));
#853 = ORIENTED_EDGE('',*,*,#823,.T.);
#854 = ORIENTED_EDGE('',*,*,#855,.T.);
#855 = EDGE_CURVE('',#801,#856,#858,.T.);
#856 = VERTEX_POINT('',#857);
#857 = CARTESIAN_POINT('',(11.107186029162,45.205714305939,0.));
#858 = SEAM_CURVE('',#859,(#863,#870),.PCURVE_S1.);
#859 = LINE('',#860,#861);
#860 = CARTESIAN_POINT('',(9.386573109116,44.366603880487,0.));
#861 = VECTOR('',#862,1.);
#862 = DIRECTION('',(0.898812274596,0.438333771269,0.));
#863 = PCURVE('',#838,#864);
#864 = DEFINITIONAL_REPRESENTATION('',(#865),#869);
#865 = LINE('',#866,#867);
#866 = CARTESIAN_POINT('',(0.,0.));
#867 = VECTOR('',#868,1.);
#868 = DIRECTION('',(0.,1.));
#869 = ( GEOMETRIC_REPRESENTATION_CONTEXT(2) 
PARAMETRIC_REPRESENTATION_CONTEXT() REPRESENTATION_CONTEXT('2D SPACE',''
  ) );
#870 = PCURVE('',#838,#871);
#871 = DEFINITIONAL_REPRESENTATION('',(#872),#876);
#872 = LINE('',#873,#874);
#873 = CARTESIAN_POINT('',(6.28318530718,0.));
#874 = VECTOR('',#875,1.);
#875 = DIRECTION('',(0.,1.));
#876 = ( GEOMETRIC_REPRESENTATION_CONTEXT(2) 
PARAMETRIC_REPRESENTATION_CONTEXT() REPRESENTATION_CONTEXT('2D SPACE',''
  ) );
#877 = ORIENTED_EDGE('',*,*,#878,.F.);
#878 = EDGE_CURVE('',#856,#856,#879,.T.);
#879 = SURFACE_CURVE('',#880,(#885,#892),.PCURVE_S1.);
#880 = CIRCLE('',#881,45.205714305939);
#881 = AXIS2_PLACEMENT_3D('',#882,#883,#884);
#882 = CARTESIAN_POINT('',(11.107186029162,0.,0.));
#883 = DIRECTION('',(1.,0.,0.));
#884 = DIRECTION('',(-0.,1.,0.));
#885 = PCURVE('',#838,#886);
#886 = DEFINITIONAL_REPRESENTATION('',(#887),#891);
#887 = LINE('',#888,#889);
#888 = CARTESIAN_POINT('',(0.,1.720612920047));
#889 = VECTOR('',#890,1.);
#890 = DIRECTION('',(1.,0.));
#891 = ( GEOMETRIC_REPRESENTATION_CONTEXT(2) 
PARAMETRIC_REPRESENTATION_CONTEXT() REPRESENTATION_CONTEXT('2D SPACE',''
  ) );
#892 = PCURVE('',#893,#898);
#893 = CONICAL_SURFACE('',#894,45.205714305939,0.516624274803);
#894 = AXIS2_PLACEMENT_3D('',#895,#896,#897);
#895 = CARTESIAN_POINT('',(11.107186029162,0.,0.));
#896 = DIRECTION('',(1.,0.,0.));
#897 = DIRECTION('',(-0.,1.,0.));
#898 = DEFINITIONAL_REPRESENTATION('',(#899),#903);
#899 = LINE('',#900,#901);
#900 = CARTESIAN_POINT('',(0.,0.));
#901 = VECTOR('',#902,1.);
#902 = DIRECTION('',(1.,0.));
#903 = ( GEOMETRIC_REPRESENTATION_CONTEXT(2) 
PARAMETRIC_REPRESENTATION_CONTEXT() REPRESENTATION_CONTEXT('2D SPACE',''
  ) );
#904 = ORIENTED_EDGE('',*,*,#855,.F.);
#905 = ADVANCED_FACE('',(#906),#893,.F.);
#906 = FACE_BOUND('',#907,.F.);
#907 = EDGE_LOOP('',(#908,#909,#932,#959));
#908 = ORIENTED_EDGE('',*,*,#878,.T.);
#909 = ORIENTED_EDGE('',*,*,#910,.T.);
#910 = EDGE_CURVE('',#856,#911,#913,.T.);
#911 = VERTEX_POINT('',#912);
#912 = CARTESIAN_POINT('',(12.779517884338,46.155746100247,0.));
#913 = SEAM_CURVE('',#914,(#918,#925),.PCURVE_S1.);
#914 = LINE('',#915,#916);
#915 = CARTESIAN_POINT('',(11.107186029162,45.205714305939,0.));
#916 = VECTOR('',#917,1.);
#917 = DIRECTION('',(0.869491562672,0.493947793235,0.));
#918 = PCURVE('',#893,#919);
#919 = DEFINITIONAL_REPRESENTATION('',(#920),#924);
#920 = LINE('',#921,#922);
#921 = CARTESIAN_POINT('',(0.,0.));
#922 = VECTOR('',#923,1.);
#923 = DIRECTION('',(0.,1.));
#924 = ( GEOMETRIC_REPRESENTATION_CONTEXT(2) 
PARAMETRIC_REPRESENTATION_CONTEXT() REPRESENTATION_CONTEXT('2D SPACE',''
  ) );
#925 = PCURVE('',#893,#926);
#926 = DEFINITIONAL_REPRESENTATION('',(#927),#931);
#927 = LINE('',#928,#929);
#928 = CARTESIAN_POINT('',(6.28318530718,0.));
#929 = VECTOR('',#930,1.);
#930 = DIRECTION('',(0.,1.));
#931 = ( GEOMETRIC_REPRESENTATION_CONTEXT(2) 
PARAMETRIC_REPRESENTATION_CONTEXT() REPRESENTATION_CONTEXT('2D SPACE',''
  ) );
#932 = ORIENTED_EDGE('',*,*,#933,.F.);
#933 = EDGE_CURVE('',#911,#911,#934,.T.);
#934 = SURFACE_CURVE('',#935,(#940,#947),.PCURVE_S1.);
#935 = CIRCLE('',#936,46.155746100247);
#936 = AXIS2_PLACEMENT_3D('',#937,#938,#939);
#937 = CARTESIAN_POINT('',(12.779517884338,0.,0.));
#938 = DIRECTION('',(1.,0.,0.));
#939 = DIRECTION('',(-0.,1.,0.));
#940 = PCURVE('',#893,#941);
#941 = DEFINITIONAL_REPRESENTATION('',(#942),#946);
#942 = LINE('',#943,#944);
#943 = CARTESIAN_POINT('',(0.,1.672331855175));
#944 = VECTOR('',#945,1.);
#945 = DIRECTION('',(1.,0.));
#946 = ( GEOMETRIC_REPRESENTATION_CONTEXT(2) 
PARAMETRIC_REPRESENTATION_CONTEXT() REPRESENTATION_CONTEXT('2D SPACE',''
  ) );
#947 = PCURVE('',#948,#953);
#948 = CONICAL_SURFACE('',#949,46.155746100247,0.572636848643);
#949 = AXIS2_PLACEMENT_3D('',#950,#951,#952);
#950 = CARTESIAN_POINT('',(12.779517884338,0.,0.));
#951 = DIRECTION('',(1.,0.,0.));
#952 = DIRECTION('',(-0.,1.,0.));
#953 = DEFINITIONAL_REPRESENTATION('',(#954),#958);
#954 = LINE('',#955,#956);
#955 = CARTESIAN_POINT('',(0.,0.));
#956 = VECTOR('',#957,1.);
#957 = DIRECTION('',(1.,0.));
#958 = ( GEOMETRIC_REPRESENTATION_CONTEXT(2) 
PARAMETRIC_REPRESENTATION_CONTEXT() REPRESENTATION_CONTEXT('2D SPACE',''
  ) );
#959 = ORIENTED_EDGE('',*,*,#910,.F.);
#960 = ADVANCED_FACE('',(#961),#948,.F.);
#961 = FACE_BOUND('',#962,.F.);
#962 = EDGE_LOOP('',(#963,#964,#987,#1014));
#963 = ORIENTED_EDGE('',*,*,#933,.T.);
#964 = ORIENTED_EDGE('',*,*,#965,.T.);
#965 = EDGE_CURVE('',#911,#966,#968,.T.);
#966 = VERTEX_POINT('',#967);
#967 = CARTESIAN_POINT('',(14.405262747092,47.20385573649,0.));
#968 = SEAM_CURVE('',#969,(#973,#980),.PCURVE_S1.);
#969 = LINE('',#970,#971);
#970 = CARTESIAN_POINT('',(12.779517884338,46.155746100247,0.));
#971 = VECTOR('',#972,1.);
#972 = DIRECTION('',(0.840475121921,0.541850135584,0.));
#973 = PCURVE('',#948,#974);
#974 = DEFINITIONAL_REPRESENTATION('',(#975),#979);
#975 = LINE('',#976,#977);
#976 = CARTESIAN_POINT('',(0.,0.));
#977 = VECTOR('',#978,1.);
#978 = DIRECTION('',(0.,1.));
#979 = ( GEOMETRIC_REPRESENTATION_CONTEXT(2) 
PARAMETRIC_REPRESENTATION_CONTEXT() REPRESENTATION_CONTEXT('2D SPACE',''
  ) );
#980 = PCURVE('',#948,#981);
#981 = DEFINITIONAL_REPRESENTATION('',(#982),#986);
#982 = LINE('',#983,#984);
#983 = CARTESIAN_POINT('',(6.28318530718,0.));
#984 = VECTOR('',#985,1.);
#985 = DIRECTION('',(0.,1.));
#986 = ( GEOMETRIC_REPRESENTATION_CONTEXT(2) 
PARAMETRIC_REPRESENTATION_CONTEXT() REPRESENTATION_CONTEXT('2D SPACE',''
  ) );
#987 = ORIENTED_EDGE('',*,*,#988,.F.);
#988 = EDGE_CURVE('',#966,#966,#989,.T.);
#989 = SURFACE_CURVE('',#990,(#995,#1002),.PCURVE_S1.);
#990 = CIRCLE('',#991,47.20385573649);
#991 = AXIS2_PLACEMENT_3D('',#992,#993,#994);
#992 = CARTESIAN_POINT('',(14.405262747092,0.,0.));
#993 = DIRECTION('',(1.,0.,0.));
#994 = DIRECTION('',(-0.,1.,0.));
#995 = PCURVE('',#948,#996);
#996 = DEFINITIONAL_REPRESENTATION('',(#997),#1001);
#997 = LINE('',#998,#999);
#998 = CARTESIAN_POINT('',(0.,1.625744862755));
#999 = VECTOR('',#1000,1.);
#1000 = DIRECTION('',(1.,0.));
#1001 = ( GEOMETRIC_REPRESENTATION_CONTEXT(2) 
PARAMETRIC_REPRESENTATION_CONTEXT() REPRESENTATION_CONTEXT('2D SPACE',''
  ) );
#1002 = PCURVE('',#1003,#1008);
#1003 = CONICAL_SURFACE('',#1004,47.20385573649,0.621991460942);
#1004 = AXIS2_PLACEMENT_3D('',#1005,#1006,#1007);
#1005 = CARTESIAN_POINT('',(14.405262747092,0.,0.));
#1006 = DIRECTION('',(1.,0.,0.));
#1007 = DIRECTION('',(-0.,1.,0.));
#1008 = DEFINITIONAL_REPRESENTATION('',(#1009),#1013);
#1009 = LINE('',#1010,#1011);
#1010 = CARTESIAN_POINT('',(0.,0.));
#1011 = VECTOR('',#1012,1.);
#1012 = DIRECTION('',(1.,0.));
#1013 = ( GEOMETRIC_REPRESENTATION_CONTEXT(2) 
PARAMETRIC_REPRESENTATION_CONTEXT() REPRESENTATION_CONTEXT('2D SPACE',''
  ) );
#1014 = ORIENTED_EDGE('',*,*,#965,.F.);
#1015 = ADVANCED_FACE('',(#1016),#1003,.F.);
#1016 = FACE_BOUND('',#1017,.F.);
#1017 = EDGE_LOOP('',(#1018,#1019,#1042,#1069));
#1018 = ORIENTED_EDGE('',*,*,#988,.T.);
#1019 = ORIENTED_EDGE('',*,*,#1020,.T.);
#1020 = EDGE_CURVE('',#966,#1021,#1023,.T.);
#1021 = VERTEX_POINT('',#1022);
#1022 = CARTESIAN_POINT('',(15.986114689879,48.33719968775,0.));
#1023 = SEAM_CURVE('',#1024,(#1028,#1035),.PCURVE_S1.);
#1024 = LINE('',#1025,#1026);
#1025 = CARTESIAN_POINT('',(14.405262747092,47.20385573649,0.));
#1026 = VECTOR('',#1027,1.);
#1027 = DIRECTION('',(0.812719734713,0.582654814456,0.));
#1028 = PCURVE('',#1003,#1029);
#1029 = DEFINITIONAL_REPRESENTATION('',(#1030),#1034);
#1030 = LINE('',#1031,#1032);
#1031 = CARTESIAN_POINT('',(0.,0.));
#1032 = VECTOR('',#1033,1.);
#1033 = DIRECTION('',(0.,1.));
#1034 = ( GEOMETRIC_REPRESENTATION_CONTEXT(2) 
PARAMETRIC_REPRESENTATION_CONTEXT() REPRESENTATION_CONTEXT('2D SPACE',''
  ) );
#1035 = PCURVE('',#1003,#1036);
#1036 = DEFINITIONAL_REPRESENTATION('',(#1037),#1041);
#1037 = LINE('',#1038,#1039);
#1038 = CARTESIAN_POINT('',(6.28318530718,0.));
#1039 = VECTOR('',#1040,1.);
#1040 = DIRECTION('',(0.,1.));
#1041 = ( GEOMETRIC_REPRESENTATION_CONTEXT(2) 
PARAMETRIC_REPRESENTATION_CONTEXT() REPRESENTATION_CONTEXT('2D SPACE',''
  ) );
#1042 = ORIENTED_EDGE('',*,*,#1043,.F.);
#1043 = EDGE_CURVE('',#1021,#1021,#1044,.T.);
#1044 = SURFACE_CURVE('',#1045,(#1050,#1057),.PCURVE_S1.);
#1045 = CIRCLE('',#1046,48.33719968775);
#1046 = AXIS2_PLACEMENT_3D('',#1047,#1048,#1049);
#1047 = CARTESIAN_POINT('',(15.986114689879,0.,0.));
#1048 = DIRECTION('',(1.,0.,0.));
#1049 = DIRECTION('',(-0.,1.,0.));
#1050 = PCURVE('',#1003,#1051);
#1051 = DEFINITIONAL_REPRESENTATION('',(#1052),#1056);
#1052 = LINE('',#1053,#1054);
#1053 = CARTESIAN_POINT('',(0.,1.580851942787));
#1054 = VECTOR('',#1055,1.);
#1055 = DIRECTION('',(1.,0.));
#1056 = ( GEOMETRIC_REPRESENTATION_CONTEXT(2) 
PARAMETRIC_REPRESENTATION_CONTEXT() REPRESENTATION_CONTEXT('2D SPACE',''
  ) );
#1057 = PCURVE('',#1058,#1063);
#1058 = CONICAL_SURFACE('',#1059,48.33719968775,0.664994892263);
#1059 = AXIS2_PLACEMENT_3D('',#1060,#1061,#1062);
#1060 = CARTESIAN_POINT('',(15.986114689879,0.,0.));
#1061 = DIRECTION('',(1.,0.,0.));
#1062 = DIRECTION('',(-0.,1.,0.));
#1063 = DEFINITIONAL_REPRESENTATION('',(#1064),#1068);
#1064 = LINE('',#1065,#1066);
#1065 = CARTESIAN_POINT('',(0.,0.));
#1066 = VECTOR('',#1067,1.);
#1067 = DIRECTION('',(1.,0.));
#1068 = ( GEOMETRIC_REPRESENTATION_CONTEXT(2) 
PARAMETRIC_REPRESENTATION_CONTEXT() REPRESENTATION_CONTEXT('2D SPACE',''
  ) );
#1069 = ORIENTED_EDGE('',*,*,#1020,.F.);
#1070 = ADVANCED_FACE('',(#1071),#1058,.F.);
#1071 = FACE_BOUND('',#1072,.F.);
#1072 = EDGE_LOOP('',(#1073,#1074,#1097,#1124));
#1073 = ORIENTED_EDGE('',*,*,#1043,.T.);
#1074 = ORIENTED_EDGE('',*,*,#1075,.T.);
#1075 = EDGE_CURVE('',#1021,#1076,#1078,.T.);
#1076 = VERTEX_POINT('',#1077);
#1077 = CARTESIAN_POINT('',(17.523767785149,49.542934427105,0.));
#1078 = SEAM_CURVE('',#1079,(#1083,#1090),.PCURVE_S1.);
#1079 = LINE('',#1080,#1081);
#1080 = CARTESIAN_POINT('',(15.986114689879,48.33719968775,0.));
#1081 = VECTOR('',#1082,1.);
#1082 = DIRECTION('',(0.786919936894,0.617055113356,0.));
#1083 = PCURVE('',#1058,#1084);
#1084 = DEFINITIONAL_REPRESENTATION('',(#1085),#1089);
#1085 = LINE('',#1086,#1087);
#1086 = CARTESIAN_POINT('',(0.,0.));
#1087 = VECTOR('',#1088,1.);
#1088 = DIRECTION('',(0.,1.));
#1089 = ( GEOMETRIC_REPRESENTATION_CONTEXT(2) 
PARAMETRIC_REPRESENTATION_CONTEXT() REPRESENTATION_CONTEXT('2D SPACE',''
  ) );
#1090 = PCURVE('',#1058,#1091);
#1091 = DEFINITIONAL_REPRESENTATION('',(#1092),#1096);
#1092 = LINE('',#1093,#1094);
#1093 = CARTESIAN_POINT('',(6.28318530718,0.));
#1094 = VECTOR('',#1095,1.);
#1095 = DIRECTION('',(0.,1.));
#1096 = ( GEOMETRIC_REPRESENTATION_CONTEXT(2) 
PARAMETRIC_REPRESENTATION_CONTEXT() REPRESENTATION_CONTEXT('2D SPACE',''
  ) );
#1097 = ORIENTED_EDGE('',*,*,#1098,.F.);
#1098 = EDGE_CURVE('',#1076,#1076,#1099,.T.);
#1099 = SURFACE_CURVE('',#1100,(#1105,#1112),.PCURVE_S1.);
#1100 = CIRCLE('',#1101,49.542934427105);
#1101 = AXIS2_PLACEMENT_3D('',#1102,#1103,#1104);
#1102 = CARTESIAN_POINT('',(17.523767785149,0.,0.));
#1103 = DIRECTION('',(1.,0.,0.));
#1104 = DIRECTION('',(-0.,1.,0.));
#1105 = PCURVE('',#1058,#1106);
#1106 = DEFINITIONAL_REPRESENTATION('',(#1107),#1111);
#1107 = LINE('',#1108,#1109);
#1108 = CARTESIAN_POINT('',(0.,1.53765309527));
#1109 = VECTOR('',#1110,1.);
#1110 = DIRECTION('',(1.,0.));
#1111 = ( GEOMETRIC_REPRESENTATION_CONTEXT(2) 
PARAMETRIC_REPRESENTATION_CONTEXT() REPRESENTATION_CONTEXT('2D SPACE',''
  ) );
#1112 = PCURVE('',#1113,#1118);
#1113 = CONICAL_SURFACE('',#1114,49.542934427105,0.701988245731);
#1114 = AXIS2_PLACEMENT_3D('',#1115,#1116,#1117);
#1115 = CARTESIAN_POINT('',(17.523767785149,0.,0.));
#1116 = DIRECTION('',(1.,0.,0.));
#1117 = DIRECTION('',(-0.,1.,0.));
#1118 = DEFINITIONAL_REPRESENTATION('',(#1119),#1123);
#1119 = LINE('',#1120,#1121);
#1120 = CARTESIAN_POINT('',(0.,0.));
#1121 = VECTOR('',#1122,1.);
#1122 = DIRECTION('',(1.,0.));
#1123 = ( GEOMETRIC_REPRESENTATION_CONTEXT(2) 
PARAMETRIC_REPRESENTATION_CONTEXT() REPRESENTATION_CONTEXT('2D SPACE',''
  ) );
#1124 = ORIENTED_EDGE('',*,*,#1075,.F.);
#1125 = ADVANCED_FACE('',(#1126),#1113,.F.);
#1126 = FACE_BOUND('',#1127,.F.);
#1127 = EDGE_LOOP('',(#1128,#1129,#1152,#1179));
#1128 = ORIENTED_EDGE('',*,*,#1098,.T.);
#1129 = ORIENTED_EDGE('',*,*,#1130,.T.);
#1130 = EDGE_CURVE('',#1076,#1131,#1133,.T.);
#1131 = VERTEX_POINT('',#1132);
#1132 = CARTESIAN_POINT('',(19.019916105354,50.808216427636,0.));
#1133 = SEAM_CURVE('',#1134,(#1138,#1145),.PCURVE_S1.);
#1134 = LINE('',#1135,#1136);
#1135 = CARTESIAN_POINT('',(17.523767785149,49.542934427105,0.));
#1136 = VECTOR('',#1137,1.);
#1137 = DIRECTION('',(0.763559813305,0.645737107115,0.));
#1138 = PCURVE('',#1113,#1139);
#1139 = DEFINITIONAL_REPRESENTATION('',(#1140),#1144);
#1140 = LINE('',#1141,#1142);
#1141 = CARTESIAN_POINT('',(0.,0.));
#1142 = VECTOR('',#1143,1.);
#1143 = DIRECTION('',(0.,1.));
#1144 = ( GEOMETRIC_REPRESENTATION_CONTEXT(2) 
PARAMETRIC_REPRESENTATION_CONTEXT() REPRESENTATION_CONTEXT('2D SPACE',''
  ) );
#1145 = PCURVE('',#1113,#1146);
#1146 = DEFINITIONAL_REPRESENTATION('',(#1147),#1151);
#1147 = LINE('',#1148,#1149);
#1148 = CARTESIAN_POINT('',(6.28318530718,0.));
#1149 = VECTOR('',#1150,1.);
#1150 = DIRECTION('',(0.,1.));
#1151 = ( GEOMETRIC_REPRESENTATION_CONTEXT(2) 
PARAMETRIC_REPRESENTATION_CONTEXT() REPRESENTATION_CONTEXT('2D SPACE',''
  ) );
#1152 = ORIENTED_EDGE('',*,*,#1153,.F.);
#1153 = EDGE_CURVE('',#1131,#1131,#1154,.T.);
#1154 = SURFACE_CURVE('',#1155,(#1160,#1167),.PCURVE_S1.);
#1155 = CIRCLE('',#1156,50.808216427636);
#1156 = AXIS2_PLACEMENT_3D('',#1157,#1158,#1159);
#1157 = CARTESIAN_POINT('',(19.019916105354,0.,0.));
#1158 = DIRECTION('',(1.,0.,0.));
#1159 = DIRECTION('',(-0.,1.,0.));
#1160 = PCURVE('',#1113,#1161);
#1161 = DEFINITIONAL_REPRESENTATION('',(#1162),#1166);
#1162 = LINE('',#1163,#1164);
#1163 = CARTESIAN_POINT('',(0.,1.496148320205));
#1164 = VECTOR('',#1165,1.);
#1165 = DIRECTION('',(1.,0.));
#1166 = ( GEOMETRIC_REPRESENTATION_CONTEXT(2) 
PARAMETRIC_REPRESENTATION_CONTEXT() REPRESENTATION_CONTEXT('2D SPACE',''
  ) );
#1167 = PCURVE('',#1168,#1173);
#1168 = CONICAL_SURFACE('',#1169,50.808216427636,0.733301191358);
#1169 = AXIS2_PLACEMENT_3D('',#1170,#1171,#1172);
#1170 = CARTESIAN_POINT('',(19.019916105354,0.,0.));
#1171 = DIRECTION('',(1.,0.,0.));
#1172 = DIRECTION('',(-0.,1.,0.));
#1173 = DEFINITIONAL_REPRESENTATION('',(#1174),#1178);
#1174 = LINE('',#1175,#1176);
#1175 = CARTESIAN_POINT('',(0.,0.));
#1176 = VECTOR('',#1177,1.);
#1177 = DIRECTION('',(1.,0.));
#1178 = ( GEOMETRIC_REPRESENTATION_CONTEXT(2) 
PARAMETRIC_REPRESENTATION_CONTEXT() REPRESENTATION_CONTEXT('2D SPACE',''
  ) );
#1179 = ORIENTED_EDGE('',*,*,#1130,.F.);
#1180 = ADVANCED_FACE('',(#1181),#1168,.F.);
#1181 = FACE_BOUND('',#1182,.F.);
#1182 = EDGE_LOOP('',(#1183,#1184,#1207,#1234));
#1183 = ORIENTED_EDGE('',*,*,#1153,.T.);
#1184 = ORIENTED_EDGE('',*,*,#1185,.T.);
#1185 = EDGE_CURVE('',#1131,#1186,#1188,.T.);
#1186 = VERTEX_POINT('',#1187);
#1187 = CARTESIAN_POINT('',(20.476253722945,52.120202162422,0.));
#1188 = SEAM_CURVE('',#1189,(#1193,#1200),.PCURVE_S1.);
#1189 = LINE('',#1190,#1191);
#1190 = CARTESIAN_POINT('',(19.019916105354,50.808216427636,0.));
#1191 = VECTOR('',#1192,1.);
#1192 = DIRECTION('',(0.742968881667,0.669325960108,0.));
#1193 = PCURVE('',#1168,#1194);
#1194 = DEFINITIONAL_REPRESENTATION('',(#1195),#1199);
#1195 = LINE('',#1196,#1197);
#1196 = CARTESIAN_POINT('',(0.,0.));
#1197 = VECTOR('',#1198,1.);
#1198 = DIRECTION('',(0.,1.));
#1199 = ( GEOMETRIC_REPRESENTATION_CONTEXT(2) 
PARAMETRIC_REPRESENTATION_CONTEXT() REPRESENTATION_CONTEXT('2D SPACE',''
  ) );
#1200 = PCURVE('',#1168,#1201);
#1201 = DEFINITIONAL_REPRESENTATION('',(#1202),#1206);
#1202 = LINE('',#1203,#1204);
#1203 = CARTESIAN_POINT('',(6.28318530718,0.));
#1204 = VECTOR('',#1205,1.);
#1205 = DIRECTION('',(0.,1.));
#1206 = ( GEOMETRIC_REPRESENTATION_CONTEXT(2) 
PARAMETRIC_REPRESENTATION_CONTEXT() REPRESENTATION_CONTEXT('2D SPACE',''
  ) );
#1207 = ORIENTED_EDGE('',*,*,#1208,.F.);
#1208 = EDGE_CURVE('',#1186,#1186,#1209,.T.);
#1209 = SURFACE_CURVE('',#1210,(#1215,#1222),.PCURVE_S1.);
#1210 = CIRCLE('',#1211,52.120202162422);
#1211 = AXIS2_PLACEMENT_3D('',#1212,#1213,#1214);
#1212 = CARTESIAN_POINT('',(20.476253722945,0.,0.));
#1213 = DIRECTION('',(1.,0.,0.));
#1214 = DIRECTION('',(-0.,1.,0.));
#1215 = PCURVE('',#1168,#1216);
#1216 = DEFINITIONAL_REPRESENTATION('',(#1217),#1221);
#1217 = LINE('',#1218,#1219);
#1218 = CARTESIAN_POINT('',(0.,1.456337617591));
#1219 = VECTOR('',#1220,1.);
#1220 = DIRECTION('',(1.,0.));
#1221 = ( GEOMETRIC_REPRESENTATION_CONTEXT(2) 
PARAMETRIC_REPRESENTATION_CONTEXT() REPRESENTATION_CONTEXT('2D SPACE',''
  ) );
#1222 = PCURVE('',#1223,#1228);
#1223 = CONICAL_SURFACE('',#1224,52.120202162422,0.759219885711);
#1224 = AXIS2_PLACEMENT_3D('',#1225,#1226,#1227);
#1225 = CARTESIAN_POINT('',(20.476253722945,0.,0.));
#1226 = DIRECTION('',(1.,0.,0.));
#1227 = DIRECTION('',(-0.,1.,0.));
#1228 = DEFINITIONAL_REPRESENTATION('',(#1229),#1233);
#1229 = LINE('',#1230,#1231);
#1230 = CARTESIAN_POINT('',(0.,0.));
#1231 = VECTOR('',#1232,1.);
#1232 = DIRECTION('',(1.,0.));
#1233 = ( GEOMETRIC_REPRESENTATION_CONTEXT(2) 
PARAMETRIC_REPRESENTATION_CONTEXT() REPRESENTATION_CONTEXT('2D SPACE',''
  ) );
#1234 = ORIENTED_EDGE('',*,*,#1185,.F.);
#1235 = ADVANCED_FACE('',(#1236),#1223,.F.);
#1236 = FACE_BOUND('',#1237,.F.);
#1237 = EDGE_LOOP('',(#1238,#1239,#1262,#1289));
#1238 = ORIENTED_EDGE('',*,*,#1208,.T.);
#1239 = ORIENTED_EDGE('',*,*,#1240,.T.);
#1240 = EDGE_CURVE('',#1186,#1241,#1243,.T.);
#1241 = VERTEX_POINT('',#1242);
#1242 = CARTESIAN_POINT('',(21.894474710374,53.466048104543,0.));
#1243 = SEAM_CURVE('',#1244,(#1248,#1255),.PCURVE_S1.);
#1244 = LINE('',#1245,#1246);
#1245 = CARTESIAN_POINT('',(20.476253722945,52.120202162422,0.));
#1246 = VECTOR('',#1247,1.);
#1247 = DIRECTION('',(0.72537322759,0.688355780607,0.));
#1248 = PCURVE('',#1223,#1249);
#1249 = DEFINITIONAL_REPRESENTATION('',(#1250),#1254);
#1250 = LINE('',#1251,#1252);
#1251 = CARTESIAN_POINT('',(0.,0.));
#1252 = VECTOR('',#1253,1.);
#1253 = DIRECTION('',(0.,1.));
#1254 = ( GEOMETRIC_REPRESENTATION_CONTEXT(2) 
PARAMETRIC_REPRESENTATION_CONTEXT() REPRESENTATION_CONTEXT('2D SPACE',''
  ) );
#1255 = PCURVE('',#1223,#1256);
#1256 = DEFINITIONAL_REPRESENTATION('',(#1257),#1261);
#1257 = LINE('',#1258,#1259);
#1258 = CARTESIAN_POINT('',(6.28318530718,0.));
#1259 = VECTOR('',#1260,1.);
#1260 = DIRECTION('',(0.,1.));
#1261 = ( GEOMETRIC_REPRESENTATION_CONTEXT(2) 
PARAMETRIC_REPRESENTATION_CONTEXT() REPRESENTATION_CONTEXT('2D SPACE',''
  ) );
#1262 = ORIENTED_EDGE('',*,*,#1263,.F.);
#1263 = EDGE_CURVE('',#1241,#1241,#1264,.T.);
#1264 = SURFACE_CURVE('',#1265,(#1270,#1277),.PCURVE_S1.);
#1265 = CIRCLE('',#1266,53.466048104543);
#1266 = AXIS2_PLACEMENT_3D('',#1267,#1268,#1269);
#1267 = CARTESIAN_POINT('',(21.894474710374,0.,0.));
#1268 = DIRECTION('',(1.,0.,0.));
#1269 = DIRECTION('',(-0.,1.,0.));
#1270 = PCURVE('',#1223,#1271);
#1271 = DEFINITIONAL_REPRESENTATION('',(#1272),#1276);
#1272 = LINE('',#1273,#1274);
#1273 = CARTESIAN_POINT('',(0.,1.418220987429));
#1274 = VECTOR('',#1275,1.);
#1275 = DIRECTION('',(1.,0.));
#1276 = ( GEOMETRIC_REPRESENTATION_CONTEXT(2) 
PARAMETRIC_REPRESENTATION_CONTEXT() REPRESENTATION_CONTEXT('2D SPACE',''
  ) );
#1277 = PCURVE('',#1278,#1283);
#1278 = CONICAL_SURFACE('',#1279,53.466048104543,0.779964368579);
#1279 = AXIS2_PLACEMENT_3D('',#1280,#1281,#1282);
#1280 = CARTESIAN_POINT('',(21.894474710374,0.,0.));
#1281 = DIRECTION('',(1.,0.,0.));
#1282 = DIRECTION('',(-0.,1.,0.));
#1283 = DEFINITIONAL_REPRESENTATION('',(#1284),#1288);
#1284 = LINE('',#1285,#1286);
#1285 = CARTESIAN_POINT('',(0.,0.));
#1286 = VECTOR('',#1287,1.);
#1287 = DIRECTION('',(1.,0.));
#1288 = ( GEOMETRIC_REPRESENTATION_CONTEXT(2) 
PARAMETRIC_REPRESENTATION_CONTEXT() REPRESENTATION_CONTEXT('2D SPACE',''
  ) );
#1289 = ORIENTED_EDGE('',*,*,#1240,.F.);
#1290 = ADVANCED_FACE('',(#1291),#1278,.F.);
#1291 = FACE_BOUND('',#1292,.F.);
#1292 = EDGE_LOOP('',(#1293,#1294,#1317,#1344));
#1293 = ORIENTED_EDGE('',*,*,#1263,.T.);
#1294 = ORIENTED_EDGE('',*,*,#1295,.T.);
#1295 = EDGE_CURVE('',#1241,#1296,#1298,.T.);
#1296 = VERTEX_POINT('',#1297);
#1297 = CARTESIAN_POINT('',(23.276273140093,54.832910727078,0.));
#1298 = SEAM_CURVE('',#1299,(#1303,#1310),.PCURVE_S1.);
#1299 = LINE('',#1300,#1301);
#1300 = CARTESIAN_POINT('',(21.894474710374,53.466048104543,0.));
#1301 = VECTOR('',#1302,1.);
#1302 = DIRECTION('',(0.710938596406,0.703254087894,0.));
#1303 = PCURVE('',#1278,#1304);
#1304 = DEFINITIONAL_REPRESENTATION('',(#1305),#1309);
#1305 = LINE('',#1306,#1307);
#1306 = CARTESIAN_POINT('',(0.,0.));
#1307 = VECTOR('',#1308,1.);
#1308 = DIRECTION('',(0.,1.));
#1309 = ( GEOMETRIC_REPRESENTATION_CONTEXT(2) 
PARAMETRIC_REPRESENTATION_CONTEXT() REPRESENTATION_CONTEXT('2D SPACE',''
  ) );
#1310 = PCURVE('',#1278,#1311);
#1311 = DEFINITIONAL_REPRESENTATION('',(#1312),#1316);
#1312 = LINE('',#1313,#1314);
#1313 = CARTESIAN_POINT('',(6.28318530718,0.));
#1314 = VECTOR('',#1315,1.);
#1315 = DIRECTION('',(0.,1.));
#1316 = ( GEOMETRIC_REPRESENTATION_CONTEXT(2) 
PARAMETRIC_REPRESENTATION_CONTEXT() REPRESENTATION_CONTEXT('2D SPACE',''
  ) );
#1317 = ORIENTED_EDGE('',*,*,#1318,.F.);
#1318 = EDGE_CURVE('',#1296,#1296,#1319,.T.);
#1319 = SURFACE_CURVE('',#1320,(#1325,#1332),.PCURVE_S1.);
#1320 = CIRCLE('',#1321,54.832910727078);
#1321 = AXIS2_PLACEMENT_3D('',#1322,#1323,#1324);
#1322 = CARTESIAN_POINT('',(23.276273140093,0.,0.));
#1323 = DIRECTION('',(1.,0.,0.));
#1324 = DIRECTION('',(-0.,1.,0.));
#1325 = PCURVE('',#1278,#1326);
#1326 = DEFINITIONAL_REPRESENTATION('',(#1327),#1331);
#1327 = LINE('',#1328,#1329);
#1328 = CARTESIAN_POINT('',(0.,1.381798429719));
#1329 = VECTOR('',#1330,1.);
#1330 = DIRECTION('',(1.,0.));
#1331 = ( GEOMETRIC_REPRESENTATION_CONTEXT(2) 
PARAMETRIC_REPRESENTATION_CONTEXT() REPRESENTATION_CONTEXT('2D SPACE',''
  ) );
#1332 = PCURVE('',#1333,#1338);
#1333 = CONICAL_SURFACE('',#1334,54.832910727078,0.795671404264);
#1334 = AXIS2_PLACEMENT_3D('',#1335,#1336,#1337);
#1335 = CARTESIAN_POINT('',(23.276273140093,0.,0.));
#1336 = DIRECTION('',(1.,0.,0.));
#1337 = DIRECTION('',(-0.,1.,0.));
#1338 = DEFINITIONAL_REPRESENTATION('',(#1339),#1343);
#1339 = LINE('',#1340,#1341);
#1340 = CARTESIAN_POINT('',(0.,0.));
#1341 = VECTOR('',#1342,1.);
#1342 = DIRECTION('',(1.,0.));
#1343 = ( GEOMETRIC_REPRESENTATION_CONTEXT(2) 
PARAMETRIC_REPRESENTATION_CONTEXT() REPRESENTATION_CONTEXT('2D SPACE',''
  ) );
#1344 = ORIENTED_EDGE('',*,*,#1295,.F.);
#1345 = ADVANCED_FACE('',(#1346),#1333,.F.);
#1346 = FACE_BOUND('',#1347,.F.);
#1347 = EDGE_LOOP('',(#1348,#1349,#1372,#1399));
#1348 = ORIENTED_EDGE('',*,*,#1318,.T.);
#1349 = ORIENTED_EDGE('',*,*,#1350,.T.);
#1350 = EDGE_CURVE('',#1296,#1351,#1353,.T.);
#1351 = VERTEX_POINT('',#1352);
#1352 = CARTESIAN_POINT('',(24.623343084554,56.207946503109,0.));
#1353 = SEAM_CURVE('',#1354,(#1358,#1365),.PCURVE_S1.);
#1354 = LINE('',#1355,#1356);
#1355 = CARTESIAN_POINT('',(23.276273140093,54.832910727078,0.));
#1356 = VECTOR('',#1357,1.);
#1357 = DIRECTION('',(0.699805317171,0.714333618178,0.));
#1358 = PCURVE('',#1333,#1359);
#1359 = DEFINITIONAL_REPRESENTATION('',(#1360),#1364);
#1360 = LINE('',#1361,#1362);
#1361 = CARTESIAN_POINT('',(0.,0.));
#1362 = VECTOR('',#1363,1.);
#1363 = DIRECTION('',(0.,1.));
#1364 = ( GEOMETRIC_REPRESENTATION_CONTEXT(2) 
PARAMETRIC_REPRESENTATION_CONTEXT() REPRESENTATION_CONTEXT('2D SPACE',''
  ) );
#1365 = PCURVE('',#1333,#1366);
#1366 = DEFINITIONAL_REPRESENTATION('',(#1367),#1371);
#1367 = LINE('',#1368,#1369);
#1368 = CARTESIAN_POINT('',(6.28318530718,0.));
#1369 = VECTOR('',#1370,1.);
#1370 = DIRECTION('',(0.,1.));
#1371 = ( GEOMETRIC_REPRESENTATION_CONTEXT(2) 
PARAMETRIC_REPRESENTATION_CONTEXT() REPRESENTATION_CONTEXT('2D SPACE',''
  ) );
#1372 = ORIENTED_EDGE('',*,*,#1373,.F.);
#1373 = EDGE_CURVE('',#1351,#1351,#1374,.T.);
#1374 = SURFACE_CURVE('',#1375,(#1380,#1387),.PCURVE_S1.);
#1375 = CIRCLE('',#1376,56.207946503109);
#1376 = AXIS2_PLACEMENT_3D('',#1377,#1378,#1379);
#1377 = CARTESIAN_POINT('',(24.623343084554,0.,0.));
#1378 = DIRECTION('',(1.,0.,0.));
#1379 = DIRECTION('',(-0.,1.,0.));
#1380 = PCURVE('',#1333,#1381);
#1381 = DEFINITIONAL_REPRESENTATION('',(#1382),#1386);
#1382 = LINE('',#1383,#1384);
#1383 = CARTESIAN_POINT('',(0.,1.347069944461));
#1384 = VECTOR('',#1385,1.);
#1385 = DIRECTION('',(1.,0.));
#1386 = ( GEOMETRIC_REPRESENTATION_CONTEXT(2) 
PARAMETRIC_REPRESENTATION_CONTEXT() REPRESENTATION_CONTEXT('2D SPACE',''
  ) );
#1387 = PCURVE('',#1388,#1393);
#1388 = CONICAL_SURFACE('',#1389,56.207946503109,0.806379233855);
#1389 = AXIS2_PLACEMENT_3D('',#1390,#1391,#1392);
#1390 = CARTESIAN_POINT('',(24.623343084554,0.,0.));
#1391 = DIRECTION('',(1.,0.,0.));
#1392 = DIRECTION('',(-0.,1.,0.));
#1393 = DEFINITIONAL_REPRESENTATION('',(#1394),#1398);
#1394 = LINE('',#1395,#1396);
#1395 = CARTESIAN_POINT('',(0.,0.));
#1396 = VECTOR('',#1397,1.);
#1397 = DIRECTION('',(1.,0.));
#1398 = ( GEOMETRIC_REPRESENTATION_CONTEXT(2) 
PARAMETRIC_REPRESENTATION_CONTEXT() REPRESENTATION_CONTEXT('2D SPACE',''
  ) );
#1399 = ORIENTED_EDGE('',*,*,#1350,.F.);
#1400 = ADVANCED_FACE('',(#1401),#1388,.F.);
#1401 = FACE_BOUND('',#1402,.F.);
#1402 = EDGE_LOOP('',(#1403,#1404,#1427,#1454));
#1403 = ORIENTED_EDGE('',*,*,#1373,.T.);
#1404 = ORIENTED_EDGE('',*,*,#1405,.T.);
#1405 = EDGE_CURVE('',#1351,#1406,#1408,.T.);
#1406 = VERTEX_POINT('',#1407);
#1407 = CARTESIAN_POINT('',(25.937378616207,57.578311905713,0.));
#1408 = SEAM_CURVE('',#1409,(#1413,#1420),.PCURVE_S1.);
#1409 = LINE('',#1410,#1411);
#1410 = CARTESIAN_POINT('',(24.623343084554,56.207946503109,0.));
#1411 = VECTOR('',#1412,1.);
#1412 = DIRECTION('',(0.692116382062,0.721785919564,0.));
#1413 = PCURVE('',#1388,#1414);
#1414 = DEFINITIONAL_REPRESENTATION('',(#1415),#1419);
#1415 = LINE('',#1416,#1417);
#1416 = CARTESIAN_POINT('',(0.,0.));
#1417 = VECTOR('',#1418,1.);
#1418 = DIRECTION('',(0.,1.));
#1419 = ( GEOMETRIC_REPRESENTATION_CONTEXT(2) 
PARAMETRIC_REPRESENTATION_CONTEXT() REPRESENTATION_CONTEXT('2D SPACE',''
  ) );
#1420 = PCURVE('',#1388,#1421);
#1421 = DEFINITIONAL_REPRESENTATION('',(#1422),#1426);
#1422 = LINE('',#1423,#1424);
#1423 = CARTESIAN_POINT('',(6.28318530718,0.));
#1424 = VECTOR('',#1425,1.);
#1425 = DIRECTION('',(0.,1.));
#1426 = ( GEOMETRIC_REPRESENTATION_CONTEXT(2) 
PARAMETRIC_REPRESENTATION_CONTEXT() REPRESENTATION_CONTEXT('2D SPACE',''
  ) );
#1427 = ORIENTED_EDGE('',*,*,#1428,.F.);
#1428 = EDGE_CURVE('',#1406,#1406,#1429,.T.);
#1429 = SURFACE_CURVE('',#1430,(#1435,#1442),.PCURVE_S1.);
#1430 = CIRCLE('',#1431,57.578311905713);
#1431 = AXIS2_PLACEMENT_3D('',#1432,#1433,#1434);
#1432 = CARTESIAN_POINT('',(25.937378616207,0.,0.));
#1433 = DIRECTION('',(1.,0.,0.));
#1434 = DIRECTION('',(-0.,1.,0.));
#1435 = PCURVE('',#1388,#1436);
#1436 = DEFINITIONAL_REPRESENTATION('',(#1437),#1441);
#1437 = LINE('',#1438,#1439);
#1438 = CARTESIAN_POINT('',(0.,1.314035531654));
#1439 = VECTOR('',#1440,1.);
#1440 = DIRECTION('',(1.,0.));
#1441 = ( GEOMETRIC_REPRESENTATION_CONTEXT(2) 
PARAMETRIC_REPRESENTATION_CONTEXT() REPRESENTATION_CONTEXT('2D SPACE',''
  ) );
#1442 = PCURVE('',#1443,#1448);
#1443 = CONICAL_SURFACE('',#1444,57.578311905713,0.812011141874);
#1444 = AXIS2_PLACEMENT_3D('',#1445,#1446,#1447);
#1445 = CARTESIAN_POINT('',(25.937378616207,0.,0.));
#1446 = DIRECTION('',(1.,0.,0.));
#1447 = DIRECTION('',(-0.,1.,0.));
#1448 = DEFINITIONAL_REPRESENTATION('',(#1449),#1453);
#1449 = LINE('',#1450,#1451);
#1450 = CARTESIAN_POINT('',(0.,0.));
#1451 = VECTOR('',#1452,1.);
#1452 = DIRECTION('',(1.,0.));
#1453 = ( GEOMETRIC_REPRESENTATION_CONTEXT(2) 
PARAMETRIC_REPRESENTATION_CONTEXT() REPRESENTATION_CONTEXT('2D SPACE',''
  ) );
#1454 = ORIENTED_EDGE('',*,*,#1405,.F.);
#1455 = ADVANCED_FACE('',(#1456),#1443,.F.);
#1456 = FACE_BOUND('',#1457,.F.);
#1457 = EDGE_LOOP('',(#1458,#1459,#1482,#1509));
#1458 = ORIENTED_EDGE('',*,*,#1428,.T.);
#1459 = ORIENTED_EDGE('',*,*,#1460,.T.);
#1460 = EDGE_CURVE('',#1406,#1461,#1463,.T.);
#1461 = VERTEX_POINT('',#1462);
#1462 = CARTESIAN_POINT('',(27.220073807506,58.931163407972,0.));
#1463 = SEAM_CURVE('',#1464,(#1468,#1475),.PCURVE_S1.);
#1464 = LINE('',#1465,#1466);
#1465 = CARTESIAN_POINT('',(25.937378616207,57.578311905713,0.));
#1466 = VECTOR('',#1467,1.);
#1467 = DIRECTION('',(0.688040395265,0.725672387847,0.));
#1468 = PCURVE('',#1443,#1469);
#1469 = DEFINITIONAL_REPRESENTATION('',(#1470),#1474);
#1470 = LINE('',#1471,#1472);
#1471 = CARTESIAN_POINT('',(0.,0.));
#1472 = VECTOR('',#1473,1.);
#1473 = DIRECTION('',(0.,1.));
#1474 = ( GEOMETRIC_REPRESENTATION_CONTEXT(2) 
PARAMETRIC_REPRESENTATION_CONTEXT() REPRESENTATION_CONTEXT('2D SPACE',''
  ) );
#1475 = PCURVE('',#1443,#1476);
#1476 = DEFINITIONAL_REPRESENTATION('',(#1477),#1481);
#1477 = LINE('',#1478,#1479);
#1478 = CARTESIAN_POINT('',(6.28318530718,0.));
#1479 = VECTOR('',#1480,1.);
#1480 = DIRECTION('',(0.,1.));
#1481 = ( GEOMETRIC_REPRESENTATION_CONTEXT(2) 
PARAMETRIC_REPRESENTATION_CONTEXT() REPRESENTATION_CONTEXT('2D SPACE',''
  ) );
#1482 = ORIENTED_EDGE('',*,*,#1483,.F.);
#1483 = EDGE_CURVE('',#1461,#1461,#1484,.T.);
#1484 = SURFACE_CURVE('',#1485,(#1490,#1497),.PCURVE_S1.);
#1485 = CIRCLE('',#1486,58.931163407972);
#1486 = AXIS2_PLACEMENT_3D('',#1487,#1488,#1489);
#1487 = CARTESIAN_POINT('',(27.220073807506,0.,0.));
#1488 = DIRECTION('',(1.,0.,0.));
#1489 = DIRECTION('',(-0.,1.,0.));
#1490 = PCURVE('',#1443,#1491);
#1491 = DEFINITIONAL_REPRESENTATION('',(#1492),#1496);
#1492 = LINE('',#1493,#1494);
#1493 = CARTESIAN_POINT('',(0.,1.282695191298));
#1494 = VECTOR('',#1495,1.);
#1495 = DIRECTION('',(1.,0.));
#1496 = ( GEOMETRIC_REPRESENTATION_CONTEXT(2) 
PARAMETRIC_REPRESENTATION_CONTEXT() REPRESENTATION_CONTEXT('2D SPACE',''
  ) );
#1497 = PCURVE('',#1498,#1503);
#1498 = CONICAL_SURFACE('',#1499,58.931163407972,0.812354937035);
#1499 = AXIS2_PLACEMENT_3D('',#1500,#1501,#1502);
#1500 = CARTESIAN_POINT('',(27.220073807506,0.,0.));
#1501 = DIRECTION('',(1.,0.,0.));
#1502 = DIRECTION('',(-0.,1.,0.));
#1503 = DEFINITIONAL_REPRESENTATION('',(#1504),#1508);
#1504 = LINE('',#1505,#1506);
#1505 = CARTESIAN_POINT('',(0.,0.));
#1506 = VECTOR('',#1507,1.);
#1507 = DIRECTION('',(1.,0.));
#1508 = ( GEOMETRIC_REPRESENTATION_CONTEXT(2) 
PARAMETRIC_REPRESENTATION_CONTEXT() REPRESENTATION_CONTEXT('2D SPACE',''
  ) );
#1509 = ORIENTED_EDGE('',*,*,#1460,.F.);
#1510 = ADVANCED_FACE('',(#1511),#1498,.F.);
#1511 = FACE_BOUND('',#1512,.F.);
#1512 = EDGE_LOOP('',(#1513,#1514,#1537,#1564));
#1513 = ORIENTED_EDGE('',*,*,#1483,.T.);
#1514 = ORIENTED_EDGE('',*,*,#1515,.T.);
#1515 = EDGE_CURVE('',#1461,#1516,#1518,.T.);
#1516 = VERTEX_POINT('',#1517);
#1517 = CARTESIAN_POINT('',(28.4731227309,60.253657482966,0.));
#1518 = SEAM_CURVE('',#1519,(#1523,#1530),.PCURVE_S1.);
#1519 = LINE('',#1520,#1521);
#1520 = CARTESIAN_POINT('',(27.220073807506,58.931163407972,0.));
#1521 = VECTOR('',#1522,1.);
#1522 = DIRECTION('',(0.687790871953,0.725908889916,0.));
#1523 = PCURVE('',#1498,#1524);
#1524 = DEFINITIONAL_REPRESENTATION('',(#1525),#1529);
#1525 = LINE('',#1526,#1527);
#1526 = CARTESIAN_POINT('',(0.,0.));
#1527 = VECTOR('',#1528,1.);
#1528 = DIRECTION('',(0.,1.));
#1529 = ( GEOMETRIC_REPRESENTATION_CONTEXT(2) 
PARAMETRIC_REPRESENTATION_CONTEXT() REPRESENTATION_CONTEXT('2D SPACE',''
  ) );
#1530 = PCURVE('',#1498,#1531);
#1531 = DEFINITIONAL_REPRESENTATION('',(#1532),#1536);
#1532 = LINE('',#1533,#1534);
#1533 = CARTESIAN_POINT('',(6.28318530718,0.));
#1534 = VECTOR('',#1535,1.);
#1535 = DIRECTION('',(0.,1.));
#1536 = ( GEOMETRIC_REPRESENTATION_CONTEXT(2) 
PARAMETRIC_REPRESENTATION_CONTEXT() REPRESENTATION_CONTEXT('2D SPACE',''
  ) );
#1537 = ORIENTED_EDGE('',*,*,#1538,.F.);
#1538 = EDGE_CURVE('',#1516,#1516,#1539,.T.);
#1539 = SURFACE_CURVE('',#1540,(#1545,#1552),.PCURVE_S1.);
#1540 = CIRCLE('',#1541,60.253657482966);
#1541 = AXIS2_PLACEMENT_3D('',#1542,#1543,#1544);
#1542 = CARTESIAN_POINT('',(28.4731227309,0.,0.));
#1543 = DIRECTION('',(1.,0.,0.));
#1544 = DIRECTION('',(-0.,1.,0.));
#1545 = PCURVE('',#1498,#1546);
#1546 = DEFINITIONAL_REPRESENTATION('',(#1547),#1551);
#1547 = LINE('',#1548,#1549);
#1548 = CARTESIAN_POINT('',(0.,1.253048923395));
#1549 = VECTOR('',#1550,1.);
#1550 = DIRECTION('',(1.,0.));
#1551 = ( GEOMETRIC_REPRESENTATION_CONTEXT(2) 
PARAMETRIC_REPRESENTATION_CONTEXT() REPRESENTATION_CONTEXT('2D SPACE',''
  ) );
#1552 = PCURVE('',#1553,#1558);
#1553 = CONICAL_SURFACE('',#1554,60.253657482966,0.807035343792);
#1554 = AXIS2_PLACEMENT_3D('',#1555,#1556,#1557);
#1555 = CARTESIAN_POINT('',(28.4731227309,0.,0.));
#1556 = DIRECTION('',(1.,0.,0.));
#1557 = DIRECTION('',(-0.,1.,0.));
#1558 = DEFINITIONAL_REPRESENTATION('',(#1559),#1563);
#1559 = LINE('',#1560,#1561);
#1560 = CARTESIAN_POINT('',(0.,0.));
#1561 = VECTOR('',#1562,1.);
#1562 = DIRECTION('',(1.,0.));
#1563 = ( GEOMETRIC_REPRESENTATION_CONTEXT(2) 
PARAMETRIC_REPRESENTATION_CONTEXT() REPRESENTATION_CONTEXT('2D SPACE',''
  ) );
#1564 = ORIENTED_EDGE('',*,*,#1515,.F.);
#1565 = ADVANCED_FACE('',(#1566),#1553,.F.);
#1566 = FACE_BOUND('',#1567,.F.);
#1567 = EDGE_LOOP('',(#1568,#1569,#1592,#1619));
#1568 = ORIENTED_EDGE('',*,*,#1538,.T.);
#1569 = ORIENTED_EDGE('',*,*,#1570,.T.);
#1570 = EDGE_CURVE('',#1516,#1571,#1573,.T.);
#1571 = VERTEX_POINT('',#1572);
#1572 = CARTESIAN_POINT('',(29.698219458843,61.532950603773,0.));
#1573 = SEAM_CURVE('',#1574,(#1578,#1585),.PCURVE_S1.);
#1574 = LINE('',#1575,#1576);
#1575 = CARTESIAN_POINT('',(28.4731227309,60.253657482966,0.));
#1576 = VECTOR('',#1577,1.);
#1577 = DIRECTION('',(0.691642662211,0.72223986861,0.));
#1578 = PCURVE('',#1553,#1579);
#1579 = DEFINITIONAL_REPRESENTATION('',(#1580),#1584);
#1580 = LINE('',#1581,#1582);
#1581 = CARTESIAN_POINT('',(0.,0.));
#1582 = VECTOR('',#1583,1.);
#1583 = DIRECTION('',(0.,1.));
#1584 = ( GEOMETRIC_REPRESENTATION_CONTEXT(2) 
PARAMETRIC_REPRESENTATION_CONTEXT() REPRESENTATION_CONTEXT('2D SPACE',''
  ) );
#1585 = PCURVE('',#1553,#1586);
#1586 = DEFINITIONAL_REPRESENTATION('',(#1587),#1591);
#1587 = LINE('',#1588,#1589);
#1588 = CARTESIAN_POINT('',(6.28318530718,0.));
#1589 = VECTOR('',#1590,1.);
#1590 = DIRECTION('',(0.,1.));
#1591 = ( GEOMETRIC_REPRESENTATION_CONTEXT(2) 
PARAMETRIC_REPRESENTATION_CONTEXT() REPRESENTATION_CONTEXT('2D SPACE',''
  ) );
#1592 = ORIENTED_EDGE('',*,*,#1593,.F.);
#1593 = EDGE_CURVE('',#1571,#1571,#1594,.T.);
#1594 = SURFACE_CURVE('',#1595,(#1600,#1607),.PCURVE_S1.);
#1595 = CIRCLE('',#1596,61.532950603773);
#1596 = AXIS2_PLACEMENT_3D('',#1597,#1598,#1599);
#1597 = CARTESIAN_POINT('',(29.698219458843,0.,0.));
#1598 = DIRECTION('',(1.,0.,0.));
#1599 = DIRECTION('',(-0.,1.,0.));
#1600 = PCURVE('',#1553,#1601);
#1601 = DEFINITIONAL_REPRESENTATION('',(#1602),#1606);
#1602 = LINE('',#1603,#1604);
#1603 = CARTESIAN_POINT('',(0.,1.225096727943));
#1604 = VECTOR('',#1605,1.);
#1605 = DIRECTION('',(1.,0.));
#1606 = ( GEOMETRIC_REPRESENTATION_CONTEXT(2) 
PARAMETRIC_REPRESENTATION_CONTEXT() REPRESENTATION_CONTEXT('2D SPACE',''
  ) );
#1607 = PCURVE('',#1608,#1613);
#1608 = CONICAL_SURFACE('',#1609,61.532950603773,0.795475921098);
#1609 = AXIS2_PLACEMENT_3D('',#1610,#1611,#1612);
#1610 = CARTESIAN_POINT('',(29.698219458843,0.,0.));
#1611 = DIRECTION('',(1.,0.,0.));
#1612 = DIRECTION('',(-0.,1.,0.));
#1613 = DEFINITIONAL_REPRESENTATION('',(#1614),#1618);
#1614 = LINE('',#1615,#1616);
#1615 = CARTESIAN_POINT('',(0.,0.));
#1616 = VECTOR('',#1617,1.);
#1617 = DIRECTION('',(1.,0.));
#1618 = ( GEOMETRIC_REPRESENTATION_CONTEXT(2) 
PARAMETRIC_REPRESENTATION_CONTEXT() REPRESENTATION_CONTEXT('2D SPACE',''
  ) );
#1619 = ORIENTED_EDGE('',*,*,#1570,.F.);
#1620 = ADVANCED_FACE('',(#1621),#1608,.F.);
#1621 = FACE_BOUND('',#1622,.F.);
#1622 = EDGE_LOOP('',(#1623,#1624,#1647,#1674));
#1623 = ORIENTED_EDGE('',*,*,#1593,.T.);
#1624 = ORIENTED_EDGE('',*,*,#1625,.T.);
#1625 = EDGE_CURVE('',#1571,#1626,#1628,.T.);
#1626 = VERTEX_POINT('',#1627);
#1627 = CARTESIAN_POINT('',(30.897058063785,62.756199243474,0.));
#1628 = SEAM_CURVE('',#1629,(#1633,#1640),.PCURVE_S1.);
#1629 = LINE('',#1630,#1631);
#1630 = CARTESIAN_POINT('',(29.698219458843,61.532950603773,0.));
#1631 = VECTOR('',#1632,1.);
#1632 = DIRECTION('',(0.699944943995,0.714196804372,0.));
#1633 = PCURVE('',#1608,#1634);
#1634 = DEFINITIONAL_REPRESENTATION('',(#1635),#1639);
#1635 = LINE('',#1636,#1637);
#1636 = CARTESIAN_POINT('',(0.,0.));
#1637 = VECTOR('',#1638,1.);
#1638 = DIRECTION('',(0.,1.));
#1639 = ( GEOMETRIC_REPRESENTATION_CONTEXT(2) 
PARAMETRIC_REPRESENTATION_CONTEXT() REPRESENTATION_CONTEXT('2D SPACE',''
  ) );
#1640 = PCURVE('',#1608,#1641);
#1641 = DEFINITIONAL_REPRESENTATION('',(#1642),#1646);
#1642 = LINE('',#1643,#1644);
#1643 = CARTESIAN_POINT('',(6.28318530718,0.));
#1644 = VECTOR('',#1645,1.);
#1645 = DIRECTION('',(0.,1.));
#1646 = ( GEOMETRIC_REPRESENTATION_CONTEXT(2) 
PARAMETRIC_REPRESENTATION_CONTEXT() REPRESENTATION_CONTEXT('2D SPACE',''
  ) );
#1647 = ORIENTED_EDGE('',*,*,#1648,.F.);
#1648 = EDGE_CURVE('',#1626,#1626,#1649,.T.);
#1649 = SURFACE_CURVE('',#1650,(#1655,#1662),.PCURVE_S1.);
#1650 = CIRCLE('',#1651,62.756199243474);
#1651 = AXIS2_PLACEMENT_3D('',#1652,#1653,#1654);
#1652 = CARTESIAN_POINT('',(30.897058063785,0.,0.));
#1653 = DIRECTION('',(1.,0.,0.));
#1654 = DIRECTION('',(-0.,1.,0.));
#1655 = PCURVE('',#1608,#1656);
#1656 = DEFINITIONAL_REPRESENTATION('',(#1657),#1661);
#1657 = LINE('',#1658,#1659);
#1658 = CARTESIAN_POINT('',(0.,1.198838604942));
#1659 = VECTOR('',#1660,1.);
#1660 = DIRECTION('',(1.,0.));
#1661 = ( GEOMETRIC_REPRESENTATION_CONTEXT(2) 
PARAMETRIC_REPRESENTATION_CONTEXT() REPRESENTATION_CONTEXT('2D SPACE',''
  ) );
#1662 = PCURVE('',#1663,#1668);
#1663 = CONICAL_SURFACE('',#1664,62.756199243474,0.776846614659);
#1664 = AXIS2_PLACEMENT_3D('',#1665,#1666,#1667);
#1665 = CARTESIAN_POINT('',(30.897058063785,0.,0.));
#1666 = DIRECTION('',(1.,0.,0.));
#1667 = DIRECTION('',(-0.,1.,0.));
#1668 = DEFINITIONAL_REPRESENTATION('',(#1669),#1673);
#1669 = LINE('',#1670,#1671);
#1670 = CARTESIAN_POINT('',(0.,0.));
#1671 = VECTOR('',#1672,1.);
#1672 = DIRECTION('',(1.,0.));
#1673 = ( GEOMETRIC_REPRESENTATION_CONTEXT(2) 
PARAMETRIC_REPRESENTATION_CONTEXT() REPRESENTATION_CONTEXT('2D SPACE',''
  ) );
#1674 = ORIENTED_EDGE('',*,*,#1625,.F.);
#1675 = ADVANCED_FACE('',(#1676),#1663,.F.);
#1676 = FACE_BOUND('',#1677,.F.);
#1677 = EDGE_LOOP('',(#1678,#1679,#1702,#1729));
#1678 = ORIENTED_EDGE('',*,*,#1648,.T.);
#1679 = ORIENTED_EDGE('',*,*,#1680,.T.);
#1680 = EDGE_CURVE('',#1626,#1681,#1683,.T.);
#1681 = VERTEX_POINT('',#1682);
#1682 = CARTESIAN_POINT('',(32.071332618179,63.910559875148,0.));
#1683 = SEAM_CURVE('',#1684,(#1688,#1695),.PCURVE_S1.);
#1684 = LINE('',#1685,#1686);
#1685 = CARTESIAN_POINT('',(30.897058063785,62.756199243474,0.));
#1686 = VECTOR('',#1687,1.);
#1687 = DIRECTION('',(0.713127710746,0.70103414194,0.));
#1688 = PCURVE('',#1663,#1689);
#1689 = DEFINITIONAL_REPRESENTATION('',(#1690),#1694);
#1690 = LINE('',#1691,#1692);
#1691 = CARTESIAN_POINT('',(0.,0.));
#1692 = VECTOR('',#1693,1.);
#1693 = DIRECTION('',(0.,1.));
#1694 = ( GEOMETRIC_REPRESENTATION_CONTEXT(2) 
PARAMETRIC_REPRESENTATION_CONTEXT() REPRESENTATION_CONTEXT('2D SPACE',''
  ) );
#1695 = PCURVE('',#1663,#1696);
#1696 = DEFINITIONAL_REPRESENTATION('',(#1697),#1701);
#1697 = LINE('',#1698,#1699);
#1698 = CARTESIAN_POINT('',(6.28318530718,0.));
#1699 = VECTOR('',#1700,1.);
#1700 = DIRECTION('',(0.,1.));
#1701 = ( GEOMETRIC_REPRESENTATION_CONTEXT(2) 
PARAMETRIC_REPRESENTATION_CONTEXT() REPRESENTATION_CONTEXT('2D SPACE',''
  ) );
#1702 = ORIENTED_EDGE('',*,*,#1703,.F.);
#1703 = EDGE_CURVE('',#1681,#1681,#1704,.T.);
#1704 = SURFACE_CURVE('',#1705,(#1710,#1717),.PCURVE_S1.);
#1705 = CIRCLE('',#1706,63.910559875148);
#1706 = AXIS2_PLACEMENT_3D('',#1707,#1708,#1709);
#1707 = CARTESIAN_POINT('',(32.071332618179,0.,0.));
#1708 = DIRECTION('',(1.,0.,0.));
#1709 = DIRECTION('',(-0.,1.,0.));
#1710 = PCURVE('',#1663,#1711);
#1711 = DEFINITIONAL_REPRESENTATION('',(#1712),#1716);
#1712 = LINE('',#1713,#1714);
#1713 = CARTESIAN_POINT('',(0.,1.174274554394));
#1714 = VECTOR('',#1715,1.);
#1715 = DIRECTION('',(1.,0.));
#1716 = ( GEOMETRIC_REPRESENTATION_CONTEXT(2) 
PARAMETRIC_REPRESENTATION_CONTEXT() REPRESENTATION_CONTEXT('2D SPACE',''
  ) );
#1717 = PCURVE('',#1718,#1723);
#1718 = CONICAL_SURFACE('',#1719,63.910559875148,0.749992871724);
#1719 = AXIS2_PLACEMENT_3D('',#1720,#1721,#1722);
#1720 = CARTESIAN_POINT('',(32.071332618179,0.,0.));
#1721 = DIRECTION('',(1.,0.,0.));
#1722 = DIRECTION('',(-0.,1.,0.));
#1723 = DEFINITIONAL_REPRESENTATION('',(#1724),#1728);
#1724 = LINE('',#1725,#1726);
#1725 = CARTESIAN_POINT('',(0.,0.));
#1726 = VECTOR('',#1727,1.);
#1727 = DIRECTION('',(1.,0.));
#1728 = ( GEOMETRIC_REPRESENTATION_CONTEXT(2) 
PARAMETRIC_REPRESENTATION_CONTEXT() REPRESENTATION_CONTEXT('2D SPACE',''
  ) );
#1729 = ORIENTED_EDGE('',*,*,#1680,.F.);
#1730 = ADVANCED_FACE('',(#1731),#1718,.F.);
#1731 = FACE_BOUND('',#1732,.F.);
#1732 = EDGE_LOOP('',(#1733,#1734,#1757,#1784));
#1733 = ORIENTED_EDGE('',*,*,#1703,.T.);
#1734 = ORIENTED_EDGE('',*,*,#1735,.T.);
#1735 = EDGE_CURVE('',#1681,#1736,#1738,.T.);
#1736 = VERTEX_POINT('',#1737);
#1737 = CARTESIAN_POINT('',(33.222737194475,64.983188971876,0.));
#1738 = SEAM_CURVE('',#1739,(#1743,#1750),.PCURVE_S1.);
#1739 = LINE('',#1740,#1741);
#1740 = CARTESIAN_POINT('',(32.071332618179,63.910559875148,0.));
#1741 = VECTOR('',#1742,1.);
#1742 = DIRECTION('',(0.731693727765,0.681633544326,0.));
#1743 = PCURVE('',#1718,#1744);
#1744 = DEFINITIONAL_REPRESENTATION('',(#1745),#1749);
#1745 = LINE('',#1746,#1747);
#1746 = CARTESIAN_POINT('',(0.,0.));
#1747 = VECTOR('',#1748,1.);
#1748 = DIRECTION('',(0.,1.));
#1749 = ( GEOMETRIC_REPRESENTATION_CONTEXT(2) 
PARAMETRIC_REPRESENTATION_CONTEXT() REPRESENTATION_CONTEXT('2D SPACE',''
  ) );
#1750 = PCURVE('',#1718,#1751);
#1751 = DEFINITIONAL_REPRESENTATION('',(#1752),#1756);
#1752 = LINE('',#1753,#1754);
#1753 = CARTESIAN_POINT('',(6.28318530718,0.));
#1754 = VECTOR('',#1755,1.);
#1755 = DIRECTION('',(0.,1.));
#1756 = ( GEOMETRIC_REPRESENTATION_CONTEXT(2) 
PARAMETRIC_REPRESENTATION_CONTEXT() REPRESENTATION_CONTEXT('2D SPACE',''
  ) );
#1757 = ORIENTED_EDGE('',*,*,#1758,.F.);
#1758 = EDGE_CURVE('',#1736,#1736,#1759,.T.);
#1759 = SURFACE_CURVE('',#1760,(#1765,#1772),.PCURVE_S1.);
#1760 = CIRCLE('',#1761,64.983188971876);
#1761 = AXIS2_PLACEMENT_3D('',#1762,#1763,#1764);
#1762 = CARTESIAN_POINT('',(33.222737194475,0.,0.));
#1763 = DIRECTION('',(1.,0.,0.));
#1764 = DIRECTION('',(-0.,1.,0.));
#1765 = PCURVE('',#1718,#1766);
#1766 = DEFINITIONAL_REPRESENTATION('',(#1767),#1771);
#1767 = LINE('',#1768,#1769);
#1768 = CARTESIAN_POINT('',(0.,1.151404576296));
#1769 = VECTOR('',#1770,1.);
#1770 = DIRECTION('',(1.,0.));
#1771 = ( GEOMETRIC_REPRESENTATION_CONTEXT(2) 
PARAMETRIC_REPRESENTATION_CONTEXT() REPRESENTATION_CONTEXT('2D SPACE',''
  ) );
#1772 = PCURVE('',#1773,#1778);
#1773 = CONICAL_SURFACE('',#1774,64.983188971876,0.713343695362);
#1774 = AXIS2_PLACEMENT_3D('',#1775,#1776,#1777);
#1775 = CARTESIAN_POINT('',(33.222737194475,0.,0.));
#1776 = DIRECTION('',(1.,0.,0.));
#1777 = DIRECTION('',(-0.,1.,0.));
#1778 = DEFINITIONAL_REPRESENTATION('',(#1779),#1783);
#1779 = LINE('',#1780,#1781);
#1780 = CARTESIAN_POINT('',(0.,0.));
#1781 = VECTOR('',#1782,1.);
#1782 = DIRECTION('',(1.,0.));
#1783 = ( GEOMETRIC_REPRESENTATION_CONTEXT(2) 
PARAMETRIC_REPRESENTATION_CONTEXT() REPRESENTATION_CONTEXT('2D SPACE',''
  ) );
#1784 = ORIENTED_EDGE('',*,*,#1735,.F.);
#1785 = ADVANCED_FACE('',(#1786),#1773,.F.);
#1786 = FACE_BOUND('',#1787,.F.);
#1787 = EDGE_LOOP('',(#1788,#1789,#1812,#1839));
#1788 = ORIENTED_EDGE('',*,*,#1758,.T.);
#1789 = ORIENTED_EDGE('',*,*,#1790,.T.);
#1790 = EDGE_CURVE('',#1736,#1791,#1793,.T.);
#1791 = VERTEX_POINT('',#1792);
#1792 = CARTESIAN_POINT('',(34.352965865126,65.961243006737,0.));
#1793 = SEAM_CURVE('',#1794,(#1798,#1805),.PCURVE_S1.);
#1794 = LINE('',#1795,#1796);
#1795 = CARTESIAN_POINT('',(33.222737194475,64.983188971876,0.));
#1796 = VECTOR('',#1797,1.);
#1797 = DIRECTION('',(0.756178107143,0.654365853539,0.));
#1798 = PCURVE('',#1773,#1799);
#1799 = DEFINITIONAL_REPRESENTATION('',(#1800),#1804);
#1800 = LINE('',#1801,#1802);
#1801 = CARTESIAN_POINT('',(0.,0.));
#1802 = VECTOR('',#1803,1.);
#1803 = DIRECTION('',(0.,1.));
#1804 = ( GEOMETRIC_REPRESENTATION_CONTEXT(2) 
PARAMETRIC_REPRESENTATION_CONTEXT() REPRESENTATION_CONTEXT('2D SPACE',''
  ) );
#1805 = PCURVE('',#1773,#1806);
#1806 = DEFINITIONAL_REPRESENTATION('',(#1807),#1811);
#1807 = LINE('',#1808,#1809);
#1808 = CARTESIAN_POINT('',(6.28318530718,0.));
#1809 = VECTOR('',#1810,1.);
#1810 = DIRECTION('',(0.,1.));
#1811 = ( GEOMETRIC_REPRESENTATION_CONTEXT(2) 
PARAMETRIC_REPRESENTATION_CONTEXT() REPRESENTATION_CONTEXT('2D SPACE',''
  ) );
#1812 = ORIENTED_EDGE('',*,*,#1813,.F.);
#1813 = EDGE_CURVE('',#1791,#1791,#1814,.T.);
#1814 = SURFACE_CURVE('',#1815,(#1820,#1827),.PCURVE_S1.);
#1815 = CIRCLE('',#1816,65.961243006737);
#1816 = AXIS2_PLACEMENT_3D('',#1817,#1818,#1819);
#1817 = CARTESIAN_POINT('',(34.352965865126,0.,0.));
#1818 = DIRECTION('',(1.,0.,0.));
#1819 = DIRECTION('',(-0.,1.,0.));
#1820 = PCURVE('',#1773,#1821);
#1821 = DEFINITIONAL_REPRESENTATION('',(#1822),#1826);
#1822 = LINE('',#1823,#1824);
#1823 = CARTESIAN_POINT('',(0.,1.130228670651));
#1824 = VECTOR('',#1825,1.);
#1825 = DIRECTION('',(1.,0.));
#1826 = ( GEOMETRIC_REPRESENTATION_CONTEXT(2) 
PARAMETRIC_REPRESENTATION_CONTEXT() REPRESENTATION_CONTEXT('2D SPACE',''
  ) );
#1827 = PCURVE('',#1828,#1833);
#1828 = PLANE('',#1829);
#1829 = AXIS2_PLACEMENT_3D('',#1830,#1831,#1832);
#1830 = CARTESIAN_POINT('',(34.352965865126,0.,0.));
#1831 = DIRECTION('',(1.,0.,0.));
#1832 = DIRECTION('',(-0.,1.,0.));
#1833 = DEFINITIONAL_REPRESENTATION('',(#1834),#1838);
#1834 = CIRCLE('',#1835,65.961243006737);
#1835 = AXIS2_PLACEMENT_2D('',#1836,#1837);
#1836 = CARTESIAN_POINT('',(0.,0.));
#1837 = DIRECTION('',(1.,-0.));
#1838 = ( GEOMETRIC_REPRESENTATION_CONTEXT(2) 
PARAMETRIC_REPRESENTATION_CONTEXT() REPRESENTATION_CONTEXT('2D SPACE',''
  ) );
#1839 = ORIENTED_EDGE('',*,*,#1790,.F.);
#1840 = ADVANCED_FACE('',(#1841,#1844),#1828,.T.);
#1841 = FACE_BOUND('',#1842,.F.);
#1842 = EDGE_LOOP('',(#1843));
#1843 = ORIENTED_EDGE('',*,*,#1813,.T.);
#1844 = FACE_BOUND('',#1845,.F.);
#1845 = EDGE_LOOP('',(#1846));
#1846 = ORIENTED_EDGE('',*,*,#1847,.F.);
#1847 = EDGE_CURVE('',#1848,#1848,#1850,.T.);
#1848 = VERTEX_POINT('',#1849);
#1849 = CARTESIAN_POINT('',(34.352965865126,104.66385990965,0.));
#1850 = SURFACE_CURVE('',#1851,(#1856,#1863),.PCURVE_S1.);
#1851 = CIRCLE('',#1852,104.66385990965);
#1852 = AXIS2_PLACEMENT_3D('',#1853,#1854,#1855);
#1853 = CARTESIAN_POINT('',(34.352965865126,0.,0.));
#1854 = DIRECTION('',(1.,0.,0.));
#1855 = DIRECTION('',(-0.,1.,0.));
#1856 = PCURVE('',#1828,#1857);
#1857 = DEFINITIONAL_REPRESENTATION('',(#1858),#1862);
#1858 = CIRCLE('',#1859,104.66385990965);
#1859 = AXIS2_PLACEMENT_2D('',#1860,#1861);
#1860 = CARTESIAN_POINT('',(0.,0.));
#1861 = DIRECTION('',(1.,-0.));
#1862 = ( GEOMETRIC_REPRESENTATION_CONTEXT(2) 
PARAMETRIC_REPRESENTATION_CONTEXT() REPRESENTATION_CONTEXT('2D SPACE',''
  ) );
#1863 = PCURVE('',#1864,#1869);
#1864 = CYLINDRICAL_SURFACE('',#1865,104.66385990965);
#1865 = AXIS2_PLACEMENT_3D('',#1866,#1867,#1868);
#1866 = CARTESIAN_POINT('',(34.352965865126,0.,0.));
#1867 = DIRECTION('',(-1.,-0.,-0.));
#1868 = DIRECTION('',(0.,1.,0.));
#1869 = DEFINITIONAL_REPRESENTATION('',(#1870),#1874);
#1870 = LINE('',#1871,#1872);
#1871 = CARTESIAN_POINT('',(-0.,0.));
#1872 = VECTOR('',#1873,1.);
#1873 = DIRECTION('',(-1.,0.));
#1874 = ( GEOMETRIC_REPRESENTATION_CONTEXT(2) 
PARAMETRIC_REPRESENTATION_CONTEXT() REPRESENTATION_CONTEXT('2D SPACE',''
  ) );
#1875 = ADVANCED_FACE('',(#1876),#1864,.T.);
#1876 = FACE_BOUND('',#1877,.F.);
#1877 = EDGE_LOOP('',(#1878,#1879,#1902,#1929));
#1878 = ORIENTED_EDGE('',*,*,#1847,.T.);
#1879 = ORIENTED_EDGE('',*,*,#1880,.T.);
#1880 = EDGE_CURVE('',#1848,#1881,#1883,.T.);
#1881 = VERTEX_POINT('',#1882);
#1882 = CARTESIAN_POINT('',(28.352965865126,104.66385990965,0.));
#1883 = SEAM_CURVE('',#1884,(#1888,#1895),.PCURVE_S1.);
#1884 = LINE('',#1885,#1886);
#1885 = CARTESIAN_POINT('',(34.352965865126,104.66385990965,0.));
#1886 = VECTOR('',#1887,1.);
#1887 = DIRECTION('',(-1.,0.,0.));
#1888 = PCURVE('',#1864,#1889);
#1889 = DEFINITIONAL_REPRESENTATION('',(#1890),#1894);
#1890 = LINE('',#1891,#1892);
#1891 = CARTESIAN_POINT('',(-0.,0.));
#1892 = VECTOR('',#1893,1.);
#1893 = DIRECTION('',(-0.,1.));
#1894 = ( GEOMETRIC_REPRESENTATION_CONTEXT(2) 
PARAMETRIC_REPRESENTATION_CONTEXT() REPRESENTATION_CONTEXT('2D SPACE',''
  ) );
#1895 = PCURVE('',#1864,#1896);
#1896 = DEFINITIONAL_REPRESENTATION('',(#1897),#1901);
#1897 = LINE('',#1898,#1899);
#1898 = CARTESIAN_POINT('',(-6.28318530718,0.));
#1899 = VECTOR('',#1900,1.);
#1900 = DIRECTION('',(-0.,1.));
#1901 = ( GEOMETRIC_REPRESENTATION_CONTEXT(2) 
PARAMETRIC_REPRESENTATION_CONTEXT() REPRESENTATION_CONTEXT('2D SPACE',''
  ) );
#1902 = ORIENTED_EDGE('',*,*,#1903,.F.);
#1903 = EDGE_CURVE('',#1881,#1881,#1904,.T.);
#1904 = SURFACE_CURVE('',#1905,(#1910,#1917),.PCURVE_S1.);
#1905 = CIRCLE('',#1906,104.66385990965);
#1906 = AXIS2_PLACEMENT_3D('',#1907,#1908,#1909);
#1907 = CARTESIAN_POINT('',(28.352965865126,0.,0.));
#1908 = DIRECTION('',(1.,0.,0.));
#1909 = DIRECTION('',(-0.,1.,0.));
#1910 = PCURVE('',#1864,#1911);
#1911 = DEFINITIONAL_REPRESENTATION('',(#1912),#1916);
#1912 = LINE('',#1913,#1914);
#1913 = CARTESIAN_POINT('',(-0.,6.));
#1914 = VECTOR('',#1915,1.);
#1915 = DIRECTION('',(-1.,0.));
#1916 = ( GEOMETRIC_REPRESENTATION_CONTEXT(2) 
PARAMETRIC_REPRESENTATION_CONTEXT() REPRESENTATION_CONTEXT('2D SPACE',''
  ) );
#1917 = PCURVE('',#1918,#1923);
#1918 = PLANE('',#1919);
#1919 = AXIS2_PLACEMENT_3D('',#1920,#1921,#1922);
#1920 = CARTESIAN_POINT('',(28.352965865126,0.,0.));
#1921 = DIRECTION('',(1.,0.,0.));
#1922 = DIRECTION('',(-0.,1.,0.));
#1923 = DEFINITIONAL_REPRESENTATION('',(#1924),#1928);
#1924 = CIRCLE('',#1925,104.66385990965);
#1925 = AXIS2_PLACEMENT_2D('',#1926,#1927);
#1926 = CARTESIAN_POINT('',(0.,0.));
#1927 = DIRECTION('',(1.,0.));
#1928 = ( GEOMETRIC_REPRESENTATION_CONTEXT(2) 
PARAMETRIC_REPRESENTATION_CONTEXT() REPRESENTATION_CONTEXT('2D SPACE',''
  ) );
#1929 = ORIENTED_EDGE('',*,*,#1880,.F.);
#1930 = ADVANCED_FACE('',(#1931,#1934),#1918,.F.);
#1931 = FACE_BOUND('',#1932,.F.);
#1932 = EDGE_LOOP('',(#1933));
#1933 = ORIENTED_EDGE('',*,*,#1903,.T.);
#1934 = FACE_BOUND('',#1935,.F.);
#1935 = EDGE_LOOP('',(#1936));
#1936 = ORIENTED_EDGE('',*,*,#1937,.F.);
#1937 = EDGE_CURVE('',#1938,#1938,#1940,.T.);
#1938 = VERTEX_POINT('',#1939);
#1939 = CARTESIAN_POINT('',(28.352965865126,68.910559875148,0.));
#1940 = SURFACE_CURVE('',#1941,(#1946,#1953),.PCURVE_S1.);
#1941 = CIRCLE('',#1942,68.910559875148);
#1942 = AXIS2_PLACEMENT_3D('',#1943,#1944,#1945);
#1943 = CARTESIAN_POINT('',(28.352965865126,0.,0.));
#1944 = DIRECTION('',(1.,0.,0.));
#1945 = DIRECTION('',(-0.,1.,0.));
#1946 = PCURVE('',#1918,#1947);
#1947 = DEFINITIONAL_REPRESENTATION('',(#1948),#1952);
#1948 = CIRCLE('',#1949,68.910559875148);
#1949 = AXIS2_PLACEMENT_2D('',#1950,#1951);
#1950 = CARTESIAN_POINT('',(0.,0.));
#1951 = DIRECTION('',(1.,0.));
#1952 = ( GEOMETRIC_REPRESENTATION_CONTEXT(2) 
PARAMETRIC_REPRESENTATION_CONTEXT() REPRESENTATION_CONTEXT('2D SPACE',''
  ) );
#1953 = PCURVE('',#1954,#1959);
#1954 = CONICAL_SURFACE('',#1955,68.910559875148,0.493483110433);
#1955 = AXIS2_PLACEMENT_3D('',#1956,#1957,#1958);
#1956 = CARTESIAN_POINT('',(28.352965865126,0.,0.));
#1957 = DIRECTION('',(-1.,-0.,-0.));
#1958 = DIRECTION('',(-0.,1.,0.));
#1959 = DEFINITIONAL_REPRESENTATION('',(#1960),#1964);
#1960 = LINE('',#1961,#1962);
#1961 = CARTESIAN_POINT('',(-0.,-0.));
#1962 = VECTOR('',#1963,1.);
#1963 = DIRECTION('',(-1.,-0.));
#1964 = ( GEOMETRIC_REPRESENTATION_CONTEXT(2) 
PARAMETRIC_REPRESENTATION_CONTEXT() REPRESENTATION_CONTEXT('2D SPACE',''
  ) );
#1965 = ADVANCED_FACE('',(#1966),#1954,.F.);
#1966 = FACE_BOUND('',#1967,.F.);
#1967 = EDGE_LOOP('',(#1968,#1969,#1992,#2019));
#1968 = ORIENTED_EDGE('',*,*,#1937,.T.);
#1969 = ORIENTED_EDGE('',*,*,#1970,.T.);
#1970 = EDGE_CURVE('',#1938,#1971,#1973,.T.);
#1971 = VERTEX_POINT('',#1972);
#1972 = CARTESIAN_POINT('',(32.071332618179,66.910559875148,0.));
#1973 = SEAM_CURVE('',#1974,(#1978,#1985),.PCURVE_S1.);
#1974 = LINE('',#1975,#1976);
#1975 = CARTESIAN_POINT('',(28.352965865126,68.910559875148,0.));
#1976 = VECTOR('',#1977,1.);
#1977 = DIRECTION('',(0.880688267732,-0.473696289915,0.));
#1978 = PCURVE('',#1954,#1979);
#1979 = DEFINITIONAL_REPRESENTATION('',(#1980),#1984);
#1980 = LINE('',#1981,#1982);
#1981 = CARTESIAN_POINT('',(-0.,-0.));
#1982 = VECTOR('',#1983,1.);
#1983 = DIRECTION('',(-0.,-1.));
#1984 = ( GEOMETRIC_REPRESENTATION_CONTEXT(2) 
PARAMETRIC_REPRESENTATION_CONTEXT() REPRESENTATION_CONTEXT('2D SPACE',''
  ) );
#1985 = PCURVE('',#1954,#1986);
#1986 = DEFINITIONAL_REPRESENTATION('',(#1987),#1991);
#1987 = LINE('',#1988,#1989);
#1988 = CARTESIAN_POINT('',(-6.28318530718,-0.));
#1989 = VECTOR('',#1990,1.);
#1990 = DIRECTION('',(-0.,-1.));
#1991 = ( GEOMETRIC_REPRESENTATION_CONTEXT(2) 
PARAMETRIC_REPRESENTATION_CONTEXT() REPRESENTATION_CONTEXT('2D SPACE',''
  ) );
#1992 = ORIENTED_EDGE('',*,*,#1993,.F.);
#1993 = EDGE_CURVE('',#1971,#1971,#1994,.T.);
#1994 = SURFACE_CURVE('',#1995,(#2000,#2007),.PCURVE_S1.);
#1995 = CIRCLE('',#1996,66.910559875148);
#1996 = AXIS2_PLACEMENT_3D('',#1997,#1998,#1999);
#1997 = CARTESIAN_POINT('',(32.071332618179,0.,0.));
#1998 = DIRECTION('',(1.,0.,0.));
#1999 = DIRECTION('',(-0.,1.,0.));
#2000 = PCURVE('',#1954,#2001);
#2001 = DEFINITIONAL_REPRESENTATION('',(#2002),#2006);
#2002 = LINE('',#2003,#2004);
#2003 = CARTESIAN_POINT('',(-0.,-3.718366753053));
#2004 = VECTOR('',#2005,1.);
#2005 = DIRECTION('',(-1.,-0.));
#2006 = ( GEOMETRIC_REPRESENTATION_CONTEXT(2) 
PARAMETRIC_REPRESENTATION_CONTEXT() REPRESENTATION_CONTEXT('2D SPACE',''
  ) );
#2007 = PCURVE('',#2008,#2013);
#2008 = CONICAL_SURFACE('',#2009,66.910559875148,0.776846614659);
#2009 = AXIS2_PLACEMENT_3D('',#2010,#2011,#2012);
#2010 = CARTESIAN_POINT('',(32.071332618179,0.,0.));
#2011 = DIRECTION('',(1.,0.,0.));
#2012 = DIRECTION('',(0.,1.,0.));
#2013 = DEFINITIONAL_REPRESENTATION('',(#2014),#2018);
#2014 = LINE('',#2015,#2016);
#2015 = CARTESIAN_POINT('',(0.,-0.));
#2016 = VECTOR('',#2017,1.);
#2017 = DIRECTION('',(1.,-0.));
#2018 = ( GEOMETRIC_REPRESENTATION_CONTEXT(2) 
PARAMETRIC_REPRESENTATION_CONTEXT() REPRESENTATION_CONTEXT('2D SPACE',''
  ) );
#2019 = ORIENTED_EDGE('',*,*,#1970,.F.);
#2020 = ADVANCED_FACE('',(#2021),#2008,.T.);
#2021 = FACE_BOUND('',#2022,.F.);
#2022 = EDGE_LOOP('',(#2023,#2024,#2047,#2074));
#2023 = ORIENTED_EDGE('',*,*,#1993,.T.);
#2024 = ORIENTED_EDGE('',*,*,#2025,.T.);
#2025 = EDGE_CURVE('',#1971,#2026,#2028,.T.);
#2026 = VERTEX_POINT('',#2027);
#2027 = CARTESIAN_POINT('',(30.897058063785,65.756199243474,0.));
#2028 = SEAM_CURVE('',#2029,(#2033,#2040),.PCURVE_S1.);
#2029 = LINE('',#2030,#2031);
#2030 = CARTESIAN_POINT('',(32.071332618179,66.910559875148,0.));
#2031 = VECTOR('',#2032,1.);
#2032 = DIRECTION('',(-0.713127710746,-0.70103414194,0.));
#2033 = PCURVE('',#2008,#2034);
#2034 = DEFINITIONAL_REPRESENTATION('',(#2035),#2039);
#2035 = LINE('',#2036,#2037);
#2036 = CARTESIAN_POINT('',(0.,-0.));
#2037 = VECTOR('',#2038,1.);
#2038 = DIRECTION('',(0.,-1.));
#2039 = ( GEOMETRIC_REPRESENTATION_CONTEXT(2) 
PARAMETRIC_REPRESENTATION_CONTEXT() REPRESENTATION_CONTEXT('2D SPACE',''
  ) );
#2040 = PCURVE('',#2008,#2041);
#2041 = DEFINITIONAL_REPRESENTATION('',(#2042),#2046);
#2042 = LINE('',#2043,#2044);
#2043 = CARTESIAN_POINT('',(6.28318530718,-0.));
#2044 = VECTOR('',#2045,1.);
#2045 = DIRECTION('',(0.,-1.));
#2046 = ( GEOMETRIC_REPRESENTATION_CONTEXT(2) 
PARAMETRIC_REPRESENTATION_CONTEXT() REPRESENTATION_CONTEXT('2D SPACE',''
  ) );
#2047 = ORIENTED_EDGE('',*,*,#2048,.F.);
#2048 = EDGE_CURVE('',#2026,#2026,#2049,.T.);
#2049 = SURFACE_CURVE('',#2050,(#2055,#2062),.PCURVE_S1.);
#2050 = CIRCLE('',#2051,65.756199243474);
#2051 = AXIS2_PLACEMENT_3D('',#2052,#2053,#2054);
#2052 = CARTESIAN_POINT('',(30.897058063785,0.,0.));
#2053 = DIRECTION('',(1.,0.,0.));
#2054 = DIRECTION('',(-0.,1.,0.));
#2055 = PCURVE('',#2008,#2056);
#2056 = DEFINITIONAL_REPRESENTATION('',(#2057),#2061);
#2057 = LINE('',#2058,#2059);
#2058 = CARTESIAN_POINT('',(0.,-1.174274554394));
#2059 = VECTOR('',#2060,1.);
#2060 = DIRECTION('',(1.,-0.));
#2061 = ( GEOMETRIC_REPRESENTATION_CONTEXT(2) 
PARAMETRIC_REPRESENTATION_CONTEXT() REPRESENTATION_CONTEXT('2D SPACE',''
  ) );
#2062 = PCURVE('',#2063,#2068);
#2063 = CONICAL_SURFACE('',#2064,65.756199243474,0.795475921098);
#2064 = AXIS2_PLACEMENT_3D('',#2065,#2066,#2067);
#2065 = CARTESIAN_POINT('',(30.897058063785,0.,0.));
#2066 = DIRECTION('',(1.,0.,0.));
#2067 = DIRECTION('',(0.,1.,0.));
#2068 = DEFINITIONAL_REPRESENTATION('',(#2069),#2073);
#2069 = LINE('',#2070,#2071);
#2070 = CARTESIAN_POINT('',(0.,-0.));
#2071 = VECTOR('',#2072,1.);
#2072 = DIRECTION('',(1.,-0.));
#2073 = ( GEOMETRIC_REPRESENTATION_CONTEXT(2) 
PARAMETRIC_REPRESENTATION_CONTEXT() REPRESENTATION_CONTEXT('2D SPACE',''
  ) );
#2074 = ORIENTED_EDGE('',*,*,#2025,.F.);
#2075 = ADVANCED_FACE('',(#2076),#2063,.T.);
#2076 = FACE_BOUND('',#2077,.F.);
#2077 = EDGE_LOOP('',(#2078,#2079,#2102,#2129));
#2078 = ORIENTED_EDGE('',*,*,#2048,.T.);
#2079 = ORIENTED_EDGE('',*,*,#2080,.T.);
#2080 = EDGE_CURVE('',#2026,#2081,#2083,.T.);
#2081 = VERTEX_POINT('',#2082);
#2082 = CARTESIAN_POINT('',(29.698219458843,64.532950603773,0.));
#2083 = SEAM_CURVE('',#2084,(#2088,#2095),.PCURVE_S1.);
#2084 = LINE('',#2085,#2086);
#2085 = CARTESIAN_POINT('',(30.897058063785,65.756199243474,0.));
#2086 = VECTOR('',#2087,1.);
#2087 = DIRECTION('',(-0.699944943995,-0.714196804372,0.));
#2088 = PCURVE('',#2063,#2089);
#2089 = DEFINITIONAL_REPRESENTATION('',(#2090),#2094);
#2090 = LINE('',#2091,#2092);
#2091 = CARTESIAN_POINT('',(0.,-0.));
#2092 = VECTOR('',#2093,1.);
#2093 = DIRECTION('',(0.,-1.));
#2094 = ( GEOMETRIC_REPRESENTATION_CONTEXT(2) 
PARAMETRIC_REPRESENTATION_CONTEXT() REPRESENTATION_CONTEXT('2D SPACE',''
  ) );
#2095 = PCURVE('',#2063,#2096);
#2096 = DEFINITIONAL_REPRESENTATION('',(#2097),#2101);
#2097 = LINE('',#2098,#2099);
#2098 = CARTESIAN_POINT('',(6.28318530718,-0.));
#2099 = VECTOR('',#2100,1.);
#2100 = DIRECTION('',(0.,-1.));
#2101 = ( GEOMETRIC_REPRESENTATION_CONTEXT(2) 
PARAMETRIC_REPRESENTATION_CONTEXT() REPRESENTATION_CONTEXT('2D SPACE',''
  ) );
#2102 = ORIENTED_EDGE('',*,*,#2103,.F.);
#2103 = EDGE_CURVE('',#2081,#2081,#2104,.T.);
#2104 = SURFACE_CURVE('',#2105,(#2110,#2117),.PCURVE_S1.);
#2105 = CIRCLE('',#2106,64.532950603773);
#2106 = AXIS2_PLACEMENT_3D('',#2107,#2108,#2109);
#2107 = CARTESIAN_POINT('',(29.698219458843,0.,0.));
#2108 = DIRECTION('',(1.,0.,0.));
#2109 = DIRECTION('',(-0.,1.,0.));
#2110 = PCURVE('',#2063,#2111);
#2111 = DEFINITIONAL_REPRESENTATION('',(#2112),#2116);
#2112 = LINE('',#2113,#2114);
#2113 = CARTESIAN_POINT('',(0.,-1.198838604942));
#2114 = VECTOR('',#2115,1.);
#2115 = DIRECTION('',(1.,-0.));
#2116 = ( GEOMETRIC_REPRESENTATION_CONTEXT(2) 
PARAMETRIC_REPRESENTATION_CONTEXT() REPRESENTATION_CONTEXT('2D SPACE',''
  ) );
#2117 = PCURVE('',#2118,#2123);
#2118 = CONICAL_SURFACE('',#2119,64.532950603773,0.807035343792);
#2119 = AXIS2_PLACEMENT_3D('',#2120,#2121,#2122);
#2120 = CARTESIAN_POINT('',(29.698219458843,0.,0.));
#2121 = DIRECTION('',(1.,0.,0.));
#2122 = DIRECTION('',(0.,1.,0.));
#2123 = DEFINITIONAL_REPRESENTATION('',(#2124),#2128);
#2124 = LINE('',#2125,#2126);
#2125 = CARTESIAN_POINT('',(0.,-0.));
#2126 = VECTOR('',#2127,1.);
#2127 = DIRECTION('',(1.,-0.));
#2128 = ( GEOMETRIC_REPRESENTATION_CONTEXT(2) 
PARAMETRIC_REPRESENTATION_CONTEXT() REPRESENTATION_CONTEXT('2D SPACE',''
  ) );
#2129 = ORIENTED_EDGE('',*,*,#2080,.F.);
#2130 = ADVANCED_FACE('',(#2131),#2118,.T.);
#2131 = FACE_BOUND('',#2132,.F.);
#2132 = EDGE_LOOP('',(#2133,#2134,#2157,#2184));
#2133 = ORIENTED_EDGE('',*,*,#2103,.T.);
#2134 = ORIENTED_EDGE('',*,*,#2135,.T.);
#2135 = EDGE_CURVE('',#2081,#2136,#2138,.T.);
#2136 = VERTEX_POINT('',#2137);
#2137 = CARTESIAN_POINT('',(28.4731227309,63.253657482966,0.));
#2138 = SEAM_CURVE('',#2139,(#2143,#2150),.PCURVE_S1.);
#2139 = LINE('',#2140,#2141);
#2140 = CARTESIAN_POINT('',(29.698219458843,64.532950603773,0.));
#2141 = VECTOR('',#2142,1.);
#2142 = DIRECTION('',(-0.691642662211,-0.72223986861,0.));
#2143 = PCURVE('',#2118,#2144);
#2144 = DEFINITIONAL_REPRESENTATION('',(#2145),#2149);
#2145 = LINE('',#2146,#2147);
#2146 = CARTESIAN_POINT('',(0.,-0.));
#2147 = VECTOR('',#2148,1.);
#2148 = DIRECTION('',(0.,-1.));
#2149 = ( GEOMETRIC_REPRESENTATION_CONTEXT(2) 
PARAMETRIC_REPRESENTATION_CONTEXT() REPRESENTATION_CONTEXT('2D SPACE',''
  ) );
#2150 = PCURVE('',#2118,#2151);
#2151 = DEFINITIONAL_REPRESENTATION('',(#2152),#2156);
#2152 = LINE('',#2153,#2154);
#2153 = CARTESIAN_POINT('',(6.28318530718,-0.));
#2154 = VECTOR('',#2155,1.);
#2155 = DIRECTION('',(0.,-1.));
#2156 = ( GEOMETRIC_REPRESENTATION_CONTEXT(2) 
PARAMETRIC_REPRESENTATION_CONTEXT() REPRESENTATION_CONTEXT('2D SPACE',''
  ) );
#2157 = ORIENTED_EDGE('',*,*,#2158,.F.);
#2158 = EDGE_CURVE('',#2136,#2136,#2159,.T.);
#2159 = SURFACE_CURVE('',#2160,(#2165,#2172),.PCURVE_S1.);
#2160 = CIRCLE('',#2161,63.253657482966);
#2161 = AXIS2_PLACEMENT_3D('',#2162,#2163,#2164);
#2162 = CARTESIAN_POINT('',(28.4731227309,0.,0.));
#2163 = DIRECTION('',(1.,0.,0.));
#2164 = DIRECTION('',(-0.,1.,0.));
#2165 = PCURVE('',#2118,#2166);
#2166 = DEFINITIONAL_REPRESENTATION('',(#2167),#2171);
#2167 = LINE('',#2168,#2169);
#2168 = CARTESIAN_POINT('',(0.,-1.225096727943));
#2169 = VECTOR('',#2170,1.);
#2170 = DIRECTION('',(1.,-0.));
#2171 = ( GEOMETRIC_REPRESENTATION_CONTEXT(2) 
PARAMETRIC_REPRESENTATION_CONTEXT() REPRESENTATION_CONTEXT('2D SPACE',''
  ) );
#2172 = PCURVE('',#2173,#2178);
#2173 = CONICAL_SURFACE('',#2174,63.253657482966,0.812354937035);
#2174 = AXIS2_PLACEMENT_3D('',#2175,#2176,#2177);
#2175 = CARTESIAN_POINT('',(28.4731227309,0.,0.));
#2176 = DIRECTION('',(1.,0.,0.));
#2177 = DIRECTION('',(0.,1.,0.));
#2178 = DEFINITIONAL_REPRESENTATION('',(#2179),#2183);
#2179 = LINE('',#2180,#2181);
#2180 = CARTESIAN_POINT('',(0.,-0.));
#2181 = VECTOR('',#2182,1.);
#2182 = DIRECTION('',(1.,-0.));
#2183 = ( GEOMETRIC_REPRESENTATION_CONTEXT(2) 
PARAMETRIC_REPRESENTATION_CONTEXT() REPRESENTATION_CONTEXT('2D SPACE',''
  ) );
#2184 = ORIENTED_EDGE('',*,*,#2135,.F.);
#2185 = ADVANCED_FACE('',(#2186),#2173,.T.);
#2186 = FACE_BOUND('',#2187,.F.);
#2187 = EDGE_LOOP('',(#2188,#2189,#2212,#2239));
#2188 = ORIENTED_EDGE('',*,*,#2158,.T.);
#2189 = ORIENTED_EDGE('',*,*,#2190,.T.);
#2190 = EDGE_CURVE('',#2136,#2191,#2193,.T.);
#2191 = VERTEX_POINT('',#2192);
#2192 = CARTESIAN_POINT('',(27.220073807506,61.931163407972,0.));
#2193 = SEAM_CURVE('',#2194,(#2198,#2205),.PCURVE_S1.);
#2194 = LINE('',#2195,#2196);
#2195 = CARTESIAN_POINT('',(28.4731227309,63.253657482966,0.));
#2196 = VECTOR('',#2197,1.);
#2197 = DIRECTION('',(-0.687790871953,-0.725908889916,0.));
#2198 = PCURVE('',#2173,#2199);
#2199 = DEFINITIONAL_REPRESENTATION('',(#2200),#2204);
#2200 = LINE('',#2201,#2202);
#2201 = CARTESIAN_POINT('',(0.,-0.));
#2202 = VECTOR('',#2203,1.);
#2203 = DIRECTION('',(0.,-1.));
#2204 = ( GEOMETRIC_REPRESENTATION_CONTEXT(2) 
PARAMETRIC_REPRESENTATION_CONTEXT() REPRESENTATION_CONTEXT('2D SPACE',''
  ) );
#2205 = PCURVE('',#2173,#2206);
#2206 = DEFINITIONAL_REPRESENTATION('',(#2207),#2211);
#2207 = LINE('',#2208,#2209);
#2208 = CARTESIAN_POINT('',(6.28318530718,-0.));
#2209 = VECTOR('',#2210,1.);
#2210 = DIRECTION('',(0.,-1.));
#2211 = ( GEOMETRIC_REPRESENTATION_CONTEXT(2) 
PARAMETRIC_REPRESENTATION_CONTEXT() REPRESENTATION_CONTEXT('2D SPACE',''
  ) );
#2212 = ORIENTED_EDGE('',*,*,#2213,.F.);
#2213 = EDGE_CURVE('',#2191,#2191,#2214,.T.);
#2214 = SURFACE_CURVE('',#2215,(#2220,#2227),.PCURVE_S1.);
#2215 = CIRCLE('',#2216,61.931163407972);
#2216 = AXIS2_PLACEMENT_3D('',#2217,#2218,#2219);
#2217 = CARTESIAN_POINT('',(27.220073807506,0.,0.));
#2218 = DIRECTION('',(1.,0.,0.));
#2219 = DIRECTION('',(-0.,1.,0.));
#2220 = PCURVE('',#2173,#2221);
#2221 = DEFINITIONAL_REPRESENTATION('',(#2222),#2226);
#2222 = LINE('',#2223,#2224);
#2223 = CARTESIAN_POINT('',(0.,-1.253048923395));
#2224 = VECTOR('',#2225,1.);
#2225 = DIRECTION('',(1.,-0.));
#2226 = ( GEOMETRIC_REPRESENTATION_CONTEXT(2) 
PARAMETRIC_REPRESENTATION_CONTEXT() REPRESENTATION_CONTEXT('2D SPACE',''
  ) );
#2227 = PCURVE('',#2228,#2233);
#2228 = CONICAL_SURFACE('',#2229,61.931163407972,0.812011141874);
#2229 = AXIS2_PLACEMENT_3D('',#2230,#2231,#2232);
#2230 = CARTESIAN_POINT('',(27.220073807506,0.,0.));
#2231 = DIRECTION('',(1.,0.,0.));
#2232 = DIRECTION('',(0.,1.,0.));
#2233 = DEFINITIONAL_REPRESENTATION('',(#2234),#2238);
#2234 = LINE('',#2235,#2236);
#2235 = CARTESIAN_POINT('',(0.,-0.));
#2236 = VECTOR('',#2237,1.);
#2237 = DIRECTION('',(1.,-0.));
#2238 = ( GEOMETRIC_REPRESENTATION_CONTEXT(2) 
PARAMETRIC_REPRESENTATION_CONTEXT() REPRESENTATION_CONTEXT('2D SPACE',''
  ) );
#2239 = ORIENTED_EDGE('',*,*,#2190,.F.);
#2240 = ADVANCED_FACE('',(#2241),#2228,.T.);
#2241 = FACE_BOUND('',#2242,.F.);
#2242 = EDGE_LOOP('',(#2243,#2244,#2267,#2294));
#2243 = ORIENTED_EDGE('',*,*,#2213,.T.);
#2244 = ORIENTED_EDGE('',*,*,#2245,.T.);
#2245 = EDGE_CURVE('',#2191,#2246,#2248,.T.);
#2246 = VERTEX_POINT('',#2247);
#2247 = CARTESIAN_POINT('',(25.937378616207,60.578311905713,0.));
#2248 = SEAM_CURVE('',#2249,(#2253,#2260),.PCURVE_S1.);
#2249 = LINE('',#2250,#2251);
#2250 = CARTESIAN_POINT('',(27.220073807506,61.931163407972,0.));
#2251 = VECTOR('',#2252,1.);
#2252 = DIRECTION('',(-0.688040395265,-0.725672387847,0.));
#2253 = PCURVE('',#2228,#2254);
#2254 = DEFINITIONAL_REPRESENTATION('',(#2255),#2259);
#2255 = LINE('',#2256,#2257);
#2256 = CARTESIAN_POINT('',(0.,-0.));
#2257 = VECTOR('',#2258,1.);
#2258 = DIRECTION('',(0.,-1.));
#2259 = ( GEOMETRIC_REPRESENTATION_CONTEXT(2) 
PARAMETRIC_REPRESENTATION_CONTEXT() REPRESENTATION_CONTEXT('2D SPACE',''
  ) );
#2260 = PCURVE('',#2228,#2261);
#2261 = DEFINITIONAL_REPRESENTATION('',(#2262),#2266);
#2262 = LINE('',#2263,#2264);
#2263 = CARTESIAN_POINT('',(6.28318530718,-0.));
#2264 = VECTOR('',#2265,1.);
#2265 = DIRECTION('',(0.,-1.));
#2266 = ( GEOMETRIC_REPRESENTATION_CONTEXT(2) 
PARAMETRIC_REPRESENTATION_CONTEXT() REPRESENTATION_CONTEXT('2D SPACE',''
  ) );
#2267 = ORIENTED_EDGE('',*,*,#2268,.F.);
#2268 = EDGE_CURVE('',#2246,#2246,#2269,.T.);
#2269 = SURFACE_CURVE('',#2270,(#2275,#2282),.PCURVE_S1.);
#2270 = CIRCLE('',#2271,60.578311905713);
#2271 = AXIS2_PLACEMENT_3D('',#2272,#2273,#2274);
#2272 = CARTESIAN_POINT('',(25.937378616207,0.,0.));
#2273 = DIRECTION('',(1.,0.,0.));
#2274 = DIRECTION('',(-0.,1.,0.));
#2275 = PCURVE('',#2228,#2276);
#2276 = DEFINITIONAL_REPRESENTATION('',(#2277),#2281);
#2277 = LINE('',#2278,#2279);
#2278 = CARTESIAN_POINT('',(0.,-1.282695191298));
#2279 = VECTOR('',#2280,1.);
#2280 = DIRECTION('',(1.,-0.));
#2281 = ( GEOMETRIC_REPRESENTATION_CONTEXT(2) 
PARAMETRIC_REPRESENTATION_CONTEXT() REPRESENTATION_CONTEXT('2D SPACE',''
  ) );
#2282 = PCURVE('',#2283,#2288);
#2283 = CONICAL_SURFACE('',#2284,60.578311905713,0.806379233855);
#2284 = AXIS2_PLACEMENT_3D('',#2285,#2286,#2287);
#2285 = CARTESIAN_POINT('',(25.937378616207,0.,0.));
#2286 = DIRECTION('',(1.,0.,0.));
#2287 = DIRECTION('',(0.,1.,0.));
#2288 = DEFINITIONAL_REPRESENTATION('',(#2289),#2293);
#2289 = LINE('',#2290,#2291);
#2290 = CARTESIAN_POINT('',(0.,-0.));
#2291 = VECTOR('',#2292,1.);
#2292 = DIRECTION('',(1.,-0.));
#2293 = ( GEOMETRIC_REPRESENTATION_CONTEXT(2) 
PARAMETRIC_REPRESENTATION_CONTEXT() REPRESENTATION_CONTEXT('2D SPACE',''
  ) );
#2294 = ORIENTED_EDGE('',*,*,#2245,.F.);
#2295 = ADVANCED_FACE('',(#2296),#2283,.T.);
#2296 = FACE_BOUND('',#2297,.F.);
#2297 = EDGE_LOOP('',(#2298,#2299,#2322,#2349));
#2298 = ORIENTED_EDGE('',*,*,#2268,.T.);
#2299 = ORIENTED_EDGE('',*,*,#2300,.T.);
#2300 = EDGE_CURVE('',#2246,#2301,#2303,.T.);
#2301 = VERTEX_POINT('',#2302);
#2302 = CARTESIAN_POINT('',(24.623343084554,59.207946503109,0.));
#2303 = SEAM_CURVE('',#2304,(#2308,#2315),.PCURVE_S1.);
#2304 = LINE('',#2305,#2306);
#2305 = CARTESIAN_POINT('',(25.937378616207,60.578311905713,0.));
#2306 = VECTOR('',#2307,1.);
#2307 = DIRECTION('',(-0.692116382062,-0.721785919564,0.));
#2308 = PCURVE('',#2283,#2309);
#2309 = DEFINITIONAL_REPRESENTATION('',(#2310),#2314);
#2310 = LINE('',#2311,#2312);
#2311 = CARTESIAN_POINT('',(0.,-0.));
#2312 = VECTOR('',#2313,1.);
#2313 = DIRECTION('',(0.,-1.));
#2314 = ( GEOMETRIC_REPRESENTATION_CONTEXT(2) 
PARAMETRIC_REPRESENTATION_CONTEXT() REPRESENTATION_CONTEXT('2D SPACE',''
  ) );
#2315 = PCURVE('',#2283,#2316);
#2316 = DEFINITIONAL_REPRESENTATION('',(#2317),#2321);
#2317 = LINE('',#2318,#2319);
#2318 = CARTESIAN_POINT('',(6.28318530718,-0.));
#2319 = VECTOR('',#2320,1.);
#2320 = DIRECTION('',(0.,-1.));
#2321 = ( GEOMETRIC_REPRESENTATION_CONTEXT(2) 
PARAMETRIC_REPRESENTATION_CONTEXT() REPRESENTATION_CONTEXT('2D SPACE',''
  ) );
#2322 = ORIENTED_EDGE('',*,*,#2323,.F.);
#2323 = EDGE_CURVE('',#2301,#2301,#2324,.T.);
#2324 = SURFACE_CURVE('',#2325,(#2330,#2337),.PCURVE_S1.);
#2325 = CIRCLE('',#2326,59.207946503109);
#2326 = AXIS2_PLACEMENT_3D('',#2327,#2328,#2329);
#2327 = CARTESIAN_POINT('',(24.623343084554,0.,0.));
#2328 = DIRECTION('',(1.,0.,0.));
#2329 = DIRECTION('',(-0.,1.,0.));
#2330 = PCURVE('',#2283,#2331);
#2331 = DEFINITIONAL_REPRESENTATION('',(#2332),#2336);
#2332 = LINE('',#2333,#2334);
#2333 = CARTESIAN_POINT('',(0.,-1.314035531654));
#2334 = VECTOR('',#2335,1.);
#2335 = DIRECTION('',(1.,-0.));
#2336 = ( GEOMETRIC_REPRESENTATION_CONTEXT(2) 
PARAMETRIC_REPRESENTATION_CONTEXT() REPRESENTATION_CONTEXT('2D SPACE',''
  ) );
#2337 = PCURVE('',#2338,#2343);
#2338 = CONICAL_SURFACE('',#2339,59.207946503109,0.795671404264);
#2339 = AXIS2_PLACEMENT_3D('',#2340,#2341,#2342);
#2340 = CARTESIAN_POINT('',(24.623343084554,0.,0.));
#2341 = DIRECTION('',(1.,0.,0.));
#2342 = DIRECTION('',(0.,1.,0.));
#2343 = DEFINITIONAL_REPRESENTATION('',(#2344),#2348);
#2344 = LINE('',#2345,#2346);
#2345 = CARTESIAN_POINT('',(0.,-0.));
#2346 = VECTOR('',#2347,1.);
#2347 = DIRECTION('',(1.,-0.));
#2348 = ( GEOMETRIC_REPRESENTATION_CONTEXT(2) 
PARAMETRIC_REPRESENTATION_CONTEXT() REPRESENTATION_CONTEXT('2D SPACE',''
  ) );
#2349 = ORIENTED_EDGE('',*,*,#2300,.F.);
#2350 = ADVANCED_FACE('',(#2351),#2338,.T.);
#2351 = FACE_BOUND('',#2352,.F.);
#2352 = EDGE_LOOP('',(#2353,#2354,#2377,#2404));
#2353 = ORIENTED_EDGE('',*,*,#2323,.T.);
#2354 = ORIENTED_EDGE('',*,*,#2355,.T.);
#2355 = EDGE_CURVE('',#2301,#2356,#2358,.T.);
#2356 = VERTEX_POINT('',#2357);
#2357 = CARTESIAN_POINT('',(23.276273140093,57.832910727078,0.));
#2358 = SEAM_CURVE('',#2359,(#2363,#2370),.PCURVE_S1.);
#2359 = LINE('',#2360,#2361);
#2360 = CARTESIAN_POINT('',(24.623343084554,59.207946503109,0.));
#2361 = VECTOR('',#2362,1.);
#2362 = DIRECTION('',(-0.699805317171,-0.714333618178,0.));
#2363 = PCURVE('',#2338,#2364);
#2364 = DEFINITIONAL_REPRESENTATION('',(#2365),#2369);
#2365 = LINE('',#2366,#2367);
#2366 = CARTESIAN_POINT('',(0.,-0.));
#2367 = VECTOR('',#2368,1.);
#2368 = DIRECTION('',(0.,-1.));
#2369 = ( GEOMETRIC_REPRESENTATION_CONTEXT(2) 
PARAMETRIC_REPRESENTATION_CONTEXT() REPRESENTATION_CONTEXT('2D SPACE',''
  ) );
#2370 = PCURVE('',#2338,#2371);
#2371 = DEFINITIONAL_REPRESENTATION('',(#2372),#2376);
#2372 = LINE('',#2373,#2374);
#2373 = CARTESIAN_POINT('',(6.28318530718,-0.));
#2374 = VECTOR('',#2375,1.);
#2375 = DIRECTION('',(0.,-1.));
#2376 = ( GEOMETRIC_REPRESENTATION_CONTEXT(2) 
PARAMETRIC_REPRESENTATION_CONTEXT() REPRESENTATION_CONTEXT('2D SPACE',''
  ) );
#2377 = ORIENTED_EDGE('',*,*,#2378,.F.);
#2378 = EDGE_CURVE('',#2356,#2356,#2379,.T.);
#2379 = SURFACE_CURVE('',#2380,(#2385,#2392),.PCURVE_S1.);
#2380 = CIRCLE('',#2381,57.832910727078);
#2381 = AXIS2_PLACEMENT_3D('',#2382,#2383,#2384);
#2382 = CARTESIAN_POINT('',(23.276273140093,0.,0.));
#2383 = DIRECTION('',(1.,0.,0.));
#2384 = DIRECTION('',(-0.,1.,0.));
#2385 = PCURVE('',#2338,#2386);
#2386 = DEFINITIONAL_REPRESENTATION('',(#2387),#2391);
#2387 = LINE('',#2388,#2389);
#2388 = CARTESIAN_POINT('',(0.,-1.347069944461));
#2389 = VECTOR('',#2390,1.);
#2390 = DIRECTION('',(1.,-0.));
#2391 = ( GEOMETRIC_REPRESENTATION_CONTEXT(2) 
PARAMETRIC_REPRESENTATION_CONTEXT() REPRESENTATION_CONTEXT('2D SPACE',''
  ) );
#2392 = PCURVE('',#2393,#2398);
#2393 = CONICAL_SURFACE('',#2394,57.832910727078,0.779964368579);
#2394 = AXIS2_PLACEMENT_3D('',#2395,#2396,#2397);
#2395 = CARTESIAN_POINT('',(23.276273140093,0.,0.));
#2396 = DIRECTION('',(1.,0.,0.));
#2397 = DIRECTION('',(0.,1.,0.));
#2398 = DEFINITIONAL_REPRESENTATION('',(#2399),#2403);
#2399 = LINE('',#2400,#2401);
#2400 = CARTESIAN_POINT('',(0.,-0.));
#2401 = VECTOR('',#2402,1.);
#2402 = DIRECTION('',(1.,-0.));
#2403 = ( GEOMETRIC_REPRESENTATION_CONTEXT(2) 
PARAMETRIC_REPRESENTATION_CONTEXT() REPRESENTATION_CONTEXT('2D SPACE',''
  ) );
#2404 = ORIENTED_EDGE('',*,*,#2355,.F.);
#2405 = ADVANCED_FACE('',(#2406),#2393,.T.);
#2406 = FACE_BOUND('',#2407,.F.);
#2407 = EDGE_LOOP('',(#2408,#2409,#2432,#2459));
#2408 = ORIENTED_EDGE('',*,*,#2378,.T.);
#2409 = ORIENTED_EDGE('',*,*,#2410,.T.);
#2410 = EDGE_CURVE('',#2356,#2411,#2413,.T.);
#2411 = VERTEX_POINT('',#2412);
#2412 = CARTESIAN_POINT('',(21.894474710374,56.466048104543,0.));
#2413 = SEAM_CURVE('',#2414,(#2418,#2425),.PCURVE_S1.);
#2414 = LINE('',#2415,#2416);
#2415 = CARTESIAN_POINT('',(23.276273140093,57.832910727078,0.));
#2416 = VECTOR('',#2417,1.);
#2417 = DIRECTION('',(-0.710938596406,-0.703254087894,0.));
#2418 = PCURVE('',#2393,#2419);
#2419 = DEFINITIONAL_REPRESENTATION('',(#2420),#2424);
#2420 = LINE('',#2421,#2422);
#2421 = CARTESIAN_POINT('',(0.,-0.));
#2422 = VECTOR('',#2423,1.);
#2423 = DIRECTION('',(0.,-1.));
#2424 = ( GEOMETRIC_REPRESENTATION_CONTEXT(2) 
PARAMETRIC_REPRESENTATION_CONTEXT() REPRESENTATION_CONTEXT('2D SPACE',''
  ) );
#2425 = PCURVE('',#2393,#2426);
#2426 = DEFINITIONAL_REPRESENTATION('',(#2427),#2431);
#2427 = LINE('',#2428,#2429);
#2428 = CARTESIAN_POINT('',(6.28318530718,-0.));
#2429 = VECTOR('',#2430,1.);
#2430 = DIRECTION('',(0.,-1.));
#2431 = ( GEOMETRIC_REPRESENTATION_CONTEXT(2) 
PARAMETRIC_REPRESENTATION_CONTEXT() REPRESENTATION_CONTEXT('2D SPACE',''
  ) );
#2432 = ORIENTED_EDGE('',*,*,#2433,.F.);
#2433 = EDGE_CURVE('',#2411,#2411,#2434,.T.);
#2434 = SURFACE_CURVE('',#2435,(#2440,#2447),.PCURVE_S1.);
#2435 = CIRCLE('',#2436,56.466048104543);
#2436 = AXIS2_PLACEMENT_3D('',#2437,#2438,#2439);
#2437 = CARTESIAN_POINT('',(21.894474710374,0.,0.));
#2438 = DIRECTION('',(1.,0.,0.));
#2439 = DIRECTION('',(-0.,1.,0.));
#2440 = PCURVE('',#2393,#2441);
#2441 = DEFINITIONAL_REPRESENTATION('',(#2442),#2446);
#2442 = LINE('',#2443,#2444);
#2443 = CARTESIAN_POINT('',(0.,-1.381798429719));
#2444 = VECTOR('',#2445,1.);
#2445 = DIRECTION('',(1.,-0.));
#2446 = ( GEOMETRIC_REPRESENTATION_CONTEXT(2) 
PARAMETRIC_REPRESENTATION_CONTEXT() REPRESENTATION_CONTEXT('2D SPACE',''
  ) );
#2447 = PCURVE('',#2448,#2453);
#2448 = CONICAL_SURFACE('',#2449,56.466048104543,0.759219885711);
#2449 = AXIS2_PLACEMENT_3D('',#2450,#2451,#2452);
#2450 = CARTESIAN_POINT('',(21.894474710374,0.,0.));
#2451 = DIRECTION('',(1.,0.,0.));
#2452 = DIRECTION('',(0.,1.,0.));
#2453 = DEFINITIONAL_REPRESENTATION('',(#2454),#2458);
#2454 = LINE('',#2455,#2456);
#2455 = CARTESIAN_POINT('',(0.,-0.));
#2456 = VECTOR('',#2457,1.);
#2457 = DIRECTION('',(1.,-0.));
#2458 = ( GEOMETRIC_REPRESENTATION_CONTEXT(2) 
PARAMETRIC_REPRESENTATION_CONTEXT() REPRESENTATION_CONTEXT('2D SPACE',''
  ) );
#2459 = ORIENTED_EDGE('',*,*,#2410,.F.);
#2460 = ADVANCED_FACE('',(#2461),#2448,.T.);
#2461 = FACE_BOUND('',#2462,.F.);
#2462 = EDGE_LOOP('',(#2463,#2464,#2487,#2514));
#2463 = ORIENTED_EDGE('',*,*,#2433,.T.);
#2464 = ORIENTED_EDGE('',*,*,#2465,.T.);
#2465 = EDGE_CURVE('',#2411,#2466,#2468,.T.);
#2466 = VERTEX_POINT('',#2467);
#2467 = CARTESIAN_POINT('',(20.476253722945,55.120202162422,0.));
#2468 = SEAM_CURVE('',#2469,(#2473,#2480),.PCURVE_S1.);
#2469 = LINE('',#2470,#2471);
#2470 = CARTESIAN_POINT('',(21.894474710374,56.466048104543,0.));
#2471 = VECTOR('',#2472,1.);
#2472 = DIRECTION('',(-0.72537322759,-0.688355780607,0.));
#2473 = PCURVE('',#2448,#2474);
#2474 = DEFINITIONAL_REPRESENTATION('',(#2475),#2479);
#2475 = LINE('',#2476,#2477);
#2476 = CARTESIAN_POINT('',(0.,-0.));
#2477 = VECTOR('',#2478,1.);
#2478 = DIRECTION('',(0.,-1.));
#2479 = ( GEOMETRIC_REPRESENTATION_CONTEXT(2) 
PARAMETRIC_REPRESENTATION_CONTEXT() REPRESENTATION_CONTEXT('2D SPACE',''
  ) );
#2480 = PCURVE('',#2448,#2481);
#2481 = DEFINITIONAL_REPRESENTATION('',(#2482),#2486);
#2482 = LINE('',#2483,#2484);
#2483 = CARTESIAN_POINT('',(6.28318530718,-0.));
#2484 = VECTOR('',#2485,1.);
#2485 = DIRECTION('',(0.,-1.));
#2486 = ( GEOMETRIC_REPRESENTATION_CONTEXT(2) 
PARAMETRIC_REPRESENTATION_CONTEXT() REPRESENTATION_CONTEXT('2D SPACE',''
  ) );
#2487 = ORIENTED_EDGE('',*,*,#2488,.F.);
#2488 = EDGE_CURVE('',#2466,#2466,#2489,.T.);
#2489 = SURFACE_CURVE('',#2490,(#2495,#2502),.PCURVE_S1.);
#2490 = CIRCLE('',#2491,55.120202162422);
#2491 = AXIS2_PLACEMENT_3D('',#2492,#2493,#2494);
#2492 = CARTESIAN_POINT('',(20.476253722945,0.,0.));
#2493 = DIRECTION('',(1.,0.,0.));
#2494 = DIRECTION('',(-0.,1.,0.));
#2495 = PCURVE('',#2448,#2496);
#2496 = DEFINITIONAL_REPRESENTATION('',(#2497),#2501);
#2497 = LINE('',#2498,#2499);
#2498 = CARTESIAN_POINT('',(0.,-1.418220987429));
#2499 = VECTOR('',#2500,1.);
#2500 = DIRECTION('',(1.,-0.));
#2501 = ( GEOMETRIC_REPRESENTATION_CONTEXT(2) 
PARAMETRIC_REPRESENTATION_CONTEXT() REPRESENTATION_CONTEXT('2D SPACE',''
  ) );
#2502 = PCURVE('',#2503,#2508);
#2503 = CONICAL_SURFACE('',#2504,55.120202162422,0.733301191358);
#2504 = AXIS2_PLACEMENT_3D('',#2505,#2506,#2507);
#2505 = CARTESIAN_POINT('',(20.476253722945,0.,0.));
#2506 = DIRECTION('',(1.,0.,0.));
#2507 = DIRECTION('',(0.,1.,0.));
#2508 = DEFINITIONAL_REPRESENTATION('',(#2509),#2513);
#2509 = LINE('',#2510,#2511);
#2510 = CARTESIAN_POINT('',(0.,-0.));
#2511 = VECTOR('',#2512,1.);
#2512 = DIRECTION('',(1.,-0.));
#2513 = ( GEOMETRIC_REPRESENTATION_CONTEXT(2) 
PARAMETRIC_REPRESENTATION_CONTEXT() REPRESENTATION_CONTEXT('2D SPACE',''
  ) );
#2514 = ORIENTED_EDGE('',*,*,#2465,.F.);
#2515 = ADVANCED_FACE('',(#2516),#2503,.T.);
#2516 = FACE_BOUND('',#2517,.F.);
#2517 = EDGE_LOOP('',(#2518,#2519,#2542,#2569));
#2518 = ORIENTED_EDGE('',*,*,#2488,.T.);
#2519 = ORIENTED_EDGE('',*,*,#2520,.T.);
#2520 = EDGE_CURVE('',#2466,#2521,#2523,.T.);
#2521 = VERTEX_POINT('',#2522);
#2522 = CARTESIAN_POINT('',(19.019916105354,53.808216427636,0.));
#2523 = SEAM_CURVE('',#2524,(#2528,#2535),.PCURVE_S1.);
#2524 = LINE('',#2525,#2526);
#2525 = CARTESIAN_POINT('',(20.476253722945,55.120202162422,0.));
#2526 = VECTOR('',#2527,1.);
#2527 = DIRECTION('',(-0.742968881667,-0.669325960108,0.));
#2528 = PCURVE('',#2503,#2529);
#2529 = DEFINITIONAL_REPRESENTATION('',(#2530),#2534);
#2530 = LINE('',#2531,#2532);
#2531 = CARTESIAN_POINT('',(0.,-0.));
#2532 = VECTOR('',#2533,1.);
#2533 = DIRECTION('',(0.,-1.));
#2534 = ( GEOMETRIC_REPRESENTATION_CONTEXT(2) 
PARAMETRIC_REPRESENTATION_CONTEXT() REPRESENTATION_CONTEXT('2D SPACE',''
  ) );
#2535 = PCURVE('',#2503,#2536);
#2536 = DEFINITIONAL_REPRESENTATION('',(#2537),#2541);
#2537 = LINE('',#2538,#2539);
#2538 = CARTESIAN_POINT('',(6.28318530718,-0.));
#2539 = VECTOR('',#2540,1.);
#2540 = DIRECTION('',(0.,-1.));
#2541 = ( GEOMETRIC_REPRESENTATION_CONTEXT(2) 
PARAMETRIC_REPRESENTATION_CONTEXT() REPRESENTATION_CONTEXT('2D SPACE',''
  ) );
#2542 = ORIENTED_EDGE('',*,*,#2543,.F.);
#2543 = EDGE_CURVE('',#2521,#2521,#2544,.T.);
#2544 = SURFACE_CURVE('',#2545,(#2550,#2557),.PCURVE_S1.);
#2545 = CIRCLE('',#2546,53.808216427636);
#2546 = AXIS2_PLACEMENT_3D('',#2547,#2548,#2549);
#2547 = CARTESIAN_POINT('',(19.019916105354,0.,0.));
#2548 = DIRECTION('',(1.,0.,0.));
#2549 = DIRECTION('',(-0.,1.,0.));
#2550 = PCURVE('',#2503,#2551);
#2551 = DEFINITIONAL_REPRESENTATION('',(#2552),#2556);
#2552 = LINE('',#2553,#2554);
#2553 = CARTESIAN_POINT('',(0.,-1.456337617591));
#2554 = VECTOR('',#2555,1.);
#2555 = DIRECTION('',(1.,-0.));
#2556 = ( GEOMETRIC_REPRESENTATION_CONTEXT(2) 
PARAMETRIC_REPRESENTATION_CONTEXT() REPRESENTATION_CONTEXT('2D SPACE',''
  ) );
#2557 = PCURVE('',#2558,#2563);
#2558 = CONICAL_SURFACE('',#2559,53.808216427636,0.701988245731);
#2559 = AXIS2_PLACEMENT_3D('',#2560,#2561,#2562);
#2560 = CARTESIAN_POINT('',(19.019916105354,0.,0.));
#2561 = DIRECTION('',(1.,0.,0.));
#2562 = DIRECTION('',(0.,1.,0.));
#2563 = DEFINITIONAL_REPRESENTATION('',(#2564),#2568);
#2564 = LINE('',#2565,#2566);
#2565 = CARTESIAN_POINT('',(0.,-0.));
#2566 = VECTOR('',#2567,1.);
#2567 = DIRECTION('',(1.,-0.));
#2568 = ( GEOMETRIC_REPRESENTATION_CONTEXT(2) 
PARAMETRIC_REPRESENTATION_CONTEXT() REPRESENTATION_CONTEXT('2D SPACE',''
  ) );
#2569 = ORIENTED_EDGE('',*,*,#2520,.F.);
#2570 = ADVANCED_FACE('',(#2571),#2558,.T.);
#2571 = FACE_BOUND('',#2572,.F.);
#2572 = EDGE_LOOP('',(#2573,#2574,#2597,#2624));
#2573 = ORIENTED_EDGE('',*,*,#2543,.T.);
#2574 = ORIENTED_EDGE('',*,*,#2575,.T.);
#2575 = EDGE_CURVE('',#2521,#2576,#2578,.T.);
#2576 = VERTEX_POINT('',#2577);
#2577 = CARTESIAN_POINT('',(17.523767785149,52.542934427105,0.));
#2578 = SEAM_CURVE('',#2579,(#2583,#2590),.PCURVE_S1.);
#2579 = LINE('',#2580,#2581);
#2580 = CARTESIAN_POINT('',(19.019916105354,53.808216427636,0.));
#2581 = VECTOR('',#2582,1.);
#2582 = DIRECTION('',(-0.763559813305,-0.645737107115,0.));
#2583 = PCURVE('',#2558,#2584);
#2584 = DEFINITIONAL_REPRESENTATION('',(#2585),#2589);
#2585 = LINE('',#2586,#2587);
#2586 = CARTESIAN_POINT('',(0.,-0.));
#2587 = VECTOR('',#2588,1.);
#2588 = DIRECTION('',(0.,-1.));
#2589 = ( GEOMETRIC_REPRESENTATION_CONTEXT(2) 
PARAMETRIC_REPRESENTATION_CONTEXT() REPRESENTATION_CONTEXT('2D SPACE',''
  ) );
#2590 = PCURVE('',#2558,#2591);
#2591 = DEFINITIONAL_REPRESENTATION('',(#2592),#2596);
#2592 = LINE('',#2593,#2594);
#2593 = CARTESIAN_POINT('',(6.28318530718,-0.));
#2594 = VECTOR('',#2595,1.);
#2595 = DIRECTION('',(0.,-1.));
#2596 = ( GEOMETRIC_REPRESENTATION_CONTEXT(2) 
PARAMETRIC_REPRESENTATION_CONTEXT() REPRESENTATION_CONTEXT('2D SPACE',''
  ) );
#2597 = ORIENTED_EDGE('',*,*,#2598,.F.);
#2598 = EDGE_CURVE('',#2576,#2576,#2599,.T.);
#2599 = SURFACE_CURVE('',#2600,(#2605,#2612),.PCURVE_S1.);
#2600 = CIRCLE('',#2601,52.542934427105);
#2601 = AXIS2_PLACEMENT_3D('',#2602,#2603,#2604);
#2602 = CARTESIAN_POINT('',(17.523767785149,0.,0.));
#2603 = DIRECTION('',(1.,0.,0.));
#2604 = DIRECTION('',(-0.,1.,0.));
#2605 = PCURVE('',#2558,#2606);
#2606 = DEFINITIONAL_REPRESENTATION('',(#2607),#2611);
#2607 = LINE('',#2608,#2609);
#2608 = CARTESIAN_POINT('',(0.,-1.496148320205));
#2609 = VECTOR('',#2610,1.);
#2610 = DIRECTION('',(1.,-0.));
#2611 = ( GEOMETRIC_REPRESENTATION_CONTEXT(2) 
PARAMETRIC_REPRESENTATION_CONTEXT() REPRESENTATION_CONTEXT('2D SPACE',''
  ) );
#2612 = PCURVE('',#2613,#2618);
#2613 = CONICAL_SURFACE('',#2614,52.542934427105,0.664994892263);
#2614 = AXIS2_PLACEMENT_3D('',#2615,#2616,#2617);
#2615 = CARTESIAN_POINT('',(17.523767785149,0.,0.));
#2616 = DIRECTION('',(1.,0.,0.));
#2617 = DIRECTION('',(0.,1.,0.));
#2618 = DEFINITIONAL_REPRESENTATION('',(#2619),#2623);
#2619 = LINE('',#2620,#2621);
#2620 = CARTESIAN_POINT('',(0.,-0.));
#2621 = VECTOR('',#2622,1.);
#2622 = DIRECTION('',(1.,-0.));
#2623 = ( GEOMETRIC_REPRESENTATION_CONTEXT(2) 
PARAMETRIC_REPRESENTATION_CONTEXT() REPRESENTATION_CONTEXT('2D SPACE',''
  ) );
#2624 = ORIENTED_EDGE('',*,*,#2575,.F.);
#2625 = ADVANCED_FACE('',(#2626),#2613,.T.);
#2626 = FACE_BOUND('',#2627,.F.);
#2627 = EDGE_LOOP('',(#2628,#2629,#2652,#2679));
#2628 = ORIENTED_EDGE('',*,*,#2598,.T.);
#2629 = ORIENTED_EDGE('',*,*,#2630,.T.);
#2630 = EDGE_CURVE('',#2576,#2631,#2633,.T.);
#2631 = VERTEX_POINT('',#2632);
#2632 = CARTESIAN_POINT('',(15.986114689879,51.33719968775,0.));
#2633 = SEAM_CURVE('',#2634,(#2638,#2645),.PCURVE_S1.);
#2634 = LINE('',#2635,#2636);
#2635 = CARTESIAN_POINT('',(17.523767785149,52.542934427105,0.));
#2636 = VECTOR('',#2637,1.);
#2637 = DIRECTION('',(-0.786919936894,-0.617055113356,0.));
#2638 = PCURVE('',#2613,#2639);
#2639 = DEFINITIONAL_REPRESENTATION('',(#2640),#2644);
#2640 = LINE('',#2641,#2642);
#2641 = CARTESIAN_POINT('',(0.,-0.));
#2642 = VECTOR('',#2643,1.);
#2643 = DIRECTION('',(0.,-1.));
#2644 = ( GEOMETRIC_REPRESENTATION_CONTEXT(2) 
PARAMETRIC_REPRESENTATION_CONTEXT() REPRESENTATION_CONTEXT('2D SPACE',''
  ) );
#2645 = PCURVE('',#2613,#2646);
#2646 = DEFINITIONAL_REPRESENTATION('',(#2647),#2651);
#2647 = LINE('',#2648,#2649);
#2648 = CARTESIAN_POINT('',(6.28318530718,-0.));
#2649 = VECTOR('',#2650,1.);
#2650 = DIRECTION('',(0.,-1.));
#2651 = ( GEOMETRIC_REPRESENTATION_CONTEXT(2) 
PARAMETRIC_REPRESENTATION_CONTEXT() REPRESENTATION_CONTEXT('2D SPACE',''
  ) );
#2652 = ORIENTED_EDGE('',*,*,#2653,.F.);
#2653 = EDGE_CURVE('',#2631,#2631,#2654,.T.);
#2654 = SURFACE_CURVE('',#2655,(#2660,#2667),.PCURVE_S1.);
#2655 = CIRCLE('',#2656,51.33719968775);
#2656 = AXIS2_PLACEMENT_3D('',#2657,#2658,#2659);
#2657 = CARTESIAN_POINT('',(15.986114689879,0.,0.));
#2658 = DIRECTION('',(1.,0.,0.));
#2659 = DIRECTION('',(-0.,1.,0.));
#2660 = PCURVE('',#2613,#2661);
#2661 = DEFINITIONAL_REPRESENTATION('',(#2662),#2666);
#2662 = LINE('',#2663,#2664);
#2663 = CARTESIAN_POINT('',(0.,-1.53765309527));
#2664 = VECTOR('',#2665,1.);
#2665 = DIRECTION('',(1.,-0.));
#2666 = ( GEOMETRIC_REPRESENTATION_CONTEXT(2) 
PARAMETRIC_REPRESENTATION_CONTEXT() REPRESENTATION_CONTEXT('2D SPACE',''
  ) );
#2667 = PCURVE('',#2668,#2673);
#2668 = CONICAL_SURFACE('',#2669,51.33719968775,0.621991460942);
#2669 = AXIS2_PLACEMENT_3D('',#2670,#2671,#2672);
#2670 = CARTESIAN_POINT('',(15.986114689879,0.,0.));
#2671 = DIRECTION('',(1.,0.,0.));
#2672 = DIRECTION('',(0.,1.,0.));
#2673 = DEFINITIONAL_REPRESENTATION('',(#2674),#2678);
#2674 = LINE('',#2675,#2676);
#2675 = CARTESIAN_POINT('',(0.,-0.));
#2676 = VECTOR('',#2677,1.);
#2677 = DIRECTION('',(1.,-0.));
#2678 = ( GEOMETRIC_REPRESENTATION_CONTEXT(2) 
PARAMETRIC_REPRESENTATION_CONTEXT() REPRESENTATION_CONTEXT('2D SPACE',''
  ) );
#2679 = ORIENTED_EDGE('',*,*,#2630,.F.);
#2680 = ADVANCED_FACE('',(#2681),#2668,.T.);
#2681 = FACE_BOUND('',#2682,.F.);
#2682 = EDGE_LOOP('',(#2683,#2684,#2707,#2734));
#2683 = ORIENTED_EDGE('',*,*,#2653,.T.);
#2684 = ORIENTED_EDGE('',*,*,#2685,.T.);
#2685 = EDGE_CURVE('',#2631,#2686,#2688,.T.);
#2686 = VERTEX_POINT('',#2687);
#2687 = CARTESIAN_POINT('',(14.405262747092,50.20385573649,0.));
#2688 = SEAM_CURVE('',#2689,(#2693,#2700),.PCURVE_S1.);
#2689 = LINE('',#2690,#2691);
#2690 = CARTESIAN_POINT('',(15.986114689879,51.33719968775,0.));
#2691 = VECTOR('',#2692,1.);
#2692 = DIRECTION('',(-0.812719734713,-0.582654814456,0.));
#2693 = PCURVE('',#2668,#2694);
#2694 = DEFINITIONAL_REPRESENTATION('',(#2695),#2699);
#2695 = LINE('',#2696,#2697);
#2696 = CARTESIAN_POINT('',(0.,-0.));
#2697 = VECTOR('',#2698,1.);
#2698 = DIRECTION('',(0.,-1.));
#2699 = ( GEOMETRIC_REPRESENTATION_CONTEXT(2) 
PARAMETRIC_REPRESENTATION_CONTEXT() REPRESENTATION_CONTEXT('2D SPACE',''
  ) );
#2700 = PCURVE('',#2668,#2701);
#2701 = DEFINITIONAL_REPRESENTATION('',(#2702),#2706);
#2702 = LINE('',#2703,#2704);
#2703 = CARTESIAN_POINT('',(6.28318530718,-0.));
#2704 = VECTOR('',#2705,1.);
#2705 = DIRECTION('',(0.,-1.));
#2706 = ( GEOMETRIC_REPRESENTATION_CONTEXT(2) 
PARAMETRIC_REPRESENTATION_CONTEXT() REPRESENTATION_CONTEXT('2D SPACE',''
  ) );
#2707 = ORIENTED_EDGE('',*,*,#2708,.F.);
#2708 = EDGE_CURVE('',#2686,#2686,#2709,.T.);
#2709 = SURFACE_CURVE('',#2710,(#2715,#2722),.PCURVE_S1.);
#2710 = CIRCLE('',#2711,50.20385573649);
#2711 = AXIS2_PLACEMENT_3D('',#2712,#2713,#2714);
#2712 = CARTESIAN_POINT('',(14.405262747092,0.,0.));
#2713 = DIRECTION('',(1.,0.,0.));
#2714 = DIRECTION('',(-0.,1.,0.));
#2715 = PCURVE('',#2668,#2716);
#2716 = DEFINITIONAL_REPRESENTATION('',(#2717),#2721);
#2717 = LINE('',#2718,#2719);
#2718 = CARTESIAN_POINT('',(0.,-1.580851942787));
#2719 = VECTOR('',#2720,1.);
#2720 = DIRECTION('',(1.,-0.));
#2721 = ( GEOMETRIC_REPRESENTATION_CONTEXT(2) 
PARAMETRIC_REPRESENTATION_CONTEXT() REPRESENTATION_CONTEXT('2D SPACE',''
  ) );
#2722 = PCURVE('',#2723,#2728);
#2723 = CONICAL_SURFACE('',#2724,50.20385573649,0.572636848643);
#2724 = AXIS2_PLACEMENT_3D('',#2725,#2726,#2727);
#2725 = CARTESIAN_POINT('',(14.405262747092,0.,0.));
#2726 = DIRECTION('',(1.,0.,0.));
#2727 = DIRECTION('',(0.,1.,0.));
#2728 = DEFINITIONAL_REPRESENTATION('',(#2729),#2733);
#2729 = LINE('',#2730,#2731);
#2730 = CARTESIAN_POINT('',(0.,-0.));
#2731 = VECTOR('',#2732,1.);
#2732 = DIRECTION('',(1.,-0.));
#2733 = ( GEOMETRIC_REPRESENTATION_CONTEXT(2) 
PARAMETRIC_REPRESENTATION_CONTEXT() REPRESENTATION_CONTEXT('2D SPACE',''
  ) );
#2734 = ORIENTED_EDGE('',*,*,#2685,.F.);
#2735 = ADVANCED_FACE('',(#2736),#2723,.T.);
#2736 = FACE_BOUND('',#2737,.F.);
#2737 = EDGE_LOOP('',(#2738,#2739,#2762,#2789));
#2738 = ORIENTED_EDGE('',*,*,#2708,.T.);
#2739 = ORIENTED_EDGE('',*,*,#2740,.T.);
#2740 = EDGE_CURVE('',#2686,#2741,#2743,.T.);
#2741 = VERTEX_POINT('',#2742);
#2742 = CARTESIAN_POINT('',(12.779517884338,49.155746100247,0.));
#2743 = SEAM_CURVE('',#2744,(#2748,#2755),.PCURVE_S1.);
#2744 = LINE('',#2745,#2746);
#2745 = CARTESIAN_POINT('',(14.405262747092,50.20385573649,0.));
#2746 = VECTOR('',#2747,1.);
#2747 = DIRECTION('',(-0.840475121921,-0.541850135584,0.));
#2748 = PCURVE('',#2723,#2749);
#2749 = DEFINITIONAL_REPRESENTATION('',(#2750),#2754);
#2750 = LINE('',#2751,#2752);
#2751 = CARTESIAN_POINT('',(0.,-0.));
#2752 = VECTOR('',#2753,1.);
#2753 = DIRECTION('',(0.,-1.));
#2754 = ( GEOMETRIC_REPRESENTATION_CONTEXT(2) 
PARAMETRIC_REPRESENTATION_CONTEXT() REPRESENTATION_CONTEXT('2D SPACE',''
  ) );
#2755 = PCURVE('',#2723,#2756);
#2756 = DEFINITIONAL_REPRESENTATION('',(#2757),#2761);
#2757 = LINE('',#2758,#2759);
#2758 = CARTESIAN_POINT('',(6.28318530718,-0.));
#2759 = VECTOR('',#2760,1.);
#2760 = DIRECTION('',(0.,-1.));
#2761 = ( GEOMETRIC_REPRESENTATION_CONTEXT(2) 
PARAMETRIC_REPRESENTATION_CONTEXT() REPRESENTATION_CONTEXT('2D SPACE',''
  ) );
#2762 = ORIENTED_EDGE('',*,*,#2763,.F.);
#2763 = EDGE_CURVE('',#2741,#2741,#2764,.T.);
#2764 = SURFACE_CURVE('',#2765,(#2770,#2777),.PCURVE_S1.);
#2765 = CIRCLE('',#2766,49.155746100247);
#2766 = AXIS2_PLACEMENT_3D('',#2767,#2768,#2769);
#2767 = CARTESIAN_POINT('',(12.779517884338,0.,0.));
#2768 = DIRECTION('',(1.,0.,0.));
#2769 = DIRECTION('',(-0.,1.,0.));
#2770 = PCURVE('',#2723,#2771);
#2771 = DEFINITIONAL_REPRESENTATION('',(#2772),#2776);
#2772 = LINE('',#2773,#2774);
#2773 = CARTESIAN_POINT('',(0.,-1.625744862755));
#2774 = VECTOR('',#2775,1.);
#2775 = DIRECTION('',(1.,-0.));
#2776 = ( GEOMETRIC_REPRESENTATION_CONTEXT(2) 
PARAMETRIC_REPRESENTATION_CONTEXT() REPRESENTATION_CONTEXT('2D SPACE',''
  ) );
#2777 = PCURVE('',#2778,#2783);
#2778 = CONICAL_SURFACE('',#2779,49.155746100247,0.516624274803);
#2779 = AXIS2_PLACEMENT_3D('',#2780,#2781,#2782);
#2780 = CARTESIAN_POINT('',(12.779517884338,0.,0.));
#2781 = DIRECTION('',(1.,0.,0.));
#2782 = DIRECTION('',(0.,1.,0.));
#2783 = DEFINITIONAL_REPRESENTATION('',(#2784),#2788);
#2784 = LINE('',#2785,#2786);
#2785 = CARTESIAN_POINT('',(0.,-0.));
#2786 = VECTOR('',#2787,1.);
#2787 = DIRECTION('',(1.,-0.));
#2788 = ( GEOMETRIC_REPRESENTATION_CONTEXT(2) 
PARAMETRIC_REPRESENTATION_CONTEXT() REPRESENTATION_CONTEXT('2D SPACE',''
  ) );
#2789 = ORIENTED_EDGE('',*,*,#2740,.F.);
#2790 = ADVANCED_FACE('',(#2791),#2778,.T.);
#2791 = FACE_BOUND('',#2792,.F.);
#2792 = EDGE_LOOP('',(#2793,#2794,#2817,#2844));
#2793 = ORIENTED_EDGE('',*,*,#2763,.T.);
#2794 = ORIENTED_EDGE('',*,*,#2795,.T.);
#2795 = EDGE_CURVE('',#2741,#2796,#2798,.T.);
#2796 = VERTEX_POINT('',#2797);
#2797 = CARTESIAN_POINT('',(11.107186029162,48.205714305939,0.));
#2798 = SEAM_CURVE('',#2799,(#2803,#2810),.PCURVE_S1.);
#2799 = LINE('',#2800,#2801);
#2800 = CARTESIAN_POINT('',(12.779517884338,49.155746100247,0.));
#2801 = VECTOR('',#2802,1.);
#2802 = DIRECTION('',(-0.869491562672,-0.493947793235,0.));
#2803 = PCURVE('',#2778,#2804);
#2804 = DEFINITIONAL_REPRESENTATION('',(#2805),#2809);
#2805 = LINE('',#2806,#2807);
#2806 = CARTESIAN_POINT('',(0.,-0.));
#2807 = VECTOR('',#2808,1.);
#2808 = DIRECTION('',(0.,-1.));
#2809 = ( GEOMETRIC_REPRESENTATION_CONTEXT(2) 
PARAMETRIC_REPRESENTATION_CONTEXT() REPRESENTATION_CONTEXT('2D SPACE',''
  ) );
#2810 = PCURVE('',#2778,#2811);
#2811 = DEFINITIONAL_REPRESENTATION('',(#2812),#2816);
#2812 = LINE('',#2813,#2814);
#2813 = CARTESIAN_POINT('',(6.28318530718,-0.));
#2814 = VECTOR('',#2815,1.);
#2815 = DIRECTION('',(0.,-1.));
#2816 = ( GEOMETRIC_REPRESENTATION_CONTEXT(2) 
PARAMETRIC_REPRESENTATION_CONTEXT() REPRESENTATION_CONTEXT('2D SPACE',''
  ) );
#2817 = ORIENTED_EDGE('',*,*,#2818,.F.);
#2818 = EDGE_CURVE('',#2796,#2796,#2819,.T.);
#2819 = SURFACE_CURVE('',#2820,(#2825,#2832),.PCURVE_S1.);
#2820 = CIRCLE('',#2821,48.205714305939);
#2821 = AXIS2_PLACEMENT_3D('',#2822,#2823,#2824);
#2822 = CARTESIAN_POINT('',(11.107186029162,0.,0.));
#2823 = DIRECTION('',(1.,0.,0.));
#2824 = DIRECTION('',(-0.,1.,0.));
#2825 = PCURVE('',#2778,#2826);
#2826 = DEFINITIONAL_REPRESENTATION('',(#2827),#2831);
#2827 = LINE('',#2828,#2829);
#2828 = CARTESIAN_POINT('',(0.,-1.672331855175));
#2829 = VECTOR('',#2830,1.);
#2830 = DIRECTION('',(1.,-0.));
#2831 = ( GEOMETRIC_REPRESENTATION_CONTEXT(2) 
PARAMETRIC_REPRESENTATION_CONTEXT() REPRESENTATION_CONTEXT('2D SPACE',''
  ) );
#2832 = PCURVE('',#2833,#2838);
#2833 = CONICAL_SURFACE('',#2834,48.205714305939,0.453744021864);
#2834 = AXIS2_PLACEMENT_3D('',#2835,#2836,#2837);
#2835 = CARTESIAN_POINT('',(11.107186029162,0.,0.));
#2836 = DIRECTION('',(1.,0.,0.));
#2837 = DIRECTION('',(0.,1.,0.));
#2838 = DEFINITIONAL_REPRESENTATION('',(#2839),#2843);
#2839 = LINE('',#2840,#2841);
#2840 = CARTESIAN_POINT('',(0.,-0.));
#2841 = VECTOR('',#2842,1.);
#2842 = DIRECTION('',(1.,-0.));
#2843 = ( GEOMETRIC_REPRESENTATION_CONTEXT(2) 
PARAMETRIC_REPRESENTATION_CONTEXT() REPRESENTATION_CONTEXT('2D SPACE',''
  ) );
#2844 = ORIENTED_EDGE('',*,*,#2795,.F.);
#2845 = ADVANCED_FACE('',(#2846),#2833,.T.);
#2846 = FACE_BOUND('',#2847,.F.);
#2847 = EDGE_LOOP('',(#2848,#2849,#2872,#2899));
#2848 = ORIENTED_EDGE('',*,*,#2818,.T.);
#2849 = ORIENTED_EDGE('',*,*,#2850,.T.);
#2850 = EDGE_CURVE('',#2796,#2851,#2853,.T.);
#2851 = VERTEX_POINT('',#2852);
#2852 = CARTESIAN_POINT('',(9.386573109116,47.366603880487,0.));
#2853 = SEAM_CURVE('',#2854,(#2858,#2865),.PCURVE_S1.);
#2854 = LINE('',#2855,#2856);
#2855 = CARTESIAN_POINT('',(11.107186029162,48.205714305939,0.));
#2856 = VECTOR('',#2857,1.);
#2857 = DIRECTION('',(-0.898812274596,-0.438333771269,0.));
#2858 = PCURVE('',#2833,#2859);
#2859 = DEFINITIONAL_REPRESENTATION('',(#2860),#2864);
#2860 = LINE('',#2861,#2862);
#2861 = CARTESIAN_POINT('',(0.,-0.));
#2862 = VECTOR('',#2863,1.);
#2863 = DIRECTION('',(0.,-1.));
#2864 = ( GEOMETRIC_REPRESENTATION_CONTEXT(2) 
PARAMETRIC_REPRESENTATION_CONTEXT() REPRESENTATION_CONTEXT('2D SPACE',''
  ) );
#2865 = PCURVE('',#2833,#2866);
#2866 = DEFINITIONAL_REPRESENTATION('',(#2867),#2871);
#2867 = LINE('',#2868,#2869);
#2868 = CARTESIAN_POINT('',(6.28318530718,-0.));
#2869 = VECTOR('',#2870,1.);
#2870 = DIRECTION('',(0.,-1.));
#2871 = ( GEOMETRIC_REPRESENTATION_CONTEXT(2) 
PARAMETRIC_REPRESENTATION_CONTEXT() REPRESENTATION_CONTEXT('2D SPACE',''
  ) );
#2872 = ORIENTED_EDGE('',*,*,#2873,.F.);
#2873 = EDGE_CURVE('',#2851,#2851,#2874,.T.);
#2874 = SURFACE_CURVE('',#2875,(#2880,#2887),.PCURVE_S1.);
#2875 = CIRCLE('',#2876,47.366603880487);
#2876 = AXIS2_PLACEMENT_3D('',#2877,#2878,#2879);
#2877 = CARTESIAN_POINT('',(9.386573109116,0.,0.));
#2878 = DIRECTION('',(1.,0.,0.));
#2879 = DIRECTION('',(-0.,1.,0.));
#2880 = PCURVE('',#2833,#2881);
#2881 = DEFINITIONAL_REPRESENTATION('',(#2882),#2886);
#2882 = LINE('',#2883,#2884);
#2883 = CARTESIAN_POINT('',(0.,-1.720612920047));
#2884 = VECTOR('',#2885,1.);
#2885 = DIRECTION('',(1.,-0.));
#2886 = ( GEOMETRIC_REPRESENTATION_CONTEXT(2) 
PARAMETRIC_REPRESENTATION_CONTEXT() REPRESENTATION_CONTEXT('2D SPACE',''
  ) );
#2887 = PCURVE('',#2888,#2893);
#2888 = CONICAL_SURFACE('',#2889,47.366603880487,0.383963462534);
#2889 = AXIS2_PLACEMENT_3D('',#2890,#2891,#2892);
#2890 = CARTESIAN_POINT('',(9.386573109116,0.,0.));
#2891 = DIRECTION('',(1.,0.,0.));
#2892 = DIRECTION('',(0.,1.,0.));
#2893 = DEFINITIONAL_REPRESENTATION('',(#2894),#2898);
#2894 = LINE('',#2895,#2896);
#2895 = CARTESIAN_POINT('',(0.,-0.));
#2896 = VECTOR('',#2897,1.);
#2897 = DIRECTION('',(1.,-0.));
#2898 = ( GEOMETRIC_REPRESENTATION_CONTEXT(2) 
PARAMETRIC_REPRESENTATION_CONTEXT() REPRESENTATION_CONTEXT('2D SPACE',''
  ) );
#2899 = ORIENTED_EDGE('',*,*,#2850,.F.);
#2900 = ADVANCED_FACE('',(#2901),#2888,.T.);
#2901 = FACE_BOUND('',#2902,.F.);
#2902 = EDGE_LOOP('',(#2903,#2904,#2927,#2954));
#2903 = ORIENTED_EDGE('',*,*,#2873,.T.);
#2904 = ORIENTED_EDGE('',*,*,#2905,.T.);
#2905 = EDGE_CURVE('',#2851,#2906,#2908,.T.);
#2906 = VERTEX_POINT('',#2907);
#2907 = CARTESIAN_POINT('',(7.615985051746,46.651258350811,0.));
#2908 = SEAM_CURVE('',#2909,(#2913,#2920),.PCURVE_S1.);
#2909 = LINE('',#2910,#2911);
#2910 = CARTESIAN_POINT('',(9.386573109116,47.366603880487,0.));
#2911 = VECTOR('',#2912,1.);
#2912 = DIRECTION('',(-0.927187215839,-0.374598273868,0.));
#2913 = PCURVE('',#2888,#2914);
#2914 = DEFINITIONAL_REPRESENTATION('',(#2915),#2919);
#2915 = LINE('',#2916,#2917);
#2916 = CARTESIAN_POINT('',(0.,-0.));
#2917 = VECTOR('',#2918,1.);
#2918 = DIRECTION('',(0.,-1.));
#2919 = ( GEOMETRIC_REPRESENTATION_CONTEXT(2) 
PARAMETRIC_REPRESENTATION_CONTEXT() REPRESENTATION_CONTEXT('2D SPACE',''
  ) );
#2920 = PCURVE('',#2888,#2921);
#2921 = DEFINITIONAL_REPRESENTATION('',(#2922),#2926);
#2922 = LINE('',#2923,#2924);
#2923 = CARTESIAN_POINT('',(6.28318530718,-0.));
#2924 = VECTOR('',#2925,1.);
#2925 = DIRECTION('',(0.,-1.));
#2926 = ( GEOMETRIC_REPRESENTATION_CONTEXT(2) 
PARAMETRIC_REPRESENTATION_CONTEXT() REPRESENTATION_CONTEXT('2D SPACE',''
  ) );
#2927 = ORIENTED_EDGE('',*,*,#2928,.F.);
#2928 = EDGE_CURVE('',#2906,#2906,#2929,.T.);
#2929 = SURFACE_CURVE('',#2930,(#2935,#2942),.PCURVE_S1.);
#2930 = CIRCLE('',#2931,46.651258350811);
#2931 = AXIS2_PLACEMENT_3D('',#2932,#2933,#2934);
#2932 = CARTESIAN_POINT('',(7.615985051746,0.,0.));
#2933 = DIRECTION('',(1.,0.,0.));
#2934 = DIRECTION('',(-0.,1.,0.));
#2935 = PCURVE('',#2888,#2936);
#2936 = DEFINITIONAL_REPRESENTATION('',(#2937),#2941);
#2937 = LINE('',#2938,#2939);
#2938 = CARTESIAN_POINT('',(0.,-1.77058805737));
#2939 = VECTOR('',#2940,1.);
#2940 = DIRECTION('',(1.,-0.));
#2941 = ( GEOMETRIC_REPRESENTATION_CONTEXT(2) 
PARAMETRIC_REPRESENTATION_CONTEXT() REPRESENTATION_CONTEXT('2D SPACE',''
  ) );
#2942 = PCURVE('',#2943,#2948);
#2943 = CONICAL_SURFACE('',#2944,46.651258350811,0.30751847934);
#2944 = AXIS2_PLACEMENT_3D('',#2945,#2946,#2947);
#2945 = CARTESIAN_POINT('',(7.615985051746,0.,0.));
#2946 = DIRECTION('',(1.,0.,0.));
#2947 = DIRECTION('',(0.,1.,0.));
#2948 = DEFINITIONAL_REPRESENTATION('',(#2949),#2953);
#2949 = LINE('',#2950,#2951);
#2950 = CARTESIAN_POINT('',(0.,-0.));
#2951 = VECTOR('',#2952,1.);
#2952 = DIRECTION('',(1.,-0.));
#2953 = ( GEOMETRIC_REPRESENTATION_CONTEXT(2) 
PARAMETRIC_REPRESENTATION_CONTEXT() REPRESENTATION_CONTEXT('2D SPACE',''
  ) );
#2954 = ORIENTED_EDGE('',*,*,#2905,.F.);
#2955 = ADVANCED_FACE('',(#2956),#2943,.T.);
#2956 = FACE_BOUND('',#2957,.F.);
#2957 = EDGE_LOOP('',(#2958,#2959,#2982,#3009));
#2958 = ORIENTED_EDGE('',*,*,#2928,.T.);
#2959 = ORIENTED_EDGE('',*,*,#2960,.T.);
#2960 = EDGE_CURVE('',#2906,#2961,#2963,.T.);
#2961 = VERTEX_POINT('',#2962);
#2962 = CARTESIAN_POINT('',(5.793727784601,46.072521243832,0.));
#2963 = SEAM_CURVE('',#2964,(#2968,#2975),.PCURVE_S1.);
#2964 = LINE('',#2965,#2966);
#2965 = CARTESIAN_POINT('',(7.615985051746,46.651258350811,0.));
#2966 = VECTOR('',#2967,1.);
#2967 = DIRECTION('',(-0.95308764621,-0.302694464174,0.));
#2968 = PCURVE('',#2943,#2969);
#2969 = DEFINITIONAL_REPRESENTATION('',(#2970),#2974);
#2970 = LINE('',#2971,#2972);
#2971 = CARTESIAN_POINT('',(0.,-0.));
#2972 = VECTOR('',#2973,1.);
#2973 = DIRECTION('',(0.,-1.));
#2974 = ( GEOMETRIC_REPRESENTATION_CONTEXT(2) 
PARAMETRIC_REPRESENTATION_CONTEXT() REPRESENTATION_CONTEXT('2D SPACE',''
  ) );
#2975 = PCURVE('',#2943,#2976);
#2976 = DEFINITIONAL_REPRESENTATION('',(#2977),#2981);
#2977 = LINE('',#2978,#2979);
#2978 = CARTESIAN_POINT('',(6.28318530718,-0.));
#2979 = VECTOR('',#2980,1.);
#2980 = DIRECTION('',(0.,-1.));
#2981 = ( GEOMETRIC_REPRESENTATION_CONTEXT(2) 
PARAMETRIC_REPRESENTATION_CONTEXT() REPRESENTATION_CONTEXT('2D SPACE',''
  ) );
#2982 = ORIENTED_EDGE('',*,*,#2983,.F.);
#2983 = EDGE_CURVE('',#2961,#2961,#2984,.T.);
#2984 = SURFACE_CURVE('',#2985,(#2990,#2997),.PCURVE_S1.);
#2985 = CIRCLE('',#2986,46.072521243832);
#2986 = AXIS2_PLACEMENT_3D('',#2987,#2988,#2989);
#2987 = CARTESIAN_POINT('',(5.793727784601,0.,0.));
#2988 = DIRECTION('',(1.,0.,0.));
#2989 = DIRECTION('',(-0.,1.,0.));
#2990 = PCURVE('',#2943,#2991);
#2991 = DEFINITIONAL_REPRESENTATION('',(#2992),#2996);
#2992 = LINE('',#2993,#2994);
#2993 = CARTESIAN_POINT('',(0.,-1.822257267145));
#2994 = VECTOR('',#2995,1.);
#2995 = DIRECTION('',(1.,-0.));
#2996 = ( GEOMETRIC_REPRESENTATION_CONTEXT(2) 
PARAMETRIC_REPRESENTATION_CONTEXT() REPRESENTATION_CONTEXT('2D SPACE',''
  ) );
#2997 = PCURVE('',#2998,#3003);
#2998 = CONICAL_SURFACE('',#2999,46.072521243832,0.225000916855);
#2999 = AXIS2_PLACEMENT_3D('',#3000,#3001,#3002);
#3000 = CARTESIAN_POINT('',(5.793727784601,0.,0.));
#3001 = DIRECTION('',(1.,0.,0.));
#3002 = DIRECTION('',(0.,1.,0.));
#3003 = DEFINITIONAL_REPRESENTATION('',(#3004),#3008);
#3004 = LINE('',#3005,#3006);
#3005 = CARTESIAN_POINT('',(0.,-0.));
#3006 = VECTOR('',#3007,1.);
#3007 = DIRECTION('',(1.,-0.));
#3008 = ( GEOMETRIC_REPRESENTATION_CONTEXT(2) 
PARAMETRIC_REPRESENTATION_CONTEXT() REPRESENTATION_CONTEXT('2D SPACE',''
  ) );
#3009 = ORIENTED_EDGE('',*,*,#2960,.F.);
#3010 = ADVANCED_FACE('',(#3011),#2998,.T.);
#3011 = FACE_BOUND('',#3012,.F.);
#3012 = EDGE_LOOP('',(#3013,#3014,#3037,#3064));
#3013 = ORIENTED_EDGE('',*,*,#2983,.T.);
#3014 = ORIENTED_EDGE('',*,*,#3015,.T.);
#3015 = EDGE_CURVE('',#2961,#3016,#3018,.T.);
#3016 = VERTEX_POINT('',#3017);
#3017 = CARTESIAN_POINT('',(3.918107235229,45.64323608647,0.));
#3018 = SEAM_CURVE('',#3019,(#3023,#3030),.PCURVE_S1.);
#3019 = LINE('',#3020,#3021);
#3020 = CARTESIAN_POINT('',(5.793727784601,46.072521243832,0.));
#3021 = VECTOR('',#3022,1.);
#3022 = DIRECTION('',(-0.974793902512,-0.223107255877,0.));
#3023 = PCURVE('',#2998,#3024);
#3024 = DEFINITIONAL_REPRESENTATION('',(#3025),#3029);
#3025 = LINE('',#3026,#3027);
#3026 = CARTESIAN_POINT('',(0.,-0.));
#3027 = VECTOR('',#3028,1.);
#3028 = DIRECTION('',(0.,-1.));
#3029 = ( GEOMETRIC_REPRESENTATION_CONTEXT(2) 
PARAMETRIC_REPRESENTATION_CONTEXT() REPRESENTATION_CONTEXT('2D SPACE',''
  ) );
#3030 = PCURVE('',#2998,#3031);
#3031 = DEFINITIONAL_REPRESENTATION('',(#3032),#3036);
#3032 = LINE('',#3033,#3034);
#3033 = CARTESIAN_POINT('',(6.28318530718,-0.));
#3034 = VECTOR('',#3035,1.);
#3035 = DIRECTION('',(0.,-1.));
#3036 = ( GEOMETRIC_REPRESENTATION_CONTEXT(2) 
PARAMETRIC_REPRESENTATION_CONTEXT() REPRESENTATION_CONTEXT('2D SPACE',''
  ) );
#3037 = ORIENTED_EDGE('',*,*,#3038,.F.);
#3038 = EDGE_CURVE('',#3016,#3016,#3039,.T.);
#3039 = SURFACE_CURVE('',#3040,(#3045,#3052),.PCURVE_S1.);
#3040 = CIRCLE('',#3041,45.64323608647);
#3041 = AXIS2_PLACEMENT_3D('',#3042,#3043,#3044);
#3042 = CARTESIAN_POINT('',(3.918107235229,0.,0.));
#3043 = DIRECTION('',(1.,0.,0.));
#3044 = DIRECTION('',(-0.,1.,0.));
#3045 = PCURVE('',#2998,#3046);
#3046 = DEFINITIONAL_REPRESENTATION('',(#3047),#3051);
#3047 = LINE('',#3048,#3049);
#3048 = CARTESIAN_POINT('',(0.,-1.875620549372));
#3049 = VECTOR('',#3050,1.);
#3050 = DIRECTION('',(1.,-0.));
#3051 = ( GEOMETRIC_REPRESENTATION_CONTEXT(2) 
PARAMETRIC_REPRESENTATION_CONTEXT() REPRESENTATION_CONTEXT('2D SPACE',''
  ) );
#3052 = PCURVE('',#3053,#3058);
#3053 = CONICAL_SURFACE('',#3054,45.64323608647,0.137416506617);
#3054 = AXIS2_PLACEMENT_3D('',#3055,#3056,#3057);
#3055 = CARTESIAN_POINT('',(3.918107235229,0.,0.));
#3056 = DIRECTION('',(1.,0.,0.));
#3057 = DIRECTION('',(0.,1.,0.));
#3058 = DEFINITIONAL_REPRESENTATION('',(#3059),#3063);
#3059 = LINE('',#3060,#3061);
#3060 = CARTESIAN_POINT('',(0.,-0.));
#3061 = VECTOR('',#3062,1.);
#3062 = DIRECTION('',(1.,-0.));
#3063 = ( GEOMETRIC_REPRESENTATION_CONTEXT(2) 
PARAMETRIC_REPRESENTATION_CONTEXT() REPRESENTATION_CONTEXT('2D SPACE',''
  ) );
#3064 = ORIENTED_EDGE('',*,*,#3015,.F.);
#3065 = ADVANCED_FACE('',(#3066),#3053,.T.);
#3066 = FACE_BOUND('',#3067,.F.);
#3067 = EDGE_LOOP('',(#3068,#3069,#3092,#3119));
#3068 = ORIENTED_EDGE('',*,*,#3038,.T.);
#3069 = ORIENTED_EDGE('',*,*,#3070,.T.);
#3070 = EDGE_CURVE('',#3016,#3071,#3073,.T.);
#3071 = VERTEX_POINT('',#3072);
#3072 = CARTESIAN_POINT('',(1.98742933118,45.376246405644,0.));
#3073 = SEAM_CURVE('',#3074,(#3078,#3085),.PCURVE_S1.);
#3074 = LINE('',#3075,#3076);
#3075 = CARTESIAN_POINT('',(3.918107235229,45.64323608647,0.));
#3076 = VECTOR('',#3077,1.);
#3077 = DIRECTION('',(-0.990573199959,-0.136984435331,0.));
#3078 = PCURVE('',#3053,#3079);
#3079 = DEFINITIONAL_REPRESENTATION('',(#3080),#3084);
#3080 = LINE('',#3081,#3082);
#3081 = CARTESIAN_POINT('',(0.,-0.));
#3082 = VECTOR('',#3083,1.);
#3083 = DIRECTION('',(0.,-1.));
#3084 = ( GEOMETRIC_REPRESENTATION_CONTEXT(2) 
PARAMETRIC_REPRESENTATION_CONTEXT() REPRESENTATION_CONTEXT('2D SPACE',''
  ) );
#3085 = PCURVE('',#3053,#3086);
#3086 = DEFINITIONAL_REPRESENTATION('',(#3087),#3091);
#3087 = LINE('',#3088,#3089);
#3088 = CARTESIAN_POINT('',(6.28318530718,-0.));
#3089 = VECTOR('',#3090,1.);
#3090 = DIRECTION('',(0.,-1.));
#3091 = ( GEOMETRIC_REPRESENTATION_CONTEXT(2) 
PARAMETRIC_REPRESENTATION_CONTEXT() REPRESENTATION_CONTEXT('2D SPACE',''
  ) );
#3092 = ORIENTED_EDGE('',*,*,#3093,.F.);
#3093 = EDGE_CURVE('',#3071,#3071,#3094,.T.);
#3094 = SURFACE_CURVE('',#3095,(#3100,#3107),.PCURVE_S1.);
#3095 = CIRCLE('',#3096,45.376246405644);
#3096 = AXIS2_PLACEMENT_3D('',#3097,#3098,#3099);
#3097 = CARTESIAN_POINT('',(1.98742933118,0.,0.));
#3098 = DIRECTION('',(1.,0.,0.));
#3099 = DIRECTION('',(-0.,1.,0.));
#3100 = PCURVE('',#3053,#3101);
#3101 = DEFINITIONAL_REPRESENTATION('',(#3102),#3106);
#3102 = LINE('',#3103,#3104);
#3103 = CARTESIAN_POINT('',(0.,-1.93067790405));
#3104 = VECTOR('',#3105,1.);
#3105 = DIRECTION('',(1.,-0.));
#3106 = ( GEOMETRIC_REPRESENTATION_CONTEXT(2) 
PARAMETRIC_REPRESENTATION_CONTEXT() REPRESENTATION_CONTEXT('2D SPACE',''
  ) );
#3107 = PCURVE('',#3108,#3113);
#3108 = CONICAL_SURFACE('',#3109,45.376246405644,4.61829585198E-02);
#3109 = AXIS2_PLACEMENT_3D('',#3110,#3111,#3112);
#3110 = CARTESIAN_POINT('',(1.98742933118,0.,0.));
#3111 = DIRECTION('',(1.,0.,0.));
#3112 = DIRECTION('',(0.,1.,0.));
#3113 = DEFINITIONAL_REPRESENTATION('',(#3114),#3118);
#3114 = LINE('',#3115,#3116);
#3115 = CARTESIAN_POINT('',(0.,-0.));
#3116 = VECTOR('',#3117,1.);
#3117 = DIRECTION('',(1.,-0.));
#3118 = ( GEOMETRIC_REPRESENTATION_CONTEXT(2) 
PARAMETRIC_REPRESENTATION_CONTEXT() REPRESENTATION_CONTEXT('2D SPACE',''
  ) );
#3119 = ORIENTED_EDGE('',*,*,#3070,.F.);
#3120 = ADVANCED_FACE('',(#3121),#3108,.T.);
#3121 = FACE_BOUND('',#3122,.F.);
#3122 = EDGE_LOOP('',(#3123,#3124,#3147,#3174));
#3123 = ORIENTED_EDGE('',*,*,#3093,.T.);
#3124 = ORIENTED_EDGE('',*,*,#3125,.T.);
#3125 = EDGE_CURVE('',#3071,#3126,#3128,.T.);
#3126 = VERTEX_POINT('',#3127);
#3127 = CARTESIAN_POINT('',(0.,45.284395728276,0.));
#3128 = SEAM_CURVE('',#3129,(#3133,#3140),.PCURVE_S1.);
#3129 = LINE('',#3130,#3131);
#3130 = CARTESIAN_POINT('',(1.98742933118,45.376246405644,0.));
#3131 = VECTOR('',#3132,1.);
#3132 = DIRECTION('',(-0.998933756704,-4.616654326278E-02,0.));
#3133 = PCURVE('',#3108,#3134);
#3134 = DEFINITIONAL_REPRESENTATION('',(#3135),#3139);
#3135 = LINE('',#3136,#3137);
#3136 = CARTESIAN_POINT('',(0.,-0.));
#3137 = VECTOR('',#3138,1.);
#3138 = DIRECTION('',(0.,-1.));
#3139 = ( GEOMETRIC_REPRESENTATION_CONTEXT(2) 
PARAMETRIC_REPRESENTATION_CONTEXT() REPRESENTATION_CONTEXT('2D SPACE',''
  ) );
#3140 = PCURVE('',#3108,#3141);
#3141 = DEFINITIONAL_REPRESENTATION('',(#3142),#3146);
#3142 = LINE('',#3143,#3144);
#3143 = CARTESIAN_POINT('',(6.28318530718,-0.));
#3144 = VECTOR('',#3145,1.);
#3145 = DIRECTION('',(0.,-1.));
#3146 = ( GEOMETRIC_REPRESENTATION_CONTEXT(2) 
PARAMETRIC_REPRESENTATION_CONTEXT() REPRESENTATION_CONTEXT('2D SPACE',''
  ) );
#3147 = ORIENTED_EDGE('',*,*,#3148,.F.);
#3148 = EDGE_CURVE('',#3126,#3126,#3149,.T.);
#3149 = SURFACE_CURVE('',#3150,(#3155,#3162),.PCURVE_S1.);
#3150 = CIRCLE('',#3151,45.284395728276);
#3151 = AXIS2_PLACEMENT_3D('',#3152,#3153,#3154);
#3152 = CARTESIAN_POINT('',(0.,0.,0.));
#3153 = DIRECTION('',(1.,0.,0.));
#3154 = DIRECTION('',(-0.,1.,0.));
#3155 = PCURVE('',#3108,#3156);
#3156 = DEFINITIONAL_REPRESENTATION('',(#3157),#3161);
#3157 = LINE('',#3158,#3159);
#3158 = CARTESIAN_POINT('',(0.,-1.98742933118));
#3159 = VECTOR('',#3160,1.);
#3160 = DIRECTION('',(1.,-0.));
#3161 = ( GEOMETRIC_REPRESENTATION_CONTEXT(2) 
PARAMETRIC_REPRESENTATION_CONTEXT() REPRESENTATION_CONTEXT('2D SPACE',''
  ) );
#3162 = PCURVE('',#3163,#3168);
#3163 = CONICAL_SURFACE('',#3164,45.284395728276,9.783256344351E-02);
#3164 = AXIS2_PLACEMENT_3D('',#3165,#3166,#3167);
#3165 = CARTESIAN_POINT('',(0.,0.,0.));
#3166 = DIRECTION('',(1.,0.,0.));
#3167 = DIRECTION('',(0.,1.,0.));
#3168 = DEFINITIONAL_REPRESENTATION('',(#3169),#3173);
#3169 = LINE('',#3170,#3171);
#3170 = CARTESIAN_POINT('',(0.,-0.));
#3171 = VECTOR('',#3172,1.);
#3172 = DIRECTION('',(1.,-0.));
#3173 = ( GEOMETRIC_REPRESENTATION_CONTEXT(2) 
PARAMETRIC_REPRESENTATION_CONTEXT() REPRESENTATION_CONTEXT('2D SPACE',''
  ) );
#3174 = ORIENTED_EDGE('',*,*,#3125,.F.);
#3175 = ADVANCED_FACE('',(#3176),#3163,.T.);
#3176 = FACE_BOUND('',#3177,.F.);
#3177 = EDGE_LOOP('',(#3178,#3179,#3202,#3229));
#3178 = ORIENTED_EDGE('',*,*,#3148,.T.);
#3179 = ORIENTED_EDGE('',*,*,#3180,.T.);
#3180 = EDGE_CURVE('',#3126,#3181,#3183,.T.);
#3181 = VERTEX_POINT('',#3182);
#3182 = CARTESIAN_POINT('',(-30.56674149686,42.284395728276,0.));
#3183 = SEAM_CURVE('',#3184,(#3188,#3195),.PCURVE_S1.);
#3184 = LINE('',#3185,#3186);
#3185 = CARTESIAN_POINT('',(0.,45.284395728276,0.));
#3186 = VECTOR('',#3187,1.);
#3187 = DIRECTION('',(-0.99521821055,-9.7676575436E-02,0.));
#3188 = PCURVE('',#3163,#3189);
#3189 = DEFINITIONAL_REPRESENTATION('',(#3190),#3194);
#3190 = LINE('',#3191,#3192);
#3191 = CARTESIAN_POINT('',(0.,-0.));
#3192 = VECTOR('',#3193,1.);
#3193 = DIRECTION('',(0.,-1.));
#3194 = ( GEOMETRIC_REPRESENTATION_CONTEXT(2) 
PARAMETRIC_REPRESENTATION_CONTEXT() REPRESENTATION_CONTEXT('2D SPACE',''
  ) );
#3195 = PCURVE('',#3163,#3196);
#3196 = DEFINITIONAL_REPRESENTATION('',(#3197),#3201);
#3197 = LINE('',#3198,#3199);
#3198 = CARTESIAN_POINT('',(6.28318530718,-0.));
#3199 = VECTOR('',#3200,1.);
#3200 = DIRECTION('',(0.,-1.));
#3201 = ( GEOMETRIC_REPRESENTATION_CONTEXT(2) 
PARAMETRIC_REPRESENTATION_CONTEXT() REPRESENTATION_CONTEXT('2D SPACE',''
  ) );
#3202 = ORIENTED_EDGE('',*,*,#3203,.F.);
#3203 = EDGE_CURVE('',#3181,#3181,#3204,.T.);
#3204 = SURFACE_CURVE('',#3205,(#3210,#3217),.PCURVE_S1.);
#3205 = CIRCLE('',#3206,42.284395728276);
#3206 = AXIS2_PLACEMENT_3D('',#3207,#3208,#3209);
#3207 = CARTESIAN_POINT('',(-30.56674149686,0.,0.));
#3208 = DIRECTION('',(1.,0.,0.));
#3209 = DIRECTION('',(-0.,1.,0.));
#3210 = PCURVE('',#3163,#3211);
#3211 = DEFINITIONAL_REPRESENTATION('',(#3212),#3216);
#3212 = LINE('',#3213,#3214);
#3213 = CARTESIAN_POINT('',(0.,-30.56674149686));
#3214 = VECTOR('',#3215,1.);
#3215 = DIRECTION('',(1.,-0.));
#3216 = ( GEOMETRIC_REPRESENTATION_CONTEXT(2) 
PARAMETRIC_REPRESENTATION_CONTEXT() REPRESENTATION_CONTEXT('2D SPACE',''
  ) );
#3217 = PCURVE('',#3218,#3223);
#3218 = CONICAL_SURFACE('',#3219,42.284395728276,8.726646259972E-02);
#3219 = AXIS2_PLACEMENT_3D('',#3220,#3221,#3222);
#3220 = CARTESIAN_POINT('',(-30.56674149686,0.,0.));
#3221 = DIRECTION('',(-1.,-0.,-0.));
#3222 = DIRECTION('',(0.,1.,0.));
#3223 = DEFINITIONAL_REPRESENTATION('',(#3224),#3228);
#3224 = LINE('',#3225,#3226);
#3225 = CARTESIAN_POINT('',(-0.,0.));
#3226 = VECTOR('',#3227,1.);
#3227 = DIRECTION('',(-1.,0.));
#3228 = ( GEOMETRIC_REPRESENTATION_CONTEXT(2) 
PARAMETRIC_REPRESENTATION_CONTEXT() REPRESENTATION_CONTEXT('2D SPACE',''
  ) );
#3229 = ORIENTED_EDGE('',*,*,#3180,.F.);
#3230 = ADVANCED_FACE('',(#3231),#3218,.T.);
#3231 = FACE_BOUND('',#3232,.F.);
#3232 = EDGE_LOOP('',(#3233,#3234,#3257,#3284));
#3233 = ORIENTED_EDGE('',*,*,#3203,.T.);
#3234 = ORIENTED_EDGE('',*,*,#3235,.T.);
#3235 = EDGE_CURVE('',#3181,#3236,#3238,.T.);
#3236 = VERTEX_POINT('',#3237);
#3237 = CARTESIAN_POINT('',(-33.46797896151,42.538221116629,0.));
#3238 = SEAM_CURVE('',#3239,(#3243,#3250),.PCURVE_S1.);
#3239 = LINE('',#3240,#3241);
#3240 = CARTESIAN_POINT('',(-30.56674149686,42.284395728276,0.));
#3241 = VECTOR('',#3242,1.);
#3242 = DIRECTION('',(-0.996194698092,8.715574274766E-02,0.));
#3243 = PCURVE('',#3218,#3244);
#3244 = DEFINITIONAL_REPRESENTATION('',(#3245),#3249);
#3245 = LINE('',#3246,#3247);
#3246 = CARTESIAN_POINT('',(-0.,0.));
#3247 = VECTOR('',#3248,1.);
#3248 = DIRECTION('',(-0.,1.));
#3249 = ( GEOMETRIC_REPRESENTATION_CONTEXT(2) 
PARAMETRIC_REPRESENTATION_CONTEXT() REPRESENTATION_CONTEXT('2D SPACE',''
  ) );
#3250 = PCURVE('',#3218,#3251);
#3251 = DEFINITIONAL_REPRESENTATION('',(#3252),#3256);
#3252 = LINE('',#3253,#3254);
#3253 = CARTESIAN_POINT('',(-6.28318530718,0.));
#3254 = VECTOR('',#3255,1.);
#3255 = DIRECTION('',(-0.,1.));
#3256 = ( GEOMETRIC_REPRESENTATION_CONTEXT(2) 
PARAMETRIC_REPRESENTATION_CONTEXT() REPRESENTATION_CONTEXT('2D SPACE',''
  ) );
#3257 = ORIENTED_EDGE('',*,*,#3258,.F.);
#3258 = EDGE_CURVE('',#3236,#3236,#3259,.T.);
#3259 = SURFACE_CURVE('',#3260,(#3265,#3272),.PCURVE_S1.);
#3260 = CIRCLE('',#3261,42.538221116629);
#3261 = AXIS2_PLACEMENT_3D('',#3262,#3263,#3264);
#3262 = CARTESIAN_POINT('',(-33.46797896151,0.,0.));
#3263 = DIRECTION('',(1.,0.,0.));
#3264 = DIRECTION('',(-0.,1.,0.));
#3265 = PCURVE('',#3218,#3266);
#3266 = DEFINITIONAL_REPRESENTATION('',(#3267),#3271);
#3267 = LINE('',#3268,#3269);
#3268 = CARTESIAN_POINT('',(-0.,2.901237464648));
#3269 = VECTOR('',#3270,1.);
#3270 = DIRECTION('',(-1.,0.));
#3271 = ( GEOMETRIC_REPRESENTATION_CONTEXT(2) 
PARAMETRIC_REPRESENTATION_CONTEXT() REPRESENTATION_CONTEXT('2D SPACE',''
  ) );
#3272 = PCURVE('',#3273,#3278);
#3273 = CONICAL_SURFACE('',#3274,42.538221116629,0.261799387799);
#3274 = AXIS2_PLACEMENT_3D('',#3275,#3276,#3277);
#3275 = CARTESIAN_POINT('',(-33.46797896151,0.,0.));
#3276 = DIRECTION('',(-1.,-0.,-0.));
#3277 = DIRECTION('',(0.,1.,0.));
#3278 = DEFINITIONAL_REPRESENTATION('',(#3279),#3283);
#3279 = LINE('',#3280,#3281);
#3280 = CARTESIAN_POINT('',(-0.,0.));
#3281 = VECTOR('',#3282,1.);
#3282 = DIRECTION('',(-1.,0.));
#3283 = ( GEOMETRIC_REPRESENTATION_CONTEXT(2) 
PARAMETRIC_REPRESENTATION_CONTEXT() REPRESENTATION_CONTEXT('2D SPACE',''
  ) );
#3284 = ORIENTED_EDGE('',*,*,#3235,.F.);
#3285 = ADVANCED_FACE('',(#3286),#3273,.T.);
#3286 = FACE_BOUND('',#3287,.F.);
#3287 = EDGE_LOOP('',(#3288,#3289,#3312,#3339));
#3288 = ORIENTED_EDGE('',*,*,#3258,.T.);
#3289 = ORIENTED_EDGE('',*,*,#3290,.T.);
#3290 = EDGE_CURVE('',#3236,#3291,#3293,.T.);
#3291 = VERTEX_POINT('',#3292);
#3292 = CARTESIAN_POINT('',(-36.28106379389,43.291984925706,0.));
#3293 = SEAM_CURVE('',#3294,(#3298,#3305),.PCURVE_S1.);
#3294 = LINE('',#3295,#3296);
#3295 = CARTESIAN_POINT('',(-33.46797896151,42.538221116629,0.));
#3296 = VECTOR('',#3297,1.);
#3297 = DIRECTION('',(-0.965925826289,0.258819045103,0.));
#3298 = PCURVE('',#3273,#3299);
#3299 = DEFINITIONAL_REPRESENTATION('',(#3300),#3304);
#3300 = LINE('',#3301,#3302);
#3301 = CARTESIAN_POINT('',(-0.,0.));
#3302 = VECTOR('',#3303,1.);
#3303 = DIRECTION('',(-0.,1.));
#3304 = ( GEOMETRIC_REPRESENTATION_CONTEXT(2) 
PARAMETRIC_REPRESENTATION_CONTEXT() REPRESENTATION_CONTEXT('2D SPACE',''
  ) );
#3305 = PCURVE('',#3273,#3306);
#3306 = DEFINITIONAL_REPRESENTATION('',(#3307),#3311);
#3307 = LINE('',#3308,#3309);
#3308 = CARTESIAN_POINT('',(-6.28318530718,0.));
#3309 = VECTOR('',#3310,1.);
#3310 = DIRECTION('',(-0.,1.));
#3311 = ( GEOMETRIC_REPRESENTATION_CONTEXT(2) 
PARAMETRIC_REPRESENTATION_CONTEXT() REPRESENTATION_CONTEXT('2D SPACE',''
  ) );
#3312 = ORIENTED_EDGE('',*,*,#3313,.F.);
#3313 = EDGE_CURVE('',#3291,#3291,#3314,.T.);
#3314 = SURFACE_CURVE('',#3315,(#3320,#3327),.PCURVE_S1.);
#3315 = CIRCLE('',#3316,43.291984925706);
#3316 = AXIS2_PLACEMENT_3D('',#3317,#3318,#3319);
#3317 = CARTESIAN_POINT('',(-36.28106379389,0.,0.));
#3318 = DIRECTION('',(1.,0.,0.));
#3319 = DIRECTION('',(-0.,1.,0.));
#3320 = PCURVE('',#3273,#3321);
#3321 = DEFINITIONAL_REPRESENTATION('',(#3322),#3326);
#3322 = LINE('',#3323,#3324);
#3323 = CARTESIAN_POINT('',(-0.,2.813084832381));
#3324 = VECTOR('',#3325,1.);
#3325 = DIRECTION('',(-1.,0.));
#3326 = ( GEOMETRIC_REPRESENTATION_CONTEXT(2) 
PARAMETRIC_REPRESENTATION_CONTEXT() REPRESENTATION_CONTEXT('2D SPACE',''
  ) );
#3327 = PCURVE('',#3328,#3333);
#3328 = CONICAL_SURFACE('',#3329,43.291984925706,0.436332312999);
#3329 = AXIS2_PLACEMENT_3D('',#3330,#3331,#3332);
#3330 = CARTESIAN_POINT('',(-36.28106379389,0.,0.));
#3331 = DIRECTION('',(-1.,-0.,-0.));
#3332 = DIRECTION('',(0.,1.,0.));
#3333 = DEFINITIONAL_REPRESENTATION('',(#3334),#3338);
#3334 = LINE('',#3335,#3336);
#3335 = CARTESIAN_POINT('',(-0.,0.));
#3336 = VECTOR('',#3337,1.);
#3337 = DIRECTION('',(-1.,0.));
#3338 = ( GEOMETRIC_REPRESENTATION_CONTEXT(2) 
PARAMETRIC_REPRESENTATION_CONTEXT() REPRESENTATION_CONTEXT('2D SPACE',''
  ) );
#3339 = ORIENTED_EDGE('',*,*,#3290,.F.);
#3340 = ADVANCED_FACE('',(#3341),#3328,.T.);
#3341 = FACE_BOUND('',#3342,.F.);
#3342 = EDGE_LOOP('',(#3343,#3344,#3367,#3394));
#3343 = ORIENTED_EDGE('',*,*,#3313,.T.);
#3344 = ORIENTED_EDGE('',*,*,#3345,.T.);
#3345 = EDGE_CURVE('',#3291,#3346,#3348,.T.);
#3346 = VERTEX_POINT('',#3347);
#3347 = CARTESIAN_POINT('',(-38.92052183486,44.52278442359,0.));
#3348 = SEAM_CURVE('',#3349,(#3353,#3360),.PCURVE_S1.);
#3349 = LINE('',#3350,#3351);
#3350 = CARTESIAN_POINT('',(-36.28106379389,43.291984925706,0.));
#3351 = VECTOR('',#3352,1.);
#3352 = DIRECTION('',(-0.906307787037,0.422618261741,0.));
#3353 = PCURVE('',#3328,#3354);
#3354 = DEFINITIONAL_REPRESENTATION('',(#3355),#3359);
#3355 = LINE('',#3356,#3357);
#3356 = CARTESIAN_POINT('',(-0.,0.));
#3357 = VECTOR('',#3358,1.);
#3358 = DIRECTION('',(-0.,1.));
#3359 = ( GEOMETRIC_REPRESENTATION_CONTEXT(2) 
PARAMETRIC_REPRESENTATION_CONTEXT() REPRESENTATION_CONTEXT('2D SPACE',''
  ) );
#3360 = PCURVE('',#3328,#3361);
#3361 = DEFINITIONAL_REPRESENTATION('',(#3362),#3366);
#3362 = LINE('',#3363,#3364);
#3363 = CARTESIAN_POINT('',(-6.28318530718,0.));
#3364 = VECTOR('',#3365,1.);
#3365 = DIRECTION('',(-0.,1.));
#3366 = ( GEOMETRIC_REPRESENTATION_CONTEXT(2) 
PARAMETRIC_REPRESENTATION_CONTEXT() REPRESENTATION_CONTEXT('2D SPACE',''
  ) );
#3367 = ORIENTED_EDGE('',*,*,#3368,.F.);
#3368 = EDGE_CURVE('',#3346,#3346,#3369,.T.);
#3369 = SURFACE_CURVE('',#3370,(#3375,#3382),.PCURVE_S1.);
#3370 = CIRCLE('',#3371,44.52278442359);
#3371 = AXIS2_PLACEMENT_3D('',#3372,#3373,#3374);
#3372 = CARTESIAN_POINT('',(-38.92052183486,0.,0.));
#3373 = DIRECTION('',(1.,0.,0.));
#3374 = DIRECTION('',(-0.,1.,0.));
#3375 = PCURVE('',#3328,#3376);
#3376 = DEFINITIONAL_REPRESENTATION('',(#3377),#3381);
#3377 = LINE('',#3378,#3379);
#3378 = CARTESIAN_POINT('',(-0.,2.639458040973));
#3379 = VECTOR('',#3380,1.);
#3380 = DIRECTION('',(-1.,0.));
#3381 = ( GEOMETRIC_REPRESENTATION_CONTEXT(2) 
PARAMETRIC_REPRESENTATION_CONTEXT() REPRESENTATION_CONTEXT('2D SPACE',''
  ) );
#3382 = PCURVE('',#3383,#3388);
#3383 = CONICAL_SURFACE('',#3384,44.52278442359,0.610865238198);
#3384 = AXIS2_PLACEMENT_3D('',#3385,#3386,#3387);
#3385 = CARTESIAN_POINT('',(-38.92052183486,0.,0.));
#3386 = DIRECTION('',(-1.,-0.,-0.));
#3387 = DIRECTION('',(0.,1.,0.));
#3388 = DEFINITIONAL_REPRESENTATION('',(#3389),#3393);
#3389 = LINE('',#3390,#3391);
#3390 = CARTESIAN_POINT('',(-0.,0.));
#3391 = VECTOR('',#3392,1.);
#3392 = DIRECTION('',(-1.,0.));
#3393 = ( GEOMETRIC_REPRESENTATION_CONTEXT(2) 
PARAMETRIC_REPRESENTATION_CONTEXT() REPRESENTATION_CONTEXT('2D SPACE',''
  ) );
#3394 = ORIENTED_EDGE('',*,*,#3345,.F.);
#3395 = ADVANCED_FACE('',(#3396),#3383,.T.);
#3396 = FACE_BOUND('',#3397,.F.);
#3397 = EDGE_LOOP('',(#3398,#3399,#3422,#3449));
#3398 = ORIENTED_EDGE('',*,*,#3368,.T.);
#3399 = ORIENTED_EDGE('',*,*,#3400,.T.);
#3400 = EDGE_CURVE('',#3346,#3401,#3403,.T.);
#3401 = VERTEX_POINT('',#3402);
#3402 = CARTESIAN_POINT('',(-41.30615448748,46.193222390353,0.));
#3403 = SEAM_CURVE('',#3404,(#3408,#3415),.PCURVE_S1.);
#3404 = LINE('',#3405,#3406);
#3405 = CARTESIAN_POINT('',(-38.92052183486,44.52278442359,0.));
#3406 = VECTOR('',#3407,1.);
#3407 = DIRECTION('',(-0.819152044289,0.573576436351,0.));
#3408 = PCURVE('',#3383,#3409);
#3409 = DEFINITIONAL_REPRESENTATION('',(#3410),#3414);
#3410 = LINE('',#3411,#3412);
#3411 = CARTESIAN_POINT('',(-0.,0.));
#3412 = VECTOR('',#3413,1.);
#3413 = DIRECTION('',(-0.,1.));
#3414 = ( GEOMETRIC_REPRESENTATION_CONTEXT(2) 
PARAMETRIC_REPRESENTATION_CONTEXT() REPRESENTATION_CONTEXT('2D SPACE',''
  ) );
#3415 = PCURVE('',#3383,#3416);
#3416 = DEFINITIONAL_REPRESENTATION('',(#3417),#3421);
#3417 = LINE('',#3418,#3419);
#3418 = CARTESIAN_POINT('',(-6.28318530718,0.));
#3419 = VECTOR('',#3420,1.);
#3420 = DIRECTION('',(-0.,1.));
#3421 = ( GEOMETRIC_REPRESENTATION_CONTEXT(2) 
PARAMETRIC_REPRESENTATION_CONTEXT() REPRESENTATION_CONTEXT('2D SPACE',''
  ) );
#3422 = ORIENTED_EDGE('',*,*,#3423,.F.);
#3423 = EDGE_CURVE('',#3401,#3401,#3424,.T.);
#3424 = SURFACE_CURVE('',#3425,(#3430,#3437),.PCURVE_S1.);
#3425 = CIRCLE('',#3426,46.193222390353);
#3426 = AXIS2_PLACEMENT_3D('',#3427,#3428,#3429);
#3427 = CARTESIAN_POINT('',(-41.30615448748,0.,0.));
#3428 = DIRECTION('',(1.,0.,0.));
#3429 = DIRECTION('',(-0.,1.,0.));
#3430 = PCURVE('',#3383,#3431);
#3431 = DEFINITIONAL_REPRESENTATION('',(#3432),#3436);
#3432 = LINE('',#3433,#3434);
#3433 = CARTESIAN_POINT('',(-0.,2.385632652619));
#3434 = VECTOR('',#3435,1.);
#3435 = DIRECTION('',(-1.,0.));
#3436 = ( GEOMETRIC_REPRESENTATION_CONTEXT(2) 
PARAMETRIC_REPRESENTATION_CONTEXT() REPRESENTATION_CONTEXT('2D SPACE',''
  ) );
#3437 = PCURVE('',#3438,#3443);
#3438 = CONICAL_SURFACE('',#3439,46.193222390353,0.785398163397);
#3439 = AXIS2_PLACEMENT_3D('',#3440,#3441,#3442);
#3440 = CARTESIAN_POINT('',(-41.30615448748,0.,0.));
#3441 = DIRECTION('',(-1.,-0.,-0.));
#3442 = DIRECTION('',(0.,1.,0.));
#3443 = DEFINITIONAL_REPRESENTATION('',(#3444),#3448);
#3444 = LINE('',#3445,#3446);
#3445 = CARTESIAN_POINT('',(-0.,0.));
#3446 = VECTOR('',#3447,1.);
#3447 = DIRECTION('',(-1.,0.));
#3448 = ( GEOMETRIC_REPRESENTATION_CONTEXT(2) 
PARAMETRIC_REPRESENTATION_CONTEXT() REPRESENTATION_CONTEXT('2D SPACE',''
  ) );
#3449 = ORIENTED_EDGE('',*,*,#3400,.F.);
#3450 = ADVANCED_FACE('',(#3451),#3438,.T.);
#3451 = FACE_BOUND('',#3452,.F.);
#3452 = EDGE_LOOP('',(#3453,#3454,#3477,#3504));
#3453 = ORIENTED_EDGE('',*,*,#3423,.T.);
#3454 = ORIENTED_EDGE('',*,*,#3455,.T.);
#3455 = EDGE_CURVE('',#3401,#3456,#3458,.T.);
#3456 = VERTEX_POINT('',#3457);
#3457 = CARTESIAN_POINT('',(-43.36547551078,48.252543413658,0.));
#3458 = SEAM_CURVE('',#3459,(#3463,#3470),.PCURVE_S1.);
#3459 = LINE('',#3460,#3461);
#3460 = CARTESIAN_POINT('',(-41.30615448748,46.193222390353,0.));
#3461 = VECTOR('',#3462,1.);
#3462 = DIRECTION('',(-0.707106781187,0.707106781187,0.));
#3463 = PCURVE('',#3438,#3464);
#3464 = DEFINITIONAL_REPRESENTATION('',(#3465),#3469);
#3465 = LINE('',#3466,#3467);
#3466 = CARTESIAN_POINT('',(-0.,0.));
#3467 = VECTOR('',#3468,1.);
#3468 = DIRECTION('',(-0.,1.));
#3469 = ( GEOMETRIC_REPRESENTATION_CONTEXT(2) 
PARAMETRIC_REPRESENTATION_CONTEXT() REPRESENTATION_CONTEXT('2D SPACE',''
  ) );
#3470 = PCURVE('',#3438,#3471);
#3471 = DEFINITIONAL_REPRESENTATION('',(#3472),#3476);
#3472 = LINE('',#3473,#3474);
#3473 = CARTESIAN_POINT('',(-6.28318530718,0.));
#3474 = VECTOR('',#3475,1.);
#3475 = DIRECTION('',(-0.,1.));
#3476 = ( GEOMETRIC_REPRESENTATION_CONTEXT(2) 
PARAMETRIC_REPRESENTATION_CONTEXT() REPRESENTATION_CONTEXT('2D SPACE',''
  ) );
#3477 = ORIENTED_EDGE('',*,*,#3478,.F.);
#3478 = EDGE_CURVE('',#3456,#3456,#3479,.T.);
#3479 = SURFACE_CURVE('',#3480,(#3485,#3492),.PCURVE_S1.);
#3480 = CIRCLE('',#3481,48.252543413658);
#3481 = AXIS2_PLACEMENT_3D('',#3482,#3483,#3484);
#3482 = CARTESIAN_POINT('',(-43.36547551078,0.,0.));
#3483 = DIRECTION('',(1.,0.,0.));
#3484 = DIRECTION('',(-0.,1.,0.));
#3485 = PCURVE('',#3438,#3486);
#3486 = DEFINITIONAL_REPRESENTATION('',(#3487),#3491);
#3487 = LINE('',#3488,#3489);
#3488 = CARTESIAN_POINT('',(-0.,2.059321023304));
#3489 = VECTOR('',#3490,1.);
#3490 = DIRECTION('',(-1.,0.));
#3491 = ( GEOMETRIC_REPRESENTATION_CONTEXT(2) 
PARAMETRIC_REPRESENTATION_CONTEXT() REPRESENTATION_CONTEXT('2D SPACE',''
  ) );
#3492 = PCURVE('',#3493,#3498);
#3493 = CONICAL_SURFACE('',#3494,48.252543413658,0.959931088597);
#3494 = AXIS2_PLACEMENT_3D('',#3495,#3496,#3497);
#3495 = CARTESIAN_POINT('',(-43.36547551078,0.,0.));
#3496 = DIRECTION('',(-1.,-0.,-0.));
#3497 = DIRECTION('',(0.,1.,0.));
#3498 = DEFINITIONAL_REPRESENTATION('',(#3499),#3503);
#3499 = LINE('',#3500,#3501);
#3500 = CARTESIAN_POINT('',(-0.,0.));
#3501 = VECTOR('',#3502,1.);
#3502 = DIRECTION('',(-1.,0.));
#3503 = ( GEOMETRIC_REPRESENTATION_CONTEXT(2) 
PARAMETRIC_REPRESENTATION_CONTEXT() REPRESENTATION_CONTEXT('2D SPACE',''
  ) );
#3504 = ORIENTED_EDGE('',*,*,#3455,.F.);
#3505 = ADVANCED_FACE('',(#3506),#3493,.T.);
#3506 = FACE_BOUND('',#3507,.F.);
#3507 = EDGE_LOOP('',(#3508,#3509,#3532,#3559));
#3508 = ORIENTED_EDGE('',*,*,#3478,.T.);
#3509 = ORIENTED_EDGE('',*,*,#3510,.T.);
#3510 = EDGE_CURVE('',#3456,#3511,#3513,.T.);
#3511 = VERTEX_POINT('',#3512);
#3512 = CARTESIAN_POINT('',(-45.03591347755,50.638176066277,0.));
#3513 = SEAM_CURVE('',#3514,(#3518,#3525),.PCURVE_S1.);
#3514 = LINE('',#3515,#3516);
#3515 = CARTESIAN_POINT('',(-43.36547551078,48.252543413658,0.));
#3516 = VECTOR('',#3517,1.);
#3517 = DIRECTION('',(-0.573576436351,0.819152044289,0.));
#3518 = PCURVE('',#3493,#3519);
#3519 = DEFINITIONAL_REPRESENTATION('',(#3520),#3524);
#3520 = LINE('',#3521,#3522);
#3521 = CARTESIAN_POINT('',(-0.,0.));
#3522 = VECTOR('',#3523,1.);
#3523 = DIRECTION('',(-0.,1.));
#3524 = ( GEOMETRIC_REPRESENTATION_CONTEXT(2) 
PARAMETRIC_REPRESENTATION_CONTEXT() REPRESENTATION_CONTEXT('2D SPACE',''
  ) );
#3525 = PCURVE('',#3493,#3526);
#3526 = DEFINITIONAL_REPRESENTATION('',(#3527),#3531);
#3527 = LINE('',#3528,#3529);
#3528 = CARTESIAN_POINT('',(-6.28318530718,0.));
#3529 = VECTOR('',#3530,1.);
#3530 = DIRECTION('',(-0.,1.));
#3531 = ( GEOMETRIC_REPRESENTATION_CONTEXT(2) 
PARAMETRIC_REPRESENTATION_CONTEXT() REPRESENTATION_CONTEXT('2D SPACE',''
  ) );
#3532 = ORIENTED_EDGE('',*,*,#3533,.F.);
#3533 = EDGE_CURVE('',#3511,#3511,#3534,.T.);
#3534 = SURFACE_CURVE('',#3535,(#3540,#3547),.PCURVE_S1.);
#3535 = CIRCLE('',#3536,50.638176066277);
#3536 = AXIS2_PLACEMENT_3D('',#3537,#3538,#3539);
#3537 = CARTESIAN_POINT('',(-45.03591347755,0.,0.));
#3538 = DIRECTION('',(1.,0.,0.));
#3539 = DIRECTION('',(-0.,1.,0.));
#3540 = PCURVE('',#3493,#3541);
#3541 = DEFINITIONAL_REPRESENTATION('',(#3542),#3546);
#3542 = LINE('',#3543,#3544);
#3543 = CARTESIAN_POINT('',(-0.,1.670437966763));
#3544 = VECTOR('',#3545,1.);
#3545 = DIRECTION('',(-1.,0.));
#3546 = ( GEOMETRIC_REPRESENTATION_CONTEXT(2) 
PARAMETRIC_REPRESENTATION_CONTEXT() REPRESENTATION_CONTEXT('2D SPACE',''
  ) );
#3547 = PCURVE('',#3548,#3553);
#3548 = CONICAL_SURFACE('',#3549,50.638176066277,1.134464013796);
#3549 = AXIS2_PLACEMENT_3D('',#3550,#3551,#3552);
#3550 = CARTESIAN_POINT('',(-45.03591347755,0.,0.));
#3551 = DIRECTION('',(-1.,-0.,-0.));
#3552 = DIRECTION('',(0.,1.,0.));
#3553 = DEFINITIONAL_REPRESENTATION('',(#3554),#3558);
#3554 = LINE('',#3555,#3556);
#3555 = CARTESIAN_POINT('',(-0.,0.));
#3556 = VECTOR('',#3557,1.);
#3557 = DIRECTION('',(-1.,0.));
#3558 = ( GEOMETRIC_REPRESENTATION_CONTEXT(2) 
PARAMETRIC_REPRESENTATION_CONTEXT() REPRESENTATION_CONTEXT('2D SPACE',''
  ) );
#3559 = ORIENTED_EDGE('',*,*,#3510,.F.);
#3560 = ADVANCED_FACE('',(#3561),#3548,.T.);
#3561 = FACE_BOUND('',#3562,.F.);
#3562 = EDGE_LOOP('',(#3563,#3564,#3587,#3614));
#3563 = ORIENTED_EDGE('',*,*,#3533,.T.);
#3564 = ORIENTED_EDGE('',*,*,#3565,.T.);
#3565 = EDGE_CURVE('',#3511,#3566,#3568,.T.);
#3566 = VERTEX_POINT('',#3567);
#3567 = CARTESIAN_POINT('',(-46.26671297543,53.277634107249,0.));
#3568 = SEAM_CURVE('',#3569,(#3573,#3580),.PCURVE_S1.);
#3569 = LINE('',#3570,#3571);
#3570 = CARTESIAN_POINT('',(-45.03591347755,50.638176066277,0.));
#3571 = VECTOR('',#3572,1.);
#3572 = DIRECTION('',(-0.422618261741,0.906307787037,0.));
#3573 = PCURVE('',#3548,#3574);
#3574 = DEFINITIONAL_REPRESENTATION('',(#3575),#3579);
#3575 = LINE('',#3576,#3577);
#3576 = CARTESIAN_POINT('',(-0.,0.));
#3577 = VECTOR('',#3578,1.);
#3578 = DIRECTION('',(-0.,1.));
#3579 = ( GEOMETRIC_REPRESENTATION_CONTEXT(2) 
PARAMETRIC_REPRESENTATION_CONTEXT() REPRESENTATION_CONTEXT('2D SPACE',''
  ) );
#3580 = PCURVE('',#3548,#3581);
#3581 = DEFINITIONAL_REPRESENTATION('',(#3582),#3586);
#3582 = LINE('',#3583,#3584);
#3583 = CARTESIAN_POINT('',(-6.28318530718,0.));
#3584 = VECTOR('',#3585,1.);
#3585 = DIRECTION('',(-0.,1.));
#3586 = ( GEOMETRIC_REPRESENTATION_CONTEXT(2) 
PARAMETRIC_REPRESENTATION_CONTEXT() REPRESENTATION_CONTEXT('2D SPACE',''
  ) );
#3587 = ORIENTED_EDGE('',*,*,#3588,.F.);
#3588 = EDGE_CURVE('',#3566,#3566,#3589,.T.);
#3589 = SURFACE_CURVE('',#3590,(#3595,#3602),.PCURVE_S1.);
#3590 = CIRCLE('',#3591,53.277634107249);
#3591 = AXIS2_PLACEMENT_3D('',#3592,#3593,#3594);
#3592 = CARTESIAN_POINT('',(-46.26671297543,0.,0.));
#3593 = DIRECTION('',(1.,0.,0.));
#3594 = DIRECTION('',(-0.,1.,0.));
#3595 = PCURVE('',#3548,#3596);
#3596 = DEFINITIONAL_REPRESENTATION('',(#3597),#3601);
#3597 = LINE('',#3598,#3599);
#3598 = CARTESIAN_POINT('',(-0.,1.230799497884));
#3599 = VECTOR('',#3600,1.);
#3600 = DIRECTION('',(-1.,0.));
#3601 = ( GEOMETRIC_REPRESENTATION_CONTEXT(2) 
PARAMETRIC_REPRESENTATION_CONTEXT() REPRESENTATION_CONTEXT('2D SPACE',''
  ) );
#3602 = PCURVE('',#3603,#3608);
#3603 = CONICAL_SURFACE('',#3604,53.277634107249,1.308996938996);
#3604 = AXIS2_PLACEMENT_3D('',#3605,#3606,#3607);
#3605 = CARTESIAN_POINT('',(-46.26671297543,0.,0.));
#3606 = DIRECTION('',(-1.,-0.,-0.));
#3607 = DIRECTION('',(0.,1.,0.));
#3608 = DEFINITIONAL_REPRESENTATION('',(#3609),#3613);
#3609 = LINE('',#3610,#3611);
#3610 = CARTESIAN_POINT('',(-0.,0.));
#3611 = VECTOR('',#3612,1.);
#3612 = DIRECTION('',(-1.,0.));
#3613 = ( GEOMETRIC_REPRESENTATION_CONTEXT(2) 
PARAMETRIC_REPRESENTATION_CONTEXT() REPRESENTATION_CONTEXT('2D SPACE',''
  ) );
#3614 = ORIENTED_EDGE('',*,*,#3565,.F.);
#3615 = ADVANCED_FACE('',(#3616),#3603,.T.);
#3616 = FACE_BOUND('',#3617,.F.);
#3617 = EDGE_LOOP('',(#3618,#3619,#3642,#3669));
#3618 = ORIENTED_EDGE('',*,*,#3588,.T.);
#3619 = ORIENTED_EDGE('',*,*,#3620,.T.);
#3620 = EDGE_CURVE('',#3566,#3621,#3623,.T.);
#3621 = VERTEX_POINT('',#3622);
#3622 = CARTESIAN_POINT('',(-47.02047678451,56.090718939631,0.));
#3623 = SEAM_CURVE('',#3624,(#3628,#3635),.PCURVE_S1.);
#3624 = LINE('',#3625,#3626);
#3625 = CARTESIAN_POINT('',(-46.26671297543,53.277634107249,0.));
#3626 = VECTOR('',#3627,1.);
#3627 = DIRECTION('',(-0.258819045103,0.965925826289,0.));
#3628 = PCURVE('',#3603,#3629);
#3629 = DEFINITIONAL_REPRESENTATION('',(#3630),#3634);
#3630 = LINE('',#3631,#3632);
#3631 = CARTESIAN_POINT('',(-0.,0.));
#3632 = VECTOR('',#3633,1.);
#3633 = DIRECTION('',(-0.,1.));
#3634 = ( GEOMETRIC_REPRESENTATION_CONTEXT(2) 
PARAMETRIC_REPRESENTATION_CONTEXT() REPRESENTATION_CONTEXT('2D SPACE',''
  ) );
#3635 = PCURVE('',#3603,#3636);
#3636 = DEFINITIONAL_REPRESENTATION('',(#3637),#3641);
#3637 = LINE('',#3638,#3639);
#3638 = CARTESIAN_POINT('',(-6.28318530718,0.));
#3639 = VECTOR('',#3640,1.);
#3640 = DIRECTION('',(-0.,1.));
#3641 = ( GEOMETRIC_REPRESENTATION_CONTEXT(2) 
PARAMETRIC_REPRESENTATION_CONTEXT() REPRESENTATION_CONTEXT('2D SPACE',''
  ) );
#3642 = ORIENTED_EDGE('',*,*,#3643,.F.);
#3643 = EDGE_CURVE('',#3621,#3621,#3644,.T.);
#3644 = SURFACE_CURVE('',#3645,(#3650,#3657),.PCURVE_S1.);
#3645 = CIRCLE('',#3646,56.090718939631);
#3646 = AXIS2_PLACEMENT_3D('',#3647,#3648,#3649);
#3647 = CARTESIAN_POINT('',(-47.02047678451,0.,0.));
#3648 = DIRECTION('',(1.,0.,0.));
#3649 = DIRECTION('',(-0.,1.,0.));
#3650 = PCURVE('',#3603,#3651);
#3651 = DEFINITIONAL_REPRESENTATION('',(#3652),#3656);
#3652 = LINE('',#3653,#3654);
#3653 = CARTESIAN_POINT('',(-0.,0.753763809077));
#3654 = VECTOR('',#3655,1.);
#3655 = DIRECTION('',(-1.,0.));
#3656 = ( GEOMETRIC_REPRESENTATION_CONTEXT(2) 
PARAMETRIC_REPRESENTATION_CONTEXT() REPRESENTATION_CONTEXT('2D SPACE',''
  ) );
#3657 = PCURVE('',#3658,#3663);
#3658 = CONICAL_SURFACE('',#3659,56.090718939631,1.483529864195);
#3659 = AXIS2_PLACEMENT_3D('',#3660,#3661,#3662);
#3660 = CARTESIAN_POINT('',(-47.02047678451,0.,0.));
#3661 = DIRECTION('',(-1.,-0.,-0.));
#3662 = DIRECTION('',(0.,1.,0.));
#3663 = DEFINITIONAL_REPRESENTATION('',(#3664),#3668);
#3664 = LINE('',#3665,#3666);
#3665 = CARTESIAN_POINT('',(-0.,0.));
#3666 = VECTOR('',#3667,1.);
#3667 = DIRECTION('',(-1.,0.));
#3668 = ( GEOMETRIC_REPRESENTATION_CONTEXT(2) 
PARAMETRIC_REPRESENTATION_CONTEXT() REPRESENTATION_CONTEXT('2D SPACE',''
  ) );
#3669 = ORIENTED_EDGE('',*,*,#3620,.F.);
#3670 = ADVANCED_FACE('',(#3671),#3658,.T.);
#3671 = FACE_BOUND('',#3672,.F.);
#3672 = EDGE_LOOP('',(#3673,#3674,#3697,#3719));
#3673 = ORIENTED_EDGE('',*,*,#3643,.T.);
#3674 = ORIENTED_EDGE('',*,*,#3675,.T.);
#3675 = EDGE_CURVE('',#3621,#3676,#3678,.T.);
#3676 = VERTEX_POINT('',#3677);
#3677 = CARTESIAN_POINT('',(-47.27430217286,58.991956404278,0.));
#3678 = SEAM_CURVE('',#3679,(#3683,#3690),.PCURVE_S1.);
#3679 = LINE('',#3680,#3681);
#3680 = CARTESIAN_POINT('',(-47.02047678451,56.090718939631,0.));
#3681 = VECTOR('',#3682,1.);
#3682 = DIRECTION('',(-8.715574274766E-02,0.996194698092,0.));
#3683 = PCURVE('',#3658,#3684);
#3684 = DEFINITIONAL_REPRESENTATION('',(#3685),#3689);
#3685 = LINE('',#3686,#3687);
#3686 = CARTESIAN_POINT('',(-0.,0.));
#3687 = VECTOR('',#3688,1.);
#3688 = DIRECTION('',(-0.,1.));
#3689 = ( GEOMETRIC_REPRESENTATION_CONTEXT(2) 
PARAMETRIC_REPRESENTATION_CONTEXT() REPRESENTATION_CONTEXT('2D SPACE',''
  ) );
#3690 = PCURVE('',#3658,#3691);
#3691 = DEFINITIONAL_REPRESENTATION('',(#3692),#3696);
#3692 = LINE('',#3693,#3694);
#3693 = CARTESIAN_POINT('',(-6.28318530718,0.));
#3694 = VECTOR('',#3695,1.);
#3695 = DIRECTION('',(-0.,1.));
#3696 = ( GEOMETRIC_REPRESENTATION_CONTEXT(2) 
PARAMETRIC_REPRESENTATION_CONTEXT() REPRESENTATION_CONTEXT('2D SPACE',''
  ) );
#3697 = ORIENTED_EDGE('',*,*,#3698,.F.);
#3698 = EDGE_CURVE('',#3676,#3676,#3699,.T.);
#3699 = SURFACE_CURVE('',#3700,(#3705,#3712),.PCURVE_S1.);
#3700 = CIRCLE('',#3701,58.991956404278);
#3701 = AXIS2_PLACEMENT_3D('',#3702,#3703,#3704);
#3702 = CARTESIAN_POINT('',(-47.27430217286,0.,0.));
#3703 = DIRECTION('',(1.,0.,0.));
#3704 = DIRECTION('',(-0.,1.,0.));
#3705 = PCURVE('',#3658,#3706);
#3706 = DEFINITIONAL_REPRESENTATION('',(#3707),#3711);
#3707 = LINE('',#3708,#3709);
#3708 = CARTESIAN_POINT('',(-0.,0.253825388353));
#3709 = VECTOR('',#3710,1.);
#3710 = DIRECTION('',(-1.,0.));
#3711 = ( GEOMETRIC_REPRESENTATION_CONTEXT(2) 
PARAMETRIC_REPRESENTATION_CONTEXT() REPRESENTATION_CONTEXT('2D SPACE',''
  ) );
#3712 = PCURVE('',#73,#3713);
#3713 = DEFINITIONAL_REPRESENTATION('',(#3714),#3718);
#3714 = CIRCLE('',#3715,58.991956404278);
#3715 = AXIS2_PLACEMENT_2D('',#3716,#3717);
#3716 = CARTESIAN_POINT('',(0.,0.));
#3717 = DIRECTION('',(1.,0.));
#3718 = ( GEOMETRIC_REPRESENTATION_CONTEXT(2) 
PARAMETRIC_REPRESENTATION_CONTEXT() REPRESENTATION_CONTEXT('2D SPACE',''
  ) );
#3719 = ORIENTED_EDGE('',*,*,#3675,.F.);
#3720 = ADVANCED_FACE('',(#3721,#3724),#73,.F.);
#3721 = FACE_BOUND('',#3722,.F.);
#3722 = EDGE_LOOP('',(#3723));
#3723 = ORIENTED_EDGE('',*,*,#3698,.T.);
#3724 = FACE_BOUND('',#3725,.F.);
#3725 = EDGE_LOOP('',(#3726));
#3726 = ORIENTED_EDGE('',*,*,#51,.F.);
#3727 = ( GEOMETRIC_REPRESENTATION_CONTEXT(3) 
GLOBAL_UNCERTAINTY_ASSIGNED_CONTEXT((#3731)) 
GLOBAL_UNIT_ASSIGNED_CONTEXT((#3728,#3729,#3730)) REPRESENTATION_CONTEXT
('Context #1','3D Context with UNIT and UNCERTAINTY') );
#3728 = ( LENGTH_UNIT() NAMED_UNIT(*) SI_UNIT(.MILLI.,.METRE.) );
#3729 = ( NAMED_UNIT(*) PLANE_ANGLE_UNIT() SI_UNIT($,.RADIAN.) );
#3730 = ( NAMED_UNIT(*) SI_UNIT($,.STERADIAN.) SOLID_ANGLE_UNIT() );
#3731 = UNCERTAINTY_MEASURE_WITH_UNIT(LENGTH_MEASURE(1.E-07),#3728,
  'distance_accuracy_value','confusion accuracy');
#3732 = CONTEXT_DEPENDENT_SHAPE_REPRESENTATION(#3733,#3735);
#3733 = ( REPRESENTATION_RELATIONSHIP('','',#44,#10) 
REPRESENTATION_RELATIONSHIP_WITH_TRANSFORMATION(#3734) 
SHAPE_REPRESENTATION_RELATIONSHIP() );
#3734 = ITEM_DEFINED_TRANSFORMATION('','',#11,#15);
#3735 = PRODUCT_DEFINITION_SHAPE('Placement','Placement of an item',
  #3736);
#3736 = NEXT_ASSEMBLY_USAGE_OCCURRENCE('18','inlet_shroud','',#5,#39,$);
#3737 = PRODUCT_RELATED_PRODUCT_CATEGORY('part',$,(#41));
#3738 = SHAPE_DEFINITION_REPRESENTATION(#3739,#3745);
#3739 = PRODUCT_DEFINITION_SHAPE('','',#3740);
#3740 = PRODUCT_DEFINITION('design','',#3741,#3744);
#3741 = PRODUCT_DEFINITION_FORMATION('','',#3742);
#3742 = PRODUCT('igv_vanes','igv_vanes','',(#3743));
#3743 = PRODUCT_CONTEXT('',#2,'mechanical');
#3744 = PRODUCT_DEFINITION_CONTEXT('part definition',#2,'design');
#3745 = SHAPE_REPRESENTATION('',(#11,#3746,#4487,#5228,#5969,#6710,#7451
    ,#8192,#8933,#9674,#10415,#11156,#11897,#12638,#13379,#14120,#14861,
    #15602),#16343);
#3746 = MANIFOLD_SOLID_BREP('',#3747);
#3747 = CLOSED_SHELL('',(#3748,#3868,#4063,#4110,#4266,#4293,#4320,#4345
    ,#4448,#4477,#4483));
#3748 = ADVANCED_FACE('',(#3749),#3763,.F.);
#3749 = FACE_BOUND('',#3750,.F.);
#3750 = EDGE_LOOP('',(#3751,#3786,#3814,#3842));
#3751 = ORIENTED_EDGE('',*,*,#3752,.F.);
#3752 = EDGE_CURVE('',#3753,#3755,#3757,.T.);
#3753 = VERTEX_POINT('',#3754);
#3754 = CARTESIAN_POINT('',(-40.09559941781,-3.507729166738,
    12.606480579431));
#3755 = VERTEX_POINT('',#3756);
#3756 = CARTESIAN_POINT('',(-40.09559941781,-3.507729166738,
    43.021601931436));
#3757 = SURFACE_CURVE('',#3758,(#3762,#3774),.PCURVE_S1.);
#3758 = LINE('',#3759,#3760);
#3759 = CARTESIAN_POINT('',(-40.09559941781,-3.507729166738,
    12.606480579431));
#3760 = VECTOR('',#3761,1.);
#3761 = DIRECTION('',(0.,0.,1.));
#3762 = PCURVE('',#3763,#3768);
#3763 = PLANE('',#3764);
#3764 = AXIS2_PLACEMENT_3D('',#3765,#3766,#3767);
#3765 = CARTESIAN_POINT('',(-40.09559941781,-3.507729166738,
    12.606480579431));
#3766 = DIRECTION('',(0.906307787037,0.422618261741,0.));
#3767 = DIRECTION('',(0.,0.,1.));
#3768 = DEFINITIONAL_REPRESENTATION('',(#3769),#3773);
#3769 = LINE('',#3770,#3771);
#3770 = CARTESIAN_POINT('',(0.,0.));
#3771 = VECTOR('',#3772,1.);
#3772 = DIRECTION('',(1.,0.));
#3773 = ( GEOMETRIC_REPRESENTATION_CONTEXT(2) 
PARAMETRIC_REPRESENTATION_CONTEXT() REPRESENTATION_CONTEXT('2D SPACE',''
  ) );
#3774 = PCURVE('',#3775,#3780);
#3775 = PLANE('',#3776);
#3776 = AXIS2_PLACEMENT_3D('',#3777,#3778,#3779);
#3777 = CARTESIAN_POINT('',(-40.09559941781,-3.507729166738,
    12.606480579431));
#3778 = DIRECTION('',(-0.422618261741,0.906307787037,0.));
#3779 = DIRECTION('',(0.,0.,1.));
#3780 = DEFINITIONAL_REPRESENTATION('',(#3781),#3785);
#3781 = LINE('',#3782,#3783);
#3782 = CARTESIAN_POINT('',(0.,0.));
#3783 = VECTOR('',#3784,1.);
#3784 = DIRECTION('',(1.,0.));
#3785 = ( GEOMETRIC_REPRESENTATION_CONTEXT(2) 
PARAMETRIC_REPRESENTATION_CONTEXT() REPRESENTATION_CONTEXT('2D SPACE',''
  ) );
#3786 = ORIENTED_EDGE('',*,*,#3787,.T.);
#3787 = EDGE_CURVE('',#3753,#3788,#3790,.T.);
#3788 = VERTEX_POINT('',#3789);
#3789 = CARTESIAN_POINT('',(-40.46854044145,-2.7079545606,
    12.606480579431));
#3790 = SURFACE_CURVE('',#3791,(#3795,#3802),.PCURVE_S1.);
#3791 = LINE('',#3792,#3793);
#3792 = CARTESIAN_POINT('',(-40.09559941781,-3.507729166738,
    12.606480579431));
#3793 = VECTOR('',#3794,1.);
#3794 = DIRECTION('',(-0.422618261741,0.906307787037,0.));
#3795 = PCURVE('',#3763,#3796);
#3796 = DEFINITIONAL_REPRESENTATION('',(#3797),#3801);
#3797 = LINE('',#3798,#3799);
#3798 = CARTESIAN_POINT('',(0.,0.));
#3799 = VECTOR('',#3800,1.);
#3800 = DIRECTION('',(0.,-1.));
#3801 = ( GEOMETRIC_REPRESENTATION_CONTEXT(2) 
PARAMETRIC_REPRESENTATION_CONTEXT() REPRESENTATION_CONTEXT('2D SPACE',''
  ) );
#3802 = PCURVE('',#3803,#3808);
#3803 = PLANE('',#3804);
#3804 = AXIS2_PLACEMENT_3D('',#3805,#3806,#3807);
#3805 = CARTESIAN_POINT('',(-40.09559941781,-3.507729166738,
    12.606480579431));
#3806 = DIRECTION('',(0.,0.,1.));
#3807 = DIRECTION('',(0.906307787037,0.422618261741,0.));
#3808 = DEFINITIONAL_REPRESENTATION('',(#3809),#3813);
#3809 = LINE('',#3810,#3811);
#3810 = CARTESIAN_POINT('',(0.,0.));
#3811 = VECTOR('',#3812,1.);
#3812 = DIRECTION('',(0.,1.));
#3813 = ( GEOMETRIC_REPRESENTATION_CONTEXT(2) 
PARAMETRIC_REPRESENTATION_CONTEXT() REPRESENTATION_CONTEXT('2D SPACE',''
  ) );
#3814 = ORIENTED_EDGE('',*,*,#3815,.T.);
#3815 = EDGE_CURVE('',#3788,#3816,#3818,.T.);
#3816 = VERTEX_POINT('',#3817);
#3817 = CARTESIAN_POINT('',(-40.46854044145,-2.7079545606,
    43.021601931436));
#3818 = SURFACE_CURVE('',#3819,(#3823,#3830),.PCURVE_S1.);
#3819 = LINE('',#3820,#3821);
#3820 = CARTESIAN_POINT('',(-40.46854044145,-2.7079545606,
    12.606480579431));
#3821 = VECTOR('',#3822,1.);
#3822 = DIRECTION('',(0.,0.,1.));
#3823 = PCURVE('',#3763,#3824);
#3824 = DEFINITIONAL_REPRESENTATION('',(#3825),#3829);
#3825 = LINE('',#3826,#3827);
#3826 = CARTESIAN_POINT('',(0.,-0.88245364056));
#3827 = VECTOR('',#3828,1.);
#3828 = DIRECTION('',(1.,0.));
#3829 = ( GEOMETRIC_REPRESENTATION_CONTEXT(2) 
PARAMETRIC_REPRESENTATION_CONTEXT() REPRESENTATION_CONTEXT('2D SPACE',''
  ) );
#3830 = PCURVE('',#3831,#3836);
#3831 = PLANE('',#3832);
#3832 = AXIS2_PLACEMENT_3D('',#3833,#3834,#3835);
#3833 = CARTESIAN_POINT('',(-40.46854044145,-2.7079545606,
    12.606480579431));
#3834 = DIRECTION('',(-0.422618261741,0.906307787037,0.));
#3835 = DIRECTION('',(0.,0.,1.));
#3836 = DEFINITIONAL_REPRESENTATION('',(#3837),#3841);
#3837 = LINE('',#3838,#3839);
#3838 = CARTESIAN_POINT('',(0.,0.));
#3839 = VECTOR('',#3840,1.);
#3840 = DIRECTION('',(1.,0.));
#3841 = ( GEOMETRIC_REPRESENTATION_CONTEXT(2) 
PARAMETRIC_REPRESENTATION_CONTEXT() REPRESENTATION_CONTEXT('2D SPACE',''
  ) );
#3842 = ORIENTED_EDGE('',*,*,#3843,.F.);
#3843 = EDGE_CURVE('',#3755,#3816,#3844,.T.);
#3844 = SURFACE_CURVE('',#3845,(#3849,#3856),.PCURVE_S1.);
#3845 = LINE('',#3846,#3847);
#3846 = CARTESIAN_POINT('',(-40.09559941781,-3.507729166738,
    43.021601931436));
#3847 = VECTOR('',#3848,1.);
#3848 = DIRECTION('',(-0.422618261741,0.906307787037,0.));
#3849 = PCURVE('',#3763,#3850);
#3850 = DEFINITIONAL_REPRESENTATION('',(#3851),#3855);
#3851 = LINE('',#3852,#3853);
#3852 = CARTESIAN_POINT('',(30.415121352005,0.));
#3853 = VECTOR('',#3854,1.);
#3854 = DIRECTION('',(0.,-1.));
#3855 = ( GEOMETRIC_REPRESENTATION_CONTEXT(2) 
PARAMETRIC_REPRESENTATION_CONTEXT() REPRESENTATION_CONTEXT('2D SPACE',''
  ) );
#3856 = PCURVE('',#3857,#3862);
#3857 = PLANE('',#3858);
#3858 = AXIS2_PLACEMENT_3D('',#3859,#3860,#3861);
#3859 = CARTESIAN_POINT('',(-40.09559941781,-3.507729166738,
    43.021601931436));
#3860 = DIRECTION('',(0.,0.,1.));
#3861 = DIRECTION('',(0.906307787037,0.422618261741,0.));
#3862 = DEFINITIONAL_REPRESENTATION('',(#3863),#3867);
#3863 = LINE('',#3864,#3865);
#3864 = CARTESIAN_POINT('',(0.,0.));
#3865 = VECTOR('',#3866,1.);
#3866 = DIRECTION('',(0.,1.));
#3867 = ( GEOMETRIC_REPRESENTATION_CONTEXT(2) 
PARAMETRIC_REPRESENTATION_CONTEXT() REPRESENTATION_CONTEXT('2D SPACE',''
  ) );
#3868 = ADVANCED_FACE('',(#3869),#3775,.F.);
#3869 = FACE_BOUND('',#3870,.F.);
#3870 = EDGE_LOOP('',(#3871,#3901,#3922,#3923,#3946,#3972,#4007,#4037));
#3871 = ORIENTED_EDGE('',*,*,#3872,.F.);
#3872 = EDGE_CURVE('',#3873,#3875,#3877,.T.);
#3873 = VERTEX_POINT('',#3874);
#3874 = CARTESIAN_POINT('',(-26.76602264884,2.7079545606,12.606480579431
    ));
#3875 = VERTEX_POINT('',#3876);
#3876 = CARTESIAN_POINT('',(-26.76602264884,2.7079545606,43.021601931436
    ));
#3877 = SURFACE_CURVE('',#3878,(#3882,#3889),.PCURVE_S1.);
#3878 = LINE('',#3879,#3880);
#3879 = CARTESIAN_POINT('',(-26.76602264884,2.7079545606,12.606480579431
    ));
#3880 = VECTOR('',#3881,1.);
#3881 = DIRECTION('',(0.,0.,1.));
#3882 = PCURVE('',#3775,#3883);
#3883 = DEFINITIONAL_REPRESENTATION('',(#3884),#3888);
#3884 = LINE('',#3885,#3886);
#3885 = CARTESIAN_POINT('',(0.,14.707560676003));
#3886 = VECTOR('',#3887,1.);
#3887 = DIRECTION('',(1.,0.));
#3888 = ( GEOMETRIC_REPRESENTATION_CONTEXT(2) 
PARAMETRIC_REPRESENTATION_CONTEXT() REPRESENTATION_CONTEXT('2D SPACE',''
  ) );
#3889 = PCURVE('',#3890,#3895);
#3890 = PLANE('',#3891);
#3891 = AXIS2_PLACEMENT_3D('',#3892,#3893,#3894);
#3892 = CARTESIAN_POINT('',(-26.76602264884,2.7079545606,12.606480579431
    ));
#3893 = DIRECTION('',(0.906307787037,0.422618261741,0.));
#3894 = DIRECTION('',(0.,0.,1.));
#3895 = DEFINITIONAL_REPRESENTATION('',(#3896),#3900);
#3896 = LINE('',#3897,#3898);
#3897 = CARTESIAN_POINT('',(0.,0.));
#3898 = VECTOR('',#3899,1.);
#3899 = DIRECTION('',(1.,0.));
#3900 = ( GEOMETRIC_REPRESENTATION_CONTEXT(2) 
PARAMETRIC_REPRESENTATION_CONTEXT() REPRESENTATION_CONTEXT('2D SPACE',''
  ) );
#3901 = ORIENTED_EDGE('',*,*,#3902,.F.);
#3902 = EDGE_CURVE('',#3753,#3873,#3903,.T.);
#3903 = SURFACE_CURVE('',#3904,(#3908,#3915),.PCURVE_S1.);
#3904 = LINE('',#3905,#3906);
#3905 = CARTESIAN_POINT('',(-40.09559941781,-3.507729166738,
    12.606480579431));
#3906 = VECTOR('',#3907,1.);
#3907 = DIRECTION('',(0.906307787037,0.422618261741,0.));
#3908 = PCURVE('',#3775,#3909);
#3909 = DEFINITIONAL_REPRESENTATION('',(#3910),#3914);
#3910 = LINE('',#3911,#3912);
#3911 = CARTESIAN_POINT('',(0.,0.));
#3912 = VECTOR('',#3913,1.);
#3913 = DIRECTION('',(0.,1.));
#3914 = ( GEOMETRIC_REPRESENTATION_CONTEXT(2) 
PARAMETRIC_REPRESENTATION_CONTEXT() REPRESENTATION_CONTEXT('2D SPACE',''
  ) );
#3915 = PCURVE('',#3803,#3916);
#3916 = DEFINITIONAL_REPRESENTATION('',(#3917),#3921);
#3917 = LINE('',#3918,#3919);
#3918 = CARTESIAN_POINT('',(0.,0.));
#3919 = VECTOR('',#3920,1.);
#3920 = DIRECTION('',(1.,0.));
#3921 = ( GEOMETRIC_REPRESENTATION_CONTEXT(2) 
PARAMETRIC_REPRESENTATION_CONTEXT() REPRESENTATION_CONTEXT('2D SPACE',''
  ) );
#3922 = ORIENTED_EDGE('',*,*,#3752,.T.);
#3923 = ORIENTED_EDGE('',*,*,#3924,.T.);
#3924 = EDGE_CURVE('',#3755,#3925,#3927,.T.);
#3925 = VERTEX_POINT('',#3926);
#3926 = CARTESIAN_POINT('',(-33.61728154514,-0.486839930751,
    43.021601931436));
#3927 = SURFACE_CURVE('',#3928,(#3932,#3939),.PCURVE_S1.);
#3928 = LINE('',#3929,#3930);
#3929 = CARTESIAN_POINT('',(-40.09559941781,-3.507729166738,
    43.021601931436));
#3930 = VECTOR('',#3931,1.);
#3931 = DIRECTION('',(0.906307787037,0.422618261741,0.));
#3932 = PCURVE('',#3775,#3933);
#3933 = DEFINITIONAL_REPRESENTATION('',(#3934),#3938);
#3934 = LINE('',#3935,#3936);
#3935 = CARTESIAN_POINT('',(30.415121352005,0.));
#3936 = VECTOR('',#3937,1.);
#3937 = DIRECTION('',(0.,1.));
#3938 = ( GEOMETRIC_REPRESENTATION_CONTEXT(2) 
PARAMETRIC_REPRESENTATION_CONTEXT() REPRESENTATION_CONTEXT('2D SPACE',''
  ) );
#3939 = PCURVE('',#3857,#3940);
#3940 = DEFINITIONAL_REPRESENTATION('',(#3941),#3945);
#3941 = LINE('',#3942,#3943);
#3942 = CARTESIAN_POINT('',(0.,0.));
#3943 = VECTOR('',#3944,1.);
#3944 = DIRECTION('',(1.,0.));
#3945 = ( GEOMETRIC_REPRESENTATION_CONTEXT(2) 
PARAMETRIC_REPRESENTATION_CONTEXT() REPRESENTATION_CONTEXT('2D SPACE',''
  ) );
#3946 = ORIENTED_EDGE('',*,*,#3947,.T.);
#3947 = EDGE_CURVE('',#3925,#3948,#3950,.T.);
#3948 = VERTEX_POINT('',#3949);
#3949 = CARTESIAN_POINT('',(-33.61728154514,-0.486839930751,
    40.602804242607));
#3950 = SURFACE_CURVE('',#3951,(#3955,#3961),.PCURVE_S1.);
#3951 = LINE('',#3952,#3953);
#3952 = CARTESIAN_POINT('',(-33.61728154514,-0.486839930751,
    27.314041255433));
#3953 = VECTOR('',#3954,1.);
#3954 = DIRECTION('',(0.,0.,-1.));
#3955 = PCURVE('',#3775,#3956);
#3956 = DEFINITIONAL_REPRESENTATION('',(#3957),#3960);
#3957 = B_SPLINE_CURVE_WITH_KNOTS('',1,(#3958,#3959),.UNSPECIFIED.,.F.,
  .F.,(2,2),(-15.707560676,-13.207560676),.PIECEWISE_BEZIER_KNOTS.);
#3958 = CARTESIAN_POINT('',(30.415121352005,7.148032892721));
#3959 = CARTESIAN_POINT('',(27.915121352005,7.148032892721));
#3960 = ( GEOMETRIC_REPRESENTATION_CONTEXT(2) 
PARAMETRIC_REPRESENTATION_CONTEXT() REPRESENTATION_CONTEXT('2D SPACE',''
  ) );
#3961 = PCURVE('',#3962,#3967);
#3962 = PLANE('',#3963);
#3963 = AXIS2_PLACEMENT_3D('',#3964,#3965,#3966);
#3964 = CARTESIAN_POINT('',(-33.61728154514,-1.139533443783E-16,
    42.021601931436));
#3965 = DIRECTION('',(1.,0.,0.));
#3966 = DIRECTION('',(0.,0.,1.));
#3967 = DEFINITIONAL_REPRESENTATION('',(#3968),#3971);
#3968 = B_SPLINE_CURVE_WITH_KNOTS('',1,(#3969,#3970),.UNSPECIFIED.,.F.,
  .F.,(2,2),(-15.707560676,-13.207560676),.PIECEWISE_BEZIER_KNOTS.);
#3969 = CARTESIAN_POINT('',(1.,0.486839930751));
#3970 = CARTESIAN_POINT('',(-1.5,0.486839930751));
#3971 = ( GEOMETRIC_REPRESENTATION_CONTEXT(2) 
PARAMETRIC_REPRESENTATION_CONTEXT() REPRESENTATION_CONTEXT('2D SPACE',''
  ) );
#3972 = ORIENTED_EDGE('',*,*,#3973,.F.);
#3973 = EDGE_CURVE('',#3974,#3948,#3976,.T.);
#3974 = VERTEX_POINT('',#3975);
#3975 = CARTESIAN_POINT('',(-29.3564895637,1.5,42.021601931436));
#3976 = SURFACE_CURVE('',#3977,(#3982,#3989),.PCURVE_S1.);
#3977 = ELLIPSE('',#3978,3.549302374729,1.5);
#3978 = AXIS2_PLACEMENT_3D('',#3979,#3980,#3981);
#3979 = CARTESIAN_POINT('',(-32.57324994447,0.,42.021601931436));
#3980 = DIRECTION('',(-0.422618261741,0.906307787037,0.));
#3981 = DIRECTION('',(-0.906307787037,-0.422618261741,0.));
#3982 = PCURVE('',#3775,#3983);
#3983 = DEFINITIONAL_REPRESENTATION('',(#3984),#3988);
#3984 = ELLIPSE('',#3985,3.549302374729,1.5);
#3985 = AXIS2_PLACEMENT_2D('',#3986,#3987);
#3986 = CARTESIAN_POINT('',(29.415121352005,8.299994307606));
#3987 = DIRECTION('',(0.,-1.));
#3988 = ( GEOMETRIC_REPRESENTATION_CONTEXT(2) 
PARAMETRIC_REPRESENTATION_CONTEXT() REPRESENTATION_CONTEXT('2D SPACE',''
  ) );
#3989 = PCURVE('',#3990,#3995);
#3990 = CYLINDRICAL_SURFACE('',#3991,1.5);
#3991 = AXIS2_PLACEMENT_3D('',#3992,#3993,#3994);
#3992 = CARTESIAN_POINT('',(-33.61728154514,0.,42.021601931436));
#3993 = DIRECTION('',(-1.,-0.,-0.));
#3994 = DIRECTION('',(0.,1.,0.));
#3995 = DEFINITIONAL_REPRESENTATION('',(#3996),#4006);
#3996 = B_SPLINE_CURVE_WITH_KNOTS('',8,(#3997,#3998,#3999,#4000,#4001,
    #4002,#4003,#4004,#4005),.UNSPECIFIED.,.F.,.F.,(9,9),(3.14159265359,
    5.042935637106),.PIECEWISE_BEZIER_KNOTS.);
#3997 = CARTESIAN_POINT('',(-6.28318530718,-4.26079198144));
#3998 = CARTESIAN_POINT('',(-6.04551743424,-4.26079198144));
#3999 = CARTESIAN_POINT('',(-5.807849561301,-4.053131704462));
#4000 = CARTESIAN_POINT('',(-5.570181688362,-3.637818874993));
#4001 = CARTESIAN_POINT('',(-5.332513815421,-3.03984477146));
#4002 = CARTESIAN_POINT('',(-5.094845942484,-2.309344507423));
#4003 = CARTESIAN_POINT('',(-4.857178069543,-1.513664959149));
#4004 = CARTESIAN_POINT('',(-4.619510196603,-0.72313272222));
#4005 = CARTESIAN_POINT('',(-4.381842323664,5.999999999062E-07));
#4006 = ( GEOMETRIC_REPRESENTATION_CONTEXT(2) 
PARAMETRIC_REPRESENTATION_CONTEXT() REPRESENTATION_CONTEXT('2D SPACE',''
  ) );
#4007 = ORIENTED_EDGE('',*,*,#4008,.F.);
#4008 = EDGE_CURVE('',#4009,#3974,#4011,.T.);
#4009 = VERTEX_POINT('',#4010);
#4010 = CARTESIAN_POINT('',(-30.17561831823,1.11803398875,
    43.021601931436));
#4011 = SURFACE_CURVE('',#4012,(#4017,#4024),.PCURVE_S1.);
#4012 = ELLIPSE('',#4013,3.549302374729,1.5);
#4013 = AXIS2_PLACEMENT_3D('',#4014,#4015,#4016);
#4014 = CARTESIAN_POINT('',(-32.57324994447,0.,42.021601931436));
#4015 = DIRECTION('',(-0.422618261741,0.906307787037,0.));
#4016 = DIRECTION('',(-0.906307787037,-0.422618261741,0.));
#4017 = PCURVE('',#3775,#4018);
#4018 = DEFINITIONAL_REPRESENTATION('',(#4019),#4023);
#4019 = ELLIPSE('',#4020,3.549302374729,1.5);
#4020 = AXIS2_PLACEMENT_2D('',#4021,#4022);
#4021 = CARTESIAN_POINT('',(29.415121352005,8.299994307606));
#4022 = DIRECTION('',(0.,-1.));
#4023 = ( GEOMETRIC_REPRESENTATION_CONTEXT(2) 
PARAMETRIC_REPRESENTATION_CONTEXT() REPRESENTATION_CONTEXT('2D SPACE',''
  ) );
#4024 = PCURVE('',#3990,#4025);
#4025 = DEFINITIONAL_REPRESENTATION('',(#4026),#4036);
#4026 = B_SPLINE_CURVE_WITH_KNOTS('',8,(#4027,#4028,#4029,#4030,#4031,
    #4032,#4033,#4034,#4035),.UNSPECIFIED.,.F.,.F.,(9,9),(1.240249670074
    ,3.14159265359),.PIECEWISE_BEZIER_KNOTS.);
#4027 = CARTESIAN_POINT('',(-1.901342983516,5.999999999062E-07));
#4028 = CARTESIAN_POINT('',(-1.663675110576,-0.72313272222));
#4029 = CARTESIAN_POINT('',(-1.426007237636,-1.513664959139));
#4030 = CARTESIAN_POINT('',(-1.188339364697,-2.309344507448));
#4031 = CARTESIAN_POINT('',(-0.950671491753,-3.039844771427));
#4032 = CARTESIAN_POINT('',(-0.713003618816,-3.637818875024));
#4033 = CARTESIAN_POINT('',(-0.475335745879,-4.053131704452));
#4034 = CARTESIAN_POINT('',(-0.237667872939,-4.26079198144));
#4035 = CARTESIAN_POINT('',(0.,-4.26079198144));
#4036 = ( GEOMETRIC_REPRESENTATION_CONTEXT(2) 
PARAMETRIC_REPRESENTATION_CONTEXT() REPRESENTATION_CONTEXT('2D SPACE',''
  ) );
#4037 = ORIENTED_EDGE('',*,*,#4038,.T.);
#4038 = EDGE_CURVE('',#4009,#3875,#4039,.T.);
#4039 = SURFACE_CURVE('',#4040,(#4044,#4051),.PCURVE_S1.);
#4040 = LINE('',#4041,#4042);
#4041 = CARTESIAN_POINT('',(-40.09559941781,-3.507729166738,
    43.021601931436));
#4042 = VECTOR('',#4043,1.);
#4043 = DIRECTION('',(0.906307787037,0.422618261741,0.));
#4044 = PCURVE('',#3775,#4045);
#4045 = DEFINITIONAL_REPRESENTATION('',(#4046),#4050);
#4046 = LINE('',#4047,#4048);
#4047 = CARTESIAN_POINT('',(30.415121352005,0.));
#4048 = VECTOR('',#4049,1.);
#4049 = DIRECTION('',(0.,1.));
#4050 = ( GEOMETRIC_REPRESENTATION_CONTEXT(2) 
PARAMETRIC_REPRESENTATION_CONTEXT() REPRESENTATION_CONTEXT('2D SPACE',''
  ) );
#4051 = PCURVE('',#4052,#4057);
#4052 = PLANE('',#4053);
#4053 = AXIS2_PLACEMENT_3D('',#4054,#4055,#4056);
#4054 = CARTESIAN_POINT('',(-40.09559941781,-3.507729166738,
    43.021601931436));
#4055 = DIRECTION('',(0.,0.,1.));
#4056 = DIRECTION('',(0.906307787037,0.422618261741,0.));
#4057 = DEFINITIONAL_REPRESENTATION('',(#4058),#4062);
#4058 = LINE('',#4059,#4060);
#4059 = CARTESIAN_POINT('',(0.,0.));
#4060 = VECTOR('',#4061,1.);
#4061 = DIRECTION('',(1.,0.));
#4062 = ( GEOMETRIC_REPRESENTATION_CONTEXT(2) 
PARAMETRIC_REPRESENTATION_CONTEXT() REPRESENTATION_CONTEXT('2D SPACE',''
  ) );
#4063 = ADVANCED_FACE('',(#4064),#3857,.T.);
#4064 = FACE_BOUND('',#4065,.T.);
#4065 = EDGE_LOOP('',(#4066,#4089,#4090,#4091));
#4066 = ORIENTED_EDGE('',*,*,#4067,.F.);
#4067 = EDGE_CURVE('',#3816,#4068,#4070,.T.);
#4068 = VERTEX_POINT('',#4069);
#4069 = CARTESIAN_POINT('',(-33.61728154514,0.486839930751,
    43.021601931436));
#4070 = SURFACE_CURVE('',#4071,(#4075,#4082),.PCURVE_S1.);
#4071 = LINE('',#4072,#4073);
#4072 = CARTESIAN_POINT('',(-40.46854044145,-2.7079545606,
    43.021601931436));
#4073 = VECTOR('',#4074,1.);
#4074 = DIRECTION('',(0.906307787037,0.422618261741,0.));
#4075 = PCURVE('',#3857,#4076);
#4076 = DEFINITIONAL_REPRESENTATION('',(#4077),#4081);
#4077 = LINE('',#4078,#4079);
#4078 = CARTESIAN_POINT('',(-2.498001805407E-15,0.88245364056));
#4079 = VECTOR('',#4080,1.);
#4080 = DIRECTION('',(1.,0.));
#4081 = ( GEOMETRIC_REPRESENTATION_CONTEXT(2) 
PARAMETRIC_REPRESENTATION_CONTEXT() REPRESENTATION_CONTEXT('2D SPACE',''
  ) );
#4082 = PCURVE('',#3831,#4083);
#4083 = DEFINITIONAL_REPRESENTATION('',(#4084),#4088);
#4084 = LINE('',#4085,#4086);
#4085 = CARTESIAN_POINT('',(30.415121352005,0.));
#4086 = VECTOR('',#4087,1.);
#4087 = DIRECTION('',(0.,1.));
#4088 = ( GEOMETRIC_REPRESENTATION_CONTEXT(2) 
PARAMETRIC_REPRESENTATION_CONTEXT() REPRESENTATION_CONTEXT('2D SPACE',''
  ) );
#4089 = ORIENTED_EDGE('',*,*,#3843,.F.);
#4090 = ORIENTED_EDGE('',*,*,#3924,.T.);
#4091 = ORIENTED_EDGE('',*,*,#4092,.T.);
#4092 = EDGE_CURVE('',#3925,#4068,#4093,.T.);
#4093 = SURFACE_CURVE('',#4094,(#4098,#4104),.PCURVE_S1.);
#4094 = LINE('',#4095,#4096);
#4095 = CARTESIAN_POINT('',(-33.61728154514,-1.753864583369,
    43.021601931436));
#4096 = VECTOR('',#4097,1.);
#4097 = DIRECTION('',(0.,1.,0.));
#4098 = PCURVE('',#3857,#4099);
#4099 = DEFINITIONAL_REPRESENTATION('',(#4100),#4103);
#4100 = B_SPLINE_CURVE_WITH_KNOTS('',1,(#4101,#4102),.UNSPECIFIED.,.F.,
  .F.,(2,2),(1.267024652618,2.24070451412),.PIECEWISE_BEZIER_KNOTS.);
#4101 = CARTESIAN_POINT('',(7.148032892721,2.22044604925E-16));
#4102 = CARTESIAN_POINT('',(7.559527783281,0.88245364056));
#4103 = ( GEOMETRIC_REPRESENTATION_CONTEXT(2) 
PARAMETRIC_REPRESENTATION_CONTEXT() REPRESENTATION_CONTEXT('2D SPACE',''
  ) );
#4104 = PCURVE('',#3962,#4105);
#4105 = DEFINITIONAL_REPRESENTATION('',(#4106),#4109);
#4106 = B_SPLINE_CURVE_WITH_KNOTS('',1,(#4107,#4108),.UNSPECIFIED.,.F.,
  .F.,(2,2),(1.267024652618,2.24070451412),.PIECEWISE_BEZIER_KNOTS.);
#4107 = CARTESIAN_POINT('',(1.,0.486839930751));
#4108 = CARTESIAN_POINT('',(1.,-0.486839930751));
#4109 = ( GEOMETRIC_REPRESENTATION_CONTEXT(2) 
PARAMETRIC_REPRESENTATION_CONTEXT() REPRESENTATION_CONTEXT('2D SPACE',''
  ) );
#4110 = ADVANCED_FACE('',(#4111),#3831,.T.);
#4111 = FACE_BOUND('',#4112,.T.);
#4112 = EDGE_LOOP('',(#4113,#4138,#4159,#4160,#4161,#4182,#4216,#4245));
#4113 = ORIENTED_EDGE('',*,*,#4114,.F.);
#4114 = EDGE_CURVE('',#4115,#4117,#4119,.T.);
#4115 = VERTEX_POINT('',#4116);
#4116 = CARTESIAN_POINT('',(-27.13896367248,3.507729166738,
    12.606480579431));
#4117 = VERTEX_POINT('',#4118);
#4118 = CARTESIAN_POINT('',(-27.13896367248,3.507729166738,
    43.021601931436));
#4119 = SURFACE_CURVE('',#4120,(#4124,#4131),.PCURVE_S1.);
#4120 = LINE('',#4121,#4122);
#4121 = CARTESIAN_POINT('',(-27.13896367248,3.507729166738,
    12.606480579431));
#4122 = VECTOR('',#4123,1.);
#4123 = DIRECTION('',(0.,0.,1.));
#4124 = PCURVE('',#3831,#4125);
#4125 = DEFINITIONAL_REPRESENTATION('',(#4126),#4130);
#4126 = LINE('',#4127,#4128);
#4127 = CARTESIAN_POINT('',(0.,14.707560676003));
#4128 = VECTOR('',#4129,1.);
#4129 = DIRECTION('',(1.,0.));
#4130 = ( GEOMETRIC_REPRESENTATION_CONTEXT(2) 
PARAMETRIC_REPRESENTATION_CONTEXT() REPRESENTATION_CONTEXT('2D SPACE',''
  ) );
#4131 = PCURVE('',#3890,#4132);
#4132 = DEFINITIONAL_REPRESENTATION('',(#4133),#4137);
#4133 = LINE('',#4134,#4135);
#4134 = CARTESIAN_POINT('',(0.,-0.88245364056));
#4135 = VECTOR('',#4136,1.);
#4136 = DIRECTION('',(1.,0.));
#4137 = ( GEOMETRIC_REPRESENTATION_CONTEXT(2) 
PARAMETRIC_REPRESENTATION_CONTEXT() REPRESENTATION_CONTEXT('2D SPACE',''
  ) );
#4138 = ORIENTED_EDGE('',*,*,#4139,.F.);
#4139 = EDGE_CURVE('',#3788,#4115,#4140,.T.);
#4140 = SURFACE_CURVE('',#4141,(#4145,#4152),.PCURVE_S1.);
#4141 = LINE('',#4142,#4143);
#4142 = CARTESIAN_POINT('',(-40.46854044145,-2.7079545606,
    12.606480579431));
#4143 = VECTOR('',#4144,1.);
#4144 = DIRECTION('',(0.906307787037,0.422618261741,0.));
#4145 = PCURVE('',#3831,#4146);
#4146 = DEFINITIONAL_REPRESENTATION('',(#4147),#4151);
#4147 = LINE('',#4148,#4149);
#4148 = CARTESIAN_POINT('',(0.,0.));
#4149 = VECTOR('',#4150,1.);
#4150 = DIRECTION('',(0.,1.));
#4151 = ( GEOMETRIC_REPRESENTATION_CONTEXT(2) 
PARAMETRIC_REPRESENTATION_CONTEXT() REPRESENTATION_CONTEXT('2D SPACE',''
  ) );
#4152 = PCURVE('',#3803,#4153);
#4153 = DEFINITIONAL_REPRESENTATION('',(#4154),#4158);
#4154 = LINE('',#4155,#4156);
#4155 = CARTESIAN_POINT('',(-2.498001805407E-15,0.88245364056));
#4156 = VECTOR('',#4157,1.);
#4157 = DIRECTION('',(1.,0.));
#4158 = ( GEOMETRIC_REPRESENTATION_CONTEXT(2) 
PARAMETRIC_REPRESENTATION_CONTEXT() REPRESENTATION_CONTEXT('2D SPACE',''
  ) );
#4159 = ORIENTED_EDGE('',*,*,#3815,.T.);
#4160 = ORIENTED_EDGE('',*,*,#4067,.T.);
#4161 = ORIENTED_EDGE('',*,*,#4162,.T.);
#4162 = EDGE_CURVE('',#4068,#4163,#4165,.T.);
#4163 = VERTEX_POINT('',#4164);
#4164 = CARTESIAN_POINT('',(-33.61728154514,0.486839930751,
    40.602804242607));
#4165 = SURFACE_CURVE('',#4166,(#4170,#4176),.PCURVE_S1.);
#4166 = LINE('',#4167,#4168);
#4167 = CARTESIAN_POINT('',(-33.61728154514,0.486839930751,
    27.314041255433));
#4168 = VECTOR('',#4169,1.);
#4169 = DIRECTION('',(0.,0.,-1.));
#4170 = PCURVE('',#3831,#4171);
#4171 = DEFINITIONAL_REPRESENTATION('',(#4172),#4175);
#4172 = B_SPLINE_CURVE_WITH_KNOTS('',1,(#4173,#4174),.UNSPECIFIED.,.F.,
  .F.,(2,2),(-15.707560676,-13.207560676),.PIECEWISE_BEZIER_KNOTS.);
#4173 = CARTESIAN_POINT('',(30.415121352005,7.559527783281));
#4174 = CARTESIAN_POINT('',(27.915121352005,7.559527783281));
#4175 = ( GEOMETRIC_REPRESENTATION_CONTEXT(2) 
PARAMETRIC_REPRESENTATION_CONTEXT() REPRESENTATION_CONTEXT('2D SPACE',''
  ) );
#4176 = PCURVE('',#3962,#4177);
#4177 = DEFINITIONAL_REPRESENTATION('',(#4178),#4181);
#4178 = B_SPLINE_CURVE_WITH_KNOTS('',1,(#4179,#4180),.UNSPECIFIED.,.F.,
  .F.,(2,2),(-15.707560676,-13.207560676),.PIECEWISE_BEZIER_KNOTS.);
#4179 = CARTESIAN_POINT('',(1.,-0.486839930751));
#4180 = CARTESIAN_POINT('',(-1.5,-0.486839930751));
#4181 = ( GEOMETRIC_REPRESENTATION_CONTEXT(2) 
PARAMETRIC_REPRESENTATION_CONTEXT() REPRESENTATION_CONTEXT('2D SPACE',''
  ) );
#4182 = ORIENTED_EDGE('',*,*,#4183,.F.);
#4183 = EDGE_CURVE('',#4184,#4163,#4186,.T.);
#4184 = VERTEX_POINT('',#4185);
#4185 = CARTESIAN_POINT('',(-31.44455276506,1.5,42.021601931436));
#4186 = SURFACE_CURVE('',#4187,(#4192,#4199),.PCURVE_S1.);
#4187 = ELLIPSE('',#4188,3.549302374729,1.5);
#4188 = AXIS2_PLACEMENT_3D('',#4189,#4190,#4191);
#4189 = CARTESIAN_POINT('',(-34.66131314582,0.,42.021601931436));
#4190 = DIRECTION('',(-0.422618261741,0.906307787037,0.));
#4191 = DIRECTION('',(-0.906307787037,-0.422618261741,0.));
#4192 = PCURVE('',#3831,#4193);
#4193 = DEFINITIONAL_REPRESENTATION('',(#4194),#4198);
#4194 = ELLIPSE('',#4195,3.549302374729,1.5);
#4195 = AXIS2_PLACEMENT_2D('',#4196,#4197);
#4196 = CARTESIAN_POINT('',(29.415121352005,6.407566368396));
#4197 = DIRECTION('',(0.,-1.));
#4198 = ( GEOMETRIC_REPRESENTATION_CONTEXT(2) 
PARAMETRIC_REPRESENTATION_CONTEXT() REPRESENTATION_CONTEXT('2D SPACE',''
  ) );
#4199 = PCURVE('',#4200,#4205);
#4200 = CYLINDRICAL_SURFACE('',#4201,1.5);
#4201 = AXIS2_PLACEMENT_3D('',#4202,#4203,#4204);
#4202 = CARTESIAN_POINT('',(-33.61728154514,0.,42.021601931436));
#4203 = DIRECTION('',(-1.,-0.,-0.));
#4204 = DIRECTION('',(0.,1.,0.));
#4205 = DEFINITIONAL_REPRESENTATION('',(#4206),#4215);
#4206 = B_SPLINE_CURVE_WITH_KNOTS('',7,(#4207,#4208,#4209,#4210,#4211,
    #4212,#4213,#4214),.UNSPECIFIED.,.F.,.F.,(8,8),(3.14159265359,
    4.38184271806),.PIECEWISE_BEZIER_KNOTS.);
#4207 = CARTESIAN_POINT('',(-6.28318530718,-2.172728780088));
#4208 = CARTESIAN_POINT('',(-6.106006726541,-2.172728780088));
#4209 = CARTESIAN_POINT('',(-5.928828145902,-2.054916646473));
#4210 = CARTESIAN_POINT('',(-5.751649565263,-1.819297034844));
#4211 = CARTESIAN_POINT('',(-5.574470984625,-1.474912375582));
#4212 = CARTESIAN_POINT('',(-5.397292403986,-1.039936753646));
#4213 = CARTESIAN_POINT('',(-5.220113823348,-0.539086788624));
#4214 = CARTESIAN_POINT('',(-5.042935242709,5.999999999062E-07));
#4215 = ( GEOMETRIC_REPRESENTATION_CONTEXT(2) 
PARAMETRIC_REPRESENTATION_CONTEXT() REPRESENTATION_CONTEXT('2D SPACE',''
  ) );
#4216 = ORIENTED_EDGE('',*,*,#4217,.F.);
#4217 = EDGE_CURVE('',#4218,#4184,#4220,.T.);
#4218 = VERTEX_POINT('',#4219);
#4219 = CARTESIAN_POINT('',(-32.26368151958,1.11803398875,
    43.021601931436));
#4220 = SURFACE_CURVE('',#4221,(#4226,#4233),.PCURVE_S1.);
#4221 = ELLIPSE('',#4222,3.549302374729,1.5);
#4222 = AXIS2_PLACEMENT_3D('',#4223,#4224,#4225);
#4223 = CARTESIAN_POINT('',(-34.66131314582,0.,42.021601931436));
#4224 = DIRECTION('',(-0.422618261741,0.906307787037,0.));
#4225 = DIRECTION('',(-0.906307787037,-0.422618261741,0.));
#4226 = PCURVE('',#3831,#4227);
#4227 = DEFINITIONAL_REPRESENTATION('',(#4228),#4232);
#4228 = ELLIPSE('',#4229,3.549302374729,1.5);
#4229 = AXIS2_PLACEMENT_2D('',#4230,#4231);
#4230 = CARTESIAN_POINT('',(29.415121352005,6.407566368396));
#4231 = DIRECTION('',(0.,-1.));
#4232 = ( GEOMETRIC_REPRESENTATION_CONTEXT(2) 
PARAMETRIC_REPRESENTATION_CONTEXT() REPRESENTATION_CONTEXT('2D SPACE',''
  ) );
#4233 = PCURVE('',#3990,#4234);
#4234 = DEFINITIONAL_REPRESENTATION('',(#4235),#4244);
#4235 = B_SPLINE_CURVE_WITH_KNOTS('',7,(#4236,#4237,#4238,#4239,#4240,
    #4241,#4242,#4243),.UNSPECIFIED.,.F.,.F.,(8,8),(1.901342589119,
    3.14159265359),.PIECEWISE_BEZIER_KNOTS.);
#4236 = CARTESIAN_POINT('',(-1.240250064471,5.999999999062E-07));
#4237 = CARTESIAN_POINT('',(-1.063071483832,-0.539086788624));
#4238 = CARTESIAN_POINT('',(-0.885892903193,-1.039936753646));
#4239 = CARTESIAN_POINT('',(-0.708714322555,-1.474912375583));
#4240 = CARTESIAN_POINT('',(-0.531535741916,-1.819297034843));
#4241 = CARTESIAN_POINT('',(-0.354357161277,-2.054916646473));
#4242 = CARTESIAN_POINT('',(-0.177178580639,-2.172728780088));
#4243 = CARTESIAN_POINT('',(0.,-2.172728780088));
#4244 = ( GEOMETRIC_REPRESENTATION_CONTEXT(2) 
PARAMETRIC_REPRESENTATION_CONTEXT() REPRESENTATION_CONTEXT('2D SPACE',''
  ) );
#4245 = ORIENTED_EDGE('',*,*,#4246,.T.);
#4246 = EDGE_CURVE('',#4218,#4117,#4247,.T.);
#4247 = SURFACE_CURVE('',#4248,(#4252,#4259),.PCURVE_S1.);
#4248 = LINE('',#4249,#4250);
#4249 = CARTESIAN_POINT('',(-40.46854044145,-2.7079545606,
    43.021601931436));
#4250 = VECTOR('',#4251,1.);
#4251 = DIRECTION('',(0.906307787037,0.422618261741,0.));
#4252 = PCURVE('',#3831,#4253);
#4253 = DEFINITIONAL_REPRESENTATION('',(#4254),#4258);
#4254 = LINE('',#4255,#4256);
#4255 = CARTESIAN_POINT('',(30.415121352005,0.));
#4256 = VECTOR('',#4257,1.);
#4257 = DIRECTION('',(0.,1.));
#4258 = ( GEOMETRIC_REPRESENTATION_CONTEXT(2) 
PARAMETRIC_REPRESENTATION_CONTEXT() REPRESENTATION_CONTEXT('2D SPACE',''
  ) );
#4259 = PCURVE('',#4052,#4260);
#4260 = DEFINITIONAL_REPRESENTATION('',(#4261),#4265);
#4261 = LINE('',#4262,#4263);
#4262 = CARTESIAN_POINT('',(-2.498001805407E-15,0.88245364056));
#4263 = VECTOR('',#4264,1.);
#4264 = DIRECTION('',(1.,0.));
#4265 = ( GEOMETRIC_REPRESENTATION_CONTEXT(2) 
PARAMETRIC_REPRESENTATION_CONTEXT() REPRESENTATION_CONTEXT('2D SPACE',''
  ) );
#4266 = ADVANCED_FACE('',(#4267),#3803,.F.);
#4267 = FACE_BOUND('',#4268,.F.);
#4268 = EDGE_LOOP('',(#4269,#4270,#4271,#4292));
#4269 = ORIENTED_EDGE('',*,*,#3787,.F.);
#4270 = ORIENTED_EDGE('',*,*,#3902,.T.);
#4271 = ORIENTED_EDGE('',*,*,#4272,.T.);
#4272 = EDGE_CURVE('',#3873,#4115,#4273,.T.);
#4273 = SURFACE_CURVE('',#4274,(#4278,#4285),.PCURVE_S1.);
#4274 = LINE('',#4275,#4276);
#4275 = CARTESIAN_POINT('',(-26.76602264884,2.7079545606,12.606480579431
    ));
#4276 = VECTOR('',#4277,1.);
#4277 = DIRECTION('',(-0.422618261741,0.906307787037,0.));
#4278 = PCURVE('',#3803,#4279);
#4279 = DEFINITIONAL_REPRESENTATION('',(#4280),#4284);
#4280 = LINE('',#4281,#4282);
#4281 = CARTESIAN_POINT('',(14.707560676003,0.));
#4282 = VECTOR('',#4283,1.);
#4283 = DIRECTION('',(0.,1.));
#4284 = ( GEOMETRIC_REPRESENTATION_CONTEXT(2) 
PARAMETRIC_REPRESENTATION_CONTEXT() REPRESENTATION_CONTEXT('2D SPACE',''
  ) );
#4285 = PCURVE('',#3890,#4286);
#4286 = DEFINITIONAL_REPRESENTATION('',(#4287),#4291);
#4287 = LINE('',#4288,#4289);
#4288 = CARTESIAN_POINT('',(0.,0.));
#4289 = VECTOR('',#4290,1.);
#4290 = DIRECTION('',(0.,-1.));
#4291 = ( GEOMETRIC_REPRESENTATION_CONTEXT(2) 
PARAMETRIC_REPRESENTATION_CONTEXT() REPRESENTATION_CONTEXT('2D SPACE',''
  ) );
#4292 = ORIENTED_EDGE('',*,*,#4139,.F.);
#4293 = ADVANCED_FACE('',(#4294),#3890,.T.);
#4294 = FACE_BOUND('',#4295,.T.);
#4295 = EDGE_LOOP('',(#4296,#4297,#4298,#4299));
#4296 = ORIENTED_EDGE('',*,*,#3872,.F.);
#4297 = ORIENTED_EDGE('',*,*,#4272,.T.);
#4298 = ORIENTED_EDGE('',*,*,#4114,.T.);
#4299 = ORIENTED_EDGE('',*,*,#4300,.F.);
#4300 = EDGE_CURVE('',#3875,#4117,#4301,.T.);
#4301 = SURFACE_CURVE('',#4302,(#4306,#4313),.PCURVE_S1.);
#4302 = LINE('',#4303,#4304);
#4303 = CARTESIAN_POINT('',(-26.76602264884,2.7079545606,43.021601931436
    ));
#4304 = VECTOR('',#4305,1.);
#4305 = DIRECTION('',(-0.422618261741,0.906307787037,0.));
#4306 = PCURVE('',#3890,#4307);
#4307 = DEFINITIONAL_REPRESENTATION('',(#4308),#4312);
#4308 = LINE('',#4309,#4310);
#4309 = CARTESIAN_POINT('',(30.415121352005,0.));
#4310 = VECTOR('',#4311,1.);
#4311 = DIRECTION('',(0.,-1.));
#4312 = ( GEOMETRIC_REPRESENTATION_CONTEXT(2) 
PARAMETRIC_REPRESENTATION_CONTEXT() REPRESENTATION_CONTEXT('2D SPACE',''
  ) );
#4313 = PCURVE('',#4052,#4314);
#4314 = DEFINITIONAL_REPRESENTATION('',(#4315),#4319);
#4315 = LINE('',#4316,#4317);
#4316 = CARTESIAN_POINT('',(14.707560676003,0.));
#4317 = VECTOR('',#4318,1.);
#4318 = DIRECTION('',(0.,1.));
#4319 = ( GEOMETRIC_REPRESENTATION_CONTEXT(2) 
PARAMETRIC_REPRESENTATION_CONTEXT() REPRESENTATION_CONTEXT('2D SPACE',''
  ) );
#4320 = ADVANCED_FACE('',(#4321),#4052,.T.);
#4321 = FACE_BOUND('',#4322,.T.);
#4322 = EDGE_LOOP('',(#4323,#4324,#4343,#4344));
#4323 = ORIENTED_EDGE('',*,*,#4246,.F.);
#4324 = ORIENTED_EDGE('',*,*,#4325,.F.);
#4325 = EDGE_CURVE('',#4009,#4218,#4326,.T.);
#4326 = SURFACE_CURVE('',#4327,(#4331,#4337),.PCURVE_S1.);
#4327 = LINE('',#4328,#4329);
#4328 = CARTESIAN_POINT('',(-33.61728154514,1.11803398875,
    43.021601931436));
#4329 = VECTOR('',#4330,1.);
#4330 = DIRECTION('',(-1.,-0.,-0.));
#4331 = PCURVE('',#4052,#4332);
#4332 = DEFINITIONAL_REPRESENTATION('',(#4333),#4336);
#4333 = B_SPLINE_CURVE_WITH_KNOTS('',1,(#4334,#4335),.UNSPECIFIED.,.F.,
  .F.,(2,2),(-3.65046954705,-1.144793705428),.PIECEWISE_BEZIER_KNOTS.);
#4334 = CARTESIAN_POINT('',(11.134730895726,-8.824536405598E-02));
#4335 = CARTESIAN_POINT('',(8.863817368674,0.970699004616));
#4336 = ( GEOMETRIC_REPRESENTATION_CONTEXT(2) 
PARAMETRIC_REPRESENTATION_CONTEXT() REPRESENTATION_CONTEXT('2D SPACE',''
  ) );
#4337 = PCURVE('',#3990,#4338);
#4338 = DEFINITIONAL_REPRESENTATION('',(#4339),#4342);
#4339 = B_SPLINE_CURVE_WITH_KNOTS('',1,(#4340,#4341),.UNSPECIFIED.,.F.,
  .F.,(2,2),(-3.65046954705,-1.144793705428),.PIECEWISE_BEZIER_KNOTS.);
#4340 = CARTESIAN_POINT('',(-0.729727656227,-3.65046954705));
#4341 = CARTESIAN_POINT('',(-0.729727656227,-1.144793705428));
#4342 = ( GEOMETRIC_REPRESENTATION_CONTEXT(2) 
PARAMETRIC_REPRESENTATION_CONTEXT() REPRESENTATION_CONTEXT('2D SPACE',''
  ) );
#4343 = ORIENTED_EDGE('',*,*,#4038,.T.);
#4344 = ORIENTED_EDGE('',*,*,#4300,.T.);
#4345 = ADVANCED_FACE('',(#4346),#3990,.T.);
#4346 = FACE_BOUND('',#4347,.F.);
#4347 = EDGE_LOOP('',(#4348,#4372,#4393,#4394,#4395,#4396,#4419,#4446,
    #4447));
#4348 = ORIENTED_EDGE('',*,*,#4349,.F.);
#4349 = EDGE_CURVE('',#4350,#3948,#4352,.T.);
#4350 = VERTEX_POINT('',#4351);
#4351 = CARTESIAN_POINT('',(-33.61728154514,1.5,42.021601931436));
#4352 = SURFACE_CURVE('',#4353,(#4358,#4365),.PCURVE_S1.);
#4353 = CIRCLE('',#4354,1.5);
#4354 = AXIS2_PLACEMENT_3D('',#4355,#4356,#4357);
#4355 = CARTESIAN_POINT('',(-33.61728154514,0.,42.021601931436));
#4356 = DIRECTION('',(1.,0.,0.));
#4357 = DIRECTION('',(0.,1.,0.));
#4358 = PCURVE('',#3990,#4359);
#4359 = DEFINITIONAL_REPRESENTATION('',(#4360),#4364);
#4360 = LINE('',#4361,#4362);
#4361 = CARTESIAN_POINT('',(-0.,0.));
#4362 = VECTOR('',#4363,1.);
#4363 = DIRECTION('',(-1.,0.));
#4364 = ( GEOMETRIC_REPRESENTATION_CONTEXT(2) 
PARAMETRIC_REPRESENTATION_CONTEXT() REPRESENTATION_CONTEXT('2D SPACE',''
  ) );
#4365 = PCURVE('',#3962,#4366);
#4366 = DEFINITIONAL_REPRESENTATION('',(#4367),#4371);
#4367 = CIRCLE('',#4368,1.5);
#4368 = AXIS2_PLACEMENT_2D('',#4369,#4370);
#4369 = CARTESIAN_POINT('',(0.,-1.139533443783E-16));
#4370 = DIRECTION('',(0.,-1.));
#4371 = ( GEOMETRIC_REPRESENTATION_CONTEXT(2) 
PARAMETRIC_REPRESENTATION_CONTEXT() REPRESENTATION_CONTEXT('2D SPACE',''
  ) );
#4372 = ORIENTED_EDGE('',*,*,#4373,.T.);
#4373 = EDGE_CURVE('',#4350,#4184,#4374,.T.);
#4374 = SURFACE_CURVE('',#4375,(#4379,#4386),.PCURVE_S1.);
#4375 = LINE('',#4376,#4377);
#4376 = CARTESIAN_POINT('',(-33.61728154514,1.5,42.021601931436));
#4377 = VECTOR('',#4378,1.);
#4378 = DIRECTION('',(1.,0.,0.));
#4379 = PCURVE('',#3990,#4380);
#4380 = DEFINITIONAL_REPRESENTATION('',(#4381),#4385);
#4381 = LINE('',#4382,#4383);
#4382 = CARTESIAN_POINT('',(-0.,0.));
#4383 = VECTOR('',#4384,1.);
#4384 = DIRECTION('',(-0.,-1.));
#4385 = ( GEOMETRIC_REPRESENTATION_CONTEXT(2) 
PARAMETRIC_REPRESENTATION_CONTEXT() REPRESENTATION_CONTEXT('2D SPACE',''
  ) );
#4386 = PCURVE('',#4200,#4387);
#4387 = DEFINITIONAL_REPRESENTATION('',(#4388),#4392);
#4388 = LINE('',#4389,#4390);
#4389 = CARTESIAN_POINT('',(-6.28318530718,0.));
#4390 = VECTOR('',#4391,1.);
#4391 = DIRECTION('',(-0.,-1.));
#4392 = ( GEOMETRIC_REPRESENTATION_CONTEXT(2) 
PARAMETRIC_REPRESENTATION_CONTEXT() REPRESENTATION_CONTEXT('2D SPACE',''
  ) );
#4393 = ORIENTED_EDGE('',*,*,#4217,.F.);
#4394 = ORIENTED_EDGE('',*,*,#4325,.F.);
#4395 = ORIENTED_EDGE('',*,*,#4008,.T.);
#4396 = ORIENTED_EDGE('',*,*,#4397,.T.);
#4397 = EDGE_CURVE('',#3974,#4398,#4400,.T.);
#4398 = VERTEX_POINT('',#4399);
#4399 = CARTESIAN_POINT('',(-23.61728154514,1.5,42.021601931436));
#4400 = SEAM_CURVE('',#4401,(#4405,#4412),.PCURVE_S1.);
#4401 = LINE('',#4402,#4403);
#4402 = CARTESIAN_POINT('',(-33.61728154514,1.5,42.021601931436));
#4403 = VECTOR('',#4404,1.);
#4404 = DIRECTION('',(1.,0.,0.));
#4405 = PCURVE('',#3990,#4406);
#4406 = DEFINITIONAL_REPRESENTATION('',(#4407),#4411);
#4407 = LINE('',#4408,#4409);
#4408 = CARTESIAN_POINT('',(-0.,0.));
#4409 = VECTOR('',#4410,1.);
#4410 = DIRECTION('',(-0.,-1.));
#4411 = ( GEOMETRIC_REPRESENTATION_CONTEXT(2) 
PARAMETRIC_REPRESENTATION_CONTEXT() REPRESENTATION_CONTEXT('2D SPACE',''
  ) );
#4412 = PCURVE('',#3990,#4413);
#4413 = DEFINITIONAL_REPRESENTATION('',(#4414),#4418);
#4414 = LINE('',#4415,#4416);
#4415 = CARTESIAN_POINT('',(-6.28318530718,0.));
#4416 = VECTOR('',#4417,1.);
#4417 = DIRECTION('',(-0.,-1.));
#4418 = ( GEOMETRIC_REPRESENTATION_CONTEXT(2) 
PARAMETRIC_REPRESENTATION_CONTEXT() REPRESENTATION_CONTEXT('2D SPACE',''
  ) );
#4419 = ORIENTED_EDGE('',*,*,#4420,.T.);
#4420 = EDGE_CURVE('',#4398,#4398,#4421,.T.);
#4421 = SURFACE_CURVE('',#4422,(#4427,#4434),.PCURVE_S1.);
#4422 = CIRCLE('',#4423,1.5);
#4423 = AXIS2_PLACEMENT_3D('',#4424,#4425,#4426);
#4424 = CARTESIAN_POINT('',(-23.61728154514,0.,42.021601931436));
#4425 = DIRECTION('',(1.,0.,0.));
#4426 = DIRECTION('',(0.,1.,0.));
#4427 = PCURVE('',#3990,#4428);
#4428 = DEFINITIONAL_REPRESENTATION('',(#4429),#4433);
#4429 = LINE('',#4430,#4431);
#4430 = CARTESIAN_POINT('',(-0.,-10.));
#4431 = VECTOR('',#4432,1.);
#4432 = DIRECTION('',(-1.,0.));
#4433 = ( GEOMETRIC_REPRESENTATION_CONTEXT(2) 
PARAMETRIC_REPRESENTATION_CONTEXT() REPRESENTATION_CONTEXT('2D SPACE',''
  ) );
#4434 = PCURVE('',#4435,#4440);
#4435 = PLANE('',#4436);
#4436 = AXIS2_PLACEMENT_3D('',#4437,#4438,#4439);
#4437 = CARTESIAN_POINT('',(-23.61728154514,-1.139533443783E-16,
    42.021601931436));
#4438 = DIRECTION('',(1.,0.,0.));
#4439 = DIRECTION('',(0.,0.,1.));
#4440 = DEFINITIONAL_REPRESENTATION('',(#4441),#4445);
#4441 = CIRCLE('',#4442,1.5);
#4442 = AXIS2_PLACEMENT_2D('',#4443,#4444);
#4443 = CARTESIAN_POINT('',(0.,-1.139533443783E-16));
#4444 = DIRECTION('',(0.,-1.));
#4445 = ( GEOMETRIC_REPRESENTATION_CONTEXT(2) 
PARAMETRIC_REPRESENTATION_CONTEXT() REPRESENTATION_CONTEXT('2D SPACE',''
  ) );
#4446 = ORIENTED_EDGE('',*,*,#4397,.F.);
#4447 = ORIENTED_EDGE('',*,*,#3973,.T.);
#4448 = ADVANCED_FACE('',(#4449),#3962,.F.);
#4449 = FACE_BOUND('',#4450,.F.);
#4450 = EDGE_LOOP('',(#4451,#4473,#4474,#4475,#4476));
#4451 = ORIENTED_EDGE('',*,*,#4452,.T.);
#4452 = EDGE_CURVE('',#4163,#4350,#4453,.T.);
#4453 = SURFACE_CURVE('',#4454,(#4459,#4466),.PCURVE_S1.);
#4454 = CIRCLE('',#4455,1.5);
#4455 = AXIS2_PLACEMENT_3D('',#4456,#4457,#4458);
#4456 = CARTESIAN_POINT('',(-33.61728154514,0.,42.021601931436));
#4457 = DIRECTION('',(1.,0.,0.));
#4458 = DIRECTION('',(0.,1.,0.));
#4459 = PCURVE('',#3962,#4460);
#4460 = DEFINITIONAL_REPRESENTATION('',(#4461),#4465);
#4461 = CIRCLE('',#4462,1.5);
#4462 = AXIS2_PLACEMENT_2D('',#4463,#4464);
#4463 = CARTESIAN_POINT('',(0.,-1.139533443783E-16));
#4464 = DIRECTION('',(0.,-1.));
#4465 = ( GEOMETRIC_REPRESENTATION_CONTEXT(2) 
PARAMETRIC_REPRESENTATION_CONTEXT() REPRESENTATION_CONTEXT('2D SPACE',''
  ) );
#4466 = PCURVE('',#4200,#4467);
#4467 = DEFINITIONAL_REPRESENTATION('',(#4468),#4472);
#4468 = LINE('',#4469,#4470);
#4469 = CARTESIAN_POINT('',(-0.,0.));
#4470 = VECTOR('',#4471,1.);
#4471 = DIRECTION('',(-1.,0.));
#4472 = ( GEOMETRIC_REPRESENTATION_CONTEXT(2) 
PARAMETRIC_REPRESENTATION_CONTEXT() REPRESENTATION_CONTEXT('2D SPACE',''
  ) );
#4473 = ORIENTED_EDGE('',*,*,#4349,.T.);
#4474 = ORIENTED_EDGE('',*,*,#3947,.F.);
#4475 = ORIENTED_EDGE('',*,*,#4092,.T.);
#4476 = ORIENTED_EDGE('',*,*,#4162,.T.);
#4477 = ADVANCED_FACE('',(#4478),#4200,.T.);
#4478 = FACE_BOUND('',#4479,.F.);
#4479 = EDGE_LOOP('',(#4480,#4481,#4482));
#4480 = ORIENTED_EDGE('',*,*,#4452,.F.);
#4481 = ORIENTED_EDGE('',*,*,#4183,.F.);
#4482 = ORIENTED_EDGE('',*,*,#4373,.F.);
#4483 = ADVANCED_FACE('',(#4484),#4435,.T.);
#4484 = FACE_BOUND('',#4485,.T.);
#4485 = EDGE_LOOP('',(#4486));
#4486 = ORIENTED_EDGE('',*,*,#4420,.T.);
#4487 = MANIFOLD_SOLID_BREP('',#4488);
#4488 = CLOSED_SHELL('',(#4489,#4609,#4804,#4851,#5007,#5034,#5061,#5086
    ,#5189,#5218,#5224));
#4489 = ADVANCED_FACE('',(#4490),#4504,.F.);
#4490 = FACE_BOUND('',#4491,.F.);
#4491 = EDGE_LOOP('',(#4492,#4527,#4555,#4583));
#4492 = ORIENTED_EDGE('',*,*,#4493,.F.);
#4493 = EDGE_CURVE('',#4494,#4496,#4498,.T.);
#4494 = VERTEX_POINT('',#4495);
#4495 = CARTESIAN_POINT('',(-40.09559941781,-7.824846085525,
    10.488055122119));
#4496 = VERTEX_POINT('',#4497);
#4497 = CARTESIAN_POINT('',(-40.09559941781,-18.8120552,38.849311136827)
  );
#4498 = SURFACE_CURVE('',#4499,(#4503,#4515),.PCURVE_S1.);
#4499 = LINE('',#4500,#4501);
#4500 = CARTESIAN_POINT('',(-40.09559941781,-7.824846085525,
    10.488055122119));
#4501 = VECTOR('',#4502,1.);
#4502 = DIRECTION('',(0.,-0.361241666187,0.932472229404));
#4503 = PCURVE('',#4504,#4509);
#4504 = PLANE('',#4505);
#4505 = AXIS2_PLACEMENT_3D('',#4506,#4507,#4508);
#4506 = CARTESIAN_POINT('',(-40.09559941781,-7.824846085525,
    10.488055122119));
#4507 = DIRECTION('',(0.906307787037,0.394079792712,0.152667325032));
#4508 = DIRECTION('',(0.,-0.361241666187,0.932472229404));
#4509 = DEFINITIONAL_REPRESENTATION('',(#4510),#4514);
#4510 = LINE('',#4511,#4512);
#4511 = CARTESIAN_POINT('',(0.,0.));
#4512 = VECTOR('',#4513,1.);
#4513 = DIRECTION('',(1.,5.551115123126E-17));
#4514 = ( GEOMETRIC_REPRESENTATION_CONTEXT(2) 
PARAMETRIC_REPRESENTATION_CONTEXT() REPRESENTATION_CONTEXT('2D SPACE',''
  ) );
#4515 = PCURVE('',#4516,#4521);
#4516 = PLANE('',#4517);
#4517 = AXIS2_PLACEMENT_3D('',#4518,#4519,#4520);
#4518 = CARTESIAN_POINT('',(-40.09559941781,-7.824846085525,
    10.488055122119));
#4519 = DIRECTION('',(-0.422618261741,0.845106842705,0.327396135068));
#4520 = DIRECTION('',(0.,-0.361241666187,0.932472229404));
#4521 = DEFINITIONAL_REPRESENTATION('',(#4522),#4526);
#4522 = LINE('',#4523,#4524);
#4523 = CARTESIAN_POINT('',(0.,0.));
#4524 = VECTOR('',#4525,1.);
#4525 = DIRECTION('',(1.,0.));
#4526 = ( GEOMETRIC_REPRESENTATION_CONTEXT(2) 
PARAMETRIC_REPRESENTATION_CONTEXT() REPRESENTATION_CONTEXT('2D SPACE',''
  ) );
#4527 = ORIENTED_EDGE('',*,*,#4528,.T.);
#4528 = EDGE_CURVE('',#4494,#4529,#4531,.T.);
#4529 = VERTEX_POINT('',#4530);
#4530 = CARTESIAN_POINT('',(-40.46854044145,-7.079078475518,
    10.776967033414));
#4531 = SURFACE_CURVE('',#4532,(#4536,#4543),.PCURVE_S1.);
#4532 = LINE('',#4533,#4534);
#4533 = CARTESIAN_POINT('',(-40.09559941781,-7.824846085525,
    10.488055122119));
#4534 = VECTOR('',#4535,1.);
#4535 = DIRECTION('',(-0.422618261741,0.845106842705,0.327396135068));
#4536 = PCURVE('',#4504,#4537);
#4537 = DEFINITIONAL_REPRESENTATION('',(#4538),#4542);
#4538 = LINE('',#4539,#4540);
#4539 = CARTESIAN_POINT('',(0.,0.));
#4540 = VECTOR('',#4541,1.);
#4541 = DIRECTION('',(-5.551115123126E-17,-1.));
#4542 = ( GEOMETRIC_REPRESENTATION_CONTEXT(2) 
PARAMETRIC_REPRESENTATION_CONTEXT() REPRESENTATION_CONTEXT('2D SPACE',''
  ) );
#4543 = PCURVE('',#4544,#4549);
#4544 = PLANE('',#4545);
#4545 = AXIS2_PLACEMENT_3D('',#4546,#4547,#4548);
#4546 = CARTESIAN_POINT('',(-40.09559941781,-7.824846085525,
    10.488055122119));
#4547 = DIRECTION('',(0.,-0.361241666187,0.932472229404));
#4548 = DIRECTION('',(0.906307787037,0.394079792712,0.152667325032));
#4549 = DEFINITIONAL_REPRESENTATION('',(#4550),#4554);
#4550 = LINE('',#4551,#4552);
#4551 = CARTESIAN_POINT('',(0.,0.));
#4552 = VECTOR('',#4553,1.);
#4553 = DIRECTION('',(-1.387778780781E-17,1.));
#4554 = ( GEOMETRIC_REPRESENTATION_CONTEXT(2) 
PARAMETRIC_REPRESENTATION_CONTEXT() REPRESENTATION_CONTEXT('2D SPACE',''
  ) );
#4555 = ORIENTED_EDGE('',*,*,#4556,.T.);
#4556 = EDGE_CURVE('',#4529,#4557,#4559,.T.);
#4557 = VERTEX_POINT('',#4558);
#4558 = CARTESIAN_POINT('',(-40.46854044145,-18.06628759,39.138223048123
    ));
#4559 = SURFACE_CURVE('',#4560,(#4564,#4571),.PCURVE_S1.);
#4560 = LINE('',#4561,#4562);
#4561 = CARTESIAN_POINT('',(-40.46854044145,-7.079078475518,
    10.776967033414));
#4562 = VECTOR('',#4563,1.);
#4563 = DIRECTION('',(0.,-0.361241666187,0.932472229404));
#4564 = PCURVE('',#4504,#4565);
#4565 = DEFINITIONAL_REPRESENTATION('',(#4566),#4570);
#4566 = LINE('',#4567,#4568);
#4567 = CARTESIAN_POINT('',(1.665334536938E-16,-0.88245364056));
#4568 = VECTOR('',#4569,1.);
#4569 = DIRECTION('',(1.,5.551115123126E-17));
#4570 = ( GEOMETRIC_REPRESENTATION_CONTEXT(2) 
PARAMETRIC_REPRESENTATION_CONTEXT() REPRESENTATION_CONTEXT('2D SPACE',''
  ) );
#4571 = PCURVE('',#4572,#4577);
#4572 = PLANE('',#4573);
#4573 = AXIS2_PLACEMENT_3D('',#4574,#4575,#4576);
#4574 = CARTESIAN_POINT('',(-40.46854044145,-7.079078475518,
    10.776967033414));
#4575 = DIRECTION('',(-0.422618261741,0.845106842705,0.327396135068));
#4576 = DIRECTION('',(0.,-0.361241666187,0.932472229404));
#4577 = DEFINITIONAL_REPRESENTATION('',(#4578),#4582);
#4578 = LINE('',#4579,#4580);
#4579 = CARTESIAN_POINT('',(0.,0.));
#4580 = VECTOR('',#4581,1.);
#4581 = DIRECTION('',(1.,0.));
#4582 = ( GEOMETRIC_REPRESENTATION_CONTEXT(2) 
PARAMETRIC_REPRESENTATION_CONTEXT() REPRESENTATION_CONTEXT('2D SPACE',''
  ) );
#4583 = ORIENTED_EDGE('',*,*,#4584,.F.);
#4584 = EDGE_CURVE('',#4496,#4557,#4585,.T.);
#4585 = SURFACE_CURVE('',#4586,(#4590,#4597),.PCURVE_S1.);
#4586 = LINE('',#4587,#4588);
#4587 = CARTESIAN_POINT('',(-40.09559941781,-18.8120552,38.849311136827)
  );
#4588 = VECTOR('',#4589,1.);
#4589 = DIRECTION('',(-0.422618261741,0.845106842705,0.327396135068));
#4590 = PCURVE('',#4504,#4591);
#4591 = DEFINITIONAL_REPRESENTATION('',(#4592),#4596);
#4592 = LINE('',#4593,#4594);
#4593 = CARTESIAN_POINT('',(30.415121352005,3.552713678801E-15));
#4594 = VECTOR('',#4595,1.);
#4595 = DIRECTION('',(-5.551115123126E-17,-1.));
#4596 = ( GEOMETRIC_REPRESENTATION_CONTEXT(2) 
PARAMETRIC_REPRESENTATION_CONTEXT() REPRESENTATION_CONTEXT('2D SPACE',''
  ) );
#4597 = PCURVE('',#4598,#4603);
#4598 = PLANE('',#4599);
#4599 = AXIS2_PLACEMENT_3D('',#4600,#4601,#4602);
#4600 = CARTESIAN_POINT('',(-40.09559941781,-18.8120552,38.849311136827)
  );
#4601 = DIRECTION('',(0.,-0.361241666187,0.932472229404));
#4602 = DIRECTION('',(0.906307787037,0.394079792712,0.152667325032));
#4603 = DEFINITIONAL_REPRESENTATION('',(#4604),#4608);
#4604 = LINE('',#4605,#4606);
#4605 = CARTESIAN_POINT('',(0.,0.));
#4606 = VECTOR('',#4607,1.);
#4607 = DIRECTION('',(-1.387778780781E-17,1.));
#4608 = ( GEOMETRIC_REPRESENTATION_CONTEXT(2) 
PARAMETRIC_REPRESENTATION_CONTEXT() REPRESENTATION_CONTEXT('2D SPACE',''
  ) );
#4609 = ADVANCED_FACE('',(#4610),#4516,.F.);
#4610 = FACE_BOUND('',#4611,.F.);
#4611 = EDGE_LOOP('',(#4612,#4642,#4663,#4664,#4687,#4713,#4748,#4778));
#4612 = ORIENTED_EDGE('',*,*,#4613,.F.);
#4613 = EDGE_CURVE('',#4614,#4616,#4618,.T.);
#4614 = VERTEX_POINT('',#4615);
#4615 = CARTESIAN_POINT('',(-26.76602264884,-2.028893623021,
    12.733419068275));
#4616 = VERTEX_POINT('',#4617);
#4617 = CARTESIAN_POINT('',(-26.76602264884,-13.0161027375,
    41.094675082983));
#4618 = SURFACE_CURVE('',#4619,(#4623,#4630),.PCURVE_S1.);
#4619 = LINE('',#4620,#4621);
#4620 = CARTESIAN_POINT('',(-26.76602264884,-2.028893623021,
    12.733419068275));
#4621 = VECTOR('',#4622,1.);
#4622 = DIRECTION('',(0.,-0.361241666187,0.932472229404));
#4623 = PCURVE('',#4516,#4624);
#4624 = DEFINITIONAL_REPRESENTATION('',(#4625),#4629);
#4625 = LINE('',#4626,#4627);
#4626 = CARTESIAN_POINT('',(-4.440892098501E-16,14.707560676003));
#4627 = VECTOR('',#4628,1.);
#4628 = DIRECTION('',(1.,0.));
#4629 = ( GEOMETRIC_REPRESENTATION_CONTEXT(2) 
PARAMETRIC_REPRESENTATION_CONTEXT() REPRESENTATION_CONTEXT('2D SPACE',''
  ) );
#4630 = PCURVE('',#4631,#4636);
#4631 = PLANE('',#4632);
#4632 = AXIS2_PLACEMENT_3D('',#4633,#4634,#4635);
#4633 = CARTESIAN_POINT('',(-26.76602264884,-2.028893623021,
    12.733419068275));
#4634 = DIRECTION('',(0.906307787037,0.394079792712,0.152667325032));
#4635 = DIRECTION('',(0.,-0.361241666187,0.932472229404));
#4636 = DEFINITIONAL_REPRESENTATION('',(#4637),#4641);
#4637 = LINE('',#4638,#4639);
#4638 = CARTESIAN_POINT('',(0.,0.));
#4639 = VECTOR('',#4640,1.);
#4640 = DIRECTION('',(1.,5.551115123126E-17));
#4641 = ( GEOMETRIC_REPRESENTATION_CONTEXT(2) 
PARAMETRIC_REPRESENTATION_CONTEXT() REPRESENTATION_CONTEXT('2D SPACE',''
  ) );
#4642 = ORIENTED_EDGE('',*,*,#4643,.F.);
#4643 = EDGE_CURVE('',#4494,#4614,#4644,.T.);
#4644 = SURFACE_CURVE('',#4645,(#4649,#4656),.PCURVE_S1.);
#4645 = LINE('',#4646,#4647);
#4646 = CARTESIAN_POINT('',(-40.09559941781,-7.824846085525,
    10.488055122119));
#4647 = VECTOR('',#4648,1.);
#4648 = DIRECTION('',(0.906307787037,0.394079792712,0.152667325032));
#4649 = PCURVE('',#4516,#4650);
#4650 = DEFINITIONAL_REPRESENTATION('',(#4651),#4655);
#4651 = LINE('',#4652,#4653);
#4652 = CARTESIAN_POINT('',(0.,0.));
#4653 = VECTOR('',#4654,1.);
#4654 = DIRECTION('',(2.775557561563E-17,1.));
#4655 = ( GEOMETRIC_REPRESENTATION_CONTEXT(2) 
PARAMETRIC_REPRESENTATION_CONTEXT() REPRESENTATION_CONTEXT('2D SPACE',''
  ) );
#4656 = PCURVE('',#4544,#4657);
#4657 = DEFINITIONAL_REPRESENTATION('',(#4658),#4662);
#4658 = LINE('',#4659,#4660);
#4659 = CARTESIAN_POINT('',(0.,0.));
#4660 = VECTOR('',#4661,1.);
#4661 = DIRECTION('',(1.,-2.775557561563E-17));
#4662 = ( GEOMETRIC_REPRESENTATION_CONTEXT(2) 
PARAMETRIC_REPRESENTATION_CONTEXT() REPRESENTATION_CONTEXT('2D SPACE',''
  ) );
#4663 = ORIENTED_EDGE('',*,*,#4493,.T.);
#4664 = ORIENTED_EDGE('',*,*,#4665,.T.);
#4665 = EDGE_CURVE('',#4496,#4666,#4668,.T.);
#4666 = VERTEX_POINT('',#4667);
#4667 = CARTESIAN_POINT('',(-33.61728154514,-15.99515987934,
    39.940582197802));
#4668 = SURFACE_CURVE('',#4669,(#4673,#4680),.PCURVE_S1.);
#4669 = LINE('',#4670,#4671);
#4670 = CARTESIAN_POINT('',(-40.09559941781,-18.8120552,38.849311136827)
  );
#4671 = VECTOR('',#4672,1.);
#4672 = DIRECTION('',(0.906307787037,0.394079792712,0.152667325032));
#4673 = PCURVE('',#4516,#4674);
#4674 = DEFINITIONAL_REPRESENTATION('',(#4675),#4679);
#4675 = LINE('',#4676,#4677);
#4676 = CARTESIAN_POINT('',(30.415121352005,8.881784197001E-16));
#4677 = VECTOR('',#4678,1.);
#4678 = DIRECTION('',(2.775557561563E-17,1.));
#4679 = ( GEOMETRIC_REPRESENTATION_CONTEXT(2) 
PARAMETRIC_REPRESENTATION_CONTEXT() REPRESENTATION_CONTEXT('2D SPACE',''
  ) );
#4680 = PCURVE('',#4598,#4681);
#4681 = DEFINITIONAL_REPRESENTATION('',(#4682),#4686);
#4682 = LINE('',#4683,#4684);
#4683 = CARTESIAN_POINT('',(0.,0.));
#4684 = VECTOR('',#4685,1.);
#4685 = DIRECTION('',(1.,-2.775557561563E-17));
#4686 = ( GEOMETRIC_REPRESENTATION_CONTEXT(2) 
PARAMETRIC_REPRESENTATION_CONTEXT() REPRESENTATION_CONTEXT('2D SPACE',''
  ) );
#4687 = ORIENTED_EDGE('',*,*,#4688,.T.);
#4688 = EDGE_CURVE('',#4666,#4689,#4691,.T.);
#4689 = VERTEX_POINT('',#4690);
#4690 = CARTESIAN_POINT('',(-33.61728154514,-15.12138937206,
    37.685120524421));
#4691 = SURFACE_CURVE('',#4692,(#4696,#4702),.PCURVE_S1.);
#4692 = LINE('',#4693,#4694);
#4693 = CARTESIAN_POINT('',(-33.61728154514,-10.320934489,
    25.293718075746));
#4694 = VECTOR('',#4695,1.);
#4695 = DIRECTION('',(0.,0.361241666187,-0.932472229404));
#4696 = PCURVE('',#4516,#4697);
#4697 = DEFINITIONAL_REPRESENTATION('',(#4698),#4701);
#4698 = B_SPLINE_CURVE_WITH_KNOTS('',1,(#4699,#4700),.UNSPECIFIED.,.F.,
  .F.,(2,2),(-15.707560676,-13.207560676),.PIECEWISE_BEZIER_KNOTS.);
#4699 = CARTESIAN_POINT('',(30.415121352005,7.148032892721));
#4700 = CARTESIAN_POINT('',(27.915121352005,7.148032892721));
#4701 = ( GEOMETRIC_REPRESENTATION_CONTEXT(2) 
PARAMETRIC_REPRESENTATION_CONTEXT() REPRESENTATION_CONTEXT('2D SPACE',''
  ) );
#4702 = PCURVE('',#4703,#4708);
#4703 = PLANE('',#4704);
#4704 = AXIS2_PLACEMENT_3D('',#4705,#4706,#4707);
#4705 = CARTESIAN_POINT('',(-33.61728154514,-15.17995349756,
    39.183976836148));
#4706 = DIRECTION('',(1.,0.,0.));
#4707 = DIRECTION('',(0.,-0.361241666187,0.932472229404));
#4708 = DEFINITIONAL_REPRESENTATION('',(#4709),#4712);
#4709 = B_SPLINE_CURVE_WITH_KNOTS('',1,(#4710,#4711),.UNSPECIFIED.,.F.,
  .F.,(2,2),(-15.707560676,-13.207560676),.PIECEWISE_BEZIER_KNOTS.);
#4710 = CARTESIAN_POINT('',(1.,0.486839930751));
#4711 = CARTESIAN_POINT('',(-1.5,0.486839930751));
#4712 = ( GEOMETRIC_REPRESENTATION_CONTEXT(2) 
PARAMETRIC_REPRESENTATION_CONTEXT() REPRESENTATION_CONTEXT('2D SPACE',''
  ) );
#4713 = ORIENTED_EDGE('',*,*,#4714,.F.);
#4714 = EDGE_CURVE('',#4715,#4689,#4717,.T.);
#4715 = VERTEX_POINT('',#4716);
#4716 = CARTESIAN_POINT('',(-29.3564895637,-13.78124515345,
    39.725839335429));
#4717 = SURFACE_CURVE('',#4718,(#4723,#4730),.PCURVE_S1.);
#4718 = ELLIPSE('',#4719,3.549302374729,1.5);
#4719 = AXIS2_PLACEMENT_3D('',#4720,#4721,#4722);
#4720 = CARTESIAN_POINT('',(-32.57324994447,-15.17995349756,
    39.183976836148));
#4721 = DIRECTION('',(-0.422618261741,0.845106842705,0.327396135068));
#4722 = DIRECTION('',(-0.906307787037,-0.394079792712,-0.152667325032));
#4723 = PCURVE('',#4516,#4724);
#4724 = DEFINITIONAL_REPRESENTATION('',(#4725),#4729);
#4725 = ELLIPSE('',#4726,3.549302374729,1.5);
#4726 = AXIS2_PLACEMENT_2D('',#4727,#4728);
#4727 = CARTESIAN_POINT('',(29.415121352005,8.299994307606));
#4728 = DIRECTION('',(0.,-1.));
#4729 = ( GEOMETRIC_REPRESENTATION_CONTEXT(2) 
PARAMETRIC_REPRESENTATION_CONTEXT() REPRESENTATION_CONTEXT('2D SPACE',''
  ) );
#4730 = PCURVE('',#4731,#4736);
#4731 = CYLINDRICAL_SURFACE('',#4732,1.5);
#4732 = AXIS2_PLACEMENT_3D('',#4733,#4734,#4735);
#4733 = CARTESIAN_POINT('',(-33.61728154514,-15.17995349756,
    39.183976836148));
#4734 = DIRECTION('',(-1.,0.,-0.));
#4735 = DIRECTION('',(0.,0.932472229404,0.361241666187));
#4736 = DEFINITIONAL_REPRESENTATION('',(#4737),#4747);
#4737 = B_SPLINE_CURVE_WITH_KNOTS('',8,(#4738,#4739,#4740,#4741,#4742,
    #4743,#4744,#4745,#4746),.UNSPECIFIED.,.F.,.F.,(9,9),(3.14159265359,
    5.042935637106),.PIECEWISE_BEZIER_KNOTS.);
#4738 = CARTESIAN_POINT('',(-6.28318530718,-4.26079198144));
#4739 = CARTESIAN_POINT('',(-6.04551743424,-4.26079198144));
#4740 = CARTESIAN_POINT('',(-5.807849561301,-4.053131704453));
#4741 = CARTESIAN_POINT('',(-5.570181688362,-3.637818875016));
#4742 = CARTESIAN_POINT('',(-5.332513815424,-3.039844771418));
#4743 = CARTESIAN_POINT('',(-5.094845942481,-2.309344507456));
#4744 = CARTESIAN_POINT('',(-4.857178069543,-1.513664959139));
#4745 = CARTESIAN_POINT('',(-4.619510196603,-0.72313272222));
#4746 = CARTESIAN_POINT('',(-4.381842323664,5.999999999062E-07));
#4747 = ( GEOMETRIC_REPRESENTATION_CONTEXT(2) 
PARAMETRIC_REPRESENTATION_CONTEXT() REPRESENTATION_CONTEXT('2D SPACE',''
  ) );
#4748 = ORIENTED_EDGE('',*,*,#4749,.F.);
#4749 = EDGE_CURVE('',#4750,#4715,#4752,.T.);
#4750 = VERTEX_POINT('',#4751);
#4751 = CARTESIAN_POINT('',(-30.17561831823,-14.49865951771,
    40.520329526503));
#4752 = SURFACE_CURVE('',#4753,(#4758,#4765),.PCURVE_S1.);
#4753 = ELLIPSE('',#4754,3.549302374729,1.5);
#4754 = AXIS2_PLACEMENT_3D('',#4755,#4756,#4757);
#4755 = CARTESIAN_POINT('',(-32.57324994447,-15.17995349756,
    39.183976836148));
#4756 = DIRECTION('',(-0.422618261741,0.845106842705,0.327396135068));
#4757 = DIRECTION('',(-0.906307787037,-0.394079792712,-0.152667325032));
#4758 = PCURVE('',#4516,#4759);
#4759 = DEFINITIONAL_REPRESENTATION('',(#4760),#4764);
#4760 = ELLIPSE('',#4761,3.549302374729,1.5);
#4761 = AXIS2_PLACEMENT_2D('',#4762,#4763);
#4762 = CARTESIAN_POINT('',(29.415121352005,8.299994307606));
#4763 = DIRECTION('',(0.,-1.));
#4764 = ( GEOMETRIC_REPRESENTATION_CONTEXT(2) 
PARAMETRIC_REPRESENTATION_CONTEXT() REPRESENTATION_CONTEXT('2D SPACE',''
  ) );
#4765 = PCURVE('',#4731,#4766);
#4766 = DEFINITIONAL_REPRESENTATION('',(#4767),#4777);
#4767 = B_SPLINE_CURVE_WITH_KNOTS('',8,(#4768,#4769,#4770,#4771,#4772,
    #4773,#4774,#4775,#4776),.UNSPECIFIED.,.F.,.F.,(9,9),(1.240249670074
    ,3.14159265359),.PIECEWISE_BEZIER_KNOTS.);
#4768 = CARTESIAN_POINT('',(-1.901342983516,5.999999999062E-07));
#4769 = CARTESIAN_POINT('',(-1.663675110576,-0.72313272222));
#4770 = CARTESIAN_POINT('',(-1.426007237636,-1.513664959146));
#4771 = CARTESIAN_POINT('',(-1.188339364694,-2.309344507436));
#4772 = CARTESIAN_POINT('',(-0.950671491758,-3.039844771436));
#4773 = CARTESIAN_POINT('',(-0.713003618815,-3.637818875004));
#4774 = CARTESIAN_POINT('',(-0.475335745878,-4.053131704457));
#4775 = CARTESIAN_POINT('',(-0.237667872939,-4.26079198144));
#4776 = CARTESIAN_POINT('',(-9.473903143468E-15,-4.26079198144));
#4777 = ( GEOMETRIC_REPRESENTATION_CONTEXT(2) 
PARAMETRIC_REPRESENTATION_CONTEXT() REPRESENTATION_CONTEXT('2D SPACE',''
  ) );
#4778 = ORIENTED_EDGE('',*,*,#4779,.T.);
#4779 = EDGE_CURVE('',#4750,#4616,#4780,.T.);
#4780 = SURFACE_CURVE('',#4781,(#4785,#4792),.PCURVE_S1.);
#4781 = LINE('',#4782,#4783);
#4782 = CARTESIAN_POINT('',(-40.09559941781,-18.8120552,38.849311136827)
  );
#4783 = VECTOR('',#4784,1.);
#4784 = DIRECTION('',(0.906307787037,0.394079792712,0.152667325032));
#4785 = PCURVE('',#4516,#4786);
#4786 = DEFINITIONAL_REPRESENTATION('',(#4787),#4791);
#4787 = LINE('',#4788,#4789);
#4788 = CARTESIAN_POINT('',(30.415121352005,8.881784197001E-16));
#4789 = VECTOR('',#4790,1.);
#4790 = DIRECTION('',(2.775557561563E-17,1.));
#4791 = ( GEOMETRIC_REPRESENTATION_CONTEXT(2) 
PARAMETRIC_REPRESENTATION_CONTEXT() REPRESENTATION_CONTEXT('2D SPACE',''
  ) );
#4792 = PCURVE('',#4793,#4798);
#4793 = PLANE('',#4794);
#4794 = AXIS2_PLACEMENT_3D('',#4795,#4796,#4797);
#4795 = CARTESIAN_POINT('',(-40.09559941781,-18.8120552,38.849311136827)
  );
#4796 = DIRECTION('',(0.,-0.361241666187,0.932472229404));
#4797 = DIRECTION('',(0.906307787037,0.394079792712,0.152667325032));
#4798 = DEFINITIONAL_REPRESENTATION('',(#4799),#4803);
#4799 = LINE('',#4800,#4801);
#4800 = CARTESIAN_POINT('',(0.,0.));
#4801 = VECTOR('',#4802,1.);
#4802 = DIRECTION('',(1.,-2.775557561563E-17));
#4803 = ( GEOMETRIC_REPRESENTATION_CONTEXT(2) 
PARAMETRIC_REPRESENTATION_CONTEXT() REPRESENTATION_CONTEXT('2D SPACE',''
  ) );
#4804 = ADVANCED_FACE('',(#4805),#4598,.T.);
#4805 = FACE_BOUND('',#4806,.T.);
#4806 = EDGE_LOOP('',(#4807,#4830,#4831,#4832));
#4807 = ORIENTED_EDGE('',*,*,#4808,.F.);
#4808 = EDGE_CURVE('',#4557,#4809,#4811,.T.);
#4809 = VERTEX_POINT('',#4810);
#4810 = CARTESIAN_POINT('',(-33.61728154514,-15.08723044816,
    40.292315933304));
#4811 = SURFACE_CURVE('',#4812,(#4816,#4823),.PCURVE_S1.);
#4812 = LINE('',#4813,#4814);
#4813 = CARTESIAN_POINT('',(-40.46854044145,-18.06628759,39.138223048123
    ));
#4814 = VECTOR('',#4815,1.);
#4815 = DIRECTION('',(0.906307787037,0.394079792712,0.152667325032));
#4816 = PCURVE('',#4598,#4817);
#4817 = DEFINITIONAL_REPRESENTATION('',(#4818),#4822);
#4818 = LINE('',#4819,#4820);
#4819 = CARTESIAN_POINT('',(-1.353084311262E-15,0.88245364056));
#4820 = VECTOR('',#4821,1.);
#4821 = DIRECTION('',(1.,-2.775557561563E-17));
#4822 = ( GEOMETRIC_REPRESENTATION_CONTEXT(2) 
PARAMETRIC_REPRESENTATION_CONTEXT() REPRESENTATION_CONTEXT('2D SPACE',''
  ) );
#4823 = PCURVE('',#4572,#4824);
#4824 = DEFINITIONAL_REPRESENTATION('',(#4825),#4829);
#4825 = LINE('',#4826,#4827);
#4826 = CARTESIAN_POINT('',(30.415121352005,8.881784197001E-16));
#4827 = VECTOR('',#4828,1.);
#4828 = DIRECTION('',(2.775557561563E-17,1.));
#4829 = ( GEOMETRIC_REPRESENTATION_CONTEXT(2) 
PARAMETRIC_REPRESENTATION_CONTEXT() REPRESENTATION_CONTEXT('2D SPACE',''
  ) );
#4830 = ORIENTED_EDGE('',*,*,#4584,.F.);
#4831 = ORIENTED_EDGE('',*,*,#4665,.T.);
#4832 = ORIENTED_EDGE('',*,*,#4833,.T.);
#4833 = EDGE_CURVE('',#4666,#4809,#4834,.T.);
#4834 = SURFACE_CURVE('',#4835,(#4839,#4845),.PCURVE_S1.);
#4835 = LINE('',#4836,#4837);
#4836 = CARTESIAN_POINT('',(-33.61728154514,-17.17662518188,
    39.48288010119));
#4837 = VECTOR('',#4838,1.);
#4838 = DIRECTION('',(-0.,0.932472229404,0.361241666187));
#4839 = PCURVE('',#4598,#4840);
#4840 = DEFINITIONAL_REPRESENTATION('',(#4841),#4844);
#4841 = B_SPLINE_CURVE_WITH_KNOTS('',1,(#4842,#4843),.UNSPECIFIED.,.F.,
  .F.,(2,2),(1.267024652618,2.24070451412),.PIECEWISE_BEZIER_KNOTS.);
#4842 = CARTESIAN_POINT('',(7.148032892721,-2.22044604925E-16));
#4843 = CARTESIAN_POINT('',(7.559527783281,0.88245364056));
#4844 = ( GEOMETRIC_REPRESENTATION_CONTEXT(2) 
PARAMETRIC_REPRESENTATION_CONTEXT() REPRESENTATION_CONTEXT('2D SPACE',''
  ) );
#4845 = PCURVE('',#4703,#4846);
#4846 = DEFINITIONAL_REPRESENTATION('',(#4847),#4850);
#4847 = B_SPLINE_CURVE_WITH_KNOTS('',1,(#4848,#4849),.UNSPECIFIED.,.F.,
  .F.,(2,2),(1.267024652618,2.24070451412),.PIECEWISE_BEZIER_KNOTS.);
#4848 = CARTESIAN_POINT('',(1.,0.486839930751));
#4849 = CARTESIAN_POINT('',(1.,-0.486839930751));
#4850 = ( GEOMETRIC_REPRESENTATION_CONTEXT(2) 
PARAMETRIC_REPRESENTATION_CONTEXT() REPRESENTATION_CONTEXT('2D SPACE',''
  ) );
#4851 = ADVANCED_FACE('',(#4852),#4572,.T.);
#4852 = FACE_BOUND('',#4853,.T.);
#4853 = EDGE_LOOP('',(#4854,#4879,#4900,#4901,#4902,#4923,#4957,#4986));
#4854 = ORIENTED_EDGE('',*,*,#4855,.F.);
#4855 = EDGE_CURVE('',#4856,#4858,#4860,.T.);
#4856 = VERTEX_POINT('',#4857);
#4857 = CARTESIAN_POINT('',(-27.13896367248,-1.283126013014,
    13.02233097957));
#4858 = VERTEX_POINT('',#4859);
#4859 = CARTESIAN_POINT('',(-27.13896367248,-12.27033512749,
    41.383586994279));
#4860 = SURFACE_CURVE('',#4861,(#4865,#4872),.PCURVE_S1.);
#4861 = LINE('',#4862,#4863);
#4862 = CARTESIAN_POINT('',(-27.13896367248,-1.283126013014,
    13.02233097957));
#4863 = VECTOR('',#4864,1.);
#4864 = DIRECTION('',(0.,-0.361241666187,0.932472229404));
#4865 = PCURVE('',#4572,#4866);
#4866 = DEFINITIONAL_REPRESENTATION('',(#4867),#4871);
#4867 = LINE('',#4868,#4869);
#4868 = CARTESIAN_POINT('',(-4.440892098501E-16,14.707560676003));
#4869 = VECTOR('',#4870,1.);
#4870 = DIRECTION('',(1.,0.));
#4871 = ( GEOMETRIC_REPRESENTATION_CONTEXT(2) 
PARAMETRIC_REPRESENTATION_CONTEXT() REPRESENTATION_CONTEXT('2D SPACE',''
  ) );
#4872 = PCURVE('',#4631,#4873);
#4873 = DEFINITIONAL_REPRESENTATION('',(#4874),#4878);
#4874 = LINE('',#4875,#4876);
#4875 = CARTESIAN_POINT('',(1.665334536938E-16,-0.88245364056));
#4876 = VECTOR('',#4877,1.);
#4877 = DIRECTION('',(1.,5.551115123126E-17));
#4878 = ( GEOMETRIC_REPRESENTATION_CONTEXT(2) 
PARAMETRIC_REPRESENTATION_CONTEXT() REPRESENTATION_CONTEXT('2D SPACE',''
  ) );
#4879 = ORIENTED_EDGE('',*,*,#4880,.F.);
#4880 = EDGE_CURVE('',#4529,#4856,#4881,.T.);
#4881 = SURFACE_CURVE('',#4882,(#4886,#4893),.PCURVE_S1.);
#4882 = LINE('',#4883,#4884);
#4883 = CARTESIAN_POINT('',(-40.46854044145,-7.079078475518,
    10.776967033414));
#4884 = VECTOR('',#4885,1.);
#4885 = DIRECTION('',(0.906307787037,0.394079792712,0.152667325032));
#4886 = PCURVE('',#4572,#4887);
#4887 = DEFINITIONAL_REPRESENTATION('',(#4888),#4892);
#4888 = LINE('',#4889,#4890);
#4889 = CARTESIAN_POINT('',(0.,0.));
#4890 = VECTOR('',#4891,1.);
#4891 = DIRECTION('',(2.775557561563E-17,1.));
#4892 = ( GEOMETRIC_REPRESENTATION_CONTEXT(2) 
PARAMETRIC_REPRESENTATION_CONTEXT() REPRESENTATION_CONTEXT('2D SPACE',''
  ) );
#4893 = PCURVE('',#4544,#4894);
#4894 = DEFINITIONAL_REPRESENTATION('',(#4895),#4899);
#4895 = LINE('',#4896,#4897);
#4896 = CARTESIAN_POINT('',(-2.407796184656E-15,0.88245364056));
#4897 = VECTOR('',#4898,1.);
#4898 = DIRECTION('',(1.,-2.775557561563E-17));
#4899 = ( GEOMETRIC_REPRESENTATION_CONTEXT(2) 
PARAMETRIC_REPRESENTATION_CONTEXT() REPRESENTATION_CONTEXT('2D SPACE',''
  ) );
#4900 = ORIENTED_EDGE('',*,*,#4556,.T.);
#4901 = ORIENTED_EDGE('',*,*,#4808,.T.);
#4902 = ORIENTED_EDGE('',*,*,#4903,.T.);
#4903 = EDGE_CURVE('',#4809,#4904,#4906,.T.);
#4904 = VERTEX_POINT('',#4905);
#4905 = CARTESIAN_POINT('',(-33.61728154514,-14.21345994088,
    38.036854259923));
#4906 = SURFACE_CURVE('',#4907,(#4911,#4917),.PCURVE_S1.);
#4907 = LINE('',#4908,#4909);
#4908 = CARTESIAN_POINT('',(-33.61728154514,-9.413005057827,
    25.645451811247));
#4909 = VECTOR('',#4910,1.);
#4910 = DIRECTION('',(0.,0.361241666187,-0.932472229404));
#4911 = PCURVE('',#4572,#4912);
#4912 = DEFINITIONAL_REPRESENTATION('',(#4913),#4916);
#4913 = B_SPLINE_CURVE_WITH_KNOTS('',1,(#4914,#4915),.UNSPECIFIED.,.F.,
  .F.,(2,2),(-15.707560676,-13.207560676),.PIECEWISE_BEZIER_KNOTS.);
#4914 = CARTESIAN_POINT('',(30.415121352005,7.559527783281));
#4915 = CARTESIAN_POINT('',(27.915121352005,7.559527783281));
#4916 = ( GEOMETRIC_REPRESENTATION_CONTEXT(2) 
PARAMETRIC_REPRESENTATION_CONTEXT() REPRESENTATION_CONTEXT('2D SPACE',''
  ) );
#4917 = PCURVE('',#4703,#4918);
#4918 = DEFINITIONAL_REPRESENTATION('',(#4919),#4922);
#4919 = B_SPLINE_CURVE_WITH_KNOTS('',1,(#4920,#4921),.UNSPECIFIED.,.F.,
  .F.,(2,2),(-15.707560676,-13.207560676),.PIECEWISE_BEZIER_KNOTS.);
#4920 = CARTESIAN_POINT('',(1.,-0.486839930751));
#4921 = CARTESIAN_POINT('',(-1.5,-0.486839930751));
#4922 = ( GEOMETRIC_REPRESENTATION_CONTEXT(2) 
PARAMETRIC_REPRESENTATION_CONTEXT() REPRESENTATION_CONTEXT('2D SPACE',''
  ) );
#4923 = ORIENTED_EDGE('',*,*,#4924,.F.);
#4924 = EDGE_CURVE('',#4925,#4904,#4927,.T.);
#4925 = VERTEX_POINT('',#4926);
#4926 = CARTESIAN_POINT('',(-31.44455276506,-13.78124515345,
    39.725839335429));
#4927 = SURFACE_CURVE('',#4928,(#4933,#4940),.PCURVE_S1.);
#4928 = ELLIPSE('',#4929,3.549302374729,1.5);
#4929 = AXIS2_PLACEMENT_3D('',#4930,#4931,#4932);
#4930 = CARTESIAN_POINT('',(-34.66131314582,-15.17995349756,
    39.183976836148));
#4931 = DIRECTION('',(-0.422618261741,0.845106842705,0.327396135068));
#4932 = DIRECTION('',(-0.906307787037,-0.394079792712,-0.152667325032));
#4933 = PCURVE('',#4572,#4934);
#4934 = DEFINITIONAL_REPRESENTATION('',(#4935),#4939);
#4935 = ELLIPSE('',#4936,3.549302374729,1.5);
#4936 = AXIS2_PLACEMENT_2D('',#4937,#4938);
#4937 = CARTESIAN_POINT('',(29.415121352005,6.407566368396));
#4938 = DIRECTION('',(0.,-1.));
#4939 = ( GEOMETRIC_REPRESENTATION_CONTEXT(2) 
PARAMETRIC_REPRESENTATION_CONTEXT() REPRESENTATION_CONTEXT('2D SPACE',''
  ) );
#4940 = PCURVE('',#4941,#4946);
#4941 = CYLINDRICAL_SURFACE('',#4942,1.5);
#4942 = AXIS2_PLACEMENT_3D('',#4943,#4944,#4945);
#4943 = CARTESIAN_POINT('',(-33.61728154514,-15.17995349756,
    39.183976836148));
#4944 = DIRECTION('',(-1.,0.,-0.));
#4945 = DIRECTION('',(0.,0.932472229404,0.361241666187));
#4946 = DEFINITIONAL_REPRESENTATION('',(#4947),#4956);
#4947 = B_SPLINE_CURVE_WITH_KNOTS('',7,(#4948,#4949,#4950,#4951,#4952,
    #4953,#4954,#4955),.UNSPECIFIED.,.F.,.F.,(8,8),(3.14159265359,
    4.38184271806),.PIECEWISE_BEZIER_KNOTS.);
#4948 = CARTESIAN_POINT('',(-6.28318530718,-2.172728780088));
#4949 = CARTESIAN_POINT('',(-6.106006726541,-2.172728780088));
#4950 = CARTESIAN_POINT('',(-5.928828145902,-2.054916646473));
#4951 = CARTESIAN_POINT('',(-5.751649565263,-1.819297034843));
#4952 = CARTESIAN_POINT('',(-5.574470984625,-1.474912375583));
#4953 = CARTESIAN_POINT('',(-5.397292403986,-1.039936753646));
#4954 = CARTESIAN_POINT('',(-5.220113823348,-0.539086788624));
#4955 = CARTESIAN_POINT('',(-5.042935242709,5.999999999062E-07));
#4956 = ( GEOMETRIC_REPRESENTATION_CONTEXT(2) 
PARAMETRIC_REPRESENTATION_CONTEXT() REPRESENTATION_CONTEXT('2D SPACE',''
  ) );
#4957 = ORIENTED_EDGE('',*,*,#4958,.F.);
#4958 = EDGE_CURVE('',#4959,#4925,#4961,.T.);
#4959 = VERTEX_POINT('',#4960);
#4960 = CARTESIAN_POINT('',(-32.26368151958,-14.49865951771,
    40.520329526503));
#4961 = SURFACE_CURVE('',#4962,(#4967,#4974),.PCURVE_S1.);
#4962 = ELLIPSE('',#4963,3.549302374729,1.5);
#4963 = AXIS2_PLACEMENT_3D('',#4964,#4965,#4966);
#4964 = CARTESIAN_POINT('',(-34.66131314582,-15.17995349756,
    39.183976836148));
#4965 = DIRECTION('',(-0.422618261741,0.845106842705,0.327396135068));
#4966 = DIRECTION('',(-0.906307787037,-0.394079792712,-0.152667325032));
#4967 = PCURVE('',#4572,#4968);
#4968 = DEFINITIONAL_REPRESENTATION('',(#4969),#4973);
#4969 = ELLIPSE('',#4970,3.549302374729,1.5);
#4970 = AXIS2_PLACEMENT_2D('',#4971,#4972);
#4971 = CARTESIAN_POINT('',(29.415121352005,6.407566368396));
#4972 = DIRECTION('',(0.,-1.));
#4973 = ( GEOMETRIC_REPRESENTATION_CONTEXT(2) 
PARAMETRIC_REPRESENTATION_CONTEXT() REPRESENTATION_CONTEXT('2D SPACE',''
  ) );
#4974 = PCURVE('',#4731,#4975);
#4975 = DEFINITIONAL_REPRESENTATION('',(#4976),#4985);
#4976 = B_SPLINE_CURVE_WITH_KNOTS('',7,(#4977,#4978,#4979,#4980,#4981,
    #4982,#4983,#4984),.UNSPECIFIED.,.F.,.F.,(8,8),(1.901342589119,
    3.14159265359),.PIECEWISE_BEZIER_KNOTS.);
#4977 = CARTESIAN_POINT('',(-1.240250064471,5.999999999062E-07));
#4978 = CARTESIAN_POINT('',(-1.063071483832,-0.539086788624));
#4979 = CARTESIAN_POINT('',(-0.885892903193,-1.039936753646));
#4980 = CARTESIAN_POINT('',(-0.708714322554,-1.474912375582));
#4981 = CARTESIAN_POINT('',(-0.531535741916,-1.819297034844));
#4982 = CARTESIAN_POINT('',(-0.354357161277,-2.054916646473));
#4983 = CARTESIAN_POINT('',(-0.177178580639,-2.172728780088));
#4984 = CARTESIAN_POINT('',(-9.473903143468E-15,-2.172728780088));
#4985 = ( GEOMETRIC_REPRESENTATION_CONTEXT(2) 
PARAMETRIC_REPRESENTATION_CONTEXT() REPRESENTATION_CONTEXT('2D SPACE',''
  ) );
#4986 = ORIENTED_EDGE('',*,*,#4987,.T.);
#4987 = EDGE_CURVE('',#4959,#4858,#4988,.T.);
#4988 = SURFACE_CURVE('',#4989,(#4993,#5000),.PCURVE_S1.);
#4989 = LINE('',#4990,#4991);
#4990 = CARTESIAN_POINT('',(-40.46854044145,-18.06628759,39.138223048123
    ));
#4991 = VECTOR('',#4992,1.);
#4992 = DIRECTION('',(0.906307787037,0.394079792712,0.152667325032));
#4993 = PCURVE('',#4572,#4994);
#4994 = DEFINITIONAL_REPRESENTATION('',(#4995),#4999);
#4995 = LINE('',#4996,#4997);
#4996 = CARTESIAN_POINT('',(30.415121352005,8.881784197001E-16));
#4997 = VECTOR('',#4998,1.);
#4998 = DIRECTION('',(2.775557561563E-17,1.));
#4999 = ( GEOMETRIC_REPRESENTATION_CONTEXT(2) 
PARAMETRIC_REPRESENTATION_CONTEXT() REPRESENTATION_CONTEXT('2D SPACE',''
  ) );
#5000 = PCURVE('',#4793,#5001);
#5001 = DEFINITIONAL_REPRESENTATION('',(#5002),#5006);
#5002 = LINE('',#5003,#5004);
#5003 = CARTESIAN_POINT('',(-1.353084311262E-15,0.88245364056));
#5004 = VECTOR('',#5005,1.);
#5005 = DIRECTION('',(1.,-2.775557561563E-17));
#5006 = ( GEOMETRIC_REPRESENTATION_CONTEXT(2) 
PARAMETRIC_REPRESENTATION_CONTEXT() REPRESENTATION_CONTEXT('2D SPACE',''
  ) );
#5007 = ADVANCED_FACE('',(#5008),#4544,.F.);
#5008 = FACE_BOUND('',#5009,.F.);
#5009 = EDGE_LOOP('',(#5010,#5011,#5012,#5033));
#5010 = ORIENTED_EDGE('',*,*,#4528,.F.);
#5011 = ORIENTED_EDGE('',*,*,#4643,.T.);
#5012 = ORIENTED_EDGE('',*,*,#5013,.T.);
#5013 = EDGE_CURVE('',#4614,#4856,#5014,.T.);
#5014 = SURFACE_CURVE('',#5015,(#5019,#5026),.PCURVE_S1.);
#5015 = LINE('',#5016,#5017);
#5016 = CARTESIAN_POINT('',(-26.76602264884,-2.028893623021,
    12.733419068275));
#5017 = VECTOR('',#5018,1.);
#5018 = DIRECTION('',(-0.422618261741,0.845106842705,0.327396135068));
#5019 = PCURVE('',#4544,#5020);
#5020 = DEFINITIONAL_REPRESENTATION('',(#5021),#5025);
#5021 = LINE('',#5022,#5023);
#5022 = CARTESIAN_POINT('',(14.707560676003,-6.661338147751E-16));
#5023 = VECTOR('',#5024,1.);
#5024 = DIRECTION('',(-1.387778780781E-17,1.));
#5025 = ( GEOMETRIC_REPRESENTATION_CONTEXT(2) 
PARAMETRIC_REPRESENTATION_CONTEXT() REPRESENTATION_CONTEXT('2D SPACE',''
  ) );
#5026 = PCURVE('',#4631,#5027);
#5027 = DEFINITIONAL_REPRESENTATION('',(#5028),#5032);
#5028 = LINE('',#5029,#5030);
#5029 = CARTESIAN_POINT('',(0.,0.));
#5030 = VECTOR('',#5031,1.);
#5031 = DIRECTION('',(-5.551115123126E-17,-1.));
#5032 = ( GEOMETRIC_REPRESENTATION_CONTEXT(2) 
PARAMETRIC_REPRESENTATION_CONTEXT() REPRESENTATION_CONTEXT('2D SPACE',''
  ) );
#5033 = ORIENTED_EDGE('',*,*,#4880,.F.);
#5034 = ADVANCED_FACE('',(#5035),#4631,.T.);
#5035 = FACE_BOUND('',#5036,.T.);
#5036 = EDGE_LOOP('',(#5037,#5038,#5039,#5040));
#5037 = ORIENTED_EDGE('',*,*,#4613,.F.);
#5038 = ORIENTED_EDGE('',*,*,#5013,.T.);
#5039 = ORIENTED_EDGE('',*,*,#4855,.T.);
#5040 = ORIENTED_EDGE('',*,*,#5041,.F.);
#5041 = EDGE_CURVE('',#4616,#4858,#5042,.T.);
#5042 = SURFACE_CURVE('',#5043,(#5047,#5054),.PCURVE_S1.);
#5043 = LINE('',#5044,#5045);
#5044 = CARTESIAN_POINT('',(-26.76602264884,-13.0161027375,
    41.094675082983));
#5045 = VECTOR('',#5046,1.);
#5046 = DIRECTION('',(-0.422618261741,0.845106842705,0.327396135068));
#5047 = PCURVE('',#4631,#5048);
#5048 = DEFINITIONAL_REPRESENTATION('',(#5049),#5053);
#5049 = LINE('',#5050,#5051);
#5050 = CARTESIAN_POINT('',(30.415121352005,3.552713678801E-15));
#5051 = VECTOR('',#5052,1.);
#5052 = DIRECTION('',(-5.551115123126E-17,-1.));
#5053 = ( GEOMETRIC_REPRESENTATION_CONTEXT(2) 
PARAMETRIC_REPRESENTATION_CONTEXT() REPRESENTATION_CONTEXT('2D SPACE',''
  ) );
#5054 = PCURVE('',#4793,#5055);
#5055 = DEFINITIONAL_REPRESENTATION('',(#5056),#5060);
#5056 = LINE('',#5057,#5058);
#5057 = CARTESIAN_POINT('',(14.707560676003,3.219646771413E-15));
#5058 = VECTOR('',#5059,1.);
#5059 = DIRECTION('',(-1.387778780781E-17,1.));
#5060 = ( GEOMETRIC_REPRESENTATION_CONTEXT(2) 
PARAMETRIC_REPRESENTATION_CONTEXT() REPRESENTATION_CONTEXT('2D SPACE',''
  ) );
#5061 = ADVANCED_FACE('',(#5062),#4793,.T.);
#5062 = FACE_BOUND('',#5063,.T.);
#5063 = EDGE_LOOP('',(#5064,#5065,#5084,#5085));
#5064 = ORIENTED_EDGE('',*,*,#4987,.F.);
#5065 = ORIENTED_EDGE('',*,*,#5066,.F.);
#5066 = EDGE_CURVE('',#4750,#4959,#5067,.T.);
#5067 = SURFACE_CURVE('',#5068,(#5072,#5078),.PCURVE_S1.);
#5068 = LINE('',#5069,#5070);
#5069 = CARTESIAN_POINT('',(-33.61728154514,-14.49865951771,
    40.520329526503));
#5070 = VECTOR('',#5071,1.);
#5071 = DIRECTION('',(-1.,0.,-0.));
#5072 = PCURVE('',#4793,#5073);
#5073 = DEFINITIONAL_REPRESENTATION('',(#5074),#5077);
#5074 = B_SPLINE_CURVE_WITH_KNOTS('',1,(#5075,#5076),.UNSPECIFIED.,.F.,
  .F.,(2,2),(-3.650469547051,-1.144793705428),.PIECEWISE_BEZIER_KNOTS.);
#5075 = CARTESIAN_POINT('',(11.134730895726,-8.824536405617E-02));
#5076 = CARTESIAN_POINT('',(8.863817368674,0.970699004616));
#5077 = ( GEOMETRIC_REPRESENTATION_CONTEXT(2) 
PARAMETRIC_REPRESENTATION_CONTEXT() REPRESENTATION_CONTEXT('2D SPACE',''
  ) );
#5078 = PCURVE('',#4731,#5079);
#5079 = DEFINITIONAL_REPRESENTATION('',(#5080),#5083);
#5080 = B_SPLINE_CURVE_WITH_KNOTS('',1,(#5081,#5082),.UNSPECIFIED.,.F.,
  .F.,(2,2),(-3.650469547051,-1.144793705428),.PIECEWISE_BEZIER_KNOTS.);
#5081 = CARTESIAN_POINT('',(-0.729727656227,-3.650469547051));
#5082 = CARTESIAN_POINT('',(-0.729727656227,-1.144793705428));
#5083 = ( GEOMETRIC_REPRESENTATION_CONTEXT(2) 
PARAMETRIC_REPRESENTATION_CONTEXT() REPRESENTATION_CONTEXT('2D SPACE',''
  ) );
#5084 = ORIENTED_EDGE('',*,*,#4779,.T.);
#5085 = ORIENTED_EDGE('',*,*,#5041,.T.);
#5086 = ADVANCED_FACE('',(#5087),#4731,.T.);
#5087 = FACE_BOUND('',#5088,.F.);
#5088 = EDGE_LOOP('',(#5089,#5113,#5134,#5135,#5136,#5137,#5160,#5187,
    #5188));
#5089 = ORIENTED_EDGE('',*,*,#5090,.F.);
#5090 = EDGE_CURVE('',#5091,#4689,#5093,.T.);
#5091 = VERTEX_POINT('',#5092);
#5092 = CARTESIAN_POINT('',(-33.61728154514,-13.78124515345,
    39.725839335429));
#5093 = SURFACE_CURVE('',#5094,(#5099,#5106),.PCURVE_S1.);
#5094 = CIRCLE('',#5095,1.5);
#5095 = AXIS2_PLACEMENT_3D('',#5096,#5097,#5098);
#5096 = CARTESIAN_POINT('',(-33.61728154514,-15.17995349756,
    39.183976836148));
#5097 = DIRECTION('',(1.,0.,-0.));
#5098 = DIRECTION('',(0.,0.932472229404,0.361241666187));
#5099 = PCURVE('',#4731,#5100);
#5100 = DEFINITIONAL_REPRESENTATION('',(#5101),#5105);
#5101 = LINE('',#5102,#5103);
#5102 = CARTESIAN_POINT('',(-0.,0.));
#5103 = VECTOR('',#5104,1.);
#5104 = DIRECTION('',(-1.,0.));
#5105 = ( GEOMETRIC_REPRESENTATION_CONTEXT(2) 
PARAMETRIC_REPRESENTATION_CONTEXT() REPRESENTATION_CONTEXT('2D SPACE',''
  ) );
#5106 = PCURVE('',#4703,#5107);
#5107 = DEFINITIONAL_REPRESENTATION('',(#5108),#5112);
#5108 = CIRCLE('',#5109,1.5);
#5109 = AXIS2_PLACEMENT_2D('',#5110,#5111);
#5110 = CARTESIAN_POINT('',(0.,0.));
#5111 = DIRECTION('',(0.,-1.));
#5112 = ( GEOMETRIC_REPRESENTATION_CONTEXT(2) 
PARAMETRIC_REPRESENTATION_CONTEXT() REPRESENTATION_CONTEXT('2D SPACE',''
  ) );
#5113 = ORIENTED_EDGE('',*,*,#5114,.T.);
#5114 = EDGE_CURVE('',#5091,#4925,#5115,.T.);
#5115 = SURFACE_CURVE('',#5116,(#5120,#5127),.PCURVE_S1.);
#5116 = LINE('',#5117,#5118);
#5117 = CARTESIAN_POINT('',(-33.61728154514,-13.78124515345,
    39.725839335429));
#5118 = VECTOR('',#5119,1.);
#5119 = DIRECTION('',(1.,0.,0.));
#5120 = PCURVE('',#4731,#5121);
#5121 = DEFINITIONAL_REPRESENTATION('',(#5122),#5126);
#5122 = LINE('',#5123,#5124);
#5123 = CARTESIAN_POINT('',(-0.,0.));
#5124 = VECTOR('',#5125,1.);
#5125 = DIRECTION('',(-0.,-1.));
#5126 = ( GEOMETRIC_REPRESENTATION_CONTEXT(2) 
PARAMETRIC_REPRESENTATION_CONTEXT() REPRESENTATION_CONTEXT('2D SPACE',''
  ) );
#5127 = PCURVE('',#4941,#5128);
#5128 = DEFINITIONAL_REPRESENTATION('',(#5129),#5133);
#5129 = LINE('',#5130,#5131);
#5130 = CARTESIAN_POINT('',(-6.28318530718,0.));
#5131 = VECTOR('',#5132,1.);
#5132 = DIRECTION('',(-0.,-1.));
#5133 = ( GEOMETRIC_REPRESENTATION_CONTEXT(2) 
PARAMETRIC_REPRESENTATION_CONTEXT() REPRESENTATION_CONTEXT('2D SPACE',''
  ) );
#5134 = ORIENTED_EDGE('',*,*,#4958,.F.);
#5135 = ORIENTED_EDGE('',*,*,#5066,.F.);
#5136 = ORIENTED_EDGE('',*,*,#4749,.T.);
#5137 = ORIENTED_EDGE('',*,*,#5138,.T.);
#5138 = EDGE_CURVE('',#4715,#5139,#5141,.T.);
#5139 = VERTEX_POINT('',#5140);
#5140 = CARTESIAN_POINT('',(-23.61728154514,-13.78124515345,
    39.725839335429));
#5141 = SEAM_CURVE('',#5142,(#5146,#5153),.PCURVE_S1.);
#5142 = LINE('',#5143,#5144);
#5143 = CARTESIAN_POINT('',(-33.61728154514,-13.78124515345,
    39.725839335429));
#5144 = VECTOR('',#5145,1.);
#5145 = DIRECTION('',(1.,0.,0.));
#5146 = PCURVE('',#4731,#5147);
#5147 = DEFINITIONAL_REPRESENTATION('',(#5148),#5152);
#5148 = LINE('',#5149,#5150);
#5149 = CARTESIAN_POINT('',(-0.,0.));
#5150 = VECTOR('',#5151,1.);
#5151 = DIRECTION('',(-0.,-1.));
#5152 = ( GEOMETRIC_REPRESENTATION_CONTEXT(2) 
PARAMETRIC_REPRESENTATION_CONTEXT() REPRESENTATION_CONTEXT('2D SPACE',''
  ) );
#5153 = PCURVE('',#4731,#5154);
#5154 = DEFINITIONAL_REPRESENTATION('',(#5155),#5159);
#5155 = LINE('',#5156,#5157);
#5156 = CARTESIAN_POINT('',(-6.28318530718,0.));
#5157 = VECTOR('',#5158,1.);
#5158 = DIRECTION('',(-0.,-1.));
#5159 = ( GEOMETRIC_REPRESENTATION_CONTEXT(2) 
PARAMETRIC_REPRESENTATION_CONTEXT() REPRESENTATION_CONTEXT('2D SPACE',''
  ) );
#5160 = ORIENTED_EDGE('',*,*,#5161,.T.);
#5161 = EDGE_CURVE('',#5139,#5139,#5162,.T.);
#5162 = SURFACE_CURVE('',#5163,(#5168,#5175),.PCURVE_S1.);
#5163 = CIRCLE('',#5164,1.5);
#5164 = AXIS2_PLACEMENT_3D('',#5165,#5166,#5167);
#5165 = CARTESIAN_POINT('',(-23.61728154514,-15.17995349756,
    39.183976836148));
#5166 = DIRECTION('',(1.,0.,-0.));
#5167 = DIRECTION('',(0.,0.932472229404,0.361241666187));
#5168 = PCURVE('',#4731,#5169);
#5169 = DEFINITIONAL_REPRESENTATION('',(#5170),#5174);
#5170 = LINE('',#5171,#5172);
#5171 = CARTESIAN_POINT('',(-0.,-10.));
#5172 = VECTOR('',#5173,1.);
#5173 = DIRECTION('',(-1.,0.));
#5174 = ( GEOMETRIC_REPRESENTATION_CONTEXT(2) 
PARAMETRIC_REPRESENTATION_CONTEXT() REPRESENTATION_CONTEXT('2D SPACE',''
  ) );
#5175 = PCURVE('',#5176,#5181);
#5176 = PLANE('',#5177);
#5177 = AXIS2_PLACEMENT_3D('',#5178,#5179,#5180);
#5178 = CARTESIAN_POINT('',(-23.61728154514,-15.17995349756,
    39.183976836148));
#5179 = DIRECTION('',(1.,0.,0.));
#5180 = DIRECTION('',(0.,-0.361241666187,0.932472229404));
#5181 = DEFINITIONAL_REPRESENTATION('',(#5182),#5186);
#5182 = CIRCLE('',#5183,1.5);
#5183 = AXIS2_PLACEMENT_2D('',#5184,#5185);
#5184 = CARTESIAN_POINT('',(0.,0.));
#5185 = DIRECTION('',(0.,-1.));
#5186 = ( GEOMETRIC_REPRESENTATION_CONTEXT(2) 
PARAMETRIC_REPRESENTATION_CONTEXT() REPRESENTATION_CONTEXT('2D SPACE',''
  ) );
#5187 = ORIENTED_EDGE('',*,*,#5138,.F.);
#5188 = ORIENTED_EDGE('',*,*,#4714,.T.);
#5189 = ADVANCED_FACE('',(#5190),#4703,.F.);
#5190 = FACE_BOUND('',#5191,.F.);
#5191 = EDGE_LOOP('',(#5192,#5214,#5215,#5216,#5217));
#5192 = ORIENTED_EDGE('',*,*,#5193,.T.);
#5193 = EDGE_CURVE('',#4904,#5091,#5194,.T.);
#5194 = SURFACE_CURVE('',#5195,(#5200,#5207),.PCURVE_S1.);
#5195 = CIRCLE('',#5196,1.5);
#5196 = AXIS2_PLACEMENT_3D('',#5197,#5198,#5199);
#5197 = CARTESIAN_POINT('',(-33.61728154514,-15.17995349756,
    39.183976836148));
#5198 = DIRECTION('',(1.,0.,-0.));
#5199 = DIRECTION('',(0.,0.932472229404,0.361241666187));
#5200 = PCURVE('',#4703,#5201);
#5201 = DEFINITIONAL_REPRESENTATION('',(#5202),#5206);
#5202 = CIRCLE('',#5203,1.5);
#5203 = AXIS2_PLACEMENT_2D('',#5204,#5205);
#5204 = CARTESIAN_POINT('',(0.,0.));
#5205 = DIRECTION('',(0.,-1.));
#5206 = ( GEOMETRIC_REPRESENTATION_CONTEXT(2) 
PARAMETRIC_REPRESENTATION_CONTEXT() REPRESENTATION_CONTEXT('2D SPACE',''
  ) );
#5207 = PCURVE('',#4941,#5208);
#5208 = DEFINITIONAL_REPRESENTATION('',(#5209),#5213);
#5209 = LINE('',#5210,#5211);
#5210 = CARTESIAN_POINT('',(-0.,0.));
#5211 = VECTOR('',#5212,1.);
#5212 = DIRECTION('',(-1.,0.));
#5213 = ( GEOMETRIC_REPRESENTATION_CONTEXT(2) 
PARAMETRIC_REPRESENTATION_CONTEXT() REPRESENTATION_CONTEXT('2D SPACE',''
  ) );
#5214 = ORIENTED_EDGE('',*,*,#5090,.T.);
#5215 = ORIENTED_EDGE('',*,*,#4688,.F.);
#5216 = ORIENTED_EDGE('',*,*,#4833,.T.);
#5217 = ORIENTED_EDGE('',*,*,#4903,.T.);
#5218 = ADVANCED_FACE('',(#5219),#4941,.T.);
#5219 = FACE_BOUND('',#5220,.F.);
#5220 = EDGE_LOOP('',(#5221,#5222,#5223));
#5221 = ORIENTED_EDGE('',*,*,#5193,.F.);
#5222 = ORIENTED_EDGE('',*,*,#4924,.F.);
#5223 = ORIENTED_EDGE('',*,*,#5114,.F.);
#5224 = ADVANCED_FACE('',(#5225),#5176,.T.);
#5225 = FACE_BOUND('',#5226,.T.);
#5226 = EDGE_LOOP('',(#5227));
#5227 = ORIENTED_EDGE('',*,*,#5161,.T.);
#5228 = MANIFOLD_SOLID_BREP('',#5229);
#5229 = CLOSED_SHELL('',(#5230,#5350,#5545,#5592,#5748,#5775,#5802,#5827
    ,#5930,#5959,#5965));
#5230 = ADVANCED_FACE('',(#5231),#5245,.F.);
#5231 = FACE_BOUND('',#5232,.F.);
#5232 = EDGE_LOOP('',(#5233,#5268,#5296,#5324));
#5233 = ORIENTED_EDGE('',*,*,#5234,.F.);
#5234 = EDGE_CURVE('',#5235,#5237,#5239,.T.);
#5235 = VERTEX_POINT('',#5236);
#5236 = CARTESIAN_POINT('',(-40.09559941781,-11.08517418149,
    6.953159704245));
#5237 = VERTEX_POINT('',#5238);
#5238 = CARTESIAN_POINT('',(-40.09559941781,-31.57570893731,
    29.430205601725));
#5239 = SURFACE_CURVE('',#5240,(#5244,#5256),.PCURVE_S1.);
#5240 = LINE('',#5241,#5242);
#5241 = CARTESIAN_POINT('',(-40.09559941781,-11.08517418149,
    6.953159704245));
#5242 = VECTOR('',#5243,1.);
#5243 = DIRECTION('',(0.,-0.673695643647,0.739008917221));
#5244 = PCURVE('',#5245,#5250);
#5245 = PLANE('',#5246);
#5246 = AXIS2_PLACEMENT_3D('',#5247,#5248,#5249);
#5247 = CARTESIAN_POINT('',(-40.09559941781,-11.08517418149,
    6.953159704245));
#5248 = DIRECTION('',(0.906307787037,0.312318664007,0.28471608186));
#5249 = DIRECTION('',(0.,-0.673695643647,0.739008917221));
#5250 = DEFINITIONAL_REPRESENTATION('',(#5251),#5255);
#5251 = LINE('',#5252,#5253);
#5252 = CARTESIAN_POINT('',(0.,0.));
#5253 = VECTOR('',#5254,1.);
#5254 = DIRECTION('',(1.,5.551115123126E-17));
#5255 = ( GEOMETRIC_REPRESENTATION_CONTEXT(2) 
PARAMETRIC_REPRESENTATION_CONTEXT() REPRESENTATION_CONTEXT('2D SPACE',''
  ) );
#5256 = PCURVE('',#5257,#5262);
#5257 = PLANE('',#5258);
#5258 = AXIS2_PLACEMENT_3D('',#5259,#5260,#5261);
#5259 = CARTESIAN_POINT('',(-40.09559941781,-11.08517418149,
    6.953159704245));
#5260 = DIRECTION('',(-0.422618261741,0.669769536367,0.61057560793));
#5261 = DIRECTION('',(0.,-0.673695643647,0.739008917221));
#5262 = DEFINITIONAL_REPRESENTATION('',(#5263),#5267);
#5263 = LINE('',#5264,#5265);
#5264 = CARTESIAN_POINT('',(0.,0.));
#5265 = VECTOR('',#5266,1.);
#5266 = DIRECTION('',(1.,-2.775557561563E-17));
#5267 = ( GEOMETRIC_REPRESENTATION_CONTEXT(2) 
PARAMETRIC_REPRESENTATION_CONTEXT() REPRESENTATION_CONTEXT('2D SPACE',''
  ) );
#5268 = ORIENTED_EDGE('',*,*,#5269,.T.);
#5269 = EDGE_CURVE('',#5235,#5270,#5272,.T.);
#5270 = VERTEX_POINT('',#5271);
#5271 = CARTESIAN_POINT('',(-40.46854044145,-10.49413361578,7.4919643723
    ));
#5272 = SURFACE_CURVE('',#5273,(#5277,#5284),.PCURVE_S1.);
#5273 = LINE('',#5274,#5275);
#5274 = CARTESIAN_POINT('',(-40.09559941781,-11.08517418149,
    6.953159704245));
#5275 = VECTOR('',#5276,1.);
#5276 = DIRECTION('',(-0.422618261741,0.669769536367,0.61057560793));
#5277 = PCURVE('',#5245,#5278);
#5278 = DEFINITIONAL_REPRESENTATION('',(#5279),#5283);
#5279 = LINE('',#5280,#5281);
#5280 = CARTESIAN_POINT('',(0.,0.));
#5281 = VECTOR('',#5282,1.);
#5282 = DIRECTION('',(-5.551115123126E-17,-1.));
#5283 = ( GEOMETRIC_REPRESENTATION_CONTEXT(2) 
PARAMETRIC_REPRESENTATION_CONTEXT() REPRESENTATION_CONTEXT('2D SPACE',''
  ) );
#5284 = PCURVE('',#5285,#5290);
#5285 = PLANE('',#5286);
#5286 = AXIS2_PLACEMENT_3D('',#5287,#5288,#5289);
#5287 = CARTESIAN_POINT('',(-40.09559941781,-11.08517418149,
    6.953159704245));
#5288 = DIRECTION('',(0.,-0.673695643647,0.739008917221));
#5289 = DIRECTION('',(0.906307787037,0.312318664007,0.28471608186));
#5290 = DEFINITIONAL_REPRESENTATION('',(#5291),#5295);
#5291 = LINE('',#5292,#5293);
#5292 = CARTESIAN_POINT('',(0.,0.));
#5293 = VECTOR('',#5294,1.);
#5294 = DIRECTION('',(2.775557561563E-17,1.));
#5295 = ( GEOMETRIC_REPRESENTATION_CONTEXT(2) 
PARAMETRIC_REPRESENTATION_CONTEXT() REPRESENTATION_CONTEXT('2D SPACE',''
  ) );
#5296 = ORIENTED_EDGE('',*,*,#5297,.T.);
#5297 = EDGE_CURVE('',#5270,#5298,#5300,.T.);
#5298 = VERTEX_POINT('',#5299);
#5299 = CARTESIAN_POINT('',(-40.46854044145,-30.98466837161,
    29.96901026978));
#5300 = SURFACE_CURVE('',#5301,(#5305,#5312),.PCURVE_S1.);
#5301 = LINE('',#5302,#5303);
#5302 = CARTESIAN_POINT('',(-40.46854044145,-10.49413361578,7.4919643723
    ));
#5303 = VECTOR('',#5304,1.);
#5304 = DIRECTION('',(0.,-0.673695643647,0.739008917221));
#5305 = PCURVE('',#5245,#5306);
#5306 = DEFINITIONAL_REPRESENTATION('',(#5307),#5311);
#5307 = LINE('',#5308,#5309);
#5308 = CARTESIAN_POINT('',(2.22044604925E-16,-0.88245364056));
#5309 = VECTOR('',#5310,1.);
#5310 = DIRECTION('',(1.,5.551115123126E-17));
#5311 = ( GEOMETRIC_REPRESENTATION_CONTEXT(2) 
PARAMETRIC_REPRESENTATION_CONTEXT() REPRESENTATION_CONTEXT('2D SPACE',''
  ) );
#5312 = PCURVE('',#5313,#5318);
#5313 = PLANE('',#5314);
#5314 = AXIS2_PLACEMENT_3D('',#5315,#5316,#5317);
#5315 = CARTESIAN_POINT('',(-40.46854044145,-10.49413361578,7.4919643723
    ));
#5316 = DIRECTION('',(-0.422618261741,0.669769536367,0.61057560793));
#5317 = DIRECTION('',(0.,-0.673695643647,0.739008917221));
#5318 = DEFINITIONAL_REPRESENTATION('',(#5319),#5323);
#5319 = LINE('',#5320,#5321);
#5320 = CARTESIAN_POINT('',(0.,0.));
#5321 = VECTOR('',#5322,1.);
#5322 = DIRECTION('',(1.,-2.775557561563E-17));
#5323 = ( GEOMETRIC_REPRESENTATION_CONTEXT(2) 
PARAMETRIC_REPRESENTATION_CONTEXT() REPRESENTATION_CONTEXT('2D SPACE',''
  ) );
#5324 = ORIENTED_EDGE('',*,*,#5325,.F.);
#5325 = EDGE_CURVE('',#5237,#5298,#5326,.T.);
#5326 = SURFACE_CURVE('',#5327,(#5331,#5338),.PCURVE_S1.);
#5327 = LINE('',#5328,#5329);
#5328 = CARTESIAN_POINT('',(-40.09559941781,-31.57570893731,
    29.430205601725));
#5329 = VECTOR('',#5330,1.);
#5330 = DIRECTION('',(-0.422618261741,0.669769536367,0.61057560793));
#5331 = PCURVE('',#5245,#5332);
#5332 = DEFINITIONAL_REPRESENTATION('',(#5333),#5337);
#5333 = LINE('',#5334,#5335);
#5334 = CARTESIAN_POINT('',(30.415121352005,5.329070518201E-15));
#5335 = VECTOR('',#5336,1.);
#5336 = DIRECTION('',(-5.551115123126E-17,-1.));
#5337 = ( GEOMETRIC_REPRESENTATION_CONTEXT(2) 
PARAMETRIC_REPRESENTATION_CONTEXT() REPRESENTATION_CONTEXT('2D SPACE',''
  ) );
#5338 = PCURVE('',#5339,#5344);
#5339 = PLANE('',#5340);
#5340 = AXIS2_PLACEMENT_3D('',#5341,#5342,#5343);
#5341 = CARTESIAN_POINT('',(-40.09559941781,-31.57570893731,
    29.430205601725));
#5342 = DIRECTION('',(0.,-0.673695643647,0.739008917221));
#5343 = DIRECTION('',(0.906307787037,0.312318664007,0.28471608186));
#5344 = DEFINITIONAL_REPRESENTATION('',(#5345),#5349);
#5345 = LINE('',#5346,#5347);
#5346 = CARTESIAN_POINT('',(0.,0.));
#5347 = VECTOR('',#5348,1.);
#5348 = DIRECTION('',(2.775557561563E-17,1.));
#5349 = ( GEOMETRIC_REPRESENTATION_CONTEXT(2) 
PARAMETRIC_REPRESENTATION_CONTEXT() REPRESENTATION_CONTEXT('2D SPACE',''
  ) );
#5350 = ADVANCED_FACE('',(#5351),#5257,.F.);
#5351 = FACE_BOUND('',#5352,.F.);
#5352 = EDGE_LOOP('',(#5353,#5383,#5404,#5405,#5428,#5454,#5489,#5519));
#5353 = ORIENTED_EDGE('',*,*,#5354,.F.);
#5354 = EDGE_CURVE('',#5355,#5357,#5359,.T.);
#5355 = VERTEX_POINT('',#5356);
#5356 = CARTESIAN_POINT('',(-26.76602264884,-6.491728480366,
    11.140638753637));
#5357 = VERTEX_POINT('',#5358);
#5358 = CARTESIAN_POINT('',(-26.76602264884,-26.98226323619,
    33.617684651118));
#5359 = SURFACE_CURVE('',#5360,(#5364,#5371),.PCURVE_S1.);
#5360 = LINE('',#5361,#5362);
#5361 = CARTESIAN_POINT('',(-26.76602264884,-6.491728480366,
    11.140638753637));
#5362 = VECTOR('',#5363,1.);
#5363 = DIRECTION('',(0.,-0.673695643647,0.739008917221));
#5364 = PCURVE('',#5257,#5365);
#5365 = DEFINITIONAL_REPRESENTATION('',(#5366),#5370);
#5366 = LINE('',#5367,#5368);
#5367 = CARTESIAN_POINT('',(0.,14.707560676003));
#5368 = VECTOR('',#5369,1.);
#5369 = DIRECTION('',(1.,-2.775557561563E-17));
#5370 = ( GEOMETRIC_REPRESENTATION_CONTEXT(2) 
PARAMETRIC_REPRESENTATION_CONTEXT() REPRESENTATION_CONTEXT('2D SPACE',''
  ) );
#5371 = PCURVE('',#5372,#5377);
#5372 = PLANE('',#5373);
#5373 = AXIS2_PLACEMENT_3D('',#5374,#5375,#5376);
#5374 = CARTESIAN_POINT('',(-26.76602264884,-6.491728480366,
    11.140638753637));
#5375 = DIRECTION('',(0.906307787037,0.312318664007,0.28471608186));
#5376 = DIRECTION('',(0.,-0.673695643647,0.739008917221));
#5377 = DEFINITIONAL_REPRESENTATION('',(#5378),#5382);
#5378 = LINE('',#5379,#5380);
#5379 = CARTESIAN_POINT('',(0.,0.));
#5380 = VECTOR('',#5381,1.);
#5381 = DIRECTION('',(1.,5.551115123126E-17));
#5382 = ( GEOMETRIC_REPRESENTATION_CONTEXT(2) 
PARAMETRIC_REPRESENTATION_CONTEXT() REPRESENTATION_CONTEXT('2D SPACE',''
  ) );
#5383 = ORIENTED_EDGE('',*,*,#5384,.F.);
#5384 = EDGE_CURVE('',#5235,#5355,#5385,.T.);
#5385 = SURFACE_CURVE('',#5386,(#5390,#5397),.PCURVE_S1.);
#5386 = LINE('',#5387,#5388);
#5387 = CARTESIAN_POINT('',(-40.09559941781,-11.08517418149,
    6.953159704245));
#5388 = VECTOR('',#5389,1.);
#5389 = DIRECTION('',(0.906307787037,0.312318664007,0.28471608186));
#5390 = PCURVE('',#5257,#5391);
#5391 = DEFINITIONAL_REPRESENTATION('',(#5392),#5396);
#5392 = LINE('',#5393,#5394);
#5393 = CARTESIAN_POINT('',(0.,0.));
#5394 = VECTOR('',#5395,1.);
#5395 = DIRECTION('',(0.,1.));
#5396 = ( GEOMETRIC_REPRESENTATION_CONTEXT(2) 
PARAMETRIC_REPRESENTATION_CONTEXT() REPRESENTATION_CONTEXT('2D SPACE',''
  ) );
#5397 = PCURVE('',#5285,#5398);
#5398 = DEFINITIONAL_REPRESENTATION('',(#5399),#5403);
#5399 = LINE('',#5400,#5401);
#5400 = CARTESIAN_POINT('',(0.,0.));
#5401 = VECTOR('',#5402,1.);
#5402 = DIRECTION('',(1.,2.775557561563E-17));
#5403 = ( GEOMETRIC_REPRESENTATION_CONTEXT(2) 
PARAMETRIC_REPRESENTATION_CONTEXT() REPRESENTATION_CONTEXT('2D SPACE',''
  ) );
#5404 = ORIENTED_EDGE('',*,*,#5234,.T.);
#5405 = ORIENTED_EDGE('',*,*,#5406,.T.);
#5406 = EDGE_CURVE('',#5237,#5407,#5409,.T.);
#5407 = VERTEX_POINT('',#5408);
#5408 = CARTESIAN_POINT('',(-33.61728154514,-29.34324485398,
    31.465365519948));
#5409 = SURFACE_CURVE('',#5410,(#5414,#5421),.PCURVE_S1.);
#5410 = LINE('',#5411,#5412);
#5411 = CARTESIAN_POINT('',(-40.09559941781,-31.57570893731,
    29.430205601725));
#5412 = VECTOR('',#5413,1.);
#5413 = DIRECTION('',(0.906307787037,0.312318664007,0.28471608186));
#5414 = PCURVE('',#5257,#5415);
#5415 = DEFINITIONAL_REPRESENTATION('',(#5416),#5420);
#5416 = LINE('',#5417,#5418);
#5417 = CARTESIAN_POINT('',(30.415121352005,1.7763568394E-15));
#5418 = VECTOR('',#5419,1.);
#5419 = DIRECTION('',(0.,1.));
#5420 = ( GEOMETRIC_REPRESENTATION_CONTEXT(2) 
PARAMETRIC_REPRESENTATION_CONTEXT() REPRESENTATION_CONTEXT('2D SPACE',''
  ) );
#5421 = PCURVE('',#5339,#5422);
#5422 = DEFINITIONAL_REPRESENTATION('',(#5423),#5427);
#5423 = LINE('',#5424,#5425);
#5424 = CARTESIAN_POINT('',(0.,0.));
#5425 = VECTOR('',#5426,1.);
#5426 = DIRECTION('',(1.,2.775557561563E-17));
#5427 = ( GEOMETRIC_REPRESENTATION_CONTEXT(2) 
PARAMETRIC_REPRESENTATION_CONTEXT() REPRESENTATION_CONTEXT('2D SPACE',''
  ) );
#5428 = ORIENTED_EDGE('',*,*,#5429,.T.);
#5429 = EDGE_CURVE('',#5407,#5430,#5432,.T.);
#5430 = VERTEX_POINT('',#5431);
#5431 = CARTESIAN_POINT('',(-33.61728154514,-27.71371138816,
    29.677852458951));
#5432 = SURFACE_CURVE('',#5433,(#5437,#5443),.PCURVE_S1.);
#5433 = LINE('',#5434,#5435);
#5434 = CARTESIAN_POINT('',(-33.61728154514,-18.76112965425,
    19.857338112598));
#5435 = VECTOR('',#5436,1.);
#5436 = DIRECTION('',(0.,0.673695643647,-0.739008917221));
#5437 = PCURVE('',#5257,#5438);
#5438 = DEFINITIONAL_REPRESENTATION('',(#5439),#5442);
#5439 = B_SPLINE_CURVE_WITH_KNOTS('',1,(#5440,#5441),.UNSPECIFIED.,.F.,
  .F.,(2,2),(-15.707560676,-13.207560676),.PIECEWISE_BEZIER_KNOTS.);
#5440 = CARTESIAN_POINT('',(30.415121352005,7.148032892721));
#5441 = CARTESIAN_POINT('',(27.915121352005,7.148032892721));
#5442 = ( GEOMETRIC_REPRESENTATION_CONTEXT(2) 
PARAMETRIC_REPRESENTATION_CONTEXT() REPRESENTATION_CONTEXT('2D SPACE',''
  ) );
#5443 = PCURVE('',#5444,#5449);
#5444 = PLANE('',#5445);
#5445 = AXIS2_PLACEMENT_3D('',#5446,#5447,#5448);
#5446 = CARTESIAN_POINT('',(-33.61728154514,-28.30977016025,
    31.054338543228));
#5447 = DIRECTION('',(1.,0.,0.));
#5448 = DIRECTION('',(0.,-0.673695643647,0.739008917221));
#5449 = DEFINITIONAL_REPRESENTATION('',(#5450),#5453);
#5450 = B_SPLINE_CURVE_WITH_KNOTS('',1,(#5451,#5452),.UNSPECIFIED.,.F.,
  .F.,(2,2),(-15.707560676,-13.207560676),.PIECEWISE_BEZIER_KNOTS.);
#5451 = CARTESIAN_POINT('',(1.,0.486839930751));
#5452 = CARTESIAN_POINT('',(-1.5,0.486839930751));
#5453 = ( GEOMETRIC_REPRESENTATION_CONTEXT(2) 
PARAMETRIC_REPRESENTATION_CONTEXT() REPRESENTATION_CONTEXT('2D SPACE',''
  ) );
#5454 = ORIENTED_EDGE('',*,*,#5455,.F.);
#5455 = EDGE_CURVE('',#5456,#5430,#5458,.T.);
#5456 = VERTEX_POINT('',#5457);
#5457 = CARTESIAN_POINT('',(-29.3564895637,-27.20125678442,
    32.064882008698));
#5458 = SURFACE_CURVE('',#5459,(#5464,#5471),.PCURVE_S1.);
#5459 = ELLIPSE('',#5460,3.549302374729,1.5);
#5460 = AXIS2_PLACEMENT_3D('',#5461,#5462,#5463);
#5461 = CARTESIAN_POINT('',(-32.57324994447,-28.30977016025,
    31.054338543228));
#5462 = DIRECTION('',(-0.422618261741,0.669769536367,0.61057560793));
#5463 = DIRECTION('',(-0.906307787037,-0.312318664007,-0.28471608186));
#5464 = PCURVE('',#5257,#5465);
#5465 = DEFINITIONAL_REPRESENTATION('',(#5466),#5470);
#5466 = ELLIPSE('',#5467,3.549302374729,1.5);
#5467 = AXIS2_PLACEMENT_2D('',#5468,#5469);
#5468 = CARTESIAN_POINT('',(29.415121352005,8.299994307606));
#5469 = DIRECTION('',(0.,-1.));
#5470 = ( GEOMETRIC_REPRESENTATION_CONTEXT(2) 
PARAMETRIC_REPRESENTATION_CONTEXT() REPRESENTATION_CONTEXT('2D SPACE',''
  ) );
#5471 = PCURVE('',#5472,#5477);
#5472 = CYLINDRICAL_SURFACE('',#5473,1.5);
#5473 = AXIS2_PLACEMENT_3D('',#5474,#5475,#5476);
#5474 = CARTESIAN_POINT('',(-33.61728154514,-28.30977016025,
    31.054338543228));
#5475 = DIRECTION('',(-1.,0.,-0.));
#5476 = DIRECTION('',(0.,0.739008917221,0.673695643647));
#5477 = DEFINITIONAL_REPRESENTATION('',(#5478),#5488);
#5478 = B_SPLINE_CURVE_WITH_KNOTS('',8,(#5479,#5480,#5481,#5482,#5483,
    #5484,#5485,#5486,#5487),.UNSPECIFIED.,.F.,.F.,(9,9),(3.14159265359,
    5.042935637106),.PIECEWISE_BEZIER_KNOTS.);
#5479 = CARTESIAN_POINT('',(-6.28318530718,-4.26079198144));
#5480 = CARTESIAN_POINT('',(-6.04551743424,-4.26079198144));
#5481 = CARTESIAN_POINT('',(-5.8078495613,-4.053131704456));
#5482 = CARTESIAN_POINT('',(-5.570181688365,-3.637818875009));
#5483 = CARTESIAN_POINT('',(-5.332513815421,-3.039844771429));
#5484 = CARTESIAN_POINT('',(-5.094845942486,-2.309344507441));
#5485 = CARTESIAN_POINT('',(-4.857178069542,-1.513664959144));
#5486 = CARTESIAN_POINT('',(-4.619510196603,-0.72313272222));
#5487 = CARTESIAN_POINT('',(-4.381842323664,5.999999999062E-07));
#5488 = ( GEOMETRIC_REPRESENTATION_CONTEXT(2) 
PARAMETRIC_REPRESENTATION_CONTEXT() REPRESENTATION_CONTEXT('2D SPACE',''
  ) );
#5489 = ORIENTED_EDGE('',*,*,#5490,.F.);
#5490 = EDGE_CURVE('',#5491,#5456,#5493,.T.);
#5491 = VERTEX_POINT('',#5492);
#5492 = CARTESIAN_POINT('',(-30.17561831823,-28.15722871646,
    32.546562088118));
#5493 = SURFACE_CURVE('',#5494,(#5499,#5506),.PCURVE_S1.);
#5494 = ELLIPSE('',#5495,3.549302374729,1.5);
#5495 = AXIS2_PLACEMENT_3D('',#5496,#5497,#5498);
#5496 = CARTESIAN_POINT('',(-32.57324994447,-28.30977016025,
    31.054338543228));
#5497 = DIRECTION('',(-0.422618261741,0.669769536367,0.61057560793));
#5498 = DIRECTION('',(-0.906307787037,-0.312318664007,-0.28471608186));
#5499 = PCURVE('',#5257,#5500);
#5500 = DEFINITIONAL_REPRESENTATION('',(#5501),#5505);
#5501 = ELLIPSE('',#5502,3.549302374729,1.5);
#5502 = AXIS2_PLACEMENT_2D('',#5503,#5504);
#5503 = CARTESIAN_POINT('',(29.415121352005,8.299994307606));
#5504 = DIRECTION('',(0.,-1.));
#5505 = ( GEOMETRIC_REPRESENTATION_CONTEXT(2) 
PARAMETRIC_REPRESENTATION_CONTEXT() REPRESENTATION_CONTEXT('2D SPACE',''
  ) );
#5506 = PCURVE('',#5472,#5507);
#5507 = DEFINITIONAL_REPRESENTATION('',(#5508),#5518);
#5508 = B_SPLINE_CURVE_WITH_KNOTS('',8,(#5509,#5510,#5511,#5512,#5513,
    #5514,#5515,#5516,#5517),.UNSPECIFIED.,.F.,.F.,(9,9),(1.240249670074
    ,3.14159265359),.PIECEWISE_BEZIER_KNOTS.);
#5509 = CARTESIAN_POINT('',(-1.901342983516,5.999999928008E-07));
#5510 = CARTESIAN_POINT('',(-1.663675110576,-0.72313272222));
#5511 = CARTESIAN_POINT('',(-1.426007237638,-1.513664959142));
#5512 = CARTESIAN_POINT('',(-1.188339364695,-2.309344507446));
#5513 = CARTESIAN_POINT('',(-0.950671491757,-3.039844771427));
#5514 = CARTESIAN_POINT('',(-0.713003618816,-3.637818875013));
#5515 = CARTESIAN_POINT('',(-0.47533574588,-4.053131704454));
#5516 = CARTESIAN_POINT('',(-0.237667872939,-4.26079198144));
#5517 = CARTESIAN_POINT('',(0.,-4.26079198144));
#5518 = ( GEOMETRIC_REPRESENTATION_CONTEXT(2) 
PARAMETRIC_REPRESENTATION_CONTEXT() REPRESENTATION_CONTEXT('2D SPACE',''
  ) );
#5519 = ORIENTED_EDGE('',*,*,#5520,.T.);
#5520 = EDGE_CURVE('',#5491,#5357,#5521,.T.);
#5521 = SURFACE_CURVE('',#5522,(#5526,#5533),.PCURVE_S1.);
#5522 = LINE('',#5523,#5524);
#5523 = CARTESIAN_POINT('',(-40.09559941781,-31.57570893731,
    29.430205601725));
#5524 = VECTOR('',#5525,1.);
#5525 = DIRECTION('',(0.906307787037,0.312318664007,0.28471608186));
#5526 = PCURVE('',#5257,#5527);
#5527 = DEFINITIONAL_REPRESENTATION('',(#5528),#5532);
#5528 = LINE('',#5529,#5530);
#5529 = CARTESIAN_POINT('',(30.415121352005,1.7763568394E-15));
#5530 = VECTOR('',#5531,1.);
#5531 = DIRECTION('',(0.,1.));
#5532 = ( GEOMETRIC_REPRESENTATION_CONTEXT(2) 
PARAMETRIC_REPRESENTATION_CONTEXT() REPRESENTATION_CONTEXT('2D SPACE',''
  ) );
#5533 = PCURVE('',#5534,#5539);
#5534 = PLANE('',#5535);
#5535 = AXIS2_PLACEMENT_3D('',#5536,#5537,#5538);
#5536 = CARTESIAN_POINT('',(-40.09559941781,-31.57570893731,
    29.430205601725));
#5537 = DIRECTION('',(0.,-0.673695643647,0.739008917221));
#5538 = DIRECTION('',(0.906307787037,0.312318664007,0.28471608186));
#5539 = DEFINITIONAL_REPRESENTATION('',(#5540),#5544);
#5540 = LINE('',#5541,#5542);
#5541 = CARTESIAN_POINT('',(0.,0.));
#5542 = VECTOR('',#5543,1.);
#5543 = DIRECTION('',(1.,2.775557561563E-17));
#5544 = ( GEOMETRIC_REPRESENTATION_CONTEXT(2) 
PARAMETRIC_REPRESENTATION_CONTEXT() REPRESENTATION_CONTEXT('2D SPACE',''
  ) );
#5545 = ADVANCED_FACE('',(#5546),#5339,.T.);
#5546 = FACE_BOUND('',#5547,.T.);
#5547 = EDGE_LOOP('',(#5548,#5571,#5572,#5573));
#5548 = ORIENTED_EDGE('',*,*,#5549,.F.);
#5549 = EDGE_CURVE('',#5298,#5550,#5552,.T.);
#5550 = VERTEX_POINT('',#5551);
#5551 = CARTESIAN_POINT('',(-33.61728154514,-28.62368675382,
    32.121329400949));
#5552 = SURFACE_CURVE('',#5553,(#5557,#5564),.PCURVE_S1.);
#5553 = LINE('',#5554,#5555);
#5554 = CARTESIAN_POINT('',(-40.46854044145,-30.98466837161,
    29.96901026978));
#5555 = VECTOR('',#5556,1.);
#5556 = DIRECTION('',(0.906307787037,0.312318664007,0.28471608186));
#5557 = PCURVE('',#5339,#5558);
#5558 = DEFINITIONAL_REPRESENTATION('',(#5559),#5563);
#5559 = LINE('',#5560,#5561);
#5560 = CARTESIAN_POINT('',(-2.442490654175E-15,0.88245364056));
#5561 = VECTOR('',#5562,1.);
#5562 = DIRECTION('',(1.,2.775557561563E-17));
#5563 = ( GEOMETRIC_REPRESENTATION_CONTEXT(2) 
PARAMETRIC_REPRESENTATION_CONTEXT() REPRESENTATION_CONTEXT('2D SPACE',''
  ) );
#5564 = PCURVE('',#5313,#5565);
#5565 = DEFINITIONAL_REPRESENTATION('',(#5566),#5570);
#5566 = LINE('',#5567,#5568);
#5567 = CARTESIAN_POINT('',(30.415121352005,8.881784197001E-16));
#5568 = VECTOR('',#5569,1.);
#5569 = DIRECTION('',(0.,1.));
#5570 = ( GEOMETRIC_REPRESENTATION_CONTEXT(2) 
PARAMETRIC_REPRESENTATION_CONTEXT() REPRESENTATION_CONTEXT('2D SPACE',''
  ) );
#5571 = ORIENTED_EDGE('',*,*,#5325,.F.);
#5572 = ORIENTED_EDGE('',*,*,#5406,.T.);
#5573 = ORIENTED_EDGE('',*,*,#5574,.T.);
#5574 = EDGE_CURVE('',#5407,#5550,#5575,.T.);
#5575 = SURFACE_CURVE('',#5576,(#5580,#5586),.PCURVE_S1.);
#5576 = LINE('',#5577,#5578);
#5577 = CARTESIAN_POINT('',(-33.61728154514,-30.27958737061,
    30.611776531087));
#5578 = VECTOR('',#5579,1.);
#5579 = DIRECTION('',(-0.,0.739008917221,0.673695643647));
#5580 = PCURVE('',#5339,#5581);
#5581 = DEFINITIONAL_REPRESENTATION('',(#5582),#5585);
#5582 = B_SPLINE_CURVE_WITH_KNOTS('',1,(#5583,#5584),.UNSPECIFIED.,.F.,
  .F.,(2,2),(1.267024652618,2.24070451412),.PIECEWISE_BEZIER_KNOTS.);
#5583 = CARTESIAN_POINT('',(7.148032892721,2.22044604925E-16));
#5584 = CARTESIAN_POINT('',(7.559527783281,0.88245364056));
#5585 = ( GEOMETRIC_REPRESENTATION_CONTEXT(2) 
PARAMETRIC_REPRESENTATION_CONTEXT() REPRESENTATION_CONTEXT('2D SPACE',''
  ) );
#5586 = PCURVE('',#5444,#5587);
#5587 = DEFINITIONAL_REPRESENTATION('',(#5588),#5591);
#5588 = B_SPLINE_CURVE_WITH_KNOTS('',1,(#5589,#5590),.UNSPECIFIED.,.F.,
  .F.,(2,2),(1.267024652618,2.24070451412),.PIECEWISE_BEZIER_KNOTS.);
#5589 = CARTESIAN_POINT('',(1.,0.486839930751));
#5590 = CARTESIAN_POINT('',(1.,-0.486839930751));
#5591 = ( GEOMETRIC_REPRESENTATION_CONTEXT(2) 
PARAMETRIC_REPRESENTATION_CONTEXT() REPRESENTATION_CONTEXT('2D SPACE',''
  ) );
#5592 = ADVANCED_FACE('',(#5593),#5313,.T.);
#5593 = FACE_BOUND('',#5594,.T.);
#5594 = EDGE_LOOP('',(#5595,#5620,#5641,#5642,#5643,#5664,#5698,#5727));
#5595 = ORIENTED_EDGE('',*,*,#5596,.F.);
#5596 = EDGE_CURVE('',#5597,#5599,#5601,.T.);
#5597 = VERTEX_POINT('',#5598);
#5598 = CARTESIAN_POINT('',(-27.13896367248,-5.900687914663,
    11.679443421692));
#5599 = VERTEX_POINT('',#5600);
#5600 = CARTESIAN_POINT('',(-27.13896367248,-26.39122267049,
    34.156489319172));
#5601 = SURFACE_CURVE('',#5602,(#5606,#5613),.PCURVE_S1.);
#5602 = LINE('',#5603,#5604);
#5603 = CARTESIAN_POINT('',(-27.13896367248,-5.900687914663,
    11.679443421692));
#5604 = VECTOR('',#5605,1.);
#5605 = DIRECTION('',(0.,-0.673695643647,0.739008917221));
#5606 = PCURVE('',#5313,#5607);
#5607 = DEFINITIONAL_REPRESENTATION('',(#5608),#5612);
#5608 = LINE('',#5609,#5610);
#5609 = CARTESIAN_POINT('',(0.,14.707560676003));
#5610 = VECTOR('',#5611,1.);
#5611 = DIRECTION('',(1.,-2.775557561563E-17));
#5612 = ( GEOMETRIC_REPRESENTATION_CONTEXT(2) 
PARAMETRIC_REPRESENTATION_CONTEXT() REPRESENTATION_CONTEXT('2D SPACE',''
  ) );
#5613 = PCURVE('',#5372,#5614);
#5614 = DEFINITIONAL_REPRESENTATION('',(#5615),#5619);
#5615 = LINE('',#5616,#5617);
#5616 = CARTESIAN_POINT('',(-4.440892098501E-16,-0.88245364056));
#5617 = VECTOR('',#5618,1.);
#5618 = DIRECTION('',(1.,5.551115123126E-17));
#5619 = ( GEOMETRIC_REPRESENTATION_CONTEXT(2) 
PARAMETRIC_REPRESENTATION_CONTEXT() REPRESENTATION_CONTEXT('2D SPACE',''
  ) );
#5620 = ORIENTED_EDGE('',*,*,#5621,.F.);
#5621 = EDGE_CURVE('',#5270,#5597,#5622,.T.);
#5622 = SURFACE_CURVE('',#5623,(#5627,#5634),.PCURVE_S1.);
#5623 = LINE('',#5624,#5625);
#5624 = CARTESIAN_POINT('',(-40.46854044145,-10.49413361578,7.4919643723
    ));
#5625 = VECTOR('',#5626,1.);
#5626 = DIRECTION('',(0.906307787037,0.312318664007,0.28471608186));
#5627 = PCURVE('',#5313,#5628);
#5628 = DEFINITIONAL_REPRESENTATION('',(#5629),#5633);
#5629 = LINE('',#5630,#5631);
#5630 = CARTESIAN_POINT('',(0.,0.));
#5631 = VECTOR('',#5632,1.);
#5632 = DIRECTION('',(0.,1.));
#5633 = ( GEOMETRIC_REPRESENTATION_CONTEXT(2) 
PARAMETRIC_REPRESENTATION_CONTEXT() REPRESENTATION_CONTEXT('2D SPACE',''
  ) );
#5634 = PCURVE('',#5285,#5635);
#5635 = DEFINITIONAL_REPRESENTATION('',(#5636),#5640);
#5636 = LINE('',#5637,#5638);
#5637 = CARTESIAN_POINT('',(-2.386979502944E-15,0.88245364056));
#5638 = VECTOR('',#5639,1.);
#5639 = DIRECTION('',(1.,2.775557561563E-17));
#5640 = ( GEOMETRIC_REPRESENTATION_CONTEXT(2) 
PARAMETRIC_REPRESENTATION_CONTEXT() REPRESENTATION_CONTEXT('2D SPACE',''
  ) );
#5641 = ORIENTED_EDGE('',*,*,#5297,.T.);
#5642 = ORIENTED_EDGE('',*,*,#5549,.T.);
#5643 = ORIENTED_EDGE('',*,*,#5644,.T.);
#5644 = EDGE_CURVE('',#5550,#5645,#5647,.T.);
#5645 = VERTEX_POINT('',#5646);
#5646 = CARTESIAN_POINT('',(-33.61728154514,-26.99415328799,
    30.333816339952));
#5647 = SURFACE_CURVE('',#5648,(#5652,#5658),.PCURVE_S1.);
#5648 = LINE('',#5649,#5650);
#5649 = CARTESIAN_POINT('',(-33.61728154514,-18.04157155408,
    20.513301993598));
#5650 = VECTOR('',#5651,1.);
#5651 = DIRECTION('',(0.,0.673695643647,-0.739008917221));
#5652 = PCURVE('',#5313,#5653);
#5653 = DEFINITIONAL_REPRESENTATION('',(#5654),#5657);
#5654 = B_SPLINE_CURVE_WITH_KNOTS('',1,(#5655,#5656),.UNSPECIFIED.,.F.,
  .F.,(2,2),(-15.707560676,-13.207560676),.PIECEWISE_BEZIER_KNOTS.);
#5655 = CARTESIAN_POINT('',(30.415121352005,7.559527783281));
#5656 = CARTESIAN_POINT('',(27.915121352005,7.559527783281));
#5657 = ( GEOMETRIC_REPRESENTATION_CONTEXT(2) 
PARAMETRIC_REPRESENTATION_CONTEXT() REPRESENTATION_CONTEXT('2D SPACE',''
  ) );
#5658 = PCURVE('',#5444,#5659);
#5659 = DEFINITIONAL_REPRESENTATION('',(#5660),#5663);
#5660 = B_SPLINE_CURVE_WITH_KNOTS('',1,(#5661,#5662),.UNSPECIFIED.,.F.,
  .F.,(2,2),(-15.707560676,-13.207560676),.PIECEWISE_BEZIER_KNOTS.);
#5661 = CARTESIAN_POINT('',(1.,-0.486839930751));
#5662 = CARTESIAN_POINT('',(-1.5,-0.486839930751));
#5663 = ( GEOMETRIC_REPRESENTATION_CONTEXT(2) 
PARAMETRIC_REPRESENTATION_CONTEXT() REPRESENTATION_CONTEXT('2D SPACE',''
  ) );
#5664 = ORIENTED_EDGE('',*,*,#5665,.F.);
#5665 = EDGE_CURVE('',#5666,#5645,#5668,.T.);
#5666 = VERTEX_POINT('',#5667);
#5667 = CARTESIAN_POINT('',(-31.44455276506,-27.20125678442,
    32.064882008698));
#5668 = SURFACE_CURVE('',#5669,(#5674,#5681),.PCURVE_S1.);
#5669 = ELLIPSE('',#5670,3.549302374729,1.5);
#5670 = AXIS2_PLACEMENT_3D('',#5671,#5672,#5673);
#5671 = CARTESIAN_POINT('',(-34.66131314582,-28.30977016025,
    31.054338543228));
#5672 = DIRECTION('',(-0.422618261741,0.669769536367,0.61057560793));
#5673 = DIRECTION('',(-0.906307787037,-0.312318664007,-0.28471608186));
#5674 = PCURVE('',#5313,#5675);
#5675 = DEFINITIONAL_REPRESENTATION('',(#5676),#5680);
#5676 = ELLIPSE('',#5677,3.549302374729,1.5);
#5677 = AXIS2_PLACEMENT_2D('',#5678,#5679);
#5678 = CARTESIAN_POINT('',(29.415121352005,6.407566368396));
#5679 = DIRECTION('',(0.,-1.));
#5680 = ( GEOMETRIC_REPRESENTATION_CONTEXT(2) 
PARAMETRIC_REPRESENTATION_CONTEXT() REPRESENTATION_CONTEXT('2D SPACE',''
  ) );
#5681 = PCURVE('',#5682,#5687);
#5682 = CYLINDRICAL_SURFACE('',#5683,1.5);
#5683 = AXIS2_PLACEMENT_3D('',#5684,#5685,#5686);
#5684 = CARTESIAN_POINT('',(-33.61728154514,-28.30977016025,
    31.054338543228));
#5685 = DIRECTION('',(-1.,0.,-0.));
#5686 = DIRECTION('',(0.,0.739008917221,0.673695643647));
#5687 = DEFINITIONAL_REPRESENTATION('',(#5688),#5697);
#5688 = B_SPLINE_CURVE_WITH_KNOTS('',7,(#5689,#5690,#5691,#5692,#5693,
    #5694,#5695,#5696),.UNSPECIFIED.,.F.,.F.,(8,8),(3.14159265359,
    4.38184271806),.PIECEWISE_BEZIER_KNOTS.);
#5689 = CARTESIAN_POINT('',(-6.28318530718,-2.172728780088));
#5690 = CARTESIAN_POINT('',(-6.106006726541,-2.172728780088));
#5691 = CARTESIAN_POINT('',(-5.928828145902,-2.054916646473));
#5692 = CARTESIAN_POINT('',(-5.751649565264,-1.819297034843));
#5693 = CARTESIAN_POINT('',(-5.574470984625,-1.474912375583));
#5694 = CARTESIAN_POINT('',(-5.397292403986,-1.039936753646));
#5695 = CARTESIAN_POINT('',(-5.220113823348,-0.539086788624));
#5696 = CARTESIAN_POINT('',(-5.042935242709,5.999999999062E-07));
#5697 = ( GEOMETRIC_REPRESENTATION_CONTEXT(2) 
PARAMETRIC_REPRESENTATION_CONTEXT() REPRESENTATION_CONTEXT('2D SPACE',''
  ) );
#5698 = ORIENTED_EDGE('',*,*,#5699,.F.);
#5699 = EDGE_CURVE('',#5700,#5666,#5702,.T.);
#5700 = VERTEX_POINT('',#5701);
#5701 = CARTESIAN_POINT('',(-32.26368151958,-28.15722871646,
    32.546562088118));
#5702 = SURFACE_CURVE('',#5703,(#5708,#5715),.PCURVE_S1.);
#5703 = ELLIPSE('',#5704,3.549302374729,1.5);
#5704 = AXIS2_PLACEMENT_3D('',#5705,#5706,#5707);
#5705 = CARTESIAN_POINT('',(-34.66131314582,-28.30977016025,
    31.054338543228));
#5706 = DIRECTION('',(-0.422618261741,0.669769536367,0.61057560793));
#5707 = DIRECTION('',(-0.906307787037,-0.312318664007,-0.28471608186));
#5708 = PCURVE('',#5313,#5709);
#5709 = DEFINITIONAL_REPRESENTATION('',(#5710),#5714);
#5710 = ELLIPSE('',#5711,3.549302374729,1.5);
#5711 = AXIS2_PLACEMENT_2D('',#5712,#5713);
#5712 = CARTESIAN_POINT('',(29.415121352005,6.407566368396));
#5713 = DIRECTION('',(0.,-1.));
#5714 = ( GEOMETRIC_REPRESENTATION_CONTEXT(2) 
PARAMETRIC_REPRESENTATION_CONTEXT() REPRESENTATION_CONTEXT('2D SPACE',''
  ) );
#5715 = PCURVE('',#5472,#5716);
#5716 = DEFINITIONAL_REPRESENTATION('',(#5717),#5726);
#5717 = B_SPLINE_CURVE_WITH_KNOTS('',7,(#5718,#5719,#5720,#5721,#5722,
    #5723,#5724,#5725),.UNSPECIFIED.,.F.,.F.,(8,8),(1.901342589119,
    3.14159265359),.PIECEWISE_BEZIER_KNOTS.);
#5718 = CARTESIAN_POINT('',(-1.240250064471,5.999999999062E-07));
#5719 = CARTESIAN_POINT('',(-1.063071483832,-0.539086788624));
#5720 = CARTESIAN_POINT('',(-0.885892903193,-1.039936753646));
#5721 = CARTESIAN_POINT('',(-0.708714322554,-1.474912375583));
#5722 = CARTESIAN_POINT('',(-0.531535741916,-1.819297034843));
#5723 = CARTESIAN_POINT('',(-0.354357161277,-2.054916646473));
#5724 = CARTESIAN_POINT('',(-0.177178580639,-2.172728780088));
#5725 = CARTESIAN_POINT('',(0.,-2.172728780088));
#5726 = ( GEOMETRIC_REPRESENTATION_CONTEXT(2) 
PARAMETRIC_REPRESENTATION_CONTEXT() REPRESENTATION_CONTEXT('2D SPACE',''
  ) );
#5727 = ORIENTED_EDGE('',*,*,#5728,.T.);
#5728 = EDGE_CURVE('',#5700,#5599,#5729,.T.);
#5729 = SURFACE_CURVE('',#5730,(#5734,#5741),.PCURVE_S1.);
#5730 = LINE('',#5731,#5732);
#5731 = CARTESIAN_POINT('',(-40.46854044145,-30.98466837161,
    29.96901026978));
#5732 = VECTOR('',#5733,1.);
#5733 = DIRECTION('',(0.906307787037,0.312318664007,0.28471608186));
#5734 = PCURVE('',#5313,#5735);
#5735 = DEFINITIONAL_REPRESENTATION('',(#5736),#5740);
#5736 = LINE('',#5737,#5738);
#5737 = CARTESIAN_POINT('',(30.415121352005,8.881784197001E-16));
#5738 = VECTOR('',#5739,1.);
#5739 = DIRECTION('',(0.,1.));
#5740 = ( GEOMETRIC_REPRESENTATION_CONTEXT(2) 
PARAMETRIC_REPRESENTATION_CONTEXT() REPRESENTATION_CONTEXT('2D SPACE',''
  ) );
#5741 = PCURVE('',#5534,#5742);
#5742 = DEFINITIONAL_REPRESENTATION('',(#5743),#5747);
#5743 = LINE('',#5744,#5745);
#5744 = CARTESIAN_POINT('',(-2.442490654175E-15,0.88245364056));
#5745 = VECTOR('',#5746,1.);
#5746 = DIRECTION('',(1.,2.775557561563E-17));
#5747 = ( GEOMETRIC_REPRESENTATION_CONTEXT(2) 
PARAMETRIC_REPRESENTATION_CONTEXT() REPRESENTATION_CONTEXT('2D SPACE',''
  ) );
#5748 = ADVANCED_FACE('',(#5749),#5285,.F.);
#5749 = FACE_BOUND('',#5750,.F.);
#5750 = EDGE_LOOP('',(#5751,#5752,#5753,#5774));
#5751 = ORIENTED_EDGE('',*,*,#5269,.F.);
#5752 = ORIENTED_EDGE('',*,*,#5384,.T.);
#5753 = ORIENTED_EDGE('',*,*,#5754,.T.);
#5754 = EDGE_CURVE('',#5355,#5597,#5755,.T.);
#5755 = SURFACE_CURVE('',#5756,(#5760,#5767),.PCURVE_S1.);
#5756 = LINE('',#5757,#5758);
#5757 = CARTESIAN_POINT('',(-26.76602264884,-6.491728480366,
    11.140638753637));
#5758 = VECTOR('',#5759,1.);
#5759 = DIRECTION('',(-0.422618261741,0.669769536367,0.61057560793));
#5760 = PCURVE('',#5285,#5761);
#5761 = DEFINITIONAL_REPRESENTATION('',(#5762),#5766);
#5762 = LINE('',#5763,#5764);
#5763 = CARTESIAN_POINT('',(14.707560676003,-4.440892098501E-16));
#5764 = VECTOR('',#5765,1.);
#5765 = DIRECTION('',(2.775557561563E-17,1.));
#5766 = ( GEOMETRIC_REPRESENTATION_CONTEXT(2) 
PARAMETRIC_REPRESENTATION_CONTEXT() REPRESENTATION_CONTEXT('2D SPACE',''
  ) );
#5767 = PCURVE('',#5372,#5768);
#5768 = DEFINITIONAL_REPRESENTATION('',(#5769),#5773);
#5769 = LINE('',#5770,#5771);
#5770 = CARTESIAN_POINT('',(0.,0.));
#5771 = VECTOR('',#5772,1.);
#5772 = DIRECTION('',(-5.551115123126E-17,-1.));
#5773 = ( GEOMETRIC_REPRESENTATION_CONTEXT(2) 
PARAMETRIC_REPRESENTATION_CONTEXT() REPRESENTATION_CONTEXT('2D SPACE',''
  ) );
#5774 = ORIENTED_EDGE('',*,*,#5621,.F.);
#5775 = ADVANCED_FACE('',(#5776),#5372,.T.);
#5776 = FACE_BOUND('',#5777,.T.);
#5777 = EDGE_LOOP('',(#5778,#5779,#5780,#5781));
#5778 = ORIENTED_EDGE('',*,*,#5354,.F.);
#5779 = ORIENTED_EDGE('',*,*,#5754,.T.);
#5780 = ORIENTED_EDGE('',*,*,#5596,.T.);
#5781 = ORIENTED_EDGE('',*,*,#5782,.F.);
#5782 = EDGE_CURVE('',#5357,#5599,#5783,.T.);
#5783 = SURFACE_CURVE('',#5784,(#5788,#5795),.PCURVE_S1.);
#5784 = LINE('',#5785,#5786);
#5785 = CARTESIAN_POINT('',(-26.76602264884,-26.98226323619,
    33.617684651118));
#5786 = VECTOR('',#5787,1.);
#5787 = DIRECTION('',(-0.422618261741,0.669769536367,0.61057560793));
#5788 = PCURVE('',#5372,#5789);
#5789 = DEFINITIONAL_REPRESENTATION('',(#5790),#5794);
#5790 = LINE('',#5791,#5792);
#5791 = CARTESIAN_POINT('',(30.415121352005,1.7763568394E-15));
#5792 = VECTOR('',#5793,1.);
#5793 = DIRECTION('',(-5.551115123126E-17,-1.));
#5794 = ( GEOMETRIC_REPRESENTATION_CONTEXT(2) 
PARAMETRIC_REPRESENTATION_CONTEXT() REPRESENTATION_CONTEXT('2D SPACE',''
  ) );
#5795 = PCURVE('',#5534,#5796);
#5796 = DEFINITIONAL_REPRESENTATION('',(#5797),#5801);
#5797 = LINE('',#5798,#5799);
#5798 = CARTESIAN_POINT('',(14.707560676003,8.881784197001E-16));
#5799 = VECTOR('',#5800,1.);
#5800 = DIRECTION('',(2.775557561563E-17,1.));
#5801 = ( GEOMETRIC_REPRESENTATION_CONTEXT(2) 
PARAMETRIC_REPRESENTATION_CONTEXT() REPRESENTATION_CONTEXT('2D SPACE',''
  ) );
#5802 = ADVANCED_FACE('',(#5803),#5534,.T.);
#5803 = FACE_BOUND('',#5804,.T.);
#5804 = EDGE_LOOP('',(#5805,#5806,#5825,#5826));
#5805 = ORIENTED_EDGE('',*,*,#5728,.F.);
#5806 = ORIENTED_EDGE('',*,*,#5807,.F.);
#5807 = EDGE_CURVE('',#5491,#5700,#5808,.T.);
#5808 = SURFACE_CURVE('',#5809,(#5813,#5819),.PCURVE_S1.);
#5809 = LINE('',#5810,#5811);
#5810 = CARTESIAN_POINT('',(-33.61728154514,-28.15722871646,
    32.546562088118));
#5811 = VECTOR('',#5812,1.);
#5812 = DIRECTION('',(-1.,0.,-0.));
#5813 = PCURVE('',#5534,#5814);
#5814 = DEFINITIONAL_REPRESENTATION('',(#5815),#5818);
#5815 = B_SPLINE_CURVE_WITH_KNOTS('',1,(#5816,#5817),.UNSPECIFIED.,.F.,
  .F.,(2,2),(-3.65046954705,-1.144793705428),.PIECEWISE_BEZIER_KNOTS.);
#5816 = CARTESIAN_POINT('',(11.134730895726,-8.824536405597E-02));
#5817 = CARTESIAN_POINT('',(8.863817368674,0.970699004616));
#5818 = ( GEOMETRIC_REPRESENTATION_CONTEXT(2) 
PARAMETRIC_REPRESENTATION_CONTEXT() REPRESENTATION_CONTEXT('2D SPACE',''
  ) );
#5819 = PCURVE('',#5472,#5820);
#5820 = DEFINITIONAL_REPRESENTATION('',(#5821),#5824);
#5821 = B_SPLINE_CURVE_WITH_KNOTS('',1,(#5822,#5823),.UNSPECIFIED.,.F.,
  .F.,(2,2),(-3.65046954705,-1.144793705428),.PIECEWISE_BEZIER_KNOTS.);
#5822 = CARTESIAN_POINT('',(-0.729727656227,-3.65046954705));
#5823 = CARTESIAN_POINT('',(-0.729727656227,-1.144793705428));
#5824 = ( GEOMETRIC_REPRESENTATION_CONTEXT(2) 
PARAMETRIC_REPRESENTATION_CONTEXT() REPRESENTATION_CONTEXT('2D SPACE',''
  ) );
#5825 = ORIENTED_EDGE('',*,*,#5520,.T.);
#5826 = ORIENTED_EDGE('',*,*,#5782,.T.);
#5827 = ADVANCED_FACE('',(#5828),#5472,.T.);
#5828 = FACE_BOUND('',#5829,.F.);
#5829 = EDGE_LOOP('',(#5830,#5854,#5875,#5876,#5877,#5878,#5901,#5928,
    #5929));
#5830 = ORIENTED_EDGE('',*,*,#5831,.F.);
#5831 = EDGE_CURVE('',#5832,#5430,#5834,.T.);
#5832 = VERTEX_POINT('',#5833);
#5833 = CARTESIAN_POINT('',(-33.61728154514,-27.20125678442,
    32.064882008698));
#5834 = SURFACE_CURVE('',#5835,(#5840,#5847),.PCURVE_S1.);
#5835 = CIRCLE('',#5836,1.5);
#5836 = AXIS2_PLACEMENT_3D('',#5837,#5838,#5839);
#5837 = CARTESIAN_POINT('',(-33.61728154514,-28.30977016025,
    31.054338543228));
#5838 = DIRECTION('',(1.,0.,-0.));
#5839 = DIRECTION('',(0.,0.739008917221,0.673695643647));
#5840 = PCURVE('',#5472,#5841);
#5841 = DEFINITIONAL_REPRESENTATION('',(#5842),#5846);
#5842 = LINE('',#5843,#5844);
#5843 = CARTESIAN_POINT('',(-0.,0.));
#5844 = VECTOR('',#5845,1.);
#5845 = DIRECTION('',(-1.,0.));
#5846 = ( GEOMETRIC_REPRESENTATION_CONTEXT(2) 
PARAMETRIC_REPRESENTATION_CONTEXT() REPRESENTATION_CONTEXT('2D SPACE',''
  ) );
#5847 = PCURVE('',#5444,#5848);
#5848 = DEFINITIONAL_REPRESENTATION('',(#5849),#5853);
#5849 = CIRCLE('',#5850,1.5);
#5850 = AXIS2_PLACEMENT_2D('',#5851,#5852);
#5851 = CARTESIAN_POINT('',(0.,0.));
#5852 = DIRECTION('',(0.,-1.));
#5853 = ( GEOMETRIC_REPRESENTATION_CONTEXT(2) 
PARAMETRIC_REPRESENTATION_CONTEXT() REPRESENTATION_CONTEXT('2D SPACE',''
  ) );
#5854 = ORIENTED_EDGE('',*,*,#5855,.T.);
#5855 = EDGE_CURVE('',#5832,#5666,#5856,.T.);
#5856 = SURFACE_CURVE('',#5857,(#5861,#5868),.PCURVE_S1.);
#5857 = LINE('',#5858,#5859);
#5858 = CARTESIAN_POINT('',(-33.61728154514,-27.20125678442,
    32.064882008698));
#5859 = VECTOR('',#5860,1.);
#5860 = DIRECTION('',(1.,0.,0.));
#5861 = PCURVE('',#5472,#5862);
#5862 = DEFINITIONAL_REPRESENTATION('',(#5863),#5867);
#5863 = LINE('',#5864,#5865);
#5864 = CARTESIAN_POINT('',(-0.,0.));
#5865 = VECTOR('',#5866,1.);
#5866 = DIRECTION('',(-0.,-1.));
#5867 = ( GEOMETRIC_REPRESENTATION_CONTEXT(2) 
PARAMETRIC_REPRESENTATION_CONTEXT() REPRESENTATION_CONTEXT('2D SPACE',''
  ) );
#5868 = PCURVE('',#5682,#5869);
#5869 = DEFINITIONAL_REPRESENTATION('',(#5870),#5874);
#5870 = LINE('',#5871,#5872);
#5871 = CARTESIAN_POINT('',(-6.28318530718,0.));
#5872 = VECTOR('',#5873,1.);
#5873 = DIRECTION('',(-0.,-1.));
#5874 = ( GEOMETRIC_REPRESENTATION_CONTEXT(2) 
PARAMETRIC_REPRESENTATION_CONTEXT() REPRESENTATION_CONTEXT('2D SPACE',''
  ) );
#5875 = ORIENTED_EDGE('',*,*,#5699,.F.);
#5876 = ORIENTED_EDGE('',*,*,#5807,.F.);
#5877 = ORIENTED_EDGE('',*,*,#5490,.T.);
#5878 = ORIENTED_EDGE('',*,*,#5879,.T.);
#5879 = EDGE_CURVE('',#5456,#5880,#5882,.T.);
#5880 = VERTEX_POINT('',#5881);
#5881 = CARTESIAN_POINT('',(-23.61728154514,-27.20125678442,
    32.064882008698));
#5882 = SEAM_CURVE('',#5883,(#5887,#5894),.PCURVE_S1.);
#5883 = LINE('',#5884,#5885);
#5884 = CARTESIAN_POINT('',(-33.61728154514,-27.20125678442,
    32.064882008698));
#5885 = VECTOR('',#5886,1.);
#5886 = DIRECTION('',(1.,0.,0.));
#5887 = PCURVE('',#5472,#5888);
#5888 = DEFINITIONAL_REPRESENTATION('',(#5889),#5893);
#5889 = LINE('',#5890,#5891);
#5890 = CARTESIAN_POINT('',(-0.,0.));
#5891 = VECTOR('',#5892,1.);
#5892 = DIRECTION('',(-0.,-1.));
#5893 = ( GEOMETRIC_REPRESENTATION_CONTEXT(2) 
PARAMETRIC_REPRESENTATION_CONTEXT() REPRESENTATION_CONTEXT('2D SPACE',''
  ) );
#5894 = PCURVE('',#5472,#5895);
#5895 = DEFINITIONAL_REPRESENTATION('',(#5896),#5900);
#5896 = LINE('',#5897,#5898);
#5897 = CARTESIAN_POINT('',(-6.28318530718,0.));
#5898 = VECTOR('',#5899,1.);
#5899 = DIRECTION('',(-0.,-1.));
#5900 = ( GEOMETRIC_REPRESENTATION_CONTEXT(2) 
PARAMETRIC_REPRESENTATION_CONTEXT() REPRESENTATION_CONTEXT('2D SPACE',''
  ) );
#5901 = ORIENTED_EDGE('',*,*,#5902,.T.);
#5902 = EDGE_CURVE('',#5880,#5880,#5903,.T.);
#5903 = SURFACE_CURVE('',#5904,(#5909,#5916),.PCURVE_S1.);
#5904 = CIRCLE('',#5905,1.5);
#5905 = AXIS2_PLACEMENT_3D('',#5906,#5907,#5908);
#5906 = CARTESIAN_POINT('',(-23.61728154514,-28.30977016025,
    31.054338543228));
#5907 = DIRECTION('',(1.,0.,-0.));
#5908 = DIRECTION('',(0.,0.739008917221,0.673695643647));
#5909 = PCURVE('',#5472,#5910);
#5910 = DEFINITIONAL_REPRESENTATION('',(#5911),#5915);
#5911 = LINE('',#5912,#5913);
#5912 = CARTESIAN_POINT('',(-0.,-10.));
#5913 = VECTOR('',#5914,1.);
#5914 = DIRECTION('',(-1.,0.));
#5915 = ( GEOMETRIC_REPRESENTATION_CONTEXT(2) 
PARAMETRIC_REPRESENTATION_CONTEXT() REPRESENTATION_CONTEXT('2D SPACE',''
  ) );
#5916 = PCURVE('',#5917,#5922);
#5917 = PLANE('',#5918);
#5918 = AXIS2_PLACEMENT_3D('',#5919,#5920,#5921);
#5919 = CARTESIAN_POINT('',(-23.61728154514,-28.30977016025,
    31.054338543228));
#5920 = DIRECTION('',(1.,0.,0.));
#5921 = DIRECTION('',(0.,-0.673695643647,0.739008917221));
#5922 = DEFINITIONAL_REPRESENTATION('',(#5923),#5927);
#5923 = CIRCLE('',#5924,1.5);
#5924 = AXIS2_PLACEMENT_2D('',#5925,#5926);
#5925 = CARTESIAN_POINT('',(0.,0.));
#5926 = DIRECTION('',(0.,-1.));
#5927 = ( GEOMETRIC_REPRESENTATION_CONTEXT(2) 
PARAMETRIC_REPRESENTATION_CONTEXT() REPRESENTATION_CONTEXT('2D SPACE',''
  ) );
#5928 = ORIENTED_EDGE('',*,*,#5879,.F.);
#5929 = ORIENTED_EDGE('',*,*,#5455,.T.);
#5930 = ADVANCED_FACE('',(#5931),#5444,.F.);
#5931 = FACE_BOUND('',#5932,.F.);
#5932 = EDGE_LOOP('',(#5933,#5955,#5956,#5957,#5958));
#5933 = ORIENTED_EDGE('',*,*,#5934,.T.);
#5934 = EDGE_CURVE('',#5645,#5832,#5935,.T.);
#5935 = SURFACE_CURVE('',#5936,(#5941,#5948),.PCURVE_S1.);
#5936 = CIRCLE('',#5937,1.5);
#5937 = AXIS2_PLACEMENT_3D('',#5938,#5939,#5940);
#5938 = CARTESIAN_POINT('',(-33.61728154514,-28.30977016025,
    31.054338543228));
#5939 = DIRECTION('',(1.,0.,-0.));
#5940 = DIRECTION('',(0.,0.739008917221,0.673695643647));
#5941 = PCURVE('',#5444,#5942);
#5942 = DEFINITIONAL_REPRESENTATION('',(#5943),#5947);
#5943 = CIRCLE('',#5944,1.5);
#5944 = AXIS2_PLACEMENT_2D('',#5945,#5946);
#5945 = CARTESIAN_POINT('',(0.,0.));
#5946 = DIRECTION('',(0.,-1.));
#5947 = ( GEOMETRIC_REPRESENTATION_CONTEXT(2) 
PARAMETRIC_REPRESENTATION_CONTEXT() REPRESENTATION_CONTEXT('2D SPACE',''
  ) );
#5948 = PCURVE('',#5682,#5949);
#5949 = DEFINITIONAL_REPRESENTATION('',(#5950),#5954);
#5950 = LINE('',#5951,#5952);
#5951 = CARTESIAN_POINT('',(-0.,0.));
#5952 = VECTOR('',#5953,1.);
#5953 = DIRECTION('',(-1.,0.));
#5954 = ( GEOMETRIC_REPRESENTATION_CONTEXT(2) 
PARAMETRIC_REPRESENTATION_CONTEXT() REPRESENTATION_CONTEXT('2D SPACE',''
  ) );
#5955 = ORIENTED_EDGE('',*,*,#5831,.T.);
#5956 = ORIENTED_EDGE('',*,*,#5429,.F.);
#5957 = ORIENTED_EDGE('',*,*,#5574,.T.);
#5958 = ORIENTED_EDGE('',*,*,#5644,.T.);
#5959 = ADVANCED_FACE('',(#5960),#5682,.T.);
#5960 = FACE_BOUND('',#5961,.F.);
#5961 = EDGE_LOOP('',(#5962,#5963,#5964));
#5962 = ORIENTED_EDGE('',*,*,#5934,.F.);
#5963 = ORIENTED_EDGE('',*,*,#5665,.F.);
#5964 = ORIENTED_EDGE('',*,*,#5855,.F.);
#5965 = ADVANCED_FACE('',(#5966),#5917,.T.);
#5966 = FACE_BOUND('',#5967,.T.);
#5967 = EDGE_LOOP('',(#5968));
#5968 = ORIENTED_EDGE('',*,*,#5902,.T.);
#5969 = MANIFOLD_SOLID_BREP('',#5970);
#5970 = CLOSED_SHELL('',(#5971,#6091,#6286,#6333,#6489,#6516,#6543,#6568
    ,#6671,#6700,#6706));
#5971 = ADVANCED_FACE('',(#5972),#5986,.F.);
#5972 = FACE_BOUND('',#5973,.F.);
#5973 = EDGE_LOOP('',(#5974,#6009,#6037,#6065));
#5974 = ORIENTED_EDGE('',*,*,#5975,.F.);
#5975 = EDGE_CURVE('',#5976,#5978,#5980,.T.);
#5976 = VERTEX_POINT('',#5977);
#5977 = CARTESIAN_POINT('',(-40.09559941781,-12.84838807917,
    2.479201539525));
#5978 = VERTEX_POINT('',#5979);
#5979 = CARTESIAN_POINT('',(-40.09559941781,-40.0748882156,
    16.036387721711));
#5980 = SURFACE_CURVE('',#5981,(#5985,#5997),.PCURVE_S1.);
#5981 = LINE('',#5982,#5983);
#5982 = CARTESIAN_POINT('',(-40.09559941781,-12.84838807917,
    2.479201539525));
#5983 = VECTOR('',#5984,1.);
#5984 = DIRECTION('',(0.,-0.895163291355,0.445738355777));
#5985 = PCURVE('',#5986,#5991);
#5986 = PLANE('',#5987);
#5987 = AXIS2_PLACEMENT_3D('',#5988,#5989,#5990);
#5988 = CARTESIAN_POINT('',(-40.09559941781,-12.84838807917,
    2.479201539525));
#5989 = DIRECTION('',(0.906307787037,0.188377169109,0.378312354167));
#5990 = DIRECTION('',(0.,-0.895163291355,0.445738355777));
#5991 = DEFINITIONAL_REPRESENTATION('',(#5992),#5996);
#5992 = LINE('',#5993,#5994);
#5993 = CARTESIAN_POINT('',(0.,0.));
#5994 = VECTOR('',#5995,1.);
#5995 = DIRECTION('',(1.,0.));
#5996 = ( GEOMETRIC_REPRESENTATION_CONTEXT(2) 
PARAMETRIC_REPRESENTATION_CONTEXT() REPRESENTATION_CONTEXT('2D SPACE',''
  ) );
#5997 = PCURVE('',#5998,#6003);
#5998 = PLANE('',#5999);
#5999 = AXIS2_PLACEMENT_3D('',#6000,#6001,#6002);
#6000 = CARTESIAN_POINT('',(-40.09559941781,-12.84838807917,
    2.479201539525));
#6001 = DIRECTION('',(-0.422618261741,0.403976142821,0.811293461624));
#6002 = DIRECTION('',(0.,-0.895163291355,0.445738355777));
#6003 = DEFINITIONAL_REPRESENTATION('',(#6004),#6008);
#6004 = LINE('',#6005,#6006);
#6005 = CARTESIAN_POINT('',(0.,0.));
#6006 = VECTOR('',#6007,1.);
#6007 = DIRECTION('',(1.,0.));
#6008 = ( GEOMETRIC_REPRESENTATION_CONTEXT(2) 
PARAMETRIC_REPRESENTATION_CONTEXT() REPRESENTATION_CONTEXT('2D SPACE',''
  ) );
#6009 = ORIENTED_EDGE('',*,*,#6010,.T.);
#6010 = EDGE_CURVE('',#5976,#6011,#6013,.T.);
#6011 = VERTEX_POINT('',#6012);
#6012 = CARTESIAN_POINT('',(-40.46854044145,-12.49189786124,
    3.195130408298));
#6013 = SURFACE_CURVE('',#6014,(#6018,#6025),.PCURVE_S1.);
#6014 = LINE('',#6015,#6016);
#6015 = CARTESIAN_POINT('',(-40.09559941781,-12.84838807917,
    2.479201539525));
#6016 = VECTOR('',#6017,1.);
#6017 = DIRECTION('',(-0.422618261741,0.403976142821,0.811293461624));
#6018 = PCURVE('',#5986,#6019);
#6019 = DEFINITIONAL_REPRESENTATION('',(#6020),#6024);
#6020 = LINE('',#6021,#6022);
#6021 = CARTESIAN_POINT('',(0.,0.));
#6022 = VECTOR('',#6023,1.);
#6023 = DIRECTION('',(0.,-1.));
#6024 = ( GEOMETRIC_REPRESENTATION_CONTEXT(2) 
PARAMETRIC_REPRESENTATION_CONTEXT() REPRESENTATION_CONTEXT('2D SPACE',''
  ) );
#6025 = PCURVE('',#6026,#6031);
#6026 = PLANE('',#6027);
#6027 = AXIS2_PLACEMENT_3D('',#6028,#6029,#6030);
#6028 = CARTESIAN_POINT('',(-40.09559941781,-12.84838807917,
    2.479201539525));
#6029 = DIRECTION('',(0.,-0.895163291355,0.445738355777));
#6030 = DIRECTION('',(0.906307787037,0.188377169109,0.378312354167));
#6031 = DEFINITIONAL_REPRESENTATION('',(#6032),#6036);
#6032 = LINE('',#6033,#6034);
#6033 = CARTESIAN_POINT('',(0.,0.));
#6034 = VECTOR('',#6035,1.);
#6035 = DIRECTION('',(5.551115123126E-17,1.));
#6036 = ( GEOMETRIC_REPRESENTATION_CONTEXT(2) 
PARAMETRIC_REPRESENTATION_CONTEXT() REPRESENTATION_CONTEXT('2D SPACE',''
  ) );
#6037 = ORIENTED_EDGE('',*,*,#6038,.T.);
#6038 = EDGE_CURVE('',#6011,#6039,#6041,.T.);
#6039 = VERTEX_POINT('',#6040);
#6040 = CARTESIAN_POINT('',(-40.46854044145,-39.71839799767,
    16.752316590485));
#6041 = SURFACE_CURVE('',#6042,(#6046,#6053),.PCURVE_S1.);
#6042 = LINE('',#6043,#6044);
#6043 = CARTESIAN_POINT('',(-40.46854044145,-12.49189786124,
    3.195130408298));
#6044 = VECTOR('',#6045,1.);
#6045 = DIRECTION('',(0.,-0.895163291355,0.445738355777));
#6046 = PCURVE('',#5986,#6047);
#6047 = DEFINITIONAL_REPRESENTATION('',(#6048),#6052);
#6048 = LINE('',#6049,#6050);
#6049 = CARTESIAN_POINT('',(1.110223024625E-16,-0.88245364056));
#6050 = VECTOR('',#6051,1.);
#6051 = DIRECTION('',(1.,0.));
#6052 = ( GEOMETRIC_REPRESENTATION_CONTEXT(2) 
PARAMETRIC_REPRESENTATION_CONTEXT() REPRESENTATION_CONTEXT('2D SPACE',''
  ) );
#6053 = PCURVE('',#6054,#6059);
#6054 = PLANE('',#6055);
#6055 = AXIS2_PLACEMENT_3D('',#6056,#6057,#6058);
#6056 = CARTESIAN_POINT('',(-40.46854044145,-12.49189786124,
    3.195130408298));
#6057 = DIRECTION('',(-0.422618261741,0.403976142821,0.811293461624));
#6058 = DIRECTION('',(0.,-0.895163291355,0.445738355777));
#6059 = DEFINITIONAL_REPRESENTATION('',(#6060),#6064);
#6060 = LINE('',#6061,#6062);
#6061 = CARTESIAN_POINT('',(0.,0.));
#6062 = VECTOR('',#6063,1.);
#6063 = DIRECTION('',(1.,0.));
#6064 = ( GEOMETRIC_REPRESENTATION_CONTEXT(2) 
PARAMETRIC_REPRESENTATION_CONTEXT() REPRESENTATION_CONTEXT('2D SPACE',''
  ) );
#6065 = ORIENTED_EDGE('',*,*,#6066,.F.);
#6066 = EDGE_CURVE('',#5978,#6039,#6067,.T.);
#6067 = SURFACE_CURVE('',#6068,(#6072,#6079),.PCURVE_S1.);
#6068 = LINE('',#6069,#6070);
#6069 = CARTESIAN_POINT('',(-40.09559941781,-40.0748882156,
    16.036387721711));
#6070 = VECTOR('',#6071,1.);
#6071 = DIRECTION('',(-0.422618261741,0.403976142821,0.811293461624));
#6072 = PCURVE('',#5986,#6073);
#6073 = DEFINITIONAL_REPRESENTATION('',(#6074),#6078);
#6074 = LINE('',#6075,#6076);
#6075 = CARTESIAN_POINT('',(30.415121352005,1.7763568394E-15));
#6076 = VECTOR('',#6077,1.);
#6077 = DIRECTION('',(0.,-1.));
#6078 = ( GEOMETRIC_REPRESENTATION_CONTEXT(2) 
PARAMETRIC_REPRESENTATION_CONTEXT() REPRESENTATION_CONTEXT('2D SPACE',''
  ) );
#6079 = PCURVE('',#6080,#6085);
#6080 = PLANE('',#6081);
#6081 = AXIS2_PLACEMENT_3D('',#6082,#6083,#6084);
#6082 = CARTESIAN_POINT('',(-40.09559941781,-40.0748882156,
    16.036387721711));
#6083 = DIRECTION('',(0.,-0.895163291355,0.445738355777));
#6084 = DIRECTION('',(0.906307787037,0.188377169109,0.378312354167));
#6085 = DEFINITIONAL_REPRESENTATION('',(#6086),#6090);
#6086 = LINE('',#6087,#6088);
#6087 = CARTESIAN_POINT('',(0.,0.));
#6088 = VECTOR('',#6089,1.);
#6089 = DIRECTION('',(5.551115123126E-17,1.));
#6090 = ( GEOMETRIC_REPRESENTATION_CONTEXT(2) 
PARAMETRIC_REPRESENTATION_CONTEXT() REPRESENTATION_CONTEXT('2D SPACE',''
  ) );
#6091 = ADVANCED_FACE('',(#6092),#5998,.F.);
#6092 = FACE_BOUND('',#6093,.F.);
#6093 = EDGE_LOOP('',(#6094,#6124,#6145,#6146,#6169,#6195,#6230,#6260));
#6094 = ORIENTED_EDGE('',*,*,#6095,.F.);
#6095 = EDGE_CURVE('',#6096,#6098,#6100,.T.);
#6096 = VERTEX_POINT('',#6097);
#6097 = CARTESIAN_POINT('',(-26.76602264884,-10.07781943452,
    8.043253442911));
#6098 = VERTEX_POINT('',#6099);
#6099 = CARTESIAN_POINT('',(-26.76602264884,-37.30431957095,
    21.600439625097));
#6100 = SURFACE_CURVE('',#6101,(#6105,#6112),.PCURVE_S1.);
#6101 = LINE('',#6102,#6103);
#6102 = CARTESIAN_POINT('',(-26.76602264884,-10.07781943452,
    8.043253442911));
#6103 = VECTOR('',#6104,1.);
#6104 = DIRECTION('',(0.,-0.895163291355,0.445738355777));
#6105 = PCURVE('',#5998,#6106);
#6106 = DEFINITIONAL_REPRESENTATION('',(#6107),#6111);
#6107 = LINE('',#6108,#6109);
#6108 = CARTESIAN_POINT('',(8.881784197001E-16,14.707560676003));
#6109 = VECTOR('',#6110,1.);
#6110 = DIRECTION('',(1.,0.));
#6111 = ( GEOMETRIC_REPRESENTATION_CONTEXT(2) 
PARAMETRIC_REPRESENTATION_CONTEXT() REPRESENTATION_CONTEXT('2D SPACE',''
  ) );
#6112 = PCURVE('',#6113,#6118);
#6113 = PLANE('',#6114);
#6114 = AXIS2_PLACEMENT_3D('',#6115,#6116,#6117);
#6115 = CARTESIAN_POINT('',(-26.76602264884,-10.07781943452,
    8.043253442911));
#6116 = DIRECTION('',(0.906307787037,0.188377169109,0.378312354167));
#6117 = DIRECTION('',(0.,-0.895163291355,0.445738355777));
#6118 = DEFINITIONAL_REPRESENTATION('',(#6119),#6123);
#6119 = LINE('',#6120,#6121);
#6120 = CARTESIAN_POINT('',(0.,0.));
#6121 = VECTOR('',#6122,1.);
#6122 = DIRECTION('',(1.,0.));
#6123 = ( GEOMETRIC_REPRESENTATION_CONTEXT(2) 
PARAMETRIC_REPRESENTATION_CONTEXT() REPRESENTATION_CONTEXT('2D SPACE',''
  ) );
#6124 = ORIENTED_EDGE('',*,*,#6125,.F.);
#6125 = EDGE_CURVE('',#5976,#6096,#6126,.T.);
#6126 = SURFACE_CURVE('',#6127,(#6131,#6138),.PCURVE_S1.);
#6127 = LINE('',#6128,#6129);
#6128 = CARTESIAN_POINT('',(-40.09559941781,-12.84838807917,
    2.479201539525));
#6129 = VECTOR('',#6130,1.);
#6130 = DIRECTION('',(0.906307787037,0.188377169109,0.378312354167));
#6131 = PCURVE('',#5998,#6132);
#6132 = DEFINITIONAL_REPRESENTATION('',(#6133),#6137);
#6133 = LINE('',#6134,#6135);
#6134 = CARTESIAN_POINT('',(0.,0.));
#6135 = VECTOR('',#6136,1.);
#6136 = DIRECTION('',(0.,1.));
#6137 = ( GEOMETRIC_REPRESENTATION_CONTEXT(2) 
PARAMETRIC_REPRESENTATION_CONTEXT() REPRESENTATION_CONTEXT('2D SPACE',''
  ) );
#6138 = PCURVE('',#6026,#6139);
#6139 = DEFINITIONAL_REPRESENTATION('',(#6140),#6144);
#6140 = LINE('',#6141,#6142);
#6141 = CARTESIAN_POINT('',(0.,0.));
#6142 = VECTOR('',#6143,1.);
#6143 = DIRECTION('',(1.,5.551115123126E-17));
#6144 = ( GEOMETRIC_REPRESENTATION_CONTEXT(2) 
PARAMETRIC_REPRESENTATION_CONTEXT() REPRESENTATION_CONTEXT('2D SPACE',''
  ) );
#6145 = ORIENTED_EDGE('',*,*,#5975,.T.);
#6146 = ORIENTED_EDGE('',*,*,#6147,.T.);
#6147 = EDGE_CURVE('',#5978,#6148,#6150,.T.);
#6148 = VERTEX_POINT('',#6149);
#6149 = CARTESIAN_POINT('',(-33.61728154514,-38.72836201457,
    18.740576873017));
#6150 = SURFACE_CURVE('',#6151,(#6155,#6162),.PCURVE_S1.);
#6151 = LINE('',#6152,#6153);
#6152 = CARTESIAN_POINT('',(-40.09559941781,-40.0748882156,
    16.036387721711));
#6153 = VECTOR('',#6154,1.);
#6154 = DIRECTION('',(0.906307787037,0.188377169109,0.378312354167));
#6155 = PCURVE('',#5998,#6156);
#6156 = DEFINITIONAL_REPRESENTATION('',(#6157),#6161);
#6157 = LINE('',#6158,#6159);
#6158 = CARTESIAN_POINT('',(30.415121352005,-8.881784197001E-16));
#6159 = VECTOR('',#6160,1.);
#6160 = DIRECTION('',(0.,1.));
#6161 = ( GEOMETRIC_REPRESENTATION_CONTEXT(2) 
PARAMETRIC_REPRESENTATION_CONTEXT() REPRESENTATION_CONTEXT('2D SPACE',''
  ) );
#6162 = PCURVE('',#6080,#6163);
#6163 = DEFINITIONAL_REPRESENTATION('',(#6164),#6168);
#6164 = LINE('',#6165,#6166);
#6165 = CARTESIAN_POINT('',(0.,0.));
#6166 = VECTOR('',#6167,1.);
#6167 = DIRECTION('',(1.,5.551115123126E-17));
#6168 = ( GEOMETRIC_REPRESENTATION_CONTEXT(2) 
PARAMETRIC_REPRESENTATION_CONTEXT() REPRESENTATION_CONTEXT('2D SPACE',''
  ) );
#6169 = ORIENTED_EDGE('',*,*,#6170,.T.);
#6170 = EDGE_CURVE('',#6148,#6171,#6173,.T.);
#6171 = VERTEX_POINT('',#6172);
#6172 = CARTESIAN_POINT('',(-33.61728154514,-36.56314311431,
    17.662425968242));
#6173 = SURFACE_CURVE('',#6174,(#6178,#6184),.PCURVE_S1.);
#6174 = LINE('',#6175,#6176);
#6175 = CARTESIAN_POINT('',(-33.61728154514,-24.66753030068,
    11.739114604035));
#6176 = VECTOR('',#6177,1.);
#6177 = DIRECTION('',(0.,0.895163291355,-0.445738355777));
#6178 = PCURVE('',#5998,#6179);
#6179 = DEFINITIONAL_REPRESENTATION('',(#6180),#6183);
#6180 = B_SPLINE_CURVE_WITH_KNOTS('',1,(#6181,#6182),.UNSPECIFIED.,.F.,
  .F.,(2,2),(-15.707560676,-13.207560676),.PIECEWISE_BEZIER_KNOTS.);
#6181 = CARTESIAN_POINT('',(30.415121352005,7.148032892721));
#6182 = CARTESIAN_POINT('',(27.915121352005,7.148032892721));
#6183 = ( GEOMETRIC_REPRESENTATION_CONTEXT(2) 
PARAMETRIC_REPRESENTATION_CONTEXT() REPRESENTATION_CONTEXT('2D SPACE',''
  ) );
#6184 = PCURVE('',#6185,#6190);
#6185 = PLANE('',#6186);
#6186 = AXIS2_PLACEMENT_3D('',#6187,#6188,#6189);
#6187 = CARTESIAN_POINT('',(-33.61728154514,-37.61619549295,
    18.730639752014));
#6188 = DIRECTION('',(1.,0.,0.));
#6189 = DIRECTION('',(0.,-0.895163291355,0.445738355777));
#6190 = DEFINITIONAL_REPRESENTATION('',(#6191),#6194);
#6191 = B_SPLINE_CURVE_WITH_KNOTS('',1,(#6192,#6193),.UNSPECIFIED.,.F.,
  .F.,(2,2),(-15.707560676,-13.207560676),.PIECEWISE_BEZIER_KNOTS.);
#6192 = CARTESIAN_POINT('',(1.,0.486839930751));
#6193 = CARTESIAN_POINT('',(-1.5,0.486839930751));
#6194 = ( GEOMETRIC_REPRESENTATION_CONTEXT(2) 
PARAMETRIC_REPRESENTATION_CONTEXT() REPRESENTATION_CONTEXT('2D SPACE',''
  ) );
#6195 = ORIENTED_EDGE('',*,*,#6196,.F.);
#6196 = EDGE_CURVE('',#6197,#6171,#6199,.T.);
#6197 = VERTEX_POINT('',#6198);
#6198 = CARTESIAN_POINT('',(-29.3564895637,-36.94758795929,
    20.073384689047));
#6199 = SURFACE_CURVE('',#6200,(#6205,#6212),.PCURVE_S1.);
#6200 = ELLIPSE('',#6201,3.549302374729,1.5);
#6201 = AXIS2_PLACEMENT_3D('',#6202,#6203,#6204);
#6202 = CARTESIAN_POINT('',(-32.57324994447,-37.61619549295,
    18.730639752014));
#6203 = DIRECTION('',(-0.422618261741,0.403976142821,0.811293461624));
#6204 = DIRECTION('',(-0.906307787037,-0.188377169109,-0.378312354167));
#6205 = PCURVE('',#5998,#6206);
#6206 = DEFINITIONAL_REPRESENTATION('',(#6207),#6211);
#6207 = ELLIPSE('',#6208,3.549302374729,1.5);
#6208 = AXIS2_PLACEMENT_2D('',#6209,#6210);
#6209 = CARTESIAN_POINT('',(29.415121352005,8.299994307606));
#6210 = DIRECTION('',(0.,-1.));
#6211 = ( GEOMETRIC_REPRESENTATION_CONTEXT(2) 
PARAMETRIC_REPRESENTATION_CONTEXT() REPRESENTATION_CONTEXT('2D SPACE',''
  ) );
#6212 = PCURVE('',#6213,#6218);
#6213 = CYLINDRICAL_SURFACE('',#6214,1.5);
#6214 = AXIS2_PLACEMENT_3D('',#6215,#6216,#6217);
#6215 = CARTESIAN_POINT('',(-33.61728154514,-37.61619549295,
    18.730639752014));
#6216 = DIRECTION('',(-1.,0.,-0.));
#6217 = DIRECTION('',(0.,0.445738355777,0.895163291355));
#6218 = DEFINITIONAL_REPRESENTATION('',(#6219),#6229);
#6219 = B_SPLINE_CURVE_WITH_KNOTS('',8,(#6220,#6221,#6222,#6223,#6224,
    #6225,#6226,#6227,#6228),.UNSPECIFIED.,.F.,.F.,(9,9),(3.14159265359,
    5.042935637106),.PIECEWISE_BEZIER_KNOTS.);
#6220 = CARTESIAN_POINT('',(-6.28318530718,-4.26079198144));
#6221 = CARTESIAN_POINT('',(-6.04551743424,-4.26079198144));
#6222 = CARTESIAN_POINT('',(-5.807849561301,-4.053131704452));
#6223 = CARTESIAN_POINT('',(-5.57018168836,-3.637818875013));
#6224 = CARTESIAN_POINT('',(-5.332513815423,-3.039844771423));
#6225 = CARTESIAN_POINT('',(-5.094845942481,-2.309344507443));
#6226 = CARTESIAN_POINT('',(-4.857178069543,-1.513664959139));
#6227 = CARTESIAN_POINT('',(-4.619510196603,-0.72313272222));
#6228 = CARTESIAN_POINT('',(-4.381842323664,5.999999999062E-07));
#6229 = ( GEOMETRIC_REPRESENTATION_CONTEXT(2) 
PARAMETRIC_REPRESENTATION_CONTEXT() REPRESENTATION_CONTEXT('2D SPACE',''
  ) );
#6230 = ORIENTED_EDGE('',*,*,#6231,.F.);
#6231 = EDGE_CURVE('',#6232,#6197,#6234,.T.);
#6232 = VERTEX_POINT('',#6233);
#6233 = CARTESIAN_POINT('',(-30.17561831823,-38.01300815246,
    20.177201093007));
#6234 = SURFACE_CURVE('',#6235,(#6240,#6247),.PCURVE_S1.);
#6235 = ELLIPSE('',#6236,3.549302374729,1.5);
#6236 = AXIS2_PLACEMENT_3D('',#6237,#6238,#6239);
#6237 = CARTESIAN_POINT('',(-32.57324994447,-37.61619549295,
    18.730639752014));
#6238 = DIRECTION('',(-0.422618261741,0.403976142821,0.811293461624));
#6239 = DIRECTION('',(-0.906307787037,-0.188377169109,-0.378312354167));
#6240 = PCURVE('',#5998,#6241);
#6241 = DEFINITIONAL_REPRESENTATION('',(#6242),#6246);
#6242 = ELLIPSE('',#6243,3.549302374729,1.5);
#6243 = AXIS2_PLACEMENT_2D('',#6244,#6245);
#6244 = CARTESIAN_POINT('',(29.415121352005,8.299994307606));
#6245 = DIRECTION('',(0.,-1.));
#6246 = ( GEOMETRIC_REPRESENTATION_CONTEXT(2) 
PARAMETRIC_REPRESENTATION_CONTEXT() REPRESENTATION_CONTEXT('2D SPACE',''
  ) );
#6247 = PCURVE('',#6213,#6248);
#6248 = DEFINITIONAL_REPRESENTATION('',(#6249),#6259);
#6249 = B_SPLINE_CURVE_WITH_KNOTS('',8,(#6250,#6251,#6252,#6253,#6254,
    #6255,#6256,#6257,#6258),.UNSPECIFIED.,.F.,.F.,(9,9),(1.240249670074
    ,3.14159265359),.PIECEWISE_BEZIER_KNOTS.);
#6250 = CARTESIAN_POINT('',(-1.901342983516,5.999999999062E-07));
#6251 = CARTESIAN_POINT('',(-1.663675110576,-0.72313272222));
#6252 = CARTESIAN_POINT('',(-1.426007237636,-1.513664959139));
#6253 = CARTESIAN_POINT('',(-1.188339364696,-2.309344507448));
#6254 = CARTESIAN_POINT('',(-0.950671491755,-3.039844771438));
#6255 = CARTESIAN_POINT('',(-0.713003618818,-3.637818875019));
#6256 = CARTESIAN_POINT('',(-0.475335745879,-4.053131704453));
#6257 = CARTESIAN_POINT('',(-0.237667872939,-4.26079198144));
#6258 = CARTESIAN_POINT('',(0.,-4.26079198144));
#6259 = ( GEOMETRIC_REPRESENTATION_CONTEXT(2) 
PARAMETRIC_REPRESENTATION_CONTEXT() REPRESENTATION_CONTEXT('2D SPACE',''
  ) );
#6260 = ORIENTED_EDGE('',*,*,#6261,.T.);
#6261 = EDGE_CURVE('',#6232,#6098,#6262,.T.);
#6262 = SURFACE_CURVE('',#6263,(#6267,#6274),.PCURVE_S1.);
#6263 = LINE('',#6264,#6265);
#6264 = CARTESIAN_POINT('',(-40.09559941781,-40.0748882156,
    16.036387721711));
#6265 = VECTOR('',#6266,1.);
#6266 = DIRECTION('',(0.906307787037,0.188377169109,0.378312354167));
#6267 = PCURVE('',#5998,#6268);
#6268 = DEFINITIONAL_REPRESENTATION('',(#6269),#6273);
#6269 = LINE('',#6270,#6271);
#6270 = CARTESIAN_POINT('',(30.415121352005,-8.881784197001E-16));
#6271 = VECTOR('',#6272,1.);
#6272 = DIRECTION('',(0.,1.));
#6273 = ( GEOMETRIC_REPRESENTATION_CONTEXT(2) 
PARAMETRIC_REPRESENTATION_CONTEXT() REPRESENTATION_CONTEXT('2D SPACE',''
  ) );
#6274 = PCURVE('',#6275,#6280);
#6275 = PLANE('',#6276);
#6276 = AXIS2_PLACEMENT_3D('',#6277,#6278,#6279);
#6277 = CARTESIAN_POINT('',(-40.09559941781,-40.0748882156,
    16.036387721711));
#6278 = DIRECTION('',(0.,-0.895163291355,0.445738355777));
#6279 = DIRECTION('',(0.906307787037,0.188377169109,0.378312354167));
#6280 = DEFINITIONAL_REPRESENTATION('',(#6281),#6285);
#6281 = LINE('',#6282,#6283);
#6282 = CARTESIAN_POINT('',(0.,0.));
#6283 = VECTOR('',#6284,1.);
#6284 = DIRECTION('',(1.,5.551115123126E-17));
#6285 = ( GEOMETRIC_REPRESENTATION_CONTEXT(2) 
PARAMETRIC_REPRESENTATION_CONTEXT() REPRESENTATION_CONTEXT('2D SPACE',''
  ) );
#6286 = ADVANCED_FACE('',(#6287),#6080,.T.);
#6287 = FACE_BOUND('',#6288,.T.);
#6288 = EDGE_LOOP('',(#6289,#6312,#6313,#6314));
#6289 = ORIENTED_EDGE('',*,*,#6290,.F.);
#6290 = EDGE_CURVE('',#6039,#6291,#6293,.T.);
#6291 = VERTEX_POINT('',#6292);
#6292 = CARTESIAN_POINT('',(-33.61728154514,-38.29435555405,
    19.612179342565));
#6293 = SURFACE_CURVE('',#6294,(#6298,#6305),.PCURVE_S1.);
#6294 = LINE('',#6295,#6296);
#6295 = CARTESIAN_POINT('',(-40.46854044145,-39.71839799767,
    16.752316590485));
#6296 = VECTOR('',#6297,1.);
#6297 = DIRECTION('',(0.906307787037,0.188377169109,0.378312354167));
#6298 = PCURVE('',#6080,#6299);
#6299 = DEFINITIONAL_REPRESENTATION('',(#6300),#6304);
#6300 = LINE('',#6301,#6302);
#6301 = CARTESIAN_POINT('',(-2.109423746788E-15,0.88245364056));
#6302 = VECTOR('',#6303,1.);
#6303 = DIRECTION('',(1.,5.551115123126E-17));
#6304 = ( GEOMETRIC_REPRESENTATION_CONTEXT(2) 
PARAMETRIC_REPRESENTATION_CONTEXT() REPRESENTATION_CONTEXT('2D SPACE',''
  ) );
#6305 = PCURVE('',#6054,#6306);
#6306 = DEFINITIONAL_REPRESENTATION('',(#6307),#6311);
#6307 = LINE('',#6308,#6309);
#6308 = CARTESIAN_POINT('',(30.415121352005,-1.7763568394E-15));
#6309 = VECTOR('',#6310,1.);
#6310 = DIRECTION('',(0.,1.));
#6311 = ( GEOMETRIC_REPRESENTATION_CONTEXT(2) 
PARAMETRIC_REPRESENTATION_CONTEXT() REPRESENTATION_CONTEXT('2D SPACE',''
  ) );
#6312 = ORIENTED_EDGE('',*,*,#6066,.F.);
#6313 = ORIENTED_EDGE('',*,*,#6147,.T.);
#6314 = ORIENTED_EDGE('',*,*,#6315,.T.);
#6315 = EDGE_CURVE('',#6148,#6291,#6316,.T.);
#6316 = SURFACE_CURVE('',#6317,(#6321,#6327),.PCURVE_S1.);
#6317 = LINE('',#6318,#6319);
#6318 = CARTESIAN_POINT('',(-33.61728154514,-39.29312349995,
    17.606382914751));
#6319 = VECTOR('',#6320,1.);
#6320 = DIRECTION('',(-0.,0.445738355777,0.895163291355));
#6321 = PCURVE('',#6080,#6322);
#6322 = DEFINITIONAL_REPRESENTATION('',(#6323),#6326);
#6323 = B_SPLINE_CURVE_WITH_KNOTS('',1,(#6324,#6325),.UNSPECIFIED.,.F.,
  .F.,(2,2),(1.267024652618,2.24070451412),.PIECEWISE_BEZIER_KNOTS.);
#6324 = CARTESIAN_POINT('',(7.148032892721,-2.22044604925E-16));
#6325 = CARTESIAN_POINT('',(7.559527783281,0.88245364056));
#6326 = ( GEOMETRIC_REPRESENTATION_CONTEXT(2) 
PARAMETRIC_REPRESENTATION_CONTEXT() REPRESENTATION_CONTEXT('2D SPACE',''
  ) );
#6327 = PCURVE('',#6185,#6328);
#6328 = DEFINITIONAL_REPRESENTATION('',(#6329),#6332);
#6329 = B_SPLINE_CURVE_WITH_KNOTS('',1,(#6330,#6331),.UNSPECIFIED.,.F.,
  .F.,(2,2),(1.267024652618,2.24070451412),.PIECEWISE_BEZIER_KNOTS.);
#6330 = CARTESIAN_POINT('',(1.,0.486839930751));
#6331 = CARTESIAN_POINT('',(1.,-0.486839930751));
#6332 = ( GEOMETRIC_REPRESENTATION_CONTEXT(2) 
PARAMETRIC_REPRESENTATION_CONTEXT() REPRESENTATION_CONTEXT('2D SPACE',''
  ) );
#6333 = ADVANCED_FACE('',(#6334),#6054,.T.);
#6334 = FACE_BOUND('',#6335,.T.);
#6335 = EDGE_LOOP('',(#6336,#6361,#6382,#6383,#6384,#6405,#6439,#6468));
#6336 = ORIENTED_EDGE('',*,*,#6337,.F.);
#6337 = EDGE_CURVE('',#6338,#6340,#6342,.T.);
#6338 = VERTEX_POINT('',#6339);
#6339 = CARTESIAN_POINT('',(-27.13896367248,-9.721329216596,
    8.759182311684));
#6340 = VERTEX_POINT('',#6341);
#6341 = CARTESIAN_POINT('',(-27.13896367248,-36.94782935302,
    22.316368493871));
#6342 = SURFACE_CURVE('',#6343,(#6347,#6354),.PCURVE_S1.);
#6343 = LINE('',#6344,#6345);
#6344 = CARTESIAN_POINT('',(-27.13896367248,-9.721329216596,
    8.759182311684));
#6345 = VECTOR('',#6346,1.);
#6346 = DIRECTION('',(0.,-0.895163291355,0.445738355777));
#6347 = PCURVE('',#6054,#6348);
#6348 = DEFINITIONAL_REPRESENTATION('',(#6349),#6353);
#6349 = LINE('',#6350,#6351);
#6350 = CARTESIAN_POINT('',(8.881784197001E-16,14.707560676003));
#6351 = VECTOR('',#6352,1.);
#6352 = DIRECTION('',(1.,0.));
#6353 = ( GEOMETRIC_REPRESENTATION_CONTEXT(2) 
PARAMETRIC_REPRESENTATION_CONTEXT() REPRESENTATION_CONTEXT('2D SPACE',''
  ) );
#6354 = PCURVE('',#6113,#6355);
#6355 = DEFINITIONAL_REPRESENTATION('',(#6356),#6360);
#6356 = LINE('',#6357,#6358);
#6357 = CARTESIAN_POINT('',(4.996003610813E-16,-0.88245364056));
#6358 = VECTOR('',#6359,1.);
#6359 = DIRECTION('',(1.,0.));
#6360 = ( GEOMETRIC_REPRESENTATION_CONTEXT(2) 
PARAMETRIC_REPRESENTATION_CONTEXT() REPRESENTATION_CONTEXT('2D SPACE',''
  ) );
#6361 = ORIENTED_EDGE('',*,*,#6362,.F.);
#6362 = EDGE_CURVE('',#6011,#6338,#6363,.T.);
#6363 = SURFACE_CURVE('',#6364,(#6368,#6375),.PCURVE_S1.);
#6364 = LINE('',#6365,#6366);
#6365 = CARTESIAN_POINT('',(-40.46854044145,-12.49189786124,
    3.195130408298));
#6366 = VECTOR('',#6367,1.);
#6367 = DIRECTION('',(0.906307787037,0.188377169109,0.378312354167));
#6368 = PCURVE('',#6054,#6369);
#6369 = DEFINITIONAL_REPRESENTATION('',(#6370),#6374);
#6370 = LINE('',#6371,#6372);
#6371 = CARTESIAN_POINT('',(0.,0.));
#6372 = VECTOR('',#6373,1.);
#6373 = DIRECTION('',(0.,1.));
#6374 = ( GEOMETRIC_REPRESENTATION_CONTEXT(2) 
PARAMETRIC_REPRESENTATION_CONTEXT() REPRESENTATION_CONTEXT('2D SPACE',''
  ) );
#6375 = PCURVE('',#6026,#6376);
#6376 = DEFINITIONAL_REPRESENTATION('',(#6377),#6381);
#6377 = LINE('',#6378,#6379);
#6378 = CARTESIAN_POINT('',(-2.442490654175E-15,0.88245364056));
#6379 = VECTOR('',#6380,1.);
#6380 = DIRECTION('',(1.,5.551115123126E-17));
#6381 = ( GEOMETRIC_REPRESENTATION_CONTEXT(2) 
PARAMETRIC_REPRESENTATION_CONTEXT() REPRESENTATION_CONTEXT('2D SPACE',''
  ) );
#6382 = ORIENTED_EDGE('',*,*,#6038,.T.);
#6383 = ORIENTED_EDGE('',*,*,#6290,.T.);
#6384 = ORIENTED_EDGE('',*,*,#6385,.T.);
#6385 = EDGE_CURVE('',#6291,#6386,#6388,.T.);
#6386 = VERTEX_POINT('',#6387);
#6387 = CARTESIAN_POINT('',(-33.61728154514,-36.12913665379,
    18.534028437791));
#6388 = SURFACE_CURVE('',#6389,(#6393,#6399),.PCURVE_S1.);
#6389 = LINE('',#6390,#6391);
#6390 = CARTESIAN_POINT('',(-33.61728154514,-24.23352384016,
    12.610717073584));
#6391 = VECTOR('',#6392,1.);
#6392 = DIRECTION('',(0.,0.895163291355,-0.445738355777));
#6393 = PCURVE('',#6054,#6394);
#6394 = DEFINITIONAL_REPRESENTATION('',(#6395),#6398);
#6395 = B_SPLINE_CURVE_WITH_KNOTS('',1,(#6396,#6397),.UNSPECIFIED.,.F.,
  .F.,(2,2),(-15.707560676,-13.207560676),.PIECEWISE_BEZIER_KNOTS.);
#6396 = CARTESIAN_POINT('',(30.415121352005,7.559527783281));
#6397 = CARTESIAN_POINT('',(27.915121352005,7.559527783281));
#6398 = ( GEOMETRIC_REPRESENTATION_CONTEXT(2) 
PARAMETRIC_REPRESENTATION_CONTEXT() REPRESENTATION_CONTEXT('2D SPACE',''
  ) );
#6399 = PCURVE('',#6185,#6400);
#6400 = DEFINITIONAL_REPRESENTATION('',(#6401),#6404);
#6401 = B_SPLINE_CURVE_WITH_KNOTS('',1,(#6402,#6403),.UNSPECIFIED.,.F.,
  .F.,(2,2),(-15.707560676,-13.207560676),.PIECEWISE_BEZIER_KNOTS.);
#6402 = CARTESIAN_POINT('',(1.,-0.486839930751));
#6403 = CARTESIAN_POINT('',(-1.5,-0.486839930751));
#6404 = ( GEOMETRIC_REPRESENTATION_CONTEXT(2) 
PARAMETRIC_REPRESENTATION_CONTEXT() REPRESENTATION_CONTEXT('2D SPACE',''
  ) );
#6405 = ORIENTED_EDGE('',*,*,#6406,.F.);
#6406 = EDGE_CURVE('',#6407,#6386,#6409,.T.);
#6407 = VERTEX_POINT('',#6408);
#6408 = CARTESIAN_POINT('',(-31.44455276506,-36.94758795929,
    20.073384689047));
#6409 = SURFACE_CURVE('',#6410,(#6415,#6422),.PCURVE_S1.);
#6410 = ELLIPSE('',#6411,3.549302374729,1.5);
#6411 = AXIS2_PLACEMENT_3D('',#6412,#6413,#6414);
#6412 = CARTESIAN_POINT('',(-34.66131314582,-37.61619549295,
    18.730639752014));
#6413 = DIRECTION('',(-0.422618261741,0.403976142821,0.811293461624));
#6414 = DIRECTION('',(-0.906307787037,-0.188377169109,-0.378312354167));
#6415 = PCURVE('',#6054,#6416);
#6416 = DEFINITIONAL_REPRESENTATION('',(#6417),#6421);
#6417 = ELLIPSE('',#6418,3.549302374729,1.5);
#6418 = AXIS2_PLACEMENT_2D('',#6419,#6420);
#6419 = CARTESIAN_POINT('',(29.415121352005,6.407566368396));
#6420 = DIRECTION('',(0.,-1.));
#6421 = ( GEOMETRIC_REPRESENTATION_CONTEXT(2) 
PARAMETRIC_REPRESENTATION_CONTEXT() REPRESENTATION_CONTEXT('2D SPACE',''
  ) );
#6422 = PCURVE('',#6423,#6428);
#6423 = CYLINDRICAL_SURFACE('',#6424,1.5);
#6424 = AXIS2_PLACEMENT_3D('',#6425,#6426,#6427);
#6425 = CARTESIAN_POINT('',(-33.61728154514,-37.61619549295,
    18.730639752014));
#6426 = DIRECTION('',(-1.,0.,-0.));
#6427 = DIRECTION('',(0.,0.445738355777,0.895163291355));
#6428 = DEFINITIONAL_REPRESENTATION('',(#6429),#6438);
#6429 = B_SPLINE_CURVE_WITH_KNOTS('',7,(#6430,#6431,#6432,#6433,#6434,
    #6435,#6436,#6437),.UNSPECIFIED.,.F.,.F.,(8,8),(3.14159265359,
    4.38184271806),.PIECEWISE_BEZIER_KNOTS.);
#6430 = CARTESIAN_POINT('',(-6.28318530718,-2.172728780088));
#6431 = CARTESIAN_POINT('',(-6.106006726541,-2.172728780088));
#6432 = CARTESIAN_POINT('',(-5.928828145902,-2.054916646473));
#6433 = CARTESIAN_POINT('',(-5.751649565263,-1.819297034843));
#6434 = CARTESIAN_POINT('',(-5.574470984625,-1.474912375583));
#6435 = CARTESIAN_POINT('',(-5.397292403986,-1.039936753646));
#6436 = CARTESIAN_POINT('',(-5.220113823348,-0.539086788624));
#6437 = CARTESIAN_POINT('',(-5.042935242709,5.999999999062E-07));
#6438 = ( GEOMETRIC_REPRESENTATION_CONTEXT(2) 
PARAMETRIC_REPRESENTATION_CONTEXT() REPRESENTATION_CONTEXT('2D SPACE',''
  ) );
#6439 = ORIENTED_EDGE('',*,*,#6440,.F.);
#6440 = EDGE_CURVE('',#6441,#6407,#6443,.T.);
#6441 = VERTEX_POINT('',#6442);
#6442 = CARTESIAN_POINT('',(-32.26368151958,-38.01300815246,
    20.177201093007));
#6443 = SURFACE_CURVE('',#6444,(#6449,#6456),.PCURVE_S1.);
#6444 = ELLIPSE('',#6445,3.549302374729,1.5);
#6445 = AXIS2_PLACEMENT_3D('',#6446,#6447,#6448);
#6446 = CARTESIAN_POINT('',(-34.66131314582,-37.61619549295,
    18.730639752014));
#6447 = DIRECTION('',(-0.422618261741,0.403976142821,0.811293461624));
#6448 = DIRECTION('',(-0.906307787037,-0.188377169109,-0.378312354167));
#6449 = PCURVE('',#6054,#6450);
#6450 = DEFINITIONAL_REPRESENTATION('',(#6451),#6455);
#6451 = ELLIPSE('',#6452,3.549302374729,1.5);
#6452 = AXIS2_PLACEMENT_2D('',#6453,#6454);
#6453 = CARTESIAN_POINT('',(29.415121352005,6.407566368396));
#6454 = DIRECTION('',(0.,-1.));
#6455 = ( GEOMETRIC_REPRESENTATION_CONTEXT(2) 
PARAMETRIC_REPRESENTATION_CONTEXT() REPRESENTATION_CONTEXT('2D SPACE',''
  ) );
#6456 = PCURVE('',#6213,#6457);
#6457 = DEFINITIONAL_REPRESENTATION('',(#6458),#6467);
#6458 = B_SPLINE_CURVE_WITH_KNOTS('',7,(#6459,#6460,#6461,#6462,#6463,
    #6464,#6465,#6466),.UNSPECIFIED.,.F.,.F.,(8,8),(1.901342589119,
    3.14159265359),.PIECEWISE_BEZIER_KNOTS.);
#6459 = CARTESIAN_POINT('',(-1.240250064471,5.999999999062E-07));
#6460 = CARTESIAN_POINT('',(-1.063071483832,-0.539086788624));
#6461 = CARTESIAN_POINT('',(-0.885892903193,-1.039936753646));
#6462 = CARTESIAN_POINT('',(-0.708714322555,-1.474912375583));
#6463 = CARTESIAN_POINT('',(-0.531535741916,-1.819297034843));
#6464 = CARTESIAN_POINT('',(-0.354357161277,-2.054916646473));
#6465 = CARTESIAN_POINT('',(-0.177178580639,-2.172728780088));
#6466 = CARTESIAN_POINT('',(0.,-2.172728780088));
#6467 = ( GEOMETRIC_REPRESENTATION_CONTEXT(2) 
PARAMETRIC_REPRESENTATION_CONTEXT() REPRESENTATION_CONTEXT('2D SPACE',''
  ) );
#6468 = ORIENTED_EDGE('',*,*,#6469,.T.);
#6469 = EDGE_CURVE('',#6441,#6340,#6470,.T.);
#6470 = SURFACE_CURVE('',#6471,(#6475,#6482),.PCURVE_S1.);
#6471 = LINE('',#6472,#6473);
#6472 = CARTESIAN_POINT('',(-40.46854044145,-39.71839799767,
    16.752316590485));
#6473 = VECTOR('',#6474,1.);
#6474 = DIRECTION('',(0.906307787037,0.188377169109,0.378312354167));
#6475 = PCURVE('',#6054,#6476);
#6476 = DEFINITIONAL_REPRESENTATION('',(#6477),#6481);
#6477 = LINE('',#6478,#6479);
#6478 = CARTESIAN_POINT('',(30.415121352005,-1.7763568394E-15));
#6479 = VECTOR('',#6480,1.);
#6480 = DIRECTION('',(0.,1.));
#6481 = ( GEOMETRIC_REPRESENTATION_CONTEXT(2) 
PARAMETRIC_REPRESENTATION_CONTEXT() REPRESENTATION_CONTEXT('2D SPACE',''
  ) );
#6482 = PCURVE('',#6275,#6483);
#6483 = DEFINITIONAL_REPRESENTATION('',(#6484),#6488);
#6484 = LINE('',#6485,#6486);
#6485 = CARTESIAN_POINT('',(-2.109423746788E-15,0.88245364056));
#6486 = VECTOR('',#6487,1.);
#6487 = DIRECTION('',(1.,5.551115123126E-17));
#6488 = ( GEOMETRIC_REPRESENTATION_CONTEXT(2) 
PARAMETRIC_REPRESENTATION_CONTEXT() REPRESENTATION_CONTEXT('2D SPACE',''
  ) );
#6489 = ADVANCED_FACE('',(#6490),#6026,.F.);
#6490 = FACE_BOUND('',#6491,.F.);
#6491 = EDGE_LOOP('',(#6492,#6493,#6494,#6515));
#6492 = ORIENTED_EDGE('',*,*,#6010,.F.);
#6493 = ORIENTED_EDGE('',*,*,#6125,.T.);
#6494 = ORIENTED_EDGE('',*,*,#6495,.T.);
#6495 = EDGE_CURVE('',#6096,#6338,#6496,.T.);
#6496 = SURFACE_CURVE('',#6497,(#6501,#6508),.PCURVE_S1.);
#6497 = LINE('',#6498,#6499);
#6498 = CARTESIAN_POINT('',(-26.76602264884,-10.07781943452,
    8.043253442911));
#6499 = VECTOR('',#6500,1.);
#6500 = DIRECTION('',(-0.422618261741,0.403976142821,0.811293461624));
#6501 = PCURVE('',#6026,#6502);
#6502 = DEFINITIONAL_REPRESENTATION('',(#6503),#6507);
#6503 = LINE('',#6504,#6505);
#6504 = CARTESIAN_POINT('',(14.707560676003,-8.881784197001E-16));
#6505 = VECTOR('',#6506,1.);
#6506 = DIRECTION('',(5.551115123126E-17,1.));
#6507 = ( GEOMETRIC_REPRESENTATION_CONTEXT(2) 
PARAMETRIC_REPRESENTATION_CONTEXT() REPRESENTATION_CONTEXT('2D SPACE',''
  ) );
#6508 = PCURVE('',#6113,#6509);
#6509 = DEFINITIONAL_REPRESENTATION('',(#6510),#6514);
#6510 = LINE('',#6511,#6512);
#6511 = CARTESIAN_POINT('',(0.,0.));
#6512 = VECTOR('',#6513,1.);
#6513 = DIRECTION('',(0.,-1.));
#6514 = ( GEOMETRIC_REPRESENTATION_CONTEXT(2) 
PARAMETRIC_REPRESENTATION_CONTEXT() REPRESENTATION_CONTEXT('2D SPACE',''
  ) );
#6515 = ORIENTED_EDGE('',*,*,#6362,.F.);
#6516 = ADVANCED_FACE('',(#6517),#6113,.T.);
#6517 = FACE_BOUND('',#6518,.T.);
#6518 = EDGE_LOOP('',(#6519,#6520,#6521,#6522));
#6519 = ORIENTED_EDGE('',*,*,#6095,.F.);
#6520 = ORIENTED_EDGE('',*,*,#6495,.T.);
#6521 = ORIENTED_EDGE('',*,*,#6337,.T.);
#6522 = ORIENTED_EDGE('',*,*,#6523,.F.);
#6523 = EDGE_CURVE('',#6098,#6340,#6524,.T.);
#6524 = SURFACE_CURVE('',#6525,(#6529,#6536),.PCURVE_S1.);
#6525 = LINE('',#6526,#6527);
#6526 = CARTESIAN_POINT('',(-26.76602264884,-37.30431957095,
    21.600439625097));
#6527 = VECTOR('',#6528,1.);
#6528 = DIRECTION('',(-0.422618261741,0.403976142821,0.811293461624));
#6529 = PCURVE('',#6113,#6530);
#6530 = DEFINITIONAL_REPRESENTATION('',(#6531),#6535);
#6531 = LINE('',#6532,#6533);
#6532 = CARTESIAN_POINT('',(30.415121352005,0.));
#6533 = VECTOR('',#6534,1.);
#6534 = DIRECTION('',(0.,-1.));
#6535 = ( GEOMETRIC_REPRESENTATION_CONTEXT(2) 
PARAMETRIC_REPRESENTATION_CONTEXT() REPRESENTATION_CONTEXT('2D SPACE',''
  ) );
#6536 = PCURVE('',#6275,#6537);
#6537 = DEFINITIONAL_REPRESENTATION('',(#6538),#6542);
#6538 = LINE('',#6539,#6540);
#6539 = CARTESIAN_POINT('',(14.707560676003,1.7763568394E-15));
#6540 = VECTOR('',#6541,1.);
#6541 = DIRECTION('',(5.551115123126E-17,1.));
#6542 = ( GEOMETRIC_REPRESENTATION_CONTEXT(2) 
PARAMETRIC_REPRESENTATION_CONTEXT() REPRESENTATION_CONTEXT('2D SPACE',''
  ) );
#6543 = ADVANCED_FACE('',(#6544),#6275,.T.);
#6544 = FACE_BOUND('',#6545,.T.);
#6545 = EDGE_LOOP('',(#6546,#6547,#6566,#6567));
#6546 = ORIENTED_EDGE('',*,*,#6469,.F.);
#6547 = ORIENTED_EDGE('',*,*,#6548,.F.);
#6548 = EDGE_CURVE('',#6232,#6441,#6549,.T.);
#6549 = SURFACE_CURVE('',#6550,(#6554,#6560),.PCURVE_S1.);
#6550 = LINE('',#6551,#6552);
#6551 = CARTESIAN_POINT('',(-33.61728154514,-38.01300815246,
    20.177201093007));
#6552 = VECTOR('',#6553,1.);
#6553 = DIRECTION('',(-1.,0.,-0.));
#6554 = PCURVE('',#6275,#6555);
#6555 = DEFINITIONAL_REPRESENTATION('',(#6556),#6559);
#6556 = B_SPLINE_CURVE_WITH_KNOTS('',1,(#6557,#6558),.UNSPECIFIED.,.F.,
  .F.,(2,2),(-3.65046954705,-1.144793705428),.PIECEWISE_BEZIER_KNOTS.);
#6557 = CARTESIAN_POINT('',(11.134730895726,-8.824536405598E-02));
#6558 = CARTESIAN_POINT('',(8.863817368674,0.970699004616));
#6559 = ( GEOMETRIC_REPRESENTATION_CONTEXT(2) 
PARAMETRIC_REPRESENTATION_CONTEXT() REPRESENTATION_CONTEXT('2D SPACE',''
  ) );
#6560 = PCURVE('',#6213,#6561);
#6561 = DEFINITIONAL_REPRESENTATION('',(#6562),#6565);
#6562 = B_SPLINE_CURVE_WITH_KNOTS('',1,(#6563,#6564),.UNSPECIFIED.,.F.,
  .F.,(2,2),(-3.65046954705,-1.144793705428),.PIECEWISE_BEZIER_KNOTS.);
#6563 = CARTESIAN_POINT('',(-0.729727656227,-3.65046954705));
#6564 = CARTESIAN_POINT('',(-0.729727656227,-1.144793705428));
#6565 = ( GEOMETRIC_REPRESENTATION_CONTEXT(2) 
PARAMETRIC_REPRESENTATION_CONTEXT() REPRESENTATION_CONTEXT('2D SPACE',''
  ) );
#6566 = ORIENTED_EDGE('',*,*,#6261,.T.);
#6567 = ORIENTED_EDGE('',*,*,#6523,.T.);
#6568 = ADVANCED_FACE('',(#6569),#6213,.T.);
#6569 = FACE_BOUND('',#6570,.F.);
#6570 = EDGE_LOOP('',(#6571,#6595,#6616,#6617,#6618,#6619,#6642,#6669,
    #6670));
#6571 = ORIENTED_EDGE('',*,*,#6572,.F.);
#6572 = EDGE_CURVE('',#6573,#6171,#6575,.T.);
#6573 = VERTEX_POINT('',#6574);
#6574 = CARTESIAN_POINT('',(-33.61728154514,-36.94758795929,
    20.073384689047));
#6575 = SURFACE_CURVE('',#6576,(#6581,#6588),.PCURVE_S1.);
#6576 = CIRCLE('',#6577,1.5);
#6577 = AXIS2_PLACEMENT_3D('',#6578,#6579,#6580);
#6578 = CARTESIAN_POINT('',(-33.61728154514,-37.61619549295,
    18.730639752014));
#6579 = DIRECTION('',(1.,0.,-0.));
#6580 = DIRECTION('',(0.,0.445738355777,0.895163291355));
#6581 = PCURVE('',#6213,#6582);
#6582 = DEFINITIONAL_REPRESENTATION('',(#6583),#6587);
#6583 = LINE('',#6584,#6585);
#6584 = CARTESIAN_POINT('',(-0.,0.));
#6585 = VECTOR('',#6586,1.);
#6586 = DIRECTION('',(-1.,0.));
#6587 = ( GEOMETRIC_REPRESENTATION_CONTEXT(2) 
PARAMETRIC_REPRESENTATION_CONTEXT() REPRESENTATION_CONTEXT('2D SPACE',''
  ) );
#6588 = PCURVE('',#6185,#6589);
#6589 = DEFINITIONAL_REPRESENTATION('',(#6590),#6594);
#6590 = CIRCLE('',#6591,1.5);
#6591 = AXIS2_PLACEMENT_2D('',#6592,#6593);
#6592 = CARTESIAN_POINT('',(0.,0.));
#6593 = DIRECTION('',(0.,-1.));
#6594 = ( GEOMETRIC_REPRESENTATION_CONTEXT(2) 
PARAMETRIC_REPRESENTATION_CONTEXT() REPRESENTATION_CONTEXT('2D SPACE',''
  ) );
#6595 = ORIENTED_EDGE('',*,*,#6596,.T.);
#6596 = EDGE_CURVE('',#6573,#6407,#6597,.T.);
#6597 = SURFACE_CURVE('',#6598,(#6602,#6609),.PCURVE_S1.);
#6598 = LINE('',#6599,#6600);
#6599 = CARTESIAN_POINT('',(-33.61728154514,-36.94758795929,
    20.073384689047));
#6600 = VECTOR('',#6601,1.);
#6601 = DIRECTION('',(1.,0.,0.));
#6602 = PCURVE('',#6213,#6603);
#6603 = DEFINITIONAL_REPRESENTATION('',(#6604),#6608);
#6604 = LINE('',#6605,#6606);
#6605 = CARTESIAN_POINT('',(-0.,0.));
#6606 = VECTOR('',#6607,1.);
#6607 = DIRECTION('',(-0.,-1.));
#6608 = ( GEOMETRIC_REPRESENTATION_CONTEXT(2) 
PARAMETRIC_REPRESENTATION_CONTEXT() REPRESENTATION_CONTEXT('2D SPACE',''
  ) );
#6609 = PCURVE('',#6423,#6610);
#6610 = DEFINITIONAL_REPRESENTATION('',(#6611),#6615);
#6611 = LINE('',#6612,#6613);
#6612 = CARTESIAN_POINT('',(-6.28318530718,0.));
#6613 = VECTOR('',#6614,1.);
#6614 = DIRECTION('',(-0.,-1.));
#6615 = ( GEOMETRIC_REPRESENTATION_CONTEXT(2) 
PARAMETRIC_REPRESENTATION_CONTEXT() REPRESENTATION_CONTEXT('2D SPACE',''
  ) );
#6616 = ORIENTED_EDGE('',*,*,#6440,.F.);
#6617 = ORIENTED_EDGE('',*,*,#6548,.F.);
#6618 = ORIENTED_EDGE('',*,*,#6231,.T.);
#6619 = ORIENTED_EDGE('',*,*,#6620,.T.);
#6620 = EDGE_CURVE('',#6197,#6621,#6623,.T.);
#6621 = VERTEX_POINT('',#6622);
#6622 = CARTESIAN_POINT('',(-23.61728154514,-36.94758795929,
    20.073384689047));
#6623 = SEAM_CURVE('',#6624,(#6628,#6635),.PCURVE_S1.);
#6624 = LINE('',#6625,#6626);
#6625 = CARTESIAN_POINT('',(-33.61728154514,-36.94758795929,
    20.073384689047));
#6626 = VECTOR('',#6627,1.);
#6627 = DIRECTION('',(1.,0.,0.));
#6628 = PCURVE('',#6213,#6629);
#6629 = DEFINITIONAL_REPRESENTATION('',(#6630),#6634);
#6630 = LINE('',#6631,#6632);
#6631 = CARTESIAN_POINT('',(-0.,0.));
#6632 = VECTOR('',#6633,1.);
#6633 = DIRECTION('',(-0.,-1.));
#6634 = ( GEOMETRIC_REPRESENTATION_CONTEXT(2) 
PARAMETRIC_REPRESENTATION_CONTEXT() REPRESENTATION_CONTEXT('2D SPACE',''
  ) );
#6635 = PCURVE('',#6213,#6636);
#6636 = DEFINITIONAL_REPRESENTATION('',(#6637),#6641);
#6637 = LINE('',#6638,#6639);
#6638 = CARTESIAN_POINT('',(-6.28318530718,0.));
#6639 = VECTOR('',#6640,1.);
#6640 = DIRECTION('',(-0.,-1.));
#6641 = ( GEOMETRIC_REPRESENTATION_CONTEXT(2) 
PARAMETRIC_REPRESENTATION_CONTEXT() REPRESENTATION_CONTEXT('2D SPACE',''
  ) );
#6642 = ORIENTED_EDGE('',*,*,#6643,.T.);
#6643 = EDGE_CURVE('',#6621,#6621,#6644,.T.);
#6644 = SURFACE_CURVE('',#6645,(#6650,#6657),.PCURVE_S1.);
#6645 = CIRCLE('',#6646,1.5);
#6646 = AXIS2_PLACEMENT_3D('',#6647,#6648,#6649);
#6647 = CARTESIAN_POINT('',(-23.61728154514,-37.61619549295,
    18.730639752014));
#6648 = DIRECTION('',(1.,0.,-0.));
#6649 = DIRECTION('',(0.,0.445738355777,0.895163291355));
#6650 = PCURVE('',#6213,#6651);
#6651 = DEFINITIONAL_REPRESENTATION('',(#6652),#6656);
#6652 = LINE('',#6653,#6654);
#6653 = CARTESIAN_POINT('',(-0.,-10.));
#6654 = VECTOR('',#6655,1.);
#6655 = DIRECTION('',(-1.,0.));
#6656 = ( GEOMETRIC_REPRESENTATION_CONTEXT(2) 
PARAMETRIC_REPRESENTATION_CONTEXT() REPRESENTATION_CONTEXT('2D SPACE',''
  ) );
#6657 = PCURVE('',#6658,#6663);
#6658 = PLANE('',#6659);
#6659 = AXIS2_PLACEMENT_3D('',#6660,#6661,#6662);
#6660 = CARTESIAN_POINT('',(-23.61728154514,-37.61619549295,
    18.730639752014));
#6661 = DIRECTION('',(1.,0.,0.));
#6662 = DIRECTION('',(0.,-0.895163291355,0.445738355777));
#6663 = DEFINITIONAL_REPRESENTATION('',(#6664),#6668);
#6664 = CIRCLE('',#6665,1.5);
#6665 = AXIS2_PLACEMENT_2D('',#6666,#6667);
#6666 = CARTESIAN_POINT('',(0.,0.));
#6667 = DIRECTION('',(0.,-1.));
#6668 = ( GEOMETRIC_REPRESENTATION_CONTEXT(2) 
PARAMETRIC_REPRESENTATION_CONTEXT() REPRESENTATION_CONTEXT('2D SPACE',''
  ) );
#6669 = ORIENTED_EDGE('',*,*,#6620,.F.);
#6670 = ORIENTED_EDGE('',*,*,#6196,.T.);
#6671 = ADVANCED_FACE('',(#6672),#6185,.F.);
#6672 = FACE_BOUND('',#6673,.F.);
#6673 = EDGE_LOOP('',(#6674,#6696,#6697,#6698,#6699));
#6674 = ORIENTED_EDGE('',*,*,#6675,.T.);
#6675 = EDGE_CURVE('',#6386,#6573,#6676,.T.);
#6676 = SURFACE_CURVE('',#6677,(#6682,#6689),.PCURVE_S1.);
#6677 = CIRCLE('',#6678,1.5);
#6678 = AXIS2_PLACEMENT_3D('',#6679,#6680,#6681);
#6679 = CARTESIAN_POINT('',(-33.61728154514,-37.61619549295,
    18.730639752014));
#6680 = DIRECTION('',(1.,0.,-0.));
#6681 = DIRECTION('',(0.,0.445738355777,0.895163291355));
#6682 = PCURVE('',#6185,#6683);
#6683 = DEFINITIONAL_REPRESENTATION('',(#6684),#6688);
#6684 = CIRCLE('',#6685,1.5);
#6685 = AXIS2_PLACEMENT_2D('',#6686,#6687);
#6686 = CARTESIAN_POINT('',(0.,0.));
#6687 = DIRECTION('',(0.,-1.));
#6688 = ( GEOMETRIC_REPRESENTATION_CONTEXT(2) 
PARAMETRIC_REPRESENTATION_CONTEXT() REPRESENTATION_CONTEXT('2D SPACE',''
  ) );
#6689 = PCURVE('',#6423,#6690);
#6690 = DEFINITIONAL_REPRESENTATION('',(#6691),#6695);
#6691 = LINE('',#6692,#6693);
#6692 = CARTESIAN_POINT('',(-0.,0.));
#6693 = VECTOR('',#6694,1.);
#6694 = DIRECTION('',(-1.,0.));
#6695 = ( GEOMETRIC_REPRESENTATION_CONTEXT(2) 
PARAMETRIC_REPRESENTATION_CONTEXT() REPRESENTATION_CONTEXT('2D SPACE',''
  ) );
#6696 = ORIENTED_EDGE('',*,*,#6572,.T.);
#6697 = ORIENTED_EDGE('',*,*,#6170,.F.);
#6698 = ORIENTED_EDGE('',*,*,#6315,.T.);
#6699 = ORIENTED_EDGE('',*,*,#6385,.T.);
#6700 = ADVANCED_FACE('',(#6701),#6423,.T.);
#6701 = FACE_BOUND('',#6702,.F.);
#6702 = EDGE_LOOP('',(#6703,#6704,#6705));
#6703 = ORIENTED_EDGE('',*,*,#6675,.F.);
#6704 = ORIENTED_EDGE('',*,*,#6406,.F.);
#6705 = ORIENTED_EDGE('',*,*,#6596,.F.);
#6706 = ADVANCED_FACE('',(#6707),#6658,.T.);
#6707 = FACE_BOUND('',#6708,.T.);
#6708 = EDGE_LOOP('',(#6709));
#6709 = ORIENTED_EDGE('',*,*,#6643,.T.);
#6710 = MANIFOLD_SOLID_BREP('',#6711);
#6711 = CLOSED_SHELL('',(#6712,#6832,#7027,#7074,#7230,#7257,#7284,#7309
    ,#7412,#7441,#7447));
#6712 = ADVANCED_FACE('',(#6713),#6727,.F.);
#6713 = FACE_BOUND('',#6714,.F.);
#6714 = EDGE_LOOP('',(#6715,#6750,#6778,#6806));
#6715 = ORIENTED_EDGE('',*,*,#6716,.F.);
#6716 = EDGE_CURVE('',#6717,#6719,#6721,.T.);
#6717 = VERTEX_POINT('',#6718);
#6718 = CARTESIAN_POINT('',(-40.09559941781,-12.87635597139,
    -2.329586530838));
#6719 = VERTEX_POINT('',#6720);
#6720 = CARTESIAN_POINT('',(-40.09559941781,-43.16173177774,
    0.476766819189));
#6721 = SURFACE_CURVE('',#6722,(#6726,#6738),.PCURVE_S1.);
#6722 = LINE('',#6723,#6724);
#6723 = CARTESIAN_POINT('',(-40.09559941781,-12.87635597139,
    -2.329586530838));
#6724 = VECTOR('',#6725,1.);
#6725 = DIRECTION('',(0.,-0.995734176295,9.22683594633E-02));
#6726 = PCURVE('',#6727,#6732);
#6727 = PLANE('',#6728);
#6728 = AXIS2_PLACEMENT_3D('',#6729,#6730,#6731);
#6729 = CARTESIAN_POINT('',(-40.09559941781,-12.87635597139,
    -2.329586530838));
#6730 = DIRECTION('',(0.906307787037,3.899429369005E-02,0.420815446742)
  );
#6731 = DIRECTION('',(0.,-0.995734176295,9.22683594633E-02));
#6732 = DEFINITIONAL_REPRESENTATION('',(#6733),#6737);
#6733 = LINE('',#6734,#6735);
#6734 = CARTESIAN_POINT('',(0.,0.));
#6735 = VECTOR('',#6736,1.);
#6736 = DIRECTION('',(1.,0.));
#6737 = ( GEOMETRIC_REPRESENTATION_CONTEXT(2) 
PARAMETRIC_REPRESENTATION_CONTEXT() REPRESENTATION_CONTEXT('2D SPACE',''
  ) );
#6738 = PCURVE('',#6739,#6744);
#6739 = PLANE('',#6740);
#6740 = AXIS2_PLACEMENT_3D('',#6741,#6742,#6743);
#6741 = CARTESIAN_POINT('',(-40.09559941781,-12.87635597139,
    -2.329586530838));
#6742 = DIRECTION('',(-0.422618261741,8.362353267869E-02,0.902441637795)
  );
#6743 = DIRECTION('',(0.,-0.995734176295,9.22683594633E-02));
#6744 = DEFINITIONAL_REPRESENTATION('',(#6745),#6749);
#6745 = LINE('',#6746,#6747);
#6746 = CARTESIAN_POINT('',(0.,0.));
#6747 = VECTOR('',#6748,1.);
#6748 = DIRECTION('',(1.,0.));
#6749 = ( GEOMETRIC_REPRESENTATION_CONTEXT(2) 
PARAMETRIC_REPRESENTATION_CONTEXT() REPRESENTATION_CONTEXT('2D SPACE',''
  ) );
#6750 = ORIENTED_EDGE('',*,*,#6751,.T.);
#6751 = EDGE_CURVE('',#6717,#6752,#6754,.T.);
#6752 = VERTEX_POINT('',#6753);
#6753 = CARTESIAN_POINT('',(-40.46854044145,-12.80256208054,
    -1.533223622173));
#6754 = SURFACE_CURVE('',#6755,(#6759,#6766),.PCURVE_S1.);
#6755 = LINE('',#6756,#6757);
#6756 = CARTESIAN_POINT('',(-40.09559941781,-12.87635597139,
    -2.329586530838));
#6757 = VECTOR('',#6758,1.);
#6758 = DIRECTION('',(-0.422618261741,8.362353267869E-02,0.902441637795)
  );
#6759 = PCURVE('',#6727,#6760);
#6760 = DEFINITIONAL_REPRESENTATION('',(#6761),#6765);
#6761 = LINE('',#6762,#6763);
#6762 = CARTESIAN_POINT('',(0.,0.));
#6763 = VECTOR('',#6764,1.);
#6764 = DIRECTION('',(0.,-1.));
#6765 = ( GEOMETRIC_REPRESENTATION_CONTEXT(2) 
PARAMETRIC_REPRESENTATION_CONTEXT() REPRESENTATION_CONTEXT('2D SPACE',''
  ) );
#6766 = PCURVE('',#6767,#6772);
#6767 = PLANE('',#6768);
#6768 = AXIS2_PLACEMENT_3D('',#6769,#6770,#6771);
#6769 = CARTESIAN_POINT('',(-40.09559941781,-12.87635597139,
    -2.329586530838));
#6770 = DIRECTION('',(0.,-0.995734176295,9.22683594633E-02));
#6771 = DIRECTION('',(0.906307787037,3.899429369005E-02,0.420815446742)
  );
#6772 = DEFINITIONAL_REPRESENTATION('',(#6773),#6777);
#6773 = LINE('',#6774,#6775);
#6774 = CARTESIAN_POINT('',(0.,0.));
#6775 = VECTOR('',#6776,1.);
#6776 = DIRECTION('',(-5.551115123126E-17,1.));
#6777 = ( GEOMETRIC_REPRESENTATION_CONTEXT(2) 
PARAMETRIC_REPRESENTATION_CONTEXT() REPRESENTATION_CONTEXT('2D SPACE',''
  ) );
#6778 = ORIENTED_EDGE('',*,*,#6779,.T.);
#6779 = EDGE_CURVE('',#6752,#6780,#6782,.T.);
#6780 = VERTEX_POINT('',#6781);
#6781 = CARTESIAN_POINT('',(-40.46854044145,-43.08793788689,
    1.273129727854));
#6782 = SURFACE_CURVE('',#6783,(#6787,#6794),.PCURVE_S1.);
#6783 = LINE('',#6784,#6785);
#6784 = CARTESIAN_POINT('',(-40.46854044145,-12.80256208054,
    -1.533223622173));
#6785 = VECTOR('',#6786,1.);
#6786 = DIRECTION('',(0.,-0.995734176295,9.22683594633E-02));
#6787 = PCURVE('',#6727,#6788);
#6788 = DEFINITIONAL_REPRESENTATION('',(#6789),#6793);
#6789 = LINE('',#6790,#6791);
#6790 = CARTESIAN_POINT('',(-1.262878690511E-15,-0.88245364056));
#6791 = VECTOR('',#6792,1.);
#6792 = DIRECTION('',(1.,0.));
#6793 = ( GEOMETRIC_REPRESENTATION_CONTEXT(2) 
PARAMETRIC_REPRESENTATION_CONTEXT() REPRESENTATION_CONTEXT('2D SPACE',''
  ) );
#6794 = PCURVE('',#6795,#6800);
#6795 = PLANE('',#6796);
#6796 = AXIS2_PLACEMENT_3D('',#6797,#6798,#6799);
#6797 = CARTESIAN_POINT('',(-40.46854044145,-12.80256208054,
    -1.533223622173));
#6798 = DIRECTION('',(-0.422618261741,8.362353267869E-02,0.902441637795)
  );
#6799 = DIRECTION('',(0.,-0.995734176295,9.22683594633E-02));
#6800 = DEFINITIONAL_REPRESENTATION('',(#6801),#6805);
#6801 = LINE('',#6802,#6803);
#6802 = CARTESIAN_POINT('',(0.,0.));
#6803 = VECTOR('',#6804,1.);
#6804 = DIRECTION('',(1.,0.));
#6805 = ( GEOMETRIC_REPRESENTATION_CONTEXT(2) 
PARAMETRIC_REPRESENTATION_CONTEXT() REPRESENTATION_CONTEXT('2D SPACE',''
  ) );
#6806 = ORIENTED_EDGE('',*,*,#6807,.F.);
#6807 = EDGE_CURVE('',#6719,#6780,#6808,.T.);
#6808 = SURFACE_CURVE('',#6809,(#6813,#6820),.PCURVE_S1.);
#6809 = LINE('',#6810,#6811);
#6810 = CARTESIAN_POINT('',(-40.09559941781,-43.16173177774,
    0.476766819189));
#6811 = VECTOR('',#6812,1.);
#6812 = DIRECTION('',(-0.422618261741,8.362353267869E-02,0.902441637795)
  );
#6813 = PCURVE('',#6727,#6814);
#6814 = DEFINITIONAL_REPRESENTATION('',(#6815),#6819);
#6815 = LINE('',#6816,#6817);
#6816 = CARTESIAN_POINT('',(30.415121352005,4.440892098501E-16));
#6817 = VECTOR('',#6818,1.);
#6818 = DIRECTION('',(0.,-1.));
#6819 = ( GEOMETRIC_REPRESENTATION_CONTEXT(2) 
PARAMETRIC_REPRESENTATION_CONTEXT() REPRESENTATION_CONTEXT('2D SPACE',''
  ) );
#6820 = PCURVE('',#6821,#6826);
#6821 = PLANE('',#6822);
#6822 = AXIS2_PLACEMENT_3D('',#6823,#6824,#6825);
#6823 = CARTESIAN_POINT('',(-40.09559941781,-43.16173177774,
    0.476766819189));
#6824 = DIRECTION('',(0.,-0.995734176295,9.22683594633E-02));
#6825 = DIRECTION('',(0.906307787037,3.899429369005E-02,0.420815446742)
  );
#6826 = DEFINITIONAL_REPRESENTATION('',(#6827),#6831);
#6827 = LINE('',#6828,#6829);
#6828 = CARTESIAN_POINT('',(0.,0.));
#6829 = VECTOR('',#6830,1.);
#6830 = DIRECTION('',(-5.551115123126E-17,1.));
#6831 = ( GEOMETRIC_REPRESENTATION_CONTEXT(2) 
PARAMETRIC_REPRESENTATION_CONTEXT() REPRESENTATION_CONTEXT('2D SPACE',''
  ) );
#6832 = ADVANCED_FACE('',(#6833),#6739,.F.);
#6833 = FACE_BOUND('',#6834,.F.);
#6834 = EDGE_LOOP('',(#6835,#6865,#6886,#6887,#6910,#6936,#6971,#7001));
#6835 = ORIENTED_EDGE('',*,*,#6836,.F.);
#6836 = EDGE_CURVE('',#6837,#6839,#6841,.T.);
#6837 = VERTEX_POINT('',#6838);
#6838 = CARTESIAN_POINT('',(-26.76602264884,-12.30284503093,
    3.859582185513));
#6839 = VERTEX_POINT('',#6840);
#6840 = CARTESIAN_POINT('',(-26.76602264884,-42.58822083728,
    6.66593553554));
#6841 = SURFACE_CURVE('',#6842,(#6846,#6853),.PCURVE_S1.);
#6842 = LINE('',#6843,#6844);
#6843 = CARTESIAN_POINT('',(-26.76602264884,-12.30284503093,
    3.859582185513));
#6844 = VECTOR('',#6845,1.);
#6845 = DIRECTION('',(0.,-0.995734176295,9.22683594633E-02));
#6846 = PCURVE('',#6739,#6847);
#6847 = DEFINITIONAL_REPRESENTATION('',(#6848),#6852);
#6848 = LINE('',#6849,#6850);
#6849 = CARTESIAN_POINT('',(4.440892098501E-16,14.707560676003));
#6850 = VECTOR('',#6851,1.);
#6851 = DIRECTION('',(1.,0.));
#6852 = ( GEOMETRIC_REPRESENTATION_CONTEXT(2) 
PARAMETRIC_REPRESENTATION_CONTEXT() REPRESENTATION_CONTEXT('2D SPACE',''
  ) );
#6853 = PCURVE('',#6854,#6859);
#6854 = PLANE('',#6855);
#6855 = AXIS2_PLACEMENT_3D('',#6856,#6857,#6858);
#6856 = CARTESIAN_POINT('',(-26.76602264884,-12.30284503093,
    3.859582185513));
#6857 = DIRECTION('',(0.906307787037,3.899429369005E-02,0.420815446742)
  );
#6858 = DIRECTION('',(0.,-0.995734176295,9.22683594633E-02));
#6859 = DEFINITIONAL_REPRESENTATION('',(#6860),#6864);
#6860 = LINE('',#6861,#6862);
#6861 = CARTESIAN_POINT('',(0.,0.));
#6862 = VECTOR('',#6863,1.);
#6863 = DIRECTION('',(1.,0.));
#6864 = ( GEOMETRIC_REPRESENTATION_CONTEXT(2) 
PARAMETRIC_REPRESENTATION_CONTEXT() REPRESENTATION_CONTEXT('2D SPACE',''
  ) );
#6865 = ORIENTED_EDGE('',*,*,#6866,.F.);
#6866 = EDGE_CURVE('',#6717,#6837,#6867,.T.);
#6867 = SURFACE_CURVE('',#6868,(#6872,#6879),.PCURVE_S1.);
#6868 = LINE('',#6869,#6870);
#6869 = CARTESIAN_POINT('',(-40.09559941781,-12.87635597139,
    -2.329586530838));
#6870 = VECTOR('',#6871,1.);
#6871 = DIRECTION('',(0.906307787037,3.899429369005E-02,0.420815446742)
  );
#6872 = PCURVE('',#6739,#6873);
#6873 = DEFINITIONAL_REPRESENTATION('',(#6874),#6878);
#6874 = LINE('',#6875,#6876);
#6875 = CARTESIAN_POINT('',(0.,0.));
#6876 = VECTOR('',#6877,1.);
#6877 = DIRECTION('',(-6.938893903907E-18,1.));
#6878 = ( GEOMETRIC_REPRESENTATION_CONTEXT(2) 
PARAMETRIC_REPRESENTATION_CONTEXT() REPRESENTATION_CONTEXT('2D SPACE',''
  ) );
#6879 = PCURVE('',#6767,#6880);
#6880 = DEFINITIONAL_REPRESENTATION('',(#6881),#6885);
#6881 = LINE('',#6882,#6883);
#6882 = CARTESIAN_POINT('',(0.,0.));
#6883 = VECTOR('',#6884,1.);
#6884 = DIRECTION('',(1.,-5.551115123126E-17));
#6885 = ( GEOMETRIC_REPRESENTATION_CONTEXT(2) 
PARAMETRIC_REPRESENTATION_CONTEXT() REPRESENTATION_CONTEXT('2D SPACE',''
  ) );
#6886 = ORIENTED_EDGE('',*,*,#6716,.T.);
#6887 = ORIENTED_EDGE('',*,*,#6888,.T.);
#6888 = EDGE_CURVE('',#6719,#6889,#6891,.T.);
#6889 = VERTEX_POINT('',#6890);
#6890 = CARTESIAN_POINT('',(-33.61728154514,-42.88299928382,
    3.484769474263));
#6891 = SURFACE_CURVE('',#6892,(#6896,#6903),.PCURVE_S1.);
#6892 = LINE('',#6893,#6894);
#6893 = CARTESIAN_POINT('',(-40.09559941781,-43.16173177774,
    0.476766819189));
#6894 = VECTOR('',#6895,1.);
#6895 = DIRECTION('',(0.906307787037,3.899429369005E-02,0.420815446742)
  );
#6896 = PCURVE('',#6739,#6897);
#6897 = DEFINITIONAL_REPRESENTATION('',(#6898),#6902);
#6898 = LINE('',#6899,#6900);
#6899 = CARTESIAN_POINT('',(30.415121352005,2.22044604925E-16));
#6900 = VECTOR('',#6901,1.);
#6901 = DIRECTION('',(-6.938893903907E-18,1.));
#6902 = ( GEOMETRIC_REPRESENTATION_CONTEXT(2) 
PARAMETRIC_REPRESENTATION_CONTEXT() REPRESENTATION_CONTEXT('2D SPACE',''
  ) );
#6903 = PCURVE('',#6821,#6904);
#6904 = DEFINITIONAL_REPRESENTATION('',(#6905),#6909);
#6905 = LINE('',#6906,#6907);
#6906 = CARTESIAN_POINT('',(0.,0.));
#6907 = VECTOR('',#6908,1.);
#6908 = DIRECTION('',(1.,-5.551115123126E-17));
#6909 = ( GEOMETRIC_REPRESENTATION_CONTEXT(2) 
PARAMETRIC_REPRESENTATION_CONTEXT() REPRESENTATION_CONTEXT('2D SPACE',''
  ) );
#6910 = ORIENTED_EDGE('',*,*,#6911,.T.);
#6911 = EDGE_CURVE('',#6889,#6912,#6914,.T.);
#6912 = VERTEX_POINT('',#6913);
#6913 = CARTESIAN_POINT('',(-33.61728154514,-40.47451975951,
    3.261590979641));
#6914 = SURFACE_CURVE('',#6915,(#6919,#6925),.PCURVE_S1.);
#6915 = LINE('',#6916,#6917);
#6916 = CARTESIAN_POINT('',(-33.61728154514,-27.24244429249,
    2.035458619518));
#6917 = VECTOR('',#6918,1.);
#6918 = DIRECTION('',(0.,0.995734176295,-9.22683594633E-02));
#6919 = PCURVE('',#6739,#6920);
#6920 = DEFINITIONAL_REPRESENTATION('',(#6921),#6924);
#6921 = B_SPLINE_CURVE_WITH_KNOTS('',1,(#6922,#6923),.UNSPECIFIED.,.F.,
  .F.,(2,2),(-15.707560676,-13.207560676),.PIECEWISE_BEZIER_KNOTS.);
#6922 = CARTESIAN_POINT('',(30.415121352005,7.148032892721));
#6923 = CARTESIAN_POINT('',(27.915121352005,7.148032892721));
#6924 = ( GEOMETRIC_REPRESENTATION_CONTEXT(2) 
PARAMETRIC_REPRESENTATION_CONTEXT() REPRESENTATION_CONTEXT('2D SPACE',''
  ) );
#6925 = PCURVE('',#6926,#6931);
#6926 = PLANE('',#6927);
#6927 = AXIS2_PLACEMENT_3D('',#6928,#6929,#6930);
#6928 = CARTESIAN_POINT('',(-33.61728154514,-41.84234518579,
    3.877264272234));
#6929 = DIRECTION('',(1.,0.,0.));
#6930 = DIRECTION('',(0.,-0.995734176295,9.22683594633E-02));
#6931 = DEFINITIONAL_REPRESENTATION('',(#6932),#6935);
#6932 = B_SPLINE_CURVE_WITH_KNOTS('',1,(#6933,#6934),.UNSPECIFIED.,.F.,
  .F.,(2,2),(-15.707560676,-13.207560676),.PIECEWISE_BEZIER_KNOTS.);
#6933 = CARTESIAN_POINT('',(1.,0.486839930751));
#6934 = CARTESIAN_POINT('',(-1.5,0.486839930751));
#6935 = ( GEOMETRIC_REPRESENTATION_CONTEXT(2) 
PARAMETRIC_REPRESENTATION_CONTEXT() REPRESENTATION_CONTEXT('2D SPACE',''
  ) );
#6936 = ORIENTED_EDGE('',*,*,#6937,.F.);
#6937 = EDGE_CURVE('',#6938,#6912,#6940,.T.);
#6938 = VERTEX_POINT('',#6939);
#6939 = CARTESIAN_POINT('',(-29.3564895637,-41.7039426466,5.370865536676
    ));
#6940 = SURFACE_CURVE('',#6941,(#6946,#6953),.PCURVE_S1.);
#6941 = ELLIPSE('',#6942,3.549302374729,1.5);
#6942 = AXIS2_PLACEMENT_3D('',#6943,#6944,#6945);
#6943 = CARTESIAN_POINT('',(-32.57324994447,-41.84234518579,
    3.877264272234));
#6944 = DIRECTION('',(-0.422618261741,8.362353267869E-02,0.902441637795)
  );
#6945 = DIRECTION('',(-0.906307787037,-3.899429369005E-02,
    -0.420815446742));
#6946 = PCURVE('',#6739,#6947);
#6947 = DEFINITIONAL_REPRESENTATION('',(#6948),#6952);
#6948 = ELLIPSE('',#6949,3.549302374729,1.5);
#6949 = AXIS2_PLACEMENT_2D('',#6950,#6951);
#6950 = CARTESIAN_POINT('',(29.415121352005,8.299994307606));
#6951 = DIRECTION('',(0.,-1.));
#6952 = ( GEOMETRIC_REPRESENTATION_CONTEXT(2) 
PARAMETRIC_REPRESENTATION_CONTEXT() REPRESENTATION_CONTEXT('2D SPACE',''
  ) );
#6953 = PCURVE('',#6954,#6959);
#6954 = CYLINDRICAL_SURFACE('',#6955,1.5);
#6955 = AXIS2_PLACEMENT_3D('',#6956,#6957,#6958);
#6956 = CARTESIAN_POINT('',(-33.61728154514,-41.84234518579,
    3.877264272234));
#6957 = DIRECTION('',(-1.,0.,-0.));
#6958 = DIRECTION('',(0.,9.22683594633E-02,0.995734176295));
#6959 = DEFINITIONAL_REPRESENTATION('',(#6960),#6970);
#6960 = B_SPLINE_CURVE_WITH_KNOTS('',8,(#6961,#6962,#6963,#6964,#6965,
    #6966,#6967,#6968,#6969),.UNSPECIFIED.,.F.,.F.,(9,9),(3.14159265359,
    5.042935637106),.PIECEWISE_BEZIER_KNOTS.);
#6961 = CARTESIAN_POINT('',(-6.28318530718,-4.26079198144));
#6962 = CARTESIAN_POINT('',(-6.04551743424,-4.26079198144));
#6963 = CARTESIAN_POINT('',(-5.807849561299,-4.053131704455));
#6964 = CARTESIAN_POINT('',(-5.570181688366,-3.637818875013));
#6965 = CARTESIAN_POINT('',(-5.332513815417,-3.039844771438));
#6966 = CARTESIAN_POINT('',(-5.094845942488,-2.309344507437));
#6967 = CARTESIAN_POINT('',(-4.857178069542,-1.513664959142));
#6968 = CARTESIAN_POINT('',(-4.619510196603,-0.72313272222));
#6969 = CARTESIAN_POINT('',(-4.381842323664,5.999999999062E-07));
#6970 = ( GEOMETRIC_REPRESENTATION_CONTEXT(2) 
PARAMETRIC_REPRESENTATION_CONTEXT() REPRESENTATION_CONTEXT('2D SPACE',''
  ) );
#6971 = ORIENTED_EDGE('',*,*,#6972,.F.);
#6972 = EDGE_CURVE('',#6973,#6938,#6975,.T.);
#6973 = VERTEX_POINT('',#6974);
#6974 = CARTESIAN_POINT('',(-30.17561831823,-42.73492020012,
    5.082797284555));
#6975 = SURFACE_CURVE('',#6976,(#6981,#6988),.PCURVE_S1.);
#6976 = ELLIPSE('',#6977,3.549302374729,1.5);
#6977 = AXIS2_PLACEMENT_3D('',#6978,#6979,#6980);
#6978 = CARTESIAN_POINT('',(-32.57324994447,-41.84234518579,
    3.877264272234));
#6979 = DIRECTION('',(-0.422618261741,8.362353267869E-02,0.902441637795)
  );
#6980 = DIRECTION('',(-0.906307787037,-3.899429369005E-02,
    -0.420815446742));
#6981 = PCURVE('',#6739,#6982);
#6982 = DEFINITIONAL_REPRESENTATION('',(#6983),#6987);
#6983 = ELLIPSE('',#6984,3.549302374729,1.5);
#6984 = AXIS2_PLACEMENT_2D('',#6985,#6986);
#6985 = CARTESIAN_POINT('',(29.415121352005,8.299994307606));
#6986 = DIRECTION('',(0.,-1.));
#6987 = ( GEOMETRIC_REPRESENTATION_CONTEXT(2) 
PARAMETRIC_REPRESENTATION_CONTEXT() REPRESENTATION_CONTEXT('2D SPACE',''
  ) );
#6988 = PCURVE('',#6954,#6989);
#6989 = DEFINITIONAL_REPRESENTATION('',(#6990),#7000);
#6990 = B_SPLINE_CURVE_WITH_KNOTS('',8,(#6991,#6992,#6993,#6994,#6995,
    #6996,#6997,#6998,#6999),.UNSPECIFIED.,.F.,.F.,(9,9),(1.240249670074
    ,3.14159265359),.PIECEWISE_BEZIER_KNOTS.);
#6991 = CARTESIAN_POINT('',(-1.901342983516,5.999999928008E-07));
#6992 = CARTESIAN_POINT('',(-1.663675110576,-0.72313272222));
#6993 = CARTESIAN_POINT('',(-1.426007237637,-1.513664959142));
#6994 = CARTESIAN_POINT('',(-1.188339364696,-2.309344507441));
#6995 = CARTESIAN_POINT('',(-0.950671491759,-3.039844771421));
#6996 = CARTESIAN_POINT('',(-0.713003618816,-3.637818875008));
#6997 = CARTESIAN_POINT('',(-0.475335745879,-4.053131704455));
#6998 = CARTESIAN_POINT('',(-0.237667872939,-4.26079198144));
#6999 = CARTESIAN_POINT('',(0.,-4.26079198144));
#7000 = ( GEOMETRIC_REPRESENTATION_CONTEXT(2) 
PARAMETRIC_REPRESENTATION_CONTEXT() REPRESENTATION_CONTEXT('2D SPACE',''
  ) );
#7001 = ORIENTED_EDGE('',*,*,#7002,.T.);
#7002 = EDGE_CURVE('',#6973,#6839,#7003,.T.);
#7003 = SURFACE_CURVE('',#7004,(#7008,#7015),.PCURVE_S1.);
#7004 = LINE('',#7005,#7006);
#7005 = CARTESIAN_POINT('',(-40.09559941781,-43.16173177774,
    0.476766819189));
#7006 = VECTOR('',#7007,1.);
#7007 = DIRECTION('',(0.906307787037,3.899429369005E-02,0.420815446742)
  );
#7008 = PCURVE('',#6739,#7009);
#7009 = DEFINITIONAL_REPRESENTATION('',(#7010),#7014);
#7010 = LINE('',#7011,#7012);
#7011 = CARTESIAN_POINT('',(30.415121352005,2.22044604925E-16));
#7012 = VECTOR('',#7013,1.);
#7013 = DIRECTION('',(-6.938893903907E-18,1.));
#7014 = ( GEOMETRIC_REPRESENTATION_CONTEXT(2) 
PARAMETRIC_REPRESENTATION_CONTEXT() REPRESENTATION_CONTEXT('2D SPACE',''
  ) );
#7015 = PCURVE('',#7016,#7021);
#7016 = PLANE('',#7017);
#7017 = AXIS2_PLACEMENT_3D('',#7018,#7019,#7020);
#7018 = CARTESIAN_POINT('',(-40.09559941781,-43.16173177774,
    0.476766819189));
#7019 = DIRECTION('',(0.,-0.995734176295,9.22683594633E-02));
#7020 = DIRECTION('',(0.906307787037,3.899429369005E-02,0.420815446742)
  );
#7021 = DEFINITIONAL_REPRESENTATION('',(#7022),#7026);
#7022 = LINE('',#7023,#7024);
#7023 = CARTESIAN_POINT('',(0.,0.));
#7024 = VECTOR('',#7025,1.);
#7025 = DIRECTION('',(1.,-5.551115123126E-17));
#7026 = ( GEOMETRIC_REPRESENTATION_CONTEXT(2) 
PARAMETRIC_REPRESENTATION_CONTEXT() REPRESENTATION_CONTEXT('2D SPACE',''
  ) );
#7027 = ADVANCED_FACE('',(#7028),#6821,.T.);
#7028 = FACE_BOUND('',#7029,.T.);
#7029 = EDGE_LOOP('',(#7030,#7053,#7054,#7055));
#7030 = ORIENTED_EDGE('',*,*,#7031,.F.);
#7031 = EDGE_CURVE('',#6780,#7032,#7034,.T.);
#7032 = VERTEX_POINT('',#7033);
#7033 = CARTESIAN_POINT('',(-33.61728154514,-42.79315944036,
    4.454295789131));
#7034 = SURFACE_CURVE('',#7035,(#7039,#7046),.PCURVE_S1.);
#7035 = LINE('',#7036,#7037);
#7036 = CARTESIAN_POINT('',(-40.46854044145,-43.08793788689,
    1.273129727854));
#7037 = VECTOR('',#7038,1.);
#7038 = DIRECTION('',(0.906307787037,3.899429369005E-02,0.420815446742)
  );
#7039 = PCURVE('',#6821,#7040);
#7040 = DEFINITIONAL_REPRESENTATION('',(#7041),#7045);
#7041 = LINE('',#7042,#7043);
#7042 = CARTESIAN_POINT('',(-2.331468351713E-15,0.88245364056));
#7043 = VECTOR('',#7044,1.);
#7044 = DIRECTION('',(1.,-5.551115123126E-17));
#7045 = ( GEOMETRIC_REPRESENTATION_CONTEXT(2) 
PARAMETRIC_REPRESENTATION_CONTEXT() REPRESENTATION_CONTEXT('2D SPACE',''
  ) );
#7046 = PCURVE('',#6795,#7047);
#7047 = DEFINITIONAL_REPRESENTATION('',(#7048),#7052);
#7048 = LINE('',#7049,#7050);
#7049 = CARTESIAN_POINT('',(30.415121352005,-2.22044604925E-16));
#7050 = VECTOR('',#7051,1.);
#7051 = DIRECTION('',(-6.938893903907E-18,1.));
#7052 = ( GEOMETRIC_REPRESENTATION_CONTEXT(2) 
PARAMETRIC_REPRESENTATION_CONTEXT() REPRESENTATION_CONTEXT('2D SPACE',''
  ) );
#7053 = ORIENTED_EDGE('',*,*,#6807,.F.);
#7054 = ORIENTED_EDGE('',*,*,#6888,.T.);
#7055 = ORIENTED_EDGE('',*,*,#7056,.T.);
#7056 = EDGE_CURVE('',#6889,#7032,#7057,.T.);
#7057 = SURFACE_CURVE('',#7058,(#7062,#7068),.PCURVE_S1.);
#7058 = LINE('',#7059,#7060);
#7059 = CARTESIAN_POINT('',(-33.61728154514,-42.99990556991,
    2.223149725443));
#7060 = VECTOR('',#7061,1.);
#7061 = DIRECTION('',(-0.,9.22683594633E-02,0.995734176295));
#7062 = PCURVE('',#6821,#7063);
#7063 = DEFINITIONAL_REPRESENTATION('',(#7064),#7067);
#7064 = B_SPLINE_CURVE_WITH_KNOTS('',1,(#7065,#7066),.UNSPECIFIED.,.F.,
  .F.,(2,2),(1.267024652618,2.24070451412),.PIECEWISE_BEZIER_KNOTS.);
#7065 = CARTESIAN_POINT('',(7.148032892721,-1.554312234475E-15));
#7066 = CARTESIAN_POINT('',(7.559527783281,0.88245364056));
#7067 = ( GEOMETRIC_REPRESENTATION_CONTEXT(2) 
PARAMETRIC_REPRESENTATION_CONTEXT() REPRESENTATION_CONTEXT('2D SPACE',''
  ) );
#7068 = PCURVE('',#6926,#7069);
#7069 = DEFINITIONAL_REPRESENTATION('',(#7070),#7073);
#7070 = B_SPLINE_CURVE_WITH_KNOTS('',1,(#7071,#7072),.UNSPECIFIED.,.F.,
  .F.,(2,2),(1.267024652618,2.24070451412),.PIECEWISE_BEZIER_KNOTS.);
#7071 = CARTESIAN_POINT('',(1.,0.486839930751));
#7072 = CARTESIAN_POINT('',(1.,-0.486839930751));
#7073 = ( GEOMETRIC_REPRESENTATION_CONTEXT(2) 
PARAMETRIC_REPRESENTATION_CONTEXT() REPRESENTATION_CONTEXT('2D SPACE',''
  ) );
#7074 = ADVANCED_FACE('',(#7075),#6795,.T.);
#7075 = FACE_BOUND('',#7076,.T.);
#7076 = EDGE_LOOP('',(#7077,#7102,#7123,#7124,#7125,#7146,#7180,#7209));
#7077 = ORIENTED_EDGE('',*,*,#7078,.F.);
#7078 = EDGE_CURVE('',#7079,#7081,#7083,.T.);
#7079 = VERTEX_POINT('',#7080);
#7080 = CARTESIAN_POINT('',(-27.13896367248,-12.22905114008,
    4.655945094178));
#7081 = VERTEX_POINT('',#7082);
#7082 = CARTESIAN_POINT('',(-27.13896367248,-42.51442694643,
    7.462298444205));
#7083 = SURFACE_CURVE('',#7084,(#7088,#7095),.PCURVE_S1.);
#7084 = LINE('',#7085,#7086);
#7085 = CARTESIAN_POINT('',(-27.13896367248,-12.22905114008,
    4.655945094178));
#7086 = VECTOR('',#7087,1.);
#7087 = DIRECTION('',(0.,-0.995734176295,9.22683594633E-02));
#7088 = PCURVE('',#6795,#7089);
#7089 = DEFINITIONAL_REPRESENTATION('',(#7090),#7094);
#7090 = LINE('',#7091,#7092);
#7091 = CARTESIAN_POINT('',(4.440892098501E-16,14.707560676003));
#7092 = VECTOR('',#7093,1.);
#7093 = DIRECTION('',(1.,0.));
#7094 = ( GEOMETRIC_REPRESENTATION_CONTEXT(2) 
PARAMETRIC_REPRESENTATION_CONTEXT() REPRESENTATION_CONTEXT('2D SPACE',''
  ) );
#7095 = PCURVE('',#6854,#7096);
#7096 = DEFINITIONAL_REPRESENTATION('',(#7097),#7101);
#7097 = LINE('',#7098,#7099);
#7098 = CARTESIAN_POINT('',(-1.221245327088E-15,-0.88245364056));
#7099 = VECTOR('',#7100,1.);
#7100 = DIRECTION('',(1.,0.));
#7101 = ( GEOMETRIC_REPRESENTATION_CONTEXT(2) 
PARAMETRIC_REPRESENTATION_CONTEXT() REPRESENTATION_CONTEXT('2D SPACE',''
  ) );
#7102 = ORIENTED_EDGE('',*,*,#7103,.F.);
#7103 = EDGE_CURVE('',#6752,#7079,#7104,.T.);
#7104 = SURFACE_CURVE('',#7105,(#7109,#7116),.PCURVE_S1.);
#7105 = LINE('',#7106,#7107);
#7106 = CARTESIAN_POINT('',(-40.46854044145,-12.80256208054,
    -1.533223622173));
#7107 = VECTOR('',#7108,1.);
#7108 = DIRECTION('',(0.906307787037,3.899429369005E-02,0.420815446742)
  );
#7109 = PCURVE('',#6795,#7110);
#7110 = DEFINITIONAL_REPRESENTATION('',(#7111),#7115);
#7111 = LINE('',#7112,#7113);
#7112 = CARTESIAN_POINT('',(0.,0.));
#7113 = VECTOR('',#7114,1.);
#7114 = DIRECTION('',(-6.938893903907E-18,1.));
#7115 = ( GEOMETRIC_REPRESENTATION_CONTEXT(2) 
PARAMETRIC_REPRESENTATION_CONTEXT() REPRESENTATION_CONTEXT('2D SPACE',''
  ) );
#7116 = PCURVE('',#6767,#7117);
#7117 = DEFINITIONAL_REPRESENTATION('',(#7118),#7122);
#7118 = LINE('',#7119,#7120);
#7119 = CARTESIAN_POINT('',(-2.609024107869E-15,0.88245364056));
#7120 = VECTOR('',#7121,1.);
#7121 = DIRECTION('',(1.,-5.551115123126E-17));
#7122 = ( GEOMETRIC_REPRESENTATION_CONTEXT(2) 
PARAMETRIC_REPRESENTATION_CONTEXT() REPRESENTATION_CONTEXT('2D SPACE',''
  ) );
#7123 = ORIENTED_EDGE('',*,*,#6779,.T.);
#7124 = ORIENTED_EDGE('',*,*,#7031,.T.);
#7125 = ORIENTED_EDGE('',*,*,#7126,.T.);
#7126 = EDGE_CURVE('',#7032,#7127,#7129,.T.);
#7127 = VERTEX_POINT('',#7128);
#7128 = CARTESIAN_POINT('',(-33.61728154514,-40.38467991604,
    4.231117294509));
#7129 = SURFACE_CURVE('',#7130,(#7134,#7140),.PCURVE_S1.);
#7130 = LINE('',#7131,#7132);
#7131 = CARTESIAN_POINT('',(-33.61728154514,-27.15260444903,
    3.004984934386));
#7132 = VECTOR('',#7133,1.);
#7133 = DIRECTION('',(0.,0.995734176295,-9.22683594633E-02));
#7134 = PCURVE('',#6795,#7135);
#7135 = DEFINITIONAL_REPRESENTATION('',(#7136),#7139);
#7136 = B_SPLINE_CURVE_WITH_KNOTS('',1,(#7137,#7138),.UNSPECIFIED.,.F.,
  .F.,(2,2),(-15.707560676,-13.207560676),.PIECEWISE_BEZIER_KNOTS.);
#7137 = CARTESIAN_POINT('',(30.415121352005,7.559527783281));
#7138 = CARTESIAN_POINT('',(27.915121352005,7.559527783281));
#7139 = ( GEOMETRIC_REPRESENTATION_CONTEXT(2) 
PARAMETRIC_REPRESENTATION_CONTEXT() REPRESENTATION_CONTEXT('2D SPACE',''
  ) );
#7140 = PCURVE('',#6926,#7141);
#7141 = DEFINITIONAL_REPRESENTATION('',(#7142),#7145);
#7142 = B_SPLINE_CURVE_WITH_KNOTS('',1,(#7143,#7144),.UNSPECIFIED.,.F.,
  .F.,(2,2),(-15.707560676,-13.207560676),.PIECEWISE_BEZIER_KNOTS.);
#7143 = CARTESIAN_POINT('',(1.,-0.486839930751));
#7144 = CARTESIAN_POINT('',(-1.5,-0.486839930751));
#7145 = ( GEOMETRIC_REPRESENTATION_CONTEXT(2) 
PARAMETRIC_REPRESENTATION_CONTEXT() REPRESENTATION_CONTEXT('2D SPACE',''
  ) );
#7146 = ORIENTED_EDGE('',*,*,#7147,.F.);
#7147 = EDGE_CURVE('',#7148,#7127,#7150,.T.);
#7148 = VERTEX_POINT('',#7149);
#7149 = CARTESIAN_POINT('',(-31.44455276506,-41.7039426466,
    5.370865536676));
#7150 = SURFACE_CURVE('',#7151,(#7156,#7163),.PCURVE_S1.);
#7151 = ELLIPSE('',#7152,3.549302374729,1.5);
#7152 = AXIS2_PLACEMENT_3D('',#7153,#7154,#7155);
#7153 = CARTESIAN_POINT('',(-34.66131314582,-41.84234518579,
    3.877264272234));
#7154 = DIRECTION('',(-0.422618261741,8.362353267869E-02,0.902441637795)
  );
#7155 = DIRECTION('',(-0.906307787037,-3.899429369005E-02,
    -0.420815446742));
#7156 = PCURVE('',#6795,#7157);
#7157 = DEFINITIONAL_REPRESENTATION('',(#7158),#7162);
#7158 = ELLIPSE('',#7159,3.549302374729,1.5);
#7159 = AXIS2_PLACEMENT_2D('',#7160,#7161);
#7160 = CARTESIAN_POINT('',(29.415121352005,6.407566368396));
#7161 = DIRECTION('',(0.,-1.));
#7162 = ( GEOMETRIC_REPRESENTATION_CONTEXT(2) 
PARAMETRIC_REPRESENTATION_CONTEXT() REPRESENTATION_CONTEXT('2D SPACE',''
  ) );
#7163 = PCURVE('',#7164,#7169);
#7164 = CYLINDRICAL_SURFACE('',#7165,1.5);
#7165 = AXIS2_PLACEMENT_3D('',#7166,#7167,#7168);
#7166 = CARTESIAN_POINT('',(-33.61728154514,-41.84234518579,
    3.877264272234));
#7167 = DIRECTION('',(-1.,0.,-0.));
#7168 = DIRECTION('',(0.,9.22683594633E-02,0.995734176295));
#7169 = DEFINITIONAL_REPRESENTATION('',(#7170),#7179);
#7170 = B_SPLINE_CURVE_WITH_KNOTS('',7,(#7171,#7172,#7173,#7174,#7175,
    #7176,#7177,#7178),.UNSPECIFIED.,.F.,.F.,(8,8),(3.14159265359,
    4.38184271806),.PIECEWISE_BEZIER_KNOTS.);
#7171 = CARTESIAN_POINT('',(-6.28318530718,-2.172728780088));
#7172 = CARTESIAN_POINT('',(-6.106006726541,-2.172728780088));
#7173 = CARTESIAN_POINT('',(-5.928828145902,-2.054916646473));
#7174 = CARTESIAN_POINT('',(-5.751649565264,-1.819297034843));
#7175 = CARTESIAN_POINT('',(-5.574470984625,-1.474912375583));
#7176 = CARTESIAN_POINT('',(-5.397292403986,-1.039936753646));
#7177 = CARTESIAN_POINT('',(-5.220113823348,-0.539086788624));
#7178 = CARTESIAN_POINT('',(-5.042935242709,5.999999928008E-07));
#7179 = ( GEOMETRIC_REPRESENTATION_CONTEXT(2) 
PARAMETRIC_REPRESENTATION_CONTEXT() REPRESENTATION_CONTEXT('2D SPACE',''
  ) );
#7180 = ORIENTED_EDGE('',*,*,#7181,.F.);
#7181 = EDGE_CURVE('',#7182,#7148,#7184,.T.);
#7182 = VERTEX_POINT('',#7183);
#7183 = CARTESIAN_POINT('',(-32.26368151958,-42.73492020012,
    5.082797284555));
#7184 = SURFACE_CURVE('',#7185,(#7190,#7197),.PCURVE_S1.);
#7185 = ELLIPSE('',#7186,3.549302374729,1.5);
#7186 = AXIS2_PLACEMENT_3D('',#7187,#7188,#7189);
#7187 = CARTESIAN_POINT('',(-34.66131314582,-41.84234518579,
    3.877264272234));
#7188 = DIRECTION('',(-0.422618261741,8.362353267869E-02,0.902441637795)
  );
#7189 = DIRECTION('',(-0.906307787037,-3.899429369005E-02,
    -0.420815446742));
#7190 = PCURVE('',#6795,#7191);
#7191 = DEFINITIONAL_REPRESENTATION('',(#7192),#7196);
#7192 = ELLIPSE('',#7193,3.549302374729,1.5);
#7193 = AXIS2_PLACEMENT_2D('',#7194,#7195);
#7194 = CARTESIAN_POINT('',(29.415121352005,6.407566368396));
#7195 = DIRECTION('',(0.,-1.));
#7196 = ( GEOMETRIC_REPRESENTATION_CONTEXT(2) 
PARAMETRIC_REPRESENTATION_CONTEXT() REPRESENTATION_CONTEXT('2D SPACE',''
  ) );
#7197 = PCURVE('',#6954,#7198);
#7198 = DEFINITIONAL_REPRESENTATION('',(#7199),#7208);
#7199 = B_SPLINE_CURVE_WITH_KNOTS('',7,(#7200,#7201,#7202,#7203,#7204,
    #7205,#7206,#7207),.UNSPECIFIED.,.F.,.F.,(8,8),(1.901342589119,
    3.14159265359),.PIECEWISE_BEZIER_KNOTS.);
#7200 = CARTESIAN_POINT('',(-1.240250064471,5.999999999062E-07));
#7201 = CARTESIAN_POINT('',(-1.063071483832,-0.539086788624));
#7202 = CARTESIAN_POINT('',(-0.885892903193,-1.039936753646));
#7203 = CARTESIAN_POINT('',(-0.708714322555,-1.474912375583));
#7204 = CARTESIAN_POINT('',(-0.531535741916,-1.819297034843));
#7205 = CARTESIAN_POINT('',(-0.354357161277,-2.054916646473));
#7206 = CARTESIAN_POINT('',(-0.177178580639,-2.172728780088));
#7207 = CARTESIAN_POINT('',(0.,-2.172728780088));
#7208 = ( GEOMETRIC_REPRESENTATION_CONTEXT(2) 
PARAMETRIC_REPRESENTATION_CONTEXT() REPRESENTATION_CONTEXT('2D SPACE',''
  ) );
#7209 = ORIENTED_EDGE('',*,*,#7210,.T.);
#7210 = EDGE_CURVE('',#7182,#7081,#7211,.T.);
#7211 = SURFACE_CURVE('',#7212,(#7216,#7223),.PCURVE_S1.);
#7212 = LINE('',#7213,#7214);
#7213 = CARTESIAN_POINT('',(-40.46854044145,-43.08793788689,
    1.273129727854));
#7214 = VECTOR('',#7215,1.);
#7215 = DIRECTION('',(0.906307787037,3.899429369005E-02,0.420815446742)
  );
#7216 = PCURVE('',#6795,#7217);
#7217 = DEFINITIONAL_REPRESENTATION('',(#7218),#7222);
#7218 = LINE('',#7219,#7220);
#7219 = CARTESIAN_POINT('',(30.415121352005,-2.22044604925E-16));
#7220 = VECTOR('',#7221,1.);
#7221 = DIRECTION('',(-6.938893903907E-18,1.));
#7222 = ( GEOMETRIC_REPRESENTATION_CONTEXT(2) 
PARAMETRIC_REPRESENTATION_CONTEXT() REPRESENTATION_CONTEXT('2D SPACE',''
  ) );
#7223 = PCURVE('',#7016,#7224);
#7224 = DEFINITIONAL_REPRESENTATION('',(#7225),#7229);
#7225 = LINE('',#7226,#7227);
#7226 = CARTESIAN_POINT('',(-2.331468351713E-15,0.88245364056));
#7227 = VECTOR('',#7228,1.);
#7228 = DIRECTION('',(1.,-5.551115123126E-17));
#7229 = ( GEOMETRIC_REPRESENTATION_CONTEXT(2) 
PARAMETRIC_REPRESENTATION_CONTEXT() REPRESENTATION_CONTEXT('2D SPACE',''
  ) );
#7230 = ADVANCED_FACE('',(#7231),#6767,.F.);
#7231 = FACE_BOUND('',#7232,.F.);
#7232 = EDGE_LOOP('',(#7233,#7234,#7235,#7256));
#7233 = ORIENTED_EDGE('',*,*,#6751,.F.);
#7234 = ORIENTED_EDGE('',*,*,#6866,.T.);
#7235 = ORIENTED_EDGE('',*,*,#7236,.T.);
#7236 = EDGE_CURVE('',#6837,#7079,#7237,.T.);
#7237 = SURFACE_CURVE('',#7238,(#7242,#7249),.PCURVE_S1.);
#7238 = LINE('',#7239,#7240);
#7239 = CARTESIAN_POINT('',(-26.76602264884,-12.30284503093,
    3.859582185513));
#7240 = VECTOR('',#7241,1.);
#7241 = DIRECTION('',(-0.422618261741,8.362353267869E-02,0.902441637795)
  );
#7242 = PCURVE('',#6767,#7243);
#7243 = DEFINITIONAL_REPRESENTATION('',(#7244),#7248);
#7244 = LINE('',#7245,#7246);
#7245 = CARTESIAN_POINT('',(14.707560676003,-1.7763568394E-15));
#7246 = VECTOR('',#7247,1.);
#7247 = DIRECTION('',(-5.551115123126E-17,1.));
#7248 = ( GEOMETRIC_REPRESENTATION_CONTEXT(2) 
PARAMETRIC_REPRESENTATION_CONTEXT() REPRESENTATION_CONTEXT('2D SPACE',''
  ) );
#7249 = PCURVE('',#6854,#7250);
#7250 = DEFINITIONAL_REPRESENTATION('',(#7251),#7255);
#7251 = LINE('',#7252,#7253);
#7252 = CARTESIAN_POINT('',(0.,0.));
#7253 = VECTOR('',#7254,1.);
#7254 = DIRECTION('',(0.,-1.));
#7255 = ( GEOMETRIC_REPRESENTATION_CONTEXT(2) 
PARAMETRIC_REPRESENTATION_CONTEXT() REPRESENTATION_CONTEXT('2D SPACE',''
  ) );
#7256 = ORIENTED_EDGE('',*,*,#7103,.F.);
#7257 = ADVANCED_FACE('',(#7258),#6854,.T.);
#7258 = FACE_BOUND('',#7259,.T.);
#7259 = EDGE_LOOP('',(#7260,#7261,#7262,#7263));
#7260 = ORIENTED_EDGE('',*,*,#6836,.F.);
#7261 = ORIENTED_EDGE('',*,*,#7236,.T.);
#7262 = ORIENTED_EDGE('',*,*,#7078,.T.);
#7263 = ORIENTED_EDGE('',*,*,#7264,.F.);
#7264 = EDGE_CURVE('',#6839,#7081,#7265,.T.);
#7265 = SURFACE_CURVE('',#7266,(#7270,#7277),.PCURVE_S1.);
#7266 = LINE('',#7267,#7268);
#7267 = CARTESIAN_POINT('',(-26.76602264884,-42.58822083728,
    6.66593553554));
#7268 = VECTOR('',#7269,1.);
#7269 = DIRECTION('',(-0.422618261741,8.362353267869E-02,0.902441637795)
  );
#7270 = PCURVE('',#6854,#7271);
#7271 = DEFINITIONAL_REPRESENTATION('',(#7272),#7276);
#7272 = LINE('',#7273,#7274);
#7273 = CARTESIAN_POINT('',(30.415121352005,4.440892098501E-16));
#7274 = VECTOR('',#7275,1.);
#7275 = DIRECTION('',(0.,-1.));
#7276 = ( GEOMETRIC_REPRESENTATION_CONTEXT(2) 
PARAMETRIC_REPRESENTATION_CONTEXT() REPRESENTATION_CONTEXT('2D SPACE',''
  ) );
#7277 = PCURVE('',#7016,#7278);
#7278 = DEFINITIONAL_REPRESENTATION('',(#7279),#7283);
#7279 = LINE('',#7280,#7281);
#7280 = CARTESIAN_POINT('',(14.707560676003,-1.7763568394E-15));
#7281 = VECTOR('',#7282,1.);
#7282 = DIRECTION('',(-5.551115123126E-17,1.));
#7283 = ( GEOMETRIC_REPRESENTATION_CONTEXT(2) 
PARAMETRIC_REPRESENTATION_CONTEXT() REPRESENTATION_CONTEXT('2D SPACE',''
  ) );
#7284 = ADVANCED_FACE('',(#7285),#7016,.T.);
#7285 = FACE_BOUND('',#7286,.T.);
#7286 = EDGE_LOOP('',(#7287,#7288,#7307,#7308));
#7287 = ORIENTED_EDGE('',*,*,#7210,.F.);
#7288 = ORIENTED_EDGE('',*,*,#7289,.F.);
#7289 = EDGE_CURVE('',#6973,#7182,#7290,.T.);
#7290 = SURFACE_CURVE('',#7291,(#7295,#7301),.PCURVE_S1.);
#7291 = LINE('',#7292,#7293);
#7292 = CARTESIAN_POINT('',(-33.61728154514,-42.73492020012,
    5.082797284555));
#7293 = VECTOR('',#7294,1.);
#7294 = DIRECTION('',(-1.,0.,-0.));
#7295 = PCURVE('',#7016,#7296);
#7296 = DEFINITIONAL_REPRESENTATION('',(#7297),#7300);
#7297 = B_SPLINE_CURVE_WITH_KNOTS('',1,(#7298,#7299),.UNSPECIFIED.,.F.,
  .F.,(2,2),(-3.650469547051,-1.144793705428),.PIECEWISE_BEZIER_KNOTS.);
#7298 = CARTESIAN_POINT('',(11.134730895726,-8.824536405617E-02));
#7299 = CARTESIAN_POINT('',(8.863817368674,0.970699004616));
#7300 = ( GEOMETRIC_REPRESENTATION_CONTEXT(2) 
PARAMETRIC_REPRESENTATION_CONTEXT() REPRESENTATION_CONTEXT('2D SPACE',''
  ) );
#7301 = PCURVE('',#6954,#7302);
#7302 = DEFINITIONAL_REPRESENTATION('',(#7303),#7306);
#7303 = B_SPLINE_CURVE_WITH_KNOTS('',1,(#7304,#7305),.UNSPECIFIED.,.F.,
  .F.,(2,2),(-3.650469547051,-1.144793705428),.PIECEWISE_BEZIER_KNOTS.);
#7304 = CARTESIAN_POINT('',(-0.729727656227,-3.650469547051));
#7305 = CARTESIAN_POINT('',(-0.729727656227,-1.144793705428));
#7306 = ( GEOMETRIC_REPRESENTATION_CONTEXT(2) 
PARAMETRIC_REPRESENTATION_CONTEXT() REPRESENTATION_CONTEXT('2D SPACE',''
  ) );
#7307 = ORIENTED_EDGE('',*,*,#7002,.T.);
#7308 = ORIENTED_EDGE('',*,*,#7264,.T.);
#7309 = ADVANCED_FACE('',(#7310),#6954,.T.);
#7310 = FACE_BOUND('',#7311,.F.);
#7311 = EDGE_LOOP('',(#7312,#7336,#7357,#7358,#7359,#7360,#7383,#7410,
    #7411));
#7312 = ORIENTED_EDGE('',*,*,#7313,.F.);
#7313 = EDGE_CURVE('',#7314,#6912,#7316,.T.);
#7314 = VERTEX_POINT('',#7315);
#7315 = CARTESIAN_POINT('',(-33.61728154514,-41.7039426466,
    5.370865536676));
#7316 = SURFACE_CURVE('',#7317,(#7322,#7329),.PCURVE_S1.);
#7317 = CIRCLE('',#7318,1.5);
#7318 = AXIS2_PLACEMENT_3D('',#7319,#7320,#7321);
#7319 = CARTESIAN_POINT('',(-33.61728154514,-41.84234518579,
    3.877264272234));
#7320 = DIRECTION('',(1.,0.,-0.));
#7321 = DIRECTION('',(0.,9.22683594633E-02,0.995734176295));
#7322 = PCURVE('',#6954,#7323);
#7323 = DEFINITIONAL_REPRESENTATION('',(#7324),#7328);
#7324 = LINE('',#7325,#7326);
#7325 = CARTESIAN_POINT('',(-0.,0.));
#7326 = VECTOR('',#7327,1.);
#7327 = DIRECTION('',(-1.,0.));
#7328 = ( GEOMETRIC_REPRESENTATION_CONTEXT(2) 
PARAMETRIC_REPRESENTATION_CONTEXT() REPRESENTATION_CONTEXT('2D SPACE',''
  ) );
#7329 = PCURVE('',#6926,#7330);
#7330 = DEFINITIONAL_REPRESENTATION('',(#7331),#7335);
#7331 = CIRCLE('',#7332,1.5);
#7332 = AXIS2_PLACEMENT_2D('',#7333,#7334);
#7333 = CARTESIAN_POINT('',(0.,0.));
#7334 = DIRECTION('',(0.,-1.));
#7335 = ( GEOMETRIC_REPRESENTATION_CONTEXT(2) 
PARAMETRIC_REPRESENTATION_CONTEXT() REPRESENTATION_CONTEXT('2D SPACE',''
  ) );
#7336 = ORIENTED_EDGE('',*,*,#7337,.T.);
#7337 = EDGE_CURVE('',#7314,#7148,#7338,.T.);
#7338 = SURFACE_CURVE('',#7339,(#7343,#7350),.PCURVE_S1.);
#7339 = LINE('',#7340,#7341);
#7340 = CARTESIAN_POINT('',(-33.61728154514,-41.7039426466,
    5.370865536676));
#7341 = VECTOR('',#7342,1.);
#7342 = DIRECTION('',(1.,0.,0.));
#7343 = PCURVE('',#6954,#7344);
#7344 = DEFINITIONAL_REPRESENTATION('',(#7345),#7349);
#7345 = LINE('',#7346,#7347);
#7346 = CARTESIAN_POINT('',(-0.,0.));
#7347 = VECTOR('',#7348,1.);
#7348 = DIRECTION('',(-0.,-1.));
#7349 = ( GEOMETRIC_REPRESENTATION_CONTEXT(2) 
PARAMETRIC_REPRESENTATION_CONTEXT() REPRESENTATION_CONTEXT('2D SPACE',''
  ) );
#7350 = PCURVE('',#7164,#7351);
#7351 = DEFINITIONAL_REPRESENTATION('',(#7352),#7356);
#7352 = LINE('',#7353,#7354);
#7353 = CARTESIAN_POINT('',(-6.28318530718,0.));
#7354 = VECTOR('',#7355,1.);
#7355 = DIRECTION('',(-0.,-1.));
#7356 = ( GEOMETRIC_REPRESENTATION_CONTEXT(2) 
PARAMETRIC_REPRESENTATION_CONTEXT() REPRESENTATION_CONTEXT('2D SPACE',''
  ) );
#7357 = ORIENTED_EDGE('',*,*,#7181,.F.);
#7358 = ORIENTED_EDGE('',*,*,#7289,.F.);
#7359 = ORIENTED_EDGE('',*,*,#6972,.T.);
#7360 = ORIENTED_EDGE('',*,*,#7361,.T.);
#7361 = EDGE_CURVE('',#6938,#7362,#7364,.T.);
#7362 = VERTEX_POINT('',#7363);
#7363 = CARTESIAN_POINT('',(-23.61728154514,-41.7039426466,
    5.370865536676));
#7364 = SEAM_CURVE('',#7365,(#7369,#7376),.PCURVE_S1.);
#7365 = LINE('',#7366,#7367);
#7366 = CARTESIAN_POINT('',(-33.61728154514,-41.7039426466,
    5.370865536676));
#7367 = VECTOR('',#7368,1.);
#7368 = DIRECTION('',(1.,0.,0.));
#7369 = PCURVE('',#6954,#7370);
#7370 = DEFINITIONAL_REPRESENTATION('',(#7371),#7375);
#7371 = LINE('',#7372,#7373);
#7372 = CARTESIAN_POINT('',(-0.,0.));
#7373 = VECTOR('',#7374,1.);
#7374 = DIRECTION('',(-0.,-1.));
#7375 = ( GEOMETRIC_REPRESENTATION_CONTEXT(2) 
PARAMETRIC_REPRESENTATION_CONTEXT() REPRESENTATION_CONTEXT('2D SPACE',''
  ) );
#7376 = PCURVE('',#6954,#7377);
#7377 = DEFINITIONAL_REPRESENTATION('',(#7378),#7382);
#7378 = LINE('',#7379,#7380);
#7379 = CARTESIAN_POINT('',(-6.28318530718,0.));
#7380 = VECTOR('',#7381,1.);
#7381 = DIRECTION('',(-0.,-1.));
#7382 = ( GEOMETRIC_REPRESENTATION_CONTEXT(2) 
PARAMETRIC_REPRESENTATION_CONTEXT() REPRESENTATION_CONTEXT('2D SPACE',''
  ) );
#7383 = ORIENTED_EDGE('',*,*,#7384,.T.);
#7384 = EDGE_CURVE('',#7362,#7362,#7385,.T.);
#7385 = SURFACE_CURVE('',#7386,(#7391,#7398),.PCURVE_S1.);
#7386 = CIRCLE('',#7387,1.5);
#7387 = AXIS2_PLACEMENT_3D('',#7388,#7389,#7390);
#7388 = CARTESIAN_POINT('',(-23.61728154514,-41.84234518579,
    3.877264272234));
#7389 = DIRECTION('',(1.,0.,-0.));
#7390 = DIRECTION('',(0.,9.22683594633E-02,0.995734176295));
#7391 = PCURVE('',#6954,#7392);
#7392 = DEFINITIONAL_REPRESENTATION('',(#7393),#7397);
#7393 = LINE('',#7394,#7395);
#7394 = CARTESIAN_POINT('',(-0.,-10.));
#7395 = VECTOR('',#7396,1.);
#7396 = DIRECTION('',(-1.,0.));
#7397 = ( GEOMETRIC_REPRESENTATION_CONTEXT(2) 
PARAMETRIC_REPRESENTATION_CONTEXT() REPRESENTATION_CONTEXT('2D SPACE',''
  ) );
#7398 = PCURVE('',#7399,#7404);
#7399 = PLANE('',#7400);
#7400 = AXIS2_PLACEMENT_3D('',#7401,#7402,#7403);
#7401 = CARTESIAN_POINT('',(-23.61728154514,-41.84234518579,
    3.877264272234));
#7402 = DIRECTION('',(1.,0.,0.));
#7403 = DIRECTION('',(0.,-0.995734176295,9.22683594633E-02));
#7404 = DEFINITIONAL_REPRESENTATION('',(#7405),#7409);
#7405 = CIRCLE('',#7406,1.5);
#7406 = AXIS2_PLACEMENT_2D('',#7407,#7408);
#7407 = CARTESIAN_POINT('',(0.,0.));
#7408 = DIRECTION('',(0.,-1.));
#7409 = ( GEOMETRIC_REPRESENTATION_CONTEXT(2) 
PARAMETRIC_REPRESENTATION_CONTEXT() REPRESENTATION_CONTEXT('2D SPACE',''
  ) );
#7410 = ORIENTED_EDGE('',*,*,#7361,.F.);
#7411 = ORIENTED_EDGE('',*,*,#6937,.T.);
#7412 = ADVANCED_FACE('',(#7413),#6926,.F.);
#7413 = FACE_BOUND('',#7414,.F.);
#7414 = EDGE_LOOP('',(#7415,#7437,#7438,#7439,#7440));
#7415 = ORIENTED_EDGE('',*,*,#7416,.T.);
#7416 = EDGE_CURVE('',#7127,#7314,#7417,.T.);
#7417 = SURFACE_CURVE('',#7418,(#7423,#7430),.PCURVE_S1.);
#7418 = CIRCLE('',#7419,1.5);
#7419 = AXIS2_PLACEMENT_3D('',#7420,#7421,#7422);
#7420 = CARTESIAN_POINT('',(-33.61728154514,-41.84234518579,
    3.877264272234));
#7421 = DIRECTION('',(1.,0.,-0.));
#7422 = DIRECTION('',(0.,9.22683594633E-02,0.995734176295));
#7423 = PCURVE('',#6926,#7424);
#7424 = DEFINITIONAL_REPRESENTATION('',(#7425),#7429);
#7425 = CIRCLE('',#7426,1.5);
#7426 = AXIS2_PLACEMENT_2D('',#7427,#7428);
#7427 = CARTESIAN_POINT('',(0.,0.));
#7428 = DIRECTION('',(0.,-1.));
#7429 = ( GEOMETRIC_REPRESENTATION_CONTEXT(2) 
PARAMETRIC_REPRESENTATION_CONTEXT() REPRESENTATION_CONTEXT('2D SPACE',''
  ) );
#7430 = PCURVE('',#7164,#7431);
#7431 = DEFINITIONAL_REPRESENTATION('',(#7432),#7436);
#7432 = LINE('',#7433,#7434);
#7433 = CARTESIAN_POINT('',(-0.,0.));
#7434 = VECTOR('',#7435,1.);
#7435 = DIRECTION('',(-1.,0.));
#7436 = ( GEOMETRIC_REPRESENTATION_CONTEXT(2) 
PARAMETRIC_REPRESENTATION_CONTEXT() REPRESENTATION_CONTEXT('2D SPACE',''
  ) );
#7437 = ORIENTED_EDGE('',*,*,#7313,.T.);
#7438 = ORIENTED_EDGE('',*,*,#6911,.F.);
#7439 = ORIENTED_EDGE('',*,*,#7056,.T.);
#7440 = ORIENTED_EDGE('',*,*,#7126,.T.);
#7441 = ADVANCED_FACE('',(#7442),#7164,.T.);
#7442 = FACE_BOUND('',#7443,.F.);
#7443 = EDGE_LOOP('',(#7444,#7445,#7446));
#7444 = ORIENTED_EDGE('',*,*,#7416,.F.);
#7445 = ORIENTED_EDGE('',*,*,#7147,.F.);
#7446 = ORIENTED_EDGE('',*,*,#7337,.F.);
#7447 = ADVANCED_FACE('',(#7448),#7399,.T.);
#7448 = FACE_BOUND('',#7449,.T.);
#7449 = EDGE_LOOP('',(#7450));
#7450 = ORIENTED_EDGE('',*,*,#7384,.T.);
#7451 = MANIFOLD_SOLID_BREP('',#7452);
#7452 = CLOSED_SHELL('',(#7453,#7573,#7768,#7815,#7971,#7998,#8025,#8050
    ,#8153,#8182,#8188));
#7453 = ADVANCED_FACE('',(#7454),#7468,.F.);
#7454 = FACE_BOUND('',#7455,.F.);
#7455 = EDGE_LOOP('',(#7456,#7491,#7519,#7547));
#7456 = ORIENTED_EDGE('',*,*,#7457,.F.);
#7457 = EDGE_CURVE('',#7458,#7460,#7462,.T.);
#7458 = VERTEX_POINT('',#7459);
#7459 = CARTESIAN_POINT('',(-40.09559941781,-11.16530063932,
    -6.823751031527));
#7460 = VERTEX_POINT('',#7461);
#7461 = CARTESIAN_POINT('',(-40.09559941781,-40.41934429589,
    -15.14724408412));
#7462 = SURFACE_CURVE('',#7463,(#7467,#7479),.PCURVE_S1.);
#7463 = LINE('',#7464,#7465);
#7464 = CARTESIAN_POINT('',(-40.09559941781,-11.16530063932,
    -6.823751031527));
#7465 = VECTOR('',#7466,1.);
#7466 = DIRECTION('',(0.,-0.961825643173,-0.273662990072));
#7467 = PCURVE('',#7468,#7473);
#7468 = PLANE('',#7469);
#7469 = AXIS2_PLACEMENT_3D('',#7470,#7471,#7472);
#7470 = CARTESIAN_POINT('',(-40.09559941781,-11.16530063932,
    -6.823751031527));
#7471 = DIRECTION('',(0.906307787037,-0.115654977167,0.406485081415));
#7472 = DIRECTION('',(0.,-0.961825643173,-0.273662990072));
#7473 = DEFINITIONAL_REPRESENTATION('',(#7474),#7478);
#7474 = LINE('',#7475,#7476);
#7475 = CARTESIAN_POINT('',(0.,0.));
#7476 = VECTOR('',#7477,1.);
#7477 = DIRECTION('',(1.,0.));
#7478 = ( GEOMETRIC_REPRESENTATION_CONTEXT(2) 
PARAMETRIC_REPRESENTATION_CONTEXT() REPRESENTATION_CONTEXT('2D SPACE',''
  ) );
#7479 = PCURVE('',#7480,#7485);
#7480 = PLANE('',#7481);
#7481 = AXIS2_PLACEMENT_3D('',#7482,#7483,#7484);
#7482 = CARTESIAN_POINT('',(-40.09559941781,-11.16530063932,
    -6.823751031527));
#7483 = DIRECTION('',(-0.422618261741,-0.248022898926,0.871710070179));
#7484 = DIRECTION('',(0.,-0.961825643173,-0.273662990072));
#7485 = DEFINITIONAL_REPRESENTATION('',(#7486),#7490);
#7486 = LINE('',#7487,#7488);
#7487 = CARTESIAN_POINT('',(0.,0.));
#7488 = VECTOR('',#7489,1.);
#7489 = DIRECTION('',(1.,0.));
#7490 = ( GEOMETRIC_REPRESENTATION_CONTEXT(2) 
PARAMETRIC_REPRESENTATION_CONTEXT() REPRESENTATION_CONTEXT('2D SPACE',''
  ) );
#7491 = ORIENTED_EDGE('',*,*,#7492,.T.);
#7492 = EDGE_CURVE('',#7458,#7493,#7495,.T.);
#7493 = VERTEX_POINT('',#7494);
#7494 = CARTESIAN_POINT('',(-40.46854044145,-11.38416934942,
    -6.054507306584));
#7495 = SURFACE_CURVE('',#7496,(#7500,#7507),.PCURVE_S1.);
#7496 = LINE('',#7497,#7498);
#7497 = CARTESIAN_POINT('',(-40.09559941781,-11.16530063932,
    -6.823751031527));
#7498 = VECTOR('',#7499,1.);
#7499 = DIRECTION('',(-0.422618261741,-0.248022898926,0.871710070179));
#7500 = PCURVE('',#7468,#7501);
#7501 = DEFINITIONAL_REPRESENTATION('',(#7502),#7506);
#7502 = LINE('',#7503,#7504);
#7503 = CARTESIAN_POINT('',(0.,0.));
#7504 = VECTOR('',#7505,1.);
#7505 = DIRECTION('',(0.,-1.));
#7506 = ( GEOMETRIC_REPRESENTATION_CONTEXT(2) 
PARAMETRIC_REPRESENTATION_CONTEXT() REPRESENTATION_CONTEXT('2D SPACE',''
  ) );
#7507 = PCURVE('',#7508,#7513);
#7508 = PLANE('',#7509);
#7509 = AXIS2_PLACEMENT_3D('',#7510,#7511,#7512);
#7510 = CARTESIAN_POINT('',(-40.09559941781,-11.16530063932,
    -6.823751031527));
#7511 = DIRECTION('',(0.,-0.961825643173,-0.273662990072));
#7512 = DIRECTION('',(0.906307787037,-0.115654977167,0.406485081415));
#7513 = DEFINITIONAL_REPRESENTATION('',(#7514),#7518);
#7514 = LINE('',#7515,#7516);
#7515 = CARTESIAN_POINT('',(0.,0.));
#7516 = VECTOR('',#7517,1.);
#7517 = DIRECTION('',(0.,1.));
#7518 = ( GEOMETRIC_REPRESENTATION_CONTEXT(2) 
PARAMETRIC_REPRESENTATION_CONTEXT() REPRESENTATION_CONTEXT('2D SPACE',''
  ) );
#7519 = ORIENTED_EDGE('',*,*,#7520,.T.);
#7520 = EDGE_CURVE('',#7493,#7521,#7523,.T.);
#7521 = VERTEX_POINT('',#7522);
#7522 = CARTESIAN_POINT('',(-40.46854044145,-40.63821300599,
    -14.37800035917));
#7523 = SURFACE_CURVE('',#7524,(#7528,#7535),.PCURVE_S1.);
#7524 = LINE('',#7525,#7526);
#7525 = CARTESIAN_POINT('',(-40.46854044145,-11.38416934942,
    -6.054507306584));
#7526 = VECTOR('',#7527,1.);
#7527 = DIRECTION('',(0.,-0.961825643173,-0.273662990072));
#7528 = PCURVE('',#7468,#7529);
#7529 = DEFINITIONAL_REPRESENTATION('',(#7530),#7534);
#7530 = LINE('',#7531,#7532);
#7531 = CARTESIAN_POINT('',(2.498001805407E-16,-0.88245364056));
#7532 = VECTOR('',#7533,1.);
#7533 = DIRECTION('',(1.,0.));
#7534 = ( GEOMETRIC_REPRESENTATION_CONTEXT(2) 
PARAMETRIC_REPRESENTATION_CONTEXT() REPRESENTATION_CONTEXT('2D SPACE',''
  ) );
#7535 = PCURVE('',#7536,#7541);
#7536 = PLANE('',#7537);
#7537 = AXIS2_PLACEMENT_3D('',#7538,#7539,#7540);
#7538 = CARTESIAN_POINT('',(-40.46854044145,-11.38416934942,
    -6.054507306584));
#7539 = DIRECTION('',(-0.422618261741,-0.248022898926,0.871710070179));
#7540 = DIRECTION('',(0.,-0.961825643173,-0.273662990072));
#7541 = DEFINITIONAL_REPRESENTATION('',(#7542),#7546);
#7542 = LINE('',#7543,#7544);
#7543 = CARTESIAN_POINT('',(0.,0.));
#7544 = VECTOR('',#7545,1.);
#7545 = DIRECTION('',(1.,0.));
#7546 = ( GEOMETRIC_REPRESENTATION_CONTEXT(2) 
PARAMETRIC_REPRESENTATION_CONTEXT() REPRESENTATION_CONTEXT('2D SPACE',''
  ) );
#7547 = ORIENTED_EDGE('',*,*,#7548,.F.);
#7548 = EDGE_CURVE('',#7460,#7521,#7549,.T.);
#7549 = SURFACE_CURVE('',#7550,(#7554,#7561),.PCURVE_S1.);
#7550 = LINE('',#7551,#7552);
#7551 = CARTESIAN_POINT('',(-40.09559941781,-40.41934429589,
    -15.14724408412));
#7552 = VECTOR('',#7553,1.);
#7553 = DIRECTION('',(-0.422618261741,-0.248022898926,0.871710070179));
#7554 = PCURVE('',#7468,#7555);
#7555 = DEFINITIONAL_REPRESENTATION('',(#7556),#7560);
#7556 = LINE('',#7557,#7558);
#7557 = CARTESIAN_POINT('',(30.415121352005,3.552713678801E-15));
#7558 = VECTOR('',#7559,1.);
#7559 = DIRECTION('',(0.,-1.));
#7560 = ( GEOMETRIC_REPRESENTATION_CONTEXT(2) 
PARAMETRIC_REPRESENTATION_CONTEXT() REPRESENTATION_CONTEXT('2D SPACE',''
  ) );
#7561 = PCURVE('',#7562,#7567);
#7562 = PLANE('',#7563);
#7563 = AXIS2_PLACEMENT_3D('',#7564,#7565,#7566);
#7564 = CARTESIAN_POINT('',(-40.09559941781,-40.41934429589,
    -15.14724408412));
#7565 = DIRECTION('',(0.,-0.961825643173,-0.273662990072));
#7566 = DIRECTION('',(0.906307787037,-0.115654977167,0.406485081415));
#7567 = DEFINITIONAL_REPRESENTATION('',(#7568),#7572);
#7568 = LINE('',#7569,#7570);
#7569 = CARTESIAN_POINT('',(0.,0.));
#7570 = VECTOR('',#7571,1.);
#7571 = DIRECTION('',(0.,1.));
#7572 = ( GEOMETRIC_REPRESENTATION_CONTEXT(2) 
PARAMETRIC_REPRESENTATION_CONTEXT() REPRESENTATION_CONTEXT('2D SPACE',''
  ) );
#7573 = ADVANCED_FACE('',(#7574),#7480,.F.);
#7574 = FACE_BOUND('',#7575,.F.);
#7575 = EDGE_LOOP('',(#7576,#7606,#7627,#7628,#7651,#7677,#7712,#7742));
#7576 = ORIENTED_EDGE('',*,*,#7577,.F.);
#7577 = EDGE_CURVE('',#7578,#7580,#7582,.T.);
#7578 = VERTEX_POINT('',#7579);
#7579 = CARTESIAN_POINT('',(-26.76602264884,-12.86630323349,
    -0.845347032721));
#7580 = VERTEX_POINT('',#7581);
#7581 = CARTESIAN_POINT('',(-26.76602264884,-42.12034689006,
    -9.168840085316));
#7582 = SURFACE_CURVE('',#7583,(#7587,#7594),.PCURVE_S1.);
#7583 = LINE('',#7584,#7585);
#7584 = CARTESIAN_POINT('',(-26.76602264884,-12.86630323349,
    -0.845347032721));
#7585 = VECTOR('',#7586,1.);
#7586 = DIRECTION('',(0.,-0.961825643173,-0.273662990072));
#7587 = PCURVE('',#7480,#7588);
#7588 = DEFINITIONAL_REPRESENTATION('',(#7589),#7593);
#7589 = LINE('',#7590,#7591);
#7590 = CARTESIAN_POINT('',(-1.554312234475E-15,14.707560676003));
#7591 = VECTOR('',#7592,1.);
#7592 = DIRECTION('',(1.,0.));
#7593 = ( GEOMETRIC_REPRESENTATION_CONTEXT(2) 
PARAMETRIC_REPRESENTATION_CONTEXT() REPRESENTATION_CONTEXT('2D SPACE',''
  ) );
#7594 = PCURVE('',#7595,#7600);
#7595 = PLANE('',#7596);
#7596 = AXIS2_PLACEMENT_3D('',#7597,#7598,#7599);
#7597 = CARTESIAN_POINT('',(-26.76602264884,-12.86630323349,
    -0.845347032721));
#7598 = DIRECTION('',(0.906307787037,-0.115654977167,0.406485081415));
#7599 = DIRECTION('',(0.,-0.961825643173,-0.273662990072));
#7600 = DEFINITIONAL_REPRESENTATION('',(#7601),#7605);
#7601 = LINE('',#7602,#7603);
#7602 = CARTESIAN_POINT('',(0.,0.));
#7603 = VECTOR('',#7604,1.);
#7604 = DIRECTION('',(1.,0.));
#7605 = ( GEOMETRIC_REPRESENTATION_CONTEXT(2) 
PARAMETRIC_REPRESENTATION_CONTEXT() REPRESENTATION_CONTEXT('2D SPACE',''
  ) );
#7606 = ORIENTED_EDGE('',*,*,#7607,.F.);
#7607 = EDGE_CURVE('',#7458,#7578,#7608,.T.);
#7608 = SURFACE_CURVE('',#7609,(#7613,#7620),.PCURVE_S1.);
#7609 = LINE('',#7610,#7611);
#7610 = CARTESIAN_POINT('',(-40.09559941781,-11.16530063932,
    -6.823751031527));
#7611 = VECTOR('',#7612,1.);
#7612 = DIRECTION('',(0.906307787037,-0.115654977167,0.406485081415));
#7613 = PCURVE('',#7480,#7614);
#7614 = DEFINITIONAL_REPRESENTATION('',(#7615),#7619);
#7615 = LINE('',#7616,#7617);
#7616 = CARTESIAN_POINT('',(0.,0.));
#7617 = VECTOR('',#7618,1.);
#7618 = DIRECTION('',(0.,1.));
#7619 = ( GEOMETRIC_REPRESENTATION_CONTEXT(2) 
PARAMETRIC_REPRESENTATION_CONTEXT() REPRESENTATION_CONTEXT('2D SPACE',''
  ) );
#7620 = PCURVE('',#7508,#7621);
#7621 = DEFINITIONAL_REPRESENTATION('',(#7622),#7626);
#7622 = LINE('',#7623,#7624);
#7623 = CARTESIAN_POINT('',(0.,0.));
#7624 = VECTOR('',#7625,1.);
#7625 = DIRECTION('',(1.,0.));
#7626 = ( GEOMETRIC_REPRESENTATION_CONTEXT(2) 
PARAMETRIC_REPRESENTATION_CONTEXT() REPRESENTATION_CONTEXT('2D SPACE',''
  ) );
#7627 = ORIENTED_EDGE('',*,*,#7457,.T.);
#7628 = ORIENTED_EDGE('',*,*,#7629,.T.);
#7629 = EDGE_CURVE('',#7460,#7630,#7632,.T.);
#7630 = VERTEX_POINT('',#7631);
#7631 = CARTESIAN_POINT('',(-33.61728154514,-41.24604987689,
    -12.24167535176));
#7632 = SURFACE_CURVE('',#7633,(#7637,#7644),.PCURVE_S1.);
#7633 = LINE('',#7634,#7635);
#7634 = CARTESIAN_POINT('',(-40.09559941781,-40.41934429589,
    -15.14724408412));
#7635 = VECTOR('',#7636,1.);
#7636 = DIRECTION('',(0.906307787037,-0.115654977167,0.406485081415));
#7637 = PCURVE('',#7480,#7638);
#7638 = DEFINITIONAL_REPRESENTATION('',(#7639),#7643);
#7639 = LINE('',#7640,#7641);
#7640 = CARTESIAN_POINT('',(30.415121352005,0.));
#7641 = VECTOR('',#7642,1.);
#7642 = DIRECTION('',(0.,1.));
#7643 = ( GEOMETRIC_REPRESENTATION_CONTEXT(2) 
PARAMETRIC_REPRESENTATION_CONTEXT() REPRESENTATION_CONTEXT('2D SPACE',''
  ) );
#7644 = PCURVE('',#7562,#7645);
#7645 = DEFINITIONAL_REPRESENTATION('',(#7646),#7650);
#7646 = LINE('',#7647,#7648);
#7647 = CARTESIAN_POINT('',(0.,0.));
#7648 = VECTOR('',#7649,1.);
#7649 = DIRECTION('',(1.,0.));
#7650 = ( GEOMETRIC_REPRESENTATION_CONTEXT(2) 
PARAMETRIC_REPRESENTATION_CONTEXT() REPRESENTATION_CONTEXT('2D SPACE',''
  ) );
#7651 = ORIENTED_EDGE('',*,*,#7652,.T.);
#7652 = EDGE_CURVE('',#7630,#7653,#7655,.T.);
#7653 = VERTEX_POINT('',#7654);
#7654 = CARTESIAN_POINT('',(-33.61728154514,-38.91958823413,
    -11.57973994386));
#7655 = SURFACE_CURVE('',#7656,(#7660,#7666),.PCURVE_S1.);
#7656 = LINE('',#7657,#7658);
#7657 = CARTESIAN_POINT('',(-33.61728154514,-26.13811522702,
    -7.943097330431));
#7658 = VECTOR('',#7659,1.);
#7659 = DIRECTION('',(-0.,0.961825643173,0.273662990072));
#7660 = PCURVE('',#7480,#7661);
#7661 = DEFINITIONAL_REPRESENTATION('',(#7662),#7665);
#7662 = B_SPLINE_CURVE_WITH_KNOTS('',1,(#7663,#7664),.UNSPECIFIED.,.F.,
  .F.,(2,2),(-15.707560676,-13.207560676),.PIECEWISE_BEZIER_KNOTS.);
#7663 = CARTESIAN_POINT('',(30.415121352005,7.148032892721));
#7664 = CARTESIAN_POINT('',(27.915121352005,7.148032892721));
#7665 = ( GEOMETRIC_REPRESENTATION_CONTEXT(2) 
PARAMETRIC_REPRESENTATION_CONTEXT() REPRESENTATION_CONTEXT('2D SPACE',''
  ) );
#7666 = PCURVE('',#7667,#7672);
#7667 = PLANE('',#7668);
#7668 = AXIS2_PLACEMENT_3D('',#7669,#7670,#7671);
#7669 = CARTESIAN_POINT('',(-33.61728154514,-40.41745430485,
    -11.49975723217));
#7670 = DIRECTION('',(1.,0.,0.));
#7671 = DIRECTION('',(0.,-0.961825643173,-0.273662990072));
#7672 = DEFINITIONAL_REPRESENTATION('',(#7673),#7676);
#7673 = B_SPLINE_CURVE_WITH_KNOTS('',1,(#7674,#7675),.UNSPECIFIED.,.F.,
  .F.,(2,2),(-15.707560676,-13.207560676),.PIECEWISE_BEZIER_KNOTS.);
#7674 = CARTESIAN_POINT('',(1.,0.486839930751));
#7675 = CARTESIAN_POINT('',(-1.5,0.486839930751));
#7676 = ( GEOMETRIC_REPRESENTATION_CONTEXT(2) 
PARAMETRIC_REPRESENTATION_CONTEXT() REPRESENTATION_CONTEXT('2D SPACE',''
  ) );
#7677 = ORIENTED_EDGE('',*,*,#7678,.F.);
#7678 = EDGE_CURVE('',#7679,#7653,#7681,.T.);
#7679 = VERTEX_POINT('',#7680);
#7680 = CARTESIAN_POINT('',(-29.3564895637,-40.82794878996,
    -10.05701876741));
#7681 = SURFACE_CURVE('',#7682,(#7687,#7694),.PCURVE_S1.);
#7682 = ELLIPSE('',#7683,3.549302374729,1.5);
#7683 = AXIS2_PLACEMENT_3D('',#7684,#7685,#7686);
#7684 = CARTESIAN_POINT('',(-32.57324994447,-40.41745430485,
    -11.49975723217));
#7685 = DIRECTION('',(-0.422618261741,-0.248022898926,0.871710070179));
#7686 = DIRECTION('',(-0.906307787037,0.115654977167,-0.406485081415));
#7687 = PCURVE('',#7480,#7688);
#7688 = DEFINITIONAL_REPRESENTATION('',(#7689),#7693);
#7689 = ELLIPSE('',#7690,3.549302374729,1.5);
#7690 = AXIS2_PLACEMENT_2D('',#7691,#7692);
#7691 = CARTESIAN_POINT('',(29.415121352005,8.299994307606));
#7692 = DIRECTION('',(4.163336342344E-17,-1.));
#7693 = ( GEOMETRIC_REPRESENTATION_CONTEXT(2) 
PARAMETRIC_REPRESENTATION_CONTEXT() REPRESENTATION_CONTEXT('2D SPACE',''
  ) );
#7694 = PCURVE('',#7695,#7700);
#7695 = CYLINDRICAL_SURFACE('',#7696,1.5);
#7696 = AXIS2_PLACEMENT_3D('',#7697,#7698,#7699);
#7697 = CARTESIAN_POINT('',(-33.61728154514,-40.41745430485,
    -11.49975723217));
#7698 = DIRECTION('',(-1.,0.,0.));
#7699 = DIRECTION('',(0.,-0.273662990072,0.961825643173));
#7700 = DEFINITIONAL_REPRESENTATION('',(#7701),#7711);
#7701 = B_SPLINE_CURVE_WITH_KNOTS('',8,(#7702,#7703,#7704,#7705,#7706,
    #7707,#7708,#7709,#7710),.UNSPECIFIED.,.F.,.F.,(9,9),(3.14159265359,
    5.042935637106),.PIECEWISE_BEZIER_KNOTS.);
#7702 = CARTESIAN_POINT('',(-6.28318530718,-4.26079198144));
#7703 = CARTESIAN_POINT('',(-6.04551743424,-4.26079198144));
#7704 = CARTESIAN_POINT('',(-5.807849561299,-4.053131704453));
#7705 = CARTESIAN_POINT('',(-5.57018168835,-3.63781887501));
#7706 = CARTESIAN_POINT('',(-5.332513815407,-3.039844771427));
#7707 = CARTESIAN_POINT('',(-5.09484594248,-2.309344507439));
#7708 = CARTESIAN_POINT('',(-4.857178069539,-1.51366495914));
#7709 = CARTESIAN_POINT('',(-4.619510196603,-0.72313272222));
#7710 = CARTESIAN_POINT('',(-4.381842323664,5.999999999062E-07));
#7711 = ( GEOMETRIC_REPRESENTATION_CONTEXT(2) 
PARAMETRIC_REPRESENTATION_CONTEXT() REPRESENTATION_CONTEXT('2D SPACE',''
  ) );
#7712 = ORIENTED_EDGE('',*,*,#7713,.F.);
#7713 = EDGE_CURVE('',#7714,#7679,#7716,.T.);
#7714 = VERTEX_POINT('',#7715);
#7715 = CARTESIAN_POINT('',(-30.17561831823,-41.68524447239,
    -10.69806646192));
#7716 = SURFACE_CURVE('',#7717,(#7722,#7729),.PCURVE_S1.);
#7717 = ELLIPSE('',#7718,3.549302374729,1.5);
#7718 = AXIS2_PLACEMENT_3D('',#7719,#7720,#7721);
#7719 = CARTESIAN_POINT('',(-32.57324994447,-40.41745430485,
    -11.49975723217));
#7720 = DIRECTION('',(-0.422618261741,-0.248022898926,0.871710070179));
#7721 = DIRECTION('',(-0.906307787037,0.115654977167,-0.406485081415));
#7722 = PCURVE('',#7480,#7723);
#7723 = DEFINITIONAL_REPRESENTATION('',(#7724),#7728);
#7724 = ELLIPSE('',#7725,3.549302374729,1.5);
#7725 = AXIS2_PLACEMENT_2D('',#7726,#7727);
#7726 = CARTESIAN_POINT('',(29.415121352005,8.299994307606));
#7727 = DIRECTION('',(4.163336342344E-17,-1.));
#7728 = ( GEOMETRIC_REPRESENTATION_CONTEXT(2) 
PARAMETRIC_REPRESENTATION_CONTEXT() REPRESENTATION_CONTEXT('2D SPACE',''
  ) );
#7729 = PCURVE('',#7695,#7730);
#7730 = DEFINITIONAL_REPRESENTATION('',(#7731),#7741);
#7731 = B_SPLINE_CURVE_WITH_KNOTS('',8,(#7732,#7733,#7734,#7735,#7736,
    #7737,#7738,#7739,#7740),.UNSPECIFIED.,.F.,.F.,(9,9),(1.240249670074
    ,3.14159265359),.PIECEWISE_BEZIER_KNOTS.);
#7732 = CARTESIAN_POINT('',(-1.901342983516,5.999999999062E-07));
#7733 = CARTESIAN_POINT('',(-1.663675110576,-0.72313272222));
#7734 = CARTESIAN_POINT('',(-1.426007237637,-1.513664959141));
#7735 = CARTESIAN_POINT('',(-1.188339364695,-2.309344507437));
#7736 = CARTESIAN_POINT('',(-0.95067149176,-3.039844771441));
#7737 = CARTESIAN_POINT('',(-0.713003618816,-3.637818875006));
#7738 = CARTESIAN_POINT('',(-0.47533574588,-4.053131704455));
#7739 = CARTESIAN_POINT('',(-0.237667872939,-4.26079198144));
#7740 = CARTESIAN_POINT('',(4.440892098501E-15,-4.26079198144));
#7741 = ( GEOMETRIC_REPRESENTATION_CONTEXT(2) 
PARAMETRIC_REPRESENTATION_CONTEXT() REPRESENTATION_CONTEXT('2D SPACE',''
  ) );
#7742 = ORIENTED_EDGE('',*,*,#7743,.T.);
#7743 = EDGE_CURVE('',#7714,#7580,#7744,.T.);
#7744 = SURFACE_CURVE('',#7745,(#7749,#7756),.PCURVE_S1.);
#7745 = LINE('',#7746,#7747);
#7746 = CARTESIAN_POINT('',(-40.09559941781,-40.41934429589,
    -15.14724408412));
#7747 = VECTOR('',#7748,1.);
#7748 = DIRECTION('',(0.906307787037,-0.115654977167,0.406485081415));
#7749 = PCURVE('',#7480,#7750);
#7750 = DEFINITIONAL_REPRESENTATION('',(#7751),#7755);
#7751 = LINE('',#7752,#7753);
#7752 = CARTESIAN_POINT('',(30.415121352005,0.));
#7753 = VECTOR('',#7754,1.);
#7754 = DIRECTION('',(0.,1.));
#7755 = ( GEOMETRIC_REPRESENTATION_CONTEXT(2) 
PARAMETRIC_REPRESENTATION_CONTEXT() REPRESENTATION_CONTEXT('2D SPACE',''
  ) );
#7756 = PCURVE('',#7757,#7762);
#7757 = PLANE('',#7758);
#7758 = AXIS2_PLACEMENT_3D('',#7759,#7760,#7761);
#7759 = CARTESIAN_POINT('',(-40.09559941781,-40.41934429589,
    -15.14724408412));
#7760 = DIRECTION('',(0.,-0.961825643173,-0.273662990072));
#7761 = DIRECTION('',(0.906307787037,-0.115654977167,0.406485081415));
#7762 = DEFINITIONAL_REPRESENTATION('',(#7763),#7767);
#7763 = LINE('',#7764,#7765);
#7764 = CARTESIAN_POINT('',(0.,0.));
#7765 = VECTOR('',#7766,1.);
#7766 = DIRECTION('',(1.,0.));
#7767 = ( GEOMETRIC_REPRESENTATION_CONTEXT(2) 
PARAMETRIC_REPRESENTATION_CONTEXT() REPRESENTATION_CONTEXT('2D SPACE',''
  ) );
#7768 = ADVANCED_FACE('',(#7769),#7562,.T.);
#7769 = FACE_BOUND('',#7770,.T.);
#7770 = EDGE_LOOP('',(#7771,#7794,#7795,#7796));
#7771 = ORIENTED_EDGE('',*,*,#7772,.F.);
#7772 = EDGE_CURVE('',#7521,#7773,#7775,.T.);
#7773 = VERTEX_POINT('',#7774);
#7774 = CARTESIAN_POINT('',(-33.61728154514,-41.51251001916,
    -11.30516509273));
#7775 = SURFACE_CURVE('',#7776,(#7780,#7787),.PCURVE_S1.);
#7776 = LINE('',#7777,#7778);
#7777 = CARTESIAN_POINT('',(-40.46854044145,-40.63821300599,
    -14.37800035917));
#7778 = VECTOR('',#7779,1.);
#7779 = DIRECTION('',(0.906307787037,-0.115654977167,0.406485081415));
#7780 = PCURVE('',#7562,#7781);
#7781 = DEFINITIONAL_REPRESENTATION('',(#7782),#7786);
#7782 = LINE('',#7783,#7784);
#7783 = CARTESIAN_POINT('',(-2.553512956638E-15,0.88245364056));
#7784 = VECTOR('',#7785,1.);
#7785 = DIRECTION('',(1.,0.));
#7786 = ( GEOMETRIC_REPRESENTATION_CONTEXT(2) 
PARAMETRIC_REPRESENTATION_CONTEXT() REPRESENTATION_CONTEXT('2D SPACE',''
  ) );
#7787 = PCURVE('',#7536,#7788);
#7788 = DEFINITIONAL_REPRESENTATION('',(#7789),#7793);
#7789 = LINE('',#7790,#7791);
#7790 = CARTESIAN_POINT('',(30.415121352005,0.));
#7791 = VECTOR('',#7792,1.);
#7792 = DIRECTION('',(0.,1.));
#7793 = ( GEOMETRIC_REPRESENTATION_CONTEXT(2) 
PARAMETRIC_REPRESENTATION_CONTEXT() REPRESENTATION_CONTEXT('2D SPACE',''
  ) );
#7794 = ORIENTED_EDGE('',*,*,#7548,.F.);
#7795 = ORIENTED_EDGE('',*,*,#7629,.T.);
#7796 = ORIENTED_EDGE('',*,*,#7797,.T.);
#7797 = EDGE_CURVE('',#7630,#7773,#7798,.T.);
#7798 = SURFACE_CURVE('',#7799,(#7803,#7809),.PCURVE_S1.);
#7799 = LINE('',#7800,#7801);
#7800 = CARTESIAN_POINT('',(-33.61728154514,-40.89931212196,
    -13.46033215318));
#7801 = VECTOR('',#7802,1.);
#7802 = DIRECTION('',(0.,-0.273662990072,0.961825643173));
#7803 = PCURVE('',#7562,#7804);
#7804 = DEFINITIONAL_REPRESENTATION('',(#7805),#7808);
#7805 = B_SPLINE_CURVE_WITH_KNOTS('',1,(#7806,#7807),.UNSPECIFIED.,.F.,
  .F.,(2,2),(1.267024652618,2.24070451412),.PIECEWISE_BEZIER_KNOTS.);
#7806 = CARTESIAN_POINT('',(7.148032892721,2.22044604925E-16));
#7807 = CARTESIAN_POINT('',(7.559527783281,0.88245364056));
#7808 = ( GEOMETRIC_REPRESENTATION_CONTEXT(2) 
PARAMETRIC_REPRESENTATION_CONTEXT() REPRESENTATION_CONTEXT('2D SPACE',''
  ) );
#7809 = PCURVE('',#7667,#7810);
#7810 = DEFINITIONAL_REPRESENTATION('',(#7811),#7814);
#7811 = B_SPLINE_CURVE_WITH_KNOTS('',1,(#7812,#7813),.UNSPECIFIED.,.F.,
  .F.,(2,2),(1.267024652618,2.24070451412),.PIECEWISE_BEZIER_KNOTS.);
#7812 = CARTESIAN_POINT('',(1.,0.486839930751));
#7813 = CARTESIAN_POINT('',(1.,-0.486839930751));
#7814 = ( GEOMETRIC_REPRESENTATION_CONTEXT(2) 
PARAMETRIC_REPRESENTATION_CONTEXT() REPRESENTATION_CONTEXT('2D SPACE',''
  ) );
#7815 = ADVANCED_FACE('',(#7816),#7536,.T.);
#7816 = FACE_BOUND('',#7817,.T.);
#7817 = EDGE_LOOP('',(#7818,#7843,#7864,#7865,#7866,#7887,#7921,#7950));
#7818 = ORIENTED_EDGE('',*,*,#7819,.F.);
#7819 = EDGE_CURVE('',#7820,#7822,#7824,.T.);
#7820 = VERTEX_POINT('',#7821);
#7821 = CARTESIAN_POINT('',(-27.13896367248,-13.08517194358,
    -7.610330777855E-02));
#7822 = VERTEX_POINT('',#7823);
#7823 = CARTESIAN_POINT('',(-27.13896367248,-42.33921560016,
    -8.399596360374));
#7824 = SURFACE_CURVE('',#7825,(#7829,#7836),.PCURVE_S1.);
#7825 = LINE('',#7826,#7827);
#7826 = CARTESIAN_POINT('',(-27.13896367248,-13.08517194358,
    -7.610330777855E-02));
#7827 = VECTOR('',#7828,1.);
#7828 = DIRECTION('',(0.,-0.961825643173,-0.273662990072));
#7829 = PCURVE('',#7536,#7830);
#7830 = DEFINITIONAL_REPRESENTATION('',(#7831),#7835);
#7831 = LINE('',#7832,#7833);
#7832 = CARTESIAN_POINT('',(-1.554312234475E-15,14.707560676003));
#7833 = VECTOR('',#7834,1.);
#7834 = DIRECTION('',(1.,0.));
#7835 = ( GEOMETRIC_REPRESENTATION_CONTEXT(2) 
PARAMETRIC_REPRESENTATION_CONTEXT() REPRESENTATION_CONTEXT('2D SPACE',''
  ) );
#7836 = PCURVE('',#7595,#7837);
#7837 = DEFINITIONAL_REPRESENTATION('',(#7838),#7842);
#7838 = LINE('',#7839,#7840);
#7839 = CARTESIAN_POINT('',(8.326672684689E-17,-0.88245364056));
#7840 = VECTOR('',#7841,1.);
#7841 = DIRECTION('',(1.,0.));
#7842 = ( GEOMETRIC_REPRESENTATION_CONTEXT(2) 
PARAMETRIC_REPRESENTATION_CONTEXT() REPRESENTATION_CONTEXT('2D SPACE',''
  ) );
#7843 = ORIENTED_EDGE('',*,*,#7844,.F.);
#7844 = EDGE_CURVE('',#7493,#7820,#7845,.T.);
#7845 = SURFACE_CURVE('',#7846,(#7850,#7857),.PCURVE_S1.);
#7846 = LINE('',#7847,#7848);
#7847 = CARTESIAN_POINT('',(-40.46854044145,-11.38416934942,
    -6.054507306584));
#7848 = VECTOR('',#7849,1.);
#7849 = DIRECTION('',(0.906307787037,-0.115654977167,0.406485081415));
#7850 = PCURVE('',#7536,#7851);
#7851 = DEFINITIONAL_REPRESENTATION('',(#7852),#7856);
#7852 = LINE('',#7853,#7854);
#7853 = CARTESIAN_POINT('',(0.,0.));
#7854 = VECTOR('',#7855,1.);
#7855 = DIRECTION('',(0.,1.));
#7856 = ( GEOMETRIC_REPRESENTATION_CONTEXT(2) 
PARAMETRIC_REPRESENTATION_CONTEXT() REPRESENTATION_CONTEXT('2D SPACE',''
  ) );
#7857 = PCURVE('',#7508,#7858);
#7858 = DEFINITIONAL_REPRESENTATION('',(#7859),#7863);
#7859 = LINE('',#7860,#7861);
#7860 = CARTESIAN_POINT('',(-2.6645352591E-15,0.88245364056));
#7861 = VECTOR('',#7862,1.);
#7862 = DIRECTION('',(1.,0.));
#7863 = ( GEOMETRIC_REPRESENTATION_CONTEXT(2) 
PARAMETRIC_REPRESENTATION_CONTEXT() REPRESENTATION_CONTEXT('2D SPACE',''
  ) );
#7864 = ORIENTED_EDGE('',*,*,#7520,.T.);
#7865 = ORIENTED_EDGE('',*,*,#7772,.T.);
#7866 = ORIENTED_EDGE('',*,*,#7867,.T.);
#7867 = EDGE_CURVE('',#7773,#7868,#7870,.T.);
#7868 = VERTEX_POINT('',#7869);
#7869 = CARTESIAN_POINT('',(-33.61728154514,-39.1860483764,
    -10.64322968482));
#7870 = SURFACE_CURVE('',#7871,(#7875,#7881),.PCURVE_S1.);
#7871 = LINE('',#7872,#7873);
#7872 = CARTESIAN_POINT('',(-33.61728154514,-26.40457536929,
    -7.006587071397));
#7873 = VECTOR('',#7874,1.);
#7874 = DIRECTION('',(-0.,0.961825643173,0.273662990072));
#7875 = PCURVE('',#7536,#7876);
#7876 = DEFINITIONAL_REPRESENTATION('',(#7877),#7880);
#7877 = B_SPLINE_CURVE_WITH_KNOTS('',1,(#7878,#7879),.UNSPECIFIED.,.F.,
  .F.,(2,2),(-15.707560676,-13.207560676),.PIECEWISE_BEZIER_KNOTS.);
#7878 = CARTESIAN_POINT('',(30.415121352005,7.559527783281));
#7879 = CARTESIAN_POINT('',(27.915121352005,7.559527783281));
#7880 = ( GEOMETRIC_REPRESENTATION_CONTEXT(2) 
PARAMETRIC_REPRESENTATION_CONTEXT() REPRESENTATION_CONTEXT('2D SPACE',''
  ) );
#7881 = PCURVE('',#7667,#7882);
#7882 = DEFINITIONAL_REPRESENTATION('',(#7883),#7886);
#7883 = B_SPLINE_CURVE_WITH_KNOTS('',1,(#7884,#7885),.UNSPECIFIED.,.F.,
  .F.,(2,2),(-15.707560676,-13.207560676),.PIECEWISE_BEZIER_KNOTS.);
#7884 = CARTESIAN_POINT('',(1.,-0.486839930751));
#7885 = CARTESIAN_POINT('',(-1.5,-0.486839930751));
#7886 = ( GEOMETRIC_REPRESENTATION_CONTEXT(2) 
PARAMETRIC_REPRESENTATION_CONTEXT() REPRESENTATION_CONTEXT('2D SPACE',''
  ) );
#7887 = ORIENTED_EDGE('',*,*,#7888,.F.);
#7888 = EDGE_CURVE('',#7889,#7868,#7891,.T.);
#7889 = VERTEX_POINT('',#7890);
#7890 = CARTESIAN_POINT('',(-31.44455276506,-40.82794878996,
    -10.05701876741));
#7891 = SURFACE_CURVE('',#7892,(#7897,#7904),.PCURVE_S1.);
#7892 = ELLIPSE('',#7893,3.549302374729,1.5);
#7893 = AXIS2_PLACEMENT_3D('',#7894,#7895,#7896);
#7894 = CARTESIAN_POINT('',(-34.66131314582,-40.41745430485,
    -11.49975723217));
#7895 = DIRECTION('',(-0.422618261741,-0.248022898926,0.871710070179));
#7896 = DIRECTION('',(-0.906307787037,0.115654977167,-0.406485081415));
#7897 = PCURVE('',#7536,#7898);
#7898 = DEFINITIONAL_REPRESENTATION('',(#7899),#7903);
#7899 = ELLIPSE('',#7900,3.549302374729,1.5);
#7900 = AXIS2_PLACEMENT_2D('',#7901,#7902);
#7901 = CARTESIAN_POINT('',(29.415121352005,6.407566368396));
#7902 = DIRECTION('',(4.163336342344E-17,-1.));
#7903 = ( GEOMETRIC_REPRESENTATION_CONTEXT(2) 
PARAMETRIC_REPRESENTATION_CONTEXT() REPRESENTATION_CONTEXT('2D SPACE',''
  ) );
#7904 = PCURVE('',#7905,#7910);
#7905 = CYLINDRICAL_SURFACE('',#7906,1.5);
#7906 = AXIS2_PLACEMENT_3D('',#7907,#7908,#7909);
#7907 = CARTESIAN_POINT('',(-33.61728154514,-40.41745430485,
    -11.49975723217));
#7908 = DIRECTION('',(-1.,0.,0.));
#7909 = DIRECTION('',(0.,-0.273662990072,0.961825643173));
#7910 = DEFINITIONAL_REPRESENTATION('',(#7911),#7920);
#7911 = B_SPLINE_CURVE_WITH_KNOTS('',7,(#7912,#7913,#7914,#7915,#7916,
    #7917,#7918,#7919),.UNSPECIFIED.,.F.,.F.,(8,8),(3.14159265359,
    4.38184271806),.PIECEWISE_BEZIER_KNOTS.);
#7912 = CARTESIAN_POINT('',(-6.28318530718,-2.172728780088));
#7913 = CARTESIAN_POINT('',(-6.106006726541,-2.172728780088));
#7914 = CARTESIAN_POINT('',(-5.928828145903,-2.054916646473));
#7915 = CARTESIAN_POINT('',(-5.751649565264,-1.819297034842));
#7916 = CARTESIAN_POINT('',(-5.574470984626,-1.474912375584));
#7917 = CARTESIAN_POINT('',(-5.397292403986,-1.039936753646));
#7918 = CARTESIAN_POINT('',(-5.220113823348,-0.539086788624));
#7919 = CARTESIAN_POINT('',(-5.042935242709,5.999999999062E-07));
#7920 = ( GEOMETRIC_REPRESENTATION_CONTEXT(2) 
PARAMETRIC_REPRESENTATION_CONTEXT() REPRESENTATION_CONTEXT('2D SPACE',''
  ) );
#7921 = ORIENTED_EDGE('',*,*,#7922,.F.);
#7922 = EDGE_CURVE('',#7923,#7889,#7925,.T.);
#7923 = VERTEX_POINT('',#7924);
#7924 = CARTESIAN_POINT('',(-32.26368151958,-41.68524447239,
    -10.69806646192));
#7925 = SURFACE_CURVE('',#7926,(#7931,#7938),.PCURVE_S1.);
#7926 = ELLIPSE('',#7927,3.549302374729,1.5);
#7927 = AXIS2_PLACEMENT_3D('',#7928,#7929,#7930);
#7928 = CARTESIAN_POINT('',(-34.66131314582,-40.41745430485,
    -11.49975723217));
#7929 = DIRECTION('',(-0.422618261741,-0.248022898926,0.871710070179));
#7930 = DIRECTION('',(-0.906307787037,0.115654977167,-0.406485081415));
#7931 = PCURVE('',#7536,#7932);
#7932 = DEFINITIONAL_REPRESENTATION('',(#7933),#7937);
#7933 = ELLIPSE('',#7934,3.549302374729,1.5);
#7934 = AXIS2_PLACEMENT_2D('',#7935,#7936);
#7935 = CARTESIAN_POINT('',(29.415121352005,6.407566368396));
#7936 = DIRECTION('',(4.163336342344E-17,-1.));
#7937 = ( GEOMETRIC_REPRESENTATION_CONTEXT(2) 
PARAMETRIC_REPRESENTATION_CONTEXT() REPRESENTATION_CONTEXT('2D SPACE',''
  ) );
#7938 = PCURVE('',#7695,#7939);
#7939 = DEFINITIONAL_REPRESENTATION('',(#7940),#7949);
#7940 = B_SPLINE_CURVE_WITH_KNOTS('',7,(#7941,#7942,#7943,#7944,#7945,
    #7946,#7947,#7948),.UNSPECIFIED.,.F.,.F.,(8,8),(1.901342589119,
    3.14159265359),.PIECEWISE_BEZIER_KNOTS.);
#7941 = CARTESIAN_POINT('',(-1.240250064471,5.999999999062E-07));
#7942 = CARTESIAN_POINT('',(-1.063071483832,-0.539086788624));
#7943 = CARTESIAN_POINT('',(-0.885892903193,-1.039936753646));
#7944 = CARTESIAN_POINT('',(-0.708714322555,-1.474912375583));
#7945 = CARTESIAN_POINT('',(-0.531535741916,-1.819297034843));
#7946 = CARTESIAN_POINT('',(-0.354357161277,-2.054916646473));
#7947 = CARTESIAN_POINT('',(-0.177178580639,-2.172728780088));
#7948 = CARTESIAN_POINT('',(4.440892098501E-15,-2.172728780088));
#7949 = ( GEOMETRIC_REPRESENTATION_CONTEXT(2) 
PARAMETRIC_REPRESENTATION_CONTEXT() REPRESENTATION_CONTEXT('2D SPACE',''
  ) );
#7950 = ORIENTED_EDGE('',*,*,#7951,.T.);
#7951 = EDGE_CURVE('',#7923,#7822,#7952,.T.);
#7952 = SURFACE_CURVE('',#7953,(#7957,#7964),.PCURVE_S1.);
#7953 = LINE('',#7954,#7955);
#7954 = CARTESIAN_POINT('',(-40.46854044145,-40.63821300599,
    -14.37800035917));
#7955 = VECTOR('',#7956,1.);
#7956 = DIRECTION('',(0.906307787037,-0.115654977167,0.406485081415));
#7957 = PCURVE('',#7536,#7958);
#7958 = DEFINITIONAL_REPRESENTATION('',(#7959),#7963);
#7959 = LINE('',#7960,#7961);
#7960 = CARTESIAN_POINT('',(30.415121352005,0.));
#7961 = VECTOR('',#7962,1.);
#7962 = DIRECTION('',(0.,1.));
#7963 = ( GEOMETRIC_REPRESENTATION_CONTEXT(2) 
PARAMETRIC_REPRESENTATION_CONTEXT() REPRESENTATION_CONTEXT('2D SPACE',''
  ) );
#7964 = PCURVE('',#7757,#7965);
#7965 = DEFINITIONAL_REPRESENTATION('',(#7966),#7970);
#7966 = LINE('',#7967,#7968);
#7967 = CARTESIAN_POINT('',(-2.553512956638E-15,0.88245364056));
#7968 = VECTOR('',#7969,1.);
#7969 = DIRECTION('',(1.,0.));
#7970 = ( GEOMETRIC_REPRESENTATION_CONTEXT(2) 
PARAMETRIC_REPRESENTATION_CONTEXT() REPRESENTATION_CONTEXT('2D SPACE',''
  ) );
#7971 = ADVANCED_FACE('',(#7972),#7508,.F.);
#7972 = FACE_BOUND('',#7973,.F.);
#7973 = EDGE_LOOP('',(#7974,#7975,#7976,#7997));
#7974 = ORIENTED_EDGE('',*,*,#7492,.F.);
#7975 = ORIENTED_EDGE('',*,*,#7607,.T.);
#7976 = ORIENTED_EDGE('',*,*,#7977,.T.);
#7977 = EDGE_CURVE('',#7578,#7820,#7978,.T.);
#7978 = SURFACE_CURVE('',#7979,(#7983,#7990),.PCURVE_S1.);
#7979 = LINE('',#7980,#7981);
#7980 = CARTESIAN_POINT('',(-26.76602264884,-12.86630323349,
    -0.845347032721));
#7981 = VECTOR('',#7982,1.);
#7982 = DIRECTION('',(-0.422618261741,-0.248022898926,0.871710070179));
#7983 = PCURVE('',#7508,#7984);
#7984 = DEFINITIONAL_REPRESENTATION('',(#7985),#7989);
#7985 = LINE('',#7986,#7987);
#7986 = CARTESIAN_POINT('',(14.707560676003,0.));
#7987 = VECTOR('',#7988,1.);
#7988 = DIRECTION('',(0.,1.));
#7989 = ( GEOMETRIC_REPRESENTATION_CONTEXT(2) 
PARAMETRIC_REPRESENTATION_CONTEXT() REPRESENTATION_CONTEXT('2D SPACE',''
  ) );
#7990 = PCURVE('',#7595,#7991);
#7991 = DEFINITIONAL_REPRESENTATION('',(#7992),#7996);
#7992 = LINE('',#7993,#7994);
#7993 = CARTESIAN_POINT('',(0.,0.));
#7994 = VECTOR('',#7995,1.);
#7995 = DIRECTION('',(0.,-1.));
#7996 = ( GEOMETRIC_REPRESENTATION_CONTEXT(2) 
PARAMETRIC_REPRESENTATION_CONTEXT() REPRESENTATION_CONTEXT('2D SPACE',''
  ) );
#7997 = ORIENTED_EDGE('',*,*,#7844,.F.);
#7998 = ADVANCED_FACE('',(#7999),#7595,.T.);
#7999 = FACE_BOUND('',#8000,.T.);
#8000 = EDGE_LOOP('',(#8001,#8002,#8003,#8004));
#8001 = ORIENTED_EDGE('',*,*,#7577,.F.);
#8002 = ORIENTED_EDGE('',*,*,#7977,.T.);
#8003 = ORIENTED_EDGE('',*,*,#7819,.T.);
#8004 = ORIENTED_EDGE('',*,*,#8005,.F.);
#8005 = EDGE_CURVE('',#7580,#7822,#8006,.T.);
#8006 = SURFACE_CURVE('',#8007,(#8011,#8018),.PCURVE_S1.);
#8007 = LINE('',#8008,#8009);
#8008 = CARTESIAN_POINT('',(-26.76602264884,-42.12034689006,
    -9.168840085316));
#8009 = VECTOR('',#8010,1.);
#8010 = DIRECTION('',(-0.422618261741,-0.248022898926,0.871710070179));
#8011 = PCURVE('',#7595,#8012);
#8012 = DEFINITIONAL_REPRESENTATION('',(#8013),#8017);
#8013 = LINE('',#8014,#8015);
#8014 = CARTESIAN_POINT('',(30.415121352005,0.));
#8015 = VECTOR('',#8016,1.);
#8016 = DIRECTION('',(0.,-1.));
#8017 = ( GEOMETRIC_REPRESENTATION_CONTEXT(2) 
PARAMETRIC_REPRESENTATION_CONTEXT() REPRESENTATION_CONTEXT('2D SPACE',''
  ) );
#8018 = PCURVE('',#7757,#8019);
#8019 = DEFINITIONAL_REPRESENTATION('',(#8020),#8024);
#8020 = LINE('',#8021,#8022);
#8021 = CARTESIAN_POINT('',(14.707560676003,1.7763568394E-15));
#8022 = VECTOR('',#8023,1.);
#8023 = DIRECTION('',(0.,1.));
#8024 = ( GEOMETRIC_REPRESENTATION_CONTEXT(2) 
PARAMETRIC_REPRESENTATION_CONTEXT() REPRESENTATION_CONTEXT('2D SPACE',''
  ) );
#8025 = ADVANCED_FACE('',(#8026),#7757,.T.);
#8026 = FACE_BOUND('',#8027,.T.);
#8027 = EDGE_LOOP('',(#8028,#8029,#8048,#8049));
#8028 = ORIENTED_EDGE('',*,*,#7951,.F.);
#8029 = ORIENTED_EDGE('',*,*,#8030,.F.);
#8030 = EDGE_CURVE('',#7714,#7923,#8031,.T.);
#8031 = SURFACE_CURVE('',#8032,(#8036,#8042),.PCURVE_S1.);
#8032 = LINE('',#8033,#8034);
#8033 = CARTESIAN_POINT('',(-33.61728154514,-41.68524447239,
    -10.69806646192));
#8034 = VECTOR('',#8035,1.);
#8035 = DIRECTION('',(-1.,0.,0.));
#8036 = PCURVE('',#7757,#8037);
#8037 = DEFINITIONAL_REPRESENTATION('',(#8038),#8041);
#8038 = B_SPLINE_CURVE_WITH_KNOTS('',1,(#8039,#8040),.UNSPECIFIED.,.F.,
  .F.,(2,2),(-3.65046954705,-1.144793705428),.PIECEWISE_BEZIER_KNOTS.);
#8039 = CARTESIAN_POINT('',(11.134730895726,-8.824536405598E-02));
#8040 = CARTESIAN_POINT('',(8.863817368674,0.970699004616));
#8041 = ( GEOMETRIC_REPRESENTATION_CONTEXT(2) 
PARAMETRIC_REPRESENTATION_CONTEXT() REPRESENTATION_CONTEXT('2D SPACE',''
  ) );
#8042 = PCURVE('',#7695,#8043);
#8043 = DEFINITIONAL_REPRESENTATION('',(#8044),#8047);
#8044 = B_SPLINE_CURVE_WITH_KNOTS('',1,(#8045,#8046),.UNSPECIFIED.,.F.,
  .F.,(2,2),(-3.65046954705,-1.144793705428),.PIECEWISE_BEZIER_KNOTS.);
#8045 = CARTESIAN_POINT('',(-0.729727656227,-3.65046954705));
#8046 = CARTESIAN_POINT('',(-0.729727656227,-1.144793705428));
#8047 = ( GEOMETRIC_REPRESENTATION_CONTEXT(2) 
PARAMETRIC_REPRESENTATION_CONTEXT() REPRESENTATION_CONTEXT('2D SPACE',''
  ) );
#8048 = ORIENTED_EDGE('',*,*,#7743,.T.);
#8049 = ORIENTED_EDGE('',*,*,#8005,.T.);
#8050 = ADVANCED_FACE('',(#8051),#7695,.T.);
#8051 = FACE_BOUND('',#8052,.F.);
#8052 = EDGE_LOOP('',(#8053,#8077,#8098,#8099,#8100,#8101,#8124,#8151,
    #8152));
#8053 = ORIENTED_EDGE('',*,*,#8054,.F.);
#8054 = EDGE_CURVE('',#8055,#7653,#8057,.T.);
#8055 = VERTEX_POINT('',#8056);
#8056 = CARTESIAN_POINT('',(-33.61728154514,-40.82794878996,
    -10.05701876741));
#8057 = SURFACE_CURVE('',#8058,(#8063,#8070),.PCURVE_S1.);
#8058 = CIRCLE('',#8059,1.5);
#8059 = AXIS2_PLACEMENT_3D('',#8060,#8061,#8062);
#8060 = CARTESIAN_POINT('',(-33.61728154514,-40.41745430485,
    -11.49975723217));
#8061 = DIRECTION('',(1.,0.,0.));
#8062 = DIRECTION('',(0.,-0.273662990072,0.961825643173));
#8063 = PCURVE('',#7695,#8064);
#8064 = DEFINITIONAL_REPRESENTATION('',(#8065),#8069);
#8065 = LINE('',#8066,#8067);
#8066 = CARTESIAN_POINT('',(-0.,0.));
#8067 = VECTOR('',#8068,1.);
#8068 = DIRECTION('',(-1.,0.));
#8069 = ( GEOMETRIC_REPRESENTATION_CONTEXT(2) 
PARAMETRIC_REPRESENTATION_CONTEXT() REPRESENTATION_CONTEXT('2D SPACE',''
  ) );
#8070 = PCURVE('',#7667,#8071);
#8071 = DEFINITIONAL_REPRESENTATION('',(#8072),#8076);
#8072 = CIRCLE('',#8073,1.5);
#8073 = AXIS2_PLACEMENT_2D('',#8074,#8075);
#8074 = CARTESIAN_POINT('',(0.,0.));
#8075 = DIRECTION('',(0.,-1.));
#8076 = ( GEOMETRIC_REPRESENTATION_CONTEXT(2) 
PARAMETRIC_REPRESENTATION_CONTEXT() REPRESENTATION_CONTEXT('2D SPACE',''
  ) );
#8077 = ORIENTED_EDGE('',*,*,#8078,.T.);
#8078 = EDGE_CURVE('',#8055,#7889,#8079,.T.);
#8079 = SURFACE_CURVE('',#8080,(#8084,#8091),.PCURVE_S1.);
#8080 = LINE('',#8081,#8082);
#8081 = CARTESIAN_POINT('',(-33.61728154514,-40.82794878996,
    -10.05701876741));
#8082 = VECTOR('',#8083,1.);
#8083 = DIRECTION('',(1.,0.,0.));
#8084 = PCURVE('',#7695,#8085);
#8085 = DEFINITIONAL_REPRESENTATION('',(#8086),#8090);
#8086 = LINE('',#8087,#8088);
#8087 = CARTESIAN_POINT('',(-0.,0.));
#8088 = VECTOR('',#8089,1.);
#8089 = DIRECTION('',(-0.,-1.));
#8090 = ( GEOMETRIC_REPRESENTATION_CONTEXT(2) 
PARAMETRIC_REPRESENTATION_CONTEXT() REPRESENTATION_CONTEXT('2D SPACE',''
  ) );
#8091 = PCURVE('',#7905,#8092);
#8092 = DEFINITIONAL_REPRESENTATION('',(#8093),#8097);
#8093 = LINE('',#8094,#8095);
#8094 = CARTESIAN_POINT('',(-6.28318530718,0.));
#8095 = VECTOR('',#8096,1.);
#8096 = DIRECTION('',(-0.,-1.));
#8097 = ( GEOMETRIC_REPRESENTATION_CONTEXT(2) 
PARAMETRIC_REPRESENTATION_CONTEXT() REPRESENTATION_CONTEXT('2D SPACE',''
  ) );
#8098 = ORIENTED_EDGE('',*,*,#7922,.F.);
#8099 = ORIENTED_EDGE('',*,*,#8030,.F.);
#8100 = ORIENTED_EDGE('',*,*,#7713,.T.);
#8101 = ORIENTED_EDGE('',*,*,#8102,.T.);
#8102 = EDGE_CURVE('',#7679,#8103,#8105,.T.);
#8103 = VERTEX_POINT('',#8104);
#8104 = CARTESIAN_POINT('',(-23.61728154514,-40.82794878996,
    -10.05701876741));
#8105 = SEAM_CURVE('',#8106,(#8110,#8117),.PCURVE_S1.);
#8106 = LINE('',#8107,#8108);
#8107 = CARTESIAN_POINT('',(-33.61728154514,-40.82794878996,
    -10.05701876741));
#8108 = VECTOR('',#8109,1.);
#8109 = DIRECTION('',(1.,0.,0.));
#8110 = PCURVE('',#7695,#8111);
#8111 = DEFINITIONAL_REPRESENTATION('',(#8112),#8116);
#8112 = LINE('',#8113,#8114);
#8113 = CARTESIAN_POINT('',(-0.,0.));
#8114 = VECTOR('',#8115,1.);
#8115 = DIRECTION('',(-0.,-1.));
#8116 = ( GEOMETRIC_REPRESENTATION_CONTEXT(2) 
PARAMETRIC_REPRESENTATION_CONTEXT() REPRESENTATION_CONTEXT('2D SPACE',''
  ) );
#8117 = PCURVE('',#7695,#8118);
#8118 = DEFINITIONAL_REPRESENTATION('',(#8119),#8123);
#8119 = LINE('',#8120,#8121);
#8120 = CARTESIAN_POINT('',(-6.28318530718,0.));
#8121 = VECTOR('',#8122,1.);
#8122 = DIRECTION('',(-0.,-1.));
#8123 = ( GEOMETRIC_REPRESENTATION_CONTEXT(2) 
PARAMETRIC_REPRESENTATION_CONTEXT() REPRESENTATION_CONTEXT('2D SPACE',''
  ) );
#8124 = ORIENTED_EDGE('',*,*,#8125,.T.);
#8125 = EDGE_CURVE('',#8103,#8103,#8126,.T.);
#8126 = SURFACE_CURVE('',#8127,(#8132,#8139),.PCURVE_S1.);
#8127 = CIRCLE('',#8128,1.5);
#8128 = AXIS2_PLACEMENT_3D('',#8129,#8130,#8131);
#8129 = CARTESIAN_POINT('',(-23.61728154514,-40.41745430485,
    -11.49975723217));
#8130 = DIRECTION('',(1.,0.,0.));
#8131 = DIRECTION('',(0.,-0.273662990072,0.961825643173));
#8132 = PCURVE('',#7695,#8133);
#8133 = DEFINITIONAL_REPRESENTATION('',(#8134),#8138);
#8134 = LINE('',#8135,#8136);
#8135 = CARTESIAN_POINT('',(-0.,-10.));
#8136 = VECTOR('',#8137,1.);
#8137 = DIRECTION('',(-1.,0.));
#8138 = ( GEOMETRIC_REPRESENTATION_CONTEXT(2) 
PARAMETRIC_REPRESENTATION_CONTEXT() REPRESENTATION_CONTEXT('2D SPACE',''
  ) );
#8139 = PCURVE('',#8140,#8145);
#8140 = PLANE('',#8141);
#8141 = AXIS2_PLACEMENT_3D('',#8142,#8143,#8144);
#8142 = CARTESIAN_POINT('',(-23.61728154514,-40.41745430485,
    -11.49975723217));
#8143 = DIRECTION('',(1.,0.,0.));
#8144 = DIRECTION('',(0.,-0.961825643173,-0.273662990072));
#8145 = DEFINITIONAL_REPRESENTATION('',(#8146),#8150);
#8146 = CIRCLE('',#8147,1.5);
#8147 = AXIS2_PLACEMENT_2D('',#8148,#8149);
#8148 = CARTESIAN_POINT('',(0.,0.));
#8149 = DIRECTION('',(0.,-1.));
#8150 = ( GEOMETRIC_REPRESENTATION_CONTEXT(2) 
PARAMETRIC_REPRESENTATION_CONTEXT() REPRESENTATION_CONTEXT('2D SPACE',''
  ) );
#8151 = ORIENTED_EDGE('',*,*,#8102,.F.);
#8152 = ORIENTED_EDGE('',*,*,#7678,.T.);
#8153 = ADVANCED_FACE('',(#8154),#7667,.F.);
#8154 = FACE_BOUND('',#8155,.F.);
#8155 = EDGE_LOOP('',(#8156,#8178,#8179,#8180,#8181));
#8156 = ORIENTED_EDGE('',*,*,#8157,.T.);
#8157 = EDGE_CURVE('',#7868,#8055,#8158,.T.);
#8158 = SURFACE_CURVE('',#8159,(#8164,#8171),.PCURVE_S1.);
#8159 = CIRCLE('',#8160,1.5);
#8160 = AXIS2_PLACEMENT_3D('',#8161,#8162,#8163);
#8161 = CARTESIAN_POINT('',(-33.61728154514,-40.41745430485,
    -11.49975723217));
#8162 = DIRECTION('',(1.,0.,0.));
#8163 = DIRECTION('',(0.,-0.273662990072,0.961825643173));
#8164 = PCURVE('',#7667,#8165);
#8165 = DEFINITIONAL_REPRESENTATION('',(#8166),#8170);
#8166 = CIRCLE('',#8167,1.5);
#8167 = AXIS2_PLACEMENT_2D('',#8168,#8169);
#8168 = CARTESIAN_POINT('',(0.,0.));
#8169 = DIRECTION('',(0.,-1.));
#8170 = ( GEOMETRIC_REPRESENTATION_CONTEXT(2) 
PARAMETRIC_REPRESENTATION_CONTEXT() REPRESENTATION_CONTEXT('2D SPACE',''
  ) );
#8171 = PCURVE('',#7905,#8172);
#8172 = DEFINITIONAL_REPRESENTATION('',(#8173),#8177);
#8173 = LINE('',#8174,#8175);
#8174 = CARTESIAN_POINT('',(-0.,0.));
#8175 = VECTOR('',#8176,1.);
#8176 = DIRECTION('',(-1.,0.));
#8177 = ( GEOMETRIC_REPRESENTATION_CONTEXT(2) 
PARAMETRIC_REPRESENTATION_CONTEXT() REPRESENTATION_CONTEXT('2D SPACE',''
  ) );
#8178 = ORIENTED_EDGE('',*,*,#8054,.T.);
#8179 = ORIENTED_EDGE('',*,*,#7652,.F.);
#8180 = ORIENTED_EDGE('',*,*,#7797,.T.);
#8181 = ORIENTED_EDGE('',*,*,#7867,.T.);
#8182 = ADVANCED_FACE('',(#8183),#7905,.T.);
#8183 = FACE_BOUND('',#8184,.F.);
#8184 = EDGE_LOOP('',(#8185,#8186,#8187));
#8185 = ORIENTED_EDGE('',*,*,#8157,.F.);
#8186 = ORIENTED_EDGE('',*,*,#7888,.F.);
#8187 = ORIENTED_EDGE('',*,*,#8078,.F.);
#8188 = ADVANCED_FACE('',(#8189),#8140,.T.);
#8189 = FACE_BOUND('',#8190,.T.);
#8190 = EDGE_LOOP('',(#8191));
#8191 = ORIENTED_EDGE('',*,*,#8125,.T.);
#8192 = MANIFOLD_SOLID_BREP('',#8193);
#8193 = CLOSED_SHELL('',(#8194,#8314,#8509,#8556,#8712,#8739,#8766,#8791
    ,#8894,#8923,#8929));
#8194 = ADVANCED_FACE('',(#8195),#8209,.F.);
#8195 = FACE_BOUND('',#8196,.F.);
#8196 = EDGE_LOOP('',(#8197,#8232,#8260,#8288));
#8197 = ORIENTED_EDGE('',*,*,#8198,.F.);
#8198 = EDGE_CURVE('',#8199,#8201,#8203,.T.);
#8199 = VERTEX_POINT('',#8200);
#8200 = CARTESIAN_POINT('',(-40.09559941781,-7.946309586845,
    -10.39633014369));
#8201 = VERTEX_POINT('',#8202);
#8202 = CARTESIAN_POINT('',(-40.09559941781,-32.21810039556,
    -28.72553574009));
#8203 = SURFACE_CURVE('',#8204,(#8208,#8220),.PCURVE_S1.);
#8204 = LINE('',#8205,#8206);
#8205 = CARTESIAN_POINT('',(-40.09559941781,-7.946309586845,
    -10.39633014369));
#8206 = VECTOR('',#8207,1.);
#8207 = DIRECTION('',(0.,-0.79801722728,-0.602634636379));
#8208 = PCURVE('',#8209,#8214);
#8209 = PLANE('',#8210);
#8210 = AXIS2_PLACEMENT_3D('',#8211,#8212,#8213);
#8211 = CARTESIAN_POINT('',(-40.09559941781,-7.946309586845,
    -10.39633014369));
#8212 = DIRECTION('',(0.906307787037,-0.254684402491,0.337256653432));
#8213 = DIRECTION('',(0.,-0.79801722728,-0.602634636379));
#8214 = DEFINITIONAL_REPRESENTATION('',(#8215),#8219);
#8215 = LINE('',#8216,#8217);
#8216 = CARTESIAN_POINT('',(0.,0.));
#8217 = VECTOR('',#8218,1.);
#8218 = DIRECTION('',(1.,0.));
#8219 = ( GEOMETRIC_REPRESENTATION_CONTEXT(2) 
PARAMETRIC_REPRESENTATION_CONTEXT() REPRESENTATION_CONTEXT('2D SPACE',''
  ) );
#8220 = PCURVE('',#8221,#8226);
#8221 = PLANE('',#8222);
#8222 = AXIS2_PLACEMENT_3D('',#8223,#8224,#8225);
#8223 = CARTESIAN_POINT('',(-40.09559941781,-7.946309586845,
    -10.39633014369));
#8224 = DIRECTION('',(-0.422618261741,-0.546172463689,0.723249227273));
#8225 = DIRECTION('',(0.,-0.79801722728,-0.602634636379));
#8226 = DEFINITIONAL_REPRESENTATION('',(#8227),#8231);
#8227 = LINE('',#8228,#8229);
#8228 = CARTESIAN_POINT('',(0.,0.));
#8229 = VECTOR('',#8230,1.);
#8230 = DIRECTION('',(1.,0.));
#8231 = ( GEOMETRIC_REPRESENTATION_CONTEXT(2) 
PARAMETRIC_REPRESENTATION_CONTEXT() REPRESENTATION_CONTEXT('2D SPACE',''
  ) );
#8232 = ORIENTED_EDGE('',*,*,#8233,.T.);
#8233 = EDGE_CURVE('',#8199,#8234,#8236,.T.);
#8234 = VERTEX_POINT('',#8235);
#8235 = CARTESIAN_POINT('',(-40.46854044145,-8.428281465801,
    -9.758096230058));
#8236 = SURFACE_CURVE('',#8237,(#8241,#8248),.PCURVE_S1.);
#8237 = LINE('',#8238,#8239);
#8238 = CARTESIAN_POINT('',(-40.09559941781,-7.946309586845,
    -10.39633014369));
#8239 = VECTOR('',#8240,1.);
#8240 = DIRECTION('',(-0.422618261741,-0.546172463689,0.723249227273));
#8241 = PCURVE('',#8209,#8242);
#8242 = DEFINITIONAL_REPRESENTATION('',(#8243),#8247);
#8243 = LINE('',#8244,#8245);
#8244 = CARTESIAN_POINT('',(0.,0.));
#8245 = VECTOR('',#8246,1.);
#8246 = DIRECTION('',(0.,-1.));
#8247 = ( GEOMETRIC_REPRESENTATION_CONTEXT(2) 
PARAMETRIC_REPRESENTATION_CONTEXT() REPRESENTATION_CONTEXT('2D SPACE',''
  ) );
#8248 = PCURVE('',#8249,#8254);
#8249 = PLANE('',#8250);
#8250 = AXIS2_PLACEMENT_3D('',#8251,#8252,#8253);
#8251 = CARTESIAN_POINT('',(-40.09559941781,-7.946309586845,
    -10.39633014369));
#8252 = DIRECTION('',(0.,-0.79801722728,-0.602634636379));
#8253 = DIRECTION('',(0.906307787037,-0.254684402491,0.337256653432));
#8254 = DEFINITIONAL_REPRESENTATION('',(#8255),#8259);
#8255 = LINE('',#8256,#8257);
#8256 = CARTESIAN_POINT('',(0.,0.));
#8257 = VECTOR('',#8258,1.);
#8258 = DIRECTION('',(5.551115123126E-17,1.));
#8259 = ( GEOMETRIC_REPRESENTATION_CONTEXT(2) 
PARAMETRIC_REPRESENTATION_CONTEXT() REPRESENTATION_CONTEXT('2D SPACE',''
  ) );
#8260 = ORIENTED_EDGE('',*,*,#8261,.T.);
#8261 = EDGE_CURVE('',#8234,#8262,#8264,.T.);
#8262 = VERTEX_POINT('',#8263);
#8263 = CARTESIAN_POINT('',(-40.46854044145,-32.70007227452,
    -28.08730182645));
#8264 = SURFACE_CURVE('',#8265,(#8269,#8276),.PCURVE_S1.);
#8265 = LINE('',#8266,#8267);
#8266 = CARTESIAN_POINT('',(-40.46854044145,-8.428281465801,
    -9.758096230058));
#8267 = VECTOR('',#8268,1.);
#8268 = DIRECTION('',(0.,-0.79801722728,-0.602634636379));
#8269 = PCURVE('',#8209,#8270);
#8270 = DEFINITIONAL_REPRESENTATION('',(#8271),#8275);
#8271 = LINE('',#8272,#8273);
#8272 = CARTESIAN_POINT('',(-1.609823385706E-15,-0.88245364056));
#8273 = VECTOR('',#8274,1.);
#8274 = DIRECTION('',(1.,0.));
#8275 = ( GEOMETRIC_REPRESENTATION_CONTEXT(2) 
PARAMETRIC_REPRESENTATION_CONTEXT() REPRESENTATION_CONTEXT('2D SPACE',''
  ) );
#8276 = PCURVE('',#8277,#8282);
#8277 = PLANE('',#8278);
#8278 = AXIS2_PLACEMENT_3D('',#8279,#8280,#8281);
#8279 = CARTESIAN_POINT('',(-40.46854044145,-8.428281465801,
    -9.758096230058));
#8280 = DIRECTION('',(-0.422618261741,-0.546172463689,0.723249227273));
#8281 = DIRECTION('',(0.,-0.79801722728,-0.602634636379));
#8282 = DEFINITIONAL_REPRESENTATION('',(#8283),#8287);
#8283 = LINE('',#8284,#8285);
#8284 = CARTESIAN_POINT('',(0.,0.));
#8285 = VECTOR('',#8286,1.);
#8286 = DIRECTION('',(1.,0.));
#8287 = ( GEOMETRIC_REPRESENTATION_CONTEXT(2) 
PARAMETRIC_REPRESENTATION_CONTEXT() REPRESENTATION_CONTEXT('2D SPACE',''
  ) );
#8288 = ORIENTED_EDGE('',*,*,#8289,.F.);
#8289 = EDGE_CURVE('',#8201,#8262,#8290,.T.);
#8290 = SURFACE_CURVE('',#8291,(#8295,#8302),.PCURVE_S1.);
#8291 = LINE('',#8292,#8293);
#8292 = CARTESIAN_POINT('',(-40.09559941781,-32.21810039556,
    -28.72553574009));
#8293 = VECTOR('',#8294,1.);
#8294 = DIRECTION('',(-0.422618261741,-0.546172463689,0.723249227273));
#8295 = PCURVE('',#8209,#8296);
#8296 = DEFINITIONAL_REPRESENTATION('',(#8297),#8301);
#8297 = LINE('',#8298,#8299);
#8298 = CARTESIAN_POINT('',(30.415121352005,-3.552713678801E-15));
#8299 = VECTOR('',#8300,1.);
#8300 = DIRECTION('',(0.,-1.));
#8301 = ( GEOMETRIC_REPRESENTATION_CONTEXT(2) 
PARAMETRIC_REPRESENTATION_CONTEXT() REPRESENTATION_CONTEXT('2D SPACE',''
  ) );
#8302 = PCURVE('',#8303,#8308);
#8303 = PLANE('',#8304);
#8304 = AXIS2_PLACEMENT_3D('',#8305,#8306,#8307);
#8305 = CARTESIAN_POINT('',(-40.09559941781,-32.21810039556,
    -28.72553574009));
#8306 = DIRECTION('',(0.,-0.79801722728,-0.602634636379));
#8307 = DIRECTION('',(0.906307787037,-0.254684402491,0.337256653432));
#8308 = DEFINITIONAL_REPRESENTATION('',(#8309),#8313);
#8309 = LINE('',#8310,#8311);
#8310 = CARTESIAN_POINT('',(0.,0.));
#8311 = VECTOR('',#8312,1.);
#8312 = DIRECTION('',(5.551115123126E-17,1.));
#8313 = ( GEOMETRIC_REPRESENTATION_CONTEXT(2) 
PARAMETRIC_REPRESENTATION_CONTEXT() REPRESENTATION_CONTEXT('2D SPACE',''
  ) );
#8314 = ADVANCED_FACE('',(#8315),#8221,.F.);
#8315 = FACE_BOUND('',#8316,.F.);
#8316 = EDGE_LOOP('',(#8317,#8347,#8368,#8369,#8392,#8418,#8453,#8483));
#8317 = ORIENTED_EDGE('',*,*,#8318,.F.);
#8318 = EDGE_CURVE('',#8319,#8321,#8323,.T.);
#8319 = VERTEX_POINT('',#8320);
#8320 = CARTESIAN_POINT('',(-26.76602264884,-11.69209588971,
    -5.436107449957));
#8321 = VERTEX_POINT('',#8322);
#8322 = CARTESIAN_POINT('',(-26.76602264884,-35.96388669843,
    -23.76531304635));
#8323 = SURFACE_CURVE('',#8324,(#8328,#8335),.PCURVE_S1.);
#8324 = LINE('',#8325,#8326);
#8325 = CARTESIAN_POINT('',(-26.76602264884,-11.69209588971,
    -5.436107449957));
#8326 = VECTOR('',#8327,1.);
#8327 = DIRECTION('',(0.,-0.79801722728,-0.602634636379));
#8328 = PCURVE('',#8221,#8329);
#8329 = DEFINITIONAL_REPRESENTATION('',(#8330),#8334);
#8330 = LINE('',#8331,#8332);
#8331 = CARTESIAN_POINT('',(8.881784197001E-16,14.707560676003));
#8332 = VECTOR('',#8333,1.);
#8333 = DIRECTION('',(1.,0.));
#8334 = ( GEOMETRIC_REPRESENTATION_CONTEXT(2) 
PARAMETRIC_REPRESENTATION_CONTEXT() REPRESENTATION_CONTEXT('2D SPACE',''
  ) );
#8335 = PCURVE('',#8336,#8341);
#8336 = PLANE('',#8337);
#8337 = AXIS2_PLACEMENT_3D('',#8338,#8339,#8340);
#8338 = CARTESIAN_POINT('',(-26.76602264884,-11.69209588971,
    -5.436107449957));
#8339 = DIRECTION('',(0.906307787037,-0.254684402491,0.337256653432));
#8340 = DIRECTION('',(0.,-0.79801722728,-0.602634636379));
#8341 = DEFINITIONAL_REPRESENTATION('',(#8342),#8346);
#8342 = LINE('',#8343,#8344);
#8343 = CARTESIAN_POINT('',(0.,0.));
#8344 = VECTOR('',#8345,1.);
#8345 = DIRECTION('',(1.,0.));
#8346 = ( GEOMETRIC_REPRESENTATION_CONTEXT(2) 
PARAMETRIC_REPRESENTATION_CONTEXT() REPRESENTATION_CONTEXT('2D SPACE',''
  ) );
#8347 = ORIENTED_EDGE('',*,*,#8348,.F.);
#8348 = EDGE_CURVE('',#8199,#8319,#8349,.T.);
#8349 = SURFACE_CURVE('',#8350,(#8354,#8361),.PCURVE_S1.);
#8350 = LINE('',#8351,#8352);
#8351 = CARTESIAN_POINT('',(-40.09559941781,-7.946309586845,
    -10.39633014369));
#8352 = VECTOR('',#8353,1.);
#8353 = DIRECTION('',(0.906307787037,-0.254684402491,0.337256653432));
#8354 = PCURVE('',#8221,#8355);
#8355 = DEFINITIONAL_REPRESENTATION('',(#8356),#8360);
#8356 = LINE('',#8357,#8358);
#8357 = CARTESIAN_POINT('',(0.,0.));
#8358 = VECTOR('',#8359,1.);
#8359 = DIRECTION('',(0.,1.));
#8360 = ( GEOMETRIC_REPRESENTATION_CONTEXT(2) 
PARAMETRIC_REPRESENTATION_CONTEXT() REPRESENTATION_CONTEXT('2D SPACE',''
  ) );
#8361 = PCURVE('',#8249,#8362);
#8362 = DEFINITIONAL_REPRESENTATION('',(#8363),#8367);
#8363 = LINE('',#8364,#8365);
#8364 = CARTESIAN_POINT('',(0.,0.));
#8365 = VECTOR('',#8366,1.);
#8366 = DIRECTION('',(1.,5.551115123126E-17));
#8367 = ( GEOMETRIC_REPRESENTATION_CONTEXT(2) 
PARAMETRIC_REPRESENTATION_CONTEXT() REPRESENTATION_CONTEXT('2D SPACE',''
  ) );
#8368 = ORIENTED_EDGE('',*,*,#8198,.T.);
#8369 = ORIENTED_EDGE('',*,*,#8370,.T.);
#8370 = EDGE_CURVE('',#8201,#8371,#8373,.T.);
#8371 = VERTEX_POINT('',#8372);
#8372 = CARTESIAN_POINT('',(-33.61728154514,-34.03859288183,
    -26.31481408807));
#8373 = SURFACE_CURVE('',#8374,(#8378,#8385),.PCURVE_S1.);
#8374 = LINE('',#8375,#8376);
#8375 = CARTESIAN_POINT('',(-40.09559941781,-32.21810039556,
    -28.72553574009));
#8376 = VECTOR('',#8377,1.);
#8377 = DIRECTION('',(0.906307787037,-0.254684402491,0.337256653432));
#8378 = PCURVE('',#8221,#8379);
#8379 = DEFINITIONAL_REPRESENTATION('',(#8380),#8384);
#8380 = LINE('',#8381,#8382);
#8381 = CARTESIAN_POINT('',(30.415121352005,-8.881784197001E-16));
#8382 = VECTOR('',#8383,1.);
#8383 = DIRECTION('',(0.,1.));
#8384 = ( GEOMETRIC_REPRESENTATION_CONTEXT(2) 
PARAMETRIC_REPRESENTATION_CONTEXT() REPRESENTATION_CONTEXT('2D SPACE',''
  ) );
#8385 = PCURVE('',#8303,#8386);
#8386 = DEFINITIONAL_REPRESENTATION('',(#8387),#8391);
#8387 = LINE('',#8388,#8389);
#8388 = CARTESIAN_POINT('',(0.,0.));
#8389 = VECTOR('',#8390,1.);
#8390 = DIRECTION('',(1.,5.551115123126E-17));
#8391 = ( GEOMETRIC_REPRESENTATION_CONTEXT(2) 
PARAMETRIC_REPRESENTATION_CONTEXT() REPRESENTATION_CONTEXT('2D SPACE',''
  ) );
#8392 = ORIENTED_EDGE('',*,*,#8393,.T.);
#8393 = EDGE_CURVE('',#8371,#8394,#8396,.T.);
#8394 = VERTEX_POINT('',#8395);
#8395 = CARTESIAN_POINT('',(-33.61728154514,-32.10835065684,
    -24.85716282238));
#8396 = SURFACE_CURVE('',#8397,(#8401,#8407),.PCURVE_S1.);
#8397 = LINE('',#8398,#8399);
#8398 = CARTESIAN_POINT('',(-33.61728154514,-21.50368886383,
    -16.84889397168));
#8399 = VECTOR('',#8400,1.);
#8400 = DIRECTION('',(-0.,0.79801722728,0.602634636379));
#8401 = PCURVE('',#8221,#8402);
#8402 = DEFINITIONAL_REPRESENTATION('',(#8403),#8406);
#8403 = B_SPLINE_CURVE_WITH_KNOTS('',1,(#8404,#8405),.UNSPECIFIED.,.F.,
  .F.,(2,2),(-15.707560676,-13.207560676),.PIECEWISE_BEZIER_KNOTS.);
#8404 = CARTESIAN_POINT('',(30.415121352005,7.148032892721));
#8405 = CARTESIAN_POINT('',(27.915121352005,7.148032892721));
#8406 = ( GEOMETRIC_REPRESENTATION_CONTEXT(2) 
PARAMETRIC_REPRESENTATION_CONTEXT() REPRESENTATION_CONTEXT('2D SPACE',''
  ) );
#8407 = PCURVE('',#8408,#8413);
#8408 = PLANE('',#8409);
#8409 = AXIS2_PLACEMENT_3D('',#8410,#8411,#8412);
#8410 = CARTESIAN_POINT('',(-33.61728154514,-33.53396225919,
    -25.32367280002));
#8411 = DIRECTION('',(1.,0.,0.));
#8412 = DIRECTION('',(0.,-0.79801722728,-0.602634636379));
#8413 = DEFINITIONAL_REPRESENTATION('',(#8414),#8417);
#8414 = B_SPLINE_CURVE_WITH_KNOTS('',1,(#8415,#8416),.UNSPECIFIED.,.F.,
  .F.,(2,2),(-15.707560676,-13.207560676),.PIECEWISE_BEZIER_KNOTS.);
#8415 = CARTESIAN_POINT('',(1.,0.486839930751));
#8416 = CARTESIAN_POINT('',(-1.5,0.486839930751));
#8417 = ( GEOMETRIC_REPRESENTATION_CONTEXT(2) 
PARAMETRIC_REPRESENTATION_CONTEXT() REPRESENTATION_CONTEXT('2D SPACE',''
  ) );
#8418 = ORIENTED_EDGE('',*,*,#8419,.F.);
#8419 = EDGE_CURVE('',#8420,#8394,#8422,.T.);
#8420 = VERTEX_POINT('',#8421);
#8421 = CARTESIAN_POINT('',(-29.3564895637,-34.43791421376,
    -24.1266469591));
#8422 = SURFACE_CURVE('',#8423,(#8428,#8435),.PCURVE_S1.);
#8423 = ELLIPSE('',#8424,3.549302374729,1.5);
#8424 = AXIS2_PLACEMENT_3D('',#8425,#8426,#8427);
#8425 = CARTESIAN_POINT('',(-32.57324994447,-33.53396225919,
    -25.32367280002));
#8426 = DIRECTION('',(-0.422618261741,-0.546172463689,0.723249227273));
#8427 = DIRECTION('',(-0.906307787037,0.254684402491,-0.337256653432));
#8428 = PCURVE('',#8221,#8429);
#8429 = DEFINITIONAL_REPRESENTATION('',(#8430),#8434);
#8430 = ELLIPSE('',#8431,3.549302374729,1.5);
#8431 = AXIS2_PLACEMENT_2D('',#8432,#8433);
#8432 = CARTESIAN_POINT('',(29.415121352005,8.299994307606));
#8433 = DIRECTION('',(0.,-1.));
#8434 = ( GEOMETRIC_REPRESENTATION_CONTEXT(2) 
PARAMETRIC_REPRESENTATION_CONTEXT() REPRESENTATION_CONTEXT('2D SPACE',''
  ) );
#8435 = PCURVE('',#8436,#8441);
#8436 = CYLINDRICAL_SURFACE('',#8437,1.5);
#8437 = AXIS2_PLACEMENT_3D('',#8438,#8439,#8440);
#8438 = CARTESIAN_POINT('',(-33.61728154514,-33.53396225919,
    -25.32367280002));
#8439 = DIRECTION('',(-1.,0.,0.));
#8440 = DIRECTION('',(0.,-0.602634636379,0.79801722728));
#8441 = DEFINITIONAL_REPRESENTATION('',(#8442),#8452);
#8442 = B_SPLINE_CURVE_WITH_KNOTS('',8,(#8443,#8444,#8445,#8446,#8447,
    #8448,#8449,#8450,#8451),.UNSPECIFIED.,.F.,.F.,(9,9),(3.14159265359,
    5.042935637106),.PIECEWISE_BEZIER_KNOTS.);
#8443 = CARTESIAN_POINT('',(-6.28318530718,-4.26079198144));
#8444 = CARTESIAN_POINT('',(-6.04551743424,-4.26079198144));
#8445 = CARTESIAN_POINT('',(-5.8078495613,-4.053131704455));
#8446 = CARTESIAN_POINT('',(-5.570181688363,-3.637818875013));
#8447 = CARTESIAN_POINT('',(-5.332513815421,-3.039844771438));
#8448 = CARTESIAN_POINT('',(-5.094845942484,-2.309344507437));
#8449 = CARTESIAN_POINT('',(-4.857178069543,-1.513664959142));
#8450 = CARTESIAN_POINT('',(-4.619510196603,-0.72313272222));
#8451 = CARTESIAN_POINT('',(-4.381842323664,5.999999999062E-07));
#8452 = ( GEOMETRIC_REPRESENTATION_CONTEXT(2) 
PARAMETRIC_REPRESENTATION_CONTEXT() REPRESENTATION_CONTEXT('2D SPACE',''
  ) );
#8453 = ORIENTED_EDGE('',*,*,#8454,.F.);
#8454 = EDGE_CURVE('',#8455,#8420,#8457,.T.);
#8455 = VERTEX_POINT('',#8456);
#8456 = CARTESIAN_POINT('',(-30.17561831823,-35.00574549274,
    -25.03409705269));
#8457 = SURFACE_CURVE('',#8458,(#8463,#8470),.PCURVE_S1.);
#8458 = ELLIPSE('',#8459,3.549302374729,1.5);
#8459 = AXIS2_PLACEMENT_3D('',#8460,#8461,#8462);
#8460 = CARTESIAN_POINT('',(-32.57324994447,-33.53396225919,
    -25.32367280002));
#8461 = DIRECTION('',(-0.422618261741,-0.546172463689,0.723249227273));
#8462 = DIRECTION('',(-0.906307787037,0.254684402491,-0.337256653432));
#8463 = PCURVE('',#8221,#8464);
#8464 = DEFINITIONAL_REPRESENTATION('',(#8465),#8469);
#8465 = ELLIPSE('',#8466,3.549302374729,1.5);
#8466 = AXIS2_PLACEMENT_2D('',#8467,#8468);
#8467 = CARTESIAN_POINT('',(29.415121352005,8.299994307606));
#8468 = DIRECTION('',(0.,-1.));
#8469 = ( GEOMETRIC_REPRESENTATION_CONTEXT(2) 
PARAMETRIC_REPRESENTATION_CONTEXT() REPRESENTATION_CONTEXT('2D SPACE',''
  ) );
#8470 = PCURVE('',#8436,#8471);
#8471 = DEFINITIONAL_REPRESENTATION('',(#8472),#8482);
#8472 = B_SPLINE_CURVE_WITH_KNOTS('',8,(#8473,#8474,#8475,#8476,#8477,
    #8478,#8479,#8480,#8481),.UNSPECIFIED.,.F.,.F.,(9,9),(1.240249670074
    ,3.14159265359),.PIECEWISE_BEZIER_KNOTS.);
#8473 = CARTESIAN_POINT('',(-1.901342983516,5.999999999062E-07));
#8474 = CARTESIAN_POINT('',(-1.663675110576,-0.72313272222));
#8475 = CARTESIAN_POINT('',(-1.426007237636,-1.513664959146));
#8476 = CARTESIAN_POINT('',(-1.188339364697,-2.309344507414));
#8477 = CARTESIAN_POINT('',(-0.950671491755,-3.039844771452));
#8478 = CARTESIAN_POINT('',(-0.713003618818,-3.637818874991));
#8479 = CARTESIAN_POINT('',(-0.475335745878,-4.053131704459));
#8480 = CARTESIAN_POINT('',(-0.237667872939,-4.26079198144));
#8481 = CARTESIAN_POINT('',(0.,-4.26079198144));
#8482 = ( GEOMETRIC_REPRESENTATION_CONTEXT(2) 
PARAMETRIC_REPRESENTATION_CONTEXT() REPRESENTATION_CONTEXT('2D SPACE',''
  ) );
#8483 = ORIENTED_EDGE('',*,*,#8484,.T.);
#8484 = EDGE_CURVE('',#8455,#8321,#8485,.T.);
#8485 = SURFACE_CURVE('',#8486,(#8490,#8497),.PCURVE_S1.);
#8486 = LINE('',#8487,#8488);
#8487 = CARTESIAN_POINT('',(-40.09559941781,-32.21810039556,
    -28.72553574009));
#8488 = VECTOR('',#8489,1.);
#8489 = DIRECTION('',(0.906307787037,-0.254684402491,0.337256653432));
#8490 = PCURVE('',#8221,#8491);
#8491 = DEFINITIONAL_REPRESENTATION('',(#8492),#8496);
#8492 = LINE('',#8493,#8494);
#8493 = CARTESIAN_POINT('',(30.415121352005,-8.881784197001E-16));
#8494 = VECTOR('',#8495,1.);
#8495 = DIRECTION('',(0.,1.));
#8496 = ( GEOMETRIC_REPRESENTATION_CONTEXT(2) 
PARAMETRIC_REPRESENTATION_CONTEXT() REPRESENTATION_CONTEXT('2D SPACE',''
  ) );
#8497 = PCURVE('',#8498,#8503);
#8498 = PLANE('',#8499);
#8499 = AXIS2_PLACEMENT_3D('',#8500,#8501,#8502);
#8500 = CARTESIAN_POINT('',(-40.09559941781,-32.21810039556,
    -28.72553574009));
#8501 = DIRECTION('',(0.,-0.79801722728,-0.602634636379));
#8502 = DIRECTION('',(0.906307787037,-0.254684402491,0.337256653432));
#8503 = DEFINITIONAL_REPRESENTATION('',(#8504),#8508);
#8504 = LINE('',#8505,#8506);
#8505 = CARTESIAN_POINT('',(0.,0.));
#8506 = VECTOR('',#8507,1.);
#8507 = DIRECTION('',(1.,5.551115123126E-17));
#8508 = ( GEOMETRIC_REPRESENTATION_CONTEXT(2) 
PARAMETRIC_REPRESENTATION_CONTEXT() REPRESENTATION_CONTEXT('2D SPACE',''
  ) );
#8509 = ADVANCED_FACE('',(#8510),#8303,.T.);
#8510 = FACE_BOUND('',#8511,.T.);
#8511 = EDGE_LOOP('',(#8512,#8535,#8536,#8537));
#8512 = ORIENTED_EDGE('',*,*,#8513,.F.);
#8513 = EDGE_CURVE('',#8262,#8514,#8516,.T.);
#8514 = VERTEX_POINT('',#8515);
#8515 = CARTESIAN_POINT('',(-33.61728154514,-34.62536609112,
    -25.53780078473));
#8516 = SURFACE_CURVE('',#8517,(#8521,#8528),.PCURVE_S1.);
#8517 = LINE('',#8518,#8519);
#8518 = CARTESIAN_POINT('',(-40.46854044145,-32.70007227452,
    -28.08730182645));
#8519 = VECTOR('',#8520,1.);
#8520 = DIRECTION('',(0.906307787037,-0.254684402491,0.337256653432));
#8521 = PCURVE('',#8303,#8522);
#8522 = DEFINITIONAL_REPRESENTATION('',(#8523),#8527);
#8523 = LINE('',#8524,#8525);
#8524 = CARTESIAN_POINT('',(-3.164135620182E-15,0.88245364056));
#8525 = VECTOR('',#8526,1.);
#8526 = DIRECTION('',(1.,5.551115123126E-17));
#8527 = ( GEOMETRIC_REPRESENTATION_CONTEXT(2) 
PARAMETRIC_REPRESENTATION_CONTEXT() REPRESENTATION_CONTEXT('2D SPACE',''
  ) );
#8528 = PCURVE('',#8277,#8529);
#8529 = DEFINITIONAL_REPRESENTATION('',(#8530),#8534);
#8530 = LINE('',#8531,#8532);
#8531 = CARTESIAN_POINT('',(30.415121352005,-8.881784197001E-16));
#8532 = VECTOR('',#8533,1.);
#8533 = DIRECTION('',(0.,1.));
#8534 = ( GEOMETRIC_REPRESENTATION_CONTEXT(2) 
PARAMETRIC_REPRESENTATION_CONTEXT() REPRESENTATION_CONTEXT('2D SPACE',''
  ) );
#8535 = ORIENTED_EDGE('',*,*,#8289,.F.);
#8536 = ORIENTED_EDGE('',*,*,#8370,.T.);
#8537 = ORIENTED_EDGE('',*,*,#8538,.T.);
#8538 = EDGE_CURVE('',#8371,#8514,#8539,.T.);
#8539 = SURFACE_CURVE('',#8540,(#8544,#8550),.PCURVE_S1.);
#8540 = LINE('',#8541,#8542);
#8541 = CARTESIAN_POINT('',(-33.61728154514,-33.27503994102,
    -27.32592158824));
#8542 = VECTOR('',#8543,1.);
#8543 = DIRECTION('',(0.,-0.602634636379,0.79801722728));
#8544 = PCURVE('',#8303,#8545);
#8545 = DEFINITIONAL_REPRESENTATION('',(#8546),#8549);
#8546 = B_SPLINE_CURVE_WITH_KNOTS('',1,(#8547,#8548),.UNSPECIFIED.,.F.,
  .F.,(2,2),(1.267024652618,2.24070451412),.PIECEWISE_BEZIER_KNOTS.);
#8547 = CARTESIAN_POINT('',(7.148032892721,-3.996802888651E-15));
#8548 = CARTESIAN_POINT('',(7.559527783281,0.88245364056));
#8549 = ( GEOMETRIC_REPRESENTATION_CONTEXT(2) 
PARAMETRIC_REPRESENTATION_CONTEXT() REPRESENTATION_CONTEXT('2D SPACE',''
  ) );
#8550 = PCURVE('',#8408,#8551);
#8551 = DEFINITIONAL_REPRESENTATION('',(#8552),#8555);
#8552 = B_SPLINE_CURVE_WITH_KNOTS('',1,(#8553,#8554),.UNSPECIFIED.,.F.,
  .F.,(2,2),(1.267024652618,2.24070451412),.PIECEWISE_BEZIER_KNOTS.);
#8553 = CARTESIAN_POINT('',(1.,0.486839930751));
#8554 = CARTESIAN_POINT('',(1.,-0.486839930751));
#8555 = ( GEOMETRIC_REPRESENTATION_CONTEXT(2) 
PARAMETRIC_REPRESENTATION_CONTEXT() REPRESENTATION_CONTEXT('2D SPACE',''
  ) );
#8556 = ADVANCED_FACE('',(#8557),#8277,.T.);
#8557 = FACE_BOUND('',#8558,.T.);
#8558 = EDGE_LOOP('',(#8559,#8584,#8605,#8606,#8607,#8628,#8662,#8691));
#8559 = ORIENTED_EDGE('',*,*,#8560,.F.);
#8560 = EDGE_CURVE('',#8561,#8563,#8565,.T.);
#8561 = VERTEX_POINT('',#8562);
#8562 = CARTESIAN_POINT('',(-27.13896367248,-12.17406776867,
    -4.797873536317));
#8563 = VERTEX_POINT('',#8564);
#8564 = CARTESIAN_POINT('',(-27.13896367248,-36.44585857739,
    -23.12707913271));
#8565 = SURFACE_CURVE('',#8566,(#8570,#8577),.PCURVE_S1.);
#8566 = LINE('',#8567,#8568);
#8567 = CARTESIAN_POINT('',(-27.13896367248,-12.17406776867,
    -4.797873536317));
#8568 = VECTOR('',#8569,1.);
#8569 = DIRECTION('',(0.,-0.79801722728,-0.602634636379));
#8570 = PCURVE('',#8277,#8571);
#8571 = DEFINITIONAL_REPRESENTATION('',(#8572),#8576);
#8572 = LINE('',#8573,#8574);
#8573 = CARTESIAN_POINT('',(8.881784197001E-16,14.707560676003));
#8574 = VECTOR('',#8575,1.);
#8575 = DIRECTION('',(1.,0.));
#8576 = ( GEOMETRIC_REPRESENTATION_CONTEXT(2) 
PARAMETRIC_REPRESENTATION_CONTEXT() REPRESENTATION_CONTEXT('2D SPACE',''
  ) );
#8577 = PCURVE('',#8336,#8578);
#8578 = DEFINITIONAL_REPRESENTATION('',(#8579),#8583);
#8579 = LINE('',#8580,#8581);
#8580 = CARTESIAN_POINT('',(-1.054711873394E-15,-0.88245364056));
#8581 = VECTOR('',#8582,1.);
#8582 = DIRECTION('',(1.,0.));
#8583 = ( GEOMETRIC_REPRESENTATION_CONTEXT(2) 
PARAMETRIC_REPRESENTATION_CONTEXT() REPRESENTATION_CONTEXT('2D SPACE',''
  ) );
#8584 = ORIENTED_EDGE('',*,*,#8585,.F.);
#8585 = EDGE_CURVE('',#8234,#8561,#8586,.T.);
#8586 = SURFACE_CURVE('',#8587,(#8591,#8598),.PCURVE_S1.);
#8587 = LINE('',#8588,#8589);
#8588 = CARTESIAN_POINT('',(-40.46854044145,-8.428281465801,
    -9.758096230058));
#8589 = VECTOR('',#8590,1.);
#8590 = DIRECTION('',(0.906307787037,-0.254684402491,0.337256653432));
#8591 = PCURVE('',#8277,#8592);
#8592 = DEFINITIONAL_REPRESENTATION('',(#8593),#8597);
#8593 = LINE('',#8594,#8595);
#8594 = CARTESIAN_POINT('',(0.,0.));
#8595 = VECTOR('',#8596,1.);
#8596 = DIRECTION('',(0.,1.));
#8597 = ( GEOMETRIC_REPRESENTATION_CONTEXT(2) 
PARAMETRIC_REPRESENTATION_CONTEXT() REPRESENTATION_CONTEXT('2D SPACE',''
  ) );
#8598 = PCURVE('',#8249,#8599);
#8599 = DEFINITIONAL_REPRESENTATION('',(#8600),#8604);
#8600 = LINE('',#8601,#8602);
#8601 = CARTESIAN_POINT('',(-2.692290834716E-15,0.88245364056));
#8602 = VECTOR('',#8603,1.);
#8603 = DIRECTION('',(1.,5.551115123126E-17));
#8604 = ( GEOMETRIC_REPRESENTATION_CONTEXT(2) 
PARAMETRIC_REPRESENTATION_CONTEXT() REPRESENTATION_CONTEXT('2D SPACE',''
  ) );
#8605 = ORIENTED_EDGE('',*,*,#8261,.T.);
#8606 = ORIENTED_EDGE('',*,*,#8513,.T.);
#8607 = ORIENTED_EDGE('',*,*,#8608,.T.);
#8608 = EDGE_CURVE('',#8514,#8609,#8611,.T.);
#8609 = VERTEX_POINT('',#8610);
#8610 = CARTESIAN_POINT('',(-33.61728154514,-32.69512386613,
    -24.08014951905));
#8611 = SURFACE_CURVE('',#8612,(#8616,#8622),.PCURVE_S1.);
#8612 = LINE('',#8613,#8614);
#8613 = CARTESIAN_POINT('',(-33.61728154514,-22.09046207312,
    -16.07188066834));
#8614 = VECTOR('',#8615,1.);
#8615 = DIRECTION('',(-0.,0.79801722728,0.602634636379));
#8616 = PCURVE('',#8277,#8617);
#8617 = DEFINITIONAL_REPRESENTATION('',(#8618),#8621);
#8618 = B_SPLINE_CURVE_WITH_KNOTS('',1,(#8619,#8620),.UNSPECIFIED.,.F.,
  .F.,(2,2),(-15.707560676,-13.207560676),.PIECEWISE_BEZIER_KNOTS.);
#8619 = CARTESIAN_POINT('',(30.415121352005,7.559527783281));
#8620 = CARTESIAN_POINT('',(27.915121352005,7.559527783281));
#8621 = ( GEOMETRIC_REPRESENTATION_CONTEXT(2) 
PARAMETRIC_REPRESENTATION_CONTEXT() REPRESENTATION_CONTEXT('2D SPACE',''
  ) );
#8622 = PCURVE('',#8408,#8623);
#8623 = DEFINITIONAL_REPRESENTATION('',(#8624),#8627);
#8624 = B_SPLINE_CURVE_WITH_KNOTS('',1,(#8625,#8626),.UNSPECIFIED.,.F.,
  .F.,(2,2),(-15.707560676,-13.207560676),.PIECEWISE_BEZIER_KNOTS.);
#8625 = CARTESIAN_POINT('',(1.,-0.486839930751));
#8626 = CARTESIAN_POINT('',(-1.5,-0.486839930751));
#8627 = ( GEOMETRIC_REPRESENTATION_CONTEXT(2) 
PARAMETRIC_REPRESENTATION_CONTEXT() REPRESENTATION_CONTEXT('2D SPACE',''
  ) );
#8628 = ORIENTED_EDGE('',*,*,#8629,.F.);
#8629 = EDGE_CURVE('',#8630,#8609,#8632,.T.);
#8630 = VERTEX_POINT('',#8631);
#8631 = CARTESIAN_POINT('',(-31.44455276506,-34.43791421376,
    -24.1266469591));
#8632 = SURFACE_CURVE('',#8633,(#8638,#8645),.PCURVE_S1.);
#8633 = ELLIPSE('',#8634,3.549302374729,1.5);
#8634 = AXIS2_PLACEMENT_3D('',#8635,#8636,#8637);
#8635 = CARTESIAN_POINT('',(-34.66131314582,-33.53396225919,
    -25.32367280002));
#8636 = DIRECTION('',(-0.422618261741,-0.546172463689,0.723249227273));
#8637 = DIRECTION('',(-0.906307787037,0.254684402491,-0.337256653432));
#8638 = PCURVE('',#8277,#8639);
#8639 = DEFINITIONAL_REPRESENTATION('',(#8640),#8644);
#8640 = ELLIPSE('',#8641,3.549302374729,1.5);
#8641 = AXIS2_PLACEMENT_2D('',#8642,#8643);
#8642 = CARTESIAN_POINT('',(29.415121352005,6.407566368396));
#8643 = DIRECTION('',(0.,-1.));
#8644 = ( GEOMETRIC_REPRESENTATION_CONTEXT(2) 
PARAMETRIC_REPRESENTATION_CONTEXT() REPRESENTATION_CONTEXT('2D SPACE',''
  ) );
#8645 = PCURVE('',#8646,#8651);
#8646 = CYLINDRICAL_SURFACE('',#8647,1.5);
#8647 = AXIS2_PLACEMENT_3D('',#8648,#8649,#8650);
#8648 = CARTESIAN_POINT('',(-33.61728154514,-33.53396225919,
    -25.32367280002));
#8649 = DIRECTION('',(-1.,0.,0.));
#8650 = DIRECTION('',(0.,-0.602634636379,0.79801722728));
#8651 = DEFINITIONAL_REPRESENTATION('',(#8652),#8661);
#8652 = B_SPLINE_CURVE_WITH_KNOTS('',7,(#8653,#8654,#8655,#8656,#8657,
    #8658,#8659,#8660),.UNSPECIFIED.,.F.,.F.,(8,8),(3.14159265359,
    4.38184271806),.PIECEWISE_BEZIER_KNOTS.);
#8653 = CARTESIAN_POINT('',(-6.28318530718,-2.172728780088));
#8654 = CARTESIAN_POINT('',(-6.106006726541,-2.172728780088));
#8655 = CARTESIAN_POINT('',(-5.928828145902,-2.054916646473));
#8656 = CARTESIAN_POINT('',(-5.751649565264,-1.819297034843));
#8657 = CARTESIAN_POINT('',(-5.574470984625,-1.474912375583));
#8658 = CARTESIAN_POINT('',(-5.397292403986,-1.039936753646));
#8659 = CARTESIAN_POINT('',(-5.220113823348,-0.539086788624));
#8660 = CARTESIAN_POINT('',(-5.042935242709,5.999999999062E-07));
#8661 = ( GEOMETRIC_REPRESENTATION_CONTEXT(2) 
PARAMETRIC_REPRESENTATION_CONTEXT() REPRESENTATION_CONTEXT('2D SPACE',''
  ) );
#8662 = ORIENTED_EDGE('',*,*,#8663,.F.);
#8663 = EDGE_CURVE('',#8664,#8630,#8666,.T.);
#8664 = VERTEX_POINT('',#8665);
#8665 = CARTESIAN_POINT('',(-32.26368151958,-35.00574549274,
    -25.03409705269));
#8666 = SURFACE_CURVE('',#8667,(#8672,#8679),.PCURVE_S1.);
#8667 = ELLIPSE('',#8668,3.549302374729,1.5);
#8668 = AXIS2_PLACEMENT_3D('',#8669,#8670,#8671);
#8669 = CARTESIAN_POINT('',(-34.66131314582,-33.53396225919,
    -25.32367280002));
#8670 = DIRECTION('',(-0.422618261741,-0.546172463689,0.723249227273));
#8671 = DIRECTION('',(-0.906307787037,0.254684402491,-0.337256653432));
#8672 = PCURVE('',#8277,#8673);
#8673 = DEFINITIONAL_REPRESENTATION('',(#8674),#8678);
#8674 = ELLIPSE('',#8675,3.549302374729,1.5);
#8675 = AXIS2_PLACEMENT_2D('',#8676,#8677);
#8676 = CARTESIAN_POINT('',(29.415121352005,6.407566368396));
#8677 = DIRECTION('',(0.,-1.));
#8678 = ( GEOMETRIC_REPRESENTATION_CONTEXT(2) 
PARAMETRIC_REPRESENTATION_CONTEXT() REPRESENTATION_CONTEXT('2D SPACE',''
  ) );
#8679 = PCURVE('',#8436,#8680);
#8680 = DEFINITIONAL_REPRESENTATION('',(#8681),#8690);
#8681 = B_SPLINE_CURVE_WITH_KNOTS('',7,(#8682,#8683,#8684,#8685,#8686,
    #8687,#8688,#8689),.UNSPECIFIED.,.F.,.F.,(8,8),(1.901342589119,
    3.14159265359),.PIECEWISE_BEZIER_KNOTS.);
#8682 = CARTESIAN_POINT('',(-1.240250064471,5.999999999062E-07));
#8683 = CARTESIAN_POINT('',(-1.063071483832,-0.539086788624));
#8684 = CARTESIAN_POINT('',(-0.885892903193,-1.039936753646));
#8685 = CARTESIAN_POINT('',(-0.708714322555,-1.474912375583));
#8686 = CARTESIAN_POINT('',(-0.531535741916,-1.819297034843));
#8687 = CARTESIAN_POINT('',(-0.354357161277,-2.054916646473));
#8688 = CARTESIAN_POINT('',(-0.177178580639,-2.172728780088));
#8689 = CARTESIAN_POINT('',(0.,-2.172728780088));
#8690 = ( GEOMETRIC_REPRESENTATION_CONTEXT(2) 
PARAMETRIC_REPRESENTATION_CONTEXT() REPRESENTATION_CONTEXT('2D SPACE',''
  ) );
#8691 = ORIENTED_EDGE('',*,*,#8692,.T.);
#8692 = EDGE_CURVE('',#8664,#8563,#8693,.T.);
#8693 = SURFACE_CURVE('',#8694,(#8698,#8705),.PCURVE_S1.);
#8694 = LINE('',#8695,#8696);
#8695 = CARTESIAN_POINT('',(-40.46854044145,-32.70007227452,
    -28.08730182645));
#8696 = VECTOR('',#8697,1.);
#8697 = DIRECTION('',(0.906307787037,-0.254684402491,0.337256653432));
#8698 = PCURVE('',#8277,#8699);
#8699 = DEFINITIONAL_REPRESENTATION('',(#8700),#8704);
#8700 = LINE('',#8701,#8702);
#8701 = CARTESIAN_POINT('',(30.415121352005,-8.881784197001E-16));
#8702 = VECTOR('',#8703,1.);
#8703 = DIRECTION('',(0.,1.));
#8704 = ( GEOMETRIC_REPRESENTATION_CONTEXT(2) 
PARAMETRIC_REPRESENTATION_CONTEXT() REPRESENTATION_CONTEXT('2D SPACE',''
  ) );
#8705 = PCURVE('',#8498,#8706);
#8706 = DEFINITIONAL_REPRESENTATION('',(#8707),#8711);
#8707 = LINE('',#8708,#8709);
#8708 = CARTESIAN_POINT('',(-3.164135620182E-15,0.88245364056));
#8709 = VECTOR('',#8710,1.);
#8710 = DIRECTION('',(1.,5.551115123126E-17));
#8711 = ( GEOMETRIC_REPRESENTATION_CONTEXT(2) 
PARAMETRIC_REPRESENTATION_CONTEXT() REPRESENTATION_CONTEXT('2D SPACE',''
  ) );
#8712 = ADVANCED_FACE('',(#8713),#8249,.F.);
#8713 = FACE_BOUND('',#8714,.F.);
#8714 = EDGE_LOOP('',(#8715,#8716,#8717,#8738));
#8715 = ORIENTED_EDGE('',*,*,#8233,.F.);
#8716 = ORIENTED_EDGE('',*,*,#8348,.T.);
#8717 = ORIENTED_EDGE('',*,*,#8718,.T.);
#8718 = EDGE_CURVE('',#8319,#8561,#8719,.T.);
#8719 = SURFACE_CURVE('',#8720,(#8724,#8731),.PCURVE_S1.);
#8720 = LINE('',#8721,#8722);
#8721 = CARTESIAN_POINT('',(-26.76602264884,-11.69209588971,
    -5.436107449957));
#8722 = VECTOR('',#8723,1.);
#8723 = DIRECTION('',(-0.422618261741,-0.546172463689,0.723249227273));
#8724 = PCURVE('',#8249,#8725);
#8725 = DEFINITIONAL_REPRESENTATION('',(#8726),#8730);
#8726 = LINE('',#8727,#8728);
#8727 = CARTESIAN_POINT('',(14.707560676003,8.881784197001E-16));
#8728 = VECTOR('',#8729,1.);
#8729 = DIRECTION('',(5.551115123126E-17,1.));
#8730 = ( GEOMETRIC_REPRESENTATION_CONTEXT(2) 
PARAMETRIC_REPRESENTATION_CONTEXT() REPRESENTATION_CONTEXT('2D SPACE',''
  ) );
#8731 = PCURVE('',#8336,#8732);
#8732 = DEFINITIONAL_REPRESENTATION('',(#8733),#8737);
#8733 = LINE('',#8734,#8735);
#8734 = CARTESIAN_POINT('',(0.,0.));
#8735 = VECTOR('',#8736,1.);
#8736 = DIRECTION('',(0.,-1.));
#8737 = ( GEOMETRIC_REPRESENTATION_CONTEXT(2) 
PARAMETRIC_REPRESENTATION_CONTEXT() REPRESENTATION_CONTEXT('2D SPACE',''
  ) );
#8738 = ORIENTED_EDGE('',*,*,#8585,.F.);
#8739 = ADVANCED_FACE('',(#8740),#8336,.T.);
#8740 = FACE_BOUND('',#8741,.T.);
#8741 = EDGE_LOOP('',(#8742,#8743,#8744,#8745));
#8742 = ORIENTED_EDGE('',*,*,#8318,.F.);
#8743 = ORIENTED_EDGE('',*,*,#8718,.T.);
#8744 = ORIENTED_EDGE('',*,*,#8560,.T.);
#8745 = ORIENTED_EDGE('',*,*,#8746,.F.);
#8746 = EDGE_CURVE('',#8321,#8563,#8747,.T.);
#8747 = SURFACE_CURVE('',#8748,(#8752,#8759),.PCURVE_S1.);
#8748 = LINE('',#8749,#8750);
#8749 = CARTESIAN_POINT('',(-26.76602264884,-35.96388669843,
    -23.76531304635));
#8750 = VECTOR('',#8751,1.);
#8751 = DIRECTION('',(-0.422618261741,-0.546172463689,0.723249227273));
#8752 = PCURVE('',#8336,#8753);
#8753 = DEFINITIONAL_REPRESENTATION('',(#8754),#8758);
#8754 = LINE('',#8755,#8756);
#8755 = CARTESIAN_POINT('',(30.415121352005,1.7763568394E-15));
#8756 = VECTOR('',#8757,1.);
#8757 = DIRECTION('',(0.,-1.));
#8758 = ( GEOMETRIC_REPRESENTATION_CONTEXT(2) 
PARAMETRIC_REPRESENTATION_CONTEXT() REPRESENTATION_CONTEXT('2D SPACE',''
  ) );
#8759 = PCURVE('',#8498,#8760);
#8760 = DEFINITIONAL_REPRESENTATION('',(#8761),#8765);
#8761 = LINE('',#8762,#8763);
#8762 = CARTESIAN_POINT('',(14.707560676003,-3.996802888651E-15));
#8763 = VECTOR('',#8764,1.);
#8764 = DIRECTION('',(5.551115123126E-17,1.));
#8765 = ( GEOMETRIC_REPRESENTATION_CONTEXT(2) 
PARAMETRIC_REPRESENTATION_CONTEXT() REPRESENTATION_CONTEXT('2D SPACE',''
  ) );
#8766 = ADVANCED_FACE('',(#8767),#8498,.T.);
#8767 = FACE_BOUND('',#8768,.T.);
#8768 = EDGE_LOOP('',(#8769,#8770,#8789,#8790));
#8769 = ORIENTED_EDGE('',*,*,#8692,.F.);
#8770 = ORIENTED_EDGE('',*,*,#8771,.F.);
#8771 = EDGE_CURVE('',#8455,#8664,#8772,.T.);
#8772 = SURFACE_CURVE('',#8773,(#8777,#8783),.PCURVE_S1.);
#8773 = LINE('',#8774,#8775);
#8774 = CARTESIAN_POINT('',(-33.61728154514,-35.00574549274,
    -25.03409705269));
#8775 = VECTOR('',#8776,1.);
#8776 = DIRECTION('',(-1.,0.,0.));
#8777 = PCURVE('',#8498,#8778);
#8778 = DEFINITIONAL_REPRESENTATION('',(#8779),#8782);
#8779 = B_SPLINE_CURVE_WITH_KNOTS('',1,(#8780,#8781),.UNSPECIFIED.,.F.,
  .F.,(2,2),(-3.650469547051,-1.144793705428),.PIECEWISE_BEZIER_KNOTS.);
#8780 = CARTESIAN_POINT('',(11.134730895726,-8.824536405617E-02));
#8781 = CARTESIAN_POINT('',(8.863817368674,0.970699004616));
#8782 = ( GEOMETRIC_REPRESENTATION_CONTEXT(2) 
PARAMETRIC_REPRESENTATION_CONTEXT() REPRESENTATION_CONTEXT('2D SPACE',''
  ) );
#8783 = PCURVE('',#8436,#8784);
#8784 = DEFINITIONAL_REPRESENTATION('',(#8785),#8788);
#8785 = B_SPLINE_CURVE_WITH_KNOTS('',1,(#8786,#8787),.UNSPECIFIED.,.F.,
  .F.,(2,2),(-3.650469547051,-1.144793705428),.PIECEWISE_BEZIER_KNOTS.);
#8786 = CARTESIAN_POINT('',(-0.729727656227,-3.650469547051));
#8787 = CARTESIAN_POINT('',(-0.729727656227,-1.144793705428));
#8788 = ( GEOMETRIC_REPRESENTATION_CONTEXT(2) 
PARAMETRIC_REPRESENTATION_CONTEXT() REPRESENTATION_CONTEXT('2D SPACE',''
  ) );
#8789 = ORIENTED_EDGE('',*,*,#8484,.T.);
#8790 = ORIENTED_EDGE('',*,*,#8746,.T.);
#8791 = ADVANCED_FACE('',(#8792),#8436,.T.);
#8792 = FACE_BOUND('',#8793,.F.);
#8793 = EDGE_LOOP('',(#8794,#8818,#8839,#8840,#8841,#8842,#8865,#8892,
    #8893));
#8794 = ORIENTED_EDGE('',*,*,#8795,.F.);
#8795 = EDGE_CURVE('',#8796,#8394,#8798,.T.);
#8796 = VERTEX_POINT('',#8797);
#8797 = CARTESIAN_POINT('',(-33.61728154514,-34.43791421376,
    -24.1266469591));
#8798 = SURFACE_CURVE('',#8799,(#8804,#8811),.PCURVE_S1.);
#8799 = CIRCLE('',#8800,1.5);
#8800 = AXIS2_PLACEMENT_3D('',#8801,#8802,#8803);
#8801 = CARTESIAN_POINT('',(-33.61728154514,-33.53396225919,
    -25.32367280002));
#8802 = DIRECTION('',(1.,0.,0.));
#8803 = DIRECTION('',(0.,-0.602634636379,0.79801722728));
#8804 = PCURVE('',#8436,#8805);
#8805 = DEFINITIONAL_REPRESENTATION('',(#8806),#8810);
#8806 = LINE('',#8807,#8808);
#8807 = CARTESIAN_POINT('',(-0.,0.));
#8808 = VECTOR('',#8809,1.);
#8809 = DIRECTION('',(-1.,0.));
#8810 = ( GEOMETRIC_REPRESENTATION_CONTEXT(2) 
PARAMETRIC_REPRESENTATION_CONTEXT() REPRESENTATION_CONTEXT('2D SPACE',''
  ) );
#8811 = PCURVE('',#8408,#8812);
#8812 = DEFINITIONAL_REPRESENTATION('',(#8813),#8817);
#8813 = CIRCLE('',#8814,1.5);
#8814 = AXIS2_PLACEMENT_2D('',#8815,#8816);
#8815 = CARTESIAN_POINT('',(0.,0.));
#8816 = DIRECTION('',(0.,-1.));
#8817 = ( GEOMETRIC_REPRESENTATION_CONTEXT(2) 
PARAMETRIC_REPRESENTATION_CONTEXT() REPRESENTATION_CONTEXT('2D SPACE',''
  ) );
#8818 = ORIENTED_EDGE('',*,*,#8819,.T.);
#8819 = EDGE_CURVE('',#8796,#8630,#8820,.T.);
#8820 = SURFACE_CURVE('',#8821,(#8825,#8832),.PCURVE_S1.);
#8821 = LINE('',#8822,#8823);
#8822 = CARTESIAN_POINT('',(-33.61728154514,-34.43791421376,
    -24.1266469591));
#8823 = VECTOR('',#8824,1.);
#8824 = DIRECTION('',(1.,0.,0.));
#8825 = PCURVE('',#8436,#8826);
#8826 = DEFINITIONAL_REPRESENTATION('',(#8827),#8831);
#8827 = LINE('',#8828,#8829);
#8828 = CARTESIAN_POINT('',(-0.,0.));
#8829 = VECTOR('',#8830,1.);
#8830 = DIRECTION('',(-0.,-1.));
#8831 = ( GEOMETRIC_REPRESENTATION_CONTEXT(2) 
PARAMETRIC_REPRESENTATION_CONTEXT() REPRESENTATION_CONTEXT('2D SPACE',''
  ) );
#8832 = PCURVE('',#8646,#8833);
#8833 = DEFINITIONAL_REPRESENTATION('',(#8834),#8838);
#8834 = LINE('',#8835,#8836);
#8835 = CARTESIAN_POINT('',(-6.28318530718,0.));
#8836 = VECTOR('',#8837,1.);
#8837 = DIRECTION('',(-0.,-1.));
#8838 = ( GEOMETRIC_REPRESENTATION_CONTEXT(2) 
PARAMETRIC_REPRESENTATION_CONTEXT() REPRESENTATION_CONTEXT('2D SPACE',''
  ) );
#8839 = ORIENTED_EDGE('',*,*,#8663,.F.);
#8840 = ORIENTED_EDGE('',*,*,#8771,.F.);
#8841 = ORIENTED_EDGE('',*,*,#8454,.T.);
#8842 = ORIENTED_EDGE('',*,*,#8843,.T.);
#8843 = EDGE_CURVE('',#8420,#8844,#8846,.T.);
#8844 = VERTEX_POINT('',#8845);
#8845 = CARTESIAN_POINT('',(-23.61728154514,-34.43791421376,
    -24.1266469591));
#8846 = SEAM_CURVE('',#8847,(#8851,#8858),.PCURVE_S1.);
#8847 = LINE('',#8848,#8849);
#8848 = CARTESIAN_POINT('',(-33.61728154514,-34.43791421376,
    -24.1266469591));
#8849 = VECTOR('',#8850,1.);
#8850 = DIRECTION('',(1.,0.,0.));
#8851 = PCURVE('',#8436,#8852);
#8852 = DEFINITIONAL_REPRESENTATION('',(#8853),#8857);
#8853 = LINE('',#8854,#8855);
#8854 = CARTESIAN_POINT('',(-0.,0.));
#8855 = VECTOR('',#8856,1.);
#8856 = DIRECTION('',(-0.,-1.));
#8857 = ( GEOMETRIC_REPRESENTATION_CONTEXT(2) 
PARAMETRIC_REPRESENTATION_CONTEXT() REPRESENTATION_CONTEXT('2D SPACE',''
  ) );
#8858 = PCURVE('',#8436,#8859);
#8859 = DEFINITIONAL_REPRESENTATION('',(#8860),#8864);
#8860 = LINE('',#8861,#8862);
#8861 = CARTESIAN_POINT('',(-6.28318530718,0.));
#8862 = VECTOR('',#8863,1.);
#8863 = DIRECTION('',(-0.,-1.));
#8864 = ( GEOMETRIC_REPRESENTATION_CONTEXT(2) 
PARAMETRIC_REPRESENTATION_CONTEXT() REPRESENTATION_CONTEXT('2D SPACE',''
  ) );
#8865 = ORIENTED_EDGE('',*,*,#8866,.T.);
#8866 = EDGE_CURVE('',#8844,#8844,#8867,.T.);
#8867 = SURFACE_CURVE('',#8868,(#8873,#8880),.PCURVE_S1.);
#8868 = CIRCLE('',#8869,1.5);
#8869 = AXIS2_PLACEMENT_3D('',#8870,#8871,#8872);
#8870 = CARTESIAN_POINT('',(-23.61728154514,-33.53396225919,
    -25.32367280002));
#8871 = DIRECTION('',(1.,0.,0.));
#8872 = DIRECTION('',(0.,-0.602634636379,0.79801722728));
#8873 = PCURVE('',#8436,#8874);
#8874 = DEFINITIONAL_REPRESENTATION('',(#8875),#8879);
#8875 = LINE('',#8876,#8877);
#8876 = CARTESIAN_POINT('',(-0.,-10.));
#8877 = VECTOR('',#8878,1.);
#8878 = DIRECTION('',(-1.,0.));
#8879 = ( GEOMETRIC_REPRESENTATION_CONTEXT(2) 
PARAMETRIC_REPRESENTATION_CONTEXT() REPRESENTATION_CONTEXT('2D SPACE',''
  ) );
#8880 = PCURVE('',#8881,#8886);
#8881 = PLANE('',#8882);
#8882 = AXIS2_PLACEMENT_3D('',#8883,#8884,#8885);
#8883 = CARTESIAN_POINT('',(-23.61728154514,-33.53396225919,
    -25.32367280002));
#8884 = DIRECTION('',(1.,0.,0.));
#8885 = DIRECTION('',(0.,-0.79801722728,-0.602634636379));
#8886 = DEFINITIONAL_REPRESENTATION('',(#8887),#8891);
#8887 = CIRCLE('',#8888,1.5);
#8888 = AXIS2_PLACEMENT_2D('',#8889,#8890);
#8889 = CARTESIAN_POINT('',(0.,0.));
#8890 = DIRECTION('',(0.,-1.));
#8891 = ( GEOMETRIC_REPRESENTATION_CONTEXT(2) 
PARAMETRIC_REPRESENTATION_CONTEXT() REPRESENTATION_CONTEXT('2D SPACE',''
  ) );
#8892 = ORIENTED_EDGE('',*,*,#8843,.F.);
#8893 = ORIENTED_EDGE('',*,*,#8419,.T.);
#8894 = ADVANCED_FACE('',(#8895),#8408,.F.);
#8895 = FACE_BOUND('',#8896,.F.);
#8896 = EDGE_LOOP('',(#8897,#8919,#8920,#8921,#8922));
#8897 = ORIENTED_EDGE('',*,*,#8898,.T.);
#8898 = EDGE_CURVE('',#8609,#8796,#8899,.T.);
#8899 = SURFACE_CURVE('',#8900,(#8905,#8912),.PCURVE_S1.);
#8900 = CIRCLE('',#8901,1.5);
#8901 = AXIS2_PLACEMENT_3D('',#8902,#8903,#8904);
#8902 = CARTESIAN_POINT('',(-33.61728154514,-33.53396225919,
    -25.32367280002));
#8903 = DIRECTION('',(1.,0.,0.));
#8904 = DIRECTION('',(0.,-0.602634636379,0.79801722728));
#8905 = PCURVE('',#8408,#8906);
#8906 = DEFINITIONAL_REPRESENTATION('',(#8907),#8911);
#8907 = CIRCLE('',#8908,1.5);
#8908 = AXIS2_PLACEMENT_2D('',#8909,#8910);
#8909 = CARTESIAN_POINT('',(0.,0.));
#8910 = DIRECTION('',(0.,-1.));
#8911 = ( GEOMETRIC_REPRESENTATION_CONTEXT(2) 
PARAMETRIC_REPRESENTATION_CONTEXT() REPRESENTATION_CONTEXT('2D SPACE',''
  ) );
#8912 = PCURVE('',#8646,#8913);
#8913 = DEFINITIONAL_REPRESENTATION('',(#8914),#8918);
#8914 = LINE('',#8915,#8916);
#8915 = CARTESIAN_POINT('',(-0.,0.));
#8916 = VECTOR('',#8917,1.);
#8917 = DIRECTION('',(-1.,0.));
#8918 = ( GEOMETRIC_REPRESENTATION_CONTEXT(2) 
PARAMETRIC_REPRESENTATION_CONTEXT() REPRESENTATION_CONTEXT('2D SPACE',''
  ) );
#8919 = ORIENTED_EDGE('',*,*,#8795,.T.);
#8920 = ORIENTED_EDGE('',*,*,#8393,.F.);
#8921 = ORIENTED_EDGE('',*,*,#8538,.T.);
#8922 = ORIENTED_EDGE('',*,*,#8608,.T.);
#8923 = ADVANCED_FACE('',(#8924),#8646,.T.);
#8924 = FACE_BOUND('',#8925,.F.);
#8925 = EDGE_LOOP('',(#8926,#8927,#8928));
#8926 = ORIENTED_EDGE('',*,*,#8898,.F.);
#8927 = ORIENTED_EDGE('',*,*,#8629,.F.);
#8928 = ORIENTED_EDGE('',*,*,#8819,.F.);
#8929 = ADVANCED_FACE('',(#8930),#8881,.T.);
#8930 = FACE_BOUND('',#8931,.T.);
#8931 = EDGE_LOOP('',(#8932));
#8932 = ORIENTED_EDGE('',*,*,#8866,.T.);
#8933 = MANIFOLD_SOLID_BREP('',#8934);
#8934 = CLOSED_SHELL('',(#8935,#9055,#9250,#9297,#9453,#9480,#9507,#9532
    ,#9635,#9664,#9670));
#8935 = ADVANCED_FACE('',(#8936),#8950,.F.);
#8936 = FACE_BOUND('',#8937,.F.);
#8937 = EDGE_LOOP('',(#8938,#8973,#9001,#9029));
#8938 = ORIENTED_EDGE('',*,*,#8939,.F.);
#8939 = EDGE_CURVE('',#8940,#8942,#8944,.T.);
#8940 = VERTEX_POINT('',#8941);
#8941 = CARTESIAN_POINT('',(-40.09559941781,-3.654125392642,
    -12.5648272619));
#8942 = VERTEX_POINT('',#8943);
#8943 = CARTESIAN_POINT('',(-40.09559941781,-19.66562351015,
    -38.42428462067));
#8944 = SURFACE_CURVE('',#8945,(#8949,#8961),.PCURVE_S1.);
#8945 = LINE('',#8946,#8947);
#8946 = CARTESIAN_POINT('',(-40.09559941781,-3.654125392642,
    -12.5648272619));
#8947 = VECTOR('',#8948,1.);
#8948 = DIRECTION('',(0.,-0.526432162877,-0.85021713573));
#8949 = PCURVE('',#8950,#8955);
#8950 = PLANE('',#8951);
#8951 = AXIS2_PLACEMENT_3D('',#8952,#8953,#8954);
#8952 = CARTESIAN_POINT('',(-40.09559941781,-3.654125392642,
    -12.5648272619));
#8953 = DIRECTION('',(0.906307787037,-0.359317288004,0.2224798456));
#8954 = DIRECTION('',(0.,-0.526432162877,-0.85021713573));
#8955 = DEFINITIONAL_REPRESENTATION('',(#8956),#8960);
#8956 = LINE('',#8957,#8958);
#8957 = CARTESIAN_POINT('',(0.,0.));
#8958 = VECTOR('',#8959,1.);
#8959 = DIRECTION('',(1.,0.));
#8960 = ( GEOMETRIC_REPRESENTATION_CONTEXT(2) 
PARAMETRIC_REPRESENTATION_CONTEXT() REPRESENTATION_CONTEXT('2D SPACE',''
  ) );
#8961 = PCURVE('',#8962,#8967);
#8962 = PLANE('',#8963);
#8963 = AXIS2_PLACEMENT_3D('',#8964,#8965,#8966);
#8964 = CARTESIAN_POINT('',(-40.09559941781,-3.654125392642,
    -12.5648272619));
#8965 = DIRECTION('',(-0.422618261741,-0.770558410784,0.477109568562));
#8966 = DIRECTION('',(0.,-0.526432162877,-0.85021713573));
#8967 = DEFINITIONAL_REPRESENTATION('',(#8968),#8972);
#8968 = LINE('',#8969,#8970);
#8969 = CARTESIAN_POINT('',(0.,0.));
#8970 = VECTOR('',#8971,1.);
#8971 = DIRECTION('',(1.,0.));
#8972 = ( GEOMETRIC_REPRESENTATION_CONTEXT(2) 
PARAMETRIC_REPRESENTATION_CONTEXT() REPRESENTATION_CONTEXT('2D SPACE',''
  ) );
#8973 = ORIENTED_EDGE('',*,*,#8974,.T.);
#8974 = EDGE_CURVE('',#8940,#8975,#8977,.T.);
#8975 = VERTEX_POINT('',#8976);
#8976 = CARTESIAN_POINT('',(-40.46854044145,-4.334107467502,
    -12.14380018618));
#8977 = SURFACE_CURVE('',#8978,(#8982,#8989),.PCURVE_S1.);
#8978 = LINE('',#8979,#8980);
#8979 = CARTESIAN_POINT('',(-40.09559941781,-3.654125392642,
    -12.5648272619));
#8980 = VECTOR('',#8981,1.);
#8981 = DIRECTION('',(-0.422618261741,-0.770558410784,0.477109568562));
#8982 = PCURVE('',#8950,#8983);
#8983 = DEFINITIONAL_REPRESENTATION('',(#8984),#8988);
#8984 = LINE('',#8985,#8986);
#8985 = CARTESIAN_POINT('',(0.,0.));
#8986 = VECTOR('',#8987,1.);
#8987 = DIRECTION('',(0.,-1.));
#8988 = ( GEOMETRIC_REPRESENTATION_CONTEXT(2) 
PARAMETRIC_REPRESENTATION_CONTEXT() REPRESENTATION_CONTEXT('2D SPACE',''
  ) );
#8989 = PCURVE('',#8990,#8995);
#8990 = PLANE('',#8991);
#8991 = AXIS2_PLACEMENT_3D('',#8992,#8993,#8994);
#8992 = CARTESIAN_POINT('',(-40.09559941781,-3.654125392642,
    -12.5648272619));
#8993 = DIRECTION('',(0.,-0.526432162877,-0.85021713573));
#8994 = DIRECTION('',(0.906307787037,-0.359317288004,0.2224798456));
#8995 = DEFINITIONAL_REPRESENTATION('',(#8996),#9000);
#8996 = LINE('',#8997,#8998);
#8997 = CARTESIAN_POINT('',(0.,0.));
#8998 = VECTOR('',#8999,1.);
#8999 = DIRECTION('',(1.387778780781E-17,1.));
#9000 = ( GEOMETRIC_REPRESENTATION_CONTEXT(2) 
PARAMETRIC_REPRESENTATION_CONTEXT() REPRESENTATION_CONTEXT('2D SPACE',''
  ) );
#9001 = ORIENTED_EDGE('',*,*,#9002,.T.);
#9002 = EDGE_CURVE('',#8975,#9003,#9005,.T.);
#9003 = VERTEX_POINT('',#9004);
#9004 = CARTESIAN_POINT('',(-40.46854044145,-20.34560558501,
    -38.00325754495));
#9005 = SURFACE_CURVE('',#9006,(#9010,#9017),.PCURVE_S1.);
#9006 = LINE('',#9007,#9008);
#9007 = CARTESIAN_POINT('',(-40.46854044145,-4.334107467502,
    -12.14380018618));
#9008 = VECTOR('',#9009,1.);
#9009 = DIRECTION('',(0.,-0.526432162877,-0.85021713573));
#9010 = PCURVE('',#8950,#9011);
#9011 = DEFINITIONAL_REPRESENTATION('',(#9012),#9016);
#9012 = LINE('',#9013,#9014);
#9013 = CARTESIAN_POINT('',(1.443289932013E-15,-0.88245364056));
#9014 = VECTOR('',#9015,1.);
#9015 = DIRECTION('',(1.,0.));
#9016 = ( GEOMETRIC_REPRESENTATION_CONTEXT(2) 
PARAMETRIC_REPRESENTATION_CONTEXT() REPRESENTATION_CONTEXT('2D SPACE',''
  ) );
#9017 = PCURVE('',#9018,#9023);
#9018 = PLANE('',#9019);
#9019 = AXIS2_PLACEMENT_3D('',#9020,#9021,#9022);
#9020 = CARTESIAN_POINT('',(-40.46854044145,-4.334107467502,
    -12.14380018618));
#9021 = DIRECTION('',(-0.422618261741,-0.770558410784,0.477109568562));
#9022 = DIRECTION('',(0.,-0.526432162877,-0.85021713573));
#9023 = DEFINITIONAL_REPRESENTATION('',(#9024),#9028);
#9024 = LINE('',#9025,#9026);
#9025 = CARTESIAN_POINT('',(0.,0.));
#9026 = VECTOR('',#9027,1.);
#9027 = DIRECTION('',(1.,0.));
#9028 = ( GEOMETRIC_REPRESENTATION_CONTEXT(2) 
PARAMETRIC_REPRESENTATION_CONTEXT() REPRESENTATION_CONTEXT('2D SPACE',''
  ) );
#9029 = ORIENTED_EDGE('',*,*,#9030,.F.);
#9030 = EDGE_CURVE('',#8942,#9003,#9031,.T.);
#9031 = SURFACE_CURVE('',#9032,(#9036,#9043),.PCURVE_S1.);
#9032 = LINE('',#9033,#9034);
#9033 = CARTESIAN_POINT('',(-40.09559941781,-19.66562351015,
    -38.42428462067));
#9034 = VECTOR('',#9035,1.);
#9035 = DIRECTION('',(-0.422618261741,-0.770558410784,0.477109568562));
#9036 = PCURVE('',#8950,#9037);
#9037 = DEFINITIONAL_REPRESENTATION('',(#9038),#9042);
#9038 = LINE('',#9039,#9040);
#9039 = CARTESIAN_POINT('',(30.415121352005,0.));
#9040 = VECTOR('',#9041,1.);
#9041 = DIRECTION('',(0.,-1.));
#9042 = ( GEOMETRIC_REPRESENTATION_CONTEXT(2) 
PARAMETRIC_REPRESENTATION_CONTEXT() REPRESENTATION_CONTEXT('2D SPACE',''
  ) );
#9043 = PCURVE('',#9044,#9049);
#9044 = PLANE('',#9045);
#9045 = AXIS2_PLACEMENT_3D('',#9046,#9047,#9048);
#9046 = CARTESIAN_POINT('',(-40.09559941781,-19.66562351015,
    -38.42428462067));
#9047 = DIRECTION('',(0.,-0.526432162877,-0.85021713573));
#9048 = DIRECTION('',(0.906307787037,-0.359317288004,0.2224798456));
#9049 = DEFINITIONAL_REPRESENTATION('',(#9050),#9054);
#9050 = LINE('',#9051,#9052);
#9051 = CARTESIAN_POINT('',(0.,0.));
#9052 = VECTOR('',#9053,1.);
#9053 = DIRECTION('',(1.387778780781E-17,1.));
#9054 = ( GEOMETRIC_REPRESENTATION_CONTEXT(2) 
PARAMETRIC_REPRESENTATION_CONTEXT() REPRESENTATION_CONTEXT('2D SPACE',''
  ) );
#9055 = ADVANCED_FACE('',(#9056),#8962,.F.);
#9056 = FACE_BOUND('',#9057,.F.);
#9057 = EDGE_LOOP('',(#9058,#9088,#9109,#9110,#9133,#9159,#9194,#9224));
#9058 = ORIENTED_EDGE('',*,*,#9059,.F.);
#9059 = EDGE_CURVE('',#9060,#9062,#9064,.T.);
#9060 = VERTEX_POINT('',#9061);
#9061 = CARTESIAN_POINT('',(-26.76602264884,-8.9388062079,
    -9.292691433564));
#9062 = VERTEX_POINT('',#9063);
#9063 = CARTESIAN_POINT('',(-26.76602264884,-24.95030432541,
    -35.15214879233));
#9064 = SURFACE_CURVE('',#9065,(#9069,#9076),.PCURVE_S1.);
#9065 = LINE('',#9066,#9067);
#9066 = CARTESIAN_POINT('',(-26.76602264884,-8.9388062079,
    -9.292691433564));
#9067 = VECTOR('',#9068,1.);
#9068 = DIRECTION('',(0.,-0.526432162877,-0.85021713573));
#9069 = PCURVE('',#8962,#9070);
#9070 = DEFINITIONAL_REPRESENTATION('',(#9071),#9075);
#9071 = LINE('',#9072,#9073);
#9072 = CARTESIAN_POINT('',(4.440892098501E-16,14.707560676003));
#9073 = VECTOR('',#9074,1.);
#9074 = DIRECTION('',(1.,0.));
#9075 = ( GEOMETRIC_REPRESENTATION_CONTEXT(2) 
PARAMETRIC_REPRESENTATION_CONTEXT() REPRESENTATION_CONTEXT('2D SPACE',''
  ) );
#9076 = PCURVE('',#9077,#9082);
#9077 = PLANE('',#9078);
#9078 = AXIS2_PLACEMENT_3D('',#9079,#9080,#9081);
#9079 = CARTESIAN_POINT('',(-26.76602264884,-8.9388062079,
    -9.292691433564));
#9080 = DIRECTION('',(0.906307787037,-0.359317288004,0.2224798456));
#9081 = DIRECTION('',(0.,-0.526432162877,-0.85021713573));
#9082 = DEFINITIONAL_REPRESENTATION('',(#9083),#9087);
#9083 = LINE('',#9084,#9085);
#9084 = CARTESIAN_POINT('',(0.,0.));
#9085 = VECTOR('',#9086,1.);
#9086 = DIRECTION('',(1.,0.));
#9087 = ( GEOMETRIC_REPRESENTATION_CONTEXT(2) 
PARAMETRIC_REPRESENTATION_CONTEXT() REPRESENTATION_CONTEXT('2D SPACE',''
  ) );
#9088 = ORIENTED_EDGE('',*,*,#9089,.F.);
#9089 = EDGE_CURVE('',#8940,#9060,#9090,.T.);
#9090 = SURFACE_CURVE('',#9091,(#9095,#9102),.PCURVE_S1.);
#9091 = LINE('',#9092,#9093);
#9092 = CARTESIAN_POINT('',(-40.09559941781,-3.654125392642,
    -12.5648272619));
#9093 = VECTOR('',#9094,1.);
#9094 = DIRECTION('',(0.906307787037,-0.359317288004,0.2224798456));
#9095 = PCURVE('',#8962,#9096);
#9096 = DEFINITIONAL_REPRESENTATION('',(#9097),#9101);
#9097 = LINE('',#9098,#9099);
#9098 = CARTESIAN_POINT('',(0.,0.));
#9099 = VECTOR('',#9100,1.);
#9100 = DIRECTION('',(0.,1.));
#9101 = ( GEOMETRIC_REPRESENTATION_CONTEXT(2) 
PARAMETRIC_REPRESENTATION_CONTEXT() REPRESENTATION_CONTEXT('2D SPACE',''
  ) );
#9102 = PCURVE('',#8990,#9103);
#9103 = DEFINITIONAL_REPRESENTATION('',(#9104),#9108);
#9104 = LINE('',#9105,#9106);
#9105 = CARTESIAN_POINT('',(0.,0.));
#9106 = VECTOR('',#9107,1.);
#9107 = DIRECTION('',(1.,1.387778780781E-17));
#9108 = ( GEOMETRIC_REPRESENTATION_CONTEXT(2) 
PARAMETRIC_REPRESENTATION_CONTEXT() REPRESENTATION_CONTEXT('2D SPACE',''
  ) );
#9109 = ORIENTED_EDGE('',*,*,#8939,.T.);
#9110 = ORIENTED_EDGE('',*,*,#9111,.T.);
#9111 = EDGE_CURVE('',#8942,#9112,#9114,.T.);
#9112 = VERTEX_POINT('',#9113);
#9113 = CARTESIAN_POINT('',(-33.61728154514,-22.23403530373,
    -36.83399136636));
#9114 = SURFACE_CURVE('',#9115,(#9119,#9126),.PCURVE_S1.);
#9115 = LINE('',#9116,#9117);
#9116 = CARTESIAN_POINT('',(-40.09559941781,-19.66562351015,
    -38.42428462067));
#9117 = VECTOR('',#9118,1.);
#9118 = DIRECTION('',(0.906307787037,-0.359317288004,0.2224798456));
#9119 = PCURVE('',#8962,#9120);
#9120 = DEFINITIONAL_REPRESENTATION('',(#9121),#9125);
#9121 = LINE('',#9122,#9123);
#9122 = CARTESIAN_POINT('',(30.415121352005,8.881784197001E-16));
#9123 = VECTOR('',#9124,1.);
#9124 = DIRECTION('',(0.,1.));
#9125 = ( GEOMETRIC_REPRESENTATION_CONTEXT(2) 
PARAMETRIC_REPRESENTATION_CONTEXT() REPRESENTATION_CONTEXT('2D SPACE',''
  ) );
#9126 = PCURVE('',#9044,#9127);
#9127 = DEFINITIONAL_REPRESENTATION('',(#9128),#9132);
#9128 = LINE('',#9129,#9130);
#9129 = CARTESIAN_POINT('',(0.,0.));
#9130 = VECTOR('',#9131,1.);
#9131 = DIRECTION('',(1.,1.387778780781E-17));
#9132 = ( GEOMETRIC_REPRESENTATION_CONTEXT(2) 
PARAMETRIC_REPRESENTATION_CONTEXT() REPRESENTATION_CONTEXT('2D SPACE',''
  ) );
#9133 = ORIENTED_EDGE('',*,*,#9134,.T.);
#9134 = EDGE_CURVE('',#9112,#9135,#9137,.T.);
#9135 = VERTEX_POINT('',#9136);
#9136 = CARTESIAN_POINT('',(-33.61728154514,-20.96070240484,
    -34.77748812346));
#9137 = SURFACE_CURVE('',#9138,(#9142,#9148),.PCURVE_S1.);
#9138 = LINE('',#9139,#9140);
#9139 = CARTESIAN_POINT('',(-33.61728154514,-13.96507016353,
    -23.47915411911));
#9140 = VECTOR('',#9141,1.);
#9141 = DIRECTION('',(-0.,0.526432162877,0.85021713573));
#9142 = PCURVE('',#8962,#9143);
#9143 = DEFINITIONAL_REPRESENTATION('',(#9144),#9147);
#9144 = B_SPLINE_CURVE_WITH_KNOTS('',1,(#9145,#9146),.UNSPECIFIED.,.F.,
  .F.,(2,2),(-15.707560676,-13.207560676),.PIECEWISE_BEZIER_KNOTS.);
#9145 = CARTESIAN_POINT('',(30.415121352005,7.148032892721));
#9146 = CARTESIAN_POINT('',(27.915121352005,7.148032892721));
#9147 = ( GEOMETRIC_REPRESENTATION_CONTEXT(2) 
PARAMETRIC_REPRESENTATION_CONTEXT() REPRESENTATION_CONTEXT('2D SPACE',''
  ) );
#9148 = PCURVE('',#9149,#9154);
#9149 = PLANE('',#9150);
#9150 = AXIS2_PLACEMENT_3D('',#9151,#9152,#9153);
#9151 = CARTESIAN_POINT('',(-33.61728154514,-22.12152279233,
    -35.72748603291));
#9152 = DIRECTION('',(1.,0.,0.));
#9153 = DIRECTION('',(0.,-0.526432162877,-0.85021713573));
#9154 = DEFINITIONAL_REPRESENTATION('',(#9155),#9158);
#9155 = B_SPLINE_CURVE_WITH_KNOTS('',1,(#9156,#9157),.UNSPECIFIED.,.F.,
  .F.,(2,2),(-15.707560676,-13.207560676),.PIECEWISE_BEZIER_KNOTS.);
#9156 = CARTESIAN_POINT('',(1.,0.486839930751));
#9157 = CARTESIAN_POINT('',(-1.5,0.486839930751));
#9158 = ( GEOMETRIC_REPRESENTATION_CONTEXT(2) 
PARAMETRIC_REPRESENTATION_CONTEXT() REPRESENTATION_CONTEXT('2D SPACE',''
  ) );
#9159 = ORIENTED_EDGE('',*,*,#9160,.F.);
#9160 = EDGE_CURVE('',#9161,#9135,#9163,.T.);
#9161 = VERTEX_POINT('',#9162);
#9162 = CARTESIAN_POINT('',(-29.3564895637,-23.39684849593,
    -34.93783778859));
#9163 = SURFACE_CURVE('',#9164,(#9169,#9176),.PCURVE_S1.);
#9164 = ELLIPSE('',#9165,3.549302374729,1.5);
#9165 = AXIS2_PLACEMENT_3D('',#9166,#9167,#9168);
#9166 = CARTESIAN_POINT('',(-32.57324994447,-22.12152279233,
    -35.72748603291));
#9167 = DIRECTION('',(-0.422618261741,-0.770558410784,0.477109568562));
#9168 = DIRECTION('',(-0.906307787037,0.359317288004,-0.2224798456));
#9169 = PCURVE('',#8962,#9170);
#9170 = DEFINITIONAL_REPRESENTATION('',(#9171),#9175);
#9171 = ELLIPSE('',#9172,3.549302374729,1.5);
#9172 = AXIS2_PLACEMENT_2D('',#9173,#9174);
#9173 = CARTESIAN_POINT('',(29.415121352005,8.299994307606));
#9174 = DIRECTION('',(8.326672684689E-17,-1.));
#9175 = ( GEOMETRIC_REPRESENTATION_CONTEXT(2) 
PARAMETRIC_REPRESENTATION_CONTEXT() REPRESENTATION_CONTEXT('2D SPACE',''
  ) );
#9176 = PCURVE('',#9177,#9182);
#9177 = CYLINDRICAL_SURFACE('',#9178,1.5);
#9178 = AXIS2_PLACEMENT_3D('',#9179,#9180,#9181);
#9179 = CARTESIAN_POINT('',(-33.61728154514,-22.12152279233,
    -35.72748603291));
#9180 = DIRECTION('',(-1.,0.,0.));
#9181 = DIRECTION('',(0.,-0.85021713573,0.526432162877));
#9182 = DEFINITIONAL_REPRESENTATION('',(#9183),#9193);
#9183 = B_SPLINE_CURVE_WITH_KNOTS('',8,(#9184,#9185,#9186,#9187,#9188,
    #9189,#9190,#9191,#9192),.UNSPECIFIED.,.F.,.F.,(9,9),(3.14159265359,
    5.042935637106),.PIECEWISE_BEZIER_KNOTS.);
#9184 = CARTESIAN_POINT('',(-6.28318530718,-4.26079198144));
#9185 = CARTESIAN_POINT('',(-6.04551743424,-4.26079198144));
#9186 = CARTESIAN_POINT('',(-5.807849561301,-4.053131704458));
#9187 = CARTESIAN_POINT('',(-5.57018168836,-3.637818874993));
#9188 = CARTESIAN_POINT('',(-5.332513815424,-3.039844771438));
#9189 = CARTESIAN_POINT('',(-5.094845942484,-2.309344507419));
#9190 = CARTESIAN_POINT('',(-4.857178069543,-1.513664959144));
#9191 = CARTESIAN_POINT('',(-4.619510196603,-0.72313272222));
#9192 = CARTESIAN_POINT('',(-4.381842323664,5.999999999062E-07));
#9193 = ( GEOMETRIC_REPRESENTATION_CONTEXT(2) 
PARAMETRIC_REPRESENTATION_CONTEXT() REPRESENTATION_CONTEXT('2D SPACE',''
  ) );
#9194 = ORIENTED_EDGE('',*,*,#9195,.F.);
#9195 = EDGE_CURVE('',#9196,#9161,#9198,.T.);
#9196 = VERTEX_POINT('',#9197);
#9197 = CARTESIAN_POINT('',(-30.17561831823,-23.59852661077,
    -35.98913411777));
#9198 = SURFACE_CURVE('',#9199,(#9204,#9211),.PCURVE_S1.);
#9199 = ELLIPSE('',#9200,3.549302374729,1.5);
#9200 = AXIS2_PLACEMENT_3D('',#9201,#9202,#9203);
#9201 = CARTESIAN_POINT('',(-32.57324994447,-22.12152279233,
    -35.72748603291));
#9202 = DIRECTION('',(-0.422618261741,-0.770558410784,0.477109568562));
#9203 = DIRECTION('',(-0.906307787037,0.359317288004,-0.2224798456));
#9204 = PCURVE('',#8962,#9205);
#9205 = DEFINITIONAL_REPRESENTATION('',(#9206),#9210);
#9206 = ELLIPSE('',#9207,3.549302374729,1.5);
#9207 = AXIS2_PLACEMENT_2D('',#9208,#9209);
#9208 = CARTESIAN_POINT('',(29.415121352005,8.299994307606));
#9209 = DIRECTION('',(8.326672684689E-17,-1.));
#9210 = ( GEOMETRIC_REPRESENTATION_CONTEXT(2) 
PARAMETRIC_REPRESENTATION_CONTEXT() REPRESENTATION_CONTEXT('2D SPACE',''
  ) );
#9211 = PCURVE('',#9177,#9212);
#9212 = DEFINITIONAL_REPRESENTATION('',(#9213),#9223);
#9213 = B_SPLINE_CURVE_WITH_KNOTS('',8,(#9214,#9215,#9216,#9217,#9218,
    #9219,#9220,#9221,#9222),.UNSPECIFIED.,.F.,.F.,(9,9),(1.240249670074
    ,3.14159265359),.PIECEWISE_BEZIER_KNOTS.);
#9214 = CARTESIAN_POINT('',(-1.901342983516,5.999999999062E-07));
#9215 = CARTESIAN_POINT('',(-1.663675110576,-0.72313272222));
#9216 = CARTESIAN_POINT('',(-1.426007237636,-1.513664959141));
#9217 = CARTESIAN_POINT('',(-1.188339364698,-2.309344507445));
#9218 = CARTESIAN_POINT('',(-0.950671491757,-3.039844771449));
#9219 = CARTESIAN_POINT('',(-0.713003618818,-3.637818875006));
#9220 = CARTESIAN_POINT('',(-0.475335745879,-4.053131704455));
#9221 = CARTESIAN_POINT('',(-0.237667872939,-4.26079198144));
#9222 = CARTESIAN_POINT('',(0.,-4.26079198144));
#9223 = ( GEOMETRIC_REPRESENTATION_CONTEXT(2) 
PARAMETRIC_REPRESENTATION_CONTEXT() REPRESENTATION_CONTEXT('2D SPACE',''
  ) );
#9224 = ORIENTED_EDGE('',*,*,#9225,.T.);
#9225 = EDGE_CURVE('',#9196,#9062,#9226,.T.);
#9226 = SURFACE_CURVE('',#9227,(#9231,#9238),.PCURVE_S1.);
#9227 = LINE('',#9228,#9229);
#9228 = CARTESIAN_POINT('',(-40.09559941781,-19.66562351015,
    -38.42428462067));
#9229 = VECTOR('',#9230,1.);
#9230 = DIRECTION('',(0.906307787037,-0.359317288004,0.2224798456));
#9231 = PCURVE('',#8962,#9232);
#9232 = DEFINITIONAL_REPRESENTATION('',(#9233),#9237);
#9233 = LINE('',#9234,#9235);
#9234 = CARTESIAN_POINT('',(30.415121352005,8.881784197001E-16));
#9235 = VECTOR('',#9236,1.);
#9236 = DIRECTION('',(0.,1.));
#9237 = ( GEOMETRIC_REPRESENTATION_CONTEXT(2) 
PARAMETRIC_REPRESENTATION_CONTEXT() REPRESENTATION_CONTEXT('2D SPACE',''
  ) );
#9238 = PCURVE('',#9239,#9244);
#9239 = PLANE('',#9240);
#9240 = AXIS2_PLACEMENT_3D('',#9241,#9242,#9243);
#9241 = CARTESIAN_POINT('',(-40.09559941781,-19.66562351015,
    -38.42428462067));
#9242 = DIRECTION('',(0.,-0.526432162877,-0.85021713573));
#9243 = DIRECTION('',(0.906307787037,-0.359317288004,0.2224798456));
#9244 = DEFINITIONAL_REPRESENTATION('',(#9245),#9249);
#9245 = LINE('',#9246,#9247);
#9246 = CARTESIAN_POINT('',(0.,0.));
#9247 = VECTOR('',#9248,1.);
#9248 = DIRECTION('',(1.,1.387778780781E-17));
#9249 = ( GEOMETRIC_REPRESENTATION_CONTEXT(2) 
PARAMETRIC_REPRESENTATION_CONTEXT() REPRESENTATION_CONTEXT('2D SPACE',''
  ) );
#9250 = ADVANCED_FACE('',(#9251),#9044,.T.);
#9251 = FACE_BOUND('',#9252,.T.);
#9252 = EDGE_LOOP('',(#9253,#9276,#9277,#9278));
#9253 = ORIENTED_EDGE('',*,*,#9254,.F.);
#9254 = EDGE_CURVE('',#9003,#9255,#9257,.T.);
#9255 = VERTEX_POINT('',#9256);
#9256 = CARTESIAN_POINT('',(-33.61728154514,-23.06187460669,
    -36.32141497092));
#9257 = SURFACE_CURVE('',#9258,(#9262,#9269),.PCURVE_S1.);
#9258 = LINE('',#9259,#9260);
#9259 = CARTESIAN_POINT('',(-40.46854044145,-20.34560558501,
    -38.00325754495));
#9260 = VECTOR('',#9261,1.);
#9261 = DIRECTION('',(0.906307787037,-0.359317288004,0.2224798456));
#9262 = PCURVE('',#9044,#9263);
#9263 = DEFINITIONAL_REPRESENTATION('',(#9264),#9268);
#9264 = LINE('',#9265,#9266);
#9265 = CARTESIAN_POINT('',(-3.413935800722E-15,0.88245364056));
#9266 = VECTOR('',#9267,1.);
#9267 = DIRECTION('',(1.,1.387778780781E-17));
#9268 = ( GEOMETRIC_REPRESENTATION_CONTEXT(2) 
PARAMETRIC_REPRESENTATION_CONTEXT() REPRESENTATION_CONTEXT('2D SPACE',''
  ) );
#9269 = PCURVE('',#9018,#9270);
#9270 = DEFINITIONAL_REPRESENTATION('',(#9271),#9275);
#9271 = LINE('',#9272,#9273);
#9272 = CARTESIAN_POINT('',(30.415121352005,8.881784197001E-16));
#9273 = VECTOR('',#9274,1.);
#9274 = DIRECTION('',(0.,1.));
#9275 = ( GEOMETRIC_REPRESENTATION_CONTEXT(2) 
PARAMETRIC_REPRESENTATION_CONTEXT() REPRESENTATION_CONTEXT('2D SPACE',''
  ) );
#9276 = ORIENTED_EDGE('',*,*,#9030,.F.);
#9277 = ORIENTED_EDGE('',*,*,#9111,.T.);
#9278 = ORIENTED_EDGE('',*,*,#9279,.T.);
#9279 = EDGE_CURVE('',#9112,#9255,#9280,.T.);
#9280 = SURFACE_CURVE('',#9281,(#9285,#9291),.PCURVE_S1.);
#9281 = LINE('',#9282,#9283);
#9282 = CARTESIAN_POINT('',(-33.61728154514,-21.15678923268,
    -37.50099389466));
#9283 = VECTOR('',#9284,1.);
#9284 = DIRECTION('',(0.,-0.85021713573,0.526432162877));
#9285 = PCURVE('',#9044,#9286);
#9286 = DEFINITIONAL_REPRESENTATION('',(#9287),#9290);
#9287 = B_SPLINE_CURVE_WITH_KNOTS('',1,(#9288,#9289),.UNSPECIFIED.,.F.,
  .F.,(2,2),(1.267024652618,2.24070451412),.PIECEWISE_BEZIER_KNOTS.);
#9288 = CARTESIAN_POINT('',(7.148032892721,-2.22044604925E-16));
#9289 = CARTESIAN_POINT('',(7.559527783281,0.88245364056));
#9290 = ( GEOMETRIC_REPRESENTATION_CONTEXT(2) 
PARAMETRIC_REPRESENTATION_CONTEXT() REPRESENTATION_CONTEXT('2D SPACE',''
  ) );
#9291 = PCURVE('',#9149,#9292);
#9292 = DEFINITIONAL_REPRESENTATION('',(#9293),#9296);
#9293 = B_SPLINE_CURVE_WITH_KNOTS('',1,(#9294,#9295),.UNSPECIFIED.,.F.,
  .F.,(2,2),(1.267024652618,2.24070451412),.PIECEWISE_BEZIER_KNOTS.);
#9294 = CARTESIAN_POINT('',(1.,0.486839930751));
#9295 = CARTESIAN_POINT('',(1.,-0.486839930751));
#9296 = ( GEOMETRIC_REPRESENTATION_CONTEXT(2) 
PARAMETRIC_REPRESENTATION_CONTEXT() REPRESENTATION_CONTEXT('2D SPACE',''
  ) );
#9297 = ADVANCED_FACE('',(#9298),#9018,.T.);
#9298 = FACE_BOUND('',#9299,.T.);
#9299 = EDGE_LOOP('',(#9300,#9325,#9346,#9347,#9348,#9369,#9403,#9432));
#9300 = ORIENTED_EDGE('',*,*,#9301,.F.);
#9301 = EDGE_CURVE('',#9302,#9304,#9306,.T.);
#9302 = VERTEX_POINT('',#9303);
#9303 = CARTESIAN_POINT('',(-27.13896367248,-9.618788282761,
    -8.871664357841));
#9304 = VERTEX_POINT('',#9305);
#9305 = CARTESIAN_POINT('',(-27.13896367248,-25.63028640027,
    -34.73112171661));
#9306 = SURFACE_CURVE('',#9307,(#9311,#9318),.PCURVE_S1.);
#9307 = LINE('',#9308,#9309);
#9308 = CARTESIAN_POINT('',(-27.13896367248,-9.618788282761,
    -8.871664357841));
#9309 = VECTOR('',#9310,1.);
#9310 = DIRECTION('',(0.,-0.526432162877,-0.85021713573));
#9311 = PCURVE('',#9018,#9312);
#9312 = DEFINITIONAL_REPRESENTATION('',(#9313),#9317);
#9313 = LINE('',#9314,#9315);
#9314 = CARTESIAN_POINT('',(8.881784197001E-16,14.707560676003));
#9315 = VECTOR('',#9316,1.);
#9316 = DIRECTION('',(1.,0.));
#9317 = ( GEOMETRIC_REPRESENTATION_CONTEXT(2) 
PARAMETRIC_REPRESENTATION_CONTEXT() REPRESENTATION_CONTEXT('2D SPACE',''
  ) );
#9318 = PCURVE('',#9077,#9319);
#9319 = DEFINITIONAL_REPRESENTATION('',(#9320),#9324);
#9320 = LINE('',#9321,#9322);
#9321 = CARTESIAN_POINT('',(1.443289932013E-15,-0.88245364056));
#9322 = VECTOR('',#9323,1.);
#9323 = DIRECTION('',(1.,0.));
#9324 = ( GEOMETRIC_REPRESENTATION_CONTEXT(2) 
PARAMETRIC_REPRESENTATION_CONTEXT() REPRESENTATION_CONTEXT('2D SPACE',''
  ) );
#9325 = ORIENTED_EDGE('',*,*,#9326,.F.);
#9326 = EDGE_CURVE('',#8975,#9302,#9327,.T.);
#9327 = SURFACE_CURVE('',#9328,(#9332,#9339),.PCURVE_S1.);
#9328 = LINE('',#9329,#9330);
#9329 = CARTESIAN_POINT('',(-40.46854044145,-4.334107467502,
    -12.14380018618));
#9330 = VECTOR('',#9331,1.);
#9331 = DIRECTION('',(0.906307787037,-0.359317288004,0.2224798456));
#9332 = PCURVE('',#9018,#9333);
#9333 = DEFINITIONAL_REPRESENTATION('',(#9334),#9338);
#9334 = LINE('',#9335,#9336);
#9335 = CARTESIAN_POINT('',(0.,0.));
#9336 = VECTOR('',#9337,1.);
#9337 = DIRECTION('',(0.,1.));
#9338 = ( GEOMETRIC_REPRESENTATION_CONTEXT(2) 
PARAMETRIC_REPRESENTATION_CONTEXT() REPRESENTATION_CONTEXT('2D SPACE',''
  ) );
#9339 = PCURVE('',#8990,#9340);
#9340 = DEFINITIONAL_REPRESENTATION('',(#9341),#9345);
#9341 = LINE('',#9342,#9343);
#9342 = CARTESIAN_POINT('',(-3.011479954296E-15,0.88245364056));
#9343 = VECTOR('',#9344,1.);
#9344 = DIRECTION('',(1.,1.387778780781E-17));
#9345 = ( GEOMETRIC_REPRESENTATION_CONTEXT(2) 
PARAMETRIC_REPRESENTATION_CONTEXT() REPRESENTATION_CONTEXT('2D SPACE',''
  ) );
#9346 = ORIENTED_EDGE('',*,*,#9002,.T.);
#9347 = ORIENTED_EDGE('',*,*,#9254,.T.);
#9348 = ORIENTED_EDGE('',*,*,#9349,.T.);
#9349 = EDGE_CURVE('',#9255,#9350,#9352,.T.);
#9350 = VERTEX_POINT('',#9351);
#9351 = CARTESIAN_POINT('',(-33.61728154514,-21.7885417078,
    -34.26491172801));
#9352 = SURFACE_CURVE('',#9353,(#9357,#9363),.PCURVE_S1.);
#9353 = LINE('',#9354,#9355);
#9354 = CARTESIAN_POINT('',(-33.61728154514,-14.7929094665,
    -22.96657772367));
#9355 = VECTOR('',#9356,1.);
#9356 = DIRECTION('',(-0.,0.526432162877,0.85021713573));
#9357 = PCURVE('',#9018,#9358);
#9358 = DEFINITIONAL_REPRESENTATION('',(#9359),#9362);
#9359 = B_SPLINE_CURVE_WITH_KNOTS('',1,(#9360,#9361),.UNSPECIFIED.,.F.,
  .F.,(2,2),(-15.707560676,-13.207560676),.PIECEWISE_BEZIER_KNOTS.);
#9360 = CARTESIAN_POINT('',(30.415121352005,7.559527783281));
#9361 = CARTESIAN_POINT('',(27.915121352005,7.559527783281));
#9362 = ( GEOMETRIC_REPRESENTATION_CONTEXT(2) 
PARAMETRIC_REPRESENTATION_CONTEXT() REPRESENTATION_CONTEXT('2D SPACE',''
  ) );
#9363 = PCURVE('',#9149,#9364);
#9364 = DEFINITIONAL_REPRESENTATION('',(#9365),#9368);
#9365 = B_SPLINE_CURVE_WITH_KNOTS('',1,(#9366,#9367),.UNSPECIFIED.,.F.,
  .F.,(2,2),(-15.707560676,-13.207560676),.PIECEWISE_BEZIER_KNOTS.);
#9366 = CARTESIAN_POINT('',(1.,-0.486839930751));
#9367 = CARTESIAN_POINT('',(-1.5,-0.486839930751));
#9368 = ( GEOMETRIC_REPRESENTATION_CONTEXT(2) 
PARAMETRIC_REPRESENTATION_CONTEXT() REPRESENTATION_CONTEXT('2D SPACE',''
  ) );
#9369 = ORIENTED_EDGE('',*,*,#9370,.F.);
#9370 = EDGE_CURVE('',#9371,#9350,#9373,.T.);
#9371 = VERTEX_POINT('',#9372);
#9372 = CARTESIAN_POINT('',(-31.44455276506,-23.39684849593,
    -34.93783778859));
#9373 = SURFACE_CURVE('',#9374,(#9379,#9386),.PCURVE_S1.);
#9374 = ELLIPSE('',#9375,3.549302374729,1.5);
#9375 = AXIS2_PLACEMENT_3D('',#9376,#9377,#9378);
#9376 = CARTESIAN_POINT('',(-34.66131314582,-22.12152279233,
    -35.72748603291));
#9377 = DIRECTION('',(-0.422618261741,-0.770558410784,0.477109568562));
#9378 = DIRECTION('',(-0.906307787037,0.359317288004,-0.2224798456));
#9379 = PCURVE('',#9018,#9380);
#9380 = DEFINITIONAL_REPRESENTATION('',(#9381),#9385);
#9381 = ELLIPSE('',#9382,3.549302374729,1.5);
#9382 = AXIS2_PLACEMENT_2D('',#9383,#9384);
#9383 = CARTESIAN_POINT('',(29.415121352005,6.407566368396));
#9384 = DIRECTION('',(8.326672684689E-17,-1.));
#9385 = ( GEOMETRIC_REPRESENTATION_CONTEXT(2) 
PARAMETRIC_REPRESENTATION_CONTEXT() REPRESENTATION_CONTEXT('2D SPACE',''
  ) );
#9386 = PCURVE('',#9387,#9392);
#9387 = CYLINDRICAL_SURFACE('',#9388,1.5);
#9388 = AXIS2_PLACEMENT_3D('',#9389,#9390,#9391);
#9389 = CARTESIAN_POINT('',(-33.61728154514,-22.12152279233,
    -35.72748603291));
#9390 = DIRECTION('',(-1.,0.,0.));
#9391 = DIRECTION('',(0.,-0.85021713573,0.526432162877));
#9392 = DEFINITIONAL_REPRESENTATION('',(#9393),#9402);
#9393 = B_SPLINE_CURVE_WITH_KNOTS('',7,(#9394,#9395,#9396,#9397,#9398,
    #9399,#9400,#9401),.UNSPECIFIED.,.F.,.F.,(8,8),(3.14159265359,
    4.38184271806),.PIECEWISE_BEZIER_KNOTS.);
#9394 = CARTESIAN_POINT('',(-6.28318530718,-2.172728780088));
#9395 = CARTESIAN_POINT('',(-6.106006726541,-2.172728780088));
#9396 = CARTESIAN_POINT('',(-5.928828145902,-2.054916646473));
#9397 = CARTESIAN_POINT('',(-5.751649565264,-1.819297034843));
#9398 = CARTESIAN_POINT('',(-5.574470984625,-1.474912375582));
#9399 = CARTESIAN_POINT('',(-5.397292403986,-1.039936753646));
#9400 = CARTESIAN_POINT('',(-5.220113823348,-0.539086788624));
#9401 = CARTESIAN_POINT('',(-5.042935242709,5.999999999062E-07));
#9402 = ( GEOMETRIC_REPRESENTATION_CONTEXT(2) 
PARAMETRIC_REPRESENTATION_CONTEXT() REPRESENTATION_CONTEXT('2D SPACE',''
  ) );
#9403 = ORIENTED_EDGE('',*,*,#9404,.F.);
#9404 = EDGE_CURVE('',#9405,#9371,#9407,.T.);
#9405 = VERTEX_POINT('',#9406);
#9406 = CARTESIAN_POINT('',(-32.26368151958,-23.59852661077,
    -35.98913411777));
#9407 = SURFACE_CURVE('',#9408,(#9413,#9420),.PCURVE_S1.);
#9408 = ELLIPSE('',#9409,3.549302374729,1.5);
#9409 = AXIS2_PLACEMENT_3D('',#9410,#9411,#9412);
#9410 = CARTESIAN_POINT('',(-34.66131314582,-22.12152279233,
    -35.72748603291));
#9411 = DIRECTION('',(-0.422618261741,-0.770558410784,0.477109568562));
#9412 = DIRECTION('',(-0.906307787037,0.359317288004,-0.2224798456));
#9413 = PCURVE('',#9018,#9414);
#9414 = DEFINITIONAL_REPRESENTATION('',(#9415),#9419);
#9415 = ELLIPSE('',#9416,3.549302374729,1.5);
#9416 = AXIS2_PLACEMENT_2D('',#9417,#9418);
#9417 = CARTESIAN_POINT('',(29.415121352005,6.407566368396));
#9418 = DIRECTION('',(8.326672684689E-17,-1.));
#9419 = ( GEOMETRIC_REPRESENTATION_CONTEXT(2) 
PARAMETRIC_REPRESENTATION_CONTEXT() REPRESENTATION_CONTEXT('2D SPACE',''
  ) );
#9420 = PCURVE('',#9177,#9421);
#9421 = DEFINITIONAL_REPRESENTATION('',(#9422),#9431);
#9422 = B_SPLINE_CURVE_WITH_KNOTS('',7,(#9423,#9424,#9425,#9426,#9427,
    #9428,#9429,#9430),.UNSPECIFIED.,.F.,.F.,(8,8),(1.901342589119,
    3.14159265359),.PIECEWISE_BEZIER_KNOTS.);
#9423 = CARTESIAN_POINT('',(-1.240250064471,5.999999999062E-07));
#9424 = CARTESIAN_POINT('',(-1.063071483832,-0.539086788624));
#9425 = CARTESIAN_POINT('',(-0.885892903193,-1.039936753646));
#9426 = CARTESIAN_POINT('',(-0.708714322555,-1.474912375583));
#9427 = CARTESIAN_POINT('',(-0.531535741916,-1.819297034843));
#9428 = CARTESIAN_POINT('',(-0.354357161277,-2.054916646473));
#9429 = CARTESIAN_POINT('',(-0.177178580639,-2.172728780088));
#9430 = CARTESIAN_POINT('',(0.,-2.172728780088));
#9431 = ( GEOMETRIC_REPRESENTATION_CONTEXT(2) 
PARAMETRIC_REPRESENTATION_CONTEXT() REPRESENTATION_CONTEXT('2D SPACE',''
  ) );
#9432 = ORIENTED_EDGE('',*,*,#9433,.T.);
#9433 = EDGE_CURVE('',#9405,#9304,#9434,.T.);
#9434 = SURFACE_CURVE('',#9435,(#9439,#9446),.PCURVE_S1.);
#9435 = LINE('',#9436,#9437);
#9436 = CARTESIAN_POINT('',(-40.46854044145,-20.34560558501,
    -38.00325754495));
#9437 = VECTOR('',#9438,1.);
#9438 = DIRECTION('',(0.906307787037,-0.359317288004,0.2224798456));
#9439 = PCURVE('',#9018,#9440);
#9440 = DEFINITIONAL_REPRESENTATION('',(#9441),#9445);
#9441 = LINE('',#9442,#9443);
#9442 = CARTESIAN_POINT('',(30.415121352005,8.881784197001E-16));
#9443 = VECTOR('',#9444,1.);
#9444 = DIRECTION('',(0.,1.));
#9445 = ( GEOMETRIC_REPRESENTATION_CONTEXT(2) 
PARAMETRIC_REPRESENTATION_CONTEXT() REPRESENTATION_CONTEXT('2D SPACE',''
  ) );
#9446 = PCURVE('',#9239,#9447);
#9447 = DEFINITIONAL_REPRESENTATION('',(#9448),#9452);
#9448 = LINE('',#9449,#9450);
#9449 = CARTESIAN_POINT('',(-3.413935800722E-15,0.88245364056));
#9450 = VECTOR('',#9451,1.);
#9451 = DIRECTION('',(1.,1.387778780781E-17));
#9452 = ( GEOMETRIC_REPRESENTATION_CONTEXT(2) 
PARAMETRIC_REPRESENTATION_CONTEXT() REPRESENTATION_CONTEXT('2D SPACE',''
  ) );
#9453 = ADVANCED_FACE('',(#9454),#8990,.F.);
#9454 = FACE_BOUND('',#9455,.F.);
#9455 = EDGE_LOOP('',(#9456,#9457,#9458,#9479));
#9456 = ORIENTED_EDGE('',*,*,#8974,.F.);
#9457 = ORIENTED_EDGE('',*,*,#9089,.T.);
#9458 = ORIENTED_EDGE('',*,*,#9459,.T.);
#9459 = EDGE_CURVE('',#9060,#9302,#9460,.T.);
#9460 = SURFACE_CURVE('',#9461,(#9465,#9472),.PCURVE_S1.);
#9461 = LINE('',#9462,#9463);
#9462 = CARTESIAN_POINT('',(-26.76602264884,-8.9388062079,
    -9.292691433564));
#9463 = VECTOR('',#9464,1.);
#9464 = DIRECTION('',(-0.422618261741,-0.770558410784,0.477109568562));
#9465 = PCURVE('',#8990,#9466);
#9466 = DEFINITIONAL_REPRESENTATION('',(#9467),#9471);
#9467 = LINE('',#9468,#9469);
#9468 = CARTESIAN_POINT('',(14.707560676003,2.22044604925E-16));
#9469 = VECTOR('',#9470,1.);
#9470 = DIRECTION('',(1.387778780781E-17,1.));
#9471 = ( GEOMETRIC_REPRESENTATION_CONTEXT(2) 
PARAMETRIC_REPRESENTATION_CONTEXT() REPRESENTATION_CONTEXT('2D SPACE',''
  ) );
#9472 = PCURVE('',#9077,#9473);
#9473 = DEFINITIONAL_REPRESENTATION('',(#9474),#9478);
#9474 = LINE('',#9475,#9476);
#9475 = CARTESIAN_POINT('',(0.,0.));
#9476 = VECTOR('',#9477,1.);
#9477 = DIRECTION('',(0.,-1.));
#9478 = ( GEOMETRIC_REPRESENTATION_CONTEXT(2) 
PARAMETRIC_REPRESENTATION_CONTEXT() REPRESENTATION_CONTEXT('2D SPACE',''
  ) );
#9479 = ORIENTED_EDGE('',*,*,#9326,.F.);
#9480 = ADVANCED_FACE('',(#9481),#9077,.T.);
#9481 = FACE_BOUND('',#9482,.T.);
#9482 = EDGE_LOOP('',(#9483,#9484,#9485,#9486));
#9483 = ORIENTED_EDGE('',*,*,#9059,.F.);
#9484 = ORIENTED_EDGE('',*,*,#9459,.T.);
#9485 = ORIENTED_EDGE('',*,*,#9301,.T.);
#9486 = ORIENTED_EDGE('',*,*,#9487,.F.);
#9487 = EDGE_CURVE('',#9062,#9304,#9488,.T.);
#9488 = SURFACE_CURVE('',#9489,(#9493,#9500),.PCURVE_S1.);
#9489 = LINE('',#9490,#9491);
#9490 = CARTESIAN_POINT('',(-26.76602264884,-24.95030432541,
    -35.15214879233));
#9491 = VECTOR('',#9492,1.);
#9492 = DIRECTION('',(-0.422618261741,-0.770558410784,0.477109568562));
#9493 = PCURVE('',#9077,#9494);
#9494 = DEFINITIONAL_REPRESENTATION('',(#9495),#9499);
#9495 = LINE('',#9496,#9497);
#9496 = CARTESIAN_POINT('',(30.415121352005,1.7763568394E-15));
#9497 = VECTOR('',#9498,1.);
#9498 = DIRECTION('',(0.,-1.));
#9499 = ( GEOMETRIC_REPRESENTATION_CONTEXT(2) 
PARAMETRIC_REPRESENTATION_CONTEXT() REPRESENTATION_CONTEXT('2D SPACE',''
  ) );
#9500 = PCURVE('',#9239,#9501);
#9501 = DEFINITIONAL_REPRESENTATION('',(#9502),#9506);
#9502 = LINE('',#9503,#9504);
#9503 = CARTESIAN_POINT('',(14.707560676003,2.22044604925E-16));
#9504 = VECTOR('',#9505,1.);
#9505 = DIRECTION('',(1.387778780781E-17,1.));
#9506 = ( GEOMETRIC_REPRESENTATION_CONTEXT(2) 
PARAMETRIC_REPRESENTATION_CONTEXT() REPRESENTATION_CONTEXT('2D SPACE',''
  ) );
#9507 = ADVANCED_FACE('',(#9508),#9239,.T.);
#9508 = FACE_BOUND('',#9509,.T.);
#9509 = EDGE_LOOP('',(#9510,#9511,#9530,#9531));
#9510 = ORIENTED_EDGE('',*,*,#9433,.F.);
#9511 = ORIENTED_EDGE('',*,*,#9512,.F.);
#9512 = EDGE_CURVE('',#9196,#9405,#9513,.T.);
#9513 = SURFACE_CURVE('',#9514,(#9518,#9524),.PCURVE_S1.);
#9514 = LINE('',#9515,#9516);
#9515 = CARTESIAN_POINT('',(-33.61728154514,-23.59852661077,
    -35.98913411777));
#9516 = VECTOR('',#9517,1.);
#9517 = DIRECTION('',(-1.,0.,0.));
#9518 = PCURVE('',#9239,#9519);
#9519 = DEFINITIONAL_REPRESENTATION('',(#9520),#9523);
#9520 = B_SPLINE_CURVE_WITH_KNOTS('',1,(#9521,#9522),.UNSPECIFIED.,.F.,
  .F.,(2,2),(-3.65046954705,-1.144793705427),.PIECEWISE_BEZIER_KNOTS.);
#9521 = CARTESIAN_POINT('',(11.134730895726,-8.824536405598E-02));
#9522 = CARTESIAN_POINT('',(8.863817368673,0.970699004616));
#9523 = ( GEOMETRIC_REPRESENTATION_CONTEXT(2) 
PARAMETRIC_REPRESENTATION_CONTEXT() REPRESENTATION_CONTEXT('2D SPACE',''
  ) );
#9524 = PCURVE('',#9177,#9525);
#9525 = DEFINITIONAL_REPRESENTATION('',(#9526),#9529);
#9526 = B_SPLINE_CURVE_WITH_KNOTS('',1,(#9527,#9528),.UNSPECIFIED.,.F.,
  .F.,(2,2),(-3.65046954705,-1.144793705427),.PIECEWISE_BEZIER_KNOTS.);
#9527 = CARTESIAN_POINT('',(-0.729727656227,-3.65046954705));
#9528 = CARTESIAN_POINT('',(-0.729727656227,-1.144793705427));
#9529 = ( GEOMETRIC_REPRESENTATION_CONTEXT(2) 
PARAMETRIC_REPRESENTATION_CONTEXT() REPRESENTATION_CONTEXT('2D SPACE',''
  ) );
#9530 = ORIENTED_EDGE('',*,*,#9225,.T.);
#9531 = ORIENTED_EDGE('',*,*,#9487,.T.);
#9532 = ADVANCED_FACE('',(#9533),#9177,.T.);
#9533 = FACE_BOUND('',#9534,.F.);
#9534 = EDGE_LOOP('',(#9535,#9559,#9580,#9581,#9582,#9583,#9606,#9633,
    #9634));
#9535 = ORIENTED_EDGE('',*,*,#9536,.F.);
#9536 = EDGE_CURVE('',#9537,#9135,#9539,.T.);
#9537 = VERTEX_POINT('',#9538);
#9538 = CARTESIAN_POINT('',(-33.61728154514,-23.39684849593,
    -34.93783778859));
#9539 = SURFACE_CURVE('',#9540,(#9545,#9552),.PCURVE_S1.);
#9540 = CIRCLE('',#9541,1.5);
#9541 = AXIS2_PLACEMENT_3D('',#9542,#9543,#9544);
#9542 = CARTESIAN_POINT('',(-33.61728154514,-22.12152279233,
    -35.72748603291));
#9543 = DIRECTION('',(1.,0.,0.));
#9544 = DIRECTION('',(0.,-0.85021713573,0.526432162877));
#9545 = PCURVE('',#9177,#9546);
#9546 = DEFINITIONAL_REPRESENTATION('',(#9547),#9551);
#9547 = LINE('',#9548,#9549);
#9548 = CARTESIAN_POINT('',(-0.,0.));
#9549 = VECTOR('',#9550,1.);
#9550 = DIRECTION('',(-1.,0.));
#9551 = ( GEOMETRIC_REPRESENTATION_CONTEXT(2) 
PARAMETRIC_REPRESENTATION_CONTEXT() REPRESENTATION_CONTEXT('2D SPACE',''
  ) );
#9552 = PCURVE('',#9149,#9553);
#9553 = DEFINITIONAL_REPRESENTATION('',(#9554),#9558);
#9554 = CIRCLE('',#9555,1.5);
#9555 = AXIS2_PLACEMENT_2D('',#9556,#9557);
#9556 = CARTESIAN_POINT('',(0.,0.));
#9557 = DIRECTION('',(0.,-1.));
#9558 = ( GEOMETRIC_REPRESENTATION_CONTEXT(2) 
PARAMETRIC_REPRESENTATION_CONTEXT() REPRESENTATION_CONTEXT('2D SPACE',''
  ) );
#9559 = ORIENTED_EDGE('',*,*,#9560,.T.);
#9560 = EDGE_CURVE('',#9537,#9371,#9561,.T.);
#9561 = SURFACE_CURVE('',#9562,(#9566,#9573),.PCURVE_S1.);
#9562 = LINE('',#9563,#9564);
#9563 = CARTESIAN_POINT('',(-33.61728154514,-23.39684849593,
    -34.93783778859));
#9564 = VECTOR('',#9565,1.);
#9565 = DIRECTION('',(1.,0.,0.));
#9566 = PCURVE('',#9177,#9567);
#9567 = DEFINITIONAL_REPRESENTATION('',(#9568),#9572);
#9568 = LINE('',#9569,#9570);
#9569 = CARTESIAN_POINT('',(-0.,0.));
#9570 = VECTOR('',#9571,1.);
#9571 = DIRECTION('',(-0.,-1.));
#9572 = ( GEOMETRIC_REPRESENTATION_CONTEXT(2) 
PARAMETRIC_REPRESENTATION_CONTEXT() REPRESENTATION_CONTEXT('2D SPACE',''
  ) );
#9573 = PCURVE('',#9387,#9574);
#9574 = DEFINITIONAL_REPRESENTATION('',(#9575),#9579);
#9575 = LINE('',#9576,#9577);
#9576 = CARTESIAN_POINT('',(-6.28318530718,0.));
#9577 = VECTOR('',#9578,1.);
#9578 = DIRECTION('',(-0.,-1.));
#9579 = ( GEOMETRIC_REPRESENTATION_CONTEXT(2) 
PARAMETRIC_REPRESENTATION_CONTEXT() REPRESENTATION_CONTEXT('2D SPACE',''
  ) );
#9580 = ORIENTED_EDGE('',*,*,#9404,.F.);
#9581 = ORIENTED_EDGE('',*,*,#9512,.F.);
#9582 = ORIENTED_EDGE('',*,*,#9195,.T.);
#9583 = ORIENTED_EDGE('',*,*,#9584,.T.);
#9584 = EDGE_CURVE('',#9161,#9585,#9587,.T.);
#9585 = VERTEX_POINT('',#9586);
#9586 = CARTESIAN_POINT('',(-23.61728154514,-23.39684849593,
    -34.93783778859));
#9587 = SEAM_CURVE('',#9588,(#9592,#9599),.PCURVE_S1.);
#9588 = LINE('',#9589,#9590);
#9589 = CARTESIAN_POINT('',(-33.61728154514,-23.39684849593,
    -34.93783778859));
#9590 = VECTOR('',#9591,1.);
#9591 = DIRECTION('',(1.,0.,0.));
#9592 = PCURVE('',#9177,#9593);
#9593 = DEFINITIONAL_REPRESENTATION('',(#9594),#9598);
#9594 = LINE('',#9595,#9596);
#9595 = CARTESIAN_POINT('',(-0.,0.));
#9596 = VECTOR('',#9597,1.);
#9597 = DIRECTION('',(-0.,-1.));
#9598 = ( GEOMETRIC_REPRESENTATION_CONTEXT(2) 
PARAMETRIC_REPRESENTATION_CONTEXT() REPRESENTATION_CONTEXT('2D SPACE',''
  ) );
#9599 = PCURVE('',#9177,#9600);
#9600 = DEFINITIONAL_REPRESENTATION('',(#9601),#9605);
#9601 = LINE('',#9602,#9603);
#9602 = CARTESIAN_POINT('',(-6.28318530718,0.));
#9603 = VECTOR('',#9604,1.);
#9604 = DIRECTION('',(-0.,-1.));
#9605 = ( GEOMETRIC_REPRESENTATION_CONTEXT(2) 
PARAMETRIC_REPRESENTATION_CONTEXT() REPRESENTATION_CONTEXT('2D SPACE',''
  ) );
#9606 = ORIENTED_EDGE('',*,*,#9607,.T.);
#9607 = EDGE_CURVE('',#9585,#9585,#9608,.T.);
#9608 = SURFACE_CURVE('',#9609,(#9614,#9621),.PCURVE_S1.);
#9609 = CIRCLE('',#9610,1.5);
#9610 = AXIS2_PLACEMENT_3D('',#9611,#9612,#9613);
#9611 = CARTESIAN_POINT('',(-23.61728154514,-22.12152279233,
    -35.72748603291));
#9612 = DIRECTION('',(1.,0.,0.));
#9613 = DIRECTION('',(0.,-0.85021713573,0.526432162877));
#9614 = PCURVE('',#9177,#9615);
#9615 = DEFINITIONAL_REPRESENTATION('',(#9616),#9620);
#9616 = LINE('',#9617,#9618);
#9617 = CARTESIAN_POINT('',(-0.,-10.));
#9618 = VECTOR('',#9619,1.);
#9619 = DIRECTION('',(-1.,0.));
#9620 = ( GEOMETRIC_REPRESENTATION_CONTEXT(2) 
PARAMETRIC_REPRESENTATION_CONTEXT() REPRESENTATION_CONTEXT('2D SPACE',''
  ) );
#9621 = PCURVE('',#9622,#9627);
#9622 = PLANE('',#9623);
#9623 = AXIS2_PLACEMENT_3D('',#9624,#9625,#9626);
#9624 = CARTESIAN_POINT('',(-23.61728154514,-22.12152279233,
    -35.72748603291));
#9625 = DIRECTION('',(1.,0.,0.));
#9626 = DIRECTION('',(0.,-0.526432162877,-0.85021713573));
#9627 = DEFINITIONAL_REPRESENTATION('',(#9628),#9632);
#9628 = CIRCLE('',#9629,1.5);
#9629 = AXIS2_PLACEMENT_2D('',#9630,#9631);
#9630 = CARTESIAN_POINT('',(0.,0.));
#9631 = DIRECTION('',(0.,-1.));
#9632 = ( GEOMETRIC_REPRESENTATION_CONTEXT(2) 
PARAMETRIC_REPRESENTATION_CONTEXT() REPRESENTATION_CONTEXT('2D SPACE',''
  ) );
#9633 = ORIENTED_EDGE('',*,*,#9584,.F.);
#9634 = ORIENTED_EDGE('',*,*,#9160,.T.);
#9635 = ADVANCED_FACE('',(#9636),#9149,.F.);
#9636 = FACE_BOUND('',#9637,.F.);
#9637 = EDGE_LOOP('',(#9638,#9660,#9661,#9662,#9663));
#9638 = ORIENTED_EDGE('',*,*,#9639,.T.);
#9639 = EDGE_CURVE('',#9350,#9537,#9640,.T.);
#9640 = SURFACE_CURVE('',#9641,(#9646,#9653),.PCURVE_S1.);
#9641 = CIRCLE('',#9642,1.5);
#9642 = AXIS2_PLACEMENT_3D('',#9643,#9644,#9645);
#9643 = CARTESIAN_POINT('',(-33.61728154514,-22.12152279233,
    -35.72748603291));
#9644 = DIRECTION('',(1.,0.,0.));
#9645 = DIRECTION('',(0.,-0.85021713573,0.526432162877));
#9646 = PCURVE('',#9149,#9647);
#9647 = DEFINITIONAL_REPRESENTATION('',(#9648),#9652);
#9648 = CIRCLE('',#9649,1.5);
#9649 = AXIS2_PLACEMENT_2D('',#9650,#9651);
#9650 = CARTESIAN_POINT('',(0.,0.));
#9651 = DIRECTION('',(0.,-1.));
#9652 = ( GEOMETRIC_REPRESENTATION_CONTEXT(2) 
PARAMETRIC_REPRESENTATION_CONTEXT() REPRESENTATION_CONTEXT('2D SPACE',''
  ) );
#9653 = PCURVE('',#9387,#9654);
#9654 = DEFINITIONAL_REPRESENTATION('',(#9655),#9659);
#9655 = LINE('',#9656,#9657);
#9656 = CARTESIAN_POINT('',(-0.,0.));
#9657 = VECTOR('',#9658,1.);
#9658 = DIRECTION('',(-1.,0.));
#9659 = ( GEOMETRIC_REPRESENTATION_CONTEXT(2) 
PARAMETRIC_REPRESENTATION_CONTEXT() REPRESENTATION_CONTEXT('2D SPACE',''
  ) );
#9660 = ORIENTED_EDGE('',*,*,#9536,.T.);
#9661 = ORIENTED_EDGE('',*,*,#9134,.F.);
#9662 = ORIENTED_EDGE('',*,*,#9279,.T.);
#9663 = ORIENTED_EDGE('',*,*,#9349,.T.);
#9664 = ADVANCED_FACE('',(#9665),#9387,.T.);
#9665 = FACE_BOUND('',#9666,.F.);
#9666 = EDGE_LOOP('',(#9667,#9668,#9669));
#9667 = ORIENTED_EDGE('',*,*,#9639,.F.);
#9668 = ORIENTED_EDGE('',*,*,#9370,.F.);
#9669 = ORIENTED_EDGE('',*,*,#9560,.F.);
#9670 = ADVANCED_FACE('',(#9671),#9622,.T.);
#9671 = FACE_BOUND('',#9672,.T.);
#9672 = EDGE_LOOP('',(#9673));
#9673 = ORIENTED_EDGE('',*,*,#9607,.T.);
#9674 = MANIFOLD_SOLID_BREP('',#9675);
#9675 = CLOSED_SHELL('',(#9676,#9796,#9991,#10038,#10194,#10221,#10248,
    #10273,#10376,#10405,#10411));
#9676 = ADVANCED_FACE('',(#9677),#9691,.F.);
#9677 = FACE_BOUND('',#9678,.F.);
#9678 = EDGE_LOOP('',(#9679,#9714,#9742,#9770));
#9679 = ORIENTED_EDGE('',*,*,#9680,.F.);
#9680 = EDGE_CURVE('',#9681,#9683,#9685,.T.);
#9681 = VERTEX_POINT('',#9682);
#9682 = CARTESIAN_POINT('',(-40.09559941781,1.131568684046,
    -13.03637483428));
#9683 = VERTEX_POINT('',#9684);
#9684 = CARTESIAN_POINT('',(-40.09559941781,-4.457195198717,
    -42.93362094693));
#9685 = SURFACE_CURVE('',#9686,(#9690,#9702),.PCURVE_S1.);
#9686 = LINE('',#9687,#9688);
#9687 = CARTESIAN_POINT('',(-40.09559941781,1.131568684046,
    -13.03637483428));
#9688 = VECTOR('',#9689,1.);
#9689 = DIRECTION('',(0.,-0.183749517817,-0.982973099684));
#9690 = PCURVE('',#9691,#9696);
#9691 = PLANE('',#9692);
#9692 = AXIS2_PLACEMENT_3D('',#9693,#9694,#9695);
#9693 = CARTESIAN_POINT('',(-40.09559941781,1.131568684046,
    -13.03637483428));
#9694 = DIRECTION('',(0.906307787037,-0.415422382726,7.765590181533E-02)
  );
#9695 = DIRECTION('',(0.,-0.183749517817,-0.982973099684));
#9696 = DEFINITIONAL_REPRESENTATION('',(#9697),#9701);
#9697 = LINE('',#9698,#9699);
#9698 = CARTESIAN_POINT('',(0.,0.));
#9699 = VECTOR('',#9700,1.);
#9700 = DIRECTION('',(1.,2.775557561563E-17));
#9701 = ( GEOMETRIC_REPRESENTATION_CONTEXT(2) 
PARAMETRIC_REPRESENTATION_CONTEXT() REPRESENTATION_CONTEXT('2D SPACE',''
  ) );
#9702 = PCURVE('',#9703,#9708);
#9703 = PLANE('',#9704);
#9704 = AXIS2_PLACEMENT_3D('',#9705,#9706,#9707);
#9705 = CARTESIAN_POINT('',(-40.09559941781,1.131568684046,
    -13.03637483428));
#9706 = DIRECTION('',(-0.422618261741,-0.890876174691,0.166533618861));
#9707 = DIRECTION('',(0.,-0.183749517817,-0.982973099684));
#9708 = DEFINITIONAL_REPRESENTATION('',(#9709),#9713);
#9709 = LINE('',#9710,#9711);
#9710 = CARTESIAN_POINT('',(0.,0.));
#9711 = VECTOR('',#9712,1.);
#9712 = DIRECTION('',(1.,0.));
#9713 = ( GEOMETRIC_REPRESENTATION_CONTEXT(2) 
PARAMETRIC_REPRESENTATION_CONTEXT() REPRESENTATION_CONTEXT('2D SPACE',''
  ) );
#9714 = ORIENTED_EDGE('',*,*,#9715,.T.);
#9715 = EDGE_CURVE('',#9681,#9716,#9718,.T.);
#9716 = VERTEX_POINT('',#9717);
#9717 = CARTESIAN_POINT('',(-40.46854044145,0.345411760402,
    -12.88941663604));
#9718 = SURFACE_CURVE('',#9719,(#9723,#9730),.PCURVE_S1.);
#9719 = LINE('',#9720,#9721);
#9720 = CARTESIAN_POINT('',(-40.09559941781,1.131568684046,
    -13.03637483428));
#9721 = VECTOR('',#9722,1.);
#9722 = DIRECTION('',(-0.422618261741,-0.890876174691,0.166533618861));
#9723 = PCURVE('',#9691,#9724);
#9724 = DEFINITIONAL_REPRESENTATION('',(#9725),#9729);
#9725 = LINE('',#9726,#9727);
#9726 = CARTESIAN_POINT('',(0.,0.));
#9727 = VECTOR('',#9728,1.);
#9728 = DIRECTION('',(-2.775557561563E-17,-1.));
#9729 = ( GEOMETRIC_REPRESENTATION_CONTEXT(2) 
PARAMETRIC_REPRESENTATION_CONTEXT() REPRESENTATION_CONTEXT('2D SPACE',''
  ) );
#9730 = PCURVE('',#9731,#9736);
#9731 = PLANE('',#9732);
#9732 = AXIS2_PLACEMENT_3D('',#9733,#9734,#9735);
#9733 = CARTESIAN_POINT('',(-40.09559941781,1.131568684046,
    -13.03637483428));
#9734 = DIRECTION('',(0.,-0.183749517817,-0.982973099684));
#9735 = DIRECTION('',(0.906307787037,-0.415422382726,7.765590181533E-02)
  );
#9736 = DEFINITIONAL_REPRESENTATION('',(#9737),#9741);
#9737 = LINE('',#9738,#9739);
#9738 = CARTESIAN_POINT('',(0.,0.));
#9739 = VECTOR('',#9740,1.);
#9740 = DIRECTION('',(9.887923813068E-17,1.));
#9741 = ( GEOMETRIC_REPRESENTATION_CONTEXT(2) 
PARAMETRIC_REPRESENTATION_CONTEXT() REPRESENTATION_CONTEXT('2D SPACE',''
  ) );
#9742 = ORIENTED_EDGE('',*,*,#9743,.T.);
#9743 = EDGE_CURVE('',#9716,#9744,#9746,.T.);
#9744 = VERTEX_POINT('',#9745);
#9745 = CARTESIAN_POINT('',(-40.46854044145,-5.243352122362,
    -42.78666274869));
#9746 = SURFACE_CURVE('',#9747,(#9751,#9758),.PCURVE_S1.);
#9747 = LINE('',#9748,#9749);
#9748 = CARTESIAN_POINT('',(-40.46854044145,0.345411760402,
    -12.88941663604));
#9749 = VECTOR('',#9750,1.);
#9750 = DIRECTION('',(0.,-0.183749517817,-0.982973099684));
#9751 = PCURVE('',#9691,#9752);
#9752 = DEFINITIONAL_REPRESENTATION('',(#9753),#9757);
#9753 = LINE('',#9754,#9755);
#9754 = CARTESIAN_POINT('',(3.885780586188E-16,-0.88245364056));
#9755 = VECTOR('',#9756,1.);
#9756 = DIRECTION('',(1.,2.775557561563E-17));
#9757 = ( GEOMETRIC_REPRESENTATION_CONTEXT(2) 
PARAMETRIC_REPRESENTATION_CONTEXT() REPRESENTATION_CONTEXT('2D SPACE',''
  ) );
#9758 = PCURVE('',#9759,#9764);
#9759 = PLANE('',#9760);
#9760 = AXIS2_PLACEMENT_3D('',#9761,#9762,#9763);
#9761 = CARTESIAN_POINT('',(-40.46854044145,0.345411760402,
    -12.88941663604));
#9762 = DIRECTION('',(-0.422618261741,-0.890876174691,0.166533618861));
#9763 = DIRECTION('',(0.,-0.183749517817,-0.982973099684));
#9764 = DEFINITIONAL_REPRESENTATION('',(#9765),#9769);
#9765 = LINE('',#9766,#9767);
#9766 = CARTESIAN_POINT('',(0.,0.));
#9767 = VECTOR('',#9768,1.);
#9768 = DIRECTION('',(1.,0.));
#9769 = ( GEOMETRIC_REPRESENTATION_CONTEXT(2) 
PARAMETRIC_REPRESENTATION_CONTEXT() REPRESENTATION_CONTEXT('2D SPACE',''
  ) );
#9770 = ORIENTED_EDGE('',*,*,#9771,.F.);
#9771 = EDGE_CURVE('',#9683,#9744,#9772,.T.);
#9772 = SURFACE_CURVE('',#9773,(#9777,#9784),.PCURVE_S1.);
#9773 = LINE('',#9774,#9775);
#9774 = CARTESIAN_POINT('',(-40.09559941781,-4.457195198717,
    -42.93362094693));
#9775 = VECTOR('',#9776,1.);
#9776 = DIRECTION('',(-0.422618261741,-0.890876174691,0.166533618861));
#9777 = PCURVE('',#9691,#9778);
#9778 = DEFINITIONAL_REPRESENTATION('',(#9779),#9783);
#9779 = LINE('',#9780,#9781);
#9780 = CARTESIAN_POINT('',(30.415121352005,-8.881784197001E-16));
#9781 = VECTOR('',#9782,1.);
#9782 = DIRECTION('',(-2.775557561563E-17,-1.));
#9783 = ( GEOMETRIC_REPRESENTATION_CONTEXT(2) 
PARAMETRIC_REPRESENTATION_CONTEXT() REPRESENTATION_CONTEXT('2D SPACE',''
  ) );
#9784 = PCURVE('',#9785,#9790);
#9785 = PLANE('',#9786);
#9786 = AXIS2_PLACEMENT_3D('',#9787,#9788,#9789);
#9787 = CARTESIAN_POINT('',(-40.09559941781,-4.457195198717,
    -42.93362094693));
#9788 = DIRECTION('',(0.,-0.183749517817,-0.982973099684));
#9789 = DIRECTION('',(0.906307787037,-0.415422382726,7.765590181533E-02)
  );
#9790 = DEFINITIONAL_REPRESENTATION('',(#9791),#9795);
#9791 = LINE('',#9792,#9793);
#9792 = CARTESIAN_POINT('',(0.,0.));
#9793 = VECTOR('',#9794,1.);
#9794 = DIRECTION('',(9.887923813068E-17,1.));
#9795 = ( GEOMETRIC_REPRESENTATION_CONTEXT(2) 
PARAMETRIC_REPRESENTATION_CONTEXT() REPRESENTATION_CONTEXT('2D SPACE',''
  ) );
#9796 = ADVANCED_FACE('',(#9797),#9703,.F.);
#9797 = FACE_BOUND('',#9798,.F.);
#9798 = EDGE_LOOP('',(#9799,#9829,#9850,#9851,#9874,#9900,#9935,#9965));
#9799 = ORIENTED_EDGE('',*,*,#9800,.F.);
#9800 = EDGE_CURVE('',#9801,#9803,#9805,.T.);
#9801 = VERTEX_POINT('',#9802);
#9802 = CARTESIAN_POINT('',(-26.76602264884,-4.97828121607,
    -11.89424594648));
#9803 = VERTEX_POINT('',#9804);
#9804 = CARTESIAN_POINT('',(-26.76602264884,-10.56704509883,
    -41.79149205913));
#9805 = SURFACE_CURVE('',#9806,(#9810,#9817),.PCURVE_S1.);
#9806 = LINE('',#9807,#9808);
#9807 = CARTESIAN_POINT('',(-26.76602264884,-4.97828121607,
    -11.89424594648));
#9808 = VECTOR('',#9809,1.);
#9809 = DIRECTION('',(0.,-0.183749517817,-0.982973099684));
#9810 = PCURVE('',#9703,#9811);
#9811 = DEFINITIONAL_REPRESENTATION('',(#9812),#9816);
#9812 = LINE('',#9813,#9814);
#9813 = CARTESIAN_POINT('',(-8.881784197001E-16,14.707560676003));
#9814 = VECTOR('',#9815,1.);
#9815 = DIRECTION('',(1.,0.));
#9816 = ( GEOMETRIC_REPRESENTATION_CONTEXT(2) 
PARAMETRIC_REPRESENTATION_CONTEXT() REPRESENTATION_CONTEXT('2D SPACE',''
  ) );
#9817 = PCURVE('',#9818,#9823);
#9818 = PLANE('',#9819);
#9819 = AXIS2_PLACEMENT_3D('',#9820,#9821,#9822);
#9820 = CARTESIAN_POINT('',(-26.76602264884,-4.97828121607,
    -11.89424594648));
#9821 = DIRECTION('',(0.906307787037,-0.415422382726,7.765590181533E-02)
  );
#9822 = DIRECTION('',(0.,-0.183749517817,-0.982973099684));
#9823 = DEFINITIONAL_REPRESENTATION('',(#9824),#9828);
#9824 = LINE('',#9825,#9826);
#9825 = CARTESIAN_POINT('',(0.,0.));
#9826 = VECTOR('',#9827,1.);
#9827 = DIRECTION('',(1.,2.775557561563E-17));
#9828 = ( GEOMETRIC_REPRESENTATION_CONTEXT(2) 
PARAMETRIC_REPRESENTATION_CONTEXT() REPRESENTATION_CONTEXT('2D SPACE',''
  ) );
#9829 = ORIENTED_EDGE('',*,*,#9830,.F.);
#9830 = EDGE_CURVE('',#9681,#9801,#9831,.T.);
#9831 = SURFACE_CURVE('',#9832,(#9836,#9843),.PCURVE_S1.);
#9832 = LINE('',#9833,#9834);
#9833 = CARTESIAN_POINT('',(-40.09559941781,1.131568684046,
    -13.03637483428));
#9834 = VECTOR('',#9835,1.);
#9835 = DIRECTION('',(0.906307787037,-0.415422382726,7.765590181533E-02)
  );
#9836 = PCURVE('',#9703,#9837);
#9837 = DEFINITIONAL_REPRESENTATION('',(#9838),#9842);
#9838 = LINE('',#9839,#9840);
#9839 = CARTESIAN_POINT('',(0.,0.));
#9840 = VECTOR('',#9841,1.);
#9841 = DIRECTION('',(-1.387778780781E-17,1.));
#9842 = ( GEOMETRIC_REPRESENTATION_CONTEXT(2) 
PARAMETRIC_REPRESENTATION_CONTEXT() REPRESENTATION_CONTEXT('2D SPACE',''
  ) );
#9843 = PCURVE('',#9731,#9844);
#9844 = DEFINITIONAL_REPRESENTATION('',(#9845),#9849);
#9845 = LINE('',#9846,#9847);
#9846 = CARTESIAN_POINT('',(0.,0.));
#9847 = VECTOR('',#9848,1.);
#9848 = DIRECTION('',(1.,1.006139616067E-16));
#9849 = ( GEOMETRIC_REPRESENTATION_CONTEXT(2) 
PARAMETRIC_REPRESENTATION_CONTEXT() REPRESENTATION_CONTEXT('2D SPACE',''
  ) );
#9850 = ORIENTED_EDGE('',*,*,#9680,.T.);
#9851 = ORIENTED_EDGE('',*,*,#9852,.T.);
#9852 = EDGE_CURVE('',#9683,#9853,#9855,.T.);
#9853 = VERTEX_POINT('',#9854);
#9854 = CARTESIAN_POINT('',(-33.61728154514,-7.426648054818,
    -42.37853400644));
#9855 = SURFACE_CURVE('',#9856,(#9860,#9867),.PCURVE_S1.);
#9856 = LINE('',#9857,#9858);
#9857 = CARTESIAN_POINT('',(-40.09559941781,-4.457195198717,
    -42.93362094693));
#9858 = VECTOR('',#9859,1.);
#9859 = DIRECTION('',(0.906307787037,-0.415422382726,7.765590181533E-02)
  );
#9860 = PCURVE('',#9703,#9861);
#9861 = DEFINITIONAL_REPRESENTATION('',(#9862),#9866);
#9862 = LINE('',#9863,#9864);
#9863 = CARTESIAN_POINT('',(30.415121352005,0.));
#9864 = VECTOR('',#9865,1.);
#9865 = DIRECTION('',(-1.387778780781E-17,1.));
#9866 = ( GEOMETRIC_REPRESENTATION_CONTEXT(2) 
PARAMETRIC_REPRESENTATION_CONTEXT() REPRESENTATION_CONTEXT('2D SPACE',''
  ) );
#9867 = PCURVE('',#9785,#9868);
#9868 = DEFINITIONAL_REPRESENTATION('',(#9869),#9873);
#9869 = LINE('',#9870,#9871);
#9870 = CARTESIAN_POINT('',(0.,0.));
#9871 = VECTOR('',#9872,1.);
#9872 = DIRECTION('',(1.,1.006139616067E-16));
#9873 = ( GEOMETRIC_REPRESENTATION_CONTEXT(2) 
PARAMETRIC_REPRESENTATION_CONTEXT() REPRESENTATION_CONTEXT('2D SPACE',''
  ) );
#9874 = ORIENTED_EDGE('',*,*,#9875,.T.);
#9875 = EDGE_CURVE('',#9853,#9876,#9878,.T.);
#9876 = VERTEX_POINT('',#9877);
#9877 = CARTESIAN_POINT('',(-33.61728154514,-6.982195145799,
    -40.00092094474));
#9878 = SURFACE_CURVE('',#9879,(#9883,#9889),.PCURVE_S1.);
#9879 = LINE('',#9880,#9881);
#9880 = CARTESIAN_POINT('',(-33.61728154514,-4.540391354528,
    -26.93842440027));
#9881 = VECTOR('',#9882,1.);
#9882 = DIRECTION('',(-0.,0.183749517817,0.982973099684));
#9883 = PCURVE('',#9703,#9884);
#9884 = DEFINITIONAL_REPRESENTATION('',(#9885),#9888);
#9885 = B_SPLINE_CURVE_WITH_KNOTS('',1,(#9886,#9887),.UNSPECIFIED.,.F.,
  .F.,(2,2),(-15.707560676,-13.207560676),.PIECEWISE_BEZIER_KNOTS.);
#9886 = CARTESIAN_POINT('',(30.415121352005,7.148032892721));
#9887 = CARTESIAN_POINT('',(27.915121352005,7.148032892721));
#9888 = ( GEOMETRIC_REPRESENTATION_CONTEXT(2) 
PARAMETRIC_REPRESENTATION_CONTEXT() REPRESENTATION_CONTEXT('2D SPACE',''
  ) );
#9889 = PCURVE('',#9890,#9895);
#9890 = PLANE('',#9891);
#9891 = AXIS2_PLACEMENT_3D('',#9892,#9893,#9894);
#9892 = CARTESIAN_POINT('',(-33.61728154514,-7.721449092781,
    -41.30610430422));
#9893 = DIRECTION('',(1.,0.,0.));
#9894 = DIRECTION('',(0.,-0.183749517817,-0.982973099684));
#9895 = DEFINITIONAL_REPRESENTATION('',(#9896),#9899);
#9896 = B_SPLINE_CURVE_WITH_KNOTS('',1,(#9897,#9898),.UNSPECIFIED.,.F.,
  .F.,(2,2),(-15.707560676,-13.207560676),.PIECEWISE_BEZIER_KNOTS.);
#9897 = CARTESIAN_POINT('',(1.,0.486839930751));
#9898 = CARTESIAN_POINT('',(-1.5,0.486839930751));
#9899 = ( GEOMETRIC_REPRESENTATION_CONTEXT(2) 
PARAMETRIC_REPRESENTATION_CONTEXT() REPRESENTATION_CONTEXT('2D SPACE',''
  ) );
#9900 = ORIENTED_EDGE('',*,*,#9901,.F.);
#9901 = EDGE_CURVE('',#9902,#9876,#9904,.T.);
#9902 = VERTEX_POINT('',#9903);
#9903 = CARTESIAN_POINT('',(-29.3564895637,-9.195908742307,
    -41.0304800275));
#9904 = SURFACE_CURVE('',#9905,(#9910,#9917),.PCURVE_S1.);
#9905 = ELLIPSE('',#9906,3.549302374729,1.5);
#9906 = AXIS2_PLACEMENT_3D('',#9907,#9908,#9909);
#9907 = CARTESIAN_POINT('',(-32.57324994447,-7.721449092781,
    -41.30610430422));
#9908 = DIRECTION('',(-0.422618261741,-0.890876174691,0.166533618861));
#9909 = DIRECTION('',(-0.906307787037,0.415422382726,-7.765590181533E-02
    ));
#9910 = PCURVE('',#9703,#9911);
#9911 = DEFINITIONAL_REPRESENTATION('',(#9912),#9916);
#9912 = ELLIPSE('',#9913,3.549302374729,1.5);
#9913 = AXIS2_PLACEMENT_2D('',#9914,#9915);
#9914 = CARTESIAN_POINT('',(29.415121352005,8.299994307606));
#9915 = DIRECTION('',(4.163336342344E-17,-1.));
#9916 = ( GEOMETRIC_REPRESENTATION_CONTEXT(2) 
PARAMETRIC_REPRESENTATION_CONTEXT() REPRESENTATION_CONTEXT('2D SPACE',''
  ) );
#9917 = PCURVE('',#9918,#9923);
#9918 = CYLINDRICAL_SURFACE('',#9919,1.5);
#9919 = AXIS2_PLACEMENT_3D('',#9920,#9921,#9922);
#9920 = CARTESIAN_POINT('',(-33.61728154514,-7.721449092781,
    -41.30610430422));
#9921 = DIRECTION('',(-1.,0.,0.));
#9922 = DIRECTION('',(0.,-0.982973099684,0.183749517817));
#9923 = DEFINITIONAL_REPRESENTATION('',(#9924),#9934);
#9924 = B_SPLINE_CURVE_WITH_KNOTS('',8,(#9925,#9926,#9927,#9928,#9929,
    #9930,#9931,#9932,#9933),.UNSPECIFIED.,.F.,.F.,(9,9),(3.14159265359,
    5.042935637106),.PIECEWISE_BEZIER_KNOTS.);
#9925 = CARTESIAN_POINT('',(-6.28318530718,-4.26079198144));
#9926 = CARTESIAN_POINT('',(-6.04551743424,-4.26079198144));
#9927 = CARTESIAN_POINT('',(-5.807849561303,-4.053131704458));
#9928 = CARTESIAN_POINT('',(-5.570181688345,-3.637818874993));
#9929 = CARTESIAN_POINT('',(-5.332513815436,-3.039844771438));
#9930 = CARTESIAN_POINT('',(-5.094845942476,-2.309344507419));
#9931 = CARTESIAN_POINT('',(-4.857178069547,-1.513664959144));
#9932 = CARTESIAN_POINT('',(-4.619510196603,-0.72313272222));
#9933 = CARTESIAN_POINT('',(-4.381842323664,5.999999999062E-07));
#9934 = ( GEOMETRIC_REPRESENTATION_CONTEXT(2) 
PARAMETRIC_REPRESENTATION_CONTEXT() REPRESENTATION_CONTEXT('2D SPACE',''
  ) );
#9935 = ORIENTED_EDGE('',*,*,#9936,.F.);
#9936 = EDGE_CURVE('',#9937,#9902,#9939,.T.);
#9937 = VERTEX_POINT('',#9938);
#9938 = CARTESIAN_POINT('',(-30.17561831823,-9.004195946071,
    -42.08363919757));
#9939 = SURFACE_CURVE('',#9940,(#9945,#9952),.PCURVE_S1.);
#9940 = ELLIPSE('',#9941,3.549302374729,1.5);
#9941 = AXIS2_PLACEMENT_3D('',#9942,#9943,#9944);
#9942 = CARTESIAN_POINT('',(-32.57324994447,-7.721449092781,
    -41.30610430422));
#9943 = DIRECTION('',(-0.422618261741,-0.890876174691,0.166533618861));
#9944 = DIRECTION('',(-0.906307787037,0.415422382726,-7.765590181533E-02
    ));
#9945 = PCURVE('',#9703,#9946);
#9946 = DEFINITIONAL_REPRESENTATION('',(#9947),#9951);
#9947 = ELLIPSE('',#9948,3.549302374729,1.5);
#9948 = AXIS2_PLACEMENT_2D('',#9949,#9950);
#9949 = CARTESIAN_POINT('',(29.415121352005,8.299994307606));
#9950 = DIRECTION('',(4.163336342344E-17,-1.));
#9951 = ( GEOMETRIC_REPRESENTATION_CONTEXT(2) 
PARAMETRIC_REPRESENTATION_CONTEXT() REPRESENTATION_CONTEXT('2D SPACE',''
  ) );
#9952 = PCURVE('',#9918,#9953);
#9953 = DEFINITIONAL_REPRESENTATION('',(#9954),#9964);
#9954 = B_SPLINE_CURVE_WITH_KNOTS('',8,(#9955,#9956,#9957,#9958,#9959,
    #9960,#9961,#9962,#9963),.UNSPECIFIED.,.F.,.F.,(9,9),(1.240249670074
    ,3.14159265359),.PIECEWISE_BEZIER_KNOTS.);
#9955 = CARTESIAN_POINT('',(-1.901342983516,5.999999999062E-07));
#9956 = CARTESIAN_POINT('',(-1.663675110576,-0.72313272222));
#9957 = CARTESIAN_POINT('',(-1.426007237636,-1.513664959145));
#9958 = CARTESIAN_POINT('',(-1.188339364699,-2.309344507425));
#9959 = CARTESIAN_POINT('',(-0.950671491749,-3.039844771443));
#9960 = CARTESIAN_POINT('',(-0.713003618819,-3.637818875));
#9961 = CARTESIAN_POINT('',(-0.475335745879,-4.053131704457));
#9962 = CARTESIAN_POINT('',(-0.237667872939,-4.26079198144));
#9963 = CARTESIAN_POINT('',(4.440892098501E-15,-4.26079198144));
#9964 = ( GEOMETRIC_REPRESENTATION_CONTEXT(2) 
PARAMETRIC_REPRESENTATION_CONTEXT() REPRESENTATION_CONTEXT('2D SPACE',''
  ) );
#9965 = ORIENTED_EDGE('',*,*,#9966,.T.);
#9966 = EDGE_CURVE('',#9937,#9803,#9967,.T.);
#9967 = SURFACE_CURVE('',#9968,(#9972,#9979),.PCURVE_S1.);
#9968 = LINE('',#9969,#9970);
#9969 = CARTESIAN_POINT('',(-40.09559941781,-4.457195198717,
    -42.93362094693));
#9970 = VECTOR('',#9971,1.);
#9971 = DIRECTION('',(0.906307787037,-0.415422382726,7.765590181533E-02)
  );
#9972 = PCURVE('',#9703,#9973);
#9973 = DEFINITIONAL_REPRESENTATION('',(#9974),#9978);
#9974 = LINE('',#9975,#9976);
#9975 = CARTESIAN_POINT('',(30.415121352005,0.));
#9976 = VECTOR('',#9977,1.);
#9977 = DIRECTION('',(-1.387778780781E-17,1.));
#9978 = ( GEOMETRIC_REPRESENTATION_CONTEXT(2) 
PARAMETRIC_REPRESENTATION_CONTEXT() REPRESENTATION_CONTEXT('2D SPACE',''
  ) );
#9979 = PCURVE('',#9980,#9985);
#9980 = PLANE('',#9981);
#9981 = AXIS2_PLACEMENT_3D('',#9982,#9983,#9984);
#9982 = CARTESIAN_POINT('',(-40.09559941781,-4.457195198717,
    -42.93362094693));
#9983 = DIRECTION('',(0.,-0.183749517817,-0.982973099684));
#9984 = DIRECTION('',(0.906307787037,-0.415422382726,7.765590181533E-02)
  );
#9985 = DEFINITIONAL_REPRESENTATION('',(#9986),#9990);
#9986 = LINE('',#9987,#9988);
#9987 = CARTESIAN_POINT('',(0.,0.));
#9988 = VECTOR('',#9989,1.);
#9989 = DIRECTION('',(1.,1.006139616067E-16));
#9990 = ( GEOMETRIC_REPRESENTATION_CONTEXT(2) 
PARAMETRIC_REPRESENTATION_CONTEXT() REPRESENTATION_CONTEXT('2D SPACE',''
  ) );
#9991 = ADVANCED_FACE('',(#9992),#9785,.T.);
#9992 = FACE_BOUND('',#9993,.T.);
#9993 = EDGE_LOOP('',(#9994,#10017,#10018,#10019));
#9994 = ORIENTED_EDGE('',*,*,#9995,.F.);
#9995 = EDGE_CURVE('',#9744,#9996,#9998,.T.);
#9996 = VERTEX_POINT('',#9997);
#9997 = CARTESIAN_POINT('',(-33.61728154514,-8.383749166378,
    -42.19962080138));
#9998 = SURFACE_CURVE('',#9999,(#10003,#10010),.PCURVE_S1.);
#9999 = LINE('',#10000,#10001);
#10000 = CARTESIAN_POINT('',(-40.46854044145,-5.243352122362,
    -42.78666274869));
#10001 = VECTOR('',#10002,1.);
#10002 = DIRECTION('',(0.906307787037,-0.415422382726,7.765590181533E-02
    ));
#10003 = PCURVE('',#9785,#10004);
#10004 = DEFINITIONAL_REPRESENTATION('',(#10005),#10009);
#10005 = LINE('',#10006,#10007);
#10006 = CARTESIAN_POINT('',(-2.761679773755E-15,0.88245364056));
#10007 = VECTOR('',#10008,1.);
#10008 = DIRECTION('',(1.,1.006139616067E-16));
#10009 = ( GEOMETRIC_REPRESENTATION_CONTEXT(2) 
PARAMETRIC_REPRESENTATION_CONTEXT() REPRESENTATION_CONTEXT('2D SPACE',''
  ) );
#10010 = PCURVE('',#9759,#10011);
#10011 = DEFINITIONAL_REPRESENTATION('',(#10012),#10016);
#10012 = LINE('',#10013,#10014);
#10013 = CARTESIAN_POINT('',(30.415121352005,-4.440892098501E-16));
#10014 = VECTOR('',#10015,1.);
#10015 = DIRECTION('',(-1.387778780781E-17,1.));
#10016 = ( GEOMETRIC_REPRESENTATION_CONTEXT(2) 
PARAMETRIC_REPRESENTATION_CONTEXT() REPRESENTATION_CONTEXT('2D SPACE',''
  ) );
#10017 = ORIENTED_EDGE('',*,*,#9771,.F.);
#10018 = ORIENTED_EDGE('',*,*,#9852,.T.);
#10019 = ORIENTED_EDGE('',*,*,#10020,.T.);
#10020 = EDGE_CURVE('',#9853,#9996,#10021,.T.);
#10021 = SURFACE_CURVE('',#10022,(#10026,#10032),.PCURVE_S1.);
#10022 = LINE('',#10023,#10024);
#10023 = CARTESIAN_POINT('',(-33.61728154514,-6.181196904658,
    -42.61134917542));
#10024 = VECTOR('',#10025,1.);
#10025 = DIRECTION('',(0.,-0.982973099684,0.183749517817));
#10026 = PCURVE('',#9785,#10027);
#10027 = DEFINITIONAL_REPRESENTATION('',(#10028),#10031);
#10028 = B_SPLINE_CURVE_WITH_KNOTS('',1,(#10029,#10030),.UNSPECIFIED.,
  .F.,.F.,(2,2),(1.267024652618,2.24070451412),
  .PIECEWISE_BEZIER_KNOTS.);
#10029 = CARTESIAN_POINT('',(7.148032892721,2.22044604925E-16));
#10030 = CARTESIAN_POINT('',(7.559527783281,0.88245364056));
#10031 = ( GEOMETRIC_REPRESENTATION_CONTEXT(2) 
PARAMETRIC_REPRESENTATION_CONTEXT() REPRESENTATION_CONTEXT('2D SPACE',''
  ) );
#10032 = PCURVE('',#9890,#10033);
#10033 = DEFINITIONAL_REPRESENTATION('',(#10034),#10037);
#10034 = B_SPLINE_CURVE_WITH_KNOTS('',1,(#10035,#10036),.UNSPECIFIED.,
  .F.,.F.,(2,2),(1.267024652618,2.24070451412),
  .PIECEWISE_BEZIER_KNOTS.);
#10035 = CARTESIAN_POINT('',(1.,0.486839930751));
#10036 = CARTESIAN_POINT('',(1.,-0.486839930751));
#10037 = ( GEOMETRIC_REPRESENTATION_CONTEXT(2) 
PARAMETRIC_REPRESENTATION_CONTEXT() REPRESENTATION_CONTEXT('2D SPACE',''
  ) );
#10038 = ADVANCED_FACE('',(#10039),#9759,.T.);
#10039 = FACE_BOUND('',#10040,.T.);
#10040 = EDGE_LOOP('',(#10041,#10066,#10087,#10088,#10089,#10110,#10144,
    #10173));
#10041 = ORIENTED_EDGE('',*,*,#10042,.F.);
#10042 = EDGE_CURVE('',#10043,#10045,#10047,.T.);
#10043 = VERTEX_POINT('',#10044);
#10044 = CARTESIAN_POINT('',(-27.13896367248,-5.764438139715,
    -11.74728774824));
#10045 = VERTEX_POINT('',#10046);
#10046 = CARTESIAN_POINT('',(-27.13896367248,-11.35320202247,
    -41.64453386089));
#10047 = SURFACE_CURVE('',#10048,(#10052,#10059),.PCURVE_S1.);
#10048 = LINE('',#10049,#10050);
#10049 = CARTESIAN_POINT('',(-27.13896367248,-5.764438139715,
    -11.74728774824));
#10050 = VECTOR('',#10051,1.);
#10051 = DIRECTION('',(0.,-0.183749517817,-0.982973099684));
#10052 = PCURVE('',#9759,#10053);
#10053 = DEFINITIONAL_REPRESENTATION('',(#10054),#10058);
#10054 = LINE('',#10055,#10056);
#10055 = CARTESIAN_POINT('',(-8.881784197001E-16,14.707560676003));
#10056 = VECTOR('',#10057,1.);
#10057 = DIRECTION('',(1.,0.));
#10058 = ( GEOMETRIC_REPRESENTATION_CONTEXT(2) 
PARAMETRIC_REPRESENTATION_CONTEXT() REPRESENTATION_CONTEXT('2D SPACE',''
  ) );
#10059 = PCURVE('',#9818,#10060);
#10060 = DEFINITIONAL_REPRESENTATION('',(#10061),#10065);
#10061 = LINE('',#10062,#10063);
#10062 = CARTESIAN_POINT('',(4.440892098501E-16,-0.88245364056));
#10063 = VECTOR('',#10064,1.);
#10064 = DIRECTION('',(1.,2.775557561563E-17));
#10065 = ( GEOMETRIC_REPRESENTATION_CONTEXT(2) 
PARAMETRIC_REPRESENTATION_CONTEXT() REPRESENTATION_CONTEXT('2D SPACE',''
  ) );
#10066 = ORIENTED_EDGE('',*,*,#10067,.F.);
#10067 = EDGE_CURVE('',#9716,#10043,#10068,.T.);
#10068 = SURFACE_CURVE('',#10069,(#10073,#10080),.PCURVE_S1.);
#10069 = LINE('',#10070,#10071);
#10070 = CARTESIAN_POINT('',(-40.46854044145,0.345411760402,
    -12.88941663604));
#10071 = VECTOR('',#10072,1.);
#10072 = DIRECTION('',(0.906307787037,-0.415422382726,7.765590181533E-02
    ));
#10073 = PCURVE('',#9759,#10074);
#10074 = DEFINITIONAL_REPRESENTATION('',(#10075),#10079);
#10075 = LINE('',#10076,#10077);
#10076 = CARTESIAN_POINT('',(0.,0.));
#10077 = VECTOR('',#10078,1.);
#10078 = DIRECTION('',(-1.387778780781E-17,1.));
#10079 = ( GEOMETRIC_REPRESENTATION_CONTEXT(2) 
PARAMETRIC_REPRESENTATION_CONTEXT() REPRESENTATION_CONTEXT('2D SPACE',''
  ) );
#10080 = PCURVE('',#9731,#10081);
#10081 = DEFINITIONAL_REPRESENTATION('',(#10082),#10086);
#10082 = LINE('',#10083,#10084);
#10083 = CARTESIAN_POINT('',(-2.400857290752E-15,0.88245364056));
#10084 = VECTOR('',#10085,1.);
#10085 = DIRECTION('',(1.,1.006139616067E-16));
#10086 = ( GEOMETRIC_REPRESENTATION_CONTEXT(2) 
PARAMETRIC_REPRESENTATION_CONTEXT() REPRESENTATION_CONTEXT('2D SPACE',''
  ) );
#10087 = ORIENTED_EDGE('',*,*,#9743,.T.);
#10088 = ORIENTED_EDGE('',*,*,#9995,.T.);
#10089 = ORIENTED_EDGE('',*,*,#10090,.T.);
#10090 = EDGE_CURVE('',#9996,#10091,#10093,.T.);
#10091 = VERTEX_POINT('',#10092);
#10092 = CARTESIAN_POINT('',(-33.61728154514,-7.93929625736,
    -39.82200773968));
#10093 = SURFACE_CURVE('',#10094,(#10098,#10104),.PCURVE_S1.);
#10094 = LINE('',#10095,#10096);
#10095 = CARTESIAN_POINT('',(-33.61728154514,-5.497492466088,
    -26.75951119521));
#10096 = VECTOR('',#10097,1.);
#10097 = DIRECTION('',(-0.,0.183749517817,0.982973099684));
#10098 = PCURVE('',#9759,#10099);
#10099 = DEFINITIONAL_REPRESENTATION('',(#10100),#10103);
#10100 = B_SPLINE_CURVE_WITH_KNOTS('',1,(#10101,#10102),.UNSPECIFIED.,
  .F.,.F.,(2,2),(-15.707560676,-13.207560676),.PIECEWISE_BEZIER_KNOTS.);
#10101 = CARTESIAN_POINT('',(30.415121352005,7.559527783281));
#10102 = CARTESIAN_POINT('',(27.915121352005,7.559527783281));
#10103 = ( GEOMETRIC_REPRESENTATION_CONTEXT(2) 
PARAMETRIC_REPRESENTATION_CONTEXT() REPRESENTATION_CONTEXT('2D SPACE',''
  ) );
#10104 = PCURVE('',#9890,#10105);
#10105 = DEFINITIONAL_REPRESENTATION('',(#10106),#10109);
#10106 = B_SPLINE_CURVE_WITH_KNOTS('',1,(#10107,#10108),.UNSPECIFIED.,
  .F.,.F.,(2,2),(-15.707560676,-13.207560676),.PIECEWISE_BEZIER_KNOTS.);
#10107 = CARTESIAN_POINT('',(1.,-0.486839930751));
#10108 = CARTESIAN_POINT('',(-1.5,-0.486839930751));
#10109 = ( GEOMETRIC_REPRESENTATION_CONTEXT(2) 
PARAMETRIC_REPRESENTATION_CONTEXT() REPRESENTATION_CONTEXT('2D SPACE',''
  ) );
#10110 = ORIENTED_EDGE('',*,*,#10111,.F.);
#10111 = EDGE_CURVE('',#10112,#10091,#10114,.T.);
#10112 = VERTEX_POINT('',#10113);
#10113 = CARTESIAN_POINT('',(-31.44455276506,-9.195908742307,
    -41.0304800275));
#10114 = SURFACE_CURVE('',#10115,(#10120,#10127),.PCURVE_S1.);
#10115 = ELLIPSE('',#10116,3.549302374729,1.5);
#10116 = AXIS2_PLACEMENT_3D('',#10117,#10118,#10119);
#10117 = CARTESIAN_POINT('',(-34.66131314582,-7.721449092781,
    -41.30610430422));
#10118 = DIRECTION('',(-0.422618261741,-0.890876174691,0.166533618861));
#10119 = DIRECTION('',(-0.906307787037,0.415422382726,
    -7.765590181533E-02));
#10120 = PCURVE('',#9759,#10121);
#10121 = DEFINITIONAL_REPRESENTATION('',(#10122),#10126);
#10122 = ELLIPSE('',#10123,3.549302374729,1.5);
#10123 = AXIS2_PLACEMENT_2D('',#10124,#10125);
#10124 = CARTESIAN_POINT('',(29.415121352005,6.407566368396));
#10125 = DIRECTION('',(4.163336342344E-17,-1.));
#10126 = ( GEOMETRIC_REPRESENTATION_CONTEXT(2) 
PARAMETRIC_REPRESENTATION_CONTEXT() REPRESENTATION_CONTEXT('2D SPACE',''
  ) );
#10127 = PCURVE('',#10128,#10133);
#10128 = CYLINDRICAL_SURFACE('',#10129,1.5);
#10129 = AXIS2_PLACEMENT_3D('',#10130,#10131,#10132);
#10130 = CARTESIAN_POINT('',(-33.61728154514,-7.721449092781,
    -41.30610430422));
#10131 = DIRECTION('',(-1.,0.,0.));
#10132 = DIRECTION('',(0.,-0.982973099684,0.183749517817));
#10133 = DEFINITIONAL_REPRESENTATION('',(#10134),#10143);
#10134 = B_SPLINE_CURVE_WITH_KNOTS('',7,(#10135,#10136,#10137,#10138,
    #10139,#10140,#10141,#10142),.UNSPECIFIED.,.F.,.F.,(8,8),(
    3.14159265359,4.38184271806),.PIECEWISE_BEZIER_KNOTS.);
#10135 = CARTESIAN_POINT('',(-6.28318530718,-2.172728780088));
#10136 = CARTESIAN_POINT('',(-6.106006726541,-2.172728780088));
#10137 = CARTESIAN_POINT('',(-5.928828145901,-2.054916646473));
#10138 = CARTESIAN_POINT('',(-5.751649565267,-1.819297034843));
#10139 = CARTESIAN_POINT('',(-5.574470984625,-1.474912375582));
#10140 = CARTESIAN_POINT('',(-5.397292403987,-1.039936753646));
#10141 = CARTESIAN_POINT('',(-5.220113823348,-0.539086788624));
#10142 = CARTESIAN_POINT('',(-5.042935242709,5.999999999062E-07));
#10143 = ( GEOMETRIC_REPRESENTATION_CONTEXT(2) 
PARAMETRIC_REPRESENTATION_CONTEXT() REPRESENTATION_CONTEXT('2D SPACE',''
  ) );
#10144 = ORIENTED_EDGE('',*,*,#10145,.F.);
#10145 = EDGE_CURVE('',#10146,#10112,#10148,.T.);
#10146 = VERTEX_POINT('',#10147);
#10147 = CARTESIAN_POINT('',(-32.26368151958,-9.004195946071,
    -42.08363919757));
#10148 = SURFACE_CURVE('',#10149,(#10154,#10161),.PCURVE_S1.);
#10149 = ELLIPSE('',#10150,3.549302374729,1.5);
#10150 = AXIS2_PLACEMENT_3D('',#10151,#10152,#10153);
#10151 = CARTESIAN_POINT('',(-34.66131314582,-7.721449092781,
    -41.30610430422));
#10152 = DIRECTION('',(-0.422618261741,-0.890876174691,0.166533618861));
#10153 = DIRECTION('',(-0.906307787037,0.415422382726,
    -7.765590181533E-02));
#10154 = PCURVE('',#9759,#10155);
#10155 = DEFINITIONAL_REPRESENTATION('',(#10156),#10160);
#10156 = ELLIPSE('',#10157,3.549302374729,1.5);
#10157 = AXIS2_PLACEMENT_2D('',#10158,#10159);
#10158 = CARTESIAN_POINT('',(29.415121352005,6.407566368396));
#10159 = DIRECTION('',(4.163336342344E-17,-1.));
#10160 = ( GEOMETRIC_REPRESENTATION_CONTEXT(2) 
PARAMETRIC_REPRESENTATION_CONTEXT() REPRESENTATION_CONTEXT('2D SPACE',''
  ) );
#10161 = PCURVE('',#9918,#10162);
#10162 = DEFINITIONAL_REPRESENTATION('',(#10163),#10172);
#10163 = B_SPLINE_CURVE_WITH_KNOTS('',7,(#10164,#10165,#10166,#10167,
    #10168,#10169,#10170,#10171),.UNSPECIFIED.,.F.,.F.,(8,8),(
    1.901342589119,3.14159265359),.PIECEWISE_BEZIER_KNOTS.);
#10164 = CARTESIAN_POINT('',(-1.240250064471,5.999999999062E-07));
#10165 = CARTESIAN_POINT('',(-1.063071483832,-0.539086788624));
#10166 = CARTESIAN_POINT('',(-0.885892903193,-1.039936753646));
#10167 = CARTESIAN_POINT('',(-0.708714322555,-1.474912375583));
#10168 = CARTESIAN_POINT('',(-0.531535741916,-1.819297034842));
#10169 = CARTESIAN_POINT('',(-0.354357161277,-2.054916646473));
#10170 = CARTESIAN_POINT('',(-0.177178580639,-2.172728780088));
#10171 = CARTESIAN_POINT('',(4.440892098501E-15,-2.172728780088));
#10172 = ( GEOMETRIC_REPRESENTATION_CONTEXT(2) 
PARAMETRIC_REPRESENTATION_CONTEXT() REPRESENTATION_CONTEXT('2D SPACE',''
  ) );
#10173 = ORIENTED_EDGE('',*,*,#10174,.T.);
#10174 = EDGE_CURVE('',#10146,#10045,#10175,.T.);
#10175 = SURFACE_CURVE('',#10176,(#10180,#10187),.PCURVE_S1.);
#10176 = LINE('',#10177,#10178);
#10177 = CARTESIAN_POINT('',(-40.46854044145,-5.243352122362,
    -42.78666274869));
#10178 = VECTOR('',#10179,1.);
#10179 = DIRECTION('',(0.906307787037,-0.415422382726,7.765590181533E-02
    ));
#10180 = PCURVE('',#9759,#10181);
#10181 = DEFINITIONAL_REPRESENTATION('',(#10182),#10186);
#10182 = LINE('',#10183,#10184);
#10183 = CARTESIAN_POINT('',(30.415121352005,-4.440892098501E-16));
#10184 = VECTOR('',#10185,1.);
#10185 = DIRECTION('',(-1.387778780781E-17,1.));
#10186 = ( GEOMETRIC_REPRESENTATION_CONTEXT(2) 
PARAMETRIC_REPRESENTATION_CONTEXT() REPRESENTATION_CONTEXT('2D SPACE',''
  ) );
#10187 = PCURVE('',#9980,#10188);
#10188 = DEFINITIONAL_REPRESENTATION('',(#10189),#10193);
#10189 = LINE('',#10190,#10191);
#10190 = CARTESIAN_POINT('',(-2.761679773755E-15,0.88245364056));
#10191 = VECTOR('',#10192,1.);
#10192 = DIRECTION('',(1.,1.006139616067E-16));
#10193 = ( GEOMETRIC_REPRESENTATION_CONTEXT(2) 
PARAMETRIC_REPRESENTATION_CONTEXT() REPRESENTATION_CONTEXT('2D SPACE',''
  ) );
#10194 = ADVANCED_FACE('',(#10195),#9731,.F.);
#10195 = FACE_BOUND('',#10196,.F.);
#10196 = EDGE_LOOP('',(#10197,#10198,#10199,#10220));
#10197 = ORIENTED_EDGE('',*,*,#9715,.F.);
#10198 = ORIENTED_EDGE('',*,*,#9830,.T.);
#10199 = ORIENTED_EDGE('',*,*,#10200,.T.);
#10200 = EDGE_CURVE('',#9801,#10043,#10201,.T.);
#10201 = SURFACE_CURVE('',#10202,(#10206,#10213),.PCURVE_S1.);
#10202 = LINE('',#10203,#10204);
#10203 = CARTESIAN_POINT('',(-26.76602264884,-4.97828121607,
    -11.89424594648));
#10204 = VECTOR('',#10205,1.);
#10205 = DIRECTION('',(-0.422618261741,-0.890876174691,0.166533618861));
#10206 = PCURVE('',#9731,#10207);
#10207 = DEFINITIONAL_REPRESENTATION('',(#10208),#10212);
#10208 = LINE('',#10209,#10210);
#10209 = CARTESIAN_POINT('',(14.707560676003,4.163336342344E-16));
#10210 = VECTOR('',#10211,1.);
#10211 = DIRECTION('',(9.887923813068E-17,1.));
#10212 = ( GEOMETRIC_REPRESENTATION_CONTEXT(2) 
PARAMETRIC_REPRESENTATION_CONTEXT() REPRESENTATION_CONTEXT('2D SPACE',''
  ) );
#10213 = PCURVE('',#9818,#10214);
#10214 = DEFINITIONAL_REPRESENTATION('',(#10215),#10219);
#10215 = LINE('',#10216,#10217);
#10216 = CARTESIAN_POINT('',(0.,0.));
#10217 = VECTOR('',#10218,1.);
#10218 = DIRECTION('',(-2.775557561563E-17,-1.));
#10219 = ( GEOMETRIC_REPRESENTATION_CONTEXT(2) 
PARAMETRIC_REPRESENTATION_CONTEXT() REPRESENTATION_CONTEXT('2D SPACE',''
  ) );
#10220 = ORIENTED_EDGE('',*,*,#10067,.F.);
#10221 = ADVANCED_FACE('',(#10222),#9818,.T.);
#10222 = FACE_BOUND('',#10223,.T.);
#10223 = EDGE_LOOP('',(#10224,#10225,#10226,#10227));
#10224 = ORIENTED_EDGE('',*,*,#9800,.F.);
#10225 = ORIENTED_EDGE('',*,*,#10200,.T.);
#10226 = ORIENTED_EDGE('',*,*,#10042,.T.);
#10227 = ORIENTED_EDGE('',*,*,#10228,.F.);
#10228 = EDGE_CURVE('',#9803,#10045,#10229,.T.);
#10229 = SURFACE_CURVE('',#10230,(#10234,#10241),.PCURVE_S1.);
#10230 = LINE('',#10231,#10232);
#10231 = CARTESIAN_POINT('',(-26.76602264884,-10.56704509883,
    -41.79149205913));
#10232 = VECTOR('',#10233,1.);
#10233 = DIRECTION('',(-0.422618261741,-0.890876174691,0.166533618861));
#10234 = PCURVE('',#9818,#10235);
#10235 = DEFINITIONAL_REPRESENTATION('',(#10236),#10240);
#10236 = LINE('',#10237,#10238);
#10237 = CARTESIAN_POINT('',(30.415121352005,-8.881784197001E-16));
#10238 = VECTOR('',#10239,1.);
#10239 = DIRECTION('',(-2.775557561563E-17,-1.));
#10240 = ( GEOMETRIC_REPRESENTATION_CONTEXT(2) 
PARAMETRIC_REPRESENTATION_CONTEXT() REPRESENTATION_CONTEXT('2D SPACE',''
  ) );
#10241 = PCURVE('',#9980,#10242);
#10242 = DEFINITIONAL_REPRESENTATION('',(#10243),#10247);
#10243 = LINE('',#10244,#10245);
#10244 = CARTESIAN_POINT('',(14.707560676003,7.216449660064E-16));
#10245 = VECTOR('',#10246,1.);
#10246 = DIRECTION('',(9.887923813068E-17,1.));
#10247 = ( GEOMETRIC_REPRESENTATION_CONTEXT(2) 
PARAMETRIC_REPRESENTATION_CONTEXT() REPRESENTATION_CONTEXT('2D SPACE',''
  ) );
#10248 = ADVANCED_FACE('',(#10249),#9980,.T.);
#10249 = FACE_BOUND('',#10250,.T.);
#10250 = EDGE_LOOP('',(#10251,#10252,#10271,#10272));
#10251 = ORIENTED_EDGE('',*,*,#10174,.F.);
#10252 = ORIENTED_EDGE('',*,*,#10253,.F.);
#10253 = EDGE_CURVE('',#9937,#10146,#10254,.T.);
#10254 = SURFACE_CURVE('',#10255,(#10259,#10265),.PCURVE_S1.);
#10255 = LINE('',#10256,#10257);
#10256 = CARTESIAN_POINT('',(-33.61728154514,-9.004195946071,
    -42.08363919757));
#10257 = VECTOR('',#10258,1.);
#10258 = DIRECTION('',(-1.,0.,0.));
#10259 = PCURVE('',#9980,#10260);
#10260 = DEFINITIONAL_REPRESENTATION('',(#10261),#10264);
#10261 = B_SPLINE_CURVE_WITH_KNOTS('',1,(#10262,#10263),.UNSPECIFIED.,
  .F.,.F.,(2,2),(-3.65046954705,-1.144793705428),
  .PIECEWISE_BEZIER_KNOTS.);
#10262 = CARTESIAN_POINT('',(11.134730895726,-8.824536405598E-02));
#10263 = CARTESIAN_POINT('',(8.863817368674,0.970699004616));
#10264 = ( GEOMETRIC_REPRESENTATION_CONTEXT(2) 
PARAMETRIC_REPRESENTATION_CONTEXT() REPRESENTATION_CONTEXT('2D SPACE',''
  ) );
#10265 = PCURVE('',#9918,#10266);
#10266 = DEFINITIONAL_REPRESENTATION('',(#10267),#10270);
#10267 = B_SPLINE_CURVE_WITH_KNOTS('',1,(#10268,#10269),.UNSPECIFIED.,
  .F.,.F.,(2,2),(-3.65046954705,-1.144793705428),
  .PIECEWISE_BEZIER_KNOTS.);
#10268 = CARTESIAN_POINT('',(-0.729727656227,-3.65046954705));
#10269 = CARTESIAN_POINT('',(-0.729727656227,-1.144793705428));
#10270 = ( GEOMETRIC_REPRESENTATION_CONTEXT(2) 
PARAMETRIC_REPRESENTATION_CONTEXT() REPRESENTATION_CONTEXT('2D SPACE',''
  ) );
#10271 = ORIENTED_EDGE('',*,*,#9966,.T.);
#10272 = ORIENTED_EDGE('',*,*,#10228,.T.);
#10273 = ADVANCED_FACE('',(#10274),#9918,.T.);
#10274 = FACE_BOUND('',#10275,.F.);
#10275 = EDGE_LOOP('',(#10276,#10300,#10321,#10322,#10323,#10324,#10347,
    #10374,#10375));
#10276 = ORIENTED_EDGE('',*,*,#10277,.F.);
#10277 = EDGE_CURVE('',#10278,#9876,#10280,.T.);
#10278 = VERTEX_POINT('',#10279);
#10279 = CARTESIAN_POINT('',(-33.61728154514,-9.195908742307,
    -41.0304800275));
#10280 = SURFACE_CURVE('',#10281,(#10286,#10293),.PCURVE_S1.);
#10281 = CIRCLE('',#10282,1.5);
#10282 = AXIS2_PLACEMENT_3D('',#10283,#10284,#10285);
#10283 = CARTESIAN_POINT('',(-33.61728154514,-7.721449092781,
    -41.30610430422));
#10284 = DIRECTION('',(1.,0.,0.));
#10285 = DIRECTION('',(0.,-0.982973099684,0.183749517817));
#10286 = PCURVE('',#9918,#10287);
#10287 = DEFINITIONAL_REPRESENTATION('',(#10288),#10292);
#10288 = LINE('',#10289,#10290);
#10289 = CARTESIAN_POINT('',(-0.,0.));
#10290 = VECTOR('',#10291,1.);
#10291 = DIRECTION('',(-1.,0.));
#10292 = ( GEOMETRIC_REPRESENTATION_CONTEXT(2) 
PARAMETRIC_REPRESENTATION_CONTEXT() REPRESENTATION_CONTEXT('2D SPACE',''
  ) );
#10293 = PCURVE('',#9890,#10294);
#10294 = DEFINITIONAL_REPRESENTATION('',(#10295),#10299);
#10295 = CIRCLE('',#10296,1.5);
#10296 = AXIS2_PLACEMENT_2D('',#10297,#10298);
#10297 = CARTESIAN_POINT('',(0.,0.));
#10298 = DIRECTION('',(0.,-1.));
#10299 = ( GEOMETRIC_REPRESENTATION_CONTEXT(2) 
PARAMETRIC_REPRESENTATION_CONTEXT() REPRESENTATION_CONTEXT('2D SPACE',''
  ) );
#10300 = ORIENTED_EDGE('',*,*,#10301,.T.);
#10301 = EDGE_CURVE('',#10278,#10112,#10302,.T.);
#10302 = SURFACE_CURVE('',#10303,(#10307,#10314),.PCURVE_S1.);
#10303 = LINE('',#10304,#10305);
#10304 = CARTESIAN_POINT('',(-33.61728154514,-9.195908742307,
    -41.0304800275));
#10305 = VECTOR('',#10306,1.);
#10306 = DIRECTION('',(1.,0.,0.));
#10307 = PCURVE('',#9918,#10308);
#10308 = DEFINITIONAL_REPRESENTATION('',(#10309),#10313);
#10309 = LINE('',#10310,#10311);
#10310 = CARTESIAN_POINT('',(-0.,0.));
#10311 = VECTOR('',#10312,1.);
#10312 = DIRECTION('',(-0.,-1.));
#10313 = ( GEOMETRIC_REPRESENTATION_CONTEXT(2) 
PARAMETRIC_REPRESENTATION_CONTEXT() REPRESENTATION_CONTEXT('2D SPACE',''
  ) );
#10314 = PCURVE('',#10128,#10315);
#10315 = DEFINITIONAL_REPRESENTATION('',(#10316),#10320);
#10316 = LINE('',#10317,#10318);
#10317 = CARTESIAN_POINT('',(-6.28318530718,0.));
#10318 = VECTOR('',#10319,1.);
#10319 = DIRECTION('',(-0.,-1.));
#10320 = ( GEOMETRIC_REPRESENTATION_CONTEXT(2) 
PARAMETRIC_REPRESENTATION_CONTEXT() REPRESENTATION_CONTEXT('2D SPACE',''
  ) );
#10321 = ORIENTED_EDGE('',*,*,#10145,.F.);
#10322 = ORIENTED_EDGE('',*,*,#10253,.F.);
#10323 = ORIENTED_EDGE('',*,*,#9936,.T.);
#10324 = ORIENTED_EDGE('',*,*,#10325,.T.);
#10325 = EDGE_CURVE('',#9902,#10326,#10328,.T.);
#10326 = VERTEX_POINT('',#10327);
#10327 = CARTESIAN_POINT('',(-23.61728154514,-9.195908742307,
    -41.0304800275));
#10328 = SEAM_CURVE('',#10329,(#10333,#10340),.PCURVE_S1.);
#10329 = LINE('',#10330,#10331);
#10330 = CARTESIAN_POINT('',(-33.61728154514,-9.195908742307,
    -41.0304800275));
#10331 = VECTOR('',#10332,1.);
#10332 = DIRECTION('',(1.,0.,0.));
#10333 = PCURVE('',#9918,#10334);
#10334 = DEFINITIONAL_REPRESENTATION('',(#10335),#10339);
#10335 = LINE('',#10336,#10337);
#10336 = CARTESIAN_POINT('',(-0.,0.));
#10337 = VECTOR('',#10338,1.);
#10338 = DIRECTION('',(-0.,-1.));
#10339 = ( GEOMETRIC_REPRESENTATION_CONTEXT(2) 
PARAMETRIC_REPRESENTATION_CONTEXT() REPRESENTATION_CONTEXT('2D SPACE',''
  ) );
#10340 = PCURVE('',#9918,#10341);
#10341 = DEFINITIONAL_REPRESENTATION('',(#10342),#10346);
#10342 = LINE('',#10343,#10344);
#10343 = CARTESIAN_POINT('',(-6.28318530718,0.));
#10344 = VECTOR('',#10345,1.);
#10345 = DIRECTION('',(-0.,-1.));
#10346 = ( GEOMETRIC_REPRESENTATION_CONTEXT(2) 
PARAMETRIC_REPRESENTATION_CONTEXT() REPRESENTATION_CONTEXT('2D SPACE',''
  ) );
#10347 = ORIENTED_EDGE('',*,*,#10348,.T.);
#10348 = EDGE_CURVE('',#10326,#10326,#10349,.T.);
#10349 = SURFACE_CURVE('',#10350,(#10355,#10362),.PCURVE_S1.);
#10350 = CIRCLE('',#10351,1.5);
#10351 = AXIS2_PLACEMENT_3D('',#10352,#10353,#10354);
#10352 = CARTESIAN_POINT('',(-23.61728154514,-7.721449092781,
    -41.30610430422));
#10353 = DIRECTION('',(1.,0.,0.));
#10354 = DIRECTION('',(0.,-0.982973099684,0.183749517817));
#10355 = PCURVE('',#9918,#10356);
#10356 = DEFINITIONAL_REPRESENTATION('',(#10357),#10361);
#10357 = LINE('',#10358,#10359);
#10358 = CARTESIAN_POINT('',(-0.,-10.));
#10359 = VECTOR('',#10360,1.);
#10360 = DIRECTION('',(-1.,0.));
#10361 = ( GEOMETRIC_REPRESENTATION_CONTEXT(2) 
PARAMETRIC_REPRESENTATION_CONTEXT() REPRESENTATION_CONTEXT('2D SPACE',''
  ) );
#10362 = PCURVE('',#10363,#10368);
#10363 = PLANE('',#10364);
#10364 = AXIS2_PLACEMENT_3D('',#10365,#10366,#10367);
#10365 = CARTESIAN_POINT('',(-23.61728154514,-7.721449092781,
    -41.30610430422));
#10366 = DIRECTION('',(1.,0.,0.));
#10367 = DIRECTION('',(0.,-0.183749517817,-0.982973099684));
#10368 = DEFINITIONAL_REPRESENTATION('',(#10369),#10373);
#10369 = CIRCLE('',#10370,1.5);
#10370 = AXIS2_PLACEMENT_2D('',#10371,#10372);
#10371 = CARTESIAN_POINT('',(0.,0.));
#10372 = DIRECTION('',(0.,-1.));
#10373 = ( GEOMETRIC_REPRESENTATION_CONTEXT(2) 
PARAMETRIC_REPRESENTATION_CONTEXT() REPRESENTATION_CONTEXT('2D SPACE',''
  ) );
#10374 = ORIENTED_EDGE('',*,*,#10325,.F.);
#10375 = ORIENTED_EDGE('',*,*,#9901,.T.);
#10376 = ADVANCED_FACE('',(#10377),#9890,.F.);
#10377 = FACE_BOUND('',#10378,.F.);
#10378 = EDGE_LOOP('',(#10379,#10401,#10402,#10403,#10404));
#10379 = ORIENTED_EDGE('',*,*,#10380,.T.);
#10380 = EDGE_CURVE('',#10091,#10278,#10381,.T.);
#10381 = SURFACE_CURVE('',#10382,(#10387,#10394),.PCURVE_S1.);
#10382 = CIRCLE('',#10383,1.5);
#10383 = AXIS2_PLACEMENT_3D('',#10384,#10385,#10386);
#10384 = CARTESIAN_POINT('',(-33.61728154514,-7.721449092781,
    -41.30610430422));
#10385 = DIRECTION('',(1.,0.,0.));
#10386 = DIRECTION('',(0.,-0.982973099684,0.183749517817));
#10387 = PCURVE('',#9890,#10388);
#10388 = DEFINITIONAL_REPRESENTATION('',(#10389),#10393);
#10389 = CIRCLE('',#10390,1.5);
#10390 = AXIS2_PLACEMENT_2D('',#10391,#10392);
#10391 = CARTESIAN_POINT('',(0.,0.));
#10392 = DIRECTION('',(0.,-1.));
#10393 = ( GEOMETRIC_REPRESENTATION_CONTEXT(2) 
PARAMETRIC_REPRESENTATION_CONTEXT() REPRESENTATION_CONTEXT('2D SPACE',''
  ) );
#10394 = PCURVE('',#10128,#10395);
#10395 = DEFINITIONAL_REPRESENTATION('',(#10396),#10400);
#10396 = LINE('',#10397,#10398);
#10397 = CARTESIAN_POINT('',(-0.,0.));
#10398 = VECTOR('',#10399,1.);
#10399 = DIRECTION('',(-1.,0.));
#10400 = ( GEOMETRIC_REPRESENTATION_CONTEXT(2) 
PARAMETRIC_REPRESENTATION_CONTEXT() REPRESENTATION_CONTEXT('2D SPACE',''
  ) );
#10401 = ORIENTED_EDGE('',*,*,#10277,.T.);
#10402 = ORIENTED_EDGE('',*,*,#9875,.F.);
#10403 = ORIENTED_EDGE('',*,*,#10020,.T.);
#10404 = ORIENTED_EDGE('',*,*,#10090,.T.);
#10405 = ADVANCED_FACE('',(#10406),#10128,.T.);
#10406 = FACE_BOUND('',#10407,.F.);
#10407 = EDGE_LOOP('',(#10408,#10409,#10410));
#10408 = ORIENTED_EDGE('',*,*,#10380,.F.);
#10409 = ORIENTED_EDGE('',*,*,#10111,.F.);
#10410 = ORIENTED_EDGE('',*,*,#10301,.F.);
#10411 = ADVANCED_FACE('',(#10412),#10363,.T.);
#10412 = FACE_BOUND('',#10413,.T.);
#10413 = EDGE_LOOP('',(#10414));
#10414 = ORIENTED_EDGE('',*,*,#10348,.T.);
#10415 = MANIFOLD_SOLID_BREP('',#10416);
#10416 = CLOSED_SHELL('',(#10417,#10537,#10732,#10779,#10935,#10962,
    #10989,#11014,#11117,#11146,#11152));
#10417 = ADVANCED_FACE('',(#10418),#10432,.F.);
#10418 = FACE_BOUND('',#10419,.F.);
#10419 = EDGE_LOOP('',(#10420,#10455,#10483,#10511));
#10420 = ORIENTED_EDGE('',*,*,#10421,.F.);
#10421 = EDGE_CURVE('',#10422,#10424,#10426,.T.);
#10422 = VERTEX_POINT('',#10423);
#10423 = CARTESIAN_POINT('',(-40.09559941781,5.764438139715,
    -11.74728774824));
#10424 = VERTEX_POINT('',#10425);
#10425 = CARTESIAN_POINT('',(-40.09559941781,11.353202022478,
    -41.64453386089));
#10426 = SURFACE_CURVE('',#10427,(#10431,#10443),.PCURVE_S1.);
#10427 = LINE('',#10428,#10429);
#10428 = CARTESIAN_POINT('',(-40.09559941781,5.764438139715,
    -11.74728774824));
#10429 = VECTOR('',#10430,1.);
#10430 = DIRECTION('',(0.,0.183749517817,-0.982973099684));
#10431 = PCURVE('',#10432,#10437);
#10432 = PLANE('',#10433);
#10433 = AXIS2_PLACEMENT_3D('',#10434,#10435,#10436);
#10434 = CARTESIAN_POINT('',(-40.09559941781,5.764438139715,
    -11.74728774824));
#10435 = DIRECTION('',(0.906307787037,-0.415422382726,
    -7.765590181533E-02));
#10436 = DIRECTION('',(0.,0.183749517817,-0.982973099684));
#10437 = DEFINITIONAL_REPRESENTATION('',(#10438),#10442);
#10438 = LINE('',#10439,#10440);
#10439 = CARTESIAN_POINT('',(0.,0.));
#10440 = VECTOR('',#10441,1.);
#10441 = DIRECTION('',(1.,2.775557561563E-17));
#10442 = ( GEOMETRIC_REPRESENTATION_CONTEXT(2) 
PARAMETRIC_REPRESENTATION_CONTEXT() REPRESENTATION_CONTEXT('2D SPACE',''
  ) );
#10443 = PCURVE('',#10444,#10449);
#10444 = PLANE('',#10445);
#10445 = AXIS2_PLACEMENT_3D('',#10446,#10447,#10448);
#10446 = CARTESIAN_POINT('',(-40.09559941781,5.764438139715,
    -11.74728774824));
#10447 = DIRECTION('',(-0.422618261741,-0.890876174691,-0.166533618861)
  );
#10448 = DIRECTION('',(0.,0.183749517817,-0.982973099684));
#10449 = DEFINITIONAL_REPRESENTATION('',(#10450),#10454);
#10450 = LINE('',#10451,#10452);
#10451 = CARTESIAN_POINT('',(0.,0.));
#10452 = VECTOR('',#10453,1.);
#10453 = DIRECTION('',(1.,-1.387778780781E-17));
#10454 = ( GEOMETRIC_REPRESENTATION_CONTEXT(2) 
PARAMETRIC_REPRESENTATION_CONTEXT() REPRESENTATION_CONTEXT('2D SPACE',''
  ) );
#10455 = ORIENTED_EDGE('',*,*,#10456,.T.);
#10456 = EDGE_CURVE('',#10422,#10457,#10459,.T.);
#10457 = VERTEX_POINT('',#10458);
#10458 = CARTESIAN_POINT('',(-40.46854044145,4.97828121607,
    -11.89424594648));
#10459 = SURFACE_CURVE('',#10460,(#10464,#10471),.PCURVE_S1.);
#10460 = LINE('',#10461,#10462);
#10461 = CARTESIAN_POINT('',(-40.09559941781,5.764438139715,
    -11.74728774824));
#10462 = VECTOR('',#10463,1.);
#10463 = DIRECTION('',(-0.422618261741,-0.890876174691,-0.166533618861)
  );
#10464 = PCURVE('',#10432,#10465);
#10465 = DEFINITIONAL_REPRESENTATION('',(#10466),#10470);
#10466 = LINE('',#10467,#10468);
#10467 = CARTESIAN_POINT('',(0.,0.));
#10468 = VECTOR('',#10469,1.);
#10469 = DIRECTION('',(-2.775557561563E-17,-1.));
#10470 = ( GEOMETRIC_REPRESENTATION_CONTEXT(2) 
PARAMETRIC_REPRESENTATION_CONTEXT() REPRESENTATION_CONTEXT('2D SPACE',''
  ) );
#10471 = PCURVE('',#10472,#10477);
#10472 = PLANE('',#10473);
#10473 = AXIS2_PLACEMENT_3D('',#10474,#10475,#10476);
#10474 = CARTESIAN_POINT('',(-40.09559941781,5.764438139715,
    -11.74728774824));
#10475 = DIRECTION('',(0.,0.183749517817,-0.982973099684));
#10476 = DIRECTION('',(0.906307787037,-0.415422382726,
    -7.765590181533E-02));
#10477 = DEFINITIONAL_REPRESENTATION('',(#10478),#10482);
#10478 = LINE('',#10479,#10480);
#10479 = CARTESIAN_POINT('',(0.,-0.));
#10480 = VECTOR('',#10481,1.);
#10481 = DIRECTION('',(1.301042606983E-16,1.));
#10482 = ( GEOMETRIC_REPRESENTATION_CONTEXT(2) 
PARAMETRIC_REPRESENTATION_CONTEXT() REPRESENTATION_CONTEXT('2D SPACE',''
  ) );
#10483 = ORIENTED_EDGE('',*,*,#10484,.T.);
#10484 = EDGE_CURVE('',#10457,#10485,#10487,.T.);
#10485 = VERTEX_POINT('',#10486);
#10486 = CARTESIAN_POINT('',(-40.46854044145,10.567045098834,
    -41.79149205913));
#10487 = SURFACE_CURVE('',#10488,(#10492,#10499),.PCURVE_S1.);
#10488 = LINE('',#10489,#10490);
#10489 = CARTESIAN_POINT('',(-40.46854044145,4.97828121607,
    -11.89424594648));
#10490 = VECTOR('',#10491,1.);
#10491 = DIRECTION('',(0.,0.183749517817,-0.982973099684));
#10492 = PCURVE('',#10432,#10493);
#10493 = DEFINITIONAL_REPRESENTATION('',(#10494),#10498);
#10494 = LINE('',#10495,#10496);
#10495 = CARTESIAN_POINT('',(-4.440892098501E-16,-0.88245364056));
#10496 = VECTOR('',#10497,1.);
#10497 = DIRECTION('',(1.,2.775557561563E-17));
#10498 = ( GEOMETRIC_REPRESENTATION_CONTEXT(2) 
PARAMETRIC_REPRESENTATION_CONTEXT() REPRESENTATION_CONTEXT('2D SPACE',''
  ) );
#10499 = PCURVE('',#10500,#10505);
#10500 = PLANE('',#10501);
#10501 = AXIS2_PLACEMENT_3D('',#10502,#10503,#10504);
#10502 = CARTESIAN_POINT('',(-40.46854044145,4.97828121607,
    -11.89424594648));
#10503 = DIRECTION('',(-0.422618261741,-0.890876174691,-0.166533618861)
  );
#10504 = DIRECTION('',(0.,0.183749517817,-0.982973099684));
#10505 = DEFINITIONAL_REPRESENTATION('',(#10506),#10510);
#10506 = LINE('',#10507,#10508);
#10507 = CARTESIAN_POINT('',(0.,0.));
#10508 = VECTOR('',#10509,1.);
#10509 = DIRECTION('',(1.,-1.387778780781E-17));
#10510 = ( GEOMETRIC_REPRESENTATION_CONTEXT(2) 
PARAMETRIC_REPRESENTATION_CONTEXT() REPRESENTATION_CONTEXT('2D SPACE',''
  ) );
#10511 = ORIENTED_EDGE('',*,*,#10512,.F.);
#10512 = EDGE_CURVE('',#10424,#10485,#10513,.T.);
#10513 = SURFACE_CURVE('',#10514,(#10518,#10525),.PCURVE_S1.);
#10514 = LINE('',#10515,#10516);
#10515 = CARTESIAN_POINT('',(-40.09559941781,11.353202022478,
    -41.64453386089));
#10516 = VECTOR('',#10517,1.);
#10517 = DIRECTION('',(-0.422618261741,-0.890876174691,-0.166533618861)
  );
#10518 = PCURVE('',#10432,#10519);
#10519 = DEFINITIONAL_REPRESENTATION('',(#10520),#10524);
#10520 = LINE('',#10521,#10522);
#10521 = CARTESIAN_POINT('',(30.415121352005,0.));
#10522 = VECTOR('',#10523,1.);
#10523 = DIRECTION('',(-2.775557561563E-17,-1.));
#10524 = ( GEOMETRIC_REPRESENTATION_CONTEXT(2) 
PARAMETRIC_REPRESENTATION_CONTEXT() REPRESENTATION_CONTEXT('2D SPACE',''
  ) );
#10525 = PCURVE('',#10526,#10531);
#10526 = PLANE('',#10527);
#10527 = AXIS2_PLACEMENT_3D('',#10528,#10529,#10530);
#10528 = CARTESIAN_POINT('',(-40.09559941781,11.353202022478,
    -41.64453386089));
#10529 = DIRECTION('',(0.,0.183749517817,-0.982973099684));
#10530 = DIRECTION('',(0.906307787037,-0.415422382726,
    -7.765590181533E-02));
#10531 = DEFINITIONAL_REPRESENTATION('',(#10532),#10536);
#10532 = LINE('',#10533,#10534);
#10533 = CARTESIAN_POINT('',(0.,-0.));
#10534 = VECTOR('',#10535,1.);
#10535 = DIRECTION('',(1.301042606983E-16,1.));
#10536 = ( GEOMETRIC_REPRESENTATION_CONTEXT(2) 
PARAMETRIC_REPRESENTATION_CONTEXT() REPRESENTATION_CONTEXT('2D SPACE',''
  ) );
#10537 = ADVANCED_FACE('',(#10538),#10444,.F.);
#10538 = FACE_BOUND('',#10539,.F.);
#10539 = EDGE_LOOP('',(#10540,#10570,#10591,#10592,#10615,#10641,#10676,
    #10706));
#10540 = ORIENTED_EDGE('',*,*,#10541,.F.);
#10541 = EDGE_CURVE('',#10542,#10544,#10546,.T.);
#10542 = VERTEX_POINT('',#10543);
#10543 = CARTESIAN_POINT('',(-26.76602264884,-0.345411760402,
    -12.88941663604));
#10544 = VERTEX_POINT('',#10545);
#10545 = CARTESIAN_POINT('',(-26.76602264884,5.243352122362,
    -42.78666274869));
#10546 = SURFACE_CURVE('',#10547,(#10551,#10558),.PCURVE_S1.);
#10547 = LINE('',#10548,#10549);
#10548 = CARTESIAN_POINT('',(-26.76602264884,-0.345411760402,
    -12.88941663604));
#10549 = VECTOR('',#10550,1.);
#10550 = DIRECTION('',(0.,0.183749517817,-0.982973099684));
#10551 = PCURVE('',#10444,#10552);
#10552 = DEFINITIONAL_REPRESENTATION('',(#10553),#10557);
#10553 = LINE('',#10554,#10555);
#10554 = CARTESIAN_POINT('',(-4.440892098501E-16,14.707560676003));
#10555 = VECTOR('',#10556,1.);
#10556 = DIRECTION('',(1.,-1.387778780781E-17));
#10557 = ( GEOMETRIC_REPRESENTATION_CONTEXT(2) 
PARAMETRIC_REPRESENTATION_CONTEXT() REPRESENTATION_CONTEXT('2D SPACE',''
  ) );
#10558 = PCURVE('',#10559,#10564);
#10559 = PLANE('',#10560);
#10560 = AXIS2_PLACEMENT_3D('',#10561,#10562,#10563);
#10561 = CARTESIAN_POINT('',(-26.76602264884,-0.345411760402,
    -12.88941663604));
#10562 = DIRECTION('',(0.906307787037,-0.415422382726,
    -7.765590181533E-02));
#10563 = DIRECTION('',(0.,0.183749517817,-0.982973099684));
#10564 = DEFINITIONAL_REPRESENTATION('',(#10565),#10569);
#10565 = LINE('',#10566,#10567);
#10566 = CARTESIAN_POINT('',(0.,0.));
#10567 = VECTOR('',#10568,1.);
#10568 = DIRECTION('',(1.,2.775557561563E-17));
#10569 = ( GEOMETRIC_REPRESENTATION_CONTEXT(2) 
PARAMETRIC_REPRESENTATION_CONTEXT() REPRESENTATION_CONTEXT('2D SPACE',''
  ) );
#10570 = ORIENTED_EDGE('',*,*,#10571,.F.);
#10571 = EDGE_CURVE('',#10422,#10542,#10572,.T.);
#10572 = SURFACE_CURVE('',#10573,(#10577,#10584),.PCURVE_S1.);
#10573 = LINE('',#10574,#10575);
#10574 = CARTESIAN_POINT('',(-40.09559941781,5.764438139715,
    -11.74728774824));
#10575 = VECTOR('',#10576,1.);
#10576 = DIRECTION('',(0.906307787037,-0.415422382726,
    -7.765590181533E-02));
#10577 = PCURVE('',#10444,#10578);
#10578 = DEFINITIONAL_REPRESENTATION('',(#10579),#10583);
#10579 = LINE('',#10580,#10581);
#10580 = CARTESIAN_POINT('',(0.,0.));
#10581 = VECTOR('',#10582,1.);
#10582 = DIRECTION('',(-1.387778780781E-17,1.));
#10583 = ( GEOMETRIC_REPRESENTATION_CONTEXT(2) 
PARAMETRIC_REPRESENTATION_CONTEXT() REPRESENTATION_CONTEXT('2D SPACE',''
  ) );
#10584 = PCURVE('',#10472,#10585);
#10585 = DEFINITIONAL_REPRESENTATION('',(#10586),#10590);
#10586 = LINE('',#10587,#10588);
#10587 = CARTESIAN_POINT('',(0.,-0.));
#10588 = VECTOR('',#10589,1.);
#10589 = DIRECTION('',(1.,1.301042606983E-16));
#10590 = ( GEOMETRIC_REPRESENTATION_CONTEXT(2) 
PARAMETRIC_REPRESENTATION_CONTEXT() REPRESENTATION_CONTEXT('2D SPACE',''
  ) );
#10591 = ORIENTED_EDGE('',*,*,#10421,.T.);
#10592 = ORIENTED_EDGE('',*,*,#10593,.T.);
#10593 = EDGE_CURVE('',#10424,#10594,#10596,.T.);
#10594 = VERTEX_POINT('',#10595);
#10595 = CARTESIAN_POINT('',(-33.61728154514,8.383749166378,
    -42.19962080138));
#10596 = SURFACE_CURVE('',#10597,(#10601,#10608),.PCURVE_S1.);
#10597 = LINE('',#10598,#10599);
#10598 = CARTESIAN_POINT('',(-40.09559941781,11.353202022478,
    -41.64453386089));
#10599 = VECTOR('',#10600,1.);
#10600 = DIRECTION('',(0.906307787037,-0.415422382726,
    -7.765590181533E-02));
#10601 = PCURVE('',#10444,#10602);
#10602 = DEFINITIONAL_REPRESENTATION('',(#10603),#10607);
#10603 = LINE('',#10604,#10605);
#10604 = CARTESIAN_POINT('',(30.415121352005,0.));
#10605 = VECTOR('',#10606,1.);
#10606 = DIRECTION('',(-1.387778780781E-17,1.));
#10607 = ( GEOMETRIC_REPRESENTATION_CONTEXT(2) 
PARAMETRIC_REPRESENTATION_CONTEXT() REPRESENTATION_CONTEXT('2D SPACE',''
  ) );
#10608 = PCURVE('',#10526,#10609);
#10609 = DEFINITIONAL_REPRESENTATION('',(#10610),#10614);
#10610 = LINE('',#10611,#10612);
#10611 = CARTESIAN_POINT('',(0.,-0.));
#10612 = VECTOR('',#10613,1.);
#10613 = DIRECTION('',(1.,1.301042606983E-16));
#10614 = ( GEOMETRIC_REPRESENTATION_CONTEXT(2) 
PARAMETRIC_REPRESENTATION_CONTEXT() REPRESENTATION_CONTEXT('2D SPACE',''
  ) );
#10615 = ORIENTED_EDGE('',*,*,#10616,.T.);
#10616 = EDGE_CURVE('',#10594,#10617,#10619,.T.);
#10617 = VERTEX_POINT('',#10618);
#10618 = CARTESIAN_POINT('',(-33.61728154514,7.93929625736,
    -39.82200773968));
#10619 = SURFACE_CURVE('',#10620,(#10624,#10630),.PCURVE_S1.);
#10620 = LINE('',#10621,#10622);
#10621 = CARTESIAN_POINT('',(-33.61728154514,5.497492466088,
    -26.75951119521));
#10622 = VECTOR('',#10623,1.);
#10623 = DIRECTION('',(0.,-0.183749517817,0.982973099684));
#10624 = PCURVE('',#10444,#10625);
#10625 = DEFINITIONAL_REPRESENTATION('',(#10626),#10629);
#10626 = B_SPLINE_CURVE_WITH_KNOTS('',1,(#10627,#10628),.UNSPECIFIED.,
  .F.,.F.,(2,2),(-15.707560676,-13.207560676),.PIECEWISE_BEZIER_KNOTS.);
#10627 = CARTESIAN_POINT('',(30.415121352005,7.148032892721));
#10628 = CARTESIAN_POINT('',(27.915121352005,7.148032892721));
#10629 = ( GEOMETRIC_REPRESENTATION_CONTEXT(2) 
PARAMETRIC_REPRESENTATION_CONTEXT() REPRESENTATION_CONTEXT('2D SPACE',''
  ) );
#10630 = PCURVE('',#10631,#10636);
#10631 = PLANE('',#10632);
#10632 = AXIS2_PLACEMENT_3D('',#10633,#10634,#10635);
#10633 = CARTESIAN_POINT('',(-33.61728154514,7.721449092781,
    -41.30610430422));
#10634 = DIRECTION('',(1.,0.,0.));
#10635 = DIRECTION('',(0.,0.183749517817,-0.982973099684));
#10636 = DEFINITIONAL_REPRESENTATION('',(#10637),#10640);
#10637 = B_SPLINE_CURVE_WITH_KNOTS('',1,(#10638,#10639),.UNSPECIFIED.,
  .F.,.F.,(2,2),(-15.707560676,-13.207560676),.PIECEWISE_BEZIER_KNOTS.);
#10638 = CARTESIAN_POINT('',(1.,0.486839930751));
#10639 = CARTESIAN_POINT('',(-1.5,0.486839930751));
#10640 = ( GEOMETRIC_REPRESENTATION_CONTEXT(2) 
PARAMETRIC_REPRESENTATION_CONTEXT() REPRESENTATION_CONTEXT('2D SPACE',''
  ) );
#10641 = ORIENTED_EDGE('',*,*,#10642,.F.);
#10642 = EDGE_CURVE('',#10643,#10617,#10645,.T.);
#10643 = VERTEX_POINT('',#10644);
#10644 = CARTESIAN_POINT('',(-29.3564895637,6.246989443255,
    -41.58172858095));
#10645 = SURFACE_CURVE('',#10646,(#10651,#10658),.PCURVE_S1.);
#10646 = ELLIPSE('',#10647,3.549302374729,1.5);
#10647 = AXIS2_PLACEMENT_3D('',#10648,#10649,#10650);
#10648 = CARTESIAN_POINT('',(-32.57324994447,7.721449092781,
    -41.30610430422));
#10649 = DIRECTION('',(-0.422618261741,-0.890876174691,-0.166533618861)
  );
#10650 = DIRECTION('',(-0.906307787037,0.415422382726,7.765590181533E-02
    ));
#10651 = PCURVE('',#10444,#10652);
#10652 = DEFINITIONAL_REPRESENTATION('',(#10653),#10657);
#10653 = ELLIPSE('',#10654,3.549302374729,1.5);
#10654 = AXIS2_PLACEMENT_2D('',#10655,#10656);
#10655 = CARTESIAN_POINT('',(29.415121352005,8.299994307606));
#10656 = DIRECTION('',(-1.387778780781E-17,-1.));
#10657 = ( GEOMETRIC_REPRESENTATION_CONTEXT(2) 
PARAMETRIC_REPRESENTATION_CONTEXT() REPRESENTATION_CONTEXT('2D SPACE',''
  ) );
#10658 = PCURVE('',#10659,#10664);
#10659 = CYLINDRICAL_SURFACE('',#10660,1.5);
#10660 = AXIS2_PLACEMENT_3D('',#10661,#10662,#10663);
#10661 = CARTESIAN_POINT('',(-33.61728154514,7.721449092781,
    -41.30610430422));
#10662 = DIRECTION('',(-1.,0.,0.));
#10663 = DIRECTION('',(0.,-0.982973099684,-0.183749517817));
#10664 = DEFINITIONAL_REPRESENTATION('',(#10665),#10675);
#10665 = B_SPLINE_CURVE_WITH_KNOTS('',8,(#10666,#10667,#10668,#10669,
    #10670,#10671,#10672,#10673,#10674),.UNSPECIFIED.,.F.,.F.,(9,9),(
    3.14159265359,5.042935637106),.PIECEWISE_BEZIER_KNOTS.);
#10666 = CARTESIAN_POINT('',(-6.28318530718,-4.26079198144));
#10667 = CARTESIAN_POINT('',(-6.04551743424,-4.26079198144));
#10668 = CARTESIAN_POINT('',(-5.807849561302,-4.053131704456));
#10669 = CARTESIAN_POINT('',(-5.570181688358,-3.637818874991));
#10670 = CARTESIAN_POINT('',(-5.332513815424,-3.039844771458));
#10671 = CARTESIAN_POINT('',(-5.094845942476,-2.309344507428));
#10672 = CARTESIAN_POINT('',(-4.857178069544,-1.513664959145));
#10673 = CARTESIAN_POINT('',(-4.619510196603,-0.72313272222));
#10674 = CARTESIAN_POINT('',(-4.381842323664,5.999999999062E-07));
#10675 = ( GEOMETRIC_REPRESENTATION_CONTEXT(2) 
PARAMETRIC_REPRESENTATION_CONTEXT() REPRESENTATION_CONTEXT('2D SPACE',''
  ) );
#10676 = ORIENTED_EDGE('',*,*,#10677,.F.);
#10677 = EDGE_CURVE('',#10678,#10643,#10680,.T.);
#10678 = VERTEX_POINT('',#10679);
#10679 = CARTESIAN_POINT('',(-30.17561831823,6.806201275124,
    -42.49451561024));
#10680 = SURFACE_CURVE('',#10681,(#10686,#10693),.PCURVE_S1.);
#10681 = ELLIPSE('',#10682,3.549302374729,1.5);
#10682 = AXIS2_PLACEMENT_3D('',#10683,#10684,#10685);
#10683 = CARTESIAN_POINT('',(-32.57324994447,7.721449092781,
    -41.30610430422));
#10684 = DIRECTION('',(-0.422618261741,-0.890876174691,-0.166533618861)
  );
#10685 = DIRECTION('',(-0.906307787037,0.415422382726,7.765590181533E-02
    ));
#10686 = PCURVE('',#10444,#10687);
#10687 = DEFINITIONAL_REPRESENTATION('',(#10688),#10692);
#10688 = ELLIPSE('',#10689,3.549302374729,1.5);
#10689 = AXIS2_PLACEMENT_2D('',#10690,#10691);
#10690 = CARTESIAN_POINT('',(29.415121352005,8.299994307606));
#10691 = DIRECTION('',(-1.387778780781E-17,-1.));
#10692 = ( GEOMETRIC_REPRESENTATION_CONTEXT(2) 
PARAMETRIC_REPRESENTATION_CONTEXT() REPRESENTATION_CONTEXT('2D SPACE',''
  ) );
#10693 = PCURVE('',#10659,#10694);
#10694 = DEFINITIONAL_REPRESENTATION('',(#10695),#10705);
#10695 = B_SPLINE_CURVE_WITH_KNOTS('',8,(#10696,#10697,#10698,#10699,
    #10700,#10701,#10702,#10703,#10704),.UNSPECIFIED.,.F.,.F.,(9,9),(
    1.240249670074,3.14159265359),.PIECEWISE_BEZIER_KNOTS.);
#10696 = CARTESIAN_POINT('',(-1.901342983516,5.999999999062E-07));
#10697 = CARTESIAN_POINT('',(-1.663675110576,-0.72313272222));
#10698 = CARTESIAN_POINT('',(-1.426007237636,-1.513664959146));
#10699 = CARTESIAN_POINT('',(-1.188339364697,-2.309344507421));
#10700 = CARTESIAN_POINT('',(-0.950671491756,-3.039844771456));
#10701 = CARTESIAN_POINT('',(-0.713003618818,-3.637818874988));
#10702 = CARTESIAN_POINT('',(-0.475335745879,-4.05313170446));
#10703 = CARTESIAN_POINT('',(-0.237667872939,-4.26079198144));
#10704 = CARTESIAN_POINT('',(-4.736951571734E-15,-4.26079198144));
#10705 = ( GEOMETRIC_REPRESENTATION_CONTEXT(2) 
PARAMETRIC_REPRESENTATION_CONTEXT() REPRESENTATION_CONTEXT('2D SPACE',''
  ) );
#10706 = ORIENTED_EDGE('',*,*,#10707,.T.);
#10707 = EDGE_CURVE('',#10678,#10544,#10708,.T.);
#10708 = SURFACE_CURVE('',#10709,(#10713,#10720),.PCURVE_S1.);
#10709 = LINE('',#10710,#10711);
#10710 = CARTESIAN_POINT('',(-40.09559941781,11.353202022478,
    -41.64453386089));
#10711 = VECTOR('',#10712,1.);
#10712 = DIRECTION('',(0.906307787037,-0.415422382726,
    -7.765590181533E-02));
#10713 = PCURVE('',#10444,#10714);
#10714 = DEFINITIONAL_REPRESENTATION('',(#10715),#10719);
#10715 = LINE('',#10716,#10717);
#10716 = CARTESIAN_POINT('',(30.415121352005,0.));
#10717 = VECTOR('',#10718,1.);
#10718 = DIRECTION('',(-1.387778780781E-17,1.));
#10719 = ( GEOMETRIC_REPRESENTATION_CONTEXT(2) 
PARAMETRIC_REPRESENTATION_CONTEXT() REPRESENTATION_CONTEXT('2D SPACE',''
  ) );
#10720 = PCURVE('',#10721,#10726);
#10721 = PLANE('',#10722);
#10722 = AXIS2_PLACEMENT_3D('',#10723,#10724,#10725);
#10723 = CARTESIAN_POINT('',(-40.09559941781,11.353202022478,
    -41.64453386089));
#10724 = DIRECTION('',(0.,0.183749517817,-0.982973099684));
#10725 = DIRECTION('',(0.906307787037,-0.415422382726,
    -7.765590181533E-02));
#10726 = DEFINITIONAL_REPRESENTATION('',(#10727),#10731);
#10727 = LINE('',#10728,#10729);
#10728 = CARTESIAN_POINT('',(0.,-0.));
#10729 = VECTOR('',#10730,1.);
#10730 = DIRECTION('',(1.,1.301042606983E-16));
#10731 = ( GEOMETRIC_REPRESENTATION_CONTEXT(2) 
PARAMETRIC_REPRESENTATION_CONTEXT() REPRESENTATION_CONTEXT('2D SPACE',''
  ) );
#10732 = ADVANCED_FACE('',(#10733),#10526,.T.);
#10733 = FACE_BOUND('',#10734,.T.);
#10734 = EDGE_LOOP('',(#10735,#10758,#10759,#10760));
#10735 = ORIENTED_EDGE('',*,*,#10736,.F.);
#10736 = EDGE_CURVE('',#10485,#10737,#10739,.T.);
#10737 = VERTEX_POINT('',#10738);
#10738 = CARTESIAN_POINT('',(-33.61728154514,7.426648054818,
    -42.37853400644));
#10739 = SURFACE_CURVE('',#10740,(#10744,#10751),.PCURVE_S1.);
#10740 = LINE('',#10741,#10742);
#10741 = CARTESIAN_POINT('',(-40.46854044145,10.567045098834,
    -41.79149205913));
#10742 = VECTOR('',#10743,1.);
#10743 = DIRECTION('',(0.906307787037,-0.415422382726,
    -7.765590181533E-02));
#10744 = PCURVE('',#10526,#10745);
#10745 = DEFINITIONAL_REPRESENTATION('',(#10746),#10750);
#10746 = LINE('',#10747,#10748);
#10747 = CARTESIAN_POINT('',(-1.972380592186E-15,0.88245364056));
#10748 = VECTOR('',#10749,1.);
#10749 = DIRECTION('',(1.,1.301042606983E-16));
#10750 = ( GEOMETRIC_REPRESENTATION_CONTEXT(2) 
PARAMETRIC_REPRESENTATION_CONTEXT() REPRESENTATION_CONTEXT('2D SPACE',''
  ) );
#10751 = PCURVE('',#10500,#10752);
#10752 = DEFINITIONAL_REPRESENTATION('',(#10753),#10757);
#10753 = LINE('',#10754,#10755);
#10754 = CARTESIAN_POINT('',(30.415121352005,0.));
#10755 = VECTOR('',#10756,1.);
#10756 = DIRECTION('',(-1.387778780781E-17,1.));
#10757 = ( GEOMETRIC_REPRESENTATION_CONTEXT(2) 
PARAMETRIC_REPRESENTATION_CONTEXT() REPRESENTATION_CONTEXT('2D SPACE',''
  ) );
#10758 = ORIENTED_EDGE('',*,*,#10512,.F.);
#10759 = ORIENTED_EDGE('',*,*,#10593,.T.);
#10760 = ORIENTED_EDGE('',*,*,#10761,.T.);
#10761 = EDGE_CURVE('',#10594,#10737,#10762,.T.);
#10762 = SURFACE_CURVE('',#10763,(#10767,#10773),.PCURVE_S1.);
#10763 = LINE('',#10764,#10765);
#10764 = CARTESIAN_POINT('',(-33.61728154514,9.629200316538,
    -41.9668056324));
#10765 = VECTOR('',#10766,1.);
#10766 = DIRECTION('',(0.,-0.982973099684,-0.183749517817));
#10767 = PCURVE('',#10526,#10768);
#10768 = DEFINITIONAL_REPRESENTATION('',(#10769),#10772);
#10769 = B_SPLINE_CURVE_WITH_KNOTS('',1,(#10770,#10771),.UNSPECIFIED.,
  .F.,.F.,(2,2),(1.267024652618,2.24070451412),
  .PIECEWISE_BEZIER_KNOTS.);
#10770 = CARTESIAN_POINT('',(7.148032892721,2.22044604925E-16));
#10771 = CARTESIAN_POINT('',(7.559527783281,0.88245364056));
#10772 = ( GEOMETRIC_REPRESENTATION_CONTEXT(2) 
PARAMETRIC_REPRESENTATION_CONTEXT() REPRESENTATION_CONTEXT('2D SPACE',''
  ) );
#10773 = PCURVE('',#10631,#10774);
#10774 = DEFINITIONAL_REPRESENTATION('',(#10775),#10778);
#10775 = B_SPLINE_CURVE_WITH_KNOTS('',1,(#10776,#10777),.UNSPECIFIED.,
  .F.,.F.,(2,2),(1.267024652618,2.24070451412),
  .PIECEWISE_BEZIER_KNOTS.);
#10776 = CARTESIAN_POINT('',(1.,0.486839930751));
#10777 = CARTESIAN_POINT('',(1.,-0.486839930751));
#10778 = ( GEOMETRIC_REPRESENTATION_CONTEXT(2) 
PARAMETRIC_REPRESENTATION_CONTEXT() REPRESENTATION_CONTEXT('2D SPACE',''
  ) );
#10779 = ADVANCED_FACE('',(#10780),#10500,.T.);
#10780 = FACE_BOUND('',#10781,.T.);
#10781 = EDGE_LOOP('',(#10782,#10807,#10828,#10829,#10830,#10851,#10885,
    #10914));
#10782 = ORIENTED_EDGE('',*,*,#10783,.F.);
#10783 = EDGE_CURVE('',#10784,#10786,#10788,.T.);
#10784 = VERTEX_POINT('',#10785);
#10785 = CARTESIAN_POINT('',(-27.13896367248,-1.131568684046,
    -13.03637483428));
#10786 = VERTEX_POINT('',#10787);
#10787 = CARTESIAN_POINT('',(-27.13896367248,4.457195198717,
    -42.93362094693));
#10788 = SURFACE_CURVE('',#10789,(#10793,#10800),.PCURVE_S1.);
#10789 = LINE('',#10790,#10791);
#10790 = CARTESIAN_POINT('',(-27.13896367248,-1.131568684046,
    -13.03637483428));
#10791 = VECTOR('',#10792,1.);
#10792 = DIRECTION('',(0.,0.183749517817,-0.982973099684));
#10793 = PCURVE('',#10500,#10794);
#10794 = DEFINITIONAL_REPRESENTATION('',(#10795),#10799);
#10795 = LINE('',#10796,#10797);
#10796 = CARTESIAN_POINT('',(-4.440892098501E-16,14.707560676003));
#10797 = VECTOR('',#10798,1.);
#10798 = DIRECTION('',(1.,-1.387778780781E-17));
#10799 = ( GEOMETRIC_REPRESENTATION_CONTEXT(2) 
PARAMETRIC_REPRESENTATION_CONTEXT() REPRESENTATION_CONTEXT('2D SPACE',''
  ) );
#10800 = PCURVE('',#10559,#10801);
#10801 = DEFINITIONAL_REPRESENTATION('',(#10802),#10806);
#10802 = LINE('',#10803,#10804);
#10803 = CARTESIAN_POINT('',(-5.273559366969E-16,-0.88245364056));
#10804 = VECTOR('',#10805,1.);
#10805 = DIRECTION('',(1.,2.775557561563E-17));
#10806 = ( GEOMETRIC_REPRESENTATION_CONTEXT(2) 
PARAMETRIC_REPRESENTATION_CONTEXT() REPRESENTATION_CONTEXT('2D SPACE',''
  ) );
#10807 = ORIENTED_EDGE('',*,*,#10808,.F.);
#10808 = EDGE_CURVE('',#10457,#10784,#10809,.T.);
#10809 = SURFACE_CURVE('',#10810,(#10814,#10821),.PCURVE_S1.);
#10810 = LINE('',#10811,#10812);
#10811 = CARTESIAN_POINT('',(-40.46854044145,4.97828121607,
    -11.89424594648));
#10812 = VECTOR('',#10813,1.);
#10813 = DIRECTION('',(0.906307787037,-0.415422382726,
    -7.765590181533E-02));
#10814 = PCURVE('',#10500,#10815);
#10815 = DEFINITIONAL_REPRESENTATION('',(#10816),#10820);
#10816 = LINE('',#10817,#10818);
#10817 = CARTESIAN_POINT('',(0.,0.));
#10818 = VECTOR('',#10819,1.);
#10819 = DIRECTION('',(-1.387778780781E-17,1.));
#10820 = ( GEOMETRIC_REPRESENTATION_CONTEXT(2) 
PARAMETRIC_REPRESENTATION_CONTEXT() REPRESENTATION_CONTEXT('2D SPACE',''
  ) );
#10821 = PCURVE('',#10472,#10822);
#10822 = DEFINITIONAL_REPRESENTATION('',(#10823),#10827);
#10823 = LINE('',#10824,#10825);
#10824 = CARTESIAN_POINT('',(-2.610758831345E-15,0.88245364056));
#10825 = VECTOR('',#10826,1.);
#10826 = DIRECTION('',(1.,1.301042606983E-16));
#10827 = ( GEOMETRIC_REPRESENTATION_CONTEXT(2) 
PARAMETRIC_REPRESENTATION_CONTEXT() REPRESENTATION_CONTEXT('2D SPACE',''
  ) );
#10828 = ORIENTED_EDGE('',*,*,#10484,.T.);
#10829 = ORIENTED_EDGE('',*,*,#10736,.T.);
#10830 = ORIENTED_EDGE('',*,*,#10831,.T.);
#10831 = EDGE_CURVE('',#10737,#10832,#10834,.T.);
#10832 = VERTEX_POINT('',#10833);
#10833 = CARTESIAN_POINT('',(-33.61728154514,6.982195145799,
    -40.00092094474));
#10834 = SURFACE_CURVE('',#10835,(#10839,#10845),.PCURVE_S1.);
#10835 = LINE('',#10836,#10837);
#10836 = CARTESIAN_POINT('',(-33.61728154514,4.540391354528,
    -26.93842440027));
#10837 = VECTOR('',#10838,1.);
#10838 = DIRECTION('',(0.,-0.183749517817,0.982973099684));
#10839 = PCURVE('',#10500,#10840);
#10840 = DEFINITIONAL_REPRESENTATION('',(#10841),#10844);
#10841 = B_SPLINE_CURVE_WITH_KNOTS('',1,(#10842,#10843),.UNSPECIFIED.,
  .F.,.F.,(2,2),(-15.707560676,-13.207560676),.PIECEWISE_BEZIER_KNOTS.);
#10842 = CARTESIAN_POINT('',(30.415121352005,7.559527783281));
#10843 = CARTESIAN_POINT('',(27.915121352005,7.559527783281));
#10844 = ( GEOMETRIC_REPRESENTATION_CONTEXT(2) 
PARAMETRIC_REPRESENTATION_CONTEXT() REPRESENTATION_CONTEXT('2D SPACE',''
  ) );
#10845 = PCURVE('',#10631,#10846);
#10846 = DEFINITIONAL_REPRESENTATION('',(#10847),#10850);
#10847 = B_SPLINE_CURVE_WITH_KNOTS('',1,(#10848,#10849),.UNSPECIFIED.,
  .F.,.F.,(2,2),(-15.707560676,-13.207560676),.PIECEWISE_BEZIER_KNOTS.);
#10848 = CARTESIAN_POINT('',(1.,-0.486839930751));
#10849 = CARTESIAN_POINT('',(-1.5,-0.486839930751));
#10850 = ( GEOMETRIC_REPRESENTATION_CONTEXT(2) 
PARAMETRIC_REPRESENTATION_CONTEXT() REPRESENTATION_CONTEXT('2D SPACE',''
  ) );
#10851 = ORIENTED_EDGE('',*,*,#10852,.F.);
#10852 = EDGE_CURVE('',#10853,#10832,#10855,.T.);
#10853 = VERTEX_POINT('',#10854);
#10854 = CARTESIAN_POINT('',(-31.44455276506,6.246989443255,
    -41.58172858095));
#10855 = SURFACE_CURVE('',#10856,(#10861,#10868),.PCURVE_S1.);
#10856 = ELLIPSE('',#10857,3.549302374729,1.5);
#10857 = AXIS2_PLACEMENT_3D('',#10858,#10859,#10860);
#10858 = CARTESIAN_POINT('',(-34.66131314582,7.721449092781,
    -41.30610430422));
#10859 = DIRECTION('',(-0.422618261741,-0.890876174691,-0.166533618861)
  );
#10860 = DIRECTION('',(-0.906307787037,0.415422382726,7.765590181533E-02
    ));
#10861 = PCURVE('',#10500,#10862);
#10862 = DEFINITIONAL_REPRESENTATION('',(#10863),#10867);
#10863 = ELLIPSE('',#10864,3.549302374729,1.5);
#10864 = AXIS2_PLACEMENT_2D('',#10865,#10866);
#10865 = CARTESIAN_POINT('',(29.415121352005,6.407566368396));
#10866 = DIRECTION('',(-1.387778780781E-17,-1.));
#10867 = ( GEOMETRIC_REPRESENTATION_CONTEXT(2) 
PARAMETRIC_REPRESENTATION_CONTEXT() REPRESENTATION_CONTEXT('2D SPACE',''
  ) );
#10868 = PCURVE('',#10869,#10874);
#10869 = CYLINDRICAL_SURFACE('',#10870,1.5);
#10870 = AXIS2_PLACEMENT_3D('',#10871,#10872,#10873);
#10871 = CARTESIAN_POINT('',(-33.61728154514,7.721449092781,
    -41.30610430422));
#10872 = DIRECTION('',(-1.,0.,0.));
#10873 = DIRECTION('',(0.,-0.982973099684,-0.183749517817));
#10874 = DEFINITIONAL_REPRESENTATION('',(#10875),#10884);
#10875 = B_SPLINE_CURVE_WITH_KNOTS('',7,(#10876,#10877,#10878,#10879,
    #10880,#10881,#10882,#10883),.UNSPECIFIED.,.F.,.F.,(8,8),(
    3.14159265359,4.38184271806),.PIECEWISE_BEZIER_KNOTS.);
#10876 = CARTESIAN_POINT('',(-6.28318530718,-2.172728780088));
#10877 = CARTESIAN_POINT('',(-6.106006726541,-2.172728780088));
#10878 = CARTESIAN_POINT('',(-5.928828145902,-2.054916646473));
#10879 = CARTESIAN_POINT('',(-5.751649565264,-1.819297034842));
#10880 = CARTESIAN_POINT('',(-5.574470984625,-1.474912375583));
#10881 = CARTESIAN_POINT('',(-5.397292403986,-1.039936753646));
#10882 = CARTESIAN_POINT('',(-5.220113823348,-0.539086788624));
#10883 = CARTESIAN_POINT('',(-5.042935242709,5.999999999062E-07));
#10884 = ( GEOMETRIC_REPRESENTATION_CONTEXT(2) 
PARAMETRIC_REPRESENTATION_CONTEXT() REPRESENTATION_CONTEXT('2D SPACE',''
  ) );
#10885 = ORIENTED_EDGE('',*,*,#10886,.F.);
#10886 = EDGE_CURVE('',#10887,#10853,#10889,.T.);
#10887 = VERTEX_POINT('',#10888);
#10888 = CARTESIAN_POINT('',(-32.26368151958,6.806201275124,
    -42.49451561024));
#10889 = SURFACE_CURVE('',#10890,(#10895,#10902),.PCURVE_S1.);
#10890 = ELLIPSE('',#10891,3.549302374729,1.5);
#10891 = AXIS2_PLACEMENT_3D('',#10892,#10893,#10894);
#10892 = CARTESIAN_POINT('',(-34.66131314582,7.721449092781,
    -41.30610430422));
#10893 = DIRECTION('',(-0.422618261741,-0.890876174691,-0.166533618861)
  );
#10894 = DIRECTION('',(-0.906307787037,0.415422382726,7.765590181533E-02
    ));
#10895 = PCURVE('',#10500,#10896);
#10896 = DEFINITIONAL_REPRESENTATION('',(#10897),#10901);
#10897 = ELLIPSE('',#10898,3.549302374729,1.5);
#10898 = AXIS2_PLACEMENT_2D('',#10899,#10900);
#10899 = CARTESIAN_POINT('',(29.415121352005,6.407566368396));
#10900 = DIRECTION('',(-1.387778780781E-17,-1.));
#10901 = ( GEOMETRIC_REPRESENTATION_CONTEXT(2) 
PARAMETRIC_REPRESENTATION_CONTEXT() REPRESENTATION_CONTEXT('2D SPACE',''
  ) );
#10902 = PCURVE('',#10659,#10903);
#10903 = DEFINITIONAL_REPRESENTATION('',(#10904),#10913);
#10904 = B_SPLINE_CURVE_WITH_KNOTS('',7,(#10905,#10906,#10907,#10908,
    #10909,#10910,#10911,#10912),.UNSPECIFIED.,.F.,.F.,(8,8),(
    1.901342589119,3.14159265359),.PIECEWISE_BEZIER_KNOTS.);
#10905 = CARTESIAN_POINT('',(-1.240250064471,5.999999999062E-07));
#10906 = CARTESIAN_POINT('',(-1.063071483832,-0.539086788624));
#10907 = CARTESIAN_POINT('',(-0.885892903193,-1.039936753646));
#10908 = CARTESIAN_POINT('',(-0.708714322554,-1.474912375583));
#10909 = CARTESIAN_POINT('',(-0.531535741916,-1.819297034843));
#10910 = CARTESIAN_POINT('',(-0.354357161277,-2.054916646473));
#10911 = CARTESIAN_POINT('',(-0.177178580639,-2.172728780088));
#10912 = CARTESIAN_POINT('',(-4.736951571734E-15,-2.172728780088));
#10913 = ( GEOMETRIC_REPRESENTATION_CONTEXT(2) 
PARAMETRIC_REPRESENTATION_CONTEXT() REPRESENTATION_CONTEXT('2D SPACE',''
  ) );
#10914 = ORIENTED_EDGE('',*,*,#10915,.T.);
#10915 = EDGE_CURVE('',#10887,#10786,#10916,.T.);
#10916 = SURFACE_CURVE('',#10917,(#10921,#10928),.PCURVE_S1.);
#10917 = LINE('',#10918,#10919);
#10918 = CARTESIAN_POINT('',(-40.46854044145,10.567045098834,
    -41.79149205913));
#10919 = VECTOR('',#10920,1.);
#10920 = DIRECTION('',(0.906307787037,-0.415422382726,
    -7.765590181533E-02));
#10921 = PCURVE('',#10500,#10922);
#10922 = DEFINITIONAL_REPRESENTATION('',(#10923),#10927);
#10923 = LINE('',#10924,#10925);
#10924 = CARTESIAN_POINT('',(30.415121352005,0.));
#10925 = VECTOR('',#10926,1.);
#10926 = DIRECTION('',(-1.387778780781E-17,1.));
#10927 = ( GEOMETRIC_REPRESENTATION_CONTEXT(2) 
PARAMETRIC_REPRESENTATION_CONTEXT() REPRESENTATION_CONTEXT('2D SPACE',''
  ) );
#10928 = PCURVE('',#10721,#10929);
#10929 = DEFINITIONAL_REPRESENTATION('',(#10930),#10934);
#10930 = LINE('',#10931,#10932);
#10931 = CARTESIAN_POINT('',(-1.972380592186E-15,0.88245364056));
#10932 = VECTOR('',#10933,1.);
#10933 = DIRECTION('',(1.,1.301042606983E-16));
#10934 = ( GEOMETRIC_REPRESENTATION_CONTEXT(2) 
PARAMETRIC_REPRESENTATION_CONTEXT() REPRESENTATION_CONTEXT('2D SPACE',''
  ) );
#10935 = ADVANCED_FACE('',(#10936),#10472,.F.);
#10936 = FACE_BOUND('',#10937,.F.);
#10937 = EDGE_LOOP('',(#10938,#10939,#10940,#10961));
#10938 = ORIENTED_EDGE('',*,*,#10456,.F.);
#10939 = ORIENTED_EDGE('',*,*,#10571,.T.);
#10940 = ORIENTED_EDGE('',*,*,#10941,.T.);
#10941 = EDGE_CURVE('',#10542,#10784,#10942,.T.);
#10942 = SURFACE_CURVE('',#10943,(#10947,#10954),.PCURVE_S1.);
#10943 = LINE('',#10944,#10945);
#10944 = CARTESIAN_POINT('',(-26.76602264884,-0.345411760402,
    -12.88941663604));
#10945 = VECTOR('',#10946,1.);
#10946 = DIRECTION('',(-0.422618261741,-0.890876174691,-0.166533618861)
  );
#10947 = PCURVE('',#10472,#10948);
#10948 = DEFINITIONAL_REPRESENTATION('',(#10949),#10953);
#10949 = LINE('',#10950,#10951);
#10950 = CARTESIAN_POINT('',(14.707560676003,6.106226635438E-16));
#10951 = VECTOR('',#10952,1.);
#10952 = DIRECTION('',(1.301042606983E-16,1.));
#10953 = ( GEOMETRIC_REPRESENTATION_CONTEXT(2) 
PARAMETRIC_REPRESENTATION_CONTEXT() REPRESENTATION_CONTEXT('2D SPACE',''
  ) );
#10954 = PCURVE('',#10559,#10955);
#10955 = DEFINITIONAL_REPRESENTATION('',(#10956),#10960);
#10956 = LINE('',#10957,#10958);
#10957 = CARTESIAN_POINT('',(0.,0.));
#10958 = VECTOR('',#10959,1.);
#10959 = DIRECTION('',(-2.775557561563E-17,-1.));
#10960 = ( GEOMETRIC_REPRESENTATION_CONTEXT(2) 
PARAMETRIC_REPRESENTATION_CONTEXT() REPRESENTATION_CONTEXT('2D SPACE',''
  ) );
#10961 = ORIENTED_EDGE('',*,*,#10808,.F.);
#10962 = ADVANCED_FACE('',(#10963),#10559,.T.);
#10963 = FACE_BOUND('',#10964,.T.);
#10964 = EDGE_LOOP('',(#10965,#10966,#10967,#10968));
#10965 = ORIENTED_EDGE('',*,*,#10541,.F.);
#10966 = ORIENTED_EDGE('',*,*,#10941,.T.);
#10967 = ORIENTED_EDGE('',*,*,#10783,.T.);
#10968 = ORIENTED_EDGE('',*,*,#10969,.F.);
#10969 = EDGE_CURVE('',#10544,#10786,#10970,.T.);
#10970 = SURFACE_CURVE('',#10971,(#10975,#10982),.PCURVE_S1.);
#10971 = LINE('',#10972,#10973);
#10972 = CARTESIAN_POINT('',(-26.76602264884,5.243352122362,
    -42.78666274869));
#10973 = VECTOR('',#10974,1.);
#10974 = DIRECTION('',(-0.422618261741,-0.890876174691,-0.166533618861)
  );
#10975 = PCURVE('',#10559,#10976);
#10976 = DEFINITIONAL_REPRESENTATION('',(#10977),#10981);
#10977 = LINE('',#10978,#10979);
#10978 = CARTESIAN_POINT('',(30.415121352005,0.));
#10979 = VECTOR('',#10980,1.);
#10980 = DIRECTION('',(-2.775557561563E-17,-1.));
#10981 = ( GEOMETRIC_REPRESENTATION_CONTEXT(2) 
PARAMETRIC_REPRESENTATION_CONTEXT() REPRESENTATION_CONTEXT('2D SPACE',''
  ) );
#10982 = PCURVE('',#10721,#10983);
#10983 = DEFINITIONAL_REPRESENTATION('',(#10984),#10988);
#10984 = LINE('',#10985,#10986);
#10985 = CARTESIAN_POINT('',(14.707560676003,1.804112415016E-15));
#10986 = VECTOR('',#10987,1.);
#10987 = DIRECTION('',(1.301042606983E-16,1.));
#10988 = ( GEOMETRIC_REPRESENTATION_CONTEXT(2) 
PARAMETRIC_REPRESENTATION_CONTEXT() REPRESENTATION_CONTEXT('2D SPACE',''
  ) );
#10989 = ADVANCED_FACE('',(#10990),#10721,.T.);
#10990 = FACE_BOUND('',#10991,.T.);
#10991 = EDGE_LOOP('',(#10992,#10993,#11012,#11013));
#10992 = ORIENTED_EDGE('',*,*,#10915,.F.);
#10993 = ORIENTED_EDGE('',*,*,#10994,.F.);
#10994 = EDGE_CURVE('',#10678,#10887,#10995,.T.);
#10995 = SURFACE_CURVE('',#10996,(#11000,#11006),.PCURVE_S1.);
#10996 = LINE('',#10997,#10998);
#10997 = CARTESIAN_POINT('',(-33.61728154514,6.806201275124,
    -42.49451561024));
#10998 = VECTOR('',#10999,1.);
#10999 = DIRECTION('',(-1.,0.,0.));
#11000 = PCURVE('',#10721,#11001);
#11001 = DEFINITIONAL_REPRESENTATION('',(#11002),#11005);
#11002 = B_SPLINE_CURVE_WITH_KNOTS('',1,(#11003,#11004),.UNSPECIFIED.,
  .F.,.F.,(2,2),(-3.65046954705,-1.144793705428),
  .PIECEWISE_BEZIER_KNOTS.);
#11003 = CARTESIAN_POINT('',(11.134730895726,-8.824536405598E-02));
#11004 = CARTESIAN_POINT('',(8.863817368674,0.970699004616));
#11005 = ( GEOMETRIC_REPRESENTATION_CONTEXT(2) 
PARAMETRIC_REPRESENTATION_CONTEXT() REPRESENTATION_CONTEXT('2D SPACE',''
  ) );
#11006 = PCURVE('',#10659,#11007);
#11007 = DEFINITIONAL_REPRESENTATION('',(#11008),#11011);
#11008 = B_SPLINE_CURVE_WITH_KNOTS('',1,(#11009,#11010),.UNSPECIFIED.,
  .F.,.F.,(2,2),(-3.65046954705,-1.144793705428),
  .PIECEWISE_BEZIER_KNOTS.);
#11009 = CARTESIAN_POINT('',(-0.729727656227,-3.65046954705));
#11010 = CARTESIAN_POINT('',(-0.729727656227,-1.144793705428));
#11011 = ( GEOMETRIC_REPRESENTATION_CONTEXT(2) 
PARAMETRIC_REPRESENTATION_CONTEXT() REPRESENTATION_CONTEXT('2D SPACE',''
  ) );
#11012 = ORIENTED_EDGE('',*,*,#10707,.T.);
#11013 = ORIENTED_EDGE('',*,*,#10969,.T.);
#11014 = ADVANCED_FACE('',(#11015),#10659,.T.);
#11015 = FACE_BOUND('',#11016,.F.);
#11016 = EDGE_LOOP('',(#11017,#11041,#11062,#11063,#11064,#11065,#11088,
    #11115,#11116));
#11017 = ORIENTED_EDGE('',*,*,#11018,.F.);
#11018 = EDGE_CURVE('',#11019,#10617,#11021,.T.);
#11019 = VERTEX_POINT('',#11020);
#11020 = CARTESIAN_POINT('',(-33.61728154514,6.246989443255,
    -41.58172858095));
#11021 = SURFACE_CURVE('',#11022,(#11027,#11034),.PCURVE_S1.);
#11022 = CIRCLE('',#11023,1.5);
#11023 = AXIS2_PLACEMENT_3D('',#11024,#11025,#11026);
#11024 = CARTESIAN_POINT('',(-33.61728154514,7.721449092781,
    -41.30610430422));
#11025 = DIRECTION('',(1.,0.,0.));
#11026 = DIRECTION('',(0.,-0.982973099684,-0.183749517817));
#11027 = PCURVE('',#10659,#11028);
#11028 = DEFINITIONAL_REPRESENTATION('',(#11029),#11033);
#11029 = LINE('',#11030,#11031);
#11030 = CARTESIAN_POINT('',(-0.,0.));
#11031 = VECTOR('',#11032,1.);
#11032 = DIRECTION('',(-1.,0.));
#11033 = ( GEOMETRIC_REPRESENTATION_CONTEXT(2) 
PARAMETRIC_REPRESENTATION_CONTEXT() REPRESENTATION_CONTEXT('2D SPACE',''
  ) );
#11034 = PCURVE('',#10631,#11035);
#11035 = DEFINITIONAL_REPRESENTATION('',(#11036),#11040);
#11036 = CIRCLE('',#11037,1.5);
#11037 = AXIS2_PLACEMENT_2D('',#11038,#11039);
#11038 = CARTESIAN_POINT('',(0.,0.));
#11039 = DIRECTION('',(0.,-1.));
#11040 = ( GEOMETRIC_REPRESENTATION_CONTEXT(2) 
PARAMETRIC_REPRESENTATION_CONTEXT() REPRESENTATION_CONTEXT('2D SPACE',''
  ) );
#11041 = ORIENTED_EDGE('',*,*,#11042,.T.);
#11042 = EDGE_CURVE('',#11019,#10853,#11043,.T.);
#11043 = SURFACE_CURVE('',#11044,(#11048,#11055),.PCURVE_S1.);
#11044 = LINE('',#11045,#11046);
#11045 = CARTESIAN_POINT('',(-33.61728154514,6.246989443255,
    -41.58172858095));
#11046 = VECTOR('',#11047,1.);
#11047 = DIRECTION('',(1.,0.,0.));
#11048 = PCURVE('',#10659,#11049);
#11049 = DEFINITIONAL_REPRESENTATION('',(#11050),#11054);
#11050 = LINE('',#11051,#11052);
#11051 = CARTESIAN_POINT('',(-0.,0.));
#11052 = VECTOR('',#11053,1.);
#11053 = DIRECTION('',(-0.,-1.));
#11054 = ( GEOMETRIC_REPRESENTATION_CONTEXT(2) 
PARAMETRIC_REPRESENTATION_CONTEXT() REPRESENTATION_CONTEXT('2D SPACE',''
  ) );
#11055 = PCURVE('',#10869,#11056);
#11056 = DEFINITIONAL_REPRESENTATION('',(#11057),#11061);
#11057 = LINE('',#11058,#11059);
#11058 = CARTESIAN_POINT('',(-6.28318530718,0.));
#11059 = VECTOR('',#11060,1.);
#11060 = DIRECTION('',(-0.,-1.));
#11061 = ( GEOMETRIC_REPRESENTATION_CONTEXT(2) 
PARAMETRIC_REPRESENTATION_CONTEXT() REPRESENTATION_CONTEXT('2D SPACE',''
  ) );
#11062 = ORIENTED_EDGE('',*,*,#10886,.F.);
#11063 = ORIENTED_EDGE('',*,*,#10994,.F.);
#11064 = ORIENTED_EDGE('',*,*,#10677,.T.);
#11065 = ORIENTED_EDGE('',*,*,#11066,.T.);
#11066 = EDGE_CURVE('',#10643,#11067,#11069,.T.);
#11067 = VERTEX_POINT('',#11068);
#11068 = CARTESIAN_POINT('',(-23.61728154514,6.246989443255,
    -41.58172858095));
#11069 = SEAM_CURVE('',#11070,(#11074,#11081),.PCURVE_S1.);
#11070 = LINE('',#11071,#11072);
#11071 = CARTESIAN_POINT('',(-33.61728154514,6.246989443255,
    -41.58172858095));
#11072 = VECTOR('',#11073,1.);
#11073 = DIRECTION('',(1.,0.,0.));
#11074 = PCURVE('',#10659,#11075);
#11075 = DEFINITIONAL_REPRESENTATION('',(#11076),#11080);
#11076 = LINE('',#11077,#11078);
#11077 = CARTESIAN_POINT('',(-0.,0.));
#11078 = VECTOR('',#11079,1.);
#11079 = DIRECTION('',(-0.,-1.));
#11080 = ( GEOMETRIC_REPRESENTATION_CONTEXT(2) 
PARAMETRIC_REPRESENTATION_CONTEXT() REPRESENTATION_CONTEXT('2D SPACE',''
  ) );
#11081 = PCURVE('',#10659,#11082);
#11082 = DEFINITIONAL_REPRESENTATION('',(#11083),#11087);
#11083 = LINE('',#11084,#11085);
#11084 = CARTESIAN_POINT('',(-6.28318530718,0.));
#11085 = VECTOR('',#11086,1.);
#11086 = DIRECTION('',(-0.,-1.));
#11087 = ( GEOMETRIC_REPRESENTATION_CONTEXT(2) 
PARAMETRIC_REPRESENTATION_CONTEXT() REPRESENTATION_CONTEXT('2D SPACE',''
  ) );
#11088 = ORIENTED_EDGE('',*,*,#11089,.T.);
#11089 = EDGE_CURVE('',#11067,#11067,#11090,.T.);
#11090 = SURFACE_CURVE('',#11091,(#11096,#11103),.PCURVE_S1.);
#11091 = CIRCLE('',#11092,1.5);
#11092 = AXIS2_PLACEMENT_3D('',#11093,#11094,#11095);
#11093 = CARTESIAN_POINT('',(-23.61728154514,7.721449092781,
    -41.30610430422));
#11094 = DIRECTION('',(1.,0.,0.));
#11095 = DIRECTION('',(0.,-0.982973099684,-0.183749517817));
#11096 = PCURVE('',#10659,#11097);
#11097 = DEFINITIONAL_REPRESENTATION('',(#11098),#11102);
#11098 = LINE('',#11099,#11100);
#11099 = CARTESIAN_POINT('',(-0.,-10.));
#11100 = VECTOR('',#11101,1.);
#11101 = DIRECTION('',(-1.,0.));
#11102 = ( GEOMETRIC_REPRESENTATION_CONTEXT(2) 
PARAMETRIC_REPRESENTATION_CONTEXT() REPRESENTATION_CONTEXT('2D SPACE',''
  ) );
#11103 = PCURVE('',#11104,#11109);
#11104 = PLANE('',#11105);
#11105 = AXIS2_PLACEMENT_3D('',#11106,#11107,#11108);
#11106 = CARTESIAN_POINT('',(-23.61728154514,7.721449092781,
    -41.30610430422));
#11107 = DIRECTION('',(1.,0.,0.));
#11108 = DIRECTION('',(0.,0.183749517817,-0.982973099684));
#11109 = DEFINITIONAL_REPRESENTATION('',(#11110),#11114);
#11110 = CIRCLE('',#11111,1.5);
#11111 = AXIS2_PLACEMENT_2D('',#11112,#11113);
#11112 = CARTESIAN_POINT('',(0.,0.));
#11113 = DIRECTION('',(0.,-1.));
#11114 = ( GEOMETRIC_REPRESENTATION_CONTEXT(2) 
PARAMETRIC_REPRESENTATION_CONTEXT() REPRESENTATION_CONTEXT('2D SPACE',''
  ) );
#11115 = ORIENTED_EDGE('',*,*,#11066,.F.);
#11116 = ORIENTED_EDGE('',*,*,#10642,.T.);
#11117 = ADVANCED_FACE('',(#11118),#10631,.F.);
#11118 = FACE_BOUND('',#11119,.F.);
#11119 = EDGE_LOOP('',(#11120,#11142,#11143,#11144,#11145));
#11120 = ORIENTED_EDGE('',*,*,#11121,.T.);
#11121 = EDGE_CURVE('',#10832,#11019,#11122,.T.);
#11122 = SURFACE_CURVE('',#11123,(#11128,#11135),.PCURVE_S1.);
#11123 = CIRCLE('',#11124,1.5);
#11124 = AXIS2_PLACEMENT_3D('',#11125,#11126,#11127);
#11125 = CARTESIAN_POINT('',(-33.61728154514,7.721449092781,
    -41.30610430422));
#11126 = DIRECTION('',(1.,0.,0.));
#11127 = DIRECTION('',(0.,-0.982973099684,-0.183749517817));
#11128 = PCURVE('',#10631,#11129);
#11129 = DEFINITIONAL_REPRESENTATION('',(#11130),#11134);
#11130 = CIRCLE('',#11131,1.5);
#11131 = AXIS2_PLACEMENT_2D('',#11132,#11133);
#11132 = CARTESIAN_POINT('',(0.,0.));
#11133 = DIRECTION('',(0.,-1.));
#11134 = ( GEOMETRIC_REPRESENTATION_CONTEXT(2) 
PARAMETRIC_REPRESENTATION_CONTEXT() REPRESENTATION_CONTEXT('2D SPACE',''
  ) );
#11135 = PCURVE('',#10869,#11136);
#11136 = DEFINITIONAL_REPRESENTATION('',(#11137),#11141);
#11137 = LINE('',#11138,#11139);
#11138 = CARTESIAN_POINT('',(-0.,0.));
#11139 = VECTOR('',#11140,1.);
#11140 = DIRECTION('',(-1.,0.));
#11141 = ( GEOMETRIC_REPRESENTATION_CONTEXT(2) 
PARAMETRIC_REPRESENTATION_CONTEXT() REPRESENTATION_CONTEXT('2D SPACE',''
  ) );
#11142 = ORIENTED_EDGE('',*,*,#11018,.T.);
#11143 = ORIENTED_EDGE('',*,*,#10616,.F.);
#11144 = ORIENTED_EDGE('',*,*,#10761,.T.);
#11145 = ORIENTED_EDGE('',*,*,#10831,.T.);
#11146 = ADVANCED_FACE('',(#11147),#10869,.T.);
#11147 = FACE_BOUND('',#11148,.F.);
#11148 = EDGE_LOOP('',(#11149,#11150,#11151));
#11149 = ORIENTED_EDGE('',*,*,#11121,.F.);
#11150 = ORIENTED_EDGE('',*,*,#10852,.F.);
#11151 = ORIENTED_EDGE('',*,*,#11042,.F.);
#11152 = ADVANCED_FACE('',(#11153),#11104,.T.);
#11153 = FACE_BOUND('',#11154,.T.);
#11154 = EDGE_LOOP('',(#11155));
#11155 = ORIENTED_EDGE('',*,*,#11089,.T.);
#11156 = MANIFOLD_SOLID_BREP('',#11157);
#11157 = CLOSED_SHELL('',(#11158,#11278,#11473,#11520,#11676,#11703,
    #11730,#11755,#11858,#11887,#11893));
#11158 = ADVANCED_FACE('',(#11159),#11173,.F.);
#11159 = FACE_BOUND('',#11160,.F.);
#11160 = EDGE_LOOP('',(#11161,#11196,#11224,#11252));
#11161 = ORIENTED_EDGE('',*,*,#11162,.F.);
#11162 = EDGE_CURVE('',#11163,#11165,#11167,.T.);
#11163 = VERTEX_POINT('',#11164);
#11164 = CARTESIAN_POINT('',(-40.09559941781,9.618788282761,
    -8.871664357841));
#11165 = VERTEX_POINT('',#11166);
#11166 = CARTESIAN_POINT('',(-40.09559941781,25.630286400274,
    -34.73112171661));
#11167 = SURFACE_CURVE('',#11168,(#11172,#11184),.PCURVE_S1.);
#11168 = LINE('',#11169,#11170);
#11169 = CARTESIAN_POINT('',(-40.09559941781,9.618788282761,
    -8.871664357841));
#11170 = VECTOR('',#11171,1.);
#11171 = DIRECTION('',(0.,0.526432162877,-0.85021713573));
#11172 = PCURVE('',#11173,#11178);
#11173 = PLANE('',#11174);
#11174 = AXIS2_PLACEMENT_3D('',#11175,#11176,#11177);
#11175 = CARTESIAN_POINT('',(-40.09559941781,9.618788282761,
    -8.871664357841));
#11176 = DIRECTION('',(0.906307787037,-0.359317288004,-0.2224798456));
#11177 = DIRECTION('',(0.,0.526432162877,-0.85021713573));
#11178 = DEFINITIONAL_REPRESENTATION('',(#11179),#11183);
#11179 = LINE('',#11180,#11181);
#11180 = CARTESIAN_POINT('',(0.,0.));
#11181 = VECTOR('',#11182,1.);
#11182 = DIRECTION('',(1.,0.));
#11183 = ( GEOMETRIC_REPRESENTATION_CONTEXT(2) 
PARAMETRIC_REPRESENTATION_CONTEXT() REPRESENTATION_CONTEXT('2D SPACE',''
  ) );
#11184 = PCURVE('',#11185,#11190);
#11185 = PLANE('',#11186);
#11186 = AXIS2_PLACEMENT_3D('',#11187,#11188,#11189);
#11187 = CARTESIAN_POINT('',(-40.09559941781,9.618788282761,
    -8.871664357841));
#11188 = DIRECTION('',(-0.422618261741,-0.770558410784,-0.477109568562)
  );
#11189 = DIRECTION('',(0.,0.526432162877,-0.85021713573));
#11190 = DEFINITIONAL_REPRESENTATION('',(#11191),#11195);
#11191 = LINE('',#11192,#11193);
#11192 = CARTESIAN_POINT('',(0.,0.));
#11193 = VECTOR('',#11194,1.);
#11194 = DIRECTION('',(1.,0.));
#11195 = ( GEOMETRIC_REPRESENTATION_CONTEXT(2) 
PARAMETRIC_REPRESENTATION_CONTEXT() REPRESENTATION_CONTEXT('2D SPACE',''
  ) );
#11196 = ORIENTED_EDGE('',*,*,#11197,.T.);
#11197 = EDGE_CURVE('',#11163,#11198,#11200,.T.);
#11198 = VERTEX_POINT('',#11199);
#11199 = CARTESIAN_POINT('',(-40.46854044145,8.9388062079,
    -9.292691433565));
#11200 = SURFACE_CURVE('',#11201,(#11205,#11212),.PCURVE_S1.);
#11201 = LINE('',#11202,#11203);
#11202 = CARTESIAN_POINT('',(-40.09559941781,9.618788282761,
    -8.871664357841));
#11203 = VECTOR('',#11204,1.);
#11204 = DIRECTION('',(-0.422618261741,-0.770558410784,-0.477109568562)
  );
#11205 = PCURVE('',#11173,#11206);
#11206 = DEFINITIONAL_REPRESENTATION('',(#11207),#11211);
#11207 = LINE('',#11208,#11209);
#11208 = CARTESIAN_POINT('',(0.,0.));
#11209 = VECTOR('',#11210,1.);
#11210 = DIRECTION('',(0.,-1.));
#11211 = ( GEOMETRIC_REPRESENTATION_CONTEXT(2) 
PARAMETRIC_REPRESENTATION_CONTEXT() REPRESENTATION_CONTEXT('2D SPACE',''
  ) );
#11212 = PCURVE('',#11213,#11218);
#11213 = PLANE('',#11214);
#11214 = AXIS2_PLACEMENT_3D('',#11215,#11216,#11217);
#11215 = CARTESIAN_POINT('',(-40.09559941781,9.618788282761,
    -8.871664357841));
#11216 = DIRECTION('',(0.,0.526432162877,-0.85021713573));
#11217 = DIRECTION('',(0.906307787037,-0.359317288004,-0.2224798456));
#11218 = DEFINITIONAL_REPRESENTATION('',(#11219),#11223);
#11219 = LINE('',#11220,#11221);
#11220 = CARTESIAN_POINT('',(0.,-0.));
#11221 = VECTOR('',#11222,1.);
#11222 = DIRECTION('',(8.326672684689E-17,1.));
#11223 = ( GEOMETRIC_REPRESENTATION_CONTEXT(2) 
PARAMETRIC_REPRESENTATION_CONTEXT() REPRESENTATION_CONTEXT('2D SPACE',''
  ) );
#11224 = ORIENTED_EDGE('',*,*,#11225,.T.);
#11225 = EDGE_CURVE('',#11198,#11226,#11228,.T.);
#11226 = VERTEX_POINT('',#11227);
#11227 = CARTESIAN_POINT('',(-40.46854044145,24.950304325414,
    -35.15214879233));
#11228 = SURFACE_CURVE('',#11229,(#11233,#11240),.PCURVE_S1.);
#11229 = LINE('',#11230,#11231);
#11230 = CARTESIAN_POINT('',(-40.46854044145,8.9388062079,
    -9.292691433565));
#11231 = VECTOR('',#11232,1.);
#11232 = DIRECTION('',(0.,0.526432162877,-0.85021713573));
#11233 = PCURVE('',#11173,#11234);
#11234 = DEFINITIONAL_REPRESENTATION('',(#11235),#11239);
#11235 = LINE('',#11236,#11237);
#11236 = CARTESIAN_POINT('',(2.775557561563E-16,-0.88245364056));
#11237 = VECTOR('',#11238,1.);
#11238 = DIRECTION('',(1.,0.));
#11239 = ( GEOMETRIC_REPRESENTATION_CONTEXT(2) 
PARAMETRIC_REPRESENTATION_CONTEXT() REPRESENTATION_CONTEXT('2D SPACE',''
  ) );
#11240 = PCURVE('',#11241,#11246);
#11241 = PLANE('',#11242);
#11242 = AXIS2_PLACEMENT_3D('',#11243,#11244,#11245);
#11243 = CARTESIAN_POINT('',(-40.46854044145,8.9388062079,
    -9.292691433565));
#11244 = DIRECTION('',(-0.422618261741,-0.770558410784,-0.477109568562)
  );
#11245 = DIRECTION('',(0.,0.526432162877,-0.85021713573));
#11246 = DEFINITIONAL_REPRESENTATION('',(#11247),#11251);
#11247 = LINE('',#11248,#11249);
#11248 = CARTESIAN_POINT('',(0.,0.));
#11249 = VECTOR('',#11250,1.);
#11250 = DIRECTION('',(1.,0.));
#11251 = ( GEOMETRIC_REPRESENTATION_CONTEXT(2) 
PARAMETRIC_REPRESENTATION_CONTEXT() REPRESENTATION_CONTEXT('2D SPACE',''
  ) );
#11252 = ORIENTED_EDGE('',*,*,#11253,.F.);
#11253 = EDGE_CURVE('',#11165,#11226,#11254,.T.);
#11254 = SURFACE_CURVE('',#11255,(#11259,#11266),.PCURVE_S1.);
#11255 = LINE('',#11256,#11257);
#11256 = CARTESIAN_POINT('',(-40.09559941781,25.630286400274,
    -34.73112171661));
#11257 = VECTOR('',#11258,1.);
#11258 = DIRECTION('',(-0.422618261741,-0.770558410784,-0.477109568562)
  );
#11259 = PCURVE('',#11173,#11260);
#11260 = DEFINITIONAL_REPRESENTATION('',(#11261),#11265);
#11261 = LINE('',#11262,#11263);
#11262 = CARTESIAN_POINT('',(30.415121352005,1.7763568394E-15));
#11263 = VECTOR('',#11264,1.);
#11264 = DIRECTION('',(0.,-1.));
#11265 = ( GEOMETRIC_REPRESENTATION_CONTEXT(2) 
PARAMETRIC_REPRESENTATION_CONTEXT() REPRESENTATION_CONTEXT('2D SPACE',''
  ) );
#11266 = PCURVE('',#11267,#11272);
#11267 = PLANE('',#11268);
#11268 = AXIS2_PLACEMENT_3D('',#11269,#11270,#11271);
#11269 = CARTESIAN_POINT('',(-40.09559941781,25.630286400274,
    -34.73112171661));
#11270 = DIRECTION('',(0.,0.526432162877,-0.85021713573));
#11271 = DIRECTION('',(0.906307787037,-0.359317288004,-0.2224798456));
#11272 = DEFINITIONAL_REPRESENTATION('',(#11273),#11277);
#11273 = LINE('',#11274,#11275);
#11274 = CARTESIAN_POINT('',(0.,-0.));
#11275 = VECTOR('',#11276,1.);
#11276 = DIRECTION('',(8.326672684689E-17,1.));
#11277 = ( GEOMETRIC_REPRESENTATION_CONTEXT(2) 
PARAMETRIC_REPRESENTATION_CONTEXT() REPRESENTATION_CONTEXT('2D SPACE',''
  ) );
#11278 = ADVANCED_FACE('',(#11279),#11185,.F.);
#11279 = FACE_BOUND('',#11280,.F.);
#11280 = EDGE_LOOP('',(#11281,#11311,#11332,#11333,#11356,#11382,#11417,
    #11447));
#11281 = ORIENTED_EDGE('',*,*,#11282,.F.);
#11282 = EDGE_CURVE('',#11283,#11285,#11287,.T.);
#11283 = VERTEX_POINT('',#11284);
#11284 = CARTESIAN_POINT('',(-26.76602264884,4.334107467502,
    -12.14380018618));
#11285 = VERTEX_POINT('',#11286);
#11286 = CARTESIAN_POINT('',(-26.76602264884,20.345605585015,
    -38.00325754495));
#11287 = SURFACE_CURVE('',#11288,(#11292,#11299),.PCURVE_S1.);
#11288 = LINE('',#11289,#11290);
#11289 = CARTESIAN_POINT('',(-26.76602264884,4.334107467502,
    -12.14380018618));
#11290 = VECTOR('',#11291,1.);
#11291 = DIRECTION('',(0.,0.526432162877,-0.85021713573));
#11292 = PCURVE('',#11185,#11293);
#11293 = DEFINITIONAL_REPRESENTATION('',(#11294),#11298);
#11294 = LINE('',#11295,#11296);
#11295 = CARTESIAN_POINT('',(-4.440892098501E-16,14.707560676003));
#11296 = VECTOR('',#11297,1.);
#11297 = DIRECTION('',(1.,0.));
#11298 = ( GEOMETRIC_REPRESENTATION_CONTEXT(2) 
PARAMETRIC_REPRESENTATION_CONTEXT() REPRESENTATION_CONTEXT('2D SPACE',''
  ) );
#11299 = PCURVE('',#11300,#11305);
#11300 = PLANE('',#11301);
#11301 = AXIS2_PLACEMENT_3D('',#11302,#11303,#11304);
#11302 = CARTESIAN_POINT('',(-26.76602264884,4.334107467502,
    -12.14380018618));
#11303 = DIRECTION('',(0.906307787037,-0.359317288004,-0.2224798456));
#11304 = DIRECTION('',(0.,0.526432162877,-0.85021713573));
#11305 = DEFINITIONAL_REPRESENTATION('',(#11306),#11310);
#11306 = LINE('',#11307,#11308);
#11307 = CARTESIAN_POINT('',(0.,0.));
#11308 = VECTOR('',#11309,1.);
#11309 = DIRECTION('',(1.,0.));
#11310 = ( GEOMETRIC_REPRESENTATION_CONTEXT(2) 
PARAMETRIC_REPRESENTATION_CONTEXT() REPRESENTATION_CONTEXT('2D SPACE',''
  ) );
#11311 = ORIENTED_EDGE('',*,*,#11312,.F.);
#11312 = EDGE_CURVE('',#11163,#11283,#11313,.T.);
#11313 = SURFACE_CURVE('',#11314,(#11318,#11325),.PCURVE_S1.);
#11314 = LINE('',#11315,#11316);
#11315 = CARTESIAN_POINT('',(-40.09559941781,9.618788282761,
    -8.871664357841));
#11316 = VECTOR('',#11317,1.);
#11317 = DIRECTION('',(0.906307787037,-0.359317288004,-0.2224798456));
#11318 = PCURVE('',#11185,#11319);
#11319 = DEFINITIONAL_REPRESENTATION('',(#11320),#11324);
#11320 = LINE('',#11321,#11322);
#11321 = CARTESIAN_POINT('',(0.,0.));
#11322 = VECTOR('',#11323,1.);
#11323 = DIRECTION('',(0.,1.));
#11324 = ( GEOMETRIC_REPRESENTATION_CONTEXT(2) 
PARAMETRIC_REPRESENTATION_CONTEXT() REPRESENTATION_CONTEXT('2D SPACE',''
  ) );
#11325 = PCURVE('',#11213,#11326);
#11326 = DEFINITIONAL_REPRESENTATION('',(#11327),#11331);
#11327 = LINE('',#11328,#11329);
#11328 = CARTESIAN_POINT('',(0.,-0.));
#11329 = VECTOR('',#11330,1.);
#11330 = DIRECTION('',(1.,8.326672684689E-17));
#11331 = ( GEOMETRIC_REPRESENTATION_CONTEXT(2) 
PARAMETRIC_REPRESENTATION_CONTEXT() REPRESENTATION_CONTEXT('2D SPACE',''
  ) );
#11332 = ORIENTED_EDGE('',*,*,#11162,.T.);
#11333 = ORIENTED_EDGE('',*,*,#11334,.T.);
#11334 = EDGE_CURVE('',#11165,#11335,#11337,.T.);
#11335 = VERTEX_POINT('',#11336);
#11336 = CARTESIAN_POINT('',(-33.61728154514,23.061874606696,
    -36.32141497092));
#11337 = SURFACE_CURVE('',#11338,(#11342,#11349),.PCURVE_S1.);
#11338 = LINE('',#11339,#11340);
#11339 = CARTESIAN_POINT('',(-40.09559941781,25.630286400274,
    -34.73112171661));
#11340 = VECTOR('',#11341,1.);
#11341 = DIRECTION('',(0.906307787037,-0.359317288004,-0.2224798456));
#11342 = PCURVE('',#11185,#11343);
#11343 = DEFINITIONAL_REPRESENTATION('',(#11344),#11348);
#11344 = LINE('',#11345,#11346);
#11345 = CARTESIAN_POINT('',(30.415121352005,0.));
#11346 = VECTOR('',#11347,1.);
#11347 = DIRECTION('',(0.,1.));
#11348 = ( GEOMETRIC_REPRESENTATION_CONTEXT(2) 
PARAMETRIC_REPRESENTATION_CONTEXT() REPRESENTATION_CONTEXT('2D SPACE',''
  ) );
#11349 = PCURVE('',#11267,#11350);
#11350 = DEFINITIONAL_REPRESENTATION('',(#11351),#11355);
#11351 = LINE('',#11352,#11353);
#11352 = CARTESIAN_POINT('',(0.,-0.));
#11353 = VECTOR('',#11354,1.);
#11354 = DIRECTION('',(1.,8.326672684689E-17));
#11355 = ( GEOMETRIC_REPRESENTATION_CONTEXT(2) 
PARAMETRIC_REPRESENTATION_CONTEXT() REPRESENTATION_CONTEXT('2D SPACE',''
  ) );
#11356 = ORIENTED_EDGE('',*,*,#11357,.T.);
#11357 = EDGE_CURVE('',#11335,#11358,#11360,.T.);
#11358 = VERTEX_POINT('',#11359);
#11359 = CARTESIAN_POINT('',(-33.61728154514,21.788541707803,
    -34.26491172801));
#11360 = SURFACE_CURVE('',#11361,(#11365,#11371),.PCURVE_S1.);
#11361 = LINE('',#11362,#11363);
#11362 = CARTESIAN_POINT('',(-33.61728154514,14.792909466501,
    -22.96657772367));
#11363 = VECTOR('',#11364,1.);
#11364 = DIRECTION('',(0.,-0.526432162877,0.85021713573));
#11365 = PCURVE('',#11185,#11366);
#11366 = DEFINITIONAL_REPRESENTATION('',(#11367),#11370);
#11367 = B_SPLINE_CURVE_WITH_KNOTS('',1,(#11368,#11369),.UNSPECIFIED.,
  .F.,.F.,(2,2),(-15.707560676,-13.207560676),.PIECEWISE_BEZIER_KNOTS.);
#11368 = CARTESIAN_POINT('',(30.415121352005,7.148032892721));
#11369 = CARTESIAN_POINT('',(27.915121352005,7.148032892721));
#11370 = ( GEOMETRIC_REPRESENTATION_CONTEXT(2) 
PARAMETRIC_REPRESENTATION_CONTEXT() REPRESENTATION_CONTEXT('2D SPACE',''
  ) );
#11371 = PCURVE('',#11372,#11377);
#11372 = PLANE('',#11373);
#11373 = AXIS2_PLACEMENT_3D('',#11374,#11375,#11376);
#11374 = CARTESIAN_POINT('',(-33.61728154514,22.121522792337,
    -35.72748603291));
#11375 = DIRECTION('',(1.,0.,0.));
#11376 = DIRECTION('',(0.,0.526432162877,-0.85021713573));
#11377 = DEFINITIONAL_REPRESENTATION('',(#11378),#11381);
#11378 = B_SPLINE_CURVE_WITH_KNOTS('',1,(#11379,#11380),.UNSPECIFIED.,
  .F.,.F.,(2,2),(-15.707560676,-13.207560676),.PIECEWISE_BEZIER_KNOTS.);
#11379 = CARTESIAN_POINT('',(1.,0.486839930751));
#11380 = CARTESIAN_POINT('',(-1.5,0.486839930751));
#11381 = ( GEOMETRIC_REPRESENTATION_CONTEXT(2) 
PARAMETRIC_REPRESENTATION_CONTEXT() REPRESENTATION_CONTEXT('2D SPACE',''
  ) );
#11382 = ORIENTED_EDGE('',*,*,#11383,.F.);
#11383 = EDGE_CURVE('',#11384,#11358,#11386,.T.);
#11384 = VERTEX_POINT('',#11385);
#11385 = CARTESIAN_POINT('',(-29.3564895637,20.846197088743,
    -36.51713427723));
#11386 = SURFACE_CURVE('',#11387,(#11392,#11399),.PCURVE_S1.);
#11387 = ELLIPSE('',#11388,3.549302374729,1.5);
#11388 = AXIS2_PLACEMENT_3D('',#11389,#11390,#11391);
#11389 = CARTESIAN_POINT('',(-32.57324994447,22.121522792337,
    -35.72748603291));
#11390 = DIRECTION('',(-0.422618261741,-0.770558410784,-0.477109568562)
  );
#11391 = DIRECTION('',(-0.906307787037,0.359317288004,0.2224798456));
#11392 = PCURVE('',#11185,#11393);
#11393 = DEFINITIONAL_REPRESENTATION('',(#11394),#11398);
#11394 = ELLIPSE('',#11395,3.549302374729,1.5);
#11395 = AXIS2_PLACEMENT_2D('',#11396,#11397);
#11396 = CARTESIAN_POINT('',(29.415121352005,8.299994307606));
#11397 = DIRECTION('',(2.775557561563E-17,-1.));
#11398 = ( GEOMETRIC_REPRESENTATION_CONTEXT(2) 
PARAMETRIC_REPRESENTATION_CONTEXT() REPRESENTATION_CONTEXT('2D SPACE',''
  ) );
#11399 = PCURVE('',#11400,#11405);
#11400 = CYLINDRICAL_SURFACE('',#11401,1.5);
#11401 = AXIS2_PLACEMENT_3D('',#11402,#11403,#11404);
#11402 = CARTESIAN_POINT('',(-33.61728154514,22.121522792337,
    -35.72748603291));
#11403 = DIRECTION('',(-1.,0.,0.));
#11404 = DIRECTION('',(0.,-0.85021713573,-0.526432162877));
#11405 = DEFINITIONAL_REPRESENTATION('',(#11406),#11416);
#11406 = B_SPLINE_CURVE_WITH_KNOTS('',8,(#11407,#11408,#11409,#11410,
    #11411,#11412,#11413,#11414,#11415),.UNSPECIFIED.,.F.,.F.,(9,9),(
    3.14159265359,5.042935637106),.PIECEWISE_BEZIER_KNOTS.);
#11407 = CARTESIAN_POINT('',(-6.28318530718,-4.26079198144));
#11408 = CARTESIAN_POINT('',(-6.04551743424,-4.26079198144));
#11409 = CARTESIAN_POINT('',(-5.807849561301,-4.053131704458));
#11410 = CARTESIAN_POINT('',(-5.570181688362,-3.637818874993));
#11411 = CARTESIAN_POINT('',(-5.332513815422,-3.039844771438));
#11412 = CARTESIAN_POINT('',(-5.094845942484,-2.309344507419));
#11413 = CARTESIAN_POINT('',(-4.857178069542,-1.513664959144));
#11414 = CARTESIAN_POINT('',(-4.619510196603,-0.72313272222));
#11415 = CARTESIAN_POINT('',(-4.381842323664,5.999999999062E-07));
#11416 = ( GEOMETRIC_REPRESENTATION_CONTEXT(2) 
PARAMETRIC_REPRESENTATION_CONTEXT() REPRESENTATION_CONTEXT('2D SPACE',''
  ) );
#11417 = ORIENTED_EDGE('',*,*,#11418,.F.);
#11418 = EDGE_CURVE('',#11419,#11384,#11421,.T.);
#11419 = VERTEX_POINT('',#11420);
#11420 = CARTESIAN_POINT('',(-30.17561831823,21.697383299651,
    -37.16627221951));
#11421 = SURFACE_CURVE('',#11422,(#11427,#11434),.PCURVE_S1.);
#11422 = ELLIPSE('',#11423,3.549302374729,1.5);
#11423 = AXIS2_PLACEMENT_3D('',#11424,#11425,#11426);
#11424 = CARTESIAN_POINT('',(-32.57324994447,22.121522792337,
    -35.72748603291));
#11425 = DIRECTION('',(-0.422618261741,-0.770558410784,-0.477109568562)
  );
#11426 = DIRECTION('',(-0.906307787037,0.359317288004,0.2224798456));
#11427 = PCURVE('',#11185,#11428);
#11428 = DEFINITIONAL_REPRESENTATION('',(#11429),#11433);
#11429 = ELLIPSE('',#11430,3.549302374729,1.5);
#11430 = AXIS2_PLACEMENT_2D('',#11431,#11432);
#11431 = CARTESIAN_POINT('',(29.415121352005,8.299994307606));
#11432 = DIRECTION('',(2.775557561563E-17,-1.));
#11433 = ( GEOMETRIC_REPRESENTATION_CONTEXT(2) 
PARAMETRIC_REPRESENTATION_CONTEXT() REPRESENTATION_CONTEXT('2D SPACE',''
  ) );
#11434 = PCURVE('',#11400,#11435);
#11435 = DEFINITIONAL_REPRESENTATION('',(#11436),#11446);
#11436 = B_SPLINE_CURVE_WITH_KNOTS('',8,(#11437,#11438,#11439,#11440,
    #11441,#11442,#11443,#11444,#11445),.UNSPECIFIED.,.F.,.F.,(9,9),(
    1.240249670074,3.14159265359),.PIECEWISE_BEZIER_KNOTS.);
#11437 = CARTESIAN_POINT('',(-1.901342983516,5.999999999062E-07));
#11438 = CARTESIAN_POINT('',(-1.663675110576,-0.72313272222));
#11439 = CARTESIAN_POINT('',(-1.426007237637,-1.513664959141));
#11440 = CARTESIAN_POINT('',(-1.188339364694,-2.309344507445));
#11441 = CARTESIAN_POINT('',(-0.950671491764,-3.039844771449));
#11442 = CARTESIAN_POINT('',(-0.713003618816,-3.637818875006));
#11443 = CARTESIAN_POINT('',(-0.475335745879,-4.053131704455));
#11444 = CARTESIAN_POINT('',(-0.237667872939,-4.26079198144));
#11445 = CARTESIAN_POINT('',(0.,-4.26079198144));
#11446 = ( GEOMETRIC_REPRESENTATION_CONTEXT(2) 
PARAMETRIC_REPRESENTATION_CONTEXT() REPRESENTATION_CONTEXT('2D SPACE',''
  ) );
#11447 = ORIENTED_EDGE('',*,*,#11448,.T.);
#11448 = EDGE_CURVE('',#11419,#11285,#11449,.T.);
#11449 = SURFACE_CURVE('',#11450,(#11454,#11461),.PCURVE_S1.);
#11450 = LINE('',#11451,#11452);
#11451 = CARTESIAN_POINT('',(-40.09559941781,25.630286400274,
    -34.73112171661));
#11452 = VECTOR('',#11453,1.);
#11453 = DIRECTION('',(0.906307787037,-0.359317288004,-0.2224798456));
#11454 = PCURVE('',#11185,#11455);
#11455 = DEFINITIONAL_REPRESENTATION('',(#11456),#11460);
#11456 = LINE('',#11457,#11458);
#11457 = CARTESIAN_POINT('',(30.415121352005,0.));
#11458 = VECTOR('',#11459,1.);
#11459 = DIRECTION('',(0.,1.));
#11460 = ( GEOMETRIC_REPRESENTATION_CONTEXT(2) 
PARAMETRIC_REPRESENTATION_CONTEXT() REPRESENTATION_CONTEXT('2D SPACE',''
  ) );
#11461 = PCURVE('',#11462,#11467);
#11462 = PLANE('',#11463);
#11463 = AXIS2_PLACEMENT_3D('',#11464,#11465,#11466);
#11464 = CARTESIAN_POINT('',(-40.09559941781,25.630286400274,
    -34.73112171661));
#11465 = DIRECTION('',(0.,0.526432162877,-0.85021713573));
#11466 = DIRECTION('',(0.906307787037,-0.359317288004,-0.2224798456));
#11467 = DEFINITIONAL_REPRESENTATION('',(#11468),#11472);
#11468 = LINE('',#11469,#11470);
#11469 = CARTESIAN_POINT('',(0.,-0.));
#11470 = VECTOR('',#11471,1.);
#11471 = DIRECTION('',(1.,8.326672684689E-17));
#11472 = ( GEOMETRIC_REPRESENTATION_CONTEXT(2) 
PARAMETRIC_REPRESENTATION_CONTEXT() REPRESENTATION_CONTEXT('2D SPACE',''
  ) );
#11473 = ADVANCED_FACE('',(#11474),#11267,.T.);
#11474 = FACE_BOUND('',#11475,.T.);
#11475 = EDGE_LOOP('',(#11476,#11499,#11500,#11501));
#11476 = ORIENTED_EDGE('',*,*,#11477,.F.);
#11477 = EDGE_CURVE('',#11226,#11478,#11480,.T.);
#11478 = VERTEX_POINT('',#11479);
#11479 = CARTESIAN_POINT('',(-33.61728154514,22.234035303732,
    -36.83399136636));
#11480 = SURFACE_CURVE('',#11481,(#11485,#11492),.PCURVE_S1.);
#11481 = LINE('',#11482,#11483);
#11482 = CARTESIAN_POINT('',(-40.46854044145,24.950304325414,
    -35.15214879233));
#11483 = VECTOR('',#11484,1.);
#11484 = DIRECTION('',(0.906307787037,-0.359317288004,-0.2224798456));
#11485 = PCURVE('',#11267,#11486);
#11486 = DEFINITIONAL_REPRESENTATION('',(#11487),#11491);
#11487 = LINE('',#11488,#11489);
#11488 = CARTESIAN_POINT('',(-3.386180225107E-15,0.88245364056));
#11489 = VECTOR('',#11490,1.);
#11490 = DIRECTION('',(1.,8.326672684689E-17));
#11491 = ( GEOMETRIC_REPRESENTATION_CONTEXT(2) 
PARAMETRIC_REPRESENTATION_CONTEXT() REPRESENTATION_CONTEXT('2D SPACE',''
  ) );
#11492 = PCURVE('',#11241,#11493);
#11493 = DEFINITIONAL_REPRESENTATION('',(#11494),#11498);
#11494 = LINE('',#11495,#11496);
#11495 = CARTESIAN_POINT('',(30.415121352005,-8.881784197001E-16));
#11496 = VECTOR('',#11497,1.);
#11497 = DIRECTION('',(0.,1.));
#11498 = ( GEOMETRIC_REPRESENTATION_CONTEXT(2) 
PARAMETRIC_REPRESENTATION_CONTEXT() REPRESENTATION_CONTEXT('2D SPACE',''
  ) );
#11499 = ORIENTED_EDGE('',*,*,#11253,.F.);
#11500 = ORIENTED_EDGE('',*,*,#11334,.T.);
#11501 = ORIENTED_EDGE('',*,*,#11502,.T.);
#11502 = EDGE_CURVE('',#11335,#11478,#11503,.T.);
#11503 = SURFACE_CURVE('',#11504,(#11508,#11514),.PCURVE_S1.);
#11504 = LINE('',#11505,#11506);
#11505 = CARTESIAN_POINT('',(-33.61728154514,24.139120677744,
    -35.65441244262));
#11506 = VECTOR('',#11507,1.);
#11507 = DIRECTION('',(0.,-0.85021713573,-0.526432162877));
#11508 = PCURVE('',#11267,#11509);
#11509 = DEFINITIONAL_REPRESENTATION('',(#11510),#11513);
#11510 = B_SPLINE_CURVE_WITH_KNOTS('',1,(#11511,#11512),.UNSPECIFIED.,
  .F.,.F.,(2,2),(1.267024652618,2.24070451412),
  .PIECEWISE_BEZIER_KNOTS.);
#11511 = CARTESIAN_POINT('',(7.148032892721,4.440892098501E-16));
#11512 = CARTESIAN_POINT('',(7.559527783281,0.88245364056));
#11513 = ( GEOMETRIC_REPRESENTATION_CONTEXT(2) 
PARAMETRIC_REPRESENTATION_CONTEXT() REPRESENTATION_CONTEXT('2D SPACE',''
  ) );
#11514 = PCURVE('',#11372,#11515);
#11515 = DEFINITIONAL_REPRESENTATION('',(#11516),#11519);
#11516 = B_SPLINE_CURVE_WITH_KNOTS('',1,(#11517,#11518),.UNSPECIFIED.,
  .F.,.F.,(2,2),(1.267024652618,2.24070451412),
  .PIECEWISE_BEZIER_KNOTS.);
#11517 = CARTESIAN_POINT('',(1.,0.486839930751));
#11518 = CARTESIAN_POINT('',(1.,-0.486839930751));
#11519 = ( GEOMETRIC_REPRESENTATION_CONTEXT(2) 
PARAMETRIC_REPRESENTATION_CONTEXT() REPRESENTATION_CONTEXT('2D SPACE',''
  ) );
#11520 = ADVANCED_FACE('',(#11521),#11241,.T.);
#11521 = FACE_BOUND('',#11522,.T.);
#11522 = EDGE_LOOP('',(#11523,#11548,#11569,#11570,#11571,#11592,#11626,
    #11655));
#11523 = ORIENTED_EDGE('',*,*,#11524,.F.);
#11524 = EDGE_CURVE('',#11525,#11527,#11529,.T.);
#11525 = VERTEX_POINT('',#11526);
#11526 = CARTESIAN_POINT('',(-27.13896367248,3.654125392642,
    -12.5648272619));
#11527 = VERTEX_POINT('',#11528);
#11528 = CARTESIAN_POINT('',(-27.13896367248,19.665623510155,
    -38.42428462067));
#11529 = SURFACE_CURVE('',#11530,(#11534,#11541),.PCURVE_S1.);
#11530 = LINE('',#11531,#11532);
#11531 = CARTESIAN_POINT('',(-27.13896367248,3.654125392642,
    -12.5648272619));
#11532 = VECTOR('',#11533,1.);
#11533 = DIRECTION('',(0.,0.526432162877,-0.85021713573));
#11534 = PCURVE('',#11241,#11535);
#11535 = DEFINITIONAL_REPRESENTATION('',(#11536),#11540);
#11536 = LINE('',#11537,#11538);
#11537 = CARTESIAN_POINT('',(-4.440892098501E-16,14.707560676003));
#11538 = VECTOR('',#11539,1.);
#11539 = DIRECTION('',(1.,0.));
#11540 = ( GEOMETRIC_REPRESENTATION_CONTEXT(2) 
PARAMETRIC_REPRESENTATION_CONTEXT() REPRESENTATION_CONTEXT('2D SPACE',''
  ) );
#11541 = PCURVE('',#11300,#11542);
#11542 = DEFINITIONAL_REPRESENTATION('',(#11543),#11547);
#11543 = LINE('',#11544,#11545);
#11544 = CARTESIAN_POINT('',(4.996003610813E-16,-0.88245364056));
#11545 = VECTOR('',#11546,1.);
#11546 = DIRECTION('',(1.,0.));
#11547 = ( GEOMETRIC_REPRESENTATION_CONTEXT(2) 
PARAMETRIC_REPRESENTATION_CONTEXT() REPRESENTATION_CONTEXT('2D SPACE',''
  ) );
#11548 = ORIENTED_EDGE('',*,*,#11549,.F.);
#11549 = EDGE_CURVE('',#11198,#11525,#11550,.T.);
#11550 = SURFACE_CURVE('',#11551,(#11555,#11562),.PCURVE_S1.);
#11551 = LINE('',#11552,#11553);
#11552 = CARTESIAN_POINT('',(-40.46854044145,8.9388062079,
    -9.292691433565));
#11553 = VECTOR('',#11554,1.);
#11554 = DIRECTION('',(0.906307787037,-0.359317288004,-0.2224798456));
#11555 = PCURVE('',#11241,#11556);
#11556 = DEFINITIONAL_REPRESENTATION('',(#11557),#11561);
#11557 = LINE('',#11558,#11559);
#11558 = CARTESIAN_POINT('',(0.,0.));
#11559 = VECTOR('',#11560,1.);
#11560 = DIRECTION('',(0.,1.));
#11561 = ( GEOMETRIC_REPRESENTATION_CONTEXT(2) 
PARAMETRIC_REPRESENTATION_CONTEXT() REPRESENTATION_CONTEXT('2D SPACE',''
  ) );
#11562 = PCURVE('',#11213,#11563);
#11563 = DEFINITIONAL_REPRESENTATION('',(#11564),#11568);
#11564 = LINE('',#11565,#11566);
#11565 = CARTESIAN_POINT('',(-2.997602166488E-15,0.88245364056));
#11566 = VECTOR('',#11567,1.);
#11567 = DIRECTION('',(1.,8.326672684689E-17));
#11568 = ( GEOMETRIC_REPRESENTATION_CONTEXT(2) 
PARAMETRIC_REPRESENTATION_CONTEXT() REPRESENTATION_CONTEXT('2D SPACE',''
  ) );
#11569 = ORIENTED_EDGE('',*,*,#11225,.T.);
#11570 = ORIENTED_EDGE('',*,*,#11477,.T.);
#11571 = ORIENTED_EDGE('',*,*,#11572,.T.);
#11572 = EDGE_CURVE('',#11478,#11573,#11575,.T.);
#11573 = VERTEX_POINT('',#11574);
#11574 = CARTESIAN_POINT('',(-33.61728154514,20.960702404839,
    -34.77748812346));
#11575 = SURFACE_CURVE('',#11576,(#11580,#11586),.PCURVE_S1.);
#11576 = LINE('',#11577,#11578);
#11577 = CARTESIAN_POINT('',(-33.61728154514,13.965070163537,
    -23.47915411911));
#11578 = VECTOR('',#11579,1.);
#11579 = DIRECTION('',(0.,-0.526432162877,0.85021713573));
#11580 = PCURVE('',#11241,#11581);
#11581 = DEFINITIONAL_REPRESENTATION('',(#11582),#11585);
#11582 = B_SPLINE_CURVE_WITH_KNOTS('',1,(#11583,#11584),.UNSPECIFIED.,
  .F.,.F.,(2,2),(-15.707560676,-13.207560676),.PIECEWISE_BEZIER_KNOTS.);
#11583 = CARTESIAN_POINT('',(30.415121352005,7.559527783281));
#11584 = CARTESIAN_POINT('',(27.915121352005,7.559527783281));
#11585 = ( GEOMETRIC_REPRESENTATION_CONTEXT(2) 
PARAMETRIC_REPRESENTATION_CONTEXT() REPRESENTATION_CONTEXT('2D SPACE',''
  ) );
#11586 = PCURVE('',#11372,#11587);
#11587 = DEFINITIONAL_REPRESENTATION('',(#11588),#11591);
#11588 = B_SPLINE_CURVE_WITH_KNOTS('',1,(#11589,#11590),.UNSPECIFIED.,
  .F.,.F.,(2,2),(-15.707560676,-13.207560676),.PIECEWISE_BEZIER_KNOTS.);
#11589 = CARTESIAN_POINT('',(1.,-0.486839930751));
#11590 = CARTESIAN_POINT('',(-1.5,-0.486839930751));
#11591 = ( GEOMETRIC_REPRESENTATION_CONTEXT(2) 
PARAMETRIC_REPRESENTATION_CONTEXT() REPRESENTATION_CONTEXT('2D SPACE',''
  ) );
#11592 = ORIENTED_EDGE('',*,*,#11593,.F.);
#11593 = EDGE_CURVE('',#11594,#11573,#11596,.T.);
#11594 = VERTEX_POINT('',#11595);
#11595 = CARTESIAN_POINT('',(-31.44455276506,20.846197088743,
    -36.51713427723));
#11596 = SURFACE_CURVE('',#11597,(#11602,#11609),.PCURVE_S1.);
#11597 = ELLIPSE('',#11598,3.549302374729,1.5);
#11598 = AXIS2_PLACEMENT_3D('',#11599,#11600,#11601);
#11599 = CARTESIAN_POINT('',(-34.66131314582,22.121522792337,
    -35.72748603291));
#11600 = DIRECTION('',(-0.422618261741,-0.770558410784,-0.477109568562)
  );
#11601 = DIRECTION('',(-0.906307787037,0.359317288004,0.2224798456));
#11602 = PCURVE('',#11241,#11603);
#11603 = DEFINITIONAL_REPRESENTATION('',(#11604),#11608);
#11604 = ELLIPSE('',#11605,3.549302374729,1.5);
#11605 = AXIS2_PLACEMENT_2D('',#11606,#11607);
#11606 = CARTESIAN_POINT('',(29.415121352005,6.407566368396));
#11607 = DIRECTION('',(2.775557561563E-17,-1.));
#11608 = ( GEOMETRIC_REPRESENTATION_CONTEXT(2) 
PARAMETRIC_REPRESENTATION_CONTEXT() REPRESENTATION_CONTEXT('2D SPACE',''
  ) );
#11609 = PCURVE('',#11610,#11615);
#11610 = CYLINDRICAL_SURFACE('',#11611,1.5);
#11611 = AXIS2_PLACEMENT_3D('',#11612,#11613,#11614);
#11612 = CARTESIAN_POINT('',(-33.61728154514,22.121522792337,
    -35.72748603291));
#11613 = DIRECTION('',(-1.,0.,0.));
#11614 = DIRECTION('',(0.,-0.85021713573,-0.526432162877));
#11615 = DEFINITIONAL_REPRESENTATION('',(#11616),#11625);
#11616 = B_SPLINE_CURVE_WITH_KNOTS('',7,(#11617,#11618,#11619,#11620,
    #11621,#11622,#11623,#11624),.UNSPECIFIED.,.F.,.F.,(8,8),(
    3.14159265359,4.38184271806),.PIECEWISE_BEZIER_KNOTS.);
#11617 = CARTESIAN_POINT('',(-6.28318530718,-2.172728780088));
#11618 = CARTESIAN_POINT('',(-6.106006726541,-2.172728780088));
#11619 = CARTESIAN_POINT('',(-5.928828145902,-2.054916646473));
#11620 = CARTESIAN_POINT('',(-5.751649565264,-1.819297034843));
#11621 = CARTESIAN_POINT('',(-5.574470984625,-1.474912375583));
#11622 = CARTESIAN_POINT('',(-5.397292403986,-1.039936753646));
#11623 = CARTESIAN_POINT('',(-5.220113823348,-0.539086788624));
#11624 = CARTESIAN_POINT('',(-5.042935242709,5.999999999062E-07));
#11625 = ( GEOMETRIC_REPRESENTATION_CONTEXT(2) 
PARAMETRIC_REPRESENTATION_CONTEXT() REPRESENTATION_CONTEXT('2D SPACE',''
  ) );
#11626 = ORIENTED_EDGE('',*,*,#11627,.F.);
#11627 = EDGE_CURVE('',#11628,#11594,#11630,.T.);
#11628 = VERTEX_POINT('',#11629);
#11629 = CARTESIAN_POINT('',(-32.26368151958,21.697383299651,
    -37.16627221951));
#11630 = SURFACE_CURVE('',#11631,(#11636,#11643),.PCURVE_S1.);
#11631 = ELLIPSE('',#11632,3.549302374729,1.5);
#11632 = AXIS2_PLACEMENT_3D('',#11633,#11634,#11635);
#11633 = CARTESIAN_POINT('',(-34.66131314582,22.121522792337,
    -35.72748603291));
#11634 = DIRECTION('',(-0.422618261741,-0.770558410784,-0.477109568562)
  );
#11635 = DIRECTION('',(-0.906307787037,0.359317288004,0.2224798456));
#11636 = PCURVE('',#11241,#11637);
#11637 = DEFINITIONAL_REPRESENTATION('',(#11638),#11642);
#11638 = ELLIPSE('',#11639,3.549302374729,1.5);
#11639 = AXIS2_PLACEMENT_2D('',#11640,#11641);
#11640 = CARTESIAN_POINT('',(29.415121352005,6.407566368396));
#11641 = DIRECTION('',(2.775557561563E-17,-1.));
#11642 = ( GEOMETRIC_REPRESENTATION_CONTEXT(2) 
PARAMETRIC_REPRESENTATION_CONTEXT() REPRESENTATION_CONTEXT('2D SPACE',''
  ) );
#11643 = PCURVE('',#11400,#11644);
#11644 = DEFINITIONAL_REPRESENTATION('',(#11645),#11654);
#11645 = B_SPLINE_CURVE_WITH_KNOTS('',7,(#11646,#11647,#11648,#11649,
    #11650,#11651,#11652,#11653),.UNSPECIFIED.,.F.,.F.,(8,8),(
    1.901342589119,3.14159265359),.PIECEWISE_BEZIER_KNOTS.);
#11646 = CARTESIAN_POINT('',(-1.240250064471,5.999999999062E-07));
#11647 = CARTESIAN_POINT('',(-1.063071483832,-0.539086788624));
#11648 = CARTESIAN_POINT('',(-0.885892903193,-1.039936753646));
#11649 = CARTESIAN_POINT('',(-0.708714322555,-1.474912375583));
#11650 = CARTESIAN_POINT('',(-0.531535741916,-1.819297034843));
#11651 = CARTESIAN_POINT('',(-0.354357161277,-2.054916646473));
#11652 = CARTESIAN_POINT('',(-0.177178580639,-2.172728780088));
#11653 = CARTESIAN_POINT('',(0.,-2.172728780088));
#11654 = ( GEOMETRIC_REPRESENTATION_CONTEXT(2) 
PARAMETRIC_REPRESENTATION_CONTEXT() REPRESENTATION_CONTEXT('2D SPACE',''
  ) );
#11655 = ORIENTED_EDGE('',*,*,#11656,.T.);
#11656 = EDGE_CURVE('',#11628,#11527,#11657,.T.);
#11657 = SURFACE_CURVE('',#11658,(#11662,#11669),.PCURVE_S1.);
#11658 = LINE('',#11659,#11660);
#11659 = CARTESIAN_POINT('',(-40.46854044145,24.950304325414,
    -35.15214879233));
#11660 = VECTOR('',#11661,1.);
#11661 = DIRECTION('',(0.906307787037,-0.359317288004,-0.2224798456));
#11662 = PCURVE('',#11241,#11663);
#11663 = DEFINITIONAL_REPRESENTATION('',(#11664),#11668);
#11664 = LINE('',#11665,#11666);
#11665 = CARTESIAN_POINT('',(30.415121352005,-8.881784197001E-16));
#11666 = VECTOR('',#11667,1.);
#11667 = DIRECTION('',(0.,1.));
#11668 = ( GEOMETRIC_REPRESENTATION_CONTEXT(2) 
PARAMETRIC_REPRESENTATION_CONTEXT() REPRESENTATION_CONTEXT('2D SPACE',''
  ) );
#11669 = PCURVE('',#11462,#11670);
#11670 = DEFINITIONAL_REPRESENTATION('',(#11671),#11675);
#11671 = LINE('',#11672,#11673);
#11672 = CARTESIAN_POINT('',(-3.386180225107E-15,0.88245364056));
#11673 = VECTOR('',#11674,1.);
#11674 = DIRECTION('',(1.,8.326672684689E-17));
#11675 = ( GEOMETRIC_REPRESENTATION_CONTEXT(2) 
PARAMETRIC_REPRESENTATION_CONTEXT() REPRESENTATION_CONTEXT('2D SPACE',''
  ) );
#11676 = ADVANCED_FACE('',(#11677),#11213,.F.);
#11677 = FACE_BOUND('',#11678,.F.);
#11678 = EDGE_LOOP('',(#11679,#11680,#11681,#11702));
#11679 = ORIENTED_EDGE('',*,*,#11197,.F.);
#11680 = ORIENTED_EDGE('',*,*,#11312,.T.);
#11681 = ORIENTED_EDGE('',*,*,#11682,.T.);
#11682 = EDGE_CURVE('',#11283,#11525,#11683,.T.);
#11683 = SURFACE_CURVE('',#11684,(#11688,#11695),.PCURVE_S1.);
#11684 = LINE('',#11685,#11686);
#11685 = CARTESIAN_POINT('',(-26.76602264884,4.334107467502,
    -12.14380018618));
#11686 = VECTOR('',#11687,1.);
#11687 = DIRECTION('',(-0.422618261741,-0.770558410784,-0.477109568562)
  );
#11688 = PCURVE('',#11213,#11689);
#11689 = DEFINITIONAL_REPRESENTATION('',(#11690),#11694);
#11690 = LINE('',#11691,#11692);
#11691 = CARTESIAN_POINT('',(14.707560676003,4.440892098501E-16));
#11692 = VECTOR('',#11693,1.);
#11693 = DIRECTION('',(8.326672684689E-17,1.));
#11694 = ( GEOMETRIC_REPRESENTATION_CONTEXT(2) 
PARAMETRIC_REPRESENTATION_CONTEXT() REPRESENTATION_CONTEXT('2D SPACE',''
  ) );
#11695 = PCURVE('',#11300,#11696);
#11696 = DEFINITIONAL_REPRESENTATION('',(#11697),#11701);
#11697 = LINE('',#11698,#11699);
#11698 = CARTESIAN_POINT('',(0.,0.));
#11699 = VECTOR('',#11700,1.);
#11700 = DIRECTION('',(0.,-1.));
#11701 = ( GEOMETRIC_REPRESENTATION_CONTEXT(2) 
PARAMETRIC_REPRESENTATION_CONTEXT() REPRESENTATION_CONTEXT('2D SPACE',''
  ) );
#11702 = ORIENTED_EDGE('',*,*,#11549,.F.);
#11703 = ADVANCED_FACE('',(#11704),#11300,.T.);
#11704 = FACE_BOUND('',#11705,.T.);
#11705 = EDGE_LOOP('',(#11706,#11707,#11708,#11709));
#11706 = ORIENTED_EDGE('',*,*,#11282,.F.);
#11707 = ORIENTED_EDGE('',*,*,#11682,.T.);
#11708 = ORIENTED_EDGE('',*,*,#11524,.T.);
#11709 = ORIENTED_EDGE('',*,*,#11710,.F.);
#11710 = EDGE_CURVE('',#11285,#11527,#11711,.T.);
#11711 = SURFACE_CURVE('',#11712,(#11716,#11723),.PCURVE_S1.);
#11712 = LINE('',#11713,#11714);
#11713 = CARTESIAN_POINT('',(-26.76602264884,20.345605585015,
    -38.00325754495));
#11714 = VECTOR('',#11715,1.);
#11715 = DIRECTION('',(-0.422618261741,-0.770558410784,-0.477109568562)
  );
#11716 = PCURVE('',#11300,#11717);
#11717 = DEFINITIONAL_REPRESENTATION('',(#11718),#11722);
#11718 = LINE('',#11719,#11720);
#11719 = CARTESIAN_POINT('',(30.415121352005,1.7763568394E-15));
#11720 = VECTOR('',#11721,1.);
#11721 = DIRECTION('',(0.,-1.));
#11722 = ( GEOMETRIC_REPRESENTATION_CONTEXT(2) 
PARAMETRIC_REPRESENTATION_CONTEXT() REPRESENTATION_CONTEXT('2D SPACE',''
  ) );
#11723 = PCURVE('',#11462,#11724);
#11724 = DEFINITIONAL_REPRESENTATION('',(#11725),#11729);
#11725 = LINE('',#11726,#11727);
#11726 = CARTESIAN_POINT('',(14.707560676003,3.10862446895E-15));
#11727 = VECTOR('',#11728,1.);
#11728 = DIRECTION('',(8.326672684689E-17,1.));
#11729 = ( GEOMETRIC_REPRESENTATION_CONTEXT(2) 
PARAMETRIC_REPRESENTATION_CONTEXT() REPRESENTATION_CONTEXT('2D SPACE',''
  ) );
#11730 = ADVANCED_FACE('',(#11731),#11462,.T.);
#11731 = FACE_BOUND('',#11732,.T.);
#11732 = EDGE_LOOP('',(#11733,#11734,#11753,#11754));
#11733 = ORIENTED_EDGE('',*,*,#11656,.F.);
#11734 = ORIENTED_EDGE('',*,*,#11735,.F.);
#11735 = EDGE_CURVE('',#11419,#11628,#11736,.T.);
#11736 = SURFACE_CURVE('',#11737,(#11741,#11747),.PCURVE_S1.);
#11737 = LINE('',#11738,#11739);
#11738 = CARTESIAN_POINT('',(-33.61728154514,21.697383299651,
    -37.16627221951));
#11739 = VECTOR('',#11740,1.);
#11740 = DIRECTION('',(-1.,0.,0.));
#11741 = PCURVE('',#11462,#11742);
#11742 = DEFINITIONAL_REPRESENTATION('',(#11743),#11746);
#11743 = B_SPLINE_CURVE_WITH_KNOTS('',1,(#11744,#11745),.UNSPECIFIED.,
  .F.,.F.,(2,2),(-3.650469547051,-1.144793705429),
  .PIECEWISE_BEZIER_KNOTS.);
#11744 = CARTESIAN_POINT('',(11.134730895726,-8.824536405618E-02));
#11745 = CARTESIAN_POINT('',(8.863817368674,0.970699004616));
#11746 = ( GEOMETRIC_REPRESENTATION_CONTEXT(2) 
PARAMETRIC_REPRESENTATION_CONTEXT() REPRESENTATION_CONTEXT('2D SPACE',''
  ) );
#11747 = PCURVE('',#11400,#11748);
#11748 = DEFINITIONAL_REPRESENTATION('',(#11749),#11752);
#11749 = B_SPLINE_CURVE_WITH_KNOTS('',1,(#11750,#11751),.UNSPECIFIED.,
  .F.,.F.,(2,2),(-3.650469547051,-1.144793705429),
  .PIECEWISE_BEZIER_KNOTS.);
#11750 = CARTESIAN_POINT('',(-0.729727656227,-3.650469547051));
#11751 = CARTESIAN_POINT('',(-0.729727656227,-1.144793705429));
#11752 = ( GEOMETRIC_REPRESENTATION_CONTEXT(2) 
PARAMETRIC_REPRESENTATION_CONTEXT() REPRESENTATION_CONTEXT('2D SPACE',''
  ) );
#11753 = ORIENTED_EDGE('',*,*,#11448,.T.);
#11754 = ORIENTED_EDGE('',*,*,#11710,.T.);
#11755 = ADVANCED_FACE('',(#11756),#11400,.T.);
#11756 = FACE_BOUND('',#11757,.F.);
#11757 = EDGE_LOOP('',(#11758,#11782,#11803,#11804,#11805,#11806,#11829,
    #11856,#11857));
#11758 = ORIENTED_EDGE('',*,*,#11759,.F.);
#11759 = EDGE_CURVE('',#11760,#11358,#11762,.T.);
#11760 = VERTEX_POINT('',#11761);
#11761 = CARTESIAN_POINT('',(-33.61728154514,20.846197088743,
    -36.51713427723));
#11762 = SURFACE_CURVE('',#11763,(#11768,#11775),.PCURVE_S1.);
#11763 = CIRCLE('',#11764,1.5);
#11764 = AXIS2_PLACEMENT_3D('',#11765,#11766,#11767);
#11765 = CARTESIAN_POINT('',(-33.61728154514,22.121522792337,
    -35.72748603291));
#11766 = DIRECTION('',(1.,0.,0.));
#11767 = DIRECTION('',(0.,-0.85021713573,-0.526432162877));
#11768 = PCURVE('',#11400,#11769);
#11769 = DEFINITIONAL_REPRESENTATION('',(#11770),#11774);
#11770 = LINE('',#11771,#11772);
#11771 = CARTESIAN_POINT('',(-0.,0.));
#11772 = VECTOR('',#11773,1.);
#11773 = DIRECTION('',(-1.,0.));
#11774 = ( GEOMETRIC_REPRESENTATION_CONTEXT(2) 
PARAMETRIC_REPRESENTATION_CONTEXT() REPRESENTATION_CONTEXT('2D SPACE',''
  ) );
#11775 = PCURVE('',#11372,#11776);
#11776 = DEFINITIONAL_REPRESENTATION('',(#11777),#11781);
#11777 = CIRCLE('',#11778,1.5);
#11778 = AXIS2_PLACEMENT_2D('',#11779,#11780);
#11779 = CARTESIAN_POINT('',(0.,0.));
#11780 = DIRECTION('',(0.,-1.));
#11781 = ( GEOMETRIC_REPRESENTATION_CONTEXT(2) 
PARAMETRIC_REPRESENTATION_CONTEXT() REPRESENTATION_CONTEXT('2D SPACE',''
  ) );
#11782 = ORIENTED_EDGE('',*,*,#11783,.T.);
#11783 = EDGE_CURVE('',#11760,#11594,#11784,.T.);
#11784 = SURFACE_CURVE('',#11785,(#11789,#11796),.PCURVE_S1.);
#11785 = LINE('',#11786,#11787);
#11786 = CARTESIAN_POINT('',(-33.61728154514,20.846197088743,
    -36.51713427723));
#11787 = VECTOR('',#11788,1.);
#11788 = DIRECTION('',(1.,0.,0.));
#11789 = PCURVE('',#11400,#11790);
#11790 = DEFINITIONAL_REPRESENTATION('',(#11791),#11795);
#11791 = LINE('',#11792,#11793);
#11792 = CARTESIAN_POINT('',(-0.,0.));
#11793 = VECTOR('',#11794,1.);
#11794 = DIRECTION('',(-0.,-1.));
#11795 = ( GEOMETRIC_REPRESENTATION_CONTEXT(2) 
PARAMETRIC_REPRESENTATION_CONTEXT() REPRESENTATION_CONTEXT('2D SPACE',''
  ) );
#11796 = PCURVE('',#11610,#11797);
#11797 = DEFINITIONAL_REPRESENTATION('',(#11798),#11802);
#11798 = LINE('',#11799,#11800);
#11799 = CARTESIAN_POINT('',(-6.28318530718,0.));
#11800 = VECTOR('',#11801,1.);
#11801 = DIRECTION('',(-0.,-1.));
#11802 = ( GEOMETRIC_REPRESENTATION_CONTEXT(2) 
PARAMETRIC_REPRESENTATION_CONTEXT() REPRESENTATION_CONTEXT('2D SPACE',''
  ) );
#11803 = ORIENTED_EDGE('',*,*,#11627,.F.);
#11804 = ORIENTED_EDGE('',*,*,#11735,.F.);
#11805 = ORIENTED_EDGE('',*,*,#11418,.T.);
#11806 = ORIENTED_EDGE('',*,*,#11807,.T.);
#11807 = EDGE_CURVE('',#11384,#11808,#11810,.T.);
#11808 = VERTEX_POINT('',#11809);
#11809 = CARTESIAN_POINT('',(-23.61728154514,20.846197088743,
    -36.51713427723));
#11810 = SEAM_CURVE('',#11811,(#11815,#11822),.PCURVE_S1.);
#11811 = LINE('',#11812,#11813);
#11812 = CARTESIAN_POINT('',(-33.61728154514,20.846197088743,
    -36.51713427723));
#11813 = VECTOR('',#11814,1.);
#11814 = DIRECTION('',(1.,0.,0.));
#11815 = PCURVE('',#11400,#11816);
#11816 = DEFINITIONAL_REPRESENTATION('',(#11817),#11821);
#11817 = LINE('',#11818,#11819);
#11818 = CARTESIAN_POINT('',(-0.,0.));
#11819 = VECTOR('',#11820,1.);
#11820 = DIRECTION('',(-0.,-1.));
#11821 = ( GEOMETRIC_REPRESENTATION_CONTEXT(2) 
PARAMETRIC_REPRESENTATION_CONTEXT() REPRESENTATION_CONTEXT('2D SPACE',''
  ) );
#11822 = PCURVE('',#11400,#11823);
#11823 = DEFINITIONAL_REPRESENTATION('',(#11824),#11828);
#11824 = LINE('',#11825,#11826);
#11825 = CARTESIAN_POINT('',(-6.28318530718,0.));
#11826 = VECTOR('',#11827,1.);
#11827 = DIRECTION('',(-0.,-1.));
#11828 = ( GEOMETRIC_REPRESENTATION_CONTEXT(2) 
PARAMETRIC_REPRESENTATION_CONTEXT() REPRESENTATION_CONTEXT('2D SPACE',''
  ) );
#11829 = ORIENTED_EDGE('',*,*,#11830,.T.);
#11830 = EDGE_CURVE('',#11808,#11808,#11831,.T.);
#11831 = SURFACE_CURVE('',#11832,(#11837,#11844),.PCURVE_S1.);
#11832 = CIRCLE('',#11833,1.5);
#11833 = AXIS2_PLACEMENT_3D('',#11834,#11835,#11836);
#11834 = CARTESIAN_POINT('',(-23.61728154514,22.121522792337,
    -35.72748603291));
#11835 = DIRECTION('',(1.,0.,0.));
#11836 = DIRECTION('',(0.,-0.85021713573,-0.526432162877));
#11837 = PCURVE('',#11400,#11838);
#11838 = DEFINITIONAL_REPRESENTATION('',(#11839),#11843);
#11839 = LINE('',#11840,#11841);
#11840 = CARTESIAN_POINT('',(-0.,-10.));
#11841 = VECTOR('',#11842,1.);
#11842 = DIRECTION('',(-1.,0.));
#11843 = ( GEOMETRIC_REPRESENTATION_CONTEXT(2) 
PARAMETRIC_REPRESENTATION_CONTEXT() REPRESENTATION_CONTEXT('2D SPACE',''
  ) );
#11844 = PCURVE('',#11845,#11850);
#11845 = PLANE('',#11846);
#11846 = AXIS2_PLACEMENT_3D('',#11847,#11848,#11849);
#11847 = CARTESIAN_POINT('',(-23.61728154514,22.121522792337,
    -35.72748603291));
#11848 = DIRECTION('',(1.,0.,0.));
#11849 = DIRECTION('',(0.,0.526432162877,-0.85021713573));
#11850 = DEFINITIONAL_REPRESENTATION('',(#11851),#11855);
#11851 = CIRCLE('',#11852,1.5);
#11852 = AXIS2_PLACEMENT_2D('',#11853,#11854);
#11853 = CARTESIAN_POINT('',(0.,0.));
#11854 = DIRECTION('',(0.,-1.));
#11855 = ( GEOMETRIC_REPRESENTATION_CONTEXT(2) 
PARAMETRIC_REPRESENTATION_CONTEXT() REPRESENTATION_CONTEXT('2D SPACE',''
  ) );
#11856 = ORIENTED_EDGE('',*,*,#11807,.F.);
#11857 = ORIENTED_EDGE('',*,*,#11383,.T.);
#11858 = ADVANCED_FACE('',(#11859),#11372,.F.);
#11859 = FACE_BOUND('',#11860,.F.);
#11860 = EDGE_LOOP('',(#11861,#11883,#11884,#11885,#11886));
#11861 = ORIENTED_EDGE('',*,*,#11862,.T.);
#11862 = EDGE_CURVE('',#11573,#11760,#11863,.T.);
#11863 = SURFACE_CURVE('',#11864,(#11869,#11876),.PCURVE_S1.);
#11864 = CIRCLE('',#11865,1.5);
#11865 = AXIS2_PLACEMENT_3D('',#11866,#11867,#11868);
#11866 = CARTESIAN_POINT('',(-33.61728154514,22.121522792337,
    -35.72748603291));
#11867 = DIRECTION('',(1.,0.,0.));
#11868 = DIRECTION('',(0.,-0.85021713573,-0.526432162877));
#11869 = PCURVE('',#11372,#11870);
#11870 = DEFINITIONAL_REPRESENTATION('',(#11871),#11875);
#11871 = CIRCLE('',#11872,1.5);
#11872 = AXIS2_PLACEMENT_2D('',#11873,#11874);
#11873 = CARTESIAN_POINT('',(0.,0.));
#11874 = DIRECTION('',(0.,-1.));
#11875 = ( GEOMETRIC_REPRESENTATION_CONTEXT(2) 
PARAMETRIC_REPRESENTATION_CONTEXT() REPRESENTATION_CONTEXT('2D SPACE',''
  ) );
#11876 = PCURVE('',#11610,#11877);
#11877 = DEFINITIONAL_REPRESENTATION('',(#11878),#11882);
#11878 = LINE('',#11879,#11880);
#11879 = CARTESIAN_POINT('',(-0.,0.));
#11880 = VECTOR('',#11881,1.);
#11881 = DIRECTION('',(-1.,0.));
#11882 = ( GEOMETRIC_REPRESENTATION_CONTEXT(2) 
PARAMETRIC_REPRESENTATION_CONTEXT() REPRESENTATION_CONTEXT('2D SPACE',''
  ) );
#11883 = ORIENTED_EDGE('',*,*,#11759,.T.);
#11884 = ORIENTED_EDGE('',*,*,#11357,.F.);
#11885 = ORIENTED_EDGE('',*,*,#11502,.T.);
#11886 = ORIENTED_EDGE('',*,*,#11572,.T.);
#11887 = ADVANCED_FACE('',(#11888),#11610,.T.);
#11888 = FACE_BOUND('',#11889,.F.);
#11889 = EDGE_LOOP('',(#11890,#11891,#11892));
#11890 = ORIENTED_EDGE('',*,*,#11862,.F.);
#11891 = ORIENTED_EDGE('',*,*,#11593,.F.);
#11892 = ORIENTED_EDGE('',*,*,#11783,.F.);
#11893 = ADVANCED_FACE('',(#11894),#11845,.T.);
#11894 = FACE_BOUND('',#11895,.T.);
#11895 = EDGE_LOOP('',(#11896));
#11896 = ORIENTED_EDGE('',*,*,#11830,.T.);
#11897 = MANIFOLD_SOLID_BREP('',#11898);
#11898 = CLOSED_SHELL('',(#11899,#12019,#12214,#12261,#12417,#12444,
    #12471,#12496,#12599,#12628,#12634));
#11899 = ADVANCED_FACE('',(#11900),#11914,.F.);
#11900 = FACE_BOUND('',#11901,.F.);
#11901 = EDGE_LOOP('',(#11902,#11937,#11965,#11993));
#11902 = ORIENTED_EDGE('',*,*,#11903,.F.);
#11903 = EDGE_CURVE('',#11904,#11906,#11908,.T.);
#11904 = VERTEX_POINT('',#11905);
#11905 = CARTESIAN_POINT('',(-40.09559941781,12.174067768674,
    -4.797873536317));
#11906 = VERTEX_POINT('',#11907);
#11907 = CARTESIAN_POINT('',(-40.09559941781,36.445858577393,
    -23.12707913271));
#11908 = SURFACE_CURVE('',#11909,(#11913,#11925),.PCURVE_S1.);
#11909 = LINE('',#11910,#11911);
#11910 = CARTESIAN_POINT('',(-40.09559941781,12.174067768674,
    -4.797873536317));
#11911 = VECTOR('',#11912,1.);
#11912 = DIRECTION('',(0.,0.79801722728,-0.602634636379));
#11913 = PCURVE('',#11914,#11919);
#11914 = PLANE('',#11915);
#11915 = AXIS2_PLACEMENT_3D('',#11916,#11917,#11918);
#11916 = CARTESIAN_POINT('',(-40.09559941781,12.174067768674,
    -4.797873536317));
#11917 = DIRECTION('',(0.906307787037,-0.254684402491,-0.337256653432));
#11918 = DIRECTION('',(0.,0.79801722728,-0.602634636379));
#11919 = DEFINITIONAL_REPRESENTATION('',(#11920),#11924);
#11920 = LINE('',#11921,#11922);
#11921 = CARTESIAN_POINT('',(0.,0.));
#11922 = VECTOR('',#11923,1.);
#11923 = DIRECTION('',(1.,5.551115123126E-17));
#11924 = ( GEOMETRIC_REPRESENTATION_CONTEXT(2) 
PARAMETRIC_REPRESENTATION_CONTEXT() REPRESENTATION_CONTEXT('2D SPACE',''
  ) );
#11925 = PCURVE('',#11926,#11931);
#11926 = PLANE('',#11927);
#11927 = AXIS2_PLACEMENT_3D('',#11928,#11929,#11930);
#11928 = CARTESIAN_POINT('',(-40.09559941781,12.174067768674,
    -4.797873536317));
#11929 = DIRECTION('',(-0.422618261741,-0.546172463689,-0.723249227273)
  );
#11930 = DIRECTION('',(0.,0.79801722728,-0.602634636379));
#11931 = DEFINITIONAL_REPRESENTATION('',(#11932),#11936);
#11932 = LINE('',#11933,#11934);
#11933 = CARTESIAN_POINT('',(0.,0.));
#11934 = VECTOR('',#11935,1.);
#11935 = DIRECTION('',(1.,-5.551115123126E-17));
#11936 = ( GEOMETRIC_REPRESENTATION_CONTEXT(2) 
PARAMETRIC_REPRESENTATION_CONTEXT() REPRESENTATION_CONTEXT('2D SPACE',''
  ) );
#11937 = ORIENTED_EDGE('',*,*,#11938,.T.);
#11938 = EDGE_CURVE('',#11904,#11939,#11941,.T.);
#11939 = VERTEX_POINT('',#11940);
#11940 = CARTESIAN_POINT('',(-40.46854044145,11.692095889718,
    -5.436107449957));
#11941 = SURFACE_CURVE('',#11942,(#11946,#11953),.PCURVE_S1.);
#11942 = LINE('',#11943,#11944);
#11943 = CARTESIAN_POINT('',(-40.09559941781,12.174067768674,
    -4.797873536317));
#11944 = VECTOR('',#11945,1.);
#11945 = DIRECTION('',(-0.422618261741,-0.546172463689,-0.723249227273)
  );
#11946 = PCURVE('',#11914,#11947);
#11947 = DEFINITIONAL_REPRESENTATION('',(#11948),#11952);
#11948 = LINE('',#11949,#11950);
#11949 = CARTESIAN_POINT('',(0.,0.));
#11950 = VECTOR('',#11951,1.);
#11951 = DIRECTION('',(-5.551115123126E-17,-1.));
#11952 = ( GEOMETRIC_REPRESENTATION_CONTEXT(2) 
PARAMETRIC_REPRESENTATION_CONTEXT() REPRESENTATION_CONTEXT('2D SPACE',''
  ) );
#11953 = PCURVE('',#11954,#11959);
#11954 = PLANE('',#11955);
#11955 = AXIS2_PLACEMENT_3D('',#11956,#11957,#11958);
#11956 = CARTESIAN_POINT('',(-40.09559941781,12.174067768674,
    -4.797873536317));
#11957 = DIRECTION('',(0.,0.79801722728,-0.602634636379));
#11958 = DIRECTION('',(0.906307787037,-0.254684402491,-0.337256653432));
#11959 = DEFINITIONAL_REPRESENTATION('',(#11960),#11964);
#11960 = LINE('',#11961,#11962);
#11961 = CARTESIAN_POINT('',(0.,-0.));
#11962 = VECTOR('',#11963,1.);
#11963 = DIRECTION('',(2.775557561563E-17,1.));
#11964 = ( GEOMETRIC_REPRESENTATION_CONTEXT(2) 
PARAMETRIC_REPRESENTATION_CONTEXT() REPRESENTATION_CONTEXT('2D SPACE',''
  ) );
#11965 = ORIENTED_EDGE('',*,*,#11966,.T.);
#11966 = EDGE_CURVE('',#11939,#11967,#11969,.T.);
#11967 = VERTEX_POINT('',#11968);
#11968 = CARTESIAN_POINT('',(-40.46854044145,35.963886698437,
    -23.76531304635));
#11969 = SURFACE_CURVE('',#11970,(#11974,#11981),.PCURVE_S1.);
#11970 = LINE('',#11971,#11972);
#11971 = CARTESIAN_POINT('',(-40.46854044145,11.692095889718,
    -5.436107449957));
#11972 = VECTOR('',#11973,1.);
#11973 = DIRECTION('',(0.,0.79801722728,-0.602634636379));
#11974 = PCURVE('',#11914,#11975);
#11975 = DEFINITIONAL_REPRESENTATION('',(#11976),#11980);
#11976 = LINE('',#11977,#11978);
#11977 = CARTESIAN_POINT('',(-1.110223024625E-16,-0.88245364056));
#11978 = VECTOR('',#11979,1.);
#11979 = DIRECTION('',(1.,5.551115123126E-17));
#11980 = ( GEOMETRIC_REPRESENTATION_CONTEXT(2) 
PARAMETRIC_REPRESENTATION_CONTEXT() REPRESENTATION_CONTEXT('2D SPACE',''
  ) );
#11981 = PCURVE('',#11982,#11987);
#11982 = PLANE('',#11983);
#11983 = AXIS2_PLACEMENT_3D('',#11984,#11985,#11986);
#11984 = CARTESIAN_POINT('',(-40.46854044145,11.692095889718,
    -5.436107449957));
#11985 = DIRECTION('',(-0.422618261741,-0.546172463689,-0.723249227273)
  );
#11986 = DIRECTION('',(0.,0.79801722728,-0.602634636379));
#11987 = DEFINITIONAL_REPRESENTATION('',(#11988),#11992);
#11988 = LINE('',#11989,#11990);
#11989 = CARTESIAN_POINT('',(0.,0.));
#11990 = VECTOR('',#11991,1.);
#11991 = DIRECTION('',(1.,-5.551115123126E-17));
#11992 = ( GEOMETRIC_REPRESENTATION_CONTEXT(2) 
PARAMETRIC_REPRESENTATION_CONTEXT() REPRESENTATION_CONTEXT('2D SPACE',''
  ) );
#11993 = ORIENTED_EDGE('',*,*,#11994,.F.);
#11994 = EDGE_CURVE('',#11906,#11967,#11995,.T.);
#11995 = SURFACE_CURVE('',#11996,(#12000,#12007),.PCURVE_S1.);
#11996 = LINE('',#11997,#11998);
#11997 = CARTESIAN_POINT('',(-40.09559941781,36.445858577393,
    -23.12707913271));
#11998 = VECTOR('',#11999,1.);
#11999 = DIRECTION('',(-0.422618261741,-0.546172463689,-0.723249227273)
  );
#12000 = PCURVE('',#11914,#12001);
#12001 = DEFINITIONAL_REPRESENTATION('',(#12002),#12006);
#12002 = LINE('',#12003,#12004);
#12003 = CARTESIAN_POINT('',(30.415121352005,1.7763568394E-15));
#12004 = VECTOR('',#12005,1.);
#12005 = DIRECTION('',(-5.551115123126E-17,-1.));
#12006 = ( GEOMETRIC_REPRESENTATION_CONTEXT(2) 
PARAMETRIC_REPRESENTATION_CONTEXT() REPRESENTATION_CONTEXT('2D SPACE',''
  ) );
#12007 = PCURVE('',#12008,#12013);
#12008 = PLANE('',#12009);
#12009 = AXIS2_PLACEMENT_3D('',#12010,#12011,#12012);
#12010 = CARTESIAN_POINT('',(-40.09559941781,36.445858577393,
    -23.12707913271));
#12011 = DIRECTION('',(0.,0.79801722728,-0.602634636379));
#12012 = DIRECTION('',(0.906307787037,-0.254684402491,-0.337256653432));
#12013 = DEFINITIONAL_REPRESENTATION('',(#12014),#12018);
#12014 = LINE('',#12015,#12016);
#12015 = CARTESIAN_POINT('',(0.,-0.));
#12016 = VECTOR('',#12017,1.);
#12017 = DIRECTION('',(2.775557561563E-17,1.));
#12018 = ( GEOMETRIC_REPRESENTATION_CONTEXT(2) 
PARAMETRIC_REPRESENTATION_CONTEXT() REPRESENTATION_CONTEXT('2D SPACE',''
  ) );
#12019 = ADVANCED_FACE('',(#12020),#11926,.F.);
#12020 = FACE_BOUND('',#12021,.F.);
#12021 = EDGE_LOOP('',(#12022,#12052,#12073,#12074,#12097,#12123,#12158,
    #12188));
#12022 = ORIENTED_EDGE('',*,*,#12023,.F.);
#12023 = EDGE_CURVE('',#12024,#12026,#12028,.T.);
#12024 = VERTEX_POINT('',#12025);
#12025 = CARTESIAN_POINT('',(-26.76602264884,8.428281465801,
    -9.758096230058));
#12026 = VERTEX_POINT('',#12027);
#12027 = CARTESIAN_POINT('',(-26.76602264884,32.70007227452,
    -28.08730182645));
#12028 = SURFACE_CURVE('',#12029,(#12033,#12040),.PCURVE_S1.);
#12029 = LINE('',#12030,#12031);
#12030 = CARTESIAN_POINT('',(-26.76602264884,8.428281465801,
    -9.758096230058));
#12031 = VECTOR('',#12032,1.);
#12032 = DIRECTION('',(0.,0.79801722728,-0.602634636379));
#12033 = PCURVE('',#11926,#12034);
#12034 = DEFINITIONAL_REPRESENTATION('',(#12035),#12039);
#12035 = LINE('',#12036,#12037);
#12036 = CARTESIAN_POINT('',(-1.33226762955E-15,14.707560676003));
#12037 = VECTOR('',#12038,1.);
#12038 = DIRECTION('',(1.,-5.551115123126E-17));
#12039 = ( GEOMETRIC_REPRESENTATION_CONTEXT(2) 
PARAMETRIC_REPRESENTATION_CONTEXT() REPRESENTATION_CONTEXT('2D SPACE',''
  ) );
#12040 = PCURVE('',#12041,#12046);
#12041 = PLANE('',#12042);
#12042 = AXIS2_PLACEMENT_3D('',#12043,#12044,#12045);
#12043 = CARTESIAN_POINT('',(-26.76602264884,8.428281465801,
    -9.758096230058));
#12044 = DIRECTION('',(0.906307787037,-0.254684402491,-0.337256653432));
#12045 = DIRECTION('',(0.,0.79801722728,-0.602634636379));
#12046 = DEFINITIONAL_REPRESENTATION('',(#12047),#12051);
#12047 = LINE('',#12048,#12049);
#12048 = CARTESIAN_POINT('',(0.,0.));
#12049 = VECTOR('',#12050,1.);
#12050 = DIRECTION('',(1.,5.551115123126E-17));
#12051 = ( GEOMETRIC_REPRESENTATION_CONTEXT(2) 
PARAMETRIC_REPRESENTATION_CONTEXT() REPRESENTATION_CONTEXT('2D SPACE',''
  ) );
#12052 = ORIENTED_EDGE('',*,*,#12053,.F.);
#12053 = EDGE_CURVE('',#11904,#12024,#12054,.T.);
#12054 = SURFACE_CURVE('',#12055,(#12059,#12066),.PCURVE_S1.);
#12055 = LINE('',#12056,#12057);
#12056 = CARTESIAN_POINT('',(-40.09559941781,12.174067768674,
    -4.797873536317));
#12057 = VECTOR('',#12058,1.);
#12058 = DIRECTION('',(0.906307787037,-0.254684402491,-0.337256653432));
#12059 = PCURVE('',#11926,#12060);
#12060 = DEFINITIONAL_REPRESENTATION('',(#12061),#12065);
#12061 = LINE('',#12062,#12063);
#12062 = CARTESIAN_POINT('',(0.,0.));
#12063 = VECTOR('',#12064,1.);
#12064 = DIRECTION('',(-2.775557561563E-17,1.));
#12065 = ( GEOMETRIC_REPRESENTATION_CONTEXT(2) 
PARAMETRIC_REPRESENTATION_CONTEXT() REPRESENTATION_CONTEXT('2D SPACE',''
  ) );
#12066 = PCURVE('',#11954,#12067);
#12067 = DEFINITIONAL_REPRESENTATION('',(#12068),#12072);
#12068 = LINE('',#12069,#12070);
#12069 = CARTESIAN_POINT('',(0.,-0.));
#12070 = VECTOR('',#12071,1.);
#12071 = DIRECTION('',(1.,2.775557561563E-17));
#12072 = ( GEOMETRIC_REPRESENTATION_CONTEXT(2) 
PARAMETRIC_REPRESENTATION_CONTEXT() REPRESENTATION_CONTEXT('2D SPACE',''
  ) );
#12073 = ORIENTED_EDGE('',*,*,#11903,.T.);
#12074 = ORIENTED_EDGE('',*,*,#12075,.T.);
#12075 = EDGE_CURVE('',#11906,#12076,#12078,.T.);
#12076 = VERTEX_POINT('',#12077);
#12077 = CARTESIAN_POINT('',(-33.61728154514,34.625366091122,
    -25.53780078473));
#12078 = SURFACE_CURVE('',#12079,(#12083,#12090),.PCURVE_S1.);
#12079 = LINE('',#12080,#12081);
#12080 = CARTESIAN_POINT('',(-40.09559941781,36.445858577393,
    -23.12707913271));
#12081 = VECTOR('',#12082,1.);
#12082 = DIRECTION('',(0.906307787037,-0.254684402491,-0.337256653432));
#12083 = PCURVE('',#11926,#12084);
#12084 = DEFINITIONAL_REPRESENTATION('',(#12085),#12089);
#12085 = LINE('',#12086,#12087);
#12086 = CARTESIAN_POINT('',(30.415121352005,-8.881784197001E-16));
#12087 = VECTOR('',#12088,1.);
#12088 = DIRECTION('',(-2.775557561563E-17,1.));
#12089 = ( GEOMETRIC_REPRESENTATION_CONTEXT(2) 
PARAMETRIC_REPRESENTATION_CONTEXT() REPRESENTATION_CONTEXT('2D SPACE',''
  ) );
#12090 = PCURVE('',#12008,#12091);
#12091 = DEFINITIONAL_REPRESENTATION('',(#12092),#12096);
#12092 = LINE('',#12093,#12094);
#12093 = CARTESIAN_POINT('',(0.,-0.));
#12094 = VECTOR('',#12095,1.);
#12095 = DIRECTION('',(1.,2.775557561563E-17));
#12096 = ( GEOMETRIC_REPRESENTATION_CONTEXT(2) 
PARAMETRIC_REPRESENTATION_CONTEXT() REPRESENTATION_CONTEXT('2D SPACE',''
  ) );
#12097 = ORIENTED_EDGE('',*,*,#12098,.T.);
#12098 = EDGE_CURVE('',#12076,#12099,#12101,.T.);
#12099 = VERTEX_POINT('',#12100);
#12100 = CARTESIAN_POINT('',(-33.61728154514,32.695123866131,
    -24.08014951905));
#12101 = SURFACE_CURVE('',#12102,(#12106,#12112),.PCURVE_S1.);
#12102 = LINE('',#12103,#12104);
#12103 = CARTESIAN_POINT('',(-33.61728154514,22.090462073122,
    -16.07188066834));
#12104 = VECTOR('',#12105,1.);
#12105 = DIRECTION('',(0.,-0.79801722728,0.602634636379));
#12106 = PCURVE('',#11926,#12107);
#12107 = DEFINITIONAL_REPRESENTATION('',(#12108),#12111);
#12108 = B_SPLINE_CURVE_WITH_KNOTS('',1,(#12109,#12110),.UNSPECIFIED.,
  .F.,.F.,(2,2),(-15.707560676,-13.207560676),.PIECEWISE_BEZIER_KNOTS.);
#12109 = CARTESIAN_POINT('',(30.415121352005,7.148032892721));
#12110 = CARTESIAN_POINT('',(27.915121352005,7.148032892721));
#12111 = ( GEOMETRIC_REPRESENTATION_CONTEXT(2) 
PARAMETRIC_REPRESENTATION_CONTEXT() REPRESENTATION_CONTEXT('2D SPACE',''
  ) );
#12112 = PCURVE('',#12113,#12118);
#12113 = PLANE('',#12114);
#12114 = AXIS2_PLACEMENT_3D('',#12115,#12116,#12117);
#12115 = CARTESIAN_POINT('',(-33.61728154514,33.533962259198,
    -25.32367280002));
#12116 = DIRECTION('',(1.,0.,0.));
#12117 = DIRECTION('',(0.,0.79801722728,-0.602634636379));
#12118 = DEFINITIONAL_REPRESENTATION('',(#12119),#12122);
#12119 = B_SPLINE_CURVE_WITH_KNOTS('',1,(#12120,#12121),.UNSPECIFIED.,
  .F.,.F.,(2,2),(-15.707560676,-13.207560676),.PIECEWISE_BEZIER_KNOTS.);
#12120 = CARTESIAN_POINT('',(1.,0.486839930751));
#12121 = CARTESIAN_POINT('',(-1.5,0.486839930751));
#12122 = ( GEOMETRIC_REPRESENTATION_CONTEXT(2) 
PARAMETRIC_REPRESENTATION_CONTEXT() REPRESENTATION_CONTEXT('2D SPACE',''
  ) );
#12123 = ORIENTED_EDGE('',*,*,#12124,.F.);
#12124 = EDGE_CURVE('',#12125,#12099,#12127,.T.);
#12125 = VERTEX_POINT('',#12126);
#12126 = CARTESIAN_POINT('',(-29.3564895637,32.63001030463,
    -26.52069864094));
#12127 = SURFACE_CURVE('',#12128,(#12133,#12140),.PCURVE_S1.);
#12128 = ELLIPSE('',#12129,3.549302374729,1.5);
#12129 = AXIS2_PLACEMENT_3D('',#12130,#12131,#12132);
#12130 = CARTESIAN_POINT('',(-32.57324994447,33.533962259198,
    -25.32367280002));
#12131 = DIRECTION('',(-0.422618261741,-0.546172463689,-0.723249227273)
  );
#12132 = DIRECTION('',(-0.906307787037,0.254684402491,0.337256653432));
#12133 = PCURVE('',#11926,#12134);
#12134 = DEFINITIONAL_REPRESENTATION('',(#12135),#12139);
#12135 = ELLIPSE('',#12136,3.549302374729,1.5);
#12136 = AXIS2_PLACEMENT_2D('',#12137,#12138);
#12137 = CARTESIAN_POINT('',(29.415121352005,8.299994307606));
#12138 = DIRECTION('',(2.775557561563E-17,-1.));
#12139 = ( GEOMETRIC_REPRESENTATION_CONTEXT(2) 
PARAMETRIC_REPRESENTATION_CONTEXT() REPRESENTATION_CONTEXT('2D SPACE',''
  ) );
#12140 = PCURVE('',#12141,#12146);
#12141 = CYLINDRICAL_SURFACE('',#12142,1.5);
#12142 = AXIS2_PLACEMENT_3D('',#12143,#12144,#12145);
#12143 = CARTESIAN_POINT('',(-33.61728154514,33.533962259198,
    -25.32367280002));
#12144 = DIRECTION('',(-1.,0.,0.));
#12145 = DIRECTION('',(0.,-0.602634636379,-0.79801722728));
#12146 = DEFINITIONAL_REPRESENTATION('',(#12147),#12157);
#12147 = B_SPLINE_CURVE_WITH_KNOTS('',8,(#12148,#12149,#12150,#12151,
    #12152,#12153,#12154,#12155,#12156),.UNSPECIFIED.,.F.,.F.,(9,9),(
    3.14159265359,5.042935637106),.PIECEWISE_BEZIER_KNOTS.);
#12148 = CARTESIAN_POINT('',(-6.28318530718,-4.26079198144));
#12149 = CARTESIAN_POINT('',(-6.04551743424,-4.26079198144));
#12150 = CARTESIAN_POINT('',(-5.807849561301,-4.053131704451));
#12151 = CARTESIAN_POINT('',(-5.570181688363,-3.637818875015));
#12152 = CARTESIAN_POINT('',(-5.332513815423,-3.039844771421));
#12153 = CARTESIAN_POINT('',(-5.094845942484,-2.309344507452));
#12154 = CARTESIAN_POINT('',(-4.857178069543,-1.513664959137));
#12155 = CARTESIAN_POINT('',(-4.619510196603,-0.72313272222));
#12156 = CARTESIAN_POINT('',(-4.381842323664,5.999999999062E-07));
#12157 = ( GEOMETRIC_REPRESENTATION_CONTEXT(2) 
PARAMETRIC_REPRESENTATION_CONTEXT() REPRESENTATION_CONTEXT('2D SPACE',''
  ) );
#12158 = ORIENTED_EDGE('',*,*,#12159,.F.);
#12159 = EDGE_CURVE('',#12160,#12125,#12162,.T.);
#12160 = VERTEX_POINT('',#12161);
#12161 = CARTESIAN_POINT('',(-30.17561831823,33.658213480209,
    -26.81851782011));
#12162 = SURFACE_CURVE('',#12163,(#12168,#12175),.PCURVE_S1.);
#12163 = ELLIPSE('',#12164,3.549302374729,1.5);
#12164 = AXIS2_PLACEMENT_3D('',#12165,#12166,#12167);
#12165 = CARTESIAN_POINT('',(-32.57324994447,33.533962259198,
    -25.32367280002));
#12166 = DIRECTION('',(-0.422618261741,-0.546172463689,-0.723249227273)
  );
#12167 = DIRECTION('',(-0.906307787037,0.254684402491,0.337256653432));
#12168 = PCURVE('',#11926,#12169);
#12169 = DEFINITIONAL_REPRESENTATION('',(#12170),#12174);
#12170 = ELLIPSE('',#12171,3.549302374729,1.5);
#12171 = AXIS2_PLACEMENT_2D('',#12172,#12173);
#12172 = CARTESIAN_POINT('',(29.415121352005,8.299994307606));
#12173 = DIRECTION('',(2.775557561563E-17,-1.));
#12174 = ( GEOMETRIC_REPRESENTATION_CONTEXT(2) 
PARAMETRIC_REPRESENTATION_CONTEXT() REPRESENTATION_CONTEXT('2D SPACE',''
  ) );
#12175 = PCURVE('',#12141,#12176);
#12176 = DEFINITIONAL_REPRESENTATION('',(#12177),#12187);
#12177 = B_SPLINE_CURVE_WITH_KNOTS('',8,(#12178,#12179,#12180,#12181,
    #12182,#12183,#12184,#12185,#12186),.UNSPECIFIED.,.F.,.F.,(9,9),(
    1.240249670074,3.14159265359),.PIECEWISE_BEZIER_KNOTS.);
#12178 = CARTESIAN_POINT('',(-1.901342983516,5.999999999062E-07));
#12179 = CARTESIAN_POINT('',(-1.663675110576,-0.72313272222));
#12180 = CARTESIAN_POINT('',(-1.426007237636,-1.513664959141));
#12181 = CARTESIAN_POINT('',(-1.188339364698,-2.309344507448));
#12182 = CARTESIAN_POINT('',(-0.950671491751,-3.039844771427));
#12183 = CARTESIAN_POINT('',(-0.713003618821,-3.637818875015));
#12184 = CARTESIAN_POINT('',(-0.475335745879,-4.053131704454));
#12185 = CARTESIAN_POINT('',(-0.237667872939,-4.26079198144));
#12186 = CARTESIAN_POINT('',(0.,-4.26079198144));
#12187 = ( GEOMETRIC_REPRESENTATION_CONTEXT(2) 
PARAMETRIC_REPRESENTATION_CONTEXT() REPRESENTATION_CONTEXT('2D SPACE',''
  ) );
#12188 = ORIENTED_EDGE('',*,*,#12189,.T.);
#12189 = EDGE_CURVE('',#12160,#12026,#12190,.T.);
#12190 = SURFACE_CURVE('',#12191,(#12195,#12202),.PCURVE_S1.);
#12191 = LINE('',#12192,#12193);
#12192 = CARTESIAN_POINT('',(-40.09559941781,36.445858577393,
    -23.12707913271));
#12193 = VECTOR('',#12194,1.);
#12194 = DIRECTION('',(0.906307787037,-0.254684402491,-0.337256653432));
#12195 = PCURVE('',#11926,#12196);
#12196 = DEFINITIONAL_REPRESENTATION('',(#12197),#12201);
#12197 = LINE('',#12198,#12199);
#12198 = CARTESIAN_POINT('',(30.415121352005,-8.881784197001E-16));
#12199 = VECTOR('',#12200,1.);
#12200 = DIRECTION('',(-2.775557561563E-17,1.));
#12201 = ( GEOMETRIC_REPRESENTATION_CONTEXT(2) 
PARAMETRIC_REPRESENTATION_CONTEXT() REPRESENTATION_CONTEXT('2D SPACE',''
  ) );
#12202 = PCURVE('',#12203,#12208);
#12203 = PLANE('',#12204);
#12204 = AXIS2_PLACEMENT_3D('',#12205,#12206,#12207);
#12205 = CARTESIAN_POINT('',(-40.09559941781,36.445858577393,
    -23.12707913271));
#12206 = DIRECTION('',(0.,0.79801722728,-0.602634636379));
#12207 = DIRECTION('',(0.906307787037,-0.254684402491,-0.337256653432));
#12208 = DEFINITIONAL_REPRESENTATION('',(#12209),#12213);
#12209 = LINE('',#12210,#12211);
#12210 = CARTESIAN_POINT('',(0.,-0.));
#12211 = VECTOR('',#12212,1.);
#12212 = DIRECTION('',(1.,2.775557561563E-17));
#12213 = ( GEOMETRIC_REPRESENTATION_CONTEXT(2) 
PARAMETRIC_REPRESENTATION_CONTEXT() REPRESENTATION_CONTEXT('2D SPACE',''
  ) );
#12214 = ADVANCED_FACE('',(#12215),#12008,.T.);
#12215 = FACE_BOUND('',#12216,.T.);
#12216 = EDGE_LOOP('',(#12217,#12240,#12241,#12242));
#12217 = ORIENTED_EDGE('',*,*,#12218,.F.);
#12218 = EDGE_CURVE('',#11967,#12219,#12221,.T.);
#12219 = VERTEX_POINT('',#12220);
#12220 = CARTESIAN_POINT('',(-33.61728154514,34.038592881836,
    -26.31481408807));
#12221 = SURFACE_CURVE('',#12222,(#12226,#12233),.PCURVE_S1.);
#12222 = LINE('',#12223,#12224);
#12223 = CARTESIAN_POINT('',(-40.46854044145,35.963886698437,
    -23.76531304635));
#12224 = VECTOR('',#12225,1.);
#12225 = DIRECTION('',(0.906307787037,-0.254684402491,-0.337256653432));
#12226 = PCURVE('',#12008,#12227);
#12227 = DEFINITIONAL_REPRESENTATION('',(#12228),#12232);
#12228 = LINE('',#12229,#12230);
#12229 = CARTESIAN_POINT('',(-1.942890293094E-16,0.88245364056));
#12230 = VECTOR('',#12231,1.);
#12231 = DIRECTION('',(1.,2.775557561563E-17));
#12232 = ( GEOMETRIC_REPRESENTATION_CONTEXT(2) 
PARAMETRIC_REPRESENTATION_CONTEXT() REPRESENTATION_CONTEXT('2D SPACE',''
  ) );
#12233 = PCURVE('',#11982,#12234);
#12234 = DEFINITIONAL_REPRESENTATION('',(#12235),#12239);
#12235 = LINE('',#12236,#12237);
#12236 = CARTESIAN_POINT('',(30.415121352005,0.));
#12237 = VECTOR('',#12238,1.);
#12238 = DIRECTION('',(-2.775557561563E-17,1.));
#12239 = ( GEOMETRIC_REPRESENTATION_CONTEXT(2) 
PARAMETRIC_REPRESENTATION_CONTEXT() REPRESENTATION_CONTEXT('2D SPACE',''
  ) );
#12240 = ORIENTED_EDGE('',*,*,#11994,.F.);
#12241 = ORIENTED_EDGE('',*,*,#12075,.T.);
#12242 = ORIENTED_EDGE('',*,*,#12243,.T.);
#12243 = EDGE_CURVE('',#12076,#12219,#12244,.T.);
#12244 = SURFACE_CURVE('',#12245,(#12249,#12255),.PCURVE_S1.);
#12245 = LINE('',#12246,#12247);
#12246 = CARTESIAN_POINT('',(-33.61728154514,35.388919031936,
    -24.52669328455));
#12247 = VECTOR('',#12248,1.);
#12248 = DIRECTION('',(0.,-0.602634636379,-0.79801722728));
#12249 = PCURVE('',#12008,#12250);
#12250 = DEFINITIONAL_REPRESENTATION('',(#12251),#12254);
#12251 = B_SPLINE_CURVE_WITH_KNOTS('',1,(#12252,#12253),.UNSPECIFIED.,
  .F.,.F.,(2,2),(1.267024652618,2.24070451412),
  .PIECEWISE_BEZIER_KNOTS.);
#12252 = CARTESIAN_POINT('',(7.148032892721,-6.661338147751E-16));
#12253 = CARTESIAN_POINT('',(7.559527783281,0.88245364056));
#12254 = ( GEOMETRIC_REPRESENTATION_CONTEXT(2) 
PARAMETRIC_REPRESENTATION_CONTEXT() REPRESENTATION_CONTEXT('2D SPACE',''
  ) );
#12255 = PCURVE('',#12113,#12256);
#12256 = DEFINITIONAL_REPRESENTATION('',(#12257),#12260);
#12257 = B_SPLINE_CURVE_WITH_KNOTS('',1,(#12258,#12259),.UNSPECIFIED.,
  .F.,.F.,(2,2),(1.267024652618,2.24070451412),
  .PIECEWISE_BEZIER_KNOTS.);
#12258 = CARTESIAN_POINT('',(1.,0.486839930751));
#12259 = CARTESIAN_POINT('',(1.,-0.486839930751));
#12260 = ( GEOMETRIC_REPRESENTATION_CONTEXT(2) 
PARAMETRIC_REPRESENTATION_CONTEXT() REPRESENTATION_CONTEXT('2D SPACE',''
  ) );
#12261 = ADVANCED_FACE('',(#12262),#11982,.T.);
#12262 = FACE_BOUND('',#12263,.T.);
#12263 = EDGE_LOOP('',(#12264,#12289,#12310,#12311,#12312,#12333,#12367,
    #12396));
#12264 = ORIENTED_EDGE('',*,*,#12265,.F.);
#12265 = EDGE_CURVE('',#12266,#12268,#12270,.T.);
#12266 = VERTEX_POINT('',#12267);
#12267 = CARTESIAN_POINT('',(-27.13896367248,7.946309586845,
    -10.39633014369));
#12268 = VERTEX_POINT('',#12269);
#12269 = CARTESIAN_POINT('',(-27.13896367248,32.218100395564,
    -28.72553574009));
#12270 = SURFACE_CURVE('',#12271,(#12275,#12282),.PCURVE_S1.);
#12271 = LINE('',#12272,#12273);
#12272 = CARTESIAN_POINT('',(-27.13896367248,7.946309586845,
    -10.39633014369));
#12273 = VECTOR('',#12274,1.);
#12274 = DIRECTION('',(0.,0.79801722728,-0.602634636379));
#12275 = PCURVE('',#11982,#12276);
#12276 = DEFINITIONAL_REPRESENTATION('',(#12277),#12281);
#12277 = LINE('',#12278,#12279);
#12278 = CARTESIAN_POINT('',(-1.33226762955E-15,14.707560676003));
#12279 = VECTOR('',#12280,1.);
#12280 = DIRECTION('',(1.,-5.551115123126E-17));
#12281 = ( GEOMETRIC_REPRESENTATION_CONTEXT(2) 
PARAMETRIC_REPRESENTATION_CONTEXT() REPRESENTATION_CONTEXT('2D SPACE',''
  ) );
#12282 = PCURVE('',#12041,#12283);
#12283 = DEFINITIONAL_REPRESENTATION('',(#12284),#12288);
#12284 = LINE('',#12285,#12286);
#12285 = CARTESIAN_POINT('',(-6.106226635438E-16,-0.88245364056));
#12286 = VECTOR('',#12287,1.);
#12287 = DIRECTION('',(1.,5.551115123126E-17));
#12288 = ( GEOMETRIC_REPRESENTATION_CONTEXT(2) 
PARAMETRIC_REPRESENTATION_CONTEXT() REPRESENTATION_CONTEXT('2D SPACE',''
  ) );
#12289 = ORIENTED_EDGE('',*,*,#12290,.F.);
#12290 = EDGE_CURVE('',#11939,#12266,#12291,.T.);
#12291 = SURFACE_CURVE('',#12292,(#12296,#12303),.PCURVE_S1.);
#12292 = LINE('',#12293,#12294);
#12293 = CARTESIAN_POINT('',(-40.46854044145,11.692095889718,
    -5.436107449957));
#12294 = VECTOR('',#12295,1.);
#12295 = DIRECTION('',(0.906307787037,-0.254684402491,-0.337256653432));
#12296 = PCURVE('',#11982,#12297);
#12297 = DEFINITIONAL_REPRESENTATION('',(#12298),#12302);
#12298 = LINE('',#12299,#12300);
#12299 = CARTESIAN_POINT('',(0.,0.));
#12300 = VECTOR('',#12301,1.);
#12301 = DIRECTION('',(-2.775557561563E-17,1.));
#12302 = ( GEOMETRIC_REPRESENTATION_CONTEXT(2) 
PARAMETRIC_REPRESENTATION_CONTEXT() REPRESENTATION_CONTEXT('2D SPACE',''
  ) );
#12303 = PCURVE('',#11954,#12304);
#12304 = DEFINITIONAL_REPRESENTATION('',(#12305),#12309);
#12305 = LINE('',#12306,#12307);
#12306 = CARTESIAN_POINT('',(-2.275957200482E-15,0.88245364056));
#12307 = VECTOR('',#12308,1.);
#12308 = DIRECTION('',(1.,2.775557561563E-17));
#12309 = ( GEOMETRIC_REPRESENTATION_CONTEXT(2) 
PARAMETRIC_REPRESENTATION_CONTEXT() REPRESENTATION_CONTEXT('2D SPACE',''
  ) );
#12310 = ORIENTED_EDGE('',*,*,#11966,.T.);
#12311 = ORIENTED_EDGE('',*,*,#12218,.T.);
#12312 = ORIENTED_EDGE('',*,*,#12313,.T.);
#12313 = EDGE_CURVE('',#12219,#12314,#12316,.T.);
#12314 = VERTEX_POINT('',#12315);
#12315 = CARTESIAN_POINT('',(-33.61728154514,32.108350656845,
    -24.85716282238));
#12316 = SURFACE_CURVE('',#12317,(#12321,#12327),.PCURVE_S1.);
#12317 = LINE('',#12318,#12319);
#12318 = CARTESIAN_POINT('',(-33.61728154514,21.503688863836,
    -16.84889397168));
#12319 = VECTOR('',#12320,1.);
#12320 = DIRECTION('',(0.,-0.79801722728,0.602634636379));
#12321 = PCURVE('',#11982,#12322);
#12322 = DEFINITIONAL_REPRESENTATION('',(#12323),#12326);
#12323 = B_SPLINE_CURVE_WITH_KNOTS('',1,(#12324,#12325),.UNSPECIFIED.,
  .F.,.F.,(2,2),(-15.707560676,-13.207560676),.PIECEWISE_BEZIER_KNOTS.);
#12324 = CARTESIAN_POINT('',(30.415121352005,7.559527783281));
#12325 = CARTESIAN_POINT('',(27.915121352005,7.559527783281));
#12326 = ( GEOMETRIC_REPRESENTATION_CONTEXT(2) 
PARAMETRIC_REPRESENTATION_CONTEXT() REPRESENTATION_CONTEXT('2D SPACE',''
  ) );
#12327 = PCURVE('',#12113,#12328);
#12328 = DEFINITIONAL_REPRESENTATION('',(#12329),#12332);
#12329 = B_SPLINE_CURVE_WITH_KNOTS('',1,(#12330,#12331),.UNSPECIFIED.,
  .F.,.F.,(2,2),(-15.707560676,-13.207560676),.PIECEWISE_BEZIER_KNOTS.);
#12330 = CARTESIAN_POINT('',(1.,-0.486839930751));
#12331 = CARTESIAN_POINT('',(-1.5,-0.486839930751));
#12332 = ( GEOMETRIC_REPRESENTATION_CONTEXT(2) 
PARAMETRIC_REPRESENTATION_CONTEXT() REPRESENTATION_CONTEXT('2D SPACE',''
  ) );
#12333 = ORIENTED_EDGE('',*,*,#12334,.F.);
#12334 = EDGE_CURVE('',#12335,#12314,#12337,.T.);
#12335 = VERTEX_POINT('',#12336);
#12336 = CARTESIAN_POINT('',(-31.44455276506,32.63001030463,
    -26.52069864094));
#12337 = SURFACE_CURVE('',#12338,(#12343,#12350),.PCURVE_S1.);
#12338 = ELLIPSE('',#12339,3.549302374729,1.5);
#12339 = AXIS2_PLACEMENT_3D('',#12340,#12341,#12342);
#12340 = CARTESIAN_POINT('',(-34.66131314582,33.533962259198,
    -25.32367280002));
#12341 = DIRECTION('',(-0.422618261741,-0.546172463689,-0.723249227273)
  );
#12342 = DIRECTION('',(-0.906307787037,0.254684402491,0.337256653432));
#12343 = PCURVE('',#11982,#12344);
#12344 = DEFINITIONAL_REPRESENTATION('',(#12345),#12349);
#12345 = ELLIPSE('',#12346,3.549302374729,1.5);
#12346 = AXIS2_PLACEMENT_2D('',#12347,#12348);
#12347 = CARTESIAN_POINT('',(29.415121352005,6.407566368396));
#12348 = DIRECTION('',(2.775557561563E-17,-1.));
#12349 = ( GEOMETRIC_REPRESENTATION_CONTEXT(2) 
PARAMETRIC_REPRESENTATION_CONTEXT() REPRESENTATION_CONTEXT('2D SPACE',''
  ) );
#12350 = PCURVE('',#12351,#12356);
#12351 = CYLINDRICAL_SURFACE('',#12352,1.5);
#12352 = AXIS2_PLACEMENT_3D('',#12353,#12354,#12355);
#12353 = CARTESIAN_POINT('',(-33.61728154514,33.533962259198,
    -25.32367280002));
#12354 = DIRECTION('',(-1.,0.,0.));
#12355 = DIRECTION('',(0.,-0.602634636379,-0.79801722728));
#12356 = DEFINITIONAL_REPRESENTATION('',(#12357),#12366);
#12357 = B_SPLINE_CURVE_WITH_KNOTS('',7,(#12358,#12359,#12360,#12361,
    #12362,#12363,#12364,#12365),.UNSPECIFIED.,.F.,.F.,(8,8),(
    3.14159265359,4.38184271806),.PIECEWISE_BEZIER_KNOTS.);
#12358 = CARTESIAN_POINT('',(-6.28318530718,-2.172728780088));
#12359 = CARTESIAN_POINT('',(-6.106006726541,-2.172728780088));
#12360 = CARTESIAN_POINT('',(-5.928828145902,-2.054916646473));
#12361 = CARTESIAN_POINT('',(-5.751649565264,-1.819297034843));
#12362 = CARTESIAN_POINT('',(-5.574470984625,-1.474912375583));
#12363 = CARTESIAN_POINT('',(-5.397292403986,-1.039936753646));
#12364 = CARTESIAN_POINT('',(-5.220113823348,-0.539086788624));
#12365 = CARTESIAN_POINT('',(-5.042935242709,5.999999999062E-07));
#12366 = ( GEOMETRIC_REPRESENTATION_CONTEXT(2) 
PARAMETRIC_REPRESENTATION_CONTEXT() REPRESENTATION_CONTEXT('2D SPACE',''
  ) );
#12367 = ORIENTED_EDGE('',*,*,#12368,.F.);
#12368 = EDGE_CURVE('',#12369,#12335,#12371,.T.);
#12369 = VERTEX_POINT('',#12370);
#12370 = CARTESIAN_POINT('',(-32.26368151958,33.658213480209,
    -26.81851782011));
#12371 = SURFACE_CURVE('',#12372,(#12377,#12384),.PCURVE_S1.);
#12372 = ELLIPSE('',#12373,3.549302374729,1.5);
#12373 = AXIS2_PLACEMENT_3D('',#12374,#12375,#12376);
#12374 = CARTESIAN_POINT('',(-34.66131314582,33.533962259198,
    -25.32367280002));
#12375 = DIRECTION('',(-0.422618261741,-0.546172463689,-0.723249227273)
  );
#12376 = DIRECTION('',(-0.906307787037,0.254684402491,0.337256653432));
#12377 = PCURVE('',#11982,#12378);
#12378 = DEFINITIONAL_REPRESENTATION('',(#12379),#12383);
#12379 = ELLIPSE('',#12380,3.549302374729,1.5);
#12380 = AXIS2_PLACEMENT_2D('',#12381,#12382);
#12381 = CARTESIAN_POINT('',(29.415121352005,6.407566368396));
#12382 = DIRECTION('',(2.775557561563E-17,-1.));
#12383 = ( GEOMETRIC_REPRESENTATION_CONTEXT(2) 
PARAMETRIC_REPRESENTATION_CONTEXT() REPRESENTATION_CONTEXT('2D SPACE',''
  ) );
#12384 = PCURVE('',#12141,#12385);
#12385 = DEFINITIONAL_REPRESENTATION('',(#12386),#12395);
#12386 = B_SPLINE_CURVE_WITH_KNOTS('',7,(#12387,#12388,#12389,#12390,
    #12391,#12392,#12393,#12394),.UNSPECIFIED.,.F.,.F.,(8,8),(
    1.901342589119,3.14159265359),.PIECEWISE_BEZIER_KNOTS.);
#12387 = CARTESIAN_POINT('',(-1.240250064471,5.999999999062E-07));
#12388 = CARTESIAN_POINT('',(-1.063071483832,-0.539086788624));
#12389 = CARTESIAN_POINT('',(-0.885892903193,-1.039936753646));
#12390 = CARTESIAN_POINT('',(-0.708714322554,-1.474912375582));
#12391 = CARTESIAN_POINT('',(-0.531535741916,-1.819297034844));
#12392 = CARTESIAN_POINT('',(-0.354357161277,-2.054916646473));
#12393 = CARTESIAN_POINT('',(-0.177178580639,-2.172728780088));
#12394 = CARTESIAN_POINT('',(0.,-2.172728780088));
#12395 = ( GEOMETRIC_REPRESENTATION_CONTEXT(2) 
PARAMETRIC_REPRESENTATION_CONTEXT() REPRESENTATION_CONTEXT('2D SPACE',''
  ) );
#12396 = ORIENTED_EDGE('',*,*,#12397,.T.);
#12397 = EDGE_CURVE('',#12369,#12268,#12398,.T.);
#12398 = SURFACE_CURVE('',#12399,(#12403,#12410),.PCURVE_S1.);
#12399 = LINE('',#12400,#12401);
#12400 = CARTESIAN_POINT('',(-40.46854044145,35.963886698437,
    -23.76531304635));
#12401 = VECTOR('',#12402,1.);
#12402 = DIRECTION('',(0.906307787037,-0.254684402491,-0.337256653432));
#12403 = PCURVE('',#11982,#12404);
#12404 = DEFINITIONAL_REPRESENTATION('',(#12405),#12409);
#12405 = LINE('',#12406,#12407);
#12406 = CARTESIAN_POINT('',(30.415121352005,0.));
#12407 = VECTOR('',#12408,1.);
#12408 = DIRECTION('',(-2.775557561563E-17,1.));
#12409 = ( GEOMETRIC_REPRESENTATION_CONTEXT(2) 
PARAMETRIC_REPRESENTATION_CONTEXT() REPRESENTATION_CONTEXT('2D SPACE',''
  ) );
#12410 = PCURVE('',#12203,#12411);
#12411 = DEFINITIONAL_REPRESENTATION('',(#12412),#12416);
#12412 = LINE('',#12413,#12414);
#12413 = CARTESIAN_POINT('',(-1.942890293094E-16,0.88245364056));
#12414 = VECTOR('',#12415,1.);
#12415 = DIRECTION('',(1.,2.775557561563E-17));
#12416 = ( GEOMETRIC_REPRESENTATION_CONTEXT(2) 
PARAMETRIC_REPRESENTATION_CONTEXT() REPRESENTATION_CONTEXT('2D SPACE',''
  ) );
#12417 = ADVANCED_FACE('',(#12418),#11954,.F.);
#12418 = FACE_BOUND('',#12419,.F.);
#12419 = EDGE_LOOP('',(#12420,#12421,#12422,#12443));
#12420 = ORIENTED_EDGE('',*,*,#11938,.F.);
#12421 = ORIENTED_EDGE('',*,*,#12053,.T.);
#12422 = ORIENTED_EDGE('',*,*,#12423,.T.);
#12423 = EDGE_CURVE('',#12024,#12266,#12424,.T.);
#12424 = SURFACE_CURVE('',#12425,(#12429,#12436),.PCURVE_S1.);
#12425 = LINE('',#12426,#12427);
#12426 = CARTESIAN_POINT('',(-26.76602264884,8.428281465801,
    -9.758096230058));
#12427 = VECTOR('',#12428,1.);
#12428 = DIRECTION('',(-0.422618261741,-0.546172463689,-0.723249227273)
  );
#12429 = PCURVE('',#11954,#12430);
#12430 = DEFINITIONAL_REPRESENTATION('',(#12431),#12435);
#12431 = LINE('',#12432,#12433);
#12432 = CARTESIAN_POINT('',(14.707560676003,-1.33226762955E-15));
#12433 = VECTOR('',#12434,1.);
#12434 = DIRECTION('',(2.775557561563E-17,1.));
#12435 = ( GEOMETRIC_REPRESENTATION_CONTEXT(2) 
PARAMETRIC_REPRESENTATION_CONTEXT() REPRESENTATION_CONTEXT('2D SPACE',''
  ) );
#12436 = PCURVE('',#12041,#12437);
#12437 = DEFINITIONAL_REPRESENTATION('',(#12438),#12442);
#12438 = LINE('',#12439,#12440);
#12439 = CARTESIAN_POINT('',(0.,0.));
#12440 = VECTOR('',#12441,1.);
#12441 = DIRECTION('',(-5.551115123126E-17,-1.));
#12442 = ( GEOMETRIC_REPRESENTATION_CONTEXT(2) 
PARAMETRIC_REPRESENTATION_CONTEXT() REPRESENTATION_CONTEXT('2D SPACE',''
  ) );
#12443 = ORIENTED_EDGE('',*,*,#12290,.F.);
#12444 = ADVANCED_FACE('',(#12445),#12041,.T.);
#12445 = FACE_BOUND('',#12446,.T.);
#12446 = EDGE_LOOP('',(#12447,#12448,#12449,#12450));
#12447 = ORIENTED_EDGE('',*,*,#12023,.F.);
#12448 = ORIENTED_EDGE('',*,*,#12423,.T.);
#12449 = ORIENTED_EDGE('',*,*,#12265,.T.);
#12450 = ORIENTED_EDGE('',*,*,#12451,.F.);
#12451 = EDGE_CURVE('',#12026,#12268,#12452,.T.);
#12452 = SURFACE_CURVE('',#12453,(#12457,#12464),.PCURVE_S1.);
#12453 = LINE('',#12454,#12455);
#12454 = CARTESIAN_POINT('',(-26.76602264884,32.70007227452,
    -28.08730182645));
#12455 = VECTOR('',#12456,1.);
#12456 = DIRECTION('',(-0.422618261741,-0.546172463689,-0.723249227273)
  );
#12457 = PCURVE('',#12041,#12458);
#12458 = DEFINITIONAL_REPRESENTATION('',(#12459),#12463);
#12459 = LINE('',#12460,#12461);
#12460 = CARTESIAN_POINT('',(30.415121352005,1.7763568394E-15));
#12461 = VECTOR('',#12462,1.);
#12462 = DIRECTION('',(-5.551115123126E-17,-1.));
#12463 = ( GEOMETRIC_REPRESENTATION_CONTEXT(2) 
PARAMETRIC_REPRESENTATION_CONTEXT() REPRESENTATION_CONTEXT('2D SPACE',''
  ) );
#12464 = PCURVE('',#12203,#12465);
#12465 = DEFINITIONAL_REPRESENTATION('',(#12466),#12470);
#12466 = LINE('',#12467,#12468);
#12467 = CARTESIAN_POINT('',(14.707560676003,-4.440892098501E-16));
#12468 = VECTOR('',#12469,1.);
#12469 = DIRECTION('',(2.775557561563E-17,1.));
#12470 = ( GEOMETRIC_REPRESENTATION_CONTEXT(2) 
PARAMETRIC_REPRESENTATION_CONTEXT() REPRESENTATION_CONTEXT('2D SPACE',''
  ) );
#12471 = ADVANCED_FACE('',(#12472),#12203,.T.);
#12472 = FACE_BOUND('',#12473,.T.);
#12473 = EDGE_LOOP('',(#12474,#12475,#12494,#12495));
#12474 = ORIENTED_EDGE('',*,*,#12397,.F.);
#12475 = ORIENTED_EDGE('',*,*,#12476,.F.);
#12476 = EDGE_CURVE('',#12160,#12369,#12477,.T.);
#12477 = SURFACE_CURVE('',#12478,(#12482,#12488),.PCURVE_S1.);
#12478 = LINE('',#12479,#12480);
#12479 = CARTESIAN_POINT('',(-33.61728154514,33.658213480209,
    -26.81851782011));
#12480 = VECTOR('',#12481,1.);
#12481 = DIRECTION('',(-1.,0.,0.));
#12482 = PCURVE('',#12203,#12483);
#12483 = DEFINITIONAL_REPRESENTATION('',(#12484),#12487);
#12484 = B_SPLINE_CURVE_WITH_KNOTS('',1,(#12485,#12486),.UNSPECIFIED.,
  .F.,.F.,(2,2),(-3.65046954705,-1.144793705428),
  .PIECEWISE_BEZIER_KNOTS.);
#12485 = CARTESIAN_POINT('',(11.134730895725,-8.824536405582E-02));
#12486 = CARTESIAN_POINT('',(8.863817368674,0.970699004616));
#12487 = ( GEOMETRIC_REPRESENTATION_CONTEXT(2) 
PARAMETRIC_REPRESENTATION_CONTEXT() REPRESENTATION_CONTEXT('2D SPACE',''
  ) );
#12488 = PCURVE('',#12141,#12489);
#12489 = DEFINITIONAL_REPRESENTATION('',(#12490),#12493);
#12490 = B_SPLINE_CURVE_WITH_KNOTS('',1,(#12491,#12492),.UNSPECIFIED.,
  .F.,.F.,(2,2),(-3.65046954705,-1.144793705428),
  .PIECEWISE_BEZIER_KNOTS.);
#12491 = CARTESIAN_POINT('',(-0.729727656227,-3.65046954705));
#12492 = CARTESIAN_POINT('',(-0.729727656227,-1.144793705428));
#12493 = ( GEOMETRIC_REPRESENTATION_CONTEXT(2) 
PARAMETRIC_REPRESENTATION_CONTEXT() REPRESENTATION_CONTEXT('2D SPACE',''
  ) );
#12494 = ORIENTED_EDGE('',*,*,#12189,.T.);
#12495 = ORIENTED_EDGE('',*,*,#12451,.T.);
#12496 = ADVANCED_FACE('',(#12497),#12141,.T.);
#12497 = FACE_BOUND('',#12498,.F.);
#12498 = EDGE_LOOP('',(#12499,#12523,#12544,#12545,#12546,#12547,#12570,
    #12597,#12598));
#12499 = ORIENTED_EDGE('',*,*,#12500,.F.);
#12500 = EDGE_CURVE('',#12501,#12099,#12503,.T.);
#12501 = VERTEX_POINT('',#12502);
#12502 = CARTESIAN_POINT('',(-33.61728154514,32.63001030463,
    -26.52069864094));
#12503 = SURFACE_CURVE('',#12504,(#12509,#12516),.PCURVE_S1.);
#12504 = CIRCLE('',#12505,1.5);
#12505 = AXIS2_PLACEMENT_3D('',#12506,#12507,#12508);
#12506 = CARTESIAN_POINT('',(-33.61728154514,33.533962259198,
    -25.32367280002));
#12507 = DIRECTION('',(1.,0.,0.));
#12508 = DIRECTION('',(0.,-0.602634636379,-0.79801722728));
#12509 = PCURVE('',#12141,#12510);
#12510 = DEFINITIONAL_REPRESENTATION('',(#12511),#12515);
#12511 = LINE('',#12512,#12513);
#12512 = CARTESIAN_POINT('',(-0.,0.));
#12513 = VECTOR('',#12514,1.);
#12514 = DIRECTION('',(-1.,0.));
#12515 = ( GEOMETRIC_REPRESENTATION_CONTEXT(2) 
PARAMETRIC_REPRESENTATION_CONTEXT() REPRESENTATION_CONTEXT('2D SPACE',''
  ) );
#12516 = PCURVE('',#12113,#12517);
#12517 = DEFINITIONAL_REPRESENTATION('',(#12518),#12522);
#12518 = CIRCLE('',#12519,1.5);
#12519 = AXIS2_PLACEMENT_2D('',#12520,#12521);
#12520 = CARTESIAN_POINT('',(0.,0.));
#12521 = DIRECTION('',(0.,-1.));
#12522 = ( GEOMETRIC_REPRESENTATION_CONTEXT(2) 
PARAMETRIC_REPRESENTATION_CONTEXT() REPRESENTATION_CONTEXT('2D SPACE',''
  ) );
#12523 = ORIENTED_EDGE('',*,*,#12524,.T.);
#12524 = EDGE_CURVE('',#12501,#12335,#12525,.T.);
#12525 = SURFACE_CURVE('',#12526,(#12530,#12537),.PCURVE_S1.);
#12526 = LINE('',#12527,#12528);
#12527 = CARTESIAN_POINT('',(-33.61728154514,32.63001030463,
    -26.52069864094));
#12528 = VECTOR('',#12529,1.);
#12529 = DIRECTION('',(1.,0.,0.));
#12530 = PCURVE('',#12141,#12531);
#12531 = DEFINITIONAL_REPRESENTATION('',(#12532),#12536);
#12532 = LINE('',#12533,#12534);
#12533 = CARTESIAN_POINT('',(-0.,0.));
#12534 = VECTOR('',#12535,1.);
#12535 = DIRECTION('',(-0.,-1.));
#12536 = ( GEOMETRIC_REPRESENTATION_CONTEXT(2) 
PARAMETRIC_REPRESENTATION_CONTEXT() REPRESENTATION_CONTEXT('2D SPACE',''
  ) );
#12537 = PCURVE('',#12351,#12538);
#12538 = DEFINITIONAL_REPRESENTATION('',(#12539),#12543);
#12539 = LINE('',#12540,#12541);
#12540 = CARTESIAN_POINT('',(-6.28318530718,0.));
#12541 = VECTOR('',#12542,1.);
#12542 = DIRECTION('',(-0.,-1.));
#12543 = ( GEOMETRIC_REPRESENTATION_CONTEXT(2) 
PARAMETRIC_REPRESENTATION_CONTEXT() REPRESENTATION_CONTEXT('2D SPACE',''
  ) );
#12544 = ORIENTED_EDGE('',*,*,#12368,.F.);
#12545 = ORIENTED_EDGE('',*,*,#12476,.F.);
#12546 = ORIENTED_EDGE('',*,*,#12159,.T.);
#12547 = ORIENTED_EDGE('',*,*,#12548,.T.);
#12548 = EDGE_CURVE('',#12125,#12549,#12551,.T.);
#12549 = VERTEX_POINT('',#12550);
#12550 = CARTESIAN_POINT('',(-23.61728154514,32.63001030463,
    -26.52069864094));
#12551 = SEAM_CURVE('',#12552,(#12556,#12563),.PCURVE_S1.);
#12552 = LINE('',#12553,#12554);
#12553 = CARTESIAN_POINT('',(-33.61728154514,32.63001030463,
    -26.52069864094));
#12554 = VECTOR('',#12555,1.);
#12555 = DIRECTION('',(1.,0.,0.));
#12556 = PCURVE('',#12141,#12557);
#12557 = DEFINITIONAL_REPRESENTATION('',(#12558),#12562);
#12558 = LINE('',#12559,#12560);
#12559 = CARTESIAN_POINT('',(-0.,0.));
#12560 = VECTOR('',#12561,1.);
#12561 = DIRECTION('',(-0.,-1.));
#12562 = ( GEOMETRIC_REPRESENTATION_CONTEXT(2) 
PARAMETRIC_REPRESENTATION_CONTEXT() REPRESENTATION_CONTEXT('2D SPACE',''
  ) );
#12563 = PCURVE('',#12141,#12564);
#12564 = DEFINITIONAL_REPRESENTATION('',(#12565),#12569);
#12565 = LINE('',#12566,#12567);
#12566 = CARTESIAN_POINT('',(-6.28318530718,0.));
#12567 = VECTOR('',#12568,1.);
#12568 = DIRECTION('',(-0.,-1.));
#12569 = ( GEOMETRIC_REPRESENTATION_CONTEXT(2) 
PARAMETRIC_REPRESENTATION_CONTEXT() REPRESENTATION_CONTEXT('2D SPACE',''
  ) );
#12570 = ORIENTED_EDGE('',*,*,#12571,.T.);
#12571 = EDGE_CURVE('',#12549,#12549,#12572,.T.);
#12572 = SURFACE_CURVE('',#12573,(#12578,#12585),.PCURVE_S1.);
#12573 = CIRCLE('',#12574,1.5);
#12574 = AXIS2_PLACEMENT_3D('',#12575,#12576,#12577);
#12575 = CARTESIAN_POINT('',(-23.61728154514,33.533962259198,
    -25.32367280002));
#12576 = DIRECTION('',(1.,0.,0.));
#12577 = DIRECTION('',(0.,-0.602634636379,-0.79801722728));
#12578 = PCURVE('',#12141,#12579);
#12579 = DEFINITIONAL_REPRESENTATION('',(#12580),#12584);
#12580 = LINE('',#12581,#12582);
#12581 = CARTESIAN_POINT('',(-0.,-10.));
#12582 = VECTOR('',#12583,1.);
#12583 = DIRECTION('',(-1.,0.));
#12584 = ( GEOMETRIC_REPRESENTATION_CONTEXT(2) 
PARAMETRIC_REPRESENTATION_CONTEXT() REPRESENTATION_CONTEXT('2D SPACE',''
  ) );
#12585 = PCURVE('',#12586,#12591);
#12586 = PLANE('',#12587);
#12587 = AXIS2_PLACEMENT_3D('',#12588,#12589,#12590);
#12588 = CARTESIAN_POINT('',(-23.61728154514,33.533962259198,
    -25.32367280002));
#12589 = DIRECTION('',(1.,0.,0.));
#12590 = DIRECTION('',(0.,0.79801722728,-0.602634636379));
#12591 = DEFINITIONAL_REPRESENTATION('',(#12592),#12596);
#12592 = CIRCLE('',#12593,1.5);
#12593 = AXIS2_PLACEMENT_2D('',#12594,#12595);
#12594 = CARTESIAN_POINT('',(0.,0.));
#12595 = DIRECTION('',(0.,-1.));
#12596 = ( GEOMETRIC_REPRESENTATION_CONTEXT(2) 
PARAMETRIC_REPRESENTATION_CONTEXT() REPRESENTATION_CONTEXT('2D SPACE',''
  ) );
#12597 = ORIENTED_EDGE('',*,*,#12548,.F.);
#12598 = ORIENTED_EDGE('',*,*,#12124,.T.);
#12599 = ADVANCED_FACE('',(#12600),#12113,.F.);
#12600 = FACE_BOUND('',#12601,.F.);
#12601 = EDGE_LOOP('',(#12602,#12624,#12625,#12626,#12627));
#12602 = ORIENTED_EDGE('',*,*,#12603,.T.);
#12603 = EDGE_CURVE('',#12314,#12501,#12604,.T.);
#12604 = SURFACE_CURVE('',#12605,(#12610,#12617),.PCURVE_S1.);
#12605 = CIRCLE('',#12606,1.5);
#12606 = AXIS2_PLACEMENT_3D('',#12607,#12608,#12609);
#12607 = CARTESIAN_POINT('',(-33.61728154514,33.533962259198,
    -25.32367280002));
#12608 = DIRECTION('',(1.,0.,0.));
#12609 = DIRECTION('',(0.,-0.602634636379,-0.79801722728));
#12610 = PCURVE('',#12113,#12611);
#12611 = DEFINITIONAL_REPRESENTATION('',(#12612),#12616);
#12612 = CIRCLE('',#12613,1.5);
#12613 = AXIS2_PLACEMENT_2D('',#12614,#12615);
#12614 = CARTESIAN_POINT('',(0.,0.));
#12615 = DIRECTION('',(0.,-1.));
#12616 = ( GEOMETRIC_REPRESENTATION_CONTEXT(2) 
PARAMETRIC_REPRESENTATION_CONTEXT() REPRESENTATION_CONTEXT('2D SPACE',''
  ) );
#12617 = PCURVE('',#12351,#12618);
#12618 = DEFINITIONAL_REPRESENTATION('',(#12619),#12623);
#12619 = LINE('',#12620,#12621);
#12620 = CARTESIAN_POINT('',(-0.,0.));
#12621 = VECTOR('',#12622,1.);
#12622 = DIRECTION('',(-1.,0.));
#12623 = ( GEOMETRIC_REPRESENTATION_CONTEXT(2) 
PARAMETRIC_REPRESENTATION_CONTEXT() REPRESENTATION_CONTEXT('2D SPACE',''
  ) );
#12624 = ORIENTED_EDGE('',*,*,#12500,.T.);
#12625 = ORIENTED_EDGE('',*,*,#12098,.F.);
#12626 = ORIENTED_EDGE('',*,*,#12243,.T.);
#12627 = ORIENTED_EDGE('',*,*,#12313,.T.);
#12628 = ADVANCED_FACE('',(#12629),#12351,.T.);
#12629 = FACE_BOUND('',#12630,.F.);
#12630 = EDGE_LOOP('',(#12631,#12632,#12633));
#12631 = ORIENTED_EDGE('',*,*,#12603,.F.);
#12632 = ORIENTED_EDGE('',*,*,#12334,.F.);
#12633 = ORIENTED_EDGE('',*,*,#12524,.F.);
#12634 = ADVANCED_FACE('',(#12635),#12586,.T.);
#12635 = FACE_BOUND('',#12636,.T.);
#12636 = EDGE_LOOP('',(#12637));
#12637 = ORIENTED_EDGE('',*,*,#12571,.T.);
#12638 = MANIFOLD_SOLID_BREP('',#12639);
#12639 = CLOSED_SHELL('',(#12640,#12760,#12955,#13002,#13158,#13185,
    #13212,#13237,#13340,#13369,#13375));
#12640 = ADVANCED_FACE('',(#12641),#12655,.F.);
#12641 = FACE_BOUND('',#12642,.F.);
#12642 = EDGE_LOOP('',(#12643,#12678,#12706,#12734));
#12643 = ORIENTED_EDGE('',*,*,#12644,.F.);
#12644 = EDGE_CURVE('',#12645,#12647,#12649,.T.);
#12645 = VERTEX_POINT('',#12646);
#12646 = CARTESIAN_POINT('',(-40.09559941781,13.085171943589,
    -7.610330777856E-02));
#12647 = VERTEX_POINT('',#12648);
#12648 = CARTESIAN_POINT('',(-40.09559941781,42.339215600161,
    -8.399596360374));
#12649 = SURFACE_CURVE('',#12650,(#12654,#12666),.PCURVE_S1.);
#12650 = LINE('',#12651,#12652);
#12651 = CARTESIAN_POINT('',(-40.09559941781,13.085171943589,
    -7.610330777856E-02));
#12652 = VECTOR('',#12653,1.);
#12653 = DIRECTION('',(0.,0.961825643173,-0.273662990072));
#12654 = PCURVE('',#12655,#12660);
#12655 = PLANE('',#12656);
#12656 = AXIS2_PLACEMENT_3D('',#12657,#12658,#12659);
#12657 = CARTESIAN_POINT('',(-40.09559941781,13.085171943589,
    -7.610330777856E-02));
#12658 = DIRECTION('',(0.906307787037,-0.115654977167,-0.406485081415));
#12659 = DIRECTION('',(0.,0.961825643173,-0.273662990072));
#12660 = DEFINITIONAL_REPRESENTATION('',(#12661),#12665);
#12661 = LINE('',#12662,#12663);
#12662 = CARTESIAN_POINT('',(0.,0.));
#12663 = VECTOR('',#12664,1.);
#12664 = DIRECTION('',(1.,0.));
#12665 = ( GEOMETRIC_REPRESENTATION_CONTEXT(2) 
PARAMETRIC_REPRESENTATION_CONTEXT() REPRESENTATION_CONTEXT('2D SPACE',''
  ) );
#12666 = PCURVE('',#12667,#12672);
#12667 = PLANE('',#12668);
#12668 = AXIS2_PLACEMENT_3D('',#12669,#12670,#12671);
#12669 = CARTESIAN_POINT('',(-40.09559941781,13.085171943589,
    -7.610330777856E-02));
#12670 = DIRECTION('',(-0.422618261741,-0.248022898926,-0.871710070179)
  );
#12671 = DIRECTION('',(0.,0.961825643173,-0.273662990072));
#12672 = DEFINITIONAL_REPRESENTATION('',(#12673),#12677);
#12673 = LINE('',#12674,#12675);
#12674 = CARTESIAN_POINT('',(0.,0.));
#12675 = VECTOR('',#12676,1.);
#12676 = DIRECTION('',(1.,0.));
#12677 = ( GEOMETRIC_REPRESENTATION_CONTEXT(2) 
PARAMETRIC_REPRESENTATION_CONTEXT() REPRESENTATION_CONTEXT('2D SPACE',''
  ) );
#12678 = ORIENTED_EDGE('',*,*,#12679,.T.);
#12679 = EDGE_CURVE('',#12645,#12680,#12682,.T.);
#12680 = VERTEX_POINT('',#12681);
#12681 = CARTESIAN_POINT('',(-40.46854044145,12.86630323349,
    -0.845347032721));
#12682 = SURFACE_CURVE('',#12683,(#12687,#12694),.PCURVE_S1.);
#12683 = LINE('',#12684,#12685);
#12684 = CARTESIAN_POINT('',(-40.09559941781,13.085171943589,
    -7.610330777856E-02));
#12685 = VECTOR('',#12686,1.);
#12686 = DIRECTION('',(-0.422618261741,-0.248022898926,-0.871710070179)
  );
#12687 = PCURVE('',#12655,#12688);
#12688 = DEFINITIONAL_REPRESENTATION('',(#12689),#12693);
#12689 = LINE('',#12690,#12691);
#12690 = CARTESIAN_POINT('',(0.,0.));
#12691 = VECTOR('',#12692,1.);
#12692 = DIRECTION('',(0.,-1.));
#12693 = ( GEOMETRIC_REPRESENTATION_CONTEXT(2) 
PARAMETRIC_REPRESENTATION_CONTEXT() REPRESENTATION_CONTEXT('2D SPACE',''
  ) );
#12694 = PCURVE('',#12695,#12700);
#12695 = PLANE('',#12696);
#12696 = AXIS2_PLACEMENT_3D('',#12697,#12698,#12699);
#12697 = CARTESIAN_POINT('',(-40.09559941781,13.085171943589,
    -7.610330777856E-02));
#12698 = DIRECTION('',(0.,0.961825643173,-0.273662990072));
#12699 = DIRECTION('',(0.906307787037,-0.115654977167,-0.406485081415));
#12700 = DEFINITIONAL_REPRESENTATION('',(#12701),#12705);
#12701 = LINE('',#12702,#12703);
#12702 = CARTESIAN_POINT('',(0.,-0.));
#12703 = VECTOR('',#12704,1.);
#12704 = DIRECTION('',(0.,1.));
#12705 = ( GEOMETRIC_REPRESENTATION_CONTEXT(2) 
PARAMETRIC_REPRESENTATION_CONTEXT() REPRESENTATION_CONTEXT('2D SPACE',''
  ) );
#12706 = ORIENTED_EDGE('',*,*,#12707,.T.);
#12707 = EDGE_CURVE('',#12680,#12708,#12710,.T.);
#12708 = VERTEX_POINT('',#12709);
#12709 = CARTESIAN_POINT('',(-40.46854044145,42.120346890061,
    -9.168840085316));
#12710 = SURFACE_CURVE('',#12711,(#12715,#12722),.PCURVE_S1.);
#12711 = LINE('',#12712,#12713);
#12712 = CARTESIAN_POINT('',(-40.46854044145,12.86630323349,
    -0.845347032721));
#12713 = VECTOR('',#12714,1.);
#12714 = DIRECTION('',(0.,0.961825643173,-0.273662990072));
#12715 = PCURVE('',#12655,#12716);
#12716 = DEFINITIONAL_REPRESENTATION('',(#12717),#12721);
#12717 = LINE('',#12718,#12719);
#12718 = CARTESIAN_POINT('',(2.775557561563E-16,-0.88245364056));
#12719 = VECTOR('',#12720,1.);
#12720 = DIRECTION('',(1.,0.));
#12721 = ( GEOMETRIC_REPRESENTATION_CONTEXT(2) 
PARAMETRIC_REPRESENTATION_CONTEXT() REPRESENTATION_CONTEXT('2D SPACE',''
  ) );
#12722 = PCURVE('',#12723,#12728);
#12723 = PLANE('',#12724);
#12724 = AXIS2_PLACEMENT_3D('',#12725,#12726,#12727);
#12725 = CARTESIAN_POINT('',(-40.46854044145,12.86630323349,
    -0.845347032721));
#12726 = DIRECTION('',(-0.422618261741,-0.248022898926,-0.871710070179)
  );
#12727 = DIRECTION('',(0.,0.961825643173,-0.273662990072));
#12728 = DEFINITIONAL_REPRESENTATION('',(#12729),#12733);
#12729 = LINE('',#12730,#12731);
#12730 = CARTESIAN_POINT('',(0.,0.));
#12731 = VECTOR('',#12732,1.);
#12732 = DIRECTION('',(1.,0.));
#12733 = ( GEOMETRIC_REPRESENTATION_CONTEXT(2) 
PARAMETRIC_REPRESENTATION_CONTEXT() REPRESENTATION_CONTEXT('2D SPACE',''
  ) );
#12734 = ORIENTED_EDGE('',*,*,#12735,.F.);
#12735 = EDGE_CURVE('',#12647,#12708,#12736,.T.);
#12736 = SURFACE_CURVE('',#12737,(#12741,#12748),.PCURVE_S1.);
#12737 = LINE('',#12738,#12739);
#12738 = CARTESIAN_POINT('',(-40.09559941781,42.339215600161,
    -8.399596360374));
#12739 = VECTOR('',#12740,1.);
#12740 = DIRECTION('',(-0.422618261741,-0.248022898926,-0.871710070179)
  );
#12741 = PCURVE('',#12655,#12742);
#12742 = DEFINITIONAL_REPRESENTATION('',(#12743),#12747);
#12743 = LINE('',#12744,#12745);
#12744 = CARTESIAN_POINT('',(30.415121352005,2.6645352591E-15));
#12745 = VECTOR('',#12746,1.);
#12746 = DIRECTION('',(0.,-1.));
#12747 = ( GEOMETRIC_REPRESENTATION_CONTEXT(2) 
PARAMETRIC_REPRESENTATION_CONTEXT() REPRESENTATION_CONTEXT('2D SPACE',''
  ) );
#12748 = PCURVE('',#12749,#12754);
#12749 = PLANE('',#12750);
#12750 = AXIS2_PLACEMENT_3D('',#12751,#12752,#12753);
#12751 = CARTESIAN_POINT('',(-40.09559941781,42.339215600161,
    -8.399596360374));
#12752 = DIRECTION('',(0.,0.961825643173,-0.273662990072));
#12753 = DIRECTION('',(0.906307787037,-0.115654977167,-0.406485081415));
#12754 = DEFINITIONAL_REPRESENTATION('',(#12755),#12759);
#12755 = LINE('',#12756,#12757);
#12756 = CARTESIAN_POINT('',(0.,-0.));
#12757 = VECTOR('',#12758,1.);
#12758 = DIRECTION('',(0.,1.));
#12759 = ( GEOMETRIC_REPRESENTATION_CONTEXT(2) 
PARAMETRIC_REPRESENTATION_CONTEXT() REPRESENTATION_CONTEXT('2D SPACE',''
  ) );
#12760 = ADVANCED_FACE('',(#12761),#12667,.F.);
#12761 = FACE_BOUND('',#12762,.F.);
#12762 = EDGE_LOOP('',(#12763,#12793,#12814,#12815,#12838,#12864,#12899,
    #12929));
#12763 = ORIENTED_EDGE('',*,*,#12764,.F.);
#12764 = EDGE_CURVE('',#12765,#12767,#12769,.T.);
#12765 = VERTEX_POINT('',#12766);
#12766 = CARTESIAN_POINT('',(-26.76602264884,11.384169349424,
    -6.054507306584));
#12767 = VERTEX_POINT('',#12768);
#12768 = CARTESIAN_POINT('',(-26.76602264884,40.638213005995,
    -14.37800035917));
#12769 = SURFACE_CURVE('',#12770,(#12774,#12781),.PCURVE_S1.);
#12770 = LINE('',#12771,#12772);
#12771 = CARTESIAN_POINT('',(-26.76602264884,11.384169349424,
    -6.054507306584));
#12772 = VECTOR('',#12773,1.);
#12773 = DIRECTION('',(0.,0.961825643173,-0.273662990072));
#12774 = PCURVE('',#12667,#12775);
#12775 = DEFINITIONAL_REPRESENTATION('',(#12776),#12780);
#12776 = LINE('',#12777,#12778);
#12777 = CARTESIAN_POINT('',(8.881784197001E-16,14.707560676003));
#12778 = VECTOR('',#12779,1.);
#12779 = DIRECTION('',(1.,0.));
#12780 = ( GEOMETRIC_REPRESENTATION_CONTEXT(2) 
PARAMETRIC_REPRESENTATION_CONTEXT() REPRESENTATION_CONTEXT('2D SPACE',''
  ) );
#12781 = PCURVE('',#12782,#12787);
#12782 = PLANE('',#12783);
#12783 = AXIS2_PLACEMENT_3D('',#12784,#12785,#12786);
#12784 = CARTESIAN_POINT('',(-26.76602264884,11.384169349424,
    -6.054507306584));
#12785 = DIRECTION('',(0.906307787037,-0.115654977167,-0.406485081415));
#12786 = DIRECTION('',(0.,0.961825643173,-0.273662990072));
#12787 = DEFINITIONAL_REPRESENTATION('',(#12788),#12792);
#12788 = LINE('',#12789,#12790);
#12789 = CARTESIAN_POINT('',(0.,0.));
#12790 = VECTOR('',#12791,1.);
#12791 = DIRECTION('',(1.,0.));
#12792 = ( GEOMETRIC_REPRESENTATION_CONTEXT(2) 
PARAMETRIC_REPRESENTATION_CONTEXT() REPRESENTATION_CONTEXT('2D SPACE',''
  ) );
#12793 = ORIENTED_EDGE('',*,*,#12794,.F.);
#12794 = EDGE_CURVE('',#12645,#12765,#12795,.T.);
#12795 = SURFACE_CURVE('',#12796,(#12800,#12807),.PCURVE_S1.);
#12796 = LINE('',#12797,#12798);
#12797 = CARTESIAN_POINT('',(-40.09559941781,13.085171943589,
    -7.610330777856E-02));
#12798 = VECTOR('',#12799,1.);
#12799 = DIRECTION('',(0.906307787037,-0.115654977167,-0.406485081415));
#12800 = PCURVE('',#12667,#12801);
#12801 = DEFINITIONAL_REPRESENTATION('',(#12802),#12806);
#12802 = LINE('',#12803,#12804);
#12803 = CARTESIAN_POINT('',(0.,0.));
#12804 = VECTOR('',#12805,1.);
#12805 = DIRECTION('',(0.,1.));
#12806 = ( GEOMETRIC_REPRESENTATION_CONTEXT(2) 
PARAMETRIC_REPRESENTATION_CONTEXT() REPRESENTATION_CONTEXT('2D SPACE',''
  ) );
#12807 = PCURVE('',#12695,#12808);
#12808 = DEFINITIONAL_REPRESENTATION('',(#12809),#12813);
#12809 = LINE('',#12810,#12811);
#12810 = CARTESIAN_POINT('',(0.,-0.));
#12811 = VECTOR('',#12812,1.);
#12812 = DIRECTION('',(1.,0.));
#12813 = ( GEOMETRIC_REPRESENTATION_CONTEXT(2) 
PARAMETRIC_REPRESENTATION_CONTEXT() REPRESENTATION_CONTEXT('2D SPACE',''
  ) );
#12814 = ORIENTED_EDGE('',*,*,#12644,.T.);
#12815 = ORIENTED_EDGE('',*,*,#12816,.T.);
#12816 = EDGE_CURVE('',#12647,#12817,#12819,.T.);
#12817 = VERTEX_POINT('',#12818);
#12818 = CARTESIAN_POINT('',(-33.61728154514,41.512510019164,
    -11.30516509273));
#12819 = SURFACE_CURVE('',#12820,(#12824,#12831),.PCURVE_S1.);
#12820 = LINE('',#12821,#12822);
#12821 = CARTESIAN_POINT('',(-40.09559941781,42.339215600161,
    -8.399596360374));
#12822 = VECTOR('',#12823,1.);
#12823 = DIRECTION('',(0.906307787037,-0.115654977167,-0.406485081415));
#12824 = PCURVE('',#12667,#12825);
#12825 = DEFINITIONAL_REPRESENTATION('',(#12826),#12830);
#12826 = LINE('',#12827,#12828);
#12827 = CARTESIAN_POINT('',(30.415121352005,8.881784197001E-16));
#12828 = VECTOR('',#12829,1.);
#12829 = DIRECTION('',(0.,1.));
#12830 = ( GEOMETRIC_REPRESENTATION_CONTEXT(2) 
PARAMETRIC_REPRESENTATION_CONTEXT() REPRESENTATION_CONTEXT('2D SPACE',''
  ) );
#12831 = PCURVE('',#12749,#12832);
#12832 = DEFINITIONAL_REPRESENTATION('',(#12833),#12837);
#12833 = LINE('',#12834,#12835);
#12834 = CARTESIAN_POINT('',(0.,-0.));
#12835 = VECTOR('',#12836,1.);
#12836 = DIRECTION('',(1.,0.));
#12837 = ( GEOMETRIC_REPRESENTATION_CONTEXT(2) 
PARAMETRIC_REPRESENTATION_CONTEXT() REPRESENTATION_CONTEXT('2D SPACE',''
  ) );
#12838 = ORIENTED_EDGE('',*,*,#12839,.T.);
#12839 = EDGE_CURVE('',#12817,#12840,#12842,.T.);
#12840 = VERTEX_POINT('',#12841);
#12841 = CARTESIAN_POINT('',(-33.61728154514,39.186048376401,
    -10.64322968482));
#12842 = SURFACE_CURVE('',#12843,(#12847,#12853),.PCURVE_S1.);
#12843 = LINE('',#12844,#12845);
#12844 = CARTESIAN_POINT('',(-33.61728154514,26.404575369292,
    -7.006587071397));
#12845 = VECTOR('',#12846,1.);
#12846 = DIRECTION('',(0.,-0.961825643173,0.273662990072));
#12847 = PCURVE('',#12667,#12848);
#12848 = DEFINITIONAL_REPRESENTATION('',(#12849),#12852);
#12849 = B_SPLINE_CURVE_WITH_KNOTS('',1,(#12850,#12851),.UNSPECIFIED.,
  .F.,.F.,(2,2),(-15.707560676,-13.207560676),.PIECEWISE_BEZIER_KNOTS.);
#12850 = CARTESIAN_POINT('',(30.415121352005,7.148032892721));
#12851 = CARTESIAN_POINT('',(27.915121352005,7.148032892721));
#12852 = ( GEOMETRIC_REPRESENTATION_CONTEXT(2) 
PARAMETRIC_REPRESENTATION_CONTEXT() REPRESENTATION_CONTEXT('2D SPACE',''
  ) );
#12853 = PCURVE('',#12854,#12859);
#12854 = PLANE('',#12855);
#12855 = AXIS2_PLACEMENT_3D('',#12856,#12857,#12858);
#12856 = CARTESIAN_POINT('',(-33.61728154514,40.417454304856,
    -11.49975723217));
#12857 = DIRECTION('',(1.,0.,0.));
#12858 = DIRECTION('',(0.,0.961825643173,-0.273662990072));
#12859 = DEFINITIONAL_REPRESENTATION('',(#12860),#12863);
#12860 = B_SPLINE_CURVE_WITH_KNOTS('',1,(#12861,#12862),.UNSPECIFIED.,
  .F.,.F.,(2,2),(-15.707560676,-13.207560676),.PIECEWISE_BEZIER_KNOTS.);
#12861 = CARTESIAN_POINT('',(1.,0.486839930751));
#12862 = CARTESIAN_POINT('',(-1.5,0.486839930751));
#12863 = ( GEOMETRIC_REPRESENTATION_CONTEXT(2) 
PARAMETRIC_REPRESENTATION_CONTEXT() REPRESENTATION_CONTEXT('2D SPACE',''
  ) );
#12864 = ORIENTED_EDGE('',*,*,#12865,.F.);
#12865 = EDGE_CURVE('',#12866,#12840,#12868,.T.);
#12866 = VERTEX_POINT('',#12867);
#12867 = CARTESIAN_POINT('',(-29.3564895637,40.006959819747,
    -12.94249569693));
#12868 = SURFACE_CURVE('',#12869,(#12874,#12881),.PCURVE_S1.);
#12869 = ELLIPSE('',#12870,3.549302374729,1.5);
#12870 = AXIS2_PLACEMENT_3D('',#12871,#12872,#12873);
#12871 = CARTESIAN_POINT('',(-32.57324994447,40.417454304856,
    -11.49975723217));
#12872 = DIRECTION('',(-0.422618261741,-0.248022898926,-0.871710070179)
  );
#12873 = DIRECTION('',(-0.906307787037,0.115654977167,0.406485081415));
#12874 = PCURVE('',#12667,#12875);
#12875 = DEFINITIONAL_REPRESENTATION('',(#12876),#12880);
#12876 = ELLIPSE('',#12877,3.549302374729,1.5);
#12877 = AXIS2_PLACEMENT_2D('',#12878,#12879);
#12878 = CARTESIAN_POINT('',(29.415121352005,8.299994307606));
#12879 = DIRECTION('',(0.,-1.));
#12880 = ( GEOMETRIC_REPRESENTATION_CONTEXT(2) 
PARAMETRIC_REPRESENTATION_CONTEXT() REPRESENTATION_CONTEXT('2D SPACE',''
  ) );
#12881 = PCURVE('',#12882,#12887);
#12882 = CYLINDRICAL_SURFACE('',#12883,1.5);
#12883 = AXIS2_PLACEMENT_3D('',#12884,#12885,#12886);
#12884 = CARTESIAN_POINT('',(-33.61728154514,40.417454304856,
    -11.49975723217));
#12885 = DIRECTION('',(-1.,0.,0.));
#12886 = DIRECTION('',(0.,-0.273662990072,-0.961825643173));
#12887 = DEFINITIONAL_REPRESENTATION('',(#12888),#12898);
#12888 = B_SPLINE_CURVE_WITH_KNOTS('',8,(#12889,#12890,#12891,#12892,
    #12893,#12894,#12895,#12896,#12897),.UNSPECIFIED.,.F.,.F.,(9,9),(
    3.14159265359,5.042935637106),.PIECEWISE_BEZIER_KNOTS.);
#12889 = CARTESIAN_POINT('',(-6.28318530718,-4.26079198144));
#12890 = CARTESIAN_POINT('',(-6.04551743424,-4.26079198144));
#12891 = CARTESIAN_POINT('',(-5.807849561301,-4.053131704453));
#12892 = CARTESIAN_POINT('',(-5.57018168836,-3.63781887501));
#12893 = CARTESIAN_POINT('',(-5.332513815422,-3.039844771427));
#12894 = CARTESIAN_POINT('',(-5.094845942482,-2.309344507439));
#12895 = CARTESIAN_POINT('',(-4.857178069543,-1.51366495914));
#12896 = CARTESIAN_POINT('',(-4.619510196603,-0.72313272222));
#12897 = CARTESIAN_POINT('',(-4.381842323664,5.999999999062E-07));
#12898 = ( GEOMETRIC_REPRESENTATION_CONTEXT(2) 
PARAMETRIC_REPRESENTATION_CONTEXT() REPRESENTATION_CONTEXT('2D SPACE',''
  ) );
#12899 = ORIENTED_EDGE('',*,*,#12900,.F.);
#12900 = EDGE_CURVE('',#12901,#12866,#12903,.T.);
#12901 = VERTEX_POINT('',#12902);
#12902 = CARTESIAN_POINT('',(-30.17561831823,41.073315423665,
    -12.84877398256));
#12903 = SURFACE_CURVE('',#12904,(#12909,#12916),.PCURVE_S1.);
#12904 = ELLIPSE('',#12905,3.549302374729,1.5);
#12905 = AXIS2_PLACEMENT_3D('',#12906,#12907,#12908);
#12906 = CARTESIAN_POINT('',(-32.57324994447,40.417454304856,
    -11.49975723217));
#12907 = DIRECTION('',(-0.422618261741,-0.248022898926,-0.871710070179)
  );
#12908 = DIRECTION('',(-0.906307787037,0.115654977167,0.406485081415));
#12909 = PCURVE('',#12667,#12910);
#12910 = DEFINITIONAL_REPRESENTATION('',(#12911),#12915);
#12911 = ELLIPSE('',#12912,3.549302374729,1.5);
#12912 = AXIS2_PLACEMENT_2D('',#12913,#12914);
#12913 = CARTESIAN_POINT('',(29.415121352005,8.299994307606));
#12914 = DIRECTION('',(0.,-1.));
#12915 = ( GEOMETRIC_REPRESENTATION_CONTEXT(2) 
PARAMETRIC_REPRESENTATION_CONTEXT() REPRESENTATION_CONTEXT('2D SPACE',''
  ) );
#12916 = PCURVE('',#12882,#12917);
#12917 = DEFINITIONAL_REPRESENTATION('',(#12918),#12928);
#12918 = B_SPLINE_CURVE_WITH_KNOTS('',8,(#12919,#12920,#12921,#12922,
    #12923,#12924,#12925,#12926,#12927),.UNSPECIFIED.,.F.,.F.,(9,9),(
    1.240249670074,3.14159265359),.PIECEWISE_BEZIER_KNOTS.);
#12919 = CARTESIAN_POINT('',(-1.901342983516,5.999999999062E-07));
#12920 = CARTESIAN_POINT('',(-1.663675110576,-0.72313272222));
#12921 = CARTESIAN_POINT('',(-1.426007237637,-1.513664959138));
#12922 = CARTESIAN_POINT('',(-1.188339364693,-2.309344507457));
#12923 = CARTESIAN_POINT('',(-0.950671491763,-3.039844771407));
#12924 = CARTESIAN_POINT('',(-0.713003618815,-3.63781887502));
#12925 = CARTESIAN_POINT('',(-0.475335745879,-4.053131704451));
#12926 = CARTESIAN_POINT('',(-0.237667872939,-4.26079198144));
#12927 = CARTESIAN_POINT('',(-4.736951571734E-15,-4.26079198144));
#12928 = ( GEOMETRIC_REPRESENTATION_CONTEXT(2) 
PARAMETRIC_REPRESENTATION_CONTEXT() REPRESENTATION_CONTEXT('2D SPACE',''
  ) );
#12929 = ORIENTED_EDGE('',*,*,#12930,.T.);
#12930 = EDGE_CURVE('',#12901,#12767,#12931,.T.);
#12931 = SURFACE_CURVE('',#12932,(#12936,#12943),.PCURVE_S1.);
#12932 = LINE('',#12933,#12934);
#12933 = CARTESIAN_POINT('',(-40.09559941781,42.339215600161,
    -8.399596360374));
#12934 = VECTOR('',#12935,1.);
#12935 = DIRECTION('',(0.906307787037,-0.115654977167,-0.406485081415));
#12936 = PCURVE('',#12667,#12937);
#12937 = DEFINITIONAL_REPRESENTATION('',(#12938),#12942);
#12938 = LINE('',#12939,#12940);
#12939 = CARTESIAN_POINT('',(30.415121352005,8.881784197001E-16));
#12940 = VECTOR('',#12941,1.);
#12941 = DIRECTION('',(0.,1.));
#12942 = ( GEOMETRIC_REPRESENTATION_CONTEXT(2) 
PARAMETRIC_REPRESENTATION_CONTEXT() REPRESENTATION_CONTEXT('2D SPACE',''
  ) );
#12943 = PCURVE('',#12944,#12949);
#12944 = PLANE('',#12945);
#12945 = AXIS2_PLACEMENT_3D('',#12946,#12947,#12948);
#12946 = CARTESIAN_POINT('',(-40.09559941781,42.339215600161,
    -8.399596360374));
#12947 = DIRECTION('',(0.,0.961825643173,-0.273662990072));
#12948 = DIRECTION('',(0.906307787037,-0.115654977167,-0.406485081415));
#12949 = DEFINITIONAL_REPRESENTATION('',(#12950),#12954);
#12950 = LINE('',#12951,#12952);
#12951 = CARTESIAN_POINT('',(0.,-0.));
#12952 = VECTOR('',#12953,1.);
#12953 = DIRECTION('',(1.,0.));
#12954 = ( GEOMETRIC_REPRESENTATION_CONTEXT(2) 
PARAMETRIC_REPRESENTATION_CONTEXT() REPRESENTATION_CONTEXT('2D SPACE',''
  ) );
#12955 = ADVANCED_FACE('',(#12956),#12749,.T.);
#12956 = FACE_BOUND('',#12957,.T.);
#12957 = EDGE_LOOP('',(#12958,#12981,#12982,#12983));
#12958 = ORIENTED_EDGE('',*,*,#12959,.F.);
#12959 = EDGE_CURVE('',#12708,#12960,#12962,.T.);
#12960 = VERTEX_POINT('',#12961);
#12961 = CARTESIAN_POINT('',(-33.61728154514,41.246049876893,
    -12.24167535176));
#12962 = SURFACE_CURVE('',#12963,(#12967,#12974),.PCURVE_S1.);
#12963 = LINE('',#12964,#12965);
#12964 = CARTESIAN_POINT('',(-40.46854044145,42.120346890061,
    -9.168840085316));
#12965 = VECTOR('',#12966,1.);
#12966 = DIRECTION('',(0.906307787037,-0.115654977167,-0.406485081415));
#12967 = PCURVE('',#12749,#12968);
#12968 = DEFINITIONAL_REPRESENTATION('',(#12969),#12973);
#12969 = LINE('',#12970,#12971);
#12970 = CARTESIAN_POINT('',(-3.275157922644E-15,0.88245364056));
#12971 = VECTOR('',#12972,1.);
#12972 = DIRECTION('',(1.,0.));
#12973 = ( GEOMETRIC_REPRESENTATION_CONTEXT(2) 
PARAMETRIC_REPRESENTATION_CONTEXT() REPRESENTATION_CONTEXT('2D SPACE',''
  ) );
#12974 = PCURVE('',#12723,#12975);
#12975 = DEFINITIONAL_REPRESENTATION('',(#12976),#12980);
#12976 = LINE('',#12977,#12978);
#12977 = CARTESIAN_POINT('',(30.415121352005,4.440892098501E-16));
#12978 = VECTOR('',#12979,1.);
#12979 = DIRECTION('',(0.,1.));
#12980 = ( GEOMETRIC_REPRESENTATION_CONTEXT(2) 
PARAMETRIC_REPRESENTATION_CONTEXT() REPRESENTATION_CONTEXT('2D SPACE',''
  ) );
#12981 = ORIENTED_EDGE('',*,*,#12735,.F.);
#12982 = ORIENTED_EDGE('',*,*,#12816,.T.);
#12983 = ORIENTED_EDGE('',*,*,#12984,.T.);
#12984 = EDGE_CURVE('',#12817,#12960,#12985,.T.);
#12985 = SURFACE_CURVE('',#12986,(#12990,#12996),.PCURVE_S1.);
#12986 = LINE('',#12987,#12988);
#12987 = CARTESIAN_POINT('',(-33.61728154514,41.859247774095,
    -10.08650829131));
#12988 = VECTOR('',#12989,1.);
#12989 = DIRECTION('',(0.,-0.273662990072,-0.961825643173));
#12990 = PCURVE('',#12749,#12991);
#12991 = DEFINITIONAL_REPRESENTATION('',(#12992),#12995);
#12992 = B_SPLINE_CURVE_WITH_KNOTS('',1,(#12993,#12994),.UNSPECIFIED.,
  .F.,.F.,(2,2),(1.267024652618,2.24070451412),
  .PIECEWISE_BEZIER_KNOTS.);
#12993 = CARTESIAN_POINT('',(7.148032892721,-6.661338147751E-16));
#12994 = CARTESIAN_POINT('',(7.559527783281,0.88245364056));
#12995 = ( GEOMETRIC_REPRESENTATION_CONTEXT(2) 
PARAMETRIC_REPRESENTATION_CONTEXT() REPRESENTATION_CONTEXT('2D SPACE',''
  ) );
#12996 = PCURVE('',#12854,#12997);
#12997 = DEFINITIONAL_REPRESENTATION('',(#12998),#13001);
#12998 = B_SPLINE_CURVE_WITH_KNOTS('',1,(#12999,#13000),.UNSPECIFIED.,
  .F.,.F.,(2,2),(1.267024652618,2.24070451412),
  .PIECEWISE_BEZIER_KNOTS.);
#12999 = CARTESIAN_POINT('',(1.,0.486839930751));
#13000 = CARTESIAN_POINT('',(1.,-0.486839930751));
#13001 = ( GEOMETRIC_REPRESENTATION_CONTEXT(2) 
PARAMETRIC_REPRESENTATION_CONTEXT() REPRESENTATION_CONTEXT('2D SPACE',''
  ) );
#13002 = ADVANCED_FACE('',(#13003),#12723,.T.);
#13003 = FACE_BOUND('',#13004,.T.);
#13004 = EDGE_LOOP('',(#13005,#13030,#13051,#13052,#13053,#13074,#13108,
    #13137));
#13005 = ORIENTED_EDGE('',*,*,#13006,.F.);
#13006 = EDGE_CURVE('',#13007,#13009,#13011,.T.);
#13007 = VERTEX_POINT('',#13008);
#13008 = CARTESIAN_POINT('',(-27.13896367248,11.165300639324,
    -6.823751031527));
#13009 = VERTEX_POINT('',#13010);
#13010 = CARTESIAN_POINT('',(-27.13896367248,40.419344295896,
    -15.14724408412));
#13011 = SURFACE_CURVE('',#13012,(#13016,#13023),.PCURVE_S1.);
#13012 = LINE('',#13013,#13014);
#13013 = CARTESIAN_POINT('',(-27.13896367248,11.165300639324,
    -6.823751031527));
#13014 = VECTOR('',#13015,1.);
#13015 = DIRECTION('',(0.,0.961825643173,-0.273662990072));
#13016 = PCURVE('',#12723,#13017);
#13017 = DEFINITIONAL_REPRESENTATION('',(#13018),#13022);
#13018 = LINE('',#13019,#13020);
#13019 = CARTESIAN_POINT('',(1.110223024625E-15,14.707560676003));
#13020 = VECTOR('',#13021,1.);
#13021 = DIRECTION('',(1.,0.));
#13022 = ( GEOMETRIC_REPRESENTATION_CONTEXT(2) 
PARAMETRIC_REPRESENTATION_CONTEXT() REPRESENTATION_CONTEXT('2D SPACE',''
  ) );
#13023 = PCURVE('',#12782,#13024);
#13024 = DEFINITIONAL_REPRESENTATION('',(#13025),#13029);
#13025 = LINE('',#13026,#13027);
#13026 = CARTESIAN_POINT('',(1.387778780781E-16,-0.88245364056));
#13027 = VECTOR('',#13028,1.);
#13028 = DIRECTION('',(1.,0.));
#13029 = ( GEOMETRIC_REPRESENTATION_CONTEXT(2) 
PARAMETRIC_REPRESENTATION_CONTEXT() REPRESENTATION_CONTEXT('2D SPACE',''
  ) );
#13030 = ORIENTED_EDGE('',*,*,#13031,.F.);
#13031 = EDGE_CURVE('',#12680,#13007,#13032,.T.);
#13032 = SURFACE_CURVE('',#13033,(#13037,#13044),.PCURVE_S1.);
#13033 = LINE('',#13034,#13035);
#13034 = CARTESIAN_POINT('',(-40.46854044145,12.86630323349,
    -0.845347032721));
#13035 = VECTOR('',#13036,1.);
#13036 = DIRECTION('',(0.906307787037,-0.115654977167,-0.406485081415));
#13037 = PCURVE('',#12723,#13038);
#13038 = DEFINITIONAL_REPRESENTATION('',(#13039),#13043);
#13039 = LINE('',#13040,#13041);
#13040 = CARTESIAN_POINT('',(0.,0.));
#13041 = VECTOR('',#13042,1.);
#13042 = DIRECTION('',(0.,1.));
#13043 = ( GEOMETRIC_REPRESENTATION_CONTEXT(2) 
PARAMETRIC_REPRESENTATION_CONTEXT() REPRESENTATION_CONTEXT('2D SPACE',''
  ) );
#13044 = PCURVE('',#12695,#13045);
#13045 = DEFINITIONAL_REPRESENTATION('',(#13046),#13050);
#13046 = LINE('',#13047,#13048);
#13047 = CARTESIAN_POINT('',(-2.498001805407E-15,0.88245364056));
#13048 = VECTOR('',#13049,1.);
#13049 = DIRECTION('',(1.,0.));
#13050 = ( GEOMETRIC_REPRESENTATION_CONTEXT(2) 
PARAMETRIC_REPRESENTATION_CONTEXT() REPRESENTATION_CONTEXT('2D SPACE',''
  ) );
#13051 = ORIENTED_EDGE('',*,*,#12707,.T.);
#13052 = ORIENTED_EDGE('',*,*,#12959,.T.);
#13053 = ORIENTED_EDGE('',*,*,#13054,.T.);
#13054 = EDGE_CURVE('',#12960,#13055,#13057,.T.);
#13055 = VERTEX_POINT('',#13056);
#13056 = CARTESIAN_POINT('',(-33.61728154514,38.91958823413,
    -11.57973994386));
#13057 = SURFACE_CURVE('',#13058,(#13062,#13068),.PCURVE_S1.);
#13058 = LINE('',#13059,#13060);
#13059 = CARTESIAN_POINT('',(-33.61728154514,26.13811522702,
    -7.943097330431));
#13060 = VECTOR('',#13061,1.);
#13061 = DIRECTION('',(0.,-0.961825643173,0.273662990072));
#13062 = PCURVE('',#12723,#13063);
#13063 = DEFINITIONAL_REPRESENTATION('',(#13064),#13067);
#13064 = B_SPLINE_CURVE_WITH_KNOTS('',1,(#13065,#13066),.UNSPECIFIED.,
  .F.,.F.,(2,2),(-15.707560676,-13.207560676),.PIECEWISE_BEZIER_KNOTS.);
#13065 = CARTESIAN_POINT('',(30.415121352005,7.559527783281));
#13066 = CARTESIAN_POINT('',(27.915121352005,7.559527783281));
#13067 = ( GEOMETRIC_REPRESENTATION_CONTEXT(2) 
PARAMETRIC_REPRESENTATION_CONTEXT() REPRESENTATION_CONTEXT('2D SPACE',''
  ) );
#13068 = PCURVE('',#12854,#13069);
#13069 = DEFINITIONAL_REPRESENTATION('',(#13070),#13073);
#13070 = B_SPLINE_CURVE_WITH_KNOTS('',1,(#13071,#13072),.UNSPECIFIED.,
  .F.,.F.,(2,2),(-15.707560676,-13.207560676),.PIECEWISE_BEZIER_KNOTS.);
#13071 = CARTESIAN_POINT('',(1.,-0.486839930751));
#13072 = CARTESIAN_POINT('',(-1.5,-0.486839930751));
#13073 = ( GEOMETRIC_REPRESENTATION_CONTEXT(2) 
PARAMETRIC_REPRESENTATION_CONTEXT() REPRESENTATION_CONTEXT('2D SPACE',''
  ) );
#13074 = ORIENTED_EDGE('',*,*,#13075,.F.);
#13075 = EDGE_CURVE('',#13076,#13055,#13078,.T.);
#13076 = VERTEX_POINT('',#13077);
#13077 = CARTESIAN_POINT('',(-31.44455276506,40.006959819747,
    -12.94249569693));
#13078 = SURFACE_CURVE('',#13079,(#13084,#13091),.PCURVE_S1.);
#13079 = ELLIPSE('',#13080,3.549302374729,1.5);
#13080 = AXIS2_PLACEMENT_3D('',#13081,#13082,#13083);
#13081 = CARTESIAN_POINT('',(-34.66131314582,40.417454304856,
    -11.49975723217));
#13082 = DIRECTION('',(-0.422618261741,-0.248022898926,-0.871710070179)
  );
#13083 = DIRECTION('',(-0.906307787037,0.115654977167,0.406485081415));
#13084 = PCURVE('',#12723,#13085);
#13085 = DEFINITIONAL_REPRESENTATION('',(#13086),#13090);
#13086 = ELLIPSE('',#13087,3.549302374729,1.5);
#13087 = AXIS2_PLACEMENT_2D('',#13088,#13089);
#13088 = CARTESIAN_POINT('',(29.415121352005,6.407566368396));
#13089 = DIRECTION('',(0.,-1.));
#13090 = ( GEOMETRIC_REPRESENTATION_CONTEXT(2) 
PARAMETRIC_REPRESENTATION_CONTEXT() REPRESENTATION_CONTEXT('2D SPACE',''
  ) );
#13091 = PCURVE('',#13092,#13097);
#13092 = CYLINDRICAL_SURFACE('',#13093,1.5);
#13093 = AXIS2_PLACEMENT_3D('',#13094,#13095,#13096);
#13094 = CARTESIAN_POINT('',(-33.61728154514,40.417454304856,
    -11.49975723217));
#13095 = DIRECTION('',(-1.,0.,0.));
#13096 = DIRECTION('',(0.,-0.273662990072,-0.961825643173));
#13097 = DEFINITIONAL_REPRESENTATION('',(#13098),#13107);
#13098 = B_SPLINE_CURVE_WITH_KNOTS('',7,(#13099,#13100,#13101,#13102,
    #13103,#13104,#13105,#13106),.UNSPECIFIED.,.F.,.F.,(8,8),(
    3.14159265359,4.38184271806),.PIECEWISE_BEZIER_KNOTS.);
#13099 = CARTESIAN_POINT('',(-6.28318530718,-2.172728780088));
#13100 = CARTESIAN_POINT('',(-6.106006726541,-2.172728780088));
#13101 = CARTESIAN_POINT('',(-5.928828145902,-2.054916646473));
#13102 = CARTESIAN_POINT('',(-5.751649565264,-1.819297034844));
#13103 = CARTESIAN_POINT('',(-5.574470984625,-1.474912375582));
#13104 = CARTESIAN_POINT('',(-5.397292403986,-1.039936753646));
#13105 = CARTESIAN_POINT('',(-5.220113823348,-0.539086788624));
#13106 = CARTESIAN_POINT('',(-5.042935242709,5.999999999062E-07));
#13107 = ( GEOMETRIC_REPRESENTATION_CONTEXT(2) 
PARAMETRIC_REPRESENTATION_CONTEXT() REPRESENTATION_CONTEXT('2D SPACE',''
  ) );
#13108 = ORIENTED_EDGE('',*,*,#13109,.F.);
#13109 = EDGE_CURVE('',#13110,#13076,#13112,.T.);
#13110 = VERTEX_POINT('',#13111);
#13111 = CARTESIAN_POINT('',(-32.26368151958,41.073315423665,
    -12.84877398256));
#13112 = SURFACE_CURVE('',#13113,(#13118,#13125),.PCURVE_S1.);
#13113 = ELLIPSE('',#13114,3.549302374729,1.5);
#13114 = AXIS2_PLACEMENT_3D('',#13115,#13116,#13117);
#13115 = CARTESIAN_POINT('',(-34.66131314582,40.417454304856,
    -11.49975723217));
#13116 = DIRECTION('',(-0.422618261741,-0.248022898926,-0.871710070179)
  );
#13117 = DIRECTION('',(-0.906307787037,0.115654977167,0.406485081415));
#13118 = PCURVE('',#12723,#13119);
#13119 = DEFINITIONAL_REPRESENTATION('',(#13120),#13124);
#13120 = ELLIPSE('',#13121,3.549302374729,1.5);
#13121 = AXIS2_PLACEMENT_2D('',#13122,#13123);
#13122 = CARTESIAN_POINT('',(29.415121352005,6.407566368396));
#13123 = DIRECTION('',(0.,-1.));
#13124 = ( GEOMETRIC_REPRESENTATION_CONTEXT(2) 
PARAMETRIC_REPRESENTATION_CONTEXT() REPRESENTATION_CONTEXT('2D SPACE',''
  ) );
#13125 = PCURVE('',#12882,#13126);
#13126 = DEFINITIONAL_REPRESENTATION('',(#13127),#13136);
#13127 = B_SPLINE_CURVE_WITH_KNOTS('',7,(#13128,#13129,#13130,#13131,
    #13132,#13133,#13134,#13135),.UNSPECIFIED.,.F.,.F.,(8,8),(
    1.901342589119,3.14159265359),.PIECEWISE_BEZIER_KNOTS.);
#13128 = CARTESIAN_POINT('',(-1.240250064471,5.999999999062E-07));
#13129 = CARTESIAN_POINT('',(-1.063071483832,-0.539086788624));
#13130 = CARTESIAN_POINT('',(-0.885892903193,-1.039936753646));
#13131 = CARTESIAN_POINT('',(-0.708714322555,-1.474912375583));
#13132 = CARTESIAN_POINT('',(-0.531535741916,-1.819297034843));
#13133 = CARTESIAN_POINT('',(-0.354357161277,-2.054916646473));
#13134 = CARTESIAN_POINT('',(-0.177178580639,-2.172728780088));
#13135 = CARTESIAN_POINT('',(-4.736951571734E-15,-2.172728780088));
#13136 = ( GEOMETRIC_REPRESENTATION_CONTEXT(2) 
PARAMETRIC_REPRESENTATION_CONTEXT() REPRESENTATION_CONTEXT('2D SPACE',''
  ) );
#13137 = ORIENTED_EDGE('',*,*,#13138,.T.);
#13138 = EDGE_CURVE('',#13110,#13009,#13139,.T.);
#13139 = SURFACE_CURVE('',#13140,(#13144,#13151),.PCURVE_S1.);
#13140 = LINE('',#13141,#13142);
#13141 = CARTESIAN_POINT('',(-40.46854044145,42.120346890061,
    -9.168840085316));
#13142 = VECTOR('',#13143,1.);
#13143 = DIRECTION('',(0.906307787037,-0.115654977167,-0.406485081415));
#13144 = PCURVE('',#12723,#13145);
#13145 = DEFINITIONAL_REPRESENTATION('',(#13146),#13150);
#13146 = LINE('',#13147,#13148);
#13147 = CARTESIAN_POINT('',(30.415121352005,4.440892098501E-16));
#13148 = VECTOR('',#13149,1.);
#13149 = DIRECTION('',(0.,1.));
#13150 = ( GEOMETRIC_REPRESENTATION_CONTEXT(2) 
PARAMETRIC_REPRESENTATION_CONTEXT() REPRESENTATION_CONTEXT('2D SPACE',''
  ) );
#13151 = PCURVE('',#12944,#13152);
#13152 = DEFINITIONAL_REPRESENTATION('',(#13153),#13157);
#13153 = LINE('',#13154,#13155);
#13154 = CARTESIAN_POINT('',(-3.275157922644E-15,0.88245364056));
#13155 = VECTOR('',#13156,1.);
#13156 = DIRECTION('',(1.,0.));
#13157 = ( GEOMETRIC_REPRESENTATION_CONTEXT(2) 
PARAMETRIC_REPRESENTATION_CONTEXT() REPRESENTATION_CONTEXT('2D SPACE',''
  ) );
#13158 = ADVANCED_FACE('',(#13159),#12695,.F.);
#13159 = FACE_BOUND('',#13160,.F.);
#13160 = EDGE_LOOP('',(#13161,#13162,#13163,#13184));
#13161 = ORIENTED_EDGE('',*,*,#12679,.F.);
#13162 = ORIENTED_EDGE('',*,*,#12794,.T.);
#13163 = ORIENTED_EDGE('',*,*,#13164,.T.);
#13164 = EDGE_CURVE('',#12765,#13007,#13165,.T.);
#13165 = SURFACE_CURVE('',#13166,(#13170,#13177),.PCURVE_S1.);
#13166 = LINE('',#13167,#13168);
#13167 = CARTESIAN_POINT('',(-26.76602264884,11.384169349424,
    -6.054507306584));
#13168 = VECTOR('',#13169,1.);
#13169 = DIRECTION('',(-0.422618261741,-0.248022898926,-0.871710070179)
  );
#13170 = PCURVE('',#12695,#13171);
#13171 = DEFINITIONAL_REPRESENTATION('',(#13172),#13176);
#13172 = LINE('',#13173,#13174);
#13173 = CARTESIAN_POINT('',(14.707560676003,0.));
#13174 = VECTOR('',#13175,1.);
#13175 = DIRECTION('',(0.,1.));
#13176 = ( GEOMETRIC_REPRESENTATION_CONTEXT(2) 
PARAMETRIC_REPRESENTATION_CONTEXT() REPRESENTATION_CONTEXT('2D SPACE',''
  ) );
#13177 = PCURVE('',#12782,#13178);
#13178 = DEFINITIONAL_REPRESENTATION('',(#13179),#13183);
#13179 = LINE('',#13180,#13181);
#13180 = CARTESIAN_POINT('',(0.,0.));
#13181 = VECTOR('',#13182,1.);
#13182 = DIRECTION('',(0.,-1.));
#13183 = ( GEOMETRIC_REPRESENTATION_CONTEXT(2) 
PARAMETRIC_REPRESENTATION_CONTEXT() REPRESENTATION_CONTEXT('2D SPACE',''
  ) );
#13184 = ORIENTED_EDGE('',*,*,#13031,.F.);
#13185 = ADVANCED_FACE('',(#13186),#12782,.T.);
#13186 = FACE_BOUND('',#13187,.T.);
#13187 = EDGE_LOOP('',(#13188,#13189,#13190,#13191));
#13188 = ORIENTED_EDGE('',*,*,#12764,.F.);
#13189 = ORIENTED_EDGE('',*,*,#13164,.T.);
#13190 = ORIENTED_EDGE('',*,*,#13006,.T.);
#13191 = ORIENTED_EDGE('',*,*,#13192,.F.);
#13192 = EDGE_CURVE('',#12767,#13009,#13193,.T.);
#13193 = SURFACE_CURVE('',#13194,(#13198,#13205),.PCURVE_S1.);
#13194 = LINE('',#13195,#13196);
#13195 = CARTESIAN_POINT('',(-26.76602264884,40.638213005995,
    -14.37800035917));
#13196 = VECTOR('',#13197,1.);
#13197 = DIRECTION('',(-0.422618261741,-0.248022898926,-0.871710070179)
  );
#13198 = PCURVE('',#12782,#13199);
#13199 = DEFINITIONAL_REPRESENTATION('',(#13200),#13204);
#13200 = LINE('',#13201,#13202);
#13201 = CARTESIAN_POINT('',(30.415121352005,1.7763568394E-15));
#13202 = VECTOR('',#13203,1.);
#13203 = DIRECTION('',(0.,-1.));
#13204 = ( GEOMETRIC_REPRESENTATION_CONTEXT(2) 
PARAMETRIC_REPRESENTATION_CONTEXT() REPRESENTATION_CONTEXT('2D SPACE',''
  ) );
#13205 = PCURVE('',#12944,#13206);
#13206 = DEFINITIONAL_REPRESENTATION('',(#13207),#13211);
#13207 = LINE('',#13208,#13209);
#13208 = CARTESIAN_POINT('',(14.707560676003,-8.881784197001E-16));
#13209 = VECTOR('',#13210,1.);
#13210 = DIRECTION('',(0.,1.));
#13211 = ( GEOMETRIC_REPRESENTATION_CONTEXT(2) 
PARAMETRIC_REPRESENTATION_CONTEXT() REPRESENTATION_CONTEXT('2D SPACE',''
  ) );
#13212 = ADVANCED_FACE('',(#13213),#12944,.T.);
#13213 = FACE_BOUND('',#13214,.T.);
#13214 = EDGE_LOOP('',(#13215,#13216,#13235,#13236));
#13215 = ORIENTED_EDGE('',*,*,#13138,.F.);
#13216 = ORIENTED_EDGE('',*,*,#13217,.F.);
#13217 = EDGE_CURVE('',#12901,#13110,#13218,.T.);
#13218 = SURFACE_CURVE('',#13219,(#13223,#13229),.PCURVE_S1.);
#13219 = LINE('',#13220,#13221);
#13220 = CARTESIAN_POINT('',(-33.61728154514,41.073315423665,
    -12.84877398256));
#13221 = VECTOR('',#13222,1.);
#13222 = DIRECTION('',(-1.,0.,0.));
#13223 = PCURVE('',#12944,#13224);
#13224 = DEFINITIONAL_REPRESENTATION('',(#13225),#13228);
#13225 = B_SPLINE_CURVE_WITH_KNOTS('',1,(#13226,#13227),.UNSPECIFIED.,
  .F.,.F.,(2,2),(-3.65046954705,-1.144793705428),
  .PIECEWISE_BEZIER_KNOTS.);
#13226 = CARTESIAN_POINT('',(11.134730895726,-8.824536405599E-02));
#13227 = CARTESIAN_POINT('',(8.863817368674,0.970699004616));
#13228 = ( GEOMETRIC_REPRESENTATION_CONTEXT(2) 
PARAMETRIC_REPRESENTATION_CONTEXT() REPRESENTATION_CONTEXT('2D SPACE',''
  ) );
#13229 = PCURVE('',#12882,#13230);
#13230 = DEFINITIONAL_REPRESENTATION('',(#13231),#13234);
#13231 = B_SPLINE_CURVE_WITH_KNOTS('',1,(#13232,#13233),.UNSPECIFIED.,
  .F.,.F.,(2,2),(-3.65046954705,-1.144793705428),
  .PIECEWISE_BEZIER_KNOTS.);
#13232 = CARTESIAN_POINT('',(-0.729727656227,-3.65046954705));
#13233 = CARTESIAN_POINT('',(-0.729727656227,-1.144793705428));
#13234 = ( GEOMETRIC_REPRESENTATION_CONTEXT(2) 
PARAMETRIC_REPRESENTATION_CONTEXT() REPRESENTATION_CONTEXT('2D SPACE',''
  ) );
#13235 = ORIENTED_EDGE('',*,*,#12930,.T.);
#13236 = ORIENTED_EDGE('',*,*,#13192,.T.);
#13237 = ADVANCED_FACE('',(#13238),#12882,.T.);
#13238 = FACE_BOUND('',#13239,.F.);
#13239 = EDGE_LOOP('',(#13240,#13264,#13285,#13286,#13287,#13288,#13311,
    #13338,#13339));
#13240 = ORIENTED_EDGE('',*,*,#13241,.F.);
#13241 = EDGE_CURVE('',#13242,#12840,#13244,.T.);
#13242 = VERTEX_POINT('',#13243);
#13243 = CARTESIAN_POINT('',(-33.61728154514,40.006959819747,
    -12.94249569693));
#13244 = SURFACE_CURVE('',#13245,(#13250,#13257),.PCURVE_S1.);
#13245 = CIRCLE('',#13246,1.5);
#13246 = AXIS2_PLACEMENT_3D('',#13247,#13248,#13249);
#13247 = CARTESIAN_POINT('',(-33.61728154514,40.417454304856,
    -11.49975723217));
#13248 = DIRECTION('',(1.,0.,0.));
#13249 = DIRECTION('',(0.,-0.273662990072,-0.961825643173));
#13250 = PCURVE('',#12882,#13251);
#13251 = DEFINITIONAL_REPRESENTATION('',(#13252),#13256);
#13252 = LINE('',#13253,#13254);
#13253 = CARTESIAN_POINT('',(-0.,0.));
#13254 = VECTOR('',#13255,1.);
#13255 = DIRECTION('',(-1.,0.));
#13256 = ( GEOMETRIC_REPRESENTATION_CONTEXT(2) 
PARAMETRIC_REPRESENTATION_CONTEXT() REPRESENTATION_CONTEXT('2D SPACE',''
  ) );
#13257 = PCURVE('',#12854,#13258);
#13258 = DEFINITIONAL_REPRESENTATION('',(#13259),#13263);
#13259 = CIRCLE('',#13260,1.5);
#13260 = AXIS2_PLACEMENT_2D('',#13261,#13262);
#13261 = CARTESIAN_POINT('',(0.,0.));
#13262 = DIRECTION('',(0.,-1.));
#13263 = ( GEOMETRIC_REPRESENTATION_CONTEXT(2) 
PARAMETRIC_REPRESENTATION_CONTEXT() REPRESENTATION_CONTEXT('2D SPACE',''
  ) );
#13264 = ORIENTED_EDGE('',*,*,#13265,.T.);
#13265 = EDGE_CURVE('',#13242,#13076,#13266,.T.);
#13266 = SURFACE_CURVE('',#13267,(#13271,#13278),.PCURVE_S1.);
#13267 = LINE('',#13268,#13269);
#13268 = CARTESIAN_POINT('',(-33.61728154514,40.006959819747,
    -12.94249569693));
#13269 = VECTOR('',#13270,1.);
#13270 = DIRECTION('',(1.,0.,0.));
#13271 = PCURVE('',#12882,#13272);
#13272 = DEFINITIONAL_REPRESENTATION('',(#13273),#13277);
#13273 = LINE('',#13274,#13275);
#13274 = CARTESIAN_POINT('',(-0.,0.));
#13275 = VECTOR('',#13276,1.);
#13276 = DIRECTION('',(-0.,-1.));
#13277 = ( GEOMETRIC_REPRESENTATION_CONTEXT(2) 
PARAMETRIC_REPRESENTATION_CONTEXT() REPRESENTATION_CONTEXT('2D SPACE',''
  ) );
#13278 = PCURVE('',#13092,#13279);
#13279 = DEFINITIONAL_REPRESENTATION('',(#13280),#13284);
#13280 = LINE('',#13281,#13282);
#13281 = CARTESIAN_POINT('',(-6.28318530718,0.));
#13282 = VECTOR('',#13283,1.);
#13283 = DIRECTION('',(-0.,-1.));
#13284 = ( GEOMETRIC_REPRESENTATION_CONTEXT(2) 
PARAMETRIC_REPRESENTATION_CONTEXT() REPRESENTATION_CONTEXT('2D SPACE',''
  ) );
#13285 = ORIENTED_EDGE('',*,*,#13109,.F.);
#13286 = ORIENTED_EDGE('',*,*,#13217,.F.);
#13287 = ORIENTED_EDGE('',*,*,#12900,.T.);
#13288 = ORIENTED_EDGE('',*,*,#13289,.T.);
#13289 = EDGE_CURVE('',#12866,#13290,#13292,.T.);
#13290 = VERTEX_POINT('',#13291);
#13291 = CARTESIAN_POINT('',(-23.61728154514,40.006959819747,
    -12.94249569693));
#13292 = SEAM_CURVE('',#13293,(#13297,#13304),.PCURVE_S1.);
#13293 = LINE('',#13294,#13295);
#13294 = CARTESIAN_POINT('',(-33.61728154514,40.006959819747,
    -12.94249569693));
#13295 = VECTOR('',#13296,1.);
#13296 = DIRECTION('',(1.,0.,0.));
#13297 = PCURVE('',#12882,#13298);
#13298 = DEFINITIONAL_REPRESENTATION('',(#13299),#13303);
#13299 = LINE('',#13300,#13301);
#13300 = CARTESIAN_POINT('',(-0.,0.));
#13301 = VECTOR('',#13302,1.);
#13302 = DIRECTION('',(-0.,-1.));
#13303 = ( GEOMETRIC_REPRESENTATION_CONTEXT(2) 
PARAMETRIC_REPRESENTATION_CONTEXT() REPRESENTATION_CONTEXT('2D SPACE',''
  ) );
#13304 = PCURVE('',#12882,#13305);
#13305 = DEFINITIONAL_REPRESENTATION('',(#13306),#13310);
#13306 = LINE('',#13307,#13308);
#13307 = CARTESIAN_POINT('',(-6.28318530718,0.));
#13308 = VECTOR('',#13309,1.);
#13309 = DIRECTION('',(-0.,-1.));
#13310 = ( GEOMETRIC_REPRESENTATION_CONTEXT(2) 
PARAMETRIC_REPRESENTATION_CONTEXT() REPRESENTATION_CONTEXT('2D SPACE',''
  ) );
#13311 = ORIENTED_EDGE('',*,*,#13312,.T.);
#13312 = EDGE_CURVE('',#13290,#13290,#13313,.T.);
#13313 = SURFACE_CURVE('',#13314,(#13319,#13326),.PCURVE_S1.);
#13314 = CIRCLE('',#13315,1.5);
#13315 = AXIS2_PLACEMENT_3D('',#13316,#13317,#13318);
#13316 = CARTESIAN_POINT('',(-23.61728154514,40.417454304856,
    -11.49975723217));
#13317 = DIRECTION('',(1.,0.,0.));
#13318 = DIRECTION('',(0.,-0.273662990072,-0.961825643173));
#13319 = PCURVE('',#12882,#13320);
#13320 = DEFINITIONAL_REPRESENTATION('',(#13321),#13325);
#13321 = LINE('',#13322,#13323);
#13322 = CARTESIAN_POINT('',(-0.,-10.));
#13323 = VECTOR('',#13324,1.);
#13324 = DIRECTION('',(-1.,0.));
#13325 = ( GEOMETRIC_REPRESENTATION_CONTEXT(2) 
PARAMETRIC_REPRESENTATION_CONTEXT() REPRESENTATION_CONTEXT('2D SPACE',''
  ) );
#13326 = PCURVE('',#13327,#13332);
#13327 = PLANE('',#13328);
#13328 = AXIS2_PLACEMENT_3D('',#13329,#13330,#13331);
#13329 = CARTESIAN_POINT('',(-23.61728154514,40.417454304856,
    -11.49975723217));
#13330 = DIRECTION('',(1.,0.,0.));
#13331 = DIRECTION('',(0.,0.961825643173,-0.273662990072));
#13332 = DEFINITIONAL_REPRESENTATION('',(#13333),#13337);
#13333 = CIRCLE('',#13334,1.5);
#13334 = AXIS2_PLACEMENT_2D('',#13335,#13336);
#13335 = CARTESIAN_POINT('',(0.,0.));
#13336 = DIRECTION('',(0.,-1.));
#13337 = ( GEOMETRIC_REPRESENTATION_CONTEXT(2) 
PARAMETRIC_REPRESENTATION_CONTEXT() REPRESENTATION_CONTEXT('2D SPACE',''
  ) );
#13338 = ORIENTED_EDGE('',*,*,#13289,.F.);
#13339 = ORIENTED_EDGE('',*,*,#12865,.T.);
#13340 = ADVANCED_FACE('',(#13341),#12854,.F.);
#13341 = FACE_BOUND('',#13342,.F.);
#13342 = EDGE_LOOP('',(#13343,#13365,#13366,#13367,#13368));
#13343 = ORIENTED_EDGE('',*,*,#13344,.T.);
#13344 = EDGE_CURVE('',#13055,#13242,#13345,.T.);
#13345 = SURFACE_CURVE('',#13346,(#13351,#13358),.PCURVE_S1.);
#13346 = CIRCLE('',#13347,1.5);
#13347 = AXIS2_PLACEMENT_3D('',#13348,#13349,#13350);
#13348 = CARTESIAN_POINT('',(-33.61728154514,40.417454304856,
    -11.49975723217));
#13349 = DIRECTION('',(1.,0.,0.));
#13350 = DIRECTION('',(0.,-0.273662990072,-0.961825643173));
#13351 = PCURVE('',#12854,#13352);
#13352 = DEFINITIONAL_REPRESENTATION('',(#13353),#13357);
#13353 = CIRCLE('',#13354,1.5);
#13354 = AXIS2_PLACEMENT_2D('',#13355,#13356);
#13355 = CARTESIAN_POINT('',(0.,0.));
#13356 = DIRECTION('',(0.,-1.));
#13357 = ( GEOMETRIC_REPRESENTATION_CONTEXT(2) 
PARAMETRIC_REPRESENTATION_CONTEXT() REPRESENTATION_CONTEXT('2D SPACE',''
  ) );
#13358 = PCURVE('',#13092,#13359);
#13359 = DEFINITIONAL_REPRESENTATION('',(#13360),#13364);
#13360 = LINE('',#13361,#13362);
#13361 = CARTESIAN_POINT('',(-0.,0.));
#13362 = VECTOR('',#13363,1.);
#13363 = DIRECTION('',(-1.,0.));
#13364 = ( GEOMETRIC_REPRESENTATION_CONTEXT(2) 
PARAMETRIC_REPRESENTATION_CONTEXT() REPRESENTATION_CONTEXT('2D SPACE',''
  ) );
#13365 = ORIENTED_EDGE('',*,*,#13241,.T.);
#13366 = ORIENTED_EDGE('',*,*,#12839,.F.);
#13367 = ORIENTED_EDGE('',*,*,#12984,.T.);
#13368 = ORIENTED_EDGE('',*,*,#13054,.T.);
#13369 = ADVANCED_FACE('',(#13370),#13092,.T.);
#13370 = FACE_BOUND('',#13371,.F.);
#13371 = EDGE_LOOP('',(#13372,#13373,#13374));
#13372 = ORIENTED_EDGE('',*,*,#13344,.F.);
#13373 = ORIENTED_EDGE('',*,*,#13075,.F.);
#13374 = ORIENTED_EDGE('',*,*,#13265,.F.);
#13375 = ADVANCED_FACE('',(#13376),#13327,.T.);
#13376 = FACE_BOUND('',#13377,.T.);
#13377 = EDGE_LOOP('',(#13378));
#13378 = ORIENTED_EDGE('',*,*,#13312,.T.);
#13379 = MANIFOLD_SOLID_BREP('',#13380);
#13380 = CLOSED_SHELL('',(#13381,#13501,#13696,#13743,#13899,#13926,
    #13953,#13978,#14081,#14110,#14116));
#13381 = ADVANCED_FACE('',(#13382),#13396,.F.);
#13382 = FACE_BOUND('',#13383,.F.);
#13383 = EDGE_LOOP('',(#13384,#13419,#13447,#13475));
#13384 = ORIENTED_EDGE('',*,*,#13385,.F.);
#13385 = EDGE_CURVE('',#13386,#13388,#13390,.T.);
#13386 = VERTEX_POINT('',#13387);
#13387 = CARTESIAN_POINT('',(-40.09559941781,12.229051140082,
    4.655945094178));
#13388 = VERTEX_POINT('',#13389);
#13389 = CARTESIAN_POINT('',(-40.09559941781,42.514426946435,
    7.462298444205));
#13390 = SURFACE_CURVE('',#13391,(#13395,#13407),.PCURVE_S1.);
#13391 = LINE('',#13392,#13393);
#13392 = CARTESIAN_POINT('',(-40.09559941781,12.229051140082,
    4.655945094178));
#13393 = VECTOR('',#13394,1.);
#13394 = DIRECTION('',(0.,0.995734176295,9.22683594633E-02));
#13395 = PCURVE('',#13396,#13401);
#13396 = PLANE('',#13397);
#13397 = AXIS2_PLACEMENT_3D('',#13398,#13399,#13400);
#13398 = CARTESIAN_POINT('',(-40.09559941781,12.229051140082,
    4.655945094178));
#13399 = DIRECTION('',(0.906307787037,3.899429369005E-02,-0.420815446742
    ));
#13400 = DIRECTION('',(0.,0.995734176295,9.22683594633E-02));
#13401 = DEFINITIONAL_REPRESENTATION('',(#13402),#13406);
#13402 = LINE('',#13403,#13404);
#13403 = CARTESIAN_POINT('',(0.,0.));
#13404 = VECTOR('',#13405,1.);
#13405 = DIRECTION('',(1.,0.));
#13406 = ( GEOMETRIC_REPRESENTATION_CONTEXT(2) 
PARAMETRIC_REPRESENTATION_CONTEXT() REPRESENTATION_CONTEXT('2D SPACE',''
  ) );
#13407 = PCURVE('',#13408,#13413);
#13408 = PLANE('',#13409);
#13409 = AXIS2_PLACEMENT_3D('',#13410,#13411,#13412);
#13410 = CARTESIAN_POINT('',(-40.09559941781,12.229051140082,
    4.655945094178));
#13411 = DIRECTION('',(-0.422618261741,8.362353267869E-02,
    -0.902441637795));
#13412 = DIRECTION('',(0.,0.995734176295,9.22683594633E-02));
#13413 = DEFINITIONAL_REPRESENTATION('',(#13414),#13418);
#13414 = LINE('',#13415,#13416);
#13415 = CARTESIAN_POINT('',(0.,0.));
#13416 = VECTOR('',#13417,1.);
#13417 = DIRECTION('',(1.,-6.938893903907E-18));
#13418 = ( GEOMETRIC_REPRESENTATION_CONTEXT(2) 
PARAMETRIC_REPRESENTATION_CONTEXT() REPRESENTATION_CONTEXT('2D SPACE',''
  ) );
#13419 = ORIENTED_EDGE('',*,*,#13420,.T.);
#13420 = EDGE_CURVE('',#13386,#13421,#13423,.T.);
#13421 = VERTEX_POINT('',#13422);
#13422 = CARTESIAN_POINT('',(-40.46854044145,12.302845030931,
    3.859582185513));
#13423 = SURFACE_CURVE('',#13424,(#13428,#13435),.PCURVE_S1.);
#13424 = LINE('',#13425,#13426);
#13425 = CARTESIAN_POINT('',(-40.09559941781,12.229051140082,
    4.655945094178));
#13426 = VECTOR('',#13427,1.);
#13427 = DIRECTION('',(-0.422618261741,8.362353267869E-02,
    -0.902441637795));
#13428 = PCURVE('',#13396,#13429);
#13429 = DEFINITIONAL_REPRESENTATION('',(#13430),#13434);
#13430 = LINE('',#13431,#13432);
#13431 = CARTESIAN_POINT('',(0.,0.));
#13432 = VECTOR('',#13433,1.);
#13433 = DIRECTION('',(0.,-1.));
#13434 = ( GEOMETRIC_REPRESENTATION_CONTEXT(2) 
PARAMETRIC_REPRESENTATION_CONTEXT() REPRESENTATION_CONTEXT('2D SPACE',''
  ) );
#13435 = PCURVE('',#13436,#13441);
#13436 = PLANE('',#13437);
#13437 = AXIS2_PLACEMENT_3D('',#13438,#13439,#13440);
#13438 = CARTESIAN_POINT('',(-40.09559941781,12.229051140082,
    4.655945094178));
#13439 = DIRECTION('',(0.,0.995734176295,9.22683594633E-02));
#13440 = DIRECTION('',(0.906307787037,3.899429369005E-02,-0.420815446742
    ));
#13441 = DEFINITIONAL_REPRESENTATION('',(#13442),#13446);
#13442 = LINE('',#13443,#13444);
#13443 = CARTESIAN_POINT('',(0.,0.));
#13444 = VECTOR('',#13445,1.);
#13445 = DIRECTION('',(0.,1.));
#13446 = ( GEOMETRIC_REPRESENTATION_CONTEXT(2) 
PARAMETRIC_REPRESENTATION_CONTEXT() REPRESENTATION_CONTEXT('2D SPACE',''
  ) );
#13447 = ORIENTED_EDGE('',*,*,#13448,.T.);
#13448 = EDGE_CURVE('',#13421,#13449,#13451,.T.);
#13449 = VERTEX_POINT('',#13450);
#13450 = CARTESIAN_POINT('',(-40.46854044145,42.588220837284,
    6.66593553554));
#13451 = SURFACE_CURVE('',#13452,(#13456,#13463),.PCURVE_S1.);
#13452 = LINE('',#13453,#13454);
#13453 = CARTESIAN_POINT('',(-40.46854044145,12.302845030931,
    3.859582185513));
#13454 = VECTOR('',#13455,1.);
#13455 = DIRECTION('',(0.,0.995734176295,9.22683594633E-02));
#13456 = PCURVE('',#13396,#13457);
#13457 = DEFINITIONAL_REPRESENTATION('',(#13458),#13462);
#13458 = LINE('',#13459,#13460);
#13459 = CARTESIAN_POINT('',(9.020562075079E-16,-0.88245364056));
#13460 = VECTOR('',#13461,1.);
#13461 = DIRECTION('',(1.,0.));
#13462 = ( GEOMETRIC_REPRESENTATION_CONTEXT(2) 
PARAMETRIC_REPRESENTATION_CONTEXT() REPRESENTATION_CONTEXT('2D SPACE',''
  ) );
#13463 = PCURVE('',#13464,#13469);
#13464 = PLANE('',#13465);
#13465 = AXIS2_PLACEMENT_3D('',#13466,#13467,#13468);
#13466 = CARTESIAN_POINT('',(-40.46854044145,12.302845030931,
    3.859582185513));
#13467 = DIRECTION('',(-0.422618261741,8.362353267869E-02,
    -0.902441637795));
#13468 = DIRECTION('',(0.,0.995734176295,9.22683594633E-02));
#13469 = DEFINITIONAL_REPRESENTATION('',(#13470),#13474);
#13470 = LINE('',#13471,#13472);
#13471 = CARTESIAN_POINT('',(0.,0.));
#13472 = VECTOR('',#13473,1.);
#13473 = DIRECTION('',(1.,-6.938893903907E-18));
#13474 = ( GEOMETRIC_REPRESENTATION_CONTEXT(2) 
PARAMETRIC_REPRESENTATION_CONTEXT() REPRESENTATION_CONTEXT('2D SPACE',''
  ) );
#13475 = ORIENTED_EDGE('',*,*,#13476,.F.);
#13476 = EDGE_CURVE('',#13388,#13449,#13477,.T.);
#13477 = SURFACE_CURVE('',#13478,(#13482,#13489),.PCURVE_S1.);
#13478 = LINE('',#13479,#13480);
#13479 = CARTESIAN_POINT('',(-40.09559941781,42.514426946435,
    7.462298444205));
#13480 = VECTOR('',#13481,1.);
#13481 = DIRECTION('',(-0.422618261741,8.362353267869E-02,
    -0.902441637795));
#13482 = PCURVE('',#13396,#13483);
#13483 = DEFINITIONAL_REPRESENTATION('',(#13484),#13488);
#13484 = LINE('',#13485,#13486);
#13485 = CARTESIAN_POINT('',(30.415121352005,-4.440892098501E-16));
#13486 = VECTOR('',#13487,1.);
#13487 = DIRECTION('',(0.,-1.));
#13488 = ( GEOMETRIC_REPRESENTATION_CONTEXT(2) 
PARAMETRIC_REPRESENTATION_CONTEXT() REPRESENTATION_CONTEXT('2D SPACE',''
  ) );
#13489 = PCURVE('',#13490,#13495);
#13490 = PLANE('',#13491);
#13491 = AXIS2_PLACEMENT_3D('',#13492,#13493,#13494);
#13492 = CARTESIAN_POINT('',(-40.09559941781,42.514426946435,
    7.462298444205));
#13493 = DIRECTION('',(0.,0.995734176295,9.22683594633E-02));
#13494 = DIRECTION('',(0.906307787037,3.899429369005E-02,-0.420815446742
    ));
#13495 = DEFINITIONAL_REPRESENTATION('',(#13496),#13500);
#13496 = LINE('',#13497,#13498);
#13497 = CARTESIAN_POINT('',(0.,0.));
#13498 = VECTOR('',#13499,1.);
#13499 = DIRECTION('',(0.,1.));
#13500 = ( GEOMETRIC_REPRESENTATION_CONTEXT(2) 
PARAMETRIC_REPRESENTATION_CONTEXT() REPRESENTATION_CONTEXT('2D SPACE',''
  ) );
#13501 = ADVANCED_FACE('',(#13502),#13408,.F.);
#13502 = FACE_BOUND('',#13503,.F.);
#13503 = EDGE_LOOP('',(#13504,#13534,#13555,#13556,#13579,#13605,#13640,
    #13670));
#13504 = ORIENTED_EDGE('',*,*,#13505,.F.);
#13505 = EDGE_CURVE('',#13506,#13508,#13510,.T.);
#13506 = VERTEX_POINT('',#13507);
#13507 = CARTESIAN_POINT('',(-26.76602264884,12.802562080547,
    -1.533223622173));
#13508 = VERTEX_POINT('',#13509);
#13509 = CARTESIAN_POINT('',(-26.76602264884,43.087937886899,
    1.273129727854));
#13510 = SURFACE_CURVE('',#13511,(#13515,#13522),.PCURVE_S1.);
#13511 = LINE('',#13512,#13513);
#13512 = CARTESIAN_POINT('',(-26.76602264884,12.802562080547,
    -1.533223622173));
#13513 = VECTOR('',#13514,1.);
#13514 = DIRECTION('',(0.,0.995734176295,9.22683594633E-02));
#13515 = PCURVE('',#13408,#13516);
#13516 = DEFINITIONAL_REPRESENTATION('',(#13517),#13521);
#13517 = LINE('',#13518,#13519);
#13518 = CARTESIAN_POINT('',(3.330669073875E-16,14.707560676003));
#13519 = VECTOR('',#13520,1.);
#13520 = DIRECTION('',(1.,-6.938893903907E-18));
#13521 = ( GEOMETRIC_REPRESENTATION_CONTEXT(2) 
PARAMETRIC_REPRESENTATION_CONTEXT() REPRESENTATION_CONTEXT('2D SPACE',''
  ) );
#13522 = PCURVE('',#13523,#13528);
#13523 = PLANE('',#13524);
#13524 = AXIS2_PLACEMENT_3D('',#13525,#13526,#13527);
#13525 = CARTESIAN_POINT('',(-26.76602264884,12.802562080547,
    -1.533223622173));
#13526 = DIRECTION('',(0.906307787037,3.899429369005E-02,-0.420815446742
    ));
#13527 = DIRECTION('',(0.,0.995734176295,9.22683594633E-02));
#13528 = DEFINITIONAL_REPRESENTATION('',(#13529),#13533);
#13529 = LINE('',#13530,#13531);
#13530 = CARTESIAN_POINT('',(0.,0.));
#13531 = VECTOR('',#13532,1.);
#13532 = DIRECTION('',(1.,0.));
#13533 = ( GEOMETRIC_REPRESENTATION_CONTEXT(2) 
PARAMETRIC_REPRESENTATION_CONTEXT() REPRESENTATION_CONTEXT('2D SPACE',''
  ) );
#13534 = ORIENTED_EDGE('',*,*,#13535,.F.);
#13535 = EDGE_CURVE('',#13386,#13506,#13536,.T.);
#13536 = SURFACE_CURVE('',#13537,(#13541,#13548),.PCURVE_S1.);
#13537 = LINE('',#13538,#13539);
#13538 = CARTESIAN_POINT('',(-40.09559941781,12.229051140082,
    4.655945094178));
#13539 = VECTOR('',#13540,1.);
#13540 = DIRECTION('',(0.906307787037,3.899429369005E-02,-0.420815446742
    ));
#13541 = PCURVE('',#13408,#13542);
#13542 = DEFINITIONAL_REPRESENTATION('',(#13543),#13547);
#13543 = LINE('',#13544,#13545);
#13544 = CARTESIAN_POINT('',(0.,0.));
#13545 = VECTOR('',#13546,1.);
#13546 = DIRECTION('',(-6.938893903907E-18,1.));
#13547 = ( GEOMETRIC_REPRESENTATION_CONTEXT(2) 
PARAMETRIC_REPRESENTATION_CONTEXT() REPRESENTATION_CONTEXT('2D SPACE',''
  ) );
#13548 = PCURVE('',#13436,#13549);
#13549 = DEFINITIONAL_REPRESENTATION('',(#13550),#13554);
#13550 = LINE('',#13551,#13552);
#13551 = CARTESIAN_POINT('',(0.,0.));
#13552 = VECTOR('',#13553,1.);
#13553 = DIRECTION('',(1.,0.));
#13554 = ( GEOMETRIC_REPRESENTATION_CONTEXT(2) 
PARAMETRIC_REPRESENTATION_CONTEXT() REPRESENTATION_CONTEXT('2D SPACE',''
  ) );
#13555 = ORIENTED_EDGE('',*,*,#13385,.T.);
#13556 = ORIENTED_EDGE('',*,*,#13557,.T.);
#13557 = EDGE_CURVE('',#13388,#13558,#13560,.T.);
#13558 = VERTEX_POINT('',#13559);
#13559 = CARTESIAN_POINT('',(-33.61728154514,42.79315944036,
    4.454295789131));
#13560 = SURFACE_CURVE('',#13561,(#13565,#13572),.PCURVE_S1.);
#13561 = LINE('',#13562,#13563);
#13562 = CARTESIAN_POINT('',(-40.09559941781,42.514426946435,
    7.462298444205));
#13563 = VECTOR('',#13564,1.);
#13564 = DIRECTION('',(0.906307787037,3.899429369005E-02,-0.420815446742
    ));
#13565 = PCURVE('',#13408,#13566);
#13566 = DEFINITIONAL_REPRESENTATION('',(#13567),#13571);
#13567 = LINE('',#13568,#13569);
#13568 = CARTESIAN_POINT('',(30.415121352005,2.22044604925E-16));
#13569 = VECTOR('',#13570,1.);
#13570 = DIRECTION('',(-6.938893903907E-18,1.));
#13571 = ( GEOMETRIC_REPRESENTATION_CONTEXT(2) 
PARAMETRIC_REPRESENTATION_CONTEXT() REPRESENTATION_CONTEXT('2D SPACE',''
  ) );
#13572 = PCURVE('',#13490,#13573);
#13573 = DEFINITIONAL_REPRESENTATION('',(#13574),#13578);
#13574 = LINE('',#13575,#13576);
#13575 = CARTESIAN_POINT('',(0.,0.));
#13576 = VECTOR('',#13577,1.);
#13577 = DIRECTION('',(1.,0.));
#13578 = ( GEOMETRIC_REPRESENTATION_CONTEXT(2) 
PARAMETRIC_REPRESENTATION_CONTEXT() REPRESENTATION_CONTEXT('2D SPACE',''
  ) );
#13579 = ORIENTED_EDGE('',*,*,#13580,.T.);
#13580 = EDGE_CURVE('',#13558,#13581,#13583,.T.);
#13581 = VERTEX_POINT('',#13582);
#13582 = CARTESIAN_POINT('',(-33.61728154514,40.384679916049,
    4.231117294509));
#13583 = SURFACE_CURVE('',#13584,(#13588,#13594),.PCURVE_S1.);
#13584 = LINE('',#13585,#13586);
#13585 = CARTESIAN_POINT('',(-33.61728154514,27.152604449036,
    3.004984934386));
#13586 = VECTOR('',#13587,1.);
#13587 = DIRECTION('',(0.,-0.995734176295,-9.22683594633E-02));
#13588 = PCURVE('',#13408,#13589);
#13589 = DEFINITIONAL_REPRESENTATION('',(#13590),#13593);
#13590 = B_SPLINE_CURVE_WITH_KNOTS('',1,(#13591,#13592),.UNSPECIFIED.,
  .F.,.F.,(2,2),(-15.707560676,-13.207560676),.PIECEWISE_BEZIER_KNOTS.);
#13591 = CARTESIAN_POINT('',(30.415121352005,7.148032892721));
#13592 = CARTESIAN_POINT('',(27.915121352005,7.148032892721));
#13593 = ( GEOMETRIC_REPRESENTATION_CONTEXT(2) 
PARAMETRIC_REPRESENTATION_CONTEXT() REPRESENTATION_CONTEXT('2D SPACE',''
  ) );
#13594 = PCURVE('',#13595,#13600);
#13595 = PLANE('',#13596);
#13596 = AXIS2_PLACEMENT_3D('',#13597,#13598,#13599);
#13597 = CARTESIAN_POINT('',(-33.61728154514,41.842345185796,
    3.877264272234));
#13598 = DIRECTION('',(1.,0.,0.));
#13599 = DIRECTION('',(0.,0.995734176295,9.22683594633E-02));
#13600 = DEFINITIONAL_REPRESENTATION('',(#13601),#13604);
#13601 = B_SPLINE_CURVE_WITH_KNOTS('',1,(#13602,#13603),.UNSPECIFIED.,
  .F.,.F.,(2,2),(-15.707560676,-13.207560676),.PIECEWISE_BEZIER_KNOTS.);
#13602 = CARTESIAN_POINT('',(1.,0.486839930751));
#13603 = CARTESIAN_POINT('',(-1.5,0.486839930751));
#13604 = ( GEOMETRIC_REPRESENTATION_CONTEXT(2) 
PARAMETRIC_REPRESENTATION_CONTEXT() REPRESENTATION_CONTEXT('2D SPACE',''
  ) );
#13605 = ORIENTED_EDGE('',*,*,#13606,.F.);
#13606 = EDGE_CURVE('',#13607,#13581,#13609,.T.);
#13607 = VERTEX_POINT('',#13608);
#13608 = CARTESIAN_POINT('',(-29.3564895637,41.980747724991,
    2.383663007791));
#13609 = SURFACE_CURVE('',#13610,(#13615,#13622),.PCURVE_S1.);
#13610 = ELLIPSE('',#13611,3.549302374729,1.5);
#13611 = AXIS2_PLACEMENT_3D('',#13612,#13613,#13614);
#13612 = CARTESIAN_POINT('',(-32.57324994447,41.842345185796,
    3.877264272234));
#13613 = DIRECTION('',(-0.422618261741,8.362353267869E-02,
    -0.902441637795));
#13614 = DIRECTION('',(-0.906307787037,-3.899429369005E-02,
    0.420815446742));
#13615 = PCURVE('',#13408,#13616);
#13616 = DEFINITIONAL_REPRESENTATION('',(#13617),#13621);
#13617 = ELLIPSE('',#13618,3.549302374729,1.5);
#13618 = AXIS2_PLACEMENT_2D('',#13619,#13620);
#13619 = CARTESIAN_POINT('',(29.415121352005,8.299994307606));
#13620 = DIRECTION('',(0.,-1.));
#13621 = ( GEOMETRIC_REPRESENTATION_CONTEXT(2) 
PARAMETRIC_REPRESENTATION_CONTEXT() REPRESENTATION_CONTEXT('2D SPACE',''
  ) );
#13622 = PCURVE('',#13623,#13628);
#13623 = CYLINDRICAL_SURFACE('',#13624,1.5);
#13624 = AXIS2_PLACEMENT_3D('',#13625,#13626,#13627);
#13625 = CARTESIAN_POINT('',(-33.61728154514,41.842345185796,
    3.877264272234));
#13626 = DIRECTION('',(-1.,-0.,0.));
#13627 = DIRECTION('',(0.,9.22683594633E-02,-0.995734176295));
#13628 = DEFINITIONAL_REPRESENTATION('',(#13629),#13639);
#13629 = B_SPLINE_CURVE_WITH_KNOTS('',8,(#13630,#13631,#13632,#13633,
    #13634,#13635,#13636,#13637,#13638),.UNSPECIFIED.,.F.,.F.,(9,9),(
    3.14159265359,5.042935637106),.PIECEWISE_BEZIER_KNOTS.);
#13630 = CARTESIAN_POINT('',(-6.28318530718,-4.26079198144));
#13631 = CARTESIAN_POINT('',(-6.04551743424,-4.26079198144));
#13632 = CARTESIAN_POINT('',(-5.807849561302,-4.053131704454));
#13633 = CARTESIAN_POINT('',(-5.570181688357,-3.637818874998));
#13634 = CARTESIAN_POINT('',(-5.332513815425,-3.039844771443));
#13635 = CARTESIAN_POINT('',(-5.094845942479,-2.309344507436));
#13636 = CARTESIAN_POINT('',(-4.857178069544,-1.513664959143));
#13637 = CARTESIAN_POINT('',(-4.619510196603,-0.72313272222));
#13638 = CARTESIAN_POINT('',(-4.381842323664,5.999999999062E-07));
#13639 = ( GEOMETRIC_REPRESENTATION_CONTEXT(2) 
PARAMETRIC_REPRESENTATION_CONTEXT() REPRESENTATION_CONTEXT('2D SPACE',''
  ) );
#13640 = ORIENTED_EDGE('',*,*,#13641,.F.);
#13641 = EDGE_CURVE('',#13642,#13607,#13644,.T.);
#13642 = VERTEX_POINT('',#13643);
#13643 = CARTESIAN_POINT('',(-30.17561831823,42.941238524057,
    2.856267978839));
#13644 = SURFACE_CURVE('',#13645,(#13650,#13657),.PCURVE_S1.);
#13645 = ELLIPSE('',#13646,3.549302374729,1.5);
#13646 = AXIS2_PLACEMENT_3D('',#13647,#13648,#13649);
#13647 = CARTESIAN_POINT('',(-32.57324994447,41.842345185796,
    3.877264272234));
#13648 = DIRECTION('',(-0.422618261741,8.362353267869E-02,
    -0.902441637795));
#13649 = DIRECTION('',(-0.906307787037,-3.899429369005E-02,
    0.420815446742));
#13650 = PCURVE('',#13408,#13651);
#13651 = DEFINITIONAL_REPRESENTATION('',(#13652),#13656);
#13652 = ELLIPSE('',#13653,3.549302374729,1.5);
#13653 = AXIS2_PLACEMENT_2D('',#13654,#13655);
#13654 = CARTESIAN_POINT('',(29.415121352005,8.299994307606));
#13655 = DIRECTION('',(0.,-1.));
#13656 = ( GEOMETRIC_REPRESENTATION_CONTEXT(2) 
PARAMETRIC_REPRESENTATION_CONTEXT() REPRESENTATION_CONTEXT('2D SPACE',''
  ) );
#13657 = PCURVE('',#13623,#13658);
#13658 = DEFINITIONAL_REPRESENTATION('',(#13659),#13669);
#13659 = B_SPLINE_CURVE_WITH_KNOTS('',8,(#13660,#13661,#13662,#13663,
    #13664,#13665,#13666,#13667,#13668),.UNSPECIFIED.,.F.,.F.,(9,9),(
    1.240249670074,3.14159265359),.PIECEWISE_BEZIER_KNOTS.);
#13660 = CARTESIAN_POINT('',(-1.901342983516,5.999999999062E-07));
#13661 = CARTESIAN_POINT('',(-1.663675110576,-0.72313272222));
#13662 = CARTESIAN_POINT('',(-1.426007237636,-1.513664959144));
#13663 = CARTESIAN_POINT('',(-1.188339364699,-2.309344507434));
#13664 = CARTESIAN_POINT('',(-0.950671491755,-3.039844771443));
#13665 = CARTESIAN_POINT('',(-0.713003618819,-3.637818875002));
#13666 = CARTESIAN_POINT('',(-0.475335745879,-4.053131704458));
#13667 = CARTESIAN_POINT('',(-0.237667872939,-4.26079198144));
#13668 = CARTESIAN_POINT('',(-4.736951571734E-15,-4.26079198144));
#13669 = ( GEOMETRIC_REPRESENTATION_CONTEXT(2) 
PARAMETRIC_REPRESENTATION_CONTEXT() REPRESENTATION_CONTEXT('2D SPACE',''
  ) );
#13670 = ORIENTED_EDGE('',*,*,#13671,.T.);
#13671 = EDGE_CURVE('',#13642,#13508,#13672,.T.);
#13672 = SURFACE_CURVE('',#13673,(#13677,#13684),.PCURVE_S1.);
#13673 = LINE('',#13674,#13675);
#13674 = CARTESIAN_POINT('',(-40.09559941781,42.514426946435,
    7.462298444205));
#13675 = VECTOR('',#13676,1.);
#13676 = DIRECTION('',(0.906307787037,3.899429369005E-02,-0.420815446742
    ));
#13677 = PCURVE('',#13408,#13678);
#13678 = DEFINITIONAL_REPRESENTATION('',(#13679),#13683);
#13679 = LINE('',#13680,#13681);
#13680 = CARTESIAN_POINT('',(30.415121352005,2.22044604925E-16));
#13681 = VECTOR('',#13682,1.);
#13682 = DIRECTION('',(-6.938893903907E-18,1.));
#13683 = ( GEOMETRIC_REPRESENTATION_CONTEXT(2) 
PARAMETRIC_REPRESENTATION_CONTEXT() REPRESENTATION_CONTEXT('2D SPACE',''
  ) );
#13684 = PCURVE('',#13685,#13690);
#13685 = PLANE('',#13686);
#13686 = AXIS2_PLACEMENT_3D('',#13687,#13688,#13689);
#13687 = CARTESIAN_POINT('',(-40.09559941781,42.514426946435,
    7.462298444205));
#13688 = DIRECTION('',(0.,0.995734176295,9.22683594633E-02));
#13689 = DIRECTION('',(0.906307787037,3.899429369005E-02,-0.420815446742
    ));
#13690 = DEFINITIONAL_REPRESENTATION('',(#13691),#13695);
#13691 = LINE('',#13692,#13693);
#13692 = CARTESIAN_POINT('',(0.,0.));
#13693 = VECTOR('',#13694,1.);
#13694 = DIRECTION('',(1.,0.));
#13695 = ( GEOMETRIC_REPRESENTATION_CONTEXT(2) 
PARAMETRIC_REPRESENTATION_CONTEXT() REPRESENTATION_CONTEXT('2D SPACE',''
  ) );
#13696 = ADVANCED_FACE('',(#13697),#13490,.T.);
#13697 = FACE_BOUND('',#13698,.T.);
#13698 = EDGE_LOOP('',(#13699,#13722,#13723,#13724));
#13699 = ORIENTED_EDGE('',*,*,#13700,.F.);
#13700 = EDGE_CURVE('',#13449,#13701,#13703,.T.);
#13701 = VERTEX_POINT('',#13702);
#13702 = CARTESIAN_POINT('',(-33.61728154514,42.882999283823,
    3.484769474263));
#13703 = SURFACE_CURVE('',#13704,(#13708,#13715),.PCURVE_S1.);
#13704 = LINE('',#13705,#13706);
#13705 = CARTESIAN_POINT('',(-40.46854044145,42.588220837284,
    6.66593553554));
#13706 = VECTOR('',#13707,1.);
#13707 = DIRECTION('',(0.906307787037,3.899429369005E-02,-0.420815446742
    ));
#13708 = PCURVE('',#13490,#13709);
#13709 = DEFINITIONAL_REPRESENTATION('',(#13710),#13714);
#13710 = LINE('',#13711,#13712);
#13711 = CARTESIAN_POINT('',(-2.22044604925E-15,0.88245364056));
#13712 = VECTOR('',#13713,1.);
#13713 = DIRECTION('',(1.,0.));
#13714 = ( GEOMETRIC_REPRESENTATION_CONTEXT(2) 
PARAMETRIC_REPRESENTATION_CONTEXT() REPRESENTATION_CONTEXT('2D SPACE',''
  ) );
#13715 = PCURVE('',#13464,#13716);
#13716 = DEFINITIONAL_REPRESENTATION('',(#13717),#13721);
#13717 = LINE('',#13718,#13719);
#13718 = CARTESIAN_POINT('',(30.415121352005,-2.22044604925E-16));
#13719 = VECTOR('',#13720,1.);
#13720 = DIRECTION('',(-6.938893903907E-18,1.));
#13721 = ( GEOMETRIC_REPRESENTATION_CONTEXT(2) 
PARAMETRIC_REPRESENTATION_CONTEXT() REPRESENTATION_CONTEXT('2D SPACE',''
  ) );
#13722 = ORIENTED_EDGE('',*,*,#13476,.F.);
#13723 = ORIENTED_EDGE('',*,*,#13557,.T.);
#13724 = ORIENTED_EDGE('',*,*,#13725,.T.);
#13725 = EDGE_CURVE('',#13558,#13701,#13726,.T.);
#13726 = SURFACE_CURVE('',#13727,(#13731,#13737),.PCURVE_S1.);
#13727 = LINE('',#13728,#13729);
#13728 = CARTESIAN_POINT('',(-33.61728154514,42.676253154263,
    5.715915537951));
#13729 = VECTOR('',#13730,1.);
#13730 = DIRECTION('',(0.,9.22683594633E-02,-0.995734176295));
#13731 = PCURVE('',#13490,#13732);
#13732 = DEFINITIONAL_REPRESENTATION('',(#13733),#13736);
#13733 = B_SPLINE_CURVE_WITH_KNOTS('',1,(#13734,#13735),.UNSPECIFIED.,
  .F.,.F.,(2,2),(1.267024652618,2.24070451412),
  .PIECEWISE_BEZIER_KNOTS.);
#13734 = CARTESIAN_POINT('',(7.148032892721,-6.661338147751E-16));
#13735 = CARTESIAN_POINT('',(7.559527783281,0.88245364056));
#13736 = ( GEOMETRIC_REPRESENTATION_CONTEXT(2) 
PARAMETRIC_REPRESENTATION_CONTEXT() REPRESENTATION_CONTEXT('2D SPACE',''
  ) );
#13737 = PCURVE('',#13595,#13738);
#13738 = DEFINITIONAL_REPRESENTATION('',(#13739),#13742);
#13739 = B_SPLINE_CURVE_WITH_KNOTS('',1,(#13740,#13741),.UNSPECIFIED.,
  .F.,.F.,(2,2),(1.267024652618,2.24070451412),
  .PIECEWISE_BEZIER_KNOTS.);
#13740 = CARTESIAN_POINT('',(1.,0.486839930751));
#13741 = CARTESIAN_POINT('',(1.,-0.486839930751));
#13742 = ( GEOMETRIC_REPRESENTATION_CONTEXT(2) 
PARAMETRIC_REPRESENTATION_CONTEXT() REPRESENTATION_CONTEXT('2D SPACE',''
  ) );
#13743 = ADVANCED_FACE('',(#13744),#13464,.T.);
#13744 = FACE_BOUND('',#13745,.T.);
#13745 = EDGE_LOOP('',(#13746,#13771,#13792,#13793,#13794,#13815,#13849,
    #13878));
#13746 = ORIENTED_EDGE('',*,*,#13747,.F.);
#13747 = EDGE_CURVE('',#13748,#13750,#13752,.T.);
#13748 = VERTEX_POINT('',#13749);
#13749 = CARTESIAN_POINT('',(-27.13896367248,12.876355971395,
    -2.329586530838));
#13750 = VERTEX_POINT('',#13751);
#13751 = CARTESIAN_POINT('',(-27.13896367248,43.161731777748,
    0.476766819189));
#13752 = SURFACE_CURVE('',#13753,(#13757,#13764),.PCURVE_S1.);
#13753 = LINE('',#13754,#13755);
#13754 = CARTESIAN_POINT('',(-27.13896367248,12.876355971395,
    -2.329586530838));
#13755 = VECTOR('',#13756,1.);
#13756 = DIRECTION('',(0.,0.995734176295,9.22683594633E-02));
#13757 = PCURVE('',#13464,#13758);
#13758 = DEFINITIONAL_REPRESENTATION('',(#13759),#13763);
#13759 = LINE('',#13760,#13761);
#13760 = CARTESIAN_POINT('',(3.330669073875E-16,14.707560676003));
#13761 = VECTOR('',#13762,1.);
#13762 = DIRECTION('',(1.,-6.938893903907E-18));
#13763 = ( GEOMETRIC_REPRESENTATION_CONTEXT(2) 
PARAMETRIC_REPRESENTATION_CONTEXT() REPRESENTATION_CONTEXT('2D SPACE',''
  ) );
#13764 = PCURVE('',#13523,#13765);
#13765 = DEFINITIONAL_REPRESENTATION('',(#13766),#13770);
#13766 = LINE('',#13767,#13768);
#13767 = CARTESIAN_POINT('',(8.881784197001E-16,-0.88245364056));
#13768 = VECTOR('',#13769,1.);
#13769 = DIRECTION('',(1.,0.));
#13770 = ( GEOMETRIC_REPRESENTATION_CONTEXT(2) 
PARAMETRIC_REPRESENTATION_CONTEXT() REPRESENTATION_CONTEXT('2D SPACE',''
  ) );
#13771 = ORIENTED_EDGE('',*,*,#13772,.F.);
#13772 = EDGE_CURVE('',#13421,#13748,#13773,.T.);
#13773 = SURFACE_CURVE('',#13774,(#13778,#13785),.PCURVE_S1.);
#13774 = LINE('',#13775,#13776);
#13775 = CARTESIAN_POINT('',(-40.46854044145,12.302845030931,
    3.859582185513));
#13776 = VECTOR('',#13777,1.);
#13777 = DIRECTION('',(0.906307787037,3.899429369005E-02,-0.420815446742
    ));
#13778 = PCURVE('',#13464,#13779);
#13779 = DEFINITIONAL_REPRESENTATION('',(#13780),#13784);
#13780 = LINE('',#13781,#13782);
#13781 = CARTESIAN_POINT('',(0.,0.));
#13782 = VECTOR('',#13783,1.);
#13783 = DIRECTION('',(-6.938893903907E-18,1.));
#13784 = ( GEOMETRIC_REPRESENTATION_CONTEXT(2) 
PARAMETRIC_REPRESENTATION_CONTEXT() REPRESENTATION_CONTEXT('2D SPACE',''
  ) );
#13785 = PCURVE('',#13436,#13786);
#13786 = DEFINITIONAL_REPRESENTATION('',(#13787),#13791);
#13787 = LINE('',#13788,#13789);
#13788 = CARTESIAN_POINT('',(-2.775557561563E-15,0.88245364056));
#13789 = VECTOR('',#13790,1.);
#13790 = DIRECTION('',(1.,0.));
#13791 = ( GEOMETRIC_REPRESENTATION_CONTEXT(2) 
PARAMETRIC_REPRESENTATION_CONTEXT() REPRESENTATION_CONTEXT('2D SPACE',''
  ) );
#13792 = ORIENTED_EDGE('',*,*,#13448,.T.);
#13793 = ORIENTED_EDGE('',*,*,#13700,.T.);
#13794 = ORIENTED_EDGE('',*,*,#13795,.T.);
#13795 = EDGE_CURVE('',#13701,#13796,#13798,.T.);
#13796 = VERTEX_POINT('',#13797);
#13797 = CARTESIAN_POINT('',(-33.61728154514,40.474519759512,
    3.261590979641));
#13798 = SURFACE_CURVE('',#13799,(#13803,#13809),.PCURVE_S1.);
#13799 = LINE('',#13800,#13801);
#13800 = CARTESIAN_POINT('',(-33.61728154514,27.242444292499,
    2.035458619518));
#13801 = VECTOR('',#13802,1.);
#13802 = DIRECTION('',(0.,-0.995734176295,-9.22683594633E-02));
#13803 = PCURVE('',#13464,#13804);
#13804 = DEFINITIONAL_REPRESENTATION('',(#13805),#13808);
#13805 = B_SPLINE_CURVE_WITH_KNOTS('',1,(#13806,#13807),.UNSPECIFIED.,
  .F.,.F.,(2,2),(-15.707560676,-13.207560676),.PIECEWISE_BEZIER_KNOTS.);
#13806 = CARTESIAN_POINT('',(30.415121352005,7.559527783281));
#13807 = CARTESIAN_POINT('',(27.915121352005,7.559527783281));
#13808 = ( GEOMETRIC_REPRESENTATION_CONTEXT(2) 
PARAMETRIC_REPRESENTATION_CONTEXT() REPRESENTATION_CONTEXT('2D SPACE',''
  ) );
#13809 = PCURVE('',#13595,#13810);
#13810 = DEFINITIONAL_REPRESENTATION('',(#13811),#13814);
#13811 = B_SPLINE_CURVE_WITH_KNOTS('',1,(#13812,#13813),.UNSPECIFIED.,
  .F.,.F.,(2,2),(-15.707560676,-13.207560676),.PIECEWISE_BEZIER_KNOTS.);
#13812 = CARTESIAN_POINT('',(1.,-0.486839930751));
#13813 = CARTESIAN_POINT('',(-1.5,-0.486839930751));
#13814 = ( GEOMETRIC_REPRESENTATION_CONTEXT(2) 
PARAMETRIC_REPRESENTATION_CONTEXT() REPRESENTATION_CONTEXT('2D SPACE',''
  ) );
#13815 = ORIENTED_EDGE('',*,*,#13816,.F.);
#13816 = EDGE_CURVE('',#13817,#13796,#13819,.T.);
#13817 = VERTEX_POINT('',#13818);
#13818 = CARTESIAN_POINT('',(-31.44455276506,41.980747724991,
    2.383663007791));
#13819 = SURFACE_CURVE('',#13820,(#13825,#13832),.PCURVE_S1.);
#13820 = ELLIPSE('',#13821,3.549302374729,1.5);
#13821 = AXIS2_PLACEMENT_3D('',#13822,#13823,#13824);
#13822 = CARTESIAN_POINT('',(-34.66131314582,41.842345185796,
    3.877264272234));
#13823 = DIRECTION('',(-0.422618261741,8.362353267869E-02,
    -0.902441637795));
#13824 = DIRECTION('',(-0.906307787037,-3.899429369005E-02,
    0.420815446742));
#13825 = PCURVE('',#13464,#13826);
#13826 = DEFINITIONAL_REPRESENTATION('',(#13827),#13831);
#13827 = ELLIPSE('',#13828,3.549302374729,1.5);
#13828 = AXIS2_PLACEMENT_2D('',#13829,#13830);
#13829 = CARTESIAN_POINT('',(29.415121352005,6.407566368396));
#13830 = DIRECTION('',(0.,-1.));
#13831 = ( GEOMETRIC_REPRESENTATION_CONTEXT(2) 
PARAMETRIC_REPRESENTATION_CONTEXT() REPRESENTATION_CONTEXT('2D SPACE',''
  ) );
#13832 = PCURVE('',#13833,#13838);
#13833 = CYLINDRICAL_SURFACE('',#13834,1.5);
#13834 = AXIS2_PLACEMENT_3D('',#13835,#13836,#13837);
#13835 = CARTESIAN_POINT('',(-33.61728154514,41.842345185796,
    3.877264272234));
#13836 = DIRECTION('',(-1.,-0.,0.));
#13837 = DIRECTION('',(0.,9.22683594633E-02,-0.995734176295));
#13838 = DEFINITIONAL_REPRESENTATION('',(#13839),#13848);
#13839 = B_SPLINE_CURVE_WITH_KNOTS('',7,(#13840,#13841,#13842,#13843,
    #13844,#13845,#13846,#13847),.UNSPECIFIED.,.F.,.F.,(8,8),(
    3.14159265359,4.38184271806),.PIECEWISE_BEZIER_KNOTS.);
#13840 = CARTESIAN_POINT('',(-6.28318530718,-2.172728780088));
#13841 = CARTESIAN_POINT('',(-6.106006726541,-2.172728780088));
#13842 = CARTESIAN_POINT('',(-5.928828145902,-2.054916646473));
#13843 = CARTESIAN_POINT('',(-5.751649565263,-1.819297034843));
#13844 = CARTESIAN_POINT('',(-5.574470984625,-1.474912375583));
#13845 = CARTESIAN_POINT('',(-5.397292403986,-1.039936753646));
#13846 = CARTESIAN_POINT('',(-5.220113823348,-0.539086788624));
#13847 = CARTESIAN_POINT('',(-5.042935242709,5.999999999062E-07));
#13848 = ( GEOMETRIC_REPRESENTATION_CONTEXT(2) 
PARAMETRIC_REPRESENTATION_CONTEXT() REPRESENTATION_CONTEXT('2D SPACE',''
  ) );
#13849 = ORIENTED_EDGE('',*,*,#13850,.F.);
#13850 = EDGE_CURVE('',#13851,#13817,#13853,.T.);
#13851 = VERTEX_POINT('',#13852);
#13852 = CARTESIAN_POINT('',(-32.26368151958,42.941238524057,
    2.856267978839));
#13853 = SURFACE_CURVE('',#13854,(#13859,#13866),.PCURVE_S1.);
#13854 = ELLIPSE('',#13855,3.549302374729,1.5);
#13855 = AXIS2_PLACEMENT_3D('',#13856,#13857,#13858);
#13856 = CARTESIAN_POINT('',(-34.66131314582,41.842345185796,
    3.877264272234));
#13857 = DIRECTION('',(-0.422618261741,8.362353267869E-02,
    -0.902441637795));
#13858 = DIRECTION('',(-0.906307787037,-3.899429369005E-02,
    0.420815446742));
#13859 = PCURVE('',#13464,#13860);
#13860 = DEFINITIONAL_REPRESENTATION('',(#13861),#13865);
#13861 = ELLIPSE('',#13862,3.549302374729,1.5);
#13862 = AXIS2_PLACEMENT_2D('',#13863,#13864);
#13863 = CARTESIAN_POINT('',(29.415121352005,6.407566368396));
#13864 = DIRECTION('',(0.,-1.));
#13865 = ( GEOMETRIC_REPRESENTATION_CONTEXT(2) 
PARAMETRIC_REPRESENTATION_CONTEXT() REPRESENTATION_CONTEXT('2D SPACE',''
  ) );
#13866 = PCURVE('',#13623,#13867);
#13867 = DEFINITIONAL_REPRESENTATION('',(#13868),#13877);
#13868 = B_SPLINE_CURVE_WITH_KNOTS('',7,(#13869,#13870,#13871,#13872,
    #13873,#13874,#13875,#13876),.UNSPECIFIED.,.F.,.F.,(8,8),(
    1.901342589119,3.14159265359),.PIECEWISE_BEZIER_KNOTS.);
#13869 = CARTESIAN_POINT('',(-1.240250064471,5.999999999062E-07));
#13870 = CARTESIAN_POINT('',(-1.063071483832,-0.539086788624));
#13871 = CARTESIAN_POINT('',(-0.885892903193,-1.039936753646));
#13872 = CARTESIAN_POINT('',(-0.708714322555,-1.474912375583));
#13873 = CARTESIAN_POINT('',(-0.531535741916,-1.819297034843));
#13874 = CARTESIAN_POINT('',(-0.354357161277,-2.054916646473));
#13875 = CARTESIAN_POINT('',(-0.177178580639,-2.172728780088));
#13876 = CARTESIAN_POINT('',(-4.736951571734E-15,-2.172728780088));
#13877 = ( GEOMETRIC_REPRESENTATION_CONTEXT(2) 
PARAMETRIC_REPRESENTATION_CONTEXT() REPRESENTATION_CONTEXT('2D SPACE',''
  ) );
#13878 = ORIENTED_EDGE('',*,*,#13879,.T.);
#13879 = EDGE_CURVE('',#13851,#13750,#13880,.T.);
#13880 = SURFACE_CURVE('',#13881,(#13885,#13892),.PCURVE_S1.);
#13881 = LINE('',#13882,#13883);
#13882 = CARTESIAN_POINT('',(-40.46854044145,42.588220837284,
    6.66593553554));
#13883 = VECTOR('',#13884,1.);
#13884 = DIRECTION('',(0.906307787037,3.899429369005E-02,-0.420815446742
    ));
#13885 = PCURVE('',#13464,#13886);
#13886 = DEFINITIONAL_REPRESENTATION('',(#13887),#13891);
#13887 = LINE('',#13888,#13889);
#13888 = CARTESIAN_POINT('',(30.415121352005,-2.22044604925E-16));
#13889 = VECTOR('',#13890,1.);
#13890 = DIRECTION('',(-6.938893903907E-18,1.));
#13891 = ( GEOMETRIC_REPRESENTATION_CONTEXT(2) 
PARAMETRIC_REPRESENTATION_CONTEXT() REPRESENTATION_CONTEXT('2D SPACE',''
  ) );
#13892 = PCURVE('',#13685,#13893);
#13893 = DEFINITIONAL_REPRESENTATION('',(#13894),#13898);
#13894 = LINE('',#13895,#13896);
#13895 = CARTESIAN_POINT('',(-2.22044604925E-15,0.88245364056));
#13896 = VECTOR('',#13897,1.);
#13897 = DIRECTION('',(1.,0.));
#13898 = ( GEOMETRIC_REPRESENTATION_CONTEXT(2) 
PARAMETRIC_REPRESENTATION_CONTEXT() REPRESENTATION_CONTEXT('2D SPACE',''
  ) );
#13899 = ADVANCED_FACE('',(#13900),#13436,.F.);
#13900 = FACE_BOUND('',#13901,.F.);
#13901 = EDGE_LOOP('',(#13902,#13903,#13904,#13925));
#13902 = ORIENTED_EDGE('',*,*,#13420,.F.);
#13903 = ORIENTED_EDGE('',*,*,#13535,.T.);
#13904 = ORIENTED_EDGE('',*,*,#13905,.T.);
#13905 = EDGE_CURVE('',#13506,#13748,#13906,.T.);
#13906 = SURFACE_CURVE('',#13907,(#13911,#13918),.PCURVE_S1.);
#13907 = LINE('',#13908,#13909);
#13908 = CARTESIAN_POINT('',(-26.76602264884,12.802562080547,
    -1.533223622173));
#13909 = VECTOR('',#13910,1.);
#13910 = DIRECTION('',(-0.422618261741,8.362353267869E-02,
    -0.902441637795));
#13911 = PCURVE('',#13436,#13912);
#13912 = DEFINITIONAL_REPRESENTATION('',(#13913),#13917);
#13913 = LINE('',#13914,#13915);
#13914 = CARTESIAN_POINT('',(14.707560676003,-1.7763568394E-15));
#13915 = VECTOR('',#13916,1.);
#13916 = DIRECTION('',(0.,1.));
#13917 = ( GEOMETRIC_REPRESENTATION_CONTEXT(2) 
PARAMETRIC_REPRESENTATION_CONTEXT() REPRESENTATION_CONTEXT('2D SPACE',''
  ) );
#13918 = PCURVE('',#13523,#13919);
#13919 = DEFINITIONAL_REPRESENTATION('',(#13920),#13924);
#13920 = LINE('',#13921,#13922);
#13921 = CARTESIAN_POINT('',(0.,0.));
#13922 = VECTOR('',#13923,1.);
#13923 = DIRECTION('',(0.,-1.));
#13924 = ( GEOMETRIC_REPRESENTATION_CONTEXT(2) 
PARAMETRIC_REPRESENTATION_CONTEXT() REPRESENTATION_CONTEXT('2D SPACE',''
  ) );
#13925 = ORIENTED_EDGE('',*,*,#13772,.F.);
#13926 = ADVANCED_FACE('',(#13927),#13523,.T.);
#13927 = FACE_BOUND('',#13928,.T.);
#13928 = EDGE_LOOP('',(#13929,#13930,#13931,#13932));
#13929 = ORIENTED_EDGE('',*,*,#13505,.F.);
#13930 = ORIENTED_EDGE('',*,*,#13905,.T.);
#13931 = ORIENTED_EDGE('',*,*,#13747,.T.);
#13932 = ORIENTED_EDGE('',*,*,#13933,.F.);
#13933 = EDGE_CURVE('',#13508,#13750,#13934,.T.);
#13934 = SURFACE_CURVE('',#13935,(#13939,#13946),.PCURVE_S1.);
#13935 = LINE('',#13936,#13937);
#13936 = CARTESIAN_POINT('',(-26.76602264884,43.087937886899,
    1.273129727854));
#13937 = VECTOR('',#13938,1.);
#13938 = DIRECTION('',(-0.422618261741,8.362353267869E-02,
    -0.902441637795));
#13939 = PCURVE('',#13523,#13940);
#13940 = DEFINITIONAL_REPRESENTATION('',(#13941),#13945);
#13941 = LINE('',#13942,#13943);
#13942 = CARTESIAN_POINT('',(30.415121352005,-4.440892098501E-16));
#13943 = VECTOR('',#13944,1.);
#13944 = DIRECTION('',(0.,-1.));
#13945 = ( GEOMETRIC_REPRESENTATION_CONTEXT(2) 
PARAMETRIC_REPRESENTATION_CONTEXT() REPRESENTATION_CONTEXT('2D SPACE',''
  ) );
#13946 = PCURVE('',#13685,#13947);
#13947 = DEFINITIONAL_REPRESENTATION('',(#13948),#13952);
#13948 = LINE('',#13949,#13950);
#13949 = CARTESIAN_POINT('',(14.707560676003,-8.881784197001E-16));
#13950 = VECTOR('',#13951,1.);
#13951 = DIRECTION('',(0.,1.));
#13952 = ( GEOMETRIC_REPRESENTATION_CONTEXT(2) 
PARAMETRIC_REPRESENTATION_CONTEXT() REPRESENTATION_CONTEXT('2D SPACE',''
  ) );
#13953 = ADVANCED_FACE('',(#13954),#13685,.T.);
#13954 = FACE_BOUND('',#13955,.T.);
#13955 = EDGE_LOOP('',(#13956,#13957,#13976,#13977));
#13956 = ORIENTED_EDGE('',*,*,#13879,.F.);
#13957 = ORIENTED_EDGE('',*,*,#13958,.F.);
#13958 = EDGE_CURVE('',#13642,#13851,#13959,.T.);
#13959 = SURFACE_CURVE('',#13960,(#13964,#13970),.PCURVE_S1.);
#13960 = LINE('',#13961,#13962);
#13961 = CARTESIAN_POINT('',(-33.61728154514,42.941238524057,
    2.856267978839));
#13962 = VECTOR('',#13963,1.);
#13963 = DIRECTION('',(-1.,-0.,0.));
#13964 = PCURVE('',#13685,#13965);
#13965 = DEFINITIONAL_REPRESENTATION('',(#13966),#13969);
#13966 = B_SPLINE_CURVE_WITH_KNOTS('',1,(#13967,#13968),.UNSPECIFIED.,
  .F.,.F.,(2,2),(-3.650469547051,-1.144793705428),
  .PIECEWISE_BEZIER_KNOTS.);
#13967 = CARTESIAN_POINT('',(11.134730895726,-8.824536405617E-02));
#13968 = CARTESIAN_POINT('',(8.863817368674,0.970699004616));
#13969 = ( GEOMETRIC_REPRESENTATION_CONTEXT(2) 
PARAMETRIC_REPRESENTATION_CONTEXT() REPRESENTATION_CONTEXT('2D SPACE',''
  ) );
#13970 = PCURVE('',#13623,#13971);
#13971 = DEFINITIONAL_REPRESENTATION('',(#13972),#13975);
#13972 = B_SPLINE_CURVE_WITH_KNOTS('',1,(#13973,#13974),.UNSPECIFIED.,
  .F.,.F.,(2,2),(-3.650469547051,-1.144793705428),
  .PIECEWISE_BEZIER_KNOTS.);
#13973 = CARTESIAN_POINT('',(-0.729727656227,-3.650469547051));
#13974 = CARTESIAN_POINT('',(-0.729727656227,-1.144793705428));
#13975 = ( GEOMETRIC_REPRESENTATION_CONTEXT(2) 
PARAMETRIC_REPRESENTATION_CONTEXT() REPRESENTATION_CONTEXT('2D SPACE',''
  ) );
#13976 = ORIENTED_EDGE('',*,*,#13671,.T.);
#13977 = ORIENTED_EDGE('',*,*,#13933,.T.);
#13978 = ADVANCED_FACE('',(#13979),#13623,.T.);
#13979 = FACE_BOUND('',#13980,.F.);
#13980 = EDGE_LOOP('',(#13981,#14005,#14026,#14027,#14028,#14029,#14052,
    #14079,#14080));
#13981 = ORIENTED_EDGE('',*,*,#13982,.F.);
#13982 = EDGE_CURVE('',#13983,#13581,#13985,.T.);
#13983 = VERTEX_POINT('',#13984);
#13984 = CARTESIAN_POINT('',(-33.61728154514,41.980747724991,
    2.383663007791));
#13985 = SURFACE_CURVE('',#13986,(#13991,#13998),.PCURVE_S1.);
#13986 = CIRCLE('',#13987,1.5);
#13987 = AXIS2_PLACEMENT_3D('',#13988,#13989,#13990);
#13988 = CARTESIAN_POINT('',(-33.61728154514,41.842345185796,
    3.877264272234));
#13989 = DIRECTION('',(1.,-0.,0.));
#13990 = DIRECTION('',(0.,9.22683594633E-02,-0.995734176295));
#13991 = PCURVE('',#13623,#13992);
#13992 = DEFINITIONAL_REPRESENTATION('',(#13993),#13997);
#13993 = LINE('',#13994,#13995);
#13994 = CARTESIAN_POINT('',(-0.,0.));
#13995 = VECTOR('',#13996,1.);
#13996 = DIRECTION('',(-1.,0.));
#13997 = ( GEOMETRIC_REPRESENTATION_CONTEXT(2) 
PARAMETRIC_REPRESENTATION_CONTEXT() REPRESENTATION_CONTEXT('2D SPACE',''
  ) );
#13998 = PCURVE('',#13595,#13999);
#13999 = DEFINITIONAL_REPRESENTATION('',(#14000),#14004);
#14000 = CIRCLE('',#14001,1.5);
#14001 = AXIS2_PLACEMENT_2D('',#14002,#14003);
#14002 = CARTESIAN_POINT('',(0.,0.));
#14003 = DIRECTION('',(0.,-1.));
#14004 = ( GEOMETRIC_REPRESENTATION_CONTEXT(2) 
PARAMETRIC_REPRESENTATION_CONTEXT() REPRESENTATION_CONTEXT('2D SPACE',''
  ) );
#14005 = ORIENTED_EDGE('',*,*,#14006,.T.);
#14006 = EDGE_CURVE('',#13983,#13817,#14007,.T.);
#14007 = SURFACE_CURVE('',#14008,(#14012,#14019),.PCURVE_S1.);
#14008 = LINE('',#14009,#14010);
#14009 = CARTESIAN_POINT('',(-33.61728154514,41.980747724991,
    2.383663007791));
#14010 = VECTOR('',#14011,1.);
#14011 = DIRECTION('',(1.,0.,0.));
#14012 = PCURVE('',#13623,#14013);
#14013 = DEFINITIONAL_REPRESENTATION('',(#14014),#14018);
#14014 = LINE('',#14015,#14016);
#14015 = CARTESIAN_POINT('',(-0.,0.));
#14016 = VECTOR('',#14017,1.);
#14017 = DIRECTION('',(-0.,-1.));
#14018 = ( GEOMETRIC_REPRESENTATION_CONTEXT(2) 
PARAMETRIC_REPRESENTATION_CONTEXT() REPRESENTATION_CONTEXT('2D SPACE',''
  ) );
#14019 = PCURVE('',#13833,#14020);
#14020 = DEFINITIONAL_REPRESENTATION('',(#14021),#14025);
#14021 = LINE('',#14022,#14023);
#14022 = CARTESIAN_POINT('',(-6.28318530718,0.));
#14023 = VECTOR('',#14024,1.);
#14024 = DIRECTION('',(-0.,-1.));
#14025 = ( GEOMETRIC_REPRESENTATION_CONTEXT(2) 
PARAMETRIC_REPRESENTATION_CONTEXT() REPRESENTATION_CONTEXT('2D SPACE',''
  ) );
#14026 = ORIENTED_EDGE('',*,*,#13850,.F.);
#14027 = ORIENTED_EDGE('',*,*,#13958,.F.);
#14028 = ORIENTED_EDGE('',*,*,#13641,.T.);
#14029 = ORIENTED_EDGE('',*,*,#14030,.T.);
#14030 = EDGE_CURVE('',#13607,#14031,#14033,.T.);
#14031 = VERTEX_POINT('',#14032);
#14032 = CARTESIAN_POINT('',(-23.61728154514,41.980747724991,
    2.383663007791));
#14033 = SEAM_CURVE('',#14034,(#14038,#14045),.PCURVE_S1.);
#14034 = LINE('',#14035,#14036);
#14035 = CARTESIAN_POINT('',(-33.61728154514,41.980747724991,
    2.383663007791));
#14036 = VECTOR('',#14037,1.);
#14037 = DIRECTION('',(1.,0.,0.));
#14038 = PCURVE('',#13623,#14039);
#14039 = DEFINITIONAL_REPRESENTATION('',(#14040),#14044);
#14040 = LINE('',#14041,#14042);
#14041 = CARTESIAN_POINT('',(-0.,0.));
#14042 = VECTOR('',#14043,1.);
#14043 = DIRECTION('',(-0.,-1.));
#14044 = ( GEOMETRIC_REPRESENTATION_CONTEXT(2) 
PARAMETRIC_REPRESENTATION_CONTEXT() REPRESENTATION_CONTEXT('2D SPACE',''
  ) );
#14045 = PCURVE('',#13623,#14046);
#14046 = DEFINITIONAL_REPRESENTATION('',(#14047),#14051);
#14047 = LINE('',#14048,#14049);
#14048 = CARTESIAN_POINT('',(-6.28318530718,0.));
#14049 = VECTOR('',#14050,1.);
#14050 = DIRECTION('',(-0.,-1.));
#14051 = ( GEOMETRIC_REPRESENTATION_CONTEXT(2) 
PARAMETRIC_REPRESENTATION_CONTEXT() REPRESENTATION_CONTEXT('2D SPACE',''
  ) );
#14052 = ORIENTED_EDGE('',*,*,#14053,.T.);
#14053 = EDGE_CURVE('',#14031,#14031,#14054,.T.);
#14054 = SURFACE_CURVE('',#14055,(#14060,#14067),.PCURVE_S1.);
#14055 = CIRCLE('',#14056,1.5);
#14056 = AXIS2_PLACEMENT_3D('',#14057,#14058,#14059);
#14057 = CARTESIAN_POINT('',(-23.61728154514,41.842345185796,
    3.877264272234));
#14058 = DIRECTION('',(1.,-0.,0.));
#14059 = DIRECTION('',(0.,9.22683594633E-02,-0.995734176295));
#14060 = PCURVE('',#13623,#14061);
#14061 = DEFINITIONAL_REPRESENTATION('',(#14062),#14066);
#14062 = LINE('',#14063,#14064);
#14063 = CARTESIAN_POINT('',(-0.,-10.));
#14064 = VECTOR('',#14065,1.);
#14065 = DIRECTION('',(-1.,0.));
#14066 = ( GEOMETRIC_REPRESENTATION_CONTEXT(2) 
PARAMETRIC_REPRESENTATION_CONTEXT() REPRESENTATION_CONTEXT('2D SPACE',''
  ) );
#14067 = PCURVE('',#14068,#14073);
#14068 = PLANE('',#14069);
#14069 = AXIS2_PLACEMENT_3D('',#14070,#14071,#14072);
#14070 = CARTESIAN_POINT('',(-23.61728154514,41.842345185796,
    3.877264272234));
#14071 = DIRECTION('',(1.,0.,0.));
#14072 = DIRECTION('',(0.,0.995734176295,9.22683594633E-02));
#14073 = DEFINITIONAL_REPRESENTATION('',(#14074),#14078);
#14074 = CIRCLE('',#14075,1.5);
#14075 = AXIS2_PLACEMENT_2D('',#14076,#14077);
#14076 = CARTESIAN_POINT('',(0.,0.));
#14077 = DIRECTION('',(0.,-1.));
#14078 = ( GEOMETRIC_REPRESENTATION_CONTEXT(2) 
PARAMETRIC_REPRESENTATION_CONTEXT() REPRESENTATION_CONTEXT('2D SPACE',''
  ) );
#14079 = ORIENTED_EDGE('',*,*,#14030,.F.);
#14080 = ORIENTED_EDGE('',*,*,#13606,.T.);
#14081 = ADVANCED_FACE('',(#14082),#13595,.F.);
#14082 = FACE_BOUND('',#14083,.F.);
#14083 = EDGE_LOOP('',(#14084,#14106,#14107,#14108,#14109));
#14084 = ORIENTED_EDGE('',*,*,#14085,.T.);
#14085 = EDGE_CURVE('',#13796,#13983,#14086,.T.);
#14086 = SURFACE_CURVE('',#14087,(#14092,#14099),.PCURVE_S1.);
#14087 = CIRCLE('',#14088,1.5);
#14088 = AXIS2_PLACEMENT_3D('',#14089,#14090,#14091);
#14089 = CARTESIAN_POINT('',(-33.61728154514,41.842345185796,
    3.877264272234));
#14090 = DIRECTION('',(1.,-0.,0.));
#14091 = DIRECTION('',(0.,9.22683594633E-02,-0.995734176295));
#14092 = PCURVE('',#13595,#14093);
#14093 = DEFINITIONAL_REPRESENTATION('',(#14094),#14098);
#14094 = CIRCLE('',#14095,1.5);
#14095 = AXIS2_PLACEMENT_2D('',#14096,#14097);
#14096 = CARTESIAN_POINT('',(0.,0.));
#14097 = DIRECTION('',(0.,-1.));
#14098 = ( GEOMETRIC_REPRESENTATION_CONTEXT(2) 
PARAMETRIC_REPRESENTATION_CONTEXT() REPRESENTATION_CONTEXT('2D SPACE',''
  ) );
#14099 = PCURVE('',#13833,#14100);
#14100 = DEFINITIONAL_REPRESENTATION('',(#14101),#14105);
#14101 = LINE('',#14102,#14103);
#14102 = CARTESIAN_POINT('',(-0.,0.));
#14103 = VECTOR('',#14104,1.);
#14104 = DIRECTION('',(-1.,0.));
#14105 = ( GEOMETRIC_REPRESENTATION_CONTEXT(2) 
PARAMETRIC_REPRESENTATION_CONTEXT() REPRESENTATION_CONTEXT('2D SPACE',''
  ) );
#14106 = ORIENTED_EDGE('',*,*,#13982,.T.);
#14107 = ORIENTED_EDGE('',*,*,#13580,.F.);
#14108 = ORIENTED_EDGE('',*,*,#13725,.T.);
#14109 = ORIENTED_EDGE('',*,*,#13795,.T.);
#14110 = ADVANCED_FACE('',(#14111),#13833,.T.);
#14111 = FACE_BOUND('',#14112,.F.);
#14112 = EDGE_LOOP('',(#14113,#14114,#14115));
#14113 = ORIENTED_EDGE('',*,*,#14085,.F.);
#14114 = ORIENTED_EDGE('',*,*,#13816,.F.);
#14115 = ORIENTED_EDGE('',*,*,#14006,.F.);
#14116 = ADVANCED_FACE('',(#14117),#14068,.T.);
#14117 = FACE_BOUND('',#14118,.T.);
#14118 = EDGE_LOOP('',(#14119));
#14119 = ORIENTED_EDGE('',*,*,#14053,.T.);
#14120 = MANIFOLD_SOLID_BREP('',#14121);
#14121 = CLOSED_SHELL('',(#14122,#14242,#14437,#14484,#14640,#14667,
    #14694,#14719,#14822,#14851,#14857));
#14122 = ADVANCED_FACE('',(#14123),#14137,.F.);
#14123 = FACE_BOUND('',#14124,.F.);
#14124 = EDGE_LOOP('',(#14125,#14160,#14188,#14216));
#14125 = ORIENTED_EDGE('',*,*,#14126,.F.);
#14126 = EDGE_CURVE('',#14127,#14129,#14131,.T.);
#14127 = VERTEX_POINT('',#14128);
#14128 = CARTESIAN_POINT('',(-40.09559941781,9.721329216596,
    8.759182311684));
#14129 = VERTEX_POINT('',#14130);
#14130 = CARTESIAN_POINT('',(-40.09559941781,36.94782935302,
    22.316368493871));
#14131 = SURFACE_CURVE('',#14132,(#14136,#14148),.PCURVE_S1.);
#14132 = LINE('',#14133,#14134);
#14133 = CARTESIAN_POINT('',(-40.09559941781,9.721329216596,
    8.759182311684));
#14134 = VECTOR('',#14135,1.);
#14135 = DIRECTION('',(0.,0.895163291355,0.445738355777));
#14136 = PCURVE('',#14137,#14142);
#14137 = PLANE('',#14138);
#14138 = AXIS2_PLACEMENT_3D('',#14139,#14140,#14141);
#14139 = CARTESIAN_POINT('',(-40.09559941781,9.721329216596,
    8.759182311684));
#14140 = DIRECTION('',(0.906307787037,0.188377169109,-0.378312354167));
#14141 = DIRECTION('',(0.,0.895163291355,0.445738355777));
#14142 = DEFINITIONAL_REPRESENTATION('',(#14143),#14147);
#14143 = LINE('',#14144,#14145);
#14144 = CARTESIAN_POINT('',(0.,0.));
#14145 = VECTOR('',#14146,1.);
#14146 = DIRECTION('',(1.,0.));
#14147 = ( GEOMETRIC_REPRESENTATION_CONTEXT(2) 
PARAMETRIC_REPRESENTATION_CONTEXT() REPRESENTATION_CONTEXT('2D SPACE',''
  ) );
#14148 = PCURVE('',#14149,#14154);
#14149 = PLANE('',#14150);
#14150 = AXIS2_PLACEMENT_3D('',#14151,#14152,#14153);
#14151 = CARTESIAN_POINT('',(-40.09559941781,9.721329216596,
    8.759182311684));
#14152 = DIRECTION('',(-0.422618261741,0.403976142821,-0.811293461624));
#14153 = DIRECTION('',(0.,0.895163291355,0.445738355777));
#14154 = DEFINITIONAL_REPRESENTATION('',(#14155),#14159);
#14155 = LINE('',#14156,#14157);
#14156 = CARTESIAN_POINT('',(0.,0.));
#14157 = VECTOR('',#14158,1.);
#14158 = DIRECTION('',(1.,0.));
#14159 = ( GEOMETRIC_REPRESENTATION_CONTEXT(2) 
PARAMETRIC_REPRESENTATION_CONTEXT() REPRESENTATION_CONTEXT('2D SPACE',''
  ) );
#14160 = ORIENTED_EDGE('',*,*,#14161,.T.);
#14161 = EDGE_CURVE('',#14127,#14162,#14164,.T.);
#14162 = VERTEX_POINT('',#14163);
#14163 = CARTESIAN_POINT('',(-40.46854044145,10.077819434528,
    8.043253442911));
#14164 = SURFACE_CURVE('',#14165,(#14169,#14176),.PCURVE_S1.);
#14165 = LINE('',#14166,#14167);
#14166 = CARTESIAN_POINT('',(-40.09559941781,9.721329216596,
    8.759182311684));
#14167 = VECTOR('',#14168,1.);
#14168 = DIRECTION('',(-0.422618261741,0.403976142821,-0.811293461624));
#14169 = PCURVE('',#14137,#14170);
#14170 = DEFINITIONAL_REPRESENTATION('',(#14171),#14175);
#14171 = LINE('',#14172,#14173);
#14172 = CARTESIAN_POINT('',(0.,0.));
#14173 = VECTOR('',#14174,1.);
#14174 = DIRECTION('',(0.,-1.));
#14175 = ( GEOMETRIC_REPRESENTATION_CONTEXT(2) 
PARAMETRIC_REPRESENTATION_CONTEXT() REPRESENTATION_CONTEXT('2D SPACE',''
  ) );
#14176 = PCURVE('',#14177,#14182);
#14177 = PLANE('',#14178);
#14178 = AXIS2_PLACEMENT_3D('',#14179,#14180,#14181);
#14179 = CARTESIAN_POINT('',(-40.09559941781,9.721329216596,
    8.759182311684));
#14180 = DIRECTION('',(0.,0.895163291355,0.445738355777));
#14181 = DIRECTION('',(0.906307787037,0.188377169109,-0.378312354167));
#14182 = DEFINITIONAL_REPRESENTATION('',(#14183),#14187);
#14183 = LINE('',#14184,#14185);
#14184 = CARTESIAN_POINT('',(0.,0.));
#14185 = VECTOR('',#14186,1.);
#14186 = DIRECTION('',(0.,1.));
#14187 = ( GEOMETRIC_REPRESENTATION_CONTEXT(2) 
PARAMETRIC_REPRESENTATION_CONTEXT() REPRESENTATION_CONTEXT('2D SPACE',''
  ) );
#14188 = ORIENTED_EDGE('',*,*,#14189,.T.);
#14189 = EDGE_CURVE('',#14162,#14190,#14192,.T.);
#14190 = VERTEX_POINT('',#14191);
#14191 = CARTESIAN_POINT('',(-40.46854044145,37.304319570952,
    21.600439625097));
#14192 = SURFACE_CURVE('',#14193,(#14197,#14204),.PCURVE_S1.);
#14193 = LINE('',#14194,#14195);
#14194 = CARTESIAN_POINT('',(-40.46854044145,10.077819434528,
    8.043253442911));
#14195 = VECTOR('',#14196,1.);
#14196 = DIRECTION('',(0.,0.895163291355,0.445738355777));
#14197 = PCURVE('',#14137,#14198);
#14198 = DEFINITIONAL_REPRESENTATION('',(#14199),#14203);
#14199 = LINE('',#14200,#14201);
#14200 = CARTESIAN_POINT('',(-7.216449660064E-16,-0.88245364056));
#14201 = VECTOR('',#14202,1.);
#14202 = DIRECTION('',(1.,0.));
#14203 = ( GEOMETRIC_REPRESENTATION_CONTEXT(2) 
PARAMETRIC_REPRESENTATION_CONTEXT() REPRESENTATION_CONTEXT('2D SPACE',''
  ) );
#14204 = PCURVE('',#14205,#14210);
#14205 = PLANE('',#14206);
#14206 = AXIS2_PLACEMENT_3D('',#14207,#14208,#14209);
#14207 = CARTESIAN_POINT('',(-40.46854044145,10.077819434528,
    8.043253442911));
#14208 = DIRECTION('',(-0.422618261741,0.403976142821,-0.811293461624));
#14209 = DIRECTION('',(0.,0.895163291355,0.445738355777));
#14210 = DEFINITIONAL_REPRESENTATION('',(#14211),#14215);
#14211 = LINE('',#14212,#14213);
#14212 = CARTESIAN_POINT('',(0.,0.));
#14213 = VECTOR('',#14214,1.);
#14214 = DIRECTION('',(1.,0.));
#14215 = ( GEOMETRIC_REPRESENTATION_CONTEXT(2) 
PARAMETRIC_REPRESENTATION_CONTEXT() REPRESENTATION_CONTEXT('2D SPACE',''
  ) );
#14216 = ORIENTED_EDGE('',*,*,#14217,.F.);
#14217 = EDGE_CURVE('',#14129,#14190,#14218,.T.);
#14218 = SURFACE_CURVE('',#14219,(#14223,#14230),.PCURVE_S1.);
#14219 = LINE('',#14220,#14221);
#14220 = CARTESIAN_POINT('',(-40.09559941781,36.94782935302,
    22.316368493871));
#14221 = VECTOR('',#14222,1.);
#14222 = DIRECTION('',(-0.422618261741,0.403976142821,-0.811293461624));
#14223 = PCURVE('',#14137,#14224);
#14224 = DEFINITIONAL_REPRESENTATION('',(#14225),#14229);
#14225 = LINE('',#14226,#14227);
#14226 = CARTESIAN_POINT('',(30.415121352005,-1.7763568394E-15));
#14227 = VECTOR('',#14228,1.);
#14228 = DIRECTION('',(0.,-1.));
#14229 = ( GEOMETRIC_REPRESENTATION_CONTEXT(2) 
PARAMETRIC_REPRESENTATION_CONTEXT() REPRESENTATION_CONTEXT('2D SPACE',''
  ) );
#14230 = PCURVE('',#14231,#14236);
#14231 = PLANE('',#14232);
#14232 = AXIS2_PLACEMENT_3D('',#14233,#14234,#14235);
#14233 = CARTESIAN_POINT('',(-40.09559941781,36.94782935302,
    22.316368493871));
#14234 = DIRECTION('',(0.,0.895163291355,0.445738355777));
#14235 = DIRECTION('',(0.906307787037,0.188377169109,-0.378312354167));
#14236 = DEFINITIONAL_REPRESENTATION('',(#14237),#14241);
#14237 = LINE('',#14238,#14239);
#14238 = CARTESIAN_POINT('',(0.,0.));
#14239 = VECTOR('',#14240,1.);
#14240 = DIRECTION('',(0.,1.));
#14241 = ( GEOMETRIC_REPRESENTATION_CONTEXT(2) 
PARAMETRIC_REPRESENTATION_CONTEXT() REPRESENTATION_CONTEXT('2D SPACE',''
  ) );
#14242 = ADVANCED_FACE('',(#14243),#14149,.F.);
#14243 = FACE_BOUND('',#14244,.F.);
#14244 = EDGE_LOOP('',(#14245,#14275,#14296,#14297,#14320,#14346,#14381,
    #14411));
#14245 = ORIENTED_EDGE('',*,*,#14246,.F.);
#14246 = EDGE_CURVE('',#14247,#14249,#14251,.T.);
#14247 = VERTEX_POINT('',#14248);
#14248 = CARTESIAN_POINT('',(-26.76602264884,12.491897861246,
    3.195130408298));
#14249 = VERTEX_POINT('',#14250);
#14250 = CARTESIAN_POINT('',(-26.76602264884,39.718397997671,
    16.752316590485));
#14251 = SURFACE_CURVE('',#14252,(#14256,#14263),.PCURVE_S1.);
#14252 = LINE('',#14253,#14254);
#14253 = CARTESIAN_POINT('',(-26.76602264884,12.491897861246,
    3.195130408298));
#14254 = VECTOR('',#14255,1.);
#14255 = DIRECTION('',(0.,0.895163291355,0.445738355777));
#14256 = PCURVE('',#14149,#14257);
#14257 = DEFINITIONAL_REPRESENTATION('',(#14258),#14262);
#14258 = LINE('',#14259,#14260);
#14259 = CARTESIAN_POINT('',(4.440892098501E-16,14.707560676003));
#14260 = VECTOR('',#14261,1.);
#14261 = DIRECTION('',(1.,0.));
#14262 = ( GEOMETRIC_REPRESENTATION_CONTEXT(2) 
PARAMETRIC_REPRESENTATION_CONTEXT() REPRESENTATION_CONTEXT('2D SPACE',''
  ) );
#14263 = PCURVE('',#14264,#14269);
#14264 = PLANE('',#14265);
#14265 = AXIS2_PLACEMENT_3D('',#14266,#14267,#14268);
#14266 = CARTESIAN_POINT('',(-26.76602264884,12.491897861246,
    3.195130408298));
#14267 = DIRECTION('',(0.906307787037,0.188377169109,-0.378312354167));
#14268 = DIRECTION('',(0.,0.895163291355,0.445738355777));
#14269 = DEFINITIONAL_REPRESENTATION('',(#14270),#14274);
#14270 = LINE('',#14271,#14272);
#14271 = CARTESIAN_POINT('',(0.,0.));
#14272 = VECTOR('',#14273,1.);
#14273 = DIRECTION('',(1.,0.));
#14274 = ( GEOMETRIC_REPRESENTATION_CONTEXT(2) 
PARAMETRIC_REPRESENTATION_CONTEXT() REPRESENTATION_CONTEXT('2D SPACE',''
  ) );
#14275 = ORIENTED_EDGE('',*,*,#14276,.F.);
#14276 = EDGE_CURVE('',#14127,#14247,#14277,.T.);
#14277 = SURFACE_CURVE('',#14278,(#14282,#14289),.PCURVE_S1.);
#14278 = LINE('',#14279,#14280);
#14279 = CARTESIAN_POINT('',(-40.09559941781,9.721329216596,
    8.759182311684));
#14280 = VECTOR('',#14281,1.);
#14281 = DIRECTION('',(0.906307787037,0.188377169109,-0.378312354167));
#14282 = PCURVE('',#14149,#14283);
#14283 = DEFINITIONAL_REPRESENTATION('',(#14284),#14288);
#14284 = LINE('',#14285,#14286);
#14285 = CARTESIAN_POINT('',(0.,0.));
#14286 = VECTOR('',#14287,1.);
#14287 = DIRECTION('',(0.,1.));
#14288 = ( GEOMETRIC_REPRESENTATION_CONTEXT(2) 
PARAMETRIC_REPRESENTATION_CONTEXT() REPRESENTATION_CONTEXT('2D SPACE',''
  ) );
#14289 = PCURVE('',#14177,#14290);
#14290 = DEFINITIONAL_REPRESENTATION('',(#14291),#14295);
#14291 = LINE('',#14292,#14293);
#14292 = CARTESIAN_POINT('',(0.,0.));
#14293 = VECTOR('',#14294,1.);
#14294 = DIRECTION('',(1.,0.));
#14295 = ( GEOMETRIC_REPRESENTATION_CONTEXT(2) 
PARAMETRIC_REPRESENTATION_CONTEXT() REPRESENTATION_CONTEXT('2D SPACE',''
  ) );
#14296 = ORIENTED_EDGE('',*,*,#14126,.T.);
#14297 = ORIENTED_EDGE('',*,*,#14298,.T.);
#14298 = EDGE_CURVE('',#14129,#14299,#14301,.T.);
#14299 = VERTEX_POINT('',#14300);
#14300 = CARTESIAN_POINT('',(-33.61728154514,38.294355554052,
    19.612179342565));
#14301 = SURFACE_CURVE('',#14302,(#14306,#14313),.PCURVE_S1.);
#14302 = LINE('',#14303,#14304);
#14303 = CARTESIAN_POINT('',(-40.09559941781,36.94782935302,
    22.316368493871));
#14304 = VECTOR('',#14305,1.);
#14305 = DIRECTION('',(0.906307787037,0.188377169109,-0.378312354167));
#14306 = PCURVE('',#14149,#14307);
#14307 = DEFINITIONAL_REPRESENTATION('',(#14308),#14312);
#14308 = LINE('',#14309,#14310);
#14309 = CARTESIAN_POINT('',(30.415121352005,8.881784197001E-16));
#14310 = VECTOR('',#14311,1.);
#14311 = DIRECTION('',(0.,1.));
#14312 = ( GEOMETRIC_REPRESENTATION_CONTEXT(2) 
PARAMETRIC_REPRESENTATION_CONTEXT() REPRESENTATION_CONTEXT('2D SPACE',''
  ) );
#14313 = PCURVE('',#14231,#14314);
#14314 = DEFINITIONAL_REPRESENTATION('',(#14315),#14319);
#14315 = LINE('',#14316,#14317);
#14316 = CARTESIAN_POINT('',(0.,0.));
#14317 = VECTOR('',#14318,1.);
#14318 = DIRECTION('',(1.,0.));
#14319 = ( GEOMETRIC_REPRESENTATION_CONTEXT(2) 
PARAMETRIC_REPRESENTATION_CONTEXT() REPRESENTATION_CONTEXT('2D SPACE',''
  ) );
#14320 = ORIENTED_EDGE('',*,*,#14321,.T.);
#14321 = EDGE_CURVE('',#14299,#14322,#14324,.T.);
#14322 = VERTEX_POINT('',#14323);
#14323 = CARTESIAN_POINT('',(-33.61728154514,36.129136653798,
    18.534028437791));
#14324 = SURFACE_CURVE('',#14325,(#14329,#14335),.PCURVE_S1.);
#14325 = LINE('',#14326,#14327);
#14326 = CARTESIAN_POINT('',(-33.61728154514,24.233523840162,
    12.610717073584));
#14327 = VECTOR('',#14328,1.);
#14328 = DIRECTION('',(0.,-0.895163291355,-0.445738355777));
#14329 = PCURVE('',#14149,#14330);
#14330 = DEFINITIONAL_REPRESENTATION('',(#14331),#14334);
#14331 = B_SPLINE_CURVE_WITH_KNOTS('',1,(#14332,#14333),.UNSPECIFIED.,
  .F.,.F.,(2,2),(-15.707560676,-13.207560676),.PIECEWISE_BEZIER_KNOTS.);
#14332 = CARTESIAN_POINT('',(30.415121352005,7.148032892721));
#14333 = CARTESIAN_POINT('',(27.915121352005,7.148032892721));
#14334 = ( GEOMETRIC_REPRESENTATION_CONTEXT(2) 
PARAMETRIC_REPRESENTATION_CONTEXT() REPRESENTATION_CONTEXT('2D SPACE',''
  ) );
#14335 = PCURVE('',#14336,#14341);
#14336 = PLANE('',#14337);
#14337 = AXIS2_PLACEMENT_3D('',#14338,#14339,#14340);
#14338 = CARTESIAN_POINT('',(-33.61728154514,37.616195492956,
    18.730639752014));
#14339 = DIRECTION('',(1.,0.,0.));
#14340 = DIRECTION('',(0.,0.895163291355,0.445738355777));
#14341 = DEFINITIONAL_REPRESENTATION('',(#14342),#14345);
#14342 = B_SPLINE_CURVE_WITH_KNOTS('',1,(#14343,#14344),.UNSPECIFIED.,
  .F.,.F.,(2,2),(-15.707560676,-13.207560676),.PIECEWISE_BEZIER_KNOTS.);
#14343 = CARTESIAN_POINT('',(1.,0.486839930751));
#14344 = CARTESIAN_POINT('',(-1.5,0.486839930751));
#14345 = ( GEOMETRIC_REPRESENTATION_CONTEXT(2) 
PARAMETRIC_REPRESENTATION_CONTEXT() REPRESENTATION_CONTEXT('2D SPACE',''
  ) );
#14346 = ORIENTED_EDGE('',*,*,#14347,.F.);
#14347 = EDGE_CURVE('',#14348,#14322,#14350,.T.);
#14348 = VERTEX_POINT('',#14349);
#14349 = CARTESIAN_POINT('',(-29.3564895637,38.284803026621,
    17.387894814982));
#14350 = SURFACE_CURVE('',#14351,(#14356,#14363),.PCURVE_S1.);
#14351 = ELLIPSE('',#14352,3.549302374729,1.5);
#14352 = AXIS2_PLACEMENT_3D('',#14353,#14354,#14355);
#14353 = CARTESIAN_POINT('',(-32.57324994447,37.616195492956,
    18.730639752014));
#14354 = DIRECTION('',(-0.422618261741,0.403976142821,-0.811293461624));
#14355 = DIRECTION('',(-0.906307787037,-0.188377169109,0.378312354167));
#14356 = PCURVE('',#14149,#14357);
#14357 = DEFINITIONAL_REPRESENTATION('',(#14358),#14362);
#14358 = ELLIPSE('',#14359,3.549302374729,1.5);
#14359 = AXIS2_PLACEMENT_2D('',#14360,#14361);
#14360 = CARTESIAN_POINT('',(29.415121352005,8.299994307606));
#14361 = DIRECTION('',(2.775557561563E-17,-1.));
#14362 = ( GEOMETRIC_REPRESENTATION_CONTEXT(2) 
PARAMETRIC_REPRESENTATION_CONTEXT() REPRESENTATION_CONTEXT('2D SPACE',''
  ) );
#14363 = PCURVE('',#14364,#14369);
#14364 = CYLINDRICAL_SURFACE('',#14365,1.5);
#14365 = AXIS2_PLACEMENT_3D('',#14366,#14367,#14368);
#14366 = CARTESIAN_POINT('',(-33.61728154514,37.616195492956,
    18.730639752014));
#14367 = DIRECTION('',(-1.,-0.,0.));
#14368 = DIRECTION('',(0.,0.445738355777,-0.895163291355));
#14369 = DEFINITIONAL_REPRESENTATION('',(#14370),#14380);
#14370 = B_SPLINE_CURVE_WITH_KNOTS('',8,(#14371,#14372,#14373,#14374,
    #14375,#14376,#14377,#14378,#14379),.UNSPECIFIED.,.F.,.F.,(9,9),(
    3.14159265359,5.042935637106),.PIECEWISE_BEZIER_KNOTS.);
#14371 = CARTESIAN_POINT('',(-6.28318530718,-4.26079198144));
#14372 = CARTESIAN_POINT('',(-6.04551743424,-4.26079198144));
#14373 = CARTESIAN_POINT('',(-5.807849561301,-4.053131704454));
#14374 = CARTESIAN_POINT('',(-5.57018168836,-3.63781887501));
#14375 = CARTESIAN_POINT('',(-5.332513815418,-3.039844771423));
#14376 = CARTESIAN_POINT('',(-5.094845942484,-2.309344507441));
#14377 = CARTESIAN_POINT('',(-4.857178069543,-1.51366495914));
#14378 = CARTESIAN_POINT('',(-4.619510196603,-0.72313272222));
#14379 = CARTESIAN_POINT('',(-4.381842323664,5.999999928008E-07));
#14380 = ( GEOMETRIC_REPRESENTATION_CONTEXT(2) 
PARAMETRIC_REPRESENTATION_CONTEXT() REPRESENTATION_CONTEXT('2D SPACE',''
  ) );
#14381 = ORIENTED_EDGE('',*,*,#14382,.F.);
#14382 = EDGE_CURVE('',#14383,#14348,#14385,.T.);
#14383 = VERTEX_POINT('',#14384);
#14384 = CARTESIAN_POINT('',(-30.17561831823,39.009709416159,
    18.175555122575));
#14385 = SURFACE_CURVE('',#14386,(#14391,#14398),.PCURVE_S1.);
#14386 = ELLIPSE('',#14387,3.549302374729,1.5);
#14387 = AXIS2_PLACEMENT_3D('',#14388,#14389,#14390);
#14388 = CARTESIAN_POINT('',(-32.57324994447,37.616195492956,
    18.730639752014));
#14389 = DIRECTION('',(-0.422618261741,0.403976142821,-0.811293461624));
#14390 = DIRECTION('',(-0.906307787037,-0.188377169109,0.378312354167));
#14391 = PCURVE('',#14149,#14392);
#14392 = DEFINITIONAL_REPRESENTATION('',(#14393),#14397);
#14393 = ELLIPSE('',#14394,3.549302374729,1.5);
#14394 = AXIS2_PLACEMENT_2D('',#14395,#14396);
#14395 = CARTESIAN_POINT('',(29.415121352005,8.299994307606));
#14396 = DIRECTION('',(2.775557561563E-17,-1.));
#14397 = ( GEOMETRIC_REPRESENTATION_CONTEXT(2) 
PARAMETRIC_REPRESENTATION_CONTEXT() REPRESENTATION_CONTEXT('2D SPACE',''
  ) );
#14398 = PCURVE('',#14364,#14399);
#14399 = DEFINITIONAL_REPRESENTATION('',(#14400),#14410);
#14400 = B_SPLINE_CURVE_WITH_KNOTS('',8,(#14401,#14402,#14403,#14404,
    #14405,#14406,#14407,#14408,#14409),.UNSPECIFIED.,.F.,.F.,(9,9),(
    1.240249670074,3.14159265359),.PIECEWISE_BEZIER_KNOTS.);
#14401 = CARTESIAN_POINT('',(-1.901342983516,5.999999999062E-07));
#14402 = CARTESIAN_POINT('',(-1.663675110576,-0.72313272222));
#14403 = CARTESIAN_POINT('',(-1.426007237637,-1.513664959142));
#14404 = CARTESIAN_POINT('',(-1.188339364691,-2.309344507443));
#14405 = CARTESIAN_POINT('',(-0.950671491763,-3.039844771441));
#14406 = CARTESIAN_POINT('',(-0.713003618814,-3.637818875002));
#14407 = CARTESIAN_POINT('',(-0.475335745879,-4.053131704455));
#14408 = CARTESIAN_POINT('',(-0.237667872939,-4.26079198144));
#14409 = CARTESIAN_POINT('',(0.,-4.26079198144));
#14410 = ( GEOMETRIC_REPRESENTATION_CONTEXT(2) 
PARAMETRIC_REPRESENTATION_CONTEXT() REPRESENTATION_CONTEXT('2D SPACE',''
  ) );
#14411 = ORIENTED_EDGE('',*,*,#14412,.T.);
#14412 = EDGE_CURVE('',#14383,#14249,#14413,.T.);
#14413 = SURFACE_CURVE('',#14414,(#14418,#14425),.PCURVE_S1.);
#14414 = LINE('',#14415,#14416);
#14415 = CARTESIAN_POINT('',(-40.09559941781,36.94782935302,
    22.316368493871));
#14416 = VECTOR('',#14417,1.);
#14417 = DIRECTION('',(0.906307787037,0.188377169109,-0.378312354167));
#14418 = PCURVE('',#14149,#14419);
#14419 = DEFINITIONAL_REPRESENTATION('',(#14420),#14424);
#14420 = LINE('',#14421,#14422);
#14421 = CARTESIAN_POINT('',(30.415121352005,8.881784197001E-16));
#14422 = VECTOR('',#14423,1.);
#14423 = DIRECTION('',(0.,1.));
#14424 = ( GEOMETRIC_REPRESENTATION_CONTEXT(2) 
PARAMETRIC_REPRESENTATION_CONTEXT() REPRESENTATION_CONTEXT('2D SPACE',''
  ) );
#14425 = PCURVE('',#14426,#14431);
#14426 = PLANE('',#14427);
#14427 = AXIS2_PLACEMENT_3D('',#14428,#14429,#14430);
#14428 = CARTESIAN_POINT('',(-40.09559941781,36.94782935302,
    22.316368493871));
#14429 = DIRECTION('',(0.,0.895163291355,0.445738355777));
#14430 = DIRECTION('',(0.906307787037,0.188377169109,-0.378312354167));
#14431 = DEFINITIONAL_REPRESENTATION('',(#14432),#14436);
#14432 = LINE('',#14433,#14434);
#14433 = CARTESIAN_POINT('',(0.,0.));
#14434 = VECTOR('',#14435,1.);
#14435 = DIRECTION('',(1.,0.));
#14436 = ( GEOMETRIC_REPRESENTATION_CONTEXT(2) 
PARAMETRIC_REPRESENTATION_CONTEXT() REPRESENTATION_CONTEXT('2D SPACE',''
  ) );
#14437 = ADVANCED_FACE('',(#14438),#14231,.T.);
#14438 = FACE_BOUND('',#14439,.T.);
#14439 = EDGE_LOOP('',(#14440,#14463,#14464,#14465));
#14440 = ORIENTED_EDGE('',*,*,#14441,.F.);
#14441 = EDGE_CURVE('',#14190,#14442,#14444,.T.);
#14442 = VERTEX_POINT('',#14443);
#14443 = CARTESIAN_POINT('',(-33.61728154514,38.728362014571,
    18.740576873017));
#14444 = SURFACE_CURVE('',#14445,(#14449,#14456),.PCURVE_S1.);
#14445 = LINE('',#14446,#14447);
#14446 = CARTESIAN_POINT('',(-40.46854044145,37.304319570952,
    21.600439625097));
#14447 = VECTOR('',#14448,1.);
#14448 = DIRECTION('',(0.906307787037,0.188377169109,-0.378312354167));
#14449 = PCURVE('',#14231,#14450);
#14450 = DEFINITIONAL_REPRESENTATION('',(#14451),#14455);
#14451 = LINE('',#14452,#14453);
#14452 = CARTESIAN_POINT('',(-8.326672684689E-16,0.88245364056));
#14453 = VECTOR('',#14454,1.);
#14454 = DIRECTION('',(1.,0.));
#14455 = ( GEOMETRIC_REPRESENTATION_CONTEXT(2) 
PARAMETRIC_REPRESENTATION_CONTEXT() REPRESENTATION_CONTEXT('2D SPACE',''
  ) );
#14456 = PCURVE('',#14205,#14457);
#14457 = DEFINITIONAL_REPRESENTATION('',(#14458),#14462);
#14458 = LINE('',#14459,#14460);
#14459 = CARTESIAN_POINT('',(30.415121352005,8.881784197001E-16));
#14460 = VECTOR('',#14461,1.);
#14461 = DIRECTION('',(0.,1.));
#14462 = ( GEOMETRIC_REPRESENTATION_CONTEXT(2) 
PARAMETRIC_REPRESENTATION_CONTEXT() REPRESENTATION_CONTEXT('2D SPACE',''
  ) );
#14463 = ORIENTED_EDGE('',*,*,#14217,.F.);
#14464 = ORIENTED_EDGE('',*,*,#14298,.T.);
#14465 = ORIENTED_EDGE('',*,*,#14466,.T.);
#14466 = EDGE_CURVE('',#14299,#14442,#14467,.T.);
#14467 = SURFACE_CURVE('',#14468,(#14472,#14478),.PCURVE_S1.);
#14468 = LINE('',#14469,#14470);
#14469 = CARTESIAN_POINT('',(-33.61728154514,37.729594068666,
    20.746373300831));
#14470 = VECTOR('',#14471,1.);
#14471 = DIRECTION('',(0.,0.445738355777,-0.895163291355));
#14472 = PCURVE('',#14231,#14473);
#14473 = DEFINITIONAL_REPRESENTATION('',(#14474),#14477);
#14474 = B_SPLINE_CURVE_WITH_KNOTS('',1,(#14475,#14476),.UNSPECIFIED.,
  .F.,.F.,(2,2),(1.267024652618,2.24070451412),
  .PIECEWISE_BEZIER_KNOTS.);
#14475 = CARTESIAN_POINT('',(7.148032892721,-6.661338147751E-16));
#14476 = CARTESIAN_POINT('',(7.559527783281,0.88245364056));
#14477 = ( GEOMETRIC_REPRESENTATION_CONTEXT(2) 
PARAMETRIC_REPRESENTATION_CONTEXT() REPRESENTATION_CONTEXT('2D SPACE',''
  ) );
#14478 = PCURVE('',#14336,#14479);
#14479 = DEFINITIONAL_REPRESENTATION('',(#14480),#14483);
#14480 = B_SPLINE_CURVE_WITH_KNOTS('',1,(#14481,#14482),.UNSPECIFIED.,
  .F.,.F.,(2,2),(1.267024652618,2.24070451412),
  .PIECEWISE_BEZIER_KNOTS.);
#14481 = CARTESIAN_POINT('',(1.,0.486839930751));
#14482 = CARTESIAN_POINT('',(1.,-0.486839930751));
#14483 = ( GEOMETRIC_REPRESENTATION_CONTEXT(2) 
PARAMETRIC_REPRESENTATION_CONTEXT() REPRESENTATION_CONTEXT('2D SPACE',''
  ) );
#14484 = ADVANCED_FACE('',(#14485),#14205,.T.);
#14485 = FACE_BOUND('',#14486,.T.);
#14486 = EDGE_LOOP('',(#14487,#14512,#14533,#14534,#14535,#14556,#14590,
    #14619));
#14487 = ORIENTED_EDGE('',*,*,#14488,.F.);
#14488 = EDGE_CURVE('',#14489,#14491,#14493,.T.);
#14489 = VERTEX_POINT('',#14490);
#14490 = CARTESIAN_POINT('',(-27.13896367248,12.848388079178,
    2.479201539525));
#14491 = VERTEX_POINT('',#14492);
#14492 = CARTESIAN_POINT('',(-27.13896367248,40.074888215603,
    16.036387721711));
#14493 = SURFACE_CURVE('',#14494,(#14498,#14505),.PCURVE_S1.);
#14494 = LINE('',#14495,#14496);
#14495 = CARTESIAN_POINT('',(-27.13896367248,12.848388079178,
    2.479201539525));
#14496 = VECTOR('',#14497,1.);
#14497 = DIRECTION('',(0.,0.895163291355,0.445738355777));
#14498 = PCURVE('',#14205,#14499);
#14499 = DEFINITIONAL_REPRESENTATION('',(#14500),#14504);
#14500 = LINE('',#14501,#14502);
#14501 = CARTESIAN_POINT('',(8.881784197001E-16,14.707560676003));
#14502 = VECTOR('',#14503,1.);
#14503 = DIRECTION('',(1.,0.));
#14504 = ( GEOMETRIC_REPRESENTATION_CONTEXT(2) 
PARAMETRIC_REPRESENTATION_CONTEXT() REPRESENTATION_CONTEXT('2D SPACE',''
  ) );
#14505 = PCURVE('',#14264,#14506);
#14506 = DEFINITIONAL_REPRESENTATION('',(#14507),#14511);
#14507 = LINE('',#14508,#14509);
#14508 = CARTESIAN_POINT('',(-3.330669073875E-16,-0.88245364056));
#14509 = VECTOR('',#14510,1.);
#14510 = DIRECTION('',(1.,0.));
#14511 = ( GEOMETRIC_REPRESENTATION_CONTEXT(2) 
PARAMETRIC_REPRESENTATION_CONTEXT() REPRESENTATION_CONTEXT('2D SPACE',''
  ) );
#14512 = ORIENTED_EDGE('',*,*,#14513,.F.);
#14513 = EDGE_CURVE('',#14162,#14489,#14514,.T.);
#14514 = SURFACE_CURVE('',#14515,(#14519,#14526),.PCURVE_S1.);
#14515 = LINE('',#14516,#14517);
#14516 = CARTESIAN_POINT('',(-40.46854044145,10.077819434528,
    8.043253442911));
#14517 = VECTOR('',#14518,1.);
#14518 = DIRECTION('',(0.906307787037,0.188377169109,-0.378312354167));
#14519 = PCURVE('',#14205,#14520);
#14520 = DEFINITIONAL_REPRESENTATION('',(#14521),#14525);
#14521 = LINE('',#14522,#14523);
#14522 = CARTESIAN_POINT('',(0.,0.));
#14523 = VECTOR('',#14524,1.);
#14524 = DIRECTION('',(0.,1.));
#14525 = ( GEOMETRIC_REPRESENTATION_CONTEXT(2) 
PARAMETRIC_REPRESENTATION_CONTEXT() REPRESENTATION_CONTEXT('2D SPACE',''
  ) );
#14526 = PCURVE('',#14177,#14527);
#14527 = DEFINITIONAL_REPRESENTATION('',(#14528),#14532);
#14528 = LINE('',#14529,#14530);
#14529 = CARTESIAN_POINT('',(-1.831867990632E-15,0.88245364056));
#14530 = VECTOR('',#14531,1.);
#14531 = DIRECTION('',(1.,0.));
#14532 = ( GEOMETRIC_REPRESENTATION_CONTEXT(2) 
PARAMETRIC_REPRESENTATION_CONTEXT() REPRESENTATION_CONTEXT('2D SPACE',''
  ) );
#14533 = ORIENTED_EDGE('',*,*,#14189,.T.);
#14534 = ORIENTED_EDGE('',*,*,#14441,.T.);
#14535 = ORIENTED_EDGE('',*,*,#14536,.T.);
#14536 = EDGE_CURVE('',#14442,#14537,#14539,.T.);
#14537 = VERTEX_POINT('',#14538);
#14538 = CARTESIAN_POINT('',(-33.61728154514,36.563143114317,
    17.662425968242));
#14539 = SURFACE_CURVE('',#14540,(#14544,#14550),.PCURVE_S1.);
#14540 = LINE('',#14541,#14542);
#14541 = CARTESIAN_POINT('',(-33.61728154514,24.667530300681,
    11.739114604035));
#14542 = VECTOR('',#14543,1.);
#14543 = DIRECTION('',(0.,-0.895163291355,-0.445738355777));
#14544 = PCURVE('',#14205,#14545);
#14545 = DEFINITIONAL_REPRESENTATION('',(#14546),#14549);
#14546 = B_SPLINE_CURVE_WITH_KNOTS('',1,(#14547,#14548),.UNSPECIFIED.,
  .F.,.F.,(2,2),(-15.707560676,-13.207560676),.PIECEWISE_BEZIER_KNOTS.);
#14547 = CARTESIAN_POINT('',(30.415121352005,7.559527783281));
#14548 = CARTESIAN_POINT('',(27.915121352005,7.559527783281));
#14549 = ( GEOMETRIC_REPRESENTATION_CONTEXT(2) 
PARAMETRIC_REPRESENTATION_CONTEXT() REPRESENTATION_CONTEXT('2D SPACE',''
  ) );
#14550 = PCURVE('',#14336,#14551);
#14551 = DEFINITIONAL_REPRESENTATION('',(#14552),#14555);
#14552 = B_SPLINE_CURVE_WITH_KNOTS('',1,(#14553,#14554),.UNSPECIFIED.,
  .F.,.F.,(2,2),(-15.707560676,-13.207560676),.PIECEWISE_BEZIER_KNOTS.);
#14553 = CARTESIAN_POINT('',(1.,-0.486839930751));
#14554 = CARTESIAN_POINT('',(-1.5,-0.486839930751));
#14555 = ( GEOMETRIC_REPRESENTATION_CONTEXT(2) 
PARAMETRIC_REPRESENTATION_CONTEXT() REPRESENTATION_CONTEXT('2D SPACE',''
  ) );
#14556 = ORIENTED_EDGE('',*,*,#14557,.F.);
#14557 = EDGE_CURVE('',#14558,#14537,#14560,.T.);
#14558 = VERTEX_POINT('',#14559);
#14559 = CARTESIAN_POINT('',(-31.44455276506,38.284803026621,
    17.387894814982));
#14560 = SURFACE_CURVE('',#14561,(#14566,#14573),.PCURVE_S1.);
#14561 = ELLIPSE('',#14562,3.549302374729,1.5);
#14562 = AXIS2_PLACEMENT_3D('',#14563,#14564,#14565);
#14563 = CARTESIAN_POINT('',(-34.66131314582,37.616195492956,
    18.730639752014));
#14564 = DIRECTION('',(-0.422618261741,0.403976142821,-0.811293461624));
#14565 = DIRECTION('',(-0.906307787037,-0.188377169109,0.378312354167));
#14566 = PCURVE('',#14205,#14567);
#14567 = DEFINITIONAL_REPRESENTATION('',(#14568),#14572);
#14568 = ELLIPSE('',#14569,3.549302374729,1.5);
#14569 = AXIS2_PLACEMENT_2D('',#14570,#14571);
#14570 = CARTESIAN_POINT('',(29.415121352005,6.407566368396));
#14571 = DIRECTION('',(2.775557561563E-17,-1.));
#14572 = ( GEOMETRIC_REPRESENTATION_CONTEXT(2) 
PARAMETRIC_REPRESENTATION_CONTEXT() REPRESENTATION_CONTEXT('2D SPACE',''
  ) );
#14573 = PCURVE('',#14574,#14579);
#14574 = CYLINDRICAL_SURFACE('',#14575,1.5);
#14575 = AXIS2_PLACEMENT_3D('',#14576,#14577,#14578);
#14576 = CARTESIAN_POINT('',(-33.61728154514,37.616195492956,
    18.730639752014));
#14577 = DIRECTION('',(-1.,-0.,0.));
#14578 = DIRECTION('',(0.,0.445738355777,-0.895163291355));
#14579 = DEFINITIONAL_REPRESENTATION('',(#14580),#14589);
#14580 = B_SPLINE_CURVE_WITH_KNOTS('',7,(#14581,#14582,#14583,#14584,
    #14585,#14586,#14587,#14588),.UNSPECIFIED.,.F.,.F.,(8,8),(
    3.14159265359,4.38184271806),.PIECEWISE_BEZIER_KNOTS.);
#14581 = CARTESIAN_POINT('',(-6.28318530718,-2.172728780088));
#14582 = CARTESIAN_POINT('',(-6.106006726541,-2.172728780088));
#14583 = CARTESIAN_POINT('',(-5.928828145902,-2.054916646473));
#14584 = CARTESIAN_POINT('',(-5.751649565264,-1.819297034843));
#14585 = CARTESIAN_POINT('',(-5.574470984625,-1.474912375583));
#14586 = CARTESIAN_POINT('',(-5.397292403986,-1.039936753646));
#14587 = CARTESIAN_POINT('',(-5.220113823348,-0.539086788624));
#14588 = CARTESIAN_POINT('',(-5.042935242709,5.999999999062E-07));
#14589 = ( GEOMETRIC_REPRESENTATION_CONTEXT(2) 
PARAMETRIC_REPRESENTATION_CONTEXT() REPRESENTATION_CONTEXT('2D SPACE',''
  ) );
#14590 = ORIENTED_EDGE('',*,*,#14591,.F.);
#14591 = EDGE_CURVE('',#14592,#14558,#14594,.T.);
#14592 = VERTEX_POINT('',#14593);
#14593 = CARTESIAN_POINT('',(-32.26368151958,39.009709416159,
    18.175555122575));
#14594 = SURFACE_CURVE('',#14595,(#14600,#14607),.PCURVE_S1.);
#14595 = ELLIPSE('',#14596,3.549302374729,1.5);
#14596 = AXIS2_PLACEMENT_3D('',#14597,#14598,#14599);
#14597 = CARTESIAN_POINT('',(-34.66131314582,37.616195492956,
    18.730639752014));
#14598 = DIRECTION('',(-0.422618261741,0.403976142821,-0.811293461624));
#14599 = DIRECTION('',(-0.906307787037,-0.188377169109,0.378312354167));
#14600 = PCURVE('',#14205,#14601);
#14601 = DEFINITIONAL_REPRESENTATION('',(#14602),#14606);
#14602 = ELLIPSE('',#14603,3.549302374729,1.5);
#14603 = AXIS2_PLACEMENT_2D('',#14604,#14605);
#14604 = CARTESIAN_POINT('',(29.415121352005,6.407566368396));
#14605 = DIRECTION('',(2.775557561563E-17,-1.));
#14606 = ( GEOMETRIC_REPRESENTATION_CONTEXT(2) 
PARAMETRIC_REPRESENTATION_CONTEXT() REPRESENTATION_CONTEXT('2D SPACE',''
  ) );
#14607 = PCURVE('',#14364,#14608);
#14608 = DEFINITIONAL_REPRESENTATION('',(#14609),#14618);
#14609 = B_SPLINE_CURVE_WITH_KNOTS('',7,(#14610,#14611,#14612,#14613,
    #14614,#14615,#14616,#14617),.UNSPECIFIED.,.F.,.F.,(8,8),(
    1.901342589119,3.14159265359),.PIECEWISE_BEZIER_KNOTS.);
#14610 = CARTESIAN_POINT('',(-1.240250064471,5.999999999062E-07));
#14611 = CARTESIAN_POINT('',(-1.063071483832,-0.539086788624));
#14612 = CARTESIAN_POINT('',(-0.885892903193,-1.039936753646));
#14613 = CARTESIAN_POINT('',(-0.708714322555,-1.474912375583));
#14614 = CARTESIAN_POINT('',(-0.531535741915,-1.819297034843));
#14615 = CARTESIAN_POINT('',(-0.354357161278,-2.054916646473));
#14616 = CARTESIAN_POINT('',(-0.177178580639,-2.172728780088));
#14617 = CARTESIAN_POINT('',(0.,-2.172728780088));
#14618 = ( GEOMETRIC_REPRESENTATION_CONTEXT(2) 
PARAMETRIC_REPRESENTATION_CONTEXT() REPRESENTATION_CONTEXT('2D SPACE',''
  ) );
#14619 = ORIENTED_EDGE('',*,*,#14620,.T.);
#14620 = EDGE_CURVE('',#14592,#14491,#14621,.T.);
#14621 = SURFACE_CURVE('',#14622,(#14626,#14633),.PCURVE_S1.);
#14622 = LINE('',#14623,#14624);
#14623 = CARTESIAN_POINT('',(-40.46854044145,37.304319570952,
    21.600439625097));
#14624 = VECTOR('',#14625,1.);
#14625 = DIRECTION('',(0.906307787037,0.188377169109,-0.378312354167));
#14626 = PCURVE('',#14205,#14627);
#14627 = DEFINITIONAL_REPRESENTATION('',(#14628),#14632);
#14628 = LINE('',#14629,#14630);
#14629 = CARTESIAN_POINT('',(30.415121352005,8.881784197001E-16));
#14630 = VECTOR('',#14631,1.);
#14631 = DIRECTION('',(0.,1.));
#14632 = ( GEOMETRIC_REPRESENTATION_CONTEXT(2) 
PARAMETRIC_REPRESENTATION_CONTEXT() REPRESENTATION_CONTEXT('2D SPACE',''
  ) );
#14633 = PCURVE('',#14426,#14634);
#14634 = DEFINITIONAL_REPRESENTATION('',(#14635),#14639);
#14635 = LINE('',#14636,#14637);
#14636 = CARTESIAN_POINT('',(-8.326672684689E-16,0.88245364056));
#14637 = VECTOR('',#14638,1.);
#14638 = DIRECTION('',(1.,0.));
#14639 = ( GEOMETRIC_REPRESENTATION_CONTEXT(2) 
PARAMETRIC_REPRESENTATION_CONTEXT() REPRESENTATION_CONTEXT('2D SPACE',''
  ) );
#14640 = ADVANCED_FACE('',(#14641),#14177,.F.);
#14641 = FACE_BOUND('',#14642,.F.);
#14642 = EDGE_LOOP('',(#14643,#14644,#14645,#14666));
#14643 = ORIENTED_EDGE('',*,*,#14161,.F.);
#14644 = ORIENTED_EDGE('',*,*,#14276,.T.);
#14645 = ORIENTED_EDGE('',*,*,#14646,.T.);
#14646 = EDGE_CURVE('',#14247,#14489,#14647,.T.);
#14647 = SURFACE_CURVE('',#14648,(#14652,#14659),.PCURVE_S1.);
#14648 = LINE('',#14649,#14650);
#14649 = CARTESIAN_POINT('',(-26.76602264884,12.491897861246,
    3.195130408298));
#14650 = VECTOR('',#14651,1.);
#14651 = DIRECTION('',(-0.422618261741,0.403976142821,-0.811293461624));
#14652 = PCURVE('',#14177,#14653);
#14653 = DEFINITIONAL_REPRESENTATION('',(#14654),#14658);
#14654 = LINE('',#14655,#14656);
#14655 = CARTESIAN_POINT('',(14.707560676003,1.7763568394E-15));
#14656 = VECTOR('',#14657,1.);
#14657 = DIRECTION('',(0.,1.));
#14658 = ( GEOMETRIC_REPRESENTATION_CONTEXT(2) 
PARAMETRIC_REPRESENTATION_CONTEXT() REPRESENTATION_CONTEXT('2D SPACE',''
  ) );
#14659 = PCURVE('',#14264,#14660);
#14660 = DEFINITIONAL_REPRESENTATION('',(#14661),#14665);
#14661 = LINE('',#14662,#14663);
#14662 = CARTESIAN_POINT('',(0.,0.));
#14663 = VECTOR('',#14664,1.);
#14664 = DIRECTION('',(0.,-1.));
#14665 = ( GEOMETRIC_REPRESENTATION_CONTEXT(2) 
PARAMETRIC_REPRESENTATION_CONTEXT() REPRESENTATION_CONTEXT('2D SPACE',''
  ) );
#14666 = ORIENTED_EDGE('',*,*,#14513,.F.);
#14667 = ADVANCED_FACE('',(#14668),#14264,.T.);
#14668 = FACE_BOUND('',#14669,.T.);
#14669 = EDGE_LOOP('',(#14670,#14671,#14672,#14673));
#14670 = ORIENTED_EDGE('',*,*,#14246,.F.);
#14671 = ORIENTED_EDGE('',*,*,#14646,.T.);
#14672 = ORIENTED_EDGE('',*,*,#14488,.T.);
#14673 = ORIENTED_EDGE('',*,*,#14674,.F.);
#14674 = EDGE_CURVE('',#14249,#14491,#14675,.T.);
#14675 = SURFACE_CURVE('',#14676,(#14680,#14687),.PCURVE_S1.);
#14676 = LINE('',#14677,#14678);
#14677 = CARTESIAN_POINT('',(-26.76602264884,39.718397997671,
    16.752316590485));
#14678 = VECTOR('',#14679,1.);
#14679 = DIRECTION('',(-0.422618261741,0.403976142821,-0.811293461624));
#14680 = PCURVE('',#14264,#14681);
#14681 = DEFINITIONAL_REPRESENTATION('',(#14682),#14686);
#14682 = LINE('',#14683,#14684);
#14683 = CARTESIAN_POINT('',(30.415121352005,3.552713678801E-15));
#14684 = VECTOR('',#14685,1.);
#14685 = DIRECTION('',(0.,-1.));
#14686 = ( GEOMETRIC_REPRESENTATION_CONTEXT(2) 
PARAMETRIC_REPRESENTATION_CONTEXT() REPRESENTATION_CONTEXT('2D SPACE',''
  ) );
#14687 = PCURVE('',#14426,#14688);
#14688 = DEFINITIONAL_REPRESENTATION('',(#14689),#14693);
#14689 = LINE('',#14690,#14691);
#14690 = CARTESIAN_POINT('',(14.707560676003,-8.881784197001E-16));
#14691 = VECTOR('',#14692,1.);
#14692 = DIRECTION('',(0.,1.));
#14693 = ( GEOMETRIC_REPRESENTATION_CONTEXT(2) 
PARAMETRIC_REPRESENTATION_CONTEXT() REPRESENTATION_CONTEXT('2D SPACE',''
  ) );
#14694 = ADVANCED_FACE('',(#14695),#14426,.T.);
#14695 = FACE_BOUND('',#14696,.T.);
#14696 = EDGE_LOOP('',(#14697,#14698,#14717,#14718));
#14697 = ORIENTED_EDGE('',*,*,#14620,.F.);
#14698 = ORIENTED_EDGE('',*,*,#14699,.F.);
#14699 = EDGE_CURVE('',#14383,#14592,#14700,.T.);
#14700 = SURFACE_CURVE('',#14701,(#14705,#14711),.PCURVE_S1.);
#14701 = LINE('',#14702,#14703);
#14702 = CARTESIAN_POINT('',(-33.61728154514,39.009709416159,
    18.175555122575));
#14703 = VECTOR('',#14704,1.);
#14704 = DIRECTION('',(-1.,-0.,0.));
#14705 = PCURVE('',#14426,#14706);
#14706 = DEFINITIONAL_REPRESENTATION('',(#14707),#14710);
#14707 = B_SPLINE_CURVE_WITH_KNOTS('',1,(#14708,#14709),.UNSPECIFIED.,
  .F.,.F.,(2,2),(-3.65046954705,-1.144793705428),
  .PIECEWISE_BEZIER_KNOTS.);
#14708 = CARTESIAN_POINT('',(11.134730895726,-8.824536405599E-02));
#14709 = CARTESIAN_POINT('',(8.863817368674,0.970699004616));
#14710 = ( GEOMETRIC_REPRESENTATION_CONTEXT(2) 
PARAMETRIC_REPRESENTATION_CONTEXT() REPRESENTATION_CONTEXT('2D SPACE',''
  ) );
#14711 = PCURVE('',#14364,#14712);
#14712 = DEFINITIONAL_REPRESENTATION('',(#14713),#14716);
#14713 = B_SPLINE_CURVE_WITH_KNOTS('',1,(#14714,#14715),.UNSPECIFIED.,
  .F.,.F.,(2,2),(-3.65046954705,-1.144793705428),
  .PIECEWISE_BEZIER_KNOTS.);
#14714 = CARTESIAN_POINT('',(-0.729727656227,-3.65046954705));
#14715 = CARTESIAN_POINT('',(-0.729727656227,-1.144793705428));
#14716 = ( GEOMETRIC_REPRESENTATION_CONTEXT(2) 
PARAMETRIC_REPRESENTATION_CONTEXT() REPRESENTATION_CONTEXT('2D SPACE',''
  ) );
#14717 = ORIENTED_EDGE('',*,*,#14412,.T.);
#14718 = ORIENTED_EDGE('',*,*,#14674,.T.);
#14719 = ADVANCED_FACE('',(#14720),#14364,.T.);
#14720 = FACE_BOUND('',#14721,.F.);
#14721 = EDGE_LOOP('',(#14722,#14746,#14767,#14768,#14769,#14770,#14793,
    #14820,#14821));
#14722 = ORIENTED_EDGE('',*,*,#14723,.F.);
#14723 = EDGE_CURVE('',#14724,#14322,#14726,.T.);
#14724 = VERTEX_POINT('',#14725);
#14725 = CARTESIAN_POINT('',(-33.61728154514,38.284803026621,
    17.387894814982));
#14726 = SURFACE_CURVE('',#14727,(#14732,#14739),.PCURVE_S1.);
#14727 = CIRCLE('',#14728,1.5);
#14728 = AXIS2_PLACEMENT_3D('',#14729,#14730,#14731);
#14729 = CARTESIAN_POINT('',(-33.61728154514,37.616195492956,
    18.730639752014));
#14730 = DIRECTION('',(1.,-0.,0.));
#14731 = DIRECTION('',(0.,0.445738355777,-0.895163291355));
#14732 = PCURVE('',#14364,#14733);
#14733 = DEFINITIONAL_REPRESENTATION('',(#14734),#14738);
#14734 = LINE('',#14735,#14736);
#14735 = CARTESIAN_POINT('',(-0.,0.));
#14736 = VECTOR('',#14737,1.);
#14737 = DIRECTION('',(-1.,0.));
#14738 = ( GEOMETRIC_REPRESENTATION_CONTEXT(2) 
PARAMETRIC_REPRESENTATION_CONTEXT() REPRESENTATION_CONTEXT('2D SPACE',''
  ) );
#14739 = PCURVE('',#14336,#14740);
#14740 = DEFINITIONAL_REPRESENTATION('',(#14741),#14745);
#14741 = CIRCLE('',#14742,1.5);
#14742 = AXIS2_PLACEMENT_2D('',#14743,#14744);
#14743 = CARTESIAN_POINT('',(0.,0.));
#14744 = DIRECTION('',(0.,-1.));
#14745 = ( GEOMETRIC_REPRESENTATION_CONTEXT(2) 
PARAMETRIC_REPRESENTATION_CONTEXT() REPRESENTATION_CONTEXT('2D SPACE',''
  ) );
#14746 = ORIENTED_EDGE('',*,*,#14747,.T.);
#14747 = EDGE_CURVE('',#14724,#14558,#14748,.T.);
#14748 = SURFACE_CURVE('',#14749,(#14753,#14760),.PCURVE_S1.);
#14749 = LINE('',#14750,#14751);
#14750 = CARTESIAN_POINT('',(-33.61728154514,38.284803026621,
    17.387894814982));
#14751 = VECTOR('',#14752,1.);
#14752 = DIRECTION('',(1.,0.,0.));
#14753 = PCURVE('',#14364,#14754);
#14754 = DEFINITIONAL_REPRESENTATION('',(#14755),#14759);
#14755 = LINE('',#14756,#14757);
#14756 = CARTESIAN_POINT('',(-0.,0.));
#14757 = VECTOR('',#14758,1.);
#14758 = DIRECTION('',(-0.,-1.));
#14759 = ( GEOMETRIC_REPRESENTATION_CONTEXT(2) 
PARAMETRIC_REPRESENTATION_CONTEXT() REPRESENTATION_CONTEXT('2D SPACE',''
  ) );
#14760 = PCURVE('',#14574,#14761);
#14761 = DEFINITIONAL_REPRESENTATION('',(#14762),#14766);
#14762 = LINE('',#14763,#14764);
#14763 = CARTESIAN_POINT('',(-6.28318530718,0.));
#14764 = VECTOR('',#14765,1.);
#14765 = DIRECTION('',(-0.,-1.));
#14766 = ( GEOMETRIC_REPRESENTATION_CONTEXT(2) 
PARAMETRIC_REPRESENTATION_CONTEXT() REPRESENTATION_CONTEXT('2D SPACE',''
  ) );
#14767 = ORIENTED_EDGE('',*,*,#14591,.F.);
#14768 = ORIENTED_EDGE('',*,*,#14699,.F.);
#14769 = ORIENTED_EDGE('',*,*,#14382,.T.);
#14770 = ORIENTED_EDGE('',*,*,#14771,.T.);
#14771 = EDGE_CURVE('',#14348,#14772,#14774,.T.);
#14772 = VERTEX_POINT('',#14773);
#14773 = CARTESIAN_POINT('',(-23.61728154514,38.284803026621,
    17.387894814982));
#14774 = SEAM_CURVE('',#14775,(#14779,#14786),.PCURVE_S1.);
#14775 = LINE('',#14776,#14777);
#14776 = CARTESIAN_POINT('',(-33.61728154514,38.284803026621,
    17.387894814982));
#14777 = VECTOR('',#14778,1.);
#14778 = DIRECTION('',(1.,0.,0.));
#14779 = PCURVE('',#14364,#14780);
#14780 = DEFINITIONAL_REPRESENTATION('',(#14781),#14785);
#14781 = LINE('',#14782,#14783);
#14782 = CARTESIAN_POINT('',(-0.,0.));
#14783 = VECTOR('',#14784,1.);
#14784 = DIRECTION('',(-0.,-1.));
#14785 = ( GEOMETRIC_REPRESENTATION_CONTEXT(2) 
PARAMETRIC_REPRESENTATION_CONTEXT() REPRESENTATION_CONTEXT('2D SPACE',''
  ) );
#14786 = PCURVE('',#14364,#14787);
#14787 = DEFINITIONAL_REPRESENTATION('',(#14788),#14792);
#14788 = LINE('',#14789,#14790);
#14789 = CARTESIAN_POINT('',(-6.28318530718,0.));
#14790 = VECTOR('',#14791,1.);
#14791 = DIRECTION('',(-0.,-1.));
#14792 = ( GEOMETRIC_REPRESENTATION_CONTEXT(2) 
PARAMETRIC_REPRESENTATION_CONTEXT() REPRESENTATION_CONTEXT('2D SPACE',''
  ) );
#14793 = ORIENTED_EDGE('',*,*,#14794,.T.);
#14794 = EDGE_CURVE('',#14772,#14772,#14795,.T.);
#14795 = SURFACE_CURVE('',#14796,(#14801,#14808),.PCURVE_S1.);
#14796 = CIRCLE('',#14797,1.5);
#14797 = AXIS2_PLACEMENT_3D('',#14798,#14799,#14800);
#14798 = CARTESIAN_POINT('',(-23.61728154514,37.616195492956,
    18.730639752014));
#14799 = DIRECTION('',(1.,-0.,0.));
#14800 = DIRECTION('',(0.,0.445738355777,-0.895163291355));
#14801 = PCURVE('',#14364,#14802);
#14802 = DEFINITIONAL_REPRESENTATION('',(#14803),#14807);
#14803 = LINE('',#14804,#14805);
#14804 = CARTESIAN_POINT('',(-0.,-10.));
#14805 = VECTOR('',#14806,1.);
#14806 = DIRECTION('',(-1.,0.));
#14807 = ( GEOMETRIC_REPRESENTATION_CONTEXT(2) 
PARAMETRIC_REPRESENTATION_CONTEXT() REPRESENTATION_CONTEXT('2D SPACE',''
  ) );
#14808 = PCURVE('',#14809,#14814);
#14809 = PLANE('',#14810);
#14810 = AXIS2_PLACEMENT_3D('',#14811,#14812,#14813);
#14811 = CARTESIAN_POINT('',(-23.61728154514,37.616195492956,
    18.730639752014));
#14812 = DIRECTION('',(1.,0.,0.));
#14813 = DIRECTION('',(0.,0.895163291355,0.445738355777));
#14814 = DEFINITIONAL_REPRESENTATION('',(#14815),#14819);
#14815 = CIRCLE('',#14816,1.5);
#14816 = AXIS2_PLACEMENT_2D('',#14817,#14818);
#14817 = CARTESIAN_POINT('',(0.,0.));
#14818 = DIRECTION('',(0.,-1.));
#14819 = ( GEOMETRIC_REPRESENTATION_CONTEXT(2) 
PARAMETRIC_REPRESENTATION_CONTEXT() REPRESENTATION_CONTEXT('2D SPACE',''
  ) );
#14820 = ORIENTED_EDGE('',*,*,#14771,.F.);
#14821 = ORIENTED_EDGE('',*,*,#14347,.T.);
#14822 = ADVANCED_FACE('',(#14823),#14336,.F.);
#14823 = FACE_BOUND('',#14824,.F.);
#14824 = EDGE_LOOP('',(#14825,#14847,#14848,#14849,#14850));
#14825 = ORIENTED_EDGE('',*,*,#14826,.T.);
#14826 = EDGE_CURVE('',#14537,#14724,#14827,.T.);
#14827 = SURFACE_CURVE('',#14828,(#14833,#14840),.PCURVE_S1.);
#14828 = CIRCLE('',#14829,1.5);
#14829 = AXIS2_PLACEMENT_3D('',#14830,#14831,#14832);
#14830 = CARTESIAN_POINT('',(-33.61728154514,37.616195492956,
    18.730639752014));
#14831 = DIRECTION('',(1.,-0.,0.));
#14832 = DIRECTION('',(0.,0.445738355777,-0.895163291355));
#14833 = PCURVE('',#14336,#14834);
#14834 = DEFINITIONAL_REPRESENTATION('',(#14835),#14839);
#14835 = CIRCLE('',#14836,1.5);
#14836 = AXIS2_PLACEMENT_2D('',#14837,#14838);
#14837 = CARTESIAN_POINT('',(0.,0.));
#14838 = DIRECTION('',(0.,-1.));
#14839 = ( GEOMETRIC_REPRESENTATION_CONTEXT(2) 
PARAMETRIC_REPRESENTATION_CONTEXT() REPRESENTATION_CONTEXT('2D SPACE',''
  ) );
#14840 = PCURVE('',#14574,#14841);
#14841 = DEFINITIONAL_REPRESENTATION('',(#14842),#14846);
#14842 = LINE('',#14843,#14844);
#14843 = CARTESIAN_POINT('',(-0.,0.));
#14844 = VECTOR('',#14845,1.);
#14845 = DIRECTION('',(-1.,0.));
#14846 = ( GEOMETRIC_REPRESENTATION_CONTEXT(2) 
PARAMETRIC_REPRESENTATION_CONTEXT() REPRESENTATION_CONTEXT('2D SPACE',''
  ) );
#14847 = ORIENTED_EDGE('',*,*,#14723,.T.);
#14848 = ORIENTED_EDGE('',*,*,#14321,.F.);
#14849 = ORIENTED_EDGE('',*,*,#14466,.T.);
#14850 = ORIENTED_EDGE('',*,*,#14536,.T.);
#14851 = ADVANCED_FACE('',(#14852),#14574,.T.);
#14852 = FACE_BOUND('',#14853,.F.);
#14853 = EDGE_LOOP('',(#14854,#14855,#14856));
#14854 = ORIENTED_EDGE('',*,*,#14826,.F.);
#14855 = ORIENTED_EDGE('',*,*,#14557,.F.);
#14856 = ORIENTED_EDGE('',*,*,#14747,.F.);
#14857 = ADVANCED_FACE('',(#14858),#14809,.T.);
#14858 = FACE_BOUND('',#14859,.T.);
#14859 = EDGE_LOOP('',(#14860));
#14860 = ORIENTED_EDGE('',*,*,#14794,.T.);
#14861 = MANIFOLD_SOLID_BREP('',#14862);
#14862 = CLOSED_SHELL('',(#14863,#14983,#15178,#15225,#15381,#15408,
    #15435,#15460,#15563,#15592,#15598));
#14863 = ADVANCED_FACE('',(#14864),#14878,.F.);
#14864 = FACE_BOUND('',#14865,.F.);
#14865 = EDGE_LOOP('',(#14866,#14901,#14929,#14957));
#14866 = ORIENTED_EDGE('',*,*,#14867,.F.);
#14867 = EDGE_CURVE('',#14868,#14870,#14872,.T.);
#14868 = VERTEX_POINT('',#14869);
#14869 = CARTESIAN_POINT('',(-40.09559941781,5.900687914663,
    11.679443421692));
#14870 = VERTEX_POINT('',#14871);
#14871 = CARTESIAN_POINT('',(-40.09559941781,26.39122267049,
    34.156489319172));
#14872 = SURFACE_CURVE('',#14873,(#14877,#14889),.PCURVE_S1.);
#14873 = LINE('',#14874,#14875);
#14874 = CARTESIAN_POINT('',(-40.09559941781,5.900687914663,
    11.679443421692));
#14875 = VECTOR('',#14876,1.);
#14876 = DIRECTION('',(0.,0.673695643647,0.739008917221));
#14877 = PCURVE('',#14878,#14883);
#14878 = PLANE('',#14879);
#14879 = AXIS2_PLACEMENT_3D('',#14880,#14881,#14882);
#14880 = CARTESIAN_POINT('',(-40.09559941781,5.900687914663,
    11.679443421692));
#14881 = DIRECTION('',(0.906307787037,0.312318664007,-0.28471608186));
#14882 = DIRECTION('',(0.,0.673695643647,0.739008917221));
#14883 = DEFINITIONAL_REPRESENTATION('',(#14884),#14888);
#14884 = LINE('',#14885,#14886);
#14885 = CARTESIAN_POINT('',(0.,0.));
#14886 = VECTOR('',#14887,1.);
#14887 = DIRECTION('',(1.,0.));
#14888 = ( GEOMETRIC_REPRESENTATION_CONTEXT(2) 
PARAMETRIC_REPRESENTATION_CONTEXT() REPRESENTATION_CONTEXT('2D SPACE',''
  ) );
#14889 = PCURVE('',#14890,#14895);
#14890 = PLANE('',#14891);
#14891 = AXIS2_PLACEMENT_3D('',#14892,#14893,#14894);
#14892 = CARTESIAN_POINT('',(-40.09559941781,5.900687914663,
    11.679443421692));
#14893 = DIRECTION('',(-0.422618261741,0.669769536367,-0.61057560793));
#14894 = DIRECTION('',(0.,0.673695643647,0.739008917221));
#14895 = DEFINITIONAL_REPRESENTATION('',(#14896),#14900);
#14896 = LINE('',#14897,#14898);
#14897 = CARTESIAN_POINT('',(0.,0.));
#14898 = VECTOR('',#14899,1.);
#14899 = DIRECTION('',(1.,-2.775557561563E-17));
#14900 = ( GEOMETRIC_REPRESENTATION_CONTEXT(2) 
PARAMETRIC_REPRESENTATION_CONTEXT() REPRESENTATION_CONTEXT('2D SPACE',''
  ) );
#14901 = ORIENTED_EDGE('',*,*,#14902,.T.);
#14902 = EDGE_CURVE('',#14868,#14903,#14905,.T.);
#14903 = VERTEX_POINT('',#14904);
#14904 = CARTESIAN_POINT('',(-40.46854044145,6.491728480366,
    11.140638753637));
#14905 = SURFACE_CURVE('',#14906,(#14910,#14917),.PCURVE_S1.);
#14906 = LINE('',#14907,#14908);
#14907 = CARTESIAN_POINT('',(-40.09559941781,5.900687914663,
    11.679443421692));
#14908 = VECTOR('',#14909,1.);
#14909 = DIRECTION('',(-0.422618261741,0.669769536367,-0.61057560793));
#14910 = PCURVE('',#14878,#14911);
#14911 = DEFINITIONAL_REPRESENTATION('',(#14912),#14916);
#14912 = LINE('',#14913,#14914);
#14913 = CARTESIAN_POINT('',(0.,0.));
#14914 = VECTOR('',#14915,1.);
#14915 = DIRECTION('',(0.,-1.));
#14916 = ( GEOMETRIC_REPRESENTATION_CONTEXT(2) 
PARAMETRIC_REPRESENTATION_CONTEXT() REPRESENTATION_CONTEXT('2D SPACE',''
  ) );
#14917 = PCURVE('',#14918,#14923);
#14918 = PLANE('',#14919);
#14919 = AXIS2_PLACEMENT_3D('',#14920,#14921,#14922);
#14920 = CARTESIAN_POINT('',(-40.09559941781,5.900687914663,
    11.679443421692));
#14921 = DIRECTION('',(0.,0.673695643647,0.739008917221));
#14922 = DIRECTION('',(0.906307787037,0.312318664007,-0.28471608186));
#14923 = DEFINITIONAL_REPRESENTATION('',(#14924),#14928);
#14924 = LINE('',#14925,#14926);
#14925 = CARTESIAN_POINT('',(0.,0.));
#14926 = VECTOR('',#14927,1.);
#14927 = DIRECTION('',(2.775557561563E-17,1.));
#14928 = ( GEOMETRIC_REPRESENTATION_CONTEXT(2) 
PARAMETRIC_REPRESENTATION_CONTEXT() REPRESENTATION_CONTEXT('2D SPACE',''
  ) );
#14929 = ORIENTED_EDGE('',*,*,#14930,.T.);
#14930 = EDGE_CURVE('',#14903,#14931,#14933,.T.);
#14931 = VERTEX_POINT('',#14932);
#14932 = CARTESIAN_POINT('',(-40.46854044145,26.982263236193,
    33.617684651118));
#14933 = SURFACE_CURVE('',#14934,(#14938,#14945),.PCURVE_S1.);
#14934 = LINE('',#14935,#14936);
#14935 = CARTESIAN_POINT('',(-40.46854044145,6.491728480366,
    11.140638753637));
#14936 = VECTOR('',#14937,1.);
#14937 = DIRECTION('',(0.,0.673695643647,0.739008917221));
#14938 = PCURVE('',#14878,#14939);
#14939 = DEFINITIONAL_REPRESENTATION('',(#14940),#14944);
#14940 = LINE('',#14941,#14942);
#14941 = CARTESIAN_POINT('',(3.885780586188E-16,-0.88245364056));
#14942 = VECTOR('',#14943,1.);
#14943 = DIRECTION('',(1.,0.));
#14944 = ( GEOMETRIC_REPRESENTATION_CONTEXT(2) 
PARAMETRIC_REPRESENTATION_CONTEXT() REPRESENTATION_CONTEXT('2D SPACE',''
  ) );
#14945 = PCURVE('',#14946,#14951);
#14946 = PLANE('',#14947);
#14947 = AXIS2_PLACEMENT_3D('',#14948,#14949,#14950);
#14948 = CARTESIAN_POINT('',(-40.46854044145,6.491728480366,
    11.140638753637));
#14949 = DIRECTION('',(-0.422618261741,0.669769536367,-0.61057560793));
#14950 = DIRECTION('',(0.,0.673695643647,0.739008917221));
#14951 = DEFINITIONAL_REPRESENTATION('',(#14952),#14956);
#14952 = LINE('',#14953,#14954);
#14953 = CARTESIAN_POINT('',(0.,0.));
#14954 = VECTOR('',#14955,1.);
#14955 = DIRECTION('',(1.,-2.775557561563E-17));
#14956 = ( GEOMETRIC_REPRESENTATION_CONTEXT(2) 
PARAMETRIC_REPRESENTATION_CONTEXT() REPRESENTATION_CONTEXT('2D SPACE',''
  ) );
#14957 = ORIENTED_EDGE('',*,*,#14958,.F.);
#14958 = EDGE_CURVE('',#14870,#14931,#14959,.T.);
#14959 = SURFACE_CURVE('',#14960,(#14964,#14971),.PCURVE_S1.);
#14960 = LINE('',#14961,#14962);
#14961 = CARTESIAN_POINT('',(-40.09559941781,26.39122267049,
    34.156489319172));
#14962 = VECTOR('',#14963,1.);
#14963 = DIRECTION('',(-0.422618261741,0.669769536367,-0.61057560793));
#14964 = PCURVE('',#14878,#14965);
#14965 = DEFINITIONAL_REPRESENTATION('',(#14966),#14970);
#14966 = LINE('',#14967,#14968);
#14967 = CARTESIAN_POINT('',(30.415121352005,1.7763568394E-15));
#14968 = VECTOR('',#14969,1.);
#14969 = DIRECTION('',(0.,-1.));
#14970 = ( GEOMETRIC_REPRESENTATION_CONTEXT(2) 
PARAMETRIC_REPRESENTATION_CONTEXT() REPRESENTATION_CONTEXT('2D SPACE',''
  ) );
#14971 = PCURVE('',#14972,#14977);
#14972 = PLANE('',#14973);
#14973 = AXIS2_PLACEMENT_3D('',#14974,#14975,#14976);
#14974 = CARTESIAN_POINT('',(-40.09559941781,26.39122267049,
    34.156489319172));
#14975 = DIRECTION('',(0.,0.673695643647,0.739008917221));
#14976 = DIRECTION('',(0.906307787037,0.312318664007,-0.28471608186));
#14977 = DEFINITIONAL_REPRESENTATION('',(#14978),#14982);
#14978 = LINE('',#14979,#14980);
#14979 = CARTESIAN_POINT('',(0.,0.));
#14980 = VECTOR('',#14981,1.);
#14981 = DIRECTION('',(2.775557561563E-17,1.));
#14982 = ( GEOMETRIC_REPRESENTATION_CONTEXT(2) 
PARAMETRIC_REPRESENTATION_CONTEXT() REPRESENTATION_CONTEXT('2D SPACE',''
  ) );
#14983 = ADVANCED_FACE('',(#14984),#14890,.F.);
#14984 = FACE_BOUND('',#14985,.F.);
#14985 = EDGE_LOOP('',(#14986,#15016,#15037,#15038,#15061,#15087,#15122,
    #15152));
#14986 = ORIENTED_EDGE('',*,*,#14987,.F.);
#14987 = EDGE_CURVE('',#14988,#14990,#14992,.T.);
#14988 = VERTEX_POINT('',#14989);
#14989 = CARTESIAN_POINT('',(-26.76602264884,10.494133615789,
    7.491964372299));
#14990 = VERTEX_POINT('',#14991);
#14991 = CARTESIAN_POINT('',(-26.76602264884,30.984668371616,
    29.96901026978));
#14992 = SURFACE_CURVE('',#14993,(#14997,#15004),.PCURVE_S1.);
#14993 = LINE('',#14994,#14995);
#14994 = CARTESIAN_POINT('',(-26.76602264884,10.494133615789,
    7.491964372299));
#14995 = VECTOR('',#14996,1.);
#14996 = DIRECTION('',(0.,0.673695643647,0.739008917221));
#14997 = PCURVE('',#14890,#14998);
#14998 = DEFINITIONAL_REPRESENTATION('',(#14999),#15003);
#14999 = LINE('',#15000,#15001);
#15000 = CARTESIAN_POINT('',(0.,14.707560676003));
#15001 = VECTOR('',#15002,1.);
#15002 = DIRECTION('',(1.,-2.775557561563E-17));
#15003 = ( GEOMETRIC_REPRESENTATION_CONTEXT(2) 
PARAMETRIC_REPRESENTATION_CONTEXT() REPRESENTATION_CONTEXT('2D SPACE',''
  ) );
#15004 = PCURVE('',#15005,#15010);
#15005 = PLANE('',#15006);
#15006 = AXIS2_PLACEMENT_3D('',#15007,#15008,#15009);
#15007 = CARTESIAN_POINT('',(-26.76602264884,10.494133615789,
    7.491964372299));
#15008 = DIRECTION('',(0.906307787037,0.312318664007,-0.28471608186));
#15009 = DIRECTION('',(0.,0.673695643647,0.739008917221));
#15010 = DEFINITIONAL_REPRESENTATION('',(#15011),#15015);
#15011 = LINE('',#15012,#15013);
#15012 = CARTESIAN_POINT('',(0.,0.));
#15013 = VECTOR('',#15014,1.);
#15014 = DIRECTION('',(1.,0.));
#15015 = ( GEOMETRIC_REPRESENTATION_CONTEXT(2) 
PARAMETRIC_REPRESENTATION_CONTEXT() REPRESENTATION_CONTEXT('2D SPACE',''
  ) );
#15016 = ORIENTED_EDGE('',*,*,#15017,.F.);
#15017 = EDGE_CURVE('',#14868,#14988,#15018,.T.);
#15018 = SURFACE_CURVE('',#15019,(#15023,#15030),.PCURVE_S1.);
#15019 = LINE('',#15020,#15021);
#15020 = CARTESIAN_POINT('',(-40.09559941781,5.900687914663,
    11.679443421692));
#15021 = VECTOR('',#15022,1.);
#15022 = DIRECTION('',(0.906307787037,0.312318664007,-0.28471608186));
#15023 = PCURVE('',#14890,#15024);
#15024 = DEFINITIONAL_REPRESENTATION('',(#15025),#15029);
#15025 = LINE('',#15026,#15027);
#15026 = CARTESIAN_POINT('',(0.,0.));
#15027 = VECTOR('',#15028,1.);
#15028 = DIRECTION('',(-2.775557561563E-17,1.));
#15029 = ( GEOMETRIC_REPRESENTATION_CONTEXT(2) 
PARAMETRIC_REPRESENTATION_CONTEXT() REPRESENTATION_CONTEXT('2D SPACE',''
  ) );
#15030 = PCURVE('',#14918,#15031);
#15031 = DEFINITIONAL_REPRESENTATION('',(#15032),#15036);
#15032 = LINE('',#15033,#15034);
#15033 = CARTESIAN_POINT('',(0.,0.));
#15034 = VECTOR('',#15035,1.);
#15035 = DIRECTION('',(1.,2.775557561563E-17));
#15036 = ( GEOMETRIC_REPRESENTATION_CONTEXT(2) 
PARAMETRIC_REPRESENTATION_CONTEXT() REPRESENTATION_CONTEXT('2D SPACE',''
  ) );
#15037 = ORIENTED_EDGE('',*,*,#14867,.T.);
#15038 = ORIENTED_EDGE('',*,*,#15039,.T.);
#15039 = EDGE_CURVE('',#14870,#15040,#15042,.T.);
#15040 = VERTEX_POINT('',#15041);
#15041 = CARTESIAN_POINT('',(-33.61728154514,28.623686753821,
    32.121329400949));
#15042 = SURFACE_CURVE('',#15043,(#15047,#15054),.PCURVE_S1.);
#15043 = LINE('',#15044,#15045);
#15044 = CARTESIAN_POINT('',(-40.09559941781,26.39122267049,
    34.156489319172));
#15045 = VECTOR('',#15046,1.);
#15046 = DIRECTION('',(0.906307787037,0.312318664007,-0.28471608186));
#15047 = PCURVE('',#14890,#15048);
#15048 = DEFINITIONAL_REPRESENTATION('',(#15049),#15053);
#15049 = LINE('',#15050,#15051);
#15050 = CARTESIAN_POINT('',(30.415121352005,-1.7763568394E-15));
#15051 = VECTOR('',#15052,1.);
#15052 = DIRECTION('',(-2.775557561563E-17,1.));
#15053 = ( GEOMETRIC_REPRESENTATION_CONTEXT(2) 
PARAMETRIC_REPRESENTATION_CONTEXT() REPRESENTATION_CONTEXT('2D SPACE',''
  ) );
#15054 = PCURVE('',#14972,#15055);
#15055 = DEFINITIONAL_REPRESENTATION('',(#15056),#15060);
#15056 = LINE('',#15057,#15058);
#15057 = CARTESIAN_POINT('',(0.,0.));
#15058 = VECTOR('',#15059,1.);
#15059 = DIRECTION('',(1.,2.775557561563E-17));
#15060 = ( GEOMETRIC_REPRESENTATION_CONTEXT(2) 
PARAMETRIC_REPRESENTATION_CONTEXT() REPRESENTATION_CONTEXT('2D SPACE',''
  ) );
#15061 = ORIENTED_EDGE('',*,*,#15062,.T.);
#15062 = EDGE_CURVE('',#15040,#15063,#15065,.T.);
#15063 = VERTEX_POINT('',#15064);
#15064 = CARTESIAN_POINT('',(-33.61728154514,26.994153287994,
    30.333816339952));
#15065 = SURFACE_CURVE('',#15066,(#15070,#15076),.PCURVE_S1.);
#15066 = LINE('',#15067,#15068);
#15067 = CARTESIAN_POINT('',(-33.61728154514,18.041571554084,
    20.513301993598));
#15068 = VECTOR('',#15069,1.);
#15069 = DIRECTION('',(0.,-0.673695643647,-0.739008917221));
#15070 = PCURVE('',#14890,#15071);
#15071 = DEFINITIONAL_REPRESENTATION('',(#15072),#15075);
#15072 = B_SPLINE_CURVE_WITH_KNOTS('',1,(#15073,#15074),.UNSPECIFIED.,
  .F.,.F.,(2,2),(-15.707560676,-13.207560676),.PIECEWISE_BEZIER_KNOTS.);
#15073 = CARTESIAN_POINT('',(30.415121352005,7.148032892721));
#15074 = CARTESIAN_POINT('',(27.915121352005,7.148032892721));
#15075 = ( GEOMETRIC_REPRESENTATION_CONTEXT(2) 
PARAMETRIC_REPRESENTATION_CONTEXT() REPRESENTATION_CONTEXT('2D SPACE',''
  ) );
#15076 = PCURVE('',#15077,#15082);
#15077 = PLANE('',#15078);
#15078 = AXIS2_PLACEMENT_3D('',#15079,#15080,#15081);
#15079 = CARTESIAN_POINT('',(-33.61728154514,28.309770160258,
    31.054338543228));
#15080 = DIRECTION('',(1.,0.,0.));
#15081 = DIRECTION('',(0.,0.673695643647,0.739008917221));
#15082 = DEFINITIONAL_REPRESENTATION('',(#15083),#15086);
#15083 = B_SPLINE_CURVE_WITH_KNOTS('',1,(#15084,#15085),.UNSPECIFIED.,
  .F.,.F.,(2,2),(-15.707560676,-13.207560676),.PIECEWISE_BEZIER_KNOTS.);
#15084 = CARTESIAN_POINT('',(1.,0.486839930751));
#15085 = CARTESIAN_POINT('',(-1.5,0.486839930751));
#15086 = ( GEOMETRIC_REPRESENTATION_CONTEXT(2) 
PARAMETRIC_REPRESENTATION_CONTEXT() REPRESENTATION_CONTEXT('2D SPACE',''
  ) );
#15087 = ORIENTED_EDGE('',*,*,#15088,.F.);
#15088 = EDGE_CURVE('',#15089,#15063,#15091,.T.);
#15089 = VERTEX_POINT('',#15090);
#15090 = CARTESIAN_POINT('',(-29.3564895637,29.418283536089,
    30.043795077758));
#15091 = SURFACE_CURVE('',#15092,(#15097,#15104),.PCURVE_S1.);
#15092 = ELLIPSE('',#15093,3.549302374729,1.5);
#15093 = AXIS2_PLACEMENT_3D('',#15094,#15095,#15096);
#15094 = CARTESIAN_POINT('',(-32.57324994447,28.309770160258,
    31.054338543228));
#15095 = DIRECTION('',(-0.422618261741,0.669769536367,-0.61057560793));
#15096 = DIRECTION('',(-0.906307787037,-0.312318664007,0.28471608186));
#15097 = PCURVE('',#14890,#15098);
#15098 = DEFINITIONAL_REPRESENTATION('',(#15099),#15103);
#15099 = ELLIPSE('',#15100,3.549302374729,1.5);
#15100 = AXIS2_PLACEMENT_2D('',#15101,#15102);
#15101 = CARTESIAN_POINT('',(29.415121352005,8.299994307606));
#15102 = DIRECTION('',(2.775557561563E-17,-1.));
#15103 = ( GEOMETRIC_REPRESENTATION_CONTEXT(2) 
PARAMETRIC_REPRESENTATION_CONTEXT() REPRESENTATION_CONTEXT('2D SPACE',''
  ) );
#15104 = PCURVE('',#15105,#15110);
#15105 = CYLINDRICAL_SURFACE('',#15106,1.5);
#15106 = AXIS2_PLACEMENT_3D('',#15107,#15108,#15109);
#15107 = CARTESIAN_POINT('',(-33.61728154514,28.309770160258,
    31.054338543228));
#15108 = DIRECTION('',(-1.,-0.,0.));
#15109 = DIRECTION('',(0.,0.739008917221,-0.673695643647));
#15110 = DEFINITIONAL_REPRESENTATION('',(#15111),#15121);
#15111 = B_SPLINE_CURVE_WITH_KNOTS('',8,(#15112,#15113,#15114,#15115,
    #15116,#15117,#15118,#15119,#15120),.UNSPECIFIED.,.F.,.F.,(9,9),(
    3.14159265359,5.042935637106),.PIECEWISE_BEZIER_KNOTS.);
#15112 = CARTESIAN_POINT('',(-6.28318530718,-4.26079198144));
#15113 = CARTESIAN_POINT('',(-6.04551743424,-4.26079198144));
#15114 = CARTESIAN_POINT('',(-5.807849561302,-4.053131704451));
#15115 = CARTESIAN_POINT('',(-5.570181688362,-3.637818875017));
#15116 = CARTESIAN_POINT('',(-5.332513815423,-3.039844771412));
#15117 = CARTESIAN_POINT('',(-5.094845942482,-2.309344507448));
#15118 = CARTESIAN_POINT('',(-4.857178069544,-1.513664959137));
#15119 = CARTESIAN_POINT('',(-4.619510196603,-0.72313272222));
#15120 = CARTESIAN_POINT('',(-4.381842323664,5.999999999062E-07));
#15121 = ( GEOMETRIC_REPRESENTATION_CONTEXT(2) 
PARAMETRIC_REPRESENTATION_CONTEXT() REPRESENTATION_CONTEXT('2D SPACE',''
  ) );
#15122 = ORIENTED_EDGE('',*,*,#15123,.F.);
#15123 = EDGE_CURVE('',#15124,#15089,#15126,.T.);
#15124 = VERTEX_POINT('',#15125);
#15125 = CARTESIAN_POINT('',(-30.17561831823,29.809702891346,
    31.040132832779));
#15126 = SURFACE_CURVE('',#15127,(#15132,#15139),.PCURVE_S1.);
#15127 = ELLIPSE('',#15128,3.549302374729,1.5);
#15128 = AXIS2_PLACEMENT_3D('',#15129,#15130,#15131);
#15129 = CARTESIAN_POINT('',(-32.57324994447,28.309770160258,
    31.054338543228));
#15130 = DIRECTION('',(-0.422618261741,0.669769536367,-0.61057560793));
#15131 = DIRECTION('',(-0.906307787037,-0.312318664007,0.28471608186));
#15132 = PCURVE('',#14890,#15133);
#15133 = DEFINITIONAL_REPRESENTATION('',(#15134),#15138);
#15134 = ELLIPSE('',#15135,3.549302374729,1.5);
#15135 = AXIS2_PLACEMENT_2D('',#15136,#15137);
#15136 = CARTESIAN_POINT('',(29.415121352005,8.299994307606));
#15137 = DIRECTION('',(2.775557561563E-17,-1.));
#15138 = ( GEOMETRIC_REPRESENTATION_CONTEXT(2) 
PARAMETRIC_REPRESENTATION_CONTEXT() REPRESENTATION_CONTEXT('2D SPACE',''
  ) );
#15139 = PCURVE('',#15105,#15140);
#15140 = DEFINITIONAL_REPRESENTATION('',(#15141),#15151);
#15141 = B_SPLINE_CURVE_WITH_KNOTS('',8,(#15142,#15143,#15144,#15145,
    #15146,#15147,#15148,#15149,#15150),.UNSPECIFIED.,.F.,.F.,(9,9),(
    1.240249670074,3.14159265359),.PIECEWISE_BEZIER_KNOTS.);
#15142 = CARTESIAN_POINT('',(-1.901342983516,5.999999999062E-07));
#15143 = CARTESIAN_POINT('',(-1.663675110576,-0.72313272222));
#15144 = CARTESIAN_POINT('',(-1.426007237636,-1.513664959143));
#15145 = CARTESIAN_POINT('',(-1.188339364698,-2.309344507437));
#15146 = CARTESIAN_POINT('',(-0.950671491751,-3.039844771438));
#15147 = CARTESIAN_POINT('',(-0.71300361882,-3.637818875));
#15148 = CARTESIAN_POINT('',(-0.475335745878,-4.053131704457));
#15149 = CARTESIAN_POINT('',(-0.237667872939,-4.26079198144));
#15150 = CARTESIAN_POINT('',(0.,-4.26079198144));
#15151 = ( GEOMETRIC_REPRESENTATION_CONTEXT(2) 
PARAMETRIC_REPRESENTATION_CONTEXT() REPRESENTATION_CONTEXT('2D SPACE',''
  ) );
#15152 = ORIENTED_EDGE('',*,*,#15153,.T.);
#15153 = EDGE_CURVE('',#15124,#14990,#15154,.T.);
#15154 = SURFACE_CURVE('',#15155,(#15159,#15166),.PCURVE_S1.);
#15155 = LINE('',#15156,#15157);
#15156 = CARTESIAN_POINT('',(-40.09559941781,26.39122267049,
    34.156489319172));
#15157 = VECTOR('',#15158,1.);
#15158 = DIRECTION('',(0.906307787037,0.312318664007,-0.28471608186));
#15159 = PCURVE('',#14890,#15160);
#15160 = DEFINITIONAL_REPRESENTATION('',(#15161),#15165);
#15161 = LINE('',#15162,#15163);
#15162 = CARTESIAN_POINT('',(30.415121352005,-1.7763568394E-15));
#15163 = VECTOR('',#15164,1.);
#15164 = DIRECTION('',(-2.775557561563E-17,1.));
#15165 = ( GEOMETRIC_REPRESENTATION_CONTEXT(2) 
PARAMETRIC_REPRESENTATION_CONTEXT() REPRESENTATION_CONTEXT('2D SPACE',''
  ) );
#15166 = PCURVE('',#15167,#15172);
#15167 = PLANE('',#15168);
#15168 = AXIS2_PLACEMENT_3D('',#15169,#15170,#15171);
#15169 = CARTESIAN_POINT('',(-40.09559941781,26.39122267049,
    34.156489319172));
#15170 = DIRECTION('',(0.,0.673695643647,0.739008917221));
#15171 = DIRECTION('',(0.906307787037,0.312318664007,-0.28471608186));
#15172 = DEFINITIONAL_REPRESENTATION('',(#15173),#15177);
#15173 = LINE('',#15174,#15175);
#15174 = CARTESIAN_POINT('',(0.,0.));
#15175 = VECTOR('',#15176,1.);
#15176 = DIRECTION('',(1.,2.775557561563E-17));
#15177 = ( GEOMETRIC_REPRESENTATION_CONTEXT(2) 
PARAMETRIC_REPRESENTATION_CONTEXT() REPRESENTATION_CONTEXT('2D SPACE',''
  ) );
#15178 = ADVANCED_FACE('',(#15179),#14972,.T.);
#15179 = FACE_BOUND('',#15180,.T.);
#15180 = EDGE_LOOP('',(#15181,#15204,#15205,#15206));
#15181 = ORIENTED_EDGE('',*,*,#15182,.F.);
#15182 = EDGE_CURVE('',#14931,#15183,#15185,.T.);
#15183 = VERTEX_POINT('',#15184);
#15184 = CARTESIAN_POINT('',(-33.61728154514,29.343244853989,
    31.465365519948));
#15185 = SURFACE_CURVE('',#15186,(#15190,#15197),.PCURVE_S1.);
#15186 = LINE('',#15187,#15188);
#15187 = CARTESIAN_POINT('',(-40.46854044145,26.982263236193,
    33.617684651118));
#15188 = VECTOR('',#15189,1.);
#15189 = DIRECTION('',(0.906307787037,0.312318664007,-0.28471608186));
#15190 = PCURVE('',#14972,#15191);
#15191 = DEFINITIONAL_REPRESENTATION('',(#15192),#15196);
#15192 = LINE('',#15193,#15194);
#15193 = CARTESIAN_POINT('',(-3.330669073875E-16,0.88245364056));
#15194 = VECTOR('',#15195,1.);
#15195 = DIRECTION('',(1.,2.775557561563E-17));
#15196 = ( GEOMETRIC_REPRESENTATION_CONTEXT(2) 
PARAMETRIC_REPRESENTATION_CONTEXT() REPRESENTATION_CONTEXT('2D SPACE',''
  ) );
#15197 = PCURVE('',#14946,#15198);
#15198 = DEFINITIONAL_REPRESENTATION('',(#15199),#15203);
#15199 = LINE('',#15200,#15201);
#15200 = CARTESIAN_POINT('',(30.415121352005,0.));
#15201 = VECTOR('',#15202,1.);
#15202 = DIRECTION('',(-2.775557561563E-17,1.));
#15203 = ( GEOMETRIC_REPRESENTATION_CONTEXT(2) 
PARAMETRIC_REPRESENTATION_CONTEXT() REPRESENTATION_CONTEXT('2D SPACE',''
  ) );
#15204 = ORIENTED_EDGE('',*,*,#14958,.F.);
#15205 = ORIENTED_EDGE('',*,*,#15039,.T.);
#15206 = ORIENTED_EDGE('',*,*,#15207,.T.);
#15207 = EDGE_CURVE('',#15040,#15183,#15208,.T.);
#15208 = SURFACE_CURVE('',#15209,(#15213,#15219),.PCURVE_S1.);
#15209 = LINE('',#15210,#15211);
#15210 = CARTESIAN_POINT('',(-33.61728154514,27.687344237197,
    32.97491838981));
#15211 = VECTOR('',#15212,1.);
#15212 = DIRECTION('',(0.,0.739008917221,-0.673695643647));
#15213 = PCURVE('',#14972,#15214);
#15214 = DEFINITIONAL_REPRESENTATION('',(#15215),#15218);
#15215 = B_SPLINE_CURVE_WITH_KNOTS('',1,(#15216,#15217),.UNSPECIFIED.,
  .F.,.F.,(2,2),(1.267024652618,2.24070451412),
  .PIECEWISE_BEZIER_KNOTS.);
#15216 = CARTESIAN_POINT('',(7.148032892721,2.22044604925E-16));
#15217 = CARTESIAN_POINT('',(7.559527783281,0.88245364056));
#15218 = ( GEOMETRIC_REPRESENTATION_CONTEXT(2) 
PARAMETRIC_REPRESENTATION_CONTEXT() REPRESENTATION_CONTEXT('2D SPACE',''
  ) );
#15219 = PCURVE('',#15077,#15220);
#15220 = DEFINITIONAL_REPRESENTATION('',(#15221),#15224);
#15221 = B_SPLINE_CURVE_WITH_KNOTS('',1,(#15222,#15223),.UNSPECIFIED.,
  .F.,.F.,(2,2),(1.267024652618,2.24070451412),
  .PIECEWISE_BEZIER_KNOTS.);
#15222 = CARTESIAN_POINT('',(1.,0.486839930751));
#15223 = CARTESIAN_POINT('',(1.,-0.486839930751));
#15224 = ( GEOMETRIC_REPRESENTATION_CONTEXT(2) 
PARAMETRIC_REPRESENTATION_CONTEXT() REPRESENTATION_CONTEXT('2D SPACE',''
  ) );
#15225 = ADVANCED_FACE('',(#15226),#14946,.T.);
#15226 = FACE_BOUND('',#15227,.T.);
#15227 = EDGE_LOOP('',(#15228,#15253,#15274,#15275,#15276,#15297,#15331,
    #15360));
#15228 = ORIENTED_EDGE('',*,*,#15229,.F.);
#15229 = EDGE_CURVE('',#15230,#15232,#15234,.T.);
#15230 = VERTEX_POINT('',#15231);
#15231 = CARTESIAN_POINT('',(-27.13896367248,11.085174181492,
    6.953159704245));
#15232 = VERTEX_POINT('',#15233);
#15233 = CARTESIAN_POINT('',(-27.13896367248,31.575708937319,
    29.430205601725));
#15234 = SURFACE_CURVE('',#15235,(#15239,#15246),.PCURVE_S1.);
#15235 = LINE('',#15236,#15237);
#15236 = CARTESIAN_POINT('',(-27.13896367248,11.085174181492,
    6.953159704245));
#15237 = VECTOR('',#15238,1.);
#15238 = DIRECTION('',(0.,0.673695643647,0.739008917221));
#15239 = PCURVE('',#14946,#15240);
#15240 = DEFINITIONAL_REPRESENTATION('',(#15241),#15245);
#15241 = LINE('',#15242,#15243);
#15242 = CARTESIAN_POINT('',(0.,14.707560676003));
#15243 = VECTOR('',#15244,1.);
#15244 = DIRECTION('',(1.,-2.775557561563E-17));
#15245 = ( GEOMETRIC_REPRESENTATION_CONTEXT(2) 
PARAMETRIC_REPRESENTATION_CONTEXT() REPRESENTATION_CONTEXT('2D SPACE',''
  ) );
#15246 = PCURVE('',#15005,#15247);
#15247 = DEFINITIONAL_REPRESENTATION('',(#15248),#15252);
#15248 = LINE('',#15249,#15250);
#15249 = CARTESIAN_POINT('',(2.775557561563E-16,-0.88245364056));
#15250 = VECTOR('',#15251,1.);
#15251 = DIRECTION('',(1.,0.));
#15252 = ( GEOMETRIC_REPRESENTATION_CONTEXT(2) 
PARAMETRIC_REPRESENTATION_CONTEXT() REPRESENTATION_CONTEXT('2D SPACE',''
  ) );
#15253 = ORIENTED_EDGE('',*,*,#15254,.F.);
#15254 = EDGE_CURVE('',#14903,#15230,#15255,.T.);
#15255 = SURFACE_CURVE('',#15256,(#15260,#15267),.PCURVE_S1.);
#15256 = LINE('',#15257,#15258);
#15257 = CARTESIAN_POINT('',(-40.46854044145,6.491728480366,
    11.140638753637));
#15258 = VECTOR('',#15259,1.);
#15259 = DIRECTION('',(0.906307787037,0.312318664007,-0.28471608186));
#15260 = PCURVE('',#14946,#15261);
#15261 = DEFINITIONAL_REPRESENTATION('',(#15262),#15266);
#15262 = LINE('',#15263,#15264);
#15263 = CARTESIAN_POINT('',(0.,0.));
#15264 = VECTOR('',#15265,1.);
#15265 = DIRECTION('',(-2.775557561563E-17,1.));
#15266 = ( GEOMETRIC_REPRESENTATION_CONTEXT(2) 
PARAMETRIC_REPRESENTATION_CONTEXT() REPRESENTATION_CONTEXT('2D SPACE',''
  ) );
#15267 = PCURVE('',#14918,#15268);
#15268 = DEFINITIONAL_REPRESENTATION('',(#15269),#15273);
#15269 = LINE('',#15270,#15271);
#15270 = CARTESIAN_POINT('',(-2.969846590872E-15,0.88245364056));
#15271 = VECTOR('',#15272,1.);
#15272 = DIRECTION('',(1.,2.775557561563E-17));
#15273 = ( GEOMETRIC_REPRESENTATION_CONTEXT(2) 
PARAMETRIC_REPRESENTATION_CONTEXT() REPRESENTATION_CONTEXT('2D SPACE',''
  ) );
#15274 = ORIENTED_EDGE('',*,*,#14930,.T.);
#15275 = ORIENTED_EDGE('',*,*,#15182,.T.);
#15276 = ORIENTED_EDGE('',*,*,#15277,.T.);
#15277 = EDGE_CURVE('',#15183,#15278,#15280,.T.);
#15278 = VERTEX_POINT('',#15279);
#15279 = CARTESIAN_POINT('',(-33.61728154514,27.713711388162,
    29.677852458951));
#15280 = SURFACE_CURVE('',#15281,(#15285,#15291),.PCURVE_S1.);
#15281 = LINE('',#15282,#15283);
#15282 = CARTESIAN_POINT('',(-33.61728154514,18.761129654252,
    19.857338112598));
#15283 = VECTOR('',#15284,1.);
#15284 = DIRECTION('',(0.,-0.673695643647,-0.739008917221));
#15285 = PCURVE('',#14946,#15286);
#15286 = DEFINITIONAL_REPRESENTATION('',(#15287),#15290);
#15287 = B_SPLINE_CURVE_WITH_KNOTS('',1,(#15288,#15289),.UNSPECIFIED.,
  .F.,.F.,(2,2),(-15.707560676,-13.207560676),.PIECEWISE_BEZIER_KNOTS.);
#15288 = CARTESIAN_POINT('',(30.415121352005,7.559527783281));
#15289 = CARTESIAN_POINT('',(27.915121352005,7.559527783281));
#15290 = ( GEOMETRIC_REPRESENTATION_CONTEXT(2) 
PARAMETRIC_REPRESENTATION_CONTEXT() REPRESENTATION_CONTEXT('2D SPACE',''
  ) );
#15291 = PCURVE('',#15077,#15292);
#15292 = DEFINITIONAL_REPRESENTATION('',(#15293),#15296);
#15293 = B_SPLINE_CURVE_WITH_KNOTS('',1,(#15294,#15295),.UNSPECIFIED.,
  .F.,.F.,(2,2),(-15.707560676,-13.207560676),.PIECEWISE_BEZIER_KNOTS.);
#15294 = CARTESIAN_POINT('',(1.,-0.486839930751));
#15295 = CARTESIAN_POINT('',(-1.5,-0.486839930751));
#15296 = ( GEOMETRIC_REPRESENTATION_CONTEXT(2) 
PARAMETRIC_REPRESENTATION_CONTEXT() REPRESENTATION_CONTEXT('2D SPACE',''
  ) );
#15297 = ORIENTED_EDGE('',*,*,#15298,.F.);
#15298 = EDGE_CURVE('',#15299,#15278,#15301,.T.);
#15299 = VERTEX_POINT('',#15300);
#15300 = CARTESIAN_POINT('',(-31.44455276506,29.418283536089,
    30.043795077758));
#15301 = SURFACE_CURVE('',#15302,(#15307,#15314),.PCURVE_S1.);
#15302 = ELLIPSE('',#15303,3.549302374729,1.5);
#15303 = AXIS2_PLACEMENT_3D('',#15304,#15305,#15306);
#15304 = CARTESIAN_POINT('',(-34.66131314582,28.309770160258,
    31.054338543228));
#15305 = DIRECTION('',(-0.422618261741,0.669769536367,-0.61057560793));
#15306 = DIRECTION('',(-0.906307787037,-0.312318664007,0.28471608186));
#15307 = PCURVE('',#14946,#15308);
#15308 = DEFINITIONAL_REPRESENTATION('',(#15309),#15313);
#15309 = ELLIPSE('',#15310,3.549302374729,1.5);
#15310 = AXIS2_PLACEMENT_2D('',#15311,#15312);
#15311 = CARTESIAN_POINT('',(29.415121352005,6.407566368396));
#15312 = DIRECTION('',(2.775557561563E-17,-1.));
#15313 = ( GEOMETRIC_REPRESENTATION_CONTEXT(2) 
PARAMETRIC_REPRESENTATION_CONTEXT() REPRESENTATION_CONTEXT('2D SPACE',''
  ) );
#15314 = PCURVE('',#15315,#15320);
#15315 = CYLINDRICAL_SURFACE('',#15316,1.5);
#15316 = AXIS2_PLACEMENT_3D('',#15317,#15318,#15319);
#15317 = CARTESIAN_POINT('',(-33.61728154514,28.309770160258,
    31.054338543228));
#15318 = DIRECTION('',(-1.,-0.,0.));
#15319 = DIRECTION('',(0.,0.739008917221,-0.673695643647));
#15320 = DEFINITIONAL_REPRESENTATION('',(#15321),#15330);
#15321 = B_SPLINE_CURVE_WITH_KNOTS('',7,(#15322,#15323,#15324,#15325,
    #15326,#15327,#15328,#15329),.UNSPECIFIED.,.F.,.F.,(8,8),(
    3.14159265359,4.38184271806),.PIECEWISE_BEZIER_KNOTS.);
#15322 = CARTESIAN_POINT('',(-6.28318530718,-2.172728780088));
#15323 = CARTESIAN_POINT('',(-6.106006726541,-2.172728780088));
#15324 = CARTESIAN_POINT('',(-5.928828145902,-2.054916646473));
#15325 = CARTESIAN_POINT('',(-5.751649565264,-1.819297034843));
#15326 = CARTESIAN_POINT('',(-5.574470984625,-1.474912375583));
#15327 = CARTESIAN_POINT('',(-5.397292403986,-1.039936753646));
#15328 = CARTESIAN_POINT('',(-5.220113823348,-0.539086788624));
#15329 = CARTESIAN_POINT('',(-5.042935242709,5.999999999062E-07));
#15330 = ( GEOMETRIC_REPRESENTATION_CONTEXT(2) 
PARAMETRIC_REPRESENTATION_CONTEXT() REPRESENTATION_CONTEXT('2D SPACE',''
  ) );
#15331 = ORIENTED_EDGE('',*,*,#15332,.F.);
#15332 = EDGE_CURVE('',#15333,#15299,#15335,.T.);
#15333 = VERTEX_POINT('',#15334);
#15334 = CARTESIAN_POINT('',(-32.26368151958,29.809702891347,
    31.040132832779));
#15335 = SURFACE_CURVE('',#15336,(#15341,#15348),.PCURVE_S1.);
#15336 = ELLIPSE('',#15337,3.549302374729,1.5);
#15337 = AXIS2_PLACEMENT_3D('',#15338,#15339,#15340);
#15338 = CARTESIAN_POINT('',(-34.66131314582,28.309770160258,
    31.054338543228));
#15339 = DIRECTION('',(-0.422618261741,0.669769536367,-0.61057560793));
#15340 = DIRECTION('',(-0.906307787037,-0.312318664007,0.28471608186));
#15341 = PCURVE('',#14946,#15342);
#15342 = DEFINITIONAL_REPRESENTATION('',(#15343),#15347);
#15343 = ELLIPSE('',#15344,3.549302374729,1.5);
#15344 = AXIS2_PLACEMENT_2D('',#15345,#15346);
#15345 = CARTESIAN_POINT('',(29.415121352005,6.407566368396));
#15346 = DIRECTION('',(2.775557561563E-17,-1.));
#15347 = ( GEOMETRIC_REPRESENTATION_CONTEXT(2) 
PARAMETRIC_REPRESENTATION_CONTEXT() REPRESENTATION_CONTEXT('2D SPACE',''
  ) );
#15348 = PCURVE('',#15105,#15349);
#15349 = DEFINITIONAL_REPRESENTATION('',(#15350),#15359);
#15350 = B_SPLINE_CURVE_WITH_KNOTS('',7,(#15351,#15352,#15353,#15354,
    #15355,#15356,#15357,#15358),.UNSPECIFIED.,.F.,.F.,(8,8),(
    1.901342589119,3.14159265359),.PIECEWISE_BEZIER_KNOTS.);
#15351 = CARTESIAN_POINT('',(-1.240250064471,5.999999999062E-07));
#15352 = CARTESIAN_POINT('',(-1.063071483832,-0.539086788624));
#15353 = CARTESIAN_POINT('',(-0.885892903193,-1.039936753646));
#15354 = CARTESIAN_POINT('',(-0.708714322555,-1.474912375583));
#15355 = CARTESIAN_POINT('',(-0.531535741916,-1.819297034842));
#15356 = CARTESIAN_POINT('',(-0.354357161277,-2.054916646473));
#15357 = CARTESIAN_POINT('',(-0.177178580639,-2.172728780088));
#15358 = CARTESIAN_POINT('',(0.,-2.172728780088));
#15359 = ( GEOMETRIC_REPRESENTATION_CONTEXT(2) 
PARAMETRIC_REPRESENTATION_CONTEXT() REPRESENTATION_CONTEXT('2D SPACE',''
  ) );
#15360 = ORIENTED_EDGE('',*,*,#15361,.T.);
#15361 = EDGE_CURVE('',#15333,#15232,#15362,.T.);
#15362 = SURFACE_CURVE('',#15363,(#15367,#15374),.PCURVE_S1.);
#15363 = LINE('',#15364,#15365);
#15364 = CARTESIAN_POINT('',(-40.46854044145,26.982263236193,
    33.617684651118));
#15365 = VECTOR('',#15366,1.);
#15366 = DIRECTION('',(0.906307787037,0.312318664007,-0.28471608186));
#15367 = PCURVE('',#14946,#15368);
#15368 = DEFINITIONAL_REPRESENTATION('',(#15369),#15373);
#15369 = LINE('',#15370,#15371);
#15370 = CARTESIAN_POINT('',(30.415121352005,0.));
#15371 = VECTOR('',#15372,1.);
#15372 = DIRECTION('',(-2.775557561563E-17,1.));
#15373 = ( GEOMETRIC_REPRESENTATION_CONTEXT(2) 
PARAMETRIC_REPRESENTATION_CONTEXT() REPRESENTATION_CONTEXT('2D SPACE',''
  ) );
#15374 = PCURVE('',#15167,#15375);
#15375 = DEFINITIONAL_REPRESENTATION('',(#15376),#15380);
#15376 = LINE('',#15377,#15378);
#15377 = CARTESIAN_POINT('',(-3.330669073875E-16,0.88245364056));
#15378 = VECTOR('',#15379,1.);
#15379 = DIRECTION('',(1.,2.775557561563E-17));
#15380 = ( GEOMETRIC_REPRESENTATION_CONTEXT(2) 
PARAMETRIC_REPRESENTATION_CONTEXT() REPRESENTATION_CONTEXT('2D SPACE',''
  ) );
#15381 = ADVANCED_FACE('',(#15382),#14918,.F.);
#15382 = FACE_BOUND('',#15383,.F.);
#15383 = EDGE_LOOP('',(#15384,#15385,#15386,#15407));
#15384 = ORIENTED_EDGE('',*,*,#14902,.F.);
#15385 = ORIENTED_EDGE('',*,*,#15017,.T.);
#15386 = ORIENTED_EDGE('',*,*,#15387,.T.);
#15387 = EDGE_CURVE('',#14988,#15230,#15388,.T.);
#15388 = SURFACE_CURVE('',#15389,(#15393,#15400),.PCURVE_S1.);
#15389 = LINE('',#15390,#15391);
#15390 = CARTESIAN_POINT('',(-26.76602264884,10.494133615789,
    7.491964372299));
#15391 = VECTOR('',#15392,1.);
#15392 = DIRECTION('',(-0.422618261741,0.669769536367,-0.61057560793));
#15393 = PCURVE('',#14918,#15394);
#15394 = DEFINITIONAL_REPRESENTATION('',(#15395),#15399);
#15395 = LINE('',#15396,#15397);
#15396 = CARTESIAN_POINT('',(14.707560676003,-4.440892098501E-16));
#15397 = VECTOR('',#15398,1.);
#15398 = DIRECTION('',(2.775557561563E-17,1.));
#15399 = ( GEOMETRIC_REPRESENTATION_CONTEXT(2) 
PARAMETRIC_REPRESENTATION_CONTEXT() REPRESENTATION_CONTEXT('2D SPACE',''
  ) );
#15400 = PCURVE('',#15005,#15401);
#15401 = DEFINITIONAL_REPRESENTATION('',(#15402),#15406);
#15402 = LINE('',#15403,#15404);
#15403 = CARTESIAN_POINT('',(0.,0.));
#15404 = VECTOR('',#15405,1.);
#15405 = DIRECTION('',(0.,-1.));
#15406 = ( GEOMETRIC_REPRESENTATION_CONTEXT(2) 
PARAMETRIC_REPRESENTATION_CONTEXT() REPRESENTATION_CONTEXT('2D SPACE',''
  ) );
#15407 = ORIENTED_EDGE('',*,*,#15254,.F.);
#15408 = ADVANCED_FACE('',(#15409),#15005,.T.);
#15409 = FACE_BOUND('',#15410,.T.);
#15410 = EDGE_LOOP('',(#15411,#15412,#15413,#15414));
#15411 = ORIENTED_EDGE('',*,*,#14987,.F.);
#15412 = ORIENTED_EDGE('',*,*,#15387,.T.);
#15413 = ORIENTED_EDGE('',*,*,#15229,.T.);
#15414 = ORIENTED_EDGE('',*,*,#15415,.F.);
#15415 = EDGE_CURVE('',#14990,#15232,#15416,.T.);
#15416 = SURFACE_CURVE('',#15417,(#15421,#15428),.PCURVE_S1.);
#15417 = LINE('',#15418,#15419);
#15418 = CARTESIAN_POINT('',(-26.76602264884,30.984668371616,
    29.96901026978));
#15419 = VECTOR('',#15420,1.);
#15420 = DIRECTION('',(-0.422618261741,0.669769536367,-0.61057560793));
#15421 = PCURVE('',#15005,#15422);
#15422 = DEFINITIONAL_REPRESENTATION('',(#15423),#15427);
#15423 = LINE('',#15424,#15425);
#15424 = CARTESIAN_POINT('',(30.415121352005,1.7763568394E-15));
#15425 = VECTOR('',#15426,1.);
#15426 = DIRECTION('',(0.,-1.));
#15427 = ( GEOMETRIC_REPRESENTATION_CONTEXT(2) 
PARAMETRIC_REPRESENTATION_CONTEXT() REPRESENTATION_CONTEXT('2D SPACE',''
  ) );
#15428 = PCURVE('',#15167,#15429);
#15429 = DEFINITIONAL_REPRESENTATION('',(#15430),#15434);
#15430 = LINE('',#15431,#15432);
#15431 = CARTESIAN_POINT('',(14.707560676003,4.440892098501E-16));
#15432 = VECTOR('',#15433,1.);
#15433 = DIRECTION('',(2.775557561563E-17,1.));
#15434 = ( GEOMETRIC_REPRESENTATION_CONTEXT(2) 
PARAMETRIC_REPRESENTATION_CONTEXT() REPRESENTATION_CONTEXT('2D SPACE',''
  ) );
#15435 = ADVANCED_FACE('',(#15436),#15167,.T.);
#15436 = FACE_BOUND('',#15437,.T.);
#15437 = EDGE_LOOP('',(#15438,#15439,#15458,#15459));
#15438 = ORIENTED_EDGE('',*,*,#15361,.F.);
#15439 = ORIENTED_EDGE('',*,*,#15440,.F.);
#15440 = EDGE_CURVE('',#15124,#15333,#15441,.T.);
#15441 = SURFACE_CURVE('',#15442,(#15446,#15452),.PCURVE_S1.);
#15442 = LINE('',#15443,#15444);
#15443 = CARTESIAN_POINT('',(-33.61728154514,29.809702891347,
    31.040132832779));
#15444 = VECTOR('',#15445,1.);
#15445 = DIRECTION('',(-1.,-0.,0.));
#15446 = PCURVE('',#15167,#15447);
#15447 = DEFINITIONAL_REPRESENTATION('',(#15448),#15451);
#15448 = B_SPLINE_CURVE_WITH_KNOTS('',1,(#15449,#15450),.UNSPECIFIED.,
  .F.,.F.,(2,2),(-3.65046954705,-1.144793705427),
  .PIECEWISE_BEZIER_KNOTS.);
#15449 = CARTESIAN_POINT('',(11.134730895726,-8.824536405599E-02));
#15450 = CARTESIAN_POINT('',(8.863817368673,0.970699004616));
#15451 = ( GEOMETRIC_REPRESENTATION_CONTEXT(2) 
PARAMETRIC_REPRESENTATION_CONTEXT() REPRESENTATION_CONTEXT('2D SPACE',''
  ) );
#15452 = PCURVE('',#15105,#15453);
#15453 = DEFINITIONAL_REPRESENTATION('',(#15454),#15457);
#15454 = B_SPLINE_CURVE_WITH_KNOTS('',1,(#15455,#15456),.UNSPECIFIED.,
  .F.,.F.,(2,2),(-3.65046954705,-1.144793705427),
  .PIECEWISE_BEZIER_KNOTS.);
#15455 = CARTESIAN_POINT('',(-0.729727656227,-3.65046954705));
#15456 = CARTESIAN_POINT('',(-0.729727656227,-1.144793705427));
#15457 = ( GEOMETRIC_REPRESENTATION_CONTEXT(2) 
PARAMETRIC_REPRESENTATION_CONTEXT() REPRESENTATION_CONTEXT('2D SPACE',''
  ) );
#15458 = ORIENTED_EDGE('',*,*,#15153,.T.);
#15459 = ORIENTED_EDGE('',*,*,#15415,.T.);
#15460 = ADVANCED_FACE('',(#15461),#15105,.T.);
#15461 = FACE_BOUND('',#15462,.F.);
#15462 = EDGE_LOOP('',(#15463,#15487,#15508,#15509,#15510,#15511,#15534,
    #15561,#15562));
#15463 = ORIENTED_EDGE('',*,*,#15464,.F.);
#15464 = EDGE_CURVE('',#15465,#15063,#15467,.T.);
#15465 = VERTEX_POINT('',#15466);
#15466 = CARTESIAN_POINT('',(-33.61728154514,29.418283536089,
    30.043795077758));
#15467 = SURFACE_CURVE('',#15468,(#15473,#15480),.PCURVE_S1.);
#15468 = CIRCLE('',#15469,1.5);
#15469 = AXIS2_PLACEMENT_3D('',#15470,#15471,#15472);
#15470 = CARTESIAN_POINT('',(-33.61728154514,28.309770160258,
    31.054338543228));
#15471 = DIRECTION('',(1.,-0.,0.));
#15472 = DIRECTION('',(0.,0.739008917221,-0.673695643647));
#15473 = PCURVE('',#15105,#15474);
#15474 = DEFINITIONAL_REPRESENTATION('',(#15475),#15479);
#15475 = LINE('',#15476,#15477);
#15476 = CARTESIAN_POINT('',(-0.,0.));
#15477 = VECTOR('',#15478,1.);
#15478 = DIRECTION('',(-1.,0.));
#15479 = ( GEOMETRIC_REPRESENTATION_CONTEXT(2) 
PARAMETRIC_REPRESENTATION_CONTEXT() REPRESENTATION_CONTEXT('2D SPACE',''
  ) );
#15480 = PCURVE('',#15077,#15481);
#15481 = DEFINITIONAL_REPRESENTATION('',(#15482),#15486);
#15482 = CIRCLE('',#15483,1.5);
#15483 = AXIS2_PLACEMENT_2D('',#15484,#15485);
#15484 = CARTESIAN_POINT('',(0.,0.));
#15485 = DIRECTION('',(0.,-1.));
#15486 = ( GEOMETRIC_REPRESENTATION_CONTEXT(2) 
PARAMETRIC_REPRESENTATION_CONTEXT() REPRESENTATION_CONTEXT('2D SPACE',''
  ) );
#15487 = ORIENTED_EDGE('',*,*,#15488,.T.);
#15488 = EDGE_CURVE('',#15465,#15299,#15489,.T.);
#15489 = SURFACE_CURVE('',#15490,(#15494,#15501),.PCURVE_S1.);
#15490 = LINE('',#15491,#15492);
#15491 = CARTESIAN_POINT('',(-33.61728154514,29.418283536089,
    30.043795077758));
#15492 = VECTOR('',#15493,1.);
#15493 = DIRECTION('',(1.,0.,0.));
#15494 = PCURVE('',#15105,#15495);
#15495 = DEFINITIONAL_REPRESENTATION('',(#15496),#15500);
#15496 = LINE('',#15497,#15498);
#15497 = CARTESIAN_POINT('',(-0.,0.));
#15498 = VECTOR('',#15499,1.);
#15499 = DIRECTION('',(-0.,-1.));
#15500 = ( GEOMETRIC_REPRESENTATION_CONTEXT(2) 
PARAMETRIC_REPRESENTATION_CONTEXT() REPRESENTATION_CONTEXT('2D SPACE',''
  ) );
#15501 = PCURVE('',#15315,#15502);
#15502 = DEFINITIONAL_REPRESENTATION('',(#15503),#15507);
#15503 = LINE('',#15504,#15505);
#15504 = CARTESIAN_POINT('',(-6.28318530718,0.));
#15505 = VECTOR('',#15506,1.);
#15506 = DIRECTION('',(-0.,-1.));
#15507 = ( GEOMETRIC_REPRESENTATION_CONTEXT(2) 
PARAMETRIC_REPRESENTATION_CONTEXT() REPRESENTATION_CONTEXT('2D SPACE',''
  ) );
#15508 = ORIENTED_EDGE('',*,*,#15332,.F.);
#15509 = ORIENTED_EDGE('',*,*,#15440,.F.);
#15510 = ORIENTED_EDGE('',*,*,#15123,.T.);
#15511 = ORIENTED_EDGE('',*,*,#15512,.T.);
#15512 = EDGE_CURVE('',#15089,#15513,#15515,.T.);
#15513 = VERTEX_POINT('',#15514);
#15514 = CARTESIAN_POINT('',(-23.61728154514,29.418283536089,
    30.043795077758));
#15515 = SEAM_CURVE('',#15516,(#15520,#15527),.PCURVE_S1.);
#15516 = LINE('',#15517,#15518);
#15517 = CARTESIAN_POINT('',(-33.61728154514,29.418283536089,
    30.043795077758));
#15518 = VECTOR('',#15519,1.);
#15519 = DIRECTION('',(1.,0.,0.));
#15520 = PCURVE('',#15105,#15521);
#15521 = DEFINITIONAL_REPRESENTATION('',(#15522),#15526);
#15522 = LINE('',#15523,#15524);
#15523 = CARTESIAN_POINT('',(-0.,0.));
#15524 = VECTOR('',#15525,1.);
#15525 = DIRECTION('',(-0.,-1.));
#15526 = ( GEOMETRIC_REPRESENTATION_CONTEXT(2) 
PARAMETRIC_REPRESENTATION_CONTEXT() REPRESENTATION_CONTEXT('2D SPACE',''
  ) );
#15527 = PCURVE('',#15105,#15528);
#15528 = DEFINITIONAL_REPRESENTATION('',(#15529),#15533);
#15529 = LINE('',#15530,#15531);
#15530 = CARTESIAN_POINT('',(-6.28318530718,0.));
#15531 = VECTOR('',#15532,1.);
#15532 = DIRECTION('',(-0.,-1.));
#15533 = ( GEOMETRIC_REPRESENTATION_CONTEXT(2) 
PARAMETRIC_REPRESENTATION_CONTEXT() REPRESENTATION_CONTEXT('2D SPACE',''
  ) );
#15534 = ORIENTED_EDGE('',*,*,#15535,.T.);
#15535 = EDGE_CURVE('',#15513,#15513,#15536,.T.);
#15536 = SURFACE_CURVE('',#15537,(#15542,#15549),.PCURVE_S1.);
#15537 = CIRCLE('',#15538,1.5);
#15538 = AXIS2_PLACEMENT_3D('',#15539,#15540,#15541);
#15539 = CARTESIAN_POINT('',(-23.61728154514,28.309770160258,
    31.054338543228));
#15540 = DIRECTION('',(1.,-0.,0.));
#15541 = DIRECTION('',(0.,0.739008917221,-0.673695643647));
#15542 = PCURVE('',#15105,#15543);
#15543 = DEFINITIONAL_REPRESENTATION('',(#15544),#15548);
#15544 = LINE('',#15545,#15546);
#15545 = CARTESIAN_POINT('',(-0.,-10.));
#15546 = VECTOR('',#15547,1.);
#15547 = DIRECTION('',(-1.,0.));
#15548 = ( GEOMETRIC_REPRESENTATION_CONTEXT(2) 
PARAMETRIC_REPRESENTATION_CONTEXT() REPRESENTATION_CONTEXT('2D SPACE',''
  ) );
#15549 = PCURVE('',#15550,#15555);
#15550 = PLANE('',#15551);
#15551 = AXIS2_PLACEMENT_3D('',#15552,#15553,#15554);
#15552 = CARTESIAN_POINT('',(-23.61728154514,28.309770160258,
    31.054338543228));
#15553 = DIRECTION('',(1.,0.,0.));
#15554 = DIRECTION('',(0.,0.673695643647,0.739008917221));
#15555 = DEFINITIONAL_REPRESENTATION('',(#15556),#15560);
#15556 = CIRCLE('',#15557,1.5);
#15557 = AXIS2_PLACEMENT_2D('',#15558,#15559);
#15558 = CARTESIAN_POINT('',(0.,0.));
#15559 = DIRECTION('',(0.,-1.));
#15560 = ( GEOMETRIC_REPRESENTATION_CONTEXT(2) 
PARAMETRIC_REPRESENTATION_CONTEXT() REPRESENTATION_CONTEXT('2D SPACE',''
  ) );
#15561 = ORIENTED_EDGE('',*,*,#15512,.F.);
#15562 = ORIENTED_EDGE('',*,*,#15088,.T.);
#15563 = ADVANCED_FACE('',(#15564),#15077,.F.);
#15564 = FACE_BOUND('',#15565,.F.);
#15565 = EDGE_LOOP('',(#15566,#15588,#15589,#15590,#15591));
#15566 = ORIENTED_EDGE('',*,*,#15567,.T.);
#15567 = EDGE_CURVE('',#15278,#15465,#15568,.T.);
#15568 = SURFACE_CURVE('',#15569,(#15574,#15581),.PCURVE_S1.);
#15569 = CIRCLE('',#15570,1.5);
#15570 = AXIS2_PLACEMENT_3D('',#15571,#15572,#15573);
#15571 = CARTESIAN_POINT('',(-33.61728154514,28.309770160258,
    31.054338543228));
#15572 = DIRECTION('',(1.,-0.,0.));
#15573 = DIRECTION('',(0.,0.739008917221,-0.673695643647));
#15574 = PCURVE('',#15077,#15575);
#15575 = DEFINITIONAL_REPRESENTATION('',(#15576),#15580);
#15576 = CIRCLE('',#15577,1.5);
#15577 = AXIS2_PLACEMENT_2D('',#15578,#15579);
#15578 = CARTESIAN_POINT('',(0.,0.));
#15579 = DIRECTION('',(0.,-1.));
#15580 = ( GEOMETRIC_REPRESENTATION_CONTEXT(2) 
PARAMETRIC_REPRESENTATION_CONTEXT() REPRESENTATION_CONTEXT('2D SPACE',''
  ) );
#15581 = PCURVE('',#15315,#15582);
#15582 = DEFINITIONAL_REPRESENTATION('',(#15583),#15587);
#15583 = LINE('',#15584,#15585);
#15584 = CARTESIAN_POINT('',(-0.,0.));
#15585 = VECTOR('',#15586,1.);
#15586 = DIRECTION('',(-1.,0.));
#15587 = ( GEOMETRIC_REPRESENTATION_CONTEXT(2) 
PARAMETRIC_REPRESENTATION_CONTEXT() REPRESENTATION_CONTEXT('2D SPACE',''
  ) );
#15588 = ORIENTED_EDGE('',*,*,#15464,.T.);
#15589 = ORIENTED_EDGE('',*,*,#15062,.F.);
#15590 = ORIENTED_EDGE('',*,*,#15207,.T.);
#15591 = ORIENTED_EDGE('',*,*,#15277,.T.);
#15592 = ADVANCED_FACE('',(#15593),#15315,.T.);
#15593 = FACE_BOUND('',#15594,.F.);
#15594 = EDGE_LOOP('',(#15595,#15596,#15597));
#15595 = ORIENTED_EDGE('',*,*,#15567,.F.);
#15596 = ORIENTED_EDGE('',*,*,#15298,.F.);
#15597 = ORIENTED_EDGE('',*,*,#15488,.F.);
#15598 = ADVANCED_FACE('',(#15599),#15550,.T.);
#15599 = FACE_BOUND('',#15600,.T.);
#15600 = EDGE_LOOP('',(#15601));
#15601 = ORIENTED_EDGE('',*,*,#15535,.T.);
#15602 = MANIFOLD_SOLID_BREP('',#15603);
#15603 = CLOSED_SHELL('',(#15604,#15724,#15919,#15966,#16122,#16149,
    #16176,#16201,#16304,#16333,#16339));
#15604 = ADVANCED_FACE('',(#15605),#15619,.F.);
#15605 = FACE_BOUND('',#15606,.F.);
#15606 = EDGE_LOOP('',(#15607,#15642,#15670,#15698));
#15607 = ORIENTED_EDGE('',*,*,#15608,.F.);
#15608 = EDGE_CURVE('',#15609,#15611,#15613,.T.);
#15609 = VERTEX_POINT('',#15610);
#15610 = CARTESIAN_POINT('',(-40.09559941781,1.283126013014,
    13.02233097957));
#15611 = VERTEX_POINT('',#15612);
#15612 = CARTESIAN_POINT('',(-40.09559941781,12.270335127497,
    41.383586994279));
#15613 = SURFACE_CURVE('',#15614,(#15618,#15630),.PCURVE_S1.);
#15614 = LINE('',#15615,#15616);
#15615 = CARTESIAN_POINT('',(-40.09559941781,1.283126013014,
    13.02233097957));
#15616 = VECTOR('',#15617,1.);
#15617 = DIRECTION('',(0.,0.361241666187,0.932472229404));
#15618 = PCURVE('',#15619,#15624);
#15619 = PLANE('',#15620);
#15620 = AXIS2_PLACEMENT_3D('',#15621,#15622,#15623);
#15621 = CARTESIAN_POINT('',(-40.09559941781,1.283126013014,
    13.02233097957));
#15622 = DIRECTION('',(0.906307787037,0.394079792712,-0.152667325032));
#15623 = DIRECTION('',(0.,0.361241666187,0.932472229404));
#15624 = DEFINITIONAL_REPRESENTATION('',(#15625),#15629);
#15625 = LINE('',#15626,#15627);
#15626 = CARTESIAN_POINT('',(0.,0.));
#15627 = VECTOR('',#15628,1.);
#15628 = DIRECTION('',(1.,0.));
#15629 = ( GEOMETRIC_REPRESENTATION_CONTEXT(2) 
PARAMETRIC_REPRESENTATION_CONTEXT() REPRESENTATION_CONTEXT('2D SPACE',''
  ) );
#15630 = PCURVE('',#15631,#15636);
#15631 = PLANE('',#15632);
#15632 = AXIS2_PLACEMENT_3D('',#15633,#15634,#15635);
#15633 = CARTESIAN_POINT('',(-40.09559941781,1.283126013014,
    13.02233097957));
#15634 = DIRECTION('',(-0.422618261741,0.845106842705,-0.327396135068));
#15635 = DIRECTION('',(0.,0.361241666187,0.932472229404));
#15636 = DEFINITIONAL_REPRESENTATION('',(#15637),#15641);
#15637 = LINE('',#15638,#15639);
#15638 = CARTESIAN_POINT('',(0.,0.));
#15639 = VECTOR('',#15640,1.);
#15640 = DIRECTION('',(1.,0.));
#15641 = ( GEOMETRIC_REPRESENTATION_CONTEXT(2) 
PARAMETRIC_REPRESENTATION_CONTEXT() REPRESENTATION_CONTEXT('2D SPACE',''
  ) );
#15642 = ORIENTED_EDGE('',*,*,#15643,.T.);
#15643 = EDGE_CURVE('',#15609,#15644,#15646,.T.);
#15644 = VERTEX_POINT('',#15645);
#15645 = CARTESIAN_POINT('',(-40.46854044145,2.028893623021,
    12.733419068275));
#15646 = SURFACE_CURVE('',#15647,(#15651,#15658),.PCURVE_S1.);
#15647 = LINE('',#15648,#15649);
#15648 = CARTESIAN_POINT('',(-40.09559941781,1.283126013014,
    13.02233097957));
#15649 = VECTOR('',#15650,1.);
#15650 = DIRECTION('',(-0.422618261741,0.845106842705,-0.327396135068));
#15651 = PCURVE('',#15619,#15652);
#15652 = DEFINITIONAL_REPRESENTATION('',(#15653),#15657);
#15653 = LINE('',#15654,#15655);
#15654 = CARTESIAN_POINT('',(0.,0.));
#15655 = VECTOR('',#15656,1.);
#15656 = DIRECTION('',(0.,-1.));
#15657 = ( GEOMETRIC_REPRESENTATION_CONTEXT(2) 
PARAMETRIC_REPRESENTATION_CONTEXT() REPRESENTATION_CONTEXT('2D SPACE',''
  ) );
#15658 = PCURVE('',#15659,#15664);
#15659 = PLANE('',#15660);
#15660 = AXIS2_PLACEMENT_3D('',#15661,#15662,#15663);
#15661 = CARTESIAN_POINT('',(-40.09559941781,1.283126013014,
    13.02233097957));
#15662 = DIRECTION('',(0.,0.361241666187,0.932472229404));
#15663 = DIRECTION('',(0.906307787037,0.394079792712,-0.152667325032));
#15664 = DEFINITIONAL_REPRESENTATION('',(#15665),#15669);
#15665 = LINE('',#15666,#15667);
#15666 = CARTESIAN_POINT('',(0.,0.));
#15667 = VECTOR('',#15668,1.);
#15668 = DIRECTION('',(6.938893903907E-18,1.));
#15669 = ( GEOMETRIC_REPRESENTATION_CONTEXT(2) 
PARAMETRIC_REPRESENTATION_CONTEXT() REPRESENTATION_CONTEXT('2D SPACE',''
  ) );
#15670 = ORIENTED_EDGE('',*,*,#15671,.T.);
#15671 = EDGE_CURVE('',#15644,#15672,#15674,.T.);
#15672 = VERTEX_POINT('',#15673);
#15673 = CARTESIAN_POINT('',(-40.46854044145,13.016102737504,
    41.094675082983));
#15674 = SURFACE_CURVE('',#15675,(#15679,#15686),.PCURVE_S1.);
#15675 = LINE('',#15676,#15677);
#15676 = CARTESIAN_POINT('',(-40.46854044145,2.028893623021,
    12.733419068275));
#15677 = VECTOR('',#15678,1.);
#15678 = DIRECTION('',(0.,0.361241666187,0.932472229404));
#15679 = PCURVE('',#15619,#15680);
#15680 = DEFINITIONAL_REPRESENTATION('',(#15681),#15685);
#15681 = LINE('',#15682,#15683);
#15682 = CARTESIAN_POINT('',(-5.551115123126E-17,-0.88245364056));
#15683 = VECTOR('',#15684,1.);
#15684 = DIRECTION('',(1.,0.));
#15685 = ( GEOMETRIC_REPRESENTATION_CONTEXT(2) 
PARAMETRIC_REPRESENTATION_CONTEXT() REPRESENTATION_CONTEXT('2D SPACE',''
  ) );
#15686 = PCURVE('',#15687,#15692);
#15687 = PLANE('',#15688);
#15688 = AXIS2_PLACEMENT_3D('',#15689,#15690,#15691);
#15689 = CARTESIAN_POINT('',(-40.46854044145,2.028893623021,
    12.733419068275));
#15690 = DIRECTION('',(-0.422618261741,0.845106842705,-0.327396135068));
#15691 = DIRECTION('',(0.,0.361241666187,0.932472229404));
#15692 = DEFINITIONAL_REPRESENTATION('',(#15693),#15697);
#15693 = LINE('',#15694,#15695);
#15694 = CARTESIAN_POINT('',(0.,0.));
#15695 = VECTOR('',#15696,1.);
#15696 = DIRECTION('',(1.,0.));
#15697 = ( GEOMETRIC_REPRESENTATION_CONTEXT(2) 
PARAMETRIC_REPRESENTATION_CONTEXT() REPRESENTATION_CONTEXT('2D SPACE',''
  ) );
#15698 = ORIENTED_EDGE('',*,*,#15699,.F.);
#15699 = EDGE_CURVE('',#15611,#15672,#15700,.T.);
#15700 = SURFACE_CURVE('',#15701,(#15705,#15712),.PCURVE_S1.);
#15701 = LINE('',#15702,#15703);
#15702 = CARTESIAN_POINT('',(-40.09559941781,12.270335127497,
    41.383586994279));
#15703 = VECTOR('',#15704,1.);
#15704 = DIRECTION('',(-0.422618261741,0.845106842705,-0.327396135068));
#15705 = PCURVE('',#15619,#15706);
#15706 = DEFINITIONAL_REPRESENTATION('',(#15707),#15711);
#15707 = LINE('',#15708,#15709);
#15708 = CARTESIAN_POINT('',(30.415121352005,-1.7763568394E-15));
#15709 = VECTOR('',#15710,1.);
#15710 = DIRECTION('',(0.,-1.));
#15711 = ( GEOMETRIC_REPRESENTATION_CONTEXT(2) 
PARAMETRIC_REPRESENTATION_CONTEXT() REPRESENTATION_CONTEXT('2D SPACE',''
  ) );
#15712 = PCURVE('',#15713,#15718);
#15713 = PLANE('',#15714);
#15714 = AXIS2_PLACEMENT_3D('',#15715,#15716,#15717);
#15715 = CARTESIAN_POINT('',(-40.09559941781,12.270335127497,
    41.383586994279));
#15716 = DIRECTION('',(0.,0.361241666187,0.932472229404));
#15717 = DIRECTION('',(0.906307787037,0.394079792712,-0.152667325032));
#15718 = DEFINITIONAL_REPRESENTATION('',(#15719),#15723);
#15719 = LINE('',#15720,#15721);
#15720 = CARTESIAN_POINT('',(0.,0.));
#15721 = VECTOR('',#15722,1.);
#15722 = DIRECTION('',(6.938893903907E-18,1.));
#15723 = ( GEOMETRIC_REPRESENTATION_CONTEXT(2) 
PARAMETRIC_REPRESENTATION_CONTEXT() REPRESENTATION_CONTEXT('2D SPACE',''
  ) );
#15724 = ADVANCED_FACE('',(#15725),#15631,.F.);
#15725 = FACE_BOUND('',#15726,.F.);
#15726 = EDGE_LOOP('',(#15727,#15757,#15778,#15779,#15802,#15828,#15863,
    #15893));
#15727 = ORIENTED_EDGE('',*,*,#15728,.F.);
#15728 = EDGE_CURVE('',#15729,#15731,#15733,.T.);
#15729 = VERTEX_POINT('',#15730);
#15730 = CARTESIAN_POINT('',(-26.76602264884,7.079078475518,
    10.776967033414));
#15731 = VERTEX_POINT('',#15732);
#15732 = CARTESIAN_POINT('',(-26.76602264884,18.066287590001,
    39.138223048123));
#15733 = SURFACE_CURVE('',#15734,(#15738,#15745),.PCURVE_S1.);
#15734 = LINE('',#15735,#15736);
#15735 = CARTESIAN_POINT('',(-26.76602264884,7.079078475518,
    10.776967033414));
#15736 = VECTOR('',#15737,1.);
#15737 = DIRECTION('',(0.,0.361241666187,0.932472229404));
#15738 = PCURVE('',#15631,#15739);
#15739 = DEFINITIONAL_REPRESENTATION('',(#15740),#15744);
#15740 = LINE('',#15741,#15742);
#15741 = CARTESIAN_POINT('',(4.440892098501E-16,14.707560676003));
#15742 = VECTOR('',#15743,1.);
#15743 = DIRECTION('',(1.,0.));
#15744 = ( GEOMETRIC_REPRESENTATION_CONTEXT(2) 
PARAMETRIC_REPRESENTATION_CONTEXT() REPRESENTATION_CONTEXT('2D SPACE',''
  ) );
#15745 = PCURVE('',#15746,#15751);
#15746 = PLANE('',#15747);
#15747 = AXIS2_PLACEMENT_3D('',#15748,#15749,#15750);
#15748 = CARTESIAN_POINT('',(-26.76602264884,7.079078475518,
    10.776967033414));
#15749 = DIRECTION('',(0.906307787037,0.394079792712,-0.152667325032));
#15750 = DIRECTION('',(0.,0.361241666187,0.932472229404));
#15751 = DEFINITIONAL_REPRESENTATION('',(#15752),#15756);
#15752 = LINE('',#15753,#15754);
#15753 = CARTESIAN_POINT('',(0.,0.));
#15754 = VECTOR('',#15755,1.);
#15755 = DIRECTION('',(1.,0.));
#15756 = ( GEOMETRIC_REPRESENTATION_CONTEXT(2) 
PARAMETRIC_REPRESENTATION_CONTEXT() REPRESENTATION_CONTEXT('2D SPACE',''
  ) );
#15757 = ORIENTED_EDGE('',*,*,#15758,.F.);
#15758 = EDGE_CURVE('',#15609,#15729,#15759,.T.);
#15759 = SURFACE_CURVE('',#15760,(#15764,#15771),.PCURVE_S1.);
#15760 = LINE('',#15761,#15762);
#15761 = CARTESIAN_POINT('',(-40.09559941781,1.283126013014,
    13.02233097957));
#15762 = VECTOR('',#15763,1.);
#15763 = DIRECTION('',(0.906307787037,0.394079792712,-0.152667325032));
#15764 = PCURVE('',#15631,#15765);
#15765 = DEFINITIONAL_REPRESENTATION('',(#15766),#15770);
#15766 = LINE('',#15767,#15768);
#15767 = CARTESIAN_POINT('',(0.,0.));
#15768 = VECTOR('',#15769,1.);
#15769 = DIRECTION('',(0.,1.));
#15770 = ( GEOMETRIC_REPRESENTATION_CONTEXT(2) 
PARAMETRIC_REPRESENTATION_CONTEXT() REPRESENTATION_CONTEXT('2D SPACE',''
  ) );
#15771 = PCURVE('',#15659,#15772);
#15772 = DEFINITIONAL_REPRESENTATION('',(#15773),#15777);
#15773 = LINE('',#15774,#15775);
#15774 = CARTESIAN_POINT('',(0.,0.));
#15775 = VECTOR('',#15776,1.);
#15776 = DIRECTION('',(1.,6.938893903907E-18));
#15777 = ( GEOMETRIC_REPRESENTATION_CONTEXT(2) 
PARAMETRIC_REPRESENTATION_CONTEXT() REPRESENTATION_CONTEXT('2D SPACE',''
  ) );
#15778 = ORIENTED_EDGE('',*,*,#15608,.T.);
#15779 = ORIENTED_EDGE('',*,*,#15780,.T.);
#15780 = EDGE_CURVE('',#15611,#15781,#15783,.T.);
#15781 = VERTEX_POINT('',#15782);
#15782 = CARTESIAN_POINT('',(-33.61728154514,15.087230448162,
    40.292315933304));
#15783 = SURFACE_CURVE('',#15784,(#15788,#15795),.PCURVE_S1.);
#15784 = LINE('',#15785,#15786);
#15785 = CARTESIAN_POINT('',(-40.09559941781,12.270335127497,
    41.383586994279));
#15786 = VECTOR('',#15787,1.);
#15787 = DIRECTION('',(0.906307787037,0.394079792712,-0.152667325032));
#15788 = PCURVE('',#15631,#15789);
#15789 = DEFINITIONAL_REPRESENTATION('',(#15790),#15794);
#15790 = LINE('',#15791,#15792);
#15791 = CARTESIAN_POINT('',(30.415121352005,0.));
#15792 = VECTOR('',#15793,1.);
#15793 = DIRECTION('',(0.,1.));
#15794 = ( GEOMETRIC_REPRESENTATION_CONTEXT(2) 
PARAMETRIC_REPRESENTATION_CONTEXT() REPRESENTATION_CONTEXT('2D SPACE',''
  ) );
#15795 = PCURVE('',#15713,#15796);
#15796 = DEFINITIONAL_REPRESENTATION('',(#15797),#15801);
#15797 = LINE('',#15798,#15799);
#15798 = CARTESIAN_POINT('',(0.,0.));
#15799 = VECTOR('',#15800,1.);
#15800 = DIRECTION('',(1.,6.938893903907E-18));
#15801 = ( GEOMETRIC_REPRESENTATION_CONTEXT(2) 
PARAMETRIC_REPRESENTATION_CONTEXT() REPRESENTATION_CONTEXT('2D SPACE',''
  ) );
#15802 = ORIENTED_EDGE('',*,*,#15803,.T.);
#15803 = EDGE_CURVE('',#15781,#15804,#15806,.T.);
#15804 = VERTEX_POINT('',#15805);
#15805 = CARTESIAN_POINT('',(-33.61728154514,14.21345994088,
    38.036854259923));
#15806 = SURFACE_CURVE('',#15807,(#15811,#15817),.PCURVE_S1.);
#15807 = LINE('',#15808,#15809);
#15808 = CARTESIAN_POINT('',(-33.61728154514,9.413005057827,
    25.645451811247));
#15809 = VECTOR('',#15810,1.);
#15810 = DIRECTION('',(0.,-0.361241666187,-0.932472229404));
#15811 = PCURVE('',#15631,#15812);
#15812 = DEFINITIONAL_REPRESENTATION('',(#15813),#15816);
#15813 = B_SPLINE_CURVE_WITH_KNOTS('',1,(#15814,#15815),.UNSPECIFIED.,
  .F.,.F.,(2,2),(-15.707560676,-13.207560676),.PIECEWISE_BEZIER_KNOTS.);
#15814 = CARTESIAN_POINT('',(30.415121352005,7.148032892721));
#15815 = CARTESIAN_POINT('',(27.915121352005,7.148032892721));
#15816 = ( GEOMETRIC_REPRESENTATION_CONTEXT(2) 
PARAMETRIC_REPRESENTATION_CONTEXT() REPRESENTATION_CONTEXT('2D SPACE',''
  ) );
#15817 = PCURVE('',#15818,#15823);
#15818 = PLANE('',#15819);
#15819 = AXIS2_PLACEMENT_3D('',#15820,#15821,#15822);
#15820 = CARTESIAN_POINT('',(-33.61728154514,15.179953497565,
    39.183976836148));
#15821 = DIRECTION('',(1.,0.,0.));
#15822 = DIRECTION('',(0.,0.361241666187,0.932472229404));
#15823 = DEFINITIONAL_REPRESENTATION('',(#15824),#15827);
#15824 = B_SPLINE_CURVE_WITH_KNOTS('',1,(#15825,#15826),.UNSPECIFIED.,
  .F.,.F.,(2,2),(-15.707560676,-13.207560676),.PIECEWISE_BEZIER_KNOTS.);
#15825 = CARTESIAN_POINT('',(1.,0.486839930751));
#15826 = CARTESIAN_POINT('',(-1.5,0.486839930751));
#15827 = ( GEOMETRIC_REPRESENTATION_CONTEXT(2) 
PARAMETRIC_REPRESENTATION_CONTEXT() REPRESENTATION_CONTEXT('2D SPACE',''
  ) );
#15828 = ORIENTED_EDGE('',*,*,#15829,.F.);
#15829 = EDGE_CURVE('',#15830,#15804,#15832,.T.);
#15830 = VERTEX_POINT('',#15831);
#15831 = CARTESIAN_POINT('',(-29.3564895637,16.578661841672,
    38.642114336868));
#15832 = SURFACE_CURVE('',#15833,(#15838,#15845),.PCURVE_S1.);
#15833 = ELLIPSE('',#15834,3.549302374729,1.5);
#15834 = AXIS2_PLACEMENT_3D('',#15835,#15836,#15837);
#15835 = CARTESIAN_POINT('',(-32.57324994447,15.179953497565,
    39.183976836148));
#15836 = DIRECTION('',(-0.422618261741,0.845106842705,-0.327396135068));
#15837 = DIRECTION('',(-0.906307787037,-0.394079792712,0.152667325032));
#15838 = PCURVE('',#15631,#15839);
#15839 = DEFINITIONAL_REPRESENTATION('',(#15840),#15844);
#15840 = ELLIPSE('',#15841,3.549302374729,1.5);
#15841 = AXIS2_PLACEMENT_2D('',#15842,#15843);
#15842 = CARTESIAN_POINT('',(29.415121352005,8.299994307606));
#15843 = DIRECTION('',(2.775557561563E-17,-1.));
#15844 = ( GEOMETRIC_REPRESENTATION_CONTEXT(2) 
PARAMETRIC_REPRESENTATION_CONTEXT() REPRESENTATION_CONTEXT('2D SPACE',''
  ) );
#15845 = PCURVE('',#15846,#15851);
#15846 = CYLINDRICAL_SURFACE('',#15847,1.5);
#15847 = AXIS2_PLACEMENT_3D('',#15848,#15849,#15850);
#15848 = CARTESIAN_POINT('',(-33.61728154514,15.179953497565,
    39.183976836148));
#15849 = DIRECTION('',(-1.,-0.,0.));
#15850 = DIRECTION('',(0.,0.932472229404,-0.361241666187));
#15851 = DEFINITIONAL_REPRESENTATION('',(#15852),#15862);
#15852 = B_SPLINE_CURVE_WITH_KNOTS('',8,(#15853,#15854,#15855,#15856,
    #15857,#15858,#15859,#15860,#15861),.UNSPECIFIED.,.F.,.F.,(9,9),(
    3.14159265359,5.042935637106),.PIECEWISE_BEZIER_KNOTS.);
#15853 = CARTESIAN_POINT('',(-6.28318530718,-4.26079198144));
#15854 = CARTESIAN_POINT('',(-6.04551743424,-4.26079198144));
#15855 = CARTESIAN_POINT('',(-5.807849561301,-4.053131704457));
#15856 = CARTESIAN_POINT('',(-5.570181688362,-3.637818874999));
#15857 = CARTESIAN_POINT('',(-5.332513815424,-3.039844771438));
#15858 = CARTESIAN_POINT('',(-5.094845942482,-2.309344507423));
#15859 = CARTESIAN_POINT('',(-4.857178069543,-1.513664959144));
#15860 = CARTESIAN_POINT('',(-4.619510196603,-0.72313272222));
#15861 = CARTESIAN_POINT('',(-4.381842323664,5.999999999062E-07));
#15862 = ( GEOMETRIC_REPRESENTATION_CONTEXT(2) 
PARAMETRIC_REPRESENTATION_CONTEXT() REPRESENTATION_CONTEXT('2D SPACE',''
  ) );
#15863 = ORIENTED_EDGE('',*,*,#15864,.F.);
#15864 = EDGE_CURVE('',#15865,#15830,#15867,.T.);
#15865 = VERTEX_POINT('',#15866);
#15866 = CARTESIAN_POINT('',(-30.17561831823,16.583730809792,
    39.712568604603));
#15867 = SURFACE_CURVE('',#15868,(#15873,#15880),.PCURVE_S1.);
#15868 = ELLIPSE('',#15869,3.549302374729,1.5);
#15869 = AXIS2_PLACEMENT_3D('',#15870,#15871,#15872);
#15870 = CARTESIAN_POINT('',(-32.57324994447,15.179953497565,
    39.183976836148));
#15871 = DIRECTION('',(-0.422618261741,0.845106842705,-0.327396135068));
#15872 = DIRECTION('',(-0.906307787037,-0.394079792712,0.152667325032));
#15873 = PCURVE('',#15631,#15874);
#15874 = DEFINITIONAL_REPRESENTATION('',(#15875),#15879);
#15875 = ELLIPSE('',#15876,3.549302374729,1.5);
#15876 = AXIS2_PLACEMENT_2D('',#15877,#15878);
#15877 = CARTESIAN_POINT('',(29.415121352005,8.299994307606));
#15878 = DIRECTION('',(2.775557561563E-17,-1.));
#15879 = ( GEOMETRIC_REPRESENTATION_CONTEXT(2) 
PARAMETRIC_REPRESENTATION_CONTEXT() REPRESENTATION_CONTEXT('2D SPACE',''
  ) );
#15880 = PCURVE('',#15846,#15881);
#15881 = DEFINITIONAL_REPRESENTATION('',(#15882),#15892);
#15882 = B_SPLINE_CURVE_WITH_KNOTS('',8,(#15883,#15884,#15885,#15886,
    #15887,#15888,#15889,#15890,#15891),.UNSPECIFIED.,.F.,.F.,(9,9),(
    1.240249670074,3.14159265359),.PIECEWISE_BEZIER_KNOTS.);
#15883 = CARTESIAN_POINT('',(-1.901342983516,5.999999999062E-07));
#15884 = CARTESIAN_POINT('',(-1.663675110576,-0.72313272222));
#15885 = CARTESIAN_POINT('',(-1.426007237637,-1.513664959146));
#15886 = CARTESIAN_POINT('',(-1.188339364694,-2.309344507416));
#15887 = CARTESIAN_POINT('',(-0.950671491763,-3.039844771471));
#15888 = CARTESIAN_POINT('',(-0.713003618818,-3.637818874988));
#15889 = CARTESIAN_POINT('',(-0.47533574588,-4.05313170446));
#15890 = CARTESIAN_POINT('',(-0.237667872939,-4.26079198144));
#15891 = CARTESIAN_POINT('',(0.,-4.26079198144));
#15892 = ( GEOMETRIC_REPRESENTATION_CONTEXT(2) 
PARAMETRIC_REPRESENTATION_CONTEXT() REPRESENTATION_CONTEXT('2D SPACE',''
  ) );
#15893 = ORIENTED_EDGE('',*,*,#15894,.T.);
#15894 = EDGE_CURVE('',#15865,#15731,#15895,.T.);
#15895 = SURFACE_CURVE('',#15896,(#15900,#15907),.PCURVE_S1.);
#15896 = LINE('',#15897,#15898);
#15897 = CARTESIAN_POINT('',(-40.09559941781,12.270335127497,
    41.383586994279));
#15898 = VECTOR('',#15899,1.);
#15899 = DIRECTION('',(0.906307787037,0.394079792712,-0.152667325032));
#15900 = PCURVE('',#15631,#15901);
#15901 = DEFINITIONAL_REPRESENTATION('',(#15902),#15906);
#15902 = LINE('',#15903,#15904);
#15903 = CARTESIAN_POINT('',(30.415121352005,0.));
#15904 = VECTOR('',#15905,1.);
#15905 = DIRECTION('',(0.,1.));
#15906 = ( GEOMETRIC_REPRESENTATION_CONTEXT(2) 
PARAMETRIC_REPRESENTATION_CONTEXT() REPRESENTATION_CONTEXT('2D SPACE',''
  ) );
#15907 = PCURVE('',#15908,#15913);
#15908 = PLANE('',#15909);
#15909 = AXIS2_PLACEMENT_3D('',#15910,#15911,#15912);
#15910 = CARTESIAN_POINT('',(-40.09559941781,12.270335127497,
    41.383586994279));
#15911 = DIRECTION('',(0.,0.361241666187,0.932472229404));
#15912 = DIRECTION('',(0.906307787037,0.394079792712,-0.152667325032));
#15913 = DEFINITIONAL_REPRESENTATION('',(#15914),#15918);
#15914 = LINE('',#15915,#15916);
#15915 = CARTESIAN_POINT('',(0.,0.));
#15916 = VECTOR('',#15917,1.);
#15917 = DIRECTION('',(1.,6.938893903907E-18));
#15918 = ( GEOMETRIC_REPRESENTATION_CONTEXT(2) 
PARAMETRIC_REPRESENTATION_CONTEXT() REPRESENTATION_CONTEXT('2D SPACE',''
  ) );
#15919 = ADVANCED_FACE('',(#15920),#15713,.T.);
#15920 = FACE_BOUND('',#15921,.T.);
#15921 = EDGE_LOOP('',(#15922,#15945,#15946,#15947));
#15922 = ORIENTED_EDGE('',*,*,#15923,.F.);
#15923 = EDGE_CURVE('',#15672,#15924,#15926,.T.);
#15924 = VERTEX_POINT('',#15925);
#15925 = CARTESIAN_POINT('',(-33.61728154514,15.995159879343,
    39.940582197802));
#15926 = SURFACE_CURVE('',#15927,(#15931,#15938),.PCURVE_S1.);
#15927 = LINE('',#15928,#15929);
#15928 = CARTESIAN_POINT('',(-40.46854044145,13.016102737504,
    41.094675082983));
#15929 = VECTOR('',#15930,1.);
#15930 = DIRECTION('',(0.906307787037,0.394079792712,-0.152667325032));
#15931 = PCURVE('',#15713,#15932);
#15932 = DEFINITIONAL_REPRESENTATION('',(#15933),#15937);
#15933 = LINE('',#15934,#15935);
#15934 = CARTESIAN_POINT('',(-2.733924198139E-15,0.88245364056));
#15935 = VECTOR('',#15936,1.);
#15936 = DIRECTION('',(1.,6.938893903907E-18));
#15937 = ( GEOMETRIC_REPRESENTATION_CONTEXT(2) 
PARAMETRIC_REPRESENTATION_CONTEXT() REPRESENTATION_CONTEXT('2D SPACE',''
  ) );
#15938 = PCURVE('',#15687,#15939);
#15939 = DEFINITIONAL_REPRESENTATION('',(#15940),#15944);
#15940 = LINE('',#15941,#15942);
#15941 = CARTESIAN_POINT('',(30.415121352005,0.));
#15942 = VECTOR('',#15943,1.);
#15943 = DIRECTION('',(0.,1.));
#15944 = ( GEOMETRIC_REPRESENTATION_CONTEXT(2) 
PARAMETRIC_REPRESENTATION_CONTEXT() REPRESENTATION_CONTEXT('2D SPACE',''
  ) );
#15945 = ORIENTED_EDGE('',*,*,#15699,.F.);
#15946 = ORIENTED_EDGE('',*,*,#15780,.T.);
#15947 = ORIENTED_EDGE('',*,*,#15948,.T.);
#15948 = EDGE_CURVE('',#15781,#15924,#15949,.T.);
#15949 = SURFACE_CURVE('',#15950,(#15954,#15960),.PCURVE_S1.);
#15950 = LINE('',#15951,#15952);
#15951 = CARTESIAN_POINT('',(-33.61728154514,13.905765145625,
    40.750018029916));
#15952 = VECTOR('',#15953,1.);
#15953 = DIRECTION('',(0.,0.932472229404,-0.361241666187));
#15954 = PCURVE('',#15713,#15955);
#15955 = DEFINITIONAL_REPRESENTATION('',(#15956),#15959);
#15956 = B_SPLINE_CURVE_WITH_KNOTS('',1,(#15957,#15958),.UNSPECIFIED.,
  .F.,.F.,(2,2),(1.267024652618,2.24070451412),
  .PIECEWISE_BEZIER_KNOTS.);
#15957 = CARTESIAN_POINT('',(7.148032892721,0.));
#15958 = CARTESIAN_POINT('',(7.559527783281,0.88245364056));
#15959 = ( GEOMETRIC_REPRESENTATION_CONTEXT(2) 
PARAMETRIC_REPRESENTATION_CONTEXT() REPRESENTATION_CONTEXT('2D SPACE',''
  ) );
#15960 = PCURVE('',#15818,#15961);
#15961 = DEFINITIONAL_REPRESENTATION('',(#15962),#15965);
#15962 = B_SPLINE_CURVE_WITH_KNOTS('',1,(#15963,#15964),.UNSPECIFIED.,
  .F.,.F.,(2,2),(1.267024652618,2.24070451412),
  .PIECEWISE_BEZIER_KNOTS.);
#15963 = CARTESIAN_POINT('',(1.,0.486839930751));
#15964 = CARTESIAN_POINT('',(1.,-0.486839930751));
#15965 = ( GEOMETRIC_REPRESENTATION_CONTEXT(2) 
PARAMETRIC_REPRESENTATION_CONTEXT() REPRESENTATION_CONTEXT('2D SPACE',''
  ) );
#15966 = ADVANCED_FACE('',(#15967),#15687,.T.);
#15967 = FACE_BOUND('',#15968,.T.);
#15968 = EDGE_LOOP('',(#15969,#15994,#16015,#16016,#16017,#16038,#16072,
    #16101));
#15969 = ORIENTED_EDGE('',*,*,#15970,.F.);
#15970 = EDGE_CURVE('',#15971,#15973,#15975,.T.);
#15971 = VERTEX_POINT('',#15972);
#15972 = CARTESIAN_POINT('',(-27.13896367248,7.824846085525,
    10.488055122119));
#15973 = VERTEX_POINT('',#15974);
#15974 = CARTESIAN_POINT('',(-27.13896367248,18.812055200007,
    38.849311136827));
#15975 = SURFACE_CURVE('',#15976,(#15980,#15987),.PCURVE_S1.);
#15976 = LINE('',#15977,#15978);
#15977 = CARTESIAN_POINT('',(-27.13896367248,7.824846085525,
    10.488055122119));
#15978 = VECTOR('',#15979,1.);
#15979 = DIRECTION('',(0.,0.361241666187,0.932472229404));
#15980 = PCURVE('',#15687,#15981);
#15981 = DEFINITIONAL_REPRESENTATION('',(#15982),#15986);
#15982 = LINE('',#15983,#15984);
#15983 = CARTESIAN_POINT('',(4.440892098501E-16,14.707560676003));
#15984 = VECTOR('',#15985,1.);
#15985 = DIRECTION('',(1.,0.));
#15986 = ( GEOMETRIC_REPRESENTATION_CONTEXT(2) 
PARAMETRIC_REPRESENTATION_CONTEXT() REPRESENTATION_CONTEXT('2D SPACE',''
  ) );
#15987 = PCURVE('',#15746,#15988);
#15988 = DEFINITIONAL_REPRESENTATION('',(#15989),#15993);
#15989 = LINE('',#15990,#15991);
#15990 = CARTESIAN_POINT('',(-5.551115123126E-17,-0.88245364056));
#15991 = VECTOR('',#15992,1.);
#15992 = DIRECTION('',(1.,0.));
#15993 = ( GEOMETRIC_REPRESENTATION_CONTEXT(2) 
PARAMETRIC_REPRESENTATION_CONTEXT() REPRESENTATION_CONTEXT('2D SPACE',''
  ) );
#15994 = ORIENTED_EDGE('',*,*,#15995,.F.);
#15995 = EDGE_CURVE('',#15644,#15971,#15996,.T.);
#15996 = SURFACE_CURVE('',#15997,(#16001,#16008),.PCURVE_S1.);
#15997 = LINE('',#15998,#15999);
#15998 = CARTESIAN_POINT('',(-40.46854044145,2.028893623021,
    12.733419068275));
#15999 = VECTOR('',#16000,1.);
#16000 = DIRECTION('',(0.906307787037,0.394079792712,-0.152667325032));
#16001 = PCURVE('',#15687,#16002);
#16002 = DEFINITIONAL_REPRESENTATION('',(#16003),#16007);
#16003 = LINE('',#16004,#16005);
#16004 = CARTESIAN_POINT('',(0.,0.));
#16005 = VECTOR('',#16006,1.);
#16006 = DIRECTION('',(0.,1.));
#16007 = ( GEOMETRIC_REPRESENTATION_CONTEXT(2) 
PARAMETRIC_REPRESENTATION_CONTEXT() REPRESENTATION_CONTEXT('2D SPACE',''
  ) );
#16008 = PCURVE('',#15659,#16009);
#16009 = DEFINITIONAL_REPRESENTATION('',(#16010),#16014);
#16010 = LINE('',#16011,#16012);
#16011 = CARTESIAN_POINT('',(-2.400857290752E-15,0.88245364056));
#16012 = VECTOR('',#16013,1.);
#16013 = DIRECTION('',(1.,6.938893903907E-18));
#16014 = ( GEOMETRIC_REPRESENTATION_CONTEXT(2) 
PARAMETRIC_REPRESENTATION_CONTEXT() REPRESENTATION_CONTEXT('2D SPACE',''
  ) );
#16015 = ORIENTED_EDGE('',*,*,#15671,.T.);
#16016 = ORIENTED_EDGE('',*,*,#15923,.T.);
#16017 = ORIENTED_EDGE('',*,*,#16018,.T.);
#16018 = EDGE_CURVE('',#15924,#16019,#16021,.T.);
#16019 = VERTEX_POINT('',#16020);
#16020 = CARTESIAN_POINT('',(-33.61728154514,15.121389372061,
    37.685120524421));
#16021 = SURFACE_CURVE('',#16022,(#16026,#16032),.PCURVE_S1.);
#16022 = LINE('',#16023,#16024);
#16023 = CARTESIAN_POINT('',(-33.61728154514,10.320934489008,
    25.293718075746));
#16024 = VECTOR('',#16025,1.);
#16025 = DIRECTION('',(0.,-0.361241666187,-0.932472229404));
#16026 = PCURVE('',#15687,#16027);
#16027 = DEFINITIONAL_REPRESENTATION('',(#16028),#16031);
#16028 = B_SPLINE_CURVE_WITH_KNOTS('',1,(#16029,#16030),.UNSPECIFIED.,
  .F.,.F.,(2,2),(-15.707560676,-13.207560676),.PIECEWISE_BEZIER_KNOTS.);
#16029 = CARTESIAN_POINT('',(30.415121352005,7.559527783281));
#16030 = CARTESIAN_POINT('',(27.915121352005,7.559527783281));
#16031 = ( GEOMETRIC_REPRESENTATION_CONTEXT(2) 
PARAMETRIC_REPRESENTATION_CONTEXT() REPRESENTATION_CONTEXT('2D SPACE',''
  ) );
#16032 = PCURVE('',#15818,#16033);
#16033 = DEFINITIONAL_REPRESENTATION('',(#16034),#16037);
#16034 = B_SPLINE_CURVE_WITH_KNOTS('',1,(#16035,#16036),.UNSPECIFIED.,
  .F.,.F.,(2,2),(-15.707560676,-13.207560676),.PIECEWISE_BEZIER_KNOTS.);
#16035 = CARTESIAN_POINT('',(1.,-0.486839930751));
#16036 = CARTESIAN_POINT('',(-1.5,-0.486839930751));
#16037 = ( GEOMETRIC_REPRESENTATION_CONTEXT(2) 
PARAMETRIC_REPRESENTATION_CONTEXT() REPRESENTATION_CONTEXT('2D SPACE',''
  ) );
#16038 = ORIENTED_EDGE('',*,*,#16039,.F.);
#16039 = EDGE_CURVE('',#16040,#16019,#16042,.T.);
#16040 = VERTEX_POINT('',#16041);
#16041 = CARTESIAN_POINT('',(-31.44455276506,16.578661841672,
    38.642114336868));
#16042 = SURFACE_CURVE('',#16043,(#16048,#16055),.PCURVE_S1.);
#16043 = ELLIPSE('',#16044,3.549302374729,1.5);
#16044 = AXIS2_PLACEMENT_3D('',#16045,#16046,#16047);
#16045 = CARTESIAN_POINT('',(-34.66131314582,15.179953497565,
    39.183976836148));
#16046 = DIRECTION('',(-0.422618261741,0.845106842705,-0.327396135068));
#16047 = DIRECTION('',(-0.906307787037,-0.394079792712,0.152667325032));
#16048 = PCURVE('',#15687,#16049);
#16049 = DEFINITIONAL_REPRESENTATION('',(#16050),#16054);
#16050 = ELLIPSE('',#16051,3.549302374729,1.5);
#16051 = AXIS2_PLACEMENT_2D('',#16052,#16053);
#16052 = CARTESIAN_POINT('',(29.415121352005,6.407566368396));
#16053 = DIRECTION('',(2.775557561563E-17,-1.));
#16054 = ( GEOMETRIC_REPRESENTATION_CONTEXT(2) 
PARAMETRIC_REPRESENTATION_CONTEXT() REPRESENTATION_CONTEXT('2D SPACE',''
  ) );
#16055 = PCURVE('',#16056,#16061);
#16056 = CYLINDRICAL_SURFACE('',#16057,1.5);
#16057 = AXIS2_PLACEMENT_3D('',#16058,#16059,#16060);
#16058 = CARTESIAN_POINT('',(-33.61728154514,15.179953497565,
    39.183976836148));
#16059 = DIRECTION('',(-1.,-0.,0.));
#16060 = DIRECTION('',(0.,0.932472229404,-0.361241666187));
#16061 = DEFINITIONAL_REPRESENTATION('',(#16062),#16071);
#16062 = B_SPLINE_CURVE_WITH_KNOTS('',7,(#16063,#16064,#16065,#16066,
    #16067,#16068,#16069,#16070),.UNSPECIFIED.,.F.,.F.,(8,8),(
    3.14159265359,4.38184271806),.PIECEWISE_BEZIER_KNOTS.);
#16063 = CARTESIAN_POINT('',(-6.28318530718,-2.172728780088));
#16064 = CARTESIAN_POINT('',(-6.106006726541,-2.172728780088));
#16065 = CARTESIAN_POINT('',(-5.928828145902,-2.054916646473));
#16066 = CARTESIAN_POINT('',(-5.751649565263,-1.819297034843));
#16067 = CARTESIAN_POINT('',(-5.574470984625,-1.474912375582));
#16068 = CARTESIAN_POINT('',(-5.397292403986,-1.039936753646));
#16069 = CARTESIAN_POINT('',(-5.220113823348,-0.539086788624));
#16070 = CARTESIAN_POINT('',(-5.042935242709,5.999999999062E-07));
#16071 = ( GEOMETRIC_REPRESENTATION_CONTEXT(2) 
PARAMETRIC_REPRESENTATION_CONTEXT() REPRESENTATION_CONTEXT('2D SPACE',''
  ) );
#16072 = ORIENTED_EDGE('',*,*,#16073,.F.);
#16073 = EDGE_CURVE('',#16074,#16040,#16076,.T.);
#16074 = VERTEX_POINT('',#16075);
#16075 = CARTESIAN_POINT('',(-32.26368151958,16.583730809792,
    39.712568604603));
#16076 = SURFACE_CURVE('',#16077,(#16082,#16089),.PCURVE_S1.);
#16077 = ELLIPSE('',#16078,3.549302374729,1.5);
#16078 = AXIS2_PLACEMENT_3D('',#16079,#16080,#16081);
#16079 = CARTESIAN_POINT('',(-34.66131314582,15.179953497565,
    39.183976836148));
#16080 = DIRECTION('',(-0.422618261741,0.845106842705,-0.327396135068));
#16081 = DIRECTION('',(-0.906307787037,-0.394079792712,0.152667325032));
#16082 = PCURVE('',#15687,#16083);
#16083 = DEFINITIONAL_REPRESENTATION('',(#16084),#16088);
#16084 = ELLIPSE('',#16085,3.549302374729,1.5);
#16085 = AXIS2_PLACEMENT_2D('',#16086,#16087);
#16086 = CARTESIAN_POINT('',(29.415121352005,6.407566368396));
#16087 = DIRECTION('',(2.775557561563E-17,-1.));
#16088 = ( GEOMETRIC_REPRESENTATION_CONTEXT(2) 
PARAMETRIC_REPRESENTATION_CONTEXT() REPRESENTATION_CONTEXT('2D SPACE',''
  ) );
#16089 = PCURVE('',#15846,#16090);
#16090 = DEFINITIONAL_REPRESENTATION('',(#16091),#16100);
#16091 = B_SPLINE_CURVE_WITH_KNOTS('',7,(#16092,#16093,#16094,#16095,
    #16096,#16097,#16098,#16099),.UNSPECIFIED.,.F.,.F.,(8,8),(
    1.901342589119,3.14159265359),.PIECEWISE_BEZIER_KNOTS.);
#16092 = CARTESIAN_POINT('',(-1.240250064471,5.999999928008E-07));
#16093 = CARTESIAN_POINT('',(-1.063071483832,-0.539086788624));
#16094 = CARTESIAN_POINT('',(-0.885892903193,-1.039936753646));
#16095 = CARTESIAN_POINT('',(-0.708714322554,-1.474912375583));
#16096 = CARTESIAN_POINT('',(-0.531535741916,-1.819297034843));
#16097 = CARTESIAN_POINT('',(-0.354357161277,-2.054916646473));
#16098 = CARTESIAN_POINT('',(-0.177178580639,-2.172728780088));
#16099 = CARTESIAN_POINT('',(0.,-2.172728780088));
#16100 = ( GEOMETRIC_REPRESENTATION_CONTEXT(2) 
PARAMETRIC_REPRESENTATION_CONTEXT() REPRESENTATION_CONTEXT('2D SPACE',''
  ) );
#16101 = ORIENTED_EDGE('',*,*,#16102,.T.);
#16102 = EDGE_CURVE('',#16074,#15973,#16103,.T.);
#16103 = SURFACE_CURVE('',#16104,(#16108,#16115),.PCURVE_S1.);
#16104 = LINE('',#16105,#16106);
#16105 = CARTESIAN_POINT('',(-40.46854044145,13.016102737504,
    41.094675082983));
#16106 = VECTOR('',#16107,1.);
#16107 = DIRECTION('',(0.906307787037,0.394079792712,-0.152667325032));
#16108 = PCURVE('',#15687,#16109);
#16109 = DEFINITIONAL_REPRESENTATION('',(#16110),#16114);
#16110 = LINE('',#16111,#16112);
#16111 = CARTESIAN_POINT('',(30.415121352005,0.));
#16112 = VECTOR('',#16113,1.);
#16113 = DIRECTION('',(0.,1.));
#16114 = ( GEOMETRIC_REPRESENTATION_CONTEXT(2) 
PARAMETRIC_REPRESENTATION_CONTEXT() REPRESENTATION_CONTEXT('2D SPACE',''
  ) );
#16115 = PCURVE('',#15908,#16116);
#16116 = DEFINITIONAL_REPRESENTATION('',(#16117),#16121);
#16117 = LINE('',#16118,#16119);
#16118 = CARTESIAN_POINT('',(-2.733924198139E-15,0.88245364056));
#16119 = VECTOR('',#16120,1.);
#16120 = DIRECTION('',(1.,6.938893903907E-18));
#16121 = ( GEOMETRIC_REPRESENTATION_CONTEXT(2) 
PARAMETRIC_REPRESENTATION_CONTEXT() REPRESENTATION_CONTEXT('2D SPACE',''
  ) );
#16122 = ADVANCED_FACE('',(#16123),#15659,.F.);
#16123 = FACE_BOUND('',#16124,.F.);
#16124 = EDGE_LOOP('',(#16125,#16126,#16127,#16148));
#16125 = ORIENTED_EDGE('',*,*,#15643,.F.);
#16126 = ORIENTED_EDGE('',*,*,#15758,.T.);
#16127 = ORIENTED_EDGE('',*,*,#16128,.T.);
#16128 = EDGE_CURVE('',#15729,#15971,#16129,.T.);
#16129 = SURFACE_CURVE('',#16130,(#16134,#16141),.PCURVE_S1.);
#16130 = LINE('',#16131,#16132);
#16131 = CARTESIAN_POINT('',(-26.76602264884,7.079078475518,
    10.776967033414));
#16132 = VECTOR('',#16133,1.);
#16133 = DIRECTION('',(-0.422618261741,0.845106842705,-0.327396135068));
#16134 = PCURVE('',#15659,#16135);
#16135 = DEFINITIONAL_REPRESENTATION('',(#16136),#16140);
#16136 = LINE('',#16137,#16138);
#16137 = CARTESIAN_POINT('',(14.707560676003,-3.330669073875E-16));
#16138 = VECTOR('',#16139,1.);
#16139 = DIRECTION('',(6.938893903907E-18,1.));
#16140 = ( GEOMETRIC_REPRESENTATION_CONTEXT(2) 
PARAMETRIC_REPRESENTATION_CONTEXT() REPRESENTATION_CONTEXT('2D SPACE',''
  ) );
#16141 = PCURVE('',#15746,#16142);
#16142 = DEFINITIONAL_REPRESENTATION('',(#16143),#16147);
#16143 = LINE('',#16144,#16145);
#16144 = CARTESIAN_POINT('',(0.,0.));
#16145 = VECTOR('',#16146,1.);
#16146 = DIRECTION('',(0.,-1.));
#16147 = ( GEOMETRIC_REPRESENTATION_CONTEXT(2) 
PARAMETRIC_REPRESENTATION_CONTEXT() REPRESENTATION_CONTEXT('2D SPACE',''
  ) );
#16148 = ORIENTED_EDGE('',*,*,#15995,.F.);
#16149 = ADVANCED_FACE('',(#16150),#15746,.T.);
#16150 = FACE_BOUND('',#16151,.T.);
#16151 = EDGE_LOOP('',(#16152,#16153,#16154,#16155));
#16152 = ORIENTED_EDGE('',*,*,#15728,.F.);
#16153 = ORIENTED_EDGE('',*,*,#16128,.T.);
#16154 = ORIENTED_EDGE('',*,*,#15970,.T.);
#16155 = ORIENTED_EDGE('',*,*,#16156,.F.);
#16156 = EDGE_CURVE('',#15731,#15973,#16157,.T.);
#16157 = SURFACE_CURVE('',#16158,(#16162,#16169),.PCURVE_S1.);
#16158 = LINE('',#16159,#16160);
#16159 = CARTESIAN_POINT('',(-26.76602264884,18.066287590001,
    39.138223048123));
#16160 = VECTOR('',#16161,1.);
#16161 = DIRECTION('',(-0.422618261741,0.845106842705,-0.327396135068));
#16162 = PCURVE('',#15746,#16163);
#16163 = DEFINITIONAL_REPRESENTATION('',(#16164),#16168);
#16164 = LINE('',#16165,#16166);
#16165 = CARTESIAN_POINT('',(30.415121352005,-3.552713678801E-15));
#16166 = VECTOR('',#16167,1.);
#16167 = DIRECTION('',(0.,-1.));
#16168 = ( GEOMETRIC_REPRESENTATION_CONTEXT(2) 
PARAMETRIC_REPRESENTATION_CONTEXT() REPRESENTATION_CONTEXT('2D SPACE',''
  ) );
#16169 = PCURVE('',#15908,#16170);
#16170 = DEFINITIONAL_REPRESENTATION('',(#16171),#16175);
#16171 = LINE('',#16172,#16173);
#16172 = CARTESIAN_POINT('',(14.707560676003,1.665334536938E-15));
#16173 = VECTOR('',#16174,1.);
#16174 = DIRECTION('',(6.938893903907E-18,1.));
#16175 = ( GEOMETRIC_REPRESENTATION_CONTEXT(2) 
PARAMETRIC_REPRESENTATION_CONTEXT() REPRESENTATION_CONTEXT('2D SPACE',''
  ) );
#16176 = ADVANCED_FACE('',(#16177),#15908,.T.);
#16177 = FACE_BOUND('',#16178,.T.);
#16178 = EDGE_LOOP('',(#16179,#16180,#16199,#16200));
#16179 = ORIENTED_EDGE('',*,*,#16102,.F.);
#16180 = ORIENTED_EDGE('',*,*,#16181,.F.);
#16181 = EDGE_CURVE('',#15865,#16074,#16182,.T.);
#16182 = SURFACE_CURVE('',#16183,(#16187,#16193),.PCURVE_S1.);
#16183 = LINE('',#16184,#16185);
#16184 = CARTESIAN_POINT('',(-33.61728154514,16.583730809792,
    39.712568604603));
#16185 = VECTOR('',#16186,1.);
#16186 = DIRECTION('',(-1.,-0.,0.));
#16187 = PCURVE('',#15908,#16188);
#16188 = DEFINITIONAL_REPRESENTATION('',(#16189),#16192);
#16189 = B_SPLINE_CURVE_WITH_KNOTS('',1,(#16190,#16191),.UNSPECIFIED.,
  .F.,.F.,(2,2),(-3.65046954705,-1.144793705428),
  .PIECEWISE_BEZIER_KNOTS.);
#16190 = CARTESIAN_POINT('',(11.134730895726,-8.824536405599E-02));
#16191 = CARTESIAN_POINT('',(8.863817368674,0.970699004616));
#16192 = ( GEOMETRIC_REPRESENTATION_CONTEXT(2) 
PARAMETRIC_REPRESENTATION_CONTEXT() REPRESENTATION_CONTEXT('2D SPACE',''
  ) );
#16193 = PCURVE('',#15846,#16194);
#16194 = DEFINITIONAL_REPRESENTATION('',(#16195),#16198);
#16195 = B_SPLINE_CURVE_WITH_KNOTS('',1,(#16196,#16197),.UNSPECIFIED.,
  .F.,.F.,(2,2),(-3.65046954705,-1.144793705428),
  .PIECEWISE_BEZIER_KNOTS.);
#16196 = CARTESIAN_POINT('',(-0.729727656227,-3.65046954705));
#16197 = CARTESIAN_POINT('',(-0.729727656227,-1.144793705428));
#16198 = ( GEOMETRIC_REPRESENTATION_CONTEXT(2) 
PARAMETRIC_REPRESENTATION_CONTEXT() REPRESENTATION_CONTEXT('2D SPACE',''
  ) );
#16199 = ORIENTED_EDGE('',*,*,#15894,.T.);
#16200 = ORIENTED_EDGE('',*,*,#16156,.T.);
#16201 = ADVANCED_FACE('',(#16202),#15846,.T.);
#16202 = FACE_BOUND('',#16203,.F.);
#16203 = EDGE_LOOP('',(#16204,#16228,#16249,#16250,#16251,#16252,#16275,
    #16302,#16303));
#16204 = ORIENTED_EDGE('',*,*,#16205,.F.);
#16205 = EDGE_CURVE('',#16206,#15804,#16208,.T.);
#16206 = VERTEX_POINT('',#16207);
#16207 = CARTESIAN_POINT('',(-33.61728154514,16.578661841672,
    38.642114336868));
#16208 = SURFACE_CURVE('',#16209,(#16214,#16221),.PCURVE_S1.);
#16209 = CIRCLE('',#16210,1.5);
#16210 = AXIS2_PLACEMENT_3D('',#16211,#16212,#16213);
#16211 = CARTESIAN_POINT('',(-33.61728154514,15.179953497565,
    39.183976836148));
#16212 = DIRECTION('',(1.,-0.,0.));
#16213 = DIRECTION('',(0.,0.932472229404,-0.361241666187));
#16214 = PCURVE('',#15846,#16215);
#16215 = DEFINITIONAL_REPRESENTATION('',(#16216),#16220);
#16216 = LINE('',#16217,#16218);
#16217 = CARTESIAN_POINT('',(-0.,0.));
#16218 = VECTOR('',#16219,1.);
#16219 = DIRECTION('',(-1.,0.));
#16220 = ( GEOMETRIC_REPRESENTATION_CONTEXT(2) 
PARAMETRIC_REPRESENTATION_CONTEXT() REPRESENTATION_CONTEXT('2D SPACE',''
  ) );
#16221 = PCURVE('',#15818,#16222);
#16222 = DEFINITIONAL_REPRESENTATION('',(#16223),#16227);
#16223 = CIRCLE('',#16224,1.5);
#16224 = AXIS2_PLACEMENT_2D('',#16225,#16226);
#16225 = CARTESIAN_POINT('',(0.,0.));
#16226 = DIRECTION('',(0.,-1.));
#16227 = ( GEOMETRIC_REPRESENTATION_CONTEXT(2) 
PARAMETRIC_REPRESENTATION_CONTEXT() REPRESENTATION_CONTEXT('2D SPACE',''
  ) );
#16228 = ORIENTED_EDGE('',*,*,#16229,.T.);
#16229 = EDGE_CURVE('',#16206,#16040,#16230,.T.);
#16230 = SURFACE_CURVE('',#16231,(#16235,#16242),.PCURVE_S1.);
#16231 = LINE('',#16232,#16233);
#16232 = CARTESIAN_POINT('',(-33.61728154514,16.578661841672,
    38.642114336868));
#16233 = VECTOR('',#16234,1.);
#16234 = DIRECTION('',(1.,0.,0.));
#16235 = PCURVE('',#15846,#16236);
#16236 = DEFINITIONAL_REPRESENTATION('',(#16237),#16241);
#16237 = LINE('',#16238,#16239);
#16238 = CARTESIAN_POINT('',(-0.,0.));
#16239 = VECTOR('',#16240,1.);
#16240 = DIRECTION('',(-0.,-1.));
#16241 = ( GEOMETRIC_REPRESENTATION_CONTEXT(2) 
PARAMETRIC_REPRESENTATION_CONTEXT() REPRESENTATION_CONTEXT('2D SPACE',''
  ) );
#16242 = PCURVE('',#16056,#16243);
#16243 = DEFINITIONAL_REPRESENTATION('',(#16244),#16248);
#16244 = LINE('',#16245,#16246);
#16245 = CARTESIAN_POINT('',(-6.28318530718,0.));
#16246 = VECTOR('',#16247,1.);
#16247 = DIRECTION('',(-0.,-1.));
#16248 = ( GEOMETRIC_REPRESENTATION_CONTEXT(2) 
PARAMETRIC_REPRESENTATION_CONTEXT() REPRESENTATION_CONTEXT('2D SPACE',''
  ) );
#16249 = ORIENTED_EDGE('',*,*,#16073,.F.);
#16250 = ORIENTED_EDGE('',*,*,#16181,.F.);
#16251 = ORIENTED_EDGE('',*,*,#15864,.T.);
#16252 = ORIENTED_EDGE('',*,*,#16253,.T.);
#16253 = EDGE_CURVE('',#15830,#16254,#16256,.T.);
#16254 = VERTEX_POINT('',#16255);
#16255 = CARTESIAN_POINT('',(-23.61728154514,16.578661841672,
    38.642114336868));
#16256 = SEAM_CURVE('',#16257,(#16261,#16268),.PCURVE_S1.);
#16257 = LINE('',#16258,#16259);
#16258 = CARTESIAN_POINT('',(-33.61728154514,16.578661841672,
    38.642114336868));
#16259 = VECTOR('',#16260,1.);
#16260 = DIRECTION('',(1.,0.,0.));
#16261 = PCURVE('',#15846,#16262);
#16262 = DEFINITIONAL_REPRESENTATION('',(#16263),#16267);
#16263 = LINE('',#16264,#16265);
#16264 = CARTESIAN_POINT('',(-0.,0.));
#16265 = VECTOR('',#16266,1.);
#16266 = DIRECTION('',(-0.,-1.));
#16267 = ( GEOMETRIC_REPRESENTATION_CONTEXT(2) 
PARAMETRIC_REPRESENTATION_CONTEXT() REPRESENTATION_CONTEXT('2D SPACE',''
  ) );
#16268 = PCURVE('',#15846,#16269);
#16269 = DEFINITIONAL_REPRESENTATION('',(#16270),#16274);
#16270 = LINE('',#16271,#16272);
#16271 = CARTESIAN_POINT('',(-6.28318530718,0.));
#16272 = VECTOR('',#16273,1.);
#16273 = DIRECTION('',(-0.,-1.));
#16274 = ( GEOMETRIC_REPRESENTATION_CONTEXT(2) 
PARAMETRIC_REPRESENTATION_CONTEXT() REPRESENTATION_CONTEXT('2D SPACE',''
  ) );
#16275 = ORIENTED_EDGE('',*,*,#16276,.T.);
#16276 = EDGE_CURVE('',#16254,#16254,#16277,.T.);
#16277 = SURFACE_CURVE('',#16278,(#16283,#16290),.PCURVE_S1.);
#16278 = CIRCLE('',#16279,1.5);
#16279 = AXIS2_PLACEMENT_3D('',#16280,#16281,#16282);
#16280 = CARTESIAN_POINT('',(-23.61728154514,15.179953497565,
    39.183976836148));
#16281 = DIRECTION('',(1.,-0.,0.));
#16282 = DIRECTION('',(0.,0.932472229404,-0.361241666187));
#16283 = PCURVE('',#15846,#16284);
#16284 = DEFINITIONAL_REPRESENTATION('',(#16285),#16289);
#16285 = LINE('',#16286,#16287);
#16286 = CARTESIAN_POINT('',(-0.,-10.));
#16287 = VECTOR('',#16288,1.);
#16288 = DIRECTION('',(-1.,0.));
#16289 = ( GEOMETRIC_REPRESENTATION_CONTEXT(2) 
PARAMETRIC_REPRESENTATION_CONTEXT() REPRESENTATION_CONTEXT('2D SPACE',''
  ) );
#16290 = PCURVE('',#16291,#16296);
#16291 = PLANE('',#16292);
#16292 = AXIS2_PLACEMENT_3D('',#16293,#16294,#16295);
#16293 = CARTESIAN_POINT('',(-23.61728154514,15.179953497565,
    39.183976836148));
#16294 = DIRECTION('',(1.,0.,0.));
#16295 = DIRECTION('',(0.,0.361241666187,0.932472229404));
#16296 = DEFINITIONAL_REPRESENTATION('',(#16297),#16301);
#16297 = CIRCLE('',#16298,1.5);
#16298 = AXIS2_PLACEMENT_2D('',#16299,#16300);
#16299 = CARTESIAN_POINT('',(0.,0.));
#16300 = DIRECTION('',(0.,-1.));
#16301 = ( GEOMETRIC_REPRESENTATION_CONTEXT(2) 
PARAMETRIC_REPRESENTATION_CONTEXT() REPRESENTATION_CONTEXT('2D SPACE',''
  ) );
#16302 = ORIENTED_EDGE('',*,*,#16253,.F.);
#16303 = ORIENTED_EDGE('',*,*,#15829,.T.);
#16304 = ADVANCED_FACE('',(#16305),#15818,.F.);
#16305 = FACE_BOUND('',#16306,.F.);
#16306 = EDGE_LOOP('',(#16307,#16329,#16330,#16331,#16332));
#16307 = ORIENTED_EDGE('',*,*,#16308,.T.);
#16308 = EDGE_CURVE('',#16019,#16206,#16309,.T.);
#16309 = SURFACE_CURVE('',#16310,(#16315,#16322),.PCURVE_S1.);
#16310 = CIRCLE('',#16311,1.5);
#16311 = AXIS2_PLACEMENT_3D('',#16312,#16313,#16314);
#16312 = CARTESIAN_POINT('',(-33.61728154514,15.179953497565,
    39.183976836148));
#16313 = DIRECTION('',(1.,-0.,0.));
#16314 = DIRECTION('',(0.,0.932472229404,-0.361241666187));
#16315 = PCURVE('',#15818,#16316);
#16316 = DEFINITIONAL_REPRESENTATION('',(#16317),#16321);
#16317 = CIRCLE('',#16318,1.5);
#16318 = AXIS2_PLACEMENT_2D('',#16319,#16320);
#16319 = CARTESIAN_POINT('',(0.,0.));
#16320 = DIRECTION('',(0.,-1.));
#16321 = ( GEOMETRIC_REPRESENTATION_CONTEXT(2) 
PARAMETRIC_REPRESENTATION_CONTEXT() REPRESENTATION_CONTEXT('2D SPACE',''
  ) );
#16322 = PCURVE('',#16056,#16323);
#16323 = DEFINITIONAL_REPRESENTATION('',(#16324),#16328);
#16324 = LINE('',#16325,#16326);
#16325 = CARTESIAN_POINT('',(-0.,0.));
#16326 = VECTOR('',#16327,1.);
#16327 = DIRECTION('',(-1.,0.));
#16328 = ( GEOMETRIC_REPRESENTATION_CONTEXT(2) 
PARAMETRIC_REPRESENTATION_CONTEXT() REPRESENTATION_CONTEXT('2D SPACE',''
  ) );
#16329 = ORIENTED_EDGE('',*,*,#16205,.T.);
#16330 = ORIENTED_EDGE('',*,*,#15803,.F.);
#16331 = ORIENTED_EDGE('',*,*,#15948,.T.);
#16332 = ORIENTED_EDGE('',*,*,#16018,.T.);
#16333 = ADVANCED_FACE('',(#16334),#16056,.T.);
#16334 = FACE_BOUND('',#16335,.F.);
#16335 = EDGE_LOOP('',(#16336,#16337,#16338));
#16336 = ORIENTED_EDGE('',*,*,#16308,.F.);
#16337 = ORIENTED_EDGE('',*,*,#16039,.F.);
#16338 = ORIENTED_EDGE('',*,*,#16229,.F.);
#16339 = ADVANCED_FACE('',(#16340),#16291,.T.);
#16340 = FACE_BOUND('',#16341,.T.);
#16341 = EDGE_LOOP('',(#16342));
#16342 = ORIENTED_EDGE('',*,*,#16276,.T.);
#16343 = ( GEOMETRIC_REPRESENTATION_CONTEXT(3) 
GLOBAL_UNCERTAINTY_ASSIGNED_CONTEXT((#16347)) 
GLOBAL_UNIT_ASSIGNED_CONTEXT((#16344,#16345,#16346)) 
REPRESENTATION_CONTEXT('Context #1',
  '3D Context with UNIT and UNCERTAINTY') );
#16344 = ( LENGTH_UNIT() NAMED_UNIT(*) SI_UNIT(.MILLI.,.METRE.) );
#16345 = ( NAMED_UNIT(*) PLANE_ANGLE_UNIT() SI_UNIT($,.RADIAN.) );
#16346 = ( NAMED_UNIT(*) SI_UNIT($,.STERADIAN.) SOLID_ANGLE_UNIT() );
#16347 = UNCERTAINTY_MEASURE_WITH_UNIT(LENGTH_MEASURE(1.E-07),#16344,
  'distance_accuracy_value','confusion accuracy');
#16348 = CONTEXT_DEPENDENT_SHAPE_REPRESENTATION(#16349,#16351);
#16349 = ( REPRESENTATION_RELATIONSHIP('','',#3745,#10) 
REPRESENTATION_RELATIONSHIP_WITH_TRANSFORMATION(#16350) 
SHAPE_REPRESENTATION_RELATIONSHIP() );
#16350 = ITEM_DEFINED_TRANSFORMATION('','',#11,#19);
#16351 = PRODUCT_DEFINITION_SHAPE('Placement','Placement of an item',
  #16352);
#16352 = NEXT_ASSEMBLY_USAGE_OCCURRENCE('19','igv_vanes','',#5,#3740,$);
#16353 = PRODUCT_RELATED_PRODUCT_CATEGORY('part',$,(#3742));
#16354 = SHAPE_DEFINITION_REPRESENTATION(#16355,#16361);
#16355 = PRODUCT_DEFINITION_SHAPE('','',#16356);
#16356 = PRODUCT_DEFINITION('design','',#16357,#16360);
#16357 = PRODUCT_DEFINITION_FORMATION('','',#16358);
#16358 = PRODUCT('igv_hub_bullet','igv_hub_bullet','',(#16359));
#16359 = PRODUCT_CONTEXT('',#2,'mechanical');
#16360 = PRODUCT_DEFINITION_CONTEXT('part definition',#2,'design');
#16361 = ADVANCED_BREP_SHAPE_REPRESENTATION('',(#11,#16362),#16460);
#16362 = MANIFOLD_SOLID_BREP('',#16363);
#16363 = CLOSED_SHELL('',(#16364,#16452,#16456));
#16364 = ADVANCED_FACE('',(#16365),#16379,.T.);
#16365 = FACE_BOUND('',#16366,.F.);
#16366 = EDGE_LOOP('',(#16367,#16397,#16424,#16425));
#16367 = ORIENTED_EDGE('',*,*,#16368,.T.);
#16368 = EDGE_CURVE('',#16369,#16371,#16373,.T.);
#16369 = VERTEX_POINT('',#16370);
#16370 = CARTESIAN_POINT('',(-48.32484222115,12.606480579431,0.));
#16371 = VERTEX_POINT('',#16372);
#16372 = CARTESIAN_POINT('',(-18.90972086914,12.606480579431,0.));
#16373 = SEAM_CURVE('',#16374,(#16378,#16390),.PCURVE_S1.);
#16374 = LINE('',#16375,#16376);
#16375 = CARTESIAN_POINT('',(-48.32484222115,12.606480579431,0.));
#16376 = VECTOR('',#16377,1.);
#16377 = DIRECTION('',(1.,0.,0.));
#16378 = PCURVE('',#16379,#16384);
#16379 = CYLINDRICAL_SURFACE('',#16380,12.606480579431);
#16380 = AXIS2_PLACEMENT_3D('',#16381,#16382,#16383);
#16381 = CARTESIAN_POINT('',(-48.32484222115,0.,0.));
#16382 = DIRECTION('',(-1.,-0.,-0.));
#16383 = DIRECTION('',(0.,1.,0.));
#16384 = DEFINITIONAL_REPRESENTATION('',(#16385),#16389);
#16385 = LINE('',#16386,#16387);
#16386 = CARTESIAN_POINT('',(-0.,0.));
#16387 = VECTOR('',#16388,1.);
#16388 = DIRECTION('',(-0.,-1.));
#16389 = ( GEOMETRIC_REPRESENTATION_CONTEXT(2) 
PARAMETRIC_REPRESENTATION_CONTEXT() REPRESENTATION_CONTEXT('2D SPACE',''
  ) );
#16390 = PCURVE('',#16379,#16391);
#16391 = DEFINITIONAL_REPRESENTATION('',(#16392),#16396);
#16392 = LINE('',#16393,#16394);
#16393 = CARTESIAN_POINT('',(-6.28318530718,0.));
#16394 = VECTOR('',#16395,1.);
#16395 = DIRECTION('',(-0.,-1.));
#16396 = ( GEOMETRIC_REPRESENTATION_CONTEXT(2) 
PARAMETRIC_REPRESENTATION_CONTEXT() REPRESENTATION_CONTEXT('2D SPACE',''
  ) );
#16397 = ORIENTED_EDGE('',*,*,#16398,.T.);
#16398 = EDGE_CURVE('',#16371,#16371,#16399,.T.);
#16399 = SURFACE_CURVE('',#16400,(#16405,#16412),.PCURVE_S1.);
#16400 = CIRCLE('',#16401,12.606480579431);
#16401 = AXIS2_PLACEMENT_3D('',#16402,#16403,#16404);
#16402 = CARTESIAN_POINT('',(-18.90972086914,0.,0.));
#16403 = DIRECTION('',(1.,0.,0.));
#16404 = DIRECTION('',(0.,1.,0.));
#16405 = PCURVE('',#16379,#16406);
#16406 = DEFINITIONAL_REPRESENTATION('',(#16407),#16411);
#16407 = LINE('',#16408,#16409);
#16408 = CARTESIAN_POINT('',(-0.,-29.415121352));
#16409 = VECTOR('',#16410,1.);
#16410 = DIRECTION('',(-1.,0.));
#16411 = ( GEOMETRIC_REPRESENTATION_CONTEXT(2) 
PARAMETRIC_REPRESENTATION_CONTEXT() REPRESENTATION_CONTEXT('2D SPACE',''
  ) );
#16412 = PCURVE('',#16413,#16418);
#16413 = PLANE('',#16414);
#16414 = AXIS2_PLACEMENT_3D('',#16415,#16416,#16417);
#16415 = CARTESIAN_POINT('',(-18.90972086914,-8.677696357352E-16,
    3.531534327314E-16));
#16416 = DIRECTION('',(1.,0.,0.));
#16417 = DIRECTION('',(-0.,0.,1.));
#16418 = DEFINITIONAL_REPRESENTATION('',(#16419),#16423);
#16419 = CIRCLE('',#16420,12.606480579431);
#16420 = AXIS2_PLACEMENT_2D('',#16421,#16422);
#16421 = CARTESIAN_POINT('',(-3.531534327314E-16,-8.677696357352E-16));
#16422 = DIRECTION('',(0.,-1.));
#16423 = ( GEOMETRIC_REPRESENTATION_CONTEXT(2) 
PARAMETRIC_REPRESENTATION_CONTEXT() REPRESENTATION_CONTEXT('2D SPACE',''
  ) );
#16424 = ORIENTED_EDGE('',*,*,#16368,.F.);
#16425 = ORIENTED_EDGE('',*,*,#16426,.F.);
#16426 = EDGE_CURVE('',#16369,#16369,#16427,.T.);
#16427 = SURFACE_CURVE('',#16428,(#16433,#16440),.PCURVE_S1.);
#16428 = CIRCLE('',#16429,12.606480579431);
#16429 = AXIS2_PLACEMENT_3D('',#16430,#16431,#16432);
#16430 = CARTESIAN_POINT('',(-48.32484222115,0.,0.));
#16431 = DIRECTION('',(1.,0.,0.));
#16432 = DIRECTION('',(0.,1.,0.));
#16433 = PCURVE('',#16379,#16434);
#16434 = DEFINITIONAL_REPRESENTATION('',(#16435),#16439);
#16435 = LINE('',#16436,#16437);
#16436 = CARTESIAN_POINT('',(-0.,0.));
#16437 = VECTOR('',#16438,1.);
#16438 = DIRECTION('',(-1.,0.));
#16439 = ( GEOMETRIC_REPRESENTATION_CONTEXT(2) 
PARAMETRIC_REPRESENTATION_CONTEXT() REPRESENTATION_CONTEXT('2D SPACE',''
  ) );
#16440 = PCURVE('',#16441,#16446);
#16441 = PLANE('',#16442);
#16442 = AXIS2_PLACEMENT_3D('',#16443,#16444,#16445);
#16443 = CARTESIAN_POINT('',(-48.32484222115,-8.677696357352E-16,
    3.531534327314E-16));
#16444 = DIRECTION('',(1.,0.,0.));
#16445 = DIRECTION('',(-0.,0.,1.));
#16446 = DEFINITIONAL_REPRESENTATION('',(#16447),#16451);
#16447 = CIRCLE('',#16448,12.606480579431);
#16448 = AXIS2_PLACEMENT_2D('',#16449,#16450);
#16449 = CARTESIAN_POINT('',(-3.531534327314E-16,-8.677696357352E-16));
#16450 = DIRECTION('',(0.,-1.));
#16451 = ( GEOMETRIC_REPRESENTATION_CONTEXT(2) 
PARAMETRIC_REPRESENTATION_CONTEXT() REPRESENTATION_CONTEXT('2D SPACE',''
  ) );
#16452 = ADVANCED_FACE('',(#16453),#16441,.F.);
#16453 = FACE_BOUND('',#16454,.F.);
#16454 = EDGE_LOOP('',(#16455));
#16455 = ORIENTED_EDGE('',*,*,#16426,.T.);
#16456 = ADVANCED_FACE('',(#16457),#16413,.T.);
#16457 = FACE_BOUND('',#16458,.T.);
#16458 = EDGE_LOOP('',(#16459));
#16459 = ORIENTED_EDGE('',*,*,#16398,.T.);
#16460 = ( GEOMETRIC_REPRESENTATION_CONTEXT(3) 
GLOBAL_UNCERTAINTY_ASSIGNED_CONTEXT((#16464)) 
GLOBAL_UNIT_ASSIGNED_CONTEXT((#16461,#16462,#16463)) 
REPRESENTATION_CONTEXT('Context #1',
  '3D Context with UNIT and UNCERTAINTY') );
#16461 = ( LENGTH_UNIT() NAMED_UNIT(*) SI_UNIT(.MILLI.,.METRE.) );
#16462 = ( NAMED_UNIT(*) PLANE_ANGLE_UNIT() SI_UNIT($,.RADIAN.) );
#16463 = ( NAMED_UNIT(*) SI_UNIT($,.STERADIAN.) SOLID_ANGLE_UNIT() );
#16464 = UNCERTAINTY_MEASURE_WITH_UNIT(LENGTH_MEASURE(1.E-07),#16461,
  'distance_accuracy_value','confusion accuracy');
#16465 = CONTEXT_DEPENDENT_SHAPE_REPRESENTATION(#16466,#16468);
#16466 = ( REPRESENTATION_RELATIONSHIP('','',#16361,#10) 
REPRESENTATION_RELATIONSHIP_WITH_TRANSFORMATION(#16467) 
SHAPE_REPRESENTATION_RELATIONSHIP() );
#16467 = ITEM_DEFINED_TRANSFORMATION('','',#11,#23);
#16468 = PRODUCT_DEFINITION_SHAPE('Placement','Placement of an item',
  #16469);
#16469 = NEXT_ASSEMBLY_USAGE_OCCURRENCE('20','igv_hub_bullet','',#5,
  #16356,$);
#16470 = PRODUCT_RELATED_PRODUCT_CATEGORY('part',$,(#16358));
#16471 = SHAPE_DEFINITION_REPRESENTATION(#16472,#16478);
#16472 = PRODUCT_DEFINITION_SHAPE('','',#16473);
#16473 = PRODUCT_DEFINITION('design','',#16474,#16477);
#16474 = PRODUCT_DEFINITION_FORMATION('','',#16475);
#16475 = PRODUCT('igv_unison_ring','igv_unison_ring','',(#16476));
#16476 = PRODUCT_CONTEXT('',#2,'mechanical');
#16477 = PRODUCT_DEFINITION_CONTEXT('part definition',#2,'design');
#16478 = ADVANCED_BREP_SHAPE_REPRESENTATION('',(#11,#16479),#16661);
#16479 = MANIFOLD_SOLID_BREP('',#16480);
#16480 = CLOSED_SHELL('',(#16481,#16569,#16647,#16654));
#16481 = ADVANCED_FACE('',(#16482),#16496,.T.);
#16482 = FACE_BOUND('',#16483,.F.);
#16483 = EDGE_LOOP('',(#16484,#16514,#16541,#16542));
#16484 = ORIENTED_EDGE('',*,*,#16485,.T.);
#16485 = EDGE_CURVE('',#16486,#16488,#16490,.T.);
#16486 = VERTEX_POINT('',#16487);
#16487 = CARTESIAN_POINT('',(-38.02954974795,53.021601931436,0.));
#16488 = VERTEX_POINT('',#16489);
#16489 = CARTESIAN_POINT('',(-29.20501334234,53.021601931436,0.));
#16490 = SEAM_CURVE('',#16491,(#16495,#16507),.PCURVE_S1.);
#16491 = LINE('',#16492,#16493);
#16492 = CARTESIAN_POINT('',(-38.02954974795,53.021601931436,0.));
#16493 = VECTOR('',#16494,1.);
#16494 = DIRECTION('',(1.,0.,0.));
#16495 = PCURVE('',#16496,#16501);
#16496 = CYLINDRICAL_SURFACE('',#16497,53.021601931436);
#16497 = AXIS2_PLACEMENT_3D('',#16498,#16499,#16500);
#16498 = CARTESIAN_POINT('',(-38.02954974795,0.,0.));
#16499 = DIRECTION('',(-1.,-0.,-0.));
#16500 = DIRECTION('',(0.,1.,0.));
#16501 = DEFINITIONAL_REPRESENTATION('',(#16502),#16506);
#16502 = LINE('',#16503,#16504);
#16503 = CARTESIAN_POINT('',(-0.,0.));
#16504 = VECTOR('',#16505,1.);
#16505 = DIRECTION('',(-0.,-1.));
#16506 = ( GEOMETRIC_REPRESENTATION_CONTEXT(2) 
PARAMETRIC_REPRESENTATION_CONTEXT() REPRESENTATION_CONTEXT('2D SPACE',''
  ) );
#16507 = PCURVE('',#16496,#16508);
#16508 = DEFINITIONAL_REPRESENTATION('',(#16509),#16513);
#16509 = LINE('',#16510,#16511);
#16510 = CARTESIAN_POINT('',(-6.28318530718,0.));
#16511 = VECTOR('',#16512,1.);
#16512 = DIRECTION('',(-0.,-1.));
#16513 = ( GEOMETRIC_REPRESENTATION_CONTEXT(2) 
PARAMETRIC_REPRESENTATION_CONTEXT() REPRESENTATION_CONTEXT('2D SPACE',''
  ) );
#16514 = ORIENTED_EDGE('',*,*,#16515,.T.);
#16515 = EDGE_CURVE('',#16488,#16488,#16516,.T.);
#16516 = SURFACE_CURVE('',#16517,(#16522,#16529),.PCURVE_S1.);
#16517 = CIRCLE('',#16518,53.021601931436);
#16518 = AXIS2_PLACEMENT_3D('',#16519,#16520,#16521);
#16519 = CARTESIAN_POINT('',(-29.20501334234,0.,0.));
#16520 = DIRECTION('',(1.,0.,0.));
#16521 = DIRECTION('',(0.,1.,0.));
#16522 = PCURVE('',#16496,#16523);
#16523 = DEFINITIONAL_REPRESENTATION('',(#16524),#16528);
#16524 = LINE('',#16525,#16526);
#16525 = CARTESIAN_POINT('',(-0.,-8.824536405602));
#16526 = VECTOR('',#16527,1.);
#16527 = DIRECTION('',(-1.,0.));
#16528 = ( GEOMETRIC_REPRESENTATION_CONTEXT(2) 
PARAMETRIC_REPRESENTATION_CONTEXT() REPRESENTATION_CONTEXT('2D SPACE',''
  ) );
#16529 = PCURVE('',#16530,#16535);
#16530 = PLANE('',#16531);
#16531 = AXIS2_PLACEMENT_3D('',#16532,#16533,#16534);
#16532 = CARTESIAN_POINT('',(-29.20501334234,-3.301151428646E-15,
    -2.164424503033E-15));
#16533 = DIRECTION('',(1.,0.,0.));
#16534 = DIRECTION('',(-0.,0.,1.));
#16535 = DEFINITIONAL_REPRESENTATION('',(#16536),#16540);
#16536 = CIRCLE('',#16537,53.021601931436);
#16537 = AXIS2_PLACEMENT_2D('',#16538,#16539);
#16538 = CARTESIAN_POINT('',(2.164424503033E-15,-3.301151428646E-15));
#16539 = DIRECTION('',(0.,-1.));
#16540 = ( GEOMETRIC_REPRESENTATION_CONTEXT(2) 
PARAMETRIC_REPRESENTATION_CONTEXT() REPRESENTATION_CONTEXT('2D SPACE',''
  ) );
#16541 = ORIENTED_EDGE('',*,*,#16485,.F.);
#16542 = ORIENTED_EDGE('',*,*,#16543,.F.);
#16543 = EDGE_CURVE('',#16486,#16486,#16544,.T.);
#16544 = SURFACE_CURVE('',#16545,(#16550,#16557),.PCURVE_S1.);
#16545 = CIRCLE('',#16546,53.021601931436);
#16546 = AXIS2_PLACEMENT_3D('',#16547,#16548,#16549);
#16547 = CARTESIAN_POINT('',(-38.02954974795,0.,0.));
#16548 = DIRECTION('',(1.,0.,0.));
#16549 = DIRECTION('',(0.,1.,0.));
#16550 = PCURVE('',#16496,#16551);
#16551 = DEFINITIONAL_REPRESENTATION('',(#16552),#16556);
#16552 = LINE('',#16553,#16554);
#16553 = CARTESIAN_POINT('',(-0.,0.));
#16554 = VECTOR('',#16555,1.);
#16555 = DIRECTION('',(-1.,0.));
#16556 = ( GEOMETRIC_REPRESENTATION_CONTEXT(2) 
PARAMETRIC_REPRESENTATION_CONTEXT() REPRESENTATION_CONTEXT('2D SPACE',''
  ) );
#16557 = PCURVE('',#16558,#16563);
#16558 = PLANE('',#16559);
#16559 = AXIS2_PLACEMENT_3D('',#16560,#16561,#16562);
#16560 = CARTESIAN_POINT('',(-38.02954974795,-3.301151428646E-15,
    -2.164424503033E-15));
#16561 = DIRECTION('',(1.,0.,0.));
#16562 = DIRECTION('',(-0.,0.,1.));
#16563 = DEFINITIONAL_REPRESENTATION('',(#16564),#16568);
#16564 = CIRCLE('',#16565,53.021601931436);
#16565 = AXIS2_PLACEMENT_2D('',#16566,#16567);
#16566 = CARTESIAN_POINT('',(2.164424503033E-15,-3.301151428646E-15));
#16567 = DIRECTION('',(0.,-1.));
#16568 = ( GEOMETRIC_REPRESENTATION_CONTEXT(2) 
PARAMETRIC_REPRESENTATION_CONTEXT() REPRESENTATION_CONTEXT('2D SPACE',''
  ) );
#16569 = ADVANCED_FACE('',(#16570),#16584,.F.);
#16570 = FACE_BOUND('',#16571,.T.);
#16571 = EDGE_LOOP('',(#16572,#16602,#16624,#16625));
#16572 = ORIENTED_EDGE('',*,*,#16573,.T.);
#16573 = EDGE_CURVE('',#16574,#16576,#16578,.T.);
#16574 = VERTEX_POINT('',#16575);
#16575 = CARTESIAN_POINT('',(-38.02954974795,49.021601931436,
    1.072080374605E-15));
#16576 = VERTEX_POINT('',#16577);
#16577 = CARTESIAN_POINT('',(-29.20501334234,49.021601931436,
    1.072080374605E-15));
#16578 = SEAM_CURVE('',#16579,(#16583,#16595),.PCURVE_S1.);
#16579 = LINE('',#16580,#16581);
#16580 = CARTESIAN_POINT('',(-38.02954974795,49.021601931436,
    1.072080374605E-15));
#16581 = VECTOR('',#16582,1.);
#16582 = DIRECTION('',(1.,0.,0.));
#16583 = PCURVE('',#16584,#16589);
#16584 = CYLINDRICAL_SURFACE('',#16585,49.021601931436);
#16585 = AXIS2_PLACEMENT_3D('',#16586,#16587,#16588);
#16586 = CARTESIAN_POINT('',(-38.02954974795,2.49794727283E-13,
    1.072080374605E-15));
#16587 = DIRECTION('',(-1.,-0.,-0.));
#16588 = DIRECTION('',(0.,1.,0.));
#16589 = DEFINITIONAL_REPRESENTATION('',(#16590),#16594);
#16590 = LINE('',#16591,#16592);
#16591 = CARTESIAN_POINT('',(-0.,0.));
#16592 = VECTOR('',#16593,1.);
#16593 = DIRECTION('',(-0.,-1.));
#16594 = ( GEOMETRIC_REPRESENTATION_CONTEXT(2) 
PARAMETRIC_REPRESENTATION_CONTEXT() REPRESENTATION_CONTEXT('2D SPACE',''
  ) );
#16595 = PCURVE('',#16584,#16596);
#16596 = DEFINITIONAL_REPRESENTATION('',(#16597),#16601);
#16597 = LINE('',#16598,#16599);
#16598 = CARTESIAN_POINT('',(-6.28318530718,0.));
#16599 = VECTOR('',#16600,1.);
#16600 = DIRECTION('',(-0.,-1.));
#16601 = ( GEOMETRIC_REPRESENTATION_CONTEXT(2) 
PARAMETRIC_REPRESENTATION_CONTEXT() REPRESENTATION_CONTEXT('2D SPACE',''
  ) );
#16602 = ORIENTED_EDGE('',*,*,#16603,.T.);
#16603 = EDGE_CURVE('',#16576,#16576,#16604,.T.);
#16604 = SURFACE_CURVE('',#16605,(#16610,#16617),.PCURVE_S1.);
#16605 = CIRCLE('',#16606,49.021601931436);
#16606 = AXIS2_PLACEMENT_3D('',#16607,#16608,#16609);
#16607 = CARTESIAN_POINT('',(-29.20501334234,2.49794727283E-13,
    1.072080374605E-15));
#16608 = DIRECTION('',(1.,0.,0.));
#16609 = DIRECTION('',(0.,1.,0.));
#16610 = PCURVE('',#16584,#16611);
#16611 = DEFINITIONAL_REPRESENTATION('',(#16612),#16616);
#16612 = LINE('',#16613,#16614);
#16613 = CARTESIAN_POINT('',(-0.,-8.824536405602));
#16614 = VECTOR('',#16615,1.);
#16615 = DIRECTION('',(-1.,0.));
#16616 = ( GEOMETRIC_REPRESENTATION_CONTEXT(2) 
PARAMETRIC_REPRESENTATION_CONTEXT() REPRESENTATION_CONTEXT('2D SPACE',''
  ) );
#16617 = PCURVE('',#16530,#16618);
#16618 = DEFINITIONAL_REPRESENTATION('',(#16619),#16623);
#16619 = CIRCLE('',#16620,49.021601931436);
#16620 = AXIS2_PLACEMENT_2D('',#16621,#16622);
#16621 = CARTESIAN_POINT('',(3.236504877638E-15,-2.530958787116E-13));
#16622 = DIRECTION('',(0.,-1.));
#16623 = ( GEOMETRIC_REPRESENTATION_CONTEXT(2) 
PARAMETRIC_REPRESENTATION_CONTEXT() REPRESENTATION_CONTEXT('2D SPACE',''
  ) );
#16624 = ORIENTED_EDGE('',*,*,#16573,.F.);
#16625 = ORIENTED_EDGE('',*,*,#16626,.F.);
#16626 = EDGE_CURVE('',#16574,#16574,#16627,.T.);
#16627 = SURFACE_CURVE('',#16628,(#16633,#16640),.PCURVE_S1.);
#16628 = CIRCLE('',#16629,49.021601931436);
#16629 = AXIS2_PLACEMENT_3D('',#16630,#16631,#16632);
#16630 = CARTESIAN_POINT('',(-38.02954974795,2.49794727283E-13,
    1.072080374605E-15));
#16631 = DIRECTION('',(1.,0.,0.));
#16632 = DIRECTION('',(0.,1.,0.));
#16633 = PCURVE('',#16584,#16634);
#16634 = DEFINITIONAL_REPRESENTATION('',(#16635),#16639);
#16635 = LINE('',#16636,#16637);
#16636 = CARTESIAN_POINT('',(-0.,0.));
#16637 = VECTOR('',#16638,1.);
#16638 = DIRECTION('',(-1.,0.));
#16639 = ( GEOMETRIC_REPRESENTATION_CONTEXT(2) 
PARAMETRIC_REPRESENTATION_CONTEXT() REPRESENTATION_CONTEXT('2D SPACE',''
  ) );
#16640 = PCURVE('',#16558,#16641);
#16641 = DEFINITIONAL_REPRESENTATION('',(#16642),#16646);
#16642 = CIRCLE('',#16643,49.021601931436);
#16643 = AXIS2_PLACEMENT_2D('',#16644,#16645);
#16644 = CARTESIAN_POINT('',(3.236504877638E-15,-2.530958787116E-13));
#16645 = DIRECTION('',(0.,-1.));
#16646 = ( GEOMETRIC_REPRESENTATION_CONTEXT(2) 
PARAMETRIC_REPRESENTATION_CONTEXT() REPRESENTATION_CONTEXT('2D SPACE',''
  ) );
#16647 = ADVANCED_FACE('',(#16648,#16651),#16558,.F.);
#16648 = FACE_BOUND('',#16649,.F.);
#16649 = EDGE_LOOP('',(#16650));
#16650 = ORIENTED_EDGE('',*,*,#16543,.T.);
#16651 = FACE_BOUND('',#16652,.F.);
#16652 = EDGE_LOOP('',(#16653));
#16653 = ORIENTED_EDGE('',*,*,#16626,.F.);
#16654 = ADVANCED_FACE('',(#16655,#16658),#16530,.T.);
#16655 = FACE_BOUND('',#16656,.T.);
#16656 = EDGE_LOOP('',(#16657));
#16657 = ORIENTED_EDGE('',*,*,#16515,.T.);
#16658 = FACE_BOUND('',#16659,.T.);
#16659 = EDGE_LOOP('',(#16660));
#16660 = ORIENTED_EDGE('',*,*,#16603,.F.);
#16661 = ( GEOMETRIC_REPRESENTATION_CONTEXT(3) 
GLOBAL_UNCERTAINTY_ASSIGNED_CONTEXT((#16665)) 
GLOBAL_UNIT_ASSIGNED_CONTEXT((#16662,#16663,#16664)) 
REPRESENTATION_CONTEXT('Context #1',
  '3D Context with UNIT and UNCERTAINTY') );
#16662 = ( LENGTH_UNIT() NAMED_UNIT(*) SI_UNIT(.MILLI.,.METRE.) );
#16663 = ( NAMED_UNIT(*) PLANE_ANGLE_UNIT() SI_UNIT($,.RADIAN.) );
#16664 = ( NAMED_UNIT(*) SI_UNIT($,.STERADIAN.) SOLID_ANGLE_UNIT() );
#16665 = UNCERTAINTY_MEASURE_WITH_UNIT(LENGTH_MEASURE(1.E-07),#16662,
  'distance_accuracy_value','confusion accuracy');
#16666 = CONTEXT_DEPENDENT_SHAPE_REPRESENTATION(#16667,#16669);
#16667 = ( REPRESENTATION_RELATIONSHIP('','',#16478,#10) 
REPRESENTATION_RELATIONSHIP_WITH_TRANSFORMATION(#16668) 
SHAPE_REPRESENTATION_RELATIONSHIP() );
#16668 = ITEM_DEFINED_TRANSFORMATION('','',#11,#27);
#16669 = PRODUCT_DEFINITION_SHAPE('Placement','Placement of an item',
  #16670);
#16670 = NEXT_ASSEMBLY_USAGE_OCCURRENCE('21','igv_unison_ring','',#5,
  #16473,$);
#16671 = PRODUCT_RELATED_PRODUCT_CATEGORY('part',$,(#16475));
#16672 = MECHANICAL_DESIGN_GEOMETRIC_PRESENTATION_REPRESENTATION('',(
    #16673,#16681,#16688,#16695,#16702,#16709,#16716,#16723,#16730,
    #16737,#16744,#16751,#16758,#16765,#16772,#16779,#16786),#16343);
#16673 = STYLED_ITEM('color',(#16674),#3746);
#16674 = PRESENTATION_STYLE_ASSIGNMENT((#16675));
#16675 = SURFACE_STYLE_USAGE(.BOTH.,#16676);
#16676 = SURFACE_SIDE_STYLE('',(#16677));
#16677 = SURFACE_STYLE_FILL_AREA(#16678);
#16678 = FILL_AREA_STYLE('',(#16679));
#16679 = FILL_AREA_STYLE_COLOUR('',#16680);
#16680 = COLOUR_RGB('',0.620000000292,0.620000000292,0.640000008347);
#16681 = STYLED_ITEM('color',(#16682),#4487);
#16682 = PRESENTATION_STYLE_ASSIGNMENT((#16683));
#16683 = SURFACE_STYLE_USAGE(.BOTH.,#16684);
#16684 = SURFACE_SIDE_STYLE('',(#16685));
#16685 = SURFACE_STYLE_FILL_AREA(#16686);
#16686 = FILL_AREA_STYLE('',(#16687));
#16687 = FILL_AREA_STYLE_COLOUR('',#16680);
#16688 = STYLED_ITEM('color',(#16689),#5228);
#16689 = PRESENTATION_STYLE_ASSIGNMENT((#16690));
#16690 = SURFACE_STYLE_USAGE(.BOTH.,#16691);
#16691 = SURFACE_SIDE_STYLE('',(#16692));
#16692 = SURFACE_STYLE_FILL_AREA(#16693);
#16693 = FILL_AREA_STYLE('',(#16694));
#16694 = FILL_AREA_STYLE_COLOUR('',#16680);
#16695 = STYLED_ITEM('color',(#16696),#5969);
#16696 = PRESENTATION_STYLE_ASSIGNMENT((#16697));
#16697 = SURFACE_STYLE_USAGE(.BOTH.,#16698);
#16698 = SURFACE_SIDE_STYLE('',(#16699));
#16699 = SURFACE_STYLE_FILL_AREA(#16700);
#16700 = FILL_AREA_STYLE('',(#16701));
#16701 = FILL_AREA_STYLE_COLOUR('',#16680);
#16702 = STYLED_ITEM('color',(#16703),#6710);
#16703 = PRESENTATION_STYLE_ASSIGNMENT((#16704));
#16704 = SURFACE_STYLE_USAGE(.BOTH.,#16705);
#16705 = SURFACE_SIDE_STYLE('',(#16706));
#16706 = SURFACE_STYLE_FILL_AREA(#16707);
#16707 = FILL_AREA_STYLE('',(#16708));
#16708 = FILL_AREA_STYLE_COLOUR('',#16680);
#16709 = STYLED_ITEM('color',(#16710),#7451);
#16710 = PRESENTATION_STYLE_ASSIGNMENT((#16711));
#16711 = SURFACE_STYLE_USAGE(.BOTH.,#16712);
#16712 = SURFACE_SIDE_STYLE('',(#16713));
#16713 = SURFACE_STYLE_FILL_AREA(#16714);
#16714 = FILL_AREA_STYLE('',(#16715));
#16715 = FILL_AREA_STYLE_COLOUR('',#16680);
#16716 = STYLED_ITEM('color',(#16717),#8192);
#16717 = PRESENTATION_STYLE_ASSIGNMENT((#16718));
#16718 = SURFACE_STYLE_USAGE(.BOTH.,#16719);
#16719 = SURFACE_SIDE_STYLE('',(#16720));
#16720 = SURFACE_STYLE_FILL_AREA(#16721);
#16721 = FILL_AREA_STYLE('',(#16722));
#16722 = FILL_AREA_STYLE_COLOUR('',#16680);
#16723 = STYLED_ITEM('color',(#16724),#8933);
#16724 = PRESENTATION_STYLE_ASSIGNMENT((#16725));
#16725 = SURFACE_STYLE_USAGE(.BOTH.,#16726);
#16726 = SURFACE_SIDE_STYLE('',(#16727));
#16727 = SURFACE_STYLE_FILL_AREA(#16728);
#16728 = FILL_AREA_STYLE('',(#16729));
#16729 = FILL_AREA_STYLE_COLOUR('',#16680);
#16730 = STYLED_ITEM('color',(#16731),#9674);
#16731 = PRESENTATION_STYLE_ASSIGNMENT((#16732));
#16732 = SURFACE_STYLE_USAGE(.BOTH.,#16733);
#16733 = SURFACE_SIDE_STYLE('',(#16734));
#16734 = SURFACE_STYLE_FILL_AREA(#16735);
#16735 = FILL_AREA_STYLE('',(#16736));
#16736 = FILL_AREA_STYLE_COLOUR('',#16680);
#16737 = STYLED_ITEM('color',(#16738),#10415);
#16738 = PRESENTATION_STYLE_ASSIGNMENT((#16739));
#16739 = SURFACE_STYLE_USAGE(.BOTH.,#16740);
#16740 = SURFACE_SIDE_STYLE('',(#16741));
#16741 = SURFACE_STYLE_FILL_AREA(#16742);
#16742 = FILL_AREA_STYLE('',(#16743));
#16743 = FILL_AREA_STYLE_COLOUR('',#16680);
#16744 = STYLED_ITEM('color',(#16745),#11156);
#16745 = PRESENTATION_STYLE_ASSIGNMENT((#16746));
#16746 = SURFACE_STYLE_USAGE(.BOTH.,#16747);
#16747 = SURFACE_SIDE_STYLE('',(#16748));
#16748 = SURFACE_STYLE_FILL_AREA(#16749);
#16749 = FILL_AREA_STYLE('',(#16750));
#16750 = FILL_AREA_STYLE_COLOUR('',#16680);
#16751 = STYLED_ITEM('color',(#16752),#11897);
#16752 = PRESENTATION_STYLE_ASSIGNMENT((#16753));
#16753 = SURFACE_STYLE_USAGE(.BOTH.,#16754);
#16754 = SURFACE_SIDE_STYLE('',(#16755));
#16755 = SURFACE_STYLE_FILL_AREA(#16756);
#16756 = FILL_AREA_STYLE('',(#16757));
#16757 = FILL_AREA_STYLE_COLOUR('',#16680);
#16758 = STYLED_ITEM('color',(#16759),#12638);
#16759 = PRESENTATION_STYLE_ASSIGNMENT((#16760));
#16760 = SURFACE_STYLE_USAGE(.BOTH.,#16761);
#16761 = SURFACE_SIDE_STYLE('',(#16762));
#16762 = SURFACE_STYLE_FILL_AREA(#16763);
#16763 = FILL_AREA_STYLE('',(#16764));
#16764 = FILL_AREA_STYLE_COLOUR('',#16680);
#16765 = STYLED_ITEM('color',(#16766),#13379);
#16766 = PRESENTATION_STYLE_ASSIGNMENT((#16767));
#16767 = SURFACE_STYLE_USAGE(.BOTH.,#16768);
#16768 = SURFACE_SIDE_STYLE('',(#16769));
#16769 = SURFACE_STYLE_FILL_AREA(#16770);
#16770 = FILL_AREA_STYLE('',(#16771));
#16771 = FILL_AREA_STYLE_COLOUR('',#16680);
#16772 = STYLED_ITEM('color',(#16773),#14120);
#16773 = PRESENTATION_STYLE_ASSIGNMENT((#16774));
#16774 = SURFACE_STYLE_USAGE(.BOTH.,#16775);
#16775 = SURFACE_SIDE_STYLE('',(#16776));
#16776 = SURFACE_STYLE_FILL_AREA(#16777);
#16777 = FILL_AREA_STYLE('',(#16778));
#16778 = FILL_AREA_STYLE_COLOUR('',#16680);
#16779 = STYLED_ITEM('color',(#16780),#14861);
#16780 = PRESENTATION_STYLE_ASSIGNMENT((#16781));
#16781 = SURFACE_STYLE_USAGE(.BOTH.,#16782);
#16782 = SURFACE_SIDE_STYLE('',(#16783));
#16783 = SURFACE_STYLE_FILL_AREA(#16784);
#16784 = FILL_AREA_STYLE('',(#16785));
#16785 = FILL_AREA_STYLE_COLOUR('',#16680);
#16786 = STYLED_ITEM('color',(#16787),#15602);
#16787 = PRESENTATION_STYLE_ASSIGNMENT((#16788));
#16788 = SURFACE_STYLE_USAGE(.BOTH.,#16789);
#16789 = SURFACE_SIDE_STYLE('',(#16790));
#16790 = SURFACE_STYLE_FILL_AREA(#16791);
#16791 = FILL_AREA_STYLE('',(#16792));
#16792 = FILL_AREA_STYLE_COLOUR('',#16680);
#16793 = MECHANICAL_DESIGN_GEOMETRIC_PRESENTATION_REPRESENTATION('',(
    #16794),#16460);
#16794 = STYLED_ITEM('color',(#16795),#16362);
#16795 = PRESENTATION_STYLE_ASSIGNMENT((#16796));
#16796 = SURFACE_STYLE_USAGE(.BOTH.,#16797);
#16797 = SURFACE_SIDE_STYLE('',(#16798));
#16798 = SURFACE_STYLE_FILL_AREA(#16799);
#16799 = FILL_AREA_STYLE('',(#16800));
#16800 = FILL_AREA_STYLE_COLOUR('',#16801);
#16801 = COLOUR_RGB('',0.800000010877,0.819999987296,0.850000012718);
#16802 = MECHANICAL_DESIGN_GEOMETRIC_PRESENTATION_REPRESENTATION('',(
    #16803),#3727);
#16803 = STYLED_ITEM('color',(#16804),#45);
#16804 = PRESENTATION_STYLE_ASSIGNMENT((#16805));
#16805 = SURFACE_STYLE_USAGE(.BOTH.,#16806);
#16806 = SURFACE_SIDE_STYLE('',(#16807));
#16807 = SURFACE_STYLE_FILL_AREA(#16808);
#16808 = FILL_AREA_STYLE('',(#16809));
#16809 = FILL_AREA_STYLE_COLOUR('',#16801);
#16810 = MECHANICAL_DESIGN_GEOMETRIC_PRESENTATION_REPRESENTATION('',(
    #16811),#16661);
#16811 = STYLED_ITEM('color',(#16812),#16479);
#16812 = PRESENTATION_STYLE_ASSIGNMENT((#16813));
#16813 = SURFACE_STYLE_USAGE(.BOTH.,#16814);
#16814 = SURFACE_SIDE_STYLE('',(#16815));
#16815 = SURFACE_STYLE_FILL_AREA(#16816);
#16816 = FILL_AREA_STYLE('',(#16817));
#16817 = FILL_AREA_STYLE_COLOUR('',#16801);
ENDSEC;
END-ISO-10303-21;
