"PointID","x","y","z","Density","Momentum_x","Momentum_y","Momentum_z","Energy"
0, 0.000000000e+00, 0.000000000e+00, 0.000000000e+00, 1.148511443e+00, 1.171481672e+02, 0.000000000e+00, 0.000000000e+00, 2.434596641e+05
1, 0.000000000e+00, 0.000000000e+00, 1.666666667e-03, 1.148511443e+00, 1.171481672e+02, 1.453284689e+01, 0.000000000e+00, 2.435516108e+05
2, 0.000000000e+00, 0.000000000e+00, 3.333333333e-03, 1.148511443e+00, 1.171481672e+02, 2.906569379e+01, 0.000000000e+00, 2.438274508e+05
3, 0.000000000e+00, 0.000000000e+00, 5.000000000e-03, 1.148511443e+00, 1.171481672e+02, 4.359854068e+01, 0.000000000e+00, 2.442871842e+05
4, 0.000000000e+00, 0.000000000e+00, 6.666666667e-03, 1.148511443e+00, 1.171481672e+02, 5.813138757e+01, 0.000000000e+00, 2.449308110e+05
5, 0.000000000e+00, 0.000000000e+00, 8.333333333e-03, 1.148511443e+00, 1.171481672e+02, 7.266423447e+01, 0.000000000e+00, 2.457583312e+05
6, 0.000000000e+00, 0.000000000e+00, 1.000000000e-02, 1.148511443e+00, 1.171481672e+02, 8.719708136e+01, 0.000000000e+00, 2.467697447e+05
7, 0.000000000e+00, 0.000000000e+00, 1.166666667e-02, 1.148511443e+00, 1.171481672e+02, 1.017299283e+02, 0.000000000e+00, 2.479650516e+05
8, 0.000000000e+00, 0.000000000e+00, 1.333333333e-02, 1.148511443e+00, 1.171481672e+02, 1.162627751e+02, 0.000000000e+00, 2.493442519e+05
9, 0.000000000e+00, 0.000000000e+00, 1.500000000e-02, 1.148511443e+00, 1.171481672e+02, 1.307956220e+02, 0.000000000e+00, 2.509073455e+05
10, 0.000000000e+00, 0.000000000e+00, 1.666666667e-02, 1.148511443e+00, 1.171481672e+02, 1.453284689e+02, 0.000000000e+00, 2.526543325e+05
11, 0.000000000e+00, 0.000000000e+00, 1.833333333e-02, 1.148511443e+00, 1.171481672e+02, 1.598613158e+02, 0.000000000e+00, 2.545852129e+05
12, 0.000000000e+00, 0.000000000e+00, 2.000000000e-02, 1.148511443e+00, 1.171481672e+02, 1.743941627e+02, 0.000000000e+00, 2.566999866e+05
13, 0.000000000e+00, 1.666666667e-03, 0.000000000e+00, 1.148511443e+00, 1.171481672e+02, 0.000000000e+00, -1.453284689e+01, 2.435516108e+05
14, 0.000000000e+00, 1.666666667e-03, 1.666666667e-03, 1.148511443e+00, 1.171481672e+02, 1.453284689e+01, -1.453284689e+01, 2.436435574e+05
15, 0.000000000e+00, 1.666666667e-03, 3.333333333e-03, 1.148511443e+00, 1.171481672e+02, 2.906569379e+01, -1.453284689e+01, 2.439193975e+05
16, 0.000000000e+00, 1.666666667e-03, 5.000000000e-03, 1.148511443e+00, 1.171481672e+02, 4.359854068e+01, -1.453284689e+01, 2.443791309e+05
17, 0.000000000e+00, 1.666666667e-03, 6.666666667e-03, 1.148511443e+00, 1.171481672e+02, 5.813138757e+01, -1.453284689e+01, 2.450227577e+05
18, 0.000000000e+00, 1.666666667e-03, 8.333333333e-03, 1.148511443e+00, 1.171481672e+02, 7.266423447e+01, -1.453284689e+01, 2.458502779e+05
19, 0.000000000e+00, 1.666666667e-03, 1.000000000e-02, 1.148511443e+00, 1.171481672e+02, 8.719708136e+01, -1.453284689e+01, 2.468616914e+05
20, 0.000000000e+00, 1.666666667e-03, 1.166666667e-02, 1.148511443e+00, 1.171481672e+02, 1.017299283e+02, -1.453284689e+01, 2.480569983e+05
21, 0.000000000e+00, 1.666666667e-03, 1.333333333e-02, 1.148511443e+00, 1.171481672e+02, 1.162627751e+02, -1.453284689e+01, 2.494361986e+05
22, 0.000000000e+00, 1.666666667e-03, 1.500000000e-02, 1.148511443e+00, 1.171481672e+02, 1.307956220e+02, -1.453284689e+01, 2.509992922e+05
23, 0.000000000e+00, 1.666666667e-03, 1.666666667e-02, 1.148511443e+00, 1.171481672e+02, 1.453284689e+02, -1.453284689e+01, 2.527462792e+05
24, 0.000000000e+00, 1.666666667e-03, 1.833333333e-02, 1.148511443e+00, 1.171481672e+02, 1.598613158e+02, -1.453284689e+01, 2.546771596e+05
25, 0.000000000e+00, 1.666666667e-03, 2.000000000e-02, 1.148511443e+00, 1.171481672e+02, 1.743941627e+02, -1.453284689e+01, 2.567919333e+05
26, 0.000000000e+00, 3.333333333e-03, 0.000000000e+00, 1.148511443e+00, 1.171481672e+02, 0.000000000e+00, -2.906569379e+01, 2.438274508e+05
27, 0.000000000e+00, 3.333333333e-03, 1.666666667e-03, 1.148511443e+00, 1.171481672e+02, 1.453284689e+01, -2.906569379e+01, 2.439193975e+05
28, 0.000000000e+00, 3.333333333e-03, 3.333333333e-03, 1.148511443e+00, 1.171481672e+02, 2.906569379e+01, -2.906569379e+01, 2.441952375e+05
29, 0.000000000e+00, 3.333333333e-03, 5.000000000e-03, 1.148511443e+00, 1.171481672e+02, 4.359854068e+01, -2.906569379e+01, 2.446549710e+05
30, 0.000000000e+00, 3.333333333e-03, 6.666666667e-03, 1.148511443e+00, 1.171481672e+02, 5.813138757e+01, -2.906569379e+01, 2.452985978e+05
31, 0.000000000e+00, 3.333333333e-03, 8.333333333e-03, 1.148511443e+00, 1.171481672e+02, 7.266423447e+01, -2.906569379e+01, 2.461261179e+05
32, 0.000000000e+00, 3.333333333e-03, 1.000000000e-02, 1.148511443e+00, 1.171481672e+02, 8.719708136e+01, -2.906569379e+01, 2.471375315e+05
33, 0.000000000e+00, 3.333333333e-03, 1.166666667e-02, 1.148511443e+00, 1.171481672e+02, 1.017299283e+02, -2.906569379e+01, 2.483328384e+05
34, 0.000000000e+00, 3.333333333e-03, 1.333333333e-02, 1.148511443e+00, 1.171481672e+02, 1.162627751e+02, -2.906569379e+01, 2.497120386e+05
35, 0.000000000e+00, 3.333333333e-03, 1.500000000e-02, 1.148511443e+00, 1.171481672e+02, 1.307956220e+02, -2.906569379e+01, 2.512751323e+05
36, 0.000000000e+00, 3.333333333e-03, 1.666666667e-02, 1.148511443e+00, 1.171481672e+02, 1.453284689e+02, -2.906569379e+01, 2.530221193e+05
37, 0.000000000e+00, 3.333333333e-03, 1.833333333e-02, 1.148511443e+00, 1.171481672e+02, 1.598613158e+02, -2.906569379e+01, 2.549529996e+05
38, 0.000000000e+00, 3.333333333e-03, 2.000000000e-02, 1.148511443e+00, 1.171481672e+02, 1.743941627e+02, -2.906569379e+01, 2.570677734e+05
39, 0.000000000e+00, 5.000000000e-03, 0.000000000e+00, 1.148511443e+00, 1.171481672e+02, 0.000000000e+00, -4.359854068e+01, 2.442871842e+05
40, 0.000000000e+00, 5.000000000e-03, 1.666666667e-03, 1.148511443e+00, 1.171481672e+02, 1.453284689e+01, -4.359854068e+01, 2.443791309e+05
41, 0.000000000e+00, 5.000000000e-03, 3.333333333e-03, 1.148511443e+00, 1.171481672e+02, 2.906569379e+01, -4.359854068e+01, 2.446549710e+05
42, 0.000000000e+00, 5.000000000e-03, 5.000000000e-03, 1.148511443e+00, 1.171481672e+02, 4.359854068e+01, -4.359854068e+01, 2.451147044e+05
43, 0.000000000e+00, 5.000000000e-03, 6.666666667e-03, 1.148511443e+00, 1.171481672e+02, 5.813138757e+01, -4.359854068e+01, 2.457583312e+05
44, 0.000000000e+00, 5.000000000e-03, 8.333333333e-03, 1.148511443e+00, 1.171481672e+02, 7.266423447e+01, -4.359854068e+01, 2.465858513e+05
45, 0.000000000e+00, 5.000000000e-03, 1.000000000e-02, 1.148511443e+00, 1.171481672e+02, 8.719708136e+01, -4.359854068e+01, 2.475972649e+05
46, 0.000000000e+00, 5.000000000e-03, 1.166666667e-02, 1.148511443e+00, 1.171481672e+02, 1.017299283e+02, -4.359854068e+01, 2.487925718e+05
47, 0.000000000e+00, 5.000000000e-03, 1.333333333e-02, 1.148511443e+00, 1.171481672e+02, 1.162627751e+02, -4.359854068e+01, 2.501717720e+05
48, 0.000000000e+00, 5.000000000e-03, 1.500000000e-02, 1.148511443e+00, 1.171481672e+02, 1.307956220e+02, -4.359854068e+01, 2.517348657e+05
49, 0.000000000e+00, 5.000000000e-03, 1.666666667e-02, 1.148511443e+00, 1.171481672e+02, 1.453284689e+02, -4.359854068e+01, 2.534818527e+05
50, 0.000000000e+00, 5.000000000e-03, 1.833333333e-02, 1.148511443e+00, 1.171481672e+02, 1.598613158e+02, -4.359854068e+01, 2.554127331e+05
51, 0.000000000e+00, 5.000000000e-03, 2.000000000e-02, 1.148511443e+00, 1.171481672e+02, 1.743941627e+02, -4.359854068e+01, 2.575275068e+05
52, 0.000000000e+00, 6.666666667e-03, 0.000000000e+00, 1.148511443e+00, 1.171481672e+02, 0.000000000e+00, -5.813138757e+01, 2.449308110e+05
53, 0.000000000e+00, 6.666666667e-03, 1.666666667e-03, 1.148511443e+00, 1.171481672e+02, 1.453284689e+01, -5.813138757e+01, 2.450227577e+05
54, 0.000000000e+00, 6.666666667e-03, 3.333333333e-03, 1.148511443e+00, 1.171481672e+02, 2.906569379e+01, -5.813138757e+01, 2.452985978e+05
55, 0.000000000e+00, 6.666666667e-03, 5.000000000e-03, 1.148511443e+00, 1.171481672e+02, 4.359854068e+01, -5.813138757e+01, 2.457583312e+05
56, 0.000000000e+00, 6.666666667e-03, 6.666666667e-03, 1.148511443e+00, 1.171481672e+02, 5.813138757e+01, -5.813138757e+01, 2.464019580e+05
57, 0.000000000e+00, 6.666666667e-03, 8.333333333e-03, 1.148511443e+00, 1.171481672e+02, 7.266423447e+01, -5.813138757e+01, 2.472294781e+05
58, 0.000000000e+00, 6.666666667e-03, 1.000000000e-02, 1.148511443e+00, 1.171481672e+02, 8.719708136e+01, -5.813138757e+01, 2.482408917e+05
59, 0.000000000e+00, 6.666666667e-03, 1.166666667e-02, 1.148511443e+00, 1.171481672e+02, 1.017299283e+02, -5.813138757e+01, 2.494361986e+05
60, 0.000000000e+00, 6.666666667e-03, 1.333333333e-02, 1.148511443e+00, 1.171481672e+02, 1.162627751e+02, -5.813138757e+01, 2.508153988e+05
61, 0.000000000e+00, 6.666666667e-03, 1.500000000e-02, 1.148511443e+00, 1.171481672e+02, 1.307956220e+02, -5.813138757e+01, 2.523784925e+05
62, 0.000000000e+00, 6.666666667e-03, 1.666666667e-02, 1.148511443e+00, 1.171481672e+02, 1.453284689e+02, -5.813138757e+01, 2.541254795e+05
63, 0.000000000e+00, 6.666666667e-03, 1.833333333e-02, 1.148511443e+00, 1.171481672e+02, 1.598613158e+02, -5.813138757e+01, 2.560563599e+05
64, 0.000000000e+00, 6.666666667e-03, 2.000000000e-02, 1.148511443e+00, 1.171481672e+02, 1.743941627e+02, -5.813138757e+01, 2.581711336e+05
65, 0.000000000e+00, 8.333333333e-03, 0.000000000e+00, 1.148511443e+00, 1.171481672e+02, 0.000000000e+00, -7.266423447e+01, 2.457583312e+05
66, 0.000000000e+00, 8.333333333e-03, 1.666666667e-03, 1.148511443e+00, 1.171481672e+02, 1.453284689e+01, -7.266423447e+01, 2.458502779e+05
67, 0.000000000e+00, 8.333333333e-03, 3.333333333e-03, 1.148511443e+00, 1.171481672e+02, 2.906569379e+01, -7.266423447e+01, 2.461261179e+05
68, 0.000000000e+00, 8.333333333e-03, 5.000000000e-03, 1.148511443e+00, 1.171481672e+02, 4.359854068e+01, -7.266423447e+01, 2.465858513e+05
69, 0.000000000e+00, 8.333333333e-03, 6.666666667e-03, 1.148511443e+00, 1.171481672e+02, 5.813138757e+01, -7.266423447e+01, 2.472294781e+05
70, 0.000000000e+00, 8.333333333e-03, 8.333333333e-03, 1.148511443e+00, 1.171481672e+02, 7.266423447e+01, -7.266423447e+01, 2.480569983e+05
71, 0.000000000e+00, 8.333333333e-03, 1.000000000e-02, 1.148511443e+00, 1.171481672e+02, 8.719708136e+01, -7.266423447e+01, 2.490684118e+05
72, 0.000000000e+00, 8.333333333e-03, 1.166666667e-02, 1.148511443e+00, 1.171481672e+02, 1.017299283e+02, -7.266423447e+01, 2.502637187e+05
73, 0.000000000e+00, 8.333333333e-03, 1.333333333e-02, 1.148511443e+00, 1.171481672e+02, 1.162627751e+02, -7.266423447e+01, 2.516429190e+05
74, 0.000000000e+00, 8.333333333e-03, 1.500000000e-02, 1.148511443e+00, 1.171481672e+02, 1.307956220e+02, -7.266423447e+01, 2.532060126e+05
75, 0.000000000e+00, 8.333333333e-03, 1.666666667e-02, 1.148511443e+00, 1.171481672e+02, 1.453284689e+02, -7.266423447e+01, 2.549529996e+05
76, 0.000000000e+00, 8.333333333e-03, 1.833333333e-02, 1.148511443e+00, 1.171481672e+02, 1.598613158e+02, -7.266423447e+01, 2.568838800e+05
77, 0.000000000e+00, 8.333333333e-03, 2.000000000e-02, 1.148511443e+00, 1.171481672e+02, 1.743941627e+02, -7.266423447e+01, 2.589986538e+05
78, 0.000000000e+00, 1.000000000e-02, 0.000000000e+00, 1.148511443e+00, 1.171481672e+02, 0.000000000e+00, -8.719708136e+01, 2.467697447e+05
79, 0.000000000e+00, 1.000000000e-02, 1.666666667e-03, 1.148511443e+00, 1.171481672e+02, 1.453284689e+01, -8.719708136e+01, 2.468616914e+05
80, 0.000000000e+00, 1.000000000e-02, 3.333333333e-03, 1.148511443e+00, 1.171481672e+02, 2.906569379e+01, -8.719708136e+01, 2.471375315e+05
81, 0.000000000e+00, 1.000000000e-02, 5.000000000e-03, 1.148511443e+00, 1.171481672e+02, 4.359854068e+01, -8.719708136e+01, 2.475972649e+05
82, 0.000000000e+00, 1.000000000e-02, 6.666666667e-03, 1.148511443e+00, 1.171481672e+02, 5.813138757e+01, -8.719708136e+01, 2.482408917e+05
83, 0.000000000e+00, 1.000000000e-02, 8.333333333e-03, 1.148511443e+00, 1.171481672e+02, 7.266423447e+01, -8.719708136e+01, 2.490684118e+05
84, 0.000000000e+00, 1.000000000e-02, 1.000000000e-02, 1.148511443e+00, 1.171481672e+02, 8.719708136e+01, -8.719708136e+01, 2.500798254e+05
85, 0.000000000e+00, 1.000000000e-02, 1.166666667e-02, 1.148511443e+00, 1.171481672e+02, 1.017299283e+02, -8.719708136e+01, 2.512751323e+05
86, 0.000000000e+00, 1.000000000e-02, 1.333333333e-02, 1.148511443e+00, 1.171481672e+02, 1.162627751e+02, -8.719708136e+01, 2.526543325e+05
87, 0.000000000e+00, 1.000000000e-02, 1.500000000e-02, 1.148511443e+00, 1.171481672e+02, 1.307956220e+02, -8.719708136e+01, 2.542174262e+05
88, 0.000000000e+00, 1.000000000e-02, 1.666666667e-02, 1.148511443e+00, 1.171481672e+02, 1.453284689e+02, -8.719708136e+01, 2.559644132e+05
89, 0.000000000e+00, 1.000000000e-02, 1.833333333e-02, 1.148511443e+00, 1.171481672e+02, 1.598613158e+02, -8.719708136e+01, 2.578952935e+05
90, 0.000000000e+00, 1.000000000e-02, 2.000000000e-02, 1.148511443e+00, 1.171481672e+02, 1.743941627e+02, -8.719708136e+01, 2.600100673e+05
91, 0.000000000e+00, 1.166666667e-02, 0.000000000e+00, 1.148511443e+00, 1.171481672e+02, 0.000000000e+00, -1.017299283e+02, 2.479650516e+05
92, 0.000000000e+00, 1.166666667e-02, 1.666666667e-03, 1.148511443e+00, 1.171481672e+02, 1.453284689e+01, -1.017299283e+02, 2.480569983e+05
93, 0.000000000e+00, 1.166666667e-02, 3.333333333e-03, 1.148511443e+00, 1.171481672e+02, 2.906569379e+01, -1.017299283e+02, 2.483328384e+05
94, 0.000000000e+00, 1.166666667e-02, 5.000000000e-03, 1.148511443e+00, 1.171481672e+02, 4.359854068e+01, -1.017299283e+02, 2.487925718e+05
95, 0.000000000e+00, 1.166666667e-02, 6.666666667e-03, 1.148511443e+00, 1.171481672e+02, 5.813138757e+01, -1.017299283e+02, 2.494361986e+05
96, 0.000000000e+00, 1.166666667e-02, 8.333333333e-03, 1.148511443e+00, 1.171481672e+02, 7.266423447e+01, -1.017299283e+02, 2.502637187e+05
97, 0.000000000e+00, 1.166666667e-02, 1.000000000e-02, 1.148511443e+00, 1.171481672e+02, 8.719708136e+01, -1.017299283e+02, 2.512751323e+05
98, 0.000000000e+00, 1.166666667e-02, 1.166666667e-02, 1.148511443e+00, 1.171481672e+02, 1.017299283e+02, -1.017299283e+02, 2.524704392e+05
99, 0.000000000e+00, 1.166666667e-02, 1.333333333e-02, 1.148511443e+00, 1.171481672e+02, 1.162627751e+02, -1.017299283e+02, 2.538496394e+05
100, 0.000000000e+00, 1.166666667e-02, 1.500000000e-02, 1.148511443e+00, 1.171481672e+02, 1.307956220e+02, -1.017299283e+02, 2.554127331e+05
101, 0.000000000e+00, 1.166666667e-02, 1.666666667e-02, 1.148511443e+00, 1.171481672e+02, 1.453284689e+02, -1.017299283e+02, 2.571597201e+05
102, 0.000000000e+00, 1.166666667e-02, 1.833333333e-02, 1.148511443e+00, 1.171481672e+02, 1.598613158e+02, -1.017299283e+02, 2.590906004e+05
103, 0.000000000e+00, 1.166666667e-02, 2.000000000e-02, 1.148511443e+00, 1.171481672e+02, 1.743941627e+02, -1.017299283e+02, 2.612053742e+05
104, 0.000000000e+00, 1.333333333e-02, 0.000000000e+00, 1.148511443e+00, 1.171481672e+02, 0.000000000e+00, -1.162627751e+02, 2.493442519e+05
105, 0.000000000e+00, 1.333333333e-02, 1.666666667e-03, 1.148511443e+00, 1.171481672e+02, 1.453284689e+01, -1.162627751e+02, 2.494361986e+05
106, 0.000000000e+00, 1.333333333e-02, 3.333333333e-03, 1.148511443e+00, 1.171481672e+02, 2.906569379e+01, -1.162627751e+02, 2.497120386e+05
107, 0.000000000e+00, 1.333333333e-02, 5.000000000e-03, 1.148511443e+00, 1.171481672e+02, 4.359854068e+01, -1.162627751e+02, 2.501717720e+05
108, 0.000000000e+00, 1.333333333e-02, 6.666666667e-03, 1.148511443e+00, 1.171481672e+02, 5.813138757e+01, -1.162627751e+02, 2.508153988e+05
109, 0.000000000e+00, 1.333333333e-02, 8.333333333e-03, 1.148511443e+00, 1.171481672e+02, 7.266423447e+01, -1.162627751e+02, 2.516429190e+05
110, 0.000000000e+00, 1.333333333e-02, 1.000000000e-02, 1.148511443e+00, 1.171481672e+02, 8.719708136e+01, -1.162627751e+02, 2.526543325e+05
111, 0.000000000e+00, 1.333333333e-02, 1.166666667e-02, 1.148511443e+00, 1.171481672e+02, 1.017299283e+02, -1.162627751e+02, 2.538496394e+05
112, 0.000000000e+00, 1.333333333e-02, 1.333333333e-02, 1.148511443e+00, 1.171481672e+02, 1.162627751e+02, -1.162627751e+02, 2.552288397e+05
113, 0.000000000e+00, 1.333333333e-02, 1.500000000e-02, 1.148511443e+00, 1.171481672e+02, 1.307956220e+02, -1.162627751e+02, 2.567919333e+05
114, 0.000000000e+00, 1.333333333e-02, 1.666666667e-02, 1.148511443e+00, 1.171481672e+02, 1.453284689e+02, -1.162627751e+02, 2.585389203e+05
115, 0.000000000e+00, 1.333333333e-02, 1.833333333e-02, 1.148511443e+00, 1.171481672e+02, 1.598613158e+02, -1.162627751e+02, 2.604698007e+05
116, 0.000000000e+00, 1.333333333e-02, 2.000000000e-02, 1.148511443e+00, 1.171481672e+02, 1.743941627e+02, -1.162627751e+02, 2.625845745e+05
117, 0.000000000e+00, 1.500000000e-02, 0.000000000e+00, 1.148511443e+00, 1.171481672e+02, 0.000000000e+00, -1.307956220e+02, 2.509073455e+05
118, 0.000000000e+00, 1.500000000e-02, 1.666666667e-03, 1.148511443e+00, 1.171481672e+02, 1.453284689e+01, -1.307956220e+02, 2.509992922e+05
119, 0.000000000e+00, 1.500000000e-02, 3.333333333e-03, 1.148511443e+00, 1.171481672e+02, 2.906569379e+01, -1.307956220e+02, 2.512751323e+05
120, 0.000000000e+00, 1.500000000e-02, 5.000000000e-03, 1.148511443e+00, 1.171481672e+02, 4.359854068e+01, -1.307956220e+02, 2.517348657e+05
121, 0.000000000e+00, 1.500000000e-02, 6.666666667e-03, 1.148511443e+00, 1.171481672e+02, 5.813138757e+01, -1.307956220e+02, 2.523784925e+05
122, 0.000000000e+00, 1.500000000e-02, 8.333333333e-03, 1.148511443e+00, 1.171481672e+02, 7.266423447e+01, -1.307956220e+02, 2.532060126e+05
123, 0.000000000e+00, 1.500000000e-02, 1.000000000e-02, 1.148511443e+00, 1.171481672e+02, 8.719708136e+01, -1.307956220e+02, 2.542174262e+05
124, 0.000000000e+00, 1.500000000e-02, 1.166666667e-02, 1.148511443e+00, 1.171481672e+02, 1.017299283e+02, -1.307956220e+02, 2.554127331e+05
125, 0.000000000e+00, 1.500000000e-02, 1.333333333e-02, 1.148511443e+00, 1.171481672e+02, 1.162627751e+02, -1.307956220e+02, 2.567919333e+05
126, 0.000000000e+00, 1.500000000e-02, 1.500000000e-02, 1.148511443e+00, 1.171481672e+02, 1.307956220e+02, -1.307956220e+02, 2.583550270e+05
127, 0.000000000e+00, 1.500000000e-02, 1.666666667e-02, 1.148511443e+00, 1.171481672e+02, 1.453284689e+02, -1.307956220e+02, 2.601020140e+05
128, 0.000000000e+00, 1.500000000e-02, 1.833333333e-02, 1.148511443e+00, 1.171481672e+02, 1.598613158e+02, -1.307956220e+02, 2.620328944e+05
129, 0.000000000e+00, 1.500000000e-02, 2.000000000e-02, 1.148511443e+00, 1.171481672e+02, 1.743941627e+02, -1.307956220e+02, 2.641476681e+05
130, 0.000000000e+00, 1.666666667e-02, 0.000000000e+00, 1.148511443e+00, 1.171481672e+02, 0.000000000e+00, -1.453284689e+02, 2.526543325e+05
131, 0.000000000e+00, 1.666666667e-02, 1.666666667e-03, 1.148511443e+00, 1.171481672e+02, 1.453284689e+01, -1.453284689e+02, 2.527462792e+05
132, 0.000000000e+00, 1.666666667e-02, 3.333333333e-03, 1.148511443e+00, 1.171481672e+02, 2.906569379e+01, -1.453284689e+02, 2.530221193e+05
133, 0.000000000e+00, 1.666666667e-02, 5.000000000e-03, 1.148511443e+00, 1.171481672e+02, 4.359854068e+01, -1.453284689e+02, 2.534818527e+05
134, 0.000000000e+00, 1.666666667e-02, 6.666666667e-03, 1.148511443e+00, 1.171481672e+02, 5.813138757e+01, -1.453284689e+02, 2.541254795e+05
135, 0.000000000e+00, 1.666666667e-02, 8.333333333e-03, 1.148511443e+00, 1.171481672e+02, 7.266423447e+01, -1.453284689e+02, 2.549529996e+05
136, 0.000000000e+00, 1.666666667e-02, 1.000000000e-02, 1.148511443e+00, 1.171481672e+02, 8.719708136e+01, -1.453284689e+02, 2.559644132e+05
137, 0.000000000e+00, 1.666666667e-02, 1.166666667e-02, 1.148511443e+00, 1.171481672e+02, 1.017299283e+02, -1.453284689e+02, 2.571597201e+05
138, 0.000000000e+00, 1.666666667e-02, 1.333333333e-02, 1.148511443e+00, 1.171481672e+02, 1.162627751e+02, -1.453284689e+02, 2.585389203e+05
139, 0.000000000e+00, 1.666666667e-02, 1.500000000e-02, 1.148511443e+00, 1.171481672e+02, 1.307956220e+02, -1.453284689e+02, 2.601020140e+05
140, 0.000000000e+00, 1.666666667e-02, 1.666666667e-02, 1.148511443e+00, 1.171481672e+02, 1.453284689e+02, -1.453284689e+02, 2.618490010e+05
141, 0.000000000e+00, 1.666666667e-02, 1.833333333e-02, 1.148511443e+00, 1.171481672e+02, 1.598613158e+02, -1.453284689e+02, 2.637798814e+05
142, 0.000000000e+00, 1.666666667e-02, 2.000000000e-02, 1.148511443e+00, 1.171481672e+02, 1.743941627e+02, -1.453284689e+02, 2.658946551e+05
143, 0.000000000e+00, 1.833333333e-02, 0.000000000e+00, 1.148511443e+00, 1.171481672e+02, 0.000000000e+00, -1.598613158e+02, 2.545852129e+05
144, 0.000000000e+00, 1.833333333e-02, 1.666666667e-03, 1.148511443e+00, 1.171481672e+02, 1.453284689e+01, -1.598613158e+02, 2.546771596e+05
145, 0.000000000e+00, 1.833333333e-02, 3.333333333e-03, 1.148511443e+00, 1.171481672e+02, 2.906569379e+01, -1.598613158e+02, 2.549529996e+05
146, 0.000000000e+00, 1.833333333e-02, 5.000000000e-03, 1.148511443e+00, 1.171481672e+02, 4.359854068e+01, -1.598613158e+02, 2.554127331e+05
147, 0.000000000e+00, 1.833333333e-02, 6.666666667e-03, 1.148511443e+00, 1.171481672e+02, 5.813138757e+01, -1.598613158e+02, 2.560563599e+05
148, 0.000000000e+00, 1.833333333e-02, 8.333333333e-03, 1.148511443e+00, 1.171481672e+02, 7.266423447e+01, -1.598613158e+02, 2.568838800e+05
149, 0.000000000e+00, 1.833333333e-02, 1.000000000e-02, 1.148511443e+00, 1.171481672e+02, 8.719708136e+01, -1.598613158e+02, 2.578952935e+05
150, 0.000000000e+00, 1.833333333e-02, 1.166666667e-02, 1.148511443e+00, 1.171481672e+02, 1.017299283e+02, -1.598613158e+02, 2.590906004e+05
151, 0.000000000e+00, 1.833333333e-02, 1.333333333e-02, 1.148511443e+00, 1.171481672e+02, 1.162627751e+02, -1.598613158e+02, 2.604698007e+05
152, 0.000000000e+00, 1.833333333e-02, 1.500000000e-02, 1.148511443e+00, 1.171481672e+02, 1.307956220e+02, -1.598613158e+02, 2.620328944e+05
153, 0.000000000e+00, 1.833333333e-02, 1.666666667e-02, 1.148511443e+00, 1.171481672e+02, 1.453284689e+02, -1.598613158e+02, 2.637798814e+05
154, 0.000000000e+00, 1.833333333e-02, 1.833333333e-02, 1.148511443e+00, 1.171481672e+02, 1.598613158e+02, -1.598613158e+02, 2.657107617e+05
155, 0.000000000e+00, 1.833333333e-02, 2.000000000e-02, 1.148511443e+00, 1.171481672e+02, 1.743941627e+02, -1.598613158e+02, 2.678255355e+05
156, 0.000000000e+00, 2.000000000e-02, 0.000000000e+00, 1.148511443e+00, 1.171481672e+02, 0.000000000e+00, -1.743941627e+02, 2.566999866e+05
157, 0.000000000e+00, 2.000000000e-02, 1.666666667e-03, 1.148511443e+00, 1.171481672e+02, 1.453284689e+01, -1.743941627e+02, 2.567919333e+05
158, 0.000000000e+00, 2.000000000e-02, 3.333333333e-03, 1.148511443e+00, 1.171481672e+02, 2.906569379e+01, -1.743941627e+02, 2.570677734e+05
159, 0.000000000e+00, 2.000000000e-02, 5.000000000e-03, 1.148511443e+00, 1.171481672e+02, 4.359854068e+01, -1.743941627e+02, 2.575275068e+05
160, 0.000000000e+00, 2.000000000e-02, 6.666666667e-03, 1.148511443e+00, 1.171481672e+02, 5.813138757e+01, -1.743941627e+02, 2.581711336e+05
161, 0.000000000e+00, 2.000000000e-02, 8.333333333e-03, 1.148511443e+00, 1.171481672e+02, 7.266423447e+01, -1.743941627e+02, 2.589986538e+05
162, 0.000000000e+00, 2.000000000e-02, 1.000000000e-02, 1.148511443e+00, 1.171481672e+02, 8.719708136e+01, -1.743941627e+02, 2.600100673e+05
163, 0.000000000e+00, 2.000000000e-02, 1.166666667e-02, 1.148511443e+00, 1.171481672e+02, 1.017299283e+02, -1.743941627e+02, 2.612053742e+05
164, 0.000000000e+00, 2.000000000e-02, 1.333333333e-02, 1.148511443e+00, 1.171481672e+02, 1.162627751e+02, -1.743941627e+02, 2.625845745e+05
165, 0.000000000e+00, 2.000000000e-02, 1.500000000e-02, 1.148511443e+00, 1.171481672e+02, 1.307956220e+02, -1.743941627e+02, 2.641476681e+05
166, 0.000000000e+00, 2.000000000e-02, 1.666666667e-02, 1.148511443e+00, 1.171481672e+02, 1.453284689e+02, -1.743941627e+02, 2.658946551e+05
167, 0.000000000e+00, 2.000000000e-02, 1.833333333e-02, 1.148511443e+00, 1.171481672e+02, 1.598613158e+02, -1.743941627e+02, 2.678255355e+05
168, 0.000000000e+00, 2.000000000e-02, 2.000000000e-02, 1.148511443e+00, 1.171481672e+02, 1.743941627e+02, -1.743941627e+02, 2.699403092e+05
169, 2.500000000e-03, 0.000000000e+00, 0.000000000e+00, 1.148511443e+00, 1.171481672e+02, 0.000000000e+00, 0.000000000e+00, 2.434596641e+05
170, 2.500000000e-03, 0.000000000e+00, 1.666666667e-03, 1.148511443e+00, 1.171481672e+02, 1.453284689e+01, 0.000000000e+00, 2.435516108e+05
171, 2.500000000e-03, 0.000000000e+00, 3.333333333e-03, 1.148511443e+00, 1.171481672e+02, 2.906569379e+01, 0.000000000e+00, 2.438274508e+05
172, 2.500000000e-03, 0.000000000e+00, 5.000000000e-03, 1.148511443e+00, 1.171481672e+02, 4.359854068e+01, 0.000000000e+00, 2.442871842e+05
173, 2.500000000e-03, 0.000000000e+00, 6.666666667e-03, 1.148511443e+00, 1.171481672e+02, 5.813138757e+01, 0.000000000e+00, 2.449308110e+05
174, 2.500000000e-03, 0.000000000e+00, 8.333333333e-03, 1.148511443e+00, 1.171481672e+02, 7.266423447e+01, 0.000000000e+00, 2.457583312e+05
175, 2.500000000e-03, 0.000000000e+00, 1.000000000e-02, 1.148511443e+00, 1.171481672e+02, 8.719708136e+01, 0.000000000e+00, 2.467697447e+05
176, 2.500000000e-03, 0.000000000e+00, 1.166666667e-02, 1.148511443e+00, 1.171481672e+02, 1.017299283e+02, 0.000000000e+00, 2.479650516e+05
177, 2.500000000e-03, 0.000000000e+00, 1.333333333e-02, 1.148511443e+00, 1.171481672e+02, 1.162627751e+02, 0.000000000e+00, 2.493442519e+05
178, 2.500000000e-03, 0.000000000e+00, 1.500000000e-02, 1.148511443e+00, 1.171481672e+02, 1.307956220e+02, 0.000000000e+00, 2.509073455e+05
179, 2.500000000e-03, 0.000000000e+00, 1.666666667e-02, 1.148511443e+00, 1.171481672e+02, 1.453284689e+02, 0.000000000e+00, 2.526543325e+05
180, 2.500000000e-03, 0.000000000e+00, 1.833333333e-02, 1.148511443e+00, 1.171481672e+02, 1.598613158e+02, 0.000000000e+00, 2.545852129e+05
181, 2.500000000e-03, 0.000000000e+00, 2.000000000e-02, 1.148511443e+00, 1.171481672e+02, 1.743941627e+02, 0.000000000e+00, 2.566999866e+05
182, 2.500000000e-03, 1.666666667e-03, 0.000000000e+00, 1.148511443e+00, 1.171481672e+02, 0.000000000e+00, -1.453284689e+01, 2.435516108e+05
183, 2.500000000e-03, 1.666666667e-03, 1.666666667e-03, 1.148511443e+00, 1.171481672e+02, 1.453284689e+01, -1.453284689e+01, 2.436435574e+05
184, 2.500000000e-03, 1.666666667e-03, 3.333333333e-03, 1.148511443e+00, 1.171481672e+02, 2.906569379e+01, -1.453284689e+01, 2.439193975e+05
185, 2.500000000e-03, 1.666666667e-03, 5.000000000e-03, 1.148511443e+00, 1.171481672e+02, 4.359854068e+01, -1.453284689e+01, 2.443791309e+05
186, 2.500000000e-03, 1.666666667e-03, 6.666666667e-03, 1.148511443e+00, 1.171481672e+02, 5.813138757e+01, -1.453284689e+01, 2.450227577e+05
187, 2.500000000e-03, 1.666666667e-03, 8.333333333e-03, 1.148511443e+00, 1.171481672e+02, 7.266423447e+01, -1.453284689e+01, 2.458502779e+05
188, 2.500000000e-03, 1.666666667e-03, 1.000000000e-02, 1.148511443e+00, 1.171481672e+02, 8.719708136e+01, -1.453284689e+01, 2.468616914e+05
189, 2.500000000e-03, 1.666666667e-03, 1.166666667e-02, 1.148511443e+00, 1.171481672e+02, 1.017299283e+02, -1.453284689e+01, 2.480569983e+05
190, 2.500000000e-03, 1.666666667e-03, 1.333333333e-02, 1.148511443e+00, 1.171481672e+02, 1.162627751e+02, -1.453284689e+01, 2.494361986e+05
191, 2.500000000e-03, 1.666666667e-03, 1.500000000e-02, 1.148511443e+00, 1.171481672e+02, 1.307956220e+02, -1.453284689e+01, 2.509992922e+05
192, 2.500000000e-03, 1.666666667e-03, 1.666666667e-02, 1.148511443e+00, 1.171481672e+02, 1.453284689e+02, -1.453284689e+01, 2.527462792e+05
193, 2.500000000e-03, 1.666666667e-03, 1.833333333e-02, 1.148511443e+00, 1.171481672e+02, 1.598613158e+02, -1.453284689e+01, 2.546771596e+05
194, 2.500000000e-03, 1.666666667e-03, 2.000000000e-02, 1.148511443e+00, 1.171481672e+02, 1.743941627e+02, -1.453284689e+01, 2.567919333e+05
195, 2.500000000e-03, 3.333333333e-03, 0.000000000e+00, 1.148511443e+00, 1.171481672e+02, 0.000000000e+00, -2.906569379e+01, 2.438274508e+05
196, 2.500000000e-03, 3.333333333e-03, 1.666666667e-03, 1.148511443e+00, 1.171481672e+02, 1.453284689e+01, -2.906569379e+01, 2.439193975e+05
197, 2.500000000e-03, 3.333333333e-03, 3.333333333e-03, 1.148511443e+00, 1.171481672e+02, 2.906569379e+01, -2.906569379e+01, 2.441952375e+05
198, 2.500000000e-03, 3.333333333e-03, 5.000000000e-03, 1.148511443e+00, 1.171481672e+02, 4.359854068e+01, -2.906569379e+01, 2.446549710e+05
199, 2.500000000e-03, 3.333333333e-03, 6.666666667e-03, 1.148511443e+00, 1.171481672e+02, 5.813138757e+01, -2.906569379e+01, 2.452985978e+05
200, 2.500000000e-03, 3.333333333e-03, 8.333333333e-03, 1.148511443e+00, 1.171481672e+02, 7.266423447e+01, -2.906569379e+01, 2.461261179e+05
201, 2.500000000e-03, 3.333333333e-03, 1.000000000e-02, 1.148511443e+00, 1.171481672e+02, 8.719708136e+01, -2.906569379e+01, 2.471375315e+05
202, 2.500000000e-03, 3.333333333e-03, 1.166666667e-02, 1.148511443e+00, 1.171481672e+02, 1.017299283e+02, -2.906569379e+01, 2.483328384e+05
203, 2.500000000e-03, 3.333333333e-03, 1.333333333e-02, 1.148511443e+00, 1.171481672e+02, 1.162627751e+02, -2.906569379e+01, 2.497120386e+05
204, 2.500000000e-03, 3.333333333e-03, 1.500000000e-02, 1.148511443e+00, 1.171481672e+02, 1.307956220e+02, -2.906569379e+01, 2.512751323e+05
205, 2.500000000e-03, 3.333333333e-03, 1.666666667e-02, 1.148511443e+00, 1.171481672e+02, 1.453284689e+02, -2.906569379e+01, 2.530221193e+05
206, 2.500000000e-03, 3.333333333e-03, 1.833333333e-02, 1.148511443e+00, 1.171481672e+02, 1.598613158e+02, -2.906569379e+01, 2.549529996e+05
207, 2.500000000e-03, 3.333333333e-03, 2.000000000e-02, 1.148511443e+00, 1.171481672e+02, 1.743941627e+02, -2.906569379e+01, 2.570677734e+05
208, 2.500000000e-03, 5.000000000e-03, 0.000000000e+00, 1.148511443e+00, 1.171481672e+02, 0.000000000e+00, -4.359854068e+01, 2.442871842e+05
209, 2.500000000e-03, 5.000000000e-03, 1.666666667e-03, 1.148511443e+00, 1.171481672e+02, 1.453284689e+01, -4.359854068e+01, 2.443791309e+05
210, 2.500000000e-03, 5.000000000e-03, 3.333333333e-03, 1.148511443e+00, 1.171481672e+02, 2.906569379e+01, -4.359854068e+01, 2.446549710e+05
211, 2.500000000e-03, 5.000000000e-03, 5.000000000e-03, 1.148511443e+00, 1.171481672e+02, 4.359854068e+01, -4.359854068e+01, 2.451147044e+05
212, 2.500000000e-03, 5.000000000e-03, 6.666666667e-03, 1.148511443e+00, 1.171481672e+02, 5.813138757e+01, -4.359854068e+01, 2.457583312e+05
213, 2.500000000e-03, 5.000000000e-03, 8.333333333e-03, 1.148511443e+00, 1.171481672e+02, 7.266423447e+01, -4.359854068e+01, 2.465858513e+05
214, 2.500000000e-03, 5.000000000e-03, 1.000000000e-02, 1.148511443e+00, 1.171481672e+02, 8.719708136e+01, -4.359854068e+01, 2.475972649e+05
215, 2.500000000e-03, 5.000000000e-03, 1.166666667e-02, 1.148511443e+00, 1.171481672e+02, 1.017299283e+02, -4.359854068e+01, 2.487925718e+05
216, 2.500000000e-03, 5.000000000e-03, 1.333333333e-02, 1.148511443e+00, 1.171481672e+02, 1.162627751e+02, -4.359854068e+01, 2.501717720e+05
217, 2.500000000e-03, 5.000000000e-03, 1.500000000e-02, 1.148511443e+00, 1.171481672e+02, 1.307956220e+02, -4.359854068e+01, 2.517348657e+05
218, 2.500000000e-03, 5.000000000e-03, 1.666666667e-02, 1.148511443e+00, 1.171481672e+02, 1.453284689e+02, -4.359854068e+01, 2.534818527e+05
219, 2.500000000e-03, 5.000000000e-03, 1.833333333e-02, 1.148511443e+00, 1.171481672e+02, 1.598613158e+02, -4.359854068e+01, 2.554127331e+05
220, 2.500000000e-03, 5.000000000e-03, 2.000000000e-02, 1.148511443e+00, 1.171481672e+02, 1.743941627e+02, -4.359854068e+01, 2.575275068e+05
221, 2.500000000e-03, 6.666666667e-03, 0.000000000e+00, 1.148511443e+00, 1.171481672e+02, 0.000000000e+00, -5.813138757e+01, 2.449308110e+05
222, 2.500000000e-03, 6.666666667e-03, 1.666666667e-03, 1.148511443e+00, 1.171481672e+02, 1.453284689e+01, -5.813138757e+01, 2.450227577e+05
223, 2.500000000e-03, 6.666666667e-03, 3.333333333e-03, 1.148511443e+00, 1.171481672e+02, 2.906569379e+01, -5.813138757e+01, 2.452985978e+05
224, 2.500000000e-03, 6.666666667e-03, 5.000000000e-03, 1.148511443e+00, 1.171481672e+02, 4.359854068e+01, -5.813138757e+01, 2.457583312e+05
225, 2.500000000e-03, 6.666666667e-03, 6.666666667e-03, 1.148511443e+00, 1.171481672e+02, 5.813138757e+01, -5.813138757e+01, 2.464019580e+05
226, 2.500000000e-03, 6.666666667e-03, 8.333333333e-03, 1.148511443e+00, 1.171481672e+02, 7.266423447e+01, -5.813138757e+01, 2.472294781e+05
227, 2.500000000e-03, 6.666666667e-03, 1.000000000e-02, 1.148511443e+00, 1.171481672e+02, 8.719708136e+01, -5.813138757e+01, 2.482408917e+05
228, 2.500000000e-03, 6.666666667e-03, 1.166666667e-02, 1.148511443e+00, 1.171481672e+02, 1.017299283e+02, -5.813138757e+01, 2.494361986e+05
229, 2.500000000e-03, 6.666666667e-03, 1.333333333e-02, 1.148511443e+00, 1.171481672e+02, 1.162627751e+02, -5.813138757e+01, 2.508153988e+05
230, 2.500000000e-03, 6.666666667e-03, 1.500000000e-02, 1.148511443e+00, 1.171481672e+02, 1.307956220e+02, -5.813138757e+01, 2.523784925e+05
231, 2.500000000e-03, 6.666666667e-03, 1.666666667e-02, 1.148511443e+00, 1.171481672e+02, 1.453284689e+02, -5.813138757e+01, 2.541254795e+05
232, 2.500000000e-03, 6.666666667e-03, 1.833333333e-02, 1.148511443e+00, 1.171481672e+02, 1.598613158e+02, -5.813138757e+01, 2.560563599e+05
233, 2.500000000e-03, 6.666666667e-03, 2.000000000e-02, 1.148511443e+00, 1.171481672e+02, 1.743941627e+02, -5.813138757e+01, 2.581711336e+05
234, 2.500000000e-03, 8.333333333e-03, 0.000000000e+00, 1.148511443e+00, 1.171481672e+02, 0.000000000e+00, -7.266423447e+01, 2.457583312e+05
235, 2.500000000e-03, 8.333333333e-03, 1.666666667e-03, 1.148511443e+00, 1.171481672e+02, 1.453284689e+01, -7.266423447e+01, 2.458502779e+05
236, 2.500000000e-03, 8.333333333e-03, 3.333333333e-03, 1.148511443e+00, 1.171481672e+02, 2.906569379e+01, -7.266423447e+01, 2.461261179e+05
237, 2.500000000e-03, 8.333333333e-03, 5.000000000e-03, 1.148511443e+00, 1.171481672e+02, 4.359854068e+01, -7.266423447e+01, 2.465858513e+05
238, 2.500000000e-03, 8.333333333e-03, 6.666666667e-03, 1.148511443e+00, 1.171481672e+02, 5.813138757e+01, -7.266423447e+01, 2.472294781e+05
239, 2.500000000e-03, 8.333333333e-03, 8.333333333e-03, 1.148511443e+00, 1.171481672e+02, 7.266423447e+01, -7.266423447e+01, 2.480569983e+05
240, 2.500000000e-03, 8.333333333e-03, 1.000000000e-02, 1.148511443e+00, 1.171481672e+02, 8.719708136e+01, -7.266423447e+01, 2.490684118e+05
241, 2.500000000e-03, 8.333333333e-03, 1.166666667e-02, 1.148511443e+00, 1.171481672e+02, 1.017299283e+02, -7.266423447e+01, 2.502637187e+05
242, 2.500000000e-03, 8.333333333e-03, 1.333333333e-02, 1.148511443e+00, 1.171481672e+02, 1.162627751e+02, -7.266423447e+01, 2.516429190e+05
243, 2.500000000e-03, 8.333333333e-03, 1.500000000e-02, 1.148511443e+00, 1.171481672e+02, 1.307956220e+02, -7.266423447e+01, 2.532060126e+05
244, 2.500000000e-03, 8.333333333e-03, 1.666666667e-02, 1.148511443e+00, 1.171481672e+02, 1.453284689e+02, -7.266423447e+01, 2.549529996e+05
245, 2.500000000e-03, 8.333333333e-03, 1.833333333e-02, 1.148511443e+00, 1.171481672e+02, 1.598613158e+02, -7.266423447e+01, 2.568838800e+05
246, 2.500000000e-03, 8.333333333e-03, 2.000000000e-02, 1.148511443e+00, 1.171481672e+02, 1.743941627e+02, -7.266423447e+01, 2.589986538e+05
247, 2.500000000e-03, 1.000000000e-02, 0.000000000e+00, 1.148511443e+00, 1.171481672e+02, 0.000000000e+00, -8.719708136e+01, 2.467697447e+05
248, 2.500000000e-03, 1.000000000e-02, 1.666666667e-03, 1.148511443e+00, 1.171481672e+02, 1.453284689e+01, -8.719708136e+01, 2.468616914e+05
249, 2.500000000e-03, 1.000000000e-02, 3.333333333e-03, 1.148511443e+00, 1.171481672e+02, 2.906569379e+01, -8.719708136e+01, 2.471375315e+05
250, 2.500000000e-03, 1.000000000e-02, 5.000000000e-03, 1.148511443e+00, 1.171481672e+02, 4.359854068e+01, -8.719708136e+01, 2.475972649e+05
251, 2.500000000e-03, 1.000000000e-02, 6.666666667e-03, 1.148511443e+00, 1.171481672e+02, 5.813138757e+01, -8.719708136e+01, 2.482408917e+05
252, 2.500000000e-03, 1.000000000e-02, 8.333333333e-03, 1.148511443e+00, 1.171481672e+02, 7.266423447e+01, -8.719708136e+01, 2.490684118e+05
253, 2.500000000e-03, 1.000000000e-02, 1.000000000e-02, 1.148511443e+00, 1.171481672e+02, 8.719708136e+01, -8.719708136e+01, 2.500798254e+05
254, 2.500000000e-03, 1.000000000e-02, 1.166666667e-02, 1.148511443e+00, 1.171481672e+02, 1.017299283e+02, -8.719708136e+01, 2.512751323e+05
255, 2.500000000e-03, 1.000000000e-02, 1.333333333e-02, 1.148511443e+00, 1.171481672e+02, 1.162627751e+02, -8.719708136e+01, 2.526543325e+05
256, 2.500000000e-03, 1.000000000e-02, 1.500000000e-02, 1.148511443e+00, 1.171481672e+02, 1.307956220e+02, -8.719708136e+01, 2.542174262e+05
257, 2.500000000e-03, 1.000000000e-02, 1.666666667e-02, 1.148511443e+00, 1.171481672e+02, 1.453284689e+02, -8.719708136e+01, 2.559644132e+05
258, 2.500000000e-03, 1.000000000e-02, 1.833333333e-02, 1.148511443e+00, 1.171481672e+02, 1.598613158e+02, -8.719708136e+01, 2.578952935e+05
259, 2.500000000e-03, 1.000000000e-02, 2.000000000e-02, 1.148511443e+00, 1.171481672e+02, 1.743941627e+02, -8.719708136e+01, 2.600100673e+05
260, 2.500000000e-03, 1.166666667e-02, 0.000000000e+00, 1.148511443e+00, 1.171481672e+02, 0.000000000e+00, -1.017299283e+02, 2.479650516e+05
261, 2.500000000e-03, 1.166666667e-02, 1.666666667e-03, 1.148511443e+00, 1.171481672e+02, 1.453284689e+01, -1.017299283e+02, 2.480569983e+05
262, 2.500000000e-03, 1.166666667e-02, 3.333333333e-03, 1.148511443e+00, 1.171481672e+02, 2.906569379e+01, -1.017299283e+02, 2.483328384e+05
263, 2.500000000e-03, 1.166666667e-02, 5.000000000e-03, 1.148511443e+00, 1.171481672e+02, 4.359854068e+01, -1.017299283e+02, 2.487925718e+05
264, 2.500000000e-03, 1.166666667e-02, 6.666666667e-03, 1.148511443e+00, 1.171481672e+02, 5.813138757e+01, -1.017299283e+02, 2.494361986e+05
265, 2.500000000e-03, 1.166666667e-02, 8.333333333e-03, 1.148511443e+00, 1.171481672e+02, 7.266423447e+01, -1.017299283e+02, 2.502637187e+05
266, 2.500000000e-03, 1.166666667e-02, 1.000000000e-02, 1.148511443e+00, 1.171481672e+02, 8.719708136e+01, -1.017299283e+02, 2.512751323e+05
267, 2.500000000e-03, 1.166666667e-02, 1.166666667e-02, 1.148511443e+00, 1.171481672e+02, 1.017299283e+02, -1.017299283e+02, 2.524704392e+05
268, 2.500000000e-03, 1.166666667e-02, 1.333333333e-02, 1.148511443e+00, 1.171481672e+02, 1.162627751e+02, -1.017299283e+02, 2.538496394e+05
269, 2.500000000e-03, 1.166666667e-02, 1.500000000e-02, 1.148511443e+00, 1.171481672e+02, 1.307956220e+02, -1.017299283e+02, 2.554127331e+05
270, 2.500000000e-03, 1.166666667e-02, 1.666666667e-02, 1.148511443e+00, 1.171481672e+02, 1.453284689e+02, -1.017299283e+02, 2.571597201e+05
271, 2.500000000e-03, 1.166666667e-02, 1.833333333e-02, 1.148511443e+00, 1.171481672e+02, 1.598613158e+02, -1.017299283e+02, 2.590906004e+05
272, 2.500000000e-03, 1.166666667e-02, 2.000000000e-02, 1.148511443e+00, 1.171481672e+02, 1.743941627e+02, -1.017299283e+02, 2.612053742e+05
273, 2.500000000e-03, 1.333333333e-02, 0.000000000e+00, 1.148511443e+00, 1.171481672e+02, 0.000000000e+00, -1.162627751e+02, 2.493442519e+05
274, 2.500000000e-03, 1.333333333e-02, 1.666666667e-03, 1.148511443e+00, 1.171481672e+02, 1.453284689e+01, -1.162627751e+02, 2.494361986e+05
275, 2.500000000e-03, 1.333333333e-02, 3.333333333e-03, 1.148511443e+00, 1.171481672e+02, 2.906569379e+01, -1.162627751e+02, 2.497120386e+05
276, 2.500000000e-03, 1.333333333e-02, 5.000000000e-03, 1.148511443e+00, 1.171481672e+02, 4.359854068e+01, -1.162627751e+02, 2.501717720e+05
277, 2.500000000e-03, 1.333333333e-02, 6.666666667e-03, 1.148511443e+00, 1.171481672e+02, 5.813138757e+01, -1.162627751e+02, 2.508153988e+05
278, 2.500000000e-03, 1.333333333e-02, 8.333333333e-03, 1.148511443e+00, 1.171481672e+02, 7.266423447e+01, -1.162627751e+02, 2.516429190e+05
279, 2.500000000e-03, 1.333333333e-02, 1.000000000e-02, 1.148511443e+00, 1.171481672e+02, 8.719708136e+01, -1.162627751e+02, 2.526543325e+05
280, 2.500000000e-03, 1.333333333e-02, 1.166666667e-02, 1.148511443e+00, 1.171481672e+02, 1.017299283e+02, -1.162627751e+02, 2.538496394e+05
281, 2.500000000e-03, 1.333333333e-02, 1.333333333e-02, 1.148511443e+00, 1.171481672e+02, 1.162627751e+02, -1.162627751e+02, 2.552288397e+05
282, 2.500000000e-03, 1.333333333e-02, 1.500000000e-02, 1.148511443e+00, 1.171481672e+02, 1.307956220e+02, -1.162627751e+02, 2.567919333e+05
283, 2.500000000e-03, 1.333333333e-02, 1.666666667e-02, 1.148511443e+00, 1.171481672e+02, 1.453284689e+02, -1.162627751e+02, 2.585389203e+05
284, 2.500000000e-03, 1.333333333e-02, 1.833333333e-02, 1.148511443e+00, 1.171481672e+02, 1.598613158e+02, -1.162627751e+02, 2.604698007e+05
285, 2.500000000e-03, 1.333333333e-02, 2.000000000e-02, 1.148511443e+00, 1.171481672e+02, 1.743941627e+02, -1.162627751e+02, 2.625845745e+05
286, 2.500000000e-03, 1.500000000e-02, 0.000000000e+00, 1.148511443e+00, 1.171481672e+02, 0.000000000e+00, -1.307956220e+02, 2.509073455e+05
287, 2.500000000e-03, 1.500000000e-02, 1.666666667e-03, 1.148511443e+00, 1.171481672e+02, 1.453284689e+01, -1.307956220e+02, 2.509992922e+05
288, 2.500000000e-03, 1.500000000e-02, 3.333333333e-03, 1.148511443e+00, 1.171481672e+02, 2.906569379e+01, -1.307956220e+02, 2.512751323e+05
289, 2.500000000e-03, 1.500000000e-02, 5.000000000e-03, 1.148511443e+00, 1.171481672e+02, 4.359854068e+01, -1.307956220e+02, 2.517348657e+05
290, 2.500000000e-03, 1.500000000e-02, 6.666666667e-03, 1.148511443e+00, 1.171481672e+02, 5.813138757e+01, -1.307956220e+02, 2.523784925e+05
291, 2.500000000e-03, 1.500000000e-02, 8.333333333e-03, 1.148511443e+00, 1.171481672e+02, 7.266423447e+01, -1.307956220e+02, 2.532060126e+05
292, 2.500000000e-03, 1.500000000e-02, 1.000000000e-02, 1.148511443e+00, 1.171481672e+02, 8.719708136e+01, -1.307956220e+02, 2.542174262e+05
293, 2.500000000e-03, 1.500000000e-02, 1.166666667e-02, 1.148511443e+00, 1.171481672e+02, 1.017299283e+02, -1.307956220e+02, 2.554127331e+05
294, 2.500000000e-03, 1.500000000e-02, 1.333333333e-02, 1.148511443e+00, 1.171481672e+02, 1.162627751e+02, -1.307956220e+02, 2.567919333e+05
295, 2.500000000e-03, 1.500000000e-02, 1.500000000e-02, 1.148511443e+00, 1.171481672e+02, 1.307956220e+02, -1.307956220e+02, 2.583550270e+05
296, 2.500000000e-03, 1.500000000e-02, 1.666666667e-02, 1.148511443e+00, 1.171481672e+02, 1.453284689e+02, -1.307956220e+02, 2.601020140e+05
297, 2.500000000e-03, 1.500000000e-02, 1.833333333e-02, 1.148511443e+00, 1.171481672e+02, 1.598613158e+02, -1.307956220e+02, 2.620328944e+05
298, 2.500000000e-03, 1.500000000e-02, 2.000000000e-02, 1.148511443e+00, 1.171481672e+02, 1.743941627e+02, -1.307956220e+02, 2.641476681e+05
299, 2.500000000e-03, 1.666666667e-02, 0.000000000e+00, 1.148511443e+00, 1.171481672e+02, 0.000000000e+00, -1.453284689e+02, 2.526543325e+05
300, 2.500000000e-03, 1.666666667e-02, 1.666666667e-03, 1.148511443e+00, 1.171481672e+02, 1.453284689e+01, -1.453284689e+02, 2.527462792e+05
301, 2.500000000e-03, 1.666666667e-02, 3.333333333e-03, 1.148511443e+00, 1.171481672e+02, 2.906569379e+01, -1.453284689e+02, 2.530221193e+05
302, 2.500000000e-03, 1.666666667e-02, 5.000000000e-03, 1.148511443e+00, 1.171481672e+02, 4.359854068e+01, -1.453284689e+02, 2.534818527e+05
303, 2.500000000e-03, 1.666666667e-02, 6.666666667e-03, 1.148511443e+00, 1.171481672e+02, 5.813138757e+01, -1.453284689e+02, 2.541254795e+05
304, 2.500000000e-03, 1.666666667e-02, 8.333333333e-03, 1.148511443e+00, 1.171481672e+02, 7.266423447e+01, -1.453284689e+02, 2.549529996e+05
305, 2.500000000e-03, 1.666666667e-02, 1.000000000e-02, 1.148511443e+00, 1.171481672e+02, 8.719708136e+01, -1.453284689e+02, 2.559644132e+05
306, 2.500000000e-03, 1.666666667e-02, 1.166666667e-02, 1.148511443e+00, 1.171481672e+02, 1.017299283e+02, -1.453284689e+02, 2.571597201e+05
307, 2.500000000e-03, 1.666666667e-02, 1.333333333e-02, 1.148511443e+00, 1.171481672e+02, 1.162627751e+02, -1.453284689e+02, 2.585389203e+05
308, 2.500000000e-03, 1.666666667e-02, 1.500000000e-02, 1.148511443e+00, 1.171481672e+02, 1.307956220e+02, -1.453284689e+02, 2.601020140e+05
309, 2.500000000e-03, 1.666666667e-02, 1.666666667e-02, 1.148511443e+00, 1.171481672e+02, 1.453284689e+02, -1.453284689e+02, 2.618490010e+05
310, 2.500000000e-03, 1.666666667e-02, 1.833333333e-02, 1.148511443e+00, 1.171481672e+02, 1.598613158e+02, -1.453284689e+02, 2.637798814e+05
311, 2.500000000e-03, 1.666666667e-02, 2.000000000e-02, 1.148511443e+00, 1.171481672e+02, 1.743941627e+02, -1.453284689e+02, 2.658946551e+05
312, 2.500000000e-03, 1.833333333e-02, 0.000000000e+00, 1.148511443e+00, 1.171481672e+02, 0.000000000e+00, -1.598613158e+02, 2.545852129e+05
313, 2.500000000e-03, 1.833333333e-02, 1.666666667e-03, 1.148511443e+00, 1.171481672e+02, 1.453284689e+01, -1.598613158e+02, 2.546771596e+05
314, 2.500000000e-03, 1.833333333e-02, 3.333333333e-03, 1.148511443e+00, 1.171481672e+02, 2.906569379e+01, -1.598613158e+02, 2.549529996e+05
315, 2.500000000e-03, 1.833333333e-02, 5.000000000e-03, 1.148511443e+00, 1.171481672e+02, 4.359854068e+01, -1.598613158e+02, 2.554127331e+05
316, 2.500000000e-03, 1.833333333e-02, 6.666666667e-03, 1.148511443e+00, 1.171481672e+02, 5.813138757e+01, -1.598613158e+02, 2.560563599e+05
317, 2.500000000e-03, 1.833333333e-02, 8.333333333e-03, 1.148511443e+00, 1.171481672e+02, 7.266423447e+01, -1.598613158e+02, 2.568838800e+05
318, 2.500000000e-03, 1.833333333e-02, 1.000000000e-02, 1.148511443e+00, 1.171481672e+02, 8.719708136e+01, -1.598613158e+02, 2.578952935e+05
319, 2.500000000e-03, 1.833333333e-02, 1.166666667e-02, 1.148511443e+00, 1.171481672e+02, 1.017299283e+02, -1.598613158e+02, 2.590906004e+05
320, 2.500000000e-03, 1.833333333e-02, 1.333333333e-02, 1.148511443e+00, 1.171481672e+02, 1.162627751e+02, -1.598613158e+02, 2.604698007e+05
321, 2.500000000e-03, 1.833333333e-02, 1.500000000e-02, 1.148511443e+00, 1.171481672e+02, 1.307956220e+02, -1.598613158e+02, 2.620328944e+05
322, 2.500000000e-03, 1.833333333e-02, 1.666666667e-02, 1.148511443e+00, 1.171481672e+02, 1.453284689e+02, -1.598613158e+02, 2.637798814e+05
323, 2.500000000e-03, 1.833333333e-02, 1.833333333e-02, 1.148511443e+00, 1.171481672e+02, 1.598613158e+02, -1.598613158e+02, 2.657107617e+05
324, 2.500000000e-03, 1.833333333e-02, 2.000000000e-02, 1.148511443e+00, 1.171481672e+02, 1.743941627e+02, -1.598613158e+02, 2.678255355e+05
325, 2.500000000e-03, 2.000000000e-02, 0.000000000e+00, 1.148511443e+00, 1.171481672e+02, 0.000000000e+00, -1.743941627e+02, 2.566999866e+05
326, 2.500000000e-03, 2.000000000e-02, 1.666666667e-03, 1.148511443e+00, 1.171481672e+02, 1.453284689e+01, -1.743941627e+02, 2.567919333e+05
327, 2.500000000e-03, 2.000000000e-02, 3.333333333e-03, 1.148511443e+00, 1.171481672e+02, 2.906569379e+01, -1.743941627e+02, 2.570677734e+05
328, 2.500000000e-03, 2.000000000e-02, 5.000000000e-03, 1.148511443e+00, 1.171481672e+02, 4.359854068e+01, -1.743941627e+02, 2.575275068e+05
329, 2.500000000e-03, 2.000000000e-02, 6.666666667e-03, 1.148511443e+00, 1.171481672e+02, 5.813138757e+01, -1.743941627e+02, 2.581711336e+05
330, 2.500000000e-03, 2.000000000e-02, 8.333333333e-03, 1.148511443e+00, 1.171481672e+02, 7.266423447e+01, -1.743941627e+02, 2.589986538e+05
331, 2.500000000e-03, 2.000000000e-02, 1.000000000e-02, 1.148511443e+00, 1.171481672e+02, 8.719708136e+01, -1.743941627e+02, 2.600100673e+05
332, 2.500000000e-03, 2.000000000e-02, 1.166666667e-02, 1.148511443e+00, 1.171481672e+02, 1.017299283e+02, -1.743941627e+02, 2.612053742e+05
333, 2.500000000e-03, 2.000000000e-02, 1.333333333e-02, 1.148511443e+00, 1.171481672e+02, 1.162627751e+02, -1.743941627e+02, 2.625845745e+05
334, 2.500000000e-03, 2.000000000e-02, 1.500000000e-02, 1.148511443e+00, 1.171481672e+02, 1.307956220e+02, -1.743941627e+02, 2.641476681e+05
335, 2.500000000e-03, 2.000000000e-02, 1.666666667e-02, 1.148511443e+00, 1.171481672e+02, 1.453284689e+02, -1.743941627e+02, 2.658946551e+05
336, 2.500000000e-03, 2.000000000e-02, 1.833333333e-02, 1.148511443e+00, 1.171481672e+02, 1.598613158e+02, -1.743941627e+02, 2.678255355e+05
337, 2.500000000e-03, 2.000000000e-02, 2.000000000e-02, 1.148511443e+00, 1.171481672e+02, 1.743941627e+02, -1.743941627e+02, 2.699403092e+05
338, 5.000000000e-03, 0.000000000e+00, 0.000000000e+00, 1.148511443e+00, 1.171481672e+02, 0.000000000e+00, 0.000000000e+00, 2.434596641e+05
339, 5.000000000e-03, 0.000000000e+00, 1.666666667e-03, 1.148511443e+00, 1.171481672e+02, 1.453284689e+01, 0.000000000e+00, 2.435516108e+05
340, 5.000000000e-03, 0.000000000e+00, 3.333333333e-03, 1.148511443e+00, 1.171481672e+02, 2.906569379e+01, 0.000000000e+00, 2.438274508e+05
341, 5.000000000e-03, 0.000000000e+00, 5.000000000e-03, 1.148511443e+00, 1.171481672e+02, 4.359854068e+01, 0.000000000e+00, 2.442871842e+05
342, 5.000000000e-03, 0.000000000e+00, 6.666666667e-03, 1.148511443e+00, 1.171481672e+02, 5.813138757e+01, 0.000000000e+00, 2.449308110e+05
343, 5.000000000e-03, 0.000000000e+00, 8.333333333e-03, 1.148511443e+00, 1.171481672e+02, 7.266423447e+01, 0.000000000e+00, 2.457583312e+05
344, 5.000000000e-03, 0.000000000e+00, 1.000000000e-02, 1.148511443e+00, 1.171481672e+02, 8.719708136e+01, 0.000000000e+00, 2.467697447e+05
345, 5.000000000e-03, 0.000000000e+00, 1.166666667e-02, 1.148511443e+00, 1.171481672e+02, 1.017299283e+02, 0.000000000e+00, 2.479650516e+05
346, 5.000000000e-03, 0.000000000e+00, 1.333333333e-02, 1.148511443e+00, 1.171481672e+02, 1.162627751e+02, 0.000000000e+00, 2.493442519e+05
347, 5.000000000e-03, 0.000000000e+00, 1.500000000e-02, 1.148511443e+00, 1.171481672e+02, 1.307956220e+02, 0.000000000e+00, 2.509073455e+05
348, 5.000000000e-03, 0.000000000e+00, 1.666666667e-02, 1.148511443e+00, 1.171481672e+02, 1.453284689e+02, 0.000000000e+00, 2.526543325e+05
349, 5.000000000e-03, 0.000000000e+00, 1.833333333e-02, 1.148511443e+00, 1.171481672e+02, 1.598613158e+02, 0.000000000e+00, 2.545852129e+05
350, 5.000000000e-03, 0.000000000e+00, 2.000000000e-02, 1.148511443e+00, 1.171481672e+02, 1.743941627e+02, 0.000000000e+00, 2.566999866e+05
351, 5.000000000e-03, 1.666666667e-03, 0.000000000e+00, 1.148511443e+00, 1.171481672e+02, 0.000000000e+00, -1.453284689e+01, 2.435516108e+05
352, 5.000000000e-03, 1.666666667e-03, 1.666666667e-03, 1.148511443e+00, 1.171481672e+02, 1.453284689e+01, -1.453284689e+01, 2.436435574e+05
353, 5.000000000e-03, 1.666666667e-03, 3.333333333e-03, 1.148511443e+00, 1.171481672e+02, 2.906569379e+01, -1.453284689e+01, 2.439193975e+05
354, 5.000000000e-03, 1.666666667e-03, 5.000000000e-03, 1.148511443e+00, 1.171481672e+02, 4.359854068e+01, -1.453284689e+01, 2.443791309e+05
355, 5.000000000e-03, 1.666666667e-03, 6.666666667e-03, 1.148511443e+00, 1.171481672e+02, 5.813138757e+01, -1.453284689e+01, 2.450227577e+05
356, 5.000000000e-03, 1.666666667e-03, 8.333333333e-03, 1.148511443e+00, 1.171481672e+02, 7.266423447e+01, -1.453284689e+01, 2.458502779e+05
357, 5.000000000e-03, 1.666666667e-03, 1.000000000e-02, 1.148511443e+00, 1.171481672e+02, 8.719708136e+01, -1.453284689e+01, 2.468616914e+05
358, 5.000000000e-03, 1.666666667e-03, 1.166666667e-02, 1.148511443e+00, 1.171481672e+02, 1.017299283e+02, -1.453284689e+01, 2.480569983e+05
359, 5.000000000e-03, 1.666666667e-03, 1.333333333e-02, 1.148511443e+00, 1.171481672e+02, 1.162627751e+02, -1.453284689e+01, 2.494361986e+05
360, 5.000000000e-03, 1.666666667e-03, 1.500000000e-02, 1.148511443e+00, 1.171481672e+02, 1.307956220e+02, -1.453284689e+01, 2.509992922e+05
361, 5.000000000e-03, 1.666666667e-03, 1.666666667e-02, 1.148511443e+00, 1.171481672e+02, 1.453284689e+02, -1.453284689e+01, 2.527462792e+05
362, 5.000000000e-03, 1.666666667e-03, 1.833333333e-02, 1.148511443e+00, 1.171481672e+02, 1.598613158e+02, -1.453284689e+01, 2.546771596e+05
363, 5.000000000e-03, 1.666666667e-03, 2.000000000e-02, 1.148511443e+00, 1.171481672e+02, 1.743941627e+02, -1.453284689e+01, 2.567919333e+05
364, 5.000000000e-03, 3.333333333e-03, 0.000000000e+00, 1.148511443e+00, 1.171481672e+02, 0.000000000e+00, -2.906569379e+01, 2.438274508e+05
365, 5.000000000e-03, 3.333333333e-03, 1.666666667e-03, 1.148511443e+00, 1.171481672e+02, 1.453284689e+01, -2.906569379e+01, 2.439193975e+05
366, 5.000000000e-03, 3.333333333e-03, 3.333333333e-03, 1.148511443e+00, 1.171481672e+02, 2.906569379e+01, -2.906569379e+01, 2.441952375e+05
367, 5.000000000e-03, 3.333333333e-03, 5.000000000e-03, 1.148511443e+00, 1.171481672e+02, 4.359854068e+01, -2.906569379e+01, 2.446549710e+05
368, 5.000000000e-03, 3.333333333e-03, 6.666666667e-03, 1.148511443e+00, 1.171481672e+02, 5.813138757e+01, -2.906569379e+01, 2.452985978e+05
369, 5.000000000e-03, 3.333333333e-03, 8.333333333e-03, 1.148511443e+00, 1.171481672e+02, 7.266423447e+01, -2.906569379e+01, 2.461261179e+05
370, 5.000000000e-03, 3.333333333e-03, 1.000000000e-02, 1.148511443e+00, 1.171481672e+02, 8.719708136e+01, -2.906569379e+01, 2.471375315e+05
371, 5.000000000e-03, 3.333333333e-03, 1.166666667e-02, 1.148511443e+00, 1.171481672e+02, 1.017299283e+02, -2.906569379e+01, 2.483328384e+05
372, 5.000000000e-03, 3.333333333e-03, 1.333333333e-02, 1.148511443e+00, 1.171481672e+02, 1.162627751e+02, -2.906569379e+01, 2.497120386e+05
373, 5.000000000e-03, 3.333333333e-03, 1.500000000e-02, 1.148511443e+00, 1.171481672e+02, 1.307956220e+02, -2.906569379e+01, 2.512751323e+05
374, 5.000000000e-03, 3.333333333e-03, 1.666666667e-02, 1.148511443e+00, 1.171481672e+02, 1.453284689e+02, -2.906569379e+01, 2.530221193e+05
375, 5.000000000e-03, 3.333333333e-03, 1.833333333e-02, 1.148511443e+00, 1.171481672e+02, 1.598613158e+02, -2.906569379e+01, 2.549529996e+05
376, 5.000000000e-03, 3.333333333e-03, 2.000000000e-02, 1.148511443e+00, 1.171481672e+02, 1.743941627e+02, -2.906569379e+01, 2.570677734e+05
377, 5.000000000e-03, 5.000000000e-03, 0.000000000e+00, 1.148511443e+00, 1.171481672e+02, 0.000000000e+00, -4.359854068e+01, 2.442871842e+05
378, 5.000000000e-03, 5.000000000e-03, 1.666666667e-03, 1.148511443e+00, 1.171481672e+02, 1.453284689e+01, -4.359854068e+01, 2.443791309e+05
379, 5.000000000e-03, 5.000000000e-03, 3.333333333e-03, 1.148511443e+00, 1.171481672e+02, 2.906569379e+01, -4.359854068e+01, 2.446549710e+05
380, 5.000000000e-03, 5.000000000e-03, 5.000000000e-03, 1.148511443e+00, 1.171481672e+02, 4.359854068e+01, -4.359854068e+01, 2.451147044e+05
381, 5.000000000e-03, 5.000000000e-03, 6.666666667e-03, 1.148511443e+00, 1.171481672e+02, 5.813138757e+01, -4.359854068e+01, 2.457583312e+05
382, 5.000000000e-03, 5.000000000e-03, 8.333333333e-03, 1.148511443e+00, 1.171481672e+02, 7.266423447e+01, -4.359854068e+01, 2.465858513e+05
383, 5.000000000e-03, 5.000000000e-03, 1.000000000e-02, 1.148511443e+00, 1.171481672e+02, 8.719708136e+01, -4.359854068e+01, 2.475972649e+05
384, 5.000000000e-03, 5.000000000e-03, 1.166666667e-02, 1.148511443e+00, 1.171481672e+02, 1.017299283e+02, -4.359854068e+01, 2.487925718e+05
385, 5.000000000e-03, 5.000000000e-03, 1.333333333e-02, 1.148511443e+00, 1.171481672e+02, 1.162627751e+02, -4.359854068e+01, 2.501717720e+05
386, 5.000000000e-03, 5.000000000e-03, 1.500000000e-02, 1.148511443e+00, 1.171481672e+02, 1.307956220e+02, -4.359854068e+01, 2.517348657e+05
387, 5.000000000e-03, 5.000000000e-03, 1.666666667e-02, 1.148511443e+00, 1.171481672e+02, 1.453284689e+02, -4.359854068e+01, 2.534818527e+05
388, 5.000000000e-03, 5.000000000e-03, 1.833333333e-02, 1.148511443e+00, 1.171481672e+02, 1.598613158e+02, -4.359854068e+01, 2.554127331e+05
389, 5.000000000e-03, 5.000000000e-03, 2.000000000e-02, 1.148511443e+00, 1.171481672e+02, 1.743941627e+02, -4.359854068e+01, 2.575275068e+05
390, 5.000000000e-03, 6.666666667e-03, 0.000000000e+00, 1.148511443e+00, 1.171481672e+02, 0.000000000e+00, -5.813138757e+01, 2.449308110e+05
391, 5.000000000e-03, 6.666666667e-03, 1.666666667e-03, 1.148511443e+00, 1.171481672e+02, 1.453284689e+01, -5.813138757e+01, 2.450227577e+05
392, 5.000000000e-03, 6.666666667e-03, 3.333333333e-03, 1.148511443e+00, 1.171481672e+02, 2.906569379e+01, -5.813138757e+01, 2.452985978e+05
393, 5.000000000e-03, 6.666666667e-03, 5.000000000e-03, 1.148511443e+00, 1.171481672e+02, 4.359854068e+01, -5.813138757e+01, 2.457583312e+05
394, 5.000000000e-03, 6.666666667e-03, 6.666666667e-03, 1.148511443e+00, 1.171481672e+02, 5.813138757e+01, -5.813138757e+01, 2.464019580e+05
395, 5.000000000e-03, 6.666666667e-03, 8.333333333e-03, 1.148511443e+00, 1.171481672e+02, 7.266423447e+01, -5.813138757e+01, 2.472294781e+05
396, 5.000000000e-03, 6.666666667e-03, 1.000000000e-02, 1.148511443e+00, 1.171481672e+02, 8.719708136e+01, -5.813138757e+01, 2.482408917e+05
397, 5.000000000e-03, 6.666666667e-03, 1.166666667e-02, 1.148511443e+00, 1.171481672e+02, 1.017299283e+02, -5.813138757e+01, 2.494361986e+05
398, 5.000000000e-03, 6.666666667e-03, 1.333333333e-02, 1.148511443e+00, 1.171481672e+02, 1.162627751e+02, -5.813138757e+01, 2.508153988e+05
399, 5.000000000e-03, 6.666666667e-03, 1.500000000e-02, 1.148511443e+00, 1.171481672e+02, 1.307956220e+02, -5.813138757e+01, 2.523784925e+05
400, 5.000000000e-03, 6.666666667e-03, 1.666666667e-02, 1.148511443e+00, 1.171481672e+02, 1.453284689e+02, -5.813138757e+01, 2.541254795e+05
401, 5.000000000e-03, 6.666666667e-03, 1.833333333e-02, 1.148511443e+00, 1.171481672e+02, 1.598613158e+02, -5.813138757e+01, 2.560563599e+05
402, 5.000000000e-03, 6.666666667e-03, 2.000000000e-02, 1.148511443e+00, 1.171481672e+02, 1.743941627e+02, -5.813138757e+01, 2.581711336e+05
403, 5.000000000e-03, 8.333333333e-03, 0.000000000e+00, 1.148511443e+00, 1.171481672e+02, 0.000000000e+00, -7.266423447e+01, 2.457583312e+05
404, 5.000000000e-03, 8.333333333e-03, 1.666666667e-03, 1.148511443e+00, 1.171481672e+02, 1.453284689e+01, -7.266423447e+01, 2.458502779e+05
405, 5.000000000e-03, 8.333333333e-03, 3.333333333e-03, 1.148511443e+00, 1.171481672e+02, 2.906569379e+01, -7.266423447e+01, 2.461261179e+05
406, 5.000000000e-03, 8.333333333e-03, 5.000000000e-03, 1.148511443e+00, 1.171481672e+02, 4.359854068e+01, -7.266423447e+01, 2.465858513e+05
407, 5.000000000e-03, 8.333333333e-03, 6.666666667e-03, 1.148511443e+00, 1.171481672e+02, 5.813138757e+01, -7.266423447e+01, 2.472294781e+05
408, 5.000000000e-03, 8.333333333e-03, 8.333333333e-03, 1.148511443e+00, 1.171481672e+02, 7.266423447e+01, -7.266423447e+01, 2.480569983e+05
409, 5.000000000e-03, 8.333333333e-03, 1.000000000e-02, 1.148511443e+00, 1.171481672e+02, 8.719708136e+01, -7.266423447e+01, 2.490684118e+05
410, 5.000000000e-03, 8.333333333e-03, 1.166666667e-02, 1.148511443e+00, 1.171481672e+02, 1.017299283e+02, -7.266423447e+01, 2.502637187e+05
411, 5.000000000e-03, 8.333333333e-03, 1.333333333e-02, 1.148511443e+00, 1.171481672e+02, 1.162627751e+02, -7.266423447e+01, 2.516429190e+05
412, 5.000000000e-03, 8.333333333e-03, 1.500000000e-02, 1.148511443e+00, 1.171481672e+02, 1.307956220e+02, -7.266423447e+01, 2.532060126e+05
413, 5.000000000e-03, 8.333333333e-03, 1.666666667e-02, 1.148511443e+00, 1.171481672e+02, 1.453284689e+02, -7.266423447e+01, 2.549529996e+05
414, 5.000000000e-03, 8.333333333e-03, 1.833333333e-02, 1.148511443e+00, 1.171481672e+02, 1.598613158e+02, -7.266423447e+01, 2.568838800e+05
415, 5.000000000e-03, 8.333333333e-03, 2.000000000e-02, 1.148511443e+00, 1.171481672e+02, 1.743941627e+02, -7.266423447e+01, 2.589986538e+05
416, 5.000000000e-03, 1.000000000e-02, 0.000000000e+00, 1.148511443e+00, 1.171481672e+02, 0.000000000e+00, -8.719708136e+01, 2.467697447e+05
417, 5.000000000e-03, 1.000000000e-02, 1.666666667e-03, 1.148511443e+00, 1.171481672e+02, 1.453284689e+01, -8.719708136e+01, 2.468616914e+05
418, 5.000000000e-03, 1.000000000e-02, 3.333333333e-03, 1.148511443e+00, 1.171481672e+02, 2.906569379e+01, -8.719708136e+01, 2.471375315e+05
419, 5.000000000e-03, 1.000000000e-02, 5.000000000e-03, 1.148511443e+00, 1.171481672e+02, 4.359854068e+01, -8.719708136e+01, 2.475972649e+05
420, 5.000000000e-03, 1.000000000e-02, 6.666666667e-03, 1.148511443e+00, 1.171481672e+02, 5.813138757e+01, -8.719708136e+01, 2.482408917e+05
421, 5.000000000e-03, 1.000000000e-02, 8.333333333e-03, 1.148511443e+00, 1.171481672e+02, 7.266423447e+01, -8.719708136e+01, 2.490684118e+05
422, 5.000000000e-03, 1.000000000e-02, 1.000000000e-02, 1.148511443e+00, 1.171481672e+02, 8.719708136e+01, -8.719708136e+01, 2.500798254e+05
423, 5.000000000e-03, 1.000000000e-02, 1.166666667e-02, 1.148511443e+00, 1.171481672e+02, 1.017299283e+02, -8.719708136e+01, 2.512751323e+05
424, 5.000000000e-03, 1.000000000e-02, 1.333333333e-02, 1.148511443e+00, 1.171481672e+02, 1.162627751e+02, -8.719708136e+01, 2.526543325e+05
425, 5.000000000e-03, 1.000000000e-02, 1.500000000e-02, 1.148511443e+00, 1.171481672e+02, 1.307956220e+02, -8.719708136e+01, 2.542174262e+05
426, 5.000000000e-03, 1.000000000e-02, 1.666666667e-02, 1.148511443e+00, 1.171481672e+02, 1.453284689e+02, -8.719708136e+01, 2.559644132e+05
427, 5.000000000e-03, 1.000000000e-02, 1.833333333e-02, 1.148511443e+00, 1.171481672e+02, 1.598613158e+02, -8.719708136e+01, 2.578952935e+05
428, 5.000000000e-03, 1.000000000e-02, 2.000000000e-02, 1.148511443e+00, 1.171481672e+02, 1.743941627e+02, -8.719708136e+01, 2.600100673e+05
429, 5.000000000e-03, 1.166666667e-02, 0.000000000e+00, 1.148511443e+00, 1.171481672e+02, 0.000000000e+00, -1.017299283e+02, 2.479650516e+05
430, 5.000000000e-03, 1.166666667e-02, 1.666666667e-03, 1.148511443e+00, 1.171481672e+02, 1.453284689e+01, -1.017299283e+02, 2.480569983e+05
431, 5.000000000e-03, 1.166666667e-02, 3.333333333e-03, 1.148511443e+00, 1.171481672e+02, 2.906569379e+01, -1.017299283e+02, 2.483328384e+05
432, 5.000000000e-03, 1.166666667e-02, 5.000000000e-03, 1.148511443e+00, 1.171481672e+02, 4.359854068e+01, -1.017299283e+02, 2.487925718e+05
433, 5.000000000e-03, 1.166666667e-02, 6.666666667e-03, 1.148511443e+00, 1.171481672e+02, 5.813138757e+01, -1.017299283e+02, 2.494361986e+05
434, 5.000000000e-03, 1.166666667e-02, 8.333333333e-03, 1.148511443e+00, 1.171481672e+02, 7.266423447e+01, -1.017299283e+02, 2.502637187e+05
435, 5.000000000e-03, 1.166666667e-02, 1.000000000e-02, 1.148511443e+00, 1.171481672e+02, 8.719708136e+01, -1.017299283e+02, 2.512751323e+05
436, 5.000000000e-03, 1.166666667e-02, 1.166666667e-02, 1.148511443e+00, 1.171481672e+02, 1.017299283e+02, -1.017299283e+02, 2.524704392e+05
437, 5.000000000e-03, 1.166666667e-02, 1.333333333e-02, 1.148511443e+00, 1.171481672e+02, 1.162627751e+02, -1.017299283e+02, 2.538496394e+05
438, 5.000000000e-03, 1.166666667e-02, 1.500000000e-02, 1.148511443e+00, 1.171481672e+02, 1.307956220e+02, -1.017299283e+02, 2.554127331e+05
439, 5.000000000e-03, 1.166666667e-02, 1.666666667e-02, 1.148511443e+00, 1.171481672e+02, 1.453284689e+02, -1.017299283e+02, 2.571597201e+05
440, 5.000000000e-03, 1.166666667e-02, 1.833333333e-02, 1.148511443e+00, 1.171481672e+02, 1.598613158e+02, -1.017299283e+02, 2.590906004e+05
441, 5.000000000e-03, 1.166666667e-02, 2.000000000e-02, 1.148511443e+00, 1.171481672e+02, 1.743941627e+02, -1.017299283e+02, 2.612053742e+05
442, 5.000000000e-03, 1.333333333e-02, 0.000000000e+00, 1.148511443e+00, 1.171481672e+02, 0.000000000e+00, -1.162627751e+02, 2.493442519e+05
443, 5.000000000e-03, 1.333333333e-02, 1.666666667e-03, 1.148511443e+00, 1.171481672e+02, 1.453284689e+01, -1.162627751e+02, 2.494361986e+05
444, 5.000000000e-03, 1.333333333e-02, 3.333333333e-03, 1.148511443e+00, 1.171481672e+02, 2.906569379e+01, -1.162627751e+02, 2.497120386e+05
445, 5.000000000e-03, 1.333333333e-02, 5.000000000e-03, 1.148511443e+00, 1.171481672e+02, 4.359854068e+01, -1.162627751e+02, 2.501717720e+05
446, 5.000000000e-03, 1.333333333e-02, 6.666666667e-03, 1.148511443e+00, 1.171481672e+02, 5.813138757e+01, -1.162627751e+02, 2.508153988e+05
447, 5.000000000e-03, 1.333333333e-02, 8.333333333e-03, 1.148511443e+00, 1.171481672e+02, 7.266423447e+01, -1.162627751e+02, 2.516429190e+05
448, 5.000000000e-03, 1.333333333e-02, 1.000000000e-02, 1.148511443e+00, 1.171481672e+02, 8.719708136e+01, -1.162627751e+02, 2.526543325e+05
449, 5.000000000e-03, 1.333333333e-02, 1.166666667e-02, 1.148511443e+00, 1.171481672e+02, 1.017299283e+02, -1.162627751e+02, 2.538496394e+05
450, 5.000000000e-03, 1.333333333e-02, 1.333333333e-02, 1.148511443e+00, 1.171481672e+02, 1.162627751e+02, -1.162627751e+02, 2.552288397e+05
451, 5.000000000e-03, 1.333333333e-02, 1.500000000e-02, 1.148511443e+00, 1.171481672e+02, 1.307956220e+02, -1.162627751e+02, 2.567919333e+05
452, 5.000000000e-03, 1.333333333e-02, 1.666666667e-02, 1.148511443e+00, 1.171481672e+02, 1.453284689e+02, -1.162627751e+02, 2.585389203e+05
453, 5.000000000e-03, 1.333333333e-02, 1.833333333e-02, 1.148511443e+00, 1.171481672e+02, 1.598613158e+02, -1.162627751e+02, 2.604698007e+05
454, 5.000000000e-03, 1.333333333e-02, 2.000000000e-02, 1.148511443e+00, 1.171481672e+02, 1.743941627e+02, -1.162627751e+02, 2.625845745e+05
455, 5.000000000e-03, 1.500000000e-02, 0.000000000e+00, 1.148511443e+00, 1.171481672e+02, 0.000000000e+00, -1.307956220e+02, 2.509073455e+05
456, 5.000000000e-03, 1.500000000e-02, 1.666666667e-03, 1.148511443e+00, 1.171481672e+02, 1.453284689e+01, -1.307956220e+02, 2.509992922e+05
457, 5.000000000e-03, 1.500000000e-02, 3.333333333e-03, 1.148511443e+00, 1.171481672e+02, 2.906569379e+01, -1.307956220e+02, 2.512751323e+05
458, 5.000000000e-03, 1.500000000e-02, 5.000000000e-03, 1.148511443e+00, 1.171481672e+02, 4.359854068e+01, -1.307956220e+02, 2.517348657e+05
459, 5.000000000e-03, 1.500000000e-02, 6.666666667e-03, 1.148511443e+00, 1.171481672e+02, 5.813138757e+01, -1.307956220e+02, 2.523784925e+05
460, 5.000000000e-03, 1.500000000e-02, 8.333333333e-03, 1.148511443e+00, 1.171481672e+02, 7.266423447e+01, -1.307956220e+02, 2.532060126e+05
461, 5.000000000e-03, 1.500000000e-02, 1.000000000e-02, 1.148511443e+00, 1.171481672e+02, 8.719708136e+01, -1.307956220e+02, 2.542174262e+05
462, 5.000000000e-03, 1.500000000e-02, 1.166666667e-02, 1.148511443e+00, 1.171481672e+02, 1.017299283e+02, -1.307956220e+02, 2.554127331e+05
463, 5.000000000e-03, 1.500000000e-02, 1.333333333e-02, 1.148511443e+00, 1.171481672e+02, 1.162627751e+02, -1.307956220e+02, 2.567919333e+05
464, 5.000000000e-03, 1.500000000e-02, 1.500000000e-02, 1.148511443e+00, 1.171481672e+02, 1.307956220e+02, -1.307956220e+02, 2.583550270e+05
465, 5.000000000e-03, 1.500000000e-02, 1.666666667e-02, 1.148511443e+00, 1.171481672e+02, 1.453284689e+02, -1.307956220e+02, 2.601020140e+05
466, 5.000000000e-03, 1.500000000e-02, 1.833333333e-02, 1.148511443e+00, 1.171481672e+02, 1.598613158e+02, -1.307956220e+02, 2.620328944e+05
467, 5.000000000e-03, 1.500000000e-02, 2.000000000e-02, 1.148511443e+00, 1.171481672e+02, 1.743941627e+02, -1.307956220e+02, 2.641476681e+05
468, 5.000000000e-03, 1.666666667e-02, 0.000000000e+00, 1.148511443e+00, 1.171481672e+02, 0.000000000e+00, -1.453284689e+02, 2.526543325e+05
469, 5.000000000e-03, 1.666666667e-02, 1.666666667e-03, 1.148511443e+00, 1.171481672e+02, 1.453284689e+01, -1.453284689e+02, 2.527462792e+05
470, 5.000000000e-03, 1.666666667e-02, 3.333333333e-03, 1.148511443e+00, 1.171481672e+02, 2.906569379e+01, -1.453284689e+02, 2.530221193e+05
471, 5.000000000e-03, 1.666666667e-02, 5.000000000e-03, 1.148511443e+00, 1.171481672e+02, 4.359854068e+01, -1.453284689e+02, 2.534818527e+05
472, 5.000000000e-03, 1.666666667e-02, 6.666666667e-03, 1.148511443e+00, 1.171481672e+02, 5.813138757e+01, -1.453284689e+02, 2.541254795e+05
473, 5.000000000e-03, 1.666666667e-02, 8.333333333e-03, 1.148511443e+00, 1.171481672e+02, 7.266423447e+01, -1.453284689e+02, 2.549529996e+05
474, 5.000000000e-03, 1.666666667e-02, 1.000000000e-02, 1.148511443e+00, 1.171481672e+02, 8.719708136e+01, -1.453284689e+02, 2.559644132e+05
475, 5.000000000e-03, 1.666666667e-02, 1.166666667e-02, 1.148511443e+00, 1.171481672e+02, 1.017299283e+02, -1.453284689e+02, 2.571597201e+05
476, 5.000000000e-03, 1.666666667e-02, 1.333333333e-02, 1.148511443e+00, 1.171481672e+02, 1.162627751e+02, -1.453284689e+02, 2.585389203e+05
477, 5.000000000e-03, 1.666666667e-02, 1.500000000e-02, 1.148511443e+00, 1.171481672e+02, 1.307956220e+02, -1.453284689e+02, 2.601020140e+05
478, 5.000000000e-03, 1.666666667e-02, 1.666666667e-02, 1.148511443e+00, 1.171481672e+02, 1.453284689e+02, -1.453284689e+02, 2.618490010e+05
479, 5.000000000e-03, 1.666666667e-02, 1.833333333e-02, 1.148511443e+00, 1.171481672e+02, 1.598613158e+02, -1.453284689e+02, 2.637798814e+05
480, 5.000000000e-03, 1.666666667e-02, 2.000000000e-02, 1.148511443e+00, 1.171481672e+02, 1.743941627e+02, -1.453284689e+02, 2.658946551e+05
481, 5.000000000e-03, 1.833333333e-02, 0.000000000e+00, 1.148511443e+00, 1.171481672e+02, 0.000000000e+00, -1.598613158e+02, 2.545852129e+05
482, 5.000000000e-03, 1.833333333e-02, 1.666666667e-03, 1.148511443e+00, 1.171481672e+02, 1.453284689e+01, -1.598613158e+02, 2.546771596e+05
483, 5.000000000e-03, 1.833333333e-02, 3.333333333e-03, 1.148511443e+00, 1.171481672e+02, 2.906569379e+01, -1.598613158e+02, 2.549529996e+05
484, 5.000000000e-03, 1.833333333e-02, 5.000000000e-03, 1.148511443e+00, 1.171481672e+02, 4.359854068e+01, -1.598613158e+02, 2.554127331e+05
485, 5.000000000e-03, 1.833333333e-02, 6.666666667e-03, 1.148511443e+00, 1.171481672e+02, 5.813138757e+01, -1.598613158e+02, 2.560563599e+05
486, 5.000000000e-03, 1.833333333e-02, 8.333333333e-03, 1.148511443e+00, 1.171481672e+02, 7.266423447e+01, -1.598613158e+02, 2.568838800e+05
487, 5.000000000e-03, 1.833333333e-02, 1.000000000e-02, 1.148511443e+00, 1.171481672e+02, 8.719708136e+01, -1.598613158e+02, 2.578952935e+05
488, 5.000000000e-03, 1.833333333e-02, 1.166666667e-02, 1.148511443e+00, 1.171481672e+02, 1.017299283e+02, -1.598613158e+02, 2.590906004e+05
489, 5.000000000e-03, 1.833333333e-02, 1.333333333e-02, 1.148511443e+00, 1.171481672e+02, 1.162627751e+02, -1.598613158e+02, 2.604698007e+05
490, 5.000000000e-03, 1.833333333e-02, 1.500000000e-02, 1.148511443e+00, 1.171481672e+02, 1.307956220e+02, -1.598613158e+02, 2.620328944e+05
491, 5.000000000e-03, 1.833333333e-02, 1.666666667e-02, 1.148511443e+00, 1.171481672e+02, 1.453284689e+02, -1.598613158e+02, 2.637798814e+05
492, 5.000000000e-03, 1.833333333e-02, 1.833333333e-02, 1.148511443e+00, 1.171481672e+02, 1.598613158e+02, -1.598613158e+02, 2.657107617e+05
493, 5.000000000e-03, 1.833333333e-02, 2.000000000e-02, 1.148511443e+00, 1.171481672e+02, 1.743941627e+02, -1.598613158e+02, 2.678255355e+05
494, 5.000000000e-03, 2.000000000e-02, 0.000000000e+00, 1.148511443e+00, 1.171481672e+02, 0.000000000e+00, -1.743941627e+02, 2.566999866e+05
495, 5.000000000e-03, 2.000000000e-02, 1.666666667e-03, 1.148511443e+00, 1.171481672e+02, 1.453284689e+01, -1.743941627e+02, 2.567919333e+05
496, 5.000000000e-03, 2.000000000e-02, 3.333333333e-03, 1.148511443e+00, 1.171481672e+02, 2.906569379e+01, -1.743941627e+02, 2.570677734e+05
497, 5.000000000e-03, 2.000000000e-02, 5.000000000e-03, 1.148511443e+00, 1.171481672e+02, 4.359854068e+01, -1.743941627e+02, 2.575275068e+05
498, 5.000000000e-03, 2.000000000e-02, 6.666666667e-03, 1.148511443e+00, 1.171481672e+02, 5.813138757e+01, -1.743941627e+02, 2.581711336e+05
499, 5.000000000e-03, 2.000000000e-02, 8.333333333e-03, 1.148511443e+00, 1.171481672e+02, 7.266423447e+01, -1.743941627e+02, 2.589986538e+05
500, 5.000000000e-03, 2.000000000e-02, 1.000000000e-02, 1.148511443e+00, 1.171481672e+02, 8.719708136e+01, -1.743941627e+02, 2.600100673e+05
501, 5.000000000e-03, 2.000000000e-02, 1.166666667e-02, 1.148511443e+00, 1.171481672e+02, 1.017299283e+02, -1.743941627e+02, 2.612053742e+05
502, 5.000000000e-03, 2.000000000e-02, 1.333333333e-02, 1.148511443e+00, 1.171481672e+02, 1.162627751e+02, -1.743941627e+02, 2.625845745e+05
503, 5.000000000e-03, 2.000000000e-02, 1.500000000e-02, 1.148511443e+00, 1.171481672e+02, 1.307956220e+02, -1.743941627e+02, 2.641476681e+05
504, 5.000000000e-03, 2.000000000e-02, 1.666666667e-02, 1.148511443e+00, 1.171481672e+02, 1.453284689e+02, -1.743941627e+02, 2.658946551e+05
505, 5.000000000e-03, 2.000000000e-02, 1.833333333e-02, 1.148511443e+00, 1.171481672e+02, 1.598613158e+02, -1.743941627e+02, 2.678255355e+05
506, 5.000000000e-03, 2.000000000e-02, 2.000000000e-02, 1.148511443e+00, 1.171481672e+02, 1.743941627e+02, -1.743941627e+02, 2.699403092e+05
507, 7.500000000e-03, 0.000000000e+00, 0.000000000e+00, 1.148511443e+00, 1.171481672e+02, 0.000000000e+00, 0.000000000e+00, 2.434596641e+05
508, 7.500000000e-03, 0.000000000e+00, 1.666666667e-03, 1.148511443e+00, 1.171481672e+02, 1.453284689e+01, 0.000000000e+00, 2.435516108e+05
509, 7.500000000e-03, 0.000000000e+00, 3.333333333e-03, 1.148511443e+00, 1.171481672e+02, 2.906569379e+01, 0.000000000e+00, 2.438274508e+05
510, 7.500000000e-03, 0.000000000e+00, 5.000000000e-03, 1.148511443e+00, 1.171481672e+02, 4.359854068e+01, 0.000000000e+00, 2.442871842e+05
511, 7.500000000e-03, 0.000000000e+00, 6.666666667e-03, 1.148511443e+00, 1.171481672e+02, 5.813138757e+01, 0.000000000e+00, 2.449308110e+05
512, 7.500000000e-03, 0.000000000e+00, 8.333333333e-03, 1.148511443e+00, 1.171481672e+02, 7.266423447e+01, 0.000000000e+00, 2.457583312e+05
513, 7.500000000e-03, 0.000000000e+00, 1.000000000e-02, 1.148511443e+00, 1.171481672e+02, 8.719708136e+01, 0.000000000e+00, 2.467697447e+05
514, 7.500000000e-03, 0.000000000e+00, 1.166666667e-02, 1.148511443e+00, 1.171481672e+02, 1.017299283e+02, 0.000000000e+00, 2.479650516e+05
515, 7.500000000e-03, 0.000000000e+00, 1.333333333e-02, 1.148511443e+00, 1.171481672e+02, 1.162627751e+02, 0.000000000e+00, 2.493442519e+05
516, 7.500000000e-03, 0.000000000e+00, 1.500000000e-02, 1.148511443e+00, 1.171481672e+02, 1.307956220e+02, 0.000000000e+00, 2.509073455e+05
517, 7.500000000e-03, 0.000000000e+00, 1.666666667e-02, 1.148511443e+00, 1.171481672e+02, 1.453284689e+02, 0.000000000e+00, 2.526543325e+05
518, 7.500000000e-03, 0.000000000e+00, 1.833333333e-02, 1.148511443e+00, 1.171481672e+02, 1.598613158e+02, 0.000000000e+00, 2.545852129e+05
519, 7.500000000e-03, 0.000000000e+00, 2.000000000e-02, 1.148511443e+00, 1.171481672e+02, 1.743941627e+02, 0.000000000e+00, 2.566999866e+05
520, 7.500000000e-03, 1.666666667e-03, 0.000000000e+00, 1.148511443e+00, 1.171481672e+02, 0.000000000e+00, -1.453284689e+01, 2.435516108e+05
521, 7.500000000e-03, 1.666666667e-03, 1.666666667e-03, 1.148511443e+00, 1.171481672e+02, 1.453284689e+01, -1.453284689e+01, 2.436435574e+05
522, 7.500000000e-03, 1.666666667e-03, 3.333333333e-03, 1.148511443e+00, 1.171481672e+02, 2.906569379e+01, -1.453284689e+01, 2.439193975e+05
523, 7.500000000e-03, 1.666666667e-03, 5.000000000e-03, 1.148511443e+00, 1.171481672e+02, 4.359854068e+01, -1.453284689e+01, 2.443791309e+05
524, 7.500000000e-03, 1.666666667e-03, 6.666666667e-03, 1.148511443e+00, 1.171481672e+02, 5.813138757e+01, -1.453284689e+01, 2.450227577e+05
525, 7.500000000e-03, 1.666666667e-03, 8.333333333e-03, 1.148511443e+00, 1.171481672e+02, 7.266423447e+01, -1.453284689e+01, 2.458502779e+05
526, 7.500000000e-03, 1.666666667e-03, 1.000000000e-02, 1.148511443e+00, 1.171481672e+02, 8.719708136e+01, -1.453284689e+01, 2.468616914e+05
527, 7.500000000e-03, 1.666666667e-03, 1.166666667e-02, 1.148511443e+00, 1.171481672e+02, 1.017299283e+02, -1.453284689e+01, 2.480569983e+05
528, 7.500000000e-03, 1.666666667e-03, 1.333333333e-02, 1.148511443e+00, 1.171481672e+02, 1.162627751e+02, -1.453284689e+01, 2.494361986e+05
529, 7.500000000e-03, 1.666666667e-03, 1.500000000e-02, 1.148511443e+00, 1.171481672e+02, 1.307956220e+02, -1.453284689e+01, 2.509992922e+05
530, 7.500000000e-03, 1.666666667e-03, 1.666666667e-02, 1.148511443e+00, 1.171481672e+02, 1.453284689e+02, -1.453284689e+01, 2.527462792e+05
531, 7.500000000e-03, 1.666666667e-03, 1.833333333e-02, 1.148511443e+00, 1.171481672e+02, 1.598613158e+02, -1.453284689e+01, 2.546771596e+05
532, 7.500000000e-03, 1.666666667e-03, 2.000000000e-02, 1.148511443e+00, 1.171481672e+02, 1.743941627e+02, -1.453284689e+01, 2.567919333e+05
533, 7.500000000e-03, 3.333333333e-03, 0.000000000e+00, 1.148511443e+00, 1.171481672e+02, 0.000000000e+00, -2.906569379e+01, 2.438274508e+05
534, 7.500000000e-03, 3.333333333e-03, 1.666666667e-03, 1.148511443e+00, 1.171481672e+02, 1.453284689e+01, -2.906569379e+01, 2.439193975e+05
535, 7.500000000e-03, 3.333333333e-03, 3.333333333e-03, 1.148511443e+00, 1.171481672e+02, 2.906569379e+01, -2.906569379e+01, 2.441952375e+05
536, 7.500000000e-03, 3.333333333e-03, 5.000000000e-03, 1.148511443e+00, 1.171481672e+02, 4.359854068e+01, -2.906569379e+01, 2.446549710e+05
537, 7.500000000e-03, 3.333333333e-03, 6.666666667e-03, 1.148511443e+00, 1.171481672e+02, 5.813138757e+01, -2.906569379e+01, 2.452985978e+05
538, 7.500000000e-03, 3.333333333e-03, 8.333333333e-03, 1.148511443e+00, 1.171481672e+02, 7.266423447e+01, -2.906569379e+01, 2.461261179e+05
539, 7.500000000e-03, 3.333333333e-03, 1.000000000e-02, 1.148511443e+00, 1.171481672e+02, 8.719708136e+01, -2.906569379e+01, 2.471375315e+05
540, 7.500000000e-03, 3.333333333e-03, 1.166666667e-02, 1.148511443e+00, 1.171481672e+02, 1.017299283e+02, -2.906569379e+01, 2.483328384e+05
541, 7.500000000e-03, 3.333333333e-03, 1.333333333e-02, 1.148511443e+00, 1.171481672e+02, 1.162627751e+02, -2.906569379e+01, 2.497120386e+05
542, 7.500000000e-03, 3.333333333e-03, 1.500000000e-02, 1.148511443e+00, 1.171481672e+02, 1.307956220e+02, -2.906569379e+01, 2.512751323e+05
543, 7.500000000e-03, 3.333333333e-03, 1.666666667e-02, 1.148511443e+00, 1.171481672e+02, 1.453284689e+02, -2.906569379e+01, 2.530221193e+05
544, 7.500000000e-03, 3.333333333e-03, 1.833333333e-02, 1.148511443e+00, 1.171481672e+02, 1.598613158e+02, -2.906569379e+01, 2.549529996e+05
545, 7.500000000e-03, 3.333333333e-03, 2.000000000e-02, 1.148511443e+00, 1.171481672e+02, 1.743941627e+02, -2.906569379e+01, 2.570677734e+05
546, 7.500000000e-03, 5.000000000e-03, 0.000000000e+00, 1.148511443e+00, 1.171481672e+02, 0.000000000e+00, -4.359854068e+01, 2.442871842e+05
547, 7.500000000e-03, 5.000000000e-03, 1.666666667e-03, 1.148511443e+00, 1.171481672e+02, 1.453284689e+01, -4.359854068e+01, 2.443791309e+05
548, 7.500000000e-03, 5.000000000e-03, 3.333333333e-03, 1.148511443e+00, 1.171481672e+02, 2.906569379e+01, -4.359854068e+01, 2.446549710e+05
549, 7.500000000e-03, 5.000000000e-03, 5.000000000e-03, 1.148511443e+00, 1.171481672e+02, 4.359854068e+01, -4.359854068e+01, 2.451147044e+05
550, 7.500000000e-03, 5.000000000e-03, 6.666666667e-03, 1.148511443e+00, 1.171481672e+02, 5.813138757e+01, -4.359854068e+01, 2.457583312e+05
551, 7.500000000e-03, 5.000000000e-03, 8.333333333e-03, 1.148511443e+00, 1.171481672e+02, 7.266423447e+01, -4.359854068e+01, 2.465858513e+05
552, 7.500000000e-03, 5.000000000e-03, 1.000000000e-02, 1.148511443e+00, 1.171481672e+02, 8.719708136e+01, -4.359854068e+01, 2.475972649e+05
553, 7.500000000e-03, 5.000000000e-03, 1.166666667e-02, 1.148511443e+00, 1.171481672e+02, 1.017299283e+02, -4.359854068e+01, 2.487925718e+05
554, 7.500000000e-03, 5.000000000e-03, 1.333333333e-02, 1.148511443e+00, 1.171481672e+02, 1.162627751e+02, -4.359854068e+01, 2.501717720e+05
555, 7.500000000e-03, 5.000000000e-03, 1.500000000e-02, 1.148511443e+00, 1.171481672e+02, 1.307956220e+02, -4.359854068e+01, 2.517348657e+05
556, 7.500000000e-03, 5.000000000e-03, 1.666666667e-02, 1.148511443e+00, 1.171481672e+02, 1.453284689e+02, -4.359854068e+01, 2.534818527e+05
557, 7.500000000e-03, 5.000000000e-03, 1.833333333e-02, 1.148511443e+00, 1.171481672e+02, 1.598613158e+02, -4.359854068e+01, 2.554127331e+05
558, 7.500000000e-03, 5.000000000e-03, 2.000000000e-02, 1.148511443e+00, 1.171481672e+02, 1.743941627e+02, -4.359854068e+01, 2.575275068e+05
559, 7.500000000e-03, 6.666666667e-03, 0.000000000e+00, 1.148511443e+00, 1.171481672e+02, 0.000000000e+00, -5.813138757e+01, 2.449308110e+05
560, 7.500000000e-03, 6.666666667e-03, 1.666666667e-03, 1.148511443e+00, 1.171481672e+02, 1.453284689e+01, -5.813138757e+01, 2.450227577e+05
561, 7.500000000e-03, 6.666666667e-03, 3.333333333e-03, 1.148511443e+00, 1.171481672e+02, 2.906569379e+01, -5.813138757e+01, 2.452985978e+05
562, 7.500000000e-03, 6.666666667e-03, 5.000000000e-03, 1.148511443e+00, 1.171481672e+02, 4.359854068e+01, -5.813138757e+01, 2.457583312e+05
563, 7.500000000e-03, 6.666666667e-03, 6.666666667e-03, 1.148511443e+00, 1.171481672e+02, 5.813138757e+01, -5.813138757e+01, 2.464019580e+05
564, 7.500000000e-03, 6.666666667e-03, 8.333333333e-03, 1.148511443e+00, 1.171481672e+02, 7.266423447e+01, -5.813138757e+01, 2.472294781e+05
565, 7.500000000e-03, 6.666666667e-03, 1.000000000e-02, 1.148511443e+00, 1.171481672e+02, 8.719708136e+01, -5.813138757e+01, 2.482408917e+05
566, 7.500000000e-03, 6.666666667e-03, 1.166666667e-02, 1.148511443e+00, 1.171481672e+02, 1.017299283e+02, -5.813138757e+01, 2.494361986e+05
567, 7.500000000e-03, 6.666666667e-03, 1.333333333e-02, 1.148511443e+00, 1.171481672e+02, 1.162627751e+02, -5.813138757e+01, 2.508153988e+05
568, 7.500000000e-03, 6.666666667e-03, 1.500000000e-02, 1.148511443e+00, 1.171481672e+02, 1.307956220e+02, -5.813138757e+01, 2.523784925e+05
569, 7.500000000e-03, 6.666666667e-03, 1.666666667e-02, 1.148511443e+00, 1.171481672e+02, 1.453284689e+02, -5.813138757e+01, 2.541254795e+05
570, 7.500000000e-03, 6.666666667e-03, 1.833333333e-02, 1.148511443e+00, 1.171481672e+02, 1.598613158e+02, -5.813138757e+01, 2.560563599e+05
571, 7.500000000e-03, 6.666666667e-03, 2.000000000e-02, 1.148511443e+00, 1.171481672e+02, 1.743941627e+02, -5.813138757e+01, 2.581711336e+05
572, 7.500000000e-03, 8.333333333e-03, 0.000000000e+00, 1.148511443e+00, 1.171481672e+02, 0.000000000e+00, -7.266423447e+01, 2.457583312e+05
573, 7.500000000e-03, 8.333333333e-03, 1.666666667e-03, 1.148511443e+00, 1.171481672e+02, 1.453284689e+01, -7.266423447e+01, 2.458502779e+05
574, 7.500000000e-03, 8.333333333e-03, 3.333333333e-03, 1.148511443e+00, 1.171481672e+02, 2.906569379e+01, -7.266423447e+01, 2.461261179e+05
575, 7.500000000e-03, 8.333333333e-03, 5.000000000e-03, 1.148511443e+00, 1.171481672e+02, 4.359854068e+01, -7.266423447e+01, 2.465858513e+05
576, 7.500000000e-03, 8.333333333e-03, 6.666666667e-03, 1.148511443e+00, 1.171481672e+02, 5.813138757e+01, -7.266423447e+01, 2.472294781e+05
577, 7.500000000e-03, 8.333333333e-03, 8.333333333e-03, 1.148511443e+00, 1.171481672e+02, 7.266423447e+01, -7.266423447e+01, 2.480569983e+05
578, 7.500000000e-03, 8.333333333e-03, 1.000000000e-02, 1.148511443e+00, 1.171481672e+02, 8.719708136e+01, -7.266423447e+01, 2.490684118e+05
579, 7.500000000e-03, 8.333333333e-03, 1.166666667e-02, 1.148511443e+00, 1.171481672e+02, 1.017299283e+02, -7.266423447e+01, 2.502637187e+05
580, 7.500000000e-03, 8.333333333e-03, 1.333333333e-02, 1.148511443e+00, 1.171481672e+02, 1.162627751e+02, -7.266423447e+01, 2.516429190e+05
581, 7.500000000e-03, 8.333333333e-03, 1.500000000e-02, 1.148511443e+00, 1.171481672e+02, 1.307956220e+02, -7.266423447e+01, 2.532060126e+05
582, 7.500000000e-03, 8.333333333e-03, 1.666666667e-02, 1.148511443e+00, 1.171481672e+02, 1.453284689e+02, -7.266423447e+01, 2.549529996e+05
583, 7.500000000e-03, 8.333333333e-03, 1.833333333e-02, 1.148511443e+00, 1.171481672e+02, 1.598613158e+02, -7.266423447e+01, 2.568838800e+05
584, 7.500000000e-03, 8.333333333e-03, 2.000000000e-02, 1.148511443e+00, 1.171481672e+02, 1.743941627e+02, -7.266423447e+01, 2.589986538e+05
585, 7.500000000e-03, 1.000000000e-02, 0.000000000e+00, 1.148511443e+00, 1.171481672e+02, 0.000000000e+00, -8.719708136e+01, 2.467697447e+05
586, 7.500000000e-03, 1.000000000e-02, 1.666666667e-03, 1.148511443e+00, 1.171481672e+02, 1.453284689e+01, -8.719708136e+01, 2.468616914e+05
587, 7.500000000e-03, 1.000000000e-02, 3.333333333e-03, 1.148511443e+00, 1.171481672e+02, 2.906569379e+01, -8.719708136e+01, 2.471375315e+05
588, 7.500000000e-03, 1.000000000e-02, 5.000000000e-03, 1.148511443e+00, 1.171481672e+02, 4.359854068e+01, -8.719708136e+01, 2.475972649e+05
589, 7.500000000e-03, 1.000000000e-02, 6.666666667e-03, 1.148511443e+00, 1.171481672e+02, 5.813138757e+01, -8.719708136e+01, 2.482408917e+05
590, 7.500000000e-03, 1.000000000e-02, 8.333333333e-03, 1.148511443e+00, 1.171481672e+02, 7.266423447e+01, -8.719708136e+01, 2.490684118e+05
591, 7.500000000e-03, 1.000000000e-02, 1.000000000e-02, 1.148511443e+00, 1.171481672e+02, 8.719708136e+01, -8.719708136e+01, 2.500798254e+05
592, 7.500000000e-03, 1.000000000e-02, 1.166666667e-02, 1.148511443e+00, 1.171481672e+02, 1.017299283e+02, -8.719708136e+01, 2.512751323e+05
593, 7.500000000e-03, 1.000000000e-02, 1.333333333e-02, 1.148511443e+00, 1.171481672e+02, 1.162627751e+02, -8.719708136e+01, 2.526543325e+05
594, 7.500000000e-03, 1.000000000e-02, 1.500000000e-02, 1.148511443e+00, 1.171481672e+02, 1.307956220e+02, -8.719708136e+01, 2.542174262e+05
595, 7.500000000e-03, 1.000000000e-02, 1.666666667e-02, 1.148511443e+00, 1.171481672e+02, 1.453284689e+02, -8.719708136e+01, 2.559644132e+05
596, 7.500000000e-03, 1.000000000e-02, 1.833333333e-02, 1.148511443e+00, 1.171481672e+02, 1.598613158e+02, -8.719708136e+01, 2.578952935e+05
597, 7.500000000e-03, 1.000000000e-02, 2.000000000e-02, 1.148511443e+00, 1.171481672e+02, 1.743941627e+02, -8.719708136e+01, 2.600100673e+05
598, 7.500000000e-03, 1.166666667e-02, 0.000000000e+00, 1.148511443e+00, 1.171481672e+02, 0.000000000e+00, -1.017299283e+02, 2.479650516e+05
599, 7.500000000e-03, 1.166666667e-02, 1.666666667e-03, 1.148511443e+00, 1.171481672e+02, 1.453284689e+01, -1.017299283e+02, 2.480569983e+05
600, 7.500000000e-03, 1.166666667e-02, 3.333333333e-03, 1.148511443e+00, 1.171481672e+02, 2.906569379e+01, -1.017299283e+02, 2.483328384e+05
601, 7.500000000e-03, 1.166666667e-02, 5.000000000e-03, 1.148511443e+00, 1.171481672e+02, 4.359854068e+01, -1.017299283e+02, 2.487925718e+05
602, 7.500000000e-03, 1.166666667e-02, 6.666666667e-03, 1.148511443e+00, 1.171481672e+02, 5.813138757e+01, -1.017299283e+02, 2.494361986e+05
603, 7.500000000e-03, 1.166666667e-02, 8.333333333e-03, 1.148511443e+00, 1.171481672e+02, 7.266423447e+01, -1.017299283e+02, 2.502637187e+05
604, 7.500000000e-03, 1.166666667e-02, 1.000000000e-02, 1.148511443e+00, 1.171481672e+02, 8.719708136e+01, -1.017299283e+02, 2.512751323e+05
605, 7.500000000e-03, 1.166666667e-02, 1.166666667e-02, 1.148511443e+00, 1.171481672e+02, 1.017299283e+02, -1.017299283e+02, 2.524704392e+05
606, 7.500000000e-03, 1.166666667e-02, 1.333333333e-02, 1.148511443e+00, 1.171481672e+02, 1.162627751e+02, -1.017299283e+02, 2.538496394e+05
607, 7.500000000e-03, 1.166666667e-02, 1.500000000e-02, 1.148511443e+00, 1.171481672e+02, 1.307956220e+02, -1.017299283e+02, 2.554127331e+05
608, 7.500000000e-03, 1.166666667e-02, 1.666666667e-02, 1.148511443e+00, 1.171481672e+02, 1.453284689e+02, -1.017299283e+02, 2.571597201e+05
609, 7.500000000e-03, 1.166666667e-02, 1.833333333e-02, 1.148511443e+00, 1.171481672e+02, 1.598613158e+02, -1.017299283e+02, 2.590906004e+05
610, 7.500000000e-03, 1.166666667e-02, 2.000000000e-02, 1.148511443e+00, 1.171481672e+02, 1.743941627e+02, -1.017299283e+02, 2.612053742e+05
611, 7.500000000e-03, 1.333333333e-02, 0.000000000e+00, 1.148511443e+00, 1.171481672e+02, 0.000000000e+00, -1.162627751e+02, 2.493442519e+05
612, 7.500000000e-03, 1.333333333e-02, 1.666666667e-03, 1.148511443e+00, 1.171481672e+02, 1.453284689e+01, -1.162627751e+02, 2.494361986e+05
613, 7.500000000e-03, 1.333333333e-02, 3.333333333e-03, 1.148511443e+00, 1.171481672e+02, 2.906569379e+01, -1.162627751e+02, 2.497120386e+05
614, 7.500000000e-03, 1.333333333e-02, 5.000000000e-03, 1.148511443e+00, 1.171481672e+02, 4.359854068e+01, -1.162627751e+02, 2.501717720e+05
615, 7.500000000e-03, 1.333333333e-02, 6.666666667e-03, 1.148511443e+00, 1.171481672e+02, 5.813138757e+01, -1.162627751e+02, 2.508153988e+05
616, 7.500000000e-03, 1.333333333e-02, 8.333333333e-03, 1.148511443e+00, 1.171481672e+02, 7.266423447e+01, -1.162627751e+02, 2.516429190e+05
617, 7.500000000e-03, 1.333333333e-02, 1.000000000e-02, 1.148511443e+00, 1.171481672e+02, 8.719708136e+01, -1.162627751e+02, 2.526543325e+05
618, 7.500000000e-03, 1.333333333e-02, 1.166666667e-02, 1.148511443e+00, 1.171481672e+02, 1.017299283e+02, -1.162627751e+02, 2.538496394e+05
619, 7.500000000e-03, 1.333333333e-02, 1.333333333e-02, 1.148511443e+00, 1.171481672e+02, 1.162627751e+02, -1.162627751e+02, 2.552288397e+05
620, 7.500000000e-03, 1.333333333e-02, 1.500000000e-02, 1.148511443e+00, 1.171481672e+02, 1.307956220e+02, -1.162627751e+02, 2.567919333e+05
621, 7.500000000e-03, 1.333333333e-02, 1.666666667e-02, 1.148511443e+00, 1.171481672e+02, 1.453284689e+02, -1.162627751e+02, 2.585389203e+05
622, 7.500000000e-03, 1.333333333e-02, 1.833333333e-02, 1.148511443e+00, 1.171481672e+02, 1.598613158e+02, -1.162627751e+02, 2.604698007e+05
623, 7.500000000e-03, 1.333333333e-02, 2.000000000e-02, 1.148511443e+00, 1.171481672e+02, 1.743941627e+02, -1.162627751e+02, 2.625845745e+05
624, 7.500000000e-03, 1.500000000e-02, 0.000000000e+00, 1.148511443e+00, 1.171481672e+02, 0.000000000e+00, -1.307956220e+02, 2.509073455e+05
625, 7.500000000e-03, 1.500000000e-02, 1.666666667e-03, 1.148511443e+00, 1.171481672e+02, 1.453284689e+01, -1.307956220e+02, 2.509992922e+05
626, 7.500000000e-03, 1.500000000e-02, 3.333333333e-03, 1.148511443e+00, 1.171481672e+02, 2.906569379e+01, -1.307956220e+02, 2.512751323e+05
627, 7.500000000e-03, 1.500000000e-02, 5.000000000e-03, 1.148511443e+00, 1.171481672e+02, 4.359854068e+01, -1.307956220e+02, 2.517348657e+05
628, 7.500000000e-03, 1.500000000e-02, 6.666666667e-03, 1.148511443e+00, 1.171481672e+02, 5.813138757e+01, -1.307956220e+02, 2.523784925e+05
629, 7.500000000e-03, 1.500000000e-02, 8.333333333e-03, 1.148511443e+00, 1.171481672e+02, 7.266423447e+01, -1.307956220e+02, 2.532060126e+05
630, 7.500000000e-03, 1.500000000e-02, 1.000000000e-02, 1.148511443e+00, 1.171481672e+02, 8.719708136e+01, -1.307956220e+02, 2.542174262e+05
631, 7.500000000e-03, 1.500000000e-02, 1.166666667e-02, 1.148511443e+00, 1.171481672e+02, 1.017299283e+02, -1.307956220e+02, 2.554127331e+05
632, 7.500000000e-03, 1.500000000e-02, 1.333333333e-02, 1.148511443e+00, 1.171481672e+02, 1.162627751e+02, -1.307956220e+02, 2.567919333e+05
633, 7.500000000e-03, 1.500000000e-02, 1.500000000e-02, 1.148511443e+00, 1.171481672e+02, 1.307956220e+02, -1.307956220e+02, 2.583550270e+05
634, 7.500000000e-03, 1.500000000e-02, 1.666666667e-02, 1.148511443e+00, 1.171481672e+02, 1.453284689e+02, -1.307956220e+02, 2.601020140e+05
635, 7.500000000e-03, 1.500000000e-02, 1.833333333e-02, 1.148511443e+00, 1.171481672e+02, 1.598613158e+02, -1.307956220e+02, 2.620328944e+05
636, 7.500000000e-03, 1.500000000e-02, 2.000000000e-02, 1.148511443e+00, 1.171481672e+02, 1.743941627e+02, -1.307956220e+02, 2.641476681e+05
637, 7.500000000e-03, 1.666666667e-02, 0.000000000e+00, 1.148511443e+00, 1.171481672e+02, 0.000000000e+00, -1.453284689e+02, 2.526543325e+05
638, 7.500000000e-03, 1.666666667e-02, 1.666666667e-03, 1.148511443e+00, 1.171481672e+02, 1.453284689e+01, -1.453284689e+02, 2.527462792e+05
639, 7.500000000e-03, 1.666666667e-02, 3.333333333e-03, 1.148511443e+00, 1.171481672e+02, 2.906569379e+01, -1.453284689e+02, 2.530221193e+05
640, 7.500000000e-03, 1.666666667e-02, 5.000000000e-03, 1.148511443e+00, 1.171481672e+02, 4.359854068e+01, -1.453284689e+02, 2.534818527e+05
641, 7.500000000e-03, 1.666666667e-02, 6.666666667e-03, 1.148511443e+00, 1.171481672e+02, 5.813138757e+01, -1.453284689e+02, 2.541254795e+05
642, 7.500000000e-03, 1.666666667e-02, 8.333333333e-03, 1.148511443e+00, 1.171481672e+02, 7.266423447e+01, -1.453284689e+02, 2.549529996e+05
643, 7.500000000e-03, 1.666666667e-02, 1.000000000e-02, 1.148511443e+00, 1.171481672e+02, 8.719708136e+01, -1.453284689e+02, 2.559644132e+05
644, 7.500000000e-03, 1.666666667e-02, 1.166666667e-02, 1.148511443e+00, 1.171481672e+02, 1.017299283e+02, -1.453284689e+02, 2.571597201e+05
645, 7.500000000e-03, 1.666666667e-02, 1.333333333e-02, 1.148511443e+00, 1.171481672e+02, 1.162627751e+02, -1.453284689e+02, 2.585389203e+05
646, 7.500000000e-03, 1.666666667e-02, 1.500000000e-02, 1.148511443e+00, 1.171481672e+02, 1.307956220e+02, -1.453284689e+02, 2.601020140e+05
647, 7.500000000e-03, 1.666666667e-02, 1.666666667e-02, 1.148511443e+00, 1.171481672e+02, 1.453284689e+02, -1.453284689e+02, 2.618490010e+05
648, 7.500000000e-03, 1.666666667e-02, 1.833333333e-02, 1.148511443e+00, 1.171481672e+02, 1.598613158e+02, -1.453284689e+02, 2.637798814e+05
649, 7.500000000e-03, 1.666666667e-02, 2.000000000e-02, 1.148511443e+00, 1.171481672e+02, 1.743941627e+02, -1.453284689e+02, 2.658946551e+05
650, 7.500000000e-03, 1.833333333e-02, 0.000000000e+00, 1.148511443e+00, 1.171481672e+02, 0.000000000e+00, -1.598613158e+02, 2.545852129e+05
651, 7.500000000e-03, 1.833333333e-02, 1.666666667e-03, 1.148511443e+00, 1.171481672e+02, 1.453284689e+01, -1.598613158e+02, 2.546771596e+05
652, 7.500000000e-03, 1.833333333e-02, 3.333333333e-03, 1.148511443e+00, 1.171481672e+02, 2.906569379e+01, -1.598613158e+02, 2.549529996e+05
653, 7.500000000e-03, 1.833333333e-02, 5.000000000e-03, 1.148511443e+00, 1.171481672e+02, 4.359854068e+01, -1.598613158e+02, 2.554127331e+05
654, 7.500000000e-03, 1.833333333e-02, 6.666666667e-03, 1.148511443e+00, 1.171481672e+02, 5.813138757e+01, -1.598613158e+02, 2.560563599e+05
655, 7.500000000e-03, 1.833333333e-02, 8.333333333e-03, 1.148511443e+00, 1.171481672e+02, 7.266423447e+01, -1.598613158e+02, 2.568838800e+05
656, 7.500000000e-03, 1.833333333e-02, 1.000000000e-02, 1.148511443e+00, 1.171481672e+02, 8.719708136e+01, -1.598613158e+02, 2.578952935e+05
657, 7.500000000e-03, 1.833333333e-02, 1.166666667e-02, 1.148511443e+00, 1.171481672e+02, 1.017299283e+02, -1.598613158e+02, 2.590906004e+05
658, 7.500000000e-03, 1.833333333e-02, 1.333333333e-02, 1.148511443e+00, 1.171481672e+02, 1.162627751e+02, -1.598613158e+02, 2.604698007e+05
659, 7.500000000e-03, 1.833333333e-02, 1.500000000e-02, 1.148511443e+00, 1.171481672e+02, 1.307956220e+02, -1.598613158e+02, 2.620328944e+05
660, 7.500000000e-03, 1.833333333e-02, 1.666666667e-02, 1.148511443e+00, 1.171481672e+02, 1.453284689e+02, -1.598613158e+02, 2.637798814e+05
661, 7.500000000e-03, 1.833333333e-02, 1.833333333e-02, 1.148511443e+00, 1.171481672e+02, 1.598613158e+02, -1.598613158e+02, 2.657107617e+05
662, 7.500000000e-03, 1.833333333e-02, 2.000000000e-02, 1.148511443e+00, 1.171481672e+02, 1.743941627e+02, -1.598613158e+02, 2.678255355e+05
663, 7.500000000e-03, 2.000000000e-02, 0.000000000e+00, 1.148511443e+00, 1.171481672e+02, 0.000000000e+00, -1.743941627e+02, 2.566999866e+05
664, 7.500000000e-03, 2.000000000e-02, 1.666666667e-03, 1.148511443e+00, 1.171481672e+02, 1.453284689e+01, -1.743941627e+02, 2.567919333e+05
665, 7.500000000e-03, 2.000000000e-02, 3.333333333e-03, 1.148511443e+00, 1.171481672e+02, 2.906569379e+01, -1.743941627e+02, 2.570677734e+05
666, 7.500000000e-03, 2.000000000e-02, 5.000000000e-03, 1.148511443e+00, 1.171481672e+02, 4.359854068e+01, -1.743941627e+02, 2.575275068e+05
667, 7.500000000e-03, 2.000000000e-02, 6.666666667e-03, 1.148511443e+00, 1.171481672e+02, 5.813138757e+01, -1.743941627e+02, 2.581711336e+05
668, 7.500000000e-03, 2.000000000e-02, 8.333333333e-03, 1.148511443e+00, 1.171481672e+02, 7.266423447e+01, -1.743941627e+02, 2.589986538e+05
669, 7.500000000e-03, 2.000000000e-02, 1.000000000e-02, 1.148511443e+00, 1.171481672e+02, 8.719708136e+01, -1.743941627e+02, 2.600100673e+05
670, 7.500000000e-03, 2.000000000e-02, 1.166666667e-02, 1.148511443e+00, 1.171481672e+02, 1.017299283e+02, -1.743941627e+02, 2.612053742e+05
671, 7.500000000e-03, 2.000000000e-02, 1.333333333e-02, 1.148511443e+00, 1.171481672e+02, 1.162627751e+02, -1.743941627e+02, 2.625845745e+05
672, 7.500000000e-03, 2.000000000e-02, 1.500000000e-02, 1.148511443e+00, 1.171481672e+02, 1.307956220e+02, -1.743941627e+02, 2.641476681e+05
673, 7.500000000e-03, 2.000000000e-02, 1.666666667e-02, 1.148511443e+00, 1.171481672e+02, 1.453284689e+02, -1.743941627e+02, 2.658946551e+05
674, 7.500000000e-03, 2.000000000e-02, 1.833333333e-02, 1.148511443e+00, 1.171481672e+02, 1.598613158e+02, -1.743941627e+02, 2.678255355e+05
675, 7.500000000e-03, 2.000000000e-02, 2.000000000e-02, 1.148511443e+00, 1.171481672e+02, 1.743941627e+02, -1.743941627e+02, 2.699403092e+05
676, 1.000000000e-02, 0.000000000e+00, 0.000000000e+00, 1.148511443e+00, 1.171481672e+02, 0.000000000e+00, 0.000000000e+00, 2.434596641e+05
677, 1.000000000e-02, 0.000000000e+00, 1.666666667e-03, 1.148511443e+00, 1.171481672e+02, 1.453284689e+01, 0.000000000e+00, 2.435516108e+05
678, 1.000000000e-02, 0.000000000e+00, 3.333333333e-03, 1.148511443e+00, 1.171481672e+02, 2.906569379e+01, 0.000000000e+00, 2.438274508e+05
679, 1.000000000e-02, 0.000000000e+00, 5.000000000e-03, 1.148511443e+00, 1.171481672e+02, 4.359854068e+01, 0.000000000e+00, 2.442871842e+05
680, 1.000000000e-02, 0.000000000e+00, 6.666666667e-03, 1.148511443e+00, 1.171481672e+02, 5.813138757e+01, 0.000000000e+00, 2.449308110e+05
681, 1.000000000e-02, 0.000000000e+00, 8.333333333e-03, 1.148511443e+00, 1.171481672e+02, 7.266423447e+01, 0.000000000e+00, 2.457583312e+05
682, 1.000000000e-02, 0.000000000e+00, 1.000000000e-02, 1.148511443e+00, 1.171481672e+02, 8.719708136e+01, 0.000000000e+00, 2.467697447e+05
683, 1.000000000e-02, 0.000000000e+00, 1.166666667e-02, 1.148511443e+00, 1.171481672e+02, 1.017299283e+02, 0.000000000e+00, 2.479650516e+05
684, 1.000000000e-02, 0.000000000e+00, 1.333333333e-02, 1.148511443e+00, 1.171481672e+02, 1.162627751e+02, 0.000000000e+00, 2.493442519e+05
685, 1.000000000e-02, 0.000000000e+00, 1.500000000e-02, 1.148511443e+00, 1.171481672e+02, 1.307956220e+02, 0.000000000e+00, 2.509073455e+05
686, 1.000000000e-02, 0.000000000e+00, 1.666666667e-02, 1.148511443e+00, 1.171481672e+02, 1.453284689e+02, 0.000000000e+00, 2.526543325e+05
687, 1.000000000e-02, 0.000000000e+00, 1.833333333e-02, 1.148511443e+00, 1.171481672e+02, 1.598613158e+02, 0.000000000e+00, 2.545852129e+05
688, 1.000000000e-02, 0.000000000e+00, 2.000000000e-02, 1.148511443e+00, 1.171481672e+02, 1.743941627e+02, 0.000000000e+00, 2.566999866e+05
689, 1.000000000e-02, 1.666666667e-03, 0.000000000e+00, 1.148511443e+00, 1.171481672e+02, 0.000000000e+00, -1.453284689e+01, 2.435516108e+05
690, 1.000000000e-02, 1.666666667e-03, 1.666666667e-03, 1.148511443e+00, 1.171481672e+02, 1.453284689e+01, -1.453284689e+01, 2.436435574e+05
691, 1.000000000e-02, 1.666666667e-03, 3.333333333e-03, 1.148511443e+00, 1.171481672e+02, 2.906569379e+01, -1.453284689e+01, 2.439193975e+05
692, 1.000000000e-02, 1.666666667e-03, 5.000000000e-03, 1.148511443e+00, 1.171481672e+02, 4.359854068e+01, -1.453284689e+01, 2.443791309e+05
693, 1.000000000e-02, 1.666666667e-03, 6.666666667e-03, 1.148511443e+00, 1.171481672e+02, 5.813138757e+01, -1.453284689e+01, 2.450227577e+05
694, 1.000000000e-02, 1.666666667e-03, 8.333333333e-03, 1.148511443e+00, 1.171481672e+02, 7.266423447e+01, -1.453284689e+01, 2.458502779e+05
695, 1.000000000e-02, 1.666666667e-03, 1.000000000e-02, 1.148511443e+00, 1.171481672e+02, 8.719708136e+01, -1.453284689e+01, 2.468616914e+05
696, 1.000000000e-02, 1.666666667e-03, 1.166666667e-02, 1.148511443e+00, 1.171481672e+02, 1.017299283e+02, -1.453284689e+01, 2.480569983e+05
697, 1.000000000e-02, 1.666666667e-03, 1.333333333e-02, 1.148511443e+00, 1.171481672e+02, 1.162627751e+02, -1.453284689e+01, 2.494361986e+05
698, 1.000000000e-02, 1.666666667e-03, 1.500000000e-02, 1.148511443e+00, 1.171481672e+02, 1.307956220e+02, -1.453284689e+01, 2.509992922e+05
699, 1.000000000e-02, 1.666666667e-03, 1.666666667e-02, 1.148511443e+00, 1.171481672e+02, 1.453284689e+02, -1.453284689e+01, 2.527462792e+05
700, 1.000000000e-02, 1.666666667e-03, 1.833333333e-02, 1.148511443e+00, 1.171481672e+02, 1.598613158e+02, -1.453284689e+01, 2.546771596e+05
701, 1.000000000e-02, 1.666666667e-03, 2.000000000e-02, 1.148511443e+00, 1.171481672e+02, 1.743941627e+02, -1.453284689e+01, 2.567919333e+05
702, 1.000000000e-02, 3.333333333e-03, 0.000000000e+00, 1.148511443e+00, 1.171481672e+02, 0.000000000e+00, -2.906569379e+01, 2.438274508e+05
703, 1.000000000e-02, 3.333333333e-03, 1.666666667e-03, 1.148511443e+00, 1.171481672e+02, 1.453284689e+01, -2.906569379e+01, 2.439193975e+05
704, 1.000000000e-02, 3.333333333e-03, 3.333333333e-03, 1.148511443e+00, 1.171481672e+02, 2.906569379e+01, -2.906569379e+01, 2.441952375e+05
705, 1.000000000e-02, 3.333333333e-03, 5.000000000e-03, 1.148511443e+00, 1.171481672e+02, 4.359854068e+01, -2.906569379e+01, 2.446549710e+05
706, 1.000000000e-02, 3.333333333e-03, 6.666666667e-03, 1.148511443e+00, 1.171481672e+02, 5.813138757e+01, -2.906569379e+01, 2.452985978e+05
707, 1.000000000e-02, 3.333333333e-03, 8.333333333e-03, 1.148511443e+00, 1.171481672e+02, 7.266423447e+01, -2.906569379e+01, 2.461261179e+05
708, 1.000000000e-02, 3.333333333e-03, 1.000000000e-02, 1.148511443e+00, 1.171481672e+02, 8.719708136e+01, -2.906569379e+01, 2.471375315e+05
709, 1.000000000e-02, 3.333333333e-03, 1.166666667e-02, 1.148511443e+00, 1.171481672e+02, 1.017299283e+02, -2.906569379e+01, 2.483328384e+05
710, 1.000000000e-02, 3.333333333e-03, 1.333333333e-02, 1.148511443e+00, 1.171481672e+02, 1.162627751e+02, -2.906569379e+01, 2.497120386e+05
711, 1.000000000e-02, 3.333333333e-03, 1.500000000e-02, 1.148511443e+00, 1.171481672e+02, 1.307956220e+02, -2.906569379e+01, 2.512751323e+05
712, 1.000000000e-02, 3.333333333e-03, 1.666666667e-02, 1.148511443e+00, 1.171481672e+02, 1.453284689e+02, -2.906569379e+01, 2.530221193e+05
713, 1.000000000e-02, 3.333333333e-03, 1.833333333e-02, 1.148511443e+00, 1.171481672e+02, 1.598613158e+02, -2.906569379e+01, 2.549529996e+05
714, 1.000000000e-02, 3.333333333e-03, 2.000000000e-02, 1.148511443e+00, 1.171481672e+02, 1.743941627e+02, -2.906569379e+01, 2.570677734e+05
715, 1.000000000e-02, 5.000000000e-03, 0.000000000e+00, 1.148511443e+00, 1.171481672e+02, 0.000000000e+00, -4.359854068e+01, 2.442871842e+05
716, 1.000000000e-02, 5.000000000e-03, 1.666666667e-03, 1.148511443e+00, 1.171481672e+02, 1.453284689e+01, -4.359854068e+01, 2.443791309e+05
717, 1.000000000e-02, 5.000000000e-03, 3.333333333e-03, 1.148511443e+00, 1.171481672e+02, 2.906569379e+01, -4.359854068e+01, 2.446549710e+05
718, 1.000000000e-02, 5.000000000e-03, 5.000000000e-03, 1.148511443e+00, 1.171481672e+02, 4.359854068e+01, -4.359854068e+01, 2.451147044e+05
719, 1.000000000e-02, 5.000000000e-03, 6.666666667e-03, 1.148511443e+00, 1.171481672e+02, 5.813138757e+01, -4.359854068e+01, 2.457583312e+05
720, 1.000000000e-02, 5.000000000e-03, 8.333333333e-03, 1.148511443e+00, 1.171481672e+02, 7.266423447e+01, -4.359854068e+01, 2.465858513e+05
721, 1.000000000e-02, 5.000000000e-03, 1.000000000e-02, 1.148511443e+00, 1.171481672e+02, 8.719708136e+01, -4.359854068e+01, 2.475972649e+05
722, 1.000000000e-02, 5.000000000e-03, 1.166666667e-02, 1.148511443e+00, 1.171481672e+02, 1.017299283e+02, -4.359854068e+01, 2.487925718e+05
723, 1.000000000e-02, 5.000000000e-03, 1.333333333e-02, 1.148511443e+00, 1.171481672e+02, 1.162627751e+02, -4.359854068e+01, 2.501717720e+05
724, 1.000000000e-02, 5.000000000e-03, 1.500000000e-02, 1.148511443e+00, 1.171481672e+02, 1.307956220e+02, -4.359854068e+01, 2.517348657e+05
725, 1.000000000e-02, 5.000000000e-03, 1.666666667e-02, 1.148511443e+00, 1.171481672e+02, 1.453284689e+02, -4.359854068e+01, 2.534818527e+05
726, 1.000000000e-02, 5.000000000e-03, 1.833333333e-02, 1.148511443e+00, 1.171481672e+02, 1.598613158e+02, -4.359854068e+01, 2.554127331e+05
727, 1.000000000e-02, 5.000000000e-03, 2.000000000e-02, 1.148511443e+00, 1.171481672e+02, 1.743941627e+02, -4.359854068e+01, 2.575275068e+05
728, 1.000000000e-02, 6.666666667e-03, 0.000000000e+00, 1.148511443e+00, 1.171481672e+02, 0.000000000e+00, -5.813138757e+01, 2.449308110e+05
729, 1.000000000e-02, 6.666666667e-03, 1.666666667e-03, 1.148511443e+00, 1.171481672e+02, 1.453284689e+01, -5.813138757e+01, 2.450227577e+05
730, 1.000000000e-02, 6.666666667e-03, 3.333333333e-03, 1.148511443e+00, 1.171481672e+02, 2.906569379e+01, -5.813138757e+01, 2.452985978e+05
731, 1.000000000e-02, 6.666666667e-03, 5.000000000e-03, 1.148511443e+00, 1.171481672e+02, 4.359854068e+01, -5.813138757e+01, 2.457583312e+05
732, 1.000000000e-02, 6.666666667e-03, 6.666666667e-03, 1.148511443e+00, 1.171481672e+02, 5.813138757e+01, -5.813138757e+01, 2.464019580e+05
733, 1.000000000e-02, 6.666666667e-03, 8.333333333e-03, 1.148511443e+00, 1.171481672e+02, 7.266423447e+01, -5.813138757e+01, 2.472294781e+05
734, 1.000000000e-02, 6.666666667e-03, 1.000000000e-02, 1.148511443e+00, 1.171481672e+02, 8.719708136e+01, -5.813138757e+01, 2.482408917e+05
735, 1.000000000e-02, 6.666666667e-03, 1.166666667e-02, 1.148511443e+00, 1.171481672e+02, 1.017299283e+02, -5.813138757e+01, 2.494361986e+05
736, 1.000000000e-02, 6.666666667e-03, 1.333333333e-02, 1.148511443e+00, 1.171481672e+02, 1.162627751e+02, -5.813138757e+01, 2.508153988e+05
737, 1.000000000e-02, 6.666666667e-03, 1.500000000e-02, 1.148511443e+00, 1.171481672e+02, 1.307956220e+02, -5.813138757e+01, 2.523784925e+05
738, 1.000000000e-02, 6.666666667e-03, 1.666666667e-02, 1.148511443e+00, 1.171481672e+02, 1.453284689e+02, -5.813138757e+01, 2.541254795e+05
739, 1.000000000e-02, 6.666666667e-03, 1.833333333e-02, 1.148511443e+00, 1.171481672e+02, 1.598613158e+02, -5.813138757e+01, 2.560563599e+05
740, 1.000000000e-02, 6.666666667e-03, 2.000000000e-02, 1.148511443e+00, 1.171481672e+02, 1.743941627e+02, -5.813138757e+01, 2.581711336e+05
741, 1.000000000e-02, 8.333333333e-03, 0.000000000e+00, 1.148511443e+00, 1.171481672e+02, 0.000000000e+00, -7.266423447e+01, 2.457583312e+05
742, 1.000000000e-02, 8.333333333e-03, 1.666666667e-03, 1.148511443e+00, 1.171481672e+02, 1.453284689e+01, -7.266423447e+01, 2.458502779e+05
743, 1.000000000e-02, 8.333333333e-03, 3.333333333e-03, 1.148511443e+00, 1.171481672e+02, 2.906569379e+01, -7.266423447e+01, 2.461261179e+05
744, 1.000000000e-02, 8.333333333e-03, 5.000000000e-03, 1.148511443e+00, 1.171481672e+02, 4.359854068e+01, -7.266423447e+01, 2.465858513e+05
745, 1.000000000e-02, 8.333333333e-03, 6.666666667e-03, 1.148511443e+00, 1.171481672e+02, 5.813138757e+01, -7.266423447e+01, 2.472294781e+05
746, 1.000000000e-02, 8.333333333e-03, 8.333333333e-03, 1.148511443e+00, 1.171481672e+02, 7.266423447e+01, -7.266423447e+01, 2.480569983e+05
747, 1.000000000e-02, 8.333333333e-03, 1.000000000e-02, 1.148511443e+00, 1.171481672e+02, 8.719708136e+01, -7.266423447e+01, 2.490684118e+05
748, 1.000000000e-02, 8.333333333e-03, 1.166666667e-02, 1.148511443e+00, 1.171481672e+02, 1.017299283e+02, -7.266423447e+01, 2.502637187e+05
749, 1.000000000e-02, 8.333333333e-03, 1.333333333e-02, 1.148511443e+00, 1.171481672e+02, 1.162627751e+02, -7.266423447e+01, 2.516429190e+05
750, 1.000000000e-02, 8.333333333e-03, 1.500000000e-02, 1.148511443e+00, 1.171481672e+02, 1.307956220e+02, -7.266423447e+01, 2.532060126e+05
751, 1.000000000e-02, 8.333333333e-03, 1.666666667e-02, 1.148511443e+00, 1.171481672e+02, 1.453284689e+02, -7.266423447e+01, 2.549529996e+05
752, 1.000000000e-02, 8.333333333e-03, 1.833333333e-02, 1.148511443e+00, 1.171481672e+02, 1.598613158e+02, -7.266423447e+01, 2.568838800e+05
753, 1.000000000e-02, 8.333333333e-03, 2.000000000e-02, 1.148511443e+00, 1.171481672e+02, 1.743941627e+02, -7.266423447e+01, 2.589986538e+05
754, 1.000000000e-02, 1.000000000e-02, 0.000000000e+00, 1.148511443e+00, 1.171481672e+02, 0.000000000e+00, -8.719708136e+01, 2.467697447e+05
755, 1.000000000e-02, 1.000000000e-02, 1.666666667e-03, 1.148511443e+00, 1.171481672e+02, 1.453284689e+01, -8.719708136e+01, 2.468616914e+05
756, 1.000000000e-02, 1.000000000e-02, 3.333333333e-03, 1.148511443e+00, 1.171481672e+02, 2.906569379e+01, -8.719708136e+01, 2.471375315e+05
757, 1.000000000e-02, 1.000000000e-02, 5.000000000e-03, 1.148511443e+00, 1.171481672e+02, 4.359854068e+01, -8.719708136e+01, 2.475972649e+05
758, 1.000000000e-02, 1.000000000e-02, 6.666666667e-03, 1.148511443e+00, 1.171481672e+02, 5.813138757e+01, -8.719708136e+01, 2.482408917e+05
759, 1.000000000e-02, 1.000000000e-02, 8.333333333e-03, 1.148511443e+00, 1.171481672e+02, 7.266423447e+01, -8.719708136e+01, 2.490684118e+05
760, 1.000000000e-02, 1.000000000e-02, 1.000000000e-02, 1.148511443e+00, 1.171481672e+02, 8.719708136e+01, -8.719708136e+01, 2.500798254e+05
761, 1.000000000e-02, 1.000000000e-02, 1.166666667e-02, 1.148511443e+00, 1.171481672e+02, 1.017299283e+02, -8.719708136e+01, 2.512751323e+05
762, 1.000000000e-02, 1.000000000e-02, 1.333333333e-02, 1.148511443e+00, 1.171481672e+02, 1.162627751e+02, -8.719708136e+01, 2.526543325e+05
763, 1.000000000e-02, 1.000000000e-02, 1.500000000e-02, 1.148511443e+00, 1.171481672e+02, 1.307956220e+02, -8.719708136e+01, 2.542174262e+05
764, 1.000000000e-02, 1.000000000e-02, 1.666666667e-02, 1.148511443e+00, 1.171481672e+02, 1.453284689e+02, -8.719708136e+01, 2.559644132e+05
765, 1.000000000e-02, 1.000000000e-02, 1.833333333e-02, 1.148511443e+00, 1.171481672e+02, 1.598613158e+02, -8.719708136e+01, 2.578952935e+05
766, 1.000000000e-02, 1.000000000e-02, 2.000000000e-02, 1.148511443e+00, 1.171481672e+02, 1.743941627e+02, -8.719708136e+01, 2.600100673e+05
767, 1.000000000e-02, 1.166666667e-02, 0.000000000e+00, 1.148511443e+00, 1.171481672e+02, 0.000000000e+00, -1.017299283e+02, 2.479650516e+05
768, 1.000000000e-02, 1.166666667e-02, 1.666666667e-03, 1.148511443e+00, 1.171481672e+02, 1.453284689e+01, -1.017299283e+02, 2.480569983e+05
769, 1.000000000e-02, 1.166666667e-02, 3.333333333e-03, 1.148511443e+00, 1.171481672e+02, 2.906569379e+01, -1.017299283e+02, 2.483328384e+05
770, 1.000000000e-02, 1.166666667e-02, 5.000000000e-03, 1.148511443e+00, 1.171481672e+02, 4.359854068e+01, -1.017299283e+02, 2.487925718e+05
771, 1.000000000e-02, 1.166666667e-02, 6.666666667e-03, 1.148511443e+00, 1.171481672e+02, 5.813138757e+01, -1.017299283e+02, 2.494361986e+05
772, 1.000000000e-02, 1.166666667e-02, 8.333333333e-03, 1.148511443e+00, 1.171481672e+02, 7.266423447e+01, -1.017299283e+02, 2.502637187e+05
773, 1.000000000e-02, 1.166666667e-02, 1.000000000e-02, 1.148511443e+00, 1.171481672e+02, 8.719708136e+01, -1.017299283e+02, 2.512751323e+05
774, 1.000000000e-02, 1.166666667e-02, 1.166666667e-02, 1.148511443e+00, 1.171481672e+02, 1.017299283e+02, -1.017299283e+02, 2.524704392e+05
775, 1.000000000e-02, 1.166666667e-02, 1.333333333e-02, 1.148511443e+00, 1.171481672e+02, 1.162627751e+02, -1.017299283e+02, 2.538496394e+05
776, 1.000000000e-02, 1.166666667e-02, 1.500000000e-02, 1.148511443e+00, 1.171481672e+02, 1.307956220e+02, -1.017299283e+02, 2.554127331e+05
777, 1.000000000e-02, 1.166666667e-02, 1.666666667e-02, 1.148511443e+00, 1.171481672e+02, 1.453284689e+02, -1.017299283e+02, 2.571597201e+05
778, 1.000000000e-02, 1.166666667e-02, 1.833333333e-02, 1.148511443e+00, 1.171481672e+02, 1.598613158e+02, -1.017299283e+02, 2.590906004e+05
779, 1.000000000e-02, 1.166666667e-02, 2.000000000e-02, 1.148511443e+00, 1.171481672e+02, 1.743941627e+02, -1.017299283e+02, 2.612053742e+05
780, 1.000000000e-02, 1.333333333e-02, 0.000000000e+00, 1.148511443e+00, 1.171481672e+02, 0.000000000e+00, -1.162627751e+02, 2.493442519e+05
781, 1.000000000e-02, 1.333333333e-02, 1.666666667e-03, 1.148511443e+00, 1.171481672e+02, 1.453284689e+01, -1.162627751e+02, 2.494361986e+05
782, 1.000000000e-02, 1.333333333e-02, 3.333333333e-03, 1.148511443e+00, 1.171481672e+02, 2.906569379e+01, -1.162627751e+02, 2.497120386e+05
783, 1.000000000e-02, 1.333333333e-02, 5.000000000e-03, 1.148511443e+00, 1.171481672e+02, 4.359854068e+01, -1.162627751e+02, 2.501717720e+05
784, 1.000000000e-02, 1.333333333e-02, 6.666666667e-03, 1.148511443e+00, 1.171481672e+02, 5.813138757e+01, -1.162627751e+02, 2.508153988e+05
785, 1.000000000e-02, 1.333333333e-02, 8.333333333e-03, 1.148511443e+00, 1.171481672e+02, 7.266423447e+01, -1.162627751e+02, 2.516429190e+05
786, 1.000000000e-02, 1.333333333e-02, 1.000000000e-02, 1.148511443e+00, 1.171481672e+02, 8.719708136e+01, -1.162627751e+02, 2.526543325e+05
787, 1.000000000e-02, 1.333333333e-02, 1.166666667e-02, 1.148511443e+00, 1.171481672e+02, 1.017299283e+02, -1.162627751e+02, 2.538496394e+05
788, 1.000000000e-02, 1.333333333e-02, 1.333333333e-02, 1.148511443e+00, 1.171481672e+02, 1.162627751e+02, -1.162627751e+02, 2.552288397e+05
789, 1.000000000e-02, 1.333333333e-02, 1.500000000e-02, 1.148511443e+00, 1.171481672e+02, 1.307956220e+02, -1.162627751e+02, 2.567919333e+05
790, 1.000000000e-02, 1.333333333e-02, 1.666666667e-02, 1.148511443e+00, 1.171481672e+02, 1.453284689e+02, -1.162627751e+02, 2.585389203e+05
791, 1.000000000e-02, 1.333333333e-02, 1.833333333e-02, 1.148511443e+00, 1.171481672e+02, 1.598613158e+02, -1.162627751e+02, 2.604698007e+05
792, 1.000000000e-02, 1.333333333e-02, 2.000000000e-02, 1.148511443e+00, 1.171481672e+02, 1.743941627e+02, -1.162627751e+02, 2.625845745e+05
793, 1.000000000e-02, 1.500000000e-02, 0.000000000e+00, 1.148511443e+00, 1.171481672e+02, 0.000000000e+00, -1.307956220e+02, 2.509073455e+05
794, 1.000000000e-02, 1.500000000e-02, 1.666666667e-03, 1.148511443e+00, 1.171481672e+02, 1.453284689e+01, -1.307956220e+02, 2.509992922e+05
795, 1.000000000e-02, 1.500000000e-02, 3.333333333e-03, 1.148511443e+00, 1.171481672e+02, 2.906569379e+01, -1.307956220e+02, 2.512751323e+05
796, 1.000000000e-02, 1.500000000e-02, 5.000000000e-03, 1.148511443e+00, 1.171481672e+02, 4.359854068e+01, -1.307956220e+02, 2.517348657e+05
797, 1.000000000e-02, 1.500000000e-02, 6.666666667e-03, 1.148511443e+00, 1.171481672e+02, 5.813138757e+01, -1.307956220e+02, 2.523784925e+05
798, 1.000000000e-02, 1.500000000e-02, 8.333333333e-03, 1.148511443e+00, 1.171481672e+02, 7.266423447e+01, -1.307956220e+02, 2.532060126e+05
799, 1.000000000e-02, 1.500000000e-02, 1.000000000e-02, 1.148511443e+00, 1.171481672e+02, 8.719708136e+01, -1.307956220e+02, 2.542174262e+05
800, 1.000000000e-02, 1.500000000e-02, 1.166666667e-02, 1.148511443e+00, 1.171481672e+02, 1.017299283e+02, -1.307956220e+02, 2.554127331e+05
801, 1.000000000e-02, 1.500000000e-02, 1.333333333e-02, 1.148511443e+00, 1.171481672e+02, 1.162627751e+02, -1.307956220e+02, 2.567919333e+05
802, 1.000000000e-02, 1.500000000e-02, 1.500000000e-02, 1.148511443e+00, 1.171481672e+02, 1.307956220e+02, -1.307956220e+02, 2.583550270e+05
803, 1.000000000e-02, 1.500000000e-02, 1.666666667e-02, 1.148511443e+00, 1.171481672e+02, 1.453284689e+02, -1.307956220e+02, 2.601020140e+05
804, 1.000000000e-02, 1.500000000e-02, 1.833333333e-02, 1.148511443e+00, 1.171481672e+02, 1.598613158e+02, -1.307956220e+02, 2.620328944e+05
805, 1.000000000e-02, 1.500000000e-02, 2.000000000e-02, 1.148511443e+00, 1.171481672e+02, 1.743941627e+02, -1.307956220e+02, 2.641476681e+05
806, 1.000000000e-02, 1.666666667e-02, 0.000000000e+00, 1.148511443e+00, 1.171481672e+02, 0.000000000e+00, -1.453284689e+02, 2.526543325e+05
807, 1.000000000e-02, 1.666666667e-02, 1.666666667e-03, 1.148511443e+00, 1.171481672e+02, 1.453284689e+01, -1.453284689e+02, 2.527462792e+05
808, 1.000000000e-02, 1.666666667e-02, 3.333333333e-03, 1.148511443e+00, 1.171481672e+02, 2.906569379e+01, -1.453284689e+02, 2.530221193e+05
809, 1.000000000e-02, 1.666666667e-02, 5.000000000e-03, 1.148511443e+00, 1.171481672e+02, 4.359854068e+01, -1.453284689e+02, 2.534818527e+05
810, 1.000000000e-02, 1.666666667e-02, 6.666666667e-03, 1.148511443e+00, 1.171481672e+02, 5.813138757e+01, -1.453284689e+02, 2.541254795e+05
811, 1.000000000e-02, 1.666666667e-02, 8.333333333e-03, 1.148511443e+00, 1.171481672e+02, 7.266423447e+01, -1.453284689e+02, 2.549529996e+05
812, 1.000000000e-02, 1.666666667e-02, 1.000000000e-02, 1.148511443e+00, 1.171481672e+02, 8.719708136e+01, -1.453284689e+02, 2.559644132e+05
813, 1.000000000e-02, 1.666666667e-02, 1.166666667e-02, 1.148511443e+00, 1.171481672e+02, 1.017299283e+02, -1.453284689e+02, 2.571597201e+05
814, 1.000000000e-02, 1.666666667e-02, 1.333333333e-02, 1.148511443e+00, 1.171481672e+02, 1.162627751e+02, -1.453284689e+02, 2.585389203e+05
815, 1.000000000e-02, 1.666666667e-02, 1.500000000e-02, 1.148511443e+00, 1.171481672e+02, 1.307956220e+02, -1.453284689e+02, 2.601020140e+05
816, 1.000000000e-02, 1.666666667e-02, 1.666666667e-02, 1.148511443e+00, 1.171481672e+02, 1.453284689e+02, -1.453284689e+02, 2.618490010e+05
817, 1.000000000e-02, 1.666666667e-02, 1.833333333e-02, 1.148511443e+00, 1.171481672e+02, 1.598613158e+02, -1.453284689e+02, 2.637798814e+05
818, 1.000000000e-02, 1.666666667e-02, 2.000000000e-02, 1.148511443e+00, 1.171481672e+02, 1.743941627e+02, -1.453284689e+02, 2.658946551e+05
819, 1.000000000e-02, 1.833333333e-02, 0.000000000e+00, 1.148511443e+00, 1.171481672e+02, 0.000000000e+00, -1.598613158e+02, 2.545852129e+05
820, 1.000000000e-02, 1.833333333e-02, 1.666666667e-03, 1.148511443e+00, 1.171481672e+02, 1.453284689e+01, -1.598613158e+02, 2.546771596e+05
821, 1.000000000e-02, 1.833333333e-02, 3.333333333e-03, 1.148511443e+00, 1.171481672e+02, 2.906569379e+01, -1.598613158e+02, 2.549529996e+05
822, 1.000000000e-02, 1.833333333e-02, 5.000000000e-03, 1.148511443e+00, 1.171481672e+02, 4.359854068e+01, -1.598613158e+02, 2.554127331e+05
823, 1.000000000e-02, 1.833333333e-02, 6.666666667e-03, 1.148511443e+00, 1.171481672e+02, 5.813138757e+01, -1.598613158e+02, 2.560563599e+05
824, 1.000000000e-02, 1.833333333e-02, 8.333333333e-03, 1.148511443e+00, 1.171481672e+02, 7.266423447e+01, -1.598613158e+02, 2.568838800e+05
825, 1.000000000e-02, 1.833333333e-02, 1.000000000e-02, 1.148511443e+00, 1.171481672e+02, 8.719708136e+01, -1.598613158e+02, 2.578952935e+05
826, 1.000000000e-02, 1.833333333e-02, 1.166666667e-02, 1.148511443e+00, 1.171481672e+02, 1.017299283e+02, -1.598613158e+02, 2.590906004e+05
827, 1.000000000e-02, 1.833333333e-02, 1.333333333e-02, 1.148511443e+00, 1.171481672e+02, 1.162627751e+02, -1.598613158e+02, 2.604698007e+05
828, 1.000000000e-02, 1.833333333e-02, 1.500000000e-02, 1.148511443e+00, 1.171481672e+02, 1.307956220e+02, -1.598613158e+02, 2.620328944e+05
829, 1.000000000e-02, 1.833333333e-02, 1.666666667e-02, 1.148511443e+00, 1.171481672e+02, 1.453284689e+02, -1.598613158e+02, 2.637798814e+05
830, 1.000000000e-02, 1.833333333e-02, 1.833333333e-02, 1.148511443e+00, 1.171481672e+02, 1.598613158e+02, -1.598613158e+02, 2.657107617e+05
831, 1.000000000e-02, 1.833333333e-02, 2.000000000e-02, 1.148511443e+00, 1.171481672e+02, 1.743941627e+02, -1.598613158e+02, 2.678255355e+05
832, 1.000000000e-02, 2.000000000e-02, 0.000000000e+00, 1.148511443e+00, 1.171481672e+02, 0.000000000e+00, -1.743941627e+02, 2.566999866e+05
833, 1.000000000e-02, 2.000000000e-02, 1.666666667e-03, 1.148511443e+00, 1.171481672e+02, 1.453284689e+01, -1.743941627e+02, 2.567919333e+05
834, 1.000000000e-02, 2.000000000e-02, 3.333333333e-03, 1.148511443e+00, 1.171481672e+02, 2.906569379e+01, -1.743941627e+02, 2.570677734e+05
835, 1.000000000e-02, 2.000000000e-02, 5.000000000e-03, 1.148511443e+00, 1.171481672e+02, 4.359854068e+01, -1.743941627e+02, 2.575275068e+05
836, 1.000000000e-02, 2.000000000e-02, 6.666666667e-03, 1.148511443e+00, 1.171481672e+02, 5.813138757e+01, -1.743941627e+02, 2.581711336e+05
837, 1.000000000e-02, 2.000000000e-02, 8.333333333e-03, 1.148511443e+00, 1.171481672e+02, 7.266423447e+01, -1.743941627e+02, 2.589986538e+05
838, 1.000000000e-02, 2.000000000e-02, 1.000000000e-02, 1.148511443e+00, 1.171481672e+02, 8.719708136e+01, -1.743941627e+02, 2.600100673e+05
839, 1.000000000e-02, 2.000000000e-02, 1.166666667e-02, 1.148511443e+00, 1.171481672e+02, 1.017299283e+02, -1.743941627e+02, 2.612053742e+05
840, 1.000000000e-02, 2.000000000e-02, 1.333333333e-02, 1.148511443e+00, 1.171481672e+02, 1.162627751e+02, -1.743941627e+02, 2.625845745e+05
841, 1.000000000e-02, 2.000000000e-02, 1.500000000e-02, 1.148511443e+00, 1.171481672e+02, 1.307956220e+02, -1.743941627e+02, 2.641476681e+05
842, 1.000000000e-02, 2.000000000e-02, 1.666666667e-02, 1.148511443e+00, 1.171481672e+02, 1.453284689e+02, -1.743941627e+02, 2.658946551e+05
843, 1.000000000e-02, 2.000000000e-02, 1.833333333e-02, 1.148511443e+00, 1.171481672e+02, 1.598613158e+02, -1.743941627e+02, 2.678255355e+05
844, 1.000000000e-02, 2.000000000e-02, 2.000000000e-02, 1.148511443e+00, 1.171481672e+02, 1.743941627e+02, -1.743941627e+02, 2.699403092e+05
845, 1.250000000e-02, 0.000000000e+00, 0.000000000e+00, 1.148511443e+00, 1.171481672e+02, 0.000000000e+00, 0.000000000e+00, 2.434596641e+05
846, 1.250000000e-02, 0.000000000e+00, 1.666666667e-03, 1.148511443e+00, 1.171481672e+02, 1.453284689e+01, 0.000000000e+00, 2.435516108e+05
847, 1.250000000e-02, 0.000000000e+00, 3.333333333e-03, 1.148511443e+00, 1.171481672e+02, 2.906569379e+01, 0.000000000e+00, 2.438274508e+05
848, 1.250000000e-02, 0.000000000e+00, 5.000000000e-03, 1.148511443e+00, 1.171481672e+02, 4.359854068e+01, 0.000000000e+00, 2.442871842e+05
849, 1.250000000e-02, 0.000000000e+00, 6.666666667e-03, 1.148511443e+00, 1.171481672e+02, 5.813138757e+01, 0.000000000e+00, 2.449308110e+05
850, 1.250000000e-02, 0.000000000e+00, 8.333333333e-03, 1.148511443e+00, 1.171481672e+02, 7.266423447e+01, 0.000000000e+00, 2.457583312e+05
851, 1.250000000e-02, 0.000000000e+00, 1.000000000e-02, 1.148511443e+00, 1.171481672e+02, 8.719708136e+01, 0.000000000e+00, 2.467697447e+05
852, 1.250000000e-02, 0.000000000e+00, 1.166666667e-02, 1.148511443e+00, 1.171481672e+02, 1.017299283e+02, 0.000000000e+00, 2.479650516e+05
853, 1.250000000e-02, 0.000000000e+00, 1.333333333e-02, 1.148511443e+00, 1.171481672e+02, 1.162627751e+02, 0.000000000e+00, 2.493442519e+05
854, 1.250000000e-02, 0.000000000e+00, 1.500000000e-02, 1.148511443e+00, 1.171481672e+02, 1.307956220e+02, 0.000000000e+00, 2.509073455e+05
855, 1.250000000e-02, 0.000000000e+00, 1.666666667e-02, 1.148511443e+00, 1.171481672e+02, 1.453284689e+02, 0.000000000e+00, 2.526543325e+05
856, 1.250000000e-02, 0.000000000e+00, 1.833333333e-02, 1.148511443e+00, 1.171481672e+02, 1.598613158e+02, 0.000000000e+00, 2.545852129e+05
857, 1.250000000e-02, 0.000000000e+00, 2.000000000e-02, 1.148511443e+00, 1.171481672e+02, 1.743941627e+02, 0.000000000e+00, 2.566999866e+05
858, 1.250000000e-02, 1.666666667e-03, 0.000000000e+00, 1.148511443e+00, 1.171481672e+02, 0.000000000e+00, -1.453284689e+01, 2.435516108e+05
859, 1.250000000e-02, 1.666666667e-03, 1.666666667e-03, 1.148511443e+00, 1.171481672e+02, 1.453284689e+01, -1.453284689e+01, 2.436435574e+05
860, 1.250000000e-02, 1.666666667e-03, 3.333333333e-03, 1.148511443e+00, 1.171481672e+02, 2.906569379e+01, -1.453284689e+01, 2.439193975e+05
861, 1.250000000e-02, 1.666666667e-03, 5.000000000e-03, 1.148511443e+00, 1.171481672e+02, 4.359854068e+01, -1.453284689e+01, 2.443791309e+05
862, 1.250000000e-02, 1.666666667e-03, 6.666666667e-03, 1.148511443e+00, 1.171481672e+02, 5.813138757e+01, -1.453284689e+01, 2.450227577e+05
863, 1.250000000e-02, 1.666666667e-03, 8.333333333e-03, 1.148511443e+00, 1.171481672e+02, 7.266423447e+01, -1.453284689e+01, 2.458502779e+05
864, 1.250000000e-02, 1.666666667e-03, 1.000000000e-02, 1.148511443e+00, 1.171481672e+02, 8.719708136e+01, -1.453284689e+01, 2.468616914e+05
865, 1.250000000e-02, 1.666666667e-03, 1.166666667e-02, 1.148511443e+00, 1.171481672e+02, 1.017299283e+02, -1.453284689e+01, 2.480569983e+05
866, 1.250000000e-02, 1.666666667e-03, 1.333333333e-02, 1.148511443e+00, 1.171481672e+02, 1.162627751e+02, -1.453284689e+01, 2.494361986e+05
867, 1.250000000e-02, 1.666666667e-03, 1.500000000e-02, 1.148511443e+00, 1.171481672e+02, 1.307956220e+02, -1.453284689e+01, 2.509992922e+05
868, 1.250000000e-02, 1.666666667e-03, 1.666666667e-02, 1.148511443e+00, 1.171481672e+02, 1.453284689e+02, -1.453284689e+01, 2.527462792e+05
869, 1.250000000e-02, 1.666666667e-03, 1.833333333e-02, 1.148511443e+00, 1.171481672e+02, 1.598613158e+02, -1.453284689e+01, 2.546771596e+05
870, 1.250000000e-02, 1.666666667e-03, 2.000000000e-02, 1.148511443e+00, 1.171481672e+02, 1.743941627e+02, -1.453284689e+01, 2.567919333e+05
871, 1.250000000e-02, 3.333333333e-03, 0.000000000e+00, 1.148511443e+00, 1.171481672e+02, 0.000000000e+00, -2.906569379e+01, 2.438274508e+05
872, 1.250000000e-02, 3.333333333e-03, 1.666666667e-03, 1.148511443e+00, 1.171481672e+02, 1.453284689e+01, -2.906569379e+01, 2.439193975e+05
873, 1.250000000e-02, 3.333333333e-03, 3.333333333e-03, 1.148511443e+00, 1.171481672e+02, 2.906569379e+01, -2.906569379e+01, 2.441952375e+05
874, 1.250000000e-02, 3.333333333e-03, 5.000000000e-03, 1.148511443e+00, 1.171481672e+02, 4.359854068e+01, -2.906569379e+01, 2.446549710e+05
875, 1.250000000e-02, 3.333333333e-03, 6.666666667e-03, 1.148511443e+00, 1.171481672e+02, 5.813138757e+01, -2.906569379e+01, 2.452985978e+05
876, 1.250000000e-02, 3.333333333e-03, 8.333333333e-03, 1.148511443e+00, 1.171481672e+02, 7.266423447e+01, -2.906569379e+01, 2.461261179e+05
877, 1.250000000e-02, 3.333333333e-03, 1.000000000e-02, 1.148511443e+00, 1.171481672e+02, 8.719708136e+01, -2.906569379e+01, 2.471375315e+05
878, 1.250000000e-02, 3.333333333e-03, 1.166666667e-02, 1.148511443e+00, 1.171481672e+02, 1.017299283e+02, -2.906569379e+01, 2.483328384e+05
879, 1.250000000e-02, 3.333333333e-03, 1.333333333e-02, 1.148511443e+00, 1.171481672e+02, 1.162627751e+02, -2.906569379e+01, 2.497120386e+05
880, 1.250000000e-02, 3.333333333e-03, 1.500000000e-02, 1.148511443e+00, 1.171481672e+02, 1.307956220e+02, -2.906569379e+01, 2.512751323e+05
881, 1.250000000e-02, 3.333333333e-03, 1.666666667e-02, 1.148511443e+00, 1.171481672e+02, 1.453284689e+02, -2.906569379e+01, 2.530221193e+05
882, 1.250000000e-02, 3.333333333e-03, 1.833333333e-02, 1.148511443e+00, 1.171481672e+02, 1.598613158e+02, -2.906569379e+01, 2.549529996e+05
883, 1.250000000e-02, 3.333333333e-03, 2.000000000e-02, 1.148511443e+00, 1.171481672e+02, 1.743941627e+02, -2.906569379e+01, 2.570677734e+05
884, 1.250000000e-02, 5.000000000e-03, 0.000000000e+00, 1.148511443e+00, 1.171481672e+02, 0.000000000e+00, -4.359854068e+01, 2.442871842e+05
885, 1.250000000e-02, 5.000000000e-03, 1.666666667e-03, 1.148511443e+00, 1.171481672e+02, 1.453284689e+01, -4.359854068e+01, 2.443791309e+05
886, 1.250000000e-02, 5.000000000e-03, 3.333333333e-03, 1.148511443e+00, 1.171481672e+02, 2.906569379e+01, -4.359854068e+01, 2.446549710e+05
887, 1.250000000e-02, 5.000000000e-03, 5.000000000e-03, 1.148511443e+00, 1.171481672e+02, 4.359854068e+01, -4.359854068e+01, 2.451147044e+05
888, 1.250000000e-02, 5.000000000e-03, 6.666666667e-03, 1.148511443e+00, 1.171481672e+02, 5.813138757e+01, -4.359854068e+01, 2.457583312e+05
889, 1.250000000e-02, 5.000000000e-03, 8.333333333e-03, 1.148511443e+00, 1.171481672e+02, 7.266423447e+01, -4.359854068e+01, 2.465858513e+05
890, 1.250000000e-02, 5.000000000e-03, 1.000000000e-02, 1.148511443e+00, 1.171481672e+02, 8.719708136e+01, -4.359854068e+01, 2.475972649e+05
891, 1.250000000e-02, 5.000000000e-03, 1.166666667e-02, 1.148511443e+00, 1.171481672e+02, 1.017299283e+02, -4.359854068e+01, 2.487925718e+05
892, 1.250000000e-02, 5.000000000e-03, 1.333333333e-02, 1.148511443e+00, 1.171481672e+02, 1.162627751e+02, -4.359854068e+01, 2.501717720e+05
893, 1.250000000e-02, 5.000000000e-03, 1.500000000e-02, 1.148511443e+00, 1.171481672e+02, 1.307956220e+02, -4.359854068e+01, 2.517348657e+05
894, 1.250000000e-02, 5.000000000e-03, 1.666666667e-02, 1.148511443e+00, 1.171481672e+02, 1.453284689e+02, -4.359854068e+01, 2.534818527e+05
895, 1.250000000e-02, 5.000000000e-03, 1.833333333e-02, 1.148511443e+00, 1.171481672e+02, 1.598613158e+02, -4.359854068e+01, 2.554127331e+05
896, 1.250000000e-02, 5.000000000e-03, 2.000000000e-02, 1.148511443e+00, 1.171481672e+02, 1.743941627e+02, -4.359854068e+01, 2.575275068e+05
897, 1.250000000e-02, 6.666666667e-03, 0.000000000e+00, 1.148511443e+00, 1.171481672e+02, 0.000000000e+00, -5.813138757e+01, 2.449308110e+05
898, 1.250000000e-02, 6.666666667e-03, 1.666666667e-03, 1.148511443e+00, 1.171481672e+02, 1.453284689e+01, -5.813138757e+01, 2.450227577e+05
899, 1.250000000e-02, 6.666666667e-03, 3.333333333e-03, 1.148511443e+00, 1.171481672e+02, 2.906569379e+01, -5.813138757e+01, 2.452985978e+05
900, 1.250000000e-02, 6.666666667e-03, 5.000000000e-03, 1.148511443e+00, 1.171481672e+02, 4.359854068e+01, -5.813138757e+01, 2.457583312e+05
901, 1.250000000e-02, 6.666666667e-03, 6.666666667e-03, 1.148511443e+00, 1.171481672e+02, 5.813138757e+01, -5.813138757e+01, 2.464019580e+05
902, 1.250000000e-02, 6.666666667e-03, 8.333333333e-03, 1.148511443e+00, 1.171481672e+02, 7.266423447e+01, -5.813138757e+01, 2.472294781e+05
903, 1.250000000e-02, 6.666666667e-03, 1.000000000e-02, 1.148511443e+00, 1.171481672e+02, 8.719708136e+01, -5.813138757e+01, 2.482408917e+05
904, 1.250000000e-02, 6.666666667e-03, 1.166666667e-02, 1.148511443e+00, 1.171481672e+02, 1.017299283e+02, -5.813138757e+01, 2.494361986e+05
905, 1.250000000e-02, 6.666666667e-03, 1.333333333e-02, 1.148511443e+00, 1.171481672e+02, 1.162627751e+02, -5.813138757e+01, 2.508153988e+05
906, 1.250000000e-02, 6.666666667e-03, 1.500000000e-02, 1.148511443e+00, 1.171481672e+02, 1.307956220e+02, -5.813138757e+01, 2.523784925e+05
907, 1.250000000e-02, 6.666666667e-03, 1.666666667e-02, 1.148511443e+00, 1.171481672e+02, 1.453284689e+02, -5.813138757e+01, 2.541254795e+05
908, 1.250000000e-02, 6.666666667e-03, 1.833333333e-02, 1.148511443e+00, 1.171481672e+02, 1.598613158e+02, -5.813138757e+01, 2.560563599e+05
909, 1.250000000e-02, 6.666666667e-03, 2.000000000e-02, 1.148511443e+00, 1.171481672e+02, 1.743941627e+02, -5.813138757e+01, 2.581711336e+05
910, 1.250000000e-02, 8.333333333e-03, 0.000000000e+00, 1.148511443e+00, 1.171481672e+02, 0.000000000e+00, -7.266423447e+01, 2.457583312e+05
911, 1.250000000e-02, 8.333333333e-03, 1.666666667e-03, 1.148511443e+00, 1.171481672e+02, 1.453284689e+01, -7.266423447e+01, 2.458502779e+05
912, 1.250000000e-02, 8.333333333e-03, 3.333333333e-03, 1.148511443e+00, 1.171481672e+02, 2.906569379e+01, -7.266423447e+01, 2.461261179e+05
913, 1.250000000e-02, 8.333333333e-03, 5.000000000e-03, 1.148511443e+00, 1.171481672e+02, 4.359854068e+01, -7.266423447e+01, 2.465858513e+05
914, 1.250000000e-02, 8.333333333e-03, 6.666666667e-03, 1.148511443e+00, 1.171481672e+02, 5.813138757e+01, -7.266423447e+01, 2.472294781e+05
915, 1.250000000e-02, 8.333333333e-03, 8.333333333e-03, 1.148511443e+00, 1.171481672e+02, 7.266423447e+01, -7.266423447e+01, 2.480569983e+05
916, 1.250000000e-02, 8.333333333e-03, 1.000000000e-02, 1.148511443e+00, 1.171481672e+02, 8.719708136e+01, -7.266423447e+01, 2.490684118e+05
917, 1.250000000e-02, 8.333333333e-03, 1.166666667e-02, 1.148511443e+00, 1.171481672e+02, 1.017299283e+02, -7.266423447e+01, 2.502637187e+05
918, 1.250000000e-02, 8.333333333e-03, 1.333333333e-02, 1.148511443e+00, 1.171481672e+02, 1.162627751e+02, -7.266423447e+01, 2.516429190e+05
919, 1.250000000e-02, 8.333333333e-03, 1.500000000e-02, 1.148511443e+00, 1.171481672e+02, 1.307956220e+02, -7.266423447e+01, 2.532060126e+05
920, 1.250000000e-02, 8.333333333e-03, 1.666666667e-02, 1.148511443e+00, 1.171481672e+02, 1.453284689e+02, -7.266423447e+01, 2.549529996e+05
921, 1.250000000e-02, 8.333333333e-03, 1.833333333e-02, 1.148511443e+00, 1.171481672e+02, 1.598613158e+02, -7.266423447e+01, 2.568838800e+05
922, 1.250000000e-02, 8.333333333e-03, 2.000000000e-02, 1.148511443e+00, 1.171481672e+02, 1.743941627e+02, -7.266423447e+01, 2.589986538e+05
923, 1.250000000e-02, 1.000000000e-02, 0.000000000e+00, 1.148511443e+00, 1.171481672e+02, 0.000000000e+00, -8.719708136e+01, 2.467697447e+05
924, 1.250000000e-02, 1.000000000e-02, 1.666666667e-03, 1.148511443e+00, 1.171481672e+02, 1.453284689e+01, -8.719708136e+01, 2.468616914e+05
925, 1.250000000e-02, 1.000000000e-02, 3.333333333e-03, 1.148511443e+00, 1.171481672e+02, 2.906569379e+01, -8.719708136e+01, 2.471375315e+05
926, 1.250000000e-02, 1.000000000e-02, 5.000000000e-03, 1.148511443e+00, 1.171481672e+02, 4.359854068e+01, -8.719708136e+01, 2.475972649e+05
927, 1.250000000e-02, 1.000000000e-02, 6.666666667e-03, 1.148511443e+00, 1.171481672e+02, 5.813138757e+01, -8.719708136e+01, 2.482408917e+05
928, 1.250000000e-02, 1.000000000e-02, 8.333333333e-03, 1.148511443e+00, 1.171481672e+02, 7.266423447e+01, -8.719708136e+01, 2.490684118e+05
929, 1.250000000e-02, 1.000000000e-02, 1.000000000e-02, 1.148511443e+00, 1.171481672e+02, 8.719708136e+01, -8.719708136e+01, 2.500798254e+05
930, 1.250000000e-02, 1.000000000e-02, 1.166666667e-02, 1.148511443e+00, 1.171481672e+02, 1.017299283e+02, -8.719708136e+01, 2.512751323e+05
931, 1.250000000e-02, 1.000000000e-02, 1.333333333e-02, 1.148511443e+00, 1.171481672e+02, 1.162627751e+02, -8.719708136e+01, 2.526543325e+05
932, 1.250000000e-02, 1.000000000e-02, 1.500000000e-02, 1.148511443e+00, 1.171481672e+02, 1.307956220e+02, -8.719708136e+01, 2.542174262e+05
933, 1.250000000e-02, 1.000000000e-02, 1.666666667e-02, 1.148511443e+00, 1.171481672e+02, 1.453284689e+02, -8.719708136e+01, 2.559644132e+05
934, 1.250000000e-02, 1.000000000e-02, 1.833333333e-02, 1.148511443e+00, 1.171481672e+02, 1.598613158e+02, -8.719708136e+01, 2.578952935e+05
935, 1.250000000e-02, 1.000000000e-02, 2.000000000e-02, 1.148511443e+00, 1.171481672e+02, 1.743941627e+02, -8.719708136e+01, 2.600100673e+05
936, 1.250000000e-02, 1.166666667e-02, 0.000000000e+00, 1.148511443e+00, 1.171481672e+02, 0.000000000e+00, -1.017299283e+02, 2.479650516e+05
937, 1.250000000e-02, 1.166666667e-02, 1.666666667e-03, 1.148511443e+00, 1.171481672e+02, 1.453284689e+01, -1.017299283e+02, 2.480569983e+05
938, 1.250000000e-02, 1.166666667e-02, 3.333333333e-03, 1.148511443e+00, 1.171481672e+02, 2.906569379e+01, -1.017299283e+02, 2.483328384e+05
939, 1.250000000e-02, 1.166666667e-02, 5.000000000e-03, 1.148511443e+00, 1.171481672e+02, 4.359854068e+01, -1.017299283e+02, 2.487925718e+05
940, 1.250000000e-02, 1.166666667e-02, 6.666666667e-03, 1.148511443e+00, 1.171481672e+02, 5.813138757e+01, -1.017299283e+02, 2.494361986e+05
941, 1.250000000e-02, 1.166666667e-02, 8.333333333e-03, 1.148511443e+00, 1.171481672e+02, 7.266423447e+01, -1.017299283e+02, 2.502637187e+05
942, 1.250000000e-02, 1.166666667e-02, 1.000000000e-02, 1.148511443e+00, 1.171481672e+02, 8.719708136e+01, -1.017299283e+02, 2.512751323e+05
943, 1.250000000e-02, 1.166666667e-02, 1.166666667e-02, 1.148511443e+00, 1.171481672e+02, 1.017299283e+02, -1.017299283e+02, 2.524704392e+05
944, 1.250000000e-02, 1.166666667e-02, 1.333333333e-02, 1.148511443e+00, 1.171481672e+02, 1.162627751e+02, -1.017299283e+02, 2.538496394e+05
945, 1.250000000e-02, 1.166666667e-02, 1.500000000e-02, 1.148511443e+00, 1.171481672e+02, 1.307956220e+02, -1.017299283e+02, 2.554127331e+05
946, 1.250000000e-02, 1.166666667e-02, 1.666666667e-02, 1.148511443e+00, 1.171481672e+02, 1.453284689e+02, -1.017299283e+02, 2.571597201e+05
947, 1.250000000e-02, 1.166666667e-02, 1.833333333e-02, 1.148511443e+00, 1.171481672e+02, 1.598613158e+02, -1.017299283e+02, 2.590906004e+05
948, 1.250000000e-02, 1.166666667e-02, 2.000000000e-02, 1.148511443e+00, 1.171481672e+02, 1.743941627e+02, -1.017299283e+02, 2.612053742e+05
949, 1.250000000e-02, 1.333333333e-02, 0.000000000e+00, 1.148511443e+00, 1.171481672e+02, 0.000000000e+00, -1.162627751e+02, 2.493442519e+05
950, 1.250000000e-02, 1.333333333e-02, 1.666666667e-03, 1.148511443e+00, 1.171481672e+02, 1.453284689e+01, -1.162627751e+02, 2.494361986e+05
951, 1.250000000e-02, 1.333333333e-02, 3.333333333e-03, 1.148511443e+00, 1.171481672e+02, 2.906569379e+01, -1.162627751e+02, 2.497120386e+05
952, 1.250000000e-02, 1.333333333e-02, 5.000000000e-03, 1.148511443e+00, 1.171481672e+02, 4.359854068e+01, -1.162627751e+02, 2.501717720e+05
953, 1.250000000e-02, 1.333333333e-02, 6.666666667e-03, 1.148511443e+00, 1.171481672e+02, 5.813138757e+01, -1.162627751e+02, 2.508153988e+05
954, 1.250000000e-02, 1.333333333e-02, 8.333333333e-03, 1.148511443e+00, 1.171481672e+02, 7.266423447e+01, -1.162627751e+02, 2.516429190e+05
955, 1.250000000e-02, 1.333333333e-02, 1.000000000e-02, 1.148511443e+00, 1.171481672e+02, 8.719708136e+01, -1.162627751e+02, 2.526543325e+05
956, 1.250000000e-02, 1.333333333e-02, 1.166666667e-02, 1.148511443e+00, 1.171481672e+02, 1.017299283e+02, -1.162627751e+02, 2.538496394e+05
957, 1.250000000e-02, 1.333333333e-02, 1.333333333e-02, 1.148511443e+00, 1.171481672e+02, 1.162627751e+02, -1.162627751e+02, 2.552288397e+05
958, 1.250000000e-02, 1.333333333e-02, 1.500000000e-02, 1.148511443e+00, 1.171481672e+02, 1.307956220e+02, -1.162627751e+02, 2.567919333e+05
959, 1.250000000e-02, 1.333333333e-02, 1.666666667e-02, 1.148511443e+00, 1.171481672e+02, 1.453284689e+02, -1.162627751e+02, 2.585389203e+05
960, 1.250000000e-02, 1.333333333e-02, 1.833333333e-02, 1.148511443e+00, 1.171481672e+02, 1.598613158e+02, -1.162627751e+02, 2.604698007e+05
961, 1.250000000e-02, 1.333333333e-02, 2.000000000e-02, 1.148511443e+00, 1.171481672e+02, 1.743941627e+02, -1.162627751e+02, 2.625845745e+05
962, 1.250000000e-02, 1.500000000e-02, 0.000000000e+00, 1.148511443e+00, 1.171481672e+02, 0.000000000e+00, -1.307956220e+02, 2.509073455e+05
963, 1.250000000e-02, 1.500000000e-02, 1.666666667e-03, 1.148511443e+00, 1.171481672e+02, 1.453284689e+01, -1.307956220e+02, 2.509992922e+05
964, 1.250000000e-02, 1.500000000e-02, 3.333333333e-03, 1.148511443e+00, 1.171481672e+02, 2.906569379e+01, -1.307956220e+02, 2.512751323e+05
965, 1.250000000e-02, 1.500000000e-02, 5.000000000e-03, 1.148511443e+00, 1.171481672e+02, 4.359854068e+01, -1.307956220e+02, 2.517348657e+05
966, 1.250000000e-02, 1.500000000e-02, 6.666666667e-03, 1.148511443e+00, 1.171481672e+02, 5.813138757e+01, -1.307956220e+02, 2.523784925e+05
967, 1.250000000e-02, 1.500000000e-02, 8.333333333e-03, 1.148511443e+00, 1.171481672e+02, 7.266423447e+01, -1.307956220e+02, 2.532060126e+05
968, 1.250000000e-02, 1.500000000e-02, 1.000000000e-02, 1.148511443e+00, 1.171481672e+02, 8.719708136e+01, -1.307956220e+02, 2.542174262e+05
969, 1.250000000e-02, 1.500000000e-02, 1.166666667e-02, 1.148511443e+00, 1.171481672e+02, 1.017299283e+02, -1.307956220e+02, 2.554127331e+05
970, 1.250000000e-02, 1.500000000e-02, 1.333333333e-02, 1.148511443e+00, 1.171481672e+02, 1.162627751e+02, -1.307956220e+02, 2.567919333e+05
971, 1.250000000e-02, 1.500000000e-02, 1.500000000e-02, 1.148511443e+00, 1.171481672e+02, 1.307956220e+02, -1.307956220e+02, 2.583550270e+05
972, 1.250000000e-02, 1.500000000e-02, 1.666666667e-02, 1.148511443e+00, 1.171481672e+02, 1.453284689e+02, -1.307956220e+02, 2.601020140e+05
973, 1.250000000e-02, 1.500000000e-02, 1.833333333e-02, 1.148511443e+00, 1.171481672e+02, 1.598613158e+02, -1.307956220e+02, 2.620328944e+05
974, 1.250000000e-02, 1.500000000e-02, 2.000000000e-02, 1.148511443e+00, 1.171481672e+02, 1.743941627e+02, -1.307956220e+02, 2.641476681e+05
975, 1.250000000e-02, 1.666666667e-02, 0.000000000e+00, 1.148511443e+00, 1.171481672e+02, 0.000000000e+00, -1.453284689e+02, 2.526543325e+05
976, 1.250000000e-02, 1.666666667e-02, 1.666666667e-03, 1.148511443e+00, 1.171481672e+02, 1.453284689e+01, -1.453284689e+02, 2.527462792e+05
977, 1.250000000e-02, 1.666666667e-02, 3.333333333e-03, 1.148511443e+00, 1.171481672e+02, 2.906569379e+01, -1.453284689e+02, 2.530221193e+05
978, 1.250000000e-02, 1.666666667e-02, 5.000000000e-03, 1.148511443e+00, 1.171481672e+02, 4.359854068e+01, -1.453284689e+02, 2.534818527e+05
979, 1.250000000e-02, 1.666666667e-02, 6.666666667e-03, 1.148511443e+00, 1.171481672e+02, 5.813138757e+01, -1.453284689e+02, 2.541254795e+05
980, 1.250000000e-02, 1.666666667e-02, 8.333333333e-03, 1.148511443e+00, 1.171481672e+02, 7.266423447e+01, -1.453284689e+02, 2.549529996e+05
981, 1.250000000e-02, 1.666666667e-02, 1.000000000e-02, 1.148511443e+00, 1.171481672e+02, 8.719708136e+01, -1.453284689e+02, 2.559644132e+05
982, 1.250000000e-02, 1.666666667e-02, 1.166666667e-02, 1.148511443e+00, 1.171481672e+02, 1.017299283e+02, -1.453284689e+02, 2.571597201e+05
983, 1.250000000e-02, 1.666666667e-02, 1.333333333e-02, 1.148511443e+00, 1.171481672e+02, 1.162627751e+02, -1.453284689e+02, 2.585389203e+05
984, 1.250000000e-02, 1.666666667e-02, 1.500000000e-02, 1.148511443e+00, 1.171481672e+02, 1.307956220e+02, -1.453284689e+02, 2.601020140e+05
985, 1.250000000e-02, 1.666666667e-02, 1.666666667e-02, 1.148511443e+00, 1.171481672e+02, 1.453284689e+02, -1.453284689e+02, 2.618490010e+05
986, 1.250000000e-02, 1.666666667e-02, 1.833333333e-02, 1.148511443e+00, 1.171481672e+02, 1.598613158e+02, -1.453284689e+02, 2.637798814e+05
987, 1.250000000e-02, 1.666666667e-02, 2.000000000e-02, 1.148511443e+00, 1.171481672e+02, 1.743941627e+02, -1.453284689e+02, 2.658946551e+05
988, 1.250000000e-02, 1.833333333e-02, 0.000000000e+00, 1.148511443e+00, 1.171481672e+02, 0.000000000e+00, -1.598613158e+02, 2.545852129e+05
989, 1.250000000e-02, 1.833333333e-02, 1.666666667e-03, 1.148511443e+00, 1.171481672e+02, 1.453284689e+01, -1.598613158e+02, 2.546771596e+05
990, 1.250000000e-02, 1.833333333e-02, 3.333333333e-03, 1.148511443e+00, 1.171481672e+02, 2.906569379e+01, -1.598613158e+02, 2.549529996e+05
991, 1.250000000e-02, 1.833333333e-02, 5.000000000e-03, 1.148511443e+00, 1.171481672e+02, 4.359854068e+01, -1.598613158e+02, 2.554127331e+05
992, 1.250000000e-02, 1.833333333e-02, 6.666666667e-03, 1.148511443e+00, 1.171481672e+02, 5.813138757e+01, -1.598613158e+02, 2.560563599e+05
993, 1.250000000e-02, 1.833333333e-02, 8.333333333e-03, 1.148511443e+00, 1.171481672e+02, 7.266423447e+01, -1.598613158e+02, 2.568838800e+05
994, 1.250000000e-02, 1.833333333e-02, 1.000000000e-02, 1.148511443e+00, 1.171481672e+02, 8.719708136e+01, -1.598613158e+02, 2.578952935e+05
995, 1.250000000e-02, 1.833333333e-02, 1.166666667e-02, 1.148511443e+00, 1.171481672e+02, 1.017299283e+02, -1.598613158e+02, 2.590906004e+05
996, 1.250000000e-02, 1.833333333e-02, 1.333333333e-02, 1.148511443e+00, 1.171481672e+02, 1.162627751e+02, -1.598613158e+02, 2.604698007e+05
997, 1.250000000e-02, 1.833333333e-02, 1.500000000e-02, 1.148511443e+00, 1.171481672e+02, 1.307956220e+02, -1.598613158e+02, 2.620328944e+05
998, 1.250000000e-02, 1.833333333e-02, 1.666666667e-02, 1.148511443e+00, 1.171481672e+02, 1.453284689e+02, -1.598613158e+02, 2.637798814e+05
999, 1.250000000e-02, 1.833333333e-02, 1.833333333e-02, 1.148511443e+00, 1.171481672e+02, 1.598613158e+02, -1.598613158e+02, 2.657107617e+05
1000, 1.250000000e-02, 1.833333333e-02, 2.000000000e-02, 1.148511443e+00, 1.171481672e+02, 1.743941627e+02, -1.598613158e+02, 2.678255355e+05
1001, 1.250000000e-02, 2.000000000e-02, 0.000000000e+00, 1.148511443e+00, 1.171481672e+02, 0.000000000e+00, -1.743941627e+02, 2.566999866e+05
1002, 1.250000000e-02, 2.000000000e-02, 1.666666667e-03, 1.148511443e+00, 1.171481672e+02, 1.453284689e+01, -1.743941627e+02, 2.567919333e+05
1003, 1.250000000e-02, 2.000000000e-02, 3.333333333e-03, 1.148511443e+00, 1.171481672e+02, 2.906569379e+01, -1.743941627e+02, 2.570677734e+05
1004, 1.250000000e-02, 2.000000000e-02, 5.000000000e-03, 1.148511443e+00, 1.171481672e+02, 4.359854068e+01, -1.743941627e+02, 2.575275068e+05
1005, 1.250000000e-02, 2.000000000e-02, 6.666666667e-03, 1.148511443e+00, 1.171481672e+02, 5.813138757e+01, -1.743941627e+02, 2.581711336e+05
1006, 1.250000000e-02, 2.000000000e-02, 8.333333333e-03, 1.148511443e+00, 1.171481672e+02, 7.266423447e+01, -1.743941627e+02, 2.589986538e+05
1007, 1.250000000e-02, 2.000000000e-02, 1.000000000e-02, 1.148511443e+00, 1.171481672e+02, 8.719708136e+01, -1.743941627e+02, 2.600100673e+05
1008, 1.250000000e-02, 2.000000000e-02, 1.166666667e-02, 1.148511443e+00, 1.171481672e+02, 1.017299283e+02, -1.743941627e+02, 2.612053742e+05
1009, 1.250000000e-02, 2.000000000e-02, 1.333333333e-02, 1.148511443e+00, 1.171481672e+02, 1.162627751e+02, -1.743941627e+02, 2.625845745e+05
1010, 1.250000000e-02, 2.000000000e-02, 1.500000000e-02, 1.148511443e+00, 1.171481672e+02, 1.307956220e+02, -1.743941627e+02, 2.641476681e+05
1011, 1.250000000e-02, 2.000000000e-02, 1.666666667e-02, 1.148511443e+00, 1.171481672e+02, 1.453284689e+02, -1.743941627e+02, 2.658946551e+05
1012, 1.250000000e-02, 2.000000000e-02, 1.833333333e-02, 1.148511443e+00, 1.171481672e+02, 1.598613158e+02, -1.743941627e+02, 2.678255355e+05
1013, 1.250000000e-02, 2.000000000e-02, 2.000000000e-02, 1.148511443e+00, 1.171481672e+02, 1.743941627e+02, -1.743941627e+02, 2.699403092e+05
1014, 1.500000000e-02, 0.000000000e+00, 0.000000000e+00, 1.148511443e+00, 1.171481672e+02, 0.000000000e+00, 0.000000000e+00, 2.434596641e+05
1015, 1.500000000e-02, 0.000000000e+00, 1.666666667e-03, 1.148511443e+00, 1.171481672e+02, 1.453284689e+01, 0.000000000e+00, 2.435516108e+05
1016, 1.500000000e-02, 0.000000000e+00, 3.333333333e-03, 1.148511443e+00, 1.171481672e+02, 2.906569379e+01, 0.000000000e+00, 2.438274508e+05
1017, 1.500000000e-02, 0.000000000e+00, 5.000000000e-03, 1.148511443e+00, 1.171481672e+02, 4.359854068e+01, 0.000000000e+00, 2.442871842e+05
1018, 1.500000000e-02, 0.000000000e+00, 6.666666667e-03, 1.148511443e+00, 1.171481672e+02, 5.813138757e+01, 0.000000000e+00, 2.449308110e+05
1019, 1.500000000e-02, 0.000000000e+00, 8.333333333e-03, 1.148511443e+00, 1.171481672e+02, 7.266423447e+01, 0.000000000e+00, 2.457583312e+05
1020, 1.500000000e-02, 0.000000000e+00, 1.000000000e-02, 1.148511443e+00, 1.171481672e+02, 8.719708136e+01, 0.000000000e+00, 2.467697447e+05
1021, 1.500000000e-02, 0.000000000e+00, 1.166666667e-02, 1.148511443e+00, 1.171481672e+02, 1.017299283e+02, 0.000000000e+00, 2.479650516e+05
1022, 1.500000000e-02, 0.000000000e+00, 1.333333333e-02, 1.148511443e+00, 1.171481672e+02, 1.162627751e+02, 0.000000000e+00, 2.493442519e+05
1023, 1.500000000e-02, 0.000000000e+00, 1.500000000e-02, 1.148511443e+00, 1.171481672e+02, 1.307956220e+02, 0.000000000e+00, 2.509073455e+05
1024, 1.500000000e-02, 0.000000000e+00, 1.666666667e-02, 1.148511443e+00, 1.171481672e+02, 1.453284689e+02, 0.000000000e+00, 2.526543325e+05
1025, 1.500000000e-02, 0.000000000e+00, 1.833333333e-02, 1.148511443e+00, 1.171481672e+02, 1.598613158e+02, 0.000000000e+00, 2.545852129e+05
1026, 1.500000000e-02, 0.000000000e+00, 2.000000000e-02, 1.148511443e+00, 1.171481672e+02, 1.743941627e+02, 0.000000000e+00, 2.566999866e+05
1027, 1.500000000e-02, 1.666666667e-03, 0.000000000e+00, 1.148511443e+00, 1.171481672e+02, 0.000000000e+00, -1.453284689e+01, 2.435516108e+05
1028, 1.500000000e-02, 1.666666667e-03, 1.666666667e-03, 1.148511443e+00, 1.171481672e+02, 1.453284689e+01, -1.453284689e+01, 2.436435574e+05
1029, 1.500000000e-02, 1.666666667e-03, 3.333333333e-03, 1.148511443e+00, 1.171481672e+02, 2.906569379e+01, -1.453284689e+01, 2.439193975e+05
1030, 1.500000000e-02, 1.666666667e-03, 5.000000000e-03, 1.148511443e+00, 1.171481672e+02, 4.359854068e+01, -1.453284689e+01, 2.443791309e+05
1031, 1.500000000e-02, 1.666666667e-03, 6.666666667e-03, 1.148511443e+00, 1.171481672e+02, 5.813138757e+01, -1.453284689e+01, 2.450227577e+05
1032, 1.500000000e-02, 1.666666667e-03, 8.333333333e-03, 1.148511443e+00, 1.171481672e+02, 7.266423447e+01, -1.453284689e+01, 2.458502779e+05
1033, 1.500000000e-02, 1.666666667e-03, 1.000000000e-02, 1.148511443e+00, 1.171481672e+02, 8.719708136e+01, -1.453284689e+01, 2.468616914e+05
1034, 1.500000000e-02, 1.666666667e-03, 1.166666667e-02, 1.148511443e+00, 1.171481672e+02, 1.017299283e+02, -1.453284689e+01, 2.480569983e+05
1035, 1.500000000e-02, 1.666666667e-03, 1.333333333e-02, 1.148511443e+00, 1.171481672e+02, 1.162627751e+02, -1.453284689e+01, 2.494361986e+05
1036, 1.500000000e-02, 1.666666667e-03, 1.500000000e-02, 1.148511443e+00, 1.171481672e+02, 1.307956220e+02, -1.453284689e+01, 2.509992922e+05
1037, 1.500000000e-02, 1.666666667e-03, 1.666666667e-02, 1.148511443e+00, 1.171481672e+02, 1.453284689e+02, -1.453284689e+01, 2.527462792e+05
1038, 1.500000000e-02, 1.666666667e-03, 1.833333333e-02, 1.148511443e+00, 1.171481672e+02, 1.598613158e+02, -1.453284689e+01, 2.546771596e+05
1039, 1.500000000e-02, 1.666666667e-03, 2.000000000e-02, 1.148511443e+00, 1.171481672e+02, 1.743941627e+02, -1.453284689e+01, 2.567919333e+05
1040, 1.500000000e-02, 3.333333333e-03, 0.000000000e+00, 1.148511443e+00, 1.171481672e+02, 0.000000000e+00, -2.906569379e+01, 2.438274508e+05
1041, 1.500000000e-02, 3.333333333e-03, 1.666666667e-03, 1.148511443e+00, 1.171481672e+02, 1.453284689e+01, -2.906569379e+01, 2.439193975e+05
1042, 1.500000000e-02, 3.333333333e-03, 3.333333333e-03, 1.148511443e+00, 1.171481672e+02, 2.906569379e+01, -2.906569379e+01, 2.441952375e+05
1043, 1.500000000e-02, 3.333333333e-03, 5.000000000e-03, 1.148511443e+00, 1.171481672e+02, 4.359854068e+01, -2.906569379e+01, 2.446549710e+05
1044, 1.500000000e-02, 3.333333333e-03, 6.666666667e-03, 1.148511443e+00, 1.171481672e+02, 5.813138757e+01, -2.906569379e+01, 2.452985978e+05
1045, 1.500000000e-02, 3.333333333e-03, 8.333333333e-03, 1.148511443e+00, 1.171481672e+02, 7.266423447e+01, -2.906569379e+01, 2.461261179e+05
1046, 1.500000000e-02, 3.333333333e-03, 1.000000000e-02, 1.148511443e+00, 1.171481672e+02, 8.719708136e+01, -2.906569379e+01, 2.471375315e+05
1047, 1.500000000e-02, 3.333333333e-03, 1.166666667e-02, 1.148511443e+00, 1.171481672e+02, 1.017299283e+02, -2.906569379e+01, 2.483328384e+05
1048, 1.500000000e-02, 3.333333333e-03, 1.333333333e-02, 1.148511443e+00, 1.171481672e+02, 1.162627751e+02, -2.906569379e+01, 2.497120386e+05
1049, 1.500000000e-02, 3.333333333e-03, 1.500000000e-02, 1.148511443e+00, 1.171481672e+02, 1.307956220e+02, -2.906569379e+01, 2.512751323e+05
1050, 1.500000000e-02, 3.333333333e-03, 1.666666667e-02, 1.148511443e+00, 1.171481672e+02, 1.453284689e+02, -2.906569379e+01, 2.530221193e+05
1051, 1.500000000e-02, 3.333333333e-03, 1.833333333e-02, 1.148511443e+00, 1.171481672e+02, 1.598613158e+02, -2.906569379e+01, 2.549529996e+05
1052, 1.500000000e-02, 3.333333333e-03, 2.000000000e-02, 1.148511443e+00, 1.171481672e+02, 1.743941627e+02, -2.906569379e+01, 2.570677734e+05
1053, 1.500000000e-02, 5.000000000e-03, 0.000000000e+00, 1.148511443e+00, 1.171481672e+02, 0.000000000e+00, -4.359854068e+01, 2.442871842e+05
1054, 1.500000000e-02, 5.000000000e-03, 1.666666667e-03, 1.148511443e+00, 1.171481672e+02, 1.453284689e+01, -4.359854068e+01, 2.443791309e+05
1055, 1.500000000e-02, 5.000000000e-03, 3.333333333e-03, 1.148511443e+00, 1.171481672e+02, 2.906569379e+01, -4.359854068e+01, 2.446549710e+05
1056, 1.500000000e-02, 5.000000000e-03, 5.000000000e-03, 1.148511443e+00, 1.171481672e+02, 4.359854068e+01, -4.359854068e+01, 2.451147044e+05
1057, 1.500000000e-02, 5.000000000e-03, 6.666666667e-03, 1.148511443e+00, 1.171481672e+02, 5.813138757e+01, -4.359854068e+01, 2.457583312e+05
1058, 1.500000000e-02, 5.000000000e-03, 8.333333333e-03, 1.148511443e+00, 1.171481672e+02, 7.266423447e+01, -4.359854068e+01, 2.465858513e+05
1059, 1.500000000e-02, 5.000000000e-03, 1.000000000e-02, 1.148511443e+00, 1.171481672e+02, 8.719708136e+01, -4.359854068e+01, 2.475972649e+05
1060, 1.500000000e-02, 5.000000000e-03, 1.166666667e-02, 1.148511443e+00, 1.171481672e+02, 1.017299283e+02, -4.359854068e+01, 2.487925718e+05
1061, 1.500000000e-02, 5.000000000e-03, 1.333333333e-02, 1.148511443e+00, 1.171481672e+02, 1.162627751e+02, -4.359854068e+01, 2.501717720e+05
1062, 1.500000000e-02, 5.000000000e-03, 1.500000000e-02, 1.148511443e+00, 1.171481672e+02, 1.307956220e+02, -4.359854068e+01, 2.517348657e+05
1063, 1.500000000e-02, 5.000000000e-03, 1.666666667e-02, 1.148511443e+00, 1.171481672e+02, 1.453284689e+02, -4.359854068e+01, 2.534818527e+05
1064, 1.500000000e-02, 5.000000000e-03, 1.833333333e-02, 1.148511443e+00, 1.171481672e+02, 1.598613158e+02, -4.359854068e+01, 2.554127331e+05
1065, 1.500000000e-02, 5.000000000e-03, 2.000000000e-02, 1.148511443e+00, 1.171481672e+02, 1.743941627e+02, -4.359854068e+01, 2.575275068e+05
1066, 1.500000000e-02, 6.666666667e-03, 0.000000000e+00, 1.148511443e+00, 1.171481672e+02, 0.000000000e+00, -5.813138757e+01, 2.449308110e+05
1067, 1.500000000e-02, 6.666666667e-03, 1.666666667e-03, 1.148511443e+00, 1.171481672e+02, 1.453284689e+01, -5.813138757e+01, 2.450227577e+05
1068, 1.500000000e-02, 6.666666667e-03, 3.333333333e-03, 1.148511443e+00, 1.171481672e+02, 2.906569379e+01, -5.813138757e+01, 2.452985978e+05
1069, 1.500000000e-02, 6.666666667e-03, 5.000000000e-03, 1.148511443e+00, 1.171481672e+02, 4.359854068e+01, -5.813138757e+01, 2.457583312e+05
1070, 1.500000000e-02, 6.666666667e-03, 6.666666667e-03, 1.148511443e+00, 1.171481672e+02, 5.813138757e+01, -5.813138757e+01, 2.464019580e+05
1071, 1.500000000e-02, 6.666666667e-03, 8.333333333e-03, 1.148511443e+00, 1.171481672e+02, 7.266423447e+01, -5.813138757e+01, 2.472294781e+05
1072, 1.500000000e-02, 6.666666667e-03, 1.000000000e-02, 1.148511443e+00, 1.171481672e+02, 8.719708136e+01, -5.813138757e+01, 2.482408917e+05
1073, 1.500000000e-02, 6.666666667e-03, 1.166666667e-02, 1.148511443e+00, 1.171481672e+02, 1.017299283e+02, -5.813138757e+01, 2.494361986e+05
1074, 1.500000000e-02, 6.666666667e-03, 1.333333333e-02, 1.148511443e+00, 1.171481672e+02, 1.162627751e+02, -5.813138757e+01, 2.508153988e+05
1075, 1.500000000e-02, 6.666666667e-03, 1.500000000e-02, 1.148511443e+00, 1.171481672e+02, 1.307956220e+02, -5.813138757e+01, 2.523784925e+05
1076, 1.500000000e-02, 6.666666667e-03, 1.666666667e-02, 1.148511443e+00, 1.171481672e+02, 1.453284689e+02, -5.813138757e+01, 2.541254795e+05
1077, 1.500000000e-02, 6.666666667e-03, 1.833333333e-02, 1.148511443e+00, 1.171481672e+02, 1.598613158e+02, -5.813138757e+01, 2.560563599e+05
1078, 1.500000000e-02, 6.666666667e-03, 2.000000000e-02, 1.148511443e+00, 1.171481672e+02, 1.743941627e+02, -5.813138757e+01, 2.581711336e+05
1079, 1.500000000e-02, 8.333333333e-03, 0.000000000e+00, 1.148511443e+00, 1.171481672e+02, 0.000000000e+00, -7.266423447e+01, 2.457583312e+05
1080, 1.500000000e-02, 8.333333333e-03, 1.666666667e-03, 1.148511443e+00, 1.171481672e+02, 1.453284689e+01, -7.266423447e+01, 2.458502779e+05
1081, 1.500000000e-02, 8.333333333e-03, 3.333333333e-03, 1.148511443e+00, 1.171481672e+02, 2.906569379e+01, -7.266423447e+01, 2.461261179e+05
1082, 1.500000000e-02, 8.333333333e-03, 5.000000000e-03, 1.148511443e+00, 1.171481672e+02, 4.359854068e+01, -7.266423447e+01, 2.465858513e+05
1083, 1.500000000e-02, 8.333333333e-03, 6.666666667e-03, 1.148511443e+00, 1.171481672e+02, 5.813138757e+01, -7.266423447e+01, 2.472294781e+05
1084, 1.500000000e-02, 8.333333333e-03, 8.333333333e-03, 1.148511443e+00, 1.171481672e+02, 7.266423447e+01, -7.266423447e+01, 2.480569983e+05
1085, 1.500000000e-02, 8.333333333e-03, 1.000000000e-02, 1.148511443e+00, 1.171481672e+02, 8.719708136e+01, -7.266423447e+01, 2.490684118e+05
1086, 1.500000000e-02, 8.333333333e-03, 1.166666667e-02, 1.148511443e+00, 1.171481672e+02, 1.017299283e+02, -7.266423447e+01, 2.502637187e+05
1087, 1.500000000e-02, 8.333333333e-03, 1.333333333e-02, 1.148511443e+00, 1.171481672e+02, 1.162627751e+02, -7.266423447e+01, 2.516429190e+05
1088, 1.500000000e-02, 8.333333333e-03, 1.500000000e-02, 1.148511443e+00, 1.171481672e+02, 1.307956220e+02, -7.266423447e+01, 2.532060126e+05
1089, 1.500000000e-02, 8.333333333e-03, 1.666666667e-02, 1.148511443e+00, 1.171481672e+02, 1.453284689e+02, -7.266423447e+01, 2.549529996e+05
1090, 1.500000000e-02, 8.333333333e-03, 1.833333333e-02, 1.148511443e+00, 1.171481672e+02, 1.598613158e+02, -7.266423447e+01, 2.568838800e+05
1091, 1.500000000e-02, 8.333333333e-03, 2.000000000e-02, 1.148511443e+00, 1.171481672e+02, 1.743941627e+02, -7.266423447e+01, 2.589986538e+05
1092, 1.500000000e-02, 1.000000000e-02, 0.000000000e+00, 1.148511443e+00, 1.171481672e+02, 0.000000000e+00, -8.719708136e+01, 2.467697447e+05
1093, 1.500000000e-02, 1.000000000e-02, 1.666666667e-03, 1.148511443e+00, 1.171481672e+02, 1.453284689e+01, -8.719708136e+01, 2.468616914e+05
1094, 1.500000000e-02, 1.000000000e-02, 3.333333333e-03, 1.148511443e+00, 1.171481672e+02, 2.906569379e+01, -8.719708136e+01, 2.471375315e+05
1095, 1.500000000e-02, 1.000000000e-02, 5.000000000e-03, 1.148511443e+00, 1.171481672e+02, 4.359854068e+01, -8.719708136e+01, 2.475972649e+05
1096, 1.500000000e-02, 1.000000000e-02, 6.666666667e-03, 1.148511443e+00, 1.171481672e+02, 5.813138757e+01, -8.719708136e+01, 2.482408917e+05
1097, 1.500000000e-02, 1.000000000e-02, 8.333333333e-03, 1.148511443e+00, 1.171481672e+02, 7.266423447e+01, -8.719708136e+01, 2.490684118e+05
1098, 1.500000000e-02, 1.000000000e-02, 1.000000000e-02, 1.148511443e+00, 1.171481672e+02, 8.719708136e+01, -8.719708136e+01, 2.500798254e+05
1099, 1.500000000e-02, 1.000000000e-02, 1.166666667e-02, 1.148511443e+00, 1.171481672e+02, 1.017299283e+02, -8.719708136e+01, 2.512751323e+05
1100, 1.500000000e-02, 1.000000000e-02, 1.333333333e-02, 1.148511443e+00, 1.171481672e+02, 1.162627751e+02, -8.719708136e+01, 2.526543325e+05
1101, 1.500000000e-02, 1.000000000e-02, 1.500000000e-02, 1.148511443e+00, 1.171481672e+02, 1.307956220e+02, -8.719708136e+01, 2.542174262e+05
1102, 1.500000000e-02, 1.000000000e-02, 1.666666667e-02, 1.148511443e+00, 1.171481672e+02, 1.453284689e+02, -8.719708136e+01, 2.559644132e+05
1103, 1.500000000e-02, 1.000000000e-02, 1.833333333e-02, 1.148511443e+00, 1.171481672e+02, 1.598613158e+02, -8.719708136e+01, 2.578952935e+05
1104, 1.500000000e-02, 1.000000000e-02, 2.000000000e-02, 1.148511443e+00, 1.171481672e+02, 1.743941627e+02, -8.719708136e+01, 2.600100673e+05
1105, 1.500000000e-02, 1.166666667e-02, 0.000000000e+00, 1.148511443e+00, 1.171481672e+02, 0.000000000e+00, -1.017299283e+02, 2.479650516e+05
1106, 1.500000000e-02, 1.166666667e-02, 1.666666667e-03, 1.148511443e+00, 1.171481672e+02, 1.453284689e+01, -1.017299283e+02, 2.480569983e+05
1107, 1.500000000e-02, 1.166666667e-02, 3.333333333e-03, 1.148511443e+00, 1.171481672e+02, 2.906569379e+01, -1.017299283e+02, 2.483328384e+05
1108, 1.500000000e-02, 1.166666667e-02, 5.000000000e-03, 1.148511443e+00, 1.171481672e+02, 4.359854068e+01, -1.017299283e+02, 2.487925718e+05
1109, 1.500000000e-02, 1.166666667e-02, 6.666666667e-03, 1.148511443e+00, 1.171481672e+02, 5.813138757e+01, -1.017299283e+02, 2.494361986e+05
1110, 1.500000000e-02, 1.166666667e-02, 8.333333333e-03, 1.148511443e+00, 1.171481672e+02, 7.266423447e+01, -1.017299283e+02, 2.502637187e+05
1111, 1.500000000e-02, 1.166666667e-02, 1.000000000e-02, 1.148511443e+00, 1.171481672e+02, 8.719708136e+01, -1.017299283e+02, 2.512751323e+05
1112, 1.500000000e-02, 1.166666667e-02, 1.166666667e-02, 1.148511443e+00, 1.171481672e+02, 1.017299283e+02, -1.017299283e+02, 2.524704392e+05
1113, 1.500000000e-02, 1.166666667e-02, 1.333333333e-02, 1.148511443e+00, 1.171481672e+02, 1.162627751e+02, -1.017299283e+02, 2.538496394e+05
1114, 1.500000000e-02, 1.166666667e-02, 1.500000000e-02, 1.148511443e+00, 1.171481672e+02, 1.307956220e+02, -1.017299283e+02, 2.554127331e+05
1115, 1.500000000e-02, 1.166666667e-02, 1.666666667e-02, 1.148511443e+00, 1.171481672e+02, 1.453284689e+02, -1.017299283e+02, 2.571597201e+05
1116, 1.500000000e-02, 1.166666667e-02, 1.833333333e-02, 1.148511443e+00, 1.171481672e+02, 1.598613158e+02, -1.017299283e+02, 2.590906004e+05
1117, 1.500000000e-02, 1.166666667e-02, 2.000000000e-02, 1.148511443e+00, 1.171481672e+02, 1.743941627e+02, -1.017299283e+02, 2.612053742e+05
1118, 1.500000000e-02, 1.333333333e-02, 0.000000000e+00, 1.148511443e+00, 1.171481672e+02, 0.000000000e+00, -1.162627751e+02, 2.493442519e+05
1119, 1.500000000e-02, 1.333333333e-02, 1.666666667e-03, 1.148511443e+00, 1.171481672e+02, 1.453284689e+01, -1.162627751e+02, 2.494361986e+05
1120, 1.500000000e-02, 1.333333333e-02, 3.333333333e-03, 1.148511443e+00, 1.171481672e+02, 2.906569379e+01, -1.162627751e+02, 2.497120386e+05
1121, 1.500000000e-02, 1.333333333e-02, 5.000000000e-03, 1.148511443e+00, 1.171481672e+02, 4.359854068e+01, -1.162627751e+02, 2.501717720e+05
1122, 1.500000000e-02, 1.333333333e-02, 6.666666667e-03, 1.148511443e+00, 1.171481672e+02, 5.813138757e+01, -1.162627751e+02, 2.508153988e+05
1123, 1.500000000e-02, 1.333333333e-02, 8.333333333e-03, 1.148511443e+00, 1.171481672e+02, 7.266423447e+01, -1.162627751e+02, 2.516429190e+05
1124, 1.500000000e-02, 1.333333333e-02, 1.000000000e-02, 1.148511443e+00, 1.171481672e+02, 8.719708136e+01, -1.162627751e+02, 2.526543325e+05
1125, 1.500000000e-02, 1.333333333e-02, 1.166666667e-02, 1.148511443e+00, 1.171481672e+02, 1.017299283e+02, -1.162627751e+02, 2.538496394e+05
1126, 1.500000000e-02, 1.333333333e-02, 1.333333333e-02, 1.148511443e+00, 1.171481672e+02, 1.162627751e+02, -1.162627751e+02, 2.552288397e+05
1127, 1.500000000e-02, 1.333333333e-02, 1.500000000e-02, 1.148511443e+00, 1.171481672e+02, 1.307956220e+02, -1.162627751e+02, 2.567919333e+05
1128, 1.500000000e-02, 1.333333333e-02, 1.666666667e-02, 1.148511443e+00, 1.171481672e+02, 1.453284689e+02, -1.162627751e+02, 2.585389203e+05
1129, 1.500000000e-02, 1.333333333e-02, 1.833333333e-02, 1.148511443e+00, 1.171481672e+02, 1.598613158e+02, -1.162627751e+02, 2.604698007e+05
1130, 1.500000000e-02, 1.333333333e-02, 2.000000000e-02, 1.148511443e+00, 1.171481672e+02, 1.743941627e+02, -1.162627751e+02, 2.625845745e+05
1131, 1.500000000e-02, 1.500000000e-02, 0.000000000e+00, 1.148511443e+00, 1.171481672e+02, 0.000000000e+00, -1.307956220e+02, 2.509073455e+05
1132, 1.500000000e-02, 1.500000000e-02, 1.666666667e-03, 1.148511443e+00, 1.171481672e+02, 1.453284689e+01, -1.307956220e+02, 2.509992922e+05
1133, 1.500000000e-02, 1.500000000e-02, 3.333333333e-03, 1.148511443e+00, 1.171481672e+02, 2.906569379e+01, -1.307956220e+02, 2.512751323e+05
1134, 1.500000000e-02, 1.500000000e-02, 5.000000000e-03, 1.148511443e+00, 1.171481672e+02, 4.359854068e+01, -1.307956220e+02, 2.517348657e+05
1135, 1.500000000e-02, 1.500000000e-02, 6.666666667e-03, 1.148511443e+00, 1.171481672e+02, 5.813138757e+01, -1.307956220e+02, 2.523784925e+05
1136, 1.500000000e-02, 1.500000000e-02, 8.333333333e-03, 1.148511443e+00, 1.171481672e+02, 7.266423447e+01, -1.307956220e+02, 2.532060126e+05
1137, 1.500000000e-02, 1.500000000e-02, 1.000000000e-02, 1.148511443e+00, 1.171481672e+02, 8.719708136e+01, -1.307956220e+02, 2.542174262e+05
1138, 1.500000000e-02, 1.500000000e-02, 1.166666667e-02, 1.148511443e+00, 1.171481672e+02, 1.017299283e+02, -1.307956220e+02, 2.554127331e+05
1139, 1.500000000e-02, 1.500000000e-02, 1.333333333e-02, 1.148511443e+00, 1.171481672e+02, 1.162627751e+02, -1.307956220e+02, 2.567919333e+05
1140, 1.500000000e-02, 1.500000000e-02, 1.500000000e-02, 1.148511443e+00, 1.171481672e+02, 1.307956220e+02, -1.307956220e+02, 2.583550270e+05
1141, 1.500000000e-02, 1.500000000e-02, 1.666666667e-02, 1.148511443e+00, 1.171481672e+02, 1.453284689e+02, -1.307956220e+02, 2.601020140e+05
1142, 1.500000000e-02, 1.500000000e-02, 1.833333333e-02, 1.148511443e+00, 1.171481672e+02, 1.598613158e+02, -1.307956220e+02, 2.620328944e+05
1143, 1.500000000e-02, 1.500000000e-02, 2.000000000e-02, 1.148511443e+00, 1.171481672e+02, 1.743941627e+02, -1.307956220e+02, 2.641476681e+05
1144, 1.500000000e-02, 1.666666667e-02, 0.000000000e+00, 1.148511443e+00, 1.171481672e+02, 0.000000000e+00, -1.453284689e+02, 2.526543325e+05
1145, 1.500000000e-02, 1.666666667e-02, 1.666666667e-03, 1.148511443e+00, 1.171481672e+02, 1.453284689e+01, -1.453284689e+02, 2.527462792e+05
1146, 1.500000000e-02, 1.666666667e-02, 3.333333333e-03, 1.148511443e+00, 1.171481672e+02, 2.906569379e+01, -1.453284689e+02, 2.530221193e+05
1147, 1.500000000e-02, 1.666666667e-02, 5.000000000e-03, 1.148511443e+00, 1.171481672e+02, 4.359854068e+01, -1.453284689e+02, 2.534818527e+05
1148, 1.500000000e-02, 1.666666667e-02, 6.666666667e-03, 1.148511443e+00, 1.171481672e+02, 5.813138757e+01, -1.453284689e+02, 2.541254795e+05
1149, 1.500000000e-02, 1.666666667e-02, 8.333333333e-03, 1.148511443e+00, 1.171481672e+02, 7.266423447e+01, -1.453284689e+02, 2.549529996e+05
1150, 1.500000000e-02, 1.666666667e-02, 1.000000000e-02, 1.148511443e+00, 1.171481672e+02, 8.719708136e+01, -1.453284689e+02, 2.559644132e+05
1151, 1.500000000e-02, 1.666666667e-02, 1.166666667e-02, 1.148511443e+00, 1.171481672e+02, 1.017299283e+02, -1.453284689e+02, 2.571597201e+05
1152, 1.500000000e-02, 1.666666667e-02, 1.333333333e-02, 1.148511443e+00, 1.171481672e+02, 1.162627751e+02, -1.453284689e+02, 2.585389203e+05
1153, 1.500000000e-02, 1.666666667e-02, 1.500000000e-02, 1.148511443e+00, 1.171481672e+02, 1.307956220e+02, -1.453284689e+02, 2.601020140e+05
1154, 1.500000000e-02, 1.666666667e-02, 1.666666667e-02, 1.148511443e+00, 1.171481672e+02, 1.453284689e+02, -1.453284689e+02, 2.618490010e+05
1155, 1.500000000e-02, 1.666666667e-02, 1.833333333e-02, 1.148511443e+00, 1.171481672e+02, 1.598613158e+02, -1.453284689e+02, 2.637798814e+05
1156, 1.500000000e-02, 1.666666667e-02, 2.000000000e-02, 1.148511443e+00, 1.171481672e+02, 1.743941627e+02, -1.453284689e+02, 2.658946551e+05
1157, 1.500000000e-02, 1.833333333e-02, 0.000000000e+00, 1.148511443e+00, 1.171481672e+02, 0.000000000e+00, -1.598613158e+02, 2.545852129e+05
1158, 1.500000000e-02, 1.833333333e-02, 1.666666667e-03, 1.148511443e+00, 1.171481672e+02, 1.453284689e+01, -1.598613158e+02, 2.546771596e+05
1159, 1.500000000e-02, 1.833333333e-02, 3.333333333e-03, 1.148511443e+00, 1.171481672e+02, 2.906569379e+01, -1.598613158e+02, 2.549529996e+05
1160, 1.500000000e-02, 1.833333333e-02, 5.000000000e-03, 1.148511443e+00, 1.171481672e+02, 4.359854068e+01, -1.598613158e+02, 2.554127331e+05
1161, 1.500000000e-02, 1.833333333e-02, 6.666666667e-03, 1.148511443e+00, 1.171481672e+02, 5.813138757e+01, -1.598613158e+02, 2.560563599e+05
1162, 1.500000000e-02, 1.833333333e-02, 8.333333333e-03, 1.148511443e+00, 1.171481672e+02, 7.266423447e+01, -1.598613158e+02, 2.568838800e+05
1163, 1.500000000e-02, 1.833333333e-02, 1.000000000e-02, 1.148511443e+00, 1.171481672e+02, 8.719708136e+01, -1.598613158e+02, 2.578952935e+05
1164, 1.500000000e-02, 1.833333333e-02, 1.166666667e-02, 1.148511443e+00, 1.171481672e+02, 1.017299283e+02, -1.598613158e+02, 2.590906004e+05
1165, 1.500000000e-02, 1.833333333e-02, 1.333333333e-02, 1.148511443e+00, 1.171481672e+02, 1.162627751e+02, -1.598613158e+02, 2.604698007e+05
1166, 1.500000000e-02, 1.833333333e-02, 1.500000000e-02, 1.148511443e+00, 1.171481672e+02, 1.307956220e+02, -1.598613158e+02, 2.620328944e+05
1167, 1.500000000e-02, 1.833333333e-02, 1.666666667e-02, 1.148511443e+00, 1.171481672e+02, 1.453284689e+02, -1.598613158e+02, 2.637798814e+05
1168, 1.500000000e-02, 1.833333333e-02, 1.833333333e-02, 1.148511443e+00, 1.171481672e+02, 1.598613158e+02, -1.598613158e+02, 2.657107617e+05
1169, 1.500000000e-02, 1.833333333e-02, 2.000000000e-02, 1.148511443e+00, 1.171481672e+02, 1.743941627e+02, -1.598613158e+02, 2.678255355e+05
1170, 1.500000000e-02, 2.000000000e-02, 0.000000000e+00, 1.148511443e+00, 1.171481672e+02, 0.000000000e+00, -1.743941627e+02, 2.566999866e+05
1171, 1.500000000e-02, 2.000000000e-02, 1.666666667e-03, 1.148511443e+00, 1.171481672e+02, 1.453284689e+01, -1.743941627e+02, 2.567919333e+05
1172, 1.500000000e-02, 2.000000000e-02, 3.333333333e-03, 1.148511443e+00, 1.171481672e+02, 2.906569379e+01, -1.743941627e+02, 2.570677734e+05
1173, 1.500000000e-02, 2.000000000e-02, 5.000000000e-03, 1.148511443e+00, 1.171481672e+02, 4.359854068e+01, -1.743941627e+02, 2.575275068e+05
1174, 1.500000000e-02, 2.000000000e-02, 6.666666667e-03, 1.148511443e+00, 1.171481672e+02, 5.813138757e+01, -1.743941627e+02, 2.581711336e+05
1175, 1.500000000e-02, 2.000000000e-02, 8.333333333e-03, 1.148511443e+00, 1.171481672e+02, 7.266423447e+01, -1.743941627e+02, 2.589986538e+05
1176, 1.500000000e-02, 2.000000000e-02, 1.000000000e-02, 1.148511443e+00, 1.171481672e+02, 8.719708136e+01, -1.743941627e+02, 2.600100673e+05
1177, 1.500000000e-02, 2.000000000e-02, 1.166666667e-02, 1.148511443e+00, 1.171481672e+02, 1.017299283e+02, -1.743941627e+02, 2.612053742e+05
1178, 1.500000000e-02, 2.000000000e-02, 1.333333333e-02, 1.148511443e+00, 1.171481672e+02, 1.162627751e+02, -1.743941627e+02, 2.625845745e+05
1179, 1.500000000e-02, 2.000000000e-02, 1.500000000e-02, 1.148511443e+00, 1.171481672e+02, 1.307956220e+02, -1.743941627e+02, 2.641476681e+05
1180, 1.500000000e-02, 2.000000000e-02, 1.666666667e-02, 1.148511443e+00, 1.171481672e+02, 1.453284689e+02, -1.743941627e+02, 2.658946551e+05
1181, 1.500000000e-02, 2.000000000e-02, 1.833333333e-02, 1.148511443e+00, 1.171481672e+02, 1.598613158e+02, -1.743941627e+02, 2.678255355e+05
1182, 1.500000000e-02, 2.000000000e-02, 2.000000000e-02, 1.148511443e+00, 1.171481672e+02, 1.743941627e+02, -1.743941627e+02, 2.699403092e+05
1183, 1.750000000e-02, 0.000000000e+00, 0.000000000e+00, 1.148511443e+00, 1.171481672e+02, 0.000000000e+00, 0.000000000e+00, 2.434596641e+05
1184, 1.750000000e-02, 0.000000000e+00, 1.666666667e-03, 1.148511443e+00, 1.171481672e+02, 1.453284689e+01, 0.000000000e+00, 2.435516108e+05
1185, 1.750000000e-02, 0.000000000e+00, 3.333333333e-03, 1.148511443e+00, 1.171481672e+02, 2.906569379e+01, 0.000000000e+00, 2.438274508e+05
1186, 1.750000000e-02, 0.000000000e+00, 5.000000000e-03, 1.148511443e+00, 1.171481672e+02, 4.359854068e+01, 0.000000000e+00, 2.442871842e+05
1187, 1.750000000e-02, 0.000000000e+00, 6.666666667e-03, 1.148511443e+00, 1.171481672e+02, 5.813138757e+01, 0.000000000e+00, 2.449308110e+05
1188, 1.750000000e-02, 0.000000000e+00, 8.333333333e-03, 1.148511443e+00, 1.171481672e+02, 7.266423447e+01, 0.000000000e+00, 2.457583312e+05
1189, 1.750000000e-02, 0.000000000e+00, 1.000000000e-02, 1.148511443e+00, 1.171481672e+02, 8.719708136e+01, 0.000000000e+00, 2.467697447e+05
1190, 1.750000000e-02, 0.000000000e+00, 1.166666667e-02, 1.148511443e+00, 1.171481672e+02, 1.017299283e+02, 0.000000000e+00, 2.479650516e+05
1191, 1.750000000e-02, 0.000000000e+00, 1.333333333e-02, 1.148511443e+00, 1.171481672e+02, 1.162627751e+02, 0.000000000e+00, 2.493442519e+05
1192, 1.750000000e-02, 0.000000000e+00, 1.500000000e-02, 1.148511443e+00, 1.171481672e+02, 1.307956220e+02, 0.000000000e+00, 2.509073455e+05
1193, 1.750000000e-02, 0.000000000e+00, 1.666666667e-02, 1.148511443e+00, 1.171481672e+02, 1.453284689e+02, 0.000000000e+00, 2.526543325e+05
1194, 1.750000000e-02, 0.000000000e+00, 1.833333333e-02, 1.148511443e+00, 1.171481672e+02, 1.598613158e+02, 0.000000000e+00, 2.545852129e+05
1195, 1.750000000e-02, 0.000000000e+00, 2.000000000e-02, 1.148511443e+00, 1.171481672e+02, 1.743941627e+02, 0.000000000e+00, 2.566999866e+05
1196, 1.750000000e-02, 1.666666667e-03, 0.000000000e+00, 1.148511443e+00, 1.171481672e+02, 0.000000000e+00, -1.453284689e+01, 2.435516108e+05
1197, 1.750000000e-02, 1.666666667e-03, 1.666666667e-03, 1.148511443e+00, 1.171481672e+02, 1.453284689e+01, -1.453284689e+01, 2.436435574e+05
1198, 1.750000000e-02, 1.666666667e-03, 3.333333333e-03, 1.148511443e+00, 1.171481672e+02, 2.906569379e+01, -1.453284689e+01, 2.439193975e+05
1199, 1.750000000e-02, 1.666666667e-03, 5.000000000e-03, 1.148511443e+00, 1.171481672e+02, 4.359854068e+01, -1.453284689e+01, 2.443791309e+05
1200, 1.750000000e-02, 1.666666667e-03, 6.666666667e-03, 1.148511443e+00, 1.171481672e+02, 5.813138757e+01, -1.453284689e+01, 2.450227577e+05
1201, 1.750000000e-02, 1.666666667e-03, 8.333333333e-03, 1.148511443e+00, 1.171481672e+02, 7.266423447e+01, -1.453284689e+01, 2.458502779e+05
1202, 1.750000000e-02, 1.666666667e-03, 1.000000000e-02, 1.148511443e+00, 1.171481672e+02, 8.719708136e+01, -1.453284689e+01, 2.468616914e+05
1203, 1.750000000e-02, 1.666666667e-03, 1.166666667e-02, 1.148511443e+00, 1.171481672e+02, 1.017299283e+02, -1.453284689e+01, 2.480569983e+05
1204, 1.750000000e-02, 1.666666667e-03, 1.333333333e-02, 1.148511443e+00, 1.171481672e+02, 1.162627751e+02, -1.453284689e+01, 2.494361986e+05
1205, 1.750000000e-02, 1.666666667e-03, 1.500000000e-02, 1.148511443e+00, 1.171481672e+02, 1.307956220e+02, -1.453284689e+01, 2.509992922e+05
1206, 1.750000000e-02, 1.666666667e-03, 1.666666667e-02, 1.148511443e+00, 1.171481672e+02, 1.453284689e+02, -1.453284689e+01, 2.527462792e+05
1207, 1.750000000e-02, 1.666666667e-03, 1.833333333e-02, 1.148511443e+00, 1.171481672e+02, 1.598613158e+02, -1.453284689e+01, 2.546771596e+05
1208, 1.750000000e-02, 1.666666667e-03, 2.000000000e-02, 1.148511443e+00, 1.171481672e+02, 1.743941627e+02, -1.453284689e+01, 2.567919333e+05
1209, 1.750000000e-02, 3.333333333e-03, 0.000000000e+00, 1.148511443e+00, 1.171481672e+02, 0.000000000e+00, -2.906569379e+01, 2.438274508e+05
1210, 1.750000000e-02, 3.333333333e-03, 1.666666667e-03, 1.148511443e+00, 1.171481672e+02, 1.453284689e+01, -2.906569379e+01, 2.439193975e+05
1211, 1.750000000e-02, 3.333333333e-03, 3.333333333e-03, 1.148511443e+00, 1.171481672e+02, 2.906569379e+01, -2.906569379e+01, 2.441952375e+05
1212, 1.750000000e-02, 3.333333333e-03, 5.000000000e-03, 1.148511443e+00, 1.171481672e+02, 4.359854068e+01, -2.906569379e+01, 2.446549710e+05
1213, 1.750000000e-02, 3.333333333e-03, 6.666666667e-03, 1.148511443e+00, 1.171481672e+02, 5.813138757e+01, -2.906569379e+01, 2.452985978e+05
1214, 1.750000000e-02, 3.333333333e-03, 8.333333333e-03, 1.148511443e+00, 1.171481672e+02, 7.266423447e+01, -2.906569379e+01, 2.461261179e+05
1215, 1.750000000e-02, 3.333333333e-03, 1.000000000e-02, 1.148511443e+00, 1.171481672e+02, 8.719708136e+01, -2.906569379e+01, 2.471375315e+05
1216, 1.750000000e-02, 3.333333333e-03, 1.166666667e-02, 1.148511443e+00, 1.171481672e+02, 1.017299283e+02, -2.906569379e+01, 2.483328384e+05
1217, 1.750000000e-02, 3.333333333e-03, 1.333333333e-02, 1.148511443e+00, 1.171481672e+02, 1.162627751e+02, -2.906569379e+01, 2.497120386e+05
1218, 1.750000000e-02, 3.333333333e-03, 1.500000000e-02, 1.148511443e+00, 1.171481672e+02, 1.307956220e+02, -2.906569379e+01, 2.512751323e+05
1219, 1.750000000e-02, 3.333333333e-03, 1.666666667e-02, 1.148511443e+00, 1.171481672e+02, 1.453284689e+02, -2.906569379e+01, 2.530221193e+05
1220, 1.750000000e-02, 3.333333333e-03, 1.833333333e-02, 1.148511443e+00, 1.171481672e+02, 1.598613158e+02, -2.906569379e+01, 2.549529996e+05
1221, 1.750000000e-02, 3.333333333e-03, 2.000000000e-02, 1.148511443e+00, 1.171481672e+02, 1.743941627e+02, -2.906569379e+01, 2.570677734e+05
1222, 1.750000000e-02, 5.000000000e-03, 0.000000000e+00, 1.148511443e+00, 1.171481672e+02, 0.000000000e+00, -4.359854068e+01, 2.442871842e+05
1223, 1.750000000e-02, 5.000000000e-03, 1.666666667e-03, 1.148511443e+00, 1.171481672e+02, 1.453284689e+01, -4.359854068e+01, 2.443791309e+05
1224, 1.750000000e-02, 5.000000000e-03, 3.333333333e-03, 1.148511443e+00, 1.171481672e+02, 2.906569379e+01, -4.359854068e+01, 2.446549710e+05
1225, 1.750000000e-02, 5.000000000e-03, 5.000000000e-03, 1.148511443e+00, 1.171481672e+02, 4.359854068e+01, -4.359854068e+01, 2.451147044e+05
1226, 1.750000000e-02, 5.000000000e-03, 6.666666667e-03, 1.148511443e+00, 1.171481672e+02, 5.813138757e+01, -4.359854068e+01, 2.457583312e+05
1227, 1.750000000e-02, 5.000000000e-03, 8.333333333e-03, 1.148511443e+00, 1.171481672e+02, 7.266423447e+01, -4.359854068e+01, 2.465858513e+05
1228, 1.750000000e-02, 5.000000000e-03, 1.000000000e-02, 1.148511443e+00, 1.171481672e+02, 8.719708136e+01, -4.359854068e+01, 2.475972649e+05
1229, 1.750000000e-02, 5.000000000e-03, 1.166666667e-02, 1.148511443e+00, 1.171481672e+02, 1.017299283e+02, -4.359854068e+01, 2.487925718e+05
1230, 1.750000000e-02, 5.000000000e-03, 1.333333333e-02, 1.148511443e+00, 1.171481672e+02, 1.162627751e+02, -4.359854068e+01, 2.501717720e+05
1231, 1.750000000e-02, 5.000000000e-03, 1.500000000e-02, 1.148511443e+00, 1.171481672e+02, 1.307956220e+02, -4.359854068e+01, 2.517348657e+05
1232, 1.750000000e-02, 5.000000000e-03, 1.666666667e-02, 1.148511443e+00, 1.171481672e+02, 1.453284689e+02, -4.359854068e+01, 2.534818527e+05
1233, 1.750000000e-02, 5.000000000e-03, 1.833333333e-02, 1.148511443e+00, 1.171481672e+02, 1.598613158e+02, -4.359854068e+01, 2.554127331e+05
1234, 1.750000000e-02, 5.000000000e-03, 2.000000000e-02, 1.148511443e+00, 1.171481672e+02, 1.743941627e+02, -4.359854068e+01, 2.575275068e+05
1235, 1.750000000e-02, 6.666666667e-03, 0.000000000e+00, 1.148511443e+00, 1.171481672e+02, 0.000000000e+00, -5.813138757e+01, 2.449308110e+05
1236, 1.750000000e-02, 6.666666667e-03, 1.666666667e-03, 1.148511443e+00, 1.171481672e+02, 1.453284689e+01, -5.813138757e+01, 2.450227577e+05
1237, 1.750000000e-02, 6.666666667e-03, 3.333333333e-03, 1.148511443e+00, 1.171481672e+02, 2.906569379e+01, -5.813138757e+01, 2.452985978e+05
1238, 1.750000000e-02, 6.666666667e-03, 5.000000000e-03, 1.148511443e+00, 1.171481672e+02, 4.359854068e+01, -5.813138757e+01, 2.457583312e+05
1239, 1.750000000e-02, 6.666666667e-03, 6.666666667e-03, 1.148511443e+00, 1.171481672e+02, 5.813138757e+01, -5.813138757e+01, 2.464019580e+05
1240, 1.750000000e-02, 6.666666667e-03, 8.333333333e-03, 1.148511443e+00, 1.171481672e+02, 7.266423447e+01, -5.813138757e+01, 2.472294781e+05
1241, 1.750000000e-02, 6.666666667e-03, 1.000000000e-02, 1.148511443e+00, 1.171481672e+02, 8.719708136e+01, -5.813138757e+01, 2.482408917e+05
1242, 1.750000000e-02, 6.666666667e-03, 1.166666667e-02, 1.148511443e+00, 1.171481672e+02, 1.017299283e+02, -5.813138757e+01, 2.494361986e+05
1243, 1.750000000e-02, 6.666666667e-03, 1.333333333e-02, 1.148511443e+00, 1.171481672e+02, 1.162627751e+02, -5.813138757e+01, 2.508153988e+05
1244, 1.750000000e-02, 6.666666667e-03, 1.500000000e-02, 1.148511443e+00, 1.171481672e+02, 1.307956220e+02, -5.813138757e+01, 2.523784925e+05
1245, 1.750000000e-02, 6.666666667e-03, 1.666666667e-02, 1.148511443e+00, 1.171481672e+02, 1.453284689e+02, -5.813138757e+01, 2.541254795e+05
1246, 1.750000000e-02, 6.666666667e-03, 1.833333333e-02, 1.148511443e+00, 1.171481672e+02, 1.598613158e+02, -5.813138757e+01, 2.560563599e+05
1247, 1.750000000e-02, 6.666666667e-03, 2.000000000e-02, 1.148511443e+00, 1.171481672e+02, 1.743941627e+02, -5.813138757e+01, 2.581711336e+05
1248, 1.750000000e-02, 8.333333333e-03, 0.000000000e+00, 1.148511443e+00, 1.171481672e+02, 0.000000000e+00, -7.266423447e+01, 2.457583312e+05
1249, 1.750000000e-02, 8.333333333e-03, 1.666666667e-03, 1.148511443e+00, 1.171481672e+02, 1.453284689e+01, -7.266423447e+01, 2.458502779e+05
1250, 1.750000000e-02, 8.333333333e-03, 3.333333333e-03, 1.148511443e+00, 1.171481672e+02, 2.906569379e+01, -7.266423447e+01, 2.461261179e+05
1251, 1.750000000e-02, 8.333333333e-03, 5.000000000e-03, 1.148511443e+00, 1.171481672e+02, 4.359854068e+01, -7.266423447e+01, 2.465858513e+05
1252, 1.750000000e-02, 8.333333333e-03, 6.666666667e-03, 1.148511443e+00, 1.171481672e+02, 5.813138757e+01, -7.266423447e+01, 2.472294781e+05
1253, 1.750000000e-02, 8.333333333e-03, 8.333333333e-03, 1.148511443e+00, 1.171481672e+02, 7.266423447e+01, -7.266423447e+01, 2.480569983e+05
1254, 1.750000000e-02, 8.333333333e-03, 1.000000000e-02, 1.148511443e+00, 1.171481672e+02, 8.719708136e+01, -7.266423447e+01, 2.490684118e+05
1255, 1.750000000e-02, 8.333333333e-03, 1.166666667e-02, 1.148511443e+00, 1.171481672e+02, 1.017299283e+02, -7.266423447e+01, 2.502637187e+05
1256, 1.750000000e-02, 8.333333333e-03, 1.333333333e-02, 1.148511443e+00, 1.171481672e+02, 1.162627751e+02, -7.266423447e+01, 2.516429190e+05
1257, 1.750000000e-02, 8.333333333e-03, 1.500000000e-02, 1.148511443e+00, 1.171481672e+02, 1.307956220e+02, -7.266423447e+01, 2.532060126e+05
1258, 1.750000000e-02, 8.333333333e-03, 1.666666667e-02, 1.148511443e+00, 1.171481672e+02, 1.453284689e+02, -7.266423447e+01, 2.549529996e+05
1259, 1.750000000e-02, 8.333333333e-03, 1.833333333e-02, 1.148511443e+00, 1.171481672e+02, 1.598613158e+02, -7.266423447e+01, 2.568838800e+05
1260, 1.750000000e-02, 8.333333333e-03, 2.000000000e-02, 1.148511443e+00, 1.171481672e+02, 1.743941627e+02, -7.266423447e+01, 2.589986538e+05
1261, 1.750000000e-02, 1.000000000e-02, 0.000000000e+00, 1.148511443e+00, 1.171481672e+02, 0.000000000e+00, -8.719708136e+01, 2.467697447e+05
1262, 1.750000000e-02, 1.000000000e-02, 1.666666667e-03, 1.148511443e+00, 1.171481672e+02, 1.453284689e+01, -8.719708136e+01, 2.468616914e+05
1263, 1.750000000e-02, 1.000000000e-02, 3.333333333e-03, 1.148511443e+00, 1.171481672e+02, 2.906569379e+01, -8.719708136e+01, 2.471375315e+05
1264, 1.750000000e-02, 1.000000000e-02, 5.000000000e-03, 1.148511443e+00, 1.171481672e+02, 4.359854068e+01, -8.719708136e+01, 2.475972649e+05
1265, 1.750000000e-02, 1.000000000e-02, 6.666666667e-03, 1.148511443e+00, 1.171481672e+02, 5.813138757e+01, -8.719708136e+01, 2.482408917e+05
1266, 1.750000000e-02, 1.000000000e-02, 8.333333333e-03, 1.148511443e+00, 1.171481672e+02, 7.266423447e+01, -8.719708136e+01, 2.490684118e+05
1267, 1.750000000e-02, 1.000000000e-02, 1.000000000e-02, 1.148511443e+00, 1.171481672e+02, 8.719708136e+01, -8.719708136e+01, 2.500798254e+05
1268, 1.750000000e-02, 1.000000000e-02, 1.166666667e-02, 1.148511443e+00, 1.171481672e+02, 1.017299283e+02, -8.719708136e+01, 2.512751323e+05
1269, 1.750000000e-02, 1.000000000e-02, 1.333333333e-02, 1.148511443e+00, 1.171481672e+02, 1.162627751e+02, -8.719708136e+01, 2.526543325e+05
1270, 1.750000000e-02, 1.000000000e-02, 1.500000000e-02, 1.148511443e+00, 1.171481672e+02, 1.307956220e+02, -8.719708136e+01, 2.542174262e+05
1271, 1.750000000e-02, 1.000000000e-02, 1.666666667e-02, 1.148511443e+00, 1.171481672e+02, 1.453284689e+02, -8.719708136e+01, 2.559644132e+05
1272, 1.750000000e-02, 1.000000000e-02, 1.833333333e-02, 1.148511443e+00, 1.171481672e+02, 1.598613158e+02, -8.719708136e+01, 2.578952935e+05
1273, 1.750000000e-02, 1.000000000e-02, 2.000000000e-02, 1.148511443e+00, 1.171481672e+02, 1.743941627e+02, -8.719708136e+01, 2.600100673e+05
1274, 1.750000000e-02, 1.166666667e-02, 0.000000000e+00, 1.148511443e+00, 1.171481672e+02, 0.000000000e+00, -1.017299283e+02, 2.479650516e+05
1275, 1.750000000e-02, 1.166666667e-02, 1.666666667e-03, 1.148511443e+00, 1.171481672e+02, 1.453284689e+01, -1.017299283e+02, 2.480569983e+05
1276, 1.750000000e-02, 1.166666667e-02, 3.333333333e-03, 1.148511443e+00, 1.171481672e+02, 2.906569379e+01, -1.017299283e+02, 2.483328384e+05
1277, 1.750000000e-02, 1.166666667e-02, 5.000000000e-03, 1.148511443e+00, 1.171481672e+02, 4.359854068e+01, -1.017299283e+02, 2.487925718e+05
1278, 1.750000000e-02, 1.166666667e-02, 6.666666667e-03, 1.148511443e+00, 1.171481672e+02, 5.813138757e+01, -1.017299283e+02, 2.494361986e+05
1279, 1.750000000e-02, 1.166666667e-02, 8.333333333e-03, 1.148511443e+00, 1.171481672e+02, 7.266423447e+01, -1.017299283e+02, 2.502637187e+05
1280, 1.750000000e-02, 1.166666667e-02, 1.000000000e-02, 1.148511443e+00, 1.171481672e+02, 8.719708136e+01, -1.017299283e+02, 2.512751323e+05
1281, 1.750000000e-02, 1.166666667e-02, 1.166666667e-02, 1.148511443e+00, 1.171481672e+02, 1.017299283e+02, -1.017299283e+02, 2.524704392e+05
1282, 1.750000000e-02, 1.166666667e-02, 1.333333333e-02, 1.148511443e+00, 1.171481672e+02, 1.162627751e+02, -1.017299283e+02, 2.538496394e+05
1283, 1.750000000e-02, 1.166666667e-02, 1.500000000e-02, 1.148511443e+00, 1.171481672e+02, 1.307956220e+02, -1.017299283e+02, 2.554127331e+05
1284, 1.750000000e-02, 1.166666667e-02, 1.666666667e-02, 1.148511443e+00, 1.171481672e+02, 1.453284689e+02, -1.017299283e+02, 2.571597201e+05
1285, 1.750000000e-02, 1.166666667e-02, 1.833333333e-02, 1.148511443e+00, 1.171481672e+02, 1.598613158e+02, -1.017299283e+02, 2.590906004e+05
1286, 1.750000000e-02, 1.166666667e-02, 2.000000000e-02, 1.148511443e+00, 1.171481672e+02, 1.743941627e+02, -1.017299283e+02, 2.612053742e+05
1287, 1.750000000e-02, 1.333333333e-02, 0.000000000e+00, 1.148511443e+00, 1.171481672e+02, 0.000000000e+00, -1.162627751e+02, 2.493442519e+05
1288, 1.750000000e-02, 1.333333333e-02, 1.666666667e-03, 1.148511443e+00, 1.171481672e+02, 1.453284689e+01, -1.162627751e+02, 2.494361986e+05
1289, 1.750000000e-02, 1.333333333e-02, 3.333333333e-03, 1.148511443e+00, 1.171481672e+02, 2.906569379e+01, -1.162627751e+02, 2.497120386e+05
1290, 1.750000000e-02, 1.333333333e-02, 5.000000000e-03, 1.148511443e+00, 1.171481672e+02, 4.359854068e+01, -1.162627751e+02, 2.501717720e+05
1291, 1.750000000e-02, 1.333333333e-02, 6.666666667e-03, 1.148511443e+00, 1.171481672e+02, 5.813138757e+01, -1.162627751e+02, 2.508153988e+05
1292, 1.750000000e-02, 1.333333333e-02, 8.333333333e-03, 1.148511443e+00, 1.171481672e+02, 7.266423447e+01, -1.162627751e+02, 2.516429190e+05
1293, 1.750000000e-02, 1.333333333e-02, 1.000000000e-02, 1.148511443e+00, 1.171481672e+02, 8.719708136e+01, -1.162627751e+02, 2.526543325e+05
1294, 1.750000000e-02, 1.333333333e-02, 1.166666667e-02, 1.148511443e+00, 1.171481672e+02, 1.017299283e+02, -1.162627751e+02, 2.538496394e+05
1295, 1.750000000e-02, 1.333333333e-02, 1.333333333e-02, 1.148511443e+00, 1.171481672e+02, 1.162627751e+02, -1.162627751e+02, 2.552288397e+05
1296, 1.750000000e-02, 1.333333333e-02, 1.500000000e-02, 1.148511443e+00, 1.171481672e+02, 1.307956220e+02, -1.162627751e+02, 2.567919333e+05
1297, 1.750000000e-02, 1.333333333e-02, 1.666666667e-02, 1.148511443e+00, 1.171481672e+02, 1.453284689e+02, -1.162627751e+02, 2.585389203e+05
1298, 1.750000000e-02, 1.333333333e-02, 1.833333333e-02, 1.148511443e+00, 1.171481672e+02, 1.598613158e+02, -1.162627751e+02, 2.604698007e+05
1299, 1.750000000e-02, 1.333333333e-02, 2.000000000e-02, 1.148511443e+00, 1.171481672e+02, 1.743941627e+02, -1.162627751e+02, 2.625845745e+05
1300, 1.750000000e-02, 1.500000000e-02, 0.000000000e+00, 1.148511443e+00, 1.171481672e+02, 0.000000000e+00, -1.307956220e+02, 2.509073455e+05
1301, 1.750000000e-02, 1.500000000e-02, 1.666666667e-03, 1.148511443e+00, 1.171481672e+02, 1.453284689e+01, -1.307956220e+02, 2.509992922e+05
1302, 1.750000000e-02, 1.500000000e-02, 3.333333333e-03, 1.148511443e+00, 1.171481672e+02, 2.906569379e+01, -1.307956220e+02, 2.512751323e+05
1303, 1.750000000e-02, 1.500000000e-02, 5.000000000e-03, 1.148511443e+00, 1.171481672e+02, 4.359854068e+01, -1.307956220e+02, 2.517348657e+05
1304, 1.750000000e-02, 1.500000000e-02, 6.666666667e-03, 1.148511443e+00, 1.171481672e+02, 5.813138757e+01, -1.307956220e+02, 2.523784925e+05
1305, 1.750000000e-02, 1.500000000e-02, 8.333333333e-03, 1.148511443e+00, 1.171481672e+02, 7.266423447e+01, -1.307956220e+02, 2.532060126e+05
1306, 1.750000000e-02, 1.500000000e-02, 1.000000000e-02, 1.148511443e+00, 1.171481672e+02, 8.719708136e+01, -1.307956220e+02, 2.542174262e+05
1307, 1.750000000e-02, 1.500000000e-02, 1.166666667e-02, 1.148511443e+00, 1.171481672e+02, 1.017299283e+02, -1.307956220e+02, 2.554127331e+05
1308, 1.750000000e-02, 1.500000000e-02, 1.333333333e-02, 1.148511443e+00, 1.171481672e+02, 1.162627751e+02, -1.307956220e+02, 2.567919333e+05
1309, 1.750000000e-02, 1.500000000e-02, 1.500000000e-02, 1.148511443e+00, 1.171481672e+02, 1.307956220e+02, -1.307956220e+02, 2.583550270e+05
1310, 1.750000000e-02, 1.500000000e-02, 1.666666667e-02, 1.148511443e+00, 1.171481672e+02, 1.453284689e+02, -1.307956220e+02, 2.601020140e+05
1311, 1.750000000e-02, 1.500000000e-02, 1.833333333e-02, 1.148511443e+00, 1.171481672e+02, 1.598613158e+02, -1.307956220e+02, 2.620328944e+05
1312, 1.750000000e-02, 1.500000000e-02, 2.000000000e-02, 1.148511443e+00, 1.171481672e+02, 1.743941627e+02, -1.307956220e+02, 2.641476681e+05
1313, 1.750000000e-02, 1.666666667e-02, 0.000000000e+00, 1.148511443e+00, 1.171481672e+02, 0.000000000e+00, -1.453284689e+02, 2.526543325e+05
1314, 1.750000000e-02, 1.666666667e-02, 1.666666667e-03, 1.148511443e+00, 1.171481672e+02, 1.453284689e+01, -1.453284689e+02, 2.527462792e+05
1315, 1.750000000e-02, 1.666666667e-02, 3.333333333e-03, 1.148511443e+00, 1.171481672e+02, 2.906569379e+01, -1.453284689e+02, 2.530221193e+05
1316, 1.750000000e-02, 1.666666667e-02, 5.000000000e-03, 1.148511443e+00, 1.171481672e+02, 4.359854068e+01, -1.453284689e+02, 2.534818527e+05
1317, 1.750000000e-02, 1.666666667e-02, 6.666666667e-03, 1.148511443e+00, 1.171481672e+02, 5.813138757e+01, -1.453284689e+02, 2.541254795e+05
1318, 1.750000000e-02, 1.666666667e-02, 8.333333333e-03, 1.148511443e+00, 1.171481672e+02, 7.266423447e+01, -1.453284689e+02, 2.549529996e+05
1319, 1.750000000e-02, 1.666666667e-02, 1.000000000e-02, 1.148511443e+00, 1.171481672e+02, 8.719708136e+01, -1.453284689e+02, 2.559644132e+05
1320, 1.750000000e-02, 1.666666667e-02, 1.166666667e-02, 1.148511443e+00, 1.171481672e+02, 1.017299283e+02, -1.453284689e+02, 2.571597201e+05
1321, 1.750000000e-02, 1.666666667e-02, 1.333333333e-02, 1.148511443e+00, 1.171481672e+02, 1.162627751e+02, -1.453284689e+02, 2.585389203e+05
1322, 1.750000000e-02, 1.666666667e-02, 1.500000000e-02, 1.148511443e+00, 1.171481672e+02, 1.307956220e+02, -1.453284689e+02, 2.601020140e+05
1323, 1.750000000e-02, 1.666666667e-02, 1.666666667e-02, 1.148511443e+00, 1.171481672e+02, 1.453284689e+02, -1.453284689e+02, 2.618490010e+05
1324, 1.750000000e-02, 1.666666667e-02, 1.833333333e-02, 1.148511443e+00, 1.171481672e+02, 1.598613158e+02, -1.453284689e+02, 2.637798814e+05
1325, 1.750000000e-02, 1.666666667e-02, 2.000000000e-02, 1.148511443e+00, 1.171481672e+02, 1.743941627e+02, -1.453284689e+02, 2.658946551e+05
1326, 1.750000000e-02, 1.833333333e-02, 0.000000000e+00, 1.148511443e+00, 1.171481672e+02, 0.000000000e+00, -1.598613158e+02, 2.545852129e+05
1327, 1.750000000e-02, 1.833333333e-02, 1.666666667e-03, 1.148511443e+00, 1.171481672e+02, 1.453284689e+01, -1.598613158e+02, 2.546771596e+05
1328, 1.750000000e-02, 1.833333333e-02, 3.333333333e-03, 1.148511443e+00, 1.171481672e+02, 2.906569379e+01, -1.598613158e+02, 2.549529996e+05
1329, 1.750000000e-02, 1.833333333e-02, 5.000000000e-03, 1.148511443e+00, 1.171481672e+02, 4.359854068e+01, -1.598613158e+02, 2.554127331e+05
1330, 1.750000000e-02, 1.833333333e-02, 6.666666667e-03, 1.148511443e+00, 1.171481672e+02, 5.813138757e+01, -1.598613158e+02, 2.560563599e+05
1331, 1.750000000e-02, 1.833333333e-02, 8.333333333e-03, 1.148511443e+00, 1.171481672e+02, 7.266423447e+01, -1.598613158e+02, 2.568838800e+05
1332, 1.750000000e-02, 1.833333333e-02, 1.000000000e-02, 1.148511443e+00, 1.171481672e+02, 8.719708136e+01, -1.598613158e+02, 2.578952935e+05
1333, 1.750000000e-02, 1.833333333e-02, 1.166666667e-02, 1.148511443e+00, 1.171481672e+02, 1.017299283e+02, -1.598613158e+02, 2.590906004e+05
1334, 1.750000000e-02, 1.833333333e-02, 1.333333333e-02, 1.148511443e+00, 1.171481672e+02, 1.162627751e+02, -1.598613158e+02, 2.604698007e+05
1335, 1.750000000e-02, 1.833333333e-02, 1.500000000e-02, 1.148511443e+00, 1.171481672e+02, 1.307956220e+02, -1.598613158e+02, 2.620328944e+05
1336, 1.750000000e-02, 1.833333333e-02, 1.666666667e-02, 1.148511443e+00, 1.171481672e+02, 1.453284689e+02, -1.598613158e+02, 2.637798814e+05
1337, 1.750000000e-02, 1.833333333e-02, 1.833333333e-02, 1.148511443e+00, 1.171481672e+02, 1.598613158e+02, -1.598613158e+02, 2.657107617e+05
1338, 1.750000000e-02, 1.833333333e-02, 2.000000000e-02, 1.148511443e+00, 1.171481672e+02, 1.743941627e+02, -1.598613158e+02, 2.678255355e+05
1339, 1.750000000e-02, 2.000000000e-02, 0.000000000e+00, 1.148511443e+00, 1.171481672e+02, 0.000000000e+00, -1.743941627e+02, 2.566999866e+05
1340, 1.750000000e-02, 2.000000000e-02, 1.666666667e-03, 1.148511443e+00, 1.171481672e+02, 1.453284689e+01, -1.743941627e+02, 2.567919333e+05
1341, 1.750000000e-02, 2.000000000e-02, 3.333333333e-03, 1.148511443e+00, 1.171481672e+02, 2.906569379e+01, -1.743941627e+02, 2.570677734e+05
1342, 1.750000000e-02, 2.000000000e-02, 5.000000000e-03, 1.148511443e+00, 1.171481672e+02, 4.359854068e+01, -1.743941627e+02, 2.575275068e+05
1343, 1.750000000e-02, 2.000000000e-02, 6.666666667e-03, 1.148511443e+00, 1.171481672e+02, 5.813138757e+01, -1.743941627e+02, 2.581711336e+05
1344, 1.750000000e-02, 2.000000000e-02, 8.333333333e-03, 1.148511443e+00, 1.171481672e+02, 7.266423447e+01, -1.743941627e+02, 2.589986538e+05
1345, 1.750000000e-02, 2.000000000e-02, 1.000000000e-02, 1.148511443e+00, 1.171481672e+02, 8.719708136e+01, -1.743941627e+02, 2.600100673e+05
1346, 1.750000000e-02, 2.000000000e-02, 1.166666667e-02, 1.148511443e+00, 1.171481672e+02, 1.017299283e+02, -1.743941627e+02, 2.612053742e+05
1347, 1.750000000e-02, 2.000000000e-02, 1.333333333e-02, 1.148511443e+00, 1.171481672e+02, 1.162627751e+02, -1.743941627e+02, 2.625845745e+05
1348, 1.750000000e-02, 2.000000000e-02, 1.500000000e-02, 1.148511443e+00, 1.171481672e+02, 1.307956220e+02, -1.743941627e+02, 2.641476681e+05
1349, 1.750000000e-02, 2.000000000e-02, 1.666666667e-02, 1.148511443e+00, 1.171481672e+02, 1.453284689e+02, -1.743941627e+02, 2.658946551e+05
1350, 1.750000000e-02, 2.000000000e-02, 1.833333333e-02, 1.148511443e+00, 1.171481672e+02, 1.598613158e+02, -1.743941627e+02, 2.678255355e+05
1351, 1.750000000e-02, 2.000000000e-02, 2.000000000e-02, 1.148511443e+00, 1.171481672e+02, 1.743941627e+02, -1.743941627e+02, 2.699403092e+05
1352, 2.000000000e-02, 0.000000000e+00, 0.000000000e+00, 1.148511443e+00, 1.171481672e+02, 0.000000000e+00, 0.000000000e+00, 2.434596641e+05
1353, 2.000000000e-02, 0.000000000e+00, 1.666666667e-03, 1.148511443e+00, 1.171481672e+02, 1.453284689e+01, 0.000000000e+00, 2.435516108e+05
1354, 2.000000000e-02, 0.000000000e+00, 3.333333333e-03, 1.148511443e+00, 1.171481672e+02, 2.906569379e+01, 0.000000000e+00, 2.438274508e+05
1355, 2.000000000e-02, 0.000000000e+00, 5.000000000e-03, 1.148511443e+00, 1.171481672e+02, 4.359854068e+01, 0.000000000e+00, 2.442871842e+05
1356, 2.000000000e-02, 0.000000000e+00, 6.666666667e-03, 1.148511443e+00, 1.171481672e+02, 5.813138757e+01, 0.000000000e+00, 2.449308110e+05
1357, 2.000000000e-02, 0.000000000e+00, 8.333333333e-03, 1.148511443e+00, 1.171481672e+02, 7.266423447e+01, 0.000000000e+00, 2.457583312e+05
1358, 2.000000000e-02, 0.000000000e+00, 1.000000000e-02, 1.148511443e+00, 1.171481672e+02, 8.719708136e+01, 0.000000000e+00, 2.467697447e+05
1359, 2.000000000e-02, 0.000000000e+00, 1.166666667e-02, 1.148511443e+00, 1.171481672e+02, 1.017299283e+02, 0.000000000e+00, 2.479650516e+05
1360, 2.000000000e-02, 0.000000000e+00, 1.333333333e-02, 1.148511443e+00, 1.171481672e+02, 1.162627751e+02, 0.000000000e+00, 2.493442519e+05
1361, 2.000000000e-02, 0.000000000e+00, 1.500000000e-02, 1.148511443e+00, 1.171481672e+02, 1.307956220e+02, 0.000000000e+00, 2.509073455e+05
1362, 2.000000000e-02, 0.000000000e+00, 1.666666667e-02, 1.148511443e+00, 1.171481672e+02, 1.453284689e+02, 0.000000000e+00, 2.526543325e+05
1363, 2.000000000e-02, 0.000000000e+00, 1.833333333e-02, 1.148511443e+00, 1.171481672e+02, 1.598613158e+02, 0.000000000e+00, 2.545852129e+05
1364, 2.000000000e-02, 0.000000000e+00, 2.000000000e-02, 1.148511443e+00, 1.171481672e+02, 1.743941627e+02, 0.000000000e+00, 2.566999866e+05
1365, 2.000000000e-02, 1.666666667e-03, 0.000000000e+00, 1.148511443e+00, 1.171481672e+02, 0.000000000e+00, -1.453284689e+01, 2.435516108e+05
1366, 2.000000000e-02, 1.666666667e-03, 1.666666667e-03, 1.148511443e+00, 1.171481672e+02, 1.453284689e+01, -1.453284689e+01, 2.436435574e+05
1367, 2.000000000e-02, 1.666666667e-03, 3.333333333e-03, 1.148511443e+00, 1.171481672e+02, 2.906569379e+01, -1.453284689e+01, 2.439193975e+05
1368, 2.000000000e-02, 1.666666667e-03, 5.000000000e-03, 1.148511443e+00, 1.171481672e+02, 4.359854068e+01, -1.453284689e+01, 2.443791309e+05
1369, 2.000000000e-02, 1.666666667e-03, 6.666666667e-03, 1.148511443e+00, 1.171481672e+02, 5.813138757e+01, -1.453284689e+01, 2.450227577e+05
1370, 2.000000000e-02, 1.666666667e-03, 8.333333333e-03, 1.148511443e+00, 1.171481672e+02, 7.266423447e+01, -1.453284689e+01, 2.458502779e+05
1371, 2.000000000e-02, 1.666666667e-03, 1.000000000e-02, 1.148511443e+00, 1.171481672e+02, 8.719708136e+01, -1.453284689e+01, 2.468616914e+05
1372, 2.000000000e-02, 1.666666667e-03, 1.166666667e-02, 1.148511443e+00, 1.171481672e+02, 1.017299283e+02, -1.453284689e+01, 2.480569983e+05
1373, 2.000000000e-02, 1.666666667e-03, 1.333333333e-02, 1.148511443e+00, 1.171481672e+02, 1.162627751e+02, -1.453284689e+01, 2.494361986e+05
1374, 2.000000000e-02, 1.666666667e-03, 1.500000000e-02, 1.148511443e+00, 1.171481672e+02, 1.307956220e+02, -1.453284689e+01, 2.509992922e+05
1375, 2.000000000e-02, 1.666666667e-03, 1.666666667e-02, 1.148511443e+00, 1.171481672e+02, 1.453284689e+02, -1.453284689e+01, 2.527462792e+05
1376, 2.000000000e-02, 1.666666667e-03, 1.833333333e-02, 1.148511443e+00, 1.171481672e+02, 1.598613158e+02, -1.453284689e+01, 2.546771596e+05
1377, 2.000000000e-02, 1.666666667e-03, 2.000000000e-02, 1.148511443e+00, 1.171481672e+02, 1.743941627e+02, -1.453284689e+01, 2.567919333e+05
1378, 2.000000000e-02, 3.333333333e-03, 0.000000000e+00, 1.148511443e+00, 1.171481672e+02, 0.000000000e+00, -2.906569379e+01, 2.438274508e+05
1379, 2.000000000e-02, 3.333333333e-03, 1.666666667e-03, 1.148511443e+00, 1.171481672e+02, 1.453284689e+01, -2.906569379e+01, 2.439193975e+05
1380, 2.000000000e-02, 3.333333333e-03, 3.333333333e-03, 1.148511443e+00, 1.171481672e+02, 2.906569379e+01, -2.906569379e+01, 2.441952375e+05
1381, 2.000000000e-02, 3.333333333e-03, 5.000000000e-03, 1.148511443e+00, 1.171481672e+02, 4.359854068e+01, -2.906569379e+01, 2.446549710e+05
1382, 2.000000000e-02, 3.333333333e-03, 6.666666667e-03, 1.148511443e+00, 1.171481672e+02, 5.813138757e+01, -2.906569379e+01, 2.452985978e+05
1383, 2.000000000e-02, 3.333333333e-03, 8.333333333e-03, 1.148511443e+00, 1.171481672e+02, 7.266423447e+01, -2.906569379e+01, 2.461261179e+05
1384, 2.000000000e-02, 3.333333333e-03, 1.000000000e-02, 1.148511443e+00, 1.171481672e+02, 8.719708136e+01, -2.906569379e+01, 2.471375315e+05
1385, 2.000000000e-02, 3.333333333e-03, 1.166666667e-02, 1.148511443e+00, 1.171481672e+02, 1.017299283e+02, -2.906569379e+01, 2.483328384e+05
1386, 2.000000000e-02, 3.333333333e-03, 1.333333333e-02, 1.148511443e+00, 1.171481672e+02, 1.162627751e+02, -2.906569379e+01, 2.497120386e+05
1387, 2.000000000e-02, 3.333333333e-03, 1.500000000e-02, 1.148511443e+00, 1.171481672e+02, 1.307956220e+02, -2.906569379e+01, 2.512751323e+05
1388, 2.000000000e-02, 3.333333333e-03, 1.666666667e-02, 1.148511443e+00, 1.171481672e+02, 1.453284689e+02, -2.906569379e+01, 2.530221193e+05
1389, 2.000000000e-02, 3.333333333e-03, 1.833333333e-02, 1.148511443e+00, 1.171481672e+02, 1.598613158e+02, -2.906569379e+01, 2.549529996e+05
1390, 2.000000000e-02, 3.333333333e-03, 2.000000000e-02, 1.148511443e+00, 1.171481672e+02, 1.743941627e+02, -2.906569379e+01, 2.570677734e+05
1391, 2.000000000e-02, 5.000000000e-03, 0.000000000e+00, 1.148511443e+00, 1.171481672e+02, 0.000000000e+00, -4.359854068e+01, 2.442871842e+05
1392, 2.000000000e-02, 5.000000000e-03, 1.666666667e-03, 1.148511443e+00, 1.171481672e+02, 1.453284689e+01, -4.359854068e+01, 2.443791309e+05
1393, 2.000000000e-02, 5.000000000e-03, 3.333333333e-03, 1.148511443e+00, 1.171481672e+02, 2.906569379e+01, -4.359854068e+01, 2.446549710e+05
1394, 2.000000000e-02, 5.000000000e-03, 5.000000000e-03, 1.148511443e+00, 1.171481672e+02, 4.359854068e+01, -4.359854068e+01, 2.451147044e+05
1395, 2.000000000e-02, 5.000000000e-03, 6.666666667e-03, 1.148511443e+00, 1.171481672e+02, 5.813138757e+01, -4.359854068e+01, 2.457583312e+05
1396, 2.000000000e-02, 5.000000000e-03, 8.333333333e-03, 1.148511443e+00, 1.171481672e+02, 7.266423447e+01, -4.359854068e+01, 2.465858513e+05
1397, 2.000000000e-02, 5.000000000e-03, 1.000000000e-02, 1.148511443e+00, 1.171481672e+02, 8.719708136e+01, -4.359854068e+01, 2.475972649e+05
1398, 2.000000000e-02, 5.000000000e-03, 1.166666667e-02, 1.148511443e+00, 1.171481672e+02, 1.017299283e+02, -4.359854068e+01, 2.487925718e+05
1399, 2.000000000e-02, 5.000000000e-03, 1.333333333e-02, 1.148511443e+00, 1.171481672e+02, 1.162627751e+02, -4.359854068e+01, 2.501717720e+05
1400, 2.000000000e-02, 5.000000000e-03, 1.500000000e-02, 1.148511443e+00, 1.171481672e+02, 1.307956220e+02, -4.359854068e+01, 2.517348657e+05
1401, 2.000000000e-02, 5.000000000e-03, 1.666666667e-02, 1.148511443e+00, 1.171481672e+02, 1.453284689e+02, -4.359854068e+01, 2.534818527e+05
1402, 2.000000000e-02, 5.000000000e-03, 1.833333333e-02, 1.148511443e+00, 1.171481672e+02, 1.598613158e+02, -4.359854068e+01, 2.554127331e+05
1403, 2.000000000e-02, 5.000000000e-03, 2.000000000e-02, 1.148511443e+00, 1.171481672e+02, 1.743941627e+02, -4.359854068e+01, 2.575275068e+05
1404, 2.000000000e-02, 6.666666667e-03, 0.000000000e+00, 1.148511443e+00, 1.171481672e+02, 0.000000000e+00, -5.813138757e+01, 2.449308110e+05
1405, 2.000000000e-02, 6.666666667e-03, 1.666666667e-03, 1.148511443e+00, 1.171481672e+02, 1.453284689e+01, -5.813138757e+01, 2.450227577e+05
1406, 2.000000000e-02, 6.666666667e-03, 3.333333333e-03, 1.148511443e+00, 1.171481672e+02, 2.906569379e+01, -5.813138757e+01, 2.452985978e+05
1407, 2.000000000e-02, 6.666666667e-03, 5.000000000e-03, 1.148511443e+00, 1.171481672e+02, 4.359854068e+01, -5.813138757e+01, 2.457583312e+05
1408, 2.000000000e-02, 6.666666667e-03, 6.666666667e-03, 1.148511443e+00, 1.171481672e+02, 5.813138757e+01, -5.813138757e+01, 2.464019580e+05
1409, 2.000000000e-02, 6.666666667e-03, 8.333333333e-03, 1.148511443e+00, 1.171481672e+02, 7.266423447e+01, -5.813138757e+01, 2.472294781e+05
1410, 2.000000000e-02, 6.666666667e-03, 1.000000000e-02, 1.148511443e+00, 1.171481672e+02, 8.719708136e+01, -5.813138757e+01, 2.482408917e+05
1411, 2.000000000e-02, 6.666666667e-03, 1.166666667e-02, 1.148511443e+00, 1.171481672e+02, 1.017299283e+02, -5.813138757e+01, 2.494361986e+05
1412, 2.000000000e-02, 6.666666667e-03, 1.333333333e-02, 1.148511443e+00, 1.171481672e+02, 1.162627751e+02, -5.813138757e+01, 2.508153988e+05
1413, 2.000000000e-02, 6.666666667e-03, 1.500000000e-02, 1.148511443e+00, 1.171481672e+02, 1.307956220e+02, -5.813138757e+01, 2.523784925e+05
1414, 2.000000000e-02, 6.666666667e-03, 1.666666667e-02, 1.148511443e+00, 1.171481672e+02, 1.453284689e+02, -5.813138757e+01, 2.541254795e+05
1415, 2.000000000e-02, 6.666666667e-03, 1.833333333e-02, 1.148511443e+00, 1.171481672e+02, 1.598613158e+02, -5.813138757e+01, 2.560563599e+05
1416, 2.000000000e-02, 6.666666667e-03, 2.000000000e-02, 1.148511443e+00, 1.171481672e+02, 1.743941627e+02, -5.813138757e+01, 2.581711336e+05
1417, 2.000000000e-02, 8.333333333e-03, 0.000000000e+00, 1.148511443e+00, 1.171481672e+02, 0.000000000e+00, -7.266423447e+01, 2.457583312e+05
1418, 2.000000000e-02, 8.333333333e-03, 1.666666667e-03, 1.148511443e+00, 1.171481672e+02, 1.453284689e+01, -7.266423447e+01, 2.458502779e+05
1419, 2.000000000e-02, 8.333333333e-03, 3.333333333e-03, 1.148511443e+00, 1.171481672e+02, 2.906569379e+01, -7.266423447e+01, 2.461261179e+05
1420, 2.000000000e-02, 8.333333333e-03, 5.000000000e-03, 1.148511443e+00, 1.171481672e+02, 4.359854068e+01, -7.266423447e+01, 2.465858513e+05
1421, 2.000000000e-02, 8.333333333e-03, 6.666666667e-03, 1.148511443e+00, 1.171481672e+02, 5.813138757e+01, -7.266423447e+01, 2.472294781e+05
1422, 2.000000000e-02, 8.333333333e-03, 8.333333333e-03, 1.148511443e+00, 1.171481672e+02, 7.266423447e+01, -7.266423447e+01, 2.480569983e+05
1423, 2.000000000e-02, 8.333333333e-03, 1.000000000e-02, 1.148511443e+00, 1.171481672e+02, 8.719708136e+01, -7.266423447e+01, 2.490684118e+05
1424, 2.000000000e-02, 8.333333333e-03, 1.166666667e-02, 1.148511443e+00, 1.171481672e+02, 1.017299283e+02, -7.266423447e+01, 2.502637187e+05
1425, 2.000000000e-02, 8.333333333e-03, 1.333333333e-02, 1.148511443e+00, 1.171481672e+02, 1.162627751e+02, -7.266423447e+01, 2.516429190e+05
1426, 2.000000000e-02, 8.333333333e-03, 1.500000000e-02, 1.148511443e+00, 1.171481672e+02, 1.307956220e+02, -7.266423447e+01, 2.532060126e+05
1427, 2.000000000e-02, 8.333333333e-03, 1.666666667e-02, 1.148511443e+00, 1.171481672e+02, 1.453284689e+02, -7.266423447e+01, 2.549529996e+05
1428, 2.000000000e-02, 8.333333333e-03, 1.833333333e-02, 1.148511443e+00, 1.171481672e+02, 1.598613158e+02, -7.266423447e+01, 2.568838800e+05
1429, 2.000000000e-02, 8.333333333e-03, 2.000000000e-02, 1.148511443e+00, 1.171481672e+02, 1.743941627e+02, -7.266423447e+01, 2.589986538e+05
1430, 2.000000000e-02, 1.000000000e-02, 0.000000000e+00, 1.148511443e+00, 1.171481672e+02, 0.000000000e+00, -8.719708136e+01, 2.467697447e+05
1431, 2.000000000e-02, 1.000000000e-02, 1.666666667e-03, 1.148511443e+00, 1.171481672e+02, 1.453284689e+01, -8.719708136e+01, 2.468616914e+05
1432, 2.000000000e-02, 1.000000000e-02, 3.333333333e-03, 1.148511443e+00, 1.171481672e+02, 2.906569379e+01, -8.719708136e+01, 2.471375315e+05
1433, 2.000000000e-02, 1.000000000e-02, 5.000000000e-03, 1.148511443e+00, 1.171481672e+02, 4.359854068e+01, -8.719708136e+01, 2.475972649e+05
1434, 2.000000000e-02, 1.000000000e-02, 6.666666667e-03, 1.148511443e+00, 1.171481672e+02, 5.813138757e+01, -8.719708136e+01, 2.482408917e+05
1435, 2.000000000e-02, 1.000000000e-02, 8.333333333e-03, 1.148511443e+00, 1.171481672e+02, 7.266423447e+01, -8.719708136e+01, 2.490684118e+05
1436, 2.000000000e-02, 1.000000000e-02, 1.000000000e-02, 1.148511443e+00, 1.171481672e+02, 8.719708136e+01, -8.719708136e+01, 2.500798254e+05
1437, 2.000000000e-02, 1.000000000e-02, 1.166666667e-02, 1.148511443e+00, 1.171481672e+02, 1.017299283e+02, -8.719708136e+01, 2.512751323e+05
1438, 2.000000000e-02, 1.000000000e-02, 1.333333333e-02, 1.148511443e+00, 1.171481672e+02, 1.162627751e+02, -8.719708136e+01, 2.526543325e+05
1439, 2.000000000e-02, 1.000000000e-02, 1.500000000e-02, 1.148511443e+00, 1.171481672e+02, 1.307956220e+02, -8.719708136e+01, 2.542174262e+05
1440, 2.000000000e-02, 1.000000000e-02, 1.666666667e-02, 1.148511443e+00, 1.171481672e+02, 1.453284689e+02, -8.719708136e+01, 2.559644132e+05
1441, 2.000000000e-02, 1.000000000e-02, 1.833333333e-02, 1.148511443e+00, 1.171481672e+02, 1.598613158e+02, -8.719708136e+01, 2.578952935e+05
1442, 2.000000000e-02, 1.000000000e-02, 2.000000000e-02, 1.148511443e+00, 1.171481672e+02, 1.743941627e+02, -8.719708136e+01, 2.600100673e+05
1443, 2.000000000e-02, 1.166666667e-02, 0.000000000e+00, 1.148511443e+00, 1.171481672e+02, 0.000000000e+00, -1.017299283e+02, 2.479650516e+05
1444, 2.000000000e-02, 1.166666667e-02, 1.666666667e-03, 1.148511443e+00, 1.171481672e+02, 1.453284689e+01, -1.017299283e+02, 2.480569983e+05
1445, 2.000000000e-02, 1.166666667e-02, 3.333333333e-03, 1.148511443e+00, 1.171481672e+02, 2.906569379e+01, -1.017299283e+02, 2.483328384e+05
1446, 2.000000000e-02, 1.166666667e-02, 5.000000000e-03, 1.148511443e+00, 1.171481672e+02, 4.359854068e+01, -1.017299283e+02, 2.487925718e+05
1447, 2.000000000e-02, 1.166666667e-02, 6.666666667e-03, 1.148511443e+00, 1.171481672e+02, 5.813138757e+01, -1.017299283e+02, 2.494361986e+05
1448, 2.000000000e-02, 1.166666667e-02, 8.333333333e-03, 1.148511443e+00, 1.171481672e+02, 7.266423447e+01, -1.017299283e+02, 2.502637187e+05
1449, 2.000000000e-02, 1.166666667e-02, 1.000000000e-02, 1.148511443e+00, 1.171481672e+02, 8.719708136e+01, -1.017299283e+02, 2.512751323e+05
1450, 2.000000000e-02, 1.166666667e-02, 1.166666667e-02, 1.148511443e+00, 1.171481672e+02, 1.017299283e+02, -1.017299283e+02, 2.524704392e+05
1451, 2.000000000e-02, 1.166666667e-02, 1.333333333e-02, 1.148511443e+00, 1.171481672e+02, 1.162627751e+02, -1.017299283e+02, 2.538496394e+05
1452, 2.000000000e-02, 1.166666667e-02, 1.500000000e-02, 1.148511443e+00, 1.171481672e+02, 1.307956220e+02, -1.017299283e+02, 2.554127331e+05
1453, 2.000000000e-02, 1.166666667e-02, 1.666666667e-02, 1.148511443e+00, 1.171481672e+02, 1.453284689e+02, -1.017299283e+02, 2.571597201e+05
1454, 2.000000000e-02, 1.166666667e-02, 1.833333333e-02, 1.148511443e+00, 1.171481672e+02, 1.598613158e+02, -1.017299283e+02, 2.590906004e+05
1455, 2.000000000e-02, 1.166666667e-02, 2.000000000e-02, 1.148511443e+00, 1.171481672e+02, 1.743941627e+02, -1.017299283e+02, 2.612053742e+05
1456, 2.000000000e-02, 1.333333333e-02, 0.000000000e+00, 1.148511443e+00, 1.171481672e+02, 0.000000000e+00, -1.162627751e+02, 2.493442519e+05
1457, 2.000000000e-02, 1.333333333e-02, 1.666666667e-03, 1.148511443e+00, 1.171481672e+02, 1.453284689e+01, -1.162627751e+02, 2.494361986e+05
1458, 2.000000000e-02, 1.333333333e-02, 3.333333333e-03, 1.148511443e+00, 1.171481672e+02, 2.906569379e+01, -1.162627751e+02, 2.497120386e+05
1459, 2.000000000e-02, 1.333333333e-02, 5.000000000e-03, 1.148511443e+00, 1.171481672e+02, 4.359854068e+01, -1.162627751e+02, 2.501717720e+05
1460, 2.000000000e-02, 1.333333333e-02, 6.666666667e-03, 1.148511443e+00, 1.171481672e+02, 5.813138757e+01, -1.162627751e+02, 2.508153988e+05
1461, 2.000000000e-02, 1.333333333e-02, 8.333333333e-03, 1.148511443e+00, 1.171481672e+02, 7.266423447e+01, -1.162627751e+02, 2.516429190e+05
1462, 2.000000000e-02, 1.333333333e-02, 1.000000000e-02, 1.148511443e+00, 1.171481672e+02, 8.719708136e+01, -1.162627751e+02, 2.526543325e+05
1463, 2.000000000e-02, 1.333333333e-02, 1.166666667e-02, 1.148511443e+00, 1.171481672e+02, 1.017299283e+02, -1.162627751e+02, 2.538496394e+05
1464, 2.000000000e-02, 1.333333333e-02, 1.333333333e-02, 1.148511443e+00, 1.171481672e+02, 1.162627751e+02, -1.162627751e+02, 2.552288397e+05
1465, 2.000000000e-02, 1.333333333e-02, 1.500000000e-02, 1.148511443e+00, 1.171481672e+02, 1.307956220e+02, -1.162627751e+02, 2.567919333e+05
1466, 2.000000000e-02, 1.333333333e-02, 1.666666667e-02, 1.148511443e+00, 1.171481672e+02, 1.453284689e+02, -1.162627751e+02, 2.585389203e+05
1467, 2.000000000e-02, 1.333333333e-02, 1.833333333e-02, 1.148511443e+00, 1.171481672e+02, 1.598613158e+02, -1.162627751e+02, 2.604698007e+05
1468, 2.000000000e-02, 1.333333333e-02, 2.000000000e-02, 1.148511443e+00, 1.171481672e+02, 1.743941627e+02, -1.162627751e+02, 2.625845745e+05
1469, 2.000000000e-02, 1.500000000e-02, 0.000000000e+00, 1.148511443e+00, 1.171481672e+02, 0.000000000e+00, -1.307956220e+02, 2.509073455e+05
1470, 2.000000000e-02, 1.500000000e-02, 1.666666667e-03, 1.148511443e+00, 1.171481672e+02, 1.453284689e+01, -1.307956220e+02, 2.509992922e+05
1471, 2.000000000e-02, 1.500000000e-02, 3.333333333e-03, 1.148511443e+00, 1.171481672e+02, 2.906569379e+01, -1.307956220e+02, 2.512751323e+05
1472, 2.000000000e-02, 1.500000000e-02, 5.000000000e-03, 1.148511443e+00, 1.171481672e+02, 4.359854068e+01, -1.307956220e+02, 2.517348657e+05
1473, 2.000000000e-02, 1.500000000e-02, 6.666666667e-03, 1.148511443e+00, 1.171481672e+02, 5.813138757e+01, -1.307956220e+02, 2.523784925e+05
1474, 2.000000000e-02, 1.500000000e-02, 8.333333333e-03, 1.148511443e+00, 1.171481672e+02, 7.266423447e+01, -1.307956220e+02, 2.532060126e+05
1475, 2.000000000e-02, 1.500000000e-02, 1.000000000e-02, 1.148511443e+00, 1.171481672e+02, 8.719708136e+01, -1.307956220e+02, 2.542174262e+05
1476, 2.000000000e-02, 1.500000000e-02, 1.166666667e-02, 1.148511443e+00, 1.171481672e+02, 1.017299283e+02, -1.307956220e+02, 2.554127331e+05
1477, 2.000000000e-02, 1.500000000e-02, 1.333333333e-02, 1.148511443e+00, 1.171481672e+02, 1.162627751e+02, -1.307956220e+02, 2.567919333e+05
1478, 2.000000000e-02, 1.500000000e-02, 1.500000000e-02, 1.148511443e+00, 1.171481672e+02, 1.307956220e+02, -1.307956220e+02, 2.583550270e+05
1479, 2.000000000e-02, 1.500000000e-02, 1.666666667e-02, 1.148511443e+00, 1.171481672e+02, 1.453284689e+02, -1.307956220e+02, 2.601020140e+05
1480, 2.000000000e-02, 1.500000000e-02, 1.833333333e-02, 1.148511443e+00, 1.171481672e+02, 1.598613158e+02, -1.307956220e+02, 2.620328944e+05
1481, 2.000000000e-02, 1.500000000e-02, 2.000000000e-02, 1.148511443e+00, 1.171481672e+02, 1.743941627e+02, -1.307956220e+02, 2.641476681e+05
1482, 2.000000000e-02, 1.666666667e-02, 0.000000000e+00, 1.148511443e+00, 1.171481672e+02, 0.000000000e+00, -1.453284689e+02, 2.526543325e+05
1483, 2.000000000e-02, 1.666666667e-02, 1.666666667e-03, 1.148511443e+00, 1.171481672e+02, 1.453284689e+01, -1.453284689e+02, 2.527462792e+05
1484, 2.000000000e-02, 1.666666667e-02, 3.333333333e-03, 1.148511443e+00, 1.171481672e+02, 2.906569379e+01, -1.453284689e+02, 2.530221193e+05
1485, 2.000000000e-02, 1.666666667e-02, 5.000000000e-03, 1.148511443e+00, 1.171481672e+02, 4.359854068e+01, -1.453284689e+02, 2.534818527e+05
1486, 2.000000000e-02, 1.666666667e-02, 6.666666667e-03, 1.148511443e+00, 1.171481672e+02, 5.813138757e+01, -1.453284689e+02, 2.541254795e+05
1487, 2.000000000e-02, 1.666666667e-02, 8.333333333e-03, 1.148511443e+00, 1.171481672e+02, 7.266423447e+01, -1.453284689e+02, 2.549529996e+05
1488, 2.000000000e-02, 1.666666667e-02, 1.000000000e-02, 1.148511443e+00, 1.171481672e+02, 8.719708136e+01, -1.453284689e+02, 2.559644132e+05
1489, 2.000000000e-02, 1.666666667e-02, 1.166666667e-02, 1.148511443e+00, 1.171481672e+02, 1.017299283e+02, -1.453284689e+02, 2.571597201e+05
1490, 2.000000000e-02, 1.666666667e-02, 1.333333333e-02, 1.148511443e+00, 1.171481672e+02, 1.162627751e+02, -1.453284689e+02, 2.585389203e+05
1491, 2.000000000e-02, 1.666666667e-02, 1.500000000e-02, 1.148511443e+00, 1.171481672e+02, 1.307956220e+02, -1.453284689e+02, 2.601020140e+05
1492, 2.000000000e-02, 1.666666667e-02, 1.666666667e-02, 1.148511443e+00, 1.171481672e+02, 1.453284689e+02, -1.453284689e+02, 2.618490010e+05
1493, 2.000000000e-02, 1.666666667e-02, 1.833333333e-02, 1.148511443e+00, 1.171481672e+02, 1.598613158e+02, -1.453284689e+02, 2.637798814e+05
1494, 2.000000000e-02, 1.666666667e-02, 2.000000000e-02, 1.148511443e+00, 1.171481672e+02, 1.743941627e+02, -1.453284689e+02, 2.658946551e+05
1495, 2.000000000e-02, 1.833333333e-02, 0.000000000e+00, 1.148511443e+00, 1.171481672e+02, 0.000000000e+00, -1.598613158e+02, 2.545852129e+05
1496, 2.000000000e-02, 1.833333333e-02, 1.666666667e-03, 1.148511443e+00, 1.171481672e+02, 1.453284689e+01, -1.598613158e+02, 2.546771596e+05
1497, 2.000000000e-02, 1.833333333e-02, 3.333333333e-03, 1.148511443e+00, 1.171481672e+02, 2.906569379e+01, -1.598613158e+02, 2.549529996e+05
1498, 2.000000000e-02, 1.833333333e-02, 5.000000000e-03, 1.148511443e+00, 1.171481672e+02, 4.359854068e+01, -1.598613158e+02, 2.554127331e+05
1499, 2.000000000e-02, 1.833333333e-02, 6.666666667e-03, 1.148511443e+00, 1.171481672e+02, 5.813138757e+01, -1.598613158e+02, 2.560563599e+05
1500, 2.000000000e-02, 1.833333333e-02, 8.333333333e-03, 1.148511443e+00, 1.171481672e+02, 7.266423447e+01, -1.598613158e+02, 2.568838800e+05
1501, 2.000000000e-02, 1.833333333e-02, 1.000000000e-02, 1.148511443e+00, 1.171481672e+02, 8.719708136e+01, -1.598613158e+02, 2.578952935e+05
1502, 2.000000000e-02, 1.833333333e-02, 1.166666667e-02, 1.148511443e+00, 1.171481672e+02, 1.017299283e+02, -1.598613158e+02, 2.590906004e+05
1503, 2.000000000e-02, 1.833333333e-02, 1.333333333e-02, 1.148511443e+00, 1.171481672e+02, 1.162627751e+02, -1.598613158e+02, 2.604698007e+05
1504, 2.000000000e-02, 1.833333333e-02, 1.500000000e-02, 1.148511443e+00, 1.171481672e+02, 1.307956220e+02, -1.598613158e+02, 2.620328944e+05
1505, 2.000000000e-02, 1.833333333e-02, 1.666666667e-02, 1.148511443e+00, 1.171481672e+02, 1.453284689e+02, -1.598613158e+02, 2.637798814e+05
1506, 2.000000000e-02, 1.833333333e-02, 1.833333333e-02, 1.148511443e+00, 1.171481672e+02, 1.598613158e+02, -1.598613158e+02, 2.657107617e+05
1507, 2.000000000e-02, 1.833333333e-02, 2.000000000e-02, 1.148511443e+00, 1.171481672e+02, 1.743941627e+02, -1.598613158e+02, 2.678255355e+05
1508, 2.000000000e-02, 2.000000000e-02, 0.000000000e+00, 1.148511443e+00, 1.171481672e+02, 0.000000000e+00, -1.743941627e+02, 2.566999866e+05
1509, 2.000000000e-02, 2.000000000e-02, 1.666666667e-03, 1.148511443e+00, 1.171481672e+02, 1.453284689e+01, -1.743941627e+02, 2.567919333e+05
1510, 2.000000000e-02, 2.000000000e-02, 3.333333333e-03, 1.148511443e+00, 1.171481672e+02, 2.906569379e+01, -1.743941627e+02, 2.570677734e+05
1511, 2.000000000e-02, 2.000000000e-02, 5.000000000e-03, 1.148511443e+00, 1.171481672e+02, 4.359854068e+01, -1.743941627e+02, 2.575275068e+05
1512, 2.000000000e-02, 2.000000000e-02, 6.666666667e-03, 1.148511443e+00, 1.171481672e+02, 5.813138757e+01, -1.743941627e+02, 2.581711336e+05
1513, 2.000000000e-02, 2.000000000e-02, 8.333333333e-03, 1.148511443e+00, 1.171481672e+02, 7.266423447e+01, -1.743941627e+02, 2.589986538e+05
1514, 2.000000000e-02, 2.000000000e-02, 1.000000000e-02, 1.148511443e+00, 1.171481672e+02, 8.719708136e+01, -1.743941627e+02, 2.600100673e+05
1515, 2.000000000e-02, 2.000000000e-02, 1.166666667e-02, 1.148511443e+00, 1.171481672e+02, 1.017299283e+02, -1.743941627e+02, 2.612053742e+05
1516, 2.000000000e-02, 2.000000000e-02, 1.333333333e-02, 1.148511443e+00, 1.171481672e+02, 1.162627751e+02, -1.743941627e+02, 2.625845745e+05
1517, 2.000000000e-02, 2.000000000e-02, 1.500000000e-02, 1.148511443e+00, 1.171481672e+02, 1.307956220e+02, -1.743941627e+02, 2.641476681e+05
1518, 2.000000000e-02, 2.000000000e-02, 1.666666667e-02, 1.148511443e+00, 1.171481672e+02, 1.453284689e+02, -1.743941627e+02, 2.658946551e+05
1519, 2.000000000e-02, 2.000000000e-02, 1.833333333e-02, 1.148511443e+00, 1.171481672e+02, 1.598613158e+02, -1.743941627e+02, 2.678255355e+05
1520, 2.000000000e-02, 2.000000000e-02, 2.000000000e-02, 1.148511443e+00, 1.171481672e+02, 1.743941627e+02, -1.743941627e+02, 2.699403092e+05
1521, 2.250000000e-02, 0.000000000e+00, 0.000000000e+00, 1.148511443e+00, 1.171481672e+02, 0.000000000e+00, 0.000000000e+00, 2.434596641e+05
1522, 2.250000000e-02, 0.000000000e+00, 1.666666667e-03, 1.148511443e+00, 1.171481672e+02, 1.453284689e+01, 0.000000000e+00, 2.435516108e+05
1523, 2.250000000e-02, 0.000000000e+00, 3.333333333e-03, 1.148511443e+00, 1.171481672e+02, 2.906569379e+01, 0.000000000e+00, 2.438274508e+05
1524, 2.250000000e-02, 0.000000000e+00, 5.000000000e-03, 1.148511443e+00, 1.171481672e+02, 4.359854068e+01, 0.000000000e+00, 2.442871842e+05
1525, 2.250000000e-02, 0.000000000e+00, 6.666666667e-03, 1.148511443e+00, 1.171481672e+02, 5.813138757e+01, 0.000000000e+00, 2.449308110e+05
1526, 2.250000000e-02, 0.000000000e+00, 8.333333333e-03, 1.148511443e+00, 1.171481672e+02, 7.266423447e+01, 0.000000000e+00, 2.457583312e+05
1527, 2.250000000e-02, 0.000000000e+00, 1.000000000e-02, 1.148511443e+00, 1.171481672e+02, 8.719708136e+01, 0.000000000e+00, 2.467697447e+05
1528, 2.250000000e-02, 0.000000000e+00, 1.166666667e-02, 1.148511443e+00, 1.171481672e+02, 1.017299283e+02, 0.000000000e+00, 2.479650516e+05
1529, 2.250000000e-02, 0.000000000e+00, 1.333333333e-02, 1.148511443e+00, 1.171481672e+02, 1.162627751e+02, 0.000000000e+00, 2.493442519e+05
1530, 2.250000000e-02, 0.000000000e+00, 1.500000000e-02, 1.148511443e+00, 1.171481672e+02, 1.307956220e+02, 0.000000000e+00, 2.509073455e+05
1531, 2.250000000e-02, 0.000000000e+00, 1.666666667e-02, 1.148511443e+00, 1.171481672e+02, 1.453284689e+02, 0.000000000e+00, 2.526543325e+05
1532, 2.250000000e-02, 0.000000000e+00, 1.833333333e-02, 1.148511443e+00, 1.171481672e+02, 1.598613158e+02, 0.000000000e+00, 2.545852129e+05
1533, 2.250000000e-02, 0.000000000e+00, 2.000000000e-02, 1.148511443e+00, 1.171481672e+02, 1.743941627e+02, 0.000000000e+00, 2.566999866e+05
1534, 2.250000000e-02, 1.666666667e-03, 0.000000000e+00, 1.148511443e+00, 1.171481672e+02, 0.000000000e+00, -1.453284689e+01, 2.435516108e+05
1535, 2.250000000e-02, 1.666666667e-03, 1.666666667e-03, 1.148511443e+00, 1.171481672e+02, 1.453284689e+01, -1.453284689e+01, 2.436435574e+05
1536, 2.250000000e-02, 1.666666667e-03, 3.333333333e-03, 1.148511443e+00, 1.171481672e+02, 2.906569379e+01, -1.453284689e+01, 2.439193975e+05
1537, 2.250000000e-02, 1.666666667e-03, 5.000000000e-03, 1.148511443e+00, 1.171481672e+02, 4.359854068e+01, -1.453284689e+01, 2.443791309e+05
1538, 2.250000000e-02, 1.666666667e-03, 6.666666667e-03, 1.148511443e+00, 1.171481672e+02, 5.813138757e+01, -1.453284689e+01, 2.450227577e+05
1539, 2.250000000e-02, 1.666666667e-03, 8.333333333e-03, 1.148511443e+00, 1.171481672e+02, 7.266423447e+01, -1.453284689e+01, 2.458502779e+05
1540, 2.250000000e-02, 1.666666667e-03, 1.000000000e-02, 1.148511443e+00, 1.171481672e+02, 8.719708136e+01, -1.453284689e+01, 2.468616914e+05
1541, 2.250000000e-02, 1.666666667e-03, 1.166666667e-02, 1.148511443e+00, 1.171481672e+02, 1.017299283e+02, -1.453284689e+01, 2.480569983e+05
1542, 2.250000000e-02, 1.666666667e-03, 1.333333333e-02, 1.148511443e+00, 1.171481672e+02, 1.162627751e+02, -1.453284689e+01, 2.494361986e+05
1543, 2.250000000e-02, 1.666666667e-03, 1.500000000e-02, 1.148511443e+00, 1.171481672e+02, 1.307956220e+02, -1.453284689e+01, 2.509992922e+05
1544, 2.250000000e-02, 1.666666667e-03, 1.666666667e-02, 1.148511443e+00, 1.171481672e+02, 1.453284689e+02, -1.453284689e+01, 2.527462792e+05
1545, 2.250000000e-02, 1.666666667e-03, 1.833333333e-02, 1.148511443e+00, 1.171481672e+02, 1.598613158e+02, -1.453284689e+01, 2.546771596e+05
1546, 2.250000000e-02, 1.666666667e-03, 2.000000000e-02, 1.148511443e+00, 1.171481672e+02, 1.743941627e+02, -1.453284689e+01, 2.567919333e+05
1547, 2.250000000e-02, 3.333333333e-03, 0.000000000e+00, 1.148511443e+00, 1.171481672e+02, 0.000000000e+00, -2.906569379e+01, 2.438274508e+05
1548, 2.250000000e-02, 3.333333333e-03, 1.666666667e-03, 1.148511443e+00, 1.171481672e+02, 1.453284689e+01, -2.906569379e+01, 2.439193975e+05
1549, 2.250000000e-02, 3.333333333e-03, 3.333333333e-03, 1.148511443e+00, 1.171481672e+02, 2.906569379e+01, -2.906569379e+01, 2.441952375e+05
1550, 2.250000000e-02, 3.333333333e-03, 5.000000000e-03, 1.148511443e+00, 1.171481672e+02, 4.359854068e+01, -2.906569379e+01, 2.446549710e+05
1551, 2.250000000e-02, 3.333333333e-03, 6.666666667e-03, 1.148511443e+00, 1.171481672e+02, 5.813138757e+01, -2.906569379e+01, 2.452985978e+05
1552, 2.250000000e-02, 3.333333333e-03, 8.333333333e-03, 1.148511443e+00, 1.171481672e+02, 7.266423447e+01, -2.906569379e+01, 2.461261179e+05
1553, 2.250000000e-02, 3.333333333e-03, 1.000000000e-02, 1.148511443e+00, 1.171481672e+02, 8.719708136e+01, -2.906569379e+01, 2.471375315e+05
1554, 2.250000000e-02, 3.333333333e-03, 1.166666667e-02, 1.148511443e+00, 1.171481672e+02, 1.017299283e+02, -2.906569379e+01, 2.483328384e+05
1555, 2.250000000e-02, 3.333333333e-03, 1.333333333e-02, 1.148511443e+00, 1.171481672e+02, 1.162627751e+02, -2.906569379e+01, 2.497120386e+05
1556, 2.250000000e-02, 3.333333333e-03, 1.500000000e-02, 1.148511443e+00, 1.171481672e+02, 1.307956220e+02, -2.906569379e+01, 2.512751323e+05
1557, 2.250000000e-02, 3.333333333e-03, 1.666666667e-02, 1.148511443e+00, 1.171481672e+02, 1.453284689e+02, -2.906569379e+01, 2.530221193e+05
1558, 2.250000000e-02, 3.333333333e-03, 1.833333333e-02, 1.148511443e+00, 1.171481672e+02, 1.598613158e+02, -2.906569379e+01, 2.549529996e+05
1559, 2.250000000e-02, 3.333333333e-03, 2.000000000e-02, 1.148511443e+00, 1.171481672e+02, 1.743941627e+02, -2.906569379e+01, 2.570677734e+05
1560, 2.250000000e-02, 5.000000000e-03, 0.000000000e+00, 1.148511443e+00, 1.171481672e+02, 0.000000000e+00, -4.359854068e+01, 2.442871842e+05
1561, 2.250000000e-02, 5.000000000e-03, 1.666666667e-03, 1.148511443e+00, 1.171481672e+02, 1.453284689e+01, -4.359854068e+01, 2.443791309e+05
1562, 2.250000000e-02, 5.000000000e-03, 3.333333333e-03, 1.148511443e+00, 1.171481672e+02, 2.906569379e+01, -4.359854068e+01, 2.446549710e+05
1563, 2.250000000e-02, 5.000000000e-03, 5.000000000e-03, 1.148511443e+00, 1.171481672e+02, 4.359854068e+01, -4.359854068e+01, 2.451147044e+05
1564, 2.250000000e-02, 5.000000000e-03, 6.666666667e-03, 1.148511443e+00, 1.171481672e+02, 5.813138757e+01, -4.359854068e+01, 2.457583312e+05
1565, 2.250000000e-02, 5.000000000e-03, 8.333333333e-03, 1.148511443e+00, 1.171481672e+02, 7.266423447e+01, -4.359854068e+01, 2.465858513e+05
1566, 2.250000000e-02, 5.000000000e-03, 1.000000000e-02, 1.148511443e+00, 1.171481672e+02, 8.719708136e+01, -4.359854068e+01, 2.475972649e+05
1567, 2.250000000e-02, 5.000000000e-03, 1.166666667e-02, 1.148511443e+00, 1.171481672e+02, 1.017299283e+02, -4.359854068e+01, 2.487925718e+05
1568, 2.250000000e-02, 5.000000000e-03, 1.333333333e-02, 1.148511443e+00, 1.171481672e+02, 1.162627751e+02, -4.359854068e+01, 2.501717720e+05
1569, 2.250000000e-02, 5.000000000e-03, 1.500000000e-02, 1.148511443e+00, 1.171481672e+02, 1.307956220e+02, -4.359854068e+01, 2.517348657e+05
1570, 2.250000000e-02, 5.000000000e-03, 1.666666667e-02, 1.148511443e+00, 1.171481672e+02, 1.453284689e+02, -4.359854068e+01, 2.534818527e+05
1571, 2.250000000e-02, 5.000000000e-03, 1.833333333e-02, 1.148511443e+00, 1.171481672e+02, 1.598613158e+02, -4.359854068e+01, 2.554127331e+05
1572, 2.250000000e-02, 5.000000000e-03, 2.000000000e-02, 1.148511443e+00, 1.171481672e+02, 1.743941627e+02, -4.359854068e+01, 2.575275068e+05
1573, 2.250000000e-02, 6.666666667e-03, 0.000000000e+00, 1.148511443e+00, 1.171481672e+02, 0.000000000e+00, -5.813138757e+01, 2.449308110e+05
1574, 2.250000000e-02, 6.666666667e-03, 1.666666667e-03, 1.148511443e+00, 1.171481672e+02, 1.453284689e+01, -5.813138757e+01, 2.450227577e+05
1575, 2.250000000e-02, 6.666666667e-03, 3.333333333e-03, 1.148511443e+00, 1.171481672e+02, 2.906569379e+01, -5.813138757e+01, 2.452985978e+05
1576, 2.250000000e-02, 6.666666667e-03, 5.000000000e-03, 1.148511443e+00, 1.171481672e+02, 4.359854068e+01, -5.813138757e+01, 2.457583312e+05
1577, 2.250000000e-02, 6.666666667e-03, 6.666666667e-03, 1.148511443e+00, 1.171481672e+02, 5.813138757e+01, -5.813138757e+01, 2.464019580e+05
1578, 2.250000000e-02, 6.666666667e-03, 8.333333333e-03, 1.148511443e+00, 1.171481672e+02, 7.266423447e+01, -5.813138757e+01, 2.472294781e+05
1579, 2.250000000e-02, 6.666666667e-03, 1.000000000e-02, 1.148511443e+00, 1.171481672e+02, 8.719708136e+01, -5.813138757e+01, 2.482408917e+05
1580, 2.250000000e-02, 6.666666667e-03, 1.166666667e-02, 1.148511443e+00, 1.171481672e+02, 1.017299283e+02, -5.813138757e+01, 2.494361986e+05
1581, 2.250000000e-02, 6.666666667e-03, 1.333333333e-02, 1.148511443e+00, 1.171481672e+02, 1.162627751e+02, -5.813138757e+01, 2.508153988e+05
1582, 2.250000000e-02, 6.666666667e-03, 1.500000000e-02, 1.148511443e+00, 1.171481672e+02, 1.307956220e+02, -5.813138757e+01, 2.523784925e+05
1583, 2.250000000e-02, 6.666666667e-03, 1.666666667e-02, 1.148511443e+00, 1.171481672e+02, 1.453284689e+02, -5.813138757e+01, 2.541254795e+05
1584, 2.250000000e-02, 6.666666667e-03, 1.833333333e-02, 1.148511443e+00, 1.171481672e+02, 1.598613158e+02, -5.813138757e+01, 2.560563599e+05
1585, 2.250000000e-02, 6.666666667e-03, 2.000000000e-02, 1.148511443e+00, 1.171481672e+02, 1.743941627e+02, -5.813138757e+01, 2.581711336e+05
1586, 2.250000000e-02, 8.333333333e-03, 0.000000000e+00, 1.148511443e+00, 1.171481672e+02, 0.000000000e+00, -7.266423447e+01, 2.457583312e+05
1587, 2.250000000e-02, 8.333333333e-03, 1.666666667e-03, 1.148511443e+00, 1.171481672e+02, 1.453284689e+01, -7.266423447e+01, 2.458502779e+05
1588, 2.250000000e-02, 8.333333333e-03, 3.333333333e-03, 1.148511443e+00, 1.171481672e+02, 2.906569379e+01, -7.266423447e+01, 2.461261179e+05
1589, 2.250000000e-02, 8.333333333e-03, 5.000000000e-03, 1.148511443e+00, 1.171481672e+02, 4.359854068e+01, -7.266423447e+01, 2.465858513e+05
1590, 2.250000000e-02, 8.333333333e-03, 6.666666667e-03, 1.148511443e+00, 1.171481672e+02, 5.813138757e+01, -7.266423447e+01, 2.472294781e+05
1591, 2.250000000e-02, 8.333333333e-03, 8.333333333e-03, 1.148511443e+00, 1.171481672e+02, 7.266423447e+01, -7.266423447e+01, 2.480569983e+05
1592, 2.250000000e-02, 8.333333333e-03, 1.000000000e-02, 1.148511443e+00, 1.171481672e+02, 8.719708136e+01, -7.266423447e+01, 2.490684118e+05
1593, 2.250000000e-02, 8.333333333e-03, 1.166666667e-02, 1.148511443e+00, 1.171481672e+02, 1.017299283e+02, -7.266423447e+01, 2.502637187e+05
1594, 2.250000000e-02, 8.333333333e-03, 1.333333333e-02, 1.148511443e+00, 1.171481672e+02, 1.162627751e+02, -7.266423447e+01, 2.516429190e+05
1595, 2.250000000e-02, 8.333333333e-03, 1.500000000e-02, 1.148511443e+00, 1.171481672e+02, 1.307956220e+02, -7.266423447e+01, 2.532060126e+05
1596, 2.250000000e-02, 8.333333333e-03, 1.666666667e-02, 1.148511443e+00, 1.171481672e+02, 1.453284689e+02, -7.266423447e+01, 2.549529996e+05
1597, 2.250000000e-02, 8.333333333e-03, 1.833333333e-02, 1.148511443e+00, 1.171481672e+02, 1.598613158e+02, -7.266423447e+01, 2.568838800e+05
1598, 2.250000000e-02, 8.333333333e-03, 2.000000000e-02, 1.148511443e+00, 1.171481672e+02, 1.743941627e+02, -7.266423447e+01, 2.589986538e+05
1599, 2.250000000e-02, 1.000000000e-02, 0.000000000e+00, 1.148511443e+00, 1.171481672e+02, 0.000000000e+00, -8.719708136e+01, 2.467697447e+05
1600, 2.250000000e-02, 1.000000000e-02, 1.666666667e-03, 1.148511443e+00, 1.171481672e+02, 1.453284689e+01, -8.719708136e+01, 2.468616914e+05
1601, 2.250000000e-02, 1.000000000e-02, 3.333333333e-03, 1.148511443e+00, 1.171481672e+02, 2.906569379e+01, -8.719708136e+01, 2.471375315e+05
1602, 2.250000000e-02, 1.000000000e-02, 5.000000000e-03, 1.148511443e+00, 1.171481672e+02, 4.359854068e+01, -8.719708136e+01, 2.475972649e+05
1603, 2.250000000e-02, 1.000000000e-02, 6.666666667e-03, 1.148511443e+00, 1.171481672e+02, 5.813138757e+01, -8.719708136e+01, 2.482408917e+05
1604, 2.250000000e-02, 1.000000000e-02, 8.333333333e-03, 1.148511443e+00, 1.171481672e+02, 7.266423447e+01, -8.719708136e+01, 2.490684118e+05
1605, 2.250000000e-02, 1.000000000e-02, 1.000000000e-02, 1.148511443e+00, 1.171481672e+02, 8.719708136e+01, -8.719708136e+01, 2.500798254e+05
1606, 2.250000000e-02, 1.000000000e-02, 1.166666667e-02, 1.148511443e+00, 1.171481672e+02, 1.017299283e+02, -8.719708136e+01, 2.512751323e+05
1607, 2.250000000e-02, 1.000000000e-02, 1.333333333e-02, 1.148511443e+00, 1.171481672e+02, 1.162627751e+02, -8.719708136e+01, 2.526543325e+05
1608, 2.250000000e-02, 1.000000000e-02, 1.500000000e-02, 1.148511443e+00, 1.171481672e+02, 1.307956220e+02, -8.719708136e+01, 2.542174262e+05
1609, 2.250000000e-02, 1.000000000e-02, 1.666666667e-02, 1.148511443e+00, 1.171481672e+02, 1.453284689e+02, -8.719708136e+01, 2.559644132e+05
1610, 2.250000000e-02, 1.000000000e-02, 1.833333333e-02, 1.148511443e+00, 1.171481672e+02, 1.598613158e+02, -8.719708136e+01, 2.578952935e+05
1611, 2.250000000e-02, 1.000000000e-02, 2.000000000e-02, 1.148511443e+00, 1.171481672e+02, 1.743941627e+02, -8.719708136e+01, 2.600100673e+05
1612, 2.250000000e-02, 1.166666667e-02, 0.000000000e+00, 1.148511443e+00, 1.171481672e+02, 0.000000000e+00, -1.017299283e+02, 2.479650516e+05
1613, 2.250000000e-02, 1.166666667e-02, 1.666666667e-03, 1.148511443e+00, 1.171481672e+02, 1.453284689e+01, -1.017299283e+02, 2.480569983e+05
1614, 2.250000000e-02, 1.166666667e-02, 3.333333333e-03, 1.148511443e+00, 1.171481672e+02, 2.906569379e+01, -1.017299283e+02, 2.483328384e+05
1615, 2.250000000e-02, 1.166666667e-02, 5.000000000e-03, 1.148511443e+00, 1.171481672e+02, 4.359854068e+01, -1.017299283e+02, 2.487925718e+05
1616, 2.250000000e-02, 1.166666667e-02, 6.666666667e-03, 1.148511443e+00, 1.171481672e+02, 5.813138757e+01, -1.017299283e+02, 2.494361986e+05
1617, 2.250000000e-02, 1.166666667e-02, 8.333333333e-03, 1.148511443e+00, 1.171481672e+02, 7.266423447e+01, -1.017299283e+02, 2.502637187e+05
1618, 2.250000000e-02, 1.166666667e-02, 1.000000000e-02, 1.148511443e+00, 1.171481672e+02, 8.719708136e+01, -1.017299283e+02, 2.512751323e+05
1619, 2.250000000e-02, 1.166666667e-02, 1.166666667e-02, 1.148511443e+00, 1.171481672e+02, 1.017299283e+02, -1.017299283e+02, 2.524704392e+05
1620, 2.250000000e-02, 1.166666667e-02, 1.333333333e-02, 1.148511443e+00, 1.171481672e+02, 1.162627751e+02, -1.017299283e+02, 2.538496394e+05
1621, 2.250000000e-02, 1.166666667e-02, 1.500000000e-02, 1.148511443e+00, 1.171481672e+02, 1.307956220e+02, -1.017299283e+02, 2.554127331e+05
1622, 2.250000000e-02, 1.166666667e-02, 1.666666667e-02, 1.148511443e+00, 1.171481672e+02, 1.453284689e+02, -1.017299283e+02, 2.571597201e+05
1623, 2.250000000e-02, 1.166666667e-02, 1.833333333e-02, 1.148511443e+00, 1.171481672e+02, 1.598613158e+02, -1.017299283e+02, 2.590906004e+05
1624, 2.250000000e-02, 1.166666667e-02, 2.000000000e-02, 1.148511443e+00, 1.171481672e+02, 1.743941627e+02, -1.017299283e+02, 2.612053742e+05
1625, 2.250000000e-02, 1.333333333e-02, 0.000000000e+00, 1.148511443e+00, 1.171481672e+02, 0.000000000e+00, -1.162627751e+02, 2.493442519e+05
1626, 2.250000000e-02, 1.333333333e-02, 1.666666667e-03, 1.148511443e+00, 1.171481672e+02, 1.453284689e+01, -1.162627751e+02, 2.494361986e+05
1627, 2.250000000e-02, 1.333333333e-02, 3.333333333e-03, 1.148511443e+00, 1.171481672e+02, 2.906569379e+01, -1.162627751e+02, 2.497120386e+05
1628, 2.250000000e-02, 1.333333333e-02, 5.000000000e-03, 1.148511443e+00, 1.171481672e+02, 4.359854068e+01, -1.162627751e+02, 2.501717720e+05
1629, 2.250000000e-02, 1.333333333e-02, 6.666666667e-03, 1.148511443e+00, 1.171481672e+02, 5.813138757e+01, -1.162627751e+02, 2.508153988e+05
1630, 2.250000000e-02, 1.333333333e-02, 8.333333333e-03, 1.148511443e+00, 1.171481672e+02, 7.266423447e+01, -1.162627751e+02, 2.516429190e+05
1631, 2.250000000e-02, 1.333333333e-02, 1.000000000e-02, 1.148511443e+00, 1.171481672e+02, 8.719708136e+01, -1.162627751e+02, 2.526543325e+05
1632, 2.250000000e-02, 1.333333333e-02, 1.166666667e-02, 1.148511443e+00, 1.171481672e+02, 1.017299283e+02, -1.162627751e+02, 2.538496394e+05
1633, 2.250000000e-02, 1.333333333e-02, 1.333333333e-02, 1.148511443e+00, 1.171481672e+02, 1.162627751e+02, -1.162627751e+02, 2.552288397e+05
1634, 2.250000000e-02, 1.333333333e-02, 1.500000000e-02, 1.148511443e+00, 1.171481672e+02, 1.307956220e+02, -1.162627751e+02, 2.567919333e+05
1635, 2.250000000e-02, 1.333333333e-02, 1.666666667e-02, 1.148511443e+00, 1.171481672e+02, 1.453284689e+02, -1.162627751e+02, 2.585389203e+05
1636, 2.250000000e-02, 1.333333333e-02, 1.833333333e-02, 1.148511443e+00, 1.171481672e+02, 1.598613158e+02, -1.162627751e+02, 2.604698007e+05
1637, 2.250000000e-02, 1.333333333e-02, 2.000000000e-02, 1.148511443e+00, 1.171481672e+02, 1.743941627e+02, -1.162627751e+02, 2.625845745e+05
1638, 2.250000000e-02, 1.500000000e-02, 0.000000000e+00, 1.148511443e+00, 1.171481672e+02, 0.000000000e+00, -1.307956220e+02, 2.509073455e+05
1639, 2.250000000e-02, 1.500000000e-02, 1.666666667e-03, 1.148511443e+00, 1.171481672e+02, 1.453284689e+01, -1.307956220e+02, 2.509992922e+05
1640, 2.250000000e-02, 1.500000000e-02, 3.333333333e-03, 1.148511443e+00, 1.171481672e+02, 2.906569379e+01, -1.307956220e+02, 2.512751323e+05
1641, 2.250000000e-02, 1.500000000e-02, 5.000000000e-03, 1.148511443e+00, 1.171481672e+02, 4.359854068e+01, -1.307956220e+02, 2.517348657e+05
1642, 2.250000000e-02, 1.500000000e-02, 6.666666667e-03, 1.148511443e+00, 1.171481672e+02, 5.813138757e+01, -1.307956220e+02, 2.523784925e+05
1643, 2.250000000e-02, 1.500000000e-02, 8.333333333e-03, 1.148511443e+00, 1.171481672e+02, 7.266423447e+01, -1.307956220e+02, 2.532060126e+05
1644, 2.250000000e-02, 1.500000000e-02, 1.000000000e-02, 1.148511443e+00, 1.171481672e+02, 8.719708136e+01, -1.307956220e+02, 2.542174262e+05
1645, 2.250000000e-02, 1.500000000e-02, 1.166666667e-02, 1.148511443e+00, 1.171481672e+02, 1.017299283e+02, -1.307956220e+02, 2.554127331e+05
1646, 2.250000000e-02, 1.500000000e-02, 1.333333333e-02, 1.148511443e+00, 1.171481672e+02, 1.162627751e+02, -1.307956220e+02, 2.567919333e+05
1647, 2.250000000e-02, 1.500000000e-02, 1.500000000e-02, 1.148511443e+00, 1.171481672e+02, 1.307956220e+02, -1.307956220e+02, 2.583550270e+05
1648, 2.250000000e-02, 1.500000000e-02, 1.666666667e-02, 1.148511443e+00, 1.171481672e+02, 1.453284689e+02, -1.307956220e+02, 2.601020140e+05
1649, 2.250000000e-02, 1.500000000e-02, 1.833333333e-02, 1.148511443e+00, 1.171481672e+02, 1.598613158e+02, -1.307956220e+02, 2.620328944e+05
1650, 2.250000000e-02, 1.500000000e-02, 2.000000000e-02, 1.148511443e+00, 1.171481672e+02, 1.743941627e+02, -1.307956220e+02, 2.641476681e+05
1651, 2.250000000e-02, 1.666666667e-02, 0.000000000e+00, 1.148511443e+00, 1.171481672e+02, 0.000000000e+00, -1.453284689e+02, 2.526543325e+05
1652, 2.250000000e-02, 1.666666667e-02, 1.666666667e-03, 1.148511443e+00, 1.171481672e+02, 1.453284689e+01, -1.453284689e+02, 2.527462792e+05
1653, 2.250000000e-02, 1.666666667e-02, 3.333333333e-03, 1.148511443e+00, 1.171481672e+02, 2.906569379e+01, -1.453284689e+02, 2.530221193e+05
1654, 2.250000000e-02, 1.666666667e-02, 5.000000000e-03, 1.148511443e+00, 1.171481672e+02, 4.359854068e+01, -1.453284689e+02, 2.534818527e+05
1655, 2.250000000e-02, 1.666666667e-02, 6.666666667e-03, 1.148511443e+00, 1.171481672e+02, 5.813138757e+01, -1.453284689e+02, 2.541254795e+05
1656, 2.250000000e-02, 1.666666667e-02, 8.333333333e-03, 1.148511443e+00, 1.171481672e+02, 7.266423447e+01, -1.453284689e+02, 2.549529996e+05
1657, 2.250000000e-02, 1.666666667e-02, 1.000000000e-02, 1.148511443e+00, 1.171481672e+02, 8.719708136e+01, -1.453284689e+02, 2.559644132e+05
1658, 2.250000000e-02, 1.666666667e-02, 1.166666667e-02, 1.148511443e+00, 1.171481672e+02, 1.017299283e+02, -1.453284689e+02, 2.571597201e+05
1659, 2.250000000e-02, 1.666666667e-02, 1.333333333e-02, 1.148511443e+00, 1.171481672e+02, 1.162627751e+02, -1.453284689e+02, 2.585389203e+05
1660, 2.250000000e-02, 1.666666667e-02, 1.500000000e-02, 1.148511443e+00, 1.171481672e+02, 1.307956220e+02, -1.453284689e+02, 2.601020140e+05
1661, 2.250000000e-02, 1.666666667e-02, 1.666666667e-02, 1.148511443e+00, 1.171481672e+02, 1.453284689e+02, -1.453284689e+02, 2.618490010e+05
1662, 2.250000000e-02, 1.666666667e-02, 1.833333333e-02, 1.148511443e+00, 1.171481672e+02, 1.598613158e+02, -1.453284689e+02, 2.637798814e+05
1663, 2.250000000e-02, 1.666666667e-02, 2.000000000e-02, 1.148511443e+00, 1.171481672e+02, 1.743941627e+02, -1.453284689e+02, 2.658946551e+05
1664, 2.250000000e-02, 1.833333333e-02, 0.000000000e+00, 1.148511443e+00, 1.171481672e+02, 0.000000000e+00, -1.598613158e+02, 2.545852129e+05
1665, 2.250000000e-02, 1.833333333e-02, 1.666666667e-03, 1.148511443e+00, 1.171481672e+02, 1.453284689e+01, -1.598613158e+02, 2.546771596e+05
1666, 2.250000000e-02, 1.833333333e-02, 3.333333333e-03, 1.148511443e+00, 1.171481672e+02, 2.906569379e+01, -1.598613158e+02, 2.549529996e+05
1667, 2.250000000e-02, 1.833333333e-02, 5.000000000e-03, 1.148511443e+00, 1.171481672e+02, 4.359854068e+01, -1.598613158e+02, 2.554127331e+05
1668, 2.250000000e-02, 1.833333333e-02, 6.666666667e-03, 1.148511443e+00, 1.171481672e+02, 5.813138757e+01, -1.598613158e+02, 2.560563599e+05
1669, 2.250000000e-02, 1.833333333e-02, 8.333333333e-03, 1.148511443e+00, 1.171481672e+02, 7.266423447e+01, -1.598613158e+02, 2.568838800e+05
1670, 2.250000000e-02, 1.833333333e-02, 1.000000000e-02, 1.148511443e+00, 1.171481672e+02, 8.719708136e+01, -1.598613158e+02, 2.578952935e+05
1671, 2.250000000e-02, 1.833333333e-02, 1.166666667e-02, 1.148511443e+00, 1.171481672e+02, 1.017299283e+02, -1.598613158e+02, 2.590906004e+05
1672, 2.250000000e-02, 1.833333333e-02, 1.333333333e-02, 1.148511443e+00, 1.171481672e+02, 1.162627751e+02, -1.598613158e+02, 2.604698007e+05
1673, 2.250000000e-02, 1.833333333e-02, 1.500000000e-02, 1.148511443e+00, 1.171481672e+02, 1.307956220e+02, -1.598613158e+02, 2.620328944e+05
1674, 2.250000000e-02, 1.833333333e-02, 1.666666667e-02, 1.148511443e+00, 1.171481672e+02, 1.453284689e+02, -1.598613158e+02, 2.637798814e+05
1675, 2.250000000e-02, 1.833333333e-02, 1.833333333e-02, 1.148511443e+00, 1.171481672e+02, 1.598613158e+02, -1.598613158e+02, 2.657107617e+05
1676, 2.250000000e-02, 1.833333333e-02, 2.000000000e-02, 1.148511443e+00, 1.171481672e+02, 1.743941627e+02, -1.598613158e+02, 2.678255355e+05
1677, 2.250000000e-02, 2.000000000e-02, 0.000000000e+00, 1.148511443e+00, 1.171481672e+02, 0.000000000e+00, -1.743941627e+02, 2.566999866e+05
1678, 2.250000000e-02, 2.000000000e-02, 1.666666667e-03, 1.148511443e+00, 1.171481672e+02, 1.453284689e+01, -1.743941627e+02, 2.567919333e+05
1679, 2.250000000e-02, 2.000000000e-02, 3.333333333e-03, 1.148511443e+00, 1.171481672e+02, 2.906569379e+01, -1.743941627e+02, 2.570677734e+05
1680, 2.250000000e-02, 2.000000000e-02, 5.000000000e-03, 1.148511443e+00, 1.171481672e+02, 4.359854068e+01, -1.743941627e+02, 2.575275068e+05
1681, 2.250000000e-02, 2.000000000e-02, 6.666666667e-03, 1.148511443e+00, 1.171481672e+02, 5.813138757e+01, -1.743941627e+02, 2.581711336e+05
1682, 2.250000000e-02, 2.000000000e-02, 8.333333333e-03, 1.148511443e+00, 1.171481672e+02, 7.266423447e+01, -1.743941627e+02, 2.589986538e+05
1683, 2.250000000e-02, 2.000000000e-02, 1.000000000e-02, 1.148511443e+00, 1.171481672e+02, 8.719708136e+01, -1.743941627e+02, 2.600100673e+05
1684, 2.250000000e-02, 2.000000000e-02, 1.166666667e-02, 1.148511443e+00, 1.171481672e+02, 1.017299283e+02, -1.743941627e+02, 2.612053742e+05
1685, 2.250000000e-02, 2.000000000e-02, 1.333333333e-02, 1.148511443e+00, 1.171481672e+02, 1.162627751e+02, -1.743941627e+02, 2.625845745e+05
1686, 2.250000000e-02, 2.000000000e-02, 1.500000000e-02, 1.148511443e+00, 1.171481672e+02, 1.307956220e+02, -1.743941627e+02, 2.641476681e+05
1687, 2.250000000e-02, 2.000000000e-02, 1.666666667e-02, 1.148511443e+00, 1.171481672e+02, 1.453284689e+02, -1.743941627e+02, 2.658946551e+05
1688, 2.250000000e-02, 2.000000000e-02, 1.833333333e-02, 1.148511443e+00, 1.171481672e+02, 1.598613158e+02, -1.743941627e+02, 2.678255355e+05
1689, 2.250000000e-02, 2.000000000e-02, 2.000000000e-02, 1.148511443e+00, 1.171481672e+02, 1.743941627e+02, -1.743941627e+02, 2.699403092e+05
1690, 2.500000000e-02, 0.000000000e+00, 0.000000000e+00, 1.148511443e+00, 1.171481672e+02, 0.000000000e+00, 0.000000000e+00, 2.434596641e+05
1691, 2.500000000e-02, 0.000000000e+00, 1.666666667e-03, 1.148511443e+00, 1.171481672e+02, 1.453284689e+01, 0.000000000e+00, 2.435516108e+05
1692, 2.500000000e-02, 0.000000000e+00, 3.333333333e-03, 1.148511443e+00, 1.171481672e+02, 2.906569379e+01, 0.000000000e+00, 2.438274508e+05
1693, 2.500000000e-02, 0.000000000e+00, 5.000000000e-03, 1.148511443e+00, 1.171481672e+02, 4.359854068e+01, 0.000000000e+00, 2.442871842e+05
1694, 2.500000000e-02, 0.000000000e+00, 6.666666667e-03, 1.148511443e+00, 1.171481672e+02, 5.813138757e+01, 0.000000000e+00, 2.449308110e+05
1695, 2.500000000e-02, 0.000000000e+00, 8.333333333e-03, 1.148511443e+00, 1.171481672e+02, 7.266423447e+01, 0.000000000e+00, 2.457583312e+05
1696, 2.500000000e-02, 0.000000000e+00, 1.000000000e-02, 1.148511443e+00, 1.171481672e+02, 8.719708136e+01, 0.000000000e+00, 2.467697447e+05
1697, 2.500000000e-02, 0.000000000e+00, 1.166666667e-02, 1.148511443e+00, 1.171481672e+02, 1.017299283e+02, 0.000000000e+00, 2.479650516e+05
1698, 2.500000000e-02, 0.000000000e+00, 1.333333333e-02, 1.148511443e+00, 1.171481672e+02, 1.162627751e+02, 0.000000000e+00, 2.493442519e+05
1699, 2.500000000e-02, 0.000000000e+00, 1.500000000e-02, 1.148511443e+00, 1.171481672e+02, 1.307956220e+02, 0.000000000e+00, 2.509073455e+05
1700, 2.500000000e-02, 0.000000000e+00, 1.666666667e-02, 1.148511443e+00, 1.171481672e+02, 1.453284689e+02, 0.000000000e+00, 2.526543325e+05
1701, 2.500000000e-02, 0.000000000e+00, 1.833333333e-02, 1.148511443e+00, 1.171481672e+02, 1.598613158e+02, 0.000000000e+00, 2.545852129e+05
1702, 2.500000000e-02, 0.000000000e+00, 2.000000000e-02, 1.148511443e+00, 1.171481672e+02, 1.743941627e+02, 0.000000000e+00, 2.566999866e+05
1703, 2.500000000e-02, 1.666666667e-03, 0.000000000e+00, 1.148511443e+00, 1.171481672e+02, 0.000000000e+00, -1.453284689e+01, 2.435516108e+05
1704, 2.500000000e-02, 1.666666667e-03, 1.666666667e-03, 1.148511443e+00, 1.171481672e+02, 1.453284689e+01, -1.453284689e+01, 2.436435574e+05
1705, 2.500000000e-02, 1.666666667e-03, 3.333333333e-03, 1.148511443e+00, 1.171481672e+02, 2.906569379e+01, -1.453284689e+01, 2.439193975e+05
1706, 2.500000000e-02, 1.666666667e-03, 5.000000000e-03, 1.148511443e+00, 1.171481672e+02, 4.359854068e+01, -1.453284689e+01, 2.443791309e+05
1707, 2.500000000e-02, 1.666666667e-03, 6.666666667e-03, 1.148511443e+00, 1.171481672e+02, 5.813138757e+01, -1.453284689e+01, 2.450227577e+05
1708, 2.500000000e-02, 1.666666667e-03, 8.333333333e-03, 1.148511443e+00, 1.171481672e+02, 7.266423447e+01, -1.453284689e+01, 2.458502779e+05
1709, 2.500000000e-02, 1.666666667e-03, 1.000000000e-02, 1.148511443e+00, 1.171481672e+02, 8.719708136e+01, -1.453284689e+01, 2.468616914e+05
1710, 2.500000000e-02, 1.666666667e-03, 1.166666667e-02, 1.148511443e+00, 1.171481672e+02, 1.017299283e+02, -1.453284689e+01, 2.480569983e+05
1711, 2.500000000e-02, 1.666666667e-03, 1.333333333e-02, 1.148511443e+00, 1.171481672e+02, 1.162627751e+02, -1.453284689e+01, 2.494361986e+05
1712, 2.500000000e-02, 1.666666667e-03, 1.500000000e-02, 1.148511443e+00, 1.171481672e+02, 1.307956220e+02, -1.453284689e+01, 2.509992922e+05
1713, 2.500000000e-02, 1.666666667e-03, 1.666666667e-02, 1.148511443e+00, 1.171481672e+02, 1.453284689e+02, -1.453284689e+01, 2.527462792e+05
1714, 2.500000000e-02, 1.666666667e-03, 1.833333333e-02, 1.148511443e+00, 1.171481672e+02, 1.598613158e+02, -1.453284689e+01, 2.546771596e+05
1715, 2.500000000e-02, 1.666666667e-03, 2.000000000e-02, 1.148511443e+00, 1.171481672e+02, 1.743941627e+02, -1.453284689e+01, 2.567919333e+05
1716, 2.500000000e-02, 3.333333333e-03, 0.000000000e+00, 1.148511443e+00, 1.171481672e+02, 0.000000000e+00, -2.906569379e+01, 2.438274508e+05
1717, 2.500000000e-02, 3.333333333e-03, 1.666666667e-03, 1.148511443e+00, 1.171481672e+02, 1.453284689e+01, -2.906569379e+01, 2.439193975e+05
1718, 2.500000000e-02, 3.333333333e-03, 3.333333333e-03, 1.148511443e+00, 1.171481672e+02, 2.906569379e+01, -2.906569379e+01, 2.441952375e+05
1719, 2.500000000e-02, 3.333333333e-03, 5.000000000e-03, 1.148511443e+00, 1.171481672e+02, 4.359854068e+01, -2.906569379e+01, 2.446549710e+05
1720, 2.500000000e-02, 3.333333333e-03, 6.666666667e-03, 1.148511443e+00, 1.171481672e+02, 5.813138757e+01, -2.906569379e+01, 2.452985978e+05
1721, 2.500000000e-02, 3.333333333e-03, 8.333333333e-03, 1.148511443e+00, 1.171481672e+02, 7.266423447e+01, -2.906569379e+01, 2.461261179e+05
1722, 2.500000000e-02, 3.333333333e-03, 1.000000000e-02, 1.148511443e+00, 1.171481672e+02, 8.719708136e+01, -2.906569379e+01, 2.471375315e+05
1723, 2.500000000e-02, 3.333333333e-03, 1.166666667e-02, 1.148511443e+00, 1.171481672e+02, 1.017299283e+02, -2.906569379e+01, 2.483328384e+05
1724, 2.500000000e-02, 3.333333333e-03, 1.333333333e-02, 1.148511443e+00, 1.171481672e+02, 1.162627751e+02, -2.906569379e+01, 2.497120386e+05
1725, 2.500000000e-02, 3.333333333e-03, 1.500000000e-02, 1.148511443e+00, 1.171481672e+02, 1.307956220e+02, -2.906569379e+01, 2.512751323e+05
1726, 2.500000000e-02, 3.333333333e-03, 1.666666667e-02, 1.148511443e+00, 1.171481672e+02, 1.453284689e+02, -2.906569379e+01, 2.530221193e+05
1727, 2.500000000e-02, 3.333333333e-03, 1.833333333e-02, 1.148511443e+00, 1.171481672e+02, 1.598613158e+02, -2.906569379e+01, 2.549529996e+05
1728, 2.500000000e-02, 3.333333333e-03, 2.000000000e-02, 1.148511443e+00, 1.171481672e+02, 1.743941627e+02, -2.906569379e+01, 2.570677734e+05
1729, 2.500000000e-02, 5.000000000e-03, 0.000000000e+00, 1.148511443e+00, 1.171481672e+02, 0.000000000e+00, -4.359854068e+01, 2.442871842e+05
1730, 2.500000000e-02, 5.000000000e-03, 1.666666667e-03, 1.148511443e+00, 1.171481672e+02, 1.453284689e+01, -4.359854068e+01, 2.443791309e+05
1731, 2.500000000e-02, 5.000000000e-03, 3.333333333e-03, 1.148511443e+00, 1.171481672e+02, 2.906569379e+01, -4.359854068e+01, 2.446549710e+05
1732, 2.500000000e-02, 5.000000000e-03, 5.000000000e-03, 1.148511443e+00, 1.171481672e+02, 4.359854068e+01, -4.359854068e+01, 2.451147044e+05
1733, 2.500000000e-02, 5.000000000e-03, 6.666666667e-03, 1.148511443e+00, 1.171481672e+02, 5.813138757e+01, -4.359854068e+01, 2.457583312e+05
1734, 2.500000000e-02, 5.000000000e-03, 8.333333333e-03, 1.148511443e+00, 1.171481672e+02, 7.266423447e+01, -4.359854068e+01, 2.465858513e+05
1735, 2.500000000e-02, 5.000000000e-03, 1.000000000e-02, 1.148511443e+00, 1.171481672e+02, 8.719708136e+01, -4.359854068e+01, 2.475972649e+05
1736, 2.500000000e-02, 5.000000000e-03, 1.166666667e-02, 1.148511443e+00, 1.171481672e+02, 1.017299283e+02, -4.359854068e+01, 2.487925718e+05
1737, 2.500000000e-02, 5.000000000e-03, 1.333333333e-02, 1.148511443e+00, 1.171481672e+02, 1.162627751e+02, -4.359854068e+01, 2.501717720e+05
1738, 2.500000000e-02, 5.000000000e-03, 1.500000000e-02, 1.148511443e+00, 1.171481672e+02, 1.307956220e+02, -4.359854068e+01, 2.517348657e+05
1739, 2.500000000e-02, 5.000000000e-03, 1.666666667e-02, 1.148511443e+00, 1.171481672e+02, 1.453284689e+02, -4.359854068e+01, 2.534818527e+05
1740, 2.500000000e-02, 5.000000000e-03, 1.833333333e-02, 1.148511443e+00, 1.171481672e+02, 1.598613158e+02, -4.359854068e+01, 2.554127331e+05
1741, 2.500000000e-02, 5.000000000e-03, 2.000000000e-02, 1.148511443e+00, 1.171481672e+02, 1.743941627e+02, -4.359854068e+01, 2.575275068e+05
1742, 2.500000000e-02, 6.666666667e-03, 0.000000000e+00, 1.148511443e+00, 1.171481672e+02, 0.000000000e+00, -5.813138757e+01, 2.449308110e+05
1743, 2.500000000e-02, 6.666666667e-03, 1.666666667e-03, 1.148511443e+00, 1.171481672e+02, 1.453284689e+01, -5.813138757e+01, 2.450227577e+05
1744, 2.500000000e-02, 6.666666667e-03, 3.333333333e-03, 1.148511443e+00, 1.171481672e+02, 2.906569379e+01, -5.813138757e+01, 2.452985978e+05
1745, 2.500000000e-02, 6.666666667e-03, 5.000000000e-03, 1.148511443e+00, 1.171481672e+02, 4.359854068e+01, -5.813138757e+01, 2.457583312e+05
1746, 2.500000000e-02, 6.666666667e-03, 6.666666667e-03, 1.148511443e+00, 1.171481672e+02, 5.813138757e+01, -5.813138757e+01, 2.464019580e+05
1747, 2.500000000e-02, 6.666666667e-03, 8.333333333e-03, 1.148511443e+00, 1.171481672e+02, 7.266423447e+01, -5.813138757e+01, 2.472294781e+05
1748, 2.500000000e-02, 6.666666667e-03, 1.000000000e-02, 1.148511443e+00, 1.171481672e+02, 8.719708136e+01, -5.813138757e+01, 2.482408917e+05
1749, 2.500000000e-02, 6.666666667e-03, 1.166666667e-02, 1.148511443e+00, 1.171481672e+02, 1.017299283e+02, -5.813138757e+01, 2.494361986e+05
1750, 2.500000000e-02, 6.666666667e-03, 1.333333333e-02, 1.148511443e+00, 1.171481672e+02, 1.162627751e+02, -5.813138757e+01, 2.508153988e+05
1751, 2.500000000e-02, 6.666666667e-03, 1.500000000e-02, 1.148511443e+00, 1.171481672e+02, 1.307956220e+02, -5.813138757e+01, 2.523784925e+05
1752, 2.500000000e-02, 6.666666667e-03, 1.666666667e-02, 1.148511443e+00, 1.171481672e+02, 1.453284689e+02, -5.813138757e+01, 2.541254795e+05
1753, 2.500000000e-02, 6.666666667e-03, 1.833333333e-02, 1.148511443e+00, 1.171481672e+02, 1.598613158e+02, -5.813138757e+01, 2.560563599e+05
1754, 2.500000000e-02, 6.666666667e-03, 2.000000000e-02, 1.148511443e+00, 1.171481672e+02, 1.743941627e+02, -5.813138757e+01, 2.581711336e+05
1755, 2.500000000e-02, 8.333333333e-03, 0.000000000e+00, 1.148511443e+00, 1.171481672e+02, 0.000000000e+00, -7.266423447e+01, 2.457583312e+05
1756, 2.500000000e-02, 8.333333333e-03, 1.666666667e-03, 1.148511443e+00, 1.171481672e+02, 1.453284689e+01, -7.266423447e+01, 2.458502779e+05
1757, 2.500000000e-02, 8.333333333e-03, 3.333333333e-03, 1.148511443e+00, 1.171481672e+02, 2.906569379e+01, -7.266423447e+01, 2.461261179e+05
1758, 2.500000000e-02, 8.333333333e-03, 5.000000000e-03, 1.148511443e+00, 1.171481672e+02, 4.359854068e+01, -7.266423447e+01, 2.465858513e+05
1759, 2.500000000e-02, 8.333333333e-03, 6.666666667e-03, 1.148511443e+00, 1.171481672e+02, 5.813138757e+01, -7.266423447e+01, 2.472294781e+05
1760, 2.500000000e-02, 8.333333333e-03, 8.333333333e-03, 1.148511443e+00, 1.171481672e+02, 7.266423447e+01, -7.266423447e+01, 2.480569983e+05
1761, 2.500000000e-02, 8.333333333e-03, 1.000000000e-02, 1.148511443e+00, 1.171481672e+02, 8.719708136e+01, -7.266423447e+01, 2.490684118e+05
1762, 2.500000000e-02, 8.333333333e-03, 1.166666667e-02, 1.148511443e+00, 1.171481672e+02, 1.017299283e+02, -7.266423447e+01, 2.502637187e+05
1763, 2.500000000e-02, 8.333333333e-03, 1.333333333e-02, 1.148511443e+00, 1.171481672e+02, 1.162627751e+02, -7.266423447e+01, 2.516429190e+05
1764, 2.500000000e-02, 8.333333333e-03, 1.500000000e-02, 1.148511443e+00, 1.171481672e+02, 1.307956220e+02, -7.266423447e+01, 2.532060126e+05
1765, 2.500000000e-02, 8.333333333e-03, 1.666666667e-02, 1.148511443e+00, 1.171481672e+02, 1.453284689e+02, -7.266423447e+01, 2.549529996e+05
1766, 2.500000000e-02, 8.333333333e-03, 1.833333333e-02, 1.148511443e+00, 1.171481672e+02, 1.598613158e+02, -7.266423447e+01, 2.568838800e+05
1767, 2.500000000e-02, 8.333333333e-03, 2.000000000e-02, 1.148511443e+00, 1.171481672e+02, 1.743941627e+02, -7.266423447e+01, 2.589986538e+05
1768, 2.500000000e-02, 1.000000000e-02, 0.000000000e+00, 1.148511443e+00, 1.171481672e+02, 0.000000000e+00, -8.719708136e+01, 2.467697447e+05
1769, 2.500000000e-02, 1.000000000e-02, 1.666666667e-03, 1.148511443e+00, 1.171481672e+02, 1.453284689e+01, -8.719708136e+01, 2.468616914e+05
1770, 2.500000000e-02, 1.000000000e-02, 3.333333333e-03, 1.148511443e+00, 1.171481672e+02, 2.906569379e+01, -8.719708136e+01, 2.471375315e+05
1771, 2.500000000e-02, 1.000000000e-02, 5.000000000e-03, 1.148511443e+00, 1.171481672e+02, 4.359854068e+01, -8.719708136e+01, 2.475972649e+05
1772, 2.500000000e-02, 1.000000000e-02, 6.666666667e-03, 1.148511443e+00, 1.171481672e+02, 5.813138757e+01, -8.719708136e+01, 2.482408917e+05
1773, 2.500000000e-02, 1.000000000e-02, 8.333333333e-03, 1.148511443e+00, 1.171481672e+02, 7.266423447e+01, -8.719708136e+01, 2.490684118e+05
1774, 2.500000000e-02, 1.000000000e-02, 1.000000000e-02, 1.148511443e+00, 1.171481672e+02, 8.719708136e+01, -8.719708136e+01, 2.500798254e+05
1775, 2.500000000e-02, 1.000000000e-02, 1.166666667e-02, 1.148511443e+00, 1.171481672e+02, 1.017299283e+02, -8.719708136e+01, 2.512751323e+05
1776, 2.500000000e-02, 1.000000000e-02, 1.333333333e-02, 1.148511443e+00, 1.171481672e+02, 1.162627751e+02, -8.719708136e+01, 2.526543325e+05
1777, 2.500000000e-02, 1.000000000e-02, 1.500000000e-02, 1.148511443e+00, 1.171481672e+02, 1.307956220e+02, -8.719708136e+01, 2.542174262e+05
1778, 2.500000000e-02, 1.000000000e-02, 1.666666667e-02, 1.148511443e+00, 1.171481672e+02, 1.453284689e+02, -8.719708136e+01, 2.559644132e+05
1779, 2.500000000e-02, 1.000000000e-02, 1.833333333e-02, 1.148511443e+00, 1.171481672e+02, 1.598613158e+02, -8.719708136e+01, 2.578952935e+05
1780, 2.500000000e-02, 1.000000000e-02, 2.000000000e-02, 1.148511443e+00, 1.171481672e+02, 1.743941627e+02, -8.719708136e+01, 2.600100673e+05
1781, 2.500000000e-02, 1.166666667e-02, 0.000000000e+00, 1.148511443e+00, 1.171481672e+02, 0.000000000e+00, -1.017299283e+02, 2.479650516e+05
1782, 2.500000000e-02, 1.166666667e-02, 1.666666667e-03, 1.148511443e+00, 1.171481672e+02, 1.453284689e+01, -1.017299283e+02, 2.480569983e+05
1783, 2.500000000e-02, 1.166666667e-02, 3.333333333e-03, 1.148511443e+00, 1.171481672e+02, 2.906569379e+01, -1.017299283e+02, 2.483328384e+05
1784, 2.500000000e-02, 1.166666667e-02, 5.000000000e-03, 1.148511443e+00, 1.171481672e+02, 4.359854068e+01, -1.017299283e+02, 2.487925718e+05
1785, 2.500000000e-02, 1.166666667e-02, 6.666666667e-03, 1.148511443e+00, 1.171481672e+02, 5.813138757e+01, -1.017299283e+02, 2.494361986e+05
1786, 2.500000000e-02, 1.166666667e-02, 8.333333333e-03, 1.148511443e+00, 1.171481672e+02, 7.266423447e+01, -1.017299283e+02, 2.502637187e+05
1787, 2.500000000e-02, 1.166666667e-02, 1.000000000e-02, 1.148511443e+00, 1.171481672e+02, 8.719708136e+01, -1.017299283e+02, 2.512751323e+05
1788, 2.500000000e-02, 1.166666667e-02, 1.166666667e-02, 1.148511443e+00, 1.171481672e+02, 1.017299283e+02, -1.017299283e+02, 2.524704392e+05
1789, 2.500000000e-02, 1.166666667e-02, 1.333333333e-02, 1.148511443e+00, 1.171481672e+02, 1.162627751e+02, -1.017299283e+02, 2.538496394e+05
1790, 2.500000000e-02, 1.166666667e-02, 1.500000000e-02, 1.148511443e+00, 1.171481672e+02, 1.307956220e+02, -1.017299283e+02, 2.554127331e+05
1791, 2.500000000e-02, 1.166666667e-02, 1.666666667e-02, 1.148511443e+00, 1.171481672e+02, 1.453284689e+02, -1.017299283e+02, 2.571597201e+05
1792, 2.500000000e-02, 1.166666667e-02, 1.833333333e-02, 1.148511443e+00, 1.171481672e+02, 1.598613158e+02, -1.017299283e+02, 2.590906004e+05
1793, 2.500000000e-02, 1.166666667e-02, 2.000000000e-02, 1.148511443e+00, 1.171481672e+02, 1.743941627e+02, -1.017299283e+02, 2.612053742e+05
1794, 2.500000000e-02, 1.333333333e-02, 0.000000000e+00, 1.148511443e+00, 1.171481672e+02, 0.000000000e+00, -1.162627751e+02, 2.493442519e+05
1795, 2.500000000e-02, 1.333333333e-02, 1.666666667e-03, 1.148511443e+00, 1.171481672e+02, 1.453284689e+01, -1.162627751e+02, 2.494361986e+05
1796, 2.500000000e-02, 1.333333333e-02, 3.333333333e-03, 1.148511443e+00, 1.171481672e+02, 2.906569379e+01, -1.162627751e+02, 2.497120386e+05
1797, 2.500000000e-02, 1.333333333e-02, 5.000000000e-03, 1.148511443e+00, 1.171481672e+02, 4.359854068e+01, -1.162627751e+02, 2.501717720e+05
1798, 2.500000000e-02, 1.333333333e-02, 6.666666667e-03, 1.148511443e+00, 1.171481672e+02, 5.813138757e+01, -1.162627751e+02, 2.508153988e+05
1799, 2.500000000e-02, 1.333333333e-02, 8.333333333e-03, 1.148511443e+00, 1.171481672e+02, 7.266423447e+01, -1.162627751e+02, 2.516429190e+05
1800, 2.500000000e-02, 1.333333333e-02, 1.000000000e-02, 1.148511443e+00, 1.171481672e+02, 8.719708136e+01, -1.162627751e+02, 2.526543325e+05
1801, 2.500000000e-02, 1.333333333e-02, 1.166666667e-02, 1.148511443e+00, 1.171481672e+02, 1.017299283e+02, -1.162627751e+02, 2.538496394e+05
1802, 2.500000000e-02, 1.333333333e-02, 1.333333333e-02, 1.148511443e+00, 1.171481672e+02, 1.162627751e+02, -1.162627751e+02, 2.552288397e+05
1803, 2.500000000e-02, 1.333333333e-02, 1.500000000e-02, 1.148511443e+00, 1.171481672e+02, 1.307956220e+02, -1.162627751e+02, 2.567919333e+05
1804, 2.500000000e-02, 1.333333333e-02, 1.666666667e-02, 1.148511443e+00, 1.171481672e+02, 1.453284689e+02, -1.162627751e+02, 2.585389203e+05
1805, 2.500000000e-02, 1.333333333e-02, 1.833333333e-02, 1.148511443e+00, 1.171481672e+02, 1.598613158e+02, -1.162627751e+02, 2.604698007e+05
1806, 2.500000000e-02, 1.333333333e-02, 2.000000000e-02, 1.148511443e+00, 1.171481672e+02, 1.743941627e+02, -1.162627751e+02, 2.625845745e+05
1807, 2.500000000e-02, 1.500000000e-02, 0.000000000e+00, 1.148511443e+00, 1.171481672e+02, 0.000000000e+00, -1.307956220e+02, 2.509073455e+05
1808, 2.500000000e-02, 1.500000000e-02, 1.666666667e-03, 1.148511443e+00, 1.171481672e+02, 1.453284689e+01, -1.307956220e+02, 2.509992922e+05
1809, 2.500000000e-02, 1.500000000e-02, 3.333333333e-03, 1.148511443e+00, 1.171481672e+02, 2.906569379e+01, -1.307956220e+02, 2.512751323e+05
1810, 2.500000000e-02, 1.500000000e-02, 5.000000000e-03, 1.148511443e+00, 1.171481672e+02, 4.359854068e+01, -1.307956220e+02, 2.517348657e+05
1811, 2.500000000e-02, 1.500000000e-02, 6.666666667e-03, 1.148511443e+00, 1.171481672e+02, 5.813138757e+01, -1.307956220e+02, 2.523784925e+05
1812, 2.500000000e-02, 1.500000000e-02, 8.333333333e-03, 1.148511443e+00, 1.171481672e+02, 7.266423447e+01, -1.307956220e+02, 2.532060126e+05
1813, 2.500000000e-02, 1.500000000e-02, 1.000000000e-02, 1.148511443e+00, 1.171481672e+02, 8.719708136e+01, -1.307956220e+02, 2.542174262e+05
1814, 2.500000000e-02, 1.500000000e-02, 1.166666667e-02, 1.148511443e+00, 1.171481672e+02, 1.017299283e+02, -1.307956220e+02, 2.554127331e+05
1815, 2.500000000e-02, 1.500000000e-02, 1.333333333e-02, 1.148511443e+00, 1.171481672e+02, 1.162627751e+02, -1.307956220e+02, 2.567919333e+05
1816, 2.500000000e-02, 1.500000000e-02, 1.500000000e-02, 1.148511443e+00, 1.171481672e+02, 1.307956220e+02, -1.307956220e+02, 2.583550270e+05
1817, 2.500000000e-02, 1.500000000e-02, 1.666666667e-02, 1.148511443e+00, 1.171481672e+02, 1.453284689e+02, -1.307956220e+02, 2.601020140e+05
1818, 2.500000000e-02, 1.500000000e-02, 1.833333333e-02, 1.148511443e+00, 1.171481672e+02, 1.598613158e+02, -1.307956220e+02, 2.620328944e+05
1819, 2.500000000e-02, 1.500000000e-02, 2.000000000e-02, 1.148511443e+00, 1.171481672e+02, 1.743941627e+02, -1.307956220e+02, 2.641476681e+05
1820, 2.500000000e-02, 1.666666667e-02, 0.000000000e+00, 1.148511443e+00, 1.171481672e+02, 0.000000000e+00, -1.453284689e+02, 2.526543325e+05
1821, 2.500000000e-02, 1.666666667e-02, 1.666666667e-03, 1.148511443e+00, 1.171481672e+02, 1.453284689e+01, -1.453284689e+02, 2.527462792e+05
1822, 2.500000000e-02, 1.666666667e-02, 3.333333333e-03, 1.148511443e+00, 1.171481672e+02, 2.906569379e+01, -1.453284689e+02, 2.530221193e+05
1823, 2.500000000e-02, 1.666666667e-02, 5.000000000e-03, 1.148511443e+00, 1.171481672e+02, 4.359854068e+01, -1.453284689e+02, 2.534818527e+05
1824, 2.500000000e-02, 1.666666667e-02, 6.666666667e-03, 1.148511443e+00, 1.171481672e+02, 5.813138757e+01, -1.453284689e+02, 2.541254795e+05
1825, 2.500000000e-02, 1.666666667e-02, 8.333333333e-03, 1.148511443e+00, 1.171481672e+02, 7.266423447e+01, -1.453284689e+02, 2.549529996e+05
1826, 2.500000000e-02, 1.666666667e-02, 1.000000000e-02, 1.148511443e+00, 1.171481672e+02, 8.719708136e+01, -1.453284689e+02, 2.559644132e+05
1827, 2.500000000e-02, 1.666666667e-02, 1.166666667e-02, 1.148511443e+00, 1.171481672e+02, 1.017299283e+02, -1.453284689e+02, 2.571597201e+05
1828, 2.500000000e-02, 1.666666667e-02, 1.333333333e-02, 1.148511443e+00, 1.171481672e+02, 1.162627751e+02, -1.453284689e+02, 2.585389203e+05
1829, 2.500000000e-02, 1.666666667e-02, 1.500000000e-02, 1.148511443e+00, 1.171481672e+02, 1.307956220e+02, -1.453284689e+02, 2.601020140e+05
1830, 2.500000000e-02, 1.666666667e-02, 1.666666667e-02, 1.148511443e+00, 1.171481672e+02, 1.453284689e+02, -1.453284689e+02, 2.618490010e+05
1831, 2.500000000e-02, 1.666666667e-02, 1.833333333e-02, 1.148511443e+00, 1.171481672e+02, 1.598613158e+02, -1.453284689e+02, 2.637798814e+05
1832, 2.500000000e-02, 1.666666667e-02, 2.000000000e-02, 1.148511443e+00, 1.171481672e+02, 1.743941627e+02, -1.453284689e+02, 2.658946551e+05
1833, 2.500000000e-02, 1.833333333e-02, 0.000000000e+00, 1.148511443e+00, 1.171481672e+02, 0.000000000e+00, -1.598613158e+02, 2.545852129e+05
1834, 2.500000000e-02, 1.833333333e-02, 1.666666667e-03, 1.148511443e+00, 1.171481672e+02, 1.453284689e+01, -1.598613158e+02, 2.546771596e+05
1835, 2.500000000e-02, 1.833333333e-02, 3.333333333e-03, 1.148511443e+00, 1.171481672e+02, 2.906569379e+01, -1.598613158e+02, 2.549529996e+05
1836, 2.500000000e-02, 1.833333333e-02, 5.000000000e-03, 1.148511443e+00, 1.171481672e+02, 4.359854068e+01, -1.598613158e+02, 2.554127331e+05
1837, 2.500000000e-02, 1.833333333e-02, 6.666666667e-03, 1.148511443e+00, 1.171481672e+02, 5.813138757e+01, -1.598613158e+02, 2.560563599e+05
1838, 2.500000000e-02, 1.833333333e-02, 8.333333333e-03, 1.148511443e+00, 1.171481672e+02, 7.266423447e+01, -1.598613158e+02, 2.568838800e+05
1839, 2.500000000e-02, 1.833333333e-02, 1.000000000e-02, 1.148511443e+00, 1.171481672e+02, 8.719708136e+01, -1.598613158e+02, 2.578952935e+05
1840, 2.500000000e-02, 1.833333333e-02, 1.166666667e-02, 1.148511443e+00, 1.171481672e+02, 1.017299283e+02, -1.598613158e+02, 2.590906004e+05
1841, 2.500000000e-02, 1.833333333e-02, 1.333333333e-02, 1.148511443e+00, 1.171481672e+02, 1.162627751e+02, -1.598613158e+02, 2.604698007e+05
1842, 2.500000000e-02, 1.833333333e-02, 1.500000000e-02, 1.148511443e+00, 1.171481672e+02, 1.307956220e+02, -1.598613158e+02, 2.620328944e+05
1843, 2.500000000e-02, 1.833333333e-02, 1.666666667e-02, 1.148511443e+00, 1.171481672e+02, 1.453284689e+02, -1.598613158e+02, 2.637798814e+05
1844, 2.500000000e-02, 1.833333333e-02, 1.833333333e-02, 1.148511443e+00, 1.171481672e+02, 1.598613158e+02, -1.598613158e+02, 2.657107617e+05
1845, 2.500000000e-02, 1.833333333e-02, 2.000000000e-02, 1.148511443e+00, 1.171481672e+02, 1.743941627e+02, -1.598613158e+02, 2.678255355e+05
1846, 2.500000000e-02, 2.000000000e-02, 0.000000000e+00, 1.148511443e+00, 1.171481672e+02, 0.000000000e+00, -1.743941627e+02, 2.566999866e+05
1847, 2.500000000e-02, 2.000000000e-02, 1.666666667e-03, 1.148511443e+00, 1.171481672e+02, 1.453284689e+01, -1.743941627e+02, 2.567919333e+05
1848, 2.500000000e-02, 2.000000000e-02, 3.333333333e-03, 1.148511443e+00, 1.171481672e+02, 2.906569379e+01, -1.743941627e+02, 2.570677734e+05
1849, 2.500000000e-02, 2.000000000e-02, 5.000000000e-03, 1.148511443e+00, 1.171481672e+02, 4.359854068e+01, -1.743941627e+02, 2.575275068e+05
1850, 2.500000000e-02, 2.000000000e-02, 6.666666667e-03, 1.148511443e+00, 1.171481672e+02, 5.813138757e+01, -1.743941627e+02, 2.581711336e+05
1851, 2.500000000e-02, 2.000000000e-02, 8.333333333e-03, 1.148511443e+00, 1.171481672e+02, 7.266423447e+01, -1.743941627e+02, 2.589986538e+05
1852, 2.500000000e-02, 2.000000000e-02, 1.000000000e-02, 1.148511443e+00, 1.171481672e+02, 8.719708136e+01, -1.743941627e+02, 2.600100673e+05
1853, 2.500000000e-02, 2.000000000e-02, 1.166666667e-02, 1.148511443e+00, 1.171481672e+02, 1.017299283e+02, -1.743941627e+02, 2.612053742e+05
1854, 2.500000000e-02, 2.000000000e-02, 1.333333333e-02, 1.148511443e+00, 1.171481672e+02, 1.162627751e+02, -1.743941627e+02, 2.625845745e+05
1855, 2.500000000e-02, 2.000000000e-02, 1.500000000e-02, 1.148511443e+00, 1.171481672e+02, 1.307956220e+02, -1.743941627e+02, 2.641476681e+05
1856, 2.500000000e-02, 2.000000000e-02, 1.666666667e-02, 1.148511443e+00, 1.171481672e+02, 1.453284689e+02, -1.743941627e+02, 2.658946551e+05
1857, 2.500000000e-02, 2.000000000e-02, 1.833333333e-02, 1.148511443e+00, 1.171481672e+02, 1.598613158e+02, -1.743941627e+02, 2.678255355e+05
1858, 2.500000000e-02, 2.000000000e-02, 2.000000000e-02, 1.148511443e+00, 1.171481672e+02, 1.743941627e+02, -1.743941627e+02, 2.699403092e+05
1859, 2.750000000e-02, 0.000000000e+00, 0.000000000e+00, 1.148511443e+00, 1.171481672e+02, 0.000000000e+00, 0.000000000e+00, 2.434596641e+05
1860, 2.750000000e-02, 0.000000000e+00, 1.666666667e-03, 1.148511443e+00, 1.171481672e+02, 1.453284689e+01, 0.000000000e+00, 2.435516108e+05
1861, 2.750000000e-02, 0.000000000e+00, 3.333333333e-03, 1.148511443e+00, 1.171481672e+02, 2.906569379e+01, 0.000000000e+00, 2.438274508e+05
1862, 2.750000000e-02, 0.000000000e+00, 5.000000000e-03, 1.148511443e+00, 1.171481672e+02, 4.359854068e+01, 0.000000000e+00, 2.442871842e+05
1863, 2.750000000e-02, 0.000000000e+00, 6.666666667e-03, 1.148511443e+00, 1.171481672e+02, 5.813138757e+01, 0.000000000e+00, 2.449308110e+05
1864, 2.750000000e-02, 0.000000000e+00, 8.333333333e-03, 1.148511443e+00, 1.171481672e+02, 7.266423447e+01, 0.000000000e+00, 2.457583312e+05
1865, 2.750000000e-02, 0.000000000e+00, 1.000000000e-02, 1.148511443e+00, 1.171481672e+02, 8.719708136e+01, 0.000000000e+00, 2.467697447e+05
1866, 2.750000000e-02, 0.000000000e+00, 1.166666667e-02, 1.148511443e+00, 1.171481672e+02, 1.017299283e+02, 0.000000000e+00, 2.479650516e+05
1867, 2.750000000e-02, 0.000000000e+00, 1.333333333e-02, 1.148511443e+00, 1.171481672e+02, 1.162627751e+02, 0.000000000e+00, 2.493442519e+05
1868, 2.750000000e-02, 0.000000000e+00, 1.500000000e-02, 1.148511443e+00, 1.171481672e+02, 1.307956220e+02, 0.000000000e+00, 2.509073455e+05
1869, 2.750000000e-02, 0.000000000e+00, 1.666666667e-02, 1.148511443e+00, 1.171481672e+02, 1.453284689e+02, 0.000000000e+00, 2.526543325e+05
1870, 2.750000000e-02, 0.000000000e+00, 1.833333333e-02, 1.148511443e+00, 1.171481672e+02, 1.598613158e+02, 0.000000000e+00, 2.545852129e+05
1871, 2.750000000e-02, 0.000000000e+00, 2.000000000e-02, 1.148511443e+00, 1.171481672e+02, 1.743941627e+02, 0.000000000e+00, 2.566999866e+05
1872, 2.750000000e-02, 1.666666667e-03, 0.000000000e+00, 1.148511443e+00, 1.171481672e+02, 0.000000000e+00, -1.453284689e+01, 2.435516108e+05
1873, 2.750000000e-02, 1.666666667e-03, 1.666666667e-03, 1.148511443e+00, 1.171481672e+02, 1.453284689e+01, -1.453284689e+01, 2.436435574e+05
1874, 2.750000000e-02, 1.666666667e-03, 3.333333333e-03, 1.148511443e+00, 1.171481672e+02, 2.906569379e+01, -1.453284689e+01, 2.439193975e+05
1875, 2.750000000e-02, 1.666666667e-03, 5.000000000e-03, 1.148511443e+00, 1.171481672e+02, 4.359854068e+01, -1.453284689e+01, 2.443791309e+05
1876, 2.750000000e-02, 1.666666667e-03, 6.666666667e-03, 1.148511443e+00, 1.171481672e+02, 5.813138757e+01, -1.453284689e+01, 2.450227577e+05
1877, 2.750000000e-02, 1.666666667e-03, 8.333333333e-03, 1.148511443e+00, 1.171481672e+02, 7.266423447e+01, -1.453284689e+01, 2.458502779e+05
1878, 2.750000000e-02, 1.666666667e-03, 1.000000000e-02, 1.148511443e+00, 1.171481672e+02, 8.719708136e+01, -1.453284689e+01, 2.468616914e+05
1879, 2.750000000e-02, 1.666666667e-03, 1.166666667e-02, 1.148511443e+00, 1.171481672e+02, 1.017299283e+02, -1.453284689e+01, 2.480569983e+05
1880, 2.750000000e-02, 1.666666667e-03, 1.333333333e-02, 1.148511443e+00, 1.171481672e+02, 1.162627751e+02, -1.453284689e+01, 2.494361986e+05
1881, 2.750000000e-02, 1.666666667e-03, 1.500000000e-02, 1.148511443e+00, 1.171481672e+02, 1.307956220e+02, -1.453284689e+01, 2.509992922e+05
1882, 2.750000000e-02, 1.666666667e-03, 1.666666667e-02, 1.148511443e+00, 1.171481672e+02, 1.453284689e+02, -1.453284689e+01, 2.527462792e+05
1883, 2.750000000e-02, 1.666666667e-03, 1.833333333e-02, 1.148511443e+00, 1.171481672e+02, 1.598613158e+02, -1.453284689e+01, 2.546771596e+05
1884, 2.750000000e-02, 1.666666667e-03, 2.000000000e-02, 1.148511443e+00, 1.171481672e+02, 1.743941627e+02, -1.453284689e+01, 2.567919333e+05
1885, 2.750000000e-02, 3.333333333e-03, 0.000000000e+00, 1.148511443e+00, 1.171481672e+02, 0.000000000e+00, -2.906569379e+01, 2.438274508e+05
1886, 2.750000000e-02, 3.333333333e-03, 1.666666667e-03, 1.148511443e+00, 1.171481672e+02, 1.453284689e+01, -2.906569379e+01, 2.439193975e+05
1887, 2.750000000e-02, 3.333333333e-03, 3.333333333e-03, 1.148511443e+00, 1.171481672e+02, 2.906569379e+01, -2.906569379e+01, 2.441952375e+05
1888, 2.750000000e-02, 3.333333333e-03, 5.000000000e-03, 1.148511443e+00, 1.171481672e+02, 4.359854068e+01, -2.906569379e+01, 2.446549710e+05
1889, 2.750000000e-02, 3.333333333e-03, 6.666666667e-03, 1.148511443e+00, 1.171481672e+02, 5.813138757e+01, -2.906569379e+01, 2.452985978e+05
1890, 2.750000000e-02, 3.333333333e-03, 8.333333333e-03, 1.148511443e+00, 1.171481672e+02, 7.266423447e+01, -2.906569379e+01, 2.461261179e+05
1891, 2.750000000e-02, 3.333333333e-03, 1.000000000e-02, 1.148511443e+00, 1.171481672e+02, 8.719708136e+01, -2.906569379e+01, 2.471375315e+05
1892, 2.750000000e-02, 3.333333333e-03, 1.166666667e-02, 1.148511443e+00, 1.171481672e+02, 1.017299283e+02, -2.906569379e+01, 2.483328384e+05
1893, 2.750000000e-02, 3.333333333e-03, 1.333333333e-02, 1.148511443e+00, 1.171481672e+02, 1.162627751e+02, -2.906569379e+01, 2.497120386e+05
1894, 2.750000000e-02, 3.333333333e-03, 1.500000000e-02, 1.148511443e+00, 1.171481672e+02, 1.307956220e+02, -2.906569379e+01, 2.512751323e+05
1895, 2.750000000e-02, 3.333333333e-03, 1.666666667e-02, 1.148511443e+00, 1.171481672e+02, 1.453284689e+02, -2.906569379e+01, 2.530221193e+05
1896, 2.750000000e-02, 3.333333333e-03, 1.833333333e-02, 1.148511443e+00, 1.171481672e+02, 1.598613158e+02, -2.906569379e+01, 2.549529996e+05
1897, 2.750000000e-02, 3.333333333e-03, 2.000000000e-02, 1.148511443e+00, 1.171481672e+02, 1.743941627e+02, -2.906569379e+01, 2.570677734e+05
1898, 2.750000000e-02, 5.000000000e-03, 0.000000000e+00, 1.148511443e+00, 1.171481672e+02, 0.000000000e+00, -4.359854068e+01, 2.442871842e+05
1899, 2.750000000e-02, 5.000000000e-03, 1.666666667e-03, 1.148511443e+00, 1.171481672e+02, 1.453284689e+01, -4.359854068e+01, 2.443791309e+05
1900, 2.750000000e-02, 5.000000000e-03, 3.333333333e-03, 1.148511443e+00, 1.171481672e+02, 2.906569379e+01, -4.359854068e+01, 2.446549710e+05
1901, 2.750000000e-02, 5.000000000e-03, 5.000000000e-03, 1.148511443e+00, 1.171481672e+02, 4.359854068e+01, -4.359854068e+01, 2.451147044e+05
1902, 2.750000000e-02, 5.000000000e-03, 6.666666667e-03, 1.148511443e+00, 1.171481672e+02, 5.813138757e+01, -4.359854068e+01, 2.457583312e+05
1903, 2.750000000e-02, 5.000000000e-03, 8.333333333e-03, 1.148511443e+00, 1.171481672e+02, 7.266423447e+01, -4.359854068e+01, 2.465858513e+05
1904, 2.750000000e-02, 5.000000000e-03, 1.000000000e-02, 1.148511443e+00, 1.171481672e+02, 8.719708136e+01, -4.359854068e+01, 2.475972649e+05
1905, 2.750000000e-02, 5.000000000e-03, 1.166666667e-02, 1.148511443e+00, 1.171481672e+02, 1.017299283e+02, -4.359854068e+01, 2.487925718e+05
1906, 2.750000000e-02, 5.000000000e-03, 1.333333333e-02, 1.148511443e+00, 1.171481672e+02, 1.162627751e+02, -4.359854068e+01, 2.501717720e+05
1907, 2.750000000e-02, 5.000000000e-03, 1.500000000e-02, 1.148511443e+00, 1.171481672e+02, 1.307956220e+02, -4.359854068e+01, 2.517348657e+05
1908, 2.750000000e-02, 5.000000000e-03, 1.666666667e-02, 1.148511443e+00, 1.171481672e+02, 1.453284689e+02, -4.359854068e+01, 2.534818527e+05
1909, 2.750000000e-02, 5.000000000e-03, 1.833333333e-02, 1.148511443e+00, 1.171481672e+02, 1.598613158e+02, -4.359854068e+01, 2.554127331e+05
1910, 2.750000000e-02, 5.000000000e-03, 2.000000000e-02, 1.148511443e+00, 1.171481672e+02, 1.743941627e+02, -4.359854068e+01, 2.575275068e+05
1911, 2.750000000e-02, 6.666666667e-03, 0.000000000e+00, 1.148511443e+00, 1.171481672e+02, 0.000000000e+00, -5.813138757e+01, 2.449308110e+05
1912, 2.750000000e-02, 6.666666667e-03, 1.666666667e-03, 1.148511443e+00, 1.171481672e+02, 1.453284689e+01, -5.813138757e+01, 2.450227577e+05
1913, 2.750000000e-02, 6.666666667e-03, 3.333333333e-03, 1.148511443e+00, 1.171481672e+02, 2.906569379e+01, -5.813138757e+01, 2.452985978e+05
1914, 2.750000000e-02, 6.666666667e-03, 5.000000000e-03, 1.148511443e+00, 1.171481672e+02, 4.359854068e+01, -5.813138757e+01, 2.457583312e+05
1915, 2.750000000e-02, 6.666666667e-03, 6.666666667e-03, 1.148511443e+00, 1.171481672e+02, 5.813138757e+01, -5.813138757e+01, 2.464019580e+05
1916, 2.750000000e-02, 6.666666667e-03, 8.333333333e-03, 1.148511443e+00, 1.171481672e+02, 7.266423447e+01, -5.813138757e+01, 2.472294781e+05
1917, 2.750000000e-02, 6.666666667e-03, 1.000000000e-02, 1.148511443e+00, 1.171481672e+02, 8.719708136e+01, -5.813138757e+01, 2.482408917e+05
1918, 2.750000000e-02, 6.666666667e-03, 1.166666667e-02, 1.148511443e+00, 1.171481672e+02, 1.017299283e+02, -5.813138757e+01, 2.494361986e+05
1919, 2.750000000e-02, 6.666666667e-03, 1.333333333e-02, 1.148511443e+00, 1.171481672e+02, 1.162627751e+02, -5.813138757e+01, 2.508153988e+05
1920, 2.750000000e-02, 6.666666667e-03, 1.500000000e-02, 1.148511443e+00, 1.171481672e+02, 1.307956220e+02, -5.813138757e+01, 2.523784925e+05
1921, 2.750000000e-02, 6.666666667e-03, 1.666666667e-02, 1.148511443e+00, 1.171481672e+02, 1.453284689e+02, -5.813138757e+01, 2.541254795e+05
1922, 2.750000000e-02, 6.666666667e-03, 1.833333333e-02, 1.148511443e+00, 1.171481672e+02, 1.598613158e+02, -5.813138757e+01, 2.560563599e+05
1923, 2.750000000e-02, 6.666666667e-03, 2.000000000e-02, 1.148511443e+00, 1.171481672e+02, 1.743941627e+02, -5.813138757e+01, 2.581711336e+05
1924, 2.750000000e-02, 8.333333333e-03, 0.000000000e+00, 1.148511443e+00, 1.171481672e+02, 0.000000000e+00, -7.266423447e+01, 2.457583312e+05
1925, 2.750000000e-02, 8.333333333e-03, 1.666666667e-03, 1.148511443e+00, 1.171481672e+02, 1.453284689e+01, -7.266423447e+01, 2.458502779e+05
1926, 2.750000000e-02, 8.333333333e-03, 3.333333333e-03, 1.148511443e+00, 1.171481672e+02, 2.906569379e+01, -7.266423447e+01, 2.461261179e+05
1927, 2.750000000e-02, 8.333333333e-03, 5.000000000e-03, 1.148511443e+00, 1.171481672e+02, 4.359854068e+01, -7.266423447e+01, 2.465858513e+05
1928, 2.750000000e-02, 8.333333333e-03, 6.666666667e-03, 1.148511443e+00, 1.171481672e+02, 5.813138757e+01, -7.266423447e+01, 2.472294781e+05
1929, 2.750000000e-02, 8.333333333e-03, 8.333333333e-03, 1.148511443e+00, 1.171481672e+02, 7.266423447e+01, -7.266423447e+01, 2.480569983e+05
1930, 2.750000000e-02, 8.333333333e-03, 1.000000000e-02, 1.148511443e+00, 1.171481672e+02, 8.719708136e+01, -7.266423447e+01, 2.490684118e+05
1931, 2.750000000e-02, 8.333333333e-03, 1.166666667e-02, 1.148511443e+00, 1.171481672e+02, 1.017299283e+02, -7.266423447e+01, 2.502637187e+05
1932, 2.750000000e-02, 8.333333333e-03, 1.333333333e-02, 1.148511443e+00, 1.171481672e+02, 1.162627751e+02, -7.266423447e+01, 2.516429190e+05
1933, 2.750000000e-02, 8.333333333e-03, 1.500000000e-02, 1.148511443e+00, 1.171481672e+02, 1.307956220e+02, -7.266423447e+01, 2.532060126e+05
1934, 2.750000000e-02, 8.333333333e-03, 1.666666667e-02, 1.148511443e+00, 1.171481672e+02, 1.453284689e+02, -7.266423447e+01, 2.549529996e+05
1935, 2.750000000e-02, 8.333333333e-03, 1.833333333e-02, 1.148511443e+00, 1.171481672e+02, 1.598613158e+02, -7.266423447e+01, 2.568838800e+05
1936, 2.750000000e-02, 8.333333333e-03, 2.000000000e-02, 1.148511443e+00, 1.171481672e+02, 1.743941627e+02, -7.266423447e+01, 2.589986538e+05
1937, 2.750000000e-02, 1.000000000e-02, 0.000000000e+00, 1.148511443e+00, 1.171481672e+02, 0.000000000e+00, -8.719708136e+01, 2.467697447e+05
1938, 2.750000000e-02, 1.000000000e-02, 1.666666667e-03, 1.148511443e+00, 1.171481672e+02, 1.453284689e+01, -8.719708136e+01, 2.468616914e+05
1939, 2.750000000e-02, 1.000000000e-02, 3.333333333e-03, 1.148511443e+00, 1.171481672e+02, 2.906569379e+01, -8.719708136e+01, 2.471375315e+05
1940, 2.750000000e-02, 1.000000000e-02, 5.000000000e-03, 1.148511443e+00, 1.171481672e+02, 4.359854068e+01, -8.719708136e+01, 2.475972649e+05
1941, 2.750000000e-02, 1.000000000e-02, 6.666666667e-03, 1.148511443e+00, 1.171481672e+02, 5.813138757e+01, -8.719708136e+01, 2.482408917e+05
1942, 2.750000000e-02, 1.000000000e-02, 8.333333333e-03, 1.148511443e+00, 1.171481672e+02, 7.266423447e+01, -8.719708136e+01, 2.490684118e+05
1943, 2.750000000e-02, 1.000000000e-02, 1.000000000e-02, 1.148511443e+00, 1.171481672e+02, 8.719708136e+01, -8.719708136e+01, 2.500798254e+05
1944, 2.750000000e-02, 1.000000000e-02, 1.166666667e-02, 1.148511443e+00, 1.171481672e+02, 1.017299283e+02, -8.719708136e+01, 2.512751323e+05
1945, 2.750000000e-02, 1.000000000e-02, 1.333333333e-02, 1.148511443e+00, 1.171481672e+02, 1.162627751e+02, -8.719708136e+01, 2.526543325e+05
1946, 2.750000000e-02, 1.000000000e-02, 1.500000000e-02, 1.148511443e+00, 1.171481672e+02, 1.307956220e+02, -8.719708136e+01, 2.542174262e+05
1947, 2.750000000e-02, 1.000000000e-02, 1.666666667e-02, 1.148511443e+00, 1.171481672e+02, 1.453284689e+02, -8.719708136e+01, 2.559644132e+05
1948, 2.750000000e-02, 1.000000000e-02, 1.833333333e-02, 1.148511443e+00, 1.171481672e+02, 1.598613158e+02, -8.719708136e+01, 2.578952935e+05
1949, 2.750000000e-02, 1.000000000e-02, 2.000000000e-02, 1.148511443e+00, 1.171481672e+02, 1.743941627e+02, -8.719708136e+01, 2.600100673e+05
1950, 2.750000000e-02, 1.166666667e-02, 0.000000000e+00, 1.148511443e+00, 1.171481672e+02, 0.000000000e+00, -1.017299283e+02, 2.479650516e+05
1951, 2.750000000e-02, 1.166666667e-02, 1.666666667e-03, 1.148511443e+00, 1.171481672e+02, 1.453284689e+01, -1.017299283e+02, 2.480569983e+05
1952, 2.750000000e-02, 1.166666667e-02, 3.333333333e-03, 1.148511443e+00, 1.171481672e+02, 2.906569379e+01, -1.017299283e+02, 2.483328384e+05
1953, 2.750000000e-02, 1.166666667e-02, 5.000000000e-03, 1.148511443e+00, 1.171481672e+02, 4.359854068e+01, -1.017299283e+02, 2.487925718e+05
1954, 2.750000000e-02, 1.166666667e-02, 6.666666667e-03, 1.148511443e+00, 1.171481672e+02, 5.813138757e+01, -1.017299283e+02, 2.494361986e+05
1955, 2.750000000e-02, 1.166666667e-02, 8.333333333e-03, 1.148511443e+00, 1.171481672e+02, 7.266423447e+01, -1.017299283e+02, 2.502637187e+05
1956, 2.750000000e-02, 1.166666667e-02, 1.000000000e-02, 1.148511443e+00, 1.171481672e+02, 8.719708136e+01, -1.017299283e+02, 2.512751323e+05
1957, 2.750000000e-02, 1.166666667e-02, 1.166666667e-02, 1.148511443e+00, 1.171481672e+02, 1.017299283e+02, -1.017299283e+02, 2.524704392e+05
1958, 2.750000000e-02, 1.166666667e-02, 1.333333333e-02, 1.148511443e+00, 1.171481672e+02, 1.162627751e+02, -1.017299283e+02, 2.538496394e+05
1959, 2.750000000e-02, 1.166666667e-02, 1.500000000e-02, 1.148511443e+00, 1.171481672e+02, 1.307956220e+02, -1.017299283e+02, 2.554127331e+05
1960, 2.750000000e-02, 1.166666667e-02, 1.666666667e-02, 1.148511443e+00, 1.171481672e+02, 1.453284689e+02, -1.017299283e+02, 2.571597201e+05
1961, 2.750000000e-02, 1.166666667e-02, 1.833333333e-02, 1.148511443e+00, 1.171481672e+02, 1.598613158e+02, -1.017299283e+02, 2.590906004e+05
1962, 2.750000000e-02, 1.166666667e-02, 2.000000000e-02, 1.148511443e+00, 1.171481672e+02, 1.743941627e+02, -1.017299283e+02, 2.612053742e+05
1963, 2.750000000e-02, 1.333333333e-02, 0.000000000e+00, 1.148511443e+00, 1.171481672e+02, 0.000000000e+00, -1.162627751e+02, 2.493442519e+05
1964, 2.750000000e-02, 1.333333333e-02, 1.666666667e-03, 1.148511443e+00, 1.171481672e+02, 1.453284689e+01, -1.162627751e+02, 2.494361986e+05
1965, 2.750000000e-02, 1.333333333e-02, 3.333333333e-03, 1.148511443e+00, 1.171481672e+02, 2.906569379e+01, -1.162627751e+02, 2.497120386e+05
1966, 2.750000000e-02, 1.333333333e-02, 5.000000000e-03, 1.148511443e+00, 1.171481672e+02, 4.359854068e+01, -1.162627751e+02, 2.501717720e+05
1967, 2.750000000e-02, 1.333333333e-02, 6.666666667e-03, 1.148511443e+00, 1.171481672e+02, 5.813138757e+01, -1.162627751e+02, 2.508153988e+05
1968, 2.750000000e-02, 1.333333333e-02, 8.333333333e-03, 1.148511443e+00, 1.171481672e+02, 7.266423447e+01, -1.162627751e+02, 2.516429190e+05
1969, 2.750000000e-02, 1.333333333e-02, 1.000000000e-02, 1.148511443e+00, 1.171481672e+02, 8.719708136e+01, -1.162627751e+02, 2.526543325e+05
1970, 2.750000000e-02, 1.333333333e-02, 1.166666667e-02, 1.148511443e+00, 1.171481672e+02, 1.017299283e+02, -1.162627751e+02, 2.538496394e+05
1971, 2.750000000e-02, 1.333333333e-02, 1.333333333e-02, 1.148511443e+00, 1.171481672e+02, 1.162627751e+02, -1.162627751e+02, 2.552288397e+05
1972, 2.750000000e-02, 1.333333333e-02, 1.500000000e-02, 1.148511443e+00, 1.171481672e+02, 1.307956220e+02, -1.162627751e+02, 2.567919333e+05
1973, 2.750000000e-02, 1.333333333e-02, 1.666666667e-02, 1.148511443e+00, 1.171481672e+02, 1.453284689e+02, -1.162627751e+02, 2.585389203e+05
1974, 2.750000000e-02, 1.333333333e-02, 1.833333333e-02, 1.148511443e+00, 1.171481672e+02, 1.598613158e+02, -1.162627751e+02, 2.604698007e+05
1975, 2.750000000e-02, 1.333333333e-02, 2.000000000e-02, 1.148511443e+00, 1.171481672e+02, 1.743941627e+02, -1.162627751e+02, 2.625845745e+05
1976, 2.750000000e-02, 1.500000000e-02, 0.000000000e+00, 1.148511443e+00, 1.171481672e+02, 0.000000000e+00, -1.307956220e+02, 2.509073455e+05
1977, 2.750000000e-02, 1.500000000e-02, 1.666666667e-03, 1.148511443e+00, 1.171481672e+02, 1.453284689e+01, -1.307956220e+02, 2.509992922e+05
1978, 2.750000000e-02, 1.500000000e-02, 3.333333333e-03, 1.148511443e+00, 1.171481672e+02, 2.906569379e+01, -1.307956220e+02, 2.512751323e+05
1979, 2.750000000e-02, 1.500000000e-02, 5.000000000e-03, 1.148511443e+00, 1.171481672e+02, 4.359854068e+01, -1.307956220e+02, 2.517348657e+05
1980, 2.750000000e-02, 1.500000000e-02, 6.666666667e-03, 1.148511443e+00, 1.171481672e+02, 5.813138757e+01, -1.307956220e+02, 2.523784925e+05
1981, 2.750000000e-02, 1.500000000e-02, 8.333333333e-03, 1.148511443e+00, 1.171481672e+02, 7.266423447e+01, -1.307956220e+02, 2.532060126e+05
1982, 2.750000000e-02, 1.500000000e-02, 1.000000000e-02, 1.148511443e+00, 1.171481672e+02, 8.719708136e+01, -1.307956220e+02, 2.542174262e+05
1983, 2.750000000e-02, 1.500000000e-02, 1.166666667e-02, 1.148511443e+00, 1.171481672e+02, 1.017299283e+02, -1.307956220e+02, 2.554127331e+05
1984, 2.750000000e-02, 1.500000000e-02, 1.333333333e-02, 1.148511443e+00, 1.171481672e+02, 1.162627751e+02, -1.307956220e+02, 2.567919333e+05
1985, 2.750000000e-02, 1.500000000e-02, 1.500000000e-02, 1.148511443e+00, 1.171481672e+02, 1.307956220e+02, -1.307956220e+02, 2.583550270e+05
1986, 2.750000000e-02, 1.500000000e-02, 1.666666667e-02, 1.148511443e+00, 1.171481672e+02, 1.453284689e+02, -1.307956220e+02, 2.601020140e+05
1987, 2.750000000e-02, 1.500000000e-02, 1.833333333e-02, 1.148511443e+00, 1.171481672e+02, 1.598613158e+02, -1.307956220e+02, 2.620328944e+05
1988, 2.750000000e-02, 1.500000000e-02, 2.000000000e-02, 1.148511443e+00, 1.171481672e+02, 1.743941627e+02, -1.307956220e+02, 2.641476681e+05
1989, 2.750000000e-02, 1.666666667e-02, 0.000000000e+00, 1.148511443e+00, 1.171481672e+02, 0.000000000e+00, -1.453284689e+02, 2.526543325e+05
1990, 2.750000000e-02, 1.666666667e-02, 1.666666667e-03, 1.148511443e+00, 1.171481672e+02, 1.453284689e+01, -1.453284689e+02, 2.527462792e+05
1991, 2.750000000e-02, 1.666666667e-02, 3.333333333e-03, 1.148511443e+00, 1.171481672e+02, 2.906569379e+01, -1.453284689e+02, 2.530221193e+05
1992, 2.750000000e-02, 1.666666667e-02, 5.000000000e-03, 1.148511443e+00, 1.171481672e+02, 4.359854068e+01, -1.453284689e+02, 2.534818527e+05
1993, 2.750000000e-02, 1.666666667e-02, 6.666666667e-03, 1.148511443e+00, 1.171481672e+02, 5.813138757e+01, -1.453284689e+02, 2.541254795e+05
1994, 2.750000000e-02, 1.666666667e-02, 8.333333333e-03, 1.148511443e+00, 1.171481672e+02, 7.266423447e+01, -1.453284689e+02, 2.549529996e+05
1995, 2.750000000e-02, 1.666666667e-02, 1.000000000e-02, 1.148511443e+00, 1.171481672e+02, 8.719708136e+01, -1.453284689e+02, 2.559644132e+05
1996, 2.750000000e-02, 1.666666667e-02, 1.166666667e-02, 1.148511443e+00, 1.171481672e+02, 1.017299283e+02, -1.453284689e+02, 2.571597201e+05
1997, 2.750000000e-02, 1.666666667e-02, 1.333333333e-02, 1.148511443e+00, 1.171481672e+02, 1.162627751e+02, -1.453284689e+02, 2.585389203e+05
1998, 2.750000000e-02, 1.666666667e-02, 1.500000000e-02, 1.148511443e+00, 1.171481672e+02, 1.307956220e+02, -1.453284689e+02, 2.601020140e+05
1999, 2.750000000e-02, 1.666666667e-02, 1.666666667e-02, 1.148511443e+00, 1.171481672e+02, 1.453284689e+02, -1.453284689e+02, 2.618490010e+05
2000, 2.750000000e-02, 1.666666667e-02, 1.833333333e-02, 1.148511443e+00, 1.171481672e+02, 1.598613158e+02, -1.453284689e+02, 2.637798814e+05
2001, 2.750000000e-02, 1.666666667e-02, 2.000000000e-02, 1.148511443e+00, 1.171481672e+02, 1.743941627e+02, -1.453284689e+02, 2.658946551e+05
2002, 2.750000000e-02, 1.833333333e-02, 0.000000000e+00, 1.148511443e+00, 1.171481672e+02, 0.000000000e+00, -1.598613158e+02, 2.545852129e+05
2003, 2.750000000e-02, 1.833333333e-02, 1.666666667e-03, 1.148511443e+00, 1.171481672e+02, 1.453284689e+01, -1.598613158e+02, 2.546771596e+05
2004, 2.750000000e-02, 1.833333333e-02, 3.333333333e-03, 1.148511443e+00, 1.171481672e+02, 2.906569379e+01, -1.598613158e+02, 2.549529996e+05
2005, 2.750000000e-02, 1.833333333e-02, 5.000000000e-03, 1.148511443e+00, 1.171481672e+02, 4.359854068e+01, -1.598613158e+02, 2.554127331e+05
2006, 2.750000000e-02, 1.833333333e-02, 6.666666667e-03, 1.148511443e+00, 1.171481672e+02, 5.813138757e+01, -1.598613158e+02, 2.560563599e+05
2007, 2.750000000e-02, 1.833333333e-02, 8.333333333e-03, 1.148511443e+00, 1.171481672e+02, 7.266423447e+01, -1.598613158e+02, 2.568838800e+05
2008, 2.750000000e-02, 1.833333333e-02, 1.000000000e-02, 1.148511443e+00, 1.171481672e+02, 8.719708136e+01, -1.598613158e+02, 2.578952935e+05
2009, 2.750000000e-02, 1.833333333e-02, 1.166666667e-02, 1.148511443e+00, 1.171481672e+02, 1.017299283e+02, -1.598613158e+02, 2.590906004e+05
2010, 2.750000000e-02, 1.833333333e-02, 1.333333333e-02, 1.148511443e+00, 1.171481672e+02, 1.162627751e+02, -1.598613158e+02, 2.604698007e+05
2011, 2.750000000e-02, 1.833333333e-02, 1.500000000e-02, 1.148511443e+00, 1.171481672e+02, 1.307956220e+02, -1.598613158e+02, 2.620328944e+05
2012, 2.750000000e-02, 1.833333333e-02, 1.666666667e-02, 1.148511443e+00, 1.171481672e+02, 1.453284689e+02, -1.598613158e+02, 2.637798814e+05
2013, 2.750000000e-02, 1.833333333e-02, 1.833333333e-02, 1.148511443e+00, 1.171481672e+02, 1.598613158e+02, -1.598613158e+02, 2.657107617e+05
2014, 2.750000000e-02, 1.833333333e-02, 2.000000000e-02, 1.148511443e+00, 1.171481672e+02, 1.743941627e+02, -1.598613158e+02, 2.678255355e+05
2015, 2.750000000e-02, 2.000000000e-02, 0.000000000e+00, 1.148511443e+00, 1.171481672e+02, 0.000000000e+00, -1.743941627e+02, 2.566999866e+05
2016, 2.750000000e-02, 2.000000000e-02, 1.666666667e-03, 1.148511443e+00, 1.171481672e+02, 1.453284689e+01, -1.743941627e+02, 2.567919333e+05
2017, 2.750000000e-02, 2.000000000e-02, 3.333333333e-03, 1.148511443e+00, 1.171481672e+02, 2.906569379e+01, -1.743941627e+02, 2.570677734e+05
2018, 2.750000000e-02, 2.000000000e-02, 5.000000000e-03, 1.148511443e+00, 1.171481672e+02, 4.359854068e+01, -1.743941627e+02, 2.575275068e+05
2019, 2.750000000e-02, 2.000000000e-02, 6.666666667e-03, 1.148511443e+00, 1.171481672e+02, 5.813138757e+01, -1.743941627e+02, 2.581711336e+05
2020, 2.750000000e-02, 2.000000000e-02, 8.333333333e-03, 1.148511443e+00, 1.171481672e+02, 7.266423447e+01, -1.743941627e+02, 2.589986538e+05
2021, 2.750000000e-02, 2.000000000e-02, 1.000000000e-02, 1.148511443e+00, 1.171481672e+02, 8.719708136e+01, -1.743941627e+02, 2.600100673e+05
2022, 2.750000000e-02, 2.000000000e-02, 1.166666667e-02, 1.148511443e+00, 1.171481672e+02, 1.017299283e+02, -1.743941627e+02, 2.612053742e+05
2023, 2.750000000e-02, 2.000000000e-02, 1.333333333e-02, 1.148511443e+00, 1.171481672e+02, 1.162627751e+02, -1.743941627e+02, 2.625845745e+05
2024, 2.750000000e-02, 2.000000000e-02, 1.500000000e-02, 1.148511443e+00, 1.171481672e+02, 1.307956220e+02, -1.743941627e+02, 2.641476681e+05
2025, 2.750000000e-02, 2.000000000e-02, 1.666666667e-02, 1.148511443e+00, 1.171481672e+02, 1.453284689e+02, -1.743941627e+02, 2.658946551e+05
2026, 2.750000000e-02, 2.000000000e-02, 1.833333333e-02, 1.148511443e+00, 1.171481672e+02, 1.598613158e+02, -1.743941627e+02, 2.678255355e+05
2027, 2.750000000e-02, 2.000000000e-02, 2.000000000e-02, 1.148511443e+00, 1.171481672e+02, 1.743941627e+02, -1.743941627e+02, 2.699403092e+05
2028, 3.000000000e-02, 0.000000000e+00, 0.000000000e+00, 1.148511443e+00, 1.171481672e+02, 0.000000000e+00, 0.000000000e+00, 2.434596641e+05
2029, 3.000000000e-02, 0.000000000e+00, 1.666666667e-03, 1.148511443e+00, 1.171481672e+02, 1.453284689e+01, 0.000000000e+00, 2.435516108e+05
2030, 3.000000000e-02, 0.000000000e+00, 3.333333333e-03, 1.148511443e+00, 1.171481672e+02, 2.906569379e+01, 0.000000000e+00, 2.438274508e+05
2031, 3.000000000e-02, 0.000000000e+00, 5.000000000e-03, 1.148511443e+00, 1.171481672e+02, 4.359854068e+01, 0.000000000e+00, 2.442871842e+05
2032, 3.000000000e-02, 0.000000000e+00, 6.666666667e-03, 1.148511443e+00, 1.171481672e+02, 5.813138757e+01, 0.000000000e+00, 2.449308110e+05
2033, 3.000000000e-02, 0.000000000e+00, 8.333333333e-03, 1.148511443e+00, 1.171481672e+02, 7.266423447e+01, 0.000000000e+00, 2.457583312e+05
2034, 3.000000000e-02, 0.000000000e+00, 1.000000000e-02, 1.148511443e+00, 1.171481672e+02, 8.719708136e+01, 0.000000000e+00, 2.467697447e+05
2035, 3.000000000e-02, 0.000000000e+00, 1.166666667e-02, 1.148511443e+00, 1.171481672e+02, 1.017299283e+02, 0.000000000e+00, 2.479650516e+05
2036, 3.000000000e-02, 0.000000000e+00, 1.333333333e-02, 1.148511443e+00, 1.171481672e+02, 1.162627751e+02, 0.000000000e+00, 2.493442519e+05
2037, 3.000000000e-02, 0.000000000e+00, 1.500000000e-02, 1.148511443e+00, 1.171481672e+02, 1.307956220e+02, 0.000000000e+00, 2.509073455e+05
2038, 3.000000000e-02, 0.000000000e+00, 1.666666667e-02, 1.148511443e+00, 1.171481672e+02, 1.453284689e+02, 0.000000000e+00, 2.526543325e+05
2039, 3.000000000e-02, 0.000000000e+00, 1.833333333e-02, 1.148511443e+00, 1.171481672e+02, 1.598613158e+02, 0.000000000e+00, 2.545852129e+05
2040, 3.000000000e-02, 0.000000000e+00, 2.000000000e-02, 1.148511443e+00, 1.171481672e+02, 1.743941627e+02, 0.000000000e+00, 2.566999866e+05
2041, 3.000000000e-02, 1.666666667e-03, 0.000000000e+00, 1.148511443e+00, 1.171481672e+02, 0.000000000e+00, -1.453284689e+01, 2.435516108e+05
2042, 3.000000000e-02, 1.666666667e-03, 1.666666667e-03, 1.148511443e+00, 1.171481672e+02, 1.453284689e+01, -1.453284689e+01, 2.436435574e+05
2043, 3.000000000e-02, 1.666666667e-03, 3.333333333e-03, 1.148511443e+00, 1.171481672e+02, 2.906569379e+01, -1.453284689e+01, 2.439193975e+05
2044, 3.000000000e-02, 1.666666667e-03, 5.000000000e-03, 1.148511443e+00, 1.171481672e+02, 4.359854068e+01, -1.453284689e+01, 2.443791309e+05
2045, 3.000000000e-02, 1.666666667e-03, 6.666666667e-03, 1.148511443e+00, 1.171481672e+02, 5.813138757e+01, -1.453284689e+01, 2.450227577e+05
2046, 3.000000000e-02, 1.666666667e-03, 8.333333333e-03, 1.148511443e+00, 1.171481672e+02, 7.266423447e+01, -1.453284689e+01, 2.458502779e+05
2047, 3.000000000e-02, 1.666666667e-03, 1.000000000e-02, 1.148511443e+00, 1.171481672e+02, 8.719708136e+01, -1.453284689e+01, 2.468616914e+05
2048, 3.000000000e-02, 1.666666667e-03, 1.166666667e-02, 1.148511443e+00, 1.171481672e+02, 1.017299283e+02, -1.453284689e+01, 2.480569983e+05
2049, 3.000000000e-02, 1.666666667e-03, 1.333333333e-02, 1.148511443e+00, 1.171481672e+02, 1.162627751e+02, -1.453284689e+01, 2.494361986e+05
2050, 3.000000000e-02, 1.666666667e-03, 1.500000000e-02, 1.148511443e+00, 1.171481672e+02, 1.307956220e+02, -1.453284689e+01, 2.509992922e+05
2051, 3.000000000e-02, 1.666666667e-03, 1.666666667e-02, 1.148511443e+00, 1.171481672e+02, 1.453284689e+02, -1.453284689e+01, 2.527462792e+05
2052, 3.000000000e-02, 1.666666667e-03, 1.833333333e-02, 1.148511443e+00, 1.171481672e+02, 1.598613158e+02, -1.453284689e+01, 2.546771596e+05
2053, 3.000000000e-02, 1.666666667e-03, 2.000000000e-02, 1.148511443e+00, 1.171481672e+02, 1.743941627e+02, -1.453284689e+01, 2.567919333e+05
2054, 3.000000000e-02, 3.333333333e-03, 0.000000000e+00, 1.148511443e+00, 1.171481672e+02, 0.000000000e+00, -2.906569379e+01, 2.438274508e+05
2055, 3.000000000e-02, 3.333333333e-03, 1.666666667e-03, 1.148511443e+00, 1.171481672e+02, 1.453284689e+01, -2.906569379e+01, 2.439193975e+05
2056, 3.000000000e-02, 3.333333333e-03, 3.333333333e-03, 1.148511443e+00, 1.171481672e+02, 2.906569379e+01, -2.906569379e+01, 2.441952375e+05
2057, 3.000000000e-02, 3.333333333e-03, 5.000000000e-03, 1.148511443e+00, 1.171481672e+02, 4.359854068e+01, -2.906569379e+01, 2.446549710e+05
2058, 3.000000000e-02, 3.333333333e-03, 6.666666667e-03, 1.148511443e+00, 1.171481672e+02, 5.813138757e+01, -2.906569379e+01, 2.452985978e+05
2059, 3.000000000e-02, 3.333333333e-03, 8.333333333e-03, 1.148511443e+00, 1.171481672e+02, 7.266423447e+01, -2.906569379e+01, 2.461261179e+05
2060, 3.000000000e-02, 3.333333333e-03, 1.000000000e-02, 1.148511443e+00, 1.171481672e+02, 8.719708136e+01, -2.906569379e+01, 2.471375315e+05
2061, 3.000000000e-02, 3.333333333e-03, 1.166666667e-02, 1.148511443e+00, 1.171481672e+02, 1.017299283e+02, -2.906569379e+01, 2.483328384e+05
2062, 3.000000000e-02, 3.333333333e-03, 1.333333333e-02, 1.148511443e+00, 1.171481672e+02, 1.162627751e+02, -2.906569379e+01, 2.497120386e+05
2063, 3.000000000e-02, 3.333333333e-03, 1.500000000e-02, 1.148511443e+00, 1.171481672e+02, 1.307956220e+02, -2.906569379e+01, 2.512751323e+05
2064, 3.000000000e-02, 3.333333333e-03, 1.666666667e-02, 1.148511443e+00, 1.171481672e+02, 1.453284689e+02, -2.906569379e+01, 2.530221193e+05
2065, 3.000000000e-02, 3.333333333e-03, 1.833333333e-02, 1.148511443e+00, 1.171481672e+02, 1.598613158e+02, -2.906569379e+01, 2.549529996e+05
2066, 3.000000000e-02, 3.333333333e-03, 2.000000000e-02, 1.148511443e+00, 1.171481672e+02, 1.743941627e+02, -2.906569379e+01, 2.570677734e+05
2067, 3.000000000e-02, 5.000000000e-03, 0.000000000e+00, 1.148511443e+00, 1.171481672e+02, 0.000000000e+00, -4.359854068e+01, 2.442871842e+05
2068, 3.000000000e-02, 5.000000000e-03, 1.666666667e-03, 1.148511443e+00, 1.171481672e+02, 1.453284689e+01, -4.359854068e+01, 2.443791309e+05
2069, 3.000000000e-02, 5.000000000e-03, 3.333333333e-03, 1.148511443e+00, 1.171481672e+02, 2.906569379e+01, -4.359854068e+01, 2.446549710e+05
2070, 3.000000000e-02, 5.000000000e-03, 5.000000000e-03, 1.148511443e+00, 1.171481672e+02, 4.359854068e+01, -4.359854068e+01, 2.451147044e+05
2071, 3.000000000e-02, 5.000000000e-03, 6.666666667e-03, 1.148511443e+00, 1.171481672e+02, 5.813138757e+01, -4.359854068e+01, 2.457583312e+05
2072, 3.000000000e-02, 5.000000000e-03, 8.333333333e-03, 1.148511443e+00, 1.171481672e+02, 7.266423447e+01, -4.359854068e+01, 2.465858513e+05
2073, 3.000000000e-02, 5.000000000e-03, 1.000000000e-02, 1.148511443e+00, 1.171481672e+02, 8.719708136e+01, -4.359854068e+01, 2.475972649e+05
2074, 3.000000000e-02, 5.000000000e-03, 1.166666667e-02, 1.148511443e+00, 1.171481672e+02, 1.017299283e+02, -4.359854068e+01, 2.487925718e+05
2075, 3.000000000e-02, 5.000000000e-03, 1.333333333e-02, 1.148511443e+00, 1.171481672e+02, 1.162627751e+02, -4.359854068e+01, 2.501717720e+05
2076, 3.000000000e-02, 5.000000000e-03, 1.500000000e-02, 1.148511443e+00, 1.171481672e+02, 1.307956220e+02, -4.359854068e+01, 2.517348657e+05
2077, 3.000000000e-02, 5.000000000e-03, 1.666666667e-02, 1.148511443e+00, 1.171481672e+02, 1.453284689e+02, -4.359854068e+01, 2.534818527e+05
2078, 3.000000000e-02, 5.000000000e-03, 1.833333333e-02, 1.148511443e+00, 1.171481672e+02, 1.598613158e+02, -4.359854068e+01, 2.554127331e+05
2079, 3.000000000e-02, 5.000000000e-03, 2.000000000e-02, 1.148511443e+00, 1.171481672e+02, 1.743941627e+02, -4.359854068e+01, 2.575275068e+05
2080, 3.000000000e-02, 6.666666667e-03, 0.000000000e+00, 1.148511443e+00, 1.171481672e+02, 0.000000000e+00, -5.813138757e+01, 2.449308110e+05
2081, 3.000000000e-02, 6.666666667e-03, 1.666666667e-03, 1.148511443e+00, 1.171481672e+02, 1.453284689e+01, -5.813138757e+01, 2.450227577e+05
2082, 3.000000000e-02, 6.666666667e-03, 3.333333333e-03, 1.148511443e+00, 1.171481672e+02, 2.906569379e+01, -5.813138757e+01, 2.452985978e+05
2083, 3.000000000e-02, 6.666666667e-03, 5.000000000e-03, 1.148511443e+00, 1.171481672e+02, 4.359854068e+01, -5.813138757e+01, 2.457583312e+05
2084, 3.000000000e-02, 6.666666667e-03, 6.666666667e-03, 1.148511443e+00, 1.171481672e+02, 5.813138757e+01, -5.813138757e+01, 2.464019580e+05
2085, 3.000000000e-02, 6.666666667e-03, 8.333333333e-03, 1.148511443e+00, 1.171481672e+02, 7.266423447e+01, -5.813138757e+01, 2.472294781e+05
2086, 3.000000000e-02, 6.666666667e-03, 1.000000000e-02, 1.148511443e+00, 1.171481672e+02, 8.719708136e+01, -5.813138757e+01, 2.482408917e+05
2087, 3.000000000e-02, 6.666666667e-03, 1.166666667e-02, 1.148511443e+00, 1.171481672e+02, 1.017299283e+02, -5.813138757e+01, 2.494361986e+05
2088, 3.000000000e-02, 6.666666667e-03, 1.333333333e-02, 1.148511443e+00, 1.171481672e+02, 1.162627751e+02, -5.813138757e+01, 2.508153988e+05
2089, 3.000000000e-02, 6.666666667e-03, 1.500000000e-02, 1.148511443e+00, 1.171481672e+02, 1.307956220e+02, -5.813138757e+01, 2.523784925e+05
2090, 3.000000000e-02, 6.666666667e-03, 1.666666667e-02, 1.148511443e+00, 1.171481672e+02, 1.453284689e+02, -5.813138757e+01, 2.541254795e+05
2091, 3.000000000e-02, 6.666666667e-03, 1.833333333e-02, 1.148511443e+00, 1.171481672e+02, 1.598613158e+02, -5.813138757e+01, 2.560563599e+05
2092, 3.000000000e-02, 6.666666667e-03, 2.000000000e-02, 1.148511443e+00, 1.171481672e+02, 1.743941627e+02, -5.813138757e+01, 2.581711336e+05
2093, 3.000000000e-02, 8.333333333e-03, 0.000000000e+00, 1.148511443e+00, 1.171481672e+02, 0.000000000e+00, -7.266423447e+01, 2.457583312e+05
2094, 3.000000000e-02, 8.333333333e-03, 1.666666667e-03, 1.148511443e+00, 1.171481672e+02, 1.453284689e+01, -7.266423447e+01, 2.458502779e+05
2095, 3.000000000e-02, 8.333333333e-03, 3.333333333e-03, 1.148511443e+00, 1.171481672e+02, 2.906569379e+01, -7.266423447e+01, 2.461261179e+05
2096, 3.000000000e-02, 8.333333333e-03, 5.000000000e-03, 1.148511443e+00, 1.171481672e+02, 4.359854068e+01, -7.266423447e+01, 2.465858513e+05
2097, 3.000000000e-02, 8.333333333e-03, 6.666666667e-03, 1.148511443e+00, 1.171481672e+02, 5.813138757e+01, -7.266423447e+01, 2.472294781e+05
2098, 3.000000000e-02, 8.333333333e-03, 8.333333333e-03, 1.148511443e+00, 1.171481672e+02, 7.266423447e+01, -7.266423447e+01, 2.480569983e+05
2099, 3.000000000e-02, 8.333333333e-03, 1.000000000e-02, 1.148511443e+00, 1.171481672e+02, 8.719708136e+01, -7.266423447e+01, 2.490684118e+05
2100, 3.000000000e-02, 8.333333333e-03, 1.166666667e-02, 1.148511443e+00, 1.171481672e+02, 1.017299283e+02, -7.266423447e+01, 2.502637187e+05
2101, 3.000000000e-02, 8.333333333e-03, 1.333333333e-02, 1.148511443e+00, 1.171481672e+02, 1.162627751e+02, -7.266423447e+01, 2.516429190e+05
2102, 3.000000000e-02, 8.333333333e-03, 1.500000000e-02, 1.148511443e+00, 1.171481672e+02, 1.307956220e+02, -7.266423447e+01, 2.532060126e+05
2103, 3.000000000e-02, 8.333333333e-03, 1.666666667e-02, 1.148511443e+00, 1.171481672e+02, 1.453284689e+02, -7.266423447e+01, 2.549529996e+05
2104, 3.000000000e-02, 8.333333333e-03, 1.833333333e-02, 1.148511443e+00, 1.171481672e+02, 1.598613158e+02, -7.266423447e+01, 2.568838800e+05
2105, 3.000000000e-02, 8.333333333e-03, 2.000000000e-02, 1.148511443e+00, 1.171481672e+02, 1.743941627e+02, -7.266423447e+01, 2.589986538e+05
2106, 3.000000000e-02, 1.000000000e-02, 0.000000000e+00, 1.148511443e+00, 1.171481672e+02, 0.000000000e+00, -8.719708136e+01, 2.467697447e+05
2107, 3.000000000e-02, 1.000000000e-02, 1.666666667e-03, 1.148511443e+00, 1.171481672e+02, 1.453284689e+01, -8.719708136e+01, 2.468616914e+05
2108, 3.000000000e-02, 1.000000000e-02, 3.333333333e-03, 1.148511443e+00, 1.171481672e+02, 2.906569379e+01, -8.719708136e+01, 2.471375315e+05
2109, 3.000000000e-02, 1.000000000e-02, 5.000000000e-03, 1.148511443e+00, 1.171481672e+02, 4.359854068e+01, -8.719708136e+01, 2.475972649e+05
2110, 3.000000000e-02, 1.000000000e-02, 6.666666667e-03, 1.148511443e+00, 1.171481672e+02, 5.813138757e+01, -8.719708136e+01, 2.482408917e+05
2111, 3.000000000e-02, 1.000000000e-02, 8.333333333e-03, 1.148511443e+00, 1.171481672e+02, 7.266423447e+01, -8.719708136e+01, 2.490684118e+05
2112, 3.000000000e-02, 1.000000000e-02, 1.000000000e-02, 1.148511443e+00, 1.171481672e+02, 8.719708136e+01, -8.719708136e+01, 2.500798254e+05
2113, 3.000000000e-02, 1.000000000e-02, 1.166666667e-02, 1.148511443e+00, 1.171481672e+02, 1.017299283e+02, -8.719708136e+01, 2.512751323e+05
2114, 3.000000000e-02, 1.000000000e-02, 1.333333333e-02, 1.148511443e+00, 1.171481672e+02, 1.162627751e+02, -8.719708136e+01, 2.526543325e+05
2115, 3.000000000e-02, 1.000000000e-02, 1.500000000e-02, 1.148511443e+00, 1.171481672e+02, 1.307956220e+02, -8.719708136e+01, 2.542174262e+05
2116, 3.000000000e-02, 1.000000000e-02, 1.666666667e-02, 1.148511443e+00, 1.171481672e+02, 1.453284689e+02, -8.719708136e+01, 2.559644132e+05
2117, 3.000000000e-02, 1.000000000e-02, 1.833333333e-02, 1.148511443e+00, 1.171481672e+02, 1.598613158e+02, -8.719708136e+01, 2.578952935e+05
2118, 3.000000000e-02, 1.000000000e-02, 2.000000000e-02, 1.148511443e+00, 1.171481672e+02, 1.743941627e+02, -8.719708136e+01, 2.600100673e+05
2119, 3.000000000e-02, 1.166666667e-02, 0.000000000e+00, 1.148511443e+00, 1.171481672e+02, 0.000000000e+00, -1.017299283e+02, 2.479650516e+05
2120, 3.000000000e-02, 1.166666667e-02, 1.666666667e-03, 1.148511443e+00, 1.171481672e+02, 1.453284689e+01, -1.017299283e+02, 2.480569983e+05
2121, 3.000000000e-02, 1.166666667e-02, 3.333333333e-03, 1.148511443e+00, 1.171481672e+02, 2.906569379e+01, -1.017299283e+02, 2.483328384e+05
2122, 3.000000000e-02, 1.166666667e-02, 5.000000000e-03, 1.148511443e+00, 1.171481672e+02, 4.359854068e+01, -1.017299283e+02, 2.487925718e+05
2123, 3.000000000e-02, 1.166666667e-02, 6.666666667e-03, 1.148511443e+00, 1.171481672e+02, 5.813138757e+01, -1.017299283e+02, 2.494361986e+05
2124, 3.000000000e-02, 1.166666667e-02, 8.333333333e-03, 1.148511443e+00, 1.171481672e+02, 7.266423447e+01, -1.017299283e+02, 2.502637187e+05
2125, 3.000000000e-02, 1.166666667e-02, 1.000000000e-02, 1.148511443e+00, 1.171481672e+02, 8.719708136e+01, -1.017299283e+02, 2.512751323e+05
2126, 3.000000000e-02, 1.166666667e-02, 1.166666667e-02, 1.148511443e+00, 1.171481672e+02, 1.017299283e+02, -1.017299283e+02, 2.524704392e+05
2127, 3.000000000e-02, 1.166666667e-02, 1.333333333e-02, 1.148511443e+00, 1.171481672e+02, 1.162627751e+02, -1.017299283e+02, 2.538496394e+05
2128, 3.000000000e-02, 1.166666667e-02, 1.500000000e-02, 1.148511443e+00, 1.171481672e+02, 1.307956220e+02, -1.017299283e+02, 2.554127331e+05
2129, 3.000000000e-02, 1.166666667e-02, 1.666666667e-02, 1.148511443e+00, 1.171481672e+02, 1.453284689e+02, -1.017299283e+02, 2.571597201e+05
2130, 3.000000000e-02, 1.166666667e-02, 1.833333333e-02, 1.148511443e+00, 1.171481672e+02, 1.598613158e+02, -1.017299283e+02, 2.590906004e+05
2131, 3.000000000e-02, 1.166666667e-02, 2.000000000e-02, 1.148511443e+00, 1.171481672e+02, 1.743941627e+02, -1.017299283e+02, 2.612053742e+05
2132, 3.000000000e-02, 1.333333333e-02, 0.000000000e+00, 1.148511443e+00, 1.171481672e+02, 0.000000000e+00, -1.162627751e+02, 2.493442519e+05
2133, 3.000000000e-02, 1.333333333e-02, 1.666666667e-03, 1.148511443e+00, 1.171481672e+02, 1.453284689e+01, -1.162627751e+02, 2.494361986e+05
2134, 3.000000000e-02, 1.333333333e-02, 3.333333333e-03, 1.148511443e+00, 1.171481672e+02, 2.906569379e+01, -1.162627751e+02, 2.497120386e+05
2135, 3.000000000e-02, 1.333333333e-02, 5.000000000e-03, 1.148511443e+00, 1.171481672e+02, 4.359854068e+01, -1.162627751e+02, 2.501717720e+05
2136, 3.000000000e-02, 1.333333333e-02, 6.666666667e-03, 1.148511443e+00, 1.171481672e+02, 5.813138757e+01, -1.162627751e+02, 2.508153988e+05
2137, 3.000000000e-02, 1.333333333e-02, 8.333333333e-03, 1.148511443e+00, 1.171481672e+02, 7.266423447e+01, -1.162627751e+02, 2.516429190e+05
2138, 3.000000000e-02, 1.333333333e-02, 1.000000000e-02, 1.148511443e+00, 1.171481672e+02, 8.719708136e+01, -1.162627751e+02, 2.526543325e+05
2139, 3.000000000e-02, 1.333333333e-02, 1.166666667e-02, 1.148511443e+00, 1.171481672e+02, 1.017299283e+02, -1.162627751e+02, 2.538496394e+05
2140, 3.000000000e-02, 1.333333333e-02, 1.333333333e-02, 1.148511443e+00, 1.171481672e+02, 1.162627751e+02, -1.162627751e+02, 2.552288397e+05
2141, 3.000000000e-02, 1.333333333e-02, 1.500000000e-02, 1.148511443e+00, 1.171481672e+02, 1.307956220e+02, -1.162627751e+02, 2.567919333e+05
2142, 3.000000000e-02, 1.333333333e-02, 1.666666667e-02, 1.148511443e+00, 1.171481672e+02, 1.453284689e+02, -1.162627751e+02, 2.585389203e+05
2143, 3.000000000e-02, 1.333333333e-02, 1.833333333e-02, 1.148511443e+00, 1.171481672e+02, 1.598613158e+02, -1.162627751e+02, 2.604698007e+05
2144, 3.000000000e-02, 1.333333333e-02, 2.000000000e-02, 1.148511443e+00, 1.171481672e+02, 1.743941627e+02, -1.162627751e+02, 2.625845745e+05
2145, 3.000000000e-02, 1.500000000e-02, 0.000000000e+00, 1.148511443e+00, 1.171481672e+02, 0.000000000e+00, -1.307956220e+02, 2.509073455e+05
2146, 3.000000000e-02, 1.500000000e-02, 1.666666667e-03, 1.148511443e+00, 1.171481672e+02, 1.453284689e+01, -1.307956220e+02, 2.509992922e+05
2147, 3.000000000e-02, 1.500000000e-02, 3.333333333e-03, 1.148511443e+00, 1.171481672e+02, 2.906569379e+01, -1.307956220e+02, 2.512751323e+05
2148, 3.000000000e-02, 1.500000000e-02, 5.000000000e-03, 1.148511443e+00, 1.171481672e+02, 4.359854068e+01, -1.307956220e+02, 2.517348657e+05
2149, 3.000000000e-02, 1.500000000e-02, 6.666666667e-03, 1.148511443e+00, 1.171481672e+02, 5.813138757e+01, -1.307956220e+02, 2.523784925e+05
2150, 3.000000000e-02, 1.500000000e-02, 8.333333333e-03, 1.148511443e+00, 1.171481672e+02, 7.266423447e+01, -1.307956220e+02, 2.532060126e+05
2151, 3.000000000e-02, 1.500000000e-02, 1.000000000e-02, 1.148511443e+00, 1.171481672e+02, 8.719708136e+01, -1.307956220e+02, 2.542174262e+05
2152, 3.000000000e-02, 1.500000000e-02, 1.166666667e-02, 1.148511443e+00, 1.171481672e+02, 1.017299283e+02, -1.307956220e+02, 2.554127331e+05
2153, 3.000000000e-02, 1.500000000e-02, 1.333333333e-02, 1.148511443e+00, 1.171481672e+02, 1.162627751e+02, -1.307956220e+02, 2.567919333e+05
2154, 3.000000000e-02, 1.500000000e-02, 1.500000000e-02, 1.148511443e+00, 1.171481672e+02, 1.307956220e+02, -1.307956220e+02, 2.583550270e+05
2155, 3.000000000e-02, 1.500000000e-02, 1.666666667e-02, 1.148511443e+00, 1.171481672e+02, 1.453284689e+02, -1.307956220e+02, 2.601020140e+05
2156, 3.000000000e-02, 1.500000000e-02, 1.833333333e-02, 1.148511443e+00, 1.171481672e+02, 1.598613158e+02, -1.307956220e+02, 2.620328944e+05
2157, 3.000000000e-02, 1.500000000e-02, 2.000000000e-02, 1.148511443e+00, 1.171481672e+02, 1.743941627e+02, -1.307956220e+02, 2.641476681e+05
2158, 3.000000000e-02, 1.666666667e-02, 0.000000000e+00, 1.148511443e+00, 1.171481672e+02, 0.000000000e+00, -1.453284689e+02, 2.526543325e+05
2159, 3.000000000e-02, 1.666666667e-02, 1.666666667e-03, 1.148511443e+00, 1.171481672e+02, 1.453284689e+01, -1.453284689e+02, 2.527462792e+05
2160, 3.000000000e-02, 1.666666667e-02, 3.333333333e-03, 1.148511443e+00, 1.171481672e+02, 2.906569379e+01, -1.453284689e+02, 2.530221193e+05
2161, 3.000000000e-02, 1.666666667e-02, 5.000000000e-03, 1.148511443e+00, 1.171481672e+02, 4.359854068e+01, -1.453284689e+02, 2.534818527e+05
2162, 3.000000000e-02, 1.666666667e-02, 6.666666667e-03, 1.148511443e+00, 1.171481672e+02, 5.813138757e+01, -1.453284689e+02, 2.541254795e+05
2163, 3.000000000e-02, 1.666666667e-02, 8.333333333e-03, 1.148511443e+00, 1.171481672e+02, 7.266423447e+01, -1.453284689e+02, 2.549529996e+05
2164, 3.000000000e-02, 1.666666667e-02, 1.000000000e-02, 1.148511443e+00, 1.171481672e+02, 8.719708136e+01, -1.453284689e+02, 2.559644132e+05
2165, 3.000000000e-02, 1.666666667e-02, 1.166666667e-02, 1.148511443e+00, 1.171481672e+02, 1.017299283e+02, -1.453284689e+02, 2.571597201e+05
2166, 3.000000000e-02, 1.666666667e-02, 1.333333333e-02, 1.148511443e+00, 1.171481672e+02, 1.162627751e+02, -1.453284689e+02, 2.585389203e+05
2167, 3.000000000e-02, 1.666666667e-02, 1.500000000e-02, 1.148511443e+00, 1.171481672e+02, 1.307956220e+02, -1.453284689e+02, 2.601020140e+05
2168, 3.000000000e-02, 1.666666667e-02, 1.666666667e-02, 1.148511443e+00, 1.171481672e+02, 1.453284689e+02, -1.453284689e+02, 2.618490010e+05
2169, 3.000000000e-02, 1.666666667e-02, 1.833333333e-02, 1.148511443e+00, 1.171481672e+02, 1.598613158e+02, -1.453284689e+02, 2.637798814e+05
2170, 3.000000000e-02, 1.666666667e-02, 2.000000000e-02, 1.148511443e+00, 1.171481672e+02, 1.743941627e+02, -1.453284689e+02, 2.658946551e+05
2171, 3.000000000e-02, 1.833333333e-02, 0.000000000e+00, 1.148511443e+00, 1.171481672e+02, 0.000000000e+00, -1.598613158e+02, 2.545852129e+05
2172, 3.000000000e-02, 1.833333333e-02, 1.666666667e-03, 1.148511443e+00, 1.171481672e+02, 1.453284689e+01, -1.598613158e+02, 2.546771596e+05
2173, 3.000000000e-02, 1.833333333e-02, 3.333333333e-03, 1.148511443e+00, 1.171481672e+02, 2.906569379e+01, -1.598613158e+02, 2.549529996e+05
2174, 3.000000000e-02, 1.833333333e-02, 5.000000000e-03, 1.148511443e+00, 1.171481672e+02, 4.359854068e+01, -1.598613158e+02, 2.554127331e+05
2175, 3.000000000e-02, 1.833333333e-02, 6.666666667e-03, 1.148511443e+00, 1.171481672e+02, 5.813138757e+01, -1.598613158e+02, 2.560563599e+05
2176, 3.000000000e-02, 1.833333333e-02, 8.333333333e-03, 1.148511443e+00, 1.171481672e+02, 7.266423447e+01, -1.598613158e+02, 2.568838800e+05
2177, 3.000000000e-02, 1.833333333e-02, 1.000000000e-02, 1.148511443e+00, 1.171481672e+02, 8.719708136e+01, -1.598613158e+02, 2.578952935e+05
2178, 3.000000000e-02, 1.833333333e-02, 1.166666667e-02, 1.148511443e+00, 1.171481672e+02, 1.017299283e+02, -1.598613158e+02, 2.590906004e+05
2179, 3.000000000e-02, 1.833333333e-02, 1.333333333e-02, 1.148511443e+00, 1.171481672e+02, 1.162627751e+02, -1.598613158e+02, 2.604698007e+05
2180, 3.000000000e-02, 1.833333333e-02, 1.500000000e-02, 1.148511443e+00, 1.171481672e+02, 1.307956220e+02, -1.598613158e+02, 2.620328944e+05
2181, 3.000000000e-02, 1.833333333e-02, 1.666666667e-02, 1.148511443e+00, 1.171481672e+02, 1.453284689e+02, -1.598613158e+02, 2.637798814e+05
2182, 3.000000000e-02, 1.833333333e-02, 1.833333333e-02, 1.148511443e+00, 1.171481672e+02, 1.598613158e+02, -1.598613158e+02, 2.657107617e+05
2183, 3.000000000e-02, 1.833333333e-02, 2.000000000e-02, 1.148511443e+00, 1.171481672e+02, 1.743941627e+02, -1.598613158e+02, 2.678255355e+05
2184, 3.000000000e-02, 2.000000000e-02, 0.000000000e+00, 1.148511443e+00, 1.171481672e+02, 0.000000000e+00, -1.743941627e+02, 2.566999866e+05
2185, 3.000000000e-02, 2.000000000e-02, 1.666666667e-03, 1.148511443e+00, 1.171481672e+02, 1.453284689e+01, -1.743941627e+02, 2.567919333e+05
2186, 3.000000000e-02, 2.000000000e-02, 3.333333333e-03, 1.148511443e+00, 1.171481672e+02, 2.906569379e+01, -1.743941627e+02, 2.570677734e+05
2187, 3.000000000e-02, 2.000000000e-02, 5.000000000e-03, 1.148511443e+00, 1.171481672e+02, 4.359854068e+01, -1.743941627e+02, 2.575275068e+05
2188, 3.000000000e-02, 2.000000000e-02, 6.666666667e-03, 1.148511443e+00, 1.171481672e+02, 5.813138757e+01, -1.743941627e+02, 2.581711336e+05
2189, 3.000000000e-02, 2.000000000e-02, 8.333333333e-03, 1.148511443e+00, 1.171481672e+02, 7.266423447e+01, -1.743941627e+02, 2.589986538e+05
2190, 3.000000000e-02, 2.000000000e-02, 1.000000000e-02, 1.148511443e+00, 1.171481672e+02, 8.719708136e+01, -1.743941627e+02, 2.600100673e+05
2191, 3.000000000e-02, 2.000000000e-02, 1.166666667e-02, 1.148511443e+00, 1.171481672e+02, 1.017299283e+02, -1.743941627e+02, 2.612053742e+05
2192, 3.000000000e-02, 2.000000000e-02, 1.333333333e-02, 1.148511443e+00, 1.171481672e+02, 1.162627751e+02, -1.743941627e+02, 2.625845745e+05
2193, 3.000000000e-02, 2.000000000e-02, 1.500000000e-02, 1.148511443e+00, 1.171481672e+02, 1.307956220e+02, -1.743941627e+02, 2.641476681e+05
2194, 3.000000000e-02, 2.000000000e-02, 1.666666667e-02, 1.148511443e+00, 1.171481672e+02, 1.453284689e+02, -1.743941627e+02, 2.658946551e+05
2195, 3.000000000e-02, 2.000000000e-02, 1.833333333e-02, 1.148511443e+00, 1.171481672e+02, 1.598613158e+02, -1.743941627e+02, 2.678255355e+05
2196, 3.000000000e-02, 2.000000000e-02, 2.000000000e-02, 1.148511443e+00, 1.171481672e+02, 1.743941627e+02, -1.743941627e+02, 2.699403092e+05
2197, 3.250000000e-02, 0.000000000e+00, 0.000000000e+00, 1.148511443e+00, 1.171481672e+02, 0.000000000e+00, 0.000000000e+00, 2.434596641e+05
2198, 3.250000000e-02, 0.000000000e+00, 1.666666667e-03, 1.148511443e+00, 1.171481672e+02, 1.453284689e+01, 0.000000000e+00, 2.435516108e+05
2199, 3.250000000e-02, 0.000000000e+00, 3.333333333e-03, 1.148511443e+00, 1.171481672e+02, 2.906569379e+01, 0.000000000e+00, 2.438274508e+05
2200, 3.250000000e-02, 0.000000000e+00, 5.000000000e-03, 1.148511443e+00, 1.171481672e+02, 4.359854068e+01, 0.000000000e+00, 2.442871842e+05
2201, 3.250000000e-02, 0.000000000e+00, 6.666666667e-03, 1.148511443e+00, 1.171481672e+02, 5.813138757e+01, 0.000000000e+00, 2.449308110e+05
2202, 3.250000000e-02, 0.000000000e+00, 8.333333333e-03, 1.148511443e+00, 1.171481672e+02, 7.266423447e+01, 0.000000000e+00, 2.457583312e+05
2203, 3.250000000e-02, 0.000000000e+00, 1.000000000e-02, 1.148511443e+00, 1.171481672e+02, 8.719708136e+01, 0.000000000e+00, 2.467697447e+05
2204, 3.250000000e-02, 0.000000000e+00, 1.166666667e-02, 1.148511443e+00, 1.171481672e+02, 1.017299283e+02, 0.000000000e+00, 2.479650516e+05
2205, 3.250000000e-02, 0.000000000e+00, 1.333333333e-02, 1.148511443e+00, 1.171481672e+02, 1.162627751e+02, 0.000000000e+00, 2.493442519e+05
2206, 3.250000000e-02, 0.000000000e+00, 1.500000000e-02, 1.148511443e+00, 1.171481672e+02, 1.307956220e+02, 0.000000000e+00, 2.509073455e+05
2207, 3.250000000e-02, 0.000000000e+00, 1.666666667e-02, 1.148511443e+00, 1.171481672e+02, 1.453284689e+02, 0.000000000e+00, 2.526543325e+05
2208, 3.250000000e-02, 0.000000000e+00, 1.833333333e-02, 1.148511443e+00, 1.171481672e+02, 1.598613158e+02, 0.000000000e+00, 2.545852129e+05
2209, 3.250000000e-02, 0.000000000e+00, 2.000000000e-02, 1.148511443e+00, 1.171481672e+02, 1.743941627e+02, 0.000000000e+00, 2.566999866e+05
2210, 3.250000000e-02, 1.666666667e-03, 0.000000000e+00, 1.148511443e+00, 1.171481672e+02, 0.000000000e+00, -1.453284689e+01, 2.435516108e+05
2211, 3.250000000e-02, 1.666666667e-03, 1.666666667e-03, 1.148511443e+00, 1.171481672e+02, 1.453284689e+01, -1.453284689e+01, 2.436435574e+05
2212, 3.250000000e-02, 1.666666667e-03, 3.333333333e-03, 1.148511443e+00, 1.171481672e+02, 2.906569379e+01, -1.453284689e+01, 2.439193975e+05
2213, 3.250000000e-02, 1.666666667e-03, 5.000000000e-03, 1.148511443e+00, 1.171481672e+02, 4.359854068e+01, -1.453284689e+01, 2.443791309e+05
2214, 3.250000000e-02, 1.666666667e-03, 6.666666667e-03, 1.148511443e+00, 1.171481672e+02, 5.813138757e+01, -1.453284689e+01, 2.450227577e+05
2215, 3.250000000e-02, 1.666666667e-03, 8.333333333e-03, 1.148511443e+00, 1.171481672e+02, 7.266423447e+01, -1.453284689e+01, 2.458502779e+05
2216, 3.250000000e-02, 1.666666667e-03, 1.000000000e-02, 1.148511443e+00, 1.171481672e+02, 8.719708136e+01, -1.453284689e+01, 2.468616914e+05
2217, 3.250000000e-02, 1.666666667e-03, 1.166666667e-02, 1.148511443e+00, 1.171481672e+02, 1.017299283e+02, -1.453284689e+01, 2.480569983e+05
2218, 3.250000000e-02, 1.666666667e-03, 1.333333333e-02, 1.148511443e+00, 1.171481672e+02, 1.162627751e+02, -1.453284689e+01, 2.494361986e+05
2219, 3.250000000e-02, 1.666666667e-03, 1.500000000e-02, 1.148511443e+00, 1.171481672e+02, 1.307956220e+02, -1.453284689e+01, 2.509992922e+05
2220, 3.250000000e-02, 1.666666667e-03, 1.666666667e-02, 1.148511443e+00, 1.171481672e+02, 1.453284689e+02, -1.453284689e+01, 2.527462792e+05
2221, 3.250000000e-02, 1.666666667e-03, 1.833333333e-02, 1.148511443e+00, 1.171481672e+02, 1.598613158e+02, -1.453284689e+01, 2.546771596e+05
2222, 3.250000000e-02, 1.666666667e-03, 2.000000000e-02, 1.148511443e+00, 1.171481672e+02, 1.743941627e+02, -1.453284689e+01, 2.567919333e+05
2223, 3.250000000e-02, 3.333333333e-03, 0.000000000e+00, 1.148511443e+00, 1.171481672e+02, 0.000000000e+00, -2.906569379e+01, 2.438274508e+05
2224, 3.250000000e-02, 3.333333333e-03, 1.666666667e-03, 1.148511443e+00, 1.171481672e+02, 1.453284689e+01, -2.906569379e+01, 2.439193975e+05
2225, 3.250000000e-02, 3.333333333e-03, 3.333333333e-03, 1.148511443e+00, 1.171481672e+02, 2.906569379e+01, -2.906569379e+01, 2.441952375e+05
2226, 3.250000000e-02, 3.333333333e-03, 5.000000000e-03, 1.148511443e+00, 1.171481672e+02, 4.359854068e+01, -2.906569379e+01, 2.446549710e+05
2227, 3.250000000e-02, 3.333333333e-03, 6.666666667e-03, 1.148511443e+00, 1.171481672e+02, 5.813138757e+01, -2.906569379e+01, 2.452985978e+05
2228, 3.250000000e-02, 3.333333333e-03, 8.333333333e-03, 1.148511443e+00, 1.171481672e+02, 7.266423447e+01, -2.906569379e+01, 2.461261179e+05
2229, 3.250000000e-02, 3.333333333e-03, 1.000000000e-02, 1.148511443e+00, 1.171481672e+02, 8.719708136e+01, -2.906569379e+01, 2.471375315e+05
2230, 3.250000000e-02, 3.333333333e-03, 1.166666667e-02, 1.148511443e+00, 1.171481672e+02, 1.017299283e+02, -2.906569379e+01, 2.483328384e+05
2231, 3.250000000e-02, 3.333333333e-03, 1.333333333e-02, 1.148511443e+00, 1.171481672e+02, 1.162627751e+02, -2.906569379e+01, 2.497120386e+05
2232, 3.250000000e-02, 3.333333333e-03, 1.500000000e-02, 1.148511443e+00, 1.171481672e+02, 1.307956220e+02, -2.906569379e+01, 2.512751323e+05
2233, 3.250000000e-02, 3.333333333e-03, 1.666666667e-02, 1.148511443e+00, 1.171481672e+02, 1.453284689e+02, -2.906569379e+01, 2.530221193e+05
2234, 3.250000000e-02, 3.333333333e-03, 1.833333333e-02, 1.148511443e+00, 1.171481672e+02, 1.598613158e+02, -2.906569379e+01, 2.549529996e+05
2235, 3.250000000e-02, 3.333333333e-03, 2.000000000e-02, 1.148511443e+00, 1.171481672e+02, 1.743941627e+02, -2.906569379e+01, 2.570677734e+05
2236, 3.250000000e-02, 5.000000000e-03, 0.000000000e+00, 1.148511443e+00, 1.171481672e+02, 0.000000000e+00, -4.359854068e+01, 2.442871842e+05
2237, 3.250000000e-02, 5.000000000e-03, 1.666666667e-03, 1.148511443e+00, 1.171481672e+02, 1.453284689e+01, -4.359854068e+01, 2.443791309e+05
2238, 3.250000000e-02, 5.000000000e-03, 3.333333333e-03, 1.148511443e+00, 1.171481672e+02, 2.906569379e+01, -4.359854068e+01, 2.446549710e+05
2239, 3.250000000e-02, 5.000000000e-03, 5.000000000e-03, 1.148511443e+00, 1.171481672e+02, 4.359854068e+01, -4.359854068e+01, 2.451147044e+05
2240, 3.250000000e-02, 5.000000000e-03, 6.666666667e-03, 1.148511443e+00, 1.171481672e+02, 5.813138757e+01, -4.359854068e+01, 2.457583312e+05
2241, 3.250000000e-02, 5.000000000e-03, 8.333333333e-03, 1.148511443e+00, 1.171481672e+02, 7.266423447e+01, -4.359854068e+01, 2.465858513e+05
2242, 3.250000000e-02, 5.000000000e-03, 1.000000000e-02, 1.148511443e+00, 1.171481672e+02, 8.719708136e+01, -4.359854068e+01, 2.475972649e+05
2243, 3.250000000e-02, 5.000000000e-03, 1.166666667e-02, 1.148511443e+00, 1.171481672e+02, 1.017299283e+02, -4.359854068e+01, 2.487925718e+05
2244, 3.250000000e-02, 5.000000000e-03, 1.333333333e-02, 1.148511443e+00, 1.171481672e+02, 1.162627751e+02, -4.359854068e+01, 2.501717720e+05
2245, 3.250000000e-02, 5.000000000e-03, 1.500000000e-02, 1.148511443e+00, 1.171481672e+02, 1.307956220e+02, -4.359854068e+01, 2.517348657e+05
2246, 3.250000000e-02, 5.000000000e-03, 1.666666667e-02, 1.148511443e+00, 1.171481672e+02, 1.453284689e+02, -4.359854068e+01, 2.534818527e+05
2247, 3.250000000e-02, 5.000000000e-03, 1.833333333e-02, 1.148511443e+00, 1.171481672e+02, 1.598613158e+02, -4.359854068e+01, 2.554127331e+05
2248, 3.250000000e-02, 5.000000000e-03, 2.000000000e-02, 1.148511443e+00, 1.171481672e+02, 1.743941627e+02, -4.359854068e+01, 2.575275068e+05
2249, 3.250000000e-02, 6.666666667e-03, 0.000000000e+00, 1.148511443e+00, 1.171481672e+02, 0.000000000e+00, -5.813138757e+01, 2.449308110e+05
2250, 3.250000000e-02, 6.666666667e-03, 1.666666667e-03, 1.148511443e+00, 1.171481672e+02, 1.453284689e+01, -5.813138757e+01, 2.450227577e+05
2251, 3.250000000e-02, 6.666666667e-03, 3.333333333e-03, 1.148511443e+00, 1.171481672e+02, 2.906569379e+01, -5.813138757e+01, 2.452985978e+05
2252, 3.250000000e-02, 6.666666667e-03, 5.000000000e-03, 1.148511443e+00, 1.171481672e+02, 4.359854068e+01, -5.813138757e+01, 2.457583312e+05
2253, 3.250000000e-02, 6.666666667e-03, 6.666666667e-03, 1.148511443e+00, 1.171481672e+02, 5.813138757e+01, -5.813138757e+01, 2.464019580e+05
2254, 3.250000000e-02, 6.666666667e-03, 8.333333333e-03, 1.148511443e+00, 1.171481672e+02, 7.266423447e+01, -5.813138757e+01, 2.472294781e+05
2255, 3.250000000e-02, 6.666666667e-03, 1.000000000e-02, 1.148511443e+00, 1.171481672e+02, 8.719708136e+01, -5.813138757e+01, 2.482408917e+05
2256, 3.250000000e-02, 6.666666667e-03, 1.166666667e-02, 1.148511443e+00, 1.171481672e+02, 1.017299283e+02, -5.813138757e+01, 2.494361986e+05
2257, 3.250000000e-02, 6.666666667e-03, 1.333333333e-02, 1.148511443e+00, 1.171481672e+02, 1.162627751e+02, -5.813138757e+01, 2.508153988e+05
2258, 3.250000000e-02, 6.666666667e-03, 1.500000000e-02, 1.148511443e+00, 1.171481672e+02, 1.307956220e+02, -5.813138757e+01, 2.523784925e+05
2259, 3.250000000e-02, 6.666666667e-03, 1.666666667e-02, 1.148511443e+00, 1.171481672e+02, 1.453284689e+02, -5.813138757e+01, 2.541254795e+05
2260, 3.250000000e-02, 6.666666667e-03, 1.833333333e-02, 1.148511443e+00, 1.171481672e+02, 1.598613158e+02, -5.813138757e+01, 2.560563599e+05
2261, 3.250000000e-02, 6.666666667e-03, 2.000000000e-02, 1.148511443e+00, 1.171481672e+02, 1.743941627e+02, -5.813138757e+01, 2.581711336e+05
2262, 3.250000000e-02, 8.333333333e-03, 0.000000000e+00, 1.148511443e+00, 1.171481672e+02, 0.000000000e+00, -7.266423447e+01, 2.457583312e+05
2263, 3.250000000e-02, 8.333333333e-03, 1.666666667e-03, 1.148511443e+00, 1.171481672e+02, 1.453284689e+01, -7.266423447e+01, 2.458502779e+05
2264, 3.250000000e-02, 8.333333333e-03, 3.333333333e-03, 1.148511443e+00, 1.171481672e+02, 2.906569379e+01, -7.266423447e+01, 2.461261179e+05
2265, 3.250000000e-02, 8.333333333e-03, 5.000000000e-03, 1.148511443e+00, 1.171481672e+02, 4.359854068e+01, -7.266423447e+01, 2.465858513e+05
2266, 3.250000000e-02, 8.333333333e-03, 6.666666667e-03, 1.148511443e+00, 1.171481672e+02, 5.813138757e+01, -7.266423447e+01, 2.472294781e+05
2267, 3.250000000e-02, 8.333333333e-03, 8.333333333e-03, 1.148511443e+00, 1.171481672e+02, 7.266423447e+01, -7.266423447e+01, 2.480569983e+05
2268, 3.250000000e-02, 8.333333333e-03, 1.000000000e-02, 1.148511443e+00, 1.171481672e+02, 8.719708136e+01, -7.266423447e+01, 2.490684118e+05
2269, 3.250000000e-02, 8.333333333e-03, 1.166666667e-02, 1.148511443e+00, 1.171481672e+02, 1.017299283e+02, -7.266423447e+01, 2.502637187e+05
2270, 3.250000000e-02, 8.333333333e-03, 1.333333333e-02, 1.148511443e+00, 1.171481672e+02, 1.162627751e+02, -7.266423447e+01, 2.516429190e+05
2271, 3.250000000e-02, 8.333333333e-03, 1.500000000e-02, 1.148511443e+00, 1.171481672e+02, 1.307956220e+02, -7.266423447e+01, 2.532060126e+05
2272, 3.250000000e-02, 8.333333333e-03, 1.666666667e-02, 1.148511443e+00, 1.171481672e+02, 1.453284689e+02, -7.266423447e+01, 2.549529996e+05
2273, 3.250000000e-02, 8.333333333e-03, 1.833333333e-02, 1.148511443e+00, 1.171481672e+02, 1.598613158e+02, -7.266423447e+01, 2.568838800e+05
2274, 3.250000000e-02, 8.333333333e-03, 2.000000000e-02, 1.148511443e+00, 1.171481672e+02, 1.743941627e+02, -7.266423447e+01, 2.589986538e+05
2275, 3.250000000e-02, 1.000000000e-02, 0.000000000e+00, 1.148511443e+00, 1.171481672e+02, 0.000000000e+00, -8.719708136e+01, 2.467697447e+05
2276, 3.250000000e-02, 1.000000000e-02, 1.666666667e-03, 1.148511443e+00, 1.171481672e+02, 1.453284689e+01, -8.719708136e+01, 2.468616914e+05
2277, 3.250000000e-02, 1.000000000e-02, 3.333333333e-03, 1.148511443e+00, 1.171481672e+02, 2.906569379e+01, -8.719708136e+01, 2.471375315e+05
2278, 3.250000000e-02, 1.000000000e-02, 5.000000000e-03, 1.148511443e+00, 1.171481672e+02, 4.359854068e+01, -8.719708136e+01, 2.475972649e+05
2279, 3.250000000e-02, 1.000000000e-02, 6.666666667e-03, 1.148511443e+00, 1.171481672e+02, 5.813138757e+01, -8.719708136e+01, 2.482408917e+05
2280, 3.250000000e-02, 1.000000000e-02, 8.333333333e-03, 1.148511443e+00, 1.171481672e+02, 7.266423447e+01, -8.719708136e+01, 2.490684118e+05
2281, 3.250000000e-02, 1.000000000e-02, 1.000000000e-02, 1.148511443e+00, 1.171481672e+02, 8.719708136e+01, -8.719708136e+01, 2.500798254e+05
2282, 3.250000000e-02, 1.000000000e-02, 1.166666667e-02, 1.148511443e+00, 1.171481672e+02, 1.017299283e+02, -8.719708136e+01, 2.512751323e+05
2283, 3.250000000e-02, 1.000000000e-02, 1.333333333e-02, 1.148511443e+00, 1.171481672e+02, 1.162627751e+02, -8.719708136e+01, 2.526543325e+05
2284, 3.250000000e-02, 1.000000000e-02, 1.500000000e-02, 1.148511443e+00, 1.171481672e+02, 1.307956220e+02, -8.719708136e+01, 2.542174262e+05
2285, 3.250000000e-02, 1.000000000e-02, 1.666666667e-02, 1.148511443e+00, 1.171481672e+02, 1.453284689e+02, -8.719708136e+01, 2.559644132e+05
2286, 3.250000000e-02, 1.000000000e-02, 1.833333333e-02, 1.148511443e+00, 1.171481672e+02, 1.598613158e+02, -8.719708136e+01, 2.578952935e+05
2287, 3.250000000e-02, 1.000000000e-02, 2.000000000e-02, 1.148511443e+00, 1.171481672e+02, 1.743941627e+02, -8.719708136e+01, 2.600100673e+05
2288, 3.250000000e-02, 1.166666667e-02, 0.000000000e+00, 1.148511443e+00, 1.171481672e+02, 0.000000000e+00, -1.017299283e+02, 2.479650516e+05
2289, 3.250000000e-02, 1.166666667e-02, 1.666666667e-03, 1.148511443e+00, 1.171481672e+02, 1.453284689e+01, -1.017299283e+02, 2.480569983e+05
2290, 3.250000000e-02, 1.166666667e-02, 3.333333333e-03, 1.148511443e+00, 1.171481672e+02, 2.906569379e+01, -1.017299283e+02, 2.483328384e+05
2291, 3.250000000e-02, 1.166666667e-02, 5.000000000e-03, 1.148511443e+00, 1.171481672e+02, 4.359854068e+01, -1.017299283e+02, 2.487925718e+05
2292, 3.250000000e-02, 1.166666667e-02, 6.666666667e-03, 1.148511443e+00, 1.171481672e+02, 5.813138757e+01, -1.017299283e+02, 2.494361986e+05
2293, 3.250000000e-02, 1.166666667e-02, 8.333333333e-03, 1.148511443e+00, 1.171481672e+02, 7.266423447e+01, -1.017299283e+02, 2.502637187e+05
2294, 3.250000000e-02, 1.166666667e-02, 1.000000000e-02, 1.148511443e+00, 1.171481672e+02, 8.719708136e+01, -1.017299283e+02, 2.512751323e+05
2295, 3.250000000e-02, 1.166666667e-02, 1.166666667e-02, 1.148511443e+00, 1.171481672e+02, 1.017299283e+02, -1.017299283e+02, 2.524704392e+05
2296, 3.250000000e-02, 1.166666667e-02, 1.333333333e-02, 1.148511443e+00, 1.171481672e+02, 1.162627751e+02, -1.017299283e+02, 2.538496394e+05
2297, 3.250000000e-02, 1.166666667e-02, 1.500000000e-02, 1.148511443e+00, 1.171481672e+02, 1.307956220e+02, -1.017299283e+02, 2.554127331e+05
2298, 3.250000000e-02, 1.166666667e-02, 1.666666667e-02, 1.148511443e+00, 1.171481672e+02, 1.453284689e+02, -1.017299283e+02, 2.571597201e+05
2299, 3.250000000e-02, 1.166666667e-02, 1.833333333e-02, 1.148511443e+00, 1.171481672e+02, 1.598613158e+02, -1.017299283e+02, 2.590906004e+05
2300, 3.250000000e-02, 1.166666667e-02, 2.000000000e-02, 1.148511443e+00, 1.171481672e+02, 1.743941627e+02, -1.017299283e+02, 2.612053742e+05
2301, 3.250000000e-02, 1.333333333e-02, 0.000000000e+00, 1.148511443e+00, 1.171481672e+02, 0.000000000e+00, -1.162627751e+02, 2.493442519e+05
2302, 3.250000000e-02, 1.333333333e-02, 1.666666667e-03, 1.148511443e+00, 1.171481672e+02, 1.453284689e+01, -1.162627751e+02, 2.494361986e+05
2303, 3.250000000e-02, 1.333333333e-02, 3.333333333e-03, 1.148511443e+00, 1.171481672e+02, 2.906569379e+01, -1.162627751e+02, 2.497120386e+05
2304, 3.250000000e-02, 1.333333333e-02, 5.000000000e-03, 1.148511443e+00, 1.171481672e+02, 4.359854068e+01, -1.162627751e+02, 2.501717720e+05
2305, 3.250000000e-02, 1.333333333e-02, 6.666666667e-03, 1.148511443e+00, 1.171481672e+02, 5.813138757e+01, -1.162627751e+02, 2.508153988e+05
2306, 3.250000000e-02, 1.333333333e-02, 8.333333333e-03, 1.148511443e+00, 1.171481672e+02, 7.266423447e+01, -1.162627751e+02, 2.516429190e+05
2307, 3.250000000e-02, 1.333333333e-02, 1.000000000e-02, 1.148511443e+00, 1.171481672e+02, 8.719708136e+01, -1.162627751e+02, 2.526543325e+05
2308, 3.250000000e-02, 1.333333333e-02, 1.166666667e-02, 1.148511443e+00, 1.171481672e+02, 1.017299283e+02, -1.162627751e+02, 2.538496394e+05
2309, 3.250000000e-02, 1.333333333e-02, 1.333333333e-02, 1.148511443e+00, 1.171481672e+02, 1.162627751e+02, -1.162627751e+02, 2.552288397e+05
2310, 3.250000000e-02, 1.333333333e-02, 1.500000000e-02, 1.148511443e+00, 1.171481672e+02, 1.307956220e+02, -1.162627751e+02, 2.567919333e+05
2311, 3.250000000e-02, 1.333333333e-02, 1.666666667e-02, 1.148511443e+00, 1.171481672e+02, 1.453284689e+02, -1.162627751e+02, 2.585389203e+05
2312, 3.250000000e-02, 1.333333333e-02, 1.833333333e-02, 1.148511443e+00, 1.171481672e+02, 1.598613158e+02, -1.162627751e+02, 2.604698007e+05
2313, 3.250000000e-02, 1.333333333e-02, 2.000000000e-02, 1.148511443e+00, 1.171481672e+02, 1.743941627e+02, -1.162627751e+02, 2.625845745e+05
2314, 3.250000000e-02, 1.500000000e-02, 0.000000000e+00, 1.148511443e+00, 1.171481672e+02, 0.000000000e+00, -1.307956220e+02, 2.509073455e+05
2315, 3.250000000e-02, 1.500000000e-02, 1.666666667e-03, 1.148511443e+00, 1.171481672e+02, 1.453284689e+01, -1.307956220e+02, 2.509992922e+05
2316, 3.250000000e-02, 1.500000000e-02, 3.333333333e-03, 1.148511443e+00, 1.171481672e+02, 2.906569379e+01, -1.307956220e+02, 2.512751323e+05
2317, 3.250000000e-02, 1.500000000e-02, 5.000000000e-03, 1.148511443e+00, 1.171481672e+02, 4.359854068e+01, -1.307956220e+02, 2.517348657e+05
2318, 3.250000000e-02, 1.500000000e-02, 6.666666667e-03, 1.148511443e+00, 1.171481672e+02, 5.813138757e+01, -1.307956220e+02, 2.523784925e+05
2319, 3.250000000e-02, 1.500000000e-02, 8.333333333e-03, 1.148511443e+00, 1.171481672e+02, 7.266423447e+01, -1.307956220e+02, 2.532060126e+05
2320, 3.250000000e-02, 1.500000000e-02, 1.000000000e-02, 1.148511443e+00, 1.171481672e+02, 8.719708136e+01, -1.307956220e+02, 2.542174262e+05
2321, 3.250000000e-02, 1.500000000e-02, 1.166666667e-02, 1.148511443e+00, 1.171481672e+02, 1.017299283e+02, -1.307956220e+02, 2.554127331e+05
2322, 3.250000000e-02, 1.500000000e-02, 1.333333333e-02, 1.148511443e+00, 1.171481672e+02, 1.162627751e+02, -1.307956220e+02, 2.567919333e+05
2323, 3.250000000e-02, 1.500000000e-02, 1.500000000e-02, 1.148511443e+00, 1.171481672e+02, 1.307956220e+02, -1.307956220e+02, 2.583550270e+05
2324, 3.250000000e-02, 1.500000000e-02, 1.666666667e-02, 1.148511443e+00, 1.171481672e+02, 1.453284689e+02, -1.307956220e+02, 2.601020140e+05
2325, 3.250000000e-02, 1.500000000e-02, 1.833333333e-02, 1.148511443e+00, 1.171481672e+02, 1.598613158e+02, -1.307956220e+02, 2.620328944e+05
2326, 3.250000000e-02, 1.500000000e-02, 2.000000000e-02, 1.148511443e+00, 1.171481672e+02, 1.743941627e+02, -1.307956220e+02, 2.641476681e+05
2327, 3.250000000e-02, 1.666666667e-02, 0.000000000e+00, 1.148511443e+00, 1.171481672e+02, 0.000000000e+00, -1.453284689e+02, 2.526543325e+05
2328, 3.250000000e-02, 1.666666667e-02, 1.666666667e-03, 1.148511443e+00, 1.171481672e+02, 1.453284689e+01, -1.453284689e+02, 2.527462792e+05
2329, 3.250000000e-02, 1.666666667e-02, 3.333333333e-03, 1.148511443e+00, 1.171481672e+02, 2.906569379e+01, -1.453284689e+02, 2.530221193e+05
2330, 3.250000000e-02, 1.666666667e-02, 5.000000000e-03, 1.148511443e+00, 1.171481672e+02, 4.359854068e+01, -1.453284689e+02, 2.534818527e+05
2331, 3.250000000e-02, 1.666666667e-02, 6.666666667e-03, 1.148511443e+00, 1.171481672e+02, 5.813138757e+01, -1.453284689e+02, 2.541254795e+05
2332, 3.250000000e-02, 1.666666667e-02, 8.333333333e-03, 1.148511443e+00, 1.171481672e+02, 7.266423447e+01, -1.453284689e+02, 2.549529996e+05
2333, 3.250000000e-02, 1.666666667e-02, 1.000000000e-02, 1.148511443e+00, 1.171481672e+02, 8.719708136e+01, -1.453284689e+02, 2.559644132e+05
2334, 3.250000000e-02, 1.666666667e-02, 1.166666667e-02, 1.148511443e+00, 1.171481672e+02, 1.017299283e+02, -1.453284689e+02, 2.571597201e+05
2335, 3.250000000e-02, 1.666666667e-02, 1.333333333e-02, 1.148511443e+00, 1.171481672e+02, 1.162627751e+02, -1.453284689e+02, 2.585389203e+05
2336, 3.250000000e-02, 1.666666667e-02, 1.500000000e-02, 1.148511443e+00, 1.171481672e+02, 1.307956220e+02, -1.453284689e+02, 2.601020140e+05
2337, 3.250000000e-02, 1.666666667e-02, 1.666666667e-02, 1.148511443e+00, 1.171481672e+02, 1.453284689e+02, -1.453284689e+02, 2.618490010e+05
2338, 3.250000000e-02, 1.666666667e-02, 1.833333333e-02, 1.148511443e+00, 1.171481672e+02, 1.598613158e+02, -1.453284689e+02, 2.637798814e+05
2339, 3.250000000e-02, 1.666666667e-02, 2.000000000e-02, 1.148511443e+00, 1.171481672e+02, 1.743941627e+02, -1.453284689e+02, 2.658946551e+05
2340, 3.250000000e-02, 1.833333333e-02, 0.000000000e+00, 1.148511443e+00, 1.171481672e+02, 0.000000000e+00, -1.598613158e+02, 2.545852129e+05
2341, 3.250000000e-02, 1.833333333e-02, 1.666666667e-03, 1.148511443e+00, 1.171481672e+02, 1.453284689e+01, -1.598613158e+02, 2.546771596e+05
2342, 3.250000000e-02, 1.833333333e-02, 3.333333333e-03, 1.148511443e+00, 1.171481672e+02, 2.906569379e+01, -1.598613158e+02, 2.549529996e+05
2343, 3.250000000e-02, 1.833333333e-02, 5.000000000e-03, 1.148511443e+00, 1.171481672e+02, 4.359854068e+01, -1.598613158e+02, 2.554127331e+05
2344, 3.250000000e-02, 1.833333333e-02, 6.666666667e-03, 1.148511443e+00, 1.171481672e+02, 5.813138757e+01, -1.598613158e+02, 2.560563599e+05
2345, 3.250000000e-02, 1.833333333e-02, 8.333333333e-03, 1.148511443e+00, 1.171481672e+02, 7.266423447e+01, -1.598613158e+02, 2.568838800e+05
2346, 3.250000000e-02, 1.833333333e-02, 1.000000000e-02, 1.148511443e+00, 1.171481672e+02, 8.719708136e+01, -1.598613158e+02, 2.578952935e+05
2347, 3.250000000e-02, 1.833333333e-02, 1.166666667e-02, 1.148511443e+00, 1.171481672e+02, 1.017299283e+02, -1.598613158e+02, 2.590906004e+05
2348, 3.250000000e-02, 1.833333333e-02, 1.333333333e-02, 1.148511443e+00, 1.171481672e+02, 1.162627751e+02, -1.598613158e+02, 2.604698007e+05
2349, 3.250000000e-02, 1.833333333e-02, 1.500000000e-02, 1.148511443e+00, 1.171481672e+02, 1.307956220e+02, -1.598613158e+02, 2.620328944e+05
2350, 3.250000000e-02, 1.833333333e-02, 1.666666667e-02, 1.148511443e+00, 1.171481672e+02, 1.453284689e+02, -1.598613158e+02, 2.637798814e+05
2351, 3.250000000e-02, 1.833333333e-02, 1.833333333e-02, 1.148511443e+00, 1.171481672e+02, 1.598613158e+02, -1.598613158e+02, 2.657107617e+05
2352, 3.250000000e-02, 1.833333333e-02, 2.000000000e-02, 1.148511443e+00, 1.171481672e+02, 1.743941627e+02, -1.598613158e+02, 2.678255355e+05
2353, 3.250000000e-02, 2.000000000e-02, 0.000000000e+00, 1.148511443e+00, 1.171481672e+02, 0.000000000e+00, -1.743941627e+02, 2.566999866e+05
2354, 3.250000000e-02, 2.000000000e-02, 1.666666667e-03, 1.148511443e+00, 1.171481672e+02, 1.453284689e+01, -1.743941627e+02, 2.567919333e+05
2355, 3.250000000e-02, 2.000000000e-02, 3.333333333e-03, 1.148511443e+00, 1.171481672e+02, 2.906569379e+01, -1.743941627e+02, 2.570677734e+05
2356, 3.250000000e-02, 2.000000000e-02, 5.000000000e-03, 1.148511443e+00, 1.171481672e+02, 4.359854068e+01, -1.743941627e+02, 2.575275068e+05
2357, 3.250000000e-02, 2.000000000e-02, 6.666666667e-03, 1.148511443e+00, 1.171481672e+02, 5.813138757e+01, -1.743941627e+02, 2.581711336e+05
2358, 3.250000000e-02, 2.000000000e-02, 8.333333333e-03, 1.148511443e+00, 1.171481672e+02, 7.266423447e+01, -1.743941627e+02, 2.589986538e+05
2359, 3.250000000e-02, 2.000000000e-02, 1.000000000e-02, 1.148511443e+00, 1.171481672e+02, 8.719708136e+01, -1.743941627e+02, 2.600100673e+05
2360, 3.250000000e-02, 2.000000000e-02, 1.166666667e-02, 1.148511443e+00, 1.171481672e+02, 1.017299283e+02, -1.743941627e+02, 2.612053742e+05
2361, 3.250000000e-02, 2.000000000e-02, 1.333333333e-02, 1.148511443e+00, 1.171481672e+02, 1.162627751e+02, -1.743941627e+02, 2.625845745e+05
2362, 3.250000000e-02, 2.000000000e-02, 1.500000000e-02, 1.148511443e+00, 1.171481672e+02, 1.307956220e+02, -1.743941627e+02, 2.641476681e+05
2363, 3.250000000e-02, 2.000000000e-02, 1.666666667e-02, 1.148511443e+00, 1.171481672e+02, 1.453284689e+02, -1.743941627e+02, 2.658946551e+05
2364, 3.250000000e-02, 2.000000000e-02, 1.833333333e-02, 1.148511443e+00, 1.171481672e+02, 1.598613158e+02, -1.743941627e+02, 2.678255355e+05
2365, 3.250000000e-02, 2.000000000e-02, 2.000000000e-02, 1.148511443e+00, 1.171481672e+02, 1.743941627e+02, -1.743941627e+02, 2.699403092e+05
2366, 3.500000000e-02, 0.000000000e+00, 0.000000000e+00, 1.148511443e+00, 1.171481672e+02, 0.000000000e+00, 0.000000000e+00, 2.434596641e+05
2367, 3.500000000e-02, 0.000000000e+00, 1.666666667e-03, 1.148511443e+00, 1.171481672e+02, 1.453284689e+01, 0.000000000e+00, 2.435516108e+05
2368, 3.500000000e-02, 0.000000000e+00, 3.333333333e-03, 1.148511443e+00, 1.171481672e+02, 2.906569379e+01, 0.000000000e+00, 2.438274508e+05
2369, 3.500000000e-02, 0.000000000e+00, 5.000000000e-03, 1.148511443e+00, 1.171481672e+02, 4.359854068e+01, 0.000000000e+00, 2.442871842e+05
2370, 3.500000000e-02, 0.000000000e+00, 6.666666667e-03, 1.148511443e+00, 1.171481672e+02, 5.813138757e+01, 0.000000000e+00, 2.449308110e+05
2371, 3.500000000e-02, 0.000000000e+00, 8.333333333e-03, 1.148511443e+00, 1.171481672e+02, 7.266423447e+01, 0.000000000e+00, 2.457583312e+05
2372, 3.500000000e-02, 0.000000000e+00, 1.000000000e-02, 1.148511443e+00, 1.171481672e+02, 8.719708136e+01, 0.000000000e+00, 2.467697447e+05
2373, 3.500000000e-02, 0.000000000e+00, 1.166666667e-02, 1.148511443e+00, 1.171481672e+02, 1.017299283e+02, 0.000000000e+00, 2.479650516e+05
2374, 3.500000000e-02, 0.000000000e+00, 1.333333333e-02, 1.148511443e+00, 1.171481672e+02, 1.162627751e+02, 0.000000000e+00, 2.493442519e+05
2375, 3.500000000e-02, 0.000000000e+00, 1.500000000e-02, 1.148511443e+00, 1.171481672e+02, 1.307956220e+02, 0.000000000e+00, 2.509073455e+05
2376, 3.500000000e-02, 0.000000000e+00, 1.666666667e-02, 1.148511443e+00, 1.171481672e+02, 1.453284689e+02, 0.000000000e+00, 2.526543325e+05
2377, 3.500000000e-02, 0.000000000e+00, 1.833333333e-02, 1.148511443e+00, 1.171481672e+02, 1.598613158e+02, 0.000000000e+00, 2.545852129e+05
2378, 3.500000000e-02, 0.000000000e+00, 2.000000000e-02, 1.148511443e+00, 1.171481672e+02, 1.743941627e+02, 0.000000000e+00, 2.566999866e+05
2379, 3.500000000e-02, 1.666666667e-03, 0.000000000e+00, 1.148511443e+00, 1.171481672e+02, 0.000000000e+00, -1.453284689e+01, 2.435516108e+05
2380, 3.500000000e-02, 1.666666667e-03, 1.666666667e-03, 1.148511443e+00, 1.171481672e+02, 1.453284689e+01, -1.453284689e+01, 2.436435574e+05
2381, 3.500000000e-02, 1.666666667e-03, 3.333333333e-03, 1.148511443e+00, 1.171481672e+02, 2.906569379e+01, -1.453284689e+01, 2.439193975e+05
2382, 3.500000000e-02, 1.666666667e-03, 5.000000000e-03, 1.148511443e+00, 1.171481672e+02, 4.359854068e+01, -1.453284689e+01, 2.443791309e+05
2383, 3.500000000e-02, 1.666666667e-03, 6.666666667e-03, 1.148511443e+00, 1.171481672e+02, 5.813138757e+01, -1.453284689e+01, 2.450227577e+05
2384, 3.500000000e-02, 1.666666667e-03, 8.333333333e-03, 1.148511443e+00, 1.171481672e+02, 7.266423447e+01, -1.453284689e+01, 2.458502779e+05
2385, 3.500000000e-02, 1.666666667e-03, 1.000000000e-02, 1.148511443e+00, 1.171481672e+02, 8.719708136e+01, -1.453284689e+01, 2.468616914e+05
2386, 3.500000000e-02, 1.666666667e-03, 1.166666667e-02, 1.148511443e+00, 1.171481672e+02, 1.017299283e+02, -1.453284689e+01, 2.480569983e+05
2387, 3.500000000e-02, 1.666666667e-03, 1.333333333e-02, 1.148511443e+00, 1.171481672e+02, 1.162627751e+02, -1.453284689e+01, 2.494361986e+05
2388, 3.500000000e-02, 1.666666667e-03, 1.500000000e-02, 1.148511443e+00, 1.171481672e+02, 1.307956220e+02, -1.453284689e+01, 2.509992922e+05
2389, 3.500000000e-02, 1.666666667e-03, 1.666666667e-02, 1.148511443e+00, 1.171481672e+02, 1.453284689e+02, -1.453284689e+01, 2.527462792e+05
2390, 3.500000000e-02, 1.666666667e-03, 1.833333333e-02, 1.148511443e+00, 1.171481672e+02, 1.598613158e+02, -1.453284689e+01, 2.546771596e+05
2391, 3.500000000e-02, 1.666666667e-03, 2.000000000e-02, 1.148511443e+00, 1.171481672e+02, 1.743941627e+02, -1.453284689e+01, 2.567919333e+05
2392, 3.500000000e-02, 3.333333333e-03, 0.000000000e+00, 1.148511443e+00, 1.171481672e+02, 0.000000000e+00, -2.906569379e+01, 2.438274508e+05
2393, 3.500000000e-02, 3.333333333e-03, 1.666666667e-03, 1.148511443e+00, 1.171481672e+02, 1.453284689e+01, -2.906569379e+01, 2.439193975e+05
2394, 3.500000000e-02, 3.333333333e-03, 3.333333333e-03, 1.148511443e+00, 1.171481672e+02, 2.906569379e+01, -2.906569379e+01, 2.441952375e+05
2395, 3.500000000e-02, 3.333333333e-03, 5.000000000e-03, 1.148511443e+00, 1.171481672e+02, 4.359854068e+01, -2.906569379e+01, 2.446549710e+05
2396, 3.500000000e-02, 3.333333333e-03, 6.666666667e-03, 1.148511443e+00, 1.171481672e+02, 5.813138757e+01, -2.906569379e+01, 2.452985978e+05
2397, 3.500000000e-02, 3.333333333e-03, 8.333333333e-03, 1.148511443e+00, 1.171481672e+02, 7.266423447e+01, -2.906569379e+01, 2.461261179e+05
2398, 3.500000000e-02, 3.333333333e-03, 1.000000000e-02, 1.148511443e+00, 1.171481672e+02, 8.719708136e+01, -2.906569379e+01, 2.471375315e+05
2399, 3.500000000e-02, 3.333333333e-03, 1.166666667e-02, 1.148511443e+00, 1.171481672e+02, 1.017299283e+02, -2.906569379e+01, 2.483328384e+05
2400, 3.500000000e-02, 3.333333333e-03, 1.333333333e-02, 1.148511443e+00, 1.171481672e+02, 1.162627751e+02, -2.906569379e+01, 2.497120386e+05
2401, 3.500000000e-02, 3.333333333e-03, 1.500000000e-02, 1.148511443e+00, 1.171481672e+02, 1.307956220e+02, -2.906569379e+01, 2.512751323e+05
2402, 3.500000000e-02, 3.333333333e-03, 1.666666667e-02, 1.148511443e+00, 1.171481672e+02, 1.453284689e+02, -2.906569379e+01, 2.530221193e+05
2403, 3.500000000e-02, 3.333333333e-03, 1.833333333e-02, 1.148511443e+00, 1.171481672e+02, 1.598613158e+02, -2.906569379e+01, 2.549529996e+05
2404, 3.500000000e-02, 3.333333333e-03, 2.000000000e-02, 1.148511443e+00, 1.171481672e+02, 1.743941627e+02, -2.906569379e+01, 2.570677734e+05
2405, 3.500000000e-02, 5.000000000e-03, 0.000000000e+00, 1.148511443e+00, 1.171481672e+02, 0.000000000e+00, -4.359854068e+01, 2.442871842e+05
2406, 3.500000000e-02, 5.000000000e-03, 1.666666667e-03, 1.148511443e+00, 1.171481672e+02, 1.453284689e+01, -4.359854068e+01, 2.443791309e+05
2407, 3.500000000e-02, 5.000000000e-03, 3.333333333e-03, 1.148511443e+00, 1.171481672e+02, 2.906569379e+01, -4.359854068e+01, 2.446549710e+05
2408, 3.500000000e-02, 5.000000000e-03, 5.000000000e-03, 1.148511443e+00, 1.171481672e+02, 4.359854068e+01, -4.359854068e+01, 2.451147044e+05
2409, 3.500000000e-02, 5.000000000e-03, 6.666666667e-03, 1.148511443e+00, 1.171481672e+02, 5.813138757e+01, -4.359854068e+01, 2.457583312e+05
2410, 3.500000000e-02, 5.000000000e-03, 8.333333333e-03, 1.148511443e+00, 1.171481672e+02, 7.266423447e+01, -4.359854068e+01, 2.465858513e+05
2411, 3.500000000e-02, 5.000000000e-03, 1.000000000e-02, 1.148511443e+00, 1.171481672e+02, 8.719708136e+01, -4.359854068e+01, 2.475972649e+05
2412, 3.500000000e-02, 5.000000000e-03, 1.166666667e-02, 1.148511443e+00, 1.171481672e+02, 1.017299283e+02, -4.359854068e+01, 2.487925718e+05
2413, 3.500000000e-02, 5.000000000e-03, 1.333333333e-02, 1.148511443e+00, 1.171481672e+02, 1.162627751e+02, -4.359854068e+01, 2.501717720e+05
2414, 3.500000000e-02, 5.000000000e-03, 1.500000000e-02, 1.148511443e+00, 1.171481672e+02, 1.307956220e+02, -4.359854068e+01, 2.517348657e+05
2415, 3.500000000e-02, 5.000000000e-03, 1.666666667e-02, 1.148511443e+00, 1.171481672e+02, 1.453284689e+02, -4.359854068e+01, 2.534818527e+05
2416, 3.500000000e-02, 5.000000000e-03, 1.833333333e-02, 1.148511443e+00, 1.171481672e+02, 1.598613158e+02, -4.359854068e+01, 2.554127331e+05
2417, 3.500000000e-02, 5.000000000e-03, 2.000000000e-02, 1.148511443e+00, 1.171481672e+02, 1.743941627e+02, -4.359854068e+01, 2.575275068e+05
2418, 3.500000000e-02, 6.666666667e-03, 0.000000000e+00, 1.148511443e+00, 1.171481672e+02, 0.000000000e+00, -5.813138757e+01, 2.449308110e+05
2419, 3.500000000e-02, 6.666666667e-03, 1.666666667e-03, 1.148511443e+00, 1.171481672e+02, 1.453284689e+01, -5.813138757e+01, 2.450227577e+05
2420, 3.500000000e-02, 6.666666667e-03, 3.333333333e-03, 1.148511443e+00, 1.171481672e+02, 2.906569379e+01, -5.813138757e+01, 2.452985978e+05
2421, 3.500000000e-02, 6.666666667e-03, 5.000000000e-03, 1.148511443e+00, 1.171481672e+02, 4.359854068e+01, -5.813138757e+01, 2.457583312e+05
2422, 3.500000000e-02, 6.666666667e-03, 6.666666667e-03, 1.148511443e+00, 1.171481672e+02, 5.813138757e+01, -5.813138757e+01, 2.464019580e+05
2423, 3.500000000e-02, 6.666666667e-03, 8.333333333e-03, 1.148511443e+00, 1.171481672e+02, 7.266423447e+01, -5.813138757e+01, 2.472294781e+05
2424, 3.500000000e-02, 6.666666667e-03, 1.000000000e-02, 1.148511443e+00, 1.171481672e+02, 8.719708136e+01, -5.813138757e+01, 2.482408917e+05
2425, 3.500000000e-02, 6.666666667e-03, 1.166666667e-02, 1.148511443e+00, 1.171481672e+02, 1.017299283e+02, -5.813138757e+01, 2.494361986e+05
2426, 3.500000000e-02, 6.666666667e-03, 1.333333333e-02, 1.148511443e+00, 1.171481672e+02, 1.162627751e+02, -5.813138757e+01, 2.508153988e+05
2427, 3.500000000e-02, 6.666666667e-03, 1.500000000e-02, 1.148511443e+00, 1.171481672e+02, 1.307956220e+02, -5.813138757e+01, 2.523784925e+05
2428, 3.500000000e-02, 6.666666667e-03, 1.666666667e-02, 1.148511443e+00, 1.171481672e+02, 1.453284689e+02, -5.813138757e+01, 2.541254795e+05
2429, 3.500000000e-02, 6.666666667e-03, 1.833333333e-02, 1.148511443e+00, 1.171481672e+02, 1.598613158e+02, -5.813138757e+01, 2.560563599e+05
2430, 3.500000000e-02, 6.666666667e-03, 2.000000000e-02, 1.148511443e+00, 1.171481672e+02, 1.743941627e+02, -5.813138757e+01, 2.581711336e+05
2431, 3.500000000e-02, 8.333333333e-03, 0.000000000e+00, 1.148511443e+00, 1.171481672e+02, 0.000000000e+00, -7.266423447e+01, 2.457583312e+05
2432, 3.500000000e-02, 8.333333333e-03, 1.666666667e-03, 1.148511443e+00, 1.171481672e+02, 1.453284689e+01, -7.266423447e+01, 2.458502779e+05
2433, 3.500000000e-02, 8.333333333e-03, 3.333333333e-03, 1.148511443e+00, 1.171481672e+02, 2.906569379e+01, -7.266423447e+01, 2.461261179e+05
2434, 3.500000000e-02, 8.333333333e-03, 5.000000000e-03, 1.148511443e+00, 1.171481672e+02, 4.359854068e+01, -7.266423447e+01, 2.465858513e+05
2435, 3.500000000e-02, 8.333333333e-03, 6.666666667e-03, 1.148511443e+00, 1.171481672e+02, 5.813138757e+01, -7.266423447e+01, 2.472294781e+05
2436, 3.500000000e-02, 8.333333333e-03, 8.333333333e-03, 1.148511443e+00, 1.171481672e+02, 7.266423447e+01, -7.266423447e+01, 2.480569983e+05
2437, 3.500000000e-02, 8.333333333e-03, 1.000000000e-02, 1.148511443e+00, 1.171481672e+02, 8.719708136e+01, -7.266423447e+01, 2.490684118e+05
2438, 3.500000000e-02, 8.333333333e-03, 1.166666667e-02, 1.148511443e+00, 1.171481672e+02, 1.017299283e+02, -7.266423447e+01, 2.502637187e+05
2439, 3.500000000e-02, 8.333333333e-03, 1.333333333e-02, 1.148511443e+00, 1.171481672e+02, 1.162627751e+02, -7.266423447e+01, 2.516429190e+05
2440, 3.500000000e-02, 8.333333333e-03, 1.500000000e-02, 1.148511443e+00, 1.171481672e+02, 1.307956220e+02, -7.266423447e+01, 2.532060126e+05
2441, 3.500000000e-02, 8.333333333e-03, 1.666666667e-02, 1.148511443e+00, 1.171481672e+02, 1.453284689e+02, -7.266423447e+01, 2.549529996e+05
2442, 3.500000000e-02, 8.333333333e-03, 1.833333333e-02, 1.148511443e+00, 1.171481672e+02, 1.598613158e+02, -7.266423447e+01, 2.568838800e+05
2443, 3.500000000e-02, 8.333333333e-03, 2.000000000e-02, 1.148511443e+00, 1.171481672e+02, 1.743941627e+02, -7.266423447e+01, 2.589986538e+05
2444, 3.500000000e-02, 1.000000000e-02, 0.000000000e+00, 1.148511443e+00, 1.171481672e+02, 0.000000000e+00, -8.719708136e+01, 2.467697447e+05
2445, 3.500000000e-02, 1.000000000e-02, 1.666666667e-03, 1.148511443e+00, 1.171481672e+02, 1.453284689e+01, -8.719708136e+01, 2.468616914e+05
2446, 3.500000000e-02, 1.000000000e-02, 3.333333333e-03, 1.148511443e+00, 1.171481672e+02, 2.906569379e+01, -8.719708136e+01, 2.471375315e+05
2447, 3.500000000e-02, 1.000000000e-02, 5.000000000e-03, 1.148511443e+00, 1.171481672e+02, 4.359854068e+01, -8.719708136e+01, 2.475972649e+05
2448, 3.500000000e-02, 1.000000000e-02, 6.666666667e-03, 1.148511443e+00, 1.171481672e+02, 5.813138757e+01, -8.719708136e+01, 2.482408917e+05
2449, 3.500000000e-02, 1.000000000e-02, 8.333333333e-03, 1.148511443e+00, 1.171481672e+02, 7.266423447e+01, -8.719708136e+01, 2.490684118e+05
2450, 3.500000000e-02, 1.000000000e-02, 1.000000000e-02, 1.148511443e+00, 1.171481672e+02, 8.719708136e+01, -8.719708136e+01, 2.500798254e+05
2451, 3.500000000e-02, 1.000000000e-02, 1.166666667e-02, 1.148511443e+00, 1.171481672e+02, 1.017299283e+02, -8.719708136e+01, 2.512751323e+05
2452, 3.500000000e-02, 1.000000000e-02, 1.333333333e-02, 1.148511443e+00, 1.171481672e+02, 1.162627751e+02, -8.719708136e+01, 2.526543325e+05
2453, 3.500000000e-02, 1.000000000e-02, 1.500000000e-02, 1.148511443e+00, 1.171481672e+02, 1.307956220e+02, -8.719708136e+01, 2.542174262e+05
2454, 3.500000000e-02, 1.000000000e-02, 1.666666667e-02, 1.148511443e+00, 1.171481672e+02, 1.453284689e+02, -8.719708136e+01, 2.559644132e+05
2455, 3.500000000e-02, 1.000000000e-02, 1.833333333e-02, 1.148511443e+00, 1.171481672e+02, 1.598613158e+02, -8.719708136e+01, 2.578952935e+05
2456, 3.500000000e-02, 1.000000000e-02, 2.000000000e-02, 1.148511443e+00, 1.171481672e+02, 1.743941627e+02, -8.719708136e+01, 2.600100673e+05
2457, 3.500000000e-02, 1.166666667e-02, 0.000000000e+00, 1.148511443e+00, 1.171481672e+02, 0.000000000e+00, -1.017299283e+02, 2.479650516e+05
2458, 3.500000000e-02, 1.166666667e-02, 1.666666667e-03, 1.148511443e+00, 1.171481672e+02, 1.453284689e+01, -1.017299283e+02, 2.480569983e+05
2459, 3.500000000e-02, 1.166666667e-02, 3.333333333e-03, 1.148511443e+00, 1.171481672e+02, 2.906569379e+01, -1.017299283e+02, 2.483328384e+05
2460, 3.500000000e-02, 1.166666667e-02, 5.000000000e-03, 1.148511443e+00, 1.171481672e+02, 4.359854068e+01, -1.017299283e+02, 2.487925718e+05
2461, 3.500000000e-02, 1.166666667e-02, 6.666666667e-03, 1.148511443e+00, 1.171481672e+02, 5.813138757e+01, -1.017299283e+02, 2.494361986e+05
2462, 3.500000000e-02, 1.166666667e-02, 8.333333333e-03, 1.148511443e+00, 1.171481672e+02, 7.266423447e+01, -1.017299283e+02, 2.502637187e+05
2463, 3.500000000e-02, 1.166666667e-02, 1.000000000e-02, 1.148511443e+00, 1.171481672e+02, 8.719708136e+01, -1.017299283e+02, 2.512751323e+05
2464, 3.500000000e-02, 1.166666667e-02, 1.166666667e-02, 1.148511443e+00, 1.171481672e+02, 1.017299283e+02, -1.017299283e+02, 2.524704392e+05
2465, 3.500000000e-02, 1.166666667e-02, 1.333333333e-02, 1.148511443e+00, 1.171481672e+02, 1.162627751e+02, -1.017299283e+02, 2.538496394e+05
2466, 3.500000000e-02, 1.166666667e-02, 1.500000000e-02, 1.148511443e+00, 1.171481672e+02, 1.307956220e+02, -1.017299283e+02, 2.554127331e+05
2467, 3.500000000e-02, 1.166666667e-02, 1.666666667e-02, 1.148511443e+00, 1.171481672e+02, 1.453284689e+02, -1.017299283e+02, 2.571597201e+05
2468, 3.500000000e-02, 1.166666667e-02, 1.833333333e-02, 1.148511443e+00, 1.171481672e+02, 1.598613158e+02, -1.017299283e+02, 2.590906004e+05
2469, 3.500000000e-02, 1.166666667e-02, 2.000000000e-02, 1.148511443e+00, 1.171481672e+02, 1.743941627e+02, -1.017299283e+02, 2.612053742e+05
2470, 3.500000000e-02, 1.333333333e-02, 0.000000000e+00, 1.148511443e+00, 1.171481672e+02, 0.000000000e+00, -1.162627751e+02, 2.493442519e+05
2471, 3.500000000e-02, 1.333333333e-02, 1.666666667e-03, 1.148511443e+00, 1.171481672e+02, 1.453284689e+01, -1.162627751e+02, 2.494361986e+05
2472, 3.500000000e-02, 1.333333333e-02, 3.333333333e-03, 1.148511443e+00, 1.171481672e+02, 2.906569379e+01, -1.162627751e+02, 2.497120386e+05
2473, 3.500000000e-02, 1.333333333e-02, 5.000000000e-03, 1.148511443e+00, 1.171481672e+02, 4.359854068e+01, -1.162627751e+02, 2.501717720e+05
2474, 3.500000000e-02, 1.333333333e-02, 6.666666667e-03, 1.148511443e+00, 1.171481672e+02, 5.813138757e+01, -1.162627751e+02, 2.508153988e+05
2475, 3.500000000e-02, 1.333333333e-02, 8.333333333e-03, 1.148511443e+00, 1.171481672e+02, 7.266423447e+01, -1.162627751e+02, 2.516429190e+05
2476, 3.500000000e-02, 1.333333333e-02, 1.000000000e-02, 1.148511443e+00, 1.171481672e+02, 8.719708136e+01, -1.162627751e+02, 2.526543325e+05
2477, 3.500000000e-02, 1.333333333e-02, 1.166666667e-02, 1.148511443e+00, 1.171481672e+02, 1.017299283e+02, -1.162627751e+02, 2.538496394e+05
2478, 3.500000000e-02, 1.333333333e-02, 1.333333333e-02, 1.148511443e+00, 1.171481672e+02, 1.162627751e+02, -1.162627751e+02, 2.552288397e+05
2479, 3.500000000e-02, 1.333333333e-02, 1.500000000e-02, 1.148511443e+00, 1.171481672e+02, 1.307956220e+02, -1.162627751e+02, 2.567919333e+05
2480, 3.500000000e-02, 1.333333333e-02, 1.666666667e-02, 1.148511443e+00, 1.171481672e+02, 1.453284689e+02, -1.162627751e+02, 2.585389203e+05
2481, 3.500000000e-02, 1.333333333e-02, 1.833333333e-02, 1.148511443e+00, 1.171481672e+02, 1.598613158e+02, -1.162627751e+02, 2.604698007e+05
2482, 3.500000000e-02, 1.333333333e-02, 2.000000000e-02, 1.148511443e+00, 1.171481672e+02, 1.743941627e+02, -1.162627751e+02, 2.625845745e+05
2483, 3.500000000e-02, 1.500000000e-02, 0.000000000e+00, 1.148511443e+00, 1.171481672e+02, 0.000000000e+00, -1.307956220e+02, 2.509073455e+05
2484, 3.500000000e-02, 1.500000000e-02, 1.666666667e-03, 1.148511443e+00, 1.171481672e+02, 1.453284689e+01, -1.307956220e+02, 2.509992922e+05
2485, 3.500000000e-02, 1.500000000e-02, 3.333333333e-03, 1.148511443e+00, 1.171481672e+02, 2.906569379e+01, -1.307956220e+02, 2.512751323e+05
2486, 3.500000000e-02, 1.500000000e-02, 5.000000000e-03, 1.148511443e+00, 1.171481672e+02, 4.359854068e+01, -1.307956220e+02, 2.517348657e+05
2487, 3.500000000e-02, 1.500000000e-02, 6.666666667e-03, 1.148511443e+00, 1.171481672e+02, 5.813138757e+01, -1.307956220e+02, 2.523784925e+05
2488, 3.500000000e-02, 1.500000000e-02, 8.333333333e-03, 1.148511443e+00, 1.171481672e+02, 7.266423447e+01, -1.307956220e+02, 2.532060126e+05
2489, 3.500000000e-02, 1.500000000e-02, 1.000000000e-02, 1.148511443e+00, 1.171481672e+02, 8.719708136e+01, -1.307956220e+02, 2.542174262e+05
2490, 3.500000000e-02, 1.500000000e-02, 1.166666667e-02, 1.148511443e+00, 1.171481672e+02, 1.017299283e+02, -1.307956220e+02, 2.554127331e+05
2491, 3.500000000e-02, 1.500000000e-02, 1.333333333e-02, 1.148511443e+00, 1.171481672e+02, 1.162627751e+02, -1.307956220e+02, 2.567919333e+05
2492, 3.500000000e-02, 1.500000000e-02, 1.500000000e-02, 1.148511443e+00, 1.171481672e+02, 1.307956220e+02, -1.307956220e+02, 2.583550270e+05
2493, 3.500000000e-02, 1.500000000e-02, 1.666666667e-02, 1.148511443e+00, 1.171481672e+02, 1.453284689e+02, -1.307956220e+02, 2.601020140e+05
2494, 3.500000000e-02, 1.500000000e-02, 1.833333333e-02, 1.148511443e+00, 1.171481672e+02, 1.598613158e+02, -1.307956220e+02, 2.620328944e+05
2495, 3.500000000e-02, 1.500000000e-02, 2.000000000e-02, 1.148511443e+00, 1.171481672e+02, 1.743941627e+02, -1.307956220e+02, 2.641476681e+05
2496, 3.500000000e-02, 1.666666667e-02, 0.000000000e+00, 1.148511443e+00, 1.171481672e+02, 0.000000000e+00, -1.453284689e+02, 2.526543325e+05
2497, 3.500000000e-02, 1.666666667e-02, 1.666666667e-03, 1.148511443e+00, 1.171481672e+02, 1.453284689e+01, -1.453284689e+02, 2.527462792e+05
2498, 3.500000000e-02, 1.666666667e-02, 3.333333333e-03, 1.148511443e+00, 1.171481672e+02, 2.906569379e+01, -1.453284689e+02, 2.530221193e+05
2499, 3.500000000e-02, 1.666666667e-02, 5.000000000e-03, 1.148511443e+00, 1.171481672e+02, 4.359854068e+01, -1.453284689e+02, 2.534818527e+05
2500, 3.500000000e-02, 1.666666667e-02, 6.666666667e-03, 1.148511443e+00, 1.171481672e+02, 5.813138757e+01, -1.453284689e+02, 2.541254795e+05
2501, 3.500000000e-02, 1.666666667e-02, 8.333333333e-03, 1.148511443e+00, 1.171481672e+02, 7.266423447e+01, -1.453284689e+02, 2.549529996e+05
2502, 3.500000000e-02, 1.666666667e-02, 1.000000000e-02, 1.148511443e+00, 1.171481672e+02, 8.719708136e+01, -1.453284689e+02, 2.559644132e+05
2503, 3.500000000e-02, 1.666666667e-02, 1.166666667e-02, 1.148511443e+00, 1.171481672e+02, 1.017299283e+02, -1.453284689e+02, 2.571597201e+05
2504, 3.500000000e-02, 1.666666667e-02, 1.333333333e-02, 1.148511443e+00, 1.171481672e+02, 1.162627751e+02, -1.453284689e+02, 2.585389203e+05
2505, 3.500000000e-02, 1.666666667e-02, 1.500000000e-02, 1.148511443e+00, 1.171481672e+02, 1.307956220e+02, -1.453284689e+02, 2.601020140e+05
2506, 3.500000000e-02, 1.666666667e-02, 1.666666667e-02, 1.148511443e+00, 1.171481672e+02, 1.453284689e+02, -1.453284689e+02, 2.618490010e+05
2507, 3.500000000e-02, 1.666666667e-02, 1.833333333e-02, 1.148511443e+00, 1.171481672e+02, 1.598613158e+02, -1.453284689e+02, 2.637798814e+05
2508, 3.500000000e-02, 1.666666667e-02, 2.000000000e-02, 1.148511443e+00, 1.171481672e+02, 1.743941627e+02, -1.453284689e+02, 2.658946551e+05
2509, 3.500000000e-02, 1.833333333e-02, 0.000000000e+00, 1.148511443e+00, 1.171481672e+02, 0.000000000e+00, -1.598613158e+02, 2.545852129e+05
2510, 3.500000000e-02, 1.833333333e-02, 1.666666667e-03, 1.148511443e+00, 1.171481672e+02, 1.453284689e+01, -1.598613158e+02, 2.546771596e+05
2511, 3.500000000e-02, 1.833333333e-02, 3.333333333e-03, 1.148511443e+00, 1.171481672e+02, 2.906569379e+01, -1.598613158e+02, 2.549529996e+05
2512, 3.500000000e-02, 1.833333333e-02, 5.000000000e-03, 1.148511443e+00, 1.171481672e+02, 4.359854068e+01, -1.598613158e+02, 2.554127331e+05
2513, 3.500000000e-02, 1.833333333e-02, 6.666666667e-03, 1.148511443e+00, 1.171481672e+02, 5.813138757e+01, -1.598613158e+02, 2.560563599e+05
2514, 3.500000000e-02, 1.833333333e-02, 8.333333333e-03, 1.148511443e+00, 1.171481672e+02, 7.266423447e+01, -1.598613158e+02, 2.568838800e+05
2515, 3.500000000e-02, 1.833333333e-02, 1.000000000e-02, 1.148511443e+00, 1.171481672e+02, 8.719708136e+01, -1.598613158e+02, 2.578952935e+05
2516, 3.500000000e-02, 1.833333333e-02, 1.166666667e-02, 1.148511443e+00, 1.171481672e+02, 1.017299283e+02, -1.598613158e+02, 2.590906004e+05
2517, 3.500000000e-02, 1.833333333e-02, 1.333333333e-02, 1.148511443e+00, 1.171481672e+02, 1.162627751e+02, -1.598613158e+02, 2.604698007e+05
2518, 3.500000000e-02, 1.833333333e-02, 1.500000000e-02, 1.148511443e+00, 1.171481672e+02, 1.307956220e+02, -1.598613158e+02, 2.620328944e+05
2519, 3.500000000e-02, 1.833333333e-02, 1.666666667e-02, 1.148511443e+00, 1.171481672e+02, 1.453284689e+02, -1.598613158e+02, 2.637798814e+05
2520, 3.500000000e-02, 1.833333333e-02, 1.833333333e-02, 1.148511443e+00, 1.171481672e+02, 1.598613158e+02, -1.598613158e+02, 2.657107617e+05
2521, 3.500000000e-02, 1.833333333e-02, 2.000000000e-02, 1.148511443e+00, 1.171481672e+02, 1.743941627e+02, -1.598613158e+02, 2.678255355e+05
2522, 3.500000000e-02, 2.000000000e-02, 0.000000000e+00, 1.148511443e+00, 1.171481672e+02, 0.000000000e+00, -1.743941627e+02, 2.566999866e+05
2523, 3.500000000e-02, 2.000000000e-02, 1.666666667e-03, 1.148511443e+00, 1.171481672e+02, 1.453284689e+01, -1.743941627e+02, 2.567919333e+05
2524, 3.500000000e-02, 2.000000000e-02, 3.333333333e-03, 1.148511443e+00, 1.171481672e+02, 2.906569379e+01, -1.743941627e+02, 2.570677734e+05
2525, 3.500000000e-02, 2.000000000e-02, 5.000000000e-03, 1.148511443e+00, 1.171481672e+02, 4.359854068e+01, -1.743941627e+02, 2.575275068e+05
2526, 3.500000000e-02, 2.000000000e-02, 6.666666667e-03, 1.148511443e+00, 1.171481672e+02, 5.813138757e+01, -1.743941627e+02, 2.581711336e+05
2527, 3.500000000e-02, 2.000000000e-02, 8.333333333e-03, 1.148511443e+00, 1.171481672e+02, 7.266423447e+01, -1.743941627e+02, 2.589986538e+05
2528, 3.500000000e-02, 2.000000000e-02, 1.000000000e-02, 1.148511443e+00, 1.171481672e+02, 8.719708136e+01, -1.743941627e+02, 2.600100673e+05
2529, 3.500000000e-02, 2.000000000e-02, 1.166666667e-02, 1.148511443e+00, 1.171481672e+02, 1.017299283e+02, -1.743941627e+02, 2.612053742e+05
2530, 3.500000000e-02, 2.000000000e-02, 1.333333333e-02, 1.148511443e+00, 1.171481672e+02, 1.162627751e+02, -1.743941627e+02, 2.625845745e+05
2531, 3.500000000e-02, 2.000000000e-02, 1.500000000e-02, 1.148511443e+00, 1.171481672e+02, 1.307956220e+02, -1.743941627e+02, 2.641476681e+05
2532, 3.500000000e-02, 2.000000000e-02, 1.666666667e-02, 1.148511443e+00, 1.171481672e+02, 1.453284689e+02, -1.743941627e+02, 2.658946551e+05
2533, 3.500000000e-02, 2.000000000e-02, 1.833333333e-02, 1.148511443e+00, 1.171481672e+02, 1.598613158e+02, -1.743941627e+02, 2.678255355e+05
2534, 3.500000000e-02, 2.000000000e-02, 2.000000000e-02, 1.148511443e+00, 1.171481672e+02, 1.743941627e+02, -1.743941627e+02, 2.699403092e+05
2535, 3.750000000e-02, 0.000000000e+00, 0.000000000e+00, 1.148511443e+00, 1.171481672e+02, 0.000000000e+00, 0.000000000e+00, 2.434596641e+05
2536, 3.750000000e-02, 0.000000000e+00, 1.666666667e-03, 1.148511443e+00, 1.171481672e+02, 1.453284689e+01, 0.000000000e+00, 2.435516108e+05
2537, 3.750000000e-02, 0.000000000e+00, 3.333333333e-03, 1.148511443e+00, 1.171481672e+02, 2.906569379e+01, 0.000000000e+00, 2.438274508e+05
2538, 3.750000000e-02, 0.000000000e+00, 5.000000000e-03, 1.148511443e+00, 1.171481672e+02, 4.359854068e+01, 0.000000000e+00, 2.442871842e+05
2539, 3.750000000e-02, 0.000000000e+00, 6.666666667e-03, 1.148511443e+00, 1.171481672e+02, 5.813138757e+01, 0.000000000e+00, 2.449308110e+05
2540, 3.750000000e-02, 0.000000000e+00, 8.333333333e-03, 1.148511443e+00, 1.171481672e+02, 7.266423447e+01, 0.000000000e+00, 2.457583312e+05
2541, 3.750000000e-02, 0.000000000e+00, 1.000000000e-02, 1.148511443e+00, 1.171481672e+02, 8.719708136e+01, 0.000000000e+00, 2.467697447e+05
2542, 3.750000000e-02, 0.000000000e+00, 1.166666667e-02, 1.148511443e+00, 1.171481672e+02, 1.017299283e+02, 0.000000000e+00, 2.479650516e+05
2543, 3.750000000e-02, 0.000000000e+00, 1.333333333e-02, 1.148511443e+00, 1.171481672e+02, 1.162627751e+02, 0.000000000e+00, 2.493442519e+05
2544, 3.750000000e-02, 0.000000000e+00, 1.500000000e-02, 1.148511443e+00, 1.171481672e+02, 1.307956220e+02, 0.000000000e+00, 2.509073455e+05
2545, 3.750000000e-02, 0.000000000e+00, 1.666666667e-02, 1.148511443e+00, 1.171481672e+02, 1.453284689e+02, 0.000000000e+00, 2.526543325e+05
2546, 3.750000000e-02, 0.000000000e+00, 1.833333333e-02, 1.148511443e+00, 1.171481672e+02, 1.598613158e+02, 0.000000000e+00, 2.545852129e+05
2547, 3.750000000e-02, 0.000000000e+00, 2.000000000e-02, 1.148511443e+00, 1.171481672e+02, 1.743941627e+02, 0.000000000e+00, 2.566999866e+05
2548, 3.750000000e-02, 1.666666667e-03, 0.000000000e+00, 1.148511443e+00, 1.171481672e+02, 0.000000000e+00, -1.453284689e+01, 2.435516108e+05
2549, 3.750000000e-02, 1.666666667e-03, 1.666666667e-03, 1.148511443e+00, 1.171481672e+02, 1.453284689e+01, -1.453284689e+01, 2.436435574e+05
2550, 3.750000000e-02, 1.666666667e-03, 3.333333333e-03, 1.148511443e+00, 1.171481672e+02, 2.906569379e+01, -1.453284689e+01, 2.439193975e+05
2551, 3.750000000e-02, 1.666666667e-03, 5.000000000e-03, 1.148511443e+00, 1.171481672e+02, 4.359854068e+01, -1.453284689e+01, 2.443791309e+05
2552, 3.750000000e-02, 1.666666667e-03, 6.666666667e-03, 1.148511443e+00, 1.171481672e+02, 5.813138757e+01, -1.453284689e+01, 2.450227577e+05
2553, 3.750000000e-02, 1.666666667e-03, 8.333333333e-03, 1.148511443e+00, 1.171481672e+02, 7.266423447e+01, -1.453284689e+01, 2.458502779e+05
2554, 3.750000000e-02, 1.666666667e-03, 1.000000000e-02, 1.148511443e+00, 1.171481672e+02, 8.719708136e+01, -1.453284689e+01, 2.468616914e+05
2555, 3.750000000e-02, 1.666666667e-03, 1.166666667e-02, 1.148511443e+00, 1.171481672e+02, 1.017299283e+02, -1.453284689e+01, 2.480569983e+05
2556, 3.750000000e-02, 1.666666667e-03, 1.333333333e-02, 1.148511443e+00, 1.171481672e+02, 1.162627751e+02, -1.453284689e+01, 2.494361986e+05
2557, 3.750000000e-02, 1.666666667e-03, 1.500000000e-02, 1.148511443e+00, 1.171481672e+02, 1.307956220e+02, -1.453284689e+01, 2.509992922e+05
2558, 3.750000000e-02, 1.666666667e-03, 1.666666667e-02, 1.148511443e+00, 1.171481672e+02, 1.453284689e+02, -1.453284689e+01, 2.527462792e+05
2559, 3.750000000e-02, 1.666666667e-03, 1.833333333e-02, 1.148511443e+00, 1.171481672e+02, 1.598613158e+02, -1.453284689e+01, 2.546771596e+05
2560, 3.750000000e-02, 1.666666667e-03, 2.000000000e-02, 1.148511443e+00, 1.171481672e+02, 1.743941627e+02, -1.453284689e+01, 2.567919333e+05
2561, 3.750000000e-02, 3.333333333e-03, 0.000000000e+00, 1.148511443e+00, 1.171481672e+02, 0.000000000e+00, -2.906569379e+01, 2.438274508e+05
2562, 3.750000000e-02, 3.333333333e-03, 1.666666667e-03, 1.148511443e+00, 1.171481672e+02, 1.453284689e+01, -2.906569379e+01, 2.439193975e+05
2563, 3.750000000e-02, 3.333333333e-03, 3.333333333e-03, 1.148511443e+00, 1.171481672e+02, 2.906569379e+01, -2.906569379e+01, 2.441952375e+05
2564, 3.750000000e-02, 3.333333333e-03, 5.000000000e-03, 1.148511443e+00, 1.171481672e+02, 4.359854068e+01, -2.906569379e+01, 2.446549710e+05
2565, 3.750000000e-02, 3.333333333e-03, 6.666666667e-03, 1.148511443e+00, 1.171481672e+02, 5.813138757e+01, -2.906569379e+01, 2.452985978e+05
2566, 3.750000000e-02, 3.333333333e-03, 8.333333333e-03, 1.148511443e+00, 1.171481672e+02, 7.266423447e+01, -2.906569379e+01, 2.461261179e+05
2567, 3.750000000e-02, 3.333333333e-03, 1.000000000e-02, 1.148511443e+00, 1.171481672e+02, 8.719708136e+01, -2.906569379e+01, 2.471375315e+05
2568, 3.750000000e-02, 3.333333333e-03, 1.166666667e-02, 1.148511443e+00, 1.171481672e+02, 1.017299283e+02, -2.906569379e+01, 2.483328384e+05
2569, 3.750000000e-02, 3.333333333e-03, 1.333333333e-02, 1.148511443e+00, 1.171481672e+02, 1.162627751e+02, -2.906569379e+01, 2.497120386e+05
2570, 3.750000000e-02, 3.333333333e-03, 1.500000000e-02, 1.148511443e+00, 1.171481672e+02, 1.307956220e+02, -2.906569379e+01, 2.512751323e+05
2571, 3.750000000e-02, 3.333333333e-03, 1.666666667e-02, 1.148511443e+00, 1.171481672e+02, 1.453284689e+02, -2.906569379e+01, 2.530221193e+05
2572, 3.750000000e-02, 3.333333333e-03, 1.833333333e-02, 1.148511443e+00, 1.171481672e+02, 1.598613158e+02, -2.906569379e+01, 2.549529996e+05
2573, 3.750000000e-02, 3.333333333e-03, 2.000000000e-02, 1.148511443e+00, 1.171481672e+02, 1.743941627e+02, -2.906569379e+01, 2.570677734e+05
2574, 3.750000000e-02, 5.000000000e-03, 0.000000000e+00, 1.148511443e+00, 1.171481672e+02, 0.000000000e+00, -4.359854068e+01, 2.442871842e+05
2575, 3.750000000e-02, 5.000000000e-03, 1.666666667e-03, 1.148511443e+00, 1.171481672e+02, 1.453284689e+01, -4.359854068e+01, 2.443791309e+05
2576, 3.750000000e-02, 5.000000000e-03, 3.333333333e-03, 1.148511443e+00, 1.171481672e+02, 2.906569379e+01, -4.359854068e+01, 2.446549710e+05
2577, 3.750000000e-02, 5.000000000e-03, 5.000000000e-03, 1.148511443e+00, 1.171481672e+02, 4.359854068e+01, -4.359854068e+01, 2.451147044e+05
2578, 3.750000000e-02, 5.000000000e-03, 6.666666667e-03, 1.148511443e+00, 1.171481672e+02, 5.813138757e+01, -4.359854068e+01, 2.457583312e+05
2579, 3.750000000e-02, 5.000000000e-03, 8.333333333e-03, 1.148511443e+00, 1.171481672e+02, 7.266423447e+01, -4.359854068e+01, 2.465858513e+05
2580, 3.750000000e-02, 5.000000000e-03, 1.000000000e-02, 1.148511443e+00, 1.171481672e+02, 8.719708136e+01, -4.359854068e+01, 2.475972649e+05
2581, 3.750000000e-02, 5.000000000e-03, 1.166666667e-02, 1.148511443e+00, 1.171481672e+02, 1.017299283e+02, -4.359854068e+01, 2.487925718e+05
2582, 3.750000000e-02, 5.000000000e-03, 1.333333333e-02, 1.148511443e+00, 1.171481672e+02, 1.162627751e+02, -4.359854068e+01, 2.501717720e+05
2583, 3.750000000e-02, 5.000000000e-03, 1.500000000e-02, 1.148511443e+00, 1.171481672e+02, 1.307956220e+02, -4.359854068e+01, 2.517348657e+05
2584, 3.750000000e-02, 5.000000000e-03, 1.666666667e-02, 1.148511443e+00, 1.171481672e+02, 1.453284689e+02, -4.359854068e+01, 2.534818527e+05
2585, 3.750000000e-02, 5.000000000e-03, 1.833333333e-02, 1.148511443e+00, 1.171481672e+02, 1.598613158e+02, -4.359854068e+01, 2.554127331e+05
2586, 3.750000000e-02, 5.000000000e-03, 2.000000000e-02, 1.148511443e+00, 1.171481672e+02, 1.743941627e+02, -4.359854068e+01, 2.575275068e+05
2587, 3.750000000e-02, 6.666666667e-03, 0.000000000e+00, 1.148511443e+00, 1.171481672e+02, 0.000000000e+00, -5.813138757e+01, 2.449308110e+05
2588, 3.750000000e-02, 6.666666667e-03, 1.666666667e-03, 1.148511443e+00, 1.171481672e+02, 1.453284689e+01, -5.813138757e+01, 2.450227577e+05
2589, 3.750000000e-02, 6.666666667e-03, 3.333333333e-03, 1.148511443e+00, 1.171481672e+02, 2.906569379e+01, -5.813138757e+01, 2.452985978e+05
2590, 3.750000000e-02, 6.666666667e-03, 5.000000000e-03, 1.148511443e+00, 1.171481672e+02, 4.359854068e+01, -5.813138757e+01, 2.457583312e+05
2591, 3.750000000e-02, 6.666666667e-03, 6.666666667e-03, 1.148511443e+00, 1.171481672e+02, 5.813138757e+01, -5.813138757e+01, 2.464019580e+05
2592, 3.750000000e-02, 6.666666667e-03, 8.333333333e-03, 1.148511443e+00, 1.171481672e+02, 7.266423447e+01, -5.813138757e+01, 2.472294781e+05
2593, 3.750000000e-02, 6.666666667e-03, 1.000000000e-02, 1.148511443e+00, 1.171481672e+02, 8.719708136e+01, -5.813138757e+01, 2.482408917e+05
2594, 3.750000000e-02, 6.666666667e-03, 1.166666667e-02, 1.148511443e+00, 1.171481672e+02, 1.017299283e+02, -5.813138757e+01, 2.494361986e+05
2595, 3.750000000e-02, 6.666666667e-03, 1.333333333e-02, 1.148511443e+00, 1.171481672e+02, 1.162627751e+02, -5.813138757e+01, 2.508153988e+05
2596, 3.750000000e-02, 6.666666667e-03, 1.500000000e-02, 1.148511443e+00, 1.171481672e+02, 1.307956220e+02, -5.813138757e+01, 2.523784925e+05
2597, 3.750000000e-02, 6.666666667e-03, 1.666666667e-02, 1.148511443e+00, 1.171481672e+02, 1.453284689e+02, -5.813138757e+01, 2.541254795e+05
2598, 3.750000000e-02, 6.666666667e-03, 1.833333333e-02, 1.148511443e+00, 1.171481672e+02, 1.598613158e+02, -5.813138757e+01, 2.560563599e+05
2599, 3.750000000e-02, 6.666666667e-03, 2.000000000e-02, 1.148511443e+00, 1.171481672e+02, 1.743941627e+02, -5.813138757e+01, 2.581711336e+05
2600, 3.750000000e-02, 8.333333333e-03, 0.000000000e+00, 1.148511443e+00, 1.171481672e+02, 0.000000000e+00, -7.266423447e+01, 2.457583312e+05
2601, 3.750000000e-02, 8.333333333e-03, 1.666666667e-03, 1.148511443e+00, 1.171481672e+02, 1.453284689e+01, -7.266423447e+01, 2.458502779e+05
2602, 3.750000000e-02, 8.333333333e-03, 3.333333333e-03, 1.148511443e+00, 1.171481672e+02, 2.906569379e+01, -7.266423447e+01, 2.461261179e+05
2603, 3.750000000e-02, 8.333333333e-03, 5.000000000e-03, 1.148511443e+00, 1.171481672e+02, 4.359854068e+01, -7.266423447e+01, 2.465858513e+05
2604, 3.750000000e-02, 8.333333333e-03, 6.666666667e-03, 1.148511443e+00, 1.171481672e+02, 5.813138757e+01, -7.266423447e+01, 2.472294781e+05
2605, 3.750000000e-02, 8.333333333e-03, 8.333333333e-03, 1.148511443e+00, 1.171481672e+02, 7.266423447e+01, -7.266423447e+01, 2.480569983e+05
2606, 3.750000000e-02, 8.333333333e-03, 1.000000000e-02, 1.148511443e+00, 1.171481672e+02, 8.719708136e+01, -7.266423447e+01, 2.490684118e+05
2607, 3.750000000e-02, 8.333333333e-03, 1.166666667e-02, 1.148511443e+00, 1.171481672e+02, 1.017299283e+02, -7.266423447e+01, 2.502637187e+05
2608, 3.750000000e-02, 8.333333333e-03, 1.333333333e-02, 1.148511443e+00, 1.171481672e+02, 1.162627751e+02, -7.266423447e+01, 2.516429190e+05
2609, 3.750000000e-02, 8.333333333e-03, 1.500000000e-02, 1.148511443e+00, 1.171481672e+02, 1.307956220e+02, -7.266423447e+01, 2.532060126e+05
2610, 3.750000000e-02, 8.333333333e-03, 1.666666667e-02, 1.148511443e+00, 1.171481672e+02, 1.453284689e+02, -7.266423447e+01, 2.549529996e+05
2611, 3.750000000e-02, 8.333333333e-03, 1.833333333e-02, 1.148511443e+00, 1.171481672e+02, 1.598613158e+02, -7.266423447e+01, 2.568838800e+05
2612, 3.750000000e-02, 8.333333333e-03, 2.000000000e-02, 1.148511443e+00, 1.171481672e+02, 1.743941627e+02, -7.266423447e+01, 2.589986538e+05
2613, 3.750000000e-02, 1.000000000e-02, 0.000000000e+00, 1.148511443e+00, 1.171481672e+02, 0.000000000e+00, -8.719708136e+01, 2.467697447e+05
2614, 3.750000000e-02, 1.000000000e-02, 1.666666667e-03, 1.148511443e+00, 1.171481672e+02, 1.453284689e+01, -8.719708136e+01, 2.468616914e+05
2615, 3.750000000e-02, 1.000000000e-02, 3.333333333e-03, 1.148511443e+00, 1.171481672e+02, 2.906569379e+01, -8.719708136e+01, 2.471375315e+05
2616, 3.750000000e-02, 1.000000000e-02, 5.000000000e-03, 1.148511443e+00, 1.171481672e+02, 4.359854068e+01, -8.719708136e+01, 2.475972649e+05
2617, 3.750000000e-02, 1.000000000e-02, 6.666666667e-03, 1.148511443e+00, 1.171481672e+02, 5.813138757e+01, -8.719708136e+01, 2.482408917e+05
2618, 3.750000000e-02, 1.000000000e-02, 8.333333333e-03, 1.148511443e+00, 1.171481672e+02, 7.266423447e+01, -8.719708136e+01, 2.490684118e+05
2619, 3.750000000e-02, 1.000000000e-02, 1.000000000e-02, 1.148511443e+00, 1.171481672e+02, 8.719708136e+01, -8.719708136e+01, 2.500798254e+05
2620, 3.750000000e-02, 1.000000000e-02, 1.166666667e-02, 1.148511443e+00, 1.171481672e+02, 1.017299283e+02, -8.719708136e+01, 2.512751323e+05
2621, 3.750000000e-02, 1.000000000e-02, 1.333333333e-02, 1.148511443e+00, 1.171481672e+02, 1.162627751e+02, -8.719708136e+01, 2.526543325e+05
2622, 3.750000000e-02, 1.000000000e-02, 1.500000000e-02, 1.148511443e+00, 1.171481672e+02, 1.307956220e+02, -8.719708136e+01, 2.542174262e+05
2623, 3.750000000e-02, 1.000000000e-02, 1.666666667e-02, 1.148511443e+00, 1.171481672e+02, 1.453284689e+02, -8.719708136e+01, 2.559644132e+05
2624, 3.750000000e-02, 1.000000000e-02, 1.833333333e-02, 1.148511443e+00, 1.171481672e+02, 1.598613158e+02, -8.719708136e+01, 2.578952935e+05
2625, 3.750000000e-02, 1.000000000e-02, 2.000000000e-02, 1.148511443e+00, 1.171481672e+02, 1.743941627e+02, -8.719708136e+01, 2.600100673e+05
2626, 3.750000000e-02, 1.166666667e-02, 0.000000000e+00, 1.148511443e+00, 1.171481672e+02, 0.000000000e+00, -1.017299283e+02, 2.479650516e+05
2627, 3.750000000e-02, 1.166666667e-02, 1.666666667e-03, 1.148511443e+00, 1.171481672e+02, 1.453284689e+01, -1.017299283e+02, 2.480569983e+05
2628, 3.750000000e-02, 1.166666667e-02, 3.333333333e-03, 1.148511443e+00, 1.171481672e+02, 2.906569379e+01, -1.017299283e+02, 2.483328384e+05
2629, 3.750000000e-02, 1.166666667e-02, 5.000000000e-03, 1.148511443e+00, 1.171481672e+02, 4.359854068e+01, -1.017299283e+02, 2.487925718e+05
2630, 3.750000000e-02, 1.166666667e-02, 6.666666667e-03, 1.148511443e+00, 1.171481672e+02, 5.813138757e+01, -1.017299283e+02, 2.494361986e+05
2631, 3.750000000e-02, 1.166666667e-02, 8.333333333e-03, 1.148511443e+00, 1.171481672e+02, 7.266423447e+01, -1.017299283e+02, 2.502637187e+05
2632, 3.750000000e-02, 1.166666667e-02, 1.000000000e-02, 1.148511443e+00, 1.171481672e+02, 8.719708136e+01, -1.017299283e+02, 2.512751323e+05
2633, 3.750000000e-02, 1.166666667e-02, 1.166666667e-02, 1.148511443e+00, 1.171481672e+02, 1.017299283e+02, -1.017299283e+02, 2.524704392e+05
2634, 3.750000000e-02, 1.166666667e-02, 1.333333333e-02, 1.148511443e+00, 1.171481672e+02, 1.162627751e+02, -1.017299283e+02, 2.538496394e+05
2635, 3.750000000e-02, 1.166666667e-02, 1.500000000e-02, 1.148511443e+00, 1.171481672e+02, 1.307956220e+02, -1.017299283e+02, 2.554127331e+05
2636, 3.750000000e-02, 1.166666667e-02, 1.666666667e-02, 1.148511443e+00, 1.171481672e+02, 1.453284689e+02, -1.017299283e+02, 2.571597201e+05
2637, 3.750000000e-02, 1.166666667e-02, 1.833333333e-02, 1.148511443e+00, 1.171481672e+02, 1.598613158e+02, -1.017299283e+02, 2.590906004e+05
2638, 3.750000000e-02, 1.166666667e-02, 2.000000000e-02, 1.148511443e+00, 1.171481672e+02, 1.743941627e+02, -1.017299283e+02, 2.612053742e+05
2639, 3.750000000e-02, 1.333333333e-02, 0.000000000e+00, 1.148511443e+00, 1.171481672e+02, 0.000000000e+00, -1.162627751e+02, 2.493442519e+05
2640, 3.750000000e-02, 1.333333333e-02, 1.666666667e-03, 1.148511443e+00, 1.171481672e+02, 1.453284689e+01, -1.162627751e+02, 2.494361986e+05
2641, 3.750000000e-02, 1.333333333e-02, 3.333333333e-03, 1.148511443e+00, 1.171481672e+02, 2.906569379e+01, -1.162627751e+02, 2.497120386e+05
2642, 3.750000000e-02, 1.333333333e-02, 5.000000000e-03, 1.148511443e+00, 1.171481672e+02, 4.359854068e+01, -1.162627751e+02, 2.501717720e+05
2643, 3.750000000e-02, 1.333333333e-02, 6.666666667e-03, 1.148511443e+00, 1.171481672e+02, 5.813138757e+01, -1.162627751e+02, 2.508153988e+05
2644, 3.750000000e-02, 1.333333333e-02, 8.333333333e-03, 1.148511443e+00, 1.171481672e+02, 7.266423447e+01, -1.162627751e+02, 2.516429190e+05
2645, 3.750000000e-02, 1.333333333e-02, 1.000000000e-02, 1.148511443e+00, 1.171481672e+02, 8.719708136e+01, -1.162627751e+02, 2.526543325e+05
2646, 3.750000000e-02, 1.333333333e-02, 1.166666667e-02, 1.148511443e+00, 1.171481672e+02, 1.017299283e+02, -1.162627751e+02, 2.538496394e+05
2647, 3.750000000e-02, 1.333333333e-02, 1.333333333e-02, 1.148511443e+00, 1.171481672e+02, 1.162627751e+02, -1.162627751e+02, 2.552288397e+05
2648, 3.750000000e-02, 1.333333333e-02, 1.500000000e-02, 1.148511443e+00, 1.171481672e+02, 1.307956220e+02, -1.162627751e+02, 2.567919333e+05
2649, 3.750000000e-02, 1.333333333e-02, 1.666666667e-02, 1.148511443e+00, 1.171481672e+02, 1.453284689e+02, -1.162627751e+02, 2.585389203e+05
2650, 3.750000000e-02, 1.333333333e-02, 1.833333333e-02, 1.148511443e+00, 1.171481672e+02, 1.598613158e+02, -1.162627751e+02, 2.604698007e+05
2651, 3.750000000e-02, 1.333333333e-02, 2.000000000e-02, 1.148511443e+00, 1.171481672e+02, 1.743941627e+02, -1.162627751e+02, 2.625845745e+05
2652, 3.750000000e-02, 1.500000000e-02, 0.000000000e+00, 1.148511443e+00, 1.171481672e+02, 0.000000000e+00, -1.307956220e+02, 2.509073455e+05
2653, 3.750000000e-02, 1.500000000e-02, 1.666666667e-03, 1.148511443e+00, 1.171481672e+02, 1.453284689e+01, -1.307956220e+02, 2.509992922e+05
2654, 3.750000000e-02, 1.500000000e-02, 3.333333333e-03, 1.148511443e+00, 1.171481672e+02, 2.906569379e+01, -1.307956220e+02, 2.512751323e+05
2655, 3.750000000e-02, 1.500000000e-02, 5.000000000e-03, 1.148511443e+00, 1.171481672e+02, 4.359854068e+01, -1.307956220e+02, 2.517348657e+05
2656, 3.750000000e-02, 1.500000000e-02, 6.666666667e-03, 1.148511443e+00, 1.171481672e+02, 5.813138757e+01, -1.307956220e+02, 2.523784925e+05
2657, 3.750000000e-02, 1.500000000e-02, 8.333333333e-03, 1.148511443e+00, 1.171481672e+02, 7.266423447e+01, -1.307956220e+02, 2.532060126e+05
2658, 3.750000000e-02, 1.500000000e-02, 1.000000000e-02, 1.148511443e+00, 1.171481672e+02, 8.719708136e+01, -1.307956220e+02, 2.542174262e+05
2659, 3.750000000e-02, 1.500000000e-02, 1.166666667e-02, 1.148511443e+00, 1.171481672e+02, 1.017299283e+02, -1.307956220e+02, 2.554127331e+05
2660, 3.750000000e-02, 1.500000000e-02, 1.333333333e-02, 1.148511443e+00, 1.171481672e+02, 1.162627751e+02, -1.307956220e+02, 2.567919333e+05
2661, 3.750000000e-02, 1.500000000e-02, 1.500000000e-02, 1.148511443e+00, 1.171481672e+02, 1.307956220e+02, -1.307956220e+02, 2.583550270e+05
2662, 3.750000000e-02, 1.500000000e-02, 1.666666667e-02, 1.148511443e+00, 1.171481672e+02, 1.453284689e+02, -1.307956220e+02, 2.601020140e+05
2663, 3.750000000e-02, 1.500000000e-02, 1.833333333e-02, 1.148511443e+00, 1.171481672e+02, 1.598613158e+02, -1.307956220e+02, 2.620328944e+05
2664, 3.750000000e-02, 1.500000000e-02, 2.000000000e-02, 1.148511443e+00, 1.171481672e+02, 1.743941627e+02, -1.307956220e+02, 2.641476681e+05
2665, 3.750000000e-02, 1.666666667e-02, 0.000000000e+00, 1.148511443e+00, 1.171481672e+02, 0.000000000e+00, -1.453284689e+02, 2.526543325e+05
2666, 3.750000000e-02, 1.666666667e-02, 1.666666667e-03, 1.148511443e+00, 1.171481672e+02, 1.453284689e+01, -1.453284689e+02, 2.527462792e+05
2667, 3.750000000e-02, 1.666666667e-02, 3.333333333e-03, 1.148511443e+00, 1.171481672e+02, 2.906569379e+01, -1.453284689e+02, 2.530221193e+05
2668, 3.750000000e-02, 1.666666667e-02, 5.000000000e-03, 1.148511443e+00, 1.171481672e+02, 4.359854068e+01, -1.453284689e+02, 2.534818527e+05
2669, 3.750000000e-02, 1.666666667e-02, 6.666666667e-03, 1.148511443e+00, 1.171481672e+02, 5.813138757e+01, -1.453284689e+02, 2.541254795e+05
2670, 3.750000000e-02, 1.666666667e-02, 8.333333333e-03, 1.148511443e+00, 1.171481672e+02, 7.266423447e+01, -1.453284689e+02, 2.549529996e+05
2671, 3.750000000e-02, 1.666666667e-02, 1.000000000e-02, 1.148511443e+00, 1.171481672e+02, 8.719708136e+01, -1.453284689e+02, 2.559644132e+05
2672, 3.750000000e-02, 1.666666667e-02, 1.166666667e-02, 1.148511443e+00, 1.171481672e+02, 1.017299283e+02, -1.453284689e+02, 2.571597201e+05
2673, 3.750000000e-02, 1.666666667e-02, 1.333333333e-02, 1.148511443e+00, 1.171481672e+02, 1.162627751e+02, -1.453284689e+02, 2.585389203e+05
2674, 3.750000000e-02, 1.666666667e-02, 1.500000000e-02, 1.148511443e+00, 1.171481672e+02, 1.307956220e+02, -1.453284689e+02, 2.601020140e+05
2675, 3.750000000e-02, 1.666666667e-02, 1.666666667e-02, 1.148511443e+00, 1.171481672e+02, 1.453284689e+02, -1.453284689e+02, 2.618490010e+05
2676, 3.750000000e-02, 1.666666667e-02, 1.833333333e-02, 1.148511443e+00, 1.171481672e+02, 1.598613158e+02, -1.453284689e+02, 2.637798814e+05
2677, 3.750000000e-02, 1.666666667e-02, 2.000000000e-02, 1.148511443e+00, 1.171481672e+02, 1.743941627e+02, -1.453284689e+02, 2.658946551e+05
2678, 3.750000000e-02, 1.833333333e-02, 0.000000000e+00, 1.148511443e+00, 1.171481672e+02, 0.000000000e+00, -1.598613158e+02, 2.545852129e+05
2679, 3.750000000e-02, 1.833333333e-02, 1.666666667e-03, 1.148511443e+00, 1.171481672e+02, 1.453284689e+01, -1.598613158e+02, 2.546771596e+05
2680, 3.750000000e-02, 1.833333333e-02, 3.333333333e-03, 1.148511443e+00, 1.171481672e+02, 2.906569379e+01, -1.598613158e+02, 2.549529996e+05
2681, 3.750000000e-02, 1.833333333e-02, 5.000000000e-03, 1.148511443e+00, 1.171481672e+02, 4.359854068e+01, -1.598613158e+02, 2.554127331e+05
2682, 3.750000000e-02, 1.833333333e-02, 6.666666667e-03, 1.148511443e+00, 1.171481672e+02, 5.813138757e+01, -1.598613158e+02, 2.560563599e+05
2683, 3.750000000e-02, 1.833333333e-02, 8.333333333e-03, 1.148511443e+00, 1.171481672e+02, 7.266423447e+01, -1.598613158e+02, 2.568838800e+05
2684, 3.750000000e-02, 1.833333333e-02, 1.000000000e-02, 1.148511443e+00, 1.171481672e+02, 8.719708136e+01, -1.598613158e+02, 2.578952935e+05
2685, 3.750000000e-02, 1.833333333e-02, 1.166666667e-02, 1.148511443e+00, 1.171481672e+02, 1.017299283e+02, -1.598613158e+02, 2.590906004e+05
2686, 3.750000000e-02, 1.833333333e-02, 1.333333333e-02, 1.148511443e+00, 1.171481672e+02, 1.162627751e+02, -1.598613158e+02, 2.604698007e+05
2687, 3.750000000e-02, 1.833333333e-02, 1.500000000e-02, 1.148511443e+00, 1.171481672e+02, 1.307956220e+02, -1.598613158e+02, 2.620328944e+05
2688, 3.750000000e-02, 1.833333333e-02, 1.666666667e-02, 1.148511443e+00, 1.171481672e+02, 1.453284689e+02, -1.598613158e+02, 2.637798814e+05
2689, 3.750000000e-02, 1.833333333e-02, 1.833333333e-02, 1.148511443e+00, 1.171481672e+02, 1.598613158e+02, -1.598613158e+02, 2.657107617e+05
2690, 3.750000000e-02, 1.833333333e-02, 2.000000000e-02, 1.148511443e+00, 1.171481672e+02, 1.743941627e+02, -1.598613158e+02, 2.678255355e+05
2691, 3.750000000e-02, 2.000000000e-02, 0.000000000e+00, 1.148511443e+00, 1.171481672e+02, 0.000000000e+00, -1.743941627e+02, 2.566999866e+05
2692, 3.750000000e-02, 2.000000000e-02, 1.666666667e-03, 1.148511443e+00, 1.171481672e+02, 1.453284689e+01, -1.743941627e+02, 2.567919333e+05
2693, 3.750000000e-02, 2.000000000e-02, 3.333333333e-03, 1.148511443e+00, 1.171481672e+02, 2.906569379e+01, -1.743941627e+02, 2.570677734e+05
2694, 3.750000000e-02, 2.000000000e-02, 5.000000000e-03, 1.148511443e+00, 1.171481672e+02, 4.359854068e+01, -1.743941627e+02, 2.575275068e+05
2695, 3.750000000e-02, 2.000000000e-02, 6.666666667e-03, 1.148511443e+00, 1.171481672e+02, 5.813138757e+01, -1.743941627e+02, 2.581711336e+05
2696, 3.750000000e-02, 2.000000000e-02, 8.333333333e-03, 1.148511443e+00, 1.171481672e+02, 7.266423447e+01, -1.743941627e+02, 2.589986538e+05
2697, 3.750000000e-02, 2.000000000e-02, 1.000000000e-02, 1.148511443e+00, 1.171481672e+02, 8.719708136e+01, -1.743941627e+02, 2.600100673e+05
2698, 3.750000000e-02, 2.000000000e-02, 1.166666667e-02, 1.148511443e+00, 1.171481672e+02, 1.017299283e+02, -1.743941627e+02, 2.612053742e+05
2699, 3.750000000e-02, 2.000000000e-02, 1.333333333e-02, 1.148511443e+00, 1.171481672e+02, 1.162627751e+02, -1.743941627e+02, 2.625845745e+05
2700, 3.750000000e-02, 2.000000000e-02, 1.500000000e-02, 1.148511443e+00, 1.171481672e+02, 1.307956220e+02, -1.743941627e+02, 2.641476681e+05
2701, 3.750000000e-02, 2.000000000e-02, 1.666666667e-02, 1.148511443e+00, 1.171481672e+02, 1.453284689e+02, -1.743941627e+02, 2.658946551e+05
2702, 3.750000000e-02, 2.000000000e-02, 1.833333333e-02, 1.148511443e+00, 1.171481672e+02, 1.598613158e+02, -1.743941627e+02, 2.678255355e+05
2703, 3.750000000e-02, 2.000000000e-02, 2.000000000e-02, 1.148511443e+00, 1.171481672e+02, 1.743941627e+02, -1.743941627e+02, 2.699403092e+05
2704, 4.000000000e-02, 0.000000000e+00, 0.000000000e+00, 1.148511443e+00, 1.171481672e+02, 0.000000000e+00, 0.000000000e+00, 2.434596641e+05
2705, 4.000000000e-02, 0.000000000e+00, 1.666666667e-03, 1.148511443e+00, 1.171481672e+02, 1.453284689e+01, 0.000000000e+00, 2.435516108e+05
2706, 4.000000000e-02, 0.000000000e+00, 3.333333333e-03, 1.148511443e+00, 1.171481672e+02, 2.906569379e+01, 0.000000000e+00, 2.438274508e+05
2707, 4.000000000e-02, 0.000000000e+00, 5.000000000e-03, 1.148511443e+00, 1.171481672e+02, 4.359854068e+01, 0.000000000e+00, 2.442871842e+05
2708, 4.000000000e-02, 0.000000000e+00, 6.666666667e-03, 1.148511443e+00, 1.171481672e+02, 5.813138757e+01, 0.000000000e+00, 2.449308110e+05
2709, 4.000000000e-02, 0.000000000e+00, 8.333333333e-03, 1.148511443e+00, 1.171481672e+02, 7.266423447e+01, 0.000000000e+00, 2.457583312e+05
2710, 4.000000000e-02, 0.000000000e+00, 1.000000000e-02, 1.148511443e+00, 1.171481672e+02, 8.719708136e+01, 0.000000000e+00, 2.467697447e+05
2711, 4.000000000e-02, 0.000000000e+00, 1.166666667e-02, 1.148511443e+00, 1.171481672e+02, 1.017299283e+02, 0.000000000e+00, 2.479650516e+05
2712, 4.000000000e-02, 0.000000000e+00, 1.333333333e-02, 1.148511443e+00, 1.171481672e+02, 1.162627751e+02, 0.000000000e+00, 2.493442519e+05
2713, 4.000000000e-02, 0.000000000e+00, 1.500000000e-02, 1.148511443e+00, 1.171481672e+02, 1.307956220e+02, 0.000000000e+00, 2.509073455e+05
2714, 4.000000000e-02, 0.000000000e+00, 1.666666667e-02, 1.148511443e+00, 1.171481672e+02, 1.453284689e+02, 0.000000000e+00, 2.526543325e+05
2715, 4.000000000e-02, 0.000000000e+00, 1.833333333e-02, 1.148511443e+00, 1.171481672e+02, 1.598613158e+02, 0.000000000e+00, 2.545852129e+05
2716, 4.000000000e-02, 0.000000000e+00, 2.000000000e-02, 1.148511443e+00, 1.171481672e+02, 1.743941627e+02, 0.000000000e+00, 2.566999866e+05
2717, 4.000000000e-02, 1.666666667e-03, 0.000000000e+00, 1.148511443e+00, 1.171481672e+02, 0.000000000e+00, -1.453284689e+01, 2.435516108e+05
2718, 4.000000000e-02, 1.666666667e-03, 1.666666667e-03, 1.148511443e+00, 1.171481672e+02, 1.453284689e+01, -1.453284689e+01, 2.436435574e+05
2719, 4.000000000e-02, 1.666666667e-03, 3.333333333e-03, 1.148511443e+00, 1.171481672e+02, 2.906569379e+01, -1.453284689e+01, 2.439193975e+05
2720, 4.000000000e-02, 1.666666667e-03, 5.000000000e-03, 1.148511443e+00, 1.171481672e+02, 4.359854068e+01, -1.453284689e+01, 2.443791309e+05
2721, 4.000000000e-02, 1.666666667e-03, 6.666666667e-03, 1.148511443e+00, 1.171481672e+02, 5.813138757e+01, -1.453284689e+01, 2.450227577e+05
2722, 4.000000000e-02, 1.666666667e-03, 8.333333333e-03, 1.148511443e+00, 1.171481672e+02, 7.266423447e+01, -1.453284689e+01, 2.458502779e+05
2723, 4.000000000e-02, 1.666666667e-03, 1.000000000e-02, 1.148511443e+00, 1.171481672e+02, 8.719708136e+01, -1.453284689e+01, 2.468616914e+05
2724, 4.000000000e-02, 1.666666667e-03, 1.166666667e-02, 1.148511443e+00, 1.171481672e+02, 1.017299283e+02, -1.453284689e+01, 2.480569983e+05
2725, 4.000000000e-02, 1.666666667e-03, 1.333333333e-02, 1.148511443e+00, 1.171481672e+02, 1.162627751e+02, -1.453284689e+01, 2.494361986e+05
2726, 4.000000000e-02, 1.666666667e-03, 1.500000000e-02, 1.148511443e+00, 1.171481672e+02, 1.307956220e+02, -1.453284689e+01, 2.509992922e+05
2727, 4.000000000e-02, 1.666666667e-03, 1.666666667e-02, 1.148511443e+00, 1.171481672e+02, 1.453284689e+02, -1.453284689e+01, 2.527462792e+05
2728, 4.000000000e-02, 1.666666667e-03, 1.833333333e-02, 1.148511443e+00, 1.171481672e+02, 1.598613158e+02, -1.453284689e+01, 2.546771596e+05
2729, 4.000000000e-02, 1.666666667e-03, 2.000000000e-02, 1.148511443e+00, 1.171481672e+02, 1.743941627e+02, -1.453284689e+01, 2.567919333e+05
2730, 4.000000000e-02, 3.333333333e-03, 0.000000000e+00, 1.148511443e+00, 1.171481672e+02, 0.000000000e+00, -2.906569379e+01, 2.438274508e+05
2731, 4.000000000e-02, 3.333333333e-03, 1.666666667e-03, 1.148511443e+00, 1.171481672e+02, 1.453284689e+01, -2.906569379e+01, 2.439193975e+05
2732, 4.000000000e-02, 3.333333333e-03, 3.333333333e-03, 1.148511443e+00, 1.171481672e+02, 2.906569379e+01, -2.906569379e+01, 2.441952375e+05
2733, 4.000000000e-02, 3.333333333e-03, 5.000000000e-03, 1.148511443e+00, 1.171481672e+02, 4.359854068e+01, -2.906569379e+01, 2.446549710e+05
2734, 4.000000000e-02, 3.333333333e-03, 6.666666667e-03, 1.148511443e+00, 1.171481672e+02, 5.813138757e+01, -2.906569379e+01, 2.452985978e+05
2735, 4.000000000e-02, 3.333333333e-03, 8.333333333e-03, 1.148511443e+00, 1.171481672e+02, 7.266423447e+01, -2.906569379e+01, 2.461261179e+05
2736, 4.000000000e-02, 3.333333333e-03, 1.000000000e-02, 1.148511443e+00, 1.171481672e+02, 8.719708136e+01, -2.906569379e+01, 2.471375315e+05
2737, 4.000000000e-02, 3.333333333e-03, 1.166666667e-02, 1.148511443e+00, 1.171481672e+02, 1.017299283e+02, -2.906569379e+01, 2.483328384e+05
2738, 4.000000000e-02, 3.333333333e-03, 1.333333333e-02, 1.148511443e+00, 1.171481672e+02, 1.162627751e+02, -2.906569379e+01, 2.497120386e+05
2739, 4.000000000e-02, 3.333333333e-03, 1.500000000e-02, 1.148511443e+00, 1.171481672e+02, 1.307956220e+02, -2.906569379e+01, 2.512751323e+05
2740, 4.000000000e-02, 3.333333333e-03, 1.666666667e-02, 1.148511443e+00, 1.171481672e+02, 1.453284689e+02, -2.906569379e+01, 2.530221193e+05
2741, 4.000000000e-02, 3.333333333e-03, 1.833333333e-02, 1.148511443e+00, 1.171481672e+02, 1.598613158e+02, -2.906569379e+01, 2.549529996e+05
2742, 4.000000000e-02, 3.333333333e-03, 2.000000000e-02, 1.148511443e+00, 1.171481672e+02, 1.743941627e+02, -2.906569379e+01, 2.570677734e+05
2743, 4.000000000e-02, 5.000000000e-03, 0.000000000e+00, 1.148511443e+00, 1.171481672e+02, 0.000000000e+00, -4.359854068e+01, 2.442871842e+05
2744, 4.000000000e-02, 5.000000000e-03, 1.666666667e-03, 1.148511443e+00, 1.171481672e+02, 1.453284689e+01, -4.359854068e+01, 2.443791309e+05
2745, 4.000000000e-02, 5.000000000e-03, 3.333333333e-03, 1.148511443e+00, 1.171481672e+02, 2.906569379e+01, -4.359854068e+01, 2.446549710e+05
2746, 4.000000000e-02, 5.000000000e-03, 5.000000000e-03, 1.148511443e+00, 1.171481672e+02, 4.359854068e+01, -4.359854068e+01, 2.451147044e+05
2747, 4.000000000e-02, 5.000000000e-03, 6.666666667e-03, 1.148511443e+00, 1.171481672e+02, 5.813138757e+01, -4.359854068e+01, 2.457583312e+05
2748, 4.000000000e-02, 5.000000000e-03, 8.333333333e-03, 1.148511443e+00, 1.171481672e+02, 7.266423447e+01, -4.359854068e+01, 2.465858513e+05
2749, 4.000000000e-02, 5.000000000e-03, 1.000000000e-02, 1.148511443e+00, 1.171481672e+02, 8.719708136e+01, -4.359854068e+01, 2.475972649e+05
2750, 4.000000000e-02, 5.000000000e-03, 1.166666667e-02, 1.148511443e+00, 1.171481672e+02, 1.017299283e+02, -4.359854068e+01, 2.487925718e+05
2751, 4.000000000e-02, 5.000000000e-03, 1.333333333e-02, 1.148511443e+00, 1.171481672e+02, 1.162627751e+02, -4.359854068e+01, 2.501717720e+05
2752, 4.000000000e-02, 5.000000000e-03, 1.500000000e-02, 1.148511443e+00, 1.171481672e+02, 1.307956220e+02, -4.359854068e+01, 2.517348657e+05
2753, 4.000000000e-02, 5.000000000e-03, 1.666666667e-02, 1.148511443e+00, 1.171481672e+02, 1.453284689e+02, -4.359854068e+01, 2.534818527e+05
2754, 4.000000000e-02, 5.000000000e-03, 1.833333333e-02, 1.148511443e+00, 1.171481672e+02, 1.598613158e+02, -4.359854068e+01, 2.554127331e+05
2755, 4.000000000e-02, 5.000000000e-03, 2.000000000e-02, 1.148511443e+00, 1.171481672e+02, 1.743941627e+02, -4.359854068e+01, 2.575275068e+05
2756, 4.000000000e-02, 6.666666667e-03, 0.000000000e+00, 1.148511443e+00, 1.171481672e+02, 0.000000000e+00, -5.813138757e+01, 2.449308110e+05
2757, 4.000000000e-02, 6.666666667e-03, 1.666666667e-03, 1.148511443e+00, 1.171481672e+02, 1.453284689e+01, -5.813138757e+01, 2.450227577e+05
2758, 4.000000000e-02, 6.666666667e-03, 3.333333333e-03, 1.148511443e+00, 1.171481672e+02, 2.906569379e+01, -5.813138757e+01, 2.452985978e+05
2759, 4.000000000e-02, 6.666666667e-03, 5.000000000e-03, 1.148511443e+00, 1.171481672e+02, 4.359854068e+01, -5.813138757e+01, 2.457583312e+05
2760, 4.000000000e-02, 6.666666667e-03, 6.666666667e-03, 1.148511443e+00, 1.171481672e+02, 5.813138757e+01, -5.813138757e+01, 2.464019580e+05
2761, 4.000000000e-02, 6.666666667e-03, 8.333333333e-03, 1.148511443e+00, 1.171481672e+02, 7.266423447e+01, -5.813138757e+01, 2.472294781e+05
2762, 4.000000000e-02, 6.666666667e-03, 1.000000000e-02, 1.148511443e+00, 1.171481672e+02, 8.719708136e+01, -5.813138757e+01, 2.482408917e+05
2763, 4.000000000e-02, 6.666666667e-03, 1.166666667e-02, 1.148511443e+00, 1.171481672e+02, 1.017299283e+02, -5.813138757e+01, 2.494361986e+05
2764, 4.000000000e-02, 6.666666667e-03, 1.333333333e-02, 1.148511443e+00, 1.171481672e+02, 1.162627751e+02, -5.813138757e+01, 2.508153988e+05
2765, 4.000000000e-02, 6.666666667e-03, 1.500000000e-02, 1.148511443e+00, 1.171481672e+02, 1.307956220e+02, -5.813138757e+01, 2.523784925e+05
2766, 4.000000000e-02, 6.666666667e-03, 1.666666667e-02, 1.148511443e+00, 1.171481672e+02, 1.453284689e+02, -5.813138757e+01, 2.541254795e+05
2767, 4.000000000e-02, 6.666666667e-03, 1.833333333e-02, 1.148511443e+00, 1.171481672e+02, 1.598613158e+02, -5.813138757e+01, 2.560563599e+05
2768, 4.000000000e-02, 6.666666667e-03, 2.000000000e-02, 1.148511443e+00, 1.171481672e+02, 1.743941627e+02, -5.813138757e+01, 2.581711336e+05
2769, 4.000000000e-02, 8.333333333e-03, 0.000000000e+00, 1.148511443e+00, 1.171481672e+02, 0.000000000e+00, -7.266423447e+01, 2.457583312e+05
2770, 4.000000000e-02, 8.333333333e-03, 1.666666667e-03, 1.148511443e+00, 1.171481672e+02, 1.453284689e+01, -7.266423447e+01, 2.458502779e+05
2771, 4.000000000e-02, 8.333333333e-03, 3.333333333e-03, 1.148511443e+00, 1.171481672e+02, 2.906569379e+01, -7.266423447e+01, 2.461261179e+05
2772, 4.000000000e-02, 8.333333333e-03, 5.000000000e-03, 1.148511443e+00, 1.171481672e+02, 4.359854068e+01, -7.266423447e+01, 2.465858513e+05
2773, 4.000000000e-02, 8.333333333e-03, 6.666666667e-03, 1.148511443e+00, 1.171481672e+02, 5.813138757e+01, -7.266423447e+01, 2.472294781e+05
2774, 4.000000000e-02, 8.333333333e-03, 8.333333333e-03, 1.148511443e+00, 1.171481672e+02, 7.266423447e+01, -7.266423447e+01, 2.480569983e+05
2775, 4.000000000e-02, 8.333333333e-03, 1.000000000e-02, 1.148511443e+00, 1.171481672e+02, 8.719708136e+01, -7.266423447e+01, 2.490684118e+05
2776, 4.000000000e-02, 8.333333333e-03, 1.166666667e-02, 1.148511443e+00, 1.171481672e+02, 1.017299283e+02, -7.266423447e+01, 2.502637187e+05
2777, 4.000000000e-02, 8.333333333e-03, 1.333333333e-02, 1.148511443e+00, 1.171481672e+02, 1.162627751e+02, -7.266423447e+01, 2.516429190e+05
2778, 4.000000000e-02, 8.333333333e-03, 1.500000000e-02, 1.148511443e+00, 1.171481672e+02, 1.307956220e+02, -7.266423447e+01, 2.532060126e+05
2779, 4.000000000e-02, 8.333333333e-03, 1.666666667e-02, 1.148511443e+00, 1.171481672e+02, 1.453284689e+02, -7.266423447e+01, 2.549529996e+05
2780, 4.000000000e-02, 8.333333333e-03, 1.833333333e-02, 1.148511443e+00, 1.171481672e+02, 1.598613158e+02, -7.266423447e+01, 2.568838800e+05
2781, 4.000000000e-02, 8.333333333e-03, 2.000000000e-02, 1.148511443e+00, 1.171481672e+02, 1.743941627e+02, -7.266423447e+01, 2.589986538e+05
2782, 4.000000000e-02, 1.000000000e-02, 0.000000000e+00, 1.148511443e+00, 1.171481672e+02, 0.000000000e+00, -8.719708136e+01, 2.467697447e+05
2783, 4.000000000e-02, 1.000000000e-02, 1.666666667e-03, 1.148511443e+00, 1.171481672e+02, 1.453284689e+01, -8.719708136e+01, 2.468616914e+05
2784, 4.000000000e-02, 1.000000000e-02, 3.333333333e-03, 1.148511443e+00, 1.171481672e+02, 2.906569379e+01, -8.719708136e+01, 2.471375315e+05
2785, 4.000000000e-02, 1.000000000e-02, 5.000000000e-03, 1.148511443e+00, 1.171481672e+02, 4.359854068e+01, -8.719708136e+01, 2.475972649e+05
2786, 4.000000000e-02, 1.000000000e-02, 6.666666667e-03, 1.148511443e+00, 1.171481672e+02, 5.813138757e+01, -8.719708136e+01, 2.482408917e+05
2787, 4.000000000e-02, 1.000000000e-02, 8.333333333e-03, 1.148511443e+00, 1.171481672e+02, 7.266423447e+01, -8.719708136e+01, 2.490684118e+05
2788, 4.000000000e-02, 1.000000000e-02, 1.000000000e-02, 1.148511443e+00, 1.171481672e+02, 8.719708136e+01, -8.719708136e+01, 2.500798254e+05
2789, 4.000000000e-02, 1.000000000e-02, 1.166666667e-02, 1.148511443e+00, 1.171481672e+02, 1.017299283e+02, -8.719708136e+01, 2.512751323e+05
2790, 4.000000000e-02, 1.000000000e-02, 1.333333333e-02, 1.148511443e+00, 1.171481672e+02, 1.162627751e+02, -8.719708136e+01, 2.526543325e+05
2791, 4.000000000e-02, 1.000000000e-02, 1.500000000e-02, 1.148511443e+00, 1.171481672e+02, 1.307956220e+02, -8.719708136e+01, 2.542174262e+05
2792, 4.000000000e-02, 1.000000000e-02, 1.666666667e-02, 1.148511443e+00, 1.171481672e+02, 1.453284689e+02, -8.719708136e+01, 2.559644132e+05
2793, 4.000000000e-02, 1.000000000e-02, 1.833333333e-02, 1.148511443e+00, 1.171481672e+02, 1.598613158e+02, -8.719708136e+01, 2.578952935e+05
2794, 4.000000000e-02, 1.000000000e-02, 2.000000000e-02, 1.148511443e+00, 1.171481672e+02, 1.743941627e+02, -8.719708136e+01, 2.600100673e+05
2795, 4.000000000e-02, 1.166666667e-02, 0.000000000e+00, 1.148511443e+00, 1.171481672e+02, 0.000000000e+00, -1.017299283e+02, 2.479650516e+05
2796, 4.000000000e-02, 1.166666667e-02, 1.666666667e-03, 1.148511443e+00, 1.171481672e+02, 1.453284689e+01, -1.017299283e+02, 2.480569983e+05
2797, 4.000000000e-02, 1.166666667e-02, 3.333333333e-03, 1.148511443e+00, 1.171481672e+02, 2.906569379e+01, -1.017299283e+02, 2.483328384e+05
2798, 4.000000000e-02, 1.166666667e-02, 5.000000000e-03, 1.148511443e+00, 1.171481672e+02, 4.359854068e+01, -1.017299283e+02, 2.487925718e+05
2799, 4.000000000e-02, 1.166666667e-02, 6.666666667e-03, 1.148511443e+00, 1.171481672e+02, 5.813138757e+01, -1.017299283e+02, 2.494361986e+05
2800, 4.000000000e-02, 1.166666667e-02, 8.333333333e-03, 1.148511443e+00, 1.171481672e+02, 7.266423447e+01, -1.017299283e+02, 2.502637187e+05
2801, 4.000000000e-02, 1.166666667e-02, 1.000000000e-02, 1.148511443e+00, 1.171481672e+02, 8.719708136e+01, -1.017299283e+02, 2.512751323e+05
2802, 4.000000000e-02, 1.166666667e-02, 1.166666667e-02, 1.148511443e+00, 1.171481672e+02, 1.017299283e+02, -1.017299283e+02, 2.524704392e+05
2803, 4.000000000e-02, 1.166666667e-02, 1.333333333e-02, 1.148511443e+00, 1.171481672e+02, 1.162627751e+02, -1.017299283e+02, 2.538496394e+05
2804, 4.000000000e-02, 1.166666667e-02, 1.500000000e-02, 1.148511443e+00, 1.171481672e+02, 1.307956220e+02, -1.017299283e+02, 2.554127331e+05
2805, 4.000000000e-02, 1.166666667e-02, 1.666666667e-02, 1.148511443e+00, 1.171481672e+02, 1.453284689e+02, -1.017299283e+02, 2.571597201e+05
2806, 4.000000000e-02, 1.166666667e-02, 1.833333333e-02, 1.148511443e+00, 1.171481672e+02, 1.598613158e+02, -1.017299283e+02, 2.590906004e+05
2807, 4.000000000e-02, 1.166666667e-02, 2.000000000e-02, 1.148511443e+00, 1.171481672e+02, 1.743941627e+02, -1.017299283e+02, 2.612053742e+05
2808, 4.000000000e-02, 1.333333333e-02, 0.000000000e+00, 1.148511443e+00, 1.171481672e+02, 0.000000000e+00, -1.162627751e+02, 2.493442519e+05
2809, 4.000000000e-02, 1.333333333e-02, 1.666666667e-03, 1.148511443e+00, 1.171481672e+02, 1.453284689e+01, -1.162627751e+02, 2.494361986e+05
2810, 4.000000000e-02, 1.333333333e-02, 3.333333333e-03, 1.148511443e+00, 1.171481672e+02, 2.906569379e+01, -1.162627751e+02, 2.497120386e+05
2811, 4.000000000e-02, 1.333333333e-02, 5.000000000e-03, 1.148511443e+00, 1.171481672e+02, 4.359854068e+01, -1.162627751e+02, 2.501717720e+05
2812, 4.000000000e-02, 1.333333333e-02, 6.666666667e-03, 1.148511443e+00, 1.171481672e+02, 5.813138757e+01, -1.162627751e+02, 2.508153988e+05
2813, 4.000000000e-02, 1.333333333e-02, 8.333333333e-03, 1.148511443e+00, 1.171481672e+02, 7.266423447e+01, -1.162627751e+02, 2.516429190e+05
2814, 4.000000000e-02, 1.333333333e-02, 1.000000000e-02, 1.148511443e+00, 1.171481672e+02, 8.719708136e+01, -1.162627751e+02, 2.526543325e+05
2815, 4.000000000e-02, 1.333333333e-02, 1.166666667e-02, 1.148511443e+00, 1.171481672e+02, 1.017299283e+02, -1.162627751e+02, 2.538496394e+05
2816, 4.000000000e-02, 1.333333333e-02, 1.333333333e-02, 1.148511443e+00, 1.171481672e+02, 1.162627751e+02, -1.162627751e+02, 2.552288397e+05
2817, 4.000000000e-02, 1.333333333e-02, 1.500000000e-02, 1.148511443e+00, 1.171481672e+02, 1.307956220e+02, -1.162627751e+02, 2.567919333e+05
2818, 4.000000000e-02, 1.333333333e-02, 1.666666667e-02, 1.148511443e+00, 1.171481672e+02, 1.453284689e+02, -1.162627751e+02, 2.585389203e+05
2819, 4.000000000e-02, 1.333333333e-02, 1.833333333e-02, 1.148511443e+00, 1.171481672e+02, 1.598613158e+02, -1.162627751e+02, 2.604698007e+05
2820, 4.000000000e-02, 1.333333333e-02, 2.000000000e-02, 1.148511443e+00, 1.171481672e+02, 1.743941627e+02, -1.162627751e+02, 2.625845745e+05
2821, 4.000000000e-02, 1.500000000e-02, 0.000000000e+00, 1.148511443e+00, 1.171481672e+02, 0.000000000e+00, -1.307956220e+02, 2.509073455e+05
2822, 4.000000000e-02, 1.500000000e-02, 1.666666667e-03, 1.148511443e+00, 1.171481672e+02, 1.453284689e+01, -1.307956220e+02, 2.509992922e+05
2823, 4.000000000e-02, 1.500000000e-02, 3.333333333e-03, 1.148511443e+00, 1.171481672e+02, 2.906569379e+01, -1.307956220e+02, 2.512751323e+05
2824, 4.000000000e-02, 1.500000000e-02, 5.000000000e-03, 1.148511443e+00, 1.171481672e+02, 4.359854068e+01, -1.307956220e+02, 2.517348657e+05
2825, 4.000000000e-02, 1.500000000e-02, 6.666666667e-03, 1.148511443e+00, 1.171481672e+02, 5.813138757e+01, -1.307956220e+02, 2.523784925e+05
2826, 4.000000000e-02, 1.500000000e-02, 8.333333333e-03, 1.148511443e+00, 1.171481672e+02, 7.266423447e+01, -1.307956220e+02, 2.532060126e+05
2827, 4.000000000e-02, 1.500000000e-02, 1.000000000e-02, 1.148511443e+00, 1.171481672e+02, 8.719708136e+01, -1.307956220e+02, 2.542174262e+05
2828, 4.000000000e-02, 1.500000000e-02, 1.166666667e-02, 1.148511443e+00, 1.171481672e+02, 1.017299283e+02, -1.307956220e+02, 2.554127331e+05
2829, 4.000000000e-02, 1.500000000e-02, 1.333333333e-02, 1.148511443e+00, 1.171481672e+02, 1.162627751e+02, -1.307956220e+02, 2.567919333e+05
2830, 4.000000000e-02, 1.500000000e-02, 1.500000000e-02, 1.148511443e+00, 1.171481672e+02, 1.307956220e+02, -1.307956220e+02, 2.583550270e+05
2831, 4.000000000e-02, 1.500000000e-02, 1.666666667e-02, 1.148511443e+00, 1.171481672e+02, 1.453284689e+02, -1.307956220e+02, 2.601020140e+05
2832, 4.000000000e-02, 1.500000000e-02, 1.833333333e-02, 1.148511443e+00, 1.171481672e+02, 1.598613158e+02, -1.307956220e+02, 2.620328944e+05
2833, 4.000000000e-02, 1.500000000e-02, 2.000000000e-02, 1.148511443e+00, 1.171481672e+02, 1.743941627e+02, -1.307956220e+02, 2.641476681e+05
2834, 4.000000000e-02, 1.666666667e-02, 0.000000000e+00, 1.148511443e+00, 1.171481672e+02, 0.000000000e+00, -1.453284689e+02, 2.526543325e+05
2835, 4.000000000e-02, 1.666666667e-02, 1.666666667e-03, 1.148511443e+00, 1.171481672e+02, 1.453284689e+01, -1.453284689e+02, 2.527462792e+05
2836, 4.000000000e-02, 1.666666667e-02, 3.333333333e-03, 1.148511443e+00, 1.171481672e+02, 2.906569379e+01, -1.453284689e+02, 2.530221193e+05
2837, 4.000000000e-02, 1.666666667e-02, 5.000000000e-03, 1.148511443e+00, 1.171481672e+02, 4.359854068e+01, -1.453284689e+02, 2.534818527e+05
2838, 4.000000000e-02, 1.666666667e-02, 6.666666667e-03, 1.148511443e+00, 1.171481672e+02, 5.813138757e+01, -1.453284689e+02, 2.541254795e+05
2839, 4.000000000e-02, 1.666666667e-02, 8.333333333e-03, 1.148511443e+00, 1.171481672e+02, 7.266423447e+01, -1.453284689e+02, 2.549529996e+05
2840, 4.000000000e-02, 1.666666667e-02, 1.000000000e-02, 1.148511443e+00, 1.171481672e+02, 8.719708136e+01, -1.453284689e+02, 2.559644132e+05
2841, 4.000000000e-02, 1.666666667e-02, 1.166666667e-02, 1.148511443e+00, 1.171481672e+02, 1.017299283e+02, -1.453284689e+02, 2.571597201e+05
2842, 4.000000000e-02, 1.666666667e-02, 1.333333333e-02, 1.148511443e+00, 1.171481672e+02, 1.162627751e+02, -1.453284689e+02, 2.585389203e+05
2843, 4.000000000e-02, 1.666666667e-02, 1.500000000e-02, 1.148511443e+00, 1.171481672e+02, 1.307956220e+02, -1.453284689e+02, 2.601020140e+05
2844, 4.000000000e-02, 1.666666667e-02, 1.666666667e-02, 1.148511443e+00, 1.171481672e+02, 1.453284689e+02, -1.453284689e+02, 2.618490010e+05
2845, 4.000000000e-02, 1.666666667e-02, 1.833333333e-02, 1.148511443e+00, 1.171481672e+02, 1.598613158e+02, -1.453284689e+02, 2.637798814e+05
2846, 4.000000000e-02, 1.666666667e-02, 2.000000000e-02, 1.148511443e+00, 1.171481672e+02, 1.743941627e+02, -1.453284689e+02, 2.658946551e+05
2847, 4.000000000e-02, 1.833333333e-02, 0.000000000e+00, 1.148511443e+00, 1.171481672e+02, 0.000000000e+00, -1.598613158e+02, 2.545852129e+05
2848, 4.000000000e-02, 1.833333333e-02, 1.666666667e-03, 1.148511443e+00, 1.171481672e+02, 1.453284689e+01, -1.598613158e+02, 2.546771596e+05
2849, 4.000000000e-02, 1.833333333e-02, 3.333333333e-03, 1.148511443e+00, 1.171481672e+02, 2.906569379e+01, -1.598613158e+02, 2.549529996e+05
2850, 4.000000000e-02, 1.833333333e-02, 5.000000000e-03, 1.148511443e+00, 1.171481672e+02, 4.359854068e+01, -1.598613158e+02, 2.554127331e+05
2851, 4.000000000e-02, 1.833333333e-02, 6.666666667e-03, 1.148511443e+00, 1.171481672e+02, 5.813138757e+01, -1.598613158e+02, 2.560563599e+05
2852, 4.000000000e-02, 1.833333333e-02, 8.333333333e-03, 1.148511443e+00, 1.171481672e+02, 7.266423447e+01, -1.598613158e+02, 2.568838800e+05
2853, 4.000000000e-02, 1.833333333e-02, 1.000000000e-02, 1.148511443e+00, 1.171481672e+02, 8.719708136e+01, -1.598613158e+02, 2.578952935e+05
2854, 4.000000000e-02, 1.833333333e-02, 1.166666667e-02, 1.148511443e+00, 1.171481672e+02, 1.017299283e+02, -1.598613158e+02, 2.590906004e+05
2855, 4.000000000e-02, 1.833333333e-02, 1.333333333e-02, 1.148511443e+00, 1.171481672e+02, 1.162627751e+02, -1.598613158e+02, 2.604698007e+05
2856, 4.000000000e-02, 1.833333333e-02, 1.500000000e-02, 1.148511443e+00, 1.171481672e+02, 1.307956220e+02, -1.598613158e+02, 2.620328944e+05
2857, 4.000000000e-02, 1.833333333e-02, 1.666666667e-02, 1.148511443e+00, 1.171481672e+02, 1.453284689e+02, -1.598613158e+02, 2.637798814e+05
2858, 4.000000000e-02, 1.833333333e-02, 1.833333333e-02, 1.148511443e+00, 1.171481672e+02, 1.598613158e+02, -1.598613158e+02, 2.657107617e+05
2859, 4.000000000e-02, 1.833333333e-02, 2.000000000e-02, 1.148511443e+00, 1.171481672e+02, 1.743941627e+02, -1.598613158e+02, 2.678255355e+05
2860, 4.000000000e-02, 2.000000000e-02, 0.000000000e+00, 1.148511443e+00, 1.171481672e+02, 0.000000000e+00, -1.743941627e+02, 2.566999866e+05
2861, 4.000000000e-02, 2.000000000e-02, 1.666666667e-03, 1.148511443e+00, 1.171481672e+02, 1.453284689e+01, -1.743941627e+02, 2.567919333e+05
2862, 4.000000000e-02, 2.000000000e-02, 3.333333333e-03, 1.148511443e+00, 1.171481672e+02, 2.906569379e+01, -1.743941627e+02, 2.570677734e+05
2863, 4.000000000e-02, 2.000000000e-02, 5.000000000e-03, 1.148511443e+00, 1.171481672e+02, 4.359854068e+01, -1.743941627e+02, 2.575275068e+05
2864, 4.000000000e-02, 2.000000000e-02, 6.666666667e-03, 1.148511443e+00, 1.171481672e+02, 5.813138757e+01, -1.743941627e+02, 2.581711336e+05
2865, 4.000000000e-02, 2.000000000e-02, 8.333333333e-03, 1.148511443e+00, 1.171481672e+02, 7.266423447e+01, -1.743941627e+02, 2.589986538e+05
2866, 4.000000000e-02, 2.000000000e-02, 1.000000000e-02, 1.148511443e+00, 1.171481672e+02, 8.719708136e+01, -1.743941627e+02, 2.600100673e+05
2867, 4.000000000e-02, 2.000000000e-02, 1.166666667e-02, 1.148511443e+00, 1.171481672e+02, 1.017299283e+02, -1.743941627e+02, 2.612053742e+05
2868, 4.000000000e-02, 2.000000000e-02, 1.333333333e-02, 1.148511443e+00, 1.171481672e+02, 1.162627751e+02, -1.743941627e+02, 2.625845745e+05
2869, 4.000000000e-02, 2.000000000e-02, 1.500000000e-02, 1.148511443e+00, 1.171481672e+02, 1.307956220e+02, -1.743941627e+02, 2.641476681e+05
2870, 4.000000000e-02, 2.000000000e-02, 1.666666667e-02, 1.148511443e+00, 1.171481672e+02, 1.453284689e+02, -1.743941627e+02, 2.658946551e+05
2871, 4.000000000e-02, 2.000000000e-02, 1.833333333e-02, 1.148511443e+00, 1.171481672e+02, 1.598613158e+02, -1.743941627e+02, 2.678255355e+05
2872, 4.000000000e-02, 2.000000000e-02, 2.000000000e-02, 1.148511443e+00, 1.171481672e+02, 1.743941627e+02, -1.743941627e+02, 2.699403092e+05
2873, 4.250000000e-02, 0.000000000e+00, 0.000000000e+00, 1.148511443e+00, 1.171481672e+02, 0.000000000e+00, 0.000000000e+00, 2.434596641e+05
2874, 4.250000000e-02, 0.000000000e+00, 1.666666667e-03, 1.148511443e+00, 1.171481672e+02, 1.453284689e+01, 0.000000000e+00, 2.435516108e+05
2875, 4.250000000e-02, 0.000000000e+00, 3.333333333e-03, 1.148511443e+00, 1.171481672e+02, 2.906569379e+01, 0.000000000e+00, 2.438274508e+05
2876, 4.250000000e-02, 0.000000000e+00, 5.000000000e-03, 1.148511443e+00, 1.171481672e+02, 4.359854068e+01, 0.000000000e+00, 2.442871842e+05
2877, 4.250000000e-02, 0.000000000e+00, 6.666666667e-03, 1.148511443e+00, 1.171481672e+02, 5.813138757e+01, 0.000000000e+00, 2.449308110e+05
2878, 4.250000000e-02, 0.000000000e+00, 8.333333333e-03, 1.148511443e+00, 1.171481672e+02, 7.266423447e+01, 0.000000000e+00, 2.457583312e+05
2879, 4.250000000e-02, 0.000000000e+00, 1.000000000e-02, 1.148511443e+00, 1.171481672e+02, 8.719708136e+01, 0.000000000e+00, 2.467697447e+05
2880, 4.250000000e-02, 0.000000000e+00, 1.166666667e-02, 1.148511443e+00, 1.171481672e+02, 1.017299283e+02, 0.000000000e+00, 2.479650516e+05
2881, 4.250000000e-02, 0.000000000e+00, 1.333333333e-02, 1.148511443e+00, 1.171481672e+02, 1.162627751e+02, 0.000000000e+00, 2.493442519e+05
2882, 4.250000000e-02, 0.000000000e+00, 1.500000000e-02, 1.148511443e+00, 1.171481672e+02, 1.307956220e+02, 0.000000000e+00, 2.509073455e+05
2883, 4.250000000e-02, 0.000000000e+00, 1.666666667e-02, 1.148511443e+00, 1.171481672e+02, 1.453284689e+02, 0.000000000e+00, 2.526543325e+05
2884, 4.250000000e-02, 0.000000000e+00, 1.833333333e-02, 1.148511443e+00, 1.171481672e+02, 1.598613158e+02, 0.000000000e+00, 2.545852129e+05
2885, 4.250000000e-02, 0.000000000e+00, 2.000000000e-02, 1.148511443e+00, 1.171481672e+02, 1.743941627e+02, 0.000000000e+00, 2.566999866e+05
2886, 4.250000000e-02, 1.666666667e-03, 0.000000000e+00, 1.148511443e+00, 1.171481672e+02, 0.000000000e+00, -1.453284689e+01, 2.435516108e+05
2887, 4.250000000e-02, 1.666666667e-03, 1.666666667e-03, 1.148511443e+00, 1.171481672e+02, 1.453284689e+01, -1.453284689e+01, 2.436435574e+05
2888, 4.250000000e-02, 1.666666667e-03, 3.333333333e-03, 1.148511443e+00, 1.171481672e+02, 2.906569379e+01, -1.453284689e+01, 2.439193975e+05
2889, 4.250000000e-02, 1.666666667e-03, 5.000000000e-03, 1.148511443e+00, 1.171481672e+02, 4.359854068e+01, -1.453284689e+01, 2.443791309e+05
2890, 4.250000000e-02, 1.666666667e-03, 6.666666667e-03, 1.148511443e+00, 1.171481672e+02, 5.813138757e+01, -1.453284689e+01, 2.450227577e+05
2891, 4.250000000e-02, 1.666666667e-03, 8.333333333e-03, 1.148511443e+00, 1.171481672e+02, 7.266423447e+01, -1.453284689e+01, 2.458502779e+05
2892, 4.250000000e-02, 1.666666667e-03, 1.000000000e-02, 1.148511443e+00, 1.171481672e+02, 8.719708136e+01, -1.453284689e+01, 2.468616914e+05
2893, 4.250000000e-02, 1.666666667e-03, 1.166666667e-02, 1.148511443e+00, 1.171481672e+02, 1.017299283e+02, -1.453284689e+01, 2.480569983e+05
2894, 4.250000000e-02, 1.666666667e-03, 1.333333333e-02, 1.148511443e+00, 1.171481672e+02, 1.162627751e+02, -1.453284689e+01, 2.494361986e+05
2895, 4.250000000e-02, 1.666666667e-03, 1.500000000e-02, 1.148511443e+00, 1.171481672e+02, 1.307956220e+02, -1.453284689e+01, 2.509992922e+05
2896, 4.250000000e-02, 1.666666667e-03, 1.666666667e-02, 1.148511443e+00, 1.171481672e+02, 1.453284689e+02, -1.453284689e+01, 2.527462792e+05
2897, 4.250000000e-02, 1.666666667e-03, 1.833333333e-02, 1.148511443e+00, 1.171481672e+02, 1.598613158e+02, -1.453284689e+01, 2.546771596e+05
2898, 4.250000000e-02, 1.666666667e-03, 2.000000000e-02, 1.148511443e+00, 1.171481672e+02, 1.743941627e+02, -1.453284689e+01, 2.567919333e+05
2899, 4.250000000e-02, 3.333333333e-03, 0.000000000e+00, 1.148511443e+00, 1.171481672e+02, 0.000000000e+00, -2.906569379e+01, 2.438274508e+05
2900, 4.250000000e-02, 3.333333333e-03, 1.666666667e-03, 1.148511443e+00, 1.171481672e+02, 1.453284689e+01, -2.906569379e+01, 2.439193975e+05
2901, 4.250000000e-02, 3.333333333e-03, 3.333333333e-03, 1.148511443e+00, 1.171481672e+02, 2.906569379e+01, -2.906569379e+01, 2.441952375e+05
2902, 4.250000000e-02, 3.333333333e-03, 5.000000000e-03, 1.148511443e+00, 1.171481672e+02, 4.359854068e+01, -2.906569379e+01, 2.446549710e+05
2903, 4.250000000e-02, 3.333333333e-03, 6.666666667e-03, 1.148511443e+00, 1.171481672e+02, 5.813138757e+01, -2.906569379e+01, 2.452985978e+05
2904, 4.250000000e-02, 3.333333333e-03, 8.333333333e-03, 1.148511443e+00, 1.171481672e+02, 7.266423447e+01, -2.906569379e+01, 2.461261179e+05
2905, 4.250000000e-02, 3.333333333e-03, 1.000000000e-02, 1.148511443e+00, 1.171481672e+02, 8.719708136e+01, -2.906569379e+01, 2.471375315e+05
2906, 4.250000000e-02, 3.333333333e-03, 1.166666667e-02, 1.148511443e+00, 1.171481672e+02, 1.017299283e+02, -2.906569379e+01, 2.483328384e+05
2907, 4.250000000e-02, 3.333333333e-03, 1.333333333e-02, 1.148511443e+00, 1.171481672e+02, 1.162627751e+02, -2.906569379e+01, 2.497120386e+05
2908, 4.250000000e-02, 3.333333333e-03, 1.500000000e-02, 1.148511443e+00, 1.171481672e+02, 1.307956220e+02, -2.906569379e+01, 2.512751323e+05
2909, 4.250000000e-02, 3.333333333e-03, 1.666666667e-02, 1.148511443e+00, 1.171481672e+02, 1.453284689e+02, -2.906569379e+01, 2.530221193e+05
2910, 4.250000000e-02, 3.333333333e-03, 1.833333333e-02, 1.148511443e+00, 1.171481672e+02, 1.598613158e+02, -2.906569379e+01, 2.549529996e+05
2911, 4.250000000e-02, 3.333333333e-03, 2.000000000e-02, 1.148511443e+00, 1.171481672e+02, 1.743941627e+02, -2.906569379e+01, 2.570677734e+05
2912, 4.250000000e-02, 5.000000000e-03, 0.000000000e+00, 1.148511443e+00, 1.171481672e+02, 0.000000000e+00, -4.359854068e+01, 2.442871842e+05
2913, 4.250000000e-02, 5.000000000e-03, 1.666666667e-03, 1.148511443e+00, 1.171481672e+02, 1.453284689e+01, -4.359854068e+01, 2.443791309e+05
2914, 4.250000000e-02, 5.000000000e-03, 3.333333333e-03, 1.148511443e+00, 1.171481672e+02, 2.906569379e+01, -4.359854068e+01, 2.446549710e+05
2915, 4.250000000e-02, 5.000000000e-03, 5.000000000e-03, 1.148511443e+00, 1.171481672e+02, 4.359854068e+01, -4.359854068e+01, 2.451147044e+05
2916, 4.250000000e-02, 5.000000000e-03, 6.666666667e-03, 1.148511443e+00, 1.171481672e+02, 5.813138757e+01, -4.359854068e+01, 2.457583312e+05
2917, 4.250000000e-02, 5.000000000e-03, 8.333333333e-03, 1.148511443e+00, 1.171481672e+02, 7.266423447e+01, -4.359854068e+01, 2.465858513e+05
2918, 4.250000000e-02, 5.000000000e-03, 1.000000000e-02, 1.148511443e+00, 1.171481672e+02, 8.719708136e+01, -4.359854068e+01, 2.475972649e+05
2919, 4.250000000e-02, 5.000000000e-03, 1.166666667e-02, 1.148511443e+00, 1.171481672e+02, 1.017299283e+02, -4.359854068e+01, 2.487925718e+05
2920, 4.250000000e-02, 5.000000000e-03, 1.333333333e-02, 1.148511443e+00, 1.171481672e+02, 1.162627751e+02, -4.359854068e+01, 2.501717720e+05
2921, 4.250000000e-02, 5.000000000e-03, 1.500000000e-02, 1.148511443e+00, 1.171481672e+02, 1.307956220e+02, -4.359854068e+01, 2.517348657e+05
2922, 4.250000000e-02, 5.000000000e-03, 1.666666667e-02, 1.148511443e+00, 1.171481672e+02, 1.453284689e+02, -4.359854068e+01, 2.534818527e+05
2923, 4.250000000e-02, 5.000000000e-03, 1.833333333e-02, 1.148511443e+00, 1.171481672e+02, 1.598613158e+02, -4.359854068e+01, 2.554127331e+05
2924, 4.250000000e-02, 5.000000000e-03, 2.000000000e-02, 1.148511443e+00, 1.171481672e+02, 1.743941627e+02, -4.359854068e+01, 2.575275068e+05
2925, 4.250000000e-02, 6.666666667e-03, 0.000000000e+00, 1.148511443e+00, 1.171481672e+02, 0.000000000e+00, -5.813138757e+01, 2.449308110e+05
2926, 4.250000000e-02, 6.666666667e-03, 1.666666667e-03, 1.148511443e+00, 1.171481672e+02, 1.453284689e+01, -5.813138757e+01, 2.450227577e+05
2927, 4.250000000e-02, 6.666666667e-03, 3.333333333e-03, 1.148511443e+00, 1.171481672e+02, 2.906569379e+01, -5.813138757e+01, 2.452985978e+05
2928, 4.250000000e-02, 6.666666667e-03, 5.000000000e-03, 1.148511443e+00, 1.171481672e+02, 4.359854068e+01, -5.813138757e+01, 2.457583312e+05
2929, 4.250000000e-02, 6.666666667e-03, 6.666666667e-03, 1.148511443e+00, 1.171481672e+02, 5.813138757e+01, -5.813138757e+01, 2.464019580e+05
2930, 4.250000000e-02, 6.666666667e-03, 8.333333333e-03, 1.148511443e+00, 1.171481672e+02, 7.266423447e+01, -5.813138757e+01, 2.472294781e+05
2931, 4.250000000e-02, 6.666666667e-03, 1.000000000e-02, 1.148511443e+00, 1.171481672e+02, 8.719708136e+01, -5.813138757e+01, 2.482408917e+05
2932, 4.250000000e-02, 6.666666667e-03, 1.166666667e-02, 1.148511443e+00, 1.171481672e+02, 1.017299283e+02, -5.813138757e+01, 2.494361986e+05
2933, 4.250000000e-02, 6.666666667e-03, 1.333333333e-02, 1.148511443e+00, 1.171481672e+02, 1.162627751e+02, -5.813138757e+01, 2.508153988e+05
2934, 4.250000000e-02, 6.666666667e-03, 1.500000000e-02, 1.148511443e+00, 1.171481672e+02, 1.307956220e+02, -5.813138757e+01, 2.523784925e+05
2935, 4.250000000e-02, 6.666666667e-03, 1.666666667e-02, 1.148511443e+00, 1.171481672e+02, 1.453284689e+02, -5.813138757e+01, 2.541254795e+05
2936, 4.250000000e-02, 6.666666667e-03, 1.833333333e-02, 1.148511443e+00, 1.171481672e+02, 1.598613158e+02, -5.813138757e+01, 2.560563599e+05
2937, 4.250000000e-02, 6.666666667e-03, 2.000000000e-02, 1.148511443e+00, 1.171481672e+02, 1.743941627e+02, -5.813138757e+01, 2.581711336e+05
2938, 4.250000000e-02, 8.333333333e-03, 0.000000000e+00, 1.148511443e+00, 1.171481672e+02, 0.000000000e+00, -7.266423447e+01, 2.457583312e+05
2939, 4.250000000e-02, 8.333333333e-03, 1.666666667e-03, 1.148511443e+00, 1.171481672e+02, 1.453284689e+01, -7.266423447e+01, 2.458502779e+05
2940, 4.250000000e-02, 8.333333333e-03, 3.333333333e-03, 1.148511443e+00, 1.171481672e+02, 2.906569379e+01, -7.266423447e+01, 2.461261179e+05
2941, 4.250000000e-02, 8.333333333e-03, 5.000000000e-03, 1.148511443e+00, 1.171481672e+02, 4.359854068e+01, -7.266423447e+01, 2.465858513e+05
2942, 4.250000000e-02, 8.333333333e-03, 6.666666667e-03, 1.148511443e+00, 1.171481672e+02, 5.813138757e+01, -7.266423447e+01, 2.472294781e+05
2943, 4.250000000e-02, 8.333333333e-03, 8.333333333e-03, 1.148511443e+00, 1.171481672e+02, 7.266423447e+01, -7.266423447e+01, 2.480569983e+05
2944, 4.250000000e-02, 8.333333333e-03, 1.000000000e-02, 1.148511443e+00, 1.171481672e+02, 8.719708136e+01, -7.266423447e+01, 2.490684118e+05
2945, 4.250000000e-02, 8.333333333e-03, 1.166666667e-02, 1.148511443e+00, 1.171481672e+02, 1.017299283e+02, -7.266423447e+01, 2.502637187e+05
2946, 4.250000000e-02, 8.333333333e-03, 1.333333333e-02, 1.148511443e+00, 1.171481672e+02, 1.162627751e+02, -7.266423447e+01, 2.516429190e+05
2947, 4.250000000e-02, 8.333333333e-03, 1.500000000e-02, 1.148511443e+00, 1.171481672e+02, 1.307956220e+02, -7.266423447e+01, 2.532060126e+05
2948, 4.250000000e-02, 8.333333333e-03, 1.666666667e-02, 1.148511443e+00, 1.171481672e+02, 1.453284689e+02, -7.266423447e+01, 2.549529996e+05
2949, 4.250000000e-02, 8.333333333e-03, 1.833333333e-02, 1.148511443e+00, 1.171481672e+02, 1.598613158e+02, -7.266423447e+01, 2.568838800e+05
2950, 4.250000000e-02, 8.333333333e-03, 2.000000000e-02, 1.148511443e+00, 1.171481672e+02, 1.743941627e+02, -7.266423447e+01, 2.589986538e+05
2951, 4.250000000e-02, 1.000000000e-02, 0.000000000e+00, 1.148511443e+00, 1.171481672e+02, 0.000000000e+00, -8.719708136e+01, 2.467697447e+05
2952, 4.250000000e-02, 1.000000000e-02, 1.666666667e-03, 1.148511443e+00, 1.171481672e+02, 1.453284689e+01, -8.719708136e+01, 2.468616914e+05
2953, 4.250000000e-02, 1.000000000e-02, 3.333333333e-03, 1.148511443e+00, 1.171481672e+02, 2.906569379e+01, -8.719708136e+01, 2.471375315e+05
2954, 4.250000000e-02, 1.000000000e-02, 5.000000000e-03, 1.148511443e+00, 1.171481672e+02, 4.359854068e+01, -8.719708136e+01, 2.475972649e+05
2955, 4.250000000e-02, 1.000000000e-02, 6.666666667e-03, 1.148511443e+00, 1.171481672e+02, 5.813138757e+01, -8.719708136e+01, 2.482408917e+05
2956, 4.250000000e-02, 1.000000000e-02, 8.333333333e-03, 1.148511443e+00, 1.171481672e+02, 7.266423447e+01, -8.719708136e+01, 2.490684118e+05
2957, 4.250000000e-02, 1.000000000e-02, 1.000000000e-02, 1.148511443e+00, 1.171481672e+02, 8.719708136e+01, -8.719708136e+01, 2.500798254e+05
2958, 4.250000000e-02, 1.000000000e-02, 1.166666667e-02, 1.148511443e+00, 1.171481672e+02, 1.017299283e+02, -8.719708136e+01, 2.512751323e+05
2959, 4.250000000e-02, 1.000000000e-02, 1.333333333e-02, 1.148511443e+00, 1.171481672e+02, 1.162627751e+02, -8.719708136e+01, 2.526543325e+05
2960, 4.250000000e-02, 1.000000000e-02, 1.500000000e-02, 1.148511443e+00, 1.171481672e+02, 1.307956220e+02, -8.719708136e+01, 2.542174262e+05
2961, 4.250000000e-02, 1.000000000e-02, 1.666666667e-02, 1.148511443e+00, 1.171481672e+02, 1.453284689e+02, -8.719708136e+01, 2.559644132e+05
2962, 4.250000000e-02, 1.000000000e-02, 1.833333333e-02, 1.148511443e+00, 1.171481672e+02, 1.598613158e+02, -8.719708136e+01, 2.578952935e+05
2963, 4.250000000e-02, 1.000000000e-02, 2.000000000e-02, 1.148511443e+00, 1.171481672e+02, 1.743941627e+02, -8.719708136e+01, 2.600100673e+05
2964, 4.250000000e-02, 1.166666667e-02, 0.000000000e+00, 1.148511443e+00, 1.171481672e+02, 0.000000000e+00, -1.017299283e+02, 2.479650516e+05
2965, 4.250000000e-02, 1.166666667e-02, 1.666666667e-03, 1.148511443e+00, 1.171481672e+02, 1.453284689e+01, -1.017299283e+02, 2.480569983e+05
2966, 4.250000000e-02, 1.166666667e-02, 3.333333333e-03, 1.148511443e+00, 1.171481672e+02, 2.906569379e+01, -1.017299283e+02, 2.483328384e+05
2967, 4.250000000e-02, 1.166666667e-02, 5.000000000e-03, 1.148511443e+00, 1.171481672e+02, 4.359854068e+01, -1.017299283e+02, 2.487925718e+05
2968, 4.250000000e-02, 1.166666667e-02, 6.666666667e-03, 1.148511443e+00, 1.171481672e+02, 5.813138757e+01, -1.017299283e+02, 2.494361986e+05
2969, 4.250000000e-02, 1.166666667e-02, 8.333333333e-03, 1.148511443e+00, 1.171481672e+02, 7.266423447e+01, -1.017299283e+02, 2.502637187e+05
2970, 4.250000000e-02, 1.166666667e-02, 1.000000000e-02, 1.148511443e+00, 1.171481672e+02, 8.719708136e+01, -1.017299283e+02, 2.512751323e+05
2971, 4.250000000e-02, 1.166666667e-02, 1.166666667e-02, 1.148511443e+00, 1.171481672e+02, 1.017299283e+02, -1.017299283e+02, 2.524704392e+05
2972, 4.250000000e-02, 1.166666667e-02, 1.333333333e-02, 1.148511443e+00, 1.171481672e+02, 1.162627751e+02, -1.017299283e+02, 2.538496394e+05
2973, 4.250000000e-02, 1.166666667e-02, 1.500000000e-02, 1.148511443e+00, 1.171481672e+02, 1.307956220e+02, -1.017299283e+02, 2.554127331e+05
2974, 4.250000000e-02, 1.166666667e-02, 1.666666667e-02, 1.148511443e+00, 1.171481672e+02, 1.453284689e+02, -1.017299283e+02, 2.571597201e+05
2975, 4.250000000e-02, 1.166666667e-02, 1.833333333e-02, 1.148511443e+00, 1.171481672e+02, 1.598613158e+02, -1.017299283e+02, 2.590906004e+05
2976, 4.250000000e-02, 1.166666667e-02, 2.000000000e-02, 1.148511443e+00, 1.171481672e+02, 1.743941627e+02, -1.017299283e+02, 2.612053742e+05
2977, 4.250000000e-02, 1.333333333e-02, 0.000000000e+00, 1.148511443e+00, 1.171481672e+02, 0.000000000e+00, -1.162627751e+02, 2.493442519e+05
2978, 4.250000000e-02, 1.333333333e-02, 1.666666667e-03, 1.148511443e+00, 1.171481672e+02, 1.453284689e+01, -1.162627751e+02, 2.494361986e+05
2979, 4.250000000e-02, 1.333333333e-02, 3.333333333e-03, 1.148511443e+00, 1.171481672e+02, 2.906569379e+01, -1.162627751e+02, 2.497120386e+05
2980, 4.250000000e-02, 1.333333333e-02, 5.000000000e-03, 1.148511443e+00, 1.171481672e+02, 4.359854068e+01, -1.162627751e+02, 2.501717720e+05
2981, 4.250000000e-02, 1.333333333e-02, 6.666666667e-03, 1.148511443e+00, 1.171481672e+02, 5.813138757e+01, -1.162627751e+02, 2.508153988e+05
2982, 4.250000000e-02, 1.333333333e-02, 8.333333333e-03, 1.148511443e+00, 1.171481672e+02, 7.266423447e+01, -1.162627751e+02, 2.516429190e+05
2983, 4.250000000e-02, 1.333333333e-02, 1.000000000e-02, 1.148511443e+00, 1.171481672e+02, 8.719708136e+01, -1.162627751e+02, 2.526543325e+05
2984, 4.250000000e-02, 1.333333333e-02, 1.166666667e-02, 1.148511443e+00, 1.171481672e+02, 1.017299283e+02, -1.162627751e+02, 2.538496394e+05
2985, 4.250000000e-02, 1.333333333e-02, 1.333333333e-02, 1.148511443e+00, 1.171481672e+02, 1.162627751e+02, -1.162627751e+02, 2.552288397e+05
2986, 4.250000000e-02, 1.333333333e-02, 1.500000000e-02, 1.148511443e+00, 1.171481672e+02, 1.307956220e+02, -1.162627751e+02, 2.567919333e+05
2987, 4.250000000e-02, 1.333333333e-02, 1.666666667e-02, 1.148511443e+00, 1.171481672e+02, 1.453284689e+02, -1.162627751e+02, 2.585389203e+05
2988, 4.250000000e-02, 1.333333333e-02, 1.833333333e-02, 1.148511443e+00, 1.171481672e+02, 1.598613158e+02, -1.162627751e+02, 2.604698007e+05
2989, 4.250000000e-02, 1.333333333e-02, 2.000000000e-02, 1.148511443e+00, 1.171481672e+02, 1.743941627e+02, -1.162627751e+02, 2.625845745e+05
2990, 4.250000000e-02, 1.500000000e-02, 0.000000000e+00, 1.148511443e+00, 1.171481672e+02, 0.000000000e+00, -1.307956220e+02, 2.509073455e+05
2991, 4.250000000e-02, 1.500000000e-02, 1.666666667e-03, 1.148511443e+00, 1.171481672e+02, 1.453284689e+01, -1.307956220e+02, 2.509992922e+05
2992, 4.250000000e-02, 1.500000000e-02, 3.333333333e-03, 1.148511443e+00, 1.171481672e+02, 2.906569379e+01, -1.307956220e+02, 2.512751323e+05
2993, 4.250000000e-02, 1.500000000e-02, 5.000000000e-03, 1.148511443e+00, 1.171481672e+02, 4.359854068e+01, -1.307956220e+02, 2.517348657e+05
2994, 4.250000000e-02, 1.500000000e-02, 6.666666667e-03, 1.148511443e+00, 1.171481672e+02, 5.813138757e+01, -1.307956220e+02, 2.523784925e+05
2995, 4.250000000e-02, 1.500000000e-02, 8.333333333e-03, 1.148511443e+00, 1.171481672e+02, 7.266423447e+01, -1.307956220e+02, 2.532060126e+05
2996, 4.250000000e-02, 1.500000000e-02, 1.000000000e-02, 1.148511443e+00, 1.171481672e+02, 8.719708136e+01, -1.307956220e+02, 2.542174262e+05
2997, 4.250000000e-02, 1.500000000e-02, 1.166666667e-02, 1.148511443e+00, 1.171481672e+02, 1.017299283e+02, -1.307956220e+02, 2.554127331e+05
2998, 4.250000000e-02, 1.500000000e-02, 1.333333333e-02, 1.148511443e+00, 1.171481672e+02, 1.162627751e+02, -1.307956220e+02, 2.567919333e+05
2999, 4.250000000e-02, 1.500000000e-02, 1.500000000e-02, 1.148511443e+00, 1.171481672e+02, 1.307956220e+02, -1.307956220e+02, 2.583550270e+05
3000, 4.250000000e-02, 1.500000000e-02, 1.666666667e-02, 1.148511443e+00, 1.171481672e+02, 1.453284689e+02, -1.307956220e+02, 2.601020140e+05
3001, 4.250000000e-02, 1.500000000e-02, 1.833333333e-02, 1.148511443e+00, 1.171481672e+02, 1.598613158e+02, -1.307956220e+02, 2.620328944e+05
3002, 4.250000000e-02, 1.500000000e-02, 2.000000000e-02, 1.148511443e+00, 1.171481672e+02, 1.743941627e+02, -1.307956220e+02, 2.641476681e+05
3003, 4.250000000e-02, 1.666666667e-02, 0.000000000e+00, 1.148511443e+00, 1.171481672e+02, 0.000000000e+00, -1.453284689e+02, 2.526543325e+05
3004, 4.250000000e-02, 1.666666667e-02, 1.666666667e-03, 1.148511443e+00, 1.171481672e+02, 1.453284689e+01, -1.453284689e+02, 2.527462792e+05
3005, 4.250000000e-02, 1.666666667e-02, 3.333333333e-03, 1.148511443e+00, 1.171481672e+02, 2.906569379e+01, -1.453284689e+02, 2.530221193e+05
3006, 4.250000000e-02, 1.666666667e-02, 5.000000000e-03, 1.148511443e+00, 1.171481672e+02, 4.359854068e+01, -1.453284689e+02, 2.534818527e+05
3007, 4.250000000e-02, 1.666666667e-02, 6.666666667e-03, 1.148511443e+00, 1.171481672e+02, 5.813138757e+01, -1.453284689e+02, 2.541254795e+05
3008, 4.250000000e-02, 1.666666667e-02, 8.333333333e-03, 1.148511443e+00, 1.171481672e+02, 7.266423447e+01, -1.453284689e+02, 2.549529996e+05
3009, 4.250000000e-02, 1.666666667e-02, 1.000000000e-02, 1.148511443e+00, 1.171481672e+02, 8.719708136e+01, -1.453284689e+02, 2.559644132e+05
3010, 4.250000000e-02, 1.666666667e-02, 1.166666667e-02, 1.148511443e+00, 1.171481672e+02, 1.017299283e+02, -1.453284689e+02, 2.571597201e+05
3011, 4.250000000e-02, 1.666666667e-02, 1.333333333e-02, 1.148511443e+00, 1.171481672e+02, 1.162627751e+02, -1.453284689e+02, 2.585389203e+05
3012, 4.250000000e-02, 1.666666667e-02, 1.500000000e-02, 1.148511443e+00, 1.171481672e+02, 1.307956220e+02, -1.453284689e+02, 2.601020140e+05
3013, 4.250000000e-02, 1.666666667e-02, 1.666666667e-02, 1.148511443e+00, 1.171481672e+02, 1.453284689e+02, -1.453284689e+02, 2.618490010e+05
3014, 4.250000000e-02, 1.666666667e-02, 1.833333333e-02, 1.148511443e+00, 1.171481672e+02, 1.598613158e+02, -1.453284689e+02, 2.637798814e+05
3015, 4.250000000e-02, 1.666666667e-02, 2.000000000e-02, 1.148511443e+00, 1.171481672e+02, 1.743941627e+02, -1.453284689e+02, 2.658946551e+05
3016, 4.250000000e-02, 1.833333333e-02, 0.000000000e+00, 1.148511443e+00, 1.171481672e+02, 0.000000000e+00, -1.598613158e+02, 2.545852129e+05
3017, 4.250000000e-02, 1.833333333e-02, 1.666666667e-03, 1.148511443e+00, 1.171481672e+02, 1.453284689e+01, -1.598613158e+02, 2.546771596e+05
3018, 4.250000000e-02, 1.833333333e-02, 3.333333333e-03, 1.148511443e+00, 1.171481672e+02, 2.906569379e+01, -1.598613158e+02, 2.549529996e+05
3019, 4.250000000e-02, 1.833333333e-02, 5.000000000e-03, 1.148511443e+00, 1.171481672e+02, 4.359854068e+01, -1.598613158e+02, 2.554127331e+05
3020, 4.250000000e-02, 1.833333333e-02, 6.666666667e-03, 1.148511443e+00, 1.171481672e+02, 5.813138757e+01, -1.598613158e+02, 2.560563599e+05
3021, 4.250000000e-02, 1.833333333e-02, 8.333333333e-03, 1.148511443e+00, 1.171481672e+02, 7.266423447e+01, -1.598613158e+02, 2.568838800e+05
3022, 4.250000000e-02, 1.833333333e-02, 1.000000000e-02, 1.148511443e+00, 1.171481672e+02, 8.719708136e+01, -1.598613158e+02, 2.578952935e+05
3023, 4.250000000e-02, 1.833333333e-02, 1.166666667e-02, 1.148511443e+00, 1.171481672e+02, 1.017299283e+02, -1.598613158e+02, 2.590906004e+05
3024, 4.250000000e-02, 1.833333333e-02, 1.333333333e-02, 1.148511443e+00, 1.171481672e+02, 1.162627751e+02, -1.598613158e+02, 2.604698007e+05
3025, 4.250000000e-02, 1.833333333e-02, 1.500000000e-02, 1.148511443e+00, 1.171481672e+02, 1.307956220e+02, -1.598613158e+02, 2.620328944e+05
3026, 4.250000000e-02, 1.833333333e-02, 1.666666667e-02, 1.148511443e+00, 1.171481672e+02, 1.453284689e+02, -1.598613158e+02, 2.637798814e+05
3027, 4.250000000e-02, 1.833333333e-02, 1.833333333e-02, 1.148511443e+00, 1.171481672e+02, 1.598613158e+02, -1.598613158e+02, 2.657107617e+05
3028, 4.250000000e-02, 1.833333333e-02, 2.000000000e-02, 1.148511443e+00, 1.171481672e+02, 1.743941627e+02, -1.598613158e+02, 2.678255355e+05
3029, 4.250000000e-02, 2.000000000e-02, 0.000000000e+00, 1.148511443e+00, 1.171481672e+02, 0.000000000e+00, -1.743941627e+02, 2.566999866e+05
3030, 4.250000000e-02, 2.000000000e-02, 1.666666667e-03, 1.148511443e+00, 1.171481672e+02, 1.453284689e+01, -1.743941627e+02, 2.567919333e+05
3031, 4.250000000e-02, 2.000000000e-02, 3.333333333e-03, 1.148511443e+00, 1.171481672e+02, 2.906569379e+01, -1.743941627e+02, 2.570677734e+05
3032, 4.250000000e-02, 2.000000000e-02, 5.000000000e-03, 1.148511443e+00, 1.171481672e+02, 4.359854068e+01, -1.743941627e+02, 2.575275068e+05
3033, 4.250000000e-02, 2.000000000e-02, 6.666666667e-03, 1.148511443e+00, 1.171481672e+02, 5.813138757e+01, -1.743941627e+02, 2.581711336e+05
3034, 4.250000000e-02, 2.000000000e-02, 8.333333333e-03, 1.148511443e+00, 1.171481672e+02, 7.266423447e+01, -1.743941627e+02, 2.589986538e+05
3035, 4.250000000e-02, 2.000000000e-02, 1.000000000e-02, 1.148511443e+00, 1.171481672e+02, 8.719708136e+01, -1.743941627e+02, 2.600100673e+05
3036, 4.250000000e-02, 2.000000000e-02, 1.166666667e-02, 1.148511443e+00, 1.171481672e+02, 1.017299283e+02, -1.743941627e+02, 2.612053742e+05
3037, 4.250000000e-02, 2.000000000e-02, 1.333333333e-02, 1.148511443e+00, 1.171481672e+02, 1.162627751e+02, -1.743941627e+02, 2.625845745e+05
3038, 4.250000000e-02, 2.000000000e-02, 1.500000000e-02, 1.148511443e+00, 1.171481672e+02, 1.307956220e+02, -1.743941627e+02, 2.641476681e+05
3039, 4.250000000e-02, 2.000000000e-02, 1.666666667e-02, 1.148511443e+00, 1.171481672e+02, 1.453284689e+02, -1.743941627e+02, 2.658946551e+05
3040, 4.250000000e-02, 2.000000000e-02, 1.833333333e-02, 1.148511443e+00, 1.171481672e+02, 1.598613158e+02, -1.743941627e+02, 2.678255355e+05
3041, 4.250000000e-02, 2.000000000e-02, 2.000000000e-02, 1.148511443e+00, 1.171481672e+02, 1.743941627e+02, -1.743941627e+02, 2.699403092e+05
3042, 4.500000000e-02, 0.000000000e+00, 0.000000000e+00, 1.148511443e+00, 1.171481672e+02, 0.000000000e+00, 0.000000000e+00, 2.434596641e+05
3043, 4.500000000e-02, 0.000000000e+00, 1.666666667e-03, 1.148511443e+00, 1.171481672e+02, 1.453284689e+01, 0.000000000e+00, 2.435516108e+05
3044, 4.500000000e-02, 0.000000000e+00, 3.333333333e-03, 1.148511443e+00, 1.171481672e+02, 2.906569379e+01, 0.000000000e+00, 2.438274508e+05
3045, 4.500000000e-02, 0.000000000e+00, 5.000000000e-03, 1.148511443e+00, 1.171481672e+02, 4.359854068e+01, 0.000000000e+00, 2.442871842e+05
3046, 4.500000000e-02, 0.000000000e+00, 6.666666667e-03, 1.148511443e+00, 1.171481672e+02, 5.813138757e+01, 0.000000000e+00, 2.449308110e+05
3047, 4.500000000e-02, 0.000000000e+00, 8.333333333e-03, 1.148511443e+00, 1.171481672e+02, 7.266423447e+01, 0.000000000e+00, 2.457583312e+05
3048, 4.500000000e-02, 0.000000000e+00, 1.000000000e-02, 1.148511443e+00, 1.171481672e+02, 8.719708136e+01, 0.000000000e+00, 2.467697447e+05
3049, 4.500000000e-02, 0.000000000e+00, 1.166666667e-02, 1.148511443e+00, 1.171481672e+02, 1.017299283e+02, 0.000000000e+00, 2.479650516e+05
3050, 4.500000000e-02, 0.000000000e+00, 1.333333333e-02, 1.148511443e+00, 1.171481672e+02, 1.162627751e+02, 0.000000000e+00, 2.493442519e+05
3051, 4.500000000e-02, 0.000000000e+00, 1.500000000e-02, 1.148511443e+00, 1.171481672e+02, 1.307956220e+02, 0.000000000e+00, 2.509073455e+05
3052, 4.500000000e-02, 0.000000000e+00, 1.666666667e-02, 1.148511443e+00, 1.171481672e+02, 1.453284689e+02, 0.000000000e+00, 2.526543325e+05
3053, 4.500000000e-02, 0.000000000e+00, 1.833333333e-02, 1.148511443e+00, 1.171481672e+02, 1.598613158e+02, 0.000000000e+00, 2.545852129e+05
3054, 4.500000000e-02, 0.000000000e+00, 2.000000000e-02, 1.148511443e+00, 1.171481672e+02, 1.743941627e+02, 0.000000000e+00, 2.566999866e+05
3055, 4.500000000e-02, 1.666666667e-03, 0.000000000e+00, 1.148511443e+00, 1.171481672e+02, 0.000000000e+00, -1.453284689e+01, 2.435516108e+05
3056, 4.500000000e-02, 1.666666667e-03, 1.666666667e-03, 1.148511443e+00, 1.171481672e+02, 1.453284689e+01, -1.453284689e+01, 2.436435574e+05
3057, 4.500000000e-02, 1.666666667e-03, 3.333333333e-03, 1.148511443e+00, 1.171481672e+02, 2.906569379e+01, -1.453284689e+01, 2.439193975e+05
3058, 4.500000000e-02, 1.666666667e-03, 5.000000000e-03, 1.148511443e+00, 1.171481672e+02, 4.359854068e+01, -1.453284689e+01, 2.443791309e+05
3059, 4.500000000e-02, 1.666666667e-03, 6.666666667e-03, 1.148511443e+00, 1.171481672e+02, 5.813138757e+01, -1.453284689e+01, 2.450227577e+05
3060, 4.500000000e-02, 1.666666667e-03, 8.333333333e-03, 1.148511443e+00, 1.171481672e+02, 7.266423447e+01, -1.453284689e+01, 2.458502779e+05
3061, 4.500000000e-02, 1.666666667e-03, 1.000000000e-02, 1.148511443e+00, 1.171481672e+02, 8.719708136e+01, -1.453284689e+01, 2.468616914e+05
3062, 4.500000000e-02, 1.666666667e-03, 1.166666667e-02, 1.148511443e+00, 1.171481672e+02, 1.017299283e+02, -1.453284689e+01, 2.480569983e+05
3063, 4.500000000e-02, 1.666666667e-03, 1.333333333e-02, 1.148511443e+00, 1.171481672e+02, 1.162627751e+02, -1.453284689e+01, 2.494361986e+05
3064, 4.500000000e-02, 1.666666667e-03, 1.500000000e-02, 1.148511443e+00, 1.171481672e+02, 1.307956220e+02, -1.453284689e+01, 2.509992922e+05
3065, 4.500000000e-02, 1.666666667e-03, 1.666666667e-02, 1.148511443e+00, 1.171481672e+02, 1.453284689e+02, -1.453284689e+01, 2.527462792e+05
3066, 4.500000000e-02, 1.666666667e-03, 1.833333333e-02, 1.148511443e+00, 1.171481672e+02, 1.598613158e+02, -1.453284689e+01, 2.546771596e+05
3067, 4.500000000e-02, 1.666666667e-03, 2.000000000e-02, 1.148511443e+00, 1.171481672e+02, 1.743941627e+02, -1.453284689e+01, 2.567919333e+05
3068, 4.500000000e-02, 3.333333333e-03, 0.000000000e+00, 1.148511443e+00, 1.171481672e+02, 0.000000000e+00, -2.906569379e+01, 2.438274508e+05
3069, 4.500000000e-02, 3.333333333e-03, 1.666666667e-03, 1.148511443e+00, 1.171481672e+02, 1.453284689e+01, -2.906569379e+01, 2.439193975e+05
3070, 4.500000000e-02, 3.333333333e-03, 3.333333333e-03, 1.148511443e+00, 1.171481672e+02, 2.906569379e+01, -2.906569379e+01, 2.441952375e+05
3071, 4.500000000e-02, 3.333333333e-03, 5.000000000e-03, 1.148511443e+00, 1.171481672e+02, 4.359854068e+01, -2.906569379e+01, 2.446549710e+05
3072, 4.500000000e-02, 3.333333333e-03, 6.666666667e-03, 1.148511443e+00, 1.171481672e+02, 5.813138757e+01, -2.906569379e+01, 2.452985978e+05
3073, 4.500000000e-02, 3.333333333e-03, 8.333333333e-03, 1.148511443e+00, 1.171481672e+02, 7.266423447e+01, -2.906569379e+01, 2.461261179e+05
3074, 4.500000000e-02, 3.333333333e-03, 1.000000000e-02, 1.148511443e+00, 1.171481672e+02, 8.719708136e+01, -2.906569379e+01, 2.471375315e+05
3075, 4.500000000e-02, 3.333333333e-03, 1.166666667e-02, 1.148511443e+00, 1.171481672e+02, 1.017299283e+02, -2.906569379e+01, 2.483328384e+05
3076, 4.500000000e-02, 3.333333333e-03, 1.333333333e-02, 1.148511443e+00, 1.171481672e+02, 1.162627751e+02, -2.906569379e+01, 2.497120386e+05
3077, 4.500000000e-02, 3.333333333e-03, 1.500000000e-02, 1.148511443e+00, 1.171481672e+02, 1.307956220e+02, -2.906569379e+01, 2.512751323e+05
3078, 4.500000000e-02, 3.333333333e-03, 1.666666667e-02, 1.148511443e+00, 1.171481672e+02, 1.453284689e+02, -2.906569379e+01, 2.530221193e+05
3079, 4.500000000e-02, 3.333333333e-03, 1.833333333e-02, 1.148511443e+00, 1.171481672e+02, 1.598613158e+02, -2.906569379e+01, 2.549529996e+05
3080, 4.500000000e-02, 3.333333333e-03, 2.000000000e-02, 1.148511443e+00, 1.171481672e+02, 1.743941627e+02, -2.906569379e+01, 2.570677734e+05
3081, 4.500000000e-02, 5.000000000e-03, 0.000000000e+00, 1.148511443e+00, 1.171481672e+02, 0.000000000e+00, -4.359854068e+01, 2.442871842e+05
3082, 4.500000000e-02, 5.000000000e-03, 1.666666667e-03, 1.148511443e+00, 1.171481672e+02, 1.453284689e+01, -4.359854068e+01, 2.443791309e+05
3083, 4.500000000e-02, 5.000000000e-03, 3.333333333e-03, 1.148511443e+00, 1.171481672e+02, 2.906569379e+01, -4.359854068e+01, 2.446549710e+05
3084, 4.500000000e-02, 5.000000000e-03, 5.000000000e-03, 1.148511443e+00, 1.171481672e+02, 4.359854068e+01, -4.359854068e+01, 2.451147044e+05
3085, 4.500000000e-02, 5.000000000e-03, 6.666666667e-03, 1.148511443e+00, 1.171481672e+02, 5.813138757e+01, -4.359854068e+01, 2.457583312e+05
3086, 4.500000000e-02, 5.000000000e-03, 8.333333333e-03, 1.148511443e+00, 1.171481672e+02, 7.266423447e+01, -4.359854068e+01, 2.465858513e+05
3087, 4.500000000e-02, 5.000000000e-03, 1.000000000e-02, 1.148511443e+00, 1.171481672e+02, 8.719708136e+01, -4.359854068e+01, 2.475972649e+05
3088, 4.500000000e-02, 5.000000000e-03, 1.166666667e-02, 1.148511443e+00, 1.171481672e+02, 1.017299283e+02, -4.359854068e+01, 2.487925718e+05
3089, 4.500000000e-02, 5.000000000e-03, 1.333333333e-02, 1.148511443e+00, 1.171481672e+02, 1.162627751e+02, -4.359854068e+01, 2.501717720e+05
3090, 4.500000000e-02, 5.000000000e-03, 1.500000000e-02, 1.148511443e+00, 1.171481672e+02, 1.307956220e+02, -4.359854068e+01, 2.517348657e+05
3091, 4.500000000e-02, 5.000000000e-03, 1.666666667e-02, 1.148511443e+00, 1.171481672e+02, 1.453284689e+02, -4.359854068e+01, 2.534818527e+05
3092, 4.500000000e-02, 5.000000000e-03, 1.833333333e-02, 1.148511443e+00, 1.171481672e+02, 1.598613158e+02, -4.359854068e+01, 2.554127331e+05
3093, 4.500000000e-02, 5.000000000e-03, 2.000000000e-02, 1.148511443e+00, 1.171481672e+02, 1.743941627e+02, -4.359854068e+01, 2.575275068e+05
3094, 4.500000000e-02, 6.666666667e-03, 0.000000000e+00, 1.148511443e+00, 1.171481672e+02, 0.000000000e+00, -5.813138757e+01, 2.449308110e+05
3095, 4.500000000e-02, 6.666666667e-03, 1.666666667e-03, 1.148511443e+00, 1.171481672e+02, 1.453284689e+01, -5.813138757e+01, 2.450227577e+05
3096, 4.500000000e-02, 6.666666667e-03, 3.333333333e-03, 1.148511443e+00, 1.171481672e+02, 2.906569379e+01, -5.813138757e+01, 2.452985978e+05
3097, 4.500000000e-02, 6.666666667e-03, 5.000000000e-03, 1.148511443e+00, 1.171481672e+02, 4.359854068e+01, -5.813138757e+01, 2.457583312e+05
3098, 4.500000000e-02, 6.666666667e-03, 6.666666667e-03, 1.148511443e+00, 1.171481672e+02, 5.813138757e+01, -5.813138757e+01, 2.464019580e+05
3099, 4.500000000e-02, 6.666666667e-03, 8.333333333e-03, 1.148511443e+00, 1.171481672e+02, 7.266423447e+01, -5.813138757e+01, 2.472294781e+05
3100, 4.500000000e-02, 6.666666667e-03, 1.000000000e-02, 1.148511443e+00, 1.171481672e+02, 8.719708136e+01, -5.813138757e+01, 2.482408917e+05
3101, 4.500000000e-02, 6.666666667e-03, 1.166666667e-02, 1.148511443e+00, 1.171481672e+02, 1.017299283e+02, -5.813138757e+01, 2.494361986e+05
3102, 4.500000000e-02, 6.666666667e-03, 1.333333333e-02, 1.148511443e+00, 1.171481672e+02, 1.162627751e+02, -5.813138757e+01, 2.508153988e+05
3103, 4.500000000e-02, 6.666666667e-03, 1.500000000e-02, 1.148511443e+00, 1.171481672e+02, 1.307956220e+02, -5.813138757e+01, 2.523784925e+05
3104, 4.500000000e-02, 6.666666667e-03, 1.666666667e-02, 1.148511443e+00, 1.171481672e+02, 1.453284689e+02, -5.813138757e+01, 2.541254795e+05
3105, 4.500000000e-02, 6.666666667e-03, 1.833333333e-02, 1.148511443e+00, 1.171481672e+02, 1.598613158e+02, -5.813138757e+01, 2.560563599e+05
3106, 4.500000000e-02, 6.666666667e-03, 2.000000000e-02, 1.148511443e+00, 1.171481672e+02, 1.743941627e+02, -5.813138757e+01, 2.581711336e+05
3107, 4.500000000e-02, 8.333333333e-03, 0.000000000e+00, 1.148511443e+00, 1.171481672e+02, 0.000000000e+00, -7.266423447e+01, 2.457583312e+05
3108, 4.500000000e-02, 8.333333333e-03, 1.666666667e-03, 1.148511443e+00, 1.171481672e+02, 1.453284689e+01, -7.266423447e+01, 2.458502779e+05
3109, 4.500000000e-02, 8.333333333e-03, 3.333333333e-03, 1.148511443e+00, 1.171481672e+02, 2.906569379e+01, -7.266423447e+01, 2.461261179e+05
3110, 4.500000000e-02, 8.333333333e-03, 5.000000000e-03, 1.148511443e+00, 1.171481672e+02, 4.359854068e+01, -7.266423447e+01, 2.465858513e+05
3111, 4.500000000e-02, 8.333333333e-03, 6.666666667e-03, 1.148511443e+00, 1.171481672e+02, 5.813138757e+01, -7.266423447e+01, 2.472294781e+05
3112, 4.500000000e-02, 8.333333333e-03, 8.333333333e-03, 1.148511443e+00, 1.171481672e+02, 7.266423447e+01, -7.266423447e+01, 2.480569983e+05
3113, 4.500000000e-02, 8.333333333e-03, 1.000000000e-02, 1.148511443e+00, 1.171481672e+02, 8.719708136e+01, -7.266423447e+01, 2.490684118e+05
3114, 4.500000000e-02, 8.333333333e-03, 1.166666667e-02, 1.148511443e+00, 1.171481672e+02, 1.017299283e+02, -7.266423447e+01, 2.502637187e+05
3115, 4.500000000e-02, 8.333333333e-03, 1.333333333e-02, 1.148511443e+00, 1.171481672e+02, 1.162627751e+02, -7.266423447e+01, 2.516429190e+05
3116, 4.500000000e-02, 8.333333333e-03, 1.500000000e-02, 1.148511443e+00, 1.171481672e+02, 1.307956220e+02, -7.266423447e+01, 2.532060126e+05
3117, 4.500000000e-02, 8.333333333e-03, 1.666666667e-02, 1.148511443e+00, 1.171481672e+02, 1.453284689e+02, -7.266423447e+01, 2.549529996e+05
3118, 4.500000000e-02, 8.333333333e-03, 1.833333333e-02, 1.148511443e+00, 1.171481672e+02, 1.598613158e+02, -7.266423447e+01, 2.568838800e+05
3119, 4.500000000e-02, 8.333333333e-03, 2.000000000e-02, 1.148511443e+00, 1.171481672e+02, 1.743941627e+02, -7.266423447e+01, 2.589986538e+05
3120, 4.500000000e-02, 1.000000000e-02, 0.000000000e+00, 1.148511443e+00, 1.171481672e+02, 0.000000000e+00, -8.719708136e+01, 2.467697447e+05
3121, 4.500000000e-02, 1.000000000e-02, 1.666666667e-03, 1.148511443e+00, 1.171481672e+02, 1.453284689e+01, -8.719708136e+01, 2.468616914e+05
3122, 4.500000000e-02, 1.000000000e-02, 3.333333333e-03, 1.148511443e+00, 1.171481672e+02, 2.906569379e+01, -8.719708136e+01, 2.471375315e+05
3123, 4.500000000e-02, 1.000000000e-02, 5.000000000e-03, 1.148511443e+00, 1.171481672e+02, 4.359854068e+01, -8.719708136e+01, 2.475972649e+05
3124, 4.500000000e-02, 1.000000000e-02, 6.666666667e-03, 1.148511443e+00, 1.171481672e+02, 5.813138757e+01, -8.719708136e+01, 2.482408917e+05
3125, 4.500000000e-02, 1.000000000e-02, 8.333333333e-03, 1.148511443e+00, 1.171481672e+02, 7.266423447e+01, -8.719708136e+01, 2.490684118e+05
3126, 4.500000000e-02, 1.000000000e-02, 1.000000000e-02, 1.148511443e+00, 1.171481672e+02, 8.719708136e+01, -8.719708136e+01, 2.500798254e+05
3127, 4.500000000e-02, 1.000000000e-02, 1.166666667e-02, 1.148511443e+00, 1.171481672e+02, 1.017299283e+02, -8.719708136e+01, 2.512751323e+05
3128, 4.500000000e-02, 1.000000000e-02, 1.333333333e-02, 1.148511443e+00, 1.171481672e+02, 1.162627751e+02, -8.719708136e+01, 2.526543325e+05
3129, 4.500000000e-02, 1.000000000e-02, 1.500000000e-02, 1.148511443e+00, 1.171481672e+02, 1.307956220e+02, -8.719708136e+01, 2.542174262e+05
3130, 4.500000000e-02, 1.000000000e-02, 1.666666667e-02, 1.148511443e+00, 1.171481672e+02, 1.453284689e+02, -8.719708136e+01, 2.559644132e+05
3131, 4.500000000e-02, 1.000000000e-02, 1.833333333e-02, 1.148511443e+00, 1.171481672e+02, 1.598613158e+02, -8.719708136e+01, 2.578952935e+05
3132, 4.500000000e-02, 1.000000000e-02, 2.000000000e-02, 1.148511443e+00, 1.171481672e+02, 1.743941627e+02, -8.719708136e+01, 2.600100673e+05
3133, 4.500000000e-02, 1.166666667e-02, 0.000000000e+00, 1.148511443e+00, 1.171481672e+02, 0.000000000e+00, -1.017299283e+02, 2.479650516e+05
3134, 4.500000000e-02, 1.166666667e-02, 1.666666667e-03, 1.148511443e+00, 1.171481672e+02, 1.453284689e+01, -1.017299283e+02, 2.480569983e+05
3135, 4.500000000e-02, 1.166666667e-02, 3.333333333e-03, 1.148511443e+00, 1.171481672e+02, 2.906569379e+01, -1.017299283e+02, 2.483328384e+05
3136, 4.500000000e-02, 1.166666667e-02, 5.000000000e-03, 1.148511443e+00, 1.171481672e+02, 4.359854068e+01, -1.017299283e+02, 2.487925718e+05
3137, 4.500000000e-02, 1.166666667e-02, 6.666666667e-03, 1.148511443e+00, 1.171481672e+02, 5.813138757e+01, -1.017299283e+02, 2.494361986e+05
3138, 4.500000000e-02, 1.166666667e-02, 8.333333333e-03, 1.148511443e+00, 1.171481672e+02, 7.266423447e+01, -1.017299283e+02, 2.502637187e+05
3139, 4.500000000e-02, 1.166666667e-02, 1.000000000e-02, 1.148511443e+00, 1.171481672e+02, 8.719708136e+01, -1.017299283e+02, 2.512751323e+05
3140, 4.500000000e-02, 1.166666667e-02, 1.166666667e-02, 1.148511443e+00, 1.171481672e+02, 1.017299283e+02, -1.017299283e+02, 2.524704392e+05
3141, 4.500000000e-02, 1.166666667e-02, 1.333333333e-02, 1.148511443e+00, 1.171481672e+02, 1.162627751e+02, -1.017299283e+02, 2.538496394e+05
3142, 4.500000000e-02, 1.166666667e-02, 1.500000000e-02, 1.148511443e+00, 1.171481672e+02, 1.307956220e+02, -1.017299283e+02, 2.554127331e+05
3143, 4.500000000e-02, 1.166666667e-02, 1.666666667e-02, 1.148511443e+00, 1.171481672e+02, 1.453284689e+02, -1.017299283e+02, 2.571597201e+05
3144, 4.500000000e-02, 1.166666667e-02, 1.833333333e-02, 1.148511443e+00, 1.171481672e+02, 1.598613158e+02, -1.017299283e+02, 2.590906004e+05
3145, 4.500000000e-02, 1.166666667e-02, 2.000000000e-02, 1.148511443e+00, 1.171481672e+02, 1.743941627e+02, -1.017299283e+02, 2.612053742e+05
3146, 4.500000000e-02, 1.333333333e-02, 0.000000000e+00, 1.148511443e+00, 1.171481672e+02, 0.000000000e+00, -1.162627751e+02, 2.493442519e+05
3147, 4.500000000e-02, 1.333333333e-02, 1.666666667e-03, 1.148511443e+00, 1.171481672e+02, 1.453284689e+01, -1.162627751e+02, 2.494361986e+05
3148, 4.500000000e-02, 1.333333333e-02, 3.333333333e-03, 1.148511443e+00, 1.171481672e+02, 2.906569379e+01, -1.162627751e+02, 2.497120386e+05
3149, 4.500000000e-02, 1.333333333e-02, 5.000000000e-03, 1.148511443e+00, 1.171481672e+02, 4.359854068e+01, -1.162627751e+02, 2.501717720e+05
3150, 4.500000000e-02, 1.333333333e-02, 6.666666667e-03, 1.148511443e+00, 1.171481672e+02, 5.813138757e+01, -1.162627751e+02, 2.508153988e+05
3151, 4.500000000e-02, 1.333333333e-02, 8.333333333e-03, 1.148511443e+00, 1.171481672e+02, 7.266423447e+01, -1.162627751e+02, 2.516429190e+05
3152, 4.500000000e-02, 1.333333333e-02, 1.000000000e-02, 1.148511443e+00, 1.171481672e+02, 8.719708136e+01, -1.162627751e+02, 2.526543325e+05
3153, 4.500000000e-02, 1.333333333e-02, 1.166666667e-02, 1.148511443e+00, 1.171481672e+02, 1.017299283e+02, -1.162627751e+02, 2.538496394e+05
3154, 4.500000000e-02, 1.333333333e-02, 1.333333333e-02, 1.148511443e+00, 1.171481672e+02, 1.162627751e+02, -1.162627751e+02, 2.552288397e+05
3155, 4.500000000e-02, 1.333333333e-02, 1.500000000e-02, 1.148511443e+00, 1.171481672e+02, 1.307956220e+02, -1.162627751e+02, 2.567919333e+05
3156, 4.500000000e-02, 1.333333333e-02, 1.666666667e-02, 1.148511443e+00, 1.171481672e+02, 1.453284689e+02, -1.162627751e+02, 2.585389203e+05
3157, 4.500000000e-02, 1.333333333e-02, 1.833333333e-02, 1.148511443e+00, 1.171481672e+02, 1.598613158e+02, -1.162627751e+02, 2.604698007e+05
3158, 4.500000000e-02, 1.333333333e-02, 2.000000000e-02, 1.148511443e+00, 1.171481672e+02, 1.743941627e+02, -1.162627751e+02, 2.625845745e+05
3159, 4.500000000e-02, 1.500000000e-02, 0.000000000e+00, 1.148511443e+00, 1.171481672e+02, 0.000000000e+00, -1.307956220e+02, 2.509073455e+05
3160, 4.500000000e-02, 1.500000000e-02, 1.666666667e-03, 1.148511443e+00, 1.171481672e+02, 1.453284689e+01, -1.307956220e+02, 2.509992922e+05
3161, 4.500000000e-02, 1.500000000e-02, 3.333333333e-03, 1.148511443e+00, 1.171481672e+02, 2.906569379e+01, -1.307956220e+02, 2.512751323e+05
3162, 4.500000000e-02, 1.500000000e-02, 5.000000000e-03, 1.148511443e+00, 1.171481672e+02, 4.359854068e+01, -1.307956220e+02, 2.517348657e+05
3163, 4.500000000e-02, 1.500000000e-02, 6.666666667e-03, 1.148511443e+00, 1.171481672e+02, 5.813138757e+01, -1.307956220e+02, 2.523784925e+05
3164, 4.500000000e-02, 1.500000000e-02, 8.333333333e-03, 1.148511443e+00, 1.171481672e+02, 7.266423447e+01, -1.307956220e+02, 2.532060126e+05
3165, 4.500000000e-02, 1.500000000e-02, 1.000000000e-02, 1.148511443e+00, 1.171481672e+02, 8.719708136e+01, -1.307956220e+02, 2.542174262e+05
3166, 4.500000000e-02, 1.500000000e-02, 1.166666667e-02, 1.148511443e+00, 1.171481672e+02, 1.017299283e+02, -1.307956220e+02, 2.554127331e+05
3167, 4.500000000e-02, 1.500000000e-02, 1.333333333e-02, 1.148511443e+00, 1.171481672e+02, 1.162627751e+02, -1.307956220e+02, 2.567919333e+05
3168, 4.500000000e-02, 1.500000000e-02, 1.500000000e-02, 1.148511443e+00, 1.171481672e+02, 1.307956220e+02, -1.307956220e+02, 2.583550270e+05
3169, 4.500000000e-02, 1.500000000e-02, 1.666666667e-02, 1.148511443e+00, 1.171481672e+02, 1.453284689e+02, -1.307956220e+02, 2.601020140e+05
3170, 4.500000000e-02, 1.500000000e-02, 1.833333333e-02, 1.148511443e+00, 1.171481672e+02, 1.598613158e+02, -1.307956220e+02, 2.620328944e+05
3171, 4.500000000e-02, 1.500000000e-02, 2.000000000e-02, 1.148511443e+00, 1.171481672e+02, 1.743941627e+02, -1.307956220e+02, 2.641476681e+05
3172, 4.500000000e-02, 1.666666667e-02, 0.000000000e+00, 1.148511443e+00, 1.171481672e+02, 0.000000000e+00, -1.453284689e+02, 2.526543325e+05
3173, 4.500000000e-02, 1.666666667e-02, 1.666666667e-03, 1.148511443e+00, 1.171481672e+02, 1.453284689e+01, -1.453284689e+02, 2.527462792e+05
3174, 4.500000000e-02, 1.666666667e-02, 3.333333333e-03, 1.148511443e+00, 1.171481672e+02, 2.906569379e+01, -1.453284689e+02, 2.530221193e+05
3175, 4.500000000e-02, 1.666666667e-02, 5.000000000e-03, 1.148511443e+00, 1.171481672e+02, 4.359854068e+01, -1.453284689e+02, 2.534818527e+05
3176, 4.500000000e-02, 1.666666667e-02, 6.666666667e-03, 1.148511443e+00, 1.171481672e+02, 5.813138757e+01, -1.453284689e+02, 2.541254795e+05
3177, 4.500000000e-02, 1.666666667e-02, 8.333333333e-03, 1.148511443e+00, 1.171481672e+02, 7.266423447e+01, -1.453284689e+02, 2.549529996e+05
3178, 4.500000000e-02, 1.666666667e-02, 1.000000000e-02, 1.148511443e+00, 1.171481672e+02, 8.719708136e+01, -1.453284689e+02, 2.559644132e+05
3179, 4.500000000e-02, 1.666666667e-02, 1.166666667e-02, 1.148511443e+00, 1.171481672e+02, 1.017299283e+02, -1.453284689e+02, 2.571597201e+05
3180, 4.500000000e-02, 1.666666667e-02, 1.333333333e-02, 1.148511443e+00, 1.171481672e+02, 1.162627751e+02, -1.453284689e+02, 2.585389203e+05
3181, 4.500000000e-02, 1.666666667e-02, 1.500000000e-02, 1.148511443e+00, 1.171481672e+02, 1.307956220e+02, -1.453284689e+02, 2.601020140e+05
3182, 4.500000000e-02, 1.666666667e-02, 1.666666667e-02, 1.148511443e+00, 1.171481672e+02, 1.453284689e+02, -1.453284689e+02, 2.618490010e+05
3183, 4.500000000e-02, 1.666666667e-02, 1.833333333e-02, 1.148511443e+00, 1.171481672e+02, 1.598613158e+02, -1.453284689e+02, 2.637798814e+05
3184, 4.500000000e-02, 1.666666667e-02, 2.000000000e-02, 1.148511443e+00, 1.171481672e+02, 1.743941627e+02, -1.453284689e+02, 2.658946551e+05
3185, 4.500000000e-02, 1.833333333e-02, 0.000000000e+00, 1.148511443e+00, 1.171481672e+02, 0.000000000e+00, -1.598613158e+02, 2.545852129e+05
3186, 4.500000000e-02, 1.833333333e-02, 1.666666667e-03, 1.148511443e+00, 1.171481672e+02, 1.453284689e+01, -1.598613158e+02, 2.546771596e+05
3187, 4.500000000e-02, 1.833333333e-02, 3.333333333e-03, 1.148511443e+00, 1.171481672e+02, 2.906569379e+01, -1.598613158e+02, 2.549529996e+05
3188, 4.500000000e-02, 1.833333333e-02, 5.000000000e-03, 1.148511443e+00, 1.171481672e+02, 4.359854068e+01, -1.598613158e+02, 2.554127331e+05
3189, 4.500000000e-02, 1.833333333e-02, 6.666666667e-03, 1.148511443e+00, 1.171481672e+02, 5.813138757e+01, -1.598613158e+02, 2.560563599e+05
3190, 4.500000000e-02, 1.833333333e-02, 8.333333333e-03, 1.148511443e+00, 1.171481672e+02, 7.266423447e+01, -1.598613158e+02, 2.568838800e+05
3191, 4.500000000e-02, 1.833333333e-02, 1.000000000e-02, 1.148511443e+00, 1.171481672e+02, 8.719708136e+01, -1.598613158e+02, 2.578952935e+05
3192, 4.500000000e-02, 1.833333333e-02, 1.166666667e-02, 1.148511443e+00, 1.171481672e+02, 1.017299283e+02, -1.598613158e+02, 2.590906004e+05
3193, 4.500000000e-02, 1.833333333e-02, 1.333333333e-02, 1.148511443e+00, 1.171481672e+02, 1.162627751e+02, -1.598613158e+02, 2.604698007e+05
3194, 4.500000000e-02, 1.833333333e-02, 1.500000000e-02, 1.148511443e+00, 1.171481672e+02, 1.307956220e+02, -1.598613158e+02, 2.620328944e+05
3195, 4.500000000e-02, 1.833333333e-02, 1.666666667e-02, 1.148511443e+00, 1.171481672e+02, 1.453284689e+02, -1.598613158e+02, 2.637798814e+05
3196, 4.500000000e-02, 1.833333333e-02, 1.833333333e-02, 1.148511443e+00, 1.171481672e+02, 1.598613158e+02, -1.598613158e+02, 2.657107617e+05
3197, 4.500000000e-02, 1.833333333e-02, 2.000000000e-02, 1.148511443e+00, 1.171481672e+02, 1.743941627e+02, -1.598613158e+02, 2.678255355e+05
3198, 4.500000000e-02, 2.000000000e-02, 0.000000000e+00, 1.148511443e+00, 1.171481672e+02, 0.000000000e+00, -1.743941627e+02, 2.566999866e+05
3199, 4.500000000e-02, 2.000000000e-02, 1.666666667e-03, 1.148511443e+00, 1.171481672e+02, 1.453284689e+01, -1.743941627e+02, 2.567919333e+05
3200, 4.500000000e-02, 2.000000000e-02, 3.333333333e-03, 1.148511443e+00, 1.171481672e+02, 2.906569379e+01, -1.743941627e+02, 2.570677734e+05
3201, 4.500000000e-02, 2.000000000e-02, 5.000000000e-03, 1.148511443e+00, 1.171481672e+02, 4.359854068e+01, -1.743941627e+02, 2.575275068e+05
3202, 4.500000000e-02, 2.000000000e-02, 6.666666667e-03, 1.148511443e+00, 1.171481672e+02, 5.813138757e+01, -1.743941627e+02, 2.581711336e+05
3203, 4.500000000e-02, 2.000000000e-02, 8.333333333e-03, 1.148511443e+00, 1.171481672e+02, 7.266423447e+01, -1.743941627e+02, 2.589986538e+05
3204, 4.500000000e-02, 2.000000000e-02, 1.000000000e-02, 1.148511443e+00, 1.171481672e+02, 8.719708136e+01, -1.743941627e+02, 2.600100673e+05
3205, 4.500000000e-02, 2.000000000e-02, 1.166666667e-02, 1.148511443e+00, 1.171481672e+02, 1.017299283e+02, -1.743941627e+02, 2.612053742e+05
3206, 4.500000000e-02, 2.000000000e-02, 1.333333333e-02, 1.148511443e+00, 1.171481672e+02, 1.162627751e+02, -1.743941627e+02, 2.625845745e+05
3207, 4.500000000e-02, 2.000000000e-02, 1.500000000e-02, 1.148511443e+00, 1.171481672e+02, 1.307956220e+02, -1.743941627e+02, 2.641476681e+05
3208, 4.500000000e-02, 2.000000000e-02, 1.666666667e-02, 1.148511443e+00, 1.171481672e+02, 1.453284689e+02, -1.743941627e+02, 2.658946551e+05
3209, 4.500000000e-02, 2.000000000e-02, 1.833333333e-02, 1.148511443e+00, 1.171481672e+02, 1.598613158e+02, -1.743941627e+02, 2.678255355e+05
3210, 4.500000000e-02, 2.000000000e-02, 2.000000000e-02, 1.148511443e+00, 1.171481672e+02, 1.743941627e+02, -1.743941627e+02, 2.699403092e+05
3211, 4.750000000e-02, 0.000000000e+00, 0.000000000e+00, 1.148511443e+00, 1.171481672e+02, 0.000000000e+00, 0.000000000e+00, 2.434596641e+05
3212, 4.750000000e-02, 0.000000000e+00, 1.666666667e-03, 1.148511443e+00, 1.171481672e+02, 1.453284689e+01, 0.000000000e+00, 2.435516108e+05
3213, 4.750000000e-02, 0.000000000e+00, 3.333333333e-03, 1.148511443e+00, 1.171481672e+02, 2.906569379e+01, 0.000000000e+00, 2.438274508e+05
3214, 4.750000000e-02, 0.000000000e+00, 5.000000000e-03, 1.148511443e+00, 1.171481672e+02, 4.359854068e+01, 0.000000000e+00, 2.442871842e+05
3215, 4.750000000e-02, 0.000000000e+00, 6.666666667e-03, 1.148511443e+00, 1.171481672e+02, 5.813138757e+01, 0.000000000e+00, 2.449308110e+05
3216, 4.750000000e-02, 0.000000000e+00, 8.333333333e-03, 1.148511443e+00, 1.171481672e+02, 7.266423447e+01, 0.000000000e+00, 2.457583312e+05
3217, 4.750000000e-02, 0.000000000e+00, 1.000000000e-02, 1.148511443e+00, 1.171481672e+02, 8.719708136e+01, 0.000000000e+00, 2.467697447e+05
3218, 4.750000000e-02, 0.000000000e+00, 1.166666667e-02, 1.148511443e+00, 1.171481672e+02, 1.017299283e+02, 0.000000000e+00, 2.479650516e+05
3219, 4.750000000e-02, 0.000000000e+00, 1.333333333e-02, 1.148511443e+00, 1.171481672e+02, 1.162627751e+02, 0.000000000e+00, 2.493442519e+05
3220, 4.750000000e-02, 0.000000000e+00, 1.500000000e-02, 1.148511443e+00, 1.171481672e+02, 1.307956220e+02, 0.000000000e+00, 2.509073455e+05
3221, 4.750000000e-02, 0.000000000e+00, 1.666666667e-02, 1.148511443e+00, 1.171481672e+02, 1.453284689e+02, 0.000000000e+00, 2.526543325e+05
3222, 4.750000000e-02, 0.000000000e+00, 1.833333333e-02, 1.148511443e+00, 1.171481672e+02, 1.598613158e+02, 0.000000000e+00, 2.545852129e+05
3223, 4.750000000e-02, 0.000000000e+00, 2.000000000e-02, 1.148511443e+00, 1.171481672e+02, 1.743941627e+02, 0.000000000e+00, 2.566999866e+05
3224, 4.750000000e-02, 1.666666667e-03, 0.000000000e+00, 1.148511443e+00, 1.171481672e+02, 0.000000000e+00, -1.453284689e+01, 2.435516108e+05
3225, 4.750000000e-02, 1.666666667e-03, 1.666666667e-03, 1.148511443e+00, 1.171481672e+02, 1.453284689e+01, -1.453284689e+01, 2.436435574e+05
3226, 4.750000000e-02, 1.666666667e-03, 3.333333333e-03, 1.148511443e+00, 1.171481672e+02, 2.906569379e+01, -1.453284689e+01, 2.439193975e+05
3227, 4.750000000e-02, 1.666666667e-03, 5.000000000e-03, 1.148511443e+00, 1.171481672e+02, 4.359854068e+01, -1.453284689e+01, 2.443791309e+05
3228, 4.750000000e-02, 1.666666667e-03, 6.666666667e-03, 1.148511443e+00, 1.171481672e+02, 5.813138757e+01, -1.453284689e+01, 2.450227577e+05
3229, 4.750000000e-02, 1.666666667e-03, 8.333333333e-03, 1.148511443e+00, 1.171481672e+02, 7.266423447e+01, -1.453284689e+01, 2.458502779e+05
3230, 4.750000000e-02, 1.666666667e-03, 1.000000000e-02, 1.148511443e+00, 1.171481672e+02, 8.719708136e+01, -1.453284689e+01, 2.468616914e+05
3231, 4.750000000e-02, 1.666666667e-03, 1.166666667e-02, 1.148511443e+00, 1.171481672e+02, 1.017299283e+02, -1.453284689e+01, 2.480569983e+05
3232, 4.750000000e-02, 1.666666667e-03, 1.333333333e-02, 1.148511443e+00, 1.171481672e+02, 1.162627751e+02, -1.453284689e+01, 2.494361986e+05
3233, 4.750000000e-02, 1.666666667e-03, 1.500000000e-02, 1.148511443e+00, 1.171481672e+02, 1.307956220e+02, -1.453284689e+01, 2.509992922e+05
3234, 4.750000000e-02, 1.666666667e-03, 1.666666667e-02, 1.148511443e+00, 1.171481672e+02, 1.453284689e+02, -1.453284689e+01, 2.527462792e+05
3235, 4.750000000e-02, 1.666666667e-03, 1.833333333e-02, 1.148511443e+00, 1.171481672e+02, 1.598613158e+02, -1.453284689e+01, 2.546771596e+05
3236, 4.750000000e-02, 1.666666667e-03, 2.000000000e-02, 1.148511443e+00, 1.171481672e+02, 1.743941627e+02, -1.453284689e+01, 2.567919333e+05
3237, 4.750000000e-02, 3.333333333e-03, 0.000000000e+00, 1.148511443e+00, 1.171481672e+02, 0.000000000e+00, -2.906569379e+01, 2.438274508e+05
3238, 4.750000000e-02, 3.333333333e-03, 1.666666667e-03, 1.148511443e+00, 1.171481672e+02, 1.453284689e+01, -2.906569379e+01, 2.439193975e+05
3239, 4.750000000e-02, 3.333333333e-03, 3.333333333e-03, 1.148511443e+00, 1.171481672e+02, 2.906569379e+01, -2.906569379e+01, 2.441952375e+05
3240, 4.750000000e-02, 3.333333333e-03, 5.000000000e-03, 1.148511443e+00, 1.171481672e+02, 4.359854068e+01, -2.906569379e+01, 2.446549710e+05
3241, 4.750000000e-02, 3.333333333e-03, 6.666666667e-03, 1.148511443e+00, 1.171481672e+02, 5.813138757e+01, -2.906569379e+01, 2.452985978e+05
3242, 4.750000000e-02, 3.333333333e-03, 8.333333333e-03, 1.148511443e+00, 1.171481672e+02, 7.266423447e+01, -2.906569379e+01, 2.461261179e+05
3243, 4.750000000e-02, 3.333333333e-03, 1.000000000e-02, 1.148511443e+00, 1.171481672e+02, 8.719708136e+01, -2.906569379e+01, 2.471375315e+05
3244, 4.750000000e-02, 3.333333333e-03, 1.166666667e-02, 1.148511443e+00, 1.171481672e+02, 1.017299283e+02, -2.906569379e+01, 2.483328384e+05
3245, 4.750000000e-02, 3.333333333e-03, 1.333333333e-02, 1.148511443e+00, 1.171481672e+02, 1.162627751e+02, -2.906569379e+01, 2.497120386e+05
3246, 4.750000000e-02, 3.333333333e-03, 1.500000000e-02, 1.148511443e+00, 1.171481672e+02, 1.307956220e+02, -2.906569379e+01, 2.512751323e+05
3247, 4.750000000e-02, 3.333333333e-03, 1.666666667e-02, 1.148511443e+00, 1.171481672e+02, 1.453284689e+02, -2.906569379e+01, 2.530221193e+05
3248, 4.750000000e-02, 3.333333333e-03, 1.833333333e-02, 1.148511443e+00, 1.171481672e+02, 1.598613158e+02, -2.906569379e+01, 2.549529996e+05
3249, 4.750000000e-02, 3.333333333e-03, 2.000000000e-02, 1.148511443e+00, 1.171481672e+02, 1.743941627e+02, -2.906569379e+01, 2.570677734e+05
3250, 4.750000000e-02, 5.000000000e-03, 0.000000000e+00, 1.148511443e+00, 1.171481672e+02, 0.000000000e+00, -4.359854068e+01, 2.442871842e+05
3251, 4.750000000e-02, 5.000000000e-03, 1.666666667e-03, 1.148511443e+00, 1.171481672e+02, 1.453284689e+01, -4.359854068e+01, 2.443791309e+05
3252, 4.750000000e-02, 5.000000000e-03, 3.333333333e-03, 1.148511443e+00, 1.171481672e+02, 2.906569379e+01, -4.359854068e+01, 2.446549710e+05
3253, 4.750000000e-02, 5.000000000e-03, 5.000000000e-03, 1.148511443e+00, 1.171481672e+02, 4.359854068e+01, -4.359854068e+01, 2.451147044e+05
3254, 4.750000000e-02, 5.000000000e-03, 6.666666667e-03, 1.148511443e+00, 1.171481672e+02, 5.813138757e+01, -4.359854068e+01, 2.457583312e+05
3255, 4.750000000e-02, 5.000000000e-03, 8.333333333e-03, 1.148511443e+00, 1.171481672e+02, 7.266423447e+01, -4.359854068e+01, 2.465858513e+05
3256, 4.750000000e-02, 5.000000000e-03, 1.000000000e-02, 1.148511443e+00, 1.171481672e+02, 8.719708136e+01, -4.359854068e+01, 2.475972649e+05
3257, 4.750000000e-02, 5.000000000e-03, 1.166666667e-02, 1.148511443e+00, 1.171481672e+02, 1.017299283e+02, -4.359854068e+01, 2.487925718e+05
3258, 4.750000000e-02, 5.000000000e-03, 1.333333333e-02, 1.148511443e+00, 1.171481672e+02, 1.162627751e+02, -4.359854068e+01, 2.501717720e+05
3259, 4.750000000e-02, 5.000000000e-03, 1.500000000e-02, 1.148511443e+00, 1.171481672e+02, 1.307956220e+02, -4.359854068e+01, 2.517348657e+05
3260, 4.750000000e-02, 5.000000000e-03, 1.666666667e-02, 1.148511443e+00, 1.171481672e+02, 1.453284689e+02, -4.359854068e+01, 2.534818527e+05
3261, 4.750000000e-02, 5.000000000e-03, 1.833333333e-02, 1.148511443e+00, 1.171481672e+02, 1.598613158e+02, -4.359854068e+01, 2.554127331e+05
3262, 4.750000000e-02, 5.000000000e-03, 2.000000000e-02, 1.148511443e+00, 1.171481672e+02, 1.743941627e+02, -4.359854068e+01, 2.575275068e+05
3263, 4.750000000e-02, 6.666666667e-03, 0.000000000e+00, 1.148511443e+00, 1.171481672e+02, 0.000000000e+00, -5.813138757e+01, 2.449308110e+05
3264, 4.750000000e-02, 6.666666667e-03, 1.666666667e-03, 1.148511443e+00, 1.171481672e+02, 1.453284689e+01, -5.813138757e+01, 2.450227577e+05
3265, 4.750000000e-02, 6.666666667e-03, 3.333333333e-03, 1.148511443e+00, 1.171481672e+02, 2.906569379e+01, -5.813138757e+01, 2.452985978e+05
3266, 4.750000000e-02, 6.666666667e-03, 5.000000000e-03, 1.148511443e+00, 1.171481672e+02, 4.359854068e+01, -5.813138757e+01, 2.457583312e+05
3267, 4.750000000e-02, 6.666666667e-03, 6.666666667e-03, 1.148511443e+00, 1.171481672e+02, 5.813138757e+01, -5.813138757e+01, 2.464019580e+05
3268, 4.750000000e-02, 6.666666667e-03, 8.333333333e-03, 1.148511443e+00, 1.171481672e+02, 7.266423447e+01, -5.813138757e+01, 2.472294781e+05
3269, 4.750000000e-02, 6.666666667e-03, 1.000000000e-02, 1.148511443e+00, 1.171481672e+02, 8.719708136e+01, -5.813138757e+01, 2.482408917e+05
3270, 4.750000000e-02, 6.666666667e-03, 1.166666667e-02, 1.148511443e+00, 1.171481672e+02, 1.017299283e+02, -5.813138757e+01, 2.494361986e+05
3271, 4.750000000e-02, 6.666666667e-03, 1.333333333e-02, 1.148511443e+00, 1.171481672e+02, 1.162627751e+02, -5.813138757e+01, 2.508153988e+05
3272, 4.750000000e-02, 6.666666667e-03, 1.500000000e-02, 1.148511443e+00, 1.171481672e+02, 1.307956220e+02, -5.813138757e+01, 2.523784925e+05
3273, 4.750000000e-02, 6.666666667e-03, 1.666666667e-02, 1.148511443e+00, 1.171481672e+02, 1.453284689e+02, -5.813138757e+01, 2.541254795e+05
3274, 4.750000000e-02, 6.666666667e-03, 1.833333333e-02, 1.148511443e+00, 1.171481672e+02, 1.598613158e+02, -5.813138757e+01, 2.560563599e+05
3275, 4.750000000e-02, 6.666666667e-03, 2.000000000e-02, 1.148511443e+00, 1.171481672e+02, 1.743941627e+02, -5.813138757e+01, 2.581711336e+05
3276, 4.750000000e-02, 8.333333333e-03, 0.000000000e+00, 1.148511443e+00, 1.171481672e+02, 0.000000000e+00, -7.266423447e+01, 2.457583312e+05
3277, 4.750000000e-02, 8.333333333e-03, 1.666666667e-03, 1.148511443e+00, 1.171481672e+02, 1.453284689e+01, -7.266423447e+01, 2.458502779e+05
3278, 4.750000000e-02, 8.333333333e-03, 3.333333333e-03, 1.148511443e+00, 1.171481672e+02, 2.906569379e+01, -7.266423447e+01, 2.461261179e+05
3279, 4.750000000e-02, 8.333333333e-03, 5.000000000e-03, 1.148511443e+00, 1.171481672e+02, 4.359854068e+01, -7.266423447e+01, 2.465858513e+05
3280, 4.750000000e-02, 8.333333333e-03, 6.666666667e-03, 1.148511443e+00, 1.171481672e+02, 5.813138757e+01, -7.266423447e+01, 2.472294781e+05
3281, 4.750000000e-02, 8.333333333e-03, 8.333333333e-03, 1.148511443e+00, 1.171481672e+02, 7.266423447e+01, -7.266423447e+01, 2.480569983e+05
3282, 4.750000000e-02, 8.333333333e-03, 1.000000000e-02, 1.148511443e+00, 1.171481672e+02, 8.719708136e+01, -7.266423447e+01, 2.490684118e+05
3283, 4.750000000e-02, 8.333333333e-03, 1.166666667e-02, 1.148511443e+00, 1.171481672e+02, 1.017299283e+02, -7.266423447e+01, 2.502637187e+05
3284, 4.750000000e-02, 8.333333333e-03, 1.333333333e-02, 1.148511443e+00, 1.171481672e+02, 1.162627751e+02, -7.266423447e+01, 2.516429190e+05
3285, 4.750000000e-02, 8.333333333e-03, 1.500000000e-02, 1.148511443e+00, 1.171481672e+02, 1.307956220e+02, -7.266423447e+01, 2.532060126e+05
3286, 4.750000000e-02, 8.333333333e-03, 1.666666667e-02, 1.148511443e+00, 1.171481672e+02, 1.453284689e+02, -7.266423447e+01, 2.549529996e+05
3287, 4.750000000e-02, 8.333333333e-03, 1.833333333e-02, 1.148511443e+00, 1.171481672e+02, 1.598613158e+02, -7.266423447e+01, 2.568838800e+05
3288, 4.750000000e-02, 8.333333333e-03, 2.000000000e-02, 1.148511443e+00, 1.171481672e+02, 1.743941627e+02, -7.266423447e+01, 2.589986538e+05
3289, 4.750000000e-02, 1.000000000e-02, 0.000000000e+00, 1.148511443e+00, 1.171481672e+02, 0.000000000e+00, -8.719708136e+01, 2.467697447e+05
3290, 4.750000000e-02, 1.000000000e-02, 1.666666667e-03, 1.148511443e+00, 1.171481672e+02, 1.453284689e+01, -8.719708136e+01, 2.468616914e+05
3291, 4.750000000e-02, 1.000000000e-02, 3.333333333e-03, 1.148511443e+00, 1.171481672e+02, 2.906569379e+01, -8.719708136e+01, 2.471375315e+05
3292, 4.750000000e-02, 1.000000000e-02, 5.000000000e-03, 1.148511443e+00, 1.171481672e+02, 4.359854068e+01, -8.719708136e+01, 2.475972649e+05
3293, 4.750000000e-02, 1.000000000e-02, 6.666666667e-03, 1.148511443e+00, 1.171481672e+02, 5.813138757e+01, -8.719708136e+01, 2.482408917e+05
3294, 4.750000000e-02, 1.000000000e-02, 8.333333333e-03, 1.148511443e+00, 1.171481672e+02, 7.266423447e+01, -8.719708136e+01, 2.490684118e+05
3295, 4.750000000e-02, 1.000000000e-02, 1.000000000e-02, 1.148511443e+00, 1.171481672e+02, 8.719708136e+01, -8.719708136e+01, 2.500798254e+05
3296, 4.750000000e-02, 1.000000000e-02, 1.166666667e-02, 1.148511443e+00, 1.171481672e+02, 1.017299283e+02, -8.719708136e+01, 2.512751323e+05
3297, 4.750000000e-02, 1.000000000e-02, 1.333333333e-02, 1.148511443e+00, 1.171481672e+02, 1.162627751e+02, -8.719708136e+01, 2.526543325e+05
3298, 4.750000000e-02, 1.000000000e-02, 1.500000000e-02, 1.148511443e+00, 1.171481672e+02, 1.307956220e+02, -8.719708136e+01, 2.542174262e+05
3299, 4.750000000e-02, 1.000000000e-02, 1.666666667e-02, 1.148511443e+00, 1.171481672e+02, 1.453284689e+02, -8.719708136e+01, 2.559644132e+05
3300, 4.750000000e-02, 1.000000000e-02, 1.833333333e-02, 1.148511443e+00, 1.171481672e+02, 1.598613158e+02, -8.719708136e+01, 2.578952935e+05
3301, 4.750000000e-02, 1.000000000e-02, 2.000000000e-02, 1.148511443e+00, 1.171481672e+02, 1.743941627e+02, -8.719708136e+01, 2.600100673e+05
3302, 4.750000000e-02, 1.166666667e-02, 0.000000000e+00, 1.148511443e+00, 1.171481672e+02, 0.000000000e+00, -1.017299283e+02, 2.479650516e+05
3303, 4.750000000e-02, 1.166666667e-02, 1.666666667e-03, 1.148511443e+00, 1.171481672e+02, 1.453284689e+01, -1.017299283e+02, 2.480569983e+05
3304, 4.750000000e-02, 1.166666667e-02, 3.333333333e-03, 1.148511443e+00, 1.171481672e+02, 2.906569379e+01, -1.017299283e+02, 2.483328384e+05
3305, 4.750000000e-02, 1.166666667e-02, 5.000000000e-03, 1.148511443e+00, 1.171481672e+02, 4.359854068e+01, -1.017299283e+02, 2.487925718e+05
3306, 4.750000000e-02, 1.166666667e-02, 6.666666667e-03, 1.148511443e+00, 1.171481672e+02, 5.813138757e+01, -1.017299283e+02, 2.494361986e+05
3307, 4.750000000e-02, 1.166666667e-02, 8.333333333e-03, 1.148511443e+00, 1.171481672e+02, 7.266423447e+01, -1.017299283e+02, 2.502637187e+05
3308, 4.750000000e-02, 1.166666667e-02, 1.000000000e-02, 1.148511443e+00, 1.171481672e+02, 8.719708136e+01, -1.017299283e+02, 2.512751323e+05
3309, 4.750000000e-02, 1.166666667e-02, 1.166666667e-02, 1.148511443e+00, 1.171481672e+02, 1.017299283e+02, -1.017299283e+02, 2.524704392e+05
3310, 4.750000000e-02, 1.166666667e-02, 1.333333333e-02, 1.148511443e+00, 1.171481672e+02, 1.162627751e+02, -1.017299283e+02, 2.538496394e+05
3311, 4.750000000e-02, 1.166666667e-02, 1.500000000e-02, 1.148511443e+00, 1.171481672e+02, 1.307956220e+02, -1.017299283e+02, 2.554127331e+05
3312, 4.750000000e-02, 1.166666667e-02, 1.666666667e-02, 1.148511443e+00, 1.171481672e+02, 1.453284689e+02, -1.017299283e+02, 2.571597201e+05
3313, 4.750000000e-02, 1.166666667e-02, 1.833333333e-02, 1.148511443e+00, 1.171481672e+02, 1.598613158e+02, -1.017299283e+02, 2.590906004e+05
3314, 4.750000000e-02, 1.166666667e-02, 2.000000000e-02, 1.148511443e+00, 1.171481672e+02, 1.743941627e+02, -1.017299283e+02, 2.612053742e+05
3315, 4.750000000e-02, 1.333333333e-02, 0.000000000e+00, 1.148511443e+00, 1.171481672e+02, 0.000000000e+00, -1.162627751e+02, 2.493442519e+05
3316, 4.750000000e-02, 1.333333333e-02, 1.666666667e-03, 1.148511443e+00, 1.171481672e+02, 1.453284689e+01, -1.162627751e+02, 2.494361986e+05
3317, 4.750000000e-02, 1.333333333e-02, 3.333333333e-03, 1.148511443e+00, 1.171481672e+02, 2.906569379e+01, -1.162627751e+02, 2.497120386e+05
3318, 4.750000000e-02, 1.333333333e-02, 5.000000000e-03, 1.148511443e+00, 1.171481672e+02, 4.359854068e+01, -1.162627751e+02, 2.501717720e+05
3319, 4.750000000e-02, 1.333333333e-02, 6.666666667e-03, 1.148511443e+00, 1.171481672e+02, 5.813138757e+01, -1.162627751e+02, 2.508153988e+05
3320, 4.750000000e-02, 1.333333333e-02, 8.333333333e-03, 1.148511443e+00, 1.171481672e+02, 7.266423447e+01, -1.162627751e+02, 2.516429190e+05
3321, 4.750000000e-02, 1.333333333e-02, 1.000000000e-02, 1.148511443e+00, 1.171481672e+02, 8.719708136e+01, -1.162627751e+02, 2.526543325e+05
3322, 4.750000000e-02, 1.333333333e-02, 1.166666667e-02, 1.148511443e+00, 1.171481672e+02, 1.017299283e+02, -1.162627751e+02, 2.538496394e+05
3323, 4.750000000e-02, 1.333333333e-02, 1.333333333e-02, 1.148511443e+00, 1.171481672e+02, 1.162627751e+02, -1.162627751e+02, 2.552288397e+05
3324, 4.750000000e-02, 1.333333333e-02, 1.500000000e-02, 1.148511443e+00, 1.171481672e+02, 1.307956220e+02, -1.162627751e+02, 2.567919333e+05
3325, 4.750000000e-02, 1.333333333e-02, 1.666666667e-02, 1.148511443e+00, 1.171481672e+02, 1.453284689e+02, -1.162627751e+02, 2.585389203e+05
3326, 4.750000000e-02, 1.333333333e-02, 1.833333333e-02, 1.148511443e+00, 1.171481672e+02, 1.598613158e+02, -1.162627751e+02, 2.604698007e+05
3327, 4.750000000e-02, 1.333333333e-02, 2.000000000e-02, 1.148511443e+00, 1.171481672e+02, 1.743941627e+02, -1.162627751e+02, 2.625845745e+05
3328, 4.750000000e-02, 1.500000000e-02, 0.000000000e+00, 1.148511443e+00, 1.171481672e+02, 0.000000000e+00, -1.307956220e+02, 2.509073455e+05
3329, 4.750000000e-02, 1.500000000e-02, 1.666666667e-03, 1.148511443e+00, 1.171481672e+02, 1.453284689e+01, -1.307956220e+02, 2.509992922e+05
3330, 4.750000000e-02, 1.500000000e-02, 3.333333333e-03, 1.148511443e+00, 1.171481672e+02, 2.906569379e+01, -1.307956220e+02, 2.512751323e+05
3331, 4.750000000e-02, 1.500000000e-02, 5.000000000e-03, 1.148511443e+00, 1.171481672e+02, 4.359854068e+01, -1.307956220e+02, 2.517348657e+05
3332, 4.750000000e-02, 1.500000000e-02, 6.666666667e-03, 1.148511443e+00, 1.171481672e+02, 5.813138757e+01, -1.307956220e+02, 2.523784925e+05
3333, 4.750000000e-02, 1.500000000e-02, 8.333333333e-03, 1.148511443e+00, 1.171481672e+02, 7.266423447e+01, -1.307956220e+02, 2.532060126e+05
3334, 4.750000000e-02, 1.500000000e-02, 1.000000000e-02, 1.148511443e+00, 1.171481672e+02, 8.719708136e+01, -1.307956220e+02, 2.542174262e+05
3335, 4.750000000e-02, 1.500000000e-02, 1.166666667e-02, 1.148511443e+00, 1.171481672e+02, 1.017299283e+02, -1.307956220e+02, 2.554127331e+05
3336, 4.750000000e-02, 1.500000000e-02, 1.333333333e-02, 1.148511443e+00, 1.171481672e+02, 1.162627751e+02, -1.307956220e+02, 2.567919333e+05
3337, 4.750000000e-02, 1.500000000e-02, 1.500000000e-02, 1.148511443e+00, 1.171481672e+02, 1.307956220e+02, -1.307956220e+02, 2.583550270e+05
3338, 4.750000000e-02, 1.500000000e-02, 1.666666667e-02, 1.148511443e+00, 1.171481672e+02, 1.453284689e+02, -1.307956220e+02, 2.601020140e+05
3339, 4.750000000e-02, 1.500000000e-02, 1.833333333e-02, 1.148511443e+00, 1.171481672e+02, 1.598613158e+02, -1.307956220e+02, 2.620328944e+05
3340, 4.750000000e-02, 1.500000000e-02, 2.000000000e-02, 1.148511443e+00, 1.171481672e+02, 1.743941627e+02, -1.307956220e+02, 2.641476681e+05
3341, 4.750000000e-02, 1.666666667e-02, 0.000000000e+00, 1.148511443e+00, 1.171481672e+02, 0.000000000e+00, -1.453284689e+02, 2.526543325e+05
3342, 4.750000000e-02, 1.666666667e-02, 1.666666667e-03, 1.148511443e+00, 1.171481672e+02, 1.453284689e+01, -1.453284689e+02, 2.527462792e+05
3343, 4.750000000e-02, 1.666666667e-02, 3.333333333e-03, 1.148511443e+00, 1.171481672e+02, 2.906569379e+01, -1.453284689e+02, 2.530221193e+05
3344, 4.750000000e-02, 1.666666667e-02, 5.000000000e-03, 1.148511443e+00, 1.171481672e+02, 4.359854068e+01, -1.453284689e+02, 2.534818527e+05
3345, 4.750000000e-02, 1.666666667e-02, 6.666666667e-03, 1.148511443e+00, 1.171481672e+02, 5.813138757e+01, -1.453284689e+02, 2.541254795e+05
3346, 4.750000000e-02, 1.666666667e-02, 8.333333333e-03, 1.148511443e+00, 1.171481672e+02, 7.266423447e+01, -1.453284689e+02, 2.549529996e+05
3347, 4.750000000e-02, 1.666666667e-02, 1.000000000e-02, 1.148511443e+00, 1.171481672e+02, 8.719708136e+01, -1.453284689e+02, 2.559644132e+05
3348, 4.750000000e-02, 1.666666667e-02, 1.166666667e-02, 1.148511443e+00, 1.171481672e+02, 1.017299283e+02, -1.453284689e+02, 2.571597201e+05
3349, 4.750000000e-02, 1.666666667e-02, 1.333333333e-02, 1.148511443e+00, 1.171481672e+02, 1.162627751e+02, -1.453284689e+02, 2.585389203e+05
3350, 4.750000000e-02, 1.666666667e-02, 1.500000000e-02, 1.148511443e+00, 1.171481672e+02, 1.307956220e+02, -1.453284689e+02, 2.601020140e+05
3351, 4.750000000e-02, 1.666666667e-02, 1.666666667e-02, 1.148511443e+00, 1.171481672e+02, 1.453284689e+02, -1.453284689e+02, 2.618490010e+05
3352, 4.750000000e-02, 1.666666667e-02, 1.833333333e-02, 1.148511443e+00, 1.171481672e+02, 1.598613158e+02, -1.453284689e+02, 2.637798814e+05
3353, 4.750000000e-02, 1.666666667e-02, 2.000000000e-02, 1.148511443e+00, 1.171481672e+02, 1.743941627e+02, -1.453284689e+02, 2.658946551e+05
3354, 4.750000000e-02, 1.833333333e-02, 0.000000000e+00, 1.148511443e+00, 1.171481672e+02, 0.000000000e+00, -1.598613158e+02, 2.545852129e+05
3355, 4.750000000e-02, 1.833333333e-02, 1.666666667e-03, 1.148511443e+00, 1.171481672e+02, 1.453284689e+01, -1.598613158e+02, 2.546771596e+05
3356, 4.750000000e-02, 1.833333333e-02, 3.333333333e-03, 1.148511443e+00, 1.171481672e+02, 2.906569379e+01, -1.598613158e+02, 2.549529996e+05
3357, 4.750000000e-02, 1.833333333e-02, 5.000000000e-03, 1.148511443e+00, 1.171481672e+02, 4.359854068e+01, -1.598613158e+02, 2.554127331e+05
3358, 4.750000000e-02, 1.833333333e-02, 6.666666667e-03, 1.148511443e+00, 1.171481672e+02, 5.813138757e+01, -1.598613158e+02, 2.560563599e+05
3359, 4.750000000e-02, 1.833333333e-02, 8.333333333e-03, 1.148511443e+00, 1.171481672e+02, 7.266423447e+01, -1.598613158e+02, 2.568838800e+05
3360, 4.750000000e-02, 1.833333333e-02, 1.000000000e-02, 1.148511443e+00, 1.171481672e+02, 8.719708136e+01, -1.598613158e+02, 2.578952935e+05
3361, 4.750000000e-02, 1.833333333e-02, 1.166666667e-02, 1.148511443e+00, 1.171481672e+02, 1.017299283e+02, -1.598613158e+02, 2.590906004e+05
3362, 4.750000000e-02, 1.833333333e-02, 1.333333333e-02, 1.148511443e+00, 1.171481672e+02, 1.162627751e+02, -1.598613158e+02, 2.604698007e+05
3363, 4.750000000e-02, 1.833333333e-02, 1.500000000e-02, 1.148511443e+00, 1.171481672e+02, 1.307956220e+02, -1.598613158e+02, 2.620328944e+05
3364, 4.750000000e-02, 1.833333333e-02, 1.666666667e-02, 1.148511443e+00, 1.171481672e+02, 1.453284689e+02, -1.598613158e+02, 2.637798814e+05
3365, 4.750000000e-02, 1.833333333e-02, 1.833333333e-02, 1.148511443e+00, 1.171481672e+02, 1.598613158e+02, -1.598613158e+02, 2.657107617e+05
3366, 4.750000000e-02, 1.833333333e-02, 2.000000000e-02, 1.148511443e+00, 1.171481672e+02, 1.743941627e+02, -1.598613158e+02, 2.678255355e+05
3367, 4.750000000e-02, 2.000000000e-02, 0.000000000e+00, 1.148511443e+00, 1.171481672e+02, 0.000000000e+00, -1.743941627e+02, 2.566999866e+05
3368, 4.750000000e-02, 2.000000000e-02, 1.666666667e-03, 1.148511443e+00, 1.171481672e+02, 1.453284689e+01, -1.743941627e+02, 2.567919333e+05
3369, 4.750000000e-02, 2.000000000e-02, 3.333333333e-03, 1.148511443e+00, 1.171481672e+02, 2.906569379e+01, -1.743941627e+02, 2.570677734e+05
3370, 4.750000000e-02, 2.000000000e-02, 5.000000000e-03, 1.148511443e+00, 1.171481672e+02, 4.359854068e+01, -1.743941627e+02, 2.575275068e+05
3371, 4.750000000e-02, 2.000000000e-02, 6.666666667e-03, 1.148511443e+00, 1.171481672e+02, 5.813138757e+01, -1.743941627e+02, 2.581711336e+05
3372, 4.750000000e-02, 2.000000000e-02, 8.333333333e-03, 1.148511443e+00, 1.171481672e+02, 7.266423447e+01, -1.743941627e+02, 2.589986538e+05
3373, 4.750000000e-02, 2.000000000e-02, 1.000000000e-02, 1.148511443e+00, 1.171481672e+02, 8.719708136e+01, -1.743941627e+02, 2.600100673e+05
3374, 4.750000000e-02, 2.000000000e-02, 1.166666667e-02, 1.148511443e+00, 1.171481672e+02, 1.017299283e+02, -1.743941627e+02, 2.612053742e+05
3375, 4.750000000e-02, 2.000000000e-02, 1.333333333e-02, 1.148511443e+00, 1.171481672e+02, 1.162627751e+02, -1.743941627e+02, 2.625845745e+05
3376, 4.750000000e-02, 2.000000000e-02, 1.500000000e-02, 1.148511443e+00, 1.171481672e+02, 1.307956220e+02, -1.743941627e+02, 2.641476681e+05
3377, 4.750000000e-02, 2.000000000e-02, 1.666666667e-02, 1.148511443e+00, 1.171481672e+02, 1.453284689e+02, -1.743941627e+02, 2.658946551e+05
3378, 4.750000000e-02, 2.000000000e-02, 1.833333333e-02, 1.148511443e+00, 1.171481672e+02, 1.598613158e+02, -1.743941627e+02, 2.678255355e+05
3379, 4.750000000e-02, 2.000000000e-02, 2.000000000e-02, 1.148511443e+00, 1.171481672e+02, 1.743941627e+02, -1.743941627e+02, 2.699403092e+05
3380, 5.000000000e-02, 0.000000000e+00, 0.000000000e+00, 1.148511443e+00, 1.171481672e+02, 0.000000000e+00, 0.000000000e+00, 2.434596641e+05
3381, 5.000000000e-02, 0.000000000e+00, 1.666666667e-03, 1.148511443e+00, 1.171481672e+02, 1.453284689e+01, 0.000000000e+00, 2.435516108e+05
3382, 5.000000000e-02, 0.000000000e+00, 3.333333333e-03, 1.148511443e+00, 1.171481672e+02, 2.906569379e+01, 0.000000000e+00, 2.438274508e+05
3383, 5.000000000e-02, 0.000000000e+00, 5.000000000e-03, 1.148511443e+00, 1.171481672e+02, 4.359854068e+01, 0.000000000e+00, 2.442871842e+05
3384, 5.000000000e-02, 0.000000000e+00, 6.666666667e-03, 1.148511443e+00, 1.171481672e+02, 5.813138757e+01, 0.000000000e+00, 2.449308110e+05
3385, 5.000000000e-02, 0.000000000e+00, 8.333333333e-03, 1.148511443e+00, 1.171481672e+02, 7.266423447e+01, 0.000000000e+00, 2.457583312e+05
3386, 5.000000000e-02, 0.000000000e+00, 1.000000000e-02, 1.148511443e+00, 1.171481672e+02, 8.719708136e+01, 0.000000000e+00, 2.467697447e+05
3387, 5.000000000e-02, 0.000000000e+00, 1.166666667e-02, 1.148511443e+00, 1.171481672e+02, 1.017299283e+02, 0.000000000e+00, 2.479650516e+05
3388, 5.000000000e-02, 0.000000000e+00, 1.333333333e-02, 1.148511443e+00, 1.171481672e+02, 1.162627751e+02, 0.000000000e+00, 2.493442519e+05
3389, 5.000000000e-02, 0.000000000e+00, 1.500000000e-02, 1.148511443e+00, 1.171481672e+02, 1.307956220e+02, 0.000000000e+00, 2.509073455e+05
3390, 5.000000000e-02, 0.000000000e+00, 1.666666667e-02, 1.148511443e+00, 1.171481672e+02, 1.453284689e+02, 0.000000000e+00, 2.526543325e+05
3391, 5.000000000e-02, 0.000000000e+00, 1.833333333e-02, 1.148511443e+00, 1.171481672e+02, 1.598613158e+02, 0.000000000e+00, 2.545852129e+05
3392, 5.000000000e-02, 0.000000000e+00, 2.000000000e-02, 1.148511443e+00, 1.171481672e+02, 1.743941627e+02, 0.000000000e+00, 2.566999866e+05
3393, 5.000000000e-02, 1.666666667e-03, 0.000000000e+00, 1.148511443e+00, 1.171481672e+02, 0.000000000e+00, -1.453284689e+01, 2.435516108e+05
3394, 5.000000000e-02, 1.666666667e-03, 1.666666667e-03, 1.148511443e+00, 1.171481672e+02, 1.453284689e+01, -1.453284689e+01, 2.436435574e+05
3395, 5.000000000e-02, 1.666666667e-03, 3.333333333e-03, 1.148511443e+00, 1.171481672e+02, 2.906569379e+01, -1.453284689e+01, 2.439193975e+05
3396, 5.000000000e-02, 1.666666667e-03, 5.000000000e-03, 1.148511443e+00, 1.171481672e+02, 4.359854068e+01, -1.453284689e+01, 2.443791309e+05
3397, 5.000000000e-02, 1.666666667e-03, 6.666666667e-03, 1.148511443e+00, 1.171481672e+02, 5.813138757e+01, -1.453284689e+01, 2.450227577e+05
3398, 5.000000000e-02, 1.666666667e-03, 8.333333333e-03, 1.148511443e+00, 1.171481672e+02, 7.266423447e+01, -1.453284689e+01, 2.458502779e+05
3399, 5.000000000e-02, 1.666666667e-03, 1.000000000e-02, 1.148511443e+00, 1.171481672e+02, 8.719708136e+01, -1.453284689e+01, 2.468616914e+05
3400, 5.000000000e-02, 1.666666667e-03, 1.166666667e-02, 1.148511443e+00, 1.171481672e+02, 1.017299283e+02, -1.453284689e+01, 2.480569983e+05
3401, 5.000000000e-02, 1.666666667e-03, 1.333333333e-02, 1.148511443e+00, 1.171481672e+02, 1.162627751e+02, -1.453284689e+01, 2.494361986e+05
3402, 5.000000000e-02, 1.666666667e-03, 1.500000000e-02, 1.148511443e+00, 1.171481672e+02, 1.307956220e+02, -1.453284689e+01, 2.509992922e+05
3403, 5.000000000e-02, 1.666666667e-03, 1.666666667e-02, 1.148511443e+00, 1.171481672e+02, 1.453284689e+02, -1.453284689e+01, 2.527462792e+05
3404, 5.000000000e-02, 1.666666667e-03, 1.833333333e-02, 1.148511443e+00, 1.171481672e+02, 1.598613158e+02, -1.453284689e+01, 2.546771596e+05
3405, 5.000000000e-02, 1.666666667e-03, 2.000000000e-02, 1.148511443e+00, 1.171481672e+02, 1.743941627e+02, -1.453284689e+01, 2.567919333e+05
3406, 5.000000000e-02, 3.333333333e-03, 0.000000000e+00, 1.148511443e+00, 1.171481672e+02, 0.000000000e+00, -2.906569379e+01, 2.438274508e+05
3407, 5.000000000e-02, 3.333333333e-03, 1.666666667e-03, 1.148511443e+00, 1.171481672e+02, 1.453284689e+01, -2.906569379e+01, 2.439193975e+05
3408, 5.000000000e-02, 3.333333333e-03, 3.333333333e-03, 1.148511443e+00, 1.171481672e+02, 2.906569379e+01, -2.906569379e+01, 2.441952375e+05
3409, 5.000000000e-02, 3.333333333e-03, 5.000000000e-03, 1.148511443e+00, 1.171481672e+02, 4.359854068e+01, -2.906569379e+01, 2.446549710e+05
3410, 5.000000000e-02, 3.333333333e-03, 6.666666667e-03, 1.148511443e+00, 1.171481672e+02, 5.813138757e+01, -2.906569379e+01, 2.452985978e+05
3411, 5.000000000e-02, 3.333333333e-03, 8.333333333e-03, 1.148511443e+00, 1.171481672e+02, 7.266423447e+01, -2.906569379e+01, 2.461261179e+05
3412, 5.000000000e-02, 3.333333333e-03, 1.000000000e-02, 1.148511443e+00, 1.171481672e+02, 8.719708136e+01, -2.906569379e+01, 2.471375315e+05
3413, 5.000000000e-02, 3.333333333e-03, 1.166666667e-02, 1.148511443e+00, 1.171481672e+02, 1.017299283e+02, -2.906569379e+01, 2.483328384e+05
3414, 5.000000000e-02, 3.333333333e-03, 1.333333333e-02, 1.148511443e+00, 1.171481672e+02, 1.162627751e+02, -2.906569379e+01, 2.497120386e+05
3415, 5.000000000e-02, 3.333333333e-03, 1.500000000e-02, 1.148511443e+00, 1.171481672e+02, 1.307956220e+02, -2.906569379e+01, 2.512751323e+05
3416, 5.000000000e-02, 3.333333333e-03, 1.666666667e-02, 1.148511443e+00, 1.171481672e+02, 1.453284689e+02, -2.906569379e+01, 2.530221193e+05
3417, 5.000000000e-02, 3.333333333e-03, 1.833333333e-02, 1.148511443e+00, 1.171481672e+02, 1.598613158e+02, -2.906569379e+01, 2.549529996e+05
3418, 5.000000000e-02, 3.333333333e-03, 2.000000000e-02, 1.148511443e+00, 1.171481672e+02, 1.743941627e+02, -2.906569379e+01, 2.570677734e+05
3419, 5.000000000e-02, 5.000000000e-03, 0.000000000e+00, 1.148511443e+00, 1.171481672e+02, 0.000000000e+00, -4.359854068e+01, 2.442871842e+05
3420, 5.000000000e-02, 5.000000000e-03, 1.666666667e-03, 1.148511443e+00, 1.171481672e+02, 1.453284689e+01, -4.359854068e+01, 2.443791309e+05
3421, 5.000000000e-02, 5.000000000e-03, 3.333333333e-03, 1.148511443e+00, 1.171481672e+02, 2.906569379e+01, -4.359854068e+01, 2.446549710e+05
3422, 5.000000000e-02, 5.000000000e-03, 5.000000000e-03, 1.148511443e+00, 1.171481672e+02, 4.359854068e+01, -4.359854068e+01, 2.451147044e+05
3423, 5.000000000e-02, 5.000000000e-03, 6.666666667e-03, 1.148511443e+00, 1.171481672e+02, 5.813138757e+01, -4.359854068e+01, 2.457583312e+05
3424, 5.000000000e-02, 5.000000000e-03, 8.333333333e-03, 1.148511443e+00, 1.171481672e+02, 7.266423447e+01, -4.359854068e+01, 2.465858513e+05
3425, 5.000000000e-02, 5.000000000e-03, 1.000000000e-02, 1.148511443e+00, 1.171481672e+02, 8.719708136e+01, -4.359854068e+01, 2.475972649e+05
3426, 5.000000000e-02, 5.000000000e-03, 1.166666667e-02, 1.148511443e+00, 1.171481672e+02, 1.017299283e+02, -4.359854068e+01, 2.487925718e+05
3427, 5.000000000e-02, 5.000000000e-03, 1.333333333e-02, 1.148511443e+00, 1.171481672e+02, 1.162627751e+02, -4.359854068e+01, 2.501717720e+05
3428, 5.000000000e-02, 5.000000000e-03, 1.500000000e-02, 1.148511443e+00, 1.171481672e+02, 1.307956220e+02, -4.359854068e+01, 2.517348657e+05
3429, 5.000000000e-02, 5.000000000e-03, 1.666666667e-02, 1.148511443e+00, 1.171481672e+02, 1.453284689e+02, -4.359854068e+01, 2.534818527e+05
3430, 5.000000000e-02, 5.000000000e-03, 1.833333333e-02, 1.148511443e+00, 1.171481672e+02, 1.598613158e+02, -4.359854068e+01, 2.554127331e+05
3431, 5.000000000e-02, 5.000000000e-03, 2.000000000e-02, 1.148511443e+00, 1.171481672e+02, 1.743941627e+02, -4.359854068e+01, 2.575275068e+05
3432, 5.000000000e-02, 6.666666667e-03, 0.000000000e+00, 1.148511443e+00, 1.171481672e+02, 0.000000000e+00, -5.813138757e+01, 2.449308110e+05
3433, 5.000000000e-02, 6.666666667e-03, 1.666666667e-03, 1.148511443e+00, 1.171481672e+02, 1.453284689e+01, -5.813138757e+01, 2.450227577e+05
3434, 5.000000000e-02, 6.666666667e-03, 3.333333333e-03, 1.148511443e+00, 1.171481672e+02, 2.906569379e+01, -5.813138757e+01, 2.452985978e+05
3435, 5.000000000e-02, 6.666666667e-03, 5.000000000e-03, 1.148511443e+00, 1.171481672e+02, 4.359854068e+01, -5.813138757e+01, 2.457583312e+05
3436, 5.000000000e-02, 6.666666667e-03, 6.666666667e-03, 1.148511443e+00, 1.171481672e+02, 5.813138757e+01, -5.813138757e+01, 2.464019580e+05
3437, 5.000000000e-02, 6.666666667e-03, 8.333333333e-03, 1.148511443e+00, 1.171481672e+02, 7.266423447e+01, -5.813138757e+01, 2.472294781e+05
3438, 5.000000000e-02, 6.666666667e-03, 1.000000000e-02, 1.148511443e+00, 1.171481672e+02, 8.719708136e+01, -5.813138757e+01, 2.482408917e+05
3439, 5.000000000e-02, 6.666666667e-03, 1.166666667e-02, 1.148511443e+00, 1.171481672e+02, 1.017299283e+02, -5.813138757e+01, 2.494361986e+05
3440, 5.000000000e-02, 6.666666667e-03, 1.333333333e-02, 1.148511443e+00, 1.171481672e+02, 1.162627751e+02, -5.813138757e+01, 2.508153988e+05
3441, 5.000000000e-02, 6.666666667e-03, 1.500000000e-02, 1.148511443e+00, 1.171481672e+02, 1.307956220e+02, -5.813138757e+01, 2.523784925e+05
3442, 5.000000000e-02, 6.666666667e-03, 1.666666667e-02, 1.148511443e+00, 1.171481672e+02, 1.453284689e+02, -5.813138757e+01, 2.541254795e+05
3443, 5.000000000e-02, 6.666666667e-03, 1.833333333e-02, 1.148511443e+00, 1.171481672e+02, 1.598613158e+02, -5.813138757e+01, 2.560563599e+05
3444, 5.000000000e-02, 6.666666667e-03, 2.000000000e-02, 1.148511443e+00, 1.171481672e+02, 1.743941627e+02, -5.813138757e+01, 2.581711336e+05
3445, 5.000000000e-02, 8.333333333e-03, 0.000000000e+00, 1.148511443e+00, 1.171481672e+02, 0.000000000e+00, -7.266423447e+01, 2.457583312e+05
3446, 5.000000000e-02, 8.333333333e-03, 1.666666667e-03, 1.148511443e+00, 1.171481672e+02, 1.453284689e+01, -7.266423447e+01, 2.458502779e+05
3447, 5.000000000e-02, 8.333333333e-03, 3.333333333e-03, 1.148511443e+00, 1.171481672e+02, 2.906569379e+01, -7.266423447e+01, 2.461261179e+05
3448, 5.000000000e-02, 8.333333333e-03, 5.000000000e-03, 1.148511443e+00, 1.171481672e+02, 4.359854068e+01, -7.266423447e+01, 2.465858513e+05
3449, 5.000000000e-02, 8.333333333e-03, 6.666666667e-03, 1.148511443e+00, 1.171481672e+02, 5.813138757e+01, -7.266423447e+01, 2.472294781e+05
3450, 5.000000000e-02, 8.333333333e-03, 8.333333333e-03, 1.148511443e+00, 1.171481672e+02, 7.266423447e+01, -7.266423447e+01, 2.480569983e+05
3451, 5.000000000e-02, 8.333333333e-03, 1.000000000e-02, 1.148511443e+00, 1.171481672e+02, 8.719708136e+01, -7.266423447e+01, 2.490684118e+05
3452, 5.000000000e-02, 8.333333333e-03, 1.166666667e-02, 1.148511443e+00, 1.171481672e+02, 1.017299283e+02, -7.266423447e+01, 2.502637187e+05
3453, 5.000000000e-02, 8.333333333e-03, 1.333333333e-02, 1.148511443e+00, 1.171481672e+02, 1.162627751e+02, -7.266423447e+01, 2.516429190e+05
3454, 5.000000000e-02, 8.333333333e-03, 1.500000000e-02, 1.148511443e+00, 1.171481672e+02, 1.307956220e+02, -7.266423447e+01, 2.532060126e+05
3455, 5.000000000e-02, 8.333333333e-03, 1.666666667e-02, 1.148511443e+00, 1.171481672e+02, 1.453284689e+02, -7.266423447e+01, 2.549529996e+05
3456, 5.000000000e-02, 8.333333333e-03, 1.833333333e-02, 1.148511443e+00, 1.171481672e+02, 1.598613158e+02, -7.266423447e+01, 2.568838800e+05
3457, 5.000000000e-02, 8.333333333e-03, 2.000000000e-02, 1.148511443e+00, 1.171481672e+02, 1.743941627e+02, -7.266423447e+01, 2.589986538e+05
3458, 5.000000000e-02, 1.000000000e-02, 0.000000000e+00, 1.148511443e+00, 1.171481672e+02, 0.000000000e+00, -8.719708136e+01, 2.467697447e+05
3459, 5.000000000e-02, 1.000000000e-02, 1.666666667e-03, 1.148511443e+00, 1.171481672e+02, 1.453284689e+01, -8.719708136e+01, 2.468616914e+05
3460, 5.000000000e-02, 1.000000000e-02, 3.333333333e-03, 1.148511443e+00, 1.171481672e+02, 2.906569379e+01, -8.719708136e+01, 2.471375315e+05
3461, 5.000000000e-02, 1.000000000e-02, 5.000000000e-03, 1.148511443e+00, 1.171481672e+02, 4.359854068e+01, -8.719708136e+01, 2.475972649e+05
3462, 5.000000000e-02, 1.000000000e-02, 6.666666667e-03, 1.148511443e+00, 1.171481672e+02, 5.813138757e+01, -8.719708136e+01, 2.482408917e+05
3463, 5.000000000e-02, 1.000000000e-02, 8.333333333e-03, 1.148511443e+00, 1.171481672e+02, 7.266423447e+01, -8.719708136e+01, 2.490684118e+05
3464, 5.000000000e-02, 1.000000000e-02, 1.000000000e-02, 1.148511443e+00, 1.171481672e+02, 8.719708136e+01, -8.719708136e+01, 2.500798254e+05
3465, 5.000000000e-02, 1.000000000e-02, 1.166666667e-02, 1.148511443e+00, 1.171481672e+02, 1.017299283e+02, -8.719708136e+01, 2.512751323e+05
3466, 5.000000000e-02, 1.000000000e-02, 1.333333333e-02, 1.148511443e+00, 1.171481672e+02, 1.162627751e+02, -8.719708136e+01, 2.526543325e+05
3467, 5.000000000e-02, 1.000000000e-02, 1.500000000e-02, 1.148511443e+00, 1.171481672e+02, 1.307956220e+02, -8.719708136e+01, 2.542174262e+05
3468, 5.000000000e-02, 1.000000000e-02, 1.666666667e-02, 1.148511443e+00, 1.171481672e+02, 1.453284689e+02, -8.719708136e+01, 2.559644132e+05
3469, 5.000000000e-02, 1.000000000e-02, 1.833333333e-02, 1.148511443e+00, 1.171481672e+02, 1.598613158e+02, -8.719708136e+01, 2.578952935e+05
3470, 5.000000000e-02, 1.000000000e-02, 2.000000000e-02, 1.148511443e+00, 1.171481672e+02, 1.743941627e+02, -8.719708136e+01, 2.600100673e+05
3471, 5.000000000e-02, 1.166666667e-02, 0.000000000e+00, 1.148511443e+00, 1.171481672e+02, 0.000000000e+00, -1.017299283e+02, 2.479650516e+05
3472, 5.000000000e-02, 1.166666667e-02, 1.666666667e-03, 1.148511443e+00, 1.171481672e+02, 1.453284689e+01, -1.017299283e+02, 2.480569983e+05
3473, 5.000000000e-02, 1.166666667e-02, 3.333333333e-03, 1.148511443e+00, 1.171481672e+02, 2.906569379e+01, -1.017299283e+02, 2.483328384e+05
3474, 5.000000000e-02, 1.166666667e-02, 5.000000000e-03, 1.148511443e+00, 1.171481672e+02, 4.359854068e+01, -1.017299283e+02, 2.487925718e+05
3475, 5.000000000e-02, 1.166666667e-02, 6.666666667e-03, 1.148511443e+00, 1.171481672e+02, 5.813138757e+01, -1.017299283e+02, 2.494361986e+05
3476, 5.000000000e-02, 1.166666667e-02, 8.333333333e-03, 1.148511443e+00, 1.171481672e+02, 7.266423447e+01, -1.017299283e+02, 2.502637187e+05
3477, 5.000000000e-02, 1.166666667e-02, 1.000000000e-02, 1.148511443e+00, 1.171481672e+02, 8.719708136e+01, -1.017299283e+02, 2.512751323e+05
3478, 5.000000000e-02, 1.166666667e-02, 1.166666667e-02, 1.148511443e+00, 1.171481672e+02, 1.017299283e+02, -1.017299283e+02, 2.524704392e+05
3479, 5.000000000e-02, 1.166666667e-02, 1.333333333e-02, 1.148511443e+00, 1.171481672e+02, 1.162627751e+02, -1.017299283e+02, 2.538496394e+05
3480, 5.000000000e-02, 1.166666667e-02, 1.500000000e-02, 1.148511443e+00, 1.171481672e+02, 1.307956220e+02, -1.017299283e+02, 2.554127331e+05
3481, 5.000000000e-02, 1.166666667e-02, 1.666666667e-02, 1.148511443e+00, 1.171481672e+02, 1.453284689e+02, -1.017299283e+02, 2.571597201e+05
3482, 5.000000000e-02, 1.166666667e-02, 1.833333333e-02, 1.148511443e+00, 1.171481672e+02, 1.598613158e+02, -1.017299283e+02, 2.590906004e+05
3483, 5.000000000e-02, 1.166666667e-02, 2.000000000e-02, 1.148511443e+00, 1.171481672e+02, 1.743941627e+02, -1.017299283e+02, 2.612053742e+05
3484, 5.000000000e-02, 1.333333333e-02, 0.000000000e+00, 1.148511443e+00, 1.171481672e+02, 0.000000000e+00, -1.162627751e+02, 2.493442519e+05
3485, 5.000000000e-02, 1.333333333e-02, 1.666666667e-03, 1.148511443e+00, 1.171481672e+02, 1.453284689e+01, -1.162627751e+02, 2.494361986e+05
3486, 5.000000000e-02, 1.333333333e-02, 3.333333333e-03, 1.148511443e+00, 1.171481672e+02, 2.906569379e+01, -1.162627751e+02, 2.497120386e+05
3487, 5.000000000e-02, 1.333333333e-02, 5.000000000e-03, 1.148511443e+00, 1.171481672e+02, 4.359854068e+01, -1.162627751e+02, 2.501717720e+05
3488, 5.000000000e-02, 1.333333333e-02, 6.666666667e-03, 1.148511443e+00, 1.171481672e+02, 5.813138757e+01, -1.162627751e+02, 2.508153988e+05
3489, 5.000000000e-02, 1.333333333e-02, 8.333333333e-03, 1.148511443e+00, 1.171481672e+02, 7.266423447e+01, -1.162627751e+02, 2.516429190e+05
3490, 5.000000000e-02, 1.333333333e-02, 1.000000000e-02, 1.148511443e+00, 1.171481672e+02, 8.719708136e+01, -1.162627751e+02, 2.526543325e+05
3491, 5.000000000e-02, 1.333333333e-02, 1.166666667e-02, 1.148511443e+00, 1.171481672e+02, 1.017299283e+02, -1.162627751e+02, 2.538496394e+05
3492, 5.000000000e-02, 1.333333333e-02, 1.333333333e-02, 1.148511443e+00, 1.171481672e+02, 1.162627751e+02, -1.162627751e+02, 2.552288397e+05
3493, 5.000000000e-02, 1.333333333e-02, 1.500000000e-02, 1.148511443e+00, 1.171481672e+02, 1.307956220e+02, -1.162627751e+02, 2.567919333e+05
3494, 5.000000000e-02, 1.333333333e-02, 1.666666667e-02, 1.148511443e+00, 1.171481672e+02, 1.453284689e+02, -1.162627751e+02, 2.585389203e+05
3495, 5.000000000e-02, 1.333333333e-02, 1.833333333e-02, 1.148511443e+00, 1.171481672e+02, 1.598613158e+02, -1.162627751e+02, 2.604698007e+05
3496, 5.000000000e-02, 1.333333333e-02, 2.000000000e-02, 1.148511443e+00, 1.171481672e+02, 1.743941627e+02, -1.162627751e+02, 2.625845745e+05
3497, 5.000000000e-02, 1.500000000e-02, 0.000000000e+00, 1.148511443e+00, 1.171481672e+02, 0.000000000e+00, -1.307956220e+02, 2.509073455e+05
3498, 5.000000000e-02, 1.500000000e-02, 1.666666667e-03, 1.148511443e+00, 1.171481672e+02, 1.453284689e+01, -1.307956220e+02, 2.509992922e+05
3499, 5.000000000e-02, 1.500000000e-02, 3.333333333e-03, 1.148511443e+00, 1.171481672e+02, 2.906569379e+01, -1.307956220e+02, 2.512751323e+05
3500, 5.000000000e-02, 1.500000000e-02, 5.000000000e-03, 1.148511443e+00, 1.171481672e+02, 4.359854068e+01, -1.307956220e+02, 2.517348657e+05
3501, 5.000000000e-02, 1.500000000e-02, 6.666666667e-03, 1.148511443e+00, 1.171481672e+02, 5.813138757e+01, -1.307956220e+02, 2.523784925e+05
3502, 5.000000000e-02, 1.500000000e-02, 8.333333333e-03, 1.148511443e+00, 1.171481672e+02, 7.266423447e+01, -1.307956220e+02, 2.532060126e+05
3503, 5.000000000e-02, 1.500000000e-02, 1.000000000e-02, 1.148511443e+00, 1.171481672e+02, 8.719708136e+01, -1.307956220e+02, 2.542174262e+05
3504, 5.000000000e-02, 1.500000000e-02, 1.166666667e-02, 1.148511443e+00, 1.171481672e+02, 1.017299283e+02, -1.307956220e+02, 2.554127331e+05
3505, 5.000000000e-02, 1.500000000e-02, 1.333333333e-02, 1.148511443e+00, 1.171481672e+02, 1.162627751e+02, -1.307956220e+02, 2.567919333e+05
3506, 5.000000000e-02, 1.500000000e-02, 1.500000000e-02, 1.148511443e+00, 1.171481672e+02, 1.307956220e+02, -1.307956220e+02, 2.583550270e+05
3507, 5.000000000e-02, 1.500000000e-02, 1.666666667e-02, 1.148511443e+00, 1.171481672e+02, 1.453284689e+02, -1.307956220e+02, 2.601020140e+05
3508, 5.000000000e-02, 1.500000000e-02, 1.833333333e-02, 1.148511443e+00, 1.171481672e+02, 1.598613158e+02, -1.307956220e+02, 2.620328944e+05
3509, 5.000000000e-02, 1.500000000e-02, 2.000000000e-02, 1.148511443e+00, 1.171481672e+02, 1.743941627e+02, -1.307956220e+02, 2.641476681e+05
3510, 5.000000000e-02, 1.666666667e-02, 0.000000000e+00, 1.148511443e+00, 1.171481672e+02, 0.000000000e+00, -1.453284689e+02, 2.526543325e+05
3511, 5.000000000e-02, 1.666666667e-02, 1.666666667e-03, 1.148511443e+00, 1.171481672e+02, 1.453284689e+01, -1.453284689e+02, 2.527462792e+05
3512, 5.000000000e-02, 1.666666667e-02, 3.333333333e-03, 1.148511443e+00, 1.171481672e+02, 2.906569379e+01, -1.453284689e+02, 2.530221193e+05
3513, 5.000000000e-02, 1.666666667e-02, 5.000000000e-03, 1.148511443e+00, 1.171481672e+02, 4.359854068e+01, -1.453284689e+02, 2.534818527e+05
3514, 5.000000000e-02, 1.666666667e-02, 6.666666667e-03, 1.148511443e+00, 1.171481672e+02, 5.813138757e+01, -1.453284689e+02, 2.541254795e+05
3515, 5.000000000e-02, 1.666666667e-02, 8.333333333e-03, 1.148511443e+00, 1.171481672e+02, 7.266423447e+01, -1.453284689e+02, 2.549529996e+05
3516, 5.000000000e-02, 1.666666667e-02, 1.000000000e-02, 1.148511443e+00, 1.171481672e+02, 8.719708136e+01, -1.453284689e+02, 2.559644132e+05
3517, 5.000000000e-02, 1.666666667e-02, 1.166666667e-02, 1.148511443e+00, 1.171481672e+02, 1.017299283e+02, -1.453284689e+02, 2.571597201e+05
3518, 5.000000000e-02, 1.666666667e-02, 1.333333333e-02, 1.148511443e+00, 1.171481672e+02, 1.162627751e+02, -1.453284689e+02, 2.585389203e+05
3519, 5.000000000e-02, 1.666666667e-02, 1.500000000e-02, 1.148511443e+00, 1.171481672e+02, 1.307956220e+02, -1.453284689e+02, 2.601020140e+05
3520, 5.000000000e-02, 1.666666667e-02, 1.666666667e-02, 1.148511443e+00, 1.171481672e+02, 1.453284689e+02, -1.453284689e+02, 2.618490010e+05
3521, 5.000000000e-02, 1.666666667e-02, 1.833333333e-02, 1.148511443e+00, 1.171481672e+02, 1.598613158e+02, -1.453284689e+02, 2.637798814e+05
3522, 5.000000000e-02, 1.666666667e-02, 2.000000000e-02, 1.148511443e+00, 1.171481672e+02, 1.743941627e+02, -1.453284689e+02, 2.658946551e+05
3523, 5.000000000e-02, 1.833333333e-02, 0.000000000e+00, 1.148511443e+00, 1.171481672e+02, 0.000000000e+00, -1.598613158e+02, 2.545852129e+05
3524, 5.000000000e-02, 1.833333333e-02, 1.666666667e-03, 1.148511443e+00, 1.171481672e+02, 1.453284689e+01, -1.598613158e+02, 2.546771596e+05
3525, 5.000000000e-02, 1.833333333e-02, 3.333333333e-03, 1.148511443e+00, 1.171481672e+02, 2.906569379e+01, -1.598613158e+02, 2.549529996e+05
3526, 5.000000000e-02, 1.833333333e-02, 5.000000000e-03, 1.148511443e+00, 1.171481672e+02, 4.359854068e+01, -1.598613158e+02, 2.554127331e+05
3527, 5.000000000e-02, 1.833333333e-02, 6.666666667e-03, 1.148511443e+00, 1.171481672e+02, 5.813138757e+01, -1.598613158e+02, 2.560563599e+05
3528, 5.000000000e-02, 1.833333333e-02, 8.333333333e-03, 1.148511443e+00, 1.171481672e+02, 7.266423447e+01, -1.598613158e+02, 2.568838800e+05
3529, 5.000000000e-02, 1.833333333e-02, 1.000000000e-02, 1.148511443e+00, 1.171481672e+02, 8.719708136e+01, -1.598613158e+02, 2.578952935e+05
3530, 5.000000000e-02, 1.833333333e-02, 1.166666667e-02, 1.148511443e+00, 1.171481672e+02, 1.017299283e+02, -1.598613158e+02, 2.590906004e+05
3531, 5.000000000e-02, 1.833333333e-02, 1.333333333e-02, 1.148511443e+00, 1.171481672e+02, 1.162627751e+02, -1.598613158e+02, 2.604698007e+05
3532, 5.000000000e-02, 1.833333333e-02, 1.500000000e-02, 1.148511443e+00, 1.171481672e+02, 1.307956220e+02, -1.598613158e+02, 2.620328944e+05
3533, 5.000000000e-02, 1.833333333e-02, 1.666666667e-02, 1.148511443e+00, 1.171481672e+02, 1.453284689e+02, -1.598613158e+02, 2.637798814e+05
3534, 5.000000000e-02, 1.833333333e-02, 1.833333333e-02, 1.148511443e+00, 1.171481672e+02, 1.598613158e+02, -1.598613158e+02, 2.657107617e+05
3535, 5.000000000e-02, 1.833333333e-02, 2.000000000e-02, 1.148511443e+00, 1.171481672e+02, 1.743941627e+02, -1.598613158e+02, 2.678255355e+05
3536, 5.000000000e-02, 2.000000000e-02, 0.000000000e+00, 1.148511443e+00, 1.171481672e+02, 0.000000000e+00, -1.743941627e+02, 2.566999866e+05
3537, 5.000000000e-02, 2.000000000e-02, 1.666666667e-03, 1.148511443e+00, 1.171481672e+02, 1.453284689e+01, -1.743941627e+02, 2.567919333e+05
3538, 5.000000000e-02, 2.000000000e-02, 3.333333333e-03, 1.148511443e+00, 1.171481672e+02, 2.906569379e+01, -1.743941627e+02, 2.570677734e+05
3539, 5.000000000e-02, 2.000000000e-02, 5.000000000e-03, 1.148511443e+00, 1.171481672e+02, 4.359854068e+01, -1.743941627e+02, 2.575275068e+05
3540, 5.000000000e-02, 2.000000000e-02, 6.666666667e-03, 1.148511443e+00, 1.171481672e+02, 5.813138757e+01, -1.743941627e+02, 2.581711336e+05
3541, 5.000000000e-02, 2.000000000e-02, 8.333333333e-03, 1.148511443e+00, 1.171481672e+02, 7.266423447e+01, -1.743941627e+02, 2.589986538e+05
3542, 5.000000000e-02, 2.000000000e-02, 1.000000000e-02, 1.148511443e+00, 1.171481672e+02, 8.719708136e+01, -1.743941627e+02, 2.600100673e+05
3543, 5.000000000e-02, 2.000000000e-02, 1.166666667e-02, 1.148511443e+00, 1.171481672e+02, 1.017299283e+02, -1.743941627e+02, 2.612053742e+05
3544, 5.000000000e-02, 2.000000000e-02, 1.333333333e-02, 1.148511443e+00, 1.171481672e+02, 1.162627751e+02, -1.743941627e+02, 2.625845745e+05
3545, 5.000000000e-02, 2.000000000e-02, 1.500000000e-02, 1.148511443e+00, 1.171481672e+02, 1.307956220e+02, -1.743941627e+02, 2.641476681e+05
3546, 5.000000000e-02, 2.000000000e-02, 1.666666667e-02, 1.148511443e+00, 1.171481672e+02, 1.453284689e+02, -1.743941627e+02, 2.658946551e+05
3547, 5.000000000e-02, 2.000000000e-02, 1.833333333e-02, 1.148511443e+00, 1.171481672e+02, 1.598613158e+02, -1.743941627e+02, 2.678255355e+05
3548, 5.000000000e-02, 2.000000000e-02, 2.000000000e-02, 1.148511443e+00, 1.171481672e+02, 1.743941627e+02, -1.743941627e+02, 2.699403092e+05
3549, 5.250000000e-02, 0.000000000e+00, 0.000000000e+00, 1.148511443e+00, 1.171481672e+02, 0.000000000e+00, 0.000000000e+00, 2.434596641e+05
3550, 5.250000000e-02, 0.000000000e+00, 1.666666667e-03, 1.148511443e+00, 1.171481672e+02, 1.453284689e+01, 0.000000000e+00, 2.435516108e+05
3551, 5.250000000e-02, 0.000000000e+00, 3.333333333e-03, 1.148511443e+00, 1.171481672e+02, 2.906569379e+01, 0.000000000e+00, 2.438274508e+05
3552, 5.250000000e-02, 0.000000000e+00, 5.000000000e-03, 1.148511443e+00, 1.171481672e+02, 4.359854068e+01, 0.000000000e+00, 2.442871842e+05
3553, 5.250000000e-02, 0.000000000e+00, 6.666666667e-03, 1.148511443e+00, 1.171481672e+02, 5.813138757e+01, 0.000000000e+00, 2.449308110e+05
3554, 5.250000000e-02, 0.000000000e+00, 8.333333333e-03, 1.148511443e+00, 1.171481672e+02, 7.266423447e+01, 0.000000000e+00, 2.457583312e+05
3555, 5.250000000e-02, 0.000000000e+00, 1.000000000e-02, 1.148511443e+00, 1.171481672e+02, 8.719708136e+01, 0.000000000e+00, 2.467697447e+05
3556, 5.250000000e-02, 0.000000000e+00, 1.166666667e-02, 1.148511443e+00, 1.171481672e+02, 1.017299283e+02, 0.000000000e+00, 2.479650516e+05
3557, 5.250000000e-02, 0.000000000e+00, 1.333333333e-02, 1.148511443e+00, 1.171481672e+02, 1.162627751e+02, 0.000000000e+00, 2.493442519e+05
3558, 5.250000000e-02, 0.000000000e+00, 1.500000000e-02, 1.148511443e+00, 1.171481672e+02, 1.307956220e+02, 0.000000000e+00, 2.509073455e+05
3559, 5.250000000e-02, 0.000000000e+00, 1.666666667e-02, 1.148511443e+00, 1.171481672e+02, 1.453284689e+02, 0.000000000e+00, 2.526543325e+05
3560, 5.250000000e-02, 0.000000000e+00, 1.833333333e-02, 1.148511443e+00, 1.171481672e+02, 1.598613158e+02, 0.000000000e+00, 2.545852129e+05
3561, 5.250000000e-02, 0.000000000e+00, 2.000000000e-02, 1.148511443e+00, 1.171481672e+02, 1.743941627e+02, 0.000000000e+00, 2.566999866e+05
3562, 5.250000000e-02, 1.666666667e-03, 0.000000000e+00, 1.148511443e+00, 1.171481672e+02, 0.000000000e+00, -1.453284689e+01, 2.435516108e+05
3563, 5.250000000e-02, 1.666666667e-03, 1.666666667e-03, 1.148511443e+00, 1.171481672e+02, 1.453284689e+01, -1.453284689e+01, 2.436435574e+05
3564, 5.250000000e-02, 1.666666667e-03, 3.333333333e-03, 1.148511443e+00, 1.171481672e+02, 2.906569379e+01, -1.453284689e+01, 2.439193975e+05
3565, 5.250000000e-02, 1.666666667e-03, 5.000000000e-03, 1.148511443e+00, 1.171481672e+02, 4.359854068e+01, -1.453284689e+01, 2.443791309e+05
3566, 5.250000000e-02, 1.666666667e-03, 6.666666667e-03, 1.148511443e+00, 1.171481672e+02, 5.813138757e+01, -1.453284689e+01, 2.450227577e+05
3567, 5.250000000e-02, 1.666666667e-03, 8.333333333e-03, 1.148511443e+00, 1.171481672e+02, 7.266423447e+01, -1.453284689e+01, 2.458502779e+05
3568, 5.250000000e-02, 1.666666667e-03, 1.000000000e-02, 1.148511443e+00, 1.171481672e+02, 8.719708136e+01, -1.453284689e+01, 2.468616914e+05
3569, 5.250000000e-02, 1.666666667e-03, 1.166666667e-02, 1.148511443e+00, 1.171481672e+02, 1.017299283e+02, -1.453284689e+01, 2.480569983e+05
3570, 5.250000000e-02, 1.666666667e-03, 1.333333333e-02, 1.148511443e+00, 1.171481672e+02, 1.162627751e+02, -1.453284689e+01, 2.494361986e+05
3571, 5.250000000e-02, 1.666666667e-03, 1.500000000e-02, 1.148511443e+00, 1.171481672e+02, 1.307956220e+02, -1.453284689e+01, 2.509992922e+05
3572, 5.250000000e-02, 1.666666667e-03, 1.666666667e-02, 1.148511443e+00, 1.171481672e+02, 1.453284689e+02, -1.453284689e+01, 2.527462792e+05
3573, 5.250000000e-02, 1.666666667e-03, 1.833333333e-02, 1.148511443e+00, 1.171481672e+02, 1.598613158e+02, -1.453284689e+01, 2.546771596e+05
3574, 5.250000000e-02, 1.666666667e-03, 2.000000000e-02, 1.148511443e+00, 1.171481672e+02, 1.743941627e+02, -1.453284689e+01, 2.567919333e+05
3575, 5.250000000e-02, 3.333333333e-03, 0.000000000e+00, 1.148511443e+00, 1.171481672e+02, 0.000000000e+00, -2.906569379e+01, 2.438274508e+05
3576, 5.250000000e-02, 3.333333333e-03, 1.666666667e-03, 1.148511443e+00, 1.171481672e+02, 1.453284689e+01, -2.906569379e+01, 2.439193975e+05
3577, 5.250000000e-02, 3.333333333e-03, 3.333333333e-03, 1.148511443e+00, 1.171481672e+02, 2.906569379e+01, -2.906569379e+01, 2.441952375e+05
3578, 5.250000000e-02, 3.333333333e-03, 5.000000000e-03, 1.148511443e+00, 1.171481672e+02, 4.359854068e+01, -2.906569379e+01, 2.446549710e+05
3579, 5.250000000e-02, 3.333333333e-03, 6.666666667e-03, 1.148511443e+00, 1.171481672e+02, 5.813138757e+01, -2.906569379e+01, 2.452985978e+05
3580, 5.250000000e-02, 3.333333333e-03, 8.333333333e-03, 1.148511443e+00, 1.171481672e+02, 7.266423447e+01, -2.906569379e+01, 2.461261179e+05
3581, 5.250000000e-02, 3.333333333e-03, 1.000000000e-02, 1.148511443e+00, 1.171481672e+02, 8.719708136e+01, -2.906569379e+01, 2.471375315e+05
3582, 5.250000000e-02, 3.333333333e-03, 1.166666667e-02, 1.148511443e+00, 1.171481672e+02, 1.017299283e+02, -2.906569379e+01, 2.483328384e+05
3583, 5.250000000e-02, 3.333333333e-03, 1.333333333e-02, 1.148511443e+00, 1.171481672e+02, 1.162627751e+02, -2.906569379e+01, 2.497120386e+05
3584, 5.250000000e-02, 3.333333333e-03, 1.500000000e-02, 1.148511443e+00, 1.171481672e+02, 1.307956220e+02, -2.906569379e+01, 2.512751323e+05
3585, 5.250000000e-02, 3.333333333e-03, 1.666666667e-02, 1.148511443e+00, 1.171481672e+02, 1.453284689e+02, -2.906569379e+01, 2.530221193e+05
3586, 5.250000000e-02, 3.333333333e-03, 1.833333333e-02, 1.148511443e+00, 1.171481672e+02, 1.598613158e+02, -2.906569379e+01, 2.549529996e+05
3587, 5.250000000e-02, 3.333333333e-03, 2.000000000e-02, 1.148511443e+00, 1.171481672e+02, 1.743941627e+02, -2.906569379e+01, 2.570677734e+05
3588, 5.250000000e-02, 5.000000000e-03, 0.000000000e+00, 1.148511443e+00, 1.171481672e+02, 0.000000000e+00, -4.359854068e+01, 2.442871842e+05
3589, 5.250000000e-02, 5.000000000e-03, 1.666666667e-03, 1.148511443e+00, 1.171481672e+02, 1.453284689e+01, -4.359854068e+01, 2.443791309e+05
3590, 5.250000000e-02, 5.000000000e-03, 3.333333333e-03, 1.148511443e+00, 1.171481672e+02, 2.906569379e+01, -4.359854068e+01, 2.446549710e+05
3591, 5.250000000e-02, 5.000000000e-03, 5.000000000e-03, 1.148511443e+00, 1.171481672e+02, 4.359854068e+01, -4.359854068e+01, 2.451147044e+05
3592, 5.250000000e-02, 5.000000000e-03, 6.666666667e-03, 1.148511443e+00, 1.171481672e+02, 5.813138757e+01, -4.359854068e+01, 2.457583312e+05
3593, 5.250000000e-02, 5.000000000e-03, 8.333333333e-03, 1.148511443e+00, 1.171481672e+02, 7.266423447e+01, -4.359854068e+01, 2.465858513e+05
3594, 5.250000000e-02, 5.000000000e-03, 1.000000000e-02, 1.148511443e+00, 1.171481672e+02, 8.719708136e+01, -4.359854068e+01, 2.475972649e+05
3595, 5.250000000e-02, 5.000000000e-03, 1.166666667e-02, 1.148511443e+00, 1.171481672e+02, 1.017299283e+02, -4.359854068e+01, 2.487925718e+05
3596, 5.250000000e-02, 5.000000000e-03, 1.333333333e-02, 1.148511443e+00, 1.171481672e+02, 1.162627751e+02, -4.359854068e+01, 2.501717720e+05
3597, 5.250000000e-02, 5.000000000e-03, 1.500000000e-02, 1.148511443e+00, 1.171481672e+02, 1.307956220e+02, -4.359854068e+01, 2.517348657e+05
3598, 5.250000000e-02, 5.000000000e-03, 1.666666667e-02, 1.148511443e+00, 1.171481672e+02, 1.453284689e+02, -4.359854068e+01, 2.534818527e+05
3599, 5.250000000e-02, 5.000000000e-03, 1.833333333e-02, 1.148511443e+00, 1.171481672e+02, 1.598613158e+02, -4.359854068e+01, 2.554127331e+05
3600, 5.250000000e-02, 5.000000000e-03, 2.000000000e-02, 1.148511443e+00, 1.171481672e+02, 1.743941627e+02, -4.359854068e+01, 2.575275068e+05
3601, 5.250000000e-02, 6.666666667e-03, 0.000000000e+00, 1.148511443e+00, 1.171481672e+02, 0.000000000e+00, -5.813138757e+01, 2.449308110e+05
3602, 5.250000000e-02, 6.666666667e-03, 1.666666667e-03, 1.148511443e+00, 1.171481672e+02, 1.453284689e+01, -5.813138757e+01, 2.450227577e+05
3603, 5.250000000e-02, 6.666666667e-03, 3.333333333e-03, 1.148511443e+00, 1.171481672e+02, 2.906569379e+01, -5.813138757e+01, 2.452985978e+05
3604, 5.250000000e-02, 6.666666667e-03, 5.000000000e-03, 1.148511443e+00, 1.171481672e+02, 4.359854068e+01, -5.813138757e+01, 2.457583312e+05
3605, 5.250000000e-02, 6.666666667e-03, 6.666666667e-03, 1.148511443e+00, 1.171481672e+02, 5.813138757e+01, -5.813138757e+01, 2.464019580e+05
3606, 5.250000000e-02, 6.666666667e-03, 8.333333333e-03, 1.148511443e+00, 1.171481672e+02, 7.266423447e+01, -5.813138757e+01, 2.472294781e+05
3607, 5.250000000e-02, 6.666666667e-03, 1.000000000e-02, 1.148511443e+00, 1.171481672e+02, 8.719708136e+01, -5.813138757e+01, 2.482408917e+05
3608, 5.250000000e-02, 6.666666667e-03, 1.166666667e-02, 1.148511443e+00, 1.171481672e+02, 1.017299283e+02, -5.813138757e+01, 2.494361986e+05
3609, 5.250000000e-02, 6.666666667e-03, 1.333333333e-02, 1.148511443e+00, 1.171481672e+02, 1.162627751e+02, -5.813138757e+01, 2.508153988e+05
3610, 5.250000000e-02, 6.666666667e-03, 1.500000000e-02, 1.148511443e+00, 1.171481672e+02, 1.307956220e+02, -5.813138757e+01, 2.523784925e+05
3611, 5.250000000e-02, 6.666666667e-03, 1.666666667e-02, 1.148511443e+00, 1.171481672e+02, 1.453284689e+02, -5.813138757e+01, 2.541254795e+05
3612, 5.250000000e-02, 6.666666667e-03, 1.833333333e-02, 1.148511443e+00, 1.171481672e+02, 1.598613158e+02, -5.813138757e+01, 2.560563599e+05
3613, 5.250000000e-02, 6.666666667e-03, 2.000000000e-02, 1.148511443e+00, 1.171481672e+02, 1.743941627e+02, -5.813138757e+01, 2.581711336e+05
3614, 5.250000000e-02, 8.333333333e-03, 0.000000000e+00, 1.148511443e+00, 1.171481672e+02, 0.000000000e+00, -7.266423447e+01, 2.457583312e+05
3615, 5.250000000e-02, 8.333333333e-03, 1.666666667e-03, 1.148511443e+00, 1.171481672e+02, 1.453284689e+01, -7.266423447e+01, 2.458502779e+05
3616, 5.250000000e-02, 8.333333333e-03, 3.333333333e-03, 1.148511443e+00, 1.171481672e+02, 2.906569379e+01, -7.266423447e+01, 2.461261179e+05
3617, 5.250000000e-02, 8.333333333e-03, 5.000000000e-03, 1.148511443e+00, 1.171481672e+02, 4.359854068e+01, -7.266423447e+01, 2.465858513e+05
3618, 5.250000000e-02, 8.333333333e-03, 6.666666667e-03, 1.148511443e+00, 1.171481672e+02, 5.813138757e+01, -7.266423447e+01, 2.472294781e+05
3619, 5.250000000e-02, 8.333333333e-03, 8.333333333e-03, 1.148511443e+00, 1.171481672e+02, 7.266423447e+01, -7.266423447e+01, 2.480569983e+05
3620, 5.250000000e-02, 8.333333333e-03, 1.000000000e-02, 1.148511443e+00, 1.171481672e+02, 8.719708136e+01, -7.266423447e+01, 2.490684118e+05
3621, 5.250000000e-02, 8.333333333e-03, 1.166666667e-02, 1.148511443e+00, 1.171481672e+02, 1.017299283e+02, -7.266423447e+01, 2.502637187e+05
3622, 5.250000000e-02, 8.333333333e-03, 1.333333333e-02, 1.148511443e+00, 1.171481672e+02, 1.162627751e+02, -7.266423447e+01, 2.516429190e+05
3623, 5.250000000e-02, 8.333333333e-03, 1.500000000e-02, 1.148511443e+00, 1.171481672e+02, 1.307956220e+02, -7.266423447e+01, 2.532060126e+05
3624, 5.250000000e-02, 8.333333333e-03, 1.666666667e-02, 1.148511443e+00, 1.171481672e+02, 1.453284689e+02, -7.266423447e+01, 2.549529996e+05
3625, 5.250000000e-02, 8.333333333e-03, 1.833333333e-02, 1.148511443e+00, 1.171481672e+02, 1.598613158e+02, -7.266423447e+01, 2.568838800e+05
3626, 5.250000000e-02, 8.333333333e-03, 2.000000000e-02, 1.148511443e+00, 1.171481672e+02, 1.743941627e+02, -7.266423447e+01, 2.589986538e+05
3627, 5.250000000e-02, 1.000000000e-02, 0.000000000e+00, 1.148511443e+00, 1.171481672e+02, 0.000000000e+00, -8.719708136e+01, 2.467697447e+05
3628, 5.250000000e-02, 1.000000000e-02, 1.666666667e-03, 1.148511443e+00, 1.171481672e+02, 1.453284689e+01, -8.719708136e+01, 2.468616914e+05
3629, 5.250000000e-02, 1.000000000e-02, 3.333333333e-03, 1.148511443e+00, 1.171481672e+02, 2.906569379e+01, -8.719708136e+01, 2.471375315e+05
3630, 5.250000000e-02, 1.000000000e-02, 5.000000000e-03, 1.148511443e+00, 1.171481672e+02, 4.359854068e+01, -8.719708136e+01, 2.475972649e+05
3631, 5.250000000e-02, 1.000000000e-02, 6.666666667e-03, 1.148511443e+00, 1.171481672e+02, 5.813138757e+01, -8.719708136e+01, 2.482408917e+05
3632, 5.250000000e-02, 1.000000000e-02, 8.333333333e-03, 1.148511443e+00, 1.171481672e+02, 7.266423447e+01, -8.719708136e+01, 2.490684118e+05
3633, 5.250000000e-02, 1.000000000e-02, 1.000000000e-02, 1.148511443e+00, 1.171481672e+02, 8.719708136e+01, -8.719708136e+01, 2.500798254e+05
3634, 5.250000000e-02, 1.000000000e-02, 1.166666667e-02, 1.148511443e+00, 1.171481672e+02, 1.017299283e+02, -8.719708136e+01, 2.512751323e+05
3635, 5.250000000e-02, 1.000000000e-02, 1.333333333e-02, 1.148511443e+00, 1.171481672e+02, 1.162627751e+02, -8.719708136e+01, 2.526543325e+05
3636, 5.250000000e-02, 1.000000000e-02, 1.500000000e-02, 1.148511443e+00, 1.171481672e+02, 1.307956220e+02, -8.719708136e+01, 2.542174262e+05
3637, 5.250000000e-02, 1.000000000e-02, 1.666666667e-02, 1.148511443e+00, 1.171481672e+02, 1.453284689e+02, -8.719708136e+01, 2.559644132e+05
3638, 5.250000000e-02, 1.000000000e-02, 1.833333333e-02, 1.148511443e+00, 1.171481672e+02, 1.598613158e+02, -8.719708136e+01, 2.578952935e+05
3639, 5.250000000e-02, 1.000000000e-02, 2.000000000e-02, 1.148511443e+00, 1.171481672e+02, 1.743941627e+02, -8.719708136e+01, 2.600100673e+05
3640, 5.250000000e-02, 1.166666667e-02, 0.000000000e+00, 1.148511443e+00, 1.171481672e+02, 0.000000000e+00, -1.017299283e+02, 2.479650516e+05
3641, 5.250000000e-02, 1.166666667e-02, 1.666666667e-03, 1.148511443e+00, 1.171481672e+02, 1.453284689e+01, -1.017299283e+02, 2.480569983e+05
3642, 5.250000000e-02, 1.166666667e-02, 3.333333333e-03, 1.148511443e+00, 1.171481672e+02, 2.906569379e+01, -1.017299283e+02, 2.483328384e+05
3643, 5.250000000e-02, 1.166666667e-02, 5.000000000e-03, 1.148511443e+00, 1.171481672e+02, 4.359854068e+01, -1.017299283e+02, 2.487925718e+05
3644, 5.250000000e-02, 1.166666667e-02, 6.666666667e-03, 1.148511443e+00, 1.171481672e+02, 5.813138757e+01, -1.017299283e+02, 2.494361986e+05
3645, 5.250000000e-02, 1.166666667e-02, 8.333333333e-03, 1.148511443e+00, 1.171481672e+02, 7.266423447e+01, -1.017299283e+02, 2.502637187e+05
3646, 5.250000000e-02, 1.166666667e-02, 1.000000000e-02, 1.148511443e+00, 1.171481672e+02, 8.719708136e+01, -1.017299283e+02, 2.512751323e+05
3647, 5.250000000e-02, 1.166666667e-02, 1.166666667e-02, 1.148511443e+00, 1.171481672e+02, 1.017299283e+02, -1.017299283e+02, 2.524704392e+05
3648, 5.250000000e-02, 1.166666667e-02, 1.333333333e-02, 1.148511443e+00, 1.171481672e+02, 1.162627751e+02, -1.017299283e+02, 2.538496394e+05
3649, 5.250000000e-02, 1.166666667e-02, 1.500000000e-02, 1.148511443e+00, 1.171481672e+02, 1.307956220e+02, -1.017299283e+02, 2.554127331e+05
3650, 5.250000000e-02, 1.166666667e-02, 1.666666667e-02, 1.148511443e+00, 1.171481672e+02, 1.453284689e+02, -1.017299283e+02, 2.571597201e+05
3651, 5.250000000e-02, 1.166666667e-02, 1.833333333e-02, 1.148511443e+00, 1.171481672e+02, 1.598613158e+02, -1.017299283e+02, 2.590906004e+05
3652, 5.250000000e-02, 1.166666667e-02, 2.000000000e-02, 1.148511443e+00, 1.171481672e+02, 1.743941627e+02, -1.017299283e+02, 2.612053742e+05
3653, 5.250000000e-02, 1.333333333e-02, 0.000000000e+00, 1.148511443e+00, 1.171481672e+02, 0.000000000e+00, -1.162627751e+02, 2.493442519e+05
3654, 5.250000000e-02, 1.333333333e-02, 1.666666667e-03, 1.148511443e+00, 1.171481672e+02, 1.453284689e+01, -1.162627751e+02, 2.494361986e+05
3655, 5.250000000e-02, 1.333333333e-02, 3.333333333e-03, 1.148511443e+00, 1.171481672e+02, 2.906569379e+01, -1.162627751e+02, 2.497120386e+05
3656, 5.250000000e-02, 1.333333333e-02, 5.000000000e-03, 1.148511443e+00, 1.171481672e+02, 4.359854068e+01, -1.162627751e+02, 2.501717720e+05
3657, 5.250000000e-02, 1.333333333e-02, 6.666666667e-03, 1.148511443e+00, 1.171481672e+02, 5.813138757e+01, -1.162627751e+02, 2.508153988e+05
3658, 5.250000000e-02, 1.333333333e-02, 8.333333333e-03, 1.148511443e+00, 1.171481672e+02, 7.266423447e+01, -1.162627751e+02, 2.516429190e+05
3659, 5.250000000e-02, 1.333333333e-02, 1.000000000e-02, 1.148511443e+00, 1.171481672e+02, 8.719708136e+01, -1.162627751e+02, 2.526543325e+05
3660, 5.250000000e-02, 1.333333333e-02, 1.166666667e-02, 1.148511443e+00, 1.171481672e+02, 1.017299283e+02, -1.162627751e+02, 2.538496394e+05
3661, 5.250000000e-02, 1.333333333e-02, 1.333333333e-02, 1.148511443e+00, 1.171481672e+02, 1.162627751e+02, -1.162627751e+02, 2.552288397e+05
3662, 5.250000000e-02, 1.333333333e-02, 1.500000000e-02, 1.148511443e+00, 1.171481672e+02, 1.307956220e+02, -1.162627751e+02, 2.567919333e+05
3663, 5.250000000e-02, 1.333333333e-02, 1.666666667e-02, 1.148511443e+00, 1.171481672e+02, 1.453284689e+02, -1.162627751e+02, 2.585389203e+05
3664, 5.250000000e-02, 1.333333333e-02, 1.833333333e-02, 1.148511443e+00, 1.171481672e+02, 1.598613158e+02, -1.162627751e+02, 2.604698007e+05
3665, 5.250000000e-02, 1.333333333e-02, 2.000000000e-02, 1.148511443e+00, 1.171481672e+02, 1.743941627e+02, -1.162627751e+02, 2.625845745e+05
3666, 5.250000000e-02, 1.500000000e-02, 0.000000000e+00, 1.148511443e+00, 1.171481672e+02, 0.000000000e+00, -1.307956220e+02, 2.509073455e+05
3667, 5.250000000e-02, 1.500000000e-02, 1.666666667e-03, 1.148511443e+00, 1.171481672e+02, 1.453284689e+01, -1.307956220e+02, 2.509992922e+05
3668, 5.250000000e-02, 1.500000000e-02, 3.333333333e-03, 1.148511443e+00, 1.171481672e+02, 2.906569379e+01, -1.307956220e+02, 2.512751323e+05
3669, 5.250000000e-02, 1.500000000e-02, 5.000000000e-03, 1.148511443e+00, 1.171481672e+02, 4.359854068e+01, -1.307956220e+02, 2.517348657e+05
3670, 5.250000000e-02, 1.500000000e-02, 6.666666667e-03, 1.148511443e+00, 1.171481672e+02, 5.813138757e+01, -1.307956220e+02, 2.523784925e+05
3671, 5.250000000e-02, 1.500000000e-02, 8.333333333e-03, 1.148511443e+00, 1.171481672e+02, 7.266423447e+01, -1.307956220e+02, 2.532060126e+05
3672, 5.250000000e-02, 1.500000000e-02, 1.000000000e-02, 1.148511443e+00, 1.171481672e+02, 8.719708136e+01, -1.307956220e+02, 2.542174262e+05
3673, 5.250000000e-02, 1.500000000e-02, 1.166666667e-02, 1.148511443e+00, 1.171481672e+02, 1.017299283e+02, -1.307956220e+02, 2.554127331e+05
3674, 5.250000000e-02, 1.500000000e-02, 1.333333333e-02, 1.148511443e+00, 1.171481672e+02, 1.162627751e+02, -1.307956220e+02, 2.567919333e+05
3675, 5.250000000e-02, 1.500000000e-02, 1.500000000e-02, 1.148511443e+00, 1.171481672e+02, 1.307956220e+02, -1.307956220e+02, 2.583550270e+05
3676, 5.250000000e-02, 1.500000000e-02, 1.666666667e-02, 1.148511443e+00, 1.171481672e+02, 1.453284689e+02, -1.307956220e+02, 2.601020140e+05
3677, 5.250000000e-02, 1.500000000e-02, 1.833333333e-02, 1.148511443e+00, 1.171481672e+02, 1.598613158e+02, -1.307956220e+02, 2.620328944e+05
3678, 5.250000000e-02, 1.500000000e-02, 2.000000000e-02, 1.148511443e+00, 1.171481672e+02, 1.743941627e+02, -1.307956220e+02, 2.641476681e+05
3679, 5.250000000e-02, 1.666666667e-02, 0.000000000e+00, 1.148511443e+00, 1.171481672e+02, 0.000000000e+00, -1.453284689e+02, 2.526543325e+05
3680, 5.250000000e-02, 1.666666667e-02, 1.666666667e-03, 1.148511443e+00, 1.171481672e+02, 1.453284689e+01, -1.453284689e+02, 2.527462792e+05
3681, 5.250000000e-02, 1.666666667e-02, 3.333333333e-03, 1.148511443e+00, 1.171481672e+02, 2.906569379e+01, -1.453284689e+02, 2.530221193e+05
3682, 5.250000000e-02, 1.666666667e-02, 5.000000000e-03, 1.148511443e+00, 1.171481672e+02, 4.359854068e+01, -1.453284689e+02, 2.534818527e+05
3683, 5.250000000e-02, 1.666666667e-02, 6.666666667e-03, 1.148511443e+00, 1.171481672e+02, 5.813138757e+01, -1.453284689e+02, 2.541254795e+05
3684, 5.250000000e-02, 1.666666667e-02, 8.333333333e-03, 1.148511443e+00, 1.171481672e+02, 7.266423447e+01, -1.453284689e+02, 2.549529996e+05
3685, 5.250000000e-02, 1.666666667e-02, 1.000000000e-02, 1.148511443e+00, 1.171481672e+02, 8.719708136e+01, -1.453284689e+02, 2.559644132e+05
3686, 5.250000000e-02, 1.666666667e-02, 1.166666667e-02, 1.148511443e+00, 1.171481672e+02, 1.017299283e+02, -1.453284689e+02, 2.571597201e+05
3687, 5.250000000e-02, 1.666666667e-02, 1.333333333e-02, 1.148511443e+00, 1.171481672e+02, 1.162627751e+02, -1.453284689e+02, 2.585389203e+05
3688, 5.250000000e-02, 1.666666667e-02, 1.500000000e-02, 1.148511443e+00, 1.171481672e+02, 1.307956220e+02, -1.453284689e+02, 2.601020140e+05
3689, 5.250000000e-02, 1.666666667e-02, 1.666666667e-02, 1.148511443e+00, 1.171481672e+02, 1.453284689e+02, -1.453284689e+02, 2.618490010e+05
3690, 5.250000000e-02, 1.666666667e-02, 1.833333333e-02, 1.148511443e+00, 1.171481672e+02, 1.598613158e+02, -1.453284689e+02, 2.637798814e+05
3691, 5.250000000e-02, 1.666666667e-02, 2.000000000e-02, 1.148511443e+00, 1.171481672e+02, 1.743941627e+02, -1.453284689e+02, 2.658946551e+05
3692, 5.250000000e-02, 1.833333333e-02, 0.000000000e+00, 1.148511443e+00, 1.171481672e+02, 0.000000000e+00, -1.598613158e+02, 2.545852129e+05
3693, 5.250000000e-02, 1.833333333e-02, 1.666666667e-03, 1.148511443e+00, 1.171481672e+02, 1.453284689e+01, -1.598613158e+02, 2.546771596e+05
3694, 5.250000000e-02, 1.833333333e-02, 3.333333333e-03, 1.148511443e+00, 1.171481672e+02, 2.906569379e+01, -1.598613158e+02, 2.549529996e+05
3695, 5.250000000e-02, 1.833333333e-02, 5.000000000e-03, 1.148511443e+00, 1.171481672e+02, 4.359854068e+01, -1.598613158e+02, 2.554127331e+05
3696, 5.250000000e-02, 1.833333333e-02, 6.666666667e-03, 1.148511443e+00, 1.171481672e+02, 5.813138757e+01, -1.598613158e+02, 2.560563599e+05
3697, 5.250000000e-02, 1.833333333e-02, 8.333333333e-03, 1.148511443e+00, 1.171481672e+02, 7.266423447e+01, -1.598613158e+02, 2.568838800e+05
3698, 5.250000000e-02, 1.833333333e-02, 1.000000000e-02, 1.148511443e+00, 1.171481672e+02, 8.719708136e+01, -1.598613158e+02, 2.578952935e+05
3699, 5.250000000e-02, 1.833333333e-02, 1.166666667e-02, 1.148511443e+00, 1.171481672e+02, 1.017299283e+02, -1.598613158e+02, 2.590906004e+05
3700, 5.250000000e-02, 1.833333333e-02, 1.333333333e-02, 1.148511443e+00, 1.171481672e+02, 1.162627751e+02, -1.598613158e+02, 2.604698007e+05
3701, 5.250000000e-02, 1.833333333e-02, 1.500000000e-02, 1.148511443e+00, 1.171481672e+02, 1.307956220e+02, -1.598613158e+02, 2.620328944e+05
3702, 5.250000000e-02, 1.833333333e-02, 1.666666667e-02, 1.148511443e+00, 1.171481672e+02, 1.453284689e+02, -1.598613158e+02, 2.637798814e+05
3703, 5.250000000e-02, 1.833333333e-02, 1.833333333e-02, 1.148511443e+00, 1.171481672e+02, 1.598613158e+02, -1.598613158e+02, 2.657107617e+05
3704, 5.250000000e-02, 1.833333333e-02, 2.000000000e-02, 1.148511443e+00, 1.171481672e+02, 1.743941627e+02, -1.598613158e+02, 2.678255355e+05
3705, 5.250000000e-02, 2.000000000e-02, 0.000000000e+00, 1.148511443e+00, 1.171481672e+02, 0.000000000e+00, -1.743941627e+02, 2.566999866e+05
3706, 5.250000000e-02, 2.000000000e-02, 1.666666667e-03, 1.148511443e+00, 1.171481672e+02, 1.453284689e+01, -1.743941627e+02, 2.567919333e+05
3707, 5.250000000e-02, 2.000000000e-02, 3.333333333e-03, 1.148511443e+00, 1.171481672e+02, 2.906569379e+01, -1.743941627e+02, 2.570677734e+05
3708, 5.250000000e-02, 2.000000000e-02, 5.000000000e-03, 1.148511443e+00, 1.171481672e+02, 4.359854068e+01, -1.743941627e+02, 2.575275068e+05
3709, 5.250000000e-02, 2.000000000e-02, 6.666666667e-03, 1.148511443e+00, 1.171481672e+02, 5.813138757e+01, -1.743941627e+02, 2.581711336e+05
3710, 5.250000000e-02, 2.000000000e-02, 8.333333333e-03, 1.148511443e+00, 1.171481672e+02, 7.266423447e+01, -1.743941627e+02, 2.589986538e+05
3711, 5.250000000e-02, 2.000000000e-02, 1.000000000e-02, 1.148511443e+00, 1.171481672e+02, 8.719708136e+01, -1.743941627e+02, 2.600100673e+05
3712, 5.250000000e-02, 2.000000000e-02, 1.166666667e-02, 1.148511443e+00, 1.171481672e+02, 1.017299283e+02, -1.743941627e+02, 2.612053742e+05
3713, 5.250000000e-02, 2.000000000e-02, 1.333333333e-02, 1.148511443e+00, 1.171481672e+02, 1.162627751e+02, -1.743941627e+02, 2.625845745e+05
3714, 5.250000000e-02, 2.000000000e-02, 1.500000000e-02, 1.148511443e+00, 1.171481672e+02, 1.307956220e+02, -1.743941627e+02, 2.641476681e+05
3715, 5.250000000e-02, 2.000000000e-02, 1.666666667e-02, 1.148511443e+00, 1.171481672e+02, 1.453284689e+02, -1.743941627e+02, 2.658946551e+05
3716, 5.250000000e-02, 2.000000000e-02, 1.833333333e-02, 1.148511443e+00, 1.171481672e+02, 1.598613158e+02, -1.743941627e+02, 2.678255355e+05
3717, 5.250000000e-02, 2.000000000e-02, 2.000000000e-02, 1.148511443e+00, 1.171481672e+02, 1.743941627e+02, -1.743941627e+02, 2.699403092e+05
3718, 5.500000000e-02, 0.000000000e+00, 0.000000000e+00, 1.148511443e+00, 1.171481672e+02, 0.000000000e+00, 0.000000000e+00, 2.434596641e+05
3719, 5.500000000e-02, 0.000000000e+00, 1.666666667e-03, 1.148511443e+00, 1.171481672e+02, 1.453284689e+01, 0.000000000e+00, 2.435516108e+05
3720, 5.500000000e-02, 0.000000000e+00, 3.333333333e-03, 1.148511443e+00, 1.171481672e+02, 2.906569379e+01, 0.000000000e+00, 2.438274508e+05
3721, 5.500000000e-02, 0.000000000e+00, 5.000000000e-03, 1.148511443e+00, 1.171481672e+02, 4.359854068e+01, 0.000000000e+00, 2.442871842e+05
3722, 5.500000000e-02, 0.000000000e+00, 6.666666667e-03, 1.148511443e+00, 1.171481672e+02, 5.813138757e+01, 0.000000000e+00, 2.449308110e+05
3723, 5.500000000e-02, 0.000000000e+00, 8.333333333e-03, 1.148511443e+00, 1.171481672e+02, 7.266423447e+01, 0.000000000e+00, 2.457583312e+05
3724, 5.500000000e-02, 0.000000000e+00, 1.000000000e-02, 1.148511443e+00, 1.171481672e+02, 8.719708136e+01, 0.000000000e+00, 2.467697447e+05
3725, 5.500000000e-02, 0.000000000e+00, 1.166666667e-02, 1.148511443e+00, 1.171481672e+02, 1.017299283e+02, 0.000000000e+00, 2.479650516e+05
3726, 5.500000000e-02, 0.000000000e+00, 1.333333333e-02, 1.148511443e+00, 1.171481672e+02, 1.162627751e+02, 0.000000000e+00, 2.493442519e+05
3727, 5.500000000e-02, 0.000000000e+00, 1.500000000e-02, 1.148511443e+00, 1.171481672e+02, 1.307956220e+02, 0.000000000e+00, 2.509073455e+05
3728, 5.500000000e-02, 0.000000000e+00, 1.666666667e-02, 1.148511443e+00, 1.171481672e+02, 1.453284689e+02, 0.000000000e+00, 2.526543325e+05
3729, 5.500000000e-02, 0.000000000e+00, 1.833333333e-02, 1.148511443e+00, 1.171481672e+02, 1.598613158e+02, 0.000000000e+00, 2.545852129e+05
3730, 5.500000000e-02, 0.000000000e+00, 2.000000000e-02, 1.148511443e+00, 1.171481672e+02, 1.743941627e+02, 0.000000000e+00, 2.566999866e+05
3731, 5.500000000e-02, 1.666666667e-03, 0.000000000e+00, 1.148511443e+00, 1.171481672e+02, 0.000000000e+00, -1.453284689e+01, 2.435516108e+05
3732, 5.500000000e-02, 1.666666667e-03, 1.666666667e-03, 1.148511443e+00, 1.171481672e+02, 1.453284689e+01, -1.453284689e+01, 2.436435574e+05
3733, 5.500000000e-02, 1.666666667e-03, 3.333333333e-03, 1.148511443e+00, 1.171481672e+02, 2.906569379e+01, -1.453284689e+01, 2.439193975e+05
3734, 5.500000000e-02, 1.666666667e-03, 5.000000000e-03, 1.148511443e+00, 1.171481672e+02, 4.359854068e+01, -1.453284689e+01, 2.443791309e+05
3735, 5.500000000e-02, 1.666666667e-03, 6.666666667e-03, 1.148511443e+00, 1.171481672e+02, 5.813138757e+01, -1.453284689e+01, 2.450227577e+05
3736, 5.500000000e-02, 1.666666667e-03, 8.333333333e-03, 1.148511443e+00, 1.171481672e+02, 7.266423447e+01, -1.453284689e+01, 2.458502779e+05
3737, 5.500000000e-02, 1.666666667e-03, 1.000000000e-02, 1.148511443e+00, 1.171481672e+02, 8.719708136e+01, -1.453284689e+01, 2.468616914e+05
3738, 5.500000000e-02, 1.666666667e-03, 1.166666667e-02, 1.148511443e+00, 1.171481672e+02, 1.017299283e+02, -1.453284689e+01, 2.480569983e+05
3739, 5.500000000e-02, 1.666666667e-03, 1.333333333e-02, 1.148511443e+00, 1.171481672e+02, 1.162627751e+02, -1.453284689e+01, 2.494361986e+05
3740, 5.500000000e-02, 1.666666667e-03, 1.500000000e-02, 1.148511443e+00, 1.171481672e+02, 1.307956220e+02, -1.453284689e+01, 2.509992922e+05
3741, 5.500000000e-02, 1.666666667e-03, 1.666666667e-02, 1.148511443e+00, 1.171481672e+02, 1.453284689e+02, -1.453284689e+01, 2.527462792e+05
3742, 5.500000000e-02, 1.666666667e-03, 1.833333333e-02, 1.148511443e+00, 1.171481672e+02, 1.598613158e+02, -1.453284689e+01, 2.546771596e+05
3743, 5.500000000e-02, 1.666666667e-03, 2.000000000e-02, 1.148511443e+00, 1.171481672e+02, 1.743941627e+02, -1.453284689e+01, 2.567919333e+05
3744, 5.500000000e-02, 3.333333333e-03, 0.000000000e+00, 1.148511443e+00, 1.171481672e+02, 0.000000000e+00, -2.906569379e+01, 2.438274508e+05
3745, 5.500000000e-02, 3.333333333e-03, 1.666666667e-03, 1.148511443e+00, 1.171481672e+02, 1.453284689e+01, -2.906569379e+01, 2.439193975e+05
3746, 5.500000000e-02, 3.333333333e-03, 3.333333333e-03, 1.148511443e+00, 1.171481672e+02, 2.906569379e+01, -2.906569379e+01, 2.441952375e+05
3747, 5.500000000e-02, 3.333333333e-03, 5.000000000e-03, 1.148511443e+00, 1.171481672e+02, 4.359854068e+01, -2.906569379e+01, 2.446549710e+05
3748, 5.500000000e-02, 3.333333333e-03, 6.666666667e-03, 1.148511443e+00, 1.171481672e+02, 5.813138757e+01, -2.906569379e+01, 2.452985978e+05
3749, 5.500000000e-02, 3.333333333e-03, 8.333333333e-03, 1.148511443e+00, 1.171481672e+02, 7.266423447e+01, -2.906569379e+01, 2.461261179e+05
3750, 5.500000000e-02, 3.333333333e-03, 1.000000000e-02, 1.148511443e+00, 1.171481672e+02, 8.719708136e+01, -2.906569379e+01, 2.471375315e+05
3751, 5.500000000e-02, 3.333333333e-03, 1.166666667e-02, 1.148511443e+00, 1.171481672e+02, 1.017299283e+02, -2.906569379e+01, 2.483328384e+05
3752, 5.500000000e-02, 3.333333333e-03, 1.333333333e-02, 1.148511443e+00, 1.171481672e+02, 1.162627751e+02, -2.906569379e+01, 2.497120386e+05
3753, 5.500000000e-02, 3.333333333e-03, 1.500000000e-02, 1.148511443e+00, 1.171481672e+02, 1.307956220e+02, -2.906569379e+01, 2.512751323e+05
3754, 5.500000000e-02, 3.333333333e-03, 1.666666667e-02, 1.148511443e+00, 1.171481672e+02, 1.453284689e+02, -2.906569379e+01, 2.530221193e+05
3755, 5.500000000e-02, 3.333333333e-03, 1.833333333e-02, 1.148511443e+00, 1.171481672e+02, 1.598613158e+02, -2.906569379e+01, 2.549529996e+05
3756, 5.500000000e-02, 3.333333333e-03, 2.000000000e-02, 1.148511443e+00, 1.171481672e+02, 1.743941627e+02, -2.906569379e+01, 2.570677734e+05
3757, 5.500000000e-02, 5.000000000e-03, 0.000000000e+00, 1.148511443e+00, 1.171481672e+02, 0.000000000e+00, -4.359854068e+01, 2.442871842e+05
3758, 5.500000000e-02, 5.000000000e-03, 1.666666667e-03, 1.148511443e+00, 1.171481672e+02, 1.453284689e+01, -4.359854068e+01, 2.443791309e+05
3759, 5.500000000e-02, 5.000000000e-03, 3.333333333e-03, 1.148511443e+00, 1.171481672e+02, 2.906569379e+01, -4.359854068e+01, 2.446549710e+05
3760, 5.500000000e-02, 5.000000000e-03, 5.000000000e-03, 1.148511443e+00, 1.171481672e+02, 4.359854068e+01, -4.359854068e+01, 2.451147044e+05
3761, 5.500000000e-02, 5.000000000e-03, 6.666666667e-03, 1.148511443e+00, 1.171481672e+02, 5.813138757e+01, -4.359854068e+01, 2.457583312e+05
3762, 5.500000000e-02, 5.000000000e-03, 8.333333333e-03, 1.148511443e+00, 1.171481672e+02, 7.266423447e+01, -4.359854068e+01, 2.465858513e+05
3763, 5.500000000e-02, 5.000000000e-03, 1.000000000e-02, 1.148511443e+00, 1.171481672e+02, 8.719708136e+01, -4.359854068e+01, 2.475972649e+05
3764, 5.500000000e-02, 5.000000000e-03, 1.166666667e-02, 1.148511443e+00, 1.171481672e+02, 1.017299283e+02, -4.359854068e+01, 2.487925718e+05
3765, 5.500000000e-02, 5.000000000e-03, 1.333333333e-02, 1.148511443e+00, 1.171481672e+02, 1.162627751e+02, -4.359854068e+01, 2.501717720e+05
3766, 5.500000000e-02, 5.000000000e-03, 1.500000000e-02, 1.148511443e+00, 1.171481672e+02, 1.307956220e+02, -4.359854068e+01, 2.517348657e+05
3767, 5.500000000e-02, 5.000000000e-03, 1.666666667e-02, 1.148511443e+00, 1.171481672e+02, 1.453284689e+02, -4.359854068e+01, 2.534818527e+05
3768, 5.500000000e-02, 5.000000000e-03, 1.833333333e-02, 1.148511443e+00, 1.171481672e+02, 1.598613158e+02, -4.359854068e+01, 2.554127331e+05
3769, 5.500000000e-02, 5.000000000e-03, 2.000000000e-02, 1.148511443e+00, 1.171481672e+02, 1.743941627e+02, -4.359854068e+01, 2.575275068e+05
3770, 5.500000000e-02, 6.666666667e-03, 0.000000000e+00, 1.148511443e+00, 1.171481672e+02, 0.000000000e+00, -5.813138757e+01, 2.449308110e+05
3771, 5.500000000e-02, 6.666666667e-03, 1.666666667e-03, 1.148511443e+00, 1.171481672e+02, 1.453284689e+01, -5.813138757e+01, 2.450227577e+05
3772, 5.500000000e-02, 6.666666667e-03, 3.333333333e-03, 1.148511443e+00, 1.171481672e+02, 2.906569379e+01, -5.813138757e+01, 2.452985978e+05
3773, 5.500000000e-02, 6.666666667e-03, 5.000000000e-03, 1.148511443e+00, 1.171481672e+02, 4.359854068e+01, -5.813138757e+01, 2.457583312e+05
3774, 5.500000000e-02, 6.666666667e-03, 6.666666667e-03, 1.148511443e+00, 1.171481672e+02, 5.813138757e+01, -5.813138757e+01, 2.464019580e+05
3775, 5.500000000e-02, 6.666666667e-03, 8.333333333e-03, 1.148511443e+00, 1.171481672e+02, 7.266423447e+01, -5.813138757e+01, 2.472294781e+05
3776, 5.500000000e-02, 6.666666667e-03, 1.000000000e-02, 1.148511443e+00, 1.171481672e+02, 8.719708136e+01, -5.813138757e+01, 2.482408917e+05
3777, 5.500000000e-02, 6.666666667e-03, 1.166666667e-02, 1.148511443e+00, 1.171481672e+02, 1.017299283e+02, -5.813138757e+01, 2.494361986e+05
3778, 5.500000000e-02, 6.666666667e-03, 1.333333333e-02, 1.148511443e+00, 1.171481672e+02, 1.162627751e+02, -5.813138757e+01, 2.508153988e+05
3779, 5.500000000e-02, 6.666666667e-03, 1.500000000e-02, 1.148511443e+00, 1.171481672e+02, 1.307956220e+02, -5.813138757e+01, 2.523784925e+05
3780, 5.500000000e-02, 6.666666667e-03, 1.666666667e-02, 1.148511443e+00, 1.171481672e+02, 1.453284689e+02, -5.813138757e+01, 2.541254795e+05
3781, 5.500000000e-02, 6.666666667e-03, 1.833333333e-02, 1.148511443e+00, 1.171481672e+02, 1.598613158e+02, -5.813138757e+01, 2.560563599e+05
3782, 5.500000000e-02, 6.666666667e-03, 2.000000000e-02, 1.148511443e+00, 1.171481672e+02, 1.743941627e+02, -5.813138757e+01, 2.581711336e+05
3783, 5.500000000e-02, 8.333333333e-03, 0.000000000e+00, 1.148511443e+00, 1.171481672e+02, 0.000000000e+00, -7.266423447e+01, 2.457583312e+05
3784, 5.500000000e-02, 8.333333333e-03, 1.666666667e-03, 1.148511443e+00, 1.171481672e+02, 1.453284689e+01, -7.266423447e+01, 2.458502779e+05
3785, 5.500000000e-02, 8.333333333e-03, 3.333333333e-03, 1.148511443e+00, 1.171481672e+02, 2.906569379e+01, -7.266423447e+01, 2.461261179e+05
3786, 5.500000000e-02, 8.333333333e-03, 5.000000000e-03, 1.148511443e+00, 1.171481672e+02, 4.359854068e+01, -7.266423447e+01, 2.465858513e+05
3787, 5.500000000e-02, 8.333333333e-03, 6.666666667e-03, 1.148511443e+00, 1.171481672e+02, 5.813138757e+01, -7.266423447e+01, 2.472294781e+05
3788, 5.500000000e-02, 8.333333333e-03, 8.333333333e-03, 1.148511443e+00, 1.171481672e+02, 7.266423447e+01, -7.266423447e+01, 2.480569983e+05
3789, 5.500000000e-02, 8.333333333e-03, 1.000000000e-02, 1.148511443e+00, 1.171481672e+02, 8.719708136e+01, -7.266423447e+01, 2.490684118e+05
3790, 5.500000000e-02, 8.333333333e-03, 1.166666667e-02, 1.148511443e+00, 1.171481672e+02, 1.017299283e+02, -7.266423447e+01, 2.502637187e+05
3791, 5.500000000e-02, 8.333333333e-03, 1.333333333e-02, 1.148511443e+00, 1.171481672e+02, 1.162627751e+02, -7.266423447e+01, 2.516429190e+05
3792, 5.500000000e-02, 8.333333333e-03, 1.500000000e-02, 1.148511443e+00, 1.171481672e+02, 1.307956220e+02, -7.266423447e+01, 2.532060126e+05
3793, 5.500000000e-02, 8.333333333e-03, 1.666666667e-02, 1.148511443e+00, 1.171481672e+02, 1.453284689e+02, -7.266423447e+01, 2.549529996e+05
3794, 5.500000000e-02, 8.333333333e-03, 1.833333333e-02, 1.148511443e+00, 1.171481672e+02, 1.598613158e+02, -7.266423447e+01, 2.568838800e+05
3795, 5.500000000e-02, 8.333333333e-03, 2.000000000e-02, 1.148511443e+00, 1.171481672e+02, 1.743941627e+02, -7.266423447e+01, 2.589986538e+05
3796, 5.500000000e-02, 1.000000000e-02, 0.000000000e+00, 1.148511443e+00, 1.171481672e+02, 0.000000000e+00, -8.719708136e+01, 2.467697447e+05
3797, 5.500000000e-02, 1.000000000e-02, 1.666666667e-03, 1.148511443e+00, 1.171481672e+02, 1.453284689e+01, -8.719708136e+01, 2.468616914e+05
3798, 5.500000000e-02, 1.000000000e-02, 3.333333333e-03, 1.148511443e+00, 1.171481672e+02, 2.906569379e+01, -8.719708136e+01, 2.471375315e+05
3799, 5.500000000e-02, 1.000000000e-02, 5.000000000e-03, 1.148511443e+00, 1.171481672e+02, 4.359854068e+01, -8.719708136e+01, 2.475972649e+05
3800, 5.500000000e-02, 1.000000000e-02, 6.666666667e-03, 1.148511443e+00, 1.171481672e+02, 5.813138757e+01, -8.719708136e+01, 2.482408917e+05
3801, 5.500000000e-02, 1.000000000e-02, 8.333333333e-03, 1.148511443e+00, 1.171481672e+02, 7.266423447e+01, -8.719708136e+01, 2.490684118e+05
3802, 5.500000000e-02, 1.000000000e-02, 1.000000000e-02, 1.148511443e+00, 1.171481672e+02, 8.719708136e+01, -8.719708136e+01, 2.500798254e+05
3803, 5.500000000e-02, 1.000000000e-02, 1.166666667e-02, 1.148511443e+00, 1.171481672e+02, 1.017299283e+02, -8.719708136e+01, 2.512751323e+05
3804, 5.500000000e-02, 1.000000000e-02, 1.333333333e-02, 1.148511443e+00, 1.171481672e+02, 1.162627751e+02, -8.719708136e+01, 2.526543325e+05
3805, 5.500000000e-02, 1.000000000e-02, 1.500000000e-02, 1.148511443e+00, 1.171481672e+02, 1.307956220e+02, -8.719708136e+01, 2.542174262e+05
3806, 5.500000000e-02, 1.000000000e-02, 1.666666667e-02, 1.148511443e+00, 1.171481672e+02, 1.453284689e+02, -8.719708136e+01, 2.559644132e+05
3807, 5.500000000e-02, 1.000000000e-02, 1.833333333e-02, 1.148511443e+00, 1.171481672e+02, 1.598613158e+02, -8.719708136e+01, 2.578952935e+05
3808, 5.500000000e-02, 1.000000000e-02, 2.000000000e-02, 1.148511443e+00, 1.171481672e+02, 1.743941627e+02, -8.719708136e+01, 2.600100673e+05
3809, 5.500000000e-02, 1.166666667e-02, 0.000000000e+00, 1.148511443e+00, 1.171481672e+02, 0.000000000e+00, -1.017299283e+02, 2.479650516e+05
3810, 5.500000000e-02, 1.166666667e-02, 1.666666667e-03, 1.148511443e+00, 1.171481672e+02, 1.453284689e+01, -1.017299283e+02, 2.480569983e+05
3811, 5.500000000e-02, 1.166666667e-02, 3.333333333e-03, 1.148511443e+00, 1.171481672e+02, 2.906569379e+01, -1.017299283e+02, 2.483328384e+05
3812, 5.500000000e-02, 1.166666667e-02, 5.000000000e-03, 1.148511443e+00, 1.171481672e+02, 4.359854068e+01, -1.017299283e+02, 2.487925718e+05
3813, 5.500000000e-02, 1.166666667e-02, 6.666666667e-03, 1.148511443e+00, 1.171481672e+02, 5.813138757e+01, -1.017299283e+02, 2.494361986e+05
3814, 5.500000000e-02, 1.166666667e-02, 8.333333333e-03, 1.148511443e+00, 1.171481672e+02, 7.266423447e+01, -1.017299283e+02, 2.502637187e+05
3815, 5.500000000e-02, 1.166666667e-02, 1.000000000e-02, 1.148511443e+00, 1.171481672e+02, 8.719708136e+01, -1.017299283e+02, 2.512751323e+05
3816, 5.500000000e-02, 1.166666667e-02, 1.166666667e-02, 1.148511443e+00, 1.171481672e+02, 1.017299283e+02, -1.017299283e+02, 2.524704392e+05
3817, 5.500000000e-02, 1.166666667e-02, 1.333333333e-02, 1.148511443e+00, 1.171481672e+02, 1.162627751e+02, -1.017299283e+02, 2.538496394e+05
3818, 5.500000000e-02, 1.166666667e-02, 1.500000000e-02, 1.148511443e+00, 1.171481672e+02, 1.307956220e+02, -1.017299283e+02, 2.554127331e+05
3819, 5.500000000e-02, 1.166666667e-02, 1.666666667e-02, 1.148511443e+00, 1.171481672e+02, 1.453284689e+02, -1.017299283e+02, 2.571597201e+05
3820, 5.500000000e-02, 1.166666667e-02, 1.833333333e-02, 1.148511443e+00, 1.171481672e+02, 1.598613158e+02, -1.017299283e+02, 2.590906004e+05
3821, 5.500000000e-02, 1.166666667e-02, 2.000000000e-02, 1.148511443e+00, 1.171481672e+02, 1.743941627e+02, -1.017299283e+02, 2.612053742e+05
3822, 5.500000000e-02, 1.333333333e-02, 0.000000000e+00, 1.148511443e+00, 1.171481672e+02, 0.000000000e+00, -1.162627751e+02, 2.493442519e+05
3823, 5.500000000e-02, 1.333333333e-02, 1.666666667e-03, 1.148511443e+00, 1.171481672e+02, 1.453284689e+01, -1.162627751e+02, 2.494361986e+05
3824, 5.500000000e-02, 1.333333333e-02, 3.333333333e-03, 1.148511443e+00, 1.171481672e+02, 2.906569379e+01, -1.162627751e+02, 2.497120386e+05
3825, 5.500000000e-02, 1.333333333e-02, 5.000000000e-03, 1.148511443e+00, 1.171481672e+02, 4.359854068e+01, -1.162627751e+02, 2.501717720e+05
3826, 5.500000000e-02, 1.333333333e-02, 6.666666667e-03, 1.148511443e+00, 1.171481672e+02, 5.813138757e+01, -1.162627751e+02, 2.508153988e+05
3827, 5.500000000e-02, 1.333333333e-02, 8.333333333e-03, 1.148511443e+00, 1.171481672e+02, 7.266423447e+01, -1.162627751e+02, 2.516429190e+05
3828, 5.500000000e-02, 1.333333333e-02, 1.000000000e-02, 1.148511443e+00, 1.171481672e+02, 8.719708136e+01, -1.162627751e+02, 2.526543325e+05
3829, 5.500000000e-02, 1.333333333e-02, 1.166666667e-02, 1.148511443e+00, 1.171481672e+02, 1.017299283e+02, -1.162627751e+02, 2.538496394e+05
3830, 5.500000000e-02, 1.333333333e-02, 1.333333333e-02, 1.148511443e+00, 1.171481672e+02, 1.162627751e+02, -1.162627751e+02, 2.552288397e+05
3831, 5.500000000e-02, 1.333333333e-02, 1.500000000e-02, 1.148511443e+00, 1.171481672e+02, 1.307956220e+02, -1.162627751e+02, 2.567919333e+05
3832, 5.500000000e-02, 1.333333333e-02, 1.666666667e-02, 1.148511443e+00, 1.171481672e+02, 1.453284689e+02, -1.162627751e+02, 2.585389203e+05
3833, 5.500000000e-02, 1.333333333e-02, 1.833333333e-02, 1.148511443e+00, 1.171481672e+02, 1.598613158e+02, -1.162627751e+02, 2.604698007e+05
3834, 5.500000000e-02, 1.333333333e-02, 2.000000000e-02, 1.148511443e+00, 1.171481672e+02, 1.743941627e+02, -1.162627751e+02, 2.625845745e+05
3835, 5.500000000e-02, 1.500000000e-02, 0.000000000e+00, 1.148511443e+00, 1.171481672e+02, 0.000000000e+00, -1.307956220e+02, 2.509073455e+05
3836, 5.500000000e-02, 1.500000000e-02, 1.666666667e-03, 1.148511443e+00, 1.171481672e+02, 1.453284689e+01, -1.307956220e+02, 2.509992922e+05
3837, 5.500000000e-02, 1.500000000e-02, 3.333333333e-03, 1.148511443e+00, 1.171481672e+02, 2.906569379e+01, -1.307956220e+02, 2.512751323e+05
3838, 5.500000000e-02, 1.500000000e-02, 5.000000000e-03, 1.148511443e+00, 1.171481672e+02, 4.359854068e+01, -1.307956220e+02, 2.517348657e+05
3839, 5.500000000e-02, 1.500000000e-02, 6.666666667e-03, 1.148511443e+00, 1.171481672e+02, 5.813138757e+01, -1.307956220e+02, 2.523784925e+05
3840, 5.500000000e-02, 1.500000000e-02, 8.333333333e-03, 1.148511443e+00, 1.171481672e+02, 7.266423447e+01, -1.307956220e+02, 2.532060126e+05
3841, 5.500000000e-02, 1.500000000e-02, 1.000000000e-02, 1.148511443e+00, 1.171481672e+02, 8.719708136e+01, -1.307956220e+02, 2.542174262e+05
3842, 5.500000000e-02, 1.500000000e-02, 1.166666667e-02, 1.148511443e+00, 1.171481672e+02, 1.017299283e+02, -1.307956220e+02, 2.554127331e+05
3843, 5.500000000e-02, 1.500000000e-02, 1.333333333e-02, 1.148511443e+00, 1.171481672e+02, 1.162627751e+02, -1.307956220e+02, 2.567919333e+05
3844, 5.500000000e-02, 1.500000000e-02, 1.500000000e-02, 1.148511443e+00, 1.171481672e+02, 1.307956220e+02, -1.307956220e+02, 2.583550270e+05
3845, 5.500000000e-02, 1.500000000e-02, 1.666666667e-02, 1.148511443e+00, 1.171481672e+02, 1.453284689e+02, -1.307956220e+02, 2.601020140e+05
3846, 5.500000000e-02, 1.500000000e-02, 1.833333333e-02, 1.148511443e+00, 1.171481672e+02, 1.598613158e+02, -1.307956220e+02, 2.620328944e+05
3847, 5.500000000e-02, 1.500000000e-02, 2.000000000e-02, 1.148511443e+00, 1.171481672e+02, 1.743941627e+02, -1.307956220e+02, 2.641476681e+05
3848, 5.500000000e-02, 1.666666667e-02, 0.000000000e+00, 1.148511443e+00, 1.171481672e+02, 0.000000000e+00, -1.453284689e+02, 2.526543325e+05
3849, 5.500000000e-02, 1.666666667e-02, 1.666666667e-03, 1.148511443e+00, 1.171481672e+02, 1.453284689e+01, -1.453284689e+02, 2.527462792e+05
3850, 5.500000000e-02, 1.666666667e-02, 3.333333333e-03, 1.148511443e+00, 1.171481672e+02, 2.906569379e+01, -1.453284689e+02, 2.530221193e+05
3851, 5.500000000e-02, 1.666666667e-02, 5.000000000e-03, 1.148511443e+00, 1.171481672e+02, 4.359854068e+01, -1.453284689e+02, 2.534818527e+05
3852, 5.500000000e-02, 1.666666667e-02, 6.666666667e-03, 1.148511443e+00, 1.171481672e+02, 5.813138757e+01, -1.453284689e+02, 2.541254795e+05
3853, 5.500000000e-02, 1.666666667e-02, 8.333333333e-03, 1.148511443e+00, 1.171481672e+02, 7.266423447e+01, -1.453284689e+02, 2.549529996e+05
3854, 5.500000000e-02, 1.666666667e-02, 1.000000000e-02, 1.148511443e+00, 1.171481672e+02, 8.719708136e+01, -1.453284689e+02, 2.559644132e+05
3855, 5.500000000e-02, 1.666666667e-02, 1.166666667e-02, 1.148511443e+00, 1.171481672e+02, 1.017299283e+02, -1.453284689e+02, 2.571597201e+05
3856, 5.500000000e-02, 1.666666667e-02, 1.333333333e-02, 1.148511443e+00, 1.171481672e+02, 1.162627751e+02, -1.453284689e+02, 2.585389203e+05
3857, 5.500000000e-02, 1.666666667e-02, 1.500000000e-02, 1.148511443e+00, 1.171481672e+02, 1.307956220e+02, -1.453284689e+02, 2.601020140e+05
3858, 5.500000000e-02, 1.666666667e-02, 1.666666667e-02, 1.148511443e+00, 1.171481672e+02, 1.453284689e+02, -1.453284689e+02, 2.618490010e+05
3859, 5.500000000e-02, 1.666666667e-02, 1.833333333e-02, 1.148511443e+00, 1.171481672e+02, 1.598613158e+02, -1.453284689e+02, 2.637798814e+05
3860, 5.500000000e-02, 1.666666667e-02, 2.000000000e-02, 1.148511443e+00, 1.171481672e+02, 1.743941627e+02, -1.453284689e+02, 2.658946551e+05
3861, 5.500000000e-02, 1.833333333e-02, 0.000000000e+00, 1.148511443e+00, 1.171481672e+02, 0.000000000e+00, -1.598613158e+02, 2.545852129e+05
3862, 5.500000000e-02, 1.833333333e-02, 1.666666667e-03, 1.148511443e+00, 1.171481672e+02, 1.453284689e+01, -1.598613158e+02, 2.546771596e+05
3863, 5.500000000e-02, 1.833333333e-02, 3.333333333e-03, 1.148511443e+00, 1.171481672e+02, 2.906569379e+01, -1.598613158e+02, 2.549529996e+05
3864, 5.500000000e-02, 1.833333333e-02, 5.000000000e-03, 1.148511443e+00, 1.171481672e+02, 4.359854068e+01, -1.598613158e+02, 2.554127331e+05
3865, 5.500000000e-02, 1.833333333e-02, 6.666666667e-03, 1.148511443e+00, 1.171481672e+02, 5.813138757e+01, -1.598613158e+02, 2.560563599e+05
3866, 5.500000000e-02, 1.833333333e-02, 8.333333333e-03, 1.148511443e+00, 1.171481672e+02, 7.266423447e+01, -1.598613158e+02, 2.568838800e+05
3867, 5.500000000e-02, 1.833333333e-02, 1.000000000e-02, 1.148511443e+00, 1.171481672e+02, 8.719708136e+01, -1.598613158e+02, 2.578952935e+05
3868, 5.500000000e-02, 1.833333333e-02, 1.166666667e-02, 1.148511443e+00, 1.171481672e+02, 1.017299283e+02, -1.598613158e+02, 2.590906004e+05
3869, 5.500000000e-02, 1.833333333e-02, 1.333333333e-02, 1.148511443e+00, 1.171481672e+02, 1.162627751e+02, -1.598613158e+02, 2.604698007e+05
3870, 5.500000000e-02, 1.833333333e-02, 1.500000000e-02, 1.148511443e+00, 1.171481672e+02, 1.307956220e+02, -1.598613158e+02, 2.620328944e+05
3871, 5.500000000e-02, 1.833333333e-02, 1.666666667e-02, 1.148511443e+00, 1.171481672e+02, 1.453284689e+02, -1.598613158e+02, 2.637798814e+05
3872, 5.500000000e-02, 1.833333333e-02, 1.833333333e-02, 1.148511443e+00, 1.171481672e+02, 1.598613158e+02, -1.598613158e+02, 2.657107617e+05
3873, 5.500000000e-02, 1.833333333e-02, 2.000000000e-02, 1.148511443e+00, 1.171481672e+02, 1.743941627e+02, -1.598613158e+02, 2.678255355e+05
3874, 5.500000000e-02, 2.000000000e-02, 0.000000000e+00, 1.148511443e+00, 1.171481672e+02, 0.000000000e+00, -1.743941627e+02, 2.566999866e+05
3875, 5.500000000e-02, 2.000000000e-02, 1.666666667e-03, 1.148511443e+00, 1.171481672e+02, 1.453284689e+01, -1.743941627e+02, 2.567919333e+05
3876, 5.500000000e-02, 2.000000000e-02, 3.333333333e-03, 1.148511443e+00, 1.171481672e+02, 2.906569379e+01, -1.743941627e+02, 2.570677734e+05
3877, 5.500000000e-02, 2.000000000e-02, 5.000000000e-03, 1.148511443e+00, 1.171481672e+02, 4.359854068e+01, -1.743941627e+02, 2.575275068e+05
3878, 5.500000000e-02, 2.000000000e-02, 6.666666667e-03, 1.148511443e+00, 1.171481672e+02, 5.813138757e+01, -1.743941627e+02, 2.581711336e+05
3879, 5.500000000e-02, 2.000000000e-02, 8.333333333e-03, 1.148511443e+00, 1.171481672e+02, 7.266423447e+01, -1.743941627e+02, 2.589986538e+05
3880, 5.500000000e-02, 2.000000000e-02, 1.000000000e-02, 1.148511443e+00, 1.171481672e+02, 8.719708136e+01, -1.743941627e+02, 2.600100673e+05
3881, 5.500000000e-02, 2.000000000e-02, 1.166666667e-02, 1.148511443e+00, 1.171481672e+02, 1.017299283e+02, -1.743941627e+02, 2.612053742e+05
3882, 5.500000000e-02, 2.000000000e-02, 1.333333333e-02, 1.148511443e+00, 1.171481672e+02, 1.162627751e+02, -1.743941627e+02, 2.625845745e+05
3883, 5.500000000e-02, 2.000000000e-02, 1.500000000e-02, 1.148511443e+00, 1.171481672e+02, 1.307956220e+02, -1.743941627e+02, 2.641476681e+05
3884, 5.500000000e-02, 2.000000000e-02, 1.666666667e-02, 1.148511443e+00, 1.171481672e+02, 1.453284689e+02, -1.743941627e+02, 2.658946551e+05
3885, 5.500000000e-02, 2.000000000e-02, 1.833333333e-02, 1.148511443e+00, 1.171481672e+02, 1.598613158e+02, -1.743941627e+02, 2.678255355e+05
3886, 5.500000000e-02, 2.000000000e-02, 2.000000000e-02, 1.148511443e+00, 1.171481672e+02, 1.743941627e+02, -1.743941627e+02, 2.699403092e+05
3887, 5.750000000e-02, 0.000000000e+00, 0.000000000e+00, 1.148511443e+00, 1.171481672e+02, 0.000000000e+00, 0.000000000e+00, 2.434596641e+05
3888, 5.750000000e-02, 0.000000000e+00, 1.666666667e-03, 1.148511443e+00, 1.171481672e+02, 1.453284689e+01, 0.000000000e+00, 2.435516108e+05
3889, 5.750000000e-02, 0.000000000e+00, 3.333333333e-03, 1.148511443e+00, 1.171481672e+02, 2.906569379e+01, 0.000000000e+00, 2.438274508e+05
3890, 5.750000000e-02, 0.000000000e+00, 5.000000000e-03, 1.148511443e+00, 1.171481672e+02, 4.359854068e+01, 0.000000000e+00, 2.442871842e+05
3891, 5.750000000e-02, 0.000000000e+00, 6.666666667e-03, 1.148511443e+00, 1.171481672e+02, 5.813138757e+01, 0.000000000e+00, 2.449308110e+05
3892, 5.750000000e-02, 0.000000000e+00, 8.333333333e-03, 1.148511443e+00, 1.171481672e+02, 7.266423447e+01, 0.000000000e+00, 2.457583312e+05
3893, 5.750000000e-02, 0.000000000e+00, 1.000000000e-02, 1.148511443e+00, 1.171481672e+02, 8.719708136e+01, 0.000000000e+00, 2.467697447e+05
3894, 5.750000000e-02, 0.000000000e+00, 1.166666667e-02, 1.148511443e+00, 1.171481672e+02, 1.017299283e+02, 0.000000000e+00, 2.479650516e+05
3895, 5.750000000e-02, 0.000000000e+00, 1.333333333e-02, 1.148511443e+00, 1.171481672e+02, 1.162627751e+02, 0.000000000e+00, 2.493442519e+05
3896, 5.750000000e-02, 0.000000000e+00, 1.500000000e-02, 1.148511443e+00, 1.171481672e+02, 1.307956220e+02, 0.000000000e+00, 2.509073455e+05
3897, 5.750000000e-02, 0.000000000e+00, 1.666666667e-02, 1.148511443e+00, 1.171481672e+02, 1.453284689e+02, 0.000000000e+00, 2.526543325e+05
3898, 5.750000000e-02, 0.000000000e+00, 1.833333333e-02, 1.148511443e+00, 1.171481672e+02, 1.598613158e+02, 0.000000000e+00, 2.545852129e+05
3899, 5.750000000e-02, 0.000000000e+00, 2.000000000e-02, 1.148511443e+00, 1.171481672e+02, 1.743941627e+02, 0.000000000e+00, 2.566999866e+05
3900, 5.750000000e-02, 1.666666667e-03, 0.000000000e+00, 1.148511443e+00, 1.171481672e+02, 0.000000000e+00, -1.453284689e+01, 2.435516108e+05
3901, 5.750000000e-02, 1.666666667e-03, 1.666666667e-03, 1.148511443e+00, 1.171481672e+02, 1.453284689e+01, -1.453284689e+01, 2.436435574e+05
3902, 5.750000000e-02, 1.666666667e-03, 3.333333333e-03, 1.148511443e+00, 1.171481672e+02, 2.906569379e+01, -1.453284689e+01, 2.439193975e+05
3903, 5.750000000e-02, 1.666666667e-03, 5.000000000e-03, 1.148511443e+00, 1.171481672e+02, 4.359854068e+01, -1.453284689e+01, 2.443791309e+05
3904, 5.750000000e-02, 1.666666667e-03, 6.666666667e-03, 1.148511443e+00, 1.171481672e+02, 5.813138757e+01, -1.453284689e+01, 2.450227577e+05
3905, 5.750000000e-02, 1.666666667e-03, 8.333333333e-03, 1.148511443e+00, 1.171481672e+02, 7.266423447e+01, -1.453284689e+01, 2.458502779e+05
3906, 5.750000000e-02, 1.666666667e-03, 1.000000000e-02, 1.148511443e+00, 1.171481672e+02, 8.719708136e+01, -1.453284689e+01, 2.468616914e+05
3907, 5.750000000e-02, 1.666666667e-03, 1.166666667e-02, 1.148511443e+00, 1.171481672e+02, 1.017299283e+02, -1.453284689e+01, 2.480569983e+05
3908, 5.750000000e-02, 1.666666667e-03, 1.333333333e-02, 1.148511443e+00, 1.171481672e+02, 1.162627751e+02, -1.453284689e+01, 2.494361986e+05
3909, 5.750000000e-02, 1.666666667e-03, 1.500000000e-02, 1.148511443e+00, 1.171481672e+02, 1.307956220e+02, -1.453284689e+01, 2.509992922e+05
3910, 5.750000000e-02, 1.666666667e-03, 1.666666667e-02, 1.148511443e+00, 1.171481672e+02, 1.453284689e+02, -1.453284689e+01, 2.527462792e+05
3911, 5.750000000e-02, 1.666666667e-03, 1.833333333e-02, 1.148511443e+00, 1.171481672e+02, 1.598613158e+02, -1.453284689e+01, 2.546771596e+05
3912, 5.750000000e-02, 1.666666667e-03, 2.000000000e-02, 1.148511443e+00, 1.171481672e+02, 1.743941627e+02, -1.453284689e+01, 2.567919333e+05
3913, 5.750000000e-02, 3.333333333e-03, 0.000000000e+00, 1.148511443e+00, 1.171481672e+02, 0.000000000e+00, -2.906569379e+01, 2.438274508e+05
3914, 5.750000000e-02, 3.333333333e-03, 1.666666667e-03, 1.148511443e+00, 1.171481672e+02, 1.453284689e+01, -2.906569379e+01, 2.439193975e+05
3915, 5.750000000e-02, 3.333333333e-03, 3.333333333e-03, 1.148511443e+00, 1.171481672e+02, 2.906569379e+01, -2.906569379e+01, 2.441952375e+05
3916, 5.750000000e-02, 3.333333333e-03, 5.000000000e-03, 1.148511443e+00, 1.171481672e+02, 4.359854068e+01, -2.906569379e+01, 2.446549710e+05
3917, 5.750000000e-02, 3.333333333e-03, 6.666666667e-03, 1.148511443e+00, 1.171481672e+02, 5.813138757e+01, -2.906569379e+01, 2.452985978e+05
3918, 5.750000000e-02, 3.333333333e-03, 8.333333333e-03, 1.148511443e+00, 1.171481672e+02, 7.266423447e+01, -2.906569379e+01, 2.461261179e+05
3919, 5.750000000e-02, 3.333333333e-03, 1.000000000e-02, 1.148511443e+00, 1.171481672e+02, 8.719708136e+01, -2.906569379e+01, 2.471375315e+05
3920, 5.750000000e-02, 3.333333333e-03, 1.166666667e-02, 1.148511443e+00, 1.171481672e+02, 1.017299283e+02, -2.906569379e+01, 2.483328384e+05
3921, 5.750000000e-02, 3.333333333e-03, 1.333333333e-02, 1.148511443e+00, 1.171481672e+02, 1.162627751e+02, -2.906569379e+01, 2.497120386e+05
3922, 5.750000000e-02, 3.333333333e-03, 1.500000000e-02, 1.148511443e+00, 1.171481672e+02, 1.307956220e+02, -2.906569379e+01, 2.512751323e+05
3923, 5.750000000e-02, 3.333333333e-03, 1.666666667e-02, 1.148511443e+00, 1.171481672e+02, 1.453284689e+02, -2.906569379e+01, 2.530221193e+05
3924, 5.750000000e-02, 3.333333333e-03, 1.833333333e-02, 1.148511443e+00, 1.171481672e+02, 1.598613158e+02, -2.906569379e+01, 2.549529996e+05
3925, 5.750000000e-02, 3.333333333e-03, 2.000000000e-02, 1.148511443e+00, 1.171481672e+02, 1.743941627e+02, -2.906569379e+01, 2.570677734e+05
3926, 5.750000000e-02, 5.000000000e-03, 0.000000000e+00, 1.148511443e+00, 1.171481672e+02, 0.000000000e+00, -4.359854068e+01, 2.442871842e+05
3927, 5.750000000e-02, 5.000000000e-03, 1.666666667e-03, 1.148511443e+00, 1.171481672e+02, 1.453284689e+01, -4.359854068e+01, 2.443791309e+05
3928, 5.750000000e-02, 5.000000000e-03, 3.333333333e-03, 1.148511443e+00, 1.171481672e+02, 2.906569379e+01, -4.359854068e+01, 2.446549710e+05
3929, 5.750000000e-02, 5.000000000e-03, 5.000000000e-03, 1.148511443e+00, 1.171481672e+02, 4.359854068e+01, -4.359854068e+01, 2.451147044e+05
3930, 5.750000000e-02, 5.000000000e-03, 6.666666667e-03, 1.148511443e+00, 1.171481672e+02, 5.813138757e+01, -4.359854068e+01, 2.457583312e+05
3931, 5.750000000e-02, 5.000000000e-03, 8.333333333e-03, 1.148511443e+00, 1.171481672e+02, 7.266423447e+01, -4.359854068e+01, 2.465858513e+05
3932, 5.750000000e-02, 5.000000000e-03, 1.000000000e-02, 1.148511443e+00, 1.171481672e+02, 8.719708136e+01, -4.359854068e+01, 2.475972649e+05
3933, 5.750000000e-02, 5.000000000e-03, 1.166666667e-02, 1.148511443e+00, 1.171481672e+02, 1.017299283e+02, -4.359854068e+01, 2.487925718e+05
3934, 5.750000000e-02, 5.000000000e-03, 1.333333333e-02, 1.148511443e+00, 1.171481672e+02, 1.162627751e+02, -4.359854068e+01, 2.501717720e+05
3935, 5.750000000e-02, 5.000000000e-03, 1.500000000e-02, 1.148511443e+00, 1.171481672e+02, 1.307956220e+02, -4.359854068e+01, 2.517348657e+05
3936, 5.750000000e-02, 5.000000000e-03, 1.666666667e-02, 1.148511443e+00, 1.171481672e+02, 1.453284689e+02, -4.359854068e+01, 2.534818527e+05
3937, 5.750000000e-02, 5.000000000e-03, 1.833333333e-02, 1.148511443e+00, 1.171481672e+02, 1.598613158e+02, -4.359854068e+01, 2.554127331e+05
3938, 5.750000000e-02, 5.000000000e-03, 2.000000000e-02, 1.148511443e+00, 1.171481672e+02, 1.743941627e+02, -4.359854068e+01, 2.575275068e+05
3939, 5.750000000e-02, 6.666666667e-03, 0.000000000e+00, 1.148511443e+00, 1.171481672e+02, 0.000000000e+00, -5.813138757e+01, 2.449308110e+05
3940, 5.750000000e-02, 6.666666667e-03, 1.666666667e-03, 1.148511443e+00, 1.171481672e+02, 1.453284689e+01, -5.813138757e+01, 2.450227577e+05
3941, 5.750000000e-02, 6.666666667e-03, 3.333333333e-03, 1.148511443e+00, 1.171481672e+02, 2.906569379e+01, -5.813138757e+01, 2.452985978e+05
3942, 5.750000000e-02, 6.666666667e-03, 5.000000000e-03, 1.148511443e+00, 1.171481672e+02, 4.359854068e+01, -5.813138757e+01, 2.457583312e+05
3943, 5.750000000e-02, 6.666666667e-03, 6.666666667e-03, 1.148511443e+00, 1.171481672e+02, 5.813138757e+01, -5.813138757e+01, 2.464019580e+05
3944, 5.750000000e-02, 6.666666667e-03, 8.333333333e-03, 1.148511443e+00, 1.171481672e+02, 7.266423447e+01, -5.813138757e+01, 2.472294781e+05
3945, 5.750000000e-02, 6.666666667e-03, 1.000000000e-02, 1.148511443e+00, 1.171481672e+02, 8.719708136e+01, -5.813138757e+01, 2.482408917e+05
3946, 5.750000000e-02, 6.666666667e-03, 1.166666667e-02, 1.148511443e+00, 1.171481672e+02, 1.017299283e+02, -5.813138757e+01, 2.494361986e+05
3947, 5.750000000e-02, 6.666666667e-03, 1.333333333e-02, 1.148511443e+00, 1.171481672e+02, 1.162627751e+02, -5.813138757e+01, 2.508153988e+05
3948, 5.750000000e-02, 6.666666667e-03, 1.500000000e-02, 1.148511443e+00, 1.171481672e+02, 1.307956220e+02, -5.813138757e+01, 2.523784925e+05
3949, 5.750000000e-02, 6.666666667e-03, 1.666666667e-02, 1.148511443e+00, 1.171481672e+02, 1.453284689e+02, -5.813138757e+01, 2.541254795e+05
3950, 5.750000000e-02, 6.666666667e-03, 1.833333333e-02, 1.148511443e+00, 1.171481672e+02, 1.598613158e+02, -5.813138757e+01, 2.560563599e+05
3951, 5.750000000e-02, 6.666666667e-03, 2.000000000e-02, 1.148511443e+00, 1.171481672e+02, 1.743941627e+02, -5.813138757e+01, 2.581711336e+05
3952, 5.750000000e-02, 8.333333333e-03, 0.000000000e+00, 1.148511443e+00, 1.171481672e+02, 0.000000000e+00, -7.266423447e+01, 2.457583312e+05
3953, 5.750000000e-02, 8.333333333e-03, 1.666666667e-03, 1.148511443e+00, 1.171481672e+02, 1.453284689e+01, -7.266423447e+01, 2.458502779e+05
3954, 5.750000000e-02, 8.333333333e-03, 3.333333333e-03, 1.148511443e+00, 1.171481672e+02, 2.906569379e+01, -7.266423447e+01, 2.461261179e+05
3955, 5.750000000e-02, 8.333333333e-03, 5.000000000e-03, 1.148511443e+00, 1.171481672e+02, 4.359854068e+01, -7.266423447e+01, 2.465858513e+05
3956, 5.750000000e-02, 8.333333333e-03, 6.666666667e-03, 1.148511443e+00, 1.171481672e+02, 5.813138757e+01, -7.266423447e+01, 2.472294781e+05
3957, 5.750000000e-02, 8.333333333e-03, 8.333333333e-03, 1.148511443e+00, 1.171481672e+02, 7.266423447e+01, -7.266423447e+01, 2.480569983e+05
3958, 5.750000000e-02, 8.333333333e-03, 1.000000000e-02, 1.148511443e+00, 1.171481672e+02, 8.719708136e+01, -7.266423447e+01, 2.490684118e+05
3959, 5.750000000e-02, 8.333333333e-03, 1.166666667e-02, 1.148511443e+00, 1.171481672e+02, 1.017299283e+02, -7.266423447e+01, 2.502637187e+05
3960, 5.750000000e-02, 8.333333333e-03, 1.333333333e-02, 1.148511443e+00, 1.171481672e+02, 1.162627751e+02, -7.266423447e+01, 2.516429190e+05
3961, 5.750000000e-02, 8.333333333e-03, 1.500000000e-02, 1.148511443e+00, 1.171481672e+02, 1.307956220e+02, -7.266423447e+01, 2.532060126e+05
3962, 5.750000000e-02, 8.333333333e-03, 1.666666667e-02, 1.148511443e+00, 1.171481672e+02, 1.453284689e+02, -7.266423447e+01, 2.549529996e+05
3963, 5.750000000e-02, 8.333333333e-03, 1.833333333e-02, 1.148511443e+00, 1.171481672e+02, 1.598613158e+02, -7.266423447e+01, 2.568838800e+05
3964, 5.750000000e-02, 8.333333333e-03, 2.000000000e-02, 1.148511443e+00, 1.171481672e+02, 1.743941627e+02, -7.266423447e+01, 2.589986538e+05
3965, 5.750000000e-02, 1.000000000e-02, 0.000000000e+00, 1.148511443e+00, 1.171481672e+02, 0.000000000e+00, -8.719708136e+01, 2.467697447e+05
3966, 5.750000000e-02, 1.000000000e-02, 1.666666667e-03, 1.148511443e+00, 1.171481672e+02, 1.453284689e+01, -8.719708136e+01, 2.468616914e+05
3967, 5.750000000e-02, 1.000000000e-02, 3.333333333e-03, 1.148511443e+00, 1.171481672e+02, 2.906569379e+01, -8.719708136e+01, 2.471375315e+05
3968, 5.750000000e-02, 1.000000000e-02, 5.000000000e-03, 1.148511443e+00, 1.171481672e+02, 4.359854068e+01, -8.719708136e+01, 2.475972649e+05
3969, 5.750000000e-02, 1.000000000e-02, 6.666666667e-03, 1.148511443e+00, 1.171481672e+02, 5.813138757e+01, -8.719708136e+01, 2.482408917e+05
3970, 5.750000000e-02, 1.000000000e-02, 8.333333333e-03, 1.148511443e+00, 1.171481672e+02, 7.266423447e+01, -8.719708136e+01, 2.490684118e+05
3971, 5.750000000e-02, 1.000000000e-02, 1.000000000e-02, 1.148511443e+00, 1.171481672e+02, 8.719708136e+01, -8.719708136e+01, 2.500798254e+05
3972, 5.750000000e-02, 1.000000000e-02, 1.166666667e-02, 1.148511443e+00, 1.171481672e+02, 1.017299283e+02, -8.719708136e+01, 2.512751323e+05
3973, 5.750000000e-02, 1.000000000e-02, 1.333333333e-02, 1.148511443e+00, 1.171481672e+02, 1.162627751e+02, -8.719708136e+01, 2.526543325e+05
3974, 5.750000000e-02, 1.000000000e-02, 1.500000000e-02, 1.148511443e+00, 1.171481672e+02, 1.307956220e+02, -8.719708136e+01, 2.542174262e+05
3975, 5.750000000e-02, 1.000000000e-02, 1.666666667e-02, 1.148511443e+00, 1.171481672e+02, 1.453284689e+02, -8.719708136e+01, 2.559644132e+05
3976, 5.750000000e-02, 1.000000000e-02, 1.833333333e-02, 1.148511443e+00, 1.171481672e+02, 1.598613158e+02, -8.719708136e+01, 2.578952935e+05
3977, 5.750000000e-02, 1.000000000e-02, 2.000000000e-02, 1.148511443e+00, 1.171481672e+02, 1.743941627e+02, -8.719708136e+01, 2.600100673e+05
3978, 5.750000000e-02, 1.166666667e-02, 0.000000000e+00, 1.148511443e+00, 1.171481672e+02, 0.000000000e+00, -1.017299283e+02, 2.479650516e+05
3979, 5.750000000e-02, 1.166666667e-02, 1.666666667e-03, 1.148511443e+00, 1.171481672e+02, 1.453284689e+01, -1.017299283e+02, 2.480569983e+05
3980, 5.750000000e-02, 1.166666667e-02, 3.333333333e-03, 1.148511443e+00, 1.171481672e+02, 2.906569379e+01, -1.017299283e+02, 2.483328384e+05
3981, 5.750000000e-02, 1.166666667e-02, 5.000000000e-03, 1.148511443e+00, 1.171481672e+02, 4.359854068e+01, -1.017299283e+02, 2.487925718e+05
3982, 5.750000000e-02, 1.166666667e-02, 6.666666667e-03, 1.148511443e+00, 1.171481672e+02, 5.813138757e+01, -1.017299283e+02, 2.494361986e+05
3983, 5.750000000e-02, 1.166666667e-02, 8.333333333e-03, 1.148511443e+00, 1.171481672e+02, 7.266423447e+01, -1.017299283e+02, 2.502637187e+05
3984, 5.750000000e-02, 1.166666667e-02, 1.000000000e-02, 1.148511443e+00, 1.171481672e+02, 8.719708136e+01, -1.017299283e+02, 2.512751323e+05
3985, 5.750000000e-02, 1.166666667e-02, 1.166666667e-02, 1.148511443e+00, 1.171481672e+02, 1.017299283e+02, -1.017299283e+02, 2.524704392e+05
3986, 5.750000000e-02, 1.166666667e-02, 1.333333333e-02, 1.148511443e+00, 1.171481672e+02, 1.162627751e+02, -1.017299283e+02, 2.538496394e+05
3987, 5.750000000e-02, 1.166666667e-02, 1.500000000e-02, 1.148511443e+00, 1.171481672e+02, 1.307956220e+02, -1.017299283e+02, 2.554127331e+05
3988, 5.750000000e-02, 1.166666667e-02, 1.666666667e-02, 1.148511443e+00, 1.171481672e+02, 1.453284689e+02, -1.017299283e+02, 2.571597201e+05
3989, 5.750000000e-02, 1.166666667e-02, 1.833333333e-02, 1.148511443e+00, 1.171481672e+02, 1.598613158e+02, -1.017299283e+02, 2.590906004e+05
3990, 5.750000000e-02, 1.166666667e-02, 2.000000000e-02, 1.148511443e+00, 1.171481672e+02, 1.743941627e+02, -1.017299283e+02, 2.612053742e+05
3991, 5.750000000e-02, 1.333333333e-02, 0.000000000e+00, 1.148511443e+00, 1.171481672e+02, 0.000000000e+00, -1.162627751e+02, 2.493442519e+05
3992, 5.750000000e-02, 1.333333333e-02, 1.666666667e-03, 1.148511443e+00, 1.171481672e+02, 1.453284689e+01, -1.162627751e+02, 2.494361986e+05
3993, 5.750000000e-02, 1.333333333e-02, 3.333333333e-03, 1.148511443e+00, 1.171481672e+02, 2.906569379e+01, -1.162627751e+02, 2.497120386e+05
3994, 5.750000000e-02, 1.333333333e-02, 5.000000000e-03, 1.148511443e+00, 1.171481672e+02, 4.359854068e+01, -1.162627751e+02, 2.501717720e+05
3995, 5.750000000e-02, 1.333333333e-02, 6.666666667e-03, 1.148511443e+00, 1.171481672e+02, 5.813138757e+01, -1.162627751e+02, 2.508153988e+05
3996, 5.750000000e-02, 1.333333333e-02, 8.333333333e-03, 1.148511443e+00, 1.171481672e+02, 7.266423447e+01, -1.162627751e+02, 2.516429190e+05
3997, 5.750000000e-02, 1.333333333e-02, 1.000000000e-02, 1.148511443e+00, 1.171481672e+02, 8.719708136e+01, -1.162627751e+02, 2.526543325e+05
3998, 5.750000000e-02, 1.333333333e-02, 1.166666667e-02, 1.148511443e+00, 1.171481672e+02, 1.017299283e+02, -1.162627751e+02, 2.538496394e+05
3999, 5.750000000e-02, 1.333333333e-02, 1.333333333e-02, 1.148511443e+00, 1.171481672e+02, 1.162627751e+02, -1.162627751e+02, 2.552288397e+05
4000, 5.750000000e-02, 1.333333333e-02, 1.500000000e-02, 1.148511443e+00, 1.171481672e+02, 1.307956220e+02, -1.162627751e+02, 2.567919333e+05
4001, 5.750000000e-02, 1.333333333e-02, 1.666666667e-02, 1.148511443e+00, 1.171481672e+02, 1.453284689e+02, -1.162627751e+02, 2.585389203e+05
4002, 5.750000000e-02, 1.333333333e-02, 1.833333333e-02, 1.148511443e+00, 1.171481672e+02, 1.598613158e+02, -1.162627751e+02, 2.604698007e+05
4003, 5.750000000e-02, 1.333333333e-02, 2.000000000e-02, 1.148511443e+00, 1.171481672e+02, 1.743941627e+02, -1.162627751e+02, 2.625845745e+05
4004, 5.750000000e-02, 1.500000000e-02, 0.000000000e+00, 1.148511443e+00, 1.171481672e+02, 0.000000000e+00, -1.307956220e+02, 2.509073455e+05
4005, 5.750000000e-02, 1.500000000e-02, 1.666666667e-03, 1.148511443e+00, 1.171481672e+02, 1.453284689e+01, -1.307956220e+02, 2.509992922e+05
4006, 5.750000000e-02, 1.500000000e-02, 3.333333333e-03, 1.148511443e+00, 1.171481672e+02, 2.906569379e+01, -1.307956220e+02, 2.512751323e+05
4007, 5.750000000e-02, 1.500000000e-02, 5.000000000e-03, 1.148511443e+00, 1.171481672e+02, 4.359854068e+01, -1.307956220e+02, 2.517348657e+05
4008, 5.750000000e-02, 1.500000000e-02, 6.666666667e-03, 1.148511443e+00, 1.171481672e+02, 5.813138757e+01, -1.307956220e+02, 2.523784925e+05
4009, 5.750000000e-02, 1.500000000e-02, 8.333333333e-03, 1.148511443e+00, 1.171481672e+02, 7.266423447e+01, -1.307956220e+02, 2.532060126e+05
4010, 5.750000000e-02, 1.500000000e-02, 1.000000000e-02, 1.148511443e+00, 1.171481672e+02, 8.719708136e+01, -1.307956220e+02, 2.542174262e+05
4011, 5.750000000e-02, 1.500000000e-02, 1.166666667e-02, 1.148511443e+00, 1.171481672e+02, 1.017299283e+02, -1.307956220e+02, 2.554127331e+05
4012, 5.750000000e-02, 1.500000000e-02, 1.333333333e-02, 1.148511443e+00, 1.171481672e+02, 1.162627751e+02, -1.307956220e+02, 2.567919333e+05
4013, 5.750000000e-02, 1.500000000e-02, 1.500000000e-02, 1.148511443e+00, 1.171481672e+02, 1.307956220e+02, -1.307956220e+02, 2.583550270e+05
4014, 5.750000000e-02, 1.500000000e-02, 1.666666667e-02, 1.148511443e+00, 1.171481672e+02, 1.453284689e+02, -1.307956220e+02, 2.601020140e+05
4015, 5.750000000e-02, 1.500000000e-02, 1.833333333e-02, 1.148511443e+00, 1.171481672e+02, 1.598613158e+02, -1.307956220e+02, 2.620328944e+05
4016, 5.750000000e-02, 1.500000000e-02, 2.000000000e-02, 1.148511443e+00, 1.171481672e+02, 1.743941627e+02, -1.307956220e+02, 2.641476681e+05
4017, 5.750000000e-02, 1.666666667e-02, 0.000000000e+00, 1.148511443e+00, 1.171481672e+02, 0.000000000e+00, -1.453284689e+02, 2.526543325e+05
4018, 5.750000000e-02, 1.666666667e-02, 1.666666667e-03, 1.148511443e+00, 1.171481672e+02, 1.453284689e+01, -1.453284689e+02, 2.527462792e+05
4019, 5.750000000e-02, 1.666666667e-02, 3.333333333e-03, 1.148511443e+00, 1.171481672e+02, 2.906569379e+01, -1.453284689e+02, 2.530221193e+05
4020, 5.750000000e-02, 1.666666667e-02, 5.000000000e-03, 1.148511443e+00, 1.171481672e+02, 4.359854068e+01, -1.453284689e+02, 2.534818527e+05
4021, 5.750000000e-02, 1.666666667e-02, 6.666666667e-03, 1.148511443e+00, 1.171481672e+02, 5.813138757e+01, -1.453284689e+02, 2.541254795e+05
4022, 5.750000000e-02, 1.666666667e-02, 8.333333333e-03, 1.148511443e+00, 1.171481672e+02, 7.266423447e+01, -1.453284689e+02, 2.549529996e+05
4023, 5.750000000e-02, 1.666666667e-02, 1.000000000e-02, 1.148511443e+00, 1.171481672e+02, 8.719708136e+01, -1.453284689e+02, 2.559644132e+05
4024, 5.750000000e-02, 1.666666667e-02, 1.166666667e-02, 1.148511443e+00, 1.171481672e+02, 1.017299283e+02, -1.453284689e+02, 2.571597201e+05
4025, 5.750000000e-02, 1.666666667e-02, 1.333333333e-02, 1.148511443e+00, 1.171481672e+02, 1.162627751e+02, -1.453284689e+02, 2.585389203e+05
4026, 5.750000000e-02, 1.666666667e-02, 1.500000000e-02, 1.148511443e+00, 1.171481672e+02, 1.307956220e+02, -1.453284689e+02, 2.601020140e+05
4027, 5.750000000e-02, 1.666666667e-02, 1.666666667e-02, 1.148511443e+00, 1.171481672e+02, 1.453284689e+02, -1.453284689e+02, 2.618490010e+05
4028, 5.750000000e-02, 1.666666667e-02, 1.833333333e-02, 1.148511443e+00, 1.171481672e+02, 1.598613158e+02, -1.453284689e+02, 2.637798814e+05
4029, 5.750000000e-02, 1.666666667e-02, 2.000000000e-02, 1.148511443e+00, 1.171481672e+02, 1.743941627e+02, -1.453284689e+02, 2.658946551e+05
4030, 5.750000000e-02, 1.833333333e-02, 0.000000000e+00, 1.148511443e+00, 1.171481672e+02, 0.000000000e+00, -1.598613158e+02, 2.545852129e+05
4031, 5.750000000e-02, 1.833333333e-02, 1.666666667e-03, 1.148511443e+00, 1.171481672e+02, 1.453284689e+01, -1.598613158e+02, 2.546771596e+05
4032, 5.750000000e-02, 1.833333333e-02, 3.333333333e-03, 1.148511443e+00, 1.171481672e+02, 2.906569379e+01, -1.598613158e+02, 2.549529996e+05
4033, 5.750000000e-02, 1.833333333e-02, 5.000000000e-03, 1.148511443e+00, 1.171481672e+02, 4.359854068e+01, -1.598613158e+02, 2.554127331e+05
4034, 5.750000000e-02, 1.833333333e-02, 6.666666667e-03, 1.148511443e+00, 1.171481672e+02, 5.813138757e+01, -1.598613158e+02, 2.560563599e+05
4035, 5.750000000e-02, 1.833333333e-02, 8.333333333e-03, 1.148511443e+00, 1.171481672e+02, 7.266423447e+01, -1.598613158e+02, 2.568838800e+05
4036, 5.750000000e-02, 1.833333333e-02, 1.000000000e-02, 1.148511443e+00, 1.171481672e+02, 8.719708136e+01, -1.598613158e+02, 2.578952935e+05
4037, 5.750000000e-02, 1.833333333e-02, 1.166666667e-02, 1.148511443e+00, 1.171481672e+02, 1.017299283e+02, -1.598613158e+02, 2.590906004e+05
4038, 5.750000000e-02, 1.833333333e-02, 1.333333333e-02, 1.148511443e+00, 1.171481672e+02, 1.162627751e+02, -1.598613158e+02, 2.604698007e+05
4039, 5.750000000e-02, 1.833333333e-02, 1.500000000e-02, 1.148511443e+00, 1.171481672e+02, 1.307956220e+02, -1.598613158e+02, 2.620328944e+05
4040, 5.750000000e-02, 1.833333333e-02, 1.666666667e-02, 1.148511443e+00, 1.171481672e+02, 1.453284689e+02, -1.598613158e+02, 2.637798814e+05
4041, 5.750000000e-02, 1.833333333e-02, 1.833333333e-02, 1.148511443e+00, 1.171481672e+02, 1.598613158e+02, -1.598613158e+02, 2.657107617e+05
4042, 5.750000000e-02, 1.833333333e-02, 2.000000000e-02, 1.148511443e+00, 1.171481672e+02, 1.743941627e+02, -1.598613158e+02, 2.678255355e+05
4043, 5.750000000e-02, 2.000000000e-02, 0.000000000e+00, 1.148511443e+00, 1.171481672e+02, 0.000000000e+00, -1.743941627e+02, 2.566999866e+05
4044, 5.750000000e-02, 2.000000000e-02, 1.666666667e-03, 1.148511443e+00, 1.171481672e+02, 1.453284689e+01, -1.743941627e+02, 2.567919333e+05
4045, 5.750000000e-02, 2.000000000e-02, 3.333333333e-03, 1.148511443e+00, 1.171481672e+02, 2.906569379e+01, -1.743941627e+02, 2.570677734e+05
4046, 5.750000000e-02, 2.000000000e-02, 5.000000000e-03, 1.148511443e+00, 1.171481672e+02, 4.359854068e+01, -1.743941627e+02, 2.575275068e+05
4047, 5.750000000e-02, 2.000000000e-02, 6.666666667e-03, 1.148511443e+00, 1.171481672e+02, 5.813138757e+01, -1.743941627e+02, 2.581711336e+05
4048, 5.750000000e-02, 2.000000000e-02, 8.333333333e-03, 1.148511443e+00, 1.171481672e+02, 7.266423447e+01, -1.743941627e+02, 2.589986538e+05
4049, 5.750000000e-02, 2.000000000e-02, 1.000000000e-02, 1.148511443e+00, 1.171481672e+02, 8.719708136e+01, -1.743941627e+02, 2.600100673e+05
4050, 5.750000000e-02, 2.000000000e-02, 1.166666667e-02, 1.148511443e+00, 1.171481672e+02, 1.017299283e+02, -1.743941627e+02, 2.612053742e+05
4051, 5.750000000e-02, 2.000000000e-02, 1.333333333e-02, 1.148511443e+00, 1.171481672e+02, 1.162627751e+02, -1.743941627e+02, 2.625845745e+05
4052, 5.750000000e-02, 2.000000000e-02, 1.500000000e-02, 1.148511443e+00, 1.171481672e+02, 1.307956220e+02, -1.743941627e+02, 2.641476681e+05
4053, 5.750000000e-02, 2.000000000e-02, 1.666666667e-02, 1.148511443e+00, 1.171481672e+02, 1.453284689e+02, -1.743941627e+02, 2.658946551e+05
4054, 5.750000000e-02, 2.000000000e-02, 1.833333333e-02, 1.148511443e+00, 1.171481672e+02, 1.598613158e+02, -1.743941627e+02, 2.678255355e+05
4055, 5.750000000e-02, 2.000000000e-02, 2.000000000e-02, 1.148511443e+00, 1.171481672e+02, 1.743941627e+02, -1.743941627e+02, 2.699403092e+05
4056, 6.000000000e-02, 0.000000000e+00, 0.000000000e+00, 1.148511443e+00, 1.171481672e+02, 0.000000000e+00, 0.000000000e+00, 2.434596641e+05
4057, 6.000000000e-02, 0.000000000e+00, 1.666666667e-03, 1.148511443e+00, 1.171481672e+02, 1.453284689e+01, 0.000000000e+00, 2.435516108e+05
4058, 6.000000000e-02, 0.000000000e+00, 3.333333333e-03, 1.148511443e+00, 1.171481672e+02, 2.906569379e+01, 0.000000000e+00, 2.438274508e+05
4059, 6.000000000e-02, 0.000000000e+00, 5.000000000e-03, 1.148511443e+00, 1.171481672e+02, 4.359854068e+01, 0.000000000e+00, 2.442871842e+05
4060, 6.000000000e-02, 0.000000000e+00, 6.666666667e-03, 1.148511443e+00, 1.171481672e+02, 5.813138757e+01, 0.000000000e+00, 2.449308110e+05
4061, 6.000000000e-02, 0.000000000e+00, 8.333333333e-03, 1.148511443e+00, 1.171481672e+02, 7.266423447e+01, 0.000000000e+00, 2.457583312e+05
4062, 6.000000000e-02, 0.000000000e+00, 1.000000000e-02, 1.148511443e+00, 1.171481672e+02, 8.719708136e+01, 0.000000000e+00, 2.467697447e+05
4063, 6.000000000e-02, 0.000000000e+00, 1.166666667e-02, 1.148511443e+00, 1.171481672e+02, 1.017299283e+02, 0.000000000e+00, 2.479650516e+05
4064, 6.000000000e-02, 0.000000000e+00, 1.333333333e-02, 1.148511443e+00, 1.171481672e+02, 1.162627751e+02, 0.000000000e+00, 2.493442519e+05
4065, 6.000000000e-02, 0.000000000e+00, 1.500000000e-02, 1.148511443e+00, 1.171481672e+02, 1.307956220e+02, 0.000000000e+00, 2.509073455e+05
4066, 6.000000000e-02, 0.000000000e+00, 1.666666667e-02, 1.148511443e+00, 1.171481672e+02, 1.453284689e+02, 0.000000000e+00, 2.526543325e+05
4067, 6.000000000e-02, 0.000000000e+00, 1.833333333e-02, 1.148511443e+00, 1.171481672e+02, 1.598613158e+02, 0.000000000e+00, 2.545852129e+05
4068, 6.000000000e-02, 0.000000000e+00, 2.000000000e-02, 1.148511443e+00, 1.171481672e+02, 1.743941627e+02, 0.000000000e+00, 2.566999866e+05
4069, 6.000000000e-02, 1.666666667e-03, 0.000000000e+00, 1.148511443e+00, 1.171481672e+02, 0.000000000e+00, -1.453284689e+01, 2.435516108e+05
4070, 6.000000000e-02, 1.666666667e-03, 1.666666667e-03, 1.148511443e+00, 1.171481672e+02, 1.453284689e+01, -1.453284689e+01, 2.436435574e+05
4071, 6.000000000e-02, 1.666666667e-03, 3.333333333e-03, 1.148511443e+00, 1.171481672e+02, 2.906569379e+01, -1.453284689e+01, 2.439193975e+05
4072, 6.000000000e-02, 1.666666667e-03, 5.000000000e-03, 1.148511443e+00, 1.171481672e+02, 4.359854068e+01, -1.453284689e+01, 2.443791309e+05
4073, 6.000000000e-02, 1.666666667e-03, 6.666666667e-03, 1.148511443e+00, 1.171481672e+02, 5.813138757e+01, -1.453284689e+01, 2.450227577e+05
4074, 6.000000000e-02, 1.666666667e-03, 8.333333333e-03, 1.148511443e+00, 1.171481672e+02, 7.266423447e+01, -1.453284689e+01, 2.458502779e+05
4075, 6.000000000e-02, 1.666666667e-03, 1.000000000e-02, 1.148511443e+00, 1.171481672e+02, 8.719708136e+01, -1.453284689e+01, 2.468616914e+05
4076, 6.000000000e-02, 1.666666667e-03, 1.166666667e-02, 1.148511443e+00, 1.171481672e+02, 1.017299283e+02, -1.453284689e+01, 2.480569983e+05
4077, 6.000000000e-02, 1.666666667e-03, 1.333333333e-02, 1.148511443e+00, 1.171481672e+02, 1.162627751e+02, -1.453284689e+01, 2.494361986e+05
4078, 6.000000000e-02, 1.666666667e-03, 1.500000000e-02, 1.148511443e+00, 1.171481672e+02, 1.307956220e+02, -1.453284689e+01, 2.509992922e+05
4079, 6.000000000e-02, 1.666666667e-03, 1.666666667e-02, 1.148511443e+00, 1.171481672e+02, 1.453284689e+02, -1.453284689e+01, 2.527462792e+05
4080, 6.000000000e-02, 1.666666667e-03, 1.833333333e-02, 1.148511443e+00, 1.171481672e+02, 1.598613158e+02, -1.453284689e+01, 2.546771596e+05
4081, 6.000000000e-02, 1.666666667e-03, 2.000000000e-02, 1.148511443e+00, 1.171481672e+02, 1.743941627e+02, -1.453284689e+01, 2.567919333e+05
4082, 6.000000000e-02, 3.333333333e-03, 0.000000000e+00, 1.148511443e+00, 1.171481672e+02, 0.000000000e+00, -2.906569379e+01, 2.438274508e+05
4083, 6.000000000e-02, 3.333333333e-03, 1.666666667e-03, 1.148511443e+00, 1.171481672e+02, 1.453284689e+01, -2.906569379e+01, 2.439193975e+05
4084, 6.000000000e-02, 3.333333333e-03, 3.333333333e-03, 1.148511443e+00, 1.171481672e+02, 2.906569379e+01, -2.906569379e+01, 2.441952375e+05
4085, 6.000000000e-02, 3.333333333e-03, 5.000000000e-03, 1.148511443e+00, 1.171481672e+02, 4.359854068e+01, -2.906569379e+01, 2.446549710e+05
4086, 6.000000000e-02, 3.333333333e-03, 6.666666667e-03, 1.148511443e+00, 1.171481672e+02, 5.813138757e+01, -2.906569379e+01, 2.452985978e+05
4087, 6.000000000e-02, 3.333333333e-03, 8.333333333e-03, 1.148511443e+00, 1.171481672e+02, 7.266423447e+01, -2.906569379e+01, 2.461261179e+05
4088, 6.000000000e-02, 3.333333333e-03, 1.000000000e-02, 1.148511443e+00, 1.171481672e+02, 8.719708136e+01, -2.906569379e+01, 2.471375315e+05
4089, 6.000000000e-02, 3.333333333e-03, 1.166666667e-02, 1.148511443e+00, 1.171481672e+02, 1.017299283e+02, -2.906569379e+01, 2.483328384e+05
4090, 6.000000000e-02, 3.333333333e-03, 1.333333333e-02, 1.148511443e+00, 1.171481672e+02, 1.162627751e+02, -2.906569379e+01, 2.497120386e+05
4091, 6.000000000e-02, 3.333333333e-03, 1.500000000e-02, 1.148511443e+00, 1.171481672e+02, 1.307956220e+02, -2.906569379e+01, 2.512751323e+05
4092, 6.000000000e-02, 3.333333333e-03, 1.666666667e-02, 1.148511443e+00, 1.171481672e+02, 1.453284689e+02, -2.906569379e+01, 2.530221193e+05
4093, 6.000000000e-02, 3.333333333e-03, 1.833333333e-02, 1.148511443e+00, 1.171481672e+02, 1.598613158e+02, -2.906569379e+01, 2.549529996e+05
4094, 6.000000000e-02, 3.333333333e-03, 2.000000000e-02, 1.148511443e+00, 1.171481672e+02, 1.743941627e+02, -2.906569379e+01, 2.570677734e+05
4095, 6.000000000e-02, 5.000000000e-03, 0.000000000e+00, 1.148511443e+00, 1.171481672e+02, 0.000000000e+00, -4.359854068e+01, 2.442871842e+05
4096, 6.000000000e-02, 5.000000000e-03, 1.666666667e-03, 1.148511443e+00, 1.171481672e+02, 1.453284689e+01, -4.359854068e+01, 2.443791309e+05
4097, 6.000000000e-02, 5.000000000e-03, 3.333333333e-03, 1.148511443e+00, 1.171481672e+02, 2.906569379e+01, -4.359854068e+01, 2.446549710e+05
4098, 6.000000000e-02, 5.000000000e-03, 5.000000000e-03, 1.148511443e+00, 1.171481672e+02, 4.359854068e+01, -4.359854068e+01, 2.451147044e+05
4099, 6.000000000e-02, 5.000000000e-03, 6.666666667e-03, 1.148511443e+00, 1.171481672e+02, 5.813138757e+01, -4.359854068e+01, 2.457583312e+05
4100, 6.000000000e-02, 5.000000000e-03, 8.333333333e-03, 1.148511443e+00, 1.171481672e+02, 7.266423447e+01, -4.359854068e+01, 2.465858513e+05
4101, 6.000000000e-02, 5.000000000e-03, 1.000000000e-02, 1.148511443e+00, 1.171481672e+02, 8.719708136e+01, -4.359854068e+01, 2.475972649e+05
4102, 6.000000000e-02, 5.000000000e-03, 1.166666667e-02, 1.148511443e+00, 1.171481672e+02, 1.017299283e+02, -4.359854068e+01, 2.487925718e+05
4103, 6.000000000e-02, 5.000000000e-03, 1.333333333e-02, 1.148511443e+00, 1.171481672e+02, 1.162627751e+02, -4.359854068e+01, 2.501717720e+05
4104, 6.000000000e-02, 5.000000000e-03, 1.500000000e-02, 1.148511443e+00, 1.171481672e+02, 1.307956220e+02, -4.359854068e+01, 2.517348657e+05
4105, 6.000000000e-02, 5.000000000e-03, 1.666666667e-02, 1.148511443e+00, 1.171481672e+02, 1.453284689e+02, -4.359854068e+01, 2.534818527e+05
4106, 6.000000000e-02, 5.000000000e-03, 1.833333333e-02, 1.148511443e+00, 1.171481672e+02, 1.598613158e+02, -4.359854068e+01, 2.554127331e+05
4107, 6.000000000e-02, 5.000000000e-03, 2.000000000e-02, 1.148511443e+00, 1.171481672e+02, 1.743941627e+02, -4.359854068e+01, 2.575275068e+05
4108, 6.000000000e-02, 6.666666667e-03, 0.000000000e+00, 1.148511443e+00, 1.171481672e+02, 0.000000000e+00, -5.813138757e+01, 2.449308110e+05
4109, 6.000000000e-02, 6.666666667e-03, 1.666666667e-03, 1.148511443e+00, 1.171481672e+02, 1.453284689e+01, -5.813138757e+01, 2.450227577e+05
4110, 6.000000000e-02, 6.666666667e-03, 3.333333333e-03, 1.148511443e+00, 1.171481672e+02, 2.906569379e+01, -5.813138757e+01, 2.452985978e+05
4111, 6.000000000e-02, 6.666666667e-03, 5.000000000e-03, 1.148511443e+00, 1.171481672e+02, 4.359854068e+01, -5.813138757e+01, 2.457583312e+05
4112, 6.000000000e-02, 6.666666667e-03, 6.666666667e-03, 1.148511443e+00, 1.171481672e+02, 5.813138757e+01, -5.813138757e+01, 2.464019580e+05
4113, 6.000000000e-02, 6.666666667e-03, 8.333333333e-03, 1.148511443e+00, 1.171481672e+02, 7.266423447e+01, -5.813138757e+01, 2.472294781e+05
4114, 6.000000000e-02, 6.666666667e-03, 1.000000000e-02, 1.148511443e+00, 1.171481672e+02, 8.719708136e+01, -5.813138757e+01, 2.482408917e+05
4115, 6.000000000e-02, 6.666666667e-03, 1.166666667e-02, 1.148511443e+00, 1.171481672e+02, 1.017299283e+02, -5.813138757e+01, 2.494361986e+05
4116, 6.000000000e-02, 6.666666667e-03, 1.333333333e-02, 1.148511443e+00, 1.171481672e+02, 1.162627751e+02, -5.813138757e+01, 2.508153988e+05
4117, 6.000000000e-02, 6.666666667e-03, 1.500000000e-02, 1.148511443e+00, 1.171481672e+02, 1.307956220e+02, -5.813138757e+01, 2.523784925e+05
4118, 6.000000000e-02, 6.666666667e-03, 1.666666667e-02, 1.148511443e+00, 1.171481672e+02, 1.453284689e+02, -5.813138757e+01, 2.541254795e+05
4119, 6.000000000e-02, 6.666666667e-03, 1.833333333e-02, 1.148511443e+00, 1.171481672e+02, 1.598613158e+02, -5.813138757e+01, 2.560563599e+05
4120, 6.000000000e-02, 6.666666667e-03, 2.000000000e-02, 1.148511443e+00, 1.171481672e+02, 1.743941627e+02, -5.813138757e+01, 2.581711336e+05
4121, 6.000000000e-02, 8.333333333e-03, 0.000000000e+00, 1.148511443e+00, 1.171481672e+02, 0.000000000e+00, -7.266423447e+01, 2.457583312e+05
4122, 6.000000000e-02, 8.333333333e-03, 1.666666667e-03, 1.148511443e+00, 1.171481672e+02, 1.453284689e+01, -7.266423447e+01, 2.458502779e+05
4123, 6.000000000e-02, 8.333333333e-03, 3.333333333e-03, 1.148511443e+00, 1.171481672e+02, 2.906569379e+01, -7.266423447e+01, 2.461261179e+05
4124, 6.000000000e-02, 8.333333333e-03, 5.000000000e-03, 1.148511443e+00, 1.171481672e+02, 4.359854068e+01, -7.266423447e+01, 2.465858513e+05
4125, 6.000000000e-02, 8.333333333e-03, 6.666666667e-03, 1.148511443e+00, 1.171481672e+02, 5.813138757e+01, -7.266423447e+01, 2.472294781e+05
4126, 6.000000000e-02, 8.333333333e-03, 8.333333333e-03, 1.148511443e+00, 1.171481672e+02, 7.266423447e+01, -7.266423447e+01, 2.480569983e+05
4127, 6.000000000e-02, 8.333333333e-03, 1.000000000e-02, 1.148511443e+00, 1.171481672e+02, 8.719708136e+01, -7.266423447e+01, 2.490684118e+05
4128, 6.000000000e-02, 8.333333333e-03, 1.166666667e-02, 1.148511443e+00, 1.171481672e+02, 1.017299283e+02, -7.266423447e+01, 2.502637187e+05
4129, 6.000000000e-02, 8.333333333e-03, 1.333333333e-02, 1.148511443e+00, 1.171481672e+02, 1.162627751e+02, -7.266423447e+01, 2.516429190e+05
4130, 6.000000000e-02, 8.333333333e-03, 1.500000000e-02, 1.148511443e+00, 1.171481672e+02, 1.307956220e+02, -7.266423447e+01, 2.532060126e+05
4131, 6.000000000e-02, 8.333333333e-03, 1.666666667e-02, 1.148511443e+00, 1.171481672e+02, 1.453284689e+02, -7.266423447e+01, 2.549529996e+05
4132, 6.000000000e-02, 8.333333333e-03, 1.833333333e-02, 1.148511443e+00, 1.171481672e+02, 1.598613158e+02, -7.266423447e+01, 2.568838800e+05
4133, 6.000000000e-02, 8.333333333e-03, 2.000000000e-02, 1.148511443e+00, 1.171481672e+02, 1.743941627e+02, -7.266423447e+01, 2.589986538e+05
4134, 6.000000000e-02, 1.000000000e-02, 0.000000000e+00, 1.148511443e+00, 1.171481672e+02, 0.000000000e+00, -8.719708136e+01, 2.467697447e+05
4135, 6.000000000e-02, 1.000000000e-02, 1.666666667e-03, 1.148511443e+00, 1.171481672e+02, 1.453284689e+01, -8.719708136e+01, 2.468616914e+05
4136, 6.000000000e-02, 1.000000000e-02, 3.333333333e-03, 1.148511443e+00, 1.171481672e+02, 2.906569379e+01, -8.719708136e+01, 2.471375315e+05
4137, 6.000000000e-02, 1.000000000e-02, 5.000000000e-03, 1.148511443e+00, 1.171481672e+02, 4.359854068e+01, -8.719708136e+01, 2.475972649e+05
4138, 6.000000000e-02, 1.000000000e-02, 6.666666667e-03, 1.148511443e+00, 1.171481672e+02, 5.813138757e+01, -8.719708136e+01, 2.482408917e+05
4139, 6.000000000e-02, 1.000000000e-02, 8.333333333e-03, 1.148511443e+00, 1.171481672e+02, 7.266423447e+01, -8.719708136e+01, 2.490684118e+05
4140, 6.000000000e-02, 1.000000000e-02, 1.000000000e-02, 1.148511443e+00, 1.171481672e+02, 8.719708136e+01, -8.719708136e+01, 2.500798254e+05
4141, 6.000000000e-02, 1.000000000e-02, 1.166666667e-02, 1.148511443e+00, 1.171481672e+02, 1.017299283e+02, -8.719708136e+01, 2.512751323e+05
4142, 6.000000000e-02, 1.000000000e-02, 1.333333333e-02, 1.148511443e+00, 1.171481672e+02, 1.162627751e+02, -8.719708136e+01, 2.526543325e+05
4143, 6.000000000e-02, 1.000000000e-02, 1.500000000e-02, 1.148511443e+00, 1.171481672e+02, 1.307956220e+02, -8.719708136e+01, 2.542174262e+05
4144, 6.000000000e-02, 1.000000000e-02, 1.666666667e-02, 1.148511443e+00, 1.171481672e+02, 1.453284689e+02, -8.719708136e+01, 2.559644132e+05
4145, 6.000000000e-02, 1.000000000e-02, 1.833333333e-02, 1.148511443e+00, 1.171481672e+02, 1.598613158e+02, -8.719708136e+01, 2.578952935e+05
4146, 6.000000000e-02, 1.000000000e-02, 2.000000000e-02, 1.148511443e+00, 1.171481672e+02, 1.743941627e+02, -8.719708136e+01, 2.600100673e+05
4147, 6.000000000e-02, 1.166666667e-02, 0.000000000e+00, 1.148511443e+00, 1.171481672e+02, 0.000000000e+00, -1.017299283e+02, 2.479650516e+05
4148, 6.000000000e-02, 1.166666667e-02, 1.666666667e-03, 1.148511443e+00, 1.171481672e+02, 1.453284689e+01, -1.017299283e+02, 2.480569983e+05
4149, 6.000000000e-02, 1.166666667e-02, 3.333333333e-03, 1.148511443e+00, 1.171481672e+02, 2.906569379e+01, -1.017299283e+02, 2.483328384e+05
4150, 6.000000000e-02, 1.166666667e-02, 5.000000000e-03, 1.148511443e+00, 1.171481672e+02, 4.359854068e+01, -1.017299283e+02, 2.487925718e+05
4151, 6.000000000e-02, 1.166666667e-02, 6.666666667e-03, 1.148511443e+00, 1.171481672e+02, 5.813138757e+01, -1.017299283e+02, 2.494361986e+05
4152, 6.000000000e-02, 1.166666667e-02, 8.333333333e-03, 1.148511443e+00, 1.171481672e+02, 7.266423447e+01, -1.017299283e+02, 2.502637187e+05
4153, 6.000000000e-02, 1.166666667e-02, 1.000000000e-02, 1.148511443e+00, 1.171481672e+02, 8.719708136e+01, -1.017299283e+02, 2.512751323e+05
4154, 6.000000000e-02, 1.166666667e-02, 1.166666667e-02, 1.148511443e+00, 1.171481672e+02, 1.017299283e+02, -1.017299283e+02, 2.524704392e+05
4155, 6.000000000e-02, 1.166666667e-02, 1.333333333e-02, 1.148511443e+00, 1.171481672e+02, 1.162627751e+02, -1.017299283e+02, 2.538496394e+05
4156, 6.000000000e-02, 1.166666667e-02, 1.500000000e-02, 1.148511443e+00, 1.171481672e+02, 1.307956220e+02, -1.017299283e+02, 2.554127331e+05
4157, 6.000000000e-02, 1.166666667e-02, 1.666666667e-02, 1.148511443e+00, 1.171481672e+02, 1.453284689e+02, -1.017299283e+02, 2.571597201e+05
4158, 6.000000000e-02, 1.166666667e-02, 1.833333333e-02, 1.148511443e+00, 1.171481672e+02, 1.598613158e+02, -1.017299283e+02, 2.590906004e+05
4159, 6.000000000e-02, 1.166666667e-02, 2.000000000e-02, 1.148511443e+00, 1.171481672e+02, 1.743941627e+02, -1.017299283e+02, 2.612053742e+05
4160, 6.000000000e-02, 1.333333333e-02, 0.000000000e+00, 1.148511443e+00, 1.171481672e+02, 0.000000000e+00, -1.162627751e+02, 2.493442519e+05
4161, 6.000000000e-02, 1.333333333e-02, 1.666666667e-03, 1.148511443e+00, 1.171481672e+02, 1.453284689e+01, -1.162627751e+02, 2.494361986e+05
4162, 6.000000000e-02, 1.333333333e-02, 3.333333333e-03, 1.148511443e+00, 1.171481672e+02, 2.906569379e+01, -1.162627751e+02, 2.497120386e+05
4163, 6.000000000e-02, 1.333333333e-02, 5.000000000e-03, 1.148511443e+00, 1.171481672e+02, 4.359854068e+01, -1.162627751e+02, 2.501717720e+05
4164, 6.000000000e-02, 1.333333333e-02, 6.666666667e-03, 1.148511443e+00, 1.171481672e+02, 5.813138757e+01, -1.162627751e+02, 2.508153988e+05
4165, 6.000000000e-02, 1.333333333e-02, 8.333333333e-03, 1.148511443e+00, 1.171481672e+02, 7.266423447e+01, -1.162627751e+02, 2.516429190e+05
4166, 6.000000000e-02, 1.333333333e-02, 1.000000000e-02, 1.148511443e+00, 1.171481672e+02, 8.719708136e+01, -1.162627751e+02, 2.526543325e+05
4167, 6.000000000e-02, 1.333333333e-02, 1.166666667e-02, 1.148511443e+00, 1.171481672e+02, 1.017299283e+02, -1.162627751e+02, 2.538496394e+05
4168, 6.000000000e-02, 1.333333333e-02, 1.333333333e-02, 1.148511443e+00, 1.171481672e+02, 1.162627751e+02, -1.162627751e+02, 2.552288397e+05
4169, 6.000000000e-02, 1.333333333e-02, 1.500000000e-02, 1.148511443e+00, 1.171481672e+02, 1.307956220e+02, -1.162627751e+02, 2.567919333e+05
4170, 6.000000000e-02, 1.333333333e-02, 1.666666667e-02, 1.148511443e+00, 1.171481672e+02, 1.453284689e+02, -1.162627751e+02, 2.585389203e+05
4171, 6.000000000e-02, 1.333333333e-02, 1.833333333e-02, 1.148511443e+00, 1.171481672e+02, 1.598613158e+02, -1.162627751e+02, 2.604698007e+05
4172, 6.000000000e-02, 1.333333333e-02, 2.000000000e-02, 1.148511443e+00, 1.171481672e+02, 1.743941627e+02, -1.162627751e+02, 2.625845745e+05
4173, 6.000000000e-02, 1.500000000e-02, 0.000000000e+00, 1.148511443e+00, 1.171481672e+02, 0.000000000e+00, -1.307956220e+02, 2.509073455e+05
4174, 6.000000000e-02, 1.500000000e-02, 1.666666667e-03, 1.148511443e+00, 1.171481672e+02, 1.453284689e+01, -1.307956220e+02, 2.509992922e+05
4175, 6.000000000e-02, 1.500000000e-02, 3.333333333e-03, 1.148511443e+00, 1.171481672e+02, 2.906569379e+01, -1.307956220e+02, 2.512751323e+05
4176, 6.000000000e-02, 1.500000000e-02, 5.000000000e-03, 1.148511443e+00, 1.171481672e+02, 4.359854068e+01, -1.307956220e+02, 2.517348657e+05
4177, 6.000000000e-02, 1.500000000e-02, 6.666666667e-03, 1.148511443e+00, 1.171481672e+02, 5.813138757e+01, -1.307956220e+02, 2.523784925e+05
4178, 6.000000000e-02, 1.500000000e-02, 8.333333333e-03, 1.148511443e+00, 1.171481672e+02, 7.266423447e+01, -1.307956220e+02, 2.532060126e+05
4179, 6.000000000e-02, 1.500000000e-02, 1.000000000e-02, 1.148511443e+00, 1.171481672e+02, 8.719708136e+01, -1.307956220e+02, 2.542174262e+05
4180, 6.000000000e-02, 1.500000000e-02, 1.166666667e-02, 1.148511443e+00, 1.171481672e+02, 1.017299283e+02, -1.307956220e+02, 2.554127331e+05
4181, 6.000000000e-02, 1.500000000e-02, 1.333333333e-02, 1.148511443e+00, 1.171481672e+02, 1.162627751e+02, -1.307956220e+02, 2.567919333e+05
4182, 6.000000000e-02, 1.500000000e-02, 1.500000000e-02, 1.148511443e+00, 1.171481672e+02, 1.307956220e+02, -1.307956220e+02, 2.583550270e+05
4183, 6.000000000e-02, 1.500000000e-02, 1.666666667e-02, 1.148511443e+00, 1.171481672e+02, 1.453284689e+02, -1.307956220e+02, 2.601020140e+05
4184, 6.000000000e-02, 1.500000000e-02, 1.833333333e-02, 1.148511443e+00, 1.171481672e+02, 1.598613158e+02, -1.307956220e+02, 2.620328944e+05
4185, 6.000000000e-02, 1.500000000e-02, 2.000000000e-02, 1.148511443e+00, 1.171481672e+02, 1.743941627e+02, -1.307956220e+02, 2.641476681e+05
4186, 6.000000000e-02, 1.666666667e-02, 0.000000000e+00, 1.148511443e+00, 1.171481672e+02, 0.000000000e+00, -1.453284689e+02, 2.526543325e+05
4187, 6.000000000e-02, 1.666666667e-02, 1.666666667e-03, 1.148511443e+00, 1.171481672e+02, 1.453284689e+01, -1.453284689e+02, 2.527462792e+05
4188, 6.000000000e-02, 1.666666667e-02, 3.333333333e-03, 1.148511443e+00, 1.171481672e+02, 2.906569379e+01, -1.453284689e+02, 2.530221193e+05
4189, 6.000000000e-02, 1.666666667e-02, 5.000000000e-03, 1.148511443e+00, 1.171481672e+02, 4.359854068e+01, -1.453284689e+02, 2.534818527e+05
4190, 6.000000000e-02, 1.666666667e-02, 6.666666667e-03, 1.148511443e+00, 1.171481672e+02, 5.813138757e+01, -1.453284689e+02, 2.541254795e+05
4191, 6.000000000e-02, 1.666666667e-02, 8.333333333e-03, 1.148511443e+00, 1.171481672e+02, 7.266423447e+01, -1.453284689e+02, 2.549529996e+05
4192, 6.000000000e-02, 1.666666667e-02, 1.000000000e-02, 1.148511443e+00, 1.171481672e+02, 8.719708136e+01, -1.453284689e+02, 2.559644132e+05
4193, 6.000000000e-02, 1.666666667e-02, 1.166666667e-02, 1.148511443e+00, 1.171481672e+02, 1.017299283e+02, -1.453284689e+02, 2.571597201e+05
4194, 6.000000000e-02, 1.666666667e-02, 1.333333333e-02, 1.148511443e+00, 1.171481672e+02, 1.162627751e+02, -1.453284689e+02, 2.585389203e+05
4195, 6.000000000e-02, 1.666666667e-02, 1.500000000e-02, 1.148511443e+00, 1.171481672e+02, 1.307956220e+02, -1.453284689e+02, 2.601020140e+05
4196, 6.000000000e-02, 1.666666667e-02, 1.666666667e-02, 1.148511443e+00, 1.171481672e+02, 1.453284689e+02, -1.453284689e+02, 2.618490010e+05
4197, 6.000000000e-02, 1.666666667e-02, 1.833333333e-02, 1.148511443e+00, 1.171481672e+02, 1.598613158e+02, -1.453284689e+02, 2.637798814e+05
4198, 6.000000000e-02, 1.666666667e-02, 2.000000000e-02, 1.148511443e+00, 1.171481672e+02, 1.743941627e+02, -1.453284689e+02, 2.658946551e+05
4199, 6.000000000e-02, 1.833333333e-02, 0.000000000e+00, 1.148511443e+00, 1.171481672e+02, 0.000000000e+00, -1.598613158e+02, 2.545852129e+05
4200, 6.000000000e-02, 1.833333333e-02, 1.666666667e-03, 1.148511443e+00, 1.171481672e+02, 1.453284689e+01, -1.598613158e+02, 2.546771596e+05
4201, 6.000000000e-02, 1.833333333e-02, 3.333333333e-03, 1.148511443e+00, 1.171481672e+02, 2.906569379e+01, -1.598613158e+02, 2.549529996e+05
4202, 6.000000000e-02, 1.833333333e-02, 5.000000000e-03, 1.148511443e+00, 1.171481672e+02, 4.359854068e+01, -1.598613158e+02, 2.554127331e+05
4203, 6.000000000e-02, 1.833333333e-02, 6.666666667e-03, 1.148511443e+00, 1.171481672e+02, 5.813138757e+01, -1.598613158e+02, 2.560563599e+05
4204, 6.000000000e-02, 1.833333333e-02, 8.333333333e-03, 1.148511443e+00, 1.171481672e+02, 7.266423447e+01, -1.598613158e+02, 2.568838800e+05
4205, 6.000000000e-02, 1.833333333e-02, 1.000000000e-02, 1.148511443e+00, 1.171481672e+02, 8.719708136e+01, -1.598613158e+02, 2.578952935e+05
4206, 6.000000000e-02, 1.833333333e-02, 1.166666667e-02, 1.148511443e+00, 1.171481672e+02, 1.017299283e+02, -1.598613158e+02, 2.590906004e+05
4207, 6.000000000e-02, 1.833333333e-02, 1.333333333e-02, 1.148511443e+00, 1.171481672e+02, 1.162627751e+02, -1.598613158e+02, 2.604698007e+05
4208, 6.000000000e-02, 1.833333333e-02, 1.500000000e-02, 1.148511443e+00, 1.171481672e+02, 1.307956220e+02, -1.598613158e+02, 2.620328944e+05
4209, 6.000000000e-02, 1.833333333e-02, 1.666666667e-02, 1.148511443e+00, 1.171481672e+02, 1.453284689e+02, -1.598613158e+02, 2.637798814e+05
4210, 6.000000000e-02, 1.833333333e-02, 1.833333333e-02, 1.148511443e+00, 1.171481672e+02, 1.598613158e+02, -1.598613158e+02, 2.657107617e+05
4211, 6.000000000e-02, 1.833333333e-02, 2.000000000e-02, 1.148511443e+00, 1.171481672e+02, 1.743941627e+02, -1.598613158e+02, 2.678255355e+05
4212, 6.000000000e-02, 2.000000000e-02, 0.000000000e+00, 1.148511443e+00, 1.171481672e+02, 0.000000000e+00, -1.743941627e+02, 2.566999866e+05
4213, 6.000000000e-02, 2.000000000e-02, 1.666666667e-03, 1.148511443e+00, 1.171481672e+02, 1.453284689e+01, -1.743941627e+02, 2.567919333e+05
4214, 6.000000000e-02, 2.000000000e-02, 3.333333333e-03, 1.148511443e+00, 1.171481672e+02, 2.906569379e+01, -1.743941627e+02, 2.570677734e+05
4215, 6.000000000e-02, 2.000000000e-02, 5.000000000e-03, 1.148511443e+00, 1.171481672e+02, 4.359854068e+01, -1.743941627e+02, 2.575275068e+05
4216, 6.000000000e-02, 2.000000000e-02, 6.666666667e-03, 1.148511443e+00, 1.171481672e+02, 5.813138757e+01, -1.743941627e+02, 2.581711336e+05
4217, 6.000000000e-02, 2.000000000e-02, 8.333333333e-03, 1.148511443e+00, 1.171481672e+02, 7.266423447e+01, -1.743941627e+02, 2.589986538e+05
4218, 6.000000000e-02, 2.000000000e-02, 1.000000000e-02, 1.148511443e+00, 1.171481672e+02, 8.719708136e+01, -1.743941627e+02, 2.600100673e+05
4219, 6.000000000e-02, 2.000000000e-02, 1.166666667e-02, 1.148511443e+00, 1.171481672e+02, 1.017299283e+02, -1.743941627e+02, 2.612053742e+05
4220, 6.000000000e-02, 2.000000000e-02, 1.333333333e-02, 1.148511443e+00, 1.171481672e+02, 1.162627751e+02, -1.743941627e+02, 2.625845745e+05
4221, 6.000000000e-02, 2.000000000e-02, 1.500000000e-02, 1.148511443e+00, 1.171481672e+02, 1.307956220e+02, -1.743941627e+02, 2.641476681e+05
4222, 6.000000000e-02, 2.000000000e-02, 1.666666667e-02, 1.148511443e+00, 1.171481672e+02, 1.453284689e+02, -1.743941627e+02, 2.658946551e+05
4223, 6.000000000e-02, 2.000000000e-02, 1.833333333e-02, 1.148511443e+00, 1.171481672e+02, 1.598613158e+02, -1.743941627e+02, 2.678255355e+05
4224, 6.000000000e-02, 2.000000000e-02, 2.000000000e-02, 1.148511443e+00, 1.171481672e+02, 1.743941627e+02, -1.743941627e+02, 2.699403092e+05
4225, 6.250000000e-02, 0.000000000e+00, 0.000000000e+00, 1.148511443e+00, 1.171481672e+02, 0.000000000e+00, 0.000000000e+00, 2.434596641e+05
4226, 6.250000000e-02, 0.000000000e+00, 1.666666667e-03, 1.148511443e+00, 1.171481672e+02, 1.453284689e+01, 0.000000000e+00, 2.435516108e+05
4227, 6.250000000e-02, 0.000000000e+00, 3.333333333e-03, 1.148511443e+00, 1.171481672e+02, 2.906569379e+01, 0.000000000e+00, 2.438274508e+05
4228, 6.250000000e-02, 0.000000000e+00, 5.000000000e-03, 1.148511443e+00, 1.171481672e+02, 4.359854068e+01, 0.000000000e+00, 2.442871842e+05
4229, 6.250000000e-02, 0.000000000e+00, 6.666666667e-03, 1.148511443e+00, 1.171481672e+02, 5.813138757e+01, 0.000000000e+00, 2.449308110e+05
4230, 6.250000000e-02, 0.000000000e+00, 8.333333333e-03, 1.148511443e+00, 1.171481672e+02, 7.266423447e+01, 0.000000000e+00, 2.457583312e+05
4231, 6.250000000e-02, 0.000000000e+00, 1.000000000e-02, 1.148511443e+00, 1.171481672e+02, 8.719708136e+01, 0.000000000e+00, 2.467697447e+05
4232, 6.250000000e-02, 0.000000000e+00, 1.166666667e-02, 1.148511443e+00, 1.171481672e+02, 1.017299283e+02, 0.000000000e+00, 2.479650516e+05
4233, 6.250000000e-02, 0.000000000e+00, 1.333333333e-02, 1.148511443e+00, 1.171481672e+02, 1.162627751e+02, 0.000000000e+00, 2.493442519e+05
4234, 6.250000000e-02, 0.000000000e+00, 1.500000000e-02, 1.148511443e+00, 1.171481672e+02, 1.307956220e+02, 0.000000000e+00, 2.509073455e+05
4235, 6.250000000e-02, 0.000000000e+00, 1.666666667e-02, 1.148511443e+00, 1.171481672e+02, 1.453284689e+02, 0.000000000e+00, 2.526543325e+05
4236, 6.250000000e-02, 0.000000000e+00, 1.833333333e-02, 1.148511443e+00, 1.171481672e+02, 1.598613158e+02, 0.000000000e+00, 2.545852129e+05
4237, 6.250000000e-02, 0.000000000e+00, 2.000000000e-02, 1.148511443e+00, 1.171481672e+02, 1.743941627e+02, 0.000000000e+00, 2.566999866e+05
4238, 6.250000000e-02, 1.666666667e-03, 0.000000000e+00, 1.148511443e+00, 1.171481672e+02, 0.000000000e+00, -1.453284689e+01, 2.435516108e+05
4239, 6.250000000e-02, 1.666666667e-03, 1.666666667e-03, 1.148511443e+00, 1.171481672e+02, 1.453284689e+01, -1.453284689e+01, 2.436435574e+05
4240, 6.250000000e-02, 1.666666667e-03, 3.333333333e-03, 1.148511443e+00, 1.171481672e+02, 2.906569379e+01, -1.453284689e+01, 2.439193975e+05
4241, 6.250000000e-02, 1.666666667e-03, 5.000000000e-03, 1.148511443e+00, 1.171481672e+02, 4.359854068e+01, -1.453284689e+01, 2.443791309e+05
4242, 6.250000000e-02, 1.666666667e-03, 6.666666667e-03, 1.148511443e+00, 1.171481672e+02, 5.813138757e+01, -1.453284689e+01, 2.450227577e+05
4243, 6.250000000e-02, 1.666666667e-03, 8.333333333e-03, 1.148511443e+00, 1.171481672e+02, 7.266423447e+01, -1.453284689e+01, 2.458502779e+05
4244, 6.250000000e-02, 1.666666667e-03, 1.000000000e-02, 1.148511443e+00, 1.171481672e+02, 8.719708136e+01, -1.453284689e+01, 2.468616914e+05
4245, 6.250000000e-02, 1.666666667e-03, 1.166666667e-02, 1.148511443e+00, 1.171481672e+02, 1.017299283e+02, -1.453284689e+01, 2.480569983e+05
4246, 6.250000000e-02, 1.666666667e-03, 1.333333333e-02, 1.148511443e+00, 1.171481672e+02, 1.162627751e+02, -1.453284689e+01, 2.494361986e+05
4247, 6.250000000e-02, 1.666666667e-03, 1.500000000e-02, 1.148511443e+00, 1.171481672e+02, 1.307956220e+02, -1.453284689e+01, 2.509992922e+05
4248, 6.250000000e-02, 1.666666667e-03, 1.666666667e-02, 1.148511443e+00, 1.171481672e+02, 1.453284689e+02, -1.453284689e+01, 2.527462792e+05
4249, 6.250000000e-02, 1.666666667e-03, 1.833333333e-02, 1.148511443e+00, 1.171481672e+02, 1.598613158e+02, -1.453284689e+01, 2.546771596e+05
4250, 6.250000000e-02, 1.666666667e-03, 2.000000000e-02, 1.148511443e+00, 1.171481672e+02, 1.743941627e+02, -1.453284689e+01, 2.567919333e+05
4251, 6.250000000e-02, 3.333333333e-03, 0.000000000e+00, 1.148511443e+00, 1.171481672e+02, 0.000000000e+00, -2.906569379e+01, 2.438274508e+05
4252, 6.250000000e-02, 3.333333333e-03, 1.666666667e-03, 1.148511443e+00, 1.171481672e+02, 1.453284689e+01, -2.906569379e+01, 2.439193975e+05
4253, 6.250000000e-02, 3.333333333e-03, 3.333333333e-03, 1.148511443e+00, 1.171481672e+02, 2.906569379e+01, -2.906569379e+01, 2.441952375e+05
4254, 6.250000000e-02, 3.333333333e-03, 5.000000000e-03, 1.148511443e+00, 1.171481672e+02, 4.359854068e+01, -2.906569379e+01, 2.446549710e+05
4255, 6.250000000e-02, 3.333333333e-03, 6.666666667e-03, 1.148511443e+00, 1.171481672e+02, 5.813138757e+01, -2.906569379e+01, 2.452985978e+05
4256, 6.250000000e-02, 3.333333333e-03, 8.333333333e-03, 1.148511443e+00, 1.171481672e+02, 7.266423447e+01, -2.906569379e+01, 2.461261179e+05
4257, 6.250000000e-02, 3.333333333e-03, 1.000000000e-02, 1.148511443e+00, 1.171481672e+02, 8.719708136e+01, -2.906569379e+01, 2.471375315e+05
4258, 6.250000000e-02, 3.333333333e-03, 1.166666667e-02, 1.148511443e+00, 1.171481672e+02, 1.017299283e+02, -2.906569379e+01, 2.483328384e+05
4259, 6.250000000e-02, 3.333333333e-03, 1.333333333e-02, 1.148511443e+00, 1.171481672e+02, 1.162627751e+02, -2.906569379e+01, 2.497120386e+05
4260, 6.250000000e-02, 3.333333333e-03, 1.500000000e-02, 1.148511443e+00, 1.171481672e+02, 1.307956220e+02, -2.906569379e+01, 2.512751323e+05
4261, 6.250000000e-02, 3.333333333e-03, 1.666666667e-02, 1.148511443e+00, 1.171481672e+02, 1.453284689e+02, -2.906569379e+01, 2.530221193e+05
4262, 6.250000000e-02, 3.333333333e-03, 1.833333333e-02, 1.148511443e+00, 1.171481672e+02, 1.598613158e+02, -2.906569379e+01, 2.549529996e+05
4263, 6.250000000e-02, 3.333333333e-03, 2.000000000e-02, 1.148511443e+00, 1.171481672e+02, 1.743941627e+02, -2.906569379e+01, 2.570677734e+05
4264, 6.250000000e-02, 5.000000000e-03, 0.000000000e+00, 1.148511443e+00, 1.171481672e+02, 0.000000000e+00, -4.359854068e+01, 2.442871842e+05
4265, 6.250000000e-02, 5.000000000e-03, 1.666666667e-03, 1.148511443e+00, 1.171481672e+02, 1.453284689e+01, -4.359854068e+01, 2.443791309e+05
4266, 6.250000000e-02, 5.000000000e-03, 3.333333333e-03, 1.148511443e+00, 1.171481672e+02, 2.906569379e+01, -4.359854068e+01, 2.446549710e+05
4267, 6.250000000e-02, 5.000000000e-03, 5.000000000e-03, 1.148511443e+00, 1.171481672e+02, 4.359854068e+01, -4.359854068e+01, 2.451147044e+05
4268, 6.250000000e-02, 5.000000000e-03, 6.666666667e-03, 1.148511443e+00, 1.171481672e+02, 5.813138757e+01, -4.359854068e+01, 2.457583312e+05
4269, 6.250000000e-02, 5.000000000e-03, 8.333333333e-03, 1.148511443e+00, 1.171481672e+02, 7.266423447e+01, -4.359854068e+01, 2.465858513e+05
4270, 6.250000000e-02, 5.000000000e-03, 1.000000000e-02, 1.148511443e+00, 1.171481672e+02, 8.719708136e+01, -4.359854068e+01, 2.475972649e+05
4271, 6.250000000e-02, 5.000000000e-03, 1.166666667e-02, 1.148511443e+00, 1.171481672e+02, 1.017299283e+02, -4.359854068e+01, 2.487925718e+05
4272, 6.250000000e-02, 5.000000000e-03, 1.333333333e-02, 1.148511443e+00, 1.171481672e+02, 1.162627751e+02, -4.359854068e+01, 2.501717720e+05
4273, 6.250000000e-02, 5.000000000e-03, 1.500000000e-02, 1.148511443e+00, 1.171481672e+02, 1.307956220e+02, -4.359854068e+01, 2.517348657e+05
4274, 6.250000000e-02, 5.000000000e-03, 1.666666667e-02, 1.148511443e+00, 1.171481672e+02, 1.453284689e+02, -4.359854068e+01, 2.534818527e+05
4275, 6.250000000e-02, 5.000000000e-03, 1.833333333e-02, 1.148511443e+00, 1.171481672e+02, 1.598613158e+02, -4.359854068e+01, 2.554127331e+05
4276, 6.250000000e-02, 5.000000000e-03, 2.000000000e-02, 1.148511443e+00, 1.171481672e+02, 1.743941627e+02, -4.359854068e+01, 2.575275068e+05
4277, 6.250000000e-02, 6.666666667e-03, 0.000000000e+00, 1.148511443e+00, 1.171481672e+02, 0.000000000e+00, -5.813138757e+01, 2.449308110e+05
4278, 6.250000000e-02, 6.666666667e-03, 1.666666667e-03, 1.148511443e+00, 1.171481672e+02, 1.453284689e+01, -5.813138757e+01, 2.450227577e+05
4279, 6.250000000e-02, 6.666666667e-03, 3.333333333e-03, 1.148511443e+00, 1.171481672e+02, 2.906569379e+01, -5.813138757e+01, 2.452985978e+05
4280, 6.250000000e-02, 6.666666667e-03, 5.000000000e-03, 1.148511443e+00, 1.171481672e+02, 4.359854068e+01, -5.813138757e+01, 2.457583312e+05
4281, 6.250000000e-02, 6.666666667e-03, 6.666666667e-03, 1.148511443e+00, 1.171481672e+02, 5.813138757e+01, -5.813138757e+01, 2.464019580e+05
4282, 6.250000000e-02, 6.666666667e-03, 8.333333333e-03, 1.148511443e+00, 1.171481672e+02, 7.266423447e+01, -5.813138757e+01, 2.472294781e+05
4283, 6.250000000e-02, 6.666666667e-03, 1.000000000e-02, 1.148511443e+00, 1.171481672e+02, 8.719708136e+01, -5.813138757e+01, 2.482408917e+05
4284, 6.250000000e-02, 6.666666667e-03, 1.166666667e-02, 1.148511443e+00, 1.171481672e+02, 1.017299283e+02, -5.813138757e+01, 2.494361986e+05
4285, 6.250000000e-02, 6.666666667e-03, 1.333333333e-02, 1.148511443e+00, 1.171481672e+02, 1.162627751e+02, -5.813138757e+01, 2.508153988e+05
4286, 6.250000000e-02, 6.666666667e-03, 1.500000000e-02, 1.148511443e+00, 1.171481672e+02, 1.307956220e+02, -5.813138757e+01, 2.523784925e+05
4287, 6.250000000e-02, 6.666666667e-03, 1.666666667e-02, 1.148511443e+00, 1.171481672e+02, 1.453284689e+02, -5.813138757e+01, 2.541254795e+05
4288, 6.250000000e-02, 6.666666667e-03, 1.833333333e-02, 1.148511443e+00, 1.171481672e+02, 1.598613158e+02, -5.813138757e+01, 2.560563599e+05
4289, 6.250000000e-02, 6.666666667e-03, 2.000000000e-02, 1.148511443e+00, 1.171481672e+02, 1.743941627e+02, -5.813138757e+01, 2.581711336e+05
4290, 6.250000000e-02, 8.333333333e-03, 0.000000000e+00, 1.148511443e+00, 1.171481672e+02, 0.000000000e+00, -7.266423447e+01, 2.457583312e+05
4291, 6.250000000e-02, 8.333333333e-03, 1.666666667e-03, 1.148511443e+00, 1.171481672e+02, 1.453284689e+01, -7.266423447e+01, 2.458502779e+05
4292, 6.250000000e-02, 8.333333333e-03, 3.333333333e-03, 1.148511443e+00, 1.171481672e+02, 2.906569379e+01, -7.266423447e+01, 2.461261179e+05
4293, 6.250000000e-02, 8.333333333e-03, 5.000000000e-03, 1.148511443e+00, 1.171481672e+02, 4.359854068e+01, -7.266423447e+01, 2.465858513e+05
4294, 6.250000000e-02, 8.333333333e-03, 6.666666667e-03, 1.148511443e+00, 1.171481672e+02, 5.813138757e+01, -7.266423447e+01, 2.472294781e+05
4295, 6.250000000e-02, 8.333333333e-03, 8.333333333e-03, 1.148511443e+00, 1.171481672e+02, 7.266423447e+01, -7.266423447e+01, 2.480569983e+05
4296, 6.250000000e-02, 8.333333333e-03, 1.000000000e-02, 1.148511443e+00, 1.171481672e+02, 8.719708136e+01, -7.266423447e+01, 2.490684118e+05
4297, 6.250000000e-02, 8.333333333e-03, 1.166666667e-02, 1.148511443e+00, 1.171481672e+02, 1.017299283e+02, -7.266423447e+01, 2.502637187e+05
4298, 6.250000000e-02, 8.333333333e-03, 1.333333333e-02, 1.148511443e+00, 1.171481672e+02, 1.162627751e+02, -7.266423447e+01, 2.516429190e+05
4299, 6.250000000e-02, 8.333333333e-03, 1.500000000e-02, 1.148511443e+00, 1.171481672e+02, 1.307956220e+02, -7.266423447e+01, 2.532060126e+05
4300, 6.250000000e-02, 8.333333333e-03, 1.666666667e-02, 1.148511443e+00, 1.171481672e+02, 1.453284689e+02, -7.266423447e+01, 2.549529996e+05
4301, 6.250000000e-02, 8.333333333e-03, 1.833333333e-02, 1.148511443e+00, 1.171481672e+02, 1.598613158e+02, -7.266423447e+01, 2.568838800e+05
4302, 6.250000000e-02, 8.333333333e-03, 2.000000000e-02, 1.148511443e+00, 1.171481672e+02, 1.743941627e+02, -7.266423447e+01, 2.589986538e+05
4303, 6.250000000e-02, 1.000000000e-02, 0.000000000e+00, 1.148511443e+00, 1.171481672e+02, 0.000000000e+00, -8.719708136e+01, 2.467697447e+05
4304, 6.250000000e-02, 1.000000000e-02, 1.666666667e-03, 1.148511443e+00, 1.171481672e+02, 1.453284689e+01, -8.719708136e+01, 2.468616914e+05
4305, 6.250000000e-02, 1.000000000e-02, 3.333333333e-03, 1.148511443e+00, 1.171481672e+02, 2.906569379e+01, -8.719708136e+01, 2.471375315e+05
4306, 6.250000000e-02, 1.000000000e-02, 5.000000000e-03, 1.148511443e+00, 1.171481672e+02, 4.359854068e+01, -8.719708136e+01, 2.475972649e+05
4307, 6.250000000e-02, 1.000000000e-02, 6.666666667e-03, 1.148511443e+00, 1.171481672e+02, 5.813138757e+01, -8.719708136e+01, 2.482408917e+05
4308, 6.250000000e-02, 1.000000000e-02, 8.333333333e-03, 1.148511443e+00, 1.171481672e+02, 7.266423447e+01, -8.719708136e+01, 2.490684118e+05
4309, 6.250000000e-02, 1.000000000e-02, 1.000000000e-02, 1.148511443e+00, 1.171481672e+02, 8.719708136e+01, -8.719708136e+01, 2.500798254e+05
4310, 6.250000000e-02, 1.000000000e-02, 1.166666667e-02, 1.148511443e+00, 1.171481672e+02, 1.017299283e+02, -8.719708136e+01, 2.512751323e+05
4311, 6.250000000e-02, 1.000000000e-02, 1.333333333e-02, 1.148511443e+00, 1.171481672e+02, 1.162627751e+02, -8.719708136e+01, 2.526543325e+05
4312, 6.250000000e-02, 1.000000000e-02, 1.500000000e-02, 1.148511443e+00, 1.171481672e+02, 1.307956220e+02, -8.719708136e+01, 2.542174262e+05
4313, 6.250000000e-02, 1.000000000e-02, 1.666666667e-02, 1.148511443e+00, 1.171481672e+02, 1.453284689e+02, -8.719708136e+01, 2.559644132e+05
4314, 6.250000000e-02, 1.000000000e-02, 1.833333333e-02, 1.148511443e+00, 1.171481672e+02, 1.598613158e+02, -8.719708136e+01, 2.578952935e+05
4315, 6.250000000e-02, 1.000000000e-02, 2.000000000e-02, 1.148511443e+00, 1.171481672e+02, 1.743941627e+02, -8.719708136e+01, 2.600100673e+05
4316, 6.250000000e-02, 1.166666667e-02, 0.000000000e+00, 1.148511443e+00, 1.171481672e+02, 0.000000000e+00, -1.017299283e+02, 2.479650516e+05
4317, 6.250000000e-02, 1.166666667e-02, 1.666666667e-03, 1.148511443e+00, 1.171481672e+02, 1.453284689e+01, -1.017299283e+02, 2.480569983e+05
4318, 6.250000000e-02, 1.166666667e-02, 3.333333333e-03, 1.148511443e+00, 1.171481672e+02, 2.906569379e+01, -1.017299283e+02, 2.483328384e+05
4319, 6.250000000e-02, 1.166666667e-02, 5.000000000e-03, 1.148511443e+00, 1.171481672e+02, 4.359854068e+01, -1.017299283e+02, 2.487925718e+05
4320, 6.250000000e-02, 1.166666667e-02, 6.666666667e-03, 1.148511443e+00, 1.171481672e+02, 5.813138757e+01, -1.017299283e+02, 2.494361986e+05
4321, 6.250000000e-02, 1.166666667e-02, 8.333333333e-03, 1.148511443e+00, 1.171481672e+02, 7.266423447e+01, -1.017299283e+02, 2.502637187e+05
4322, 6.250000000e-02, 1.166666667e-02, 1.000000000e-02, 1.148511443e+00, 1.171481672e+02, 8.719708136e+01, -1.017299283e+02, 2.512751323e+05
4323, 6.250000000e-02, 1.166666667e-02, 1.166666667e-02, 1.148511443e+00, 1.171481672e+02, 1.017299283e+02, -1.017299283e+02, 2.524704392e+05
4324, 6.250000000e-02, 1.166666667e-02, 1.333333333e-02, 1.148511443e+00, 1.171481672e+02, 1.162627751e+02, -1.017299283e+02, 2.538496394e+05
4325, 6.250000000e-02, 1.166666667e-02, 1.500000000e-02, 1.148511443e+00, 1.171481672e+02, 1.307956220e+02, -1.017299283e+02, 2.554127331e+05
4326, 6.250000000e-02, 1.166666667e-02, 1.666666667e-02, 1.148511443e+00, 1.171481672e+02, 1.453284689e+02, -1.017299283e+02, 2.571597201e+05
4327, 6.250000000e-02, 1.166666667e-02, 1.833333333e-02, 1.148511443e+00, 1.171481672e+02, 1.598613158e+02, -1.017299283e+02, 2.590906004e+05
4328, 6.250000000e-02, 1.166666667e-02, 2.000000000e-02, 1.148511443e+00, 1.171481672e+02, 1.743941627e+02, -1.017299283e+02, 2.612053742e+05
4329, 6.250000000e-02, 1.333333333e-02, 0.000000000e+00, 1.148511443e+00, 1.171481672e+02, 0.000000000e+00, -1.162627751e+02, 2.493442519e+05
4330, 6.250000000e-02, 1.333333333e-02, 1.666666667e-03, 1.148511443e+00, 1.171481672e+02, 1.453284689e+01, -1.162627751e+02, 2.494361986e+05
4331, 6.250000000e-02, 1.333333333e-02, 3.333333333e-03, 1.148511443e+00, 1.171481672e+02, 2.906569379e+01, -1.162627751e+02, 2.497120386e+05
4332, 6.250000000e-02, 1.333333333e-02, 5.000000000e-03, 1.148511443e+00, 1.171481672e+02, 4.359854068e+01, -1.162627751e+02, 2.501717720e+05
4333, 6.250000000e-02, 1.333333333e-02, 6.666666667e-03, 1.148511443e+00, 1.171481672e+02, 5.813138757e+01, -1.162627751e+02, 2.508153988e+05
4334, 6.250000000e-02, 1.333333333e-02, 8.333333333e-03, 1.148511443e+00, 1.171481672e+02, 7.266423447e+01, -1.162627751e+02, 2.516429190e+05
4335, 6.250000000e-02, 1.333333333e-02, 1.000000000e-02, 1.148511443e+00, 1.171481672e+02, 8.719708136e+01, -1.162627751e+02, 2.526543325e+05
4336, 6.250000000e-02, 1.333333333e-02, 1.166666667e-02, 1.148511443e+00, 1.171481672e+02, 1.017299283e+02, -1.162627751e+02, 2.538496394e+05
4337, 6.250000000e-02, 1.333333333e-02, 1.333333333e-02, 1.148511443e+00, 1.171481672e+02, 1.162627751e+02, -1.162627751e+02, 2.552288397e+05
4338, 6.250000000e-02, 1.333333333e-02, 1.500000000e-02, 1.148511443e+00, 1.171481672e+02, 1.307956220e+02, -1.162627751e+02, 2.567919333e+05
4339, 6.250000000e-02, 1.333333333e-02, 1.666666667e-02, 1.148511443e+00, 1.171481672e+02, 1.453284689e+02, -1.162627751e+02, 2.585389203e+05
4340, 6.250000000e-02, 1.333333333e-02, 1.833333333e-02, 1.148511443e+00, 1.171481672e+02, 1.598613158e+02, -1.162627751e+02, 2.604698007e+05
4341, 6.250000000e-02, 1.333333333e-02, 2.000000000e-02, 1.148511443e+00, 1.171481672e+02, 1.743941627e+02, -1.162627751e+02, 2.625845745e+05
4342, 6.250000000e-02, 1.500000000e-02, 0.000000000e+00, 1.148511443e+00, 1.171481672e+02, 0.000000000e+00, -1.307956220e+02, 2.509073455e+05
4343, 6.250000000e-02, 1.500000000e-02, 1.666666667e-03, 1.148511443e+00, 1.171481672e+02, 1.453284689e+01, -1.307956220e+02, 2.509992922e+05
4344, 6.250000000e-02, 1.500000000e-02, 3.333333333e-03, 1.148511443e+00, 1.171481672e+02, 2.906569379e+01, -1.307956220e+02, 2.512751323e+05
4345, 6.250000000e-02, 1.500000000e-02, 5.000000000e-03, 1.148511443e+00, 1.171481672e+02, 4.359854068e+01, -1.307956220e+02, 2.517348657e+05
4346, 6.250000000e-02, 1.500000000e-02, 6.666666667e-03, 1.148511443e+00, 1.171481672e+02, 5.813138757e+01, -1.307956220e+02, 2.523784925e+05
4347, 6.250000000e-02, 1.500000000e-02, 8.333333333e-03, 1.148511443e+00, 1.171481672e+02, 7.266423447e+01, -1.307956220e+02, 2.532060126e+05
4348, 6.250000000e-02, 1.500000000e-02, 1.000000000e-02, 1.148511443e+00, 1.171481672e+02, 8.719708136e+01, -1.307956220e+02, 2.542174262e+05
4349, 6.250000000e-02, 1.500000000e-02, 1.166666667e-02, 1.148511443e+00, 1.171481672e+02, 1.017299283e+02, -1.307956220e+02, 2.554127331e+05
4350, 6.250000000e-02, 1.500000000e-02, 1.333333333e-02, 1.148511443e+00, 1.171481672e+02, 1.162627751e+02, -1.307956220e+02, 2.567919333e+05
4351, 6.250000000e-02, 1.500000000e-02, 1.500000000e-02, 1.148511443e+00, 1.171481672e+02, 1.307956220e+02, -1.307956220e+02, 2.583550270e+05
4352, 6.250000000e-02, 1.500000000e-02, 1.666666667e-02, 1.148511443e+00, 1.171481672e+02, 1.453284689e+02, -1.307956220e+02, 2.601020140e+05
4353, 6.250000000e-02, 1.500000000e-02, 1.833333333e-02, 1.148511443e+00, 1.171481672e+02, 1.598613158e+02, -1.307956220e+02, 2.620328944e+05
4354, 6.250000000e-02, 1.500000000e-02, 2.000000000e-02, 1.148511443e+00, 1.171481672e+02, 1.743941627e+02, -1.307956220e+02, 2.641476681e+05
4355, 6.250000000e-02, 1.666666667e-02, 0.000000000e+00, 1.148511443e+00, 1.171481672e+02, 0.000000000e+00, -1.453284689e+02, 2.526543325e+05
4356, 6.250000000e-02, 1.666666667e-02, 1.666666667e-03, 1.148511443e+00, 1.171481672e+02, 1.453284689e+01, -1.453284689e+02, 2.527462792e+05
4357, 6.250000000e-02, 1.666666667e-02, 3.333333333e-03, 1.148511443e+00, 1.171481672e+02, 2.906569379e+01, -1.453284689e+02, 2.530221193e+05
4358, 6.250000000e-02, 1.666666667e-02, 5.000000000e-03, 1.148511443e+00, 1.171481672e+02, 4.359854068e+01, -1.453284689e+02, 2.534818527e+05
4359, 6.250000000e-02, 1.666666667e-02, 6.666666667e-03, 1.148511443e+00, 1.171481672e+02, 5.813138757e+01, -1.453284689e+02, 2.541254795e+05
4360, 6.250000000e-02, 1.666666667e-02, 8.333333333e-03, 1.148511443e+00, 1.171481672e+02, 7.266423447e+01, -1.453284689e+02, 2.549529996e+05
4361, 6.250000000e-02, 1.666666667e-02, 1.000000000e-02, 1.148511443e+00, 1.171481672e+02, 8.719708136e+01, -1.453284689e+02, 2.559644132e+05
4362, 6.250000000e-02, 1.666666667e-02, 1.166666667e-02, 1.148511443e+00, 1.171481672e+02, 1.017299283e+02, -1.453284689e+02, 2.571597201e+05
4363, 6.250000000e-02, 1.666666667e-02, 1.333333333e-02, 1.148511443e+00, 1.171481672e+02, 1.162627751e+02, -1.453284689e+02, 2.585389203e+05
4364, 6.250000000e-02, 1.666666667e-02, 1.500000000e-02, 1.148511443e+00, 1.171481672e+02, 1.307956220e+02, -1.453284689e+02, 2.601020140e+05
4365, 6.250000000e-02, 1.666666667e-02, 1.666666667e-02, 1.148511443e+00, 1.171481672e+02, 1.453284689e+02, -1.453284689e+02, 2.618490010e+05
4366, 6.250000000e-02, 1.666666667e-02, 1.833333333e-02, 1.148511443e+00, 1.171481672e+02, 1.598613158e+02, -1.453284689e+02, 2.637798814e+05
4367, 6.250000000e-02, 1.666666667e-02, 2.000000000e-02, 1.148511443e+00, 1.171481672e+02, 1.743941627e+02, -1.453284689e+02, 2.658946551e+05
4368, 6.250000000e-02, 1.833333333e-02, 0.000000000e+00, 1.148511443e+00, 1.171481672e+02, 0.000000000e+00, -1.598613158e+02, 2.545852129e+05
4369, 6.250000000e-02, 1.833333333e-02, 1.666666667e-03, 1.148511443e+00, 1.171481672e+02, 1.453284689e+01, -1.598613158e+02, 2.546771596e+05
4370, 6.250000000e-02, 1.833333333e-02, 3.333333333e-03, 1.148511443e+00, 1.171481672e+02, 2.906569379e+01, -1.598613158e+02, 2.549529996e+05
4371, 6.250000000e-02, 1.833333333e-02, 5.000000000e-03, 1.148511443e+00, 1.171481672e+02, 4.359854068e+01, -1.598613158e+02, 2.554127331e+05
4372, 6.250000000e-02, 1.833333333e-02, 6.666666667e-03, 1.148511443e+00, 1.171481672e+02, 5.813138757e+01, -1.598613158e+02, 2.560563599e+05
4373, 6.250000000e-02, 1.833333333e-02, 8.333333333e-03, 1.148511443e+00, 1.171481672e+02, 7.266423447e+01, -1.598613158e+02, 2.568838800e+05
4374, 6.250000000e-02, 1.833333333e-02, 1.000000000e-02, 1.148511443e+00, 1.171481672e+02, 8.719708136e+01, -1.598613158e+02, 2.578952935e+05
4375, 6.250000000e-02, 1.833333333e-02, 1.166666667e-02, 1.148511443e+00, 1.171481672e+02, 1.017299283e+02, -1.598613158e+02, 2.590906004e+05
4376, 6.250000000e-02, 1.833333333e-02, 1.333333333e-02, 1.148511443e+00, 1.171481672e+02, 1.162627751e+02, -1.598613158e+02, 2.604698007e+05
4377, 6.250000000e-02, 1.833333333e-02, 1.500000000e-02, 1.148511443e+00, 1.171481672e+02, 1.307956220e+02, -1.598613158e+02, 2.620328944e+05
4378, 6.250000000e-02, 1.833333333e-02, 1.666666667e-02, 1.148511443e+00, 1.171481672e+02, 1.453284689e+02, -1.598613158e+02, 2.637798814e+05
4379, 6.250000000e-02, 1.833333333e-02, 1.833333333e-02, 1.148511443e+00, 1.171481672e+02, 1.598613158e+02, -1.598613158e+02, 2.657107617e+05
4380, 6.250000000e-02, 1.833333333e-02, 2.000000000e-02, 1.148511443e+00, 1.171481672e+02, 1.743941627e+02, -1.598613158e+02, 2.678255355e+05
4381, 6.250000000e-02, 2.000000000e-02, 0.000000000e+00, 1.148511443e+00, 1.171481672e+02, 0.000000000e+00, -1.743941627e+02, 2.566999866e+05
4382, 6.250000000e-02, 2.000000000e-02, 1.666666667e-03, 1.148511443e+00, 1.171481672e+02, 1.453284689e+01, -1.743941627e+02, 2.567919333e+05
4383, 6.250000000e-02, 2.000000000e-02, 3.333333333e-03, 1.148511443e+00, 1.171481672e+02, 2.906569379e+01, -1.743941627e+02, 2.570677734e+05
4384, 6.250000000e-02, 2.000000000e-02, 5.000000000e-03, 1.148511443e+00, 1.171481672e+02, 4.359854068e+01, -1.743941627e+02, 2.575275068e+05
4385, 6.250000000e-02, 2.000000000e-02, 6.666666667e-03, 1.148511443e+00, 1.171481672e+02, 5.813138757e+01, -1.743941627e+02, 2.581711336e+05
4386, 6.250000000e-02, 2.000000000e-02, 8.333333333e-03, 1.148511443e+00, 1.171481672e+02, 7.266423447e+01, -1.743941627e+02, 2.589986538e+05
4387, 6.250000000e-02, 2.000000000e-02, 1.000000000e-02, 1.148511443e+00, 1.171481672e+02, 8.719708136e+01, -1.743941627e+02, 2.600100673e+05
4388, 6.250000000e-02, 2.000000000e-02, 1.166666667e-02, 1.148511443e+00, 1.171481672e+02, 1.017299283e+02, -1.743941627e+02, 2.612053742e+05
4389, 6.250000000e-02, 2.000000000e-02, 1.333333333e-02, 1.148511443e+00, 1.171481672e+02, 1.162627751e+02, -1.743941627e+02, 2.625845745e+05
4390, 6.250000000e-02, 2.000000000e-02, 1.500000000e-02, 1.148511443e+00, 1.171481672e+02, 1.307956220e+02, -1.743941627e+02, 2.641476681e+05
4391, 6.250000000e-02, 2.000000000e-02, 1.666666667e-02, 1.148511443e+00, 1.171481672e+02, 1.453284689e+02, -1.743941627e+02, 2.658946551e+05
4392, 6.250000000e-02, 2.000000000e-02, 1.833333333e-02, 1.148511443e+00, 1.171481672e+02, 1.598613158e+02, -1.743941627e+02, 2.678255355e+05
4393, 6.250000000e-02, 2.000000000e-02, 2.000000000e-02, 1.148511443e+00, 1.171481672e+02, 1.743941627e+02, -1.743941627e+02, 2.699403092e+05
4394, 6.500000000e-02, 0.000000000e+00, 0.000000000e+00, 1.148511443e+00, 1.171481672e+02, 0.000000000e+00, 0.000000000e+00, 2.434596641e+05
4395, 6.500000000e-02, 0.000000000e+00, 1.666666667e-03, 1.148511443e+00, 1.171481672e+02, 1.453284689e+01, 0.000000000e+00, 2.435516108e+05
4396, 6.500000000e-02, 0.000000000e+00, 3.333333333e-03, 1.148511443e+00, 1.171481672e+02, 2.906569379e+01, 0.000000000e+00, 2.438274508e+05
4397, 6.500000000e-02, 0.000000000e+00, 5.000000000e-03, 1.148511443e+00, 1.171481672e+02, 4.359854068e+01, 0.000000000e+00, 2.442871842e+05
4398, 6.500000000e-02, 0.000000000e+00, 6.666666667e-03, 1.148511443e+00, 1.171481672e+02, 5.813138757e+01, 0.000000000e+00, 2.449308110e+05
4399, 6.500000000e-02, 0.000000000e+00, 8.333333333e-03, 1.148511443e+00, 1.171481672e+02, 7.266423447e+01, 0.000000000e+00, 2.457583312e+05
4400, 6.500000000e-02, 0.000000000e+00, 1.000000000e-02, 1.148511443e+00, 1.171481672e+02, 8.719708136e+01, 0.000000000e+00, 2.467697447e+05
4401, 6.500000000e-02, 0.000000000e+00, 1.166666667e-02, 1.148511443e+00, 1.171481672e+02, 1.017299283e+02, 0.000000000e+00, 2.479650516e+05
4402, 6.500000000e-02, 0.000000000e+00, 1.333333333e-02, 1.148511443e+00, 1.171481672e+02, 1.162627751e+02, 0.000000000e+00, 2.493442519e+05
4403, 6.500000000e-02, 0.000000000e+00, 1.500000000e-02, 1.148511443e+00, 1.171481672e+02, 1.307956220e+02, 0.000000000e+00, 2.509073455e+05
4404, 6.500000000e-02, 0.000000000e+00, 1.666666667e-02, 1.148511443e+00, 1.171481672e+02, 1.453284689e+02, 0.000000000e+00, 2.526543325e+05
4405, 6.500000000e-02, 0.000000000e+00, 1.833333333e-02, 1.148511443e+00, 1.171481672e+02, 1.598613158e+02, 0.000000000e+00, 2.545852129e+05
4406, 6.500000000e-02, 0.000000000e+00, 2.000000000e-02, 1.148511443e+00, 1.171481672e+02, 1.743941627e+02, 0.000000000e+00, 2.566999866e+05
4407, 6.500000000e-02, 1.666666667e-03, 0.000000000e+00, 1.148511443e+00, 1.171481672e+02, 0.000000000e+00, -1.453284689e+01, 2.435516108e+05
4408, 6.500000000e-02, 1.666666667e-03, 1.666666667e-03, 1.148511443e+00, 1.171481672e+02, 1.453284689e+01, -1.453284689e+01, 2.436435574e+05
4409, 6.500000000e-02, 1.666666667e-03, 3.333333333e-03, 1.148511443e+00, 1.171481672e+02, 2.906569379e+01, -1.453284689e+01, 2.439193975e+05
4410, 6.500000000e-02, 1.666666667e-03, 5.000000000e-03, 1.148511443e+00, 1.171481672e+02, 4.359854068e+01, -1.453284689e+01, 2.443791309e+05
4411, 6.500000000e-02, 1.666666667e-03, 6.666666667e-03, 1.148511443e+00, 1.171481672e+02, 5.813138757e+01, -1.453284689e+01, 2.450227577e+05
4412, 6.500000000e-02, 1.666666667e-03, 8.333333333e-03, 1.148511443e+00, 1.171481672e+02, 7.266423447e+01, -1.453284689e+01, 2.458502779e+05
4413, 6.500000000e-02, 1.666666667e-03, 1.000000000e-02, 1.148511443e+00, 1.171481672e+02, 8.719708136e+01, -1.453284689e+01, 2.468616914e+05
4414, 6.500000000e-02, 1.666666667e-03, 1.166666667e-02, 1.148511443e+00, 1.171481672e+02, 1.017299283e+02, -1.453284689e+01, 2.480569983e+05
4415, 6.500000000e-02, 1.666666667e-03, 1.333333333e-02, 1.148511443e+00, 1.171481672e+02, 1.162627751e+02, -1.453284689e+01, 2.494361986e+05
4416, 6.500000000e-02, 1.666666667e-03, 1.500000000e-02, 1.148511443e+00, 1.171481672e+02, 1.307956220e+02, -1.453284689e+01, 2.509992922e+05
4417, 6.500000000e-02, 1.666666667e-03, 1.666666667e-02, 1.148511443e+00, 1.171481672e+02, 1.453284689e+02, -1.453284689e+01, 2.527462792e+05
4418, 6.500000000e-02, 1.666666667e-03, 1.833333333e-02, 1.148511443e+00, 1.171481672e+02, 1.598613158e+02, -1.453284689e+01, 2.546771596e+05
4419, 6.500000000e-02, 1.666666667e-03, 2.000000000e-02, 1.148511443e+00, 1.171481672e+02, 1.743941627e+02, -1.453284689e+01, 2.567919333e+05
4420, 6.500000000e-02, 3.333333333e-03, 0.000000000e+00, 1.148511443e+00, 1.171481672e+02, 0.000000000e+00, -2.906569379e+01, 2.438274508e+05
4421, 6.500000000e-02, 3.333333333e-03, 1.666666667e-03, 1.148511443e+00, 1.171481672e+02, 1.453284689e+01, -2.906569379e+01, 2.439193975e+05
4422, 6.500000000e-02, 3.333333333e-03, 3.333333333e-03, 1.148511443e+00, 1.171481672e+02, 2.906569379e+01, -2.906569379e+01, 2.441952375e+05
4423, 6.500000000e-02, 3.333333333e-03, 5.000000000e-03, 1.148511443e+00, 1.171481672e+02, 4.359854068e+01, -2.906569379e+01, 2.446549710e+05
4424, 6.500000000e-02, 3.333333333e-03, 6.666666667e-03, 1.148511443e+00, 1.171481672e+02, 5.813138757e+01, -2.906569379e+01, 2.452985978e+05
4425, 6.500000000e-02, 3.333333333e-03, 8.333333333e-03, 1.148511443e+00, 1.171481672e+02, 7.266423447e+01, -2.906569379e+01, 2.461261179e+05
4426, 6.500000000e-02, 3.333333333e-03, 1.000000000e-02, 1.148511443e+00, 1.171481672e+02, 8.719708136e+01, -2.906569379e+01, 2.471375315e+05
4427, 6.500000000e-02, 3.333333333e-03, 1.166666667e-02, 1.148511443e+00, 1.171481672e+02, 1.017299283e+02, -2.906569379e+01, 2.483328384e+05
4428, 6.500000000e-02, 3.333333333e-03, 1.333333333e-02, 1.148511443e+00, 1.171481672e+02, 1.162627751e+02, -2.906569379e+01, 2.497120386e+05
4429, 6.500000000e-02, 3.333333333e-03, 1.500000000e-02, 1.148511443e+00, 1.171481672e+02, 1.307956220e+02, -2.906569379e+01, 2.512751323e+05
4430, 6.500000000e-02, 3.333333333e-03, 1.666666667e-02, 1.148511443e+00, 1.171481672e+02, 1.453284689e+02, -2.906569379e+01, 2.530221193e+05
4431, 6.500000000e-02, 3.333333333e-03, 1.833333333e-02, 1.148511443e+00, 1.171481672e+02, 1.598613158e+02, -2.906569379e+01, 2.549529996e+05
4432, 6.500000000e-02, 3.333333333e-03, 2.000000000e-02, 1.148511443e+00, 1.171481672e+02, 1.743941627e+02, -2.906569379e+01, 2.570677734e+05
4433, 6.500000000e-02, 5.000000000e-03, 0.000000000e+00, 1.148511443e+00, 1.171481672e+02, 0.000000000e+00, -4.359854068e+01, 2.442871842e+05
4434, 6.500000000e-02, 5.000000000e-03, 1.666666667e-03, 1.148511443e+00, 1.171481672e+02, 1.453284689e+01, -4.359854068e+01, 2.443791309e+05
4435, 6.500000000e-02, 5.000000000e-03, 3.333333333e-03, 1.148511443e+00, 1.171481672e+02, 2.906569379e+01, -4.359854068e+01, 2.446549710e+05
4436, 6.500000000e-02, 5.000000000e-03, 5.000000000e-03, 1.148511443e+00, 1.171481672e+02, 4.359854068e+01, -4.359854068e+01, 2.451147044e+05
4437, 6.500000000e-02, 5.000000000e-03, 6.666666667e-03, 1.148511443e+00, 1.171481672e+02, 5.813138757e+01, -4.359854068e+01, 2.457583312e+05
4438, 6.500000000e-02, 5.000000000e-03, 8.333333333e-03, 1.148511443e+00, 1.171481672e+02, 7.266423447e+01, -4.359854068e+01, 2.465858513e+05
4439, 6.500000000e-02, 5.000000000e-03, 1.000000000e-02, 1.148511443e+00, 1.171481672e+02, 8.719708136e+01, -4.359854068e+01, 2.475972649e+05
4440, 6.500000000e-02, 5.000000000e-03, 1.166666667e-02, 1.148511443e+00, 1.171481672e+02, 1.017299283e+02, -4.359854068e+01, 2.487925718e+05
4441, 6.500000000e-02, 5.000000000e-03, 1.333333333e-02, 1.148511443e+00, 1.171481672e+02, 1.162627751e+02, -4.359854068e+01, 2.501717720e+05
4442, 6.500000000e-02, 5.000000000e-03, 1.500000000e-02, 1.148511443e+00, 1.171481672e+02, 1.307956220e+02, -4.359854068e+01, 2.517348657e+05
4443, 6.500000000e-02, 5.000000000e-03, 1.666666667e-02, 1.148511443e+00, 1.171481672e+02, 1.453284689e+02, -4.359854068e+01, 2.534818527e+05
4444, 6.500000000e-02, 5.000000000e-03, 1.833333333e-02, 1.148511443e+00, 1.171481672e+02, 1.598613158e+02, -4.359854068e+01, 2.554127331e+05
4445, 6.500000000e-02, 5.000000000e-03, 2.000000000e-02, 1.148511443e+00, 1.171481672e+02, 1.743941627e+02, -4.359854068e+01, 2.575275068e+05
4446, 6.500000000e-02, 6.666666667e-03, 0.000000000e+00, 1.148511443e+00, 1.171481672e+02, 0.000000000e+00, -5.813138757e+01, 2.449308110e+05
4447, 6.500000000e-02, 6.666666667e-03, 1.666666667e-03, 1.148511443e+00, 1.171481672e+02, 1.453284689e+01, -5.813138757e+01, 2.450227577e+05
4448, 6.500000000e-02, 6.666666667e-03, 3.333333333e-03, 1.148511443e+00, 1.171481672e+02, 2.906569379e+01, -5.813138757e+01, 2.452985978e+05
4449, 6.500000000e-02, 6.666666667e-03, 5.000000000e-03, 1.148511443e+00, 1.171481672e+02, 4.359854068e+01, -5.813138757e+01, 2.457583312e+05
4450, 6.500000000e-02, 6.666666667e-03, 6.666666667e-03, 1.148511443e+00, 1.171481672e+02, 5.813138757e+01, -5.813138757e+01, 2.464019580e+05
4451, 6.500000000e-02, 6.666666667e-03, 8.333333333e-03, 1.148511443e+00, 1.171481672e+02, 7.266423447e+01, -5.813138757e+01, 2.472294781e+05
4452, 6.500000000e-02, 6.666666667e-03, 1.000000000e-02, 1.148511443e+00, 1.171481672e+02, 8.719708136e+01, -5.813138757e+01, 2.482408917e+05
4453, 6.500000000e-02, 6.666666667e-03, 1.166666667e-02, 1.148511443e+00, 1.171481672e+02, 1.017299283e+02, -5.813138757e+01, 2.494361986e+05
4454, 6.500000000e-02, 6.666666667e-03, 1.333333333e-02, 1.148511443e+00, 1.171481672e+02, 1.162627751e+02, -5.813138757e+01, 2.508153988e+05
4455, 6.500000000e-02, 6.666666667e-03, 1.500000000e-02, 1.148511443e+00, 1.171481672e+02, 1.307956220e+02, -5.813138757e+01, 2.523784925e+05
4456, 6.500000000e-02, 6.666666667e-03, 1.666666667e-02, 1.148511443e+00, 1.171481672e+02, 1.453284689e+02, -5.813138757e+01, 2.541254795e+05
4457, 6.500000000e-02, 6.666666667e-03, 1.833333333e-02, 1.148511443e+00, 1.171481672e+02, 1.598613158e+02, -5.813138757e+01, 2.560563599e+05
4458, 6.500000000e-02, 6.666666667e-03, 2.000000000e-02, 1.148511443e+00, 1.171481672e+02, 1.743941627e+02, -5.813138757e+01, 2.581711336e+05
4459, 6.500000000e-02, 8.333333333e-03, 0.000000000e+00, 1.148511443e+00, 1.171481672e+02, 0.000000000e+00, -7.266423447e+01, 2.457583312e+05
4460, 6.500000000e-02, 8.333333333e-03, 1.666666667e-03, 1.148511443e+00, 1.171481672e+02, 1.453284689e+01, -7.266423447e+01, 2.458502779e+05
4461, 6.500000000e-02, 8.333333333e-03, 3.333333333e-03, 1.148511443e+00, 1.171481672e+02, 2.906569379e+01, -7.266423447e+01, 2.461261179e+05
4462, 6.500000000e-02, 8.333333333e-03, 5.000000000e-03, 1.148511443e+00, 1.171481672e+02, 4.359854068e+01, -7.266423447e+01, 2.465858513e+05
4463, 6.500000000e-02, 8.333333333e-03, 6.666666667e-03, 1.148511443e+00, 1.171481672e+02, 5.813138757e+01, -7.266423447e+01, 2.472294781e+05
4464, 6.500000000e-02, 8.333333333e-03, 8.333333333e-03, 1.148511443e+00, 1.171481672e+02, 7.266423447e+01, -7.266423447e+01, 2.480569983e+05
4465, 6.500000000e-02, 8.333333333e-03, 1.000000000e-02, 1.148511443e+00, 1.171481672e+02, 8.719708136e+01, -7.266423447e+01, 2.490684118e+05
4466, 6.500000000e-02, 8.333333333e-03, 1.166666667e-02, 1.148511443e+00, 1.171481672e+02, 1.017299283e+02, -7.266423447e+01, 2.502637187e+05
4467, 6.500000000e-02, 8.333333333e-03, 1.333333333e-02, 1.148511443e+00, 1.171481672e+02, 1.162627751e+02, -7.266423447e+01, 2.516429190e+05
4468, 6.500000000e-02, 8.333333333e-03, 1.500000000e-02, 1.148511443e+00, 1.171481672e+02, 1.307956220e+02, -7.266423447e+01, 2.532060126e+05
4469, 6.500000000e-02, 8.333333333e-03, 1.666666667e-02, 1.148511443e+00, 1.171481672e+02, 1.453284689e+02, -7.266423447e+01, 2.549529996e+05
4470, 6.500000000e-02, 8.333333333e-03, 1.833333333e-02, 1.148511443e+00, 1.171481672e+02, 1.598613158e+02, -7.266423447e+01, 2.568838800e+05
4471, 6.500000000e-02, 8.333333333e-03, 2.000000000e-02, 1.148511443e+00, 1.171481672e+02, 1.743941627e+02, -7.266423447e+01, 2.589986538e+05
4472, 6.500000000e-02, 1.000000000e-02, 0.000000000e+00, 1.148511443e+00, 1.171481672e+02, 0.000000000e+00, -8.719708136e+01, 2.467697447e+05
4473, 6.500000000e-02, 1.000000000e-02, 1.666666667e-03, 1.148511443e+00, 1.171481672e+02, 1.453284689e+01, -8.719708136e+01, 2.468616914e+05
4474, 6.500000000e-02, 1.000000000e-02, 3.333333333e-03, 1.148511443e+00, 1.171481672e+02, 2.906569379e+01, -8.719708136e+01, 2.471375315e+05
4475, 6.500000000e-02, 1.000000000e-02, 5.000000000e-03, 1.148511443e+00, 1.171481672e+02, 4.359854068e+01, -8.719708136e+01, 2.475972649e+05
4476, 6.500000000e-02, 1.000000000e-02, 6.666666667e-03, 1.148511443e+00, 1.171481672e+02, 5.813138757e+01, -8.719708136e+01, 2.482408917e+05
4477, 6.500000000e-02, 1.000000000e-02, 8.333333333e-03, 1.148511443e+00, 1.171481672e+02, 7.266423447e+01, -8.719708136e+01, 2.490684118e+05
4478, 6.500000000e-02, 1.000000000e-02, 1.000000000e-02, 1.148511443e+00, 1.171481672e+02, 8.719708136e+01, -8.719708136e+01, 2.500798254e+05
4479, 6.500000000e-02, 1.000000000e-02, 1.166666667e-02, 1.148511443e+00, 1.171481672e+02, 1.017299283e+02, -8.719708136e+01, 2.512751323e+05
4480, 6.500000000e-02, 1.000000000e-02, 1.333333333e-02, 1.148511443e+00, 1.171481672e+02, 1.162627751e+02, -8.719708136e+01, 2.526543325e+05
4481, 6.500000000e-02, 1.000000000e-02, 1.500000000e-02, 1.148511443e+00, 1.171481672e+02, 1.307956220e+02, -8.719708136e+01, 2.542174262e+05
4482, 6.500000000e-02, 1.000000000e-02, 1.666666667e-02, 1.148511443e+00, 1.171481672e+02, 1.453284689e+02, -8.719708136e+01, 2.559644132e+05
4483, 6.500000000e-02, 1.000000000e-02, 1.833333333e-02, 1.148511443e+00, 1.171481672e+02, 1.598613158e+02, -8.719708136e+01, 2.578952935e+05
4484, 6.500000000e-02, 1.000000000e-02, 2.000000000e-02, 1.148511443e+00, 1.171481672e+02, 1.743941627e+02, -8.719708136e+01, 2.600100673e+05
4485, 6.500000000e-02, 1.166666667e-02, 0.000000000e+00, 1.148511443e+00, 1.171481672e+02, 0.000000000e+00, -1.017299283e+02, 2.479650516e+05
4486, 6.500000000e-02, 1.166666667e-02, 1.666666667e-03, 1.148511443e+00, 1.171481672e+02, 1.453284689e+01, -1.017299283e+02, 2.480569983e+05
4487, 6.500000000e-02, 1.166666667e-02, 3.333333333e-03, 1.148511443e+00, 1.171481672e+02, 2.906569379e+01, -1.017299283e+02, 2.483328384e+05
4488, 6.500000000e-02, 1.166666667e-02, 5.000000000e-03, 1.148511443e+00, 1.171481672e+02, 4.359854068e+01, -1.017299283e+02, 2.487925718e+05
4489, 6.500000000e-02, 1.166666667e-02, 6.666666667e-03, 1.148511443e+00, 1.171481672e+02, 5.813138757e+01, -1.017299283e+02, 2.494361986e+05
4490, 6.500000000e-02, 1.166666667e-02, 8.333333333e-03, 1.148511443e+00, 1.171481672e+02, 7.266423447e+01, -1.017299283e+02, 2.502637187e+05
4491, 6.500000000e-02, 1.166666667e-02, 1.000000000e-02, 1.148511443e+00, 1.171481672e+02, 8.719708136e+01, -1.017299283e+02, 2.512751323e+05
4492, 6.500000000e-02, 1.166666667e-02, 1.166666667e-02, 1.148511443e+00, 1.171481672e+02, 1.017299283e+02, -1.017299283e+02, 2.524704392e+05
4493, 6.500000000e-02, 1.166666667e-02, 1.333333333e-02, 1.148511443e+00, 1.171481672e+02, 1.162627751e+02, -1.017299283e+02, 2.538496394e+05
4494, 6.500000000e-02, 1.166666667e-02, 1.500000000e-02, 1.148511443e+00, 1.171481672e+02, 1.307956220e+02, -1.017299283e+02, 2.554127331e+05
4495, 6.500000000e-02, 1.166666667e-02, 1.666666667e-02, 1.148511443e+00, 1.171481672e+02, 1.453284689e+02, -1.017299283e+02, 2.571597201e+05
4496, 6.500000000e-02, 1.166666667e-02, 1.833333333e-02, 1.148511443e+00, 1.171481672e+02, 1.598613158e+02, -1.017299283e+02, 2.590906004e+05
4497, 6.500000000e-02, 1.166666667e-02, 2.000000000e-02, 1.148511443e+00, 1.171481672e+02, 1.743941627e+02, -1.017299283e+02, 2.612053742e+05
4498, 6.500000000e-02, 1.333333333e-02, 0.000000000e+00, 1.148511443e+00, 1.171481672e+02, 0.000000000e+00, -1.162627751e+02, 2.493442519e+05
4499, 6.500000000e-02, 1.333333333e-02, 1.666666667e-03, 1.148511443e+00, 1.171481672e+02, 1.453284689e+01, -1.162627751e+02, 2.494361986e+05
4500, 6.500000000e-02, 1.333333333e-02, 3.333333333e-03, 1.148511443e+00, 1.171481672e+02, 2.906569379e+01, -1.162627751e+02, 2.497120386e+05
4501, 6.500000000e-02, 1.333333333e-02, 5.000000000e-03, 1.148511443e+00, 1.171481672e+02, 4.359854068e+01, -1.162627751e+02, 2.501717720e+05
4502, 6.500000000e-02, 1.333333333e-02, 6.666666667e-03, 1.148511443e+00, 1.171481672e+02, 5.813138757e+01, -1.162627751e+02, 2.508153988e+05
4503, 6.500000000e-02, 1.333333333e-02, 8.333333333e-03, 1.148511443e+00, 1.171481672e+02, 7.266423447e+01, -1.162627751e+02, 2.516429190e+05
4504, 6.500000000e-02, 1.333333333e-02, 1.000000000e-02, 1.148511443e+00, 1.171481672e+02, 8.719708136e+01, -1.162627751e+02, 2.526543325e+05
4505, 6.500000000e-02, 1.333333333e-02, 1.166666667e-02, 1.148511443e+00, 1.171481672e+02, 1.017299283e+02, -1.162627751e+02, 2.538496394e+05
4506, 6.500000000e-02, 1.333333333e-02, 1.333333333e-02, 1.148511443e+00, 1.171481672e+02, 1.162627751e+02, -1.162627751e+02, 2.552288397e+05
4507, 6.500000000e-02, 1.333333333e-02, 1.500000000e-02, 1.148511443e+00, 1.171481672e+02, 1.307956220e+02, -1.162627751e+02, 2.567919333e+05
4508, 6.500000000e-02, 1.333333333e-02, 1.666666667e-02, 1.148511443e+00, 1.171481672e+02, 1.453284689e+02, -1.162627751e+02, 2.585389203e+05
4509, 6.500000000e-02, 1.333333333e-02, 1.833333333e-02, 1.148511443e+00, 1.171481672e+02, 1.598613158e+02, -1.162627751e+02, 2.604698007e+05
4510, 6.500000000e-02, 1.333333333e-02, 2.000000000e-02, 1.148511443e+00, 1.171481672e+02, 1.743941627e+02, -1.162627751e+02, 2.625845745e+05
4511, 6.500000000e-02, 1.500000000e-02, 0.000000000e+00, 1.148511443e+00, 1.171481672e+02, 0.000000000e+00, -1.307956220e+02, 2.509073455e+05
4512, 6.500000000e-02, 1.500000000e-02, 1.666666667e-03, 1.148511443e+00, 1.171481672e+02, 1.453284689e+01, -1.307956220e+02, 2.509992922e+05
4513, 6.500000000e-02, 1.500000000e-02, 3.333333333e-03, 1.148511443e+00, 1.171481672e+02, 2.906569379e+01, -1.307956220e+02, 2.512751323e+05
4514, 6.500000000e-02, 1.500000000e-02, 5.000000000e-03, 1.148511443e+00, 1.171481672e+02, 4.359854068e+01, -1.307956220e+02, 2.517348657e+05
4515, 6.500000000e-02, 1.500000000e-02, 6.666666667e-03, 1.148511443e+00, 1.171481672e+02, 5.813138757e+01, -1.307956220e+02, 2.523784925e+05
4516, 6.500000000e-02, 1.500000000e-02, 8.333333333e-03, 1.148511443e+00, 1.171481672e+02, 7.266423447e+01, -1.307956220e+02, 2.532060126e+05
4517, 6.500000000e-02, 1.500000000e-02, 1.000000000e-02, 1.148511443e+00, 1.171481672e+02, 8.719708136e+01, -1.307956220e+02, 2.542174262e+05
4518, 6.500000000e-02, 1.500000000e-02, 1.166666667e-02, 1.148511443e+00, 1.171481672e+02, 1.017299283e+02, -1.307956220e+02, 2.554127331e+05
4519, 6.500000000e-02, 1.500000000e-02, 1.333333333e-02, 1.148511443e+00, 1.171481672e+02, 1.162627751e+02, -1.307956220e+02, 2.567919333e+05
4520, 6.500000000e-02, 1.500000000e-02, 1.500000000e-02, 1.148511443e+00, 1.171481672e+02, 1.307956220e+02, -1.307956220e+02, 2.583550270e+05
4521, 6.500000000e-02, 1.500000000e-02, 1.666666667e-02, 1.148511443e+00, 1.171481672e+02, 1.453284689e+02, -1.307956220e+02, 2.601020140e+05
4522, 6.500000000e-02, 1.500000000e-02, 1.833333333e-02, 1.148511443e+00, 1.171481672e+02, 1.598613158e+02, -1.307956220e+02, 2.620328944e+05
4523, 6.500000000e-02, 1.500000000e-02, 2.000000000e-02, 1.148511443e+00, 1.171481672e+02, 1.743941627e+02, -1.307956220e+02, 2.641476681e+05
4524, 6.500000000e-02, 1.666666667e-02, 0.000000000e+00, 1.148511443e+00, 1.171481672e+02, 0.000000000e+00, -1.453284689e+02, 2.526543325e+05
4525, 6.500000000e-02, 1.666666667e-02, 1.666666667e-03, 1.148511443e+00, 1.171481672e+02, 1.453284689e+01, -1.453284689e+02, 2.527462792e+05
4526, 6.500000000e-02, 1.666666667e-02, 3.333333333e-03, 1.148511443e+00, 1.171481672e+02, 2.906569379e+01, -1.453284689e+02, 2.530221193e+05
4527, 6.500000000e-02, 1.666666667e-02, 5.000000000e-03, 1.148511443e+00, 1.171481672e+02, 4.359854068e+01, -1.453284689e+02, 2.534818527e+05
4528, 6.500000000e-02, 1.666666667e-02, 6.666666667e-03, 1.148511443e+00, 1.171481672e+02, 5.813138757e+01, -1.453284689e+02, 2.541254795e+05
4529, 6.500000000e-02, 1.666666667e-02, 8.333333333e-03, 1.148511443e+00, 1.171481672e+02, 7.266423447e+01, -1.453284689e+02, 2.549529996e+05
4530, 6.500000000e-02, 1.666666667e-02, 1.000000000e-02, 1.148511443e+00, 1.171481672e+02, 8.719708136e+01, -1.453284689e+02, 2.559644132e+05
4531, 6.500000000e-02, 1.666666667e-02, 1.166666667e-02, 1.148511443e+00, 1.171481672e+02, 1.017299283e+02, -1.453284689e+02, 2.571597201e+05
4532, 6.500000000e-02, 1.666666667e-02, 1.333333333e-02, 1.148511443e+00, 1.171481672e+02, 1.162627751e+02, -1.453284689e+02, 2.585389203e+05
4533, 6.500000000e-02, 1.666666667e-02, 1.500000000e-02, 1.148511443e+00, 1.171481672e+02, 1.307956220e+02, -1.453284689e+02, 2.601020140e+05
4534, 6.500000000e-02, 1.666666667e-02, 1.666666667e-02, 1.148511443e+00, 1.171481672e+02, 1.453284689e+02, -1.453284689e+02, 2.618490010e+05
4535, 6.500000000e-02, 1.666666667e-02, 1.833333333e-02, 1.148511443e+00, 1.171481672e+02, 1.598613158e+02, -1.453284689e+02, 2.637798814e+05
4536, 6.500000000e-02, 1.666666667e-02, 2.000000000e-02, 1.148511443e+00, 1.171481672e+02, 1.743941627e+02, -1.453284689e+02, 2.658946551e+05
4537, 6.500000000e-02, 1.833333333e-02, 0.000000000e+00, 1.148511443e+00, 1.171481672e+02, 0.000000000e+00, -1.598613158e+02, 2.545852129e+05
4538, 6.500000000e-02, 1.833333333e-02, 1.666666667e-03, 1.148511443e+00, 1.171481672e+02, 1.453284689e+01, -1.598613158e+02, 2.546771596e+05
4539, 6.500000000e-02, 1.833333333e-02, 3.333333333e-03, 1.148511443e+00, 1.171481672e+02, 2.906569379e+01, -1.598613158e+02, 2.549529996e+05
4540, 6.500000000e-02, 1.833333333e-02, 5.000000000e-03, 1.148511443e+00, 1.171481672e+02, 4.359854068e+01, -1.598613158e+02, 2.554127331e+05
4541, 6.500000000e-02, 1.833333333e-02, 6.666666667e-03, 1.148511443e+00, 1.171481672e+02, 5.813138757e+01, -1.598613158e+02, 2.560563599e+05
4542, 6.500000000e-02, 1.833333333e-02, 8.333333333e-03, 1.148511443e+00, 1.171481672e+02, 7.266423447e+01, -1.598613158e+02, 2.568838800e+05
4543, 6.500000000e-02, 1.833333333e-02, 1.000000000e-02, 1.148511443e+00, 1.171481672e+02, 8.719708136e+01, -1.598613158e+02, 2.578952935e+05
4544, 6.500000000e-02, 1.833333333e-02, 1.166666667e-02, 1.148511443e+00, 1.171481672e+02, 1.017299283e+02, -1.598613158e+02, 2.590906004e+05
4545, 6.500000000e-02, 1.833333333e-02, 1.333333333e-02, 1.148511443e+00, 1.171481672e+02, 1.162627751e+02, -1.598613158e+02, 2.604698007e+05
4546, 6.500000000e-02, 1.833333333e-02, 1.500000000e-02, 1.148511443e+00, 1.171481672e+02, 1.307956220e+02, -1.598613158e+02, 2.620328944e+05
4547, 6.500000000e-02, 1.833333333e-02, 1.666666667e-02, 1.148511443e+00, 1.171481672e+02, 1.453284689e+02, -1.598613158e+02, 2.637798814e+05
4548, 6.500000000e-02, 1.833333333e-02, 1.833333333e-02, 1.148511443e+00, 1.171481672e+02, 1.598613158e+02, -1.598613158e+02, 2.657107617e+05
4549, 6.500000000e-02, 1.833333333e-02, 2.000000000e-02, 1.148511443e+00, 1.171481672e+02, 1.743941627e+02, -1.598613158e+02, 2.678255355e+05
4550, 6.500000000e-02, 2.000000000e-02, 0.000000000e+00, 1.148511443e+00, 1.171481672e+02, 0.000000000e+00, -1.743941627e+02, 2.566999866e+05
4551, 6.500000000e-02, 2.000000000e-02, 1.666666667e-03, 1.148511443e+00, 1.171481672e+02, 1.453284689e+01, -1.743941627e+02, 2.567919333e+05
4552, 6.500000000e-02, 2.000000000e-02, 3.333333333e-03, 1.148511443e+00, 1.171481672e+02, 2.906569379e+01, -1.743941627e+02, 2.570677734e+05
4553, 6.500000000e-02, 2.000000000e-02, 5.000000000e-03, 1.148511443e+00, 1.171481672e+02, 4.359854068e+01, -1.743941627e+02, 2.575275068e+05
4554, 6.500000000e-02, 2.000000000e-02, 6.666666667e-03, 1.148511443e+00, 1.171481672e+02, 5.813138757e+01, -1.743941627e+02, 2.581711336e+05
4555, 6.500000000e-02, 2.000000000e-02, 8.333333333e-03, 1.148511443e+00, 1.171481672e+02, 7.266423447e+01, -1.743941627e+02, 2.589986538e+05
4556, 6.500000000e-02, 2.000000000e-02, 1.000000000e-02, 1.148511443e+00, 1.171481672e+02, 8.719708136e+01, -1.743941627e+02, 2.600100673e+05
4557, 6.500000000e-02, 2.000000000e-02, 1.166666667e-02, 1.148511443e+00, 1.171481672e+02, 1.017299283e+02, -1.743941627e+02, 2.612053742e+05
4558, 6.500000000e-02, 2.000000000e-02, 1.333333333e-02, 1.148511443e+00, 1.171481672e+02, 1.162627751e+02, -1.743941627e+02, 2.625845745e+05
4559, 6.500000000e-02, 2.000000000e-02, 1.500000000e-02, 1.148511443e+00, 1.171481672e+02, 1.307956220e+02, -1.743941627e+02, 2.641476681e+05
4560, 6.500000000e-02, 2.000000000e-02, 1.666666667e-02, 1.148511443e+00, 1.171481672e+02, 1.453284689e+02, -1.743941627e+02, 2.658946551e+05
4561, 6.500000000e-02, 2.000000000e-02, 1.833333333e-02, 1.148511443e+00, 1.171481672e+02, 1.598613158e+02, -1.743941627e+02, 2.678255355e+05
4562, 6.500000000e-02, 2.000000000e-02, 2.000000000e-02, 1.148511443e+00, 1.171481672e+02, 1.743941627e+02, -1.743941627e+02, 2.699403092e+05
4563, 6.750000000e-02, 0.000000000e+00, 0.000000000e+00, 1.148511443e+00, 1.171481672e+02, 0.000000000e+00, 0.000000000e+00, 2.434596641e+05
4564, 6.750000000e-02, 0.000000000e+00, 1.666666667e-03, 1.148511443e+00, 1.171481672e+02, 1.453284689e+01, 0.000000000e+00, 2.435516108e+05
4565, 6.750000000e-02, 0.000000000e+00, 3.333333333e-03, 1.148511443e+00, 1.171481672e+02, 2.906569379e+01, 0.000000000e+00, 2.438274508e+05
4566, 6.750000000e-02, 0.000000000e+00, 5.000000000e-03, 1.148511443e+00, 1.171481672e+02, 4.359854068e+01, 0.000000000e+00, 2.442871842e+05
4567, 6.750000000e-02, 0.000000000e+00, 6.666666667e-03, 1.148511443e+00, 1.171481672e+02, 5.813138757e+01, 0.000000000e+00, 2.449308110e+05
4568, 6.750000000e-02, 0.000000000e+00, 8.333333333e-03, 1.148511443e+00, 1.171481672e+02, 7.266423447e+01, 0.000000000e+00, 2.457583312e+05
4569, 6.750000000e-02, 0.000000000e+00, 1.000000000e-02, 1.148511443e+00, 1.171481672e+02, 8.719708136e+01, 0.000000000e+00, 2.467697447e+05
4570, 6.750000000e-02, 0.000000000e+00, 1.166666667e-02, 1.148511443e+00, 1.171481672e+02, 1.017299283e+02, 0.000000000e+00, 2.479650516e+05
4571, 6.750000000e-02, 0.000000000e+00, 1.333333333e-02, 1.148511443e+00, 1.171481672e+02, 1.162627751e+02, 0.000000000e+00, 2.493442519e+05
4572, 6.750000000e-02, 0.000000000e+00, 1.500000000e-02, 1.148511443e+00, 1.171481672e+02, 1.307956220e+02, 0.000000000e+00, 2.509073455e+05
4573, 6.750000000e-02, 0.000000000e+00, 1.666666667e-02, 1.148511443e+00, 1.171481672e+02, 1.453284689e+02, 0.000000000e+00, 2.526543325e+05
4574, 6.750000000e-02, 0.000000000e+00, 1.833333333e-02, 1.148511443e+00, 1.171481672e+02, 1.598613158e+02, 0.000000000e+00, 2.545852129e+05
4575, 6.750000000e-02, 0.000000000e+00, 2.000000000e-02, 1.148511443e+00, 1.171481672e+02, 1.743941627e+02, 0.000000000e+00, 2.566999866e+05
4576, 6.750000000e-02, 1.666666667e-03, 0.000000000e+00, 1.148511443e+00, 1.171481672e+02, 0.000000000e+00, -1.453284689e+01, 2.435516108e+05
4577, 6.750000000e-02, 1.666666667e-03, 1.666666667e-03, 1.148511443e+00, 1.171481672e+02, 1.453284689e+01, -1.453284689e+01, 2.436435574e+05
4578, 6.750000000e-02, 1.666666667e-03, 3.333333333e-03, 1.148511443e+00, 1.171481672e+02, 2.906569379e+01, -1.453284689e+01, 2.439193975e+05
4579, 6.750000000e-02, 1.666666667e-03, 5.000000000e-03, 1.148511443e+00, 1.171481672e+02, 4.359854068e+01, -1.453284689e+01, 2.443791309e+05
4580, 6.750000000e-02, 1.666666667e-03, 6.666666667e-03, 1.148511443e+00, 1.171481672e+02, 5.813138757e+01, -1.453284689e+01, 2.450227577e+05
4581, 6.750000000e-02, 1.666666667e-03, 8.333333333e-03, 1.148511443e+00, 1.171481672e+02, 7.266423447e+01, -1.453284689e+01, 2.458502779e+05
4582, 6.750000000e-02, 1.666666667e-03, 1.000000000e-02, 1.148511443e+00, 1.171481672e+02, 8.719708136e+01, -1.453284689e+01, 2.468616914e+05
4583, 6.750000000e-02, 1.666666667e-03, 1.166666667e-02, 1.148511443e+00, 1.171481672e+02, 1.017299283e+02, -1.453284689e+01, 2.480569983e+05
4584, 6.750000000e-02, 1.666666667e-03, 1.333333333e-02, 1.148511443e+00, 1.171481672e+02, 1.162627751e+02, -1.453284689e+01, 2.494361986e+05
4585, 6.750000000e-02, 1.666666667e-03, 1.500000000e-02, 1.148511443e+00, 1.171481672e+02, 1.307956220e+02, -1.453284689e+01, 2.509992922e+05
4586, 6.750000000e-02, 1.666666667e-03, 1.666666667e-02, 1.148511443e+00, 1.171481672e+02, 1.453284689e+02, -1.453284689e+01, 2.527462792e+05
4587, 6.750000000e-02, 1.666666667e-03, 1.833333333e-02, 1.148511443e+00, 1.171481672e+02, 1.598613158e+02, -1.453284689e+01, 2.546771596e+05
4588, 6.750000000e-02, 1.666666667e-03, 2.000000000e-02, 1.148511443e+00, 1.171481672e+02, 1.743941627e+02, -1.453284689e+01, 2.567919333e+05
4589, 6.750000000e-02, 3.333333333e-03, 0.000000000e+00, 1.148511443e+00, 1.171481672e+02, 0.000000000e+00, -2.906569379e+01, 2.438274508e+05
4590, 6.750000000e-02, 3.333333333e-03, 1.666666667e-03, 1.148511443e+00, 1.171481672e+02, 1.453284689e+01, -2.906569379e+01, 2.439193975e+05
4591, 6.750000000e-02, 3.333333333e-03, 3.333333333e-03, 1.148511443e+00, 1.171481672e+02, 2.906569379e+01, -2.906569379e+01, 2.441952375e+05
4592, 6.750000000e-02, 3.333333333e-03, 5.000000000e-03, 1.148511443e+00, 1.171481672e+02, 4.359854068e+01, -2.906569379e+01, 2.446549710e+05
4593, 6.750000000e-02, 3.333333333e-03, 6.666666667e-03, 1.148511443e+00, 1.171481672e+02, 5.813138757e+01, -2.906569379e+01, 2.452985978e+05
4594, 6.750000000e-02, 3.333333333e-03, 8.333333333e-03, 1.148511443e+00, 1.171481672e+02, 7.266423447e+01, -2.906569379e+01, 2.461261179e+05
4595, 6.750000000e-02, 3.333333333e-03, 1.000000000e-02, 1.148511443e+00, 1.171481672e+02, 8.719708136e+01, -2.906569379e+01, 2.471375315e+05
4596, 6.750000000e-02, 3.333333333e-03, 1.166666667e-02, 1.148511443e+00, 1.171481672e+02, 1.017299283e+02, -2.906569379e+01, 2.483328384e+05
4597, 6.750000000e-02, 3.333333333e-03, 1.333333333e-02, 1.148511443e+00, 1.171481672e+02, 1.162627751e+02, -2.906569379e+01, 2.497120386e+05
4598, 6.750000000e-02, 3.333333333e-03, 1.500000000e-02, 1.148511443e+00, 1.171481672e+02, 1.307956220e+02, -2.906569379e+01, 2.512751323e+05
4599, 6.750000000e-02, 3.333333333e-03, 1.666666667e-02, 1.148511443e+00, 1.171481672e+02, 1.453284689e+02, -2.906569379e+01, 2.530221193e+05
4600, 6.750000000e-02, 3.333333333e-03, 1.833333333e-02, 1.148511443e+00, 1.171481672e+02, 1.598613158e+02, -2.906569379e+01, 2.549529996e+05
4601, 6.750000000e-02, 3.333333333e-03, 2.000000000e-02, 1.148511443e+00, 1.171481672e+02, 1.743941627e+02, -2.906569379e+01, 2.570677734e+05
4602, 6.750000000e-02, 5.000000000e-03, 0.000000000e+00, 1.148511443e+00, 1.171481672e+02, 0.000000000e+00, -4.359854068e+01, 2.442871842e+05
4603, 6.750000000e-02, 5.000000000e-03, 1.666666667e-03, 1.148511443e+00, 1.171481672e+02, 1.453284689e+01, -4.359854068e+01, 2.443791309e+05
4604, 6.750000000e-02, 5.000000000e-03, 3.333333333e-03, 1.148511443e+00, 1.171481672e+02, 2.906569379e+01, -4.359854068e+01, 2.446549710e+05
4605, 6.750000000e-02, 5.000000000e-03, 5.000000000e-03, 1.148511443e+00, 1.171481672e+02, 4.359854068e+01, -4.359854068e+01, 2.451147044e+05
4606, 6.750000000e-02, 5.000000000e-03, 6.666666667e-03, 1.148511443e+00, 1.171481672e+02, 5.813138757e+01, -4.359854068e+01, 2.457583312e+05
4607, 6.750000000e-02, 5.000000000e-03, 8.333333333e-03, 1.148511443e+00, 1.171481672e+02, 7.266423447e+01, -4.359854068e+01, 2.465858513e+05
4608, 6.750000000e-02, 5.000000000e-03, 1.000000000e-02, 1.148511443e+00, 1.171481672e+02, 8.719708136e+01, -4.359854068e+01, 2.475972649e+05
4609, 6.750000000e-02, 5.000000000e-03, 1.166666667e-02, 1.148511443e+00, 1.171481672e+02, 1.017299283e+02, -4.359854068e+01, 2.487925718e+05
4610, 6.750000000e-02, 5.000000000e-03, 1.333333333e-02, 1.148511443e+00, 1.171481672e+02, 1.162627751e+02, -4.359854068e+01, 2.501717720e+05
4611, 6.750000000e-02, 5.000000000e-03, 1.500000000e-02, 1.148511443e+00, 1.171481672e+02, 1.307956220e+02, -4.359854068e+01, 2.517348657e+05
4612, 6.750000000e-02, 5.000000000e-03, 1.666666667e-02, 1.148511443e+00, 1.171481672e+02, 1.453284689e+02, -4.359854068e+01, 2.534818527e+05
4613, 6.750000000e-02, 5.000000000e-03, 1.833333333e-02, 1.148511443e+00, 1.171481672e+02, 1.598613158e+02, -4.359854068e+01, 2.554127331e+05
4614, 6.750000000e-02, 5.000000000e-03, 2.000000000e-02, 1.148511443e+00, 1.171481672e+02, 1.743941627e+02, -4.359854068e+01, 2.575275068e+05
4615, 6.750000000e-02, 6.666666667e-03, 0.000000000e+00, 1.148511443e+00, 1.171481672e+02, 0.000000000e+00, -5.813138757e+01, 2.449308110e+05
4616, 6.750000000e-02, 6.666666667e-03, 1.666666667e-03, 1.148511443e+00, 1.171481672e+02, 1.453284689e+01, -5.813138757e+01, 2.450227577e+05
4617, 6.750000000e-02, 6.666666667e-03, 3.333333333e-03, 1.148511443e+00, 1.171481672e+02, 2.906569379e+01, -5.813138757e+01, 2.452985978e+05
4618, 6.750000000e-02, 6.666666667e-03, 5.000000000e-03, 1.148511443e+00, 1.171481672e+02, 4.359854068e+01, -5.813138757e+01, 2.457583312e+05
4619, 6.750000000e-02, 6.666666667e-03, 6.666666667e-03, 1.148511443e+00, 1.171481672e+02, 5.813138757e+01, -5.813138757e+01, 2.464019580e+05
4620, 6.750000000e-02, 6.666666667e-03, 8.333333333e-03, 1.148511443e+00, 1.171481672e+02, 7.266423447e+01, -5.813138757e+01, 2.472294781e+05
4621, 6.750000000e-02, 6.666666667e-03, 1.000000000e-02, 1.148511443e+00, 1.171481672e+02, 8.719708136e+01, -5.813138757e+01, 2.482408917e+05
4622, 6.750000000e-02, 6.666666667e-03, 1.166666667e-02, 1.148511443e+00, 1.171481672e+02, 1.017299283e+02, -5.813138757e+01, 2.494361986e+05
4623, 6.750000000e-02, 6.666666667e-03, 1.333333333e-02, 1.148511443e+00, 1.171481672e+02, 1.162627751e+02, -5.813138757e+01, 2.508153988e+05
4624, 6.750000000e-02, 6.666666667e-03, 1.500000000e-02, 1.148511443e+00, 1.171481672e+02, 1.307956220e+02, -5.813138757e+01, 2.523784925e+05
4625, 6.750000000e-02, 6.666666667e-03, 1.666666667e-02, 1.148511443e+00, 1.171481672e+02, 1.453284689e+02, -5.813138757e+01, 2.541254795e+05
4626, 6.750000000e-02, 6.666666667e-03, 1.833333333e-02, 1.148511443e+00, 1.171481672e+02, 1.598613158e+02, -5.813138757e+01, 2.560563599e+05
4627, 6.750000000e-02, 6.666666667e-03, 2.000000000e-02, 1.148511443e+00, 1.171481672e+02, 1.743941627e+02, -5.813138757e+01, 2.581711336e+05
4628, 6.750000000e-02, 8.333333333e-03, 0.000000000e+00, 1.148511443e+00, 1.171481672e+02, 0.000000000e+00, -7.266423447e+01, 2.457583312e+05
4629, 6.750000000e-02, 8.333333333e-03, 1.666666667e-03, 1.148511443e+00, 1.171481672e+02, 1.453284689e+01, -7.266423447e+01, 2.458502779e+05
4630, 6.750000000e-02, 8.333333333e-03, 3.333333333e-03, 1.148511443e+00, 1.171481672e+02, 2.906569379e+01, -7.266423447e+01, 2.461261179e+05
4631, 6.750000000e-02, 8.333333333e-03, 5.000000000e-03, 1.148511443e+00, 1.171481672e+02, 4.359854068e+01, -7.266423447e+01, 2.465858513e+05
4632, 6.750000000e-02, 8.333333333e-03, 6.666666667e-03, 1.148511443e+00, 1.171481672e+02, 5.813138757e+01, -7.266423447e+01, 2.472294781e+05
4633, 6.750000000e-02, 8.333333333e-03, 8.333333333e-03, 1.148511443e+00, 1.171481672e+02, 7.266423447e+01, -7.266423447e+01, 2.480569983e+05
4634, 6.750000000e-02, 8.333333333e-03, 1.000000000e-02, 1.148511443e+00, 1.171481672e+02, 8.719708136e+01, -7.266423447e+01, 2.490684118e+05
4635, 6.750000000e-02, 8.333333333e-03, 1.166666667e-02, 1.148511443e+00, 1.171481672e+02, 1.017299283e+02, -7.266423447e+01, 2.502637187e+05
4636, 6.750000000e-02, 8.333333333e-03, 1.333333333e-02, 1.148511443e+00, 1.171481672e+02, 1.162627751e+02, -7.266423447e+01, 2.516429190e+05
4637, 6.750000000e-02, 8.333333333e-03, 1.500000000e-02, 1.148511443e+00, 1.171481672e+02, 1.307956220e+02, -7.266423447e+01, 2.532060126e+05
4638, 6.750000000e-02, 8.333333333e-03, 1.666666667e-02, 1.148511443e+00, 1.171481672e+02, 1.453284689e+02, -7.266423447e+01, 2.549529996e+05
4639, 6.750000000e-02, 8.333333333e-03, 1.833333333e-02, 1.148511443e+00, 1.171481672e+02, 1.598613158e+02, -7.266423447e+01, 2.568838800e+05
4640, 6.750000000e-02, 8.333333333e-03, 2.000000000e-02, 1.148511443e+00, 1.171481672e+02, 1.743941627e+02, -7.266423447e+01, 2.589986538e+05
4641, 6.750000000e-02, 1.000000000e-02, 0.000000000e+00, 1.148511443e+00, 1.171481672e+02, 0.000000000e+00, -8.719708136e+01, 2.467697447e+05
4642, 6.750000000e-02, 1.000000000e-02, 1.666666667e-03, 1.148511443e+00, 1.171481672e+02, 1.453284689e+01, -8.719708136e+01, 2.468616914e+05
4643, 6.750000000e-02, 1.000000000e-02, 3.333333333e-03, 1.148511443e+00, 1.171481672e+02, 2.906569379e+01, -8.719708136e+01, 2.471375315e+05
4644, 6.750000000e-02, 1.000000000e-02, 5.000000000e-03, 1.148511443e+00, 1.171481672e+02, 4.359854068e+01, -8.719708136e+01, 2.475972649e+05
4645, 6.750000000e-02, 1.000000000e-02, 6.666666667e-03, 1.148511443e+00, 1.171481672e+02, 5.813138757e+01, -8.719708136e+01, 2.482408917e+05
4646, 6.750000000e-02, 1.000000000e-02, 8.333333333e-03, 1.148511443e+00, 1.171481672e+02, 7.266423447e+01, -8.719708136e+01, 2.490684118e+05
4647, 6.750000000e-02, 1.000000000e-02, 1.000000000e-02, 1.148511443e+00, 1.171481672e+02, 8.719708136e+01, -8.719708136e+01, 2.500798254e+05
4648, 6.750000000e-02, 1.000000000e-02, 1.166666667e-02, 1.148511443e+00, 1.171481672e+02, 1.017299283e+02, -8.719708136e+01, 2.512751323e+05
4649, 6.750000000e-02, 1.000000000e-02, 1.333333333e-02, 1.148511443e+00, 1.171481672e+02, 1.162627751e+02, -8.719708136e+01, 2.526543325e+05
4650, 6.750000000e-02, 1.000000000e-02, 1.500000000e-02, 1.148511443e+00, 1.171481672e+02, 1.307956220e+02, -8.719708136e+01, 2.542174262e+05
4651, 6.750000000e-02, 1.000000000e-02, 1.666666667e-02, 1.148511443e+00, 1.171481672e+02, 1.453284689e+02, -8.719708136e+01, 2.559644132e+05
4652, 6.750000000e-02, 1.000000000e-02, 1.833333333e-02, 1.148511443e+00, 1.171481672e+02, 1.598613158e+02, -8.719708136e+01, 2.578952935e+05
4653, 6.750000000e-02, 1.000000000e-02, 2.000000000e-02, 1.148511443e+00, 1.171481672e+02, 1.743941627e+02, -8.719708136e+01, 2.600100673e+05
4654, 6.750000000e-02, 1.166666667e-02, 0.000000000e+00, 1.148511443e+00, 1.171481672e+02, 0.000000000e+00, -1.017299283e+02, 2.479650516e+05
4655, 6.750000000e-02, 1.166666667e-02, 1.666666667e-03, 1.148511443e+00, 1.171481672e+02, 1.453284689e+01, -1.017299283e+02, 2.480569983e+05
4656, 6.750000000e-02, 1.166666667e-02, 3.333333333e-03, 1.148511443e+00, 1.171481672e+02, 2.906569379e+01, -1.017299283e+02, 2.483328384e+05
4657, 6.750000000e-02, 1.166666667e-02, 5.000000000e-03, 1.148511443e+00, 1.171481672e+02, 4.359854068e+01, -1.017299283e+02, 2.487925718e+05
4658, 6.750000000e-02, 1.166666667e-02, 6.666666667e-03, 1.148511443e+00, 1.171481672e+02, 5.813138757e+01, -1.017299283e+02, 2.494361986e+05
4659, 6.750000000e-02, 1.166666667e-02, 8.333333333e-03, 1.148511443e+00, 1.171481672e+02, 7.266423447e+01, -1.017299283e+02, 2.502637187e+05
4660, 6.750000000e-02, 1.166666667e-02, 1.000000000e-02, 1.148511443e+00, 1.171481672e+02, 8.719708136e+01, -1.017299283e+02, 2.512751323e+05
4661, 6.750000000e-02, 1.166666667e-02, 1.166666667e-02, 1.148511443e+00, 1.171481672e+02, 1.017299283e+02, -1.017299283e+02, 2.524704392e+05
4662, 6.750000000e-02, 1.166666667e-02, 1.333333333e-02, 1.148511443e+00, 1.171481672e+02, 1.162627751e+02, -1.017299283e+02, 2.538496394e+05
4663, 6.750000000e-02, 1.166666667e-02, 1.500000000e-02, 1.148511443e+00, 1.171481672e+02, 1.307956220e+02, -1.017299283e+02, 2.554127331e+05
4664, 6.750000000e-02, 1.166666667e-02, 1.666666667e-02, 1.148511443e+00, 1.171481672e+02, 1.453284689e+02, -1.017299283e+02, 2.571597201e+05
4665, 6.750000000e-02, 1.166666667e-02, 1.833333333e-02, 1.148511443e+00, 1.171481672e+02, 1.598613158e+02, -1.017299283e+02, 2.590906004e+05
4666, 6.750000000e-02, 1.166666667e-02, 2.000000000e-02, 1.148511443e+00, 1.171481672e+02, 1.743941627e+02, -1.017299283e+02, 2.612053742e+05
4667, 6.750000000e-02, 1.333333333e-02, 0.000000000e+00, 1.148511443e+00, 1.171481672e+02, 0.000000000e+00, -1.162627751e+02, 2.493442519e+05
4668, 6.750000000e-02, 1.333333333e-02, 1.666666667e-03, 1.148511443e+00, 1.171481672e+02, 1.453284689e+01, -1.162627751e+02, 2.494361986e+05
4669, 6.750000000e-02, 1.333333333e-02, 3.333333333e-03, 1.148511443e+00, 1.171481672e+02, 2.906569379e+01, -1.162627751e+02, 2.497120386e+05
4670, 6.750000000e-02, 1.333333333e-02, 5.000000000e-03, 1.148511443e+00, 1.171481672e+02, 4.359854068e+01, -1.162627751e+02, 2.501717720e+05
4671, 6.750000000e-02, 1.333333333e-02, 6.666666667e-03, 1.148511443e+00, 1.171481672e+02, 5.813138757e+01, -1.162627751e+02, 2.508153988e+05
4672, 6.750000000e-02, 1.333333333e-02, 8.333333333e-03, 1.148511443e+00, 1.171481672e+02, 7.266423447e+01, -1.162627751e+02, 2.516429190e+05
4673, 6.750000000e-02, 1.333333333e-02, 1.000000000e-02, 1.148511443e+00, 1.171481672e+02, 8.719708136e+01, -1.162627751e+02, 2.526543325e+05
4674, 6.750000000e-02, 1.333333333e-02, 1.166666667e-02, 1.148511443e+00, 1.171481672e+02, 1.017299283e+02, -1.162627751e+02, 2.538496394e+05
4675, 6.750000000e-02, 1.333333333e-02, 1.333333333e-02, 1.148511443e+00, 1.171481672e+02, 1.162627751e+02, -1.162627751e+02, 2.552288397e+05
4676, 6.750000000e-02, 1.333333333e-02, 1.500000000e-02, 1.148511443e+00, 1.171481672e+02, 1.307956220e+02, -1.162627751e+02, 2.567919333e+05
4677, 6.750000000e-02, 1.333333333e-02, 1.666666667e-02, 1.148511443e+00, 1.171481672e+02, 1.453284689e+02, -1.162627751e+02, 2.585389203e+05
4678, 6.750000000e-02, 1.333333333e-02, 1.833333333e-02, 1.148511443e+00, 1.171481672e+02, 1.598613158e+02, -1.162627751e+02, 2.604698007e+05
4679, 6.750000000e-02, 1.333333333e-02, 2.000000000e-02, 1.148511443e+00, 1.171481672e+02, 1.743941627e+02, -1.162627751e+02, 2.625845745e+05
4680, 6.750000000e-02, 1.500000000e-02, 0.000000000e+00, 1.148511443e+00, 1.171481672e+02, 0.000000000e+00, -1.307956220e+02, 2.509073455e+05
4681, 6.750000000e-02, 1.500000000e-02, 1.666666667e-03, 1.148511443e+00, 1.171481672e+02, 1.453284689e+01, -1.307956220e+02, 2.509992922e+05
4682, 6.750000000e-02, 1.500000000e-02, 3.333333333e-03, 1.148511443e+00, 1.171481672e+02, 2.906569379e+01, -1.307956220e+02, 2.512751323e+05
4683, 6.750000000e-02, 1.500000000e-02, 5.000000000e-03, 1.148511443e+00, 1.171481672e+02, 4.359854068e+01, -1.307956220e+02, 2.517348657e+05
4684, 6.750000000e-02, 1.500000000e-02, 6.666666667e-03, 1.148511443e+00, 1.171481672e+02, 5.813138757e+01, -1.307956220e+02, 2.523784925e+05
4685, 6.750000000e-02, 1.500000000e-02, 8.333333333e-03, 1.148511443e+00, 1.171481672e+02, 7.266423447e+01, -1.307956220e+02, 2.532060126e+05
4686, 6.750000000e-02, 1.500000000e-02, 1.000000000e-02, 1.148511443e+00, 1.171481672e+02, 8.719708136e+01, -1.307956220e+02, 2.542174262e+05
4687, 6.750000000e-02, 1.500000000e-02, 1.166666667e-02, 1.148511443e+00, 1.171481672e+02, 1.017299283e+02, -1.307956220e+02, 2.554127331e+05
4688, 6.750000000e-02, 1.500000000e-02, 1.333333333e-02, 1.148511443e+00, 1.171481672e+02, 1.162627751e+02, -1.307956220e+02, 2.567919333e+05
4689, 6.750000000e-02, 1.500000000e-02, 1.500000000e-02, 1.148511443e+00, 1.171481672e+02, 1.307956220e+02, -1.307956220e+02, 2.583550270e+05
4690, 6.750000000e-02, 1.500000000e-02, 1.666666667e-02, 1.148511443e+00, 1.171481672e+02, 1.453284689e+02, -1.307956220e+02, 2.601020140e+05
4691, 6.750000000e-02, 1.500000000e-02, 1.833333333e-02, 1.148511443e+00, 1.171481672e+02, 1.598613158e+02, -1.307956220e+02, 2.620328944e+05
4692, 6.750000000e-02, 1.500000000e-02, 2.000000000e-02, 1.148511443e+00, 1.171481672e+02, 1.743941627e+02, -1.307956220e+02, 2.641476681e+05
4693, 6.750000000e-02, 1.666666667e-02, 0.000000000e+00, 1.148511443e+00, 1.171481672e+02, 0.000000000e+00, -1.453284689e+02, 2.526543325e+05
4694, 6.750000000e-02, 1.666666667e-02, 1.666666667e-03, 1.148511443e+00, 1.171481672e+02, 1.453284689e+01, -1.453284689e+02, 2.527462792e+05
4695, 6.750000000e-02, 1.666666667e-02, 3.333333333e-03, 1.148511443e+00, 1.171481672e+02, 2.906569379e+01, -1.453284689e+02, 2.530221193e+05
4696, 6.750000000e-02, 1.666666667e-02, 5.000000000e-03, 1.148511443e+00, 1.171481672e+02, 4.359854068e+01, -1.453284689e+02, 2.534818527e+05
4697, 6.750000000e-02, 1.666666667e-02, 6.666666667e-03, 1.148511443e+00, 1.171481672e+02, 5.813138757e+01, -1.453284689e+02, 2.541254795e+05
4698, 6.750000000e-02, 1.666666667e-02, 8.333333333e-03, 1.148511443e+00, 1.171481672e+02, 7.266423447e+01, -1.453284689e+02, 2.549529996e+05
4699, 6.750000000e-02, 1.666666667e-02, 1.000000000e-02, 1.148511443e+00, 1.171481672e+02, 8.719708136e+01, -1.453284689e+02, 2.559644132e+05
4700, 6.750000000e-02, 1.666666667e-02, 1.166666667e-02, 1.148511443e+00, 1.171481672e+02, 1.017299283e+02, -1.453284689e+02, 2.571597201e+05
4701, 6.750000000e-02, 1.666666667e-02, 1.333333333e-02, 1.148511443e+00, 1.171481672e+02, 1.162627751e+02, -1.453284689e+02, 2.585389203e+05
4702, 6.750000000e-02, 1.666666667e-02, 1.500000000e-02, 1.148511443e+00, 1.171481672e+02, 1.307956220e+02, -1.453284689e+02, 2.601020140e+05
4703, 6.750000000e-02, 1.666666667e-02, 1.666666667e-02, 1.148511443e+00, 1.171481672e+02, 1.453284689e+02, -1.453284689e+02, 2.618490010e+05
4704, 6.750000000e-02, 1.666666667e-02, 1.833333333e-02, 1.148511443e+00, 1.171481672e+02, 1.598613158e+02, -1.453284689e+02, 2.637798814e+05
4705, 6.750000000e-02, 1.666666667e-02, 2.000000000e-02, 1.148511443e+00, 1.171481672e+02, 1.743941627e+02, -1.453284689e+02, 2.658946551e+05
4706, 6.750000000e-02, 1.833333333e-02, 0.000000000e+00, 1.148511443e+00, 1.171481672e+02, 0.000000000e+00, -1.598613158e+02, 2.545852129e+05
4707, 6.750000000e-02, 1.833333333e-02, 1.666666667e-03, 1.148511443e+00, 1.171481672e+02, 1.453284689e+01, -1.598613158e+02, 2.546771596e+05
4708, 6.750000000e-02, 1.833333333e-02, 3.333333333e-03, 1.148511443e+00, 1.171481672e+02, 2.906569379e+01, -1.598613158e+02, 2.549529996e+05
4709, 6.750000000e-02, 1.833333333e-02, 5.000000000e-03, 1.148511443e+00, 1.171481672e+02, 4.359854068e+01, -1.598613158e+02, 2.554127331e+05
4710, 6.750000000e-02, 1.833333333e-02, 6.666666667e-03, 1.148511443e+00, 1.171481672e+02, 5.813138757e+01, -1.598613158e+02, 2.560563599e+05
4711, 6.750000000e-02, 1.833333333e-02, 8.333333333e-03, 1.148511443e+00, 1.171481672e+02, 7.266423447e+01, -1.598613158e+02, 2.568838800e+05
4712, 6.750000000e-02, 1.833333333e-02, 1.000000000e-02, 1.148511443e+00, 1.171481672e+02, 8.719708136e+01, -1.598613158e+02, 2.578952935e+05
4713, 6.750000000e-02, 1.833333333e-02, 1.166666667e-02, 1.148511443e+00, 1.171481672e+02, 1.017299283e+02, -1.598613158e+02, 2.590906004e+05
4714, 6.750000000e-02, 1.833333333e-02, 1.333333333e-02, 1.148511443e+00, 1.171481672e+02, 1.162627751e+02, -1.598613158e+02, 2.604698007e+05
4715, 6.750000000e-02, 1.833333333e-02, 1.500000000e-02, 1.148511443e+00, 1.171481672e+02, 1.307956220e+02, -1.598613158e+02, 2.620328944e+05
4716, 6.750000000e-02, 1.833333333e-02, 1.666666667e-02, 1.148511443e+00, 1.171481672e+02, 1.453284689e+02, -1.598613158e+02, 2.637798814e+05
4717, 6.750000000e-02, 1.833333333e-02, 1.833333333e-02, 1.148511443e+00, 1.171481672e+02, 1.598613158e+02, -1.598613158e+02, 2.657107617e+05
4718, 6.750000000e-02, 1.833333333e-02, 2.000000000e-02, 1.148511443e+00, 1.171481672e+02, 1.743941627e+02, -1.598613158e+02, 2.678255355e+05
4719, 6.750000000e-02, 2.000000000e-02, 0.000000000e+00, 1.148511443e+00, 1.171481672e+02, 0.000000000e+00, -1.743941627e+02, 2.566999866e+05
4720, 6.750000000e-02, 2.000000000e-02, 1.666666667e-03, 1.148511443e+00, 1.171481672e+02, 1.453284689e+01, -1.743941627e+02, 2.567919333e+05
4721, 6.750000000e-02, 2.000000000e-02, 3.333333333e-03, 1.148511443e+00, 1.171481672e+02, 2.906569379e+01, -1.743941627e+02, 2.570677734e+05
4722, 6.750000000e-02, 2.000000000e-02, 5.000000000e-03, 1.148511443e+00, 1.171481672e+02, 4.359854068e+01, -1.743941627e+02, 2.575275068e+05
4723, 6.750000000e-02, 2.000000000e-02, 6.666666667e-03, 1.148511443e+00, 1.171481672e+02, 5.813138757e+01, -1.743941627e+02, 2.581711336e+05
4724, 6.750000000e-02, 2.000000000e-02, 8.333333333e-03, 1.148511443e+00, 1.171481672e+02, 7.266423447e+01, -1.743941627e+02, 2.589986538e+05
4725, 6.750000000e-02, 2.000000000e-02, 1.000000000e-02, 1.148511443e+00, 1.171481672e+02, 8.719708136e+01, -1.743941627e+02, 2.600100673e+05
4726, 6.750000000e-02, 2.000000000e-02, 1.166666667e-02, 1.148511443e+00, 1.171481672e+02, 1.017299283e+02, -1.743941627e+02, 2.612053742e+05
4727, 6.750000000e-02, 2.000000000e-02, 1.333333333e-02, 1.148511443e+00, 1.171481672e+02, 1.162627751e+02, -1.743941627e+02, 2.625845745e+05
4728, 6.750000000e-02, 2.000000000e-02, 1.500000000e-02, 1.148511443e+00, 1.171481672e+02, 1.307956220e+02, -1.743941627e+02, 2.641476681e+05
4729, 6.750000000e-02, 2.000000000e-02, 1.666666667e-02, 1.148511443e+00, 1.171481672e+02, 1.453284689e+02, -1.743941627e+02, 2.658946551e+05
4730, 6.750000000e-02, 2.000000000e-02, 1.833333333e-02, 1.148511443e+00, 1.171481672e+02, 1.598613158e+02, -1.743941627e+02, 2.678255355e+05
4731, 6.750000000e-02, 2.000000000e-02, 2.000000000e-02, 1.148511443e+00, 1.171481672e+02, 1.743941627e+02, -1.743941627e+02, 2.699403092e+05
4732, 7.000000000e-02, 0.000000000e+00, 0.000000000e+00, 1.148511443e+00, 1.171481672e+02, 0.000000000e+00, 0.000000000e+00, 2.434596641e+05
4733, 7.000000000e-02, 0.000000000e+00, 1.666666667e-03, 1.148511443e+00, 1.171481672e+02, 1.453284689e+01, 0.000000000e+00, 2.435516108e+05
4734, 7.000000000e-02, 0.000000000e+00, 3.333333333e-03, 1.148511443e+00, 1.171481672e+02, 2.906569379e+01, 0.000000000e+00, 2.438274508e+05
4735, 7.000000000e-02, 0.000000000e+00, 5.000000000e-03, 1.148511443e+00, 1.171481672e+02, 4.359854068e+01, 0.000000000e+00, 2.442871842e+05
4736, 7.000000000e-02, 0.000000000e+00, 6.666666667e-03, 1.148511443e+00, 1.171481672e+02, 5.813138757e+01, 0.000000000e+00, 2.449308110e+05
4737, 7.000000000e-02, 0.000000000e+00, 8.333333333e-03, 1.148511443e+00, 1.171481672e+02, 7.266423447e+01, 0.000000000e+00, 2.457583312e+05
4738, 7.000000000e-02, 0.000000000e+00, 1.000000000e-02, 1.148511443e+00, 1.171481672e+02, 8.719708136e+01, 0.000000000e+00, 2.467697447e+05
4739, 7.000000000e-02, 0.000000000e+00, 1.166666667e-02, 1.148511443e+00, 1.171481672e+02, 1.017299283e+02, 0.000000000e+00, 2.479650516e+05
4740, 7.000000000e-02, 0.000000000e+00, 1.333333333e-02, 1.148511443e+00, 1.171481672e+02, 1.162627751e+02, 0.000000000e+00, 2.493442519e+05
4741, 7.000000000e-02, 0.000000000e+00, 1.500000000e-02, 1.148511443e+00, 1.171481672e+02, 1.307956220e+02, 0.000000000e+00, 2.509073455e+05
4742, 7.000000000e-02, 0.000000000e+00, 1.666666667e-02, 1.148511443e+00, 1.171481672e+02, 1.453284689e+02, 0.000000000e+00, 2.526543325e+05
4743, 7.000000000e-02, 0.000000000e+00, 1.833333333e-02, 1.148511443e+00, 1.171481672e+02, 1.598613158e+02, 0.000000000e+00, 2.545852129e+05
4744, 7.000000000e-02, 0.000000000e+00, 2.000000000e-02, 1.148511443e+00, 1.171481672e+02, 1.743941627e+02, 0.000000000e+00, 2.566999866e+05
4745, 7.000000000e-02, 1.666666667e-03, 0.000000000e+00, 1.148511443e+00, 1.171481672e+02, 0.000000000e+00, -1.453284689e+01, 2.435516108e+05
4746, 7.000000000e-02, 1.666666667e-03, 1.666666667e-03, 1.148511443e+00, 1.171481672e+02, 1.453284689e+01, -1.453284689e+01, 2.436435574e+05
4747, 7.000000000e-02, 1.666666667e-03, 3.333333333e-03, 1.148511443e+00, 1.171481672e+02, 2.906569379e+01, -1.453284689e+01, 2.439193975e+05
4748, 7.000000000e-02, 1.666666667e-03, 5.000000000e-03, 1.148511443e+00, 1.171481672e+02, 4.359854068e+01, -1.453284689e+01, 2.443791309e+05
4749, 7.000000000e-02, 1.666666667e-03, 6.666666667e-03, 1.148511443e+00, 1.171481672e+02, 5.813138757e+01, -1.453284689e+01, 2.450227577e+05
4750, 7.000000000e-02, 1.666666667e-03, 8.333333333e-03, 1.148511443e+00, 1.171481672e+02, 7.266423447e+01, -1.453284689e+01, 2.458502779e+05
4751, 7.000000000e-02, 1.666666667e-03, 1.000000000e-02, 1.148511443e+00, 1.171481672e+02, 8.719708136e+01, -1.453284689e+01, 2.468616914e+05
4752, 7.000000000e-02, 1.666666667e-03, 1.166666667e-02, 1.148511443e+00, 1.171481672e+02, 1.017299283e+02, -1.453284689e+01, 2.480569983e+05
4753, 7.000000000e-02, 1.666666667e-03, 1.333333333e-02, 1.148511443e+00, 1.171481672e+02, 1.162627751e+02, -1.453284689e+01, 2.494361986e+05
4754, 7.000000000e-02, 1.666666667e-03, 1.500000000e-02, 1.148511443e+00, 1.171481672e+02, 1.307956220e+02, -1.453284689e+01, 2.509992922e+05
4755, 7.000000000e-02, 1.666666667e-03, 1.666666667e-02, 1.148511443e+00, 1.171481672e+02, 1.453284689e+02, -1.453284689e+01, 2.527462792e+05
4756, 7.000000000e-02, 1.666666667e-03, 1.833333333e-02, 1.148511443e+00, 1.171481672e+02, 1.598613158e+02, -1.453284689e+01, 2.546771596e+05
4757, 7.000000000e-02, 1.666666667e-03, 2.000000000e-02, 1.148511443e+00, 1.171481672e+02, 1.743941627e+02, -1.453284689e+01, 2.567919333e+05
4758, 7.000000000e-02, 3.333333333e-03, 0.000000000e+00, 1.148511443e+00, 1.171481672e+02, 0.000000000e+00, -2.906569379e+01, 2.438274508e+05
4759, 7.000000000e-02, 3.333333333e-03, 1.666666667e-03, 1.148511443e+00, 1.171481672e+02, 1.453284689e+01, -2.906569379e+01, 2.439193975e+05
4760, 7.000000000e-02, 3.333333333e-03, 3.333333333e-03, 1.148511443e+00, 1.171481672e+02, 2.906569379e+01, -2.906569379e+01, 2.441952375e+05
4761, 7.000000000e-02, 3.333333333e-03, 5.000000000e-03, 1.148511443e+00, 1.171481672e+02, 4.359854068e+01, -2.906569379e+01, 2.446549710e+05
4762, 7.000000000e-02, 3.333333333e-03, 6.666666667e-03, 1.148511443e+00, 1.171481672e+02, 5.813138757e+01, -2.906569379e+01, 2.452985978e+05
4763, 7.000000000e-02, 3.333333333e-03, 8.333333333e-03, 1.148511443e+00, 1.171481672e+02, 7.266423447e+01, -2.906569379e+01, 2.461261179e+05
4764, 7.000000000e-02, 3.333333333e-03, 1.000000000e-02, 1.148511443e+00, 1.171481672e+02, 8.719708136e+01, -2.906569379e+01, 2.471375315e+05
4765, 7.000000000e-02, 3.333333333e-03, 1.166666667e-02, 1.148511443e+00, 1.171481672e+02, 1.017299283e+02, -2.906569379e+01, 2.483328384e+05
4766, 7.000000000e-02, 3.333333333e-03, 1.333333333e-02, 1.148511443e+00, 1.171481672e+02, 1.162627751e+02, -2.906569379e+01, 2.497120386e+05
4767, 7.000000000e-02, 3.333333333e-03, 1.500000000e-02, 1.148511443e+00, 1.171481672e+02, 1.307956220e+02, -2.906569379e+01, 2.512751323e+05
4768, 7.000000000e-02, 3.333333333e-03, 1.666666667e-02, 1.148511443e+00, 1.171481672e+02, 1.453284689e+02, -2.906569379e+01, 2.530221193e+05
4769, 7.000000000e-02, 3.333333333e-03, 1.833333333e-02, 1.148511443e+00, 1.171481672e+02, 1.598613158e+02, -2.906569379e+01, 2.549529996e+05
4770, 7.000000000e-02, 3.333333333e-03, 2.000000000e-02, 1.148511443e+00, 1.171481672e+02, 1.743941627e+02, -2.906569379e+01, 2.570677734e+05
4771, 7.000000000e-02, 5.000000000e-03, 0.000000000e+00, 1.148511443e+00, 1.171481672e+02, 0.000000000e+00, -4.359854068e+01, 2.442871842e+05
4772, 7.000000000e-02, 5.000000000e-03, 1.666666667e-03, 1.148511443e+00, 1.171481672e+02, 1.453284689e+01, -4.359854068e+01, 2.443791309e+05
4773, 7.000000000e-02, 5.000000000e-03, 3.333333333e-03, 1.148511443e+00, 1.171481672e+02, 2.906569379e+01, -4.359854068e+01, 2.446549710e+05
4774, 7.000000000e-02, 5.000000000e-03, 5.000000000e-03, 1.148511443e+00, 1.171481672e+02, 4.359854068e+01, -4.359854068e+01, 2.451147044e+05
4775, 7.000000000e-02, 5.000000000e-03, 6.666666667e-03, 1.148511443e+00, 1.171481672e+02, 5.813138757e+01, -4.359854068e+01, 2.457583312e+05
4776, 7.000000000e-02, 5.000000000e-03, 8.333333333e-03, 1.148511443e+00, 1.171481672e+02, 7.266423447e+01, -4.359854068e+01, 2.465858513e+05
4777, 7.000000000e-02, 5.000000000e-03, 1.000000000e-02, 1.148511443e+00, 1.171481672e+02, 8.719708136e+01, -4.359854068e+01, 2.475972649e+05
4778, 7.000000000e-02, 5.000000000e-03, 1.166666667e-02, 1.148511443e+00, 1.171481672e+02, 1.017299283e+02, -4.359854068e+01, 2.487925718e+05
4779, 7.000000000e-02, 5.000000000e-03, 1.333333333e-02, 1.148511443e+00, 1.171481672e+02, 1.162627751e+02, -4.359854068e+01, 2.501717720e+05
4780, 7.000000000e-02, 5.000000000e-03, 1.500000000e-02, 1.148511443e+00, 1.171481672e+02, 1.307956220e+02, -4.359854068e+01, 2.517348657e+05
4781, 7.000000000e-02, 5.000000000e-03, 1.666666667e-02, 1.148511443e+00, 1.171481672e+02, 1.453284689e+02, -4.359854068e+01, 2.534818527e+05
4782, 7.000000000e-02, 5.000000000e-03, 1.833333333e-02, 1.148511443e+00, 1.171481672e+02, 1.598613158e+02, -4.359854068e+01, 2.554127331e+05
4783, 7.000000000e-02, 5.000000000e-03, 2.000000000e-02, 1.148511443e+00, 1.171481672e+02, 1.743941627e+02, -4.359854068e+01, 2.575275068e+05
4784, 7.000000000e-02, 6.666666667e-03, 0.000000000e+00, 1.148511443e+00, 1.171481672e+02, 0.000000000e+00, -5.813138757e+01, 2.449308110e+05
4785, 7.000000000e-02, 6.666666667e-03, 1.666666667e-03, 1.148511443e+00, 1.171481672e+02, 1.453284689e+01, -5.813138757e+01, 2.450227577e+05
4786, 7.000000000e-02, 6.666666667e-03, 3.333333333e-03, 1.148511443e+00, 1.171481672e+02, 2.906569379e+01, -5.813138757e+01, 2.452985978e+05
4787, 7.000000000e-02, 6.666666667e-03, 5.000000000e-03, 1.148511443e+00, 1.171481672e+02, 4.359854068e+01, -5.813138757e+01, 2.457583312e+05
4788, 7.000000000e-02, 6.666666667e-03, 6.666666667e-03, 1.148511443e+00, 1.171481672e+02, 5.813138757e+01, -5.813138757e+01, 2.464019580e+05
4789, 7.000000000e-02, 6.666666667e-03, 8.333333333e-03, 1.148511443e+00, 1.171481672e+02, 7.266423447e+01, -5.813138757e+01, 2.472294781e+05
4790, 7.000000000e-02, 6.666666667e-03, 1.000000000e-02, 1.148511443e+00, 1.171481672e+02, 8.719708136e+01, -5.813138757e+01, 2.482408917e+05
4791, 7.000000000e-02, 6.666666667e-03, 1.166666667e-02, 1.148511443e+00, 1.171481672e+02, 1.017299283e+02, -5.813138757e+01, 2.494361986e+05
4792, 7.000000000e-02, 6.666666667e-03, 1.333333333e-02, 1.148511443e+00, 1.171481672e+02, 1.162627751e+02, -5.813138757e+01, 2.508153988e+05
4793, 7.000000000e-02, 6.666666667e-03, 1.500000000e-02, 1.148511443e+00, 1.171481672e+02, 1.307956220e+02, -5.813138757e+01, 2.523784925e+05
4794, 7.000000000e-02, 6.666666667e-03, 1.666666667e-02, 1.148511443e+00, 1.171481672e+02, 1.453284689e+02, -5.813138757e+01, 2.541254795e+05
4795, 7.000000000e-02, 6.666666667e-03, 1.833333333e-02, 1.148511443e+00, 1.171481672e+02, 1.598613158e+02, -5.813138757e+01, 2.560563599e+05
4796, 7.000000000e-02, 6.666666667e-03, 2.000000000e-02, 1.148511443e+00, 1.171481672e+02, 1.743941627e+02, -5.813138757e+01, 2.581711336e+05
4797, 7.000000000e-02, 8.333333333e-03, 0.000000000e+00, 1.148511443e+00, 1.171481672e+02, 0.000000000e+00, -7.266423447e+01, 2.457583312e+05
4798, 7.000000000e-02, 8.333333333e-03, 1.666666667e-03, 1.148511443e+00, 1.171481672e+02, 1.453284689e+01, -7.266423447e+01, 2.458502779e+05
4799, 7.000000000e-02, 8.333333333e-03, 3.333333333e-03, 1.148511443e+00, 1.171481672e+02, 2.906569379e+01, -7.266423447e+01, 2.461261179e+05
4800, 7.000000000e-02, 8.333333333e-03, 5.000000000e-03, 1.148511443e+00, 1.171481672e+02, 4.359854068e+01, -7.266423447e+01, 2.465858513e+05
4801, 7.000000000e-02, 8.333333333e-03, 6.666666667e-03, 1.148511443e+00, 1.171481672e+02, 5.813138757e+01, -7.266423447e+01, 2.472294781e+05
4802, 7.000000000e-02, 8.333333333e-03, 8.333333333e-03, 1.148511443e+00, 1.171481672e+02, 7.266423447e+01, -7.266423447e+01, 2.480569983e+05
4803, 7.000000000e-02, 8.333333333e-03, 1.000000000e-02, 1.148511443e+00, 1.171481672e+02, 8.719708136e+01, -7.266423447e+01, 2.490684118e+05
4804, 7.000000000e-02, 8.333333333e-03, 1.166666667e-02, 1.148511443e+00, 1.171481672e+02, 1.017299283e+02, -7.266423447e+01, 2.502637187e+05
4805, 7.000000000e-02, 8.333333333e-03, 1.333333333e-02, 1.148511443e+00, 1.171481672e+02, 1.162627751e+02, -7.266423447e+01, 2.516429190e+05
4806, 7.000000000e-02, 8.333333333e-03, 1.500000000e-02, 1.148511443e+00, 1.171481672e+02, 1.307956220e+02, -7.266423447e+01, 2.532060126e+05
4807, 7.000000000e-02, 8.333333333e-03, 1.666666667e-02, 1.148511443e+00, 1.171481672e+02, 1.453284689e+02, -7.266423447e+01, 2.549529996e+05
4808, 7.000000000e-02, 8.333333333e-03, 1.833333333e-02, 1.148511443e+00, 1.171481672e+02, 1.598613158e+02, -7.266423447e+01, 2.568838800e+05
4809, 7.000000000e-02, 8.333333333e-03, 2.000000000e-02, 1.148511443e+00, 1.171481672e+02, 1.743941627e+02, -7.266423447e+01, 2.589986538e+05
4810, 7.000000000e-02, 1.000000000e-02, 0.000000000e+00, 1.148511443e+00, 1.171481672e+02, 0.000000000e+00, -8.719708136e+01, 2.467697447e+05
4811, 7.000000000e-02, 1.000000000e-02, 1.666666667e-03, 1.148511443e+00, 1.171481672e+02, 1.453284689e+01, -8.719708136e+01, 2.468616914e+05
4812, 7.000000000e-02, 1.000000000e-02, 3.333333333e-03, 1.148511443e+00, 1.171481672e+02, 2.906569379e+01, -8.719708136e+01, 2.471375315e+05
4813, 7.000000000e-02, 1.000000000e-02, 5.000000000e-03, 1.148511443e+00, 1.171481672e+02, 4.359854068e+01, -8.719708136e+01, 2.475972649e+05
4814, 7.000000000e-02, 1.000000000e-02, 6.666666667e-03, 1.148511443e+00, 1.171481672e+02, 5.813138757e+01, -8.719708136e+01, 2.482408917e+05
4815, 7.000000000e-02, 1.000000000e-02, 8.333333333e-03, 1.148511443e+00, 1.171481672e+02, 7.266423447e+01, -8.719708136e+01, 2.490684118e+05
4816, 7.000000000e-02, 1.000000000e-02, 1.000000000e-02, 1.148511443e+00, 1.171481672e+02, 8.719708136e+01, -8.719708136e+01, 2.500798254e+05
4817, 7.000000000e-02, 1.000000000e-02, 1.166666667e-02, 1.148511443e+00, 1.171481672e+02, 1.017299283e+02, -8.719708136e+01, 2.512751323e+05
4818, 7.000000000e-02, 1.000000000e-02, 1.333333333e-02, 1.148511443e+00, 1.171481672e+02, 1.162627751e+02, -8.719708136e+01, 2.526543325e+05
4819, 7.000000000e-02, 1.000000000e-02, 1.500000000e-02, 1.148511443e+00, 1.171481672e+02, 1.307956220e+02, -8.719708136e+01, 2.542174262e+05
4820, 7.000000000e-02, 1.000000000e-02, 1.666666667e-02, 1.148511443e+00, 1.171481672e+02, 1.453284689e+02, -8.719708136e+01, 2.559644132e+05
4821, 7.000000000e-02, 1.000000000e-02, 1.833333333e-02, 1.148511443e+00, 1.171481672e+02, 1.598613158e+02, -8.719708136e+01, 2.578952935e+05
4822, 7.000000000e-02, 1.000000000e-02, 2.000000000e-02, 1.148511443e+00, 1.171481672e+02, 1.743941627e+02, -8.719708136e+01, 2.600100673e+05
4823, 7.000000000e-02, 1.166666667e-02, 0.000000000e+00, 1.148511443e+00, 1.171481672e+02, 0.000000000e+00, -1.017299283e+02, 2.479650516e+05
4824, 7.000000000e-02, 1.166666667e-02, 1.666666667e-03, 1.148511443e+00, 1.171481672e+02, 1.453284689e+01, -1.017299283e+02, 2.480569983e+05
4825, 7.000000000e-02, 1.166666667e-02, 3.333333333e-03, 1.148511443e+00, 1.171481672e+02, 2.906569379e+01, -1.017299283e+02, 2.483328384e+05
4826, 7.000000000e-02, 1.166666667e-02, 5.000000000e-03, 1.148511443e+00, 1.171481672e+02, 4.359854068e+01, -1.017299283e+02, 2.487925718e+05
4827, 7.000000000e-02, 1.166666667e-02, 6.666666667e-03, 1.148511443e+00, 1.171481672e+02, 5.813138757e+01, -1.017299283e+02, 2.494361986e+05
4828, 7.000000000e-02, 1.166666667e-02, 8.333333333e-03, 1.148511443e+00, 1.171481672e+02, 7.266423447e+01, -1.017299283e+02, 2.502637187e+05
4829, 7.000000000e-02, 1.166666667e-02, 1.000000000e-02, 1.148511443e+00, 1.171481672e+02, 8.719708136e+01, -1.017299283e+02, 2.512751323e+05
4830, 7.000000000e-02, 1.166666667e-02, 1.166666667e-02, 1.148511443e+00, 1.171481672e+02, 1.017299283e+02, -1.017299283e+02, 2.524704392e+05
4831, 7.000000000e-02, 1.166666667e-02, 1.333333333e-02, 1.148511443e+00, 1.171481672e+02, 1.162627751e+02, -1.017299283e+02, 2.538496394e+05
4832, 7.000000000e-02, 1.166666667e-02, 1.500000000e-02, 1.148511443e+00, 1.171481672e+02, 1.307956220e+02, -1.017299283e+02, 2.554127331e+05
4833, 7.000000000e-02, 1.166666667e-02, 1.666666667e-02, 1.148511443e+00, 1.171481672e+02, 1.453284689e+02, -1.017299283e+02, 2.571597201e+05
4834, 7.000000000e-02, 1.166666667e-02, 1.833333333e-02, 1.148511443e+00, 1.171481672e+02, 1.598613158e+02, -1.017299283e+02, 2.590906004e+05
4835, 7.000000000e-02, 1.166666667e-02, 2.000000000e-02, 1.148511443e+00, 1.171481672e+02, 1.743941627e+02, -1.017299283e+02, 2.612053742e+05
4836, 7.000000000e-02, 1.333333333e-02, 0.000000000e+00, 1.148511443e+00, 1.171481672e+02, 0.000000000e+00, -1.162627751e+02, 2.493442519e+05
4837, 7.000000000e-02, 1.333333333e-02, 1.666666667e-03, 1.148511443e+00, 1.171481672e+02, 1.453284689e+01, -1.162627751e+02, 2.494361986e+05
4838, 7.000000000e-02, 1.333333333e-02, 3.333333333e-03, 1.148511443e+00, 1.171481672e+02, 2.906569379e+01, -1.162627751e+02, 2.497120386e+05
4839, 7.000000000e-02, 1.333333333e-02, 5.000000000e-03, 1.148511443e+00, 1.171481672e+02, 4.359854068e+01, -1.162627751e+02, 2.501717720e+05
4840, 7.000000000e-02, 1.333333333e-02, 6.666666667e-03, 1.148511443e+00, 1.171481672e+02, 5.813138757e+01, -1.162627751e+02, 2.508153988e+05
4841, 7.000000000e-02, 1.333333333e-02, 8.333333333e-03, 1.148511443e+00, 1.171481672e+02, 7.266423447e+01, -1.162627751e+02, 2.516429190e+05
4842, 7.000000000e-02, 1.333333333e-02, 1.000000000e-02, 1.148511443e+00, 1.171481672e+02, 8.719708136e+01, -1.162627751e+02, 2.526543325e+05
4843, 7.000000000e-02, 1.333333333e-02, 1.166666667e-02, 1.148511443e+00, 1.171481672e+02, 1.017299283e+02, -1.162627751e+02, 2.538496394e+05
4844, 7.000000000e-02, 1.333333333e-02, 1.333333333e-02, 1.148511443e+00, 1.171481672e+02, 1.162627751e+02, -1.162627751e+02, 2.552288397e+05
4845, 7.000000000e-02, 1.333333333e-02, 1.500000000e-02, 1.148511443e+00, 1.171481672e+02, 1.307956220e+02, -1.162627751e+02, 2.567919333e+05
4846, 7.000000000e-02, 1.333333333e-02, 1.666666667e-02, 1.148511443e+00, 1.171481672e+02, 1.453284689e+02, -1.162627751e+02, 2.585389203e+05
4847, 7.000000000e-02, 1.333333333e-02, 1.833333333e-02, 1.148511443e+00, 1.171481672e+02, 1.598613158e+02, -1.162627751e+02, 2.604698007e+05
4848, 7.000000000e-02, 1.333333333e-02, 2.000000000e-02, 1.148511443e+00, 1.171481672e+02, 1.743941627e+02, -1.162627751e+02, 2.625845745e+05
4849, 7.000000000e-02, 1.500000000e-02, 0.000000000e+00, 1.148511443e+00, 1.171481672e+02, 0.000000000e+00, -1.307956220e+02, 2.509073455e+05
4850, 7.000000000e-02, 1.500000000e-02, 1.666666667e-03, 1.148511443e+00, 1.171481672e+02, 1.453284689e+01, -1.307956220e+02, 2.509992922e+05
4851, 7.000000000e-02, 1.500000000e-02, 3.333333333e-03, 1.148511443e+00, 1.171481672e+02, 2.906569379e+01, -1.307956220e+02, 2.512751323e+05
4852, 7.000000000e-02, 1.500000000e-02, 5.000000000e-03, 1.148511443e+00, 1.171481672e+02, 4.359854068e+01, -1.307956220e+02, 2.517348657e+05
4853, 7.000000000e-02, 1.500000000e-02, 6.666666667e-03, 1.148511443e+00, 1.171481672e+02, 5.813138757e+01, -1.307956220e+02, 2.523784925e+05
4854, 7.000000000e-02, 1.500000000e-02, 8.333333333e-03, 1.148511443e+00, 1.171481672e+02, 7.266423447e+01, -1.307956220e+02, 2.532060126e+05
4855, 7.000000000e-02, 1.500000000e-02, 1.000000000e-02, 1.148511443e+00, 1.171481672e+02, 8.719708136e+01, -1.307956220e+02, 2.542174262e+05
4856, 7.000000000e-02, 1.500000000e-02, 1.166666667e-02, 1.148511443e+00, 1.171481672e+02, 1.017299283e+02, -1.307956220e+02, 2.554127331e+05
4857, 7.000000000e-02, 1.500000000e-02, 1.333333333e-02, 1.148511443e+00, 1.171481672e+02, 1.162627751e+02, -1.307956220e+02, 2.567919333e+05
4858, 7.000000000e-02, 1.500000000e-02, 1.500000000e-02, 1.148511443e+00, 1.171481672e+02, 1.307956220e+02, -1.307956220e+02, 2.583550270e+05
4859, 7.000000000e-02, 1.500000000e-02, 1.666666667e-02, 1.148511443e+00, 1.171481672e+02, 1.453284689e+02, -1.307956220e+02, 2.601020140e+05
4860, 7.000000000e-02, 1.500000000e-02, 1.833333333e-02, 1.148511443e+00, 1.171481672e+02, 1.598613158e+02, -1.307956220e+02, 2.620328944e+05
4861, 7.000000000e-02, 1.500000000e-02, 2.000000000e-02, 1.148511443e+00, 1.171481672e+02, 1.743941627e+02, -1.307956220e+02, 2.641476681e+05
4862, 7.000000000e-02, 1.666666667e-02, 0.000000000e+00, 1.148511443e+00, 1.171481672e+02, 0.000000000e+00, -1.453284689e+02, 2.526543325e+05
4863, 7.000000000e-02, 1.666666667e-02, 1.666666667e-03, 1.148511443e+00, 1.171481672e+02, 1.453284689e+01, -1.453284689e+02, 2.527462792e+05
4864, 7.000000000e-02, 1.666666667e-02, 3.333333333e-03, 1.148511443e+00, 1.171481672e+02, 2.906569379e+01, -1.453284689e+02, 2.530221193e+05
4865, 7.000000000e-02, 1.666666667e-02, 5.000000000e-03, 1.148511443e+00, 1.171481672e+02, 4.359854068e+01, -1.453284689e+02, 2.534818527e+05
4866, 7.000000000e-02, 1.666666667e-02, 6.666666667e-03, 1.148511443e+00, 1.171481672e+02, 5.813138757e+01, -1.453284689e+02, 2.541254795e+05
4867, 7.000000000e-02, 1.666666667e-02, 8.333333333e-03, 1.148511443e+00, 1.171481672e+02, 7.266423447e+01, -1.453284689e+02, 2.549529996e+05
4868, 7.000000000e-02, 1.666666667e-02, 1.000000000e-02, 1.148511443e+00, 1.171481672e+02, 8.719708136e+01, -1.453284689e+02, 2.559644132e+05
4869, 7.000000000e-02, 1.666666667e-02, 1.166666667e-02, 1.148511443e+00, 1.171481672e+02, 1.017299283e+02, -1.453284689e+02, 2.571597201e+05
4870, 7.000000000e-02, 1.666666667e-02, 1.333333333e-02, 1.148511443e+00, 1.171481672e+02, 1.162627751e+02, -1.453284689e+02, 2.585389203e+05
4871, 7.000000000e-02, 1.666666667e-02, 1.500000000e-02, 1.148511443e+00, 1.171481672e+02, 1.307956220e+02, -1.453284689e+02, 2.601020140e+05
4872, 7.000000000e-02, 1.666666667e-02, 1.666666667e-02, 1.148511443e+00, 1.171481672e+02, 1.453284689e+02, -1.453284689e+02, 2.618490010e+05
4873, 7.000000000e-02, 1.666666667e-02, 1.833333333e-02, 1.148511443e+00, 1.171481672e+02, 1.598613158e+02, -1.453284689e+02, 2.637798814e+05
4874, 7.000000000e-02, 1.666666667e-02, 2.000000000e-02, 1.148511443e+00, 1.171481672e+02, 1.743941627e+02, -1.453284689e+02, 2.658946551e+05
4875, 7.000000000e-02, 1.833333333e-02, 0.000000000e+00, 1.148511443e+00, 1.171481672e+02, 0.000000000e+00, -1.598613158e+02, 2.545852129e+05
4876, 7.000000000e-02, 1.833333333e-02, 1.666666667e-03, 1.148511443e+00, 1.171481672e+02, 1.453284689e+01, -1.598613158e+02, 2.546771596e+05
4877, 7.000000000e-02, 1.833333333e-02, 3.333333333e-03, 1.148511443e+00, 1.171481672e+02, 2.906569379e+01, -1.598613158e+02, 2.549529996e+05
4878, 7.000000000e-02, 1.833333333e-02, 5.000000000e-03, 1.148511443e+00, 1.171481672e+02, 4.359854068e+01, -1.598613158e+02, 2.554127331e+05
4879, 7.000000000e-02, 1.833333333e-02, 6.666666667e-03, 1.148511443e+00, 1.171481672e+02, 5.813138757e+01, -1.598613158e+02, 2.560563599e+05
4880, 7.000000000e-02, 1.833333333e-02, 8.333333333e-03, 1.148511443e+00, 1.171481672e+02, 7.266423447e+01, -1.598613158e+02, 2.568838800e+05
4881, 7.000000000e-02, 1.833333333e-02, 1.000000000e-02, 1.148511443e+00, 1.171481672e+02, 8.719708136e+01, -1.598613158e+02, 2.578952935e+05
4882, 7.000000000e-02, 1.833333333e-02, 1.166666667e-02, 1.148511443e+00, 1.171481672e+02, 1.017299283e+02, -1.598613158e+02, 2.590906004e+05
4883, 7.000000000e-02, 1.833333333e-02, 1.333333333e-02, 1.148511443e+00, 1.171481672e+02, 1.162627751e+02, -1.598613158e+02, 2.604698007e+05
4884, 7.000000000e-02, 1.833333333e-02, 1.500000000e-02, 1.148511443e+00, 1.171481672e+02, 1.307956220e+02, -1.598613158e+02, 2.620328944e+05
4885, 7.000000000e-02, 1.833333333e-02, 1.666666667e-02, 1.148511443e+00, 1.171481672e+02, 1.453284689e+02, -1.598613158e+02, 2.637798814e+05
4886, 7.000000000e-02, 1.833333333e-02, 1.833333333e-02, 1.148511443e+00, 1.171481672e+02, 1.598613158e+02, -1.598613158e+02, 2.657107617e+05
4887, 7.000000000e-02, 1.833333333e-02, 2.000000000e-02, 1.148511443e+00, 1.171481672e+02, 1.743941627e+02, -1.598613158e+02, 2.678255355e+05
4888, 7.000000000e-02, 2.000000000e-02, 0.000000000e+00, 1.148511443e+00, 1.171481672e+02, 0.000000000e+00, -1.743941627e+02, 2.566999866e+05
4889, 7.000000000e-02, 2.000000000e-02, 1.666666667e-03, 1.148511443e+00, 1.171481672e+02, 1.453284689e+01, -1.743941627e+02, 2.567919333e+05
4890, 7.000000000e-02, 2.000000000e-02, 3.333333333e-03, 1.148511443e+00, 1.171481672e+02, 2.906569379e+01, -1.743941627e+02, 2.570677734e+05
4891, 7.000000000e-02, 2.000000000e-02, 5.000000000e-03, 1.148511443e+00, 1.171481672e+02, 4.359854068e+01, -1.743941627e+02, 2.575275068e+05
4892, 7.000000000e-02, 2.000000000e-02, 6.666666667e-03, 1.148511443e+00, 1.171481672e+02, 5.813138757e+01, -1.743941627e+02, 2.581711336e+05
4893, 7.000000000e-02, 2.000000000e-02, 8.333333333e-03, 1.148511443e+00, 1.171481672e+02, 7.266423447e+01, -1.743941627e+02, 2.589986538e+05
4894, 7.000000000e-02, 2.000000000e-02, 1.000000000e-02, 1.148511443e+00, 1.171481672e+02, 8.719708136e+01, -1.743941627e+02, 2.600100673e+05
4895, 7.000000000e-02, 2.000000000e-02, 1.166666667e-02, 1.148511443e+00, 1.171481672e+02, 1.017299283e+02, -1.743941627e+02, 2.612053742e+05
4896, 7.000000000e-02, 2.000000000e-02, 1.333333333e-02, 1.148511443e+00, 1.171481672e+02, 1.162627751e+02, -1.743941627e+02, 2.625845745e+05
4897, 7.000000000e-02, 2.000000000e-02, 1.500000000e-02, 1.148511443e+00, 1.171481672e+02, 1.307956220e+02, -1.743941627e+02, 2.641476681e+05
4898, 7.000000000e-02, 2.000000000e-02, 1.666666667e-02, 1.148511443e+00, 1.171481672e+02, 1.453284689e+02, -1.743941627e+02, 2.658946551e+05
4899, 7.000000000e-02, 2.000000000e-02, 1.833333333e-02, 1.148511443e+00, 1.171481672e+02, 1.598613158e+02, -1.743941627e+02, 2.678255355e+05
4900, 7.000000000e-02, 2.000000000e-02, 2.000000000e-02, 1.148511443e+00, 1.171481672e+02, 1.743941627e+02, -1.743941627e+02, 2.699403092e+05
4901, 7.250000000e-02, 0.000000000e+00, 0.000000000e+00, 1.148511443e+00, 1.171481672e+02, 0.000000000e+00, 0.000000000e+00, 2.434596641e+05
4902, 7.250000000e-02, 0.000000000e+00, 1.666666667e-03, 1.148511443e+00, 1.171481672e+02, 1.453284689e+01, 0.000000000e+00, 2.435516108e+05
4903, 7.250000000e-02, 0.000000000e+00, 3.333333333e-03, 1.148511443e+00, 1.171481672e+02, 2.906569379e+01, 0.000000000e+00, 2.438274508e+05
4904, 7.250000000e-02, 0.000000000e+00, 5.000000000e-03, 1.148511443e+00, 1.171481672e+02, 4.359854068e+01, 0.000000000e+00, 2.442871842e+05
4905, 7.250000000e-02, 0.000000000e+00, 6.666666667e-03, 1.148511443e+00, 1.171481672e+02, 5.813138757e+01, 0.000000000e+00, 2.449308110e+05
4906, 7.250000000e-02, 0.000000000e+00, 8.333333333e-03, 1.148511443e+00, 1.171481672e+02, 7.266423447e+01, 0.000000000e+00, 2.457583312e+05
4907, 7.250000000e-02, 0.000000000e+00, 1.000000000e-02, 1.148511443e+00, 1.171481672e+02, 8.719708136e+01, 0.000000000e+00, 2.467697447e+05
4908, 7.250000000e-02, 0.000000000e+00, 1.166666667e-02, 1.148511443e+00, 1.171481672e+02, 1.017299283e+02, 0.000000000e+00, 2.479650516e+05
4909, 7.250000000e-02, 0.000000000e+00, 1.333333333e-02, 1.148511443e+00, 1.171481672e+02, 1.162627751e+02, 0.000000000e+00, 2.493442519e+05
4910, 7.250000000e-02, 0.000000000e+00, 1.500000000e-02, 1.148511443e+00, 1.171481672e+02, 1.307956220e+02, 0.000000000e+00, 2.509073455e+05
4911, 7.250000000e-02, 0.000000000e+00, 1.666666667e-02, 1.148511443e+00, 1.171481672e+02, 1.453284689e+02, 0.000000000e+00, 2.526543325e+05
4912, 7.250000000e-02, 0.000000000e+00, 1.833333333e-02, 1.148511443e+00, 1.171481672e+02, 1.598613158e+02, 0.000000000e+00, 2.545852129e+05
4913, 7.250000000e-02, 0.000000000e+00, 2.000000000e-02, 1.148511443e+00, 1.171481672e+02, 1.743941627e+02, 0.000000000e+00, 2.566999866e+05
4914, 7.250000000e-02, 1.666666667e-03, 0.000000000e+00, 1.148511443e+00, 1.171481672e+02, 0.000000000e+00, -1.453284689e+01, 2.435516108e+05
4915, 7.250000000e-02, 1.666666667e-03, 1.666666667e-03, 1.148511443e+00, 1.171481672e+02, 1.453284689e+01, -1.453284689e+01, 2.436435574e+05
4916, 7.250000000e-02, 1.666666667e-03, 3.333333333e-03, 1.148511443e+00, 1.171481672e+02, 2.906569379e+01, -1.453284689e+01, 2.439193975e+05
4917, 7.250000000e-02, 1.666666667e-03, 5.000000000e-03, 1.148511443e+00, 1.171481672e+02, 4.359854068e+01, -1.453284689e+01, 2.443791309e+05
4918, 7.250000000e-02, 1.666666667e-03, 6.666666667e-03, 1.148511443e+00, 1.171481672e+02, 5.813138757e+01, -1.453284689e+01, 2.450227577e+05
4919, 7.250000000e-02, 1.666666667e-03, 8.333333333e-03, 1.148511443e+00, 1.171481672e+02, 7.266423447e+01, -1.453284689e+01, 2.458502779e+05
4920, 7.250000000e-02, 1.666666667e-03, 1.000000000e-02, 1.148511443e+00, 1.171481672e+02, 8.719708136e+01, -1.453284689e+01, 2.468616914e+05
4921, 7.250000000e-02, 1.666666667e-03, 1.166666667e-02, 1.148511443e+00, 1.171481672e+02, 1.017299283e+02, -1.453284689e+01, 2.480569983e+05
4922, 7.250000000e-02, 1.666666667e-03, 1.333333333e-02, 1.148511443e+00, 1.171481672e+02, 1.162627751e+02, -1.453284689e+01, 2.494361986e+05
4923, 7.250000000e-02, 1.666666667e-03, 1.500000000e-02, 1.148511443e+00, 1.171481672e+02, 1.307956220e+02, -1.453284689e+01, 2.509992922e+05
4924, 7.250000000e-02, 1.666666667e-03, 1.666666667e-02, 1.148511443e+00, 1.171481672e+02, 1.453284689e+02, -1.453284689e+01, 2.527462792e+05
4925, 7.250000000e-02, 1.666666667e-03, 1.833333333e-02, 1.148511443e+00, 1.171481672e+02, 1.598613158e+02, -1.453284689e+01, 2.546771596e+05
4926, 7.250000000e-02, 1.666666667e-03, 2.000000000e-02, 1.148511443e+00, 1.171481672e+02, 1.743941627e+02, -1.453284689e+01, 2.567919333e+05
4927, 7.250000000e-02, 3.333333333e-03, 0.000000000e+00, 1.148511443e+00, 1.171481672e+02, 0.000000000e+00, -2.906569379e+01, 2.438274508e+05
4928, 7.250000000e-02, 3.333333333e-03, 1.666666667e-03, 1.148511443e+00, 1.171481672e+02, 1.453284689e+01, -2.906569379e+01, 2.439193975e+05
4929, 7.250000000e-02, 3.333333333e-03, 3.333333333e-03, 1.148511443e+00, 1.171481672e+02, 2.906569379e+01, -2.906569379e+01, 2.441952375e+05
4930, 7.250000000e-02, 3.333333333e-03, 5.000000000e-03, 1.148511443e+00, 1.171481672e+02, 4.359854068e+01, -2.906569379e+01, 2.446549710e+05
4931, 7.250000000e-02, 3.333333333e-03, 6.666666667e-03, 1.148511443e+00, 1.171481672e+02, 5.813138757e+01, -2.906569379e+01, 2.452985978e+05
4932, 7.250000000e-02, 3.333333333e-03, 8.333333333e-03, 1.148511443e+00, 1.171481672e+02, 7.266423447e+01, -2.906569379e+01, 2.461261179e+05
4933, 7.250000000e-02, 3.333333333e-03, 1.000000000e-02, 1.148511443e+00, 1.171481672e+02, 8.719708136e+01, -2.906569379e+01, 2.471375315e+05
4934, 7.250000000e-02, 3.333333333e-03, 1.166666667e-02, 1.148511443e+00, 1.171481672e+02, 1.017299283e+02, -2.906569379e+01, 2.483328384e+05
4935, 7.250000000e-02, 3.333333333e-03, 1.333333333e-02, 1.148511443e+00, 1.171481672e+02, 1.162627751e+02, -2.906569379e+01, 2.497120386e+05
4936, 7.250000000e-02, 3.333333333e-03, 1.500000000e-02, 1.148511443e+00, 1.171481672e+02, 1.307956220e+02, -2.906569379e+01, 2.512751323e+05
4937, 7.250000000e-02, 3.333333333e-03, 1.666666667e-02, 1.148511443e+00, 1.171481672e+02, 1.453284689e+02, -2.906569379e+01, 2.530221193e+05
4938, 7.250000000e-02, 3.333333333e-03, 1.833333333e-02, 1.148511443e+00, 1.171481672e+02, 1.598613158e+02, -2.906569379e+01, 2.549529996e+05
4939, 7.250000000e-02, 3.333333333e-03, 2.000000000e-02, 1.148511443e+00, 1.171481672e+02, 1.743941627e+02, -2.906569379e+01, 2.570677734e+05
4940, 7.250000000e-02, 5.000000000e-03, 0.000000000e+00, 1.148511443e+00, 1.171481672e+02, 0.000000000e+00, -4.359854068e+01, 2.442871842e+05
4941, 7.250000000e-02, 5.000000000e-03, 1.666666667e-03, 1.148511443e+00, 1.171481672e+02, 1.453284689e+01, -4.359854068e+01, 2.443791309e+05
4942, 7.250000000e-02, 5.000000000e-03, 3.333333333e-03, 1.148511443e+00, 1.171481672e+02, 2.906569379e+01, -4.359854068e+01, 2.446549710e+05
4943, 7.250000000e-02, 5.000000000e-03, 5.000000000e-03, 1.148511443e+00, 1.171481672e+02, 4.359854068e+01, -4.359854068e+01, 2.451147044e+05
4944, 7.250000000e-02, 5.000000000e-03, 6.666666667e-03, 1.148511443e+00, 1.171481672e+02, 5.813138757e+01, -4.359854068e+01, 2.457583312e+05
4945, 7.250000000e-02, 5.000000000e-03, 8.333333333e-03, 1.148511443e+00, 1.171481672e+02, 7.266423447e+01, -4.359854068e+01, 2.465858513e+05
4946, 7.250000000e-02, 5.000000000e-03, 1.000000000e-02, 1.148511443e+00, 1.171481672e+02, 8.719708136e+01, -4.359854068e+01, 2.475972649e+05
4947, 7.250000000e-02, 5.000000000e-03, 1.166666667e-02, 1.148511443e+00, 1.171481672e+02, 1.017299283e+02, -4.359854068e+01, 2.487925718e+05
4948, 7.250000000e-02, 5.000000000e-03, 1.333333333e-02, 1.148511443e+00, 1.171481672e+02, 1.162627751e+02, -4.359854068e+01, 2.501717720e+05
4949, 7.250000000e-02, 5.000000000e-03, 1.500000000e-02, 1.148511443e+00, 1.171481672e+02, 1.307956220e+02, -4.359854068e+01, 2.517348657e+05
4950, 7.250000000e-02, 5.000000000e-03, 1.666666667e-02, 1.148511443e+00, 1.171481672e+02, 1.453284689e+02, -4.359854068e+01, 2.534818527e+05
4951, 7.250000000e-02, 5.000000000e-03, 1.833333333e-02, 1.148511443e+00, 1.171481672e+02, 1.598613158e+02, -4.359854068e+01, 2.554127331e+05
4952, 7.250000000e-02, 5.000000000e-03, 2.000000000e-02, 1.148511443e+00, 1.171481672e+02, 1.743941627e+02, -4.359854068e+01, 2.575275068e+05
4953, 7.250000000e-02, 6.666666667e-03, 0.000000000e+00, 1.148511443e+00, 1.171481672e+02, 0.000000000e+00, -5.813138757e+01, 2.449308110e+05
4954, 7.250000000e-02, 6.666666667e-03, 1.666666667e-03, 1.148511443e+00, 1.171481672e+02, 1.453284689e+01, -5.813138757e+01, 2.450227577e+05
4955, 7.250000000e-02, 6.666666667e-03, 3.333333333e-03, 1.148511443e+00, 1.171481672e+02, 2.906569379e+01, -5.813138757e+01, 2.452985978e+05
4956, 7.250000000e-02, 6.666666667e-03, 5.000000000e-03, 1.148511443e+00, 1.171481672e+02, 4.359854068e+01, -5.813138757e+01, 2.457583312e+05
4957, 7.250000000e-02, 6.666666667e-03, 6.666666667e-03, 1.148511443e+00, 1.171481672e+02, 5.813138757e+01, -5.813138757e+01, 2.464019580e+05
4958, 7.250000000e-02, 6.666666667e-03, 8.333333333e-03, 1.148511443e+00, 1.171481672e+02, 7.266423447e+01, -5.813138757e+01, 2.472294781e+05
4959, 7.250000000e-02, 6.666666667e-03, 1.000000000e-02, 1.148511443e+00, 1.171481672e+02, 8.719708136e+01, -5.813138757e+01, 2.482408917e+05
4960, 7.250000000e-02, 6.666666667e-03, 1.166666667e-02, 1.148511443e+00, 1.171481672e+02, 1.017299283e+02, -5.813138757e+01, 2.494361986e+05
4961, 7.250000000e-02, 6.666666667e-03, 1.333333333e-02, 1.148511443e+00, 1.171481672e+02, 1.162627751e+02, -5.813138757e+01, 2.508153988e+05
4962, 7.250000000e-02, 6.666666667e-03, 1.500000000e-02, 1.148511443e+00, 1.171481672e+02, 1.307956220e+02, -5.813138757e+01, 2.523784925e+05
4963, 7.250000000e-02, 6.666666667e-03, 1.666666667e-02, 1.148511443e+00, 1.171481672e+02, 1.453284689e+02, -5.813138757e+01, 2.541254795e+05
4964, 7.250000000e-02, 6.666666667e-03, 1.833333333e-02, 1.148511443e+00, 1.171481672e+02, 1.598613158e+02, -5.813138757e+01, 2.560563599e+05
4965, 7.250000000e-02, 6.666666667e-03, 2.000000000e-02, 1.148511443e+00, 1.171481672e+02, 1.743941627e+02, -5.813138757e+01, 2.581711336e+05
4966, 7.250000000e-02, 8.333333333e-03, 0.000000000e+00, 1.148511443e+00, 1.171481672e+02, 0.000000000e+00, -7.266423447e+01, 2.457583312e+05
4967, 7.250000000e-02, 8.333333333e-03, 1.666666667e-03, 1.148511443e+00, 1.171481672e+02, 1.453284689e+01, -7.266423447e+01, 2.458502779e+05
4968, 7.250000000e-02, 8.333333333e-03, 3.333333333e-03, 1.148511443e+00, 1.171481672e+02, 2.906569379e+01, -7.266423447e+01, 2.461261179e+05
4969, 7.250000000e-02, 8.333333333e-03, 5.000000000e-03, 1.148511443e+00, 1.171481672e+02, 4.359854068e+01, -7.266423447e+01, 2.465858513e+05
4970, 7.250000000e-02, 8.333333333e-03, 6.666666667e-03, 1.148511443e+00, 1.171481672e+02, 5.813138757e+01, -7.266423447e+01, 2.472294781e+05
4971, 7.250000000e-02, 8.333333333e-03, 8.333333333e-03, 1.148511443e+00, 1.171481672e+02, 7.266423447e+01, -7.266423447e+01, 2.480569983e+05
4972, 7.250000000e-02, 8.333333333e-03, 1.000000000e-02, 1.148511443e+00, 1.171481672e+02, 8.719708136e+01, -7.266423447e+01, 2.490684118e+05
4973, 7.250000000e-02, 8.333333333e-03, 1.166666667e-02, 1.148511443e+00, 1.171481672e+02, 1.017299283e+02, -7.266423447e+01, 2.502637187e+05
4974, 7.250000000e-02, 8.333333333e-03, 1.333333333e-02, 1.148511443e+00, 1.171481672e+02, 1.162627751e+02, -7.266423447e+01, 2.516429190e+05
4975, 7.250000000e-02, 8.333333333e-03, 1.500000000e-02, 1.148511443e+00, 1.171481672e+02, 1.307956220e+02, -7.266423447e+01, 2.532060126e+05
4976, 7.250000000e-02, 8.333333333e-03, 1.666666667e-02, 1.148511443e+00, 1.171481672e+02, 1.453284689e+02, -7.266423447e+01, 2.549529996e+05
4977, 7.250000000e-02, 8.333333333e-03, 1.833333333e-02, 1.148511443e+00, 1.171481672e+02, 1.598613158e+02, -7.266423447e+01, 2.568838800e+05
4978, 7.250000000e-02, 8.333333333e-03, 2.000000000e-02, 1.148511443e+00, 1.171481672e+02, 1.743941627e+02, -7.266423447e+01, 2.589986538e+05
4979, 7.250000000e-02, 1.000000000e-02, 0.000000000e+00, 1.148511443e+00, 1.171481672e+02, 0.000000000e+00, -8.719708136e+01, 2.467697447e+05
4980, 7.250000000e-02, 1.000000000e-02, 1.666666667e-03, 1.148511443e+00, 1.171481672e+02, 1.453284689e+01, -8.719708136e+01, 2.468616914e+05
4981, 7.250000000e-02, 1.000000000e-02, 3.333333333e-03, 1.148511443e+00, 1.171481672e+02, 2.906569379e+01, -8.719708136e+01, 2.471375315e+05
4982, 7.250000000e-02, 1.000000000e-02, 5.000000000e-03, 1.148511443e+00, 1.171481672e+02, 4.359854068e+01, -8.719708136e+01, 2.475972649e+05
4983, 7.250000000e-02, 1.000000000e-02, 6.666666667e-03, 1.148511443e+00, 1.171481672e+02, 5.813138757e+01, -8.719708136e+01, 2.482408917e+05
4984, 7.250000000e-02, 1.000000000e-02, 8.333333333e-03, 1.148511443e+00, 1.171481672e+02, 7.266423447e+01, -8.719708136e+01, 2.490684118e+05
4985, 7.250000000e-02, 1.000000000e-02, 1.000000000e-02, 1.148511443e+00, 1.171481672e+02, 8.719708136e+01, -8.719708136e+01, 2.500798254e+05
4986, 7.250000000e-02, 1.000000000e-02, 1.166666667e-02, 1.148511443e+00, 1.171481672e+02, 1.017299283e+02, -8.719708136e+01, 2.512751323e+05
4987, 7.250000000e-02, 1.000000000e-02, 1.333333333e-02, 1.148511443e+00, 1.171481672e+02, 1.162627751e+02, -8.719708136e+01, 2.526543325e+05
4988, 7.250000000e-02, 1.000000000e-02, 1.500000000e-02, 1.148511443e+00, 1.171481672e+02, 1.307956220e+02, -8.719708136e+01, 2.542174262e+05
4989, 7.250000000e-02, 1.000000000e-02, 1.666666667e-02, 1.148511443e+00, 1.171481672e+02, 1.453284689e+02, -8.719708136e+01, 2.559644132e+05
4990, 7.250000000e-02, 1.000000000e-02, 1.833333333e-02, 1.148511443e+00, 1.171481672e+02, 1.598613158e+02, -8.719708136e+01, 2.578952935e+05
4991, 7.250000000e-02, 1.000000000e-02, 2.000000000e-02, 1.148511443e+00, 1.171481672e+02, 1.743941627e+02, -8.719708136e+01, 2.600100673e+05
4992, 7.250000000e-02, 1.166666667e-02, 0.000000000e+00, 1.148511443e+00, 1.171481672e+02, 0.000000000e+00, -1.017299283e+02, 2.479650516e+05
4993, 7.250000000e-02, 1.166666667e-02, 1.666666667e-03, 1.148511443e+00, 1.171481672e+02, 1.453284689e+01, -1.017299283e+02, 2.480569983e+05
4994, 7.250000000e-02, 1.166666667e-02, 3.333333333e-03, 1.148511443e+00, 1.171481672e+02, 2.906569379e+01, -1.017299283e+02, 2.483328384e+05
4995, 7.250000000e-02, 1.166666667e-02, 5.000000000e-03, 1.148511443e+00, 1.171481672e+02, 4.359854068e+01, -1.017299283e+02, 2.487925718e+05
4996, 7.250000000e-02, 1.166666667e-02, 6.666666667e-03, 1.148511443e+00, 1.171481672e+02, 5.813138757e+01, -1.017299283e+02, 2.494361986e+05
4997, 7.250000000e-02, 1.166666667e-02, 8.333333333e-03, 1.148511443e+00, 1.171481672e+02, 7.266423447e+01, -1.017299283e+02, 2.502637187e+05
4998, 7.250000000e-02, 1.166666667e-02, 1.000000000e-02, 1.148511443e+00, 1.171481672e+02, 8.719708136e+01, -1.017299283e+02, 2.512751323e+05
4999, 7.250000000e-02, 1.166666667e-02, 1.166666667e-02, 1.148511443e+00, 1.171481672e+02, 1.017299283e+02, -1.017299283e+02, 2.524704392e+05
5000, 7.250000000e-02, 1.166666667e-02, 1.333333333e-02, 1.148511443e+00, 1.171481672e+02, 1.162627751e+02, -1.017299283e+02, 2.538496394e+05
5001, 7.250000000e-02, 1.166666667e-02, 1.500000000e-02, 1.148511443e+00, 1.171481672e+02, 1.307956220e+02, -1.017299283e+02, 2.554127331e+05
5002, 7.250000000e-02, 1.166666667e-02, 1.666666667e-02, 1.148511443e+00, 1.171481672e+02, 1.453284689e+02, -1.017299283e+02, 2.571597201e+05
5003, 7.250000000e-02, 1.166666667e-02, 1.833333333e-02, 1.148511443e+00, 1.171481672e+02, 1.598613158e+02, -1.017299283e+02, 2.590906004e+05
5004, 7.250000000e-02, 1.166666667e-02, 2.000000000e-02, 1.148511443e+00, 1.171481672e+02, 1.743941627e+02, -1.017299283e+02, 2.612053742e+05
5005, 7.250000000e-02, 1.333333333e-02, 0.000000000e+00, 1.148511443e+00, 1.171481672e+02, 0.000000000e+00, -1.162627751e+02, 2.493442519e+05
5006, 7.250000000e-02, 1.333333333e-02, 1.666666667e-03, 1.148511443e+00, 1.171481672e+02, 1.453284689e+01, -1.162627751e+02, 2.494361986e+05
5007, 7.250000000e-02, 1.333333333e-02, 3.333333333e-03, 1.148511443e+00, 1.171481672e+02, 2.906569379e+01, -1.162627751e+02, 2.497120386e+05
5008, 7.250000000e-02, 1.333333333e-02, 5.000000000e-03, 1.148511443e+00, 1.171481672e+02, 4.359854068e+01, -1.162627751e+02, 2.501717720e+05
5009, 7.250000000e-02, 1.333333333e-02, 6.666666667e-03, 1.148511443e+00, 1.171481672e+02, 5.813138757e+01, -1.162627751e+02, 2.508153988e+05
5010, 7.250000000e-02, 1.333333333e-02, 8.333333333e-03, 1.148511443e+00, 1.171481672e+02, 7.266423447e+01, -1.162627751e+02, 2.516429190e+05
5011, 7.250000000e-02, 1.333333333e-02, 1.000000000e-02, 1.148511443e+00, 1.171481672e+02, 8.719708136e+01, -1.162627751e+02, 2.526543325e+05
5012, 7.250000000e-02, 1.333333333e-02, 1.166666667e-02, 1.148511443e+00, 1.171481672e+02, 1.017299283e+02, -1.162627751e+02, 2.538496394e+05
5013, 7.250000000e-02, 1.333333333e-02, 1.333333333e-02, 1.148511443e+00, 1.171481672e+02, 1.162627751e+02, -1.162627751e+02, 2.552288397e+05
5014, 7.250000000e-02, 1.333333333e-02, 1.500000000e-02, 1.148511443e+00, 1.171481672e+02, 1.307956220e+02, -1.162627751e+02, 2.567919333e+05
5015, 7.250000000e-02, 1.333333333e-02, 1.666666667e-02, 1.148511443e+00, 1.171481672e+02, 1.453284689e+02, -1.162627751e+02, 2.585389203e+05
5016, 7.250000000e-02, 1.333333333e-02, 1.833333333e-02, 1.148511443e+00, 1.171481672e+02, 1.598613158e+02, -1.162627751e+02, 2.604698007e+05
5017, 7.250000000e-02, 1.333333333e-02, 2.000000000e-02, 1.148511443e+00, 1.171481672e+02, 1.743941627e+02, -1.162627751e+02, 2.625845745e+05
5018, 7.250000000e-02, 1.500000000e-02, 0.000000000e+00, 1.148511443e+00, 1.171481672e+02, 0.000000000e+00, -1.307956220e+02, 2.509073455e+05
5019, 7.250000000e-02, 1.500000000e-02, 1.666666667e-03, 1.148511443e+00, 1.171481672e+02, 1.453284689e+01, -1.307956220e+02, 2.509992922e+05
5020, 7.250000000e-02, 1.500000000e-02, 3.333333333e-03, 1.148511443e+00, 1.171481672e+02, 2.906569379e+01, -1.307956220e+02, 2.512751323e+05
5021, 7.250000000e-02, 1.500000000e-02, 5.000000000e-03, 1.148511443e+00, 1.171481672e+02, 4.359854068e+01, -1.307956220e+02, 2.517348657e+05
5022, 7.250000000e-02, 1.500000000e-02, 6.666666667e-03, 1.148511443e+00, 1.171481672e+02, 5.813138757e+01, -1.307956220e+02, 2.523784925e+05
5023, 7.250000000e-02, 1.500000000e-02, 8.333333333e-03, 1.148511443e+00, 1.171481672e+02, 7.266423447e+01, -1.307956220e+02, 2.532060126e+05
5024, 7.250000000e-02, 1.500000000e-02, 1.000000000e-02, 1.148511443e+00, 1.171481672e+02, 8.719708136e+01, -1.307956220e+02, 2.542174262e+05
5025, 7.250000000e-02, 1.500000000e-02, 1.166666667e-02, 1.148511443e+00, 1.171481672e+02, 1.017299283e+02, -1.307956220e+02, 2.554127331e+05
5026, 7.250000000e-02, 1.500000000e-02, 1.333333333e-02, 1.148511443e+00, 1.171481672e+02, 1.162627751e+02, -1.307956220e+02, 2.567919333e+05
5027, 7.250000000e-02, 1.500000000e-02, 1.500000000e-02, 1.148511443e+00, 1.171481672e+02, 1.307956220e+02, -1.307956220e+02, 2.583550270e+05
5028, 7.250000000e-02, 1.500000000e-02, 1.666666667e-02, 1.148511443e+00, 1.171481672e+02, 1.453284689e+02, -1.307956220e+02, 2.601020140e+05
5029, 7.250000000e-02, 1.500000000e-02, 1.833333333e-02, 1.148511443e+00, 1.171481672e+02, 1.598613158e+02, -1.307956220e+02, 2.620328944e+05
5030, 7.250000000e-02, 1.500000000e-02, 2.000000000e-02, 1.148511443e+00, 1.171481672e+02, 1.743941627e+02, -1.307956220e+02, 2.641476681e+05
5031, 7.250000000e-02, 1.666666667e-02, 0.000000000e+00, 1.148511443e+00, 1.171481672e+02, 0.000000000e+00, -1.453284689e+02, 2.526543325e+05
5032, 7.250000000e-02, 1.666666667e-02, 1.666666667e-03, 1.148511443e+00, 1.171481672e+02, 1.453284689e+01, -1.453284689e+02, 2.527462792e+05
5033, 7.250000000e-02, 1.666666667e-02, 3.333333333e-03, 1.148511443e+00, 1.171481672e+02, 2.906569379e+01, -1.453284689e+02, 2.530221193e+05
5034, 7.250000000e-02, 1.666666667e-02, 5.000000000e-03, 1.148511443e+00, 1.171481672e+02, 4.359854068e+01, -1.453284689e+02, 2.534818527e+05
5035, 7.250000000e-02, 1.666666667e-02, 6.666666667e-03, 1.148511443e+00, 1.171481672e+02, 5.813138757e+01, -1.453284689e+02, 2.541254795e+05
5036, 7.250000000e-02, 1.666666667e-02, 8.333333333e-03, 1.148511443e+00, 1.171481672e+02, 7.266423447e+01, -1.453284689e+02, 2.549529996e+05
5037, 7.250000000e-02, 1.666666667e-02, 1.000000000e-02, 1.148511443e+00, 1.171481672e+02, 8.719708136e+01, -1.453284689e+02, 2.559644132e+05
5038, 7.250000000e-02, 1.666666667e-02, 1.166666667e-02, 1.148511443e+00, 1.171481672e+02, 1.017299283e+02, -1.453284689e+02, 2.571597201e+05
5039, 7.250000000e-02, 1.666666667e-02, 1.333333333e-02, 1.148511443e+00, 1.171481672e+02, 1.162627751e+02, -1.453284689e+02, 2.585389203e+05
5040, 7.250000000e-02, 1.666666667e-02, 1.500000000e-02, 1.148511443e+00, 1.171481672e+02, 1.307956220e+02, -1.453284689e+02, 2.601020140e+05
5041, 7.250000000e-02, 1.666666667e-02, 1.666666667e-02, 1.148511443e+00, 1.171481672e+02, 1.453284689e+02, -1.453284689e+02, 2.618490010e+05
5042, 7.250000000e-02, 1.666666667e-02, 1.833333333e-02, 1.148511443e+00, 1.171481672e+02, 1.598613158e+02, -1.453284689e+02, 2.637798814e+05
5043, 7.250000000e-02, 1.666666667e-02, 2.000000000e-02, 1.148511443e+00, 1.171481672e+02, 1.743941627e+02, -1.453284689e+02, 2.658946551e+05
5044, 7.250000000e-02, 1.833333333e-02, 0.000000000e+00, 1.148511443e+00, 1.171481672e+02, 0.000000000e+00, -1.598613158e+02, 2.545852129e+05
5045, 7.250000000e-02, 1.833333333e-02, 1.666666667e-03, 1.148511443e+00, 1.171481672e+02, 1.453284689e+01, -1.598613158e+02, 2.546771596e+05
5046, 7.250000000e-02, 1.833333333e-02, 3.333333333e-03, 1.148511443e+00, 1.171481672e+02, 2.906569379e+01, -1.598613158e+02, 2.549529996e+05
5047, 7.250000000e-02, 1.833333333e-02, 5.000000000e-03, 1.148511443e+00, 1.171481672e+02, 4.359854068e+01, -1.598613158e+02, 2.554127331e+05
5048, 7.250000000e-02, 1.833333333e-02, 6.666666667e-03, 1.148511443e+00, 1.171481672e+02, 5.813138757e+01, -1.598613158e+02, 2.560563599e+05
5049, 7.250000000e-02, 1.833333333e-02, 8.333333333e-03, 1.148511443e+00, 1.171481672e+02, 7.266423447e+01, -1.598613158e+02, 2.568838800e+05
5050, 7.250000000e-02, 1.833333333e-02, 1.000000000e-02, 1.148511443e+00, 1.171481672e+02, 8.719708136e+01, -1.598613158e+02, 2.578952935e+05
5051, 7.250000000e-02, 1.833333333e-02, 1.166666667e-02, 1.148511443e+00, 1.171481672e+02, 1.017299283e+02, -1.598613158e+02, 2.590906004e+05
5052, 7.250000000e-02, 1.833333333e-02, 1.333333333e-02, 1.148511443e+00, 1.171481672e+02, 1.162627751e+02, -1.598613158e+02, 2.604698007e+05
5053, 7.250000000e-02, 1.833333333e-02, 1.500000000e-02, 1.148511443e+00, 1.171481672e+02, 1.307956220e+02, -1.598613158e+02, 2.620328944e+05
5054, 7.250000000e-02, 1.833333333e-02, 1.666666667e-02, 1.148511443e+00, 1.171481672e+02, 1.453284689e+02, -1.598613158e+02, 2.637798814e+05
5055, 7.250000000e-02, 1.833333333e-02, 1.833333333e-02, 1.148511443e+00, 1.171481672e+02, 1.598613158e+02, -1.598613158e+02, 2.657107617e+05
5056, 7.250000000e-02, 1.833333333e-02, 2.000000000e-02, 1.148511443e+00, 1.171481672e+02, 1.743941627e+02, -1.598613158e+02, 2.678255355e+05
5057, 7.250000000e-02, 2.000000000e-02, 0.000000000e+00, 1.148511443e+00, 1.171481672e+02, 0.000000000e+00, -1.743941627e+02, 2.566999866e+05
5058, 7.250000000e-02, 2.000000000e-02, 1.666666667e-03, 1.148511443e+00, 1.171481672e+02, 1.453284689e+01, -1.743941627e+02, 2.567919333e+05
5059, 7.250000000e-02, 2.000000000e-02, 3.333333333e-03, 1.148511443e+00, 1.171481672e+02, 2.906569379e+01, -1.743941627e+02, 2.570677734e+05
5060, 7.250000000e-02, 2.000000000e-02, 5.000000000e-03, 1.148511443e+00, 1.171481672e+02, 4.359854068e+01, -1.743941627e+02, 2.575275068e+05
5061, 7.250000000e-02, 2.000000000e-02, 6.666666667e-03, 1.148511443e+00, 1.171481672e+02, 5.813138757e+01, -1.743941627e+02, 2.581711336e+05
5062, 7.250000000e-02, 2.000000000e-02, 8.333333333e-03, 1.148511443e+00, 1.171481672e+02, 7.266423447e+01, -1.743941627e+02, 2.589986538e+05
5063, 7.250000000e-02, 2.000000000e-02, 1.000000000e-02, 1.148511443e+00, 1.171481672e+02, 8.719708136e+01, -1.743941627e+02, 2.600100673e+05
5064, 7.250000000e-02, 2.000000000e-02, 1.166666667e-02, 1.148511443e+00, 1.171481672e+02, 1.017299283e+02, -1.743941627e+02, 2.612053742e+05
5065, 7.250000000e-02, 2.000000000e-02, 1.333333333e-02, 1.148511443e+00, 1.171481672e+02, 1.162627751e+02, -1.743941627e+02, 2.625845745e+05
5066, 7.250000000e-02, 2.000000000e-02, 1.500000000e-02, 1.148511443e+00, 1.171481672e+02, 1.307956220e+02, -1.743941627e+02, 2.641476681e+05
5067, 7.250000000e-02, 2.000000000e-02, 1.666666667e-02, 1.148511443e+00, 1.171481672e+02, 1.453284689e+02, -1.743941627e+02, 2.658946551e+05
5068, 7.250000000e-02, 2.000000000e-02, 1.833333333e-02, 1.148511443e+00, 1.171481672e+02, 1.598613158e+02, -1.743941627e+02, 2.678255355e+05
5069, 7.250000000e-02, 2.000000000e-02, 2.000000000e-02, 1.148511443e+00, 1.171481672e+02, 1.743941627e+02, -1.743941627e+02, 2.699403092e+05
5070, 7.500000000e-02, 0.000000000e+00, 0.000000000e+00, 1.148511443e+00, 1.171481672e+02, 0.000000000e+00, 0.000000000e+00, 2.434596641e+05
5071, 7.500000000e-02, 0.000000000e+00, 1.666666667e-03, 1.148511443e+00, 1.171481672e+02, 1.453284689e+01, 0.000000000e+00, 2.435516108e+05
5072, 7.500000000e-02, 0.000000000e+00, 3.333333333e-03, 1.148511443e+00, 1.171481672e+02, 2.906569379e+01, 0.000000000e+00, 2.438274508e+05
5073, 7.500000000e-02, 0.000000000e+00, 5.000000000e-03, 1.148511443e+00, 1.171481672e+02, 4.359854068e+01, 0.000000000e+00, 2.442871842e+05
5074, 7.500000000e-02, 0.000000000e+00, 6.666666667e-03, 1.148511443e+00, 1.171481672e+02, 5.813138757e+01, 0.000000000e+00, 2.449308110e+05
5075, 7.500000000e-02, 0.000000000e+00, 8.333333333e-03, 1.148511443e+00, 1.171481672e+02, 7.266423447e+01, 0.000000000e+00, 2.457583312e+05
5076, 7.500000000e-02, 0.000000000e+00, 1.000000000e-02, 1.148511443e+00, 1.171481672e+02, 8.719708136e+01, 0.000000000e+00, 2.467697447e+05
5077, 7.500000000e-02, 0.000000000e+00, 1.166666667e-02, 1.148511443e+00, 1.171481672e+02, 1.017299283e+02, 0.000000000e+00, 2.479650516e+05
5078, 7.500000000e-02, 0.000000000e+00, 1.333333333e-02, 1.148511443e+00, 1.171481672e+02, 1.162627751e+02, 0.000000000e+00, 2.493442519e+05
5079, 7.500000000e-02, 0.000000000e+00, 1.500000000e-02, 1.148511443e+00, 1.171481672e+02, 1.307956220e+02, 0.000000000e+00, 2.509073455e+05
5080, 7.500000000e-02, 0.000000000e+00, 1.666666667e-02, 1.148511443e+00, 1.171481672e+02, 1.453284689e+02, 0.000000000e+00, 2.526543325e+05
5081, 7.500000000e-02, 0.000000000e+00, 1.833333333e-02, 1.148511443e+00, 1.171481672e+02, 1.598613158e+02, 0.000000000e+00, 2.545852129e+05
5082, 7.500000000e-02, 0.000000000e+00, 2.000000000e-02, 1.148511443e+00, 1.171481672e+02, 1.743941627e+02, 0.000000000e+00, 2.566999866e+05
5083, 7.500000000e-02, 1.666666667e-03, 0.000000000e+00, 1.148511443e+00, 1.171481672e+02, 0.000000000e+00, -1.453284689e+01, 2.435516108e+05
5084, 7.500000000e-02, 1.666666667e-03, 1.666666667e-03, 1.148511443e+00, 1.171481672e+02, 1.453284689e+01, -1.453284689e+01, 2.436435574e+05
5085, 7.500000000e-02, 1.666666667e-03, 3.333333333e-03, 1.148511443e+00, 1.171481672e+02, 2.906569379e+01, -1.453284689e+01, 2.439193975e+05
5086, 7.500000000e-02, 1.666666667e-03, 5.000000000e-03, 1.148511443e+00, 1.171481672e+02, 4.359854068e+01, -1.453284689e+01, 2.443791309e+05
5087, 7.500000000e-02, 1.666666667e-03, 6.666666667e-03, 1.148511443e+00, 1.171481672e+02, 5.813138757e+01, -1.453284689e+01, 2.450227577e+05
5088, 7.500000000e-02, 1.666666667e-03, 8.333333333e-03, 1.148511443e+00, 1.171481672e+02, 7.266423447e+01, -1.453284689e+01, 2.458502779e+05
5089, 7.500000000e-02, 1.666666667e-03, 1.000000000e-02, 1.148511443e+00, 1.171481672e+02, 8.719708136e+01, -1.453284689e+01, 2.468616914e+05
5090, 7.500000000e-02, 1.666666667e-03, 1.166666667e-02, 1.148511443e+00, 1.171481672e+02, 1.017299283e+02, -1.453284689e+01, 2.480569983e+05
5091, 7.500000000e-02, 1.666666667e-03, 1.333333333e-02, 1.148511443e+00, 1.171481672e+02, 1.162627751e+02, -1.453284689e+01, 2.494361986e+05
5092, 7.500000000e-02, 1.666666667e-03, 1.500000000e-02, 1.148511443e+00, 1.171481672e+02, 1.307956220e+02, -1.453284689e+01, 2.509992922e+05
5093, 7.500000000e-02, 1.666666667e-03, 1.666666667e-02, 1.148511443e+00, 1.171481672e+02, 1.453284689e+02, -1.453284689e+01, 2.527462792e+05
5094, 7.500000000e-02, 1.666666667e-03, 1.833333333e-02, 1.148511443e+00, 1.171481672e+02, 1.598613158e+02, -1.453284689e+01, 2.546771596e+05
5095, 7.500000000e-02, 1.666666667e-03, 2.000000000e-02, 1.148511443e+00, 1.171481672e+02, 1.743941627e+02, -1.453284689e+01, 2.567919333e+05
5096, 7.500000000e-02, 3.333333333e-03, 0.000000000e+00, 1.148511443e+00, 1.171481672e+02, 0.000000000e+00, -2.906569379e+01, 2.438274508e+05
5097, 7.500000000e-02, 3.333333333e-03, 1.666666667e-03, 1.148511443e+00, 1.171481672e+02, 1.453284689e+01, -2.906569379e+01, 2.439193975e+05
5098, 7.500000000e-02, 3.333333333e-03, 3.333333333e-03, 1.148511443e+00, 1.171481672e+02, 2.906569379e+01, -2.906569379e+01, 2.441952375e+05
5099, 7.500000000e-02, 3.333333333e-03, 5.000000000e-03, 1.148511443e+00, 1.171481672e+02, 4.359854068e+01, -2.906569379e+01, 2.446549710e+05
5100, 7.500000000e-02, 3.333333333e-03, 6.666666667e-03, 1.148511443e+00, 1.171481672e+02, 5.813138757e+01, -2.906569379e+01, 2.452985978e+05
5101, 7.500000000e-02, 3.333333333e-03, 8.333333333e-03, 1.148511443e+00, 1.171481672e+02, 7.266423447e+01, -2.906569379e+01, 2.461261179e+05
5102, 7.500000000e-02, 3.333333333e-03, 1.000000000e-02, 1.148511443e+00, 1.171481672e+02, 8.719708136e+01, -2.906569379e+01, 2.471375315e+05
5103, 7.500000000e-02, 3.333333333e-03, 1.166666667e-02, 1.148511443e+00, 1.171481672e+02, 1.017299283e+02, -2.906569379e+01, 2.483328384e+05
5104, 7.500000000e-02, 3.333333333e-03, 1.333333333e-02, 1.148511443e+00, 1.171481672e+02, 1.162627751e+02, -2.906569379e+01, 2.497120386e+05
5105, 7.500000000e-02, 3.333333333e-03, 1.500000000e-02, 1.148511443e+00, 1.171481672e+02, 1.307956220e+02, -2.906569379e+01, 2.512751323e+05
5106, 7.500000000e-02, 3.333333333e-03, 1.666666667e-02, 1.148511443e+00, 1.171481672e+02, 1.453284689e+02, -2.906569379e+01, 2.530221193e+05
5107, 7.500000000e-02, 3.333333333e-03, 1.833333333e-02, 1.148511443e+00, 1.171481672e+02, 1.598613158e+02, -2.906569379e+01, 2.549529996e+05
5108, 7.500000000e-02, 3.333333333e-03, 2.000000000e-02, 1.148511443e+00, 1.171481672e+02, 1.743941627e+02, -2.906569379e+01, 2.570677734e+05
5109, 7.500000000e-02, 5.000000000e-03, 0.000000000e+00, 1.148511443e+00, 1.171481672e+02, 0.000000000e+00, -4.359854068e+01, 2.442871842e+05
5110, 7.500000000e-02, 5.000000000e-03, 1.666666667e-03, 1.148511443e+00, 1.171481672e+02, 1.453284689e+01, -4.359854068e+01, 2.443791309e+05
5111, 7.500000000e-02, 5.000000000e-03, 3.333333333e-03, 1.148511443e+00, 1.171481672e+02, 2.906569379e+01, -4.359854068e+01, 2.446549710e+05
5112, 7.500000000e-02, 5.000000000e-03, 5.000000000e-03, 1.148511443e+00, 1.171481672e+02, 4.359854068e+01, -4.359854068e+01, 2.451147044e+05
5113, 7.500000000e-02, 5.000000000e-03, 6.666666667e-03, 1.148511443e+00, 1.171481672e+02, 5.813138757e+01, -4.359854068e+01, 2.457583312e+05
5114, 7.500000000e-02, 5.000000000e-03, 8.333333333e-03, 1.148511443e+00, 1.171481672e+02, 7.266423447e+01, -4.359854068e+01, 2.465858513e+05
5115, 7.500000000e-02, 5.000000000e-03, 1.000000000e-02, 1.148511443e+00, 1.171481672e+02, 8.719708136e+01, -4.359854068e+01, 2.475972649e+05
5116, 7.500000000e-02, 5.000000000e-03, 1.166666667e-02, 1.148511443e+00, 1.171481672e+02, 1.017299283e+02, -4.359854068e+01, 2.487925718e+05
5117, 7.500000000e-02, 5.000000000e-03, 1.333333333e-02, 1.148511443e+00, 1.171481672e+02, 1.162627751e+02, -4.359854068e+01, 2.501717720e+05
5118, 7.500000000e-02, 5.000000000e-03, 1.500000000e-02, 1.148511443e+00, 1.171481672e+02, 1.307956220e+02, -4.359854068e+01, 2.517348657e+05
5119, 7.500000000e-02, 5.000000000e-03, 1.666666667e-02, 1.148511443e+00, 1.171481672e+02, 1.453284689e+02, -4.359854068e+01, 2.534818527e+05
5120, 7.500000000e-02, 5.000000000e-03, 1.833333333e-02, 1.148511443e+00, 1.171481672e+02, 1.598613158e+02, -4.359854068e+01, 2.554127331e+05
5121, 7.500000000e-02, 5.000000000e-03, 2.000000000e-02, 1.148511443e+00, 1.171481672e+02, 1.743941627e+02, -4.359854068e+01, 2.575275068e+05
5122, 7.500000000e-02, 6.666666667e-03, 0.000000000e+00, 1.148511443e+00, 1.171481672e+02, 0.000000000e+00, -5.813138757e+01, 2.449308110e+05
5123, 7.500000000e-02, 6.666666667e-03, 1.666666667e-03, 1.148511443e+00, 1.171481672e+02, 1.453284689e+01, -5.813138757e+01, 2.450227577e+05
5124, 7.500000000e-02, 6.666666667e-03, 3.333333333e-03, 1.148511443e+00, 1.171481672e+02, 2.906569379e+01, -5.813138757e+01, 2.452985978e+05
5125, 7.500000000e-02, 6.666666667e-03, 5.000000000e-03, 1.148511443e+00, 1.171481672e+02, 4.359854068e+01, -5.813138757e+01, 2.457583312e+05
5126, 7.500000000e-02, 6.666666667e-03, 6.666666667e-03, 1.148511443e+00, 1.171481672e+02, 5.813138757e+01, -5.813138757e+01, 2.464019580e+05
5127, 7.500000000e-02, 6.666666667e-03, 8.333333333e-03, 1.148511443e+00, 1.171481672e+02, 7.266423447e+01, -5.813138757e+01, 2.472294781e+05
5128, 7.500000000e-02, 6.666666667e-03, 1.000000000e-02, 1.148511443e+00, 1.171481672e+02, 8.719708136e+01, -5.813138757e+01, 2.482408917e+05
5129, 7.500000000e-02, 6.666666667e-03, 1.166666667e-02, 1.148511443e+00, 1.171481672e+02, 1.017299283e+02, -5.813138757e+01, 2.494361986e+05
5130, 7.500000000e-02, 6.666666667e-03, 1.333333333e-02, 1.148511443e+00, 1.171481672e+02, 1.162627751e+02, -5.813138757e+01, 2.508153988e+05
5131, 7.500000000e-02, 6.666666667e-03, 1.500000000e-02, 1.148511443e+00, 1.171481672e+02, 1.307956220e+02, -5.813138757e+01, 2.523784925e+05
5132, 7.500000000e-02, 6.666666667e-03, 1.666666667e-02, 1.148511443e+00, 1.171481672e+02, 1.453284689e+02, -5.813138757e+01, 2.541254795e+05
5133, 7.500000000e-02, 6.666666667e-03, 1.833333333e-02, 1.148511443e+00, 1.171481672e+02, 1.598613158e+02, -5.813138757e+01, 2.560563599e+05
5134, 7.500000000e-02, 6.666666667e-03, 2.000000000e-02, 1.148511443e+00, 1.171481672e+02, 1.743941627e+02, -5.813138757e+01, 2.581711336e+05
5135, 7.500000000e-02, 8.333333333e-03, 0.000000000e+00, 1.148511443e+00, 1.171481672e+02, 0.000000000e+00, -7.266423447e+01, 2.457583312e+05
5136, 7.500000000e-02, 8.333333333e-03, 1.666666667e-03, 1.148511443e+00, 1.171481672e+02, 1.453284689e+01, -7.266423447e+01, 2.458502779e+05
5137, 7.500000000e-02, 8.333333333e-03, 3.333333333e-03, 1.148511443e+00, 1.171481672e+02, 2.906569379e+01, -7.266423447e+01, 2.461261179e+05
5138, 7.500000000e-02, 8.333333333e-03, 5.000000000e-03, 1.148511443e+00, 1.171481672e+02, 4.359854068e+01, -7.266423447e+01, 2.465858513e+05
5139, 7.500000000e-02, 8.333333333e-03, 6.666666667e-03, 1.148511443e+00, 1.171481672e+02, 5.813138757e+01, -7.266423447e+01, 2.472294781e+05
5140, 7.500000000e-02, 8.333333333e-03, 8.333333333e-03, 1.148511443e+00, 1.171481672e+02, 7.266423447e+01, -7.266423447e+01, 2.480569983e+05
5141, 7.500000000e-02, 8.333333333e-03, 1.000000000e-02, 1.148511443e+00, 1.171481672e+02, 8.719708136e+01, -7.266423447e+01, 2.490684118e+05
5142, 7.500000000e-02, 8.333333333e-03, 1.166666667e-02, 1.148511443e+00, 1.171481672e+02, 1.017299283e+02, -7.266423447e+01, 2.502637187e+05
5143, 7.500000000e-02, 8.333333333e-03, 1.333333333e-02, 1.148511443e+00, 1.171481672e+02, 1.162627751e+02, -7.266423447e+01, 2.516429190e+05
5144, 7.500000000e-02, 8.333333333e-03, 1.500000000e-02, 1.148511443e+00, 1.171481672e+02, 1.307956220e+02, -7.266423447e+01, 2.532060126e+05
5145, 7.500000000e-02, 8.333333333e-03, 1.666666667e-02, 1.148511443e+00, 1.171481672e+02, 1.453284689e+02, -7.266423447e+01, 2.549529996e+05
5146, 7.500000000e-02, 8.333333333e-03, 1.833333333e-02, 1.148511443e+00, 1.171481672e+02, 1.598613158e+02, -7.266423447e+01, 2.568838800e+05
5147, 7.500000000e-02, 8.333333333e-03, 2.000000000e-02, 1.148511443e+00, 1.171481672e+02, 1.743941627e+02, -7.266423447e+01, 2.589986538e+05
5148, 7.500000000e-02, 1.000000000e-02, 0.000000000e+00, 1.148511443e+00, 1.171481672e+02, 0.000000000e+00, -8.719708136e+01, 2.467697447e+05
5149, 7.500000000e-02, 1.000000000e-02, 1.666666667e-03, 1.148511443e+00, 1.171481672e+02, 1.453284689e+01, -8.719708136e+01, 2.468616914e+05
5150, 7.500000000e-02, 1.000000000e-02, 3.333333333e-03, 1.148511443e+00, 1.171481672e+02, 2.906569379e+01, -8.719708136e+01, 2.471375315e+05
5151, 7.500000000e-02, 1.000000000e-02, 5.000000000e-03, 1.148511443e+00, 1.171481672e+02, 4.359854068e+01, -8.719708136e+01, 2.475972649e+05
5152, 7.500000000e-02, 1.000000000e-02, 6.666666667e-03, 1.148511443e+00, 1.171481672e+02, 5.813138757e+01, -8.719708136e+01, 2.482408917e+05
5153, 7.500000000e-02, 1.000000000e-02, 8.333333333e-03, 1.148511443e+00, 1.171481672e+02, 7.266423447e+01, -8.719708136e+01, 2.490684118e+05
5154, 7.500000000e-02, 1.000000000e-02, 1.000000000e-02, 1.148511443e+00, 1.171481672e+02, 8.719708136e+01, -8.719708136e+01, 2.500798254e+05
5155, 7.500000000e-02, 1.000000000e-02, 1.166666667e-02, 1.148511443e+00, 1.171481672e+02, 1.017299283e+02, -8.719708136e+01, 2.512751323e+05
5156, 7.500000000e-02, 1.000000000e-02, 1.333333333e-02, 1.148511443e+00, 1.171481672e+02, 1.162627751e+02, -8.719708136e+01, 2.526543325e+05
5157, 7.500000000e-02, 1.000000000e-02, 1.500000000e-02, 1.148511443e+00, 1.171481672e+02, 1.307956220e+02, -8.719708136e+01, 2.542174262e+05
5158, 7.500000000e-02, 1.000000000e-02, 1.666666667e-02, 1.148511443e+00, 1.171481672e+02, 1.453284689e+02, -8.719708136e+01, 2.559644132e+05
5159, 7.500000000e-02, 1.000000000e-02, 1.833333333e-02, 1.148511443e+00, 1.171481672e+02, 1.598613158e+02, -8.719708136e+01, 2.578952935e+05
5160, 7.500000000e-02, 1.000000000e-02, 2.000000000e-02, 1.148511443e+00, 1.171481672e+02, 1.743941627e+02, -8.719708136e+01, 2.600100673e+05
5161, 7.500000000e-02, 1.166666667e-02, 0.000000000e+00, 1.148511443e+00, 1.171481672e+02, 0.000000000e+00, -1.017299283e+02, 2.479650516e+05
5162, 7.500000000e-02, 1.166666667e-02, 1.666666667e-03, 1.148511443e+00, 1.171481672e+02, 1.453284689e+01, -1.017299283e+02, 2.480569983e+05
5163, 7.500000000e-02, 1.166666667e-02, 3.333333333e-03, 1.148511443e+00, 1.171481672e+02, 2.906569379e+01, -1.017299283e+02, 2.483328384e+05
5164, 7.500000000e-02, 1.166666667e-02, 5.000000000e-03, 1.148511443e+00, 1.171481672e+02, 4.359854068e+01, -1.017299283e+02, 2.487925718e+05
5165, 7.500000000e-02, 1.166666667e-02, 6.666666667e-03, 1.148511443e+00, 1.171481672e+02, 5.813138757e+01, -1.017299283e+02, 2.494361986e+05
5166, 7.500000000e-02, 1.166666667e-02, 8.333333333e-03, 1.148511443e+00, 1.171481672e+02, 7.266423447e+01, -1.017299283e+02, 2.502637187e+05
5167, 7.500000000e-02, 1.166666667e-02, 1.000000000e-02, 1.148511443e+00, 1.171481672e+02, 8.719708136e+01, -1.017299283e+02, 2.512751323e+05
5168, 7.500000000e-02, 1.166666667e-02, 1.166666667e-02, 1.148511443e+00, 1.171481672e+02, 1.017299283e+02, -1.017299283e+02, 2.524704392e+05
5169, 7.500000000e-02, 1.166666667e-02, 1.333333333e-02, 1.148511443e+00, 1.171481672e+02, 1.162627751e+02, -1.017299283e+02, 2.538496394e+05
5170, 7.500000000e-02, 1.166666667e-02, 1.500000000e-02, 1.148511443e+00, 1.171481672e+02, 1.307956220e+02, -1.017299283e+02, 2.554127331e+05
5171, 7.500000000e-02, 1.166666667e-02, 1.666666667e-02, 1.148511443e+00, 1.171481672e+02, 1.453284689e+02, -1.017299283e+02, 2.571597201e+05
5172, 7.500000000e-02, 1.166666667e-02, 1.833333333e-02, 1.148511443e+00, 1.171481672e+02, 1.598613158e+02, -1.017299283e+02, 2.590906004e+05
5173, 7.500000000e-02, 1.166666667e-02, 2.000000000e-02, 1.148511443e+00, 1.171481672e+02, 1.743941627e+02, -1.017299283e+02, 2.612053742e+05
5174, 7.500000000e-02, 1.333333333e-02, 0.000000000e+00, 1.148511443e+00, 1.171481672e+02, 0.000000000e+00, -1.162627751e+02, 2.493442519e+05
5175, 7.500000000e-02, 1.333333333e-02, 1.666666667e-03, 1.148511443e+00, 1.171481672e+02, 1.453284689e+01, -1.162627751e+02, 2.494361986e+05
5176, 7.500000000e-02, 1.333333333e-02, 3.333333333e-03, 1.148511443e+00, 1.171481672e+02, 2.906569379e+01, -1.162627751e+02, 2.497120386e+05
5177, 7.500000000e-02, 1.333333333e-02, 5.000000000e-03, 1.148511443e+00, 1.171481672e+02, 4.359854068e+01, -1.162627751e+02, 2.501717720e+05
5178, 7.500000000e-02, 1.333333333e-02, 6.666666667e-03, 1.148511443e+00, 1.171481672e+02, 5.813138757e+01, -1.162627751e+02, 2.508153988e+05
5179, 7.500000000e-02, 1.333333333e-02, 8.333333333e-03, 1.148511443e+00, 1.171481672e+02, 7.266423447e+01, -1.162627751e+02, 2.516429190e+05
5180, 7.500000000e-02, 1.333333333e-02, 1.000000000e-02, 1.148511443e+00, 1.171481672e+02, 8.719708136e+01, -1.162627751e+02, 2.526543325e+05
5181, 7.500000000e-02, 1.333333333e-02, 1.166666667e-02, 1.148511443e+00, 1.171481672e+02, 1.017299283e+02, -1.162627751e+02, 2.538496394e+05
5182, 7.500000000e-02, 1.333333333e-02, 1.333333333e-02, 1.148511443e+00, 1.171481672e+02, 1.162627751e+02, -1.162627751e+02, 2.552288397e+05
5183, 7.500000000e-02, 1.333333333e-02, 1.500000000e-02, 1.148511443e+00, 1.171481672e+02, 1.307956220e+02, -1.162627751e+02, 2.567919333e+05
5184, 7.500000000e-02, 1.333333333e-02, 1.666666667e-02, 1.148511443e+00, 1.171481672e+02, 1.453284689e+02, -1.162627751e+02, 2.585389203e+05
5185, 7.500000000e-02, 1.333333333e-02, 1.833333333e-02, 1.148511443e+00, 1.171481672e+02, 1.598613158e+02, -1.162627751e+02, 2.604698007e+05
5186, 7.500000000e-02, 1.333333333e-02, 2.000000000e-02, 1.148511443e+00, 1.171481672e+02, 1.743941627e+02, -1.162627751e+02, 2.625845745e+05
5187, 7.500000000e-02, 1.500000000e-02, 0.000000000e+00, 1.148511443e+00, 1.171481672e+02, 0.000000000e+00, -1.307956220e+02, 2.509073455e+05
5188, 7.500000000e-02, 1.500000000e-02, 1.666666667e-03, 1.148511443e+00, 1.171481672e+02, 1.453284689e+01, -1.307956220e+02, 2.509992922e+05
5189, 7.500000000e-02, 1.500000000e-02, 3.333333333e-03, 1.148511443e+00, 1.171481672e+02, 2.906569379e+01, -1.307956220e+02, 2.512751323e+05
5190, 7.500000000e-02, 1.500000000e-02, 5.000000000e-03, 1.148511443e+00, 1.171481672e+02, 4.359854068e+01, -1.307956220e+02, 2.517348657e+05
5191, 7.500000000e-02, 1.500000000e-02, 6.666666667e-03, 1.148511443e+00, 1.171481672e+02, 5.813138757e+01, -1.307956220e+02, 2.523784925e+05
5192, 7.500000000e-02, 1.500000000e-02, 8.333333333e-03, 1.148511443e+00, 1.171481672e+02, 7.266423447e+01, -1.307956220e+02, 2.532060126e+05
5193, 7.500000000e-02, 1.500000000e-02, 1.000000000e-02, 1.148511443e+00, 1.171481672e+02, 8.719708136e+01, -1.307956220e+02, 2.542174262e+05
5194, 7.500000000e-02, 1.500000000e-02, 1.166666667e-02, 1.148511443e+00, 1.171481672e+02, 1.017299283e+02, -1.307956220e+02, 2.554127331e+05
5195, 7.500000000e-02, 1.500000000e-02, 1.333333333e-02, 1.148511443e+00, 1.171481672e+02, 1.162627751e+02, -1.307956220e+02, 2.567919333e+05
5196, 7.500000000e-02, 1.500000000e-02, 1.500000000e-02, 1.148511443e+00, 1.171481672e+02, 1.307956220e+02, -1.307956220e+02, 2.583550270e+05
5197, 7.500000000e-02, 1.500000000e-02, 1.666666667e-02, 1.148511443e+00, 1.171481672e+02, 1.453284689e+02, -1.307956220e+02, 2.601020140e+05
5198, 7.500000000e-02, 1.500000000e-02, 1.833333333e-02, 1.148511443e+00, 1.171481672e+02, 1.598613158e+02, -1.307956220e+02, 2.620328944e+05
5199, 7.500000000e-02, 1.500000000e-02, 2.000000000e-02, 1.148511443e+00, 1.171481672e+02, 1.743941627e+02, -1.307956220e+02, 2.641476681e+05
5200, 7.500000000e-02, 1.666666667e-02, 0.000000000e+00, 1.148511443e+00, 1.171481672e+02, 0.000000000e+00, -1.453284689e+02, 2.526543325e+05
5201, 7.500000000e-02, 1.666666667e-02, 1.666666667e-03, 1.148511443e+00, 1.171481672e+02, 1.453284689e+01, -1.453284689e+02, 2.527462792e+05
5202, 7.500000000e-02, 1.666666667e-02, 3.333333333e-03, 1.148511443e+00, 1.171481672e+02, 2.906569379e+01, -1.453284689e+02, 2.530221193e+05
5203, 7.500000000e-02, 1.666666667e-02, 5.000000000e-03, 1.148511443e+00, 1.171481672e+02, 4.359854068e+01, -1.453284689e+02, 2.534818527e+05
5204, 7.500000000e-02, 1.666666667e-02, 6.666666667e-03, 1.148511443e+00, 1.171481672e+02, 5.813138757e+01, -1.453284689e+02, 2.541254795e+05
5205, 7.500000000e-02, 1.666666667e-02, 8.333333333e-03, 1.148511443e+00, 1.171481672e+02, 7.266423447e+01, -1.453284689e+02, 2.549529996e+05
5206, 7.500000000e-02, 1.666666667e-02, 1.000000000e-02, 1.148511443e+00, 1.171481672e+02, 8.719708136e+01, -1.453284689e+02, 2.559644132e+05
5207, 7.500000000e-02, 1.666666667e-02, 1.166666667e-02, 1.148511443e+00, 1.171481672e+02, 1.017299283e+02, -1.453284689e+02, 2.571597201e+05
5208, 7.500000000e-02, 1.666666667e-02, 1.333333333e-02, 1.148511443e+00, 1.171481672e+02, 1.162627751e+02, -1.453284689e+02, 2.585389203e+05
5209, 7.500000000e-02, 1.666666667e-02, 1.500000000e-02, 1.148511443e+00, 1.171481672e+02, 1.307956220e+02, -1.453284689e+02, 2.601020140e+05
5210, 7.500000000e-02, 1.666666667e-02, 1.666666667e-02, 1.148511443e+00, 1.171481672e+02, 1.453284689e+02, -1.453284689e+02, 2.618490010e+05
5211, 7.500000000e-02, 1.666666667e-02, 1.833333333e-02, 1.148511443e+00, 1.171481672e+02, 1.598613158e+02, -1.453284689e+02, 2.637798814e+05
5212, 7.500000000e-02, 1.666666667e-02, 2.000000000e-02, 1.148511443e+00, 1.171481672e+02, 1.743941627e+02, -1.453284689e+02, 2.658946551e+05
5213, 7.500000000e-02, 1.833333333e-02, 0.000000000e+00, 1.148511443e+00, 1.171481672e+02, 0.000000000e+00, -1.598613158e+02, 2.545852129e+05
5214, 7.500000000e-02, 1.833333333e-02, 1.666666667e-03, 1.148511443e+00, 1.171481672e+02, 1.453284689e+01, -1.598613158e+02, 2.546771596e+05
5215, 7.500000000e-02, 1.833333333e-02, 3.333333333e-03, 1.148511443e+00, 1.171481672e+02, 2.906569379e+01, -1.598613158e+02, 2.549529996e+05
5216, 7.500000000e-02, 1.833333333e-02, 5.000000000e-03, 1.148511443e+00, 1.171481672e+02, 4.359854068e+01, -1.598613158e+02, 2.554127331e+05
5217, 7.500000000e-02, 1.833333333e-02, 6.666666667e-03, 1.148511443e+00, 1.171481672e+02, 5.813138757e+01, -1.598613158e+02, 2.560563599e+05
5218, 7.500000000e-02, 1.833333333e-02, 8.333333333e-03, 1.148511443e+00, 1.171481672e+02, 7.266423447e+01, -1.598613158e+02, 2.568838800e+05
5219, 7.500000000e-02, 1.833333333e-02, 1.000000000e-02, 1.148511443e+00, 1.171481672e+02, 8.719708136e+01, -1.598613158e+02, 2.578952935e+05
5220, 7.500000000e-02, 1.833333333e-02, 1.166666667e-02, 1.148511443e+00, 1.171481672e+02, 1.017299283e+02, -1.598613158e+02, 2.590906004e+05
5221, 7.500000000e-02, 1.833333333e-02, 1.333333333e-02, 1.148511443e+00, 1.171481672e+02, 1.162627751e+02, -1.598613158e+02, 2.604698007e+05
5222, 7.500000000e-02, 1.833333333e-02, 1.500000000e-02, 1.148511443e+00, 1.171481672e+02, 1.307956220e+02, -1.598613158e+02, 2.620328944e+05
5223, 7.500000000e-02, 1.833333333e-02, 1.666666667e-02, 1.148511443e+00, 1.171481672e+02, 1.453284689e+02, -1.598613158e+02, 2.637798814e+05
5224, 7.500000000e-02, 1.833333333e-02, 1.833333333e-02, 1.148511443e+00, 1.171481672e+02, 1.598613158e+02, -1.598613158e+02, 2.657107617e+05
5225, 7.500000000e-02, 1.833333333e-02, 2.000000000e-02, 1.148511443e+00, 1.171481672e+02, 1.743941627e+02, -1.598613158e+02, 2.678255355e+05
5226, 7.500000000e-02, 2.000000000e-02, 0.000000000e+00, 1.148511443e+00, 1.171481672e+02, 0.000000000e+00, -1.743941627e+02, 2.566999866e+05
5227, 7.500000000e-02, 2.000000000e-02, 1.666666667e-03, 1.148511443e+00, 1.171481672e+02, 1.453284689e+01, -1.743941627e+02, 2.567919333e+05
5228, 7.500000000e-02, 2.000000000e-02, 3.333333333e-03, 1.148511443e+00, 1.171481672e+02, 2.906569379e+01, -1.743941627e+02, 2.570677734e+05
5229, 7.500000000e-02, 2.000000000e-02, 5.000000000e-03, 1.148511443e+00, 1.171481672e+02, 4.359854068e+01, -1.743941627e+02, 2.575275068e+05
5230, 7.500000000e-02, 2.000000000e-02, 6.666666667e-03, 1.148511443e+00, 1.171481672e+02, 5.813138757e+01, -1.743941627e+02, 2.581711336e+05
5231, 7.500000000e-02, 2.000000000e-02, 8.333333333e-03, 1.148511443e+00, 1.171481672e+02, 7.266423447e+01, -1.743941627e+02, 2.589986538e+05
5232, 7.500000000e-02, 2.000000000e-02, 1.000000000e-02, 1.148511443e+00, 1.171481672e+02, 8.719708136e+01, -1.743941627e+02, 2.600100673e+05
5233, 7.500000000e-02, 2.000000000e-02, 1.166666667e-02, 1.148511443e+00, 1.171481672e+02, 1.017299283e+02, -1.743941627e+02, 2.612053742e+05
5234, 7.500000000e-02, 2.000000000e-02, 1.333333333e-02, 1.148511443e+00, 1.171481672e+02, 1.162627751e+02, -1.743941627e+02, 2.625845745e+05
5235, 7.500000000e-02, 2.000000000e-02, 1.500000000e-02, 1.148511443e+00, 1.171481672e+02, 1.307956220e+02, -1.743941627e+02, 2.641476681e+05
5236, 7.500000000e-02, 2.000000000e-02, 1.666666667e-02, 1.148511443e+00, 1.171481672e+02, 1.453284689e+02, -1.743941627e+02, 2.658946551e+05
5237, 7.500000000e-02, 2.000000000e-02, 1.833333333e-02, 1.148511443e+00, 1.171481672e+02, 1.598613158e+02, -1.743941627e+02, 2.678255355e+05
5238, 7.500000000e-02, 2.000000000e-02, 2.000000000e-02, 1.148511443e+00, 1.171481672e+02, 1.743941627e+02, -1.743941627e+02, 2.699403092e+05
5239, 7.750000000e-02, 0.000000000e+00, 0.000000000e+00, 1.148511443e+00, 1.171481672e+02, 0.000000000e+00, 0.000000000e+00, 2.434596641e+05
5240, 7.750000000e-02, 0.000000000e+00, 1.666666667e-03, 1.148511443e+00, 1.171481672e+02, 1.453284689e+01, 0.000000000e+00, 2.435516108e+05
5241, 7.750000000e-02, 0.000000000e+00, 3.333333333e-03, 1.148511443e+00, 1.171481672e+02, 2.906569379e+01, 0.000000000e+00, 2.438274508e+05
5242, 7.750000000e-02, 0.000000000e+00, 5.000000000e-03, 1.148511443e+00, 1.171481672e+02, 4.359854068e+01, 0.000000000e+00, 2.442871842e+05
5243, 7.750000000e-02, 0.000000000e+00, 6.666666667e-03, 1.148511443e+00, 1.171481672e+02, 5.813138757e+01, 0.000000000e+00, 2.449308110e+05
5244, 7.750000000e-02, 0.000000000e+00, 8.333333333e-03, 1.148511443e+00, 1.171481672e+02, 7.266423447e+01, 0.000000000e+00, 2.457583312e+05
5245, 7.750000000e-02, 0.000000000e+00, 1.000000000e-02, 1.148511443e+00, 1.171481672e+02, 8.719708136e+01, 0.000000000e+00, 2.467697447e+05
5246, 7.750000000e-02, 0.000000000e+00, 1.166666667e-02, 1.148511443e+00, 1.171481672e+02, 1.017299283e+02, 0.000000000e+00, 2.479650516e+05
5247, 7.750000000e-02, 0.000000000e+00, 1.333333333e-02, 1.148511443e+00, 1.171481672e+02, 1.162627751e+02, 0.000000000e+00, 2.493442519e+05
5248, 7.750000000e-02, 0.000000000e+00, 1.500000000e-02, 1.148511443e+00, 1.171481672e+02, 1.307956220e+02, 0.000000000e+00, 2.509073455e+05
5249, 7.750000000e-02, 0.000000000e+00, 1.666666667e-02, 1.148511443e+00, 1.171481672e+02, 1.453284689e+02, 0.000000000e+00, 2.526543325e+05
5250, 7.750000000e-02, 0.000000000e+00, 1.833333333e-02, 1.148511443e+00, 1.171481672e+02, 1.598613158e+02, 0.000000000e+00, 2.545852129e+05
5251, 7.750000000e-02, 0.000000000e+00, 2.000000000e-02, 1.148511443e+00, 1.171481672e+02, 1.743941627e+02, 0.000000000e+00, 2.566999866e+05
5252, 7.750000000e-02, 1.666666667e-03, 0.000000000e+00, 1.148511443e+00, 1.171481672e+02, 0.000000000e+00, -1.453284689e+01, 2.435516108e+05
5253, 7.750000000e-02, 1.666666667e-03, 1.666666667e-03, 1.148511443e+00, 1.171481672e+02, 1.453284689e+01, -1.453284689e+01, 2.436435574e+05
5254, 7.750000000e-02, 1.666666667e-03, 3.333333333e-03, 1.148511443e+00, 1.171481672e+02, 2.906569379e+01, -1.453284689e+01, 2.439193975e+05
5255, 7.750000000e-02, 1.666666667e-03, 5.000000000e-03, 1.148511443e+00, 1.171481672e+02, 4.359854068e+01, -1.453284689e+01, 2.443791309e+05
5256, 7.750000000e-02, 1.666666667e-03, 6.666666667e-03, 1.148511443e+00, 1.171481672e+02, 5.813138757e+01, -1.453284689e+01, 2.450227577e+05
5257, 7.750000000e-02, 1.666666667e-03, 8.333333333e-03, 1.148511443e+00, 1.171481672e+02, 7.266423447e+01, -1.453284689e+01, 2.458502779e+05
5258, 7.750000000e-02, 1.666666667e-03, 1.000000000e-02, 1.148511443e+00, 1.171481672e+02, 8.719708136e+01, -1.453284689e+01, 2.468616914e+05
5259, 7.750000000e-02, 1.666666667e-03, 1.166666667e-02, 1.148511443e+00, 1.171481672e+02, 1.017299283e+02, -1.453284689e+01, 2.480569983e+05
5260, 7.750000000e-02, 1.666666667e-03, 1.333333333e-02, 1.148511443e+00, 1.171481672e+02, 1.162627751e+02, -1.453284689e+01, 2.494361986e+05
5261, 7.750000000e-02, 1.666666667e-03, 1.500000000e-02, 1.148511443e+00, 1.171481672e+02, 1.307956220e+02, -1.453284689e+01, 2.509992922e+05
5262, 7.750000000e-02, 1.666666667e-03, 1.666666667e-02, 1.148511443e+00, 1.171481672e+02, 1.453284689e+02, -1.453284689e+01, 2.527462792e+05
5263, 7.750000000e-02, 1.666666667e-03, 1.833333333e-02, 1.148511443e+00, 1.171481672e+02, 1.598613158e+02, -1.453284689e+01, 2.546771596e+05
5264, 7.750000000e-02, 1.666666667e-03, 2.000000000e-02, 1.148511443e+00, 1.171481672e+02, 1.743941627e+02, -1.453284689e+01, 2.567919333e+05
5265, 7.750000000e-02, 3.333333333e-03, 0.000000000e+00, 1.148511443e+00, 1.171481672e+02, 0.000000000e+00, -2.906569379e+01, 2.438274508e+05
5266, 7.750000000e-02, 3.333333333e-03, 1.666666667e-03, 1.148511443e+00, 1.171481672e+02, 1.453284689e+01, -2.906569379e+01, 2.439193975e+05
5267, 7.750000000e-02, 3.333333333e-03, 3.333333333e-03, 1.148511443e+00, 1.171481672e+02, 2.906569379e+01, -2.906569379e+01, 2.441952375e+05
5268, 7.750000000e-02, 3.333333333e-03, 5.000000000e-03, 1.148511443e+00, 1.171481672e+02, 4.359854068e+01, -2.906569379e+01, 2.446549710e+05
5269, 7.750000000e-02, 3.333333333e-03, 6.666666667e-03, 1.148511443e+00, 1.171481672e+02, 5.813138757e+01, -2.906569379e+01, 2.452985978e+05
5270, 7.750000000e-02, 3.333333333e-03, 8.333333333e-03, 1.148511443e+00, 1.171481672e+02, 7.266423447e+01, -2.906569379e+01, 2.461261179e+05
5271, 7.750000000e-02, 3.333333333e-03, 1.000000000e-02, 1.148511443e+00, 1.171481672e+02, 8.719708136e+01, -2.906569379e+01, 2.471375315e+05
5272, 7.750000000e-02, 3.333333333e-03, 1.166666667e-02, 1.148511443e+00, 1.171481672e+02, 1.017299283e+02, -2.906569379e+01, 2.483328384e+05
5273, 7.750000000e-02, 3.333333333e-03, 1.333333333e-02, 1.148511443e+00, 1.171481672e+02, 1.162627751e+02, -2.906569379e+01, 2.497120386e+05
5274, 7.750000000e-02, 3.333333333e-03, 1.500000000e-02, 1.148511443e+00, 1.171481672e+02, 1.307956220e+02, -2.906569379e+01, 2.512751323e+05
5275, 7.750000000e-02, 3.333333333e-03, 1.666666667e-02, 1.148511443e+00, 1.171481672e+02, 1.453284689e+02, -2.906569379e+01, 2.530221193e+05
5276, 7.750000000e-02, 3.333333333e-03, 1.833333333e-02, 1.148511443e+00, 1.171481672e+02, 1.598613158e+02, -2.906569379e+01, 2.549529996e+05
5277, 7.750000000e-02, 3.333333333e-03, 2.000000000e-02, 1.148511443e+00, 1.171481672e+02, 1.743941627e+02, -2.906569379e+01, 2.570677734e+05
5278, 7.750000000e-02, 5.000000000e-03, 0.000000000e+00, 1.148511443e+00, 1.171481672e+02, 0.000000000e+00, -4.359854068e+01, 2.442871842e+05
5279, 7.750000000e-02, 5.000000000e-03, 1.666666667e-03, 1.148511443e+00, 1.171481672e+02, 1.453284689e+01, -4.359854068e+01, 2.443791309e+05
5280, 7.750000000e-02, 5.000000000e-03, 3.333333333e-03, 1.148511443e+00, 1.171481672e+02, 2.906569379e+01, -4.359854068e+01, 2.446549710e+05
5281, 7.750000000e-02, 5.000000000e-03, 5.000000000e-03, 1.148511443e+00, 1.171481672e+02, 4.359854068e+01, -4.359854068e+01, 2.451147044e+05
5282, 7.750000000e-02, 5.000000000e-03, 6.666666667e-03, 1.148511443e+00, 1.171481672e+02, 5.813138757e+01, -4.359854068e+01, 2.457583312e+05
5283, 7.750000000e-02, 5.000000000e-03, 8.333333333e-03, 1.148511443e+00, 1.171481672e+02, 7.266423447e+01, -4.359854068e+01, 2.465858513e+05
5284, 7.750000000e-02, 5.000000000e-03, 1.000000000e-02, 1.148511443e+00, 1.171481672e+02, 8.719708136e+01, -4.359854068e+01, 2.475972649e+05
5285, 7.750000000e-02, 5.000000000e-03, 1.166666667e-02, 1.148511443e+00, 1.171481672e+02, 1.017299283e+02, -4.359854068e+01, 2.487925718e+05
5286, 7.750000000e-02, 5.000000000e-03, 1.333333333e-02, 1.148511443e+00, 1.171481672e+02, 1.162627751e+02, -4.359854068e+01, 2.501717720e+05
5287, 7.750000000e-02, 5.000000000e-03, 1.500000000e-02, 1.148511443e+00, 1.171481672e+02, 1.307956220e+02, -4.359854068e+01, 2.517348657e+05
5288, 7.750000000e-02, 5.000000000e-03, 1.666666667e-02, 1.148511443e+00, 1.171481672e+02, 1.453284689e+02, -4.359854068e+01, 2.534818527e+05
5289, 7.750000000e-02, 5.000000000e-03, 1.833333333e-02, 1.148511443e+00, 1.171481672e+02, 1.598613158e+02, -4.359854068e+01, 2.554127331e+05
5290, 7.750000000e-02, 5.000000000e-03, 2.000000000e-02, 1.148511443e+00, 1.171481672e+02, 1.743941627e+02, -4.359854068e+01, 2.575275068e+05
5291, 7.750000000e-02, 6.666666667e-03, 0.000000000e+00, 1.148511443e+00, 1.171481672e+02, 0.000000000e+00, -5.813138757e+01, 2.449308110e+05
5292, 7.750000000e-02, 6.666666667e-03, 1.666666667e-03, 1.148511443e+00, 1.171481672e+02, 1.453284689e+01, -5.813138757e+01, 2.450227577e+05
5293, 7.750000000e-02, 6.666666667e-03, 3.333333333e-03, 1.148511443e+00, 1.171481672e+02, 2.906569379e+01, -5.813138757e+01, 2.452985978e+05
5294, 7.750000000e-02, 6.666666667e-03, 5.000000000e-03, 1.148511443e+00, 1.171481672e+02, 4.359854068e+01, -5.813138757e+01, 2.457583312e+05
5295, 7.750000000e-02, 6.666666667e-03, 6.666666667e-03, 1.148511443e+00, 1.171481672e+02, 5.813138757e+01, -5.813138757e+01, 2.464019580e+05
5296, 7.750000000e-02, 6.666666667e-03, 8.333333333e-03, 1.148511443e+00, 1.171481672e+02, 7.266423447e+01, -5.813138757e+01, 2.472294781e+05
5297, 7.750000000e-02, 6.666666667e-03, 1.000000000e-02, 1.148511443e+00, 1.171481672e+02, 8.719708136e+01, -5.813138757e+01, 2.482408917e+05
5298, 7.750000000e-02, 6.666666667e-03, 1.166666667e-02, 1.148511443e+00, 1.171481672e+02, 1.017299283e+02, -5.813138757e+01, 2.494361986e+05
5299, 7.750000000e-02, 6.666666667e-03, 1.333333333e-02, 1.148511443e+00, 1.171481672e+02, 1.162627751e+02, -5.813138757e+01, 2.508153988e+05
5300, 7.750000000e-02, 6.666666667e-03, 1.500000000e-02, 1.148511443e+00, 1.171481672e+02, 1.307956220e+02, -5.813138757e+01, 2.523784925e+05
5301, 7.750000000e-02, 6.666666667e-03, 1.666666667e-02, 1.148511443e+00, 1.171481672e+02, 1.453284689e+02, -5.813138757e+01, 2.541254795e+05
5302, 7.750000000e-02, 6.666666667e-03, 1.833333333e-02, 1.148511443e+00, 1.171481672e+02, 1.598613158e+02, -5.813138757e+01, 2.560563599e+05
5303, 7.750000000e-02, 6.666666667e-03, 2.000000000e-02, 1.148511443e+00, 1.171481672e+02, 1.743941627e+02, -5.813138757e+01, 2.581711336e+05
5304, 7.750000000e-02, 8.333333333e-03, 0.000000000e+00, 1.148511443e+00, 1.171481672e+02, 0.000000000e+00, -7.266423447e+01, 2.457583312e+05
5305, 7.750000000e-02, 8.333333333e-03, 1.666666667e-03, 1.148511443e+00, 1.171481672e+02, 1.453284689e+01, -7.266423447e+01, 2.458502779e+05
5306, 7.750000000e-02, 8.333333333e-03, 3.333333333e-03, 1.148511443e+00, 1.171481672e+02, 2.906569379e+01, -7.266423447e+01, 2.461261179e+05
5307, 7.750000000e-02, 8.333333333e-03, 5.000000000e-03, 1.148511443e+00, 1.171481672e+02, 4.359854068e+01, -7.266423447e+01, 2.465858513e+05
5308, 7.750000000e-02, 8.333333333e-03, 6.666666667e-03, 1.148511443e+00, 1.171481672e+02, 5.813138757e+01, -7.266423447e+01, 2.472294781e+05
5309, 7.750000000e-02, 8.333333333e-03, 8.333333333e-03, 1.148511443e+00, 1.171481672e+02, 7.266423447e+01, -7.266423447e+01, 2.480569983e+05
5310, 7.750000000e-02, 8.333333333e-03, 1.000000000e-02, 1.148511443e+00, 1.171481672e+02, 8.719708136e+01, -7.266423447e+01, 2.490684118e+05
5311, 7.750000000e-02, 8.333333333e-03, 1.166666667e-02, 1.148511443e+00, 1.171481672e+02, 1.017299283e+02, -7.266423447e+01, 2.502637187e+05
5312, 7.750000000e-02, 8.333333333e-03, 1.333333333e-02, 1.148511443e+00, 1.171481672e+02, 1.162627751e+02, -7.266423447e+01, 2.516429190e+05
5313, 7.750000000e-02, 8.333333333e-03, 1.500000000e-02, 1.148511443e+00, 1.171481672e+02, 1.307956220e+02, -7.266423447e+01, 2.532060126e+05
5314, 7.750000000e-02, 8.333333333e-03, 1.666666667e-02, 1.148511443e+00, 1.171481672e+02, 1.453284689e+02, -7.266423447e+01, 2.549529996e+05
5315, 7.750000000e-02, 8.333333333e-03, 1.833333333e-02, 1.148511443e+00, 1.171481672e+02, 1.598613158e+02, -7.266423447e+01, 2.568838800e+05
5316, 7.750000000e-02, 8.333333333e-03, 2.000000000e-02, 1.148511443e+00, 1.171481672e+02, 1.743941627e+02, -7.266423447e+01, 2.589986538e+05
5317, 7.750000000e-02, 1.000000000e-02, 0.000000000e+00, 1.148511443e+00, 1.171481672e+02, 0.000000000e+00, -8.719708136e+01, 2.467697447e+05
5318, 7.750000000e-02, 1.000000000e-02, 1.666666667e-03, 1.148511443e+00, 1.171481672e+02, 1.453284689e+01, -8.719708136e+01, 2.468616914e+05
5319, 7.750000000e-02, 1.000000000e-02, 3.333333333e-03, 1.148511443e+00, 1.171481672e+02, 2.906569379e+01, -8.719708136e+01, 2.471375315e+05
5320, 7.750000000e-02, 1.000000000e-02, 5.000000000e-03, 1.148511443e+00, 1.171481672e+02, 4.359854068e+01, -8.719708136e+01, 2.475972649e+05
5321, 7.750000000e-02, 1.000000000e-02, 6.666666667e-03, 1.148511443e+00, 1.171481672e+02, 5.813138757e+01, -8.719708136e+01, 2.482408917e+05
5322, 7.750000000e-02, 1.000000000e-02, 8.333333333e-03, 1.148511443e+00, 1.171481672e+02, 7.266423447e+01, -8.719708136e+01, 2.490684118e+05
5323, 7.750000000e-02, 1.000000000e-02, 1.000000000e-02, 1.148511443e+00, 1.171481672e+02, 8.719708136e+01, -8.719708136e+01, 2.500798254e+05
5324, 7.750000000e-02, 1.000000000e-02, 1.166666667e-02, 1.148511443e+00, 1.171481672e+02, 1.017299283e+02, -8.719708136e+01, 2.512751323e+05
5325, 7.750000000e-02, 1.000000000e-02, 1.333333333e-02, 1.148511443e+00, 1.171481672e+02, 1.162627751e+02, -8.719708136e+01, 2.526543325e+05
5326, 7.750000000e-02, 1.000000000e-02, 1.500000000e-02, 1.148511443e+00, 1.171481672e+02, 1.307956220e+02, -8.719708136e+01, 2.542174262e+05
5327, 7.750000000e-02, 1.000000000e-02, 1.666666667e-02, 1.148511443e+00, 1.171481672e+02, 1.453284689e+02, -8.719708136e+01, 2.559644132e+05
5328, 7.750000000e-02, 1.000000000e-02, 1.833333333e-02, 1.148511443e+00, 1.171481672e+02, 1.598613158e+02, -8.719708136e+01, 2.578952935e+05
5329, 7.750000000e-02, 1.000000000e-02, 2.000000000e-02, 1.148511443e+00, 1.171481672e+02, 1.743941627e+02, -8.719708136e+01, 2.600100673e+05
5330, 7.750000000e-02, 1.166666667e-02, 0.000000000e+00, 1.148511443e+00, 1.171481672e+02, 0.000000000e+00, -1.017299283e+02, 2.479650516e+05
5331, 7.750000000e-02, 1.166666667e-02, 1.666666667e-03, 1.148511443e+00, 1.171481672e+02, 1.453284689e+01, -1.017299283e+02, 2.480569983e+05
5332, 7.750000000e-02, 1.166666667e-02, 3.333333333e-03, 1.148511443e+00, 1.171481672e+02, 2.906569379e+01, -1.017299283e+02, 2.483328384e+05
5333, 7.750000000e-02, 1.166666667e-02, 5.000000000e-03, 1.148511443e+00, 1.171481672e+02, 4.359854068e+01, -1.017299283e+02, 2.487925718e+05
5334, 7.750000000e-02, 1.166666667e-02, 6.666666667e-03, 1.148511443e+00, 1.171481672e+02, 5.813138757e+01, -1.017299283e+02, 2.494361986e+05
5335, 7.750000000e-02, 1.166666667e-02, 8.333333333e-03, 1.148511443e+00, 1.171481672e+02, 7.266423447e+01, -1.017299283e+02, 2.502637187e+05
5336, 7.750000000e-02, 1.166666667e-02, 1.000000000e-02, 1.148511443e+00, 1.171481672e+02, 8.719708136e+01, -1.017299283e+02, 2.512751323e+05
5337, 7.750000000e-02, 1.166666667e-02, 1.166666667e-02, 1.148511443e+00, 1.171481672e+02, 1.017299283e+02, -1.017299283e+02, 2.524704392e+05
5338, 7.750000000e-02, 1.166666667e-02, 1.333333333e-02, 1.148511443e+00, 1.171481672e+02, 1.162627751e+02, -1.017299283e+02, 2.538496394e+05
5339, 7.750000000e-02, 1.166666667e-02, 1.500000000e-02, 1.148511443e+00, 1.171481672e+02, 1.307956220e+02, -1.017299283e+02, 2.554127331e+05
5340, 7.750000000e-02, 1.166666667e-02, 1.666666667e-02, 1.148511443e+00, 1.171481672e+02, 1.453284689e+02, -1.017299283e+02, 2.571597201e+05
5341, 7.750000000e-02, 1.166666667e-02, 1.833333333e-02, 1.148511443e+00, 1.171481672e+02, 1.598613158e+02, -1.017299283e+02, 2.590906004e+05
5342, 7.750000000e-02, 1.166666667e-02, 2.000000000e-02, 1.148511443e+00, 1.171481672e+02, 1.743941627e+02, -1.017299283e+02, 2.612053742e+05
5343, 7.750000000e-02, 1.333333333e-02, 0.000000000e+00, 1.148511443e+00, 1.171481672e+02, 0.000000000e+00, -1.162627751e+02, 2.493442519e+05
5344, 7.750000000e-02, 1.333333333e-02, 1.666666667e-03, 1.148511443e+00, 1.171481672e+02, 1.453284689e+01, -1.162627751e+02, 2.494361986e+05
5345, 7.750000000e-02, 1.333333333e-02, 3.333333333e-03, 1.148511443e+00, 1.171481672e+02, 2.906569379e+01, -1.162627751e+02, 2.497120386e+05
5346, 7.750000000e-02, 1.333333333e-02, 5.000000000e-03, 1.148511443e+00, 1.171481672e+02, 4.359854068e+01, -1.162627751e+02, 2.501717720e+05
5347, 7.750000000e-02, 1.333333333e-02, 6.666666667e-03, 1.148511443e+00, 1.171481672e+02, 5.813138757e+01, -1.162627751e+02, 2.508153988e+05
5348, 7.750000000e-02, 1.333333333e-02, 8.333333333e-03, 1.148511443e+00, 1.171481672e+02, 7.266423447e+01, -1.162627751e+02, 2.516429190e+05
5349, 7.750000000e-02, 1.333333333e-02, 1.000000000e-02, 1.148511443e+00, 1.171481672e+02, 8.719708136e+01, -1.162627751e+02, 2.526543325e+05
5350, 7.750000000e-02, 1.333333333e-02, 1.166666667e-02, 1.148511443e+00, 1.171481672e+02, 1.017299283e+02, -1.162627751e+02, 2.538496394e+05
5351, 7.750000000e-02, 1.333333333e-02, 1.333333333e-02, 1.148511443e+00, 1.171481672e+02, 1.162627751e+02, -1.162627751e+02, 2.552288397e+05
5352, 7.750000000e-02, 1.333333333e-02, 1.500000000e-02, 1.148511443e+00, 1.171481672e+02, 1.307956220e+02, -1.162627751e+02, 2.567919333e+05
5353, 7.750000000e-02, 1.333333333e-02, 1.666666667e-02, 1.148511443e+00, 1.171481672e+02, 1.453284689e+02, -1.162627751e+02, 2.585389203e+05
5354, 7.750000000e-02, 1.333333333e-02, 1.833333333e-02, 1.148511443e+00, 1.171481672e+02, 1.598613158e+02, -1.162627751e+02, 2.604698007e+05
5355, 7.750000000e-02, 1.333333333e-02, 2.000000000e-02, 1.148511443e+00, 1.171481672e+02, 1.743941627e+02, -1.162627751e+02, 2.625845745e+05
5356, 7.750000000e-02, 1.500000000e-02, 0.000000000e+00, 1.148511443e+00, 1.171481672e+02, 0.000000000e+00, -1.307956220e+02, 2.509073455e+05
5357, 7.750000000e-02, 1.500000000e-02, 1.666666667e-03, 1.148511443e+00, 1.171481672e+02, 1.453284689e+01, -1.307956220e+02, 2.509992922e+05
5358, 7.750000000e-02, 1.500000000e-02, 3.333333333e-03, 1.148511443e+00, 1.171481672e+02, 2.906569379e+01, -1.307956220e+02, 2.512751323e+05
5359, 7.750000000e-02, 1.500000000e-02, 5.000000000e-03, 1.148511443e+00, 1.171481672e+02, 4.359854068e+01, -1.307956220e+02, 2.517348657e+05
5360, 7.750000000e-02, 1.500000000e-02, 6.666666667e-03, 1.148511443e+00, 1.171481672e+02, 5.813138757e+01, -1.307956220e+02, 2.523784925e+05
5361, 7.750000000e-02, 1.500000000e-02, 8.333333333e-03, 1.148511443e+00, 1.171481672e+02, 7.266423447e+01, -1.307956220e+02, 2.532060126e+05
5362, 7.750000000e-02, 1.500000000e-02, 1.000000000e-02, 1.148511443e+00, 1.171481672e+02, 8.719708136e+01, -1.307956220e+02, 2.542174262e+05
5363, 7.750000000e-02, 1.500000000e-02, 1.166666667e-02, 1.148511443e+00, 1.171481672e+02, 1.017299283e+02, -1.307956220e+02, 2.554127331e+05
5364, 7.750000000e-02, 1.500000000e-02, 1.333333333e-02, 1.148511443e+00, 1.171481672e+02, 1.162627751e+02, -1.307956220e+02, 2.567919333e+05
5365, 7.750000000e-02, 1.500000000e-02, 1.500000000e-02, 1.148511443e+00, 1.171481672e+02, 1.307956220e+02, -1.307956220e+02, 2.583550270e+05
5366, 7.750000000e-02, 1.500000000e-02, 1.666666667e-02, 1.148511443e+00, 1.171481672e+02, 1.453284689e+02, -1.307956220e+02, 2.601020140e+05
5367, 7.750000000e-02, 1.500000000e-02, 1.833333333e-02, 1.148511443e+00, 1.171481672e+02, 1.598613158e+02, -1.307956220e+02, 2.620328944e+05
5368, 7.750000000e-02, 1.500000000e-02, 2.000000000e-02, 1.148511443e+00, 1.171481672e+02, 1.743941627e+02, -1.307956220e+02, 2.641476681e+05
5369, 7.750000000e-02, 1.666666667e-02, 0.000000000e+00, 1.148511443e+00, 1.171481672e+02, 0.000000000e+00, -1.453284689e+02, 2.526543325e+05
5370, 7.750000000e-02, 1.666666667e-02, 1.666666667e-03, 1.148511443e+00, 1.171481672e+02, 1.453284689e+01, -1.453284689e+02, 2.527462792e+05
5371, 7.750000000e-02, 1.666666667e-02, 3.333333333e-03, 1.148511443e+00, 1.171481672e+02, 2.906569379e+01, -1.453284689e+02, 2.530221193e+05
5372, 7.750000000e-02, 1.666666667e-02, 5.000000000e-03, 1.148511443e+00, 1.171481672e+02, 4.359854068e+01, -1.453284689e+02, 2.534818527e+05
5373, 7.750000000e-02, 1.666666667e-02, 6.666666667e-03, 1.148511443e+00, 1.171481672e+02, 5.813138757e+01, -1.453284689e+02, 2.541254795e+05
5374, 7.750000000e-02, 1.666666667e-02, 8.333333333e-03, 1.148511443e+00, 1.171481672e+02, 7.266423447e+01, -1.453284689e+02, 2.549529996e+05
5375, 7.750000000e-02, 1.666666667e-02, 1.000000000e-02, 1.148511443e+00, 1.171481672e+02, 8.719708136e+01, -1.453284689e+02, 2.559644132e+05
5376, 7.750000000e-02, 1.666666667e-02, 1.166666667e-02, 1.148511443e+00, 1.171481672e+02, 1.017299283e+02, -1.453284689e+02, 2.571597201e+05
5377, 7.750000000e-02, 1.666666667e-02, 1.333333333e-02, 1.148511443e+00, 1.171481672e+02, 1.162627751e+02, -1.453284689e+02, 2.585389203e+05
5378, 7.750000000e-02, 1.666666667e-02, 1.500000000e-02, 1.148511443e+00, 1.171481672e+02, 1.307956220e+02, -1.453284689e+02, 2.601020140e+05
5379, 7.750000000e-02, 1.666666667e-02, 1.666666667e-02, 1.148511443e+00, 1.171481672e+02, 1.453284689e+02, -1.453284689e+02, 2.618490010e+05
5380, 7.750000000e-02, 1.666666667e-02, 1.833333333e-02, 1.148511443e+00, 1.171481672e+02, 1.598613158e+02, -1.453284689e+02, 2.637798814e+05
5381, 7.750000000e-02, 1.666666667e-02, 2.000000000e-02, 1.148511443e+00, 1.171481672e+02, 1.743941627e+02, -1.453284689e+02, 2.658946551e+05
5382, 7.750000000e-02, 1.833333333e-02, 0.000000000e+00, 1.148511443e+00, 1.171481672e+02, 0.000000000e+00, -1.598613158e+02, 2.545852129e+05
5383, 7.750000000e-02, 1.833333333e-02, 1.666666667e-03, 1.148511443e+00, 1.171481672e+02, 1.453284689e+01, -1.598613158e+02, 2.546771596e+05
5384, 7.750000000e-02, 1.833333333e-02, 3.333333333e-03, 1.148511443e+00, 1.171481672e+02, 2.906569379e+01, -1.598613158e+02, 2.549529996e+05
5385, 7.750000000e-02, 1.833333333e-02, 5.000000000e-03, 1.148511443e+00, 1.171481672e+02, 4.359854068e+01, -1.598613158e+02, 2.554127331e+05
5386, 7.750000000e-02, 1.833333333e-02, 6.666666667e-03, 1.148511443e+00, 1.171481672e+02, 5.813138757e+01, -1.598613158e+02, 2.560563599e+05
5387, 7.750000000e-02, 1.833333333e-02, 8.333333333e-03, 1.148511443e+00, 1.171481672e+02, 7.266423447e+01, -1.598613158e+02, 2.568838800e+05
5388, 7.750000000e-02, 1.833333333e-02, 1.000000000e-02, 1.148511443e+00, 1.171481672e+02, 8.719708136e+01, -1.598613158e+02, 2.578952935e+05
5389, 7.750000000e-02, 1.833333333e-02, 1.166666667e-02, 1.148511443e+00, 1.171481672e+02, 1.017299283e+02, -1.598613158e+02, 2.590906004e+05
5390, 7.750000000e-02, 1.833333333e-02, 1.333333333e-02, 1.148511443e+00, 1.171481672e+02, 1.162627751e+02, -1.598613158e+02, 2.604698007e+05
5391, 7.750000000e-02, 1.833333333e-02, 1.500000000e-02, 1.148511443e+00, 1.171481672e+02, 1.307956220e+02, -1.598613158e+02, 2.620328944e+05
5392, 7.750000000e-02, 1.833333333e-02, 1.666666667e-02, 1.148511443e+00, 1.171481672e+02, 1.453284689e+02, -1.598613158e+02, 2.637798814e+05
5393, 7.750000000e-02, 1.833333333e-02, 1.833333333e-02, 1.148511443e+00, 1.171481672e+02, 1.598613158e+02, -1.598613158e+02, 2.657107617e+05
5394, 7.750000000e-02, 1.833333333e-02, 2.000000000e-02, 1.148511443e+00, 1.171481672e+02, 1.743941627e+02, -1.598613158e+02, 2.678255355e+05
5395, 7.750000000e-02, 2.000000000e-02, 0.000000000e+00, 1.148511443e+00, 1.171481672e+02, 0.000000000e+00, -1.743941627e+02, 2.566999866e+05
5396, 7.750000000e-02, 2.000000000e-02, 1.666666667e-03, 1.148511443e+00, 1.171481672e+02, 1.453284689e+01, -1.743941627e+02, 2.567919333e+05
5397, 7.750000000e-02, 2.000000000e-02, 3.333333333e-03, 1.148511443e+00, 1.171481672e+02, 2.906569379e+01, -1.743941627e+02, 2.570677734e+05
5398, 7.750000000e-02, 2.000000000e-02, 5.000000000e-03, 1.148511443e+00, 1.171481672e+02, 4.359854068e+01, -1.743941627e+02, 2.575275068e+05
5399, 7.750000000e-02, 2.000000000e-02, 6.666666667e-03, 1.148511443e+00, 1.171481672e+02, 5.813138757e+01, -1.743941627e+02, 2.581711336e+05
5400, 7.750000000e-02, 2.000000000e-02, 8.333333333e-03, 1.148511443e+00, 1.171481672e+02, 7.266423447e+01, -1.743941627e+02, 2.589986538e+05
5401, 7.750000000e-02, 2.000000000e-02, 1.000000000e-02, 1.148511443e+00, 1.171481672e+02, 8.719708136e+01, -1.743941627e+02, 2.600100673e+05
5402, 7.750000000e-02, 2.000000000e-02, 1.166666667e-02, 1.148511443e+00, 1.171481672e+02, 1.017299283e+02, -1.743941627e+02, 2.612053742e+05
5403, 7.750000000e-02, 2.000000000e-02, 1.333333333e-02, 1.148511443e+00, 1.171481672e+02, 1.162627751e+02, -1.743941627e+02, 2.625845745e+05
5404, 7.750000000e-02, 2.000000000e-02, 1.500000000e-02, 1.148511443e+00, 1.171481672e+02, 1.307956220e+02, -1.743941627e+02, 2.641476681e+05
5405, 7.750000000e-02, 2.000000000e-02, 1.666666667e-02, 1.148511443e+00, 1.171481672e+02, 1.453284689e+02, -1.743941627e+02, 2.658946551e+05
5406, 7.750000000e-02, 2.000000000e-02, 1.833333333e-02, 1.148511443e+00, 1.171481672e+02, 1.598613158e+02, -1.743941627e+02, 2.678255355e+05
5407, 7.750000000e-02, 2.000000000e-02, 2.000000000e-02, 1.148511443e+00, 1.171481672e+02, 1.743941627e+02, -1.743941627e+02, 2.699403092e+05
5408, 8.000000000e-02, 0.000000000e+00, 0.000000000e+00, 1.148511443e+00, 1.171481672e+02, 0.000000000e+00, 0.000000000e+00, 2.434596641e+05
5409, 8.000000000e-02, 0.000000000e+00, 1.666666667e-03, 1.148511443e+00, 1.171481672e+02, 1.453284689e+01, 0.000000000e+00, 2.435516108e+05
5410, 8.000000000e-02, 0.000000000e+00, 3.333333333e-03, 1.148511443e+00, 1.171481672e+02, 2.906569379e+01, 0.000000000e+00, 2.438274508e+05
5411, 8.000000000e-02, 0.000000000e+00, 5.000000000e-03, 1.148511443e+00, 1.171481672e+02, 4.359854068e+01, 0.000000000e+00, 2.442871842e+05
5412, 8.000000000e-02, 0.000000000e+00, 6.666666667e-03, 1.148511443e+00, 1.171481672e+02, 5.813138757e+01, 0.000000000e+00, 2.449308110e+05
5413, 8.000000000e-02, 0.000000000e+00, 8.333333333e-03, 1.148511443e+00, 1.171481672e+02, 7.266423447e+01, 0.000000000e+00, 2.457583312e+05
5414, 8.000000000e-02, 0.000000000e+00, 1.000000000e-02, 1.148511443e+00, 1.171481672e+02, 8.719708136e+01, 0.000000000e+00, 2.467697447e+05
5415, 8.000000000e-02, 0.000000000e+00, 1.166666667e-02, 1.148511443e+00, 1.171481672e+02, 1.017299283e+02, 0.000000000e+00, 2.479650516e+05
5416, 8.000000000e-02, 0.000000000e+00, 1.333333333e-02, 1.148511443e+00, 1.171481672e+02, 1.162627751e+02, 0.000000000e+00, 2.493442519e+05
5417, 8.000000000e-02, 0.000000000e+00, 1.500000000e-02, 1.148511443e+00, 1.171481672e+02, 1.307956220e+02, 0.000000000e+00, 2.509073455e+05
5418, 8.000000000e-02, 0.000000000e+00, 1.666666667e-02, 1.148511443e+00, 1.171481672e+02, 1.453284689e+02, 0.000000000e+00, 2.526543325e+05
5419, 8.000000000e-02, 0.000000000e+00, 1.833333333e-02, 1.148511443e+00, 1.171481672e+02, 1.598613158e+02, 0.000000000e+00, 2.545852129e+05
5420, 8.000000000e-02, 0.000000000e+00, 2.000000000e-02, 1.148511443e+00, 1.171481672e+02, 1.743941627e+02, 0.000000000e+00, 2.566999866e+05
5421, 8.000000000e-02, 1.666666667e-03, 0.000000000e+00, 1.148511443e+00, 1.171481672e+02, 0.000000000e+00, -1.453284689e+01, 2.435516108e+05
5422, 8.000000000e-02, 1.666666667e-03, 1.666666667e-03, 1.148511443e+00, 1.171481672e+02, 1.453284689e+01, -1.453284689e+01, 2.436435574e+05
5423, 8.000000000e-02, 1.666666667e-03, 3.333333333e-03, 1.148511443e+00, 1.171481672e+02, 2.906569379e+01, -1.453284689e+01, 2.439193975e+05
5424, 8.000000000e-02, 1.666666667e-03, 5.000000000e-03, 1.148511443e+00, 1.171481672e+02, 4.359854068e+01, -1.453284689e+01, 2.443791309e+05
5425, 8.000000000e-02, 1.666666667e-03, 6.666666667e-03, 1.148511443e+00, 1.171481672e+02, 5.813138757e+01, -1.453284689e+01, 2.450227577e+05
5426, 8.000000000e-02, 1.666666667e-03, 8.333333333e-03, 1.148511443e+00, 1.171481672e+02, 7.266423447e+01, -1.453284689e+01, 2.458502779e+05
5427, 8.000000000e-02, 1.666666667e-03, 1.000000000e-02, 1.148511443e+00, 1.171481672e+02, 8.719708136e+01, -1.453284689e+01, 2.468616914e+05
5428, 8.000000000e-02, 1.666666667e-03, 1.166666667e-02, 1.148511443e+00, 1.171481672e+02, 1.017299283e+02, -1.453284689e+01, 2.480569983e+05
5429, 8.000000000e-02, 1.666666667e-03, 1.333333333e-02, 1.148511443e+00, 1.171481672e+02, 1.162627751e+02, -1.453284689e+01, 2.494361986e+05
5430, 8.000000000e-02, 1.666666667e-03, 1.500000000e-02, 1.148511443e+00, 1.171481672e+02, 1.307956220e+02, -1.453284689e+01, 2.509992922e+05
5431, 8.000000000e-02, 1.666666667e-03, 1.666666667e-02, 1.148511443e+00, 1.171481672e+02, 1.453284689e+02, -1.453284689e+01, 2.527462792e+05
5432, 8.000000000e-02, 1.666666667e-03, 1.833333333e-02, 1.148511443e+00, 1.171481672e+02, 1.598613158e+02, -1.453284689e+01, 2.546771596e+05
5433, 8.000000000e-02, 1.666666667e-03, 2.000000000e-02, 1.148511443e+00, 1.171481672e+02, 1.743941627e+02, -1.453284689e+01, 2.567919333e+05
5434, 8.000000000e-02, 3.333333333e-03, 0.000000000e+00, 1.148511443e+00, 1.171481672e+02, 0.000000000e+00, -2.906569379e+01, 2.438274508e+05
5435, 8.000000000e-02, 3.333333333e-03, 1.666666667e-03, 1.148511443e+00, 1.171481672e+02, 1.453284689e+01, -2.906569379e+01, 2.439193975e+05
5436, 8.000000000e-02, 3.333333333e-03, 3.333333333e-03, 1.148511443e+00, 1.171481672e+02, 2.906569379e+01, -2.906569379e+01, 2.441952375e+05
5437, 8.000000000e-02, 3.333333333e-03, 5.000000000e-03, 1.148511443e+00, 1.171481672e+02, 4.359854068e+01, -2.906569379e+01, 2.446549710e+05
5438, 8.000000000e-02, 3.333333333e-03, 6.666666667e-03, 1.148511443e+00, 1.171481672e+02, 5.813138757e+01, -2.906569379e+01, 2.452985978e+05
5439, 8.000000000e-02, 3.333333333e-03, 8.333333333e-03, 1.148511443e+00, 1.171481672e+02, 7.266423447e+01, -2.906569379e+01, 2.461261179e+05
5440, 8.000000000e-02, 3.333333333e-03, 1.000000000e-02, 1.148511443e+00, 1.171481672e+02, 8.719708136e+01, -2.906569379e+01, 2.471375315e+05
5441, 8.000000000e-02, 3.333333333e-03, 1.166666667e-02, 1.148511443e+00, 1.171481672e+02, 1.017299283e+02, -2.906569379e+01, 2.483328384e+05
5442, 8.000000000e-02, 3.333333333e-03, 1.333333333e-02, 1.148511443e+00, 1.171481672e+02, 1.162627751e+02, -2.906569379e+01, 2.497120386e+05
5443, 8.000000000e-02, 3.333333333e-03, 1.500000000e-02, 1.148511443e+00, 1.171481672e+02, 1.307956220e+02, -2.906569379e+01, 2.512751323e+05
5444, 8.000000000e-02, 3.333333333e-03, 1.666666667e-02, 1.148511443e+00, 1.171481672e+02, 1.453284689e+02, -2.906569379e+01, 2.530221193e+05
5445, 8.000000000e-02, 3.333333333e-03, 1.833333333e-02, 1.148511443e+00, 1.171481672e+02, 1.598613158e+02, -2.906569379e+01, 2.549529996e+05
5446, 8.000000000e-02, 3.333333333e-03, 2.000000000e-02, 1.148511443e+00, 1.171481672e+02, 1.743941627e+02, -2.906569379e+01, 2.570677734e+05
5447, 8.000000000e-02, 5.000000000e-03, 0.000000000e+00, 1.148511443e+00, 1.171481672e+02, 0.000000000e+00, -4.359854068e+01, 2.442871842e+05
5448, 8.000000000e-02, 5.000000000e-03, 1.666666667e-03, 1.148511443e+00, 1.171481672e+02, 1.453284689e+01, -4.359854068e+01, 2.443791309e+05
5449, 8.000000000e-02, 5.000000000e-03, 3.333333333e-03, 1.148511443e+00, 1.171481672e+02, 2.906569379e+01, -4.359854068e+01, 2.446549710e+05
5450, 8.000000000e-02, 5.000000000e-03, 5.000000000e-03, 1.148511443e+00, 1.171481672e+02, 4.359854068e+01, -4.359854068e+01, 2.451147044e+05
5451, 8.000000000e-02, 5.000000000e-03, 6.666666667e-03, 1.148511443e+00, 1.171481672e+02, 5.813138757e+01, -4.359854068e+01, 2.457583312e+05
5452, 8.000000000e-02, 5.000000000e-03, 8.333333333e-03, 1.148511443e+00, 1.171481672e+02, 7.266423447e+01, -4.359854068e+01, 2.465858513e+05
5453, 8.000000000e-02, 5.000000000e-03, 1.000000000e-02, 1.148511443e+00, 1.171481672e+02, 8.719708136e+01, -4.359854068e+01, 2.475972649e+05
5454, 8.000000000e-02, 5.000000000e-03, 1.166666667e-02, 1.148511443e+00, 1.171481672e+02, 1.017299283e+02, -4.359854068e+01, 2.487925718e+05
5455, 8.000000000e-02, 5.000000000e-03, 1.333333333e-02, 1.148511443e+00, 1.171481672e+02, 1.162627751e+02, -4.359854068e+01, 2.501717720e+05
5456, 8.000000000e-02, 5.000000000e-03, 1.500000000e-02, 1.148511443e+00, 1.171481672e+02, 1.307956220e+02, -4.359854068e+01, 2.517348657e+05
5457, 8.000000000e-02, 5.000000000e-03, 1.666666667e-02, 1.148511443e+00, 1.171481672e+02, 1.453284689e+02, -4.359854068e+01, 2.534818527e+05
5458, 8.000000000e-02, 5.000000000e-03, 1.833333333e-02, 1.148511443e+00, 1.171481672e+02, 1.598613158e+02, -4.359854068e+01, 2.554127331e+05
5459, 8.000000000e-02, 5.000000000e-03, 2.000000000e-02, 1.148511443e+00, 1.171481672e+02, 1.743941627e+02, -4.359854068e+01, 2.575275068e+05
5460, 8.000000000e-02, 6.666666667e-03, 0.000000000e+00, 1.148511443e+00, 1.171481672e+02, 0.000000000e+00, -5.813138757e+01, 2.449308110e+05
5461, 8.000000000e-02, 6.666666667e-03, 1.666666667e-03, 1.148511443e+00, 1.171481672e+02, 1.453284689e+01, -5.813138757e+01, 2.450227577e+05
5462, 8.000000000e-02, 6.666666667e-03, 3.333333333e-03, 1.148511443e+00, 1.171481672e+02, 2.906569379e+01, -5.813138757e+01, 2.452985978e+05
5463, 8.000000000e-02, 6.666666667e-03, 5.000000000e-03, 1.148511443e+00, 1.171481672e+02, 4.359854068e+01, -5.813138757e+01, 2.457583312e+05
5464, 8.000000000e-02, 6.666666667e-03, 6.666666667e-03, 1.148511443e+00, 1.171481672e+02, 5.813138757e+01, -5.813138757e+01, 2.464019580e+05
5465, 8.000000000e-02, 6.666666667e-03, 8.333333333e-03, 1.148511443e+00, 1.171481672e+02, 7.266423447e+01, -5.813138757e+01, 2.472294781e+05
5466, 8.000000000e-02, 6.666666667e-03, 1.000000000e-02, 1.148511443e+00, 1.171481672e+02, 8.719708136e+01, -5.813138757e+01, 2.482408917e+05
5467, 8.000000000e-02, 6.666666667e-03, 1.166666667e-02, 1.148511443e+00, 1.171481672e+02, 1.017299283e+02, -5.813138757e+01, 2.494361986e+05
5468, 8.000000000e-02, 6.666666667e-03, 1.333333333e-02, 1.148511443e+00, 1.171481672e+02, 1.162627751e+02, -5.813138757e+01, 2.508153988e+05
5469, 8.000000000e-02, 6.666666667e-03, 1.500000000e-02, 1.148511443e+00, 1.171481672e+02, 1.307956220e+02, -5.813138757e+01, 2.523784925e+05
5470, 8.000000000e-02, 6.666666667e-03, 1.666666667e-02, 1.148511443e+00, 1.171481672e+02, 1.453284689e+02, -5.813138757e+01, 2.541254795e+05
5471, 8.000000000e-02, 6.666666667e-03, 1.833333333e-02, 1.148511443e+00, 1.171481672e+02, 1.598613158e+02, -5.813138757e+01, 2.560563599e+05
5472, 8.000000000e-02, 6.666666667e-03, 2.000000000e-02, 1.148511443e+00, 1.171481672e+02, 1.743941627e+02, -5.813138757e+01, 2.581711336e+05
5473, 8.000000000e-02, 8.333333333e-03, 0.000000000e+00, 1.148511443e+00, 1.171481672e+02, 0.000000000e+00, -7.266423447e+01, 2.457583312e+05
5474, 8.000000000e-02, 8.333333333e-03, 1.666666667e-03, 1.148511443e+00, 1.171481672e+02, 1.453284689e+01, -7.266423447e+01, 2.458502779e+05
5475, 8.000000000e-02, 8.333333333e-03, 3.333333333e-03, 1.148511443e+00, 1.171481672e+02, 2.906569379e+01, -7.266423447e+01, 2.461261179e+05
5476, 8.000000000e-02, 8.333333333e-03, 5.000000000e-03, 1.148511443e+00, 1.171481672e+02, 4.359854068e+01, -7.266423447e+01, 2.465858513e+05
5477, 8.000000000e-02, 8.333333333e-03, 6.666666667e-03, 1.148511443e+00, 1.171481672e+02, 5.813138757e+01, -7.266423447e+01, 2.472294781e+05
5478, 8.000000000e-02, 8.333333333e-03, 8.333333333e-03, 1.148511443e+00, 1.171481672e+02, 7.266423447e+01, -7.266423447e+01, 2.480569983e+05
5479, 8.000000000e-02, 8.333333333e-03, 1.000000000e-02, 1.148511443e+00, 1.171481672e+02, 8.719708136e+01, -7.266423447e+01, 2.490684118e+05
5480, 8.000000000e-02, 8.333333333e-03, 1.166666667e-02, 1.148511443e+00, 1.171481672e+02, 1.017299283e+02, -7.266423447e+01, 2.502637187e+05
5481, 8.000000000e-02, 8.333333333e-03, 1.333333333e-02, 1.148511443e+00, 1.171481672e+02, 1.162627751e+02, -7.266423447e+01, 2.516429190e+05
5482, 8.000000000e-02, 8.333333333e-03, 1.500000000e-02, 1.148511443e+00, 1.171481672e+02, 1.307956220e+02, -7.266423447e+01, 2.532060126e+05
5483, 8.000000000e-02, 8.333333333e-03, 1.666666667e-02, 1.148511443e+00, 1.171481672e+02, 1.453284689e+02, -7.266423447e+01, 2.549529996e+05
5484, 8.000000000e-02, 8.333333333e-03, 1.833333333e-02, 1.148511443e+00, 1.171481672e+02, 1.598613158e+02, -7.266423447e+01, 2.568838800e+05
5485, 8.000000000e-02, 8.333333333e-03, 2.000000000e-02, 1.148511443e+00, 1.171481672e+02, 1.743941627e+02, -7.266423447e+01, 2.589986538e+05
5486, 8.000000000e-02, 1.000000000e-02, 0.000000000e+00, 1.148511443e+00, 1.171481672e+02, 0.000000000e+00, -8.719708136e+01, 2.467697447e+05
5487, 8.000000000e-02, 1.000000000e-02, 1.666666667e-03, 1.148511443e+00, 1.171481672e+02, 1.453284689e+01, -8.719708136e+01, 2.468616914e+05
5488, 8.000000000e-02, 1.000000000e-02, 3.333333333e-03, 1.148511443e+00, 1.171481672e+02, 2.906569379e+01, -8.719708136e+01, 2.471375315e+05
5489, 8.000000000e-02, 1.000000000e-02, 5.000000000e-03, 1.148511443e+00, 1.171481672e+02, 4.359854068e+01, -8.719708136e+01, 2.475972649e+05
5490, 8.000000000e-02, 1.000000000e-02, 6.666666667e-03, 1.148511443e+00, 1.171481672e+02, 5.813138757e+01, -8.719708136e+01, 2.482408917e+05
5491, 8.000000000e-02, 1.000000000e-02, 8.333333333e-03, 1.148511443e+00, 1.171481672e+02, 7.266423447e+01, -8.719708136e+01, 2.490684118e+05
5492, 8.000000000e-02, 1.000000000e-02, 1.000000000e-02, 1.148511443e+00, 1.171481672e+02, 8.719708136e+01, -8.719708136e+01, 2.500798254e+05
5493, 8.000000000e-02, 1.000000000e-02, 1.166666667e-02, 1.148511443e+00, 1.171481672e+02, 1.017299283e+02, -8.719708136e+01, 2.512751323e+05
5494, 8.000000000e-02, 1.000000000e-02, 1.333333333e-02, 1.148511443e+00, 1.171481672e+02, 1.162627751e+02, -8.719708136e+01, 2.526543325e+05
5495, 8.000000000e-02, 1.000000000e-02, 1.500000000e-02, 1.148511443e+00, 1.171481672e+02, 1.307956220e+02, -8.719708136e+01, 2.542174262e+05
5496, 8.000000000e-02, 1.000000000e-02, 1.666666667e-02, 1.148511443e+00, 1.171481672e+02, 1.453284689e+02, -8.719708136e+01, 2.559644132e+05
5497, 8.000000000e-02, 1.000000000e-02, 1.833333333e-02, 1.148511443e+00, 1.171481672e+02, 1.598613158e+02, -8.719708136e+01, 2.578952935e+05
5498, 8.000000000e-02, 1.000000000e-02, 2.000000000e-02, 1.148511443e+00, 1.171481672e+02, 1.743941627e+02, -8.719708136e+01, 2.600100673e+05
5499, 8.000000000e-02, 1.166666667e-02, 0.000000000e+00, 1.148511443e+00, 1.171481672e+02, 0.000000000e+00, -1.017299283e+02, 2.479650516e+05
5500, 8.000000000e-02, 1.166666667e-02, 1.666666667e-03, 1.148511443e+00, 1.171481672e+02, 1.453284689e+01, -1.017299283e+02, 2.480569983e+05
5501, 8.000000000e-02, 1.166666667e-02, 3.333333333e-03, 1.148511443e+00, 1.171481672e+02, 2.906569379e+01, -1.017299283e+02, 2.483328384e+05
5502, 8.000000000e-02, 1.166666667e-02, 5.000000000e-03, 1.148511443e+00, 1.171481672e+02, 4.359854068e+01, -1.017299283e+02, 2.487925718e+05
5503, 8.000000000e-02, 1.166666667e-02, 6.666666667e-03, 1.148511443e+00, 1.171481672e+02, 5.813138757e+01, -1.017299283e+02, 2.494361986e+05
5504, 8.000000000e-02, 1.166666667e-02, 8.333333333e-03, 1.148511443e+00, 1.171481672e+02, 7.266423447e+01, -1.017299283e+02, 2.502637187e+05
5505, 8.000000000e-02, 1.166666667e-02, 1.000000000e-02, 1.148511443e+00, 1.171481672e+02, 8.719708136e+01, -1.017299283e+02, 2.512751323e+05
5506, 8.000000000e-02, 1.166666667e-02, 1.166666667e-02, 1.148511443e+00, 1.171481672e+02, 1.017299283e+02, -1.017299283e+02, 2.524704392e+05
5507, 8.000000000e-02, 1.166666667e-02, 1.333333333e-02, 1.148511443e+00, 1.171481672e+02, 1.162627751e+02, -1.017299283e+02, 2.538496394e+05
5508, 8.000000000e-02, 1.166666667e-02, 1.500000000e-02, 1.148511443e+00, 1.171481672e+02, 1.307956220e+02, -1.017299283e+02, 2.554127331e+05
5509, 8.000000000e-02, 1.166666667e-02, 1.666666667e-02, 1.148511443e+00, 1.171481672e+02, 1.453284689e+02, -1.017299283e+02, 2.571597201e+05
5510, 8.000000000e-02, 1.166666667e-02, 1.833333333e-02, 1.148511443e+00, 1.171481672e+02, 1.598613158e+02, -1.017299283e+02, 2.590906004e+05
5511, 8.000000000e-02, 1.166666667e-02, 2.000000000e-02, 1.148511443e+00, 1.171481672e+02, 1.743941627e+02, -1.017299283e+02, 2.612053742e+05
5512, 8.000000000e-02, 1.333333333e-02, 0.000000000e+00, 1.148511443e+00, 1.171481672e+02, 0.000000000e+00, -1.162627751e+02, 2.493442519e+05
5513, 8.000000000e-02, 1.333333333e-02, 1.666666667e-03, 1.148511443e+00, 1.171481672e+02, 1.453284689e+01, -1.162627751e+02, 2.494361986e+05
5514, 8.000000000e-02, 1.333333333e-02, 3.333333333e-03, 1.148511443e+00, 1.171481672e+02, 2.906569379e+01, -1.162627751e+02, 2.497120386e+05
5515, 8.000000000e-02, 1.333333333e-02, 5.000000000e-03, 1.148511443e+00, 1.171481672e+02, 4.359854068e+01, -1.162627751e+02, 2.501717720e+05
5516, 8.000000000e-02, 1.333333333e-02, 6.666666667e-03, 1.148511443e+00, 1.171481672e+02, 5.813138757e+01, -1.162627751e+02, 2.508153988e+05
5517, 8.000000000e-02, 1.333333333e-02, 8.333333333e-03, 1.148511443e+00, 1.171481672e+02, 7.266423447e+01, -1.162627751e+02, 2.516429190e+05
5518, 8.000000000e-02, 1.333333333e-02, 1.000000000e-02, 1.148511443e+00, 1.171481672e+02, 8.719708136e+01, -1.162627751e+02, 2.526543325e+05
5519, 8.000000000e-02, 1.333333333e-02, 1.166666667e-02, 1.148511443e+00, 1.171481672e+02, 1.017299283e+02, -1.162627751e+02, 2.538496394e+05
5520, 8.000000000e-02, 1.333333333e-02, 1.333333333e-02, 1.148511443e+00, 1.171481672e+02, 1.162627751e+02, -1.162627751e+02, 2.552288397e+05
5521, 8.000000000e-02, 1.333333333e-02, 1.500000000e-02, 1.148511443e+00, 1.171481672e+02, 1.307956220e+02, -1.162627751e+02, 2.567919333e+05
5522, 8.000000000e-02, 1.333333333e-02, 1.666666667e-02, 1.148511443e+00, 1.171481672e+02, 1.453284689e+02, -1.162627751e+02, 2.585389203e+05
5523, 8.000000000e-02, 1.333333333e-02, 1.833333333e-02, 1.148511443e+00, 1.171481672e+02, 1.598613158e+02, -1.162627751e+02, 2.604698007e+05
5524, 8.000000000e-02, 1.333333333e-02, 2.000000000e-02, 1.148511443e+00, 1.171481672e+02, 1.743941627e+02, -1.162627751e+02, 2.625845745e+05
5525, 8.000000000e-02, 1.500000000e-02, 0.000000000e+00, 1.148511443e+00, 1.171481672e+02, 0.000000000e+00, -1.307956220e+02, 2.509073455e+05
5526, 8.000000000e-02, 1.500000000e-02, 1.666666667e-03, 1.148511443e+00, 1.171481672e+02, 1.453284689e+01, -1.307956220e+02, 2.509992922e+05
5527, 8.000000000e-02, 1.500000000e-02, 3.333333333e-03, 1.148511443e+00, 1.171481672e+02, 2.906569379e+01, -1.307956220e+02, 2.512751323e+05
5528, 8.000000000e-02, 1.500000000e-02, 5.000000000e-03, 1.148511443e+00, 1.171481672e+02, 4.359854068e+01, -1.307956220e+02, 2.517348657e+05
5529, 8.000000000e-02, 1.500000000e-02, 6.666666667e-03, 1.148511443e+00, 1.171481672e+02, 5.813138757e+01, -1.307956220e+02, 2.523784925e+05
5530, 8.000000000e-02, 1.500000000e-02, 8.333333333e-03, 1.148511443e+00, 1.171481672e+02, 7.266423447e+01, -1.307956220e+02, 2.532060126e+05
5531, 8.000000000e-02, 1.500000000e-02, 1.000000000e-02, 1.148511443e+00, 1.171481672e+02, 8.719708136e+01, -1.307956220e+02, 2.542174262e+05
5532, 8.000000000e-02, 1.500000000e-02, 1.166666667e-02, 1.148511443e+00, 1.171481672e+02, 1.017299283e+02, -1.307956220e+02, 2.554127331e+05
5533, 8.000000000e-02, 1.500000000e-02, 1.333333333e-02, 1.148511443e+00, 1.171481672e+02, 1.162627751e+02, -1.307956220e+02, 2.567919333e+05
5534, 8.000000000e-02, 1.500000000e-02, 1.500000000e-02, 1.148511443e+00, 1.171481672e+02, 1.307956220e+02, -1.307956220e+02, 2.583550270e+05
5535, 8.000000000e-02, 1.500000000e-02, 1.666666667e-02, 1.148511443e+00, 1.171481672e+02, 1.453284689e+02, -1.307956220e+02, 2.601020140e+05
5536, 8.000000000e-02, 1.500000000e-02, 1.833333333e-02, 1.148511443e+00, 1.171481672e+02, 1.598613158e+02, -1.307956220e+02, 2.620328944e+05
5537, 8.000000000e-02, 1.500000000e-02, 2.000000000e-02, 1.148511443e+00, 1.171481672e+02, 1.743941627e+02, -1.307956220e+02, 2.641476681e+05
5538, 8.000000000e-02, 1.666666667e-02, 0.000000000e+00, 1.148511443e+00, 1.171481672e+02, 0.000000000e+00, -1.453284689e+02, 2.526543325e+05
5539, 8.000000000e-02, 1.666666667e-02, 1.666666667e-03, 1.148511443e+00, 1.171481672e+02, 1.453284689e+01, -1.453284689e+02, 2.527462792e+05
5540, 8.000000000e-02, 1.666666667e-02, 3.333333333e-03, 1.148511443e+00, 1.171481672e+02, 2.906569379e+01, -1.453284689e+02, 2.530221193e+05
5541, 8.000000000e-02, 1.666666667e-02, 5.000000000e-03, 1.148511443e+00, 1.171481672e+02, 4.359854068e+01, -1.453284689e+02, 2.534818527e+05
5542, 8.000000000e-02, 1.666666667e-02, 6.666666667e-03, 1.148511443e+00, 1.171481672e+02, 5.813138757e+01, -1.453284689e+02, 2.541254795e+05
5543, 8.000000000e-02, 1.666666667e-02, 8.333333333e-03, 1.148511443e+00, 1.171481672e+02, 7.266423447e+01, -1.453284689e+02, 2.549529996e+05
5544, 8.000000000e-02, 1.666666667e-02, 1.000000000e-02, 1.148511443e+00, 1.171481672e+02, 8.719708136e+01, -1.453284689e+02, 2.559644132e+05
5545, 8.000000000e-02, 1.666666667e-02, 1.166666667e-02, 1.148511443e+00, 1.171481672e+02, 1.017299283e+02, -1.453284689e+02, 2.571597201e+05
5546, 8.000000000e-02, 1.666666667e-02, 1.333333333e-02, 1.148511443e+00, 1.171481672e+02, 1.162627751e+02, -1.453284689e+02, 2.585389203e+05
5547, 8.000000000e-02, 1.666666667e-02, 1.500000000e-02, 1.148511443e+00, 1.171481672e+02, 1.307956220e+02, -1.453284689e+02, 2.601020140e+05
5548, 8.000000000e-02, 1.666666667e-02, 1.666666667e-02, 1.148511443e+00, 1.171481672e+02, 1.453284689e+02, -1.453284689e+02, 2.618490010e+05
5549, 8.000000000e-02, 1.666666667e-02, 1.833333333e-02, 1.148511443e+00, 1.171481672e+02, 1.598613158e+02, -1.453284689e+02, 2.637798814e+05
5550, 8.000000000e-02, 1.666666667e-02, 2.000000000e-02, 1.148511443e+00, 1.171481672e+02, 1.743941627e+02, -1.453284689e+02, 2.658946551e+05
5551, 8.000000000e-02, 1.833333333e-02, 0.000000000e+00, 1.148511443e+00, 1.171481672e+02, 0.000000000e+00, -1.598613158e+02, 2.545852129e+05
5552, 8.000000000e-02, 1.833333333e-02, 1.666666667e-03, 1.148511443e+00, 1.171481672e+02, 1.453284689e+01, -1.598613158e+02, 2.546771596e+05
5553, 8.000000000e-02, 1.833333333e-02, 3.333333333e-03, 1.148511443e+00, 1.171481672e+02, 2.906569379e+01, -1.598613158e+02, 2.549529996e+05
5554, 8.000000000e-02, 1.833333333e-02, 5.000000000e-03, 1.148511443e+00, 1.171481672e+02, 4.359854068e+01, -1.598613158e+02, 2.554127331e+05
5555, 8.000000000e-02, 1.833333333e-02, 6.666666667e-03, 1.148511443e+00, 1.171481672e+02, 5.813138757e+01, -1.598613158e+02, 2.560563599e+05
5556, 8.000000000e-02, 1.833333333e-02, 8.333333333e-03, 1.148511443e+00, 1.171481672e+02, 7.266423447e+01, -1.598613158e+02, 2.568838800e+05
5557, 8.000000000e-02, 1.833333333e-02, 1.000000000e-02, 1.148511443e+00, 1.171481672e+02, 8.719708136e+01, -1.598613158e+02, 2.578952935e+05
5558, 8.000000000e-02, 1.833333333e-02, 1.166666667e-02, 1.148511443e+00, 1.171481672e+02, 1.017299283e+02, -1.598613158e+02, 2.590906004e+05
5559, 8.000000000e-02, 1.833333333e-02, 1.333333333e-02, 1.148511443e+00, 1.171481672e+02, 1.162627751e+02, -1.598613158e+02, 2.604698007e+05
5560, 8.000000000e-02, 1.833333333e-02, 1.500000000e-02, 1.148511443e+00, 1.171481672e+02, 1.307956220e+02, -1.598613158e+02, 2.620328944e+05
5561, 8.000000000e-02, 1.833333333e-02, 1.666666667e-02, 1.148511443e+00, 1.171481672e+02, 1.453284689e+02, -1.598613158e+02, 2.637798814e+05
5562, 8.000000000e-02, 1.833333333e-02, 1.833333333e-02, 1.148511443e+00, 1.171481672e+02, 1.598613158e+02, -1.598613158e+02, 2.657107617e+05
5563, 8.000000000e-02, 1.833333333e-02, 2.000000000e-02, 1.148511443e+00, 1.171481672e+02, 1.743941627e+02, -1.598613158e+02, 2.678255355e+05
5564, 8.000000000e-02, 2.000000000e-02, 0.000000000e+00, 1.148511443e+00, 1.171481672e+02, 0.000000000e+00, -1.743941627e+02, 2.566999866e+05
5565, 8.000000000e-02, 2.000000000e-02, 1.666666667e-03, 1.148511443e+00, 1.171481672e+02, 1.453284689e+01, -1.743941627e+02, 2.567919333e+05
5566, 8.000000000e-02, 2.000000000e-02, 3.333333333e-03, 1.148511443e+00, 1.171481672e+02, 2.906569379e+01, -1.743941627e+02, 2.570677734e+05
5567, 8.000000000e-02, 2.000000000e-02, 5.000000000e-03, 1.148511443e+00, 1.171481672e+02, 4.359854068e+01, -1.743941627e+02, 2.575275068e+05
5568, 8.000000000e-02, 2.000000000e-02, 6.666666667e-03, 1.148511443e+00, 1.171481672e+02, 5.813138757e+01, -1.743941627e+02, 2.581711336e+05
5569, 8.000000000e-02, 2.000000000e-02, 8.333333333e-03, 1.148511443e+00, 1.171481672e+02, 7.266423447e+01, -1.743941627e+02, 2.589986538e+05
5570, 8.000000000e-02, 2.000000000e-02, 1.000000000e-02, 1.148511443e+00, 1.171481672e+02, 8.719708136e+01, -1.743941627e+02, 2.600100673e+05
5571, 8.000000000e-02, 2.000000000e-02, 1.166666667e-02, 1.148511443e+00, 1.171481672e+02, 1.017299283e+02, -1.743941627e+02, 2.612053742e+05
5572, 8.000000000e-02, 2.000000000e-02, 1.333333333e-02, 1.148511443e+00, 1.171481672e+02, 1.162627751e+02, -1.743941627e+02, 2.625845745e+05
5573, 8.000000000e-02, 2.000000000e-02, 1.500000000e-02, 1.148511443e+00, 1.171481672e+02, 1.307956220e+02, -1.743941627e+02, 2.641476681e+05
5574, 8.000000000e-02, 2.000000000e-02, 1.666666667e-02, 1.148511443e+00, 1.171481672e+02, 1.453284689e+02, -1.743941627e+02, 2.658946551e+05
5575, 8.000000000e-02, 2.000000000e-02, 1.833333333e-02, 1.148511443e+00, 1.171481672e+02, 1.598613158e+02, -1.743941627e+02, 2.678255355e+05
5576, 8.000000000e-02, 2.000000000e-02, 2.000000000e-02, 1.148511443e+00, 1.171481672e+02, 1.743941627e+02, -1.743941627e+02, 2.699403092e+05
5577, 8.250000000e-02, 0.000000000e+00, 0.000000000e+00, 1.148511443e+00, 1.171481672e+02, 0.000000000e+00, 0.000000000e+00, 2.434596641e+05
5578, 8.250000000e-02, 0.000000000e+00, 1.666666667e-03, 1.148511443e+00, 1.171481672e+02, 1.453284689e+01, 0.000000000e+00, 2.435516108e+05
5579, 8.250000000e-02, 0.000000000e+00, 3.333333333e-03, 1.148511443e+00, 1.171481672e+02, 2.906569379e+01, 0.000000000e+00, 2.438274508e+05
5580, 8.250000000e-02, 0.000000000e+00, 5.000000000e-03, 1.148511443e+00, 1.171481672e+02, 4.359854068e+01, 0.000000000e+00, 2.442871842e+05
5581, 8.250000000e-02, 0.000000000e+00, 6.666666667e-03, 1.148511443e+00, 1.171481672e+02, 5.813138757e+01, 0.000000000e+00, 2.449308110e+05
5582, 8.250000000e-02, 0.000000000e+00, 8.333333333e-03, 1.148511443e+00, 1.171481672e+02, 7.266423447e+01, 0.000000000e+00, 2.457583312e+05
5583, 8.250000000e-02, 0.000000000e+00, 1.000000000e-02, 1.148511443e+00, 1.171481672e+02, 8.719708136e+01, 0.000000000e+00, 2.467697447e+05
5584, 8.250000000e-02, 0.000000000e+00, 1.166666667e-02, 1.148511443e+00, 1.171481672e+02, 1.017299283e+02, 0.000000000e+00, 2.479650516e+05
5585, 8.250000000e-02, 0.000000000e+00, 1.333333333e-02, 1.148511443e+00, 1.171481672e+02, 1.162627751e+02, 0.000000000e+00, 2.493442519e+05
5586, 8.250000000e-02, 0.000000000e+00, 1.500000000e-02, 1.148511443e+00, 1.171481672e+02, 1.307956220e+02, 0.000000000e+00, 2.509073455e+05
5587, 8.250000000e-02, 0.000000000e+00, 1.666666667e-02, 1.148511443e+00, 1.171481672e+02, 1.453284689e+02, 0.000000000e+00, 2.526543325e+05
5588, 8.250000000e-02, 0.000000000e+00, 1.833333333e-02, 1.148511443e+00, 1.171481672e+02, 1.598613158e+02, 0.000000000e+00, 2.545852129e+05
5589, 8.250000000e-02, 0.000000000e+00, 2.000000000e-02, 1.148511443e+00, 1.171481672e+02, 1.743941627e+02, 0.000000000e+00, 2.566999866e+05
5590, 8.250000000e-02, 1.666666667e-03, 0.000000000e+00, 1.148511443e+00, 1.171481672e+02, 0.000000000e+00, -1.453284689e+01, 2.435516108e+05
5591, 8.250000000e-02, 1.666666667e-03, 1.666666667e-03, 1.148511443e+00, 1.171481672e+02, 1.453284689e+01, -1.453284689e+01, 2.436435574e+05
5592, 8.250000000e-02, 1.666666667e-03, 3.333333333e-03, 1.148511443e+00, 1.171481672e+02, 2.906569379e+01, -1.453284689e+01, 2.439193975e+05
5593, 8.250000000e-02, 1.666666667e-03, 5.000000000e-03, 1.148511443e+00, 1.171481672e+02, 4.359854068e+01, -1.453284689e+01, 2.443791309e+05
5594, 8.250000000e-02, 1.666666667e-03, 6.666666667e-03, 1.148511443e+00, 1.171481672e+02, 5.813138757e+01, -1.453284689e+01, 2.450227577e+05
5595, 8.250000000e-02, 1.666666667e-03, 8.333333333e-03, 1.148511443e+00, 1.171481672e+02, 7.266423447e+01, -1.453284689e+01, 2.458502779e+05
5596, 8.250000000e-02, 1.666666667e-03, 1.000000000e-02, 1.148511443e+00, 1.171481672e+02, 8.719708136e+01, -1.453284689e+01, 2.468616914e+05
5597, 8.250000000e-02, 1.666666667e-03, 1.166666667e-02, 1.148511443e+00, 1.171481672e+02, 1.017299283e+02, -1.453284689e+01, 2.480569983e+05
5598, 8.250000000e-02, 1.666666667e-03, 1.333333333e-02, 1.148511443e+00, 1.171481672e+02, 1.162627751e+02, -1.453284689e+01, 2.494361986e+05
5599, 8.250000000e-02, 1.666666667e-03, 1.500000000e-02, 1.148511443e+00, 1.171481672e+02, 1.307956220e+02, -1.453284689e+01, 2.509992922e+05
5600, 8.250000000e-02, 1.666666667e-03, 1.666666667e-02, 1.148511443e+00, 1.171481672e+02, 1.453284689e+02, -1.453284689e+01, 2.527462792e+05
5601, 8.250000000e-02, 1.666666667e-03, 1.833333333e-02, 1.148511443e+00, 1.171481672e+02, 1.598613158e+02, -1.453284689e+01, 2.546771596e+05
5602, 8.250000000e-02, 1.666666667e-03, 2.000000000e-02, 1.148511443e+00, 1.171481672e+02, 1.743941627e+02, -1.453284689e+01, 2.567919333e+05
5603, 8.250000000e-02, 3.333333333e-03, 0.000000000e+00, 1.148511443e+00, 1.171481672e+02, 0.000000000e+00, -2.906569379e+01, 2.438274508e+05
5604, 8.250000000e-02, 3.333333333e-03, 1.666666667e-03, 1.148511443e+00, 1.171481672e+02, 1.453284689e+01, -2.906569379e+01, 2.439193975e+05
5605, 8.250000000e-02, 3.333333333e-03, 3.333333333e-03, 1.148511443e+00, 1.171481672e+02, 2.906569379e+01, -2.906569379e+01, 2.441952375e+05
5606, 8.250000000e-02, 3.333333333e-03, 5.000000000e-03, 1.148511443e+00, 1.171481672e+02, 4.359854068e+01, -2.906569379e+01, 2.446549710e+05
5607, 8.250000000e-02, 3.333333333e-03, 6.666666667e-03, 1.148511443e+00, 1.171481672e+02, 5.813138757e+01, -2.906569379e+01, 2.452985978e+05
5608, 8.250000000e-02, 3.333333333e-03, 8.333333333e-03, 1.148511443e+00, 1.171481672e+02, 7.266423447e+01, -2.906569379e+01, 2.461261179e+05
5609, 8.250000000e-02, 3.333333333e-03, 1.000000000e-02, 1.148511443e+00, 1.171481672e+02, 8.719708136e+01, -2.906569379e+01, 2.471375315e+05
5610, 8.250000000e-02, 3.333333333e-03, 1.166666667e-02, 1.148511443e+00, 1.171481672e+02, 1.017299283e+02, -2.906569379e+01, 2.483328384e+05
5611, 8.250000000e-02, 3.333333333e-03, 1.333333333e-02, 1.148511443e+00, 1.171481672e+02, 1.162627751e+02, -2.906569379e+01, 2.497120386e+05
5612, 8.250000000e-02, 3.333333333e-03, 1.500000000e-02, 1.148511443e+00, 1.171481672e+02, 1.307956220e+02, -2.906569379e+01, 2.512751323e+05
5613, 8.250000000e-02, 3.333333333e-03, 1.666666667e-02, 1.148511443e+00, 1.171481672e+02, 1.453284689e+02, -2.906569379e+01, 2.530221193e+05
5614, 8.250000000e-02, 3.333333333e-03, 1.833333333e-02, 1.148511443e+00, 1.171481672e+02, 1.598613158e+02, -2.906569379e+01, 2.549529996e+05
5615, 8.250000000e-02, 3.333333333e-03, 2.000000000e-02, 1.148511443e+00, 1.171481672e+02, 1.743941627e+02, -2.906569379e+01, 2.570677734e+05
5616, 8.250000000e-02, 5.000000000e-03, 0.000000000e+00, 1.148511443e+00, 1.171481672e+02, 0.000000000e+00, -4.359854068e+01, 2.442871842e+05
5617, 8.250000000e-02, 5.000000000e-03, 1.666666667e-03, 1.148511443e+00, 1.171481672e+02, 1.453284689e+01, -4.359854068e+01, 2.443791309e+05
5618, 8.250000000e-02, 5.000000000e-03, 3.333333333e-03, 1.148511443e+00, 1.171481672e+02, 2.906569379e+01, -4.359854068e+01, 2.446549710e+05
5619, 8.250000000e-02, 5.000000000e-03, 5.000000000e-03, 1.148511443e+00, 1.171481672e+02, 4.359854068e+01, -4.359854068e+01, 2.451147044e+05
5620, 8.250000000e-02, 5.000000000e-03, 6.666666667e-03, 1.148511443e+00, 1.171481672e+02, 5.813138757e+01, -4.359854068e+01, 2.457583312e+05
5621, 8.250000000e-02, 5.000000000e-03, 8.333333333e-03, 1.148511443e+00, 1.171481672e+02, 7.266423447e+01, -4.359854068e+01, 2.465858513e+05
5622, 8.250000000e-02, 5.000000000e-03, 1.000000000e-02, 1.148511443e+00, 1.171481672e+02, 8.719708136e+01, -4.359854068e+01, 2.475972649e+05
5623, 8.250000000e-02, 5.000000000e-03, 1.166666667e-02, 1.148511443e+00, 1.171481672e+02, 1.017299283e+02, -4.359854068e+01, 2.487925718e+05
5624, 8.250000000e-02, 5.000000000e-03, 1.333333333e-02, 1.148511443e+00, 1.171481672e+02, 1.162627751e+02, -4.359854068e+01, 2.501717720e+05
5625, 8.250000000e-02, 5.000000000e-03, 1.500000000e-02, 1.148511443e+00, 1.171481672e+02, 1.307956220e+02, -4.359854068e+01, 2.517348657e+05
5626, 8.250000000e-02, 5.000000000e-03, 1.666666667e-02, 1.148511443e+00, 1.171481672e+02, 1.453284689e+02, -4.359854068e+01, 2.534818527e+05
5627, 8.250000000e-02, 5.000000000e-03, 1.833333333e-02, 1.148511443e+00, 1.171481672e+02, 1.598613158e+02, -4.359854068e+01, 2.554127331e+05
5628, 8.250000000e-02, 5.000000000e-03, 2.000000000e-02, 1.148511443e+00, 1.171481672e+02, 1.743941627e+02, -4.359854068e+01, 2.575275068e+05
5629, 8.250000000e-02, 6.666666667e-03, 0.000000000e+00, 1.148511443e+00, 1.171481672e+02, 0.000000000e+00, -5.813138757e+01, 2.449308110e+05
5630, 8.250000000e-02, 6.666666667e-03, 1.666666667e-03, 1.148511443e+00, 1.171481672e+02, 1.453284689e+01, -5.813138757e+01, 2.450227577e+05
5631, 8.250000000e-02, 6.666666667e-03, 3.333333333e-03, 1.148511443e+00, 1.171481672e+02, 2.906569379e+01, -5.813138757e+01, 2.452985978e+05
5632, 8.250000000e-02, 6.666666667e-03, 5.000000000e-03, 1.148511443e+00, 1.171481672e+02, 4.359854068e+01, -5.813138757e+01, 2.457583312e+05
5633, 8.250000000e-02, 6.666666667e-03, 6.666666667e-03, 1.148511443e+00, 1.171481672e+02, 5.813138757e+01, -5.813138757e+01, 2.464019580e+05
5634, 8.250000000e-02, 6.666666667e-03, 8.333333333e-03, 1.148511443e+00, 1.171481672e+02, 7.266423447e+01, -5.813138757e+01, 2.472294781e+05
5635, 8.250000000e-02, 6.666666667e-03, 1.000000000e-02, 1.148511443e+00, 1.171481672e+02, 8.719708136e+01, -5.813138757e+01, 2.482408917e+05
5636, 8.250000000e-02, 6.666666667e-03, 1.166666667e-02, 1.148511443e+00, 1.171481672e+02, 1.017299283e+02, -5.813138757e+01, 2.494361986e+05
5637, 8.250000000e-02, 6.666666667e-03, 1.333333333e-02, 1.148511443e+00, 1.171481672e+02, 1.162627751e+02, -5.813138757e+01, 2.508153988e+05
5638, 8.250000000e-02, 6.666666667e-03, 1.500000000e-02, 1.148511443e+00, 1.171481672e+02, 1.307956220e+02, -5.813138757e+01, 2.523784925e+05
5639, 8.250000000e-02, 6.666666667e-03, 1.666666667e-02, 1.148511443e+00, 1.171481672e+02, 1.453284689e+02, -5.813138757e+01, 2.541254795e+05
5640, 8.250000000e-02, 6.666666667e-03, 1.833333333e-02, 1.148511443e+00, 1.171481672e+02, 1.598613158e+02, -5.813138757e+01, 2.560563599e+05
5641, 8.250000000e-02, 6.666666667e-03, 2.000000000e-02, 1.148511443e+00, 1.171481672e+02, 1.743941627e+02, -5.813138757e+01, 2.581711336e+05
5642, 8.250000000e-02, 8.333333333e-03, 0.000000000e+00, 1.148511443e+00, 1.171481672e+02, 0.000000000e+00, -7.266423447e+01, 2.457583312e+05
5643, 8.250000000e-02, 8.333333333e-03, 1.666666667e-03, 1.148511443e+00, 1.171481672e+02, 1.453284689e+01, -7.266423447e+01, 2.458502779e+05
5644, 8.250000000e-02, 8.333333333e-03, 3.333333333e-03, 1.148511443e+00, 1.171481672e+02, 2.906569379e+01, -7.266423447e+01, 2.461261179e+05
5645, 8.250000000e-02, 8.333333333e-03, 5.000000000e-03, 1.148511443e+00, 1.171481672e+02, 4.359854068e+01, -7.266423447e+01, 2.465858513e+05
5646, 8.250000000e-02, 8.333333333e-03, 6.666666667e-03, 1.148511443e+00, 1.171481672e+02, 5.813138757e+01, -7.266423447e+01, 2.472294781e+05
5647, 8.250000000e-02, 8.333333333e-03, 8.333333333e-03, 1.148511443e+00, 1.171481672e+02, 7.266423447e+01, -7.266423447e+01, 2.480569983e+05
5648, 8.250000000e-02, 8.333333333e-03, 1.000000000e-02, 1.148511443e+00, 1.171481672e+02, 8.719708136e+01, -7.266423447e+01, 2.490684118e+05
5649, 8.250000000e-02, 8.333333333e-03, 1.166666667e-02, 1.148511443e+00, 1.171481672e+02, 1.017299283e+02, -7.266423447e+01, 2.502637187e+05
5650, 8.250000000e-02, 8.333333333e-03, 1.333333333e-02, 1.148511443e+00, 1.171481672e+02, 1.162627751e+02, -7.266423447e+01, 2.516429190e+05
5651, 8.250000000e-02, 8.333333333e-03, 1.500000000e-02, 1.148511443e+00, 1.171481672e+02, 1.307956220e+02, -7.266423447e+01, 2.532060126e+05
5652, 8.250000000e-02, 8.333333333e-03, 1.666666667e-02, 1.148511443e+00, 1.171481672e+02, 1.453284689e+02, -7.266423447e+01, 2.549529996e+05
5653, 8.250000000e-02, 8.333333333e-03, 1.833333333e-02, 1.148511443e+00, 1.171481672e+02, 1.598613158e+02, -7.266423447e+01, 2.568838800e+05
5654, 8.250000000e-02, 8.333333333e-03, 2.000000000e-02, 1.148511443e+00, 1.171481672e+02, 1.743941627e+02, -7.266423447e+01, 2.589986538e+05
5655, 8.250000000e-02, 1.000000000e-02, 0.000000000e+00, 1.148511443e+00, 1.171481672e+02, 0.000000000e+00, -8.719708136e+01, 2.467697447e+05
5656, 8.250000000e-02, 1.000000000e-02, 1.666666667e-03, 1.148511443e+00, 1.171481672e+02, 1.453284689e+01, -8.719708136e+01, 2.468616914e+05
5657, 8.250000000e-02, 1.000000000e-02, 3.333333333e-03, 1.148511443e+00, 1.171481672e+02, 2.906569379e+01, -8.719708136e+01, 2.471375315e+05
5658, 8.250000000e-02, 1.000000000e-02, 5.000000000e-03, 1.148511443e+00, 1.171481672e+02, 4.359854068e+01, -8.719708136e+01, 2.475972649e+05
5659, 8.250000000e-02, 1.000000000e-02, 6.666666667e-03, 1.148511443e+00, 1.171481672e+02, 5.813138757e+01, -8.719708136e+01, 2.482408917e+05
5660, 8.250000000e-02, 1.000000000e-02, 8.333333333e-03, 1.148511443e+00, 1.171481672e+02, 7.266423447e+01, -8.719708136e+01, 2.490684118e+05
5661, 8.250000000e-02, 1.000000000e-02, 1.000000000e-02, 1.148511443e+00, 1.171481672e+02, 8.719708136e+01, -8.719708136e+01, 2.500798254e+05
5662, 8.250000000e-02, 1.000000000e-02, 1.166666667e-02, 1.148511443e+00, 1.171481672e+02, 1.017299283e+02, -8.719708136e+01, 2.512751323e+05
5663, 8.250000000e-02, 1.000000000e-02, 1.333333333e-02, 1.148511443e+00, 1.171481672e+02, 1.162627751e+02, -8.719708136e+01, 2.526543325e+05
5664, 8.250000000e-02, 1.000000000e-02, 1.500000000e-02, 1.148511443e+00, 1.171481672e+02, 1.307956220e+02, -8.719708136e+01, 2.542174262e+05
5665, 8.250000000e-02, 1.000000000e-02, 1.666666667e-02, 1.148511443e+00, 1.171481672e+02, 1.453284689e+02, -8.719708136e+01, 2.559644132e+05
5666, 8.250000000e-02, 1.000000000e-02, 1.833333333e-02, 1.148511443e+00, 1.171481672e+02, 1.598613158e+02, -8.719708136e+01, 2.578952935e+05
5667, 8.250000000e-02, 1.000000000e-02, 2.000000000e-02, 1.148511443e+00, 1.171481672e+02, 1.743941627e+02, -8.719708136e+01, 2.600100673e+05
5668, 8.250000000e-02, 1.166666667e-02, 0.000000000e+00, 1.148511443e+00, 1.171481672e+02, 0.000000000e+00, -1.017299283e+02, 2.479650516e+05
5669, 8.250000000e-02, 1.166666667e-02, 1.666666667e-03, 1.148511443e+00, 1.171481672e+02, 1.453284689e+01, -1.017299283e+02, 2.480569983e+05
5670, 8.250000000e-02, 1.166666667e-02, 3.333333333e-03, 1.148511443e+00, 1.171481672e+02, 2.906569379e+01, -1.017299283e+02, 2.483328384e+05
5671, 8.250000000e-02, 1.166666667e-02, 5.000000000e-03, 1.148511443e+00, 1.171481672e+02, 4.359854068e+01, -1.017299283e+02, 2.487925718e+05
5672, 8.250000000e-02, 1.166666667e-02, 6.666666667e-03, 1.148511443e+00, 1.171481672e+02, 5.813138757e+01, -1.017299283e+02, 2.494361986e+05
5673, 8.250000000e-02, 1.166666667e-02, 8.333333333e-03, 1.148511443e+00, 1.171481672e+02, 7.266423447e+01, -1.017299283e+02, 2.502637187e+05
5674, 8.250000000e-02, 1.166666667e-02, 1.000000000e-02, 1.148511443e+00, 1.171481672e+02, 8.719708136e+01, -1.017299283e+02, 2.512751323e+05
5675, 8.250000000e-02, 1.166666667e-02, 1.166666667e-02, 1.148511443e+00, 1.171481672e+02, 1.017299283e+02, -1.017299283e+02, 2.524704392e+05
5676, 8.250000000e-02, 1.166666667e-02, 1.333333333e-02, 1.148511443e+00, 1.171481672e+02, 1.162627751e+02, -1.017299283e+02, 2.538496394e+05
5677, 8.250000000e-02, 1.166666667e-02, 1.500000000e-02, 1.148511443e+00, 1.171481672e+02, 1.307956220e+02, -1.017299283e+02, 2.554127331e+05
5678, 8.250000000e-02, 1.166666667e-02, 1.666666667e-02, 1.148511443e+00, 1.171481672e+02, 1.453284689e+02, -1.017299283e+02, 2.571597201e+05
5679, 8.250000000e-02, 1.166666667e-02, 1.833333333e-02, 1.148511443e+00, 1.171481672e+02, 1.598613158e+02, -1.017299283e+02, 2.590906004e+05
5680, 8.250000000e-02, 1.166666667e-02, 2.000000000e-02, 1.148511443e+00, 1.171481672e+02, 1.743941627e+02, -1.017299283e+02, 2.612053742e+05
5681, 8.250000000e-02, 1.333333333e-02, 0.000000000e+00, 1.148511443e+00, 1.171481672e+02, 0.000000000e+00, -1.162627751e+02, 2.493442519e+05
5682, 8.250000000e-02, 1.333333333e-02, 1.666666667e-03, 1.148511443e+00, 1.171481672e+02, 1.453284689e+01, -1.162627751e+02, 2.494361986e+05
5683, 8.250000000e-02, 1.333333333e-02, 3.333333333e-03, 1.148511443e+00, 1.171481672e+02, 2.906569379e+01, -1.162627751e+02, 2.497120386e+05
5684, 8.250000000e-02, 1.333333333e-02, 5.000000000e-03, 1.148511443e+00, 1.171481672e+02, 4.359854068e+01, -1.162627751e+02, 2.501717720e+05
5685, 8.250000000e-02, 1.333333333e-02, 6.666666667e-03, 1.148511443e+00, 1.171481672e+02, 5.813138757e+01, -1.162627751e+02, 2.508153988e+05
5686, 8.250000000e-02, 1.333333333e-02, 8.333333333e-03, 1.148511443e+00, 1.171481672e+02, 7.266423447e+01, -1.162627751e+02, 2.516429190e+05
5687, 8.250000000e-02, 1.333333333e-02, 1.000000000e-02, 1.148511443e+00, 1.171481672e+02, 8.719708136e+01, -1.162627751e+02, 2.526543325e+05
5688, 8.250000000e-02, 1.333333333e-02, 1.166666667e-02, 1.148511443e+00, 1.171481672e+02, 1.017299283e+02, -1.162627751e+02, 2.538496394e+05
5689, 8.250000000e-02, 1.333333333e-02, 1.333333333e-02, 1.148511443e+00, 1.171481672e+02, 1.162627751e+02, -1.162627751e+02, 2.552288397e+05
5690, 8.250000000e-02, 1.333333333e-02, 1.500000000e-02, 1.148511443e+00, 1.171481672e+02, 1.307956220e+02, -1.162627751e+02, 2.567919333e+05
5691, 8.250000000e-02, 1.333333333e-02, 1.666666667e-02, 1.148511443e+00, 1.171481672e+02, 1.453284689e+02, -1.162627751e+02, 2.585389203e+05
5692, 8.250000000e-02, 1.333333333e-02, 1.833333333e-02, 1.148511443e+00, 1.171481672e+02, 1.598613158e+02, -1.162627751e+02, 2.604698007e+05
5693, 8.250000000e-02, 1.333333333e-02, 2.000000000e-02, 1.148511443e+00, 1.171481672e+02, 1.743941627e+02, -1.162627751e+02, 2.625845745e+05
5694, 8.250000000e-02, 1.500000000e-02, 0.000000000e+00, 1.148511443e+00, 1.171481672e+02, 0.000000000e+00, -1.307956220e+02, 2.509073455e+05
5695, 8.250000000e-02, 1.500000000e-02, 1.666666667e-03, 1.148511443e+00, 1.171481672e+02, 1.453284689e+01, -1.307956220e+02, 2.509992922e+05
5696, 8.250000000e-02, 1.500000000e-02, 3.333333333e-03, 1.148511443e+00, 1.171481672e+02, 2.906569379e+01, -1.307956220e+02, 2.512751323e+05
5697, 8.250000000e-02, 1.500000000e-02, 5.000000000e-03, 1.148511443e+00, 1.171481672e+02, 4.359854068e+01, -1.307956220e+02, 2.517348657e+05
5698, 8.250000000e-02, 1.500000000e-02, 6.666666667e-03, 1.148511443e+00, 1.171481672e+02, 5.813138757e+01, -1.307956220e+02, 2.523784925e+05
5699, 8.250000000e-02, 1.500000000e-02, 8.333333333e-03, 1.148511443e+00, 1.171481672e+02, 7.266423447e+01, -1.307956220e+02, 2.532060126e+05
5700, 8.250000000e-02, 1.500000000e-02, 1.000000000e-02, 1.148511443e+00, 1.171481672e+02, 8.719708136e+01, -1.307956220e+02, 2.542174262e+05
5701, 8.250000000e-02, 1.500000000e-02, 1.166666667e-02, 1.148511443e+00, 1.171481672e+02, 1.017299283e+02, -1.307956220e+02, 2.554127331e+05
5702, 8.250000000e-02, 1.500000000e-02, 1.333333333e-02, 1.148511443e+00, 1.171481672e+02, 1.162627751e+02, -1.307956220e+02, 2.567919333e+05
5703, 8.250000000e-02, 1.500000000e-02, 1.500000000e-02, 1.148511443e+00, 1.171481672e+02, 1.307956220e+02, -1.307956220e+02, 2.583550270e+05
5704, 8.250000000e-02, 1.500000000e-02, 1.666666667e-02, 1.148511443e+00, 1.171481672e+02, 1.453284689e+02, -1.307956220e+02, 2.601020140e+05
5705, 8.250000000e-02, 1.500000000e-02, 1.833333333e-02, 1.148511443e+00, 1.171481672e+02, 1.598613158e+02, -1.307956220e+02, 2.620328944e+05
5706, 8.250000000e-02, 1.500000000e-02, 2.000000000e-02, 1.148511443e+00, 1.171481672e+02, 1.743941627e+02, -1.307956220e+02, 2.641476681e+05
5707, 8.250000000e-02, 1.666666667e-02, 0.000000000e+00, 1.148511443e+00, 1.171481672e+02, 0.000000000e+00, -1.453284689e+02, 2.526543325e+05
5708, 8.250000000e-02, 1.666666667e-02, 1.666666667e-03, 1.148511443e+00, 1.171481672e+02, 1.453284689e+01, -1.453284689e+02, 2.527462792e+05
5709, 8.250000000e-02, 1.666666667e-02, 3.333333333e-03, 1.148511443e+00, 1.171481672e+02, 2.906569379e+01, -1.453284689e+02, 2.530221193e+05
5710, 8.250000000e-02, 1.666666667e-02, 5.000000000e-03, 1.148511443e+00, 1.171481672e+02, 4.359854068e+01, -1.453284689e+02, 2.534818527e+05
5711, 8.250000000e-02, 1.666666667e-02, 6.666666667e-03, 1.148511443e+00, 1.171481672e+02, 5.813138757e+01, -1.453284689e+02, 2.541254795e+05
5712, 8.250000000e-02, 1.666666667e-02, 8.333333333e-03, 1.148511443e+00, 1.171481672e+02, 7.266423447e+01, -1.453284689e+02, 2.549529996e+05
5713, 8.250000000e-02, 1.666666667e-02, 1.000000000e-02, 1.148511443e+00, 1.171481672e+02, 8.719708136e+01, -1.453284689e+02, 2.559644132e+05
5714, 8.250000000e-02, 1.666666667e-02, 1.166666667e-02, 1.148511443e+00, 1.171481672e+02, 1.017299283e+02, -1.453284689e+02, 2.571597201e+05
5715, 8.250000000e-02, 1.666666667e-02, 1.333333333e-02, 1.148511443e+00, 1.171481672e+02, 1.162627751e+02, -1.453284689e+02, 2.585389203e+05
5716, 8.250000000e-02, 1.666666667e-02, 1.500000000e-02, 1.148511443e+00, 1.171481672e+02, 1.307956220e+02, -1.453284689e+02, 2.601020140e+05
5717, 8.250000000e-02, 1.666666667e-02, 1.666666667e-02, 1.148511443e+00, 1.171481672e+02, 1.453284689e+02, -1.453284689e+02, 2.618490010e+05
5718, 8.250000000e-02, 1.666666667e-02, 1.833333333e-02, 1.148511443e+00, 1.171481672e+02, 1.598613158e+02, -1.453284689e+02, 2.637798814e+05
5719, 8.250000000e-02, 1.666666667e-02, 2.000000000e-02, 1.148511443e+00, 1.171481672e+02, 1.743941627e+02, -1.453284689e+02, 2.658946551e+05
5720, 8.250000000e-02, 1.833333333e-02, 0.000000000e+00, 1.148511443e+00, 1.171481672e+02, 0.000000000e+00, -1.598613158e+02, 2.545852129e+05
5721, 8.250000000e-02, 1.833333333e-02, 1.666666667e-03, 1.148511443e+00, 1.171481672e+02, 1.453284689e+01, -1.598613158e+02, 2.546771596e+05
5722, 8.250000000e-02, 1.833333333e-02, 3.333333333e-03, 1.148511443e+00, 1.171481672e+02, 2.906569379e+01, -1.598613158e+02, 2.549529996e+05
5723, 8.250000000e-02, 1.833333333e-02, 5.000000000e-03, 1.148511443e+00, 1.171481672e+02, 4.359854068e+01, -1.598613158e+02, 2.554127331e+05
5724, 8.250000000e-02, 1.833333333e-02, 6.666666667e-03, 1.148511443e+00, 1.171481672e+02, 5.813138757e+01, -1.598613158e+02, 2.560563599e+05
5725, 8.250000000e-02, 1.833333333e-02, 8.333333333e-03, 1.148511443e+00, 1.171481672e+02, 7.266423447e+01, -1.598613158e+02, 2.568838800e+05
5726, 8.250000000e-02, 1.833333333e-02, 1.000000000e-02, 1.148511443e+00, 1.171481672e+02, 8.719708136e+01, -1.598613158e+02, 2.578952935e+05
5727, 8.250000000e-02, 1.833333333e-02, 1.166666667e-02, 1.148511443e+00, 1.171481672e+02, 1.017299283e+02, -1.598613158e+02, 2.590906004e+05
5728, 8.250000000e-02, 1.833333333e-02, 1.333333333e-02, 1.148511443e+00, 1.171481672e+02, 1.162627751e+02, -1.598613158e+02, 2.604698007e+05
5729, 8.250000000e-02, 1.833333333e-02, 1.500000000e-02, 1.148511443e+00, 1.171481672e+02, 1.307956220e+02, -1.598613158e+02, 2.620328944e+05
5730, 8.250000000e-02, 1.833333333e-02, 1.666666667e-02, 1.148511443e+00, 1.171481672e+02, 1.453284689e+02, -1.598613158e+02, 2.637798814e+05
5731, 8.250000000e-02, 1.833333333e-02, 1.833333333e-02, 1.148511443e+00, 1.171481672e+02, 1.598613158e+02, -1.598613158e+02, 2.657107617e+05
5732, 8.250000000e-02, 1.833333333e-02, 2.000000000e-02, 1.148511443e+00, 1.171481672e+02, 1.743941627e+02, -1.598613158e+02, 2.678255355e+05
5733, 8.250000000e-02, 2.000000000e-02, 0.000000000e+00, 1.148511443e+00, 1.171481672e+02, 0.000000000e+00, -1.743941627e+02, 2.566999866e+05
5734, 8.250000000e-02, 2.000000000e-02, 1.666666667e-03, 1.148511443e+00, 1.171481672e+02, 1.453284689e+01, -1.743941627e+02, 2.567919333e+05
5735, 8.250000000e-02, 2.000000000e-02, 3.333333333e-03, 1.148511443e+00, 1.171481672e+02, 2.906569379e+01, -1.743941627e+02, 2.570677734e+05
5736, 8.250000000e-02, 2.000000000e-02, 5.000000000e-03, 1.148511443e+00, 1.171481672e+02, 4.359854068e+01, -1.743941627e+02, 2.575275068e+05
5737, 8.250000000e-02, 2.000000000e-02, 6.666666667e-03, 1.148511443e+00, 1.171481672e+02, 5.813138757e+01, -1.743941627e+02, 2.581711336e+05
5738, 8.250000000e-02, 2.000000000e-02, 8.333333333e-03, 1.148511443e+00, 1.171481672e+02, 7.266423447e+01, -1.743941627e+02, 2.589986538e+05
5739, 8.250000000e-02, 2.000000000e-02, 1.000000000e-02, 1.148511443e+00, 1.171481672e+02, 8.719708136e+01, -1.743941627e+02, 2.600100673e+05
5740, 8.250000000e-02, 2.000000000e-02, 1.166666667e-02, 1.148511443e+00, 1.171481672e+02, 1.017299283e+02, -1.743941627e+02, 2.612053742e+05
5741, 8.250000000e-02, 2.000000000e-02, 1.333333333e-02, 1.148511443e+00, 1.171481672e+02, 1.162627751e+02, -1.743941627e+02, 2.625845745e+05
5742, 8.250000000e-02, 2.000000000e-02, 1.500000000e-02, 1.148511443e+00, 1.171481672e+02, 1.307956220e+02, -1.743941627e+02, 2.641476681e+05
5743, 8.250000000e-02, 2.000000000e-02, 1.666666667e-02, 1.148511443e+00, 1.171481672e+02, 1.453284689e+02, -1.743941627e+02, 2.658946551e+05
5744, 8.250000000e-02, 2.000000000e-02, 1.833333333e-02, 1.148511443e+00, 1.171481672e+02, 1.598613158e+02, -1.743941627e+02, 2.678255355e+05
5745, 8.250000000e-02, 2.000000000e-02, 2.000000000e-02, 1.148511443e+00, 1.171481672e+02, 1.743941627e+02, -1.743941627e+02, 2.699403092e+05
5746, 8.500000000e-02, 0.000000000e+00, 0.000000000e+00, 1.148511443e+00, 1.171481672e+02, 0.000000000e+00, 0.000000000e+00, 2.434596641e+05
5747, 8.500000000e-02, 0.000000000e+00, 1.666666667e-03, 1.148511443e+00, 1.171481672e+02, 1.453284689e+01, 0.000000000e+00, 2.435516108e+05
5748, 8.500000000e-02, 0.000000000e+00, 3.333333333e-03, 1.148511443e+00, 1.171481672e+02, 2.906569379e+01, 0.000000000e+00, 2.438274508e+05
5749, 8.500000000e-02, 0.000000000e+00, 5.000000000e-03, 1.148511443e+00, 1.171481672e+02, 4.359854068e+01, 0.000000000e+00, 2.442871842e+05
5750, 8.500000000e-02, 0.000000000e+00, 6.666666667e-03, 1.148511443e+00, 1.171481672e+02, 5.813138757e+01, 0.000000000e+00, 2.449308110e+05
5751, 8.500000000e-02, 0.000000000e+00, 8.333333333e-03, 1.148511443e+00, 1.171481672e+02, 7.266423447e+01, 0.000000000e+00, 2.457583312e+05
5752, 8.500000000e-02, 0.000000000e+00, 1.000000000e-02, 1.148511443e+00, 1.171481672e+02, 8.719708136e+01, 0.000000000e+00, 2.467697447e+05
5753, 8.500000000e-02, 0.000000000e+00, 1.166666667e-02, 1.148511443e+00, 1.171481672e+02, 1.017299283e+02, 0.000000000e+00, 2.479650516e+05
5754, 8.500000000e-02, 0.000000000e+00, 1.333333333e-02, 1.148511443e+00, 1.171481672e+02, 1.162627751e+02, 0.000000000e+00, 2.493442519e+05
5755, 8.500000000e-02, 0.000000000e+00, 1.500000000e-02, 1.148511443e+00, 1.171481672e+02, 1.307956220e+02, 0.000000000e+00, 2.509073455e+05
5756, 8.500000000e-02, 0.000000000e+00, 1.666666667e-02, 1.148511443e+00, 1.171481672e+02, 1.453284689e+02, 0.000000000e+00, 2.526543325e+05
5757, 8.500000000e-02, 0.000000000e+00, 1.833333333e-02, 1.148511443e+00, 1.171481672e+02, 1.598613158e+02, 0.000000000e+00, 2.545852129e+05
5758, 8.500000000e-02, 0.000000000e+00, 2.000000000e-02, 1.148511443e+00, 1.171481672e+02, 1.743941627e+02, 0.000000000e+00, 2.566999866e+05
5759, 8.500000000e-02, 1.666666667e-03, 0.000000000e+00, 1.148511443e+00, 1.171481672e+02, 0.000000000e+00, -1.453284689e+01, 2.435516108e+05
5760, 8.500000000e-02, 1.666666667e-03, 1.666666667e-03, 1.148511443e+00, 1.171481672e+02, 1.453284689e+01, -1.453284689e+01, 2.436435574e+05
5761, 8.500000000e-02, 1.666666667e-03, 3.333333333e-03, 1.148511443e+00, 1.171481672e+02, 2.906569379e+01, -1.453284689e+01, 2.439193975e+05
5762, 8.500000000e-02, 1.666666667e-03, 5.000000000e-03, 1.148511443e+00, 1.171481672e+02, 4.359854068e+01, -1.453284689e+01, 2.443791309e+05
5763, 8.500000000e-02, 1.666666667e-03, 6.666666667e-03, 1.148511443e+00, 1.171481672e+02, 5.813138757e+01, -1.453284689e+01, 2.450227577e+05
5764, 8.500000000e-02, 1.666666667e-03, 8.333333333e-03, 1.148511443e+00, 1.171481672e+02, 7.266423447e+01, -1.453284689e+01, 2.458502779e+05
5765, 8.500000000e-02, 1.666666667e-03, 1.000000000e-02, 1.148511443e+00, 1.171481672e+02, 8.719708136e+01, -1.453284689e+01, 2.468616914e+05
5766, 8.500000000e-02, 1.666666667e-03, 1.166666667e-02, 1.148511443e+00, 1.171481672e+02, 1.017299283e+02, -1.453284689e+01, 2.480569983e+05
5767, 8.500000000e-02, 1.666666667e-03, 1.333333333e-02, 1.148511443e+00, 1.171481672e+02, 1.162627751e+02, -1.453284689e+01, 2.494361986e+05
5768, 8.500000000e-02, 1.666666667e-03, 1.500000000e-02, 1.148511443e+00, 1.171481672e+02, 1.307956220e+02, -1.453284689e+01, 2.509992922e+05
5769, 8.500000000e-02, 1.666666667e-03, 1.666666667e-02, 1.148511443e+00, 1.171481672e+02, 1.453284689e+02, -1.453284689e+01, 2.527462792e+05
5770, 8.500000000e-02, 1.666666667e-03, 1.833333333e-02, 1.148511443e+00, 1.171481672e+02, 1.598613158e+02, -1.453284689e+01, 2.546771596e+05
5771, 8.500000000e-02, 1.666666667e-03, 2.000000000e-02, 1.148511443e+00, 1.171481672e+02, 1.743941627e+02, -1.453284689e+01, 2.567919333e+05
5772, 8.500000000e-02, 3.333333333e-03, 0.000000000e+00, 1.148511443e+00, 1.171481672e+02, 0.000000000e+00, -2.906569379e+01, 2.438274508e+05
5773, 8.500000000e-02, 3.333333333e-03, 1.666666667e-03, 1.148511443e+00, 1.171481672e+02, 1.453284689e+01, -2.906569379e+01, 2.439193975e+05
5774, 8.500000000e-02, 3.333333333e-03, 3.333333333e-03, 1.148511443e+00, 1.171481672e+02, 2.906569379e+01, -2.906569379e+01, 2.441952375e+05
5775, 8.500000000e-02, 3.333333333e-03, 5.000000000e-03, 1.148511443e+00, 1.171481672e+02, 4.359854068e+01, -2.906569379e+01, 2.446549710e+05
5776, 8.500000000e-02, 3.333333333e-03, 6.666666667e-03, 1.148511443e+00, 1.171481672e+02, 5.813138757e+01, -2.906569379e+01, 2.452985978e+05
5777, 8.500000000e-02, 3.333333333e-03, 8.333333333e-03, 1.148511443e+00, 1.171481672e+02, 7.266423447e+01, -2.906569379e+01, 2.461261179e+05
5778, 8.500000000e-02, 3.333333333e-03, 1.000000000e-02, 1.148511443e+00, 1.171481672e+02, 8.719708136e+01, -2.906569379e+01, 2.471375315e+05
5779, 8.500000000e-02, 3.333333333e-03, 1.166666667e-02, 1.148511443e+00, 1.171481672e+02, 1.017299283e+02, -2.906569379e+01, 2.483328384e+05
5780, 8.500000000e-02, 3.333333333e-03, 1.333333333e-02, 1.148511443e+00, 1.171481672e+02, 1.162627751e+02, -2.906569379e+01, 2.497120386e+05
5781, 8.500000000e-02, 3.333333333e-03, 1.500000000e-02, 1.148511443e+00, 1.171481672e+02, 1.307956220e+02, -2.906569379e+01, 2.512751323e+05
5782, 8.500000000e-02, 3.333333333e-03, 1.666666667e-02, 1.148511443e+00, 1.171481672e+02, 1.453284689e+02, -2.906569379e+01, 2.530221193e+05
5783, 8.500000000e-02, 3.333333333e-03, 1.833333333e-02, 1.148511443e+00, 1.171481672e+02, 1.598613158e+02, -2.906569379e+01, 2.549529996e+05
5784, 8.500000000e-02, 3.333333333e-03, 2.000000000e-02, 1.148511443e+00, 1.171481672e+02, 1.743941627e+02, -2.906569379e+01, 2.570677734e+05
5785, 8.500000000e-02, 5.000000000e-03, 0.000000000e+00, 1.148511443e+00, 1.171481672e+02, 0.000000000e+00, -4.359854068e+01, 2.442871842e+05
5786, 8.500000000e-02, 5.000000000e-03, 1.666666667e-03, 1.148511443e+00, 1.171481672e+02, 1.453284689e+01, -4.359854068e+01, 2.443791309e+05
5787, 8.500000000e-02, 5.000000000e-03, 3.333333333e-03, 1.148511443e+00, 1.171481672e+02, 2.906569379e+01, -4.359854068e+01, 2.446549710e+05
5788, 8.500000000e-02, 5.000000000e-03, 5.000000000e-03, 1.148511443e+00, 1.171481672e+02, 4.359854068e+01, -4.359854068e+01, 2.451147044e+05
5789, 8.500000000e-02, 5.000000000e-03, 6.666666667e-03, 1.148511443e+00, 1.171481672e+02, 5.813138757e+01, -4.359854068e+01, 2.457583312e+05
5790, 8.500000000e-02, 5.000000000e-03, 8.333333333e-03, 1.148511443e+00, 1.171481672e+02, 7.266423447e+01, -4.359854068e+01, 2.465858513e+05
5791, 8.500000000e-02, 5.000000000e-03, 1.000000000e-02, 1.148511443e+00, 1.171481672e+02, 8.719708136e+01, -4.359854068e+01, 2.475972649e+05
5792, 8.500000000e-02, 5.000000000e-03, 1.166666667e-02, 1.148511443e+00, 1.171481672e+02, 1.017299283e+02, -4.359854068e+01, 2.487925718e+05
5793, 8.500000000e-02, 5.000000000e-03, 1.333333333e-02, 1.148511443e+00, 1.171481672e+02, 1.162627751e+02, -4.359854068e+01, 2.501717720e+05
5794, 8.500000000e-02, 5.000000000e-03, 1.500000000e-02, 1.148511443e+00, 1.171481672e+02, 1.307956220e+02, -4.359854068e+01, 2.517348657e+05
5795, 8.500000000e-02, 5.000000000e-03, 1.666666667e-02, 1.148511443e+00, 1.171481672e+02, 1.453284689e+02, -4.359854068e+01, 2.534818527e+05
5796, 8.500000000e-02, 5.000000000e-03, 1.833333333e-02, 1.148511443e+00, 1.171481672e+02, 1.598613158e+02, -4.359854068e+01, 2.554127331e+05
5797, 8.500000000e-02, 5.000000000e-03, 2.000000000e-02, 1.148511443e+00, 1.171481672e+02, 1.743941627e+02, -4.359854068e+01, 2.575275068e+05
5798, 8.500000000e-02, 6.666666667e-03, 0.000000000e+00, 1.148511443e+00, 1.171481672e+02, 0.000000000e+00, -5.813138757e+01, 2.449308110e+05
5799, 8.500000000e-02, 6.666666667e-03, 1.666666667e-03, 1.148511443e+00, 1.171481672e+02, 1.453284689e+01, -5.813138757e+01, 2.450227577e+05
5800, 8.500000000e-02, 6.666666667e-03, 3.333333333e-03, 1.148511443e+00, 1.171481672e+02, 2.906569379e+01, -5.813138757e+01, 2.452985978e+05
5801, 8.500000000e-02, 6.666666667e-03, 5.000000000e-03, 1.148511443e+00, 1.171481672e+02, 4.359854068e+01, -5.813138757e+01, 2.457583312e+05
5802, 8.500000000e-02, 6.666666667e-03, 6.666666667e-03, 1.148511443e+00, 1.171481672e+02, 5.813138757e+01, -5.813138757e+01, 2.464019580e+05
5803, 8.500000000e-02, 6.666666667e-03, 8.333333333e-03, 1.148511443e+00, 1.171481672e+02, 7.266423447e+01, -5.813138757e+01, 2.472294781e+05
5804, 8.500000000e-02, 6.666666667e-03, 1.000000000e-02, 1.148511443e+00, 1.171481672e+02, 8.719708136e+01, -5.813138757e+01, 2.482408917e+05
5805, 8.500000000e-02, 6.666666667e-03, 1.166666667e-02, 1.148511443e+00, 1.171481672e+02, 1.017299283e+02, -5.813138757e+01, 2.494361986e+05
5806, 8.500000000e-02, 6.666666667e-03, 1.333333333e-02, 1.148511443e+00, 1.171481672e+02, 1.162627751e+02, -5.813138757e+01, 2.508153988e+05
5807, 8.500000000e-02, 6.666666667e-03, 1.500000000e-02, 1.148511443e+00, 1.171481672e+02, 1.307956220e+02, -5.813138757e+01, 2.523784925e+05
5808, 8.500000000e-02, 6.666666667e-03, 1.666666667e-02, 1.148511443e+00, 1.171481672e+02, 1.453284689e+02, -5.813138757e+01, 2.541254795e+05
5809, 8.500000000e-02, 6.666666667e-03, 1.833333333e-02, 1.148511443e+00, 1.171481672e+02, 1.598613158e+02, -5.813138757e+01, 2.560563599e+05
5810, 8.500000000e-02, 6.666666667e-03, 2.000000000e-02, 1.148511443e+00, 1.171481672e+02, 1.743941627e+02, -5.813138757e+01, 2.581711336e+05
5811, 8.500000000e-02, 8.333333333e-03, 0.000000000e+00, 1.148511443e+00, 1.171481672e+02, 0.000000000e+00, -7.266423447e+01, 2.457583312e+05
5812, 8.500000000e-02, 8.333333333e-03, 1.666666667e-03, 1.148511443e+00, 1.171481672e+02, 1.453284689e+01, -7.266423447e+01, 2.458502779e+05
5813, 8.500000000e-02, 8.333333333e-03, 3.333333333e-03, 1.148511443e+00, 1.171481672e+02, 2.906569379e+01, -7.266423447e+01, 2.461261179e+05
5814, 8.500000000e-02, 8.333333333e-03, 5.000000000e-03, 1.148511443e+00, 1.171481672e+02, 4.359854068e+01, -7.266423447e+01, 2.465858513e+05
5815, 8.500000000e-02, 8.333333333e-03, 6.666666667e-03, 1.148511443e+00, 1.171481672e+02, 5.813138757e+01, -7.266423447e+01, 2.472294781e+05
5816, 8.500000000e-02, 8.333333333e-03, 8.333333333e-03, 1.148511443e+00, 1.171481672e+02, 7.266423447e+01, -7.266423447e+01, 2.480569983e+05
5817, 8.500000000e-02, 8.333333333e-03, 1.000000000e-02, 1.148511443e+00, 1.171481672e+02, 8.719708136e+01, -7.266423447e+01, 2.490684118e+05
5818, 8.500000000e-02, 8.333333333e-03, 1.166666667e-02, 1.148511443e+00, 1.171481672e+02, 1.017299283e+02, -7.266423447e+01, 2.502637187e+05
5819, 8.500000000e-02, 8.333333333e-03, 1.333333333e-02, 1.148511443e+00, 1.171481672e+02, 1.162627751e+02, -7.266423447e+01, 2.516429190e+05
5820, 8.500000000e-02, 8.333333333e-03, 1.500000000e-02, 1.148511443e+00, 1.171481672e+02, 1.307956220e+02, -7.266423447e+01, 2.532060126e+05
5821, 8.500000000e-02, 8.333333333e-03, 1.666666667e-02, 1.148511443e+00, 1.171481672e+02, 1.453284689e+02, -7.266423447e+01, 2.549529996e+05
5822, 8.500000000e-02, 8.333333333e-03, 1.833333333e-02, 1.148511443e+00, 1.171481672e+02, 1.598613158e+02, -7.266423447e+01, 2.568838800e+05
5823, 8.500000000e-02, 8.333333333e-03, 2.000000000e-02, 1.148511443e+00, 1.171481672e+02, 1.743941627e+02, -7.266423447e+01, 2.589986538e+05
5824, 8.500000000e-02, 1.000000000e-02, 0.000000000e+00, 1.148511443e+00, 1.171481672e+02, 0.000000000e+00, -8.719708136e+01, 2.467697447e+05
5825, 8.500000000e-02, 1.000000000e-02, 1.666666667e-03, 1.148511443e+00, 1.171481672e+02, 1.453284689e+01, -8.719708136e+01, 2.468616914e+05
5826, 8.500000000e-02, 1.000000000e-02, 3.333333333e-03, 1.148511443e+00, 1.171481672e+02, 2.906569379e+01, -8.719708136e+01, 2.471375315e+05
5827, 8.500000000e-02, 1.000000000e-02, 5.000000000e-03, 1.148511443e+00, 1.171481672e+02, 4.359854068e+01, -8.719708136e+01, 2.475972649e+05
5828, 8.500000000e-02, 1.000000000e-02, 6.666666667e-03, 1.148511443e+00, 1.171481672e+02, 5.813138757e+01, -8.719708136e+01, 2.482408917e+05
5829, 8.500000000e-02, 1.000000000e-02, 8.333333333e-03, 1.148511443e+00, 1.171481672e+02, 7.266423447e+01, -8.719708136e+01, 2.490684118e+05
5830, 8.500000000e-02, 1.000000000e-02, 1.000000000e-02, 1.148511443e+00, 1.171481672e+02, 8.719708136e+01, -8.719708136e+01, 2.500798254e+05
5831, 8.500000000e-02, 1.000000000e-02, 1.166666667e-02, 1.148511443e+00, 1.171481672e+02, 1.017299283e+02, -8.719708136e+01, 2.512751323e+05
5832, 8.500000000e-02, 1.000000000e-02, 1.333333333e-02, 1.148511443e+00, 1.171481672e+02, 1.162627751e+02, -8.719708136e+01, 2.526543325e+05
5833, 8.500000000e-02, 1.000000000e-02, 1.500000000e-02, 1.148511443e+00, 1.171481672e+02, 1.307956220e+02, -8.719708136e+01, 2.542174262e+05
5834, 8.500000000e-02, 1.000000000e-02, 1.666666667e-02, 1.148511443e+00, 1.171481672e+02, 1.453284689e+02, -8.719708136e+01, 2.559644132e+05
5835, 8.500000000e-02, 1.000000000e-02, 1.833333333e-02, 1.148511443e+00, 1.171481672e+02, 1.598613158e+02, -8.719708136e+01, 2.578952935e+05
5836, 8.500000000e-02, 1.000000000e-02, 2.000000000e-02, 1.148511443e+00, 1.171481672e+02, 1.743941627e+02, -8.719708136e+01, 2.600100673e+05
5837, 8.500000000e-02, 1.166666667e-02, 0.000000000e+00, 1.148511443e+00, 1.171481672e+02, 0.000000000e+00, -1.017299283e+02, 2.479650516e+05
5838, 8.500000000e-02, 1.166666667e-02, 1.666666667e-03, 1.148511443e+00, 1.171481672e+02, 1.453284689e+01, -1.017299283e+02, 2.480569983e+05
5839, 8.500000000e-02, 1.166666667e-02, 3.333333333e-03, 1.148511443e+00, 1.171481672e+02, 2.906569379e+01, -1.017299283e+02, 2.483328384e+05
5840, 8.500000000e-02, 1.166666667e-02, 5.000000000e-03, 1.148511443e+00, 1.171481672e+02, 4.359854068e+01, -1.017299283e+02, 2.487925718e+05
5841, 8.500000000e-02, 1.166666667e-02, 6.666666667e-03, 1.148511443e+00, 1.171481672e+02, 5.813138757e+01, -1.017299283e+02, 2.494361986e+05
5842, 8.500000000e-02, 1.166666667e-02, 8.333333333e-03, 1.148511443e+00, 1.171481672e+02, 7.266423447e+01, -1.017299283e+02, 2.502637187e+05
5843, 8.500000000e-02, 1.166666667e-02, 1.000000000e-02, 1.148511443e+00, 1.171481672e+02, 8.719708136e+01, -1.017299283e+02, 2.512751323e+05
5844, 8.500000000e-02, 1.166666667e-02, 1.166666667e-02, 1.148511443e+00, 1.171481672e+02, 1.017299283e+02, -1.017299283e+02, 2.524704392e+05
5845, 8.500000000e-02, 1.166666667e-02, 1.333333333e-02, 1.148511443e+00, 1.171481672e+02, 1.162627751e+02, -1.017299283e+02, 2.538496394e+05
5846, 8.500000000e-02, 1.166666667e-02, 1.500000000e-02, 1.148511443e+00, 1.171481672e+02, 1.307956220e+02, -1.017299283e+02, 2.554127331e+05
5847, 8.500000000e-02, 1.166666667e-02, 1.666666667e-02, 1.148511443e+00, 1.171481672e+02, 1.453284689e+02, -1.017299283e+02, 2.571597201e+05
5848, 8.500000000e-02, 1.166666667e-02, 1.833333333e-02, 1.148511443e+00, 1.171481672e+02, 1.598613158e+02, -1.017299283e+02, 2.590906004e+05
5849, 8.500000000e-02, 1.166666667e-02, 2.000000000e-02, 1.148511443e+00, 1.171481672e+02, 1.743941627e+02, -1.017299283e+02, 2.612053742e+05
5850, 8.500000000e-02, 1.333333333e-02, 0.000000000e+00, 1.148511443e+00, 1.171481672e+02, 0.000000000e+00, -1.162627751e+02, 2.493442519e+05
5851, 8.500000000e-02, 1.333333333e-02, 1.666666667e-03, 1.148511443e+00, 1.171481672e+02, 1.453284689e+01, -1.162627751e+02, 2.494361986e+05
5852, 8.500000000e-02, 1.333333333e-02, 3.333333333e-03, 1.148511443e+00, 1.171481672e+02, 2.906569379e+01, -1.162627751e+02, 2.497120386e+05
5853, 8.500000000e-02, 1.333333333e-02, 5.000000000e-03, 1.148511443e+00, 1.171481672e+02, 4.359854068e+01, -1.162627751e+02, 2.501717720e+05
5854, 8.500000000e-02, 1.333333333e-02, 6.666666667e-03, 1.148511443e+00, 1.171481672e+02, 5.813138757e+01, -1.162627751e+02, 2.508153988e+05
5855, 8.500000000e-02, 1.333333333e-02, 8.333333333e-03, 1.148511443e+00, 1.171481672e+02, 7.266423447e+01, -1.162627751e+02, 2.516429190e+05
5856, 8.500000000e-02, 1.333333333e-02, 1.000000000e-02, 1.148511443e+00, 1.171481672e+02, 8.719708136e+01, -1.162627751e+02, 2.526543325e+05
5857, 8.500000000e-02, 1.333333333e-02, 1.166666667e-02, 1.148511443e+00, 1.171481672e+02, 1.017299283e+02, -1.162627751e+02, 2.538496394e+05
5858, 8.500000000e-02, 1.333333333e-02, 1.333333333e-02, 1.148511443e+00, 1.171481672e+02, 1.162627751e+02, -1.162627751e+02, 2.552288397e+05
5859, 8.500000000e-02, 1.333333333e-02, 1.500000000e-02, 1.148511443e+00, 1.171481672e+02, 1.307956220e+02, -1.162627751e+02, 2.567919333e+05
5860, 8.500000000e-02, 1.333333333e-02, 1.666666667e-02, 1.148511443e+00, 1.171481672e+02, 1.453284689e+02, -1.162627751e+02, 2.585389203e+05
5861, 8.500000000e-02, 1.333333333e-02, 1.833333333e-02, 1.148511443e+00, 1.171481672e+02, 1.598613158e+02, -1.162627751e+02, 2.604698007e+05
5862, 8.500000000e-02, 1.333333333e-02, 2.000000000e-02, 1.148511443e+00, 1.171481672e+02, 1.743941627e+02, -1.162627751e+02, 2.625845745e+05
5863, 8.500000000e-02, 1.500000000e-02, 0.000000000e+00, 1.148511443e+00, 1.171481672e+02, 0.000000000e+00, -1.307956220e+02, 2.509073455e+05
5864, 8.500000000e-02, 1.500000000e-02, 1.666666667e-03, 1.148511443e+00, 1.171481672e+02, 1.453284689e+01, -1.307956220e+02, 2.509992922e+05
5865, 8.500000000e-02, 1.500000000e-02, 3.333333333e-03, 1.148511443e+00, 1.171481672e+02, 2.906569379e+01, -1.307956220e+02, 2.512751323e+05
5866, 8.500000000e-02, 1.500000000e-02, 5.000000000e-03, 1.148511443e+00, 1.171481672e+02, 4.359854068e+01, -1.307956220e+02, 2.517348657e+05
5867, 8.500000000e-02, 1.500000000e-02, 6.666666667e-03, 1.148511443e+00, 1.171481672e+02, 5.813138757e+01, -1.307956220e+02, 2.523784925e+05
5868, 8.500000000e-02, 1.500000000e-02, 8.333333333e-03, 1.148511443e+00, 1.171481672e+02, 7.266423447e+01, -1.307956220e+02, 2.532060126e+05
5869, 8.500000000e-02, 1.500000000e-02, 1.000000000e-02, 1.148511443e+00, 1.171481672e+02, 8.719708136e+01, -1.307956220e+02, 2.542174262e+05
5870, 8.500000000e-02, 1.500000000e-02, 1.166666667e-02, 1.148511443e+00, 1.171481672e+02, 1.017299283e+02, -1.307956220e+02, 2.554127331e+05
5871, 8.500000000e-02, 1.500000000e-02, 1.333333333e-02, 1.148511443e+00, 1.171481672e+02, 1.162627751e+02, -1.307956220e+02, 2.567919333e+05
5872, 8.500000000e-02, 1.500000000e-02, 1.500000000e-02, 1.148511443e+00, 1.171481672e+02, 1.307956220e+02, -1.307956220e+02, 2.583550270e+05
5873, 8.500000000e-02, 1.500000000e-02, 1.666666667e-02, 1.148511443e+00, 1.171481672e+02, 1.453284689e+02, -1.307956220e+02, 2.601020140e+05
5874, 8.500000000e-02, 1.500000000e-02, 1.833333333e-02, 1.148511443e+00, 1.171481672e+02, 1.598613158e+02, -1.307956220e+02, 2.620328944e+05
5875, 8.500000000e-02, 1.500000000e-02, 2.000000000e-02, 1.148511443e+00, 1.171481672e+02, 1.743941627e+02, -1.307956220e+02, 2.641476681e+05
5876, 8.500000000e-02, 1.666666667e-02, 0.000000000e+00, 1.148511443e+00, 1.171481672e+02, 0.000000000e+00, -1.453284689e+02, 2.526543325e+05
5877, 8.500000000e-02, 1.666666667e-02, 1.666666667e-03, 1.148511443e+00, 1.171481672e+02, 1.453284689e+01, -1.453284689e+02, 2.527462792e+05
5878, 8.500000000e-02, 1.666666667e-02, 3.333333333e-03, 1.148511443e+00, 1.171481672e+02, 2.906569379e+01, -1.453284689e+02, 2.530221193e+05
5879, 8.500000000e-02, 1.666666667e-02, 5.000000000e-03, 1.148511443e+00, 1.171481672e+02, 4.359854068e+01, -1.453284689e+02, 2.534818527e+05
5880, 8.500000000e-02, 1.666666667e-02, 6.666666667e-03, 1.148511443e+00, 1.171481672e+02, 5.813138757e+01, -1.453284689e+02, 2.541254795e+05
5881, 8.500000000e-02, 1.666666667e-02, 8.333333333e-03, 1.148511443e+00, 1.171481672e+02, 7.266423447e+01, -1.453284689e+02, 2.549529996e+05
5882, 8.500000000e-02, 1.666666667e-02, 1.000000000e-02, 1.148511443e+00, 1.171481672e+02, 8.719708136e+01, -1.453284689e+02, 2.559644132e+05
5883, 8.500000000e-02, 1.666666667e-02, 1.166666667e-02, 1.148511443e+00, 1.171481672e+02, 1.017299283e+02, -1.453284689e+02, 2.571597201e+05
5884, 8.500000000e-02, 1.666666667e-02, 1.333333333e-02, 1.148511443e+00, 1.171481672e+02, 1.162627751e+02, -1.453284689e+02, 2.585389203e+05
5885, 8.500000000e-02, 1.666666667e-02, 1.500000000e-02, 1.148511443e+00, 1.171481672e+02, 1.307956220e+02, -1.453284689e+02, 2.601020140e+05
5886, 8.500000000e-02, 1.666666667e-02, 1.666666667e-02, 1.148511443e+00, 1.171481672e+02, 1.453284689e+02, -1.453284689e+02, 2.618490010e+05
5887, 8.500000000e-02, 1.666666667e-02, 1.833333333e-02, 1.148511443e+00, 1.171481672e+02, 1.598613158e+02, -1.453284689e+02, 2.637798814e+05
5888, 8.500000000e-02, 1.666666667e-02, 2.000000000e-02, 1.148511443e+00, 1.171481672e+02, 1.743941627e+02, -1.453284689e+02, 2.658946551e+05
5889, 8.500000000e-02, 1.833333333e-02, 0.000000000e+00, 1.148511443e+00, 1.171481672e+02, 0.000000000e+00, -1.598613158e+02, 2.545852129e+05
5890, 8.500000000e-02, 1.833333333e-02, 1.666666667e-03, 1.148511443e+00, 1.171481672e+02, 1.453284689e+01, -1.598613158e+02, 2.546771596e+05
5891, 8.500000000e-02, 1.833333333e-02, 3.333333333e-03, 1.148511443e+00, 1.171481672e+02, 2.906569379e+01, -1.598613158e+02, 2.549529996e+05
5892, 8.500000000e-02, 1.833333333e-02, 5.000000000e-03, 1.148511443e+00, 1.171481672e+02, 4.359854068e+01, -1.598613158e+02, 2.554127331e+05
5893, 8.500000000e-02, 1.833333333e-02, 6.666666667e-03, 1.148511443e+00, 1.171481672e+02, 5.813138757e+01, -1.598613158e+02, 2.560563599e+05
5894, 8.500000000e-02, 1.833333333e-02, 8.333333333e-03, 1.148511443e+00, 1.171481672e+02, 7.266423447e+01, -1.598613158e+02, 2.568838800e+05
5895, 8.500000000e-02, 1.833333333e-02, 1.000000000e-02, 1.148511443e+00, 1.171481672e+02, 8.719708136e+01, -1.598613158e+02, 2.578952935e+05
5896, 8.500000000e-02, 1.833333333e-02, 1.166666667e-02, 1.148511443e+00, 1.171481672e+02, 1.017299283e+02, -1.598613158e+02, 2.590906004e+05
5897, 8.500000000e-02, 1.833333333e-02, 1.333333333e-02, 1.148511443e+00, 1.171481672e+02, 1.162627751e+02, -1.598613158e+02, 2.604698007e+05
5898, 8.500000000e-02, 1.833333333e-02, 1.500000000e-02, 1.148511443e+00, 1.171481672e+02, 1.307956220e+02, -1.598613158e+02, 2.620328944e+05
5899, 8.500000000e-02, 1.833333333e-02, 1.666666667e-02, 1.148511443e+00, 1.171481672e+02, 1.453284689e+02, -1.598613158e+02, 2.637798814e+05
5900, 8.500000000e-02, 1.833333333e-02, 1.833333333e-02, 1.148511443e+00, 1.171481672e+02, 1.598613158e+02, -1.598613158e+02, 2.657107617e+05
5901, 8.500000000e-02, 1.833333333e-02, 2.000000000e-02, 1.148511443e+00, 1.171481672e+02, 1.743941627e+02, -1.598613158e+02, 2.678255355e+05
5902, 8.500000000e-02, 2.000000000e-02, 0.000000000e+00, 1.148511443e+00, 1.171481672e+02, 0.000000000e+00, -1.743941627e+02, 2.566999866e+05
5903, 8.500000000e-02, 2.000000000e-02, 1.666666667e-03, 1.148511443e+00, 1.171481672e+02, 1.453284689e+01, -1.743941627e+02, 2.567919333e+05
5904, 8.500000000e-02, 2.000000000e-02, 3.333333333e-03, 1.148511443e+00, 1.171481672e+02, 2.906569379e+01, -1.743941627e+02, 2.570677734e+05
5905, 8.500000000e-02, 2.000000000e-02, 5.000000000e-03, 1.148511443e+00, 1.171481672e+02, 4.359854068e+01, -1.743941627e+02, 2.575275068e+05
5906, 8.500000000e-02, 2.000000000e-02, 6.666666667e-03, 1.148511443e+00, 1.171481672e+02, 5.813138757e+01, -1.743941627e+02, 2.581711336e+05
5907, 8.500000000e-02, 2.000000000e-02, 8.333333333e-03, 1.148511443e+00, 1.171481672e+02, 7.266423447e+01, -1.743941627e+02, 2.589986538e+05
5908, 8.500000000e-02, 2.000000000e-02, 1.000000000e-02, 1.148511443e+00, 1.171481672e+02, 8.719708136e+01, -1.743941627e+02, 2.600100673e+05
5909, 8.500000000e-02, 2.000000000e-02, 1.166666667e-02, 1.148511443e+00, 1.171481672e+02, 1.017299283e+02, -1.743941627e+02, 2.612053742e+05
5910, 8.500000000e-02, 2.000000000e-02, 1.333333333e-02, 1.148511443e+00, 1.171481672e+02, 1.162627751e+02, -1.743941627e+02, 2.625845745e+05
5911, 8.500000000e-02, 2.000000000e-02, 1.500000000e-02, 1.148511443e+00, 1.171481672e+02, 1.307956220e+02, -1.743941627e+02, 2.641476681e+05
5912, 8.500000000e-02, 2.000000000e-02, 1.666666667e-02, 1.148511443e+00, 1.171481672e+02, 1.453284689e+02, -1.743941627e+02, 2.658946551e+05
5913, 8.500000000e-02, 2.000000000e-02, 1.833333333e-02, 1.148511443e+00, 1.171481672e+02, 1.598613158e+02, -1.743941627e+02, 2.678255355e+05
5914, 8.500000000e-02, 2.000000000e-02, 2.000000000e-02, 1.148511443e+00, 1.171481672e+02, 1.743941627e+02, -1.743941627e+02, 2.699403092e+05
5915, 8.750000000e-02, 0.000000000e+00, 0.000000000e+00, 1.148511443e+00, 1.171481672e+02, 0.000000000e+00, 0.000000000e+00, 2.434596641e+05
5916, 8.750000000e-02, 0.000000000e+00, 1.666666667e-03, 1.148511443e+00, 1.171481672e+02, 1.453284689e+01, 0.000000000e+00, 2.435516108e+05
5917, 8.750000000e-02, 0.000000000e+00, 3.333333333e-03, 1.148511443e+00, 1.171481672e+02, 2.906569379e+01, 0.000000000e+00, 2.438274508e+05
5918, 8.750000000e-02, 0.000000000e+00, 5.000000000e-03, 1.148511443e+00, 1.171481672e+02, 4.359854068e+01, 0.000000000e+00, 2.442871842e+05
5919, 8.750000000e-02, 0.000000000e+00, 6.666666667e-03, 1.148511443e+00, 1.171481672e+02, 5.813138757e+01, 0.000000000e+00, 2.449308110e+05
5920, 8.750000000e-02, 0.000000000e+00, 8.333333333e-03, 1.148511443e+00, 1.171481672e+02, 7.266423447e+01, 0.000000000e+00, 2.457583312e+05
5921, 8.750000000e-02, 0.000000000e+00, 1.000000000e-02, 1.148511443e+00, 1.171481672e+02, 8.719708136e+01, 0.000000000e+00, 2.467697447e+05
5922, 8.750000000e-02, 0.000000000e+00, 1.166666667e-02, 1.148511443e+00, 1.171481672e+02, 1.017299283e+02, 0.000000000e+00, 2.479650516e+05
5923, 8.750000000e-02, 0.000000000e+00, 1.333333333e-02, 1.148511443e+00, 1.171481672e+02, 1.162627751e+02, 0.000000000e+00, 2.493442519e+05
5924, 8.750000000e-02, 0.000000000e+00, 1.500000000e-02, 1.148511443e+00, 1.171481672e+02, 1.307956220e+02, 0.000000000e+00, 2.509073455e+05
5925, 8.750000000e-02, 0.000000000e+00, 1.666666667e-02, 1.148511443e+00, 1.171481672e+02, 1.453284689e+02, 0.000000000e+00, 2.526543325e+05
5926, 8.750000000e-02, 0.000000000e+00, 1.833333333e-02, 1.148511443e+00, 1.171481672e+02, 1.598613158e+02, 0.000000000e+00, 2.545852129e+05
5927, 8.750000000e-02, 0.000000000e+00, 2.000000000e-02, 1.148511443e+00, 1.171481672e+02, 1.743941627e+02, 0.000000000e+00, 2.566999866e+05
5928, 8.750000000e-02, 1.666666667e-03, 0.000000000e+00, 1.148511443e+00, 1.171481672e+02, 0.000000000e+00, -1.453284689e+01, 2.435516108e+05
5929, 8.750000000e-02, 1.666666667e-03, 1.666666667e-03, 1.148511443e+00, 1.171481672e+02, 1.453284689e+01, -1.453284689e+01, 2.436435574e+05
5930, 8.750000000e-02, 1.666666667e-03, 3.333333333e-03, 1.148511443e+00, 1.171481672e+02, 2.906569379e+01, -1.453284689e+01, 2.439193975e+05
5931, 8.750000000e-02, 1.666666667e-03, 5.000000000e-03, 1.148511443e+00, 1.171481672e+02, 4.359854068e+01, -1.453284689e+01, 2.443791309e+05
5932, 8.750000000e-02, 1.666666667e-03, 6.666666667e-03, 1.148511443e+00, 1.171481672e+02, 5.813138757e+01, -1.453284689e+01, 2.450227577e+05
5933, 8.750000000e-02, 1.666666667e-03, 8.333333333e-03, 1.148511443e+00, 1.171481672e+02, 7.266423447e+01, -1.453284689e+01, 2.458502779e+05
5934, 8.750000000e-02, 1.666666667e-03, 1.000000000e-02, 1.148511443e+00, 1.171481672e+02, 8.719708136e+01, -1.453284689e+01, 2.468616914e+05
5935, 8.750000000e-02, 1.666666667e-03, 1.166666667e-02, 1.148511443e+00, 1.171481672e+02, 1.017299283e+02, -1.453284689e+01, 2.480569983e+05
5936, 8.750000000e-02, 1.666666667e-03, 1.333333333e-02, 1.148511443e+00, 1.171481672e+02, 1.162627751e+02, -1.453284689e+01, 2.494361986e+05
5937, 8.750000000e-02, 1.666666667e-03, 1.500000000e-02, 1.148511443e+00, 1.171481672e+02, 1.307956220e+02, -1.453284689e+01, 2.509992922e+05
5938, 8.750000000e-02, 1.666666667e-03, 1.666666667e-02, 1.148511443e+00, 1.171481672e+02, 1.453284689e+02, -1.453284689e+01, 2.527462792e+05
5939, 8.750000000e-02, 1.666666667e-03, 1.833333333e-02, 1.148511443e+00, 1.171481672e+02, 1.598613158e+02, -1.453284689e+01, 2.546771596e+05
5940, 8.750000000e-02, 1.666666667e-03, 2.000000000e-02, 1.148511443e+00, 1.171481672e+02, 1.743941627e+02, -1.453284689e+01, 2.567919333e+05
5941, 8.750000000e-02, 3.333333333e-03, 0.000000000e+00, 1.148511443e+00, 1.171481672e+02, 0.000000000e+00, -2.906569379e+01, 2.438274508e+05
5942, 8.750000000e-02, 3.333333333e-03, 1.666666667e-03, 1.148511443e+00, 1.171481672e+02, 1.453284689e+01, -2.906569379e+01, 2.439193975e+05
5943, 8.750000000e-02, 3.333333333e-03, 3.333333333e-03, 1.148511443e+00, 1.171481672e+02, 2.906569379e+01, -2.906569379e+01, 2.441952375e+05
5944, 8.750000000e-02, 3.333333333e-03, 5.000000000e-03, 1.148511443e+00, 1.171481672e+02, 4.359854068e+01, -2.906569379e+01, 2.446549710e+05
5945, 8.750000000e-02, 3.333333333e-03, 6.666666667e-03, 1.148511443e+00, 1.171481672e+02, 5.813138757e+01, -2.906569379e+01, 2.452985978e+05
5946, 8.750000000e-02, 3.333333333e-03, 8.333333333e-03, 1.148511443e+00, 1.171481672e+02, 7.266423447e+01, -2.906569379e+01, 2.461261179e+05
5947, 8.750000000e-02, 3.333333333e-03, 1.000000000e-02, 1.148511443e+00, 1.171481672e+02, 8.719708136e+01, -2.906569379e+01, 2.471375315e+05
5948, 8.750000000e-02, 3.333333333e-03, 1.166666667e-02, 1.148511443e+00, 1.171481672e+02, 1.017299283e+02, -2.906569379e+01, 2.483328384e+05
5949, 8.750000000e-02, 3.333333333e-03, 1.333333333e-02, 1.148511443e+00, 1.171481672e+02, 1.162627751e+02, -2.906569379e+01, 2.497120386e+05
5950, 8.750000000e-02, 3.333333333e-03, 1.500000000e-02, 1.148511443e+00, 1.171481672e+02, 1.307956220e+02, -2.906569379e+01, 2.512751323e+05
5951, 8.750000000e-02, 3.333333333e-03, 1.666666667e-02, 1.148511443e+00, 1.171481672e+02, 1.453284689e+02, -2.906569379e+01, 2.530221193e+05
5952, 8.750000000e-02, 3.333333333e-03, 1.833333333e-02, 1.148511443e+00, 1.171481672e+02, 1.598613158e+02, -2.906569379e+01, 2.549529996e+05
5953, 8.750000000e-02, 3.333333333e-03, 2.000000000e-02, 1.148511443e+00, 1.171481672e+02, 1.743941627e+02, -2.906569379e+01, 2.570677734e+05
5954, 8.750000000e-02, 5.000000000e-03, 0.000000000e+00, 1.148511443e+00, 1.171481672e+02, 0.000000000e+00, -4.359854068e+01, 2.442871842e+05
5955, 8.750000000e-02, 5.000000000e-03, 1.666666667e-03, 1.148511443e+00, 1.171481672e+02, 1.453284689e+01, -4.359854068e+01, 2.443791309e+05
5956, 8.750000000e-02, 5.000000000e-03, 3.333333333e-03, 1.148511443e+00, 1.171481672e+02, 2.906569379e+01, -4.359854068e+01, 2.446549710e+05
5957, 8.750000000e-02, 5.000000000e-03, 5.000000000e-03, 1.148511443e+00, 1.171481672e+02, 4.359854068e+01, -4.359854068e+01, 2.451147044e+05
5958, 8.750000000e-02, 5.000000000e-03, 6.666666667e-03, 1.148511443e+00, 1.171481672e+02, 5.813138757e+01, -4.359854068e+01, 2.457583312e+05
5959, 8.750000000e-02, 5.000000000e-03, 8.333333333e-03, 1.148511443e+00, 1.171481672e+02, 7.266423447e+01, -4.359854068e+01, 2.465858513e+05
5960, 8.750000000e-02, 5.000000000e-03, 1.000000000e-02, 1.148511443e+00, 1.171481672e+02, 8.719708136e+01, -4.359854068e+01, 2.475972649e+05
5961, 8.750000000e-02, 5.000000000e-03, 1.166666667e-02, 1.148511443e+00, 1.171481672e+02, 1.017299283e+02, -4.359854068e+01, 2.487925718e+05
5962, 8.750000000e-02, 5.000000000e-03, 1.333333333e-02, 1.148511443e+00, 1.171481672e+02, 1.162627751e+02, -4.359854068e+01, 2.501717720e+05
5963, 8.750000000e-02, 5.000000000e-03, 1.500000000e-02, 1.148511443e+00, 1.171481672e+02, 1.307956220e+02, -4.359854068e+01, 2.517348657e+05
5964, 8.750000000e-02, 5.000000000e-03, 1.666666667e-02, 1.148511443e+00, 1.171481672e+02, 1.453284689e+02, -4.359854068e+01, 2.534818527e+05
5965, 8.750000000e-02, 5.000000000e-03, 1.833333333e-02, 1.148511443e+00, 1.171481672e+02, 1.598613158e+02, -4.359854068e+01, 2.554127331e+05
5966, 8.750000000e-02, 5.000000000e-03, 2.000000000e-02, 1.148511443e+00, 1.171481672e+02, 1.743941627e+02, -4.359854068e+01, 2.575275068e+05
5967, 8.750000000e-02, 6.666666667e-03, 0.000000000e+00, 1.148511443e+00, 1.171481672e+02, 0.000000000e+00, -5.813138757e+01, 2.449308110e+05
5968, 8.750000000e-02, 6.666666667e-03, 1.666666667e-03, 1.148511443e+00, 1.171481672e+02, 1.453284689e+01, -5.813138757e+01, 2.450227577e+05
5969, 8.750000000e-02, 6.666666667e-03, 3.333333333e-03, 1.148511443e+00, 1.171481672e+02, 2.906569379e+01, -5.813138757e+01, 2.452985978e+05
5970, 8.750000000e-02, 6.666666667e-03, 5.000000000e-03, 1.148511443e+00, 1.171481672e+02, 4.359854068e+01, -5.813138757e+01, 2.457583312e+05
5971, 8.750000000e-02, 6.666666667e-03, 6.666666667e-03, 1.148511443e+00, 1.171481672e+02, 5.813138757e+01, -5.813138757e+01, 2.464019580e+05
5972, 8.750000000e-02, 6.666666667e-03, 8.333333333e-03, 1.148511443e+00, 1.171481672e+02, 7.266423447e+01, -5.813138757e+01, 2.472294781e+05
5973, 8.750000000e-02, 6.666666667e-03, 1.000000000e-02, 1.148511443e+00, 1.171481672e+02, 8.719708136e+01, -5.813138757e+01, 2.482408917e+05
5974, 8.750000000e-02, 6.666666667e-03, 1.166666667e-02, 1.148511443e+00, 1.171481672e+02, 1.017299283e+02, -5.813138757e+01, 2.494361986e+05
5975, 8.750000000e-02, 6.666666667e-03, 1.333333333e-02, 1.148511443e+00, 1.171481672e+02, 1.162627751e+02, -5.813138757e+01, 2.508153988e+05
5976, 8.750000000e-02, 6.666666667e-03, 1.500000000e-02, 1.148511443e+00, 1.171481672e+02, 1.307956220e+02, -5.813138757e+01, 2.523784925e+05
5977, 8.750000000e-02, 6.666666667e-03, 1.666666667e-02, 1.148511443e+00, 1.171481672e+02, 1.453284689e+02, -5.813138757e+01, 2.541254795e+05
5978, 8.750000000e-02, 6.666666667e-03, 1.833333333e-02, 1.148511443e+00, 1.171481672e+02, 1.598613158e+02, -5.813138757e+01, 2.560563599e+05
5979, 8.750000000e-02, 6.666666667e-03, 2.000000000e-02, 1.148511443e+00, 1.171481672e+02, 1.743941627e+02, -5.813138757e+01, 2.581711336e+05
5980, 8.750000000e-02, 8.333333333e-03, 0.000000000e+00, 1.148511443e+00, 1.171481672e+02, 0.000000000e+00, -7.266423447e+01, 2.457583312e+05
5981, 8.750000000e-02, 8.333333333e-03, 1.666666667e-03, 1.148511443e+00, 1.171481672e+02, 1.453284689e+01, -7.266423447e+01, 2.458502779e+05
5982, 8.750000000e-02, 8.333333333e-03, 3.333333333e-03, 1.148511443e+00, 1.171481672e+02, 2.906569379e+01, -7.266423447e+01, 2.461261179e+05
5983, 8.750000000e-02, 8.333333333e-03, 5.000000000e-03, 1.148511443e+00, 1.171481672e+02, 4.359854068e+01, -7.266423447e+01, 2.465858513e+05
5984, 8.750000000e-02, 8.333333333e-03, 6.666666667e-03, 1.148511443e+00, 1.171481672e+02, 5.813138757e+01, -7.266423447e+01, 2.472294781e+05
5985, 8.750000000e-02, 8.333333333e-03, 8.333333333e-03, 1.148511443e+00, 1.171481672e+02, 7.266423447e+01, -7.266423447e+01, 2.480569983e+05
5986, 8.750000000e-02, 8.333333333e-03, 1.000000000e-02, 1.148511443e+00, 1.171481672e+02, 8.719708136e+01, -7.266423447e+01, 2.490684118e+05
5987, 8.750000000e-02, 8.333333333e-03, 1.166666667e-02, 1.148511443e+00, 1.171481672e+02, 1.017299283e+02, -7.266423447e+01, 2.502637187e+05
5988, 8.750000000e-02, 8.333333333e-03, 1.333333333e-02, 1.148511443e+00, 1.171481672e+02, 1.162627751e+02, -7.266423447e+01, 2.516429190e+05
5989, 8.750000000e-02, 8.333333333e-03, 1.500000000e-02, 1.148511443e+00, 1.171481672e+02, 1.307956220e+02, -7.266423447e+01, 2.532060126e+05
5990, 8.750000000e-02, 8.333333333e-03, 1.666666667e-02, 1.148511443e+00, 1.171481672e+02, 1.453284689e+02, -7.266423447e+01, 2.549529996e+05
5991, 8.750000000e-02, 8.333333333e-03, 1.833333333e-02, 1.148511443e+00, 1.171481672e+02, 1.598613158e+02, -7.266423447e+01, 2.568838800e+05
5992, 8.750000000e-02, 8.333333333e-03, 2.000000000e-02, 1.148511443e+00, 1.171481672e+02, 1.743941627e+02, -7.266423447e+01, 2.589986538e+05
5993, 8.750000000e-02, 1.000000000e-02, 0.000000000e+00, 1.148511443e+00, 1.171481672e+02, 0.000000000e+00, -8.719708136e+01, 2.467697447e+05
5994, 8.750000000e-02, 1.000000000e-02, 1.666666667e-03, 1.148511443e+00, 1.171481672e+02, 1.453284689e+01, -8.719708136e+01, 2.468616914e+05
5995, 8.750000000e-02, 1.000000000e-02, 3.333333333e-03, 1.148511443e+00, 1.171481672e+02, 2.906569379e+01, -8.719708136e+01, 2.471375315e+05
5996, 8.750000000e-02, 1.000000000e-02, 5.000000000e-03, 1.148511443e+00, 1.171481672e+02, 4.359854068e+01, -8.719708136e+01, 2.475972649e+05
5997, 8.750000000e-02, 1.000000000e-02, 6.666666667e-03, 1.148511443e+00, 1.171481672e+02, 5.813138757e+01, -8.719708136e+01, 2.482408917e+05
5998, 8.750000000e-02, 1.000000000e-02, 8.333333333e-03, 1.148511443e+00, 1.171481672e+02, 7.266423447e+01, -8.719708136e+01, 2.490684118e+05
5999, 8.750000000e-02, 1.000000000e-02, 1.000000000e-02, 1.148511443e+00, 1.171481672e+02, 8.719708136e+01, -8.719708136e+01, 2.500798254e+05
6000, 8.750000000e-02, 1.000000000e-02, 1.166666667e-02, 1.148511443e+00, 1.171481672e+02, 1.017299283e+02, -8.719708136e+01, 2.512751323e+05
6001, 8.750000000e-02, 1.000000000e-02, 1.333333333e-02, 1.148511443e+00, 1.171481672e+02, 1.162627751e+02, -8.719708136e+01, 2.526543325e+05
6002, 8.750000000e-02, 1.000000000e-02, 1.500000000e-02, 1.148511443e+00, 1.171481672e+02, 1.307956220e+02, -8.719708136e+01, 2.542174262e+05
6003, 8.750000000e-02, 1.000000000e-02, 1.666666667e-02, 1.148511443e+00, 1.171481672e+02, 1.453284689e+02, -8.719708136e+01, 2.559644132e+05
6004, 8.750000000e-02, 1.000000000e-02, 1.833333333e-02, 1.148511443e+00, 1.171481672e+02, 1.598613158e+02, -8.719708136e+01, 2.578952935e+05
6005, 8.750000000e-02, 1.000000000e-02, 2.000000000e-02, 1.148511443e+00, 1.171481672e+02, 1.743941627e+02, -8.719708136e+01, 2.600100673e+05
6006, 8.750000000e-02, 1.166666667e-02, 0.000000000e+00, 1.148511443e+00, 1.171481672e+02, 0.000000000e+00, -1.017299283e+02, 2.479650516e+05
6007, 8.750000000e-02, 1.166666667e-02, 1.666666667e-03, 1.148511443e+00, 1.171481672e+02, 1.453284689e+01, -1.017299283e+02, 2.480569983e+05
6008, 8.750000000e-02, 1.166666667e-02, 3.333333333e-03, 1.148511443e+00, 1.171481672e+02, 2.906569379e+01, -1.017299283e+02, 2.483328384e+05
6009, 8.750000000e-02, 1.166666667e-02, 5.000000000e-03, 1.148511443e+00, 1.171481672e+02, 4.359854068e+01, -1.017299283e+02, 2.487925718e+05
6010, 8.750000000e-02, 1.166666667e-02, 6.666666667e-03, 1.148511443e+00, 1.171481672e+02, 5.813138757e+01, -1.017299283e+02, 2.494361986e+05
6011, 8.750000000e-02, 1.166666667e-02, 8.333333333e-03, 1.148511443e+00, 1.171481672e+02, 7.266423447e+01, -1.017299283e+02, 2.502637187e+05
6012, 8.750000000e-02, 1.166666667e-02, 1.000000000e-02, 1.148511443e+00, 1.171481672e+02, 8.719708136e+01, -1.017299283e+02, 2.512751323e+05
6013, 8.750000000e-02, 1.166666667e-02, 1.166666667e-02, 1.148511443e+00, 1.171481672e+02, 1.017299283e+02, -1.017299283e+02, 2.524704392e+05
6014, 8.750000000e-02, 1.166666667e-02, 1.333333333e-02, 1.148511443e+00, 1.171481672e+02, 1.162627751e+02, -1.017299283e+02, 2.538496394e+05
6015, 8.750000000e-02, 1.166666667e-02, 1.500000000e-02, 1.148511443e+00, 1.171481672e+02, 1.307956220e+02, -1.017299283e+02, 2.554127331e+05
6016, 8.750000000e-02, 1.166666667e-02, 1.666666667e-02, 1.148511443e+00, 1.171481672e+02, 1.453284689e+02, -1.017299283e+02, 2.571597201e+05
6017, 8.750000000e-02, 1.166666667e-02, 1.833333333e-02, 1.148511443e+00, 1.171481672e+02, 1.598613158e+02, -1.017299283e+02, 2.590906004e+05
6018, 8.750000000e-02, 1.166666667e-02, 2.000000000e-02, 1.148511443e+00, 1.171481672e+02, 1.743941627e+02, -1.017299283e+02, 2.612053742e+05
6019, 8.750000000e-02, 1.333333333e-02, 0.000000000e+00, 1.148511443e+00, 1.171481672e+02, 0.000000000e+00, -1.162627751e+02, 2.493442519e+05
6020, 8.750000000e-02, 1.333333333e-02, 1.666666667e-03, 1.148511443e+00, 1.171481672e+02, 1.453284689e+01, -1.162627751e+02, 2.494361986e+05
6021, 8.750000000e-02, 1.333333333e-02, 3.333333333e-03, 1.148511443e+00, 1.171481672e+02, 2.906569379e+01, -1.162627751e+02, 2.497120386e+05
6022, 8.750000000e-02, 1.333333333e-02, 5.000000000e-03, 1.148511443e+00, 1.171481672e+02, 4.359854068e+01, -1.162627751e+02, 2.501717720e+05
6023, 8.750000000e-02, 1.333333333e-02, 6.666666667e-03, 1.148511443e+00, 1.171481672e+02, 5.813138757e+01, -1.162627751e+02, 2.508153988e+05
6024, 8.750000000e-02, 1.333333333e-02, 8.333333333e-03, 1.148511443e+00, 1.171481672e+02, 7.266423447e+01, -1.162627751e+02, 2.516429190e+05
6025, 8.750000000e-02, 1.333333333e-02, 1.000000000e-02, 1.148511443e+00, 1.171481672e+02, 8.719708136e+01, -1.162627751e+02, 2.526543325e+05
6026, 8.750000000e-02, 1.333333333e-02, 1.166666667e-02, 1.148511443e+00, 1.171481672e+02, 1.017299283e+02, -1.162627751e+02, 2.538496394e+05
6027, 8.750000000e-02, 1.333333333e-02, 1.333333333e-02, 1.148511443e+00, 1.171481672e+02, 1.162627751e+02, -1.162627751e+02, 2.552288397e+05
6028, 8.750000000e-02, 1.333333333e-02, 1.500000000e-02, 1.148511443e+00, 1.171481672e+02, 1.307956220e+02, -1.162627751e+02, 2.567919333e+05
6029, 8.750000000e-02, 1.333333333e-02, 1.666666667e-02, 1.148511443e+00, 1.171481672e+02, 1.453284689e+02, -1.162627751e+02, 2.585389203e+05
6030, 8.750000000e-02, 1.333333333e-02, 1.833333333e-02, 1.148511443e+00, 1.171481672e+02, 1.598613158e+02, -1.162627751e+02, 2.604698007e+05
6031, 8.750000000e-02, 1.333333333e-02, 2.000000000e-02, 1.148511443e+00, 1.171481672e+02, 1.743941627e+02, -1.162627751e+02, 2.625845745e+05
6032, 8.750000000e-02, 1.500000000e-02, 0.000000000e+00, 1.148511443e+00, 1.171481672e+02, 0.000000000e+00, -1.307956220e+02, 2.509073455e+05
6033, 8.750000000e-02, 1.500000000e-02, 1.666666667e-03, 1.148511443e+00, 1.171481672e+02, 1.453284689e+01, -1.307956220e+02, 2.509992922e+05
6034, 8.750000000e-02, 1.500000000e-02, 3.333333333e-03, 1.148511443e+00, 1.171481672e+02, 2.906569379e+01, -1.307956220e+02, 2.512751323e+05
6035, 8.750000000e-02, 1.500000000e-02, 5.000000000e-03, 1.148511443e+00, 1.171481672e+02, 4.359854068e+01, -1.307956220e+02, 2.517348657e+05
6036, 8.750000000e-02, 1.500000000e-02, 6.666666667e-03, 1.148511443e+00, 1.171481672e+02, 5.813138757e+01, -1.307956220e+02, 2.523784925e+05
6037, 8.750000000e-02, 1.500000000e-02, 8.333333333e-03, 1.148511443e+00, 1.171481672e+02, 7.266423447e+01, -1.307956220e+02, 2.532060126e+05
6038, 8.750000000e-02, 1.500000000e-02, 1.000000000e-02, 1.148511443e+00, 1.171481672e+02, 8.719708136e+01, -1.307956220e+02, 2.542174262e+05
6039, 8.750000000e-02, 1.500000000e-02, 1.166666667e-02, 1.148511443e+00, 1.171481672e+02, 1.017299283e+02, -1.307956220e+02, 2.554127331e+05
6040, 8.750000000e-02, 1.500000000e-02, 1.333333333e-02, 1.148511443e+00, 1.171481672e+02, 1.162627751e+02, -1.307956220e+02, 2.567919333e+05
6041, 8.750000000e-02, 1.500000000e-02, 1.500000000e-02, 1.148511443e+00, 1.171481672e+02, 1.307956220e+02, -1.307956220e+02, 2.583550270e+05
6042, 8.750000000e-02, 1.500000000e-02, 1.666666667e-02, 1.148511443e+00, 1.171481672e+02, 1.453284689e+02, -1.307956220e+02, 2.601020140e+05
6043, 8.750000000e-02, 1.500000000e-02, 1.833333333e-02, 1.148511443e+00, 1.171481672e+02, 1.598613158e+02, -1.307956220e+02, 2.620328944e+05
6044, 8.750000000e-02, 1.500000000e-02, 2.000000000e-02, 1.148511443e+00, 1.171481672e+02, 1.743941627e+02, -1.307956220e+02, 2.641476681e+05
6045, 8.750000000e-02, 1.666666667e-02, 0.000000000e+00, 1.148511443e+00, 1.171481672e+02, 0.000000000e+00, -1.453284689e+02, 2.526543325e+05
6046, 8.750000000e-02, 1.666666667e-02, 1.666666667e-03, 1.148511443e+00, 1.171481672e+02, 1.453284689e+01, -1.453284689e+02, 2.527462792e+05
6047, 8.750000000e-02, 1.666666667e-02, 3.333333333e-03, 1.148511443e+00, 1.171481672e+02, 2.906569379e+01, -1.453284689e+02, 2.530221193e+05
6048, 8.750000000e-02, 1.666666667e-02, 5.000000000e-03, 1.148511443e+00, 1.171481672e+02, 4.359854068e+01, -1.453284689e+02, 2.534818527e+05
6049, 8.750000000e-02, 1.666666667e-02, 6.666666667e-03, 1.148511443e+00, 1.171481672e+02, 5.813138757e+01, -1.453284689e+02, 2.541254795e+05
6050, 8.750000000e-02, 1.666666667e-02, 8.333333333e-03, 1.148511443e+00, 1.171481672e+02, 7.266423447e+01, -1.453284689e+02, 2.549529996e+05
6051, 8.750000000e-02, 1.666666667e-02, 1.000000000e-02, 1.148511443e+00, 1.171481672e+02, 8.719708136e+01, -1.453284689e+02, 2.559644132e+05
6052, 8.750000000e-02, 1.666666667e-02, 1.166666667e-02, 1.148511443e+00, 1.171481672e+02, 1.017299283e+02, -1.453284689e+02, 2.571597201e+05
6053, 8.750000000e-02, 1.666666667e-02, 1.333333333e-02, 1.148511443e+00, 1.171481672e+02, 1.162627751e+02, -1.453284689e+02, 2.585389203e+05
6054, 8.750000000e-02, 1.666666667e-02, 1.500000000e-02, 1.148511443e+00, 1.171481672e+02, 1.307956220e+02, -1.453284689e+02, 2.601020140e+05
6055, 8.750000000e-02, 1.666666667e-02, 1.666666667e-02, 1.148511443e+00, 1.171481672e+02, 1.453284689e+02, -1.453284689e+02, 2.618490010e+05
6056, 8.750000000e-02, 1.666666667e-02, 1.833333333e-02, 1.148511443e+00, 1.171481672e+02, 1.598613158e+02, -1.453284689e+02, 2.637798814e+05
6057, 8.750000000e-02, 1.666666667e-02, 2.000000000e-02, 1.148511443e+00, 1.171481672e+02, 1.743941627e+02, -1.453284689e+02, 2.658946551e+05
6058, 8.750000000e-02, 1.833333333e-02, 0.000000000e+00, 1.148511443e+00, 1.171481672e+02, 0.000000000e+00, -1.598613158e+02, 2.545852129e+05
6059, 8.750000000e-02, 1.833333333e-02, 1.666666667e-03, 1.148511443e+00, 1.171481672e+02, 1.453284689e+01, -1.598613158e+02, 2.546771596e+05
6060, 8.750000000e-02, 1.833333333e-02, 3.333333333e-03, 1.148511443e+00, 1.171481672e+02, 2.906569379e+01, -1.598613158e+02, 2.549529996e+05
6061, 8.750000000e-02, 1.833333333e-02, 5.000000000e-03, 1.148511443e+00, 1.171481672e+02, 4.359854068e+01, -1.598613158e+02, 2.554127331e+05
6062, 8.750000000e-02, 1.833333333e-02, 6.666666667e-03, 1.148511443e+00, 1.171481672e+02, 5.813138757e+01, -1.598613158e+02, 2.560563599e+05
6063, 8.750000000e-02, 1.833333333e-02, 8.333333333e-03, 1.148511443e+00, 1.171481672e+02, 7.266423447e+01, -1.598613158e+02, 2.568838800e+05
6064, 8.750000000e-02, 1.833333333e-02, 1.000000000e-02, 1.148511443e+00, 1.171481672e+02, 8.719708136e+01, -1.598613158e+02, 2.578952935e+05
6065, 8.750000000e-02, 1.833333333e-02, 1.166666667e-02, 1.148511443e+00, 1.171481672e+02, 1.017299283e+02, -1.598613158e+02, 2.590906004e+05
6066, 8.750000000e-02, 1.833333333e-02, 1.333333333e-02, 1.148511443e+00, 1.171481672e+02, 1.162627751e+02, -1.598613158e+02, 2.604698007e+05
6067, 8.750000000e-02, 1.833333333e-02, 1.500000000e-02, 1.148511443e+00, 1.171481672e+02, 1.307956220e+02, -1.598613158e+02, 2.620328944e+05
6068, 8.750000000e-02, 1.833333333e-02, 1.666666667e-02, 1.148511443e+00, 1.171481672e+02, 1.453284689e+02, -1.598613158e+02, 2.637798814e+05
6069, 8.750000000e-02, 1.833333333e-02, 1.833333333e-02, 1.148511443e+00, 1.171481672e+02, 1.598613158e+02, -1.598613158e+02, 2.657107617e+05
6070, 8.750000000e-02, 1.833333333e-02, 2.000000000e-02, 1.148511443e+00, 1.171481672e+02, 1.743941627e+02, -1.598613158e+02, 2.678255355e+05
6071, 8.750000000e-02, 2.000000000e-02, 0.000000000e+00, 1.148511443e+00, 1.171481672e+02, 0.000000000e+00, -1.743941627e+02, 2.566999866e+05
6072, 8.750000000e-02, 2.000000000e-02, 1.666666667e-03, 1.148511443e+00, 1.171481672e+02, 1.453284689e+01, -1.743941627e+02, 2.567919333e+05
6073, 8.750000000e-02, 2.000000000e-02, 3.333333333e-03, 1.148511443e+00, 1.171481672e+02, 2.906569379e+01, -1.743941627e+02, 2.570677734e+05
6074, 8.750000000e-02, 2.000000000e-02, 5.000000000e-03, 1.148511443e+00, 1.171481672e+02, 4.359854068e+01, -1.743941627e+02, 2.575275068e+05
6075, 8.750000000e-02, 2.000000000e-02, 6.666666667e-03, 1.148511443e+00, 1.171481672e+02, 5.813138757e+01, -1.743941627e+02, 2.581711336e+05
6076, 8.750000000e-02, 2.000000000e-02, 8.333333333e-03, 1.148511443e+00, 1.171481672e+02, 7.266423447e+01, -1.743941627e+02, 2.589986538e+05
6077, 8.750000000e-02, 2.000000000e-02, 1.000000000e-02, 1.148511443e+00, 1.171481672e+02, 8.719708136e+01, -1.743941627e+02, 2.600100673e+05
6078, 8.750000000e-02, 2.000000000e-02, 1.166666667e-02, 1.148511443e+00, 1.171481672e+02, 1.017299283e+02, -1.743941627e+02, 2.612053742e+05
6079, 8.750000000e-02, 2.000000000e-02, 1.333333333e-02, 1.148511443e+00, 1.171481672e+02, 1.162627751e+02, -1.743941627e+02, 2.625845745e+05
6080, 8.750000000e-02, 2.000000000e-02, 1.500000000e-02, 1.148511443e+00, 1.171481672e+02, 1.307956220e+02, -1.743941627e+02, 2.641476681e+05
6081, 8.750000000e-02, 2.000000000e-02, 1.666666667e-02, 1.148511443e+00, 1.171481672e+02, 1.453284689e+02, -1.743941627e+02, 2.658946551e+05
6082, 8.750000000e-02, 2.000000000e-02, 1.833333333e-02, 1.148511443e+00, 1.171481672e+02, 1.598613158e+02, -1.743941627e+02, 2.678255355e+05
6083, 8.750000000e-02, 2.000000000e-02, 2.000000000e-02, 1.148511443e+00, 1.171481672e+02, 1.743941627e+02, -1.743941627e+02, 2.699403092e+05
6084, 9.000000000e-02, 0.000000000e+00, 0.000000000e+00, 1.148511443e+00, 1.171481672e+02, 0.000000000e+00, 0.000000000e+00, 2.434596641e+05
6085, 9.000000000e-02, 0.000000000e+00, 1.666666667e-03, 1.148511443e+00, 1.171481672e+02, 1.453284689e+01, 0.000000000e+00, 2.435516108e+05
6086, 9.000000000e-02, 0.000000000e+00, 3.333333333e-03, 1.148511443e+00, 1.171481672e+02, 2.906569379e+01, 0.000000000e+00, 2.438274508e+05
6087, 9.000000000e-02, 0.000000000e+00, 5.000000000e-03, 1.148511443e+00, 1.171481672e+02, 4.359854068e+01, 0.000000000e+00, 2.442871842e+05
6088, 9.000000000e-02, 0.000000000e+00, 6.666666667e-03, 1.148511443e+00, 1.171481672e+02, 5.813138757e+01, 0.000000000e+00, 2.449308110e+05
6089, 9.000000000e-02, 0.000000000e+00, 8.333333333e-03, 1.148511443e+00, 1.171481672e+02, 7.266423447e+01, 0.000000000e+00, 2.457583312e+05
6090, 9.000000000e-02, 0.000000000e+00, 1.000000000e-02, 1.148511443e+00, 1.171481672e+02, 8.719708136e+01, 0.000000000e+00, 2.467697447e+05
6091, 9.000000000e-02, 0.000000000e+00, 1.166666667e-02, 1.148511443e+00, 1.171481672e+02, 1.017299283e+02, 0.000000000e+00, 2.479650516e+05
6092, 9.000000000e-02, 0.000000000e+00, 1.333333333e-02, 1.148511443e+00, 1.171481672e+02, 1.162627751e+02, 0.000000000e+00, 2.493442519e+05
6093, 9.000000000e-02, 0.000000000e+00, 1.500000000e-02, 1.148511443e+00, 1.171481672e+02, 1.307956220e+02, 0.000000000e+00, 2.509073455e+05
6094, 9.000000000e-02, 0.000000000e+00, 1.666666667e-02, 1.148511443e+00, 1.171481672e+02, 1.453284689e+02, 0.000000000e+00, 2.526543325e+05
6095, 9.000000000e-02, 0.000000000e+00, 1.833333333e-02, 1.148511443e+00, 1.171481672e+02, 1.598613158e+02, 0.000000000e+00, 2.545852129e+05
6096, 9.000000000e-02, 0.000000000e+00, 2.000000000e-02, 1.148511443e+00, 1.171481672e+02, 1.743941627e+02, 0.000000000e+00, 2.566999866e+05
6097, 9.000000000e-02, 1.666666667e-03, 0.000000000e+00, 1.148511443e+00, 1.171481672e+02, 0.000000000e+00, -1.453284689e+01, 2.435516108e+05
6098, 9.000000000e-02, 1.666666667e-03, 1.666666667e-03, 1.148511443e+00, 1.171481672e+02, 1.453284689e+01, -1.453284689e+01, 2.436435574e+05
6099, 9.000000000e-02, 1.666666667e-03, 3.333333333e-03, 1.148511443e+00, 1.171481672e+02, 2.906569379e+01, -1.453284689e+01, 2.439193975e+05
6100, 9.000000000e-02, 1.666666667e-03, 5.000000000e-03, 1.148511443e+00, 1.171481672e+02, 4.359854068e+01, -1.453284689e+01, 2.443791309e+05
6101, 9.000000000e-02, 1.666666667e-03, 6.666666667e-03, 1.148511443e+00, 1.171481672e+02, 5.813138757e+01, -1.453284689e+01, 2.450227577e+05
6102, 9.000000000e-02, 1.666666667e-03, 8.333333333e-03, 1.148511443e+00, 1.171481672e+02, 7.266423447e+01, -1.453284689e+01, 2.458502779e+05
6103, 9.000000000e-02, 1.666666667e-03, 1.000000000e-02, 1.148511443e+00, 1.171481672e+02, 8.719708136e+01, -1.453284689e+01, 2.468616914e+05
6104, 9.000000000e-02, 1.666666667e-03, 1.166666667e-02, 1.148511443e+00, 1.171481672e+02, 1.017299283e+02, -1.453284689e+01, 2.480569983e+05
6105, 9.000000000e-02, 1.666666667e-03, 1.333333333e-02, 1.148511443e+00, 1.171481672e+02, 1.162627751e+02, -1.453284689e+01, 2.494361986e+05
6106, 9.000000000e-02, 1.666666667e-03, 1.500000000e-02, 1.148511443e+00, 1.171481672e+02, 1.307956220e+02, -1.453284689e+01, 2.509992922e+05
6107, 9.000000000e-02, 1.666666667e-03, 1.666666667e-02, 1.148511443e+00, 1.171481672e+02, 1.453284689e+02, -1.453284689e+01, 2.527462792e+05
6108, 9.000000000e-02, 1.666666667e-03, 1.833333333e-02, 1.148511443e+00, 1.171481672e+02, 1.598613158e+02, -1.453284689e+01, 2.546771596e+05
6109, 9.000000000e-02, 1.666666667e-03, 2.000000000e-02, 1.148511443e+00, 1.171481672e+02, 1.743941627e+02, -1.453284689e+01, 2.567919333e+05
6110, 9.000000000e-02, 3.333333333e-03, 0.000000000e+00, 1.148511443e+00, 1.171481672e+02, 0.000000000e+00, -2.906569379e+01, 2.438274508e+05
6111, 9.000000000e-02, 3.333333333e-03, 1.666666667e-03, 1.148511443e+00, 1.171481672e+02, 1.453284689e+01, -2.906569379e+01, 2.439193975e+05
6112, 9.000000000e-02, 3.333333333e-03, 3.333333333e-03, 1.148511443e+00, 1.171481672e+02, 2.906569379e+01, -2.906569379e+01, 2.441952375e+05
6113, 9.000000000e-02, 3.333333333e-03, 5.000000000e-03, 1.148511443e+00, 1.171481672e+02, 4.359854068e+01, -2.906569379e+01, 2.446549710e+05
6114, 9.000000000e-02, 3.333333333e-03, 6.666666667e-03, 1.148511443e+00, 1.171481672e+02, 5.813138757e+01, -2.906569379e+01, 2.452985978e+05
6115, 9.000000000e-02, 3.333333333e-03, 8.333333333e-03, 1.148511443e+00, 1.171481672e+02, 7.266423447e+01, -2.906569379e+01, 2.461261179e+05
6116, 9.000000000e-02, 3.333333333e-03, 1.000000000e-02, 1.148511443e+00, 1.171481672e+02, 8.719708136e+01, -2.906569379e+01, 2.471375315e+05
6117, 9.000000000e-02, 3.333333333e-03, 1.166666667e-02, 1.148511443e+00, 1.171481672e+02, 1.017299283e+02, -2.906569379e+01, 2.483328384e+05
6118, 9.000000000e-02, 3.333333333e-03, 1.333333333e-02, 1.148511443e+00, 1.171481672e+02, 1.162627751e+02, -2.906569379e+01, 2.497120386e+05
6119, 9.000000000e-02, 3.333333333e-03, 1.500000000e-02, 1.148511443e+00, 1.171481672e+02, 1.307956220e+02, -2.906569379e+01, 2.512751323e+05
6120, 9.000000000e-02, 3.333333333e-03, 1.666666667e-02, 1.148511443e+00, 1.171481672e+02, 1.453284689e+02, -2.906569379e+01, 2.530221193e+05
6121, 9.000000000e-02, 3.333333333e-03, 1.833333333e-02, 1.148511443e+00, 1.171481672e+02, 1.598613158e+02, -2.906569379e+01, 2.549529996e+05
6122, 9.000000000e-02, 3.333333333e-03, 2.000000000e-02, 1.148511443e+00, 1.171481672e+02, 1.743941627e+02, -2.906569379e+01, 2.570677734e+05
6123, 9.000000000e-02, 5.000000000e-03, 0.000000000e+00, 1.148511443e+00, 1.171481672e+02, 0.000000000e+00, -4.359854068e+01, 2.442871842e+05
6124, 9.000000000e-02, 5.000000000e-03, 1.666666667e-03, 1.148511443e+00, 1.171481672e+02, 1.453284689e+01, -4.359854068e+01, 2.443791309e+05
6125, 9.000000000e-02, 5.000000000e-03, 3.333333333e-03, 1.148511443e+00, 1.171481672e+02, 2.906569379e+01, -4.359854068e+01, 2.446549710e+05
6126, 9.000000000e-02, 5.000000000e-03, 5.000000000e-03, 1.148511443e+00, 1.171481672e+02, 4.359854068e+01, -4.359854068e+01, 2.451147044e+05
6127, 9.000000000e-02, 5.000000000e-03, 6.666666667e-03, 1.148511443e+00, 1.171481672e+02, 5.813138757e+01, -4.359854068e+01, 2.457583312e+05
6128, 9.000000000e-02, 5.000000000e-03, 8.333333333e-03, 1.148511443e+00, 1.171481672e+02, 7.266423447e+01, -4.359854068e+01, 2.465858513e+05
6129, 9.000000000e-02, 5.000000000e-03, 1.000000000e-02, 1.148511443e+00, 1.171481672e+02, 8.719708136e+01, -4.359854068e+01, 2.475972649e+05
6130, 9.000000000e-02, 5.000000000e-03, 1.166666667e-02, 1.148511443e+00, 1.171481672e+02, 1.017299283e+02, -4.359854068e+01, 2.487925718e+05
6131, 9.000000000e-02, 5.000000000e-03, 1.333333333e-02, 1.148511443e+00, 1.171481672e+02, 1.162627751e+02, -4.359854068e+01, 2.501717720e+05
6132, 9.000000000e-02, 5.000000000e-03, 1.500000000e-02, 1.148511443e+00, 1.171481672e+02, 1.307956220e+02, -4.359854068e+01, 2.517348657e+05
6133, 9.000000000e-02, 5.000000000e-03, 1.666666667e-02, 1.148511443e+00, 1.171481672e+02, 1.453284689e+02, -4.359854068e+01, 2.534818527e+05
6134, 9.000000000e-02, 5.000000000e-03, 1.833333333e-02, 1.148511443e+00, 1.171481672e+02, 1.598613158e+02, -4.359854068e+01, 2.554127331e+05
6135, 9.000000000e-02, 5.000000000e-03, 2.000000000e-02, 1.148511443e+00, 1.171481672e+02, 1.743941627e+02, -4.359854068e+01, 2.575275068e+05
6136, 9.000000000e-02, 6.666666667e-03, 0.000000000e+00, 1.148511443e+00, 1.171481672e+02, 0.000000000e+00, -5.813138757e+01, 2.449308110e+05
6137, 9.000000000e-02, 6.666666667e-03, 1.666666667e-03, 1.148511443e+00, 1.171481672e+02, 1.453284689e+01, -5.813138757e+01, 2.450227577e+05
6138, 9.000000000e-02, 6.666666667e-03, 3.333333333e-03, 1.148511443e+00, 1.171481672e+02, 2.906569379e+01, -5.813138757e+01, 2.452985978e+05
6139, 9.000000000e-02, 6.666666667e-03, 5.000000000e-03, 1.148511443e+00, 1.171481672e+02, 4.359854068e+01, -5.813138757e+01, 2.457583312e+05
6140, 9.000000000e-02, 6.666666667e-03, 6.666666667e-03, 1.148511443e+00, 1.171481672e+02, 5.813138757e+01, -5.813138757e+01, 2.464019580e+05
6141, 9.000000000e-02, 6.666666667e-03, 8.333333333e-03, 1.148511443e+00, 1.171481672e+02, 7.266423447e+01, -5.813138757e+01, 2.472294781e+05
6142, 9.000000000e-02, 6.666666667e-03, 1.000000000e-02, 1.148511443e+00, 1.171481672e+02, 8.719708136e+01, -5.813138757e+01, 2.482408917e+05
6143, 9.000000000e-02, 6.666666667e-03, 1.166666667e-02, 1.148511443e+00, 1.171481672e+02, 1.017299283e+02, -5.813138757e+01, 2.494361986e+05
6144, 9.000000000e-02, 6.666666667e-03, 1.333333333e-02, 1.148511443e+00, 1.171481672e+02, 1.162627751e+02, -5.813138757e+01, 2.508153988e+05
6145, 9.000000000e-02, 6.666666667e-03, 1.500000000e-02, 1.148511443e+00, 1.171481672e+02, 1.307956220e+02, -5.813138757e+01, 2.523784925e+05
6146, 9.000000000e-02, 6.666666667e-03, 1.666666667e-02, 1.148511443e+00, 1.171481672e+02, 1.453284689e+02, -5.813138757e+01, 2.541254795e+05
6147, 9.000000000e-02, 6.666666667e-03, 1.833333333e-02, 1.148511443e+00, 1.171481672e+02, 1.598613158e+02, -5.813138757e+01, 2.560563599e+05
6148, 9.000000000e-02, 6.666666667e-03, 2.000000000e-02, 1.148511443e+00, 1.171481672e+02, 1.743941627e+02, -5.813138757e+01, 2.581711336e+05
6149, 9.000000000e-02, 8.333333333e-03, 0.000000000e+00, 1.148511443e+00, 1.171481672e+02, 0.000000000e+00, -7.266423447e+01, 2.457583312e+05
6150, 9.000000000e-02, 8.333333333e-03, 1.666666667e-03, 1.148511443e+00, 1.171481672e+02, 1.453284689e+01, -7.266423447e+01, 2.458502779e+05
6151, 9.000000000e-02, 8.333333333e-03, 3.333333333e-03, 1.148511443e+00, 1.171481672e+02, 2.906569379e+01, -7.266423447e+01, 2.461261179e+05
6152, 9.000000000e-02, 8.333333333e-03, 5.000000000e-03, 1.148511443e+00, 1.171481672e+02, 4.359854068e+01, -7.266423447e+01, 2.465858513e+05
6153, 9.000000000e-02, 8.333333333e-03, 6.666666667e-03, 1.148511443e+00, 1.171481672e+02, 5.813138757e+01, -7.266423447e+01, 2.472294781e+05
6154, 9.000000000e-02, 8.333333333e-03, 8.333333333e-03, 1.148511443e+00, 1.171481672e+02, 7.266423447e+01, -7.266423447e+01, 2.480569983e+05
6155, 9.000000000e-02, 8.333333333e-03, 1.000000000e-02, 1.148511443e+00, 1.171481672e+02, 8.719708136e+01, -7.266423447e+01, 2.490684118e+05
6156, 9.000000000e-02, 8.333333333e-03, 1.166666667e-02, 1.148511443e+00, 1.171481672e+02, 1.017299283e+02, -7.266423447e+01, 2.502637187e+05
6157, 9.000000000e-02, 8.333333333e-03, 1.333333333e-02, 1.148511443e+00, 1.171481672e+02, 1.162627751e+02, -7.266423447e+01, 2.516429190e+05
6158, 9.000000000e-02, 8.333333333e-03, 1.500000000e-02, 1.148511443e+00, 1.171481672e+02, 1.307956220e+02, -7.266423447e+01, 2.532060126e+05
6159, 9.000000000e-02, 8.333333333e-03, 1.666666667e-02, 1.148511443e+00, 1.171481672e+02, 1.453284689e+02, -7.266423447e+01, 2.549529996e+05
6160, 9.000000000e-02, 8.333333333e-03, 1.833333333e-02, 1.148511443e+00, 1.171481672e+02, 1.598613158e+02, -7.266423447e+01, 2.568838800e+05
6161, 9.000000000e-02, 8.333333333e-03, 2.000000000e-02, 1.148511443e+00, 1.171481672e+02, 1.743941627e+02, -7.266423447e+01, 2.589986538e+05
6162, 9.000000000e-02, 1.000000000e-02, 0.000000000e+00, 1.148511443e+00, 1.171481672e+02, 0.000000000e+00, -8.719708136e+01, 2.467697447e+05
6163, 9.000000000e-02, 1.000000000e-02, 1.666666667e-03, 1.148511443e+00, 1.171481672e+02, 1.453284689e+01, -8.719708136e+01, 2.468616914e+05
6164, 9.000000000e-02, 1.000000000e-02, 3.333333333e-03, 1.148511443e+00, 1.171481672e+02, 2.906569379e+01, -8.719708136e+01, 2.471375315e+05
6165, 9.000000000e-02, 1.000000000e-02, 5.000000000e-03, 1.148511443e+00, 1.171481672e+02, 4.359854068e+01, -8.719708136e+01, 2.475972649e+05
6166, 9.000000000e-02, 1.000000000e-02, 6.666666667e-03, 1.148511443e+00, 1.171481672e+02, 5.813138757e+01, -8.719708136e+01, 2.482408917e+05
6167, 9.000000000e-02, 1.000000000e-02, 8.333333333e-03, 1.148511443e+00, 1.171481672e+02, 7.266423447e+01, -8.719708136e+01, 2.490684118e+05
6168, 9.000000000e-02, 1.000000000e-02, 1.000000000e-02, 1.148511443e+00, 1.171481672e+02, 8.719708136e+01, -8.719708136e+01, 2.500798254e+05
6169, 9.000000000e-02, 1.000000000e-02, 1.166666667e-02, 1.148511443e+00, 1.171481672e+02, 1.017299283e+02, -8.719708136e+01, 2.512751323e+05
6170, 9.000000000e-02, 1.000000000e-02, 1.333333333e-02, 1.148511443e+00, 1.171481672e+02, 1.162627751e+02, -8.719708136e+01, 2.526543325e+05
6171, 9.000000000e-02, 1.000000000e-02, 1.500000000e-02, 1.148511443e+00, 1.171481672e+02, 1.307956220e+02, -8.719708136e+01, 2.542174262e+05
6172, 9.000000000e-02, 1.000000000e-02, 1.666666667e-02, 1.148511443e+00, 1.171481672e+02, 1.453284689e+02, -8.719708136e+01, 2.559644132e+05
6173, 9.000000000e-02, 1.000000000e-02, 1.833333333e-02, 1.148511443e+00, 1.171481672e+02, 1.598613158e+02, -8.719708136e+01, 2.578952935e+05
6174, 9.000000000e-02, 1.000000000e-02, 2.000000000e-02, 1.148511443e+00, 1.171481672e+02, 1.743941627e+02, -8.719708136e+01, 2.600100673e+05
6175, 9.000000000e-02, 1.166666667e-02, 0.000000000e+00, 1.148511443e+00, 1.171481672e+02, 0.000000000e+00, -1.017299283e+02, 2.479650516e+05
6176, 9.000000000e-02, 1.166666667e-02, 1.666666667e-03, 1.148511443e+00, 1.171481672e+02, 1.453284689e+01, -1.017299283e+02, 2.480569983e+05
6177, 9.000000000e-02, 1.166666667e-02, 3.333333333e-03, 1.148511443e+00, 1.171481672e+02, 2.906569379e+01, -1.017299283e+02, 2.483328384e+05
6178, 9.000000000e-02, 1.166666667e-02, 5.000000000e-03, 1.148511443e+00, 1.171481672e+02, 4.359854068e+01, -1.017299283e+02, 2.487925718e+05
6179, 9.000000000e-02, 1.166666667e-02, 6.666666667e-03, 1.148511443e+00, 1.171481672e+02, 5.813138757e+01, -1.017299283e+02, 2.494361986e+05
6180, 9.000000000e-02, 1.166666667e-02, 8.333333333e-03, 1.148511443e+00, 1.171481672e+02, 7.266423447e+01, -1.017299283e+02, 2.502637187e+05
6181, 9.000000000e-02, 1.166666667e-02, 1.000000000e-02, 1.148511443e+00, 1.171481672e+02, 8.719708136e+01, -1.017299283e+02, 2.512751323e+05
6182, 9.000000000e-02, 1.166666667e-02, 1.166666667e-02, 1.148511443e+00, 1.171481672e+02, 1.017299283e+02, -1.017299283e+02, 2.524704392e+05
6183, 9.000000000e-02, 1.166666667e-02, 1.333333333e-02, 1.148511443e+00, 1.171481672e+02, 1.162627751e+02, -1.017299283e+02, 2.538496394e+05
6184, 9.000000000e-02, 1.166666667e-02, 1.500000000e-02, 1.148511443e+00, 1.171481672e+02, 1.307956220e+02, -1.017299283e+02, 2.554127331e+05
6185, 9.000000000e-02, 1.166666667e-02, 1.666666667e-02, 1.148511443e+00, 1.171481672e+02, 1.453284689e+02, -1.017299283e+02, 2.571597201e+05
6186, 9.000000000e-02, 1.166666667e-02, 1.833333333e-02, 1.148511443e+00, 1.171481672e+02, 1.598613158e+02, -1.017299283e+02, 2.590906004e+05
6187, 9.000000000e-02, 1.166666667e-02, 2.000000000e-02, 1.148511443e+00, 1.171481672e+02, 1.743941627e+02, -1.017299283e+02, 2.612053742e+05
6188, 9.000000000e-02, 1.333333333e-02, 0.000000000e+00, 1.148511443e+00, 1.171481672e+02, 0.000000000e+00, -1.162627751e+02, 2.493442519e+05
6189, 9.000000000e-02, 1.333333333e-02, 1.666666667e-03, 1.148511443e+00, 1.171481672e+02, 1.453284689e+01, -1.162627751e+02, 2.494361986e+05
6190, 9.000000000e-02, 1.333333333e-02, 3.333333333e-03, 1.148511443e+00, 1.171481672e+02, 2.906569379e+01, -1.162627751e+02, 2.497120386e+05
6191, 9.000000000e-02, 1.333333333e-02, 5.000000000e-03, 1.148511443e+00, 1.171481672e+02, 4.359854068e+01, -1.162627751e+02, 2.501717720e+05
6192, 9.000000000e-02, 1.333333333e-02, 6.666666667e-03, 1.148511443e+00, 1.171481672e+02, 5.813138757e+01, -1.162627751e+02, 2.508153988e+05
6193, 9.000000000e-02, 1.333333333e-02, 8.333333333e-03, 1.148511443e+00, 1.171481672e+02, 7.266423447e+01, -1.162627751e+02, 2.516429190e+05
6194, 9.000000000e-02, 1.333333333e-02, 1.000000000e-02, 1.148511443e+00, 1.171481672e+02, 8.719708136e+01, -1.162627751e+02, 2.526543325e+05
6195, 9.000000000e-02, 1.333333333e-02, 1.166666667e-02, 1.148511443e+00, 1.171481672e+02, 1.017299283e+02, -1.162627751e+02, 2.538496394e+05
6196, 9.000000000e-02, 1.333333333e-02, 1.333333333e-02, 1.148511443e+00, 1.171481672e+02, 1.162627751e+02, -1.162627751e+02, 2.552288397e+05
6197, 9.000000000e-02, 1.333333333e-02, 1.500000000e-02, 1.148511443e+00, 1.171481672e+02, 1.307956220e+02, -1.162627751e+02, 2.567919333e+05
6198, 9.000000000e-02, 1.333333333e-02, 1.666666667e-02, 1.148511443e+00, 1.171481672e+02, 1.453284689e+02, -1.162627751e+02, 2.585389203e+05
6199, 9.000000000e-02, 1.333333333e-02, 1.833333333e-02, 1.148511443e+00, 1.171481672e+02, 1.598613158e+02, -1.162627751e+02, 2.604698007e+05
6200, 9.000000000e-02, 1.333333333e-02, 2.000000000e-02, 1.148511443e+00, 1.171481672e+02, 1.743941627e+02, -1.162627751e+02, 2.625845745e+05
6201, 9.000000000e-02, 1.500000000e-02, 0.000000000e+00, 1.148511443e+00, 1.171481672e+02, 0.000000000e+00, -1.307956220e+02, 2.509073455e+05
6202, 9.000000000e-02, 1.500000000e-02, 1.666666667e-03, 1.148511443e+00, 1.171481672e+02, 1.453284689e+01, -1.307956220e+02, 2.509992922e+05
6203, 9.000000000e-02, 1.500000000e-02, 3.333333333e-03, 1.148511443e+00, 1.171481672e+02, 2.906569379e+01, -1.307956220e+02, 2.512751323e+05
6204, 9.000000000e-02, 1.500000000e-02, 5.000000000e-03, 1.148511443e+00, 1.171481672e+02, 4.359854068e+01, -1.307956220e+02, 2.517348657e+05
6205, 9.000000000e-02, 1.500000000e-02, 6.666666667e-03, 1.148511443e+00, 1.171481672e+02, 5.813138757e+01, -1.307956220e+02, 2.523784925e+05
6206, 9.000000000e-02, 1.500000000e-02, 8.333333333e-03, 1.148511443e+00, 1.171481672e+02, 7.266423447e+01, -1.307956220e+02, 2.532060126e+05
6207, 9.000000000e-02, 1.500000000e-02, 1.000000000e-02, 1.148511443e+00, 1.171481672e+02, 8.719708136e+01, -1.307956220e+02, 2.542174262e+05
6208, 9.000000000e-02, 1.500000000e-02, 1.166666667e-02, 1.148511443e+00, 1.171481672e+02, 1.017299283e+02, -1.307956220e+02, 2.554127331e+05
6209, 9.000000000e-02, 1.500000000e-02, 1.333333333e-02, 1.148511443e+00, 1.171481672e+02, 1.162627751e+02, -1.307956220e+02, 2.567919333e+05
6210, 9.000000000e-02, 1.500000000e-02, 1.500000000e-02, 1.148511443e+00, 1.171481672e+02, 1.307956220e+02, -1.307956220e+02, 2.583550270e+05
6211, 9.000000000e-02, 1.500000000e-02, 1.666666667e-02, 1.148511443e+00, 1.171481672e+02, 1.453284689e+02, -1.307956220e+02, 2.601020140e+05
6212, 9.000000000e-02, 1.500000000e-02, 1.833333333e-02, 1.148511443e+00, 1.171481672e+02, 1.598613158e+02, -1.307956220e+02, 2.620328944e+05
6213, 9.000000000e-02, 1.500000000e-02, 2.000000000e-02, 1.148511443e+00, 1.171481672e+02, 1.743941627e+02, -1.307956220e+02, 2.641476681e+05
6214, 9.000000000e-02, 1.666666667e-02, 0.000000000e+00, 1.148511443e+00, 1.171481672e+02, 0.000000000e+00, -1.453284689e+02, 2.526543325e+05
6215, 9.000000000e-02, 1.666666667e-02, 1.666666667e-03, 1.148511443e+00, 1.171481672e+02, 1.453284689e+01, -1.453284689e+02, 2.527462792e+05
6216, 9.000000000e-02, 1.666666667e-02, 3.333333333e-03, 1.148511443e+00, 1.171481672e+02, 2.906569379e+01, -1.453284689e+02, 2.530221193e+05
6217, 9.000000000e-02, 1.666666667e-02, 5.000000000e-03, 1.148511443e+00, 1.171481672e+02, 4.359854068e+01, -1.453284689e+02, 2.534818527e+05
6218, 9.000000000e-02, 1.666666667e-02, 6.666666667e-03, 1.148511443e+00, 1.171481672e+02, 5.813138757e+01, -1.453284689e+02, 2.541254795e+05
6219, 9.000000000e-02, 1.666666667e-02, 8.333333333e-03, 1.148511443e+00, 1.171481672e+02, 7.266423447e+01, -1.453284689e+02, 2.549529996e+05
6220, 9.000000000e-02, 1.666666667e-02, 1.000000000e-02, 1.148511443e+00, 1.171481672e+02, 8.719708136e+01, -1.453284689e+02, 2.559644132e+05
6221, 9.000000000e-02, 1.666666667e-02, 1.166666667e-02, 1.148511443e+00, 1.171481672e+02, 1.017299283e+02, -1.453284689e+02, 2.571597201e+05
6222, 9.000000000e-02, 1.666666667e-02, 1.333333333e-02, 1.148511443e+00, 1.171481672e+02, 1.162627751e+02, -1.453284689e+02, 2.585389203e+05
6223, 9.000000000e-02, 1.666666667e-02, 1.500000000e-02, 1.148511443e+00, 1.171481672e+02, 1.307956220e+02, -1.453284689e+02, 2.601020140e+05
6224, 9.000000000e-02, 1.666666667e-02, 1.666666667e-02, 1.148511443e+00, 1.171481672e+02, 1.453284689e+02, -1.453284689e+02, 2.618490010e+05
6225, 9.000000000e-02, 1.666666667e-02, 1.833333333e-02, 1.148511443e+00, 1.171481672e+02, 1.598613158e+02, -1.453284689e+02, 2.637798814e+05
6226, 9.000000000e-02, 1.666666667e-02, 2.000000000e-02, 1.148511443e+00, 1.171481672e+02, 1.743941627e+02, -1.453284689e+02, 2.658946551e+05
6227, 9.000000000e-02, 1.833333333e-02, 0.000000000e+00, 1.148511443e+00, 1.171481672e+02, 0.000000000e+00, -1.598613158e+02, 2.545852129e+05
6228, 9.000000000e-02, 1.833333333e-02, 1.666666667e-03, 1.148511443e+00, 1.171481672e+02, 1.453284689e+01, -1.598613158e+02, 2.546771596e+05
6229, 9.000000000e-02, 1.833333333e-02, 3.333333333e-03, 1.148511443e+00, 1.171481672e+02, 2.906569379e+01, -1.598613158e+02, 2.549529996e+05
6230, 9.000000000e-02, 1.833333333e-02, 5.000000000e-03, 1.148511443e+00, 1.171481672e+02, 4.359854068e+01, -1.598613158e+02, 2.554127331e+05
6231, 9.000000000e-02, 1.833333333e-02, 6.666666667e-03, 1.148511443e+00, 1.171481672e+02, 5.813138757e+01, -1.598613158e+02, 2.560563599e+05
6232, 9.000000000e-02, 1.833333333e-02, 8.333333333e-03, 1.148511443e+00, 1.171481672e+02, 7.266423447e+01, -1.598613158e+02, 2.568838800e+05
6233, 9.000000000e-02, 1.833333333e-02, 1.000000000e-02, 1.148511443e+00, 1.171481672e+02, 8.719708136e+01, -1.598613158e+02, 2.578952935e+05
6234, 9.000000000e-02, 1.833333333e-02, 1.166666667e-02, 1.148511443e+00, 1.171481672e+02, 1.017299283e+02, -1.598613158e+02, 2.590906004e+05
6235, 9.000000000e-02, 1.833333333e-02, 1.333333333e-02, 1.148511443e+00, 1.171481672e+02, 1.162627751e+02, -1.598613158e+02, 2.604698007e+05
6236, 9.000000000e-02, 1.833333333e-02, 1.500000000e-02, 1.148511443e+00, 1.171481672e+02, 1.307956220e+02, -1.598613158e+02, 2.620328944e+05
6237, 9.000000000e-02, 1.833333333e-02, 1.666666667e-02, 1.148511443e+00, 1.171481672e+02, 1.453284689e+02, -1.598613158e+02, 2.637798814e+05
6238, 9.000000000e-02, 1.833333333e-02, 1.833333333e-02, 1.148511443e+00, 1.171481672e+02, 1.598613158e+02, -1.598613158e+02, 2.657107617e+05
6239, 9.000000000e-02, 1.833333333e-02, 2.000000000e-02, 1.148511443e+00, 1.171481672e+02, 1.743941627e+02, -1.598613158e+02, 2.678255355e+05
6240, 9.000000000e-02, 2.000000000e-02, 0.000000000e+00, 1.148511443e+00, 1.171481672e+02, 0.000000000e+00, -1.743941627e+02, 2.566999866e+05
6241, 9.000000000e-02, 2.000000000e-02, 1.666666667e-03, 1.148511443e+00, 1.171481672e+02, 1.453284689e+01, -1.743941627e+02, 2.567919333e+05
6242, 9.000000000e-02, 2.000000000e-02, 3.333333333e-03, 1.148511443e+00, 1.171481672e+02, 2.906569379e+01, -1.743941627e+02, 2.570677734e+05
6243, 9.000000000e-02, 2.000000000e-02, 5.000000000e-03, 1.148511443e+00, 1.171481672e+02, 4.359854068e+01, -1.743941627e+02, 2.575275068e+05
6244, 9.000000000e-02, 2.000000000e-02, 6.666666667e-03, 1.148511443e+00, 1.171481672e+02, 5.813138757e+01, -1.743941627e+02, 2.581711336e+05
6245, 9.000000000e-02, 2.000000000e-02, 8.333333333e-03, 1.148511443e+00, 1.171481672e+02, 7.266423447e+01, -1.743941627e+02, 2.589986538e+05
6246, 9.000000000e-02, 2.000000000e-02, 1.000000000e-02, 1.148511443e+00, 1.171481672e+02, 8.719708136e+01, -1.743941627e+02, 2.600100673e+05
6247, 9.000000000e-02, 2.000000000e-02, 1.166666667e-02, 1.148511443e+00, 1.171481672e+02, 1.017299283e+02, -1.743941627e+02, 2.612053742e+05
6248, 9.000000000e-02, 2.000000000e-02, 1.333333333e-02, 1.148511443e+00, 1.171481672e+02, 1.162627751e+02, -1.743941627e+02, 2.625845745e+05
6249, 9.000000000e-02, 2.000000000e-02, 1.500000000e-02, 1.148511443e+00, 1.171481672e+02, 1.307956220e+02, -1.743941627e+02, 2.641476681e+05
6250, 9.000000000e-02, 2.000000000e-02, 1.666666667e-02, 1.148511443e+00, 1.171481672e+02, 1.453284689e+02, -1.743941627e+02, 2.658946551e+05
6251, 9.000000000e-02, 2.000000000e-02, 1.833333333e-02, 1.148511443e+00, 1.171481672e+02, 1.598613158e+02, -1.743941627e+02, 2.678255355e+05
6252, 9.000000000e-02, 2.000000000e-02, 2.000000000e-02, 1.148511443e+00, 1.171481672e+02, 1.743941627e+02, -1.743941627e+02, 2.699403092e+05
6253, 9.250000000e-02, 0.000000000e+00, 0.000000000e+00, 1.148511443e+00, 1.171481672e+02, 0.000000000e+00, 0.000000000e+00, 2.434596641e+05
6254, 9.250000000e-02, 0.000000000e+00, 1.666666667e-03, 1.148511443e+00, 1.171481672e+02, 1.453284689e+01, 0.000000000e+00, 2.435516108e+05
6255, 9.250000000e-02, 0.000000000e+00, 3.333333333e-03, 1.148511443e+00, 1.171481672e+02, 2.906569379e+01, 0.000000000e+00, 2.438274508e+05
6256, 9.250000000e-02, 0.000000000e+00, 5.000000000e-03, 1.148511443e+00, 1.171481672e+02, 4.359854068e+01, 0.000000000e+00, 2.442871842e+05
6257, 9.250000000e-02, 0.000000000e+00, 6.666666667e-03, 1.148511443e+00, 1.171481672e+02, 5.813138757e+01, 0.000000000e+00, 2.449308110e+05
6258, 9.250000000e-02, 0.000000000e+00, 8.333333333e-03, 1.148511443e+00, 1.171481672e+02, 7.266423447e+01, 0.000000000e+00, 2.457583312e+05
6259, 9.250000000e-02, 0.000000000e+00, 1.000000000e-02, 1.148511443e+00, 1.171481672e+02, 8.719708136e+01, 0.000000000e+00, 2.467697447e+05
6260, 9.250000000e-02, 0.000000000e+00, 1.166666667e-02, 1.148511443e+00, 1.171481672e+02, 1.017299283e+02, 0.000000000e+00, 2.479650516e+05
6261, 9.250000000e-02, 0.000000000e+00, 1.333333333e-02, 1.148511443e+00, 1.171481672e+02, 1.162627751e+02, 0.000000000e+00, 2.493442519e+05
6262, 9.250000000e-02, 0.000000000e+00, 1.500000000e-02, 1.148511443e+00, 1.171481672e+02, 1.307956220e+02, 0.000000000e+00, 2.509073455e+05
6263, 9.250000000e-02, 0.000000000e+00, 1.666666667e-02, 1.148511443e+00, 1.171481672e+02, 1.453284689e+02, 0.000000000e+00, 2.526543325e+05
6264, 9.250000000e-02, 0.000000000e+00, 1.833333333e-02, 1.148511443e+00, 1.171481672e+02, 1.598613158e+02, 0.000000000e+00, 2.545852129e+05
6265, 9.250000000e-02, 0.000000000e+00, 2.000000000e-02, 1.148511443e+00, 1.171481672e+02, 1.743941627e+02, 0.000000000e+00, 2.566999866e+05
6266, 9.250000000e-02, 1.666666667e-03, 0.000000000e+00, 1.148511443e+00, 1.171481672e+02, 0.000000000e+00, -1.453284689e+01, 2.435516108e+05
6267, 9.250000000e-02, 1.666666667e-03, 1.666666667e-03, 1.148511443e+00, 1.171481672e+02, 1.453284689e+01, -1.453284689e+01, 2.436435574e+05
6268, 9.250000000e-02, 1.666666667e-03, 3.333333333e-03, 1.148511443e+00, 1.171481672e+02, 2.906569379e+01, -1.453284689e+01, 2.439193975e+05
6269, 9.250000000e-02, 1.666666667e-03, 5.000000000e-03, 1.148511443e+00, 1.171481672e+02, 4.359854068e+01, -1.453284689e+01, 2.443791309e+05
6270, 9.250000000e-02, 1.666666667e-03, 6.666666667e-03, 1.148511443e+00, 1.171481672e+02, 5.813138757e+01, -1.453284689e+01, 2.450227577e+05
6271, 9.250000000e-02, 1.666666667e-03, 8.333333333e-03, 1.148511443e+00, 1.171481672e+02, 7.266423447e+01, -1.453284689e+01, 2.458502779e+05
6272, 9.250000000e-02, 1.666666667e-03, 1.000000000e-02, 1.148511443e+00, 1.171481672e+02, 8.719708136e+01, -1.453284689e+01, 2.468616914e+05
6273, 9.250000000e-02, 1.666666667e-03, 1.166666667e-02, 1.148511443e+00, 1.171481672e+02, 1.017299283e+02, -1.453284689e+01, 2.480569983e+05
6274, 9.250000000e-02, 1.666666667e-03, 1.333333333e-02, 1.148511443e+00, 1.171481672e+02, 1.162627751e+02, -1.453284689e+01, 2.494361986e+05
6275, 9.250000000e-02, 1.666666667e-03, 1.500000000e-02, 1.148511443e+00, 1.171481672e+02, 1.307956220e+02, -1.453284689e+01, 2.509992922e+05
6276, 9.250000000e-02, 1.666666667e-03, 1.666666667e-02, 1.148511443e+00, 1.171481672e+02, 1.453284689e+02, -1.453284689e+01, 2.527462792e+05
6277, 9.250000000e-02, 1.666666667e-03, 1.833333333e-02, 1.148511443e+00, 1.171481672e+02, 1.598613158e+02, -1.453284689e+01, 2.546771596e+05
6278, 9.250000000e-02, 1.666666667e-03, 2.000000000e-02, 1.148511443e+00, 1.171481672e+02, 1.743941627e+02, -1.453284689e+01, 2.567919333e+05
6279, 9.250000000e-02, 3.333333333e-03, 0.000000000e+00, 1.148511443e+00, 1.171481672e+02, 0.000000000e+00, -2.906569379e+01, 2.438274508e+05
6280, 9.250000000e-02, 3.333333333e-03, 1.666666667e-03, 1.148511443e+00, 1.171481672e+02, 1.453284689e+01, -2.906569379e+01, 2.439193975e+05
6281, 9.250000000e-02, 3.333333333e-03, 3.333333333e-03, 1.148511443e+00, 1.171481672e+02, 2.906569379e+01, -2.906569379e+01, 2.441952375e+05
6282, 9.250000000e-02, 3.333333333e-03, 5.000000000e-03, 1.148511443e+00, 1.171481672e+02, 4.359854068e+01, -2.906569379e+01, 2.446549710e+05
6283, 9.250000000e-02, 3.333333333e-03, 6.666666667e-03, 1.148511443e+00, 1.171481672e+02, 5.813138757e+01, -2.906569379e+01, 2.452985978e+05
6284, 9.250000000e-02, 3.333333333e-03, 8.333333333e-03, 1.148511443e+00, 1.171481672e+02, 7.266423447e+01, -2.906569379e+01, 2.461261179e+05
6285, 9.250000000e-02, 3.333333333e-03, 1.000000000e-02, 1.148511443e+00, 1.171481672e+02, 8.719708136e+01, -2.906569379e+01, 2.471375315e+05
6286, 9.250000000e-02, 3.333333333e-03, 1.166666667e-02, 1.148511443e+00, 1.171481672e+02, 1.017299283e+02, -2.906569379e+01, 2.483328384e+05
6287, 9.250000000e-02, 3.333333333e-03, 1.333333333e-02, 1.148511443e+00, 1.171481672e+02, 1.162627751e+02, -2.906569379e+01, 2.497120386e+05
6288, 9.250000000e-02, 3.333333333e-03, 1.500000000e-02, 1.148511443e+00, 1.171481672e+02, 1.307956220e+02, -2.906569379e+01, 2.512751323e+05
6289, 9.250000000e-02, 3.333333333e-03, 1.666666667e-02, 1.148511443e+00, 1.171481672e+02, 1.453284689e+02, -2.906569379e+01, 2.530221193e+05
6290, 9.250000000e-02, 3.333333333e-03, 1.833333333e-02, 1.148511443e+00, 1.171481672e+02, 1.598613158e+02, -2.906569379e+01, 2.549529996e+05
6291, 9.250000000e-02, 3.333333333e-03, 2.000000000e-02, 1.148511443e+00, 1.171481672e+02, 1.743941627e+02, -2.906569379e+01, 2.570677734e+05
6292, 9.250000000e-02, 5.000000000e-03, 0.000000000e+00, 1.148511443e+00, 1.171481672e+02, 0.000000000e+00, -4.359854068e+01, 2.442871842e+05
6293, 9.250000000e-02, 5.000000000e-03, 1.666666667e-03, 1.148511443e+00, 1.171481672e+02, 1.453284689e+01, -4.359854068e+01, 2.443791309e+05
6294, 9.250000000e-02, 5.000000000e-03, 3.333333333e-03, 1.148511443e+00, 1.171481672e+02, 2.906569379e+01, -4.359854068e+01, 2.446549710e+05
6295, 9.250000000e-02, 5.000000000e-03, 5.000000000e-03, 1.148511443e+00, 1.171481672e+02, 4.359854068e+01, -4.359854068e+01, 2.451147044e+05
6296, 9.250000000e-02, 5.000000000e-03, 6.666666667e-03, 1.148511443e+00, 1.171481672e+02, 5.813138757e+01, -4.359854068e+01, 2.457583312e+05
6297, 9.250000000e-02, 5.000000000e-03, 8.333333333e-03, 1.148511443e+00, 1.171481672e+02, 7.266423447e+01, -4.359854068e+01, 2.465858513e+05
6298, 9.250000000e-02, 5.000000000e-03, 1.000000000e-02, 1.148511443e+00, 1.171481672e+02, 8.719708136e+01, -4.359854068e+01, 2.475972649e+05
6299, 9.250000000e-02, 5.000000000e-03, 1.166666667e-02, 1.148511443e+00, 1.171481672e+02, 1.017299283e+02, -4.359854068e+01, 2.487925718e+05
6300, 9.250000000e-02, 5.000000000e-03, 1.333333333e-02, 1.148511443e+00, 1.171481672e+02, 1.162627751e+02, -4.359854068e+01, 2.501717720e+05
6301, 9.250000000e-02, 5.000000000e-03, 1.500000000e-02, 1.148511443e+00, 1.171481672e+02, 1.307956220e+02, -4.359854068e+01, 2.517348657e+05
6302, 9.250000000e-02, 5.000000000e-03, 1.666666667e-02, 1.148511443e+00, 1.171481672e+02, 1.453284689e+02, -4.359854068e+01, 2.534818527e+05
6303, 9.250000000e-02, 5.000000000e-03, 1.833333333e-02, 1.148511443e+00, 1.171481672e+02, 1.598613158e+02, -4.359854068e+01, 2.554127331e+05
6304, 9.250000000e-02, 5.000000000e-03, 2.000000000e-02, 1.148511443e+00, 1.171481672e+02, 1.743941627e+02, -4.359854068e+01, 2.575275068e+05
6305, 9.250000000e-02, 6.666666667e-03, 0.000000000e+00, 1.148511443e+00, 1.171481672e+02, 0.000000000e+00, -5.813138757e+01, 2.449308110e+05
6306, 9.250000000e-02, 6.666666667e-03, 1.666666667e-03, 1.148511443e+00, 1.171481672e+02, 1.453284689e+01, -5.813138757e+01, 2.450227577e+05
6307, 9.250000000e-02, 6.666666667e-03, 3.333333333e-03, 1.148511443e+00, 1.171481672e+02, 2.906569379e+01, -5.813138757e+01, 2.452985978e+05
6308, 9.250000000e-02, 6.666666667e-03, 5.000000000e-03, 1.148511443e+00, 1.171481672e+02, 4.359854068e+01, -5.813138757e+01, 2.457583312e+05
6309, 9.250000000e-02, 6.666666667e-03, 6.666666667e-03, 1.148511443e+00, 1.171481672e+02, 5.813138757e+01, -5.813138757e+01, 2.464019580e+05
6310, 9.250000000e-02, 6.666666667e-03, 8.333333333e-03, 1.148511443e+00, 1.171481672e+02, 7.266423447e+01, -5.813138757e+01, 2.472294781e+05
6311, 9.250000000e-02, 6.666666667e-03, 1.000000000e-02, 1.148511443e+00, 1.171481672e+02, 8.719708136e+01, -5.813138757e+01, 2.482408917e+05
6312, 9.250000000e-02, 6.666666667e-03, 1.166666667e-02, 1.148511443e+00, 1.171481672e+02, 1.017299283e+02, -5.813138757e+01, 2.494361986e+05
6313, 9.250000000e-02, 6.666666667e-03, 1.333333333e-02, 1.148511443e+00, 1.171481672e+02, 1.162627751e+02, -5.813138757e+01, 2.508153988e+05
6314, 9.250000000e-02, 6.666666667e-03, 1.500000000e-02, 1.148511443e+00, 1.171481672e+02, 1.307956220e+02, -5.813138757e+01, 2.523784925e+05
6315, 9.250000000e-02, 6.666666667e-03, 1.666666667e-02, 1.148511443e+00, 1.171481672e+02, 1.453284689e+02, -5.813138757e+01, 2.541254795e+05
6316, 9.250000000e-02, 6.666666667e-03, 1.833333333e-02, 1.148511443e+00, 1.171481672e+02, 1.598613158e+02, -5.813138757e+01, 2.560563599e+05
6317, 9.250000000e-02, 6.666666667e-03, 2.000000000e-02, 1.148511443e+00, 1.171481672e+02, 1.743941627e+02, -5.813138757e+01, 2.581711336e+05
6318, 9.250000000e-02, 8.333333333e-03, 0.000000000e+00, 1.148511443e+00, 1.171481672e+02, 0.000000000e+00, -7.266423447e+01, 2.457583312e+05
6319, 9.250000000e-02, 8.333333333e-03, 1.666666667e-03, 1.148511443e+00, 1.171481672e+02, 1.453284689e+01, -7.266423447e+01, 2.458502779e+05
6320, 9.250000000e-02, 8.333333333e-03, 3.333333333e-03, 1.148511443e+00, 1.171481672e+02, 2.906569379e+01, -7.266423447e+01, 2.461261179e+05
6321, 9.250000000e-02, 8.333333333e-03, 5.000000000e-03, 1.148511443e+00, 1.171481672e+02, 4.359854068e+01, -7.266423447e+01, 2.465858513e+05
6322, 9.250000000e-02, 8.333333333e-03, 6.666666667e-03, 1.148511443e+00, 1.171481672e+02, 5.813138757e+01, -7.266423447e+01, 2.472294781e+05
6323, 9.250000000e-02, 8.333333333e-03, 8.333333333e-03, 1.148511443e+00, 1.171481672e+02, 7.266423447e+01, -7.266423447e+01, 2.480569983e+05
6324, 9.250000000e-02, 8.333333333e-03, 1.000000000e-02, 1.148511443e+00, 1.171481672e+02, 8.719708136e+01, -7.266423447e+01, 2.490684118e+05
6325, 9.250000000e-02, 8.333333333e-03, 1.166666667e-02, 1.148511443e+00, 1.171481672e+02, 1.017299283e+02, -7.266423447e+01, 2.502637187e+05
6326, 9.250000000e-02, 8.333333333e-03, 1.333333333e-02, 1.148511443e+00, 1.171481672e+02, 1.162627751e+02, -7.266423447e+01, 2.516429190e+05
6327, 9.250000000e-02, 8.333333333e-03, 1.500000000e-02, 1.148511443e+00, 1.171481672e+02, 1.307956220e+02, -7.266423447e+01, 2.532060126e+05
6328, 9.250000000e-02, 8.333333333e-03, 1.666666667e-02, 1.148511443e+00, 1.171481672e+02, 1.453284689e+02, -7.266423447e+01, 2.549529996e+05
6329, 9.250000000e-02, 8.333333333e-03, 1.833333333e-02, 1.148511443e+00, 1.171481672e+02, 1.598613158e+02, -7.266423447e+01, 2.568838800e+05
6330, 9.250000000e-02, 8.333333333e-03, 2.000000000e-02, 1.148511443e+00, 1.171481672e+02, 1.743941627e+02, -7.266423447e+01, 2.589986538e+05
6331, 9.250000000e-02, 1.000000000e-02, 0.000000000e+00, 1.148511443e+00, 1.171481672e+02, 0.000000000e+00, -8.719708136e+01, 2.467697447e+05
6332, 9.250000000e-02, 1.000000000e-02, 1.666666667e-03, 1.148511443e+00, 1.171481672e+02, 1.453284689e+01, -8.719708136e+01, 2.468616914e+05
6333, 9.250000000e-02, 1.000000000e-02, 3.333333333e-03, 1.148511443e+00, 1.171481672e+02, 2.906569379e+01, -8.719708136e+01, 2.471375315e+05
6334, 9.250000000e-02, 1.000000000e-02, 5.000000000e-03, 1.148511443e+00, 1.171481672e+02, 4.359854068e+01, -8.719708136e+01, 2.475972649e+05
6335, 9.250000000e-02, 1.000000000e-02, 6.666666667e-03, 1.148511443e+00, 1.171481672e+02, 5.813138757e+01, -8.719708136e+01, 2.482408917e+05
6336, 9.250000000e-02, 1.000000000e-02, 8.333333333e-03, 1.148511443e+00, 1.171481672e+02, 7.266423447e+01, -8.719708136e+01, 2.490684118e+05
6337, 9.250000000e-02, 1.000000000e-02, 1.000000000e-02, 1.148511443e+00, 1.171481672e+02, 8.719708136e+01, -8.719708136e+01, 2.500798254e+05
6338, 9.250000000e-02, 1.000000000e-02, 1.166666667e-02, 1.148511443e+00, 1.171481672e+02, 1.017299283e+02, -8.719708136e+01, 2.512751323e+05
6339, 9.250000000e-02, 1.000000000e-02, 1.333333333e-02, 1.148511443e+00, 1.171481672e+02, 1.162627751e+02, -8.719708136e+01, 2.526543325e+05
6340, 9.250000000e-02, 1.000000000e-02, 1.500000000e-02, 1.148511443e+00, 1.171481672e+02, 1.307956220e+02, -8.719708136e+01, 2.542174262e+05
6341, 9.250000000e-02, 1.000000000e-02, 1.666666667e-02, 1.148511443e+00, 1.171481672e+02, 1.453284689e+02, -8.719708136e+01, 2.559644132e+05
6342, 9.250000000e-02, 1.000000000e-02, 1.833333333e-02, 1.148511443e+00, 1.171481672e+02, 1.598613158e+02, -8.719708136e+01, 2.578952935e+05
6343, 9.250000000e-02, 1.000000000e-02, 2.000000000e-02, 1.148511443e+00, 1.171481672e+02, 1.743941627e+02, -8.719708136e+01, 2.600100673e+05
6344, 9.250000000e-02, 1.166666667e-02, 0.000000000e+00, 1.148511443e+00, 1.171481672e+02, 0.000000000e+00, -1.017299283e+02, 2.479650516e+05
6345, 9.250000000e-02, 1.166666667e-02, 1.666666667e-03, 1.148511443e+00, 1.171481672e+02, 1.453284689e+01, -1.017299283e+02, 2.480569983e+05
6346, 9.250000000e-02, 1.166666667e-02, 3.333333333e-03, 1.148511443e+00, 1.171481672e+02, 2.906569379e+01, -1.017299283e+02, 2.483328384e+05
6347, 9.250000000e-02, 1.166666667e-02, 5.000000000e-03, 1.148511443e+00, 1.171481672e+02, 4.359854068e+01, -1.017299283e+02, 2.487925718e+05
6348, 9.250000000e-02, 1.166666667e-02, 6.666666667e-03, 1.148511443e+00, 1.171481672e+02, 5.813138757e+01, -1.017299283e+02, 2.494361986e+05
6349, 9.250000000e-02, 1.166666667e-02, 8.333333333e-03, 1.148511443e+00, 1.171481672e+02, 7.266423447e+01, -1.017299283e+02, 2.502637187e+05
6350, 9.250000000e-02, 1.166666667e-02, 1.000000000e-02, 1.148511443e+00, 1.171481672e+02, 8.719708136e+01, -1.017299283e+02, 2.512751323e+05
6351, 9.250000000e-02, 1.166666667e-02, 1.166666667e-02, 1.148511443e+00, 1.171481672e+02, 1.017299283e+02, -1.017299283e+02, 2.524704392e+05
6352, 9.250000000e-02, 1.166666667e-02, 1.333333333e-02, 1.148511443e+00, 1.171481672e+02, 1.162627751e+02, -1.017299283e+02, 2.538496394e+05
6353, 9.250000000e-02, 1.166666667e-02, 1.500000000e-02, 1.148511443e+00, 1.171481672e+02, 1.307956220e+02, -1.017299283e+02, 2.554127331e+05
6354, 9.250000000e-02, 1.166666667e-02, 1.666666667e-02, 1.148511443e+00, 1.171481672e+02, 1.453284689e+02, -1.017299283e+02, 2.571597201e+05
6355, 9.250000000e-02, 1.166666667e-02, 1.833333333e-02, 1.148511443e+00, 1.171481672e+02, 1.598613158e+02, -1.017299283e+02, 2.590906004e+05
6356, 9.250000000e-02, 1.166666667e-02, 2.000000000e-02, 1.148511443e+00, 1.171481672e+02, 1.743941627e+02, -1.017299283e+02, 2.612053742e+05
6357, 9.250000000e-02, 1.333333333e-02, 0.000000000e+00, 1.148511443e+00, 1.171481672e+02, 0.000000000e+00, -1.162627751e+02, 2.493442519e+05
6358, 9.250000000e-02, 1.333333333e-02, 1.666666667e-03, 1.148511443e+00, 1.171481672e+02, 1.453284689e+01, -1.162627751e+02, 2.494361986e+05
6359, 9.250000000e-02, 1.333333333e-02, 3.333333333e-03, 1.148511443e+00, 1.171481672e+02, 2.906569379e+01, -1.162627751e+02, 2.497120386e+05
6360, 9.250000000e-02, 1.333333333e-02, 5.000000000e-03, 1.148511443e+00, 1.171481672e+02, 4.359854068e+01, -1.162627751e+02, 2.501717720e+05
6361, 9.250000000e-02, 1.333333333e-02, 6.666666667e-03, 1.148511443e+00, 1.171481672e+02, 5.813138757e+01, -1.162627751e+02, 2.508153988e+05
6362, 9.250000000e-02, 1.333333333e-02, 8.333333333e-03, 1.148511443e+00, 1.171481672e+02, 7.266423447e+01, -1.162627751e+02, 2.516429190e+05
6363, 9.250000000e-02, 1.333333333e-02, 1.000000000e-02, 1.148511443e+00, 1.171481672e+02, 8.719708136e+01, -1.162627751e+02, 2.526543325e+05
6364, 9.250000000e-02, 1.333333333e-02, 1.166666667e-02, 1.148511443e+00, 1.171481672e+02, 1.017299283e+02, -1.162627751e+02, 2.538496394e+05
6365, 9.250000000e-02, 1.333333333e-02, 1.333333333e-02, 1.148511443e+00, 1.171481672e+02, 1.162627751e+02, -1.162627751e+02, 2.552288397e+05
6366, 9.250000000e-02, 1.333333333e-02, 1.500000000e-02, 1.148511443e+00, 1.171481672e+02, 1.307956220e+02, -1.162627751e+02, 2.567919333e+05
6367, 9.250000000e-02, 1.333333333e-02, 1.666666667e-02, 1.148511443e+00, 1.171481672e+02, 1.453284689e+02, -1.162627751e+02, 2.585389203e+05
6368, 9.250000000e-02, 1.333333333e-02, 1.833333333e-02, 1.148511443e+00, 1.171481672e+02, 1.598613158e+02, -1.162627751e+02, 2.604698007e+05
6369, 9.250000000e-02, 1.333333333e-02, 2.000000000e-02, 1.148511443e+00, 1.171481672e+02, 1.743941627e+02, -1.162627751e+02, 2.625845745e+05
6370, 9.250000000e-02, 1.500000000e-02, 0.000000000e+00, 1.148511443e+00, 1.171481672e+02, 0.000000000e+00, -1.307956220e+02, 2.509073455e+05
6371, 9.250000000e-02, 1.500000000e-02, 1.666666667e-03, 1.148511443e+00, 1.171481672e+02, 1.453284689e+01, -1.307956220e+02, 2.509992922e+05
6372, 9.250000000e-02, 1.500000000e-02, 3.333333333e-03, 1.148511443e+00, 1.171481672e+02, 2.906569379e+01, -1.307956220e+02, 2.512751323e+05
6373, 9.250000000e-02, 1.500000000e-02, 5.000000000e-03, 1.148511443e+00, 1.171481672e+02, 4.359854068e+01, -1.307956220e+02, 2.517348657e+05
6374, 9.250000000e-02, 1.500000000e-02, 6.666666667e-03, 1.148511443e+00, 1.171481672e+02, 5.813138757e+01, -1.307956220e+02, 2.523784925e+05
6375, 9.250000000e-02, 1.500000000e-02, 8.333333333e-03, 1.148511443e+00, 1.171481672e+02, 7.266423447e+01, -1.307956220e+02, 2.532060126e+05
6376, 9.250000000e-02, 1.500000000e-02, 1.000000000e-02, 1.148511443e+00, 1.171481672e+02, 8.719708136e+01, -1.307956220e+02, 2.542174262e+05
6377, 9.250000000e-02, 1.500000000e-02, 1.166666667e-02, 1.148511443e+00, 1.171481672e+02, 1.017299283e+02, -1.307956220e+02, 2.554127331e+05
6378, 9.250000000e-02, 1.500000000e-02, 1.333333333e-02, 1.148511443e+00, 1.171481672e+02, 1.162627751e+02, -1.307956220e+02, 2.567919333e+05
6379, 9.250000000e-02, 1.500000000e-02, 1.500000000e-02, 1.148511443e+00, 1.171481672e+02, 1.307956220e+02, -1.307956220e+02, 2.583550270e+05
6380, 9.250000000e-02, 1.500000000e-02, 1.666666667e-02, 1.148511443e+00, 1.171481672e+02, 1.453284689e+02, -1.307956220e+02, 2.601020140e+05
6381, 9.250000000e-02, 1.500000000e-02, 1.833333333e-02, 1.148511443e+00, 1.171481672e+02, 1.598613158e+02, -1.307956220e+02, 2.620328944e+05
6382, 9.250000000e-02, 1.500000000e-02, 2.000000000e-02, 1.148511443e+00, 1.171481672e+02, 1.743941627e+02, -1.307956220e+02, 2.641476681e+05
6383, 9.250000000e-02, 1.666666667e-02, 0.000000000e+00, 1.148511443e+00, 1.171481672e+02, 0.000000000e+00, -1.453284689e+02, 2.526543325e+05
6384, 9.250000000e-02, 1.666666667e-02, 1.666666667e-03, 1.148511443e+00, 1.171481672e+02, 1.453284689e+01, -1.453284689e+02, 2.527462792e+05
6385, 9.250000000e-02, 1.666666667e-02, 3.333333333e-03, 1.148511443e+00, 1.171481672e+02, 2.906569379e+01, -1.453284689e+02, 2.530221193e+05
6386, 9.250000000e-02, 1.666666667e-02, 5.000000000e-03, 1.148511443e+00, 1.171481672e+02, 4.359854068e+01, -1.453284689e+02, 2.534818527e+05
6387, 9.250000000e-02, 1.666666667e-02, 6.666666667e-03, 1.148511443e+00, 1.171481672e+02, 5.813138757e+01, -1.453284689e+02, 2.541254795e+05
6388, 9.250000000e-02, 1.666666667e-02, 8.333333333e-03, 1.148511443e+00, 1.171481672e+02, 7.266423447e+01, -1.453284689e+02, 2.549529996e+05
6389, 9.250000000e-02, 1.666666667e-02, 1.000000000e-02, 1.148511443e+00, 1.171481672e+02, 8.719708136e+01, -1.453284689e+02, 2.559644132e+05
6390, 9.250000000e-02, 1.666666667e-02, 1.166666667e-02, 1.148511443e+00, 1.171481672e+02, 1.017299283e+02, -1.453284689e+02, 2.571597201e+05
6391, 9.250000000e-02, 1.666666667e-02, 1.333333333e-02, 1.148511443e+00, 1.171481672e+02, 1.162627751e+02, -1.453284689e+02, 2.585389203e+05
6392, 9.250000000e-02, 1.666666667e-02, 1.500000000e-02, 1.148511443e+00, 1.171481672e+02, 1.307956220e+02, -1.453284689e+02, 2.601020140e+05
6393, 9.250000000e-02, 1.666666667e-02, 1.666666667e-02, 1.148511443e+00, 1.171481672e+02, 1.453284689e+02, -1.453284689e+02, 2.618490010e+05
6394, 9.250000000e-02, 1.666666667e-02, 1.833333333e-02, 1.148511443e+00, 1.171481672e+02, 1.598613158e+02, -1.453284689e+02, 2.637798814e+05
6395, 9.250000000e-02, 1.666666667e-02, 2.000000000e-02, 1.148511443e+00, 1.171481672e+02, 1.743941627e+02, -1.453284689e+02, 2.658946551e+05
6396, 9.250000000e-02, 1.833333333e-02, 0.000000000e+00, 1.148511443e+00, 1.171481672e+02, 0.000000000e+00, -1.598613158e+02, 2.545852129e+05
6397, 9.250000000e-02, 1.833333333e-02, 1.666666667e-03, 1.148511443e+00, 1.171481672e+02, 1.453284689e+01, -1.598613158e+02, 2.546771596e+05
6398, 9.250000000e-02, 1.833333333e-02, 3.333333333e-03, 1.148511443e+00, 1.171481672e+02, 2.906569379e+01, -1.598613158e+02, 2.549529996e+05
6399, 9.250000000e-02, 1.833333333e-02, 5.000000000e-03, 1.148511443e+00, 1.171481672e+02, 4.359854068e+01, -1.598613158e+02, 2.554127331e+05
6400, 9.250000000e-02, 1.833333333e-02, 6.666666667e-03, 1.148511443e+00, 1.171481672e+02, 5.813138757e+01, -1.598613158e+02, 2.560563599e+05
6401, 9.250000000e-02, 1.833333333e-02, 8.333333333e-03, 1.148511443e+00, 1.171481672e+02, 7.266423447e+01, -1.598613158e+02, 2.568838800e+05
6402, 9.250000000e-02, 1.833333333e-02, 1.000000000e-02, 1.148511443e+00, 1.171481672e+02, 8.719708136e+01, -1.598613158e+02, 2.578952935e+05
6403, 9.250000000e-02, 1.833333333e-02, 1.166666667e-02, 1.148511443e+00, 1.171481672e+02, 1.017299283e+02, -1.598613158e+02, 2.590906004e+05
6404, 9.250000000e-02, 1.833333333e-02, 1.333333333e-02, 1.148511443e+00, 1.171481672e+02, 1.162627751e+02, -1.598613158e+02, 2.604698007e+05
6405, 9.250000000e-02, 1.833333333e-02, 1.500000000e-02, 1.148511443e+00, 1.171481672e+02, 1.307956220e+02, -1.598613158e+02, 2.620328944e+05
6406, 9.250000000e-02, 1.833333333e-02, 1.666666667e-02, 1.148511443e+00, 1.171481672e+02, 1.453284689e+02, -1.598613158e+02, 2.637798814e+05
6407, 9.250000000e-02, 1.833333333e-02, 1.833333333e-02, 1.148511443e+00, 1.171481672e+02, 1.598613158e+02, -1.598613158e+02, 2.657107617e+05
6408, 9.250000000e-02, 1.833333333e-02, 2.000000000e-02, 1.148511443e+00, 1.171481672e+02, 1.743941627e+02, -1.598613158e+02, 2.678255355e+05
6409, 9.250000000e-02, 2.000000000e-02, 0.000000000e+00, 1.148511443e+00, 1.171481672e+02, 0.000000000e+00, -1.743941627e+02, 2.566999866e+05
6410, 9.250000000e-02, 2.000000000e-02, 1.666666667e-03, 1.148511443e+00, 1.171481672e+02, 1.453284689e+01, -1.743941627e+02, 2.567919333e+05
6411, 9.250000000e-02, 2.000000000e-02, 3.333333333e-03, 1.148511443e+00, 1.171481672e+02, 2.906569379e+01, -1.743941627e+02, 2.570677734e+05
6412, 9.250000000e-02, 2.000000000e-02, 5.000000000e-03, 1.148511443e+00, 1.171481672e+02, 4.359854068e+01, -1.743941627e+02, 2.575275068e+05
6413, 9.250000000e-02, 2.000000000e-02, 6.666666667e-03, 1.148511443e+00, 1.171481672e+02, 5.813138757e+01, -1.743941627e+02, 2.581711336e+05
6414, 9.250000000e-02, 2.000000000e-02, 8.333333333e-03, 1.148511443e+00, 1.171481672e+02, 7.266423447e+01, -1.743941627e+02, 2.589986538e+05
6415, 9.250000000e-02, 2.000000000e-02, 1.000000000e-02, 1.148511443e+00, 1.171481672e+02, 8.719708136e+01, -1.743941627e+02, 2.600100673e+05
6416, 9.250000000e-02, 2.000000000e-02, 1.166666667e-02, 1.148511443e+00, 1.171481672e+02, 1.017299283e+02, -1.743941627e+02, 2.612053742e+05
6417, 9.250000000e-02, 2.000000000e-02, 1.333333333e-02, 1.148511443e+00, 1.171481672e+02, 1.162627751e+02, -1.743941627e+02, 2.625845745e+05
6418, 9.250000000e-02, 2.000000000e-02, 1.500000000e-02, 1.148511443e+00, 1.171481672e+02, 1.307956220e+02, -1.743941627e+02, 2.641476681e+05
6419, 9.250000000e-02, 2.000000000e-02, 1.666666667e-02, 1.148511443e+00, 1.171481672e+02, 1.453284689e+02, -1.743941627e+02, 2.658946551e+05
6420, 9.250000000e-02, 2.000000000e-02, 1.833333333e-02, 1.148511443e+00, 1.171481672e+02, 1.598613158e+02, -1.743941627e+02, 2.678255355e+05
6421, 9.250000000e-02, 2.000000000e-02, 2.000000000e-02, 1.148511443e+00, 1.171481672e+02, 1.743941627e+02, -1.743941627e+02, 2.699403092e+05
6422, 9.500000000e-02, 0.000000000e+00, 0.000000000e+00, 1.148511443e+00, 1.171481672e+02, 0.000000000e+00, 0.000000000e+00, 2.434596641e+05
6423, 9.500000000e-02, 0.000000000e+00, 1.666666667e-03, 1.148511443e+00, 1.171481672e+02, 1.453284689e+01, 0.000000000e+00, 2.435516108e+05
6424, 9.500000000e-02, 0.000000000e+00, 3.333333333e-03, 1.148511443e+00, 1.171481672e+02, 2.906569379e+01, 0.000000000e+00, 2.438274508e+05
6425, 9.500000000e-02, 0.000000000e+00, 5.000000000e-03, 1.148511443e+00, 1.171481672e+02, 4.359854068e+01, 0.000000000e+00, 2.442871842e+05
6426, 9.500000000e-02, 0.000000000e+00, 6.666666667e-03, 1.148511443e+00, 1.171481672e+02, 5.813138757e+01, 0.000000000e+00, 2.449308110e+05
6427, 9.500000000e-02, 0.000000000e+00, 8.333333333e-03, 1.148511443e+00, 1.171481672e+02, 7.266423447e+01, 0.000000000e+00, 2.457583312e+05
6428, 9.500000000e-02, 0.000000000e+00, 1.000000000e-02, 1.148511443e+00, 1.171481672e+02, 8.719708136e+01, 0.000000000e+00, 2.467697447e+05
6429, 9.500000000e-02, 0.000000000e+00, 1.166666667e-02, 1.148511443e+00, 1.171481672e+02, 1.017299283e+02, 0.000000000e+00, 2.479650516e+05
6430, 9.500000000e-02, 0.000000000e+00, 1.333333333e-02, 1.148511443e+00, 1.171481672e+02, 1.162627751e+02, 0.000000000e+00, 2.493442519e+05
6431, 9.500000000e-02, 0.000000000e+00, 1.500000000e-02, 1.148511443e+00, 1.171481672e+02, 1.307956220e+02, 0.000000000e+00, 2.509073455e+05
6432, 9.500000000e-02, 0.000000000e+00, 1.666666667e-02, 1.148511443e+00, 1.171481672e+02, 1.453284689e+02, 0.000000000e+00, 2.526543325e+05
6433, 9.500000000e-02, 0.000000000e+00, 1.833333333e-02, 1.148511443e+00, 1.171481672e+02, 1.598613158e+02, 0.000000000e+00, 2.545852129e+05
6434, 9.500000000e-02, 0.000000000e+00, 2.000000000e-02, 1.148511443e+00, 1.171481672e+02, 1.743941627e+02, 0.000000000e+00, 2.566999866e+05
6435, 9.500000000e-02, 1.666666667e-03, 0.000000000e+00, 1.148511443e+00, 1.171481672e+02, 0.000000000e+00, -1.453284689e+01, 2.435516108e+05
6436, 9.500000000e-02, 1.666666667e-03, 1.666666667e-03, 1.148511443e+00, 1.171481672e+02, 1.453284689e+01, -1.453284689e+01, 2.436435574e+05
6437, 9.500000000e-02, 1.666666667e-03, 3.333333333e-03, 1.148511443e+00, 1.171481672e+02, 2.906569379e+01, -1.453284689e+01, 2.439193975e+05
6438, 9.500000000e-02, 1.666666667e-03, 5.000000000e-03, 1.148511443e+00, 1.171481672e+02, 4.359854068e+01, -1.453284689e+01, 2.443791309e+05
6439, 9.500000000e-02, 1.666666667e-03, 6.666666667e-03, 1.148511443e+00, 1.171481672e+02, 5.813138757e+01, -1.453284689e+01, 2.450227577e+05
6440, 9.500000000e-02, 1.666666667e-03, 8.333333333e-03, 1.148511443e+00, 1.171481672e+02, 7.266423447e+01, -1.453284689e+01, 2.458502779e+05
6441, 9.500000000e-02, 1.666666667e-03, 1.000000000e-02, 1.148511443e+00, 1.171481672e+02, 8.719708136e+01, -1.453284689e+01, 2.468616914e+05
6442, 9.500000000e-02, 1.666666667e-03, 1.166666667e-02, 1.148511443e+00, 1.171481672e+02, 1.017299283e+02, -1.453284689e+01, 2.480569983e+05
6443, 9.500000000e-02, 1.666666667e-03, 1.333333333e-02, 1.148511443e+00, 1.171481672e+02, 1.162627751e+02, -1.453284689e+01, 2.494361986e+05
6444, 9.500000000e-02, 1.666666667e-03, 1.500000000e-02, 1.148511443e+00, 1.171481672e+02, 1.307956220e+02, -1.453284689e+01, 2.509992922e+05
6445, 9.500000000e-02, 1.666666667e-03, 1.666666667e-02, 1.148511443e+00, 1.171481672e+02, 1.453284689e+02, -1.453284689e+01, 2.527462792e+05
6446, 9.500000000e-02, 1.666666667e-03, 1.833333333e-02, 1.148511443e+00, 1.171481672e+02, 1.598613158e+02, -1.453284689e+01, 2.546771596e+05
6447, 9.500000000e-02, 1.666666667e-03, 2.000000000e-02, 1.148511443e+00, 1.171481672e+02, 1.743941627e+02, -1.453284689e+01, 2.567919333e+05
6448, 9.500000000e-02, 3.333333333e-03, 0.000000000e+00, 1.148511443e+00, 1.171481672e+02, 0.000000000e+00, -2.906569379e+01, 2.438274508e+05
6449, 9.500000000e-02, 3.333333333e-03, 1.666666667e-03, 1.148511443e+00, 1.171481672e+02, 1.453284689e+01, -2.906569379e+01, 2.439193975e+05
6450, 9.500000000e-02, 3.333333333e-03, 3.333333333e-03, 1.148511443e+00, 1.171481672e+02, 2.906569379e+01, -2.906569379e+01, 2.441952375e+05
6451, 9.500000000e-02, 3.333333333e-03, 5.000000000e-03, 1.148511443e+00, 1.171481672e+02, 4.359854068e+01, -2.906569379e+01, 2.446549710e+05
6452, 9.500000000e-02, 3.333333333e-03, 6.666666667e-03, 1.148511443e+00, 1.171481672e+02, 5.813138757e+01, -2.906569379e+01, 2.452985978e+05
6453, 9.500000000e-02, 3.333333333e-03, 8.333333333e-03, 1.148511443e+00, 1.171481672e+02, 7.266423447e+01, -2.906569379e+01, 2.461261179e+05
6454, 9.500000000e-02, 3.333333333e-03, 1.000000000e-02, 1.148511443e+00, 1.171481672e+02, 8.719708136e+01, -2.906569379e+01, 2.471375315e+05
6455, 9.500000000e-02, 3.333333333e-03, 1.166666667e-02, 1.148511443e+00, 1.171481672e+02, 1.017299283e+02, -2.906569379e+01, 2.483328384e+05
6456, 9.500000000e-02, 3.333333333e-03, 1.333333333e-02, 1.148511443e+00, 1.171481672e+02, 1.162627751e+02, -2.906569379e+01, 2.497120386e+05
6457, 9.500000000e-02, 3.333333333e-03, 1.500000000e-02, 1.148511443e+00, 1.171481672e+02, 1.307956220e+02, -2.906569379e+01, 2.512751323e+05
6458, 9.500000000e-02, 3.333333333e-03, 1.666666667e-02, 1.148511443e+00, 1.171481672e+02, 1.453284689e+02, -2.906569379e+01, 2.530221193e+05
6459, 9.500000000e-02, 3.333333333e-03, 1.833333333e-02, 1.148511443e+00, 1.171481672e+02, 1.598613158e+02, -2.906569379e+01, 2.549529996e+05
6460, 9.500000000e-02, 3.333333333e-03, 2.000000000e-02, 1.148511443e+00, 1.171481672e+02, 1.743941627e+02, -2.906569379e+01, 2.570677734e+05
6461, 9.500000000e-02, 5.000000000e-03, 0.000000000e+00, 1.148511443e+00, 1.171481672e+02, 0.000000000e+00, -4.359854068e+01, 2.442871842e+05
6462, 9.500000000e-02, 5.000000000e-03, 1.666666667e-03, 1.148511443e+00, 1.171481672e+02, 1.453284689e+01, -4.359854068e+01, 2.443791309e+05
6463, 9.500000000e-02, 5.000000000e-03, 3.333333333e-03, 1.148511443e+00, 1.171481672e+02, 2.906569379e+01, -4.359854068e+01, 2.446549710e+05
6464, 9.500000000e-02, 5.000000000e-03, 5.000000000e-03, 1.148511443e+00, 1.171481672e+02, 4.359854068e+01, -4.359854068e+01, 2.451147044e+05
6465, 9.500000000e-02, 5.000000000e-03, 6.666666667e-03, 1.148511443e+00, 1.171481672e+02, 5.813138757e+01, -4.359854068e+01, 2.457583312e+05
6466, 9.500000000e-02, 5.000000000e-03, 8.333333333e-03, 1.148511443e+00, 1.171481672e+02, 7.266423447e+01, -4.359854068e+01, 2.465858513e+05
6467, 9.500000000e-02, 5.000000000e-03, 1.000000000e-02, 1.148511443e+00, 1.171481672e+02, 8.719708136e+01, -4.359854068e+01, 2.475972649e+05
6468, 9.500000000e-02, 5.000000000e-03, 1.166666667e-02, 1.148511443e+00, 1.171481672e+02, 1.017299283e+02, -4.359854068e+01, 2.487925718e+05
6469, 9.500000000e-02, 5.000000000e-03, 1.333333333e-02, 1.148511443e+00, 1.171481672e+02, 1.162627751e+02, -4.359854068e+01, 2.501717720e+05
6470, 9.500000000e-02, 5.000000000e-03, 1.500000000e-02, 1.148511443e+00, 1.171481672e+02, 1.307956220e+02, -4.359854068e+01, 2.517348657e+05
6471, 9.500000000e-02, 5.000000000e-03, 1.666666667e-02, 1.148511443e+00, 1.171481672e+02, 1.453284689e+02, -4.359854068e+01, 2.534818527e+05
6472, 9.500000000e-02, 5.000000000e-03, 1.833333333e-02, 1.148511443e+00, 1.171481672e+02, 1.598613158e+02, -4.359854068e+01, 2.554127331e+05
6473, 9.500000000e-02, 5.000000000e-03, 2.000000000e-02, 1.148511443e+00, 1.171481672e+02, 1.743941627e+02, -4.359854068e+01, 2.575275068e+05
6474, 9.500000000e-02, 6.666666667e-03, 0.000000000e+00, 1.148511443e+00, 1.171481672e+02, 0.000000000e+00, -5.813138757e+01, 2.449308110e+05
6475, 9.500000000e-02, 6.666666667e-03, 1.666666667e-03, 1.148511443e+00, 1.171481672e+02, 1.453284689e+01, -5.813138757e+01, 2.450227577e+05
6476, 9.500000000e-02, 6.666666667e-03, 3.333333333e-03, 1.148511443e+00, 1.171481672e+02, 2.906569379e+01, -5.813138757e+01, 2.452985978e+05
6477, 9.500000000e-02, 6.666666667e-03, 5.000000000e-03, 1.148511443e+00, 1.171481672e+02, 4.359854068e+01, -5.813138757e+01, 2.457583312e+05
6478, 9.500000000e-02, 6.666666667e-03, 6.666666667e-03, 1.148511443e+00, 1.171481672e+02, 5.813138757e+01, -5.813138757e+01, 2.464019580e+05
6479, 9.500000000e-02, 6.666666667e-03, 8.333333333e-03, 1.148511443e+00, 1.171481672e+02, 7.266423447e+01, -5.813138757e+01, 2.472294781e+05
6480, 9.500000000e-02, 6.666666667e-03, 1.000000000e-02, 1.148511443e+00, 1.171481672e+02, 8.719708136e+01, -5.813138757e+01, 2.482408917e+05
6481, 9.500000000e-02, 6.666666667e-03, 1.166666667e-02, 1.148511443e+00, 1.171481672e+02, 1.017299283e+02, -5.813138757e+01, 2.494361986e+05
6482, 9.500000000e-02, 6.666666667e-03, 1.333333333e-02, 1.148511443e+00, 1.171481672e+02, 1.162627751e+02, -5.813138757e+01, 2.508153988e+05
6483, 9.500000000e-02, 6.666666667e-03, 1.500000000e-02, 1.148511443e+00, 1.171481672e+02, 1.307956220e+02, -5.813138757e+01, 2.523784925e+05
6484, 9.500000000e-02, 6.666666667e-03, 1.666666667e-02, 1.148511443e+00, 1.171481672e+02, 1.453284689e+02, -5.813138757e+01, 2.541254795e+05
6485, 9.500000000e-02, 6.666666667e-03, 1.833333333e-02, 1.148511443e+00, 1.171481672e+02, 1.598613158e+02, -5.813138757e+01, 2.560563599e+05
6486, 9.500000000e-02, 6.666666667e-03, 2.000000000e-02, 1.148511443e+00, 1.171481672e+02, 1.743941627e+02, -5.813138757e+01, 2.581711336e+05
6487, 9.500000000e-02, 8.333333333e-03, 0.000000000e+00, 1.148511443e+00, 1.171481672e+02, 0.000000000e+00, -7.266423447e+01, 2.457583312e+05
6488, 9.500000000e-02, 8.333333333e-03, 1.666666667e-03, 1.148511443e+00, 1.171481672e+02, 1.453284689e+01, -7.266423447e+01, 2.458502779e+05
6489, 9.500000000e-02, 8.333333333e-03, 3.333333333e-03, 1.148511443e+00, 1.171481672e+02, 2.906569379e+01, -7.266423447e+01, 2.461261179e+05
6490, 9.500000000e-02, 8.333333333e-03, 5.000000000e-03, 1.148511443e+00, 1.171481672e+02, 4.359854068e+01, -7.266423447e+01, 2.465858513e+05
6491, 9.500000000e-02, 8.333333333e-03, 6.666666667e-03, 1.148511443e+00, 1.171481672e+02, 5.813138757e+01, -7.266423447e+01, 2.472294781e+05
6492, 9.500000000e-02, 8.333333333e-03, 8.333333333e-03, 1.148511443e+00, 1.171481672e+02, 7.266423447e+01, -7.266423447e+01, 2.480569983e+05
6493, 9.500000000e-02, 8.333333333e-03, 1.000000000e-02, 1.148511443e+00, 1.171481672e+02, 8.719708136e+01, -7.266423447e+01, 2.490684118e+05
6494, 9.500000000e-02, 8.333333333e-03, 1.166666667e-02, 1.148511443e+00, 1.171481672e+02, 1.017299283e+02, -7.266423447e+01, 2.502637187e+05
6495, 9.500000000e-02, 8.333333333e-03, 1.333333333e-02, 1.148511443e+00, 1.171481672e+02, 1.162627751e+02, -7.266423447e+01, 2.516429190e+05
6496, 9.500000000e-02, 8.333333333e-03, 1.500000000e-02, 1.148511443e+00, 1.171481672e+02, 1.307956220e+02, -7.266423447e+01, 2.532060126e+05
6497, 9.500000000e-02, 8.333333333e-03, 1.666666667e-02, 1.148511443e+00, 1.171481672e+02, 1.453284689e+02, -7.266423447e+01, 2.549529996e+05
6498, 9.500000000e-02, 8.333333333e-03, 1.833333333e-02, 1.148511443e+00, 1.171481672e+02, 1.598613158e+02, -7.266423447e+01, 2.568838800e+05
6499, 9.500000000e-02, 8.333333333e-03, 2.000000000e-02, 1.148511443e+00, 1.171481672e+02, 1.743941627e+02, -7.266423447e+01, 2.589986538e+05
6500, 9.500000000e-02, 1.000000000e-02, 0.000000000e+00, 1.148511443e+00, 1.171481672e+02, 0.000000000e+00, -8.719708136e+01, 2.467697447e+05
6501, 9.500000000e-02, 1.000000000e-02, 1.666666667e-03, 1.148511443e+00, 1.171481672e+02, 1.453284689e+01, -8.719708136e+01, 2.468616914e+05
6502, 9.500000000e-02, 1.000000000e-02, 3.333333333e-03, 1.148511443e+00, 1.171481672e+02, 2.906569379e+01, -8.719708136e+01, 2.471375315e+05
6503, 9.500000000e-02, 1.000000000e-02, 5.000000000e-03, 1.148511443e+00, 1.171481672e+02, 4.359854068e+01, -8.719708136e+01, 2.475972649e+05
6504, 9.500000000e-02, 1.000000000e-02, 6.666666667e-03, 1.148511443e+00, 1.171481672e+02, 5.813138757e+01, -8.719708136e+01, 2.482408917e+05
6505, 9.500000000e-02, 1.000000000e-02, 8.333333333e-03, 1.148511443e+00, 1.171481672e+02, 7.266423447e+01, -8.719708136e+01, 2.490684118e+05
6506, 9.500000000e-02, 1.000000000e-02, 1.000000000e-02, 1.148511443e+00, 1.171481672e+02, 8.719708136e+01, -8.719708136e+01, 2.500798254e+05
6507, 9.500000000e-02, 1.000000000e-02, 1.166666667e-02, 1.148511443e+00, 1.171481672e+02, 1.017299283e+02, -8.719708136e+01, 2.512751323e+05
6508, 9.500000000e-02, 1.000000000e-02, 1.333333333e-02, 1.148511443e+00, 1.171481672e+02, 1.162627751e+02, -8.719708136e+01, 2.526543325e+05
6509, 9.500000000e-02, 1.000000000e-02, 1.500000000e-02, 1.148511443e+00, 1.171481672e+02, 1.307956220e+02, -8.719708136e+01, 2.542174262e+05
6510, 9.500000000e-02, 1.000000000e-02, 1.666666667e-02, 1.148511443e+00, 1.171481672e+02, 1.453284689e+02, -8.719708136e+01, 2.559644132e+05
6511, 9.500000000e-02, 1.000000000e-02, 1.833333333e-02, 1.148511443e+00, 1.171481672e+02, 1.598613158e+02, -8.719708136e+01, 2.578952935e+05
6512, 9.500000000e-02, 1.000000000e-02, 2.000000000e-02, 1.148511443e+00, 1.171481672e+02, 1.743941627e+02, -8.719708136e+01, 2.600100673e+05
6513, 9.500000000e-02, 1.166666667e-02, 0.000000000e+00, 1.148511443e+00, 1.171481672e+02, 0.000000000e+00, -1.017299283e+02, 2.479650516e+05
6514, 9.500000000e-02, 1.166666667e-02, 1.666666667e-03, 1.148511443e+00, 1.171481672e+02, 1.453284689e+01, -1.017299283e+02, 2.480569983e+05
6515, 9.500000000e-02, 1.166666667e-02, 3.333333333e-03, 1.148511443e+00, 1.171481672e+02, 2.906569379e+01, -1.017299283e+02, 2.483328384e+05
6516, 9.500000000e-02, 1.166666667e-02, 5.000000000e-03, 1.148511443e+00, 1.171481672e+02, 4.359854068e+01, -1.017299283e+02, 2.487925718e+05
6517, 9.500000000e-02, 1.166666667e-02, 6.666666667e-03, 1.148511443e+00, 1.171481672e+02, 5.813138757e+01, -1.017299283e+02, 2.494361986e+05
6518, 9.500000000e-02, 1.166666667e-02, 8.333333333e-03, 1.148511443e+00, 1.171481672e+02, 7.266423447e+01, -1.017299283e+02, 2.502637187e+05
6519, 9.500000000e-02, 1.166666667e-02, 1.000000000e-02, 1.148511443e+00, 1.171481672e+02, 8.719708136e+01, -1.017299283e+02, 2.512751323e+05
6520, 9.500000000e-02, 1.166666667e-02, 1.166666667e-02, 1.148511443e+00, 1.171481672e+02, 1.017299283e+02, -1.017299283e+02, 2.524704392e+05
6521, 9.500000000e-02, 1.166666667e-02, 1.333333333e-02, 1.148511443e+00, 1.171481672e+02, 1.162627751e+02, -1.017299283e+02, 2.538496394e+05
6522, 9.500000000e-02, 1.166666667e-02, 1.500000000e-02, 1.148511443e+00, 1.171481672e+02, 1.307956220e+02, -1.017299283e+02, 2.554127331e+05
6523, 9.500000000e-02, 1.166666667e-02, 1.666666667e-02, 1.148511443e+00, 1.171481672e+02, 1.453284689e+02, -1.017299283e+02, 2.571597201e+05
6524, 9.500000000e-02, 1.166666667e-02, 1.833333333e-02, 1.148511443e+00, 1.171481672e+02, 1.598613158e+02, -1.017299283e+02, 2.590906004e+05
6525, 9.500000000e-02, 1.166666667e-02, 2.000000000e-02, 1.148511443e+00, 1.171481672e+02, 1.743941627e+02, -1.017299283e+02, 2.612053742e+05
6526, 9.500000000e-02, 1.333333333e-02, 0.000000000e+00, 1.148511443e+00, 1.171481672e+02, 0.000000000e+00, -1.162627751e+02, 2.493442519e+05
6527, 9.500000000e-02, 1.333333333e-02, 1.666666667e-03, 1.148511443e+00, 1.171481672e+02, 1.453284689e+01, -1.162627751e+02, 2.494361986e+05
6528, 9.500000000e-02, 1.333333333e-02, 3.333333333e-03, 1.148511443e+00, 1.171481672e+02, 2.906569379e+01, -1.162627751e+02, 2.497120386e+05
6529, 9.500000000e-02, 1.333333333e-02, 5.000000000e-03, 1.148511443e+00, 1.171481672e+02, 4.359854068e+01, -1.162627751e+02, 2.501717720e+05
6530, 9.500000000e-02, 1.333333333e-02, 6.666666667e-03, 1.148511443e+00, 1.171481672e+02, 5.813138757e+01, -1.162627751e+02, 2.508153988e+05
6531, 9.500000000e-02, 1.333333333e-02, 8.333333333e-03, 1.148511443e+00, 1.171481672e+02, 7.266423447e+01, -1.162627751e+02, 2.516429190e+05
6532, 9.500000000e-02, 1.333333333e-02, 1.000000000e-02, 1.148511443e+00, 1.171481672e+02, 8.719708136e+01, -1.162627751e+02, 2.526543325e+05
6533, 9.500000000e-02, 1.333333333e-02, 1.166666667e-02, 1.148511443e+00, 1.171481672e+02, 1.017299283e+02, -1.162627751e+02, 2.538496394e+05
6534, 9.500000000e-02, 1.333333333e-02, 1.333333333e-02, 1.148511443e+00, 1.171481672e+02, 1.162627751e+02, -1.162627751e+02, 2.552288397e+05
6535, 9.500000000e-02, 1.333333333e-02, 1.500000000e-02, 1.148511443e+00, 1.171481672e+02, 1.307956220e+02, -1.162627751e+02, 2.567919333e+05
6536, 9.500000000e-02, 1.333333333e-02, 1.666666667e-02, 1.148511443e+00, 1.171481672e+02, 1.453284689e+02, -1.162627751e+02, 2.585389203e+05
6537, 9.500000000e-02, 1.333333333e-02, 1.833333333e-02, 1.148511443e+00, 1.171481672e+02, 1.598613158e+02, -1.162627751e+02, 2.604698007e+05
6538, 9.500000000e-02, 1.333333333e-02, 2.000000000e-02, 1.148511443e+00, 1.171481672e+02, 1.743941627e+02, -1.162627751e+02, 2.625845745e+05
6539, 9.500000000e-02, 1.500000000e-02, 0.000000000e+00, 1.148511443e+00, 1.171481672e+02, 0.000000000e+00, -1.307956220e+02, 2.509073455e+05
6540, 9.500000000e-02, 1.500000000e-02, 1.666666667e-03, 1.148511443e+00, 1.171481672e+02, 1.453284689e+01, -1.307956220e+02, 2.509992922e+05
6541, 9.500000000e-02, 1.500000000e-02, 3.333333333e-03, 1.148511443e+00, 1.171481672e+02, 2.906569379e+01, -1.307956220e+02, 2.512751323e+05
6542, 9.500000000e-02, 1.500000000e-02, 5.000000000e-03, 1.148511443e+00, 1.171481672e+02, 4.359854068e+01, -1.307956220e+02, 2.517348657e+05
6543, 9.500000000e-02, 1.500000000e-02, 6.666666667e-03, 1.148511443e+00, 1.171481672e+02, 5.813138757e+01, -1.307956220e+02, 2.523784925e+05
6544, 9.500000000e-02, 1.500000000e-02, 8.333333333e-03, 1.148511443e+00, 1.171481672e+02, 7.266423447e+01, -1.307956220e+02, 2.532060126e+05
6545, 9.500000000e-02, 1.500000000e-02, 1.000000000e-02, 1.148511443e+00, 1.171481672e+02, 8.719708136e+01, -1.307956220e+02, 2.542174262e+05
6546, 9.500000000e-02, 1.500000000e-02, 1.166666667e-02, 1.148511443e+00, 1.171481672e+02, 1.017299283e+02, -1.307956220e+02, 2.554127331e+05
6547, 9.500000000e-02, 1.500000000e-02, 1.333333333e-02, 1.148511443e+00, 1.171481672e+02, 1.162627751e+02, -1.307956220e+02, 2.567919333e+05
6548, 9.500000000e-02, 1.500000000e-02, 1.500000000e-02, 1.148511443e+00, 1.171481672e+02, 1.307956220e+02, -1.307956220e+02, 2.583550270e+05
6549, 9.500000000e-02, 1.500000000e-02, 1.666666667e-02, 1.148511443e+00, 1.171481672e+02, 1.453284689e+02, -1.307956220e+02, 2.601020140e+05
6550, 9.500000000e-02, 1.500000000e-02, 1.833333333e-02, 1.148511443e+00, 1.171481672e+02, 1.598613158e+02, -1.307956220e+02, 2.620328944e+05
6551, 9.500000000e-02, 1.500000000e-02, 2.000000000e-02, 1.148511443e+00, 1.171481672e+02, 1.743941627e+02, -1.307956220e+02, 2.641476681e+05
6552, 9.500000000e-02, 1.666666667e-02, 0.000000000e+00, 1.148511443e+00, 1.171481672e+02, 0.000000000e+00, -1.453284689e+02, 2.526543325e+05
6553, 9.500000000e-02, 1.666666667e-02, 1.666666667e-03, 1.148511443e+00, 1.171481672e+02, 1.453284689e+01, -1.453284689e+02, 2.527462792e+05
6554, 9.500000000e-02, 1.666666667e-02, 3.333333333e-03, 1.148511443e+00, 1.171481672e+02, 2.906569379e+01, -1.453284689e+02, 2.530221193e+05
6555, 9.500000000e-02, 1.666666667e-02, 5.000000000e-03, 1.148511443e+00, 1.171481672e+02, 4.359854068e+01, -1.453284689e+02, 2.534818527e+05
6556, 9.500000000e-02, 1.666666667e-02, 6.666666667e-03, 1.148511443e+00, 1.171481672e+02, 5.813138757e+01, -1.453284689e+02, 2.541254795e+05
6557, 9.500000000e-02, 1.666666667e-02, 8.333333333e-03, 1.148511443e+00, 1.171481672e+02, 7.266423447e+01, -1.453284689e+02, 2.549529996e+05
6558, 9.500000000e-02, 1.666666667e-02, 1.000000000e-02, 1.148511443e+00, 1.171481672e+02, 8.719708136e+01, -1.453284689e+02, 2.559644132e+05
6559, 9.500000000e-02, 1.666666667e-02, 1.166666667e-02, 1.148511443e+00, 1.171481672e+02, 1.017299283e+02, -1.453284689e+02, 2.571597201e+05
6560, 9.500000000e-02, 1.666666667e-02, 1.333333333e-02, 1.148511443e+00, 1.171481672e+02, 1.162627751e+02, -1.453284689e+02, 2.585389203e+05
6561, 9.500000000e-02, 1.666666667e-02, 1.500000000e-02, 1.148511443e+00, 1.171481672e+02, 1.307956220e+02, -1.453284689e+02, 2.601020140e+05
6562, 9.500000000e-02, 1.666666667e-02, 1.666666667e-02, 1.148511443e+00, 1.171481672e+02, 1.453284689e+02, -1.453284689e+02, 2.618490010e+05
6563, 9.500000000e-02, 1.666666667e-02, 1.833333333e-02, 1.148511443e+00, 1.171481672e+02, 1.598613158e+02, -1.453284689e+02, 2.637798814e+05
6564, 9.500000000e-02, 1.666666667e-02, 2.000000000e-02, 1.148511443e+00, 1.171481672e+02, 1.743941627e+02, -1.453284689e+02, 2.658946551e+05
6565, 9.500000000e-02, 1.833333333e-02, 0.000000000e+00, 1.148511443e+00, 1.171481672e+02, 0.000000000e+00, -1.598613158e+02, 2.545852129e+05
6566, 9.500000000e-02, 1.833333333e-02, 1.666666667e-03, 1.148511443e+00, 1.171481672e+02, 1.453284689e+01, -1.598613158e+02, 2.546771596e+05
6567, 9.500000000e-02, 1.833333333e-02, 3.333333333e-03, 1.148511443e+00, 1.171481672e+02, 2.906569379e+01, -1.598613158e+02, 2.549529996e+05
6568, 9.500000000e-02, 1.833333333e-02, 5.000000000e-03, 1.148511443e+00, 1.171481672e+02, 4.359854068e+01, -1.598613158e+02, 2.554127331e+05
6569, 9.500000000e-02, 1.833333333e-02, 6.666666667e-03, 1.148511443e+00, 1.171481672e+02, 5.813138757e+01, -1.598613158e+02, 2.560563599e+05
6570, 9.500000000e-02, 1.833333333e-02, 8.333333333e-03, 1.148511443e+00, 1.171481672e+02, 7.266423447e+01, -1.598613158e+02, 2.568838800e+05
6571, 9.500000000e-02, 1.833333333e-02, 1.000000000e-02, 1.148511443e+00, 1.171481672e+02, 8.719708136e+01, -1.598613158e+02, 2.578952935e+05
6572, 9.500000000e-02, 1.833333333e-02, 1.166666667e-02, 1.148511443e+00, 1.171481672e+02, 1.017299283e+02, -1.598613158e+02, 2.590906004e+05
6573, 9.500000000e-02, 1.833333333e-02, 1.333333333e-02, 1.148511443e+00, 1.171481672e+02, 1.162627751e+02, -1.598613158e+02, 2.604698007e+05
6574, 9.500000000e-02, 1.833333333e-02, 1.500000000e-02, 1.148511443e+00, 1.171481672e+02, 1.307956220e+02, -1.598613158e+02, 2.620328944e+05
6575, 9.500000000e-02, 1.833333333e-02, 1.666666667e-02, 1.148511443e+00, 1.171481672e+02, 1.453284689e+02, -1.598613158e+02, 2.637798814e+05
6576, 9.500000000e-02, 1.833333333e-02, 1.833333333e-02, 1.148511443e+00, 1.171481672e+02, 1.598613158e+02, -1.598613158e+02, 2.657107617e+05
6577, 9.500000000e-02, 1.833333333e-02, 2.000000000e-02, 1.148511443e+00, 1.171481672e+02, 1.743941627e+02, -1.598613158e+02, 2.678255355e+05
6578, 9.500000000e-02, 2.000000000e-02, 0.000000000e+00, 1.148511443e+00, 1.171481672e+02, 0.000000000e+00, -1.743941627e+02, 2.566999866e+05
6579, 9.500000000e-02, 2.000000000e-02, 1.666666667e-03, 1.148511443e+00, 1.171481672e+02, 1.453284689e+01, -1.743941627e+02, 2.567919333e+05
6580, 9.500000000e-02, 2.000000000e-02, 3.333333333e-03, 1.148511443e+00, 1.171481672e+02, 2.906569379e+01, -1.743941627e+02, 2.570677734e+05
6581, 9.500000000e-02, 2.000000000e-02, 5.000000000e-03, 1.148511443e+00, 1.171481672e+02, 4.359854068e+01, -1.743941627e+02, 2.575275068e+05
6582, 9.500000000e-02, 2.000000000e-02, 6.666666667e-03, 1.148511443e+00, 1.171481672e+02, 5.813138757e+01, -1.743941627e+02, 2.581711336e+05
6583, 9.500000000e-02, 2.000000000e-02, 8.333333333e-03, 1.148511443e+00, 1.171481672e+02, 7.266423447e+01, -1.743941627e+02, 2.589986538e+05
6584, 9.500000000e-02, 2.000000000e-02, 1.000000000e-02, 1.148511443e+00, 1.171481672e+02, 8.719708136e+01, -1.743941627e+02, 2.600100673e+05
6585, 9.500000000e-02, 2.000000000e-02, 1.166666667e-02, 1.148511443e+00, 1.171481672e+02, 1.017299283e+02, -1.743941627e+02, 2.612053742e+05
6586, 9.500000000e-02, 2.000000000e-02, 1.333333333e-02, 1.148511443e+00, 1.171481672e+02, 1.162627751e+02, -1.743941627e+02, 2.625845745e+05
6587, 9.500000000e-02, 2.000000000e-02, 1.500000000e-02, 1.148511443e+00, 1.171481672e+02, 1.307956220e+02, -1.743941627e+02, 2.641476681e+05
6588, 9.500000000e-02, 2.000000000e-02, 1.666666667e-02, 1.148511443e+00, 1.171481672e+02, 1.453284689e+02, -1.743941627e+02, 2.658946551e+05
6589, 9.500000000e-02, 2.000000000e-02, 1.833333333e-02, 1.148511443e+00, 1.171481672e+02, 1.598613158e+02, -1.743941627e+02, 2.678255355e+05
6590, 9.500000000e-02, 2.000000000e-02, 2.000000000e-02, 1.148511443e+00, 1.171481672e+02, 1.743941627e+02, -1.743941627e+02, 2.699403092e+05
6591, 9.750000000e-02, 0.000000000e+00, 0.000000000e+00, 1.148511443e+00, 1.171481672e+02, 0.000000000e+00, 0.000000000e+00, 2.434596641e+05
6592, 9.750000000e-02, 0.000000000e+00, 1.666666667e-03, 1.148511443e+00, 1.171481672e+02, 1.453284689e+01, 0.000000000e+00, 2.435516108e+05
6593, 9.750000000e-02, 0.000000000e+00, 3.333333333e-03, 1.148511443e+00, 1.171481672e+02, 2.906569379e+01, 0.000000000e+00, 2.438274508e+05
6594, 9.750000000e-02, 0.000000000e+00, 5.000000000e-03, 1.148511443e+00, 1.171481672e+02, 4.359854068e+01, 0.000000000e+00, 2.442871842e+05
6595, 9.750000000e-02, 0.000000000e+00, 6.666666667e-03, 1.148511443e+00, 1.171481672e+02, 5.813138757e+01, 0.000000000e+00, 2.449308110e+05
6596, 9.750000000e-02, 0.000000000e+00, 8.333333333e-03, 1.148511443e+00, 1.171481672e+02, 7.266423447e+01, 0.000000000e+00, 2.457583312e+05
6597, 9.750000000e-02, 0.000000000e+00, 1.000000000e-02, 1.148511443e+00, 1.171481672e+02, 8.719708136e+01, 0.000000000e+00, 2.467697447e+05
6598, 9.750000000e-02, 0.000000000e+00, 1.166666667e-02, 1.148511443e+00, 1.171481672e+02, 1.017299283e+02, 0.000000000e+00, 2.479650516e+05
6599, 9.750000000e-02, 0.000000000e+00, 1.333333333e-02, 1.148511443e+00, 1.171481672e+02, 1.162627751e+02, 0.000000000e+00, 2.493442519e+05
6600, 9.750000000e-02, 0.000000000e+00, 1.500000000e-02, 1.148511443e+00, 1.171481672e+02, 1.307956220e+02, 0.000000000e+00, 2.509073455e+05
6601, 9.750000000e-02, 0.000000000e+00, 1.666666667e-02, 1.148511443e+00, 1.171481672e+02, 1.453284689e+02, 0.000000000e+00, 2.526543325e+05
6602, 9.750000000e-02, 0.000000000e+00, 1.833333333e-02, 1.148511443e+00, 1.171481672e+02, 1.598613158e+02, 0.000000000e+00, 2.545852129e+05
6603, 9.750000000e-02, 0.000000000e+00, 2.000000000e-02, 1.148511443e+00, 1.171481672e+02, 1.743941627e+02, 0.000000000e+00, 2.566999866e+05
6604, 9.750000000e-02, 1.666666667e-03, 0.000000000e+00, 1.148511443e+00, 1.171481672e+02, 0.000000000e+00, -1.453284689e+01, 2.435516108e+05
6605, 9.750000000e-02, 1.666666667e-03, 1.666666667e-03, 1.148511443e+00, 1.171481672e+02, 1.453284689e+01, -1.453284689e+01, 2.436435574e+05
6606, 9.750000000e-02, 1.666666667e-03, 3.333333333e-03, 1.148511443e+00, 1.171481672e+02, 2.906569379e+01, -1.453284689e+01, 2.439193975e+05
6607, 9.750000000e-02, 1.666666667e-03, 5.000000000e-03, 1.148511443e+00, 1.171481672e+02, 4.359854068e+01, -1.453284689e+01, 2.443791309e+05
6608, 9.750000000e-02, 1.666666667e-03, 6.666666667e-03, 1.148511443e+00, 1.171481672e+02, 5.813138757e+01, -1.453284689e+01, 2.450227577e+05
6609, 9.750000000e-02, 1.666666667e-03, 8.333333333e-03, 1.148511443e+00, 1.171481672e+02, 7.266423447e+01, -1.453284689e+01, 2.458502779e+05
6610, 9.750000000e-02, 1.666666667e-03, 1.000000000e-02, 1.148511443e+00, 1.171481672e+02, 8.719708136e+01, -1.453284689e+01, 2.468616914e+05
6611, 9.750000000e-02, 1.666666667e-03, 1.166666667e-02, 1.148511443e+00, 1.171481672e+02, 1.017299283e+02, -1.453284689e+01, 2.480569983e+05
6612, 9.750000000e-02, 1.666666667e-03, 1.333333333e-02, 1.148511443e+00, 1.171481672e+02, 1.162627751e+02, -1.453284689e+01, 2.494361986e+05
6613, 9.750000000e-02, 1.666666667e-03, 1.500000000e-02, 1.148511443e+00, 1.171481672e+02, 1.307956220e+02, -1.453284689e+01, 2.509992922e+05
6614, 9.750000000e-02, 1.666666667e-03, 1.666666667e-02, 1.148511443e+00, 1.171481672e+02, 1.453284689e+02, -1.453284689e+01, 2.527462792e+05
6615, 9.750000000e-02, 1.666666667e-03, 1.833333333e-02, 1.148511443e+00, 1.171481672e+02, 1.598613158e+02, -1.453284689e+01, 2.546771596e+05
6616, 9.750000000e-02, 1.666666667e-03, 2.000000000e-02, 1.148511443e+00, 1.171481672e+02, 1.743941627e+02, -1.453284689e+01, 2.567919333e+05
6617, 9.750000000e-02, 3.333333333e-03, 0.000000000e+00, 1.148511443e+00, 1.171481672e+02, 0.000000000e+00, -2.906569379e+01, 2.438274508e+05
6618, 9.750000000e-02, 3.333333333e-03, 1.666666667e-03, 1.148511443e+00, 1.171481672e+02, 1.453284689e+01, -2.906569379e+01, 2.439193975e+05
6619, 9.750000000e-02, 3.333333333e-03, 3.333333333e-03, 1.148511443e+00, 1.171481672e+02, 2.906569379e+01, -2.906569379e+01, 2.441952375e+05
6620, 9.750000000e-02, 3.333333333e-03, 5.000000000e-03, 1.148511443e+00, 1.171481672e+02, 4.359854068e+01, -2.906569379e+01, 2.446549710e+05
6621, 9.750000000e-02, 3.333333333e-03, 6.666666667e-03, 1.148511443e+00, 1.171481672e+02, 5.813138757e+01, -2.906569379e+01, 2.452985978e+05
6622, 9.750000000e-02, 3.333333333e-03, 8.333333333e-03, 1.148511443e+00, 1.171481672e+02, 7.266423447e+01, -2.906569379e+01, 2.461261179e+05
6623, 9.750000000e-02, 3.333333333e-03, 1.000000000e-02, 1.148511443e+00, 1.171481672e+02, 8.719708136e+01, -2.906569379e+01, 2.471375315e+05
6624, 9.750000000e-02, 3.333333333e-03, 1.166666667e-02, 1.148511443e+00, 1.171481672e+02, 1.017299283e+02, -2.906569379e+01, 2.483328384e+05
6625, 9.750000000e-02, 3.333333333e-03, 1.333333333e-02, 1.148511443e+00, 1.171481672e+02, 1.162627751e+02, -2.906569379e+01, 2.497120386e+05
6626, 9.750000000e-02, 3.333333333e-03, 1.500000000e-02, 1.148511443e+00, 1.171481672e+02, 1.307956220e+02, -2.906569379e+01, 2.512751323e+05
6627, 9.750000000e-02, 3.333333333e-03, 1.666666667e-02, 1.148511443e+00, 1.171481672e+02, 1.453284689e+02, -2.906569379e+01, 2.530221193e+05
6628, 9.750000000e-02, 3.333333333e-03, 1.833333333e-02, 1.148511443e+00, 1.171481672e+02, 1.598613158e+02, -2.906569379e+01, 2.549529996e+05
6629, 9.750000000e-02, 3.333333333e-03, 2.000000000e-02, 1.148511443e+00, 1.171481672e+02, 1.743941627e+02, -2.906569379e+01, 2.570677734e+05
6630, 9.750000000e-02, 5.000000000e-03, 0.000000000e+00, 1.148511443e+00, 1.171481672e+02, 0.000000000e+00, -4.359854068e+01, 2.442871842e+05
6631, 9.750000000e-02, 5.000000000e-03, 1.666666667e-03, 1.148511443e+00, 1.171481672e+02, 1.453284689e+01, -4.359854068e+01, 2.443791309e+05
6632, 9.750000000e-02, 5.000000000e-03, 3.333333333e-03, 1.148511443e+00, 1.171481672e+02, 2.906569379e+01, -4.359854068e+01, 2.446549710e+05
6633, 9.750000000e-02, 5.000000000e-03, 5.000000000e-03, 1.148511443e+00, 1.171481672e+02, 4.359854068e+01, -4.359854068e+01, 2.451147044e+05
6634, 9.750000000e-02, 5.000000000e-03, 6.666666667e-03, 1.148511443e+00, 1.171481672e+02, 5.813138757e+01, -4.359854068e+01, 2.457583312e+05
6635, 9.750000000e-02, 5.000000000e-03, 8.333333333e-03, 1.148511443e+00, 1.171481672e+02, 7.266423447e+01, -4.359854068e+01, 2.465858513e+05
6636, 9.750000000e-02, 5.000000000e-03, 1.000000000e-02, 1.148511443e+00, 1.171481672e+02, 8.719708136e+01, -4.359854068e+01, 2.475972649e+05
6637, 9.750000000e-02, 5.000000000e-03, 1.166666667e-02, 1.148511443e+00, 1.171481672e+02, 1.017299283e+02, -4.359854068e+01, 2.487925718e+05
6638, 9.750000000e-02, 5.000000000e-03, 1.333333333e-02, 1.148511443e+00, 1.171481672e+02, 1.162627751e+02, -4.359854068e+01, 2.501717720e+05
6639, 9.750000000e-02, 5.000000000e-03, 1.500000000e-02, 1.148511443e+00, 1.171481672e+02, 1.307956220e+02, -4.359854068e+01, 2.517348657e+05
6640, 9.750000000e-02, 5.000000000e-03, 1.666666667e-02, 1.148511443e+00, 1.171481672e+02, 1.453284689e+02, -4.359854068e+01, 2.534818527e+05
6641, 9.750000000e-02, 5.000000000e-03, 1.833333333e-02, 1.148511443e+00, 1.171481672e+02, 1.598613158e+02, -4.359854068e+01, 2.554127331e+05
6642, 9.750000000e-02, 5.000000000e-03, 2.000000000e-02, 1.148511443e+00, 1.171481672e+02, 1.743941627e+02, -4.359854068e+01, 2.575275068e+05
6643, 9.750000000e-02, 6.666666667e-03, 0.000000000e+00, 1.148511443e+00, 1.171481672e+02, 0.000000000e+00, -5.813138757e+01, 2.449308110e+05
6644, 9.750000000e-02, 6.666666667e-03, 1.666666667e-03, 1.148511443e+00, 1.171481672e+02, 1.453284689e+01, -5.813138757e+01, 2.450227577e+05
6645, 9.750000000e-02, 6.666666667e-03, 3.333333333e-03, 1.148511443e+00, 1.171481672e+02, 2.906569379e+01, -5.813138757e+01, 2.452985978e+05
6646, 9.750000000e-02, 6.666666667e-03, 5.000000000e-03, 1.148511443e+00, 1.171481672e+02, 4.359854068e+01, -5.813138757e+01, 2.457583312e+05
6647, 9.750000000e-02, 6.666666667e-03, 6.666666667e-03, 1.148511443e+00, 1.171481672e+02, 5.813138757e+01, -5.813138757e+01, 2.464019580e+05
6648, 9.750000000e-02, 6.666666667e-03, 8.333333333e-03, 1.148511443e+00, 1.171481672e+02, 7.266423447e+01, -5.813138757e+01, 2.472294781e+05
6649, 9.750000000e-02, 6.666666667e-03, 1.000000000e-02, 1.148511443e+00, 1.171481672e+02, 8.719708136e+01, -5.813138757e+01, 2.482408917e+05
6650, 9.750000000e-02, 6.666666667e-03, 1.166666667e-02, 1.148511443e+00, 1.171481672e+02, 1.017299283e+02, -5.813138757e+01, 2.494361986e+05
6651, 9.750000000e-02, 6.666666667e-03, 1.333333333e-02, 1.148511443e+00, 1.171481672e+02, 1.162627751e+02, -5.813138757e+01, 2.508153988e+05
6652, 9.750000000e-02, 6.666666667e-03, 1.500000000e-02, 1.148511443e+00, 1.171481672e+02, 1.307956220e+02, -5.813138757e+01, 2.523784925e+05
6653, 9.750000000e-02, 6.666666667e-03, 1.666666667e-02, 1.148511443e+00, 1.171481672e+02, 1.453284689e+02, -5.813138757e+01, 2.541254795e+05
6654, 9.750000000e-02, 6.666666667e-03, 1.833333333e-02, 1.148511443e+00, 1.171481672e+02, 1.598613158e+02, -5.813138757e+01, 2.560563599e+05
6655, 9.750000000e-02, 6.666666667e-03, 2.000000000e-02, 1.148511443e+00, 1.171481672e+02, 1.743941627e+02, -5.813138757e+01, 2.581711336e+05
6656, 9.750000000e-02, 8.333333333e-03, 0.000000000e+00, 1.148511443e+00, 1.171481672e+02, 0.000000000e+00, -7.266423447e+01, 2.457583312e+05
6657, 9.750000000e-02, 8.333333333e-03, 1.666666667e-03, 1.148511443e+00, 1.171481672e+02, 1.453284689e+01, -7.266423447e+01, 2.458502779e+05
6658, 9.750000000e-02, 8.333333333e-03, 3.333333333e-03, 1.148511443e+00, 1.171481672e+02, 2.906569379e+01, -7.266423447e+01, 2.461261179e+05
6659, 9.750000000e-02, 8.333333333e-03, 5.000000000e-03, 1.148511443e+00, 1.171481672e+02, 4.359854068e+01, -7.266423447e+01, 2.465858513e+05
6660, 9.750000000e-02, 8.333333333e-03, 6.666666667e-03, 1.148511443e+00, 1.171481672e+02, 5.813138757e+01, -7.266423447e+01, 2.472294781e+05
6661, 9.750000000e-02, 8.333333333e-03, 8.333333333e-03, 1.148511443e+00, 1.171481672e+02, 7.266423447e+01, -7.266423447e+01, 2.480569983e+05
6662, 9.750000000e-02, 8.333333333e-03, 1.000000000e-02, 1.148511443e+00, 1.171481672e+02, 8.719708136e+01, -7.266423447e+01, 2.490684118e+05
6663, 9.750000000e-02, 8.333333333e-03, 1.166666667e-02, 1.148511443e+00, 1.171481672e+02, 1.017299283e+02, -7.266423447e+01, 2.502637187e+05
6664, 9.750000000e-02, 8.333333333e-03, 1.333333333e-02, 1.148511443e+00, 1.171481672e+02, 1.162627751e+02, -7.266423447e+01, 2.516429190e+05
6665, 9.750000000e-02, 8.333333333e-03, 1.500000000e-02, 1.148511443e+00, 1.171481672e+02, 1.307956220e+02, -7.266423447e+01, 2.532060126e+05
6666, 9.750000000e-02, 8.333333333e-03, 1.666666667e-02, 1.148511443e+00, 1.171481672e+02, 1.453284689e+02, -7.266423447e+01, 2.549529996e+05
6667, 9.750000000e-02, 8.333333333e-03, 1.833333333e-02, 1.148511443e+00, 1.171481672e+02, 1.598613158e+02, -7.266423447e+01, 2.568838800e+05
6668, 9.750000000e-02, 8.333333333e-03, 2.000000000e-02, 1.148511443e+00, 1.171481672e+02, 1.743941627e+02, -7.266423447e+01, 2.589986538e+05
6669, 9.750000000e-02, 1.000000000e-02, 0.000000000e+00, 1.148511443e+00, 1.171481672e+02, 0.000000000e+00, -8.719708136e+01, 2.467697447e+05
6670, 9.750000000e-02, 1.000000000e-02, 1.666666667e-03, 1.148511443e+00, 1.171481672e+02, 1.453284689e+01, -8.719708136e+01, 2.468616914e+05
6671, 9.750000000e-02, 1.000000000e-02, 3.333333333e-03, 1.148511443e+00, 1.171481672e+02, 2.906569379e+01, -8.719708136e+01, 2.471375315e+05
6672, 9.750000000e-02, 1.000000000e-02, 5.000000000e-03, 1.148511443e+00, 1.171481672e+02, 4.359854068e+01, -8.719708136e+01, 2.475972649e+05
6673, 9.750000000e-02, 1.000000000e-02, 6.666666667e-03, 1.148511443e+00, 1.171481672e+02, 5.813138757e+01, -8.719708136e+01, 2.482408917e+05
6674, 9.750000000e-02, 1.000000000e-02, 8.333333333e-03, 1.148511443e+00, 1.171481672e+02, 7.266423447e+01, -8.719708136e+01, 2.490684118e+05
6675, 9.750000000e-02, 1.000000000e-02, 1.000000000e-02, 1.148511443e+00, 1.171481672e+02, 8.719708136e+01, -8.719708136e+01, 2.500798254e+05
6676, 9.750000000e-02, 1.000000000e-02, 1.166666667e-02, 1.148511443e+00, 1.171481672e+02, 1.017299283e+02, -8.719708136e+01, 2.512751323e+05
6677, 9.750000000e-02, 1.000000000e-02, 1.333333333e-02, 1.148511443e+00, 1.171481672e+02, 1.162627751e+02, -8.719708136e+01, 2.526543325e+05
6678, 9.750000000e-02, 1.000000000e-02, 1.500000000e-02, 1.148511443e+00, 1.171481672e+02, 1.307956220e+02, -8.719708136e+01, 2.542174262e+05
6679, 9.750000000e-02, 1.000000000e-02, 1.666666667e-02, 1.148511443e+00, 1.171481672e+02, 1.453284689e+02, -8.719708136e+01, 2.559644132e+05
6680, 9.750000000e-02, 1.000000000e-02, 1.833333333e-02, 1.148511443e+00, 1.171481672e+02, 1.598613158e+02, -8.719708136e+01, 2.578952935e+05
6681, 9.750000000e-02, 1.000000000e-02, 2.000000000e-02, 1.148511443e+00, 1.171481672e+02, 1.743941627e+02, -8.719708136e+01, 2.600100673e+05
6682, 9.750000000e-02, 1.166666667e-02, 0.000000000e+00, 1.148511443e+00, 1.171481672e+02, 0.000000000e+00, -1.017299283e+02, 2.479650516e+05
6683, 9.750000000e-02, 1.166666667e-02, 1.666666667e-03, 1.148511443e+00, 1.171481672e+02, 1.453284689e+01, -1.017299283e+02, 2.480569983e+05
6684, 9.750000000e-02, 1.166666667e-02, 3.333333333e-03, 1.148511443e+00, 1.171481672e+02, 2.906569379e+01, -1.017299283e+02, 2.483328384e+05
6685, 9.750000000e-02, 1.166666667e-02, 5.000000000e-03, 1.148511443e+00, 1.171481672e+02, 4.359854068e+01, -1.017299283e+02, 2.487925718e+05
6686, 9.750000000e-02, 1.166666667e-02, 6.666666667e-03, 1.148511443e+00, 1.171481672e+02, 5.813138757e+01, -1.017299283e+02, 2.494361986e+05
6687, 9.750000000e-02, 1.166666667e-02, 8.333333333e-03, 1.148511443e+00, 1.171481672e+02, 7.266423447e+01, -1.017299283e+02, 2.502637187e+05
6688, 9.750000000e-02, 1.166666667e-02, 1.000000000e-02, 1.148511443e+00, 1.171481672e+02, 8.719708136e+01, -1.017299283e+02, 2.512751323e+05
6689, 9.750000000e-02, 1.166666667e-02, 1.166666667e-02, 1.148511443e+00, 1.171481672e+02, 1.017299283e+02, -1.017299283e+02, 2.524704392e+05
6690, 9.750000000e-02, 1.166666667e-02, 1.333333333e-02, 1.148511443e+00, 1.171481672e+02, 1.162627751e+02, -1.017299283e+02, 2.538496394e+05
6691, 9.750000000e-02, 1.166666667e-02, 1.500000000e-02, 1.148511443e+00, 1.171481672e+02, 1.307956220e+02, -1.017299283e+02, 2.554127331e+05
6692, 9.750000000e-02, 1.166666667e-02, 1.666666667e-02, 1.148511443e+00, 1.171481672e+02, 1.453284689e+02, -1.017299283e+02, 2.571597201e+05
6693, 9.750000000e-02, 1.166666667e-02, 1.833333333e-02, 1.148511443e+00, 1.171481672e+02, 1.598613158e+02, -1.017299283e+02, 2.590906004e+05
6694, 9.750000000e-02, 1.166666667e-02, 2.000000000e-02, 1.148511443e+00, 1.171481672e+02, 1.743941627e+02, -1.017299283e+02, 2.612053742e+05
6695, 9.750000000e-02, 1.333333333e-02, 0.000000000e+00, 1.148511443e+00, 1.171481672e+02, 0.000000000e+00, -1.162627751e+02, 2.493442519e+05
6696, 9.750000000e-02, 1.333333333e-02, 1.666666667e-03, 1.148511443e+00, 1.171481672e+02, 1.453284689e+01, -1.162627751e+02, 2.494361986e+05
6697, 9.750000000e-02, 1.333333333e-02, 3.333333333e-03, 1.148511443e+00, 1.171481672e+02, 2.906569379e+01, -1.162627751e+02, 2.497120386e+05
6698, 9.750000000e-02, 1.333333333e-02, 5.000000000e-03, 1.148511443e+00, 1.171481672e+02, 4.359854068e+01, -1.162627751e+02, 2.501717720e+05
6699, 9.750000000e-02, 1.333333333e-02, 6.666666667e-03, 1.148511443e+00, 1.171481672e+02, 5.813138757e+01, -1.162627751e+02, 2.508153988e+05
6700, 9.750000000e-02, 1.333333333e-02, 8.333333333e-03, 1.148511443e+00, 1.171481672e+02, 7.266423447e+01, -1.162627751e+02, 2.516429190e+05
6701, 9.750000000e-02, 1.333333333e-02, 1.000000000e-02, 1.148511443e+00, 1.171481672e+02, 8.719708136e+01, -1.162627751e+02, 2.526543325e+05
6702, 9.750000000e-02, 1.333333333e-02, 1.166666667e-02, 1.148511443e+00, 1.171481672e+02, 1.017299283e+02, -1.162627751e+02, 2.538496394e+05
6703, 9.750000000e-02, 1.333333333e-02, 1.333333333e-02, 1.148511443e+00, 1.171481672e+02, 1.162627751e+02, -1.162627751e+02, 2.552288397e+05
6704, 9.750000000e-02, 1.333333333e-02, 1.500000000e-02, 1.148511443e+00, 1.171481672e+02, 1.307956220e+02, -1.162627751e+02, 2.567919333e+05
6705, 9.750000000e-02, 1.333333333e-02, 1.666666667e-02, 1.148511443e+00, 1.171481672e+02, 1.453284689e+02, -1.162627751e+02, 2.585389203e+05
6706, 9.750000000e-02, 1.333333333e-02, 1.833333333e-02, 1.148511443e+00, 1.171481672e+02, 1.598613158e+02, -1.162627751e+02, 2.604698007e+05
6707, 9.750000000e-02, 1.333333333e-02, 2.000000000e-02, 1.148511443e+00, 1.171481672e+02, 1.743941627e+02, -1.162627751e+02, 2.625845745e+05
6708, 9.750000000e-02, 1.500000000e-02, 0.000000000e+00, 1.148511443e+00, 1.171481672e+02, 0.000000000e+00, -1.307956220e+02, 2.509073455e+05
6709, 9.750000000e-02, 1.500000000e-02, 1.666666667e-03, 1.148511443e+00, 1.171481672e+02, 1.453284689e+01, -1.307956220e+02, 2.509992922e+05
6710, 9.750000000e-02, 1.500000000e-02, 3.333333333e-03, 1.148511443e+00, 1.171481672e+02, 2.906569379e+01, -1.307956220e+02, 2.512751323e+05
6711, 9.750000000e-02, 1.500000000e-02, 5.000000000e-03, 1.148511443e+00, 1.171481672e+02, 4.359854068e+01, -1.307956220e+02, 2.517348657e+05
6712, 9.750000000e-02, 1.500000000e-02, 6.666666667e-03, 1.148511443e+00, 1.171481672e+02, 5.813138757e+01, -1.307956220e+02, 2.523784925e+05
6713, 9.750000000e-02, 1.500000000e-02, 8.333333333e-03, 1.148511443e+00, 1.171481672e+02, 7.266423447e+01, -1.307956220e+02, 2.532060126e+05
6714, 9.750000000e-02, 1.500000000e-02, 1.000000000e-02, 1.148511443e+00, 1.171481672e+02, 8.719708136e+01, -1.307956220e+02, 2.542174262e+05
6715, 9.750000000e-02, 1.500000000e-02, 1.166666667e-02, 1.148511443e+00, 1.171481672e+02, 1.017299283e+02, -1.307956220e+02, 2.554127331e+05
6716, 9.750000000e-02, 1.500000000e-02, 1.333333333e-02, 1.148511443e+00, 1.171481672e+02, 1.162627751e+02, -1.307956220e+02, 2.567919333e+05
6717, 9.750000000e-02, 1.500000000e-02, 1.500000000e-02, 1.148511443e+00, 1.171481672e+02, 1.307956220e+02, -1.307956220e+02, 2.583550270e+05
6718, 9.750000000e-02, 1.500000000e-02, 1.666666667e-02, 1.148511443e+00, 1.171481672e+02, 1.453284689e+02, -1.307956220e+02, 2.601020140e+05
6719, 9.750000000e-02, 1.500000000e-02, 1.833333333e-02, 1.148511443e+00, 1.171481672e+02, 1.598613158e+02, -1.307956220e+02, 2.620328944e+05
6720, 9.750000000e-02, 1.500000000e-02, 2.000000000e-02, 1.148511443e+00, 1.171481672e+02, 1.743941627e+02, -1.307956220e+02, 2.641476681e+05
6721, 9.750000000e-02, 1.666666667e-02, 0.000000000e+00, 1.148511443e+00, 1.171481672e+02, 0.000000000e+00, -1.453284689e+02, 2.526543325e+05
6722, 9.750000000e-02, 1.666666667e-02, 1.666666667e-03, 1.148511443e+00, 1.171481672e+02, 1.453284689e+01, -1.453284689e+02, 2.527462792e+05
6723, 9.750000000e-02, 1.666666667e-02, 3.333333333e-03, 1.148511443e+00, 1.171481672e+02, 2.906569379e+01, -1.453284689e+02, 2.530221193e+05
6724, 9.750000000e-02, 1.666666667e-02, 5.000000000e-03, 1.148511443e+00, 1.171481672e+02, 4.359854068e+01, -1.453284689e+02, 2.534818527e+05
6725, 9.750000000e-02, 1.666666667e-02, 6.666666667e-03, 1.148511443e+00, 1.171481672e+02, 5.813138757e+01, -1.453284689e+02, 2.541254795e+05
6726, 9.750000000e-02, 1.666666667e-02, 8.333333333e-03, 1.148511443e+00, 1.171481672e+02, 7.266423447e+01, -1.453284689e+02, 2.549529996e+05
6727, 9.750000000e-02, 1.666666667e-02, 1.000000000e-02, 1.148511443e+00, 1.171481672e+02, 8.719708136e+01, -1.453284689e+02, 2.559644132e+05
6728, 9.750000000e-02, 1.666666667e-02, 1.166666667e-02, 1.148511443e+00, 1.171481672e+02, 1.017299283e+02, -1.453284689e+02, 2.571597201e+05
6729, 9.750000000e-02, 1.666666667e-02, 1.333333333e-02, 1.148511443e+00, 1.171481672e+02, 1.162627751e+02, -1.453284689e+02, 2.585389203e+05
6730, 9.750000000e-02, 1.666666667e-02, 1.500000000e-02, 1.148511443e+00, 1.171481672e+02, 1.307956220e+02, -1.453284689e+02, 2.601020140e+05
6731, 9.750000000e-02, 1.666666667e-02, 1.666666667e-02, 1.148511443e+00, 1.171481672e+02, 1.453284689e+02, -1.453284689e+02, 2.618490010e+05
6732, 9.750000000e-02, 1.666666667e-02, 1.833333333e-02, 1.148511443e+00, 1.171481672e+02, 1.598613158e+02, -1.453284689e+02, 2.637798814e+05
6733, 9.750000000e-02, 1.666666667e-02, 2.000000000e-02, 1.148511443e+00, 1.171481672e+02, 1.743941627e+02, -1.453284689e+02, 2.658946551e+05
6734, 9.750000000e-02, 1.833333333e-02, 0.000000000e+00, 1.148511443e+00, 1.171481672e+02, 0.000000000e+00, -1.598613158e+02, 2.545852129e+05
6735, 9.750000000e-02, 1.833333333e-02, 1.666666667e-03, 1.148511443e+00, 1.171481672e+02, 1.453284689e+01, -1.598613158e+02, 2.546771596e+05
6736, 9.750000000e-02, 1.833333333e-02, 3.333333333e-03, 1.148511443e+00, 1.171481672e+02, 2.906569379e+01, -1.598613158e+02, 2.549529996e+05
6737, 9.750000000e-02, 1.833333333e-02, 5.000000000e-03, 1.148511443e+00, 1.171481672e+02, 4.359854068e+01, -1.598613158e+02, 2.554127331e+05
6738, 9.750000000e-02, 1.833333333e-02, 6.666666667e-03, 1.148511443e+00, 1.171481672e+02, 5.813138757e+01, -1.598613158e+02, 2.560563599e+05
6739, 9.750000000e-02, 1.833333333e-02, 8.333333333e-03, 1.148511443e+00, 1.171481672e+02, 7.266423447e+01, -1.598613158e+02, 2.568838800e+05
6740, 9.750000000e-02, 1.833333333e-02, 1.000000000e-02, 1.148511443e+00, 1.171481672e+02, 8.719708136e+01, -1.598613158e+02, 2.578952935e+05
6741, 9.750000000e-02, 1.833333333e-02, 1.166666667e-02, 1.148511443e+00, 1.171481672e+02, 1.017299283e+02, -1.598613158e+02, 2.590906004e+05
6742, 9.750000000e-02, 1.833333333e-02, 1.333333333e-02, 1.148511443e+00, 1.171481672e+02, 1.162627751e+02, -1.598613158e+02, 2.604698007e+05
6743, 9.750000000e-02, 1.833333333e-02, 1.500000000e-02, 1.148511443e+00, 1.171481672e+02, 1.307956220e+02, -1.598613158e+02, 2.620328944e+05
6744, 9.750000000e-02, 1.833333333e-02, 1.666666667e-02, 1.148511443e+00, 1.171481672e+02, 1.453284689e+02, -1.598613158e+02, 2.637798814e+05
6745, 9.750000000e-02, 1.833333333e-02, 1.833333333e-02, 1.148511443e+00, 1.171481672e+02, 1.598613158e+02, -1.598613158e+02, 2.657107617e+05
6746, 9.750000000e-02, 1.833333333e-02, 2.000000000e-02, 1.148511443e+00, 1.171481672e+02, 1.743941627e+02, -1.598613158e+02, 2.678255355e+05
6747, 9.750000000e-02, 2.000000000e-02, 0.000000000e+00, 1.148511443e+00, 1.171481672e+02, 0.000000000e+00, -1.743941627e+02, 2.566999866e+05
6748, 9.750000000e-02, 2.000000000e-02, 1.666666667e-03, 1.148511443e+00, 1.171481672e+02, 1.453284689e+01, -1.743941627e+02, 2.567919333e+05
6749, 9.750000000e-02, 2.000000000e-02, 3.333333333e-03, 1.148511443e+00, 1.171481672e+02, 2.906569379e+01, -1.743941627e+02, 2.570677734e+05
6750, 9.750000000e-02, 2.000000000e-02, 5.000000000e-03, 1.148511443e+00, 1.171481672e+02, 4.359854068e+01, -1.743941627e+02, 2.575275068e+05
6751, 9.750000000e-02, 2.000000000e-02, 6.666666667e-03, 1.148511443e+00, 1.171481672e+02, 5.813138757e+01, -1.743941627e+02, 2.581711336e+05
6752, 9.750000000e-02, 2.000000000e-02, 8.333333333e-03, 1.148511443e+00, 1.171481672e+02, 7.266423447e+01, -1.743941627e+02, 2.589986538e+05
6753, 9.750000000e-02, 2.000000000e-02, 1.000000000e-02, 1.148511443e+00, 1.171481672e+02, 8.719708136e+01, -1.743941627e+02, 2.600100673e+05
6754, 9.750000000e-02, 2.000000000e-02, 1.166666667e-02, 1.148511443e+00, 1.171481672e+02, 1.017299283e+02, -1.743941627e+02, 2.612053742e+05
6755, 9.750000000e-02, 2.000000000e-02, 1.333333333e-02, 1.148511443e+00, 1.171481672e+02, 1.162627751e+02, -1.743941627e+02, 2.625845745e+05
6756, 9.750000000e-02, 2.000000000e-02, 1.500000000e-02, 1.148511443e+00, 1.171481672e+02, 1.307956220e+02, -1.743941627e+02, 2.641476681e+05
6757, 9.750000000e-02, 2.000000000e-02, 1.666666667e-02, 1.148511443e+00, 1.171481672e+02, 1.453284689e+02, -1.743941627e+02, 2.658946551e+05
6758, 9.750000000e-02, 2.000000000e-02, 1.833333333e-02, 1.148511443e+00, 1.171481672e+02, 1.598613158e+02, -1.743941627e+02, 2.678255355e+05
6759, 9.750000000e-02, 2.000000000e-02, 2.000000000e-02, 1.148511443e+00, 1.171481672e+02, 1.743941627e+02, -1.743941627e+02, 2.699403092e+05
6760, 1.000000000e-01, 0.000000000e+00, 0.000000000e+00, 1.148511443e+00, 1.171481672e+02, 0.000000000e+00, 0.000000000e+00, 2.434596641e+05
6761, 1.000000000e-01, 0.000000000e+00, 1.666666667e-03, 1.148511443e+00, 1.171481672e+02, 1.453284689e+01, 0.000000000e+00, 2.435516108e+05
6762, 1.000000000e-01, 0.000000000e+00, 3.333333333e-03, 1.148511443e+00, 1.171481672e+02, 2.906569379e+01, 0.000000000e+00, 2.438274508e+05
6763, 1.000000000e-01, 0.000000000e+00, 5.000000000e-03, 1.148511443e+00, 1.171481672e+02, 4.359854068e+01, 0.000000000e+00, 2.442871842e+05
6764, 1.000000000e-01, 0.000000000e+00, 6.666666667e-03, 1.148511443e+00, 1.171481672e+02, 5.813138757e+01, 0.000000000e+00, 2.449308110e+05
6765, 1.000000000e-01, 0.000000000e+00, 8.333333333e-03, 1.148511443e+00, 1.171481672e+02, 7.266423447e+01, 0.000000000e+00, 2.457583312e+05
6766, 1.000000000e-01, 0.000000000e+00, 1.000000000e-02, 1.148511443e+00, 1.171481672e+02, 8.719708136e+01, 0.000000000e+00, 2.467697447e+05
6767, 1.000000000e-01, 0.000000000e+00, 1.166666667e-02, 1.148511443e+00, 1.171481672e+02, 1.017299283e+02, 0.000000000e+00, 2.479650516e+05
6768, 1.000000000e-01, 0.000000000e+00, 1.333333333e-02, 1.148511443e+00, 1.171481672e+02, 1.162627751e+02, 0.000000000e+00, 2.493442519e+05
6769, 1.000000000e-01, 0.000000000e+00, 1.500000000e-02, 1.148511443e+00, 1.171481672e+02, 1.307956220e+02, 0.000000000e+00, 2.509073455e+05
6770, 1.000000000e-01, 0.000000000e+00, 1.666666667e-02, 1.148511443e+00, 1.171481672e+02, 1.453284689e+02, 0.000000000e+00, 2.526543325e+05
6771, 1.000000000e-01, 0.000000000e+00, 1.833333333e-02, 1.148511443e+00, 1.171481672e+02, 1.598613158e+02, 0.000000000e+00, 2.545852129e+05
6772, 1.000000000e-01, 0.000000000e+00, 2.000000000e-02, 1.148511443e+00, 1.171481672e+02, 1.743941627e+02, 0.000000000e+00, 2.566999866e+05
6773, 1.000000000e-01, 1.666666667e-03, 0.000000000e+00, 1.148511443e+00, 1.171481672e+02, 0.000000000e+00, -1.453284689e+01, 2.435516108e+05
6774, 1.000000000e-01, 1.666666667e-03, 1.666666667e-03, 1.148511443e+00, 1.171481672e+02, 1.453284689e+01, -1.453284689e+01, 2.436435574e+05
6775, 1.000000000e-01, 1.666666667e-03, 3.333333333e-03, 1.148511443e+00, 1.171481672e+02, 2.906569379e+01, -1.453284689e+01, 2.439193975e+05
6776, 1.000000000e-01, 1.666666667e-03, 5.000000000e-03, 1.148511443e+00, 1.171481672e+02, 4.359854068e+01, -1.453284689e+01, 2.443791309e+05
6777, 1.000000000e-01, 1.666666667e-03, 6.666666667e-03, 1.148511443e+00, 1.171481672e+02, 5.813138757e+01, -1.453284689e+01, 2.450227577e+05
6778, 1.000000000e-01, 1.666666667e-03, 8.333333333e-03, 1.148511443e+00, 1.171481672e+02, 7.266423447e+01, -1.453284689e+01, 2.458502779e+05
6779, 1.000000000e-01, 1.666666667e-03, 1.000000000e-02, 1.148511443e+00, 1.171481672e+02, 8.719708136e+01, -1.453284689e+01, 2.468616914e+05
6780, 1.000000000e-01, 1.666666667e-03, 1.166666667e-02, 1.148511443e+00, 1.171481672e+02, 1.017299283e+02, -1.453284689e+01, 2.480569983e+05
6781, 1.000000000e-01, 1.666666667e-03, 1.333333333e-02, 1.148511443e+00, 1.171481672e+02, 1.162627751e+02, -1.453284689e+01, 2.494361986e+05
6782, 1.000000000e-01, 1.666666667e-03, 1.500000000e-02, 1.148511443e+00, 1.171481672e+02, 1.307956220e+02, -1.453284689e+01, 2.509992922e+05
6783, 1.000000000e-01, 1.666666667e-03, 1.666666667e-02, 1.148511443e+00, 1.171481672e+02, 1.453284689e+02, -1.453284689e+01, 2.527462792e+05
6784, 1.000000000e-01, 1.666666667e-03, 1.833333333e-02, 1.148511443e+00, 1.171481672e+02, 1.598613158e+02, -1.453284689e+01, 2.546771596e+05
6785, 1.000000000e-01, 1.666666667e-03, 2.000000000e-02, 1.148511443e+00, 1.171481672e+02, 1.743941627e+02, -1.453284689e+01, 2.567919333e+05
6786, 1.000000000e-01, 3.333333333e-03, 0.000000000e+00, 1.148511443e+00, 1.171481672e+02, 0.000000000e+00, -2.906569379e+01, 2.438274508e+05
6787, 1.000000000e-01, 3.333333333e-03, 1.666666667e-03, 1.148511443e+00, 1.171481672e+02, 1.453284689e+01, -2.906569379e+01, 2.439193975e+05
6788, 1.000000000e-01, 3.333333333e-03, 3.333333333e-03, 1.148511443e+00, 1.171481672e+02, 2.906569379e+01, -2.906569379e+01, 2.441952375e+05
6789, 1.000000000e-01, 3.333333333e-03, 5.000000000e-03, 1.148511443e+00, 1.171481672e+02, 4.359854068e+01, -2.906569379e+01, 2.446549710e+05
6790, 1.000000000e-01, 3.333333333e-03, 6.666666667e-03, 1.148511443e+00, 1.171481672e+02, 5.813138757e+01, -2.906569379e+01, 2.452985978e+05
6791, 1.000000000e-01, 3.333333333e-03, 8.333333333e-03, 1.148511443e+00, 1.171481672e+02, 7.266423447e+01, -2.906569379e+01, 2.461261179e+05
6792, 1.000000000e-01, 3.333333333e-03, 1.000000000e-02, 1.148511443e+00, 1.171481672e+02, 8.719708136e+01, -2.906569379e+01, 2.471375315e+05
6793, 1.000000000e-01, 3.333333333e-03, 1.166666667e-02, 1.148511443e+00, 1.171481672e+02, 1.017299283e+02, -2.906569379e+01, 2.483328384e+05
6794, 1.000000000e-01, 3.333333333e-03, 1.333333333e-02, 1.148511443e+00, 1.171481672e+02, 1.162627751e+02, -2.906569379e+01, 2.497120386e+05
6795, 1.000000000e-01, 3.333333333e-03, 1.500000000e-02, 1.148511443e+00, 1.171481672e+02, 1.307956220e+02, -2.906569379e+01, 2.512751323e+05
6796, 1.000000000e-01, 3.333333333e-03, 1.666666667e-02, 1.148511443e+00, 1.171481672e+02, 1.453284689e+02, -2.906569379e+01, 2.530221193e+05
6797, 1.000000000e-01, 3.333333333e-03, 1.833333333e-02, 1.148511443e+00, 1.171481672e+02, 1.598613158e+02, -2.906569379e+01, 2.549529996e+05
6798, 1.000000000e-01, 3.333333333e-03, 2.000000000e-02, 1.148511443e+00, 1.171481672e+02, 1.743941627e+02, -2.906569379e+01, 2.570677734e+05
6799, 1.000000000e-01, 5.000000000e-03, 0.000000000e+00, 1.148511443e+00, 1.171481672e+02, 0.000000000e+00, -4.359854068e+01, 2.442871842e+05
6800, 1.000000000e-01, 5.000000000e-03, 1.666666667e-03, 1.148511443e+00, 1.171481672e+02, 1.453284689e+01, -4.359854068e+01, 2.443791309e+05
6801, 1.000000000e-01, 5.000000000e-03, 3.333333333e-03, 1.148511443e+00, 1.171481672e+02, 2.906569379e+01, -4.359854068e+01, 2.446549710e+05
6802, 1.000000000e-01, 5.000000000e-03, 5.000000000e-03, 1.148511443e+00, 1.171481672e+02, 4.359854068e+01, -4.359854068e+01, 2.451147044e+05
6803, 1.000000000e-01, 5.000000000e-03, 6.666666667e-03, 1.148511443e+00, 1.171481672e+02, 5.813138757e+01, -4.359854068e+01, 2.457583312e+05
6804, 1.000000000e-01, 5.000000000e-03, 8.333333333e-03, 1.148511443e+00, 1.171481672e+02, 7.266423447e+01, -4.359854068e+01, 2.465858513e+05
6805, 1.000000000e-01, 5.000000000e-03, 1.000000000e-02, 1.148511443e+00, 1.171481672e+02, 8.719708136e+01, -4.359854068e+01, 2.475972649e+05
6806, 1.000000000e-01, 5.000000000e-03, 1.166666667e-02, 1.148511443e+00, 1.171481672e+02, 1.017299283e+02, -4.359854068e+01, 2.487925718e+05
6807, 1.000000000e-01, 5.000000000e-03, 1.333333333e-02, 1.148511443e+00, 1.171481672e+02, 1.162627751e+02, -4.359854068e+01, 2.501717720e+05
6808, 1.000000000e-01, 5.000000000e-03, 1.500000000e-02, 1.148511443e+00, 1.171481672e+02, 1.307956220e+02, -4.359854068e+01, 2.517348657e+05
6809, 1.000000000e-01, 5.000000000e-03, 1.666666667e-02, 1.148511443e+00, 1.171481672e+02, 1.453284689e+02, -4.359854068e+01, 2.534818527e+05
6810, 1.000000000e-01, 5.000000000e-03, 1.833333333e-02, 1.148511443e+00, 1.171481672e+02, 1.598613158e+02, -4.359854068e+01, 2.554127331e+05
6811, 1.000000000e-01, 5.000000000e-03, 2.000000000e-02, 1.148511443e+00, 1.171481672e+02, 1.743941627e+02, -4.359854068e+01, 2.575275068e+05
6812, 1.000000000e-01, 6.666666667e-03, 0.000000000e+00, 1.148511443e+00, 1.171481672e+02, 0.000000000e+00, -5.813138757e+01, 2.449308110e+05
6813, 1.000000000e-01, 6.666666667e-03, 1.666666667e-03, 1.148511443e+00, 1.171481672e+02, 1.453284689e+01, -5.813138757e+01, 2.450227577e+05
6814, 1.000000000e-01, 6.666666667e-03, 3.333333333e-03, 1.148511443e+00, 1.171481672e+02, 2.906569379e+01, -5.813138757e+01, 2.452985978e+05
6815, 1.000000000e-01, 6.666666667e-03, 5.000000000e-03, 1.148511443e+00, 1.171481672e+02, 4.359854068e+01, -5.813138757e+01, 2.457583312e+05
6816, 1.000000000e-01, 6.666666667e-03, 6.666666667e-03, 1.148511443e+00, 1.171481672e+02, 5.813138757e+01, -5.813138757e+01, 2.464019580e+05
6817, 1.000000000e-01, 6.666666667e-03, 8.333333333e-03, 1.148511443e+00, 1.171481672e+02, 7.266423447e+01, -5.813138757e+01, 2.472294781e+05
6818, 1.000000000e-01, 6.666666667e-03, 1.000000000e-02, 1.148511443e+00, 1.171481672e+02, 8.719708136e+01, -5.813138757e+01, 2.482408917e+05
6819, 1.000000000e-01, 6.666666667e-03, 1.166666667e-02, 1.148511443e+00, 1.171481672e+02, 1.017299283e+02, -5.813138757e+01, 2.494361986e+05
6820, 1.000000000e-01, 6.666666667e-03, 1.333333333e-02, 1.148511443e+00, 1.171481672e+02, 1.162627751e+02, -5.813138757e+01, 2.508153988e+05
6821, 1.000000000e-01, 6.666666667e-03, 1.500000000e-02, 1.148511443e+00, 1.171481672e+02, 1.307956220e+02, -5.813138757e+01, 2.523784925e+05
6822, 1.000000000e-01, 6.666666667e-03, 1.666666667e-02, 1.148511443e+00, 1.171481672e+02, 1.453284689e+02, -5.813138757e+01, 2.541254795e+05
6823, 1.000000000e-01, 6.666666667e-03, 1.833333333e-02, 1.148511443e+00, 1.171481672e+02, 1.598613158e+02, -5.813138757e+01, 2.560563599e+05
6824, 1.000000000e-01, 6.666666667e-03, 2.000000000e-02, 1.148511443e+00, 1.171481672e+02, 1.743941627e+02, -5.813138757e+01, 2.581711336e+05
6825, 1.000000000e-01, 8.333333333e-03, 0.000000000e+00, 1.148511443e+00, 1.171481672e+02, 0.000000000e+00, -7.266423447e+01, 2.457583312e+05
6826, 1.000000000e-01, 8.333333333e-03, 1.666666667e-03, 1.148511443e+00, 1.171481672e+02, 1.453284689e+01, -7.266423447e+01, 2.458502779e+05
6827, 1.000000000e-01, 8.333333333e-03, 3.333333333e-03, 1.148511443e+00, 1.171481672e+02, 2.906569379e+01, -7.266423447e+01, 2.461261179e+05
6828, 1.000000000e-01, 8.333333333e-03, 5.000000000e-03, 1.148511443e+00, 1.171481672e+02, 4.359854068e+01, -7.266423447e+01, 2.465858513e+05
6829, 1.000000000e-01, 8.333333333e-03, 6.666666667e-03, 1.148511443e+00, 1.171481672e+02, 5.813138757e+01, -7.266423447e+01, 2.472294781e+05
6830, 1.000000000e-01, 8.333333333e-03, 8.333333333e-03, 1.148511443e+00, 1.171481672e+02, 7.266423447e+01, -7.266423447e+01, 2.480569983e+05
6831, 1.000000000e-01, 8.333333333e-03, 1.000000000e-02, 1.148511443e+00, 1.171481672e+02, 8.719708136e+01, -7.266423447e+01, 2.490684118e+05
6832, 1.000000000e-01, 8.333333333e-03, 1.166666667e-02, 1.148511443e+00, 1.171481672e+02, 1.017299283e+02, -7.266423447e+01, 2.502637187e+05
6833, 1.000000000e-01, 8.333333333e-03, 1.333333333e-02, 1.148511443e+00, 1.171481672e+02, 1.162627751e+02, -7.266423447e+01, 2.516429190e+05
6834, 1.000000000e-01, 8.333333333e-03, 1.500000000e-02, 1.148511443e+00, 1.171481672e+02, 1.307956220e+02, -7.266423447e+01, 2.532060126e+05
6835, 1.000000000e-01, 8.333333333e-03, 1.666666667e-02, 1.148511443e+00, 1.171481672e+02, 1.453284689e+02, -7.266423447e+01, 2.549529996e+05
6836, 1.000000000e-01, 8.333333333e-03, 1.833333333e-02, 1.148511443e+00, 1.171481672e+02, 1.598613158e+02, -7.266423447e+01, 2.568838800e+05
6837, 1.000000000e-01, 8.333333333e-03, 2.000000000e-02, 1.148511443e+00, 1.171481672e+02, 1.743941627e+02, -7.266423447e+01, 2.589986538e+05
6838, 1.000000000e-01, 1.000000000e-02, 0.000000000e+00, 1.148511443e+00, 1.171481672e+02, 0.000000000e+00, -8.719708136e+01, 2.467697447e+05
6839, 1.000000000e-01, 1.000000000e-02, 1.666666667e-03, 1.148511443e+00, 1.171481672e+02, 1.453284689e+01, -8.719708136e+01, 2.468616914e+05
6840, 1.000000000e-01, 1.000000000e-02, 3.333333333e-03, 1.148511443e+00, 1.171481672e+02, 2.906569379e+01, -8.719708136e+01, 2.471375315e+05
6841, 1.000000000e-01, 1.000000000e-02, 5.000000000e-03, 1.148511443e+00, 1.171481672e+02, 4.359854068e+01, -8.719708136e+01, 2.475972649e+05
6842, 1.000000000e-01, 1.000000000e-02, 6.666666667e-03, 1.148511443e+00, 1.171481672e+02, 5.813138757e+01, -8.719708136e+01, 2.482408917e+05
6843, 1.000000000e-01, 1.000000000e-02, 8.333333333e-03, 1.148511443e+00, 1.171481672e+02, 7.266423447e+01, -8.719708136e+01, 2.490684118e+05
6844, 1.000000000e-01, 1.000000000e-02, 1.000000000e-02, 1.148511443e+00, 1.171481672e+02, 8.719708136e+01, -8.719708136e+01, 2.500798254e+05
6845, 1.000000000e-01, 1.000000000e-02, 1.166666667e-02, 1.148511443e+00, 1.171481672e+02, 1.017299283e+02, -8.719708136e+01, 2.512751323e+05
6846, 1.000000000e-01, 1.000000000e-02, 1.333333333e-02, 1.148511443e+00, 1.171481672e+02, 1.162627751e+02, -8.719708136e+01, 2.526543325e+05
6847, 1.000000000e-01, 1.000000000e-02, 1.500000000e-02, 1.148511443e+00, 1.171481672e+02, 1.307956220e+02, -8.719708136e+01, 2.542174262e+05
6848, 1.000000000e-01, 1.000000000e-02, 1.666666667e-02, 1.148511443e+00, 1.171481672e+02, 1.453284689e+02, -8.719708136e+01, 2.559644132e+05
6849, 1.000000000e-01, 1.000000000e-02, 1.833333333e-02, 1.148511443e+00, 1.171481672e+02, 1.598613158e+02, -8.719708136e+01, 2.578952935e+05
6850, 1.000000000e-01, 1.000000000e-02, 2.000000000e-02, 1.148511443e+00, 1.171481672e+02, 1.743941627e+02, -8.719708136e+01, 2.600100673e+05
6851, 1.000000000e-01, 1.166666667e-02, 0.000000000e+00, 1.148511443e+00, 1.171481672e+02, 0.000000000e+00, -1.017299283e+02, 2.479650516e+05
6852, 1.000000000e-01, 1.166666667e-02, 1.666666667e-03, 1.148511443e+00, 1.171481672e+02, 1.453284689e+01, -1.017299283e+02, 2.480569983e+05
6853, 1.000000000e-01, 1.166666667e-02, 3.333333333e-03, 1.148511443e+00, 1.171481672e+02, 2.906569379e+01, -1.017299283e+02, 2.483328384e+05
6854, 1.000000000e-01, 1.166666667e-02, 5.000000000e-03, 1.148511443e+00, 1.171481672e+02, 4.359854068e+01, -1.017299283e+02, 2.487925718e+05
6855, 1.000000000e-01, 1.166666667e-02, 6.666666667e-03, 1.148511443e+00, 1.171481672e+02, 5.813138757e+01, -1.017299283e+02, 2.494361986e+05
6856, 1.000000000e-01, 1.166666667e-02, 8.333333333e-03, 1.148511443e+00, 1.171481672e+02, 7.266423447e+01, -1.017299283e+02, 2.502637187e+05
6857, 1.000000000e-01, 1.166666667e-02, 1.000000000e-02, 1.148511443e+00, 1.171481672e+02, 8.719708136e+01, -1.017299283e+02, 2.512751323e+05
6858, 1.000000000e-01, 1.166666667e-02, 1.166666667e-02, 1.148511443e+00, 1.171481672e+02, 1.017299283e+02, -1.017299283e+02, 2.524704392e+05
6859, 1.000000000e-01, 1.166666667e-02, 1.333333333e-02, 1.148511443e+00, 1.171481672e+02, 1.162627751e+02, -1.017299283e+02, 2.538496394e+05
6860, 1.000000000e-01, 1.166666667e-02, 1.500000000e-02, 1.148511443e+00, 1.171481672e+02, 1.307956220e+02, -1.017299283e+02, 2.554127331e+05
6861, 1.000000000e-01, 1.166666667e-02, 1.666666667e-02, 1.148511443e+00, 1.171481672e+02, 1.453284689e+02, -1.017299283e+02, 2.571597201e+05
6862, 1.000000000e-01, 1.166666667e-02, 1.833333333e-02, 1.148511443e+00, 1.171481672e+02, 1.598613158e+02, -1.017299283e+02, 2.590906004e+05
6863, 1.000000000e-01, 1.166666667e-02, 2.000000000e-02, 1.148511443e+00, 1.171481672e+02, 1.743941627e+02, -1.017299283e+02, 2.612053742e+05
6864, 1.000000000e-01, 1.333333333e-02, 0.000000000e+00, 1.148511443e+00, 1.171481672e+02, 0.000000000e+00, -1.162627751e+02, 2.493442519e+05
6865, 1.000000000e-01, 1.333333333e-02, 1.666666667e-03, 1.148511443e+00, 1.171481672e+02, 1.453284689e+01, -1.162627751e+02, 2.494361986e+05
6866, 1.000000000e-01, 1.333333333e-02, 3.333333333e-03, 1.148511443e+00, 1.171481672e+02, 2.906569379e+01, -1.162627751e+02, 2.497120386e+05
6867, 1.000000000e-01, 1.333333333e-02, 5.000000000e-03, 1.148511443e+00, 1.171481672e+02, 4.359854068e+01, -1.162627751e+02, 2.501717720e+05
6868, 1.000000000e-01, 1.333333333e-02, 6.666666667e-03, 1.148511443e+00, 1.171481672e+02, 5.813138757e+01, -1.162627751e+02, 2.508153988e+05
6869, 1.000000000e-01, 1.333333333e-02, 8.333333333e-03, 1.148511443e+00, 1.171481672e+02, 7.266423447e+01, -1.162627751e+02, 2.516429190e+05
6870, 1.000000000e-01, 1.333333333e-02, 1.000000000e-02, 1.148511443e+00, 1.171481672e+02, 8.719708136e+01, -1.162627751e+02, 2.526543325e+05
6871, 1.000000000e-01, 1.333333333e-02, 1.166666667e-02, 1.148511443e+00, 1.171481672e+02, 1.017299283e+02, -1.162627751e+02, 2.538496394e+05
6872, 1.000000000e-01, 1.333333333e-02, 1.333333333e-02, 1.148511443e+00, 1.171481672e+02, 1.162627751e+02, -1.162627751e+02, 2.552288397e+05
6873, 1.000000000e-01, 1.333333333e-02, 1.500000000e-02, 1.148511443e+00, 1.171481672e+02, 1.307956220e+02, -1.162627751e+02, 2.567919333e+05
6874, 1.000000000e-01, 1.333333333e-02, 1.666666667e-02, 1.148511443e+00, 1.171481672e+02, 1.453284689e+02, -1.162627751e+02, 2.585389203e+05
6875, 1.000000000e-01, 1.333333333e-02, 1.833333333e-02, 1.148511443e+00, 1.171481672e+02, 1.598613158e+02, -1.162627751e+02, 2.604698007e+05
6876, 1.000000000e-01, 1.333333333e-02, 2.000000000e-02, 1.148511443e+00, 1.171481672e+02, 1.743941627e+02, -1.162627751e+02, 2.625845745e+05
6877, 1.000000000e-01, 1.500000000e-02, 0.000000000e+00, 1.148511443e+00, 1.171481672e+02, 0.000000000e+00, -1.307956220e+02, 2.509073455e+05
6878, 1.000000000e-01, 1.500000000e-02, 1.666666667e-03, 1.148511443e+00, 1.171481672e+02, 1.453284689e+01, -1.307956220e+02, 2.509992922e+05
6879, 1.000000000e-01, 1.500000000e-02, 3.333333333e-03, 1.148511443e+00, 1.171481672e+02, 2.906569379e+01, -1.307956220e+02, 2.512751323e+05
6880, 1.000000000e-01, 1.500000000e-02, 5.000000000e-03, 1.148511443e+00, 1.171481672e+02, 4.359854068e+01, -1.307956220e+02, 2.517348657e+05
6881, 1.000000000e-01, 1.500000000e-02, 6.666666667e-03, 1.148511443e+00, 1.171481672e+02, 5.813138757e+01, -1.307956220e+02, 2.523784925e+05
6882, 1.000000000e-01, 1.500000000e-02, 8.333333333e-03, 1.148511443e+00, 1.171481672e+02, 7.266423447e+01, -1.307956220e+02, 2.532060126e+05
6883, 1.000000000e-01, 1.500000000e-02, 1.000000000e-02, 1.148511443e+00, 1.171481672e+02, 8.719708136e+01, -1.307956220e+02, 2.542174262e+05
6884, 1.000000000e-01, 1.500000000e-02, 1.166666667e-02, 1.148511443e+00, 1.171481672e+02, 1.017299283e+02, -1.307956220e+02, 2.554127331e+05
6885, 1.000000000e-01, 1.500000000e-02, 1.333333333e-02, 1.148511443e+00, 1.171481672e+02, 1.162627751e+02, -1.307956220e+02, 2.567919333e+05
6886, 1.000000000e-01, 1.500000000e-02, 1.500000000e-02, 1.148511443e+00, 1.171481672e+02, 1.307956220e+02, -1.307956220e+02, 2.583550270e+05
6887, 1.000000000e-01, 1.500000000e-02, 1.666666667e-02, 1.148511443e+00, 1.171481672e+02, 1.453284689e+02, -1.307956220e+02, 2.601020140e+05
6888, 1.000000000e-01, 1.500000000e-02, 1.833333333e-02, 1.148511443e+00, 1.171481672e+02, 1.598613158e+02, -1.307956220e+02, 2.620328944e+05
6889, 1.000000000e-01, 1.500000000e-02, 2.000000000e-02, 1.148511443e+00, 1.171481672e+02, 1.743941627e+02, -1.307956220e+02, 2.641476681e+05
6890, 1.000000000e-01, 1.666666667e-02, 0.000000000e+00, 1.148511443e+00, 1.171481672e+02, 0.000000000e+00, -1.453284689e+02, 2.526543325e+05
6891, 1.000000000e-01, 1.666666667e-02, 1.666666667e-03, 1.148511443e+00, 1.171481672e+02, 1.453284689e+01, -1.453284689e+02, 2.527462792e+05
6892, 1.000000000e-01, 1.666666667e-02, 3.333333333e-03, 1.148511443e+00, 1.171481672e+02, 2.906569379e+01, -1.453284689e+02, 2.530221193e+05
6893, 1.000000000e-01, 1.666666667e-02, 5.000000000e-03, 1.148511443e+00, 1.171481672e+02, 4.359854068e+01, -1.453284689e+02, 2.534818527e+05
6894, 1.000000000e-01, 1.666666667e-02, 6.666666667e-03, 1.148511443e+00, 1.171481672e+02, 5.813138757e+01, -1.453284689e+02, 2.541254795e+05
6895, 1.000000000e-01, 1.666666667e-02, 8.333333333e-03, 1.148511443e+00, 1.171481672e+02, 7.266423447e+01, -1.453284689e+02, 2.549529996e+05
6896, 1.000000000e-01, 1.666666667e-02, 1.000000000e-02, 1.148511443e+00, 1.171481672e+02, 8.719708136e+01, -1.453284689e+02, 2.559644132e+05
6897, 1.000000000e-01, 1.666666667e-02, 1.166666667e-02, 1.148511443e+00, 1.171481672e+02, 1.017299283e+02, -1.453284689e+02, 2.571597201e+05
6898, 1.000000000e-01, 1.666666667e-02, 1.333333333e-02, 1.148511443e+00, 1.171481672e+02, 1.162627751e+02, -1.453284689e+02, 2.585389203e+05
6899, 1.000000000e-01, 1.666666667e-02, 1.500000000e-02, 1.148511443e+00, 1.171481672e+02, 1.307956220e+02, -1.453284689e+02, 2.601020140e+05
6900, 1.000000000e-01, 1.666666667e-02, 1.666666667e-02, 1.148511443e+00, 1.171481672e+02, 1.453284689e+02, -1.453284689e+02, 2.618490010e+05
6901, 1.000000000e-01, 1.666666667e-02, 1.833333333e-02, 1.148511443e+00, 1.171481672e+02, 1.598613158e+02, -1.453284689e+02, 2.637798814e+05
6902, 1.000000000e-01, 1.666666667e-02, 2.000000000e-02, 1.148511443e+00, 1.171481672e+02, 1.743941627e+02, -1.453284689e+02, 2.658946551e+05
6903, 1.000000000e-01, 1.833333333e-02, 0.000000000e+00, 1.148511443e+00, 1.171481672e+02, 0.000000000e+00, -1.598613158e+02, 2.545852129e+05
6904, 1.000000000e-01, 1.833333333e-02, 1.666666667e-03, 1.148511443e+00, 1.171481672e+02, 1.453284689e+01, -1.598613158e+02, 2.546771596e+05
6905, 1.000000000e-01, 1.833333333e-02, 3.333333333e-03, 1.148511443e+00, 1.171481672e+02, 2.906569379e+01, -1.598613158e+02, 2.549529996e+05
6906, 1.000000000e-01, 1.833333333e-02, 5.000000000e-03, 1.148511443e+00, 1.171481672e+02, 4.359854068e+01, -1.598613158e+02, 2.554127331e+05
6907, 1.000000000e-01, 1.833333333e-02, 6.666666667e-03, 1.148511443e+00, 1.171481672e+02, 5.813138757e+01, -1.598613158e+02, 2.560563599e+05
6908, 1.000000000e-01, 1.833333333e-02, 8.333333333e-03, 1.148511443e+00, 1.171481672e+02, 7.266423447e+01, -1.598613158e+02, 2.568838800e+05
6909, 1.000000000e-01, 1.833333333e-02, 1.000000000e-02, 1.148511443e+00, 1.171481672e+02, 8.719708136e+01, -1.598613158e+02, 2.578952935e+05
6910, 1.000000000e-01, 1.833333333e-02, 1.166666667e-02, 1.148511443e+00, 1.171481672e+02, 1.017299283e+02, -1.598613158e+02, 2.590906004e+05
6911, 1.000000000e-01, 1.833333333e-02, 1.333333333e-02, 1.148511443e+00, 1.171481672e+02, 1.162627751e+02, -1.598613158e+02, 2.604698007e+05
6912, 1.000000000e-01, 1.833333333e-02, 1.500000000e-02, 1.148511443e+00, 1.171481672e+02, 1.307956220e+02, -1.598613158e+02, 2.620328944e+05
6913, 1.000000000e-01, 1.833333333e-02, 1.666666667e-02, 1.148511443e+00, 1.171481672e+02, 1.453284689e+02, -1.598613158e+02, 2.637798814e+05
6914, 1.000000000e-01, 1.833333333e-02, 1.833333333e-02, 1.148511443e+00, 1.171481672e+02, 1.598613158e+02, -1.598613158e+02, 2.657107617e+05
6915, 1.000000000e-01, 1.833333333e-02, 2.000000000e-02, 1.148511443e+00, 1.171481672e+02, 1.743941627e+02, -1.598613158e+02, 2.678255355e+05
6916, 1.000000000e-01, 2.000000000e-02, 0.000000000e+00, 1.148511443e+00, 1.171481672e+02, 0.000000000e+00, -1.743941627e+02, 2.566999866e+05
6917, 1.000000000e-01, 2.000000000e-02, 1.666666667e-03, 1.148511443e+00, 1.171481672e+02, 1.453284689e+01, -1.743941627e+02, 2.567919333e+05
6918, 1.000000000e-01, 2.000000000e-02, 3.333333333e-03, 1.148511443e+00, 1.171481672e+02, 2.906569379e+01, -1.743941627e+02, 2.570677734e+05
6919, 1.000000000e-01, 2.000000000e-02, 5.000000000e-03, 1.148511443e+00, 1.171481672e+02, 4.359854068e+01, -1.743941627e+02, 2.575275068e+05
6920, 1.000000000e-01, 2.000000000e-02, 6.666666667e-03, 1.148511443e+00, 1.171481672e+02, 5.813138757e+01, -1.743941627e+02, 2.581711336e+05
6921, 1.000000000e-01, 2.000000000e-02, 8.333333333e-03, 1.148511443e+00, 1.171481672e+02, 7.266423447e+01, -1.743941627e+02, 2.589986538e+05
6922, 1.000000000e-01, 2.000000000e-02, 1.000000000e-02, 1.148511443e+00, 1.171481672e+02, 8.719708136e+01, -1.743941627e+02, 2.600100673e+05
6923, 1.000000000e-01, 2.000000000e-02, 1.166666667e-02, 1.148511443e+00, 1.171481672e+02, 1.017299283e+02, -1.743941627e+02, 2.612053742e+05
6924, 1.000000000e-01, 2.000000000e-02, 1.333333333e-02, 1.148511443e+00, 1.171481672e+02, 1.162627751e+02, -1.743941627e+02, 2.625845745e+05
6925, 1.000000000e-01, 2.000000000e-02, 1.500000000e-02, 1.148511443e+00, 1.171481672e+02, 1.307956220e+02, -1.743941627e+02, 2.641476681e+05
6926, 1.000000000e-01, 2.000000000e-02, 1.666666667e-02, 1.148511443e+00, 1.171481672e+02, 1.453284689e+02, -1.743941627e+02, 2.658946551e+05
6927, 1.000000000e-01, 2.000000000e-02, 1.833333333e-02, 1.148511443e+00, 1.171481672e+02, 1.598613158e+02, -1.743941627e+02, 2.678255355e+05
6928, 1.000000000e-01, 2.000000000e-02, 2.000000000e-02, 1.148511443e+00, 1.171481672e+02, 1.743941627e+02, -1.743941627e+02, 2.699403092e+05
