NDIME= 3
NELEM= 5760
12 0 169 182 13 1 170 183 14 0
12 1 170 183 14 2 171 184 15 1
12 2 171 184 15 3 172 185 16 2
12 3 172 185 16 4 173 186 17 3
12 4 173 186 17 5 174 187 18 4
12 5 174 187 18 6 175 188 19 5
12 6 175 188 19 7 176 189 20 6
12 7 176 189 20 8 177 190 21 7
12 8 177 190 21 9 178 191 22 8
12 9 178 191 22 10 179 192 23 9
12 10 179 192 23 11 180 193 24 10
12 11 180 193 24 12 181 194 25 11
12 13 182 195 26 14 183 196 27 12
12 14 183 196 27 15 184 197 28 13
12 15 184 197 28 16 185 198 29 14
12 16 185 198 29 17 186 199 30 15
12 17 186 199 30 18 187 200 31 16
12 18 187 200 31 19 188 201 32 17
12 19 188 201 32 20 189 202 33 18
12 20 189 202 33 21 190 203 34 19
12 21 190 203 34 22 191 204 35 20
12 22 191 204 35 23 192 205 36 21
12 23 192 205 36 24 193 206 37 22
12 24 193 206 37 25 194 207 38 23
12 26 195 208 39 27 196 209 40 24
12 27 196 209 40 28 197 210 41 25
12 28 197 210 41 29 198 211 42 26
12 29 198 211 42 30 199 212 43 27
12 30 199 212 43 31 200 213 44 28
12 31 200 213 44 32 201 214 45 29
12 32 201 214 45 33 202 215 46 30
12 33 202 215 46 34 203 216 47 31
12 34 203 216 47 35 204 217 48 32
12 35 204 217 48 36 205 218 49 33
12 36 205 218 49 37 206 219 50 34
12 37 206 219 50 38 207 220 51 35
12 39 208 221 52 40 209 222 53 36
12 40 209 222 53 41 210 223 54 37
12 41 210 223 54 42 211 224 55 38
12 42 211 224 55 43 212 225 56 39
12 43 212 225 56 44 213 226 57 40
12 44 213 226 57 45 214 227 58 41
12 45 214 227 58 46 215 228 59 42
12 46 215 228 59 47 216 229 60 43
12 47 216 229 60 48 217 230 61 44
12 48 217 230 61 49 218 231 62 45
12 49 218 231 62 50 219 232 63 46
12 50 219 232 63 51 220 233 64 47
12 52 221 234 65 53 222 235 66 48
12 53 222 235 66 54 223 236 67 49
12 54 223 236 67 55 224 237 68 50
12 55 224 237 68 56 225 238 69 51
12 56 225 238 69 57 226 239 70 52
12 57 226 239 70 58 227 240 71 53
12 58 227 240 71 59 228 241 72 54
12 59 228 241 72 60 229 242 73 55
12 60 229 242 73 61 230 243 74 56
12 61 230 243 74 62 231 244 75 57
12 62 231 244 75 63 232 245 76 58
12 63 232 245 76 64 233 246 77 59
12 65 234 247 78 66 235 248 79 60
12 66 235 248 79 67 236 249 80 61
12 67 236 249 80 68 237 250 81 62
12 68 237 250 81 69 238 251 82 63
12 69 238 251 82 70 239 252 83 64
12 70 239 252 83 71 240 253 84 65
12 71 240 253 84 72 241 254 85 66
12 72 241 254 85 73 242 255 86 67
12 73 242 255 86 74 243 256 87 68
12 74 243 256 87 75 244 257 88 69
12 75 244 257 88 76 245 258 89 70
12 76 245 258 89 77 246 259 90 71
12 78 247 260 91 79 248 261 92 72
12 79 248 261 92 80 249 262 93 73
12 80 249 262 93 81 250 263 94 74
12 81 250 263 94 82 251 264 95 75
12 82 251 264 95 83 252 265 96 76
12 83 252 265 96 84 253 266 97 77
12 84 253 266 97 85 254 267 98 78
12 85 254 267 98 86 255 268 99 79
12 86 255 268 99 87 256 269 100 80
12 87 256 269 100 88 257 270 101 81
12 88 257 270 101 89 258 271 102 82
12 89 258 271 102 90 259 272 103 83
12 91 260 273 104 92 261 274 105 84
12 92 261 274 105 93 262 275 106 85
12 93 262 275 106 94 263 276 107 86
12 94 263 276 107 95 264 277 108 87
12 95 264 277 108 96 265 278 109 88
12 96 265 278 109 97 266 279 110 89
12 97 266 279 110 98 267 280 111 90
12 98 267 280 111 99 268 281 112 91
12 99 268 281 112 100 269 282 113 92
12 100 269 282 113 101 270 283 114 93
12 101 270 283 114 102 271 284 115 94
12 102 271 284 115 103 272 285 116 95
12 104 273 286 117 105 274 287 118 96
12 105 274 287 118 106 275 288 119 97
12 106 275 288 119 107 276 289 120 98
12 107 276 289 120 108 277 290 121 99
12 108 277 290 121 109 278 291 122 100
12 109 278 291 122 110 279 292 123 101
12 110 279 292 123 111 280 293 124 102
12 111 280 293 124 112 281 294 125 103
12 112 281 294 125 113 282 295 126 104
12 113 282 295 126 114 283 296 127 105
12 114 283 296 127 115 284 297 128 106
12 115 284 297 128 116 285 298 129 107
12 117 286 299 130 118 287 300 131 108
12 118 287 300 131 119 288 301 132 109
12 119 288 301 132 120 289 302 133 110
12 120 289 302 133 121 290 303 134 111
12 121 290 303 134 122 291 304 135 112
12 122 291 304 135 123 292 305 136 113
12 123 292 305 136 124 293 306 137 114
12 124 293 306 137 125 294 307 138 115
12 125 294 307 138 126 295 308 139 116
12 126 295 308 139 127 296 309 140 117
12 127 296 309 140 128 297 310 141 118
12 128 297 310 141 129 298 311 142 119
12 130 299 312 143 131 300 313 144 120
12 131 300 313 144 132 301 314 145 121
12 132 301 314 145 133 302 315 146 122
12 133 302 315 146 134 303 316 147 123
12 134 303 316 147 135 304 317 148 124
12 135 304 317 148 136 305 318 149 125
12 136 305 318 149 137 306 319 150 126
12 137 306 319 150 138 307 320 151 127
12 138 307 320 151 139 308 321 152 128
12 139 308 321 152 140 309 322 153 129
12 140 309 322 153 141 310 323 154 130
12 141 310 323 154 142 311 324 155 131
12 143 312 325 156 144 313 326 157 132
12 144 313 326 157 145 314 327 158 133
12 145 314 327 158 146 315 328 159 134
12 146 315 328 159 147 316 329 160 135
12 147 316 329 160 148 317 330 161 136
12 148 317 330 161 149 318 331 162 137
12 149 318 331 162 150 319 332 163 138
12 150 319 332 163 151 320 333 164 139
12 151 320 333 164 152 321 334 165 140
12 152 321 334 165 153 322 335 166 141
12 153 322 335 166 154 323 336 167 142
12 154 323 336 167 155 324 337 168 143
12 169 338 351 182 170 339 352 183 144
12 170 339 352 183 171 340 353 184 145
12 171 340 353 184 172 341 354 185 146
12 172 341 354 185 173 342 355 186 147
12 173 342 355 186 174 343 356 187 148
12 174 343 356 187 175 344 357 188 149
12 175 344 357 188 176 345 358 189 150
12 176 345 358 189 177 346 359 190 151
12 177 346 359 190 178 347 360 191 152
12 178 347 360 191 179 348 361 192 153
12 179 348 361 192 180 349 362 193 154
12 180 349 362 193 181 350 363 194 155
12 182 351 364 195 183 352 365 196 156
12 183 352 365 196 184 353 366 197 157
12 184 353 366 197 185 354 367 198 158
12 185 354 367 198 186 355 368 199 159
12 186 355 368 199 187 356 369 200 160
12 187 356 369 200 188 357 370 201 161
12 188 357 370 201 189 358 371 202 162
12 189 358 371 202 190 359 372 203 163
12 190 359 372 203 191 360 373 204 164
12 191 360 373 204 192 361 374 205 165
12 192 361 374 205 193 362 375 206 166
12 193 362 375 206 194 363 376 207 167
12 195 364 377 208 196 365 378 209 168
12 196 365 378 209 197 366 379 210 169
12 197 366 379 210 198 367 380 211 170
12 198 367 380 211 199 368 381 212 171
12 199 368 381 212 200 369 382 213 172
12 200 369 382 213 201 370 383 214 173
12 201 370 383 214 202 371 384 215 174
12 202 371 384 215 203 372 385 216 175
12 203 372 385 216 204 373 386 217 176
12 204 373 386 217 205 374 387 218 177
12 205 374 387 218 206 375 388 219 178
12 206 375 388 219 207 376 389 220 179
12 208 377 390 221 209 378 391 222 180
12 209 378 391 222 210 379 392 223 181
12 210 379 392 223 211 380 393 224 182
12 211 380 393 224 212 381 394 225 183
12 212 381 394 225 213 382 395 226 184
12 213 382 395 226 214 383 396 227 185
12 214 383 396 227 215 384 397 228 186
12 215 384 397 228 216 385 398 229 187
12 216 385 398 229 217 386 399 230 188
12 217 386 399 230 218 387 400 231 189
12 218 387 400 231 219 388 401 232 190
12 219 388 401 232 220 389 402 233 191
12 221 390 403 234 222 391 404 235 192
12 222 391 404 235 223 392 405 236 193
12 223 392 405 236 224 393 406 237 194
12 224 393 406 237 225 394 407 238 195
12 225 394 407 238 226 395 408 239 196
12 226 395 408 239 227 396 409 240 197
12 227 396 409 240 228 397 410 241 198
12 228 397 410 241 229 398 411 242 199
12 229 398 411 242 230 399 412 243 200
12 230 399 412 243 231 400 413 244 201
12 231 400 413 244 232 401 414 245 202
12 232 401 414 245 233 402 415 246 203
12 234 403 416 247 235 404 417 248 204
12 235 404 417 248 236 405 418 249 205
12 236 405 418 249 237 406 419 250 206
12 237 406 419 250 238 407 420 251 207
12 238 407 420 251 239 408 421 252 208
12 239 408 421 252 240 409 422 253 209
12 240 409 422 253 241 410 423 254 210
12 241 410 423 254 242 411 424 255 211
12 242 411 424 255 243 412 425 256 212
12 243 412 425 256 244 413 426 257 213
12 244 413 426 257 245 414 427 258 214
12 245 414 427 258 246 415 428 259 215
12 247 416 429 260 248 417 430 261 216
12 248 417 430 261 249 418 431 262 217
12 249 418 431 262 250 419 432 263 218
12 250 419 432 263 251 420 433 264 219
12 251 420 433 264 252 421 434 265 220
12 252 421 434 265 253 422 435 266 221
12 253 422 435 266 254 423 436 267 222
12 254 423 436 267 255 424 437 268 223
12 255 424 437 268 256 425 438 269 224
12 256 425 438 269 257 426 439 270 225
12 257 426 439 270 258 427 440 271 226
12 258 427 440 271 259 428 441 272 227
12 260 429 442 273 261 430 443 274 228
12 261 430 443 274 262 431 444 275 229
12 262 431 444 275 263 432 445 276 230
12 263 432 445 276 264 433 446 277 231
12 264 433 446 277 265 434 447 278 232
12 265 434 447 278 266 435 448 279 233
12 266 435 448 279 267 436 449 280 234
12 267 436 449 280 268 437 450 281 235
12 268 437 450 281 269 438 451 282 236
12 269 438 451 282 270 439 452 283 237
12 270 439 452 283 271 440 453 284 238
12 271 440 453 284 272 441 454 285 239
12 273 442 455 286 274 443 456 287 240
12 274 443 456 287 275 444 457 288 241
12 275 444 457 288 276 445 458 289 242
12 276 445 458 289 277 446 459 290 243
12 277 446 459 290 278 447 460 291 244
12 278 447 460 291 279 448 461 292 245
12 279 448 461 292 280 449 462 293 246
12 280 449 462 293 281 450 463 294 247
12 281 450 463 294 282 451 464 295 248
12 282 451 464 295 283 452 465 296 249
12 283 452 465 296 284 453 466 297 250
12 284 453 466 297 285 454 467 298 251
12 286 455 468 299 287 456 469 300 252
12 287 456 469 300 288 457 470 301 253
12 288 457 470 301 289 458 471 302 254
12 289 458 471 302 290 459 472 303 255
12 290 459 472 303 291 460 473 304 256
12 291 460 473 304 292 461 474 305 257
12 292 461 474 305 293 462 475 306 258
12 293 462 475 306 294 463 476 307 259
12 294 463 476 307 295 464 477 308 260
12 295 464 477 308 296 465 478 309 261
12 296 465 478 309 297 466 479 310 262
12 297 466 479 310 298 467 480 311 263
12 299 468 481 312 300 469 482 313 264
12 300 469 482 313 301 470 483 314 265
12 301 470 483 314 302 471 484 315 266
12 302 471 484 315 303 472 485 316 267
12 303 472 485 316 304 473 486 317 268
12 304 473 486 317 305 474 487 318 269
12 305 474 487 318 306 475 488 319 270
12 306 475 488 319 307 476 489 320 271
12 307 476 489 320 308 477 490 321 272
12 308 477 490 321 309 478 491 322 273
12 309 478 491 322 310 479 492 323 274
12 310 479 492 323 311 480 493 324 275
12 312 481 494 325 313 482 495 326 276
12 313 482 495 326 314 483 496 327 277
12 314 483 496 327 315 484 497 328 278
12 315 484 497 328 316 485 498 329 279
12 316 485 498 329 317 486 499 330 280
12 317 486 499 330 318 487 500 331 281
12 318 487 500 331 319 488 501 332 282
12 319 488 501 332 320 489 502 333 283
12 320 489 502 333 321 490 503 334 284
12 321 490 503 334 322 491 504 335 285
12 322 491 504 335 323 492 505 336 286
12 323 492 505 336 324 493 506 337 287
12 338 507 520 351 339 508 521 352 288
12 339 508 521 352 340 509 522 353 289
12 340 509 522 353 341 510 523 354 290
12 341 510 523 354 342 511 524 355 291
12 342 511 524 355 343 512 525 356 292
12 343 512 525 356 344 513 526 357 293
12 344 513 526 357 345 514 527 358 294
12 345 514 527 358 346 515 528 359 295
12 346 515 528 359 347 516 529 360 296
12 347 516 529 360 348 517 530 361 297
12 348 517 530 361 349 518 531 362 298
12 349 518 531 362 350 519 532 363 299
12 351 520 533 364 352 521 534 365 300
12 352 521 534 365 353 522 535 366 301
12 353 522 535 366 354 523 536 367 302
12 354 523 536 367 355 524 537 368 303
12 355 524 537 368 356 525 538 369 304
12 356 525 538 369 357 526 539 370 305
12 357 526 539 370 358 527 540 371 306
12 358 527 540 371 359 528 541 372 307
12 359 528 541 372 360 529 542 373 308
12 360 529 542 373 361 530 543 374 309
12 361 530 543 374 362 531 544 375 310
12 362 531 544 375 363 532 545 376 311
12 364 533 546 377 365 534 547 378 312
12 365 534 547 378 366 535 548 379 313
12 366 535 548 379 367 536 549 380 314
12 367 536 549 380 368 537 550 381 315
12 368 537 550 381 369 538 551 382 316
12 369 538 551 382 370 539 552 383 317
12 370 539 552 383 371 540 553 384 318
12 371 540 553 384 372 541 554 385 319
12 372 541 554 385 373 542 555 386 320
12 373 542 555 386 374 543 556 387 321
12 374 543 556 387 375 544 557 388 322
12 375 544 557 388 376 545 558 389 323
12 377 546 559 390 378 547 560 391 324
12 378 547 560 391 379 548 561 392 325
12 379 548 561 392 380 549 562 393 326
12 380 549 562 393 381 550 563 394 327
12 381 550 563 394 382 551 564 395 328
12 382 551 564 395 383 552 565 396 329
12 383 552 565 396 384 553 566 397 330
12 384 553 566 397 385 554 567 398 331
12 385 554 567 398 386 555 568 399 332
12 386 555 568 399 387 556 569 400 333
12 387 556 569 400 388 557 570 401 334
12 388 557 570 401 389 558 571 402 335
12 390 559 572 403 391 560 573 404 336
12 391 560 573 404 392 561 574 405 337
12 392 561 574 405 393 562 575 406 338
12 393 562 575 406 394 563 576 407 339
12 394 563 576 407 395 564 577 408 340
12 395 564 577 408 396 565 578 409 341
12 396 565 578 409 397 566 579 410 342
12 397 566 579 410 398 567 580 411 343
12 398 567 580 411 399 568 581 412 344
12 399 568 581 412 400 569 582 413 345
12 400 569 582 413 401 570 583 414 346
12 401 570 583 414 402 571 584 415 347
12 403 572 585 416 404 573 586 417 348
12 404 573 586 417 405 574 587 418 349
12 405 574 587 418 406 575 588 419 350
12 406 575 588 419 407 576 589 420 351
12 407 576 589 420 408 577 590 421 352
12 408 577 590 421 409 578 591 422 353
12 409 578 591 422 410 579 592 423 354
12 410 579 592 423 411 580 593 424 355
12 411 580 593 424 412 581 594 425 356
12 412 581 594 425 413 582 595 426 357
12 413 582 595 426 414 583 596 427 358
12 414 583 596 427 415 584 597 428 359
12 416 585 598 429 417 586 599 430 360
12 417 586 599 430 418 587 600 431 361
12 418 587 600 431 419 588 601 432 362
12 419 588 601 432 420 589 602 433 363
12 420 589 602 433 421 590 603 434 364
12 421 590 603 434 422 591 604 435 365
12 422 591 604 435 423 592 605 436 366
12 423 592 605 436 424 593 606 437 367
12 424 593 606 437 425 594 607 438 368
12 425 594 607 438 426 595 608 439 369
12 426 595 608 439 427 596 609 440 370
12 427 596 609 440 428 597 610 441 371
12 429 598 611 442 430 599 612 443 372
12 430 599 612 443 431 600 613 444 373
12 431 600 613 444 432 601 614 445 374
12 432 601 614 445 433 602 615 446 375
12 433 602 615 446 434 603 616 447 376
12 434 603 616 447 435 604 617 448 377
12 435 604 617 448 436 605 618 449 378
12 436 605 618 449 437 606 619 450 379
12 437 606 619 450 438 607 620 451 380
12 438 607 620 451 439 608 621 452 381
12 439 608 621 452 440 609 622 453 382
12 440 609 622 453 441 610 623 454 383
12 442 611 624 455 443 612 625 456 384
12 443 612 625 456 444 613 626 457 385
12 444 613 626 457 445 614 627 458 386
12 445 614 627 458 446 615 628 459 387
12 446 615 628 459 447 616 629 460 388
12 447 616 629 460 448 617 630 461 389
12 448 617 630 461 449 618 631 462 390
12 449 618 631 462 450 619 632 463 391
12 450 619 632 463 451 620 633 464 392
12 451 620 633 464 452 621 634 465 393
12 452 621 634 465 453 622 635 466 394
12 453 622 635 466 454 623 636 467 395
12 455 624 637 468 456 625 638 469 396
12 456 625 638 469 457 626 639 470 397
12 457 626 639 470 458 627 640 471 398
12 458 627 640 471 459 628 641 472 399
12 459 628 641 472 460 629 642 473 400
12 460 629 642 473 461 630 643 474 401
12 461 630 643 474 462 631 644 475 402
12 462 631 644 475 463 632 645 476 403
12 463 632 645 476 464 633 646 477 404
12 464 633 646 477 465 634 647 478 405
12 465 634 647 478 466 635 648 479 406
12 466 635 648 479 467 636 649 480 407
12 468 637 650 481 469 638 651 482 408
12 469 638 651 482 470 639 652 483 409
12 470 639 652 483 471 640 653 484 410
12 471 640 653 484 472 641 654 485 411
12 472 641 654 485 473 642 655 486 412
12 473 642 655 486 474 643 656 487 413
12 474 643 656 487 475 644 657 488 414
12 475 644 657 488 476 645 658 489 415
12 476 645 658 489 477 646 659 490 416
12 477 646 659 490 478 647 660 491 417
12 478 647 660 491 479 648 661 492 418
12 479 648 661 492 480 649 662 493 419
12 481 650 663 494 482 651 664 495 420
12 482 651 664 495 483 652 665 496 421
12 483 652 665 496 484 653 666 497 422
12 484 653 666 497 485 654 667 498 423
12 485 654 667 498 486 655 668 499 424
12 486 655 668 499 487 656 669 500 425
12 487 656 669 500 488 657 670 501 426
12 488 657 670 501 489 658 671 502 427
12 489 658 671 502 490 659 672 503 428
12 490 659 672 503 491 660 673 504 429
12 491 660 673 504 492 661 674 505 430
12 492 661 674 505 493 662 675 506 431
12 507 676 689 520 508 677 690 521 432
12 508 677 690 521 509 678 691 522 433
12 509 678 691 522 510 679 692 523 434
12 510 679 692 523 511 680 693 524 435
12 511 680 693 524 512 681 694 525 436
12 512 681 694 525 513 682 695 526 437
12 513 682 695 526 514 683 696 527 438
12 514 683 696 527 515 684 697 528 439
12 515 684 697 528 516 685 698 529 440
12 516 685 698 529 517 686 699 530 441
12 517 686 699 530 518 687 700 531 442
12 518 687 700 531 519 688 701 532 443
12 520 689 702 533 521 690 703 534 444
12 521 690 703 534 522 691 704 535 445
12 522 691 704 535 523 692 705 536 446
12 523 692 705 536 524 693 706 537 447
12 524 693 706 537 525 694 707 538 448
12 525 694 707 538 526 695 708 539 449
12 526 695 708 539 527 696 709 540 450
12 527 696 709 540 528 697 710 541 451
12 528 697 710 541 529 698 711 542 452
12 529 698 711 542 530 699 712 543 453
12 530 699 712 543 531 700 713 544 454
12 531 700 713 544 532 701 714 545 455
12 533 702 715 546 534 703 716 547 456
12 534 703 716 547 535 704 717 548 457
12 535 704 717 548 536 705 718 549 458
12 536 705 718 549 537 706 719 550 459
12 537 706 719 550 538 707 720 551 460
12 538 707 720 551 539 708 721 552 461
12 539 708 721 552 540 709 722 553 462
12 540 709 722 553 541 710 723 554 463
12 541 710 723 554 542 711 724 555 464
12 542 711 724 555 543 712 725 556 465
12 543 712 725 556 544 713 726 557 466
12 544 713 726 557 545 714 727 558 467
12 546 715 728 559 547 716 729 560 468
12 547 716 729 560 548 717 730 561 469
12 548 717 730 561 549 718 731 562 470
12 549 718 731 562 550 719 732 563 471
12 550 719 732 563 551 720 733 564 472
12 551 720 733 564 552 721 734 565 473
12 552 721 734 565 553 722 735 566 474
12 553 722 735 566 554 723 736 567 475
12 554 723 736 567 555 724 737 568 476
12 555 724 737 568 556 725 738 569 477
12 556 725 738 569 557 726 739 570 478
12 557 726 739 570 558 727 740 571 479
12 559 728 741 572 560 729 742 573 480
12 560 729 742 573 561 730 743 574 481
12 561 730 743 574 562 731 744 575 482
12 562 731 744 575 563 732 745 576 483
12 563 732 745 576 564 733 746 577 484
12 564 733 746 577 565 734 747 578 485
12 565 734 747 578 566 735 748 579 486
12 566 735 748 579 567 736 749 580 487
12 567 736 749 580 568 737 750 581 488
12 568 737 750 581 569 738 751 582 489
12 569 738 751 582 570 739 752 583 490
12 570 739 752 583 571 740 753 584 491
12 572 741 754 585 573 742 755 586 492
12 573 742 755 586 574 743 756 587 493
12 574 743 756 587 575 744 757 588 494
12 575 744 757 588 576 745 758 589 495
12 576 745 758 589 577 746 759 590 496
12 577 746 759 590 578 747 760 591 497
12 578 747 760 591 579 748 761 592 498
12 579 748 761 592 580 749 762 593 499
12 580 749 762 593 581 750 763 594 500
12 581 750 763 594 582 751 764 595 501
12 582 751 764 595 583 752 765 596 502
12 583 752 765 596 584 753 766 597 503
12 585 754 767 598 586 755 768 599 504
12 586 755 768 599 587 756 769 600 505
12 587 756 769 600 588 757 770 601 506
12 588 757 770 601 589 758 771 602 507
12 589 758 771 602 590 759 772 603 508
12 590 759 772 603 591 760 773 604 509
12 591 760 773 604 592 761 774 605 510
12 592 761 774 605 593 762 775 606 511
12 593 762 775 606 594 763 776 607 512
12 594 763 776 607 595 764 777 608 513
12 595 764 777 608 596 765 778 609 514
12 596 765 778 609 597 766 779 610 515
12 598 767 780 611 599 768 781 612 516
12 599 768 781 612 600 769 782 613 517
12 600 769 782 613 601 770 783 614 518
12 601 770 783 614 602 771 784 615 519
12 602 771 784 615 603 772 785 616 520
12 603 772 785 616 604 773 786 617 521
12 604 773 786 617 605 774 787 618 522
12 605 774 787 618 606 775 788 619 523
12 606 775 788 619 607 776 789 620 524
12 607 776 789 620 608 777 790 621 525
12 608 777 790 621 609 778 791 622 526
12 609 778 791 622 610 779 792 623 527
12 611 780 793 624 612 781 794 625 528
12 612 781 794 625 613 782 795 626 529
12 613 782 795 626 614 783 796 627 530
12 614 783 796 627 615 784 797 628 531
12 615 784 797 628 616 785 798 629 532
12 616 785 798 629 617 786 799 630 533
12 617 786 799 630 618 787 800 631 534
12 618 787 800 631 619 788 801 632 535
12 619 788 801 632 620 789 802 633 536
12 620 789 802 633 621 790 803 634 537
12 621 790 803 634 622 791 804 635 538
12 622 791 804 635 623 792 805 636 539
12 624 793 806 637 625 794 807 638 540
12 625 794 807 638 626 795 808 639 541
12 626 795 808 639 627 796 809 640 542
12 627 796 809 640 628 797 810 641 543
12 628 797 810 641 629 798 811 642 544
12 629 798 811 642 630 799 812 643 545
12 630 799 812 643 631 800 813 644 546
12 631 800 813 644 632 801 814 645 547
12 632 801 814 645 633 802 815 646 548
12 633 802 815 646 634 803 816 647 549
12 634 803 816 647 635 804 817 648 550
12 635 804 817 648 636 805 818 649 551
12 637 806 819 650 638 807 820 651 552
12 638 807 820 651 639 808 821 652 553
12 639 808 821 652 640 809 822 653 554
12 640 809 822 653 641 810 823 654 555
12 641 810 823 654 642 811 824 655 556
12 642 811 824 655 643 812 825 656 557
12 643 812 825 656 644 813 826 657 558
12 644 813 826 657 645 814 827 658 559
12 645 814 827 658 646 815 828 659 560
12 646 815 828 659 647 816 829 660 561
12 647 816 829 660 648 817 830 661 562
12 648 817 830 661 649 818 831 662 563
12 650 819 832 663 651 820 833 664 564
12 651 820 833 664 652 821 834 665 565
12 652 821 834 665 653 822 835 666 566
12 653 822 835 666 654 823 836 667 567
12 654 823 836 667 655 824 837 668 568
12 655 824 837 668 656 825 838 669 569
12 656 825 838 669 657 826 839 670 570
12 657 826 839 670 658 827 840 671 571
12 658 827 840 671 659 828 841 672 572
12 659 828 841 672 660 829 842 673 573
12 660 829 842 673 661 830 843 674 574
12 661 830 843 674 662 831 844 675 575
12 676 845 858 689 677 846 859 690 576
12 677 846 859 690 678 847 860 691 577
12 678 847 860 691 679 848 861 692 578
12 679 848 861 692 680 849 862 693 579
12 680 849 862 693 681 850 863 694 580
12 681 850 863 694 682 851 864 695 581
12 682 851 864 695 683 852 865 696 582
12 683 852 865 696 684 853 866 697 583
12 684 853 866 697 685 854 867 698 584
12 685 854 867 698 686 855 868 699 585
12 686 855 868 699 687 856 869 700 586
12 687 856 869 700 688 857 870 701 587
12 689 858 871 702 690 859 872 703 588
12 690 859 872 703 691 860 873 704 589
12 691 860 873 704 692 861 874 705 590
12 692 861 874 705 693 862 875 706 591
12 693 862 875 706 694 863 876 707 592
12 694 863 876 707 695 864 877 708 593
12 695 864 877 708 696 865 878 709 594
12 696 865 878 709 697 866 879 710 595
12 697 866 879 710 698 867 880 711 596
12 698 867 880 711 699 868 881 712 597
12 699 868 881 712 700 869 882 713 598
12 700 869 882 713 701 870 883 714 599
12 702 871 884 715 703 872 885 716 600
12 703 872 885 716 704 873 886 717 601
12 704 873 886 717 705 874 887 718 602
12 705 874 887 718 706 875 888 719 603
12 706 875 888 719 707 876 889 720 604
12 707 876 889 720 708 877 890 721 605
12 708 877 890 721 709 878 891 722 606
12 709 878 891 722 710 879 892 723 607
12 710 879 892 723 711 880 893 724 608
12 711 880 893 724 712 881 894 725 609
12 712 881 894 725 713 882 895 726 610
12 713 882 895 726 714 883 896 727 611
12 715 884 897 728 716 885 898 729 612
12 716 885 898 729 717 886 899 730 613
12 717 886 899 730 718 887 900 731 614
12 718 887 900 731 719 888 901 732 615
12 719 888 901 732 720 889 902 733 616
12 720 889 902 733 721 890 903 734 617
12 721 890 903 734 722 891 904 735 618
12 722 891 904 735 723 892 905 736 619
12 723 892 905 736 724 893 906 737 620
12 724 893 906 737 725 894 907 738 621
12 725 894 907 738 726 895 908 739 622
12 726 895 908 739 727 896 909 740 623
12 728 897 910 741 729 898 911 742 624
12 729 898 911 742 730 899 912 743 625
12 730 899 912 743 731 900 913 744 626
12 731 900 913 744 732 901 914 745 627
12 732 901 914 745 733 902 915 746 628
12 733 902 915 746 734 903 916 747 629
12 734 903 916 747 735 904 917 748 630
12 735 904 917 748 736 905 918 749 631
12 736 905 918 749 737 906 919 750 632
12 737 906 919 750 738 907 920 751 633
12 738 907 920 751 739 908 921 752 634
12 739 908 921 752 740 909 922 753 635
12 741 910 923 754 742 911 924 755 636
12 742 911 924 755 743 912 925 756 637
12 743 912 925 756 744 913 926 757 638
12 744 913 926 757 745 914 927 758 639
12 745 914 927 758 746 915 928 759 640
12 746 915 928 759 747 916 929 760 641
12 747 916 929 760 748 917 930 761 642
12 748 917 930 761 749 918 931 762 643
12 749 918 931 762 750 919 932 763 644
12 750 919 932 763 751 920 933 764 645
12 751 920 933 764 752 921 934 765 646
12 752 921 934 765 753 922 935 766 647
12 754 923 936 767 755 924 937 768 648
12 755 924 937 768 756 925 938 769 649
12 756 925 938 769 757 926 939 770 650
12 757 926 939 770 758 927 940 771 651
12 758 927 940 771 759 928 941 772 652
12 759 928 941 772 760 929 942 773 653
12 760 929 942 773 761 930 943 774 654
12 761 930 943 774 762 931 944 775 655
12 762 931 944 775 763 932 945 776 656
12 763 932 945 776 764 933 946 777 657
12 764 933 946 777 765 934 947 778 658
12 765 934 947 778 766 935 948 779 659
12 767 936 949 780 768 937 950 781 660
12 768 937 950 781 769 938 951 782 661
12 769 938 951 782 770 939 952 783 662
12 770 939 952 783 771 940 953 784 663
12 771 940 953 784 772 941 954 785 664
12 772 941 954 785 773 942 955 786 665
12 773 942 955 786 774 943 956 787 666
12 774 943 956 787 775 944 957 788 667
12 775 944 957 788 776 945 958 789 668
12 776 945 958 789 777 946 959 790 669
12 777 946 959 790 778 947 960 791 670
12 778 947 960 791 779 948 961 792 671
12 780 949 962 793 781 950 963 794 672
12 781 950 963 794 782 951 964 795 673
12 782 951 964 795 783 952 965 796 674
12 783 952 965 796 784 953 966 797 675
12 784 953 966 797 785 954 967 798 676
12 785 954 967 798 786 955 968 799 677
12 786 955 968 799 787 956 969 800 678
12 787 956 969 800 788 957 970 801 679
12 788 957 970 801 789 958 971 802 680
12 789 958 971 802 790 959 972 803 681
12 790 959 972 803 791 960 973 804 682
12 791 960 973 804 792 961 974 805 683
12 793 962 975 806 794 963 976 807 684
12 794 963 976 807 795 964 977 808 685
12 795 964 977 808 796 965 978 809 686
12 796 965 978 809 797 966 979 810 687
12 797 966 979 810 798 967 980 811 688
12 798 967 980 811 799 968 981 812 689
12 799 968 981 812 800 969 982 813 690
12 800 969 982 813 801 970 983 814 691
12 801 970 983 814 802 971 984 815 692
12 802 971 984 815 803 972 985 816 693
12 803 972 985 816 804 973 986 817 694
12 804 973 986 817 805 974 987 818 695
12 806 975 988 819 807 976 989 820 696
12 807 976 989 820 808 977 990 821 697
12 808 977 990 821 809 978 991 822 698
12 809 978 991 822 810 979 992 823 699
12 810 979 992 823 811 980 993 824 700
12 811 980 993 824 812 981 994 825 701
12 812 981 994 825 813 982 995 826 702
12 813 982 995 826 814 983 996 827 703
12 814 983 996 827 815 984 997 828 704
12 815 984 997 828 816 985 998 829 705
12 816 985 998 829 817 986 999 830 706
12 817 986 999 830 818 987 1000 831 707
12 819 988 1001 832 820 989 1002 833 708
12 820 989 1002 833 821 990 1003 834 709
12 821 990 1003 834 822 991 1004 835 710
12 822 991 1004 835 823 992 1005 836 711
12 823 992 1005 836 824 993 1006 837 712
12 824 993 1006 837 825 994 1007 838 713
12 825 994 1007 838 826 995 1008 839 714
12 826 995 1008 839 827 996 1009 840 715
12 827 996 1009 840 828 997 1010 841 716
12 828 997 1010 841 829 998 1011 842 717
12 829 998 1011 842 830 999 1012 843 718
12 830 999 1012 843 831 1000 1013 844 719
12 845 1014 1027 858 846 1015 1028 859 720
12 846 1015 1028 859 847 1016 1029 860 721
12 847 1016 1029 860 848 1017 1030 861 722
12 848 1017 1030 861 849 1018 1031 862 723
12 849 1018 1031 862 850 1019 1032 863 724
12 850 1019 1032 863 851 1020 1033 864 725
12 851 1020 1033 864 852 1021 1034 865 726
12 852 1021 1034 865 853 1022 1035 866 727
12 853 1022 1035 866 854 1023 1036 867 728
12 854 1023 1036 867 855 1024 1037 868 729
12 855 1024 1037 868 856 1025 1038 869 730
12 856 1025 1038 869 857 1026 1039 870 731
12 858 1027 1040 871 859 1028 1041 872 732
12 859 1028 1041 872 860 1029 1042 873 733
12 860 1029 1042 873 861 1030 1043 874 734
12 861 1030 1043 874 862 1031 1044 875 735
12 862 1031 1044 875 863 1032 1045 876 736
12 863 1032 1045 876 864 1033 1046 877 737
12 864 1033 1046 877 865 1034 1047 878 738
12 865 1034 1047 878 866 1035 1048 879 739
12 866 1035 1048 879 867 1036 1049 880 740
12 867 1036 1049 880 868 1037 1050 881 741
12 868 1037 1050 881 869 1038 1051 882 742
12 869 1038 1051 882 870 1039 1052 883 743
12 871 1040 1053 884 872 1041 1054 885 744
12 872 1041 1054 885 873 1042 1055 886 745
12 873 1042 1055 886 874 1043 1056 887 746
12 874 1043 1056 887 875 1044 1057 888 747
12 875 1044 1057 888 876 1045 1058 889 748
12 876 1045 1058 889 877 1046 1059 890 749
12 877 1046 1059 890 878 1047 1060 891 750
12 878 1047 1060 891 879 1048 1061 892 751
12 879 1048 1061 892 880 1049 1062 893 752
12 880 1049 1062 893 881 1050 1063 894 753
12 881 1050 1063 894 882 1051 1064 895 754
12 882 1051 1064 895 883 1052 1065 896 755
12 884 1053 1066 897 885 1054 1067 898 756
12 885 1054 1067 898 886 1055 1068 899 757
12 886 1055 1068 899 887 1056 1069 900 758
12 887 1056 1069 900 888 1057 1070 901 759
12 888 1057 1070 901 889 1058 1071 902 760
12 889 1058 1071 902 890 1059 1072 903 761
12 890 1059 1072 903 891 1060 1073 904 762
12 891 1060 1073 904 892 1061 1074 905 763
12 892 1061 1074 905 893 1062 1075 906 764
12 893 1062 1075 906 894 1063 1076 907 765
12 894 1063 1076 907 895 1064 1077 908 766
12 895 1064 1077 908 896 1065 1078 909 767
12 897 1066 1079 910 898 1067 1080 911 768
12 898 1067 1080 911 899 1068 1081 912 769
12 899 1068 1081 912 900 1069 1082 913 770
12 900 1069 1082 913 901 1070 1083 914 771
12 901 1070 1083 914 902 1071 1084 915 772
12 902 1071 1084 915 903 1072 1085 916 773
12 903 1072 1085 916 904 1073 1086 917 774
12 904 1073 1086 917 905 1074 1087 918 775
12 905 1074 1087 918 906 1075 1088 919 776
12 906 1075 1088 919 907 1076 1089 920 777
12 907 1076 1089 920 908 1077 1090 921 778
12 908 1077 1090 921 909 1078 1091 922 779
12 910 1079 1092 923 911 1080 1093 924 780
12 911 1080 1093 924 912 1081 1094 925 781
12 912 1081 1094 925 913 1082 1095 926 782
12 913 1082 1095 926 914 1083 1096 927 783
12 914 1083 1096 927 915 1084 1097 928 784
12 915 1084 1097 928 916 1085 1098 929 785
12 916 1085 1098 929 917 1086 1099 930 786
12 917 1086 1099 930 918 1087 1100 931 787
12 918 1087 1100 931 919 1088 1101 932 788
12 919 1088 1101 932 920 1089 1102 933 789
12 920 1089 1102 933 921 1090 1103 934 790
12 921 1090 1103 934 922 1091 1104 935 791
12 923 1092 1105 936 924 1093 1106 937 792
12 924 1093 1106 937 925 1094 1107 938 793
12 925 1094 1107 938 926 1095 1108 939 794
12 926 1095 1108 939 927 1096 1109 940 795
12 927 1096 1109 940 928 1097 1110 941 796
12 928 1097 1110 941 929 1098 1111 942 797
12 929 1098 1111 942 930 1099 1112 943 798
12 930 1099 1112 943 931 1100 1113 944 799
12 931 1100 1113 944 932 1101 1114 945 800
12 932 1101 1114 945 933 1102 1115 946 801
12 933 1102 1115 946 934 1103 1116 947 802
12 934 1103 1116 947 935 1104 1117 948 803
12 936 1105 1118 949 937 1106 1119 950 804
12 937 1106 1119 950 938 1107 1120 951 805
12 938 1107 1120 951 939 1108 1121 952 806
12 939 1108 1121 952 940 1109 1122 953 807
12 940 1109 1122 953 941 1110 1123 954 808
12 941 1110 1123 954 942 1111 1124 955 809
12 942 1111 1124 955 943 1112 1125 956 810
12 943 1112 1125 956 944 1113 1126 957 811
12 944 1113 1126 957 945 1114 1127 958 812
12 945 1114 1127 958 946 1115 1128 959 813
12 946 1115 1128 959 947 1116 1129 960 814
12 947 1116 1129 960 948 1117 1130 961 815
12 949 1118 1131 962 950 1119 1132 963 816
12 950 1119 1132 963 951 1120 1133 964 817
12 951 1120 1133 964 952 1121 1134 965 818
12 952 1121 1134 965 953 1122 1135 966 819
12 953 1122 1135 966 954 1123 1136 967 820
12 954 1123 1136 967 955 1124 1137 968 821
12 955 1124 1137 968 956 1125 1138 969 822
12 956 1125 1138 969 957 1126 1139 970 823
12 957 1126 1139 970 958 1127 1140 971 824
12 958 1127 1140 971 959 1128 1141 972 825
12 959 1128 1141 972 960 1129 1142 973 826
12 960 1129 1142 973 961 1130 1143 974 827
12 962 1131 1144 975 963 1132 1145 976 828
12 963 1132 1145 976 964 1133 1146 977 829
12 964 1133 1146 977 965 1134 1147 978 830
12 965 1134 1147 978 966 1135 1148 979 831
12 966 1135 1148 979 967 1136 1149 980 832
12 967 1136 1149 980 968 1137 1150 981 833
12 968 1137 1150 981 969 1138 1151 982 834
12 969 1138 1151 982 970 1139 1152 983 835
12 970 1139 1152 983 971 1140 1153 984 836
12 971 1140 1153 984 972 1141 1154 985 837
12 972 1141 1154 985 973 1142 1155 986 838
12 973 1142 1155 986 974 1143 1156 987 839
12 975 1144 1157 988 976 1145 1158 989 840
12 976 1145 1158 989 977 1146 1159 990 841
12 977 1146 1159 990 978 1147 1160 991 842
12 978 1147 1160 991 979 1148 1161 992 843
12 979 1148 1161 992 980 1149 1162 993 844
12 980 1149 1162 993 981 1150 1163 994 845
12 981 1150 1163 994 982 1151 1164 995 846
12 982 1151 1164 995 983 1152 1165 996 847
12 983 1152 1165 996 984 1153 1166 997 848
12 984 1153 1166 997 985 1154 1167 998 849
12 985 1154 1167 998 986 1155 1168 999 850
12 986 1155 1168 999 987 1156 1169 1000 851
12 988 1157 1170 1001 989 1158 1171 1002 852
12 989 1158 1171 1002 990 1159 1172 1003 853
12 990 1159 1172 1003 991 1160 1173 1004 854
12 991 1160 1173 1004 992 1161 1174 1005 855
12 992 1161 1174 1005 993 1162 1175 1006 856
12 993 1162 1175 1006 994 1163 1176 1007 857
12 994 1163 1176 1007 995 1164 1177 1008 858
12 995 1164 1177 1008 996 1165 1178 1009 859
12 996 1165 1178 1009 997 1166 1179 1010 860
12 997 1166 1179 1010 998 1167 1180 1011 861
12 998 1167 1180 1011 999 1168 1181 1012 862
12 999 1168 1181 1012 1000 1169 1182 1013 863
12 1014 1183 1196 1027 1015 1184 1197 1028 864
12 1015 1184 1197 1028 1016 1185 1198 1029 865
12 1016 1185 1198 1029 1017 1186 1199 1030 866
12 1017 1186 1199 1030 1018 1187 1200 1031 867
12 1018 1187 1200 1031 1019 1188 1201 1032 868
12 1019 1188 1201 1032 1020 1189 1202 1033 869
12 1020 1189 1202 1033 1021 1190 1203 1034 870
12 1021 1190 1203 1034 1022 1191 1204 1035 871
12 1022 1191 1204 1035 1023 1192 1205 1036 872
12 1023 1192 1205 1036 1024 1193 1206 1037 873
12 1024 1193 1206 1037 1025 1194 1207 1038 874
12 1025 1194 1207 1038 1026 1195 1208 1039 875
12 1027 1196 1209 1040 1028 1197 1210 1041 876
12 1028 1197 1210 1041 1029 1198 1211 1042 877
12 1029 1198 1211 1042 1030 1199 1212 1043 878
12 1030 1199 1212 1043 1031 1200 1213 1044 879
12 1031 1200 1213 1044 1032 1201 1214 1045 880
12 1032 1201 1214 1045 1033 1202 1215 1046 881
12 1033 1202 1215 1046 1034 1203 1216 1047 882
12 1034 1203 1216 1047 1035 1204 1217 1048 883
12 1035 1204 1217 1048 1036 1205 1218 1049 884
12 1036 1205 1218 1049 1037 1206 1219 1050 885
12 1037 1206 1219 1050 1038 1207 1220 1051 886
12 1038 1207 1220 1051 1039 1208 1221 1052 887
12 1040 1209 1222 1053 1041 1210 1223 1054 888
12 1041 1210 1223 1054 1042 1211 1224 1055 889
12 1042 1211 1224 1055 1043 1212 1225 1056 890
12 1043 1212 1225 1056 1044 1213 1226 1057 891
12 1044 1213 1226 1057 1045 1214 1227 1058 892
12 1045 1214 1227 1058 1046 1215 1228 1059 893
12 1046 1215 1228 1059 1047 1216 1229 1060 894
12 1047 1216 1229 1060 1048 1217 1230 1061 895
12 1048 1217 1230 1061 1049 1218 1231 1062 896
12 1049 1218 1231 1062 1050 1219 1232 1063 897
12 1050 1219 1232 1063 1051 1220 1233 1064 898
12 1051 1220 1233 1064 1052 1221 1234 1065 899
12 1053 1222 1235 1066 1054 1223 1236 1067 900
12 1054 1223 1236 1067 1055 1224 1237 1068 901
12 1055 1224 1237 1068 1056 1225 1238 1069 902
12 1056 1225 1238 1069 1057 1226 1239 1070 903
12 1057 1226 1239 1070 1058 1227 1240 1071 904
12 1058 1227 1240 1071 1059 1228 1241 1072 905
12 1059 1228 1241 1072 1060 1229 1242 1073 906
12 1060 1229 1242 1073 1061 1230 1243 1074 907
12 1061 1230 1243 1074 1062 1231 1244 1075 908
12 1062 1231 1244 1075 1063 1232 1245 1076 909
12 1063 1232 1245 1076 1064 1233 1246 1077 910
12 1064 1233 1246 1077 1065 1234 1247 1078 911
12 1066 1235 1248 1079 1067 1236 1249 1080 912
12 1067 1236 1249 1080 1068 1237 1250 1081 913
12 1068 1237 1250 1081 1069 1238 1251 1082 914
12 1069 1238 1251 1082 1070 1239 1252 1083 915
12 1070 1239 1252 1083 1071 1240 1253 1084 916
12 1071 1240 1253 1084 1072 1241 1254 1085 917
12 1072 1241 1254 1085 1073 1242 1255 1086 918
12 1073 1242 1255 1086 1074 1243 1256 1087 919
12 1074 1243 1256 1087 1075 1244 1257 1088 920
12 1075 1244 1257 1088 1076 1245 1258 1089 921
12 1076 1245 1258 1089 1077 1246 1259 1090 922
12 1077 1246 1259 1090 1078 1247 1260 1091 923
12 1079 1248 1261 1092 1080 1249 1262 1093 924
12 1080 1249 1262 1093 1081 1250 1263 1094 925
12 1081 1250 1263 1094 1082 1251 1264 1095 926
12 1082 1251 1264 1095 1083 1252 1265 1096 927
12 1083 1252 1265 1096 1084 1253 1266 1097 928
12 1084 1253 1266 1097 1085 1254 1267 1098 929
12 1085 1254 1267 1098 1086 1255 1268 1099 930
12 1086 1255 1268 1099 1087 1256 1269 1100 931
12 1087 1256 1269 1100 1088 1257 1270 1101 932
12 1088 1257 1270 1101 1089 1258 1271 1102 933
12 1089 1258 1271 1102 1090 1259 1272 1103 934
12 1090 1259 1272 1103 1091 1260 1273 1104 935
12 1092 1261 1274 1105 1093 1262 1275 1106 936
12 1093 1262 1275 1106 1094 1263 1276 1107 937
12 1094 1263 1276 1107 1095 1264 1277 1108 938
12 1095 1264 1277 1108 1096 1265 1278 1109 939
12 1096 1265 1278 1109 1097 1266 1279 1110 940
12 1097 1266 1279 1110 1098 1267 1280 1111 941
12 1098 1267 1280 1111 1099 1268 1281 1112 942
12 1099 1268 1281 1112 1100 1269 1282 1113 943
12 1100 1269 1282 1113 1101 1270 1283 1114 944
12 1101 1270 1283 1114 1102 1271 1284 1115 945
12 1102 1271 1284 1115 1103 1272 1285 1116 946
12 1103 1272 1285 1116 1104 1273 1286 1117 947
12 1105 1274 1287 1118 1106 1275 1288 1119 948
12 1106 1275 1288 1119 1107 1276 1289 1120 949
12 1107 1276 1289 1120 1108 1277 1290 1121 950
12 1108 1277 1290 1121 1109 1278 1291 1122 951
12 1109 1278 1291 1122 1110 1279 1292 1123 952
12 1110 1279 1292 1123 1111 1280 1293 1124 953
12 1111 1280 1293 1124 1112 1281 1294 1125 954
12 1112 1281 1294 1125 1113 1282 1295 1126 955
12 1113 1282 1295 1126 1114 1283 1296 1127 956
12 1114 1283 1296 1127 1115 1284 1297 1128 957
12 1115 1284 1297 1128 1116 1285 1298 1129 958
12 1116 1285 1298 1129 1117 1286 1299 1130 959
12 1118 1287 1300 1131 1119 1288 1301 1132 960
12 1119 1288 1301 1132 1120 1289 1302 1133 961
12 1120 1289 1302 1133 1121 1290 1303 1134 962
12 1121 1290 1303 1134 1122 1291 1304 1135 963
12 1122 1291 1304 1135 1123 1292 1305 1136 964
12 1123 1292 1305 1136 1124 1293 1306 1137 965
12 1124 1293 1306 1137 1125 1294 1307 1138 966
12 1125 1294 1307 1138 1126 1295 1308 1139 967
12 1126 1295 1308 1139 1127 1296 1309 1140 968
12 1127 1296 1309 1140 1128 1297 1310 1141 969
12 1128 1297 1310 1141 1129 1298 1311 1142 970
12 1129 1298 1311 1142 1130 1299 1312 1143 971
12 1131 1300 1313 1144 1132 1301 1314 1145 972
12 1132 1301 1314 1145 1133 1302 1315 1146 973
12 1133 1302 1315 1146 1134 1303 1316 1147 974
12 1134 1303 1316 1147 1135 1304 1317 1148 975
12 1135 1304 1317 1148 1136 1305 1318 1149 976
12 1136 1305 1318 1149 1137 1306 1319 1150 977
12 1137 1306 1319 1150 1138 1307 1320 1151 978
12 1138 1307 1320 1151 1139 1308 1321 1152 979
12 1139 1308 1321 1152 1140 1309 1322 1153 980
12 1140 1309 1322 1153 1141 1310 1323 1154 981
12 1141 1310 1323 1154 1142 1311 1324 1155 982
12 1142 1311 1324 1155 1143 1312 1325 1156 983
12 1144 1313 1326 1157 1145 1314 1327 1158 984
12 1145 1314 1327 1158 1146 1315 1328 1159 985
12 1146 1315 1328 1159 1147 1316 1329 1160 986
12 1147 1316 1329 1160 1148 1317 1330 1161 987
12 1148 1317 1330 1161 1149 1318 1331 1162 988
12 1149 1318 1331 1162 1150 1319 1332 1163 989
12 1150 1319 1332 1163 1151 1320 1333 1164 990
12 1151 1320 1333 1164 1152 1321 1334 1165 991
12 1152 1321 1334 1165 1153 1322 1335 1166 992
12 1153 1322 1335 1166 1154 1323 1336 1167 993
12 1154 1323 1336 1167 1155 1324 1337 1168 994
12 1155 1324 1337 1168 1156 1325 1338 1169 995
12 1157 1326 1339 1170 1158 1327 1340 1171 996
12 1158 1327 1340 1171 1159 1328 1341 1172 997
12 1159 1328 1341 1172 1160 1329 1342 1173 998
12 1160 1329 1342 1173 1161 1330 1343 1174 999
12 1161 1330 1343 1174 1162 1331 1344 1175 1000
12 1162 1331 1344 1175 1163 1332 1345 1176 1001
12 1163 1332 1345 1176 1164 1333 1346 1177 1002
12 1164 1333 1346 1177 1165 1334 1347 1178 1003
12 1165 1334 1347 1178 1166 1335 1348 1179 1004
12 1166 1335 1348 1179 1167 1336 1349 1180 1005
12 1167 1336 1349 1180 1168 1337 1350 1181 1006
12 1168 1337 1350 1181 1169 1338 1351 1182 1007
12 1183 1352 1365 1196 1184 1353 1366 1197 1008
12 1184 1353 1366 1197 1185 1354 1367 1198 1009
12 1185 1354 1367 1198 1186 1355 1368 1199 1010
12 1186 1355 1368 1199 1187 1356 1369 1200 1011
12 1187 1356 1369 1200 1188 1357 1370 1201 1012
12 1188 1357 1370 1201 1189 1358 1371 1202 1013
12 1189 1358 1371 1202 1190 1359 1372 1203 1014
12 1190 1359 1372 1203 1191 1360 1373 1204 1015
12 1191 1360 1373 1204 1192 1361 1374 1205 1016
12 1192 1361 1374 1205 1193 1362 1375 1206 1017
12 1193 1362 1375 1206 1194 1363 1376 1207 1018
12 1194 1363 1376 1207 1195 1364 1377 1208 1019
12 1196 1365 1378 1209 1197 1366 1379 1210 1020
12 1197 1366 1379 1210 1198 1367 1380 1211 1021
12 1198 1367 1380 1211 1199 1368 1381 1212 1022
12 1199 1368 1381 1212 1200 1369 1382 1213 1023
12 1200 1369 1382 1213 1201 1370 1383 1214 1024
12 1201 1370 1383 1214 1202 1371 1384 1215 1025
12 1202 1371 1384 1215 1203 1372 1385 1216 1026
12 1203 1372 1385 1216 1204 1373 1386 1217 1027
12 1204 1373 1386 1217 1205 1374 1387 1218 1028
12 1205 1374 1387 1218 1206 1375 1388 1219 1029
12 1206 1375 1388 1219 1207 1376 1389 1220 1030
12 1207 1376 1389 1220 1208 1377 1390 1221 1031
12 1209 1378 1391 1222 1210 1379 1392 1223 1032
12 1210 1379 1392 1223 1211 1380 1393 1224 1033
12 1211 1380 1393 1224 1212 1381 1394 1225 1034
12 1212 1381 1394 1225 1213 1382 1395 1226 1035
12 1213 1382 1395 1226 1214 1383 1396 1227 1036
12 1214 1383 1396 1227 1215 1384 1397 1228 1037
12 1215 1384 1397 1228 1216 1385 1398 1229 1038
12 1216 1385 1398 1229 1217 1386 1399 1230 1039
12 1217 1386 1399 1230 1218 1387 1400 1231 1040
12 1218 1387 1400 1231 1219 1388 1401 1232 1041
12 1219 1388 1401 1232 1220 1389 1402 1233 1042
12 1220 1389 1402 1233 1221 1390 1403 1234 1043
12 1222 1391 1404 1235 1223 1392 1405 1236 1044
12 1223 1392 1405 1236 1224 1393 1406 1237 1045
12 1224 1393 1406 1237 1225 1394 1407 1238 1046
12 1225 1394 1407 1238 1226 1395 1408 1239 1047
12 1226 1395 1408 1239 1227 1396 1409 1240 1048
12 1227 1396 1409 1240 1228 1397 1410 1241 1049
12 1228 1397 1410 1241 1229 1398 1411 1242 1050
12 1229 1398 1411 1242 1230 1399 1412 1243 1051
12 1230 1399 1412 1243 1231 1400 1413 1244 1052
12 1231 1400 1413 1244 1232 1401 1414 1245 1053
12 1232 1401 1414 1245 1233 1402 1415 1246 1054
12 1233 1402 1415 1246 1234 1403 1416 1247 1055
12 1235 1404 1417 1248 1236 1405 1418 1249 1056
12 1236 1405 1418 1249 1237 1406 1419 1250 1057
12 1237 1406 1419 1250 1238 1407 1420 1251 1058
12 1238 1407 1420 1251 1239 1408 1421 1252 1059
12 1239 1408 1421 1252 1240 1409 1422 1253 1060
12 1240 1409 1422 1253 1241 1410 1423 1254 1061
12 1241 1410 1423 1254 1242 1411 1424 1255 1062
12 1242 1411 1424 1255 1243 1412 1425 1256 1063
12 1243 1412 1425 1256 1244 1413 1426 1257 1064
12 1244 1413 1426 1257 1245 1414 1427 1258 1065
12 1245 1414 1427 1258 1246 1415 1428 1259 1066
12 1246 1415 1428 1259 1247 1416 1429 1260 1067
12 1248 1417 1430 1261 1249 1418 1431 1262 1068
12 1249 1418 1431 1262 1250 1419 1432 1263 1069
12 1250 1419 1432 1263 1251 1420 1433 1264 1070
12 1251 1420 1433 1264 1252 1421 1434 1265 1071
12 1252 1421 1434 1265 1253 1422 1435 1266 1072
12 1253 1422 1435 1266 1254 1423 1436 1267 1073
12 1254 1423 1436 1267 1255 1424 1437 1268 1074
12 1255 1424 1437 1268 1256 1425 1438 1269 1075
12 1256 1425 1438 1269 1257 1426 1439 1270 1076
12 1257 1426 1439 1270 1258 1427 1440 1271 1077
12 1258 1427 1440 1271 1259 1428 1441 1272 1078
12 1259 1428 1441 1272 1260 1429 1442 1273 1079
12 1261 1430 1443 1274 1262 1431 1444 1275 1080
12 1262 1431 1444 1275 1263 1432 1445 1276 1081
12 1263 1432 1445 1276 1264 1433 1446 1277 1082
12 1264 1433 1446 1277 1265 1434 1447 1278 1083
12 1265 1434 1447 1278 1266 1435 1448 1279 1084
12 1266 1435 1448 1279 1267 1436 1449 1280 1085
12 1267 1436 1449 1280 1268 1437 1450 1281 1086
12 1268 1437 1450 1281 1269 1438 1451 1282 1087
12 1269 1438 1451 1282 1270 1439 1452 1283 1088
12 1270 1439 1452 1283 1271 1440 1453 1284 1089
12 1271 1440 1453 1284 1272 1441 1454 1285 1090
12 1272 1441 1454 1285 1273 1442 1455 1286 1091
12 1274 1443 1456 1287 1275 1444 1457 1288 1092
12 1275 1444 1457 1288 1276 1445 1458 1289 1093
12 1276 1445 1458 1289 1277 1446 1459 1290 1094
12 1277 1446 1459 1290 1278 1447 1460 1291 1095
12 1278 1447 1460 1291 1279 1448 1461 1292 1096
12 1279 1448 1461 1292 1280 1449 1462 1293 1097
12 1280 1449 1462 1293 1281 1450 1463 1294 1098
12 1281 1450 1463 1294 1282 1451 1464 1295 1099
12 1282 1451 1464 1295 1283 1452 1465 1296 1100
12 1283 1452 1465 1296 1284 1453 1466 1297 1101
12 1284 1453 1466 1297 1285 1454 1467 1298 1102
12 1285 1454 1467 1298 1286 1455 1468 1299 1103
12 1287 1456 1469 1300 1288 1457 1470 1301 1104
12 1288 1457 1470 1301 1289 1458 1471 1302 1105
12 1289 1458 1471 1302 1290 1459 1472 1303 1106
12 1290 1459 1472 1303 1291 1460 1473 1304 1107
12 1291 1460 1473 1304 1292 1461 1474 1305 1108
12 1292 1461 1474 1305 1293 1462 1475 1306 1109
12 1293 1462 1475 1306 1294 1463 1476 1307 1110
12 1294 1463 1476 1307 1295 1464 1477 1308 1111
12 1295 1464 1477 1308 1296 1465 1478 1309 1112
12 1296 1465 1478 1309 1297 1466 1479 1310 1113
12 1297 1466 1479 1310 1298 1467 1480 1311 1114
12 1298 1467 1480 1311 1299 1468 1481 1312 1115
12 1300 1469 1482 1313 1301 1470 1483 1314 1116
12 1301 1470 1483 1314 1302 1471 1484 1315 1117
12 1302 1471 1484 1315 1303 1472 1485 1316 1118
12 1303 1472 1485 1316 1304 1473 1486 1317 1119
12 1304 1473 1486 1317 1305 1474 1487 1318 1120
12 1305 1474 1487 1318 1306 1475 1488 1319 1121
12 1306 1475 1488 1319 1307 1476 1489 1320 1122
12 1307 1476 1489 1320 1308 1477 1490 1321 1123
12 1308 1477 1490 1321 1309 1478 1491 1322 1124
12 1309 1478 1491 1322 1310 1479 1492 1323 1125
12 1310 1479 1492 1323 1311 1480 1493 1324 1126
12 1311 1480 1493 1324 1312 1481 1494 1325 1127
12 1313 1482 1495 1326 1314 1483 1496 1327 1128
12 1314 1483 1496 1327 1315 1484 1497 1328 1129
12 1315 1484 1497 1328 1316 1485 1498 1329 1130
12 1316 1485 1498 1329 1317 1486 1499 1330 1131
12 1317 1486 1499 1330 1318 1487 1500 1331 1132
12 1318 1487 1500 1331 1319 1488 1501 1332 1133
12 1319 1488 1501 1332 1320 1489 1502 1333 1134
12 1320 1489 1502 1333 1321 1490 1503 1334 1135
12 1321 1490 1503 1334 1322 1491 1504 1335 1136
12 1322 1491 1504 1335 1323 1492 1505 1336 1137
12 1323 1492 1505 1336 1324 1493 1506 1337 1138
12 1324 1493 1506 1337 1325 1494 1507 1338 1139
12 1326 1495 1508 1339 1327 1496 1509 1340 1140
12 1327 1496 1509 1340 1328 1497 1510 1341 1141
12 1328 1497 1510 1341 1329 1498 1511 1342 1142
12 1329 1498 1511 1342 1330 1499 1512 1343 1143
12 1330 1499 1512 1343 1331 1500 1513 1344 1144
12 1331 1500 1513 1344 1332 1501 1514 1345 1145
12 1332 1501 1514 1345 1333 1502 1515 1346 1146
12 1333 1502 1515 1346 1334 1503 1516 1347 1147
12 1334 1503 1516 1347 1335 1504 1517 1348 1148
12 1335 1504 1517 1348 1336 1505 1518 1349 1149
12 1336 1505 1518 1349 1337 1506 1519 1350 1150
12 1337 1506 1519 1350 1338 1507 1520 1351 1151
12 1352 1521 1534 1365 1353 1522 1535 1366 1152
12 1353 1522 1535 1366 1354 1523 1536 1367 1153
12 1354 1523 1536 1367 1355 1524 1537 1368 1154
12 1355 1524 1537 1368 1356 1525 1538 1369 1155
12 1356 1525 1538 1369 1357 1526 1539 1370 1156
12 1357 1526 1539 1370 1358 1527 1540 1371 1157
12 1358 1527 1540 1371 1359 1528 1541 1372 1158
12 1359 1528 1541 1372 1360 1529 1542 1373 1159
12 1360 1529 1542 1373 1361 1530 1543 1374 1160
12 1361 1530 1543 1374 1362 1531 1544 1375 1161
12 1362 1531 1544 1375 1363 1532 1545 1376 1162
12 1363 1532 1545 1376 1364 1533 1546 1377 1163
12 1365 1534 1547 1378 1366 1535 1548 1379 1164
12 1366 1535 1548 1379 1367 1536 1549 1380 1165
12 1367 1536 1549 1380 1368 1537 1550 1381 1166
12 1368 1537 1550 1381 1369 1538 1551 1382 1167
12 1369 1538 1551 1382 1370 1539 1552 1383 1168
12 1370 1539 1552 1383 1371 1540 1553 1384 1169
12 1371 1540 1553 1384 1372 1541 1554 1385 1170
12 1372 1541 1554 1385 1373 1542 1555 1386 1171
12 1373 1542 1555 1386 1374 1543 1556 1387 1172
12 1374 1543 1556 1387 1375 1544 1557 1388 1173
12 1375 1544 1557 1388 1376 1545 1558 1389 1174
12 1376 1545 1558 1389 1377 1546 1559 1390 1175
12 1378 1547 1560 1391 1379 1548 1561 1392 1176
12 1379 1548 1561 1392 1380 1549 1562 1393 1177
12 1380 1549 1562 1393 1381 1550 1563 1394 1178
12 1381 1550 1563 1394 1382 1551 1564 1395 1179
12 1382 1551 1564 1395 1383 1552 1565 1396 1180
12 1383 1552 1565 1396 1384 1553 1566 1397 1181
12 1384 1553 1566 1397 1385 1554 1567 1398 1182
12 1385 1554 1567 1398 1386 1555 1568 1399 1183
12 1386 1555 1568 1399 1387 1556 1569 1400 1184
12 1387 1556 1569 1400 1388 1557 1570 1401 1185
12 1388 1557 1570 1401 1389 1558 1571 1402 1186
12 1389 1558 1571 1402 1390 1559 1572 1403 1187
12 1391 1560 1573 1404 1392 1561 1574 1405 1188
12 1392 1561 1574 1405 1393 1562 1575 1406 1189
12 1393 1562 1575 1406 1394 1563 1576 1407 1190
12 1394 1563 1576 1407 1395 1564 1577 1408 1191
12 1395 1564 1577 1408 1396 1565 1578 1409 1192
12 1396 1565 1578 1409 1397 1566 1579 1410 1193
12 1397 1566 1579 1410 1398 1567 1580 1411 1194
12 1398 1567 1580 1411 1399 1568 1581 1412 1195
12 1399 1568 1581 1412 1400 1569 1582 1413 1196
12 1400 1569 1582 1413 1401 1570 1583 1414 1197
12 1401 1570 1583 1414 1402 1571 1584 1415 1198
12 1402 1571 1584 1415 1403 1572 1585 1416 1199
12 1404 1573 1586 1417 1405 1574 1587 1418 1200
12 1405 1574 1587 1418 1406 1575 1588 1419 1201
12 1406 1575 1588 1419 1407 1576 1589 1420 1202
12 1407 1576 1589 1420 1408 1577 1590 1421 1203
12 1408 1577 1590 1421 1409 1578 1591 1422 1204
12 1409 1578 1591 1422 1410 1579 1592 1423 1205
12 1410 1579 1592 1423 1411 1580 1593 1424 1206
12 1411 1580 1593 1424 1412 1581 1594 1425 1207
12 1412 1581 1594 1425 1413 1582 1595 1426 1208
12 1413 1582 1595 1426 1414 1583 1596 1427 1209
12 1414 1583 1596 1427 1415 1584 1597 1428 1210
12 1415 1584 1597 1428 1416 1585 1598 1429 1211
12 1417 1586 1599 1430 1418 1587 1600 1431 1212
12 1418 1587 1600 1431 1419 1588 1601 1432 1213
12 1419 1588 1601 1432 1420 1589 1602 1433 1214
12 1420 1589 1602 1433 1421 1590 1603 1434 1215
12 1421 1590 1603 1434 1422 1591 1604 1435 1216
12 1422 1591 1604 1435 1423 1592 1605 1436 1217
12 1423 1592 1605 1436 1424 1593 1606 1437 1218
12 1424 1593 1606 1437 1425 1594 1607 1438 1219
12 1425 1594 1607 1438 1426 1595 1608 1439 1220
12 1426 1595 1608 1439 1427 1596 1609 1440 1221
12 1427 1596 1609 1440 1428 1597 1610 1441 1222
12 1428 1597 1610 1441 1429 1598 1611 1442 1223
12 1430 1599 1612 1443 1431 1600 1613 1444 1224
12 1431 1600 1613 1444 1432 1601 1614 1445 1225
12 1432 1601 1614 1445 1433 1602 1615 1446 1226
12 1433 1602 1615 1446 1434 1603 1616 1447 1227
12 1434 1603 1616 1447 1435 1604 1617 1448 1228
12 1435 1604 1617 1448 1436 1605 1618 1449 1229
12 1436 1605 1618 1449 1437 1606 1619 1450 1230
12 1437 1606 1619 1450 1438 1607 1620 1451 1231
12 1438 1607 1620 1451 1439 1608 1621 1452 1232
12 1439 1608 1621 1452 1440 1609 1622 1453 1233
12 1440 1609 1622 1453 1441 1610 1623 1454 1234
12 1441 1610 1623 1454 1442 1611 1624 1455 1235
12 1443 1612 1625 1456 1444 1613 1626 1457 1236
12 1444 1613 1626 1457 1445 1614 1627 1458 1237
12 1445 1614 1627 1458 1446 1615 1628 1459 1238
12 1446 1615 1628 1459 1447 1616 1629 1460 1239
12 1447 1616 1629 1460 1448 1617 1630 1461 1240
12 1448 1617 1630 1461 1449 1618 1631 1462 1241
12 1449 1618 1631 1462 1450 1619 1632 1463 1242
12 1450 1619 1632 1463 1451 1620 1633 1464 1243
12 1451 1620 1633 1464 1452 1621 1634 1465 1244
12 1452 1621 1634 1465 1453 1622 1635 1466 1245
12 1453 1622 1635 1466 1454 1623 1636 1467 1246
12 1454 1623 1636 1467 1455 1624 1637 1468 1247
12 1456 1625 1638 1469 1457 1626 1639 1470 1248
12 1457 1626 1639 1470 1458 1627 1640 1471 1249
12 1458 1627 1640 1471 1459 1628 1641 1472 1250
12 1459 1628 1641 1472 1460 1629 1642 1473 1251
12 1460 1629 1642 1473 1461 1630 1643 1474 1252
12 1461 1630 1643 1474 1462 1631 1644 1475 1253
12 1462 1631 1644 1475 1463 1632 1645 1476 1254
12 1463 1632 1645 1476 1464 1633 1646 1477 1255
12 1464 1633 1646 1477 1465 1634 1647 1478 1256
12 1465 1634 1647 1478 1466 1635 1648 1479 1257
12 1466 1635 1648 1479 1467 1636 1649 1480 1258
12 1467 1636 1649 1480 1468 1637 1650 1481 1259
12 1469 1638 1651 1482 1470 1639 1652 1483 1260
12 1470 1639 1652 1483 1471 1640 1653 1484 1261
12 1471 1640 1653 1484 1472 1641 1654 1485 1262
12 1472 1641 1654 1485 1473 1642 1655 1486 1263
12 1473 1642 1655 1486 1474 1643 1656 1487 1264
12 1474 1643 1656 1487 1475 1644 1657 1488 1265
12 1475 1644 1657 1488 1476 1645 1658 1489 1266
12 1476 1645 1658 1489 1477 1646 1659 1490 1267
12 1477 1646 1659 1490 1478 1647 1660 1491 1268
12 1478 1647 1660 1491 1479 1648 1661 1492 1269
12 1479 1648 1661 1492 1480 1649 1662 1493 1270
12 1480 1649 1662 1493 1481 1650 1663 1494 1271
12 1482 1651 1664 1495 1483 1652 1665 1496 1272
12 1483 1652 1665 1496 1484 1653 1666 1497 1273
12 1484 1653 1666 1497 1485 1654 1667 1498 1274
12 1485 1654 1667 1498 1486 1655 1668 1499 1275
12 1486 1655 1668 1499 1487 1656 1669 1500 1276
12 1487 1656 1669 1500 1488 1657 1670 1501 1277
12 1488 1657 1670 1501 1489 1658 1671 1502 1278
12 1489 1658 1671 1502 1490 1659 1672 1503 1279
12 1490 1659 1672 1503 1491 1660 1673 1504 1280
12 1491 1660 1673 1504 1492 1661 1674 1505 1281
12 1492 1661 1674 1505 1493 1662 1675 1506 1282
12 1493 1662 1675 1506 1494 1663 1676 1507 1283
12 1495 1664 1677 1508 1496 1665 1678 1509 1284
12 1496 1665 1678 1509 1497 1666 1679 1510 1285
12 1497 1666 1679 1510 1498 1667 1680 1511 1286
12 1498 1667 1680 1511 1499 1668 1681 1512 1287
12 1499 1668 1681 1512 1500 1669 1682 1513 1288
12 1500 1669 1682 1513 1501 1670 1683 1514 1289
12 1501 1670 1683 1514 1502 1671 1684 1515 1290
12 1502 1671 1684 1515 1503 1672 1685 1516 1291
12 1503 1672 1685 1516 1504 1673 1686 1517 1292
12 1504 1673 1686 1517 1505 1674 1687 1518 1293
12 1505 1674 1687 1518 1506 1675 1688 1519 1294
12 1506 1675 1688 1519 1507 1676 1689 1520 1295
12 1521 1690 1703 1534 1522 1691 1704 1535 1296
12 1522 1691 1704 1535 1523 1692 1705 1536 1297
12 1523 1692 1705 1536 1524 1693 1706 1537 1298
12 1524 1693 1706 1537 1525 1694 1707 1538 1299
12 1525 1694 1707 1538 1526 1695 1708 1539 1300
12 1526 1695 1708 1539 1527 1696 1709 1540 1301
12 1527 1696 1709 1540 1528 1697 1710 1541 1302
12 1528 1697 1710 1541 1529 1698 1711 1542 1303
12 1529 1698 1711 1542 1530 1699 1712 1543 1304
12 1530 1699 1712 1543 1531 1700 1713 1544 1305
12 1531 1700 1713 1544 1532 1701 1714 1545 1306
12 1532 1701 1714 1545 1533 1702 1715 1546 1307
12 1534 1703 1716 1547 1535 1704 1717 1548 1308
12 1535 1704 1717 1548 1536 1705 1718 1549 1309
12 1536 1705 1718 1549 1537 1706 1719 1550 1310
12 1537 1706 1719 1550 1538 1707 1720 1551 1311
12 1538 1707 1720 1551 1539 1708 1721 1552 1312
12 1539 1708 1721 1552 1540 1709 1722 1553 1313
12 1540 1709 1722 1553 1541 1710 1723 1554 1314
12 1541 1710 1723 1554 1542 1711 1724 1555 1315
12 1542 1711 1724 1555 1543 1712 1725 1556 1316
12 1543 1712 1725 1556 1544 1713 1726 1557 1317
12 1544 1713 1726 1557 1545 1714 1727 1558 1318
12 1545 1714 1727 1558 1546 1715 1728 1559 1319
12 1547 1716 1729 1560 1548 1717 1730 1561 1320
12 1548 1717 1730 1561 1549 1718 1731 1562 1321
12 1549 1718 1731 1562 1550 1719 1732 1563 1322
12 1550 1719 1732 1563 1551 1720 1733 1564 1323
12 1551 1720 1733 1564 1552 1721 1734 1565 1324
12 1552 1721 1734 1565 1553 1722 1735 1566 1325
12 1553 1722 1735 1566 1554 1723 1736 1567 1326
12 1554 1723 1736 1567 1555 1724 1737 1568 1327
12 1555 1724 1737 1568 1556 1725 1738 1569 1328
12 1556 1725 1738 1569 1557 1726 1739 1570 1329
12 1557 1726 1739 1570 1558 1727 1740 1571 1330
12 1558 1727 1740 1571 1559 1728 1741 1572 1331
12 1560 1729 1742 1573 1561 1730 1743 1574 1332
12 1561 1730 1743 1574 1562 1731 1744 1575 1333
12 1562 1731 1744 1575 1563 1732 1745 1576 1334
12 1563 1732 1745 1576 1564 1733 1746 1577 1335
12 1564 1733 1746 1577 1565 1734 1747 1578 1336
12 1565 1734 1747 1578 1566 1735 1748 1579 1337
12 1566 1735 1748 1579 1567 1736 1749 1580 1338
12 1567 1736 1749 1580 1568 1737 1750 1581 1339
12 1568 1737 1750 1581 1569 1738 1751 1582 1340
12 1569 1738 1751 1582 1570 1739 1752 1583 1341
12 1570 1739 1752 1583 1571 1740 1753 1584 1342
12 1571 1740 1753 1584 1572 1741 1754 1585 1343
12 1573 1742 1755 1586 1574 1743 1756 1587 1344
12 1574 1743 1756 1587 1575 1744 1757 1588 1345
12 1575 1744 1757 1588 1576 1745 1758 1589 1346
12 1576 1745 1758 1589 1577 1746 1759 1590 1347
12 1577 1746 1759 1590 1578 1747 1760 1591 1348
12 1578 1747 1760 1591 1579 1748 1761 1592 1349
12 1579 1748 1761 1592 1580 1749 1762 1593 1350
12 1580 1749 1762 1593 1581 1750 1763 1594 1351
12 1581 1750 1763 1594 1582 1751 1764 1595 1352
12 1582 1751 1764 1595 1583 1752 1765 1596 1353
12 1583 1752 1765 1596 1584 1753 1766 1597 1354
12 1584 1753 1766 1597 1585 1754 1767 1598 1355
12 1586 1755 1768 1599 1587 1756 1769 1600 1356
12 1587 1756 1769 1600 1588 1757 1770 1601 1357
12 1588 1757 1770 1601 1589 1758 1771 1602 1358
12 1589 1758 1771 1602 1590 1759 1772 1603 1359
12 1590 1759 1772 1603 1591 1760 1773 1604 1360
12 1591 1760 1773 1604 1592 1761 1774 1605 1361
12 1592 1761 1774 1605 1593 1762 1775 1606 1362
12 1593 1762 1775 1606 1594 1763 1776 1607 1363
12 1594 1763 1776 1607 1595 1764 1777 1608 1364
12 1595 1764 1777 1608 1596 1765 1778 1609 1365
12 1596 1765 1778 1609 1597 1766 1779 1610 1366
12 1597 1766 1779 1610 1598 1767 1780 1611 1367
12 1599 1768 1781 1612 1600 1769 1782 1613 1368
12 1600 1769 1782 1613 1601 1770 1783 1614 1369
12 1601 1770 1783 1614 1602 1771 1784 1615 1370
12 1602 1771 1784 1615 1603 1772 1785 1616 1371
12 1603 1772 1785 1616 1604 1773 1786 1617 1372
12 1604 1773 1786 1617 1605 1774 1787 1618 1373
12 1605 1774 1787 1618 1606 1775 1788 1619 1374
12 1606 1775 1788 1619 1607 1776 1789 1620 1375
12 1607 1776 1789 1620 1608 1777 1790 1621 1376
12 1608 1777 1790 1621 1609 1778 1791 1622 1377
12 1609 1778 1791 1622 1610 1779 1792 1623 1378
12 1610 1779 1792 1623 1611 1780 1793 1624 1379
12 1612 1781 1794 1625 1613 1782 1795 1626 1380
12 1613 1782 1795 1626 1614 1783 1796 1627 1381
12 1614 1783 1796 1627 1615 1784 1797 1628 1382
12 1615 1784 1797 1628 1616 1785 1798 1629 1383
12 1616 1785 1798 1629 1617 1786 1799 1630 1384
12 1617 1786 1799 1630 1618 1787 1800 1631 1385
12 1618 1787 1800 1631 1619 1788 1801 1632 1386
12 1619 1788 1801 1632 1620 1789 1802 1633 1387
12 1620 1789 1802 1633 1621 1790 1803 1634 1388
12 1621 1790 1803 1634 1622 1791 1804 1635 1389
12 1622 1791 1804 1635 1623 1792 1805 1636 1390
12 1623 1792 1805 1636 1624 1793 1806 1637 1391
12 1625 1794 1807 1638 1626 1795 1808 1639 1392
12 1626 1795 1808 1639 1627 1796 1809 1640 1393
12 1627 1796 1809 1640 1628 1797 1810 1641 1394
12 1628 1797 1810 1641 1629 1798 1811 1642 1395
12 1629 1798 1811 1642 1630 1799 1812 1643 1396
12 1630 1799 1812 1643 1631 1800 1813 1644 1397
12 1631 1800 1813 1644 1632 1801 1814 1645 1398
12 1632 1801 1814 1645 1633 1802 1815 1646 1399
12 1633 1802 1815 1646 1634 1803 1816 1647 1400
12 1634 1803 1816 1647 1635 1804 1817 1648 1401
12 1635 1804 1817 1648 1636 1805 1818 1649 1402
12 1636 1805 1818 1649 1637 1806 1819 1650 1403
12 1638 1807 1820 1651 1639 1808 1821 1652 1404
12 1639 1808 1821 1652 1640 1809 1822 1653 1405
12 1640 1809 1822 1653 1641 1810 1823 1654 1406
12 1641 1810 1823 1654 1642 1811 1824 1655 1407
12 1642 1811 1824 1655 1643 1812 1825 1656 1408
12 1643 1812 1825 1656 1644 1813 1826 1657 1409
12 1644 1813 1826 1657 1645 1814 1827 1658 1410
12 1645 1814 1827 1658 1646 1815 1828 1659 1411
12 1646 1815 1828 1659 1647 1816 1829 1660 1412
12 1647 1816 1829 1660 1648 1817 1830 1661 1413
12 1648 1817 1830 1661 1649 1818 1831 1662 1414
12 1649 1818 1831 1662 1650 1819 1832 1663 1415
12 1651 1820 1833 1664 1652 1821 1834 1665 1416
12 1652 1821 1834 1665 1653 1822 1835 1666 1417
12 1653 1822 1835 1666 1654 1823 1836 1667 1418
12 1654 1823 1836 1667 1655 1824 1837 1668 1419
12 1655 1824 1837 1668 1656 1825 1838 1669 1420
12 1656 1825 1838 1669 1657 1826 1839 1670 1421
12 1657 1826 1839 1670 1658 1827 1840 1671 1422
12 1658 1827 1840 1671 1659 1828 1841 1672 1423
12 1659 1828 1841 1672 1660 1829 1842 1673 1424
12 1660 1829 1842 1673 1661 1830 1843 1674 1425
12 1661 1830 1843 1674 1662 1831 1844 1675 1426
12 1662 1831 1844 1675 1663 1832 1845 1676 1427
12 1664 1833 1846 1677 1665 1834 1847 1678 1428
12 1665 1834 1847 1678 1666 1835 1848 1679 1429
12 1666 1835 1848 1679 1667 1836 1849 1680 1430
12 1667 1836 1849 1680 1668 1837 1850 1681 1431
12 1668 1837 1850 1681 1669 1838 1851 1682 1432
12 1669 1838 1851 1682 1670 1839 1852 1683 1433
12 1670 1839 1852 1683 1671 1840 1853 1684 1434
12 1671 1840 1853 1684 1672 1841 1854 1685 1435
12 1672 1841 1854 1685 1673 1842 1855 1686 1436
12 1673 1842 1855 1686 1674 1843 1856 1687 1437
12 1674 1843 1856 1687 1675 1844 1857 1688 1438
12 1675 1844 1857 1688 1676 1845 1858 1689 1439
12 1690 1859 1872 1703 1691 1860 1873 1704 1440
12 1691 1860 1873 1704 1692 1861 1874 1705 1441
12 1692 1861 1874 1705 1693 1862 1875 1706 1442
12 1693 1862 1875 1706 1694 1863 1876 1707 1443
12 1694 1863 1876 1707 1695 1864 1877 1708 1444
12 1695 1864 1877 1708 1696 1865 1878 1709 1445
12 1696 1865 1878 1709 1697 1866 1879 1710 1446
12 1697 1866 1879 1710 1698 1867 1880 1711 1447
12 1698 1867 1880 1711 1699 1868 1881 1712 1448
12 1699 1868 1881 1712 1700 1869 1882 1713 1449
12 1700 1869 1882 1713 1701 1870 1883 1714 1450
12 1701 1870 1883 1714 1702 1871 1884 1715 1451
12 1703 1872 1885 1716 1704 1873 1886 1717 1452
12 1704 1873 1886 1717 1705 1874 1887 1718 1453
12 1705 1874 1887 1718 1706 1875 1888 1719 1454
12 1706 1875 1888 1719 1707 1876 1889 1720 1455
12 1707 1876 1889 1720 1708 1877 1890 1721 1456
12 1708 1877 1890 1721 1709 1878 1891 1722 1457
12 1709 1878 1891 1722 1710 1879 1892 1723 1458
12 1710 1879 1892 1723 1711 1880 1893 1724 1459
12 1711 1880 1893 1724 1712 1881 1894 1725 1460
12 1712 1881 1894 1725 1713 1882 1895 1726 1461
12 1713 1882 1895 1726 1714 1883 1896 1727 1462
12 1714 1883 1896 1727 1715 1884 1897 1728 1463
12 1716 1885 1898 1729 1717 1886 1899 1730 1464
12 1717 1886 1899 1730 1718 1887 1900 1731 1465
12 1718 1887 1900 1731 1719 1888 1901 1732 1466
12 1719 1888 1901 1732 1720 1889 1902 1733 1467
12 1720 1889 1902 1733 1721 1890 1903 1734 1468
12 1721 1890 1903 1734 1722 1891 1904 1735 1469
12 1722 1891 1904 1735 1723 1892 1905 1736 1470
12 1723 1892 1905 1736 1724 1893 1906 1737 1471
12 1724 1893 1906 1737 1725 1894 1907 1738 1472
12 1725 1894 1907 1738 1726 1895 1908 1739 1473
12 1726 1895 1908 1739 1727 1896 1909 1740 1474
12 1727 1896 1909 1740 1728 1897 1910 1741 1475
12 1729 1898 1911 1742 1730 1899 1912 1743 1476
12 1730 1899 1912 1743 1731 1900 1913 1744 1477
12 1731 1900 1913 1744 1732 1901 1914 1745 1478
12 1732 1901 1914 1745 1733 1902 1915 1746 1479
12 1733 1902 1915 1746 1734 1903 1916 1747 1480
12 1734 1903 1916 1747 1735 1904 1917 1748 1481
12 1735 1904 1917 1748 1736 1905 1918 1749 1482
12 1736 1905 1918 1749 1737 1906 1919 1750 1483
12 1737 1906 1919 1750 1738 1907 1920 1751 1484
12 1738 1907 1920 1751 1739 1908 1921 1752 1485
12 1739 1908 1921 1752 1740 1909 1922 1753 1486
12 1740 1909 1922 1753 1741 1910 1923 1754 1487
12 1742 1911 1924 1755 1743 1912 1925 1756 1488
12 1743 1912 1925 1756 1744 1913 1926 1757 1489
12 1744 1913 1926 1757 1745 1914 1927 1758 1490
12 1745 1914 1927 1758 1746 1915 1928 1759 1491
12 1746 1915 1928 1759 1747 1916 1929 1760 1492
12 1747 1916 1929 1760 1748 1917 1930 1761 1493
12 1748 1917 1930 1761 1749 1918 1931 1762 1494
12 1749 1918 1931 1762 1750 1919 1932 1763 1495
12 1750 1919 1932 1763 1751 1920 1933 1764 1496
12 1751 1920 1933 1764 1752 1921 1934 1765 1497
12 1752 1921 1934 1765 1753 1922 1935 1766 1498
12 1753 1922 1935 1766 1754 1923 1936 1767 1499
12 1755 1924 1937 1768 1756 1925 1938 1769 1500
12 1756 1925 1938 1769 1757 1926 1939 1770 1501
12 1757 1926 1939 1770 1758 1927 1940 1771 1502
12 1758 1927 1940 1771 1759 1928 1941 1772 1503
12 1759 1928 1941 1772 1760 1929 1942 1773 1504
12 1760 1929 1942 1773 1761 1930 1943 1774 1505
12 1761 1930 1943 1774 1762 1931 1944 1775 1506
12 1762 1931 1944 1775 1763 1932 1945 1776 1507
12 1763 1932 1945 1776 1764 1933 1946 1777 1508
12 1764 1933 1946 1777 1765 1934 1947 1778 1509
12 1765 1934 1947 1778 1766 1935 1948 1779 1510
12 1766 1935 1948 1779 1767 1936 1949 1780 1511
12 1768 1937 1950 1781 1769 1938 1951 1782 1512
12 1769 1938 1951 1782 1770 1939 1952 1783 1513
12 1770 1939 1952 1783 1771 1940 1953 1784 1514
12 1771 1940 1953 1784 1772 1941 1954 1785 1515
12 1772 1941 1954 1785 1773 1942 1955 1786 1516
12 1773 1942 1955 1786 1774 1943 1956 1787 1517
12 1774 1943 1956 1787 1775 1944 1957 1788 1518
12 1775 1944 1957 1788 1776 1945 1958 1789 1519
12 1776 1945 1958 1789 1777 1946 1959 1790 1520
12 1777 1946 1959 1790 1778 1947 1960 1791 1521
12 1778 1947 1960 1791 1779 1948 1961 1792 1522
12 1779 1948 1961 1792 1780 1949 1962 1793 1523
12 1781 1950 1963 1794 1782 1951 1964 1795 1524
12 1782 1951 1964 1795 1783 1952 1965 1796 1525
12 1783 1952 1965 1796 1784 1953 1966 1797 1526
12 1784 1953 1966 1797 1785 1954 1967 1798 1527
12 1785 1954 1967 1798 1786 1955 1968 1799 1528
12 1786 1955 1968 1799 1787 1956 1969 1800 1529
12 1787 1956 1969 1800 1788 1957 1970 1801 1530
12 1788 1957 1970 1801 1789 1958 1971 1802 1531
12 1789 1958 1971 1802 1790 1959 1972 1803 1532
12 1790 1959 1972 1803 1791 1960 1973 1804 1533
12 1791 1960 1973 1804 1792 1961 1974 1805 1534
12 1792 1961 1974 1805 1793 1962 1975 1806 1535
12 1794 1963 1976 1807 1795 1964 1977 1808 1536
12 1795 1964 1977 1808 1796 1965 1978 1809 1537
12 1796 1965 1978 1809 1797 1966 1979 1810 1538
12 1797 1966 1979 1810 1798 1967 1980 1811 1539
12 1798 1967 1980 1811 1799 1968 1981 1812 1540
12 1799 1968 1981 1812 1800 1969 1982 1813 1541
12 1800 1969 1982 1813 1801 1970 1983 1814 1542
12 1801 1970 1983 1814 1802 1971 1984 1815 1543
12 1802 1971 1984 1815 1803 1972 1985 1816 1544
12 1803 1972 1985 1816 1804 1973 1986 1817 1545
12 1804 1973 1986 1817 1805 1974 1987 1818 1546
12 1805 1974 1987 1818 1806 1975 1988 1819 1547
12 1807 1976 1989 1820 1808 1977 1990 1821 1548
12 1808 1977 1990 1821 1809 1978 1991 1822 1549
12 1809 1978 1991 1822 1810 1979 1992 1823 1550
12 1810 1979 1992 1823 1811 1980 1993 1824 1551
12 1811 1980 1993 1824 1812 1981 1994 1825 1552
12 1812 1981 1994 1825 1813 1982 1995 1826 1553
12 1813 1982 1995 1826 1814 1983 1996 1827 1554
12 1814 1983 1996 1827 1815 1984 1997 1828 1555
12 1815 1984 1997 1828 1816 1985 1998 1829 1556
12 1816 1985 1998 1829 1817 1986 1999 1830 1557
12 1817 1986 1999 1830 1818 1987 2000 1831 1558
12 1818 1987 2000 1831 1819 1988 2001 1832 1559
12 1820 1989 2002 1833 1821 1990 2003 1834 1560
12 1821 1990 2003 1834 1822 1991 2004 1835 1561
12 1822 1991 2004 1835 1823 1992 2005 1836 1562
12 1823 1992 2005 1836 1824 1993 2006 1837 1563
12 1824 1993 2006 1837 1825 1994 2007 1838 1564
12 1825 1994 2007 1838 1826 1995 2008 1839 1565
12 1826 1995 2008 1839 1827 1996 2009 1840 1566
12 1827 1996 2009 1840 1828 1997 2010 1841 1567
12 1828 1997 2010 1841 1829 1998 2011 1842 1568
12 1829 1998 2011 1842 1830 1999 2012 1843 1569
12 1830 1999 2012 1843 1831 2000 2013 1844 1570
12 1831 2000 2013 1844 1832 2001 2014 1845 1571
12 1833 2002 2015 1846 1834 2003 2016 1847 1572
12 1834 2003 2016 1847 1835 2004 2017 1848 1573
12 1835 2004 2017 1848 1836 2005 2018 1849 1574
12 1836 2005 2018 1849 1837 2006 2019 1850 1575
12 1837 2006 2019 1850 1838 2007 2020 1851 1576
12 1838 2007 2020 1851 1839 2008 2021 1852 1577
12 1839 2008 2021 1852 1840 2009 2022 1853 1578
12 1840 2009 2022 1853 1841 2010 2023 1854 1579
12 1841 2010 2023 1854 1842 2011 2024 1855 1580
12 1842 2011 2024 1855 1843 2012 2025 1856 1581
12 1843 2012 2025 1856 1844 2013 2026 1857 1582
12 1844 2013 2026 1857 1845 2014 2027 1858 1583
12 1859 2028 2041 1872 1860 2029 2042 1873 1584
12 1860 2029 2042 1873 1861 2030 2043 1874 1585
12 1861 2030 2043 1874 1862 2031 2044 1875 1586
12 1862 2031 2044 1875 1863 2032 2045 1876 1587
12 1863 2032 2045 1876 1864 2033 2046 1877 1588
12 1864 2033 2046 1877 1865 2034 2047 1878 1589
12 1865 2034 2047 1878 1866 2035 2048 1879 1590
12 1866 2035 2048 1879 1867 2036 2049 1880 1591
12 1867 2036 2049 1880 1868 2037 2050 1881 1592
12 1868 2037 2050 1881 1869 2038 2051 1882 1593
12 1869 2038 2051 1882 1870 2039 2052 1883 1594
12 1870 2039 2052 1883 1871 2040 2053 1884 1595
12 1872 2041 2054 1885 1873 2042 2055 1886 1596
12 1873 2042 2055 1886 1874 2043 2056 1887 1597
12 1874 2043 2056 1887 1875 2044 2057 1888 1598
12 1875 2044 2057 1888 1876 2045 2058 1889 1599
12 1876 2045 2058 1889 1877 2046 2059 1890 1600
12 1877 2046 2059 1890 1878 2047 2060 1891 1601
12 1878 2047 2060 1891 1879 2048 2061 1892 1602
12 1879 2048 2061 1892 1880 2049 2062 1893 1603
12 1880 2049 2062 1893 1881 2050 2063 1894 1604
12 1881 2050 2063 1894 1882 2051 2064 1895 1605
12 1882 2051 2064 1895 1883 2052 2065 1896 1606
12 1883 2052 2065 1896 1884 2053 2066 1897 1607
12 1885 2054 2067 1898 1886 2055 2068 1899 1608
12 1886 2055 2068 1899 1887 2056 2069 1900 1609
12 1887 2056 2069 1900 1888 2057 2070 1901 1610
12 1888 2057 2070 1901 1889 2058 2071 1902 1611
12 1889 2058 2071 1902 1890 2059 2072 1903 1612
12 1890 2059 2072 1903 1891 2060 2073 1904 1613
12 1891 2060 2073 1904 1892 2061 2074 1905 1614
12 1892 2061 2074 1905 1893 2062 2075 1906 1615
12 1893 2062 2075 1906 1894 2063 2076 1907 1616
12 1894 2063 2076 1907 1895 2064 2077 1908 1617
12 1895 2064 2077 1908 1896 2065 2078 1909 1618
12 1896 2065 2078 1909 1897 2066 2079 1910 1619
12 1898 2067 2080 1911 1899 2068 2081 1912 1620
12 1899 2068 2081 1912 1900 2069 2082 1913 1621
12 1900 2069 2082 1913 1901 2070 2083 1914 1622
12 1901 2070 2083 1914 1902 2071 2084 1915 1623
12 1902 2071 2084 1915 1903 2072 2085 1916 1624
12 1903 2072 2085 1916 1904 2073 2086 1917 1625
12 1904 2073 2086 1917 1905 2074 2087 1918 1626
12 1905 2074 2087 1918 1906 2075 2088 1919 1627
12 1906 2075 2088 1919 1907 2076 2089 1920 1628
12 1907 2076 2089 1920 1908 2077 2090 1921 1629
12 1908 2077 2090 1921 1909 2078 2091 1922 1630
12 1909 2078 2091 1922 1910 2079 2092 1923 1631
12 1911 2080 2093 1924 1912 2081 2094 1925 1632
12 1912 2081 2094 1925 1913 2082 2095 1926 1633
12 1913 2082 2095 1926 1914 2083 2096 1927 1634
12 1914 2083 2096 1927 1915 2084 2097 1928 1635
12 1915 2084 2097 1928 1916 2085 2098 1929 1636
12 1916 2085 2098 1929 1917 2086 2099 1930 1637
12 1917 2086 2099 1930 1918 2087 2100 1931 1638
12 1918 2087 2100 1931 1919 2088 2101 1932 1639
12 1919 2088 2101 1932 1920 2089 2102 1933 1640
12 1920 2089 2102 1933 1921 2090 2103 1934 1641
12 1921 2090 2103 1934 1922 2091 2104 1935 1642
12 1922 2091 2104 1935 1923 2092 2105 1936 1643
12 1924 2093 2106 1937 1925 2094 2107 1938 1644
12 1925 2094 2107 1938 1926 2095 2108 1939 1645
12 1926 2095 2108 1939 1927 2096 2109 1940 1646
12 1927 2096 2109 1940 1928 2097 2110 1941 1647
12 1928 2097 2110 1941 1929 2098 2111 1942 1648
12 1929 2098 2111 1942 1930 2099 2112 1943 1649
12 1930 2099 2112 1943 1931 2100 2113 1944 1650
12 1931 2100 2113 1944 1932 2101 2114 1945 1651
12 1932 2101 2114 1945 1933 2102 2115 1946 1652
12 1933 2102 2115 1946 1934 2103 2116 1947 1653
12 1934 2103 2116 1947 1935 2104 2117 1948 1654
12 1935 2104 2117 1948 1936 2105 2118 1949 1655
12 1937 2106 2119 1950 1938 2107 2120 1951 1656
12 1938 2107 2120 1951 1939 2108 2121 1952 1657
12 1939 2108 2121 1952 1940 2109 2122 1953 1658
12 1940 2109 2122 1953 1941 2110 2123 1954 1659
12 1941 2110 2123 1954 1942 2111 2124 1955 1660
12 1942 2111 2124 1955 1943 2112 2125 1956 1661
12 1943 2112 2125 1956 1944 2113 2126 1957 1662
12 1944 2113 2126 1957 1945 2114 2127 1958 1663
12 1945 2114 2127 1958 1946 2115 2128 1959 1664
12 1946 2115 2128 1959 1947 2116 2129 1960 1665
12 1947 2116 2129 1960 1948 2117 2130 1961 1666
12 1948 2117 2130 1961 1949 2118 2131 1962 1667
12 1950 2119 2132 1963 1951 2120 2133 1964 1668
12 1951 2120 2133 1964 1952 2121 2134 1965 1669
12 1952 2121 2134 1965 1953 2122 2135 1966 1670
12 1953 2122 2135 1966 1954 2123 2136 1967 1671
12 1954 2123 2136 1967 1955 2124 2137 1968 1672
12 1955 2124 2137 1968 1956 2125 2138 1969 1673
12 1956 2125 2138 1969 1957 2126 2139 1970 1674
12 1957 2126 2139 1970 1958 2127 2140 1971 1675
12 1958 2127 2140 1971 1959 2128 2141 1972 1676
12 1959 2128 2141 1972 1960 2129 2142 1973 1677
12 1960 2129 2142 1973 1961 2130 2143 1974 1678
12 1961 2130 2143 1974 1962 2131 2144 1975 1679
12 1963 2132 2145 1976 1964 2133 2146 1977 1680
12 1964 2133 2146 1977 1965 2134 2147 1978 1681
12 1965 2134 2147 1978 1966 2135 2148 1979 1682
12 1966 2135 2148 1979 1967 2136 2149 1980 1683
12 1967 2136 2149 1980 1968 2137 2150 1981 1684
12 1968 2137 2150 1981 1969 2138 2151 1982 1685
12 1969 2138 2151 1982 1970 2139 2152 1983 1686
12 1970 2139 2152 1983 1971 2140 2153 1984 1687
12 1971 2140 2153 1984 1972 2141 2154 1985 1688
12 1972 2141 2154 1985 1973 2142 2155 1986 1689
12 1973 2142 2155 1986 1974 2143 2156 1987 1690
12 1974 2143 2156 1987 1975 2144 2157 1988 1691
12 1976 2145 2158 1989 1977 2146 2159 1990 1692
12 1977 2146 2159 1990 1978 2147 2160 1991 1693
12 1978 2147 2160 1991 1979 2148 2161 1992 1694
12 1979 2148 2161 1992 1980 2149 2162 1993 1695
12 1980 2149 2162 1993 1981 2150 2163 1994 1696
12 1981 2150 2163 1994 1982 2151 2164 1995 1697
12 1982 2151 2164 1995 1983 2152 2165 1996 1698
12 1983 2152 2165 1996 1984 2153 2166 1997 1699
12 1984 2153 2166 1997 1985 2154 2167 1998 1700
12 1985 2154 2167 1998 1986 2155 2168 1999 1701
12 1986 2155 2168 1999 1987 2156 2169 2000 1702
12 1987 2156 2169 2000 1988 2157 2170 2001 1703
12 1989 2158 2171 2002 1990 2159 2172 2003 1704
12 1990 2159 2172 2003 1991 2160 2173 2004 1705
12 1991 2160 2173 2004 1992 2161 2174 2005 1706
12 1992 2161 2174 2005 1993 2162 2175 2006 1707
12 1993 2162 2175 2006 1994 2163 2176 2007 1708
12 1994 2163 2176 2007 1995 2164 2177 2008 1709
12 1995 2164 2177 2008 1996 2165 2178 2009 1710
12 1996 2165 2178 2009 1997 2166 2179 2010 1711
12 1997 2166 2179 2010 1998 2167 2180 2011 1712
12 1998 2167 2180 2011 1999 2168 2181 2012 1713
12 1999 2168 2181 2012 2000 2169 2182 2013 1714
12 2000 2169 2182 2013 2001 2170 2183 2014 1715
12 2002 2171 2184 2015 2003 2172 2185 2016 1716
12 2003 2172 2185 2016 2004 2173 2186 2017 1717
12 2004 2173 2186 2017 2005 2174 2187 2018 1718
12 2005 2174 2187 2018 2006 2175 2188 2019 1719
12 2006 2175 2188 2019 2007 2176 2189 2020 1720
12 2007 2176 2189 2020 2008 2177 2190 2021 1721
12 2008 2177 2190 2021 2009 2178 2191 2022 1722
12 2009 2178 2191 2022 2010 2179 2192 2023 1723
12 2010 2179 2192 2023 2011 2180 2193 2024 1724
12 2011 2180 2193 2024 2012 2181 2194 2025 1725
12 2012 2181 2194 2025 2013 2182 2195 2026 1726
12 2013 2182 2195 2026 2014 2183 2196 2027 1727
12 2028 2197 2210 2041 2029 2198 2211 2042 1728
12 2029 2198 2211 2042 2030 2199 2212 2043 1729
12 2030 2199 2212 2043 2031 2200 2213 2044 1730
12 2031 2200 2213 2044 2032 2201 2214 2045 1731
12 2032 2201 2214 2045 2033 2202 2215 2046 1732
12 2033 2202 2215 2046 2034 2203 2216 2047 1733
12 2034 2203 2216 2047 2035 2204 2217 2048 1734
12 2035 2204 2217 2048 2036 2205 2218 2049 1735
12 2036 2205 2218 2049 2037 2206 2219 2050 1736
12 2037 2206 2219 2050 2038 2207 2220 2051 1737
12 2038 2207 2220 2051 2039 2208 2221 2052 1738
12 2039 2208 2221 2052 2040 2209 2222 2053 1739
12 2041 2210 2223 2054 2042 2211 2224 2055 1740
12 2042 2211 2224 2055 2043 2212 2225 2056 1741
12 2043 2212 2225 2056 2044 2213 2226 2057 1742
12 2044 2213 2226 2057 2045 2214 2227 2058 1743
12 2045 2214 2227 2058 2046 2215 2228 2059 1744
12 2046 2215 2228 2059 2047 2216 2229 2060 1745
12 2047 2216 2229 2060 2048 2217 2230 2061 1746
12 2048 2217 2230 2061 2049 2218 2231 2062 1747
12 2049 2218 2231 2062 2050 2219 2232 2063 1748
12 2050 2219 2232 2063 2051 2220 2233 2064 1749
12 2051 2220 2233 2064 2052 2221 2234 2065 1750
12 2052 2221 2234 2065 2053 2222 2235 2066 1751
12 2054 2223 2236 2067 2055 2224 2237 2068 1752
12 2055 2224 2237 2068 2056 2225 2238 2069 1753
12 2056 2225 2238 2069 2057 2226 2239 2070 1754
12 2057 2226 2239 2070 2058 2227 2240 2071 1755
12 2058 2227 2240 2071 2059 2228 2241 2072 1756
12 2059 2228 2241 2072 2060 2229 2242 2073 1757
12 2060 2229 2242 2073 2061 2230 2243 2074 1758
12 2061 2230 2243 2074 2062 2231 2244 2075 1759
12 2062 2231 2244 2075 2063 2232 2245 2076 1760
12 2063 2232 2245 2076 2064 2233 2246 2077 1761
12 2064 2233 2246 2077 2065 2234 2247 2078 1762
12 2065 2234 2247 2078 2066 2235 2248 2079 1763
12 2067 2236 2249 2080 2068 2237 2250 2081 1764
12 2068 2237 2250 2081 2069 2238 2251 2082 1765
12 2069 2238 2251 2082 2070 2239 2252 2083 1766
12 2070 2239 2252 2083 2071 2240 2253 2084 1767
12 2071 2240 2253 2084 2072 2241 2254 2085 1768
12 2072 2241 2254 2085 2073 2242 2255 2086 1769
12 2073 2242 2255 2086 2074 2243 2256 2087 1770
12 2074 2243 2256 2087 2075 2244 2257 2088 1771
12 2075 2244 2257 2088 2076 2245 2258 2089 1772
12 2076 2245 2258 2089 2077 2246 2259 2090 1773
12 2077 2246 2259 2090 2078 2247 2260 2091 1774
12 2078 2247 2260 2091 2079 2248 2261 2092 1775
12 2080 2249 2262 2093 2081 2250 2263 2094 1776
12 2081 2250 2263 2094 2082 2251 2264 2095 1777
12 2082 2251 2264 2095 2083 2252 2265 2096 1778
12 2083 2252 2265 2096 2084 2253 2266 2097 1779
12 2084 2253 2266 2097 2085 2254 2267 2098 1780
12 2085 2254 2267 2098 2086 2255 2268 2099 1781
12 2086 2255 2268 2099 2087 2256 2269 2100 1782
12 2087 2256 2269 2100 2088 2257 2270 2101 1783
12 2088 2257 2270 2101 2089 2258 2271 2102 1784
12 2089 2258 2271 2102 2090 2259 2272 2103 1785
12 2090 2259 2272 2103 2091 2260 2273 2104 1786
12 2091 2260 2273 2104 2092 2261 2274 2105 1787
12 2093 2262 2275 2106 2094 2263 2276 2107 1788
12 2094 2263 2276 2107 2095 2264 2277 2108 1789
12 2095 2264 2277 2108 2096 2265 2278 2109 1790
12 2096 2265 2278 2109 2097 2266 2279 2110 1791
12 2097 2266 2279 2110 2098 2267 2280 2111 1792
12 2098 2267 2280 2111 2099 2268 2281 2112 1793
12 2099 2268 2281 2112 2100 2269 2282 2113 1794
12 2100 2269 2282 2113 2101 2270 2283 2114 1795
12 2101 2270 2283 2114 2102 2271 2284 2115 1796
12 2102 2271 2284 2115 2103 2272 2285 2116 1797
12 2103 2272 2285 2116 2104 2273 2286 2117 1798
12 2104 2273 2286 2117 2105 2274 2287 2118 1799
12 2106 2275 2288 2119 2107 2276 2289 2120 1800
12 2107 2276 2289 2120 2108 2277 2290 2121 1801
12 2108 2277 2290 2121 2109 2278 2291 2122 1802
12 2109 2278 2291 2122 2110 2279 2292 2123 1803
12 2110 2279 2292 2123 2111 2280 2293 2124 1804
12 2111 2280 2293 2124 2112 2281 2294 2125 1805
12 2112 2281 2294 2125 2113 2282 2295 2126 1806
12 2113 2282 2295 2126 2114 2283 2296 2127 1807
12 2114 2283 2296 2127 2115 2284 2297 2128 1808
12 2115 2284 2297 2128 2116 2285 2298 2129 1809
12 2116 2285 2298 2129 2117 2286 2299 2130 1810
12 2117 2286 2299 2130 2118 2287 2300 2131 1811
12 2119 2288 2301 2132 2120 2289 2302 2133 1812
12 2120 2289 2302 2133 2121 2290 2303 2134 1813
12 2121 2290 2303 2134 2122 2291 2304 2135 1814
12 2122 2291 2304 2135 2123 2292 2305 2136 1815
12 2123 2292 2305 2136 2124 2293 2306 2137 1816
12 2124 2293 2306 2137 2125 2294 2307 2138 1817
12 2125 2294 2307 2138 2126 2295 2308 2139 1818
12 2126 2295 2308 2139 2127 2296 2309 2140 1819
12 2127 2296 2309 2140 2128 2297 2310 2141 1820
12 2128 2297 2310 2141 2129 2298 2311 2142 1821
12 2129 2298 2311 2142 2130 2299 2312 2143 1822
12 2130 2299 2312 2143 2131 2300 2313 2144 1823
12 2132 2301 2314 2145 2133 2302 2315 2146 1824
12 2133 2302 2315 2146 2134 2303 2316 2147 1825
12 2134 2303 2316 2147 2135 2304 2317 2148 1826
12 2135 2304 2317 2148 2136 2305 2318 2149 1827
12 2136 2305 2318 2149 2137 2306 2319 2150 1828
12 2137 2306 2319 2150 2138 2307 2320 2151 1829
12 2138 2307 2320 2151 2139 2308 2321 2152 1830
12 2139 2308 2321 2152 2140 2309 2322 2153 1831
12 2140 2309 2322 2153 2141 2310 2323 2154 1832
12 2141 2310 2323 2154 2142 2311 2324 2155 1833
12 2142 2311 2324 2155 2143 2312 2325 2156 1834
12 2143 2312 2325 2156 2144 2313 2326 2157 1835
12 2145 2314 2327 2158 2146 2315 2328 2159 1836
12 2146 2315 2328 2159 2147 2316 2329 2160 1837
12 2147 2316 2329 2160 2148 2317 2330 2161 1838
12 2148 2317 2330 2161 2149 2318 2331 2162 1839
12 2149 2318 2331 2162 2150 2319 2332 2163 1840
12 2150 2319 2332 2163 2151 2320 2333 2164 1841
12 2151 2320 2333 2164 2152 2321 2334 2165 1842
12 2152 2321 2334 2165 2153 2322 2335 2166 1843
12 2153 2322 2335 2166 2154 2323 2336 2167 1844
12 2154 2323 2336 2167 2155 2324 2337 2168 1845
12 2155 2324 2337 2168 2156 2325 2338 2169 1846
12 2156 2325 2338 2169 2157 2326 2339 2170 1847
12 2158 2327 2340 2171 2159 2328 2341 2172 1848
12 2159 2328 2341 2172 2160 2329 2342 2173 1849
12 2160 2329 2342 2173 2161 2330 2343 2174 1850
12 2161 2330 2343 2174 2162 2331 2344 2175 1851
12 2162 2331 2344 2175 2163 2332 2345 2176 1852
12 2163 2332 2345 2176 2164 2333 2346 2177 1853
12 2164 2333 2346 2177 2165 2334 2347 2178 1854
12 2165 2334 2347 2178 2166 2335 2348 2179 1855
12 2166 2335 2348 2179 2167 2336 2349 2180 1856
12 2167 2336 2349 2180 2168 2337 2350 2181 1857
12 2168 2337 2350 2181 2169 2338 2351 2182 1858
12 2169 2338 2351 2182 2170 2339 2352 2183 1859
12 2171 2340 2353 2184 2172 2341 2354 2185 1860
12 2172 2341 2354 2185 2173 2342 2355 2186 1861
12 2173 2342 2355 2186 2174 2343 2356 2187 1862
12 2174 2343 2356 2187 2175 2344 2357 2188 1863
12 2175 2344 2357 2188 2176 2345 2358 2189 1864
12 2176 2345 2358 2189 2177 2346 2359 2190 1865
12 2177 2346 2359 2190 2178 2347 2360 2191 1866
12 2178 2347 2360 2191 2179 2348 2361 2192 1867
12 2179 2348 2361 2192 2180 2349 2362 2193 1868
12 2180 2349 2362 2193 2181 2350 2363 2194 1869
12 2181 2350 2363 2194 2182 2351 2364 2195 1870
12 2182 2351 2364 2195 2183 2352 2365 2196 1871
12 2197 2366 2379 2210 2198 2367 2380 2211 1872
12 2198 2367 2380 2211 2199 2368 2381 2212 1873
12 2199 2368 2381 2212 2200 2369 2382 2213 1874
12 2200 2369 2382 2213 2201 2370 2383 2214 1875
12 2201 2370 2383 2214 2202 2371 2384 2215 1876
12 2202 2371 2384 2215 2203 2372 2385 2216 1877
12 2203 2372 2385 2216 2204 2373 2386 2217 1878
12 2204 2373 2386 2217 2205 2374 2387 2218 1879
12 2205 2374 2387 2218 2206 2375 2388 2219 1880
12 2206 2375 2388 2219 2207 2376 2389 2220 1881
12 2207 2376 2389 2220 2208 2377 2390 2221 1882
12 2208 2377 2390 2221 2209 2378 2391 2222 1883
12 2210 2379 2392 2223 2211 2380 2393 2224 1884
12 2211 2380 2393 2224 2212 2381 2394 2225 1885
12 2212 2381 2394 2225 2213 2382 2395 2226 1886
12 2213 2382 2395 2226 2214 2383 2396 2227 1887
12 2214 2383 2396 2227 2215 2384 2397 2228 1888
12 2215 2384 2397 2228 2216 2385 2398 2229 1889
12 2216 2385 2398 2229 2217 2386 2399 2230 1890
12 2217 2386 2399 2230 2218 2387 2400 2231 1891
12 2218 2387 2400 2231 2219 2388 2401 2232 1892
12 2219 2388 2401 2232 2220 2389 2402 2233 1893
12 2220 2389 2402 2233 2221 2390 2403 2234 1894
12 2221 2390 2403 2234 2222 2391 2404 2235 1895
12 2223 2392 2405 2236 2224 2393 2406 2237 1896
12 2224 2393 2406 2237 2225 2394 2407 2238 1897
12 2225 2394 2407 2238 2226 2395 2408 2239 1898
12 2226 2395 2408 2239 2227 2396 2409 2240 1899
12 2227 2396 2409 2240 2228 2397 2410 2241 1900
12 2228 2397 2410 2241 2229 2398 2411 2242 1901
12 2229 2398 2411 2242 2230 2399 2412 2243 1902
12 2230 2399 2412 2243 2231 2400 2413 2244 1903
12 2231 2400 2413 2244 2232 2401 2414 2245 1904
12 2232 2401 2414 2245 2233 2402 2415 2246 1905
12 2233 2402 2415 2246 2234 2403 2416 2247 1906
12 2234 2403 2416 2247 2235 2404 2417 2248 1907
12 2236 2405 2418 2249 2237 2406 2419 2250 1908
12 2237 2406 2419 2250 2238 2407 2420 2251 1909
12 2238 2407 2420 2251 2239 2408 2421 2252 1910
12 2239 2408 2421 2252 2240 2409 2422 2253 1911
12 2240 2409 2422 2253 2241 2410 2423 2254 1912
12 2241 2410 2423 2254 2242 2411 2424 2255 1913
12 2242 2411 2424 2255 2243 2412 2425 2256 1914
12 2243 2412 2425 2256 2244 2413 2426 2257 1915
12 2244 2413 2426 2257 2245 2414 2427 2258 1916
12 2245 2414 2427 2258 2246 2415 2428 2259 1917
12 2246 2415 2428 2259 2247 2416 2429 2260 1918
12 2247 2416 2429 2260 2248 2417 2430 2261 1919
12 2249 2418 2431 2262 2250 2419 2432 2263 1920
12 2250 2419 2432 2263 2251 2420 2433 2264 1921
12 2251 2420 2433 2264 2252 2421 2434 2265 1922
12 2252 2421 2434 2265 2253 2422 2435 2266 1923
12 2253 2422 2435 2266 2254 2423 2436 2267 1924
12 2254 2423 2436 2267 2255 2424 2437 2268 1925
12 2255 2424 2437 2268 2256 2425 2438 2269 1926
12 2256 2425 2438 2269 2257 2426 2439 2270 1927
12 2257 2426 2439 2270 2258 2427 2440 2271 1928
12 2258 2427 2440 2271 2259 2428 2441 2272 1929
12 2259 2428 2441 2272 2260 2429 2442 2273 1930
12 2260 2429 2442 2273 2261 2430 2443 2274 1931
12 2262 2431 2444 2275 2263 2432 2445 2276 1932
12 2263 2432 2445 2276 2264 2433 2446 2277 1933
12 2264 2433 2446 2277 2265 2434 2447 2278 1934
12 2265 2434 2447 2278 2266 2435 2448 2279 1935
12 2266 2435 2448 2279 2267 2436 2449 2280 1936
12 2267 2436 2449 2280 2268 2437 2450 2281 1937
12 2268 2437 2450 2281 2269 2438 2451 2282 1938
12 2269 2438 2451 2282 2270 2439 2452 2283 1939
12 2270 2439 2452 2283 2271 2440 2453 2284 1940
12 2271 2440 2453 2284 2272 2441 2454 2285 1941
12 2272 2441 2454 2285 2273 2442 2455 2286 1942
12 2273 2442 2455 2286 2274 2443 2456 2287 1943
12 2275 2444 2457 2288 2276 2445 2458 2289 1944
12 2276 2445 2458 2289 2277 2446 2459 2290 1945
12 2277 2446 2459 2290 2278 2447 2460 2291 1946
12 2278 2447 2460 2291 2279 2448 2461 2292 1947
12 2279 2448 2461 2292 2280 2449 2462 2293 1948
12 2280 2449 2462 2293 2281 2450 2463 2294 1949
12 2281 2450 2463 2294 2282 2451 2464 2295 1950
12 2282 2451 2464 2295 2283 2452 2465 2296 1951
12 2283 2452 2465 2296 2284 2453 2466 2297 1952
12 2284 2453 2466 2297 2285 2454 2467 2298 1953
12 2285 2454 2467 2298 2286 2455 2468 2299 1954
12 2286 2455 2468 2299 2287 2456 2469 2300 1955
12 2288 2457 2470 2301 2289 2458 2471 2302 1956
12 2289 2458 2471 2302 2290 2459 2472 2303 1957
12 2290 2459 2472 2303 2291 2460 2473 2304 1958
12 2291 2460 2473 2304 2292 2461 2474 2305 1959
12 2292 2461 2474 2305 2293 2462 2475 2306 1960
12 2293 2462 2475 2306 2294 2463 2476 2307 1961
12 2294 2463 2476 2307 2295 2464 2477 2308 1962
12 2295 2464 2477 2308 2296 2465 2478 2309 1963
12 2296 2465 2478 2309 2297 2466 2479 2310 1964
12 2297 2466 2479 2310 2298 2467 2480 2311 1965
12 2298 2467 2480 2311 2299 2468 2481 2312 1966
12 2299 2468 2481 2312 2300 2469 2482 2313 1967
12 2301 2470 2483 2314 2302 2471 2484 2315 1968
12 2302 2471 2484 2315 2303 2472 2485 2316 1969
12 2303 2472 2485 2316 2304 2473 2486 2317 1970
12 2304 2473 2486 2317 2305 2474 2487 2318 1971
12 2305 2474 2487 2318 2306 2475 2488 2319 1972
12 2306 2475 2488 2319 2307 2476 2489 2320 1973
12 2307 2476 2489 2320 2308 2477 2490 2321 1974
12 2308 2477 2490 2321 2309 2478 2491 2322 1975
12 2309 2478 2491 2322 2310 2479 2492 2323 1976
12 2310 2479 2492 2323 2311 2480 2493 2324 1977
12 2311 2480 2493 2324 2312 2481 2494 2325 1978
12 2312 2481 2494 2325 2313 2482 2495 2326 1979
12 2314 2483 2496 2327 2315 2484 2497 2328 1980
12 2315 2484 2497 2328 2316 2485 2498 2329 1981
12 2316 2485 2498 2329 2317 2486 2499 2330 1982
12 2317 2486 2499 2330 2318 2487 2500 2331 1983
12 2318 2487 2500 2331 2319 2488 2501 2332 1984
12 2319 2488 2501 2332 2320 2489 2502 2333 1985
12 2320 2489 2502 2333 2321 2490 2503 2334 1986
12 2321 2490 2503 2334 2322 2491 2504 2335 1987
12 2322 2491 2504 2335 2323 2492 2505 2336 1988
12 2323 2492 2505 2336 2324 2493 2506 2337 1989
12 2324 2493 2506 2337 2325 2494 2507 2338 1990
12 2325 2494 2507 2338 2326 2495 2508 2339 1991
12 2327 2496 2509 2340 2328 2497 2510 2341 1992
12 2328 2497 2510 2341 2329 2498 2511 2342 1993
12 2329 2498 2511 2342 2330 2499 2512 2343 1994
12 2330 2499 2512 2343 2331 2500 2513 2344 1995
12 2331 2500 2513 2344 2332 2501 2514 2345 1996
12 2332 2501 2514 2345 2333 2502 2515 2346 1997
12 2333 2502 2515 2346 2334 2503 2516 2347 1998
12 2334 2503 2516 2347 2335 2504 2517 2348 1999
12 2335 2504 2517 2348 2336 2505 2518 2349 2000
12 2336 2505 2518 2349 2337 2506 2519 2350 2001
12 2337 2506 2519 2350 2338 2507 2520 2351 2002
12 2338 2507 2520 2351 2339 2508 2521 2352 2003
12 2340 2509 2522 2353 2341 2510 2523 2354 2004
12 2341 2510 2523 2354 2342 2511 2524 2355 2005
12 2342 2511 2524 2355 2343 2512 2525 2356 2006
12 2343 2512 2525 2356 2344 2513 2526 2357 2007
12 2344 2513 2526 2357 2345 2514 2527 2358 2008
12 2345 2514 2527 2358 2346 2515 2528 2359 2009
12 2346 2515 2528 2359 2347 2516 2529 2360 2010
12 2347 2516 2529 2360 2348 2517 2530 2361 2011
12 2348 2517 2530 2361 2349 2518 2531 2362 2012
12 2349 2518 2531 2362 2350 2519 2532 2363 2013
12 2350 2519 2532 2363 2351 2520 2533 2364 2014
12 2351 2520 2533 2364 2352 2521 2534 2365 2015
12 2366 2535 2548 2379 2367 2536 2549 2380 2016
12 2367 2536 2549 2380 2368 2537 2550 2381 2017
12 2368 2537 2550 2381 2369 2538 2551 2382 2018
12 2369 2538 2551 2382 2370 2539 2552 2383 2019
12 2370 2539 2552 2383 2371 2540 2553 2384 2020
12 2371 2540 2553 2384 2372 2541 2554 2385 2021
12 2372 2541 2554 2385 2373 2542 2555 2386 2022
12 2373 2542 2555 2386 2374 2543 2556 2387 2023
12 2374 2543 2556 2387 2375 2544 2557 2388 2024
12 2375 2544 2557 2388 2376 2545 2558 2389 2025
12 2376 2545 2558 2389 2377 2546 2559 2390 2026
12 2377 2546 2559 2390 2378 2547 2560 2391 2027
12 2379 2548 2561 2392 2380 2549 2562 2393 2028
12 2380 2549 2562 2393 2381 2550 2563 2394 2029
12 2381 2550 2563 2394 2382 2551 2564 2395 2030
12 2382 2551 2564 2395 2383 2552 2565 2396 2031
12 2383 2552 2565 2396 2384 2553 2566 2397 2032
12 2384 2553 2566 2397 2385 2554 2567 2398 2033
12 2385 2554 2567 2398 2386 2555 2568 2399 2034
12 2386 2555 2568 2399 2387 2556 2569 2400 2035
12 2387 2556 2569 2400 2388 2557 2570 2401 2036
12 2388 2557 2570 2401 2389 2558 2571 2402 2037
12 2389 2558 2571 2402 2390 2559 2572 2403 2038
12 2390 2559 2572 2403 2391 2560 2573 2404 2039
12 2392 2561 2574 2405 2393 2562 2575 2406 2040
12 2393 2562 2575 2406 2394 2563 2576 2407 2041
12 2394 2563 2576 2407 2395 2564 2577 2408 2042
12 2395 2564 2577 2408 2396 2565 2578 2409 2043
12 2396 2565 2578 2409 2397 2566 2579 2410 2044
12 2397 2566 2579 2410 2398 2567 2580 2411 2045
12 2398 2567 2580 2411 2399 2568 2581 2412 2046
12 2399 2568 2581 2412 2400 2569 2582 2413 2047
12 2400 2569 2582 2413 2401 2570 2583 2414 2048
12 2401 2570 2583 2414 2402 2571 2584 2415 2049
12 2402 2571 2584 2415 2403 2572 2585 2416 2050
12 2403 2572 2585 2416 2404 2573 2586 2417 2051
12 2405 2574 2587 2418 2406 2575 2588 2419 2052
12 2406 2575 2588 2419 2407 2576 2589 2420 2053
12 2407 2576 2589 2420 2408 2577 2590 2421 2054
12 2408 2577 2590 2421 2409 2578 2591 2422 2055
12 2409 2578 2591 2422 2410 2579 2592 2423 2056
12 2410 2579 2592 2423 2411 2580 2593 2424 2057
12 2411 2580 2593 2424 2412 2581 2594 2425 2058
12 2412 2581 2594 2425 2413 2582 2595 2426 2059
12 2413 2582 2595 2426 2414 2583 2596 2427 2060
12 2414 2583 2596 2427 2415 2584 2597 2428 2061
12 2415 2584 2597 2428 2416 2585 2598 2429 2062
12 2416 2585 2598 2429 2417 2586 2599 2430 2063
12 2418 2587 2600 2431 2419 2588 2601 2432 2064
12 2419 2588 2601 2432 2420 2589 2602 2433 2065
12 2420 2589 2602 2433 2421 2590 2603 2434 2066
12 2421 2590 2603 2434 2422 2591 2604 2435 2067
12 2422 2591 2604 2435 2423 2592 2605 2436 2068
12 2423 2592 2605 2436 2424 2593 2606 2437 2069
12 2424 2593 2606 2437 2425 2594 2607 2438 2070
12 2425 2594 2607 2438 2426 2595 2608 2439 2071
12 2426 2595 2608 2439 2427 2596 2609 2440 2072
12 2427 2596 2609 2440 2428 2597 2610 2441 2073
12 2428 2597 2610 2441 2429 2598 2611 2442 2074
12 2429 2598 2611 2442 2430 2599 2612 2443 2075
12 2431 2600 2613 2444 2432 2601 2614 2445 2076
12 2432 2601 2614 2445 2433 2602 2615 2446 2077
12 2433 2602 2615 2446 2434 2603 2616 2447 2078
12 2434 2603 2616 2447 2435 2604 2617 2448 2079
12 2435 2604 2617 2448 2436 2605 2618 2449 2080
12 2436 2605 2618 2449 2437 2606 2619 2450 2081
12 2437 2606 2619 2450 2438 2607 2620 2451 2082
12 2438 2607 2620 2451 2439 2608 2621 2452 2083
12 2439 2608 2621 2452 2440 2609 2622 2453 2084
12 2440 2609 2622 2453 2441 2610 2623 2454 2085
12 2441 2610 2623 2454 2442 2611 2624 2455 2086
12 2442 2611 2624 2455 2443 2612 2625 2456 2087
12 2444 2613 2626 2457 2445 2614 2627 2458 2088
12 2445 2614 2627 2458 2446 2615 2628 2459 2089
12 2446 2615 2628 2459 2447 2616 2629 2460 2090
12 2447 2616 2629 2460 2448 2617 2630 2461 2091
12 2448 2617 2630 2461 2449 2618 2631 2462 2092
12 2449 2618 2631 2462 2450 2619 2632 2463 2093
12 2450 2619 2632 2463 2451 2620 2633 2464 2094
12 2451 2620 2633 2464 2452 2621 2634 2465 2095
12 2452 2621 2634 2465 2453 2622 2635 2466 2096
12 2453 2622 2635 2466 2454 2623 2636 2467 2097
12 2454 2623 2636 2467 2455 2624 2637 2468 2098
12 2455 2624 2637 2468 2456 2625 2638 2469 2099
12 2457 2626 2639 2470 2458 2627 2640 2471 2100
12 2458 2627 2640 2471 2459 2628 2641 2472 2101
12 2459 2628 2641 2472 2460 2629 2642 2473 2102
12 2460 2629 2642 2473 2461 2630 2643 2474 2103
12 2461 2630 2643 2474 2462 2631 2644 2475 2104
12 2462 2631 2644 2475 2463 2632 2645 2476 2105
12 2463 2632 2645 2476 2464 2633 2646 2477 2106
12 2464 2633 2646 2477 2465 2634 2647 2478 2107
12 2465 2634 2647 2478 2466 2635 2648 2479 2108
12 2466 2635 2648 2479 2467 2636 2649 2480 2109
12 2467 2636 2649 2480 2468 2637 2650 2481 2110
12 2468 2637 2650 2481 2469 2638 2651 2482 2111
12 2470 2639 2652 2483 2471 2640 2653 2484 2112
12 2471 2640 2653 2484 2472 2641 2654 2485 2113
12 2472 2641 2654 2485 2473 2642 2655 2486 2114
12 2473 2642 2655 2486 2474 2643 2656 2487 2115
12 2474 2643 2656 2487 2475 2644 2657 2488 2116
12 2475 2644 2657 2488 2476 2645 2658 2489 2117
12 2476 2645 2658 2489 2477 2646 2659 2490 2118
12 2477 2646 2659 2490 2478 2647 2660 2491 2119
12 2478 2647 2660 2491 2479 2648 2661 2492 2120
12 2479 2648 2661 2492 2480 2649 2662 2493 2121
12 2480 2649 2662 2493 2481 2650 2663 2494 2122
12 2481 2650 2663 2494 2482 2651 2664 2495 2123
12 2483 2652 2665 2496 2484 2653 2666 2497 2124
12 2484 2653 2666 2497 2485 2654 2667 2498 2125
12 2485 2654 2667 2498 2486 2655 2668 2499 2126
12 2486 2655 2668 2499 2487 2656 2669 2500 2127
12 2487 2656 2669 2500 2488 2657 2670 2501 2128
12 2488 2657 2670 2501 2489 2658 2671 2502 2129
12 2489 2658 2671 2502 2490 2659 2672 2503 2130
12 2490 2659 2672 2503 2491 2660 2673 2504 2131
12 2491 2660 2673 2504 2492 2661 2674 2505 2132
12 2492 2661 2674 2505 2493 2662 2675 2506 2133
12 2493 2662 2675 2506 2494 2663 2676 2507 2134
12 2494 2663 2676 2507 2495 2664 2677 2508 2135
12 2496 2665 2678 2509 2497 2666 2679 2510 2136
12 2497 2666 2679 2510 2498 2667 2680 2511 2137
12 2498 2667 2680 2511 2499 2668 2681 2512 2138
12 2499 2668 2681 2512 2500 2669 2682 2513 2139
12 2500 2669 2682 2513 2501 2670 2683 2514 2140
12 2501 2670 2683 2514 2502 2671 2684 2515 2141
12 2502 2671 2684 2515 2503 2672 2685 2516 2142
12 2503 2672 2685 2516 2504 2673 2686 2517 2143
12 2504 2673 2686 2517 2505 2674 2687 2518 2144
12 2505 2674 2687 2518 2506 2675 2688 2519 2145
12 2506 2675 2688 2519 2507 2676 2689 2520 2146
12 2507 2676 2689 2520 2508 2677 2690 2521 2147
12 2509 2678 2691 2522 2510 2679 2692 2523 2148
12 2510 2679 2692 2523 2511 2680 2693 2524 2149
12 2511 2680 2693 2524 2512 2681 2694 2525 2150
12 2512 2681 2694 2525 2513 2682 2695 2526 2151
12 2513 2682 2695 2526 2514 2683 2696 2527 2152
12 2514 2683 2696 2527 2515 2684 2697 2528 2153
12 2515 2684 2697 2528 2516 2685 2698 2529 2154
12 2516 2685 2698 2529 2517 2686 2699 2530 2155
12 2517 2686 2699 2530 2518 2687 2700 2531 2156
12 2518 2687 2700 2531 2519 2688 2701 2532 2157
12 2519 2688 2701 2532 2520 2689 2702 2533 2158
12 2520 2689 2702 2533 2521 2690 2703 2534 2159
12 2535 2704 2717 2548 2536 2705 2718 2549 2160
12 2536 2705 2718 2549 2537 2706 2719 2550 2161
12 2537 2706 2719 2550 2538 2707 2720 2551 2162
12 2538 2707 2720 2551 2539 2708 2721 2552 2163
12 2539 2708 2721 2552 2540 2709 2722 2553 2164
12 2540 2709 2722 2553 2541 2710 2723 2554 2165
12 2541 2710 2723 2554 2542 2711 2724 2555 2166
12 2542 2711 2724 2555 2543 2712 2725 2556 2167
12 2543 2712 2725 2556 2544 2713 2726 2557 2168
12 2544 2713 2726 2557 2545 2714 2727 2558 2169
12 2545 2714 2727 2558 2546 2715 2728 2559 2170
12 2546 2715 2728 2559 2547 2716 2729 2560 2171
12 2548 2717 2730 2561 2549 2718 2731 2562 2172
12 2549 2718 2731 2562 2550 2719 2732 2563 2173
12 2550 2719 2732 2563 2551 2720 2733 2564 2174
12 2551 2720 2733 2564 2552 2721 2734 2565 2175
12 2552 2721 2734 2565 2553 2722 2735 2566 2176
12 2553 2722 2735 2566 2554 2723 2736 2567 2177
12 2554 2723 2736 2567 2555 2724 2737 2568 2178
12 2555 2724 2737 2568 2556 2725 2738 2569 2179
12 2556 2725 2738 2569 2557 2726 2739 2570 2180
12 2557 2726 2739 2570 2558 2727 2740 2571 2181
12 2558 2727 2740 2571 2559 2728 2741 2572 2182
12 2559 2728 2741 2572 2560 2729 2742 2573 2183
12 2561 2730 2743 2574 2562 2731 2744 2575 2184
12 2562 2731 2744 2575 2563 2732 2745 2576 2185
12 2563 2732 2745 2576 2564 2733 2746 2577 2186
12 2564 2733 2746 2577 2565 2734 2747 2578 2187
12 2565 2734 2747 2578 2566 2735 2748 2579 2188
12 2566 2735 2748 2579 2567 2736 2749 2580 2189
12 2567 2736 2749 2580 2568 2737 2750 2581 2190
12 2568 2737 2750 2581 2569 2738 2751 2582 2191
12 2569 2738 2751 2582 2570 2739 2752 2583 2192
12 2570 2739 2752 2583 2571 2740 2753 2584 2193
12 2571 2740 2753 2584 2572 2741 2754 2585 2194
12 2572 2741 2754 2585 2573 2742 2755 2586 2195
12 2574 2743 2756 2587 2575 2744 2757 2588 2196
12 2575 2744 2757 2588 2576 2745 2758 2589 2197
12 2576 2745 2758 2589 2577 2746 2759 2590 2198
12 2577 2746 2759 2590 2578 2747 2760 2591 2199
12 2578 2747 2760 2591 2579 2748 2761 2592 2200
12 2579 2748 2761 2592 2580 2749 2762 2593 2201
12 2580 2749 2762 2593 2581 2750 2763 2594 2202
12 2581 2750 2763 2594 2582 2751 2764 2595 2203
12 2582 2751 2764 2595 2583 2752 2765 2596 2204
12 2583 2752 2765 2596 2584 2753 2766 2597 2205
12 2584 2753 2766 2597 2585 2754 2767 2598 2206
12 2585 2754 2767 2598 2586 2755 2768 2599 2207
12 2587 2756 2769 2600 2588 2757 2770 2601 2208
12 2588 2757 2770 2601 2589 2758 2771 2602 2209
12 2589 2758 2771 2602 2590 2759 2772 2603 2210
12 2590 2759 2772 2603 2591 2760 2773 2604 2211
12 2591 2760 2773 2604 2592 2761 2774 2605 2212
12 2592 2761 2774 2605 2593 2762 2775 2606 2213
12 2593 2762 2775 2606 2594 2763 2776 2607 2214
12 2594 2763 2776 2607 2595 2764 2777 2608 2215
12 2595 2764 2777 2608 2596 2765 2778 2609 2216
12 2596 2765 2778 2609 2597 2766 2779 2610 2217
12 2597 2766 2779 2610 2598 2767 2780 2611 2218
12 2598 2767 2780 2611 2599 2768 2781 2612 2219
12 2600 2769 2782 2613 2601 2770 2783 2614 2220
12 2601 2770 2783 2614 2602 2771 2784 2615 2221
12 2602 2771 2784 2615 2603 2772 2785 2616 2222
12 2603 2772 2785 2616 2604 2773 2786 2617 2223
12 2604 2773 2786 2617 2605 2774 2787 2618 2224
12 2605 2774 2787 2618 2606 2775 2788 2619 2225
12 2606 2775 2788 2619 2607 2776 2789 2620 2226
12 2607 2776 2789 2620 2608 2777 2790 2621 2227
12 2608 2777 2790 2621 2609 2778 2791 2622 2228
12 2609 2778 2791 2622 2610 2779 2792 2623 2229
12 2610 2779 2792 2623 2611 2780 2793 2624 2230
12 2611 2780 2793 2624 2612 2781 2794 2625 2231
12 2613 2782 2795 2626 2614 2783 2796 2627 2232
12 2614 2783 2796 2627 2615 2784 2797 2628 2233
12 2615 2784 2797 2628 2616 2785 2798 2629 2234
12 2616 2785 2798 2629 2617 2786 2799 2630 2235
12 2617 2786 2799 2630 2618 2787 2800 2631 2236
12 2618 2787 2800 2631 2619 2788 2801 2632 2237
12 2619 2788 2801 2632 2620 2789 2802 2633 2238
12 2620 2789 2802 2633 2621 2790 2803 2634 2239
12 2621 2790 2803 2634 2622 2791 2804 2635 2240
12 2622 2791 2804 2635 2623 2792 2805 2636 2241
12 2623 2792 2805 2636 2624 2793 2806 2637 2242
12 2624 2793 2806 2637 2625 2794 2807 2638 2243
12 2626 2795 2808 2639 2627 2796 2809 2640 2244
12 2627 2796 2809 2640 2628 2797 2810 2641 2245
12 2628 2797 2810 2641 2629 2798 2811 2642 2246
12 2629 2798 2811 2642 2630 2799 2812 2643 2247
12 2630 2799 2812 2643 2631 2800 2813 2644 2248
12 2631 2800 2813 2644 2632 2801 2814 2645 2249
12 2632 2801 2814 2645 2633 2802 2815 2646 2250
12 2633 2802 2815 2646 2634 2803 2816 2647 2251
12 2634 2803 2816 2647 2635 2804 2817 2648 2252
12 2635 2804 2817 2648 2636 2805 2818 2649 2253
12 2636 2805 2818 2649 2637 2806 2819 2650 2254
12 2637 2806 2819 2650 2638 2807 2820 2651 2255
12 2639 2808 2821 2652 2640 2809 2822 2653 2256
12 2640 2809 2822 2653 2641 2810 2823 2654 2257
12 2641 2810 2823 2654 2642 2811 2824 2655 2258
12 2642 2811 2824 2655 2643 2812 2825 2656 2259
12 2643 2812 2825 2656 2644 2813 2826 2657 2260
12 2644 2813 2826 2657 2645 2814 2827 2658 2261
12 2645 2814 2827 2658 2646 2815 2828 2659 2262
12 2646 2815 2828 2659 2647 2816 2829 2660 2263
12 2647 2816 2829 2660 2648 2817 2830 2661 2264
12 2648 2817 2830 2661 2649 2818 2831 2662 2265
12 2649 2818 2831 2662 2650 2819 2832 2663 2266
12 2650 2819 2832 2663 2651 2820 2833 2664 2267
12 2652 2821 2834 2665 2653 2822 2835 2666 2268
12 2653 2822 2835 2666 2654 2823 2836 2667 2269
12 2654 2823 2836 2667 2655 2824 2837 2668 2270
12 2655 2824 2837 2668 2656 2825 2838 2669 2271
12 2656 2825 2838 2669 2657 2826 2839 2670 2272
12 2657 2826 2839 2670 2658 2827 2840 2671 2273
12 2658 2827 2840 2671 2659 2828 2841 2672 2274
12 2659 2828 2841 2672 2660 2829 2842 2673 2275
12 2660 2829 2842 2673 2661 2830 2843 2674 2276
12 2661 2830 2843 2674 2662 2831 2844 2675 2277
12 2662 2831 2844 2675 2663 2832 2845 2676 2278
12 2663 2832 2845 2676 2664 2833 2846 2677 2279
12 2665 2834 2847 2678 2666 2835 2848 2679 2280
12 2666 2835 2848 2679 2667 2836 2849 2680 2281
12 2667 2836 2849 2680 2668 2837 2850 2681 2282
12 2668 2837 2850 2681 2669 2838 2851 2682 2283
12 2669 2838 2851 2682 2670 2839 2852 2683 2284
12 2670 2839 2852 2683 2671 2840 2853 2684 2285
12 2671 2840 2853 2684 2672 2841 2854 2685 2286
12 2672 2841 2854 2685 2673 2842 2855 2686 2287
12 2673 2842 2855 2686 2674 2843 2856 2687 2288
12 2674 2843 2856 2687 2675 2844 2857 2688 2289
12 2675 2844 2857 2688 2676 2845 2858 2689 2290
12 2676 2845 2858 2689 2677 2846 2859 2690 2291
12 2678 2847 2860 2691 2679 2848 2861 2692 2292
12 2679 2848 2861 2692 2680 2849 2862 2693 2293
12 2680 2849 2862 2693 2681 2850 2863 2694 2294
12 2681 2850 2863 2694 2682 2851 2864 2695 2295
12 2682 2851 2864 2695 2683 2852 2865 2696 2296
12 2683 2852 2865 2696 2684 2853 2866 2697 2297
12 2684 2853 2866 2697 2685 2854 2867 2698 2298
12 2685 2854 2867 2698 2686 2855 2868 2699 2299
12 2686 2855 2868 2699 2687 2856 2869 2700 2300
12 2687 2856 2869 2700 2688 2857 2870 2701 2301
12 2688 2857 2870 2701 2689 2858 2871 2702 2302
12 2689 2858 2871 2702 2690 2859 2872 2703 2303
12 2704 2873 2886 2717 2705 2874 2887 2718 2304
12 2705 2874 2887 2718 2706 2875 2888 2719 2305
12 2706 2875 2888 2719 2707 2876 2889 2720 2306
12 2707 2876 2889 2720 2708 2877 2890 2721 2307
12 2708 2877 2890 2721 2709 2878 2891 2722 2308
12 2709 2878 2891 2722 2710 2879 2892 2723 2309
12 2710 2879 2892 2723 2711 2880 2893 2724 2310
12 2711 2880 2893 2724 2712 2881 2894 2725 2311
12 2712 2881 2894 2725 2713 2882 2895 2726 2312
12 2713 2882 2895 2726 2714 2883 2896 2727 2313
12 2714 2883 2896 2727 2715 2884 2897 2728 2314
12 2715 2884 2897 2728 2716 2885 2898 2729 2315
12 2717 2886 2899 2730 2718 2887 2900 2731 2316
12 2718 2887 2900 2731 2719 2888 2901 2732 2317
12 2719 2888 2901 2732 2720 2889 2902 2733 2318
12 2720 2889 2902 2733 2721 2890 2903 2734 2319
12 2721 2890 2903 2734 2722 2891 2904 2735 2320
12 2722 2891 2904 2735 2723 2892 2905 2736 2321
12 2723 2892 2905 2736 2724 2893 2906 2737 2322
12 2724 2893 2906 2737 2725 2894 2907 2738 2323
12 2725 2894 2907 2738 2726 2895 2908 2739 2324
12 2726 2895 2908 2739 2727 2896 2909 2740 2325
12 2727 2896 2909 2740 2728 2897 2910 2741 2326
12 2728 2897 2910 2741 2729 2898 2911 2742 2327
12 2730 2899 2912 2743 2731 2900 2913 2744 2328
12 2731 2900 2913 2744 2732 2901 2914 2745 2329
12 2732 2901 2914 2745 2733 2902 2915 2746 2330
12 2733 2902 2915 2746 2734 2903 2916 2747 2331
12 2734 2903 2916 2747 2735 2904 2917 2748 2332
12 2735 2904 2917 2748 2736 2905 2918 2749 2333
12 2736 2905 2918 2749 2737 2906 2919 2750 2334
12 2737 2906 2919 2750 2738 2907 2920 2751 2335
12 2738 2907 2920 2751 2739 2908 2921 2752 2336
12 2739 2908 2921 2752 2740 2909 2922 2753 2337
12 2740 2909 2922 2753 2741 2910 2923 2754 2338
12 2741 2910 2923 2754 2742 2911 2924 2755 2339
12 2743 2912 2925 2756 2744 2913 2926 2757 2340
12 2744 2913 2926 2757 2745 2914 2927 2758 2341
12 2745 2914 2927 2758 2746 2915 2928 2759 2342
12 2746 2915 2928 2759 2747 2916 2929 2760 2343
12 2747 2916 2929 2760 2748 2917 2930 2761 2344
12 2748 2917 2930 2761 2749 2918 2931 2762 2345
12 2749 2918 2931 2762 2750 2919 2932 2763 2346
12 2750 2919 2932 2763 2751 2920 2933 2764 2347
12 2751 2920 2933 2764 2752 2921 2934 2765 2348
12 2752 2921 2934 2765 2753 2922 2935 2766 2349
12 2753 2922 2935 2766 2754 2923 2936 2767 2350
12 2754 2923 2936 2767 2755 2924 2937 2768 2351
12 2756 2925 2938 2769 2757 2926 2939 2770 2352
12 2757 2926 2939 2770 2758 2927 2940 2771 2353
12 2758 2927 2940 2771 2759 2928 2941 2772 2354
12 2759 2928 2941 2772 2760 2929 2942 2773 2355
12 2760 2929 2942 2773 2761 2930 2943 2774 2356
12 2761 2930 2943 2774 2762 2931 2944 2775 2357
12 2762 2931 2944 2775 2763 2932 2945 2776 2358
12 2763 2932 2945 2776 2764 2933 2946 2777 2359
12 2764 2933 2946 2777 2765 2934 2947 2778 2360
12 2765 2934 2947 2778 2766 2935 2948 2779 2361
12 2766 2935 2948 2779 2767 2936 2949 2780 2362
12 2767 2936 2949 2780 2768 2937 2950 2781 2363
12 2769 2938 2951 2782 2770 2939 2952 2783 2364
12 2770 2939 2952 2783 2771 2940 2953 2784 2365
12 2771 2940 2953 2784 2772 2941 2954 2785 2366
12 2772 2941 2954 2785 2773 2942 2955 2786 2367
12 2773 2942 2955 2786 2774 2943 2956 2787 2368
12 2774 2943 2956 2787 2775 2944 2957 2788 2369
12 2775 2944 2957 2788 2776 2945 2958 2789 2370
12 2776 2945 2958 2789 2777 2946 2959 2790 2371
12 2777 2946 2959 2790 2778 2947 2960 2791 2372
12 2778 2947 2960 2791 2779 2948 2961 2792 2373
12 2779 2948 2961 2792 2780 2949 2962 2793 2374
12 2780 2949 2962 2793 2781 2950 2963 2794 2375
12 2782 2951 2964 2795 2783 2952 2965 2796 2376
12 2783 2952 2965 2796 2784 2953 2966 2797 2377
12 2784 2953 2966 2797 2785 2954 2967 2798 2378
12 2785 2954 2967 2798 2786 2955 2968 2799 2379
12 2786 2955 2968 2799 2787 2956 2969 2800 2380
12 2787 2956 2969 2800 2788 2957 2970 2801 2381
12 2788 2957 2970 2801 2789 2958 2971 2802 2382
12 2789 2958 2971 2802 2790 2959 2972 2803 2383
12 2790 2959 2972 2803 2791 2960 2973 2804 2384
12 2791 2960 2973 2804 2792 2961 2974 2805 2385
12 2792 2961 2974 2805 2793 2962 2975 2806 2386
12 2793 2962 2975 2806 2794 2963 2976 2807 2387
12 2795 2964 2977 2808 2796 2965 2978 2809 2388
12 2796 2965 2978 2809 2797 2966 2979 2810 2389
12 2797 2966 2979 2810 2798 2967 2980 2811 2390
12 2798 2967 2980 2811 2799 2968 2981 2812 2391
12 2799 2968 2981 2812 2800 2969 2982 2813 2392
12 2800 2969 2982 2813 2801 2970 2983 2814 2393
12 2801 2970 2983 2814 2802 2971 2984 2815 2394
12 2802 2971 2984 2815 2803 2972 2985 2816 2395
12 2803 2972 2985 2816 2804 2973 2986 2817 2396
12 2804 2973 2986 2817 2805 2974 2987 2818 2397
12 2805 2974 2987 2818 2806 2975 2988 2819 2398
12 2806 2975 2988 2819 2807 2976 2989 2820 2399
12 2808 2977 2990 2821 2809 2978 2991 2822 2400
12 2809 2978 2991 2822 2810 2979 2992 2823 2401
12 2810 2979 2992 2823 2811 2980 2993 2824 2402
12 2811 2980 2993 2824 2812 2981 2994 2825 2403
12 2812 2981 2994 2825 2813 2982 2995 2826 2404
12 2813 2982 2995 2826 2814 2983 2996 2827 2405
12 2814 2983 2996 2827 2815 2984 2997 2828 2406
12 2815 2984 2997 2828 2816 2985 2998 2829 2407
12 2816 2985 2998 2829 2817 2986 2999 2830 2408
12 2817 2986 2999 2830 2818 2987 3000 2831 2409
12 2818 2987 3000 2831 2819 2988 3001 2832 2410
12 2819 2988 3001 2832 2820 2989 3002 2833 2411
12 2821 2990 3003 2834 2822 2991 3004 2835 2412
12 2822 2991 3004 2835 2823 2992 3005 2836 2413
12 2823 2992 3005 2836 2824 2993 3006 2837 2414
12 2824 2993 3006 2837 2825 2994 3007 2838 2415
12 2825 2994 3007 2838 2826 2995 3008 2839 2416
12 2826 2995 3008 2839 2827 2996 3009 2840 2417
12 2827 2996 3009 2840 2828 2997 3010 2841 2418
12 2828 2997 3010 2841 2829 2998 3011 2842 2419
12 2829 2998 3011 2842 2830 2999 3012 2843 2420
12 2830 2999 3012 2843 2831 3000 3013 2844 2421
12 2831 3000 3013 2844 2832 3001 3014 2845 2422
12 2832 3001 3014 2845 2833 3002 3015 2846 2423
12 2834 3003 3016 2847 2835 3004 3017 2848 2424
12 2835 3004 3017 2848 2836 3005 3018 2849 2425
12 2836 3005 3018 2849 2837 3006 3019 2850 2426
12 2837 3006 3019 2850 2838 3007 3020 2851 2427
12 2838 3007 3020 2851 2839 3008 3021 2852 2428
12 2839 3008 3021 2852 2840 3009 3022 2853 2429
12 2840 3009 3022 2853 2841 3010 3023 2854 2430
12 2841 3010 3023 2854 2842 3011 3024 2855 2431
12 2842 3011 3024 2855 2843 3012 3025 2856 2432
12 2843 3012 3025 2856 2844 3013 3026 2857 2433
12 2844 3013 3026 2857 2845 3014 3027 2858 2434
12 2845 3014 3027 2858 2846 3015 3028 2859 2435
12 2847 3016 3029 2860 2848 3017 3030 2861 2436
12 2848 3017 3030 2861 2849 3018 3031 2862 2437
12 2849 3018 3031 2862 2850 3019 3032 2863 2438
12 2850 3019 3032 2863 2851 3020 3033 2864 2439
12 2851 3020 3033 2864 2852 3021 3034 2865 2440
12 2852 3021 3034 2865 2853 3022 3035 2866 2441
12 2853 3022 3035 2866 2854 3023 3036 2867 2442
12 2854 3023 3036 2867 2855 3024 3037 2868 2443
12 2855 3024 3037 2868 2856 3025 3038 2869 2444
12 2856 3025 3038 2869 2857 3026 3039 2870 2445
12 2857 3026 3039 2870 2858 3027 3040 2871 2446
12 2858 3027 3040 2871 2859 3028 3041 2872 2447
12 2873 3042 3055 2886 2874 3043 3056 2887 2448
12 2874 3043 3056 2887 2875 3044 3057 2888 2449
12 2875 3044 3057 2888 2876 3045 3058 2889 2450
12 2876 3045 3058 2889 2877 3046 3059 2890 2451
12 2877 3046 3059 2890 2878 3047 3060 2891 2452
12 2878 3047 3060 2891 2879 3048 3061 2892 2453
12 2879 3048 3061 2892 2880 3049 3062 2893 2454
12 2880 3049 3062 2893 2881 3050 3063 2894 2455
12 2881 3050 3063 2894 2882 3051 3064 2895 2456
12 2882 3051 3064 2895 2883 3052 3065 2896 2457
12 2883 3052 3065 2896 2884 3053 3066 2897 2458
12 2884 3053 3066 2897 2885 3054 3067 2898 2459
12 2886 3055 3068 2899 2887 3056 3069 2900 2460
12 2887 3056 3069 2900 2888 3057 3070 2901 2461
12 2888 3057 3070 2901 2889 3058 3071 2902 2462
12 2889 3058 3071 2902 2890 3059 3072 2903 2463
12 2890 3059 3072 2903 2891 3060 3073 2904 2464
12 2891 3060 3073 2904 2892 3061 3074 2905 2465
12 2892 3061 3074 2905 2893 3062 3075 2906 2466
12 2893 3062 3075 2906 2894 3063 3076 2907 2467
12 2894 3063 3076 2907 2895 3064 3077 2908 2468
12 2895 3064 3077 2908 2896 3065 3078 2909 2469
12 2896 3065 3078 2909 2897 3066 3079 2910 2470
12 2897 3066 3079 2910 2898 3067 3080 2911 2471
12 2899 3068 3081 2912 2900 3069 3082 2913 2472
12 2900 3069 3082 2913 2901 3070 3083 2914 2473
12 2901 3070 3083 2914 2902 3071 3084 2915 2474
12 2902 3071 3084 2915 2903 3072 3085 2916 2475
12 2903 3072 3085 2916 2904 3073 3086 2917 2476
12 2904 3073 3086 2917 2905 3074 3087 2918 2477
12 2905 3074 3087 2918 2906 3075 3088 2919 2478
12 2906 3075 3088 2919 2907 3076 3089 2920 2479
12 2907 3076 3089 2920 2908 3077 3090 2921 2480
12 2908 3077 3090 2921 2909 3078 3091 2922 2481
12 2909 3078 3091 2922 2910 3079 3092 2923 2482
12 2910 3079 3092 2923 2911 3080 3093 2924 2483
12 2912 3081 3094 2925 2913 3082 3095 2926 2484
12 2913 3082 3095 2926 2914 3083 3096 2927 2485
12 2914 3083 3096 2927 2915 3084 3097 2928 2486
12 2915 3084 3097 2928 2916 3085 3098 2929 2487
12 2916 3085 3098 2929 2917 3086 3099 2930 2488
12 2917 3086 3099 2930 2918 3087 3100 2931 2489
12 2918 3087 3100 2931 2919 3088 3101 2932 2490
12 2919 3088 3101 2932 2920 3089 3102 2933 2491
12 2920 3089 3102 2933 2921 3090 3103 2934 2492
12 2921 3090 3103 2934 2922 3091 3104 2935 2493
12 2922 3091 3104 2935 2923 3092 3105 2936 2494
12 2923 3092 3105 2936 2924 3093 3106 2937 2495
12 2925 3094 3107 2938 2926 3095 3108 2939 2496
12 2926 3095 3108 2939 2927 3096 3109 2940 2497
12 2927 3096 3109 2940 2928 3097 3110 2941 2498
12 2928 3097 3110 2941 2929 3098 3111 2942 2499
12 2929 3098 3111 2942 2930 3099 3112 2943 2500
12 2930 3099 3112 2943 2931 3100 3113 2944 2501
12 2931 3100 3113 2944 2932 3101 3114 2945 2502
12 2932 3101 3114 2945 2933 3102 3115 2946 2503
12 2933 3102 3115 2946 2934 3103 3116 2947 2504
12 2934 3103 3116 2947 2935 3104 3117 2948 2505
12 2935 3104 3117 2948 2936 3105 3118 2949 2506
12 2936 3105 3118 2949 2937 3106 3119 2950 2507
12 2938 3107 3120 2951 2939 3108 3121 2952 2508
12 2939 3108 3121 2952 2940 3109 3122 2953 2509
12 2940 3109 3122 2953 2941 3110 3123 2954 2510
12 2941 3110 3123 2954 2942 3111 3124 2955 2511
12 2942 3111 3124 2955 2943 3112 3125 2956 2512
12 2943 3112 3125 2956 2944 3113 3126 2957 2513
12 2944 3113 3126 2957 2945 3114 3127 2958 2514
12 2945 3114 3127 2958 2946 3115 3128 2959 2515
12 2946 3115 3128 2959 2947 3116 3129 2960 2516
12 2947 3116 3129 2960 2948 3117 3130 2961 2517
12 2948 3117 3130 2961 2949 3118 3131 2962 2518
12 2949 3118 3131 2962 2950 3119 3132 2963 2519
12 2951 3120 3133 2964 2952 3121 3134 2965 2520
12 2952 3121 3134 2965 2953 3122 3135 2966 2521
12 2953 3122 3135 2966 2954 3123 3136 2967 2522
12 2954 3123 3136 2967 2955 3124 3137 2968 2523
12 2955 3124 3137 2968 2956 3125 3138 2969 2524
12 2956 3125 3138 2969 2957 3126 3139 2970 2525
12 2957 3126 3139 2970 2958 3127 3140 2971 2526
12 2958 3127 3140 2971 2959 3128 3141 2972 2527
12 2959 3128 3141 2972 2960 3129 3142 2973 2528
12 2960 3129 3142 2973 2961 3130 3143 2974 2529
12 2961 3130 3143 2974 2962 3131 3144 2975 2530
12 2962 3131 3144 2975 2963 3132 3145 2976 2531
12 2964 3133 3146 2977 2965 3134 3147 2978 2532
12 2965 3134 3147 2978 2966 3135 3148 2979 2533
12 2966 3135 3148 2979 2967 3136 3149 2980 2534
12 2967 3136 3149 2980 2968 3137 3150 2981 2535
12 2968 3137 3150 2981 2969 3138 3151 2982 2536
12 2969 3138 3151 2982 2970 3139 3152 2983 2537
12 2970 3139 3152 2983 2971 3140 3153 2984 2538
12 2971 3140 3153 2984 2972 3141 3154 2985 2539
12 2972 3141 3154 2985 2973 3142 3155 2986 2540
12 2973 3142 3155 2986 2974 3143 3156 2987 2541
12 2974 3143 3156 2987 2975 3144 3157 2988 2542
12 2975 3144 3157 2988 2976 3145 3158 2989 2543
12 2977 3146 3159 2990 2978 3147 3160 2991 2544
12 2978 3147 3160 2991 2979 3148 3161 2992 2545
12 2979 3148 3161 2992 2980 3149 3162 2993 2546
12 2980 3149 3162 2993 2981 3150 3163 2994 2547
12 2981 3150 3163 2994 2982 3151 3164 2995 2548
12 2982 3151 3164 2995 2983 3152 3165 2996 2549
12 2983 3152 3165 2996 2984 3153 3166 2997 2550
12 2984 3153 3166 2997 2985 3154 3167 2998 2551
12 2985 3154 3167 2998 2986 3155 3168 2999 2552
12 2986 3155 3168 2999 2987 3156 3169 3000 2553
12 2987 3156 3169 3000 2988 3157 3170 3001 2554
12 2988 3157 3170 3001 2989 3158 3171 3002 2555
12 2990 3159 3172 3003 2991 3160 3173 3004 2556
12 2991 3160 3173 3004 2992 3161 3174 3005 2557
12 2992 3161 3174 3005 2993 3162 3175 3006 2558
12 2993 3162 3175 3006 2994 3163 3176 3007 2559
12 2994 3163 3176 3007 2995 3164 3177 3008 2560
12 2995 3164 3177 3008 2996 3165 3178 3009 2561
12 2996 3165 3178 3009 2997 3166 3179 3010 2562
12 2997 3166 3179 3010 2998 3167 3180 3011 2563
12 2998 3167 3180 3011 2999 3168 3181 3012 2564
12 2999 3168 3181 3012 3000 3169 3182 3013 2565
12 3000 3169 3182 3013 3001 3170 3183 3014 2566
12 3001 3170 3183 3014 3002 3171 3184 3015 2567
12 3003 3172 3185 3016 3004 3173 3186 3017 2568
12 3004 3173 3186 3017 3005 3174 3187 3018 2569
12 3005 3174 3187 3018 3006 3175 3188 3019 2570
12 3006 3175 3188 3019 3007 3176 3189 3020 2571
12 3007 3176 3189 3020 3008 3177 3190 3021 2572
12 3008 3177 3190 3021 3009 3178 3191 3022 2573
12 3009 3178 3191 3022 3010 3179 3192 3023 2574
12 3010 3179 3192 3023 3011 3180 3193 3024 2575
12 3011 3180 3193 3024 3012 3181 3194 3025 2576
12 3012 3181 3194 3025 3013 3182 3195 3026 2577
12 3013 3182 3195 3026 3014 3183 3196 3027 2578
12 3014 3183 3196 3027 3015 3184 3197 3028 2579
12 3016 3185 3198 3029 3017 3186 3199 3030 2580
12 3017 3186 3199 3030 3018 3187 3200 3031 2581
12 3018 3187 3200 3031 3019 3188 3201 3032 2582
12 3019 3188 3201 3032 3020 3189 3202 3033 2583
12 3020 3189 3202 3033 3021 3190 3203 3034 2584
12 3021 3190 3203 3034 3022 3191 3204 3035 2585
12 3022 3191 3204 3035 3023 3192 3205 3036 2586
12 3023 3192 3205 3036 3024 3193 3206 3037 2587
12 3024 3193 3206 3037 3025 3194 3207 3038 2588
12 3025 3194 3207 3038 3026 3195 3208 3039 2589
12 3026 3195 3208 3039 3027 3196 3209 3040 2590
12 3027 3196 3209 3040 3028 3197 3210 3041 2591
12 3042 3211 3224 3055 3043 3212 3225 3056 2592
12 3043 3212 3225 3056 3044 3213 3226 3057 2593
12 3044 3213 3226 3057 3045 3214 3227 3058 2594
12 3045 3214 3227 3058 3046 3215 3228 3059 2595
12 3046 3215 3228 3059 3047 3216 3229 3060 2596
12 3047 3216 3229 3060 3048 3217 3230 3061 2597
12 3048 3217 3230 3061 3049 3218 3231 3062 2598
12 3049 3218 3231 3062 3050 3219 3232 3063 2599
12 3050 3219 3232 3063 3051 3220 3233 3064 2600
12 3051 3220 3233 3064 3052 3221 3234 3065 2601
12 3052 3221 3234 3065 3053 3222 3235 3066 2602
12 3053 3222 3235 3066 3054 3223 3236 3067 2603
12 3055 3224 3237 3068 3056 3225 3238 3069 2604
12 3056 3225 3238 3069 3057 3226 3239 3070 2605
12 3057 3226 3239 3070 3058 3227 3240 3071 2606
12 3058 3227 3240 3071 3059 3228 3241 3072 2607
12 3059 3228 3241 3072 3060 3229 3242 3073 2608
12 3060 3229 3242 3073 3061 3230 3243 3074 2609
12 3061 3230 3243 3074 3062 3231 3244 3075 2610
12 3062 3231 3244 3075 3063 3232 3245 3076 2611
12 3063 3232 3245 3076 3064 3233 3246 3077 2612
12 3064 3233 3246 3077 3065 3234 3247 3078 2613
12 3065 3234 3247 3078 3066 3235 3248 3079 2614
12 3066 3235 3248 3079 3067 3236 3249 3080 2615
12 3068 3237 3250 3081 3069 3238 3251 3082 2616
12 3069 3238 3251 3082 3070 3239 3252 3083 2617
12 3070 3239 3252 3083 3071 3240 3253 3084 2618
12 3071 3240 3253 3084 3072 3241 3254 3085 2619
12 3072 3241 3254 3085 3073 3242 3255 3086 2620
12 3073 3242 3255 3086 3074 3243 3256 3087 2621
12 3074 3243 3256 3087 3075 3244 3257 3088 2622
12 3075 3244 3257 3088 3076 3245 3258 3089 2623
12 3076 3245 3258 3089 3077 3246 3259 3090 2624
12 3077 3246 3259 3090 3078 3247 3260 3091 2625
12 3078 3247 3260 3091 3079 3248 3261 3092 2626
12 3079 3248 3261 3092 3080 3249 3262 3093 2627
12 3081 3250 3263 3094 3082 3251 3264 3095 2628
12 3082 3251 3264 3095 3083 3252 3265 3096 2629
12 3083 3252 3265 3096 3084 3253 3266 3097 2630
12 3084 3253 3266 3097 3085 3254 3267 3098 2631
12 3085 3254 3267 3098 3086 3255 3268 3099 2632
12 3086 3255 3268 3099 3087 3256 3269 3100 2633
12 3087 3256 3269 3100 3088 3257 3270 3101 2634
12 3088 3257 3270 3101 3089 3258 3271 3102 2635
12 3089 3258 3271 3102 3090 3259 3272 3103 2636
12 3090 3259 3272 3103 3091 3260 3273 3104 2637
12 3091 3260 3273 3104 3092 3261 3274 3105 2638
12 3092 3261 3274 3105 3093 3262 3275 3106 2639
12 3094 3263 3276 3107 3095 3264 3277 3108 2640
12 3095 3264 3277 3108 3096 3265 3278 3109 2641
12 3096 3265 3278 3109 3097 3266 3279 3110 2642
12 3097 3266 3279 3110 3098 3267 3280 3111 2643
12 3098 3267 3280 3111 3099 3268 3281 3112 2644
12 3099 3268 3281 3112 3100 3269 3282 3113 2645
12 3100 3269 3282 3113 3101 3270 3283 3114 2646
12 3101 3270 3283 3114 3102 3271 3284 3115 2647
12 3102 3271 3284 3115 3103 3272 3285 3116 2648
12 3103 3272 3285 3116 3104 3273 3286 3117 2649
12 3104 3273 3286 3117 3105 3274 3287 3118 2650
12 3105 3274 3287 3118 3106 3275 3288 3119 2651
12 3107 3276 3289 3120 3108 3277 3290 3121 2652
12 3108 3277 3290 3121 3109 3278 3291 3122 2653
12 3109 3278 3291 3122 3110 3279 3292 3123 2654
12 3110 3279 3292 3123 3111 3280 3293 3124 2655
12 3111 3280 3293 3124 3112 3281 3294 3125 2656
12 3112 3281 3294 3125 3113 3282 3295 3126 2657
12 3113 3282 3295 3126 3114 3283 3296 3127 2658
12 3114 3283 3296 3127 3115 3284 3297 3128 2659
12 3115 3284 3297 3128 3116 3285 3298 3129 2660
12 3116 3285 3298 3129 3117 3286 3299 3130 2661
12 3117 3286 3299 3130 3118 3287 3300 3131 2662
12 3118 3287 3300 3131 3119 3288 3301 3132 2663
12 3120 3289 3302 3133 3121 3290 3303 3134 2664
12 3121 3290 3303 3134 3122 3291 3304 3135 2665
12 3122 3291 3304 3135 3123 3292 3305 3136 2666
12 3123 3292 3305 3136 3124 3293 3306 3137 2667
12 3124 3293 3306 3137 3125 3294 3307 3138 2668
12 3125 3294 3307 3138 3126 3295 3308 3139 2669
12 3126 3295 3308 3139 3127 3296 3309 3140 2670
12 3127 3296 3309 3140 3128 3297 3310 3141 2671
12 3128 3297 3310 3141 3129 3298 3311 3142 2672
12 3129 3298 3311 3142 3130 3299 3312 3143 2673
12 3130 3299 3312 3143 3131 3300 3313 3144 2674
12 3131 3300 3313 3144 3132 3301 3314 3145 2675
12 3133 3302 3315 3146 3134 3303 3316 3147 2676
12 3134 3303 3316 3147 3135 3304 3317 3148 2677
12 3135 3304 3317 3148 3136 3305 3318 3149 2678
12 3136 3305 3318 3149 3137 3306 3319 3150 2679
12 3137 3306 3319 3150 3138 3307 3320 3151 2680
12 3138 3307 3320 3151 3139 3308 3321 3152 2681
12 3139 3308 3321 3152 3140 3309 3322 3153 2682
12 3140 3309 3322 3153 3141 3310 3323 3154 2683
12 3141 3310 3323 3154 3142 3311 3324 3155 2684
12 3142 3311 3324 3155 3143 3312 3325 3156 2685
12 3143 3312 3325 3156 3144 3313 3326 3157 2686
12 3144 3313 3326 3157 3145 3314 3327 3158 2687
12 3146 3315 3328 3159 3147 3316 3329 3160 2688
12 3147 3316 3329 3160 3148 3317 3330 3161 2689
12 3148 3317 3330 3161 3149 3318 3331 3162 2690
12 3149 3318 3331 3162 3150 3319 3332 3163 2691
12 3150 3319 3332 3163 3151 3320 3333 3164 2692
12 3151 3320 3333 3164 3152 3321 3334 3165 2693
12 3152 3321 3334 3165 3153 3322 3335 3166 2694
12 3153 3322 3335 3166 3154 3323 3336 3167 2695
12 3154 3323 3336 3167 3155 3324 3337 3168 2696
12 3155 3324 3337 3168 3156 3325 3338 3169 2697
12 3156 3325 3338 3169 3157 3326 3339 3170 2698
12 3157 3326 3339 3170 3158 3327 3340 3171 2699
12 3159 3328 3341 3172 3160 3329 3342 3173 2700
12 3160 3329 3342 3173 3161 3330 3343 3174 2701
12 3161 3330 3343 3174 3162 3331 3344 3175 2702
12 3162 3331 3344 3175 3163 3332 3345 3176 2703
12 3163 3332 3345 3176 3164 3333 3346 3177 2704
12 3164 3333 3346 3177 3165 3334 3347 3178 2705
12 3165 3334 3347 3178 3166 3335 3348 3179 2706
12 3166 3335 3348 3179 3167 3336 3349 3180 2707
12 3167 3336 3349 3180 3168 3337 3350 3181 2708
12 3168 3337 3350 3181 3169 3338 3351 3182 2709
12 3169 3338 3351 3182 3170 3339 3352 3183 2710
12 3170 3339 3352 3183 3171 3340 3353 3184 2711
12 3172 3341 3354 3185 3173 3342 3355 3186 2712
12 3173 3342 3355 3186 3174 3343 3356 3187 2713
12 3174 3343 3356 3187 3175 3344 3357 3188 2714
12 3175 3344 3357 3188 3176 3345 3358 3189 2715
12 3176 3345 3358 3189 3177 3346 3359 3190 2716
12 3177 3346 3359 3190 3178 3347 3360 3191 2717
12 3178 3347 3360 3191 3179 3348 3361 3192 2718
12 3179 3348 3361 3192 3180 3349 3362 3193 2719
12 3180 3349 3362 3193 3181 3350 3363 3194 2720
12 3181 3350 3363 3194 3182 3351 3364 3195 2721
12 3182 3351 3364 3195 3183 3352 3365 3196 2722
12 3183 3352 3365 3196 3184 3353 3366 3197 2723
12 3185 3354 3367 3198 3186 3355 3368 3199 2724
12 3186 3355 3368 3199 3187 3356 3369 3200 2725
12 3187 3356 3369 3200 3188 3357 3370 3201 2726
12 3188 3357 3370 3201 3189 3358 3371 3202 2727
12 3189 3358 3371 3202 3190 3359 3372 3203 2728
12 3190 3359 3372 3203 3191 3360 3373 3204 2729
12 3191 3360 3373 3204 3192 3361 3374 3205 2730
12 3192 3361 3374 3205 3193 3362 3375 3206 2731
12 3193 3362 3375 3206 3194 3363 3376 3207 2732
12 3194 3363 3376 3207 3195 3364 3377 3208 2733
12 3195 3364 3377 3208 3196 3365 3378 3209 2734
12 3196 3365 3378 3209 3197 3366 3379 3210 2735
12 3211 3380 3393 3224 3212 3381 3394 3225 2736
12 3212 3381 3394 3225 3213 3382 3395 3226 2737
12 3213 3382 3395 3226 3214 3383 3396 3227 2738
12 3214 3383 3396 3227 3215 3384 3397 3228 2739
12 3215 3384 3397 3228 3216 3385 3398 3229 2740
12 3216 3385 3398 3229 3217 3386 3399 3230 2741
12 3217 3386 3399 3230 3218 3387 3400 3231 2742
12 3218 3387 3400 3231 3219 3388 3401 3232 2743
12 3219 3388 3401 3232 3220 3389 3402 3233 2744
12 3220 3389 3402 3233 3221 3390 3403 3234 2745
12 3221 3390 3403 3234 3222 3391 3404 3235 2746
12 3222 3391 3404 3235 3223 3392 3405 3236 2747
12 3224 3393 3406 3237 3225 3394 3407 3238 2748
12 3225 3394 3407 3238 3226 3395 3408 3239 2749
12 3226 3395 3408 3239 3227 3396 3409 3240 2750
12 3227 3396 3409 3240 3228 3397 3410 3241 2751
12 3228 3397 3410 3241 3229 3398 3411 3242 2752
12 3229 3398 3411 3242 3230 3399 3412 3243 2753
12 3230 3399 3412 3243 3231 3400 3413 3244 2754
12 3231 3400 3413 3244 3232 3401 3414 3245 2755
12 3232 3401 3414 3245 3233 3402 3415 3246 2756
12 3233 3402 3415 3246 3234 3403 3416 3247 2757
12 3234 3403 3416 3247 3235 3404 3417 3248 2758
12 3235 3404 3417 3248 3236 3405 3418 3249 2759
12 3237 3406 3419 3250 3238 3407 3420 3251 2760
12 3238 3407 3420 3251 3239 3408 3421 3252 2761
12 3239 3408 3421 3252 3240 3409 3422 3253 2762
12 3240 3409 3422 3253 3241 3410 3423 3254 2763
12 3241 3410 3423 3254 3242 3411 3424 3255 2764
12 3242 3411 3424 3255 3243 3412 3425 3256 2765
12 3243 3412 3425 3256 3244 3413 3426 3257 2766
12 3244 3413 3426 3257 3245 3414 3427 3258 2767
12 3245 3414 3427 3258 3246 3415 3428 3259 2768
12 3246 3415 3428 3259 3247 3416 3429 3260 2769
12 3247 3416 3429 3260 3248 3417 3430 3261 2770
12 3248 3417 3430 3261 3249 3418 3431 3262 2771
12 3250 3419 3432 3263 3251 3420 3433 3264 2772
12 3251 3420 3433 3264 3252 3421 3434 3265 2773
12 3252 3421 3434 3265 3253 3422 3435 3266 2774
12 3253 3422 3435 3266 3254 3423 3436 3267 2775
12 3254 3423 3436 3267 3255 3424 3437 3268 2776
12 3255 3424 3437 3268 3256 3425 3438 3269 2777
12 3256 3425 3438 3269 3257 3426 3439 3270 2778
12 3257 3426 3439 3270 3258 3427 3440 3271 2779
12 3258 3427 3440 3271 3259 3428 3441 3272 2780
12 3259 3428 3441 3272 3260 3429 3442 3273 2781
12 3260 3429 3442 3273 3261 3430 3443 3274 2782
12 3261 3430 3443 3274 3262 3431 3444 3275 2783
12 3263 3432 3445 3276 3264 3433 3446 3277 2784
12 3264 3433 3446 3277 3265 3434 3447 3278 2785
12 3265 3434 3447 3278 3266 3435 3448 3279 2786
12 3266 3435 3448 3279 3267 3436 3449 3280 2787
12 3267 3436 3449 3280 3268 3437 3450 3281 2788
12 3268 3437 3450 3281 3269 3438 3451 3282 2789
12 3269 3438 3451 3282 3270 3439 3452 3283 2790
12 3270 3439 3452 3283 3271 3440 3453 3284 2791
12 3271 3440 3453 3284 3272 3441 3454 3285 2792
12 3272 3441 3454 3285 3273 3442 3455 3286 2793
12 3273 3442 3455 3286 3274 3443 3456 3287 2794
12 3274 3443 3456 3287 3275 3444 3457 3288 2795
12 3276 3445 3458 3289 3277 3446 3459 3290 2796
12 3277 3446 3459 3290 3278 3447 3460 3291 2797
12 3278 3447 3460 3291 3279 3448 3461 3292 2798
12 3279 3448 3461 3292 3280 3449 3462 3293 2799
12 3280 3449 3462 3293 3281 3450 3463 3294 2800
12 3281 3450 3463 3294 3282 3451 3464 3295 2801
12 3282 3451 3464 3295 3283 3452 3465 3296 2802
12 3283 3452 3465 3296 3284 3453 3466 3297 2803
12 3284 3453 3466 3297 3285 3454 3467 3298 2804
12 3285 3454 3467 3298 3286 3455 3468 3299 2805
12 3286 3455 3468 3299 3287 3456 3469 3300 2806
12 3287 3456 3469 3300 3288 3457 3470 3301 2807
12 3289 3458 3471 3302 3290 3459 3472 3303 2808
12 3290 3459 3472 3303 3291 3460 3473 3304 2809
12 3291 3460 3473 3304 3292 3461 3474 3305 2810
12 3292 3461 3474 3305 3293 3462 3475 3306 2811
12 3293 3462 3475 3306 3294 3463 3476 3307 2812
12 3294 3463 3476 3307 3295 3464 3477 3308 2813
12 3295 3464 3477 3308 3296 3465 3478 3309 2814
12 3296 3465 3478 3309 3297 3466 3479 3310 2815
12 3297 3466 3479 3310 3298 3467 3480 3311 2816
12 3298 3467 3480 3311 3299 3468 3481 3312 2817
12 3299 3468 3481 3312 3300 3469 3482 3313 2818
12 3300 3469 3482 3313 3301 3470 3483 3314 2819
12 3302 3471 3484 3315 3303 3472 3485 3316 2820
12 3303 3472 3485 3316 3304 3473 3486 3317 2821
12 3304 3473 3486 3317 3305 3474 3487 3318 2822
12 3305 3474 3487 3318 3306 3475 3488 3319 2823
12 3306 3475 3488 3319 3307 3476 3489 3320 2824
12 3307 3476 3489 3320 3308 3477 3490 3321 2825
12 3308 3477 3490 3321 3309 3478 3491 3322 2826
12 3309 3478 3491 3322 3310 3479 3492 3323 2827
12 3310 3479 3492 3323 3311 3480 3493 3324 2828
12 3311 3480 3493 3324 3312 3481 3494 3325 2829
12 3312 3481 3494 3325 3313 3482 3495 3326 2830
12 3313 3482 3495 3326 3314 3483 3496 3327 2831
12 3315 3484 3497 3328 3316 3485 3498 3329 2832
12 3316 3485 3498 3329 3317 3486 3499 3330 2833
12 3317 3486 3499 3330 3318 3487 3500 3331 2834
12 3318 3487 3500 3331 3319 3488 3501 3332 2835
12 3319 3488 3501 3332 3320 3489 3502 3333 2836
12 3320 3489 3502 3333 3321 3490 3503 3334 2837
12 3321 3490 3503 3334 3322 3491 3504 3335 2838
12 3322 3491 3504 3335 3323 3492 3505 3336 2839
12 3323 3492 3505 3336 3324 3493 3506 3337 2840
12 3324 3493 3506 3337 3325 3494 3507 3338 2841
12 3325 3494 3507 3338 3326 3495 3508 3339 2842
12 3326 3495 3508 3339 3327 3496 3509 3340 2843
12 3328 3497 3510 3341 3329 3498 3511 3342 2844
12 3329 3498 3511 3342 3330 3499 3512 3343 2845
12 3330 3499 3512 3343 3331 3500 3513 3344 2846
12 3331 3500 3513 3344 3332 3501 3514 3345 2847
12 3332 3501 3514 3345 3333 3502 3515 3346 2848
12 3333 3502 3515 3346 3334 3503 3516 3347 2849
12 3334 3503 3516 3347 3335 3504 3517 3348 2850
12 3335 3504 3517 3348 3336 3505 3518 3349 2851
12 3336 3505 3518 3349 3337 3506 3519 3350 2852
12 3337 3506 3519 3350 3338 3507 3520 3351 2853
12 3338 3507 3520 3351 3339 3508 3521 3352 2854
12 3339 3508 3521 3352 3340 3509 3522 3353 2855
12 3341 3510 3523 3354 3342 3511 3524 3355 2856
12 3342 3511 3524 3355 3343 3512 3525 3356 2857
12 3343 3512 3525 3356 3344 3513 3526 3357 2858
12 3344 3513 3526 3357 3345 3514 3527 3358 2859
12 3345 3514 3527 3358 3346 3515 3528 3359 2860
12 3346 3515 3528 3359 3347 3516 3529 3360 2861
12 3347 3516 3529 3360 3348 3517 3530 3361 2862
12 3348 3517 3530 3361 3349 3518 3531 3362 2863
12 3349 3518 3531 3362 3350 3519 3532 3363 2864
12 3350 3519 3532 3363 3351 3520 3533 3364 2865
12 3351 3520 3533 3364 3352 3521 3534 3365 2866
12 3352 3521 3534 3365 3353 3522 3535 3366 2867
12 3354 3523 3536 3367 3355 3524 3537 3368 2868
12 3355 3524 3537 3368 3356 3525 3538 3369 2869
12 3356 3525 3538 3369 3357 3526 3539 3370 2870
12 3357 3526 3539 3370 3358 3527 3540 3371 2871
12 3358 3527 3540 3371 3359 3528 3541 3372 2872
12 3359 3528 3541 3372 3360 3529 3542 3373 2873
12 3360 3529 3542 3373 3361 3530 3543 3374 2874
12 3361 3530 3543 3374 3362 3531 3544 3375 2875
12 3362 3531 3544 3375 3363 3532 3545 3376 2876
12 3363 3532 3545 3376 3364 3533 3546 3377 2877
12 3364 3533 3546 3377 3365 3534 3547 3378 2878
12 3365 3534 3547 3378 3366 3535 3548 3379 2879
12 3380 3549 3562 3393 3381 3550 3563 3394 2880
12 3381 3550 3563 3394 3382 3551 3564 3395 2881
12 3382 3551 3564 3395 3383 3552 3565 3396 2882
12 3383 3552 3565 3396 3384 3553 3566 3397 2883
12 3384 3553 3566 3397 3385 3554 3567 3398 2884
12 3385 3554 3567 3398 3386 3555 3568 3399 2885
12 3386 3555 3568 3399 3387 3556 3569 3400 2886
12 3387 3556 3569 3400 3388 3557 3570 3401 2887
12 3388 3557 3570 3401 3389 3558 3571 3402 2888
12 3389 3558 3571 3402 3390 3559 3572 3403 2889
12 3390 3559 3572 3403 3391 3560 3573 3404 2890
12 3391 3560 3573 3404 3392 3561 3574 3405 2891
12 3393 3562 3575 3406 3394 3563 3576 3407 2892
12 3394 3563 3576 3407 3395 3564 3577 3408 2893
12 3395 3564 3577 3408 3396 3565 3578 3409 2894
12 3396 3565 3578 3409 3397 3566 3579 3410 2895
12 3397 3566 3579 3410 3398 3567 3580 3411 2896
12 3398 3567 3580 3411 3399 3568 3581 3412 2897
12 3399 3568 3581 3412 3400 3569 3582 3413 2898
12 3400 3569 3582 3413 3401 3570 3583 3414 2899
12 3401 3570 3583 3414 3402 3571 3584 3415 2900
12 3402 3571 3584 3415 3403 3572 3585 3416 2901
12 3403 3572 3585 3416 3404 3573 3586 3417 2902
12 3404 3573 3586 3417 3405 3574 3587 3418 2903
12 3406 3575 3588 3419 3407 3576 3589 3420 2904
12 3407 3576 3589 3420 3408 3577 3590 3421 2905
12 3408 3577 3590 3421 3409 3578 3591 3422 2906
12 3409 3578 3591 3422 3410 3579 3592 3423 2907
12 3410 3579 3592 3423 3411 3580 3593 3424 2908
12 3411 3580 3593 3424 3412 3581 3594 3425 2909
12 3412 3581 3594 3425 3413 3582 3595 3426 2910
12 3413 3582 3595 3426 3414 3583 3596 3427 2911
12 3414 3583 3596 3427 3415 3584 3597 3428 2912
12 3415 3584 3597 3428 3416 3585 3598 3429 2913
12 3416 3585 3598 3429 3417 3586 3599 3430 2914
12 3417 3586 3599 3430 3418 3587 3600 3431 2915
12 3419 3588 3601 3432 3420 3589 3602 3433 2916
12 3420 3589 3602 3433 3421 3590 3603 3434 2917
12 3421 3590 3603 3434 3422 3591 3604 3435 2918
12 3422 3591 3604 3435 3423 3592 3605 3436 2919
12 3423 3592 3605 3436 3424 3593 3606 3437 2920
12 3424 3593 3606 3437 3425 3594 3607 3438 2921
12 3425 3594 3607 3438 3426 3595 3608 3439 2922
12 3426 3595 3608 3439 3427 3596 3609 3440 2923
12 3427 3596 3609 3440 3428 3597 3610 3441 2924
12 3428 3597 3610 3441 3429 3598 3611 3442 2925
12 3429 3598 3611 3442 3430 3599 3612 3443 2926
12 3430 3599 3612 3443 3431 3600 3613 3444 2927
12 3432 3601 3614 3445 3433 3602 3615 3446 2928
12 3433 3602 3615 3446 3434 3603 3616 3447 2929
12 3434 3603 3616 3447 3435 3604 3617 3448 2930
12 3435 3604 3617 3448 3436 3605 3618 3449 2931
12 3436 3605 3618 3449 3437 3606 3619 3450 2932
12 3437 3606 3619 3450 3438 3607 3620 3451 2933
12 3438 3607 3620 3451 3439 3608 3621 3452 2934
12 3439 3608 3621 3452 3440 3609 3622 3453 2935
12 3440 3609 3622 3453 3441 3610 3623 3454 2936
12 3441 3610 3623 3454 3442 3611 3624 3455 2937
12 3442 3611 3624 3455 3443 3612 3625 3456 2938
12 3443 3612 3625 3456 3444 3613 3626 3457 2939
12 3445 3614 3627 3458 3446 3615 3628 3459 2940
12 3446 3615 3628 3459 3447 3616 3629 3460 2941
12 3447 3616 3629 3460 3448 3617 3630 3461 2942
12 3448 3617 3630 3461 3449 3618 3631 3462 2943
12 3449 3618 3631 3462 3450 3619 3632 3463 2944
12 3450 3619 3632 3463 3451 3620 3633 3464 2945
12 3451 3620 3633 3464 3452 3621 3634 3465 2946
12 3452 3621 3634 3465 3453 3622 3635 3466 2947
12 3453 3622 3635 3466 3454 3623 3636 3467 2948
12 3454 3623 3636 3467 3455 3624 3637 3468 2949
12 3455 3624 3637 3468 3456 3625 3638 3469 2950
12 3456 3625 3638 3469 3457 3626 3639 3470 2951
12 3458 3627 3640 3471 3459 3628 3641 3472 2952
12 3459 3628 3641 3472 3460 3629 3642 3473 2953
12 3460 3629 3642 3473 3461 3630 3643 3474 2954
12 3461 3630 3643 3474 3462 3631 3644 3475 2955
12 3462 3631 3644 3475 3463 3632 3645 3476 2956
12 3463 3632 3645 3476 3464 3633 3646 3477 2957
12 3464 3633 3646 3477 3465 3634 3647 3478 2958
12 3465 3634 3647 3478 3466 3635 3648 3479 2959
12 3466 3635 3648 3479 3467 3636 3649 3480 2960
12 3467 3636 3649 3480 3468 3637 3650 3481 2961
12 3468 3637 3650 3481 3469 3638 3651 3482 2962
12 3469 3638 3651 3482 3470 3639 3652 3483 2963
12 3471 3640 3653 3484 3472 3641 3654 3485 2964
12 3472 3641 3654 3485 3473 3642 3655 3486 2965
12 3473 3642 3655 3486 3474 3643 3656 3487 2966
12 3474 3643 3656 3487 3475 3644 3657 3488 2967
12 3475 3644 3657 3488 3476 3645 3658 3489 2968
12 3476 3645 3658 3489 3477 3646 3659 3490 2969
12 3477 3646 3659 3490 3478 3647 3660 3491 2970
12 3478 3647 3660 3491 3479 3648 3661 3492 2971
12 3479 3648 3661 3492 3480 3649 3662 3493 2972
12 3480 3649 3662 3493 3481 3650 3663 3494 2973
12 3481 3650 3663 3494 3482 3651 3664 3495 2974
12 3482 3651 3664 3495 3483 3652 3665 3496 2975
12 3484 3653 3666 3497 3485 3654 3667 3498 2976
12 3485 3654 3667 3498 3486 3655 3668 3499 2977
12 3486 3655 3668 3499 3487 3656 3669 3500 2978
12 3487 3656 3669 3500 3488 3657 3670 3501 2979
12 3488 3657 3670 3501 3489 3658 3671 3502 2980
12 3489 3658 3671 3502 3490 3659 3672 3503 2981
12 3490 3659 3672 3503 3491 3660 3673 3504 2982
12 3491 3660 3673 3504 3492 3661 3674 3505 2983
12 3492 3661 3674 3505 3493 3662 3675 3506 2984
12 3493 3662 3675 3506 3494 3663 3676 3507 2985
12 3494 3663 3676 3507 3495 3664 3677 3508 2986
12 3495 3664 3677 3508 3496 3665 3678 3509 2987
12 3497 3666 3679 3510 3498 3667 3680 3511 2988
12 3498 3667 3680 3511 3499 3668 3681 3512 2989
12 3499 3668 3681 3512 3500 3669 3682 3513 2990
12 3500 3669 3682 3513 3501 3670 3683 3514 2991
12 3501 3670 3683 3514 3502 3671 3684 3515 2992
12 3502 3671 3684 3515 3503 3672 3685 3516 2993
12 3503 3672 3685 3516 3504 3673 3686 3517 2994
12 3504 3673 3686 3517 3505 3674 3687 3518 2995
12 3505 3674 3687 3518 3506 3675 3688 3519 2996
12 3506 3675 3688 3519 3507 3676 3689 3520 2997
12 3507 3676 3689 3520 3508 3677 3690 3521 2998
12 3508 3677 3690 3521 3509 3678 3691 3522 2999
12 3510 3679 3692 3523 3511 3680 3693 3524 3000
12 3511 3680 3693 3524 3512 3681 3694 3525 3001
12 3512 3681 3694 3525 3513 3682 3695 3526 3002
12 3513 3682 3695 3526 3514 3683 3696 3527 3003
12 3514 3683 3696 3527 3515 3684 3697 3528 3004
12 3515 3684 3697 3528 3516 3685 3698 3529 3005
12 3516 3685 3698 3529 3517 3686 3699 3530 3006
12 3517 3686 3699 3530 3518 3687 3700 3531 3007
12 3518 3687 3700 3531 3519 3688 3701 3532 3008
12 3519 3688 3701 3532 3520 3689 3702 3533 3009
12 3520 3689 3702 3533 3521 3690 3703 3534 3010
12 3521 3690 3703 3534 3522 3691 3704 3535 3011
12 3523 3692 3705 3536 3524 3693 3706 3537 3012
12 3524 3693 3706 3537 3525 3694 3707 3538 3013
12 3525 3694 3707 3538 3526 3695 3708 3539 3014
12 3526 3695 3708 3539 3527 3696 3709 3540 3015
12 3527 3696 3709 3540 3528 3697 3710 3541 3016
12 3528 3697 3710 3541 3529 3698 3711 3542 3017
12 3529 3698 3711 3542 3530 3699 3712 3543 3018
12 3530 3699 3712 3543 3531 3700 3713 3544 3019
12 3531 3700 3713 3544 3532 3701 3714 3545 3020
12 3532 3701 3714 3545 3533 3702 3715 3546 3021
12 3533 3702 3715 3546 3534 3703 3716 3547 3022
12 3534 3703 3716 3547 3535 3704 3717 3548 3023
12 3549 3718 3731 3562 3550 3719 3732 3563 3024
12 3550 3719 3732 3563 3551 3720 3733 3564 3025
12 3551 3720 3733 3564 3552 3721 3734 3565 3026
12 3552 3721 3734 3565 3553 3722 3735 3566 3027
12 3553 3722 3735 3566 3554 3723 3736 3567 3028
12 3554 3723 3736 3567 3555 3724 3737 3568 3029
12 3555 3724 3737 3568 3556 3725 3738 3569 3030
12 3556 3725 3738 3569 3557 3726 3739 3570 3031
12 3557 3726 3739 3570 3558 3727 3740 3571 3032
12 3558 3727 3740 3571 3559 3728 3741 3572 3033
12 3559 3728 3741 3572 3560 3729 3742 3573 3034
12 3560 3729 3742 3573 3561 3730 3743 3574 3035
12 3562 3731 3744 3575 3563 3732 3745 3576 3036
12 3563 3732 3745 3576 3564 3733 3746 3577 3037
12 3564 3733 3746 3577 3565 3734 3747 3578 3038
12 3565 3734 3747 3578 3566 3735 3748 3579 3039
12 3566 3735 3748 3579 3567 3736 3749 3580 3040
12 3567 3736 3749 3580 3568 3737 3750 3581 3041
12 3568 3737 3750 3581 3569 3738 3751 3582 3042
12 3569 3738 3751 3582 3570 3739 3752 3583 3043
12 3570 3739 3752 3583 3571 3740 3753 3584 3044
12 3571 3740 3753 3584 3572 3741 3754 3585 3045
12 3572 3741 3754 3585 3573 3742 3755 3586 3046
12 3573 3742 3755 3586 3574 3743 3756 3587 3047
12 3575 3744 3757 3588 3576 3745 3758 3589 3048
12 3576 3745 3758 3589 3577 3746 3759 3590 3049
12 3577 3746 3759 3590 3578 3747 3760 3591 3050
12 3578 3747 3760 3591 3579 3748 3761 3592 3051
12 3579 3748 3761 3592 3580 3749 3762 3593 3052
12 3580 3749 3762 3593 3581 3750 3763 3594 3053
12 3581 3750 3763 3594 3582 3751 3764 3595 3054
12 3582 3751 3764 3595 3583 3752 3765 3596 3055
12 3583 3752 3765 3596 3584 3753 3766 3597 3056
12 3584 3753 3766 3597 3585 3754 3767 3598 3057
12 3585 3754 3767 3598 3586 3755 3768 3599 3058
12 3586 3755 3768 3599 3587 3756 3769 3600 3059
12 3588 3757 3770 3601 3589 3758 3771 3602 3060
12 3589 3758 3771 3602 3590 3759 3772 3603 3061
12 3590 3759 3772 3603 3591 3760 3773 3604 3062
12 3591 3760 3773 3604 3592 3761 3774 3605 3063
12 3592 3761 3774 3605 3593 3762 3775 3606 3064
12 3593 3762 3775 3606 3594 3763 3776 3607 3065
12 3594 3763 3776 3607 3595 3764 3777 3608 3066
12 3595 3764 3777 3608 3596 3765 3778 3609 3067
12 3596 3765 3778 3609 3597 3766 3779 3610 3068
12 3597 3766 3779 3610 3598 3767 3780 3611 3069
12 3598 3767 3780 3611 3599 3768 3781 3612 3070
12 3599 3768 3781 3612 3600 3769 3782 3613 3071
12 3601 3770 3783 3614 3602 3771 3784 3615 3072
12 3602 3771 3784 3615 3603 3772 3785 3616 3073
12 3603 3772 3785 3616 3604 3773 3786 3617 3074
12 3604 3773 3786 3617 3605 3774 3787 3618 3075
12 3605 3774 3787 3618 3606 3775 3788 3619 3076
12 3606 3775 3788 3619 3607 3776 3789 3620 3077
12 3607 3776 3789 3620 3608 3777 3790 3621 3078
12 3608 3777 3790 3621 3609 3778 3791 3622 3079
12 3609 3778 3791 3622 3610 3779 3792 3623 3080
12 3610 3779 3792 3623 3611 3780 3793 3624 3081
12 3611 3780 3793 3624 3612 3781 3794 3625 3082
12 3612 3781 3794 3625 3613 3782 3795 3626 3083
12 3614 3783 3796 3627 3615 3784 3797 3628 3084
12 3615 3784 3797 3628 3616 3785 3798 3629 3085
12 3616 3785 3798 3629 3617 3786 3799 3630 3086
12 3617 3786 3799 3630 3618 3787 3800 3631 3087
12 3618 3787 3800 3631 3619 3788 3801 3632 3088
12 3619 3788 3801 3632 3620 3789 3802 3633 3089
12 3620 3789 3802 3633 3621 3790 3803 3634 3090
12 3621 3790 3803 3634 3622 3791 3804 3635 3091
12 3622 3791 3804 3635 3623 3792 3805 3636 3092
12 3623 3792 3805 3636 3624 3793 3806 3637 3093
12 3624 3793 3806 3637 3625 3794 3807 3638 3094
12 3625 3794 3807 3638 3626 3795 3808 3639 3095
12 3627 3796 3809 3640 3628 3797 3810 3641 3096
12 3628 3797 3810 3641 3629 3798 3811 3642 3097
12 3629 3798 3811 3642 3630 3799 3812 3643 3098
12 3630 3799 3812 3643 3631 3800 3813 3644 3099
12 3631 3800 3813 3644 3632 3801 3814 3645 3100
12 3632 3801 3814 3645 3633 3802 3815 3646 3101
12 3633 3802 3815 3646 3634 3803 3816 3647 3102
12 3634 3803 3816 3647 3635 3804 3817 3648 3103
12 3635 3804 3817 3648 3636 3805 3818 3649 3104
12 3636 3805 3818 3649 3637 3806 3819 3650 3105
12 3637 3806 3819 3650 3638 3807 3820 3651 3106
12 3638 3807 3820 3651 3639 3808 3821 3652 3107
12 3640 3809 3822 3653 3641 3810 3823 3654 3108
12 3641 3810 3823 3654 3642 3811 3824 3655 3109
12 3642 3811 3824 3655 3643 3812 3825 3656 3110
12 3643 3812 3825 3656 3644 3813 3826 3657 3111
12 3644 3813 3826 3657 3645 3814 3827 3658 3112
12 3645 3814 3827 3658 3646 3815 3828 3659 3113
12 3646 3815 3828 3659 3647 3816 3829 3660 3114
12 3647 3816 3829 3660 3648 3817 3830 3661 3115
12 3648 3817 3830 3661 3649 3818 3831 3662 3116
12 3649 3818 3831 3662 3650 3819 3832 3663 3117
12 3650 3819 3832 3663 3651 3820 3833 3664 3118
12 3651 3820 3833 3664 3652 3821 3834 3665 3119
12 3653 3822 3835 3666 3654 3823 3836 3667 3120
12 3654 3823 3836 3667 3655 3824 3837 3668 3121
12 3655 3824 3837 3668 3656 3825 3838 3669 3122
12 3656 3825 3838 3669 3657 3826 3839 3670 3123
12 3657 3826 3839 3670 3658 3827 3840 3671 3124
12 3658 3827 3840 3671 3659 3828 3841 3672 3125
12 3659 3828 3841 3672 3660 3829 3842 3673 3126
12 3660 3829 3842 3673 3661 3830 3843 3674 3127
12 3661 3830 3843 3674 3662 3831 3844 3675 3128
12 3662 3831 3844 3675 3663 3832 3845 3676 3129
12 3663 3832 3845 3676 3664 3833 3846 3677 3130
12 3664 3833 3846 3677 3665 3834 3847 3678 3131
12 3666 3835 3848 3679 3667 3836 3849 3680 3132
12 3667 3836 3849 3680 3668 3837 3850 3681 3133
12 3668 3837 3850 3681 3669 3838 3851 3682 3134
12 3669 3838 3851 3682 3670 3839 3852 3683 3135
12 3670 3839 3852 3683 3671 3840 3853 3684 3136
12 3671 3840 3853 3684 3672 3841 3854 3685 3137
12 3672 3841 3854 3685 3673 3842 3855 3686 3138
12 3673 3842 3855 3686 3674 3843 3856 3687 3139
12 3674 3843 3856 3687 3675 3844 3857 3688 3140
12 3675 3844 3857 3688 3676 3845 3858 3689 3141
12 3676 3845 3858 3689 3677 3846 3859 3690 3142
12 3677 3846 3859 3690 3678 3847 3860 3691 3143
12 3679 3848 3861 3692 3680 3849 3862 3693 3144
12 3680 3849 3862 3693 3681 3850 3863 3694 3145
12 3681 3850 3863 3694 3682 3851 3864 3695 3146
12 3682 3851 3864 3695 3683 3852 3865 3696 3147
12 3683 3852 3865 3696 3684 3853 3866 3697 3148
12 3684 3853 3866 3697 3685 3854 3867 3698 3149
12 3685 3854 3867 3698 3686 3855 3868 3699 3150
12 3686 3855 3868 3699 3687 3856 3869 3700 3151
12 3687 3856 3869 3700 3688 3857 3870 3701 3152
12 3688 3857 3870 3701 3689 3858 3871 3702 3153
12 3689 3858 3871 3702 3690 3859 3872 3703 3154
12 3690 3859 3872 3703 3691 3860 3873 3704 3155
12 3692 3861 3874 3705 3693 3862 3875 3706 3156
12 3693 3862 3875 3706 3694 3863 3876 3707 3157
12 3694 3863 3876 3707 3695 3864 3877 3708 3158
12 3695 3864 3877 3708 3696 3865 3878 3709 3159
12 3696 3865 3878 3709 3697 3866 3879 3710 3160
12 3697 3866 3879 3710 3698 3867 3880 3711 3161
12 3698 3867 3880 3711 3699 3868 3881 3712 3162
12 3699 3868 3881 3712 3700 3869 3882 3713 3163
12 3700 3869 3882 3713 3701 3870 3883 3714 3164
12 3701 3870 3883 3714 3702 3871 3884 3715 3165
12 3702 3871 3884 3715 3703 3872 3885 3716 3166
12 3703 3872 3885 3716 3704 3873 3886 3717 3167
12 3718 3887 3900 3731 3719 3888 3901 3732 3168
12 3719 3888 3901 3732 3720 3889 3902 3733 3169
12 3720 3889 3902 3733 3721 3890 3903 3734 3170
12 3721 3890 3903 3734 3722 3891 3904 3735 3171
12 3722 3891 3904 3735 3723 3892 3905 3736 3172
12 3723 3892 3905 3736 3724 3893 3906 3737 3173
12 3724 3893 3906 3737 3725 3894 3907 3738 3174
12 3725 3894 3907 3738 3726 3895 3908 3739 3175
12 3726 3895 3908 3739 3727 3896 3909 3740 3176
12 3727 3896 3909 3740 3728 3897 3910 3741 3177
12 3728 3897 3910 3741 3729 3898 3911 3742 3178
12 3729 3898 3911 3742 3730 3899 3912 3743 3179
12 3731 3900 3913 3744 3732 3901 3914 3745 3180
12 3732 3901 3914 3745 3733 3902 3915 3746 3181
12 3733 3902 3915 3746 3734 3903 3916 3747 3182
12 3734 3903 3916 3747 3735 3904 3917 3748 3183
12 3735 3904 3917 3748 3736 3905 3918 3749 3184
12 3736 3905 3918 3749 3737 3906 3919 3750 3185
12 3737 3906 3919 3750 3738 3907 3920 3751 3186
12 3738 3907 3920 3751 3739 3908 3921 3752 3187
12 3739 3908 3921 3752 3740 3909 3922 3753 3188
12 3740 3909 3922 3753 3741 3910 3923 3754 3189
12 3741 3910 3923 3754 3742 3911 3924 3755 3190
12 3742 3911 3924 3755 3743 3912 3925 3756 3191
12 3744 3913 3926 3757 3745 3914 3927 3758 3192
12 3745 3914 3927 3758 3746 3915 3928 3759 3193
12 3746 3915 3928 3759 3747 3916 3929 3760 3194
12 3747 3916 3929 3760 3748 3917 3930 3761 3195
12 3748 3917 3930 3761 3749 3918 3931 3762 3196
12 3749 3918 3931 3762 3750 3919 3932 3763 3197
12 3750 3919 3932 3763 3751 3920 3933 3764 3198
12 3751 3920 3933 3764 3752 3921 3934 3765 3199
12 3752 3921 3934 3765 3753 3922 3935 3766 3200
12 3753 3922 3935 3766 3754 3923 3936 3767 3201
12 3754 3923 3936 3767 3755 3924 3937 3768 3202
12 3755 3924 3937 3768 3756 3925 3938 3769 3203
12 3757 3926 3939 3770 3758 3927 3940 3771 3204
12 3758 3927 3940 3771 3759 3928 3941 3772 3205
12 3759 3928 3941 3772 3760 3929 3942 3773 3206
12 3760 3929 3942 3773 3761 3930 3943 3774 3207
12 3761 3930 3943 3774 3762 3931 3944 3775 3208
12 3762 3931 3944 3775 3763 3932 3945 3776 3209
12 3763 3932 3945 3776 3764 3933 3946 3777 3210
12 3764 3933 3946 3777 3765 3934 3947 3778 3211
12 3765 3934 3947 3778 3766 3935 3948 3779 3212
12 3766 3935 3948 3779 3767 3936 3949 3780 3213
12 3767 3936 3949 3780 3768 3937 3950 3781 3214
12 3768 3937 3950 3781 3769 3938 3951 3782 3215
12 3770 3939 3952 3783 3771 3940 3953 3784 3216
12 3771 3940 3953 3784 3772 3941 3954 3785 3217
12 3772 3941 3954 3785 3773 3942 3955 3786 3218
12 3773 3942 3955 3786 3774 3943 3956 3787 3219
12 3774 3943 3956 3787 3775 3944 3957 3788 3220
12 3775 3944 3957 3788 3776 3945 3958 3789 3221
12 3776 3945 3958 3789 3777 3946 3959 3790 3222
12 3777 3946 3959 3790 3778 3947 3960 3791 3223
12 3778 3947 3960 3791 3779 3948 3961 3792 3224
12 3779 3948 3961 3792 3780 3949 3962 3793 3225
12 3780 3949 3962 3793 3781 3950 3963 3794 3226
12 3781 3950 3963 3794 3782 3951 3964 3795 3227
12 3783 3952 3965 3796 3784 3953 3966 3797 3228
12 3784 3953 3966 3797 3785 3954 3967 3798 3229
12 3785 3954 3967 3798 3786 3955 3968 3799 3230
12 3786 3955 3968 3799 3787 3956 3969 3800 3231
12 3787 3956 3969 3800 3788 3957 3970 3801 3232
12 3788 3957 3970 3801 3789 3958 3971 3802 3233
12 3789 3958 3971 3802 3790 3959 3972 3803 3234
12 3790 3959 3972 3803 3791 3960 3973 3804 3235
12 3791 3960 3973 3804 3792 3961 3974 3805 3236
12 3792 3961 3974 3805 3793 3962 3975 3806 3237
12 3793 3962 3975 3806 3794 3963 3976 3807 3238
12 3794 3963 3976 3807 3795 3964 3977 3808 3239
12 3796 3965 3978 3809 3797 3966 3979 3810 3240
12 3797 3966 3979 3810 3798 3967 3980 3811 3241
12 3798 3967 3980 3811 3799 3968 3981 3812 3242
12 3799 3968 3981 3812 3800 3969 3982 3813 3243
12 3800 3969 3982 3813 3801 3970 3983 3814 3244
12 3801 3970 3983 3814 3802 3971 3984 3815 3245
12 3802 3971 3984 3815 3803 3972 3985 3816 3246
12 3803 3972 3985 3816 3804 3973 3986 3817 3247
12 3804 3973 3986 3817 3805 3974 3987 3818 3248
12 3805 3974 3987 3818 3806 3975 3988 3819 3249
12 3806 3975 3988 3819 3807 3976 3989 3820 3250
12 3807 3976 3989 3820 3808 3977 3990 3821 3251
12 3809 3978 3991 3822 3810 3979 3992 3823 3252
12 3810 3979 3992 3823 3811 3980 3993 3824 3253
12 3811 3980 3993 3824 3812 3981 3994 3825 3254
12 3812 3981 3994 3825 3813 3982 3995 3826 3255
12 3813 3982 3995 3826 3814 3983 3996 3827 3256
12 3814 3983 3996 3827 3815 3984 3997 3828 3257
12 3815 3984 3997 3828 3816 3985 3998 3829 3258
12 3816 3985 3998 3829 3817 3986 3999 3830 3259
12 3817 3986 3999 3830 3818 3987 4000 3831 3260
12 3818 3987 4000 3831 3819 3988 4001 3832 3261
12 3819 3988 4001 3832 3820 3989 4002 3833 3262
12 3820 3989 4002 3833 3821 3990 4003 3834 3263
12 3822 3991 4004 3835 3823 3992 4005 3836 3264
12 3823 3992 4005 3836 3824 3993 4006 3837 3265
12 3824 3993 4006 3837 3825 3994 4007 3838 3266
12 3825 3994 4007 3838 3826 3995 4008 3839 3267
12 3826 3995 4008 3839 3827 3996 4009 3840 3268
12 3827 3996 4009 3840 3828 3997 4010 3841 3269
12 3828 3997 4010 3841 3829 3998 4011 3842 3270
12 3829 3998 4011 3842 3830 3999 4012 3843 3271
12 3830 3999 4012 3843 3831 4000 4013 3844 3272
12 3831 4000 4013 3844 3832 4001 4014 3845 3273
12 3832 4001 4014 3845 3833 4002 4015 3846 3274
12 3833 4002 4015 3846 3834 4003 4016 3847 3275
12 3835 4004 4017 3848 3836 4005 4018 3849 3276
12 3836 4005 4018 3849 3837 4006 4019 3850 3277
12 3837 4006 4019 3850 3838 4007 4020 3851 3278
12 3838 4007 4020 3851 3839 4008 4021 3852 3279
12 3839 4008 4021 3852 3840 4009 4022 3853 3280
12 3840 4009 4022 3853 3841 4010 4023 3854 3281
12 3841 4010 4023 3854 3842 4011 4024 3855 3282
12 3842 4011 4024 3855 3843 4012 4025 3856 3283
12 3843 4012 4025 3856 3844 4013 4026 3857 3284
12 3844 4013 4026 3857 3845 4014 4027 3858 3285
12 3845 4014 4027 3858 3846 4015 4028 3859 3286
12 3846 4015 4028 3859 3847 4016 4029 3860 3287
12 3848 4017 4030 3861 3849 4018 4031 3862 3288
12 3849 4018 4031 3862 3850 4019 4032 3863 3289
12 3850 4019 4032 3863 3851 4020 4033 3864 3290
12 3851 4020 4033 3864 3852 4021 4034 3865 3291
12 3852 4021 4034 3865 3853 4022 4035 3866 3292
12 3853 4022 4035 3866 3854 4023 4036 3867 3293
12 3854 4023 4036 3867 3855 4024 4037 3868 3294
12 3855 4024 4037 3868 3856 4025 4038 3869 3295
12 3856 4025 4038 3869 3857 4026 4039 3870 3296
12 3857 4026 4039 3870 3858 4027 4040 3871 3297
12 3858 4027 4040 3871 3859 4028 4041 3872 3298
12 3859 4028 4041 3872 3860 4029 4042 3873 3299
12 3861 4030 4043 3874 3862 4031 4044 3875 3300
12 3862 4031 4044 3875 3863 4032 4045 3876 3301
12 3863 4032 4045 3876 3864 4033 4046 3877 3302
12 3864 4033 4046 3877 3865 4034 4047 3878 3303
12 3865 4034 4047 3878 3866 4035 4048 3879 3304
12 3866 4035 4048 3879 3867 4036 4049 3880 3305
12 3867 4036 4049 3880 3868 4037 4050 3881 3306
12 3868 4037 4050 3881 3869 4038 4051 3882 3307
12 3869 4038 4051 3882 3870 4039 4052 3883 3308
12 3870 4039 4052 3883 3871 4040 4053 3884 3309
12 3871 4040 4053 3884 3872 4041 4054 3885 3310
12 3872 4041 4054 3885 3873 4042 4055 3886 3311
12 3887 4056 4069 3900 3888 4057 4070 3901 3312
12 3888 4057 4070 3901 3889 4058 4071 3902 3313
12 3889 4058 4071 3902 3890 4059 4072 3903 3314
12 3890 4059 4072 3903 3891 4060 4073 3904 3315
12 3891 4060 4073 3904 3892 4061 4074 3905 3316
12 3892 4061 4074 3905 3893 4062 4075 3906 3317
12 3893 4062 4075 3906 3894 4063 4076 3907 3318
12 3894 4063 4076 3907 3895 4064 4077 3908 3319
12 3895 4064 4077 3908 3896 4065 4078 3909 3320
12 3896 4065 4078 3909 3897 4066 4079 3910 3321
12 3897 4066 4079 3910 3898 4067 4080 3911 3322
12 3898 4067 4080 3911 3899 4068 4081 3912 3323
12 3900 4069 4082 3913 3901 4070 4083 3914 3324
12 3901 4070 4083 3914 3902 4071 4084 3915 3325
12 3902 4071 4084 3915 3903 4072 4085 3916 3326
12 3903 4072 4085 3916 3904 4073 4086 3917 3327
12 3904 4073 4086 3917 3905 4074 4087 3918 3328
12 3905 4074 4087 3918 3906 4075 4088 3919 3329
12 3906 4075 4088 3919 3907 4076 4089 3920 3330
12 3907 4076 4089 3920 3908 4077 4090 3921 3331
12 3908 4077 4090 3921 3909 4078 4091 3922 3332
12 3909 4078 4091 3922 3910 4079 4092 3923 3333
12 3910 4079 4092 3923 3911 4080 4093 3924 3334
12 3911 4080 4093 3924 3912 4081 4094 3925 3335
12 3913 4082 4095 3926 3914 4083 4096 3927 3336
12 3914 4083 4096 3927 3915 4084 4097 3928 3337
12 3915 4084 4097 3928 3916 4085 4098 3929 3338
12 3916 4085 4098 3929 3917 4086 4099 3930 3339
12 3917 4086 4099 3930 3918 4087 4100 3931 3340
12 3918 4087 4100 3931 3919 4088 4101 3932 3341
12 3919 4088 4101 3932 3920 4089 4102 3933 3342
12 3920 4089 4102 3933 3921 4090 4103 3934 3343
12 3921 4090 4103 3934 3922 4091 4104 3935 3344
12 3922 4091 4104 3935 3923 4092 4105 3936 3345
12 3923 4092 4105 3936 3924 4093 4106 3937 3346
12 3924 4093 4106 3937 3925 4094 4107 3938 3347
12 3926 4095 4108 3939 3927 4096 4109 3940 3348
12 3927 4096 4109 3940 3928 4097 4110 3941 3349
12 3928 4097 4110 3941 3929 4098 4111 3942 3350
12 3929 4098 4111 3942 3930 4099 4112 3943 3351
12 3930 4099 4112 3943 3931 4100 4113 3944 3352
12 3931 4100 4113 3944 3932 4101 4114 3945 3353
12 3932 4101 4114 3945 3933 4102 4115 3946 3354
12 3933 4102 4115 3946 3934 4103 4116 3947 3355
12 3934 4103 4116 3947 3935 4104 4117 3948 3356
12 3935 4104 4117 3948 3936 4105 4118 3949 3357
12 3936 4105 4118 3949 3937 4106 4119 3950 3358
12 3937 4106 4119 3950 3938 4107 4120 3951 3359
12 3939 4108 4121 3952 3940 4109 4122 3953 3360
12 3940 4109 4122 3953 3941 4110 4123 3954 3361
12 3941 4110 4123 3954 3942 4111 4124 3955 3362
12 3942 4111 4124 3955 3943 4112 4125 3956 3363
12 3943 4112 4125 3956 3944 4113 4126 3957 3364
12 3944 4113 4126 3957 3945 4114 4127 3958 3365
12 3945 4114 4127 3958 3946 4115 4128 3959 3366
12 3946 4115 4128 3959 3947 4116 4129 3960 3367
12 3947 4116 4129 3960 3948 4117 4130 3961 3368
12 3948 4117 4130 3961 3949 4118 4131 3962 3369
12 3949 4118 4131 3962 3950 4119 4132 3963 3370
12 3950 4119 4132 3963 3951 4120 4133 3964 3371
12 3952 4121 4134 3965 3953 4122 4135 3966 3372
12 3953 4122 4135 3966 3954 4123 4136 3967 3373
12 3954 4123 4136 3967 3955 4124 4137 3968 3374
12 3955 4124 4137 3968 3956 4125 4138 3969 3375
12 3956 4125 4138 3969 3957 4126 4139 3970 3376
12 3957 4126 4139 3970 3958 4127 4140 3971 3377
12 3958 4127 4140 3971 3959 4128 4141 3972 3378
12 3959 4128 4141 3972 3960 4129 4142 3973 3379
12 3960 4129 4142 3973 3961 4130 4143 3974 3380
12 3961 4130 4143 3974 3962 4131 4144 3975 3381
12 3962 4131 4144 3975 3963 4132 4145 3976 3382
12 3963 4132 4145 3976 3964 4133 4146 3977 3383
12 3965 4134 4147 3978 3966 4135 4148 3979 3384
12 3966 4135 4148 3979 3967 4136 4149 3980 3385
12 3967 4136 4149 3980 3968 4137 4150 3981 3386
12 3968 4137 4150 3981 3969 4138 4151 3982 3387
12 3969 4138 4151 3982 3970 4139 4152 3983 3388
12 3970 4139 4152 3983 3971 4140 4153 3984 3389
12 3971 4140 4153 3984 3972 4141 4154 3985 3390
12 3972 4141 4154 3985 3973 4142 4155 3986 3391
12 3973 4142 4155 3986 3974 4143 4156 3987 3392
12 3974 4143 4156 3987 3975 4144 4157 3988 3393
12 3975 4144 4157 3988 3976 4145 4158 3989 3394
12 3976 4145 4158 3989 3977 4146 4159 3990 3395
12 3978 4147 4160 3991 3979 4148 4161 3992 3396
12 3979 4148 4161 3992 3980 4149 4162 3993 3397
12 3980 4149 4162 3993 3981 4150 4163 3994 3398
12 3981 4150 4163 3994 3982 4151 4164 3995 3399
12 3982 4151 4164 3995 3983 4152 4165 3996 3400
12 3983 4152 4165 3996 3984 4153 4166 3997 3401
12 3984 4153 4166 3997 3985 4154 4167 3998 3402
12 3985 4154 4167 3998 3986 4155 4168 3999 3403
12 3986 4155 4168 3999 3987 4156 4169 4000 3404
12 3987 4156 4169 4000 3988 4157 4170 4001 3405
12 3988 4157 4170 4001 3989 4158 4171 4002 3406
12 3989 4158 4171 4002 3990 4159 4172 4003 3407
12 3991 4160 4173 4004 3992 4161 4174 4005 3408
12 3992 4161 4174 4005 3993 4162 4175 4006 3409
12 3993 4162 4175 4006 3994 4163 4176 4007 3410
12 3994 4163 4176 4007 3995 4164 4177 4008 3411
12 3995 4164 4177 4008 3996 4165 4178 4009 3412
12 3996 4165 4178 4009 3997 4166 4179 4010 3413
12 3997 4166 4179 4010 3998 4167 4180 4011 3414
12 3998 4167 4180 4011 3999 4168 4181 4012 3415
12 3999 4168 4181 4012 4000 4169 4182 4013 3416
12 4000 4169 4182 4013 4001 4170 4183 4014 3417
12 4001 4170 4183 4014 4002 4171 4184 4015 3418
12 4002 4171 4184 4015 4003 4172 4185 4016 3419
12 4004 4173 4186 4017 4005 4174 4187 4018 3420
12 4005 4174 4187 4018 4006 4175 4188 4019 3421
12 4006 4175 4188 4019 4007 4176 4189 4020 3422
12 4007 4176 4189 4020 4008 4177 4190 4021 3423
12 4008 4177 4190 4021 4009 4178 4191 4022 3424
12 4009 4178 4191 4022 4010 4179 4192 4023 3425
12 4010 4179 4192 4023 4011 4180 4193 4024 3426
12 4011 4180 4193 4024 4012 4181 4194 4025 3427
12 4012 4181 4194 4025 4013 4182 4195 4026 3428
12 4013 4182 4195 4026 4014 4183 4196 4027 3429
12 4014 4183 4196 4027 4015 4184 4197 4028 3430
12 4015 4184 4197 4028 4016 4185 4198 4029 3431
12 4017 4186 4199 4030 4018 4187 4200 4031 3432
12 4018 4187 4200 4031 4019 4188 4201 4032 3433
12 4019 4188 4201 4032 4020 4189 4202 4033 3434
12 4020 4189 4202 4033 4021 4190 4203 4034 3435
12 4021 4190 4203 4034 4022 4191 4204 4035 3436
12 4022 4191 4204 4035 4023 4192 4205 4036 3437
12 4023 4192 4205 4036 4024 4193 4206 4037 3438
12 4024 4193 4206 4037 4025 4194 4207 4038 3439
12 4025 4194 4207 4038 4026 4195 4208 4039 3440
12 4026 4195 4208 4039 4027 4196 4209 4040 3441
12 4027 4196 4209 4040 4028 4197 4210 4041 3442
12 4028 4197 4210 4041 4029 4198 4211 4042 3443
12 4030 4199 4212 4043 4031 4200 4213 4044 3444
12 4031 4200 4213 4044 4032 4201 4214 4045 3445
12 4032 4201 4214 4045 4033 4202 4215 4046 3446
12 4033 4202 4215 4046 4034 4203 4216 4047 3447
12 4034 4203 4216 4047 4035 4204 4217 4048 3448
12 4035 4204 4217 4048 4036 4205 4218 4049 3449
12 4036 4205 4218 4049 4037 4206 4219 4050 3450
12 4037 4206 4219 4050 4038 4207 4220 4051 3451
12 4038 4207 4220 4051 4039 4208 4221 4052 3452
12 4039 4208 4221 4052 4040 4209 4222 4053 3453
12 4040 4209 4222 4053 4041 4210 4223 4054 3454
12 4041 4210 4223 4054 4042 4211 4224 4055 3455
12 4056 4225 4238 4069 4057 4226 4239 4070 3456
12 4057 4226 4239 4070 4058 4227 4240 4071 3457
12 4058 4227 4240 4071 4059 4228 4241 4072 3458
12 4059 4228 4241 4072 4060 4229 4242 4073 3459
12 4060 4229 4242 4073 4061 4230 4243 4074 3460
12 4061 4230 4243 4074 4062 4231 4244 4075 3461
12 4062 4231 4244 4075 4063 4232 4245 4076 3462
12 4063 4232 4245 4076 4064 4233 4246 4077 3463
12 4064 4233 4246 4077 4065 4234 4247 4078 3464
12 4065 4234 4247 4078 4066 4235 4248 4079 3465
12 4066 4235 4248 4079 4067 4236 4249 4080 3466
12 4067 4236 4249 4080 4068 4237 4250 4081 3467
12 4069 4238 4251 4082 4070 4239 4252 4083 3468
12 4070 4239 4252 4083 4071 4240 4253 4084 3469
12 4071 4240 4253 4084 4072 4241 4254 4085 3470
12 4072 4241 4254 4085 4073 4242 4255 4086 3471
12 4073 4242 4255 4086 4074 4243 4256 4087 3472
12 4074 4243 4256 4087 4075 4244 4257 4088 3473
12 4075 4244 4257 4088 4076 4245 4258 4089 3474
12 4076 4245 4258 4089 4077 4246 4259 4090 3475
12 4077 4246 4259 4090 4078 4247 4260 4091 3476
12 4078 4247 4260 4091 4079 4248 4261 4092 3477
12 4079 4248 4261 4092 4080 4249 4262 4093 3478
12 4080 4249 4262 4093 4081 4250 4263 4094 3479
12 4082 4251 4264 4095 4083 4252 4265 4096 3480
12 4083 4252 4265 4096 4084 4253 4266 4097 3481
12 4084 4253 4266 4097 4085 4254 4267 4098 3482
12 4085 4254 4267 4098 4086 4255 4268 4099 3483
12 4086 4255 4268 4099 4087 4256 4269 4100 3484
12 4087 4256 4269 4100 4088 4257 4270 4101 3485
12 4088 4257 4270 4101 4089 4258 4271 4102 3486
12 4089 4258 4271 4102 4090 4259 4272 4103 3487
12 4090 4259 4272 4103 4091 4260 4273 4104 3488
12 4091 4260 4273 4104 4092 4261 4274 4105 3489
12 4092 4261 4274 4105 4093 4262 4275 4106 3490
12 4093 4262 4275 4106 4094 4263 4276 4107 3491
12 4095 4264 4277 4108 4096 4265 4278 4109 3492
12 4096 4265 4278 4109 4097 4266 4279 4110 3493
12 4097 4266 4279 4110 4098 4267 4280 4111 3494
12 4098 4267 4280 4111 4099 4268 4281 4112 3495
12 4099 4268 4281 4112 4100 4269 4282 4113 3496
12 4100 4269 4282 4113 4101 4270 4283 4114 3497
12 4101 4270 4283 4114 4102 4271 4284 4115 3498
12 4102 4271 4284 4115 4103 4272 4285 4116 3499
12 4103 4272 4285 4116 4104 4273 4286 4117 3500
12 4104 4273 4286 4117 4105 4274 4287 4118 3501
12 4105 4274 4287 4118 4106 4275 4288 4119 3502
12 4106 4275 4288 4119 4107 4276 4289 4120 3503
12 4108 4277 4290 4121 4109 4278 4291 4122 3504
12 4109 4278 4291 4122 4110 4279 4292 4123 3505
12 4110 4279 4292 4123 4111 4280 4293 4124 3506
12 4111 4280 4293 4124 4112 4281 4294 4125 3507
12 4112 4281 4294 4125 4113 4282 4295 4126 3508
12 4113 4282 4295 4126 4114 4283 4296 4127 3509
12 4114 4283 4296 4127 4115 4284 4297 4128 3510
12 4115 4284 4297 4128 4116 4285 4298 4129 3511
12 4116 4285 4298 4129 4117 4286 4299 4130 3512
12 4117 4286 4299 4130 4118 4287 4300 4131 3513
12 4118 4287 4300 4131 4119 4288 4301 4132 3514
12 4119 4288 4301 4132 4120 4289 4302 4133 3515
12 4121 4290 4303 4134 4122 4291 4304 4135 3516
12 4122 4291 4304 4135 4123 4292 4305 4136 3517
12 4123 4292 4305 4136 4124 4293 4306 4137 3518
12 4124 4293 4306 4137 4125 4294 4307 4138 3519
12 4125 4294 4307 4138 4126 4295 4308 4139 3520
12 4126 4295 4308 4139 4127 4296 4309 4140 3521
12 4127 4296 4309 4140 4128 4297 4310 4141 3522
12 4128 4297 4310 4141 4129 4298 4311 4142 3523
12 4129 4298 4311 4142 4130 4299 4312 4143 3524
12 4130 4299 4312 4143 4131 4300 4313 4144 3525
12 4131 4300 4313 4144 4132 4301 4314 4145 3526
12 4132 4301 4314 4145 4133 4302 4315 4146 3527
12 4134 4303 4316 4147 4135 4304 4317 4148 3528
12 4135 4304 4317 4148 4136 4305 4318 4149 3529
12 4136 4305 4318 4149 4137 4306 4319 4150 3530
12 4137 4306 4319 4150 4138 4307 4320 4151 3531
12 4138 4307 4320 4151 4139 4308 4321 4152 3532
12 4139 4308 4321 4152 4140 4309 4322 4153 3533
12 4140 4309 4322 4153 4141 4310 4323 4154 3534
12 4141 4310 4323 4154 4142 4311 4324 4155 3535
12 4142 4311 4324 4155 4143 4312 4325 4156 3536
12 4143 4312 4325 4156 4144 4313 4326 4157 3537
12 4144 4313 4326 4157 4145 4314 4327 4158 3538
12 4145 4314 4327 4158 4146 4315 4328 4159 3539
12 4147 4316 4329 4160 4148 4317 4330 4161 3540
12 4148 4317 4330 4161 4149 4318 4331 4162 3541
12 4149 4318 4331 4162 4150 4319 4332 4163 3542
12 4150 4319 4332 4163 4151 4320 4333 4164 3543
12 4151 4320 4333 4164 4152 4321 4334 4165 3544
12 4152 4321 4334 4165 4153 4322 4335 4166 3545
12 4153 4322 4335 4166 4154 4323 4336 4167 3546
12 4154 4323 4336 4167 4155 4324 4337 4168 3547
12 4155 4324 4337 4168 4156 4325 4338 4169 3548
12 4156 4325 4338 4169 4157 4326 4339 4170 3549
12 4157 4326 4339 4170 4158 4327 4340 4171 3550
12 4158 4327 4340 4171 4159 4328 4341 4172 3551
12 4160 4329 4342 4173 4161 4330 4343 4174 3552
12 4161 4330 4343 4174 4162 4331 4344 4175 3553
12 4162 4331 4344 4175 4163 4332 4345 4176 3554
12 4163 4332 4345 4176 4164 4333 4346 4177 3555
12 4164 4333 4346 4177 4165 4334 4347 4178 3556
12 4165 4334 4347 4178 4166 4335 4348 4179 3557
12 4166 4335 4348 4179 4167 4336 4349 4180 3558
12 4167 4336 4349 4180 4168 4337 4350 4181 3559
12 4168 4337 4350 4181 4169 4338 4351 4182 3560
12 4169 4338 4351 4182 4170 4339 4352 4183 3561
12 4170 4339 4352 4183 4171 4340 4353 4184 3562
12 4171 4340 4353 4184 4172 4341 4354 4185 3563
12 4173 4342 4355 4186 4174 4343 4356 4187 3564
12 4174 4343 4356 4187 4175 4344 4357 4188 3565
12 4175 4344 4357 4188 4176 4345 4358 4189 3566
12 4176 4345 4358 4189 4177 4346 4359 4190 3567
12 4177 4346 4359 4190 4178 4347 4360 4191 3568
12 4178 4347 4360 4191 4179 4348 4361 4192 3569
12 4179 4348 4361 4192 4180 4349 4362 4193 3570
12 4180 4349 4362 4193 4181 4350 4363 4194 3571
12 4181 4350 4363 4194 4182 4351 4364 4195 3572
12 4182 4351 4364 4195 4183 4352 4365 4196 3573
12 4183 4352 4365 4196 4184 4353 4366 4197 3574
12 4184 4353 4366 4197 4185 4354 4367 4198 3575
12 4186 4355 4368 4199 4187 4356 4369 4200 3576
12 4187 4356 4369 4200 4188 4357 4370 4201 3577
12 4188 4357 4370 4201 4189 4358 4371 4202 3578
12 4189 4358 4371 4202 4190 4359 4372 4203 3579
12 4190 4359 4372 4203 4191 4360 4373 4204 3580
12 4191 4360 4373 4204 4192 4361 4374 4205 3581
12 4192 4361 4374 4205 4193 4362 4375 4206 3582
12 4193 4362 4375 4206 4194 4363 4376 4207 3583
12 4194 4363 4376 4207 4195 4364 4377 4208 3584
12 4195 4364 4377 4208 4196 4365 4378 4209 3585
12 4196 4365 4378 4209 4197 4366 4379 4210 3586
12 4197 4366 4379 4210 4198 4367 4380 4211 3587
12 4199 4368 4381 4212 4200 4369 4382 4213 3588
12 4200 4369 4382 4213 4201 4370 4383 4214 3589
12 4201 4370 4383 4214 4202 4371 4384 4215 3590
12 4202 4371 4384 4215 4203 4372 4385 4216 3591
12 4203 4372 4385 4216 4204 4373 4386 4217 3592
12 4204 4373 4386 4217 4205 4374 4387 4218 3593
12 4205 4374 4387 4218 4206 4375 4388 4219 3594
12 4206 4375 4388 4219 4207 4376 4389 4220 3595
12 4207 4376 4389 4220 4208 4377 4390 4221 3596
12 4208 4377 4390 4221 4209 4378 4391 4222 3597
12 4209 4378 4391 4222 4210 4379 4392 4223 3598
12 4210 4379 4392 4223 4211 4380 4393 4224 3599
12 4225 4394 4407 4238 4226 4395 4408 4239 3600
12 4226 4395 4408 4239 4227 4396 4409 4240 3601
12 4227 4396 4409 4240 4228 4397 4410 4241 3602
12 4228 4397 4410 4241 4229 4398 4411 4242 3603
12 4229 4398 4411 4242 4230 4399 4412 4243 3604
12 4230 4399 4412 4243 4231 4400 4413 4244 3605
12 4231 4400 4413 4244 4232 4401 4414 4245 3606
12 4232 4401 4414 4245 4233 4402 4415 4246 3607
12 4233 4402 4415 4246 4234 4403 4416 4247 3608
12 4234 4403 4416 4247 4235 4404 4417 4248 3609
12 4235 4404 4417 4248 4236 4405 4418 4249 3610
12 4236 4405 4418 4249 4237 4406 4419 4250 3611
12 4238 4407 4420 4251 4239 4408 4421 4252 3612
12 4239 4408 4421 4252 4240 4409 4422 4253 3613
12 4240 4409 4422 4253 4241 4410 4423 4254 3614
12 4241 4410 4423 4254 4242 4411 4424 4255 3615
12 4242 4411 4424 4255 4243 4412 4425 4256 3616
12 4243 4412 4425 4256 4244 4413 4426 4257 3617
12 4244 4413 4426 4257 4245 4414 4427 4258 3618
12 4245 4414 4427 4258 4246 4415 4428 4259 3619
12 4246 4415 4428 4259 4247 4416 4429 4260 3620
12 4247 4416 4429 4260 4248 4417 4430 4261 3621
12 4248 4417 4430 4261 4249 4418 4431 4262 3622
12 4249 4418 4431 4262 4250 4419 4432 4263 3623
12 4251 4420 4433 4264 4252 4421 4434 4265 3624
12 4252 4421 4434 4265 4253 4422 4435 4266 3625
12 4253 4422 4435 4266 4254 4423 4436 4267 3626
12 4254 4423 4436 4267 4255 4424 4437 4268 3627
12 4255 4424 4437 4268 4256 4425 4438 4269 3628
12 4256 4425 4438 4269 4257 4426 4439 4270 3629
12 4257 4426 4439 4270 4258 4427 4440 4271 3630
12 4258 4427 4440 4271 4259 4428 4441 4272 3631
12 4259 4428 4441 4272 4260 4429 4442 4273 3632
12 4260 4429 4442 4273 4261 4430 4443 4274 3633
12 4261 4430 4443 4274 4262 4431 4444 4275 3634
12 4262 4431 4444 4275 4263 4432 4445 4276 3635
12 4264 4433 4446 4277 4265 4434 4447 4278 3636
12 4265 4434 4447 4278 4266 4435 4448 4279 3637
12 4266 4435 4448 4279 4267 4436 4449 4280 3638
12 4267 4436 4449 4280 4268 4437 4450 4281 3639
12 4268 4437 4450 4281 4269 4438 4451 4282 3640
12 4269 4438 4451 4282 4270 4439 4452 4283 3641
12 4270 4439 4452 4283 4271 4440 4453 4284 3642
12 4271 4440 4453 4284 4272 4441 4454 4285 3643
12 4272 4441 4454 4285 4273 4442 4455 4286 3644
12 4273 4442 4455 4286 4274 4443 4456 4287 3645
12 4274 4443 4456 4287 4275 4444 4457 4288 3646
12 4275 4444 4457 4288 4276 4445 4458 4289 3647
12 4277 4446 4459 4290 4278 4447 4460 4291 3648
12 4278 4447 4460 4291 4279 4448 4461 4292 3649
12 4279 4448 4461 4292 4280 4449 4462 4293 3650
12 4280 4449 4462 4293 4281 4450 4463 4294 3651
12 4281 4450 4463 4294 4282 4451 4464 4295 3652
12 4282 4451 4464 4295 4283 4452 4465 4296 3653
12 4283 4452 4465 4296 4284 4453 4466 4297 3654
12 4284 4453 4466 4297 4285 4454 4467 4298 3655
12 4285 4454 4467 4298 4286 4455 4468 4299 3656
12 4286 4455 4468 4299 4287 4456 4469 4300 3657
12 4287 4456 4469 4300 4288 4457 4470 4301 3658
12 4288 4457 4470 4301 4289 4458 4471 4302 3659
12 4290 4459 4472 4303 4291 4460 4473 4304 3660
12 4291 4460 4473 4304 4292 4461 4474 4305 3661
12 4292 4461 4474 4305 4293 4462 4475 4306 3662
12 4293 4462 4475 4306 4294 4463 4476 4307 3663
12 4294 4463 4476 4307 4295 4464 4477 4308 3664
12 4295 4464 4477 4308 4296 4465 4478 4309 3665
12 4296 4465 4478 4309 4297 4466 4479 4310 3666
12 4297 4466 4479 4310 4298 4467 4480 4311 3667
12 4298 4467 4480 4311 4299 4468 4481 4312 3668
12 4299 4468 4481 4312 4300 4469 4482 4313 3669
12 4300 4469 4482 4313 4301 4470 4483 4314 3670
12 4301 4470 4483 4314 4302 4471 4484 4315 3671
12 4303 4472 4485 4316 4304 4473 4486 4317 3672
12 4304 4473 4486 4317 4305 4474 4487 4318 3673
12 4305 4474 4487 4318 4306 4475 4488 4319 3674
12 4306 4475 4488 4319 4307 4476 4489 4320 3675
12 4307 4476 4489 4320 4308 4477 4490 4321 3676
12 4308 4477 4490 4321 4309 4478 4491 4322 3677
12 4309 4478 4491 4322 4310 4479 4492 4323 3678
12 4310 4479 4492 4323 4311 4480 4493 4324 3679
12 4311 4480 4493 4324 4312 4481 4494 4325 3680
12 4312 4481 4494 4325 4313 4482 4495 4326 3681
12 4313 4482 4495 4326 4314 4483 4496 4327 3682
12 4314 4483 4496 4327 4315 4484 4497 4328 3683
12 4316 4485 4498 4329 4317 4486 4499 4330 3684
12 4317 4486 4499 4330 4318 4487 4500 4331 3685
12 4318 4487 4500 4331 4319 4488 4501 4332 3686
12 4319 4488 4501 4332 4320 4489 4502 4333 3687
12 4320 4489 4502 4333 4321 4490 4503 4334 3688
12 4321 4490 4503 4334 4322 4491 4504 4335 3689
12 4322 4491 4504 4335 4323 4492 4505 4336 3690
12 4323 4492 4505 4336 4324 4493 4506 4337 3691
12 4324 4493 4506 4337 4325 4494 4507 4338 3692
12 4325 4494 4507 4338 4326 4495 4508 4339 3693
12 4326 4495 4508 4339 4327 4496 4509 4340 3694
12 4327 4496 4509 4340 4328 4497 4510 4341 3695
12 4329 4498 4511 4342 4330 4499 4512 4343 3696
12 4330 4499 4512 4343 4331 4500 4513 4344 3697
12 4331 4500 4513 4344 4332 4501 4514 4345 3698
12 4332 4501 4514 4345 4333 4502 4515 4346 3699
12 4333 4502 4515 4346 4334 4503 4516 4347 3700
12 4334 4503 4516 4347 4335 4504 4517 4348 3701
12 4335 4504 4517 4348 4336 4505 4518 4349 3702
12 4336 4505 4518 4349 4337 4506 4519 4350 3703
12 4337 4506 4519 4350 4338 4507 4520 4351 3704
12 4338 4507 4520 4351 4339 4508 4521 4352 3705
12 4339 4508 4521 4352 4340 4509 4522 4353 3706
12 4340 4509 4522 4353 4341 4510 4523 4354 3707
12 4342 4511 4524 4355 4343 4512 4525 4356 3708
12 4343 4512 4525 4356 4344 4513 4526 4357 3709
12 4344 4513 4526 4357 4345 4514 4527 4358 3710
12 4345 4514 4527 4358 4346 4515 4528 4359 3711
12 4346 4515 4528 4359 4347 4516 4529 4360 3712
12 4347 4516 4529 4360 4348 4517 4530 4361 3713
12 4348 4517 4530 4361 4349 4518 4531 4362 3714
12 4349 4518 4531 4362 4350 4519 4532 4363 3715
12 4350 4519 4532 4363 4351 4520 4533 4364 3716
12 4351 4520 4533 4364 4352 4521 4534 4365 3717
12 4352 4521 4534 4365 4353 4522 4535 4366 3718
12 4353 4522 4535 4366 4354 4523 4536 4367 3719
12 4355 4524 4537 4368 4356 4525 4538 4369 3720
12 4356 4525 4538 4369 4357 4526 4539 4370 3721
12 4357 4526 4539 4370 4358 4527 4540 4371 3722
12 4358 4527 4540 4371 4359 4528 4541 4372 3723
12 4359 4528 4541 4372 4360 4529 4542 4373 3724
12 4360 4529 4542 4373 4361 4530 4543 4374 3725
12 4361 4530 4543 4374 4362 4531 4544 4375 3726
12 4362 4531 4544 4375 4363 4532 4545 4376 3727
12 4363 4532 4545 4376 4364 4533 4546 4377 3728
12 4364 4533 4546 4377 4365 4534 4547 4378 3729
12 4365 4534 4547 4378 4366 4535 4548 4379 3730
12 4366 4535 4548 4379 4367 4536 4549 4380 3731
12 4368 4537 4550 4381 4369 4538 4551 4382 3732
12 4369 4538 4551 4382 4370 4539 4552 4383 3733
12 4370 4539 4552 4383 4371 4540 4553 4384 3734
12 4371 4540 4553 4384 4372 4541 4554 4385 3735
12 4372 4541 4554 4385 4373 4542 4555 4386 3736
12 4373 4542 4555 4386 4374 4543 4556 4387 3737
12 4374 4543 4556 4387 4375 4544 4557 4388 3738
12 4375 4544 4557 4388 4376 4545 4558 4389 3739
12 4376 4545 4558 4389 4377 4546 4559 4390 3740
12 4377 4546 4559 4390 4378 4547 4560 4391 3741
12 4378 4547 4560 4391 4379 4548 4561 4392 3742
12 4379 4548 4561 4392 4380 4549 4562 4393 3743
12 4394 4563 4576 4407 4395 4564 4577 4408 3744
12 4395 4564 4577 4408 4396 4565 4578 4409 3745
12 4396 4565 4578 4409 4397 4566 4579 4410 3746
12 4397 4566 4579 4410 4398 4567 4580 4411 3747
12 4398 4567 4580 4411 4399 4568 4581 4412 3748
12 4399 4568 4581 4412 4400 4569 4582 4413 3749
12 4400 4569 4582 4413 4401 4570 4583 4414 3750
12 4401 4570 4583 4414 4402 4571 4584 4415 3751
12 4402 4571 4584 4415 4403 4572 4585 4416 3752
12 4403 4572 4585 4416 4404 4573 4586 4417 3753
12 4404 4573 4586 4417 4405 4574 4587 4418 3754
12 4405 4574 4587 4418 4406 4575 4588 4419 3755
12 4407 4576 4589 4420 4408 4577 4590 4421 3756
12 4408 4577 4590 4421 4409 4578 4591 4422 3757
12 4409 4578 4591 4422 4410 4579 4592 4423 3758
12 4410 4579 4592 4423 4411 4580 4593 4424 3759
12 4411 4580 4593 4424 4412 4581 4594 4425 3760
12 4412 4581 4594 4425 4413 4582 4595 4426 3761
12 4413 4582 4595 4426 4414 4583 4596 4427 3762
12 4414 4583 4596 4427 4415 4584 4597 4428 3763
12 4415 4584 4597 4428 4416 4585 4598 4429 3764
12 4416 4585 4598 4429 4417 4586 4599 4430 3765
12 4417 4586 4599 4430 4418 4587 4600 4431 3766
12 4418 4587 4600 4431 4419 4588 4601 4432 3767
12 4420 4589 4602 4433 4421 4590 4603 4434 3768
12 4421 4590 4603 4434 4422 4591 4604 4435 3769
12 4422 4591 4604 4435 4423 4592 4605 4436 3770
12 4423 4592 4605 4436 4424 4593 4606 4437 3771
12 4424 4593 4606 4437 4425 4594 4607 4438 3772
12 4425 4594 4607 4438 4426 4595 4608 4439 3773
12 4426 4595 4608 4439 4427 4596 4609 4440 3774
12 4427 4596 4609 4440 4428 4597 4610 4441 3775
12 4428 4597 4610 4441 4429 4598 4611 4442 3776
12 4429 4598 4611 4442 4430 4599 4612 4443 3777
12 4430 4599 4612 4443 4431 4600 4613 4444 3778
12 4431 4600 4613 4444 4432 4601 4614 4445 3779
12 4433 4602 4615 4446 4434 4603 4616 4447 3780
12 4434 4603 4616 4447 4435 4604 4617 4448 3781
12 4435 4604 4617 4448 4436 4605 4618 4449 3782
12 4436 4605 4618 4449 4437 4606 4619 4450 3783
12 4437 4606 4619 4450 4438 4607 4620 4451 3784
12 4438 4607 4620 4451 4439 4608 4621 4452 3785
12 4439 4608 4621 4452 4440 4609 4622 4453 3786
12 4440 4609 4622 4453 4441 4610 4623 4454 3787
12 4441 4610 4623 4454 4442 4611 4624 4455 3788
12 4442 4611 4624 4455 4443 4612 4625 4456 3789
12 4443 4612 4625 4456 4444 4613 4626 4457 3790
12 4444 4613 4626 4457 4445 4614 4627 4458 3791
12 4446 4615 4628 4459 4447 4616 4629 4460 3792
12 4447 4616 4629 4460 4448 4617 4630 4461 3793
12 4448 4617 4630 4461 4449 4618 4631 4462 3794
12 4449 4618 4631 4462 4450 4619 4632 4463 3795
12 4450 4619 4632 4463 4451 4620 4633 4464 3796
12 4451 4620 4633 4464 4452 4621 4634 4465 3797
12 4452 4621 4634 4465 4453 4622 4635 4466 3798
12 4453 4622 4635 4466 4454 4623 4636 4467 3799
12 4454 4623 4636 4467 4455 4624 4637 4468 3800
12 4455 4624 4637 4468 4456 4625 4638 4469 3801
12 4456 4625 4638 4469 4457 4626 4639 4470 3802
12 4457 4626 4639 4470 4458 4627 4640 4471 3803
12 4459 4628 4641 4472 4460 4629 4642 4473 3804
12 4460 4629 4642 4473 4461 4630 4643 4474 3805
12 4461 4630 4643 4474 4462 4631 4644 4475 3806
12 4462 4631 4644 4475 4463 4632 4645 4476 3807
12 4463 4632 4645 4476 4464 4633 4646 4477 3808
12 4464 4633 4646 4477 4465 4634 4647 4478 3809
12 4465 4634 4647 4478 4466 4635 4648 4479 3810
12 4466 4635 4648 4479 4467 4636 4649 4480 3811
12 4467 4636 4649 4480 4468 4637 4650 4481 3812
12 4468 4637 4650 4481 4469 4638 4651 4482 3813
12 4469 4638 4651 4482 4470 4639 4652 4483 3814
12 4470 4639 4652 4483 4471 4640 4653 4484 3815
12 4472 4641 4654 4485 4473 4642 4655 4486 3816
12 4473 4642 4655 4486 4474 4643 4656 4487 3817
12 4474 4643 4656 4487 4475 4644 4657 4488 3818
12 4475 4644 4657 4488 4476 4645 4658 4489 3819
12 4476 4645 4658 4489 4477 4646 4659 4490 3820
12 4477 4646 4659 4490 4478 4647 4660 4491 3821
12 4478 4647 4660 4491 4479 4648 4661 4492 3822
12 4479 4648 4661 4492 4480 4649 4662 4493 3823
12 4480 4649 4662 4493 4481 4650 4663 4494 3824
12 4481 4650 4663 4494 4482 4651 4664 4495 3825
12 4482 4651 4664 4495 4483 4652 4665 4496 3826
12 4483 4652 4665 4496 4484 4653 4666 4497 3827
12 4485 4654 4667 4498 4486 4655 4668 4499 3828
12 4486 4655 4668 4499 4487 4656 4669 4500 3829
12 4487 4656 4669 4500 4488 4657 4670 4501 3830
12 4488 4657 4670 4501 4489 4658 4671 4502 3831
12 4489 4658 4671 4502 4490 4659 4672 4503 3832
12 4490 4659 4672 4503 4491 4660 4673 4504 3833
12 4491 4660 4673 4504 4492 4661 4674 4505 3834
12 4492 4661 4674 4505 4493 4662 4675 4506 3835
12 4493 4662 4675 4506 4494 4663 4676 4507 3836
12 4494 4663 4676 4507 4495 4664 4677 4508 3837
12 4495 4664 4677 4508 4496 4665 4678 4509 3838
12 4496 4665 4678 4509 4497 4666 4679 4510 3839
12 4498 4667 4680 4511 4499 4668 4681 4512 3840
12 4499 4668 4681 4512 4500 4669 4682 4513 3841
12 4500 4669 4682 4513 4501 4670 4683 4514 3842
12 4501 4670 4683 4514 4502 4671 4684 4515 3843
12 4502 4671 4684 4515 4503 4672 4685 4516 3844
12 4503 4672 4685 4516 4504 4673 4686 4517 3845
12 4504 4673 4686 4517 4505 4674 4687 4518 3846
12 4505 4674 4687 4518 4506 4675 4688 4519 3847
12 4506 4675 4688 4519 4507 4676 4689 4520 3848
12 4507 4676 4689 4520 4508 4677 4690 4521 3849
12 4508 4677 4690 4521 4509 4678 4691 4522 3850
12 4509 4678 4691 4522 4510 4679 4692 4523 3851
12 4511 4680 4693 4524 4512 4681 4694 4525 3852
12 4512 4681 4694 4525 4513 4682 4695 4526 3853
12 4513 4682 4695 4526 4514 4683 4696 4527 3854
12 4514 4683 4696 4527 4515 4684 4697 4528 3855
12 4515 4684 4697 4528 4516 4685 4698 4529 3856
12 4516 4685 4698 4529 4517 4686 4699 4530 3857
12 4517 4686 4699 4530 4518 4687 4700 4531 3858
12 4518 4687 4700 4531 4519 4688 4701 4532 3859
12 4519 4688 4701 4532 4520 4689 4702 4533 3860
12 4520 4689 4702 4533 4521 4690 4703 4534 3861
12 4521 4690 4703 4534 4522 4691 4704 4535 3862
12 4522 4691 4704 4535 4523 4692 4705 4536 3863
12 4524 4693 4706 4537 4525 4694 4707 4538 3864
12 4525 4694 4707 4538 4526 4695 4708 4539 3865
12 4526 4695 4708 4539 4527 4696 4709 4540 3866
12 4527 4696 4709 4540 4528 4697 4710 4541 3867
12 4528 4697 4710 4541 4529 4698 4711 4542 3868
12 4529 4698 4711 4542 4530 4699 4712 4543 3869
12 4530 4699 4712 4543 4531 4700 4713 4544 3870
12 4531 4700 4713 4544 4532 4701 4714 4545 3871
12 4532 4701 4714 4545 4533 4702 4715 4546 3872
12 4533 4702 4715 4546 4534 4703 4716 4547 3873
12 4534 4703 4716 4547 4535 4704 4717 4548 3874
12 4535 4704 4717 4548 4536 4705 4718 4549 3875
12 4537 4706 4719 4550 4538 4707 4720 4551 3876
12 4538 4707 4720 4551 4539 4708 4721 4552 3877
12 4539 4708 4721 4552 4540 4709 4722 4553 3878
12 4540 4709 4722 4553 4541 4710 4723 4554 3879
12 4541 4710 4723 4554 4542 4711 4724 4555 3880
12 4542 4711 4724 4555 4543 4712 4725 4556 3881
12 4543 4712 4725 4556 4544 4713 4726 4557 3882
12 4544 4713 4726 4557 4545 4714 4727 4558 3883
12 4545 4714 4727 4558 4546 4715 4728 4559 3884
12 4546 4715 4728 4559 4547 4716 4729 4560 3885
12 4547 4716 4729 4560 4548 4717 4730 4561 3886
12 4548 4717 4730 4561 4549 4718 4731 4562 3887
12 4563 4732 4745 4576 4564 4733 4746 4577 3888
12 4564 4733 4746 4577 4565 4734 4747 4578 3889
12 4565 4734 4747 4578 4566 4735 4748 4579 3890
12 4566 4735 4748 4579 4567 4736 4749 4580 3891
12 4567 4736 4749 4580 4568 4737 4750 4581 3892
12 4568 4737 4750 4581 4569 4738 4751 4582 3893
12 4569 4738 4751 4582 4570 4739 4752 4583 3894
12 4570 4739 4752 4583 4571 4740 4753 4584 3895
12 4571 4740 4753 4584 4572 4741 4754 4585 3896
12 4572 4741 4754 4585 4573 4742 4755 4586 3897
12 4573 4742 4755 4586 4574 4743 4756 4587 3898
12 4574 4743 4756 4587 4575 4744 4757 4588 3899
12 4576 4745 4758 4589 4577 4746 4759 4590 3900
12 4577 4746 4759 4590 4578 4747 4760 4591 3901
12 4578 4747 4760 4591 4579 4748 4761 4592 3902
12 4579 4748 4761 4592 4580 4749 4762 4593 3903
12 4580 4749 4762 4593 4581 4750 4763 4594 3904
12 4581 4750 4763 4594 4582 4751 4764 4595 3905
12 4582 4751 4764 4595 4583 4752 4765 4596 3906
12 4583 4752 4765 4596 4584 4753 4766 4597 3907
12 4584 4753 4766 4597 4585 4754 4767 4598 3908
12 4585 4754 4767 4598 4586 4755 4768 4599 3909
12 4586 4755 4768 4599 4587 4756 4769 4600 3910
12 4587 4756 4769 4600 4588 4757 4770 4601 3911
12 4589 4758 4771 4602 4590 4759 4772 4603 3912
12 4590 4759 4772 4603 4591 4760 4773 4604 3913
12 4591 4760 4773 4604 4592 4761 4774 4605 3914
12 4592 4761 4774 4605 4593 4762 4775 4606 3915
12 4593 4762 4775 4606 4594 4763 4776 4607 3916
12 4594 4763 4776 4607 4595 4764 4777 4608 3917
12 4595 4764 4777 4608 4596 4765 4778 4609 3918
12 4596 4765 4778 4609 4597 4766 4779 4610 3919
12 4597 4766 4779 4610 4598 4767 4780 4611 3920
12 4598 4767 4780 4611 4599 4768 4781 4612 3921
12 4599 4768 4781 4612 4600 4769 4782 4613 3922
12 4600 4769 4782 4613 4601 4770 4783 4614 3923
12 4602 4771 4784 4615 4603 4772 4785 4616 3924
12 4603 4772 4785 4616 4604 4773 4786 4617 3925
12 4604 4773 4786 4617 4605 4774 4787 4618 3926
12 4605 4774 4787 4618 4606 4775 4788 4619 3927
12 4606 4775 4788 4619 4607 4776 4789 4620 3928
12 4607 4776 4789 4620 4608 4777 4790 4621 3929
12 4608 4777 4790 4621 4609 4778 4791 4622 3930
12 4609 4778 4791 4622 4610 4779 4792 4623 3931
12 4610 4779 4792 4623 4611 4780 4793 4624 3932
12 4611 4780 4793 4624 4612 4781 4794 4625 3933
12 4612 4781 4794 4625 4613 4782 4795 4626 3934
12 4613 4782 4795 4626 4614 4783 4796 4627 3935
12 4615 4784 4797 4628 4616 4785 4798 4629 3936
12 4616 4785 4798 4629 4617 4786 4799 4630 3937
12 4617 4786 4799 4630 4618 4787 4800 4631 3938
12 4618 4787 4800 4631 4619 4788 4801 4632 3939
12 4619 4788 4801 4632 4620 4789 4802 4633 3940
12 4620 4789 4802 4633 4621 4790 4803 4634 3941
12 4621 4790 4803 4634 4622 4791 4804 4635 3942
12 4622 4791 4804 4635 4623 4792 4805 4636 3943
12 4623 4792 4805 4636 4624 4793 4806 4637 3944
12 4624 4793 4806 4637 4625 4794 4807 4638 3945
12 4625 4794 4807 4638 4626 4795 4808 4639 3946
12 4626 4795 4808 4639 4627 4796 4809 4640 3947
12 4628 4797 4810 4641 4629 4798 4811 4642 3948
12 4629 4798 4811 4642 4630 4799 4812 4643 3949
12 4630 4799 4812 4643 4631 4800 4813 4644 3950
12 4631 4800 4813 4644 4632 4801 4814 4645 3951
12 4632 4801 4814 4645 4633 4802 4815 4646 3952
12 4633 4802 4815 4646 4634 4803 4816 4647 3953
12 4634 4803 4816 4647 4635 4804 4817 4648 3954
12 4635 4804 4817 4648 4636 4805 4818 4649 3955
12 4636 4805 4818 4649 4637 4806 4819 4650 3956
12 4637 4806 4819 4650 4638 4807 4820 4651 3957
12 4638 4807 4820 4651 4639 4808 4821 4652 3958
12 4639 4808 4821 4652 4640 4809 4822 4653 3959
12 4641 4810 4823 4654 4642 4811 4824 4655 3960
12 4642 4811 4824 4655 4643 4812 4825 4656 3961
12 4643 4812 4825 4656 4644 4813 4826 4657 3962
12 4644 4813 4826 4657 4645 4814 4827 4658 3963
12 4645 4814 4827 4658 4646 4815 4828 4659 3964
12 4646 4815 4828 4659 4647 4816 4829 4660 3965
12 4647 4816 4829 4660 4648 4817 4830 4661 3966
12 4648 4817 4830 4661 4649 4818 4831 4662 3967
12 4649 4818 4831 4662 4650 4819 4832 4663 3968
12 4650 4819 4832 4663 4651 4820 4833 4664 3969
12 4651 4820 4833 4664 4652 4821 4834 4665 3970
12 4652 4821 4834 4665 4653 4822 4835 4666 3971
12 4654 4823 4836 4667 4655 4824 4837 4668 3972
12 4655 4824 4837 4668 4656 4825 4838 4669 3973
12 4656 4825 4838 4669 4657 4826 4839 4670 3974
12 4657 4826 4839 4670 4658 4827 4840 4671 3975
12 4658 4827 4840 4671 4659 4828 4841 4672 3976
12 4659 4828 4841 4672 4660 4829 4842 4673 3977
12 4660 4829 4842 4673 4661 4830 4843 4674 3978
12 4661 4830 4843 4674 4662 4831 4844 4675 3979
12 4662 4831 4844 4675 4663 4832 4845 4676 3980
12 4663 4832 4845 4676 4664 4833 4846 4677 3981
12 4664 4833 4846 4677 4665 4834 4847 4678 3982
12 4665 4834 4847 4678 4666 4835 4848 4679 3983
12 4667 4836 4849 4680 4668 4837 4850 4681 3984
12 4668 4837 4850 4681 4669 4838 4851 4682 3985
12 4669 4838 4851 4682 4670 4839 4852 4683 3986
12 4670 4839 4852 4683 4671 4840 4853 4684 3987
12 4671 4840 4853 4684 4672 4841 4854 4685 3988
12 4672 4841 4854 4685 4673 4842 4855 4686 3989
12 4673 4842 4855 4686 4674 4843 4856 4687 3990
12 4674 4843 4856 4687 4675 4844 4857 4688 3991
12 4675 4844 4857 4688 4676 4845 4858 4689 3992
12 4676 4845 4858 4689 4677 4846 4859 4690 3993
12 4677 4846 4859 4690 4678 4847 4860 4691 3994
12 4678 4847 4860 4691 4679 4848 4861 4692 3995
12 4680 4849 4862 4693 4681 4850 4863 4694 3996
12 4681 4850 4863 4694 4682 4851 4864 4695 3997
12 4682 4851 4864 4695 4683 4852 4865 4696 3998
12 4683 4852 4865 4696 4684 4853 4866 4697 3999
12 4684 4853 4866 4697 4685 4854 4867 4698 4000
12 4685 4854 4867 4698 4686 4855 4868 4699 4001
12 4686 4855 4868 4699 4687 4856 4869 4700 4002
12 4687 4856 4869 4700 4688 4857 4870 4701 4003
12 4688 4857 4870 4701 4689 4858 4871 4702 4004
12 4689 4858 4871 4702 4690 4859 4872 4703 4005
12 4690 4859 4872 4703 4691 4860 4873 4704 4006
12 4691 4860 4873 4704 4692 4861 4874 4705 4007
12 4693 4862 4875 4706 4694 4863 4876 4707 4008
12 4694 4863 4876 4707 4695 4864 4877 4708 4009
12 4695 4864 4877 4708 4696 4865 4878 4709 4010
12 4696 4865 4878 4709 4697 4866 4879 4710 4011
12 4697 4866 4879 4710 4698 4867 4880 4711 4012
12 4698 4867 4880 4711 4699 4868 4881 4712 4013
12 4699 4868 4881 4712 4700 4869 4882 4713 4014
12 4700 4869 4882 4713 4701 4870 4883 4714 4015
12 4701 4870 4883 4714 4702 4871 4884 4715 4016
12 4702 4871 4884 4715 4703 4872 4885 4716 4017
12 4703 4872 4885 4716 4704 4873 4886 4717 4018
12 4704 4873 4886 4717 4705 4874 4887 4718 4019
12 4706 4875 4888 4719 4707 4876 4889 4720 4020
12 4707 4876 4889 4720 4708 4877 4890 4721 4021
12 4708 4877 4890 4721 4709 4878 4891 4722 4022
12 4709 4878 4891 4722 4710 4879 4892 4723 4023
12 4710 4879 4892 4723 4711 4880 4893 4724 4024
12 4711 4880 4893 4724 4712 4881 4894 4725 4025
12 4712 4881 4894 4725 4713 4882 4895 4726 4026
12 4713 4882 4895 4726 4714 4883 4896 4727 4027
12 4714 4883 4896 4727 4715 4884 4897 4728 4028
12 4715 4884 4897 4728 4716 4885 4898 4729 4029
12 4716 4885 4898 4729 4717 4886 4899 4730 4030
12 4717 4886 4899 4730 4718 4887 4900 4731 4031
12 4732 4901 4914 4745 4733 4902 4915 4746 4032
12 4733 4902 4915 4746 4734 4903 4916 4747 4033
12 4734 4903 4916 4747 4735 4904 4917 4748 4034
12 4735 4904 4917 4748 4736 4905 4918 4749 4035
12 4736 4905 4918 4749 4737 4906 4919 4750 4036
12 4737 4906 4919 4750 4738 4907 4920 4751 4037
12 4738 4907 4920 4751 4739 4908 4921 4752 4038
12 4739 4908 4921 4752 4740 4909 4922 4753 4039
12 4740 4909 4922 4753 4741 4910 4923 4754 4040
12 4741 4910 4923 4754 4742 4911 4924 4755 4041
12 4742 4911 4924 4755 4743 4912 4925 4756 4042
12 4743 4912 4925 4756 4744 4913 4926 4757 4043
12 4745 4914 4927 4758 4746 4915 4928 4759 4044
12 4746 4915 4928 4759 4747 4916 4929 4760 4045
12 4747 4916 4929 4760 4748 4917 4930 4761 4046
12 4748 4917 4930 4761 4749 4918 4931 4762 4047
12 4749 4918 4931 4762 4750 4919 4932 4763 4048
12 4750 4919 4932 4763 4751 4920 4933 4764 4049
12 4751 4920 4933 4764 4752 4921 4934 4765 4050
12 4752 4921 4934 4765 4753 4922 4935 4766 4051
12 4753 4922 4935 4766 4754 4923 4936 4767 4052
12 4754 4923 4936 4767 4755 4924 4937 4768 4053
12 4755 4924 4937 4768 4756 4925 4938 4769 4054
12 4756 4925 4938 4769 4757 4926 4939 4770 4055
12 4758 4927 4940 4771 4759 4928 4941 4772 4056
12 4759 4928 4941 4772 4760 4929 4942 4773 4057
12 4760 4929 4942 4773 4761 4930 4943 4774 4058
12 4761 4930 4943 4774 4762 4931 4944 4775 4059
12 4762 4931 4944 4775 4763 4932 4945 4776 4060
12 4763 4932 4945 4776 4764 4933 4946 4777 4061
12 4764 4933 4946 4777 4765 4934 4947 4778 4062
12 4765 4934 4947 4778 4766 4935 4948 4779 4063
12 4766 4935 4948 4779 4767 4936 4949 4780 4064
12 4767 4936 4949 4780 4768 4937 4950 4781 4065
12 4768 4937 4950 4781 4769 4938 4951 4782 4066
12 4769 4938 4951 4782 4770 4939 4952 4783 4067
12 4771 4940 4953 4784 4772 4941 4954 4785 4068
12 4772 4941 4954 4785 4773 4942 4955 4786 4069
12 4773 4942 4955 4786 4774 4943 4956 4787 4070
12 4774 4943 4956 4787 4775 4944 4957 4788 4071
12 4775 4944 4957 4788 4776 4945 4958 4789 4072
12 4776 4945 4958 4789 4777 4946 4959 4790 4073
12 4777 4946 4959 4790 4778 4947 4960 4791 4074
12 4778 4947 4960 4791 4779 4948 4961 4792 4075
12 4779 4948 4961 4792 4780 4949 4962 4793 4076
12 4780 4949 4962 4793 4781 4950 4963 4794 4077
12 4781 4950 4963 4794 4782 4951 4964 4795 4078
12 4782 4951 4964 4795 4783 4952 4965 4796 4079
12 4784 4953 4966 4797 4785 4954 4967 4798 4080
12 4785 4954 4967 4798 4786 4955 4968 4799 4081
12 4786 4955 4968 4799 4787 4956 4969 4800 4082
12 4787 4956 4969 4800 4788 4957 4970 4801 4083
12 4788 4957 4970 4801 4789 4958 4971 4802 4084
12 4789 4958 4971 4802 4790 4959 4972 4803 4085
12 4790 4959 4972 4803 4791 4960 4973 4804 4086
12 4791 4960 4973 4804 4792 4961 4974 4805 4087
12 4792 4961 4974 4805 4793 4962 4975 4806 4088
12 4793 4962 4975 4806 4794 4963 4976 4807 4089
12 4794 4963 4976 4807 4795 4964 4977 4808 4090
12 4795 4964 4977 4808 4796 4965 4978 4809 4091
12 4797 4966 4979 4810 4798 4967 4980 4811 4092
12 4798 4967 4980 4811 4799 4968 4981 4812 4093
12 4799 4968 4981 4812 4800 4969 4982 4813 4094
12 4800 4969 4982 4813 4801 4970 4983 4814 4095
12 4801 4970 4983 4814 4802 4971 4984 4815 4096
12 4802 4971 4984 4815 4803 4972 4985 4816 4097
12 4803 4972 4985 4816 4804 4973 4986 4817 4098
12 4804 4973 4986 4817 4805 4974 4987 4818 4099
12 4805 4974 4987 4818 4806 4975 4988 4819 4100
12 4806 4975 4988 4819 4807 4976 4989 4820 4101
12 4807 4976 4989 4820 4808 4977 4990 4821 4102
12 4808 4977 4990 4821 4809 4978 4991 4822 4103
12 4810 4979 4992 4823 4811 4980 4993 4824 4104
12 4811 4980 4993 4824 4812 4981 4994 4825 4105
12 4812 4981 4994 4825 4813 4982 4995 4826 4106
12 4813 4982 4995 4826 4814 4983 4996 4827 4107
12 4814 4983 4996 4827 4815 4984 4997 4828 4108
12 4815 4984 4997 4828 4816 4985 4998 4829 4109
12 4816 4985 4998 4829 4817 4986 4999 4830 4110
12 4817 4986 4999 4830 4818 4987 5000 4831 4111
12 4818 4987 5000 4831 4819 4988 5001 4832 4112
12 4819 4988 5001 4832 4820 4989 5002 4833 4113
12 4820 4989 5002 4833 4821 4990 5003 4834 4114
12 4821 4990 5003 4834 4822 4991 5004 4835 4115
12 4823 4992 5005 4836 4824 4993 5006 4837 4116
12 4824 4993 5006 4837 4825 4994 5007 4838 4117
12 4825 4994 5007 4838 4826 4995 5008 4839 4118
12 4826 4995 5008 4839 4827 4996 5009 4840 4119
12 4827 4996 5009 4840 4828 4997 5010 4841 4120
12 4828 4997 5010 4841 4829 4998 5011 4842 4121
12 4829 4998 5011 4842 4830 4999 5012 4843 4122
12 4830 4999 5012 4843 4831 5000 5013 4844 4123
12 4831 5000 5013 4844 4832 5001 5014 4845 4124
12 4832 5001 5014 4845 4833 5002 5015 4846 4125
12 4833 5002 5015 4846 4834 5003 5016 4847 4126
12 4834 5003 5016 4847 4835 5004 5017 4848 4127
12 4836 5005 5018 4849 4837 5006 5019 4850 4128
12 4837 5006 5019 4850 4838 5007 5020 4851 4129
12 4838 5007 5020 4851 4839 5008 5021 4852 4130
12 4839 5008 5021 4852 4840 5009 5022 4853 4131
12 4840 5009 5022 4853 4841 5010 5023 4854 4132
12 4841 5010 5023 4854 4842 5011 5024 4855 4133
12 4842 5011 5024 4855 4843 5012 5025 4856 4134
12 4843 5012 5025 4856 4844 5013 5026 4857 4135
12 4844 5013 5026 4857 4845 5014 5027 4858 4136
12 4845 5014 5027 4858 4846 5015 5028 4859 4137
12 4846 5015 5028 4859 4847 5016 5029 4860 4138
12 4847 5016 5029 4860 4848 5017 5030 4861 4139
12 4849 5018 5031 4862 4850 5019 5032 4863 4140
12 4850 5019 5032 4863 4851 5020 5033 4864 4141
12 4851 5020 5033 4864 4852 5021 5034 4865 4142
12 4852 5021 5034 4865 4853 5022 5035 4866 4143
12 4853 5022 5035 4866 4854 5023 5036 4867 4144
12 4854 5023 5036 4867 4855 5024 5037 4868 4145
12 4855 5024 5037 4868 4856 5025 5038 4869 4146
12 4856 5025 5038 4869 4857 5026 5039 4870 4147
12 4857 5026 5039 4870 4858 5027 5040 4871 4148
12 4858 5027 5040 4871 4859 5028 5041 4872 4149
12 4859 5028 5041 4872 4860 5029 5042 4873 4150
12 4860 5029 5042 4873 4861 5030 5043 4874 4151
12 4862 5031 5044 4875 4863 5032 5045 4876 4152
12 4863 5032 5045 4876 4864 5033 5046 4877 4153
12 4864 5033 5046 4877 4865 5034 5047 4878 4154
12 4865 5034 5047 4878 4866 5035 5048 4879 4155
12 4866 5035 5048 4879 4867 5036 5049 4880 4156
12 4867 5036 5049 4880 4868 5037 5050 4881 4157
12 4868 5037 5050 4881 4869 5038 5051 4882 4158
12 4869 5038 5051 4882 4870 5039 5052 4883 4159
12 4870 5039 5052 4883 4871 5040 5053 4884 4160
12 4871 5040 5053 4884 4872 5041 5054 4885 4161
12 4872 5041 5054 4885 4873 5042 5055 4886 4162
12 4873 5042 5055 4886 4874 5043 5056 4887 4163
12 4875 5044 5057 4888 4876 5045 5058 4889 4164
12 4876 5045 5058 4889 4877 5046 5059 4890 4165
12 4877 5046 5059 4890 4878 5047 5060 4891 4166
12 4878 5047 5060 4891 4879 5048 5061 4892 4167
12 4879 5048 5061 4892 4880 5049 5062 4893 4168
12 4880 5049 5062 4893 4881 5050 5063 4894 4169
12 4881 5050 5063 4894 4882 5051 5064 4895 4170
12 4882 5051 5064 4895 4883 5052 5065 4896 4171
12 4883 5052 5065 4896 4884 5053 5066 4897 4172
12 4884 5053 5066 4897 4885 5054 5067 4898 4173
12 4885 5054 5067 4898 4886 5055 5068 4899 4174
12 4886 5055 5068 4899 4887 5056 5069 4900 4175
12 4901 5070 5083 4914 4902 5071 5084 4915 4176
12 4902 5071 5084 4915 4903 5072 5085 4916 4177
12 4903 5072 5085 4916 4904 5073 5086 4917 4178
12 4904 5073 5086 4917 4905 5074 5087 4918 4179
12 4905 5074 5087 4918 4906 5075 5088 4919 4180
12 4906 5075 5088 4919 4907 5076 5089 4920 4181
12 4907 5076 5089 4920 4908 5077 5090 4921 4182
12 4908 5077 5090 4921 4909 5078 5091 4922 4183
12 4909 5078 5091 4922 4910 5079 5092 4923 4184
12 4910 5079 5092 4923 4911 5080 5093 4924 4185
12 4911 5080 5093 4924 4912 5081 5094 4925 4186
12 4912 5081 5094 4925 4913 5082 5095 4926 4187
12 4914 5083 5096 4927 4915 5084 5097 4928 4188
12 4915 5084 5097 4928 4916 5085 5098 4929 4189
12 4916 5085 5098 4929 4917 5086 5099 4930 4190
12 4917 5086 5099 4930 4918 5087 5100 4931 4191
12 4918 5087 5100 4931 4919 5088 5101 4932 4192
12 4919 5088 5101 4932 4920 5089 5102 4933 4193
12 4920 5089 5102 4933 4921 5090 5103 4934 4194
12 4921 5090 5103 4934 4922 5091 5104 4935 4195
12 4922 5091 5104 4935 4923 5092 5105 4936 4196
12 4923 5092 5105 4936 4924 5093 5106 4937 4197
12 4924 5093 5106 4937 4925 5094 5107 4938 4198
12 4925 5094 5107 4938 4926 5095 5108 4939 4199
12 4927 5096 5109 4940 4928 5097 5110 4941 4200
12 4928 5097 5110 4941 4929 5098 5111 4942 4201
12 4929 5098 5111 4942 4930 5099 5112 4943 4202
12 4930 5099 5112 4943 4931 5100 5113 4944 4203
12 4931 5100 5113 4944 4932 5101 5114 4945 4204
12 4932 5101 5114 4945 4933 5102 5115 4946 4205
12 4933 5102 5115 4946 4934 5103 5116 4947 4206
12 4934 5103 5116 4947 4935 5104 5117 4948 4207
12 4935 5104 5117 4948 4936 5105 5118 4949 4208
12 4936 5105 5118 4949 4937 5106 5119 4950 4209
12 4937 5106 5119 4950 4938 5107 5120 4951 4210
12 4938 5107 5120 4951 4939 5108 5121 4952 4211
12 4940 5109 5122 4953 4941 5110 5123 4954 4212
12 4941 5110 5123 4954 4942 5111 5124 4955 4213
12 4942 5111 5124 4955 4943 5112 5125 4956 4214
12 4943 5112 5125 4956 4944 5113 5126 4957 4215
12 4944 5113 5126 4957 4945 5114 5127 4958 4216
12 4945 5114 5127 4958 4946 5115 5128 4959 4217
12 4946 5115 5128 4959 4947 5116 5129 4960 4218
12 4947 5116 5129 4960 4948 5117 5130 4961 4219
12 4948 5117 5130 4961 4949 5118 5131 4962 4220
12 4949 5118 5131 4962 4950 5119 5132 4963 4221
12 4950 5119 5132 4963 4951 5120 5133 4964 4222
12 4951 5120 5133 4964 4952 5121 5134 4965 4223
12 4953 5122 5135 4966 4954 5123 5136 4967 4224
12 4954 5123 5136 4967 4955 5124 5137 4968 4225
12 4955 5124 5137 4968 4956 5125 5138 4969 4226
12 4956 5125 5138 4969 4957 5126 5139 4970 4227
12 4957 5126 5139 4970 4958 5127 5140 4971 4228
12 4958 5127 5140 4971 4959 5128 5141 4972 4229
12 4959 5128 5141 4972 4960 5129 5142 4973 4230
12 4960 5129 5142 4973 4961 5130 5143 4974 4231
12 4961 5130 5143 4974 4962 5131 5144 4975 4232
12 4962 5131 5144 4975 4963 5132 5145 4976 4233
12 4963 5132 5145 4976 4964 5133 5146 4977 4234
12 4964 5133 5146 4977 4965 5134 5147 4978 4235
12 4966 5135 5148 4979 4967 5136 5149 4980 4236
12 4967 5136 5149 4980 4968 5137 5150 4981 4237
12 4968 5137 5150 4981 4969 5138 5151 4982 4238
12 4969 5138 5151 4982 4970 5139 5152 4983 4239
12 4970 5139 5152 4983 4971 5140 5153 4984 4240
12 4971 5140 5153 4984 4972 5141 5154 4985 4241
12 4972 5141 5154 4985 4973 5142 5155 4986 4242
12 4973 5142 5155 4986 4974 5143 5156 4987 4243
12 4974 5143 5156 4987 4975 5144 5157 4988 4244
12 4975 5144 5157 4988 4976 5145 5158 4989 4245
12 4976 5145 5158 4989 4977 5146 5159 4990 4246
12 4977 5146 5159 4990 4978 5147 5160 4991 4247
12 4979 5148 5161 4992 4980 5149 5162 4993 4248
12 4980 5149 5162 4993 4981 5150 5163 4994 4249
12 4981 5150 5163 4994 4982 5151 5164 4995 4250
12 4982 5151 5164 4995 4983 5152 5165 4996 4251
12 4983 5152 5165 4996 4984 5153 5166 4997 4252
12 4984 5153 5166 4997 4985 5154 5167 4998 4253
12 4985 5154 5167 4998 4986 5155 5168 4999 4254
12 4986 5155 5168 4999 4987 5156 5169 5000 4255
12 4987 5156 5169 5000 4988 5157 5170 5001 4256
12 4988 5157 5170 5001 4989 5158 5171 5002 4257
12 4989 5158 5171 5002 4990 5159 5172 5003 4258
12 4990 5159 5172 5003 4991 5160 5173 5004 4259
12 4992 5161 5174 5005 4993 5162 5175 5006 4260
12 4993 5162 5175 5006 4994 5163 5176 5007 4261
12 4994 5163 5176 5007 4995 5164 5177 5008 4262
12 4995 5164 5177 5008 4996 5165 5178 5009 4263
12 4996 5165 5178 5009 4997 5166 5179 5010 4264
12 4997 5166 5179 5010 4998 5167 5180 5011 4265
12 4998 5167 5180 5011 4999 5168 5181 5012 4266
12 4999 5168 5181 5012 5000 5169 5182 5013 4267
12 5000 5169 5182 5013 5001 5170 5183 5014 4268
12 5001 5170 5183 5014 5002 5171 5184 5015 4269
12 5002 5171 5184 5015 5003 5172 5185 5016 4270
12 5003 5172 5185 5016 5004 5173 5186 5017 4271
12 5005 5174 5187 5018 5006 5175 5188 5019 4272
12 5006 5175 5188 5019 5007 5176 5189 5020 4273
12 5007 5176 5189 5020 5008 5177 5190 5021 4274
12 5008 5177 5190 5021 5009 5178 5191 5022 4275
12 5009 5178 5191 5022 5010 5179 5192 5023 4276
12 5010 5179 5192 5023 5011 5180 5193 5024 4277
12 5011 5180 5193 5024 5012 5181 5194 5025 4278
12 5012 5181 5194 5025 5013 5182 5195 5026 4279
12 5013 5182 5195 5026 5014 5183 5196 5027 4280
12 5014 5183 5196 5027 5015 5184 5197 5028 4281
12 5015 5184 5197 5028 5016 5185 5198 5029 4282
12 5016 5185 5198 5029 5017 5186 5199 5030 4283
12 5018 5187 5200 5031 5019 5188 5201 5032 4284
12 5019 5188 5201 5032 5020 5189 5202 5033 4285
12 5020 5189 5202 5033 5021 5190 5203 5034 4286
12 5021 5190 5203 5034 5022 5191 5204 5035 4287
12 5022 5191 5204 5035 5023 5192 5205 5036 4288
12 5023 5192 5205 5036 5024 5193 5206 5037 4289
12 5024 5193 5206 5037 5025 5194 5207 5038 4290
12 5025 5194 5207 5038 5026 5195 5208 5039 4291
12 5026 5195 5208 5039 5027 5196 5209 5040 4292
12 5027 5196 5209 5040 5028 5197 5210 5041 4293
12 5028 5197 5210 5041 5029 5198 5211 5042 4294
12 5029 5198 5211 5042 5030 5199 5212 5043 4295
12 5031 5200 5213 5044 5032 5201 5214 5045 4296
12 5032 5201 5214 5045 5033 5202 5215 5046 4297
12 5033 5202 5215 5046 5034 5203 5216 5047 4298
12 5034 5203 5216 5047 5035 5204 5217 5048 4299
12 5035 5204 5217 5048 5036 5205 5218 5049 4300
12 5036 5205 5218 5049 5037 5206 5219 5050 4301
12 5037 5206 5219 5050 5038 5207 5220 5051 4302
12 5038 5207 5220 5051 5039 5208 5221 5052 4303
12 5039 5208 5221 5052 5040 5209 5222 5053 4304
12 5040 5209 5222 5053 5041 5210 5223 5054 4305
12 5041 5210 5223 5054 5042 5211 5224 5055 4306
12 5042 5211 5224 5055 5043 5212 5225 5056 4307
12 5044 5213 5226 5057 5045 5214 5227 5058 4308
12 5045 5214 5227 5058 5046 5215 5228 5059 4309
12 5046 5215 5228 5059 5047 5216 5229 5060 4310
12 5047 5216 5229 5060 5048 5217 5230 5061 4311
12 5048 5217 5230 5061 5049 5218 5231 5062 4312
12 5049 5218 5231 5062 5050 5219 5232 5063 4313
12 5050 5219 5232 5063 5051 5220 5233 5064 4314
12 5051 5220 5233 5064 5052 5221 5234 5065 4315
12 5052 5221 5234 5065 5053 5222 5235 5066 4316
12 5053 5222 5235 5066 5054 5223 5236 5067 4317
12 5054 5223 5236 5067 5055 5224 5237 5068 4318
12 5055 5224 5237 5068 5056 5225 5238 5069 4319
12 5070 5239 5252 5083 5071 5240 5253 5084 4320
12 5071 5240 5253 5084 5072 5241 5254 5085 4321
12 5072 5241 5254 5085 5073 5242 5255 5086 4322
12 5073 5242 5255 5086 5074 5243 5256 5087 4323
12 5074 5243 5256 5087 5075 5244 5257 5088 4324
12 5075 5244 5257 5088 5076 5245 5258 5089 4325
12 5076 5245 5258 5089 5077 5246 5259 5090 4326
12 5077 5246 5259 5090 5078 5247 5260 5091 4327
12 5078 5247 5260 5091 5079 5248 5261 5092 4328
12 5079 5248 5261 5092 5080 5249 5262 5093 4329
12 5080 5249 5262 5093 5081 5250 5263 5094 4330
12 5081 5250 5263 5094 5082 5251 5264 5095 4331
12 5083 5252 5265 5096 5084 5253 5266 5097 4332
12 5084 5253 5266 5097 5085 5254 5267 5098 4333
12 5085 5254 5267 5098 5086 5255 5268 5099 4334
12 5086 5255 5268 5099 5087 5256 5269 5100 4335
12 5087 5256 5269 5100 5088 5257 5270 5101 4336
12 5088 5257 5270 5101 5089 5258 5271 5102 4337
12 5089 5258 5271 5102 5090 5259 5272 5103 4338
12 5090 5259 5272 5103 5091 5260 5273 5104 4339
12 5091 5260 5273 5104 5092 5261 5274 5105 4340
12 5092 5261 5274 5105 5093 5262 5275 5106 4341
12 5093 5262 5275 5106 5094 5263 5276 5107 4342
12 5094 5263 5276 5107 5095 5264 5277 5108 4343
12 5096 5265 5278 5109 5097 5266 5279 5110 4344
12 5097 5266 5279 5110 5098 5267 5280 5111 4345
12 5098 5267 5280 5111 5099 5268 5281 5112 4346
12 5099 5268 5281 5112 5100 5269 5282 5113 4347
12 5100 5269 5282 5113 5101 5270 5283 5114 4348
12 5101 5270 5283 5114 5102 5271 5284 5115 4349
12 5102 5271 5284 5115 5103 5272 5285 5116 4350
12 5103 5272 5285 5116 5104 5273 5286 5117 4351
12 5104 5273 5286 5117 5105 5274 5287 5118 4352
12 5105 5274 5287 5118 5106 5275 5288 5119 4353
12 5106 5275 5288 5119 5107 5276 5289 5120 4354
12 5107 5276 5289 5120 5108 5277 5290 5121 4355
12 5109 5278 5291 5122 5110 5279 5292 5123 4356
12 5110 5279 5292 5123 5111 5280 5293 5124 4357
12 5111 5280 5293 5124 5112 5281 5294 5125 4358
12 5112 5281 5294 5125 5113 5282 5295 5126 4359
12 5113 5282 5295 5126 5114 5283 5296 5127 4360
12 5114 5283 5296 5127 5115 5284 5297 5128 4361
12 5115 5284 5297 5128 5116 5285 5298 5129 4362
12 5116 5285 5298 5129 5117 5286 5299 5130 4363
12 5117 5286 5299 5130 5118 5287 5300 5131 4364
12 5118 5287 5300 5131 5119 5288 5301 5132 4365
12 5119 5288 5301 5132 5120 5289 5302 5133 4366
12 5120 5289 5302 5133 5121 5290 5303 5134 4367
12 5122 5291 5304 5135 5123 5292 5305 5136 4368
12 5123 5292 5305 5136 5124 5293 5306 5137 4369
12 5124 5293 5306 5137 5125 5294 5307 5138 4370
12 5125 5294 5307 5138 5126 5295 5308 5139 4371
12 5126 5295 5308 5139 5127 5296 5309 5140 4372
12 5127 5296 5309 5140 5128 5297 5310 5141 4373
12 5128 5297 5310 5141 5129 5298 5311 5142 4374
12 5129 5298 5311 5142 5130 5299 5312 5143 4375
12 5130 5299 5312 5143 5131 5300 5313 5144 4376
12 5131 5300 5313 5144 5132 5301 5314 5145 4377
12 5132 5301 5314 5145 5133 5302 5315 5146 4378
12 5133 5302 5315 5146 5134 5303 5316 5147 4379
12 5135 5304 5317 5148 5136 5305 5318 5149 4380
12 5136 5305 5318 5149 5137 5306 5319 5150 4381
12 5137 5306 5319 5150 5138 5307 5320 5151 4382
12 5138 5307 5320 5151 5139 5308 5321 5152 4383
12 5139 5308 5321 5152 5140 5309 5322 5153 4384
12 5140 5309 5322 5153 5141 5310 5323 5154 4385
12 5141 5310 5323 5154 5142 5311 5324 5155 4386
12 5142 5311 5324 5155 5143 5312 5325 5156 4387
12 5143 5312 5325 5156 5144 5313 5326 5157 4388
12 5144 5313 5326 5157 5145 5314 5327 5158 4389
12 5145 5314 5327 5158 5146 5315 5328 5159 4390
12 5146 5315 5328 5159 5147 5316 5329 5160 4391
12 5148 5317 5330 5161 5149 5318 5331 5162 4392
12 5149 5318 5331 5162 5150 5319 5332 5163 4393
12 5150 5319 5332 5163 5151 5320 5333 5164 4394
12 5151 5320 5333 5164 5152 5321 5334 5165 4395
12 5152 5321 5334 5165 5153 5322 5335 5166 4396
12 5153 5322 5335 5166 5154 5323 5336 5167 4397
12 5154 5323 5336 5167 5155 5324 5337 5168 4398
12 5155 5324 5337 5168 5156 5325 5338 5169 4399
12 5156 5325 5338 5169 5157 5326 5339 5170 4400
12 5157 5326 5339 5170 5158 5327 5340 5171 4401
12 5158 5327 5340 5171 5159 5328 5341 5172 4402
12 5159 5328 5341 5172 5160 5329 5342 5173 4403
12 5161 5330 5343 5174 5162 5331 5344 5175 4404
12 5162 5331 5344 5175 5163 5332 5345 5176 4405
12 5163 5332 5345 5176 5164 5333 5346 5177 4406
12 5164 5333 5346 5177 5165 5334 5347 5178 4407
12 5165 5334 5347 5178 5166 5335 5348 5179 4408
12 5166 5335 5348 5179 5167 5336 5349 5180 4409
12 5167 5336 5349 5180 5168 5337 5350 5181 4410
12 5168 5337 5350 5181 5169 5338 5351 5182 4411
12 5169 5338 5351 5182 5170 5339 5352 5183 4412
12 5170 5339 5352 5183 5171 5340 5353 5184 4413
12 5171 5340 5353 5184 5172 5341 5354 5185 4414
12 5172 5341 5354 5185 5173 5342 5355 5186 4415
12 5174 5343 5356 5187 5175 5344 5357 5188 4416
12 5175 5344 5357 5188 5176 5345 5358 5189 4417
12 5176 5345 5358 5189 5177 5346 5359 5190 4418
12 5177 5346 5359 5190 5178 5347 5360 5191 4419
12 5178 5347 5360 5191 5179 5348 5361 5192 4420
12 5179 5348 5361 5192 5180 5349 5362 5193 4421
12 5180 5349 5362 5193 5181 5350 5363 5194 4422
12 5181 5350 5363 5194 5182 5351 5364 5195 4423
12 5182 5351 5364 5195 5183 5352 5365 5196 4424
12 5183 5352 5365 5196 5184 5353 5366 5197 4425
12 5184 5353 5366 5197 5185 5354 5367 5198 4426
12 5185 5354 5367 5198 5186 5355 5368 5199 4427
12 5187 5356 5369 5200 5188 5357 5370 5201 4428
12 5188 5357 5370 5201 5189 5358 5371 5202 4429
12 5189 5358 5371 5202 5190 5359 5372 5203 4430
12 5190 5359 5372 5203 5191 5360 5373 5204 4431
12 5191 5360 5373 5204 5192 5361 5374 5205 4432
12 5192 5361 5374 5205 5193 5362 5375 5206 4433
12 5193 5362 5375 5206 5194 5363 5376 5207 4434
12 5194 5363 5376 5207 5195 5364 5377 5208 4435
12 5195 5364 5377 5208 5196 5365 5378 5209 4436
12 5196 5365 5378 5209 5197 5366 5379 5210 4437
12 5197 5366 5379 5210 5198 5367 5380 5211 4438
12 5198 5367 5380 5211 5199 5368 5381 5212 4439
12 5200 5369 5382 5213 5201 5370 5383 5214 4440
12 5201 5370 5383 5214 5202 5371 5384 5215 4441
12 5202 5371 5384 5215 5203 5372 5385 5216 4442
12 5203 5372 5385 5216 5204 5373 5386 5217 4443
12 5204 5373 5386 5217 5205 5374 5387 5218 4444
12 5205 5374 5387 5218 5206 5375 5388 5219 4445
12 5206 5375 5388 5219 5207 5376 5389 5220 4446
12 5207 5376 5389 5220 5208 5377 5390 5221 4447
12 5208 5377 5390 5221 5209 5378 5391 5222 4448
12 5209 5378 5391 5222 5210 5379 5392 5223 4449
12 5210 5379 5392 5223 5211 5380 5393 5224 4450
12 5211 5380 5393 5224 5212 5381 5394 5225 4451
12 5213 5382 5395 5226 5214 5383 5396 5227 4452
12 5214 5383 5396 5227 5215 5384 5397 5228 4453
12 5215 5384 5397 5228 5216 5385 5398 5229 4454
12 5216 5385 5398 5229 5217 5386 5399 5230 4455
12 5217 5386 5399 5230 5218 5387 5400 5231 4456
12 5218 5387 5400 5231 5219 5388 5401 5232 4457
12 5219 5388 5401 5232 5220 5389 5402 5233 4458
12 5220 5389 5402 5233 5221 5390 5403 5234 4459
12 5221 5390 5403 5234 5222 5391 5404 5235 4460
12 5222 5391 5404 5235 5223 5392 5405 5236 4461
12 5223 5392 5405 5236 5224 5393 5406 5237 4462
12 5224 5393 5406 5237 5225 5394 5407 5238 4463
12 5239 5408 5421 5252 5240 5409 5422 5253 4464
12 5240 5409 5422 5253 5241 5410 5423 5254 4465
12 5241 5410 5423 5254 5242 5411 5424 5255 4466
12 5242 5411 5424 5255 5243 5412 5425 5256 4467
12 5243 5412 5425 5256 5244 5413 5426 5257 4468
12 5244 5413 5426 5257 5245 5414 5427 5258 4469
12 5245 5414 5427 5258 5246 5415 5428 5259 4470
12 5246 5415 5428 5259 5247 5416 5429 5260 4471
12 5247 5416 5429 5260 5248 5417 5430 5261 4472
12 5248 5417 5430 5261 5249 5418 5431 5262 4473
12 5249 5418 5431 5262 5250 5419 5432 5263 4474
12 5250 5419 5432 5263 5251 5420 5433 5264 4475
12 5252 5421 5434 5265 5253 5422 5435 5266 4476
12 5253 5422 5435 5266 5254 5423 5436 5267 4477
12 5254 5423 5436 5267 5255 5424 5437 5268 4478
12 5255 5424 5437 5268 5256 5425 5438 5269 4479
12 5256 5425 5438 5269 5257 5426 5439 5270 4480
12 5257 5426 5439 5270 5258 5427 5440 5271 4481
12 5258 5427 5440 5271 5259 5428 5441 5272 4482
12 5259 5428 5441 5272 5260 5429 5442 5273 4483
12 5260 5429 5442 5273 5261 5430 5443 5274 4484
12 5261 5430 5443 5274 5262 5431 5444 5275 4485
12 5262 5431 5444 5275 5263 5432 5445 5276 4486
12 5263 5432 5445 5276 5264 5433 5446 5277 4487
12 5265 5434 5447 5278 5266 5435 5448 5279 4488
12 5266 5435 5448 5279 5267 5436 5449 5280 4489
12 5267 5436 5449 5280 5268 5437 5450 5281 4490
12 5268 5437 5450 5281 5269 5438 5451 5282 4491
12 5269 5438 5451 5282 5270 5439 5452 5283 4492
12 5270 5439 5452 5283 5271 5440 5453 5284 4493
12 5271 5440 5453 5284 5272 5441 5454 5285 4494
12 5272 5441 5454 5285 5273 5442 5455 5286 4495
12 5273 5442 5455 5286 5274 5443 5456 5287 4496
12 5274 5443 5456 5287 5275 5444 5457 5288 4497
12 5275 5444 5457 5288 5276 5445 5458 5289 4498
12 5276 5445 5458 5289 5277 5446 5459 5290 4499
12 5278 5447 5460 5291 5279 5448 5461 5292 4500
12 5279 5448 5461 5292 5280 5449 5462 5293 4501
12 5280 5449 5462 5293 5281 5450 5463 5294 4502
12 5281 5450 5463 5294 5282 5451 5464 5295 4503
12 5282 5451 5464 5295 5283 5452 5465 5296 4504
12 5283 5452 5465 5296 5284 5453 5466 5297 4505
12 5284 5453 5466 5297 5285 5454 5467 5298 4506
12 5285 5454 5467 5298 5286 5455 5468 5299 4507
12 5286 5455 5468 5299 5287 5456 5469 5300 4508
12 5287 5456 5469 5300 5288 5457 5470 5301 4509
12 5288 5457 5470 5301 5289 5458 5471 5302 4510
12 5289 5458 5471 5302 5290 5459 5472 5303 4511
12 5291 5460 5473 5304 5292 5461 5474 5305 4512
12 5292 5461 5474 5305 5293 5462 5475 5306 4513
12 5293 5462 5475 5306 5294 5463 5476 5307 4514
12 5294 5463 5476 5307 5295 5464 5477 5308 4515
12 5295 5464 5477 5308 5296 5465 5478 5309 4516
12 5296 5465 5478 5309 5297 5466 5479 5310 4517
12 5297 5466 5479 5310 5298 5467 5480 5311 4518
12 5298 5467 5480 5311 5299 5468 5481 5312 4519
12 5299 5468 5481 5312 5300 5469 5482 5313 4520
12 5300 5469 5482 5313 5301 5470 5483 5314 4521
12 5301 5470 5483 5314 5302 5471 5484 5315 4522
12 5302 5471 5484 5315 5303 5472 5485 5316 4523
12 5304 5473 5486 5317 5305 5474 5487 5318 4524
12 5305 5474 5487 5318 5306 5475 5488 5319 4525
12 5306 5475 5488 5319 5307 5476 5489 5320 4526
12 5307 5476 5489 5320 5308 5477 5490 5321 4527
12 5308 5477 5490 5321 5309 5478 5491 5322 4528
12 5309 5478 5491 5322 5310 5479 5492 5323 4529
12 5310 5479 5492 5323 5311 5480 5493 5324 4530
12 5311 5480 5493 5324 5312 5481 5494 5325 4531
12 5312 5481 5494 5325 5313 5482 5495 5326 4532
12 5313 5482 5495 5326 5314 5483 5496 5327 4533
12 5314 5483 5496 5327 5315 5484 5497 5328 4534
12 5315 5484 5497 5328 5316 5485 5498 5329 4535
12 5317 5486 5499 5330 5318 5487 5500 5331 4536
12 5318 5487 5500 5331 5319 5488 5501 5332 4537
12 5319 5488 5501 5332 5320 5489 5502 5333 4538
12 5320 5489 5502 5333 5321 5490 5503 5334 4539
12 5321 5490 5503 5334 5322 5491 5504 5335 4540
12 5322 5491 5504 5335 5323 5492 5505 5336 4541
12 5323 5492 5505 5336 5324 5493 5506 5337 4542
12 5324 5493 5506 5337 5325 5494 5507 5338 4543
12 5325 5494 5507 5338 5326 5495 5508 5339 4544
12 5326 5495 5508 5339 5327 5496 5509 5340 4545
12 5327 5496 5509 5340 5328 5497 5510 5341 4546
12 5328 5497 5510 5341 5329 5498 5511 5342 4547
12 5330 5499 5512 5343 5331 5500 5513 5344 4548
12 5331 5500 5513 5344 5332 5501 5514 5345 4549
12 5332 5501 5514 5345 5333 5502 5515 5346 4550
12 5333 5502 5515 5346 5334 5503 5516 5347 4551
12 5334 5503 5516 5347 5335 5504 5517 5348 4552
12 5335 5504 5517 5348 5336 5505 5518 5349 4553
12 5336 5505 5518 5349 5337 5506 5519 5350 4554
12 5337 5506 5519 5350 5338 5507 5520 5351 4555
12 5338 5507 5520 5351 5339 5508 5521 5352 4556
12 5339 5508 5521 5352 5340 5509 5522 5353 4557
12 5340 5509 5522 5353 5341 5510 5523 5354 4558
12 5341 5510 5523 5354 5342 5511 5524 5355 4559
12 5343 5512 5525 5356 5344 5513 5526 5357 4560
12 5344 5513 5526 5357 5345 5514 5527 5358 4561
12 5345 5514 5527 5358 5346 5515 5528 5359 4562
12 5346 5515 5528 5359 5347 5516 5529 5360 4563
12 5347 5516 5529 5360 5348 5517 5530 5361 4564
12 5348 5517 5530 5361 5349 5518 5531 5362 4565
12 5349 5518 5531 5362 5350 5519 5532 5363 4566
12 5350 5519 5532 5363 5351 5520 5533 5364 4567
12 5351 5520 5533 5364 5352 5521 5534 5365 4568
12 5352 5521 5534 5365 5353 5522 5535 5366 4569
12 5353 5522 5535 5366 5354 5523 5536 5367 4570
12 5354 5523 5536 5367 5355 5524 5537 5368 4571
12 5356 5525 5538 5369 5357 5526 5539 5370 4572
12 5357 5526 5539 5370 5358 5527 5540 5371 4573
12 5358 5527 5540 5371 5359 5528 5541 5372 4574
12 5359 5528 5541 5372 5360 5529 5542 5373 4575
12 5360 5529 5542 5373 5361 5530 5543 5374 4576
12 5361 5530 5543 5374 5362 5531 5544 5375 4577
12 5362 5531 5544 5375 5363 5532 5545 5376 4578
12 5363 5532 5545 5376 5364 5533 5546 5377 4579
12 5364 5533 5546 5377 5365 5534 5547 5378 4580
12 5365 5534 5547 5378 5366 5535 5548 5379 4581
12 5366 5535 5548 5379 5367 5536 5549 5380 4582
12 5367 5536 5549 5380 5368 5537 5550 5381 4583
12 5369 5538 5551 5382 5370 5539 5552 5383 4584
12 5370 5539 5552 5383 5371 5540 5553 5384 4585
12 5371 5540 5553 5384 5372 5541 5554 5385 4586
12 5372 5541 5554 5385 5373 5542 5555 5386 4587
12 5373 5542 5555 5386 5374 5543 5556 5387 4588
12 5374 5543 5556 5387 5375 5544 5557 5388 4589
12 5375 5544 5557 5388 5376 5545 5558 5389 4590
12 5376 5545 5558 5389 5377 5546 5559 5390 4591
12 5377 5546 5559 5390 5378 5547 5560 5391 4592
12 5378 5547 5560 5391 5379 5548 5561 5392 4593
12 5379 5548 5561 5392 5380 5549 5562 5393 4594
12 5380 5549 5562 5393 5381 5550 5563 5394 4595
12 5382 5551 5564 5395 5383 5552 5565 5396 4596
12 5383 5552 5565 5396 5384 5553 5566 5397 4597
12 5384 5553 5566 5397 5385 5554 5567 5398 4598
12 5385 5554 5567 5398 5386 5555 5568 5399 4599
12 5386 5555 5568 5399 5387 5556 5569 5400 4600
12 5387 5556 5569 5400 5388 5557 5570 5401 4601
12 5388 5557 5570 5401 5389 5558 5571 5402 4602
12 5389 5558 5571 5402 5390 5559 5572 5403 4603
12 5390 5559 5572 5403 5391 5560 5573 5404 4604
12 5391 5560 5573 5404 5392 5561 5574 5405 4605
12 5392 5561 5574 5405 5393 5562 5575 5406 4606
12 5393 5562 5575 5406 5394 5563 5576 5407 4607
12 5408 5577 5590 5421 5409 5578 5591 5422 4608
12 5409 5578 5591 5422 5410 5579 5592 5423 4609
12 5410 5579 5592 5423 5411 5580 5593 5424 4610
12 5411 5580 5593 5424 5412 5581 5594 5425 4611
12 5412 5581 5594 5425 5413 5582 5595 5426 4612
12 5413 5582 5595 5426 5414 5583 5596 5427 4613
12 5414 5583 5596 5427 5415 5584 5597 5428 4614
12 5415 5584 5597 5428 5416 5585 5598 5429 4615
12 5416 5585 5598 5429 5417 5586 5599 5430 4616
12 5417 5586 5599 5430 5418 5587 5600 5431 4617
12 5418 5587 5600 5431 5419 5588 5601 5432 4618
12 5419 5588 5601 5432 5420 5589 5602 5433 4619
12 5421 5590 5603 5434 5422 5591 5604 5435 4620
12 5422 5591 5604 5435 5423 5592 5605 5436 4621
12 5423 5592 5605 5436 5424 5593 5606 5437 4622
12 5424 5593 5606 5437 5425 5594 5607 5438 4623
12 5425 5594 5607 5438 5426 5595 5608 5439 4624
12 5426 5595 5608 5439 5427 5596 5609 5440 4625
12 5427 5596 5609 5440 5428 5597 5610 5441 4626
12 5428 5597 5610 5441 5429 5598 5611 5442 4627
12 5429 5598 5611 5442 5430 5599 5612 5443 4628
12 5430 5599 5612 5443 5431 5600 5613 5444 4629
12 5431 5600 5613 5444 5432 5601 5614 5445 4630
12 5432 5601 5614 5445 5433 5602 5615 5446 4631
12 5434 5603 5616 5447 5435 5604 5617 5448 4632
12 5435 5604 5617 5448 5436 5605 5618 5449 4633
12 5436 5605 5618 5449 5437 5606 5619 5450 4634
12 5437 5606 5619 5450 5438 5607 5620 5451 4635
12 5438 5607 5620 5451 5439 5608 5621 5452 4636
12 5439 5608 5621 5452 5440 5609 5622 5453 4637
12 5440 5609 5622 5453 5441 5610 5623 5454 4638
12 5441 5610 5623 5454 5442 5611 5624 5455 4639
12 5442 5611 5624 5455 5443 5612 5625 5456 4640
12 5443 5612 5625 5456 5444 5613 5626 5457 4641
12 5444 5613 5626 5457 5445 5614 5627 5458 4642
12 5445 5614 5627 5458 5446 5615 5628 5459 4643
12 5447 5616 5629 5460 5448 5617 5630 5461 4644
12 5448 5617 5630 5461 5449 5618 5631 5462 4645
12 5449 5618 5631 5462 5450 5619 5632 5463 4646
12 5450 5619 5632 5463 5451 5620 5633 5464 4647
12 5451 5620 5633 5464 5452 5621 5634 5465 4648
12 5452 5621 5634 5465 5453 5622 5635 5466 4649
12 5453 5622 5635 5466 5454 5623 5636 5467 4650
12 5454 5623 5636 5467 5455 5624 5637 5468 4651
12 5455 5624 5637 5468 5456 5625 5638 5469 4652
12 5456 5625 5638 5469 5457 5626 5639 5470 4653
12 5457 5626 5639 5470 5458 5627 5640 5471 4654
12 5458 5627 5640 5471 5459 5628 5641 5472 4655
12 5460 5629 5642 5473 5461 5630 5643 5474 4656
12 5461 5630 5643 5474 5462 5631 5644 5475 4657
12 5462 5631 5644 5475 5463 5632 5645 5476 4658
12 5463 5632 5645 5476 5464 5633 5646 5477 4659
12 5464 5633 5646 5477 5465 5634 5647 5478 4660
12 5465 5634 5647 5478 5466 5635 5648 5479 4661
12 5466 5635 5648 5479 5467 5636 5649 5480 4662
12 5467 5636 5649 5480 5468 5637 5650 5481 4663
12 5468 5637 5650 5481 5469 5638 5651 5482 4664
12 5469 5638 5651 5482 5470 5639 5652 5483 4665
12 5470 5639 5652 5483 5471 5640 5653 5484 4666
12 5471 5640 5653 5484 5472 5641 5654 5485 4667
12 5473 5642 5655 5486 5474 5643 5656 5487 4668
12 5474 5643 5656 5487 5475 5644 5657 5488 4669
12 5475 5644 5657 5488 5476 5645 5658 5489 4670
12 5476 5645 5658 5489 5477 5646 5659 5490 4671
12 5477 5646 5659 5490 5478 5647 5660 5491 4672
12 5478 5647 5660 5491 5479 5648 5661 5492 4673
12 5479 5648 5661 5492 5480 5649 5662 5493 4674
12 5480 5649 5662 5493 5481 5650 5663 5494 4675
12 5481 5650 5663 5494 5482 5651 5664 5495 4676
12 5482 5651 5664 5495 5483 5652 5665 5496 4677
12 5483 5652 5665 5496 5484 5653 5666 5497 4678
12 5484 5653 5666 5497 5485 5654 5667 5498 4679
12 5486 5655 5668 5499 5487 5656 5669 5500 4680
12 5487 5656 5669 5500 5488 5657 5670 5501 4681
12 5488 5657 5670 5501 5489 5658 5671 5502 4682
12 5489 5658 5671 5502 5490 5659 5672 5503 4683
12 5490 5659 5672 5503 5491 5660 5673 5504 4684
12 5491 5660 5673 5504 5492 5661 5674 5505 4685
12 5492 5661 5674 5505 5493 5662 5675 5506 4686
12 5493 5662 5675 5506 5494 5663 5676 5507 4687
12 5494 5663 5676 5507 5495 5664 5677 5508 4688
12 5495 5664 5677 5508 5496 5665 5678 5509 4689
12 5496 5665 5678 5509 5497 5666 5679 5510 4690
12 5497 5666 5679 5510 5498 5667 5680 5511 4691
12 5499 5668 5681 5512 5500 5669 5682 5513 4692
12 5500 5669 5682 5513 5501 5670 5683 5514 4693
12 5501 5670 5683 5514 5502 5671 5684 5515 4694
12 5502 5671 5684 5515 5503 5672 5685 5516 4695
12 5503 5672 5685 5516 5504 5673 5686 5517 4696
12 5504 5673 5686 5517 5505 5674 5687 5518 4697
12 5505 5674 5687 5518 5506 5675 5688 5519 4698
12 5506 5675 5688 5519 5507 5676 5689 5520 4699
12 5507 5676 5689 5520 5508 5677 5690 5521 4700
12 5508 5677 5690 5521 5509 5678 5691 5522 4701
12 5509 5678 5691 5522 5510 5679 5692 5523 4702
12 5510 5679 5692 5523 5511 5680 5693 5524 4703
12 5512 5681 5694 5525 5513 5682 5695 5526 4704
12 5513 5682 5695 5526 5514 5683 5696 5527 4705
12 5514 5683 5696 5527 5515 5684 5697 5528 4706
12 5515 5684 5697 5528 5516 5685 5698 5529 4707
12 5516 5685 5698 5529 5517 5686 5699 5530 4708
12 5517 5686 5699 5530 5518 5687 5700 5531 4709
12 5518 5687 5700 5531 5519 5688 5701 5532 4710
12 5519 5688 5701 5532 5520 5689 5702 5533 4711
12 5520 5689 5702 5533 5521 5690 5703 5534 4712
12 5521 5690 5703 5534 5522 5691 5704 5535 4713
12 5522 5691 5704 5535 5523 5692 5705 5536 4714
12 5523 5692 5705 5536 5524 5693 5706 5537 4715
12 5525 5694 5707 5538 5526 5695 5708 5539 4716
12 5526 5695 5708 5539 5527 5696 5709 5540 4717
12 5527 5696 5709 5540 5528 5697 5710 5541 4718
12 5528 5697 5710 5541 5529 5698 5711 5542 4719
12 5529 5698 5711 5542 5530 5699 5712 5543 4720
12 5530 5699 5712 5543 5531 5700 5713 5544 4721
12 5531 5700 5713 5544 5532 5701 5714 5545 4722
12 5532 5701 5714 5545 5533 5702 5715 5546 4723
12 5533 5702 5715 5546 5534 5703 5716 5547 4724
12 5534 5703 5716 5547 5535 5704 5717 5548 4725
12 5535 5704 5717 5548 5536 5705 5718 5549 4726
12 5536 5705 5718 5549 5537 5706 5719 5550 4727
12 5538 5707 5720 5551 5539 5708 5721 5552 4728
12 5539 5708 5721 5552 5540 5709 5722 5553 4729
12 5540 5709 5722 5553 5541 5710 5723 5554 4730
12 5541 5710 5723 5554 5542 5711 5724 5555 4731
12 5542 5711 5724 5555 5543 5712 5725 5556 4732
12 5543 5712 5725 5556 5544 5713 5726 5557 4733
12 5544 5713 5726 5557 5545 5714 5727 5558 4734
12 5545 5714 5727 5558 5546 5715 5728 5559 4735
12 5546 5715 5728 5559 5547 5716 5729 5560 4736
12 5547 5716 5729 5560 5548 5717 5730 5561 4737
12 5548 5717 5730 5561 5549 5718 5731 5562 4738
12 5549 5718 5731 5562 5550 5719 5732 5563 4739
12 5551 5720 5733 5564 5552 5721 5734 5565 4740
12 5552 5721 5734 5565 5553 5722 5735 5566 4741
12 5553 5722 5735 5566 5554 5723 5736 5567 4742
12 5554 5723 5736 5567 5555 5724 5737 5568 4743
12 5555 5724 5737 5568 5556 5725 5738 5569 4744
12 5556 5725 5738 5569 5557 5726 5739 5570 4745
12 5557 5726 5739 5570 5558 5727 5740 5571 4746
12 5558 5727 5740 5571 5559 5728 5741 5572 4747
12 5559 5728 5741 5572 5560 5729 5742 5573 4748
12 5560 5729 5742 5573 5561 5730 5743 5574 4749
12 5561 5730 5743 5574 5562 5731 5744 5575 4750
12 5562 5731 5744 5575 5563 5732 5745 5576 4751
12 5577 5746 5759 5590 5578 5747 5760 5591 4752
12 5578 5747 5760 5591 5579 5748 5761 5592 4753
12 5579 5748 5761 5592 5580 5749 5762 5593 4754
12 5580 5749 5762 5593 5581 5750 5763 5594 4755
12 5581 5750 5763 5594 5582 5751 5764 5595 4756
12 5582 5751 5764 5595 5583 5752 5765 5596 4757
12 5583 5752 5765 5596 5584 5753 5766 5597 4758
12 5584 5753 5766 5597 5585 5754 5767 5598 4759
12 5585 5754 5767 5598 5586 5755 5768 5599 4760
12 5586 5755 5768 5599 5587 5756 5769 5600 4761
12 5587 5756 5769 5600 5588 5757 5770 5601 4762
12 5588 5757 5770 5601 5589 5758 5771 5602 4763
12 5590 5759 5772 5603 5591 5760 5773 5604 4764
12 5591 5760 5773 5604 5592 5761 5774 5605 4765
12 5592 5761 5774 5605 5593 5762 5775 5606 4766
12 5593 5762 5775 5606 5594 5763 5776 5607 4767
12 5594 5763 5776 5607 5595 5764 5777 5608 4768
12 5595 5764 5777 5608 5596 5765 5778 5609 4769
12 5596 5765 5778 5609 5597 5766 5779 5610 4770
12 5597 5766 5779 5610 5598 5767 5780 5611 4771
12 5598 5767 5780 5611 5599 5768 5781 5612 4772
12 5599 5768 5781 5612 5600 5769 5782 5613 4773
12 5600 5769 5782 5613 5601 5770 5783 5614 4774
12 5601 5770 5783 5614 5602 5771 5784 5615 4775
12 5603 5772 5785 5616 5604 5773 5786 5617 4776
12 5604 5773 5786 5617 5605 5774 5787 5618 4777
12 5605 5774 5787 5618 5606 5775 5788 5619 4778
12 5606 5775 5788 5619 5607 5776 5789 5620 4779
12 5607 5776 5789 5620 5608 5777 5790 5621 4780
12 5608 5777 5790 5621 5609 5778 5791 5622 4781
12 5609 5778 5791 5622 5610 5779 5792 5623 4782
12 5610 5779 5792 5623 5611 5780 5793 5624 4783
12 5611 5780 5793 5624 5612 5781 5794 5625 4784
12 5612 5781 5794 5625 5613 5782 5795 5626 4785
12 5613 5782 5795 5626 5614 5783 5796 5627 4786
12 5614 5783 5796 5627 5615 5784 5797 5628 4787
12 5616 5785 5798 5629 5617 5786 5799 5630 4788
12 5617 5786 5799 5630 5618 5787 5800 5631 4789
12 5618 5787 5800 5631 5619 5788 5801 5632 4790
12 5619 5788 5801 5632 5620 5789 5802 5633 4791
12 5620 5789 5802 5633 5621 5790 5803 5634 4792
12 5621 5790 5803 5634 5622 5791 5804 5635 4793
12 5622 5791 5804 5635 5623 5792 5805 5636 4794
12 5623 5792 5805 5636 5624 5793 5806 5637 4795
12 5624 5793 5806 5637 5625 5794 5807 5638 4796
12 5625 5794 5807 5638 5626 5795 5808 5639 4797
12 5626 5795 5808 5639 5627 5796 5809 5640 4798
12 5627 5796 5809 5640 5628 5797 5810 5641 4799
12 5629 5798 5811 5642 5630 5799 5812 5643 4800
12 5630 5799 5812 5643 5631 5800 5813 5644 4801
12 5631 5800 5813 5644 5632 5801 5814 5645 4802
12 5632 5801 5814 5645 5633 5802 5815 5646 4803
12 5633 5802 5815 5646 5634 5803 5816 5647 4804
12 5634 5803 5816 5647 5635 5804 5817 5648 4805
12 5635 5804 5817 5648 5636 5805 5818 5649 4806
12 5636 5805 5818 5649 5637 5806 5819 5650 4807
12 5637 5806 5819 5650 5638 5807 5820 5651 4808
12 5638 5807 5820 5651 5639 5808 5821 5652 4809
12 5639 5808 5821 5652 5640 5809 5822 5653 4810
12 5640 5809 5822 5653 5641 5810 5823 5654 4811
12 5642 5811 5824 5655 5643 5812 5825 5656 4812
12 5643 5812 5825 5656 5644 5813 5826 5657 4813
12 5644 5813 5826 5657 5645 5814 5827 5658 4814
12 5645 5814 5827 5658 5646 5815 5828 5659 4815
12 5646 5815 5828 5659 5647 5816 5829 5660 4816
12 5647 5816 5829 5660 5648 5817 5830 5661 4817
12 5648 5817 5830 5661 5649 5818 5831 5662 4818
12 5649 5818 5831 5662 5650 5819 5832 5663 4819
12 5650 5819 5832 5663 5651 5820 5833 5664 4820
12 5651 5820 5833 5664 5652 5821 5834 5665 4821
12 5652 5821 5834 5665 5653 5822 5835 5666 4822
12 5653 5822 5835 5666 5654 5823 5836 5667 4823
12 5655 5824 5837 5668 5656 5825 5838 5669 4824
12 5656 5825 5838 5669 5657 5826 5839 5670 4825
12 5657 5826 5839 5670 5658 5827 5840 5671 4826
12 5658 5827 5840 5671 5659 5828 5841 5672 4827
12 5659 5828 5841 5672 5660 5829 5842 5673 4828
12 5660 5829 5842 5673 5661 5830 5843 5674 4829
12 5661 5830 5843 5674 5662 5831 5844 5675 4830
12 5662 5831 5844 5675 5663 5832 5845 5676 4831
12 5663 5832 5845 5676 5664 5833 5846 5677 4832
12 5664 5833 5846 5677 5665 5834 5847 5678 4833
12 5665 5834 5847 5678 5666 5835 5848 5679 4834
12 5666 5835 5848 5679 5667 5836 5849 5680 4835
12 5668 5837 5850 5681 5669 5838 5851 5682 4836
12 5669 5838 5851 5682 5670 5839 5852 5683 4837
12 5670 5839 5852 5683 5671 5840 5853 5684 4838
12 5671 5840 5853 5684 5672 5841 5854 5685 4839
12 5672 5841 5854 5685 5673 5842 5855 5686 4840
12 5673 5842 5855 5686 5674 5843 5856 5687 4841
12 5674 5843 5856 5687 5675 5844 5857 5688 4842
12 5675 5844 5857 5688 5676 5845 5858 5689 4843
12 5676 5845 5858 5689 5677 5846 5859 5690 4844
12 5677 5846 5859 5690 5678 5847 5860 5691 4845
12 5678 5847 5860 5691 5679 5848 5861 5692 4846
12 5679 5848 5861 5692 5680 5849 5862 5693 4847
12 5681 5850 5863 5694 5682 5851 5864 5695 4848
12 5682 5851 5864 5695 5683 5852 5865 5696 4849
12 5683 5852 5865 5696 5684 5853 5866 5697 4850
12 5684 5853 5866 5697 5685 5854 5867 5698 4851
12 5685 5854 5867 5698 5686 5855 5868 5699 4852
12 5686 5855 5868 5699 5687 5856 5869 5700 4853
12 5687 5856 5869 5700 5688 5857 5870 5701 4854
12 5688 5857 5870 5701 5689 5858 5871 5702 4855
12 5689 5858 5871 5702 5690 5859 5872 5703 4856
12 5690 5859 5872 5703 5691 5860 5873 5704 4857
12 5691 5860 5873 5704 5692 5861 5874 5705 4858
12 5692 5861 5874 5705 5693 5862 5875 5706 4859
12 5694 5863 5876 5707 5695 5864 5877 5708 4860
12 5695 5864 5877 5708 5696 5865 5878 5709 4861
12 5696 5865 5878 5709 5697 5866 5879 5710 4862
12 5697 5866 5879 5710 5698 5867 5880 5711 4863
12 5698 5867 5880 5711 5699 5868 5881 5712 4864
12 5699 5868 5881 5712 5700 5869 5882 5713 4865
12 5700 5869 5882 5713 5701 5870 5883 5714 4866
12 5701 5870 5883 5714 5702 5871 5884 5715 4867
12 5702 5871 5884 5715 5703 5872 5885 5716 4868
12 5703 5872 5885 5716 5704 5873 5886 5717 4869
12 5704 5873 5886 5717 5705 5874 5887 5718 4870
12 5705 5874 5887 5718 5706 5875 5888 5719 4871
12 5707 5876 5889 5720 5708 5877 5890 5721 4872
12 5708 5877 5890 5721 5709 5878 5891 5722 4873
12 5709 5878 5891 5722 5710 5879 5892 5723 4874
12 5710 5879 5892 5723 5711 5880 5893 5724 4875
12 5711 5880 5893 5724 5712 5881 5894 5725 4876
12 5712 5881 5894 5725 5713 5882 5895 5726 4877
12 5713 5882 5895 5726 5714 5883 5896 5727 4878
12 5714 5883 5896 5727 5715 5884 5897 5728 4879
12 5715 5884 5897 5728 5716 5885 5898 5729 4880
12 5716 5885 5898 5729 5717 5886 5899 5730 4881
12 5717 5886 5899 5730 5718 5887 5900 5731 4882
12 5718 5887 5900 5731 5719 5888 5901 5732 4883
12 5720 5889 5902 5733 5721 5890 5903 5734 4884
12 5721 5890 5903 5734 5722 5891 5904 5735 4885
12 5722 5891 5904 5735 5723 5892 5905 5736 4886
12 5723 5892 5905 5736 5724 5893 5906 5737 4887
12 5724 5893 5906 5737 5725 5894 5907 5738 4888
12 5725 5894 5907 5738 5726 5895 5908 5739 4889
12 5726 5895 5908 5739 5727 5896 5909 5740 4890
12 5727 5896 5909 5740 5728 5897 5910 5741 4891
12 5728 5897 5910 5741 5729 5898 5911 5742 4892
12 5729 5898 5911 5742 5730 5899 5912 5743 4893
12 5730 5899 5912 5743 5731 5900 5913 5744 4894
12 5731 5900 5913 5744 5732 5901 5914 5745 4895
12 5746 5915 5928 5759 5747 5916 5929 5760 4896
12 5747 5916 5929 5760 5748 5917 5930 5761 4897
12 5748 5917 5930 5761 5749 5918 5931 5762 4898
12 5749 5918 5931 5762 5750 5919 5932 5763 4899
12 5750 5919 5932 5763 5751 5920 5933 5764 4900
12 5751 5920 5933 5764 5752 5921 5934 5765 4901
12 5752 5921 5934 5765 5753 5922 5935 5766 4902
12 5753 5922 5935 5766 5754 5923 5936 5767 4903
12 5754 5923 5936 5767 5755 5924 5937 5768 4904
12 5755 5924 5937 5768 5756 5925 5938 5769 4905
12 5756 5925 5938 5769 5757 5926 5939 5770 4906
12 5757 5926 5939 5770 5758 5927 5940 5771 4907
12 5759 5928 5941 5772 5760 5929 5942 5773 4908
12 5760 5929 5942 5773 5761 5930 5943 5774 4909
12 5761 5930 5943 5774 5762 5931 5944 5775 4910
12 5762 5931 5944 5775 5763 5932 5945 5776 4911
12 5763 5932 5945 5776 5764 5933 5946 5777 4912
12 5764 5933 5946 5777 5765 5934 5947 5778 4913
12 5765 5934 5947 5778 5766 5935 5948 5779 4914
12 5766 5935 5948 5779 5767 5936 5949 5780 4915
12 5767 5936 5949 5780 5768 5937 5950 5781 4916
12 5768 5937 5950 5781 5769 5938 5951 5782 4917
12 5769 5938 5951 5782 5770 5939 5952 5783 4918
12 5770 5939 5952 5783 5771 5940 5953 5784 4919
12 5772 5941 5954 5785 5773 5942 5955 5786 4920
12 5773 5942 5955 5786 5774 5943 5956 5787 4921
12 5774 5943 5956 5787 5775 5944 5957 5788 4922
12 5775 5944 5957 5788 5776 5945 5958 5789 4923
12 5776 5945 5958 5789 5777 5946 5959 5790 4924
12 5777 5946 5959 5790 5778 5947 5960 5791 4925
12 5778 5947 5960 5791 5779 5948 5961 5792 4926
12 5779 5948 5961 5792 5780 5949 5962 5793 4927
12 5780 5949 5962 5793 5781 5950 5963 5794 4928
12 5781 5950 5963 5794 5782 5951 5964 5795 4929
12 5782 5951 5964 5795 5783 5952 5965 5796 4930
12 5783 5952 5965 5796 5784 5953 5966 5797 4931
12 5785 5954 5967 5798 5786 5955 5968 5799 4932
12 5786 5955 5968 5799 5787 5956 5969 5800 4933
12 5787 5956 5969 5800 5788 5957 5970 5801 4934
12 5788 5957 5970 5801 5789 5958 5971 5802 4935
12 5789 5958 5971 5802 5790 5959 5972 5803 4936
12 5790 5959 5972 5803 5791 5960 5973 5804 4937
12 5791 5960 5973 5804 5792 5961 5974 5805 4938
12 5792 5961 5974 5805 5793 5962 5975 5806 4939
12 5793 5962 5975 5806 5794 5963 5976 5807 4940
12 5794 5963 5976 5807 5795 5964 5977 5808 4941
12 5795 5964 5977 5808 5796 5965 5978 5809 4942
12 5796 5965 5978 5809 5797 5966 5979 5810 4943
12 5798 5967 5980 5811 5799 5968 5981 5812 4944
12 5799 5968 5981 5812 5800 5969 5982 5813 4945
12 5800 5969 5982 5813 5801 5970 5983 5814 4946
12 5801 5970 5983 5814 5802 5971 5984 5815 4947
12 5802 5971 5984 5815 5803 5972 5985 5816 4948
12 5803 5972 5985 5816 5804 5973 5986 5817 4949
12 5804 5973 5986 5817 5805 5974 5987 5818 4950
12 5805 5974 5987 5818 5806 5975 5988 5819 4951
12 5806 5975 5988 5819 5807 5976 5989 5820 4952
12 5807 5976 5989 5820 5808 5977 5990 5821 4953
12 5808 5977 5990 5821 5809 5978 5991 5822 4954
12 5809 5978 5991 5822 5810 5979 5992 5823 4955
12 5811 5980 5993 5824 5812 5981 5994 5825 4956
12 5812 5981 5994 5825 5813 5982 5995 5826 4957
12 5813 5982 5995 5826 5814 5983 5996 5827 4958
12 5814 5983 5996 5827 5815 5984 5997 5828 4959
12 5815 5984 5997 5828 5816 5985 5998 5829 4960
12 5816 5985 5998 5829 5817 5986 5999 5830 4961
12 5817 5986 5999 5830 5818 5987 6000 5831 4962
12 5818 5987 6000 5831 5819 5988 6001 5832 4963
12 5819 5988 6001 5832 5820 5989 6002 5833 4964
12 5820 5989 6002 5833 5821 5990 6003 5834 4965
12 5821 5990 6003 5834 5822 5991 6004 5835 4966
12 5822 5991 6004 5835 5823 5992 6005 5836 4967
12 5824 5993 6006 5837 5825 5994 6007 5838 4968
12 5825 5994 6007 5838 5826 5995 6008 5839 4969
12 5826 5995 6008 5839 5827 5996 6009 5840 4970
12 5827 5996 6009 5840 5828 5997 6010 5841 4971
12 5828 5997 6010 5841 5829 5998 6011 5842 4972
12 5829 5998 6011 5842 5830 5999 6012 5843 4973
12 5830 5999 6012 5843 5831 6000 6013 5844 4974
12 5831 6000 6013 5844 5832 6001 6014 5845 4975
12 5832 6001 6014 5845 5833 6002 6015 5846 4976
12 5833 6002 6015 5846 5834 6003 6016 5847 4977
12 5834 6003 6016 5847 5835 6004 6017 5848 4978
12 5835 6004 6017 5848 5836 6005 6018 5849 4979
12 5837 6006 6019 5850 5838 6007 6020 5851 4980
12 5838 6007 6020 5851 5839 6008 6021 5852 4981
12 5839 6008 6021 5852 5840 6009 6022 5853 4982
12 5840 6009 6022 5853 5841 6010 6023 5854 4983
12 5841 6010 6023 5854 5842 6011 6024 5855 4984
12 5842 6011 6024 5855 5843 6012 6025 5856 4985
12 5843 6012 6025 5856 5844 6013 6026 5857 4986
12 5844 6013 6026 5857 5845 6014 6027 5858 4987
12 5845 6014 6027 5858 5846 6015 6028 5859 4988
12 5846 6015 6028 5859 5847 6016 6029 5860 4989
12 5847 6016 6029 5860 5848 6017 6030 5861 4990
12 5848 6017 6030 5861 5849 6018 6031 5862 4991
12 5850 6019 6032 5863 5851 6020 6033 5864 4992
12 5851 6020 6033 5864 5852 6021 6034 5865 4993
12 5852 6021 6034 5865 5853 6022 6035 5866 4994
12 5853 6022 6035 5866 5854 6023 6036 5867 4995
12 5854 6023 6036 5867 5855 6024 6037 5868 4996
12 5855 6024 6037 5868 5856 6025 6038 5869 4997
12 5856 6025 6038 5869 5857 6026 6039 5870 4998
12 5857 6026 6039 5870 5858 6027 6040 5871 4999
12 5858 6027 6040 5871 5859 6028 6041 5872 5000
12 5859 6028 6041 5872 5860 6029 6042 5873 5001
12 5860 6029 6042 5873 5861 6030 6043 5874 5002
12 5861 6030 6043 5874 5862 6031 6044 5875 5003
12 5863 6032 6045 5876 5864 6033 6046 5877 5004
12 5864 6033 6046 5877 5865 6034 6047 5878 5005
12 5865 6034 6047 5878 5866 6035 6048 5879 5006
12 5866 6035 6048 5879 5867 6036 6049 5880 5007
12 5867 6036 6049 5880 5868 6037 6050 5881 5008
12 5868 6037 6050 5881 5869 6038 6051 5882 5009
12 5869 6038 6051 5882 5870 6039 6052 5883 5010
12 5870 6039 6052 5883 5871 6040 6053 5884 5011
12 5871 6040 6053 5884 5872 6041 6054 5885 5012
12 5872 6041 6054 5885 5873 6042 6055 5886 5013
12 5873 6042 6055 5886 5874 6043 6056 5887 5014
12 5874 6043 6056 5887 5875 6044 6057 5888 5015
12 5876 6045 6058 5889 5877 6046 6059 5890 5016
12 5877 6046 6059 5890 5878 6047 6060 5891 5017
12 5878 6047 6060 5891 5879 6048 6061 5892 5018
12 5879 6048 6061 5892 5880 6049 6062 5893 5019
12 5880 6049 6062 5893 5881 6050 6063 5894 5020
12 5881 6050 6063 5894 5882 6051 6064 5895 5021
12 5882 6051 6064 5895 5883 6052 6065 5896 5022
12 5883 6052 6065 5896 5884 6053 6066 5897 5023
12 5884 6053 6066 5897 5885 6054 6067 5898 5024
12 5885 6054 6067 5898 5886 6055 6068 5899 5025
12 5886 6055 6068 5899 5887 6056 6069 5900 5026
12 5887 6056 6069 5900 5888 6057 6070 5901 5027
12 5889 6058 6071 5902 5890 6059 6072 5903 5028
12 5890 6059 6072 5903 5891 6060 6073 5904 5029
12 5891 6060 6073 5904 5892 6061 6074 5905 5030
12 5892 6061 6074 5905 5893 6062 6075 5906 5031
12 5893 6062 6075 5906 5894 6063 6076 5907 5032
12 5894 6063 6076 5907 5895 6064 6077 5908 5033
12 5895 6064 6077 5908 5896 6065 6078 5909 5034
12 5896 6065 6078 5909 5897 6066 6079 5910 5035
12 5897 6066 6079 5910 5898 6067 6080 5911 5036
12 5898 6067 6080 5911 5899 6068 6081 5912 5037
12 5899 6068 6081 5912 5900 6069 6082 5913 5038
12 5900 6069 6082 5913 5901 6070 6083 5914 5039
12 5915 6084 6097 5928 5916 6085 6098 5929 5040
12 5916 6085 6098 5929 5917 6086 6099 5930 5041
12 5917 6086 6099 5930 5918 6087 6100 5931 5042
12 5918 6087 6100 5931 5919 6088 6101 5932 5043
12 5919 6088 6101 5932 5920 6089 6102 5933 5044
12 5920 6089 6102 5933 5921 6090 6103 5934 5045
12 5921 6090 6103 5934 5922 6091 6104 5935 5046
12 5922 6091 6104 5935 5923 6092 6105 5936 5047
12 5923 6092 6105 5936 5924 6093 6106 5937 5048
12 5924 6093 6106 5937 5925 6094 6107 5938 5049
12 5925 6094 6107 5938 5926 6095 6108 5939 5050
12 5926 6095 6108 5939 5927 6096 6109 5940 5051
12 5928 6097 6110 5941 5929 6098 6111 5942 5052
12 5929 6098 6111 5942 5930 6099 6112 5943 5053
12 5930 6099 6112 5943 5931 6100 6113 5944 5054
12 5931 6100 6113 5944 5932 6101 6114 5945 5055
12 5932 6101 6114 5945 5933 6102 6115 5946 5056
12 5933 6102 6115 5946 5934 6103 6116 5947 5057
12 5934 6103 6116 5947 5935 6104 6117 5948 5058
12 5935 6104 6117 5948 5936 6105 6118 5949 5059
12 5936 6105 6118 5949 5937 6106 6119 5950 5060
12 5937 6106 6119 5950 5938 6107 6120 5951 5061
12 5938 6107 6120 5951 5939 6108 6121 5952 5062
12 5939 6108 6121 5952 5940 6109 6122 5953 5063
12 5941 6110 6123 5954 5942 6111 6124 5955 5064
12 5942 6111 6124 5955 5943 6112 6125 5956 5065
12 5943 6112 6125 5956 5944 6113 6126 5957 5066
12 5944 6113 6126 5957 5945 6114 6127 5958 5067
12 5945 6114 6127 5958 5946 6115 6128 5959 5068
12 5946 6115 6128 5959 5947 6116 6129 5960 5069
12 5947 6116 6129 5960 5948 6117 6130 5961 5070
12 5948 6117 6130 5961 5949 6118 6131 5962 5071
12 5949 6118 6131 5962 5950 6119 6132 5963 5072
12 5950 6119 6132 5963 5951 6120 6133 5964 5073
12 5951 6120 6133 5964 5952 6121 6134 5965 5074
12 5952 6121 6134 5965 5953 6122 6135 5966 5075
12 5954 6123 6136 5967 5955 6124 6137 5968 5076
12 5955 6124 6137 5968 5956 6125 6138 5969 5077
12 5956 6125 6138 5969 5957 6126 6139 5970 5078
12 5957 6126 6139 5970 5958 6127 6140 5971 5079
12 5958 6127 6140 5971 5959 6128 6141 5972 5080
12 5959 6128 6141 5972 5960 6129 6142 5973 5081
12 5960 6129 6142 5973 5961 6130 6143 5974 5082
12 5961 6130 6143 5974 5962 6131 6144 5975 5083
12 5962 6131 6144 5975 5963 6132 6145 5976 5084
12 5963 6132 6145 5976 5964 6133 6146 5977 5085
12 5964 6133 6146 5977 5965 6134 6147 5978 5086
12 5965 6134 6147 5978 5966 6135 6148 5979 5087
12 5967 6136 6149 5980 5968 6137 6150 5981 5088
12 5968 6137 6150 5981 5969 6138 6151 5982 5089
12 5969 6138 6151 5982 5970 6139 6152 5983 5090
12 5970 6139 6152 5983 5971 6140 6153 5984 5091
12 5971 6140 6153 5984 5972 6141 6154 5985 5092
12 5972 6141 6154 5985 5973 6142 6155 5986 5093
12 5973 6142 6155 5986 5974 6143 6156 5987 5094
12 5974 6143 6156 5987 5975 6144 6157 5988 5095
12 5975 6144 6157 5988 5976 6145 6158 5989 5096
12 5976 6145 6158 5989 5977 6146 6159 5990 5097
12 5977 6146 6159 5990 5978 6147 6160 5991 5098
12 5978 6147 6160 5991 5979 6148 6161 5992 5099
12 5980 6149 6162 5993 5981 6150 6163 5994 5100
12 5981 6150 6163 5994 5982 6151 6164 5995 5101
12 5982 6151 6164 5995 5983 6152 6165 5996 5102
12 5983 6152 6165 5996 5984 6153 6166 5997 5103
12 5984 6153 6166 5997 5985 6154 6167 5998 5104
12 5985 6154 6167 5998 5986 6155 6168 5999 5105
12 5986 6155 6168 5999 5987 6156 6169 6000 5106
12 5987 6156 6169 6000 5988 6157 6170 6001 5107
12 5988 6157 6170 6001 5989 6158 6171 6002 5108
12 5989 6158 6171 6002 5990 6159 6172 6003 5109
12 5990 6159 6172 6003 5991 6160 6173 6004 5110
12 5991 6160 6173 6004 5992 6161 6174 6005 5111
12 5993 6162 6175 6006 5994 6163 6176 6007 5112
12 5994 6163 6176 6007 5995 6164 6177 6008 5113
12 5995 6164 6177 6008 5996 6165 6178 6009 5114
12 5996 6165 6178 6009 5997 6166 6179 6010 5115
12 5997 6166 6179 6010 5998 6167 6180 6011 5116
12 5998 6167 6180 6011 5999 6168 6181 6012 5117
12 5999 6168 6181 6012 6000 6169 6182 6013 5118
12 6000 6169 6182 6013 6001 6170 6183 6014 5119
12 6001 6170 6183 6014 6002 6171 6184 6015 5120
12 6002 6171 6184 6015 6003 6172 6185 6016 5121
12 6003 6172 6185 6016 6004 6173 6186 6017 5122
12 6004 6173 6186 6017 6005 6174 6187 6018 5123
12 6006 6175 6188 6019 6007 6176 6189 6020 5124
12 6007 6176 6189 6020 6008 6177 6190 6021 5125
12 6008 6177 6190 6021 6009 6178 6191 6022 5126
12 6009 6178 6191 6022 6010 6179 6192 6023 5127
12 6010 6179 6192 6023 6011 6180 6193 6024 5128
12 6011 6180 6193 6024 6012 6181 6194 6025 5129
12 6012 6181 6194 6025 6013 6182 6195 6026 5130
12 6013 6182 6195 6026 6014 6183 6196 6027 5131
12 6014 6183 6196 6027 6015 6184 6197 6028 5132
12 6015 6184 6197 6028 6016 6185 6198 6029 5133
12 6016 6185 6198 6029 6017 6186 6199 6030 5134
12 6017 6186 6199 6030 6018 6187 6200 6031 5135
12 6019 6188 6201 6032 6020 6189 6202 6033 5136
12 6020 6189 6202 6033 6021 6190 6203 6034 5137
12 6021 6190 6203 6034 6022 6191 6204 6035 5138
12 6022 6191 6204 6035 6023 6192 6205 6036 5139
12 6023 6192 6205 6036 6024 6193 6206 6037 5140
12 6024 6193 6206 6037 6025 6194 6207 6038 5141
12 6025 6194 6207 6038 6026 6195 6208 6039 5142
12 6026 6195 6208 6039 6027 6196 6209 6040 5143
12 6027 6196 6209 6040 6028 6197 6210 6041 5144
12 6028 6197 6210 6041 6029 6198 6211 6042 5145
12 6029 6198 6211 6042 6030 6199 6212 6043 5146
12 6030 6199 6212 6043 6031 6200 6213 6044 5147
12 6032 6201 6214 6045 6033 6202 6215 6046 5148
12 6033 6202 6215 6046 6034 6203 6216 6047 5149
12 6034 6203 6216 6047 6035 6204 6217 6048 5150
12 6035 6204 6217 6048 6036 6205 6218 6049 5151
12 6036 6205 6218 6049 6037 6206 6219 6050 5152
12 6037 6206 6219 6050 6038 6207 6220 6051 5153
12 6038 6207 6220 6051 6039 6208 6221 6052 5154
12 6039 6208 6221 6052 6040 6209 6222 6053 5155
12 6040 6209 6222 6053 6041 6210 6223 6054 5156
12 6041 6210 6223 6054 6042 6211 6224 6055 5157
12 6042 6211 6224 6055 6043 6212 6225 6056 5158
12 6043 6212 6225 6056 6044 6213 6226 6057 5159
12 6045 6214 6227 6058 6046 6215 6228 6059 5160
12 6046 6215 6228 6059 6047 6216 6229 6060 5161
12 6047 6216 6229 6060 6048 6217 6230 6061 5162
12 6048 6217 6230 6061 6049 6218 6231 6062 5163
12 6049 6218 6231 6062 6050 6219 6232 6063 5164
12 6050 6219 6232 6063 6051 6220 6233 6064 5165
12 6051 6220 6233 6064 6052 6221 6234 6065 5166
12 6052 6221 6234 6065 6053 6222 6235 6066 5167
12 6053 6222 6235 6066 6054 6223 6236 6067 5168
12 6054 6223 6236 6067 6055 6224 6237 6068 5169
12 6055 6224 6237 6068 6056 6225 6238 6069 5170
12 6056 6225 6238 6069 6057 6226 6239 6070 5171
12 6058 6227 6240 6071 6059 6228 6241 6072 5172
12 6059 6228 6241 6072 6060 6229 6242 6073 5173
12 6060 6229 6242 6073 6061 6230 6243 6074 5174
12 6061 6230 6243 6074 6062 6231 6244 6075 5175
12 6062 6231 6244 6075 6063 6232 6245 6076 5176
12 6063 6232 6245 6076 6064 6233 6246 6077 5177
12 6064 6233 6246 6077 6065 6234 6247 6078 5178
12 6065 6234 6247 6078 6066 6235 6248 6079 5179
12 6066 6235 6248 6079 6067 6236 6249 6080 5180
12 6067 6236 6249 6080 6068 6237 6250 6081 5181
12 6068 6237 6250 6081 6069 6238 6251 6082 5182
12 6069 6238 6251 6082 6070 6239 6252 6083 5183
12 6084 6253 6266 6097 6085 6254 6267 6098 5184
12 6085 6254 6267 6098 6086 6255 6268 6099 5185
12 6086 6255 6268 6099 6087 6256 6269 6100 5186
12 6087 6256 6269 6100 6088 6257 6270 6101 5187
12 6088 6257 6270 6101 6089 6258 6271 6102 5188
12 6089 6258 6271 6102 6090 6259 6272 6103 5189
12 6090 6259 6272 6103 6091 6260 6273 6104 5190
12 6091 6260 6273 6104 6092 6261 6274 6105 5191
12 6092 6261 6274 6105 6093 6262 6275 6106 5192
12 6093 6262 6275 6106 6094 6263 6276 6107 5193
12 6094 6263 6276 6107 6095 6264 6277 6108 5194
12 6095 6264 6277 6108 6096 6265 6278 6109 5195
12 6097 6266 6279 6110 6098 6267 6280 6111 5196
12 6098 6267 6280 6111 6099 6268 6281 6112 5197
12 6099 6268 6281 6112 6100 6269 6282 6113 5198
12 6100 6269 6282 6113 6101 6270 6283 6114 5199
12 6101 6270 6283 6114 6102 6271 6284 6115 5200
12 6102 6271 6284 6115 6103 6272 6285 6116 5201
12 6103 6272 6285 6116 6104 6273 6286 6117 5202
12 6104 6273 6286 6117 6105 6274 6287 6118 5203
12 6105 6274 6287 6118 6106 6275 6288 6119 5204
12 6106 6275 6288 6119 6107 6276 6289 6120 5205
12 6107 6276 6289 6120 6108 6277 6290 6121 5206
12 6108 6277 6290 6121 6109 6278 6291 6122 5207
12 6110 6279 6292 6123 6111 6280 6293 6124 5208
12 6111 6280 6293 6124 6112 6281 6294 6125 5209
12 6112 6281 6294 6125 6113 6282 6295 6126 5210
12 6113 6282 6295 6126 6114 6283 6296 6127 5211
12 6114 6283 6296 6127 6115 6284 6297 6128 5212
12 6115 6284 6297 6128 6116 6285 6298 6129 5213
12 6116 6285 6298 6129 6117 6286 6299 6130 5214
12 6117 6286 6299 6130 6118 6287 6300 6131 5215
12 6118 6287 6300 6131 6119 6288 6301 6132 5216
12 6119 6288 6301 6132 6120 6289 6302 6133 5217
12 6120 6289 6302 6133 6121 6290 6303 6134 5218
12 6121 6290 6303 6134 6122 6291 6304 6135 5219
12 6123 6292 6305 6136 6124 6293 6306 6137 5220
12 6124 6293 6306 6137 6125 6294 6307 6138 5221
12 6125 6294 6307 6138 6126 6295 6308 6139 5222
12 6126 6295 6308 6139 6127 6296 6309 6140 5223
12 6127 6296 6309 6140 6128 6297 6310 6141 5224
12 6128 6297 6310 6141 6129 6298 6311 6142 5225
12 6129 6298 6311 6142 6130 6299 6312 6143 5226
12 6130 6299 6312 6143 6131 6300 6313 6144 5227
12 6131 6300 6313 6144 6132 6301 6314 6145 5228
12 6132 6301 6314 6145 6133 6302 6315 6146 5229
12 6133 6302 6315 6146 6134 6303 6316 6147 5230
12 6134 6303 6316 6147 6135 6304 6317 6148 5231
12 6136 6305 6318 6149 6137 6306 6319 6150 5232
12 6137 6306 6319 6150 6138 6307 6320 6151 5233
12 6138 6307 6320 6151 6139 6308 6321 6152 5234
12 6139 6308 6321 6152 6140 6309 6322 6153 5235
12 6140 6309 6322 6153 6141 6310 6323 6154 5236
12 6141 6310 6323 6154 6142 6311 6324 6155 5237
12 6142 6311 6324 6155 6143 6312 6325 6156 5238
12 6143 6312 6325 6156 6144 6313 6326 6157 5239
12 6144 6313 6326 6157 6145 6314 6327 6158 5240
12 6145 6314 6327 6158 6146 6315 6328 6159 5241
12 6146 6315 6328 6159 6147 6316 6329 6160 5242
12 6147 6316 6329 6160 6148 6317 6330 6161 5243
12 6149 6318 6331 6162 6150 6319 6332 6163 5244
12 6150 6319 6332 6163 6151 6320 6333 6164 5245
12 6151 6320 6333 6164 6152 6321 6334 6165 5246
12 6152 6321 6334 6165 6153 6322 6335 6166 5247
12 6153 6322 6335 6166 6154 6323 6336 6167 5248
12 6154 6323 6336 6167 6155 6324 6337 6168 5249
12 6155 6324 6337 6168 6156 6325 6338 6169 5250
12 6156 6325 6338 6169 6157 6326 6339 6170 5251
12 6157 6326 6339 6170 6158 6327 6340 6171 5252
12 6158 6327 6340 6171 6159 6328 6341 6172 5253
12 6159 6328 6341 6172 6160 6329 6342 6173 5254
12 6160 6329 6342 6173 6161 6330 6343 6174 5255
12 6162 6331 6344 6175 6163 6332 6345 6176 5256
12 6163 6332 6345 6176 6164 6333 6346 6177 5257
12 6164 6333 6346 6177 6165 6334 6347 6178 5258
12 6165 6334 6347 6178 6166 6335 6348 6179 5259
12 6166 6335 6348 6179 6167 6336 6349 6180 5260
12 6167 6336 6349 6180 6168 6337 6350 6181 5261
12 6168 6337 6350 6181 6169 6338 6351 6182 5262
12 6169 6338 6351 6182 6170 6339 6352 6183 5263
12 6170 6339 6352 6183 6171 6340 6353 6184 5264
12 6171 6340 6353 6184 6172 6341 6354 6185 5265
12 6172 6341 6354 6185 6173 6342 6355 6186 5266
12 6173 6342 6355 6186 6174 6343 6356 6187 5267
12 6175 6344 6357 6188 6176 6345 6358 6189 5268
12 6176 6345 6358 6189 6177 6346 6359 6190 5269
12 6177 6346 6359 6190 6178 6347 6360 6191 5270
12 6178 6347 6360 6191 6179 6348 6361 6192 5271
12 6179 6348 6361 6192 6180 6349 6362 6193 5272
12 6180 6349 6362 6193 6181 6350 6363 6194 5273
12 6181 6350 6363 6194 6182 6351 6364 6195 5274
12 6182 6351 6364 6195 6183 6352 6365 6196 5275
12 6183 6352 6365 6196 6184 6353 6366 6197 5276
12 6184 6353 6366 6197 6185 6354 6367 6198 5277
12 6185 6354 6367 6198 6186 6355 6368 6199 5278
12 6186 6355 6368 6199 6187 6356 6369 6200 5279
12 6188 6357 6370 6201 6189 6358 6371 6202 5280
12 6189 6358 6371 6202 6190 6359 6372 6203 5281
12 6190 6359 6372 6203 6191 6360 6373 6204 5282
12 6191 6360 6373 6204 6192 6361 6374 6205 5283
12 6192 6361 6374 6205 6193 6362 6375 6206 5284
12 6193 6362 6375 6206 6194 6363 6376 6207 5285
12 6194 6363 6376 6207 6195 6364 6377 6208 5286
12 6195 6364 6377 6208 6196 6365 6378 6209 5287
12 6196 6365 6378 6209 6197 6366 6379 6210 5288
12 6197 6366 6379 6210 6198 6367 6380 6211 5289
12 6198 6367 6380 6211 6199 6368 6381 6212 5290
12 6199 6368 6381 6212 6200 6369 6382 6213 5291
12 6201 6370 6383 6214 6202 6371 6384 6215 5292
12 6202 6371 6384 6215 6203 6372 6385 6216 5293
12 6203 6372 6385 6216 6204 6373 6386 6217 5294
12 6204 6373 6386 6217 6205 6374 6387 6218 5295
12 6205 6374 6387 6218 6206 6375 6388 6219 5296
12 6206 6375 6388 6219 6207 6376 6389 6220 5297
12 6207 6376 6389 6220 6208 6377 6390 6221 5298
12 6208 6377 6390 6221 6209 6378 6391 6222 5299
12 6209 6378 6391 6222 6210 6379 6392 6223 5300
12 6210 6379 6392 6223 6211 6380 6393 6224 5301
12 6211 6380 6393 6224 6212 6381 6394 6225 5302
12 6212 6381 6394 6225 6213 6382 6395 6226 5303
12 6214 6383 6396 6227 6215 6384 6397 6228 5304
12 6215 6384 6397 6228 6216 6385 6398 6229 5305
12 6216 6385 6398 6229 6217 6386 6399 6230 5306
12 6217 6386 6399 6230 6218 6387 6400 6231 5307
12 6218 6387 6400 6231 6219 6388 6401 6232 5308
12 6219 6388 6401 6232 6220 6389 6402 6233 5309
12 6220 6389 6402 6233 6221 6390 6403 6234 5310
12 6221 6390 6403 6234 6222 6391 6404 6235 5311
12 6222 6391 6404 6235 6223 6392 6405 6236 5312
12 6223 6392 6405 6236 6224 6393 6406 6237 5313
12 6224 6393 6406 6237 6225 6394 6407 6238 5314
12 6225 6394 6407 6238 6226 6395 6408 6239 5315
12 6227 6396 6409 6240 6228 6397 6410 6241 5316
12 6228 6397 6410 6241 6229 6398 6411 6242 5317
12 6229 6398 6411 6242 6230 6399 6412 6243 5318
12 6230 6399 6412 6243 6231 6400 6413 6244 5319
12 6231 6400 6413 6244 6232 6401 6414 6245 5320
12 6232 6401 6414 6245 6233 6402 6415 6246 5321
12 6233 6402 6415 6246 6234 6403 6416 6247 5322
12 6234 6403 6416 6247 6235 6404 6417 6248 5323
12 6235 6404 6417 6248 6236 6405 6418 6249 5324
12 6236 6405 6418 6249 6237 6406 6419 6250 5325
12 6237 6406 6419 6250 6238 6407 6420 6251 5326
12 6238 6407 6420 6251 6239 6408 6421 6252 5327
12 6253 6422 6435 6266 6254 6423 6436 6267 5328
12 6254 6423 6436 6267 6255 6424 6437 6268 5329
12 6255 6424 6437 6268 6256 6425 6438 6269 5330
12 6256 6425 6438 6269 6257 6426 6439 6270 5331
12 6257 6426 6439 6270 6258 6427 6440 6271 5332
12 6258 6427 6440 6271 6259 6428 6441 6272 5333
12 6259 6428 6441 6272 6260 6429 6442 6273 5334
12 6260 6429 6442 6273 6261 6430 6443 6274 5335
12 6261 6430 6443 6274 6262 6431 6444 6275 5336
12 6262 6431 6444 6275 6263 6432 6445 6276 5337
12 6263 6432 6445 6276 6264 6433 6446 6277 5338
12 6264 6433 6446 6277 6265 6434 6447 6278 5339
12 6266 6435 6448 6279 6267 6436 6449 6280 5340
12 6267 6436 6449 6280 6268 6437 6450 6281 5341
12 6268 6437 6450 6281 6269 6438 6451 6282 5342
12 6269 6438 6451 6282 6270 6439 6452 6283 5343
12 6270 6439 6452 6283 6271 6440 6453 6284 5344
12 6271 6440 6453 6284 6272 6441 6454 6285 5345
12 6272 6441 6454 6285 6273 6442 6455 6286 5346
12 6273 6442 6455 6286 6274 6443 6456 6287 5347
12 6274 6443 6456 6287 6275 6444 6457 6288 5348
12 6275 6444 6457 6288 6276 6445 6458 6289 5349
12 6276 6445 6458 6289 6277 6446 6459 6290 5350
12 6277 6446 6459 6290 6278 6447 6460 6291 5351
12 6279 6448 6461 6292 6280 6449 6462 6293 5352
12 6280 6449 6462 6293 6281 6450 6463 6294 5353
12 6281 6450 6463 6294 6282 6451 6464 6295 5354
12 6282 6451 6464 6295 6283 6452 6465 6296 5355
12 6283 6452 6465 6296 6284 6453 6466 6297 5356
12 6284 6453 6466 6297 6285 6454 6467 6298 5357
12 6285 6454 6467 6298 6286 6455 6468 6299 5358
12 6286 6455 6468 6299 6287 6456 6469 6300 5359
12 6287 6456 6469 6300 6288 6457 6470 6301 5360
12 6288 6457 6470 6301 6289 6458 6471 6302 5361
12 6289 6458 6471 6302 6290 6459 6472 6303 5362
12 6290 6459 6472 6303 6291 6460 6473 6304 5363
12 6292 6461 6474 6305 6293 6462 6475 6306 5364
12 6293 6462 6475 6306 6294 6463 6476 6307 5365
12 6294 6463 6476 6307 6295 6464 6477 6308 5366
12 6295 6464 6477 6308 6296 6465 6478 6309 5367
12 6296 6465 6478 6309 6297 6466 6479 6310 5368
12 6297 6466 6479 6310 6298 6467 6480 6311 5369
12 6298 6467 6480 6311 6299 6468 6481 6312 5370
12 6299 6468 6481 6312 6300 6469 6482 6313 5371
12 6300 6469 6482 6313 6301 6470 6483 6314 5372
12 6301 6470 6483 6314 6302 6471 6484 6315 5373
12 6302 6471 6484 6315 6303 6472 6485 6316 5374
12 6303 6472 6485 6316 6304 6473 6486 6317 5375
12 6305 6474 6487 6318 6306 6475 6488 6319 5376
12 6306 6475 6488 6319 6307 6476 6489 6320 5377
12 6307 6476 6489 6320 6308 6477 6490 6321 5378
12 6308 6477 6490 6321 6309 6478 6491 6322 5379
12 6309 6478 6491 6322 6310 6479 6492 6323 5380
12 6310 6479 6492 6323 6311 6480 6493 6324 5381
12 6311 6480 6493 6324 6312 6481 6494 6325 5382
12 6312 6481 6494 6325 6313 6482 6495 6326 5383
12 6313 6482 6495 6326 6314 6483 6496 6327 5384
12 6314 6483 6496 6327 6315 6484 6497 6328 5385
12 6315 6484 6497 6328 6316 6485 6498 6329 5386
12 6316 6485 6498 6329 6317 6486 6499 6330 5387
12 6318 6487 6500 6331 6319 6488 6501 6332 5388
12 6319 6488 6501 6332 6320 6489 6502 6333 5389
12 6320 6489 6502 6333 6321 6490 6503 6334 5390
12 6321 6490 6503 6334 6322 6491 6504 6335 5391
12 6322 6491 6504 6335 6323 6492 6505 6336 5392
12 6323 6492 6505 6336 6324 6493 6506 6337 5393
12 6324 6493 6506 6337 6325 6494 6507 6338 5394
12 6325 6494 6507 6338 6326 6495 6508 6339 5395
12 6326 6495 6508 6339 6327 6496 6509 6340 5396
12 6327 6496 6509 6340 6328 6497 6510 6341 5397
12 6328 6497 6510 6341 6329 6498 6511 6342 5398
12 6329 6498 6511 6342 6330 6499 6512 6343 5399
12 6331 6500 6513 6344 6332 6501 6514 6345 5400
12 6332 6501 6514 6345 6333 6502 6515 6346 5401
12 6333 6502 6515 6346 6334 6503 6516 6347 5402
12 6334 6503 6516 6347 6335 6504 6517 6348 5403
12 6335 6504 6517 6348 6336 6505 6518 6349 5404
12 6336 6505 6518 6349 6337 6506 6519 6350 5405
12 6337 6506 6519 6350 6338 6507 6520 6351 5406
12 6338 6507 6520 6351 6339 6508 6521 6352 5407
12 6339 6508 6521 6352 6340 6509 6522 6353 5408
12 6340 6509 6522 6353 6341 6510 6523 6354 5409
12 6341 6510 6523 6354 6342 6511 6524 6355 5410
12 6342 6511 6524 6355 6343 6512 6525 6356 5411
12 6344 6513 6526 6357 6345 6514 6527 6358 5412
12 6345 6514 6527 6358 6346 6515 6528 6359 5413
12 6346 6515 6528 6359 6347 6516 6529 6360 5414
12 6347 6516 6529 6360 6348 6517 6530 6361 5415
12 6348 6517 6530 6361 6349 6518 6531 6362 5416
12 6349 6518 6531 6362 6350 6519 6532 6363 5417
12 6350 6519 6532 6363 6351 6520 6533 6364 5418
12 6351 6520 6533 6364 6352 6521 6534 6365 5419
12 6352 6521 6534 6365 6353 6522 6535 6366 5420
12 6353 6522 6535 6366 6354 6523 6536 6367 5421
12 6354 6523 6536 6367 6355 6524 6537 6368 5422
12 6355 6524 6537 6368 6356 6525 6538 6369 5423
12 6357 6526 6539 6370 6358 6527 6540 6371 5424
12 6358 6527 6540 6371 6359 6528 6541 6372 5425
12 6359 6528 6541 6372 6360 6529 6542 6373 5426
12 6360 6529 6542 6373 6361 6530 6543 6374 5427
12 6361 6530 6543 6374 6362 6531 6544 6375 5428
12 6362 6531 6544 6375 6363 6532 6545 6376 5429
12 6363 6532 6545 6376 6364 6533 6546 6377 5430
12 6364 6533 6546 6377 6365 6534 6547 6378 5431
12 6365 6534 6547 6378 6366 6535 6548 6379 5432
12 6366 6535 6548 6379 6367 6536 6549 6380 5433
12 6367 6536 6549 6380 6368 6537 6550 6381 5434
12 6368 6537 6550 6381 6369 6538 6551 6382 5435
12 6370 6539 6552 6383 6371 6540 6553 6384 5436
12 6371 6540 6553 6384 6372 6541 6554 6385 5437
12 6372 6541 6554 6385 6373 6542 6555 6386 5438
12 6373 6542 6555 6386 6374 6543 6556 6387 5439
12 6374 6543 6556 6387 6375 6544 6557 6388 5440
12 6375 6544 6557 6388 6376 6545 6558 6389 5441
12 6376 6545 6558 6389 6377 6546 6559 6390 5442
12 6377 6546 6559 6390 6378 6547 6560 6391 5443
12 6378 6547 6560 6391 6379 6548 6561 6392 5444
12 6379 6548 6561 6392 6380 6549 6562 6393 5445
12 6380 6549 6562 6393 6381 6550 6563 6394 5446
12 6381 6550 6563 6394 6382 6551 6564 6395 5447
12 6383 6552 6565 6396 6384 6553 6566 6397 5448
12 6384 6553 6566 6397 6385 6554 6567 6398 5449
12 6385 6554 6567 6398 6386 6555 6568 6399 5450
12 6386 6555 6568 6399 6387 6556 6569 6400 5451
12 6387 6556 6569 6400 6388 6557 6570 6401 5452
12 6388 6557 6570 6401 6389 6558 6571 6402 5453
12 6389 6558 6571 6402 6390 6559 6572 6403 5454
12 6390 6559 6572 6403 6391 6560 6573 6404 5455
12 6391 6560 6573 6404 6392 6561 6574 6405 5456
12 6392 6561 6574 6405 6393 6562 6575 6406 5457
12 6393 6562 6575 6406 6394 6563 6576 6407 5458
12 6394 6563 6576 6407 6395 6564 6577 6408 5459
12 6396 6565 6578 6409 6397 6566 6579 6410 5460
12 6397 6566 6579 6410 6398 6567 6580 6411 5461
12 6398 6567 6580 6411 6399 6568 6581 6412 5462
12 6399 6568 6581 6412 6400 6569 6582 6413 5463
12 6400 6569 6582 6413 6401 6570 6583 6414 5464
12 6401 6570 6583 6414 6402 6571 6584 6415 5465
12 6402 6571 6584 6415 6403 6572 6585 6416 5466
12 6403 6572 6585 6416 6404 6573 6586 6417 5467
12 6404 6573 6586 6417 6405 6574 6587 6418 5468
12 6405 6574 6587 6418 6406 6575 6588 6419 5469
12 6406 6575 6588 6419 6407 6576 6589 6420 5470
12 6407 6576 6589 6420 6408 6577 6590 6421 5471
12 6422 6591 6604 6435 6423 6592 6605 6436 5472
12 6423 6592 6605 6436 6424 6593 6606 6437 5473
12 6424 6593 6606 6437 6425 6594 6607 6438 5474
12 6425 6594 6607 6438 6426 6595 6608 6439 5475
12 6426 6595 6608 6439 6427 6596 6609 6440 5476
12 6427 6596 6609 6440 6428 6597 6610 6441 5477
12 6428 6597 6610 6441 6429 6598 6611 6442 5478
12 6429 6598 6611 6442 6430 6599 6612 6443 5479
12 6430 6599 6612 6443 6431 6600 6613 6444 5480
12 6431 6600 6613 6444 6432 6601 6614 6445 5481
12 6432 6601 6614 6445 6433 6602 6615 6446 5482
12 6433 6602 6615 6446 6434 6603 6616 6447 5483
12 6435 6604 6617 6448 6436 6605 6618 6449 5484
12 6436 6605 6618 6449 6437 6606 6619 6450 5485
12 6437 6606 6619 6450 6438 6607 6620 6451 5486
12 6438 6607 6620 6451 6439 6608 6621 6452 5487
12 6439 6608 6621 6452 6440 6609 6622 6453 5488
12 6440 6609 6622 6453 6441 6610 6623 6454 5489
12 6441 6610 6623 6454 6442 6611 6624 6455 5490
12 6442 6611 6624 6455 6443 6612 6625 6456 5491
12 6443 6612 6625 6456 6444 6613 6626 6457 5492
12 6444 6613 6626 6457 6445 6614 6627 6458 5493
12 6445 6614 6627 6458 6446 6615 6628 6459 5494
12 6446 6615 6628 6459 6447 6616 6629 6460 5495
12 6448 6617 6630 6461 6449 6618 6631 6462 5496
12 6449 6618 6631 6462 6450 6619 6632 6463 5497
12 6450 6619 6632 6463 6451 6620 6633 6464 5498
12 6451 6620 6633 6464 6452 6621 6634 6465 5499
12 6452 6621 6634 6465 6453 6622 6635 6466 5500
12 6453 6622 6635 6466 6454 6623 6636 6467 5501
12 6454 6623 6636 6467 6455 6624 6637 6468 5502
12 6455 6624 6637 6468 6456 6625 6638 6469 5503
12 6456 6625 6638 6469 6457 6626 6639 6470 5504
12 6457 6626 6639 6470 6458 6627 6640 6471 5505
12 6458 6627 6640 6471 6459 6628 6641 6472 5506
12 6459 6628 6641 6472 6460 6629 6642 6473 5507
12 6461 6630 6643 6474 6462 6631 6644 6475 5508
12 6462 6631 6644 6475 6463 6632 6645 6476 5509
12 6463 6632 6645 6476 6464 6633 6646 6477 5510
12 6464 6633 6646 6477 6465 6634 6647 6478 5511
12 6465 6634 6647 6478 6466 6635 6648 6479 5512
12 6466 6635 6648 6479 6467 6636 6649 6480 5513
12 6467 6636 6649 6480 6468 6637 6650 6481 5514
12 6468 6637 6650 6481 6469 6638 6651 6482 5515
12 6469 6638 6651 6482 6470 6639 6652 6483 5516
12 6470 6639 6652 6483 6471 6640 6653 6484 5517
12 6471 6640 6653 6484 6472 6641 6654 6485 5518
12 6472 6641 6654 6485 6473 6642 6655 6486 5519
12 6474 6643 6656 6487 6475 6644 6657 6488 5520
12 6475 6644 6657 6488 6476 6645 6658 6489 5521
12 6476 6645 6658 6489 6477 6646 6659 6490 5522
12 6477 6646 6659 6490 6478 6647 6660 6491 5523
12 6478 6647 6660 6491 6479 6648 6661 6492 5524
12 6479 6648 6661 6492 6480 6649 6662 6493 5525
12 6480 6649 6662 6493 6481 6650 6663 6494 5526
12 6481 6650 6663 6494 6482 6651 6664 6495 5527
12 6482 6651 6664 6495 6483 6652 6665 6496 5528
12 6483 6652 6665 6496 6484 6653 6666 6497 5529
12 6484 6653 6666 6497 6485 6654 6667 6498 5530
12 6485 6654 6667 6498 6486 6655 6668 6499 5531
12 6487 6656 6669 6500 6488 6657 6670 6501 5532
12 6488 6657 6670 6501 6489 6658 6671 6502 5533
12 6489 6658 6671 6502 6490 6659 6672 6503 5534
12 6490 6659 6672 6503 6491 6660 6673 6504 5535
12 6491 6660 6673 6504 6492 6661 6674 6505 5536
12 6492 6661 6674 6505 6493 6662 6675 6506 5537
12 6493 6662 6675 6506 6494 6663 6676 6507 5538
12 6494 6663 6676 6507 6495 6664 6677 6508 5539
12 6495 6664 6677 6508 6496 6665 6678 6509 5540
12 6496 6665 6678 6509 6497 6666 6679 6510 5541
12 6497 6666 6679 6510 6498 6667 6680 6511 5542
12 6498 6667 6680 6511 6499 6668 6681 6512 5543
12 6500 6669 6682 6513 6501 6670 6683 6514 5544
12 6501 6670 6683 6514 6502 6671 6684 6515 5545
12 6502 6671 6684 6515 6503 6672 6685 6516 5546
12 6503 6672 6685 6516 6504 6673 6686 6517 5547
12 6504 6673 6686 6517 6505 6674 6687 6518 5548
12 6505 6674 6687 6518 6506 6675 6688 6519 5549
12 6506 6675 6688 6519 6507 6676 6689 6520 5550
12 6507 6676 6689 6520 6508 6677 6690 6521 5551
12 6508 6677 6690 6521 6509 6678 6691 6522 5552
12 6509 6678 6691 6522 6510 6679 6692 6523 5553
12 6510 6679 6692 6523 6511 6680 6693 6524 5554
12 6511 6680 6693 6524 6512 6681 6694 6525 5555
12 6513 6682 6695 6526 6514 6683 6696 6527 5556
12 6514 6683 6696 6527 6515 6684 6697 6528 5557
12 6515 6684 6697 6528 6516 6685 6698 6529 5558
12 6516 6685 6698 6529 6517 6686 6699 6530 5559
12 6517 6686 6699 6530 6518 6687 6700 6531 5560
12 6518 6687 6700 6531 6519 6688 6701 6532 5561
12 6519 6688 6701 6532 6520 6689 6702 6533 5562
12 6520 6689 6702 6533 6521 6690 6703 6534 5563
12 6521 6690 6703 6534 6522 6691 6704 6535 5564
12 6522 6691 6704 6535 6523 6692 6705 6536 5565
12 6523 6692 6705 6536 6524 6693 6706 6537 5566
12 6524 6693 6706 6537 6525 6694 6707 6538 5567
12 6526 6695 6708 6539 6527 6696 6709 6540 5568
12 6527 6696 6709 6540 6528 6697 6710 6541 5569
12 6528 6697 6710 6541 6529 6698 6711 6542 5570
12 6529 6698 6711 6542 6530 6699 6712 6543 5571
12 6530 6699 6712 6543 6531 6700 6713 6544 5572
12 6531 6700 6713 6544 6532 6701 6714 6545 5573
12 6532 6701 6714 6545 6533 6702 6715 6546 5574
12 6533 6702 6715 6546 6534 6703 6716 6547 5575
12 6534 6703 6716 6547 6535 6704 6717 6548 5576
12 6535 6704 6717 6548 6536 6705 6718 6549 5577
12 6536 6705 6718 6549 6537 6706 6719 6550 5578
12 6537 6706 6719 6550 6538 6707 6720 6551 5579
12 6539 6708 6721 6552 6540 6709 6722 6553 5580
12 6540 6709 6722 6553 6541 6710 6723 6554 5581
12 6541 6710 6723 6554 6542 6711 6724 6555 5582
12 6542 6711 6724 6555 6543 6712 6725 6556 5583
12 6543 6712 6725 6556 6544 6713 6726 6557 5584
12 6544 6713 6726 6557 6545 6714 6727 6558 5585
12 6545 6714 6727 6558 6546 6715 6728 6559 5586
12 6546 6715 6728 6559 6547 6716 6729 6560 5587
12 6547 6716 6729 6560 6548 6717 6730 6561 5588
12 6548 6717 6730 6561 6549 6718 6731 6562 5589
12 6549 6718 6731 6562 6550 6719 6732 6563 5590
12 6550 6719 6732 6563 6551 6720 6733 6564 5591
12 6552 6721 6734 6565 6553 6722 6735 6566 5592
12 6553 6722 6735 6566 6554 6723 6736 6567 5593
12 6554 6723 6736 6567 6555 6724 6737 6568 5594
12 6555 6724 6737 6568 6556 6725 6738 6569 5595
12 6556 6725 6738 6569 6557 6726 6739 6570 5596
12 6557 6726 6739 6570 6558 6727 6740 6571 5597
12 6558 6727 6740 6571 6559 6728 6741 6572 5598
12 6559 6728 6741 6572 6560 6729 6742 6573 5599
12 6560 6729 6742 6573 6561 6730 6743 6574 5600
12 6561 6730 6743 6574 6562 6731 6744 6575 5601
12 6562 6731 6744 6575 6563 6732 6745 6576 5602
12 6563 6732 6745 6576 6564 6733 6746 6577 5603
12 6565 6734 6747 6578 6566 6735 6748 6579 5604
12 6566 6735 6748 6579 6567 6736 6749 6580 5605
12 6567 6736 6749 6580 6568 6737 6750 6581 5606
12 6568 6737 6750 6581 6569 6738 6751 6582 5607
12 6569 6738 6751 6582 6570 6739 6752 6583 5608
12 6570 6739 6752 6583 6571 6740 6753 6584 5609
12 6571 6740 6753 6584 6572 6741 6754 6585 5610
12 6572 6741 6754 6585 6573 6742 6755 6586 5611
12 6573 6742 6755 6586 6574 6743 6756 6587 5612
12 6574 6743 6756 6587 6575 6744 6757 6588 5613
12 6575 6744 6757 6588 6576 6745 6758 6589 5614
12 6576 6745 6758 6589 6577 6746 6759 6590 5615
12 6591 6760 6773 6604 6592 6761 6774 6605 5616
12 6592 6761 6774 6605 6593 6762 6775 6606 5617
12 6593 6762 6775 6606 6594 6763 6776 6607 5618
12 6594 6763 6776 6607 6595 6764 6777 6608 5619
12 6595 6764 6777 6608 6596 6765 6778 6609 5620
12 6596 6765 6778 6609 6597 6766 6779 6610 5621
12 6597 6766 6779 6610 6598 6767 6780 6611 5622
12 6598 6767 6780 6611 6599 6768 6781 6612 5623
12 6599 6768 6781 6612 6600 6769 6782 6613 5624
12 6600 6769 6782 6613 6601 6770 6783 6614 5625
12 6601 6770 6783 6614 6602 6771 6784 6615 5626
12 6602 6771 6784 6615 6603 6772 6785 6616 5627
12 6604 6773 6786 6617 6605 6774 6787 6618 5628
12 6605 6774 6787 6618 6606 6775 6788 6619 5629
12 6606 6775 6788 6619 6607 6776 6789 6620 5630
12 6607 6776 6789 6620 6608 6777 6790 6621 5631
12 6608 6777 6790 6621 6609 6778 6791 6622 5632
12 6609 6778 6791 6622 6610 6779 6792 6623 5633
12 6610 6779 6792 6623 6611 6780 6793 6624 5634
12 6611 6780 6793 6624 6612 6781 6794 6625 5635
12 6612 6781 6794 6625 6613 6782 6795 6626 5636
12 6613 6782 6795 6626 6614 6783 6796 6627 5637
12 6614 6783 6796 6627 6615 6784 6797 6628 5638
12 6615 6784 6797 6628 6616 6785 6798 6629 5639
12 6617 6786 6799 6630 6618 6787 6800 6631 5640
12 6618 6787 6800 6631 6619 6788 6801 6632 5641
12 6619 6788 6801 6632 6620 6789 6802 6633 5642
12 6620 6789 6802 6633 6621 6790 6803 6634 5643
12 6621 6790 6803 6634 6622 6791 6804 6635 5644
12 6622 6791 6804 6635 6623 6792 6805 6636 5645
12 6623 6792 6805 6636 6624 6793 6806 6637 5646
12 6624 6793 6806 6637 6625 6794 6807 6638 5647
12 6625 6794 6807 6638 6626 6795 6808 6639 5648
12 6626 6795 6808 6639 6627 6796 6809 6640 5649
12 6627 6796 6809 6640 6628 6797 6810 6641 5650
12 6628 6797 6810 6641 6629 6798 6811 6642 5651
12 6630 6799 6812 6643 6631 6800 6813 6644 5652
12 6631 6800 6813 6644 6632 6801 6814 6645 5653
12 6632 6801 6814 6645 6633 6802 6815 6646 5654
12 6633 6802 6815 6646 6634 6803 6816 6647 5655
12 6634 6803 6816 6647 6635 6804 6817 6648 5656
12 6635 6804 6817 6648 6636 6805 6818 6649 5657
12 6636 6805 6818 6649 6637 6806 6819 6650 5658
12 6637 6806 6819 6650 6638 6807 6820 6651 5659
12 6638 6807 6820 6651 6639 6808 6821 6652 5660
12 6639 6808 6821 6652 6640 6809 6822 6653 5661
12 6640 6809 6822 6653 6641 6810 6823 6654 5662
12 6641 6810 6823 6654 6642 6811 6824 6655 5663
12 6643 6812 6825 6656 6644 6813 6826 6657 5664
12 6644 6813 6826 6657 6645 6814 6827 6658 5665
12 6645 6814 6827 6658 6646 6815 6828 6659 5666
12 6646 6815 6828 6659 6647 6816 6829 6660 5667
12 6647 6816 6829 6660 6648 6817 6830 6661 5668
12 6648 6817 6830 6661 6649 6818 6831 6662 5669
12 6649 6818 6831 6662 6650 6819 6832 6663 5670
12 6650 6819 6832 6663 6651 6820 6833 6664 5671
12 6651 6820 6833 6664 6652 6821 6834 6665 5672
12 6652 6821 6834 6665 6653 6822 6835 6666 5673
12 6653 6822 6835 6666 6654 6823 6836 6667 5674
12 6654 6823 6836 6667 6655 6824 6837 6668 5675
12 6656 6825 6838 6669 6657 6826 6839 6670 5676
12 6657 6826 6839 6670 6658 6827 6840 6671 5677
12 6658 6827 6840 6671 6659 6828 6841 6672 5678
12 6659 6828 6841 6672 6660 6829 6842 6673 5679
12 6660 6829 6842 6673 6661 6830 6843 6674 5680
12 6661 6830 6843 6674 6662 6831 6844 6675 5681
12 6662 6831 6844 6675 6663 6832 6845 6676 5682
12 6663 6832 6845 6676 6664 6833 6846 6677 5683
12 6664 6833 6846 6677 6665 6834 6847 6678 5684
12 6665 6834 6847 6678 6666 6835 6848 6679 5685
12 6666 6835 6848 6679 6667 6836 6849 6680 5686
12 6667 6836 6849 6680 6668 6837 6850 6681 5687
12 6669 6838 6851 6682 6670 6839 6852 6683 5688
12 6670 6839 6852 6683 6671 6840 6853 6684 5689
12 6671 6840 6853 6684 6672 6841 6854 6685 5690
12 6672 6841 6854 6685 6673 6842 6855 6686 5691
12 6673 6842 6855 6686 6674 6843 6856 6687 5692
12 6674 6843 6856 6687 6675 6844 6857 6688 5693
12 6675 6844 6857 6688 6676 6845 6858 6689 5694
12 6676 6845 6858 6689 6677 6846 6859 6690 5695
12 6677 6846 6859 6690 6678 6847 6860 6691 5696
12 6678 6847 6860 6691 6679 6848 6861 6692 5697
12 6679 6848 6861 6692 6680 6849 6862 6693 5698
12 6680 6849 6862 6693 6681 6850 6863 6694 5699
12 6682 6851 6864 6695 6683 6852 6865 6696 5700
12 6683 6852 6865 6696 6684 6853 6866 6697 5701
12 6684 6853 6866 6697 6685 6854 6867 6698 5702
12 6685 6854 6867 6698 6686 6855 6868 6699 5703
12 6686 6855 6868 6699 6687 6856 6869 6700 5704
12 6687 6856 6869 6700 6688 6857 6870 6701 5705
12 6688 6857 6870 6701 6689 6858 6871 6702 5706
12 6689 6858 6871 6702 6690 6859 6872 6703 5707
12 6690 6859 6872 6703 6691 6860 6873 6704 5708
12 6691 6860 6873 6704 6692 6861 6874 6705 5709
12 6692 6861 6874 6705 6693 6862 6875 6706 5710
12 6693 6862 6875 6706 6694 6863 6876 6707 5711
12 6695 6864 6877 6708 6696 6865 6878 6709 5712
12 6696 6865 6878 6709 6697 6866 6879 6710 5713
12 6697 6866 6879 6710 6698 6867 6880 6711 5714
12 6698 6867 6880 6711 6699 6868 6881 6712 5715
12 6699 6868 6881 6712 6700 6869 6882 6713 5716
12 6700 6869 6882 6713 6701 6870 6883 6714 5717
12 6701 6870 6883 6714 6702 6871 6884 6715 5718
12 6702 6871 6884 6715 6703 6872 6885 6716 5719
12 6703 6872 6885 6716 6704 6873 6886 6717 5720
12 6704 6873 6886 6717 6705 6874 6887 6718 5721
12 6705 6874 6887 6718 6706 6875 6888 6719 5722
12 6706 6875 6888 6719 6707 6876 6889 6720 5723
12 6708 6877 6890 6721 6709 6878 6891 6722 5724
12 6709 6878 6891 6722 6710 6879 6892 6723 5725
12 6710 6879 6892 6723 6711 6880 6893 6724 5726
12 6711 6880 6893 6724 6712 6881 6894 6725 5727
12 6712 6881 6894 6725 6713 6882 6895 6726 5728
12 6713 6882 6895 6726 6714 6883 6896 6727 5729
12 6714 6883 6896 6727 6715 6884 6897 6728 5730
12 6715 6884 6897 6728 6716 6885 6898 6729 5731
12 6716 6885 6898 6729 6717 6886 6899 6730 5732
12 6717 6886 6899 6730 6718 6887 6900 6731 5733
12 6718 6887 6900 6731 6719 6888 6901 6732 5734
12 6719 6888 6901 6732 6720 6889 6902 6733 5735
12 6721 6890 6903 6734 6722 6891 6904 6735 5736
12 6722 6891 6904 6735 6723 6892 6905 6736 5737
12 6723 6892 6905 6736 6724 6893 6906 6737 5738
12 6724 6893 6906 6737 6725 6894 6907 6738 5739
12 6725 6894 6907 6738 6726 6895 6908 6739 5740
12 6726 6895 6908 6739 6727 6896 6909 6740 5741
12 6727 6896 6909 6740 6728 6897 6910 6741 5742
12 6728 6897 6910 6741 6729 6898 6911 6742 5743
12 6729 6898 6911 6742 6730 6899 6912 6743 5744
12 6730 6899 6912 6743 6731 6900 6913 6744 5745
12 6731 6900 6913 6744 6732 6901 6914 6745 5746
12 6732 6901 6914 6745 6733 6902 6915 6746 5747
12 6734 6903 6916 6747 6735 6904 6917 6748 5748
12 6735 6904 6917 6748 6736 6905 6918 6749 5749
12 6736 6905 6918 6749 6737 6906 6919 6750 5750
12 6737 6906 6919 6750 6738 6907 6920 6751 5751
12 6738 6907 6920 6751 6739 6908 6921 6752 5752
12 6739 6908 6921 6752 6740 6909 6922 6753 5753
12 6740 6909 6922 6753 6741 6910 6923 6754 5754
12 6741 6910 6923 6754 6742 6911 6924 6755 5755
12 6742 6911 6924 6755 6743 6912 6925 6756 5756
12 6743 6912 6925 6756 6744 6913 6926 6757 5757
12 6744 6913 6926 6757 6745 6914 6927 6758 5758
12 6745 6914 6927 6758 6746 6915 6928 6759 5759
NPOIN= 6929
0.000000000e+00 0.000000000e+00 0.000000000e+00 0
0.000000000e+00 0.000000000e+00 1.666666667e-03 1
0.000000000e+00 0.000000000e+00 3.333333333e-03 2
0.000000000e+00 0.000000000e+00 5.000000000e-03 3
0.000000000e+00 0.000000000e+00 6.666666667e-03 4
0.000000000e+00 0.000000000e+00 8.333333333e-03 5
0.000000000e+00 0.000000000e+00 1.000000000e-02 6
0.000000000e+00 0.000000000e+00 1.166666667e-02 7
0.000000000e+00 0.000000000e+00 1.333333333e-02 8
0.000000000e+00 0.000000000e+00 1.500000000e-02 9
0.000000000e+00 0.000000000e+00 1.666666667e-02 10
0.000000000e+00 0.000000000e+00 1.833333333e-02 11
0.000000000e+00 0.000000000e+00 2.000000000e-02 12
0.000000000e+00 1.666666667e-03 0.000000000e+00 13
0.000000000e+00 1.666666667e-03 1.666666667e-03 14
0.000000000e+00 1.666666667e-03 3.333333333e-03 15
0.000000000e+00 1.666666667e-03 5.000000000e-03 16
0.000000000e+00 1.666666667e-03 6.666666667e-03 17
0.000000000e+00 1.666666667e-03 8.333333333e-03 18
0.000000000e+00 1.666666667e-03 1.000000000e-02 19
0.000000000e+00 1.666666667e-03 1.166666667e-02 20
0.000000000e+00 1.666666667e-03 1.333333333e-02 21
0.000000000e+00 1.666666667e-03 1.500000000e-02 22
0.000000000e+00 1.666666667e-03 1.666666667e-02 23
0.000000000e+00 1.666666667e-03 1.833333333e-02 24
0.000000000e+00 1.666666667e-03 2.000000000e-02 25
0.000000000e+00 3.333333333e-03 0.000000000e+00 26
0.000000000e+00 3.333333333e-03 1.666666667e-03 27
0.000000000e+00 3.333333333e-03 3.333333333e-03 28
0.000000000e+00 3.333333333e-03 5.000000000e-03 29
0.000000000e+00 3.333333333e-03 6.666666667e-03 30
0.000000000e+00 3.333333333e-03 8.333333333e-03 31
0.000000000e+00 3.333333333e-03 1.000000000e-02 32
0.000000000e+00 3.333333333e-03 1.166666667e-02 33
0.000000000e+00 3.333333333e-03 1.333333333e-02 34
0.000000000e+00 3.333333333e-03 1.500000000e-02 35
0.000000000e+00 3.333333333e-03 1.666666667e-02 36
0.000000000e+00 3.333333333e-03 1.833333333e-02 37
0.000000000e+00 3.333333333e-03 2.000000000e-02 38
0.000000000e+00 5.000000000e-03 0.000000000e+00 39
0.000000000e+00 5.000000000e-03 1.666666667e-03 40
0.000000000e+00 5.000000000e-03 3.333333333e-03 41
0.000000000e+00 5.000000000e-03 5.000000000e-03 42
0.000000000e+00 5.000000000e-03 6.666666667e-03 43
0.000000000e+00 5.000000000e-03 8.333333333e-03 44
0.000000000e+00 5.000000000e-03 1.000000000e-02 45
0.000000000e+00 5.000000000e-03 1.166666667e-02 46
0.000000000e+00 5.000000000e-03 1.333333333e-02 47
0.000000000e+00 5.000000000e-03 1.500000000e-02 48
0.000000000e+00 5.000000000e-03 1.666666667e-02 49
0.000000000e+00 5.000000000e-03 1.833333333e-02 50
0.000000000e+00 5.000000000e-03 2.000000000e-02 51
0.000000000e+00 6.666666667e-03 0.000000000e+00 52
0.000000000e+00 6.666666667e-03 1.666666667e-03 53
0.000000000e+00 6.666666667e-03 3.333333333e-03 54
0.000000000e+00 6.666666667e-03 5.000000000e-03 55
0.000000000e+00 6.666666667e-03 6.666666667e-03 56
0.000000000e+00 6.666666667e-03 8.333333333e-03 57
0.000000000e+00 6.666666667e-03 1.000000000e-02 58
0.000000000e+00 6.666666667e-03 1.166666667e-02 59
0.000000000e+00 6.666666667e-03 1.333333333e-02 60
0.000000000e+00 6.666666667e-03 1.500000000e-02 61
0.000000000e+00 6.666666667e-03 1.666666667e-02 62
0.000000000e+00 6.666666667e-03 1.833333333e-02 63
0.000000000e+00 6.666666667e-03 2.000000000e-02 64
0.000000000e+00 8.333333333e-03 0.000000000e+00 65
0.000000000e+00 8.333333333e-03 1.666666667e-03 66
0.000000000e+00 8.333333333e-03 3.333333333e-03 67
0.000000000e+00 8.333333333e-03 5.000000000e-03 68
0.000000000e+00 8.333333333e-03 6.666666667e-03 69
0.000000000e+00 8.333333333e-03 8.333333333e-03 70
0.000000000e+00 8.333333333e-03 1.000000000e-02 71
0.000000000e+00 8.333333333e-03 1.166666667e-02 72
0.000000000e+00 8.333333333e-03 1.333333333e-02 73
0.000000000e+00 8.333333333e-03 1.500000000e-02 74
0.000000000e+00 8.333333333e-03 1.666666667e-02 75
0.000000000e+00 8.333333333e-03 1.833333333e-02 76
0.000000000e+00 8.333333333e-03 2.000000000e-02 77
0.000000000e+00 1.000000000e-02 0.000000000e+00 78
0.000000000e+00 1.000000000e-02 1.666666667e-03 79
0.000000000e+00 1.000000000e-02 3.333333333e-03 80
0.000000000e+00 1.000000000e-02 5.000000000e-03 81
0.000000000e+00 1.000000000e-02 6.666666667e-03 82
0.000000000e+00 1.000000000e-02 8.333333333e-03 83
0.000000000e+00 1.000000000e-02 1.000000000e-02 84
0.000000000e+00 1.000000000e-02 1.166666667e-02 85
0.000000000e+00 1.000000000e-02 1.333333333e-02 86
0.000000000e+00 1.000000000e-02 1.500000000e-02 87
0.000000000e+00 1.000000000e-02 1.666666667e-02 88
0.000000000e+00 1.000000000e-02 1.833333333e-02 89
0.000000000e+00 1.000000000e-02 2.000000000e-02 90
0.000000000e+00 1.166666667e-02 0.000000000e+00 91
0.000000000e+00 1.166666667e-02 1.666666667e-03 92
0.000000000e+00 1.166666667e-02 3.333333333e-03 93
0.000000000e+00 1.166666667e-02 5.000000000e-03 94
0.000000000e+00 1.166666667e-02 6.666666667e-03 95
0.000000000e+00 1.166666667e-02 8.333333333e-03 96
0.000000000e+00 1.166666667e-02 1.000000000e-02 97
0.000000000e+00 1.166666667e-02 1.166666667e-02 98
0.000000000e+00 1.166666667e-02 1.333333333e-02 99
0.000000000e+00 1.166666667e-02 1.500000000e-02 100
0.000000000e+00 1.166666667e-02 1.666666667e-02 101
0.000000000e+00 1.166666667e-02 1.833333333e-02 102
0.000000000e+00 1.166666667e-02 2.000000000e-02 103
0.000000000e+00 1.333333333e-02 0.000000000e+00 104
0.000000000e+00 1.333333333e-02 1.666666667e-03 105
0.000000000e+00 1.333333333e-02 3.333333333e-03 106
0.000000000e+00 1.333333333e-02 5.000000000e-03 107
0.000000000e+00 1.333333333e-02 6.666666667e-03 108
0.000000000e+00 1.333333333e-02 8.333333333e-03 109
0.000000000e+00 1.333333333e-02 1.000000000e-02 110
0.000000000e+00 1.333333333e-02 1.166666667e-02 111
0.000000000e+00 1.333333333e-02 1.333333333e-02 112
0.000000000e+00 1.333333333e-02 1.500000000e-02 113
0.000000000e+00 1.333333333e-02 1.666666667e-02 114
0.000000000e+00 1.333333333e-02 1.833333333e-02 115
0.000000000e+00 1.333333333e-02 2.000000000e-02 116
0.000000000e+00 1.500000000e-02 0.000000000e+00 117
0.000000000e+00 1.500000000e-02 1.666666667e-03 118
0.000000000e+00 1.500000000e-02 3.333333333e-03 119
0.000000000e+00 1.500000000e-02 5.000000000e-03 120
0.000000000e+00 1.500000000e-02 6.666666667e-03 121
0.000000000e+00 1.500000000e-02 8.333333333e-03 122
0.000000000e+00 1.500000000e-02 1.000000000e-02 123
0.000000000e+00 1.500000000e-02 1.166666667e-02 124
0.000000000e+00 1.500000000e-02 1.333333333e-02 125
0.000000000e+00 1.500000000e-02 1.500000000e-02 126
0.000000000e+00 1.500000000e-02 1.666666667e-02 127
0.000000000e+00 1.500000000e-02 1.833333333e-02 128
0.000000000e+00 1.500000000e-02 2.000000000e-02 129
0.000000000e+00 1.666666667e-02 0.000000000e+00 130
0.000000000e+00 1.666666667e-02 1.666666667e-03 131
0.000000000e+00 1.666666667e-02 3.333333333e-03 132
0.000000000e+00 1.666666667e-02 5.000000000e-03 133
0.000000000e+00 1.666666667e-02 6.666666667e-03 134
0.000000000e+00 1.666666667e-02 8.333333333e-03 135
0.000000000e+00 1.666666667e-02 1.000000000e-02 136
0.000000000e+00 1.666666667e-02 1.166666667e-02 137
0.000000000e+00 1.666666667e-02 1.333333333e-02 138
0.000000000e+00 1.666666667e-02 1.500000000e-02 139
0.000000000e+00 1.666666667e-02 1.666666667e-02 140
0.000000000e+00 1.666666667e-02 1.833333333e-02 141
0.000000000e+00 1.666666667e-02 2.000000000e-02 142
0.000000000e+00 1.833333333e-02 0.000000000e+00 143
0.000000000e+00 1.833333333e-02 1.666666667e-03 144
0.000000000e+00 1.833333333e-02 3.333333333e-03 145
0.000000000e+00 1.833333333e-02 5.000000000e-03 146
0.000000000e+00 1.833333333e-02 6.666666667e-03 147
0.000000000e+00 1.833333333e-02 8.333333333e-03 148
0.000000000e+00 1.833333333e-02 1.000000000e-02 149
0.000000000e+00 1.833333333e-02 1.166666667e-02 150
0.000000000e+00 1.833333333e-02 1.333333333e-02 151
0.000000000e+00 1.833333333e-02 1.500000000e-02 152
0.000000000e+00 1.833333333e-02 1.666666667e-02 153
0.000000000e+00 1.833333333e-02 1.833333333e-02 154
0.000000000e+00 1.833333333e-02 2.000000000e-02 155
0.000000000e+00 2.000000000e-02 0.000000000e+00 156
0.000000000e+00 2.000000000e-02 1.666666667e-03 157
0.000000000e+00 2.000000000e-02 3.333333333e-03 158
0.000000000e+00 2.000000000e-02 5.000000000e-03 159
0.000000000e+00 2.000000000e-02 6.666666667e-03 160
0.000000000e+00 2.000000000e-02 8.333333333e-03 161
0.000000000e+00 2.000000000e-02 1.000000000e-02 162
0.000000000e+00 2.000000000e-02 1.166666667e-02 163
0.000000000e+00 2.000000000e-02 1.333333333e-02 164
0.000000000e+00 2.000000000e-02 1.500000000e-02 165
0.000000000e+00 2.000000000e-02 1.666666667e-02 166
0.000000000e+00 2.000000000e-02 1.833333333e-02 167
0.000000000e+00 2.000000000e-02 2.000000000e-02 168
2.500000000e-03 0.000000000e+00 0.000000000e+00 169
2.500000000e-03 0.000000000e+00 1.666666667e-03 170
2.500000000e-03 0.000000000e+00 3.333333333e-03 171
2.500000000e-03 0.000000000e+00 5.000000000e-03 172
2.500000000e-03 0.000000000e+00 6.666666667e-03 173
2.500000000e-03 0.000000000e+00 8.333333333e-03 174
2.500000000e-03 0.000000000e+00 1.000000000e-02 175
2.500000000e-03 0.000000000e+00 1.166666667e-02 176
2.500000000e-03 0.000000000e+00 1.333333333e-02 177
2.500000000e-03 0.000000000e+00 1.500000000e-02 178
2.500000000e-03 0.000000000e+00 1.666666667e-02 179
2.500000000e-03 0.000000000e+00 1.833333333e-02 180
2.500000000e-03 0.000000000e+00 2.000000000e-02 181
2.500000000e-03 1.666666667e-03 0.000000000e+00 182
2.500000000e-03 1.666666667e-03 1.666666667e-03 183
2.500000000e-03 1.666666667e-03 3.333333333e-03 184
2.500000000e-03 1.666666667e-03 5.000000000e-03 185
2.500000000e-03 1.666666667e-03 6.666666667e-03 186
2.500000000e-03 1.666666667e-03 8.333333333e-03 187
2.500000000e-03 1.666666667e-03 1.000000000e-02 188
2.500000000e-03 1.666666667e-03 1.166666667e-02 189
2.500000000e-03 1.666666667e-03 1.333333333e-02 190
2.500000000e-03 1.666666667e-03 1.500000000e-02 191
2.500000000e-03 1.666666667e-03 1.666666667e-02 192
2.500000000e-03 1.666666667e-03 1.833333333e-02 193
2.500000000e-03 1.666666667e-03 2.000000000e-02 194
2.500000000e-03 3.333333333e-03 0.000000000e+00 195
2.500000000e-03 3.333333333e-03 1.666666667e-03 196
2.500000000e-03 3.333333333e-03 3.333333333e-03 197
2.500000000e-03 3.333333333e-03 5.000000000e-03 198
2.500000000e-03 3.333333333e-03 6.666666667e-03 199
2.500000000e-03 3.333333333e-03 8.333333333e-03 200
2.500000000e-03 3.333333333e-03 1.000000000e-02 201
2.500000000e-03 3.333333333e-03 1.166666667e-02 202
2.500000000e-03 3.333333333e-03 1.333333333e-02 203
2.500000000e-03 3.333333333e-03 1.500000000e-02 204
2.500000000e-03 3.333333333e-03 1.666666667e-02 205
2.500000000e-03 3.333333333e-03 1.833333333e-02 206
2.500000000e-03 3.333333333e-03 2.000000000e-02 207
2.500000000e-03 5.000000000e-03 0.000000000e+00 208
2.500000000e-03 5.000000000e-03 1.666666667e-03 209
2.500000000e-03 5.000000000e-03 3.333333333e-03 210
2.500000000e-03 5.000000000e-03 5.000000000e-03 211
2.500000000e-03 5.000000000e-03 6.666666667e-03 212
2.500000000e-03 5.000000000e-03 8.333333333e-03 213
2.500000000e-03 5.000000000e-03 1.000000000e-02 214
2.500000000e-03 5.000000000e-03 1.166666667e-02 215
2.500000000e-03 5.000000000e-03 1.333333333e-02 216
2.500000000e-03 5.000000000e-03 1.500000000e-02 217
2.500000000e-03 5.000000000e-03 1.666666667e-02 218
2.500000000e-03 5.000000000e-03 1.833333333e-02 219
2.500000000e-03 5.000000000e-03 2.000000000e-02 220
2.500000000e-03 6.666666667e-03 0.000000000e+00 221
2.500000000e-03 6.666666667e-03 1.666666667e-03 222
2.500000000e-03 6.666666667e-03 3.333333333e-03 223
2.500000000e-03 6.666666667e-03 5.000000000e-03 224
2.500000000e-03 6.666666667e-03 6.666666667e-03 225
2.500000000e-03 6.666666667e-03 8.333333333e-03 226
2.500000000e-03 6.666666667e-03 1.000000000e-02 227
2.500000000e-03 6.666666667e-03 1.166666667e-02 228
2.500000000e-03 6.666666667e-03 1.333333333e-02 229
2.500000000e-03 6.666666667e-03 1.500000000e-02 230
2.500000000e-03 6.666666667e-03 1.666666667e-02 231
2.500000000e-03 6.666666667e-03 1.833333333e-02 232
2.500000000e-03 6.666666667e-03 2.000000000e-02 233
2.500000000e-03 8.333333333e-03 0.000000000e+00 234
2.500000000e-03 8.333333333e-03 1.666666667e-03 235
2.500000000e-03 8.333333333e-03 3.333333333e-03 236
2.500000000e-03 8.333333333e-03 5.000000000e-03 237
2.500000000e-03 8.333333333e-03 6.666666667e-03 238
2.500000000e-03 8.333333333e-03 8.333333333e-03 239
2.500000000e-03 8.333333333e-03 1.000000000e-02 240
2.500000000e-03 8.333333333e-03 1.166666667e-02 241
2.500000000e-03 8.333333333e-03 1.333333333e-02 242
2.500000000e-03 8.333333333e-03 1.500000000e-02 243
2.500000000e-03 8.333333333e-03 1.666666667e-02 244
2.500000000e-03 8.333333333e-03 1.833333333e-02 245
2.500000000e-03 8.333333333e-03 2.000000000e-02 246
2.500000000e-03 1.000000000e-02 0.000000000e+00 247
2.500000000e-03 1.000000000e-02 1.666666667e-03 248
2.500000000e-03 1.000000000e-02 3.333333333e-03 249
2.500000000e-03 1.000000000e-02 5.000000000e-03 250
2.500000000e-03 1.000000000e-02 6.666666667e-03 251
2.500000000e-03 1.000000000e-02 8.333333333e-03 252
2.500000000e-03 1.000000000e-02 1.000000000e-02 253
2.500000000e-03 1.000000000e-02 1.166666667e-02 254
2.500000000e-03 1.000000000e-02 1.333333333e-02 255
2.500000000e-03 1.000000000e-02 1.500000000e-02 256
2.500000000e-03 1.000000000e-02 1.666666667e-02 257
2.500000000e-03 1.000000000e-02 1.833333333e-02 258
2.500000000e-03 1.000000000e-02 2.000000000e-02 259
2.500000000e-03 1.166666667e-02 0.000000000e+00 260
2.500000000e-03 1.166666667e-02 1.666666667e-03 261
2.500000000e-03 1.166666667e-02 3.333333333e-03 262
2.500000000e-03 1.166666667e-02 5.000000000e-03 263
2.500000000e-03 1.166666667e-02 6.666666667e-03 264
2.500000000e-03 1.166666667e-02 8.333333333e-03 265
2.500000000e-03 1.166666667e-02 1.000000000e-02 266
2.500000000e-03 1.166666667e-02 1.166666667e-02 267
2.500000000e-03 1.166666667e-02 1.333333333e-02 268
2.500000000e-03 1.166666667e-02 1.500000000e-02 269
2.500000000e-03 1.166666667e-02 1.666666667e-02 270
2.500000000e-03 1.166666667e-02 1.833333333e-02 271
2.500000000e-03 1.166666667e-02 2.000000000e-02 272
2.500000000e-03 1.333333333e-02 0.000000000e+00 273
2.500000000e-03 1.333333333e-02 1.666666667e-03 274
2.500000000e-03 1.333333333e-02 3.333333333e-03 275
2.500000000e-03 1.333333333e-02 5.000000000e-03 276
2.500000000e-03 1.333333333e-02 6.666666667e-03 277
2.500000000e-03 1.333333333e-02 8.333333333e-03 278
2.500000000e-03 1.333333333e-02 1.000000000e-02 279
2.500000000e-03 1.333333333e-02 1.166666667e-02 280
2.500000000e-03 1.333333333e-02 1.333333333e-02 281
2.500000000e-03 1.333333333e-02 1.500000000e-02 282
2.500000000e-03 1.333333333e-02 1.666666667e-02 283
2.500000000e-03 1.333333333e-02 1.833333333e-02 284
2.500000000e-03 1.333333333e-02 2.000000000e-02 285
2.500000000e-03 1.500000000e-02 0.000000000e+00 286
2.500000000e-03 1.500000000e-02 1.666666667e-03 287
2.500000000e-03 1.500000000e-02 3.333333333e-03 288
2.500000000e-03 1.500000000e-02 5.000000000e-03 289
2.500000000e-03 1.500000000e-02 6.666666667e-03 290
2.500000000e-03 1.500000000e-02 8.333333333e-03 291
2.500000000e-03 1.500000000e-02 1.000000000e-02 292
2.500000000e-03 1.500000000e-02 1.166666667e-02 293
2.500000000e-03 1.500000000e-02 1.333333333e-02 294
2.500000000e-03 1.500000000e-02 1.500000000e-02 295
2.500000000e-03 1.500000000e-02 1.666666667e-02 296
2.500000000e-03 1.500000000e-02 1.833333333e-02 297
2.500000000e-03 1.500000000e-02 2.000000000e-02 298
2.500000000e-03 1.666666667e-02 0.000000000e+00 299
2.500000000e-03 1.666666667e-02 1.666666667e-03 300
2.500000000e-03 1.666666667e-02 3.333333333e-03 301
2.500000000e-03 1.666666667e-02 5.000000000e-03 302
2.500000000e-03 1.666666667e-02 6.666666667e-03 303
2.500000000e-03 1.666666667e-02 8.333333333e-03 304
2.500000000e-03 1.666666667e-02 1.000000000e-02 305
2.500000000e-03 1.666666667e-02 1.166666667e-02 306
2.500000000e-03 1.666666667e-02 1.333333333e-02 307
2.500000000e-03 1.666666667e-02 1.500000000e-02 308
2.500000000e-03 1.666666667e-02 1.666666667e-02 309
2.500000000e-03 1.666666667e-02 1.833333333e-02 310
2.500000000e-03 1.666666667e-02 2.000000000e-02 311
2.500000000e-03 1.833333333e-02 0.000000000e+00 312
2.500000000e-03 1.833333333e-02 1.666666667e-03 313
2.500000000e-03 1.833333333e-02 3.333333333e-03 314
2.500000000e-03 1.833333333e-02 5.000000000e-03 315
2.500000000e-03 1.833333333e-02 6.666666667e-03 316
2.500000000e-03 1.833333333e-02 8.333333333e-03 317
2.500000000e-03 1.833333333e-02 1.000000000e-02 318
2.500000000e-03 1.833333333e-02 1.166666667e-02 319
2.500000000e-03 1.833333333e-02 1.333333333e-02 320
2.500000000e-03 1.833333333e-02 1.500000000e-02 321
2.500000000e-03 1.833333333e-02 1.666666667e-02 322
2.500000000e-03 1.833333333e-02 1.833333333e-02 323
2.500000000e-03 1.833333333e-02 2.000000000e-02 324
2.500000000e-03 2.000000000e-02 0.000000000e+00 325
2.500000000e-03 2.000000000e-02 1.666666667e-03 326
2.500000000e-03 2.000000000e-02 3.333333333e-03 327
2.500000000e-03 2.000000000e-02 5.000000000e-03 328
2.500000000e-03 2.000000000e-02 6.666666667e-03 329
2.500000000e-03 2.000000000e-02 8.333333333e-03 330
2.500000000e-03 2.000000000e-02 1.000000000e-02 331
2.500000000e-03 2.000000000e-02 1.166666667e-02 332
2.500000000e-03 2.000000000e-02 1.333333333e-02 333
2.500000000e-03 2.000000000e-02 1.500000000e-02 334
2.500000000e-03 2.000000000e-02 1.666666667e-02 335
2.500000000e-03 2.000000000e-02 1.833333333e-02 336
2.500000000e-03 2.000000000e-02 2.000000000e-02 337
5.000000000e-03 0.000000000e+00 0.000000000e+00 338
5.000000000e-03 0.000000000e+00 1.666666667e-03 339
5.000000000e-03 0.000000000e+00 3.333333333e-03 340
5.000000000e-03 0.000000000e+00 5.000000000e-03 341
5.000000000e-03 0.000000000e+00 6.666666667e-03 342
5.000000000e-03 0.000000000e+00 8.333333333e-03 343
5.000000000e-03 0.000000000e+00 1.000000000e-02 344
5.000000000e-03 0.000000000e+00 1.166666667e-02 345
5.000000000e-03 0.000000000e+00 1.333333333e-02 346
5.000000000e-03 0.000000000e+00 1.500000000e-02 347
5.000000000e-03 0.000000000e+00 1.666666667e-02 348
5.000000000e-03 0.000000000e+00 1.833333333e-02 349
5.000000000e-03 0.000000000e+00 2.000000000e-02 350
5.000000000e-03 1.666666667e-03 0.000000000e+00 351
5.000000000e-03 1.666666667e-03 1.666666667e-03 352
5.000000000e-03 1.666666667e-03 3.333333333e-03 353
5.000000000e-03 1.666666667e-03 5.000000000e-03 354
5.000000000e-03 1.666666667e-03 6.666666667e-03 355
5.000000000e-03 1.666666667e-03 8.333333333e-03 356
5.000000000e-03 1.666666667e-03 1.000000000e-02 357
5.000000000e-03 1.666666667e-03 1.166666667e-02 358
5.000000000e-03 1.666666667e-03 1.333333333e-02 359
5.000000000e-03 1.666666667e-03 1.500000000e-02 360
5.000000000e-03 1.666666667e-03 1.666666667e-02 361
5.000000000e-03 1.666666667e-03 1.833333333e-02 362
5.000000000e-03 1.666666667e-03 2.000000000e-02 363
5.000000000e-03 3.333333333e-03 0.000000000e+00 364
5.000000000e-03 3.333333333e-03 1.666666667e-03 365
5.000000000e-03 3.333333333e-03 3.333333333e-03 366
5.000000000e-03 3.333333333e-03 5.000000000e-03 367
5.000000000e-03 3.333333333e-03 6.666666667e-03 368
5.000000000e-03 3.333333333e-03 8.333333333e-03 369
5.000000000e-03 3.333333333e-03 1.000000000e-02 370
5.000000000e-03 3.333333333e-03 1.166666667e-02 371
5.000000000e-03 3.333333333e-03 1.333333333e-02 372
5.000000000e-03 3.333333333e-03 1.500000000e-02 373
5.000000000e-03 3.333333333e-03 1.666666667e-02 374
5.000000000e-03 3.333333333e-03 1.833333333e-02 375
5.000000000e-03 3.333333333e-03 2.000000000e-02 376
5.000000000e-03 5.000000000e-03 0.000000000e+00 377
5.000000000e-03 5.000000000e-03 1.666666667e-03 378
5.000000000e-03 5.000000000e-03 3.333333333e-03 379
5.000000000e-03 5.000000000e-03 5.000000000e-03 380
5.000000000e-03 5.000000000e-03 6.666666667e-03 381
5.000000000e-03 5.000000000e-03 8.333333333e-03 382
5.000000000e-03 5.000000000e-03 1.000000000e-02 383
5.000000000e-03 5.000000000e-03 1.166666667e-02 384
5.000000000e-03 5.000000000e-03 1.333333333e-02 385
5.000000000e-03 5.000000000e-03 1.500000000e-02 386
5.000000000e-03 5.000000000e-03 1.666666667e-02 387
5.000000000e-03 5.000000000e-03 1.833333333e-02 388
5.000000000e-03 5.000000000e-03 2.000000000e-02 389
5.000000000e-03 6.666666667e-03 0.000000000e+00 390
5.000000000e-03 6.666666667e-03 1.666666667e-03 391
5.000000000e-03 6.666666667e-03 3.333333333e-03 392
5.000000000e-03 6.666666667e-03 5.000000000e-03 393
5.000000000e-03 6.666666667e-03 6.666666667e-03 394
5.000000000e-03 6.666666667e-03 8.333333333e-03 395
5.000000000e-03 6.666666667e-03 1.000000000e-02 396
5.000000000e-03 6.666666667e-03 1.166666667e-02 397
5.000000000e-03 6.666666667e-03 1.333333333e-02 398
5.000000000e-03 6.666666667e-03 1.500000000e-02 399
5.000000000e-03 6.666666667e-03 1.666666667e-02 400
5.000000000e-03 6.666666667e-03 1.833333333e-02 401
5.000000000e-03 6.666666667e-03 2.000000000e-02 402
5.000000000e-03 8.333333333e-03 0.000000000e+00 403
5.000000000e-03 8.333333333e-03 1.666666667e-03 404
5.000000000e-03 8.333333333e-03 3.333333333e-03 405
5.000000000e-03 8.333333333e-03 5.000000000e-03 406
5.000000000e-03 8.333333333e-03 6.666666667e-03 407
5.000000000e-03 8.333333333e-03 8.333333333e-03 408
5.000000000e-03 8.333333333e-03 1.000000000e-02 409
5.000000000e-03 8.333333333e-03 1.166666667e-02 410
5.000000000e-03 8.333333333e-03 1.333333333e-02 411
5.000000000e-03 8.333333333e-03 1.500000000e-02 412
5.000000000e-03 8.333333333e-03 1.666666667e-02 413
5.000000000e-03 8.333333333e-03 1.833333333e-02 414
5.000000000e-03 8.333333333e-03 2.000000000e-02 415
5.000000000e-03 1.000000000e-02 0.000000000e+00 416
5.000000000e-03 1.000000000e-02 1.666666667e-03 417
5.000000000e-03 1.000000000e-02 3.333333333e-03 418
5.000000000e-03 1.000000000e-02 5.000000000e-03 419
5.000000000e-03 1.000000000e-02 6.666666667e-03 420
5.000000000e-03 1.000000000e-02 8.333333333e-03 421
5.000000000e-03 1.000000000e-02 1.000000000e-02 422
5.000000000e-03 1.000000000e-02 1.166666667e-02 423
5.000000000e-03 1.000000000e-02 1.333333333e-02 424
5.000000000e-03 1.000000000e-02 1.500000000e-02 425
5.000000000e-03 1.000000000e-02 1.666666667e-02 426
5.000000000e-03 1.000000000e-02 1.833333333e-02 427
5.000000000e-03 1.000000000e-02 2.000000000e-02 428
5.000000000e-03 1.166666667e-02 0.000000000e+00 429
5.000000000e-03 1.166666667e-02 1.666666667e-03 430
5.000000000e-03 1.166666667e-02 3.333333333e-03 431
5.000000000e-03 1.166666667e-02 5.000000000e-03 432
5.000000000e-03 1.166666667e-02 6.666666667e-03 433
5.000000000e-03 1.166666667e-02 8.333333333e-03 434
5.000000000e-03 1.166666667e-02 1.000000000e-02 435
5.000000000e-03 1.166666667e-02 1.166666667e-02 436
5.000000000e-03 1.166666667e-02 1.333333333e-02 437
5.000000000e-03 1.166666667e-02 1.500000000e-02 438
5.000000000e-03 1.166666667e-02 1.666666667e-02 439
5.000000000e-03 1.166666667e-02 1.833333333e-02 440
5.000000000e-03 1.166666667e-02 2.000000000e-02 441
5.000000000e-03 1.333333333e-02 0.000000000e+00 442
5.000000000e-03 1.333333333e-02 1.666666667e-03 443
5.000000000e-03 1.333333333e-02 3.333333333e-03 444
5.000000000e-03 1.333333333e-02 5.000000000e-03 445
5.000000000e-03 1.333333333e-02 6.666666667e-03 446
5.000000000e-03 1.333333333e-02 8.333333333e-03 447
5.000000000e-03 1.333333333e-02 1.000000000e-02 448
5.000000000e-03 1.333333333e-02 1.166666667e-02 449
5.000000000e-03 1.333333333e-02 1.333333333e-02 450
5.000000000e-03 1.333333333e-02 1.500000000e-02 451
5.000000000e-03 1.333333333e-02 1.666666667e-02 452
5.000000000e-03 1.333333333e-02 1.833333333e-02 453
5.000000000e-03 1.333333333e-02 2.000000000e-02 454
5.000000000e-03 1.500000000e-02 0.000000000e+00 455
5.000000000e-03 1.500000000e-02 1.666666667e-03 456
5.000000000e-03 1.500000000e-02 3.333333333e-03 457
5.000000000e-03 1.500000000e-02 5.000000000e-03 458
5.000000000e-03 1.500000000e-02 6.666666667e-03 459
5.000000000e-03 1.500000000e-02 8.333333333e-03 460
5.000000000e-03 1.500000000e-02 1.000000000e-02 461
5.000000000e-03 1.500000000e-02 1.166666667e-02 462
5.000000000e-03 1.500000000e-02 1.333333333e-02 463
5.000000000e-03 1.500000000e-02 1.500000000e-02 464
5.000000000e-03 1.500000000e-02 1.666666667e-02 465
5.000000000e-03 1.500000000e-02 1.833333333e-02 466
5.000000000e-03 1.500000000e-02 2.000000000e-02 467
5.000000000e-03 1.666666667e-02 0.000000000e+00 468
5.000000000e-03 1.666666667e-02 1.666666667e-03 469
5.000000000e-03 1.666666667e-02 3.333333333e-03 470
5.000000000e-03 1.666666667e-02 5.000000000e-03 471
5.000000000e-03 1.666666667e-02 6.666666667e-03 472
5.000000000e-03 1.666666667e-02 8.333333333e-03 473
5.000000000e-03 1.666666667e-02 1.000000000e-02 474
5.000000000e-03 1.666666667e-02 1.166666667e-02 475
5.000000000e-03 1.666666667e-02 1.333333333e-02 476
5.000000000e-03 1.666666667e-02 1.500000000e-02 477
5.000000000e-03 1.666666667e-02 1.666666667e-02 478
5.000000000e-03 1.666666667e-02 1.833333333e-02 479
5.000000000e-03 1.666666667e-02 2.000000000e-02 480
5.000000000e-03 1.833333333e-02 0.000000000e+00 481
5.000000000e-03 1.833333333e-02 1.666666667e-03 482
5.000000000e-03 1.833333333e-02 3.333333333e-03 483
5.000000000e-03 1.833333333e-02 5.000000000e-03 484
5.000000000e-03 1.833333333e-02 6.666666667e-03 485
5.000000000e-03 1.833333333e-02 8.333333333e-03 486
5.000000000e-03 1.833333333e-02 1.000000000e-02 487
5.000000000e-03 1.833333333e-02 1.166666667e-02 488
5.000000000e-03 1.833333333e-02 1.333333333e-02 489
5.000000000e-03 1.833333333e-02 1.500000000e-02 490
5.000000000e-03 1.833333333e-02 1.666666667e-02 491
5.000000000e-03 1.833333333e-02 1.833333333e-02 492
5.000000000e-03 1.833333333e-02 2.000000000e-02 493
5.000000000e-03 2.000000000e-02 0.000000000e+00 494
5.000000000e-03 2.000000000e-02 1.666666667e-03 495
5.000000000e-03 2.000000000e-02 3.333333333e-03 496
5.000000000e-03 2.000000000e-02 5.000000000e-03 497
5.000000000e-03 2.000000000e-02 6.666666667e-03 498
5.000000000e-03 2.000000000e-02 8.333333333e-03 499
5.000000000e-03 2.000000000e-02 1.000000000e-02 500
5.000000000e-03 2.000000000e-02 1.166666667e-02 501
5.000000000e-03 2.000000000e-02 1.333333333e-02 502
5.000000000e-03 2.000000000e-02 1.500000000e-02 503
5.000000000e-03 2.000000000e-02 1.666666667e-02 504
5.000000000e-03 2.000000000e-02 1.833333333e-02 505
5.000000000e-03 2.000000000e-02 2.000000000e-02 506
7.500000000e-03 0.000000000e+00 0.000000000e+00 507
7.500000000e-03 0.000000000e+00 1.666666667e-03 508
7.500000000e-03 0.000000000e+00 3.333333333e-03 509
7.500000000e-03 0.000000000e+00 5.000000000e-03 510
7.500000000e-03 0.000000000e+00 6.666666667e-03 511
7.500000000e-03 0.000000000e+00 8.333333333e-03 512
7.500000000e-03 0.000000000e+00 1.000000000e-02 513
7.500000000e-03 0.000000000e+00 1.166666667e-02 514
7.500000000e-03 0.000000000e+00 1.333333333e-02 515
7.500000000e-03 0.000000000e+00 1.500000000e-02 516
7.500000000e-03 0.000000000e+00 1.666666667e-02 517
7.500000000e-03 0.000000000e+00 1.833333333e-02 518
7.500000000e-03 0.000000000e+00 2.000000000e-02 519
7.500000000e-03 1.666666667e-03 0.000000000e+00 520
7.500000000e-03 1.666666667e-03 1.666666667e-03 521
7.500000000e-03 1.666666667e-03 3.333333333e-03 522
7.500000000e-03 1.666666667e-03 5.000000000e-03 523
7.500000000e-03 1.666666667e-03 6.666666667e-03 524
7.500000000e-03 1.666666667e-03 8.333333333e-03 525
7.500000000e-03 1.666666667e-03 1.000000000e-02 526
7.500000000e-03 1.666666667e-03 1.166666667e-02 527
7.500000000e-03 1.666666667e-03 1.333333333e-02 528
7.500000000e-03 1.666666667e-03 1.500000000e-02 529
7.500000000e-03 1.666666667e-03 1.666666667e-02 530
7.500000000e-03 1.666666667e-03 1.833333333e-02 531
7.500000000e-03 1.666666667e-03 2.000000000e-02 532
7.500000000e-03 3.333333333e-03 0.000000000e+00 533
7.500000000e-03 3.333333333e-03 1.666666667e-03 534
7.500000000e-03 3.333333333e-03 3.333333333e-03 535
7.500000000e-03 3.333333333e-03 5.000000000e-03 536
7.500000000e-03 3.333333333e-03 6.666666667e-03 537
7.500000000e-03 3.333333333e-03 8.333333333e-03 538
7.500000000e-03 3.333333333e-03 1.000000000e-02 539
7.500000000e-03 3.333333333e-03 1.166666667e-02 540
7.500000000e-03 3.333333333e-03 1.333333333e-02 541
7.500000000e-03 3.333333333e-03 1.500000000e-02 542
7.500000000e-03 3.333333333e-03 1.666666667e-02 543
7.500000000e-03 3.333333333e-03 1.833333333e-02 544
7.500000000e-03 3.333333333e-03 2.000000000e-02 545
7.500000000e-03 5.000000000e-03 0.000000000e+00 546
7.500000000e-03 5.000000000e-03 1.666666667e-03 547
7.500000000e-03 5.000000000e-03 3.333333333e-03 548
7.500000000e-03 5.000000000e-03 5.000000000e-03 549
7.500000000e-03 5.000000000e-03 6.666666667e-03 550
7.500000000e-03 5.000000000e-03 8.333333333e-03 551
7.500000000e-03 5.000000000e-03 1.000000000e-02 552
7.500000000e-03 5.000000000e-03 1.166666667e-02 553
7.500000000e-03 5.000000000e-03 1.333333333e-02 554
7.500000000e-03 5.000000000e-03 1.500000000e-02 555
7.500000000e-03 5.000000000e-03 1.666666667e-02 556
7.500000000e-03 5.000000000e-03 1.833333333e-02 557
7.500000000e-03 5.000000000e-03 2.000000000e-02 558
7.500000000e-03 6.666666667e-03 0.000000000e+00 559
7.500000000e-03 6.666666667e-03 1.666666667e-03 560
7.500000000e-03 6.666666667e-03 3.333333333e-03 561
7.500000000e-03 6.666666667e-03 5.000000000e-03 562
7.500000000e-03 6.666666667e-03 6.666666667e-03 563
7.500000000e-03 6.666666667e-03 8.333333333e-03 564
7.500000000e-03 6.666666667e-03 1.000000000e-02 565
7.500000000e-03 6.666666667e-03 1.166666667e-02 566
7.500000000e-03 6.666666667e-03 1.333333333e-02 567
7.500000000e-03 6.666666667e-03 1.500000000e-02 568
7.500000000e-03 6.666666667e-03 1.666666667e-02 569
7.500000000e-03 6.666666667e-03 1.833333333e-02 570
7.500000000e-03 6.666666667e-03 2.000000000e-02 571
7.500000000e-03 8.333333333e-03 0.000000000e+00 572
7.500000000e-03 8.333333333e-03 1.666666667e-03 573
7.500000000e-03 8.333333333e-03 3.333333333e-03 574
7.500000000e-03 8.333333333e-03 5.000000000e-03 575
7.500000000e-03 8.333333333e-03 6.666666667e-03 576
7.500000000e-03 8.333333333e-03 8.333333333e-03 577
7.500000000e-03 8.333333333e-03 1.000000000e-02 578
7.500000000e-03 8.333333333e-03 1.166666667e-02 579
7.500000000e-03 8.333333333e-03 1.333333333e-02 580
7.500000000e-03 8.333333333e-03 1.500000000e-02 581
7.500000000e-03 8.333333333e-03 1.666666667e-02 582
7.500000000e-03 8.333333333e-03 1.833333333e-02 583
7.500000000e-03 8.333333333e-03 2.000000000e-02 584
7.500000000e-03 1.000000000e-02 0.000000000e+00 585
7.500000000e-03 1.000000000e-02 1.666666667e-03 586
7.500000000e-03 1.000000000e-02 3.333333333e-03 587
7.500000000e-03 1.000000000e-02 5.000000000e-03 588
7.500000000e-03 1.000000000e-02 6.666666667e-03 589
7.500000000e-03 1.000000000e-02 8.333333333e-03 590
7.500000000e-03 1.000000000e-02 1.000000000e-02 591
7.500000000e-03 1.000000000e-02 1.166666667e-02 592
7.500000000e-03 1.000000000e-02 1.333333333e-02 593
7.500000000e-03 1.000000000e-02 1.500000000e-02 594
7.500000000e-03 1.000000000e-02 1.666666667e-02 595
7.500000000e-03 1.000000000e-02 1.833333333e-02 596
7.500000000e-03 1.000000000e-02 2.000000000e-02 597
7.500000000e-03 1.166666667e-02 0.000000000e+00 598
7.500000000e-03 1.166666667e-02 1.666666667e-03 599
7.500000000e-03 1.166666667e-02 3.333333333e-03 600
7.500000000e-03 1.166666667e-02 5.000000000e-03 601
7.500000000e-03 1.166666667e-02 6.666666667e-03 602
7.500000000e-03 1.166666667e-02 8.333333333e-03 603
7.500000000e-03 1.166666667e-02 1.000000000e-02 604
7.500000000e-03 1.166666667e-02 1.166666667e-02 605
7.500000000e-03 1.166666667e-02 1.333333333e-02 606
7.500000000e-03 1.166666667e-02 1.500000000e-02 607
7.500000000e-03 1.166666667e-02 1.666666667e-02 608
7.500000000e-03 1.166666667e-02 1.833333333e-02 609
7.500000000e-03 1.166666667e-02 2.000000000e-02 610
7.500000000e-03 1.333333333e-02 0.000000000e+00 611
7.500000000e-03 1.333333333e-02 1.666666667e-03 612
7.500000000e-03 1.333333333e-02 3.333333333e-03 613
7.500000000e-03 1.333333333e-02 5.000000000e-03 614
7.500000000e-03 1.333333333e-02 6.666666667e-03 615
7.500000000e-03 1.333333333e-02 8.333333333e-03 616
7.500000000e-03 1.333333333e-02 1.000000000e-02 617
7.500000000e-03 1.333333333e-02 1.166666667e-02 618
7.500000000e-03 1.333333333e-02 1.333333333e-02 619
7.500000000e-03 1.333333333e-02 1.500000000e-02 620
7.500000000e-03 1.333333333e-02 1.666666667e-02 621
7.500000000e-03 1.333333333e-02 1.833333333e-02 622
7.500000000e-03 1.333333333e-02 2.000000000e-02 623
7.500000000e-03 1.500000000e-02 0.000000000e+00 624
7.500000000e-03 1.500000000e-02 1.666666667e-03 625
7.500000000e-03 1.500000000e-02 3.333333333e-03 626
7.500000000e-03 1.500000000e-02 5.000000000e-03 627
7.500000000e-03 1.500000000e-02 6.666666667e-03 628
7.500000000e-03 1.500000000e-02 8.333333333e-03 629
7.500000000e-03 1.500000000e-02 1.000000000e-02 630
7.500000000e-03 1.500000000e-02 1.166666667e-02 631
7.500000000e-03 1.500000000e-02 1.333333333e-02 632
7.500000000e-03 1.500000000e-02 1.500000000e-02 633
7.500000000e-03 1.500000000e-02 1.666666667e-02 634
7.500000000e-03 1.500000000e-02 1.833333333e-02 635
7.500000000e-03 1.500000000e-02 2.000000000e-02 636
7.500000000e-03 1.666666667e-02 0.000000000e+00 637
7.500000000e-03 1.666666667e-02 1.666666667e-03 638
7.500000000e-03 1.666666667e-02 3.333333333e-03 639
7.500000000e-03 1.666666667e-02 5.000000000e-03 640
7.500000000e-03 1.666666667e-02 6.666666667e-03 641
7.500000000e-03 1.666666667e-02 8.333333333e-03 642
7.500000000e-03 1.666666667e-02 1.000000000e-02 643
7.500000000e-03 1.666666667e-02 1.166666667e-02 644
7.500000000e-03 1.666666667e-02 1.333333333e-02 645
7.500000000e-03 1.666666667e-02 1.500000000e-02 646
7.500000000e-03 1.666666667e-02 1.666666667e-02 647
7.500000000e-03 1.666666667e-02 1.833333333e-02 648
7.500000000e-03 1.666666667e-02 2.000000000e-02 649
7.500000000e-03 1.833333333e-02 0.000000000e+00 650
7.500000000e-03 1.833333333e-02 1.666666667e-03 651
7.500000000e-03 1.833333333e-02 3.333333333e-03 652
7.500000000e-03 1.833333333e-02 5.000000000e-03 653
7.500000000e-03 1.833333333e-02 6.666666667e-03 654
7.500000000e-03 1.833333333e-02 8.333333333e-03 655
7.500000000e-03 1.833333333e-02 1.000000000e-02 656
7.500000000e-03 1.833333333e-02 1.166666667e-02 657
7.500000000e-03 1.833333333e-02 1.333333333e-02 658
7.500000000e-03 1.833333333e-02 1.500000000e-02 659
7.500000000e-03 1.833333333e-02 1.666666667e-02 660
7.500000000e-03 1.833333333e-02 1.833333333e-02 661
7.500000000e-03 1.833333333e-02 2.000000000e-02 662
7.500000000e-03 2.000000000e-02 0.000000000e+00 663
7.500000000e-03 2.000000000e-02 1.666666667e-03 664
7.500000000e-03 2.000000000e-02 3.333333333e-03 665
7.500000000e-03 2.000000000e-02 5.000000000e-03 666
7.500000000e-03 2.000000000e-02 6.666666667e-03 667
7.500000000e-03 2.000000000e-02 8.333333333e-03 668
7.500000000e-03 2.000000000e-02 1.000000000e-02 669
7.500000000e-03 2.000000000e-02 1.166666667e-02 670
7.500000000e-03 2.000000000e-02 1.333333333e-02 671
7.500000000e-03 2.000000000e-02 1.500000000e-02 672
7.500000000e-03 2.000000000e-02 1.666666667e-02 673
7.500000000e-03 2.000000000e-02 1.833333333e-02 674
7.500000000e-03 2.000000000e-02 2.000000000e-02 675
1.000000000e-02 0.000000000e+00 0.000000000e+00 676
1.000000000e-02 0.000000000e+00 1.666666667e-03 677
1.000000000e-02 0.000000000e+00 3.333333333e-03 678
1.000000000e-02 0.000000000e+00 5.000000000e-03 679
1.000000000e-02 0.000000000e+00 6.666666667e-03 680
1.000000000e-02 0.000000000e+00 8.333333333e-03 681
1.000000000e-02 0.000000000e+00 1.000000000e-02 682
1.000000000e-02 0.000000000e+00 1.166666667e-02 683
1.000000000e-02 0.000000000e+00 1.333333333e-02 684
1.000000000e-02 0.000000000e+00 1.500000000e-02 685
1.000000000e-02 0.000000000e+00 1.666666667e-02 686
1.000000000e-02 0.000000000e+00 1.833333333e-02 687
1.000000000e-02 0.000000000e+00 2.000000000e-02 688
1.000000000e-02 1.666666667e-03 0.000000000e+00 689
1.000000000e-02 1.666666667e-03 1.666666667e-03 690
1.000000000e-02 1.666666667e-03 3.333333333e-03 691
1.000000000e-02 1.666666667e-03 5.000000000e-03 692
1.000000000e-02 1.666666667e-03 6.666666667e-03 693
1.000000000e-02 1.666666667e-03 8.333333333e-03 694
1.000000000e-02 1.666666667e-03 1.000000000e-02 695
1.000000000e-02 1.666666667e-03 1.166666667e-02 696
1.000000000e-02 1.666666667e-03 1.333333333e-02 697
1.000000000e-02 1.666666667e-03 1.500000000e-02 698
1.000000000e-02 1.666666667e-03 1.666666667e-02 699
1.000000000e-02 1.666666667e-03 1.833333333e-02 700
1.000000000e-02 1.666666667e-03 2.000000000e-02 701
1.000000000e-02 3.333333333e-03 0.000000000e+00 702
1.000000000e-02 3.333333333e-03 1.666666667e-03 703
1.000000000e-02 3.333333333e-03 3.333333333e-03 704
1.000000000e-02 3.333333333e-03 5.000000000e-03 705
1.000000000e-02 3.333333333e-03 6.666666667e-03 706
1.000000000e-02 3.333333333e-03 8.333333333e-03 707
1.000000000e-02 3.333333333e-03 1.000000000e-02 708
1.000000000e-02 3.333333333e-03 1.166666667e-02 709
1.000000000e-02 3.333333333e-03 1.333333333e-02 710
1.000000000e-02 3.333333333e-03 1.500000000e-02 711
1.000000000e-02 3.333333333e-03 1.666666667e-02 712
1.000000000e-02 3.333333333e-03 1.833333333e-02 713
1.000000000e-02 3.333333333e-03 2.000000000e-02 714
1.000000000e-02 5.000000000e-03 0.000000000e+00 715
1.000000000e-02 5.000000000e-03 1.666666667e-03 716
1.000000000e-02 5.000000000e-03 3.333333333e-03 717
1.000000000e-02 5.000000000e-03 5.000000000e-03 718
1.000000000e-02 5.000000000e-03 6.666666667e-03 719
1.000000000e-02 5.000000000e-03 8.333333333e-03 720
1.000000000e-02 5.000000000e-03 1.000000000e-02 721
1.000000000e-02 5.000000000e-03 1.166666667e-02 722
1.000000000e-02 5.000000000e-03 1.333333333e-02 723
1.000000000e-02 5.000000000e-03 1.500000000e-02 724
1.000000000e-02 5.000000000e-03 1.666666667e-02 725
1.000000000e-02 5.000000000e-03 1.833333333e-02 726
1.000000000e-02 5.000000000e-03 2.000000000e-02 727
1.000000000e-02 6.666666667e-03 0.000000000e+00 728
1.000000000e-02 6.666666667e-03 1.666666667e-03 729
1.000000000e-02 6.666666667e-03 3.333333333e-03 730
1.000000000e-02 6.666666667e-03 5.000000000e-03 731
1.000000000e-02 6.666666667e-03 6.666666667e-03 732
1.000000000e-02 6.666666667e-03 8.333333333e-03 733
1.000000000e-02 6.666666667e-03 1.000000000e-02 734
1.000000000e-02 6.666666667e-03 1.166666667e-02 735
1.000000000e-02 6.666666667e-03 1.333333333e-02 736
1.000000000e-02 6.666666667e-03 1.500000000e-02 737
1.000000000e-02 6.666666667e-03 1.666666667e-02 738
1.000000000e-02 6.666666667e-03 1.833333333e-02 739
1.000000000e-02 6.666666667e-03 2.000000000e-02 740
1.000000000e-02 8.333333333e-03 0.000000000e+00 741
1.000000000e-02 8.333333333e-03 1.666666667e-03 742
1.000000000e-02 8.333333333e-03 3.333333333e-03 743
1.000000000e-02 8.333333333e-03 5.000000000e-03 744
1.000000000e-02 8.333333333e-03 6.666666667e-03 745
1.000000000e-02 8.333333333e-03 8.333333333e-03 746
1.000000000e-02 8.333333333e-03 1.000000000e-02 747
1.000000000e-02 8.333333333e-03 1.166666667e-02 748
1.000000000e-02 8.333333333e-03 1.333333333e-02 749
1.000000000e-02 8.333333333e-03 1.500000000e-02 750
1.000000000e-02 8.333333333e-03 1.666666667e-02 751
1.000000000e-02 8.333333333e-03 1.833333333e-02 752
1.000000000e-02 8.333333333e-03 2.000000000e-02 753
1.000000000e-02 1.000000000e-02 0.000000000e+00 754
1.000000000e-02 1.000000000e-02 1.666666667e-03 755
1.000000000e-02 1.000000000e-02 3.333333333e-03 756
1.000000000e-02 1.000000000e-02 5.000000000e-03 757
1.000000000e-02 1.000000000e-02 6.666666667e-03 758
1.000000000e-02 1.000000000e-02 8.333333333e-03 759
1.000000000e-02 1.000000000e-02 1.000000000e-02 760
1.000000000e-02 1.000000000e-02 1.166666667e-02 761
1.000000000e-02 1.000000000e-02 1.333333333e-02 762
1.000000000e-02 1.000000000e-02 1.500000000e-02 763
1.000000000e-02 1.000000000e-02 1.666666667e-02 764
1.000000000e-02 1.000000000e-02 1.833333333e-02 765
1.000000000e-02 1.000000000e-02 2.000000000e-02 766
1.000000000e-02 1.166666667e-02 0.000000000e+00 767
1.000000000e-02 1.166666667e-02 1.666666667e-03 768
1.000000000e-02 1.166666667e-02 3.333333333e-03 769
1.000000000e-02 1.166666667e-02 5.000000000e-03 770
1.000000000e-02 1.166666667e-02 6.666666667e-03 771
1.000000000e-02 1.166666667e-02 8.333333333e-03 772
1.000000000e-02 1.166666667e-02 1.000000000e-02 773
1.000000000e-02 1.166666667e-02 1.166666667e-02 774
1.000000000e-02 1.166666667e-02 1.333333333e-02 775
1.000000000e-02 1.166666667e-02 1.500000000e-02 776
1.000000000e-02 1.166666667e-02 1.666666667e-02 777
1.000000000e-02 1.166666667e-02 1.833333333e-02 778
1.000000000e-02 1.166666667e-02 2.000000000e-02 779
1.000000000e-02 1.333333333e-02 0.000000000e+00 780
1.000000000e-02 1.333333333e-02 1.666666667e-03 781
1.000000000e-02 1.333333333e-02 3.333333333e-03 782
1.000000000e-02 1.333333333e-02 5.000000000e-03 783
1.000000000e-02 1.333333333e-02 6.666666667e-03 784
1.000000000e-02 1.333333333e-02 8.333333333e-03 785
1.000000000e-02 1.333333333e-02 1.000000000e-02 786
1.000000000e-02 1.333333333e-02 1.166666667e-02 787
1.000000000e-02 1.333333333e-02 1.333333333e-02 788
1.000000000e-02 1.333333333e-02 1.500000000e-02 789
1.000000000e-02 1.333333333e-02 1.666666667e-02 790
1.000000000e-02 1.333333333e-02 1.833333333e-02 791
1.000000000e-02 1.333333333e-02 2.000000000e-02 792
1.000000000e-02 1.500000000e-02 0.000000000e+00 793
1.000000000e-02 1.500000000e-02 1.666666667e-03 794
1.000000000e-02 1.500000000e-02 3.333333333e-03 795
1.000000000e-02 1.500000000e-02 5.000000000e-03 796
1.000000000e-02 1.500000000e-02 6.666666667e-03 797
1.000000000e-02 1.500000000e-02 8.333333333e-03 798
1.000000000e-02 1.500000000e-02 1.000000000e-02 799
1.000000000e-02 1.500000000e-02 1.166666667e-02 800
1.000000000e-02 1.500000000e-02 1.333333333e-02 801
1.000000000e-02 1.500000000e-02 1.500000000e-02 802
1.000000000e-02 1.500000000e-02 1.666666667e-02 803
1.000000000e-02 1.500000000e-02 1.833333333e-02 804
1.000000000e-02 1.500000000e-02 2.000000000e-02 805
1.000000000e-02 1.666666667e-02 0.000000000e+00 806
1.000000000e-02 1.666666667e-02 1.666666667e-03 807
1.000000000e-02 1.666666667e-02 3.333333333e-03 808
1.000000000e-02 1.666666667e-02 5.000000000e-03 809
1.000000000e-02 1.666666667e-02 6.666666667e-03 810
1.000000000e-02 1.666666667e-02 8.333333333e-03 811
1.000000000e-02 1.666666667e-02 1.000000000e-02 812
1.000000000e-02 1.666666667e-02 1.166666667e-02 813
1.000000000e-02 1.666666667e-02 1.333333333e-02 814
1.000000000e-02 1.666666667e-02 1.500000000e-02 815
1.000000000e-02 1.666666667e-02 1.666666667e-02 816
1.000000000e-02 1.666666667e-02 1.833333333e-02 817
1.000000000e-02 1.666666667e-02 2.000000000e-02 818
1.000000000e-02 1.833333333e-02 0.000000000e+00 819
1.000000000e-02 1.833333333e-02 1.666666667e-03 820
1.000000000e-02 1.833333333e-02 3.333333333e-03 821
1.000000000e-02 1.833333333e-02 5.000000000e-03 822
1.000000000e-02 1.833333333e-02 6.666666667e-03 823
1.000000000e-02 1.833333333e-02 8.333333333e-03 824
1.000000000e-02 1.833333333e-02 1.000000000e-02 825
1.000000000e-02 1.833333333e-02 1.166666667e-02 826
1.000000000e-02 1.833333333e-02 1.333333333e-02 827
1.000000000e-02 1.833333333e-02 1.500000000e-02 828
1.000000000e-02 1.833333333e-02 1.666666667e-02 829
1.000000000e-02 1.833333333e-02 1.833333333e-02 830
1.000000000e-02 1.833333333e-02 2.000000000e-02 831
1.000000000e-02 2.000000000e-02 0.000000000e+00 832
1.000000000e-02 2.000000000e-02 1.666666667e-03 833
1.000000000e-02 2.000000000e-02 3.333333333e-03 834
1.000000000e-02 2.000000000e-02 5.000000000e-03 835
1.000000000e-02 2.000000000e-02 6.666666667e-03 836
1.000000000e-02 2.000000000e-02 8.333333333e-03 837
1.000000000e-02 2.000000000e-02 1.000000000e-02 838
1.000000000e-02 2.000000000e-02 1.166666667e-02 839
1.000000000e-02 2.000000000e-02 1.333333333e-02 840
1.000000000e-02 2.000000000e-02 1.500000000e-02 841
1.000000000e-02 2.000000000e-02 1.666666667e-02 842
1.000000000e-02 2.000000000e-02 1.833333333e-02 843
1.000000000e-02 2.000000000e-02 2.000000000e-02 844
1.250000000e-02 0.000000000e+00 0.000000000e+00 845
1.250000000e-02 0.000000000e+00 1.666666667e-03 846
1.250000000e-02 0.000000000e+00 3.333333333e-03 847
1.250000000e-02 0.000000000e+00 5.000000000e-03 848
1.250000000e-02 0.000000000e+00 6.666666667e-03 849
1.250000000e-02 0.000000000e+00 8.333333333e-03 850
1.250000000e-02 0.000000000e+00 1.000000000e-02 851
1.250000000e-02 0.000000000e+00 1.166666667e-02 852
1.250000000e-02 0.000000000e+00 1.333333333e-02 853
1.250000000e-02 0.000000000e+00 1.500000000e-02 854
1.250000000e-02 0.000000000e+00 1.666666667e-02 855
1.250000000e-02 0.000000000e+00 1.833333333e-02 856
1.250000000e-02 0.000000000e+00 2.000000000e-02 857
1.250000000e-02 1.666666667e-03 0.000000000e+00 858
1.250000000e-02 1.666666667e-03 1.666666667e-03 859
1.250000000e-02 1.666666667e-03 3.333333333e-03 860
1.250000000e-02 1.666666667e-03 5.000000000e-03 861
1.250000000e-02 1.666666667e-03 6.666666667e-03 862
1.250000000e-02 1.666666667e-03 8.333333333e-03 863
1.250000000e-02 1.666666667e-03 1.000000000e-02 864
1.250000000e-02 1.666666667e-03 1.166666667e-02 865
1.250000000e-02 1.666666667e-03 1.333333333e-02 866
1.250000000e-02 1.666666667e-03 1.500000000e-02 867
1.250000000e-02 1.666666667e-03 1.666666667e-02 868
1.250000000e-02 1.666666667e-03 1.833333333e-02 869
1.250000000e-02 1.666666667e-03 2.000000000e-02 870
1.250000000e-02 3.333333333e-03 0.000000000e+00 871
1.250000000e-02 3.333333333e-03 1.666666667e-03 872
1.250000000e-02 3.333333333e-03 3.333333333e-03 873
1.250000000e-02 3.333333333e-03 5.000000000e-03 874
1.250000000e-02 3.333333333e-03 6.666666667e-03 875
1.250000000e-02 3.333333333e-03 8.333333333e-03 876
1.250000000e-02 3.333333333e-03 1.000000000e-02 877
1.250000000e-02 3.333333333e-03 1.166666667e-02 878
1.250000000e-02 3.333333333e-03 1.333333333e-02 879
1.250000000e-02 3.333333333e-03 1.500000000e-02 880
1.250000000e-02 3.333333333e-03 1.666666667e-02 881
1.250000000e-02 3.333333333e-03 1.833333333e-02 882
1.250000000e-02 3.333333333e-03 2.000000000e-02 883
1.250000000e-02 5.000000000e-03 0.000000000e+00 884
1.250000000e-02 5.000000000e-03 1.666666667e-03 885
1.250000000e-02 5.000000000e-03 3.333333333e-03 886
1.250000000e-02 5.000000000e-03 5.000000000e-03 887
1.250000000e-02 5.000000000e-03 6.666666667e-03 888
1.250000000e-02 5.000000000e-03 8.333333333e-03 889
1.250000000e-02 5.000000000e-03 1.000000000e-02 890
1.250000000e-02 5.000000000e-03 1.166666667e-02 891
1.250000000e-02 5.000000000e-03 1.333333333e-02 892
1.250000000e-02 5.000000000e-03 1.500000000e-02 893
1.250000000e-02 5.000000000e-03 1.666666667e-02 894
1.250000000e-02 5.000000000e-03 1.833333333e-02 895
1.250000000e-02 5.000000000e-03 2.000000000e-02 896
1.250000000e-02 6.666666667e-03 0.000000000e+00 897
1.250000000e-02 6.666666667e-03 1.666666667e-03 898
1.250000000e-02 6.666666667e-03 3.333333333e-03 899
1.250000000e-02 6.666666667e-03 5.000000000e-03 900
1.250000000e-02 6.666666667e-03 6.666666667e-03 901
1.250000000e-02 6.666666667e-03 8.333333333e-03 902
1.250000000e-02 6.666666667e-03 1.000000000e-02 903
1.250000000e-02 6.666666667e-03 1.166666667e-02 904
1.250000000e-02 6.666666667e-03 1.333333333e-02 905
1.250000000e-02 6.666666667e-03 1.500000000e-02 906
1.250000000e-02 6.666666667e-03 1.666666667e-02 907
1.250000000e-02 6.666666667e-03 1.833333333e-02 908
1.250000000e-02 6.666666667e-03 2.000000000e-02 909
1.250000000e-02 8.333333333e-03 0.000000000e+00 910
1.250000000e-02 8.333333333e-03 1.666666667e-03 911
1.250000000e-02 8.333333333e-03 3.333333333e-03 912
1.250000000e-02 8.333333333e-03 5.000000000e-03 913
1.250000000e-02 8.333333333e-03 6.666666667e-03 914
1.250000000e-02 8.333333333e-03 8.333333333e-03 915
1.250000000e-02 8.333333333e-03 1.000000000e-02 916
1.250000000e-02 8.333333333e-03 1.166666667e-02 917
1.250000000e-02 8.333333333e-03 1.333333333e-02 918
1.250000000e-02 8.333333333e-03 1.500000000e-02 919
1.250000000e-02 8.333333333e-03 1.666666667e-02 920
1.250000000e-02 8.333333333e-03 1.833333333e-02 921
1.250000000e-02 8.333333333e-03 2.000000000e-02 922
1.250000000e-02 1.000000000e-02 0.000000000e+00 923
1.250000000e-02 1.000000000e-02 1.666666667e-03 924
1.250000000e-02 1.000000000e-02 3.333333333e-03 925
1.250000000e-02 1.000000000e-02 5.000000000e-03 926
1.250000000e-02 1.000000000e-02 6.666666667e-03 927
1.250000000e-02 1.000000000e-02 8.333333333e-03 928
1.250000000e-02 1.000000000e-02 1.000000000e-02 929
1.250000000e-02 1.000000000e-02 1.166666667e-02 930
1.250000000e-02 1.000000000e-02 1.333333333e-02 931
1.250000000e-02 1.000000000e-02 1.500000000e-02 932
1.250000000e-02 1.000000000e-02 1.666666667e-02 933
1.250000000e-02 1.000000000e-02 1.833333333e-02 934
1.250000000e-02 1.000000000e-02 2.000000000e-02 935
1.250000000e-02 1.166666667e-02 0.000000000e+00 936
1.250000000e-02 1.166666667e-02 1.666666667e-03 937
1.250000000e-02 1.166666667e-02 3.333333333e-03 938
1.250000000e-02 1.166666667e-02 5.000000000e-03 939
1.250000000e-02 1.166666667e-02 6.666666667e-03 940
1.250000000e-02 1.166666667e-02 8.333333333e-03 941
1.250000000e-02 1.166666667e-02 1.000000000e-02 942
1.250000000e-02 1.166666667e-02 1.166666667e-02 943
1.250000000e-02 1.166666667e-02 1.333333333e-02 944
1.250000000e-02 1.166666667e-02 1.500000000e-02 945
1.250000000e-02 1.166666667e-02 1.666666667e-02 946
1.250000000e-02 1.166666667e-02 1.833333333e-02 947
1.250000000e-02 1.166666667e-02 2.000000000e-02 948
1.250000000e-02 1.333333333e-02 0.000000000e+00 949
1.250000000e-02 1.333333333e-02 1.666666667e-03 950
1.250000000e-02 1.333333333e-02 3.333333333e-03 951
1.250000000e-02 1.333333333e-02 5.000000000e-03 952
1.250000000e-02 1.333333333e-02 6.666666667e-03 953
1.250000000e-02 1.333333333e-02 8.333333333e-03 954
1.250000000e-02 1.333333333e-02 1.000000000e-02 955
1.250000000e-02 1.333333333e-02 1.166666667e-02 956
1.250000000e-02 1.333333333e-02 1.333333333e-02 957
1.250000000e-02 1.333333333e-02 1.500000000e-02 958
1.250000000e-02 1.333333333e-02 1.666666667e-02 959
1.250000000e-02 1.333333333e-02 1.833333333e-02 960
1.250000000e-02 1.333333333e-02 2.000000000e-02 961
1.250000000e-02 1.500000000e-02 0.000000000e+00 962
1.250000000e-02 1.500000000e-02 1.666666667e-03 963
1.250000000e-02 1.500000000e-02 3.333333333e-03 964
1.250000000e-02 1.500000000e-02 5.000000000e-03 965
1.250000000e-02 1.500000000e-02 6.666666667e-03 966
1.250000000e-02 1.500000000e-02 8.333333333e-03 967
1.250000000e-02 1.500000000e-02 1.000000000e-02 968
1.250000000e-02 1.500000000e-02 1.166666667e-02 969
1.250000000e-02 1.500000000e-02 1.333333333e-02 970
1.250000000e-02 1.500000000e-02 1.500000000e-02 971
1.250000000e-02 1.500000000e-02 1.666666667e-02 972
1.250000000e-02 1.500000000e-02 1.833333333e-02 973
1.250000000e-02 1.500000000e-02 2.000000000e-02 974
1.250000000e-02 1.666666667e-02 0.000000000e+00 975
1.250000000e-02 1.666666667e-02 1.666666667e-03 976
1.250000000e-02 1.666666667e-02 3.333333333e-03 977
1.250000000e-02 1.666666667e-02 5.000000000e-03 978
1.250000000e-02 1.666666667e-02 6.666666667e-03 979
1.250000000e-02 1.666666667e-02 8.333333333e-03 980
1.250000000e-02 1.666666667e-02 1.000000000e-02 981
1.250000000e-02 1.666666667e-02 1.166666667e-02 982
1.250000000e-02 1.666666667e-02 1.333333333e-02 983
1.250000000e-02 1.666666667e-02 1.500000000e-02 984
1.250000000e-02 1.666666667e-02 1.666666667e-02 985
1.250000000e-02 1.666666667e-02 1.833333333e-02 986
1.250000000e-02 1.666666667e-02 2.000000000e-02 987
1.250000000e-02 1.833333333e-02 0.000000000e+00 988
1.250000000e-02 1.833333333e-02 1.666666667e-03 989
1.250000000e-02 1.833333333e-02 3.333333333e-03 990
1.250000000e-02 1.833333333e-02 5.000000000e-03 991
1.250000000e-02 1.833333333e-02 6.666666667e-03 992
1.250000000e-02 1.833333333e-02 8.333333333e-03 993
1.250000000e-02 1.833333333e-02 1.000000000e-02 994
1.250000000e-02 1.833333333e-02 1.166666667e-02 995
1.250000000e-02 1.833333333e-02 1.333333333e-02 996
1.250000000e-02 1.833333333e-02 1.500000000e-02 997
1.250000000e-02 1.833333333e-02 1.666666667e-02 998
1.250000000e-02 1.833333333e-02 1.833333333e-02 999
1.250000000e-02 1.833333333e-02 2.000000000e-02 1000
1.250000000e-02 2.000000000e-02 0.000000000e+00 1001
1.250000000e-02 2.000000000e-02 1.666666667e-03 1002
1.250000000e-02 2.000000000e-02 3.333333333e-03 1003
1.250000000e-02 2.000000000e-02 5.000000000e-03 1004
1.250000000e-02 2.000000000e-02 6.666666667e-03 1005
1.250000000e-02 2.000000000e-02 8.333333333e-03 1006
1.250000000e-02 2.000000000e-02 1.000000000e-02 1007
1.250000000e-02 2.000000000e-02 1.166666667e-02 1008
1.250000000e-02 2.000000000e-02 1.333333333e-02 1009
1.250000000e-02 2.000000000e-02 1.500000000e-02 1010
1.250000000e-02 2.000000000e-02 1.666666667e-02 1011
1.250000000e-02 2.000000000e-02 1.833333333e-02 1012
1.250000000e-02 2.000000000e-02 2.000000000e-02 1013
1.500000000e-02 0.000000000e+00 0.000000000e+00 1014
1.500000000e-02 0.000000000e+00 1.666666667e-03 1015
1.500000000e-02 0.000000000e+00 3.333333333e-03 1016
1.500000000e-02 0.000000000e+00 5.000000000e-03 1017
1.500000000e-02 0.000000000e+00 6.666666667e-03 1018
1.500000000e-02 0.000000000e+00 8.333333333e-03 1019
1.500000000e-02 0.000000000e+00 1.000000000e-02 1020
1.500000000e-02 0.000000000e+00 1.166666667e-02 1021
1.500000000e-02 0.000000000e+00 1.333333333e-02 1022
1.500000000e-02 0.000000000e+00 1.500000000e-02 1023
1.500000000e-02 0.000000000e+00 1.666666667e-02 1024
1.500000000e-02 0.000000000e+00 1.833333333e-02 1025
1.500000000e-02 0.000000000e+00 2.000000000e-02 1026
1.500000000e-02 1.666666667e-03 0.000000000e+00 1027
1.500000000e-02 1.666666667e-03 1.666666667e-03 1028
1.500000000e-02 1.666666667e-03 3.333333333e-03 1029
1.500000000e-02 1.666666667e-03 5.000000000e-03 1030
1.500000000e-02 1.666666667e-03 6.666666667e-03 1031
1.500000000e-02 1.666666667e-03 8.333333333e-03 1032
1.500000000e-02 1.666666667e-03 1.000000000e-02 1033
1.500000000e-02 1.666666667e-03 1.166666667e-02 1034
1.500000000e-02 1.666666667e-03 1.333333333e-02 1035
1.500000000e-02 1.666666667e-03 1.500000000e-02 1036
1.500000000e-02 1.666666667e-03 1.666666667e-02 1037
1.500000000e-02 1.666666667e-03 1.833333333e-02 1038
1.500000000e-02 1.666666667e-03 2.000000000e-02 1039
1.500000000e-02 3.333333333e-03 0.000000000e+00 1040
1.500000000e-02 3.333333333e-03 1.666666667e-03 1041
1.500000000e-02 3.333333333e-03 3.333333333e-03 1042
1.500000000e-02 3.333333333e-03 5.000000000e-03 1043
1.500000000e-02 3.333333333e-03 6.666666667e-03 1044
1.500000000e-02 3.333333333e-03 8.333333333e-03 1045
1.500000000e-02 3.333333333e-03 1.000000000e-02 1046
1.500000000e-02 3.333333333e-03 1.166666667e-02 1047
1.500000000e-02 3.333333333e-03 1.333333333e-02 1048
1.500000000e-02 3.333333333e-03 1.500000000e-02 1049
1.500000000e-02 3.333333333e-03 1.666666667e-02 1050
1.500000000e-02 3.333333333e-03 1.833333333e-02 1051
1.500000000e-02 3.333333333e-03 2.000000000e-02 1052
1.500000000e-02 5.000000000e-03 0.000000000e+00 1053
1.500000000e-02 5.000000000e-03 1.666666667e-03 1054
1.500000000e-02 5.000000000e-03 3.333333333e-03 1055
1.500000000e-02 5.000000000e-03 5.000000000e-03 1056
1.500000000e-02 5.000000000e-03 6.666666667e-03 1057
1.500000000e-02 5.000000000e-03 8.333333333e-03 1058
1.500000000e-02 5.000000000e-03 1.000000000e-02 1059
1.500000000e-02 5.000000000e-03 1.166666667e-02 1060
1.500000000e-02 5.000000000e-03 1.333333333e-02 1061
1.500000000e-02 5.000000000e-03 1.500000000e-02 1062
1.500000000e-02 5.000000000e-03 1.666666667e-02 1063
1.500000000e-02 5.000000000e-03 1.833333333e-02 1064
1.500000000e-02 5.000000000e-03 2.000000000e-02 1065
1.500000000e-02 6.666666667e-03 0.000000000e+00 1066
1.500000000e-02 6.666666667e-03 1.666666667e-03 1067
1.500000000e-02 6.666666667e-03 3.333333333e-03 1068
1.500000000e-02 6.666666667e-03 5.000000000e-03 1069
1.500000000e-02 6.666666667e-03 6.666666667e-03 1070
1.500000000e-02 6.666666667e-03 8.333333333e-03 1071
1.500000000e-02 6.666666667e-03 1.000000000e-02 1072
1.500000000e-02 6.666666667e-03 1.166666667e-02 1073
1.500000000e-02 6.666666667e-03 1.333333333e-02 1074
1.500000000e-02 6.666666667e-03 1.500000000e-02 1075
1.500000000e-02 6.666666667e-03 1.666666667e-02 1076
1.500000000e-02 6.666666667e-03 1.833333333e-02 1077
1.500000000e-02 6.666666667e-03 2.000000000e-02 1078
1.500000000e-02 8.333333333e-03 0.000000000e+00 1079
1.500000000e-02 8.333333333e-03 1.666666667e-03 1080
1.500000000e-02 8.333333333e-03 3.333333333e-03 1081
1.500000000e-02 8.333333333e-03 5.000000000e-03 1082
1.500000000e-02 8.333333333e-03 6.666666667e-03 1083
1.500000000e-02 8.333333333e-03 8.333333333e-03 1084
1.500000000e-02 8.333333333e-03 1.000000000e-02 1085
1.500000000e-02 8.333333333e-03 1.166666667e-02 1086
1.500000000e-02 8.333333333e-03 1.333333333e-02 1087
1.500000000e-02 8.333333333e-03 1.500000000e-02 1088
1.500000000e-02 8.333333333e-03 1.666666667e-02 1089
1.500000000e-02 8.333333333e-03 1.833333333e-02 1090
1.500000000e-02 8.333333333e-03 2.000000000e-02 1091
1.500000000e-02 1.000000000e-02 0.000000000e+00 1092
1.500000000e-02 1.000000000e-02 1.666666667e-03 1093
1.500000000e-02 1.000000000e-02 3.333333333e-03 1094
1.500000000e-02 1.000000000e-02 5.000000000e-03 1095
1.500000000e-02 1.000000000e-02 6.666666667e-03 1096
1.500000000e-02 1.000000000e-02 8.333333333e-03 1097
1.500000000e-02 1.000000000e-02 1.000000000e-02 1098
1.500000000e-02 1.000000000e-02 1.166666667e-02 1099
1.500000000e-02 1.000000000e-02 1.333333333e-02 1100
1.500000000e-02 1.000000000e-02 1.500000000e-02 1101
1.500000000e-02 1.000000000e-02 1.666666667e-02 1102
1.500000000e-02 1.000000000e-02 1.833333333e-02 1103
1.500000000e-02 1.000000000e-02 2.000000000e-02 1104
1.500000000e-02 1.166666667e-02 0.000000000e+00 1105
1.500000000e-02 1.166666667e-02 1.666666667e-03 1106
1.500000000e-02 1.166666667e-02 3.333333333e-03 1107
1.500000000e-02 1.166666667e-02 5.000000000e-03 1108
1.500000000e-02 1.166666667e-02 6.666666667e-03 1109
1.500000000e-02 1.166666667e-02 8.333333333e-03 1110
1.500000000e-02 1.166666667e-02 1.000000000e-02 1111
1.500000000e-02 1.166666667e-02 1.166666667e-02 1112
1.500000000e-02 1.166666667e-02 1.333333333e-02 1113
1.500000000e-02 1.166666667e-02 1.500000000e-02 1114
1.500000000e-02 1.166666667e-02 1.666666667e-02 1115
1.500000000e-02 1.166666667e-02 1.833333333e-02 1116
1.500000000e-02 1.166666667e-02 2.000000000e-02 1117
1.500000000e-02 1.333333333e-02 0.000000000e+00 1118
1.500000000e-02 1.333333333e-02 1.666666667e-03 1119
1.500000000e-02 1.333333333e-02 3.333333333e-03 1120
1.500000000e-02 1.333333333e-02 5.000000000e-03 1121
1.500000000e-02 1.333333333e-02 6.666666667e-03 1122
1.500000000e-02 1.333333333e-02 8.333333333e-03 1123
1.500000000e-02 1.333333333e-02 1.000000000e-02 1124
1.500000000e-02 1.333333333e-02 1.166666667e-02 1125
1.500000000e-02 1.333333333e-02 1.333333333e-02 1126
1.500000000e-02 1.333333333e-02 1.500000000e-02 1127
1.500000000e-02 1.333333333e-02 1.666666667e-02 1128
1.500000000e-02 1.333333333e-02 1.833333333e-02 1129
1.500000000e-02 1.333333333e-02 2.000000000e-02 1130
1.500000000e-02 1.500000000e-02 0.000000000e+00 1131
1.500000000e-02 1.500000000e-02 1.666666667e-03 1132
1.500000000e-02 1.500000000e-02 3.333333333e-03 1133
1.500000000e-02 1.500000000e-02 5.000000000e-03 1134
1.500000000e-02 1.500000000e-02 6.666666667e-03 1135
1.500000000e-02 1.500000000e-02 8.333333333e-03 1136
1.500000000e-02 1.500000000e-02 1.000000000e-02 1137
1.500000000e-02 1.500000000e-02 1.166666667e-02 1138
1.500000000e-02 1.500000000e-02 1.333333333e-02 1139
1.500000000e-02 1.500000000e-02 1.500000000e-02 1140
1.500000000e-02 1.500000000e-02 1.666666667e-02 1141
1.500000000e-02 1.500000000e-02 1.833333333e-02 1142
1.500000000e-02 1.500000000e-02 2.000000000e-02 1143
1.500000000e-02 1.666666667e-02 0.000000000e+00 1144
1.500000000e-02 1.666666667e-02 1.666666667e-03 1145
1.500000000e-02 1.666666667e-02 3.333333333e-03 1146
1.500000000e-02 1.666666667e-02 5.000000000e-03 1147
1.500000000e-02 1.666666667e-02 6.666666667e-03 1148
1.500000000e-02 1.666666667e-02 8.333333333e-03 1149
1.500000000e-02 1.666666667e-02 1.000000000e-02 1150
1.500000000e-02 1.666666667e-02 1.166666667e-02 1151
1.500000000e-02 1.666666667e-02 1.333333333e-02 1152
1.500000000e-02 1.666666667e-02 1.500000000e-02 1153
1.500000000e-02 1.666666667e-02 1.666666667e-02 1154
1.500000000e-02 1.666666667e-02 1.833333333e-02 1155
1.500000000e-02 1.666666667e-02 2.000000000e-02 1156
1.500000000e-02 1.833333333e-02 0.000000000e+00 1157
1.500000000e-02 1.833333333e-02 1.666666667e-03 1158
1.500000000e-02 1.833333333e-02 3.333333333e-03 1159
1.500000000e-02 1.833333333e-02 5.000000000e-03 1160
1.500000000e-02 1.833333333e-02 6.666666667e-03 1161
1.500000000e-02 1.833333333e-02 8.333333333e-03 1162
1.500000000e-02 1.833333333e-02 1.000000000e-02 1163
1.500000000e-02 1.833333333e-02 1.166666667e-02 1164
1.500000000e-02 1.833333333e-02 1.333333333e-02 1165
1.500000000e-02 1.833333333e-02 1.500000000e-02 1166
1.500000000e-02 1.833333333e-02 1.666666667e-02 1167
1.500000000e-02 1.833333333e-02 1.833333333e-02 1168
1.500000000e-02 1.833333333e-02 2.000000000e-02 1169
1.500000000e-02 2.000000000e-02 0.000000000e+00 1170
1.500000000e-02 2.000000000e-02 1.666666667e-03 1171
1.500000000e-02 2.000000000e-02 3.333333333e-03 1172
1.500000000e-02 2.000000000e-02 5.000000000e-03 1173
1.500000000e-02 2.000000000e-02 6.666666667e-03 1174
1.500000000e-02 2.000000000e-02 8.333333333e-03 1175
1.500000000e-02 2.000000000e-02 1.000000000e-02 1176
1.500000000e-02 2.000000000e-02 1.166666667e-02 1177
1.500000000e-02 2.000000000e-02 1.333333333e-02 1178
1.500000000e-02 2.000000000e-02 1.500000000e-02 1179
1.500000000e-02 2.000000000e-02 1.666666667e-02 1180
1.500000000e-02 2.000000000e-02 1.833333333e-02 1181
1.500000000e-02 2.000000000e-02 2.000000000e-02 1182
1.750000000e-02 0.000000000e+00 0.000000000e+00 1183
1.750000000e-02 0.000000000e+00 1.666666667e-03 1184
1.750000000e-02 0.000000000e+00 3.333333333e-03 1185
1.750000000e-02 0.000000000e+00 5.000000000e-03 1186
1.750000000e-02 0.000000000e+00 6.666666667e-03 1187
1.750000000e-02 0.000000000e+00 8.333333333e-03 1188
1.750000000e-02 0.000000000e+00 1.000000000e-02 1189
1.750000000e-02 0.000000000e+00 1.166666667e-02 1190
1.750000000e-02 0.000000000e+00 1.333333333e-02 1191
1.750000000e-02 0.000000000e+00 1.500000000e-02 1192
1.750000000e-02 0.000000000e+00 1.666666667e-02 1193
1.750000000e-02 0.000000000e+00 1.833333333e-02 1194
1.750000000e-02 0.000000000e+00 2.000000000e-02 1195
1.750000000e-02 1.666666667e-03 0.000000000e+00 1196
1.750000000e-02 1.666666667e-03 1.666666667e-03 1197
1.750000000e-02 1.666666667e-03 3.333333333e-03 1198
1.750000000e-02 1.666666667e-03 5.000000000e-03 1199
1.750000000e-02 1.666666667e-03 6.666666667e-03 1200
1.750000000e-02 1.666666667e-03 8.333333333e-03 1201
1.750000000e-02 1.666666667e-03 1.000000000e-02 1202
1.750000000e-02 1.666666667e-03 1.166666667e-02 1203
1.750000000e-02 1.666666667e-03 1.333333333e-02 1204
1.750000000e-02 1.666666667e-03 1.500000000e-02 1205
1.750000000e-02 1.666666667e-03 1.666666667e-02 1206
1.750000000e-02 1.666666667e-03 1.833333333e-02 1207
1.750000000e-02 1.666666667e-03 2.000000000e-02 1208
1.750000000e-02 3.333333333e-03 0.000000000e+00 1209
1.750000000e-02 3.333333333e-03 1.666666667e-03 1210
1.750000000e-02 3.333333333e-03 3.333333333e-03 1211
1.750000000e-02 3.333333333e-03 5.000000000e-03 1212
1.750000000e-02 3.333333333e-03 6.666666667e-03 1213
1.750000000e-02 3.333333333e-03 8.333333333e-03 1214
1.750000000e-02 3.333333333e-03 1.000000000e-02 1215
1.750000000e-02 3.333333333e-03 1.166666667e-02 1216
1.750000000e-02 3.333333333e-03 1.333333333e-02 1217
1.750000000e-02 3.333333333e-03 1.500000000e-02 1218
1.750000000e-02 3.333333333e-03 1.666666667e-02 1219
1.750000000e-02 3.333333333e-03 1.833333333e-02 1220
1.750000000e-02 3.333333333e-03 2.000000000e-02 1221
1.750000000e-02 5.000000000e-03 0.000000000e+00 1222
1.750000000e-02 5.000000000e-03 1.666666667e-03 1223
1.750000000e-02 5.000000000e-03 3.333333333e-03 1224
1.750000000e-02 5.000000000e-03 5.000000000e-03 1225
1.750000000e-02 5.000000000e-03 6.666666667e-03 1226
1.750000000e-02 5.000000000e-03 8.333333333e-03 1227
1.750000000e-02 5.000000000e-03 1.000000000e-02 1228
1.750000000e-02 5.000000000e-03 1.166666667e-02 1229
1.750000000e-02 5.000000000e-03 1.333333333e-02 1230
1.750000000e-02 5.000000000e-03 1.500000000e-02 1231
1.750000000e-02 5.000000000e-03 1.666666667e-02 1232
1.750000000e-02 5.000000000e-03 1.833333333e-02 1233
1.750000000e-02 5.000000000e-03 2.000000000e-02 1234
1.750000000e-02 6.666666667e-03 0.000000000e+00 1235
1.750000000e-02 6.666666667e-03 1.666666667e-03 1236
1.750000000e-02 6.666666667e-03 3.333333333e-03 1237
1.750000000e-02 6.666666667e-03 5.000000000e-03 1238
1.750000000e-02 6.666666667e-03 6.666666667e-03 1239
1.750000000e-02 6.666666667e-03 8.333333333e-03 1240
1.750000000e-02 6.666666667e-03 1.000000000e-02 1241
1.750000000e-02 6.666666667e-03 1.166666667e-02 1242
1.750000000e-02 6.666666667e-03 1.333333333e-02 1243
1.750000000e-02 6.666666667e-03 1.500000000e-02 1244
1.750000000e-02 6.666666667e-03 1.666666667e-02 1245
1.750000000e-02 6.666666667e-03 1.833333333e-02 1246
1.750000000e-02 6.666666667e-03 2.000000000e-02 1247
1.750000000e-02 8.333333333e-03 0.000000000e+00 1248
1.750000000e-02 8.333333333e-03 1.666666667e-03 1249
1.750000000e-02 8.333333333e-03 3.333333333e-03 1250
1.750000000e-02 8.333333333e-03 5.000000000e-03 1251
1.750000000e-02 8.333333333e-03 6.666666667e-03 1252
1.750000000e-02 8.333333333e-03 8.333333333e-03 1253
1.750000000e-02 8.333333333e-03 1.000000000e-02 1254
1.750000000e-02 8.333333333e-03 1.166666667e-02 1255
1.750000000e-02 8.333333333e-03 1.333333333e-02 1256
1.750000000e-02 8.333333333e-03 1.500000000e-02 1257
1.750000000e-02 8.333333333e-03 1.666666667e-02 1258
1.750000000e-02 8.333333333e-03 1.833333333e-02 1259
1.750000000e-02 8.333333333e-03 2.000000000e-02 1260
1.750000000e-02 1.000000000e-02 0.000000000e+00 1261
1.750000000e-02 1.000000000e-02 1.666666667e-03 1262
1.750000000e-02 1.000000000e-02 3.333333333e-03 1263
1.750000000e-02 1.000000000e-02 5.000000000e-03 1264
1.750000000e-02 1.000000000e-02 6.666666667e-03 1265
1.750000000e-02 1.000000000e-02 8.333333333e-03 1266
1.750000000e-02 1.000000000e-02 1.000000000e-02 1267
1.750000000e-02 1.000000000e-02 1.166666667e-02 1268
1.750000000e-02 1.000000000e-02 1.333333333e-02 1269
1.750000000e-02 1.000000000e-02 1.500000000e-02 1270
1.750000000e-02 1.000000000e-02 1.666666667e-02 1271
1.750000000e-02 1.000000000e-02 1.833333333e-02 1272
1.750000000e-02 1.000000000e-02 2.000000000e-02 1273
1.750000000e-02 1.166666667e-02 0.000000000e+00 1274
1.750000000e-02 1.166666667e-02 1.666666667e-03 1275
1.750000000e-02 1.166666667e-02 3.333333333e-03 1276
1.750000000e-02 1.166666667e-02 5.000000000e-03 1277
1.750000000e-02 1.166666667e-02 6.666666667e-03 1278
1.750000000e-02 1.166666667e-02 8.333333333e-03 1279
1.750000000e-02 1.166666667e-02 1.000000000e-02 1280
1.750000000e-02 1.166666667e-02 1.166666667e-02 1281
1.750000000e-02 1.166666667e-02 1.333333333e-02 1282
1.750000000e-02 1.166666667e-02 1.500000000e-02 1283
1.750000000e-02 1.166666667e-02 1.666666667e-02 1284
1.750000000e-02 1.166666667e-02 1.833333333e-02 1285
1.750000000e-02 1.166666667e-02 2.000000000e-02 1286
1.750000000e-02 1.333333333e-02 0.000000000e+00 1287
1.750000000e-02 1.333333333e-02 1.666666667e-03 1288
1.750000000e-02 1.333333333e-02 3.333333333e-03 1289
1.750000000e-02 1.333333333e-02 5.000000000e-03 1290
1.750000000e-02 1.333333333e-02 6.666666667e-03 1291
1.750000000e-02 1.333333333e-02 8.333333333e-03 1292
1.750000000e-02 1.333333333e-02 1.000000000e-02 1293
1.750000000e-02 1.333333333e-02 1.166666667e-02 1294
1.750000000e-02 1.333333333e-02 1.333333333e-02 1295
1.750000000e-02 1.333333333e-02 1.500000000e-02 1296
1.750000000e-02 1.333333333e-02 1.666666667e-02 1297
1.750000000e-02 1.333333333e-02 1.833333333e-02 1298
1.750000000e-02 1.333333333e-02 2.000000000e-02 1299
1.750000000e-02 1.500000000e-02 0.000000000e+00 1300
1.750000000e-02 1.500000000e-02 1.666666667e-03 1301
1.750000000e-02 1.500000000e-02 3.333333333e-03 1302
1.750000000e-02 1.500000000e-02 5.000000000e-03 1303
1.750000000e-02 1.500000000e-02 6.666666667e-03 1304
1.750000000e-02 1.500000000e-02 8.333333333e-03 1305
1.750000000e-02 1.500000000e-02 1.000000000e-02 1306
1.750000000e-02 1.500000000e-02 1.166666667e-02 1307
1.750000000e-02 1.500000000e-02 1.333333333e-02 1308
1.750000000e-02 1.500000000e-02 1.500000000e-02 1309
1.750000000e-02 1.500000000e-02 1.666666667e-02 1310
1.750000000e-02 1.500000000e-02 1.833333333e-02 1311
1.750000000e-02 1.500000000e-02 2.000000000e-02 1312
1.750000000e-02 1.666666667e-02 0.000000000e+00 1313
1.750000000e-02 1.666666667e-02 1.666666667e-03 1314
1.750000000e-02 1.666666667e-02 3.333333333e-03 1315
1.750000000e-02 1.666666667e-02 5.000000000e-03 1316
1.750000000e-02 1.666666667e-02 6.666666667e-03 1317
1.750000000e-02 1.666666667e-02 8.333333333e-03 1318
1.750000000e-02 1.666666667e-02 1.000000000e-02 1319
1.750000000e-02 1.666666667e-02 1.166666667e-02 1320
1.750000000e-02 1.666666667e-02 1.333333333e-02 1321
1.750000000e-02 1.666666667e-02 1.500000000e-02 1322
1.750000000e-02 1.666666667e-02 1.666666667e-02 1323
1.750000000e-02 1.666666667e-02 1.833333333e-02 1324
1.750000000e-02 1.666666667e-02 2.000000000e-02 1325
1.750000000e-02 1.833333333e-02 0.000000000e+00 1326
1.750000000e-02 1.833333333e-02 1.666666667e-03 1327
1.750000000e-02 1.833333333e-02 3.333333333e-03 1328
1.750000000e-02 1.833333333e-02 5.000000000e-03 1329
1.750000000e-02 1.833333333e-02 6.666666667e-03 1330
1.750000000e-02 1.833333333e-02 8.333333333e-03 1331
1.750000000e-02 1.833333333e-02 1.000000000e-02 1332
1.750000000e-02 1.833333333e-02 1.166666667e-02 1333
1.750000000e-02 1.833333333e-02 1.333333333e-02 1334
1.750000000e-02 1.833333333e-02 1.500000000e-02 1335
1.750000000e-02 1.833333333e-02 1.666666667e-02 1336
1.750000000e-02 1.833333333e-02 1.833333333e-02 1337
1.750000000e-02 1.833333333e-02 2.000000000e-02 1338
1.750000000e-02 2.000000000e-02 0.000000000e+00 1339
1.750000000e-02 2.000000000e-02 1.666666667e-03 1340
1.750000000e-02 2.000000000e-02 3.333333333e-03 1341
1.750000000e-02 2.000000000e-02 5.000000000e-03 1342
1.750000000e-02 2.000000000e-02 6.666666667e-03 1343
1.750000000e-02 2.000000000e-02 8.333333333e-03 1344
1.750000000e-02 2.000000000e-02 1.000000000e-02 1345
1.750000000e-02 2.000000000e-02 1.166666667e-02 1346
1.750000000e-02 2.000000000e-02 1.333333333e-02 1347
1.750000000e-02 2.000000000e-02 1.500000000e-02 1348
1.750000000e-02 2.000000000e-02 1.666666667e-02 1349
1.750000000e-02 2.000000000e-02 1.833333333e-02 1350
1.750000000e-02 2.000000000e-02 2.000000000e-02 1351
2.000000000e-02 0.000000000e+00 0.000000000e+00 1352
2.000000000e-02 0.000000000e+00 1.666666667e-03 1353
2.000000000e-02 0.000000000e+00 3.333333333e-03 1354
2.000000000e-02 0.000000000e+00 5.000000000e-03 1355
2.000000000e-02 0.000000000e+00 6.666666667e-03 1356
2.000000000e-02 0.000000000e+00 8.333333333e-03 1357
2.000000000e-02 0.000000000e+00 1.000000000e-02 1358
2.000000000e-02 0.000000000e+00 1.166666667e-02 1359
2.000000000e-02 0.000000000e+00 1.333333333e-02 1360
2.000000000e-02 0.000000000e+00 1.500000000e-02 1361
2.000000000e-02 0.000000000e+00 1.666666667e-02 1362
2.000000000e-02 0.000000000e+00 1.833333333e-02 1363
2.000000000e-02 0.000000000e+00 2.000000000e-02 1364
2.000000000e-02 1.666666667e-03 0.000000000e+00 1365
2.000000000e-02 1.666666667e-03 1.666666667e-03 1366
2.000000000e-02 1.666666667e-03 3.333333333e-03 1367
2.000000000e-02 1.666666667e-03 5.000000000e-03 1368
2.000000000e-02 1.666666667e-03 6.666666667e-03 1369
2.000000000e-02 1.666666667e-03 8.333333333e-03 1370
2.000000000e-02 1.666666667e-03 1.000000000e-02 1371
2.000000000e-02 1.666666667e-03 1.166666667e-02 1372
2.000000000e-02 1.666666667e-03 1.333333333e-02 1373
2.000000000e-02 1.666666667e-03 1.500000000e-02 1374
2.000000000e-02 1.666666667e-03 1.666666667e-02 1375
2.000000000e-02 1.666666667e-03 1.833333333e-02 1376
2.000000000e-02 1.666666667e-03 2.000000000e-02 1377
2.000000000e-02 3.333333333e-03 0.000000000e+00 1378
2.000000000e-02 3.333333333e-03 1.666666667e-03 1379
2.000000000e-02 3.333333333e-03 3.333333333e-03 1380
2.000000000e-02 3.333333333e-03 5.000000000e-03 1381
2.000000000e-02 3.333333333e-03 6.666666667e-03 1382
2.000000000e-02 3.333333333e-03 8.333333333e-03 1383
2.000000000e-02 3.333333333e-03 1.000000000e-02 1384
2.000000000e-02 3.333333333e-03 1.166666667e-02 1385
2.000000000e-02 3.333333333e-03 1.333333333e-02 1386
2.000000000e-02 3.333333333e-03 1.500000000e-02 1387
2.000000000e-02 3.333333333e-03 1.666666667e-02 1388
2.000000000e-02 3.333333333e-03 1.833333333e-02 1389
2.000000000e-02 3.333333333e-03 2.000000000e-02 1390
2.000000000e-02 5.000000000e-03 0.000000000e+00 1391
2.000000000e-02 5.000000000e-03 1.666666667e-03 1392
2.000000000e-02 5.000000000e-03 3.333333333e-03 1393
2.000000000e-02 5.000000000e-03 5.000000000e-03 1394
2.000000000e-02 5.000000000e-03 6.666666667e-03 1395
2.000000000e-02 5.000000000e-03 8.333333333e-03 1396
2.000000000e-02 5.000000000e-03 1.000000000e-02 1397
2.000000000e-02 5.000000000e-03 1.166666667e-02 1398
2.000000000e-02 5.000000000e-03 1.333333333e-02 1399
2.000000000e-02 5.000000000e-03 1.500000000e-02 1400
2.000000000e-02 5.000000000e-03 1.666666667e-02 1401
2.000000000e-02 5.000000000e-03 1.833333333e-02 1402
2.000000000e-02 5.000000000e-03 2.000000000e-02 1403
2.000000000e-02 6.666666667e-03 0.000000000e+00 1404
2.000000000e-02 6.666666667e-03 1.666666667e-03 1405
2.000000000e-02 6.666666667e-03 3.333333333e-03 1406
2.000000000e-02 6.666666667e-03 5.000000000e-03 1407
2.000000000e-02 6.666666667e-03 6.666666667e-03 1408
2.000000000e-02 6.666666667e-03 8.333333333e-03 1409
2.000000000e-02 6.666666667e-03 1.000000000e-02 1410
2.000000000e-02 6.666666667e-03 1.166666667e-02 1411
2.000000000e-02 6.666666667e-03 1.333333333e-02 1412
2.000000000e-02 6.666666667e-03 1.500000000e-02 1413
2.000000000e-02 6.666666667e-03 1.666666667e-02 1414
2.000000000e-02 6.666666667e-03 1.833333333e-02 1415
2.000000000e-02 6.666666667e-03 2.000000000e-02 1416
2.000000000e-02 8.333333333e-03 0.000000000e+00 1417
2.000000000e-02 8.333333333e-03 1.666666667e-03 1418
2.000000000e-02 8.333333333e-03 3.333333333e-03 1419
2.000000000e-02 8.333333333e-03 5.000000000e-03 1420
2.000000000e-02 8.333333333e-03 6.666666667e-03 1421
2.000000000e-02 8.333333333e-03 8.333333333e-03 1422
2.000000000e-02 8.333333333e-03 1.000000000e-02 1423
2.000000000e-02 8.333333333e-03 1.166666667e-02 1424
2.000000000e-02 8.333333333e-03 1.333333333e-02 1425
2.000000000e-02 8.333333333e-03 1.500000000e-02 1426
2.000000000e-02 8.333333333e-03 1.666666667e-02 1427
2.000000000e-02 8.333333333e-03 1.833333333e-02 1428
2.000000000e-02 8.333333333e-03 2.000000000e-02 1429
2.000000000e-02 1.000000000e-02 0.000000000e+00 1430
2.000000000e-02 1.000000000e-02 1.666666667e-03 1431
2.000000000e-02 1.000000000e-02 3.333333333e-03 1432
2.000000000e-02 1.000000000e-02 5.000000000e-03 1433
2.000000000e-02 1.000000000e-02 6.666666667e-03 1434
2.000000000e-02 1.000000000e-02 8.333333333e-03 1435
2.000000000e-02 1.000000000e-02 1.000000000e-02 1436
2.000000000e-02 1.000000000e-02 1.166666667e-02 1437
2.000000000e-02 1.000000000e-02 1.333333333e-02 1438
2.000000000e-02 1.000000000e-02 1.500000000e-02 1439
2.000000000e-02 1.000000000e-02 1.666666667e-02 1440
2.000000000e-02 1.000000000e-02 1.833333333e-02 1441
2.000000000e-02 1.000000000e-02 2.000000000e-02 1442
2.000000000e-02 1.166666667e-02 0.000000000e+00 1443
2.000000000e-02 1.166666667e-02 1.666666667e-03 1444
2.000000000e-02 1.166666667e-02 3.333333333e-03 1445
2.000000000e-02 1.166666667e-02 5.000000000e-03 1446
2.000000000e-02 1.166666667e-02 6.666666667e-03 1447
2.000000000e-02 1.166666667e-02 8.333333333e-03 1448
2.000000000e-02 1.166666667e-02 1.000000000e-02 1449
2.000000000e-02 1.166666667e-02 1.166666667e-02 1450
2.000000000e-02 1.166666667e-02 1.333333333e-02 1451
2.000000000e-02 1.166666667e-02 1.500000000e-02 1452
2.000000000e-02 1.166666667e-02 1.666666667e-02 1453
2.000000000e-02 1.166666667e-02 1.833333333e-02 1454
2.000000000e-02 1.166666667e-02 2.000000000e-02 1455
2.000000000e-02 1.333333333e-02 0.000000000e+00 1456
2.000000000e-02 1.333333333e-02 1.666666667e-03 1457
2.000000000e-02 1.333333333e-02 3.333333333e-03 1458
2.000000000e-02 1.333333333e-02 5.000000000e-03 1459
2.000000000e-02 1.333333333e-02 6.666666667e-03 1460
2.000000000e-02 1.333333333e-02 8.333333333e-03 1461
2.000000000e-02 1.333333333e-02 1.000000000e-02 1462
2.000000000e-02 1.333333333e-02 1.166666667e-02 1463
2.000000000e-02 1.333333333e-02 1.333333333e-02 1464
2.000000000e-02 1.333333333e-02 1.500000000e-02 1465
2.000000000e-02 1.333333333e-02 1.666666667e-02 1466
2.000000000e-02 1.333333333e-02 1.833333333e-02 1467
2.000000000e-02 1.333333333e-02 2.000000000e-02 1468
2.000000000e-02 1.500000000e-02 0.000000000e+00 1469
2.000000000e-02 1.500000000e-02 1.666666667e-03 1470
2.000000000e-02 1.500000000e-02 3.333333333e-03 1471
2.000000000e-02 1.500000000e-02 5.000000000e-03 1472
2.000000000e-02 1.500000000e-02 6.666666667e-03 1473
2.000000000e-02 1.500000000e-02 8.333333333e-03 1474
2.000000000e-02 1.500000000e-02 1.000000000e-02 1475
2.000000000e-02 1.500000000e-02 1.166666667e-02 1476
2.000000000e-02 1.500000000e-02 1.333333333e-02 1477
2.000000000e-02 1.500000000e-02 1.500000000e-02 1478
2.000000000e-02 1.500000000e-02 1.666666667e-02 1479
2.000000000e-02 1.500000000e-02 1.833333333e-02 1480
2.000000000e-02 1.500000000e-02 2.000000000e-02 1481
2.000000000e-02 1.666666667e-02 0.000000000e+00 1482
2.000000000e-02 1.666666667e-02 1.666666667e-03 1483
2.000000000e-02 1.666666667e-02 3.333333333e-03 1484
2.000000000e-02 1.666666667e-02 5.000000000e-03 1485
2.000000000e-02 1.666666667e-02 6.666666667e-03 1486
2.000000000e-02 1.666666667e-02 8.333333333e-03 1487
2.000000000e-02 1.666666667e-02 1.000000000e-02 1488
2.000000000e-02 1.666666667e-02 1.166666667e-02 1489
2.000000000e-02 1.666666667e-02 1.333333333e-02 1490
2.000000000e-02 1.666666667e-02 1.500000000e-02 1491
2.000000000e-02 1.666666667e-02 1.666666667e-02 1492
2.000000000e-02 1.666666667e-02 1.833333333e-02 1493
2.000000000e-02 1.666666667e-02 2.000000000e-02 1494
2.000000000e-02 1.833333333e-02 0.000000000e+00 1495
2.000000000e-02 1.833333333e-02 1.666666667e-03 1496
2.000000000e-02 1.833333333e-02 3.333333333e-03 1497
2.000000000e-02 1.833333333e-02 5.000000000e-03 1498
2.000000000e-02 1.833333333e-02 6.666666667e-03 1499
2.000000000e-02 1.833333333e-02 8.333333333e-03 1500
2.000000000e-02 1.833333333e-02 1.000000000e-02 1501
2.000000000e-02 1.833333333e-02 1.166666667e-02 1502
2.000000000e-02 1.833333333e-02 1.333333333e-02 1503
2.000000000e-02 1.833333333e-02 1.500000000e-02 1504
2.000000000e-02 1.833333333e-02 1.666666667e-02 1505
2.000000000e-02 1.833333333e-02 1.833333333e-02 1506
2.000000000e-02 1.833333333e-02 2.000000000e-02 1507
2.000000000e-02 2.000000000e-02 0.000000000e+00 1508
2.000000000e-02 2.000000000e-02 1.666666667e-03 1509
2.000000000e-02 2.000000000e-02 3.333333333e-03 1510
2.000000000e-02 2.000000000e-02 5.000000000e-03 1511
2.000000000e-02 2.000000000e-02 6.666666667e-03 1512
2.000000000e-02 2.000000000e-02 8.333333333e-03 1513
2.000000000e-02 2.000000000e-02 1.000000000e-02 1514
2.000000000e-02 2.000000000e-02 1.166666667e-02 1515
2.000000000e-02 2.000000000e-02 1.333333333e-02 1516
2.000000000e-02 2.000000000e-02 1.500000000e-02 1517
2.000000000e-02 2.000000000e-02 1.666666667e-02 1518
2.000000000e-02 2.000000000e-02 1.833333333e-02 1519
2.000000000e-02 2.000000000e-02 2.000000000e-02 1520
2.250000000e-02 0.000000000e+00 0.000000000e+00 1521
2.250000000e-02 0.000000000e+00 1.666666667e-03 1522
2.250000000e-02 0.000000000e+00 3.333333333e-03 1523
2.250000000e-02 0.000000000e+00 5.000000000e-03 1524
2.250000000e-02 0.000000000e+00 6.666666667e-03 1525
2.250000000e-02 0.000000000e+00 8.333333333e-03 1526
2.250000000e-02 0.000000000e+00 1.000000000e-02 1527
2.250000000e-02 0.000000000e+00 1.166666667e-02 1528
2.250000000e-02 0.000000000e+00 1.333333333e-02 1529
2.250000000e-02 0.000000000e+00 1.500000000e-02 1530
2.250000000e-02 0.000000000e+00 1.666666667e-02 1531
2.250000000e-02 0.000000000e+00 1.833333333e-02 1532
2.250000000e-02 0.000000000e+00 2.000000000e-02 1533
2.250000000e-02 1.666666667e-03 0.000000000e+00 1534
2.250000000e-02 1.666666667e-03 1.666666667e-03 1535
2.250000000e-02 1.666666667e-03 3.333333333e-03 1536
2.250000000e-02 1.666666667e-03 5.000000000e-03 1537
2.250000000e-02 1.666666667e-03 6.666666667e-03 1538
2.250000000e-02 1.666666667e-03 8.333333333e-03 1539
2.250000000e-02 1.666666667e-03 1.000000000e-02 1540
2.250000000e-02 1.666666667e-03 1.166666667e-02 1541
2.250000000e-02 1.666666667e-03 1.333333333e-02 1542
2.250000000e-02 1.666666667e-03 1.500000000e-02 1543
2.250000000e-02 1.666666667e-03 1.666666667e-02 1544
2.250000000e-02 1.666666667e-03 1.833333333e-02 1545
2.250000000e-02 1.666666667e-03 2.000000000e-02 1546
2.250000000e-02 3.333333333e-03 0.000000000e+00 1547
2.250000000e-02 3.333333333e-03 1.666666667e-03 1548
2.250000000e-02 3.333333333e-03 3.333333333e-03 1549
2.250000000e-02 3.333333333e-03 5.000000000e-03 1550
2.250000000e-02 3.333333333e-03 6.666666667e-03 1551
2.250000000e-02 3.333333333e-03 8.333333333e-03 1552
2.250000000e-02 3.333333333e-03 1.000000000e-02 1553
2.250000000e-02 3.333333333e-03 1.166666667e-02 1554
2.250000000e-02 3.333333333e-03 1.333333333e-02 1555
2.250000000e-02 3.333333333e-03 1.500000000e-02 1556
2.250000000e-02 3.333333333e-03 1.666666667e-02 1557
2.250000000e-02 3.333333333e-03 1.833333333e-02 1558
2.250000000e-02 3.333333333e-03 2.000000000e-02 1559
2.250000000e-02 5.000000000e-03 0.000000000e+00 1560
2.250000000e-02 5.000000000e-03 1.666666667e-03 1561
2.250000000e-02 5.000000000e-03 3.333333333e-03 1562
2.250000000e-02 5.000000000e-03 5.000000000e-03 1563
2.250000000e-02 5.000000000e-03 6.666666667e-03 1564
2.250000000e-02 5.000000000e-03 8.333333333e-03 1565
2.250000000e-02 5.000000000e-03 1.000000000e-02 1566
2.250000000e-02 5.000000000e-03 1.166666667e-02 1567
2.250000000e-02 5.000000000e-03 1.333333333e-02 1568
2.250000000e-02 5.000000000e-03 1.500000000e-02 1569
2.250000000e-02 5.000000000e-03 1.666666667e-02 1570
2.250000000e-02 5.000000000e-03 1.833333333e-02 1571
2.250000000e-02 5.000000000e-03 2.000000000e-02 1572
2.250000000e-02 6.666666667e-03 0.000000000e+00 1573
2.250000000e-02 6.666666667e-03 1.666666667e-03 1574
2.250000000e-02 6.666666667e-03 3.333333333e-03 1575
2.250000000e-02 6.666666667e-03 5.000000000e-03 1576
2.250000000e-02 6.666666667e-03 6.666666667e-03 1577
2.250000000e-02 6.666666667e-03 8.333333333e-03 1578
2.250000000e-02 6.666666667e-03 1.000000000e-02 1579
2.250000000e-02 6.666666667e-03 1.166666667e-02 1580
2.250000000e-02 6.666666667e-03 1.333333333e-02 1581
2.250000000e-02 6.666666667e-03 1.500000000e-02 1582
2.250000000e-02 6.666666667e-03 1.666666667e-02 1583
2.250000000e-02 6.666666667e-03 1.833333333e-02 1584
2.250000000e-02 6.666666667e-03 2.000000000e-02 1585
2.250000000e-02 8.333333333e-03 0.000000000e+00 1586
2.250000000e-02 8.333333333e-03 1.666666667e-03 1587
2.250000000e-02 8.333333333e-03 3.333333333e-03 1588
2.250000000e-02 8.333333333e-03 5.000000000e-03 1589
2.250000000e-02 8.333333333e-03 6.666666667e-03 1590
2.250000000e-02 8.333333333e-03 8.333333333e-03 1591
2.250000000e-02 8.333333333e-03 1.000000000e-02 1592
2.250000000e-02 8.333333333e-03 1.166666667e-02 1593
2.250000000e-02 8.333333333e-03 1.333333333e-02 1594
2.250000000e-02 8.333333333e-03 1.500000000e-02 1595
2.250000000e-02 8.333333333e-03 1.666666667e-02 1596
2.250000000e-02 8.333333333e-03 1.833333333e-02 1597
2.250000000e-02 8.333333333e-03 2.000000000e-02 1598
2.250000000e-02 1.000000000e-02 0.000000000e+00 1599
2.250000000e-02 1.000000000e-02 1.666666667e-03 1600
2.250000000e-02 1.000000000e-02 3.333333333e-03 1601
2.250000000e-02 1.000000000e-02 5.000000000e-03 1602
2.250000000e-02 1.000000000e-02 6.666666667e-03 1603
2.250000000e-02 1.000000000e-02 8.333333333e-03 1604
2.250000000e-02 1.000000000e-02 1.000000000e-02 1605
2.250000000e-02 1.000000000e-02 1.166666667e-02 1606
2.250000000e-02 1.000000000e-02 1.333333333e-02 1607
2.250000000e-02 1.000000000e-02 1.500000000e-02 1608
2.250000000e-02 1.000000000e-02 1.666666667e-02 1609
2.250000000e-02 1.000000000e-02 1.833333333e-02 1610
2.250000000e-02 1.000000000e-02 2.000000000e-02 1611
2.250000000e-02 1.166666667e-02 0.000000000e+00 1612
2.250000000e-02 1.166666667e-02 1.666666667e-03 1613
2.250000000e-02 1.166666667e-02 3.333333333e-03 1614
2.250000000e-02 1.166666667e-02 5.000000000e-03 1615
2.250000000e-02 1.166666667e-02 6.666666667e-03 1616
2.250000000e-02 1.166666667e-02 8.333333333e-03 1617
2.250000000e-02 1.166666667e-02 1.000000000e-02 1618
2.250000000e-02 1.166666667e-02 1.166666667e-02 1619
2.250000000e-02 1.166666667e-02 1.333333333e-02 1620
2.250000000e-02 1.166666667e-02 1.500000000e-02 1621
2.250000000e-02 1.166666667e-02 1.666666667e-02 1622
2.250000000e-02 1.166666667e-02 1.833333333e-02 1623
2.250000000e-02 1.166666667e-02 2.000000000e-02 1624
2.250000000e-02 1.333333333e-02 0.000000000e+00 1625
2.250000000e-02 1.333333333e-02 1.666666667e-03 1626
2.250000000e-02 1.333333333e-02 3.333333333e-03 1627
2.250000000e-02 1.333333333e-02 5.000000000e-03 1628
2.250000000e-02 1.333333333e-02 6.666666667e-03 1629
2.250000000e-02 1.333333333e-02 8.333333333e-03 1630
2.250000000e-02 1.333333333e-02 1.000000000e-02 1631
2.250000000e-02 1.333333333e-02 1.166666667e-02 1632
2.250000000e-02 1.333333333e-02 1.333333333e-02 1633
2.250000000e-02 1.333333333e-02 1.500000000e-02 1634
2.250000000e-02 1.333333333e-02 1.666666667e-02 1635
2.250000000e-02 1.333333333e-02 1.833333333e-02 1636
2.250000000e-02 1.333333333e-02 2.000000000e-02 1637
2.250000000e-02 1.500000000e-02 0.000000000e+00 1638
2.250000000e-02 1.500000000e-02 1.666666667e-03 1639
2.250000000e-02 1.500000000e-02 3.333333333e-03 1640
2.250000000e-02 1.500000000e-02 5.000000000e-03 1641
2.250000000e-02 1.500000000e-02 6.666666667e-03 1642
2.250000000e-02 1.500000000e-02 8.333333333e-03 1643
2.250000000e-02 1.500000000e-02 1.000000000e-02 1644
2.250000000e-02 1.500000000e-02 1.166666667e-02 1645
2.250000000e-02 1.500000000e-02 1.333333333e-02 1646
2.250000000e-02 1.500000000e-02 1.500000000e-02 1647
2.250000000e-02 1.500000000e-02 1.666666667e-02 1648
2.250000000e-02 1.500000000e-02 1.833333333e-02 1649
2.250000000e-02 1.500000000e-02 2.000000000e-02 1650
2.250000000e-02 1.666666667e-02 0.000000000e+00 1651
2.250000000e-02 1.666666667e-02 1.666666667e-03 1652
2.250000000e-02 1.666666667e-02 3.333333333e-03 1653
2.250000000e-02 1.666666667e-02 5.000000000e-03 1654
2.250000000e-02 1.666666667e-02 6.666666667e-03 1655
2.250000000e-02 1.666666667e-02 8.333333333e-03 1656
2.250000000e-02 1.666666667e-02 1.000000000e-02 1657
2.250000000e-02 1.666666667e-02 1.166666667e-02 1658
2.250000000e-02 1.666666667e-02 1.333333333e-02 1659
2.250000000e-02 1.666666667e-02 1.500000000e-02 1660
2.250000000e-02 1.666666667e-02 1.666666667e-02 1661
2.250000000e-02 1.666666667e-02 1.833333333e-02 1662
2.250000000e-02 1.666666667e-02 2.000000000e-02 1663
2.250000000e-02 1.833333333e-02 0.000000000e+00 1664
2.250000000e-02 1.833333333e-02 1.666666667e-03 1665
2.250000000e-02 1.833333333e-02 3.333333333e-03 1666
2.250000000e-02 1.833333333e-02 5.000000000e-03 1667
2.250000000e-02 1.833333333e-02 6.666666667e-03 1668
2.250000000e-02 1.833333333e-02 8.333333333e-03 1669
2.250000000e-02 1.833333333e-02 1.000000000e-02 1670
2.250000000e-02 1.833333333e-02 1.166666667e-02 1671
2.250000000e-02 1.833333333e-02 1.333333333e-02 1672
2.250000000e-02 1.833333333e-02 1.500000000e-02 1673
2.250000000e-02 1.833333333e-02 1.666666667e-02 1674
2.250000000e-02 1.833333333e-02 1.833333333e-02 1675
2.250000000e-02 1.833333333e-02 2.000000000e-02 1676
2.250000000e-02 2.000000000e-02 0.000000000e+00 1677
2.250000000e-02 2.000000000e-02 1.666666667e-03 1678
2.250000000e-02 2.000000000e-02 3.333333333e-03 1679
2.250000000e-02 2.000000000e-02 5.000000000e-03 1680
2.250000000e-02 2.000000000e-02 6.666666667e-03 1681
2.250000000e-02 2.000000000e-02 8.333333333e-03 1682
2.250000000e-02 2.000000000e-02 1.000000000e-02 1683
2.250000000e-02 2.000000000e-02 1.166666667e-02 1684
2.250000000e-02 2.000000000e-02 1.333333333e-02 1685
2.250000000e-02 2.000000000e-02 1.500000000e-02 1686
2.250000000e-02 2.000000000e-02 1.666666667e-02 1687
2.250000000e-02 2.000000000e-02 1.833333333e-02 1688
2.250000000e-02 2.000000000e-02 2.000000000e-02 1689
2.500000000e-02 0.000000000e+00 0.000000000e+00 1690
2.500000000e-02 0.000000000e+00 1.666666667e-03 1691
2.500000000e-02 0.000000000e+00 3.333333333e-03 1692
2.500000000e-02 0.000000000e+00 5.000000000e-03 1693
2.500000000e-02 0.000000000e+00 6.666666667e-03 1694
2.500000000e-02 0.000000000e+00 8.333333333e-03 1695
2.500000000e-02 0.000000000e+00 1.000000000e-02 1696
2.500000000e-02 0.000000000e+00 1.166666667e-02 1697
2.500000000e-02 0.000000000e+00 1.333333333e-02 1698
2.500000000e-02 0.000000000e+00 1.500000000e-02 1699
2.500000000e-02 0.000000000e+00 1.666666667e-02 1700
2.500000000e-02 0.000000000e+00 1.833333333e-02 1701
2.500000000e-02 0.000000000e+00 2.000000000e-02 1702
2.500000000e-02 1.666666667e-03 0.000000000e+00 1703
2.500000000e-02 1.666666667e-03 1.666666667e-03 1704
2.500000000e-02 1.666666667e-03 3.333333333e-03 1705
2.500000000e-02 1.666666667e-03 5.000000000e-03 1706
2.500000000e-02 1.666666667e-03 6.666666667e-03 1707
2.500000000e-02 1.666666667e-03 8.333333333e-03 1708
2.500000000e-02 1.666666667e-03 1.000000000e-02 1709
2.500000000e-02 1.666666667e-03 1.166666667e-02 1710
2.500000000e-02 1.666666667e-03 1.333333333e-02 1711
2.500000000e-02 1.666666667e-03 1.500000000e-02 1712
2.500000000e-02 1.666666667e-03 1.666666667e-02 1713
2.500000000e-02 1.666666667e-03 1.833333333e-02 1714
2.500000000e-02 1.666666667e-03 2.000000000e-02 1715
2.500000000e-02 3.333333333e-03 0.000000000e+00 1716
2.500000000e-02 3.333333333e-03 1.666666667e-03 1717
2.500000000e-02 3.333333333e-03 3.333333333e-03 1718
2.500000000e-02 3.333333333e-03 5.000000000e-03 1719
2.500000000e-02 3.333333333e-03 6.666666667e-03 1720
2.500000000e-02 3.333333333e-03 8.333333333e-03 1721
2.500000000e-02 3.333333333e-03 1.000000000e-02 1722
2.500000000e-02 3.333333333e-03 1.166666667e-02 1723
2.500000000e-02 3.333333333e-03 1.333333333e-02 1724
2.500000000e-02 3.333333333e-03 1.500000000e-02 1725
2.500000000e-02 3.333333333e-03 1.666666667e-02 1726
2.500000000e-02 3.333333333e-03 1.833333333e-02 1727
2.500000000e-02 3.333333333e-03 2.000000000e-02 1728
2.500000000e-02 5.000000000e-03 0.000000000e+00 1729
2.500000000e-02 5.000000000e-03 1.666666667e-03 1730
2.500000000e-02 5.000000000e-03 3.333333333e-03 1731
2.500000000e-02 5.000000000e-03 5.000000000e-03 1732
2.500000000e-02 5.000000000e-03 6.666666667e-03 1733
2.500000000e-02 5.000000000e-03 8.333333333e-03 1734
2.500000000e-02 5.000000000e-03 1.000000000e-02 1735
2.500000000e-02 5.000000000e-03 1.166666667e-02 1736
2.500000000e-02 5.000000000e-03 1.333333333e-02 1737
2.500000000e-02 5.000000000e-03 1.500000000e-02 1738
2.500000000e-02 5.000000000e-03 1.666666667e-02 1739
2.500000000e-02 5.000000000e-03 1.833333333e-02 1740
2.500000000e-02 5.000000000e-03 2.000000000e-02 1741
2.500000000e-02 6.666666667e-03 0.000000000e+00 1742
2.500000000e-02 6.666666667e-03 1.666666667e-03 1743
2.500000000e-02 6.666666667e-03 3.333333333e-03 1744
2.500000000e-02 6.666666667e-03 5.000000000e-03 1745
2.500000000e-02 6.666666667e-03 6.666666667e-03 1746
2.500000000e-02 6.666666667e-03 8.333333333e-03 1747
2.500000000e-02 6.666666667e-03 1.000000000e-02 1748
2.500000000e-02 6.666666667e-03 1.166666667e-02 1749
2.500000000e-02 6.666666667e-03 1.333333333e-02 1750
2.500000000e-02 6.666666667e-03 1.500000000e-02 1751
2.500000000e-02 6.666666667e-03 1.666666667e-02 1752
2.500000000e-02 6.666666667e-03 1.833333333e-02 1753
2.500000000e-02 6.666666667e-03 2.000000000e-02 1754
2.500000000e-02 8.333333333e-03 0.000000000e+00 1755
2.500000000e-02 8.333333333e-03 1.666666667e-03 1756
2.500000000e-02 8.333333333e-03 3.333333333e-03 1757
2.500000000e-02 8.333333333e-03 5.000000000e-03 1758
2.500000000e-02 8.333333333e-03 6.666666667e-03 1759
2.500000000e-02 8.333333333e-03 8.333333333e-03 1760
2.500000000e-02 8.333333333e-03 1.000000000e-02 1761
2.500000000e-02 8.333333333e-03 1.166666667e-02 1762
2.500000000e-02 8.333333333e-03 1.333333333e-02 1763
2.500000000e-02 8.333333333e-03 1.500000000e-02 1764
2.500000000e-02 8.333333333e-03 1.666666667e-02 1765
2.500000000e-02 8.333333333e-03 1.833333333e-02 1766
2.500000000e-02 8.333333333e-03 2.000000000e-02 1767
2.500000000e-02 1.000000000e-02 0.000000000e+00 1768
2.500000000e-02 1.000000000e-02 1.666666667e-03 1769
2.500000000e-02 1.000000000e-02 3.333333333e-03 1770
2.500000000e-02 1.000000000e-02 5.000000000e-03 1771
2.500000000e-02 1.000000000e-02 6.666666667e-03 1772
2.500000000e-02 1.000000000e-02 8.333333333e-03 1773
2.500000000e-02 1.000000000e-02 1.000000000e-02 1774
2.500000000e-02 1.000000000e-02 1.166666667e-02 1775
2.500000000e-02 1.000000000e-02 1.333333333e-02 1776
2.500000000e-02 1.000000000e-02 1.500000000e-02 1777
2.500000000e-02 1.000000000e-02 1.666666667e-02 1778
2.500000000e-02 1.000000000e-02 1.833333333e-02 1779
2.500000000e-02 1.000000000e-02 2.000000000e-02 1780
2.500000000e-02 1.166666667e-02 0.000000000e+00 1781
2.500000000e-02 1.166666667e-02 1.666666667e-03 1782
2.500000000e-02 1.166666667e-02 3.333333333e-03 1783
2.500000000e-02 1.166666667e-02 5.000000000e-03 1784
2.500000000e-02 1.166666667e-02 6.666666667e-03 1785
2.500000000e-02 1.166666667e-02 8.333333333e-03 1786
2.500000000e-02 1.166666667e-02 1.000000000e-02 1787
2.500000000e-02 1.166666667e-02 1.166666667e-02 1788
2.500000000e-02 1.166666667e-02 1.333333333e-02 1789
2.500000000e-02 1.166666667e-02 1.500000000e-02 1790
2.500000000e-02 1.166666667e-02 1.666666667e-02 1791
2.500000000e-02 1.166666667e-02 1.833333333e-02 1792
2.500000000e-02 1.166666667e-02 2.000000000e-02 1793
2.500000000e-02 1.333333333e-02 0.000000000e+00 1794
2.500000000e-02 1.333333333e-02 1.666666667e-03 1795
2.500000000e-02 1.333333333e-02 3.333333333e-03 1796
2.500000000e-02 1.333333333e-02 5.000000000e-03 1797
2.500000000e-02 1.333333333e-02 6.666666667e-03 1798
2.500000000e-02 1.333333333e-02 8.333333333e-03 1799
2.500000000e-02 1.333333333e-02 1.000000000e-02 1800
2.500000000e-02 1.333333333e-02 1.166666667e-02 1801
2.500000000e-02 1.333333333e-02 1.333333333e-02 1802
2.500000000e-02 1.333333333e-02 1.500000000e-02 1803
2.500000000e-02 1.333333333e-02 1.666666667e-02 1804
2.500000000e-02 1.333333333e-02 1.833333333e-02 1805
2.500000000e-02 1.333333333e-02 2.000000000e-02 1806
2.500000000e-02 1.500000000e-02 0.000000000e+00 1807
2.500000000e-02 1.500000000e-02 1.666666667e-03 1808
2.500000000e-02 1.500000000e-02 3.333333333e-03 1809
2.500000000e-02 1.500000000e-02 5.000000000e-03 1810
2.500000000e-02 1.500000000e-02 6.666666667e-03 1811
2.500000000e-02 1.500000000e-02 8.333333333e-03 1812
2.500000000e-02 1.500000000e-02 1.000000000e-02 1813
2.500000000e-02 1.500000000e-02 1.166666667e-02 1814
2.500000000e-02 1.500000000e-02 1.333333333e-02 1815
2.500000000e-02 1.500000000e-02 1.500000000e-02 1816
2.500000000e-02 1.500000000e-02 1.666666667e-02 1817
2.500000000e-02 1.500000000e-02 1.833333333e-02 1818
2.500000000e-02 1.500000000e-02 2.000000000e-02 1819
2.500000000e-02 1.666666667e-02 0.000000000e+00 1820
2.500000000e-02 1.666666667e-02 1.666666667e-03 1821
2.500000000e-02 1.666666667e-02 3.333333333e-03 1822
2.500000000e-02 1.666666667e-02 5.000000000e-03 1823
2.500000000e-02 1.666666667e-02 6.666666667e-03 1824
2.500000000e-02 1.666666667e-02 8.333333333e-03 1825
2.500000000e-02 1.666666667e-02 1.000000000e-02 1826
2.500000000e-02 1.666666667e-02 1.166666667e-02 1827
2.500000000e-02 1.666666667e-02 1.333333333e-02 1828
2.500000000e-02 1.666666667e-02 1.500000000e-02 1829
2.500000000e-02 1.666666667e-02 1.666666667e-02 1830
2.500000000e-02 1.666666667e-02 1.833333333e-02 1831
2.500000000e-02 1.666666667e-02 2.000000000e-02 1832
2.500000000e-02 1.833333333e-02 0.000000000e+00 1833
2.500000000e-02 1.833333333e-02 1.666666667e-03 1834
2.500000000e-02 1.833333333e-02 3.333333333e-03 1835
2.500000000e-02 1.833333333e-02 5.000000000e-03 1836
2.500000000e-02 1.833333333e-02 6.666666667e-03 1837
2.500000000e-02 1.833333333e-02 8.333333333e-03 1838
2.500000000e-02 1.833333333e-02 1.000000000e-02 1839
2.500000000e-02 1.833333333e-02 1.166666667e-02 1840
2.500000000e-02 1.833333333e-02 1.333333333e-02 1841
2.500000000e-02 1.833333333e-02 1.500000000e-02 1842
2.500000000e-02 1.833333333e-02 1.666666667e-02 1843
2.500000000e-02 1.833333333e-02 1.833333333e-02 1844
2.500000000e-02 1.833333333e-02 2.000000000e-02 1845
2.500000000e-02 2.000000000e-02 0.000000000e+00 1846
2.500000000e-02 2.000000000e-02 1.666666667e-03 1847
2.500000000e-02 2.000000000e-02 3.333333333e-03 1848
2.500000000e-02 2.000000000e-02 5.000000000e-03 1849
2.500000000e-02 2.000000000e-02 6.666666667e-03 1850
2.500000000e-02 2.000000000e-02 8.333333333e-03 1851
2.500000000e-02 2.000000000e-02 1.000000000e-02 1852
2.500000000e-02 2.000000000e-02 1.166666667e-02 1853
2.500000000e-02 2.000000000e-02 1.333333333e-02 1854
2.500000000e-02 2.000000000e-02 1.500000000e-02 1855
2.500000000e-02 2.000000000e-02 1.666666667e-02 1856
2.500000000e-02 2.000000000e-02 1.833333333e-02 1857
2.500000000e-02 2.000000000e-02 2.000000000e-02 1858
2.750000000e-02 0.000000000e+00 0.000000000e+00 1859
2.750000000e-02 0.000000000e+00 1.666666667e-03 1860
2.750000000e-02 0.000000000e+00 3.333333333e-03 1861
2.750000000e-02 0.000000000e+00 5.000000000e-03 1862
2.750000000e-02 0.000000000e+00 6.666666667e-03 1863
2.750000000e-02 0.000000000e+00 8.333333333e-03 1864
2.750000000e-02 0.000000000e+00 1.000000000e-02 1865
2.750000000e-02 0.000000000e+00 1.166666667e-02 1866
2.750000000e-02 0.000000000e+00 1.333333333e-02 1867
2.750000000e-02 0.000000000e+00 1.500000000e-02 1868
2.750000000e-02 0.000000000e+00 1.666666667e-02 1869
2.750000000e-02 0.000000000e+00 1.833333333e-02 1870
2.750000000e-02 0.000000000e+00 2.000000000e-02 1871
2.750000000e-02 1.666666667e-03 0.000000000e+00 1872
2.750000000e-02 1.666666667e-03 1.666666667e-03 1873
2.750000000e-02 1.666666667e-03 3.333333333e-03 1874
2.750000000e-02 1.666666667e-03 5.000000000e-03 1875
2.750000000e-02 1.666666667e-03 6.666666667e-03 1876
2.750000000e-02 1.666666667e-03 8.333333333e-03 1877
2.750000000e-02 1.666666667e-03 1.000000000e-02 1878
2.750000000e-02 1.666666667e-03 1.166666667e-02 1879
2.750000000e-02 1.666666667e-03 1.333333333e-02 1880
2.750000000e-02 1.666666667e-03 1.500000000e-02 1881
2.750000000e-02 1.666666667e-03 1.666666667e-02 1882
2.750000000e-02 1.666666667e-03 1.833333333e-02 1883
2.750000000e-02 1.666666667e-03 2.000000000e-02 1884
2.750000000e-02 3.333333333e-03 0.000000000e+00 1885
2.750000000e-02 3.333333333e-03 1.666666667e-03 1886
2.750000000e-02 3.333333333e-03 3.333333333e-03 1887
2.750000000e-02 3.333333333e-03 5.000000000e-03 1888
2.750000000e-02 3.333333333e-03 6.666666667e-03 1889
2.750000000e-02 3.333333333e-03 8.333333333e-03 1890
2.750000000e-02 3.333333333e-03 1.000000000e-02 1891
2.750000000e-02 3.333333333e-03 1.166666667e-02 1892
2.750000000e-02 3.333333333e-03 1.333333333e-02 1893
2.750000000e-02 3.333333333e-03 1.500000000e-02 1894
2.750000000e-02 3.333333333e-03 1.666666667e-02 1895
2.750000000e-02 3.333333333e-03 1.833333333e-02 1896
2.750000000e-02 3.333333333e-03 2.000000000e-02 1897
2.750000000e-02 5.000000000e-03 0.000000000e+00 1898
2.750000000e-02 5.000000000e-03 1.666666667e-03 1899
2.750000000e-02 5.000000000e-03 3.333333333e-03 1900
2.750000000e-02 5.000000000e-03 5.000000000e-03 1901
2.750000000e-02 5.000000000e-03 6.666666667e-03 1902
2.750000000e-02 5.000000000e-03 8.333333333e-03 1903
2.750000000e-02 5.000000000e-03 1.000000000e-02 1904
2.750000000e-02 5.000000000e-03 1.166666667e-02 1905
2.750000000e-02 5.000000000e-03 1.333333333e-02 1906
2.750000000e-02 5.000000000e-03 1.500000000e-02 1907
2.750000000e-02 5.000000000e-03 1.666666667e-02 1908
2.750000000e-02 5.000000000e-03 1.833333333e-02 1909
2.750000000e-02 5.000000000e-03 2.000000000e-02 1910
2.750000000e-02 6.666666667e-03 0.000000000e+00 1911
2.750000000e-02 6.666666667e-03 1.666666667e-03 1912
2.750000000e-02 6.666666667e-03 3.333333333e-03 1913
2.750000000e-02 6.666666667e-03 5.000000000e-03 1914
2.750000000e-02 6.666666667e-03 6.666666667e-03 1915
2.750000000e-02 6.666666667e-03 8.333333333e-03 1916
2.750000000e-02 6.666666667e-03 1.000000000e-02 1917
2.750000000e-02 6.666666667e-03 1.166666667e-02 1918
2.750000000e-02 6.666666667e-03 1.333333333e-02 1919
2.750000000e-02 6.666666667e-03 1.500000000e-02 1920
2.750000000e-02 6.666666667e-03 1.666666667e-02 1921
2.750000000e-02 6.666666667e-03 1.833333333e-02 1922
2.750000000e-02 6.666666667e-03 2.000000000e-02 1923
2.750000000e-02 8.333333333e-03 0.000000000e+00 1924
2.750000000e-02 8.333333333e-03 1.666666667e-03 1925
2.750000000e-02 8.333333333e-03 3.333333333e-03 1926
2.750000000e-02 8.333333333e-03 5.000000000e-03 1927
2.750000000e-02 8.333333333e-03 6.666666667e-03 1928
2.750000000e-02 8.333333333e-03 8.333333333e-03 1929
2.750000000e-02 8.333333333e-03 1.000000000e-02 1930
2.750000000e-02 8.333333333e-03 1.166666667e-02 1931
2.750000000e-02 8.333333333e-03 1.333333333e-02 1932
2.750000000e-02 8.333333333e-03 1.500000000e-02 1933
2.750000000e-02 8.333333333e-03 1.666666667e-02 1934
2.750000000e-02 8.333333333e-03 1.833333333e-02 1935
2.750000000e-02 8.333333333e-03 2.000000000e-02 1936
2.750000000e-02 1.000000000e-02 0.000000000e+00 1937
2.750000000e-02 1.000000000e-02 1.666666667e-03 1938
2.750000000e-02 1.000000000e-02 3.333333333e-03 1939
2.750000000e-02 1.000000000e-02 5.000000000e-03 1940
2.750000000e-02 1.000000000e-02 6.666666667e-03 1941
2.750000000e-02 1.000000000e-02 8.333333333e-03 1942
2.750000000e-02 1.000000000e-02 1.000000000e-02 1943
2.750000000e-02 1.000000000e-02 1.166666667e-02 1944
2.750000000e-02 1.000000000e-02 1.333333333e-02 1945
2.750000000e-02 1.000000000e-02 1.500000000e-02 1946
2.750000000e-02 1.000000000e-02 1.666666667e-02 1947
2.750000000e-02 1.000000000e-02 1.833333333e-02 1948
2.750000000e-02 1.000000000e-02 2.000000000e-02 1949
2.750000000e-02 1.166666667e-02 0.000000000e+00 1950
2.750000000e-02 1.166666667e-02 1.666666667e-03 1951
2.750000000e-02 1.166666667e-02 3.333333333e-03 1952
2.750000000e-02 1.166666667e-02 5.000000000e-03 1953
2.750000000e-02 1.166666667e-02 6.666666667e-03 1954
2.750000000e-02 1.166666667e-02 8.333333333e-03 1955
2.750000000e-02 1.166666667e-02 1.000000000e-02 1956
2.750000000e-02 1.166666667e-02 1.166666667e-02 1957
2.750000000e-02 1.166666667e-02 1.333333333e-02 1958
2.750000000e-02 1.166666667e-02 1.500000000e-02 1959
2.750000000e-02 1.166666667e-02 1.666666667e-02 1960
2.750000000e-02 1.166666667e-02 1.833333333e-02 1961
2.750000000e-02 1.166666667e-02 2.000000000e-02 1962
2.750000000e-02 1.333333333e-02 0.000000000e+00 1963
2.750000000e-02 1.333333333e-02 1.666666667e-03 1964
2.750000000e-02 1.333333333e-02 3.333333333e-03 1965
2.750000000e-02 1.333333333e-02 5.000000000e-03 1966
2.750000000e-02 1.333333333e-02 6.666666667e-03 1967
2.750000000e-02 1.333333333e-02 8.333333333e-03 1968
2.750000000e-02 1.333333333e-02 1.000000000e-02 1969
2.750000000e-02 1.333333333e-02 1.166666667e-02 1970
2.750000000e-02 1.333333333e-02 1.333333333e-02 1971
2.750000000e-02 1.333333333e-02 1.500000000e-02 1972
2.750000000e-02 1.333333333e-02 1.666666667e-02 1973
2.750000000e-02 1.333333333e-02 1.833333333e-02 1974
2.750000000e-02 1.333333333e-02 2.000000000e-02 1975
2.750000000e-02 1.500000000e-02 0.000000000e+00 1976
2.750000000e-02 1.500000000e-02 1.666666667e-03 1977
2.750000000e-02 1.500000000e-02 3.333333333e-03 1978
2.750000000e-02 1.500000000e-02 5.000000000e-03 1979
2.750000000e-02 1.500000000e-02 6.666666667e-03 1980
2.750000000e-02 1.500000000e-02 8.333333333e-03 1981
2.750000000e-02 1.500000000e-02 1.000000000e-02 1982
2.750000000e-02 1.500000000e-02 1.166666667e-02 1983
2.750000000e-02 1.500000000e-02 1.333333333e-02 1984
2.750000000e-02 1.500000000e-02 1.500000000e-02 1985
2.750000000e-02 1.500000000e-02 1.666666667e-02 1986
2.750000000e-02 1.500000000e-02 1.833333333e-02 1987
2.750000000e-02 1.500000000e-02 2.000000000e-02 1988
2.750000000e-02 1.666666667e-02 0.000000000e+00 1989
2.750000000e-02 1.666666667e-02 1.666666667e-03 1990
2.750000000e-02 1.666666667e-02 3.333333333e-03 1991
2.750000000e-02 1.666666667e-02 5.000000000e-03 1992
2.750000000e-02 1.666666667e-02 6.666666667e-03 1993
2.750000000e-02 1.666666667e-02 8.333333333e-03 1994
2.750000000e-02 1.666666667e-02 1.000000000e-02 1995
2.750000000e-02 1.666666667e-02 1.166666667e-02 1996
2.750000000e-02 1.666666667e-02 1.333333333e-02 1997
2.750000000e-02 1.666666667e-02 1.500000000e-02 1998
2.750000000e-02 1.666666667e-02 1.666666667e-02 1999
2.750000000e-02 1.666666667e-02 1.833333333e-02 2000
2.750000000e-02 1.666666667e-02 2.000000000e-02 2001
2.750000000e-02 1.833333333e-02 0.000000000e+00 2002
2.750000000e-02 1.833333333e-02 1.666666667e-03 2003
2.750000000e-02 1.833333333e-02 3.333333333e-03 2004
2.750000000e-02 1.833333333e-02 5.000000000e-03 2005
2.750000000e-02 1.833333333e-02 6.666666667e-03 2006
2.750000000e-02 1.833333333e-02 8.333333333e-03 2007
2.750000000e-02 1.833333333e-02 1.000000000e-02 2008
2.750000000e-02 1.833333333e-02 1.166666667e-02 2009
2.750000000e-02 1.833333333e-02 1.333333333e-02 2010
2.750000000e-02 1.833333333e-02 1.500000000e-02 2011
2.750000000e-02 1.833333333e-02 1.666666667e-02 2012
2.750000000e-02 1.833333333e-02 1.833333333e-02 2013
2.750000000e-02 1.833333333e-02 2.000000000e-02 2014
2.750000000e-02 2.000000000e-02 0.000000000e+00 2015
2.750000000e-02 2.000000000e-02 1.666666667e-03 2016
2.750000000e-02 2.000000000e-02 3.333333333e-03 2017
2.750000000e-02 2.000000000e-02 5.000000000e-03 2018
2.750000000e-02 2.000000000e-02 6.666666667e-03 2019
2.750000000e-02 2.000000000e-02 8.333333333e-03 2020
2.750000000e-02 2.000000000e-02 1.000000000e-02 2021
2.750000000e-02 2.000000000e-02 1.166666667e-02 2022
2.750000000e-02 2.000000000e-02 1.333333333e-02 2023
2.750000000e-02 2.000000000e-02 1.500000000e-02 2024
2.750000000e-02 2.000000000e-02 1.666666667e-02 2025
2.750000000e-02 2.000000000e-02 1.833333333e-02 2026
2.750000000e-02 2.000000000e-02 2.000000000e-02 2027
3.000000000e-02 0.000000000e+00 0.000000000e+00 2028
3.000000000e-02 0.000000000e+00 1.666666667e-03 2029
3.000000000e-02 0.000000000e+00 3.333333333e-03 2030
3.000000000e-02 0.000000000e+00 5.000000000e-03 2031
3.000000000e-02 0.000000000e+00 6.666666667e-03 2032
3.000000000e-02 0.000000000e+00 8.333333333e-03 2033
3.000000000e-02 0.000000000e+00 1.000000000e-02 2034
3.000000000e-02 0.000000000e+00 1.166666667e-02 2035
3.000000000e-02 0.000000000e+00 1.333333333e-02 2036
3.000000000e-02 0.000000000e+00 1.500000000e-02 2037
3.000000000e-02 0.000000000e+00 1.666666667e-02 2038
3.000000000e-02 0.000000000e+00 1.833333333e-02 2039
3.000000000e-02 0.000000000e+00 2.000000000e-02 2040
3.000000000e-02 1.666666667e-03 0.000000000e+00 2041
3.000000000e-02 1.666666667e-03 1.666666667e-03 2042
3.000000000e-02 1.666666667e-03 3.333333333e-03 2043
3.000000000e-02 1.666666667e-03 5.000000000e-03 2044
3.000000000e-02 1.666666667e-03 6.666666667e-03 2045
3.000000000e-02 1.666666667e-03 8.333333333e-03 2046
3.000000000e-02 1.666666667e-03 1.000000000e-02 2047
3.000000000e-02 1.666666667e-03 1.166666667e-02 2048
3.000000000e-02 1.666666667e-03 1.333333333e-02 2049
3.000000000e-02 1.666666667e-03 1.500000000e-02 2050
3.000000000e-02 1.666666667e-03 1.666666667e-02 2051
3.000000000e-02 1.666666667e-03 1.833333333e-02 2052
3.000000000e-02 1.666666667e-03 2.000000000e-02 2053
3.000000000e-02 3.333333333e-03 0.000000000e+00 2054
3.000000000e-02 3.333333333e-03 1.666666667e-03 2055
3.000000000e-02 3.333333333e-03 3.333333333e-03 2056
3.000000000e-02 3.333333333e-03 5.000000000e-03 2057
3.000000000e-02 3.333333333e-03 6.666666667e-03 2058
3.000000000e-02 3.333333333e-03 8.333333333e-03 2059
3.000000000e-02 3.333333333e-03 1.000000000e-02 2060
3.000000000e-02 3.333333333e-03 1.166666667e-02 2061
3.000000000e-02 3.333333333e-03 1.333333333e-02 2062
3.000000000e-02 3.333333333e-03 1.500000000e-02 2063
3.000000000e-02 3.333333333e-03 1.666666667e-02 2064
3.000000000e-02 3.333333333e-03 1.833333333e-02 2065
3.000000000e-02 3.333333333e-03 2.000000000e-02 2066
3.000000000e-02 5.000000000e-03 0.000000000e+00 2067
3.000000000e-02 5.000000000e-03 1.666666667e-03 2068
3.000000000e-02 5.000000000e-03 3.333333333e-03 2069
3.000000000e-02 5.000000000e-03 5.000000000e-03 2070
3.000000000e-02 5.000000000e-03 6.666666667e-03 2071
3.000000000e-02 5.000000000e-03 8.333333333e-03 2072
3.000000000e-02 5.000000000e-03 1.000000000e-02 2073
3.000000000e-02 5.000000000e-03 1.166666667e-02 2074
3.000000000e-02 5.000000000e-03 1.333333333e-02 2075
3.000000000e-02 5.000000000e-03 1.500000000e-02 2076
3.000000000e-02 5.000000000e-03 1.666666667e-02 2077
3.000000000e-02 5.000000000e-03 1.833333333e-02 2078
3.000000000e-02 5.000000000e-03 2.000000000e-02 2079
3.000000000e-02 6.666666667e-03 0.000000000e+00 2080
3.000000000e-02 6.666666667e-03 1.666666667e-03 2081
3.000000000e-02 6.666666667e-03 3.333333333e-03 2082
3.000000000e-02 6.666666667e-03 5.000000000e-03 2083
3.000000000e-02 6.666666667e-03 6.666666667e-03 2084
3.000000000e-02 6.666666667e-03 8.333333333e-03 2085
3.000000000e-02 6.666666667e-03 1.000000000e-02 2086
3.000000000e-02 6.666666667e-03 1.166666667e-02 2087
3.000000000e-02 6.666666667e-03 1.333333333e-02 2088
3.000000000e-02 6.666666667e-03 1.500000000e-02 2089
3.000000000e-02 6.666666667e-03 1.666666667e-02 2090
3.000000000e-02 6.666666667e-03 1.833333333e-02 2091
3.000000000e-02 6.666666667e-03 2.000000000e-02 2092
3.000000000e-02 8.333333333e-03 0.000000000e+00 2093
3.000000000e-02 8.333333333e-03 1.666666667e-03 2094
3.000000000e-02 8.333333333e-03 3.333333333e-03 2095
3.000000000e-02 8.333333333e-03 5.000000000e-03 2096
3.000000000e-02 8.333333333e-03 6.666666667e-03 2097
3.000000000e-02 8.333333333e-03 8.333333333e-03 2098
3.000000000e-02 8.333333333e-03 1.000000000e-02 2099
3.000000000e-02 8.333333333e-03 1.166666667e-02 2100
3.000000000e-02 8.333333333e-03 1.333333333e-02 2101
3.000000000e-02 8.333333333e-03 1.500000000e-02 2102
3.000000000e-02 8.333333333e-03 1.666666667e-02 2103
3.000000000e-02 8.333333333e-03 1.833333333e-02 2104
3.000000000e-02 8.333333333e-03 2.000000000e-02 2105
3.000000000e-02 1.000000000e-02 0.000000000e+00 2106
3.000000000e-02 1.000000000e-02 1.666666667e-03 2107
3.000000000e-02 1.000000000e-02 3.333333333e-03 2108
3.000000000e-02 1.000000000e-02 5.000000000e-03 2109
3.000000000e-02 1.000000000e-02 6.666666667e-03 2110
3.000000000e-02 1.000000000e-02 8.333333333e-03 2111
3.000000000e-02 1.000000000e-02 1.000000000e-02 2112
3.000000000e-02 1.000000000e-02 1.166666667e-02 2113
3.000000000e-02 1.000000000e-02 1.333333333e-02 2114
3.000000000e-02 1.000000000e-02 1.500000000e-02 2115
3.000000000e-02 1.000000000e-02 1.666666667e-02 2116
3.000000000e-02 1.000000000e-02 1.833333333e-02 2117
3.000000000e-02 1.000000000e-02 2.000000000e-02 2118
3.000000000e-02 1.166666667e-02 0.000000000e+00 2119
3.000000000e-02 1.166666667e-02 1.666666667e-03 2120
3.000000000e-02 1.166666667e-02 3.333333333e-03 2121
3.000000000e-02 1.166666667e-02 5.000000000e-03 2122
3.000000000e-02 1.166666667e-02 6.666666667e-03 2123
3.000000000e-02 1.166666667e-02 8.333333333e-03 2124
3.000000000e-02 1.166666667e-02 1.000000000e-02 2125
3.000000000e-02 1.166666667e-02 1.166666667e-02 2126
3.000000000e-02 1.166666667e-02 1.333333333e-02 2127
3.000000000e-02 1.166666667e-02 1.500000000e-02 2128
3.000000000e-02 1.166666667e-02 1.666666667e-02 2129
3.000000000e-02 1.166666667e-02 1.833333333e-02 2130
3.000000000e-02 1.166666667e-02 2.000000000e-02 2131
3.000000000e-02 1.333333333e-02 0.000000000e+00 2132
3.000000000e-02 1.333333333e-02 1.666666667e-03 2133
3.000000000e-02 1.333333333e-02 3.333333333e-03 2134
3.000000000e-02 1.333333333e-02 5.000000000e-03 2135
3.000000000e-02 1.333333333e-02 6.666666667e-03 2136
3.000000000e-02 1.333333333e-02 8.333333333e-03 2137
3.000000000e-02 1.333333333e-02 1.000000000e-02 2138
3.000000000e-02 1.333333333e-02 1.166666667e-02 2139
3.000000000e-02 1.333333333e-02 1.333333333e-02 2140
3.000000000e-02 1.333333333e-02 1.500000000e-02 2141
3.000000000e-02 1.333333333e-02 1.666666667e-02 2142
3.000000000e-02 1.333333333e-02 1.833333333e-02 2143
3.000000000e-02 1.333333333e-02 2.000000000e-02 2144
3.000000000e-02 1.500000000e-02 0.000000000e+00 2145
3.000000000e-02 1.500000000e-02 1.666666667e-03 2146
3.000000000e-02 1.500000000e-02 3.333333333e-03 2147
3.000000000e-02 1.500000000e-02 5.000000000e-03 2148
3.000000000e-02 1.500000000e-02 6.666666667e-03 2149
3.000000000e-02 1.500000000e-02 8.333333333e-03 2150
3.000000000e-02 1.500000000e-02 1.000000000e-02 2151
3.000000000e-02 1.500000000e-02 1.166666667e-02 2152
3.000000000e-02 1.500000000e-02 1.333333333e-02 2153
3.000000000e-02 1.500000000e-02 1.500000000e-02 2154
3.000000000e-02 1.500000000e-02 1.666666667e-02 2155
3.000000000e-02 1.500000000e-02 1.833333333e-02 2156
3.000000000e-02 1.500000000e-02 2.000000000e-02 2157
3.000000000e-02 1.666666667e-02 0.000000000e+00 2158
3.000000000e-02 1.666666667e-02 1.666666667e-03 2159
3.000000000e-02 1.666666667e-02 3.333333333e-03 2160
3.000000000e-02 1.666666667e-02 5.000000000e-03 2161
3.000000000e-02 1.666666667e-02 6.666666667e-03 2162
3.000000000e-02 1.666666667e-02 8.333333333e-03 2163
3.000000000e-02 1.666666667e-02 1.000000000e-02 2164
3.000000000e-02 1.666666667e-02 1.166666667e-02 2165
3.000000000e-02 1.666666667e-02 1.333333333e-02 2166
3.000000000e-02 1.666666667e-02 1.500000000e-02 2167
3.000000000e-02 1.666666667e-02 1.666666667e-02 2168
3.000000000e-02 1.666666667e-02 1.833333333e-02 2169
3.000000000e-02 1.666666667e-02 2.000000000e-02 2170
3.000000000e-02 1.833333333e-02 0.000000000e+00 2171
3.000000000e-02 1.833333333e-02 1.666666667e-03 2172
3.000000000e-02 1.833333333e-02 3.333333333e-03 2173
3.000000000e-02 1.833333333e-02 5.000000000e-03 2174
3.000000000e-02 1.833333333e-02 6.666666667e-03 2175
3.000000000e-02 1.833333333e-02 8.333333333e-03 2176
3.000000000e-02 1.833333333e-02 1.000000000e-02 2177
3.000000000e-02 1.833333333e-02 1.166666667e-02 2178
3.000000000e-02 1.833333333e-02 1.333333333e-02 2179
3.000000000e-02 1.833333333e-02 1.500000000e-02 2180
3.000000000e-02 1.833333333e-02 1.666666667e-02 2181
3.000000000e-02 1.833333333e-02 1.833333333e-02 2182
3.000000000e-02 1.833333333e-02 2.000000000e-02 2183
3.000000000e-02 2.000000000e-02 0.000000000e+00 2184
3.000000000e-02 2.000000000e-02 1.666666667e-03 2185
3.000000000e-02 2.000000000e-02 3.333333333e-03 2186
3.000000000e-02 2.000000000e-02 5.000000000e-03 2187
3.000000000e-02 2.000000000e-02 6.666666667e-03 2188
3.000000000e-02 2.000000000e-02 8.333333333e-03 2189
3.000000000e-02 2.000000000e-02 1.000000000e-02 2190
3.000000000e-02 2.000000000e-02 1.166666667e-02 2191
3.000000000e-02 2.000000000e-02 1.333333333e-02 2192
3.000000000e-02 2.000000000e-02 1.500000000e-02 2193
3.000000000e-02 2.000000000e-02 1.666666667e-02 2194
3.000000000e-02 2.000000000e-02 1.833333333e-02 2195
3.000000000e-02 2.000000000e-02 2.000000000e-02 2196
3.250000000e-02 0.000000000e+00 0.000000000e+00 2197
3.250000000e-02 0.000000000e+00 1.666666667e-03 2198
3.250000000e-02 0.000000000e+00 3.333333333e-03 2199
3.250000000e-02 0.000000000e+00 5.000000000e-03 2200
3.250000000e-02 0.000000000e+00 6.666666667e-03 2201
3.250000000e-02 0.000000000e+00 8.333333333e-03 2202
3.250000000e-02 0.000000000e+00 1.000000000e-02 2203
3.250000000e-02 0.000000000e+00 1.166666667e-02 2204
3.250000000e-02 0.000000000e+00 1.333333333e-02 2205
3.250000000e-02 0.000000000e+00 1.500000000e-02 2206
3.250000000e-02 0.000000000e+00 1.666666667e-02 2207
3.250000000e-02 0.000000000e+00 1.833333333e-02 2208
3.250000000e-02 0.000000000e+00 2.000000000e-02 2209
3.250000000e-02 1.666666667e-03 0.000000000e+00 2210
3.250000000e-02 1.666666667e-03 1.666666667e-03 2211
3.250000000e-02 1.666666667e-03 3.333333333e-03 2212
3.250000000e-02 1.666666667e-03 5.000000000e-03 2213
3.250000000e-02 1.666666667e-03 6.666666667e-03 2214
3.250000000e-02 1.666666667e-03 8.333333333e-03 2215
3.250000000e-02 1.666666667e-03 1.000000000e-02 2216
3.250000000e-02 1.666666667e-03 1.166666667e-02 2217
3.250000000e-02 1.666666667e-03 1.333333333e-02 2218
3.250000000e-02 1.666666667e-03 1.500000000e-02 2219
3.250000000e-02 1.666666667e-03 1.666666667e-02 2220
3.250000000e-02 1.666666667e-03 1.833333333e-02 2221
3.250000000e-02 1.666666667e-03 2.000000000e-02 2222
3.250000000e-02 3.333333333e-03 0.000000000e+00 2223
3.250000000e-02 3.333333333e-03 1.666666667e-03 2224
3.250000000e-02 3.333333333e-03 3.333333333e-03 2225
3.250000000e-02 3.333333333e-03 5.000000000e-03 2226
3.250000000e-02 3.333333333e-03 6.666666667e-03 2227
3.250000000e-02 3.333333333e-03 8.333333333e-03 2228
3.250000000e-02 3.333333333e-03 1.000000000e-02 2229
3.250000000e-02 3.333333333e-03 1.166666667e-02 2230
3.250000000e-02 3.333333333e-03 1.333333333e-02 2231
3.250000000e-02 3.333333333e-03 1.500000000e-02 2232
3.250000000e-02 3.333333333e-03 1.666666667e-02 2233
3.250000000e-02 3.333333333e-03 1.833333333e-02 2234
3.250000000e-02 3.333333333e-03 2.000000000e-02 2235
3.250000000e-02 5.000000000e-03 0.000000000e+00 2236
3.250000000e-02 5.000000000e-03 1.666666667e-03 2237
3.250000000e-02 5.000000000e-03 3.333333333e-03 2238
3.250000000e-02 5.000000000e-03 5.000000000e-03 2239
3.250000000e-02 5.000000000e-03 6.666666667e-03 2240
3.250000000e-02 5.000000000e-03 8.333333333e-03 2241
3.250000000e-02 5.000000000e-03 1.000000000e-02 2242
3.250000000e-02 5.000000000e-03 1.166666667e-02 2243
3.250000000e-02 5.000000000e-03 1.333333333e-02 2244
3.250000000e-02 5.000000000e-03 1.500000000e-02 2245
3.250000000e-02 5.000000000e-03 1.666666667e-02 2246
3.250000000e-02 5.000000000e-03 1.833333333e-02 2247
3.250000000e-02 5.000000000e-03 2.000000000e-02 2248
3.250000000e-02 6.666666667e-03 0.000000000e+00 2249
3.250000000e-02 6.666666667e-03 1.666666667e-03 2250
3.250000000e-02 6.666666667e-03 3.333333333e-03 2251
3.250000000e-02 6.666666667e-03 5.000000000e-03 2252
3.250000000e-02 6.666666667e-03 6.666666667e-03 2253
3.250000000e-02 6.666666667e-03 8.333333333e-03 2254
3.250000000e-02 6.666666667e-03 1.000000000e-02 2255
3.250000000e-02 6.666666667e-03 1.166666667e-02 2256
3.250000000e-02 6.666666667e-03 1.333333333e-02 2257
3.250000000e-02 6.666666667e-03 1.500000000e-02 2258
3.250000000e-02 6.666666667e-03 1.666666667e-02 2259
3.250000000e-02 6.666666667e-03 1.833333333e-02 2260
3.250000000e-02 6.666666667e-03 2.000000000e-02 2261
3.250000000e-02 8.333333333e-03 0.000000000e+00 2262
3.250000000e-02 8.333333333e-03 1.666666667e-03 2263
3.250000000e-02 8.333333333e-03 3.333333333e-03 2264
3.250000000e-02 8.333333333e-03 5.000000000e-03 2265
3.250000000e-02 8.333333333e-03 6.666666667e-03 2266
3.250000000e-02 8.333333333e-03 8.333333333e-03 2267
3.250000000e-02 8.333333333e-03 1.000000000e-02 2268
3.250000000e-02 8.333333333e-03 1.166666667e-02 2269
3.250000000e-02 8.333333333e-03 1.333333333e-02 2270
3.250000000e-02 8.333333333e-03 1.500000000e-02 2271
3.250000000e-02 8.333333333e-03 1.666666667e-02 2272
3.250000000e-02 8.333333333e-03 1.833333333e-02 2273
3.250000000e-02 8.333333333e-03 2.000000000e-02 2274
3.250000000e-02 1.000000000e-02 0.000000000e+00 2275
3.250000000e-02 1.000000000e-02 1.666666667e-03 2276
3.250000000e-02 1.000000000e-02 3.333333333e-03 2277
3.250000000e-02 1.000000000e-02 5.000000000e-03 2278
3.250000000e-02 1.000000000e-02 6.666666667e-03 2279
3.250000000e-02 1.000000000e-02 8.333333333e-03 2280
3.250000000e-02 1.000000000e-02 1.000000000e-02 2281
3.250000000e-02 1.000000000e-02 1.166666667e-02 2282
3.250000000e-02 1.000000000e-02 1.333333333e-02 2283
3.250000000e-02 1.000000000e-02 1.500000000e-02 2284
3.250000000e-02 1.000000000e-02 1.666666667e-02 2285
3.250000000e-02 1.000000000e-02 1.833333333e-02 2286
3.250000000e-02 1.000000000e-02 2.000000000e-02 2287
3.250000000e-02 1.166666667e-02 0.000000000e+00 2288
3.250000000e-02 1.166666667e-02 1.666666667e-03 2289
3.250000000e-02 1.166666667e-02 3.333333333e-03 2290
3.250000000e-02 1.166666667e-02 5.000000000e-03 2291
3.250000000e-02 1.166666667e-02 6.666666667e-03 2292
3.250000000e-02 1.166666667e-02 8.333333333e-03 2293
3.250000000e-02 1.166666667e-02 1.000000000e-02 2294
3.250000000e-02 1.166666667e-02 1.166666667e-02 2295
3.250000000e-02 1.166666667e-02 1.333333333e-02 2296
3.250000000e-02 1.166666667e-02 1.500000000e-02 2297
3.250000000e-02 1.166666667e-02 1.666666667e-02 2298
3.250000000e-02 1.166666667e-02 1.833333333e-02 2299
3.250000000e-02 1.166666667e-02 2.000000000e-02 2300
3.250000000e-02 1.333333333e-02 0.000000000e+00 2301
3.250000000e-02 1.333333333e-02 1.666666667e-03 2302
3.250000000e-02 1.333333333e-02 3.333333333e-03 2303
3.250000000e-02 1.333333333e-02 5.000000000e-03 2304
3.250000000e-02 1.333333333e-02 6.666666667e-03 2305
3.250000000e-02 1.333333333e-02 8.333333333e-03 2306
3.250000000e-02 1.333333333e-02 1.000000000e-02 2307
3.250000000e-02 1.333333333e-02 1.166666667e-02 2308
3.250000000e-02 1.333333333e-02 1.333333333e-02 2309
3.250000000e-02 1.333333333e-02 1.500000000e-02 2310
3.250000000e-02 1.333333333e-02 1.666666667e-02 2311
3.250000000e-02 1.333333333e-02 1.833333333e-02 2312
3.250000000e-02 1.333333333e-02 2.000000000e-02 2313
3.250000000e-02 1.500000000e-02 0.000000000e+00 2314
3.250000000e-02 1.500000000e-02 1.666666667e-03 2315
3.250000000e-02 1.500000000e-02 3.333333333e-03 2316
3.250000000e-02 1.500000000e-02 5.000000000e-03 2317
3.250000000e-02 1.500000000e-02 6.666666667e-03 2318
3.250000000e-02 1.500000000e-02 8.333333333e-03 2319
3.250000000e-02 1.500000000e-02 1.000000000e-02 2320
3.250000000e-02 1.500000000e-02 1.166666667e-02 2321
3.250000000e-02 1.500000000e-02 1.333333333e-02 2322
3.250000000e-02 1.500000000e-02 1.500000000e-02 2323
3.250000000e-02 1.500000000e-02 1.666666667e-02 2324
3.250000000e-02 1.500000000e-02 1.833333333e-02 2325
3.250000000e-02 1.500000000e-02 2.000000000e-02 2326
3.250000000e-02 1.666666667e-02 0.000000000e+00 2327
3.250000000e-02 1.666666667e-02 1.666666667e-03 2328
3.250000000e-02 1.666666667e-02 3.333333333e-03 2329
3.250000000e-02 1.666666667e-02 5.000000000e-03 2330
3.250000000e-02 1.666666667e-02 6.666666667e-03 2331
3.250000000e-02 1.666666667e-02 8.333333333e-03 2332
3.250000000e-02 1.666666667e-02 1.000000000e-02 2333
3.250000000e-02 1.666666667e-02 1.166666667e-02 2334
3.250000000e-02 1.666666667e-02 1.333333333e-02 2335
3.250000000e-02 1.666666667e-02 1.500000000e-02 2336
3.250000000e-02 1.666666667e-02 1.666666667e-02 2337
3.250000000e-02 1.666666667e-02 1.833333333e-02 2338
3.250000000e-02 1.666666667e-02 2.000000000e-02 2339
3.250000000e-02 1.833333333e-02 0.000000000e+00 2340
3.250000000e-02 1.833333333e-02 1.666666667e-03 2341
3.250000000e-02 1.833333333e-02 3.333333333e-03 2342
3.250000000e-02 1.833333333e-02 5.000000000e-03 2343
3.250000000e-02 1.833333333e-02 6.666666667e-03 2344
3.250000000e-02 1.833333333e-02 8.333333333e-03 2345
3.250000000e-02 1.833333333e-02 1.000000000e-02 2346
3.250000000e-02 1.833333333e-02 1.166666667e-02 2347
3.250000000e-02 1.833333333e-02 1.333333333e-02 2348
3.250000000e-02 1.833333333e-02 1.500000000e-02 2349
3.250000000e-02 1.833333333e-02 1.666666667e-02 2350
3.250000000e-02 1.833333333e-02 1.833333333e-02 2351
3.250000000e-02 1.833333333e-02 2.000000000e-02 2352
3.250000000e-02 2.000000000e-02 0.000000000e+00 2353
3.250000000e-02 2.000000000e-02 1.666666667e-03 2354
3.250000000e-02 2.000000000e-02 3.333333333e-03 2355
3.250000000e-02 2.000000000e-02 5.000000000e-03 2356
3.250000000e-02 2.000000000e-02 6.666666667e-03 2357
3.250000000e-02 2.000000000e-02 8.333333333e-03 2358
3.250000000e-02 2.000000000e-02 1.000000000e-02 2359
3.250000000e-02 2.000000000e-02 1.166666667e-02 2360
3.250000000e-02 2.000000000e-02 1.333333333e-02 2361
3.250000000e-02 2.000000000e-02 1.500000000e-02 2362
3.250000000e-02 2.000000000e-02 1.666666667e-02 2363
3.250000000e-02 2.000000000e-02 1.833333333e-02 2364
3.250000000e-02 2.000000000e-02 2.000000000e-02 2365
3.500000000e-02 0.000000000e+00 0.000000000e+00 2366
3.500000000e-02 0.000000000e+00 1.666666667e-03 2367
3.500000000e-02 0.000000000e+00 3.333333333e-03 2368
3.500000000e-02 0.000000000e+00 5.000000000e-03 2369
3.500000000e-02 0.000000000e+00 6.666666667e-03 2370
3.500000000e-02 0.000000000e+00 8.333333333e-03 2371
3.500000000e-02 0.000000000e+00 1.000000000e-02 2372
3.500000000e-02 0.000000000e+00 1.166666667e-02 2373
3.500000000e-02 0.000000000e+00 1.333333333e-02 2374
3.500000000e-02 0.000000000e+00 1.500000000e-02 2375
3.500000000e-02 0.000000000e+00 1.666666667e-02 2376
3.500000000e-02 0.000000000e+00 1.833333333e-02 2377
3.500000000e-02 0.000000000e+00 2.000000000e-02 2378
3.500000000e-02 1.666666667e-03 0.000000000e+00 2379
3.500000000e-02 1.666666667e-03 1.666666667e-03 2380
3.500000000e-02 1.666666667e-03 3.333333333e-03 2381
3.500000000e-02 1.666666667e-03 5.000000000e-03 2382
3.500000000e-02 1.666666667e-03 6.666666667e-03 2383
3.500000000e-02 1.666666667e-03 8.333333333e-03 2384
3.500000000e-02 1.666666667e-03 1.000000000e-02 2385
3.500000000e-02 1.666666667e-03 1.166666667e-02 2386
3.500000000e-02 1.666666667e-03 1.333333333e-02 2387
3.500000000e-02 1.666666667e-03 1.500000000e-02 2388
3.500000000e-02 1.666666667e-03 1.666666667e-02 2389
3.500000000e-02 1.666666667e-03 1.833333333e-02 2390
3.500000000e-02 1.666666667e-03 2.000000000e-02 2391
3.500000000e-02 3.333333333e-03 0.000000000e+00 2392
3.500000000e-02 3.333333333e-03 1.666666667e-03 2393
3.500000000e-02 3.333333333e-03 3.333333333e-03 2394
3.500000000e-02 3.333333333e-03 5.000000000e-03 2395
3.500000000e-02 3.333333333e-03 6.666666667e-03 2396
3.500000000e-02 3.333333333e-03 8.333333333e-03 2397
3.500000000e-02 3.333333333e-03 1.000000000e-02 2398
3.500000000e-02 3.333333333e-03 1.166666667e-02 2399
3.500000000e-02 3.333333333e-03 1.333333333e-02 2400
3.500000000e-02 3.333333333e-03 1.500000000e-02 2401
3.500000000e-02 3.333333333e-03 1.666666667e-02 2402
3.500000000e-02 3.333333333e-03 1.833333333e-02 2403
3.500000000e-02 3.333333333e-03 2.000000000e-02 2404
3.500000000e-02 5.000000000e-03 0.000000000e+00 2405
3.500000000e-02 5.000000000e-03 1.666666667e-03 2406
3.500000000e-02 5.000000000e-03 3.333333333e-03 2407
3.500000000e-02 5.000000000e-03 5.000000000e-03 2408
3.500000000e-02 5.000000000e-03 6.666666667e-03 2409
3.500000000e-02 5.000000000e-03 8.333333333e-03 2410
3.500000000e-02 5.000000000e-03 1.000000000e-02 2411
3.500000000e-02 5.000000000e-03 1.166666667e-02 2412
3.500000000e-02 5.000000000e-03 1.333333333e-02 2413
3.500000000e-02 5.000000000e-03 1.500000000e-02 2414
3.500000000e-02 5.000000000e-03 1.666666667e-02 2415
3.500000000e-02 5.000000000e-03 1.833333333e-02 2416
3.500000000e-02 5.000000000e-03 2.000000000e-02 2417
3.500000000e-02 6.666666667e-03 0.000000000e+00 2418
3.500000000e-02 6.666666667e-03 1.666666667e-03 2419
3.500000000e-02 6.666666667e-03 3.333333333e-03 2420
3.500000000e-02 6.666666667e-03 5.000000000e-03 2421
3.500000000e-02 6.666666667e-03 6.666666667e-03 2422
3.500000000e-02 6.666666667e-03 8.333333333e-03 2423
3.500000000e-02 6.666666667e-03 1.000000000e-02 2424
3.500000000e-02 6.666666667e-03 1.166666667e-02 2425
3.500000000e-02 6.666666667e-03 1.333333333e-02 2426
3.500000000e-02 6.666666667e-03 1.500000000e-02 2427
3.500000000e-02 6.666666667e-03 1.666666667e-02 2428
3.500000000e-02 6.666666667e-03 1.833333333e-02 2429
3.500000000e-02 6.666666667e-03 2.000000000e-02 2430
3.500000000e-02 8.333333333e-03 0.000000000e+00 2431
3.500000000e-02 8.333333333e-03 1.666666667e-03 2432
3.500000000e-02 8.333333333e-03 3.333333333e-03 2433
3.500000000e-02 8.333333333e-03 5.000000000e-03 2434
3.500000000e-02 8.333333333e-03 6.666666667e-03 2435
3.500000000e-02 8.333333333e-03 8.333333333e-03 2436
3.500000000e-02 8.333333333e-03 1.000000000e-02 2437
3.500000000e-02 8.333333333e-03 1.166666667e-02 2438
3.500000000e-02 8.333333333e-03 1.333333333e-02 2439
3.500000000e-02 8.333333333e-03 1.500000000e-02 2440
3.500000000e-02 8.333333333e-03 1.666666667e-02 2441
3.500000000e-02 8.333333333e-03 1.833333333e-02 2442
3.500000000e-02 8.333333333e-03 2.000000000e-02 2443
3.500000000e-02 1.000000000e-02 0.000000000e+00 2444
3.500000000e-02 1.000000000e-02 1.666666667e-03 2445
3.500000000e-02 1.000000000e-02 3.333333333e-03 2446
3.500000000e-02 1.000000000e-02 5.000000000e-03 2447
3.500000000e-02 1.000000000e-02 6.666666667e-03 2448
3.500000000e-02 1.000000000e-02 8.333333333e-03 2449
3.500000000e-02 1.000000000e-02 1.000000000e-02 2450
3.500000000e-02 1.000000000e-02 1.166666667e-02 2451
3.500000000e-02 1.000000000e-02 1.333333333e-02 2452
3.500000000e-02 1.000000000e-02 1.500000000e-02 2453
3.500000000e-02 1.000000000e-02 1.666666667e-02 2454
3.500000000e-02 1.000000000e-02 1.833333333e-02 2455
3.500000000e-02 1.000000000e-02 2.000000000e-02 2456
3.500000000e-02 1.166666667e-02 0.000000000e+00 2457
3.500000000e-02 1.166666667e-02 1.666666667e-03 2458
3.500000000e-02 1.166666667e-02 3.333333333e-03 2459
3.500000000e-02 1.166666667e-02 5.000000000e-03 2460
3.500000000e-02 1.166666667e-02 6.666666667e-03 2461
3.500000000e-02 1.166666667e-02 8.333333333e-03 2462
3.500000000e-02 1.166666667e-02 1.000000000e-02 2463
3.500000000e-02 1.166666667e-02 1.166666667e-02 2464
3.500000000e-02 1.166666667e-02 1.333333333e-02 2465
3.500000000e-02 1.166666667e-02 1.500000000e-02 2466
3.500000000e-02 1.166666667e-02 1.666666667e-02 2467
3.500000000e-02 1.166666667e-02 1.833333333e-02 2468
3.500000000e-02 1.166666667e-02 2.000000000e-02 2469
3.500000000e-02 1.333333333e-02 0.000000000e+00 2470
3.500000000e-02 1.333333333e-02 1.666666667e-03 2471
3.500000000e-02 1.333333333e-02 3.333333333e-03 2472
3.500000000e-02 1.333333333e-02 5.000000000e-03 2473
3.500000000e-02 1.333333333e-02 6.666666667e-03 2474
3.500000000e-02 1.333333333e-02 8.333333333e-03 2475
3.500000000e-02 1.333333333e-02 1.000000000e-02 2476
3.500000000e-02 1.333333333e-02 1.166666667e-02 2477
3.500000000e-02 1.333333333e-02 1.333333333e-02 2478
3.500000000e-02 1.333333333e-02 1.500000000e-02 2479
3.500000000e-02 1.333333333e-02 1.666666667e-02 2480
3.500000000e-02 1.333333333e-02 1.833333333e-02 2481
3.500000000e-02 1.333333333e-02 2.000000000e-02 2482
3.500000000e-02 1.500000000e-02 0.000000000e+00 2483
3.500000000e-02 1.500000000e-02 1.666666667e-03 2484
3.500000000e-02 1.500000000e-02 3.333333333e-03 2485
3.500000000e-02 1.500000000e-02 5.000000000e-03 2486
3.500000000e-02 1.500000000e-02 6.666666667e-03 2487
3.500000000e-02 1.500000000e-02 8.333333333e-03 2488
3.500000000e-02 1.500000000e-02 1.000000000e-02 2489
3.500000000e-02 1.500000000e-02 1.166666667e-02 2490
3.500000000e-02 1.500000000e-02 1.333333333e-02 2491
3.500000000e-02 1.500000000e-02 1.500000000e-02 2492
3.500000000e-02 1.500000000e-02 1.666666667e-02 2493
3.500000000e-02 1.500000000e-02 1.833333333e-02 2494
3.500000000e-02 1.500000000e-02 2.000000000e-02 2495
3.500000000e-02 1.666666667e-02 0.000000000e+00 2496
3.500000000e-02 1.666666667e-02 1.666666667e-03 2497
3.500000000e-02 1.666666667e-02 3.333333333e-03 2498
3.500000000e-02 1.666666667e-02 5.000000000e-03 2499
3.500000000e-02 1.666666667e-02 6.666666667e-03 2500
3.500000000e-02 1.666666667e-02 8.333333333e-03 2501
3.500000000e-02 1.666666667e-02 1.000000000e-02 2502
3.500000000e-02 1.666666667e-02 1.166666667e-02 2503
3.500000000e-02 1.666666667e-02 1.333333333e-02 2504
3.500000000e-02 1.666666667e-02 1.500000000e-02 2505
3.500000000e-02 1.666666667e-02 1.666666667e-02 2506
3.500000000e-02 1.666666667e-02 1.833333333e-02 2507
3.500000000e-02 1.666666667e-02 2.000000000e-02 2508
3.500000000e-02 1.833333333e-02 0.000000000e+00 2509
3.500000000e-02 1.833333333e-02 1.666666667e-03 2510
3.500000000e-02 1.833333333e-02 3.333333333e-03 2511
3.500000000e-02 1.833333333e-02 5.000000000e-03 2512
3.500000000e-02 1.833333333e-02 6.666666667e-03 2513
3.500000000e-02 1.833333333e-02 8.333333333e-03 2514
3.500000000e-02 1.833333333e-02 1.000000000e-02 2515
3.500000000e-02 1.833333333e-02 1.166666667e-02 2516
3.500000000e-02 1.833333333e-02 1.333333333e-02 2517
3.500000000e-02 1.833333333e-02 1.500000000e-02 2518
3.500000000e-02 1.833333333e-02 1.666666667e-02 2519
3.500000000e-02 1.833333333e-02 1.833333333e-02 2520
3.500000000e-02 1.833333333e-02 2.000000000e-02 2521
3.500000000e-02 2.000000000e-02 0.000000000e+00 2522
3.500000000e-02 2.000000000e-02 1.666666667e-03 2523
3.500000000e-02 2.000000000e-02 3.333333333e-03 2524
3.500000000e-02 2.000000000e-02 5.000000000e-03 2525
3.500000000e-02 2.000000000e-02 6.666666667e-03 2526
3.500000000e-02 2.000000000e-02 8.333333333e-03 2527
3.500000000e-02 2.000000000e-02 1.000000000e-02 2528
3.500000000e-02 2.000000000e-02 1.166666667e-02 2529
3.500000000e-02 2.000000000e-02 1.333333333e-02 2530
3.500000000e-02 2.000000000e-02 1.500000000e-02 2531
3.500000000e-02 2.000000000e-02 1.666666667e-02 2532
3.500000000e-02 2.000000000e-02 1.833333333e-02 2533
3.500000000e-02 2.000000000e-02 2.000000000e-02 2534
3.750000000e-02 0.000000000e+00 0.000000000e+00 2535
3.750000000e-02 0.000000000e+00 1.666666667e-03 2536
3.750000000e-02 0.000000000e+00 3.333333333e-03 2537
3.750000000e-02 0.000000000e+00 5.000000000e-03 2538
3.750000000e-02 0.000000000e+00 6.666666667e-03 2539
3.750000000e-02 0.000000000e+00 8.333333333e-03 2540
3.750000000e-02 0.000000000e+00 1.000000000e-02 2541
3.750000000e-02 0.000000000e+00 1.166666667e-02 2542
3.750000000e-02 0.000000000e+00 1.333333333e-02 2543
3.750000000e-02 0.000000000e+00 1.500000000e-02 2544
3.750000000e-02 0.000000000e+00 1.666666667e-02 2545
3.750000000e-02 0.000000000e+00 1.833333333e-02 2546
3.750000000e-02 0.000000000e+00 2.000000000e-02 2547
3.750000000e-02 1.666666667e-03 0.000000000e+00 2548
3.750000000e-02 1.666666667e-03 1.666666667e-03 2549
3.750000000e-02 1.666666667e-03 3.333333333e-03 2550
3.750000000e-02 1.666666667e-03 5.000000000e-03 2551
3.750000000e-02 1.666666667e-03 6.666666667e-03 2552
3.750000000e-02 1.666666667e-03 8.333333333e-03 2553
3.750000000e-02 1.666666667e-03 1.000000000e-02 2554
3.750000000e-02 1.666666667e-03 1.166666667e-02 2555
3.750000000e-02 1.666666667e-03 1.333333333e-02 2556
3.750000000e-02 1.666666667e-03 1.500000000e-02 2557
3.750000000e-02 1.666666667e-03 1.666666667e-02 2558
3.750000000e-02 1.666666667e-03 1.833333333e-02 2559
3.750000000e-02 1.666666667e-03 2.000000000e-02 2560
3.750000000e-02 3.333333333e-03 0.000000000e+00 2561
3.750000000e-02 3.333333333e-03 1.666666667e-03 2562
3.750000000e-02 3.333333333e-03 3.333333333e-03 2563
3.750000000e-02 3.333333333e-03 5.000000000e-03 2564
3.750000000e-02 3.333333333e-03 6.666666667e-03 2565
3.750000000e-02 3.333333333e-03 8.333333333e-03 2566
3.750000000e-02 3.333333333e-03 1.000000000e-02 2567
3.750000000e-02 3.333333333e-03 1.166666667e-02 2568
3.750000000e-02 3.333333333e-03 1.333333333e-02 2569
3.750000000e-02 3.333333333e-03 1.500000000e-02 2570
3.750000000e-02 3.333333333e-03 1.666666667e-02 2571
3.750000000e-02 3.333333333e-03 1.833333333e-02 2572
3.750000000e-02 3.333333333e-03 2.000000000e-02 2573
3.750000000e-02 5.000000000e-03 0.000000000e+00 2574
3.750000000e-02 5.000000000e-03 1.666666667e-03 2575
3.750000000e-02 5.000000000e-03 3.333333333e-03 2576
3.750000000e-02 5.000000000e-03 5.000000000e-03 2577
3.750000000e-02 5.000000000e-03 6.666666667e-03 2578
3.750000000e-02 5.000000000e-03 8.333333333e-03 2579
3.750000000e-02 5.000000000e-03 1.000000000e-02 2580
3.750000000e-02 5.000000000e-03 1.166666667e-02 2581
3.750000000e-02 5.000000000e-03 1.333333333e-02 2582
3.750000000e-02 5.000000000e-03 1.500000000e-02 2583
3.750000000e-02 5.000000000e-03 1.666666667e-02 2584
3.750000000e-02 5.000000000e-03 1.833333333e-02 2585
3.750000000e-02 5.000000000e-03 2.000000000e-02 2586
3.750000000e-02 6.666666667e-03 0.000000000e+00 2587
3.750000000e-02 6.666666667e-03 1.666666667e-03 2588
3.750000000e-02 6.666666667e-03 3.333333333e-03 2589
3.750000000e-02 6.666666667e-03 5.000000000e-03 2590
3.750000000e-02 6.666666667e-03 6.666666667e-03 2591
3.750000000e-02 6.666666667e-03 8.333333333e-03 2592
3.750000000e-02 6.666666667e-03 1.000000000e-02 2593
3.750000000e-02 6.666666667e-03 1.166666667e-02 2594
3.750000000e-02 6.666666667e-03 1.333333333e-02 2595
3.750000000e-02 6.666666667e-03 1.500000000e-02 2596
3.750000000e-02 6.666666667e-03 1.666666667e-02 2597
3.750000000e-02 6.666666667e-03 1.833333333e-02 2598
3.750000000e-02 6.666666667e-03 2.000000000e-02 2599
3.750000000e-02 8.333333333e-03 0.000000000e+00 2600
3.750000000e-02 8.333333333e-03 1.666666667e-03 2601
3.750000000e-02 8.333333333e-03 3.333333333e-03 2602
3.750000000e-02 8.333333333e-03 5.000000000e-03 2603
3.750000000e-02 8.333333333e-03 6.666666667e-03 2604
3.750000000e-02 8.333333333e-03 8.333333333e-03 2605
3.750000000e-02 8.333333333e-03 1.000000000e-02 2606
3.750000000e-02 8.333333333e-03 1.166666667e-02 2607
3.750000000e-02 8.333333333e-03 1.333333333e-02 2608
3.750000000e-02 8.333333333e-03 1.500000000e-02 2609
3.750000000e-02 8.333333333e-03 1.666666667e-02 2610
3.750000000e-02 8.333333333e-03 1.833333333e-02 2611
3.750000000e-02 8.333333333e-03 2.000000000e-02 2612
3.750000000e-02 1.000000000e-02 0.000000000e+00 2613
3.750000000e-02 1.000000000e-02 1.666666667e-03 2614
3.750000000e-02 1.000000000e-02 3.333333333e-03 2615
3.750000000e-02 1.000000000e-02 5.000000000e-03 2616
3.750000000e-02 1.000000000e-02 6.666666667e-03 2617
3.750000000e-02 1.000000000e-02 8.333333333e-03 2618
3.750000000e-02 1.000000000e-02 1.000000000e-02 2619
3.750000000e-02 1.000000000e-02 1.166666667e-02 2620
3.750000000e-02 1.000000000e-02 1.333333333e-02 2621
3.750000000e-02 1.000000000e-02 1.500000000e-02 2622
3.750000000e-02 1.000000000e-02 1.666666667e-02 2623
3.750000000e-02 1.000000000e-02 1.833333333e-02 2624
3.750000000e-02 1.000000000e-02 2.000000000e-02 2625
3.750000000e-02 1.166666667e-02 0.000000000e+00 2626
3.750000000e-02 1.166666667e-02 1.666666667e-03 2627
3.750000000e-02 1.166666667e-02 3.333333333e-03 2628
3.750000000e-02 1.166666667e-02 5.000000000e-03 2629
3.750000000e-02 1.166666667e-02 6.666666667e-03 2630
3.750000000e-02 1.166666667e-02 8.333333333e-03 2631
3.750000000e-02 1.166666667e-02 1.000000000e-02 2632
3.750000000e-02 1.166666667e-02 1.166666667e-02 2633
3.750000000e-02 1.166666667e-02 1.333333333e-02 2634
3.750000000e-02 1.166666667e-02 1.500000000e-02 2635
3.750000000e-02 1.166666667e-02 1.666666667e-02 2636
3.750000000e-02 1.166666667e-02 1.833333333e-02 2637
3.750000000e-02 1.166666667e-02 2.000000000e-02 2638
3.750000000e-02 1.333333333e-02 0.000000000e+00 2639
3.750000000e-02 1.333333333e-02 1.666666667e-03 2640
3.750000000e-02 1.333333333e-02 3.333333333e-03 2641
3.750000000e-02 1.333333333e-02 5.000000000e-03 2642
3.750000000e-02 1.333333333e-02 6.666666667e-03 2643
3.750000000e-02 1.333333333e-02 8.333333333e-03 2644
3.750000000e-02 1.333333333e-02 1.000000000e-02 2645
3.750000000e-02 1.333333333e-02 1.166666667e-02 2646
3.750000000e-02 1.333333333e-02 1.333333333e-02 2647
3.750000000e-02 1.333333333e-02 1.500000000e-02 2648
3.750000000e-02 1.333333333e-02 1.666666667e-02 2649
3.750000000e-02 1.333333333e-02 1.833333333e-02 2650
3.750000000e-02 1.333333333e-02 2.000000000e-02 2651
3.750000000e-02 1.500000000e-02 0.000000000e+00 2652
3.750000000e-02 1.500000000e-02 1.666666667e-03 2653
3.750000000e-02 1.500000000e-02 3.333333333e-03 2654
3.750000000e-02 1.500000000e-02 5.000000000e-03 2655
3.750000000e-02 1.500000000e-02 6.666666667e-03 2656
3.750000000e-02 1.500000000e-02 8.333333333e-03 2657
3.750000000e-02 1.500000000e-02 1.000000000e-02 2658
3.750000000e-02 1.500000000e-02 1.166666667e-02 2659
3.750000000e-02 1.500000000e-02 1.333333333e-02 2660
3.750000000e-02 1.500000000e-02 1.500000000e-02 2661
3.750000000e-02 1.500000000e-02 1.666666667e-02 2662
3.750000000e-02 1.500000000e-02 1.833333333e-02 2663
3.750000000e-02 1.500000000e-02 2.000000000e-02 2664
3.750000000e-02 1.666666667e-02 0.000000000e+00 2665
3.750000000e-02 1.666666667e-02 1.666666667e-03 2666
3.750000000e-02 1.666666667e-02 3.333333333e-03 2667
3.750000000e-02 1.666666667e-02 5.000000000e-03 2668
3.750000000e-02 1.666666667e-02 6.666666667e-03 2669
3.750000000e-02 1.666666667e-02 8.333333333e-03 2670
3.750000000e-02 1.666666667e-02 1.000000000e-02 2671
3.750000000e-02 1.666666667e-02 1.166666667e-02 2672
3.750000000e-02 1.666666667e-02 1.333333333e-02 2673
3.750000000e-02 1.666666667e-02 1.500000000e-02 2674
3.750000000e-02 1.666666667e-02 1.666666667e-02 2675
3.750000000e-02 1.666666667e-02 1.833333333e-02 2676
3.750000000e-02 1.666666667e-02 2.000000000e-02 2677
3.750000000e-02 1.833333333e-02 0.000000000e+00 2678
3.750000000e-02 1.833333333e-02 1.666666667e-03 2679
3.750000000e-02 1.833333333e-02 3.333333333e-03 2680
3.750000000e-02 1.833333333e-02 5.000000000e-03 2681
3.750000000e-02 1.833333333e-02 6.666666667e-03 2682
3.750000000e-02 1.833333333e-02 8.333333333e-03 2683
3.750000000e-02 1.833333333e-02 1.000000000e-02 2684
3.750000000e-02 1.833333333e-02 1.166666667e-02 2685
3.750000000e-02 1.833333333e-02 1.333333333e-02 2686
3.750000000e-02 1.833333333e-02 1.500000000e-02 2687
3.750000000e-02 1.833333333e-02 1.666666667e-02 2688
3.750000000e-02 1.833333333e-02 1.833333333e-02 2689
3.750000000e-02 1.833333333e-02 2.000000000e-02 2690
3.750000000e-02 2.000000000e-02 0.000000000e+00 2691
3.750000000e-02 2.000000000e-02 1.666666667e-03 2692
3.750000000e-02 2.000000000e-02 3.333333333e-03 2693
3.750000000e-02 2.000000000e-02 5.000000000e-03 2694
3.750000000e-02 2.000000000e-02 6.666666667e-03 2695
3.750000000e-02 2.000000000e-02 8.333333333e-03 2696
3.750000000e-02 2.000000000e-02 1.000000000e-02 2697
3.750000000e-02 2.000000000e-02 1.166666667e-02 2698
3.750000000e-02 2.000000000e-02 1.333333333e-02 2699
3.750000000e-02 2.000000000e-02 1.500000000e-02 2700
3.750000000e-02 2.000000000e-02 1.666666667e-02 2701
3.750000000e-02 2.000000000e-02 1.833333333e-02 2702
3.750000000e-02 2.000000000e-02 2.000000000e-02 2703
4.000000000e-02 0.000000000e+00 0.000000000e+00 2704
4.000000000e-02 0.000000000e+00 1.666666667e-03 2705
4.000000000e-02 0.000000000e+00 3.333333333e-03 2706
4.000000000e-02 0.000000000e+00 5.000000000e-03 2707
4.000000000e-02 0.000000000e+00 6.666666667e-03 2708
4.000000000e-02 0.000000000e+00 8.333333333e-03 2709
4.000000000e-02 0.000000000e+00 1.000000000e-02 2710
4.000000000e-02 0.000000000e+00 1.166666667e-02 2711
4.000000000e-02 0.000000000e+00 1.333333333e-02 2712
4.000000000e-02 0.000000000e+00 1.500000000e-02 2713
4.000000000e-02 0.000000000e+00 1.666666667e-02 2714
4.000000000e-02 0.000000000e+00 1.833333333e-02 2715
4.000000000e-02 0.000000000e+00 2.000000000e-02 2716
4.000000000e-02 1.666666667e-03 0.000000000e+00 2717
4.000000000e-02 1.666666667e-03 1.666666667e-03 2718
4.000000000e-02 1.666666667e-03 3.333333333e-03 2719
4.000000000e-02 1.666666667e-03 5.000000000e-03 2720
4.000000000e-02 1.666666667e-03 6.666666667e-03 2721
4.000000000e-02 1.666666667e-03 8.333333333e-03 2722
4.000000000e-02 1.666666667e-03 1.000000000e-02 2723
4.000000000e-02 1.666666667e-03 1.166666667e-02 2724
4.000000000e-02 1.666666667e-03 1.333333333e-02 2725
4.000000000e-02 1.666666667e-03 1.500000000e-02 2726
4.000000000e-02 1.666666667e-03 1.666666667e-02 2727
4.000000000e-02 1.666666667e-03 1.833333333e-02 2728
4.000000000e-02 1.666666667e-03 2.000000000e-02 2729
4.000000000e-02 3.333333333e-03 0.000000000e+00 2730
4.000000000e-02 3.333333333e-03 1.666666667e-03 2731
4.000000000e-02 3.333333333e-03 3.333333333e-03 2732
4.000000000e-02 3.333333333e-03 5.000000000e-03 2733
4.000000000e-02 3.333333333e-03 6.666666667e-03 2734
4.000000000e-02 3.333333333e-03 8.333333333e-03 2735
4.000000000e-02 3.333333333e-03 1.000000000e-02 2736
4.000000000e-02 3.333333333e-03 1.166666667e-02 2737
4.000000000e-02 3.333333333e-03 1.333333333e-02 2738
4.000000000e-02 3.333333333e-03 1.500000000e-02 2739
4.000000000e-02 3.333333333e-03 1.666666667e-02 2740
4.000000000e-02 3.333333333e-03 1.833333333e-02 2741
4.000000000e-02 3.333333333e-03 2.000000000e-02 2742
4.000000000e-02 5.000000000e-03 0.000000000e+00 2743
4.000000000e-02 5.000000000e-03 1.666666667e-03 2744
4.000000000e-02 5.000000000e-03 3.333333333e-03 2745
4.000000000e-02 5.000000000e-03 5.000000000e-03 2746
4.000000000e-02 5.000000000e-03 6.666666667e-03 2747
4.000000000e-02 5.000000000e-03 8.333333333e-03 2748
4.000000000e-02 5.000000000e-03 1.000000000e-02 2749
4.000000000e-02 5.000000000e-03 1.166666667e-02 2750
4.000000000e-02 5.000000000e-03 1.333333333e-02 2751
4.000000000e-02 5.000000000e-03 1.500000000e-02 2752
4.000000000e-02 5.000000000e-03 1.666666667e-02 2753
4.000000000e-02 5.000000000e-03 1.833333333e-02 2754
4.000000000e-02 5.000000000e-03 2.000000000e-02 2755
4.000000000e-02 6.666666667e-03 0.000000000e+00 2756
4.000000000e-02 6.666666667e-03 1.666666667e-03 2757
4.000000000e-02 6.666666667e-03 3.333333333e-03 2758
4.000000000e-02 6.666666667e-03 5.000000000e-03 2759
4.000000000e-02 6.666666667e-03 6.666666667e-03 2760
4.000000000e-02 6.666666667e-03 8.333333333e-03 2761
4.000000000e-02 6.666666667e-03 1.000000000e-02 2762
4.000000000e-02 6.666666667e-03 1.166666667e-02 2763
4.000000000e-02 6.666666667e-03 1.333333333e-02 2764
4.000000000e-02 6.666666667e-03 1.500000000e-02 2765
4.000000000e-02 6.666666667e-03 1.666666667e-02 2766
4.000000000e-02 6.666666667e-03 1.833333333e-02 2767
4.000000000e-02 6.666666667e-03 2.000000000e-02 2768
4.000000000e-02 8.333333333e-03 0.000000000e+00 2769
4.000000000e-02 8.333333333e-03 1.666666667e-03 2770
4.000000000e-02 8.333333333e-03 3.333333333e-03 2771
4.000000000e-02 8.333333333e-03 5.000000000e-03 2772
4.000000000e-02 8.333333333e-03 6.666666667e-03 2773
4.000000000e-02 8.333333333e-03 8.333333333e-03 2774
4.000000000e-02 8.333333333e-03 1.000000000e-02 2775
4.000000000e-02 8.333333333e-03 1.166666667e-02 2776
4.000000000e-02 8.333333333e-03 1.333333333e-02 2777
4.000000000e-02 8.333333333e-03 1.500000000e-02 2778
4.000000000e-02 8.333333333e-03 1.666666667e-02 2779
4.000000000e-02 8.333333333e-03 1.833333333e-02 2780
4.000000000e-02 8.333333333e-03 2.000000000e-02 2781
4.000000000e-02 1.000000000e-02 0.000000000e+00 2782
4.000000000e-02 1.000000000e-02 1.666666667e-03 2783
4.000000000e-02 1.000000000e-02 3.333333333e-03 2784
4.000000000e-02 1.000000000e-02 5.000000000e-03 2785
4.000000000e-02 1.000000000e-02 6.666666667e-03 2786
4.000000000e-02 1.000000000e-02 8.333333333e-03 2787
4.000000000e-02 1.000000000e-02 1.000000000e-02 2788
4.000000000e-02 1.000000000e-02 1.166666667e-02 2789
4.000000000e-02 1.000000000e-02 1.333333333e-02 2790
4.000000000e-02 1.000000000e-02 1.500000000e-02 2791
4.000000000e-02 1.000000000e-02 1.666666667e-02 2792
4.000000000e-02 1.000000000e-02 1.833333333e-02 2793
4.000000000e-02 1.000000000e-02 2.000000000e-02 2794
4.000000000e-02 1.166666667e-02 0.000000000e+00 2795
4.000000000e-02 1.166666667e-02 1.666666667e-03 2796
4.000000000e-02 1.166666667e-02 3.333333333e-03 2797
4.000000000e-02 1.166666667e-02 5.000000000e-03 2798
4.000000000e-02 1.166666667e-02 6.666666667e-03 2799
4.000000000e-02 1.166666667e-02 8.333333333e-03 2800
4.000000000e-02 1.166666667e-02 1.000000000e-02 2801
4.000000000e-02 1.166666667e-02 1.166666667e-02 2802
4.000000000e-02 1.166666667e-02 1.333333333e-02 2803
4.000000000e-02 1.166666667e-02 1.500000000e-02 2804
4.000000000e-02 1.166666667e-02 1.666666667e-02 2805
4.000000000e-02 1.166666667e-02 1.833333333e-02 2806
4.000000000e-02 1.166666667e-02 2.000000000e-02 2807
4.000000000e-02 1.333333333e-02 0.000000000e+00 2808
4.000000000e-02 1.333333333e-02 1.666666667e-03 2809
4.000000000e-02 1.333333333e-02 3.333333333e-03 2810
4.000000000e-02 1.333333333e-02 5.000000000e-03 2811
4.000000000e-02 1.333333333e-02 6.666666667e-03 2812
4.000000000e-02 1.333333333e-02 8.333333333e-03 2813
4.000000000e-02 1.333333333e-02 1.000000000e-02 2814
4.000000000e-02 1.333333333e-02 1.166666667e-02 2815
4.000000000e-02 1.333333333e-02 1.333333333e-02 2816
4.000000000e-02 1.333333333e-02 1.500000000e-02 2817
4.000000000e-02 1.333333333e-02 1.666666667e-02 2818
4.000000000e-02 1.333333333e-02 1.833333333e-02 2819
4.000000000e-02 1.333333333e-02 2.000000000e-02 2820
4.000000000e-02 1.500000000e-02 0.000000000e+00 2821
4.000000000e-02 1.500000000e-02 1.666666667e-03 2822
4.000000000e-02 1.500000000e-02 3.333333333e-03 2823
4.000000000e-02 1.500000000e-02 5.000000000e-03 2824
4.000000000e-02 1.500000000e-02 6.666666667e-03 2825
4.000000000e-02 1.500000000e-02 8.333333333e-03 2826
4.000000000e-02 1.500000000e-02 1.000000000e-02 2827
4.000000000e-02 1.500000000e-02 1.166666667e-02 2828
4.000000000e-02 1.500000000e-02 1.333333333e-02 2829
4.000000000e-02 1.500000000e-02 1.500000000e-02 2830
4.000000000e-02 1.500000000e-02 1.666666667e-02 2831
4.000000000e-02 1.500000000e-02 1.833333333e-02 2832
4.000000000e-02 1.500000000e-02 2.000000000e-02 2833
4.000000000e-02 1.666666667e-02 0.000000000e+00 2834
4.000000000e-02 1.666666667e-02 1.666666667e-03 2835
4.000000000e-02 1.666666667e-02 3.333333333e-03 2836
4.000000000e-02 1.666666667e-02 5.000000000e-03 2837
4.000000000e-02 1.666666667e-02 6.666666667e-03 2838
4.000000000e-02 1.666666667e-02 8.333333333e-03 2839
4.000000000e-02 1.666666667e-02 1.000000000e-02 2840
4.000000000e-02 1.666666667e-02 1.166666667e-02 2841
4.000000000e-02 1.666666667e-02 1.333333333e-02 2842
4.000000000e-02 1.666666667e-02 1.500000000e-02 2843
4.000000000e-02 1.666666667e-02 1.666666667e-02 2844
4.000000000e-02 1.666666667e-02 1.833333333e-02 2845
4.000000000e-02 1.666666667e-02 2.000000000e-02 2846
4.000000000e-02 1.833333333e-02 0.000000000e+00 2847
4.000000000e-02 1.833333333e-02 1.666666667e-03 2848
4.000000000e-02 1.833333333e-02 3.333333333e-03 2849
4.000000000e-02 1.833333333e-02 5.000000000e-03 2850
4.000000000e-02 1.833333333e-02 6.666666667e-03 2851
4.000000000e-02 1.833333333e-02 8.333333333e-03 2852
4.000000000e-02 1.833333333e-02 1.000000000e-02 2853
4.000000000e-02 1.833333333e-02 1.166666667e-02 2854
4.000000000e-02 1.833333333e-02 1.333333333e-02 2855
4.000000000e-02 1.833333333e-02 1.500000000e-02 2856
4.000000000e-02 1.833333333e-02 1.666666667e-02 2857
4.000000000e-02 1.833333333e-02 1.833333333e-02 2858
4.000000000e-02 1.833333333e-02 2.000000000e-02 2859
4.000000000e-02 2.000000000e-02 0.000000000e+00 2860
4.000000000e-02 2.000000000e-02 1.666666667e-03 2861
4.000000000e-02 2.000000000e-02 3.333333333e-03 2862
4.000000000e-02 2.000000000e-02 5.000000000e-03 2863
4.000000000e-02 2.000000000e-02 6.666666667e-03 2864
4.000000000e-02 2.000000000e-02 8.333333333e-03 2865
4.000000000e-02 2.000000000e-02 1.000000000e-02 2866
4.000000000e-02 2.000000000e-02 1.166666667e-02 2867
4.000000000e-02 2.000000000e-02 1.333333333e-02 2868
4.000000000e-02 2.000000000e-02 1.500000000e-02 2869
4.000000000e-02 2.000000000e-02 1.666666667e-02 2870
4.000000000e-02 2.000000000e-02 1.833333333e-02 2871
4.000000000e-02 2.000000000e-02 2.000000000e-02 2872
4.250000000e-02 0.000000000e+00 0.000000000e+00 2873
4.250000000e-02 0.000000000e+00 1.666666667e-03 2874
4.250000000e-02 0.000000000e+00 3.333333333e-03 2875
4.250000000e-02 0.000000000e+00 5.000000000e-03 2876
4.250000000e-02 0.000000000e+00 6.666666667e-03 2877
4.250000000e-02 0.000000000e+00 8.333333333e-03 2878
4.250000000e-02 0.000000000e+00 1.000000000e-02 2879
4.250000000e-02 0.000000000e+00 1.166666667e-02 2880
4.250000000e-02 0.000000000e+00 1.333333333e-02 2881
4.250000000e-02 0.000000000e+00 1.500000000e-02 2882
4.250000000e-02 0.000000000e+00 1.666666667e-02 2883
4.250000000e-02 0.000000000e+00 1.833333333e-02 2884
4.250000000e-02 0.000000000e+00 2.000000000e-02 2885
4.250000000e-02 1.666666667e-03 0.000000000e+00 2886
4.250000000e-02 1.666666667e-03 1.666666667e-03 2887
4.250000000e-02 1.666666667e-03 3.333333333e-03 2888
4.250000000e-02 1.666666667e-03 5.000000000e-03 2889
4.250000000e-02 1.666666667e-03 6.666666667e-03 2890
4.250000000e-02 1.666666667e-03 8.333333333e-03 2891
4.250000000e-02 1.666666667e-03 1.000000000e-02 2892
4.250000000e-02 1.666666667e-03 1.166666667e-02 2893
4.250000000e-02 1.666666667e-03 1.333333333e-02 2894
4.250000000e-02 1.666666667e-03 1.500000000e-02 2895
4.250000000e-02 1.666666667e-03 1.666666667e-02 2896
4.250000000e-02 1.666666667e-03 1.833333333e-02 2897
4.250000000e-02 1.666666667e-03 2.000000000e-02 2898
4.250000000e-02 3.333333333e-03 0.000000000e+00 2899
4.250000000e-02 3.333333333e-03 1.666666667e-03 2900
4.250000000e-02 3.333333333e-03 3.333333333e-03 2901
4.250000000e-02 3.333333333e-03 5.000000000e-03 2902
4.250000000e-02 3.333333333e-03 6.666666667e-03 2903
4.250000000e-02 3.333333333e-03 8.333333333e-03 2904
4.250000000e-02 3.333333333e-03 1.000000000e-02 2905
4.250000000e-02 3.333333333e-03 1.166666667e-02 2906
4.250000000e-02 3.333333333e-03 1.333333333e-02 2907
4.250000000e-02 3.333333333e-03 1.500000000e-02 2908
4.250000000e-02 3.333333333e-03 1.666666667e-02 2909
4.250000000e-02 3.333333333e-03 1.833333333e-02 2910
4.250000000e-02 3.333333333e-03 2.000000000e-02 2911
4.250000000e-02 5.000000000e-03 0.000000000e+00 2912
4.250000000e-02 5.000000000e-03 1.666666667e-03 2913
4.250000000e-02 5.000000000e-03 3.333333333e-03 2914
4.250000000e-02 5.000000000e-03 5.000000000e-03 2915
4.250000000e-02 5.000000000e-03 6.666666667e-03 2916
4.250000000e-02 5.000000000e-03 8.333333333e-03 2917
4.250000000e-02 5.000000000e-03 1.000000000e-02 2918
4.250000000e-02 5.000000000e-03 1.166666667e-02 2919
4.250000000e-02 5.000000000e-03 1.333333333e-02 2920
4.250000000e-02 5.000000000e-03 1.500000000e-02 2921
4.250000000e-02 5.000000000e-03 1.666666667e-02 2922
4.250000000e-02 5.000000000e-03 1.833333333e-02 2923
4.250000000e-02 5.000000000e-03 2.000000000e-02 2924
4.250000000e-02 6.666666667e-03 0.000000000e+00 2925
4.250000000e-02 6.666666667e-03 1.666666667e-03 2926
4.250000000e-02 6.666666667e-03 3.333333333e-03 2927
4.250000000e-02 6.666666667e-03 5.000000000e-03 2928
4.250000000e-02 6.666666667e-03 6.666666667e-03 2929
4.250000000e-02 6.666666667e-03 8.333333333e-03 2930
4.250000000e-02 6.666666667e-03 1.000000000e-02 2931
4.250000000e-02 6.666666667e-03 1.166666667e-02 2932
4.250000000e-02 6.666666667e-03 1.333333333e-02 2933
4.250000000e-02 6.666666667e-03 1.500000000e-02 2934
4.250000000e-02 6.666666667e-03 1.666666667e-02 2935
4.250000000e-02 6.666666667e-03 1.833333333e-02 2936
4.250000000e-02 6.666666667e-03 2.000000000e-02 2937
4.250000000e-02 8.333333333e-03 0.000000000e+00 2938
4.250000000e-02 8.333333333e-03 1.666666667e-03 2939
4.250000000e-02 8.333333333e-03 3.333333333e-03 2940
4.250000000e-02 8.333333333e-03 5.000000000e-03 2941
4.250000000e-02 8.333333333e-03 6.666666667e-03 2942
4.250000000e-02 8.333333333e-03 8.333333333e-03 2943
4.250000000e-02 8.333333333e-03 1.000000000e-02 2944
4.250000000e-02 8.333333333e-03 1.166666667e-02 2945
4.250000000e-02 8.333333333e-03 1.333333333e-02 2946
4.250000000e-02 8.333333333e-03 1.500000000e-02 2947
4.250000000e-02 8.333333333e-03 1.666666667e-02 2948
4.250000000e-02 8.333333333e-03 1.833333333e-02 2949
4.250000000e-02 8.333333333e-03 2.000000000e-02 2950
4.250000000e-02 1.000000000e-02 0.000000000e+00 2951
4.250000000e-02 1.000000000e-02 1.666666667e-03 2952
4.250000000e-02 1.000000000e-02 3.333333333e-03 2953
4.250000000e-02 1.000000000e-02 5.000000000e-03 2954
4.250000000e-02 1.000000000e-02 6.666666667e-03 2955
4.250000000e-02 1.000000000e-02 8.333333333e-03 2956
4.250000000e-02 1.000000000e-02 1.000000000e-02 2957
4.250000000e-02 1.000000000e-02 1.166666667e-02 2958
4.250000000e-02 1.000000000e-02 1.333333333e-02 2959
4.250000000e-02 1.000000000e-02 1.500000000e-02 2960
4.250000000e-02 1.000000000e-02 1.666666667e-02 2961
4.250000000e-02 1.000000000e-02 1.833333333e-02 2962
4.250000000e-02 1.000000000e-02 2.000000000e-02 2963
4.250000000e-02 1.166666667e-02 0.000000000e+00 2964
4.250000000e-02 1.166666667e-02 1.666666667e-03 2965
4.250000000e-02 1.166666667e-02 3.333333333e-03 2966
4.250000000e-02 1.166666667e-02 5.000000000e-03 2967
4.250000000e-02 1.166666667e-02 6.666666667e-03 2968
4.250000000e-02 1.166666667e-02 8.333333333e-03 2969
4.250000000e-02 1.166666667e-02 1.000000000e-02 2970
4.250000000e-02 1.166666667e-02 1.166666667e-02 2971
4.250000000e-02 1.166666667e-02 1.333333333e-02 2972
4.250000000e-02 1.166666667e-02 1.500000000e-02 2973
4.250000000e-02 1.166666667e-02 1.666666667e-02 2974
4.250000000e-02 1.166666667e-02 1.833333333e-02 2975
4.250000000e-02 1.166666667e-02 2.000000000e-02 2976
4.250000000e-02 1.333333333e-02 0.000000000e+00 2977
4.250000000e-02 1.333333333e-02 1.666666667e-03 2978
4.250000000e-02 1.333333333e-02 3.333333333e-03 2979
4.250000000e-02 1.333333333e-02 5.000000000e-03 2980
4.250000000e-02 1.333333333e-02 6.666666667e-03 2981
4.250000000e-02 1.333333333e-02 8.333333333e-03 2982
4.250000000e-02 1.333333333e-02 1.000000000e-02 2983
4.250000000e-02 1.333333333e-02 1.166666667e-02 2984
4.250000000e-02 1.333333333e-02 1.333333333e-02 2985
4.250000000e-02 1.333333333e-02 1.500000000e-02 2986
4.250000000e-02 1.333333333e-02 1.666666667e-02 2987
4.250000000e-02 1.333333333e-02 1.833333333e-02 2988
4.250000000e-02 1.333333333e-02 2.000000000e-02 2989
4.250000000e-02 1.500000000e-02 0.000000000e+00 2990
4.250000000e-02 1.500000000e-02 1.666666667e-03 2991
4.250000000e-02 1.500000000e-02 3.333333333e-03 2992
4.250000000e-02 1.500000000e-02 5.000000000e-03 2993
4.250000000e-02 1.500000000e-02 6.666666667e-03 2994
4.250000000e-02 1.500000000e-02 8.333333333e-03 2995
4.250000000e-02 1.500000000e-02 1.000000000e-02 2996
4.250000000e-02 1.500000000e-02 1.166666667e-02 2997
4.250000000e-02 1.500000000e-02 1.333333333e-02 2998
4.250000000e-02 1.500000000e-02 1.500000000e-02 2999
4.250000000e-02 1.500000000e-02 1.666666667e-02 3000
4.250000000e-02 1.500000000e-02 1.833333333e-02 3001
4.250000000e-02 1.500000000e-02 2.000000000e-02 3002
4.250000000e-02 1.666666667e-02 0.000000000e+00 3003
4.250000000e-02 1.666666667e-02 1.666666667e-03 3004
4.250000000e-02 1.666666667e-02 3.333333333e-03 3005
4.250000000e-02 1.666666667e-02 5.000000000e-03 3006
4.250000000e-02 1.666666667e-02 6.666666667e-03 3007
4.250000000e-02 1.666666667e-02 8.333333333e-03 3008
4.250000000e-02 1.666666667e-02 1.000000000e-02 3009
4.250000000e-02 1.666666667e-02 1.166666667e-02 3010
4.250000000e-02 1.666666667e-02 1.333333333e-02 3011
4.250000000e-02 1.666666667e-02 1.500000000e-02 3012
4.250000000e-02 1.666666667e-02 1.666666667e-02 3013
4.250000000e-02 1.666666667e-02 1.833333333e-02 3014
4.250000000e-02 1.666666667e-02 2.000000000e-02 3015
4.250000000e-02 1.833333333e-02 0.000000000e+00 3016
4.250000000e-02 1.833333333e-02 1.666666667e-03 3017
4.250000000e-02 1.833333333e-02 3.333333333e-03 3018
4.250000000e-02 1.833333333e-02 5.000000000e-03 3019
4.250000000e-02 1.833333333e-02 6.666666667e-03 3020
4.250000000e-02 1.833333333e-02 8.333333333e-03 3021
4.250000000e-02 1.833333333e-02 1.000000000e-02 3022
4.250000000e-02 1.833333333e-02 1.166666667e-02 3023
4.250000000e-02 1.833333333e-02 1.333333333e-02 3024
4.250000000e-02 1.833333333e-02 1.500000000e-02 3025
4.250000000e-02 1.833333333e-02 1.666666667e-02 3026
4.250000000e-02 1.833333333e-02 1.833333333e-02 3027
4.250000000e-02 1.833333333e-02 2.000000000e-02 3028
4.250000000e-02 2.000000000e-02 0.000000000e+00 3029
4.250000000e-02 2.000000000e-02 1.666666667e-03 3030
4.250000000e-02 2.000000000e-02 3.333333333e-03 3031
4.250000000e-02 2.000000000e-02 5.000000000e-03 3032
4.250000000e-02 2.000000000e-02 6.666666667e-03 3033
4.250000000e-02 2.000000000e-02 8.333333333e-03 3034
4.250000000e-02 2.000000000e-02 1.000000000e-02 3035
4.250000000e-02 2.000000000e-02 1.166666667e-02 3036
4.250000000e-02 2.000000000e-02 1.333333333e-02 3037
4.250000000e-02 2.000000000e-02 1.500000000e-02 3038
4.250000000e-02 2.000000000e-02 1.666666667e-02 3039
4.250000000e-02 2.000000000e-02 1.833333333e-02 3040
4.250000000e-02 2.000000000e-02 2.000000000e-02 3041
4.500000000e-02 0.000000000e+00 0.000000000e+00 3042
4.500000000e-02 0.000000000e+00 1.666666667e-03 3043
4.500000000e-02 0.000000000e+00 3.333333333e-03 3044
4.500000000e-02 0.000000000e+00 5.000000000e-03 3045
4.500000000e-02 0.000000000e+00 6.666666667e-03 3046
4.500000000e-02 0.000000000e+00 8.333333333e-03 3047
4.500000000e-02 0.000000000e+00 1.000000000e-02 3048
4.500000000e-02 0.000000000e+00 1.166666667e-02 3049
4.500000000e-02 0.000000000e+00 1.333333333e-02 3050
4.500000000e-02 0.000000000e+00 1.500000000e-02 3051
4.500000000e-02 0.000000000e+00 1.666666667e-02 3052
4.500000000e-02 0.000000000e+00 1.833333333e-02 3053
4.500000000e-02 0.000000000e+00 2.000000000e-02 3054
4.500000000e-02 1.666666667e-03 0.000000000e+00 3055
4.500000000e-02 1.666666667e-03 1.666666667e-03 3056
4.500000000e-02 1.666666667e-03 3.333333333e-03 3057
4.500000000e-02 1.666666667e-03 5.000000000e-03 3058
4.500000000e-02 1.666666667e-03 6.666666667e-03 3059
4.500000000e-02 1.666666667e-03 8.333333333e-03 3060
4.500000000e-02 1.666666667e-03 1.000000000e-02 3061
4.500000000e-02 1.666666667e-03 1.166666667e-02 3062
4.500000000e-02 1.666666667e-03 1.333333333e-02 3063
4.500000000e-02 1.666666667e-03 1.500000000e-02 3064
4.500000000e-02 1.666666667e-03 1.666666667e-02 3065
4.500000000e-02 1.666666667e-03 1.833333333e-02 3066
4.500000000e-02 1.666666667e-03 2.000000000e-02 3067
4.500000000e-02 3.333333333e-03 0.000000000e+00 3068
4.500000000e-02 3.333333333e-03 1.666666667e-03 3069
4.500000000e-02 3.333333333e-03 3.333333333e-03 3070
4.500000000e-02 3.333333333e-03 5.000000000e-03 3071
4.500000000e-02 3.333333333e-03 6.666666667e-03 3072
4.500000000e-02 3.333333333e-03 8.333333333e-03 3073
4.500000000e-02 3.333333333e-03 1.000000000e-02 3074
4.500000000e-02 3.333333333e-03 1.166666667e-02 3075
4.500000000e-02 3.333333333e-03 1.333333333e-02 3076
4.500000000e-02 3.333333333e-03 1.500000000e-02 3077
4.500000000e-02 3.333333333e-03 1.666666667e-02 3078
4.500000000e-02 3.333333333e-03 1.833333333e-02 3079
4.500000000e-02 3.333333333e-03 2.000000000e-02 3080
4.500000000e-02 5.000000000e-03 0.000000000e+00 3081
4.500000000e-02 5.000000000e-03 1.666666667e-03 3082
4.500000000e-02 5.000000000e-03 3.333333333e-03 3083
4.500000000e-02 5.000000000e-03 5.000000000e-03 3084
4.500000000e-02 5.000000000e-03 6.666666667e-03 3085
4.500000000e-02 5.000000000e-03 8.333333333e-03 3086
4.500000000e-02 5.000000000e-03 1.000000000e-02 3087
4.500000000e-02 5.000000000e-03 1.166666667e-02 3088
4.500000000e-02 5.000000000e-03 1.333333333e-02 3089
4.500000000e-02 5.000000000e-03 1.500000000e-02 3090
4.500000000e-02 5.000000000e-03 1.666666667e-02 3091
4.500000000e-02 5.000000000e-03 1.833333333e-02 3092
4.500000000e-02 5.000000000e-03 2.000000000e-02 3093
4.500000000e-02 6.666666667e-03 0.000000000e+00 3094
4.500000000e-02 6.666666667e-03 1.666666667e-03 3095
4.500000000e-02 6.666666667e-03 3.333333333e-03 3096
4.500000000e-02 6.666666667e-03 5.000000000e-03 3097
4.500000000e-02 6.666666667e-03 6.666666667e-03 3098
4.500000000e-02 6.666666667e-03 8.333333333e-03 3099
4.500000000e-02 6.666666667e-03 1.000000000e-02 3100
4.500000000e-02 6.666666667e-03 1.166666667e-02 3101
4.500000000e-02 6.666666667e-03 1.333333333e-02 3102
4.500000000e-02 6.666666667e-03 1.500000000e-02 3103
4.500000000e-02 6.666666667e-03 1.666666667e-02 3104
4.500000000e-02 6.666666667e-03 1.833333333e-02 3105
4.500000000e-02 6.666666667e-03 2.000000000e-02 3106
4.500000000e-02 8.333333333e-03 0.000000000e+00 3107
4.500000000e-02 8.333333333e-03 1.666666667e-03 3108
4.500000000e-02 8.333333333e-03 3.333333333e-03 3109
4.500000000e-02 8.333333333e-03 5.000000000e-03 3110
4.500000000e-02 8.333333333e-03 6.666666667e-03 3111
4.500000000e-02 8.333333333e-03 8.333333333e-03 3112
4.500000000e-02 8.333333333e-03 1.000000000e-02 3113
4.500000000e-02 8.333333333e-03 1.166666667e-02 3114
4.500000000e-02 8.333333333e-03 1.333333333e-02 3115
4.500000000e-02 8.333333333e-03 1.500000000e-02 3116
4.500000000e-02 8.333333333e-03 1.666666667e-02 3117
4.500000000e-02 8.333333333e-03 1.833333333e-02 3118
4.500000000e-02 8.333333333e-03 2.000000000e-02 3119
4.500000000e-02 1.000000000e-02 0.000000000e+00 3120
4.500000000e-02 1.000000000e-02 1.666666667e-03 3121
4.500000000e-02 1.000000000e-02 3.333333333e-03 3122
4.500000000e-02 1.000000000e-02 5.000000000e-03 3123
4.500000000e-02 1.000000000e-02 6.666666667e-03 3124
4.500000000e-02 1.000000000e-02 8.333333333e-03 3125
4.500000000e-02 1.000000000e-02 1.000000000e-02 3126
4.500000000e-02 1.000000000e-02 1.166666667e-02 3127
4.500000000e-02 1.000000000e-02 1.333333333e-02 3128
4.500000000e-02 1.000000000e-02 1.500000000e-02 3129
4.500000000e-02 1.000000000e-02 1.666666667e-02 3130
4.500000000e-02 1.000000000e-02 1.833333333e-02 3131
4.500000000e-02 1.000000000e-02 2.000000000e-02 3132
4.500000000e-02 1.166666667e-02 0.000000000e+00 3133
4.500000000e-02 1.166666667e-02 1.666666667e-03 3134
4.500000000e-02 1.166666667e-02 3.333333333e-03 3135
4.500000000e-02 1.166666667e-02 5.000000000e-03 3136
4.500000000e-02 1.166666667e-02 6.666666667e-03 3137
4.500000000e-02 1.166666667e-02 8.333333333e-03 3138
4.500000000e-02 1.166666667e-02 1.000000000e-02 3139
4.500000000e-02 1.166666667e-02 1.166666667e-02 3140
4.500000000e-02 1.166666667e-02 1.333333333e-02 3141
4.500000000e-02 1.166666667e-02 1.500000000e-02 3142
4.500000000e-02 1.166666667e-02 1.666666667e-02 3143
4.500000000e-02 1.166666667e-02 1.833333333e-02 3144
4.500000000e-02 1.166666667e-02 2.000000000e-02 3145
4.500000000e-02 1.333333333e-02 0.000000000e+00 3146
4.500000000e-02 1.333333333e-02 1.666666667e-03 3147
4.500000000e-02 1.333333333e-02 3.333333333e-03 3148
4.500000000e-02 1.333333333e-02 5.000000000e-03 3149
4.500000000e-02 1.333333333e-02 6.666666667e-03 3150
4.500000000e-02 1.333333333e-02 8.333333333e-03 3151
4.500000000e-02 1.333333333e-02 1.000000000e-02 3152
4.500000000e-02 1.333333333e-02 1.166666667e-02 3153
4.500000000e-02 1.333333333e-02 1.333333333e-02 3154
4.500000000e-02 1.333333333e-02 1.500000000e-02 3155
4.500000000e-02 1.333333333e-02 1.666666667e-02 3156
4.500000000e-02 1.333333333e-02 1.833333333e-02 3157
4.500000000e-02 1.333333333e-02 2.000000000e-02 3158
4.500000000e-02 1.500000000e-02 0.000000000e+00 3159
4.500000000e-02 1.500000000e-02 1.666666667e-03 3160
4.500000000e-02 1.500000000e-02 3.333333333e-03 3161
4.500000000e-02 1.500000000e-02 5.000000000e-03 3162
4.500000000e-02 1.500000000e-02 6.666666667e-03 3163
4.500000000e-02 1.500000000e-02 8.333333333e-03 3164
4.500000000e-02 1.500000000e-02 1.000000000e-02 3165
4.500000000e-02 1.500000000e-02 1.166666667e-02 3166
4.500000000e-02 1.500000000e-02 1.333333333e-02 3167
4.500000000e-02 1.500000000e-02 1.500000000e-02 3168
4.500000000e-02 1.500000000e-02 1.666666667e-02 3169
4.500000000e-02 1.500000000e-02 1.833333333e-02 3170
4.500000000e-02 1.500000000e-02 2.000000000e-02 3171
4.500000000e-02 1.666666667e-02 0.000000000e+00 3172
4.500000000e-02 1.666666667e-02 1.666666667e-03 3173
4.500000000e-02 1.666666667e-02 3.333333333e-03 3174
4.500000000e-02 1.666666667e-02 5.000000000e-03 3175
4.500000000e-02 1.666666667e-02 6.666666667e-03 3176
4.500000000e-02 1.666666667e-02 8.333333333e-03 3177
4.500000000e-02 1.666666667e-02 1.000000000e-02 3178
4.500000000e-02 1.666666667e-02 1.166666667e-02 3179
4.500000000e-02 1.666666667e-02 1.333333333e-02 3180
4.500000000e-02 1.666666667e-02 1.500000000e-02 3181
4.500000000e-02 1.666666667e-02 1.666666667e-02 3182
4.500000000e-02 1.666666667e-02 1.833333333e-02 3183
4.500000000e-02 1.666666667e-02 2.000000000e-02 3184
4.500000000e-02 1.833333333e-02 0.000000000e+00 3185
4.500000000e-02 1.833333333e-02 1.666666667e-03 3186
4.500000000e-02 1.833333333e-02 3.333333333e-03 3187
4.500000000e-02 1.833333333e-02 5.000000000e-03 3188
4.500000000e-02 1.833333333e-02 6.666666667e-03 3189
4.500000000e-02 1.833333333e-02 8.333333333e-03 3190
4.500000000e-02 1.833333333e-02 1.000000000e-02 3191
4.500000000e-02 1.833333333e-02 1.166666667e-02 3192
4.500000000e-02 1.833333333e-02 1.333333333e-02 3193
4.500000000e-02 1.833333333e-02 1.500000000e-02 3194
4.500000000e-02 1.833333333e-02 1.666666667e-02 3195
4.500000000e-02 1.833333333e-02 1.833333333e-02 3196
4.500000000e-02 1.833333333e-02 2.000000000e-02 3197
4.500000000e-02 2.000000000e-02 0.000000000e+00 3198
4.500000000e-02 2.000000000e-02 1.666666667e-03 3199
4.500000000e-02 2.000000000e-02 3.333333333e-03 3200
4.500000000e-02 2.000000000e-02 5.000000000e-03 3201
4.500000000e-02 2.000000000e-02 6.666666667e-03 3202
4.500000000e-02 2.000000000e-02 8.333333333e-03 3203
4.500000000e-02 2.000000000e-02 1.000000000e-02 3204
4.500000000e-02 2.000000000e-02 1.166666667e-02 3205
4.500000000e-02 2.000000000e-02 1.333333333e-02 3206
4.500000000e-02 2.000000000e-02 1.500000000e-02 3207
4.500000000e-02 2.000000000e-02 1.666666667e-02 3208
4.500000000e-02 2.000000000e-02 1.833333333e-02 3209
4.500000000e-02 2.000000000e-02 2.000000000e-02 3210
4.750000000e-02 0.000000000e+00 0.000000000e+00 3211
4.750000000e-02 0.000000000e+00 1.666666667e-03 3212
4.750000000e-02 0.000000000e+00 3.333333333e-03 3213
4.750000000e-02 0.000000000e+00 5.000000000e-03 3214
4.750000000e-02 0.000000000e+00 6.666666667e-03 3215
4.750000000e-02 0.000000000e+00 8.333333333e-03 3216
4.750000000e-02 0.000000000e+00 1.000000000e-02 3217
4.750000000e-02 0.000000000e+00 1.166666667e-02 3218
4.750000000e-02 0.000000000e+00 1.333333333e-02 3219
4.750000000e-02 0.000000000e+00 1.500000000e-02 3220
4.750000000e-02 0.000000000e+00 1.666666667e-02 3221
4.750000000e-02 0.000000000e+00 1.833333333e-02 3222
4.750000000e-02 0.000000000e+00 2.000000000e-02 3223
4.750000000e-02 1.666666667e-03 0.000000000e+00 3224
4.750000000e-02 1.666666667e-03 1.666666667e-03 3225
4.750000000e-02 1.666666667e-03 3.333333333e-03 3226
4.750000000e-02 1.666666667e-03 5.000000000e-03 3227
4.750000000e-02 1.666666667e-03 6.666666667e-03 3228
4.750000000e-02 1.666666667e-03 8.333333333e-03 3229
4.750000000e-02 1.666666667e-03 1.000000000e-02 3230
4.750000000e-02 1.666666667e-03 1.166666667e-02 3231
4.750000000e-02 1.666666667e-03 1.333333333e-02 3232
4.750000000e-02 1.666666667e-03 1.500000000e-02 3233
4.750000000e-02 1.666666667e-03 1.666666667e-02 3234
4.750000000e-02 1.666666667e-03 1.833333333e-02 3235
4.750000000e-02 1.666666667e-03 2.000000000e-02 3236
4.750000000e-02 3.333333333e-03 0.000000000e+00 3237
4.750000000e-02 3.333333333e-03 1.666666667e-03 3238
4.750000000e-02 3.333333333e-03 3.333333333e-03 3239
4.750000000e-02 3.333333333e-03 5.000000000e-03 3240
4.750000000e-02 3.333333333e-03 6.666666667e-03 3241
4.750000000e-02 3.333333333e-03 8.333333333e-03 3242
4.750000000e-02 3.333333333e-03 1.000000000e-02 3243
4.750000000e-02 3.333333333e-03 1.166666667e-02 3244
4.750000000e-02 3.333333333e-03 1.333333333e-02 3245
4.750000000e-02 3.333333333e-03 1.500000000e-02 3246
4.750000000e-02 3.333333333e-03 1.666666667e-02 3247
4.750000000e-02 3.333333333e-03 1.833333333e-02 3248
4.750000000e-02 3.333333333e-03 2.000000000e-02 3249
4.750000000e-02 5.000000000e-03 0.000000000e+00 3250
4.750000000e-02 5.000000000e-03 1.666666667e-03 3251
4.750000000e-02 5.000000000e-03 3.333333333e-03 3252
4.750000000e-02 5.000000000e-03 5.000000000e-03 3253
4.750000000e-02 5.000000000e-03 6.666666667e-03 3254
4.750000000e-02 5.000000000e-03 8.333333333e-03 3255
4.750000000e-02 5.000000000e-03 1.000000000e-02 3256
4.750000000e-02 5.000000000e-03 1.166666667e-02 3257
4.750000000e-02 5.000000000e-03 1.333333333e-02 3258
4.750000000e-02 5.000000000e-03 1.500000000e-02 3259
4.750000000e-02 5.000000000e-03 1.666666667e-02 3260
4.750000000e-02 5.000000000e-03 1.833333333e-02 3261
4.750000000e-02 5.000000000e-03 2.000000000e-02 3262
4.750000000e-02 6.666666667e-03 0.000000000e+00 3263
4.750000000e-02 6.666666667e-03 1.666666667e-03 3264
4.750000000e-02 6.666666667e-03 3.333333333e-03 3265
4.750000000e-02 6.666666667e-03 5.000000000e-03 3266
4.750000000e-02 6.666666667e-03 6.666666667e-03 3267
4.750000000e-02 6.666666667e-03 8.333333333e-03 3268
4.750000000e-02 6.666666667e-03 1.000000000e-02 3269
4.750000000e-02 6.666666667e-03 1.166666667e-02 3270
4.750000000e-02 6.666666667e-03 1.333333333e-02 3271
4.750000000e-02 6.666666667e-03 1.500000000e-02 3272
4.750000000e-02 6.666666667e-03 1.666666667e-02 3273
4.750000000e-02 6.666666667e-03 1.833333333e-02 3274
4.750000000e-02 6.666666667e-03 2.000000000e-02 3275
4.750000000e-02 8.333333333e-03 0.000000000e+00 3276
4.750000000e-02 8.333333333e-03 1.666666667e-03 3277
4.750000000e-02 8.333333333e-03 3.333333333e-03 3278
4.750000000e-02 8.333333333e-03 5.000000000e-03 3279
4.750000000e-02 8.333333333e-03 6.666666667e-03 3280
4.750000000e-02 8.333333333e-03 8.333333333e-03 3281
4.750000000e-02 8.333333333e-03 1.000000000e-02 3282
4.750000000e-02 8.333333333e-03 1.166666667e-02 3283
4.750000000e-02 8.333333333e-03 1.333333333e-02 3284
4.750000000e-02 8.333333333e-03 1.500000000e-02 3285
4.750000000e-02 8.333333333e-03 1.666666667e-02 3286
4.750000000e-02 8.333333333e-03 1.833333333e-02 3287
4.750000000e-02 8.333333333e-03 2.000000000e-02 3288
4.750000000e-02 1.000000000e-02 0.000000000e+00 3289
4.750000000e-02 1.000000000e-02 1.666666667e-03 3290
4.750000000e-02 1.000000000e-02 3.333333333e-03 3291
4.750000000e-02 1.000000000e-02 5.000000000e-03 3292
4.750000000e-02 1.000000000e-02 6.666666667e-03 3293
4.750000000e-02 1.000000000e-02 8.333333333e-03 3294
4.750000000e-02 1.000000000e-02 1.000000000e-02 3295
4.750000000e-02 1.000000000e-02 1.166666667e-02 3296
4.750000000e-02 1.000000000e-02 1.333333333e-02 3297
4.750000000e-02 1.000000000e-02 1.500000000e-02 3298
4.750000000e-02 1.000000000e-02 1.666666667e-02 3299
4.750000000e-02 1.000000000e-02 1.833333333e-02 3300
4.750000000e-02 1.000000000e-02 2.000000000e-02 3301
4.750000000e-02 1.166666667e-02 0.000000000e+00 3302
4.750000000e-02 1.166666667e-02 1.666666667e-03 3303
4.750000000e-02 1.166666667e-02 3.333333333e-03 3304
4.750000000e-02 1.166666667e-02 5.000000000e-03 3305
4.750000000e-02 1.166666667e-02 6.666666667e-03 3306
4.750000000e-02 1.166666667e-02 8.333333333e-03 3307
4.750000000e-02 1.166666667e-02 1.000000000e-02 3308
4.750000000e-02 1.166666667e-02 1.166666667e-02 3309
4.750000000e-02 1.166666667e-02 1.333333333e-02 3310
4.750000000e-02 1.166666667e-02 1.500000000e-02 3311
4.750000000e-02 1.166666667e-02 1.666666667e-02 3312
4.750000000e-02 1.166666667e-02 1.833333333e-02 3313
4.750000000e-02 1.166666667e-02 2.000000000e-02 3314
4.750000000e-02 1.333333333e-02 0.000000000e+00 3315
4.750000000e-02 1.333333333e-02 1.666666667e-03 3316
4.750000000e-02 1.333333333e-02 3.333333333e-03 3317
4.750000000e-02 1.333333333e-02 5.000000000e-03 3318
4.750000000e-02 1.333333333e-02 6.666666667e-03 3319
4.750000000e-02 1.333333333e-02 8.333333333e-03 3320
4.750000000e-02 1.333333333e-02 1.000000000e-02 3321
4.750000000e-02 1.333333333e-02 1.166666667e-02 3322
4.750000000e-02 1.333333333e-02 1.333333333e-02 3323
4.750000000e-02 1.333333333e-02 1.500000000e-02 3324
4.750000000e-02 1.333333333e-02 1.666666667e-02 3325
4.750000000e-02 1.333333333e-02 1.833333333e-02 3326
4.750000000e-02 1.333333333e-02 2.000000000e-02 3327
4.750000000e-02 1.500000000e-02 0.000000000e+00 3328
4.750000000e-02 1.500000000e-02 1.666666667e-03 3329
4.750000000e-02 1.500000000e-02 3.333333333e-03 3330
4.750000000e-02 1.500000000e-02 5.000000000e-03 3331
4.750000000e-02 1.500000000e-02 6.666666667e-03 3332
4.750000000e-02 1.500000000e-02 8.333333333e-03 3333
4.750000000e-02 1.500000000e-02 1.000000000e-02 3334
4.750000000e-02 1.500000000e-02 1.166666667e-02 3335
4.750000000e-02 1.500000000e-02 1.333333333e-02 3336
4.750000000e-02 1.500000000e-02 1.500000000e-02 3337
4.750000000e-02 1.500000000e-02 1.666666667e-02 3338
4.750000000e-02 1.500000000e-02 1.833333333e-02 3339
4.750000000e-02 1.500000000e-02 2.000000000e-02 3340
4.750000000e-02 1.666666667e-02 0.000000000e+00 3341
4.750000000e-02 1.666666667e-02 1.666666667e-03 3342
4.750000000e-02 1.666666667e-02 3.333333333e-03 3343
4.750000000e-02 1.666666667e-02 5.000000000e-03 3344
4.750000000e-02 1.666666667e-02 6.666666667e-03 3345
4.750000000e-02 1.666666667e-02 8.333333333e-03 3346
4.750000000e-02 1.666666667e-02 1.000000000e-02 3347
4.750000000e-02 1.666666667e-02 1.166666667e-02 3348
4.750000000e-02 1.666666667e-02 1.333333333e-02 3349
4.750000000e-02 1.666666667e-02 1.500000000e-02 3350
4.750000000e-02 1.666666667e-02 1.666666667e-02 3351
4.750000000e-02 1.666666667e-02 1.833333333e-02 3352
4.750000000e-02 1.666666667e-02 2.000000000e-02 3353
4.750000000e-02 1.833333333e-02 0.000000000e+00 3354
4.750000000e-02 1.833333333e-02 1.666666667e-03 3355
4.750000000e-02 1.833333333e-02 3.333333333e-03 3356
4.750000000e-02 1.833333333e-02 5.000000000e-03 3357
4.750000000e-02 1.833333333e-02 6.666666667e-03 3358
4.750000000e-02 1.833333333e-02 8.333333333e-03 3359
4.750000000e-02 1.833333333e-02 1.000000000e-02 3360
4.750000000e-02 1.833333333e-02 1.166666667e-02 3361
4.750000000e-02 1.833333333e-02 1.333333333e-02 3362
4.750000000e-02 1.833333333e-02 1.500000000e-02 3363
4.750000000e-02 1.833333333e-02 1.666666667e-02 3364
4.750000000e-02 1.833333333e-02 1.833333333e-02 3365
4.750000000e-02 1.833333333e-02 2.000000000e-02 3366
4.750000000e-02 2.000000000e-02 0.000000000e+00 3367
4.750000000e-02 2.000000000e-02 1.666666667e-03 3368
4.750000000e-02 2.000000000e-02 3.333333333e-03 3369
4.750000000e-02 2.000000000e-02 5.000000000e-03 3370
4.750000000e-02 2.000000000e-02 6.666666667e-03 3371
4.750000000e-02 2.000000000e-02 8.333333333e-03 3372
4.750000000e-02 2.000000000e-02 1.000000000e-02 3373
4.750000000e-02 2.000000000e-02 1.166666667e-02 3374
4.750000000e-02 2.000000000e-02 1.333333333e-02 3375
4.750000000e-02 2.000000000e-02 1.500000000e-02 3376
4.750000000e-02 2.000000000e-02 1.666666667e-02 3377
4.750000000e-02 2.000000000e-02 1.833333333e-02 3378
4.750000000e-02 2.000000000e-02 2.000000000e-02 3379
5.000000000e-02 0.000000000e+00 0.000000000e+00 3380
5.000000000e-02 0.000000000e+00 1.666666667e-03 3381
5.000000000e-02 0.000000000e+00 3.333333333e-03 3382
5.000000000e-02 0.000000000e+00 5.000000000e-03 3383
5.000000000e-02 0.000000000e+00 6.666666667e-03 3384
5.000000000e-02 0.000000000e+00 8.333333333e-03 3385
5.000000000e-02 0.000000000e+00 1.000000000e-02 3386
5.000000000e-02 0.000000000e+00 1.166666667e-02 3387
5.000000000e-02 0.000000000e+00 1.333333333e-02 3388
5.000000000e-02 0.000000000e+00 1.500000000e-02 3389
5.000000000e-02 0.000000000e+00 1.666666667e-02 3390
5.000000000e-02 0.000000000e+00 1.833333333e-02 3391
5.000000000e-02 0.000000000e+00 2.000000000e-02 3392
5.000000000e-02 1.666666667e-03 0.000000000e+00 3393
5.000000000e-02 1.666666667e-03 1.666666667e-03 3394
5.000000000e-02 1.666666667e-03 3.333333333e-03 3395
5.000000000e-02 1.666666667e-03 5.000000000e-03 3396
5.000000000e-02 1.666666667e-03 6.666666667e-03 3397
5.000000000e-02 1.666666667e-03 8.333333333e-03 3398
5.000000000e-02 1.666666667e-03 1.000000000e-02 3399
5.000000000e-02 1.666666667e-03 1.166666667e-02 3400
5.000000000e-02 1.666666667e-03 1.333333333e-02 3401
5.000000000e-02 1.666666667e-03 1.500000000e-02 3402
5.000000000e-02 1.666666667e-03 1.666666667e-02 3403
5.000000000e-02 1.666666667e-03 1.833333333e-02 3404
5.000000000e-02 1.666666667e-03 2.000000000e-02 3405
5.000000000e-02 3.333333333e-03 0.000000000e+00 3406
5.000000000e-02 3.333333333e-03 1.666666667e-03 3407
5.000000000e-02 3.333333333e-03 3.333333333e-03 3408
5.000000000e-02 3.333333333e-03 5.000000000e-03 3409
5.000000000e-02 3.333333333e-03 6.666666667e-03 3410
5.000000000e-02 3.333333333e-03 8.333333333e-03 3411
5.000000000e-02 3.333333333e-03 1.000000000e-02 3412
5.000000000e-02 3.333333333e-03 1.166666667e-02 3413
5.000000000e-02 3.333333333e-03 1.333333333e-02 3414
5.000000000e-02 3.333333333e-03 1.500000000e-02 3415
5.000000000e-02 3.333333333e-03 1.666666667e-02 3416
5.000000000e-02 3.333333333e-03 1.833333333e-02 3417
5.000000000e-02 3.333333333e-03 2.000000000e-02 3418
5.000000000e-02 5.000000000e-03 0.000000000e+00 3419
5.000000000e-02 5.000000000e-03 1.666666667e-03 3420
5.000000000e-02 5.000000000e-03 3.333333333e-03 3421
5.000000000e-02 5.000000000e-03 5.000000000e-03 3422
5.000000000e-02 5.000000000e-03 6.666666667e-03 3423
5.000000000e-02 5.000000000e-03 8.333333333e-03 3424
5.000000000e-02 5.000000000e-03 1.000000000e-02 3425
5.000000000e-02 5.000000000e-03 1.166666667e-02 3426
5.000000000e-02 5.000000000e-03 1.333333333e-02 3427
5.000000000e-02 5.000000000e-03 1.500000000e-02 3428
5.000000000e-02 5.000000000e-03 1.666666667e-02 3429
5.000000000e-02 5.000000000e-03 1.833333333e-02 3430
5.000000000e-02 5.000000000e-03 2.000000000e-02 3431
5.000000000e-02 6.666666667e-03 0.000000000e+00 3432
5.000000000e-02 6.666666667e-03 1.666666667e-03 3433
5.000000000e-02 6.666666667e-03 3.333333333e-03 3434
5.000000000e-02 6.666666667e-03 5.000000000e-03 3435
5.000000000e-02 6.666666667e-03 6.666666667e-03 3436
5.000000000e-02 6.666666667e-03 8.333333333e-03 3437
5.000000000e-02 6.666666667e-03 1.000000000e-02 3438
5.000000000e-02 6.666666667e-03 1.166666667e-02 3439
5.000000000e-02 6.666666667e-03 1.333333333e-02 3440
5.000000000e-02 6.666666667e-03 1.500000000e-02 3441
5.000000000e-02 6.666666667e-03 1.666666667e-02 3442
5.000000000e-02 6.666666667e-03 1.833333333e-02 3443
5.000000000e-02 6.666666667e-03 2.000000000e-02 3444
5.000000000e-02 8.333333333e-03 0.000000000e+00 3445
5.000000000e-02 8.333333333e-03 1.666666667e-03 3446
5.000000000e-02 8.333333333e-03 3.333333333e-03 3447
5.000000000e-02 8.333333333e-03 5.000000000e-03 3448
5.000000000e-02 8.333333333e-03 6.666666667e-03 3449
5.000000000e-02 8.333333333e-03 8.333333333e-03 3450
5.000000000e-02 8.333333333e-03 1.000000000e-02 3451
5.000000000e-02 8.333333333e-03 1.166666667e-02 3452
5.000000000e-02 8.333333333e-03 1.333333333e-02 3453
5.000000000e-02 8.333333333e-03 1.500000000e-02 3454
5.000000000e-02 8.333333333e-03 1.666666667e-02 3455
5.000000000e-02 8.333333333e-03 1.833333333e-02 3456
5.000000000e-02 8.333333333e-03 2.000000000e-02 3457
5.000000000e-02 1.000000000e-02 0.000000000e+00 3458
5.000000000e-02 1.000000000e-02 1.666666667e-03 3459
5.000000000e-02 1.000000000e-02 3.333333333e-03 3460
5.000000000e-02 1.000000000e-02 5.000000000e-03 3461
5.000000000e-02 1.000000000e-02 6.666666667e-03 3462
5.000000000e-02 1.000000000e-02 8.333333333e-03 3463
5.000000000e-02 1.000000000e-02 1.000000000e-02 3464
5.000000000e-02 1.000000000e-02 1.166666667e-02 3465
5.000000000e-02 1.000000000e-02 1.333333333e-02 3466
5.000000000e-02 1.000000000e-02 1.500000000e-02 3467
5.000000000e-02 1.000000000e-02 1.666666667e-02 3468
5.000000000e-02 1.000000000e-02 1.833333333e-02 3469
5.000000000e-02 1.000000000e-02 2.000000000e-02 3470
5.000000000e-02 1.166666667e-02 0.000000000e+00 3471
5.000000000e-02 1.166666667e-02 1.666666667e-03 3472
5.000000000e-02 1.166666667e-02 3.333333333e-03 3473
5.000000000e-02 1.166666667e-02 5.000000000e-03 3474
5.000000000e-02 1.166666667e-02 6.666666667e-03 3475
5.000000000e-02 1.166666667e-02 8.333333333e-03 3476
5.000000000e-02 1.166666667e-02 1.000000000e-02 3477
5.000000000e-02 1.166666667e-02 1.166666667e-02 3478
5.000000000e-02 1.166666667e-02 1.333333333e-02 3479
5.000000000e-02 1.166666667e-02 1.500000000e-02 3480
5.000000000e-02 1.166666667e-02 1.666666667e-02 3481
5.000000000e-02 1.166666667e-02 1.833333333e-02 3482
5.000000000e-02 1.166666667e-02 2.000000000e-02 3483
5.000000000e-02 1.333333333e-02 0.000000000e+00 3484
5.000000000e-02 1.333333333e-02 1.666666667e-03 3485
5.000000000e-02 1.333333333e-02 3.333333333e-03 3486
5.000000000e-02 1.333333333e-02 5.000000000e-03 3487
5.000000000e-02 1.333333333e-02 6.666666667e-03 3488
5.000000000e-02 1.333333333e-02 8.333333333e-03 3489
5.000000000e-02 1.333333333e-02 1.000000000e-02 3490
5.000000000e-02 1.333333333e-02 1.166666667e-02 3491
5.000000000e-02 1.333333333e-02 1.333333333e-02 3492
5.000000000e-02 1.333333333e-02 1.500000000e-02 3493
5.000000000e-02 1.333333333e-02 1.666666667e-02 3494
5.000000000e-02 1.333333333e-02 1.833333333e-02 3495
5.000000000e-02 1.333333333e-02 2.000000000e-02 3496
5.000000000e-02 1.500000000e-02 0.000000000e+00 3497
5.000000000e-02 1.500000000e-02 1.666666667e-03 3498
5.000000000e-02 1.500000000e-02 3.333333333e-03 3499
5.000000000e-02 1.500000000e-02 5.000000000e-03 3500
5.000000000e-02 1.500000000e-02 6.666666667e-03 3501
5.000000000e-02 1.500000000e-02 8.333333333e-03 3502
5.000000000e-02 1.500000000e-02 1.000000000e-02 3503
5.000000000e-02 1.500000000e-02 1.166666667e-02 3504
5.000000000e-02 1.500000000e-02 1.333333333e-02 3505
5.000000000e-02 1.500000000e-02 1.500000000e-02 3506
5.000000000e-02 1.500000000e-02 1.666666667e-02 3507
5.000000000e-02 1.500000000e-02 1.833333333e-02 3508
5.000000000e-02 1.500000000e-02 2.000000000e-02 3509
5.000000000e-02 1.666666667e-02 0.000000000e+00 3510
5.000000000e-02 1.666666667e-02 1.666666667e-03 3511
5.000000000e-02 1.666666667e-02 3.333333333e-03 3512
5.000000000e-02 1.666666667e-02 5.000000000e-03 3513
5.000000000e-02 1.666666667e-02 6.666666667e-03 3514
5.000000000e-02 1.666666667e-02 8.333333333e-03 3515
5.000000000e-02 1.666666667e-02 1.000000000e-02 3516
5.000000000e-02 1.666666667e-02 1.166666667e-02 3517
5.000000000e-02 1.666666667e-02 1.333333333e-02 3518
5.000000000e-02 1.666666667e-02 1.500000000e-02 3519
5.000000000e-02 1.666666667e-02 1.666666667e-02 3520
5.000000000e-02 1.666666667e-02 1.833333333e-02 3521
5.000000000e-02 1.666666667e-02 2.000000000e-02 3522
5.000000000e-02 1.833333333e-02 0.000000000e+00 3523
5.000000000e-02 1.833333333e-02 1.666666667e-03 3524
5.000000000e-02 1.833333333e-02 3.333333333e-03 3525
5.000000000e-02 1.833333333e-02 5.000000000e-03 3526
5.000000000e-02 1.833333333e-02 6.666666667e-03 3527
5.000000000e-02 1.833333333e-02 8.333333333e-03 3528
5.000000000e-02 1.833333333e-02 1.000000000e-02 3529
5.000000000e-02 1.833333333e-02 1.166666667e-02 3530
5.000000000e-02 1.833333333e-02 1.333333333e-02 3531
5.000000000e-02 1.833333333e-02 1.500000000e-02 3532
5.000000000e-02 1.833333333e-02 1.666666667e-02 3533
5.000000000e-02 1.833333333e-02 1.833333333e-02 3534
5.000000000e-02 1.833333333e-02 2.000000000e-02 3535
5.000000000e-02 2.000000000e-02 0.000000000e+00 3536
5.000000000e-02 2.000000000e-02 1.666666667e-03 3537
5.000000000e-02 2.000000000e-02 3.333333333e-03 3538
5.000000000e-02 2.000000000e-02 5.000000000e-03 3539
5.000000000e-02 2.000000000e-02 6.666666667e-03 3540
5.000000000e-02 2.000000000e-02 8.333333333e-03 3541
5.000000000e-02 2.000000000e-02 1.000000000e-02 3542
5.000000000e-02 2.000000000e-02 1.166666667e-02 3543
5.000000000e-02 2.000000000e-02 1.333333333e-02 3544
5.000000000e-02 2.000000000e-02 1.500000000e-02 3545
5.000000000e-02 2.000000000e-02 1.666666667e-02 3546
5.000000000e-02 2.000000000e-02 1.833333333e-02 3547
5.000000000e-02 2.000000000e-02 2.000000000e-02 3548
5.250000000e-02 0.000000000e+00 0.000000000e+00 3549
5.250000000e-02 0.000000000e+00 1.666666667e-03 3550
5.250000000e-02 0.000000000e+00 3.333333333e-03 3551
5.250000000e-02 0.000000000e+00 5.000000000e-03 3552
5.250000000e-02 0.000000000e+00 6.666666667e-03 3553
5.250000000e-02 0.000000000e+00 8.333333333e-03 3554
5.250000000e-02 0.000000000e+00 1.000000000e-02 3555
5.250000000e-02 0.000000000e+00 1.166666667e-02 3556
5.250000000e-02 0.000000000e+00 1.333333333e-02 3557
5.250000000e-02 0.000000000e+00 1.500000000e-02 3558
5.250000000e-02 0.000000000e+00 1.666666667e-02 3559
5.250000000e-02 0.000000000e+00 1.833333333e-02 3560
5.250000000e-02 0.000000000e+00 2.000000000e-02 3561
5.250000000e-02 1.666666667e-03 0.000000000e+00 3562
5.250000000e-02 1.666666667e-03 1.666666667e-03 3563
5.250000000e-02 1.666666667e-03 3.333333333e-03 3564
5.250000000e-02 1.666666667e-03 5.000000000e-03 3565
5.250000000e-02 1.666666667e-03 6.666666667e-03 3566
5.250000000e-02 1.666666667e-03 8.333333333e-03 3567
5.250000000e-02 1.666666667e-03 1.000000000e-02 3568
5.250000000e-02 1.666666667e-03 1.166666667e-02 3569
5.250000000e-02 1.666666667e-03 1.333333333e-02 3570
5.250000000e-02 1.666666667e-03 1.500000000e-02 3571
5.250000000e-02 1.666666667e-03 1.666666667e-02 3572
5.250000000e-02 1.666666667e-03 1.833333333e-02 3573
5.250000000e-02 1.666666667e-03 2.000000000e-02 3574
5.250000000e-02 3.333333333e-03 0.000000000e+00 3575
5.250000000e-02 3.333333333e-03 1.666666667e-03 3576
5.250000000e-02 3.333333333e-03 3.333333333e-03 3577
5.250000000e-02 3.333333333e-03 5.000000000e-03 3578
5.250000000e-02 3.333333333e-03 6.666666667e-03 3579
5.250000000e-02 3.333333333e-03 8.333333333e-03 3580
5.250000000e-02 3.333333333e-03 1.000000000e-02 3581
5.250000000e-02 3.333333333e-03 1.166666667e-02 3582
5.250000000e-02 3.333333333e-03 1.333333333e-02 3583
5.250000000e-02 3.333333333e-03 1.500000000e-02 3584
5.250000000e-02 3.333333333e-03 1.666666667e-02 3585
5.250000000e-02 3.333333333e-03 1.833333333e-02 3586
5.250000000e-02 3.333333333e-03 2.000000000e-02 3587
5.250000000e-02 5.000000000e-03 0.000000000e+00 3588
5.250000000e-02 5.000000000e-03 1.666666667e-03 3589
5.250000000e-02 5.000000000e-03 3.333333333e-03 3590
5.250000000e-02 5.000000000e-03 5.000000000e-03 3591
5.250000000e-02 5.000000000e-03 6.666666667e-03 3592
5.250000000e-02 5.000000000e-03 8.333333333e-03 3593
5.250000000e-02 5.000000000e-03 1.000000000e-02 3594
5.250000000e-02 5.000000000e-03 1.166666667e-02 3595
5.250000000e-02 5.000000000e-03 1.333333333e-02 3596
5.250000000e-02 5.000000000e-03 1.500000000e-02 3597
5.250000000e-02 5.000000000e-03 1.666666667e-02 3598
5.250000000e-02 5.000000000e-03 1.833333333e-02 3599
5.250000000e-02 5.000000000e-03 2.000000000e-02 3600
5.250000000e-02 6.666666667e-03 0.000000000e+00 3601
5.250000000e-02 6.666666667e-03 1.666666667e-03 3602
5.250000000e-02 6.666666667e-03 3.333333333e-03 3603
5.250000000e-02 6.666666667e-03 5.000000000e-03 3604
5.250000000e-02 6.666666667e-03 6.666666667e-03 3605
5.250000000e-02 6.666666667e-03 8.333333333e-03 3606
5.250000000e-02 6.666666667e-03 1.000000000e-02 3607
5.250000000e-02 6.666666667e-03 1.166666667e-02 3608
5.250000000e-02 6.666666667e-03 1.333333333e-02 3609
5.250000000e-02 6.666666667e-03 1.500000000e-02 3610
5.250000000e-02 6.666666667e-03 1.666666667e-02 3611
5.250000000e-02 6.666666667e-03 1.833333333e-02 3612
5.250000000e-02 6.666666667e-03 2.000000000e-02 3613
5.250000000e-02 8.333333333e-03 0.000000000e+00 3614
5.250000000e-02 8.333333333e-03 1.666666667e-03 3615
5.250000000e-02 8.333333333e-03 3.333333333e-03 3616
5.250000000e-02 8.333333333e-03 5.000000000e-03 3617
5.250000000e-02 8.333333333e-03 6.666666667e-03 3618
5.250000000e-02 8.333333333e-03 8.333333333e-03 3619
5.250000000e-02 8.333333333e-03 1.000000000e-02 3620
5.250000000e-02 8.333333333e-03 1.166666667e-02 3621
5.250000000e-02 8.333333333e-03 1.333333333e-02 3622
5.250000000e-02 8.333333333e-03 1.500000000e-02 3623
5.250000000e-02 8.333333333e-03 1.666666667e-02 3624
5.250000000e-02 8.333333333e-03 1.833333333e-02 3625
5.250000000e-02 8.333333333e-03 2.000000000e-02 3626
5.250000000e-02 1.000000000e-02 0.000000000e+00 3627
5.250000000e-02 1.000000000e-02 1.666666667e-03 3628
5.250000000e-02 1.000000000e-02 3.333333333e-03 3629
5.250000000e-02 1.000000000e-02 5.000000000e-03 3630
5.250000000e-02 1.000000000e-02 6.666666667e-03 3631
5.250000000e-02 1.000000000e-02 8.333333333e-03 3632
5.250000000e-02 1.000000000e-02 1.000000000e-02 3633
5.250000000e-02 1.000000000e-02 1.166666667e-02 3634
5.250000000e-02 1.000000000e-02 1.333333333e-02 3635
5.250000000e-02 1.000000000e-02 1.500000000e-02 3636
5.250000000e-02 1.000000000e-02 1.666666667e-02 3637
5.250000000e-02 1.000000000e-02 1.833333333e-02 3638
5.250000000e-02 1.000000000e-02 2.000000000e-02 3639
5.250000000e-02 1.166666667e-02 0.000000000e+00 3640
5.250000000e-02 1.166666667e-02 1.666666667e-03 3641
5.250000000e-02 1.166666667e-02 3.333333333e-03 3642
5.250000000e-02 1.166666667e-02 5.000000000e-03 3643
5.250000000e-02 1.166666667e-02 6.666666667e-03 3644
5.250000000e-02 1.166666667e-02 8.333333333e-03 3645
5.250000000e-02 1.166666667e-02 1.000000000e-02 3646
5.250000000e-02 1.166666667e-02 1.166666667e-02 3647
5.250000000e-02 1.166666667e-02 1.333333333e-02 3648
5.250000000e-02 1.166666667e-02 1.500000000e-02 3649
5.250000000e-02 1.166666667e-02 1.666666667e-02 3650
5.250000000e-02 1.166666667e-02 1.833333333e-02 3651
5.250000000e-02 1.166666667e-02 2.000000000e-02 3652
5.250000000e-02 1.333333333e-02 0.000000000e+00 3653
5.250000000e-02 1.333333333e-02 1.666666667e-03 3654
5.250000000e-02 1.333333333e-02 3.333333333e-03 3655
5.250000000e-02 1.333333333e-02 5.000000000e-03 3656
5.250000000e-02 1.333333333e-02 6.666666667e-03 3657
5.250000000e-02 1.333333333e-02 8.333333333e-03 3658
5.250000000e-02 1.333333333e-02 1.000000000e-02 3659
5.250000000e-02 1.333333333e-02 1.166666667e-02 3660
5.250000000e-02 1.333333333e-02 1.333333333e-02 3661
5.250000000e-02 1.333333333e-02 1.500000000e-02 3662
5.250000000e-02 1.333333333e-02 1.666666667e-02 3663
5.250000000e-02 1.333333333e-02 1.833333333e-02 3664
5.250000000e-02 1.333333333e-02 2.000000000e-02 3665
5.250000000e-02 1.500000000e-02 0.000000000e+00 3666
5.250000000e-02 1.500000000e-02 1.666666667e-03 3667
5.250000000e-02 1.500000000e-02 3.333333333e-03 3668
5.250000000e-02 1.500000000e-02 5.000000000e-03 3669
5.250000000e-02 1.500000000e-02 6.666666667e-03 3670
5.250000000e-02 1.500000000e-02 8.333333333e-03 3671
5.250000000e-02 1.500000000e-02 1.000000000e-02 3672
5.250000000e-02 1.500000000e-02 1.166666667e-02 3673
5.250000000e-02 1.500000000e-02 1.333333333e-02 3674
5.250000000e-02 1.500000000e-02 1.500000000e-02 3675
5.250000000e-02 1.500000000e-02 1.666666667e-02 3676
5.250000000e-02 1.500000000e-02 1.833333333e-02 3677
5.250000000e-02 1.500000000e-02 2.000000000e-02 3678
5.250000000e-02 1.666666667e-02 0.000000000e+00 3679
5.250000000e-02 1.666666667e-02 1.666666667e-03 3680
5.250000000e-02 1.666666667e-02 3.333333333e-03 3681
5.250000000e-02 1.666666667e-02 5.000000000e-03 3682
5.250000000e-02 1.666666667e-02 6.666666667e-03 3683
5.250000000e-02 1.666666667e-02 8.333333333e-03 3684
5.250000000e-02 1.666666667e-02 1.000000000e-02 3685
5.250000000e-02 1.666666667e-02 1.166666667e-02 3686
5.250000000e-02 1.666666667e-02 1.333333333e-02 3687
5.250000000e-02 1.666666667e-02 1.500000000e-02 3688
5.250000000e-02 1.666666667e-02 1.666666667e-02 3689
5.250000000e-02 1.666666667e-02 1.833333333e-02 3690
5.250000000e-02 1.666666667e-02 2.000000000e-02 3691
5.250000000e-02 1.833333333e-02 0.000000000e+00 3692
5.250000000e-02 1.833333333e-02 1.666666667e-03 3693
5.250000000e-02 1.833333333e-02 3.333333333e-03 3694
5.250000000e-02 1.833333333e-02 5.000000000e-03 3695
5.250000000e-02 1.833333333e-02 6.666666667e-03 3696
5.250000000e-02 1.833333333e-02 8.333333333e-03 3697
5.250000000e-02 1.833333333e-02 1.000000000e-02 3698
5.250000000e-02 1.833333333e-02 1.166666667e-02 3699
5.250000000e-02 1.833333333e-02 1.333333333e-02 3700
5.250000000e-02 1.833333333e-02 1.500000000e-02 3701
5.250000000e-02 1.833333333e-02 1.666666667e-02 3702
5.250000000e-02 1.833333333e-02 1.833333333e-02 3703
5.250000000e-02 1.833333333e-02 2.000000000e-02 3704
5.250000000e-02 2.000000000e-02 0.000000000e+00 3705
5.250000000e-02 2.000000000e-02 1.666666667e-03 3706
5.250000000e-02 2.000000000e-02 3.333333333e-03 3707
5.250000000e-02 2.000000000e-02 5.000000000e-03 3708
5.250000000e-02 2.000000000e-02 6.666666667e-03 3709
5.250000000e-02 2.000000000e-02 8.333333333e-03 3710
5.250000000e-02 2.000000000e-02 1.000000000e-02 3711
5.250000000e-02 2.000000000e-02 1.166666667e-02 3712
5.250000000e-02 2.000000000e-02 1.333333333e-02 3713
5.250000000e-02 2.000000000e-02 1.500000000e-02 3714
5.250000000e-02 2.000000000e-02 1.666666667e-02 3715
5.250000000e-02 2.000000000e-02 1.833333333e-02 3716
5.250000000e-02 2.000000000e-02 2.000000000e-02 3717
5.500000000e-02 0.000000000e+00 0.000000000e+00 3718
5.500000000e-02 0.000000000e+00 1.666666667e-03 3719
5.500000000e-02 0.000000000e+00 3.333333333e-03 3720
5.500000000e-02 0.000000000e+00 5.000000000e-03 3721
5.500000000e-02 0.000000000e+00 6.666666667e-03 3722
5.500000000e-02 0.000000000e+00 8.333333333e-03 3723
5.500000000e-02 0.000000000e+00 1.000000000e-02 3724
5.500000000e-02 0.000000000e+00 1.166666667e-02 3725
5.500000000e-02 0.000000000e+00 1.333333333e-02 3726
5.500000000e-02 0.000000000e+00 1.500000000e-02 3727
5.500000000e-02 0.000000000e+00 1.666666667e-02 3728
5.500000000e-02 0.000000000e+00 1.833333333e-02 3729
5.500000000e-02 0.000000000e+00 2.000000000e-02 3730
5.500000000e-02 1.666666667e-03 0.000000000e+00 3731
5.500000000e-02 1.666666667e-03 1.666666667e-03 3732
5.500000000e-02 1.666666667e-03 3.333333333e-03 3733
5.500000000e-02 1.666666667e-03 5.000000000e-03 3734
5.500000000e-02 1.666666667e-03 6.666666667e-03 3735
5.500000000e-02 1.666666667e-03 8.333333333e-03 3736
5.500000000e-02 1.666666667e-03 1.000000000e-02 3737
5.500000000e-02 1.666666667e-03 1.166666667e-02 3738
5.500000000e-02 1.666666667e-03 1.333333333e-02 3739
5.500000000e-02 1.666666667e-03 1.500000000e-02 3740
5.500000000e-02 1.666666667e-03 1.666666667e-02 3741
5.500000000e-02 1.666666667e-03 1.833333333e-02 3742
5.500000000e-02 1.666666667e-03 2.000000000e-02 3743
5.500000000e-02 3.333333333e-03 0.000000000e+00 3744
5.500000000e-02 3.333333333e-03 1.666666667e-03 3745
5.500000000e-02 3.333333333e-03 3.333333333e-03 3746
5.500000000e-02 3.333333333e-03 5.000000000e-03 3747
5.500000000e-02 3.333333333e-03 6.666666667e-03 3748
5.500000000e-02 3.333333333e-03 8.333333333e-03 3749
5.500000000e-02 3.333333333e-03 1.000000000e-02 3750
5.500000000e-02 3.333333333e-03 1.166666667e-02 3751
5.500000000e-02 3.333333333e-03 1.333333333e-02 3752
5.500000000e-02 3.333333333e-03 1.500000000e-02 3753
5.500000000e-02 3.333333333e-03 1.666666667e-02 3754
5.500000000e-02 3.333333333e-03 1.833333333e-02 3755
5.500000000e-02 3.333333333e-03 2.000000000e-02 3756
5.500000000e-02 5.000000000e-03 0.000000000e+00 3757
5.500000000e-02 5.000000000e-03 1.666666667e-03 3758
5.500000000e-02 5.000000000e-03 3.333333333e-03 3759
5.500000000e-02 5.000000000e-03 5.000000000e-03 3760
5.500000000e-02 5.000000000e-03 6.666666667e-03 3761
5.500000000e-02 5.000000000e-03 8.333333333e-03 3762
5.500000000e-02 5.000000000e-03 1.000000000e-02 3763
5.500000000e-02 5.000000000e-03 1.166666667e-02 3764
5.500000000e-02 5.000000000e-03 1.333333333e-02 3765
5.500000000e-02 5.000000000e-03 1.500000000e-02 3766
5.500000000e-02 5.000000000e-03 1.666666667e-02 3767
5.500000000e-02 5.000000000e-03 1.833333333e-02 3768
5.500000000e-02 5.000000000e-03 2.000000000e-02 3769
5.500000000e-02 6.666666667e-03 0.000000000e+00 3770
5.500000000e-02 6.666666667e-03 1.666666667e-03 3771
5.500000000e-02 6.666666667e-03 3.333333333e-03 3772
5.500000000e-02 6.666666667e-03 5.000000000e-03 3773
5.500000000e-02 6.666666667e-03 6.666666667e-03 3774
5.500000000e-02 6.666666667e-03 8.333333333e-03 3775
5.500000000e-02 6.666666667e-03 1.000000000e-02 3776
5.500000000e-02 6.666666667e-03 1.166666667e-02 3777
5.500000000e-02 6.666666667e-03 1.333333333e-02 3778
5.500000000e-02 6.666666667e-03 1.500000000e-02 3779
5.500000000e-02 6.666666667e-03 1.666666667e-02 3780
5.500000000e-02 6.666666667e-03 1.833333333e-02 3781
5.500000000e-02 6.666666667e-03 2.000000000e-02 3782
5.500000000e-02 8.333333333e-03 0.000000000e+00 3783
5.500000000e-02 8.333333333e-03 1.666666667e-03 3784
5.500000000e-02 8.333333333e-03 3.333333333e-03 3785
5.500000000e-02 8.333333333e-03 5.000000000e-03 3786
5.500000000e-02 8.333333333e-03 6.666666667e-03 3787
5.500000000e-02 8.333333333e-03 8.333333333e-03 3788
5.500000000e-02 8.333333333e-03 1.000000000e-02 3789
5.500000000e-02 8.333333333e-03 1.166666667e-02 3790
5.500000000e-02 8.333333333e-03 1.333333333e-02 3791
5.500000000e-02 8.333333333e-03 1.500000000e-02 3792
5.500000000e-02 8.333333333e-03 1.666666667e-02 3793
5.500000000e-02 8.333333333e-03 1.833333333e-02 3794
5.500000000e-02 8.333333333e-03 2.000000000e-02 3795
5.500000000e-02 1.000000000e-02 0.000000000e+00 3796
5.500000000e-02 1.000000000e-02 1.666666667e-03 3797
5.500000000e-02 1.000000000e-02 3.333333333e-03 3798
5.500000000e-02 1.000000000e-02 5.000000000e-03 3799
5.500000000e-02 1.000000000e-02 6.666666667e-03 3800
5.500000000e-02 1.000000000e-02 8.333333333e-03 3801
5.500000000e-02 1.000000000e-02 1.000000000e-02 3802
5.500000000e-02 1.000000000e-02 1.166666667e-02 3803
5.500000000e-02 1.000000000e-02 1.333333333e-02 3804
5.500000000e-02 1.000000000e-02 1.500000000e-02 3805
5.500000000e-02 1.000000000e-02 1.666666667e-02 3806
5.500000000e-02 1.000000000e-02 1.833333333e-02 3807
5.500000000e-02 1.000000000e-02 2.000000000e-02 3808
5.500000000e-02 1.166666667e-02 0.000000000e+00 3809
5.500000000e-02 1.166666667e-02 1.666666667e-03 3810
5.500000000e-02 1.166666667e-02 3.333333333e-03 3811
5.500000000e-02 1.166666667e-02 5.000000000e-03 3812
5.500000000e-02 1.166666667e-02 6.666666667e-03 3813
5.500000000e-02 1.166666667e-02 8.333333333e-03 3814
5.500000000e-02 1.166666667e-02 1.000000000e-02 3815
5.500000000e-02 1.166666667e-02 1.166666667e-02 3816
5.500000000e-02 1.166666667e-02 1.333333333e-02 3817
5.500000000e-02 1.166666667e-02 1.500000000e-02 3818
5.500000000e-02 1.166666667e-02 1.666666667e-02 3819
5.500000000e-02 1.166666667e-02 1.833333333e-02 3820
5.500000000e-02 1.166666667e-02 2.000000000e-02 3821
5.500000000e-02 1.333333333e-02 0.000000000e+00 3822
5.500000000e-02 1.333333333e-02 1.666666667e-03 3823
5.500000000e-02 1.333333333e-02 3.333333333e-03 3824
5.500000000e-02 1.333333333e-02 5.000000000e-03 3825
5.500000000e-02 1.333333333e-02 6.666666667e-03 3826
5.500000000e-02 1.333333333e-02 8.333333333e-03 3827
5.500000000e-02 1.333333333e-02 1.000000000e-02 3828
5.500000000e-02 1.333333333e-02 1.166666667e-02 3829
5.500000000e-02 1.333333333e-02 1.333333333e-02 3830
5.500000000e-02 1.333333333e-02 1.500000000e-02 3831
5.500000000e-02 1.333333333e-02 1.666666667e-02 3832
5.500000000e-02 1.333333333e-02 1.833333333e-02 3833
5.500000000e-02 1.333333333e-02 2.000000000e-02 3834
5.500000000e-02 1.500000000e-02 0.000000000e+00 3835
5.500000000e-02 1.500000000e-02 1.666666667e-03 3836
5.500000000e-02 1.500000000e-02 3.333333333e-03 3837
5.500000000e-02 1.500000000e-02 5.000000000e-03 3838
5.500000000e-02 1.500000000e-02 6.666666667e-03 3839
5.500000000e-02 1.500000000e-02 8.333333333e-03 3840
5.500000000e-02 1.500000000e-02 1.000000000e-02 3841
5.500000000e-02 1.500000000e-02 1.166666667e-02 3842
5.500000000e-02 1.500000000e-02 1.333333333e-02 3843
5.500000000e-02 1.500000000e-02 1.500000000e-02 3844
5.500000000e-02 1.500000000e-02 1.666666667e-02 3845
5.500000000e-02 1.500000000e-02 1.833333333e-02 3846
5.500000000e-02 1.500000000e-02 2.000000000e-02 3847
5.500000000e-02 1.666666667e-02 0.000000000e+00 3848
5.500000000e-02 1.666666667e-02 1.666666667e-03 3849
5.500000000e-02 1.666666667e-02 3.333333333e-03 3850
5.500000000e-02 1.666666667e-02 5.000000000e-03 3851
5.500000000e-02 1.666666667e-02 6.666666667e-03 3852
5.500000000e-02 1.666666667e-02 8.333333333e-03 3853
5.500000000e-02 1.666666667e-02 1.000000000e-02 3854
5.500000000e-02 1.666666667e-02 1.166666667e-02 3855
5.500000000e-02 1.666666667e-02 1.333333333e-02 3856
5.500000000e-02 1.666666667e-02 1.500000000e-02 3857
5.500000000e-02 1.666666667e-02 1.666666667e-02 3858
5.500000000e-02 1.666666667e-02 1.833333333e-02 3859
5.500000000e-02 1.666666667e-02 2.000000000e-02 3860
5.500000000e-02 1.833333333e-02 0.000000000e+00 3861
5.500000000e-02 1.833333333e-02 1.666666667e-03 3862
5.500000000e-02 1.833333333e-02 3.333333333e-03 3863
5.500000000e-02 1.833333333e-02 5.000000000e-03 3864
5.500000000e-02 1.833333333e-02 6.666666667e-03 3865
5.500000000e-02 1.833333333e-02 8.333333333e-03 3866
5.500000000e-02 1.833333333e-02 1.000000000e-02 3867
5.500000000e-02 1.833333333e-02 1.166666667e-02 3868
5.500000000e-02 1.833333333e-02 1.333333333e-02 3869
5.500000000e-02 1.833333333e-02 1.500000000e-02 3870
5.500000000e-02 1.833333333e-02 1.666666667e-02 3871
5.500000000e-02 1.833333333e-02 1.833333333e-02 3872
5.500000000e-02 1.833333333e-02 2.000000000e-02 3873
5.500000000e-02 2.000000000e-02 0.000000000e+00 3874
5.500000000e-02 2.000000000e-02 1.666666667e-03 3875
5.500000000e-02 2.000000000e-02 3.333333333e-03 3876
5.500000000e-02 2.000000000e-02 5.000000000e-03 3877
5.500000000e-02 2.000000000e-02 6.666666667e-03 3878
5.500000000e-02 2.000000000e-02 8.333333333e-03 3879
5.500000000e-02 2.000000000e-02 1.000000000e-02 3880
5.500000000e-02 2.000000000e-02 1.166666667e-02 3881
5.500000000e-02 2.000000000e-02 1.333333333e-02 3882
5.500000000e-02 2.000000000e-02 1.500000000e-02 3883
5.500000000e-02 2.000000000e-02 1.666666667e-02 3884
5.500000000e-02 2.000000000e-02 1.833333333e-02 3885
5.500000000e-02 2.000000000e-02 2.000000000e-02 3886
5.750000000e-02 0.000000000e+00 0.000000000e+00 3887
5.750000000e-02 0.000000000e+00 1.666666667e-03 3888
5.750000000e-02 0.000000000e+00 3.333333333e-03 3889
5.750000000e-02 0.000000000e+00 5.000000000e-03 3890
5.750000000e-02 0.000000000e+00 6.666666667e-03 3891
5.750000000e-02 0.000000000e+00 8.333333333e-03 3892
5.750000000e-02 0.000000000e+00 1.000000000e-02 3893
5.750000000e-02 0.000000000e+00 1.166666667e-02 3894
5.750000000e-02 0.000000000e+00 1.333333333e-02 3895
5.750000000e-02 0.000000000e+00 1.500000000e-02 3896
5.750000000e-02 0.000000000e+00 1.666666667e-02 3897
5.750000000e-02 0.000000000e+00 1.833333333e-02 3898
5.750000000e-02 0.000000000e+00 2.000000000e-02 3899
5.750000000e-02 1.666666667e-03 0.000000000e+00 3900
5.750000000e-02 1.666666667e-03 1.666666667e-03 3901
5.750000000e-02 1.666666667e-03 3.333333333e-03 3902
5.750000000e-02 1.666666667e-03 5.000000000e-03 3903
5.750000000e-02 1.666666667e-03 6.666666667e-03 3904
5.750000000e-02 1.666666667e-03 8.333333333e-03 3905
5.750000000e-02 1.666666667e-03 1.000000000e-02 3906
5.750000000e-02 1.666666667e-03 1.166666667e-02 3907
5.750000000e-02 1.666666667e-03 1.333333333e-02 3908
5.750000000e-02 1.666666667e-03 1.500000000e-02 3909
5.750000000e-02 1.666666667e-03 1.666666667e-02 3910
5.750000000e-02 1.666666667e-03 1.833333333e-02 3911
5.750000000e-02 1.666666667e-03 2.000000000e-02 3912
5.750000000e-02 3.333333333e-03 0.000000000e+00 3913
5.750000000e-02 3.333333333e-03 1.666666667e-03 3914
5.750000000e-02 3.333333333e-03 3.333333333e-03 3915
5.750000000e-02 3.333333333e-03 5.000000000e-03 3916
5.750000000e-02 3.333333333e-03 6.666666667e-03 3917
5.750000000e-02 3.333333333e-03 8.333333333e-03 3918
5.750000000e-02 3.333333333e-03 1.000000000e-02 3919
5.750000000e-02 3.333333333e-03 1.166666667e-02 3920
5.750000000e-02 3.333333333e-03 1.333333333e-02 3921
5.750000000e-02 3.333333333e-03 1.500000000e-02 3922
5.750000000e-02 3.333333333e-03 1.666666667e-02 3923
5.750000000e-02 3.333333333e-03 1.833333333e-02 3924
5.750000000e-02 3.333333333e-03 2.000000000e-02 3925
5.750000000e-02 5.000000000e-03 0.000000000e+00 3926
5.750000000e-02 5.000000000e-03 1.666666667e-03 3927
5.750000000e-02 5.000000000e-03 3.333333333e-03 3928
5.750000000e-02 5.000000000e-03 5.000000000e-03 3929
5.750000000e-02 5.000000000e-03 6.666666667e-03 3930
5.750000000e-02 5.000000000e-03 8.333333333e-03 3931
5.750000000e-02 5.000000000e-03 1.000000000e-02 3932
5.750000000e-02 5.000000000e-03 1.166666667e-02 3933
5.750000000e-02 5.000000000e-03 1.333333333e-02 3934
5.750000000e-02 5.000000000e-03 1.500000000e-02 3935
5.750000000e-02 5.000000000e-03 1.666666667e-02 3936
5.750000000e-02 5.000000000e-03 1.833333333e-02 3937
5.750000000e-02 5.000000000e-03 2.000000000e-02 3938
5.750000000e-02 6.666666667e-03 0.000000000e+00 3939
5.750000000e-02 6.666666667e-03 1.666666667e-03 3940
5.750000000e-02 6.666666667e-03 3.333333333e-03 3941
5.750000000e-02 6.666666667e-03 5.000000000e-03 3942
5.750000000e-02 6.666666667e-03 6.666666667e-03 3943
5.750000000e-02 6.666666667e-03 8.333333333e-03 3944
5.750000000e-02 6.666666667e-03 1.000000000e-02 3945
5.750000000e-02 6.666666667e-03 1.166666667e-02 3946
5.750000000e-02 6.666666667e-03 1.333333333e-02 3947
5.750000000e-02 6.666666667e-03 1.500000000e-02 3948
5.750000000e-02 6.666666667e-03 1.666666667e-02 3949
5.750000000e-02 6.666666667e-03 1.833333333e-02 3950
5.750000000e-02 6.666666667e-03 2.000000000e-02 3951
5.750000000e-02 8.333333333e-03 0.000000000e+00 3952
5.750000000e-02 8.333333333e-03 1.666666667e-03 3953
5.750000000e-02 8.333333333e-03 3.333333333e-03 3954
5.750000000e-02 8.333333333e-03 5.000000000e-03 3955
5.750000000e-02 8.333333333e-03 6.666666667e-03 3956
5.750000000e-02 8.333333333e-03 8.333333333e-03 3957
5.750000000e-02 8.333333333e-03 1.000000000e-02 3958
5.750000000e-02 8.333333333e-03 1.166666667e-02 3959
5.750000000e-02 8.333333333e-03 1.333333333e-02 3960
5.750000000e-02 8.333333333e-03 1.500000000e-02 3961
5.750000000e-02 8.333333333e-03 1.666666667e-02 3962
5.750000000e-02 8.333333333e-03 1.833333333e-02 3963
5.750000000e-02 8.333333333e-03 2.000000000e-02 3964
5.750000000e-02 1.000000000e-02 0.000000000e+00 3965
5.750000000e-02 1.000000000e-02 1.666666667e-03 3966
5.750000000e-02 1.000000000e-02 3.333333333e-03 3967
5.750000000e-02 1.000000000e-02 5.000000000e-03 3968
5.750000000e-02 1.000000000e-02 6.666666667e-03 3969
5.750000000e-02 1.000000000e-02 8.333333333e-03 3970
5.750000000e-02 1.000000000e-02 1.000000000e-02 3971
5.750000000e-02 1.000000000e-02 1.166666667e-02 3972
5.750000000e-02 1.000000000e-02 1.333333333e-02 3973
5.750000000e-02 1.000000000e-02 1.500000000e-02 3974
5.750000000e-02 1.000000000e-02 1.666666667e-02 3975
5.750000000e-02 1.000000000e-02 1.833333333e-02 3976
5.750000000e-02 1.000000000e-02 2.000000000e-02 3977
5.750000000e-02 1.166666667e-02 0.000000000e+00 3978
5.750000000e-02 1.166666667e-02 1.666666667e-03 3979
5.750000000e-02 1.166666667e-02 3.333333333e-03 3980
5.750000000e-02 1.166666667e-02 5.000000000e-03 3981
5.750000000e-02 1.166666667e-02 6.666666667e-03 3982
5.750000000e-02 1.166666667e-02 8.333333333e-03 3983
5.750000000e-02 1.166666667e-02 1.000000000e-02 3984
5.750000000e-02 1.166666667e-02 1.166666667e-02 3985
5.750000000e-02 1.166666667e-02 1.333333333e-02 3986
5.750000000e-02 1.166666667e-02 1.500000000e-02 3987
5.750000000e-02 1.166666667e-02 1.666666667e-02 3988
5.750000000e-02 1.166666667e-02 1.833333333e-02 3989
5.750000000e-02 1.166666667e-02 2.000000000e-02 3990
5.750000000e-02 1.333333333e-02 0.000000000e+00 3991
5.750000000e-02 1.333333333e-02 1.666666667e-03 3992
5.750000000e-02 1.333333333e-02 3.333333333e-03 3993
5.750000000e-02 1.333333333e-02 5.000000000e-03 3994
5.750000000e-02 1.333333333e-02 6.666666667e-03 3995
5.750000000e-02 1.333333333e-02 8.333333333e-03 3996
5.750000000e-02 1.333333333e-02 1.000000000e-02 3997
5.750000000e-02 1.333333333e-02 1.166666667e-02 3998
5.750000000e-02 1.333333333e-02 1.333333333e-02 3999
5.750000000e-02 1.333333333e-02 1.500000000e-02 4000
5.750000000e-02 1.333333333e-02 1.666666667e-02 4001
5.750000000e-02 1.333333333e-02 1.833333333e-02 4002
5.750000000e-02 1.333333333e-02 2.000000000e-02 4003
5.750000000e-02 1.500000000e-02 0.000000000e+00 4004
5.750000000e-02 1.500000000e-02 1.666666667e-03 4005
5.750000000e-02 1.500000000e-02 3.333333333e-03 4006
5.750000000e-02 1.500000000e-02 5.000000000e-03 4007
5.750000000e-02 1.500000000e-02 6.666666667e-03 4008
5.750000000e-02 1.500000000e-02 8.333333333e-03 4009
5.750000000e-02 1.500000000e-02 1.000000000e-02 4010
5.750000000e-02 1.500000000e-02 1.166666667e-02 4011
5.750000000e-02 1.500000000e-02 1.333333333e-02 4012
5.750000000e-02 1.500000000e-02 1.500000000e-02 4013
5.750000000e-02 1.500000000e-02 1.666666667e-02 4014
5.750000000e-02 1.500000000e-02 1.833333333e-02 4015
5.750000000e-02 1.500000000e-02 2.000000000e-02 4016
5.750000000e-02 1.666666667e-02 0.000000000e+00 4017
5.750000000e-02 1.666666667e-02 1.666666667e-03 4018
5.750000000e-02 1.666666667e-02 3.333333333e-03 4019
5.750000000e-02 1.666666667e-02 5.000000000e-03 4020
5.750000000e-02 1.666666667e-02 6.666666667e-03 4021
5.750000000e-02 1.666666667e-02 8.333333333e-03 4022
5.750000000e-02 1.666666667e-02 1.000000000e-02 4023
5.750000000e-02 1.666666667e-02 1.166666667e-02 4024
5.750000000e-02 1.666666667e-02 1.333333333e-02 4025
5.750000000e-02 1.666666667e-02 1.500000000e-02 4026
5.750000000e-02 1.666666667e-02 1.666666667e-02 4027
5.750000000e-02 1.666666667e-02 1.833333333e-02 4028
5.750000000e-02 1.666666667e-02 2.000000000e-02 4029
5.750000000e-02 1.833333333e-02 0.000000000e+00 4030
5.750000000e-02 1.833333333e-02 1.666666667e-03 4031
5.750000000e-02 1.833333333e-02 3.333333333e-03 4032
5.750000000e-02 1.833333333e-02 5.000000000e-03 4033
5.750000000e-02 1.833333333e-02 6.666666667e-03 4034
5.750000000e-02 1.833333333e-02 8.333333333e-03 4035
5.750000000e-02 1.833333333e-02 1.000000000e-02 4036
5.750000000e-02 1.833333333e-02 1.166666667e-02 4037
5.750000000e-02 1.833333333e-02 1.333333333e-02 4038
5.750000000e-02 1.833333333e-02 1.500000000e-02 4039
5.750000000e-02 1.833333333e-02 1.666666667e-02 4040
5.750000000e-02 1.833333333e-02 1.833333333e-02 4041
5.750000000e-02 1.833333333e-02 2.000000000e-02 4042
5.750000000e-02 2.000000000e-02 0.000000000e+00 4043
5.750000000e-02 2.000000000e-02 1.666666667e-03 4044
5.750000000e-02 2.000000000e-02 3.333333333e-03 4045
5.750000000e-02 2.000000000e-02 5.000000000e-03 4046
5.750000000e-02 2.000000000e-02 6.666666667e-03 4047
5.750000000e-02 2.000000000e-02 8.333333333e-03 4048
5.750000000e-02 2.000000000e-02 1.000000000e-02 4049
5.750000000e-02 2.000000000e-02 1.166666667e-02 4050
5.750000000e-02 2.000000000e-02 1.333333333e-02 4051
5.750000000e-02 2.000000000e-02 1.500000000e-02 4052
5.750000000e-02 2.000000000e-02 1.666666667e-02 4053
5.750000000e-02 2.000000000e-02 1.833333333e-02 4054
5.750000000e-02 2.000000000e-02 2.000000000e-02 4055
6.000000000e-02 0.000000000e+00 0.000000000e+00 4056
6.000000000e-02 0.000000000e+00 1.666666667e-03 4057
6.000000000e-02 0.000000000e+00 3.333333333e-03 4058
6.000000000e-02 0.000000000e+00 5.000000000e-03 4059
6.000000000e-02 0.000000000e+00 6.666666667e-03 4060
6.000000000e-02 0.000000000e+00 8.333333333e-03 4061
6.000000000e-02 0.000000000e+00 1.000000000e-02 4062
6.000000000e-02 0.000000000e+00 1.166666667e-02 4063
6.000000000e-02 0.000000000e+00 1.333333333e-02 4064
6.000000000e-02 0.000000000e+00 1.500000000e-02 4065
6.000000000e-02 0.000000000e+00 1.666666667e-02 4066
6.000000000e-02 0.000000000e+00 1.833333333e-02 4067
6.000000000e-02 0.000000000e+00 2.000000000e-02 4068
6.000000000e-02 1.666666667e-03 0.000000000e+00 4069
6.000000000e-02 1.666666667e-03 1.666666667e-03 4070
6.000000000e-02 1.666666667e-03 3.333333333e-03 4071
6.000000000e-02 1.666666667e-03 5.000000000e-03 4072
6.000000000e-02 1.666666667e-03 6.666666667e-03 4073
6.000000000e-02 1.666666667e-03 8.333333333e-03 4074
6.000000000e-02 1.666666667e-03 1.000000000e-02 4075
6.000000000e-02 1.666666667e-03 1.166666667e-02 4076
6.000000000e-02 1.666666667e-03 1.333333333e-02 4077
6.000000000e-02 1.666666667e-03 1.500000000e-02 4078
6.000000000e-02 1.666666667e-03 1.666666667e-02 4079
6.000000000e-02 1.666666667e-03 1.833333333e-02 4080
6.000000000e-02 1.666666667e-03 2.000000000e-02 4081
6.000000000e-02 3.333333333e-03 0.000000000e+00 4082
6.000000000e-02 3.333333333e-03 1.666666667e-03 4083
6.000000000e-02 3.333333333e-03 3.333333333e-03 4084
6.000000000e-02 3.333333333e-03 5.000000000e-03 4085
6.000000000e-02 3.333333333e-03 6.666666667e-03 4086
6.000000000e-02 3.333333333e-03 8.333333333e-03 4087
6.000000000e-02 3.333333333e-03 1.000000000e-02 4088
6.000000000e-02 3.333333333e-03 1.166666667e-02 4089
6.000000000e-02 3.333333333e-03 1.333333333e-02 4090
6.000000000e-02 3.333333333e-03 1.500000000e-02 4091
6.000000000e-02 3.333333333e-03 1.666666667e-02 4092
6.000000000e-02 3.333333333e-03 1.833333333e-02 4093
6.000000000e-02 3.333333333e-03 2.000000000e-02 4094
6.000000000e-02 5.000000000e-03 0.000000000e+00 4095
6.000000000e-02 5.000000000e-03 1.666666667e-03 4096
6.000000000e-02 5.000000000e-03 3.333333333e-03 4097
6.000000000e-02 5.000000000e-03 5.000000000e-03 4098
6.000000000e-02 5.000000000e-03 6.666666667e-03 4099
6.000000000e-02 5.000000000e-03 8.333333333e-03 4100
6.000000000e-02 5.000000000e-03 1.000000000e-02 4101
6.000000000e-02 5.000000000e-03 1.166666667e-02 4102
6.000000000e-02 5.000000000e-03 1.333333333e-02 4103
6.000000000e-02 5.000000000e-03 1.500000000e-02 4104
6.000000000e-02 5.000000000e-03 1.666666667e-02 4105
6.000000000e-02 5.000000000e-03 1.833333333e-02 4106
6.000000000e-02 5.000000000e-03 2.000000000e-02 4107
6.000000000e-02 6.666666667e-03 0.000000000e+00 4108
6.000000000e-02 6.666666667e-03 1.666666667e-03 4109
6.000000000e-02 6.666666667e-03 3.333333333e-03 4110
6.000000000e-02 6.666666667e-03 5.000000000e-03 4111
6.000000000e-02 6.666666667e-03 6.666666667e-03 4112
6.000000000e-02 6.666666667e-03 8.333333333e-03 4113
6.000000000e-02 6.666666667e-03 1.000000000e-02 4114
6.000000000e-02 6.666666667e-03 1.166666667e-02 4115
6.000000000e-02 6.666666667e-03 1.333333333e-02 4116
6.000000000e-02 6.666666667e-03 1.500000000e-02 4117
6.000000000e-02 6.666666667e-03 1.666666667e-02 4118
6.000000000e-02 6.666666667e-03 1.833333333e-02 4119
6.000000000e-02 6.666666667e-03 2.000000000e-02 4120
6.000000000e-02 8.333333333e-03 0.000000000e+00 4121
6.000000000e-02 8.333333333e-03 1.666666667e-03 4122
6.000000000e-02 8.333333333e-03 3.333333333e-03 4123
6.000000000e-02 8.333333333e-03 5.000000000e-03 4124
6.000000000e-02 8.333333333e-03 6.666666667e-03 4125
6.000000000e-02 8.333333333e-03 8.333333333e-03 4126
6.000000000e-02 8.333333333e-03 1.000000000e-02 4127
6.000000000e-02 8.333333333e-03 1.166666667e-02 4128
6.000000000e-02 8.333333333e-03 1.333333333e-02 4129
6.000000000e-02 8.333333333e-03 1.500000000e-02 4130
6.000000000e-02 8.333333333e-03 1.666666667e-02 4131
6.000000000e-02 8.333333333e-03 1.833333333e-02 4132
6.000000000e-02 8.333333333e-03 2.000000000e-02 4133
6.000000000e-02 1.000000000e-02 0.000000000e+00 4134
6.000000000e-02 1.000000000e-02 1.666666667e-03 4135
6.000000000e-02 1.000000000e-02 3.333333333e-03 4136
6.000000000e-02 1.000000000e-02 5.000000000e-03 4137
6.000000000e-02 1.000000000e-02 6.666666667e-03 4138
6.000000000e-02 1.000000000e-02 8.333333333e-03 4139
6.000000000e-02 1.000000000e-02 1.000000000e-02 4140
6.000000000e-02 1.000000000e-02 1.166666667e-02 4141
6.000000000e-02 1.000000000e-02 1.333333333e-02 4142
6.000000000e-02 1.000000000e-02 1.500000000e-02 4143
6.000000000e-02 1.000000000e-02 1.666666667e-02 4144
6.000000000e-02 1.000000000e-02 1.833333333e-02 4145
6.000000000e-02 1.000000000e-02 2.000000000e-02 4146
6.000000000e-02 1.166666667e-02 0.000000000e+00 4147
6.000000000e-02 1.166666667e-02 1.666666667e-03 4148
6.000000000e-02 1.166666667e-02 3.333333333e-03 4149
6.000000000e-02 1.166666667e-02 5.000000000e-03 4150
6.000000000e-02 1.166666667e-02 6.666666667e-03 4151
6.000000000e-02 1.166666667e-02 8.333333333e-03 4152
6.000000000e-02 1.166666667e-02 1.000000000e-02 4153
6.000000000e-02 1.166666667e-02 1.166666667e-02 4154
6.000000000e-02 1.166666667e-02 1.333333333e-02 4155
6.000000000e-02 1.166666667e-02 1.500000000e-02 4156
6.000000000e-02 1.166666667e-02 1.666666667e-02 4157
6.000000000e-02 1.166666667e-02 1.833333333e-02 4158
6.000000000e-02 1.166666667e-02 2.000000000e-02 4159
6.000000000e-02 1.333333333e-02 0.000000000e+00 4160
6.000000000e-02 1.333333333e-02 1.666666667e-03 4161
6.000000000e-02 1.333333333e-02 3.333333333e-03 4162
6.000000000e-02 1.333333333e-02 5.000000000e-03 4163
6.000000000e-02 1.333333333e-02 6.666666667e-03 4164
6.000000000e-02 1.333333333e-02 8.333333333e-03 4165
6.000000000e-02 1.333333333e-02 1.000000000e-02 4166
6.000000000e-02 1.333333333e-02 1.166666667e-02 4167
6.000000000e-02 1.333333333e-02 1.333333333e-02 4168
6.000000000e-02 1.333333333e-02 1.500000000e-02 4169
6.000000000e-02 1.333333333e-02 1.666666667e-02 4170
6.000000000e-02 1.333333333e-02 1.833333333e-02 4171
6.000000000e-02 1.333333333e-02 2.000000000e-02 4172
6.000000000e-02 1.500000000e-02 0.000000000e+00 4173
6.000000000e-02 1.500000000e-02 1.666666667e-03 4174
6.000000000e-02 1.500000000e-02 3.333333333e-03 4175
6.000000000e-02 1.500000000e-02 5.000000000e-03 4176
6.000000000e-02 1.500000000e-02 6.666666667e-03 4177
6.000000000e-02 1.500000000e-02 8.333333333e-03 4178
6.000000000e-02 1.500000000e-02 1.000000000e-02 4179
6.000000000e-02 1.500000000e-02 1.166666667e-02 4180
6.000000000e-02 1.500000000e-02 1.333333333e-02 4181
6.000000000e-02 1.500000000e-02 1.500000000e-02 4182
6.000000000e-02 1.500000000e-02 1.666666667e-02 4183
6.000000000e-02 1.500000000e-02 1.833333333e-02 4184
6.000000000e-02 1.500000000e-02 2.000000000e-02 4185
6.000000000e-02 1.666666667e-02 0.000000000e+00 4186
6.000000000e-02 1.666666667e-02 1.666666667e-03 4187
6.000000000e-02 1.666666667e-02 3.333333333e-03 4188
6.000000000e-02 1.666666667e-02 5.000000000e-03 4189
6.000000000e-02 1.666666667e-02 6.666666667e-03 4190
6.000000000e-02 1.666666667e-02 8.333333333e-03 4191
6.000000000e-02 1.666666667e-02 1.000000000e-02 4192
6.000000000e-02 1.666666667e-02 1.166666667e-02 4193
6.000000000e-02 1.666666667e-02 1.333333333e-02 4194
6.000000000e-02 1.666666667e-02 1.500000000e-02 4195
6.000000000e-02 1.666666667e-02 1.666666667e-02 4196
6.000000000e-02 1.666666667e-02 1.833333333e-02 4197
6.000000000e-02 1.666666667e-02 2.000000000e-02 4198
6.000000000e-02 1.833333333e-02 0.000000000e+00 4199
6.000000000e-02 1.833333333e-02 1.666666667e-03 4200
6.000000000e-02 1.833333333e-02 3.333333333e-03 4201
6.000000000e-02 1.833333333e-02 5.000000000e-03 4202
6.000000000e-02 1.833333333e-02 6.666666667e-03 4203
6.000000000e-02 1.833333333e-02 8.333333333e-03 4204
6.000000000e-02 1.833333333e-02 1.000000000e-02 4205
6.000000000e-02 1.833333333e-02 1.166666667e-02 4206
6.000000000e-02 1.833333333e-02 1.333333333e-02 4207
6.000000000e-02 1.833333333e-02 1.500000000e-02 4208
6.000000000e-02 1.833333333e-02 1.666666667e-02 4209
6.000000000e-02 1.833333333e-02 1.833333333e-02 4210
6.000000000e-02 1.833333333e-02 2.000000000e-02 4211
6.000000000e-02 2.000000000e-02 0.000000000e+00 4212
6.000000000e-02 2.000000000e-02 1.666666667e-03 4213
6.000000000e-02 2.000000000e-02 3.333333333e-03 4214
6.000000000e-02 2.000000000e-02 5.000000000e-03 4215
6.000000000e-02 2.000000000e-02 6.666666667e-03 4216
6.000000000e-02 2.000000000e-02 8.333333333e-03 4217
6.000000000e-02 2.000000000e-02 1.000000000e-02 4218
6.000000000e-02 2.000000000e-02 1.166666667e-02 4219
6.000000000e-02 2.000000000e-02 1.333333333e-02 4220
6.000000000e-02 2.000000000e-02 1.500000000e-02 4221
6.000000000e-02 2.000000000e-02 1.666666667e-02 4222
6.000000000e-02 2.000000000e-02 1.833333333e-02 4223
6.000000000e-02 2.000000000e-02 2.000000000e-02 4224
6.250000000e-02 0.000000000e+00 0.000000000e+00 4225
6.250000000e-02 0.000000000e+00 1.666666667e-03 4226
6.250000000e-02 0.000000000e+00 3.333333333e-03 4227
6.250000000e-02 0.000000000e+00 5.000000000e-03 4228
6.250000000e-02 0.000000000e+00 6.666666667e-03 4229
6.250000000e-02 0.000000000e+00 8.333333333e-03 4230
6.250000000e-02 0.000000000e+00 1.000000000e-02 4231
6.250000000e-02 0.000000000e+00 1.166666667e-02 4232
6.250000000e-02 0.000000000e+00 1.333333333e-02 4233
6.250000000e-02 0.000000000e+00 1.500000000e-02 4234
6.250000000e-02 0.000000000e+00 1.666666667e-02 4235
6.250000000e-02 0.000000000e+00 1.833333333e-02 4236
6.250000000e-02 0.000000000e+00 2.000000000e-02 4237
6.250000000e-02 1.666666667e-03 0.000000000e+00 4238
6.250000000e-02 1.666666667e-03 1.666666667e-03 4239
6.250000000e-02 1.666666667e-03 3.333333333e-03 4240
6.250000000e-02 1.666666667e-03 5.000000000e-03 4241
6.250000000e-02 1.666666667e-03 6.666666667e-03 4242
6.250000000e-02 1.666666667e-03 8.333333333e-03 4243
6.250000000e-02 1.666666667e-03 1.000000000e-02 4244
6.250000000e-02 1.666666667e-03 1.166666667e-02 4245
6.250000000e-02 1.666666667e-03 1.333333333e-02 4246
6.250000000e-02 1.666666667e-03 1.500000000e-02 4247
6.250000000e-02 1.666666667e-03 1.666666667e-02 4248
6.250000000e-02 1.666666667e-03 1.833333333e-02 4249
6.250000000e-02 1.666666667e-03 2.000000000e-02 4250
6.250000000e-02 3.333333333e-03 0.000000000e+00 4251
6.250000000e-02 3.333333333e-03 1.666666667e-03 4252
6.250000000e-02 3.333333333e-03 3.333333333e-03 4253
6.250000000e-02 3.333333333e-03 5.000000000e-03 4254
6.250000000e-02 3.333333333e-03 6.666666667e-03 4255
6.250000000e-02 3.333333333e-03 8.333333333e-03 4256
6.250000000e-02 3.333333333e-03 1.000000000e-02 4257
6.250000000e-02 3.333333333e-03 1.166666667e-02 4258
6.250000000e-02 3.333333333e-03 1.333333333e-02 4259
6.250000000e-02 3.333333333e-03 1.500000000e-02 4260
6.250000000e-02 3.333333333e-03 1.666666667e-02 4261
6.250000000e-02 3.333333333e-03 1.833333333e-02 4262
6.250000000e-02 3.333333333e-03 2.000000000e-02 4263
6.250000000e-02 5.000000000e-03 0.000000000e+00 4264
6.250000000e-02 5.000000000e-03 1.666666667e-03 4265
6.250000000e-02 5.000000000e-03 3.333333333e-03 4266
6.250000000e-02 5.000000000e-03 5.000000000e-03 4267
6.250000000e-02 5.000000000e-03 6.666666667e-03 4268
6.250000000e-02 5.000000000e-03 8.333333333e-03 4269
6.250000000e-02 5.000000000e-03 1.000000000e-02 4270
6.250000000e-02 5.000000000e-03 1.166666667e-02 4271
6.250000000e-02 5.000000000e-03 1.333333333e-02 4272
6.250000000e-02 5.000000000e-03 1.500000000e-02 4273
6.250000000e-02 5.000000000e-03 1.666666667e-02 4274
6.250000000e-02 5.000000000e-03 1.833333333e-02 4275
6.250000000e-02 5.000000000e-03 2.000000000e-02 4276
6.250000000e-02 6.666666667e-03 0.000000000e+00 4277
6.250000000e-02 6.666666667e-03 1.666666667e-03 4278
6.250000000e-02 6.666666667e-03 3.333333333e-03 4279
6.250000000e-02 6.666666667e-03 5.000000000e-03 4280
6.250000000e-02 6.666666667e-03 6.666666667e-03 4281
6.250000000e-02 6.666666667e-03 8.333333333e-03 4282
6.250000000e-02 6.666666667e-03 1.000000000e-02 4283
6.250000000e-02 6.666666667e-03 1.166666667e-02 4284
6.250000000e-02 6.666666667e-03 1.333333333e-02 4285
6.250000000e-02 6.666666667e-03 1.500000000e-02 4286
6.250000000e-02 6.666666667e-03 1.666666667e-02 4287
6.250000000e-02 6.666666667e-03 1.833333333e-02 4288
6.250000000e-02 6.666666667e-03 2.000000000e-02 4289
6.250000000e-02 8.333333333e-03 0.000000000e+00 4290
6.250000000e-02 8.333333333e-03 1.666666667e-03 4291
6.250000000e-02 8.333333333e-03 3.333333333e-03 4292
6.250000000e-02 8.333333333e-03 5.000000000e-03 4293
6.250000000e-02 8.333333333e-03 6.666666667e-03 4294
6.250000000e-02 8.333333333e-03 8.333333333e-03 4295
6.250000000e-02 8.333333333e-03 1.000000000e-02 4296
6.250000000e-02 8.333333333e-03 1.166666667e-02 4297
6.250000000e-02 8.333333333e-03 1.333333333e-02 4298
6.250000000e-02 8.333333333e-03 1.500000000e-02 4299
6.250000000e-02 8.333333333e-03 1.666666667e-02 4300
6.250000000e-02 8.333333333e-03 1.833333333e-02 4301
6.250000000e-02 8.333333333e-03 2.000000000e-02 4302
6.250000000e-02 1.000000000e-02 0.000000000e+00 4303
6.250000000e-02 1.000000000e-02 1.666666667e-03 4304
6.250000000e-02 1.000000000e-02 3.333333333e-03 4305
6.250000000e-02 1.000000000e-02 5.000000000e-03 4306
6.250000000e-02 1.000000000e-02 6.666666667e-03 4307
6.250000000e-02 1.000000000e-02 8.333333333e-03 4308
6.250000000e-02 1.000000000e-02 1.000000000e-02 4309
6.250000000e-02 1.000000000e-02 1.166666667e-02 4310
6.250000000e-02 1.000000000e-02 1.333333333e-02 4311
6.250000000e-02 1.000000000e-02 1.500000000e-02 4312
6.250000000e-02 1.000000000e-02 1.666666667e-02 4313
6.250000000e-02 1.000000000e-02 1.833333333e-02 4314
6.250000000e-02 1.000000000e-02 2.000000000e-02 4315
6.250000000e-02 1.166666667e-02 0.000000000e+00 4316
6.250000000e-02 1.166666667e-02 1.666666667e-03 4317
6.250000000e-02 1.166666667e-02 3.333333333e-03 4318
6.250000000e-02 1.166666667e-02 5.000000000e-03 4319
6.250000000e-02 1.166666667e-02 6.666666667e-03 4320
6.250000000e-02 1.166666667e-02 8.333333333e-03 4321
6.250000000e-02 1.166666667e-02 1.000000000e-02 4322
6.250000000e-02 1.166666667e-02 1.166666667e-02 4323
6.250000000e-02 1.166666667e-02 1.333333333e-02 4324
6.250000000e-02 1.166666667e-02 1.500000000e-02 4325
6.250000000e-02 1.166666667e-02 1.666666667e-02 4326
6.250000000e-02 1.166666667e-02 1.833333333e-02 4327
6.250000000e-02 1.166666667e-02 2.000000000e-02 4328
6.250000000e-02 1.333333333e-02 0.000000000e+00 4329
6.250000000e-02 1.333333333e-02 1.666666667e-03 4330
6.250000000e-02 1.333333333e-02 3.333333333e-03 4331
6.250000000e-02 1.333333333e-02 5.000000000e-03 4332
6.250000000e-02 1.333333333e-02 6.666666667e-03 4333
6.250000000e-02 1.333333333e-02 8.333333333e-03 4334
6.250000000e-02 1.333333333e-02 1.000000000e-02 4335
6.250000000e-02 1.333333333e-02 1.166666667e-02 4336
6.250000000e-02 1.333333333e-02 1.333333333e-02 4337
6.250000000e-02 1.333333333e-02 1.500000000e-02 4338
6.250000000e-02 1.333333333e-02 1.666666667e-02 4339
6.250000000e-02 1.333333333e-02 1.833333333e-02 4340
6.250000000e-02 1.333333333e-02 2.000000000e-02 4341
6.250000000e-02 1.500000000e-02 0.000000000e+00 4342
6.250000000e-02 1.500000000e-02 1.666666667e-03 4343
6.250000000e-02 1.500000000e-02 3.333333333e-03 4344
6.250000000e-02 1.500000000e-02 5.000000000e-03 4345
6.250000000e-02 1.500000000e-02 6.666666667e-03 4346
6.250000000e-02 1.500000000e-02 8.333333333e-03 4347
6.250000000e-02 1.500000000e-02 1.000000000e-02 4348
6.250000000e-02 1.500000000e-02 1.166666667e-02 4349
6.250000000e-02 1.500000000e-02 1.333333333e-02 4350
6.250000000e-02 1.500000000e-02 1.500000000e-02 4351
6.250000000e-02 1.500000000e-02 1.666666667e-02 4352
6.250000000e-02 1.500000000e-02 1.833333333e-02 4353
6.250000000e-02 1.500000000e-02 2.000000000e-02 4354
6.250000000e-02 1.666666667e-02 0.000000000e+00 4355
6.250000000e-02 1.666666667e-02 1.666666667e-03 4356
6.250000000e-02 1.666666667e-02 3.333333333e-03 4357
6.250000000e-02 1.666666667e-02 5.000000000e-03 4358
6.250000000e-02 1.666666667e-02 6.666666667e-03 4359
6.250000000e-02 1.666666667e-02 8.333333333e-03 4360
6.250000000e-02 1.666666667e-02 1.000000000e-02 4361
6.250000000e-02 1.666666667e-02 1.166666667e-02 4362
6.250000000e-02 1.666666667e-02 1.333333333e-02 4363
6.250000000e-02 1.666666667e-02 1.500000000e-02 4364
6.250000000e-02 1.666666667e-02 1.666666667e-02 4365
6.250000000e-02 1.666666667e-02 1.833333333e-02 4366
6.250000000e-02 1.666666667e-02 2.000000000e-02 4367
6.250000000e-02 1.833333333e-02 0.000000000e+00 4368
6.250000000e-02 1.833333333e-02 1.666666667e-03 4369
6.250000000e-02 1.833333333e-02 3.333333333e-03 4370
6.250000000e-02 1.833333333e-02 5.000000000e-03 4371
6.250000000e-02 1.833333333e-02 6.666666667e-03 4372
6.250000000e-02 1.833333333e-02 8.333333333e-03 4373
6.250000000e-02 1.833333333e-02 1.000000000e-02 4374
6.250000000e-02 1.833333333e-02 1.166666667e-02 4375
6.250000000e-02 1.833333333e-02 1.333333333e-02 4376
6.250000000e-02 1.833333333e-02 1.500000000e-02 4377
6.250000000e-02 1.833333333e-02 1.666666667e-02 4378
6.250000000e-02 1.833333333e-02 1.833333333e-02 4379
6.250000000e-02 1.833333333e-02 2.000000000e-02 4380
6.250000000e-02 2.000000000e-02 0.000000000e+00 4381
6.250000000e-02 2.000000000e-02 1.666666667e-03 4382
6.250000000e-02 2.000000000e-02 3.333333333e-03 4383
6.250000000e-02 2.000000000e-02 5.000000000e-03 4384
6.250000000e-02 2.000000000e-02 6.666666667e-03 4385
6.250000000e-02 2.000000000e-02 8.333333333e-03 4386
6.250000000e-02 2.000000000e-02 1.000000000e-02 4387
6.250000000e-02 2.000000000e-02 1.166666667e-02 4388
6.250000000e-02 2.000000000e-02 1.333333333e-02 4389
6.250000000e-02 2.000000000e-02 1.500000000e-02 4390
6.250000000e-02 2.000000000e-02 1.666666667e-02 4391
6.250000000e-02 2.000000000e-02 1.833333333e-02 4392
6.250000000e-02 2.000000000e-02 2.000000000e-02 4393
6.500000000e-02 0.000000000e+00 0.000000000e+00 4394
6.500000000e-02 0.000000000e+00 1.666666667e-03 4395
6.500000000e-02 0.000000000e+00 3.333333333e-03 4396
6.500000000e-02 0.000000000e+00 5.000000000e-03 4397
6.500000000e-02 0.000000000e+00 6.666666667e-03 4398
6.500000000e-02 0.000000000e+00 8.333333333e-03 4399
6.500000000e-02 0.000000000e+00 1.000000000e-02 4400
6.500000000e-02 0.000000000e+00 1.166666667e-02 4401
6.500000000e-02 0.000000000e+00 1.333333333e-02 4402
6.500000000e-02 0.000000000e+00 1.500000000e-02 4403
6.500000000e-02 0.000000000e+00 1.666666667e-02 4404
6.500000000e-02 0.000000000e+00 1.833333333e-02 4405
6.500000000e-02 0.000000000e+00 2.000000000e-02 4406
6.500000000e-02 1.666666667e-03 0.000000000e+00 4407
6.500000000e-02 1.666666667e-03 1.666666667e-03 4408
6.500000000e-02 1.666666667e-03 3.333333333e-03 4409
6.500000000e-02 1.666666667e-03 5.000000000e-03 4410
6.500000000e-02 1.666666667e-03 6.666666667e-03 4411
6.500000000e-02 1.666666667e-03 8.333333333e-03 4412
6.500000000e-02 1.666666667e-03 1.000000000e-02 4413
6.500000000e-02 1.666666667e-03 1.166666667e-02 4414
6.500000000e-02 1.666666667e-03 1.333333333e-02 4415
6.500000000e-02 1.666666667e-03 1.500000000e-02 4416
6.500000000e-02 1.666666667e-03 1.666666667e-02 4417
6.500000000e-02 1.666666667e-03 1.833333333e-02 4418
6.500000000e-02 1.666666667e-03 2.000000000e-02 4419
6.500000000e-02 3.333333333e-03 0.000000000e+00 4420
6.500000000e-02 3.333333333e-03 1.666666667e-03 4421
6.500000000e-02 3.333333333e-03 3.333333333e-03 4422
6.500000000e-02 3.333333333e-03 5.000000000e-03 4423
6.500000000e-02 3.333333333e-03 6.666666667e-03 4424
6.500000000e-02 3.333333333e-03 8.333333333e-03 4425
6.500000000e-02 3.333333333e-03 1.000000000e-02 4426
6.500000000e-02 3.333333333e-03 1.166666667e-02 4427
6.500000000e-02 3.333333333e-03 1.333333333e-02 4428
6.500000000e-02 3.333333333e-03 1.500000000e-02 4429
6.500000000e-02 3.333333333e-03 1.666666667e-02 4430
6.500000000e-02 3.333333333e-03 1.833333333e-02 4431
6.500000000e-02 3.333333333e-03 2.000000000e-02 4432
6.500000000e-02 5.000000000e-03 0.000000000e+00 4433
6.500000000e-02 5.000000000e-03 1.666666667e-03 4434
6.500000000e-02 5.000000000e-03 3.333333333e-03 4435
6.500000000e-02 5.000000000e-03 5.000000000e-03 4436
6.500000000e-02 5.000000000e-03 6.666666667e-03 4437
6.500000000e-02 5.000000000e-03 8.333333333e-03 4438
6.500000000e-02 5.000000000e-03 1.000000000e-02 4439
6.500000000e-02 5.000000000e-03 1.166666667e-02 4440
6.500000000e-02 5.000000000e-03 1.333333333e-02 4441
6.500000000e-02 5.000000000e-03 1.500000000e-02 4442
6.500000000e-02 5.000000000e-03 1.666666667e-02 4443
6.500000000e-02 5.000000000e-03 1.833333333e-02 4444
6.500000000e-02 5.000000000e-03 2.000000000e-02 4445
6.500000000e-02 6.666666667e-03 0.000000000e+00 4446
6.500000000e-02 6.666666667e-03 1.666666667e-03 4447
6.500000000e-02 6.666666667e-03 3.333333333e-03 4448
6.500000000e-02 6.666666667e-03 5.000000000e-03 4449
6.500000000e-02 6.666666667e-03 6.666666667e-03 4450
6.500000000e-02 6.666666667e-03 8.333333333e-03 4451
6.500000000e-02 6.666666667e-03 1.000000000e-02 4452
6.500000000e-02 6.666666667e-03 1.166666667e-02 4453
6.500000000e-02 6.666666667e-03 1.333333333e-02 4454
6.500000000e-02 6.666666667e-03 1.500000000e-02 4455
6.500000000e-02 6.666666667e-03 1.666666667e-02 4456
6.500000000e-02 6.666666667e-03 1.833333333e-02 4457
6.500000000e-02 6.666666667e-03 2.000000000e-02 4458
6.500000000e-02 8.333333333e-03 0.000000000e+00 4459
6.500000000e-02 8.333333333e-03 1.666666667e-03 4460
6.500000000e-02 8.333333333e-03 3.333333333e-03 4461
6.500000000e-02 8.333333333e-03 5.000000000e-03 4462
6.500000000e-02 8.333333333e-03 6.666666667e-03 4463
6.500000000e-02 8.333333333e-03 8.333333333e-03 4464
6.500000000e-02 8.333333333e-03 1.000000000e-02 4465
6.500000000e-02 8.333333333e-03 1.166666667e-02 4466
6.500000000e-02 8.333333333e-03 1.333333333e-02 4467
6.500000000e-02 8.333333333e-03 1.500000000e-02 4468
6.500000000e-02 8.333333333e-03 1.666666667e-02 4469
6.500000000e-02 8.333333333e-03 1.833333333e-02 4470
6.500000000e-02 8.333333333e-03 2.000000000e-02 4471
6.500000000e-02 1.000000000e-02 0.000000000e+00 4472
6.500000000e-02 1.000000000e-02 1.666666667e-03 4473
6.500000000e-02 1.000000000e-02 3.333333333e-03 4474
6.500000000e-02 1.000000000e-02 5.000000000e-03 4475
6.500000000e-02 1.000000000e-02 6.666666667e-03 4476
6.500000000e-02 1.000000000e-02 8.333333333e-03 4477
6.500000000e-02 1.000000000e-02 1.000000000e-02 4478
6.500000000e-02 1.000000000e-02 1.166666667e-02 4479
6.500000000e-02 1.000000000e-02 1.333333333e-02 4480
6.500000000e-02 1.000000000e-02 1.500000000e-02 4481
6.500000000e-02 1.000000000e-02 1.666666667e-02 4482
6.500000000e-02 1.000000000e-02 1.833333333e-02 4483
6.500000000e-02 1.000000000e-02 2.000000000e-02 4484
6.500000000e-02 1.166666667e-02 0.000000000e+00 4485
6.500000000e-02 1.166666667e-02 1.666666667e-03 4486
6.500000000e-02 1.166666667e-02 3.333333333e-03 4487
6.500000000e-02 1.166666667e-02 5.000000000e-03 4488
6.500000000e-02 1.166666667e-02 6.666666667e-03 4489
6.500000000e-02 1.166666667e-02 8.333333333e-03 4490
6.500000000e-02 1.166666667e-02 1.000000000e-02 4491
6.500000000e-02 1.166666667e-02 1.166666667e-02 4492
6.500000000e-02 1.166666667e-02 1.333333333e-02 4493
6.500000000e-02 1.166666667e-02 1.500000000e-02 4494
6.500000000e-02 1.166666667e-02 1.666666667e-02 4495
6.500000000e-02 1.166666667e-02 1.833333333e-02 4496
6.500000000e-02 1.166666667e-02 2.000000000e-02 4497
6.500000000e-02 1.333333333e-02 0.000000000e+00 4498
6.500000000e-02 1.333333333e-02 1.666666667e-03 4499
6.500000000e-02 1.333333333e-02 3.333333333e-03 4500
6.500000000e-02 1.333333333e-02 5.000000000e-03 4501
6.500000000e-02 1.333333333e-02 6.666666667e-03 4502
6.500000000e-02 1.333333333e-02 8.333333333e-03 4503
6.500000000e-02 1.333333333e-02 1.000000000e-02 4504
6.500000000e-02 1.333333333e-02 1.166666667e-02 4505
6.500000000e-02 1.333333333e-02 1.333333333e-02 4506
6.500000000e-02 1.333333333e-02 1.500000000e-02 4507
6.500000000e-02 1.333333333e-02 1.666666667e-02 4508
6.500000000e-02 1.333333333e-02 1.833333333e-02 4509
6.500000000e-02 1.333333333e-02 2.000000000e-02 4510
6.500000000e-02 1.500000000e-02 0.000000000e+00 4511
6.500000000e-02 1.500000000e-02 1.666666667e-03 4512
6.500000000e-02 1.500000000e-02 3.333333333e-03 4513
6.500000000e-02 1.500000000e-02 5.000000000e-03 4514
6.500000000e-02 1.500000000e-02 6.666666667e-03 4515
6.500000000e-02 1.500000000e-02 8.333333333e-03 4516
6.500000000e-02 1.500000000e-02 1.000000000e-02 4517
6.500000000e-02 1.500000000e-02 1.166666667e-02 4518
6.500000000e-02 1.500000000e-02 1.333333333e-02 4519
6.500000000e-02 1.500000000e-02 1.500000000e-02 4520
6.500000000e-02 1.500000000e-02 1.666666667e-02 4521
6.500000000e-02 1.500000000e-02 1.833333333e-02 4522
6.500000000e-02 1.500000000e-02 2.000000000e-02 4523
6.500000000e-02 1.666666667e-02 0.000000000e+00 4524
6.500000000e-02 1.666666667e-02 1.666666667e-03 4525
6.500000000e-02 1.666666667e-02 3.333333333e-03 4526
6.500000000e-02 1.666666667e-02 5.000000000e-03 4527
6.500000000e-02 1.666666667e-02 6.666666667e-03 4528
6.500000000e-02 1.666666667e-02 8.333333333e-03 4529
6.500000000e-02 1.666666667e-02 1.000000000e-02 4530
6.500000000e-02 1.666666667e-02 1.166666667e-02 4531
6.500000000e-02 1.666666667e-02 1.333333333e-02 4532
6.500000000e-02 1.666666667e-02 1.500000000e-02 4533
6.500000000e-02 1.666666667e-02 1.666666667e-02 4534
6.500000000e-02 1.666666667e-02 1.833333333e-02 4535
6.500000000e-02 1.666666667e-02 2.000000000e-02 4536
6.500000000e-02 1.833333333e-02 0.000000000e+00 4537
6.500000000e-02 1.833333333e-02 1.666666667e-03 4538
6.500000000e-02 1.833333333e-02 3.333333333e-03 4539
6.500000000e-02 1.833333333e-02 5.000000000e-03 4540
6.500000000e-02 1.833333333e-02 6.666666667e-03 4541
6.500000000e-02 1.833333333e-02 8.333333333e-03 4542
6.500000000e-02 1.833333333e-02 1.000000000e-02 4543
6.500000000e-02 1.833333333e-02 1.166666667e-02 4544
6.500000000e-02 1.833333333e-02 1.333333333e-02 4545
6.500000000e-02 1.833333333e-02 1.500000000e-02 4546
6.500000000e-02 1.833333333e-02 1.666666667e-02 4547
6.500000000e-02 1.833333333e-02 1.833333333e-02 4548
6.500000000e-02 1.833333333e-02 2.000000000e-02 4549
6.500000000e-02 2.000000000e-02 0.000000000e+00 4550
6.500000000e-02 2.000000000e-02 1.666666667e-03 4551
6.500000000e-02 2.000000000e-02 3.333333333e-03 4552
6.500000000e-02 2.000000000e-02 5.000000000e-03 4553
6.500000000e-02 2.000000000e-02 6.666666667e-03 4554
6.500000000e-02 2.000000000e-02 8.333333333e-03 4555
6.500000000e-02 2.000000000e-02 1.000000000e-02 4556
6.500000000e-02 2.000000000e-02 1.166666667e-02 4557
6.500000000e-02 2.000000000e-02 1.333333333e-02 4558
6.500000000e-02 2.000000000e-02 1.500000000e-02 4559
6.500000000e-02 2.000000000e-02 1.666666667e-02 4560
6.500000000e-02 2.000000000e-02 1.833333333e-02 4561
6.500000000e-02 2.000000000e-02 2.000000000e-02 4562
6.750000000e-02 0.000000000e+00 0.000000000e+00 4563
6.750000000e-02 0.000000000e+00 1.666666667e-03 4564
6.750000000e-02 0.000000000e+00 3.333333333e-03 4565
6.750000000e-02 0.000000000e+00 5.000000000e-03 4566
6.750000000e-02 0.000000000e+00 6.666666667e-03 4567
6.750000000e-02 0.000000000e+00 8.333333333e-03 4568
6.750000000e-02 0.000000000e+00 1.000000000e-02 4569
6.750000000e-02 0.000000000e+00 1.166666667e-02 4570
6.750000000e-02 0.000000000e+00 1.333333333e-02 4571
6.750000000e-02 0.000000000e+00 1.500000000e-02 4572
6.750000000e-02 0.000000000e+00 1.666666667e-02 4573
6.750000000e-02 0.000000000e+00 1.833333333e-02 4574
6.750000000e-02 0.000000000e+00 2.000000000e-02 4575
6.750000000e-02 1.666666667e-03 0.000000000e+00 4576
6.750000000e-02 1.666666667e-03 1.666666667e-03 4577
6.750000000e-02 1.666666667e-03 3.333333333e-03 4578
6.750000000e-02 1.666666667e-03 5.000000000e-03 4579
6.750000000e-02 1.666666667e-03 6.666666667e-03 4580
6.750000000e-02 1.666666667e-03 8.333333333e-03 4581
6.750000000e-02 1.666666667e-03 1.000000000e-02 4582
6.750000000e-02 1.666666667e-03 1.166666667e-02 4583
6.750000000e-02 1.666666667e-03 1.333333333e-02 4584
6.750000000e-02 1.666666667e-03 1.500000000e-02 4585
6.750000000e-02 1.666666667e-03 1.666666667e-02 4586
6.750000000e-02 1.666666667e-03 1.833333333e-02 4587
6.750000000e-02 1.666666667e-03 2.000000000e-02 4588
6.750000000e-02 3.333333333e-03 0.000000000e+00 4589
6.750000000e-02 3.333333333e-03 1.666666667e-03 4590
6.750000000e-02 3.333333333e-03 3.333333333e-03 4591
6.750000000e-02 3.333333333e-03 5.000000000e-03 4592
6.750000000e-02 3.333333333e-03 6.666666667e-03 4593
6.750000000e-02 3.333333333e-03 8.333333333e-03 4594
6.750000000e-02 3.333333333e-03 1.000000000e-02 4595
6.750000000e-02 3.333333333e-03 1.166666667e-02 4596
6.750000000e-02 3.333333333e-03 1.333333333e-02 4597
6.750000000e-02 3.333333333e-03 1.500000000e-02 4598
6.750000000e-02 3.333333333e-03 1.666666667e-02 4599
6.750000000e-02 3.333333333e-03 1.833333333e-02 4600
6.750000000e-02 3.333333333e-03 2.000000000e-02 4601
6.750000000e-02 5.000000000e-03 0.000000000e+00 4602
6.750000000e-02 5.000000000e-03 1.666666667e-03 4603
6.750000000e-02 5.000000000e-03 3.333333333e-03 4604
6.750000000e-02 5.000000000e-03 5.000000000e-03 4605
6.750000000e-02 5.000000000e-03 6.666666667e-03 4606
6.750000000e-02 5.000000000e-03 8.333333333e-03 4607
6.750000000e-02 5.000000000e-03 1.000000000e-02 4608
6.750000000e-02 5.000000000e-03 1.166666667e-02 4609
6.750000000e-02 5.000000000e-03 1.333333333e-02 4610
6.750000000e-02 5.000000000e-03 1.500000000e-02 4611
6.750000000e-02 5.000000000e-03 1.666666667e-02 4612
6.750000000e-02 5.000000000e-03 1.833333333e-02 4613
6.750000000e-02 5.000000000e-03 2.000000000e-02 4614
6.750000000e-02 6.666666667e-03 0.000000000e+00 4615
6.750000000e-02 6.666666667e-03 1.666666667e-03 4616
6.750000000e-02 6.666666667e-03 3.333333333e-03 4617
6.750000000e-02 6.666666667e-03 5.000000000e-03 4618
6.750000000e-02 6.666666667e-03 6.666666667e-03 4619
6.750000000e-02 6.666666667e-03 8.333333333e-03 4620
6.750000000e-02 6.666666667e-03 1.000000000e-02 4621
6.750000000e-02 6.666666667e-03 1.166666667e-02 4622
6.750000000e-02 6.666666667e-03 1.333333333e-02 4623
6.750000000e-02 6.666666667e-03 1.500000000e-02 4624
6.750000000e-02 6.666666667e-03 1.666666667e-02 4625
6.750000000e-02 6.666666667e-03 1.833333333e-02 4626
6.750000000e-02 6.666666667e-03 2.000000000e-02 4627
6.750000000e-02 8.333333333e-03 0.000000000e+00 4628
6.750000000e-02 8.333333333e-03 1.666666667e-03 4629
6.750000000e-02 8.333333333e-03 3.333333333e-03 4630
6.750000000e-02 8.333333333e-03 5.000000000e-03 4631
6.750000000e-02 8.333333333e-03 6.666666667e-03 4632
6.750000000e-02 8.333333333e-03 8.333333333e-03 4633
6.750000000e-02 8.333333333e-03 1.000000000e-02 4634
6.750000000e-02 8.333333333e-03 1.166666667e-02 4635
6.750000000e-02 8.333333333e-03 1.333333333e-02 4636
6.750000000e-02 8.333333333e-03 1.500000000e-02 4637
6.750000000e-02 8.333333333e-03 1.666666667e-02 4638
6.750000000e-02 8.333333333e-03 1.833333333e-02 4639
6.750000000e-02 8.333333333e-03 2.000000000e-02 4640
6.750000000e-02 1.000000000e-02 0.000000000e+00 4641
6.750000000e-02 1.000000000e-02 1.666666667e-03 4642
6.750000000e-02 1.000000000e-02 3.333333333e-03 4643
6.750000000e-02 1.000000000e-02 5.000000000e-03 4644
6.750000000e-02 1.000000000e-02 6.666666667e-03 4645
6.750000000e-02 1.000000000e-02 8.333333333e-03 4646
6.750000000e-02 1.000000000e-02 1.000000000e-02 4647
6.750000000e-02 1.000000000e-02 1.166666667e-02 4648
6.750000000e-02 1.000000000e-02 1.333333333e-02 4649
6.750000000e-02 1.000000000e-02 1.500000000e-02 4650
6.750000000e-02 1.000000000e-02 1.666666667e-02 4651
6.750000000e-02 1.000000000e-02 1.833333333e-02 4652
6.750000000e-02 1.000000000e-02 2.000000000e-02 4653
6.750000000e-02 1.166666667e-02 0.000000000e+00 4654
6.750000000e-02 1.166666667e-02 1.666666667e-03 4655
6.750000000e-02 1.166666667e-02 3.333333333e-03 4656
6.750000000e-02 1.166666667e-02 5.000000000e-03 4657
6.750000000e-02 1.166666667e-02 6.666666667e-03 4658
6.750000000e-02 1.166666667e-02 8.333333333e-03 4659
6.750000000e-02 1.166666667e-02 1.000000000e-02 4660
6.750000000e-02 1.166666667e-02 1.166666667e-02 4661
6.750000000e-02 1.166666667e-02 1.333333333e-02 4662
6.750000000e-02 1.166666667e-02 1.500000000e-02 4663
6.750000000e-02 1.166666667e-02 1.666666667e-02 4664
6.750000000e-02 1.166666667e-02 1.833333333e-02 4665
6.750000000e-02 1.166666667e-02 2.000000000e-02 4666
6.750000000e-02 1.333333333e-02 0.000000000e+00 4667
6.750000000e-02 1.333333333e-02 1.666666667e-03 4668
6.750000000e-02 1.333333333e-02 3.333333333e-03 4669
6.750000000e-02 1.333333333e-02 5.000000000e-03 4670
6.750000000e-02 1.333333333e-02 6.666666667e-03 4671
6.750000000e-02 1.333333333e-02 8.333333333e-03 4672
6.750000000e-02 1.333333333e-02 1.000000000e-02 4673
6.750000000e-02 1.333333333e-02 1.166666667e-02 4674
6.750000000e-02 1.333333333e-02 1.333333333e-02 4675
6.750000000e-02 1.333333333e-02 1.500000000e-02 4676
6.750000000e-02 1.333333333e-02 1.666666667e-02 4677
6.750000000e-02 1.333333333e-02 1.833333333e-02 4678
6.750000000e-02 1.333333333e-02 2.000000000e-02 4679
6.750000000e-02 1.500000000e-02 0.000000000e+00 4680
6.750000000e-02 1.500000000e-02 1.666666667e-03 4681
6.750000000e-02 1.500000000e-02 3.333333333e-03 4682
6.750000000e-02 1.500000000e-02 5.000000000e-03 4683
6.750000000e-02 1.500000000e-02 6.666666667e-03 4684
6.750000000e-02 1.500000000e-02 8.333333333e-03 4685
6.750000000e-02 1.500000000e-02 1.000000000e-02 4686
6.750000000e-02 1.500000000e-02 1.166666667e-02 4687
6.750000000e-02 1.500000000e-02 1.333333333e-02 4688
6.750000000e-02 1.500000000e-02 1.500000000e-02 4689
6.750000000e-02 1.500000000e-02 1.666666667e-02 4690
6.750000000e-02 1.500000000e-02 1.833333333e-02 4691
6.750000000e-02 1.500000000e-02 2.000000000e-02 4692
6.750000000e-02 1.666666667e-02 0.000000000e+00 4693
6.750000000e-02 1.666666667e-02 1.666666667e-03 4694
6.750000000e-02 1.666666667e-02 3.333333333e-03 4695
6.750000000e-02 1.666666667e-02 5.000000000e-03 4696
6.750000000e-02 1.666666667e-02 6.666666667e-03 4697
6.750000000e-02 1.666666667e-02 8.333333333e-03 4698
6.750000000e-02 1.666666667e-02 1.000000000e-02 4699
6.750000000e-02 1.666666667e-02 1.166666667e-02 4700
6.750000000e-02 1.666666667e-02 1.333333333e-02 4701
6.750000000e-02 1.666666667e-02 1.500000000e-02 4702
6.750000000e-02 1.666666667e-02 1.666666667e-02 4703
6.750000000e-02 1.666666667e-02 1.833333333e-02 4704
6.750000000e-02 1.666666667e-02 2.000000000e-02 4705
6.750000000e-02 1.833333333e-02 0.000000000e+00 4706
6.750000000e-02 1.833333333e-02 1.666666667e-03 4707
6.750000000e-02 1.833333333e-02 3.333333333e-03 4708
6.750000000e-02 1.833333333e-02 5.000000000e-03 4709
6.750000000e-02 1.833333333e-02 6.666666667e-03 4710
6.750000000e-02 1.833333333e-02 8.333333333e-03 4711
6.750000000e-02 1.833333333e-02 1.000000000e-02 4712
6.750000000e-02 1.833333333e-02 1.166666667e-02 4713
6.750000000e-02 1.833333333e-02 1.333333333e-02 4714
6.750000000e-02 1.833333333e-02 1.500000000e-02 4715
6.750000000e-02 1.833333333e-02 1.666666667e-02 4716
6.750000000e-02 1.833333333e-02 1.833333333e-02 4717
6.750000000e-02 1.833333333e-02 2.000000000e-02 4718
6.750000000e-02 2.000000000e-02 0.000000000e+00 4719
6.750000000e-02 2.000000000e-02 1.666666667e-03 4720
6.750000000e-02 2.000000000e-02 3.333333333e-03 4721
6.750000000e-02 2.000000000e-02 5.000000000e-03 4722
6.750000000e-02 2.000000000e-02 6.666666667e-03 4723
6.750000000e-02 2.000000000e-02 8.333333333e-03 4724
6.750000000e-02 2.000000000e-02 1.000000000e-02 4725
6.750000000e-02 2.000000000e-02 1.166666667e-02 4726
6.750000000e-02 2.000000000e-02 1.333333333e-02 4727
6.750000000e-02 2.000000000e-02 1.500000000e-02 4728
6.750000000e-02 2.000000000e-02 1.666666667e-02 4729
6.750000000e-02 2.000000000e-02 1.833333333e-02 4730
6.750000000e-02 2.000000000e-02 2.000000000e-02 4731
7.000000000e-02 0.000000000e+00 0.000000000e+00 4732
7.000000000e-02 0.000000000e+00 1.666666667e-03 4733
7.000000000e-02 0.000000000e+00 3.333333333e-03 4734
7.000000000e-02 0.000000000e+00 5.000000000e-03 4735
7.000000000e-02 0.000000000e+00 6.666666667e-03 4736
7.000000000e-02 0.000000000e+00 8.333333333e-03 4737
7.000000000e-02 0.000000000e+00 1.000000000e-02 4738
7.000000000e-02 0.000000000e+00 1.166666667e-02 4739
7.000000000e-02 0.000000000e+00 1.333333333e-02 4740
7.000000000e-02 0.000000000e+00 1.500000000e-02 4741
7.000000000e-02 0.000000000e+00 1.666666667e-02 4742
7.000000000e-02 0.000000000e+00 1.833333333e-02 4743
7.000000000e-02 0.000000000e+00 2.000000000e-02 4744
7.000000000e-02 1.666666667e-03 0.000000000e+00 4745
7.000000000e-02 1.666666667e-03 1.666666667e-03 4746
7.000000000e-02 1.666666667e-03 3.333333333e-03 4747
7.000000000e-02 1.666666667e-03 5.000000000e-03 4748
7.000000000e-02 1.666666667e-03 6.666666667e-03 4749
7.000000000e-02 1.666666667e-03 8.333333333e-03 4750
7.000000000e-02 1.666666667e-03 1.000000000e-02 4751
7.000000000e-02 1.666666667e-03 1.166666667e-02 4752
7.000000000e-02 1.666666667e-03 1.333333333e-02 4753
7.000000000e-02 1.666666667e-03 1.500000000e-02 4754
7.000000000e-02 1.666666667e-03 1.666666667e-02 4755
7.000000000e-02 1.666666667e-03 1.833333333e-02 4756
7.000000000e-02 1.666666667e-03 2.000000000e-02 4757
7.000000000e-02 3.333333333e-03 0.000000000e+00 4758
7.000000000e-02 3.333333333e-03 1.666666667e-03 4759
7.000000000e-02 3.333333333e-03 3.333333333e-03 4760
7.000000000e-02 3.333333333e-03 5.000000000e-03 4761
7.000000000e-02 3.333333333e-03 6.666666667e-03 4762
7.000000000e-02 3.333333333e-03 8.333333333e-03 4763
7.000000000e-02 3.333333333e-03 1.000000000e-02 4764
7.000000000e-02 3.333333333e-03 1.166666667e-02 4765
7.000000000e-02 3.333333333e-03 1.333333333e-02 4766
7.000000000e-02 3.333333333e-03 1.500000000e-02 4767
7.000000000e-02 3.333333333e-03 1.666666667e-02 4768
7.000000000e-02 3.333333333e-03 1.833333333e-02 4769
7.000000000e-02 3.333333333e-03 2.000000000e-02 4770
7.000000000e-02 5.000000000e-03 0.000000000e+00 4771
7.000000000e-02 5.000000000e-03 1.666666667e-03 4772
7.000000000e-02 5.000000000e-03 3.333333333e-03 4773
7.000000000e-02 5.000000000e-03 5.000000000e-03 4774
7.000000000e-02 5.000000000e-03 6.666666667e-03 4775
7.000000000e-02 5.000000000e-03 8.333333333e-03 4776
7.000000000e-02 5.000000000e-03 1.000000000e-02 4777
7.000000000e-02 5.000000000e-03 1.166666667e-02 4778
7.000000000e-02 5.000000000e-03 1.333333333e-02 4779
7.000000000e-02 5.000000000e-03 1.500000000e-02 4780
7.000000000e-02 5.000000000e-03 1.666666667e-02 4781
7.000000000e-02 5.000000000e-03 1.833333333e-02 4782
7.000000000e-02 5.000000000e-03 2.000000000e-02 4783
7.000000000e-02 6.666666667e-03 0.000000000e+00 4784
7.000000000e-02 6.666666667e-03 1.666666667e-03 4785
7.000000000e-02 6.666666667e-03 3.333333333e-03 4786
7.000000000e-02 6.666666667e-03 5.000000000e-03 4787
7.000000000e-02 6.666666667e-03 6.666666667e-03 4788
7.000000000e-02 6.666666667e-03 8.333333333e-03 4789
7.000000000e-02 6.666666667e-03 1.000000000e-02 4790
7.000000000e-02 6.666666667e-03 1.166666667e-02 4791
7.000000000e-02 6.666666667e-03 1.333333333e-02 4792
7.000000000e-02 6.666666667e-03 1.500000000e-02 4793
7.000000000e-02 6.666666667e-03 1.666666667e-02 4794
7.000000000e-02 6.666666667e-03 1.833333333e-02 4795
7.000000000e-02 6.666666667e-03 2.000000000e-02 4796
7.000000000e-02 8.333333333e-03 0.000000000e+00 4797
7.000000000e-02 8.333333333e-03 1.666666667e-03 4798
7.000000000e-02 8.333333333e-03 3.333333333e-03 4799
7.000000000e-02 8.333333333e-03 5.000000000e-03 4800
7.000000000e-02 8.333333333e-03 6.666666667e-03 4801
7.000000000e-02 8.333333333e-03 8.333333333e-03 4802
7.000000000e-02 8.333333333e-03 1.000000000e-02 4803
7.000000000e-02 8.333333333e-03 1.166666667e-02 4804
7.000000000e-02 8.333333333e-03 1.333333333e-02 4805
7.000000000e-02 8.333333333e-03 1.500000000e-02 4806
7.000000000e-02 8.333333333e-03 1.666666667e-02 4807
7.000000000e-02 8.333333333e-03 1.833333333e-02 4808
7.000000000e-02 8.333333333e-03 2.000000000e-02 4809
7.000000000e-02 1.000000000e-02 0.000000000e+00 4810
7.000000000e-02 1.000000000e-02 1.666666667e-03 4811
7.000000000e-02 1.000000000e-02 3.333333333e-03 4812
7.000000000e-02 1.000000000e-02 5.000000000e-03 4813
7.000000000e-02 1.000000000e-02 6.666666667e-03 4814
7.000000000e-02 1.000000000e-02 8.333333333e-03 4815
7.000000000e-02 1.000000000e-02 1.000000000e-02 4816
7.000000000e-02 1.000000000e-02 1.166666667e-02 4817
7.000000000e-02 1.000000000e-02 1.333333333e-02 4818
7.000000000e-02 1.000000000e-02 1.500000000e-02 4819
7.000000000e-02 1.000000000e-02 1.666666667e-02 4820
7.000000000e-02 1.000000000e-02 1.833333333e-02 4821
7.000000000e-02 1.000000000e-02 2.000000000e-02 4822
7.000000000e-02 1.166666667e-02 0.000000000e+00 4823
7.000000000e-02 1.166666667e-02 1.666666667e-03 4824
7.000000000e-02 1.166666667e-02 3.333333333e-03 4825
7.000000000e-02 1.166666667e-02 5.000000000e-03 4826
7.000000000e-02 1.166666667e-02 6.666666667e-03 4827
7.000000000e-02 1.166666667e-02 8.333333333e-03 4828
7.000000000e-02 1.166666667e-02 1.000000000e-02 4829
7.000000000e-02 1.166666667e-02 1.166666667e-02 4830
7.000000000e-02 1.166666667e-02 1.333333333e-02 4831
7.000000000e-02 1.166666667e-02 1.500000000e-02 4832
7.000000000e-02 1.166666667e-02 1.666666667e-02 4833
7.000000000e-02 1.166666667e-02 1.833333333e-02 4834
7.000000000e-02 1.166666667e-02 2.000000000e-02 4835
7.000000000e-02 1.333333333e-02 0.000000000e+00 4836
7.000000000e-02 1.333333333e-02 1.666666667e-03 4837
7.000000000e-02 1.333333333e-02 3.333333333e-03 4838
7.000000000e-02 1.333333333e-02 5.000000000e-03 4839
7.000000000e-02 1.333333333e-02 6.666666667e-03 4840
7.000000000e-02 1.333333333e-02 8.333333333e-03 4841
7.000000000e-02 1.333333333e-02 1.000000000e-02 4842
7.000000000e-02 1.333333333e-02 1.166666667e-02 4843
7.000000000e-02 1.333333333e-02 1.333333333e-02 4844
7.000000000e-02 1.333333333e-02 1.500000000e-02 4845
7.000000000e-02 1.333333333e-02 1.666666667e-02 4846
7.000000000e-02 1.333333333e-02 1.833333333e-02 4847
7.000000000e-02 1.333333333e-02 2.000000000e-02 4848
7.000000000e-02 1.500000000e-02 0.000000000e+00 4849
7.000000000e-02 1.500000000e-02 1.666666667e-03 4850
7.000000000e-02 1.500000000e-02 3.333333333e-03 4851
7.000000000e-02 1.500000000e-02 5.000000000e-03 4852
7.000000000e-02 1.500000000e-02 6.666666667e-03 4853
7.000000000e-02 1.500000000e-02 8.333333333e-03 4854
7.000000000e-02 1.500000000e-02 1.000000000e-02 4855
7.000000000e-02 1.500000000e-02 1.166666667e-02 4856
7.000000000e-02 1.500000000e-02 1.333333333e-02 4857
7.000000000e-02 1.500000000e-02 1.500000000e-02 4858
7.000000000e-02 1.500000000e-02 1.666666667e-02 4859
7.000000000e-02 1.500000000e-02 1.833333333e-02 4860
7.000000000e-02 1.500000000e-02 2.000000000e-02 4861
7.000000000e-02 1.666666667e-02 0.000000000e+00 4862
7.000000000e-02 1.666666667e-02 1.666666667e-03 4863
7.000000000e-02 1.666666667e-02 3.333333333e-03 4864
7.000000000e-02 1.666666667e-02 5.000000000e-03 4865
7.000000000e-02 1.666666667e-02 6.666666667e-03 4866
7.000000000e-02 1.666666667e-02 8.333333333e-03 4867
7.000000000e-02 1.666666667e-02 1.000000000e-02 4868
7.000000000e-02 1.666666667e-02 1.166666667e-02 4869
7.000000000e-02 1.666666667e-02 1.333333333e-02 4870
7.000000000e-02 1.666666667e-02 1.500000000e-02 4871
7.000000000e-02 1.666666667e-02 1.666666667e-02 4872
7.000000000e-02 1.666666667e-02 1.833333333e-02 4873
7.000000000e-02 1.666666667e-02 2.000000000e-02 4874
7.000000000e-02 1.833333333e-02 0.000000000e+00 4875
7.000000000e-02 1.833333333e-02 1.666666667e-03 4876
7.000000000e-02 1.833333333e-02 3.333333333e-03 4877
7.000000000e-02 1.833333333e-02 5.000000000e-03 4878
7.000000000e-02 1.833333333e-02 6.666666667e-03 4879
7.000000000e-02 1.833333333e-02 8.333333333e-03 4880
7.000000000e-02 1.833333333e-02 1.000000000e-02 4881
7.000000000e-02 1.833333333e-02 1.166666667e-02 4882
7.000000000e-02 1.833333333e-02 1.333333333e-02 4883
7.000000000e-02 1.833333333e-02 1.500000000e-02 4884
7.000000000e-02 1.833333333e-02 1.666666667e-02 4885
7.000000000e-02 1.833333333e-02 1.833333333e-02 4886
7.000000000e-02 1.833333333e-02 2.000000000e-02 4887
7.000000000e-02 2.000000000e-02 0.000000000e+00 4888
7.000000000e-02 2.000000000e-02 1.666666667e-03 4889
7.000000000e-02 2.000000000e-02 3.333333333e-03 4890
7.000000000e-02 2.000000000e-02 5.000000000e-03 4891
7.000000000e-02 2.000000000e-02 6.666666667e-03 4892
7.000000000e-02 2.000000000e-02 8.333333333e-03 4893
7.000000000e-02 2.000000000e-02 1.000000000e-02 4894
7.000000000e-02 2.000000000e-02 1.166666667e-02 4895
7.000000000e-02 2.000000000e-02 1.333333333e-02 4896
7.000000000e-02 2.000000000e-02 1.500000000e-02 4897
7.000000000e-02 2.000000000e-02 1.666666667e-02 4898
7.000000000e-02 2.000000000e-02 1.833333333e-02 4899
7.000000000e-02 2.000000000e-02 2.000000000e-02 4900
7.250000000e-02 0.000000000e+00 0.000000000e+00 4901
7.250000000e-02 0.000000000e+00 1.666666667e-03 4902
7.250000000e-02 0.000000000e+00 3.333333333e-03 4903
7.250000000e-02 0.000000000e+00 5.000000000e-03 4904
7.250000000e-02 0.000000000e+00 6.666666667e-03 4905
7.250000000e-02 0.000000000e+00 8.333333333e-03 4906
7.250000000e-02 0.000000000e+00 1.000000000e-02 4907
7.250000000e-02 0.000000000e+00 1.166666667e-02 4908
7.250000000e-02 0.000000000e+00 1.333333333e-02 4909
7.250000000e-02 0.000000000e+00 1.500000000e-02 4910
7.250000000e-02 0.000000000e+00 1.666666667e-02 4911
7.250000000e-02 0.000000000e+00 1.833333333e-02 4912
7.250000000e-02 0.000000000e+00 2.000000000e-02 4913
7.250000000e-02 1.666666667e-03 0.000000000e+00 4914
7.250000000e-02 1.666666667e-03 1.666666667e-03 4915
7.250000000e-02 1.666666667e-03 3.333333333e-03 4916
7.250000000e-02 1.666666667e-03 5.000000000e-03 4917
7.250000000e-02 1.666666667e-03 6.666666667e-03 4918
7.250000000e-02 1.666666667e-03 8.333333333e-03 4919
7.250000000e-02 1.666666667e-03 1.000000000e-02 4920
7.250000000e-02 1.666666667e-03 1.166666667e-02 4921
7.250000000e-02 1.666666667e-03 1.333333333e-02 4922
7.250000000e-02 1.666666667e-03 1.500000000e-02 4923
7.250000000e-02 1.666666667e-03 1.666666667e-02 4924
7.250000000e-02 1.666666667e-03 1.833333333e-02 4925
7.250000000e-02 1.666666667e-03 2.000000000e-02 4926
7.250000000e-02 3.333333333e-03 0.000000000e+00 4927
7.250000000e-02 3.333333333e-03 1.666666667e-03 4928
7.250000000e-02 3.333333333e-03 3.333333333e-03 4929
7.250000000e-02 3.333333333e-03 5.000000000e-03 4930
7.250000000e-02 3.333333333e-03 6.666666667e-03 4931
7.250000000e-02 3.333333333e-03 8.333333333e-03 4932
7.250000000e-02 3.333333333e-03 1.000000000e-02 4933
7.250000000e-02 3.333333333e-03 1.166666667e-02 4934
7.250000000e-02 3.333333333e-03 1.333333333e-02 4935
7.250000000e-02 3.333333333e-03 1.500000000e-02 4936
7.250000000e-02 3.333333333e-03 1.666666667e-02 4937
7.250000000e-02 3.333333333e-03 1.833333333e-02 4938
7.250000000e-02 3.333333333e-03 2.000000000e-02 4939
7.250000000e-02 5.000000000e-03 0.000000000e+00 4940
7.250000000e-02 5.000000000e-03 1.666666667e-03 4941
7.250000000e-02 5.000000000e-03 3.333333333e-03 4942
7.250000000e-02 5.000000000e-03 5.000000000e-03 4943
7.250000000e-02 5.000000000e-03 6.666666667e-03 4944
7.250000000e-02 5.000000000e-03 8.333333333e-03 4945
7.250000000e-02 5.000000000e-03 1.000000000e-02 4946
7.250000000e-02 5.000000000e-03 1.166666667e-02 4947
7.250000000e-02 5.000000000e-03 1.333333333e-02 4948
7.250000000e-02 5.000000000e-03 1.500000000e-02 4949
7.250000000e-02 5.000000000e-03 1.666666667e-02 4950
7.250000000e-02 5.000000000e-03 1.833333333e-02 4951
7.250000000e-02 5.000000000e-03 2.000000000e-02 4952
7.250000000e-02 6.666666667e-03 0.000000000e+00 4953
7.250000000e-02 6.666666667e-03 1.666666667e-03 4954
7.250000000e-02 6.666666667e-03 3.333333333e-03 4955
7.250000000e-02 6.666666667e-03 5.000000000e-03 4956
7.250000000e-02 6.666666667e-03 6.666666667e-03 4957
7.250000000e-02 6.666666667e-03 8.333333333e-03 4958
7.250000000e-02 6.666666667e-03 1.000000000e-02 4959
7.250000000e-02 6.666666667e-03 1.166666667e-02 4960
7.250000000e-02 6.666666667e-03 1.333333333e-02 4961
7.250000000e-02 6.666666667e-03 1.500000000e-02 4962
7.250000000e-02 6.666666667e-03 1.666666667e-02 4963
7.250000000e-02 6.666666667e-03 1.833333333e-02 4964
7.250000000e-02 6.666666667e-03 2.000000000e-02 4965
7.250000000e-02 8.333333333e-03 0.000000000e+00 4966
7.250000000e-02 8.333333333e-03 1.666666667e-03 4967
7.250000000e-02 8.333333333e-03 3.333333333e-03 4968
7.250000000e-02 8.333333333e-03 5.000000000e-03 4969
7.250000000e-02 8.333333333e-03 6.666666667e-03 4970
7.250000000e-02 8.333333333e-03 8.333333333e-03 4971
7.250000000e-02 8.333333333e-03 1.000000000e-02 4972
7.250000000e-02 8.333333333e-03 1.166666667e-02 4973
7.250000000e-02 8.333333333e-03 1.333333333e-02 4974
7.250000000e-02 8.333333333e-03 1.500000000e-02 4975
7.250000000e-02 8.333333333e-03 1.666666667e-02 4976
7.250000000e-02 8.333333333e-03 1.833333333e-02 4977
7.250000000e-02 8.333333333e-03 2.000000000e-02 4978
7.250000000e-02 1.000000000e-02 0.000000000e+00 4979
7.250000000e-02 1.000000000e-02 1.666666667e-03 4980
7.250000000e-02 1.000000000e-02 3.333333333e-03 4981
7.250000000e-02 1.000000000e-02 5.000000000e-03 4982
7.250000000e-02 1.000000000e-02 6.666666667e-03 4983
7.250000000e-02 1.000000000e-02 8.333333333e-03 4984
7.250000000e-02 1.000000000e-02 1.000000000e-02 4985
7.250000000e-02 1.000000000e-02 1.166666667e-02 4986
7.250000000e-02 1.000000000e-02 1.333333333e-02 4987
7.250000000e-02 1.000000000e-02 1.500000000e-02 4988
7.250000000e-02 1.000000000e-02 1.666666667e-02 4989
7.250000000e-02 1.000000000e-02 1.833333333e-02 4990
7.250000000e-02 1.000000000e-02 2.000000000e-02 4991
7.250000000e-02 1.166666667e-02 0.000000000e+00 4992
7.250000000e-02 1.166666667e-02 1.666666667e-03 4993
7.250000000e-02 1.166666667e-02 3.333333333e-03 4994
7.250000000e-02 1.166666667e-02 5.000000000e-03 4995
7.250000000e-02 1.166666667e-02 6.666666667e-03 4996
7.250000000e-02 1.166666667e-02 8.333333333e-03 4997
7.250000000e-02 1.166666667e-02 1.000000000e-02 4998
7.250000000e-02 1.166666667e-02 1.166666667e-02 4999
7.250000000e-02 1.166666667e-02 1.333333333e-02 5000
7.250000000e-02 1.166666667e-02 1.500000000e-02 5001
7.250000000e-02 1.166666667e-02 1.666666667e-02 5002
7.250000000e-02 1.166666667e-02 1.833333333e-02 5003
7.250000000e-02 1.166666667e-02 2.000000000e-02 5004
7.250000000e-02 1.333333333e-02 0.000000000e+00 5005
7.250000000e-02 1.333333333e-02 1.666666667e-03 5006
7.250000000e-02 1.333333333e-02 3.333333333e-03 5007
7.250000000e-02 1.333333333e-02 5.000000000e-03 5008
7.250000000e-02 1.333333333e-02 6.666666667e-03 5009
7.250000000e-02 1.333333333e-02 8.333333333e-03 5010
7.250000000e-02 1.333333333e-02 1.000000000e-02 5011
7.250000000e-02 1.333333333e-02 1.166666667e-02 5012
7.250000000e-02 1.333333333e-02 1.333333333e-02 5013
7.250000000e-02 1.333333333e-02 1.500000000e-02 5014
7.250000000e-02 1.333333333e-02 1.666666667e-02 5015
7.250000000e-02 1.333333333e-02 1.833333333e-02 5016
7.250000000e-02 1.333333333e-02 2.000000000e-02 5017
7.250000000e-02 1.500000000e-02 0.000000000e+00 5018
7.250000000e-02 1.500000000e-02 1.666666667e-03 5019
7.250000000e-02 1.500000000e-02 3.333333333e-03 5020
7.250000000e-02 1.500000000e-02 5.000000000e-03 5021
7.250000000e-02 1.500000000e-02 6.666666667e-03 5022
7.250000000e-02 1.500000000e-02 8.333333333e-03 5023
7.250000000e-02 1.500000000e-02 1.000000000e-02 5024
7.250000000e-02 1.500000000e-02 1.166666667e-02 5025
7.250000000e-02 1.500000000e-02 1.333333333e-02 5026
7.250000000e-02 1.500000000e-02 1.500000000e-02 5027
7.250000000e-02 1.500000000e-02 1.666666667e-02 5028
7.250000000e-02 1.500000000e-02 1.833333333e-02 5029
7.250000000e-02 1.500000000e-02 2.000000000e-02 5030
7.250000000e-02 1.666666667e-02 0.000000000e+00 5031
7.250000000e-02 1.666666667e-02 1.666666667e-03 5032
7.250000000e-02 1.666666667e-02 3.333333333e-03 5033
7.250000000e-02 1.666666667e-02 5.000000000e-03 5034
7.250000000e-02 1.666666667e-02 6.666666667e-03 5035
7.250000000e-02 1.666666667e-02 8.333333333e-03 5036
7.250000000e-02 1.666666667e-02 1.000000000e-02 5037
7.250000000e-02 1.666666667e-02 1.166666667e-02 5038
7.250000000e-02 1.666666667e-02 1.333333333e-02 5039
7.250000000e-02 1.666666667e-02 1.500000000e-02 5040
7.250000000e-02 1.666666667e-02 1.666666667e-02 5041
7.250000000e-02 1.666666667e-02 1.833333333e-02 5042
7.250000000e-02 1.666666667e-02 2.000000000e-02 5043
7.250000000e-02 1.833333333e-02 0.000000000e+00 5044
7.250000000e-02 1.833333333e-02 1.666666667e-03 5045
7.250000000e-02 1.833333333e-02 3.333333333e-03 5046
7.250000000e-02 1.833333333e-02 5.000000000e-03 5047
7.250000000e-02 1.833333333e-02 6.666666667e-03 5048
7.250000000e-02 1.833333333e-02 8.333333333e-03 5049
7.250000000e-02 1.833333333e-02 1.000000000e-02 5050
7.250000000e-02 1.833333333e-02 1.166666667e-02 5051
7.250000000e-02 1.833333333e-02 1.333333333e-02 5052
7.250000000e-02 1.833333333e-02 1.500000000e-02 5053
7.250000000e-02 1.833333333e-02 1.666666667e-02 5054
7.250000000e-02 1.833333333e-02 1.833333333e-02 5055
7.250000000e-02 1.833333333e-02 2.000000000e-02 5056
7.250000000e-02 2.000000000e-02 0.000000000e+00 5057
7.250000000e-02 2.000000000e-02 1.666666667e-03 5058
7.250000000e-02 2.000000000e-02 3.333333333e-03 5059
7.250000000e-02 2.000000000e-02 5.000000000e-03 5060
7.250000000e-02 2.000000000e-02 6.666666667e-03 5061
7.250000000e-02 2.000000000e-02 8.333333333e-03 5062
7.250000000e-02 2.000000000e-02 1.000000000e-02 5063
7.250000000e-02 2.000000000e-02 1.166666667e-02 5064
7.250000000e-02 2.000000000e-02 1.333333333e-02 5065
7.250000000e-02 2.000000000e-02 1.500000000e-02 5066
7.250000000e-02 2.000000000e-02 1.666666667e-02 5067
7.250000000e-02 2.000000000e-02 1.833333333e-02 5068
7.250000000e-02 2.000000000e-02 2.000000000e-02 5069
7.500000000e-02 0.000000000e+00 0.000000000e+00 5070
7.500000000e-02 0.000000000e+00 1.666666667e-03 5071
7.500000000e-02 0.000000000e+00 3.333333333e-03 5072
7.500000000e-02 0.000000000e+00 5.000000000e-03 5073
7.500000000e-02 0.000000000e+00 6.666666667e-03 5074
7.500000000e-02 0.000000000e+00 8.333333333e-03 5075
7.500000000e-02 0.000000000e+00 1.000000000e-02 5076
7.500000000e-02 0.000000000e+00 1.166666667e-02 5077
7.500000000e-02 0.000000000e+00 1.333333333e-02 5078
7.500000000e-02 0.000000000e+00 1.500000000e-02 5079
7.500000000e-02 0.000000000e+00 1.666666667e-02 5080
7.500000000e-02 0.000000000e+00 1.833333333e-02 5081
7.500000000e-02 0.000000000e+00 2.000000000e-02 5082
7.500000000e-02 1.666666667e-03 0.000000000e+00 5083
7.500000000e-02 1.666666667e-03 1.666666667e-03 5084
7.500000000e-02 1.666666667e-03 3.333333333e-03 5085
7.500000000e-02 1.666666667e-03 5.000000000e-03 5086
7.500000000e-02 1.666666667e-03 6.666666667e-03 5087
7.500000000e-02 1.666666667e-03 8.333333333e-03 5088
7.500000000e-02 1.666666667e-03 1.000000000e-02 5089
7.500000000e-02 1.666666667e-03 1.166666667e-02 5090
7.500000000e-02 1.666666667e-03 1.333333333e-02 5091
7.500000000e-02 1.666666667e-03 1.500000000e-02 5092
7.500000000e-02 1.666666667e-03 1.666666667e-02 5093
7.500000000e-02 1.666666667e-03 1.833333333e-02 5094
7.500000000e-02 1.666666667e-03 2.000000000e-02 5095
7.500000000e-02 3.333333333e-03 0.000000000e+00 5096
7.500000000e-02 3.333333333e-03 1.666666667e-03 5097
7.500000000e-02 3.333333333e-03 3.333333333e-03 5098
7.500000000e-02 3.333333333e-03 5.000000000e-03 5099
7.500000000e-02 3.333333333e-03 6.666666667e-03 5100
7.500000000e-02 3.333333333e-03 8.333333333e-03 5101
7.500000000e-02 3.333333333e-03 1.000000000e-02 5102
7.500000000e-02 3.333333333e-03 1.166666667e-02 5103
7.500000000e-02 3.333333333e-03 1.333333333e-02 5104
7.500000000e-02 3.333333333e-03 1.500000000e-02 5105
7.500000000e-02 3.333333333e-03 1.666666667e-02 5106
7.500000000e-02 3.333333333e-03 1.833333333e-02 5107
7.500000000e-02 3.333333333e-03 2.000000000e-02 5108
7.500000000e-02 5.000000000e-03 0.000000000e+00 5109
7.500000000e-02 5.000000000e-03 1.666666667e-03 5110
7.500000000e-02 5.000000000e-03 3.333333333e-03 5111
7.500000000e-02 5.000000000e-03 5.000000000e-03 5112
7.500000000e-02 5.000000000e-03 6.666666667e-03 5113
7.500000000e-02 5.000000000e-03 8.333333333e-03 5114
7.500000000e-02 5.000000000e-03 1.000000000e-02 5115
7.500000000e-02 5.000000000e-03 1.166666667e-02 5116
7.500000000e-02 5.000000000e-03 1.333333333e-02 5117
7.500000000e-02 5.000000000e-03 1.500000000e-02 5118
7.500000000e-02 5.000000000e-03 1.666666667e-02 5119
7.500000000e-02 5.000000000e-03 1.833333333e-02 5120
7.500000000e-02 5.000000000e-03 2.000000000e-02 5121
7.500000000e-02 6.666666667e-03 0.000000000e+00 5122
7.500000000e-02 6.666666667e-03 1.666666667e-03 5123
7.500000000e-02 6.666666667e-03 3.333333333e-03 5124
7.500000000e-02 6.666666667e-03 5.000000000e-03 5125
7.500000000e-02 6.666666667e-03 6.666666667e-03 5126
7.500000000e-02 6.666666667e-03 8.333333333e-03 5127
7.500000000e-02 6.666666667e-03 1.000000000e-02 5128
7.500000000e-02 6.666666667e-03 1.166666667e-02 5129
7.500000000e-02 6.666666667e-03 1.333333333e-02 5130
7.500000000e-02 6.666666667e-03 1.500000000e-02 5131
7.500000000e-02 6.666666667e-03 1.666666667e-02 5132
7.500000000e-02 6.666666667e-03 1.833333333e-02 5133
7.500000000e-02 6.666666667e-03 2.000000000e-02 5134
7.500000000e-02 8.333333333e-03 0.000000000e+00 5135
7.500000000e-02 8.333333333e-03 1.666666667e-03 5136
7.500000000e-02 8.333333333e-03 3.333333333e-03 5137
7.500000000e-02 8.333333333e-03 5.000000000e-03 5138
7.500000000e-02 8.333333333e-03 6.666666667e-03 5139
7.500000000e-02 8.333333333e-03 8.333333333e-03 5140
7.500000000e-02 8.333333333e-03 1.000000000e-02 5141
7.500000000e-02 8.333333333e-03 1.166666667e-02 5142
7.500000000e-02 8.333333333e-03 1.333333333e-02 5143
7.500000000e-02 8.333333333e-03 1.500000000e-02 5144
7.500000000e-02 8.333333333e-03 1.666666667e-02 5145
7.500000000e-02 8.333333333e-03 1.833333333e-02 5146
7.500000000e-02 8.333333333e-03 2.000000000e-02 5147
7.500000000e-02 1.000000000e-02 0.000000000e+00 5148
7.500000000e-02 1.000000000e-02 1.666666667e-03 5149
7.500000000e-02 1.000000000e-02 3.333333333e-03 5150
7.500000000e-02 1.000000000e-02 5.000000000e-03 5151
7.500000000e-02 1.000000000e-02 6.666666667e-03 5152
7.500000000e-02 1.000000000e-02 8.333333333e-03 5153
7.500000000e-02 1.000000000e-02 1.000000000e-02 5154
7.500000000e-02 1.000000000e-02 1.166666667e-02 5155
7.500000000e-02 1.000000000e-02 1.333333333e-02 5156
7.500000000e-02 1.000000000e-02 1.500000000e-02 5157
7.500000000e-02 1.000000000e-02 1.666666667e-02 5158
7.500000000e-02 1.000000000e-02 1.833333333e-02 5159
7.500000000e-02 1.000000000e-02 2.000000000e-02 5160
7.500000000e-02 1.166666667e-02 0.000000000e+00 5161
7.500000000e-02 1.166666667e-02 1.666666667e-03 5162
7.500000000e-02 1.166666667e-02 3.333333333e-03 5163
7.500000000e-02 1.166666667e-02 5.000000000e-03 5164
7.500000000e-02 1.166666667e-02 6.666666667e-03 5165
7.500000000e-02 1.166666667e-02 8.333333333e-03 5166
7.500000000e-02 1.166666667e-02 1.000000000e-02 5167
7.500000000e-02 1.166666667e-02 1.166666667e-02 5168
7.500000000e-02 1.166666667e-02 1.333333333e-02 5169
7.500000000e-02 1.166666667e-02 1.500000000e-02 5170
7.500000000e-02 1.166666667e-02 1.666666667e-02 5171
7.500000000e-02 1.166666667e-02 1.833333333e-02 5172
7.500000000e-02 1.166666667e-02 2.000000000e-02 5173
7.500000000e-02 1.333333333e-02 0.000000000e+00 5174
7.500000000e-02 1.333333333e-02 1.666666667e-03 5175
7.500000000e-02 1.333333333e-02 3.333333333e-03 5176
7.500000000e-02 1.333333333e-02 5.000000000e-03 5177
7.500000000e-02 1.333333333e-02 6.666666667e-03 5178
7.500000000e-02 1.333333333e-02 8.333333333e-03 5179
7.500000000e-02 1.333333333e-02 1.000000000e-02 5180
7.500000000e-02 1.333333333e-02 1.166666667e-02 5181
7.500000000e-02 1.333333333e-02 1.333333333e-02 5182
7.500000000e-02 1.333333333e-02 1.500000000e-02 5183
7.500000000e-02 1.333333333e-02 1.666666667e-02 5184
7.500000000e-02 1.333333333e-02 1.833333333e-02 5185
7.500000000e-02 1.333333333e-02 2.000000000e-02 5186
7.500000000e-02 1.500000000e-02 0.000000000e+00 5187
7.500000000e-02 1.500000000e-02 1.666666667e-03 5188
7.500000000e-02 1.500000000e-02 3.333333333e-03 5189
7.500000000e-02 1.500000000e-02 5.000000000e-03 5190
7.500000000e-02 1.500000000e-02 6.666666667e-03 5191
7.500000000e-02 1.500000000e-02 8.333333333e-03 5192
7.500000000e-02 1.500000000e-02 1.000000000e-02 5193
7.500000000e-02 1.500000000e-02 1.166666667e-02 5194
7.500000000e-02 1.500000000e-02 1.333333333e-02 5195
7.500000000e-02 1.500000000e-02 1.500000000e-02 5196
7.500000000e-02 1.500000000e-02 1.666666667e-02 5197
7.500000000e-02 1.500000000e-02 1.833333333e-02 5198
7.500000000e-02 1.500000000e-02 2.000000000e-02 5199
7.500000000e-02 1.666666667e-02 0.000000000e+00 5200
7.500000000e-02 1.666666667e-02 1.666666667e-03 5201
7.500000000e-02 1.666666667e-02 3.333333333e-03 5202
7.500000000e-02 1.666666667e-02 5.000000000e-03 5203
7.500000000e-02 1.666666667e-02 6.666666667e-03 5204
7.500000000e-02 1.666666667e-02 8.333333333e-03 5205
7.500000000e-02 1.666666667e-02 1.000000000e-02 5206
7.500000000e-02 1.666666667e-02 1.166666667e-02 5207
7.500000000e-02 1.666666667e-02 1.333333333e-02 5208
7.500000000e-02 1.666666667e-02 1.500000000e-02 5209
7.500000000e-02 1.666666667e-02 1.666666667e-02 5210
7.500000000e-02 1.666666667e-02 1.833333333e-02 5211
7.500000000e-02 1.666666667e-02 2.000000000e-02 5212
7.500000000e-02 1.833333333e-02 0.000000000e+00 5213
7.500000000e-02 1.833333333e-02 1.666666667e-03 5214
7.500000000e-02 1.833333333e-02 3.333333333e-03 5215
7.500000000e-02 1.833333333e-02 5.000000000e-03 5216
7.500000000e-02 1.833333333e-02 6.666666667e-03 5217
7.500000000e-02 1.833333333e-02 8.333333333e-03 5218
7.500000000e-02 1.833333333e-02 1.000000000e-02 5219
7.500000000e-02 1.833333333e-02 1.166666667e-02 5220
7.500000000e-02 1.833333333e-02 1.333333333e-02 5221
7.500000000e-02 1.833333333e-02 1.500000000e-02 5222
7.500000000e-02 1.833333333e-02 1.666666667e-02 5223
7.500000000e-02 1.833333333e-02 1.833333333e-02 5224
7.500000000e-02 1.833333333e-02 2.000000000e-02 5225
7.500000000e-02 2.000000000e-02 0.000000000e+00 5226
7.500000000e-02 2.000000000e-02 1.666666667e-03 5227
7.500000000e-02 2.000000000e-02 3.333333333e-03 5228
7.500000000e-02 2.000000000e-02 5.000000000e-03 5229
7.500000000e-02 2.000000000e-02 6.666666667e-03 5230
7.500000000e-02 2.000000000e-02 8.333333333e-03 5231
7.500000000e-02 2.000000000e-02 1.000000000e-02 5232
7.500000000e-02 2.000000000e-02 1.166666667e-02 5233
7.500000000e-02 2.000000000e-02 1.333333333e-02 5234
7.500000000e-02 2.000000000e-02 1.500000000e-02 5235
7.500000000e-02 2.000000000e-02 1.666666667e-02 5236
7.500000000e-02 2.000000000e-02 1.833333333e-02 5237
7.500000000e-02 2.000000000e-02 2.000000000e-02 5238
7.750000000e-02 0.000000000e+00 0.000000000e+00 5239
7.750000000e-02 0.000000000e+00 1.666666667e-03 5240
7.750000000e-02 0.000000000e+00 3.333333333e-03 5241
7.750000000e-02 0.000000000e+00 5.000000000e-03 5242
7.750000000e-02 0.000000000e+00 6.666666667e-03 5243
7.750000000e-02 0.000000000e+00 8.333333333e-03 5244
7.750000000e-02 0.000000000e+00 1.000000000e-02 5245
7.750000000e-02 0.000000000e+00 1.166666667e-02 5246
7.750000000e-02 0.000000000e+00 1.333333333e-02 5247
7.750000000e-02 0.000000000e+00 1.500000000e-02 5248
7.750000000e-02 0.000000000e+00 1.666666667e-02 5249
7.750000000e-02 0.000000000e+00 1.833333333e-02 5250
7.750000000e-02 0.000000000e+00 2.000000000e-02 5251
7.750000000e-02 1.666666667e-03 0.000000000e+00 5252
7.750000000e-02 1.666666667e-03 1.666666667e-03 5253
7.750000000e-02 1.666666667e-03 3.333333333e-03 5254
7.750000000e-02 1.666666667e-03 5.000000000e-03 5255
7.750000000e-02 1.666666667e-03 6.666666667e-03 5256
7.750000000e-02 1.666666667e-03 8.333333333e-03 5257
7.750000000e-02 1.666666667e-03 1.000000000e-02 5258
7.750000000e-02 1.666666667e-03 1.166666667e-02 5259
7.750000000e-02 1.666666667e-03 1.333333333e-02 5260
7.750000000e-02 1.666666667e-03 1.500000000e-02 5261
7.750000000e-02 1.666666667e-03 1.666666667e-02 5262
7.750000000e-02 1.666666667e-03 1.833333333e-02 5263
7.750000000e-02 1.666666667e-03 2.000000000e-02 5264
7.750000000e-02 3.333333333e-03 0.000000000e+00 5265
7.750000000e-02 3.333333333e-03 1.666666667e-03 5266
7.750000000e-02 3.333333333e-03 3.333333333e-03 5267
7.750000000e-02 3.333333333e-03 5.000000000e-03 5268
7.750000000e-02 3.333333333e-03 6.666666667e-03 5269
7.750000000e-02 3.333333333e-03 8.333333333e-03 5270
7.750000000e-02 3.333333333e-03 1.000000000e-02 5271
7.750000000e-02 3.333333333e-03 1.166666667e-02 5272
7.750000000e-02 3.333333333e-03 1.333333333e-02 5273
7.750000000e-02 3.333333333e-03 1.500000000e-02 5274
7.750000000e-02 3.333333333e-03 1.666666667e-02 5275
7.750000000e-02 3.333333333e-03 1.833333333e-02 5276
7.750000000e-02 3.333333333e-03 2.000000000e-02 5277
7.750000000e-02 5.000000000e-03 0.000000000e+00 5278
7.750000000e-02 5.000000000e-03 1.666666667e-03 5279
7.750000000e-02 5.000000000e-03 3.333333333e-03 5280
7.750000000e-02 5.000000000e-03 5.000000000e-03 5281
7.750000000e-02 5.000000000e-03 6.666666667e-03 5282
7.750000000e-02 5.000000000e-03 8.333333333e-03 5283
7.750000000e-02 5.000000000e-03 1.000000000e-02 5284
7.750000000e-02 5.000000000e-03 1.166666667e-02 5285
7.750000000e-02 5.000000000e-03 1.333333333e-02 5286
7.750000000e-02 5.000000000e-03 1.500000000e-02 5287
7.750000000e-02 5.000000000e-03 1.666666667e-02 5288
7.750000000e-02 5.000000000e-03 1.833333333e-02 5289
7.750000000e-02 5.000000000e-03 2.000000000e-02 5290
7.750000000e-02 6.666666667e-03 0.000000000e+00 5291
7.750000000e-02 6.666666667e-03 1.666666667e-03 5292
7.750000000e-02 6.666666667e-03 3.333333333e-03 5293
7.750000000e-02 6.666666667e-03 5.000000000e-03 5294
7.750000000e-02 6.666666667e-03 6.666666667e-03 5295
7.750000000e-02 6.666666667e-03 8.333333333e-03 5296
7.750000000e-02 6.666666667e-03 1.000000000e-02 5297
7.750000000e-02 6.666666667e-03 1.166666667e-02 5298
7.750000000e-02 6.666666667e-03 1.333333333e-02 5299
7.750000000e-02 6.666666667e-03 1.500000000e-02 5300
7.750000000e-02 6.666666667e-03 1.666666667e-02 5301
7.750000000e-02 6.666666667e-03 1.833333333e-02 5302
7.750000000e-02 6.666666667e-03 2.000000000e-02 5303
7.750000000e-02 8.333333333e-03 0.000000000e+00 5304
7.750000000e-02 8.333333333e-03 1.666666667e-03 5305
7.750000000e-02 8.333333333e-03 3.333333333e-03 5306
7.750000000e-02 8.333333333e-03 5.000000000e-03 5307
7.750000000e-02 8.333333333e-03 6.666666667e-03 5308
7.750000000e-02 8.333333333e-03 8.333333333e-03 5309
7.750000000e-02 8.333333333e-03 1.000000000e-02 5310
7.750000000e-02 8.333333333e-03 1.166666667e-02 5311
7.750000000e-02 8.333333333e-03 1.333333333e-02 5312
7.750000000e-02 8.333333333e-03 1.500000000e-02 5313
7.750000000e-02 8.333333333e-03 1.666666667e-02 5314
7.750000000e-02 8.333333333e-03 1.833333333e-02 5315
7.750000000e-02 8.333333333e-03 2.000000000e-02 5316
7.750000000e-02 1.000000000e-02 0.000000000e+00 5317
7.750000000e-02 1.000000000e-02 1.666666667e-03 5318
7.750000000e-02 1.000000000e-02 3.333333333e-03 5319
7.750000000e-02 1.000000000e-02 5.000000000e-03 5320
7.750000000e-02 1.000000000e-02 6.666666667e-03 5321
7.750000000e-02 1.000000000e-02 8.333333333e-03 5322
7.750000000e-02 1.000000000e-02 1.000000000e-02 5323
7.750000000e-02 1.000000000e-02 1.166666667e-02 5324
7.750000000e-02 1.000000000e-02 1.333333333e-02 5325
7.750000000e-02 1.000000000e-02 1.500000000e-02 5326
7.750000000e-02 1.000000000e-02 1.666666667e-02 5327
7.750000000e-02 1.000000000e-02 1.833333333e-02 5328
7.750000000e-02 1.000000000e-02 2.000000000e-02 5329
7.750000000e-02 1.166666667e-02 0.000000000e+00 5330
7.750000000e-02 1.166666667e-02 1.666666667e-03 5331
7.750000000e-02 1.166666667e-02 3.333333333e-03 5332
7.750000000e-02 1.166666667e-02 5.000000000e-03 5333
7.750000000e-02 1.166666667e-02 6.666666667e-03 5334
7.750000000e-02 1.166666667e-02 8.333333333e-03 5335
7.750000000e-02 1.166666667e-02 1.000000000e-02 5336
7.750000000e-02 1.166666667e-02 1.166666667e-02 5337
7.750000000e-02 1.166666667e-02 1.333333333e-02 5338
7.750000000e-02 1.166666667e-02 1.500000000e-02 5339
7.750000000e-02 1.166666667e-02 1.666666667e-02 5340
7.750000000e-02 1.166666667e-02 1.833333333e-02 5341
7.750000000e-02 1.166666667e-02 2.000000000e-02 5342
7.750000000e-02 1.333333333e-02 0.000000000e+00 5343
7.750000000e-02 1.333333333e-02 1.666666667e-03 5344
7.750000000e-02 1.333333333e-02 3.333333333e-03 5345
7.750000000e-02 1.333333333e-02 5.000000000e-03 5346
7.750000000e-02 1.333333333e-02 6.666666667e-03 5347
7.750000000e-02 1.333333333e-02 8.333333333e-03 5348
7.750000000e-02 1.333333333e-02 1.000000000e-02 5349
7.750000000e-02 1.333333333e-02 1.166666667e-02 5350
7.750000000e-02 1.333333333e-02 1.333333333e-02 5351
7.750000000e-02 1.333333333e-02 1.500000000e-02 5352
7.750000000e-02 1.333333333e-02 1.666666667e-02 5353
7.750000000e-02 1.333333333e-02 1.833333333e-02 5354
7.750000000e-02 1.333333333e-02 2.000000000e-02 5355
7.750000000e-02 1.500000000e-02 0.000000000e+00 5356
7.750000000e-02 1.500000000e-02 1.666666667e-03 5357
7.750000000e-02 1.500000000e-02 3.333333333e-03 5358
7.750000000e-02 1.500000000e-02 5.000000000e-03 5359
7.750000000e-02 1.500000000e-02 6.666666667e-03 5360
7.750000000e-02 1.500000000e-02 8.333333333e-03 5361
7.750000000e-02 1.500000000e-02 1.000000000e-02 5362
7.750000000e-02 1.500000000e-02 1.166666667e-02 5363
7.750000000e-02 1.500000000e-02 1.333333333e-02 5364
7.750000000e-02 1.500000000e-02 1.500000000e-02 5365
7.750000000e-02 1.500000000e-02 1.666666667e-02 5366
7.750000000e-02 1.500000000e-02 1.833333333e-02 5367
7.750000000e-02 1.500000000e-02 2.000000000e-02 5368
7.750000000e-02 1.666666667e-02 0.000000000e+00 5369
7.750000000e-02 1.666666667e-02 1.666666667e-03 5370
7.750000000e-02 1.666666667e-02 3.333333333e-03 5371
7.750000000e-02 1.666666667e-02 5.000000000e-03 5372
7.750000000e-02 1.666666667e-02 6.666666667e-03 5373
7.750000000e-02 1.666666667e-02 8.333333333e-03 5374
7.750000000e-02 1.666666667e-02 1.000000000e-02 5375
7.750000000e-02 1.666666667e-02 1.166666667e-02 5376
7.750000000e-02 1.666666667e-02 1.333333333e-02 5377
7.750000000e-02 1.666666667e-02 1.500000000e-02 5378
7.750000000e-02 1.666666667e-02 1.666666667e-02 5379
7.750000000e-02 1.666666667e-02 1.833333333e-02 5380
7.750000000e-02 1.666666667e-02 2.000000000e-02 5381
7.750000000e-02 1.833333333e-02 0.000000000e+00 5382
7.750000000e-02 1.833333333e-02 1.666666667e-03 5383
7.750000000e-02 1.833333333e-02 3.333333333e-03 5384
7.750000000e-02 1.833333333e-02 5.000000000e-03 5385
7.750000000e-02 1.833333333e-02 6.666666667e-03 5386
7.750000000e-02 1.833333333e-02 8.333333333e-03 5387
7.750000000e-02 1.833333333e-02 1.000000000e-02 5388
7.750000000e-02 1.833333333e-02 1.166666667e-02 5389
7.750000000e-02 1.833333333e-02 1.333333333e-02 5390
7.750000000e-02 1.833333333e-02 1.500000000e-02 5391
7.750000000e-02 1.833333333e-02 1.666666667e-02 5392
7.750000000e-02 1.833333333e-02 1.833333333e-02 5393
7.750000000e-02 1.833333333e-02 2.000000000e-02 5394
7.750000000e-02 2.000000000e-02 0.000000000e+00 5395
7.750000000e-02 2.000000000e-02 1.666666667e-03 5396
7.750000000e-02 2.000000000e-02 3.333333333e-03 5397
7.750000000e-02 2.000000000e-02 5.000000000e-03 5398
7.750000000e-02 2.000000000e-02 6.666666667e-03 5399
7.750000000e-02 2.000000000e-02 8.333333333e-03 5400
7.750000000e-02 2.000000000e-02 1.000000000e-02 5401
7.750000000e-02 2.000000000e-02 1.166666667e-02 5402
7.750000000e-02 2.000000000e-02 1.333333333e-02 5403
7.750000000e-02 2.000000000e-02 1.500000000e-02 5404
7.750000000e-02 2.000000000e-02 1.666666667e-02 5405
7.750000000e-02 2.000000000e-02 1.833333333e-02 5406
7.750000000e-02 2.000000000e-02 2.000000000e-02 5407
8.000000000e-02 0.000000000e+00 0.000000000e+00 5408
8.000000000e-02 0.000000000e+00 1.666666667e-03 5409
8.000000000e-02 0.000000000e+00 3.333333333e-03 5410
8.000000000e-02 0.000000000e+00 5.000000000e-03 5411
8.000000000e-02 0.000000000e+00 6.666666667e-03 5412
8.000000000e-02 0.000000000e+00 8.333333333e-03 5413
8.000000000e-02 0.000000000e+00 1.000000000e-02 5414
8.000000000e-02 0.000000000e+00 1.166666667e-02 5415
8.000000000e-02 0.000000000e+00 1.333333333e-02 5416
8.000000000e-02 0.000000000e+00 1.500000000e-02 5417
8.000000000e-02 0.000000000e+00 1.666666667e-02 5418
8.000000000e-02 0.000000000e+00 1.833333333e-02 5419
8.000000000e-02 0.000000000e+00 2.000000000e-02 5420
8.000000000e-02 1.666666667e-03 0.000000000e+00 5421
8.000000000e-02 1.666666667e-03 1.666666667e-03 5422
8.000000000e-02 1.666666667e-03 3.333333333e-03 5423
8.000000000e-02 1.666666667e-03 5.000000000e-03 5424
8.000000000e-02 1.666666667e-03 6.666666667e-03 5425
8.000000000e-02 1.666666667e-03 8.333333333e-03 5426
8.000000000e-02 1.666666667e-03 1.000000000e-02 5427
8.000000000e-02 1.666666667e-03 1.166666667e-02 5428
8.000000000e-02 1.666666667e-03 1.333333333e-02 5429
8.000000000e-02 1.666666667e-03 1.500000000e-02 5430
8.000000000e-02 1.666666667e-03 1.666666667e-02 5431
8.000000000e-02 1.666666667e-03 1.833333333e-02 5432
8.000000000e-02 1.666666667e-03 2.000000000e-02 5433
8.000000000e-02 3.333333333e-03 0.000000000e+00 5434
8.000000000e-02 3.333333333e-03 1.666666667e-03 5435
8.000000000e-02 3.333333333e-03 3.333333333e-03 5436
8.000000000e-02 3.333333333e-03 5.000000000e-03 5437
8.000000000e-02 3.333333333e-03 6.666666667e-03 5438
8.000000000e-02 3.333333333e-03 8.333333333e-03 5439
8.000000000e-02 3.333333333e-03 1.000000000e-02 5440
8.000000000e-02 3.333333333e-03 1.166666667e-02 5441
8.000000000e-02 3.333333333e-03 1.333333333e-02 5442
8.000000000e-02 3.333333333e-03 1.500000000e-02 5443
8.000000000e-02 3.333333333e-03 1.666666667e-02 5444
8.000000000e-02 3.333333333e-03 1.833333333e-02 5445
8.000000000e-02 3.333333333e-03 2.000000000e-02 5446
8.000000000e-02 5.000000000e-03 0.000000000e+00 5447
8.000000000e-02 5.000000000e-03 1.666666667e-03 5448
8.000000000e-02 5.000000000e-03 3.333333333e-03 5449
8.000000000e-02 5.000000000e-03 5.000000000e-03 5450
8.000000000e-02 5.000000000e-03 6.666666667e-03 5451
8.000000000e-02 5.000000000e-03 8.333333333e-03 5452
8.000000000e-02 5.000000000e-03 1.000000000e-02 5453
8.000000000e-02 5.000000000e-03 1.166666667e-02 5454
8.000000000e-02 5.000000000e-03 1.333333333e-02 5455
8.000000000e-02 5.000000000e-03 1.500000000e-02 5456
8.000000000e-02 5.000000000e-03 1.666666667e-02 5457
8.000000000e-02 5.000000000e-03 1.833333333e-02 5458
8.000000000e-02 5.000000000e-03 2.000000000e-02 5459
8.000000000e-02 6.666666667e-03 0.000000000e+00 5460
8.000000000e-02 6.666666667e-03 1.666666667e-03 5461
8.000000000e-02 6.666666667e-03 3.333333333e-03 5462
8.000000000e-02 6.666666667e-03 5.000000000e-03 5463
8.000000000e-02 6.666666667e-03 6.666666667e-03 5464
8.000000000e-02 6.666666667e-03 8.333333333e-03 5465
8.000000000e-02 6.666666667e-03 1.000000000e-02 5466
8.000000000e-02 6.666666667e-03 1.166666667e-02 5467
8.000000000e-02 6.666666667e-03 1.333333333e-02 5468
8.000000000e-02 6.666666667e-03 1.500000000e-02 5469
8.000000000e-02 6.666666667e-03 1.666666667e-02 5470
8.000000000e-02 6.666666667e-03 1.833333333e-02 5471
8.000000000e-02 6.666666667e-03 2.000000000e-02 5472
8.000000000e-02 8.333333333e-03 0.000000000e+00 5473
8.000000000e-02 8.333333333e-03 1.666666667e-03 5474
8.000000000e-02 8.333333333e-03 3.333333333e-03 5475
8.000000000e-02 8.333333333e-03 5.000000000e-03 5476
8.000000000e-02 8.333333333e-03 6.666666667e-03 5477
8.000000000e-02 8.333333333e-03 8.333333333e-03 5478
8.000000000e-02 8.333333333e-03 1.000000000e-02 5479
8.000000000e-02 8.333333333e-03 1.166666667e-02 5480
8.000000000e-02 8.333333333e-03 1.333333333e-02 5481
8.000000000e-02 8.333333333e-03 1.500000000e-02 5482
8.000000000e-02 8.333333333e-03 1.666666667e-02 5483
8.000000000e-02 8.333333333e-03 1.833333333e-02 5484
8.000000000e-02 8.333333333e-03 2.000000000e-02 5485
8.000000000e-02 1.000000000e-02 0.000000000e+00 5486
8.000000000e-02 1.000000000e-02 1.666666667e-03 5487
8.000000000e-02 1.000000000e-02 3.333333333e-03 5488
8.000000000e-02 1.000000000e-02 5.000000000e-03 5489
8.000000000e-02 1.000000000e-02 6.666666667e-03 5490
8.000000000e-02 1.000000000e-02 8.333333333e-03 5491
8.000000000e-02 1.000000000e-02 1.000000000e-02 5492
8.000000000e-02 1.000000000e-02 1.166666667e-02 5493
8.000000000e-02 1.000000000e-02 1.333333333e-02 5494
8.000000000e-02 1.000000000e-02 1.500000000e-02 5495
8.000000000e-02 1.000000000e-02 1.666666667e-02 5496
8.000000000e-02 1.000000000e-02 1.833333333e-02 5497
8.000000000e-02 1.000000000e-02 2.000000000e-02 5498
8.000000000e-02 1.166666667e-02 0.000000000e+00 5499
8.000000000e-02 1.166666667e-02 1.666666667e-03 5500
8.000000000e-02 1.166666667e-02 3.333333333e-03 5501
8.000000000e-02 1.166666667e-02 5.000000000e-03 5502
8.000000000e-02 1.166666667e-02 6.666666667e-03 5503
8.000000000e-02 1.166666667e-02 8.333333333e-03 5504
8.000000000e-02 1.166666667e-02 1.000000000e-02 5505
8.000000000e-02 1.166666667e-02 1.166666667e-02 5506
8.000000000e-02 1.166666667e-02 1.333333333e-02 5507
8.000000000e-02 1.166666667e-02 1.500000000e-02 5508
8.000000000e-02 1.166666667e-02 1.666666667e-02 5509
8.000000000e-02 1.166666667e-02 1.833333333e-02 5510
8.000000000e-02 1.166666667e-02 2.000000000e-02 5511
8.000000000e-02 1.333333333e-02 0.000000000e+00 5512
8.000000000e-02 1.333333333e-02 1.666666667e-03 5513
8.000000000e-02 1.333333333e-02 3.333333333e-03 5514
8.000000000e-02 1.333333333e-02 5.000000000e-03 5515
8.000000000e-02 1.333333333e-02 6.666666667e-03 5516
8.000000000e-02 1.333333333e-02 8.333333333e-03 5517
8.000000000e-02 1.333333333e-02 1.000000000e-02 5518
8.000000000e-02 1.333333333e-02 1.166666667e-02 5519
8.000000000e-02 1.333333333e-02 1.333333333e-02 5520
8.000000000e-02 1.333333333e-02 1.500000000e-02 5521
8.000000000e-02 1.333333333e-02 1.666666667e-02 5522
8.000000000e-02 1.333333333e-02 1.833333333e-02 5523
8.000000000e-02 1.333333333e-02 2.000000000e-02 5524
8.000000000e-02 1.500000000e-02 0.000000000e+00 5525
8.000000000e-02 1.500000000e-02 1.666666667e-03 5526
8.000000000e-02 1.500000000e-02 3.333333333e-03 5527
8.000000000e-02 1.500000000e-02 5.000000000e-03 5528
8.000000000e-02 1.500000000e-02 6.666666667e-03 5529
8.000000000e-02 1.500000000e-02 8.333333333e-03 5530
8.000000000e-02 1.500000000e-02 1.000000000e-02 5531
8.000000000e-02 1.500000000e-02 1.166666667e-02 5532
8.000000000e-02 1.500000000e-02 1.333333333e-02 5533
8.000000000e-02 1.500000000e-02 1.500000000e-02 5534
8.000000000e-02 1.500000000e-02 1.666666667e-02 5535
8.000000000e-02 1.500000000e-02 1.833333333e-02 5536
8.000000000e-02 1.500000000e-02 2.000000000e-02 5537
8.000000000e-02 1.666666667e-02 0.000000000e+00 5538
8.000000000e-02 1.666666667e-02 1.666666667e-03 5539
8.000000000e-02 1.666666667e-02 3.333333333e-03 5540
8.000000000e-02 1.666666667e-02 5.000000000e-03 5541
8.000000000e-02 1.666666667e-02 6.666666667e-03 5542
8.000000000e-02 1.666666667e-02 8.333333333e-03 5543
8.000000000e-02 1.666666667e-02 1.000000000e-02 5544
8.000000000e-02 1.666666667e-02 1.166666667e-02 5545
8.000000000e-02 1.666666667e-02 1.333333333e-02 5546
8.000000000e-02 1.666666667e-02 1.500000000e-02 5547
8.000000000e-02 1.666666667e-02 1.666666667e-02 5548
8.000000000e-02 1.666666667e-02 1.833333333e-02 5549
8.000000000e-02 1.666666667e-02 2.000000000e-02 5550
8.000000000e-02 1.833333333e-02 0.000000000e+00 5551
8.000000000e-02 1.833333333e-02 1.666666667e-03 5552
8.000000000e-02 1.833333333e-02 3.333333333e-03 5553
8.000000000e-02 1.833333333e-02 5.000000000e-03 5554
8.000000000e-02 1.833333333e-02 6.666666667e-03 5555
8.000000000e-02 1.833333333e-02 8.333333333e-03 5556
8.000000000e-02 1.833333333e-02 1.000000000e-02 5557
8.000000000e-02 1.833333333e-02 1.166666667e-02 5558
8.000000000e-02 1.833333333e-02 1.333333333e-02 5559
8.000000000e-02 1.833333333e-02 1.500000000e-02 5560
8.000000000e-02 1.833333333e-02 1.666666667e-02 5561
8.000000000e-02 1.833333333e-02 1.833333333e-02 5562
8.000000000e-02 1.833333333e-02 2.000000000e-02 5563
8.000000000e-02 2.000000000e-02 0.000000000e+00 5564
8.000000000e-02 2.000000000e-02 1.666666667e-03 5565
8.000000000e-02 2.000000000e-02 3.333333333e-03 5566
8.000000000e-02 2.000000000e-02 5.000000000e-03 5567
8.000000000e-02 2.000000000e-02 6.666666667e-03 5568
8.000000000e-02 2.000000000e-02 8.333333333e-03 5569
8.000000000e-02 2.000000000e-02 1.000000000e-02 5570
8.000000000e-02 2.000000000e-02 1.166666667e-02 5571
8.000000000e-02 2.000000000e-02 1.333333333e-02 5572
8.000000000e-02 2.000000000e-02 1.500000000e-02 5573
8.000000000e-02 2.000000000e-02 1.666666667e-02 5574
8.000000000e-02 2.000000000e-02 1.833333333e-02 5575
8.000000000e-02 2.000000000e-02 2.000000000e-02 5576
8.250000000e-02 0.000000000e+00 0.000000000e+00 5577
8.250000000e-02 0.000000000e+00 1.666666667e-03 5578
8.250000000e-02 0.000000000e+00 3.333333333e-03 5579
8.250000000e-02 0.000000000e+00 5.000000000e-03 5580
8.250000000e-02 0.000000000e+00 6.666666667e-03 5581
8.250000000e-02 0.000000000e+00 8.333333333e-03 5582
8.250000000e-02 0.000000000e+00 1.000000000e-02 5583
8.250000000e-02 0.000000000e+00 1.166666667e-02 5584
8.250000000e-02 0.000000000e+00 1.333333333e-02 5585
8.250000000e-02 0.000000000e+00 1.500000000e-02 5586
8.250000000e-02 0.000000000e+00 1.666666667e-02 5587
8.250000000e-02 0.000000000e+00 1.833333333e-02 5588
8.250000000e-02 0.000000000e+00 2.000000000e-02 5589
8.250000000e-02 1.666666667e-03 0.000000000e+00 5590
8.250000000e-02 1.666666667e-03 1.666666667e-03 5591
8.250000000e-02 1.666666667e-03 3.333333333e-03 5592
8.250000000e-02 1.666666667e-03 5.000000000e-03 5593
8.250000000e-02 1.666666667e-03 6.666666667e-03 5594
8.250000000e-02 1.666666667e-03 8.333333333e-03 5595
8.250000000e-02 1.666666667e-03 1.000000000e-02 5596
8.250000000e-02 1.666666667e-03 1.166666667e-02 5597
8.250000000e-02 1.666666667e-03 1.333333333e-02 5598
8.250000000e-02 1.666666667e-03 1.500000000e-02 5599
8.250000000e-02 1.666666667e-03 1.666666667e-02 5600
8.250000000e-02 1.666666667e-03 1.833333333e-02 5601
8.250000000e-02 1.666666667e-03 2.000000000e-02 5602
8.250000000e-02 3.333333333e-03 0.000000000e+00 5603
8.250000000e-02 3.333333333e-03 1.666666667e-03 5604
8.250000000e-02 3.333333333e-03 3.333333333e-03 5605
8.250000000e-02 3.333333333e-03 5.000000000e-03 5606
8.250000000e-02 3.333333333e-03 6.666666667e-03 5607
8.250000000e-02 3.333333333e-03 8.333333333e-03 5608
8.250000000e-02 3.333333333e-03 1.000000000e-02 5609
8.250000000e-02 3.333333333e-03 1.166666667e-02 5610
8.250000000e-02 3.333333333e-03 1.333333333e-02 5611
8.250000000e-02 3.333333333e-03 1.500000000e-02 5612
8.250000000e-02 3.333333333e-03 1.666666667e-02 5613
8.250000000e-02 3.333333333e-03 1.833333333e-02 5614
8.250000000e-02 3.333333333e-03 2.000000000e-02 5615
8.250000000e-02 5.000000000e-03 0.000000000e+00 5616
8.250000000e-02 5.000000000e-03 1.666666667e-03 5617
8.250000000e-02 5.000000000e-03 3.333333333e-03 5618
8.250000000e-02 5.000000000e-03 5.000000000e-03 5619
8.250000000e-02 5.000000000e-03 6.666666667e-03 5620
8.250000000e-02 5.000000000e-03 8.333333333e-03 5621
8.250000000e-02 5.000000000e-03 1.000000000e-02 5622
8.250000000e-02 5.000000000e-03 1.166666667e-02 5623
8.250000000e-02 5.000000000e-03 1.333333333e-02 5624
8.250000000e-02 5.000000000e-03 1.500000000e-02 5625
8.250000000e-02 5.000000000e-03 1.666666667e-02 5626
8.250000000e-02 5.000000000e-03 1.833333333e-02 5627
8.250000000e-02 5.000000000e-03 2.000000000e-02 5628
8.250000000e-02 6.666666667e-03 0.000000000e+00 5629
8.250000000e-02 6.666666667e-03 1.666666667e-03 5630
8.250000000e-02 6.666666667e-03 3.333333333e-03 5631
8.250000000e-02 6.666666667e-03 5.000000000e-03 5632
8.250000000e-02 6.666666667e-03 6.666666667e-03 5633
8.250000000e-02 6.666666667e-03 8.333333333e-03 5634
8.250000000e-02 6.666666667e-03 1.000000000e-02 5635
8.250000000e-02 6.666666667e-03 1.166666667e-02 5636
8.250000000e-02 6.666666667e-03 1.333333333e-02 5637
8.250000000e-02 6.666666667e-03 1.500000000e-02 5638
8.250000000e-02 6.666666667e-03 1.666666667e-02 5639
8.250000000e-02 6.666666667e-03 1.833333333e-02 5640
8.250000000e-02 6.666666667e-03 2.000000000e-02 5641
8.250000000e-02 8.333333333e-03 0.000000000e+00 5642
8.250000000e-02 8.333333333e-03 1.666666667e-03 5643
8.250000000e-02 8.333333333e-03 3.333333333e-03 5644
8.250000000e-02 8.333333333e-03 5.000000000e-03 5645
8.250000000e-02 8.333333333e-03 6.666666667e-03 5646
8.250000000e-02 8.333333333e-03 8.333333333e-03 5647
8.250000000e-02 8.333333333e-03 1.000000000e-02 5648
8.250000000e-02 8.333333333e-03 1.166666667e-02 5649
8.250000000e-02 8.333333333e-03 1.333333333e-02 5650
8.250000000e-02 8.333333333e-03 1.500000000e-02 5651
8.250000000e-02 8.333333333e-03 1.666666667e-02 5652
8.250000000e-02 8.333333333e-03 1.833333333e-02 5653
8.250000000e-02 8.333333333e-03 2.000000000e-02 5654
8.250000000e-02 1.000000000e-02 0.000000000e+00 5655
8.250000000e-02 1.000000000e-02 1.666666667e-03 5656
8.250000000e-02 1.000000000e-02 3.333333333e-03 5657
8.250000000e-02 1.000000000e-02 5.000000000e-03 5658
8.250000000e-02 1.000000000e-02 6.666666667e-03 5659
8.250000000e-02 1.000000000e-02 8.333333333e-03 5660
8.250000000e-02 1.000000000e-02 1.000000000e-02 5661
8.250000000e-02 1.000000000e-02 1.166666667e-02 5662
8.250000000e-02 1.000000000e-02 1.333333333e-02 5663
8.250000000e-02 1.000000000e-02 1.500000000e-02 5664
8.250000000e-02 1.000000000e-02 1.666666667e-02 5665
8.250000000e-02 1.000000000e-02 1.833333333e-02 5666
8.250000000e-02 1.000000000e-02 2.000000000e-02 5667
8.250000000e-02 1.166666667e-02 0.000000000e+00 5668
8.250000000e-02 1.166666667e-02 1.666666667e-03 5669
8.250000000e-02 1.166666667e-02 3.333333333e-03 5670
8.250000000e-02 1.166666667e-02 5.000000000e-03 5671
8.250000000e-02 1.166666667e-02 6.666666667e-03 5672
8.250000000e-02 1.166666667e-02 8.333333333e-03 5673
8.250000000e-02 1.166666667e-02 1.000000000e-02 5674
8.250000000e-02 1.166666667e-02 1.166666667e-02 5675
8.250000000e-02 1.166666667e-02 1.333333333e-02 5676
8.250000000e-02 1.166666667e-02 1.500000000e-02 5677
8.250000000e-02 1.166666667e-02 1.666666667e-02 5678
8.250000000e-02 1.166666667e-02 1.833333333e-02 5679
8.250000000e-02 1.166666667e-02 2.000000000e-02 5680
8.250000000e-02 1.333333333e-02 0.000000000e+00 5681
8.250000000e-02 1.333333333e-02 1.666666667e-03 5682
8.250000000e-02 1.333333333e-02 3.333333333e-03 5683
8.250000000e-02 1.333333333e-02 5.000000000e-03 5684
8.250000000e-02 1.333333333e-02 6.666666667e-03 5685
8.250000000e-02 1.333333333e-02 8.333333333e-03 5686
8.250000000e-02 1.333333333e-02 1.000000000e-02 5687
8.250000000e-02 1.333333333e-02 1.166666667e-02 5688
8.250000000e-02 1.333333333e-02 1.333333333e-02 5689
8.250000000e-02 1.333333333e-02 1.500000000e-02 5690
8.250000000e-02 1.333333333e-02 1.666666667e-02 5691
8.250000000e-02 1.333333333e-02 1.833333333e-02 5692
8.250000000e-02 1.333333333e-02 2.000000000e-02 5693
8.250000000e-02 1.500000000e-02 0.000000000e+00 5694
8.250000000e-02 1.500000000e-02 1.666666667e-03 5695
8.250000000e-02 1.500000000e-02 3.333333333e-03 5696
8.250000000e-02 1.500000000e-02 5.000000000e-03 5697
8.250000000e-02 1.500000000e-02 6.666666667e-03 5698
8.250000000e-02 1.500000000e-02 8.333333333e-03 5699
8.250000000e-02 1.500000000e-02 1.000000000e-02 5700
8.250000000e-02 1.500000000e-02 1.166666667e-02 5701
8.250000000e-02 1.500000000e-02 1.333333333e-02 5702
8.250000000e-02 1.500000000e-02 1.500000000e-02 5703
8.250000000e-02 1.500000000e-02 1.666666667e-02 5704
8.250000000e-02 1.500000000e-02 1.833333333e-02 5705
8.250000000e-02 1.500000000e-02 2.000000000e-02 5706
8.250000000e-02 1.666666667e-02 0.000000000e+00 5707
8.250000000e-02 1.666666667e-02 1.666666667e-03 5708
8.250000000e-02 1.666666667e-02 3.333333333e-03 5709
8.250000000e-02 1.666666667e-02 5.000000000e-03 5710
8.250000000e-02 1.666666667e-02 6.666666667e-03 5711
8.250000000e-02 1.666666667e-02 8.333333333e-03 5712
8.250000000e-02 1.666666667e-02 1.000000000e-02 5713
8.250000000e-02 1.666666667e-02 1.166666667e-02 5714
8.250000000e-02 1.666666667e-02 1.333333333e-02 5715
8.250000000e-02 1.666666667e-02 1.500000000e-02 5716
8.250000000e-02 1.666666667e-02 1.666666667e-02 5717
8.250000000e-02 1.666666667e-02 1.833333333e-02 5718
8.250000000e-02 1.666666667e-02 2.000000000e-02 5719
8.250000000e-02 1.833333333e-02 0.000000000e+00 5720
8.250000000e-02 1.833333333e-02 1.666666667e-03 5721
8.250000000e-02 1.833333333e-02 3.333333333e-03 5722
8.250000000e-02 1.833333333e-02 5.000000000e-03 5723
8.250000000e-02 1.833333333e-02 6.666666667e-03 5724
8.250000000e-02 1.833333333e-02 8.333333333e-03 5725
8.250000000e-02 1.833333333e-02 1.000000000e-02 5726
8.250000000e-02 1.833333333e-02 1.166666667e-02 5727
8.250000000e-02 1.833333333e-02 1.333333333e-02 5728
8.250000000e-02 1.833333333e-02 1.500000000e-02 5729
8.250000000e-02 1.833333333e-02 1.666666667e-02 5730
8.250000000e-02 1.833333333e-02 1.833333333e-02 5731
8.250000000e-02 1.833333333e-02 2.000000000e-02 5732
8.250000000e-02 2.000000000e-02 0.000000000e+00 5733
8.250000000e-02 2.000000000e-02 1.666666667e-03 5734
8.250000000e-02 2.000000000e-02 3.333333333e-03 5735
8.250000000e-02 2.000000000e-02 5.000000000e-03 5736
8.250000000e-02 2.000000000e-02 6.666666667e-03 5737
8.250000000e-02 2.000000000e-02 8.333333333e-03 5738
8.250000000e-02 2.000000000e-02 1.000000000e-02 5739
8.250000000e-02 2.000000000e-02 1.166666667e-02 5740
8.250000000e-02 2.000000000e-02 1.333333333e-02 5741
8.250000000e-02 2.000000000e-02 1.500000000e-02 5742
8.250000000e-02 2.000000000e-02 1.666666667e-02 5743
8.250000000e-02 2.000000000e-02 1.833333333e-02 5744
8.250000000e-02 2.000000000e-02 2.000000000e-02 5745
8.500000000e-02 0.000000000e+00 0.000000000e+00 5746
8.500000000e-02 0.000000000e+00 1.666666667e-03 5747
8.500000000e-02 0.000000000e+00 3.333333333e-03 5748
8.500000000e-02 0.000000000e+00 5.000000000e-03 5749
8.500000000e-02 0.000000000e+00 6.666666667e-03 5750
8.500000000e-02 0.000000000e+00 8.333333333e-03 5751
8.500000000e-02 0.000000000e+00 1.000000000e-02 5752
8.500000000e-02 0.000000000e+00 1.166666667e-02 5753
8.500000000e-02 0.000000000e+00 1.333333333e-02 5754
8.500000000e-02 0.000000000e+00 1.500000000e-02 5755
8.500000000e-02 0.000000000e+00 1.666666667e-02 5756
8.500000000e-02 0.000000000e+00 1.833333333e-02 5757
8.500000000e-02 0.000000000e+00 2.000000000e-02 5758
8.500000000e-02 1.666666667e-03 0.000000000e+00 5759
8.500000000e-02 1.666666667e-03 1.666666667e-03 5760
8.500000000e-02 1.666666667e-03 3.333333333e-03 5761
8.500000000e-02 1.666666667e-03 5.000000000e-03 5762
8.500000000e-02 1.666666667e-03 6.666666667e-03 5763
8.500000000e-02 1.666666667e-03 8.333333333e-03 5764
8.500000000e-02 1.666666667e-03 1.000000000e-02 5765
8.500000000e-02 1.666666667e-03 1.166666667e-02 5766
8.500000000e-02 1.666666667e-03 1.333333333e-02 5767
8.500000000e-02 1.666666667e-03 1.500000000e-02 5768
8.500000000e-02 1.666666667e-03 1.666666667e-02 5769
8.500000000e-02 1.666666667e-03 1.833333333e-02 5770
8.500000000e-02 1.666666667e-03 2.000000000e-02 5771
8.500000000e-02 3.333333333e-03 0.000000000e+00 5772
8.500000000e-02 3.333333333e-03 1.666666667e-03 5773
8.500000000e-02 3.333333333e-03 3.333333333e-03 5774
8.500000000e-02 3.333333333e-03 5.000000000e-03 5775
8.500000000e-02 3.333333333e-03 6.666666667e-03 5776
8.500000000e-02 3.333333333e-03 8.333333333e-03 5777
8.500000000e-02 3.333333333e-03 1.000000000e-02 5778
8.500000000e-02 3.333333333e-03 1.166666667e-02 5779
8.500000000e-02 3.333333333e-03 1.333333333e-02 5780
8.500000000e-02 3.333333333e-03 1.500000000e-02 5781
8.500000000e-02 3.333333333e-03 1.666666667e-02 5782
8.500000000e-02 3.333333333e-03 1.833333333e-02 5783
8.500000000e-02 3.333333333e-03 2.000000000e-02 5784
8.500000000e-02 5.000000000e-03 0.000000000e+00 5785
8.500000000e-02 5.000000000e-03 1.666666667e-03 5786
8.500000000e-02 5.000000000e-03 3.333333333e-03 5787
8.500000000e-02 5.000000000e-03 5.000000000e-03 5788
8.500000000e-02 5.000000000e-03 6.666666667e-03 5789
8.500000000e-02 5.000000000e-03 8.333333333e-03 5790
8.500000000e-02 5.000000000e-03 1.000000000e-02 5791
8.500000000e-02 5.000000000e-03 1.166666667e-02 5792
8.500000000e-02 5.000000000e-03 1.333333333e-02 5793
8.500000000e-02 5.000000000e-03 1.500000000e-02 5794
8.500000000e-02 5.000000000e-03 1.666666667e-02 5795
8.500000000e-02 5.000000000e-03 1.833333333e-02 5796
8.500000000e-02 5.000000000e-03 2.000000000e-02 5797
8.500000000e-02 6.666666667e-03 0.000000000e+00 5798
8.500000000e-02 6.666666667e-03 1.666666667e-03 5799
8.500000000e-02 6.666666667e-03 3.333333333e-03 5800
8.500000000e-02 6.666666667e-03 5.000000000e-03 5801
8.500000000e-02 6.666666667e-03 6.666666667e-03 5802
8.500000000e-02 6.666666667e-03 8.333333333e-03 5803
8.500000000e-02 6.666666667e-03 1.000000000e-02 5804
8.500000000e-02 6.666666667e-03 1.166666667e-02 5805
8.500000000e-02 6.666666667e-03 1.333333333e-02 5806
8.500000000e-02 6.666666667e-03 1.500000000e-02 5807
8.500000000e-02 6.666666667e-03 1.666666667e-02 5808
8.500000000e-02 6.666666667e-03 1.833333333e-02 5809
8.500000000e-02 6.666666667e-03 2.000000000e-02 5810
8.500000000e-02 8.333333333e-03 0.000000000e+00 5811
8.500000000e-02 8.333333333e-03 1.666666667e-03 5812
8.500000000e-02 8.333333333e-03 3.333333333e-03 5813
8.500000000e-02 8.333333333e-03 5.000000000e-03 5814
8.500000000e-02 8.333333333e-03 6.666666667e-03 5815
8.500000000e-02 8.333333333e-03 8.333333333e-03 5816
8.500000000e-02 8.333333333e-03 1.000000000e-02 5817
8.500000000e-02 8.333333333e-03 1.166666667e-02 5818
8.500000000e-02 8.333333333e-03 1.333333333e-02 5819
8.500000000e-02 8.333333333e-03 1.500000000e-02 5820
8.500000000e-02 8.333333333e-03 1.666666667e-02 5821
8.500000000e-02 8.333333333e-03 1.833333333e-02 5822
8.500000000e-02 8.333333333e-03 2.000000000e-02 5823
8.500000000e-02 1.000000000e-02 0.000000000e+00 5824
8.500000000e-02 1.000000000e-02 1.666666667e-03 5825
8.500000000e-02 1.000000000e-02 3.333333333e-03 5826
8.500000000e-02 1.000000000e-02 5.000000000e-03 5827
8.500000000e-02 1.000000000e-02 6.666666667e-03 5828
8.500000000e-02 1.000000000e-02 8.333333333e-03 5829
8.500000000e-02 1.000000000e-02 1.000000000e-02 5830
8.500000000e-02 1.000000000e-02 1.166666667e-02 5831
8.500000000e-02 1.000000000e-02 1.333333333e-02 5832
8.500000000e-02 1.000000000e-02 1.500000000e-02 5833
8.500000000e-02 1.000000000e-02 1.666666667e-02 5834
8.500000000e-02 1.000000000e-02 1.833333333e-02 5835
8.500000000e-02 1.000000000e-02 2.000000000e-02 5836
8.500000000e-02 1.166666667e-02 0.000000000e+00 5837
8.500000000e-02 1.166666667e-02 1.666666667e-03 5838
8.500000000e-02 1.166666667e-02 3.333333333e-03 5839
8.500000000e-02 1.166666667e-02 5.000000000e-03 5840
8.500000000e-02 1.166666667e-02 6.666666667e-03 5841
8.500000000e-02 1.166666667e-02 8.333333333e-03 5842
8.500000000e-02 1.166666667e-02 1.000000000e-02 5843
8.500000000e-02 1.166666667e-02 1.166666667e-02 5844
8.500000000e-02 1.166666667e-02 1.333333333e-02 5845
8.500000000e-02 1.166666667e-02 1.500000000e-02 5846
8.500000000e-02 1.166666667e-02 1.666666667e-02 5847
8.500000000e-02 1.166666667e-02 1.833333333e-02 5848
8.500000000e-02 1.166666667e-02 2.000000000e-02 5849
8.500000000e-02 1.333333333e-02 0.000000000e+00 5850
8.500000000e-02 1.333333333e-02 1.666666667e-03 5851
8.500000000e-02 1.333333333e-02 3.333333333e-03 5852
8.500000000e-02 1.333333333e-02 5.000000000e-03 5853
8.500000000e-02 1.333333333e-02 6.666666667e-03 5854
8.500000000e-02 1.333333333e-02 8.333333333e-03 5855
8.500000000e-02 1.333333333e-02 1.000000000e-02 5856
8.500000000e-02 1.333333333e-02 1.166666667e-02 5857
8.500000000e-02 1.333333333e-02 1.333333333e-02 5858
8.500000000e-02 1.333333333e-02 1.500000000e-02 5859
8.500000000e-02 1.333333333e-02 1.666666667e-02 5860
8.500000000e-02 1.333333333e-02 1.833333333e-02 5861
8.500000000e-02 1.333333333e-02 2.000000000e-02 5862
8.500000000e-02 1.500000000e-02 0.000000000e+00 5863
8.500000000e-02 1.500000000e-02 1.666666667e-03 5864
8.500000000e-02 1.500000000e-02 3.333333333e-03 5865
8.500000000e-02 1.500000000e-02 5.000000000e-03 5866
8.500000000e-02 1.500000000e-02 6.666666667e-03 5867
8.500000000e-02 1.500000000e-02 8.333333333e-03 5868
8.500000000e-02 1.500000000e-02 1.000000000e-02 5869
8.500000000e-02 1.500000000e-02 1.166666667e-02 5870
8.500000000e-02 1.500000000e-02 1.333333333e-02 5871
8.500000000e-02 1.500000000e-02 1.500000000e-02 5872
8.500000000e-02 1.500000000e-02 1.666666667e-02 5873
8.500000000e-02 1.500000000e-02 1.833333333e-02 5874
8.500000000e-02 1.500000000e-02 2.000000000e-02 5875
8.500000000e-02 1.666666667e-02 0.000000000e+00 5876
8.500000000e-02 1.666666667e-02 1.666666667e-03 5877
8.500000000e-02 1.666666667e-02 3.333333333e-03 5878
8.500000000e-02 1.666666667e-02 5.000000000e-03 5879
8.500000000e-02 1.666666667e-02 6.666666667e-03 5880
8.500000000e-02 1.666666667e-02 8.333333333e-03 5881
8.500000000e-02 1.666666667e-02 1.000000000e-02 5882
8.500000000e-02 1.666666667e-02 1.166666667e-02 5883
8.500000000e-02 1.666666667e-02 1.333333333e-02 5884
8.500000000e-02 1.666666667e-02 1.500000000e-02 5885
8.500000000e-02 1.666666667e-02 1.666666667e-02 5886
8.500000000e-02 1.666666667e-02 1.833333333e-02 5887
8.500000000e-02 1.666666667e-02 2.000000000e-02 5888
8.500000000e-02 1.833333333e-02 0.000000000e+00 5889
8.500000000e-02 1.833333333e-02 1.666666667e-03 5890
8.500000000e-02 1.833333333e-02 3.333333333e-03 5891
8.500000000e-02 1.833333333e-02 5.000000000e-03 5892
8.500000000e-02 1.833333333e-02 6.666666667e-03 5893
8.500000000e-02 1.833333333e-02 8.333333333e-03 5894
8.500000000e-02 1.833333333e-02 1.000000000e-02 5895
8.500000000e-02 1.833333333e-02 1.166666667e-02 5896
8.500000000e-02 1.833333333e-02 1.333333333e-02 5897
8.500000000e-02 1.833333333e-02 1.500000000e-02 5898
8.500000000e-02 1.833333333e-02 1.666666667e-02 5899
8.500000000e-02 1.833333333e-02 1.833333333e-02 5900
8.500000000e-02 1.833333333e-02 2.000000000e-02 5901
8.500000000e-02 2.000000000e-02 0.000000000e+00 5902
8.500000000e-02 2.000000000e-02 1.666666667e-03 5903
8.500000000e-02 2.000000000e-02 3.333333333e-03 5904
8.500000000e-02 2.000000000e-02 5.000000000e-03 5905
8.500000000e-02 2.000000000e-02 6.666666667e-03 5906
8.500000000e-02 2.000000000e-02 8.333333333e-03 5907
8.500000000e-02 2.000000000e-02 1.000000000e-02 5908
8.500000000e-02 2.000000000e-02 1.166666667e-02 5909
8.500000000e-02 2.000000000e-02 1.333333333e-02 5910
8.500000000e-02 2.000000000e-02 1.500000000e-02 5911
8.500000000e-02 2.000000000e-02 1.666666667e-02 5912
8.500000000e-02 2.000000000e-02 1.833333333e-02 5913
8.500000000e-02 2.000000000e-02 2.000000000e-02 5914
8.750000000e-02 0.000000000e+00 0.000000000e+00 5915
8.750000000e-02 0.000000000e+00 1.666666667e-03 5916
8.750000000e-02 0.000000000e+00 3.333333333e-03 5917
8.750000000e-02 0.000000000e+00 5.000000000e-03 5918
8.750000000e-02 0.000000000e+00 6.666666667e-03 5919
8.750000000e-02 0.000000000e+00 8.333333333e-03 5920
8.750000000e-02 0.000000000e+00 1.000000000e-02 5921
8.750000000e-02 0.000000000e+00 1.166666667e-02 5922
8.750000000e-02 0.000000000e+00 1.333333333e-02 5923
8.750000000e-02 0.000000000e+00 1.500000000e-02 5924
8.750000000e-02 0.000000000e+00 1.666666667e-02 5925
8.750000000e-02 0.000000000e+00 1.833333333e-02 5926
8.750000000e-02 0.000000000e+00 2.000000000e-02 5927
8.750000000e-02 1.666666667e-03 0.000000000e+00 5928
8.750000000e-02 1.666666667e-03 1.666666667e-03 5929
8.750000000e-02 1.666666667e-03 3.333333333e-03 5930
8.750000000e-02 1.666666667e-03 5.000000000e-03 5931
8.750000000e-02 1.666666667e-03 6.666666667e-03 5932
8.750000000e-02 1.666666667e-03 8.333333333e-03 5933
8.750000000e-02 1.666666667e-03 1.000000000e-02 5934
8.750000000e-02 1.666666667e-03 1.166666667e-02 5935
8.750000000e-02 1.666666667e-03 1.333333333e-02 5936
8.750000000e-02 1.666666667e-03 1.500000000e-02 5937
8.750000000e-02 1.666666667e-03 1.666666667e-02 5938
8.750000000e-02 1.666666667e-03 1.833333333e-02 5939
8.750000000e-02 1.666666667e-03 2.000000000e-02 5940
8.750000000e-02 3.333333333e-03 0.000000000e+00 5941
8.750000000e-02 3.333333333e-03 1.666666667e-03 5942
8.750000000e-02 3.333333333e-03 3.333333333e-03 5943
8.750000000e-02 3.333333333e-03 5.000000000e-03 5944
8.750000000e-02 3.333333333e-03 6.666666667e-03 5945
8.750000000e-02 3.333333333e-03 8.333333333e-03 5946
8.750000000e-02 3.333333333e-03 1.000000000e-02 5947
8.750000000e-02 3.333333333e-03 1.166666667e-02 5948
8.750000000e-02 3.333333333e-03 1.333333333e-02 5949
8.750000000e-02 3.333333333e-03 1.500000000e-02 5950
8.750000000e-02 3.333333333e-03 1.666666667e-02 5951
8.750000000e-02 3.333333333e-03 1.833333333e-02 5952
8.750000000e-02 3.333333333e-03 2.000000000e-02 5953
8.750000000e-02 5.000000000e-03 0.000000000e+00 5954
8.750000000e-02 5.000000000e-03 1.666666667e-03 5955
8.750000000e-02 5.000000000e-03 3.333333333e-03 5956
8.750000000e-02 5.000000000e-03 5.000000000e-03 5957
8.750000000e-02 5.000000000e-03 6.666666667e-03 5958
8.750000000e-02 5.000000000e-03 8.333333333e-03 5959
8.750000000e-02 5.000000000e-03 1.000000000e-02 5960
8.750000000e-02 5.000000000e-03 1.166666667e-02 5961
8.750000000e-02 5.000000000e-03 1.333333333e-02 5962
8.750000000e-02 5.000000000e-03 1.500000000e-02 5963
8.750000000e-02 5.000000000e-03 1.666666667e-02 5964
8.750000000e-02 5.000000000e-03 1.833333333e-02 5965
8.750000000e-02 5.000000000e-03 2.000000000e-02 5966
8.750000000e-02 6.666666667e-03 0.000000000e+00 5967
8.750000000e-02 6.666666667e-03 1.666666667e-03 5968
8.750000000e-02 6.666666667e-03 3.333333333e-03 5969
8.750000000e-02 6.666666667e-03 5.000000000e-03 5970
8.750000000e-02 6.666666667e-03 6.666666667e-03 5971
8.750000000e-02 6.666666667e-03 8.333333333e-03 5972
8.750000000e-02 6.666666667e-03 1.000000000e-02 5973
8.750000000e-02 6.666666667e-03 1.166666667e-02 5974
8.750000000e-02 6.666666667e-03 1.333333333e-02 5975
8.750000000e-02 6.666666667e-03 1.500000000e-02 5976
8.750000000e-02 6.666666667e-03 1.666666667e-02 5977
8.750000000e-02 6.666666667e-03 1.833333333e-02 5978
8.750000000e-02 6.666666667e-03 2.000000000e-02 5979
8.750000000e-02 8.333333333e-03 0.000000000e+00 5980
8.750000000e-02 8.333333333e-03 1.666666667e-03 5981
8.750000000e-02 8.333333333e-03 3.333333333e-03 5982
8.750000000e-02 8.333333333e-03 5.000000000e-03 5983
8.750000000e-02 8.333333333e-03 6.666666667e-03 5984
8.750000000e-02 8.333333333e-03 8.333333333e-03 5985
8.750000000e-02 8.333333333e-03 1.000000000e-02 5986
8.750000000e-02 8.333333333e-03 1.166666667e-02 5987
8.750000000e-02 8.333333333e-03 1.333333333e-02 5988
8.750000000e-02 8.333333333e-03 1.500000000e-02 5989
8.750000000e-02 8.333333333e-03 1.666666667e-02 5990
8.750000000e-02 8.333333333e-03 1.833333333e-02 5991
8.750000000e-02 8.333333333e-03 2.000000000e-02 5992
8.750000000e-02 1.000000000e-02 0.000000000e+00 5993
8.750000000e-02 1.000000000e-02 1.666666667e-03 5994
8.750000000e-02 1.000000000e-02 3.333333333e-03 5995
8.750000000e-02 1.000000000e-02 5.000000000e-03 5996
8.750000000e-02 1.000000000e-02 6.666666667e-03 5997
8.750000000e-02 1.000000000e-02 8.333333333e-03 5998
8.750000000e-02 1.000000000e-02 1.000000000e-02 5999
8.750000000e-02 1.000000000e-02 1.166666667e-02 6000
8.750000000e-02 1.000000000e-02 1.333333333e-02 6001
8.750000000e-02 1.000000000e-02 1.500000000e-02 6002
8.750000000e-02 1.000000000e-02 1.666666667e-02 6003
8.750000000e-02 1.000000000e-02 1.833333333e-02 6004
8.750000000e-02 1.000000000e-02 2.000000000e-02 6005
8.750000000e-02 1.166666667e-02 0.000000000e+00 6006
8.750000000e-02 1.166666667e-02 1.666666667e-03 6007
8.750000000e-02 1.166666667e-02 3.333333333e-03 6008
8.750000000e-02 1.166666667e-02 5.000000000e-03 6009
8.750000000e-02 1.166666667e-02 6.666666667e-03 6010
8.750000000e-02 1.166666667e-02 8.333333333e-03 6011
8.750000000e-02 1.166666667e-02 1.000000000e-02 6012
8.750000000e-02 1.166666667e-02 1.166666667e-02 6013
8.750000000e-02 1.166666667e-02 1.333333333e-02 6014
8.750000000e-02 1.166666667e-02 1.500000000e-02 6015
8.750000000e-02 1.166666667e-02 1.666666667e-02 6016
8.750000000e-02 1.166666667e-02 1.833333333e-02 6017
8.750000000e-02 1.166666667e-02 2.000000000e-02 6018
8.750000000e-02 1.333333333e-02 0.000000000e+00 6019
8.750000000e-02 1.333333333e-02 1.666666667e-03 6020
8.750000000e-02 1.333333333e-02 3.333333333e-03 6021
8.750000000e-02 1.333333333e-02 5.000000000e-03 6022
8.750000000e-02 1.333333333e-02 6.666666667e-03 6023
8.750000000e-02 1.333333333e-02 8.333333333e-03 6024
8.750000000e-02 1.333333333e-02 1.000000000e-02 6025
8.750000000e-02 1.333333333e-02 1.166666667e-02 6026
8.750000000e-02 1.333333333e-02 1.333333333e-02 6027
8.750000000e-02 1.333333333e-02 1.500000000e-02 6028
8.750000000e-02 1.333333333e-02 1.666666667e-02 6029
8.750000000e-02 1.333333333e-02 1.833333333e-02 6030
8.750000000e-02 1.333333333e-02 2.000000000e-02 6031
8.750000000e-02 1.500000000e-02 0.000000000e+00 6032
8.750000000e-02 1.500000000e-02 1.666666667e-03 6033
8.750000000e-02 1.500000000e-02 3.333333333e-03 6034
8.750000000e-02 1.500000000e-02 5.000000000e-03 6035
8.750000000e-02 1.500000000e-02 6.666666667e-03 6036
8.750000000e-02 1.500000000e-02 8.333333333e-03 6037
8.750000000e-02 1.500000000e-02 1.000000000e-02 6038
8.750000000e-02 1.500000000e-02 1.166666667e-02 6039
8.750000000e-02 1.500000000e-02 1.333333333e-02 6040
8.750000000e-02 1.500000000e-02 1.500000000e-02 6041
8.750000000e-02 1.500000000e-02 1.666666667e-02 6042
8.750000000e-02 1.500000000e-02 1.833333333e-02 6043
8.750000000e-02 1.500000000e-02 2.000000000e-02 6044
8.750000000e-02 1.666666667e-02 0.000000000e+00 6045
8.750000000e-02 1.666666667e-02 1.666666667e-03 6046
8.750000000e-02 1.666666667e-02 3.333333333e-03 6047
8.750000000e-02 1.666666667e-02 5.000000000e-03 6048
8.750000000e-02 1.666666667e-02 6.666666667e-03 6049
8.750000000e-02 1.666666667e-02 8.333333333e-03 6050
8.750000000e-02 1.666666667e-02 1.000000000e-02 6051
8.750000000e-02 1.666666667e-02 1.166666667e-02 6052
8.750000000e-02 1.666666667e-02 1.333333333e-02 6053
8.750000000e-02 1.666666667e-02 1.500000000e-02 6054
8.750000000e-02 1.666666667e-02 1.666666667e-02 6055
8.750000000e-02 1.666666667e-02 1.833333333e-02 6056
8.750000000e-02 1.666666667e-02 2.000000000e-02 6057
8.750000000e-02 1.833333333e-02 0.000000000e+00 6058
8.750000000e-02 1.833333333e-02 1.666666667e-03 6059
8.750000000e-02 1.833333333e-02 3.333333333e-03 6060
8.750000000e-02 1.833333333e-02 5.000000000e-03 6061
8.750000000e-02 1.833333333e-02 6.666666667e-03 6062
8.750000000e-02 1.833333333e-02 8.333333333e-03 6063
8.750000000e-02 1.833333333e-02 1.000000000e-02 6064
8.750000000e-02 1.833333333e-02 1.166666667e-02 6065
8.750000000e-02 1.833333333e-02 1.333333333e-02 6066
8.750000000e-02 1.833333333e-02 1.500000000e-02 6067
8.750000000e-02 1.833333333e-02 1.666666667e-02 6068
8.750000000e-02 1.833333333e-02 1.833333333e-02 6069
8.750000000e-02 1.833333333e-02 2.000000000e-02 6070
8.750000000e-02 2.000000000e-02 0.000000000e+00 6071
8.750000000e-02 2.000000000e-02 1.666666667e-03 6072
8.750000000e-02 2.000000000e-02 3.333333333e-03 6073
8.750000000e-02 2.000000000e-02 5.000000000e-03 6074
8.750000000e-02 2.000000000e-02 6.666666667e-03 6075
8.750000000e-02 2.000000000e-02 8.333333333e-03 6076
8.750000000e-02 2.000000000e-02 1.000000000e-02 6077
8.750000000e-02 2.000000000e-02 1.166666667e-02 6078
8.750000000e-02 2.000000000e-02 1.333333333e-02 6079
8.750000000e-02 2.000000000e-02 1.500000000e-02 6080
8.750000000e-02 2.000000000e-02 1.666666667e-02 6081
8.750000000e-02 2.000000000e-02 1.833333333e-02 6082
8.750000000e-02 2.000000000e-02 2.000000000e-02 6083
9.000000000e-02 0.000000000e+00 0.000000000e+00 6084
9.000000000e-02 0.000000000e+00 1.666666667e-03 6085
9.000000000e-02 0.000000000e+00 3.333333333e-03 6086
9.000000000e-02 0.000000000e+00 5.000000000e-03 6087
9.000000000e-02 0.000000000e+00 6.666666667e-03 6088
9.000000000e-02 0.000000000e+00 8.333333333e-03 6089
9.000000000e-02 0.000000000e+00 1.000000000e-02 6090
9.000000000e-02 0.000000000e+00 1.166666667e-02 6091
9.000000000e-02 0.000000000e+00 1.333333333e-02 6092
9.000000000e-02 0.000000000e+00 1.500000000e-02 6093
9.000000000e-02 0.000000000e+00 1.666666667e-02 6094
9.000000000e-02 0.000000000e+00 1.833333333e-02 6095
9.000000000e-02 0.000000000e+00 2.000000000e-02 6096
9.000000000e-02 1.666666667e-03 0.000000000e+00 6097
9.000000000e-02 1.666666667e-03 1.666666667e-03 6098
9.000000000e-02 1.666666667e-03 3.333333333e-03 6099
9.000000000e-02 1.666666667e-03 5.000000000e-03 6100
9.000000000e-02 1.666666667e-03 6.666666667e-03 6101
9.000000000e-02 1.666666667e-03 8.333333333e-03 6102
9.000000000e-02 1.666666667e-03 1.000000000e-02 6103
9.000000000e-02 1.666666667e-03 1.166666667e-02 6104
9.000000000e-02 1.666666667e-03 1.333333333e-02 6105
9.000000000e-02 1.666666667e-03 1.500000000e-02 6106
9.000000000e-02 1.666666667e-03 1.666666667e-02 6107
9.000000000e-02 1.666666667e-03 1.833333333e-02 6108
9.000000000e-02 1.666666667e-03 2.000000000e-02 6109
9.000000000e-02 3.333333333e-03 0.000000000e+00 6110
9.000000000e-02 3.333333333e-03 1.666666667e-03 6111
9.000000000e-02 3.333333333e-03 3.333333333e-03 6112
9.000000000e-02 3.333333333e-03 5.000000000e-03 6113
9.000000000e-02 3.333333333e-03 6.666666667e-03 6114
9.000000000e-02 3.333333333e-03 8.333333333e-03 6115
9.000000000e-02 3.333333333e-03 1.000000000e-02 6116
9.000000000e-02 3.333333333e-03 1.166666667e-02 6117
9.000000000e-02 3.333333333e-03 1.333333333e-02 6118
9.000000000e-02 3.333333333e-03 1.500000000e-02 6119
9.000000000e-02 3.333333333e-03 1.666666667e-02 6120
9.000000000e-02 3.333333333e-03 1.833333333e-02 6121
9.000000000e-02 3.333333333e-03 2.000000000e-02 6122
9.000000000e-02 5.000000000e-03 0.000000000e+00 6123
9.000000000e-02 5.000000000e-03 1.666666667e-03 6124
9.000000000e-02 5.000000000e-03 3.333333333e-03 6125
9.000000000e-02 5.000000000e-03 5.000000000e-03 6126
9.000000000e-02 5.000000000e-03 6.666666667e-03 6127
9.000000000e-02 5.000000000e-03 8.333333333e-03 6128
9.000000000e-02 5.000000000e-03 1.000000000e-02 6129
9.000000000e-02 5.000000000e-03 1.166666667e-02 6130
9.000000000e-02 5.000000000e-03 1.333333333e-02 6131
9.000000000e-02 5.000000000e-03 1.500000000e-02 6132
9.000000000e-02 5.000000000e-03 1.666666667e-02 6133
9.000000000e-02 5.000000000e-03 1.833333333e-02 6134
9.000000000e-02 5.000000000e-03 2.000000000e-02 6135
9.000000000e-02 6.666666667e-03 0.000000000e+00 6136
9.000000000e-02 6.666666667e-03 1.666666667e-03 6137
9.000000000e-02 6.666666667e-03 3.333333333e-03 6138
9.000000000e-02 6.666666667e-03 5.000000000e-03 6139
9.000000000e-02 6.666666667e-03 6.666666667e-03 6140
9.000000000e-02 6.666666667e-03 8.333333333e-03 6141
9.000000000e-02 6.666666667e-03 1.000000000e-02 6142
9.000000000e-02 6.666666667e-03 1.166666667e-02 6143
9.000000000e-02 6.666666667e-03 1.333333333e-02 6144
9.000000000e-02 6.666666667e-03 1.500000000e-02 6145
9.000000000e-02 6.666666667e-03 1.666666667e-02 6146
9.000000000e-02 6.666666667e-03 1.833333333e-02 6147
9.000000000e-02 6.666666667e-03 2.000000000e-02 6148
9.000000000e-02 8.333333333e-03 0.000000000e+00 6149
9.000000000e-02 8.333333333e-03 1.666666667e-03 6150
9.000000000e-02 8.333333333e-03 3.333333333e-03 6151
9.000000000e-02 8.333333333e-03 5.000000000e-03 6152
9.000000000e-02 8.333333333e-03 6.666666667e-03 6153
9.000000000e-02 8.333333333e-03 8.333333333e-03 6154
9.000000000e-02 8.333333333e-03 1.000000000e-02 6155
9.000000000e-02 8.333333333e-03 1.166666667e-02 6156
9.000000000e-02 8.333333333e-03 1.333333333e-02 6157
9.000000000e-02 8.333333333e-03 1.500000000e-02 6158
9.000000000e-02 8.333333333e-03 1.666666667e-02 6159
9.000000000e-02 8.333333333e-03 1.833333333e-02 6160
9.000000000e-02 8.333333333e-03 2.000000000e-02 6161
9.000000000e-02 1.000000000e-02 0.000000000e+00 6162
9.000000000e-02 1.000000000e-02 1.666666667e-03 6163
9.000000000e-02 1.000000000e-02 3.333333333e-03 6164
9.000000000e-02 1.000000000e-02 5.000000000e-03 6165
9.000000000e-02 1.000000000e-02 6.666666667e-03 6166
9.000000000e-02 1.000000000e-02 8.333333333e-03 6167
9.000000000e-02 1.000000000e-02 1.000000000e-02 6168
9.000000000e-02 1.000000000e-02 1.166666667e-02 6169
9.000000000e-02 1.000000000e-02 1.333333333e-02 6170
9.000000000e-02 1.000000000e-02 1.500000000e-02 6171
9.000000000e-02 1.000000000e-02 1.666666667e-02 6172
9.000000000e-02 1.000000000e-02 1.833333333e-02 6173
9.000000000e-02 1.000000000e-02 2.000000000e-02 6174
9.000000000e-02 1.166666667e-02 0.000000000e+00 6175
9.000000000e-02 1.166666667e-02 1.666666667e-03 6176
9.000000000e-02 1.166666667e-02 3.333333333e-03 6177
9.000000000e-02 1.166666667e-02 5.000000000e-03 6178
9.000000000e-02 1.166666667e-02 6.666666667e-03 6179
9.000000000e-02 1.166666667e-02 8.333333333e-03 6180
9.000000000e-02 1.166666667e-02 1.000000000e-02 6181
9.000000000e-02 1.166666667e-02 1.166666667e-02 6182
9.000000000e-02 1.166666667e-02 1.333333333e-02 6183
9.000000000e-02 1.166666667e-02 1.500000000e-02 6184
9.000000000e-02 1.166666667e-02 1.666666667e-02 6185
9.000000000e-02 1.166666667e-02 1.833333333e-02 6186
9.000000000e-02 1.166666667e-02 2.000000000e-02 6187
9.000000000e-02 1.333333333e-02 0.000000000e+00 6188
9.000000000e-02 1.333333333e-02 1.666666667e-03 6189
9.000000000e-02 1.333333333e-02 3.333333333e-03 6190
9.000000000e-02 1.333333333e-02 5.000000000e-03 6191
9.000000000e-02 1.333333333e-02 6.666666667e-03 6192
9.000000000e-02 1.333333333e-02 8.333333333e-03 6193
9.000000000e-02 1.333333333e-02 1.000000000e-02 6194
9.000000000e-02 1.333333333e-02 1.166666667e-02 6195
9.000000000e-02 1.333333333e-02 1.333333333e-02 6196
9.000000000e-02 1.333333333e-02 1.500000000e-02 6197
9.000000000e-02 1.333333333e-02 1.666666667e-02 6198
9.000000000e-02 1.333333333e-02 1.833333333e-02 6199
9.000000000e-02 1.333333333e-02 2.000000000e-02 6200
9.000000000e-02 1.500000000e-02 0.000000000e+00 6201
9.000000000e-02 1.500000000e-02 1.666666667e-03 6202
9.000000000e-02 1.500000000e-02 3.333333333e-03 6203
9.000000000e-02 1.500000000e-02 5.000000000e-03 6204
9.000000000e-02 1.500000000e-02 6.666666667e-03 6205
9.000000000e-02 1.500000000e-02 8.333333333e-03 6206
9.000000000e-02 1.500000000e-02 1.000000000e-02 6207
9.000000000e-02 1.500000000e-02 1.166666667e-02 6208
9.000000000e-02 1.500000000e-02 1.333333333e-02 6209
9.000000000e-02 1.500000000e-02 1.500000000e-02 6210
9.000000000e-02 1.500000000e-02 1.666666667e-02 6211
9.000000000e-02 1.500000000e-02 1.833333333e-02 6212
9.000000000e-02 1.500000000e-02 2.000000000e-02 6213
9.000000000e-02 1.666666667e-02 0.000000000e+00 6214
9.000000000e-02 1.666666667e-02 1.666666667e-03 6215
9.000000000e-02 1.666666667e-02 3.333333333e-03 6216
9.000000000e-02 1.666666667e-02 5.000000000e-03 6217
9.000000000e-02 1.666666667e-02 6.666666667e-03 6218
9.000000000e-02 1.666666667e-02 8.333333333e-03 6219
9.000000000e-02 1.666666667e-02 1.000000000e-02 6220
9.000000000e-02 1.666666667e-02 1.166666667e-02 6221
9.000000000e-02 1.666666667e-02 1.333333333e-02 6222
9.000000000e-02 1.666666667e-02 1.500000000e-02 6223
9.000000000e-02 1.666666667e-02 1.666666667e-02 6224
9.000000000e-02 1.666666667e-02 1.833333333e-02 6225
9.000000000e-02 1.666666667e-02 2.000000000e-02 6226
9.000000000e-02 1.833333333e-02 0.000000000e+00 6227
9.000000000e-02 1.833333333e-02 1.666666667e-03 6228
9.000000000e-02 1.833333333e-02 3.333333333e-03 6229
9.000000000e-02 1.833333333e-02 5.000000000e-03 6230
9.000000000e-02 1.833333333e-02 6.666666667e-03 6231
9.000000000e-02 1.833333333e-02 8.333333333e-03 6232
9.000000000e-02 1.833333333e-02 1.000000000e-02 6233
9.000000000e-02 1.833333333e-02 1.166666667e-02 6234
9.000000000e-02 1.833333333e-02 1.333333333e-02 6235
9.000000000e-02 1.833333333e-02 1.500000000e-02 6236
9.000000000e-02 1.833333333e-02 1.666666667e-02 6237
9.000000000e-02 1.833333333e-02 1.833333333e-02 6238
9.000000000e-02 1.833333333e-02 2.000000000e-02 6239
9.000000000e-02 2.000000000e-02 0.000000000e+00 6240
9.000000000e-02 2.000000000e-02 1.666666667e-03 6241
9.000000000e-02 2.000000000e-02 3.333333333e-03 6242
9.000000000e-02 2.000000000e-02 5.000000000e-03 6243
9.000000000e-02 2.000000000e-02 6.666666667e-03 6244
9.000000000e-02 2.000000000e-02 8.333333333e-03 6245
9.000000000e-02 2.000000000e-02 1.000000000e-02 6246
9.000000000e-02 2.000000000e-02 1.166666667e-02 6247
9.000000000e-02 2.000000000e-02 1.333333333e-02 6248
9.000000000e-02 2.000000000e-02 1.500000000e-02 6249
9.000000000e-02 2.000000000e-02 1.666666667e-02 6250
9.000000000e-02 2.000000000e-02 1.833333333e-02 6251
9.000000000e-02 2.000000000e-02 2.000000000e-02 6252
9.250000000e-02 0.000000000e+00 0.000000000e+00 6253
9.250000000e-02 0.000000000e+00 1.666666667e-03 6254
9.250000000e-02 0.000000000e+00 3.333333333e-03 6255
9.250000000e-02 0.000000000e+00 5.000000000e-03 6256
9.250000000e-02 0.000000000e+00 6.666666667e-03 6257
9.250000000e-02 0.000000000e+00 8.333333333e-03 6258
9.250000000e-02 0.000000000e+00 1.000000000e-02 6259
9.250000000e-02 0.000000000e+00 1.166666667e-02 6260
9.250000000e-02 0.000000000e+00 1.333333333e-02 6261
9.250000000e-02 0.000000000e+00 1.500000000e-02 6262
9.250000000e-02 0.000000000e+00 1.666666667e-02 6263
9.250000000e-02 0.000000000e+00 1.833333333e-02 6264
9.250000000e-02 0.000000000e+00 2.000000000e-02 6265
9.250000000e-02 1.666666667e-03 0.000000000e+00 6266
9.250000000e-02 1.666666667e-03 1.666666667e-03 6267
9.250000000e-02 1.666666667e-03 3.333333333e-03 6268
9.250000000e-02 1.666666667e-03 5.000000000e-03 6269
9.250000000e-02 1.666666667e-03 6.666666667e-03 6270
9.250000000e-02 1.666666667e-03 8.333333333e-03 6271
9.250000000e-02 1.666666667e-03 1.000000000e-02 6272
9.250000000e-02 1.666666667e-03 1.166666667e-02 6273
9.250000000e-02 1.666666667e-03 1.333333333e-02 6274
9.250000000e-02 1.666666667e-03 1.500000000e-02 6275
9.250000000e-02 1.666666667e-03 1.666666667e-02 6276
9.250000000e-02 1.666666667e-03 1.833333333e-02 6277
9.250000000e-02 1.666666667e-03 2.000000000e-02 6278
9.250000000e-02 3.333333333e-03 0.000000000e+00 6279
9.250000000e-02 3.333333333e-03 1.666666667e-03 6280
9.250000000e-02 3.333333333e-03 3.333333333e-03 6281
9.250000000e-02 3.333333333e-03 5.000000000e-03 6282
9.250000000e-02 3.333333333e-03 6.666666667e-03 6283
9.250000000e-02 3.333333333e-03 8.333333333e-03 6284
9.250000000e-02 3.333333333e-03 1.000000000e-02 6285
9.250000000e-02 3.333333333e-03 1.166666667e-02 6286
9.250000000e-02 3.333333333e-03 1.333333333e-02 6287
9.250000000e-02 3.333333333e-03 1.500000000e-02 6288
9.250000000e-02 3.333333333e-03 1.666666667e-02 6289
9.250000000e-02 3.333333333e-03 1.833333333e-02 6290
9.250000000e-02 3.333333333e-03 2.000000000e-02 6291
9.250000000e-02 5.000000000e-03 0.000000000e+00 6292
9.250000000e-02 5.000000000e-03 1.666666667e-03 6293
9.250000000e-02 5.000000000e-03 3.333333333e-03 6294
9.250000000e-02 5.000000000e-03 5.000000000e-03 6295
9.250000000e-02 5.000000000e-03 6.666666667e-03 6296
9.250000000e-02 5.000000000e-03 8.333333333e-03 6297
9.250000000e-02 5.000000000e-03 1.000000000e-02 6298
9.250000000e-02 5.000000000e-03 1.166666667e-02 6299
9.250000000e-02 5.000000000e-03 1.333333333e-02 6300
9.250000000e-02 5.000000000e-03 1.500000000e-02 6301
9.250000000e-02 5.000000000e-03 1.666666667e-02 6302
9.250000000e-02 5.000000000e-03 1.833333333e-02 6303
9.250000000e-02 5.000000000e-03 2.000000000e-02 6304
9.250000000e-02 6.666666667e-03 0.000000000e+00 6305
9.250000000e-02 6.666666667e-03 1.666666667e-03 6306
9.250000000e-02 6.666666667e-03 3.333333333e-03 6307
9.250000000e-02 6.666666667e-03 5.000000000e-03 6308
9.250000000e-02 6.666666667e-03 6.666666667e-03 6309
9.250000000e-02 6.666666667e-03 8.333333333e-03 6310
9.250000000e-02 6.666666667e-03 1.000000000e-02 6311
9.250000000e-02 6.666666667e-03 1.166666667e-02 6312
9.250000000e-02 6.666666667e-03 1.333333333e-02 6313
9.250000000e-02 6.666666667e-03 1.500000000e-02 6314
9.250000000e-02 6.666666667e-03 1.666666667e-02 6315
9.250000000e-02 6.666666667e-03 1.833333333e-02 6316
9.250000000e-02 6.666666667e-03 2.000000000e-02 6317
9.250000000e-02 8.333333333e-03 0.000000000e+00 6318
9.250000000e-02 8.333333333e-03 1.666666667e-03 6319
9.250000000e-02 8.333333333e-03 3.333333333e-03 6320
9.250000000e-02 8.333333333e-03 5.000000000e-03 6321
9.250000000e-02 8.333333333e-03 6.666666667e-03 6322
9.250000000e-02 8.333333333e-03 8.333333333e-03 6323
9.250000000e-02 8.333333333e-03 1.000000000e-02 6324
9.250000000e-02 8.333333333e-03 1.166666667e-02 6325
9.250000000e-02 8.333333333e-03 1.333333333e-02 6326
9.250000000e-02 8.333333333e-03 1.500000000e-02 6327
9.250000000e-02 8.333333333e-03 1.666666667e-02 6328
9.250000000e-02 8.333333333e-03 1.833333333e-02 6329
9.250000000e-02 8.333333333e-03 2.000000000e-02 6330
9.250000000e-02 1.000000000e-02 0.000000000e+00 6331
9.250000000e-02 1.000000000e-02 1.666666667e-03 6332
9.250000000e-02 1.000000000e-02 3.333333333e-03 6333
9.250000000e-02 1.000000000e-02 5.000000000e-03 6334
9.250000000e-02 1.000000000e-02 6.666666667e-03 6335
9.250000000e-02 1.000000000e-02 8.333333333e-03 6336
9.250000000e-02 1.000000000e-02 1.000000000e-02 6337
9.250000000e-02 1.000000000e-02 1.166666667e-02 6338
9.250000000e-02 1.000000000e-02 1.333333333e-02 6339
9.250000000e-02 1.000000000e-02 1.500000000e-02 6340
9.250000000e-02 1.000000000e-02 1.666666667e-02 6341
9.250000000e-02 1.000000000e-02 1.833333333e-02 6342
9.250000000e-02 1.000000000e-02 2.000000000e-02 6343
9.250000000e-02 1.166666667e-02 0.000000000e+00 6344
9.250000000e-02 1.166666667e-02 1.666666667e-03 6345
9.250000000e-02 1.166666667e-02 3.333333333e-03 6346
9.250000000e-02 1.166666667e-02 5.000000000e-03 6347
9.250000000e-02 1.166666667e-02 6.666666667e-03 6348
9.250000000e-02 1.166666667e-02 8.333333333e-03 6349
9.250000000e-02 1.166666667e-02 1.000000000e-02 6350
9.250000000e-02 1.166666667e-02 1.166666667e-02 6351
9.250000000e-02 1.166666667e-02 1.333333333e-02 6352
9.250000000e-02 1.166666667e-02 1.500000000e-02 6353
9.250000000e-02 1.166666667e-02 1.666666667e-02 6354
9.250000000e-02 1.166666667e-02 1.833333333e-02 6355
9.250000000e-02 1.166666667e-02 2.000000000e-02 6356
9.250000000e-02 1.333333333e-02 0.000000000e+00 6357
9.250000000e-02 1.333333333e-02 1.666666667e-03 6358
9.250000000e-02 1.333333333e-02 3.333333333e-03 6359
9.250000000e-02 1.333333333e-02 5.000000000e-03 6360
9.250000000e-02 1.333333333e-02 6.666666667e-03 6361
9.250000000e-02 1.333333333e-02 8.333333333e-03 6362
9.250000000e-02 1.333333333e-02 1.000000000e-02 6363
9.250000000e-02 1.333333333e-02 1.166666667e-02 6364
9.250000000e-02 1.333333333e-02 1.333333333e-02 6365
9.250000000e-02 1.333333333e-02 1.500000000e-02 6366
9.250000000e-02 1.333333333e-02 1.666666667e-02 6367
9.250000000e-02 1.333333333e-02 1.833333333e-02 6368
9.250000000e-02 1.333333333e-02 2.000000000e-02 6369
9.250000000e-02 1.500000000e-02 0.000000000e+00 6370
9.250000000e-02 1.500000000e-02 1.666666667e-03 6371
9.250000000e-02 1.500000000e-02 3.333333333e-03 6372
9.250000000e-02 1.500000000e-02 5.000000000e-03 6373
9.250000000e-02 1.500000000e-02 6.666666667e-03 6374
9.250000000e-02 1.500000000e-02 8.333333333e-03 6375
9.250000000e-02 1.500000000e-02 1.000000000e-02 6376
9.250000000e-02 1.500000000e-02 1.166666667e-02 6377
9.250000000e-02 1.500000000e-02 1.333333333e-02 6378
9.250000000e-02 1.500000000e-02 1.500000000e-02 6379
9.250000000e-02 1.500000000e-02 1.666666667e-02 6380
9.250000000e-02 1.500000000e-02 1.833333333e-02 6381
9.250000000e-02 1.500000000e-02 2.000000000e-02 6382
9.250000000e-02 1.666666667e-02 0.000000000e+00 6383
9.250000000e-02 1.666666667e-02 1.666666667e-03 6384
9.250000000e-02 1.666666667e-02 3.333333333e-03 6385
9.250000000e-02 1.666666667e-02 5.000000000e-03 6386
9.250000000e-02 1.666666667e-02 6.666666667e-03 6387
9.250000000e-02 1.666666667e-02 8.333333333e-03 6388
9.250000000e-02 1.666666667e-02 1.000000000e-02 6389
9.250000000e-02 1.666666667e-02 1.166666667e-02 6390
9.250000000e-02 1.666666667e-02 1.333333333e-02 6391
9.250000000e-02 1.666666667e-02 1.500000000e-02 6392
9.250000000e-02 1.666666667e-02 1.666666667e-02 6393
9.250000000e-02 1.666666667e-02 1.833333333e-02 6394
9.250000000e-02 1.666666667e-02 2.000000000e-02 6395
9.250000000e-02 1.833333333e-02 0.000000000e+00 6396
9.250000000e-02 1.833333333e-02 1.666666667e-03 6397
9.250000000e-02 1.833333333e-02 3.333333333e-03 6398
9.250000000e-02 1.833333333e-02 5.000000000e-03 6399
9.250000000e-02 1.833333333e-02 6.666666667e-03 6400
9.250000000e-02 1.833333333e-02 8.333333333e-03 6401
9.250000000e-02 1.833333333e-02 1.000000000e-02 6402
9.250000000e-02 1.833333333e-02 1.166666667e-02 6403
9.250000000e-02 1.833333333e-02 1.333333333e-02 6404
9.250000000e-02 1.833333333e-02 1.500000000e-02 6405
9.250000000e-02 1.833333333e-02 1.666666667e-02 6406
9.250000000e-02 1.833333333e-02 1.833333333e-02 6407
9.250000000e-02 1.833333333e-02 2.000000000e-02 6408
9.250000000e-02 2.000000000e-02 0.000000000e+00 6409
9.250000000e-02 2.000000000e-02 1.666666667e-03 6410
9.250000000e-02 2.000000000e-02 3.333333333e-03 6411
9.250000000e-02 2.000000000e-02 5.000000000e-03 6412
9.250000000e-02 2.000000000e-02 6.666666667e-03 6413
9.250000000e-02 2.000000000e-02 8.333333333e-03 6414
9.250000000e-02 2.000000000e-02 1.000000000e-02 6415
9.250000000e-02 2.000000000e-02 1.166666667e-02 6416
9.250000000e-02 2.000000000e-02 1.333333333e-02 6417
9.250000000e-02 2.000000000e-02 1.500000000e-02 6418
9.250000000e-02 2.000000000e-02 1.666666667e-02 6419
9.250000000e-02 2.000000000e-02 1.833333333e-02 6420
9.250000000e-02 2.000000000e-02 2.000000000e-02 6421
9.500000000e-02 0.000000000e+00 0.000000000e+00 6422
9.500000000e-02 0.000000000e+00 1.666666667e-03 6423
9.500000000e-02 0.000000000e+00 3.333333333e-03 6424
9.500000000e-02 0.000000000e+00 5.000000000e-03 6425
9.500000000e-02 0.000000000e+00 6.666666667e-03 6426
9.500000000e-02 0.000000000e+00 8.333333333e-03 6427
9.500000000e-02 0.000000000e+00 1.000000000e-02 6428
9.500000000e-02 0.000000000e+00 1.166666667e-02 6429
9.500000000e-02 0.000000000e+00 1.333333333e-02 6430
9.500000000e-02 0.000000000e+00 1.500000000e-02 6431
9.500000000e-02 0.000000000e+00 1.666666667e-02 6432
9.500000000e-02 0.000000000e+00 1.833333333e-02 6433
9.500000000e-02 0.000000000e+00 2.000000000e-02 6434
9.500000000e-02 1.666666667e-03 0.000000000e+00 6435
9.500000000e-02 1.666666667e-03 1.666666667e-03 6436
9.500000000e-02 1.666666667e-03 3.333333333e-03 6437
9.500000000e-02 1.666666667e-03 5.000000000e-03 6438
9.500000000e-02 1.666666667e-03 6.666666667e-03 6439
9.500000000e-02 1.666666667e-03 8.333333333e-03 6440
9.500000000e-02 1.666666667e-03 1.000000000e-02 6441
9.500000000e-02 1.666666667e-03 1.166666667e-02 6442
9.500000000e-02 1.666666667e-03 1.333333333e-02 6443
9.500000000e-02 1.666666667e-03 1.500000000e-02 6444
9.500000000e-02 1.666666667e-03 1.666666667e-02 6445
9.500000000e-02 1.666666667e-03 1.833333333e-02 6446
9.500000000e-02 1.666666667e-03 2.000000000e-02 6447
9.500000000e-02 3.333333333e-03 0.000000000e+00 6448
9.500000000e-02 3.333333333e-03 1.666666667e-03 6449
9.500000000e-02 3.333333333e-03 3.333333333e-03 6450
9.500000000e-02 3.333333333e-03 5.000000000e-03 6451
9.500000000e-02 3.333333333e-03 6.666666667e-03 6452
9.500000000e-02 3.333333333e-03 8.333333333e-03 6453
9.500000000e-02 3.333333333e-03 1.000000000e-02 6454
9.500000000e-02 3.333333333e-03 1.166666667e-02 6455
9.500000000e-02 3.333333333e-03 1.333333333e-02 6456
9.500000000e-02 3.333333333e-03 1.500000000e-02 6457
9.500000000e-02 3.333333333e-03 1.666666667e-02 6458
9.500000000e-02 3.333333333e-03 1.833333333e-02 6459
9.500000000e-02 3.333333333e-03 2.000000000e-02 6460
9.500000000e-02 5.000000000e-03 0.000000000e+00 6461
9.500000000e-02 5.000000000e-03 1.666666667e-03 6462
9.500000000e-02 5.000000000e-03 3.333333333e-03 6463
9.500000000e-02 5.000000000e-03 5.000000000e-03 6464
9.500000000e-02 5.000000000e-03 6.666666667e-03 6465
9.500000000e-02 5.000000000e-03 8.333333333e-03 6466
9.500000000e-02 5.000000000e-03 1.000000000e-02 6467
9.500000000e-02 5.000000000e-03 1.166666667e-02 6468
9.500000000e-02 5.000000000e-03 1.333333333e-02 6469
9.500000000e-02 5.000000000e-03 1.500000000e-02 6470
9.500000000e-02 5.000000000e-03 1.666666667e-02 6471
9.500000000e-02 5.000000000e-03 1.833333333e-02 6472
9.500000000e-02 5.000000000e-03 2.000000000e-02 6473
9.500000000e-02 6.666666667e-03 0.000000000e+00 6474
9.500000000e-02 6.666666667e-03 1.666666667e-03 6475
9.500000000e-02 6.666666667e-03 3.333333333e-03 6476
9.500000000e-02 6.666666667e-03 5.000000000e-03 6477
9.500000000e-02 6.666666667e-03 6.666666667e-03 6478
9.500000000e-02 6.666666667e-03 8.333333333e-03 6479
9.500000000e-02 6.666666667e-03 1.000000000e-02 6480
9.500000000e-02 6.666666667e-03 1.166666667e-02 6481
9.500000000e-02 6.666666667e-03 1.333333333e-02 6482
9.500000000e-02 6.666666667e-03 1.500000000e-02 6483
9.500000000e-02 6.666666667e-03 1.666666667e-02 6484
9.500000000e-02 6.666666667e-03 1.833333333e-02 6485
9.500000000e-02 6.666666667e-03 2.000000000e-02 6486
9.500000000e-02 8.333333333e-03 0.000000000e+00 6487
9.500000000e-02 8.333333333e-03 1.666666667e-03 6488
9.500000000e-02 8.333333333e-03 3.333333333e-03 6489
9.500000000e-02 8.333333333e-03 5.000000000e-03 6490
9.500000000e-02 8.333333333e-03 6.666666667e-03 6491
9.500000000e-02 8.333333333e-03 8.333333333e-03 6492
9.500000000e-02 8.333333333e-03 1.000000000e-02 6493
9.500000000e-02 8.333333333e-03 1.166666667e-02 6494
9.500000000e-02 8.333333333e-03 1.333333333e-02 6495
9.500000000e-02 8.333333333e-03 1.500000000e-02 6496
9.500000000e-02 8.333333333e-03 1.666666667e-02 6497
9.500000000e-02 8.333333333e-03 1.833333333e-02 6498
9.500000000e-02 8.333333333e-03 2.000000000e-02 6499
9.500000000e-02 1.000000000e-02 0.000000000e+00 6500
9.500000000e-02 1.000000000e-02 1.666666667e-03 6501
9.500000000e-02 1.000000000e-02 3.333333333e-03 6502
9.500000000e-02 1.000000000e-02 5.000000000e-03 6503
9.500000000e-02 1.000000000e-02 6.666666667e-03 6504
9.500000000e-02 1.000000000e-02 8.333333333e-03 6505
9.500000000e-02 1.000000000e-02 1.000000000e-02 6506
9.500000000e-02 1.000000000e-02 1.166666667e-02 6507
9.500000000e-02 1.000000000e-02 1.333333333e-02 6508
9.500000000e-02 1.000000000e-02 1.500000000e-02 6509
9.500000000e-02 1.000000000e-02 1.666666667e-02 6510
9.500000000e-02 1.000000000e-02 1.833333333e-02 6511
9.500000000e-02 1.000000000e-02 2.000000000e-02 6512
9.500000000e-02 1.166666667e-02 0.000000000e+00 6513
9.500000000e-02 1.166666667e-02 1.666666667e-03 6514
9.500000000e-02 1.166666667e-02 3.333333333e-03 6515
9.500000000e-02 1.166666667e-02 5.000000000e-03 6516
9.500000000e-02 1.166666667e-02 6.666666667e-03 6517
9.500000000e-02 1.166666667e-02 8.333333333e-03 6518
9.500000000e-02 1.166666667e-02 1.000000000e-02 6519
9.500000000e-02 1.166666667e-02 1.166666667e-02 6520
9.500000000e-02 1.166666667e-02 1.333333333e-02 6521
9.500000000e-02 1.166666667e-02 1.500000000e-02 6522
9.500000000e-02 1.166666667e-02 1.666666667e-02 6523
9.500000000e-02 1.166666667e-02 1.833333333e-02 6524
9.500000000e-02 1.166666667e-02 2.000000000e-02 6525
9.500000000e-02 1.333333333e-02 0.000000000e+00 6526
9.500000000e-02 1.333333333e-02 1.666666667e-03 6527
9.500000000e-02 1.333333333e-02 3.333333333e-03 6528
9.500000000e-02 1.333333333e-02 5.000000000e-03 6529
9.500000000e-02 1.333333333e-02 6.666666667e-03 6530
9.500000000e-02 1.333333333e-02 8.333333333e-03 6531
9.500000000e-02 1.333333333e-02 1.000000000e-02 6532
9.500000000e-02 1.333333333e-02 1.166666667e-02 6533
9.500000000e-02 1.333333333e-02 1.333333333e-02 6534
9.500000000e-02 1.333333333e-02 1.500000000e-02 6535
9.500000000e-02 1.333333333e-02 1.666666667e-02 6536
9.500000000e-02 1.333333333e-02 1.833333333e-02 6537
9.500000000e-02 1.333333333e-02 2.000000000e-02 6538
9.500000000e-02 1.500000000e-02 0.000000000e+00 6539
9.500000000e-02 1.500000000e-02 1.666666667e-03 6540
9.500000000e-02 1.500000000e-02 3.333333333e-03 6541
9.500000000e-02 1.500000000e-02 5.000000000e-03 6542
9.500000000e-02 1.500000000e-02 6.666666667e-03 6543
9.500000000e-02 1.500000000e-02 8.333333333e-03 6544
9.500000000e-02 1.500000000e-02 1.000000000e-02 6545
9.500000000e-02 1.500000000e-02 1.166666667e-02 6546
9.500000000e-02 1.500000000e-02 1.333333333e-02 6547
9.500000000e-02 1.500000000e-02 1.500000000e-02 6548
9.500000000e-02 1.500000000e-02 1.666666667e-02 6549
9.500000000e-02 1.500000000e-02 1.833333333e-02 6550
9.500000000e-02 1.500000000e-02 2.000000000e-02 6551
9.500000000e-02 1.666666667e-02 0.000000000e+00 6552
9.500000000e-02 1.666666667e-02 1.666666667e-03 6553
9.500000000e-02 1.666666667e-02 3.333333333e-03 6554
9.500000000e-02 1.666666667e-02 5.000000000e-03 6555
9.500000000e-02 1.666666667e-02 6.666666667e-03 6556
9.500000000e-02 1.666666667e-02 8.333333333e-03 6557
9.500000000e-02 1.666666667e-02 1.000000000e-02 6558
9.500000000e-02 1.666666667e-02 1.166666667e-02 6559
9.500000000e-02 1.666666667e-02 1.333333333e-02 6560
9.500000000e-02 1.666666667e-02 1.500000000e-02 6561
9.500000000e-02 1.666666667e-02 1.666666667e-02 6562
9.500000000e-02 1.666666667e-02 1.833333333e-02 6563
9.500000000e-02 1.666666667e-02 2.000000000e-02 6564
9.500000000e-02 1.833333333e-02 0.000000000e+00 6565
9.500000000e-02 1.833333333e-02 1.666666667e-03 6566
9.500000000e-02 1.833333333e-02 3.333333333e-03 6567
9.500000000e-02 1.833333333e-02 5.000000000e-03 6568
9.500000000e-02 1.833333333e-02 6.666666667e-03 6569
9.500000000e-02 1.833333333e-02 8.333333333e-03 6570
9.500000000e-02 1.833333333e-02 1.000000000e-02 6571
9.500000000e-02 1.833333333e-02 1.166666667e-02 6572
9.500000000e-02 1.833333333e-02 1.333333333e-02 6573
9.500000000e-02 1.833333333e-02 1.500000000e-02 6574
9.500000000e-02 1.833333333e-02 1.666666667e-02 6575
9.500000000e-02 1.833333333e-02 1.833333333e-02 6576
9.500000000e-02 1.833333333e-02 2.000000000e-02 6577
9.500000000e-02 2.000000000e-02 0.000000000e+00 6578
9.500000000e-02 2.000000000e-02 1.666666667e-03 6579
9.500000000e-02 2.000000000e-02 3.333333333e-03 6580
9.500000000e-02 2.000000000e-02 5.000000000e-03 6581
9.500000000e-02 2.000000000e-02 6.666666667e-03 6582
9.500000000e-02 2.000000000e-02 8.333333333e-03 6583
9.500000000e-02 2.000000000e-02 1.000000000e-02 6584
9.500000000e-02 2.000000000e-02 1.166666667e-02 6585
9.500000000e-02 2.000000000e-02 1.333333333e-02 6586
9.500000000e-02 2.000000000e-02 1.500000000e-02 6587
9.500000000e-02 2.000000000e-02 1.666666667e-02 6588
9.500000000e-02 2.000000000e-02 1.833333333e-02 6589
9.500000000e-02 2.000000000e-02 2.000000000e-02 6590
9.750000000e-02 0.000000000e+00 0.000000000e+00 6591
9.750000000e-02 0.000000000e+00 1.666666667e-03 6592
9.750000000e-02 0.000000000e+00 3.333333333e-03 6593
9.750000000e-02 0.000000000e+00 5.000000000e-03 6594
9.750000000e-02 0.000000000e+00 6.666666667e-03 6595
9.750000000e-02 0.000000000e+00 8.333333333e-03 6596
9.750000000e-02 0.000000000e+00 1.000000000e-02 6597
9.750000000e-02 0.000000000e+00 1.166666667e-02 6598
9.750000000e-02 0.000000000e+00 1.333333333e-02 6599
9.750000000e-02 0.000000000e+00 1.500000000e-02 6600
9.750000000e-02 0.000000000e+00 1.666666667e-02 6601
9.750000000e-02 0.000000000e+00 1.833333333e-02 6602
9.750000000e-02 0.000000000e+00 2.000000000e-02 6603
9.750000000e-02 1.666666667e-03 0.000000000e+00 6604
9.750000000e-02 1.666666667e-03 1.666666667e-03 6605
9.750000000e-02 1.666666667e-03 3.333333333e-03 6606
9.750000000e-02 1.666666667e-03 5.000000000e-03 6607
9.750000000e-02 1.666666667e-03 6.666666667e-03 6608
9.750000000e-02 1.666666667e-03 8.333333333e-03 6609
9.750000000e-02 1.666666667e-03 1.000000000e-02 6610
9.750000000e-02 1.666666667e-03 1.166666667e-02 6611
9.750000000e-02 1.666666667e-03 1.333333333e-02 6612
9.750000000e-02 1.666666667e-03 1.500000000e-02 6613
9.750000000e-02 1.666666667e-03 1.666666667e-02 6614
9.750000000e-02 1.666666667e-03 1.833333333e-02 6615
9.750000000e-02 1.666666667e-03 2.000000000e-02 6616
9.750000000e-02 3.333333333e-03 0.000000000e+00 6617
9.750000000e-02 3.333333333e-03 1.666666667e-03 6618
9.750000000e-02 3.333333333e-03 3.333333333e-03 6619
9.750000000e-02 3.333333333e-03 5.000000000e-03 6620
9.750000000e-02 3.333333333e-03 6.666666667e-03 6621
9.750000000e-02 3.333333333e-03 8.333333333e-03 6622
9.750000000e-02 3.333333333e-03 1.000000000e-02 6623
9.750000000e-02 3.333333333e-03 1.166666667e-02 6624
9.750000000e-02 3.333333333e-03 1.333333333e-02 6625
9.750000000e-02 3.333333333e-03 1.500000000e-02 6626
9.750000000e-02 3.333333333e-03 1.666666667e-02 6627
9.750000000e-02 3.333333333e-03 1.833333333e-02 6628
9.750000000e-02 3.333333333e-03 2.000000000e-02 6629
9.750000000e-02 5.000000000e-03 0.000000000e+00 6630
9.750000000e-02 5.000000000e-03 1.666666667e-03 6631
9.750000000e-02 5.000000000e-03 3.333333333e-03 6632
9.750000000e-02 5.000000000e-03 5.000000000e-03 6633
9.750000000e-02 5.000000000e-03 6.666666667e-03 6634
9.750000000e-02 5.000000000e-03 8.333333333e-03 6635
9.750000000e-02 5.000000000e-03 1.000000000e-02 6636
9.750000000e-02 5.000000000e-03 1.166666667e-02 6637
9.750000000e-02 5.000000000e-03 1.333333333e-02 6638
9.750000000e-02 5.000000000e-03 1.500000000e-02 6639
9.750000000e-02 5.000000000e-03 1.666666667e-02 6640
9.750000000e-02 5.000000000e-03 1.833333333e-02 6641
9.750000000e-02 5.000000000e-03 2.000000000e-02 6642
9.750000000e-02 6.666666667e-03 0.000000000e+00 6643
9.750000000e-02 6.666666667e-03 1.666666667e-03 6644
9.750000000e-02 6.666666667e-03 3.333333333e-03 6645
9.750000000e-02 6.666666667e-03 5.000000000e-03 6646
9.750000000e-02 6.666666667e-03 6.666666667e-03 6647
9.750000000e-02 6.666666667e-03 8.333333333e-03 6648
9.750000000e-02 6.666666667e-03 1.000000000e-02 6649
9.750000000e-02 6.666666667e-03 1.166666667e-02 6650
9.750000000e-02 6.666666667e-03 1.333333333e-02 6651
9.750000000e-02 6.666666667e-03 1.500000000e-02 6652
9.750000000e-02 6.666666667e-03 1.666666667e-02 6653
9.750000000e-02 6.666666667e-03 1.833333333e-02 6654
9.750000000e-02 6.666666667e-03 2.000000000e-02 6655
9.750000000e-02 8.333333333e-03 0.000000000e+00 6656
9.750000000e-02 8.333333333e-03 1.666666667e-03 6657
9.750000000e-02 8.333333333e-03 3.333333333e-03 6658
9.750000000e-02 8.333333333e-03 5.000000000e-03 6659
9.750000000e-02 8.333333333e-03 6.666666667e-03 6660
9.750000000e-02 8.333333333e-03 8.333333333e-03 6661
9.750000000e-02 8.333333333e-03 1.000000000e-02 6662
9.750000000e-02 8.333333333e-03 1.166666667e-02 6663
9.750000000e-02 8.333333333e-03 1.333333333e-02 6664
9.750000000e-02 8.333333333e-03 1.500000000e-02 6665
9.750000000e-02 8.333333333e-03 1.666666667e-02 6666
9.750000000e-02 8.333333333e-03 1.833333333e-02 6667
9.750000000e-02 8.333333333e-03 2.000000000e-02 6668
9.750000000e-02 1.000000000e-02 0.000000000e+00 6669
9.750000000e-02 1.000000000e-02 1.666666667e-03 6670
9.750000000e-02 1.000000000e-02 3.333333333e-03 6671
9.750000000e-02 1.000000000e-02 5.000000000e-03 6672
9.750000000e-02 1.000000000e-02 6.666666667e-03 6673
9.750000000e-02 1.000000000e-02 8.333333333e-03 6674
9.750000000e-02 1.000000000e-02 1.000000000e-02 6675
9.750000000e-02 1.000000000e-02 1.166666667e-02 6676
9.750000000e-02 1.000000000e-02 1.333333333e-02 6677
9.750000000e-02 1.000000000e-02 1.500000000e-02 6678
9.750000000e-02 1.000000000e-02 1.666666667e-02 6679
9.750000000e-02 1.000000000e-02 1.833333333e-02 6680
9.750000000e-02 1.000000000e-02 2.000000000e-02 6681
9.750000000e-02 1.166666667e-02 0.000000000e+00 6682
9.750000000e-02 1.166666667e-02 1.666666667e-03 6683
9.750000000e-02 1.166666667e-02 3.333333333e-03 6684
9.750000000e-02 1.166666667e-02 5.000000000e-03 6685
9.750000000e-02 1.166666667e-02 6.666666667e-03 6686
9.750000000e-02 1.166666667e-02 8.333333333e-03 6687
9.750000000e-02 1.166666667e-02 1.000000000e-02 6688
9.750000000e-02 1.166666667e-02 1.166666667e-02 6689
9.750000000e-02 1.166666667e-02 1.333333333e-02 6690
9.750000000e-02 1.166666667e-02 1.500000000e-02 6691
9.750000000e-02 1.166666667e-02 1.666666667e-02 6692
9.750000000e-02 1.166666667e-02 1.833333333e-02 6693
9.750000000e-02 1.166666667e-02 2.000000000e-02 6694
9.750000000e-02 1.333333333e-02 0.000000000e+00 6695
9.750000000e-02 1.333333333e-02 1.666666667e-03 6696
9.750000000e-02 1.333333333e-02 3.333333333e-03 6697
9.750000000e-02 1.333333333e-02 5.000000000e-03 6698
9.750000000e-02 1.333333333e-02 6.666666667e-03 6699
9.750000000e-02 1.333333333e-02 8.333333333e-03 6700
9.750000000e-02 1.333333333e-02 1.000000000e-02 6701
9.750000000e-02 1.333333333e-02 1.166666667e-02 6702
9.750000000e-02 1.333333333e-02 1.333333333e-02 6703
9.750000000e-02 1.333333333e-02 1.500000000e-02 6704
9.750000000e-02 1.333333333e-02 1.666666667e-02 6705
9.750000000e-02 1.333333333e-02 1.833333333e-02 6706
9.750000000e-02 1.333333333e-02 2.000000000e-02 6707
9.750000000e-02 1.500000000e-02 0.000000000e+00 6708
9.750000000e-02 1.500000000e-02 1.666666667e-03 6709
9.750000000e-02 1.500000000e-02 3.333333333e-03 6710
9.750000000e-02 1.500000000e-02 5.000000000e-03 6711
9.750000000e-02 1.500000000e-02 6.666666667e-03 6712
9.750000000e-02 1.500000000e-02 8.333333333e-03 6713
9.750000000e-02 1.500000000e-02 1.000000000e-02 6714
9.750000000e-02 1.500000000e-02 1.166666667e-02 6715
9.750000000e-02 1.500000000e-02 1.333333333e-02 6716
9.750000000e-02 1.500000000e-02 1.500000000e-02 6717
9.750000000e-02 1.500000000e-02 1.666666667e-02 6718
9.750000000e-02 1.500000000e-02 1.833333333e-02 6719
9.750000000e-02 1.500000000e-02 2.000000000e-02 6720
9.750000000e-02 1.666666667e-02 0.000000000e+00 6721
9.750000000e-02 1.666666667e-02 1.666666667e-03 6722
9.750000000e-02 1.666666667e-02 3.333333333e-03 6723
9.750000000e-02 1.666666667e-02 5.000000000e-03 6724
9.750000000e-02 1.666666667e-02 6.666666667e-03 6725
9.750000000e-02 1.666666667e-02 8.333333333e-03 6726
9.750000000e-02 1.666666667e-02 1.000000000e-02 6727
9.750000000e-02 1.666666667e-02 1.166666667e-02 6728
9.750000000e-02 1.666666667e-02 1.333333333e-02 6729
9.750000000e-02 1.666666667e-02 1.500000000e-02 6730
9.750000000e-02 1.666666667e-02 1.666666667e-02 6731
9.750000000e-02 1.666666667e-02 1.833333333e-02 6732
9.750000000e-02 1.666666667e-02 2.000000000e-02 6733
9.750000000e-02 1.833333333e-02 0.000000000e+00 6734
9.750000000e-02 1.833333333e-02 1.666666667e-03 6735
9.750000000e-02 1.833333333e-02 3.333333333e-03 6736
9.750000000e-02 1.833333333e-02 5.000000000e-03 6737
9.750000000e-02 1.833333333e-02 6.666666667e-03 6738
9.750000000e-02 1.833333333e-02 8.333333333e-03 6739
9.750000000e-02 1.833333333e-02 1.000000000e-02 6740
9.750000000e-02 1.833333333e-02 1.166666667e-02 6741
9.750000000e-02 1.833333333e-02 1.333333333e-02 6742
9.750000000e-02 1.833333333e-02 1.500000000e-02 6743
9.750000000e-02 1.833333333e-02 1.666666667e-02 6744
9.750000000e-02 1.833333333e-02 1.833333333e-02 6745
9.750000000e-02 1.833333333e-02 2.000000000e-02 6746
9.750000000e-02 2.000000000e-02 0.000000000e+00 6747
9.750000000e-02 2.000000000e-02 1.666666667e-03 6748
9.750000000e-02 2.000000000e-02 3.333333333e-03 6749
9.750000000e-02 2.000000000e-02 5.000000000e-03 6750
9.750000000e-02 2.000000000e-02 6.666666667e-03 6751
9.750000000e-02 2.000000000e-02 8.333333333e-03 6752
9.750000000e-02 2.000000000e-02 1.000000000e-02 6753
9.750000000e-02 2.000000000e-02 1.166666667e-02 6754
9.750000000e-02 2.000000000e-02 1.333333333e-02 6755
9.750000000e-02 2.000000000e-02 1.500000000e-02 6756
9.750000000e-02 2.000000000e-02 1.666666667e-02 6757
9.750000000e-02 2.000000000e-02 1.833333333e-02 6758
9.750000000e-02 2.000000000e-02 2.000000000e-02 6759
1.000000000e-01 0.000000000e+00 0.000000000e+00 6760
1.000000000e-01 0.000000000e+00 1.666666667e-03 6761
1.000000000e-01 0.000000000e+00 3.333333333e-03 6762
1.000000000e-01 0.000000000e+00 5.000000000e-03 6763
1.000000000e-01 0.000000000e+00 6.666666667e-03 6764
1.000000000e-01 0.000000000e+00 8.333333333e-03 6765
1.000000000e-01 0.000000000e+00 1.000000000e-02 6766
1.000000000e-01 0.000000000e+00 1.166666667e-02 6767
1.000000000e-01 0.000000000e+00 1.333333333e-02 6768
1.000000000e-01 0.000000000e+00 1.500000000e-02 6769
1.000000000e-01 0.000000000e+00 1.666666667e-02 6770
1.000000000e-01 0.000000000e+00 1.833333333e-02 6771
1.000000000e-01 0.000000000e+00 2.000000000e-02 6772
1.000000000e-01 1.666666667e-03 0.000000000e+00 6773
1.000000000e-01 1.666666667e-03 1.666666667e-03 6774
1.000000000e-01 1.666666667e-03 3.333333333e-03 6775
1.000000000e-01 1.666666667e-03 5.000000000e-03 6776
1.000000000e-01 1.666666667e-03 6.666666667e-03 6777
1.000000000e-01 1.666666667e-03 8.333333333e-03 6778
1.000000000e-01 1.666666667e-03 1.000000000e-02 6779
1.000000000e-01 1.666666667e-03 1.166666667e-02 6780
1.000000000e-01 1.666666667e-03 1.333333333e-02 6781
1.000000000e-01 1.666666667e-03 1.500000000e-02 6782
1.000000000e-01 1.666666667e-03 1.666666667e-02 6783
1.000000000e-01 1.666666667e-03 1.833333333e-02 6784
1.000000000e-01 1.666666667e-03 2.000000000e-02 6785
1.000000000e-01 3.333333333e-03 0.000000000e+00 6786
1.000000000e-01 3.333333333e-03 1.666666667e-03 6787
1.000000000e-01 3.333333333e-03 3.333333333e-03 6788
1.000000000e-01 3.333333333e-03 5.000000000e-03 6789
1.000000000e-01 3.333333333e-03 6.666666667e-03 6790
1.000000000e-01 3.333333333e-03 8.333333333e-03 6791
1.000000000e-01 3.333333333e-03 1.000000000e-02 6792
1.000000000e-01 3.333333333e-03 1.166666667e-02 6793
1.000000000e-01 3.333333333e-03 1.333333333e-02 6794
1.000000000e-01 3.333333333e-03 1.500000000e-02 6795
1.000000000e-01 3.333333333e-03 1.666666667e-02 6796
1.000000000e-01 3.333333333e-03 1.833333333e-02 6797
1.000000000e-01 3.333333333e-03 2.000000000e-02 6798
1.000000000e-01 5.000000000e-03 0.000000000e+00 6799
1.000000000e-01 5.000000000e-03 1.666666667e-03 6800
1.000000000e-01 5.000000000e-03 3.333333333e-03 6801
1.000000000e-01 5.000000000e-03 5.000000000e-03 6802
1.000000000e-01 5.000000000e-03 6.666666667e-03 6803
1.000000000e-01 5.000000000e-03 8.333333333e-03 6804
1.000000000e-01 5.000000000e-03 1.000000000e-02 6805
1.000000000e-01 5.000000000e-03 1.166666667e-02 6806
1.000000000e-01 5.000000000e-03 1.333333333e-02 6807
1.000000000e-01 5.000000000e-03 1.500000000e-02 6808
1.000000000e-01 5.000000000e-03 1.666666667e-02 6809
1.000000000e-01 5.000000000e-03 1.833333333e-02 6810
1.000000000e-01 5.000000000e-03 2.000000000e-02 6811
1.000000000e-01 6.666666667e-03 0.000000000e+00 6812
1.000000000e-01 6.666666667e-03 1.666666667e-03 6813
1.000000000e-01 6.666666667e-03 3.333333333e-03 6814
1.000000000e-01 6.666666667e-03 5.000000000e-03 6815
1.000000000e-01 6.666666667e-03 6.666666667e-03 6816
1.000000000e-01 6.666666667e-03 8.333333333e-03 6817
1.000000000e-01 6.666666667e-03 1.000000000e-02 6818
1.000000000e-01 6.666666667e-03 1.166666667e-02 6819
1.000000000e-01 6.666666667e-03 1.333333333e-02 6820
1.000000000e-01 6.666666667e-03 1.500000000e-02 6821
1.000000000e-01 6.666666667e-03 1.666666667e-02 6822
1.000000000e-01 6.666666667e-03 1.833333333e-02 6823
1.000000000e-01 6.666666667e-03 2.000000000e-02 6824
1.000000000e-01 8.333333333e-03 0.000000000e+00 6825
1.000000000e-01 8.333333333e-03 1.666666667e-03 6826
1.000000000e-01 8.333333333e-03 3.333333333e-03 6827
1.000000000e-01 8.333333333e-03 5.000000000e-03 6828
1.000000000e-01 8.333333333e-03 6.666666667e-03 6829
1.000000000e-01 8.333333333e-03 8.333333333e-03 6830
1.000000000e-01 8.333333333e-03 1.000000000e-02 6831
1.000000000e-01 8.333333333e-03 1.166666667e-02 6832
1.000000000e-01 8.333333333e-03 1.333333333e-02 6833
1.000000000e-01 8.333333333e-03 1.500000000e-02 6834
1.000000000e-01 8.333333333e-03 1.666666667e-02 6835
1.000000000e-01 8.333333333e-03 1.833333333e-02 6836
1.000000000e-01 8.333333333e-03 2.000000000e-02 6837
1.000000000e-01 1.000000000e-02 0.000000000e+00 6838
1.000000000e-01 1.000000000e-02 1.666666667e-03 6839
1.000000000e-01 1.000000000e-02 3.333333333e-03 6840
1.000000000e-01 1.000000000e-02 5.000000000e-03 6841
1.000000000e-01 1.000000000e-02 6.666666667e-03 6842
1.000000000e-01 1.000000000e-02 8.333333333e-03 6843
1.000000000e-01 1.000000000e-02 1.000000000e-02 6844
1.000000000e-01 1.000000000e-02 1.166666667e-02 6845
1.000000000e-01 1.000000000e-02 1.333333333e-02 6846
1.000000000e-01 1.000000000e-02 1.500000000e-02 6847
1.000000000e-01 1.000000000e-02 1.666666667e-02 6848
1.000000000e-01 1.000000000e-02 1.833333333e-02 6849
1.000000000e-01 1.000000000e-02 2.000000000e-02 6850
1.000000000e-01 1.166666667e-02 0.000000000e+00 6851
1.000000000e-01 1.166666667e-02 1.666666667e-03 6852
1.000000000e-01 1.166666667e-02 3.333333333e-03 6853
1.000000000e-01 1.166666667e-02 5.000000000e-03 6854
1.000000000e-01 1.166666667e-02 6.666666667e-03 6855
1.000000000e-01 1.166666667e-02 8.333333333e-03 6856
1.000000000e-01 1.166666667e-02 1.000000000e-02 6857
1.000000000e-01 1.166666667e-02 1.166666667e-02 6858
1.000000000e-01 1.166666667e-02 1.333333333e-02 6859
1.000000000e-01 1.166666667e-02 1.500000000e-02 6860
1.000000000e-01 1.166666667e-02 1.666666667e-02 6861
1.000000000e-01 1.166666667e-02 1.833333333e-02 6862
1.000000000e-01 1.166666667e-02 2.000000000e-02 6863
1.000000000e-01 1.333333333e-02 0.000000000e+00 6864
1.000000000e-01 1.333333333e-02 1.666666667e-03 6865
1.000000000e-01 1.333333333e-02 3.333333333e-03 6866
1.000000000e-01 1.333333333e-02 5.000000000e-03 6867
1.000000000e-01 1.333333333e-02 6.666666667e-03 6868
1.000000000e-01 1.333333333e-02 8.333333333e-03 6869
1.000000000e-01 1.333333333e-02 1.000000000e-02 6870
1.000000000e-01 1.333333333e-02 1.166666667e-02 6871
1.000000000e-01 1.333333333e-02 1.333333333e-02 6872
1.000000000e-01 1.333333333e-02 1.500000000e-02 6873
1.000000000e-01 1.333333333e-02 1.666666667e-02 6874
1.000000000e-01 1.333333333e-02 1.833333333e-02 6875
1.000000000e-01 1.333333333e-02 2.000000000e-02 6876
1.000000000e-01 1.500000000e-02 0.000000000e+00 6877
1.000000000e-01 1.500000000e-02 1.666666667e-03 6878
1.000000000e-01 1.500000000e-02 3.333333333e-03 6879
1.000000000e-01 1.500000000e-02 5.000000000e-03 6880
1.000000000e-01 1.500000000e-02 6.666666667e-03 6881
1.000000000e-01 1.500000000e-02 8.333333333e-03 6882
1.000000000e-01 1.500000000e-02 1.000000000e-02 6883
1.000000000e-01 1.500000000e-02 1.166666667e-02 6884
1.000000000e-01 1.500000000e-02 1.333333333e-02 6885
1.000000000e-01 1.500000000e-02 1.500000000e-02 6886
1.000000000e-01 1.500000000e-02 1.666666667e-02 6887
1.000000000e-01 1.500000000e-02 1.833333333e-02 6888
1.000000000e-01 1.500000000e-02 2.000000000e-02 6889
1.000000000e-01 1.666666667e-02 0.000000000e+00 6890
1.000000000e-01 1.666666667e-02 1.666666667e-03 6891
1.000000000e-01 1.666666667e-02 3.333333333e-03 6892
1.000000000e-01 1.666666667e-02 5.000000000e-03 6893
1.000000000e-01 1.666666667e-02 6.666666667e-03 6894
1.000000000e-01 1.666666667e-02 8.333333333e-03 6895
1.000000000e-01 1.666666667e-02 1.000000000e-02 6896
1.000000000e-01 1.666666667e-02 1.166666667e-02 6897
1.000000000e-01 1.666666667e-02 1.333333333e-02 6898
1.000000000e-01 1.666666667e-02 1.500000000e-02 6899
1.000000000e-01 1.666666667e-02 1.666666667e-02 6900
1.000000000e-01 1.666666667e-02 1.833333333e-02 6901
1.000000000e-01 1.666666667e-02 2.000000000e-02 6902
1.000000000e-01 1.833333333e-02 0.000000000e+00 6903
1.000000000e-01 1.833333333e-02 1.666666667e-03 6904
1.000000000e-01 1.833333333e-02 3.333333333e-03 6905
1.000000000e-01 1.833333333e-02 5.000000000e-03 6906
1.000000000e-01 1.833333333e-02 6.666666667e-03 6907
1.000000000e-01 1.833333333e-02 8.333333333e-03 6908
1.000000000e-01 1.833333333e-02 1.000000000e-02 6909
1.000000000e-01 1.833333333e-02 1.166666667e-02 6910
1.000000000e-01 1.833333333e-02 1.333333333e-02 6911
1.000000000e-01 1.833333333e-02 1.500000000e-02 6912
1.000000000e-01 1.833333333e-02 1.666666667e-02 6913
1.000000000e-01 1.833333333e-02 1.833333333e-02 6914
1.000000000e-01 1.833333333e-02 2.000000000e-02 6915
1.000000000e-01 2.000000000e-02 0.000000000e+00 6916
1.000000000e-01 2.000000000e-02 1.666666667e-03 6917
1.000000000e-01 2.000000000e-02 3.333333333e-03 6918
1.000000000e-01 2.000000000e-02 5.000000000e-03 6919
1.000000000e-01 2.000000000e-02 6.666666667e-03 6920
1.000000000e-01 2.000000000e-02 8.333333333e-03 6921
1.000000000e-01 2.000000000e-02 1.000000000e-02 6922
1.000000000e-01 2.000000000e-02 1.166666667e-02 6923
1.000000000e-01 2.000000000e-02 1.333333333e-02 6924
1.000000000e-01 2.000000000e-02 1.500000000e-02 6925
1.000000000e-01 2.000000000e-02 1.666666667e-02 6926
1.000000000e-01 2.000000000e-02 1.833333333e-02 6927
1.000000000e-01 2.000000000e-02 2.000000000e-02 6928
NMARK= 6
MARKER_TAG= INLET
MARKER_ELEMS= 144
9 0 13 14 1
9 1 14 15 2
9 2 15 16 3
9 3 16 17 4
9 4 17 18 5
9 5 18 19 6
9 6 19 20 7
9 7 20 21 8
9 8 21 22 9
9 9 22 23 10
9 10 23 24 11
9 11 24 25 12
9 13 26 27 14
9 14 27 28 15
9 15 28 29 16
9 16 29 30 17
9 17 30 31 18
9 18 31 32 19
9 19 32 33 20
9 20 33 34 21
9 21 34 35 22
9 22 35 36 23
9 23 36 37 24
9 24 37 38 25
9 26 39 40 27
9 27 40 41 28
9 28 41 42 29
9 29 42 43 30
9 30 43 44 31
9 31 44 45 32
9 32 45 46 33
9 33 46 47 34
9 34 47 48 35
9 35 48 49 36
9 36 49 50 37
9 37 50 51 38
9 39 52 53 40
9 40 53 54 41
9 41 54 55 42
9 42 55 56 43
9 43 56 57 44
9 44 57 58 45
9 45 58 59 46
9 46 59 60 47
9 47 60 61 48
9 48 61 62 49
9 49 62 63 50
9 50 63 64 51
9 52 65 66 53
9 53 66 67 54
9 54 67 68 55
9 55 68 69 56
9 56 69 70 57
9 57 70 71 58
9 58 71 72 59
9 59 72 73 60
9 60 73 74 61
9 61 74 75 62
9 62 75 76 63
9 63 76 77 64
9 65 78 79 66
9 66 79 80 67
9 67 80 81 68
9 68 81 82 69
9 69 82 83 70
9 70 83 84 71
9 71 84 85 72
9 72 85 86 73
9 73 86 87 74
9 74 87 88 75
9 75 88 89 76
9 76 89 90 77
9 78 91 92 79
9 79 92 93 80
9 80 93 94 81
9 81 94 95 82
9 82 95 96 83
9 83 96 97 84
9 84 97 98 85
9 85 98 99 86
9 86 99 100 87
9 87 100 101 88
9 88 101 102 89
9 89 102 103 90
9 91 104 105 92
9 92 105 106 93
9 93 106 107 94
9 94 107 108 95
9 95 108 109 96
9 96 109 110 97
9 97 110 111 98
9 98 111 112 99
9 99 112 113 100
9 100 113 114 101
9 101 114 115 102
9 102 115 116 103
9 104 117 118 105
9 105 118 119 106
9 106 119 120 107
9 107 120 121 108
9 108 121 122 109
9 109 122 123 110
9 110 123 124 111
9 111 124 125 112
9 112 125 126 113
9 113 126 127 114
9 114 127 128 115
9 115 128 129 116
9 117 130 131 118
9 118 131 132 119
9 119 132 133 120
9 120 133 134 121
9 121 134 135 122
9 122 135 136 123
9 123 136 137 124
9 124 137 138 125
9 125 138 139 126
9 126 139 140 127
9 127 140 141 128
9 128 141 142 129
9 130 143 144 131
9 131 144 145 132
9 132 145 146 133
9 133 146 147 134
9 134 147 148 135
9 135 148 149 136
9 136 149 150 137
9 137 150 151 138
9 138 151 152 139
9 139 152 153 140
9 140 153 154 141
9 141 154 155 142
9 143 156 157 144
9 144 157 158 145
9 145 158 159 146
9 146 159 160 147
9 147 160 161 148
9 148 161 162 149
9 149 162 163 150
9 150 163 164 151
9 151 164 165 152
9 152 165 166 153
9 153 166 167 154
9 154 167 168 155
MARKER_TAG= OUTLET
MARKER_ELEMS= 144
9 6760 6773 6774 6761
9 6761 6774 6775 6762
9 6762 6775 6776 6763
9 6763 6776 6777 6764
9 6764 6777 6778 6765
9 6765 6778 6779 6766
9 6766 6779 6780 6767
9 6767 6780 6781 6768
9 6768 6781 6782 6769
9 6769 6782 6783 6770
9 6770 6783 6784 6771
9 6771 6784 6785 6772
9 6773 6786 6787 6774
9 6774 6787 6788 6775
9 6775 6788 6789 6776
9 6776 6789 6790 6777
9 6777 6790 6791 6778
9 6778 6791 6792 6779
9 6779 6792 6793 6780
9 6780 6793 6794 6781
9 6781 6794 6795 6782
9 6782 6795 6796 6783
9 6783 6796 6797 6784
9 6784 6797 6798 6785
9 6786 6799 6800 6787
9 6787 6800 6801 6788
9 6788 6801 6802 6789
9 6789 6802 6803 6790
9 6790 6803 6804 6791
9 6791 6804 6805 6792
9 6792 6805 6806 6793
9 6793 6806 6807 6794
9 6794 6807 6808 6795
9 6795 6808 6809 6796
9 6796 6809 6810 6797
9 6797 6810 6811 6798
9 6799 6812 6813 6800
9 6800 6813 6814 6801
9 6801 6814 6815 6802
9 6802 6815 6816 6803
9 6803 6816 6817 6804
9 6804 6817 6818 6805
9 6805 6818 6819 6806
9 6806 6819 6820 6807
9 6807 6820 6821 6808
9 6808 6821 6822 6809
9 6809 6822 6823 6810
9 6810 6823 6824 6811
9 6812 6825 6826 6813
9 6813 6826 6827 6814
9 6814 6827 6828 6815
9 6815 6828 6829 6816
9 6816 6829 6830 6817
9 6817 6830 6831 6818
9 6818 6831 6832 6819
9 6819 6832 6833 6820
9 6820 6833 6834 6821
9 6821 6834 6835 6822
9 6822 6835 6836 6823
9 6823 6836 6837 6824
9 6825 6838 6839 6826
9 6826 6839 6840 6827
9 6827 6840 6841 6828
9 6828 6841 6842 6829
9 6829 6842 6843 6830
9 6830 6843 6844 6831
9 6831 6844 6845 6832
9 6832 6845 6846 6833
9 6833 6846 6847 6834
9 6834 6847 6848 6835
9 6835 6848 6849 6836
9 6836 6849 6850 6837
9 6838 6851 6852 6839
9 6839 6852 6853 6840
9 6840 6853 6854 6841
9 6841 6854 6855 6842
9 6842 6855 6856 6843
9 6843 6856 6857 6844
9 6844 6857 6858 6845
9 6845 6858 6859 6846
9 6846 6859 6860 6847
9 6847 6860 6861 6848
9 6848 6861 6862 6849
9 6849 6862 6863 6850
9 6851 6864 6865 6852
9 6852 6865 6866 6853
9 6853 6866 6867 6854
9 6854 6867 6868 6855
9 6855 6868 6869 6856
9 6856 6869 6870 6857
9 6857 6870 6871 6858
9 6858 6871 6872 6859
9 6859 6872 6873 6860
9 6860 6873 6874 6861
9 6861 6874 6875 6862
9 6862 6875 6876 6863
9 6864 6877 6878 6865
9 6865 6878 6879 6866
9 6866 6879 6880 6867
9 6867 6880 6881 6868
9 6868 6881 6882 6869
9 6869 6882 6883 6870
9 6870 6883 6884 6871
9 6871 6884 6885 6872
9 6872 6885 6886 6873
9 6873 6886 6887 6874
9 6874 6887 6888 6875
9 6875 6888 6889 6876
9 6877 6890 6891 6878
9 6878 6891 6892 6879
9 6879 6892 6893 6880
9 6880 6893 6894 6881
9 6881 6894 6895 6882
9 6882 6895 6896 6883
9 6883 6896 6897 6884
9 6884 6897 6898 6885
9 6885 6898 6899 6886
9 6886 6899 6900 6887
9 6887 6900 6901 6888
9 6888 6901 6902 6889
9 6890 6903 6904 6891
9 6891 6904 6905 6892
9 6892 6905 6906 6893
9 6893 6906 6907 6894
9 6894 6907 6908 6895
9 6895 6908 6909 6896
9 6896 6909 6910 6897
9 6897 6910 6911 6898
9 6898 6911 6912 6899
9 6899 6912 6913 6900
9 6900 6913 6914 6901
9 6901 6914 6915 6902
9 6903 6916 6917 6904
9 6904 6917 6918 6905
9 6905 6918 6919 6906
9 6906 6919 6920 6907
9 6907 6920 6921 6908
9 6908 6921 6922 6909
9 6909 6922 6923 6910
9 6910 6923 6924 6911
9 6911 6924 6925 6912
9 6912 6925 6926 6913
9 6913 6926 6927 6914
9 6914 6927 6928 6915
MARKER_TAG= HUB
MARKER_ELEMS= 480
9 0 169 170 1
9 1 170 171 2
9 2 171 172 3
9 3 172 173 4
9 4 173 174 5
9 5 174 175 6
9 6 175 176 7
9 7 176 177 8
9 8 177 178 9
9 9 178 179 10
9 10 179 180 11
9 11 180 181 12
9 169 338 339 170
9 170 339 340 171
9 171 340 341 172
9 172 341 342 173
9 173 342 343 174
9 174 343 344 175
9 175 344 345 176
9 176 345 346 177
9 177 346 347 178
9 178 347 348 179
9 179 348 349 180
9 180 349 350 181
9 338 507 508 339
9 339 508 509 340
9 340 509 510 341
9 341 510 511 342
9 342 511 512 343
9 343 512 513 344
9 344 513 514 345
9 345 514 515 346
9 346 515 516 347
9 347 516 517 348
9 348 517 518 349
9 349 518 519 350
9 507 676 677 508
9 508 677 678 509
9 509 678 679 510
9 510 679 680 511
9 511 680 681 512
9 512 681 682 513
9 513 682 683 514
9 514 683 684 515
9 515 684 685 516
9 516 685 686 517
9 517 686 687 518
9 518 687 688 519
9 676 845 846 677
9 677 846 847 678
9 678 847 848 679
9 679 848 849 680
9 680 849 850 681
9 681 850 851 682
9 682 851 852 683
9 683 852 853 684
9 684 853 854 685
9 685 854 855 686
9 686 855 856 687
9 687 856 857 688
9 845 1014 1015 846
9 846 1015 1016 847
9 847 1016 1017 848
9 848 1017 1018 849
9 849 1018 1019 850
9 850 1019 1020 851
9 851 1020 1021 852
9 852 1021 1022 853
9 853 1022 1023 854
9 854 1023 1024 855
9 855 1024 1025 856
9 856 1025 1026 857
9 1014 1183 1184 1015
9 1015 1184 1185 1016
9 1016 1185 1186 1017
9 1017 1186 1187 1018
9 1018 1187 1188 1019
9 1019 1188 1189 1020
9 1020 1189 1190 1021
9 1021 1190 1191 1022
9 1022 1191 1192 1023
9 1023 1192 1193 1024
9 1024 1193 1194 1025
9 1025 1194 1195 1026
9 1183 1352 1353 1184
9 1184 1353 1354 1185
9 1185 1354 1355 1186
9 1186 1355 1356 1187
9 1187 1356 1357 1188
9 1188 1357 1358 1189
9 1189 1358 1359 1190
9 1190 1359 1360 1191
9 1191 1360 1361 1192
9 1192 1361 1362 1193
9 1193 1362 1363 1194
9 1194 1363 1364 1195
9 1352 1521 1522 1353
9 1353 1522 1523 1354
9 1354 1523 1524 1355
9 1355 1524 1525 1356
9 1356 1525 1526 1357
9 1357 1526 1527 1358
9 1358 1527 1528 1359
9 1359 1528 1529 1360
9 1360 1529 1530 1361
9 1361 1530 1531 1362
9 1362 1531 1532 1363
9 1363 1532 1533 1364
9 1521 1690 1691 1522
9 1522 1691 1692 1523
9 1523 1692 1693 1524
9 1524 1693 1694 1525
9 1525 1694 1695 1526
9 1526 1695 1696 1527
9 1527 1696 1697 1528
9 1528 1697 1698 1529
9 1529 1698 1699 1530
9 1530 1699 1700 1531
9 1531 1700 1701 1532
9 1532 1701 1702 1533
9 1690 1859 1860 1691
9 1691 1860 1861 1692
9 1692 1861 1862 1693
9 1693 1862 1863 1694
9 1694 1863 1864 1695
9 1695 1864 1865 1696
9 1696 1865 1866 1697
9 1697 1866 1867 1698
9 1698 1867 1868 1699
9 1699 1868 1869 1700
9 1700 1869 1870 1701
9 1701 1870 1871 1702
9 1859 2028 2029 1860
9 1860 2029 2030 1861
9 1861 2030 2031 1862
9 1862 2031 2032 1863
9 1863 2032 2033 1864
9 1864 2033 2034 1865
9 1865 2034 2035 1866
9 1866 2035 2036 1867
9 1867 2036 2037 1868
9 1868 2037 2038 1869
9 1869 2038 2039 1870
9 1870 2039 2040 1871
9 2028 2197 2198 2029
9 2029 2198 2199 2030
9 2030 2199 2200 2031
9 2031 2200 2201 2032
9 2032 2201 2202 2033
9 2033 2202 2203 2034
9 2034 2203 2204 2035
9 2035 2204 2205 2036
9 2036 2205 2206 2037
9 2037 2206 2207 2038
9 2038 2207 2208 2039
9 2039 2208 2209 2040
9 2197 2366 2367 2198
9 2198 2367 2368 2199
9 2199 2368 2369 2200
9 2200 2369 2370 2201
9 2201 2370 2371 2202
9 2202 2371 2372 2203
9 2203 2372 2373 2204
9 2204 2373 2374 2205
9 2205 2374 2375 2206
9 2206 2375 2376 2207
9 2207 2376 2377 2208
9 2208 2377 2378 2209
9 2366 2535 2536 2367
9 2367 2536 2537 2368
9 2368 2537 2538 2369
9 2369 2538 2539 2370
9 2370 2539 2540 2371
9 2371 2540 2541 2372
9 2372 2541 2542 2373
9 2373 2542 2543 2374
9 2374 2543 2544 2375
9 2375 2544 2545 2376
9 2376 2545 2546 2377
9 2377 2546 2547 2378
9 2535 2704 2705 2536
9 2536 2705 2706 2537
9 2537 2706 2707 2538
9 2538 2707 2708 2539
9 2539 2708 2709 2540
9 2540 2709 2710 2541
9 2541 2710 2711 2542
9 2542 2711 2712 2543
9 2543 2712 2713 2544
9 2544 2713 2714 2545
9 2545 2714 2715 2546
9 2546 2715 2716 2547
9 2704 2873 2874 2705
9 2705 2874 2875 2706
9 2706 2875 2876 2707
9 2707 2876 2877 2708
9 2708 2877 2878 2709
9 2709 2878 2879 2710
9 2710 2879 2880 2711
9 2711 2880 2881 2712
9 2712 2881 2882 2713
9 2713 2882 2883 2714
9 2714 2883 2884 2715
9 2715 2884 2885 2716
9 2873 3042 3043 2874
9 2874 3043 3044 2875
9 2875 3044 3045 2876
9 2876 3045 3046 2877
9 2877 3046 3047 2878
9 2878 3047 3048 2879
9 2879 3048 3049 2880
9 2880 3049 3050 2881
9 2881 3050 3051 2882
9 2882 3051 3052 2883
9 2883 3052 3053 2884
9 2884 3053 3054 2885
9 3042 3211 3212 3043
9 3043 3212 3213 3044
9 3044 3213 3214 3045
9 3045 3214 3215 3046
9 3046 3215 3216 3047
9 3047 3216 3217 3048
9 3048 3217 3218 3049
9 3049 3218 3219 3050
9 3050 3219 3220 3051
9 3051 3220 3221 3052
9 3052 3221 3222 3053
9 3053 3222 3223 3054
9 3211 3380 3381 3212
9 3212 3381 3382 3213
9 3213 3382 3383 3214
9 3214 3383 3384 3215
9 3215 3384 3385 3216
9 3216 3385 3386 3217
9 3217 3386 3387 3218
9 3218 3387 3388 3219
9 3219 3388 3389 3220
9 3220 3389 3390 3221
9 3221 3390 3391 3222
9 3222 3391 3392 3223
9 3380 3549 3550 3381
9 3381 3550 3551 3382
9 3382 3551 3552 3383
9 3383 3552 3553 3384
9 3384 3553 3554 3385
9 3385 3554 3555 3386
9 3386 3555 3556 3387
9 3387 3556 3557 3388
9 3388 3557 3558 3389
9 3389 3558 3559 3390
9 3390 3559 3560 3391
9 3391 3560 3561 3392
9 3549 3718 3719 3550
9 3550 3719 3720 3551
9 3551 3720 3721 3552
9 3552 3721 3722 3553
9 3553 3722 3723 3554
9 3554 3723 3724 3555
9 3555 3724 3725 3556
9 3556 3725 3726 3557
9 3557 3726 3727 3558
9 3558 3727 3728 3559
9 3559 3728 3729 3560
9 3560 3729 3730 3561
9 3718 3887 3888 3719
9 3719 3888 3889 3720
9 3720 3889 3890 3721
9 3721 3890 3891 3722
9 3722 3891 3892 3723
9 3723 3892 3893 3724
9 3724 3893 3894 3725
9 3725 3894 3895 3726
9 3726 3895 3896 3727
9 3727 3896 3897 3728
9 3728 3897 3898 3729
9 3729 3898 3899 3730
9 3887 4056 4057 3888
9 3888 4057 4058 3889
9 3889 4058 4059 3890
9 3890 4059 4060 3891
9 3891 4060 4061 3892
9 3892 4061 4062 3893
9 3893 4062 4063 3894
9 3894 4063 4064 3895
9 3895 4064 4065 3896
9 3896 4065 4066 3897
9 3897 4066 4067 3898
9 3898 4067 4068 3899
9 4056 4225 4226 4057
9 4057 4226 4227 4058
9 4058 4227 4228 4059
9 4059 4228 4229 4060
9 4060 4229 4230 4061
9 4061 4230 4231 4062
9 4062 4231 4232 4063
9 4063 4232 4233 4064
9 4064 4233 4234 4065
9 4065 4234 4235 4066
9 4066 4235 4236 4067
9 4067 4236 4237 4068
9 4225 4394 4395 4226
9 4226 4395 4396 4227
9 4227 4396 4397 4228
9 4228 4397 4398 4229
9 4229 4398 4399 4230
9 4230 4399 4400 4231
9 4231 4400 4401 4232
9 4232 4401 4402 4233
9 4233 4402 4403 4234
9 4234 4403 4404 4235
9 4235 4404 4405 4236
9 4236 4405 4406 4237
9 4394 4563 4564 4395
9 4395 4564 4565 4396
9 4396 4565 4566 4397
9 4397 4566 4567 4398
9 4398 4567 4568 4399
9 4399 4568 4569 4400
9 4400 4569 4570 4401
9 4401 4570 4571 4402
9 4402 4571 4572 4403
9 4403 4572 4573 4404
9 4404 4573 4574 4405
9 4405 4574 4575 4406
9 4563 4732 4733 4564
9 4564 4733 4734 4565
9 4565 4734 4735 4566
9 4566 4735 4736 4567
9 4567 4736 4737 4568
9 4568 4737 4738 4569
9 4569 4738 4739 4570
9 4570 4739 4740 4571
9 4571 4740 4741 4572
9 4572 4741 4742 4573
9 4573 4742 4743 4574
9 4574 4743 4744 4575
9 4732 4901 4902 4733
9 4733 4902 4903 4734
9 4734 4903 4904 4735
9 4735 4904 4905 4736
9 4736 4905 4906 4737
9 4737 4906 4907 4738
9 4738 4907 4908 4739
9 4739 4908 4909 4740
9 4740 4909 4910 4741
9 4741 4910 4911 4742
9 4742 4911 4912 4743
9 4743 4912 4913 4744
9 4901 5070 5071 4902
9 4902 5071 5072 4903
9 4903 5072 5073 4904
9 4904 5073 5074 4905
9 4905 5074 5075 4906
9 4906 5075 5076 4907
9 4907 5076 5077 4908
9 4908 5077 5078 4909
9 4909 5078 5079 4910
9 4910 5079 5080 4911
9 4911 5080 5081 4912
9 4912 5081 5082 4913
9 5070 5239 5240 5071
9 5071 5240 5241 5072
9 5072 5241 5242 5073
9 5073 5242 5243 5074
9 5074 5243 5244 5075
9 5075 5244 5245 5076
9 5076 5245 5246 5077
9 5077 5246 5247 5078
9 5078 5247 5248 5079
9 5079 5248 5249 5080
9 5080 5249 5250 5081
9 5081 5250 5251 5082
9 5239 5408 5409 5240
9 5240 5409 5410 5241
9 5241 5410 5411 5242
9 5242 5411 5412 5243
9 5243 5412 5413 5244
9 5244 5413 5414 5245
9 5245 5414 5415 5246
9 5246 5415 5416 5247
9 5247 5416 5417 5248
9 5248 5417 5418 5249
9 5249 5418 5419 5250
9 5250 5419 5420 5251
9 5408 5577 5578 5409
9 5409 5578 5579 5410
9 5410 5579 5580 5411
9 5411 5580 5581 5412
9 5412 5581 5582 5413
9 5413 5582 5583 5414
9 5414 5583 5584 5415
9 5415 5584 5585 5416
9 5416 5585 5586 5417
9 5417 5586 5587 5418
9 5418 5587 5588 5419
9 5419 5588 5589 5420
9 5577 5746 5747 5578
9 5578 5747 5748 5579
9 5579 5748 5749 5580
9 5580 5749 5750 5581
9 5581 5750 5751 5582
9 5582 5751 5752 5583
9 5583 5752 5753 5584
9 5584 5753 5754 5585
9 5585 5754 5755 5586
9 5586 5755 5756 5587
9 5587 5756 5757 5588
9 5588 5757 5758 5589
9 5746 5915 5916 5747
9 5747 5916 5917 5748
9 5748 5917 5918 5749
9 5749 5918 5919 5750
9 5750 5919 5920 5751
9 5751 5920 5921 5752
9 5752 5921 5922 5753
9 5753 5922 5923 5754
9 5754 5923 5924 5755
9 5755 5924 5925 5756
9 5756 5925 5926 5757
9 5757 5926 5927 5758
9 5915 6084 6085 5916
9 5916 6085 6086 5917
9 5917 6086 6087 5918
9 5918 6087 6088 5919
9 5919 6088 6089 5920
9 5920 6089 6090 5921
9 5921 6090 6091 5922
9 5922 6091 6092 5923
9 5923 6092 6093 5924
9 5924 6093 6094 5925
9 5925 6094 6095 5926
9 5926 6095 6096 5927
9 6084 6253 6254 6085
9 6085 6254 6255 6086
9 6086 6255 6256 6087
9 6087 6256 6257 6088
9 6088 6257 6258 6089
9 6089 6258 6259 6090
9 6090 6259 6260 6091
9 6091 6260 6261 6092
9 6092 6261 6262 6093
9 6093 6262 6263 6094
9 6094 6263 6264 6095
9 6095 6264 6265 6096
9 6253 6422 6423 6254
9 6254 6423 6424 6255
9 6255 6424 6425 6256
9 6256 6425 6426 6257
9 6257 6426 6427 6258
9 6258 6427 6428 6259
9 6259 6428 6429 6260
9 6260 6429 6430 6261
9 6261 6430 6431 6262
9 6262 6431 6432 6263
9 6263 6432 6433 6264
9 6264 6433 6434 6265
9 6422 6591 6592 6423
9 6423 6592 6593 6424
9 6424 6593 6594 6425
9 6425 6594 6595 6426
9 6426 6595 6596 6427
9 6427 6596 6597 6428
9 6428 6597 6598 6429
9 6429 6598 6599 6430
9 6430 6599 6600 6431
9 6431 6600 6601 6432
9 6432 6601 6602 6433
9 6433 6602 6603 6434
9 6591 6760 6761 6592
9 6592 6761 6762 6593
9 6593 6762 6763 6594
9 6594 6763 6764 6595
9 6595 6764 6765 6596
9 6596 6765 6766 6597
9 6597 6766 6767 6598
9 6598 6767 6768 6599
9 6599 6768 6769 6600
9 6600 6769 6770 6601
9 6601 6770 6771 6602
9 6602 6771 6772 6603
MARKER_TAG= SHROUD
MARKER_ELEMS= 480
9 156 325 326 157
9 157 326 327 158
9 158 327 328 159
9 159 328 329 160
9 160 329 330 161
9 161 330 331 162
9 162 331 332 163
9 163 332 333 164
9 164 333 334 165
9 165 334 335 166
9 166 335 336 167
9 167 336 337 168
9 325 494 495 326
9 326 495 496 327
9 327 496 497 328
9 328 497 498 329
9 329 498 499 330
9 330 499 500 331
9 331 500 501 332
9 332 501 502 333
9 333 502 503 334
9 334 503 504 335
9 335 504 505 336
9 336 505 506 337
9 494 663 664 495
9 495 664 665 496
9 496 665 666 497
9 497 666 667 498
9 498 667 668 499
9 499 668 669 500
9 500 669 670 501
9 501 670 671 502
9 502 671 672 503
9 503 672 673 504
9 504 673 674 505
9 505 674 675 506
9 663 832 833 664
9 664 833 834 665
9 665 834 835 666
9 666 835 836 667
9 667 836 837 668
9 668 837 838 669
9 669 838 839 670
9 670 839 840 671
9 671 840 841 672
9 672 841 842 673
9 673 842 843 674
9 674 843 844 675
9 832 1001 1002 833
9 833 1002 1003 834
9 834 1003 1004 835
9 835 1004 1005 836
9 836 1005 1006 837
9 837 1006 1007 838
9 838 1007 1008 839
9 839 1008 1009 840
9 840 1009 1010 841
9 841 1010 1011 842
9 842 1011 1012 843
9 843 1012 1013 844
9 1001 1170 1171 1002
9 1002 1171 1172 1003
9 1003 1172 1173 1004
9 1004 1173 1174 1005
9 1005 1174 1175 1006
9 1006 1175 1176 1007
9 1007 1176 1177 1008
9 1008 1177 1178 1009
9 1009 1178 1179 1010
9 1010 1179 1180 1011
9 1011 1180 1181 1012
9 1012 1181 1182 1013
9 1170 1339 1340 1171
9 1171 1340 1341 1172
9 1172 1341 1342 1173
9 1173 1342 1343 1174
9 1174 1343 1344 1175
9 1175 1344 1345 1176
9 1176 1345 1346 1177
9 1177 1346 1347 1178
9 1178 1347 1348 1179
9 1179 1348 1349 1180
9 1180 1349 1350 1181
9 1181 1350 1351 1182
9 1339 1508 1509 1340
9 1340 1509 1510 1341
9 1341 1510 1511 1342
9 1342 1511 1512 1343
9 1343 1512 1513 1344
9 1344 1513 1514 1345
9 1345 1514 1515 1346
9 1346 1515 1516 1347
9 1347 1516 1517 1348
9 1348 1517 1518 1349
9 1349 1518 1519 1350
9 1350 1519 1520 1351
9 1508 1677 1678 1509
9 1509 1678 1679 1510
9 1510 1679 1680 1511
9 1511 1680 1681 1512
9 1512 1681 1682 1513
9 1513 1682 1683 1514
9 1514 1683 1684 1515
9 1515 1684 1685 1516
9 1516 1685 1686 1517
9 1517 1686 1687 1518
9 1518 1687 1688 1519
9 1519 1688 1689 1520
9 1677 1846 1847 1678
9 1678 1847 1848 1679
9 1679 1848 1849 1680
9 1680 1849 1850 1681
9 1681 1850 1851 1682
9 1682 1851 1852 1683
9 1683 1852 1853 1684
9 1684 1853 1854 1685
9 1685 1854 1855 1686
9 1686 1855 1856 1687
9 1687 1856 1857 1688
9 1688 1857 1858 1689
9 1846 2015 2016 1847
9 1847 2016 2017 1848
9 1848 2017 2018 1849
9 1849 2018 2019 1850
9 1850 2019 2020 1851
9 1851 2020 2021 1852
9 1852 2021 2022 1853
9 1853 2022 2023 1854
9 1854 2023 2024 1855
9 1855 2024 2025 1856
9 1856 2025 2026 1857
9 1857 2026 2027 1858
9 2015 2184 2185 2016
9 2016 2185 2186 2017
9 2017 2186 2187 2018
9 2018 2187 2188 2019
9 2019 2188 2189 2020
9 2020 2189 2190 2021
9 2021 2190 2191 2022
9 2022 2191 2192 2023
9 2023 2192 2193 2024
9 2024 2193 2194 2025
9 2025 2194 2195 2026
9 2026 2195 2196 2027
9 2184 2353 2354 2185
9 2185 2354 2355 2186
9 2186 2355 2356 2187
9 2187 2356 2357 2188
9 2188 2357 2358 2189
9 2189 2358 2359 2190
9 2190 2359 2360 2191
9 2191 2360 2361 2192
9 2192 2361 2362 2193
9 2193 2362 2363 2194
9 2194 2363 2364 2195
9 2195 2364 2365 2196
9 2353 2522 2523 2354
9 2354 2523 2524 2355
9 2355 2524 2525 2356
9 2356 2525 2526 2357
9 2357 2526 2527 2358
9 2358 2527 2528 2359
9 2359 2528 2529 2360
9 2360 2529 2530 2361
9 2361 2530 2531 2362
9 2362 2531 2532 2363
9 2363 2532 2533 2364
9 2364 2533 2534 2365
9 2522 2691 2692 2523
9 2523 2692 2693 2524
9 2524 2693 2694 2525
9 2525 2694 2695 2526
9 2526 2695 2696 2527
9 2527 2696 2697 2528
9 2528 2697 2698 2529
9 2529 2698 2699 2530
9 2530 2699 2700 2531
9 2531 2700 2701 2532
9 2532 2701 2702 2533
9 2533 2702 2703 2534
9 2691 2860 2861 2692
9 2692 2861 2862 2693
9 2693 2862 2863 2694
9 2694 2863 2864 2695
9 2695 2864 2865 2696
9 2696 2865 2866 2697
9 2697 2866 2867 2698
9 2698 2867 2868 2699
9 2699 2868 2869 2700
9 2700 2869 2870 2701
9 2701 2870 2871 2702
9 2702 2871 2872 2703
9 2860 3029 3030 2861
9 2861 3030 3031 2862
9 2862 3031 3032 2863
9 2863 3032 3033 2864
9 2864 3033 3034 2865
9 2865 3034 3035 2866
9 2866 3035 3036 2867
9 2867 3036 3037 2868
9 2868 3037 3038 2869
9 2869 3038 3039 2870
9 2870 3039 3040 2871
9 2871 3040 3041 2872
9 3029 3198 3199 3030
9 3030 3199 3200 3031
9 3031 3200 3201 3032
9 3032 3201 3202 3033
9 3033 3202 3203 3034
9 3034 3203 3204 3035
9 3035 3204 3205 3036
9 3036 3205 3206 3037
9 3037 3206 3207 3038
9 3038 3207 3208 3039
9 3039 3208 3209 3040
9 3040 3209 3210 3041
9 3198 3367 3368 3199
9 3199 3368 3369 3200
9 3200 3369 3370 3201
9 3201 3370 3371 3202
9 3202 3371 3372 3203
9 3203 3372 3373 3204
9 3204 3373 3374 3205
9 3205 3374 3375 3206
9 3206 3375 3376 3207
9 3207 3376 3377 3208
9 3208 3377 3378 3209
9 3209 3378 3379 3210
9 3367 3536 3537 3368
9 3368 3537 3538 3369
9 3369 3538 3539 3370
9 3370 3539 3540 3371
9 3371 3540 3541 3372
9 3372 3541 3542 3373
9 3373 3542 3543 3374
9 3374 3543 3544 3375
9 3375 3544 3545 3376
9 3376 3545 3546 3377
9 3377 3546 3547 3378
9 3378 3547 3548 3379
9 3536 3705 3706 3537
9 3537 3706 3707 3538
9 3538 3707 3708 3539
9 3539 3708 3709 3540
9 3540 3709 3710 3541
9 3541 3710 3711 3542
9 3542 3711 3712 3543
9 3543 3712 3713 3544
9 3544 3713 3714 3545
9 3545 3714 3715 3546
9 3546 3715 3716 3547
9 3547 3716 3717 3548
9 3705 3874 3875 3706
9 3706 3875 3876 3707
9 3707 3876 3877 3708
9 3708 3877 3878 3709
9 3709 3878 3879 3710
9 3710 3879 3880 3711
9 3711 3880 3881 3712
9 3712 3881 3882 3713
9 3713 3882 3883 3714
9 3714 3883 3884 3715
9 3715 3884 3885 3716
9 3716 3885 3886 3717
9 3874 4043 4044 3875
9 3875 4044 4045 3876
9 3876 4045 4046 3877
9 3877 4046 4047 3878
9 3878 4047 4048 3879
9 3879 4048 4049 3880
9 3880 4049 4050 3881
9 3881 4050 4051 3882
9 3882 4051 4052 3883
9 3883 4052 4053 3884
9 3884 4053 4054 3885
9 3885 4054 4055 3886
9 4043 4212 4213 4044
9 4044 4213 4214 4045
9 4045 4214 4215 4046
9 4046 4215 4216 4047
9 4047 4216 4217 4048
9 4048 4217 4218 4049
9 4049 4218 4219 4050
9 4050 4219 4220 4051
9 4051 4220 4221 4052
9 4052 4221 4222 4053
9 4053 4222 4223 4054
9 4054 4223 4224 4055
9 4212 4381 4382 4213
9 4213 4382 4383 4214
9 4214 4383 4384 4215
9 4215 4384 4385 4216
9 4216 4385 4386 4217
9 4217 4386 4387 4218
9 4218 4387 4388 4219
9 4219 4388 4389 4220
9 4220 4389 4390 4221
9 4221 4390 4391 4222
9 4222 4391 4392 4223
9 4223 4392 4393 4224
9 4381 4550 4551 4382
9 4382 4551 4552 4383
9 4383 4552 4553 4384
9 4384 4553 4554 4385
9 4385 4554 4555 4386
9 4386 4555 4556 4387
9 4387 4556 4557 4388
9 4388 4557 4558 4389
9 4389 4558 4559 4390
9 4390 4559 4560 4391
9 4391 4560 4561 4392
9 4392 4561 4562 4393
9 4550 4719 4720 4551
9 4551 4720 4721 4552
9 4552 4721 4722 4553
9 4553 4722 4723 4554
9 4554 4723 4724 4555
9 4555 4724 4725 4556
9 4556 4725 4726 4557
9 4557 4726 4727 4558
9 4558 4727 4728 4559
9 4559 4728 4729 4560
9 4560 4729 4730 4561
9 4561 4730 4731 4562
9 4719 4888 4889 4720
9 4720 4889 4890 4721
9 4721 4890 4891 4722
9 4722 4891 4892 4723
9 4723 4892 4893 4724
9 4724 4893 4894 4725
9 4725 4894 4895 4726
9 4726 4895 4896 4727
9 4727 4896 4897 4728
9 4728 4897 4898 4729
9 4729 4898 4899 4730
9 4730 4899 4900 4731
9 4888 5057 5058 4889
9 4889 5058 5059 4890
9 4890 5059 5060 4891
9 4891 5060 5061 4892
9 4892 5061 5062 4893
9 4893 5062 5063 4894
9 4894 5063 5064 4895
9 4895 5064 5065 4896
9 4896 5065 5066 4897
9 4897 5066 5067 4898
9 4898 5067 5068 4899
9 4899 5068 5069 4900
9 5057 5226 5227 5058
9 5058 5227 5228 5059
9 5059 5228 5229 5060
9 5060 5229 5230 5061
9 5061 5230 5231 5062
9 5062 5231 5232 5063
9 5063 5232 5233 5064
9 5064 5233 5234 5065
9 5065 5234 5235 5066
9 5066 5235 5236 5067
9 5067 5236 5237 5068
9 5068 5237 5238 5069
9 5226 5395 5396 5227
9 5227 5396 5397 5228
9 5228 5397 5398 5229
9 5229 5398 5399 5230
9 5230 5399 5400 5231
9 5231 5400 5401 5232
9 5232 5401 5402 5233
9 5233 5402 5403 5234
9 5234 5403 5404 5235
9 5235 5404 5405 5236
9 5236 5405 5406 5237
9 5237 5406 5407 5238
9 5395 5564 5565 5396
9 5396 5565 5566 5397
9 5397 5566 5567 5398
9 5398 5567 5568 5399
9 5399 5568 5569 5400
9 5400 5569 5570 5401
9 5401 5570 5571 5402
9 5402 5571 5572 5403
9 5403 5572 5573 5404
9 5404 5573 5574 5405
9 5405 5574 5575 5406
9 5406 5575 5576 5407
9 5564 5733 5734 5565
9 5565 5734 5735 5566
9 5566 5735 5736 5567
9 5567 5736 5737 5568
9 5568 5737 5738 5569
9 5569 5738 5739 5570
9 5570 5739 5740 5571
9 5571 5740 5741 5572
9 5572 5741 5742 5573
9 5573 5742 5743 5574
9 5574 5743 5744 5575
9 5575 5744 5745 5576
9 5733 5902 5903 5734
9 5734 5903 5904 5735
9 5735 5904 5905 5736
9 5736 5905 5906 5737
9 5737 5906 5907 5738
9 5738 5907 5908 5739
9 5739 5908 5909 5740
9 5740 5909 5910 5741
9 5741 5910 5911 5742
9 5742 5911 5912 5743
9 5743 5912 5913 5744
9 5744 5913 5914 5745
9 5902 6071 6072 5903
9 5903 6072 6073 5904
9 5904 6073 6074 5905
9 5905 6074 6075 5906
9 5906 6075 6076 5907
9 5907 6076 6077 5908
9 5908 6077 6078 5909
9 5909 6078 6079 5910
9 5910 6079 6080 5911
9 5911 6080 6081 5912
9 5912 6081 6082 5913
9 5913 6082 6083 5914
9 6071 6240 6241 6072
9 6072 6241 6242 6073
9 6073 6242 6243 6074
9 6074 6243 6244 6075
9 6075 6244 6245 6076
9 6076 6245 6246 6077
9 6077 6246 6247 6078
9 6078 6247 6248 6079
9 6079 6248 6249 6080
9 6080 6249 6250 6081
9 6081 6250 6251 6082
9 6082 6251 6252 6083
9 6240 6409 6410 6241
9 6241 6410 6411 6242
9 6242 6411 6412 6243
9 6243 6412 6413 6244
9 6244 6413 6414 6245
9 6245 6414 6415 6246
9 6246 6415 6416 6247
9 6247 6416 6417 6248
9 6248 6417 6418 6249
9 6249 6418 6419 6250
9 6250 6419 6420 6251
9 6251 6420 6421 6252
9 6409 6578 6579 6410
9 6410 6579 6580 6411
9 6411 6580 6581 6412
9 6412 6581 6582 6413
9 6413 6582 6583 6414
9 6414 6583 6584 6415
9 6415 6584 6585 6416
9 6416 6585 6586 6417
9 6417 6586 6587 6418
9 6418 6587 6588 6419
9 6419 6588 6589 6420
9 6420 6589 6590 6421
9 6578 6747 6748 6579
9 6579 6748 6749 6580
9 6580 6749 6750 6581
9 6581 6750 6751 6582
9 6582 6751 6752 6583
9 6583 6752 6753 6584
9 6584 6753 6754 6585
9 6585 6754 6755 6586
9 6586 6755 6756 6587
9 6587 6756 6757 6588
9 6588 6757 6758 6589
9 6589 6758 6759 6590
9 6747 6916 6917 6748
9 6748 6917 6918 6749
9 6749 6918 6919 6750
9 6750 6919 6920 6751
9 6751 6920 6921 6752
9 6752 6921 6922 6753
9 6753 6922 6923 6754
9 6754 6923 6924 6755
9 6755 6924 6925 6756
9 6756 6925 6926 6757
9 6757 6926 6927 6758
9 6758 6927 6928 6759
MARKER_TAG= PER_A
MARKER_ELEMS= 480
9 0 169 182 13
9 13 182 195 26
9 26 195 208 39
9 39 208 221 52
9 52 221 234 65
9 65 234 247 78
9 78 247 260 91
9 91 260 273 104
9 104 273 286 117
9 117 286 299 130
9 130 299 312 143
9 143 312 325 156
9 169 338 351 182
9 182 351 364 195
9 195 364 377 208
9 208 377 390 221
9 221 390 403 234
9 234 403 416 247
9 247 416 429 260
9 260 429 442 273
9 273 442 455 286
9 286 455 468 299
9 299 468 481 312
9 312 481 494 325
9 338 507 520 351
9 351 520 533 364
9 364 533 546 377
9 377 546 559 390
9 390 559 572 403
9 403 572 585 416
9 416 585 598 429
9 429 598 611 442
9 442 611 624 455
9 455 624 637 468
9 468 637 650 481
9 481 650 663 494
9 507 676 689 520
9 520 689 702 533
9 533 702 715 546
9 546 715 728 559
9 559 728 741 572
9 572 741 754 585
9 585 754 767 598
9 598 767 780 611
9 611 780 793 624
9 624 793 806 637
9 637 806 819 650
9 650 819 832 663
9 676 845 858 689
9 689 858 871 702
9 702 871 884 715
9 715 884 897 728
9 728 897 910 741
9 741 910 923 754
9 754 923 936 767
9 767 936 949 780
9 780 949 962 793
9 793 962 975 806
9 806 975 988 819
9 819 988 1001 832
9 845 1014 1027 858
9 858 1027 1040 871
9 871 1040 1053 884
9 884 1053 1066 897
9 897 1066 1079 910
9 910 1079 1092 923
9 923 1092 1105 936
9 936 1105 1118 949
9 949 1118 1131 962
9 962 1131 1144 975
9 975 1144 1157 988
9 988 1157 1170 1001
9 1014 1183 1196 1027
9 1027 1196 1209 1040
9 1040 1209 1222 1053
9 1053 1222 1235 1066
9 1066 1235 1248 1079
9 1079 1248 1261 1092
9 1092 1261 1274 1105
9 1105 1274 1287 1118
9 1118 1287 1300 1131
9 1131 1300 1313 1144
9 1144 1313 1326 1157
9 1157 1326 1339 1170
9 1183 1352 1365 1196
9 1196 1365 1378 1209
9 1209 1378 1391 1222
9 1222 1391 1404 1235
9 1235 1404 1417 1248
9 1248 1417 1430 1261
9 1261 1430 1443 1274
9 1274 1443 1456 1287
9 1287 1456 1469 1300
9 1300 1469 1482 1313
9 1313 1482 1495 1326
9 1326 1495 1508 1339
9 1352 1521 1534 1365
9 1365 1534 1547 1378
9 1378 1547 1560 1391
9 1391 1560 1573 1404
9 1404 1573 1586 1417
9 1417 1586 1599 1430
9 1430 1599 1612 1443
9 1443 1612 1625 1456
9 1456 1625 1638 1469
9 1469 1638 1651 1482
9 1482 1651 1664 1495
9 1495 1664 1677 1508
9 1521 1690 1703 1534
9 1534 1703 1716 1547
9 1547 1716 1729 1560
9 1560 1729 1742 1573
9 1573 1742 1755 1586
9 1586 1755 1768 1599
9 1599 1768 1781 1612
9 1612 1781 1794 1625
9 1625 1794 1807 1638
9 1638 1807 1820 1651
9 1651 1820 1833 1664
9 1664 1833 1846 1677
9 1690 1859 1872 1703
9 1703 1872 1885 1716
9 1716 1885 1898 1729
9 1729 1898 1911 1742
9 1742 1911 1924 1755
9 1755 1924 1937 1768
9 1768 1937 1950 1781
9 1781 1950 1963 1794
9 1794 1963 1976 1807
9 1807 1976 1989 1820
9 1820 1989 2002 1833
9 1833 2002 2015 1846
9 1859 2028 2041 1872
9 1872 2041 2054 1885
9 1885 2054 2067 1898
9 1898 2067 2080 1911
9 1911 2080 2093 1924
9 1924 2093 2106 1937
9 1937 2106 2119 1950
9 1950 2119 2132 1963
9 1963 2132 2145 1976
9 1976 2145 2158 1989
9 1989 2158 2171 2002
9 2002 2171 2184 2015
9 2028 2197 2210 2041
9 2041 2210 2223 2054
9 2054 2223 2236 2067
9 2067 2236 2249 2080
9 2080 2249 2262 2093
9 2093 2262 2275 2106
9 2106 2275 2288 2119
9 2119 2288 2301 2132
9 2132 2301 2314 2145
9 2145 2314 2327 2158
9 2158 2327 2340 2171
9 2171 2340 2353 2184
9 2197 2366 2379 2210
9 2210 2379 2392 2223
9 2223 2392 2405 2236
9 2236 2405 2418 2249
9 2249 2418 2431 2262
9 2262 2431 2444 2275
9 2275 2444 2457 2288
9 2288 2457 2470 2301
9 2301 2470 2483 2314
9 2314 2483 2496 2327
9 2327 2496 2509 2340
9 2340 2509 2522 2353
9 2366 2535 2548 2379
9 2379 2548 2561 2392
9 2392 2561 2574 2405
9 2405 2574 2587 2418
9 2418 2587 2600 2431
9 2431 2600 2613 2444
9 2444 2613 2626 2457
9 2457 2626 2639 2470
9 2470 2639 2652 2483
9 2483 2652 2665 2496
9 2496 2665 2678 2509
9 2509 2678 2691 2522
9 2535 2704 2717 2548
9 2548 2717 2730 2561
9 2561 2730 2743 2574
9 2574 2743 2756 2587
9 2587 2756 2769 2600
9 2600 2769 2782 2613
9 2613 2782 2795 2626
9 2626 2795 2808 2639
9 2639 2808 2821 2652
9 2652 2821 2834 2665
9 2665 2834 2847 2678
9 2678 2847 2860 2691
9 2704 2873 2886 2717
9 2717 2886 2899 2730
9 2730 2899 2912 2743
9 2743 2912 2925 2756
9 2756 2925 2938 2769
9 2769 2938 2951 2782
9 2782 2951 2964 2795
9 2795 2964 2977 2808
9 2808 2977 2990 2821
9 2821 2990 3003 2834
9 2834 3003 3016 2847
9 2847 3016 3029 2860
9 2873 3042 3055 2886
9 2886 3055 3068 2899
9 2899 3068 3081 2912
9 2912 3081 3094 2925
9 2925 3094 3107 2938
9 2938 3107 3120 2951
9 2951 3120 3133 2964
9 2964 3133 3146 2977
9 2977 3146 3159 2990
9 2990 3159 3172 3003
9 3003 3172 3185 3016
9 3016 3185 3198 3029
9 3042 3211 3224 3055
9 3055 3224 3237 3068
9 3068 3237 3250 3081
9 3081 3250 3263 3094
9 3094 3263 3276 3107
9 3107 3276 3289 3120
9 3120 3289 3302 3133
9 3133 3302 3315 3146
9 3146 3315 3328 3159
9 3159 3328 3341 3172
9 3172 3341 3354 3185
9 3185 3354 3367 3198
9 3211 3380 3393 3224
9 3224 3393 3406 3237
9 3237 3406 3419 3250
9 3250 3419 3432 3263
9 3263 3432 3445 3276
9 3276 3445 3458 3289
9 3289 3458 3471 3302
9 3302 3471 3484 3315
9 3315 3484 3497 3328
9 3328 3497 3510 3341
9 3341 3510 3523 3354
9 3354 3523 3536 3367
9 3380 3549 3562 3393
9 3393 3562 3575 3406
9 3406 3575 3588 3419
9 3419 3588 3601 3432
9 3432 3601 3614 3445
9 3445 3614 3627 3458
9 3458 3627 3640 3471
9 3471 3640 3653 3484
9 3484 3653 3666 3497
9 3497 3666 3679 3510
9 3510 3679 3692 3523
9 3523 3692 3705 3536
9 3549 3718 3731 3562
9 3562 3731 3744 3575
9 3575 3744 3757 3588
9 3588 3757 3770 3601
9 3601 3770 3783 3614
9 3614 3783 3796 3627
9 3627 3796 3809 3640
9 3640 3809 3822 3653
9 3653 3822 3835 3666
9 3666 3835 3848 3679
9 3679 3848 3861 3692
9 3692 3861 3874 3705
9 3718 3887 3900 3731
9 3731 3900 3913 3744
9 3744 3913 3926 3757
9 3757 3926 3939 3770
9 3770 3939 3952 3783
9 3783 3952 3965 3796
9 3796 3965 3978 3809
9 3809 3978 3991 3822
9 3822 3991 4004 3835
9 3835 4004 4017 3848
9 3848 4017 4030 3861
9 3861 4030 4043 3874
9 3887 4056 4069 3900
9 3900 4069 4082 3913
9 3913 4082 4095 3926
9 3926 4095 4108 3939
9 3939 4108 4121 3952
9 3952 4121 4134 3965
9 3965 4134 4147 3978
9 3978 4147 4160 3991
9 3991 4160 4173 4004
9 4004 4173 4186 4017
9 4017 4186 4199 4030
9 4030 4199 4212 4043
9 4056 4225 4238 4069
9 4069 4238 4251 4082
9 4082 4251 4264 4095
9 4095 4264 4277 4108
9 4108 4277 4290 4121
9 4121 4290 4303 4134
9 4134 4303 4316 4147
9 4147 4316 4329 4160
9 4160 4329 4342 4173
9 4173 4342 4355 4186
9 4186 4355 4368 4199
9 4199 4368 4381 4212
9 4225 4394 4407 4238
9 4238 4407 4420 4251
9 4251 4420 4433 4264
9 4264 4433 4446 4277
9 4277 4446 4459 4290
9 4290 4459 4472 4303
9 4303 4472 4485 4316
9 4316 4485 4498 4329
9 4329 4498 4511 4342
9 4342 4511 4524 4355
9 4355 4524 4537 4368
9 4368 4537 4550 4381
9 4394 4563 4576 4407
9 4407 4576 4589 4420
9 4420 4589 4602 4433
9 4433 4602 4615 4446
9 4446 4615 4628 4459
9 4459 4628 4641 4472
9 4472 4641 4654 4485
9 4485 4654 4667 4498
9 4498 4667 4680 4511
9 4511 4680 4693 4524
9 4524 4693 4706 4537
9 4537 4706 4719 4550
9 4563 4732 4745 4576
9 4576 4745 4758 4589
9 4589 4758 4771 4602
9 4602 4771 4784 4615
9 4615 4784 4797 4628
9 4628 4797 4810 4641
9 4641 4810 4823 4654
9 4654 4823 4836 4667
9 4667 4836 4849 4680
9 4680 4849 4862 4693
9 4693 4862 4875 4706
9 4706 4875 4888 4719
9 4732 4901 4914 4745
9 4745 4914 4927 4758
9 4758 4927 4940 4771
9 4771 4940 4953 4784
9 4784 4953 4966 4797
9 4797 4966 4979 4810
9 4810 4979 4992 4823
9 4823 4992 5005 4836
9 4836 5005 5018 4849
9 4849 5018 5031 4862
9 4862 5031 5044 4875
9 4875 5044 5057 4888
9 4901 5070 5083 4914
9 4914 5083 5096 4927
9 4927 5096 5109 4940
9 4940 5109 5122 4953
9 4953 5122 5135 4966
9 4966 5135 5148 4979
9 4979 5148 5161 4992
9 4992 5161 5174 5005
9 5005 5174 5187 5018
9 5018 5187 5200 5031
9 5031 5200 5213 5044
9 5044 5213 5226 5057
9 5070 5239 5252 5083
9 5083 5252 5265 5096
9 5096 5265 5278 5109
9 5109 5278 5291 5122
9 5122 5291 5304 5135
9 5135 5304 5317 5148
9 5148 5317 5330 5161
9 5161 5330 5343 5174
9 5174 5343 5356 5187
9 5187 5356 5369 5200
9 5200 5369 5382 5213
9 5213 5382 5395 5226
9 5239 5408 5421 5252
9 5252 5421 5434 5265
9 5265 5434 5447 5278
9 5278 5447 5460 5291
9 5291 5460 5473 5304
9 5304 5473 5486 5317
9 5317 5486 5499 5330
9 5330 5499 5512 5343
9 5343 5512 5525 5356
9 5356 5525 5538 5369
9 5369 5538 5551 5382
9 5382 5551 5564 5395
9 5408 5577 5590 5421
9 5421 5590 5603 5434
9 5434 5603 5616 5447
9 5447 5616 5629 5460
9 5460 5629 5642 5473
9 5473 5642 5655 5486
9 5486 5655 5668 5499
9 5499 5668 5681 5512
9 5512 5681 5694 5525
9 5525 5694 5707 5538
9 5538 5707 5720 5551
9 5551 5720 5733 5564
9 5577 5746 5759 5590
9 5590 5759 5772 5603
9 5603 5772 5785 5616
9 5616 5785 5798 5629
9 5629 5798 5811 5642
9 5642 5811 5824 5655
9 5655 5824 5837 5668
9 5668 5837 5850 5681
9 5681 5850 5863 5694
9 5694 5863 5876 5707
9 5707 5876 5889 5720
9 5720 5889 5902 5733
9 5746 5915 5928 5759
9 5759 5928 5941 5772
9 5772 5941 5954 5785
9 5785 5954 5967 5798
9 5798 5967 5980 5811
9 5811 5980 5993 5824
9 5824 5993 6006 5837
9 5837 6006 6019 5850
9 5850 6019 6032 5863
9 5863 6032 6045 5876
9 5876 6045 6058 5889
9 5889 6058 6071 5902
9 5915 6084 6097 5928
9 5928 6097 6110 5941
9 5941 6110 6123 5954
9 5954 6123 6136 5967
9 5967 6136 6149 5980
9 5980 6149 6162 5993
9 5993 6162 6175 6006
9 6006 6175 6188 6019
9 6019 6188 6201 6032
9 6032 6201 6214 6045
9 6045 6214 6227 6058
9 6058 6227 6240 6071
9 6084 6253 6266 6097
9 6097 6266 6279 6110
9 6110 6279 6292 6123
9 6123 6292 6305 6136
9 6136 6305 6318 6149
9 6149 6318 6331 6162
9 6162 6331 6344 6175
9 6175 6344 6357 6188
9 6188 6357 6370 6201
9 6201 6370 6383 6214
9 6214 6383 6396 6227
9 6227 6396 6409 6240
9 6253 6422 6435 6266
9 6266 6435 6448 6279
9 6279 6448 6461 6292
9 6292 6461 6474 6305
9 6305 6474 6487 6318
9 6318 6487 6500 6331
9 6331 6500 6513 6344
9 6344 6513 6526 6357
9 6357 6526 6539 6370
9 6370 6539 6552 6383
9 6383 6552 6565 6396
9 6396 6565 6578 6409
9 6422 6591 6604 6435
9 6435 6604 6617 6448
9 6448 6617 6630 6461
9 6461 6630 6643 6474
9 6474 6643 6656 6487
9 6487 6656 6669 6500
9 6500 6669 6682 6513
9 6513 6682 6695 6526
9 6526 6695 6708 6539
9 6539 6708 6721 6552
9 6552 6721 6734 6565
9 6565 6734 6747 6578
9 6591 6760 6773 6604
9 6604 6773 6786 6617
9 6617 6786 6799 6630
9 6630 6799 6812 6643
9 6643 6812 6825 6656
9 6656 6825 6838 6669
9 6669 6838 6851 6682
9 6682 6851 6864 6695
9 6695 6864 6877 6708
9 6708 6877 6890 6721
9 6721 6890 6903 6734
9 6734 6903 6916 6747
MARKER_TAG= PER_B
MARKER_ELEMS= 480
9 12 181 194 25
9 25 194 207 38
9 38 207 220 51
9 51 220 233 64
9 64 233 246 77
9 77 246 259 90
9 90 259 272 103
9 103 272 285 116
9 116 285 298 129
9 129 298 311 142
9 142 311 324 155
9 155 324 337 168
9 181 350 363 194
9 194 363 376 207
9 207 376 389 220
9 220 389 402 233
9 233 402 415 246
9 246 415 428 259
9 259 428 441 272
9 272 441 454 285
9 285 454 467 298
9 298 467 480 311
9 311 480 493 324
9 324 493 506 337
9 350 519 532 363
9 363 532 545 376
9 376 545 558 389
9 389 558 571 402
9 402 571 584 415
9 415 584 597 428
9 428 597 610 441
9 441 610 623 454
9 454 623 636 467
9 467 636 649 480
9 480 649 662 493
9 493 662 675 506
9 519 688 701 532
9 532 701 714 545
9 545 714 727 558
9 558 727 740 571
9 571 740 753 584
9 584 753 766 597
9 597 766 779 610
9 610 779 792 623
9 623 792 805 636
9 636 805 818 649
9 649 818 831 662
9 662 831 844 675
9 688 857 870 701
9 701 870 883 714
9 714 883 896 727
9 727 896 909 740
9 740 909 922 753
9 753 922 935 766
9 766 935 948 779
9 779 948 961 792
9 792 961 974 805
9 805 974 987 818
9 818 987 1000 831
9 831 1000 1013 844
9 857 1026 1039 870
9 870 1039 1052 883
9 883 1052 1065 896
9 896 1065 1078 909
9 909 1078 1091 922
9 922 1091 1104 935
9 935 1104 1117 948
9 948 1117 1130 961
9 961 1130 1143 974
9 974 1143 1156 987
9 987 1156 1169 1000
9 1000 1169 1182 1013
9 1026 1195 1208 1039
9 1039 1208 1221 1052
9 1052 1221 1234 1065
9 1065 1234 1247 1078
9 1078 1247 1260 1091
9 1091 1260 1273 1104
9 1104 1273 1286 1117
9 1117 1286 1299 1130
9 1130 1299 1312 1143
9 1143 1312 1325 1156
9 1156 1325 1338 1169
9 1169 1338 1351 1182
9 1195 1364 1377 1208
9 1208 1377 1390 1221
9 1221 1390 1403 1234
9 1234 1403 1416 1247
9 1247 1416 1429 1260
9 1260 1429 1442 1273
9 1273 1442 1455 1286
9 1286 1455 1468 1299
9 1299 1468 1481 1312
9 1312 1481 1494 1325
9 1325 1494 1507 1338
9 1338 1507 1520 1351
9 1364 1533 1546 1377
9 1377 1546 1559 1390
9 1390 1559 1572 1403
9 1403 1572 1585 1416
9 1416 1585 1598 1429
9 1429 1598 1611 1442
9 1442 1611 1624 1455
9 1455 1624 1637 1468
9 1468 1637 1650 1481
9 1481 1650 1663 1494
9 1494 1663 1676 1507
9 1507 1676 1689 1520
9 1533 1702 1715 1546
9 1546 1715 1728 1559
9 1559 1728 1741 1572
9 1572 1741 1754 1585
9 1585 1754 1767 1598
9 1598 1767 1780 1611
9 1611 1780 1793 1624
9 1624 1793 1806 1637
9 1637 1806 1819 1650
9 1650 1819 1832 1663
9 1663 1832 1845 1676
9 1676 1845 1858 1689
9 1702 1871 1884 1715
9 1715 1884 1897 1728
9 1728 1897 1910 1741
9 1741 1910 1923 1754
9 1754 1923 1936 1767
9 1767 1936 1949 1780
9 1780 1949 1962 1793
9 1793 1962 1975 1806
9 1806 1975 1988 1819
9 1819 1988 2001 1832
9 1832 2001 2014 1845
9 1845 2014 2027 1858
9 1871 2040 2053 1884
9 1884 2053 2066 1897
9 1897 2066 2079 1910
9 1910 2079 2092 1923
9 1923 2092 2105 1936
9 1936 2105 2118 1949
9 1949 2118 2131 1962
9 1962 2131 2144 1975
9 1975 2144 2157 1988
9 1988 2157 2170 2001
9 2001 2170 2183 2014
9 2014 2183 2196 2027
9 2040 2209 2222 2053
9 2053 2222 2235 2066
9 2066 2235 2248 2079
9 2079 2248 2261 2092
9 2092 2261 2274 2105
9 2105 2274 2287 2118
9 2118 2287 2300 2131
9 2131 2300 2313 2144
9 2144 2313 2326 2157
9 2157 2326 2339 2170
9 2170 2339 2352 2183
9 2183 2352 2365 2196
9 2209 2378 2391 2222
9 2222 2391 2404 2235
9 2235 2404 2417 2248
9 2248 2417 2430 2261
9 2261 2430 2443 2274
9 2274 2443 2456 2287
9 2287 2456 2469 2300
9 2300 2469 2482 2313
9 2313 2482 2495 2326
9 2326 2495 2508 2339
9 2339 2508 2521 2352
9 2352 2521 2534 2365
9 2378 2547 2560 2391
9 2391 2560 2573 2404
9 2404 2573 2586 2417
9 2417 2586 2599 2430
9 2430 2599 2612 2443
9 2443 2612 2625 2456
9 2456 2625 2638 2469
9 2469 2638 2651 2482
9 2482 2651 2664 2495
9 2495 2664 2677 2508
9 2508 2677 2690 2521
9 2521 2690 2703 2534
9 2547 2716 2729 2560
9 2560 2729 2742 2573
9 2573 2742 2755 2586
9 2586 2755 2768 2599
9 2599 2768 2781 2612
9 2612 2781 2794 2625
9 2625 2794 2807 2638
9 2638 2807 2820 2651
9 2651 2820 2833 2664
9 2664 2833 2846 2677
9 2677 2846 2859 2690
9 2690 2859 2872 2703
9 2716 2885 2898 2729
9 2729 2898 2911 2742
9 2742 2911 2924 2755
9 2755 2924 2937 2768
9 2768 2937 2950 2781
9 2781 2950 2963 2794
9 2794 2963 2976 2807
9 2807 2976 2989 2820
9 2820 2989 3002 2833
9 2833 3002 3015 2846
9 2846 3015 3028 2859
9 2859 3028 3041 2872
9 2885 3054 3067 2898
9 2898 3067 3080 2911
9 2911 3080 3093 2924
9 2924 3093 3106 2937
9 2937 3106 3119 2950
9 2950 3119 3132 2963
9 2963 3132 3145 2976
9 2976 3145 3158 2989
9 2989 3158 3171 3002
9 3002 3171 3184 3015
9 3015 3184 3197 3028
9 3028 3197 3210 3041
9 3054 3223 3236 3067
9 3067 3236 3249 3080
9 3080 3249 3262 3093
9 3093 3262 3275 3106
9 3106 3275 3288 3119
9 3119 3288 3301 3132
9 3132 3301 3314 3145
9 3145 3314 3327 3158
9 3158 3327 3340 3171
9 3171 3340 3353 3184
9 3184 3353 3366 3197
9 3197 3366 3379 3210
9 3223 3392 3405 3236
9 3236 3405 3418 3249
9 3249 3418 3431 3262
9 3262 3431 3444 3275
9 3275 3444 3457 3288
9 3288 3457 3470 3301
9 3301 3470 3483 3314
9 3314 3483 3496 3327
9 3327 3496 3509 3340
9 3340 3509 3522 3353
9 3353 3522 3535 3366
9 3366 3535 3548 3379
9 3392 3561 3574 3405
9 3405 3574 3587 3418
9 3418 3587 3600 3431
9 3431 3600 3613 3444
9 3444 3613 3626 3457
9 3457 3626 3639 3470
9 3470 3639 3652 3483
9 3483 3652 3665 3496
9 3496 3665 3678 3509
9 3509 3678 3691 3522
9 3522 3691 3704 3535
9 3535 3704 3717 3548
9 3561 3730 3743 3574
9 3574 3743 3756 3587
9 3587 3756 3769 3600
9 3600 3769 3782 3613
9 3613 3782 3795 3626
9 3626 3795 3808 3639
9 3639 3808 3821 3652
9 3652 3821 3834 3665
9 3665 3834 3847 3678
9 3678 3847 3860 3691
9 3691 3860 3873 3704
9 3704 3873 3886 3717
9 3730 3899 3912 3743
9 3743 3912 3925 3756
9 3756 3925 3938 3769
9 3769 3938 3951 3782
9 3782 3951 3964 3795
9 3795 3964 3977 3808
9 3808 3977 3990 3821
9 3821 3990 4003 3834
9 3834 4003 4016 3847
9 3847 4016 4029 3860
9 3860 4029 4042 3873
9 3873 4042 4055 3886
9 3899 4068 4081 3912
9 3912 4081 4094 3925
9 3925 4094 4107 3938
9 3938 4107 4120 3951
9 3951 4120 4133 3964
9 3964 4133 4146 3977
9 3977 4146 4159 3990
9 3990 4159 4172 4003
9 4003 4172 4185 4016
9 4016 4185 4198 4029
9 4029 4198 4211 4042
9 4042 4211 4224 4055
9 4068 4237 4250 4081
9 4081 4250 4263 4094
9 4094 4263 4276 4107
9 4107 4276 4289 4120
9 4120 4289 4302 4133
9 4133 4302 4315 4146
9 4146 4315 4328 4159
9 4159 4328 4341 4172
9 4172 4341 4354 4185
9 4185 4354 4367 4198
9 4198 4367 4380 4211
9 4211 4380 4393 4224
9 4237 4406 4419 4250
9 4250 4419 4432 4263
9 4263 4432 4445 4276
9 4276 4445 4458 4289
9 4289 4458 4471 4302
9 4302 4471 4484 4315
9 4315 4484 4497 4328
9 4328 4497 4510 4341
9 4341 4510 4523 4354
9 4354 4523 4536 4367
9 4367 4536 4549 4380
9 4380 4549 4562 4393
9 4406 4575 4588 4419
9 4419 4588 4601 4432
9 4432 4601 4614 4445
9 4445 4614 4627 4458
9 4458 4627 4640 4471
9 4471 4640 4653 4484
9 4484 4653 4666 4497
9 4497 4666 4679 4510
9 4510 4679 4692 4523
9 4523 4692 4705 4536
9 4536 4705 4718 4549
9 4549 4718 4731 4562
9 4575 4744 4757 4588
9 4588 4757 4770 4601
9 4601 4770 4783 4614
9 4614 4783 4796 4627
9 4627 4796 4809 4640
9 4640 4809 4822 4653
9 4653 4822 4835 4666
9 4666 4835 4848 4679
9 4679 4848 4861 4692
9 4692 4861 4874 4705
9 4705 4874 4887 4718
9 4718 4887 4900 4731
9 4744 4913 4926 4757
9 4757 4926 4939 4770
9 4770 4939 4952 4783
9 4783 4952 4965 4796
9 4796 4965 4978 4809
9 4809 4978 4991 4822
9 4822 4991 5004 4835
9 4835 5004 5017 4848
9 4848 5017 5030 4861
9 4861 5030 5043 4874
9 4874 5043 5056 4887
9 4887 5056 5069 4900
9 4913 5082 5095 4926
9 4926 5095 5108 4939
9 4939 5108 5121 4952
9 4952 5121 5134 4965
9 4965 5134 5147 4978
9 4978 5147 5160 4991
9 4991 5160 5173 5004
9 5004 5173 5186 5017
9 5017 5186 5199 5030
9 5030 5199 5212 5043
9 5043 5212 5225 5056
9 5056 5225 5238 5069
9 5082 5251 5264 5095
9 5095 5264 5277 5108
9 5108 5277 5290 5121
9 5121 5290 5303 5134
9 5134 5303 5316 5147
9 5147 5316 5329 5160
9 5160 5329 5342 5173
9 5173 5342 5355 5186
9 5186 5355 5368 5199
9 5199 5368 5381 5212
9 5212 5381 5394 5225
9 5225 5394 5407 5238
9 5251 5420 5433 5264
9 5264 5433 5446 5277
9 5277 5446 5459 5290
9 5290 5459 5472 5303
9 5303 5472 5485 5316
9 5316 5485 5498 5329
9 5329 5498 5511 5342
9 5342 5511 5524 5355
9 5355 5524 5537 5368
9 5368 5537 5550 5381
9 5381 5550 5563 5394
9 5394 5563 5576 5407
9 5420 5589 5602 5433
9 5433 5602 5615 5446
9 5446 5615 5628 5459
9 5459 5628 5641 5472
9 5472 5641 5654 5485
9 5485 5654 5667 5498
9 5498 5667 5680 5511
9 5511 5680 5693 5524
9 5524 5693 5706 5537
9 5537 5706 5719 5550
9 5550 5719 5732 5563
9 5563 5732 5745 5576
9 5589 5758 5771 5602
9 5602 5771 5784 5615
9 5615 5784 5797 5628
9 5628 5797 5810 5641
9 5641 5810 5823 5654
9 5654 5823 5836 5667
9 5667 5836 5849 5680
9 5680 5849 5862 5693
9 5693 5862 5875 5706
9 5706 5875 5888 5719
9 5719 5888 5901 5732
9 5732 5901 5914 5745
9 5758 5927 5940 5771
9 5771 5940 5953 5784
9 5784 5953 5966 5797
9 5797 5966 5979 5810
9 5810 5979 5992 5823
9 5823 5992 6005 5836
9 5836 6005 6018 5849
9 5849 6018 6031 5862
9 5862 6031 6044 5875
9 5875 6044 6057 5888
9 5888 6057 6070 5901
9 5901 6070 6083 5914
9 5927 6096 6109 5940
9 5940 6109 6122 5953
9 5953 6122 6135 5966
9 5966 6135 6148 5979
9 5979 6148 6161 5992
9 5992 6161 6174 6005
9 6005 6174 6187 6018
9 6018 6187 6200 6031
9 6031 6200 6213 6044
9 6044 6213 6226 6057
9 6057 6226 6239 6070
9 6070 6239 6252 6083
9 6096 6265 6278 6109
9 6109 6278 6291 6122
9 6122 6291 6304 6135
9 6135 6304 6317 6148
9 6148 6317 6330 6161
9 6161 6330 6343 6174
9 6174 6343 6356 6187
9 6187 6356 6369 6200
9 6200 6369 6382 6213
9 6213 6382 6395 6226
9 6226 6395 6408 6239
9 6239 6408 6421 6252
9 6265 6434 6447 6278
9 6278 6447 6460 6291
9 6291 6460 6473 6304
9 6304 6473 6486 6317
9 6317 6486 6499 6330
9 6330 6499 6512 6343
9 6343 6512 6525 6356
9 6356 6525 6538 6369
9 6369 6538 6551 6382
9 6382 6551 6564 6395
9 6395 6564 6577 6408
9 6408 6577 6590 6421
9 6434 6603 6616 6447
9 6447 6616 6629 6460
9 6460 6629 6642 6473
9 6473 6642 6655 6486
9 6486 6655 6668 6499
9 6499 6668 6681 6512
9 6512 6681 6694 6525
9 6525 6694 6707 6538
9 6538 6707 6720 6551
9 6551 6720 6733 6564
9 6564 6733 6746 6577
9 6577 6746 6759 6590
9 6603 6772 6785 6616
9 6616 6785 6798 6629
9 6629 6798 6811 6642
9 6642 6811 6824 6655
9 6655 6824 6837 6668
9 6668 6837 6850 6681
9 6681 6850 6863 6694
9 6694 6863 6876 6707
9 6707 6876 6889 6720
9 6720 6889 6902 6733
9 6733 6902 6915 6746
9 6746 6915 6928 6759
