"Time_Iter","Outer_Iter","Inner_Iter",    "rms[Rho]"    ,    "rms[RhoU]"   ,    "rms[RhoV]"   ,    "rms[RhoW]"   ,    "rms[RhoE]"   ,  "Avg_Massflow"  ,  "Avg_Massflow"  ,    "Avg_Mach"    ,    "Avg_Temp"    ,    "Avg_Press"   ,    "Avg_Press"   ,   "Avg_Density"  ,  "Avg_Enthalpy"  ,  "Avg_NormalVel" ,   "Uniformity"   ,"Secondary_Strength","Momentum_Distortion","Secondary_Over_Uniformity",  "Avg_TotalTemp" ,  "Avg_TotalTemp" , "Avg_TotalPress" , "Avg_TotalPress" ,  "Pressure_Drop" ,"Avg_Massflow(INLET)","Avg_Massflow(OUTLET)","Avg_Press(INLET)","Avg_Press(OUTLET)","Avg_TotalTemp(INLET)","Avg_TotalTemp(OUTLET)","Avg_TotalPress(INLET)","Avg_TotalPress(OUTLET)"
          0,           0,           0,       -5.29448162,      -2.921976791,       -3.24313172,      -3.214686896,      0.1123644046,  -0.0009530417399,  -0.0009530417399,      0.6016398498,       565.2281532,       185142.8038,       185142.8038,       2.282131246,       578165.3671,      -2.212714416,       202.7521591,         1.556749763,     -3.147168534e-07,              0.01535669854,       575.4589835,       575.4589835,        197138.573,        197138.573,      -1050.136882,        0.06978570171,        -0.07073874345,       93096.47032,        92046.33344,           288.0533038,            287.4056797,            98985.07107,             98153.50189
          0,           0,           1,      -5.350231769,      -3.023183446,       -3.21702986,      -3.194528382,     0.07158357148,    -0.00169490507,    -0.00169490507,      0.6081202303,       564.6420606,        184488.764,        184488.764,       2.276399549,       577790.4733,      -3.934979408,        204.825318,         1.625973609,     -6.748951114e-07,              0.01587715386,       575.0858446,       575.0858446,       196707.4583,       196707.4583,      -1835.653855,        0.06994824855,        -0.07164315362,       93162.20893,        91326.55507,           288.1069813,            286.9788633,            99075.31759,             97632.14067
          0,           0,           2,      -5.434619868,      -3.101599295,      -3.334578697,      -3.254127582,   -0.003358854245,   -0.002269511192,   -0.002269511192,      0.6130421967,       564.1815573,       183984.6867,       183984.6867,       2.271998908,       577492.1954,      -5.269461818,       206.3936747,          1.71965014,     -9.540972069e-07,              0.01666054649,       574.7889629,       574.7889629,       196373.2197,       196373.2197,      -2426.627361,        0.07005756742,        -0.07232707862,       93205.65703,        90779.02967,           288.1379895,            286.6509734,            99135.23077,             97237.98897
          0,           0,           3,       -5.48953488,      -3.152739326,      -3.428630222,      -3.294330506,    -0.04901078001,    -0.00271328907,    -0.00271328907,      0.6167910856,       563.8208761,        183596.517,        183596.517,        2.26862384,       577256.1186,       -6.30065921,       207.5842886,         1.819103277,     -1.408355489e-06,              0.01751481165,       574.5539912,       574.5539912,       196114.7086,       196114.7086,      -2873.220249,        0.07013279669,        -0.07284608576,        93234.8686,        90361.64835,           288.1551503,            286.3988409,            99175.75303,             96938.95555
          0,           0,           4,       -5.52631462,      -3.187057726,      -3.505660178,       -3.32596757,    -0.07821558072,   -0.003055089911,   -0.003055089911,      0.6196538864,       563.5389785,       183297.8696,       183297.8696,       2.266038618,       577069.9703,      -7.095715404,       208.4909287,         1.918655384,     -2.230729628e-06,              0.01838068101,       574.3687143,       574.3687143,       195915.2619,       195915.2619,      -3211.971335,         0.0701859683,        -0.07324105821,       93254.92049,        90042.94915,           288.1639386,            286.2047756,            99203.78398,              96711.4779
          0,           0,           5,       -5.55279617,      -3.211996022,      -3.569478718,      -3.352998749,    -0.09863237289,   -0.003317656381,   -0.003317656381,      0.6218452475,       563.3189243,       183068.3045,       183068.3045,       2.264061284,       576923.5462,      -7.707530695,       209.1832134,         2.015958789,     -3.520163524e-06,              0.01923326876,       574.2229755,       574.2229755,       195761.7637,       195761.7637,      -3469.732792,         0.0702246731,        -0.07354232948,       93269.01867,        89799.28588,           288.1677378,            286.0552377,            99223.68088,              96538.0828
          0,           0,           6,      -5.573598176,      -3.231817205,      -3.622735557,      -3.376933141,     -0.1143433316,   -0.003518833622,   -0.003518833622,      0.6235263945,       563.1472139,       182891.9944,       182891.9944,       2.262551378,       576808.5102,      -8.177527239,       209.7131164,         2.110124454,      -5.30829103e-06,              0.02006264298,        574.108478,        574.108478,       195643.9133,       195643.9133,      -3666.396193,        0.07025372549,        -0.07377255911,       93279.19529,        89612.79909,           288.1686305,            285.9398475,             99238.2061,              96405.7072
          0,           0,           7,       -5.59115911,      -3.248695771,      -3.667325997,      -3.398401684,     -0.1273844756,   -0.003672567627,   -0.003672567627,      0.6248188753,       563.0131766,       182756.6973,       182756.6973,       2.261400549,       576718.1454,      -8.537988716,       210.1196255,         2.200910049,     -7.584589214e-06,              0.02086549344,       574.0185362,       574.0185362,       195553.6474,       195553.6474,       -3816.79235,        0.07027620088,        -0.07394876851,       93286.74484,        89469.95249,           288.1678911,            285.8506451,            99249.12019,              96304.5272
          0,           0,           8,      -5.606706722,      -3.263686892,      -3.704698433,      -3.417744782,     -0.1387573159,   -0.003789719085,   -0.003789719085,       0.625814628,       562.9084297,       182652.9559,       182652.9559,        2.26052528,       576647.0948,      -8.813988254,       210.4321116,         2.288361445,      -1.03143841e-05,              0.02164148098,       573.9478183,       573.9478183,       195484.6747,       195484.6747,      -3932.039469,        0.07029408297,        -0.07408380206,       93292.49766,        89360.45819,           288.1662925,            285.7815258,            99257.55355,             96227.12111
          0,           0,           9,      -5.620854281,      -3.277302245,      -3.736021234,      -3.435214409,     -0.1489632825,   -0.003878720689,   -0.003878720689,      0.6265833971,       562.8264189,       182573.4721,       182573.4721,       2.259861259,       576591.1205,      -9.024946725,       210.6727827,         2.372648742,     -1.345068928e-05,              0.02239157928,        573.892106,        573.892106,       195432.1019,       195432.1019,      -4020.510671,        0.07030866771,         -0.0741873884,       93296.99137,         89276.4807,           288.1642974,            285.7278085,            99264.23935,             96167.86253
          0,           0,          10,      -5.633917533,      -3.289804866,      -3.762267775,      -3.451037177,     -0.1582660327,   -0.003946103216,   -0.003946103216,      0.6271782272,       562.7620382,       182512.6208,       182512.6208,       2.259359007,       576546.8901,       -9.18587579,       210.8584856,         2.453989222,     -1.694160373e-05,              0.02311730021,       573.8480826,       573.8480826,       195392.1342,       195392.1342,      -4088.535948,        0.07032081574,        -0.07426691896,       93300.57837,        89212.04242,           288.1621775,            285.6859051,            99269.65942,              96122.4748
          0,           0,          11,      -5.646072298,      -3.301349018,      -3.784263834,      -3.465428517,     -0.1668167568,   -0.003996913318,   -0.003996913318,      0.6276395537,       562.7113206,       182466.0706,       182466.0706,       2.258980497,       576511.7957,      -9.308360128,       211.0020363,         2.532610867,     -2.073470039e-05,              0.02382032795,       573.8131524,       573.8131524,       195361.8363,       195361.8363,      -4140.916238,         0.0703311103,        -0.07432802361,       93303.49342,        89162.57718,            288.160087,            285.6530654,            99274.13582,             96087.70049
          0,           0,          12,      -5.657429673,      -3.312042753,      -3.802716202,      -3.478592895,     -0.1747131511,   -0.004035043199,   -0.004035043199,      0.6279982616,       562.6711899,       182430.4892,       182430.4892,       2.258696527,       576483.8035,      -9.401328214,       211.1132079,         2.608735464,     -2.477948169e-05,              0.02450234849,       573.7852913,       573.7852913,       195338.9428,       195338.9428,      -4181.302858,        0.07033995622,        -0.07437499942,         93305.896,        89124.59315,           288.1581092,            285.6271821,            99277.88835,             96061.05441
          0,           0,          13,      -5.668070742,      -3.321974045,      -3.818229542,      -3.490718767,     -0.1820268445,   -0.004063489413,   -0.004063489413,      0.6282779832,       562.6392643,       182403.3147,       182403.3147,       2.258484693,       576461.3314,      -9.471654063,       211.1994694,         2.682571315,     -2.902865557e-05,              0.02516497386,       573.7629244,       573.7629244,       195321.7087,       195321.7087,      -4212.479445,        0.07034764222,        -0.07441113163,       93307.89709,        89095.41765,           288.1562843,            285.6066401,            99281.07072,             96040.63798
          0,           0,          14,      -5.678062029,      -3.331220676,      -3.831315792,      -3.501974261,     -0.1888159917,    -0.00408455517,    -0.00408455517,      0.6284968289,       562.6137009,       182382.5794,       182382.5794,       2.258327822,       576443.1511,      -9.524625219,       211.2665394,         2.754308945,     -3.343867353e-05,              0.02580969665,       573.7448291,       573.7448291,       195308.7925,       195308.7925,      -4236.572579,         0.0703543802,        -0.07443893537,       93309.57597,        89073.00339,           288.1546274,            285.5902017,            99283.79341,             96024.99913
          0,           0,          15,       -5.68746213,       -3.33985339,      -3.842400235,      -3.512503784,     -0.1951310103,   -0.004100007948,   -0.004100007948,      0.6286686977,       562.5930744,        182366.772,        182366.772,       2.258212759,       576428.3093,      -9.564305685,       211.3188031,         2.824123388,     -3.797002142e-05,              0.02643790555,       573.7300569,       573.7300569,       195299.1644,       195299.1644,      -4255.209893,        0.07036033034,        -0.07446033828,       93310.99095,        89055.78106,           288.1531391,            285.5769178,            99286.13815,              96013.0262
          0,           0,          16,      -5.696324467,      -3.347936628,      -3.851827994,      -3.522429544,     -0.2010171697,   -0.004111201945,   -0.004111201945,      0.6288042694,       562.5762829,       182354.7332,       182354.7332,        2.25812944,       576416.0675,      -9.593816733,       211.3596285,         2.892175033,     -4.258721257e-05,              0.02705088839,       573.7178724,       573.7178724,       195292.0346,       195292.0346,        -4269.6392,        0.07036561705,        -0.07447681899,       93312.18618,        89042.54698,           288.1518118,            285.5660606,            99288.16718,             96003.86744
          0,           0,          17,      -5.704698366,      -3.355528617,      -3.859873885,      -3.531865318,     -0.2065157207,   -0.004119172992,   -0.004119172992,      0.6289117599,       562.5624737,       182345.5734,       182345.5734,       2.258070169,       576405.8529,      -9.615553849,       211.3916055,         2.958610564,      -4.72586458e-05,              0.02764983648,       573.7077056,       573.7077056,       195286.7989,       195286.7989,      -4280.818569,        0.07037033948,        -0.07448951248,         93313.196,        89032.37743,            288.150634,            285.5570715,            99289.92917,             95996.86971
          0,           0,          18,      -5.712629214,       -3.36268137,      -3.866750172,      -3.540875956,     -0.2116643492,   -0.004124711998,   -0.004124711998,      0.6289974961,       562.5509875,        182338.611,        182338.611,       2.258029069,       576397.2214,      -9.631354111,       211.4167279,         3.023564301,     -5.195641153e-05,              0.02823585289,       573.6991145,       573.6991145,        195282.995,        195282.995,      -4289.484621,        0.07037457834,        -0.07449929034,       93314.04782,        89024.56319,           288.1495927,            285.5495218,            99291.46314,             95991.53185
          0,           0,          19,      -5.720158957,      -3.369441201,      -3.872626508,       -3.54951403,     -0.2164975042,   -0.004128421494,   -0.004128421494,      0.6290663551,       562.5413133,       182333.3234,       182333.3234,       2.258001658,       576389.8283,       -9.64262497,       211.4365319,         3.087159641,     -5.665567418e-05,              0.02880996204,        573.691756,        573.691756,         195280.27,         195280.27,      -4296.204521,        0.07037840052,        -0.07450682201,       93314.76395,        89018.55943,           288.1486742,            285.5430817,              99292.801,             95987.46898
          0,           0,          20,      -5.727325431,      -3.375848626,      -3.877634871,      -3.557822421,     -0.2210461186,   -0.004130759817,   -0.004130759817,      0.6291220999,       562.5330556,       182329.3105,       182329.3105,       2.257984519,        576383.406,      -9.650444085,       211.4522031,         3.149503728,     -6.133461051e-05,               0.0293730582,       573.6853638,       573.6853638,       195278.3548,       195278.3548,      -4301.415328,        0.07038186224,        -0.07451262206,       93315.36291,        89013.94758,           288.1478656,            285.5374982,            99293.96931,             95984.38554
          0,           0,          21,      -5.734162328,       -3.38193871,      -3.881882417,      -3.565836624,     -0.2253375606,   -0.004132074613,   -0.004132074613,      0.6291676375,       562.5259071,       182326.2661,       182326.2661,       2.257975055,       576377.7466,      -9.655635662,       211.4646569,         3.210699292,     -6.597448945e-05,              0.02992600992,       573.6797308,       573.6797308,       195277.0448,       195277.0448,       -4305.45434,        0.07038501132,        -0.07451708594,       93315.86023,        89010.40589,           288.1471545,            285.5325763,            99294.99042,             95982.05435
          0,           0,          22,      -5.740699672,      -3.387741869,       -3.88546907,      -3.573586102,     -0.2293960137,   -0.004132628724,   -0.004132628724,      0.6292052157,       562.5196295,       182323.9561,       182323.9561,       2.257971292,       576372.6879,      -9.658829209,       211.4746008,         3.270845419,     -7.055920104e-05,              0.03046966459,       573.6746958,       573.6746958,       195276.1841,       195276.1841,      -4308.582194,        0.07038788877,         -0.0745205175,       93316.26914,        89007.68694,           288.1465298,             285.528166,             99295.8834,             95980.30069
          0,           0,          23,      -5.746967555,      -3.393284886,      -3.888520107,       -3.58109106,     -0.2332449692,   -0.004132620307,   -0.004132620307,       0.629236574,       562.5140372,       182322.2014,       182322.2014,       2.257971737,       576368.1037,      -9.660504964,       211.4825824,         3.330031858,     -7.507489146e-05,              0.03100479476,       573.6701331,       573.6701331,       195275.6548,       195275.6548,       -4311.00045,        0.07039052999,        -0.07452315029,       93316.60092,        89005.60047,           288.1459814,            285.5241517,            99296.66458,              95978.9902
          0,           0,          24,      -5.752997544,       -3.39859131,      -3.891188772,      -3.588368429,     -0.2369082738,   -0.004132198233,   -0.004132198233,      0.6292630605,       562.5089859,       182320.8655,       182320.8655,       2.257975259,       576363.8954,      -9.661028811,       211.4890259,         3.388339062,     -7.950987232e-05,               0.0315320968,       573.6659445,       573.6659445,       195275.3677,       195275.3677,      -4312.865133,        0.07039296568,        -0.07452516391,       93316.86531,        89004.00018,           288.1455001,            285.5204444,            99297.34809,             95978.01957
          0,           0,          25,      -5.758794508,      -3.403676223,       -3.89342973,       -3.59545019,     -0.2403924864,   -0.004131473808,   -0.004131473808,      0.6292857221,       562.5043628,       182319.8443,       182319.8443,       2.257981008,       576359.9858,      -9.660679023,       211.4942603,         3.445847383,     -8.385472584e-05,              0.03205227262,       573.6620532,       573.6620532,       195275.2555,       195275.2555,      -4314.297195,        0.07039522259,         -0.0745266964,       93317.07074,        89002.77354,           288.1450778,            285.5169754,            99297.94614,             95977.30932
          0,           0,          26,       -5.76437387,      -3.408553514,      -3.895346288,       -3.60235495,     -0.2437099346,   -0.004130529825,   -0.004130529825,       0.629305372,       562.5000799,       182319.0585,       182319.0585,       2.257988345,       576356.3145,      -9.659666844,       211.4985413,         3.502631399,      -8.81019026e-05,              0.03256597701,        573.658399,        573.658399,       195275.2677,       195275.2677,      -4315.390488,        0.07039732407,        -0.07452785389,       93317.22449,        89001.83401,           288.1447074,            285.5136917,            99298.46939,             95976.79835
          0,           0,          27,      -5.769750481,      -3.413233471,      -3.897044877,      -3.609096846,     -0.2468724237,   -0.004129427507,   -0.004129427507,       0.629322644,       562.4960682,        182318.448,        182318.448,       2.257996794,       576352.8339,      -9.658152323,       211.5020677,         3.558760543,     -9.224556302e-05,              0.03307382245,       573.6549347,       573.6549347,       195275.3668,       195275.3668,      -4316.217918,        0.07039929054,        -0.07452871805,       93317.33295,        89001.11503,           288.1443825,            285.5105522,            99298.92711,             95976.43969
          0,           0,          28,       -5.77494627,      -3.417724016,      -3.898680884,      -3.615686639,      -0.249896016,   -0.004128211819,   -0.004128211819,      0.6293380323,       562.4922737,       182317.9671,       182317.9671,       2.258005999,       576349.5067,      -9.656256475,       211.5049945,         3.614299507,     -9.628143901e-05,              0.03357638178,       573.6516231,       573.6516231,       195275.5247,       195275.5247,      -4316.836181,        0.07040113988,         -0.0745293517,       93317.40164,        89000.56546,           288.1440976,            285.5075256,            99299.32741,             95976.19729
          0,           0,          29,       -5.77996944,      -3.422026416,      -3.900281022,       -3.62214028,     -0.2527882868,   -0.004126915531,   -0.004126915531,      0.6293519241,       562.4886538,       182317.5814,       182317.5814,       2.258015701,       576346.3035,      -9.654070629,        211.507443,         3.669308594,     -0.0001002067178,              0.03407419081,       573.6484349,       573.6484349,       195275.7209,       195275.7209,      -4317.289423,        0.07040288777,         -0.0745298033,       93317.43543,        89000.14601,           288.1438477,            285.5045872,            99299.67739,              95976.0435
          0,           0,          30,      -5.784830566,      -3.426137914,      -3.901893707,      -3.628467666,     -0.2555579528,   -0.004125562318,   -0.004125562318,      0.6293646229,        562.485175,        182317.265,        182317.265,       2.258025709,       576343.2009,      -9.651663594,        211.509508,         3.723844062,     -0.0001040199421,              0.03456775081,       573.6453469,       573.6453469,       195275.9404,       195275.9404,      -4317.612062,        0.07040454793,        -0.07453011025,       93317.43855,        88999.82649,           288.1436284,            285.5017184,            99299.98325,             95975.95714
          0,           0,          31,      -5.789544968,      -3.430051789,      -3.903586599,      -3.634674764,     -0.2582166123,   -0.004124169131,   -0.004124169131,      0.6293763683,       562.4818108,       182316.9985,       182316.9985,       2.258035886,       576340.1807,      -9.649087162,        211.511264,         3.777958441,     -0.0001077209191,              0.03505753093,       573.6423408,       573.6423408,       195276.1726,       195276.1726,      -4317.830971,        0.07040613239,        -0.07453030152,       93317.41472,        88999.58375,           288.1434362,            285.4989046,            99300.25046,             95975.92209
          0,           0,          32,      -5.794130453,      -3.433756623,       -3.90541329,      -3.640763982,     -0.2607773969,   -0.004122747987,   -0.004122747987,      0.6293873497,       562.4785404,       182316.7673,       182316.7673,       2.258046133,       576337.2283,      -9.646380317,       211.5127701,         3.831700825,     -0.0001113106308,               0.0355439705,       573.6394022,       573.6394022,       195276.4099,       195276.4099,      -4317.967158,        0.07040765166,        -0.07453039964,       93317.36723,        88999.40007,           288.1432675,            285.4961347,             99300.4838,             95975.92606
          0,           0,          33,      -5.798607235,      -3.437236208,      -3.907409863,       -3.64673444,     -0.2632548544,   -0.004121307336,   -0.004121307336,      0.6293977183,       562.4753471,       182316.5608,       182316.5608,       2.258056384,       576334.3321,      -9.643572456,       211.5140729,         3.885117104,     -0.0001147911433,              0.03602748084,       573.6365196,       573.6365196,       195276.6473,       195276.6473,      -4318.037075,        0.07040911491,        -0.07453042225,       93317.29893,        88999.26186,           288.1431195,            285.4934001,            99300.68747,             95975.95978
          0,           0,          34,      -5.802998296,      -3.440469796,      -3.909598749,      -3.652583462,     -0.2656650747,   -0.004119853097,   -0.004119853097,       0.629407595,       562.4722176,       182316.3711,       182316.3711,       2.258066594,       576331.4831,      -9.640685858,       211.5152096,         3.938250321,     -0.0001181655092,              0.03650844822,       573.6336839,       573.6336839,       195276.8815,       195276.8815,      -4318.053624,        0.07041053016,        -0.07453038326,       93317.21237,        88999.15875,           288.1429897,            285.4906942,            99300.86517,              95976.0163
          0,           0,          35,      -5.807329257,      -3.443432661,      -3.911989737,       -3.65830684,     -0.2680255276,   -0.004118389443,   -0.004118389443,      0.6294170781,       562.4691414,       182316.1926,       182316.1926,       2.258076733,       576328.6739,      -9.637737564,       211.5162104,         3.991140881,     -0.0001214376631,              0.03698723558,       573.6308878,       573.6308878,       195277.1106,       195277.1106,      -4318.026937,        0.07041190437,        -0.07453029381,       93317.10978,        88999.08284,           288.1428758,            285.4880121,            99301.02013,             95976.09049
          0,           0,          36,      -5.811627895,      -3.446097034,      -3.914580421,      -3.663898125,     -0.2703546845,   -0.004116919399,   -0.004116919399,      0.6294262477,       562.4661101,       182316.0213,       182316.0213,       2.258086785,       576325.8989,      -9.634740822,       211.5170996,         4.043826752,     -0.0001246123093,              0.03746418425,       573.6281259,       573.6281259,       195277.3338,       195277.3338,       -4317.96498,        0.07041324357,        -0.07453016297,       93316.99313,        88999.02815,           288.1427759,              285.48535,            99301.15522,             95976.17859
          0,           0,          37,      -5.815923689,       -3.44843351,      -3.917359799,      -3.669350934,     -0.2726716043,   -0.004115445295,   -0.004115445295,      0.6294351705,        562.463117,       182315.8543,       182315.8543,       2.258096743,       576323.1537,      -9.631706192,       211.5178972,         4.096343654,     -0.0001276948006,              0.03793961544,       573.6253935,       573.6253935,       195277.5509,       195277.5509,       -4317.87401,        0.07041455298,        -0.07452999828,       93316.86417,        88998.99016,           288.1426883,            285.4827052,            99301.27293,             95976.27799
          0,           0,          38,      -5.820247088,      -3.450412873,      -3.920310622,      -3.674658569,      -0.274995392,   -0.004113969125,   -0.004113969125,      0.6294439027,       562.4601565,       182315.6899,       182315.6899,       2.258106603,       576320.4347,      -9.628642402,       211.5186202,         4.148725041,      -0.000130691009,              0.03841383005,       573.6226872,       573.6226872,       195277.7624,       195277.7624,      -4317.758941,         0.0704158371,        -0.07452980622,       93316.72443,        88998.96549,           288.1426115,            285.4800757,            99301.37546,             95976.38696
          0,           0,          39,      -5.824628973,      -3.452008372,      -3.923411447,      -3.679810272,     -0.2773447717,    -0.00411249282,    -0.00411249282,      0.6294524929,       562.4572245,       182315.5269,       182315.5269,       2.258116371,       576317.7393,      -9.625557013,       211.5192829,         4.201001589,     -0.0001336071936,              0.03888710393,       573.6200045,       573.6200045,       195277.9692,       195277.9692,      -4317.623609,        0.07041709978,         -0.0745295926,       93316.57527,        88998.95166,           288.1425442,            285.4774603,            99301.46475,             95976.50445
          0,           0,          40,      -5.829099318,      -3.453197983,      -3.926637871,      -3.684797234,     -0.2797371845,   -0.004111018449,   -0.004111018449,      0.6294609839,       562.4543174,       182315.3648,       182315.3648,       2.258126052,       576315.0657,      -9.622456911,        211.519898,         4.253203437,     -0.0001364498975,              0.03935970807,       573.6173433,       573.6173433,       195278.1725,       195278.1725,      -4317.470998,        0.07041834433,        -0.07452936278,       93316.41789,         88998.9469,           288.1424852,            285.4748581,            99301.54248,             95976.63004
          0,           0,          41,       -5.83368505,      -3.453966516,      -3.929960197,      -3.689611031,     -0.2821874769,   -0.004109548731,   -0.004109548731,      0.6294694153,       562.4514327,       182315.2035,       182315.2035,       2.258135655,       576312.4126,       -9.61934911,       211.5204772,         4.305358729,     -0.0001392256475,              0.03983189526,       573.6147027,       573.6147027,       195278.3741,       195278.3741,      -4317.303292,        0.07041957351,        -0.07452912224,       93316.25338,        88998.95009,           288.1424336,            285.4722691,            99301.61014,             95976.76392
          0,           0,          42,      -5.838410043,      -3.454308243,      -3.933351067,      -3.694243554,     -0.2847078585,    -0.00410808636,    -0.00410808636,      0.6294778236,       562.4485681,        182315.043,        182315.043,       2.258145192,       576309.7791,      -9.616240152,       211.5210311,         4.357494203,     -0.0001419412303,              0.04030390554,       573.6120815,       573.6120815,       195278.5755,       195278.5755,      -4317.122276,        0.07042078975,        -0.07452887611,       93316.08264,        88998.96036,           288.1423884,            285.4696931,            99301.66903,             95976.90647
          0,           0,          43,      -5.843293493,      -3.454228368,      -3.936787145,       -3.69868806,     -0.2873069685,   -0.004106634966,   -0.004106634966,      0.6294862446,       562.4457221,       182314.8839,       182314.8839,       2.258154673,       576307.1649,      -9.613137291,       211.5215705,          4.40963462,     -0.0001446031377,              0.04077596079,       573.6094795,       573.6094795,       195278.7789,       195278.7789,      -4316.929125,        0.07042199509,        -0.07452863006,       93315.90649,        88998.97737,           288.1423489,            285.4671306,            99301.72027,             95977.05865
          0,           0,          44,       -5.84835054,      -3.453744406,      -3.940254427,      -3.702942237,     -0.2899901697,   -0.004105199169,   -0.004105199169,      0.6294947149,       562.4428935,       182314.7268,       182314.7268,       2.258164114,       576304.5703,      -9.610048706,       211.5221063,         4.461802962,     -0.0001472175976,              0.04124826644,       573.6068971,       573.6068971,       195278.9868,       195278.9868,      -4316.724518,        0.07042319123,        -0.07452839039,       93315.72567,        88999.00115,           288.1423145,            285.4645826,            99301.76485,              95977.2219
          0,           0,          45,      -5.853587506,      -3.452886053,      -3.943725474,      -3.707001502,     -0.2927571434,   -0.004103784744,   -0.004103784744,      0.6295032729,       562.4400816,       182314.5729,       182314.5729,       2.258173528,       576301.9961,      -9.606983797,       211.5226502,         4.514020573,     -0.0001497905434,              0.04172101262,       573.6043349,       573.6043349,       195279.2018,       195279.2018,      -4316.508699,         0.0704243796,        -0.07452816435,       93315.54078,        88999.03208,           288.1422844,            285.4620505,            99301.80364,             95977.39814
          0,           0,          46,      -5.859001983,      -3.451694908,      -3.947172998,      -3.710862863,     -0.2956021235,   -0.004102398687,   -0.004102398687,      0.6295119598,       562.4372862,       182314.4232,       182314.4232,       2.258182933,       576299.4434,      -9.603953367,       211.5232151,         4.566306956,     -0.0001523275317,               0.0421943723,       573.6017942,       573.6017942,       195279.4271,       195279.4271,      -4316.281563,        0.07042556144,        -0.07452796012,       93315.35239,        88999.07083,           288.1422581,             285.459536,            99301.83738,             95977.58976
          0,           0,          47,       -5.86458443,      -3.450223458,      -3.950581977,      -3.714525297,     -0.2985148495,   -0.004101049372,   -0.004101049372,      0.6295208206,       562.4345073,       182314.2793,       182314.2793,       2.258192346,        576296.914,      -9.600969863,       211.5238149,         4.618679079,     -0.0001548335591,              0.04266849482,       573.5992766,       573.5992766,       195279.6663,       195279.6663,      -4316.042674,        0.07042673775,        -0.07452778712,       93315.16097,        88999.11829,           288.1422353,            285.4570413,            99301.86673,             95977.79956
          0,           0,          48,      -5.870316944,      -3.448532956,      -3.953940381,      -3.717989952,     -0.3014803143,   -0.004099746998,   -0.004099746998,      0.6295299056,       562.4317453,       182314.1427,       182314.1427,       2.258201786,       576294.4103,      -9.598047977,       211.5244659,         4.671152088,     -0.0001573131834,              0.04314351226,       573.5967846,       573.5967846,       195279.9232,       195279.9232,      -4315.791181,        0.07042790942,        -0.07452765642,       93314.96692,        88999.17574,           288.1422154,            285.4545692,            99301.89224,             95978.03101
          0,           0,          49,      -5.876173879,      -3.446691318,      -3.957241333,      -3.721259657,     -0.3044792811,   -0.004098503503,   -0.004098503503,      0.6295392715,       562.4290008,       182314.0152,       182314.0152,       2.258211273,       576291.9349,      -9.595204672,       211.5251862,         4.723740461,      -0.000159770653,              0.04361954966,       573.5943208,       573.5943208,       195280.2025,       195280.2025,       -4315.52596,        0.07042907718,        -0.07452758068,       93314.77059,        88999.24463,           288.1421981,            285.4521227,             99301.9144,             95978.28805
          0,           0,          50,      -5.882119852,      -3.444770025,      -3.960473591,      -3.724338486,     -0.3074879062,   -0.004097332909,   -0.004097332909,      0.6295489823,       562.4262749,        182313.899,        182313.899,       2.258220829,       576289.4913,      -9.592459629,       211.5259967,         4.776457567,     -0.0001622097942,                0.044096721,       573.5918887,       573.5918887,       195280.5089,       195280.5089,      -4315.245552,        0.07043024167,        -0.07452757458,       93314.57228,        88999.32673,            288.142183,            285.4497056,            99301.93363,              95978.5753
          0,           0,          51,       -5.88811078,      -3.442841786,      -3.963625445,       -3.72723153,      -0.310478641,    -0.00409625152,    -0.00409625152,      0.6295591105,       562.4235686,       182313.7963,       182313.7963,       2.258230479,       576287.0836,       -9.58983556,       211.5269211,          4.82931559,     -0.0001646340236,              0.04457512822,       573.5894922,       573.5894922,       195280.8483,       195280.8483,      -4314.948174,        0.07043140346,        -0.07452765498,       93314.37225,        88999.42407,           288.1421699,            285.4473223,            99301.95029,             95978.89802
          0,           0,          52,      -5.894096467,      -3.440978062,      -3.966693687,      -3.729946804,     -0.3134217278,   -0.004095278016,   -0.004095278016,      0.6295697378,       562.4208837,       182313.7096,       182313.7096,       2.258240245,       576284.7162,      -9.587358405,       211.5279865,         4.882325434,     -0.0001670463823,              0.04505486029,       573.5871359,       573.5871359,       195281.2268,       195281.2268,      -4314.631769,        0.07043256303,        -0.07452784105,       93314.17068,        88999.53891,           288.1421585,            285.4449774,             99301.9647,             95979.26213
          0,           0,          53,      -5.900021404,        -3.4392468,       -3.96967619,      -3.732492432,     -0.3162860689,   -0.004094433416,   -0.004094433416,      0.6295809546,       562.4182218,       182313.6414,       182313.6414,       2.258250155,       576282.3943,      -9.585057336,       211.5292229,          4.93548977,     -0.0001694491083,              0.04553593023,       573.5848249,       573.5848249,       195281.6512,       195281.6512,      -4314.294098,        0.07043372085,        -0.07452815426,       93313.96775,        88999.67366,           288.1421486,            285.4426763,            99301.97713,             95979.67409
          0,           0,          54,      -5.905826138,      -3.437710468,      -3.972572194,       -3.73487831,     -0.3190402666,   -0.004093741617,   -0.004093741617,      0.6295928629,       562.4155848,       182313.5946,       182313.5946,       2.258260236,       576280.1238,      -9.582965441,       211.5306645,         4.988811757,     -0.0001718441399,              0.04601835371,        573.582565,        573.582565,        195282.129,        195282.129,      -4313.932582,        0.07043487732,        -0.07452861894,        93313.7636,        88999.83102,           288.1421399,            285.4404252,            99301.98779,             95980.14118
          0,           0,          55,      -5.911449549,      -3.436424811,      -3.975382215,      -3.737114431,     -0.3216537881,   -0.004093229112,   -0.004093229112,      0.6296055762,       562.4129748,       182313.5721,       182313.5721,       2.258270517,        576277.911,      -9.581119535,        211.532349,         5.042299641,     -0.0001742335501,              0.04650219058,       573.5803625,       573.5803625,       195282.6682,       195282.6682,       -4313.54452,        0.07043603285,        -0.07452926196,       93313.55833,        89000.01381,           288.1421322,            285.4382303,             99301.9969,             95980.67128
          0,           0,          56,      -5.916830717,       -3.43543787,       -3.97810795,      -3.739211758,     -0.3240980916,   -0.004092924998,   -0.004092924998,      0.6296192191,        562.410394,       182313.5769,       182313.5769,       2.258281025,       576275.7627,      -9.579560185,       211.5343182,         5.095960683,     -0.0001766192718,              0.04698748989,       573.5782243,       573.5782243,       195283.2775,       195283.2775,      -4313.127106,        0.07043718782,        -0.07453011282,         93313.352,         89000.2249,           288.1421255,            285.4360988,            99302.00461,             95981.27285
          0,           0,          57,      -5.921911474,      -3.434789367,      -3.980752745,       -3.74118161,     -0.3263476775,   -0.004092860937,   -0.004092860937,      0.6296339274,       562.4078446,       182313.6119,       182313.6119,       2.258291789,       576273.6862,      -9.578331695,       211.5366174,         5.149801036,     -0.0001790030613,              0.04747428867,       573.5761575,       573.5761575,       195283.9659,       195283.9659,      -4312.677472,        0.07043834261,        -0.07453120354,       93313.14468,        89000.46721,           288.1421194,            285.4340381,            99302.01107,             95981.95487
          0,           0,          58,      -5.926638821,      -3.434510482,      -3.983320675,      -3.743034502,     -0.3283810885,   -0.004093071064,   -0.004093071064,      0.6296498477,       562.4053288,       182313.6801,       182313.6801,       2.258302837,       576271.6892,         -9.577482,       211.5392956,         5.203825642,     -0.0001813864859,              0.04796261097,       573.5741699,       573.5741699,       195284.7432,       195284.7432,      -4312.192738,        0.07043949759,        -0.07453256865,        93312.9364,        89000.74366,            288.142114,            285.4320559,             99302.0164,             95982.72676
          0,           0,          59,       -5.93096714,      -3.434623909,      -3.985818017,      -3.744782071,      -0.330181657,   -0.004093591824,   -0.004093591824,      0.6296671361,       562.4028487,       182313.7843,       182313.7843,       2.258314196,       576269.7798,      -9.577062495,       211.5424054,         5.258029158,     -0.0001837705802,              0.04845238569,       573.5722695,       573.5722695,        195285.619,        195285.619,      -4311.670063,        0.07044065316,        -0.07453424499,       93312.72716,        89001.05709,           288.1421091,            285.4301603,             99302.0207,             95983.59832
          0,           0,          60,      -5.934860007,      -3.435144084,      -3.988252348,      -3.746435782,     -0.3317379931,   -0.004094461756,   -0.004094461756,      0.6296859591,       562.4004065,       182313.9272,       182313.9272,       2.258325893,       576267.9663,       -9.57712776,       211.5460027,          5.31241401,     -0.0001861565262,              0.04894360995,       573.5704644,       573.5704644,       195286.6037,       195286.6037,      -4311.106726,        0.07044180972,        -0.07453627148,       93312.51695,        89001.41022,           288.1421046,            285.4283598,            99302.02406,             95984.57961
          0,           0,          61,      -5.938291822,      -3.436077661,      -3.990632776,      -3.748006776,     -0.3330442978,   -0.004095721188,   -0.004095721188,      0.6297064921,       562.3980039,       182314.1113,       182314.1113,       2.258337951,        576266.257,      -9.577735184,       211.5501463,         5.366983383,      -0.000188545393,              0.04943628572,       573.5687631,       573.5687631,       195287.7074,       195287.7074,      -4310.500194,        0.07044296769,        -0.07453868888,       93312.30575,        89001.80556,           288.1421003,            285.4266628,            99302.02655,             95985.68088
          0,           0,          62,      -5.941248663,      -3.437424047,      -3.992969808,      -3.749506001,      -0.334100361,   -0.004097411882,   -0.004097411882,      0.6297289176,       562.3956425,       182314.3388,       182314.3388,        2.25835039,       576264.6604,      -9.578944489,       211.5548973,         5.421738969,     -0.0001909380395,              0.04993039954,       573.5671739,       573.5671739,       195288.9406,       195288.9406,      -4309.848185,         0.0704441275,        -0.07454153939,       93312.09351,        89002.24533,           288.1420963,            285.4250776,            99302.02823,             95986.91239
          0,           0,          63,      -5.943728447,      -3.439176008,      -3.995274291,      -3.750943918,     -0.3349112909,   -0.004099576614,   -0.004099576614,      0.6297534239,       562.3933237,       182314.6116,       182314.6116,       2.258363229,       576263.1847,      -9.580817185,       211.5603187,         5.476681073,     -0.0001933351055,              0.05042592363,       573.5657052,       573.5657052,       195290.3134,       195290.3134,      -4309.148742,        0.07044528963,        -0.07454486625,       93311.88018,        89002.73144,           288.1420924,            285.4236128,            99302.02914,             95988.28427
          0,           0,          64,      -5.945740716,      -3.441320358,      -3.997557807,      -3.752330589,     -0.3354871059,   -0.004102258702,   -0.004102258702,      0.6297802029,       562.3910483,       182314.9311,       182314.9311,       2.258376483,       576261.8381,      -9.583415917,       211.5664748,         5.531808726,     -0.0001957369974,              0.05092281705,       573.5643649,       573.5643649,       195291.8357,       195291.8357,      -4308.400302,        0.07044645458,        -0.07454871328,       93311.66568,        89003.26538,           288.1420885,            285.4222764,            99302.02931,             95989.80638
          0,           0,          65,      -5.947305662,      -3.443838671,      -3.999831357,      -3.753674549,     -0.3358421094,   -0.004105501484,   -0.004105501484,      0.6298094484,       562.3888169,       182315.2981,       182315.2981,       2.258390159,       576260.6283,       -9.58680375,       211.5734307,         5.587119797,      -0.000198143865,                0.051421027,       573.5631607,       573.5631607,       195293.5169,       195293.5169,      -4307.601758,        0.07044762288,        -0.07455312436,       93311.44991,        89003.84815,           288.1420846,            285.4210761,            99302.02877,             95991.48813
          0,           0,          66,      -5.948452788,      -3.446707968,      -4.002106539,      -3.754984408,      -0.335994145,   -0.004109347747,   -0.004109347747,      0.6298413535,       562.3866295,        182315.713,        182315.713,       2.258404264,       576259.5624,      -9.591043378,       211.5812509,         5.642611146,     -0.0002005555734,              0.05192049045,       573.5620998,       573.5620998,       195295.3658,       195295.3658,      -4306.752523,        0.07044879513,        -0.07455814288,       93311.23275,        89004.48023,           288.1420806,            285.4200193,            99302.02751,              95993.3383
          0,           0,          67,      -5.949219031,      -3.449901412,       -4.00439444,      -3.756267848,     -0.3359637473,   -0.004113839131,   -0.004113839131,      0.6298761085,       562.3844856,       182316.1756,       182316.1756,       2.258418796,        576258.647,      -9.596196273,       211.5899991,         5.698278735,     -0.0002029716674,              0.05242113547,       573.5611887,       573.5611887,       195297.3905,       195297.3905,      -4305.852572,        0.07044997198,        -0.07456381111,       93311.01407,         89005.1615,           288.1420764,            285.4191124,            99302.02555,             95995.36494
          0,           0,          68,      -5.949646706,      -3.453389003,      -4.006705518,      -3.757532739,     -0.3357732342,   -0.004119015514,   -0.004119015514,      0.6299138985,        562.382384,       182316.6849,       182316.6849,       2.258433747,       576257.8879,      -9.602321806,       211.5997372,         5.754117759,     -0.0002053913344,              0.05292288275,       573.5604331,       573.5604331,        195299.598,        195299.598,      -4304.902486,        0.07045115415,        -0.07457016966,        93310.7937,        89005.89122,           288.1420719,            285.4183612,            99302.02286,             95997.57514
          0,           0,          69,      -5.949781877,      -3.457138285,      -4.009048813,      -3.758785621,     -0.3354460213,   -0.004124914375,   -0.004124914375,      0.6299549002,       562.3803232,       182317.2394,       182317.2394,       2.258449106,       576257.2898,      -9.609476328,       211.6105244,         5.810122793,     -0.0002078133655,              0.05342564736,       573.5598379,       573.5598379,       195301.9944,       195301.9944,      -4303.903474,        0.07045234244,        -0.07457725681,       93310.57146,        89006.66798,           288.1420672,            285.4177707,             99302.0194,             95999.97496
          0,           0,          70,      -5.949672357,      -3.461114996,      -4.011432407,      -3.760032539,     -0.3350058257,   -0.004131570177,   -0.004131570177,      0.6299992804,       562.3783007,       182317.8368,       182317.8368,       2.258464852,       576256.8567,      -9.617712257,        211.622416,         5.866287852,     -0.0002102361174,              0.05392933966,       573.5594068,       573.5594068,       195304.5844,       195304.5844,      -4302.857387,        0.07045353775,        -0.07458510793,        93310.3471,        89007.48971,            288.142062,            285.4173448,            99302.01514,             96002.56922
          0,           0,          71,      -5.949366051,      -3.465283707,       -4.01386248,      -3.761278533,     -0.3344760118,   -0.004139013752,   -0.004139013752,      0.6300471923,       562.3763137,        182318.474,        182318.474,        2.25848096,       576256.5912,      -9.627077171,       211.6354634,         5.922606477,     -0.0002126574784,              0.05443386656,       573.5591425,       573.5591425,       195307.3714,       195307.3714,      -4301.766717,        0.07045474113,        -0.07459375488,       93310.12036,        89008.35365,           288.1420564,            285.4170862,               99302.01,             96005.36144
          0,           0,          72,      -5.948909488,      -3.469608449,      -4.016343823,      -3.762528164,     -0.3338790174,   -0.004147271722,   -0.004147271722,      0.6300987743,       562.3743585,       182319.1473,       182319.1473,       2.258497396,       576256.4948,      -9.637612927,       211.6497124,         5.979071828,     -0.0002150748394,              0.05493913272,       573.5590466,       573.5590466,       195310.3576,       195310.3576,      -4300.634581,        0.07045595374,        -0.07460322547,       93309.89094,        89009.25636,           288.1420501,            285.4169965,             99302.0039,             96008.35371
          0,           0,          73,      -5.948346674,      -3.474053302,      -4.018879432,      -3.763784927,     -0.3332359209,   -0.004156365951,   -0.004156365951,      0.6301541467,       562.3724311,       182319.8522,       182319.8522,       2.258514123,       576256.5677,      -9.649354827,       211.6652029,         6.035676738,     -0.0002174850718,              0.05544504162,       573.5591192,       573.5591192,       195313.5434,       195313.5434,       -4299.46469,        0.07045717694,        -0.07461354289,       93309.65845,        89010.19376,           288.1420432,             285.417076,            99301.99673,             96011.54663
          0,           0,          74,      -5.947718059,      -3.478582932,      -4.021470383,      -3.765052237,     -0.3325660397,   -0.004166313051,   -0.004166313051,      0.6302134106,       562.3705266,       182320.5836,       182320.5836,       2.258531095,       576256.8088,      -9.662330849,       211.6819685,         6.092413833,     -0.0002198845165,              0.05595149696,       573.5593591,       573.5593591,       195316.9276,       195316.9276,      -4298.261307,        0.07045841227,        -0.07462472533,       93309.42248,        89011.16117,           288.1420353,            285.4173238,            99301.98836,             96014.93925
          0,           0,          75,      -5.947060196,      -3.483163138,      -4.024116518,      -3.766333179,     -0.3318867718,    -0.00417712395,    -0.00417712395,      0.6302766455,       562.3686398,       182321.3358,       182321.3358,       2.258548261,       576257.2157,      -9.676560952,       211.7000351,         6.149275623,     -0.0002222689843,              0.05645840396,       573.5597641,       573.5597641,       195320.5077,       195320.5077,      -4297.029186,        0.07045966153,        -0.07463678549,       93309.18251,        89012.15332,           288.1420265,            285.4177376,            99301.97862,             96018.52903
          0,           0,          76,      -5.946405346,      -3.487761331,       -4.02681557,      -3.767629923,     -0.3312134577,   -0.004188803518,   -0.004188803518,      0.6303439083,       562.3667649,       182322.1024,       182322.1024,       2.258565566,       576257.7844,      -9.692056472,       211.7194212,         6.206254542,     -0.0002246337696,              0.05696567015,       573.5603302,       573.5603302,       195324.2792,       195324.2792,      -4295.773501,        0.07046092679,        -0.07464973031,       93308.93796,        89013.16446,           288.1420165,            285.4183137,            99301.96734,             96022.31184
          0,           0,          77,      -5.945781333,       -3.49234695,      -4.029563744,      -3.768944161,     -0.3305593083,   -0.004201350272,   -0.004201350272,      0.6304152319,       562.3648956,       182322.8766,       182322.8766,        2.25858295,       576258.5099,      -9.708819616,       211.7401374,         6.263342988,     -0.0002269736788,              0.05747320602,       573.5610522,       573.5610522,       195328.2363,       195328.2363,      -4294.499768,        0.07046221043,         -0.0746635607,       93308.68817,         89014.1884,           288.1420051,            285.4190471,            99301.95428,             96026.28198
          0,           0,          78,      -5.945211557,      -3.496891826,      -4.032355769,      -3.770277256,      -0.329935414,   -0.004214756163,   -0.004214756163,      0.6304906247,       562.3630252,       182323.6509,       182323.6509,       2.258600346,       576259.3856,      -9.726843068,       211.7621856,         6.320533362,     -0.0002292830743,              0.05798092584,       573.5619238,       573.5619238,       195332.3714,       195332.3714,      -4293.213748,        0.07046351521,        -0.07467827137,       93308.43234,        89015.21859,           288.1419921,            285.4199317,            99301.93919,             96030.43222
          0,           0,          79,      -5.944715118,      -3.501370491,      -4.035185901,      -3.771630154,     -0.3293508215,   -0.004229006437,   -0.004229006437,      0.6305700699,       562.3611469,       182324.4178,       182324.4178,       2.258617688,       576260.4037,      -9.746109712,       211.7855597,         6.377818108,     -0.0002315559308,              0.05848874817,       573.5629372,       573.5629372,       195336.6756,       195336.6756,      -4291.921351,         0.0704648443,        -0.07469385074,       93308.16957,        89016.24822,           288.1419773,            285.4209599,            99301.92176,             96034.75388
          0,           0,          80,      -5.944307099,      -3.505760399,      -4.038047263,      -3.773003376,     -0.3288126407,    -0.00424407958,    -0.00424407958,      0.6306535261,       562.3592533,       182325.1692,       182325.1692,       2.258634903,       576261.5554,      -9.766592467,       211.8102451,         6.435189758,     -0.0002337859058,              0.05899659656,       573.5640835,       573.5640835,       195341.1385,       195341.1385,      -4290.628528,        0.07046620138,        -0.07471028096,       93307.89884,        89017.27032,           288.1419603,            285.4221232,            99301.90165,             96039.23687
          0,           0,          81,      -5.943998862,      -3.510042088,      -4.040932388,      -3.774397199,     -0.3283261802,   -0.004259947348,   -0.004259947348,      0.6307409272,       562.3573372,       182325.8968,       182325.8968,       2.258651919,       576262.8306,      -9.788254248,       211.8362189,         6.492640997,     -0.0002359664244,              0.05950440033,       573.5653527,       573.5653527,       195345.7483,       195345.7483,      -4289.341161,        0.07046759065,        -0.07472753799,       93307.61897,        89018.27781,           288.1419408,            285.4234119,            99301.87847,             96043.86987
          0,           0,          82,      -5.943798396,      -3.514199256,      -4.043833073,      -3.775811526,     -0.3278951075,   -0.004276574872,   -0.004276574872,      0.6308321835,       562.3553908,       182326.5922,       182326.5922,       2.258668662,       576264.2181,      -9.811048038,       211.8634504,         6.550164684,     -0.0002380907746,              0.06001209487,       573.5667338,       573.5667338,       195350.4921,       195350.4921,      -4288.064954,        0.07046901691,        -0.07474559178,       93307.32859,        89019.26364,           288.1419184,            285.4248153,            99301.85177,             96048.64038
          0,           0,          83,      -5.943710663,      -3.518218763,      -4.046740685,      -3.777246263,     -0.3275216107,   -0.004293920844,   -0.004293920844,      0.6309271832,       562.3534068,       182327.2471,       182327.2471,       2.258685055,       576265.7061,      -9.834917078,       211.8919013,         6.607753853,     -0.0002401522139,              0.06051962167,       573.5682148,       573.5682148,        195355.356,        195355.356,      -4286.805316,        0.07047048566,        -0.07476440651,        93307.0262,        89020.22088,           288.1418928,             285.426322,            99301.82106,             96053.53491
          0,           0,          84,      -5.943737956,      -3.522090576,      -4.049646995,      -3.778700752,      -0.327206591,   -0.004311937764,   -0.004311937764,      0.6310257933,       562.3513776,       182327.8528,       182327.8528,       2.258701023,       576267.2818,      -9.859795161,       211.9215264,         6.665401723,     -0.0002421440826,              0.06102692844,       573.5697832,       573.5697832,       195360.3249,       195360.3249,      -4285.567257,        0.07047200318,        -0.07478394094,       93306.71005,        89021.14279,           288.1418634,            285.4279197,            99301.78579,             96058.53912
          0,           0,          85,      -5.943880272,      -3.525807626,      -4.052543834,      -3.780174087,     -0.3269498317,    -0.00433057226,    -0.00433057226,      0.6311278621,       562.3492956,       182328.4011,       182328.4011,       2.258716493,        576268.932,       -9.88560702,       211.9522742,         6.723101714,     -0.0002440599127,              0.06153396917,       573.5714255,       573.5714255,       195365.3833,       195365.3833,      -4284.355276,        0.07047357655,        -0.07480414881,        93306.3782,        89022.02292,           288.1418298,            285.4295958,            99301.74533,             96063.63795
          0,           0,          86,      -5.944135678,      -3.529365633,      -4.055422579,      -3.781665397,     -0.3267501688,   -0.004349765455,   -0.004349765455,      0.6312332213,       562.3471536,       182328.8837,       182328.8837,        2.25873139,       576270.6426,      -9.912268808,       211.9840875,         6.780847447,     -0.0002458935438,              0.06204070402,       573.5731282,       573.5731282,       195370.5148,       195370.5148,      -4283.173265,        0.07047521383,        -0.07482497928,       93306.02847,         89022.8552,           288.1417913,            285.4313369,            99301.69901,             96068.81583
          0,           0,          87,      -5.944500617,      -3.532762857,      -4.058275456,      -3.783173757,     -0.3266056562,   -0.004369453384,   -0.004369453384,      0.6313416882,       562.3449444,       182329.2924,       182329.2924,       2.258745643,       576272.3996,      -9.939688654,       212.0169046,         6.838632654,     -0.0002476392295,              0.06254709831,        573.574877,        573.574877,       195375.7029,       195375.7029,      -4282.024416,        0.07047692404,        -0.07484637743,       93305.65841,          89023.634,           288.1417474,            285.4331295,            99301.64606,             96074.05681
          0,           0,          88,      -5.944970215,      -3.535999829,      -4.061095414,      -3.784698067,     -0.3265137214,   -0.004389567451,   -0.004389567451,       0.631453069,       562.3426611,       182329.6195,       182329.6195,       2.258759182,       576274.1885,      -9.967767274,       212.0506598,          6.89645141,     -0.0002492917518,              0.06305312437,       573.5766575,       573.5766575,       195380.9304,       195380.9304,      -4280.911133,        0.07047871737,        -0.07486828482,       93305.26531,        89024.35418,           288.1416974,            285.4349601,            99301.58569,             96079.34475
          0,           0,          89,      -5.945538519,      -3.539079056,      -4.063876094,      -3.786236778,     -0.3264713069,   -0.004410034914,   -0.004410034914,      0.6315671608,       562.3402971,       182329.8573,       182329.8573,       2.258771939,       576275.9948,      -9.996398644,       212.0852846,         6.954298124,     -0.0002508465161,              0.06355876118,       573.5784553,       573.5784553,       195386.1804,       195386.1804,      -4279.834963,        0.07048060519,         -0.0748906401,       93304.84616,        89025.01119,           288.1416405,            285.4368148,            99301.51698,             96084.66346
          0,           0,          90,      -5.946198811,      -3.542004711,      -4.066610601,      -3.787788343,     -0.3264750051,   -0.004430779384,   -0.004430779384,      0.6316837557,       562.3378458,       182329.9987,       182329.9987,       2.258783851,       576277.8039,       -10.0254707,       212.1207085,         7.012167442,      -0.000252299631,              0.06406399316,        573.580256,        573.580256,       195391.4359,       195391.4359,      -4278.796523,        0.07048260016,        -0.07491337955,       93304.39761,        89025.60109,           288.1415759,            285.4386801,            99301.43897,             96089.99689
          0,           0,          91,      -5.946943822,      -3.544782306,       -4.06929336,      -3.789351249,     -0.3265211745,   -0.004451721338,   -0.004451721338,      0.6318026429,       562.3353013,       182330.0366,       182330.0366,       2.258794854,       576279.6018,      -10.05486606,       212.1568605,         7.070054218,     -0.0002536479818,              0.06456880954,       573.5820454,       573.5820454,       195396.6799,       195396.6799,      -4277.795454,        0.07048471639,        -0.07493643772,       93303.91601,        89026.12056,           288.1415029,            285.4405425,            99301.35063,             96095.32926
          0,           0,          92,      -5.947765926,      -3.547418386,      -4.071919807,      -3.790923918,     -0.3266060467,   -0.004472778634,   -0.004472778634,      0.6319236123,       562.3326577,       182329.9643,       182329.9643,       2.258804891,       576281.3742,      -10.08446276,       212.1936696,         7.127953568,     -0.0002548892784,              0.06507320448,       573.5838096,       573.5838096,        195401.896,        195401.896,      -4276.830376,        0.07048696944,        -0.07495974807,       93303.39733,        89026.56696,           288.1414203,            285.4423892,            99301.25084,              96100.6452
          0,           0,          93,      -5.948657329,      -3.549920224,      -4.074486245,      -3.792504731,     -0.3267258183,    -0.00449386702,    -0.00449386702,      0.6320464577,       562.3299094,       182329.7755,       182329.7755,       2.258813905,       576283.1077,      -10.11413499,       212.2310661,         7.185860845,     -0.0002560221004,              0.06557717637,       573.5855349,       573.5855349,       195407.0683,       195407.0683,      -4275.898858,        0.07048937651,        -0.07498324353,       93302.83718,        89026.93833,           288.1413273,            285.4442076,             99301.1384,             96105.92989
          0,           0,          94,      -5.949610231,      -3.552295543,      -4.076989725,      -3.794091983,      -0.326876732,   -0.004514900619,   -0.004514900619,      0.6321709797,       562.3270512,       182329.4642,       182329.4642,       2.258821841,       576284.7891,      -10.14375382,       212.2689826,         7.243771625,      -0.000257045913,              0.06608072735,       573.5872084,       573.5872084,       195412.1812,       195412.1812,      -4274.997395,        0.07049195648,         -0.0750068571,       93302.23078,        89027.23338,           288.1412229,            285.4459855,            99301.01204,             96111.16916
          0,           0,          95,      -5.950616973,      -3.554552256,      -4.079428241,      -3.795683965,     -0.3270551462,   -0.004535792408,   -0.004535792408,      0.6322969885,        562.324078,       182329.0245,       182329.0245,        2.25882865,       576286.4059,      -10.17318789,       212.3073551,         7.301681705,     -0.0002579610697,              0.06658386277,       573.5888177,       573.5888177,         195417.22,         195417.22,      -4274.121408,        0.07049473004,        -0.07503052245,       93301.57293,        89027.45152,           288.1411058,            285.4477118,            99300.87042,             96116.34961
          0,           0,          96,      -5.951670155,      -3.556698238,      -4.081800471,      -3.797278986,      -0.327257593,   -0.004556454659,   -0.004556454659,      0.6324243071,       562.3209851,       182328.4508,       182328.4508,       2.258834281,       576287.9462,      -10.20230405,       212.3461237,         7.359587095,     -0.0002587687985,              0.06708659073,       573.5903508,       573.5903508,       195422.1708,       195422.1708,      -4273.265238,        0.07049771975,        -0.07505417441,       93300.85803,        89027.59279,            288.140975,            285.4493758,            99300.71214,             96121.45868
          0,           0,          97,      -5.952762752,      -3.558741115,      -4.084105881,      -3.798875311,     -0.3274808261,   -0.004576799351,   -0.004576799351,      0.6325527737,       562.3177679,       182327.7379,       182327.7379,       2.258838688,        576289.399,      -10.23096803,       212.3852337,         7.417484026,     -0.0002594711655,              0.06758892172,       573.5917968,       573.5917968,       195427.0205,       195427.0205,      -4272.422166,        0.07050095014,        -0.07507774949,       93300.08003,        89027.65787,           288.1408292,            285.4509675,            99300.53571,             96126.48474
          0,           0,          98,      -5.953888192,      -3.560688095,      -4.086344672,      -3.800471279,     -0.3277218572,   -0.004596738548,   -0.004596738548,      0.6326822444,       562.3144219,       182326.8805,       182326.8805,       2.258841826,       576290.7538,      -10.25904497,       212.4246364,         7.475368941,     -0.0002600710311,              0.06809086802,       573.5931452,       573.5931452,       195431.7567,       195431.7567,      -4271.584433,        0.07050444778,        -0.07510118633,       93299.23246,        89027.64803,           288.1406672,            285.4524781,             99300.3396,             96131.41712
          0,           0,          99,      -5.955040446,      -3.562545816,      -4.088517714,      -3.802065309,     -0.3279779883,   -0.004616184741,   -0.004616184741,      0.6328125951,       562.3109427,       182325.8735,       182325.8735,       2.258843648,       576292.0011,      -10.28640001,       212.4642896,         7.533238481,       -0.00026057199,              0.06859244328,       573.5943867,       573.5943867,       195436.3684,       195436.3684,      -4270.743268,        0.07050824139,        -0.07512442613,       93298.30838,        89027.56511,           288.1404876,            285.4538992,             99300.1222,             96136.24619
          0,           0,         100,      -5.956214083,      -3.564320225,      -4.090626414,      -3.803655863,     -0.3282468319,    -0.00463505115,    -0.00463505115,      0.6329437239,        562.307326,       182324.7119,       182324.7119,       2.258844112,       576293.1323,      -10.31289868,       212.5041587,         7.591089484,     -0.0002609783011,              0.06909366208,       573.5955126,       573.5955126,       195440.8452,       195440.8452,      -4269.888934,        0.07051236184,        -0.07514741299,        93297.3004,        89027.41146,            288.140289,            285.4552236,            99299.88186,             96140.96335
          0,           0,         101,      -5.957404325,      -3.566016478,      -4.092672742,      -3.805241526,     -0.3285263267,   -0.004653251982,   -0.004653251982,      0.6330755526,       562.3035675,       182323.3906,       182323.3906,       2.258843173,       576294.1395,       -10.3384074,        212.544217,         7.648918983,     -0.0002612948078,               0.0695945395,       573.5965151,       573.5965151,        195445.178,        195445.178,      -4269.010769,        0.07051684225,        -0.07517009423,       93296.20067,         89027.1899,           288.1400701,             285.456445,             99299.6169,             96145.56108
          0,           0,         102,      -5.958607083,      -3.567638864,      -4.094659065,      -3.806820991,     -0.3288147465,   -0.004670702658,   -0.004670702658,      0.6332080282,        562.299663,       182321.9046,       182321.9046,       2.258840788,       576295.0158,       -10.3627938,       212.5844461,         7.706724195,     -0.0002615268541,              0.07009509073,       573.5973872,       573.5973872,       195449.3585,       195449.3585,      -4268.097239,        0.07052171801,        -0.07519242067,        93295.0009,        89026.90366,           288.1398295,            285.4575578,            99299.32559,             96150.03291
          0,           0,         103,       -5.95981899,      -3.569190747,      -4.096588116,      -3.808393086,     -0.3291107048,   -0.004687319998,   -0.004687319998,      0.6333411243,        562.295608,       182320.2486,       182320.2486,        2.25883691,        576295.755,      -10.38592705,       212.6248367,         7.764502521,     -0.0002616801967,              0.07059533076,        573.598123,        573.598123,       195453.3796,       195453.3796,      -4267.135998,        0.07052702682,        -0.07521434682,       93293.69232,        89026.55633,           288.1395656,            285.4585574,            99299.00616,             96154.37343
          0,           0,         104,      -5.961037423,      -3.570674521,      -4.098462929,      -3.809956771,     -0.3294131532,   -0.004703022366,   -0.004703022366,      0.6334748417,       562.2913981,       182318.4175,       182318.4175,       2.258831495,        576296.352,      -10.40767813,       212.6653885,          7.82225154,     -0.0002617609158,              0.07109527403,       573.5987172,       573.5987172,       195457.2351,       195457.2351,       -4266.11395,        0.07053280869,        -0.07523583105,       93292.26574,        89026.15179,           288.1392771,            285.4594401,            99298.65686,             96158.57825
          0,           0,         105,      -5.962260512,      -3.572091588,      -4.100286824,      -3.811511184,     -0.3297213784,    -0.00471772979,    -0.00471772979,      0.6336092092,       562.2870285,       182316.4057,       182316.4057,       2.258824493,       576296.8023,      -10.42792003,       212.7061104,         7.879968997,     -0.0002617753284,              0.07159493413,       573.5991655,       573.5991655,       195460.9199,       195460.9199,      -4265.017311,        0.07053910594,        -0.07525683573,       93290.71151,         89025.6942,           288.1389625,             285.460203,             99298.2759,             96162.64402
          0,           0,         106,      -5.963487151,      -3.573442341,      -4.102063335,      -3.813055651,     -0.3300349941,   -0.004731364044,   -0.004731364044,      0.6337442841,       562.2824944,       182314.2074,       182314.2074,       2.258815856,       576297.1026,      -10.44652794,       212.7470212,         7.937652805,     -0.0002617299036,              0.07209432356,       573.5994643,       573.5994643,       195464.4298,       195464.4298,      -4263.831684,        0.07054596322,        -0.07527732726,       93289.01957,        89025.18788,           288.1386203,             285.460844,            99297.86152,             96166.56832
          0,           0,         107,      -5.964716998,      -3.574726162,      -4.103796103,      -3.814589639,     -0.3303539323,   -0.004743848709,   -0.004743848709,      0.6338801519,       562.2777908,       182311.8168,       182311.8168,       2.258805531,       576297.2499,      -10.46337938,       212.7881487,          7.99530103,     -0.0002616311841,              0.07259345347,       573.5996109,       573.5996109,       195467.7616,       195467.7616,      -4262.542126,        0.07055342741,        -0.07529727612,       93287.17945,        89024.63732,            288.138249,            285.4613619,            99297.41196,             96170.34965
          0,           0,         108,      -5.965950467,      -3.575941431,      -4.105488836,      -3.816112794,     -0.3306784308,   -0.004755109207,   -0.004755109207,      0.6340169263,       562.2729122,       182309.2274,       182309.2274,       2.258793464,       576297.2423,      -10.47835426,       212.8295304,         8.052911889,     -0.0002614857132,              0.07309233352,       573.5996034,       573.5996034,       195470.9129,       195470.9129,      -4261.133222,        0.07056154764,        -0.07531665684,       93285.18031,        89024.04709,           288.1378474,             285.461756,            99296.92552,              96173.9874
          0,           0,         109,      -5.967188724,      -3.577085542,      -4.107145258,      -3.817624945,     -0.3310090207,   -0.004765072815,   -0.004765072815,      0.6341547489,       562.2678532,       182306.4327,       182306.4327,       2.258779596,       576297.0787,      -10.49133504,        212.871213,         8.110483744,     -0.0002612999694,              0.07359097167,       573.5994405,       573.5994405,       195473.8823,       195473.8823,      -4259.589159,        0.07057037516,        -0.07533544797,       93283.01095,        89023.42179,           288.1374139,            285.4620266,            99296.40052,             96177.48176
          0,           0,         110,      -5.968433672,      -3.578154928,      -4.108769116,       -3.81912609,     -0.3313465113,    -0.00477366867,    -0.00477366867,      0.6342937883,       562.2626076,       182303.4258,       182303.4258,       2.258763869,       576296.7583,       -10.5022067,       212.9132523,          8.16801509,     -0.0002610803093,               0.0740893741,       573.5991217,       573.5991217,        195476.669,        195476.669,        -4257.8938,        0.07057996329,        -0.07535363196,       93280.65982,        89022.76602,           288.1369473,            285.4621744,            99295.83535,             96180.83367
          0,           0,         111,      -5.969687933,      -3.579145104,       -4.11036409,      -3.820616378,     -0.3316919751,   -0.004780827756,   -0.004780827756,       0.634434239,       562.2571695,       182300.1995,       182300.1995,       2.258746219,       576296.2814,      -10.51085679,       212.9557127,         8.225504552,     -0.0002608329182,              0.07458754512,       573.5986469,       573.5986469,       195479.2732,       195479.2732,       -4256.03076,        0.07059036732,        -0.07537119508,       93278.11511,        89022.08435,           288.1364463,            285.4622007,            99295.22847,             96184.04476
          0,           0,         112,      -5.970954829,      -3.580050707,      -4.111933808,      -3.822096124,      -0.332046731,   -0.004786482886,   -0.004786482886,      0.6345763208,       562.2515322,        182296.746,        182296.746,       2.258726578,       576295.6485,       -10.5171755,        212.998667,         8.282950876,     -0.0002605637696,              0.07508548707,       573.5980171,       573.5980171,       195481.6957,       195481.6957,      -4253.983478,        0.07060164435,        -0.07538812724,       93275.36473,        89021.38125,           288.1359097,            285.4621074,            99294.57844,              96187.1173
          0,           0,         113,      -5.972238363,      -3.580865553,      -4.113481885,      -3.823565816,     -0.3324123269,   -0.004790568683,   -0.004790568683,      0.6347202768,        562.245689,       182293.0574,       182293.0574,       2.258704879,       576294.8611,       -10.5210556,        213.042196,         8.340352924,     -0.0002602785925,              0.07558320034,       573.5972333,       573.5972333,        195483.938,        195483.938,      -4251.735293,        0.07061385317,        -0.07540442185,       93272.39636,        89020.66107,           288.1353364,            285.4618969,             99293.8839,              96190.0541
          0,           0,         114,      -5.973543187,      -3.581582712,       -4.11501169,      -3.825026018,      -0.332790522,   -0.004793021558,   -0.004793021558,      0.6348663725,       562.2396327,       182289.1255,       182289.1255,       2.258681048,       576293.9208,      -10.52239253,       213.0863876,         8.397709665,     -0.0002599828462,              0.07608068337,       573.5962974,       573.5962974,       195486.0021,       195486.0021,      -4249.269512,        0.07062705408,        -0.07542007564,       93269.19753,        89019.92802,           288.1347255,            285.4615719,            99293.14363,             96192.85849
          0,           0,         115,      -5.974874583,       -3.58219458,      -4.116526471,      -3.826477407,     -0.3331832683,    -0.00479377969,    -0.00479377969,      0.6350148935,       562.2333561,       182284.9417,       182284.9417,       2.258655011,       576292.8299,      -10.52108434,       213.1313367,         8.455020168,      -0.000259681702,              0.07657793262,       573.5952116,       573.5952116,       195487.8908,       195487.8908,      -4246.569487,        0.07064130874,        -0.07543508843,       93265.75561,        89019.18612,            288.134076,            285.4611356,            99292.35653,             96195.53422
          0,           0,         116,      -5.976238432,      -3.582692981,      -4.118029353,      -3.827920769,     -0.3335926918,   -0.004792783015,   -0.004792783015,      0.6351661443,       562.2268514,       182280.4971,       182280.4971,       2.258626689,       576291.5912,      -10.51703179,       213.1771444,         8.512283599,     -0.0002593800313,               0.0770749427,       573.5939787,       573.5939787,       195489.6071,       195489.6071,      -4243.618683,        0.07065667995,        -0.07544946297,        93262.0579,        89018.43922,           288.1333871,            285.4605916,            99291.52165,             96198.08542
          0,           0,         117,      -5.977641179,      -3.583069264,      -4.119523299,      -3.829356968,     -0.3340210718,   -0.004789973219,   -0.004789973219,      0.6353204459,        562.220111,       182275.7826,       182275.7826,       2.258596004,       576290.2077,      -10.51013831,       213.2239174,          8.56949921,     -0.0002590823982,              0.07757170637,       573.5926017,       573.5926017,       195491.1547,       195491.1547,      -4240.400743,        0.07067323145,        -0.07546320467,       93258.09166,        89017.69092,           288.1326583,            285.4599434,            99290.63819,             96200.51655
          0,           0,         118,      -5.979089809,      -3.583314433,      -4.121011133,      -3.830786938,     -0.3344708212,   -0.004785293747,   -0.004785293747,       0.635478134,       562.2131267,       182270.7888,       182270.7888,       2.258562873,        576288.683,      -10.50031011,       213.2717671,         8.626666336,      -0.000258793057,              0.07806821471,       573.5910841,       573.5910841,       195492.5378,       195492.5378,      -4236.899558,        0.07069102765,        -0.07547632139,       93253.84418,        89016.94462,           288.1318889,            285.4591952,            99289.70552,              96202.8323
          0,           0,         119,      -5.980591806,      -3.583419278,      -4.122495453,      -3.832211633,     -0.3349444645,   -0.004778689819,   -0.004778689819,      0.6356395566,       562.2058903,       182265.5063,       182265.5063,       2.258527214,       576287.0208,       -10.4874562,       213.3208092,         8.683784389,     -0.0002585159522,              0.07856445712,       573.5894297,       573.5894297,       195493.7608,       195493.7608,       -4233.09933,        0.07071013344,        -0.07548882326,       93249.30279,        89016.20346,           288.1310788,             285.458351,            99288.72319,             96205.03758
          0,           0,         120,      -5.982155126,      -3.583374519,      -4.123978573,      -3.833632008,     -0.3354446164,   -0.004770108455,   -0.004770108455,      0.6358050722,       562.1983937,       182259.9253,       182259.9253,       2.258488941,       576285.2253,       -10.4714885,       213.3711629,          8.74085285,     -0.0002582547213,              0.07906042155,       573.5876426,       573.5876426,       195494.8284,       195494.8284,      -4228.984634,        0.07073061393,        -0.07550072239,       93244.45498,        89015.47035,           288.1302275,            285.4574151,            99287.69094,             96207.13746
          0,           0,         121,      -5.983788155,      -3.583170969,      -4.125462647,       -3.83504904,     -0.3359739582,   -0.004759498526,   -0.004759498526,      0.6359750473,       562.1906283,       182254.0363,       182254.0363,        2.25844797,       576283.3008,      -10.45232191,       213.4229499,         8.797871265,     -0.0002580126987,              0.07955609456,       573.5857271,       573.5857271,       195495.7458,       195495.7458,      -4224.540476,        0.07075253414,        -0.07551203266,        93239.2884,        89014.74792,           288.1293353,            285.4563919,            99286.60872,             96209.13711
          0,           0,         122,      -5.985499679,      -3.582799701,      -4.126949591,      -3.836463697,     -0.3365352146,   -0.004746810803,   -0.004746810803,       0.636149854,       562.1825859,       182247.8295,       182247.8295,       2.258404215,       576281.2519,      -10.42987443,       213.4762939,         8.854839241,       -0.00025779292,              0.08005146151,       573.5836878,       573.5836878,       195496.5184,       195496.5184,      -4219.752355,        0.07077595875,        -0.07552276956,       93233.79094,        89014.03858,           288.1284021,            285.4552857,            99285.47667,             96211.04177
          0,           0,         123,      -5.987298843,      -3.582252223,      -4.128441087,      -3.837876924,     -0.3371311291,   -0.004731998034,   -0.004731998034,      0.6363298681,       562.1742581,       182241.2952,       182241.2952,       2.258357592,       576279.0834,      -10.40406731,       213.5313199,         8.911756439,     -0.0002575981264,              0.08054650665,       573.5815294,       573.5815294,       195497.1519,       195497.1519,      -4214.606311,        0.07080095184,        -0.07553294988,       93227.95078,        89013.34447,           288.1274283,            285.4541012,            99284.29515,              96212.8567
          0,           0,         124,      -5.989195118,      -3.581520659,      -4.129938574,      -3.839289628,     -0.3377644381,   -0.004715015023,   -0.004715015023,      0.6365154664,       562.1656366,       182234.4239,       182234.4239,       2.258308016,       576276.8002,      -10.37482518,        213.588153,          8.96862257,     -0.0002574307683,              0.08104121334,        573.579257,        573.579257,       195497.6519,       195497.6519,      -4209.088984,        0.07082757656,        -0.07554259159,       93221.75645,        89012.66747,           288.1264144,            285.4528426,            99283.06475,             96214.58713
          0,           0,         125,      -5.991198262,      -3.580597924,      -4.131443067,      -3.840702622,     -0.3384378455,   -0.004695818728,   -0.004695818728,      0.6367070246,       562.1567133,       182227.2061,       182227.2061,       2.258255405,       576274.4075,      -10.34207623,       213.6469183,         9.025437391,     -0.0002572930077,              0.08153556418,       573.5768755,       573.5768755,       195498.0246,       195498.0246,      -4203.187656,        0.07085589487,        -0.07555171359,        93215.1969,        89012.00924,           288.1253611,            285.4515143,            99281.78627,             96216.23828
          0,           0,         126,      -5.993318285,      -3.579477906,      -4.132955339,      -3.842116679,     -0.3391539957,   -0.004674368367,   -0.004674368367,      0.6369049154,       562.1474801,       182219.6327,       182219.6327,       2.258199677,       576271.9106,       -10.3057524,       213.7077396,           9.0822007,     -0.0002571867192,              0.08202954114,       573.5743902,       573.5743902,        195498.276,        195498.276,      -4196.890304,        0.07088596721,        -0.07556033558,        93208.2615,        89011.37119,           288.1242693,            285.4501209,            99280.46072,             96217.81528
          0,           0,         127,      -5.995565413,      -3.578155625,      -4.134475831,      -3.843532499,     -0.3399154465,   -0.004650625537,   -0.004650625537,      0.6371095057,       562.1379294,       182211.6947,       182211.6947,       2.258140754,       576269.3147,      -10.26578955,       213.7707389,         9.138912332,     -0.0002571134896,              0.08252312576,       573.5718065,       573.5718065,       195498.4125,       195498.4125,      -4190.185637,        0.07091785226,         -0.0755684778,       93200.94016,        89010.75452,           288.1231401,            285.4486664,            99279.08936,             96219.32315
          0,           0,         128,      -5.997950053,      -3.576627387,      -4.136004694,      -3.844950721,     -0.3407246415,   -0.004624554342,   -0.004624554342,      0.6373211549,       562.1280537,       182203.3835,       182203.3835,       2.258078561,       576266.6252,      -10.22212767,       213.8360357,         9.195572155,     -0.0002570746156,              0.08301629929,       573.5691296,       573.5691296,       195498.4405,       195498.4405,      -4183.063139,        0.07095160661,        -0.07557616095,       93193.22334,         89010.1602,           288.1219746,             285.447155,            99277.67367,             96220.76681
          0,           0,         129,      -6.000482757,      -3.574890916,      -4.137541728,      -3.846371908,     -0.3415838806,   -0.004596121519,   -0.004596121519,      0.6375402128,       562.1178459,       182194.6911,       182194.6911,       2.258013025,       576263.8478,      -10.17471112,       213.9037463,         9.252180068,     -0.0002570711002,              0.08350904282,       573.5663652,       573.5663652,       195498.3663,       195498.3663,      -4175.513105,        0.07098728447,        -0.07558340599,       93185.10209,        89009.58899,           288.1207743,            285.4455909,            99276.21533,             96222.15102
          0,           0,         130,      -6.003174194,      -3.572945462,      -4.139086214,      -3.847796484,     -0.3424952932,   -0.004565296586,   -0.004565296586,      0.6377670175,       562.1072994,       182185.6096,       182185.6096,       2.257944078,       576260.9879,      -10.12348884,       213.9739832,         9.308735995,      -0.000257103648,              0.08400133745,       573.5635187,       573.5635187,       195498.1967,       195498.1967,      -4167.526676,        0.07102493743,        -0.07559023402,       93176.56814,        89009.04147,           288.1195408,            285.4439779,            99274.71625,              96223.4804
          0,           0,         131,      -6.006035111,      -3.570791886,      -4.140637132,      -3.849224819,     -0.3434608096,   -0.004532051974,   -0.004532051974,      0.6380018935,       562.0964077,       182176.1319,       182176.1319,       2.257871658,       576258.0511,      -10.06841454,       214.0468542,         9.365239882,      -0.000257172659,              0.08449316444,       573.5605956,       573.5605956,        195497.938,        195497.938,      -4159.095864,        0.07106461415,        -0.07559666613,        93167.6139,        89008.51804,           288.1182759,            285.4423197,            99273.17856,              96224.7594
          0,           0,         132,      -6.009076313,      -3.568432709,      -4.142193075,      -3.850657195,     -0.3444821331,   -0.004496363177,   -0.004496363177,      0.6382451504,       562.0851652,       182166.2514,       182166.2514,       2.257795704,        576255.043,      -10.00944697,       214.1224624,         9.421691695,      -0.000257278223,              0.08498450531,       573.5576016,       573.5576016,       195497.5968,       195497.5968,      -4150.213582,        0.07110636013,         -0.0756027233,       93158.23251,        89008.01893,           288.1169816,              285.44062,            99271.60456,             96225.99229
          0,           0,         133,      -6.012308624,      -3.565872134,       -4.14375229,      -3.852093824,     -0.3455607121,   -0.004458208891,   -0.004458208891,      0.6384970804,       562.0735665,       182155.9621,       182155.9621,       2.257716165,       576251.9692,      -9.946550108,       214.2009051,         9.478091419,     -0.0002574201124,              0.08547534197,       573.5545422,       573.5545422,       195497.1799,       195497.1799,      -4140.873668,        0.07115021743,        -0.07560842632,       93148.41788,        89007.54422,           288.1156599,            285.4388823,            99269.99678,             96227.18315
          0,           0,         134,      -6.015742868,      -3.563116031,      -4.145312646,      -3.853534838,     -0.3466977137,   -0.004417571155,   -0.004417571155,      0.6387579577,        562.061607,       182145.2586,       182145.2586,       2.257632992,       576248.8353,      -9.879693392,       214.2822733,         9.534439052,     -0.0002575977773,              0.08596565685,       573.5514229,       573.5514229,       195496.6938,       195496.6938,      -4131.070898,        0.07119622448,        -0.07561379564,       93138.16474,        89007.09384,           288.1143131,            285.4371099,            99268.35792,             96228.33587
          0,           0,         135,      -6.019389842,      -3.560171897,      -4.146871535,      -3.854980253,     -0.3478939969,   -0.004374435482,   -0.004374435482,      0.6390280363,       562.0492825,       182134.1362,       182134.1362,       2.257546145,       576245.6468,      -9.808851919,       214.3666518,         9.590734601,       -0.00025781034,              0.08645543302,       573.5482494,       573.5482494,        195496.145,        195496.145,      -4120.801009,        0.07124441584,        -0.07561885132,       93127.46862,        89006.66761,           288.1129435,            285.4353058,            99266.69084,             96229.45415
          0,           0,         136,       -6.02326029,      -3.557048772,      -4.148426102,      -3.856430043,     -0.3491500884,   -0.004328790996,   -0.004328790996,      0.6393075493,       562.0365896,       182122.5912,       182122.5912,       2.257455588,       576242.4092,      -9.734006645,       214.4541179,         9.646978086,     -0.0002580565924,              0.08694465425,        573.545027,        573.545027,       195495.5401,       195495.5401,      -4110.060703,          0.071294822,        -0.07562361299,       93116.32593,        89006.26523,           288.1115538,            285.4334732,            99264.99859,              96230.5415
          0,           0,         137,      -6.027364887,      -3.553757144,      -4.149973191,      -3.857884119,     -0.3504661582,   -0.004280630545,   -0.004280630545,      0.6395967074,       562.0235255,       182110.6202,       182110.6202,       2.257361294,       576239.1281,      -9.655144563,       214.5447421,         9.703169533,     -0.0002583349948,              0.08743330511,       573.5417612,       573.5417612,       195494.8856,       195494.8856,      -4098.847662,        0.07134746919,        -0.07562809974,       93104.73395,        89005.88629,           288.1101466,            285.4316147,            99263.28432,             96231.60123
          0,           0,         138,      -6.031714212,      -3.550308811,      -4.151509464,      -3.859342357,     -0.3518419983,   -0.004229950817,   -0.004229950817,       0.639895698,        562.010088,       182098.2212,       182098.2212,       2.257263242,       576235.8089,      -9.572258874,       214.6385866,         9.759308973,     -0.0002586436774,              0.08792137106,       573.5384576,       573.5384576,       195494.1878,       195494.1878,      -4087.160547,        0.07140237925,        -0.07563233007,       93092.69086,        89005.53031,           288.1087245,             285.429733,            99261.55137,             96232.63644
          0,           0,         139,      -6.036318733,      -3.546716739,      -4.153031322,      -3.860804567,     -0.3532770016,    -0.00417675244,    -0.00417675244,      0.6402046843,       561.9962758,       182085.3925,       182085.3925,       2.257161419,       576232.4569,      -9.485349134,        214.735706,         9.815396441,     -0.0002589804453,              0.08840883852,       573.5351212,       573.5351212,       195493.4532,       195493.4532,      -4074.999002,        0.07145956946,         -0.0756363219,       93080.19573,        89005.19673,           288.1072906,            285.4278307,            99259.80315,             96233.65008
          0,           0,         140,      -6.041188787,      -3.542994892,       -4.15453498,      -3.862270503,     -0.3547701442,   -0.004121040068,   -0.004121040068,      0.6405238047,       561.9820881,       182072.1335,       182072.1335,       2.257055817,       576229.0774,      -9.394421381,       214.8361464,         9.871431973,     -0.0002593427865,              0.08889569489,       573.5317576,       573.5317576,       195492.6881,       195492.6881,      -4062.363651,        0.07151905242,        -0.07564009249,       93067.24856,        89004.88491,           288.1058476,            285.4259099,            99258.04319,             96234.64489
          0,           0,         141,      -6.046334562,      -3.539158058,      -4.156016662,      -3.863739912,     -0.3563199698,   -0.004062822462,   -0.004062822462,       0.640853172,       561.9675251,       182058.4445,       182058.4445,        2.25694644,       576225.6756,      -9.299488251,       214.9399456,         9.927415609,     -0.0002597278845,              0.08938192865,       573.5283717,       573.5283717,       195491.8985,       195491.8985,       -4049.25609,        0.07158083598,        -0.07564365845,       93053.85028,        89004.59419,           288.1043987,             285.423973,             99256.2751,             96235.62342
          0,           0,         142,      -6.051766079,      -3.535221667,       -4.15747262,      -3.865212521,     -0.3579245758,   -0.004002112544,   -0.004002112544,      0.6411928731,       561.9525876,       182044.3265,       182044.3265,       2.256833295,       576222.2566,      -9.200569056,       215.0471326,         9.983347384,     -0.0002601326333,              0.08986752934,       573.5249687,       573.5249687,       195491.0907,       195491.0907,      -4035.678882,        0.07164492313,        -0.07564703568,       93040.00272,        89004.32383,           288.1029468,            285.4220219,            99254.50257,             96236.58809
          0,           0,         143,      -6.057493172,       -3.53120161,      -4.158899321,      -3.866688085,     -0.3595816037,   -0.003938927447,   -0.003938927447,      0.6415429686,       561.9372771,       182029.7817,       182029.7817,       2.256716401,       576218.8254,       -9.09768985,       215.1577279,         10.03922734,     -0.0002605536588,              0.09035248762,       573.5215536,       573.5215536,       195490.2705,       195490.2705,      -4021.635537,        0.07171131196,        -0.07565023941,       93025.70864,         89004.0731,            288.101495,            285.4200586,            99252.72934,             96237.54112
          0,           0,         144,      -6.063525467,      -3.527114058,       -4.16029328,      -3.868166301,     -0.3612882316,   -0.003873288545,   -0.003873288545,      0.6419034927,       561.9215961,       182014.8129,       182014.8129,       2.256595782,        576215.387,      -8.990883467,       215.2717431,          10.0950555,      -0.000260987342,              0.09083679531,       573.5181312,       573.5181312,       195489.4437,       195489.4437,      -4007.130505,        0.07177999562,        -0.07565328417,       93010.97171,        89003.84121,           288.1000465,            285.4180847,            99250.95916,             96238.48459
          0,           0,         145,      -6.069872362,      -3.522975288,      -4.161651361,      -3.869646893,     -0.3630411708,   -0.003805221466,   -0.003805221466,      0.6422744531,       561.9055477,       181999.4239,       181999.4239,       2.256471471,        576211.946,      -8.880189531,        215.389181,         10.15083191,     -0.0002614298479,              0.09132044533,       573.5147063,       573.5147063,       195488.6163,       195488.6163,      -3992.169149,        0.07185096234,         -0.0756561838,       92995.79652,        89003.62737,           288.0986044,             285.416102,            99249.19583,             96239.42043
          0,           0,         146,      -6.076542998,      -3.518801526,      -4.162970867,      -3.871129613,     -0.3648366657,   -0.003734756088,   -0.003734756088,       0.642655831,       561.8891357,       181983.6193,       181983.6193,       2.256343509,       576208.5072,      -8.765654445,       215.5100359,         10.20655659,     -0.0002618771572,              0.09180343178,       573.5112836,       573.5112836,       195487.7936,       195487.7936,       -3976.75773,        0.07192419539,        -0.07565895147,       92980.18852,        89003.43079,           288.0971718,            285.4141119,            99247.44312,             96240.35043
          0,           0,         147,      -6.083546226,      -3.514608796,      -4.164249621,       -3.87261425,      -0.366670498,   -0.003661926524,   -0.003661926524,      0.6430475816,       561.8723647,       181967.4047,       181967.4047,       2.256211944,       576205.0751,      -8.647331351,       215.6342929,         10.26222957,     -0.0002623251022,              0.09228574986,       573.5078676,       573.5078676,       195486.9811,       195486.9811,      -3960.903378,        0.07199967316,        -0.07566159968,       92964.15405,        89003.25067,           288.0957518,            285.4121158,            99245.70482,             96241.27628
          0,           0,         148,      -6.090890574,      -3.510412785,      -4.165486109,      -3.874100649,     -0.3685379951,   -0.003586771084,   -0.003586771084,      0.6434496339,       561.8552403,       181950.7865,       181950.7865,       2.256076831,       576201.6541,       -8.52528007,       215.7619291,         10.31785087,     -0.0002627694052,              0.09276739591,       573.5044626,       573.5044626,       195486.1842,       195486.1842,      -3944.614067,        0.07207736919,        -0.07566414028,        92947.7003,        89003.08624,           288.0943475,            285.4101151,            99243.98466,             96242.19951
          0,           0,         149,        -6.0985842,      -3.506228725,      -4.166679304,      -3.875588635,     -0.3704340434,   -0.003509332227,   -0.003509332227,      0.6438618917,       561.8377684,        181933.772,        181933.772,       2.255938235,       576198.2484,      -8.399567012,       215.8929127,         10.37342053,       -0.00026320572,              0.09324836735,       573.5010729,       573.5010729,       195485.4079,       195485.4079,      -3927.898587,        0.07215725226,        -0.07566658449,        92930.8353,        89002.93671,           288.0929619,            285.4081109,            99242.28633,             96243.12157
          0,           0,         150,      -6.106634836,      -3.502071291,      -4.167829039,      -3.877078119,     -0.3723531054,   -0.003429656492,   -0.003429656492,      0.6442842337,       561.8199559,       181916.3692,       181916.3692,       2.255796225,       576194.8623,      -8.270265064,       216.0272039,         10.42893854,     -0.0002636296751,              0.09372866267,       573.4977026,       573.4977026,       195484.6573,       195484.6573,      -3910.766512,        0.07223928647,        -0.07566894296,       92913.56786,        89002.80135,           288.0915981,            285.4061045,            99240.61345,             96244.04382
          0,           0,         151,      -6.115049723,      -3.497954514,      -4.168935967,      -3.878569068,     -0.3742892432,   -0.003347794416,   -0.003347794416,      0.6447165145,       561.8018103,        181898.587,        181898.587,        2.25565088,       576191.4997,      -8.137453456,       216.1647547,         10.48440495,     -0.0002640369185,              0.09420828138,       573.4943558,       573.4943558,       195483.9371,       195483.9371,      -3893.228166,        0.07232343134,        -0.07567122575,       92895.90758,        89002.67942,           288.0902589,            285.4040968,            99238.96958,             96244.96752
          0,           0,         152,      -6.123835526,      -3.493891712,      -4.170001703,       -3.88006154,     -0.3762361458,   -0.003263800441,   -0.003263800441,       0.645158565,       561.7833398,        181880.435,        181880.435,       2.255502283,       576188.1645,      -8.001217606,       216.3055094,         10.53981976,     -0.0002644231632,              0.09468722397,       573.4910361,       573.4910361,        195483.252,        195483.252,      -3875.294588,        0.07240964197,        -0.07567344241,       92877.86481,        89002.57023,           288.0889472,             285.402089,            99237.35818,             96245.89387
          0,           0,         153,      -6.132998236,      -3.489895436,      -4.171028597,        -3.8815556,     -0.3781871622,   -0.003177732806,   -0.003177732806,      0.6456101935,       561.7645533,       181861.9237,       181861.9237,       2.255350526,       576184.8603,      -7.861648942,       216.4494047,         10.59518298,     -0.0002647842327,              0.09516549187,       573.4877474,       573.4877474,       195482.6066,       195482.6066,        -3856.9775,        0.07249786917,        -0.07567560198,       92859.45061,        89002.47311,           288.0876657,            285.4000818,             99235.7826,             96246.82398
          0,           0,         154,      -6.142543045,      -3.485977427,      -4.172019953,      -3.883051395,     -0.3801353402,   -0.003089653416,   -0.003089653416,      0.6460711865,       561.7454602,       181843.0642,       181843.0642,       2.255195706,       576181.5908,      -7.718844704,       216.5963702,         10.65049465,     -0.0002651161059,              0.09564308738,       573.4844932,       573.4844932,        195482.005,        195482.005,      -3838.289263,        0.07258805962,        -0.07567771303,       92840.67671,        89002.38745,            288.086417,            285.3980763,            99234.24609,             96247.75894
          0,           0,         155,      -6.152474196,      -3.482148586,      -4.172980011,      -3.884549144,     -0.3820734695,    -0.00299962772,    -0.00299962772,      0.6465413095,       561.7260706,       181823.8682,       181823.8682,       2.255037927,       576178.3594,      -7.572907731,       216.7463283,         10.70575478,     -0.0002654149608,              0.09612001362,       573.4812769,       573.4812769,       195481.4515,       195481.4515,      -3819.242842,        0.07268015603,        -0.07567978375,        92821.5555,        89002.31266,           288.0852037,            285.3960732,            99232.75175,             96248.69978
          0,           0,         156,        -6.1627948,      -3.478418964,       -4.17391399,      -3.886049158,     -0.3839941304,   -0.002907724555,   -0.002907724555,      0.6470203083,       561.7063951,       181804.3482,       181804.3482,       2.254877297,       576175.1693,       -7.42394623,       216.8991952,         10.76096339,      -0.000265677216,              0.09659627445,       573.4781018,       573.4781018,       195480.9501,       195480.9501,      -3799.851765,        0.07277409735,         -0.0756818219,       92802.09996,        89002.24819,           288.0840283,            285.3940735,            99231.30256,              96249.6475
          0,           0,         157,      -6.173506616,      -3.474797748,      -4.174827829,      -3.887551776,     -0.3858897475,   -0.002814015999,   -0.002814015999,        0.64750791,       561.6864449,       181784.5172,       181784.5172,       2.254713933,       576172.0237,      -7.272073529,       217.0548807,         10.81612051,     -0.0002658995694,              0.09707187442,       573.4749709,       573.4749709,       195480.5044,       195480.5044,      -3780.130085,        0.07286981895,        -0.07568383495,       92782.32365,        89002.19357,            288.082893,            285.3920779,            99229.90136,             96250.60308
          0,           0,         158,       -6.18460978,      -3.471293267,      -4.175728264,      -3.889057396,     -0.3877526472,   -0.002718577201,   -0.002718577201,      0.6480038243,       561.6662317,        181764.389,        181764.389,       2.254547952,       576168.9255,      -7.117407818,       217.2132888,         10.87122616,     -0.0002660790343,               0.0975468187,       573.4718872,       573.4718872,       195480.1183,       195480.1183,      -3760.092334,        0.07296725286,        -0.07568583006,       92762.24066,        89002.14833,           288.0817999,            285.3900873,            99228.55082,              96251.5675
          0,           0,         159,      -6.196102483,      -3.467913001,      -4.176622797,      -3.890566487,     -0.3895751198,   -0.002621486216,   -0.002621486216,      0.6485077442,       561.6457676,       181743.9777,       181743.9777,       2.254379481,       576165.8777,      -6.960071884,        217.374318,         10.92628039,     -0.0002662129705,              0.09802111297,       573.4688537,       573.4688537,       195479.7952,       195479.7952,      -3739.753485,        0.07306632791,        -0.07568781413,       92741.86557,        89002.11208,           288.0807512,            285.3881025,            99227.25346,             96252.54172
          0,           0,         160,      -6.207980588,      -3.464663596,       -4.17751966,      -3.892079603,     -0.3913494846,   -0.002522823822,   -0.002522823822,      0.6490193478,       561.6250652,       181723.2979,       181723.2979,       2.254208648,        576162.883,      -6.800192823,        217.537862,         10.98128325,     -0.0002662991126,              0.09849476337,        573.465873,        573.465873,       195479.5383,       195479.5383,      -3719.128909,        0.07316697006,        -0.07568979388,        92721.2134,        89002.08449,           288.0797488,            285.3861242,            99226.01162,             96253.52673
          0,           0,         161,      -6.220237161,      -3.461550885,      -4.178427411,      -3.893597282,     -0.3930681575,    -0.00242267334,    -0.00242267334,      0.6495382992,       561.6041374,       181702.3648,       181702.3648,       2.254035586,        576159.944,      -6.637901758,       217.7038098,         11.03623476,     -0.0002663355926,              0.09896777641,       573.4629477,       573.4629477,        195479.351,        195479.351,      -3698.234334,        0.07326910253,        -0.07569177587,       92700.29958,        89002.06525,           288.0787943,            285.3841535,            99224.82748,             96254.52352
          0,           0,         162,      -6.232861928,      -3.458579914,      -4.179355119,      -3.895120129,     -0.3947237207,   -0.002321120445,   -0.002321120445,      0.6500642502,       561.5829978,        181681.194,        181681.194,       2.253860431,       576157.0631,      -6.473333543,       217.8720461,         11.09113501,     -0.0002663209581,              0.09944015887,       573.4600803,       573.4600803,       195479.2362,       195479.2362,      -3677.085802,        0.07337264609,        -0.07569376653,       92679.13992,        89002.05412,           288.0778894,             285.382191,            99223.70305,             96255.53312
          0,           0,         163,      -6.245840631,      -3.455754969,      -4.180312217,      -3.896648799,     -0.3963089929,   -0.002218252975,   -0.002218252975,       0.650596841,         561.56166,       181659.8015,       181659.8015,       2.253683325,       576154.2427,      -6.306626465,        218.042452,         11.14598405,     -0.0002662541854,              0.09991191772,       573.4572731,       573.4572731,       195479.1967,       195479.1967,      -3655.699627,        0.07347751928,        -0.07569577226,       92657.75055,        89002.05092,           288.0770355,            285.3802377,            99222.64013,              96256.5566
          0,           0,         164,      -6.259154269,      -3.453079607,      -4.181308233,      -3.898183946,      -0.397817099,    -0.00211416074,    -0.00211416074,       0.651135702,       561.5401379,       181638.2034,       181638.2034,        2.25350441,       576151.4851,      -6.137921941,       218.2149055,         11.20078195,      -0.000266134687,                 0.10038306,       573.4545284,       573.4545284,       195479.2355,       195479.2355,      -3634.092355,        0.07358363866,         -0.0756977994,       92636.14787,        89002.05552,           288.0762339,            285.3782945,            99221.64038,             96257.59509
          0,           0,         165,      -6.272778233,      -3.450556686,      -4.182352719,      -3.899726234,     -0.3992415389,   -0.002008935323,   -0.002008935323,      0.6516804547,        561.518446,       181616.4164,       181616.4164,       2.253323832,       576148.7924,      -5.967364215,       218.3892813,         11.25552881,     -0.0002659623144,               0.1008535929,       573.4518483,       573.4518483,        195479.355,        195479.355,      -3612.280722,        0.07369091904,        -0.07569985436,       92614.34856,        89002.06784,           288.0754859,            285.3763624,            99220.70524,             96258.64974
          0,           0,         166,      -6.286681311,      -3.448188397,      -4.183455238,      -3.901276351,     -0.4005762527,   -0.001902669894,   -0.001902669894,      0.6522307136,       561.4965987,       181594.4573,       181594.4573,        2.25314174,       576146.1666,      -5.795100057,       218.5654521,         11.31022471,     -0.0002657373559,               0.1013235233,       573.4492349,       573.4492349,       195479.5578,       195479.5578,      -3590.281615,         0.0737992737,        -0.07570194359,       92592.36946,        89002.08785,           288.0747924,            285.3744425,            99219.83598,             96259.72182
          0,           0,         167,      -6.300824576,      -3.445976304,      -4.184625054,      -3.902834961,      -0.401815683,   -0.001795459009,   -0.001795459009,      0.6527860869,       561.4746108,       181572.3432,       181572.3432,       2.252958284,       576143.6098,      -5.621278458,       218.7432883,         11.36486977,     -0.0002654605282,               0.1017928581,         573.44669,         573.44669,       195479.8463,       195479.8463,      -3568.112031,        0.07390861468,        -0.07570407369,       92570.22762,        89002.11559,           288.0741542,            285.3725359,             99219.0337,             96260.81262
          0,           0,         168,      -6.315160175,      -3.443921368,      -4.185871099,      -3.904402712,     -0.4029548312,   -0.001687398421,   -0.001687398421,      0.6533461782,       561.4524972,       181550.0913,       181550.0913,       2.252773616,       576141.1238,       -5.44605033,        218.922659,         11.41946409,     -0.0002651329651,               0.1022616037,       573.4442157,       573.4442157,       195480.2229,       195480.2229,      -3545.789038,        0.07401885297,        -0.07570625139,       92547.94018,        89002.15114,            288.073572,            285.3706437,            99218.29931,             96261.92356
          0,           0,         169,      -6.329630032,      -3.442023987,      -4.187201913,      -3.905980234,     -0.4039893087,   -0.001578584892,   -0.001578584892,      0.6539105876,       561.4302728,        181527.719,        181527.719,       2.252587888,       576138.7105,      -5.269568213,       219.1034319,         11.47400781,     -0.0002647562002,               0.1027297663,       573.4418136,       573.4418136,       195480.6896,       195480.6896,      -3523.329739,        0.07412989877,        -0.07570848366,       92525.52439,        89002.19465,           288.0730465,            285.3687672,            99217.63352,             96263.05612
          0,           0,         170,      -6.344164546,      -3.440284028,      -4.188625346,      -3.907568108,     -0.4049153794,   -0.001469116004,   -0.001469116004,      0.6544789129,       561.4079529,       181505.2438,       181505.2438,       2.252401255,       576136.3715,      -5.091985983,       219.2854744,         11.52850106,     -0.0002643321462,               0.1031973516,       573.4394856,       573.4394856,       195481.2488,       195481.2488,      -3500.751234,        0.07424166169,        -0.07571077769,       92502.99753,         89002.2463,           288.0725779,            285.3669077,            99217.03689,             96264.21189
          0,           0,         171,      -6.358681353,      -3.438700854,      -4.190148656,      -3.909166876,     -0.4057299955,    -0.00135908998,    -0.00135908998,      0.6550507512,       561.3855526,       181482.6833,       181482.6833,       2.252213871,       576134.1086,      -4.913458568,       219.4686532,         11.58294398,     -0.0002638630708,               0.1036643646,       573.4372333,       573.4372333,       195481.9024,       195481.9024,      -3478.070581,        0.07435405103,        -0.07571314101,       92480.37692,        89002.30634,           288.0721666,            285.3650667,             99216.5098,             96265.39259
          0,           0,         172,      -6.373084292,      -3.437273364,      -4.191778226,      -3.910777021,     -0.4064308236,   -0.001248605502,   -0.001248605502,      0.6556256996,       561.3630872,       181460.0549,       181460.0549,       2.252025892,       576131.9235,      -4.734141665,       219.6528354,         11.63733673,     -0.0002633515685,               0.1041308097,       573.4350584,       573.4350584,       195482.6524,       195482.6524,      -3455.304769,        0.07446697593,        -0.07571558143,       92457.67983,        89002.37506,           288.0718127,            285.3632457,            99216.05244,             96266.60001
          0,           0,         173,      -6.387262742,      -3.436000014,      -4.193519614,      -3.912398958,     -0.4070162619,   -0.001137761542,   -0.001137761542,      0.6562033567,       561.3405719,       181437.3763,       181437.3763,       2.251837472,       576129.8177,      -4.554191478,       219.8378884,         11.69167947,     -0.0002628005308,               0.1045966907,       573.4329625,       573.4329625,        195483.501,        195483.501,      -3432.470676,        0.07458034565,        -0.07571810719,       92434.92349,        89002.45281,           288.0715162,            285.3614463,            99215.66486,              96267.8361
          0,           0,         174,       -6.40109157,      -3.434878855,      -4.195377348,      -3.914033037,     -0.4074854474,   -0.001026657192,   -0.001026657192,      0.6567833239,        561.318022,        181414.665,        181414.665,       2.251648767,       576127.7929,      -4.373764447,       220.0236807,         11.74597236,     -0.0002622131132,               0.1050620101,       573.4309472,       573.4309472,       195484.4498,       195484.4498,      -3409.585042,        0.07469406971,         -0.0757207269,       92412.12503,        89002.53999,           288.0712769,            285.3596703,            99215.34694,             96269.10291
          0,           0,         175,      -6.414431936,      -3.433907554,      -4.197354925,      -3.915679526,     -0.4078382533,  -0.0009153915051,  -0.0009153915051,       0.657365206,       561.2954526,       181391.9385,       181391.9385,       2.251459929,       576125.8507,      -4.193016996,       220.2100818,          11.8002156,     -0.0002615927012,               0.1055267699,        573.429014,        573.429014,        195485.501,        195485.501,      -3386.664435,        0.07480805816,        -0.07572344967,       92389.30148,        89002.63704,           288.0710946,            285.3579194,            99215.09839,             96270.40266
          0,           0,         176,      -6.427133258,      -3.433083429,      -4.199454709,      -3.917338606,     -0.4080752777,  -0.0008040633357,  -0.0008040633357,      0.6579486126,       561.2728789,       181369.2141,       181369.2141,       2.251271113,       576123.9926,       -4.01210529,       220.3969631,         11.85440935,     -0.0002609428745,               0.1059909707,       573.4271646,       573.4271646,       195486.6565,       195486.6565,      -3363.725222,        0.07492222171,        -0.07572628505,       92366.46967,        89002.74445,           288.0709689,            285.3561957,            99214.91879,             96271.73766
          0,           0,         177,      -6.439036564,       -3.43240347,      -4.201677853,      -3.919010386,     -0.4081978218,  -0.0006927711936,  -0.0006927711936,      0.6585331594,       561.2503158,        181346.509,        181346.509,        2.25108247,       576122.2202,      -3.831184999,       220.5841979,         11.90855381,      -0.000260267371,               0.1064546122,       573.4254005,       573.4254005,        195487.918,        195487.918,      -3340.783544,        0.07503647196,        -0.07572924316,       92343.64629,        89002.86275,           288.0708992,            285.3545013,            99214.80756,             96273.11042
          0,           0,         178,      -6.449979408,      -3.431864368,      -4.204024293,      -3.920694877,     -0.4082078609,  -0.0005816131001,  -0.0005816131001,      0.6591184685,       561.2277782,       181323.8403,       181323.8403,        2.25089415,       576120.5352,      -3.650411067,       220.7716615,         11.96264916,     -0.0002595700506,               0.1069176926,       573.4237234,       573.4237234,       195489.2875,       195489.2875,      -3317.855282,        0.07515072155,        -0.07573233465,        92320.8478,        89002.99252,            288.070885,            285.3528384,            99214.76399,             96274.52355
          0,           0,         179,       -6.45980232,      -3.431462536,      -4.206492676,      -3.922391998,     -0.4081080068,  -0.0004706864517,  -0.0004706864517,      0.6597041698,       561.2052807,       181301.2248,       181301.2248,       2.250706303,       576118.9391,      -3.469937504,       220.9592322,          12.0166956,     -0.0002588548589,                0.107380209,       573.4221348,       573.4221348,       195490.7671,       195490.7671,      -3294.956038,        0.07526488431,        -0.07573557077,       92298.09041,        89003.13437,           288.0709255,            285.3512093,            99214.78723,             96275.97986
          0,           0,         180,      -6.468356517,       -3.43119414,      -4.209080329,      -3.924101577,     -0.4079014635,   -0.000360087891,   -0.000360087891,       0.660289902,        561.182838,       181278.6791,       181278.6791,       2.250519074,       576117.4336,      -3.289917172,        221.146791,         12.07069333,     -0.0002581257917,               0.1078421571,       573.4206363,       573.4206363,       195492.3586,       195492.3586,      -3272.101105,        0.07537887549,        -0.07573896338,       92275.39008,        89003.28897,           288.0710199,            285.3496164,            99214.87632,             96277.48227
          0,           0,         181,      -6.475512318,      -3.431055115,      -4.211783243,      -3.925823351,     -0.4075919772,  -0.0002499131839,  -0.0002499131839,      0.6608753131,       561.1604641,       181256.2195,       181256.2195,       2.250332609,       576116.0204,      -3.110501592,        221.334222,         12.12464253,     -0.0002573868611,               0.1083035308,       573.4192298,       573.4192298,       195494.0641,       195494.0641,      -3249.305451,        0.07549261182,          -0.075742525,       92252.76246,        89003.45701,           288.0711672,            285.3480625,            99215.03016,              96279.0339
          0,           0,         182,      -6.481167398,      -3.431041194,       -4.21459607,      -3.927556972,      -0.407183782,  -0.0001402571033,  -0.0001402571033,      0.6614600614,       561.1381734,       181233.8621,       181233.8621,       2.250147049,       576114.7013,      -2.931840756,        221.521413,         12.17854341,     -0.0002566420622,               0.1087643227,       573.4179168,       573.4179168,       195495.8856,       195495.8856,      -3226.583692,        0.07560601171,        -0.07574626881,       92230.22289,         89003.6392,           288.0713665,            285.3465503,            99215.24755,             96280.63801
          0,           0,         183,      -6.485253889,      -3.431147922,      -4.217512112,      -3.929302011,     -0.4066815419,  -3.121332014e-05,  -3.121332014e-05,      0.6620438162,       561.1159794,       181211.6227,       181211.6227,       2.249962534,        576113.478,      -2.754082955,       221.7082552,         12.23239614,     -0.0002558953424,               0.1092245239,       573.4166992,       573.4166992,       195497.8252,       195497.8252,      -3203.950073,        0.07571899536,        -0.07575020868,       92207.78639,        89003.83631,           288.0716167,            285.3450825,            99215.52718,             96282.29804
          0,           0,         184,      -6.487743306,      -3.431370688,      -4.220523351,      -3.931057961,     -0.4060902905,   7.712569968e-05,   7.712569968e-05,      0.6626262583,       561.0938959,       181189.5167,       181189.5167,       2.249779201,       576112.3524,      -2.577374604,        221.894644,         12.28620092,     -0.0002551505721,               0.1096841234,       573.4155789,       573.4155789,       195499.8852,       195499.8852,      -3181.418455,        0.07583148488,        -0.07575435918,       92185.46759,        89004.04913,           288.0719165,            285.3436624,            99215.86765,             96284.01758
          0,           0,         185,      -6.488648571,      -3.431704735,      -4.223620476,      -3.932824248,       -0.40541537,   0.0001846687919,   0.0001846687919,      0.6632070811,       561.0719359,       181167.5592,       181167.5592,       2.249597182,       576111.3264,      -2.401860093,       222.0804788,         12.33995793,     -0.0002544115181,               0.1101431087,       573.4145578,       573.4145578,       195502.0679,       195502.0679,       -3159.00229,        0.07594340441,        -0.07575873562,       92163.28075,        89004.27846,           288.0722648,             285.342293,            99216.26746,             96285.80041
          0,           0,         186,      -6.488022795,      -3.432145189,      -4.226792933,      -3.934600237,     -0.4046623701,   0.0002913261847,   0.0002913261847,      0.6637859907,       561.0501124,       181145.7649,       181145.7649,       2.249416607,       576110.4021,      -2.227681632,       222.2656631,         12.39366734,     -0.0002536818191,               0.1106014654,       573.4136378,       573.4136378,       195504.3755,       195504.3755,      -3136.714614,        0.07605468023,        -0.07576335404,       92141.23976,        89004.52514,           288.0726601,            285.3409777,            99216.72502,             96287.65044
          0,           0,         187,      -6.485955018,      -3.432687074,      -4.230028999,      -3.936385244,      -0.403837068,   0.0003970095833,   0.0003970095833,      0.6643627069,        561.028438,       181124.1481,       181124.1481,       2.249237604,       576109.5815,      -2.054979115,       222.4501054,         12.44732932,     -0.0002529649639,               0.1110591773,        573.412821,        573.412821,       195506.8105,       195506.8105,      -3114.568027,        0.07616524083,        -0.07576823124,       92119.35805,        89004.79002,           288.0731012,            285.3397198,            99217.23868,             96289.57179
          0,           0,         188,      -6.482563574,       -3.43332533,      -4.233315862,      -3.938178545,     -0.4029453702,   0.0005016322492,   0.0005016322492,       0.664936963,       561.0069249,       181102.7226,       181102.7226,       2.249060295,       576108.8668,      -1.883889987,       222.6337184,         12.50094402,     -0.0002522642723,               0.1115162261,       573.4121096,       573.4121096,       195509.3754,       195509.3754,      -3092.574682,        0.07627501702,        -0.07577338477,       92097.64865,        89005.07397,           288.0735866,             285.338523,             99217.8067,              96291.5687
          0,           0,         189,      -6.477988043,      -3.434054838,      -4.236639733,      -3.939979388,     -0.4019932579,   0.0006051090742,   0.0006051090742,      0.6655085071,        560.985585,        181081.502,        181081.502,         2.2488848,       576108.2601,      -1.714549121,       222.8164198,         12.55451158,     -0.0002515828784,               0.1119725918,       573.4115058,       573.4115058,       195512.0729,       195512.0729,      -3070.746279,          0.076383942,        -0.07577883292,       92076.12414,        89005.37786,           288.0741147,             285.337391,             99218.4273,              96293.6456
          0,           0,         190,      -6.472380796,      -3.434870431,      -4.239985977,      -3.941787005,     -0.4009867345,   0.0007073566495,   0.0007073566495,      0.6660771017,       560.9644297,       181060.4992,       181060.4992,       2.248711233,       576107.7639,      -1.547088703,       222.9981323,         12.60803215,     -0.0002509237173,               0.1124282522,       573.4110119,       573.4110119,       195514.9057,       195514.9057,      -3049.094048,        0.07649195142,        -0.07578459477,       92054.79663,        89005.70258,           288.0746842,            285.3363277,            99219.09861,             96295.80707
          0,           0,         191,       -6.46589907,      -3.435766916,      -4.243339262,      -3.943600625,     -0.3999317782,   0.0008082933297,   0.0008082933297,      0.6666425244,         560.94347,       181039.7268,       181039.7268,       2.248539706,       576107.3805,      -1.381638123,       223.1787834,         12.66150584,      -0.000250289513,               0.1128831831,       573.4106303,       573.4106303,       195517.8766,       195517.8766,      -3027.628747,        0.07659898346,        -0.07579069013,       92033.67777,        89006.04902,           288.0752933,             285.335337,            99219.81873,             96298.05782
          0,           0,         192,      -6.458698185,      -3.436739091,      -4.246683728,      -3.945419487,     -0.3988342989,   0.0009078392939,   0.0009078392939,      0.6672045683,       560.9227167,       181019.1968,       181019.1968,       2.248370326,       576107.1125,      -1.218323871,       223.3583059,         12.71493276,     -0.0002496827707,               0.1133373583,       573.4103635,       573.4103635,       195520.9885,       195520.9885,      -3006.360651,        0.07670497886,        -0.07579713957,       92012.77872,        89006.41807,           288.0759406,            285.3344229,            99220.58572,             96300.40274
          0,           0,         193,      -6.450926258,      -3.437781759,      -4.250003192,      -3.947242853,     -0.3977000985,    0.001005916601,    0.001005916601,      0.6677630418,         560.90218,       180998.9208,       180998.9208,       2.248203194,       576106.9624,      -1.057269446,       223.5366378,         12.76831299,     -0.0002491057701,               0.1137907497,       573.4102142,       573.4102142,       195524.2444,       195524.2444,       -2985.29955,        0.07680988098,        -0.07580396438,       91992.11016,        89006.81061,           288.0766243,            285.3335899,            99221.39757,             96302.84684
          0,           0,         194,      -6.442720487,       -3.43888975,      -4.253281348,      -3.949070023,     -0.3965348375,    0.001102449243,    0.001102449243,       0.668317769,       560.8818696,       180978.9098,       180978.9098,        2.24803841,        576106.933,     -0.8985952626,       223.7137221,         12.82164662,     -0.0002485605615,               0.1142433269,       573.4101849,       573.4101849,       195527.6475,       195527.6475,      -2964.454744,        0.07691363583,        -0.07581118658,       91971.68227,        89007.22752,           288.0773428,             285.332842,            99222.25228,             96305.39527
          0,           0,         195,      -6.434204889,      -3.440057929,      -4.256502007,      -3.950900345,     -0.3953440051,    0.001197363195,    0.001197363195,      0.6688685899,       560.8617948,       180959.1744,       180959.1744,       2.247876066,       576107.0269,     -0.7424185662,       223.8895072,          12.8749337,     -0.0002480489646,               0.1146950575,       573.4102784,       573.4102784,       195531.2011,       195531.2011,      -2943.835038,        0.07701619209,        -0.07581882889,        91951.5047,        89007.66966,           288.0780944,            285.3321839,            99223.14779,              96308.0533
          0,           0,         196,      -6.425489252,      -3.441281219,      -4.259649333,       -3.95273323,      -0.394132895,    0.001290586458,    0.001290586458,      0.6694153602,       560.8419647,       180939.7245,       180939.7245,       2.247716251,       576107.2471,     -0.5888533562,       224.0639469,         12.92817427,     -0.0002475725686,               0.1151459073,       573.4104975,       573.4104975,       195534.9084,       195534.9084,      -2923.448744,        0.07711750116,         -0.0758269147,       91931.58662,        89008.13788,           288.0788775,              285.33162,            99224.08203,             96310.82634
          0,           0,         197,      -6.416669018,       -3.44255461,      -4.262708098,      -3.954568162,     -0.3929065852,    0.001382049108,    0.001382049108,      0.6699579517,       560.8223875,       180920.5696,       180920.5696,        2.24755905,       576107.5964,     -0.4380103096,       224.2370002,         12.98136836,      -0.000247132734,               0.1155958398,       573.4108452,       573.4108452,       195538.7728,       195538.7728,      -2903.303679,        0.07721751716,        -0.07583546805,       91911.93666,        89008.63298,           288.0796902,             285.331155,            99225.05291,             96313.71987
          0,           0,         198,      -6.407825836,      -3.443873176,      -4.265663934,      -3.956404712,      -0.391669922,    0.001471683334,    0.001471683334,      0.6704962518,       560.8030712,       180901.7187,       180901.7187,        2.24740454,        576108.078,     -0.2899967106,       224.4086311,         13.03451595,     -0.0002467305975,               0.1160448166,       573.4113245,       573.4113245,       195542.7978,       195542.7978,      -2883.407166,        0.07731619692,        -0.07584451358,       91892.56294,        89009.15577,            288.080531,            285.3307935,            99226.05833,             96316.73949
          0,           0,         199,       -6.39902854,      -3.445232086,      -4.268503583,      -3.958242546,     -0.3904275087,    0.001559423476,    0.001559423476,      0.6710301637,       560.7840232,         180883.18,         180883.18,       2.247252798,       576108.6947,     -0.1449163833,       224.5788093,         13.08761703,      -0.000246367076,               0.1164927974,       573.4119384,       573.4119384,       195546.9871,       195546.9871,      -2863.766036,        0.07741350002,        -0.07585407654,       91873.47304,          89009.707,            288.081398,            285.3305404,            99227.09618,              96319.8909
          0,           0,         200,      -6.390334369,       -3.44662662,      -4.271215139,      -3.960081434,     -0.3891836973,    0.001645206067,    0.001645206067,      0.6715596061,       560.7652506,       180864.9614,       180864.9614,       2.247103891,       576109.4499,   -0.002869629003,       224.7475094,         13.14067156,     -0.0002460428743,               0.1169397401,         573.41269,         573.41269,       195551.3442,       195551.3442,      -2844.386632,        0.07750938877,         -0.0758641827,       91854.67403,         89010.2874,           288.0822895,            285.3304005,            99228.16437,             96323.17984
          0,           0,         201,      -6.381790283,      -3.448052178,      -4.273788268,      -3.961921259,     -0.3879425847,    0.001728969864,    0.001728969864,      0.6720845134,       560.7467597,       180847.0701,       180847.0701,       2.246957884,       576110.3466,      0.1360468341,        224.914711,         13.19367948,      -0.000245758492,               0.1173856004,       573.4135825,       573.4135825,       195555.8729,       195555.8729,      -2825.274809,        0.07760382818,        -0.07587485831,       91836.17245,        89010.89765,           288.0832039,            285.3303786,            99229.26078,             96326.61213
          0,           0,         202,      -6.373434285,      -3.449504292,      -4.276214407,      -3.963762025,     -0.3867080111,    0.001810655884,    0.001810655884,       0.672604835,       560.7285565,       180829.5127,       180829.5127,       2.246814836,       576111.3881,      0.2717399275,       225.0803991,         13.24664069,     -0.0002455142322,               0.1178303326,       573.4146192,       573.4146192,        195560.577,        195560.577,      -2806.435949,        0.07769678599,        -0.07588613011,       91817.97432,        89011.53837,           288.0841394,            285.3304798,            99230.38331,             96330.19365
          0,           0,         203,      -6.365296672,      -3.450978638,      -4.278486933,      -3.965603859,     -0.3854835614,    0.001890207437,    0.001890207437,      0.6731205352,       560.7106465,       180812.2953,       180812.2953,       2.246674802,       576112.5777,      0.4041202673,       225.2445634,         13.29955509,     -0.0002453102108,                0.118273889,       573.4158032,       573.4158032,       195565.4602,       195565.4602,      -2787.874955,        0.07778823262,        -0.07589802519,       91800.08512,        89012.21017,           288.0850943,            285.3307089,            99231.52989,             96333.93028
          0,           0,         204,      -6.357401198,      -3.452471043,      -4.280601291,      -3.967447018,     -0.3842725694,    0.001967570158,    0.001967570158,       0.673631593,       560.6930347,       180795.4234,       180795.4234,        2.24653783,       576113.9187,      0.5331022154,       225.4071984,         13.35242254,     -0.0002451463655,               0.1187162204,       573.4171379,       573.4171379,       195570.5264,       195570.5264,      -2769.596266,        0.07787814116,          -0.075910571,       91782.50982,        89012.91356,           288.0860668,             285.331071,            99232.69843,             96337.82797
          0,           0,         205,      -6.349766107,      -3.453977497,      -4.282555078,      -3.969291888,     -0.3830781237,    0.002042692037,    0.002042692037,      0.6741380016,       560.6757255,       180778.9019,       180778.9019,       2.246403964,       576115.4143,       0.658603929,       225.5683035,         13.40524288,     -0.0002450224667,                0.119157276,       573.4186265,       573.4186265,       195575.7795,       195575.7795,      -2751.603865,        0.07796648731,        -0.07592379528,       91765.25287,        89013.64901,           288.0870555,            285.3315711,            99233.88688,             96341.89261
          0,           0,         206,      -6.342405059,      -3.455494158,      -4.284348094,       -3.97113899,     -0.3819030755,    0.002115523452,    0.002115523452,      0.6746397683,       560.6587228,       180762.7351,       180762.7351,       2.246273243,       576117.0681,      0.7805474075,       225.7278826,         13.45801593,     -0.0002449381269,               0.1195970036,       573.4202725,       573.4202725,       195581.2234,       195581.2234,      -2733.901281,        0.07805324941,        -0.07593772596,        91748.3182,        89014.41692,           288.0880585,             285.332214,            99235.09322,             96346.13014
          0,           0,         207,      -6.335327923,       -3.45701736,      -4.285982342,      -3.972988978,     -0.3807500476,     0.00218601719,     0.00218601719,      0.6751369136,         560.64203,       180746.9269,       180746.9269,         2.2461457,       576118.8831,      0.8988585367,       225.8859441,         13.51074147,      -0.000244892811,               0.1200353495,       573.4220791,       573.4220791,       195586.8619,       195586.8619,      -2716.491609,        0.07813840834,        -0.07595239115,       91731.70925,        89015.21764,           288.0890742,            285.3330049,            99236.31544,             96350.54643
          0,           0,         208,      -6.328541469,      -3.458543622,      -4.287461961,      -3.974842629,     -0.3796214456,    0.002254128484,    0.002254128484,      0.6756294711,       560.6256502,       180731.4803,       180731.4803,       2.246021364,       576120.8629,       1.013467132,       226.0425007,         13.56341927,     -0.0002448858467,               0.1204722588,       573.4240496,       573.4240496,       195592.6989,       195592.6989,      -2699.377508,        0.07822194752,        -0.07596781904,       91715.42893,        89016.05142,           288.0901011,            285.3339485,            99237.55157,             96355.14733
          0,           0,         209,      -6.322049957,      -3.460069652,      -4.288793147,      -3.976700846,     -0.3785194682,    0.002319815036,    0.002319815036,      0.6761174871,       560.6095857,       180716.3981,       180716.3981,       2.245900259,       576123.0107,       1.124306977,        226.197569,         13.61604905,     -0.0002449164342,               0.1209076755,       573.4261873,       573.4261873,       195598.7383,       195598.7383,      -2682.561223,        0.07830385284,         -0.0759840378,       91699.47968,        89016.91845,           288.0911376,            285.3350497,            99238.79966,             96359.93861
          0,           0,         210,      -6.315855633,      -3.461592351,      -4.289984027,      -3.978564654,     -0.3774461188,    0.002383037043,    0.002383037043,      0.6766010197,       560.5938385,       180701.6823,       180701.6823,       2.245782404,       576125.3297,       1.231315865,       226.3511698,         13.66863052,     -0.0002449836558,               0.1213415426,       573.4284955,       573.4284955,       195604.9838,       195604.9838,      -2666.044589,        0.07838411262,        -0.07600107558,       91683.86344,        89017.81885,            288.092182,            285.3363135,             99240.0578,             96364.92597
          0,           0,         211,       -6.30995915,      -3.463108818,      -4.291044484,      -3.980435193,     -0.3764032184,    0.002443757225,    0.002443757225,      0.6770801384,         560.57841,       180687.3343,       180687.3343,        2.24566781,       576127.8232,       1.334435635,       226.5033277,         13.72116335,     -0.0002450864853,               0.1217738021,       573.4309773,       573.4309773,       195611.4391,       195611.4391,      -2649.829047,        0.07846271759,        -0.07601896036,       91668.58168,        89018.75263,            288.093233,            285.3377443,            99241.32412,             96370.11502
          0,           0,         212,      -6.304359923,      -3.464616354,      -4.291985964,      -3.982313709,     -0.3753924178,    0.002501940848,    0.002501940848,      0.6775549238,       560.5633011,       180673.3551,       180673.3551,       2.245556488,       576130.4942,       1.433612201,       226.6540707,         13.77364719,      -0.000245223797,               0.1222043954,       573.4336358,       573.4336358,        195618.108,        195618.108,      -2633.915653,        0.07853966077,        -0.07603771992,       91653.63539,        89019.71974,           288.0942889,             285.339347,             99242.5968,             96375.51124
          0,           0,         213,      -6.299056423,      -3.466112463,      -4.292821261,      -3.984201548,     -0.3744152098,    0.002557555748,    0.002557555748,      0.6780254667,       560.5485124,       180659.7451,       180659.7451,       2.245448441,       576133.3459,       1.528795589,       226.8034303,         13.82608165,      -0.000245394374,               0.1226332632,       573.4364742,       573.4364742,        195624.994,        195624.994,      -2618.305095,        0.07861493748,        -0.07605738173,       91639.02512,        89020.72002,           288.0953483,            285.3411259,            99243.87404,                96381.12
          0,           0,         214,      -6.294046424,      -3.467594856,      -4.293564283,      -3.986100147,     -0.3734729413,    0.002610572354,    0.002610572354,      0.6784918675,       560.5340438,       180646.5042,       180646.5042,       2.245343667,       576136.3812,       1.619939963,       226.9514409,         13.87846631,     -0.0002455969165,               0.1230603455,       573.4394953,       573.4394953,       195632.1006,       195632.1006,      -2602.997704,        0.07868854524,        -0.07607797289,       91624.75095,        89021.75325,           288.0964098,            285.3430855,            99245.15411,              96386.9465
          0,           0,         215,      -6.289327208,      -3.469061448,      -4.294229812,       -3.98801102,     -0.3725668252,     0.00266096371,     0.00266096371,      0.6789542355,       560.5198949,       180633.6316,       180633.6316,       2.245242162,       576139.6031,       1.707003652,       227.0981403,         13.93080071,      -0.000245830049,               0.1234855825,        573.442702,        573.442702,       195639.4311,       195639.4311,      -2587.993467,        0.07876048374,        -0.07609952003,       91610.81255,        89022.81908,            288.097472,              285.34523,            99246.43529,             96392.99579
          0,           0,         216,      -6.284895733,      -3.470510367,      -4.294833271,      -3.989935751,     -0.3716979517,    0.002708705494,    0.002708705494,      0.6794126887,       560.5060647,       180621.1262,       180621.1262,       2.245143914,       576143.0141,       1.789949174,       227.2435686,         13.98308436,      -0.000246092328,               0.1239089137,       573.4460971,       573.4460971,       195646.9887,       195646.9887,      -2573.292042,        0.07883075472,        -0.07612204923,       91597.20914,        89023.91709,           288.0985337,            285.3475635,            99247.71595,             96399.27271
          0,           0,         217,      -6.280748777,      -3.471939944,      -4.295390484,      -3.991875985,     -0.3708672993,    0.002753776036,    0.002753776036,      0.6798673525,       560.4925519,       180608.9863,       180608.9863,        2.24504891,       576146.6171,       1.868743257,       227.3877686,         14.03531674,     -0.0002463822482,               0.1243302789,       573.4496833,       573.4496833,       195654.7764,       195654.7764,      -2558.892772,        0.07889936199,        -0.07614558596,       91583.93954,        89025.04677,           288.0995933,            285.3500899,            99248.99448,             96405.78194
          0,           0,         218,      -6.276883047,      -3.473348722,      -4.295917454,      -3.993833412,     -0.3700757444,    0.002796156339,    0.002796156339,      0.6803183595,       560.4793546,       180597.2097,       180597.2097,       2.244957129,       576150.4145,       1.943356855,       227.5307854,         14.08749729,      -0.000246698249,               0.1247496179,       573.4534628,       573.4534628,       195662.7972,       195662.7972,        -2544.7947,        0.07896631128,        -0.07617015494,       91571.00219,        89026.20749,           288.1006498,             285.352813,            99250.26934,             96412.52791
          0,           0,         219,      -6.273295279,      -3.474735448,      -4.296430154,      -3.995809757,     -0.3693240712,    0.002835830087,    0.002835830087,      0.6807658483,       560.4664706,       180585.7937,       180585.7937,       2.244868549,       576154.4085,       2.013765166,        227.672666,         14.13962541,     -0.0002470387209,               0.1251668708,       573.4574382,       573.4574382,       195671.0538,       195671.0538,      -2530.996582,        0.07903161022,        -0.07619578013,       91558.39513,        89027.39855,           288.1017019,            285.3557363,            99251.53903,             96419.51481
          0,           0,         220,      -6.269982311,      -3.476099076,      -4.296944332,      -3.997806774,     -0.3686129804,    0.002872783667,    0.002872783667,      0.6812099634,       560.4538972,       180574.7351,       180574.7351,       2.244783141,       576158.6014,       2.079947637,       227.8134592,         14.19170045,     -0.0002474020102,               0.1255819783,       573.4616114,       573.4616114,       195679.5487,       195679.5487,      -2517.496903,        0.07909526826,        -0.07622248459,       91546.11602,        89028.61912,           288.1027484,             285.358863,            99252.80212,             96426.74661
          0,           0,         221,      -6.266941148,      -3.477438765,      -4.297475345,      -3.999826225,     -0.3679430964,    0.002907006172,    0.002907006172,       0.681650854,       560.4416315,       180564.0305,       180564.0305,       2.244700874,       576162.9951,       2.141887979,       227.9532156,         14.24372174,     -0.0002477864254,               0.1259948816,       573.4659846,       573.4659846,       195688.2842,       195688.2842,      -2504.293888,        0.07915729657,         -0.0762502904,       91534.16219,         89029.8683,           288.1037882,            285.3621964,            99254.05721,             96434.22699
          0,           0,         222,       -6.26416901,      -3.478753872,      -4.298037998,      -4.001869879,     -0.3673149748,    0.002938489416,    0.002938489416,      0.6820886737,       560.4296699,       180553.6757,       180553.6757,       2.244621713,       576167.5914,       2.199574163,       228.0919869,         14.29568856,     -0.0002481902419,               0.1264055227,       573.4705594,       573.4705594,       195697.2623,       195697.2623,      -2491.385523,        0.07921770803,        -0.07627921861,       91522.53061,        89031.14509,           288.1048201,            285.3657393,            99255.30297,             96441.95936
          0,           0,         223,      -6.261663372,      -3.480043958,      -4.298646422,      -4.003939495,     -0.3667291085,    0.002967227936,    0.002967227936,      0.6825235792,       560.4180087,       180543.6663,       180543.6663,       2.244545618,       576172.3919,        2.25299842,       228.2298258,         14.34760013,     -0.0002486117068,               0.1268138445,       573.4753374,       573.4753374,        195706.485,        195706.485,      -2478.769564,        0.07927651709,        -0.07630928916,       91511.21794,        89032.44838,           288.1058432,            285.3694942,            99256.53815,             96449.94682
          0,           0,         224,      -6.259421998,      -3.481308777,      -4.299313963,      -4.006036814,     -0.3661859326,    0.002993218997,    0.002993218997,      0.6829557304,       560.4066436,       180533.9975,       180533.9975,       2.244472547,        576177.398,       2.302157241,       228.3667862,         14.39945565,     -0.0002490490446,               0.1272197912,         573.48032,         573.48032,       195715.9537,       195715.9537,      -2466.443553,        0.07933373974,        -0.07634052074,       91500.22053,        89033.77698,           288.1068565,            285.3734635,            99257.76152,             96458.19217
          0,           0,         225,      -6.257442961,      -3.482548278,      -4.300053088,      -4.008163551,     -0.3656858288,    0.003016462593,    0.003016462593,      0.6833852889,       560.3955702,        180524.664,        180524.664,       2.244402453,       576182.6107,       2.347051361,       228.5029222,         14.45125427,     -0.0002495004613,                0.127623308,       573.4855083,       573.4855083,       195725.6698,       195725.6698,      -2454.404833,         0.0793893934,         -0.0763729308,       91489.53443,         89035.1296,            288.107859,            285.3776493,            99258.97192,             96466.69789
          0,           0,         226,      -6.255724663,      -3.483762602,      -4.300875324,      -4.010321384,     -0.3652291295,    0.003036961445,    0.003036961445,      0.6838124178,       560.3847836,       180515.6603,       180515.6603,       2.244335287,        576188.031,       2.387685745,       228.6382887,         14.50299507,     -0.0002499641497,               0.1280243418,       573.4909033,       573.4909033,       195735.6344,       195735.6344,      -2442.650561,        0.07944349688,        -0.07640653543,       91479.15543,        89036.50487,           288.1088498,            285.3820534,            99260.16827,             96475.46611
          0,           0,         227,       -6.25426585,      -3.484952075,      -4.301791197,      -4.012511946,     -0.3648161198,    0.003054720991,    0.003054720991,      0.6842372807,       560.3742787,       180506.9804,       180506.9804,       2.244270996,       576193.6595,        2.42406957,       228.7729404,          14.5546771,     -0.0002504382942,               0.1284228409,       573.4965055,       573.4965055,       195745.8482,       195745.8482,      -2431.177723,        0.07949607028,        -0.07644134929,       91469.07904,        89037.90132,           288.1098281,            285.3866773,            99261.34952,             96484.49864
          0,           0,         228,       -6.25306562,      -3.486117206,      -4.302810196,      -4.014736818,     -0.3644470397,    0.003069749385,    0.003069749385,      0.6846600415,       560.3640501,       180498.6179,       180498.6179,       2.244209525,       576199.4967,       2.456216201,        228.906932,         14.60629936,     -0.0002509210762,               0.1288187553,       573.5023153,       573.5023153,       195756.3116,       195756.3116,      -2419.983146,        0.07954713493,        -0.07647738555,       91459.30054,        89039.31739,           288.1107931,            285.3915222,            99262.51469,              96493.7969
          0,           0,         229,       -6.25212343,      -3.487258682,      -4.303940757,      -4.016997522,     -0.3641220852,    0.003082057477,    0.003082057477,       0.685080863,       560.3540919,       180490.5664,       180490.5664,       2.244150816,       576205.5425,       2.484143156,       229.0403181,          14.6578608,     -0.0002514106786,                0.129212037,       573.5083328,       573.5083328,       195767.0249,       195767.0249,      -2409.063514,         0.0795967133,        -0.07651465583,       91449.81498,        89040.75147,            288.111744,            285.3965888,            99263.66288,             96503.36198
          0,           0,         230,      -6.251439098,      -3.488377369,      -4.305190242,      -4.019295517,     -0.3638414091,    0.003091658798,    0.003091658798,       0.685499907,       560.3443982,        180482.819,        180482.819,       2.244094807,        576211.797,       2.507872076,       229.1731526,         14.70936029,     -0.0002519052918,               0.1296026401,        573.514558,        573.514558,       195777.9878,       195777.9878,      -2398.415377,        0.07964482893,        -0.07655317013,        91440.6172,        89042.20183,           288.1126801,            285.4018779,            99264.79321,             96513.19455
          0,           0,         231,      -6.251012807,      -3.489474298,      -4.306564946,      -4.021632192,     -0.3636051201,    0.003098569545,    0.003098569545,      0.6859173332,       560.3349629,       180475.3685,       180475.3685,       2.244041436,       576218.2597,       2.527428679,       229.3054887,         14.76079669,     -0.0002524031188,               0.1299905205,       573.5209904,       573.5209904,       195789.1998,       195789.1998,      -2388.035169,        0.07969150635,        -0.07659293681,       91431.70186,        89043.66669,           288.1136008,            285.4073896,             99265.9049,             96523.29495
          0,           0,         232,      -6.250845104,      -3.490550669,      -4.308070099,      -4.024008864,     -0.3634132825,    0.003102808551,    0.003102808551,      0.6863332985,       560.3257794,       180468.2076,       180468.2076,       2.243990637,       576224.9298,       2.542842716,       229.4373787,         14.81216876,     -0.0002529023807,               0.1303756367,       573.5276293,       573.5276293,       195800.6603,       195800.6603,      -2377.919214,        0.07973677102,        -0.07663396247,       91423.06341,         89045.1442,           288.1145055,            285.4131239,            99266.99719,             96533.66308
          0,           0,         233,      -6.250936899,      -3.491607843,      -4.309709885,      -4.026426773,     -0.3632659145,     0.00310439726,     0.00310439726,      0.6867479569,       560.3168412,       180461.3286,       180461.3286,       2.243942343,       576231.8064,       2.554147916,       229.5688739,         14.86347523,     -0.0002534013229,               0.1307579495,       573.5344738,       573.5344738,       195812.3679,       195812.3679,      -2368.063744,        0.07978064923,        -0.07667625198,       91414.69618,        89046.63243,           288.1153935,            285.4190802,            99268.06942,             96544.29847
          0,           0,         234,      -6.251289463,      -3.492647334,      -4.311487468,      -4.028887082,     -0.3631629866,    0.003103359693,    0.003103359693,      0.6871614586,       560.3081413,       180454.7237,       180454.7237,       2.243896484,       576238.8882,       2.561381928,        229.700024,         14.91471476,     -0.0002538982207,               0.1311374221,       573.5415224,       573.5415224,       195824.3212,       195824.3212,      -2358.464908,        0.07982316806,        -0.07671980837,       91406.59432,        89048.12941,           288.1162644,            285.4252579,            99269.12095,             96555.20026
          0,           0,         235,      -6.251904427,       -3.49367081,      -4.313405013,       -4.03139087,     -0.3631044191,    0.003099722415,    0.003099722415,      0.6875739494,       560.2996728,        180448.385,        180448.385,        2.24385299,       576246.1735,       2.564586258,       229.8308774,         14.96588595,     -0.0002543913858,               0.1315140204,       573.5487737,       573.5487737,       195836.5184,       195836.5184,       -2349.11878,        0.07986435527,        -0.07676463285,       91398.75188,         89049.6331,           288.1171178,            285.4316559,            99270.15123,             96566.36717
          0,           0,         236,      -6.252783779,       -3.49468008,      -4.315463723,      -4.033939139,     -0.3630900792,    0.003093514492,    0.003093514492,      0.6879855702,       560.2914286,       180442.3042,       180442.3042,       2.243811789,       576253.6606,       2.563806196,       229.9614808,         15.01698735,     -0.0002548791719,               0.1318877131,       573.5562257,       573.5562257,       195848.9573,       195848.9573,      -2340.021377,        0.07990423924,        -0.07681072475,       91391.16279,        89051.14141,           288.1179532,            285.4382725,            99271.15975,             96577.79751
          0,           0,         237,      -6.253929861,      -3.495677094,      -4.317663871,      -4.036532809,     -0.3631197785,    0.003084767446,    0.003084767446,      0.6883964568,       560.2834013,       180436.4731,       180436.4731,       2.243772806,       576261.3472,       2.559090742,       230.0918791,         15.06801744,     -0.0002553599812,               0.1322584717,       573.5638763,       573.5638763,       195861.6352,       195861.6352,       -2331.16866,        0.07994284892,        -0.07685808148,       91383.82086,         89052.6522,           288.1187702,            285.4451061,            99272.14605,              96589.4892
          0,           0,         238,       -6.25534537,      -3.496663936,      -4.320004847,      -4.039172719,     -0.3631932692,     0.00307351521,     0.00307351521,       0.688806739,       560.2755836,       180430.8832,       180430.8832,       2.243735968,       576269.2309,       2.550492524,       230.2221152,         15.11897463,     -0.0002558322712,               0.1326262703,       573.5717231,       573.5717231,       195874.5495,       195874.5495,      -2322.556554,        0.07998021375,        -0.07690669854,       91376.71986,        89054.16331,           288.1195685,            285.4521546,            99273.10974,             96601.43974
          0,           0,         239,      -6.257033354,      -3.497642816,      -4.322485189,       -4.04185963,      -0.363310241,    0.003059794069,    0.003059794069,      0.6892165405,       560.2679679,        180425.526,        180425.526,       2.243701198,       576277.3088,       2.538067706,       230.3522298,         15.16985727,       -0.00025629456,               0.1329910862,       573.5797631,       573.5797631,       195887.6967,       195887.6967,      -2314.180948,        0.08001636354,        -0.07695656947,       91369.85346,        89055.67252,           288.1203478,            285.4594153,            99274.05047,             96613.64624
          0,           0,         240,      -6.258997216,      -3.498616062,      -4.325102639,      -4.044594225,     -0.3634703176,     0.00304364261,     0.00304364261,      0.6896259782,       560.2605468,       180420.3929,       180420.3929,       2.243668422,       576285.5778,         2.5218759,       230.4822614,         15.22066367,     -0.0002567454334,               0.1333528997,       573.5879934,       573.5879934,       195901.0733,       195901.0733,      -2306.037708,         0.0800513285,        -0.07700768589,        91363.2153,        89057.17759,            288.121108,            285.4668855,            99274.96797,             96626.10538
          0,           0,         241,       -6.26124071,      -3.499586119,      -4.327854184,      -4.047377114,     -0.3636730529,    0.003025101656,    0.003025101656,      0.6900351622,       560.2533126,       180415.4753,       180415.4753,       2.243637561,       576294.0345,       2.501980064,       230.6122461,         15.27139202,     -0.0002571835503,               0.1337116941,       573.5964106,       573.5964106,       195914.6755,       195914.6755,      -2298.122689,        0.08008513909,        -0.07706003743,       91356.79897,        89058.67628,           288.1218487,            285.4745619,              99275.862,             96638.81346
          0,           0,         242,      -6.263767946,      -3.500555537,       -4.33073611,      -4.050208836,     -0.3639179274,    0.003004214203,    0.003004214203,      0.6904441951,       560.2462576,       180410.7644,       180410.7644,       2.243608539,       576302.6754,       2.478446399,       230.7422175,          15.3220405,     -0.0002576076489,               0.1340674557,        573.605011,        573.605011,       195928.4987,       195928.4987,      -2290.431734,        0.08011782597,        -0.07711361177,       91350.59804,        89060.16631,           288.1225699,            285.4824411,            99276.73236,             96651.76638
          0,           0,         243,      -6.266583395,      -3.501526965,      -4.333744049,       -4.05308986,     -0.3642043449,     0.00298102535,     0.00298102535,      0.6908531718,       560.2393742,       180406.2515,       180406.2515,       2.243581278,       576311.4963,       2.451344237,       230.8722067,         15.37260719,     -0.0002580165524,               0.1344201743,       573.6137906,       573.6137906,       195942.5386,       195942.5386,      -2282.960689,           0.08014942,        -0.07716839465,       91344.60608,        89061.64539,           288.1232714,            285.4905192,            99277.57894,             96664.95965
          0,           0,         244,       -6.26969189,      -3.502503146,      -4.336873045,      -4.056020593,     -0.3645316289,    0.002955582227,    0.002955582227,      0.6912621794,       560.2326546,       180401.9279,       180401.9279,       2.243555702,        576320.493,        2.42074593,       231.0022418,         15.42309012,     -0.0002584091741,               0.1347698423,       573.6227452,       573.6227452,         195956.79,         195956.79,      -2275.705406,        0.08017995209,        -0.07722436986,       91338.81665,        89063.11124,           288.1239532,             285.498792,            99278.40163,             96678.38839
          0,           0,         245,      -6.273098638,      -3.503486905,      -4.340117599,      -4.059001381,     -0.3648990196,    0.002927933921,    0.002927933921,      0.6916712968,       560.2260913,       180397.7849,       180397.7849,       2.243531733,       576329.6609,       2.386726725,       231.1323486,         15.47348724,     -0.0002587845221,               0.1351164557,       573.6318702,       573.6318702,       195971.2477,       195971.2477,      -2268.661752,        0.08020945319,        -0.07728151927,       91333.22332,        89064.56157,           288.1246153,             285.507255,            99279.20041,             96692.04733
          0,           0,         246,      -6.276809226,      -3.504481147,       -4.34347174,      -4.062032515,     -0.3653056711,    0.002898131389,    0.002898131389,      0.6920805943,       560.2196765,       180393.8138,       180393.8138,       2.243509294,       576338.9953,       2.349364645,       231.2625496,         15.52379643,     -0.0002591417043,               0.1354600135,       573.6411609,       573.6411609,       195985.9061,       195985.9061,       -2261.82561,        0.08023795424,        -0.07733982285,       91327.81972,        89065.99411,           288.1252575,            285.5159034,            99279.97528,             96705.93086
          0,           0,         247,      -6.280829632,      -3.505488843,      -4.346929079,      -4.065114232,     -0.3657506485,    0.002866227385,    0.002866227385,      0.6924901337,       560.2134027,       180390.0061,       180390.0061,        2.24348831,        576348.491,       2.308740359,       231.3928648,         15.57401552,     -0.0002594799321,               0.1358005177,       573.6506121,       573.6506121,       196000.7593,       196000.7593,      -2255.192891,        0.08026548608,        -0.07739925869,       91322.59949,         89067.4066,           288.1258801,            285.5247321,            99280.72629,             96720.03298
          0,           0,         248,      -6.285166244,      -3.506513026,      -4.350482882,      -4.068246725,     -0.3662329259,    0.002832276365,    0.002832276365,      0.6928999682,       560.2072622,       180386.3531,       180386.3531,       2.243468704,       576358.1426,       2.264937046,       231.5233109,         15.62414225,     -0.0002597985238,               0.1361379737,       573.6602186,       573.6602186,       196015.8009,       196015.8009,      -2248.759534,        0.08029207942,        -0.07745980305,       91317.55633,         89068.7968,           288.1264829,            285.5337356,            99281.45353,             96734.34736
          0,           0,         249,      -6.289825869,      -3.507556785,      -4.354126134,      -4.071430145,     -0.3667513846,    0.002796334401,    0.002796334401,       0.693310142,       560.2012478,       180382.8465,       180382.8465,       2.243450403,       576367.9445,       2.218040262,       231.6539018,         15.67417431,     -0.0002600969075,               0.1364723898,       573.6699746,       573.6699746,       196031.0245,       196031.0245,       -2242.52151,        0.08031776478,        -0.07752143038,       91312.68401,         89070.1625,           288.1270663,            285.5429083,            99282.15714,             96748.86732
          0,           0,         250,      -6.294815759,      -3.508623249,      -4.357851609,      -4.074664605,     -0.3673048117,    0.002758459092,    0.002758459092,      0.6937206906,       560.1953518,       180379.4779,       180379.4779,       2.243433331,       576377.8908,       2.168137799,       231.7846485,         15.72410932,     -0.0002603746236,               0.1368037772,       573.6798744,       573.6798744,       196046.4232,       196046.4232,      -2236.474831,        0.08034257247,        -0.07758411338,       91307.97635,        89071.50152,           288.1276303,            285.5522441,            99282.83729,             96763.58587
          0,           0,         251,       -6.30014363,      -3.509715587,      -4.361651947,      -4.077950184,     -0.3678918995,    0.002718709463,    0.002718709463,      0.6941316402,       560.1895672,        180376.239,        180376.239,       2.243417416,       576387.9755,       2.115319539,       231.9155589,         15.77394481,     -0.0002606313258,               0.1371321505,       573.6899119,       573.6899119,       196061.9899,       196061.9899,      -2230.615548,        0.08036653249,        -0.07764782302,       91303.42727,        89072.81172,            288.128175,            285.5617369,            99283.49419,             96778.49567
          0,           0,         252,      -6.305817689,      -3.510836997,      -4.365519721,      -4.081286933,     -0.3685112448,    0.002677145874,    0.002677145874,      0.6945430083,       560.1838867,       180373.1218,       180373.1218,       2.243402587,       576398.1922,       2.059677312,       232.0466378,         15.82367828,     -0.0002608667827,               0.1374575269,       573.7000807,       573.7000807,       196077.7172,       196077.7172,      -2224.939757,        0.08038967451,        -0.07771252864,       91299.03077,        89074.09101,           288.1287007,              285.57138,            99284.12808,             96793.58911
          0,           0,         253,      -6.311846662,      -3.511990695,      -4.369447515,      -4.084674878,     -0.3691613497,    0.002633829917,    0.002633829917,      0.6949548033,       560.1783033,       180370.1183,       180370.1183,       2.243388773,       576408.5344,       2.001304744,       232.1778871,         15.87330713,     -0.0002610808772,               0.1377799265,       573.7103745,       573.7103745,       196093.5975,       196093.5975,      -2219.443602,        0.08041202787,        -0.07777819796,       91294.78095,        89075.33735,           288.1292076,            285.5811669,            99284.73924,             96808.85829
          0,           0,         254,      -6.318239833,      -3.513179911,      -4.373428003,      -4.088114027,     -0.3698406224,    0.002588824318,    0.002588824318,      0.6953670249,       560.1728101,       180367.2208,       180367.2208,       2.243375905,       576418.9952,       1.940297107,       232.3093056,         15.92282872,     -0.0002612736067,               0.1380993722,       573.7207864,       573.7207864,        196109.623,        196109.623,      -2214.123276,        0.08043362146,        -0.07784479715,       91290.67202,        89076.54874,            288.129696,            285.5910904,            99285.32799,             96824.29502
          0,           0,         255,      -6.325007076,      -3.514407878,      -4.377454018,      -4.091604367,     -0.3705473787,    0.002542192833,    0.002542192833,      0.6957796638,       560.1674003,       180364.4216,       180364.4216,       2.243363917,       576429.5679,       1.876751163,       232.4408895,         15.97224031,     -0.0002614450813,               0.1384158897,       573.7313095,       573.7313095,       196125.7855,       196125.7855,      -2208.975022,        0.08045448375,        -0.07791229092,       91286.69829,        89077.72327,           288.1301661,            285.6011434,            99285.89465,             96839.89088
          0,           0,         256,      -6.332158903,      -3.515677826,      -4.381518627,      -4.095145874,     -0.3712798444,    0.002494000146,    0.002494000146,      0.6961927019,       560.1620674,       180361.7133,       180361.7133,       2.243352741,       576440.2451,       1.810765016,       232.5726316,         16.02153913,     -0.0002615955219,                0.138729507,       573.7419368,       573.7419368,       196142.0768,       196142.0768,      -2203.995137,        0.08047464272,        -0.07798064258,       91282.85421,        89078.85908,           288.1306182,            285.6113186,            99286.43961,             96855.63718
          0,           0,         257,      -6.339706508,      -3.516992974,      -4.385615208,      -4.098738513,     -0.3720361585,    0.002444311762,    0.002444311762,      0.6966061128,        560.156805,       180359.0887,       180359.0887,       2.243342315,       576451.0198,       1.742437948,       232.7045221,         16.07072233,     -0.0002617252578,               0.1390402549,        573.752661,        573.752661,       196158.4883,       196158.4883,      -2199.179972,        0.08049412584,        -0.07804981408,       91279.13434,        89079.95437,           288.1310527,            285.6216083,            99286.96324,             96871.52502
          0,           0,         258,      -6.347661825,      -3.518356519,      -4.389737511,       -4.10238224,     -0.3728143765,    0.002393193903,    0.002393193903,      0.6970198614,       560.1516068,       180356.5408,       180356.5408,       2.243332576,       576461.8843,       1.671870269,       232.8365484,           16.119787,     -0.0002618347228,               0.1393481664,       573.7634747,       573.7634747,       196175.0113,       196175.0113,      -2194.525932,        0.08051296004,        -0.07811976614,       91275.53336,        89081.00743,             288.13147,            285.6320047,            99287.46596,              96887.5453
          0,           0,         259,      -6.356037588,      -3.519771633,      -4.393879728,      -4.106077007,     -0.3736124751,    0.002340713402,    0.002340713402,      0.6974339046,       560.1464668,       180354.0627,       180354.0627,       2.243323464,       576472.8312,       1.599163157,       232.9686951,         16.16873017,     -0.0002619244518,               0.1396532767,       573.7743704,       573.7743704,       196191.6369,       196191.6369,      -2190.029479,        0.08053117167,        -0.07819045827,        91272.0461,        89082.01662,           288.1318703,            285.6425001,            99287.94822,             96903.68872
          0,           0,         260,      -6.364847397,      -3.521241454,      -4.398036551,      -4.109822761,     -0.3744283574,    0.002286937594,    0.002286937594,      0.6978481911,       560.1413791,       180351.6479,       180351.6479,        2.24331492,       576483.8528,       1.524418499,       233.1009441,          16.2175488,     -0.0002619950752,               0.1399556232,       573.7853404,       573.7853404,       196208.3563,       196208.3563,       -2185.68713,         0.0805487865,        -0.07826184891,       91268.66754,        89082.98041,            288.132254,            285.6530864,            99288.41048,             96919.94581
          0,           0,         261,      -6.374105794,      -3.522769078,      -4.402203225,      -4.113619444,     -0.3752598586,    0.002231934216,    0.002231934216,       0.698262662,       560.1363382,       180349.2901,       180349.2901,       2.243306889,       576494.9412,       1.447738739,       233.2332749,         16.26623979,     -0.0002620473147,               0.1402552455,       573.7963769,       573.7963769,       196225.1602,       196225.1602,      -2181.495457,        0.08056582968,        -0.07833389546,       91265.39278,        89083.89732,           288.1326216,            285.6637553,             99288.8532,             96936.30696
          0,           0,         262,      -6.383828347,      -3.524357553,      -4.406375593,      -4.117466998,     -0.3761047529,    0.002175771294,    0.002175771294,      0.6986772507,       560.1313385,        180346.983,        180346.983,       2.243299316,       576506.0886,       1.369226718,       233.3656642,         16.31479999,     -0.0002620819764,               0.1405521846,        573.807472,        573.807472,       196242.0393,       196242.0393,      -2177.451088,         0.0805823257,         -0.0784065544,       91262.21707,        89084.76598,           288.1329734,            285.6744987,            99289.27689,              96952.7624
          0,           0,         263,      -6.394031741,      -3.526009872,      -4.410550136,      -4.121365362,     -0.3769607603,     0.00211851704,     0.00211851704,      0.6990918837,        560.126375,       180344.7209,       180344.7209,       2.243292149,       576517.2869,       1.288985519,       233.4980867,         16.36322619,     -0.0002620999452,               0.1408464836,       573.8186179,       573.8186179,       196258.9843,       196258.9843,      -2173.550708,        0.08059829842,        -0.07847978138,       91259.13582,        89085.58511,           288.1333098,            285.6853081,            99289.68205,             96969.30226
          0,           0,         264,      -6.404733881,      -3.527728964,      -4.414724003,      -4.125314473,     -0.3778255549,     0.00206023975,     0.00206023975,      0.6995064802,       560.1214425,       180342.4981,       180342.4981,       2.243285339,       576528.5281,       1.207118315,       233.6305144,         16.41151513,     -0.0002621021776,               0.1411381871,       573.8298065,       573.8298065,       196275.9858,       196275.9858,      -2169.791054,        0.08061377102,        -0.07855353127,       91256.14459,        89086.35353,           288.1336314,            285.6961751,            99290.06919,             96985.91658
          0,           0,         265,      -6.415954004,      -3.529517695,      -4.418895028,      -4.129314264,     -0.3786967736,    0.002001007697,    0.002001007697,      0.6999209529,       560.1165364,       180340.3092,       180340.3092,       2.243278837,       576539.8041,       1.123728217,       233.7629173,         16.45966348,     -0.0002620896945,               0.1414273411,       573.8410298,       573.8410298,       196293.0342,       196293.0342,      -2166.168918,        0.08062876599,        -0.07862775829,       91253.23908,        89087.07016,           288.1339385,            285.7070913,            99290.43886,             97002.59531
          0,           0,         266,      -6.427712802,      -3.531378855,      -4.423061744,      -4.133364665,     -0.3795720248,    0.001940889029,    0.001940889029,      0.7003352084,       560.1116521,       180338.1492,       180338.1492,       2.243272598,       576551.1069,       1.038918121,       233.8952635,         16.50766787,     -0.0002620635741,               0.1417139927,       573.8522796,       573.8522796,       196310.1199,       196310.1199,      -2162.681147,        0.08064330512,         -0.0787024161,       91250.41516,        89087.73402,           288.1342316,             285.718048,            99290.79159,             97019.32833
          0,           0,         267,      -6.440032559,      -3.533315152,      -4.427223383,      -4.137465602,     -0.3804488983,    0.001879951671,    0.001879951671,      0.7007491472,       560.1067852,       180336.0131,       180336.0131,       2.243266579,       576562.4281,       0.952790564,       234.0275188,         16.55552486,     -0.0002620249435,               0.1419981905,       573.8635479,       573.8635479,       196327.2334,       196327.2334,      -2159.324636,        0.08065740952,        -0.07877745785,       91247.66885,        89088.34421,           288.1345111,            285.7290368,            99291.12793,             97036.10551
          0,           0,         268,       -6.45293729,      -3.535329215,      -4.431379866,      -4.141616988,     -0.3813249755,    0.001818263223,    0.001818263223,      0.7011626642,       560.1019318,       180333.8963,       180333.8963,        2.24326074,       576573.7598,       0.865447577,       234.1596474,           16.603231,     -0.0002619749707,               0.1422799839,       573.8748265,       573.8748265,       196344.3651,       196344.3651,      -2156.096333,        0.08067109956,        -0.07885283634,       91244.99631,        89088.89998,           288.1347775,             285.740049,            99291.44843,             97052.91666
          0,           0,         269,      -6.466452908,      -3.537423577,      -4.435531787,      -4.145818729,     -0.3821978402,    0.001755890863,    0.001755890863,      0.7015756492,        560.097088,       180331.7945,       180331.7945,       2.243255042,       576585.0937,      0.7769905437,       234.2916118,         16.65078274,      -0.000261914857,               0.1425594231,       573.8861073,       573.8861073,       196361.5053,       196361.5053,      -2152.993236,         0.0806843949,        -0.07892850403,       91242.39388,        89089.40064,           288.1350313,            285.7510761,            99291.75365,             97069.75161
          0,           0,         270,      -6.480607378,       -3.53960068,      -4.439680383,      -4.150070718,     -0.3830650888,    0.001692901255,    0.001692901255,      0.7019879872,       560.0922503,       180329.7037,       180329.7037,       2.243249447,       576596.4217,      0.6875200621,       234.4233728,         16.69817653,     -0.0002618458279,                0.142836559,       573.8973823,       573.8973823,       196378.6444,       196378.6444,      -2150.012388,        0.08069731448,        -0.07900441322,       91239.85803,        89089.84564,           288.1352728,            285.7621095,            99292.04414,             97086.60022
          0,           0,         271,      -6.495430899,      -3.541862865,      -4.443827499,       -4.15437283,      -0.383924342,    0.001629360455,    0.001629360455,      0.7023995587,       560.0874151,       180327.6199,       180327.6199,       2.243243924,       576607.7358,       0.597135809,       234.5548899,         16.74540875,     -0.0002617691253,                0.143111443,       573.9086435,       573.9086435,       196395.7728,       196395.7728,      -2147.150882,        0.08070987652,        -0.07908051607,        91237.3854,        89090.23452,           288.1355027,            285.7731408,            99292.32048,             97103.45234
          0,           0,         272,      -6.510956075,      -3.544212369,      -4.447975545,      -4.158724924,     -0.3847732562,    0.001565333818,    0.001565333818,      0.7028102403,       560.0825795,       180325.5397,       180325.5397,       2.243238438,        576619.028,      0.5059364094,       234.6861211,         16.79247575,     -0.0002616859988,                0.143384127,       573.9198827,       573.9198827,       196412.8811,       196412.8811,      -2144.405855,        0.08072209854,        -0.07915676472,       91234.97278,        89090.56693,           288.1357212,            285.7841615,            99292.58321,             97120.29792
          0,           0,         273,      -6.527218081,      -3.546651318,      -4.452127442,      -4.163126831,     -0.3856095342,    0.001500885918,    0.001500885918,      0.7032199047,       560.0777406,       180323.4597,       180323.4597,       2.243232962,       576630.2902,       0.414019309,       234.8170235,         16.83937382,      -0.000261597698,                0.143654663,       573.9310923,       573.9310923,       196429.9598,       196429.9598,      -2141.774485,        0.08073399731,        -0.07923311139,       91232.61711,        89090.84262,            288.135929,            285.7951633,             99292.8329,             97137.12694
          0,           0,         274,      -6.544254814,      -3.549181728,      -4.456286569,      -4.167578356,     -0.3864309373,    0.001436080457,    0.001436080457,      0.7036284218,       560.0728956,       180321.3769,       180321.3769,       2.243227468,       576641.5146,      0.3214806519,       234.9475531,         16.88609925,     -0.0002615054635,               0.1439231031,       573.9422642,       573.9422642,       196446.9996,       196446.9996,      -2139.253996,         0.0807455889,        -0.07930950844,       91230.31547,        89091.06147,           288.1361264,            285.8061378,             99293.0701,              97153.9295
          0,           0,         275,      -6.562107002,      -3.551805495,      -4.460456699,      -4.172079273,     -0.3872352962,    0.001370980188,    0.001370980188,      0.7040356583,       560.0680423,       180319.2885,       180319.2885,       2.243221931,       576652.6936,      0.2284151623,       235.0776647,         16.93264826,       -0.00026141052,               0.1441894994,       573.9533908,       573.9533908,       196463.9911,       196463.9911,       -2136.84165,        0.08075688868,        -0.07938590849,       91228.06509,        89091.22344,           288.1363139,            285.8170768,            99293.29537,             97170.69578
          0,           0,         276,      -6.580818242,      -3.554524397,      -4.464641932,      -4.176629318,     -0.3880205216,    0.001305646837,    0.001305646837,      0.7044414788,       560.0631783,       180317.1919,       180317.1919,       2.243216328,       576663.8193,      0.1349160315,       235.2073127,         16.97901706,     -0.0002613140678,               0.1444539038,       573.9644644,       573.9644644,       196480.9253,       196480.9253,      -2134.534749,        0.08076791131,        -0.07946226447,       91225.86335,         89091.3286,            288.136492,            285.8279724,            99293.50924,             97187.41609
          0,           0,         277,      -6.600434923,      -3.557340085,      -4.468846633,      -4.181228188,     -0.3887846155,    0.001240141027,    0.001240141027,      0.7048457459,       560.0583018,       180315.0849,       180315.0849,       2.243210638,       576674.8843,     0.04107480915,       235.3364509,         17.02520181,      -0.000261217276,               0.1447163678,       573.9754777,       573.9754777,       196497.7931,       196497.7931,      -2132.330632,        0.08077867078,        -0.07953852975,       91223.70777,        89091.37713,           288.1366611,            285.8388165,            99293.71226,             97204.08088
          0,           0,         278,      -6.621005957,      -3.560254082,      -4.473075354,      -4.185875532,      -0.389525681,     0.00117452221,     0.00117452221,      0.7052483203,       560.0534109,       180312.9653,       180312.9653,       2.243204842,       576685.8813,     -0.0530186999,       235.4650324,         17.07119865,     -0.0002611212751,               0.1449769424,       573.9864231,       573.9864231,       196514.5857,       196514.5857,      -2130.226674,        0.08078918037,        -0.07961465816,         91221.596,        89091.36932,           288.1368217,            285.8496014,            99293.90495,             97220.68075
          0,           0,         279,       -6.64258221,      -3.563267778,      -4.477332773,      -4.190570952,     -0.3902419319,    0.001108848597,    0.001108848597,      0.7056490621,       560.0485042,       180310.8314,       180310.8314,       2.243198925,       576696.8028,     -0.1472765332,         235.59301,         17.11700371,     -0.0002610271503,                0.145235678,       573.9972936,       573.9972936,       196531.2943,       196531.2943,      -2128.220284,        0.08079945271,        -0.07969060412,       91219.52583,        89091.30555,           288.1369741,            285.8603195,            99294.08785,             97237.20646
          0,           0,         280,      -6.665215467,      -3.566382427,      -4.481623616,      -4.195313993,      -0.390931702,    0.001043177096,    0.001043177096,        0.70604783,       560.0435804,       180308.6815,       180308.6815,        2.24319287,        576707.642,      -0.241612664,       235.7203364,         17.16261308,     -0.0002609359356,               0.1454926243,        574.008082,        574.008082,       196547.9104,       196547.9104,      -2126.308906,        0.08080949979,        -0.07976632269,       91217.49519,        89091.18628,           288.1371188,            285.8709632,            99294.26145,             97253.64897
          0,           0,         281,      -6.688956679,      -3.569599146,      -4.485952591,      -4.200104143,     -0.3915934528,   0.0009775632524,   0.0009775632524,      0.7064444829,       560.0386384,       180306.5142,       180306.5142,       2.243186666,       576718.3919,     -0.3359430875,       235.8469643,         17.20802284,     -0.0002608486075,               0.1457478301,       574.0187815,       574.0187815,       196564.4257,       196564.4257,      -2124.490014,        0.08081933292,        -0.07984176967,       91215.50212,        89091.01211,           288.1372562,            285.8815253,            99294.42626,             97269.99941
          0,           0,         282,      -6.713853119,      -3.572918904,      -4.490324325,      -4.204940825,     -0.3922257815,   0.0009120611942,   0.0009120611942,      0.7068388795,       560.0336772,       180304.3285,       180304.3285,       2.243180302,       576729.0457,     -0.4301859027,       235.9728463,         17.25322904,     -0.0002607660802,               0.1460013433,       574.0293855,       574.0293855,       196580.8319,       196580.8319,      -2122.761113,        0.08082896281,        -0.07991690162,        91213.5448,        89090.78368,           288.1373868,            285.8919987,            99294.58277,             97286.24915
          0,           0,         283,      -6.739943867,      -3.576342528,      -4.494743293,      -4.209823394,     -0.3928274273,   0.0008467235781,   0.0008467235781,      0.7072308787,       560.0286962,       180302.1233,       180302.1233,       2.243173768,       576739.5969,      -0.524261388,       236.0979351,         17.29822773,     -0.0002606892001,               0.1462532106,       574.0398873,       574.0398873,       196597.1212,       196597.1212,      -2121.119737,        0.08083839956,        -0.07999167598,       91211.62151,        89090.50177,           288.1375109,            285.9023764,            99294.73145,             97302.38976
          0,           0,         284,      -6.767252787,       -3.57987069,      -4.499213762,      -4.214751135,     -0.3933972768,   0.0007816015435,   0.0007816015435,      0.7076203406,       560.0236949,       180299.8979,       180299.8979,       2.243167057,       576750.0392,     -0.6180920709,       236.2221841,         17.34301494,     -0.0002606187421,               0.1465034775,       574.0502807,       574.0502807,       196613.2858,       196613.2858,      -2119.563448,        0.08084765267,        -0.08006605112,       91209.73066,        89090.16721,           288.1376288,            285.9126519,            99294.87278,             97318.41305
          0,           0,         285,      -6.795777764,      -3.583503912,      -4.503739732,      -4.219723255,     -0.3939343686,   0.0007167446687,   0.0007167446687,      0.7080071262,        560.018673,       180297.6517,       180297.6517,       2.243160164,       576760.3665,     -0.7116027914,       236.3455466,          17.3875867,     -0.0002605554059,               0.1467521885,       574.0605597,       574.0605597,       196629.3183,       196629.3183,      -2118.089837,        0.08085673105,        -0.08013998638,       91207.87077,        89089.78094,           288.1377411,            285.9228186,            99295.00719,             97334.31108
          0,           0,         286,      -6.825474439,      -3.587242553,       -4.50832488,      -4.224738884,     -0.3944378968,   0.0006522009304,   0.0006522009304,      0.7083910979,       560.0136302,       180295.3844,       180295.3844,       2.243153085,       576770.5729,     -0.8047207611,       236.4679771,         17.43193903,     -0.0002604998121,               0.1469993862,       574.0707183,       574.0707183,       196645.2113,       196645.2113,      -2116.696518,        0.08086564308,        -0.08021344215,       91206.04047,        89089.34395,           288.1378479,            285.9328704,            99295.13513,             97350.07614
          0,           0,         287,      -6.856232089,      -3.591086814,      -4.512972512,      -4.229797071,     -0.3949072134,   0.0005880166684,   0.0005880166684,      0.7087721203,       560.0085667,       180293.0958,       180293.0958,       2.243145817,       576780.6527,     -0.8973756156,       236.5894301,         17.47606795,     -0.0002604525002,               0.1472451122,       574.0807509,       574.0807509,       196660.9578,       196660.9578,      -2115.381133,        0.08087439657,        -0.08028637991,       91204.23848,        89088.85735,           288.1379498,            285.9428011,            99295.25702,             97365.70083
          0,           0,         288,      -6.887838817,      -3.595036727,      -4.517685517,      -4.234896776,      -0.395341829,   0.0005242365538,   0.0005242365538,      0.7091500599,       560.0034826,       180290.7859,       180290.7859,       2.243138359,       576790.6005,     -0.9894994605,       236.7098614,         17.51996948,     -0.0002604139262,               0.1474894063,       574.0906521,       574.0906521,       196676.5512,       196676.5512,      -2114.141345,        0.08088299885,        -0.08035876229,       91202.46363,        89088.32229,           288.1380469,            285.9526052,            99295.37326,             97381.17798
          0,           0,         289,      -6.919933428,      -3.599092156,      -4.522466325,      -4.240036877,     -0.3957414136,   0.0004609035609,   0.0004609035609,      0.7095247858,       559.9983784,       180288.4548,       180288.4548,       2.243130711,       576800.4111,      -1.081026913,       236.8292274,         17.56363965,     -0.0002603844611,               0.1477323068,       574.1004168,       574.1004168,        196691.985,        196691.985,      -2112.974844,         0.0808914567,        -0.08043055314,       91200.71483,        89087.73999,           288.1381397,            285.9622771,            99295.48425,             97396.50073
          0,           0,         290,      -6.951943627,      -3.603252788,      -4.527316871,       -4.24521616,     -0.3961057948,    0.000398058944,    0.000398058944,      0.7098961698,       559.9932544,       180286.1029,       180286.1029,       2.243122876,       576810.0795,      -1.171895136,       236.9474856,         17.60707449,       -0.00026036439,               0.1479738502,         574.11004,         574.11004,       196707.2528,       196707.2528,      -2111.879337,        0.08089977646,        -0.08050171752,        91198.9911,        89087.11176,           288.1382285,            285.9718115,            99295.59035,             97411.66249
          0,           0,         291,      -6.983016999,      -3.607518132,       -4.53223856,      -4.250433323,     -0.3964349561,   0.0003357422165,   0.0003357422165,      0.7102640871,       559.9881114,       180283.7305,       180283.7305,       2.243114856,       576819.6011,      -1.262043868,       237.0645945,         17.65027005,     -0.0002603539117,               0.1482140712,        574.119517,        574.119517,       196722.3489,       196722.3489,      -2110.852558,        0.08090796399,        -0.08057222178,       91197.29151,        89086.43896,           288.1383135,            285.9812035,            99295.69194,             97426.65699
          0,           0,         292,      -7.011965812,      -3.611887514,      -4.537232243,      -4.255686972,     -0.3967290334,   0.0002739911356,   0.0002739911356,      0.7106284158,       559.9829501,       180281.3382,       180281.3382,       2.243106656,       576828.9715,      -1.351415448,        237.180514,          17.6932224,     -0.0002603531389,               0.1484530029,       574.1288435,       574.1288435,       196737.2676,       196737.2676,      -2109.892258,        0.08091602472,        -0.08064203359,       91195.61525,        89085.72299,            288.138395,            285.9904485,            99295.78934,             97441.47825
          0,           0,         293,      -7.037269673,      -3.616360071,       -4.54229819,      -4.260975622,     -0.3969883109,   0.0002128416899,   0.0002128416899,      0.7109890382,       559.9777714,       180278.9269,       180278.9269,        2.24309828,       576838.1863,       -1.43995483,        237.295205,         17.73592761,     -0.0002603620989,               0.1486906764,       574.1380153,       574.1380153,       196752.0035,       196752.0035,       -2108.99621,        0.08092396366,        -0.08071112197,       91193.96155,        89084.96534,           288.1384733,            285.9995419,             99295.8829,             97456.12059
          0,           0,         294,      -7.057199778,      -3.620934748,      -4.547436071,      -4.266297697,     -0.3972132155,   0.0001523280906,   0.0001523280906,      0.7113458401,       559.9725764,       180276.4973,       180276.4973,       2.243089735,       576847.2419,      -1.527609603,       237.4086298,          17.7783818,     -0.0002603807352,               0.1489271209,       574.1470284,       574.1470284,       196766.5516,       196766.5516,      -2108.162207,        0.08093178543,        -0.08077945734,       91192.32973,        89084.16752,           288.1385487,            286.0084797,            99295.97291,             97470.57865
          0,           0,         295,      -7.070111828,      -3.625610292,      -4.552644946,      -4.271651568,     -0.3974043109,   9.248276775e-05,   9.248276775e-05,      0.7116987116,       559.9673661,       180274.0503,       180274.0503,       2.243081028,       576856.1345,      -1.614329988,       237.5207522,         17.82058106,     -0.0002604089088,               0.1491623635,       574.1558794,       574.1558794,       196780.9071,       196780.9071,      -2107.388059,        0.08093949425,        -0.08084701148,       91190.71917,        89083.33111,           288.1386214,            286.0172579,            99296.05968,             97484.84739
          0,           0,         296,      -7.074864139,      -3.630385249,      -4.557923249,      -4.277035457,     -0.3975622907,   3.333636938e-05,   3.333636938e-05,       0.712047547,        559.962142,        180271.587,        180271.587,       2.243072167,       576864.8607,       -1.70006885,       237.6315376,         17.86252155,     -0.0002604464017,               0.1493964294,       574.1645647,       574.1645647,       196795.0656,       196795.0656,      -2106.671599,        0.08094709402,        -0.08091375765,        91189.1293,         89082.4577,           288.1386916,            286.0258731,            99296.14348,             97498.92209
          0,           0,         297,      -7.071183586,      -3.635257957,      -4.563268786,        -4.2824475,     -0.3976879702,  -2.508223592e-05,  -2.508223592e-05,      0.7123922453,       559.9569051,       180269.1086,       180269.1086,       2.243063161,       576873.4174,      -1.784781687,       237.7409527,         17.90419947,     -0.0002604929195,               0.1496293419,       574.1730814,       574.1730814,       196809.0229,       196809.0229,      -2106.010679,        0.08095458827,        -0.08097967051,       91187.55962,        89081.54894,           288.1387596,            286.0343218,            99296.22456,             97512.79834
          0,           0,         298,      -7.059761684,      -3.640226541,      -4.568678736,      -4.287885773,     -0.3977822786,  -8.274595182e-05,  -8.274595182e-05,      0.7127327103,       559.9516571,       180266.6162,       180266.6162,       2.243054019,       576881.8018,      -1.868426629,        237.848966,         17.94561106,     -0.0002605480947,               0.1498611225,       574.1814266,       574.1814266,       196822.7752,       196822.7752,      -2105.403174,        0.08096198026,        -0.08104472621,       91186.00969,        89080.60651,           288.1388255,            286.0426011,            99296.30318,             97526.47204
          0,           0,         299,      -7.042016425,      -3.645288911,      -4.574149655,      -4.293348271,     -0.3978462496,  -0.0001396294441,  -0.0001396294441,      0.7130688505,       559.9463994,       180264.1112,       180264.1112,       2.243044751,       576890.0114,      -1.950964416,       237.9555476,         17.98675258,     -0.0002606114906,               0.1500917904,       574.1895977,       574.1895977,        196836.319,        196836.319,      -2104.846978,        0.08096927291,        -0.08110890236,       91184.47909,        89079.63211,           288.1388895,            286.0507082,            99296.37957,             97539.93945
          0,           0,         300,      -7.019674284,      -3.650442755,      -4.579677487,      -4.298832916,     -0.3978810124,  -0.0001957091274,  -0.0001957091274,      0.7134005795,       559.9411335,       180261.5949,       180261.5949,       2.243035369,       576898.0439,      -2.032358383,       238.0606693,         18.02762034,     -0.0002606826054,               0.1503213628,       574.1975926,       574.1975926,        196849.651,        196849.651,      -2104.340005,        0.08097646891,        -0.08117217804,       91182.96747,        89078.62746,           288.1389519,            286.0586407,            99296.45393,             97553.19711
          0,           0,         301,      -6.994393982,      -3.655685535,      -4.585257577,      -4.304337557,     -0.3978877816,  -0.0002509631488,  -0.0002509631488,      0.7137278161,       559.9358611,       180259.0688,       180259.0688,       2.243025883,       576905.8971,      -2.112574439,       238.1643049,         18.06821069,     -0.0002607608769,               0.1505498549,       574.2054091,       574.2054091,       196862.7684,       196862.7684,      -2103.880194,        0.08098357067,        -0.08123453382,        91181.4745,        89077.59431,           288.1390127,            286.0663963,            99296.52646,             97566.24189
          0,           0,         302,      -6.967551014,      -3.661014482,      -4.590884699,      -4.309859979,     -0.3978678474,  -0.0003053713687,  -0.0003053713687,      0.7140504844,       559.9305838,       180256.5343,       180256.5343,       2.243016304,       576913.5694,      -2.191581034,       238.2664296,         18.10852003,     -0.0002608456866,               0.1507772798,       574.2130455,       574.2130455,       196875.6683,       196875.6683,        -2103.4655,        0.08099058039,        -0.08129595175,        91179.9999,         89076.5344,           288.1390722,            286.0739733,            99296.59734,             97579.07099
          0,           0,         303,      -6.940176027,      -3.666426592,      -4.596553117,       -4.31539793,     -0.3978225657,  -0.0003589153391,  -0.0003589153391,      0.7143685141,       559.9253034,       180253.9929,       180253.9929,       2.243006645,       576921.0593,      -2.269349131,       238.3670208,         18.14854482,     -0.0002609363653,               0.1510036486,       574.2205003,       574.2205003,       196888.3487,       196888.3487,      -2103.093902,        0.08099750002,        -0.08135641536,       91178.54341,        89075.44951,           288.1391304,            286.0813699,            99296.66675,             97591.68192
          0,           0,         304,      -6.912985114,      -3.671918624,      -4.602257138,      -4.320949391,     -0.3977533474,  -0.0004115782785,  -0.0004115782785,      0.7146818399,       559.9200217,       180251.4462,       180251.4462,       2.242996917,       576928.3655,      -2.345852171,       238.4660575,         18.18828153,     -0.0002610321977,               0.1512289703,       574.2277723,       574.2277723,       196900.8073,       196900.8073,      -2102.763397,        0.08100433136,        -0.08141590964,       91177.10481,        89074.34141,           288.1391875,            286.0885847,            99296.73483,             97604.07249
          0,           0,         305,      -6.886445131,      -3.677487095,      -4.607989876,      -4.326511933,     -0.3976616485,  -0.0004633450452,  -0.0004633450452,      0.7149904026,       559.9147404,       180248.8957,       180248.8957,       2.242987133,        576935.487,      -2.421066028,       238.5635208,         18.22772675,     -0.0002611324282,               0.1514532521,       574.2348605,       574.2348605,       196913.0425,       196913.0425,      -2102.472003,        0.08101107602,        -0.08147442106,       91175.68388,        89073.21187,           288.1392437,            286.0956168,            99296.80171,             97616.24083
          0,           0,         306,      -6.860840996,      -3.683128277,      -4.613743868,      -4.332083028,       -0.39754896,  -0.0005142021077,  -0.0005142021077,      0.7152941484,       559.9094614,       180246.3431,       180246.3431,       2.242977306,       576942.4232,      -2.494968974,       238.6593934,         18.26687707,     -0.0002612362659,               0.1516764989,       574.2417642,       574.2417642,       196925.0529,       196925.0529,      -2102.217758,        0.08101773544,        -0.08153193755,       91174.28043,        89072.06268,           288.1392989,            286.1024653,            99296.86752,             97628.18539
          0,           0,         307,      -6.836331613,      -3.688838197,      -4.619511487,      -4.337660221,     -0.3974167984,  -0.0005641375122,  -0.0005641375122,       0.715593029,       559.9041866,       180243.7899,       180243.7899,       2.242967447,       576949.1735,      -2.567541625,       238.7536604,         18.30572917,      -0.000261342891,               0.1518987139,       574.2484829,       574.2484829,       196936.8373,       196936.8373,      -2101.998719,        0.08102431094,        -0.08158844846,       91172.89431,        89070.89559,           288.1393533,            286.1091296,            99296.93236,              97639.9049
          0,           0,         308,      -6.812991783,      -3.694612636,      -4.625284901,      -4.343241094,     -0.3972666956,  -0.0006131408486,  -0.0006131408486,      0.7158870022,       559.8989176,       180241.2377,       180241.2377,       2.242957569,       576955.7377,      -2.638766898,       238.8463083,         18.34427981,     -0.0002614514597,               0.1521198982,       574.2550164,       574.2550164,       196948.3947,       196948.3947,      -2101.812964,        0.08103080372,        -0.08164394457,       91171.52534,        89069.71237,            288.139407,            286.1156094,            99296.99634,             97651.39839
          0,           0,         309,      -6.790841861,      -3.700447127,      -4.631056138,      -4.348823258,     -0.3971001898,  -0.0006612032138,  -0.0006612032138,      0.7161760311,       559.8936565,       180238.6882,       180238.6882,       2.242947685,       576962.1158,      -2.708629952,       238.9373259,         18.38252578,     -0.0002615611103,               0.1523400513,       574.2613646,       574.2613646,       196959.7247,       196959.7247,      -2101.658592,        0.08103721487,        -0.08169841809,       91170.17337,        89068.51478,             288.13946,            286.1219047,            99297.05951,             97662.66519
          0,           0,         310,      -6.769868029,       -3.70633696,      -4.636816719,      -4.354404153,      -0.396918817,   -0.000708317174,   -0.000708317174,      0.7164600849,       559.8884051,       180236.1428,       180236.1428,       2.242937806,       576968.3081,      -2.777118137,       239.0267038,         18.42046398,      -0.000261670969,               0.1525591707,       574.2675279,       574.2675279,       196970.8269,       196970.8269,      -2101.533722,         0.0810435454,        -0.08175186257,       91168.83827,        89067.30455,           288.1395124,            286.1280156,            99297.12197,              97673.7049
          0,           0,         311,       -6.75003584,      -3.712277181,      -4.642558344,      -4.359981366,     -0.3967241021,  -0.0007544767239,  -0.0007544767239,      0.7167391384,       559.8831652,       180233.6033,       180233.6033,       2.242927946,       576974.3151,      -2.844220934,       239.1144344,         18.45809135,     -0.0002617801556,               0.1527772519,       574.2735068,       574.2735068,       196981.7012,       196981.7012,      -2101.436494,        0.08104979624,        -0.08180427297,       91167.51988,        89066.08338,           288.1395642,            286.1339426,            99297.18375,             97684.51743
          0,           0,         312,      -6.731299125,      -3.718262598,      -4.648272666,      -4.365552461,     -0.3965175515,  -0.0007996772445,  -0.0007996772445,      0.7170131719,       559.8779387,        180231.071,        180231.071,       2.242918116,       576980.1373,      -2.909929894,       239.2005123,         18.49540494,     -0.0002618877889,               0.1529942891,       574.2793018,       574.2793018,       196992.3478,       196992.3478,       -2101.36507,        0.08105596828,        -0.08185564553,       91166.21806,        89064.85299,           288.1396155,            286.1396863,             99297.2449,             97695.10292
          0,           0,         313,      -6.713605765,      -3.724287787,      -4.653951493,      -4.371115068,     -0.3963006452,  -0.0008439154602,  -0.0008439154602,      0.7172821716,       559.8727273,       180228.5477,       180228.5477,       2.242908327,       576985.7758,      -2.974238573,       239.2849337,         18.53240184,     -0.0002619929924,               0.1532102744,       574.2849139,       574.2849139,       197002.7673,       197002.7673,       -2101.31763,        0.08106206237,        -0.08190597783,       91164.93266,        89063.61503,           288.1396663,            286.1452476,            99297.30545,             97705.46181
          0,           0,         314,      -6.696901369,      -3.730347097,      -4.659586853,      -4.376666865,     -0.3960748307,  -0.0008871893932,  -0.0008871893932,      0.7175461291,       559.8675329,       180226.0347,       180226.0347,       2.242898591,       576991.2317,      -3.037142471,       239.3676968,         18.56907926,     -0.0002620948995,               0.1534251984,       574.2903442,       574.2903442,       197012.9602,       197012.9602,      -2101.292381,        0.08106807931,        -0.08195526871,       91163.66352,        89062.37114,           288.1397166,            286.1506276,            99297.36542,             97715.59475
          0,           0,         315,      -6.681131573,      -3.736434664,      -4.665171065,      -4.382205575,     -0.3958415159,  -0.0009294983179,  -0.0009294983179,      0.7178050419,       559.8623571,       180223.5334,       180223.5334,       2.242888918,       576996.5062,      -3.098638958,       239.4488017,         18.60543447,     -0.0002621926586,               0.1536390503,       574.2955941,       574.2955941,       197022.9275,       197022.9275,      -2101.287547,        0.08107401993,        -0.08200351825,       91162.41049,        89061.12295,           288.1397664,            286.1558277,            99297.42482,             97725.50269
          0,           0,         316,      -6.666243435,      -3.742544416,      -4.670696881,      -4.387729001,     -0.3956020642,  -0.0009708427131,  -0.0009708427131,      0.7180589126,       559.8572018,       180221.0454,       180221.0454,        2.24287932,        577001.601,      -3.158727212,       239.5282504,         18.64146482,     -0.0002622854383,               0.1538518175,        574.300665,        574.300665,       197032.6704,       197032.6704,      -2101.301377,        0.08107988504,        -0.08205072775,       91161.17339,        89059.87201,           288.1398157,            286.1608492,            99297.48364,             97735.18678
          0,           0,         317,      -6.652186232,      -3.748670094,      -4.676157559,      -4.393235026,     -0.3953577892,   -0.001011224213,   -0.001011224213,      0.7183077494,       559.8520685,       180218.5719,       180218.5719,       2.242869806,       577006.5176,      -3.217408141,       239.6060464,         18.67716776,     -0.0002623724317,               0.1540634861,       574.3055586,       574.3055586,       197042.1903,       197042.1903,       -2101.33214,        0.08108567545,        -0.08209689967,       91159.95201,        89058.61987,           288.1398646,             286.165694,            99297.54187,             97744.64841
          0,           0,         318,      -6.638911877,      -3.754805264,      -4.681546965,       -4.39872162,     -0.3951099501,    -0.00105064556,    -0.00105064556,      0.7185515658,       559.8469589,       180216.1142,       180216.1142,       2.242860386,        577011.258,      -3.274684317,       239.6821953,         18.71254082,     -0.0002624528614,               0.1542740407,       574.3102768,       574.3102768,       197051.4887,       197051.4887,      -2101.378128,        0.08109139204,         -0.0821420376,       91158.74617,        89057.36804,           288.1399129,            286.1703639,            99297.59949,              97753.8892
          0,           0,         319,      -6.626375096,      -3.760943334,      -4.686859689,      -4.404186862,     -0.3948597481,   -0.001089110552,   -0.001089110552,      0.7187903804,       559.8418746,       180213.6736,       180213.6736,       2.242851069,       577015.8243,      -3.330559899,       239.7567042,         18.74758163,     -0.0002625259829,               0.1544834645,       574.3148217,       574.3148217,       197060.5674,       197060.5674,      -2101.437655,        0.08109703569,        -0.08218614624,       91157.55563,        89056.11797,           288.1399607,             286.174861,            99297.65647,             97762.91097
          0,           0,         320,      -6.614533441,      -3.767077578,      -4.692091103,      -4.409628937,     -0.3946083233,   -0.001126623992,   -0.001126623992,       0.719024217,       559.8368171,       180211.2512,       180211.2512,       2.242841864,       577020.2185,      -3.385040558,       239.8295821,         18.78228791,     -0.0002625910891,               0.1546917397,       574.3191953,       574.3191953,       197069.4285,       197069.4285,      -2101.509056,        0.08110260735,        -0.08222923134,       91156.38014,        89054.87109,           288.1400079,            286.1791875,            99297.71277,             97771.71574
          0,           0,         321,      -6.603347218,      -3.773201159,      -4.697237487,      -4.415046176,     -0.3943567518,   -0.001163191641,   -0.001163191641,      0.7192531045,       559.8317879,       180208.8482,       180208.8482,       2.242832778,       577024.4432,      -3.438133406,       239.9008395,         18.81665745,     -0.0002626475133,               0.1548988471,       574.3234002,       574.3234002,       197078.0741,       197078.0741,       -2101.59069,        0.08110810802,        -0.08227129966,       91155.21944,        89053.62875,           288.1400545,            286.1833457,            99297.76834,             97780.30575
          0,           0,         322,      -6.592779357,      -3.779307154,      -4.702296154,      -4.420437061,     -0.3941060434,   -0.001198820159,   -0.001198820159,      0.7194770763,       559.8267883,       180206.4655,       180206.4655,       2.242823818,       577028.5007,      -3.489846915,       239.9704886,         18.85068813,     -0.0002626946327,                0.155104766,       574.3274387,       574.3274387,       197086.5065,       197086.5065,      -2101.680935,         0.0811135388,        -0.08231235896,       91154.07324,        89052.39231,           288.1401004,            286.1873383,            99297.82312,             97788.68337
          0,           0,         323,       -6.58279525,      -3.785388583,      -4.707265061,      -4.425800077,     -0.3938571408,   -0.001233517061,   -0.001233517061,       0.719696171,       559.8218197,       180204.1042,       180204.1042,       2.242814991,       577032.3938,      -3.540190845,       240.0385431,         18.88437794,      -0.000262731871,               0.1553094751,       574.3313136,       574.3313136,       197094.7282,       197094.7282,      -2101.778194,        0.08111890083,        -0.08235241789,       91152.94121,        89051.16302,           288.1401456,             286.191168,            99297.87705,             97796.85119
          0,           0,         324,      -6.573362587,      -3.791438437,      -4.712143428,      -4.431133938,     -0.3936109178,   -0.001267290659,   -0.001267290659,      0.7199104314,       559.8168833,       180201.7651,       180201.7651,       2.242806304,       577036.1252,      -3.589176164,       240.1050182,           18.917725,      -0.000262758701,               0.1555129521,       574.3350275,       574.3350275,        197102.742,        197102.742,      -2101.880889,        0.08112419536,        -0.08239148602,       91151.82302,        89049.94213,           288.1401901,            286.1948374,            99297.93007,             97804.81194
          0,           0,         325,      -6.564451176,      -3.797449715,       -4.71693147,      -4.436437478,     -0.3933681792,   -0.001300150013,   -0.001300150013,       0.720119905,       559.8119804,       180199.4491,       180199.4491,       2.242797761,       577039.6977,      -3.636814973,       240.1699308,         18.95072748,     -0.0002627746463,               0.1557151737,       574.3385834,       574.3385834,       197110.5506,       197110.5506,      -2101.987464,        0.08112942375,        -0.08242957377,       91150.71828,        89048.73081,           288.1402337,            286.1983497,            99297.98209,             97812.56851
          0,           0,         326,      -6.556032777,      -3.803415456,      -4.721630527,        -4.4417097,     -0.3931296609,    -0.00133210488,    -0.00133210488,      0.7203246435,        559.807112,       180197.1568,       180197.1568,       2.242789367,       577043.1145,      -3.683120429,       240.2332989,         18.98338369,     -0.0002627792834,               0.1559161159,       574.3419842,       574.3419842,       197118.1569,       197118.1569,      -2102.096386,        0.08113458745,        -0.08246669233,       91149.62658,         89047.5302,           288.1402764,            286.2017077,            99298.03303,             97820.12392
          0,           0,         327,      -6.548080942,      -3.809328778,      -4.726242986,      -4.446949746,     -0.3928960296,   -0.001363165657,   -0.001363165657,      0.7205247027,       559.8022792,       180194.8889,       180194.8889,       2.242781125,       577046.3786,      -3.728106667,        240.295142,         19.01569202,     -0.0002627722428,               0.1561157537,        574.345233,        574.345233,       197125.5641,       197125.5641,      -2102.206141,        0.08113968803,        -0.08250285369,        91148.5475,        89046.34136,           288.1403182,            286.2049148,             99298.0828,             97827.48133
          0,           0,         328,      -6.540570866,       -3.81518291,      -4.730772244,      -4.452156896,     -0.3926678845,   -0.001393343336,   -0.001393343336,      0.7207201425,        559.797483,       180192.6459,       180192.6459,       2.242773039,       577049.4932,      -3.771788725,       240.3554809,         19.04765095,     -0.0002627532098,               0.1563140615,        574.348333,        574.348333,       197132.7753,       197132.7753,      -2102.315235,        0.08114472717,         -0.0825380705,       91147.48057,        89045.16533,           288.1403589,            286.2079741,            99298.13132,             97834.64403
          0,           0,         329,      -6.533479246,      -3.820971237,       -4.73522274,      -4.457330594,     -0.3924457577,    -0.00142264945,    -0.00142264945,      0.7209110266,       559.7927241,       180190.4283,       180190.4283,       2.242765112,       577052.4615,       -3.81418247,       240.4143378,         19.07925907,     -0.0002627219252,               0.1565110132,       574.3512874,       574.3512874,       197139.7939,       197139.7939,      -2102.422195,        0.08114970669,        -0.08257235614,       91146.42527,        89044.00307,           288.1403985,            286.2108889,            99298.17847,             97841.61541
          0,           0,         330,      -6.526784155,      -3.826687335,      -4.739599873,      -4.462470428,     -0.3922301162,   -0.001451096019,   -0.001451096019,      0.7210974223,       559.7880035,       180188.2366,       180188.2366,       2.242757343,        577055.287,      -3.855304519,       240.4717359,         19.11051508,     -0.0002626781856,                0.156706582,       574.3540996,       574.3540996,       197146.6231,       197146.6231,      -2102.525568,        0.08115462853,        -0.08260572455,       91145.38107,         89042.8555,           288.1404368,            286.2136628,            99298.22416,             97848.39895
          0,           0,         331,      -6.520464929,      -3.832325011,      -4.743909923,      -4.467576125,     -0.3920213636,   -0.001478695509,   -0.001478695509,      0.7212794005,       559.7833219,       180186.0709,       180186.0709,       2.242749735,        577057.973,      -3.895172165,       240.5276996,         19.14141776,     -0.0002626218428,               0.1569007407,       574.3567731,       574.3567731,       197153.2665,       197153.2665,      -2102.623918,        0.08115949478,        -0.08263819029,        91144.3474,        89041.72348,           288.1404739,            286.2162992,            99298.26828,             97854.99826
          0,           0,         332,      -6.514502058,      -3.837878343,      -4.748159982,      -4.472647553,     -0.3918198421,   -0.001505460772,   -0.001505460772,      0.7214570353,       559.7786798,       180183.9315,       180183.9315,       2.242742287,        577060.523,      -3.933803309,       240.5822544,           19.171966,     -0.0002625528037,               0.1570934615,       574.3593112,       574.3593112,       197159.7277,       197159.7277,       -2102.71583,        0.08116430768,        -0.08266976845,       91143.32365,        89040.60782,           288.1405095,            286.2188016,            99298.31072,               97861.417
          0,           0,         333,      -6.508877096,      -3.843341714,      -4.752357854,      -4.477684702,     -0.3916258353,   -0.001531405005,   -0.001531405005,      0.7216304041,       559.7740777,       180181.8184,       180181.8184,       2.242734999,       577062.9406,       -3.97121638,       240.6354269,         19.20215879,     -0.0002624710295,               0.1572847165,       574.3617174,       574.3617174,       197166.0103,       197166.0103,      -2102.799905,        0.08116906959,        -0.08270047459,       91142.30917,        89039.50926,           288.1405437,            286.2211737,            99298.35137,              97867.6589
          0,           0,         334,      -6.503572574,      -3.848709847,      -4.756512037,      -4.482687709,     -0.3914395702,   -0.001556541699,   -0.001556541699,      0.7217995872,       559.7695163,       180179.7318,       180179.7318,       2.242727868,       577065.2293,       -4.00743027,       240.6872445,         19.23199522,     -0.0002623765341,               0.1574744775,       574.3639954,       574.3639954,       197172.1179,       197172.1179,      -2102.874763,        0.08117378304,        -0.08273032474,       91141.30328,        89038.42851,           288.1405763,            286.2234191,             99298.3901,             97873.72777
          0,           0,         335,      -6.498571924,      -3.853977842,      -4.760631542,       -4.48765682,     -0.3912612205,   -0.001580884596,   -0.001580884596,      0.7219646676,       559.7649957,       180177.6715,       180177.6715,       2.242720893,       577067.3927,       -4.04246426,       240.7377356,         19.26147449,     -0.0002622693833,               0.1576627159,       574.3661487,       574.3661487,       197178.0543,       197178.0543,      -2102.939039,        0.08117845072,        -0.08275933531,       91140.30526,        89037.36622,           288.1406071,            286.2255415,             99298.4268,             97879.62747
          0,           0,         336,      -6.493859412,      -3.859141203,      -4.764725812,      -4.492592388,     -0.3910909094,   -0.001604447635,   -0.001604447635,      0.7221257312,       559.7605163,       180175.6373,       180175.6373,        2.24271407,       577069.4344,      -4.076337953,       240.7869296,         19.29059587,     -0.0002621496925,               0.1578494034,       574.3681809,       574.3681809,       197183.8232,       197183.8232,      -2102.991385,        0.08118307546,        -0.08278752309,       91139.31434,        89036.32296,           288.1406362,            286.2275447,            99298.46134,             97885.36189
          0,           0,         337,      -6.489420077,      -3.864195864,       -4.76880462,      -4.497494868,     -0.3909287124,   -0.001627244917,   -0.001627244917,      0.7222828661,       559.7560783,        180173.629,        180173.629,       2.242707395,       577071.3582,      -4.109071208,       240.8348564,         19.31935876,     -0.0002620176251,               0.1580345111,       574.3700957,       574.3700957,       197189.4286,       197189.4286,      -2103.030468,        0.08118766026,        -0.08281490518,       91138.32974,        89035.29928,           288.1406634,            286.2294322,             99298.4936,             97890.93498
          0,           0,         338,      -6.485239679,      -3.869138212,      -4.772877953,      -4.502364802,     -0.3907746612,   -0.001649290655,   -0.001649290655,      0.7224361629,       559.7516818,       180171.6463,       180171.6463,       2.242700864,       577073.1677,      -4.140684072,       240.8815469,         19.34776265,     -0.0002618733902,               0.1582180106,       574.3718967,       574.3718967,       197194.8741,       197194.8741,      -2103.054969,         0.0811922083,        -0.08284149895,       91137.35062,        89034.29565,           288.1406886,             286.231208,            99298.52345,             97896.35069
          0,           0,         339,       -6.48130465,      -3.873965106,      -4.776955888,      -4.507202799,     -0.3906287463,   -0.001670599136,   -0.001670599136,      0.7225857142,       559.7473268,       180169.6886,       180169.6886,        2.24269447,       577074.8665,      -4.171196718,       240.9270325,         19.37580711,     -0.0002617172402,               0.1583998732,       574.3735875,       574.3735875,       197200.1638,       197200.1638,      -2103.063583,        0.08119672289,        -0.08286732203,        91136.3761,        89033.31251,           288.1407117,            286.2328758,            99298.55076,             97901.61302
          0,           0,         340,      -6.477602053,       -3.87867389,      -4.781048548,      -4.512009548,     -0.3904909205,   -0.001691184675,   -0.001691184675,      0.7227316146,       559.7430132,       180167.7555,       180167.7555,       2.242688208,       577076.4584,      -4.200629385,       240.9713453,         19.40349184,     -0.0002615494681,               0.1585800708,       574.3751719,       574.3751719,       197205.3014,       197205.3014,      -2103.055019,        0.08120120754,        -0.08289239221,       91135.40526,        89032.35025,           288.1407326,            286.2344393,            99298.57542,             97906.72594
          0,           0,         341,      -6.474119543,      -3.883262396,      -4.785165945,      -4.516785787,     -0.3903611026,   -0.001711061579,   -0.001711061579,      0.7228739605,       559.7387409,       180165.8463,       180165.8463,        2.24268207,       577077.9469,      -4.229002313,        241.014518,         19.43081662,     -0.0002613704048,                0.158758575,       574.3766535,       574.3766535,       197210.2907,       197210.2907,      -2103.027995,         0.0812056659,        -0.08291672748,       91134.43717,        89031.40917,           288.1407512,            286.2359023,            99298.59727,             97911.69345
          0,           0,         342,      -6.470845339,      -3.887728956,      -4.789317887,      -4.521532288,     -0.3902391803,   -0.001730244108,   -0.001730244108,      0.7230128499,       559.7345095,       180163.9604,       180163.9604,       2.242676049,       577079.3357,      -4.256335692,       241.0565836,         19.45778131,     -0.0002611804161,               0.1589353579,       574.3780358,       574.3780358,       197215.1358,       197215.1358,      -2102.981242,        0.08121010181,        -0.08294034592,       91133.47082,        89030.48958,           288.1407674,            286.2372684,            99298.61621,             97916.51955
          0,           0,         343,      -6.467768194,      -3.892072388,      -4.793513887,      -4.526249851,     -0.3901250139,   -0.001748746438,   -0.001748746438,      0.7231483821,       559.7303189,       180162.0969,       180162.0969,       2.242670137,       577080.6285,      -4.282649598,       241.0975759,         19.48438589,        -0.0002609799,               0.1591103922,       574.3793226,       574.3793226,       197219.8403,       197219.8403,      -2102.913502,        0.08121451928,        -0.08296326572,       91132.50519,        89029.59169,            288.140781,            286.2385415,            99298.63208,              97921.2082
          0,           0,         344,      -6.464877366,      -3.896291998,      -4.797763071,      -4.530939287,     -0.3900184394,   -0.001766582625,   -0.001766582625,       0.723280658,       559.7261685,       180160.2549,       180160.2549,       2.242664323,       577081.8289,      -4.307963947,       241.1375288,         19.51063042,      -0.000260769283,               0.1592836504,       574.3805173,       574.3805173,       197224.4081,       197224.4081,      -2102.823524,        0.08121892246,        -0.08298550508,       91131.53922,        89028.71569,            288.140792,            286.2397253,            99298.64477,             97925.76336
          0,           0,         345,      -6.462162607,      -3.900387558,      -4.802074092,      -4.535601408,      -0.389919272,    -0.00178376657,    -0.00178376657,      0.7234097794,       559.7220579,       180158.4335,       180158.4335,       2.242658598,       577082.9403,      -4.332298438,       241.1764767,         19.53651507,     -0.0002605490175,                0.159455106,       574.3816236,       574.3816236,       197228.8431,       197228.8431,      -2102.710067,         0.0812233157,        -0.08300708227,       91130.57179,        89027.86173,           288.1408003,            286.2408233,            99298.65415,             97930.18897
          0,           0,         346,      -6.459614132,      -3.904359294,      -4.806455049,       -4.54023701,     -0.3898273088,   -0.001800311991,   -0.001800311991,      0.7235358491,       559.7179864,       180156.6317,       180156.6317,       2.242652951,       577083.9664,      -4.355672507,       241.2144542,         19.56204007,     -0.0002603195778,               0.1596247326,       574.3826449,       574.3826449,        197233.149,        197233.149,      -2102.571896,         0.0812277035,        -0.08302801549,       91129.60178,        89027.02988,           288.1408057,            286.2418392,            99298.66007,             97934.48891
          0,           0,         347,      -6.457222616,      -3.908207856,        -4.8109134,      -4.544846864,     -0.3897423325,   -0.001816232386,   -0.001816232386,      0.7236589709,       559.7139535,       180154.8482,       180154.8482,       2.242647371,       577084.9107,      -4.378105279,       241.2514963,         19.58720577,     -0.0002600814576,               0.1597925046,       574.3835847,       574.3835847,       197237.3295,       197237.3295,      -2102.407786,        0.08123209054,        -0.08304832292,       91128.62799,         89026.2202,           288.1408081,            286.2427766,            99298.66242,             97938.66704
          0,           0,         348,       -6.45497917,      -3.911934297,      -4.815455896,      -4.549431699,     -0.3896641138,   -0.001831541009,   -0.001831541009,       0.723779249,       559.7099583,       180153.0819,       180153.0819,       2.242641847,       577085.7765,      -4.399615521,       241.2876379,          19.6120126,      -0.000259835166,               0.1599583969,       574.3844464,       574.3844464,       197241.3883,       197241.3883,      -2102.216512,        0.08123648165,        -0.08306802266,       91127.64922,        89025.43271,           288.1408075,             286.243639,            99298.66107,             97942.72718
          0,           0,         349,      -6.452875335,      -3.915540036,      -4.820088542,      -4.553992205,      -0.389592415,    -0.00184625084,    -0.00184625084,      0.7238967884,       559.7060002,       180151.3316,       180151.3316,       2.242636364,       577086.5672,      -4.420221606,       241.3229145,         19.63646106,     -0.0002595812247,                0.160122385,       574.3852335,       574.3852335,        197245.329,        197245.329,      -2101.996858,        0.08124088184,        -0.08308713268,       91126.66422,        89024.66736,           288.1408037,            286.2444298,            99298.65588,             97946.67309
          0,           0,         350,      -6.450903071,      -3.919026826,      -4.824816484,      -4.558529008,     -0.3895269918,   -0.001860374559,   -0.001860374559,      0.7240116945,       559.7020781,       180149.5958,       180149.5958,       2.242630911,       577087.2863,      -4.439941466,       241.3573612,         19.66055178,     -0.0002593201644,               0.1602844453,       574.3859492,       574.3859492,       197249.1552,       197249.1552,      -2101.747611,        0.08124529628,        -0.08310567084,        91125.6717,        89023.92409,           288.1407966,            286.2451526,            99298.64674,             97950.50848
          0,           0,         351,      -6.449054748,      -3.922396715,      -4.829643965,      -4.563042661,     -0.3894675966,   -0.001873924522,   -0.001873924522,      0.7241240726,       559.6981911,       180147.8731,       180147.8731,       2.242625472,       577087.9369,      -4.458792562,       241.3910135,         19.68428542,     -0.0002590525216,               0.1604445545,       574.3865967,       574.3865967,       197252.8705,       197252.8705,       -2101.46756,        0.08124973028,        -0.08312365481,       91124.67035,        89023.20279,           288.1407862,            286.2458106,            99298.63352,               97954.237
          0,           0,         352,      -6.447323139,      -3.925652006,      -4.834574259,      -4.567533643,     -0.3894139809,   -0.001886912742,   -0.001886912742,      0.7242340286,       559.6943382,       180146.1621,       180146.1621,       2.242620035,       577088.5223,      -4.476791844,       241.4239068,         19.70766276,     -0.0002587788356,               0.1606026905,       574.3871794,       574.3871794,       197256.4783,       197256.4783,      -2101.155496,        0.08125418934,        -0.08314110208,       91123.65881,        89022.50331,           288.1407723,            286.2464071,            99298.61609,             97957.86222
          0,           0,         353,      -6.445701412,      -3.928795219,       -4.83960962,      -4.572002344,      -0.389365897,   -0.001899350862,   -0.001899350862,      0.7243416682,       559.6905182,       180144.4612,       180144.4612,       2.242614584,       577089.0456,       -4.49395572,       241.4560765,         19.73068466,      -0.000258499645,               0.1607588318,       574.3877002,       574.3877002,        197259.982,        197259.982,      -2100.810213,        0.08125867908,        -0.08315802994,       91122.63569,        89021.82548,           288.1407548,            286.2469454,            99298.59434,             97961.38767
          0,           0,         354,      -6.444183125,      -3.931829041,      -4.844751219,      -4.576449062,     -0.3893231008,   -0.001911250139,   -0.001911250139,      0.7244470969,       559.6867301,       180142.7687,       180142.7687,       2.242609103,       577089.5098,       -4.51030003,       241.4875579,         19.75335204,     -0.0002582154852,               0.1609129578,       574.3881623,       574.3881623,       197263.3849,       197263.3849,      -2100.430502,         0.0812632053,        -0.08317445544,       91121.59959,        89021.16909,           288.1407336,            286.2474287,            99298.56816,             97964.81679
          0,           0,         355,      -6.442762223,      -3.934756293,      -4.849999088,      -4.580873997,     -0.3892853534,    -0.00192262143,    -0.00192262143,      0.7245504201,       559.6829726,        180141.083,        180141.083,       2.242603577,       577089.9181,      -4.525840015,       241.5183862,         19.77566592,     -0.0002579268851,               0.1610650487,       574.3885687,       574.3885687,       197266.6904,       197266.6904,      -2100.015157,        0.08126777393,        -0.08319039536,       91120.54906,         89020.5339,           288.1407087,              286.24786,            99298.53741,             97968.15294
          0,           0,         356,      -6.441433028,      -3.937579882,      -4.855352073,      -4.585277245,      -0.389252423,   -0.001933475168,   -0.001933475168,      0.7246517429,       559.6792443,       180139.4022,       180139.4022,       2.242597989,       577090.2733,      -4.540590293,       241.5485964,         19.79762739,     -0.0002576343645,               0.1612150857,       574.3889222,       574.3889222,       197269.9014,       197269.9014,       -2099.56297,        0.08127239106,        -0.08320586622,       91119.48261,        89019.91964,           288.1406799,            286.2482423,            99298.50201,             97971.39942
          0,           0,         357,      -6.440190238,      -3.940302758,      -4.860807774,        -4.5896588,     -0.3892240865,   -0.001943821358,   -0.001943821358,      0.7247511697,        559.675544,       180137.7248,       180137.7248,       2.242592321,       577090.5782,       -4.55456484,       241.5782235,          19.8192376,     -0.0002573384314,               0.1613630509,       574.3892257,       574.3892257,       197273.0213,       197273.0213,      -2099.072731,        0.08127706289,        -0.08322088425,       91118.39875,        89019.32601,           288.1406472,            286.2485785,            99298.46182,             97974.55943
          0,           0,         358,      -6.439028919,      -3.942927882,      -4.866362501,      -4.594018544,     -0.3892001307,   -0.001953669558,   -0.001953669558,      0.7248488047,       559.6718702,       180136.0486,       180136.0486,       2.242586558,       577090.8357,      -4.567776968,       241.6073021,          19.8404978,     -0.0002570395794,               0.1615089272,        574.389482,        574.389482,       197276.0529,       197276.0529,      -2098.543227,         0.0812817958,        -0.08323546536,       91117.29593,        89018.75271,           288.1406105,            286.2488715,            99298.41676,             97977.63611
          0,           0,         359,      -6.437944503,      -3.945458178,      -4.872011203,      -4.598356251,     -0.3891803538,   -0.001963028868,   -0.001963028868,      0.7249447511,       559.6682214,        180134.372,        180134.372,       2.242580681,       577091.0484,       -4.58023931,       241.6358667,          19.8614093,     -0.0002567382854,               0.1616526987,       574.3896937,       574.3896937,       197278.9992,       197278.9992,      -2097.973243,        0.08128659627,        -0.08324962513,       91116.17261,        89018.19937,           288.1405696,            286.2491241,            99298.36672,             97980.63248
          0,           0,         360,      -6.436932778,      -3.947896504,      -4.877747476,      -4.602671594,     -0.3891645666,   -0.001971907927,   -0.001971907927,      0.7250391117,       559.6645962,       180132.6929,       180132.6929,       2.242574672,        577091.219,      -4.591963805,       241.6639513,         19.88197347,     -0.0002564350075,               0.1617943504,       574.3898635,       574.3898635,       197281.8631,       197281.8631,      -2097.361561,         0.0812914709,        -0.08326337883,       91115.02721,        89017.66564,           288.1405246,            286.2493389,            99298.31159,             97983.55152
          0,           0,         361,      -6.435989887,      -3.950245616,      -4.883563492,      -4.606964141,     -0.3891525931,     -0.0019803149,     -0.0019803149,      0.7251319883,        559.660993,       180131.0092,       180131.0092,       2.242568513,       577091.3499,      -4.602961688,       241.6915899,         19.90219177,     -0.0002561301827,               0.1619338683,       574.3899938,       574.3899938,       197284.6474,       197284.6474,      -2096.706959,        0.08129642645,        -0.08327674135,        91113.8581,        89017.15114,           288.1404752,            286.2495185,            99298.25129,             97986.39607
          0,           0,         362,      -6.435112319,      -3.952508135,      -4.889449963,      -4.611233357,     -0.3891442713,   -0.001988257476,   -0.001988257476,      0.7252234816,       559.6574101,       180129.3191,       180129.3191,       2.242562185,       577091.4437,      -4.613243476,       241.7188159,         19.92206571,     -0.0002558242251,               0.1620712394,       574.3900871,       574.3900871,       197287.3546,       197287.3546,      -2096.008209,        0.08130146976,        -0.08328972724,       91112.66367,        89016.65546,           288.1404216,            286.2496655,            99298.18573,             97989.16892
          0,           0,         363,      -6.434296901,      -3.954686525,      -4.895396128,      -4.615478615,      -0.389139454,    -0.00199574286,    -0.00199574286,      0.7253136917,        559.653846,       180127.6204,       180127.6204,       2.242555669,       577091.5026,       -4.62281897,       241.7456626,         19.94159686,     -0.0002555175243,               0.1622064517,       574.3901457,       574.3901457,       197289.9876,       197289.9876,       -2095.26408,         0.0813066078,        -0.08330235066,       91111.44226,        89016.17818,           288.1403635,            286.2497822,            99298.11481,             97991.87274
          0,           0,         364,      -6.433540795,       -3.95678306,      -4.901389738,      -4.619699194,     -0.3891380091,   -0.002002777777,   -0.002002777777,      0.7254027173,       559.6502988,       180125.9111,       180125.9111,       2.242548945,        577091.529,      -4.631697242,       241.7721626,         19.96078687,     -0.0002552104436,               0.1623394945,        574.390172,        574.390172,       197292.5486,       197292.5486,      -2094.473337,        0.08131184762,         -0.0833146254,       91110.19221,        89015.71887,           288.1403009,            286.2498711,            99298.03846,             97994.51014
          0,           0,         365,      -6.432841483,      -3.958799811,      -4.907417065,      -4.623894294,     -0.3891398198,   -0.002009368464,   -0.002009368464,      0.7254906562,        559.646767,       180124.1889,       180124.1889,       2.242541995,        577091.525,      -4.639886637,       241.7983484,         19.97963745,      -0.000254903319,               0.1624703578,        574.390168,        574.390168,       197295.0402,       197295.0402,      -2093.634739,        0.08131719641,        -0.08332656487,       91108.91182,        89015.27709,           288.1402338,            286.2499342,             99297.9566,             97997.08362
          0,           0,         366,      -6.432196765,      -3.960738623,      -4.913462915,      -4.628063041,     -0.3891447849,   -0.002015520676,   -0.002015520676,      0.7255776049,       559.6432487,       180122.4518,       180122.4518,       2.242534798,       577091.4928,      -4.647394776,       241.8242519,         19.99815036,     -0.0002545964577,               0.1625990328,        574.390136,        574.390136,       197297.4647,       197297.4647,      -2092.747041,        0.08132266141,        -0.08333818209,       91107.59941,        89014.85237,           288.1401621,            286.2499739,            99297.86915,             97999.59558
          0,           0,         367,      -6.431604748,      -3.962601101,      -4.919510671,      -4.632204497,     -0.3891528186,   -0.002021239684,   -0.002021239684,      0.7256636586,       559.6397421,       180120.6975,       180120.6975,       2.242527335,       577091.4344,      -4.654228552,       241.8499047,         20.01632741,     -0.0002542901372,                0.162725512,       574.3900779,       574.3900779,       197299.8244,       197299.8244,       -2091.80899,        0.08132824997,        -0.08334948966,       91106.25324,        89014.44424,           288.1400857,            286.2499922,            99297.77606,             98002.04835
          0,           0,         368,      -6.431063833,        -3.9643886,      -4.925542361,      -4.636317673,     -0.3891638507,   -0.002026530283,   -0.002026530283,      0.7257489113,       559.6362455,       180118.9238,       180118.9238,       2.242519585,       577091.3518,      -4.660394141,       241.8753377,          20.0341705,     -0.0002539846043,               0.1628497885,       574.3899956,       574.3899956,       197302.1214,       197302.1214,      -2090.819333,        0.08133396952,         -0.0833604998,       91104.87158,        89014.05225,           288.1400046,             286.249991,            99297.67726,             98004.44416
          0,           0,         369,      -6.430572709,      -3.966102216,      -4.931538744,      -4.640401535,     -0.3891778259,   -0.002031396793,   -0.002031396793,      0.7258334555,       559.6327569,       180117.1286,       180117.1286,       2.242511529,       577091.2467,      -4.665897009,       241.9005816,         20.05168155,      -0.000253680075,               0.1629718568,       574.3898911,       574.3898911,       197304.3578,       197304.3578,      -2089.776808,        0.08133982754,        -0.08337122433,        91103.4527,         89013.6759,           288.1399188,            286.2499723,            99297.57268,             98006.78514
          0,           0,         370,      -6.430130339,      -3.967742781,      -4.937479435,      -4.644455024,      -0.389194704,   -0.002035843066,   -0.002035843066,      0.7259173824,       559.6292745,       180115.3096,       180115.3096,       2.242503146,       577091.1211,      -4.670741915,       241.9256664,         20.06886255,     -0.0002533767332,               0.1630917124,        574.389766,        574.389766,       197306.5356,       197306.5356,      -2088.680151,         0.0813458316,        -0.08338167467,       91101.99485,         89013.3147,           288.1398282,            286.2499378,            99297.46229,             98009.07335
          0,           0,         371,       -6.42973595,      -3.969310863,      -4.943343062,      -4.648477059,     -0.3892144588,   -0.002039872498,   -0.002039872498,      0.7260007817,       559.6257963,       180113.4644,       180113.4644,       2.242494417,       577090.9765,      -4.674932931,       241.9506217,         20.08571553,     -0.0002530747311,               0.1632093517,       574.3896221,       574.3896221,       197308.6568,       197308.6568,      -2087.528093,        0.08135198931,        -0.08339186181,       91100.49627,        89012.96817,           288.1397327,            286.2498894,            99297.34603,             98011.31075
          0,           0,         372,      -6.429389022,      -3.970806766,       -4.94910745,      -4.652466559,     -0.3892370782,   -0.002043488031,   -0.002043488031,      0.7260837415,       559.6223206,        180111.591,        180111.591,        2.24248532,       577090.8147,      -4.678473446,       241.9754766,         20.10224259,     -0.0002527741884,               0.1633247723,       574.3894611,       574.3894611,       197310.7231,       197310.7231,      -2086.319361,        0.08135830833,        -0.08340179636,       91098.95518,        89012.63582,           288.1396324,            286.2498287,            99297.22386,             98013.49921
          0,           0,         373,      -6.429089275,      -3.972230537,      -4.954749857,      -4.656422451,     -0.3892625631,   -0.002046692167,   -0.002046692167,      0.7261663486,       559.6188453,        180109.687,        180109.687,       2.242475835,       577090.6372,       -4.68136619,       242.0002596,         20.11844584,     -0.0002524751932,               0.1634379727,       574.3892844,       574.3892844,       197312.7363,       197312.7363,      -2085.052681,        0.08136479638,        -0.08341148854,       91097.36983,        89012.31715,           288.1395271,            286.2497572,            99297.09576,             98015.64053
          0,           0,         374,      -6.428836656,      -3.973581973,       -4.96024723,      -4.660343688,      -0.389290927,    -0.00204948698,    -0.00204948698,       0.726248688,       559.6153686,       180107.7501,       180107.7501,       2.242465943,       577090.4454,      -4.683613244,       242.0249987,         20.13432748,     -0.0002521778011,               0.1635489527,       574.3890935,       574.3890935,       197314.6981,       197314.6981,      -2083.726774,        0.08137146117,        -0.08342094816,       91095.73845,        89012.01167,            288.139417,            286.2496765,             99296.9617,             98017.73642
          0,           0,         375,      -6.428631329,      -3.974860627,      -4.965576508,      -4.664229259,     -0.3893221949,   -0.002051874127,   -0.002051874127,      0.7263308432,       559.6118884,       180105.7782,       180105.7782,       2.242455623,       577090.2407,      -4.685216063,       242.0497213,         20.14988973,     -0.0002518820365,               0.1636577127,       574.3888898,       574.3888898,       197316.6101,       197316.6101,      -2082.340361,        0.08137831049,        -0.08343018462,       91094.05926,         89011.7189,            288.139302,            286.2495878,            99296.82164,              98019.7885
          0,           0,         376,      -6.428473659,      -3.976065828,      -4.970714947,      -4.668078205,     -0.3893564028,   -0.002053854859,   -0.002053854859,      0.7264128961,       559.6084028,       180103.7688,       180103.7688,       2.242444854,       577090.0246,      -4.686175492,       242.0744542,         20.16513485,     -0.0002515878925,               0.1637642543,       574.3886746,       574.3886746,       197318.4739,       197318.4739,      -2080.892161,        0.08138535211,        -0.08343920697,        91092.3305,        89011.43834,            288.139182,            286.2494927,            99296.67559,             98021.79832
          0,           0,         377,      -6.428364204,      -3.977196693,      -4.975640467,      -4.671889627,     -0.3893935969,    -0.00205543004,    -0.00205543004,      0.7264949269,       559.6049099,       180101.7199,       180101.7199,       2.242433618,       577089.7981,      -4.686491794,       242.0992238,         20.18006514,     -0.0002512953318,               0.1638685801,       574.3884493,       574.3884493,       197320.2909,       197320.2909,      -2079.380893,        0.08139259381,        -0.08344802385,        91090.5504,        89011.16951,            288.139057,            286.2493922,            99296.52352,             98023.76735
          0,           0,         378,      -6.428303698,      -3.978252144,      -4.980332044,      -4.675662711,     -0.3894338321,   -0.002056600161,   -0.002056600161,      0.7265770141,       559.6014078,       180099.6292,       180099.6292,       2.242421894,       577089.5627,      -4.686164667,       242.1240558,         20.19468297,     -0.0002510042871,               0.1639706936,       574.3882149,       574.3882149,       197322.0624,       197322.0624,      -2077.805277,        0.08140004337,        -0.08345664353,       91088.71721,        89010.91194,           288.1389271,            286.2492877,            99296.36545,             98025.69698
          0,           0,         379,       -6.42829304,      -3.979230927,      -4.984770079,      -4.679396728,     -0.3894771717,   -0.002057365352,   -0.002057365352,      0.7266592346,       559.5978944,       180097.4943,       180097.4943,       2.242409662,       577089.3192,      -4.685193272,       242.1489754,          20.2089907,     -0.0002507146627,               0.1640705994,       574.3879726,       574.3879726,       197323.7899,       197323.7899,      -2076.164036,        0.08140770857,        -0.08346507392,       91086.82919,        89010.66515,           288.1387923,            286.2491803,            99296.20137,             98027.58854
          0,           0,         380,      -6.428333283,      -3.980131638,      -4.988936762,      -4.683091053,     -0.3895236862,   -0.002057725405,   -0.002057725405,      0.7267416635,       559.5943679,       180095.3133,       180095.3133,       2.242396903,       577089.0689,       -4.68357626,       242.1740072,         20.22299077,     -0.0002504263346,               0.1641683026,       574.3877234,       574.3877234,       197325.4746,       197325.4746,      -2074.455896,        0.08141559715,        -0.08347332256,       91084.88458,        89010.42868,           288.1386526,            286.2490709,            99296.03131,             98029.44328
          0,           0,         381,      -6.428425621,      -3.980952744,       -4.99281644,      -4.686745171,     -0.3895734521,   -0.002057679788,   -0.002057679788,      0.7268243742,       559.5908263,       180093.0837,       180093.0837,       2.242383597,       577088.8127,      -4.681311795,        242.199175,         20.23668562,     -0.0002501391524,               0.1642638097,       574.3874685,       574.3874685,       197327.1177,       197327.1177,      -2072.679585,        0.08142371685,        -0.08348139664,       91082.88166,        89010.20208,           288.1385079,            286.2489605,            99295.85527,             98031.26239
          0,           0,         382,      -6.428571378,      -3.981692604,       -4.99639594,      -4.690358689,     -0.3896265513,   -0.002057227666,   -0.002057227666,      0.7269074383,       559.5872676,       180090.8036,       180090.8036,       2.242369727,       577088.5516,      -4.678397588,       242.2245024,         20.25007774,       -0.00024985294,               0.1643571277,       574.3872086,       574.3872086,       197328.7203,       197328.7203,      -2070.833841,        0.08143207534,          -0.083489303,       91080.81873,        89009.98489,           288.1383584,            286.2488502,            99295.67329,             98033.04697
          0,           0,         383,      -6.428771995,      -3.982349503,      -4.999664858,      -4.693931344,     -0.3896830699,   -0.002056367917,   -0.002056367917,      0.7269909259,         559.58369,       180088.4708,       180088.4708,       2.242355272,       577088.2864,       -4.67483092,       242.2500121,         20.26316966,     -0.0002495674974,               0.1644482646,       574.3869446,       574.3869446,       197330.2835,       197330.2835,      -2068.917404,        0.08144068025,        -0.08349704817,        91078.6941,        89009.77669,            288.138204,            286.2487407,             99295.4854,              98034.7981
          0,           0,         384,      -6.429029021,      -3.982921673,       -5.00261585,      -4.697463036,     -0.3897430969,   -0.002055099153,   -0.002055099153,      0.7270749051,       559.5800916,       180086.0831,       180086.0831,       2.242340215,       577088.0181,       -4.67060868,       242.2757263,         20.27596392,     -0.0002492826017,               0.1645372292,       574.3866775,       574.3866775,       197331.8084,       197331.8084,      -2066.929027,        0.08144953917,        -0.08350463832,       91076.50608,        89009.57705,           288.1380448,            286.2486328,            99295.29164,             98036.51677
          0,           0,         385,      -6.429344102,      -3.983407321,      -5.005244669,      -4.700953779,     -0.3898067239,   -0.002053419742,   -0.002053419742,      0.7271594422,       559.5764705,       180083.6386,       180083.6386,       2.242324538,       577087.7473,      -4.665727387,       242.3016666,         20.28846311,     -0.0002489980087,               0.1646240312,        574.386408,        574.386408,        197333.296,        197333.296,       -2064.86747,         0.0814586596,        -0.08351207934,       91074.25302,        89009.38555,           288.1378808,            286.2485272,            99295.09207,             98038.20392
          0,           0,         386,      -6.429718969,      -3.983804661,      -5.007550271,      -4.704403713,     -0.3898740435,   -0.002051327827,   -0.002051327827,       0.727244602,       559.5728249,       180081.1351,       180081.1351,       2.242308222,       577087.4748,      -4.660183231,       242.3278541,         20.30066983,      -0.000248713455,               0.1647086808,       574.3861368,       574.3861368,       197334.7472,       197334.7472,      -2062.731507,        0.08146804897,         -0.0835193768,       91071.93329,        89009.20178,           288.1377121,            286.2484247,            99294.88673,             98039.86044
          0,           0,         387,      -6.430155432,       -3.98411194,      -5.009534944,      -4.707813152,     -0.3899451485,   -0.002048821346,   -0.002048821346,      0.7273304473,       559.5691529,       180078.5707,       180078.5707,       2.242291251,       577087.2013,      -4.653972099,       242.3543091,         20.31258672,     -0.0002484286586,               0.1647911892,       574.3858645,       574.3858645,       197336.1629,       197336.1629,      -2060.519924,        0.08147771463,        -0.08352653597,        91069.5453,        89009.02537,           288.1375387,            286.2483259,             99294.6757,             98041.48715
          0,           0,         388,      -6.430655369,      -3.984327465,      -5.011204193,      -4.711182562,     -0.3900201312,   -0.002045898057,   -0.002045898057,      0.7274170392,       559.5654527,       180075.9434,       180075.9434,       2.242273607,       577086.9274,      -4.647089611,       242.3810515,         20.32421642,     -0.0002481433217,               0.1648715683,        574.385592,        574.385592,       197337.5439,       197337.5439,      -2058.231522,         0.0814876638,        -0.08353356186,       91067.08745,        89008.85593,           288.1373607,            286.2482313,            99294.45905,             98043.08487
          0,           0,         389,      -6.431220716,      -3.984449636,      -5.012566604,      -4.714512558,     -0.3900990823,   -0.002042555554,   -0.002042555554,      0.7275044371,       559.5617226,       180073.2513,       180073.2513,       2.242255274,       577086.6538,      -4.639531153,       242.4081005,         20.33556162,     -0.0002478571316,               0.1649498305,       574.3853196,       574.3853196,       197338.8912,       197338.8912,      -2055.865119,        0.08149790364,         -0.0835404592,       91064.55822,         89008.6931,           288.1371781,            286.2481415,            99294.23685,             98044.65431
          0,           0,         390,      -6.431853463,      -3.984476965,      -5.013633639,      -4.717803908,     -0.3901820898,   -0.002038791295,   -0.002038791295,      0.7275926984,       559.5579608,       180070.4926,       180070.4926,       2.242236236,        577086.381,      -4.631291912,       242.4354747,         20.34662503,     -0.0002475697633,               0.1650259889,       574.3850481,       574.3850481,       197340.2054,       197340.2054,      -2053.419552,        0.08150844116,        -0.08354723245,       91061.95608,        89008.53653,           288.1369911,             286.248057,            99294.00919,             98046.19619
          0,           0,         391,      -6.432555643,       -3.98440811,      -5.014419381,      -4.721057525,     -0.3902692385,    -0.00203460262,    -0.00203460262,      0.7276818791,       559.5541657,       180067.6654,       180067.6654,       2.242216477,       577086.1096,      -4.622366906,       242.4631922,         20.35740936,     -0.0002472808803,               0.1651000575,       574.3847779,       574.3847779,       197341.4874,       197341.4874,      -2050.893678,        0.08151928324,        -0.08355388586,       91059.27955,        89008.38588,           288.1367997,            286.2479782,            99293.77618,             98047.71117
          0,           0,         392,      -6.433329327,      -3.984241896,      -5.014940221,      -4.724274462,     -0.3903606091,   -0.002029986775,   -0.002029986775,       0.727772033,       559.5503355,        180064.768,        180064.768,       2.242195982,       577085.8399,      -4.612751025,       242.4912703,         20.36791737,     -0.0002469901376,               0.1651720505,       574.3845096,       574.3845096,       197342.7378,       197342.7378,      -2048.286376,        0.08153043664,        -0.08356042342,        91056.5272,        89008.24083,            288.136604,            286.2479056,             99293.5379,             98049.19988
          0,           0,         393,      -6.434176618,      -3.983977338,       -5.01521452,      -4.727455913,      -0.390456277,   -0.002024940931,   -0.002024940931,      0.7278632125,       559.5464686,       180061.7987,       180061.7987,       2.242174736,       577085.5726,      -4.602439062,       242.5197259,          20.3781518,     -0.0002466971825,                0.165241983,       574.3842435,       574.3842435,       197343.9574,       197343.9574,       -2045.59655,        0.08154190797,         -0.0835668489,       91053.69762,        89008.10107,           288.1364041,            286.2478394,            99293.29448,             98050.66289
          0,           0,         394,      -6.435099642,      -3.983613665,      -5.015262245,      -4.730603198,     -0.3905563121,   -0.002019462212,   -0.002019462212,      0.7279554679,       559.5425634,       180058.7558,       180058.7558,       2.242152726,       577085.3081,      -4.591425744,       242.5485752,         20.38811545,     -0.0002464016572,               0.1653098705,       574.3839802,       574.3839802,       197345.1468,       197345.1468,       -2042.82313,        0.08155370366,        -0.08357316587,       91050.78945,        89007.96632,              288.1362,            286.2477801,            99293.04603,             98052.10078
          0,           0,         395,      -6.436100547,      -3.983150335,      -5.015104594,      -4.733717761,     -0.3906607779,   -0.002013547713,   -0.002013547713,      0.7280488482,       559.5386185,       180055.6377,       180055.6377,       2.242129938,       577085.0466,      -4.579705775,        242.577834,         20.39781109,     -0.0002461032003,               0.1653757289,         574.38372,         574.38372,       197346.3067,       197346.3067,      -2039.965075,           0.08156583,        -0.08357937771,       91047.80137,        89007.83629,            288.135992,             286.247728,            99292.79267,             98053.51408
          0,           0,         396,      -6.437181496,      -3.982587057,       -5.01476364,      -4.736801155,     -0.3907697306,    -0.00200719452,    -0.00200719452,      0.7281434001,       559.5346322,       180052.4428,       180052.4428,       2.242106358,       577084.7887,      -4.567273863,       242.6075172,         20.40724154,     -0.0002458014488,               0.1654395747,       574.3834633,       574.3834633,       197347.4378,       197347.4378,      -2037.021372,        0.08157829308,         -0.0835854876,        91044.7321,        89007.71073,           288.1357801,            286.2476833,            99292.53454,             98054.90329
          0,           0,         397,      -6.438344663,      -3.981923802,      -5.014261978,      -4.739855039,     -0.3908832186,   -0.002000399738,   -0.002000399738,      0.7282391689,       559.5306032,       180049.1698,       180049.1698,       2.242081975,       577084.5348,      -4.554124756,       242.6376394,         20.41640963,     -0.0002454960397,                0.165501425,       574.3832105,       574.3832105,       197348.5407,       197348.5407,      -2033.991042,        0.08159109883,        -0.08359149856,       91041.58042,        89007.58938,           288.1355644,            286.2476462,            99292.27178,              98056.2689
          0,           0,         398,      -6.439592227,      -3.981160816,      -5.013622389,      -4.742881161,      -0.391001282,   -0.001993160507,   -0.001993160507,      0.7283361982,         559.52653,       180045.8172,       180045.8172,       2.242056777,        577084.285,      -4.540253279,       242.6682145,         20.42531818,     -0.0002451866123,                0.165561297,        574.382962,        574.382962,       197349.6159,       197349.6159,      -2030.873138,        0.08160425295,        -0.08359741345,       91038.34516,        89007.47202,            288.135345,             286.247617,            99292.00453,             98057.61137
          0,           0,         399,      -6.440926373,      -3.980298631,       -5.01286755,      -4.745881351,     -0.3911239521,   -0.001985474026,   -0.001985474026,      0.7284345295,       559.5224113,       180042.3836,       180042.3836,       2.242030752,       577084.0399,      -4.525654362,       242.6992557,         20.43397005,     -0.0002448728093,               0.1656192086,        574.382718,        574.382718,       197350.6641,       197350.6641,      -2027.666753,        0.08161776096,        -0.08360323498,       91035.02517,        89007.35842,           288.1351221,            286.2475959,            99291.73296,             98058.93115
