"Time_Iter","Outer_Iter","Inner_Iter",    "rms[Rho]"    ,    "rms[RhoU]"   ,    "rms[RhoV]"   ,    "rms[RhoW]"   ,    "rms[RhoE]"   ,  "Avg_Massflow"  ,  "Avg_Massflow"  ,    "Avg_Mach"    ,    "Avg_Temp"    ,    "Avg_Press"   ,    "Avg_Press"   ,   "Avg_Density"  ,  "Avg_Enthalpy"  ,  "Avg_NormalVel" ,   "Uniformity"   ,"Secondary_Strength","Momentum_Distortion","Secondary_Over_Uniformity",  "Avg_TotalTemp" ,  "Avg_TotalTemp" , "Avg_TotalPress" , "Avg_TotalPress" ,"Avg_Massflow(HUB)", "Avg_Press(HUB)" ,"Avg_TotalTemp(HUB)","Avg_TotalPress(HUB)"
          0,           0,           0,      -4.165478683,      -15.76847425,      -3.223954953,      -3.531746743,     -0.8904526371,   -7.91689757e-12,   -7.91689757e-12,     0.08656716208,        289.619098,       91503.89744,       91503.89744,       1.106376556,       291420.1607,     0.06997093568,      0.2799345445,         29.41865257,          15.00580886,                105.0911835,       290.0560272,       290.0560272,       91985.42644,       91985.42644,    -7.91689757e-12,       91503.89744,         290.0560272,          91985.42644
          0,           0,           1,      -4.185699111,      -4.805907039,      -3.238179043,       -3.43725118,     -0.1448002227,  -3.704106309e-06,  -3.704106309e-06,     0.08650890143,       290.3549662,       91522.98176,       91522.98176,       1.120323369,       292157.0319,   -0.002323639364,      0.2805668888,         29.42922467,          14578.25669,                104.8920091,       290.7894491,       290.7894491,       92003.33753,       92003.33753,   -3.704106309e-06,       91522.98176,         290.7894491,          92003.33753
          0,           0,           2,      -4.201824376,      -4.478914529,      -3.154369429,      -3.163049262,     -0.2929309689,  -7.265729342e-06,  -7.265729342e-06,     0.08678132783,       289.7137363,       91551.52408,       91551.52408,        1.14913566,       291508.5701,    -0.07158757699,      0.2804899666,         29.43117793,           14.3518011,                104.9277387,       290.1440228,       290.1440228,       92035.73866,       92035.73866,   -7.265729342e-06,       91551.52408,         290.1440228,          92035.73866
          0,           0,           3,      -4.213200086,      -4.413365565,      -3.039956974,      -3.003781138,     -0.2663474913,  -1.071054972e-05,  -1.071054972e-05,     0.08754630761,       287.8316456,       91579.68097,       91579.68097,       1.190996328,       289613.9046,     -0.1374709636,      0.2804187749,         29.43124474,          3.160947363,                104.9546156,       288.2582261,       288.2582261,       92074.39272,       92074.39272,   -1.071054972e-05,       91579.68097,         288.2582261,          92074.39272
          0,           0,           4,      -4.220814008,      -4.437262143,      -2.951910823,      -2.908896117,     -0.1559892883,  -1.405065585e-05,  -1.405065585e-05,     0.08873672427,       284.8790818,       91602.14775,       91602.14775,       1.244204369,       286644.1926,     -0.1994614287,       0.280350313,         29.43018272,          0.975532778,                104.9764575,       285.3024154,       285.3024154,        92113.1101,        92113.1101,   -1.405065585e-05,       91602.14775,         285.3024154,           92113.1101
          0,           0,           5,      -4.225765078,      -4.494375307,      -2.888074881,      -2.845644142,    -0.07524782284,  -1.730164742e-05,  -1.730164742e-05,     0.09029157663,        281.023787,       91614.82062,       91614.82062,       1.307237766,       282767.9345,     -0.2573926515,      0.2802861718,         29.42888056,         0.1857989366,                104.9958347,       281.4443019,       281.4443019,       92147.01215,       92147.01215,   -1.730164742e-05,       91614.82062,         281.4443019,          92147.01215
          0,           0,           6,      -4.228887191,      -4.539188372,      -2.841554291,       -2.80130808,    -0.02782731115,  -2.047795705e-05,  -2.047795705e-05,     0.09215442384,       276.4241917,       91615.21142,       91615.21142,       1.378763815,       278144.2627,     -0.3112419692,      0.2802256745,         29.42815183,        -0.1893758508,                105.0159015,       276.8422735,       276.8422735,       92172.92297,       92172.92297,   -2.047795705e-05,       91615.21142,         276.8422735,          92172.92297
          0,           0,           7,      -4.230809482,      -4.545291385,       -2.80810376,      -2.770057627,   -0.003244447865,   -2.35926898e-05,   -2.35926898e-05,     0.09428078077,        271.209188,       91592.98133,       91592.98133,       1.457614199,       272902.6393,     -0.3611025169,      0.2801688485,         29.42925319,        -0.3980247175,                105.0411327,        271.625186,        271.625186,       92179.91939,       92179.91939,    -2.35926898e-05,       91592.98133,          271.625186,          92179.91939
          0,           0,           8,      -4.231897255,      -4.521342069,      -2.784872593,      -2.748329436,    0.008418678388,  -2.665672599e-05,  -2.665672599e-05,     0.09661905886,       265.5279672,       91557.86848,       91557.86848,       1.542834585,       267192.8936,     -0.4070852278,      0.2801094105,         29.43272403,        -0.5265384531,                 105.075813,       265.9421676,       265.9421676,       92177.20483,       92177.20483,   -2.665672599e-05,       91557.86848,         265.9421676,          92177.20483
          0,           0,           9,      -4.232345609,      -4.492205576,      -2.770304824,      -2.733655706,     0.01327583627,  -2.968127517e-05,  -2.968127517e-05,     0.09913166966,       259.5007467,       91513.65771,       91513.65771,       1.633592448,        261135.791,     -0.4494054815,      0.2800519045,         29.43891862,        -0.6116705478,                105.1195087,       259.9134182,       259.9134182,       92168.17021,       92168.17021,   -2.968127517e-05,       91513.65771,         259.9134182,          92168.17021
          0,           0,          10,      -4.232362476,      -4.471064224,      -2.762721483,      -2.725614794,     0.01652266527,  -3.267519085e-05,  -3.267519085e-05,      0.1017843226,       253.2317979,       91464.01627,       91464.01627,        1.72916709,       254836.0624,     -0.4882860486,      0.2799944507,         29.44832427,        -0.6711860634,                105.1746711,       253.6431785,       253.6431785,       92156.12862,       92156.12862,   -3.267519085e-05,       91464.01627,         253.6431785,          92156.12862
          0,           0,          11,      -4.232130468,      -4.457190809,      -2.761006035,      -2.723192758,     0.01954476306,  -3.564556205e-05,  -3.564556205e-05,      0.1045476438,       246.8128176,       91411.82189,       91411.82189,        1.82892898,        248385.813,     -0.5239453874,      0.2799389561,         29.46113503,        -0.7145338389,                105.2412835,       247.2231227,       247.2231227,        92143.6544,        92143.6544,   -3.564556205e-05,       91411.82189,         247.2231227,           92143.6544
          0,           0,          12,      -4.231712289,      -4.452018936,      -2.763367637,       -2.72527596,     0.02280406503,  -3.859833263e-05,  -3.859833263e-05,      0.1073966175,       240.3200915,         91358.916,         91358.916,        1.93233539,       241861.6656,     -0.5566089034,      0.2798867616,         29.47736409,        -0.7471491507,                105.3188937,       240.7295147,       240.7295147,       92132.32786,       92132.32786,   -3.859833263e-05,         91358.916,         240.7295147,          92132.32786
          0,           0,          13,      -4.231198368,      -4.453425732,      -2.768629234,      -2.730974464,     0.02550559249,  -4.153845293e-05,  -4.153845293e-05,      0.1103108109,       233.8149058,       91305.50073,       91305.50073,       2.038914661,       235325.1748,     -0.5865043244,      0.2798389251,         29.49724023,        -0.7723467731,                105.4079243,       234.2236211,       234.2236211,       92122.12856,       92122.12856,   -4.153845293e-05,       91305.50073,         234.2236211,          92122.12856
          0,           0,          14,      -4.230641505,      -4.460423572,       -2.77581136,      -2.739400403,     0.02676153566,   -4.44698634e-05,   -4.44698634e-05,      0.1132726791,        227.346769,       91251.45921,       91251.45921,       2.148265366,       228826.0592,      -0.613849846,      0.2797949049,         29.52097108,        -0.7922431745,                105.5093233,       227.7549278,       227.7549278,       92112.74203,       92112.74203,    -4.44698634e-05,       91251.45921,         227.7549278,          92112.74203
          0,           0,          15,      -4.230106048,      -4.470870222,      -2.783899193,      -2.749245817,     0.02623613174,  -4.739586995e-05,  -4.739586995e-05,       0.116266771,       220.9572427,       91197.96889,       91197.96889,       2.260046724,       222406.0547,     -0.6388567669,      0.2797528193,         29.54858179,         -0.808247098,                105.6238928,       221.3649752,       221.3649752,        92105.1776,        92105.1776,   -4.739586995e-05,       91197.96889,         221.3649752,           92105.1776
          0,           0,          16,      -4.229606724,      -4.482992502,      -2.792097868,      -2.759758541,     0.02352105554,  -5.031913877e-05,  -5.031913877e-05,      0.1192809878,       214.6769776,        91144.8604,        91144.8604,       2.373960674,       216095.9434,      -0.661719737,      0.2797161957,         29.58011347,         -0.821315431,                105.7504497,       215.0844014,       215.0844014,       92099.12456,       92099.12456,   -5.031913877e-05,        91144.8604,         215.0844014,          92099.12456
          0,           0,          17,      -4.229149966,      -4.495954963,      -2.799769728,        -2.7699868,     0.01851436949,   -5.32419844e-05,   -5.32419844e-05,      0.1223045083,       208.5302232,       91093.02036,       91093.02036,       2.489761808,       209920.0684,     -0.6826317621,      0.2796802476,         29.61535625,        -0.8321386902,                 105.890053,       208.9374356,       208.9374356,       92095.34516,       92095.34516,    -5.32419844e-05,       91093.02036,         208.9374356,          92095.34516
          0,           0,          18,      -4.228749762,      -4.509181944,      -2.806369041,      -2.779117994,     0.01138664873,   -5.61661057e-05,   -5.61661057e-05,      0.1253281776,       202.5375436,       91043.54716,       91043.54716,       2.607234189,       203899.0766,     -0.7017630429,      0.2796442072,         29.65403974,        -0.8412072505,                106.0420312,        202.944628,        202.944628,       92094.83099,       92094.83099,    -5.61661057e-05,       91043.54716,          202.944628,          92094.83099
          0,           0,          19,      -4.228477483,      -4.523236884,       -2.81169925,      -2.786464296,    0.002324631406,  -5.909287633e-05,  -5.909287633e-05,      0.1283438921,       196.7154567,       90998.01371,       90998.01371,       2.726195183,       198049.5514,     -0.7192695651,       0.279607863,         29.69565392,        -0.8488822801,                106.2046453,       197.1224843,       197.1224843,       92099.06186,       92099.06186,   -5.909287633e-05,       90998.01371,         197.1224843,          92099.06186
          0,           0,          20,      -4.228487547,      -4.538168671,      -2.815985619,      -2.791767673,   -0.009637095518,  -6.202350063e-05,  -6.202350063e-05,      0.1313445016,       191.0762034,       90958.23916,       90958.23916,       2.846498846,       192383.7782,     -0.7352940642,      0.2795704666,         29.73960399,        -0.8554358982,                106.3760574,       191.4832326,       191.4832326,       92109.77519,       92109.77519,   -6.202350063e-05,       90958.23916,         191.4832326,          92109.77519
          0,           0,          21,      -4.228599402,      -4.553345074,      -2.818921171,      -2.794436463,     -0.0242478573,  -6.495920358e-05,  -6.495920358e-05,      0.1343276802,       185.6234771,       90921.66815,       90921.66815,       2.968024581,        186905.459,     -0.7499699417,      0.2795322715,         29.78524724,        -0.8610763477,                106.5538769,       186.0305573,       186.0305573,       92124.35229,       92124.35229,   -6.495920358e-05,       90921.66815,         186.0305573,          92124.35229
          0,           0,          22,      -4.228723526,      -4.568625758,      -2.820689661,      -2.794906161,    -0.04111473025,  -6.790110098e-05,  -6.790110098e-05,      0.1372891451,       180.3645718,        90890.6725,        90890.6725,        3.09063169,       181621.9242,      -0.763431309,      0.2794954505,         29.83196073,        -0.8659676746,                106.7350495,       180.7717547,       180.7717547,       92145.12889,       92145.12889,   -6.790110098e-05,        90890.6725,         180.7717547,          92145.12889
          0,           0,          23,      -4.228841068,      -4.580702057,      -2.821389249,      -2.793652053,    -0.06012309605,  -7.084916331e-05,  -7.084916331e-05,      0.1402232197,       175.3021547,       90866.46407,       90866.46407,       3.214239261,       176535.8353,      -0.775774941,      0.2794585372,         29.87912412,        -0.8702332975,                 106.917915,       175.7094736,       175.7094736,       92173.23495,       92173.23495,   -7.084916331e-05,       90866.46407,         175.7094736,          92173.23495
          0,           0,          24,      -4.228948462,      -4.587600155,      -2.821500974,       -2.79078293,    -0.08064875931,  -7.380443611e-05,  -7.380443611e-05,       0.143127533,       170.4344946,       90849.57694,       90849.57694,        3.33878823,       171645.4467,     -0.7871039686,      0.2794220173,         29.92624488,        -0.8739749021,                107.1005255,       170.8419769,       170.8419769,       92209.16894,       92209.16894,   -7.380443611e-05,       90849.57694,         170.8419769,          92209.16894
          0,           0,          25,      -4.229039331,       -4.59002818,      -2.820654539,      -2.786994296,     -0.1019239004,  -7.676794305e-05,  -7.676794305e-05,      0.1460033283,       165.7563962,       90837.86488,       90837.86488,        3.46419588,       166945.5418,     -0.7975222207,      0.2793876298,         29.97326894,        -0.8772762091,                107.2820187,       166.1640721,       166.1640721,       92250.77257,       92250.77257,   -7.676794305e-05,       90837.86488,         166.1640721,          92250.77257
          0,           0,          26,      -4.229050873,      -4.587327591,      -2.818868887,      -2.782616048,     -0.1221893141,  -7.973971853e-05,  -7.973971853e-05,      0.1488513904,       161.2609491,       90828.31914,       90828.31914,       3.590388867,       162429.1723,     -0.8071124531,      0.2793559091,         30.02088675,         -0.880202535,                107.4646563,       161.6688438,       161.6688438,       92294.99787,       92294.99787,   -7.973971853e-05,       90828.31914,         161.6688438,          92294.99787
          0,           0,          27,      -4.228997656,      -4.580205817,      -2.815968646,      -2.778033589,     -0.1407664576,  -8.271979503e-05,  -8.271979503e-05,      0.1516723202,       156.9424236,       90819.06341,       90819.06341,       3.717300766,       158090.5769,     -0.8159524057,      0.2793250464,         30.07005435,        -0.8828101213,                 107.652553,       157.3505573,       157.3505573,       92339.93646,       92339.93646,   -8.271979503e-05,       90819.06341,         157.3505573,          92339.93646
          0,           0,          28,       -4.22897888,      -4.571839746,       -2.81205958,      -2.773448476,     -0.1559343751,  -8.570799995e-05,  -8.570799995e-05,      0.1544671678,       152.7956799,        90808.0015,        90808.0015,       3.844868165,       153924.5887,     -0.8241091195,      0.2792965926,         30.12202274,        -0.8851418453,                107.8495891,         153.20407,         153.20407,       92383.46093,       92383.46093,   -8.570799995e-05,        90808.0015,           153.20407,          92383.46093
          0,           0,          29,      -4.228914843,      -4.565592362,      -2.807263218,      -2.768852751,     -0.1670388408,  -8.870414232e-05,  -8.870414232e-05,      0.1572374092,       148.8136576,       90792.91721,       90792.91721,       3.973036449,       149924.1107,     -0.8316443433,      0.2792711302,         30.17813461,        -0.8872343547,                108.0603448,       149.2223181,       149.2223181,        92423.3265,        92423.3265,   -8.870414232e-05,       90792.91721,         149.2223181,           92423.3265
          0,           0,          30,       -4.22854959,      -4.562861127,      -2.801990584,      -2.764455338,     -0.1760090363,  -9.170802126e-05,  -9.170802126e-05,      0.1599846804,        144.988518,        90771.7872,        90771.7872,       4.101758168,        146081.264,     -0.8386143466,      0.2792486686,         30.23975578,        -0.8891188691,                108.2897044,       145.3974598,       145.3974598,       92457.48421,       92457.48421,   -9.170802126e-05,        90771.7872,         145.3974598,          92457.48421
          0,           0,          31,      -4.228018457,      -4.561297557,      -2.796222807,      -2.760345137,     -0.1792465648,  -9.471942582e-05,  -9.471942582e-05,      0.1627106447,       141.3123446,       90742.92479,       90742.92479,       4.230989789,       142388.0926,     -0.8450704025,      0.2792290005,         30.30822341,        -0.8908219682,                108.5425345,        141.721576,        141.721576,       92484.22525,       92484.22525,   -9.471942582e-05,       90742.92479,          141.721576,          92484.22525
          0,           0,          32,      -4.227433197,      -4.561999273,      -2.790222949,      -2.756605674,      -0.176417017,  -9.773809124e-05,  -9.773809124e-05,      0.1654167128,       137.7776109,       90705.13158,       90705.13158,       4.360691016,       138837.0321,     -0.8510585529,       0.279211787,         30.38478734,        -0.8923662144,                108.8234407,        138.187138,        138.187138,       92502.33043,       92502.33043,   -9.773809124e-05,       90705.13158,          138.187138,          92502.33043
          0,           0,          33,       -4.22680984,      -4.565870449,      -2.784335238,      -2.753290367,     -0.1718827816,  -0.0001007637124,  -0.0001007637124,      0.1681038101,       134.3774603,       90657.88751,       90657.88751,       4.490824596,       135421.1917,     -0.8566200783,      0.2791966052,         30.47055775,        -0.8937708351,                109.1365625,       134.7872871,       134.7872871,       92511.26015,       92511.26015,   -0.0001007637124,       90657.88751,         134.7872871,          92511.26015
          0,           0,          34,      -4.226149825,      -4.572254759,      -2.778827235,      -2.750414187,     -0.1661294857,  -0.0001037959589,  -0.0001037959589,      0.1707722559,       131.1058147,        90601.4285,        90601.4285,       4.621355446,       132134.4631,     -0.8617921236,      0.2791830547,         30.56645786,        -0.8950522653,                109.4853622,       131.5159436,       131.5159436,       92511.23222,       92511.23222,   -0.0001037959589,        90601.4285,         131.5159436,          92511.23222
          0,           0,          35,      -4.225485898,      -4.580498866,      -2.774006916,      -2.748012367,     -0.1568120928,  -0.0001068344716,  -0.0001068344716,       0.173421684,       127.9574686,        90536.7393,        90536.7393,       4.752250276,        128971.615,     -0.8666080194,      0.2791709404,         30.67318259,        -0.8962244576,                109.8724049,       128.3679007,       128.3679007,       92503.21425,       92503.21425,   -0.0001068344716,        90536.7393,         128.3679007,          92503.21425
          0,           0,          36,      -4.224812303,      -4.589861923,      -2.769858928,      -2.745644881,     -0.1504634718,  -0.0001098788722,  -0.0001098788722,      0.1760510338,       124.9277845,       90465.48742,       90465.48742,       4.883478051,       125927.9868,     -0.8710977999,      0.2791598227,          30.7911534,        -0.8972996334,                 110.299373,       125.3385198,       125.3385198,       92488.85722,       92488.85722,   -0.0001098788722,       90465.48742,         125.3385198,          92488.85722
          0,           0,          37,      -4.224127602,      -4.599403231,       -2.76646395,       -2.74355894,     -0.1489324919,  -0.0001129287723,  -0.0001129287723,      0.1786586696,        122.012712,       90389.88841,       90389.88841,       5.015008186,       122999.5081,     -0.8752888452,      0.2791487747,         30.92054922,        -0.8982888267,                110.7672755,       122.4237492,       122.4237492,       92470.36149,       92470.36149,   -0.0001129287723,       90389.88841,         122.4237492,          92470.36149
          0,           0,          38,      -4.223439646,       -4.60851443,       -2.76384899,      -2.741809176,     -0.1519370487,  -0.0001159837316,  -0.0001159837316,      0.1812424056,       119.2083881,       90312.48797,       90312.48797,       5.146810905,       120182.2975,     -0.8792046225,      0.2791403643,         31.06109708,        -0.8991988803,                111.2741153,        119.619726,        119.619726,       92450.25704,       92450.25704,   -0.0001159837316,       90312.48797,          119.619726,          92450.25704
          0,           0,          39,      -4.222747656,      -4.616783992,      -2.762201965,      -2.740500004,     -0.1576441624,  -0.0001190433819,  -0.0001190433819,      0.1837997752,       116.5103943,       90236.08217,       90236.08217,       5.278861174,       117471.9146,     -0.8828683293,       0.279132802,         31.21212928,        -0.9000391651,                111.8182065,       116.9220303,       116.9220303,       92431.32587,       92431.32587,   -0.0001190433819,       90236.08217,         116.9220303,          92431.32587
          0,           0,          40,      -4.222048215,       -4.62290619,       -2.76138207,      -2.739571373,     -0.1647572874,  -0.0001221073166,  -0.0001221073166,      0.1863281436,       113.9155264,       90163.47478,       90163.47478,       5.411135153,        114865.139,     -0.8863000022,      0.2791247046,         31.37271335,        -0.9008174997,                112.3967633,        114.327457,        114.327457,       92416.35719,       92416.35719,   -0.0001221073166,       90163.47478,          114.327457,          92416.35719
          0,           0,          41,      -4.221347541,      -4.626120444,       -2.76113149,      -2.738998133,     -0.1744439155,  -0.0001251751411,  -0.0001251751411,      0.1888249066,       111.4213214,       90097.30677,       90097.30677,       5.543612207,       112359.4953,      -0.889517054,      0.2791152536,            31.54177,        -0.9015402827,                113.0062567,       111.8335422,       111.8335422,       92407.97763,       92407.97763,   -0.0001251751411,       90097.30677,         111.8335422,          92407.97763
          0,           0,          42,      -4.220627233,      -4.625161508,      -2.761258161,      -2.739143591,     -0.1863668135,  -0.0001282465264,  -0.0001282465264,      0.1912876754,       109.0259564,       90040.00599,       90040.00599,       5.676274881,       109953.1509,     -0.8925357721,      0.2791007535,         31.71820569,        -0.9022153343,                113.6442854,       109.4384618,       109.4384618,        92408.6027,        92408.6027,   -0.0001282465264,       90040.00599,         109.4384618,           92408.6027
          0,           0,          43,      -4.219917994,      -4.619747726,      -2.761850922,      -2.740336797,     -0.1995268685,  -0.0001313211304,  -0.0001313211304,       0.193714344,       106.7281663,       89993.55903,       89993.55903,       5.809106562,       107644.8344,     -0.8953690206,      0.2790825166,         31.90096119,           -0.9028459,                114.3065556,       107.1409505,       107.1409505,        92420.2069,        92420.2069,   -0.0001313211304,       89993.55903,         107.1409505,           92420.2069
          0,           0,          44,      -4.219057094,      -4.610987973,      -2.762987611,      -2.742731912,     -0.2136505323,  -0.0001343987296,  -0.0001343987296,      0.1961033238,        104.524454,       89959.38897,       89959.38897,       5.942095484,       105431.0326,     -0.8980286601,      0.2790658185,         32.08897435,        -0.9034320758,                114.9871185,       104.9375115,       104.9375115,       92444.20402,       92444.20402,   -0.0001343987296,       89959.38897,         104.9375115,          92444.20402
          0,           0,          45,      -4.216791437,       -4.59868622,        -2.7654657,      -2.746247985,     -0.2279523849,  -0.0001374792787,  -0.0001374792787,      0.1984535052,       102.4094065,       89938.56988,       89938.56988,       6.075238386,       103306.3066,     -0.9005279178,      0.2790504611,         32.28102741,        -0.9039779162,                115.6816845,       102.8227313,       102.8227313,       92481.66217,       92481.66217,   -0.0001374792787,       89938.56988,         102.8227313,          92481.66217
          0,           0,          46,      -4.214599081,      -4.582942135,      -2.768044092,      -2.750954868,     -0.2364101136,  -0.0001405627927,  -0.0001405627927,      0.2007643231,       100.3795055,       89932.03613,       89932.03613,       6.208517784,        101267.123,     -0.9028820395,      0.2790319593,         32.47571053,        -0.9044906544,                116.3870641,       100.7930931,       100.7930931,       92533.51861,       92533.51861,   -0.0001405627927,       89932.03613,         100.7930931,          92533.51861
          0,           0,          47,      -4.213412211,      -4.562260213,      -2.769716897,       -2.75678496,     -0.2399373385,  -0.0001436488423,  -0.0001436488423,      0.2030350705,       98.43284247,       89940.34711,       89940.34711,       6.341906986,       99311.56492,     -0.9051013837,      0.2790113994,         32.67188328,        -0.9049724709,                117.0987399,       98.84668894,       98.84668894,       92600.32381,       92600.32381,   -0.0001436488423,       89940.34711,         98.84668894,          92600.32381
          0,           0,          48,      -4.212470085,      -4.539378258,      -2.770840556,      -2.763571363,     -0.2379225594,   -0.000146736902,   -0.000146736902,      0.2052649485,       96.56658316,       89963.69486,       89963.69486,        6.47540091,       97436.78235,     -0.9071920001,      0.2789900415,         32.86852715,        -0.9054244274,                117.8125462,        96.9806822,        96.9806822,       92682.24851,       92682.24851,    -0.000146736902,       89963.69486,          96.9806822,          92682.24851
          0,           0,          49,      -4.211462634,       -4.52477089,       -2.77165358,      -2.771127552,      -0.230047993,  -0.0001498269606,  -0.0001498269606,      0.2074540277,       94.77753689,       90002.17743,       90002.17743,       6.608994236,       95639.57003,     -0.9091634525,      0.2789677665,          33.0648162,        -0.9058491788,                118.5255795,        95.1918826,        95.1918826,         92779.389,         92779.389,   -0.0001498269606,       90002.17743,          95.1918826,            92779.389
          0,           0,          50,      -4.210315332,      -4.522067101,      -2.772287414,      -2.779419829,     -0.2191400496,  -0.0001529189453,  -0.0001529189453,      0.2096023953,       93.06273543,       90055.84064,       90055.84064,       6.742678462,       93916.94634,     -0.9110244686,      0.2789452487,          33.2601552,        -0.9062485801,                119.2354247,       93.47732249,       93.47732249,       92891.78875,       92891.78875,   -0.0001529189453,       90055.84064,         93.47732249,          92891.78875
          0,           0,          51,      -4.209054794,      -4.532217067,      -2.772529913,      -2.788138227,       -0.20662978,  -0.0001560127168,  -0.0001560127168,      0.2117102152,       91.41899411,       90124.60593,       90124.60593,        6.87644391,       92265.71192,      -0.912783051,      0.2789224749,         33.45424857,        -0.9066247268,                119.9410287,       91.83381748,       91.83381748,       93019.36511,       93019.36511,   -0.0001560127168,       90124.60593,         91.83381748,          93019.36511
          0,           0,          52,      -4.207660322,      -4.525092823,      -2.772260096,      -2.797051939,     -0.1944973236,  -0.0001591080911,  -0.0001591080911,      0.2137777068,       89.84326177,       90208.33188,       90208.33188,       7.010278715,       90682.80164,     -0.9144465504,      0.2788997889,         33.64704722,        -0.9069792752,                120.6420677,       90.25831678,       90.25831678,       93161.97213,       93161.97213,   -0.0001591080911,       90208.33188,         90.25831678,          93161.97213
          0,           0,          53,      -4.206111578,      -4.515738091,      -2.771409856,      -2.805952645,     -0.1824393049,  -0.0001622048343,  -0.0001622048343,      0.2158053886,       88.33261186,       90306.56851,       90306.56851,       7.144172521,       89165.27519,     -0.9160212607,      0.2788780462,         33.83848695,        -0.9073132729,                121.3379375,       88.74789384,       88.74789384,       93319.15308,       93319.15308,   -0.0001622048343,       90306.56851,         88.74789384,          93319.15308
          0,           0,          54,      -4.204287827,      -4.514516664,      -2.769764125,      -2.814630516,     -0.1713195678,  -0.0001653027535,  -0.0001653027535,      0.2177944374,       86.88401535,       90418.35063,       90418.35063,       7.278121204,       87710.08846,     -0.9175129819,      0.2788540269,         34.02867822,        -0.9076303272,                122.0304351,       87.29951882,       87.29951882,       93489.93532,       93489.93532,   -0.0001653027535,       90418.35063,         87.29951882,          93489.93532
          0,           0,          55,      -4.202311096,      -4.523575304,      -2.767097967,      -2.822794972,     -0.1614075582,  -0.0001684017306,  -0.0001684017306,      0.2197460895,       85.49457329,       90542.74306,       90542.74306,         7.4121178,       86314.32954,     -0.9189265145,      0.2788328112,         34.21766986,        -0.9079282942,                122.7175156,       85.91029343,       85.91029343,       93673.38052,       93673.38052,   -0.0001684017306,       90542.74306,         85.91029343,          93673.38052
          0,           0,          56,      -4.200215481,       -4.54690131,       -2.76372228,      -2.830528124,     -0.1535714255,  -0.0001715017111,  -0.0001715017111,       0.221661476,       84.16033287,       90679.12614,       90679.12614,       7.546145826,       84974.02856,     -0.9202691733,      0.2788146881,         34.40533716,         -0.908208694,                 123.398582,       84.57626638,       84.57626638,       93868.87221,       93868.87221,   -0.0001715017111,       90679.12614,         84.57626638,          93868.87221
          0,           0,          57,      -4.197925673,      -4.549780244,      -2.759955579,      -2.837618149,     -0.1463229771,  -0.0001746023286,  -0.0001746023286,      0.2235415918,       82.87764267,       90826.78993,       90826.78993,       7.680179691,       83685.51786,     -0.9215471083,      0.2787998057,         34.59142559,        -0.9084728684,                124.0726316,       83.29378718,       83.29378718,       94075.69604,       94075.69604,   -0.0001746023286,       90826.78993,         83.29378718,          94075.69604
          0,           0,          58,      -4.195210556,      -4.549785167,       -2.75492746,      -2.843750302,     -0.1416121422,  -0.0001777030044,  -0.0001777030044,      0.2253877376,       81.64297889,       90984.70297,       90984.70297,       7.814183975,       82445.25802,     -0.9227660562,      0.2787879336,         34.77553805,        -0.9087222924,                124.7383185,       82.05933297,       82.05933297,       94292.81267,       94292.81267,   -0.0001777030044,       90984.70297,         82.05933297,          94292.81267
          0,           0,          59,      -4.192076974,      -4.548453627,      -2.748587485,      -2.849069868,     -0.1404328466,  -0.0001808029245,  -0.0001808029245,      0.2272013813,       80.45292236,       91151.53257,       91151.53257,         7.9481203,       81249.81388,     -0.9239304001,      0.2787782429,         34.95716995,        -0.9089585347,                125.3941828,       80.86948469,       80.86948469,       94518.87427,       94518.87427,   -0.0001808029245,       91151.53257,         80.86948469,          94518.87427
          0,           0,          60,      -4.188522745,      -4.545395207,      -2.741065653,      -2.853785888,     -0.1415423501,  -0.0001839012009,  -0.0001839012009,         0.2289844,       79.30434768,       91325.60421,       91325.60421,       8.081949272,       80096.04525,     -0.9250437761,      0.2787701744,         35.13598955,        -0.9091828136,                 126.039271,       79.72111684,       79.72111684,       94752.18916,       94752.18916,   -0.0001839012009,       91325.60421,         79.72111684,          94752.18916
          0,           0,          61,      -4.184553251,      -4.538308709,      -2.732482136,      -2.857896248,     -0.1433039074,  -0.0001869969258,  -0.0001869969258,      0.2307389724,        78.1950672,       91505.02902,       91505.02902,       8.215631836,       78981.75428,     -0.9261090702,      0.2787668588,         35.31217394,        -0.9093937811,                126.6727835,       78.61204185,       78.61204185,       94990.85069,       94990.85069,   -0.0001869969258,       91505.02902,         78.61204185,          94990.85069
          0,           0,          62,      -4.180369218,      -4.523478324,      -2.722958913,      -2.861379726,     -0.1464072604,  -0.0001900892504,  -0.0001900892504,      0.2324677358,       77.12200066,       91687.71979,       91687.71979,       8.349125574,       77903.84653,     -0.9271304248,      0.2787665177,         35.48584614,        -0.9095935214,                127.2959408,       77.53917976,       77.53917976,       95232.75774,       95232.75774,   -0.0001900892504,       91687.71979,         77.53917976,          95232.75774
          0,           0,          63,      -4.175555664,      -4.492419529,      -2.712163038,      -2.864482798,     -0.1500446528,  -0.0001931771737,  -0.0001931771737,      0.2341735018,       76.08162428,       91871.39162,       91871.39162,       8.482382364,       76858.78193,     -0.9281112339,      0.2787683098,         35.65601929,        -0.9097833399,                 127.905569,        76.4990071,        76.4990071,       95475.60851,       95475.60851,   -0.0001931771737,       91871.39162,          76.4990071,          95475.60851
          0,           0,          64,      -4.170124445,      -4.449978144,      -2.700342699,      -2.867341763,     -0.1547077244,  -0.0001962595766,  -0.0001962595766,      0.2358591857,       75.07110795,        92053.6906,        92053.6906,       8.615348201,       75843.71744,     -0.9290546221,      0.2787711596,         35.82182005,        -0.9099646232,                128.4990173,       75.48869411,       75.48869411,       95717.03053,       95717.03053,   -0.0001962595766,        92053.6906,         75.48869411,          95717.03053
          0,           0,          65,      -4.164044186,      -4.403440371,      -2.687429375,      -2.870027543,     -0.1601019283,  -0.0001993352006,  -0.0001993352006,      0.2375277993,       74.08826035,       92232.19806,       92232.19806,       8.747960895,       74856.45201,     -0.9299635402,      0.2787745889,         35.98252199,         -0.910138322,                129.0738949,       74.50605006,       74.50605006,       95954.58505,       95954.58505,   -0.0001993352006,       92232.19806,         74.50605006,          95954.58505
          0,           0,          66,       -4.15721952,      -4.357711717,      -2.673441757,       -2.87268268,     -0.1681646238,  -0.0002024026053,  -0.0002024026053,      0.2391822445,        73.1313091,       92404.51773,       92404.51773,       8.880153127,       73895.20525,     -0.9308403531,      0.2787784227,          36.1375612,        -0.9103050673,                129.6282577,       73.54930288,       73.54930288,       96185.85123,       96185.85123,   -0.0002024026053,       92404.51773,         73.54930288,          96185.85123
          0,           0,          67,      -4.149959982,      -4.319804901,      -2.658726717,      -2.875413051,     -0.1743870624,  -0.0002054602366,  -0.0002054602366,      0.2408254269,       72.19878435,       92568.26303,       92568.26303,       9.011851563,       72958.50083,     -0.9316873519,       0.278782683,         36.28664443,        -0.9104653403,                130.1610417,       72.61698315,       72.61698315,       96408.41637,       96408.41637,   -0.0002054602366,       92568.26303,         72.61698315,          96408.41637
          0,           0,          68,      -4.142268644,      -4.281996911,      -2.643309695,      -2.878071736,     -0.1780515286,  -0.0002085064029,  -0.0002085064029,      0.2424602375,        71.2894316,       92721.11023,       92721.11023,       9.142970776,       72045.07931,     -0.9325072994,      0.2787876973,         36.42970959,        -0.9106195103,                130.6718694,       71.70783735,       71.70783735,       96619.93076,       96619.93076,   -0.0002085064029,       92721.11023,         71.70783735,          96619.93076
          0,           0,          69,      -4.134053844,      -4.241185476,       -2.62723645,      -2.880607712,     -0.1789621441,  -0.0002115391337,  -0.0002115391337,      0.2440893218,       70.40208988,       92860.80195,       92860.80195,        9.27341792,       71153.77479,     -0.9333023266,      0.2787936308,         36.56673913,        -0.9107679236,                131.1605972,       70.82070501,       70.82070501,       96818.10379,       96818.10379,   -0.0002115391337,       92860.80195,         70.82070501,          96818.10379
          0,           0,          70,      -4.125284792,      -4.199918681,      -2.610591704,      -2.882908562,     -0.1764389914,  -0.0002145562864,  -0.0002145562864,      0.2457157661,         69.535318,       92984.56742,       92984.56742,       9.403109271,       70283.13826,     -0.9340728051,      0.2788000179,         36.69860746,        -0.9109109889,                131.6305779,       69.95414392,       69.95414392,       97000.12146,       97000.12146,   -0.0002145562864,       92984.56742,         69.95414392,          97000.12146
          0,           0,          71,       -4.11600586,      -4.158015668,      -2.593352489,      -2.884613626,     -0.1701949263,  -0.0002175559273,  -0.0002175559273,      0.2473420005,       68.68795643,       93090.15554,       93090.15554,       9.531984233,       69432.00261,     -0.9348176752,      0.2788065699,         36.82669239,        -0.9110487252,                132.0868887,       69.10699242,       69.10699242,       97163.68718,       97163.68718,   -0.0002175559273,       93090.15554,         69.10699242,          97163.68718
          0,           0,          72,      -4.106272322,      -4.113327857,      -2.575542701,      -2.885696034,     -0.1614359641,  -0.0002205366639,  -0.0002205366639,      0.2489683616,       67.86004295,       93177.81237,       93177.81237,       9.659938998,       68600.40955,     -0.9355425017,      0.2788139798,         36.95255795,        -0.9111817838,                132.5348104,       68.27929204,       68.27929204,       97309.03924,       97309.03924,   -0.0002205366639,       93177.81237,         68.27929204,          97309.03924
          0,           0,          73,      -4.096808611,      -4.068734975,      -2.556922581,      -2.886166493,     -0.1504443338,  -0.0002234960919,  -0.0002234960919,      0.2505922623,       67.05256568,       93249.56357,       93249.56357,       9.786820427,       67789.35588,     -0.9362529944,      0.2788230911,         37.07790688,        -0.9113107391,                132.9800438,        67.4720349,        67.4720349,       97438.17726,       97438.17726,   -0.0002234960919,       93249.56357,          67.4720349,          97438.17726
          0,           0,          74,      -4.087204737,      -4.021906186,      -2.537720065,      -2.886079423,     -0.1397274219,  -0.0002264306667,  -0.0002264306667,      0.2522091846,        66.2667647,       93308.33102,       93308.33102,       9.912426541,       67000.09126,     -0.9369544229,      0.2788351201,         37.20374656,        -0.9114358384,                133.4256121,       66.68646482,       66.68646482,       97553.97412,       97553.97412,   -0.0002264306667,       93308.33102,         66.68646482,          97553.97412
          0,           0,          75,      -4.077573118,      -3.974292302,      -2.518259784,      -2.885664834,     -0.1307348635,  -0.0002293357184,  -0.0002293357184,      0.2538135922,        65.5032155,       93356.12203,       93356.12203,       10.03663114,       66233.18704,     -0.9376400929,      0.2788489266,          37.3308409,        -0.9115565621,                133.8747879,       65.92315046,       65.92315046,       97658.31272,       97658.31272,   -0.0002293357184,       93356.12203,         65.92315046,          97658.31272
          0,           0,          76,      -4.068024792,      -3.926058333,      -2.498697378,      -2.884812185,     -0.1228345693,  -0.0002322083425,  -0.0002322083425,      0.2554020051,       64.76194546,       93394.55837,       93394.55837,       10.15934232,       65488.66776,     -0.9383077358,      0.2788638804,         37.45982897,        -0.9116729066,                134.3301574,       65.18211627,       65.18211627,       97752.74268,       97752.74268,   -0.0002322083425,       93394.55837,         65.18211627,          97752.74268
          0,           0,          77,      -4.058586576,      -3.878618793,      -2.479394314,      -2.883495084,     -0.1165838131,  -0.0002350464191,  -0.0002350464191,      0.2569720724,       64.04269415,       93424.87225,       93424.87225,       10.28048795,       64766.27013,     -0.9389565588,      0.2788795394,         37.59126276,        -0.9117850271,                134.7939072,       64.46310017,       64.46310017,       97838.44549,       97838.44549,   -0.0002350464191,       93424.87225,         64.46310017,          97838.44549
          0,           0,          78,      -4.049710959,      -3.830966546,      -2.460749147,      -2.881786799,     -0.1132542121,  -0.0002378482819,  -0.0002378482819,      0.2585224475,       63.34490317,       93447.67654,       93447.67654,       10.40002187,       64065.43106,     -0.9395852413,      0.2788954094,         37.72565067,        -0.9118930112,                135.2680948,       63.76554172,       63.76554172,       97915.98962,       97915.98962,   -0.0002378482819,       93447.67654,         63.76554172,          97915.98962
          0,           0,          79,       -4.04137768,      -3.782715346,      -2.442955714,      -2.879676136,     -0.1122671909,  -0.0002406128669,  -0.0002406128669,      0.2600527105,        62.6678181,       93463.18757,       93463.18757,       10.51791939,       63385.39101,     -0.9401929638,      0.2789110718,         37.86348846,        -0.9119969922,                135.7546985,       63.08868493,       63.08868493,       97985.56082,       97985.56082,   -0.0002406128669,       93463.18757,         63.08868493,          97985.56082
          0,           0,          80,      -4.034011568,      -3.735614185,      -2.426800204,      -2.876970717,      -0.112326687,  -0.0002433396055,  -0.0002433396055,      0.2615630491,       62.01059975,        93471.4285,        93471.4285,       10.63417078,       62725.30588,     -0.9407795237,      0.2789262604,         38.00525552,        -0.9120971217,                136.2555661,       62.43168965,       62.43168965,       98047.16419,       98047.16419,   -0.0002433396055,        93471.4285,         62.43168965,          98047.16419
          0,           0,          81,      -4.027602697,      -3.689151902,       -2.41256325,       -2.87368275,     -0.1136572517,   -0.000246028274,   -0.000246028274,      0.2630538621,        61.3724871,       93472.54102,       93472.54102,       10.74876435,       62084.41146,     -0.9413462094,      0.2789409572,         38.15138979,        -0.9121936716,                136.7722767,       61.79379524,       61.79379524,       98100.93731,       98100.93731,    -0.000246028274,       93472.54102,         61.79379524,          98100.93731
          0,           0,          82,      -4.022119429,      -3.643156324,      -2.400599727,      -2.869887152,     -0.1163658824,  -0.0002486786017,  -0.0002486786017,      0.2645254426,       60.75280577,       93466.69811,       93466.69811,       10.86168714,       61462.03052,     -0.9418941606,      0.2789551179,         38.30225535,        -0.9122869004,                137.3061575,       61.17432766,       61.17432766,       98147.04778,       98147.04778,   -0.0002486786017,       93466.69811,         61.17432766,          98147.04778
          0,           0,          83,      -4.017579597,      -3.597811129,      -2.391263637,      -2.865600151,     -0.1203949756,  -0.0002512902877,  -0.0002512902877,      0.2659777553,       60.15105302,       93454.33819,       93454.33819,       10.97291712,       60857.65886,     -0.9424251073,       0.278968806,         38.45817226,        -0.9123771062,                137.8583248,       60.57278505,       60.57278505,       98185.93121,       98185.93121,   -0.0002512902877,       93454.33819,         60.57278505,          98185.93121
          0,           0,          84,        -4.0138284,      -3.553092271,      -2.384787256,      -2.861073047,     -0.1255452659,  -0.0002538628213,  -0.0002538628213,      0.2674102965,       59.56690164,       93436.13195,       93436.13195,       11.08242218,       60270.96866,     -0.9429407586,      0.2789821527,         38.61945867,        -0.9124645386,                 138.429854,       59.98884114,       59.98884114,       98218.25165,       98218.25165,   -0.0002538628213,       93436.13195,         59.98884114,          98218.25165
          0,           0,          85,      -4.010691248,        -3.5092549,      -2.381290941,      -2.856475891,     -0.1297090971,  -0.0002563954587,  -0.0002563954587,       0.268822459,       59.00003816,       93412.61955,       93412.61955,       11.19017094,       59701.64506,     -0.9434418085,      0.2789951599,         38.78642347,        -0.9125493379,                139.0218507,       59.42218254,       59.42218254,       98244.53341,       98244.53341,   -0.0002563954587,       93412.61955,         59.42218254,          98244.53341
          0,           0,          86,      -4.007758662,      -3.466640504,      -2.380708352,       -2.85163118,     -0.1393811839,  -0.0002588874745,  -0.0002588874745,       0.270214885,       58.44973366,       93383.19559,       93383.19559,       11.29616597,       59148.95332,     -0.9439261319,      0.2790074056,         38.95929446,        -0.9126313867,                139.6353418,       58.87207793,       58.87207793,       98264.14214,       98264.14214,   -0.0002588874745,       93383.19559,         58.87207793,          98264.14214
          0,           0,          87,      -4.004702676,      -3.425000025,      -2.384282578,      -2.846874719,     -0.1508663071,  -0.0002613389318,  -0.0002613389318,      0.2715871208,       57.91583468,       93348.84733,       93348.84733,       11.40037656,       58612.74193,     -0.9443973249,      0.2790192197,         39.13847438,        -0.9127111557,                140.2716072,       58.33837655,       58.33837655,       98278.07946,       98278.07946,   -0.0002613389318,       93348.84733,         58.33837655,          98278.07946
          0,           0,          88,      -4.000863804,      -3.385989326,      -2.392041151,      -2.842838242,     -0.1639487693,  -0.0002637491155,  -0.0002637491155,      0.2729380017,       57.39815959,       93310.28515,       93310.28515,       11.50279327,       58092.82698,     -0.9448542412,      0.2790305221,         39.32435508,        -0.9127884933,                140.9320915,       57.82089531,       57.82089531,        98287.0311,        98287.0311,   -0.0002637491155,       93310.28515,         57.82089531,           98287.0311
          0,           0,          89,      -3.995577096,      -3.350763886,      -2.405278163,      -2.839359967,     -0.1787764928,  -0.0002661178117,  -0.0002661178117,      0.2742670562,       56.89629889,       93267.88451,       93267.88451,       11.60343114,       57588.79543,     -0.9452955715,      0.2790412915,         39.51768166,        -0.9128631813,                141.6194766,       57.31922313,       57.31922313,        98291.3566,        98291.3566,   -0.0002661178117,       93267.88451,         57.31922313,           98291.3566
          0,           0,          90,      -3.988406031,      -3.313717639,       -2.43645257,      -2.836016716,     -0.1914145279,  -0.0002684453728,  -0.0002684453728,      0.2755742633,       56.40960084,        93221.8986,        93221.8986,       11.70232974,       57099.99095,     -0.9457200765,      0.2790515277,         39.71919333,        -0.9129350025,                142.3364124,       56.83270673,       56.83270673,       98291.30427,       98291.30427,   -0.0002684453728,        93221.8986,         56.83270673,          98291.30427
          0,           0,          91,        -3.9791312,      -3.274047084,      -2.467298562,      -2.833926538,     -0.2039646939,  -0.0002707327184,  -0.0002707327184,      0.2768600659,       55.93726008,       93172.55867,       93172.55867,       11.79953933,        56625.6039,     -0.9461276985,      0.2790612241,         39.92945468,        -0.9130039616,                143.0849263,       56.36054028,       56.36054028,       98287.11757,       98287.11757,   -0.0002707327184,       93172.55867,         56.36054028,          98287.11757
          0,           0,          92,      -3.967063397,      -3.233716853,      -2.515023687,      -2.833099219,     -0.2208673588,  -0.0002729810124,  -0.0002729810124,      0.2781251623,       55.47848589,       93120.07167,       93120.07167,       11.89511042,       56164.84008,     -0.9465192083,      0.2790702226,         40.14897872,        -0.9130703094,                143.8669391,       55.90193329,       55.90193329,       98279.02503,       98279.02503,   -0.0002729810124,       93120.07167,         55.90193329,          98279.02503
          0,           0,          93,      -3.955901215,      -3.195212751,      -2.541242152,      -2.832144895,     -0.2298364855,   -0.000275191421,   -0.000275191421,      0.2793702652,        55.0325981,       93064.65834,       93064.65834,       11.98908808,       55717.01677,     -0.9468957515,      0.2790785245,         40.37818064,        -0.9131342647,                144.6839405,       55.45620624,       55.45620624,       98267.27147,       98267.27147,    -0.000275191421,       93064.65834,         55.45620624,          98267.27147
          0,           0,          94,      -3.938803083,      -3.150916776,      -2.584946754,      -2.831188487,     -0.2431735148,  -0.0002773649845,  -0.0002773649845,      0.2805959682,       54.59902049,       93006.58438,       93006.58438,       12.08150819,       55281.55589,     -0.9472586975,      0.2790862182,         40.61731512,         -0.913196032,                   145.5368,       55.02278374,       55.02278374,       98252.14586,       98252.14586,   -0.0002773649845,       93006.58438,         55.02278374,          98252.14586
          0,           0,          95,      -3.918147145,      -3.100648516,      -2.630350022,       -2.83071853,      -0.256740524,  -0.0002795025318,  -0.0002795025318,      0.2818026093,       54.17728255,       92946.19762,       92946.19762,       12.17239692,        54857.9856,     -0.9476093878,      0.2790934213,         40.86652212,        -0.9132557913,                146.4259599,       54.60119617,       54.60119617,       98234.01543,       98234.01543,   -0.0002795025318,       92946.19762,         54.60119617,          98234.01543
          0,           0,          96,      -3.893848362,      -3.057020192,       -2.66666589,      -2.830998787,     -0.2683738713,  -0.0002816046659,  -0.0002816046659,      0.2829902089,       53.76701247,       92883.95377,       92883.95377,       12.26177145,        54445.9331,      -0.947949035,      0.2791002637,         41.12579617,        -0.9133136901,                 147.351334,       54.19107249,       54.19107249,       98213.35043,       98213.35043,   -0.0002816046659,       92883.95377,         54.19107249,          98213.35043
          0,           0,          97,      -3.867481904,      -3.015127099,      -2.687716203,      -2.832075307,     -0.2784456328,  -0.0002836717834,  -0.0002836717834,      0.2841584659,       53.36790057,       92820.41849,       92820.41849,       12.34964153,       54045.08792,     -0.9482786738,      0.2791069618,         41.39497949,        -0.9133697892,                148.3122429,       53.79210366,       53.79210366,       98190.72622,       98190.72622,   -0.0002836717834,       92820.41849,         53.79210366,          98190.72622
          0,           0,          98,       -3.83918009,      -2.970329986,      -2.691519804,      -2.834175649,      -0.284925691,  -0.0002857041092,  -0.0002857041092,      0.2853067694,       52.97972802,        92756.2728,        92756.2728,       12.43601108,       53655.23072,     -0.9485991837,      0.2791134271,         41.67380328,        -0.9134243092,                149.3077697,       53.40407137,       53.40407137,       98166.82937,       98166.82937,   -0.0002857041092,        92756.2728,         53.40407137,          98166.82937
          0,           0,          99,      -3.796027664,       -2.89521302,       -2.70582055,      -2.837451877,     -0.2594756037,  -0.0002877017319,  -0.0002877017319,      0.2864342641,       52.60236068,       92692.27408,       92692.27408,        12.5208803,       53276.22705,     -0.9489112218,      0.2791197535,         41.96186275,        -0.9134773165,                150.3364138,       53.02684181,       53.02684181,       98142.41902,       98142.41902,   -0.0002877017319,       92692.27408,         53.02684181,          98142.41902
          0,           0,         100,       -3.79558499,      -2.969894964,      -2.692139926,      -2.840922674,     -0.2798544994,  -0.0002896646558,  -0.0002896646558,      0.2875399577,       52.23567427,       92629.20661,       92629.20661,       12.60424774,       52907.95229,      -0.949215266,      0.2791260434,           42.258624,        -0.9135288389,                151.3962061,       52.66029094,       52.66029094,       98118.27866,       98118.27866,   -0.0002896646558,       92629.20661,         52.66029094,          98118.27866
          0,           0,         101,      -3.749834724,      -2.821629087,      -2.261884456,      -2.846145477,     -0.1828948463,  -0.0002915928479,  -0.0002915928479,      0.2886227592,       51.87949071,       92567.86742,       92567.86742,       12.68611292,       52550.22752,     -0.9495115785,      0.2791326046,         42.56341098,        -0.9135787376,                 152.484555,       52.30424067,       52.30424067,       98095.20255,       98095.20255,   -0.0002915928479,       92567.86742,         52.30424067,          98095.20255
          0,           0,         102,      -3.794904317,       -2.96332947,      -2.393281231,      -2.847622111,     -0.2870346723,  -0.0002934862982,  -0.0002934862982,      0.2896815726,       51.53365048,       92509.04165,       92509.04165,       12.76647725,       52202.89243,     -0.9498003662,       0.279138999,         42.87552943,        -0.9136273254,                153.5992089,       51.95853146,       51.95853146,       98073.97309,       98073.97309,   -0.0002934862982,       92509.04165,         51.95853146,          98073.97309
          0,           0,         103,       -3.76432244,      -2.808123595,      -2.486840038,      -2.850523764,     -0.2508066617,   -0.000295345037,   -0.000295345037,      0.2907152811,        51.1980844,       92453.53112,       92453.53112,       12.84534282,       51865.87757,     -0.9500818775,      0.2791452899,         43.19423249,        -0.9136746118,                154.7374577,       51.62309415,       51.62309415,       98055.39056,       98055.39056,    -0.000295345037,       92453.53112,         51.62309415,          98055.39056
          0,           0,         104,      -3.785168708,      -2.780560715,      -2.542875944,      -2.853598567,     -0.2570325357,  -0.0002971691124,  -0.0002971691124,      0.2917227939,       50.87268558,       92402.09024,       92402.09024,       12.92271533,       51539.07536,     -0.9503561408,      0.2791513721,          43.5187252,        -0.9137206702,                155.8965119,        51.2978217,        51.2978217,       98040.20691,       98040.20691,   -0.0002971691124,       92402.09024,          51.2978217,          98040.20691
          0,           0,         105,      -3.756743513,      -2.713740904,      -2.565320961,      -2.857993127,     -0.2110668958,  -0.0002989586562,  -0.0002989586562,      0.2927032162,       50.55729341,        92355.3423,        92355.3423,       12.99860699,        51222.3241,      -0.950622971,      0.2791568501,         43.84838123,        -0.9137657144,                157.0743517,       50.98255315,       50.98255315,       98029.04347,       98029.04347,   -0.0002989586562,        92355.3423,         50.98255315,          98029.04347
          0,           0,         106,      -3.752782592,      -2.680880133,      -2.568454517,      -2.863510531,     -0.1756422472,  -0.0003007139491,  -0.0003007139491,      0.2936558648,       50.25182901,       92313.83399,       92313.83399,       13.07303339,       50915.54441,     -0.9508823801,      0.2791620784,         44.18221455,        -0.9138095306,                158.2672504,       50.67720949,       50.67720949,        98022.4493,        98022.4493,   -0.0003007139491,       92313.83399,         50.67720949,           98022.4493
          0,           0,         107,      -3.765716513,       -2.70962179,      -2.560286756,      -2.870271355,     -0.1294608109,   -0.000302435354,   -0.000302435354,       0.294580331,       49.95607678,       92277.92844,       92277.92844,       13.14601764,       50618.51928,      -0.951134106,      0.2791671383,         44.51917478,        -0.9138520238,                159.4714014,       50.38157473,       50.38157473,       98020.78996,       98020.78996,    -0.000302435354,       92277.92844,         50.38157473,          98020.78996
          0,           0,         108,      -3.760249403,      -2.637224964,      -2.567280471,      -2.876171643,     -0.1008429492,  -0.0003041234069,  -0.0003041234069,      0.2954764185,       49.66976675,       92247.94577,       92247.94577,       13.21758429,       50330.97749,     -0.9513783374,      0.2791720124,         44.85819672,        -0.9138932421,                160.6830009,       50.09537892,       50.09537892,       98024.39415,       98024.39415,   -0.0003041234069,       92247.94577,         50.09537892,          98024.39415
          0,           0,         109,      -3.737083686,      -2.570299838,      -2.543637621,      -2.885788622,    -0.08349676132,  -0.0003057786752,  -0.0003057786752,      0.2963440909,       49.39260468,       92224.10728,       92224.10728,       13.28775972,       50052.62338,     -0.9516152138,      0.2791766505,         45.19802627,        -0.9139332445,                161.8975877,       49.81832778,       49.81832778,       98033.49226,       98033.49226,   -0.0003057786752,       92224.10728,         49.81832778,          98033.49226
          0,           0,         110,      -3.736199359,      -2.526337515,      -2.536863523,       -2.89538054,    -0.06888775196,  -0.0003074017692,  -0.0003074017692,      0.2971837042,       49.12424466,       92206.39184,       92206.39184,       13.35657341,       49783.10931,     -0.9518447776,      0.2791809797,           45.537431,        -0.9139720863,                 163.110793,        49.5500753,        49.5500753,       98048.07293,       98048.07293,   -0.0003074017692,       92206.39184,          49.5500753,          98048.07293
          0,           0,         111,      -3.731323109,      -2.489527264,      -2.563743438,      -2.904798235,    -0.05037989389,    -0.00030899337,    -0.00030899337,      0.2979960231,       48.86429966,       92194.55742,       92194.55742,       13.42405636,       49522.04642,     -0.9520671703,      0.2791849692,         45.87531029,        -0.9140098144,                164.3186967,       49.29023445,       49.29023445,       98067.90631,       98067.90631,     -0.00030899337,       92194.55742,         49.29023445,          98067.90631
          0,           0,         112,      -3.732883768,      -2.462173225,      -2.513896578,      -2.913440991,    -0.02939696342,  -0.0003105541945,  -0.0003105541945,      0.2987821649,        48.6123519,       92188.17448,       92188.17448,       13.49023854,       49269.01512,     -0.9522827052,      0.2791885664,          46.2107412,        -0.9140465203,                165.5180289,       49.03838758,       49.03838758,       98092.57718,       98092.57718,   -0.0003105541945,       92188.17448,         49.03838758,          98092.57718
          0,           0,         113,      -3.734431982,      -2.429573108,      -2.505516005,      -2.922039287,     -0.0115477282,  -0.0003120849357,  -0.0003120849357,      0.2995433896,       48.36801571,       92186.76591,       92186.76591,       13.55514237,       49023.62848,     -0.9524921387,      0.2791917796,         46.54301674,        -0.9140823373,                166.7062576,        48.7941496,        48.7941496,       98121.62534,       98121.62534,   -0.0003120849357,       92186.76591,          48.7941496,          98121.62534
          0,           0,         114,      -3.746187419,      -2.448469694,       -2.52913988,      -2.930864466,   -0.002917380287,  -0.0003135861107,  -0.0003135861107,      0.3002812293,       48.13090088,        92189.6275,        92189.6275,       13.61878434,       48785.49489,     -0.9526960818,      0.2791945696,         46.87157179,        -0.9141174016,                167.8813878,        48.5571307,        48.5571307,       98154.35973,       98154.35973,   -0.0003135861107,        92189.6275,          48.5571307,          98154.35973
          0,           0,         115,      -3.751466697,      -2.420983788,       -2.54054903,      -2.939818115,    0.006779468294,  -0.0003150581004,  -0.0003150581004,      0.3009975772,       47.90060706,       92195.78587,       92195.78587,       13.68117702,       48554.21243,     -0.9528949821,      0.2791969683,         47.19601387,        -0.9141517758,                169.0419999,       48.32693087,       48.32693087,       98189.81699,       98189.81699,   -0.0003150581004,       92195.78587,         48.32693087,          98189.81699
          0,           0,         116,      -3.749344073,      -2.431104631,      -2.556893312,      -2.949054254,       0.019491776,  -0.0003165011948,  -0.0003165011948,       0.301694004,       47.67688035,       92204.57591,       92204.57591,       13.74230947,       48329.52751,     -0.9530906334,       0.279199231,         47.51611727,        -0.9141856272,                170.1871352,        48.1032977,        48.1032977,       98227.34872,       98227.34872,   -0.0003165011948,       92204.57591,          48.1032977,          98227.34872
          0,           0,         117,      -3.765592301,      -2.350274348,      -2.595158772,      -2.957971333,     0.03395986945,  -0.0003179151397,  -0.0003179151397,      0.3023733269,       47.45910548,       92213.98841,       92213.98841,       13.80221168,       48110.81945,      -0.953280317,      0.2792009565,         47.83195435,        -0.9142187142,                171.3173012,       47.88561341,       47.88561341,        98264.9249,        98264.9249,   -0.0003179151397,       92213.98841,         47.88561341,           98264.9249
          0,           0,         118,      -3.765913476,      -2.405880702,      -2.587346015,      -2.964104585,     0.01875519326,  -0.0003193006311,  -0.0003193006311,      0.3030382946,       47.24687654,       92222.83605,       92222.83605,       13.86088143,       47897.68251,     -0.9534664359,      0.2792025641,          48.1437129,        -0.9142512129,                172.4329182,       47.67347417,       47.67347417,       98301.38774,       98301.38774,   -0.0003193006311,       92222.83605,         47.67347417,          98301.38774
          0,           0,         119,      -3.765925842,      -2.395594892,      -2.584119878,      -2.972829956,     0.01984733641,  -0.0003206576159,  -0.0003206576159,      0.3036905747,       47.03996619,       92230.30646,       92230.30646,       13.91829438,       47689.88966,      -0.953650626,      0.2792043359,         48.45164555,        -0.9142832452,                173.5347175,       47.46665399,       47.46665399,       98335.93464,       98335.93464,   -0.0003206576159,       92230.30646,         47.46665399,          98335.93464
          0,           0,         120,      -3.765814902,      -2.389187264,      -2.578160436,      -2.980476912,     0.02485602275,  -0.0003219855308,  -0.0003219855308,      0.3043310137,       46.83831769,        92235.9747,        92235.9747,       13.97439893,       47487.38558,     -0.9538348422,      0.2792066006,         48.75599752,        -0.9143149613,                  174.62337,       47.26509783,       47.26509783,       98368.14226,       98368.14226,   -0.0003219855308,        92235.9747,         47.26509783,          98368.14226
          0,           0,         121,      -3.765111029,      -2.384415256,      -2.571739642,      -2.986083355,     0.03086981081,  -0.0003232831803,  -0.0003232831803,      0.3049595213,       46.64204056,       92239.79119,       92239.79119,       14.02911774,       47290.28186,     -0.9540208865,      0.2792096602,         49.05697191,        -0.9143464999,                175.6994076,       47.06891674,       47.06891674,       98397.94898,       98397.94898,   -0.0003232831803,       92239.79119,         47.06891674,          98397.94898
          0,           0,         122,      -3.763884838,      -2.381160619,      -2.564007794,      -2.989210135,     0.03565513146,  -0.0003245487748,  -0.0003245487748,         0.3055752,       46.45128869,       92241.81897,       92241.81897,       14.08237902,       47098.73273,      -0.954208405,      0.2792135061,         49.35461734,        -0.9143778027,                176.7630013,       46.87826426,       46.87826426,       98425.38002,       98425.38002,   -0.0003245487748,       92241.81897,         46.87826426,          98425.38002
          0,           0,         123,      -3.763765329,       -2.38167032,      -2.554689184,      -2.989425415,     0.03736144652,  -0.0003257806536,  -0.0003257806536,      0.3061775757,       46.26600209,       92241.65667,       92241.65667,       14.13415459,       46912.67528,     -0.9543944817,      0.2792177074,         49.64893806,        -0.9144086109,                177.8144321,       46.69307773,       46.69307773,       98449.98226,       98449.98226,   -0.0003257806536,       92241.65667,         46.69307773,          98449.98226
          0,           0,         124,      -3.762900967,      -2.380096974,      -2.544679291,      -2.988295169,     0.03617820236,  -0.0003269781675,  -0.0003269781675,        0.30676713,       46.08595672,       92238.71043,       92238.71043,       14.18444635,       46731.88259,     -0.9545771883,      0.2792219842,         49.93997449,        -0.9144387512,                178.8540205,       46.51313134,       46.51313134,       98471.13635,       98471.13635,   -0.0003269781675,       92238.71043,         46.51313134,          98471.13635
          0,           0,         125,      -3.759709642,      -2.381725404,      -2.535934002,      -2.987133655,     0.03619792375,  -0.0003281413612,  -0.0003281413612,      0.3073448757,       45.91083943,       92232.34069,       92232.34069,       14.23327502,       46556.03897,     -0.9547553874,      0.2792261176,          50.2277532,         -0.914468155,                179.8820026,       46.33811083,       46.33811083,       98488.19589,       98488.19589,   -0.0003281413612,       92232.34069,         46.33811083,          98488.19589
          0,           0,         126,      -3.761161598,      -2.381467093,      -2.525243126,      -2.985897052,     0.03402502549,  -0.0003292707151,  -0.0003292707151,      0.3079119706,       45.74032343,        92221.9938,        92221.9938,       14.28067279,       46384.81545,     -0.9549284555,      0.2792299667,         50.51228459,        -0.9144967979,                180.8985088,       46.16768881,       46.16768881,       98500.61217,       98500.61217,   -0.0003292707151,        92221.9938,         46.16768881,          98500.61217
          0,           0,         127,      -3.758651458,      -2.380977006,      -2.516718323,      -2.984772154,       0.029425307,  -0.0003303669736,  -0.0003303669736,      0.3084695639,       45.57409951,       92207.23736,       92207.23736,       14.32667681,       46217.90115,     -0.9550962058,      0.2792334276,         50.79350214,        -0.9145247115,                181.9033723,       46.00155583,       46.00155583,        98507.9656,        98507.9656,   -0.0003303669736,       92207.23736,         46.00155583,           98507.9656
          0,           0,         128,      -3.754537043,      -2.379285355,      -2.509076304,      -2.984007265,     0.02619248945,  -0.0003314309961,  -0.0003314309961,      0.3090187542,       45.41190557,       92187.75644,       92187.75644,       14.37132057,       46055.03299,     -0.9552590249,      0.2792364883,         51.07152888,        -0.9145519736,                182.8970461,       45.83945006,       45.83945006,       98509.96005,       98509.96005,   -0.0003314309961,       92187.75644,         45.83945006,          98509.96005
          0,           0,         129,      -3.739679947,      -2.391393102,      -2.505388725,       -2.98394602,     0.02674596826,  -0.0003324635567,  -0.0003324635567,      0.3095596265,       45.25368787,        92163.8961,        92163.8961,       14.41462087,       45896.15804,     -0.9554181504,      0.2792392347,         51.34655375,        -0.9145787538,                 183.880155,        45.6813188,        45.6813188,       98506.96251,       98506.96251,   -0.0003324635567,        92163.8961,          45.6813188,          98506.96251
          0,           0,         130,      -3.744565834,      -2.370138662,      -2.498314227,      -2.984665288,     0.02157292852,  -0.0003334650427,  -0.0003334650427,      0.3100906262,        45.0996065,       92136.72505,       92136.72505,       14.45659905,       45741.43689,     -0.9555733825,      0.2792415632,         51.61858565,        -0.9146050806,                184.8528029,        45.5273219,        45.5273219,       98500.04529,       98500.04529,   -0.0003334650427,       92136.72505,          45.5273219,          98500.04529
          0,           0,         131,      -3.725925456,      -2.391202112,      -2.490689416,      -2.985164433,     0.02573600167,  -0.0003344359477,  -0.0003344359477,      0.3106108204,       44.94970794,       92106.90075,       92106.90075,       14.49729075,       45590.91546,     -0.9557238813,      0.2792432804,         51.88765424,         -0.914630923,                185.8152296,       45.37750505,       45.37750505,       98489.86775,       98489.86775,   -0.0003344359477,       92106.90075,         45.37750505,          98489.86775
          0,           0,         132,       -3.73304787,      -2.360630073,      -2.482109291,      -2.986381978,    0.009874390871,   -0.000335377096,   -0.000335377096,      0.3111201059,        44.8039205,       92074.68479,       92074.68479,        14.5367442,         45444.521,     -0.9558689275,      0.2792442602,         52.15380799,        -0.9146562304,                186.7676992,       45.23179587,       45.23179587,       98476.70134,       98476.70134,    -0.000335377096,       92074.68479,         45.23179587,          98476.70134
          0,           0,         133,      -3.720381539,       -2.35381597,      -2.467117056,       -2.98686302,   0.0001231331888,  -0.0003362896039,  -0.0003362896039,      0.3116189706,       44.66209785,       92040.11139,       92040.11139,       14.57501295,       45302.10627,     -0.9560082885,      0.2792444208,         52.41719286,        -0.9146810122,                187.7107973,       45.09004777,       45.09004777,       98460.59949,       98460.59949,   -0.0003362896039,       92040.11139,         45.09004777,          98460.59949
          0,           0,         134,      -3.712747534,       -2.35495394,      -2.461518047,      -2.987584691,    0.003651614594,  -0.0003371747102,  -0.0003371747102,      0.3121087016,       44.52396928,       92002.74025,       92002.74025,       14.61216128,       45163.39867,     -0.9561413747,      0.2792436522,         52.67806493,        -0.9147052314,                188.6455234,       44.95198946,       44.95198946,       98441.14188,       98441.14188,   -0.0003371747102,       92002.74025,         44.95198946,          98441.14188
          0,           0,         135,      -3.696171533,      -2.346489368,      -2.441532526,      -2.988932815,    0.006451348429,  -0.0003380339021,  -0.0003380339021,      0.3125925109,       44.38887224,       91960.81177,       91960.81177,       14.64830529,       45027.72957,     -0.9562649159,      0.2792414425,         52.93693101,        -0.9147286181,                189.5740494,       44.81695543,       44.81695543,       98416.57755,       98416.57755,   -0.0003380339021,       91960.81177,         44.81695543,          98416.57755
          0,           0,         136,      -3.689402072,      -2.353681238,      -2.424066991,      -2.989815794,     0.01154915749,  -0.0003388698669,  -0.0003388698669,      0.3130702669,        44.2571705,       91916.15684,       91916.15684,       14.68340603,       44895.47361,     -0.9563891851,      0.2792392277,          53.1942032,        -0.9147521286,                190.4968855,       44.68531856,       44.68531856,       98388.85684,       98388.85684,   -0.0003388698669,       91916.15684,         44.68531856,          98388.85684
          0,           0,         137,      -3.662291268,      -2.352262458,      -2.353957277,      -2.990812497,    0.008763737059,  -0.0003396816972,  -0.0003396816972,        0.31353925,       44.12931953,        91870.0695,        91870.0695,       14.71743847,       44767.08756,     -0.9565132764,      0.2792368097,         53.45047659,        -0.9147757221,                191.4162988,       44.55753348,       44.55753348,       98359.24725,       98359.24725,   -0.0003396816972,        91870.0695,         44.55753348,          98359.24725
          0,           0,         138,      -3.675078212,      -2.369052574,      -2.371859454,      -2.989711026,      0.0423165149,  -0.0003404688142,  -0.0003404688142,      0.3139979728,       44.00552999,        91823.0695,        91823.0695,       14.75041327,         44642.781,     -0.9566348993,      0.2792338591,         53.70655556,        -0.9147991915,                192.3353985,        44.4338088,        44.4338088,       98328.23998,       98328.23998,   -0.0003404688142,        91823.0695,          44.4338088,          98328.23998
          0,           0,         139,      -3.659718371,      -2.359504424,      -2.328567741,      -2.988319981,     0.02725670693,  -0.0003412314664,  -0.0003412314664,       0.314445746,       43.88593898,       91775.58167,       91775.58167,       14.78235248,       44522.69104,      -0.956753375,      0.2792305006,         53.96315851,        -0.9148223402,                193.2566765,       44.31428098,       44.31428098,       98296.25869,       98296.25869,   -0.0003412314664,       91775.58167,         44.31428098,          98296.25869
          0,           0,         140,       -3.65994011,      -2.365714778,      -2.354800815,      -2.985854459,     0.04275875798,   -0.000341970165,   -0.000341970165,      0.3148816676,       43.77064981,       91728.32131,       91728.32131,       14.81327313,       44406.92179,     -0.9568690935,      0.2792271607,         54.22093191,        -0.9148449779,                194.1821554,       44.19905365,       44.19905365,       98264.02953,       98264.02953,    -0.000341970165,       91728.32131,         44.19905365,          98264.02953
          0,           0,         141,      -3.655976846,      -2.362631741,      -2.360354024,       -2.98255582,     0.08248551296,  -0.0003426853054,  -0.0003426853054,       0.315304256,       43.65978893,       91682.35446,       91682.35446,       14.84317884,       44295.60111,     -0.9569829915,      0.2792240458,         54.48033847,        -0.9148671461,                195.1133482,       44.08825405,       44.08825405,       98232.63028,       98232.63028,   -0.0003426853054,       91682.35446,         44.08825405,          98232.63028
          0,           0,         142,      -3.643631113,      -2.348717569,       -2.35546543,      -2.978831681,     0.08486199288,  -0.0003433769714,  -0.0003433769714,      0.3157115918,       43.55363694,       91638.98019,       91638.98019,       14.87204831,       44189.01236,      -0.957096741,      0.2792209952,         54.74165796,        -0.9148892404,                196.0513676,       43.98216425,       43.98216425,       98203.37039,       98203.37039,   -0.0003433769714,       91638.98019,         43.98216425,          98203.37039
          0,           0,         143,      -3.634624077,      -2.354191643,       -2.35149598,        -2.9792053,     0.09276810005,  -0.0003440446672,  -0.0003440446672,      0.3161016269,       43.45257137,       91599.38825,       91599.38825,       14.89983828,       44087.53612,     -0.9572117754,      0.2792182641,         55.00506566,        -0.9149113604,                196.9966608,       43.88116301,       43.88116301,        98177.4374,        98177.4374,   -0.0003440446672,       91599.38825,         43.88116301,           98177.4374
          0,           0,         144,       -3.64346506,      -2.352978015,       -2.36019719,      -2.982773682,     0.09824713268,   -0.000344687392,   -0.000344687392,      0.3164716029,       43.35699273,        91564.8499,        91564.8499,       14.92651428,       43991.57428,     -0.9573275506,      0.2792158073,         55.27071993,        -0.9149334366,                 197.949824,       43.78565036,       43.78565036,       98156.07638,       98156.07638,    -0.000344687392,        91564.8499,         43.78565036,          98156.07638
          0,           0,         145,      -3.641332905,       -2.35235409,      -2.375466762,      -2.987736265,      0.1102303327,  -0.0003453043482,  -0.0003453043482,      0.3168194878,       43.26721652,       91536.34758,       91536.34758,       14.95203718,       43901.44407,     -0.9574443913,      0.2792137014,         55.53872462,        -0.9149554802,                198.9111721,       43.69594206,       43.69594206,       98140.25417,       98140.25417,   -0.0003453043482,       91536.34758,         43.69594206,          98140.25417
          0,           0,         146,      -3.640513039,      -2.339344692,      -2.386117934,      -2.992386902,      0.1304630118,  -0.0003458946309,  -0.0003458946309,       0.317143759,       43.18344013,       91514.43796,       91514.43796,       14.97637967,       43817.34316,     -0.9575615642,      0.2792118641,         55.80916004,         -0.914977411,                199.8810481,       43.61223482,       43.61223482,       98130.50298,       98130.50298,   -0.0003458946309,       91514.43796,         43.61223482,          98130.50298
          0,           0,         147,      -3.627936631,      -2.343699715,      -2.415557722,      -2.994761454,      0.1450828656,  -0.0003464576091,  -0.0003464576091,      0.3174429515,         43.105746,       91499.53705,       91499.53705,       14.99955605,       43739.35198,     -0.9576764459,      0.2792099361,          56.0820863,        -0.9149989821,                200.8599231,       43.53460872,       43.53460872,       98127.20658,       98127.20658,   -0.0003464576091,       91499.53705,         43.53460872,          98127.20658
          0,           0,         148,      -3.626276684,      -2.335900934,      -2.401199502,      -2.999013456,      0.1553627726,  -0.0003469936152,  -0.0003469936152,      0.3177161697,       43.03414823,       91492.14383,       91492.14383,       15.02159688,        43667.4838,     -0.9577880583,      0.2792077855,         56.35749549,        -0.9150201007,                201.8478654,       43.46307695,       43.46307695,       98130.86189,       98130.86189,   -0.0003469936152,       91492.14383,         43.46307695,          98130.86189
          0,           0,         149,      -3.629408718,      -2.350775154,      -2.428994562,      -3.003799967,      0.1655963456,  -0.0003475033566,  -0.0003475033566,      0.3179628901,       42.96867152,       91492.82699,       91492.82699,       15.04251889,       43601.76426,     -0.9578973488,      0.2792055563,         56.63529492,        -0.9150408476,                202.8444408,       43.39766504,       43.39766504,       98142.05647,       98142.05647,   -0.0003475033566,       91492.82699,         43.39766504,          98142.05647
          0,           0,         150,      -3.619422199,      -2.332484605,      -2.420092266,      -3.007436794,      0.1813942511,  -0.0003479872196,  -0.0003479872196,      0.3181831986,       42.90925007,       91501.66178,       91501.66178,       15.06233488,       43542.12749,     -0.9580046215,      0.2792032921,         56.91530843,        -0.9150612508,                203.8489876,       43.33830743,       43.33830743,       98160.87457,       98160.87457,   -0.0003479872196,       91501.66178,         43.33830743,          98160.87457
          0,           0,         151,      -3.628304211,      -2.344236126,      -2.423647207,      -3.011677836,      0.1824445601,  -0.0003484454995,  -0.0003484454995,      0.3183781407,        42.8556646,       91518.07829,       91518.07829,       15.08106582,       43488.35273,     -0.9581094035,      0.2792009296,         57.19732528,        -0.9150812653,                204.8607981,       43.28478439,       43.28478439,       98186.74921,       98186.74921,   -0.0003484454995,       91518.07829,         43.28478439,          98186.74921
          0,           0,         152,      -3.628862792,      -2.345265291,      -2.429661478,      -3.016071763,      0.1923563879,  -0.0003488786816,  -0.0003488786816,      0.3185495461,       42.80761065,       91541.17391,       91541.17391,       15.09873059,       43440.13424,     -0.9582118803,      0.2791984936,          57.4811255,        -0.9151009092,                205.8790675,       43.23679161,       43.23679161,       98218.78976,       98218.78976,   -0.0003488786816,       91541.17391,         43.23679161,          98218.78976
          0,           0,         153,      -3.628176252,      -2.345560011,      -2.429847808,      -3.019306416,      0.2015142592,  -0.0003492872025,  -0.0003492872025,      0.3186991811,       42.76480472,       91570.08528,       91570.08528,       15.11534396,       43397.18741,     -0.9583123601,       0.279196032,         57.76654771,        -0.9151202085,                 206.903183,       43.19404581,       43.19404581,        98256.1447,        98256.1447,   -0.0003492872025,       91570.08528,         43.19404581,           98256.1447
          0,           0,         154,      -3.627264128,      -2.345565518,      -2.423828107,      -3.021827879,      0.2097081171,  -0.0003496714039,  -0.0003496714039,      0.3188284438,       42.72703929,       91604.20889,       91604.20889,       15.13090488,       43359.30469,     -0.9584118904,      0.2791937842,         58.05341264,        -0.9151392034,                207.9323249,       43.15634042,       43.15634042,       98298.22541,       98298.22541,   -0.0003496714039,       91604.20889,         43.15634042,          98298.22541
          0,           0,         155,      -3.626290329,      -2.344776617,      -2.414539675,      -3.023738946,      0.2169431033,  -0.0003500312616,  -0.0003500312616,      0.3189379336,       42.69422153,       91643.31283,       91643.31283,       15.14539516,       43326.39379,     -0.9585115961,      0.2791919391,         58.34123108,        -0.9151579786,                208.9645972,       43.12358357,       43.12358357,       98344.80762,       98344.80762,   -0.0003500312616,       91643.31283,         43.12358357,          98344.80762
          0,           0,         156,      -3.625385704,      -2.343727017,      -2.404028449,      -3.025350354,      0.2224860341,  -0.0003503663539,  -0.0003503663539,      0.3190267776,       42.66638565,       91687.66991,       91687.66991,       15.15881887,       43298.48782,     -0.9586100985,      0.2791901631,         58.62924284,        -0.9151764928,                209.9975235,       43.09580823,       43.09580823,       98396.14513,       98396.14513,   -0.0003503663539,       91687.66991,         43.09580823,          98396.14513
          0,           0,         157,      -3.619928596,      -2.337974503,      -2.421699017,      -3.026589717,      0.2201690374,  -0.0003506767754,  -0.0003506767754,      0.3190941205,       42.64355778,       91737.69229,       91737.69229,       15.17120042,       43275.61189,     -0.9587061505,      0.2791883047,         58.91650489,        -0.9151946178,                  211.02784,       43.07303939,       43.07303939,       98452.64192,       98452.64192,   -0.0003506767754,       91737.69229,         43.07303939,          98452.64192
          0,           0,         158,      -3.613535108,       -2.30566628,       -2.44385815,       -3.02687663,      0.2132077124,  -0.0003509630907,  -0.0003509630907,      0.3191395523,       42.62569033,       91793.70271,       91793.70271,       15.18257777,       43257.71745,     -0.9587989381,       0.279186269,         59.20190384,        -0.9152122675,                212.0516315,       43.05522871,       43.05522871,         98514.625,         98514.625,   -0.0003509630907,       91793.70271,         43.05522871,            98514.625
          0,           0,         159,      -3.609992355,      -2.291158734,      -2.447900801,      -3.025806803,      0.2178475571,  -0.0003512261788,  -0.0003512261788,       0.319163121,       42.61267346,       91855.89308,       91855.89308,        15.1929946,       43244.69381,     -0.9588881501,       0.279184026,         59.48428163,        -0.9152294057,                213.0647748,       43.04226604,       43.04226604,        98582.3006,        98582.3006,   -0.0003512261788,       91855.89308,         43.04226604,           98582.3006
          0,           0,         160,      -3.607128315,      -2.264895733,      -2.428176074,      -3.024577608,       0.225141844,  -0.0003514670492,  -0.0003514670492,      0.3191658216,       42.60432595,       91924.08875,       91924.08875,       15.20247671,       43236.35997,     -0.9589749593,      0.2791817449,         59.76243621,        -0.9152461373,                214.0628365,        43.0339712,        43.0339712,       98655.52229,       98655.52229,   -0.0003514670492,       91924.08875,          43.0339712,          98655.52229
          0,           0,         161,       -3.60171065,      -2.260571664,       -2.42778517,      -3.022513135,      0.2326594643,  -0.0003516862984,  -0.0003516862984,      0.3191495549,       42.60045867,        91997.6781,        91997.6781,       15.21100028,        43232.5287,     -0.9590625356,      0.2791798726,         60.03516778,        -0.9152627517,                215.0411748,       43.03015786,       43.03015786,       98733.71385,       98733.71385,   -0.0003516862984,        91997.6781,         43.03015786,          98733.71385
          0,           0,         162,      -3.605781636,      -2.274858644,      -2.435158013,      -3.018596946,      0.2398733162,  -0.0003518833736,  -0.0003518833736,      0.3191148252,       42.60095437,       92076.15433,       92076.15433,       15.21855762,       43233.08129,     -0.9591498796,      0.2791782515,         60.30127429,        -0.9152791679,                215.9956013,       43.03070787,       43.03070787,        98816.3512,        98816.3512,   -0.0003518833736,       92076.15433,         43.03070787,           98816.3512
          0,           0,         163,      -3.599150493,       -2.24452965,      -2.362010418,      -3.013305673,      0.2434782427,   -0.000352058097,   -0.000352058097,      0.3190622703,       42.60564496,       92159.00535,       92159.00535,       15.22516172,       43237.84771,     -0.9592357153,      0.2791766778,         60.55954803,        -0.9152952844,                216.9219453,       43.03545198,       43.03545198,       98902.91036,       98902.91036,    -0.000352058097,       92159.00535,         43.03545198,          98902.91036
          0,           0,         164,      -3.600380028,      -2.237966587,      -2.354473879,      -3.006468093,      0.2473850655,  -0.0003522107695,  -0.0003522107695,      0.3189929778,       42.61429874,       92245.63152,       92245.63152,       15.23083837,       43246.59445,     -0.9593192679,      0.2791750193,         60.80877906,        -0.9153110448,                217.8159751,       43.04415777,       43.04415777,       98992.79294,       98992.79294,   -0.0003522107695,       92245.63152,         43.04415777,          98992.79294
          0,           0,         165,      -3.598963366,       -2.22793752,      -2.345392186,      -2.999181882,      0.2505343216,   -0.000352341988,   -0.000352341988,       0.318908394,       42.62665687,       92335.37692,       92335.37692,       15.23561369,       43259.06145,     -0.9594005501,       0.279173262,         61.04785613,        -0.9153264602,                218.6737214,       43.05656642,       43.05656642,       99085.35584,       99085.35584,    -0.000352341988,       92335.37692,         43.05656642,          99085.35584
          0,           0,         166,       -3.60250017,      -2.277207221,      -2.406849731,      -2.991307018,      0.2528902368,  -0.0003524523565,  -0.0003524523565,      0.3188099236,       42.64248731,        92427.6513,        92427.6513,       15.23950703,       43275.01597,     -0.9594800204,      0.2791714453,         61.27582868,        -0.9153415878,                219.4917485,       43.07244626,       43.07244626,       99180.02492,       99180.02492,   -0.0003524523565,        92427.6513,         43.07244626,          99180.02492
          0,           0,         167,      -3.591341153,      -2.262444092,      -2.374878293,      -2.983393624,      0.2673665405,  -0.0003525423218,  -0.0003525423218,      0.3186985838,       42.66161374,       92522.02476,       92522.02476,       15.24253421,       43294.28106,      -0.959557927,       0.279169589,         61.49189643,        -0.9153564598,                 220.267174,       43.09162117,       43.09162117,       99276.38147,       99276.38147,   -0.0003525423218,       92522.02476,         43.09162117,          99276.38147
          0,           0,         168,      -3.597169019,      -2.272978359,      -2.380056582,      -2.975299196,      0.2689185951,  -0.0003526122496,  -0.0003526122496,      0.3185750666,       42.68391301,       92618.23409,       92618.23409,       15.24470719,       43316.73322,     -0.9596345379,       0.279167727,         61.69541743,         -0.915371103,                220.9976708,       43.11396823,       43.11396823,       99374.17176,       99374.17176,   -0.0003526122496,       92618.23409,         43.11396823,          99374.17176
          0,           0,         169,      -3.594599755,      -2.251676446,      -2.373716519,      -2.967549917,      0.2647397095,  -0.0003526624163,  -0.0003526624163,      0.3184401789,       42.70928319,       92715.98654,       92715.98654,        15.2460238,       43342.27087,      -0.959710767,      0.2791659934,         61.88594199,        -0.9153855973,                221.6815208,       43.13938633,       43.13938633,       99473.11546,       99473.11546,   -0.0003526624163,       92715.98654,         43.13938633,          99473.11546
          0,           0,         170,      -3.591301823,      -2.253018286,      -2.366187444,      -2.959726559,         0.2645441,  -0.0003526927714,  -0.0003526927714,      0.3182945761,       42.73764091,       92814.93987,       92814.93987,       15.24647585,       43370.81055,     -0.9597870137,      0.2791644523,         62.06322985,        -0.9153999746,                222.3178107,       43.16779242,       43.16779242,       99572.87277,       99572.87277,   -0.0003526927714,       92814.93987,         43.16779242,          99572.87277
          0,           0,         171,       -3.58555152,        -2.2533591,      -2.359976323,      -2.952128452,      0.2666205958,   -0.000352703125,   -0.000352703125,      0.3181404249,       42.76883314,       92914.09209,       92914.09209,       15.24600624,       43402.20133,     -0.9598663794,      0.2791635698,         62.22727338,         -0.915414499,                222.9061386,       43.19903626,       43.19903626,       99672.46207,       99672.46207,    -0.000352703125,       92914.09209,         43.19903626,          99672.46207
          0,           0,         172,       -3.58333963,      -2.256141173,      -2.352576447,      -2.944428396,      0.2680891533,  -0.0003526921553,  -0.0003526921553,      0.3179789512,       42.80279786,       93012.45927,       93012.45927,       15.24454606,       43436.38154,     -0.9599496218,      0.2791633744,         62.37841393,        -0.9154292865,                   223.4477,       43.23305648,       43.23305648,       99770.88066,       99770.88066,   -0.0003526921553,       93012.45927,         43.23305648,          99770.88066
          0,           0,         173,      -3.581820705,      -2.259073553,      -2.353072528,      -2.936856562,      0.2686225304,  -0.0003526582678,  -0.0003526582678,      0.3178112365,       42.83946758,       93108.95157,       93108.95157,         15.242033,       43473.28304,     -0.9600363352,      0.2791644063,         62.51698141,        -0.9154439381,                223.9432392,       43.26978524,       43.26978524,       99867.00641,       99867.00641,   -0.0003526582678,       93108.95157,         43.26978524,          99867.00641
          0,           0,         174,       -3.57760707,      -2.261899854,      -2.350522072,      -2.929610009,      0.2706051529,  -0.0003526000227,  -0.0003526000227,      0.3176386483,       42.87854837,       93202.26637,       93202.26637,       15.23842439,       43512.60942,     -0.9601253121,      0.2791664179,         62.64357773,        -0.9154583909,                224.3951053,       43.30892753,       43.30892753,       99959.50192,       99959.50192,   -0.0003526000227,       93202.26637,         43.30892753,          99959.50192
          0,           0,         175,      -3.574935301,      -2.264857627,      -2.345498812,      -2.922770861,      0.2724685788,  -0.0003525164339,  -0.0003525164339,      0.3174627688,       42.91970066,       93291.05221,       93291.05221,       15.23370295,       43554.01807,     -0.9602149846,      0.2791690793,         62.75911149,        -0.9154725689,                224.8068147,       43.35014235,       43.35014235,       100046.9873,       100046.9873,   -0.0003525164339,       93291.05221,         43.35014235,          100046.9873
          0,           0,         176,      -3.574343818,      -2.267046173,      -2.365787931,      -2.916619028,      0.2755550961,  -0.0003524071015,  -0.0003524071015,      0.3172854029,       42.96258793,        93374.0221,        93374.0221,       15.22786883,       43597.16992,     -0.9603042827,      0.2791720895,         62.86472763,        -0.9154864659,                225.1827098,       43.39309221,       43.39309221,       100128.1622,       100128.1622,   -0.0003524071015,        93374.0221,         43.39309221,          100128.1622
          0,           0,         177,      -3.569851292,      -2.272151804,      -2.353229356,      -2.911229594,      0.2745626898,  -0.0003522720296,  -0.0003522720296,      0.3171085511,       43.00688505,       93449.95373,       93449.95373,       15.22092657,       43641.73809,     -0.9603929611,      0.2791753617,         62.96178326,        -0.9155000916,                225.5277216,       43.43745175,       43.43745175,       100201.8046,       100201.8046,   -0.0003522720296,       93449.95373,         43.43745175,          100201.8046
          0,           0,         178,      -3.568583368,       -2.27672062,      -2.354674469,      -2.906001758,       0.275004319,  -0.0003521113224,  -0.0003521113224,      0.3169340812,        43.0523298,       93517.77544,       93517.77544,       15.21287656,       43687.45936,      -0.960481309,      0.2791788188,         63.05214642,        -0.9155135436,                225.8486037,         43.482959,         43.482959,       100266.8487,       100266.8487,   -0.0003521113224,       93517.77544,           43.482959,          100266.8487
          0,           0,         179,      -3.566717236,      -2.280906631,      -2.354869183,      -2.901460164,      0.2756319935,  -0.0003519249888,  -0.0003519249888,      0.3167635655,       43.09872342,       93576.61863,       93576.61863,       15.20370535,       43734.13483,     -0.9605702249,      0.2791828755,         63.13766313,        -0.9155267291,                226.1516328,       43.52941599,       43.52941599,       100322.4339,       100322.4339,   -0.0003519249888,       93576.61863,         43.52941599,          100322.4339
          0,           0,         180,      -3.564407203,      -2.283409528,      -2.352933891,      -2.897767903,      0.2764347971,  -0.0003517127177,  -0.0003517127177,      0.3165985088,       43.14588345,       93625.67098,       93625.67098,       15.19336873,       43781.58299,      -0.960661685,      0.2791879897,         63.22006172,        -0.9155397187,                226.4426267,       43.57664204,       43.57664204,       100367.7573,       100367.7573,   -0.0003517127177,       93625.67098,         43.57664204,          100367.7573
          0,           0,         181,      -3.559165136,      -2.285171947,      -2.341501641,      -2.894686185,      0.2789278834,  -0.0003514734864,  -0.0003514734864,      0.3164392105,       43.19370284,       93664.43888,       93664.43888,        15.1818247,       43829.69614,     -0.9607555865,      0.2791940244,         63.30113042,        -0.9155525771,                 226.728099,       43.62452998,       43.62452998,       100402.3051,       100402.3051,   -0.0003514734864,       93664.43888,         43.62452998,          100402.3051
          0,           0,         182,      -3.558554732,      -2.282704389,       -2.33796766,      -2.892385256,      0.2805845355,  -0.0003512063224,  -0.0003512063224,      0.3162856026,        43.2421238,        93692.6226,        93692.6226,       15.16903942,        43878.4158,     -0.9608514447,      0.2792007755,         63.38269799,        -0.9155653426,                227.0147634,       43.67302158,       43.67302158,       100425.7553,       100425.7553,   -0.0003512063224,        93692.6226,         43.67302158,          100425.7553
          0,           0,         183,      -3.556342996,      -2.284326071,      -2.339557545,      -2.890514014,      0.2822148661,  -0.0003509104435,  -0.0003509104435,      0.3161375587,       43.29113629,       93710.02586,       93710.02586,       15.15498449,        43927.7316,     -0.9609489496,      0.2792084687,         63.46608656,        -0.9155778242,                227.3071689,       43.72210654,       43.72210654,       100437.8941,       100437.8941,   -0.0003509104435,       93710.02586,         43.72210654,          100437.8941
          0,           0,         184,      -3.554172445,      -2.286598259,      -2.327507128,      -2.889352114,      0.2830801949,  -0.0003505851932,  -0.0003505851932,      0.3159948155,       43.34067901,       93716.56383,       93716.56383,       15.13963777,       43977.58163,     -0.9610477451,      0.2792170415,         63.55252001,        -0.9155899973,                227.6097464,       43.77172322,       43.77172322,       100438.6212,       100438.6212,   -0.0003505851932,       93716.56383,         43.77172322,          100438.6212
          0,           0,         185,      -3.550480879,      -2.286074968,      -2.312265099,      -2.888455868,      0.2849180129,  -0.0003502300594,  -0.0003502300594,      0.3158572867,       43.39063345,       93712.03287,       93712.03287,       15.12299195,       44027.84599,     -0.9611469253,      0.2792263295,         63.64313826,        -0.9156018022,                227.9267087,       43.82175229,       43.82175229,       100427.7164,       100427.7164,   -0.0003502300594,       93712.03287,         43.82175229,          100427.7164
          0,           0,         186,      -3.547607937,      -2.287601921,      -2.302001224,      -2.887529847,      0.2869353429,  -0.0003498448737,  -0.0003498448737,       0.315725282,       43.44081343,       93696.08609,       93696.08609,       15.10505491,       44078.33679,     -0.9612455622,      0.2792361419,         63.73901141,        -0.9156131915,                228.2620401,       43.87200674,       43.87200674,       100404.8234,       100404.8234,   -0.0003498448737,       93696.08609,         43.87200674,          100404.8234
          0,           0,         187,      -3.544803455,      -2.286534363,      -2.289291479,      -2.886666031,      0.2891279466,  -0.0003494298189,  -0.0003494298189,      0.3155989851,       43.49107283,       93668.61744,       93668.61744,       15.08583827,       44128.90702,     -0.9613434506,      0.2792464084,         63.84117476,        -0.9156241719,                228.6195018,       43.92234025,       43.92234025,        100369.838,        100369.838,   -0.0003494298189,       93668.61744,         43.92234025,           100369.838
          0,           0,         188,      -3.539036268,      -2.290492886,      -2.281585135,      -2.885939054,       0.289452565,  -0.0003489851643,  -0.0003489851643,      0.3154781204,       43.54126993,       93629.75837,       93629.75837,       15.06536705,       44179.41355,     -0.9614397666,      0.2792571218,         63.95046708,        -0.9156346034,                229.0020991,       43.97261036,       43.97261036,       100322.8908,       100322.8908,   -0.0003489851643,       93629.75837,         43.97261036,          100322.8908
          0,           0,         189,      -3.533815723,      -2.287500718,      -2.264422406,      -2.885480252,      0.2902087465,  -0.0003485114892,  -0.0003485114892,      0.3153606656,       43.59140493,       93580.54419,       93580.54419,       15.04371447,        44229.8538,     -0.9615314541,      0.2792675788,         64.06749582,        -0.9156443749,                229.4125803,       44.02281451,       44.02281451,       100265.0046,       100265.0046,   -0.0003485114892,       93580.54419,         44.02281451,          100265.0046
          0,           0,         190,      -3.528275087,      -2.289976624,      -2.243428464,      -2.884708211,      0.2913791115,  -0.0003480104895,  -0.0003480104895,      0.3152434066,       43.64155129,       93522.84889,       93522.84889,       15.02102909,       44280.29725,     -0.9616136938,      0.2792769145,         64.19260339,        -0.9156531639,                 229.852881,       44.07302182,       44.07302182,       100198.0489,       100198.0489,   -0.0003480104895,       93522.84889,         44.07302182,          100198.0489
          0,           0,         191,      -3.521720134,       -2.28214173,      -2.206201622,      -2.883924766,      0.2929193891,  -0.0003474856055,  -0.0003474856055,      0.3151254735,       43.69168273,       93458.27829,       93458.27829,        14.9974301,       44330.71914,     -0.9616883643,      0.2792854165,         64.32587994,        -0.9156611268,                230.3230893,        44.1232077,        44.1232077,       100123.7077,       100123.7077,   -0.0003474856055,       93458.27829,          44.1232077,          100123.7077
          0,           0,         192,      -3.522090362,      -2.293429818,      -2.207786455,      -2.882766163,      0.2958835444,  -0.0003469395937,  -0.0003469395937,       0.315008393,       43.74180238,       93387.52782,       93387.52782,       14.97289619,       44381.13073,     -0.9617644866,      0.2792943743,         64.46718295,        -0.9156690675,                230.8216308,       44.17338331,       44.17338331,       100042.7933,       100042.7933,   -0.0003469395937,       93387.52782,         44.17338331,          100042.7933
          0,           0,         193,      -3.522602562,      -2.276106232,      -2.208623462,      -2.881916903,      0.3038179497,  -0.0003463719554,  -0.0003463719554,      0.3148904143,       43.79221769,       93311.59606,       93311.59606,       14.94738856,       44431.84192,     -0.9618431995,      0.2793039482,         64.61608763,        -0.9156770888,                231.3468465,       44.22385712,       44.22385712,       99956.30059,       99956.30059,   -0.0003463719554,       93311.59606,         44.22385712,          99956.30059
          0,           0,         194,      -3.520631352,      -2.276346149,      -2.194394325,      -2.881361122,      0.2982258608,  -0.0003457817917,  -0.0003457817917,      0.3147691868,       43.84331501,       93231.62341,       93231.62341,       14.92086769,       44483.24096,     -0.9619245808,        0.27931407,         64.77186835,        -0.9156852453,                231.8961889,       44.27501556,       44.27501556,        99865.3507,        99865.3507,   -0.0003457817917,       93231.62341,         44.27501556,           99865.3507
          0,           0,         195,      -3.518759777,      -2.275237198,      -2.178955164,      -2.880310671,       0.296326881,  -0.0003451681874,  -0.0003451681874,      0.3146420857,       43.89544665,       93148.84352,       93148.84352,       14.89330293,       44535.68134,     -0.9620080868,      0.2793250092,         64.93340036,        -0.9156932791,                232.4654013,       44.32721047,       44.32721047,       99771.15306,       99771.15306,   -0.0003451681874,       93148.84352,         44.32721047,          99771.15306
          0,           0,         196,      -3.516079271,      -2.276303173,      -2.167203105,      -2.879251979,      0.2946859378,  -0.0003445304344,  -0.0003445304344,      0.3145062055,       43.94882638,       93064.60126,       93064.60126,       14.86468944,       44589.37633,     -0.9620920828,      0.2793367398,         65.09910774,        -0.9157009193,                233.0488564,       44.38065412,       44.38065412,       99675.02455,       99675.02455,   -0.0003445304344,       93064.60126,         44.38065412,          99675.02455
          0,           0,         197,      -3.513813035,      -2.281685451,      -2.156387767,      -2.878195665,      0.2919144275,  -0.0003438684218,  -0.0003438684218,      0.3143592537,       44.00368922,       92980.13672,       92980.13672,       14.83503216,       44644.56152,     -0.9621759719,      0.2793482134,         65.26717053,        -0.9157086942,                233.6409091,       44.43558098,       44.43558098,       99578.19639,       99578.19639,   -0.0003438684218,       92980.13672,         44.43558098,          99578.19639
          0,           0,         198,      -3.512103224,      -2.286608494,      -2.151852752,       -2.87693869,      0.2888426382,  -0.0003431822625,  -0.0003431822625,      0.3141991425,       44.06040245,       92896.65545,       92896.65545,       14.80434084,       44701.60562,     -0.9622594506,      0.2793593189,         65.43555679,        -0.9157166176,                234.2343798,       44.49235806,       44.49235806,         99481.872,         99481.872,   -0.0003431822625,       92896.65545,         44.49235806,            99481.872
          0,           0,         199,      -3.508673081,      -2.285209812,      -2.140593889,      -2.875246982,      0.2867775623,  -0.0003424721825,  -0.0003424721825,      0.3140239921,       44.11929569,       92815.25894,       92815.25894,        14.7726317,       44760.83943,     -0.9623421117,      0.2793700926,         65.60200826,        -0.9157245962,                234.8211566,        44.5513146,        44.5513146,       99387.15242,       99387.15242,   -0.0003424721825,       92815.25894,          44.5513146,          99387.15242
          0,           0,         200,      -3.508623886,      -2.284378419,      -2.131313824,      -2.873290069,      0.2801306342,  -0.0003417385566,  -0.0003417385566,       0.313832181,       44.18062923,       92736.93068,       92736.93068,       14.73992797,       44822.52406,      -0.962423506,      0.2793805258,         65.76408378,        -0.9157325567,                 235.392512,       44.61271048,       44.61271048,       99295.02359,       99295.02359,   -0.0003417385566,       92736.93068,         44.61271048,          99295.02359
          0,           0,         201,      -3.506310403,      -2.277897723,      -2.115222715,      -2.871294076,      0.2736345275,  -0.0003409819222,  -0.0003409819222,      0.3136226217,       44.24460231,       92662.44113,       92662.44113,       14.70625058,       44886.85983,     -0.9625037898,      0.2793905326,         65.91926539,        -0.9157405782,                235.9395101,        44.6767451,        44.6767451,       99206.26626,       99206.26626,   -0.0003409819222,       92662.44113,          44.6767451,          99206.26626
          0,           0,         202,      -3.511996153,      -2.278158639,       -2.12242572,      -2.869327358,      0.2656653532,  -0.0003402027637,  -0.0003402027637,      0.3133943726,       44.31142379,        92592.4507,        92592.4507,       14.67161974,       44954.05659,     -0.9625830155,      0.2794000519,         66.06497152,        -0.9157487067,                 236.452968,       44.74362731,       44.74362731,       99121.54957,       99121.54957,   -0.0003402027637,        92592.4507,         44.74362731,          99121.54957
          0,           0,         203,       -3.50917169,      -2.280350209,      -2.112630857,      -2.867494283,      0.2835472476,  -0.0003394015484,  -0.0003394015484,      0.3131462254,       44.38138828,       92527.80788,       92527.80788,       14.63604967,       45024.41073,     -0.9626615837,      0.2794089948,         66.19852037,         -0.915757066,                 236.923369,       44.81365212,       44.81365212,       99041.73252,       99041.73252,   -0.0003394015484,       92527.80788,         44.81365212,          99041.73252
          0,           0,         204,      -3.510074518,       -2.27882948,      -2.107786204,       -2.86580525,      0.2669059991,  -0.0003385786048,  -0.0003385786048,       0.312877132,       44.45482328,       92469.26384,       92469.26384,       14.59954346,       45098.25191,     -0.9627402344,      0.2794174001,         66.31720467,        -0.9157657622,                237.3409983,       44.88714766,       44.88714766,       98967.57668,       98967.57668,   -0.0003385786048,       92469.26384,         44.88714766,          98967.57668
          0,           0,         205,      -3.509769752,      -2.275169674,      -2.098901737,       -2.86403486,      0.2600884709,  -0.0003377340032,  -0.0003377340032,      0.3125860365,        44.5320931,       92417.50861,       92417.50861,       14.56209299,       45175.94687,     -0.9628197193,      0.2794253284,         66.41832709,          -0.91577489,                237.6961583,       44.96447892,       44.96447892,       98899.77758,       98899.77758,   -0.0003377340032,       92417.50861,         44.96447892,          98899.77758
          0,           0,         206,      -3.509737739,      -2.279925434,      -2.095395387,      -2.862377395,      0.2691237716,  -0.0003368675547,  -0.0003368675547,      0.3122721138,       44.61353692,       92372.97295,       92372.97295,       14.52368781,       45257.83652,      -0.962900209,      0.2794327608,         66.49928582,        -0.9157844904,                237.9795613,       45.04598525,       45.04598525,       98838.76287,       98838.76287,   -0.0003368675547,       92372.97295,         45.04598525,          98838.76287
          0,           0,         207,      -3.512752476,      -2.267292006,      -2.094156398,      -2.860955041,      0.2605051548,  -0.0003359790168,  -0.0003359790168,      0.3119351164,       44.69942261,       92335.69745,       92335.69745,       14.48432104,       45344.18981,     -0.9629814839,      0.2794395784,         66.55769628,        -0.9157945964,                238.1827823,       45.13193432,       45.13193432,       98784.56697,       98784.56697,   -0.0003359790168,       92335.69745,         45.13193432,          98784.56697
          0,           0,         208,      -3.513202207,      -2.265109226,      -2.090670049,      -2.859511436,      0.2561463752,  -0.0003350682304,  -0.0003350682304,      0.3115752694,       44.78996498,       92305.45641,       92305.45641,       14.44399134,       45435.22223,     -0.9630631905,      0.2794456788,         66.59146883,        -0.9158052079,                238.2984382,       45.22254063,       45.22254063,       98736.95922,       98736.95922,   -0.0003350682304,       92305.45641,         45.22254063,          98736.95922
          0,           0,         209,      -3.513605809,      -2.261883959,      -2.087855231,      -2.858196078,      0.2534237575,  -0.0003341351645,  -0.0003341351645,      0.3111932065,       44.88528682,       92281.79554,       92281.79554,       14.40270656,       45531.05663,     -0.9631447282,      0.2794511106,         66.59884927,        -0.9158161902,                238.3202168,       45.31792642,       45.31792642,       98695.48169,       98695.48169,   -0.0003341351645,       92281.79554,         45.31792642,          98695.48169
          0,           0,         210,      -3.514087654,      -2.257592355,       -2.08615197,      -2.857044733,       0.251652236,  -0.0003331800008,  -0.0003331800008,      0.3107901022,       44.98540504,       92263.99635,       92263.99635,       14.36048421,       45631.70943,     -0.9632254588,       0.279455751,         66.57849014,        -0.9158275056,                238.2434067,       45.41810806,       45.41810806,       98659.41663,       98659.41663,   -0.0003331800008,       92263.99635,         45.41810806,          98659.41663
          0,           0,         211,      -3.517743635,      -2.264205139,      -2.097957343,      -2.856137251,      0.2494563405,   -0.000332203144,   -0.000332203144,      0.3103677126,       45.09025841,        92251.0795,        92251.0795,       14.31734779,       45737.11874,     -0.9633049785,      0.2794595268,         66.52954304,        -0.9158391275,                238.0650386,       45.52302395,       45.52302395,       98627.79193,       98627.79193,    -0.000332203144,        92251.0795,         45.52302395,          98627.79193
          0,           0,         212,       -3.51510227,      -2.250274796,        -2.0910283,      -2.855403626,      0.2492084948,  -0.0003312051385,  -0.0003312051385,      0.3099282871,       45.19974517,       92241.84519,       92241.84519,       14.27332121,       45847.18232,     -0.9633832594,      0.2794624488,         66.45156163,        -0.9158510445,                237.7835087,       45.63257233,       45.63257233,       98599.42065,       98599.42065,   -0.0003312051385,       92241.84519,         45.63257233,          98599.42065
          0,           0,         213,      -3.515502706,      -2.243609459,      -2.091024392,       -2.85452475,      0.2496283294,  -0.0003301865373,  -0.0003301865373,        0.30947424,        45.3137446,       92235.00631,       92235.00631,       14.22842676,       45961.77895,     -0.9634604038,      0.2794645975,         66.34454422,        -0.9158632258,                237.3987432,       45.74663254,       45.74663254,       98573.02973,       98573.02973,   -0.0003301865373,       92235.00631,         45.74663254,          98573.02973
          0,           0,         214,      -3.516030342,      -2.234926368,       -2.09078862,      -2.853854334,      0.2508938014,  -0.0003291478569,  -0.0003291478569,      0.3090080011,       45.43214322,       92229.25895,       92229.25895,       14.18268394,       46080.79483,     -0.9635366034,       0.279465852,         66.20912131,        -0.9158757776,                236.9130999,        45.8650913,        45.8650913,        98547.3291,        98547.3291,   -0.0003291478569,       92229.25895,          45.8650913,           98547.3291
          0,           0,         215,       -3.51587803,      -2.232543393,      -2.089566016,      -2.853489713,       0.252240834,  -0.0003280895477,  -0.0003280895477,      0.3085318801,       45.55483445,       92223.34643,       92223.34643,       14.13610931,       46204.12303,     -0.9636120541,      0.2794664561,         66.04628015,        -0.9158885873,                236.3299019,       45.98784221,       45.98784221,        98521.0746,        98521.0746,   -0.0003280895477,       92223.34643,         45.98784221,           98521.0746
          0,           0,         216,      -3.516326803,      -2.223911374,      -2.088188564,      -2.853658728,      0.2529859482,  -0.0003270119926,  -0.0003270119926,      0.3080480722,       45.68168955,       92216.05067,       92216.05067,       14.08871703,       46331.63437,     -0.9636869202,      0.2794664817,          65.8575496,        -0.9159016401,                235.6545558,       46.11475667,       46.11475667,       98493.05894,       98493.05894,   -0.0003270119926,       92216.05067,         46.11475667,          98493.05894
          0,           0,         217,      -3.516561139,      -2.218053188,      -2.087416085,       -2.85401097,      0.2535454657,  -0.0003259155194,  -0.0003259155194,      0.3075586423,       45.81256594,       92206.21798,       92206.21798,       14.04051733,       46463.18586,     -0.9637614733,      0.2794662229,         65.64483173,        -0.9159148065,                234.8936163,       46.24569236,       46.24569236,       98462.13866,       98462.13866,   -0.0003259155194,       92206.21798,         46.24569236,          98462.13866
          0,           0,         218,      -3.516826907,      -2.212111468,       -2.08694353,       -2.85470233,      0.2537458831,  -0.0003248003655,  -0.0003248003655,      0.3070653947,       45.94733474,       92192.81379,       92192.81379,       13.99151727,       46598.64819,     -0.9638359425,      0.2794655896,         65.41042572,        -0.9159281804,                234.0553834,       46.38052061,       46.38052061,       98427.28702,       98427.28702,   -0.0003248003655,       92192.81379,         46.38052061,          98427.28702
          0,           0,         219,      -3.517021155,      -2.206118004,      -2.086715168,      -2.855943791,      0.2531364561,  -0.0003236666945,  -0.0003236666945,      0.3065698058,       46.08591261,       92174.94827,       92174.94827,       13.94172449,       46737.93764,     -0.9639102973,      0.2794647188,         65.15696738,        -0.9159416741,                233.1491705,       46.51915804,       46.51915804,       98387.61862,       98387.61862,   -0.0003236666945,       92174.94827,         46.51915804,          98387.61862
          0,           0,         220,      -3.517190354,       -2.20030682,      -2.087017056,      -2.857559693,      0.2516489436,  -0.0003225146834,  -0.0003225146834,      0.3060729988,        46.2282342,       92151.93138,       92151.93138,       13.89114887,        46880.9884,     -0.9639843949,      0.2794637308,         64.88729441,        -0.9159551903,                232.1850289,       46.66153918,       46.66153918,       98342.44697,       98342.44697,   -0.0003225146834,       92151.93138,         46.66153918,          98342.44697
          0,           0,         221,      -3.517598046,       -2.19453414,      -2.088284361,      -2.859565405,       0.250090574,  -0.0003213445611,  -0.0003213445611,      0.3055758925,       46.37422441,       92123.19559,       92123.19559,        13.8398042,       47027.72478,     -0.9640579738,      0.2794626295,         64.60452546,        -0.9159686811,                231.1741129,       46.80758869,       46.80758869,       98291.20815,       98291.20815,   -0.0003213445611,       92123.19559,         46.80758869,          98291.20815
          0,           0,         222,      -3.518210897,       -2.18840354,      -2.090561265,      -2.862092011,      0.2484285201,  -0.0003201566466,  -0.0003201566466,      0.3050792507,       46.52380436,       92088.28054,       92088.28054,       13.78770953,       47178.06721,     -0.9641306742,      0.2794614086,         64.31205123,        -0.9159820875,                230.1285589,       46.95722737,       46.95722737,       98233.44634,       98233.44634,   -0.0003201566466,       92088.28054,         46.95722737,          98233.44634
          0,           0,         223,      -3.512275329,      -2.182341614,      -2.085692547,      -2.865185278,      0.2435904246,  -0.0003189513805,  -0.0003189513805,      0.3045837168,       46.67688671,       92046.84162,       92046.84162,        13.7348876,       47331.92773,     -0.9642022383,      0.2794601581,         64.01341227,        -0.9159953106,                229.0609606,       47.11036767,       47.11036767,       98168.82437,       98168.82437,   -0.0003189513805,       92046.84162,         47.11036767,          98168.82437
          0,           0,         224,       -3.51106595,      -2.175636768,      -2.074710868,      -2.868512644,      0.2413768157,   -0.000317729289,   -0.000317729289,      0.3040898121,       46.83337716,       91998.62828,       91998.62828,       13.68136533,       47489.21129,     -0.9642723703,       0.279458847,         63.71230623,        -0.9160083177,                227.9845742,       47.26691498,       47.26691498,       98097.10043,       98097.10043,    -0.000317729289,       91998.62828,         47.26691498,          98097.10043
          0,           0,         225,      -3.513259346,      -2.175328132,      -2.075997799,      -2.872315662,      0.2379846353,   -0.000316490995,   -0.000316490995,      0.3035978783,       46.99320829,       91943.53571,       91943.53571,       13.62717248,       47649.84998,     -0.9643408636,      0.2794574653,         63.41253483,        -0.9160210789,                226.9130108,       47.42680173,       47.42680173,       98018.18065,       98018.18065,    -0.000316490995,       91943.53571,         47.42680173,          98018.18065
          0,           0,         226,      -3.513451114,      -2.181646846,      -2.089873326,      -2.877521973,      0.2375382948,  -0.0003152371871,  -0.0003152371871,       0.303108088,       47.15632543,       91881.58797,       91881.58797,       13.57234064,       47813.78875,     -0.9644075775,      0.2794561025,         63.11791859,        -0.9160335161,                225.8598686,        47.5899731,        47.5899731,       97932.10164,       97932.10164,   -0.0003152371871,       91881.58797,          47.5899731,          97932.10164
          0,           0,         227,      -3.519811774,      -2.166814005,      -2.108762414,      -2.882929252,      0.2424135492,  -0.0003139685963,  -0.0003139685963,      0.3026203615,       47.32268608,       91812.98336,       91812.98336,       13.51690219,       47980.98483,     -0.9644724426,      0.2794548533,         62.83219138,        -0.9160455606,                224.8384333,       47.75638655,       47.75638655,       97839.07523,       97839.07523,   -0.0003139685963,       91812.98336,         47.75638655,          97839.07523
          0,           0,         228,       -3.52474446,      -2.156257899,      -2.124793667,      -2.889845559,      0.2367764463,  -0.0003126859722,  -0.0003126859722,      0.3021342624,        47.4922855,       91738.16512,       91738.16512,       13.46088733,        48151.4336,     -0.9645356026,      0.2794538156,         62.55896438,        -0.9160571786,                223.8615502,       47.92603744,       47.92603744,       97739.55957,       97739.55957,   -0.0003126859722,       91738.16512,         47.92603744,          97739.55957
          0,           0,         229,      -3.529869652,      -2.146761575,      -2.139008625,      -2.896479781,      0.2276897507,  -0.0003113900134,  -0.0003113900134,      0.3016489114,       47.66516739,        91657.8265,        91657.8265,       13.40432519,       48325.17899,      -0.964597123,      0.2794530606,         62.30161148,        -0.9160683393,                222.9412387,       48.09896954,       48.09896954,       97634.26095,       97634.26095,   -0.0003113900134,        91657.8265,         48.09896954,          97634.26095
          0,           0,         230,      -3.533106041,      -2.137977212,      -2.140564122,       -2.90311371,      0.2272447791,  -0.0003100813939,  -0.0003100813939,      0.3011632915,       47.84136576,       91572.70916,       91572.70916,       13.34724849,       48502.25496,     -0.9646567335,      0.2794525964,         62.06322279,        -0.9160789908,                222.0885531,       48.27521661,       48.27521661,       97523.93144,       97523.93144,   -0.0003100813939,       91572.70916,         48.27521661,          97523.93144
          0,           0,         231,      -3.538112684,      -2.126913726,      -2.158326092,      -2.910263846,      0.2212212392,  -0.0003087608706,  -0.0003087608706,      0.3006765657,       48.02086149,       91483.46435,       91483.46435,        13.2896948,       48682.64192,     -0.9647140648,      0.2794523864,         61.84659844,        -0.9160890912,                221.3135455,       48.45475919,       48.45475919,       97409.23385,       97409.23385,   -0.0003087608706,       91483.46435,         48.45475919,          97409.23385
          0,           0,         232,      -3.542628939,       -2.11668984,      -2.175560851,      -2.918002505,      0.2174885648,  -0.0003074293126,  -0.0003074293126,       0.300188107,       48.20359522,       91390.66924,       91390.66924,       13.23170399,       48866.28007,     -0.9647689235,      0.2794524106,         61.65419554,        -0.9160986191,                220.6250267,       48.63753773,       48.63753773,       97290.76039,       97290.76039,   -0.0003074293126,       91390.66924,         48.63753773,          97290.76039
          0,           0,         233,      -3.547170715,      -2.107024918,      -2.192737179,      -2.926265728,      0.2146639552,  -0.0003060876431,  -0.0003060876431,      0.2996972937,       48.38950721,       91294.93449,       91294.93449,       13.17331588,       49053.10937,     -0.9648212905,      0.2794526435,         61.48811133,        -0.9161075867,                220.0305231,       48.82349248,       48.82349248,        97169.1389,        97169.1389,   -0.0003060876431,       91294.93449,         48.82349248,           97169.1389
          0,           0,         234,      -3.551784371,      -2.098430499,      -2.210218099,      -2.935153713,      0.2117497764,  -0.0003047367826,  -0.0003047367826,      0.2992033625,       48.57856291,       91196.96403,       91196.96403,        13.1145696,        49243.0951,     -0.9648711847,      0.2794530649,         61.35006479,        -0.9161160098,                 219.536203,       49.01258889,       49.01258889,       97045.09058,       97045.09058,   -0.0003047367826,       91196.96403,         49.01258889,          97045.09058
          0,           0,         235,      -3.552070536,      -2.090264894,      -2.219246306,      -2.944215423,      0.2108020099,  -0.0003033776362,  -0.0003033776362,      0.2987053757,       48.77075995,       91097.56269,       91097.56269,       13.05550434,       49436.23483,     -0.9649185716,      0.2794536315,         61.24138469,        -0.9161239085,                219.1468558,       49.20482454,       49.20482454,       96919.43676,       96919.43676,   -0.0003033776362,       91097.56269,         49.20482454,          96919.43676
          0,           0,         236,      -3.554067932,      -2.086847304,      -2.231399604,      -2.953003342,      0.2101817323,    -0.00030201111,    -0.00030201111,      0.2982021915,       48.96613383,       90997.66251,       90997.66251,       12.99615953,       49632.56418,     -0.9649633979,      0.2794543697,         61.16294251,         -0.916131258,                218.8655793,       49.40023488,       49.40023488,       96793.12577,       96793.12577,     -0.00030201111,       90997.66251,         49.40023488,          96793.12577
          0,           0,         237,      -3.559274538,      -2.079683474,       -2.24496317,       -2.96143869,      0.2092343327,  -0.0003006381166,  -0.0003006381166,      0.2976924936,       49.16473245,       90898.30162,       90898.30162,       12.93657591,       49832.13114,     -0.9650055322,      0.2794552118,         61.11517367,        -0.9161380762,                218.6939842,       49.59886766,       49.59886766,       96667.21151,       96667.21151,   -0.0003006381166,       90898.30162,         49.59886766,          96667.21151
          0,           0,         238,      -3.563966397,      -2.071943577,      -2.251172174,      -2.970523769,      0.2091095655,  -0.0002992595985,  -0.0002992595985,      0.2971747895,       49.36665284,       90800.65413,       90800.65413,       12.87679352,       50035.03319,     -0.9650449875,       0.279456109,           61.098108,        -0.9161443949,                218.6322146,       49.80081993,       49.80081993,       96542.88522,       96542.88522,   -0.0002992595985,       90800.65413,         49.80081993,          96542.88522
          0,           0,         239,      -3.568603688,      -2.065806495,      -2.253361628,      -2.979858953,        0.20906135,  -0.0002978764823,  -0.0002978764823,      0.2966473233,       49.57207366,       90706.09138,       90706.09138,       12.81684685,       50241.45015,     -0.9650821445,      0.2794570839,         61.11138702,        -0.9161502669,                218.6789691,       50.00627066,       50.00627066,       96421.53702,       96421.53702,   -0.0002978764823,       90706.09138,         50.00627066,          96421.53702
          0,           0,         240,      -3.573197752,      -2.061489757,      -2.252948311,      -2.988492235,      0.2083676767,  -0.0002964895654,  -0.0002964895654,      0.2961083766,       49.78118792,        90615.9214,        90615.9214,       12.75676607,       50451.57621,     -0.9651172925,      0.2794581674,         61.15419757,        -0.9161557239,                218.8313125,       50.21541312,       50.21541312,       96304.49076,       96304.49076,   -0.0002964895654,        90615.9214,         50.21541312,          96304.49076
          0,           0,         241,      -3.577797263,      -2.057475572,      -2.250016291,      -2.996071823,      0.2088929365,  -0.0002950995465,  -0.0002950995465,      0.2955565023,       49.99413126,       90531.21339,       90531.21339,       12.69658428,       50665.54738,     -0.9651501811,      0.2794593185,         61.22531124,        -0.9161607474,                219.0848799,       50.42838269,       50.42838269,       96192.82662,       96192.82662,   -0.0002950995465,       90531.21339,         50.42838269,          96192.82662
          0,           0,         242,      -3.582295479,      -2.053816346,      -2.247996562,      -3.003357777,      0.2110723425,   -0.000293707191,   -0.000293707191,      0.2949905824,       50.21100009,       90452.88772,       90452.88772,       12.63633401,       50883.46052,     -0.9651808168,      0.2794605233,         61.32310686,        -0.9161653467,                219.4338797,       50.64527579,       50.64527579,       96087.47906,       96087.47906,    -0.000293707191,       90452.88772,         50.64527579,          96087.47906
          0,           0,         243,      -3.586667895,      -2.050394263,      -2.244069728,      -3.011586505,       0.213140587,   -0.000292313252,   -0.000292313252,      0.2944098051,       50.43186381,       90381.71113,       90381.71113,       12.57604322,       51105.38565,     -0.9652095176,      0.2794617756,         61.44570667,         -0.916169581,                219.8715962,       50.86616209,       50.86616209,        95989.2308,        95989.2308,    -0.000292313252,       90381.71113,         50.86616209,           95989.2308
          0,           0,         244,      -3.590783907,      -2.047196511,      -2.237921316,      -3.020173026,      0.2153779057,   -0.000290918376,   -0.000290918376,      0.2938135451,        50.6568044,       90318.34792,       90318.34792,       12.51573023,       51331.40575,     -0.9652369926,      0.2794631155,         61.59101586,        -0.9161735495,                220.3905004,        51.0911242,        51.0911242,       95898.76244,       95898.76244,    -0.000290918376,       90318.34792,          51.0911242,          95898.76244
          0,           0,         245,      -3.593143098,      -2.044412117,       -2.24161088,      -3.028932551,       0.218601867,  -0.0002895229875,  -0.0002895229875,      0.2932010044,       50.88599276,       90263.55644,       90263.55644,       12.45539727,       51561.69363,     -0.9652644749,      0.2794646508,         61.75666503,        -0.9161774018,                220.9820271,        51.3203341,        51.3203341,       95816.84723,       95816.84723,   -0.0002895229875,       90263.55644,          51.3203341,          95816.84723
          0,           0,         246,      -3.592073082,      -2.043725183,      -2.226993327,      -3.037238034,      0.2226742962,  -0.0002881271371,  -0.0002881271371,      0.2925717349,       51.11964343,       90217.86525,       90217.86525,       12.39501801,       51796.46686,     -0.9652941978,      0.2794666368,          61.9400094,        -0.9161813724,                221.6365077,       51.55400836,       51.55400836,       95744.02734,       95744.02734,   -0.0002881271371,       90217.86525,         51.55400836,          95744.02734
          0,           0,         247,       -3.59271007,      -2.042537676,      -2.203767065,       -3.04595681,      0.2250407117,  -0.0002867302132,  -0.0002867302132,      0.2919259071,        51.3579459,       90181.20794,       90181.20794,       12.33453977,        52035.9177,     -0.9653282597,      0.2794692914,         62.13833949,        -0.9161856952,                222.3440693,       51.79233834,       51.79233834,       95680.23693,       95680.23693,   -0.0002867302132,       90181.20794,         51.79233834,          95680.23693
          0,           0,         248,      -3.592904905,      -2.040545401,      -2.172862758,      -3.053792781,      0.2288229537,  -0.0002853309961,  -0.0002853309961,      0.2912621139,       51.60111496,       90153.69958,       90153.69958,       12.27396602,       52280.25806,     -0.9653623185,      0.2794718973,          62.3488657,        -0.9161900462,                223.0952962,       52.03553494,       52.03553494,       95625.54189,       95625.54189,   -0.0002853309961,       90153.69958,         52.03553494,          95625.54189
          0,           0,         249,      -3.596704292,      -2.039012754,      -2.173007199,      -3.061046852,      0.2338152917,  -0.0002839295671,  -0.0002839295671,      0.2905802968,       51.84917141,        90135.2621,        90135.2621,       12.21332476,       52529.50708,     -0.9653944395,      0.2794741233,         62.56880027,        -0.9161942883,                223.8804779,       52.28361723,       52.28361723,       95579.85511,       95579.85511,   -0.0002839295671,        90135.2621,         52.28361723,          95579.85511
          0,           0,         250,      -3.592282377,      -2.037677612,      -2.106276629,      -3.067964087,      0.2387451521,  -0.0002825265737,  -0.0002825265737,      0.2898813081,       52.10201248,       90125.56366,       90125.56366,       12.15265093,       52783.56098,     -0.9654240364,      0.2794758617,         62.79538962,        -0.9161983841,                224.6898506,       52.53648191,       52.53648191,       95542.85503,       95542.85503,   -0.0002825265737,       90125.56366,         52.53648191,          95542.85503
          0,           0,         251,      -3.598992514,      -2.037703073,      -2.152734738,       -3.07333028,      0.2434237743,  -0.0002811228235,  -0.0002811228235,      0.2891663253,       52.35947407,       90124.13967,       90124.13967,       12.09198423,       53042.25451,      -0.965450681,      0.2794770301,         63.02595661,        -0.9162023089,                225.5139057,       52.79396449,       52.79396449,       95514.09168,       95514.09168,   -0.0002811228235,       90124.13967,         52.79396449,          95514.09168
          0,           0,         252,      -3.607315919,      -2.033768173,      -2.203717445,      -3.079461691,      0.2483958633,  -0.0002797192344,  -0.0002797192344,      0.2884366769,        52.6213635,       90130.49357,       90130.49357,       12.03136569,       53305.39393,     -0.9654742091,      0.2794775437,         63.25798108,        -0.9162060851,                226.3436992,       53.05587216,       53.05587216,       95493.08672,       95493.08672,   -0.0002797192344,       90130.49357,         53.05587216,          95493.08672
          0,           0,         253,       -3.61131947,      -2.031227866,      -2.221950682,      -3.084379497,      0.2515679517,  -0.0002783167548,  -0.0002783167548,      0.2876937195,       52.88749832,       90144.13953,       90144.13953,       11.97083531,       53572.79595,     -0.9654946392,      0.2794773836,         63.48904306,        -0.9162097272,                227.1705933,       53.32202248,       53.32202248,       95479.37421,       95479.37421,   -0.0002783167548,       90144.13953,         53.32202248,          95479.37421
          0,           0,         254,      -3.613778973,      -2.029509398,      -2.207594061,      -3.087072579,      0.2540152714,  -0.0002769163108,  -0.0002769163108,      0.2869387611,       53.15772029,       90164.63451,       90164.63451,       11.91042964,        53844.3018,     -0.9655121939,      0.2794766499,         63.71672603,         -0.916213214,                227.9858659,       53.59225741,       53.59225741,       95472.53155,       95472.53155,   -0.0002769163108,       90164.63451,         53.59225741,          95472.53155
          0,           0,         255,      -3.615661663,      -2.027305865,      -2.191672201,      -3.090895168,      0.2564613695,  -0.0002755187472,  -0.0002755187472,      0.2861730453,       53.43188162,        90191.5778,        90191.5778,       11.85017809,       54119.76346,     -0.9655273945,      0.2794754734,         63.93865017,        -0.9162165576,                228.7808994,       53.86642964,       53.86642964,       95472.17843,       95472.17843,   -0.0002755187472,        90191.5778,         53.86642964,          95472.17843
          0,           0,         256,      -3.616928137,      -2.025274961,      -2.176268994,      -3.095186977,      0.2587221421,  -0.0002741247452,  -0.0002741247452,      0.2853978902,       53.70982366,       90224.49115,       90224.49115,       11.79010007,       54399.02224,     -0.9655410182,      0.2794739616,         64.15258216,        -0.9162198284,                 229.547618,       54.14438121,       54.14438121,       95477.85526,       95477.85526,   -0.0002741247452,       90224.49115,         54.14438121,          95477.85526
          0,           0,         257,      -3.611538993,      -2.012766987,      -2.162741935,       -3.10062603,      0.2631927394,  -0.0002727347534,  -0.0002727347534,      0.2846145544,       53.99140016,       90262.83699,       90262.83699,       11.73020747,       54681.93173,     -0.9655536514,      0.2794721733,         64.35649645,        -0.9162230928,                230.2787275,       54.42596641,       54.42596641,       95489.03743,       95489.03743,   -0.0002727347534,       90262.83699,         54.42596641,          95489.03743
          0,           0,         258,      -3.614200139,      -2.014584655,      -2.149474704,      -3.106078283,      0.2654691566,  -0.0002713490471,  -0.0002713490471,        0.28382409,       54.27650803,       90306.12908,       90306.12908,        11.6705072,       54968.38872,     -0.9655656879,      0.2794701308,         64.54858788,         -0.916226406,                230.9677521,        54.7110825,        54.7110825,       95505.24704,       95505.24704,   -0.0002713490471,       90306.12908,          54.7110825,          95505.24704
          0,           0,         259,       -3.61175002,      -2.011828274,      -2.138460413,      -3.109977448,      0.2693562978,  -0.0002699677857,  -0.0002699677857,      0.2830273347,       54.56508643,       90353.95321,       90353.95321,       11.61100396,       55258.33224,     -0.9655772963,      0.2794678237,         64.72726877,        -0.9162298034,                  231.60902,       54.99966879,       54.99966879,       95526.07459,       95526.07459,   -0.0002699677857,       90353.95321,         54.99966879,          95526.07459
          0,           0,         260,      -3.611627306,      -2.012926605,      -2.127746474,      -3.113314439,      0.2708993674,  -0.0002685910786,  -0.0002685910786,      0.2822251783,       54.85704818,       90405.79738,       90405.79738,       11.55170594,       55551.67441,     -0.9655881778,      0.2794651765,         64.89119112,        -0.9162332784,                232.1977712,       55.29163784,       55.29163784,       95551.00934,       95551.00934,   -0.0002685910786,       90405.79738,         55.29163784,          95551.00934
          0,           0,         261,      -3.611156605,      -2.014430989,      -2.117951058,      -3.115311699,      0.2732296682,  -0.0002672191151,  -0.0002672191151,      0.2814188038,       55.15220771,       90460.96544,       90460.96544,       11.49262687,       55848.22837,       -0.96559785,      0.2794622089,         65.03925125,        -0.9162367355,                232.7300407,       55.58680363,       55.58680363,       95579.35716,       95579.35716,   -0.0002672191151,       90460.96544,         55.58680363,          95579.35716
          0,           0,         262,      -3.610277718,      -2.017185282,      -2.107373634,      -3.115140782,      0.2752412039,  -0.0002658522129,  -0.0002658522129,      0.2806099241,       55.45027709,       90518.56689,       90518.56689,        11.4337717,       56147.70549,     -0.9656070285,      0.2794590651,         65.17060562,        -0.9162402125,                233.2026896,        55.8848789,        55.8848789,       95610.23871,       95610.23871,   -0.0002658522129,       90518.56689,          55.8848789,          95610.23871
          0,           0,         263,      -3.608931764,      -2.019566932,      -2.094180242,      -3.113647253,      0.2776426733,  -0.0002644904875,  -0.0002644904875,      0.2797999042,       55.75105215,       90577.77961,       90577.77961,        11.3751464,       56449.90053,     -0.9656156197,      0.2794554538,         65.28463988,        -0.9162438676,                233.6137621,       56.18565938,       56.18565938,       95642.83455,       95642.83455,   -0.0002644904875,       90577.77961,         56.18565938,          95642.83455
          0,           0,         264,      -3.607399055,      -2.023523695,      -2.080711955,      -3.113420153,      0.2803950411,  -0.0002631340769,  -0.0002631340769,      0.2789897772,       56.05443387,       90637.95942,       90637.95942,       11.31676209,       56754.71362,     -0.9656231669,      0.2794513202,         65.38093996,        -0.9162476545,                233.9618217,       56.48904564,       56.48904564,       95676.50145,       95676.50145,   -0.0002631340769,       90637.95942,         56.48904564,          95676.50145
          0,           0,         265,      -3.606053915,      -2.025136522,      -2.071301034,      -3.114337898,      0.2836806108,  -0.0002617832394,  -0.0002617832394,      0.2781804977,       56.36034528,        90698.5917,        90698.5917,       11.25862934,       57062.06743,     -0.9656296976,      0.2794467393,         65.45929193,        -0.9162515332,                234.2460395,       56.79496073,       56.79496073,       95710.73055,       95710.73055,   -0.0002617832394,        90698.5917,         56.79496073,          95710.73055
          0,           0,         266,      -3.604254184,      -2.030167365,      -2.059863101,      -3.117086428,      0.2874901573,  -0.0002604382197,  -0.0002604382197,      0.2773727751,       56.66873831,       90759.31871,       90759.31871,       11.20075715,       57371.91378,     -0.9656353267,      0.2794418015,         65.51968483,        -0.9162554692,                234.4662985,       57.10335669,       57.10335669,       95745.16984,       95745.16984,   -0.0002604382197,       90759.31871,         57.10335669,          95745.16984
          0,           0,         267,      -3.604877205,      -2.035139373,      -2.050529347,      -3.120236111,      0.2896634193,  -0.0002590992261,  -0.0002590992261,      0.2765671683,       56.97960116,        90819.9078,        90819.9078,       11.14314759,       57684.24134,      -0.965640638,      0.2794366819,         65.56227235,        -0.9162594589,                 234.622999,       57.41422225,       57.41422225,       95779.59401,       95779.59401,   -0.0002590992261,        90819.9078,         57.41422225,          95779.59401
          0,           0,         268,      -3.601582124,      -2.038422464,       -2.04623169,      -3.120237667,       0.291898188,  -0.0002577663061,  -0.0002577663061,      0.2757638412,       57.29299694,        90880.3356,        90880.3356,       11.08579487,        57999.1141,     -0.9656463109,      0.2794315596,          65.5873433,        -0.9162635128,                234.7170212,        57.7276211,        57.7276211,       95813.98407,       95813.98407,   -0.0002577663061,        90880.3356,          57.7276211,          95813.98407
          0,           0,         269,       -3.60069962,      -2.039120458,      -2.042439004,      -3.119914266,      0.2950097237,  -0.0002564393254,  -0.0002564393254,      0.2749624897,       57.60906456,       90940.79498,       90940.79498,       11.02868884,       58316.67202,     -0.9656527343,       0.279426553,         65.59529218,        -0.9162676274,                234.7496738,       58.04369253,       58.04369253,       95848.53199,       95848.53199,   -0.0002564393254,       90940.79498,         58.04369253,          95848.53199
          0,           0,         270,        -3.6001089,      -2.044009228,      -2.039034374,      -3.120007635,      0.2985722755,  -0.0002551180487,  -0.0002551180487,      0.2741625571,       57.92798298,       91001.60293,       91001.60293,       10.97181617,       58637.09513,     -0.9656602018,      0.2794217436,         65.58656194,        -0.9162718046,                234.7224704,       58.36261575,       58.36261575,       95883.55117,       95883.55117,   -0.0002551180487,       91001.60293,         58.36261575,          95883.55117
          0,           0,         271,       -3.59972171,      -2.045245157,      -2.036483575,       -3.11905929,      0.3021543834,  -0.0002538021683,  -0.0002538021683,       0.273363532,       58.24987935,       91062.95924,       91062.95924,       10.91516812,       58960.51084,     -0.9656683265,      0.2794171051,         65.56168677,        -0.9162759933,                234.6373417,       58.68451755,       58.68451755,       95919.23304,       95919.23304,   -0.0002538021683,       91062.95924,         58.68451755,          95919.23304
          0,           0,         272,       -3.59922748,      -2.048071986,      -2.037519758,      -3.115912704,      0.3061688921,   -0.000252491483,   -0.000252491483,      0.2725652512,       58.57479784,       91124.88792,       91124.88792,       10.85873856,       59286.96333,     -0.9656768901,      0.2794126368,         65.52126913,        -0.9162801559,                234.4964418,       59.00944193,       59.00944193,        95955.5964,        95955.5964,    -0.000252491483,       91124.88792,         59.00944193,           95955.5964
          0,           0,         273,      -3.599050995,      -2.049427076,      -2.039204832,      -3.107990951,      0.3124169176,  -0.0002511858526,  -0.0002511858526,      0.2717679443,       58.90267161,       91187.15409,       91187.15409,       10.80252611,       59616.38508,      -0.965685484,      0.2794083104,         65.46599337,        -0.9162842385,                234.3022413,       59.33732166,       59.33732166,       95992.40167,       95992.40167,   -0.0002511858526,       91187.15409,         59.33732166,          95992.40167
          0,           0,         274,      -3.599578526,      -2.050960463,      -2.042326602,      -3.098338472,      0.3213866131,  -0.0002498852451,  -0.0002498852451,      0.2709721889,       59.23333866,       91249.33171,       91249.33171,        10.7465332,       59948.61302,     -0.9656937659,      0.2794041065,         65.39664287,        -0.9162881935,                 234.057558,       59.66799444,       59.66799444,       96029.22077,       96029.22077,   -0.0002498852451,       91249.33171,         59.66799444,          96029.22077
          0,           0,         275,      -3.600760818,      -2.051797888,      -2.045289262,      -3.086953775,      0.3322662642,  -0.0002485897176,  -0.0002485897176,        0.27017875,       59.56657904,       91310.90477,       91310.90477,       10.69076485,       60283.42593,     -0.9657015003,      0.2794000317,         65.31405304,        -0.9162919761,                233.7653745,        60.0012401,        60.0012401,       96065.53808,       96065.53808,   -0.0002485897176,       91310.90477,          60.0012401,          96065.53808
          0,           0,         276,      -3.602485781,      -2.052049881,      -2.049147493,      -3.068934403,      0.3447366567,  -0.0002472993866,  -0.0002472993866,      0.2693884449,         59.902146,       91371.34953,       91371.34953,       10.63522717,       60620.57583,     -0.9657085834,      0.2793961682,         65.21903152,        -0.9162955189,                 233.428511,        60.3368118,        60.3368118,       96100.83203,       96100.83203,   -0.0002472993866,       91371.34953,          60.3368118,          96100.83203
          0,           0,         277,      -3.609540609,      -2.057736025,      -2.050335247,      -3.053661401,      0.3598734485,  -0.0002460143929,  -0.0002460143929,       0.268602037,       60.23976464,       91430.18634,       91430.18634,       10.57992667,       60959.78647,     -0.9657149675,      0.2793925399,         65.11240364,        -0.9162987996,                233.0499006,       60.67443461,       60.67443461,       96134.62585,       96134.62585,   -0.0002460143929,       91430.18634,         60.67443461,          96134.62585
          0,           0,         278,      -3.610932085,      -2.050951356,      -2.056806138,      -3.041511482,      0.3669553896,  -0.0002447348872,  -0.0002447348872,      0.2678202154,       60.57915993,       91486.99149,       91486.99149,       10.52486944,       61300.78156,     -0.9657206844,      0.2793891247,         64.99506614,        -0.9163018368,                232.6327706,        61.0138335,        61.0138335,       96166.49922,       96166.49922,   -0.0002447348872,       91486.99149,          61.0138335,          96166.49922
          0,           0,         279,      -3.617226953,      -2.051209631,      -2.060703206,      -3.030428502,      0.3754695975,  -0.0002434610098,  -0.0002434610098,      0.2670435645,       60.92008072,       91541.40356,       91541.40356,       10.47006118,       61643.30878,     -0.9657257601,      0.2793859117,         64.86794638,        -0.9163046417,                232.1804489,       61.35475736,       61.35475736,       96196.09384,       96196.09384,   -0.0002434610098,       91541.40356,         61.35475736,          96196.09384
          0,           0,         280,      -3.618500665,      -2.045883762,      -2.069767639,       -3.02550406,      0.3792218788,  -0.0002421928922,  -0.0002421928922,      0.2662726094,       61.26229242,       91593.09124,       91593.09124,       10.41550755,       61987.13245,      -0.965730188,      0.2793828823,         64.73197143,        -0.9163072241,                231.6962689,       61.69697159,       61.69697159,       96223.08112,       96223.08112,   -0.0002421928922,       91593.09124,         61.69697159,          96223.08112
          0,           0,         281,      -3.627690459,       -2.04648028,      -2.077256787,      -3.022374299,      0.3631677074,  -0.0002409306651,  -0.0002409306651,      0.2655077445,       61.60560716,       91641.82546,       91641.82546,       10.36121238,       62332.06393,      -0.965734128,      0.2793800493,         64.58806002,        -0.9163096043,                231.1835085,       62.04028846,       62.04028846,       96247.23539,       96247.23539,   -0.0002409306651,       91641.82546,         62.04028846,          96247.23539
          0,           0,         282,      -3.630257374,      -2.043146055,      -2.088973115,      -3.019962833,      0.3549060488,  -0.0002396744173,  -0.0002396744173,      0.2647494046,       61.94981039,       91687.30872,       91687.30872,       10.30718025,       62677.88763,     -0.9657375047,      0.2793774377,         64.43713904,        -0.9163117543,                230.6454651,       62.38449336,       62.38449336,       96268.26062,       96268.26062,   -0.0002396744173,       91687.30872,         62.38449336,          96268.26062
          0,           0,         283,      -3.632127089,      -2.040556062,      -2.090253314,      -3.027392895,       0.326551522,  -0.0002384242548,  -0.0002384242548,      0.2639980078,       62.29465768,        91729.2764,        91729.2764,       10.25341452,       63024.35803,     -0.9657404259,      0.2793751058,         64.28002121,        -0.9163136576,                    230.085,       62.72934194,       62.72934194,        96285.8949,        96285.8949,   -0.0002384242548,        91729.2764,         62.72934194,           96285.8949
          0,           0,         284,      -3.633642709,      -2.038759838,      -2.091797255,      -3.029663995,      0.3156338229,  -0.0002371802553,  -0.0002371802553,      0.2632539547,        62.6398884,       91767.45493,       91767.45493,       10.19991815,       63371.21333,     -0.9657429197,      0.2793730129,         64.11743828,        -0.9163153436,                229.5047672,       63.07457361,       63.07457361,       96299.86633,       96299.86633,   -0.0002371802553,       91767.45493,         63.07457361,          96299.86633
          0,           0,         285,      -3.634599296,      -2.036844169,      -2.091077472,        -3.0299426,      0.3130518234,  -0.0002359424883,  -0.0002359424883,      0.2625176479,       62.98527452,       91801.56352,       91801.56352,       10.14669377,       63718.22443,     -0.9657450136,      0.2793710732,         63.95019123,        -0.9163168685,                228.9077051,       63.41996035,       63.41996035,       96309.89568,       96309.89568,   -0.0002359424883,       91801.56352,         63.41996035,          96309.89568
          0,           0,         286,      -3.635485203,      -2.037254661,       -2.09632391,      -3.028042019,      0.3132399791,  -0.0002347110156,  -0.0002347110156,      0.2617894681,       63.33060601,       91831.33178,       91831.33178,       10.09374357,       64065.18035,      -0.965746741,      0.2793692801,         63.77911158,        -0.9163182421,                228.2967962,       63.76529218,       63.76529218,       96315.71391,       96315.71391,   -0.0002347110156,       91831.33178,         63.76529218,          96315.71391
          0,           0,         287,       -3.63735383,      -2.036891345,      -2.109930298,      -3.026067599,        0.31235123,  -0.0002334858898,  -0.0002334858898,      0.2610697012,       63.67570574,       91856.56243,       91856.56243,       10.04106813,       64411.90327,     -0.9657482619,      0.2793676521,         63.60500892,         -0.916319481,                227.6749239,       64.11039209,       64.11039209,       96317.12547,       96317.12547,   -0.0002334858898,       91856.56243,         64.11039209,          96317.12547
          0,           0,         288,        -3.6398836,      -2.036220767,      -2.128277871,      -3.021934992,      0.3108023784,  -0.0002322671237,  -0.0002322671237,       0.260358584,       64.02033849,       91877.06105,       91877.06105,       9.988668045,       64758.15684,     -0.9657495716,      0.2793664259,         63.42859155,        -0.9163204425,                227.0444322,       64.45502486,       64.45502486,       96313.93613,       96313.93613,   -0.0002322671237,       91877.06105,         64.45502486,          96313.93613
          0,           0,         289,       -3.64259108,       -2.03532622,      -2.148503396,      -3.015602663,      0.3094281611,  -0.0002310547313,  -0.0002310547313,      0.2596562511,       64.36428085,        91892.7218,        91892.7218,       9.936542157,       65103.71679,      -0.965750847,      0.2793654383,         63.25049631,        -0.9163212552,                226.4077357,       64.79896725,       64.79896725,       96306.04101,       96306.04101,   -0.0002310547313,        91892.7218,         64.79896725,          96306.04101
          0,           0,         290,      -3.645843669,      -2.034910775,      -2.173626932,      -3.010246276,      0.3082031439,  -0.0002298486845,  -0.0002298486845,      0.2589627829,       64.70742167,        91903.4451,        91903.4451,       9.884689318,       65448.47142,     -0.9657520911,      0.2793644226,         63.07141451,        -0.9163220792,                225.7675259,       65.14210809,       65.14210809,       96293.33988,       96293.33988,   -0.0002298486845,        91903.4451,         65.14210809,          96293.33988
          0,           0,         291,      -3.649454831,      -2.034394983,      -2.201919282,      -3.006075047,      0.3067532972,  -0.0002286489548,  -0.0002286489548,      0.2582782458,       65.04971419,       91909.13876,       91909.13876,       9.833108631,       65792.37373,     -0.9657532771,      0.2793633942,         62.89215526,        -0.9163229008,                225.1266864,       65.48440059,       65.48440059,       96275.73978,       96275.73978,   -0.0002286489548,       91909.13876,         65.48440059,          96275.73978
          0,           0,         292,      -3.653584949,      -2.033966073,      -2.233343982,      -3.004703578,       0.305539935,  -0.0002274555206,  -0.0002274555206,      0.2576026411,       65.39113766,       91909.77745,       91909.77745,       9.781797583,       66135.40301,     -0.9657545629,      0.2793624046,         62.71362269,        -0.9163237165,                224.4884124,       65.82582416,       65.82582416,       96253.21552,       96253.21552,   -0.0002274555206,       91909.77745,         65.82582416,          96253.21552
          0,           0,         293,      -3.657451098,      -2.032374752,       -2.26775459,      -3.004508354,      0.3044804455,  -0.0002262683227,  -0.0002262683227,      0.2569359323,       65.73166831,       91905.32934,       91905.32934,       9.730754127,       66477.53535,     -0.9657559042,      0.2793614731,         62.53681645,        -0.9163245069,                223.8562668,       66.16635498,       66.16635498,       96225.73377,       96225.73377,   -0.0002262683227,       91905.32934,         66.16635498,          96225.73377
          0,           0,         294,      -3.661237236,      -2.030857999,      -2.299925616,      -3.004735558,      0.3030376862,  -0.0002250873133,  -0.0002250873133,      0.2562780882,       66.07128112,       91895.77247,       91895.77247,       9.679975821,       66818.74564,     -0.9657573427,       0.279360629,         62.36282744,        -0.9163252618,                223.2341317,       66.50596807,       66.50596807,       96193.27164,       96193.27164,   -0.0002250873133,       91895.77247,         66.50596807,          96193.27164
          0,           0,         295,      -3.664894658,      -2.027363411,      -2.328395568,      -3.005861049,      0.3015880575,  -0.0002239124355,  -0.0002239124355,      0.2556290479,       66.40995803,       91881.10432,       91881.10432,       9.629459761,       67159.01578,     -0.9657589283,       0.279359894,         62.19280243,        -0.9163259768,                222.6260954,       66.84464541,       66.84464541,       96155.82558,       96155.82558,   -0.0002239124355,       91881.10432,         66.84464541,          96155.82558
          0,           0,         296,       -3.66809484,      -2.023885549,      -2.352415052,      -3.007158405,      0.3001249249,  -0.0002227436215,  -0.0002227436215,      0.2549887107,       66.74768435,       91861.34476,       91861.34476,        9.57920288,       67498.33103,     -0.9657606809,      0.2793593031,         62.02791142,        -0.9163266345,                222.0363193,       67.18237233,       67.18237233,       96113.41403,       96113.41403,   -0.0002227436215,       91861.34476,         67.18237233,          96113.41403
          0,           0,         297,      -3.670636257,      -2.020007091,      -2.366714821,      -3.007756043,      0.2991607478,     -0.0002215808,     -0.0002215808,      0.2543569391,       67.08445091,       91836.53755,       91836.53755,         9.5292022,       67836.68216,     -0.9657625952,       0.279358852,         61.86930896,        -0.9163272365,                221.4689405,       67.51913965,       67.51913965,       96066.07911,       96066.07911,      -0.0002215808,       91836.53755,         67.51913965,          96066.07911
          0,           0,         298,      -3.672910721,      -2.018099244,      -2.389996965,      -3.009223583,      0.2984551499,  -0.0002204239024,  -0.0002204239024,      0.2537335596,       67.42025425,       91806.75383,       91806.75383,       9.479454976,       68174.06569,     -0.9657646521,      0.2793585987,         61.71806337,        -0.9163277446,                220.9277382,       67.85494389,       67.85494389,       96013.89032,       96013.89032,   -0.0002204239024,       91806.75383,         67.85494389,          96013.89032
          0,           0,         299,      -3.674816854,      -2.016645658,      -2.413210588,      -3.010982477,      0.2973893651,  -0.0002192728652,  -0.0002192728652,      0.2531183507,       67.75507152,       91772.10237,       91772.10237,       9.429958819,       68510.45863,     -0.9657668207,      0.2793586632,         61.57510757,        -0.9163280817,                220.4159587,       68.18976217,       68.18976217,       95956.95479,       95956.95479,   -0.0002192728652,       91772.10237,         68.18976217,          95956.95479
