"Time_Iter","Outer_Iter","Inner_Iter",    "rms[Rho]"    ,    "rms[RhoU]"   ,    "rms[RhoV]"   ,    "rms[RhoW]"   ,    "rms[RhoE]"   ,  "Avg_Massflow"  ,  "Avg_Massflow"  ,    "Avg_Mach"    ,    "Avg_Temp"    ,    "Avg_Press"   ,    "Avg_Press"   ,   "Avg_Density"  ,  "Avg_Enthalpy"  ,  "Avg_NormalVel" ,   "Uniformity"   ,"Secondary_Strength","Momentum_Distortion","Secondary_Over_Uniformity",  "Avg_TotalTemp" ,  "Avg_TotalTemp" , "Avg_TotalPress" , "Avg_TotalPress" ,"Avg_Massflow(HUB)", "Avg_Press(HUB)" ,"Avg_TotalTemp(HUB)","Avg_TotalPress(HUB)"
          0,           0,           0,      -3.981353031,      -3.054054919,      -1.219791682,     -0.8809592071,       1.483171888,   0.0006049395297,   0.0006049395297,      0.1083993483,       288.1522202,       92063.84501,       92063.84501,       1.112997754,       290355.9372,       23.39569226,       4.905524685,         39.10595479,        -0.9560358045,                7.971818981,       288.9967853,       288.9967853,       93054.27473,       93054.27473,    0.0006049395297,       92063.84501,         288.9967853,          93054.27473
          0,           0,           1,       -3.75801528,      -2.970998713,      -1.219431727,      -0.885539764,       1.692492316,   0.0006950891479,   0.0006950891479,      0.1404826439,       288.2457105,       93322.57275,       93322.57275,       1.127950221,       291276.0742,       38.02095803,       6.653875694,         49.27655677,        -0.9693730849,                7.405692418,       289.9126152,       289.9126152,       95469.67917,       95469.67917,    0.0006950891479,       93322.57275,         289.9126152,          95469.67917
          0,           0,           2,      -3.646727394,      -2.896841873,      -1.201253966,     -0.8729778397,       1.793141828,    7.08317476e-05,    7.08317476e-05,      0.1220790236,        288.380999,       96777.02427,       96777.02427,       1.170322125,        293030.253,       5.463423174,       2.051667754,         57.02506399,         -0.858978807,                 27.7944925,       291.6585827,       291.6585827,       102689.1487,       102689.1487,     7.08317476e-05,       96777.02427,         291.6585827,          102689.1487
          0,           0,           3,      -3.578082196,      -2.835597036,      -1.177399858,     -0.8549675701,       1.852910843,  -0.0003010670114,  -0.0003010670114,      0.2510132153,       284.3591375,       92525.21794,       92525.21794,       1.134171892,       290925.9704,      -45.46676528,       6.718125381,         63.08516495,        -0.9781672675,                9.390292883,       289.5641502,       289.5641502,       100511.5508,       100511.5508,   -0.0003010670114,       92525.21794,         289.5641502,          100511.5508
          0,           0,           4,      -3.542241613,      -2.773416775,      -1.153922374,     -0.8342814692,       1.884731758,  -0.0004029956717,  -0.0004029956717,      0.4012505715,       276.1709093,       88831.09639,       88831.09639,       1.120133257,       288108.5101,      -64.32525657,       12.04919954,         68.36238441,        -0.9649124262,                5.673603807,       286.7598784,       286.7598784,       103077.1028,       103077.1028,   -0.0004029956717,       88831.09639,         286.7598784,          103077.1028
          0,           0,           5,      -3.512318366,      -2.713440055,       -1.12468636,     -0.8107465965,       1.912479997,  -0.0003450170515,  -0.0003450170515,      0.5218485603,       267.4093954,       86317.92492,       86317.92492,       1.123364806,       285353.0635,       -64.0241935,       16.95827574,         73.11343963,        -0.9298423309,                4.311372263,         284.01733,         284.01733,       108573.6782,       108573.6782,   -0.0003450170515,       86317.92492,           284.01733,          108573.6782
          0,           0,           6,      -3.484340063,      -2.661798141,      -1.095299658,     -0.7845752567,       1.940681734,  -0.0001737575149,  -0.0001737575149,      0.6091917245,       259.7235744,       84919.13894,       84919.13894,       1.137499753,       282868.3432,      -57.05228349,        21.1659165,          77.4076929,        -0.8623652514,                3.657185972,       281.5442406,       281.5442406,       115382.7831,       115382.7831,   -0.0001737575149,       84919.13894,         281.5442406,          115382.7831
          0,           0,           7,      -3.458631439,      -2.599888328,      -1.060801663,      -0.753311987,       1.968009643,   3.707127831e-05,   3.707127831e-05,      0.6787997856,       252.9253628,       84148.85854,       84148.85854,       1.157116015,       280495.0715,      -49.65561619,       24.67679661,         81.32754091,        -0.7530319277,                 3.29570901,       279.1820782,       279.1820782,        122894.734,        122894.734,    3.707127831e-05,       84148.85854,         279.1820782,           122894.734
          0,           0,           8,      -3.427576705,      -2.526932053,      -1.025222692,     -0.7194253266,       2.000234623,  -0.0003398552724,  -0.0003398552724,      0.8248756138,       239.6980406,       83030.80062,       83030.80062,       1.203773467,       276436.2636,       -71.7960057,       27.73928733,         85.14753411,        -0.8507239854,                3.069564588,       275.1422695,       275.1422695,       140637.5134,       140637.5134,   -0.0003398552724,       83030.80062,         275.1422695,          140637.5134
          0,           0,           9,      -3.392905466,      -2.446079643,     -0.9871984527,     -0.6827325625,       2.035437486,   0.0003712754294,   0.0003712754294,      0.8448123715,       237.6698934,       83836.82319,       83836.82319,       1.222282467,       274989.0637,      -29.99118177,       30.55388268,         88.16534369,        0.03787644443,                2.885569229,        273.701844,        273.701844,        143488.406,        143488.406,    0.0003712754294,       83836.82319,          273.701844,           143488.406
          0,           0,          10,      -3.359068175,      -2.346856502,     -0.9487766955,     -0.6443170046,       2.069554915,   0.0001446279329,   0.0001446279329,      0.9223251715,       229.6207752,       83432.91254,       83432.91254,       1.258120517,       272096.0744,      -49.25496434,        32.8673722,         91.37708415,         -0.554723323,                2.780176145,       270.8223967,       270.8223967,       158901.3816,       158901.3816,    0.0001446279329,       83432.91254,         270.8223967,          158901.3816
          0,           0,          11,      -3.322416724,      -2.255386066,     -0.9080623158,     -0.6029003644,       2.105480498,   0.0006429576956,   0.0006429576956,      0.9428876414,       226.9633729,       84086.94362,       84086.94362,       1.276941353,       270359.9117,      -21.71956684,       34.14414762,         93.85336435,          1.471327098,                2.748739415,       269.0943609,       269.0943609,       161845.7703,       161845.7703,    0.0006429576956,       84086.94362,         269.0943609,          161845.7703
          0,           0,          12,      -3.282347988,      -2.138560182,     -0.8619544109,      -0.557150181,       2.144210031,   0.0003335441742,   0.0003335441742,      0.9804694299,         222.54051,        84963.1684,        84963.1684,       1.308038131,       268602.5883,      -42.57130418,       33.70209697,         95.90556955,        -0.3732707884,                2.845685526,       267.3452635,       267.3452635,       173134.2962,       173134.2962,    0.0003335441742,        84963.1684,         267.3452635,          173134.2962
          0,           0,          13,      -3.248370587,      -2.138953706,     -0.8269913892,      -0.521085725,       2.177597812,   0.0004313251242,   0.0004313251242,       1.013934016,       218.7456534,        85053.5506,        85053.5506,       1.326551329,       266834.7977,      -39.46513947,       34.95741712,         98.64745466,        -0.2153944253,                2.821932019,       265.5857479,       265.5857479,       181339.3396,       181339.3396,    0.0004313251242,        85053.5506,         265.5857479,          181339.3396
          0,           0,          14,      -3.218100308,      -2.108747126,     -0.7968984713,      -0.488781268,        2.20740479,  -0.0001441306689,  -0.0001441306689,       1.132489094,       208.0984807,       84251.67696,       84251.67696,       1.369620407,       264002.7736,      -66.42834532,       35.89234107,         102.0379947,        -0.7080579167,                2.842890478,       262.7669805,       262.7669805,       208693.8636,       208693.8636,   -0.0001441306689,       84251.67696,         262.7669805,          208693.8636
          0,           0,          15,      -3.186065632,      -2.040521982,     -0.7633067671,     -0.4543290566,       2.239093044,   0.0008343474429,   0.0008343474429,       1.096783703,       211.4665714,       86541.43471,       86541.43471,       1.380212981,       264485.4935,       -17.4843313,       38.27695939,          105.760152,          3.792662075,                2.763023859,       263.2474408,       263.2474408,       201192.4353,       201192.4353,    0.0008343474429,       86541.43471,         263.2474408,          201192.4353
          0,           0,          16,       -3.15246181,      -1.974833713,     -0.7205647314,     -0.4154708843,       2.271831717,   0.0004657601839,   0.0004657601839,       1.118714039,       209.5118668,       89101.51251,       89101.51251,       1.419115424,       264068.3054,      -39.65668391,        37.2585324,         109.5975452,        -0.1172886783,                2.941542195,       262.8322055,       262.8322055,       214605.0569,       214605.0569,    0.0004657601839,       89101.51251,         262.8322055,          214605.0569
          0,           0,          17,      -3.112353779,      -1.887575418,     -0.6642277108,     -0.3680177512,       2.311224942,   0.0004504177952,   0.0004504177952,       1.158823121,       206.0451881,       89955.15247,       89955.15247,       1.443532623,       262909.5298,      -38.50464142,       38.06510948,         114.9362684,       -0.02269977242,                3.019465067,       261.6788542,       261.6788542,       225810.6605,       225810.6605,    0.0004504177952,       89955.15247,         261.6788542,          225810.6605
          0,           0,          18,      -3.065614672,       -1.79220357,     -0.5973483085,     -0.3109459274,       2.355658915,    0.000657798262,    0.000657798262,       1.166815149,        205.966541,       91876.52662,       91876.52662,       1.466919168,       262984.5138,      -29.73551271,       39.23761881,         121.9494006,         0.7412231205,                 3.10797149,       261.7534872,       261.7534872,       232521.3753,       232521.3753,     0.000657798262,       91876.52662,         261.7534872,          232521.3753
          0,           0,          19,      -3.008765631,       -1.66883701,     -0.5166429595,     -0.2418668556,        2.40865735,   0.0009506444111,   0.0009506444111,       1.145804692,        207.926848,       94231.79089,       94231.79089,       1.487116665,       263652.9279,      -23.21410473,       40.18431207,         131.1364217,          1.996464914,                3.263373565,       262.4187724,       262.4187724,       237034.1358,       237034.1358,    0.0009506444111,       94231.79089,         262.4187724,          237034.1358
          0,           0,          20,      -2.960943517,      -1.556605879,     -0.4662509282,     -0.1919293903,        2.45363375,    0.000240335307,    0.000240335307,       1.218146254,        201.637019,       96579.47407,       96579.47407,       1.545036554,       262858.2342,      -51.16379432,       39.70933435,         143.2638577,         -0.397635006,                3.607813125,       261.6277986,       261.6277986,       262036.2889,       262036.2889,     0.000240335307,       96579.47407,         261.6277986,          262036.2889
          0,           0,          21,      -2.925991278,      -1.459981765,     -0.4277181126,     -0.1540804306,       2.484740549,   4.576845629e-05,   4.576845629e-05,       1.276563474,       197.0031712,         99304.029,         99304.029,       1.599880827,       262169.2535,      -54.94785496,       39.98240967,         159.5906722,        -0.4705359918,                3.991522111,       260.9420431,       260.9420431,         282320.21,         282320.21,    4.576845629e-05,         99304.029,         260.9420431,            282320.21
          0,           0,          22,      -2.880451008,       -1.36287598,      -0.374944133,     -0.1062801105,       2.524543192,   0.0003472187712,   0.0003472187712,       1.294332084,       196.5243757,       103998.9351,       103998.9351,       1.662973003,       262389.6151,      -35.88539831,       40.22663502,         179.2157317,          0.256584991,                4.455150961,       261.1613732,       261.1613732,       297728.2129,       297728.2129,    0.0003472187712,       103998.9351,         261.1613732,          297728.2129
          0,           0,          23,      -2.841898281,      -1.258740842,     -0.3417842161,    -0.07609755903,       2.561198795,   0.0004393436024,   0.0004393436024,       1.273421139,       199.6169562,        106057.381,        106057.381,       1.679114741,       263971.2767,      -35.11379807,       42.04904563,         192.4282465,         0.4340248324,                 4.57628095,        262.735631,        262.735631,       299321.8488,       299321.8488,    0.0004393436024,        106057.381,          262.735631,          299321.8488
          0,           0,          24,      -2.838368356,      -1.227640291,     -0.3425387429,    -0.07307314889,       2.567232896,   0.0003131145213,   0.0003131145213,       1.282947069,       199.1644715,       111369.7404,       111369.7404,       1.751016237,       264426.5176,       -42.4364489,       41.84113047,         204.1694294,       -0.02786014101,                4.879634635,       263.1887409,       263.1887409,       319197.7049,       319197.7049,    0.0003131145213,       111369.7404,         263.1887409,          319197.7049
          0,           0,          25,      -2.703063599,      -1.148556515,     -0.2035107123,     0.06639850976,       2.687858574,   0.0006344548998,   0.0006344548998,       1.269607294,       200.7272606,       119076.7217,       119076.7217,        1.84527286,       265219.4151,       -27.3220371,       41.46049643,         214.6206671,          1.302729064,                5.176509823,       263.9779269,       263.9779269,       337801.7645,       337801.7645,    0.0006344548998,       119076.7217,         263.9779269,          337801.7645
          0,           0,          26,      -2.431242225,      -1.055750712,      0.2213254109,      0.2394603315,       2.908212968,   0.0001927576074,   0.0001927576074,       1.297745033,       198.5698635,        130414.536,        130414.536,       2.007003236,       265169.6402,      -48.37521643,       39.98450069,         225.7938016,        -0.3168162745,                5.647033167,        263.928385,        263.928385,       377292.6752,       377292.6752,    0.0001927576074,        130414.536,          263.928385,          377292.6752
          0,           0,          27,      -2.719694182,       -1.10830063,     -0.1937012409,     0.04525630928,       2.675076993,  -0.0001239270383,  -0.0001239270383,       1.337420261,       195.7870576,       135957.5292,       135957.5292,       2.103672388,       265340.4524,      -60.56787107,       41.05174675,         237.8992052,        -0.5406130386,                5.795105545,       264.0983976,       264.0983976,       405689.7827,       405689.7827,   -0.0001239270383,       135957.5292,         264.0983976,          405689.7827
          0,           0,          28,      -2.259528898,      -1.010574841,     0.02802912434,      0.5294635647,       3.065426481,    0.000844782176,    0.000844782176,       1.281693633,       201.3574379,       140273.3883,       140273.3883,         2.1425077,       266678.2382,       -13.9937647,       42.97628915,         249.7202534,          8.431672052,                5.810651835,       265.4299212,       265.4299212,       402377.4464,       402377.4464,     0.000844782176,       140273.3883,         265.4299212,          402377.4464
          0,           0,          29,       -1.24191709,      0.0340038399,       1.395480062,        1.45624576,       4.098943407,    0.000468963381,    0.000468963381,       1.274917858,       202.2566719,       155839.9629,       155839.9629,       2.358243092,       267403.5595,      -34.35855684,       41.24608534,         260.6698873,         0.4411050635,                6.319869756,       266.1518474,       266.1518474,       452022.4901,       452022.4901,     0.000468963381,       155839.9629,         266.1518474,          452022.4901
          0,           0,          30,      -2.376321077,     -0.8403278658,       0.211207453,      0.3807180606,       3.022401745,   0.0004078581869,   0.0004078581869,       1.296909251,       200.1520726,       166321.8292,       166321.8292,       2.533663717,       266696.9496,      -32.70224452,       41.53341555,         270.9789382,          0.613021557,                6.524359594,       265.4485451,       265.4485451,       498280.1092,       498280.1092,    0.0004078581869,       166321.8292,         265.4485451,          498280.1092
          0,           0,          31,      -2.498776328,     -0.6333747234,      0.1195138813,      0.2342524611,       2.902511695,  -0.0002899585421,  -0.0002899585421,         1.3703596,       193.8816836,       180023.5575,       180023.5575,       2.787134172,       265708.0112,      -60.93315988,       41.29974708,         281.4382702,         -0.540603816,                6.814527692,       264.4642359,       264.4642359,       578143.7367,       578143.7367,   -0.0002899585421,       180023.5575,         264.4642359,          578143.7367
          0,           0,          32,      -2.210618635,     -0.5784010893,      0.4681020912,      0.4601107886,       3.161434268,  -0.0003960466008,  -0.0003960466008,       1.402084394,       191.0511144,       195024.3855,       195024.3855,       3.052166286,        264897.537,      -60.24905391,       41.45003631,         293.3305201,        -0.5266859814,                7.076725285,       263.6575555,       263.6575555,       659714.3878,       659714.3878,   -0.0003960466008,       195024.3855,         263.6575555,          659714.3878
          0,           0,          33,      -2.217447738,     -0.4834845257,      0.3127821262,      0.4607099714,       3.124864046,   8.623694203e-06,   8.623694203e-06,       1.388090449,       192.4669044,         214648.17,         214648.17,       3.381099225,       264983.4531,      -35.24874549,       41.28846529,         305.2604104,         0.3720506711,                7.393358128,       263.7430694,       263.7430694,       773239.0611,       773239.0611,    8.623694203e-06,         214648.17,         263.7430694,          773239.0611
          0,           0,          34,      -2.234754111,     -0.1082679923,      0.4063148039,      0.4415004538,       3.178207195,  -0.0003275089804,  -0.0003275089804,       1.406970879,       191.2145258,         243714.29,         243714.29,       3.894508281,        264482.312,      -51.69965737,       39.98054679,         319.0532026,        -0.4019711593,                7.980211084,       263.2442742,       263.2442742,       1084581.007,       1084581.007,   -0.0003275089804,         243714.29,         263.2442742,          1084581.007
          0,           0,          35,      -1.879321084,     -0.2187691168,      0.8564107201,      0.7271812239,       3.499336515,  -0.0001582622176,  -0.0001582622176,       1.447404813,       191.1741554,       258248.8625,       258248.8625,       4.221073443,       263556.1993,      -38.95182234,       40.91484577,         333.5901179,         0.1033321553,                8.153278146,       262.3224966,       262.3224966,       416944755.1,       416944755.1,   -0.0001582622176,       258248.8625,         262.3224966,          416944755.1
          0,           0,          36,      -1.881660299,     -0.2335417272,      0.6730852771,      0.8137728086,        3.42428896,  -0.0007448408888,  -0.0007448408888,       1.515850227,         185.61667,       287501.4989,       287501.4989,       4.804077682,        261905.879,      -62.72515192,       40.86534505,          347.985168,        -0.5755496492,                8.515410003,       260.6799015,       260.6799015,         429264285,         429264285,   -0.0007448408888,       287501.4989,         260.6799015,            429264285
          0,           0,          37,      -1.907324849,     -0.2871170958,      0.6552288869,      0.7892149988,       3.409926037,  -0.0009300190061,  -0.0009300190061,       1.539885946,       182.7989011,        310733.626,        310733.626,       5.239203702,       260161.5676,      -65.55855383,       42.57484736,         359.6848578,        -0.5782574014,                 8.44829471,       258.9437551,       258.9437551,       404006224.7,       404006224.7,   -0.0009300190061,        310733.626,         258.9437551,          404006224.7
          0,           0,          38,      -1.990169753,     -0.2845653186,       0.672323763,      0.7002258391,       3.399445405,   -0.000258464777,   -0.000258464777,       1.500517313,       187.3392882,        364917.007,        364917.007,       6.157509317,       261164.3675,      -31.13058858,       41.13531901,         373.4779736,         0.7460435654,                9.079253122,       259.9418609,       259.9418609,       418817872.6,       418817872.6,    -0.000258464777,        364917.007,         259.9418609,          418817872.6
          0,           0,          39,      -2.003232619,     -0.2656363955,      0.6385498404,      0.6913790116,       3.391475422,  -0.0005392205346,  -0.0005392205346,       1.542121298,       186.7392105,       426083.9303,       426083.9303,       7.262508122,       260637.4004,       -43.9127109,       39.96301068,         388.4880102,        -0.1717987131,                9.721189762,       259.4173605,       259.4173605,       461692178.7,       461692178.7,   -0.0005392205346,       426083.9303,         259.4173605,          461692178.7
          0,           0,          40,      -1.934830953,     -0.1920521026,      0.7605245888,      0.7229383154,       3.477057044,  -0.0003972747987,  -0.0003972747987,       1.543335993,       187.5283704,       470087.5703,       470087.5703,       8.019890199,       260043.6742,      -33.63830944,       40.69152847,         404.5781607,          0.463321266,                9.942564849,       258.8264136,       258.8264136,       447913673.4,       447913673.4,   -0.0003972747987,       470087.5703,         258.8264136,          447913673.4
          0,           0,          41,      -1.733143419,      -0.211414268,       0.971164664,      0.9316477338,       3.713202002,   3.756941992e-05,   3.756941992e-05,       1.497106298,       193.4213422,       502854.1897,       502854.1897,       8.513748253,       261114.5216,      -20.32393601,         41.624716,         419.0419336,          3.194565003,                10.06714217,       259.8922484,       259.8922484,         432252095,         432252095,    3.756941992e-05,       502854.1897,         259.8922484,            432252095
          0,           0,          42,      -1.694637272,     -0.1832911273,       1.017248071,      0.9480814392,       3.760946565,   0.0003114944406,   0.0003114944406,       1.447789228,       197.5214161,       551498.6219,       551498.6219,       9.209705457,       261923.7312,      -14.45983663,        42.0500143,         434.5739907,          7.456789553,                10.33469305,       260.6976701,       260.6976701,       411195604.9,       411195604.9,    0.0003114944406,       551498.6219,         260.6976701,          411195604.9
          0,           0,          43,     -0.8920562386,      0.5988796963,       1.687713317,       1.808897497,       4.512863634,   0.0002234481135,   0.0002234481135,       1.472134321,       197.2000712,       635142.0241,       635142.0241,       10.44180624,       261588.0077,      -14.77811697,       41.99740103,         449.3376733,          7.076191923,                 10.6991781,        260.363518,        260.363518,       444849729.6,       444849729.6,    0.0002234481135,       635142.0241,          260.363518,          444849729.6
          0,           0,          44,      -1.837775341,     -0.1265286552,      0.7760816075,      0.8528504603,       3.548821667,  -0.0006427893324,  -0.0006427893324,       1.529643668,       191.8462097,       753781.7883,       753781.7883,       12.30403639,       260458.0614,      -41.93974364,       41.03425931,         460.2809743,        -0.0427141176,                11.21699239,       259.2388611,       259.2388611,       219236323.2,       219236323.2,   -0.0006427893324,       753781.7883,         259.2388611,          219236323.2
          0,           0,          45,      -1.637751672,     -0.1287303425,      0.9862657493,       1.065563547,       3.771478418,  -4.610081055e-05,  -4.610081055e-05,       1.501765753,       192.7379406,       813140.0616,       813140.0616,       13.28852228,       260110.7334,      -11.71608768,       42.44833372,         472.1788007,          12.12671534,                11.12361215,       258.8931589,       258.8931589,       209149659.4,       209149659.4,   -4.610081055e-05,       813140.0616,         258.8931589,          209149659.4
          0,           0,          46,      -1.465354891,     -0.1711697427,       1.213874911,       1.265557318,       3.951580493,  -0.0005615299932,  -0.0005615299932,       1.583065829,       192.3526427,       944206.3693,       944206.3693,       15.59987323,       260497.7905,      -31.06056721,       40.65879332,         482.5461192,         0.7135240573,                11.86818594,       259.2784041,       259.2784041,        2633023521,        2633023521,   -0.0005615299932,       944206.3693,         259.2784041,           2633023521
          0,           0,          47,      -1.153750252,    -0.02767517991,       1.506099417,       1.593972409,       4.261804067,  -0.0006991022582,  -0.0006991022582,       1.612031652,       190.9257294,       1020827.708,       1020827.708,        17.1352864,       260331.9783,      -31.19940746,       41.01217292,         492.5851009,         0.7279567489,                12.01070477,       259.1133682,       259.1133682,        2788584329,        2788584329,   -0.0006991022582,       1020827.708,         259.1133682,           2788584329
          0,           0,          48,     -0.5902568854,      0.8875867131,       2.176321015,       2.000475923,       4.803069672,  -0.0006205291146,  -0.0006205291146,       1.745083878,        192.835933,       1077399.862,       1077399.862,       18.32200058,       261889.3206,      -27.01446255,       41.82568649,         503.6772855,          1.397140515,                12.04229572,       260.6634205,       260.6634205,    2.82707296e+11,    2.82707296e+11,   -0.0006205291146,       1077399.862,         260.6634205,       2.82707296e+11
          0,           0,          49,     -0.9826126194,      0.6681123917,       1.681894856,       1.750231846,        4.42866762,  -0.0004435476419,  -0.0004435476419,       1.570984934,       197.2449184,       1132710.088,       1132710.088,       19.31231075,       264983.6667,      -24.48718533,       42.56804185,         514.9035215,          2.021966249,                12.09601145,        263.743282,        263.743282,       919357924.4,       919357924.4,   -0.0004435476419,       1132710.088,          263.743282,          919357924.4
          0,           0,          50,      -1.141797818,      0.3582836139,       1.522210809,       1.579837759,       4.258250826,   -0.001486956691,   -0.001486956691,       1.649884308,       194.6361267,       1291215.168,       1291215.168,       22.03702982,       268255.2446,      -52.80863573,       41.88847175,         525.1463691,        -0.3708138763,                12.53677556,       266.9995457,       266.9995457,       960474581.5,       960474581.5,    -0.001486956691,       1291215.168,         266.9995457,          960474581.5
          0,           0,          51,       -1.05555349,      0.4180913544,       1.606214868,       1.658814594,       4.325970068,  -0.0007240899085,  -0.0007240899085,       1.599914253,       199.7474703,       1377102.328,       1377102.328,       23.16880837,       273008.5069,       -24.3018555,       43.88565571,         535.7023283,          2.261116509,                12.20677508,       271.7305581,       271.7305581,       857599205.1,       857599205.1,   -0.0007240899085,       1377102.328,         271.7305581,          857599205.1
          0,           0,          52,      -1.090668762,       0.341703481,       1.562128206,       1.635378559,        4.30598755,    -0.00145516919,    -0.00145516919,       1.579710749,       202.2826634,       1593868.058,       1593868.058,       26.57425726,       277857.4567,      -47.23436915,       42.49448895,         545.3594073,         -0.190626497,                12.83365022,         276.55681,         276.55681,         805155545,         805155545,     -0.00145516919,       1593868.058,           276.55681,            805155545
          0,           0,          53,      -1.069748491,      0.4930970795,       1.574458764,       1.669403425,       4.331815782,   -0.001547524905,   -0.001547524905,       1.575296493,       207.1124398,       1683608.245,       1683608.245,       27.93683601,       284777.0746,      -45.99248662,       43.40770741,         552.8376335,          -0.10924162,                12.73593255,       283.4440373,       283.4440373,       741777027.6,       741777027.6,    -0.001547524905,       1683608.245,         283.4440373,          741777027.6
          0,           0,          54,      -1.011061013,      0.6501134244,       1.637209114,       1.738903389,        4.40679113,   -0.001352222871,   -0.001352222871,       1.550127217,       214.8297031,       1750041.312,       1750041.312,       28.70647835,       293127.5382,      -40.93664785,       44.68004478,          561.178164,         0.1912492646,                12.55992841,       291.7554125,       291.7554125,       668176063.8,       668176063.8,    -0.001352222871,       1750041.312,         291.7554125,          668176063.8
          0,           0,          55,     -0.9956429563,      0.5895455706,       1.648189076,       1.735465837,       4.402940891,  -0.0009771431537,  -0.0009771431537,       1.497876021,       224.0465463,       1792735.947,       1792735.947,       29.27701284,       301559.9678,      -36.73285145,       45.78606867,         565.1420291,         0.5536651546,                12.34310011,         300.14837,         300.14837,       617047860.1,       617047860.1,   -0.0009771431537,       1792735.947,           300.14837,          617047860.1
          0,           0,          56,     -0.9699018869,      0.5796928884,       1.691092337,       1.766887031,        4.43925307,  -0.0009724720582,  -0.0009724720582,       1.499698472,       229.9609433,       1880163.241,       1880163.241,       30.88284772,       309464.3344,      -36.93479057,        46.3960527,         569.0441082,         0.5779410862,                12.26492504,       308.0157364,       308.0157364,       576583043.6,       576583043.6,   -0.0009724720582,       1880163.241,         308.0157364,          576583043.6
          0,           0,          57,     -0.8860669498,      0.6732939653,       1.783104518,       1.838963608,       4.515728472,   -0.002481509996,   -0.002481509996,        1.52830053,       229.8398655,        2119967.48,        2119967.48,       34.67191811,       316374.2521,      -61.63957967,       45.67819944,         573.7093455,        -0.4508403549,                12.55980649,       314.8933089,       314.8933089,       204625042.7,       204625042.7,    -0.002481509996,        2119967.48,         314.8933089,          204625042.7
          0,           0,          58,     -0.9607702593,      0.8161115924,       1.652201566,       1.606368055,       4.254928746,    -0.00104000641,    -0.00104000641,       1.476106094,       238.9454215,       2193565.067,       2193565.067,       35.15084606,       324613.5638,        -29.782167,       48.18373626,         579.0236071,          1.617510044,                 12.0169927,       323.0940525,       323.0940525,       193274242.7,       193274242.7,     -0.00104000641,       2193565.067,         323.0940525,          193274242.7
          0,           0,          59,     -0.8277155807,      0.8950009318,       1.809665074,       1.844518631,       4.498293342,   -0.002189990705,   -0.002189990705,       1.495340679,       241.3007847,       2572384.341,       2572384.341,         39.775741,       328268.6959,      -53.32835763,       46.35173991,         582.7816217,        -0.2445327115,                 12.5730258,       326.7320749,       326.7320749,       525681819.1,       525681819.1,    -0.002189990705,       2572384.341,         326.7320749,          525681819.1
          0,           0,          60,     -0.7298341871,       1.066620531,       1.865184395,       1.934735122,       4.554076748,   -0.001945732759,   -0.001945732759,        1.47353129,       249.2916111,       2750720.385,       2750720.385,        41.1826225,       337099.7135,      -45.38763186,       47.13128468,          585.947598,        0.07830969053,                 12.4322433,       335.5217547,       335.5217547,       500688964.1,       500688964.1,    -0.001945732759,       2750720.385,         335.5217547,          500688964.1
          0,           0,          61,     -0.5861929811,       1.180254482,       1.981305115,       2.068876624,       4.662233571,   -0.001335186284,   -0.001335186284,        1.43034886,       257.4436456,       2835456.468,       2835456.468,       42.23609396,       344326.5029,      -35.88193699,       48.15675711,         589.7696617,         0.8012031965,                12.24687244,       342.7147156,       342.7147156,       222665793.6,       222665793.6,    -0.001335186284,       2835456.468,         342.7147156,          222665793.6
          0,           0,          62,      0.7375568001,       3.228221915,       3.509138641,       3.338499637,       6.216905577,  -0.0004074645461,  -0.0004074645461,       1.390741821,       267.4299849,       2929333.575,       2929333.575,         42.982566,       351743.9228,      -27.92449198,       48.95603944,         594.5070335,          2.073562086,                12.14369137,       350.0974147,       350.0974147,       271857415.5,       271857415.5,   -0.0004074645461,       2929333.575,         350.0974147,          271857415.5
          0,           0,          63,     -0.7274529665,       1.097982001,       1.879428438,        1.93613792,       4.565740514,  -0.0002669938983,  -0.0002669938983,       1.387919723,       272.2934437,       3170980.887,       3170980.887,       45.71164964,       357257.6478,       -25.6175838,       49.19861473,         600.0854432,          2.688327002,                12.19720202,         355.58533,         355.58533,       305275609.9,       305275609.9,   -0.0002669938983,       3170980.887,           355.58533,          305275609.9
          0,           0,          64,      0.6810069012,       3.197889238,       3.439641039,       3.233267596,       6.131269326,   -0.002582269961,   -0.002582269961,        1.45947951,       269.8879972,        3559687.56,        3559687.56,       51.42173421,       363170.0875,      -53.35365315,       48.38483395,         607.2073576,        -0.1775865815,                12.54953894,       361.4700937,       361.4700937,       433046861.1,       433046861.1,    -0.002582269961,        3559687.56,         361.4700937,          433046861.1
          0,           0,          65,     -0.6145741389,        1.22747358,       1.975277408,       2.049098013,       4.671904036,   -0.005145155988,   -0.005145155988,       1.577354397,       267.2785057,       3608747.226,       3608747.226,       52.42698803,       370918.9762,      -77.67513338,       51.81456907,         612.9063372,        -0.5550207437,                11.82884174,       369.1827099,       369.1827099,   1.480276936e+10,   1.480276936e+10,    -0.005145155988,       3608747.226,         369.1827099,      1.480276936e+10
          0,           0,          66,      0.4406511857,       2.625298858,       3.158249079,       2.950393214,        5.74224779,   -0.001232054667,   -0.001232054667,       1.519469182,       279.3573412,        3809962.83,        3809962.83,        55.6261812,       377244.3207,      -19.83709367,       52.01553303,         616.6465565,          5.875590743,                11.85504638,       375.4784456,       375.4784456,   1.541454131e+10,   1.541454131e+10,    -0.001232054667,        3809962.83,         375.4784456,      1.541454131e+10
          0,           0,          67,     -0.5927467228,       1.275076413,        1.97557761,       2.097522823,       4.697956377,   -0.001069617882,   -0.001069617882,       1.514895123,       281.1665501,       4271762.234,       4271762.234,       63.48628905,       375176.5723,      -15.15267646,       50.08002364,         618.5292596,          9.923211684,                12.35081804,       373.4203763,       373.4203763,        4025372589,        4025372589,    -0.001069617882,       4271762.234,         373.4203763,           4025372589
          0,           0,          68,    -0.04017664673,       2.121493006,       2.584795249,       2.767553596,       5.446620106,   -0.002762837989,   -0.002762837989,        1.52484952,       278.8115374,       4846201.021,       4846201.021,       74.28614495,       372610.6486,      -38.21254365,       47.76740304,         623.0480266,         0.5626127579,                 13.0433724,       370.8664636,       370.8664636,       970087430.4,       970087430.4,    -0.002762837989,       4846201.021,         370.8664636,          970087430.4
          0,           0,          69,   -0.007497280015,       1.964852871,       2.689986566,       2.701377703,        5.41025692,   -0.004477384095,   -0.004477384095,        1.52741077,       279.9771805,       5113069.636,       5113069.636,       79.90392847,        381057.123,       -54.6705937,       49.02584217,         627.9934469,        -0.1958398553,                12.80943721,       379.2734002,       379.2734002,       385946339.2,       385946339.2,    -0.004477384095,       5113069.636,         379.2734002,          385946339.2
          0,           0,          70,     -0.3923853019,       1.192252144,       2.206715439,       2.426249735,       5.081019347,  -0.0004836452874,  -0.0004836452874,        1.44999156,       293.1155921,       5085331.579,       5085331.579,       81.13877109,       386473.4287,      0.1835065724,       51.45938135,         634.6788748,          78635.80768,                12.33358929,       384.6643523,       384.6643523,       383236237.8,       383236237.8,   -0.0004836452874,       5085331.579,         384.6643523,          383236237.8
          0,           0,          71,    -0.08318814453,       1.741331824,        2.57317685,       2.774384078,       5.479195445,      -0.002246616,      -0.002246616,       1.490675848,       291.8169307,       5646172.032,       5646172.032,       93.05122538,       383521.0686,      -23.46705977,       49.18733116,         642.4108066,          3.393282786,                13.06049325,       381.7258121,       381.7258121,        1946408836,        1946408836,       -0.002246616,       5646172.032,         381.7258121,           1946408836
          0,           0,          72,     -0.6477371284,       1.102506007,        2.04825464,       1.987033014,       4.747095616,   -0.002443789742,   -0.002443789742,       1.466562121,       294.1491129,       5972131.862,       5972131.862,       101.3092302,       387634.7411,      -19.94069907,       49.75005507,         647.7209637,           5.22452725,                13.01950245,       385.8202285,       385.8202285,       384920627.4,       384920627.4,    -0.002443789742,       5972131.862,         385.8202285,          384920627.4
          0,           0,          73,     -0.2558599235,       1.554431994,       2.444339752,       2.265977347,       5.018083248,   -0.002236507416,   -0.002236507416,       1.493306318,       298.3621768,       6286173.493,       6286173.493,       109.2849261,       391691.8735,      -14.14168416,       50.81224364,          653.750817,          11.91024478,                12.86600965,       389.8583696,       389.8583696,       693095230.2,       693095230.2,    -0.002236507416,       6286173.493,         389.8583696,          693095230.2
          0,           0,          74,      0.1087393538,       2.064816861,       2.774893266,       2.570778944,       5.305400862,   -0.005573961074,   -0.005573961074,        1.56608755,       294.9531695,       6878518.664,       6878518.664,       121.6552979,       397163.7797,      -49.55515276,       51.11638524,         660.5815809,         0.0640024565,                12.92308871,       395.3046619,       395.3046619,       751353320.7,       751353320.7,    -0.005573961074,       6878518.664,         395.3046619,          751353320.7
          0,           0,          75,     -0.2423046575,       1.558472148,       2.513122428,       2.368514422,       5.155895987,   -0.002531863629,   -0.002531863629,       1.589324563,       303.8752138,       7100357.935,       7100357.935,       127.0144416,       402499.1588,       -3.54205835,       53.18354818,         663.5557085,          224.4463425,                12.47671002,       400.6150661,       400.6150661,        8172932383,        8172932383,    -0.002531863629,       7100357.935,         400.6150661,           8172932383
          0,           0,          76,       0.029078602,       1.766815503,       2.701709432,       2.675553554,       5.357444614,   -0.004563298659,   -0.004563298659,       1.610213174,       307.5531861,       7387683.516,       7387683.516,       134.6081349,       409602.5988,      -32.51694595,       54.37460554,         665.8895824,          1.796229033,                12.24633403,       407.6852551,       407.6852551,        8471927538,        8471927538,    -0.004563298659,       7387683.516,         407.6852551,           8471927538
          0,           0,          77,      0.3356701114,       1.527963594,       3.023971634,       2.831211799,       5.566166199,   -0.005118220636,   -0.005118220636,       1.612314086,       314.8932015,       8037184.117,       8037184.117,       147.5560416,       418812.4853,      -35.14042742,       54.75904021,         670.1820042,          1.428273362,                12.23874636,       416.8520302,       416.8520302,        8298045866,        8298045866,    -0.005118220636,       8037184.117,         416.8520302,           8298045866
          0,           0,          78,     -0.1666189632,       1.550941805,       2.514275021,       2.385913124,       5.109505494,   -0.005462301497,   -0.005462301497,       1.659598522,       317.0510513,       8631590.325,       8631590.325,       160.0449741,       422845.7035,       -33.1517007,       56.06902322,         675.6505738,          1.860449962,                12.05033608,        420.866369,        420.866369,        8146205179,        8146205179,    -0.005462301497,       8631590.325,          420.866369,           8146205179
          0,           0,          79,     -0.1446675131,       1.643524354,       2.557263156,       2.402438438,       5.170808339,   -0.006027498781,   -0.006027498781,       1.703897665,       313.5996167,       9903761.196,       9903761.196,       184.0246538,       420835.2296,       -31.8914935,       55.12870684,         680.4214585,          1.988174082,                12.34241646,       418.8653061,       418.8653061,        8318962977,        8318962977,    -0.006027498781,       9903761.196,         418.8653061,           8318962977
          0,           0,          80,      0.6109579682,       2.263920492,       3.296037438,       3.127486023,       5.847907096,   -0.008573454623,   -0.008573454623,       1.802269659,       307.8905355,       11466044.03,       11466044.03,        212.939738,       419570.6884,       -56.6156649,       54.19937649,         682.4231668,       -0.08353611236,                12.59097818,       417.6066842,       417.6066842,   1.048739962e+10,   1.048739962e+10,    -0.008573454623,       11466044.03,         417.6066842,      1.048739962e+10
          0,           0,          81,     -0.2747741932,       1.261604852,       2.438385153,       2.319346577,       5.070460985,    -0.01069906745,    -0.01069906745,       1.851540684,       314.3847171,       12614495.96,       12614495.96,       232.8422633,       435322.5083,      -70.10229841,       56.73335072,         686.8599288,         -0.345043655,                12.10681055,         433.28477,         433.28477,   1.032532095e+10,   1.032532095e+10,     -0.01069906745,       12614495.96,           433.28477,      1.032532095e+10
          0,           0,          82,     -0.2456359614,       1.321365679,       2.455342386,       2.324410746,       5.065419834,   -0.007988131724,   -0.007988131724,        1.67767191,        332.284565,       12737130.58,       12737130.58,       232.0387291,       452722.5514,      -40.21058488,        60.5491938,         691.3982504,          1.267440761,                 11.4187854,       450.6033637,       450.6033637,        7244114362,        7244114362,    -0.007988131724,       12737130.58,         450.6033637,           7244114362
          0,           0,          83,     -0.2622928809,       1.403080467,       2.467798919,       2.344572108,       5.104179182,    -0.01062310586,    -0.01062310586,       1.690132978,       328.4631686,       14306697.85,       14306697.85,       262.6039673,       453760.6698,      -67.36701182,       59.29097619,         695.7982272,        -0.2253908303,                11.73531407,       451.6366228,       451.6366228,        7125153193,        7125153193,     -0.01062310586,       14306697.85,         451.6366228,           7125153193
          0,           0,          84,     -0.5703980442,       1.215361812,       2.067304898,       2.135344079,       4.815263923,     -0.0122324848,     -0.0122324848,       1.697000009,       338.9600192,        15741880.9,        15741880.9,       293.4579413,        472958.956,      -75.52235668,       61.29187322,         699.9593678,        -0.3413499612,                11.42010076,        470.745042,        470.745042,        1407778860,        1407778860,      -0.0122324848,        15741880.9,          470.745042,           1407778860
          0,           0,          85,     -0.4107560181,       1.286305394,       2.251699701,       2.217957328,       4.913132891,    -0.01146031898,    -0.01146031898,        1.68763074,       348.6316463,       15909447.89,       15909447.89,       303.8998746,        488430.477,      -60.62230911,       64.80351684,         702.6582839,         0.1426999315,                10.84290357,       486.1441411,       486.1441411,        1264507069,        1264507069,     -0.01146031898,       15909447.89,         486.1441411,           1264507069
          0,           0,          86,   -0.001636886657,       1.694350008,       2.777629263,       2.598037692,       5.419293249,    -0.01442956722,    -0.01442956722,        1.72164914,       342.8326947,       17732464.51,       17732464.51,       343.6895529,       488090.0347,      -87.82176205,       63.35289097,         706.8951147,        -0.4796104312,                11.15805615,       485.8052924,       485.8052924,        1197606371,        1197606371,     -0.01442956722,       17732464.51,         485.8052924,           1197606371
          0,           0,          87,      0.2221117202,       1.739762137,       2.996091062,       2.811118383,       5.627063571,    -0.01536400577,    -0.01536400577,       1.717325274,       350.0862052,       18838027.08,       18838027.08,       366.4986586,       502919.4565,      -88.04326652,        65.2790655,         709.1354884,        -0.4502622466,                10.86313787,       500.5652979,       500.5652979,        1043734950,        1043734950,     -0.01536400577,       18838027.08,         500.5652979,           1043734950
          0,           0,          88,       1.130867878,        2.46678692,       3.748859122,       3.628311685,       6.266066085,    -0.01555806363,    -0.01555806363,       1.758723883,       363.1066303,       19241660.89,       19241660.89,       385.4553577,       520738.0012,      -85.32820695,       67.51790218,         711.6621436,         -0.373887116,                10.54034739,       518.3004342,       518.3004342,        1170547626,        1170547626,     -0.01555806363,       19241660.89,         518.3004342,           1170547626
          0,           0,          89,      0.1671972701,        2.04994288,       2.902398699,       2.780715385,       5.544963139,    -0.01551033172,    -0.01551033172,       1.855235414,       379.9805018,       20451192.44,       20451192.44,       405.6861319,        539688.833,      -84.27770581,        69.4496919,         712.8194408,        -0.3209289171,                10.26382438,       537.1625575,       537.1625575,   1.741214344e+11,   1.741214344e+11,     -0.01551033172,       20451192.44,         537.1625575,      1.741214344e+11
          0,           0,          90,      0.8391244065,       2.284845591,       3.476019538,       3.360181624,       6.015137963,    -0.01893758194,    -0.01893758194,       1.884845259,       377.0161316,       23957534.75,       23957534.75,       477.8125046,       543504.1739,       -100.506149,       68.97770221,         713.7358091,        -0.5289877742,                10.34734104,       540.9600388,       540.9600388,   1.859126988e+11,   1.859126988e+11,     -0.01893758194,       23957534.75,         540.9600388,      1.859126988e+11
          0,           0,          91,      0.5996704939,       2.517703294,       3.256586553,         3.1816878,       5.860105842,    -0.02144148025,    -0.02144148025,       1.826101667,        374.161203,       27577719.65,       27577719.65,       547.2862138,       548976.4575,      -106.8167198,       69.79280159,         713.0771256,        -0.5730836481,                10.21705834,       546.4067068,       546.4067068,        1557032363,        1557032363,     -0.02144148025,       27577719.65,         546.4067068,           1557032363
          0,           0,          92,      0.3042817918,       2.292520929,       2.979854488,       2.897723775,       5.602622446,    -0.02135788495,    -0.02135788495,       1.748326832,       383.2369977,       31055052.15,       31055052.15,       606.9935654,        558444.993,       -93.3327206,        72.3760304,         715.9580103,        -0.3986578187,                9.892197822,       555.8309202,       555.8309202,        1103681024,        1103681024,     -0.02135788495,       31055052.15,         555.8309202,           1103681024
          0,           0,          93,      0.3384223018,       2.315596939,       2.992563745,       2.999634048,       5.667050009,    -0.02619114202,    -0.02619114202,       1.806978435,       369.4043549,        37007358.4,        37007358.4,       711.4421948,       555093.0252,      -120.2419833,       71.22330415,          718.424274,         -0.649141524,                10.08692706,       552.4946429,       552.4946429,        1137670971,        1137670971,     -0.02619114202,        37007358.4,         552.4946429,           1137670971
          0,           0,          94,    -0.06085189712,       1.825602877,       2.590495952,       2.604450026,        5.28435518,    -0.03034163708,    -0.03034163708,       1.963824998,       360.7031966,       42881841.19,       42881841.19,       832.6782548,       551512.9237,      -138.4817795,       70.15848728,         722.5463977,        -0.7433299699,                 10.2987739,       548.9312998,       548.9312998,   3.688815168e+10,   3.688815168e+10,     -0.03034163708,       42881841.19,         548.9312998,      3.688815168e+10
          0,           0,          95,      0.1134795258,       2.041136763,       2.705061664,       2.787736752,       5.412706517,    -0.03165291812,    -0.03165291812,       2.017035583,       366.3588744,       47523894.66,       47523894.66,        942.340977,       556920.4596,      -126.9438573,       73.19379536,          726.031521,        -0.6675509057,                 9.91930419,       554.3135231,       554.3135231,    3.97857355e+10,    3.97857355e+10,     -0.03165291812,       47523894.66,         554.3135231,       3.97857355e+10
          0,           0,          96,      0.3083605028,       2.240729899,       2.920939598,       2.985026144,        5.63473323,    -0.02834313392,    -0.02834313392,       1.986864865,       396.2730279,       44594293.51,       44594293.51,        947.844498,       588038.0422,      -98.60711304,       76.78194383,         727.0885757,        -0.3936802468,                9.469525508,       585.2854447,       585.2854447,   3.449466329e+10,   3.449466329e+10,     -0.02834313392,       44594293.51,         585.2854447,      3.449466329e+10
          0,           0,          97,        0.20473805,       2.407287082,        2.94374098,       2.930569299,        5.70929813,    -0.03273676799,    -0.03273676799,       2.049330397,       385.8052716,       49503598.84,       49503598.84,       1072.668304,       578482.2513,      -120.3913158,       74.43885114,         727.4887067,        -0.6176958594,                9.772970641,       575.7743844,       575.7743844,   4.327165619e+10,   4.327165619e+10,     -0.03273676799,       49503598.84,         575.7743844,      4.327165619e+10
          0,           0,          98,      0.1225476017,       2.187919343,       2.838763063,       2.865557492,       5.623585039,    -0.03442334101,    -0.03442334101,        2.09221912,       390.9423679,       52964975.56,       52964975.56,       1151.575647,       581447.5128,      -118.4316512,       77.36623464,         729.3506711,          -0.57325607,                9.427247875,       578.7257655,       578.7257655,   4.545813426e+10,   4.545813426e+10,     -0.03442334101,       52964975.56,         578.7257655,      4.545813426e+10
          0,           0,          99,     0.07601221673,       1.965589375,       2.682183608,       2.823019426,       5.479105009,    -0.03217817605,    -0.03217817605,       2.097219016,       407.8105749,       51920239.62,       51920239.62,       1157.319832,       602720.0931,      -94.09561484,       79.14367623,          729.803606,        -0.2925533897,                9.221249767,       599.8987692,       599.8987692,   4.738891821e+10,   4.738891821e+10,     -0.03217817605,       51920239.62,         599.8987692,      4.738891821e+10
          0,           0,         100,      0.1204588597,       1.794555863,       2.701846081,       2.877606963,       5.513425199,    -0.03650525214,    -0.03650525214,       2.664264562,       397.2317569,       56257977.65,       56257977.65,       1276.455209,       591299.5489,      -114.2606393,       76.58648232,         729.4129511,        -0.5507263526,                9.524043004,       588.5316844,       588.5316844,   2.996551742e+12,   2.996551742e+12,     -0.03650525214,       56257977.65,         588.5316844,      2.996551742e+12
          0,           0,         101,      0.1999146136,       1.822226114,       2.748162693,       2.962124805,       5.570060881,     -0.0392677192,     -0.0392677192,       2.573406956,       392.2922244,       56480202.05,       56480202.05,       1344.306997,        585879.132,      -117.8352303,       80.06950832,         729.2434599,        -0.5382743368,                9.107630048,       583.1366403,       583.1366403,   3.072685104e+12,   3.072685104e+12,      -0.0392677192,       56480202.05,         583.1366403,      3.072685104e+12
          0,           0,         102,      0.7800241039,       2.354596748,       3.256821367,       3.490695981,        6.03062794,    -0.03583357968,    -0.03583357968,       2.482997279,        412.897245,        54992477.3,        54992477.3,        1329.83358,       609269.0266,      -86.38368008,       81.08866618,         731.4454038,        -0.1188356664,                9.020316134,       606.4170472,       606.4170472,   2.853785474e+12,   2.853785474e+12,     -0.03583357968,        54992477.3,         606.4170472,      2.853785474e+12
          0,           0,         103,       1.073941855,       2.310061623,       3.578330352,       3.763344808,       6.308028095,    -0.03980070085,    -0.03980070085,       2.649085845,       402.3562203,       57109473.31,       57109473.31,       1412.469781,       598287.7625,      -104.3413026,       78.45933212,         732.2441736,        -0.4345727883,                 9.33278622,       595.4871863,       595.4871863,   2.874647138e+12,   2.874647138e+12,     -0.03980070085,       57109473.31,         595.4871863,      2.874647138e+12
          0,           0,         104,       1.125797881,       2.762917345,       3.756997772,       3.834652763,        6.47539398,    -0.04260360834,    -0.04260360834,       2.678266181,       398.7436234,        59079227.8,        59079227.8,       1451.753267,       592165.1725,      -109.8311378,        82.3092924,         732.1520396,        -0.4383745616,                 8.89513223,       589.3932561,       589.3932561,   2.875586284e+12,   2.875586284e+12,     -0.04260360834,        59079227.8,         589.3932561,      2.875586284e+12
          0,           0,         105,       1.107603209,       3.074206967,       3.870976784,       3.820223407,       6.593986814,    -0.03876285595,    -0.03876285595,       2.622880087,       421.3542951,       59828791.76,       59828791.76,       1446.939463,        618481.394,      -78.29475344,       82.80448218,         734.4020795,         0.1185164345,                8.869110224,       615.5862917,       615.5862917,   2.709572445e+12,   2.709572445e+12,     -0.03876285595,       59828791.76,         615.5862917,      2.709572445e+12
          0,           0,         106,      0.7779914541,       2.921145571,       3.473823364,       3.476734212,       6.204119168,    -0.04073411931,    -0.04073411931,       2.624568442,       423.5304403,       63291556.24,       63291556.24,       1511.537176,        612942.046,      -81.12892747,       85.94860417,         732.9280282,         0.1223445105,                8.527515197,       610.0728732,       610.0728732,   2.631688174e+12,   2.631688174e+12,     -0.04073411931,       63291556.24,         610.0728732,      2.631688174e+12
          0,           0,         107,      0.6323043019,        2.65809499,       3.278589589,       3.371222393,       6.049090028,    -0.04056952338,    -0.04056952338,       2.597699819,       432.7692454,       66501210.65,       66501210.65,       1576.135382,        627150.855,      -67.94647783,        84.4703491,         732.2494454,         0.5455201806,                8.668715747,        624.215171,        624.215171,   3.049294028e+12,   3.049294028e+12,     -0.04056952338,       66501210.65,          624.215171,      3.049294028e+12
          0,           0,         108,      0.7129621777,        2.74089218,       3.298421274,       3.441961838,       6.073666355,    -0.04264776145,    -0.04264776145,       2.246276978,       430.1799138,       70474033.17,       70474033.17,       1658.070981,       615469.2756,      -68.50073587,       86.96937186,         730.9193302,         0.6119152082,                8.404330335,        612.588273,        612.588273,   2.533351787e+11,   2.533351787e+11,     -0.04264776145,       70474033.17,          612.588273,      2.533351787e+11
          0,           0,         109,      0.7010378106,        2.35012441,       3.238163711,        3.47240149,       6.077137717,    -0.04271306532,    -0.04271306532,       2.048366443,       443.5016856,       84453532.82,       84453532.82,       1789.249328,       631067.3939,       -60.8024505,       85.44945861,         730.8642219,           0.97504259,                8.553175571,       628.1133767,       628.1133767,   2.782850664e+10,   2.782850664e+10,     -0.04271306532,       84453532.82,         628.1133767,      2.782850664e+10
          0,           0,         110,      0.7664504344,       2.117924884,       3.392896614,       3.513325855,       6.167765241,    -0.04884305892,    -0.04884305892,       2.104409814,       422.3639396,       90875997.56,       90875997.56,       2008.199749,       610959.4503,      -69.68152245,       82.54752789,         729.4388498,           0.40337224,                8.836592306,       608.0995581,       608.0995581,   2.942719883e+10,   2.942719883e+10,     -0.04884305892,       90875997.56,         608.0995581,      2.942719883e+10
          0,           0,         111,      0.7669300996,       2.199047086,       3.297322312,       3.523476176,       6.127009674,    -0.05266283787,    -0.05266283787,       2.151607081,       400.3542435,       98934996.43,       98934996.43,       2210.037702,       581577.6176,      -68.60933067,       85.43268262,          730.145794,         0.5505355289,                8.546445828,       578.8552613,       578.8552613,    3.11188775e+10,    3.11188775e+10,     -0.05266283787,       98934996.43,         578.8552613,       3.11188775e+10
          0,           0,         112,      0.8022868778,       2.403529919,       3.362563087,       3.537525277,       6.144989083,    -0.05313019587,    -0.05313019587,        2.13564917,       410.7961687,       103411324.3,       103411324.3,       2309.170802,       596392.0895,      -55.27926338,       85.00966637,         731.1009234,          1.364896448,                8.600209301,       593.6003869,       593.6003869,   2.983758521e+10,   2.983758521e+10,     -0.05313019587,       103411324.3,         593.6003869,      2.983758521e+10
          0,           0,         113,      0.8862035941,       2.784804506,       3.541204164,       3.603228129,       6.278624168,    -0.05647075619,    -0.05647075619,       2.222631817,         402.43808,       114971522.2,       114971522.2,       2528.453108,       586183.8995,       -56.0462146,       82.55131607,          731.296178,          1.169478907,                 8.85868588,       583.4399813,       583.4399813,   9.423045425e+10,   9.423045425e+10,     -0.05647075619,       114971522.2,         583.4399813,      9.423045425e+10
          0,           0,         114,      0.8196575951,       2.862160467,       3.451010427,       3.564464203,       6.227535341,     -0.0567453147,     -0.0567453147,       2.258242644,       403.9351813,       123960083.4,       123960083.4,       2712.984888,       586816.2437,      -40.62429828,       84.20708763,          732.057369,           3.29660619,                8.693536253,       584.0693655,       584.0693655,   3.931043221e+11,   3.931043221e+11,      -0.0567453147,       123960083.4,         584.0693655,      3.931043221e+11
          0,           0,         115,      0.7769351955,        2.63549572,       3.366497032,       3.548304544,       6.179260257,    -0.05717416807,    -0.05717416807,       2.067976559,       407.5199041,       136730454.2,       136730454.2,       2968.859307,       585196.3723,      -26.57331417,       85.25473524,         731.1464376,          9.293085399,                8.576021444,       582.4570766,       582.4570766,   6.303027578e+10,   6.303027578e+10,     -0.05717416807,       136730454.2,         582.4570766,      6.303027578e+10
          0,           0,         116,      0.8852385907,       2.696477038,       3.520503657,       3.650723207,         6.3069411,    -0.05698419797,    -0.05698419797,       1.932263775,       418.1819412,       151655297.7,       151655297.7,       3210.300717,       587629.4116,      -16.94119176,       85.87828299,         731.2030182,          24.69678489,                8.514411243,        584.878727,        584.878727,   5.794600091e+10,   5.794600091e+10,     -0.05698419797,       151655297.7,          584.878727,      5.794600091e+10
          0,           0,         117,      0.9100356552,       2.989370915,       3.512706015,       3.678286273,       6.304970493,    -0.06003233607,    -0.06003233607,       1.938704927,       409.6536622,       168994585.4,       168994585.4,       3566.994108,       575413.9482,      -11.16486473,       85.46569786,         731.0020243,          57.59718522,                8.553162762,       572.7204439,       572.7204439,   1.244866583e+10,   1.244866583e+10,     -0.06003233607,       168994585.4,         572.7204439,      1.244866583e+10
          0,           0,         118,       1.004021101,       3.008763326,       3.663501516,       3.743974061,       6.416506975,    -0.06362347555,    -0.06362347555,       1.992007975,       401.2863225,       193107770.6,       193107770.6,       3983.707157,       562884.8461,      -7.297451972,       84.92238413,         728.2578763,          134.4259421,                8.575570313,       560.2499904,       560.2499904,   1.433353641e+10,   1.433353641e+10,     -0.06362347555,       193107770.6,         560.2499904,      1.433353641e+10
          0,           0,         119,      0.9871909102,       2.699692654,       3.487571451,       3.763900367,       6.353626227,    -0.07435800784,    -0.07435800784,       2.517913741,       359.2174918,       229563393.2,       229563393.2,       4644.204965,       530948.4497,      -30.26877824,       87.37749335,         728.5770128,           7.33315347,                8.338268642,       528.4630878,       528.4630878,   1.889731309e+10,   1.889731309e+10,     -0.07435800784,       229563393.2,         528.4630878,      1.889731309e+10
          0,           0,         120,       1.051018542,       2.701941579,        3.57300058,       3.848988408,       6.469130367,    -0.07749326753,    -0.07749326753,       2.204381907,       362.9474038,       261139784.5,       261139784.5,       5152.897593,        524725.527,      -14.06575081,       85.35070582,         728.3029377,          35.82039098,                8.533062858,       522.2692945,       522.2692945,   1.734689824e+10,   1.734689824e+10,     -0.07749326753,       261139784.5,         522.2692945,      1.734689824e+10
          0,           0,         121,       1.106211862,       3.117480341,       3.678759295,       3.888848148,       6.518681996,    -0.08420024765,    -0.08420024765,       2.401471471,       343.2451838,       297280051.3,       297280051.3,       5864.771339,       500950.9696,      -21.54702838,       80.64766015,          727.249599,          13.00905293,                9.017615609,       498.6060255,       498.6060255,   6.120450104e+10,   6.120450104e+10,     -0.08420024765,       297280051.3,         498.6060255,      6.120450104e+10
          0,           0,         122,       1.153608924,       2.809548926,       3.675354293,       3.937649519,       6.540187184,    -0.08651928688,    -0.08651928688,       2.934045812,        334.349671,       328846662.7,       328846662.7,       6444.737338,       491826.5804,      -11.24074336,       80.82554891,         726.7223839,          50.70199014,                8.991245883,       489.5243474,       489.5243474,    5.69429747e+11,    5.69429747e+11,     -0.08651928688,       328846662.7,         489.5243474,       5.69429747e+11
          0,           0,         123,       1.215531823,       2.805912022,       3.773143563,       3.992755187,       6.604930587,      -0.100450637,      -0.100450637,       2.932776132,       309.4879765,       383958594.7,       383958594.7,       7212.958653,       495434.1281,      -50.74205589,       87.90620809,         728.5747497,          2.001255542,                 8.28809211,       493.1150082,       493.1150082,   2.642984761e+11,   2.642984761e+11,       -0.100450637,       383958594.7,         493.1150082,      2.642984761e+11
          0,           0,         124,       1.307970234,       2.861376794,       3.894526538,       4.066592059,       6.691112397,    -0.09410768264,    -0.09410768264,       2.699979235,       340.6492478,       429019747.3,       429019747.3,       7880.718863,       500500.9095,       2.363615165,       86.76123051,         730.8491144,          1346.404118,                8.423683137,       498.1580721,       498.1580721,   2.457321523e+11,   2.457321523e+11,     -0.09410768264,       429019747.3,         498.1580721,      2.457321523e+11
          0,           0,         125,       1.346075476,       2.868050007,       3.917905601,       4.118624894,        6.73912321,      -0.105444046,      -0.105444046,       2.809722463,       320.5734249,       514115438.2,       514115438.2,       9352.220001,       468476.0816,      -18.03756419,       81.77340713,         731.9330865,          19.55267749,                8.950747097,       466.2831519,       466.2831519,   2.568311489e+11,   2.568311489e+11,       -0.105444046,       514115438.2,         466.2831519,      2.568311489e+11
          0,           0,         126,       1.534088181,       2.843091338,       4.248196397,       4.249368455,       6.969196645,     -0.1117612673,     -0.1117612673,        2.89109128,       306.0098968,       545735718.3,       545735718.3,       10992.73378,       454009.7811,      -13.31132894,       82.32424049,         734.1776511,          37.24834378,                8.918122375,        451.884568,        451.884568,   6.678472095e+11,   6.678472095e+11,      -0.1117612673,       545735718.3,          451.884568,      6.678472095e+11
          0,           0,         127,       2.018046043,       3.137184931,       4.826280133,        4.59728818,       7.464522081,     -0.1193655699,     -0.1193655699,       3.053469365,       296.1972114,       534322047.8,       534322047.8,       13290.42698,       447879.6358,      -9.897698676,       84.56797928,         736.6852918,          72.00346111,                8.711161104,       445.7831178,       445.7831178,   6.919553776e+11,   6.919553776e+11,      -0.1193655699,       534322047.8,         445.7831178,      6.919553776e+11
          0,           0,         128,       1.625370627,       2.720237775,         4.2915667,       4.363555391,       7.044493705,     -0.1392510127,     -0.1392510127,       3.612112283,        283.076276,       491292805.7,       491292805.7,       16104.94334,       449503.1047,       -36.9795406,       91.50639652,         740.2703732,          5.123220283,                8.089821054,       447.3989872,       447.3989872,   1.892947086e+12,   1.892947086e+12,      -0.1392510127,       491292805.7,         447.3989872,      1.892947086e+12
          0,           0,         129,       2.391722524,       3.597060313,       5.187088557,       4.931965049,       7.798570462,     -0.1407229668,     -0.1407229668,       3.590751705,       269.1200188,         446124724,         446124724,       18702.38095,       427138.8275,      -9.948476198,       89.02604379,         740.6049502,          79.07943828,                8.318969581,       425.1393969,       425.1393969,   1.300876799e+12,   1.300876799e+12,      -0.1407229668,         446124724,         425.1393969,      1.300876799e+12
          0,           0,         130,       2.183858761,       3.563436633,       4.825896314,       4.759030335,       7.417884605,     -0.1544298629,     -0.1544298629,       5.243633736,       275.9868135,         422951891,         422951891,       20448.03463,       442864.9506,      -33.35260946,       96.77136377,         742.4966507,          7.418487797,                7.672689748,       440.7919062,       440.7919062,   1.025656672e+13,   1.025656672e+13,      -0.1544298629,         422951891,         440.7919062,      1.025656672e+13
          0,           0,         131,       2.359703488,       3.613847906,       4.998433378,       4.919762384,       7.570869058,     -0.1570819821,     -0.1570819821,       3.679507688,       258.4073876,       479570503.6,       479570503.6,       22100.43787,        413188.757,      -12.06278192,       90.39210713,         745.4748871,          55.15210843,                 8.24712368,       411.2546265,       411.2546265,   1.263943721e+12,   1.263943721e+12,      -0.1570819821,       479570503.6,         411.2546265,      1.263943721e+12
          0,           0,         132,       1.837904088,       3.225998136,       4.406370691,       4.603334673,       7.220255557,     -0.1707816724,     -0.1707816724,       3.329679829,       266.6883302,       539365121.9,       539365121.9,       22890.87647,       432209.6223,      -39.33989599,        98.5476791,         748.8514885,          5.275182871,                7.598874934,       430.1864554,       430.1864554,   9.848641394e+11,   9.848641394e+11,      -0.1707816724,       539365121.9,         430.1864554,      9.848641394e+11
          0,           0,         133,       1.832835684,       2.950158973,       4.408295434,       4.598602957,       7.217535236,     -0.1695361184,     -0.1695361184,       3.154931298,       257.8935248,       602664362.6,       602664362.6,       23938.39574,       411232.0089,      -15.38976158,       91.63589133,         750.5661395,          34.45417906,                8.190744134,       409.3070379,       409.3070379,   1.139588517e+12,   1.139588517e+12,      -0.1695361184,       602664362.6,         409.3070379,      1.139588517e+12
          0,           0,         134,       1.891399489,       2.814184024,       4.447317799,       4.667089598,       7.276041719,     -0.1825196405,     -0.1825196405,       3.200848261,       260.6709556,       616067454.9,       616067454.9,       24542.05889,       431057.4993,      -44.94670725,       101.0784887,         751.9548485,          4.057334941,                7.439316298,       429.0397254,       429.0397254,   8.558477946e+11,   8.558477946e+11,      -0.1825196405,       616067454.9,         429.0397254,      8.558477946e+11
          0,           0,         135,       2.168212639,       3.478768603,       5.001141104,       4.814536388,       7.691972017,     -0.1840778452,     -0.1840778452,       3.173839231,       255.5341518,       696104952.9,       696104952.9,       25649.02625,       412990.1128,       -16.2850871,       93.20385457,         756.4215914,          31.75575209,                8.115775843,       411.0569121,       411.0569121,   8.206351643e+11,   8.206351643e+11,      -0.1840778452,       696104952.9,         411.0569121,      8.206351643e+11
          0,           0,         136,       1.948939868,       2.816565242,       4.496298172,       4.728749434,        7.33509185,     -0.1944503055,     -0.1944503055,        3.01433456,       254.2071691,       803074748.2,       803074748.2,       27174.91521,       406304.1731,      -23.90682958,       88.81238232,           760.36591,          12.80076206,                8.561485349,       404.4022692,       404.4022692,    7.59671966e+11,    7.59671966e+11,      -0.1944503055,       803074748.2,         404.4022692,       7.59671966e+11
          0,           0,         137,       2.003178466,        3.17410288,       4.543389678,       4.784749988,       7.388814131,     -0.2019776195,     -0.2019776195,       3.203967577,       252.0511066,       900297030.6,       900297030.6,       28371.67858,       402683.5389,      -22.40907739,       89.68643719,         766.9046587,          15.01790047,                8.550954667,       400.7985831,       400.7985831,    5.08175886e+12,    5.08175886e+12,      -0.2019776195,       900297030.6,         400.7985831,       5.08175886e+12
          0,           0,         138,       2.059571125,       3.434664626,       4.589474116,       4.842929394,       7.442173441,     -0.2079203806,     -0.2079203806,       3.035716631,       259.8241906,        1015418421,        1015418421,       29479.57621,       408617.7579,       -19.4038748,       90.94206641,         770.9748606,          20.96608748,                8.477648365,       406.7050242,       406.7050242,   5.037265977e+12,   5.037265977e+12,      -0.2079203806,        1015418421,         406.7050242,      5.037265977e+12
          0,           0,         139,       2.061363527,       2.729702079,       4.602861447,       4.843251363,       7.448949802,     -0.2144954549,     -0.2144954549,        2.99870876,       267.3754372,        1272090447,        1272090447,       31384.95006,       413533.3914,      -17.48059622,       91.73696456,         772.8308722,          26.54078084,                 8.42442167,       411.5976476,       411.5976476,   4.914851588e+12,   4.914851588e+12,      -0.2144954549,        1272090447,         411.5976476,      4.914851588e+12
          0,           0,         140,       2.075728163,       3.670762645,       4.623484919,       4.849646416,       7.456181728,     -0.2255261592,     -0.2255261592,       2.826352965,       271.3389751,        1369905345,        1369905345,       32857.13169,       414912.6156,       -16.8461581,       91.96770504,         775.0047335,          28.80361564,                8.426922615,       412.9704157,       412.9704157,   4.675237184e+12,   4.675237184e+12,      -0.2255261592,        1369905345,         412.9704157,      4.675237184e+12
          0,           0,         141,       2.054332742,       2.972346389,       4.572558441,       4.840528577,       7.436606225,     -0.2318809517,     -0.2318809517,       2.876856485,       275.1182949,        1442152263,        1442152263,       34255.27316,       418874.1031,      -17.27817379,       92.30913043,         777.2410246,          27.54260741,                 8.41997992,       416.9133595,       416.9133595,   4.619172311e+12,   4.619172311e+12,      -0.2318809517,        1442152263,         416.9133595,      4.619172311e+12
          0,           0,         142,       2.054006325,        2.93169999,       4.570806631,       4.840480488,       7.436113856,     -0.2633623602,     -0.2633623602,       4.493175861,       247.1027575,        1447829566,        1447829566,        34179.6619,        451061.239,       -94.2491673,        106.642752,         780.2732558,         0.2802879093,                7.316702176,        448.949828,        448.949828,   6.557446696e+12,   6.557446696e+12,      -0.2633623602,        1447829566,          448.949828,      6.557446696e+12
          0,           0,         143,       2.081549569,       3.317247216,       4.666016685,       4.851574995,       7.476063125,     -0.2603432211,     -0.2603432211,       4.661961397,       263.9114699,        1452133653,        1452133653,       34271.25631,        504646.388,      -64.25746597,       110.4146361,         784.6052784,          1.952610099,                7.105989807,      -269.9396806,      -269.9396806,  -6.524803358e+13,  -6.524803358e+13,      -0.2603432211,        1452133653,        -269.9396806,     -6.524803358e+13
          0,           0,         144,       2.067647483,       3.400034019,       4.621431531,       4.846866475,       7.458328235,     -0.2418120507,     -0.2418120507,        2.93797372,       320.4618755,        1524922874,        1524922874,       36862.23693,       511271.7831,       29.87652675,       97.32669442,         788.2740407,          9.612158574,                8.099258332,       508.8785274,       508.8785274,   4.070312114e+12,   4.070312114e+12,      -0.2418120507,        1524922874,         508.8785274,      4.070312114e+12
          0,           0,         145,       2.346542684,       4.285585725,        5.02430527,       5.138455872,       7.841633052,     -0.2796722798,     -0.2796722798,       2.949512005,       289.8651467,        1501052112,        1501052112,        36900.6972,       513338.0991,      -68.31477948,       111.0886384,         793.7832984,          1.644295254,                7.145494896,       461.1362355,       461.1362355,   8.846382059e+11,   8.846382059e+11,      -0.2796722798,        1501052112,         461.1362355,      8.846382059e+11
          0,           0,         146,         2.1688529,       3.211246346,       4.710441551,       4.951395509,       7.557400698,     -0.2517706182,     -0.2517706182,       2.653607392,       346.2581782,        1657283887,        1657283887,       38786.03869,       533104.4326,       26.86686736,       102.8752125,         795.1227648,          13.66180463,                7.729002404,       530.6089786,       530.6089786,   7.851516414e+11,   7.851516414e+11,      -0.2517706182,        1657283887,         530.6089786,      7.851516414e+11
          0,           0,         147,       2.213214845,       2.857148428,        4.74437961,       4.997014368,       7.597216595,     -0.2765403182,     -0.2765403182,       2.749231448,       344.5850502,        1809055830,        1809055830,       41710.36872,       508277.4336,      -10.37267292,       98.58018313,         797.7772263,           89.3229002,                8.092673405,       505.8981944,       505.8981944,   8.943373177e+11,   8.943373177e+11,      -0.2765403182,        1809055830,         505.8981944,      8.943373177e+11
          0,           0,         148,       2.214900554,       2.701985382,       4.746766442,       4.997942102,       7.599155233,      -0.288590682,      -0.288590682,       2.771342353,        325.247721,        1889290479,        1889290479,       43887.13868,       487825.4468,      -20.69274077,       100.7415026,         801.7295121,          22.70177189,                7.958284238,       485.5419431,       485.5419431,   8.737779144e+11,   8.737779144e+11,       -0.288590682,        1889290479,         485.5419431,      8.737779144e+11
          0,           0,         149,       2.267913334,       3.468547636,       4.808718834,       5.048623221,       7.653977603,     -0.2989690308,     -0.2989690308,       2.824695732,       326.5122587,        1970024422,        1970024422,       45796.35617,       490255.3204,      -23.70856333,       102.8438079,         805.6296108,          17.81680225,                7.833525689,       487.9604425,       487.9604425,    9.45297009e+11,    9.45297009e+11,      -0.2989690308,        1970024422,         487.9604425,       9.45297009e+11
          0,           0,         150,       2.262544186,         3.4159209,       4.792628305,       5.046675383,        7.64798837,     -0.3142470463,     -0.3142470463,       2.898404991,       315.5721378,        2024928034,        2024928034,       48472.02735,       483341.0753,      -27.54343155,       104.5976728,         811.0131117,          13.42141754,                7.753643935,       481.0785628,       481.0785628,   9.835542744e+11,   9.835542744e+11,      -0.3142470463,        2024928034,         481.0785628,      9.835542744e+11
          0,           0,         151,        2.32048236,       4.195868438,       4.861841213,       5.139715998,       7.867686392,     -0.3268054128,     -0.3268054128,       3.217200902,       319.2656178,        2015385750,        2015385750,       50876.99087,       491518.3421,      -28.12286324,       105.7278112,         816.2756819,          13.13381535,                7.720538923,       489.2175519,       489.2175519,   6.713503379e+12,   6.713503379e+12,      -0.3268054128,        2015385750,         489.2175519,      6.713503379e+12
          0,           0,         152,       2.530853725,        5.02120941,       5.251859144,       5.622879904,       8.587693338,     -0.3402313613,     -0.3402313613,       3.208671349,       324.8396006,        2050873889,        2050873889,        52186.1527,       499303.7821,      -28.62368169,       106.7768359,         823.3786609,          12.91563752,                7.711210524,       496.9665485,       496.9665485,   7.542964146e+12,   7.542964146e+12,      -0.3402313613,        2050873889,         496.9665485,      7.542964146e+12
          0,           0,         153,       2.573036123,       5.053256488,       5.324563602,       5.691965797,       8.669582735,     -0.3514715974,     -0.3514715974,       3.130446391,        332.999688,        2074546184,        2074546184,       52702.87672,       509864.4445,      -29.34697629,       107.8139749,         830.5182632,          12.49656946,                7.703252418,       507.4777765,       507.4777765,   7.245939826e+12,   7.245939826e+12,      -0.3514715974,        2074546184,         507.4777765,      7.245939826e+12
          0,           0,         154,       2.488849712,       4.767387106,       5.134055019,       5.485846169,       8.380612435,     -0.3625723295,     -0.3625723295,       2.861878996,       339.6878295,        2071438627,        2071438627,       53910.45779,       518404.6971,      -30.31662961,       108.9389302,         833.4443617,          11.91232286,                7.650564956,       515.9780523,       515.9780523,   2.579802077e+12,   2.579802077e+12,      -0.3625723295,        2071438627,         515.9780523,      2.579802077e+12
          0,           0,         155,       2.476856987,       4.545446754,        5.10012255,        5.44606966,       8.301811082,     -0.3775367698,     -0.3775367698,       3.612588988,       344.7707478,        2014539679,        2014539679,       55953.10423,       526079.4208,      -31.36638209,       110.2203942,         834.5617156,          11.34795571,                7.571754044,       523.6168508,       523.6168508,   6.758636736e+13,   6.758636736e+13,      -0.3775367698,        2014539679,         523.6168508,      6.758636736e+13
          0,           0,         156,       2.390064872,       3.019171532,       4.903832977,       5.179392217,       7.781838752,     -0.3922356641,     -0.3922356641,       3.736508761,       355.1850635,        1983243384,        1983243384,        56667.2397,       537309.7164,      -32.34869742,       111.6376056,         835.8059457,          10.90988125,                7.486777783,       534.7945775,       534.7945775,    7.80834704e+13,    7.80834704e+13,      -0.3922356641,        1983243384,         534.7945775,       7.80834704e+13
          0,           0,         157,        2.38948475,       3.108493811,       4.901871471,       5.176828234,       7.771312163,     -0.4009824181,     -0.4009824181,       3.556136381,        367.384911,        1937295939,        1937295939,       56166.85625,       553380.7387,      -33.61973075,       113.2261409,         836.4355636,          10.34239975,                7.387300818,       550.7903715,       550.7903715,   7.579862989e+13,   7.579862989e+13,      -0.4009824181,        1937295939,         550.7903715,      7.579862989e+13
          0,           0,         158,       2.389854132,       3.036872854,        4.90285655,       5.177210123,       7.772274629,      -0.420392775,      -0.420392775,       3.605940035,       350.6036784,        1967847166,        1967847166,       56691.43529,       549006.9949,      -50.89245857,       117.9724013,         835.0724253,          4.373459444,                 7.07854054,       513.6103717,       513.6103717,   7.541651616e+13,   7.541651616e+13,       -0.420392775,        1967847166,         513.6103717,      7.541651616e+13
          0,           0,         159,       2.545262163,       3.101505083,        5.24213824,       5.316587539,       8.031761958,     -0.4208065561,     -0.4208065561,        2.24038879,       389.8464568,        2006686154,        2006686154,       56693.77793,       597151.4587,      -24.03945591,       117.6658727,         834.9054953,          22.95806688,                   7.095562,       594.3562015,       594.3562015,   1.720144764e+11,   1.720144764e+11,      -0.4208065561,        2006686154,         594.3562015,      1.720144764e+11
          0,           0,         160,       2.585301385,       3.265693241,       5.343436344,       5.318135866,       8.085861293,     -0.4410291951,     -0.4410291951,       2.107850554,       395.4725401,        2219432504,        2219432504,       59623.97817,       591191.9076,      -38.05537665,       114.0577993,         831.0605062,          7.982928146,                7.286310201,       588.4245469,       588.4245469,   6.799221435e+10,   6.799221435e+10,      -0.4410291951,        2219432504,         588.4245469,      6.799221435e+10
          0,           0,         161,       2.537171537,       2.996743698,        5.23472119,       5.294971378,       8.008258801,     -0.4679393284,     -0.4679393284,       2.159457137,       382.8291421,        2518302223,        2518302223,       64167.95425,       591577.8894,         -54.32055,       124.7323093,         831.5210032,          4.272658075,                6.666444387,       558.5835128,       558.5835128,   6.047838364e+11,   6.047838364e+11,      -0.4679393284,        2518302223,         558.5835128,      6.047838364e+11
          0,           0,         162,        2.48964784,       3.617584049,       5.002083961,       5.276700012,       7.870556495,     -0.4768373155,     -0.4768373155,       2.079377553,       425.9487617,        2881599381,        2881599381,       68586.32089,       636701.1747,      -26.91094564,       124.9436006,         829.9176051,          20.55609635,                6.642337833,       633.7207859,       633.7207859,   5.766296896e+11,   5.766296896e+11,      -0.4768373155,        2881599381,         633.7207859,      5.766296896e+11
          0,           0,         163,        2.51789948,       3.247680867,       5.028776043,       5.305295371,       7.898464349,     -0.5059450824,     -0.5059450824,       2.032382159,       425.3001851,        3320493176,        3320493176,       77142.88982,       620244.0702,      -38.64746494,       120.3403345,         827.6718716,          8.695727591,                6.877759438,       617.3407168,       617.3407168,   5.575339725e+11,   5.575339725e+11,      -0.5059450824,        3320493176,         617.3407168,      5.575339725e+11
          0,           0,         164,       2.547066213,       3.472326004,       5.058689289,       5.334168681,        7.92770418,     -0.5285108626,     -0.5285108626,       1.975875149,       447.0676475,        3827818848,        3827818848,       87492.46654,       641036.6518,      -35.91268733,       125.8605898,         826.0846814,          11.28241356,                6.563489673,       638.0359686,       638.0359686,   5.157846997e+11,   5.157846997e+11,      -0.5285108626,        3827818848,         638.0359686,      5.157846997e+11
          0,           0,         165,       2.576171429,         3.4674495,       5.088699005,        5.36328969,        7.95716917,     -0.5672341448,     -0.5672341448,        2.55131217,       417.8882534,        3946904642,        3946904642,       99614.48011,       633626.0962,        -50.708428,       138.9908408,         820.3237747,          6.512977182,                5.901998793,       605.4646289,       605.4646289,   4.302924685e+11,   4.302924685e+11,      -0.5672341448,        3946904642,         605.4646289,      4.302924685e+11
          0,           0,         166,       2.614623817,       3.753273435,       5.149758112,       5.393958417,       7.994560669,     -0.5816819137,     -0.5816819137,       2.145067134,       456.3182864,        3673746082,        3673746082,       102279.6454,       672730.1933,      -25.06251655,       138.8337202,         810.3716043,          29.68602038,                5.836994089,       669.5811531,       669.5811531,   7.239527205e+10,   7.239527205e+10,      -0.5816819137,        3673746082,         669.5811531,      7.239527205e+10
          0,           0,         167,       2.640906228,       3.815594304,         5.1754555,       5.421419706,       8.025113122,     -0.6109241073,     -0.6109241073,       2.077305394,       439.3484922,        3408249460,        3408249460,        103542.334,       641646.2756,      -38.72925656,       132.2574171,         795.7646659,            10.661697,                6.016786682,       638.6427388,       638.6427388,    2.65310159e+11,    2.65310159e+11,      -0.6109241073,        3408249460,         638.6427388,       2.65310159e+11
          0,           0,         168,       2.710022255,       5.138621675,       5.333611346,       5.606850473,        8.48773247,     -0.6320237504,     -0.6320237504,       2.171646746,        462.436159,        3184572535,        3184572535,       102945.4628,       665991.7582,      -35.59197875,       139.5185198,         787.8726338,          14.36595132,                5.647082803,       662.8742605,       662.8742605,   3.279052953e+12,   3.279052953e+12,      -0.6320237504,        3184572535,         662.8742605,      3.279052953e+12
          0,           0,         169,       2.828620962,       5.458602502,       5.540938162,       5.832866864,       8.783952848,     -0.6701496274,     -0.6701496274,       2.112254351,       442.3358836,        3162358837,        3162358837,       105296.6189,       667832.7785,      -53.01782495,       153.6370281,         780.3676191,          7.397460735,                5.079293896,       643.1693028,       643.1693028,   2.936594866e+11,   2.936594866e+11,      -0.6701496274,        3162358837,         643.1693028,      2.936594866e+11
          0,           0,         170,       2.732936247,        4.54001794,       5.318141508,       5.575156367,       8.358381552,      -0.691232846,      -0.691232846,       2.131664854,       483.5621831,        3017063447,        3017063447,       103052.5103,        703569.552,      -25.71680655,        155.354231,         775.8297132,          35.49321244,                 4.99394003,       700.2761533,       700.2761533,     3.1903101e+11,     3.1903101e+11,       -0.691232846,        3017063447,         700.2761533,        3.1903101e+11
          0,           0,         171,       2.742135577,       3.725242468,       5.264491497,       5.525941099,       8.122341593,      -0.730978502,      -0.730978502,       2.171117424,       448.0600996,        3034893204,        3034893204,       104226.4968,       656110.3822,      -39.95007115,       148.7883728,         768.9341558,          12.87084358,                5.167972075,       653.0391392,       653.0391392,   3.424341504e+11,   3.424341504e+11,       -0.730978502,        3034893204,         653.0391392,      3.424341504e+11
          0,           0,         172,       2.766184631,       3.703623007,       5.286247033,       5.550811687,       8.146614867,     -0.7578354173,     -0.7578354173,       2.164957326,       464.1254846,        3128824241,        3128824241,       103832.7411,       673510.8788,      -36.35140358,       157.6495543,         763.9872219,          17.80802208,                 4.84611089,       670.3581843,       670.3581843,   3.568533974e+11,   3.568533974e+11,      -0.7578354173,        3128824241,         670.3581843,      3.568533974e+11
          0,           0,         173,       2.790047322,       3.686203872,       5.308405931,       5.575395902,       8.170818505,     -0.7903308702,     -0.7903308702,       2.275803437,       468.9546899,        3284442243,        3284442243,       104417.7766,       681147.5347,      -34.29261617,       164.8375947,         759.7360717,          22.10528343,                 4.60899756,       677.9590931,       677.9590931,   3.754580692e+11,   3.754580692e+11,      -0.7903308702,        3284442243,         677.9590931,      3.754580692e+11
          0,           0,         174,       2.814599662,       3.648687461,       5.332203043,       5.600439669,       8.195794846,     -0.8535924339,     -0.8535924339,       2.361070176,       437.6462958,        3627502251,        3627502251,       107326.5122,        666215.224,      -55.31670752,       172.8425588,         752.7089474,          8.763122276,                4.354881996,       646.8940214,       646.8940214,   4.323697627e+11,   4.323697627e+11,      -0.8535924339,        3627502251,         646.8940214,      4.323697627e+11
          0,           0,         175,       2.840652649,       3.669308228,       5.357914977,       5.627082413,       8.222528745,     -0.9032166921,     -0.9032166921,        2.48926858,       437.4300054,        3981169874,        3981169874,        108699.645,       680204.8708,      -49.98760408,       179.2947135,         747.0022832,          11.86501587,                4.166337471,       661.5171871,       661.5171871,   5.096212899e+11,   5.096212899e+11,      -0.9032166921,        3981169874,         661.5171871,      5.096212899e+11
          0,           0,         176,       2.865519716,       3.803975087,       5.383652331,        5.65211413,       8.248032786,      -0.931275542,      -0.931275542,       2.434701475,       439.6702677,        4340368104,        4340368104,       110263.8368,       671592.8726,      -36.19425339,       174.6471169,         742.5231041,          22.28324973,                4.251562335,       668.4491562,       668.4491562,   5.210601574e+11,   5.210601574e+11,       -0.931275542,        4340368104,         668.4491562,      5.210601574e+11
          0,           0,         177,        2.88892591,       3.640520083,       5.406959693,        5.67580167,       8.271782151,     -0.9613642013,     -0.9613642013,        2.42106825,       461.5180963,        4523625051,        4523625051,       109156.9929,       711209.3798,      -49.61719374,       187.1179379,         744.9919418,          13.22218914,                3.981403121,       693.1220066,       693.1220066,   5.238310731e+11,   5.238310731e+11,      -0.9613642013,        4523625051,         693.1220066,      5.238310731e+11
          0,           0,         178,       2.912480722,       3.633666706,       5.430157008,       5.699647283,       8.295649269,     -0.9686688503,     -0.9686688503,       2.645607632,       491.5480481,        4522715956,        4522715956,       108556.3916,       742165.8467,       -25.4748379,       192.4535236,         748.2500209,          56.07276003,                3.887951786,       738.6917792,       738.6917792,   8.574257012e+11,   8.574257012e+11,      -0.9686688503,        4522715956,         738.6917792,      8.574257012e+11
          0,           0,         179,         2.9353624,       3.739609251,       5.452602981,        5.72291548,       8.318813234,      -1.014062935,      -1.014062935,       2.612871699,       476.1645934,        4689504902,        4689504902,       109972.5834,       718403.3899,      -42.90172843,       186.9017353,         749.1005811,          17.97916443,                4.007991579,       715.0405542,       715.0405542,   8.040936059e+11,   8.040936059e+11,       -1.014062935,        4689504902,         715.0405542,      8.040936059e+11
          0,           0,         180,       2.868299804,       3.817506316,       5.382697127,       5.656282511,        8.25097327,      -1.036514402,      -1.036514402,       2.604601465,       509.8839937,        4882330934,        4882330934,       109527.8181,        760046.254,      -39.57908004,       194.4590893,         758.1236905,          23.13932402,                3.898628206,       756.4884887,       756.4884887,   8.277948082e+11,   8.277948082e+11,       -1.036514402,        4882330934,         756.4884887,      8.277948082e+11
          0,           0,         181,       2.893950638,       3.829152618,       5.408680298,       5.681800334,       8.276745062,      -1.103184368,      -1.103184368,       3.204273074,       466.7287699,        4993856274,        4993856274,       110795.3229,       716456.8304,      -56.51220195,       176.8448284,         762.5927231,          8.792650823,                4.312213876,       713.1031065,       713.1031065,   2.449598981e+12,   2.449598981e+12,       -1.103184368,        4993856274,         713.1031065,      2.449598981e+12
          0,           0,         182,        2.92346372,       4.334496615,        5.44051156,       5.710533216,       8.308365771,      -1.101003725,      -1.101003725,       3.479968675,       509.9595168,        5003117639,        5003117639,       109635.5927,       781591.2168,      -37.52128155,       189.5027509,         776.4099844,          24.50795903,                4.097090837,       777.9325998,       777.9325998,   9.317052587e+14,   9.317052587e+14,       -1.101003725,        5003117639,         777.9325998,      9.317052587e+14
          0,           0,         183,       2.950205376,       3.761330536,       5.460945066,       5.739733125,       8.334117765,      -1.165071509,      -1.165071509,       4.699093195,       496.1708759,        5114285148,        5114285148,       111672.6816,       770944.2496,      -54.36070783,       185.0046284,         782.1590948,          10.58230458,                4.227781226,       767.3354709,       767.3354709,   9.442597699e+14,   9.442597699e+14,       -1.165071509,        5114285148,         767.3354709,      9.442597699e+14
          0,           0,         184,       2.976798919,       3.812752688,       5.488639543,       5.766588505,       8.361453845,      -1.181096319,      -1.181096319,       4.832904793,       517.6332758,        5341860635,        5341860635,       111591.7909,       797635.2151,       -47.3670894,       184.5717732,         785.6470507,          14.18368449,                 4.25659372,       793.9014963,       793.9014963,   9.112687287e+14,   9.112687287e+14,       -1.181096319,        5341860635,         793.9014963,      9.112687287e+14
          0,           0,         185,       3.010363873,        3.71945554,       5.522479528,       5.800208569,       8.395065244,      -1.214383731,      -1.214383731,       4.439822216,       534.5854114,        5649647712,        5649647712,       112800.8145,       809669.7449,      -41.75976304,       180.4935593,         791.5637219,          17.68131172,                4.385551069,       805.8796927,       805.8796927,   8.616998652e+14,   8.616998652e+14,       -1.214383731,        5649647712,         805.8796927,      8.616998652e+14
          0,           0,         186,       3.028730808,       3.783612313,        5.54204211,       5.818062273,       8.413075148,      -1.308267808,      -1.308267808,       3.949278233,       479.3314119,        6035041328,        6035041328,       116127.2993,       718982.2795,      -42.96120228,        156.652503,         793.0334261,          12.29602501,                5.062373158,       699.4910053,       699.4910053,   8.237764204e+14,   8.237764204e+14,       -1.308267808,        6035041328,         699.4910053,      8.237764204e+14
          0,           0,         187,       3.056203555,       4.263279399,       5.572790191,       5.846215302,        8.44395032,      -1.322602738,      -1.322602738,       3.935716989,       482.9011414,        6135894300,        6135894300,       115310.5573,       741237.7632,      -37.98094169,       160.9049203,         798.8267374,           16.9476335,                4.964588627,       737.7680401,       737.7680401,   7.779579864e+14,   7.779579864e+14,       -1.322602738,        6135894300,         737.7680401,      7.779579864e+14
          0,           0,         188,       3.087881911,       4.247070992,       5.604622669,       5.877736272,       8.475327105,      -1.398044539,      -1.398044539,       3.869361053,       474.8929134,        6403684038,        6403684038,       118795.0514,       723557.3897,      -49.06752602,       152.4401103,         800.9110694,          8.651841595,                5.253939189,       720.1704282,       720.1704282,   7.705991584e+14,   7.705991584e+14,       -1.398044539,        6403684038,         720.1704282,      7.705991584e+14
          0,           0,         189,       3.126270772,       4.510836714,       5.641404386,       5.915310263,       8.511459304,       -1.42009348,       -1.42009348,       3.524960549,       470.5650572,        6480333708,        6480333708,       118753.6999,       714035.7623,      -43.01643459,       147.4905027,          802.110199,           10.7559922,                5.438385418,       710.6933714,       710.6933714,   7.420502816e+14,   7.420502816e+14,        -1.42009348,        6480333708,         710.6933714,      7.420502816e+14
          0,           0,         190,       3.171645705,       4.284512654,       5.687080624,       5.961040842,       8.557545906,      -1.513049013,      -1.513049013,       3.666181909,       432.9913223,        6660620128,        6660620128,       119690.3161,       652630.8588,      -44.72414408,       135.5642644,         801.2205123,          8.187690729,                5.910263415,       633.6414389,       633.6414389,   7.278249489e+14,   7.278249489e+14,       -1.513049013,        6660620128,         633.6414389,      7.278249489e+14
          0,           0,         191,        3.23806211,       4.703497473,       5.753406255,       6.025897204,       8.622197736,      -1.438540875,      -1.438540875,       3.474983043,       470.0542394,        6627721218,        6627721218,       120313.2965,       693090.2928,      -23.06852904,       140.1327916,         802.5524393,          35.90113649,                5.727085218,       689.8459473,       689.8459473,   6.949379718e+14,   6.949379718e+14,       -1.438540875,        6627721218,         689.8459473,      6.949379718e+14
          0,           0,         192,       3.302041976,       4.804420317,       5.816154374,       6.090310037,       8.687232387,      -1.553211791,      -1.553211791,       3.896873034,       458.7054309,        7124196978,        7124196978,       128538.7362,       663408.5936,      -37.42157942,       130.5312123,         800.5727734,          11.16702823,                6.133190365,       660.3031877,       660.3031877,   7.928658916e+14,   7.928658916e+14,       -1.553211791,        7124196978,         660.3031877,      7.928658916e+14
          0,           0,         193,       3.370734377,       4.193501966,       5.883276348,       6.160114362,        8.75572994,        -1.6000018,        -1.6000018,        3.26300968,       442.6797309,        7280984739,        7280984739,       131582.7689,       637281.1971,      -33.95281259,       125.4667504,         796.5419931,          12.65544278,                6.348630141,       634.2980932,       634.2980932,   1.120766828e+14,   1.120766828e+14,         -1.6000018,        7280984739,         634.2980932,      1.120766828e+14
          0,           0,         194,       3.451255803,       4.163821874,        5.96358346,       6.240778024,       8.835928282,      -1.639904299,      -1.639904299,       3.193099085,        438.056429,        7355652761,        7355652761,       134848.0883,       626651.7732,      -30.05479633,       124.0174878,         795.8169213,          16.02700567,                6.416973408,       623.7184254,       623.7184254,   1.080753579e+14,   1.080753579e+14,       -1.639904299,        7355652761,         623.7184254,      1.080753579e+14
          0,           0,         195,       3.521275152,       4.152659197,       6.034233817,       6.310932751,       8.906288569,      -1.679025827,      -1.679025827,       2.793584209,       432.4248619,        7458216349,        7458216349,       138855.9486,        615230.473,      -27.38848888,       122.6966495,         794.8141248,          19.06916319,                6.477879616,       612.3505881,       612.3505881,   6.886447634e+12,   6.886447634e+12,       -1.679025827,        7458216349,         612.3505881,      6.886447634e+12
          0,           0,         196,       3.600210172,       4.173181511,       6.113467546,       6.390101661,       8.986632802,      -1.845141469,      -1.845141469,       3.151509894,       390.4607013,        7545772059,        7545772059,        140857.735,       583497.7014,      -55.54566528,       120.9587389,         795.6492238,           3.74213764,                6.577856474,       580.7663573,       580.7663573,   6.099489665e+12,   6.099489665e+12,       -1.845141469,        7545772059,         580.7663573,      6.099489665e+12
          0,           0,         197,       3.677126512,       4.113079362,       6.190329623,       6.467159481,       9.062053949,      -1.739454243,      -1.739454243,       2.681053113,       411.0158618,        7726327967,        7726327967,       143073.2874,       601958.0811,      -6.640211772,       125.5935882,         796.2058136,          356.7429435,                6.339541892,       599.1403242,       599.1403242,   5.948176903e+12,   5.948176903e+12,       -1.739454243,        7726327967,         599.1403242,      5.948176903e+12
          0,           0,         198,       3.752573358,        3.96381332,       6.266011716,       6.542598351,       9.138270698,      -1.904959664,      -1.904959664,       2.670378602,       403.9583069,        8098682836,        8098682836,       147421.2824,       602928.9665,      -42.49458403,       125.8943675,         797.6780812,          7.776986617,                6.336090301,       600.1066649,       600.1066649,   5.151199154e+11,   5.151199154e+11,       -1.904959664,        8098682836,         600.1066649,      5.151199154e+11
          0,           0,         199,       3.827737286,        4.04826625,       6.341228363,       6.617629316,       9.212361512,      -1.948405483,      -1.948405483,       3.331196878,       385.5413627,        8793754654,        8793754654,       156055.7097,       592074.0536,      -31.22722128,       126.5749446,          795.279142,          15.42966887,                6.283069248,       589.3025636,       589.3025636,   2.630500151e+13,   2.630500151e+13,       -1.948405483,        8793754654,         589.3025636,      2.630500151e+13
          0,           0,         200,        3.90501157,       3.929948744,        6.41852027,       6.694792727,       9.289365532,      -1.961025644,      -1.961025644,       3.248781911,       411.6044078,        9642026645,        9642026645,       163557.6288,       614412.9278,       -5.10217117,       131.5546396,         795.2382972,          663.8172651,                6.044927794,       611.5368699,       611.5368699,   2.661654119e+13,   2.661654119e+13,       -1.961025644,        9642026645,         611.5368699,      2.661654119e+13
          0,           0,         201,       3.984993705,       4.129728901,       6.499124898,       6.774913263,       9.369833983,      -2.018871052,      -2.018871052,       2.844539816,       416.8275417,   1.052413133e+10,   1.052413133e+10,       176524.3467,       597144.5449,       11.37866959,       125.2495049,          794.630144,          120.1627333,                6.344377528,       594.3493201,       594.3493201,   2.633851398e+13,   2.633851398e+13,       -2.018871052,   1.052413133e+10,         594.3493201,      2.633851398e+13
          0,           0,         202,       4.079058517,       4.629470511,       6.595019914,       6.869071645,       9.464731124,      -2.205368635,      -2.205368635,       2.628901914,       403.5329454,   1.134341036e+10,   1.134341036e+10,       190074.5676,       571848.6341,      -16.00480136,       118.2150836,         794.5639817,          53.55633786,                6.721341793,        569.171819,        569.171819,   4.957352139e+14,   4.957352139e+14,       -2.205368635,   1.134341036e+10,          569.171819,      4.957352139e+14
          0,           0,         203,       4.073712264,       4.540838834,       6.588845059,       6.862456092,       9.458460966,      -2.317818725,      -2.317818725,        2.72695062,       391.1262526,   1.134124624e+10,   1.134124624e+10,       196595.4903,       558001.9434,      -18.93364952,       118.8347308,         792.0149807,          38.39291384,                6.664844322,       555.3899445,       555.3899445,   5.713582361e+14,   5.713582361e+14,       -2.317818725,   1.134124624e+10,         555.3899445,      5.713582361e+14
          0,           0,         204,       4.072521484,       4.394021765,       6.586806555,       6.861378672,       9.456964278,      -2.402009476,      -2.402009476,       3.099830167,       392.6354003,   1.138518742e+10,   1.138518742e+10,       199234.3157,        560372.833,      -20.10975898,       122.7063663,         788.7385967,          36.23235098,                6.427853912,        557.749736,        557.749736,   6.142569965e+14,   6.142569965e+14,       -2.402009476,   1.138518742e+10,          557.749736,      6.142569965e+14
          0,           0,         205,       4.096677996,       4.917939761,       6.647494798,       6.871428077,       9.477555521,      -2.598903992,      -2.598903992,       3.032682903,       371.0750577,   1.152817063e+10,   1.152817063e+10,       201613.6118,       559230.8732,      -54.79699411,        121.244967,         785.4190138,          3.895690646,                6.477951484,       556.6131217,       556.6131217,   5.239547466e+14,   5.239547466e+14,       -2.598903992,   1.152817063e+10,         556.6131217,      5.239547466e+14
          0,           0,         206,       4.072036189,       4.324158541,       6.586490262,       6.860907106,        9.45659779,      -2.510026851,      -2.510026851,       2.970763563,       400.2450249,   1.139209683e+10,   1.139209683e+10,       199758.4192,       588039.8336,      -0.480140167,       128.6136975,         779.3681661,          71751.72006,                6.059760207,       585.2872278,       585.2872278,   4.921972928e+14,   4.921972928e+14,       -2.510026851,   1.139209683e+10,         585.2872278,      4.921972928e+14
          0,           0,         207,       4.071494714,       4.596702006,       6.585865069,        6.86037483,       9.456037479,      -2.696075876,      -2.696075876,       5.285364049,       392.3277567,   1.190027935e+10,   1.190027935e+10,       209224.4028,       574853.2801,       -26.1710569,       126.3505729,         774.3125366,          22.30837021,                6.128286709,       572.1624003,       572.1624003,    1.21551101e+15,    1.21551101e+15,       -2.696075876,   1.190027935e+10,         572.1624003,       1.21551101e+15
          0,           0,         208,       4.070884625,       4.350005067,       6.585212006,       6.859757452,       9.455391709,       -2.76152289,       -2.76152289,       3.571791879,       395.8555829,   1.219766541e+10,   1.219766541e+10,       212269.3778,       582122.7812,      -29.56289939,       127.4804572,         767.2656091,          17.59487117,                 6.01869201,        579.397873,        579.397873,     4.8063803e+14,     4.8063803e+14,        -2.76152289,   1.219766541e+10,          579.397873,        4.8063803e+14
          0,           0,         209,        4.07044116,       4.475030976,       6.584802091,        6.85933107,       9.455002501,      -2.998183547,      -2.998183547,        4.76745208,       376.3615205,   1.258573532e+10,   1.258573532e+10,       216150.3546,       583248.1123,      -61.43969876,       126.4129478,         759.8871215,          3.233357659,                 6.01114945,       580.5179365,       580.5179365,   7.669171883e+14,   7.669171883e+14,       -2.998183547,   1.258573532e+10,         580.5179365,      7.669171883e+14
          0,           0,         210,       4.070175425,       4.631940789,       6.584792881,       6.859070179,       9.454894834,      -2.831534493,      -2.831534493,       6.306809537,        416.735007,   1.240315154e+10,   1.240315154e+10,       212692.6798,       629515.6142,      -7.671705805,       134.7720683,         756.4545485,          307.6142011,                5.612843656,       626.5688609,       626.5688609,   7.809553724e+15,   7.809553724e+15,       -2.831534493,   1.240315154e+10,         626.5688609,      7.809553724e+15
          0,           0,         211,       4.070013178,       4.565327843,        6.58467315,       6.858867542,       9.454697189,      -3.076377625,      -3.076377625,       6.368316691,       415.8998172,   1.325080525e+10,   1.325080525e+10,       222979.9428,       626379.1908,      -36.26712034,       133.3566157,         752.4080665,          12.52081853,                5.642075294,        623.447119,        623.447119,   7.843411465e+15,   7.843411465e+15,       -3.076377625,   1.325080525e+10,          623.447119,      7.843411465e+15
          0,           0,         212,       4.069816537,       4.611525684,       6.584385986,       6.858649131,       9.454426894,      -3.357229133,      -3.357229133,       4.929137597,        381.206329,   1.366733075e+10,   1.366733075e+10,       228958.7528,       608166.4903,      -66.05693644,       133.4144592,         744.9046349,          3.079143126,                5.583387583,       605.3196719,       605.3196719,    1.12672328e+15,    1.12672328e+15,       -3.357229133,   1.366733075e+10,         605.3196719,       1.12672328e+15
          0,           0,         213,       4.220335552,       5.939270064,       6.865032333,       6.910866892,       9.563124794,      -3.188154142,      -3.188154142,       3.105081731,        431.367329,   1.364313287e+10,   1.364313287e+10,       230546.2207,        673870.523,      -19.71166145,       141.7509658,         743.8550069,          50.71369742,                5.247618616,       670.7161449,       670.7161449,   3.667273662e+14,   3.667273662e+14,       -3.188154142,   1.364313287e+10,         670.7161449,      3.667273662e+14
          0,           0,         214,       4.069442905,       4.169964761,        6.58381655,       6.858315323,       9.453963784,      -3.551337184,      -3.551337184,        2.86830003,       445.6214462,   1.424448706e+10,   1.424448706e+10,       242421.8094,       684791.6942,      -43.45708458,       146.1636983,         744.1057482,          10.31248124,                5.090906681,       681.5861943,       681.5861943,   3.620277291e+14,   3.620277291e+14,       -3.551337184,   1.424448706e+10,         681.5861943,      3.620277291e+14
          0,           0,         215,       4.069216288,        4.57787742,       6.583638812,       6.858020708,       9.453670618,      -3.693930824,      -3.693930824,       2.730596888,       435.2257205,   1.456050546e+10,   1.456050546e+10,       251569.4597,        683329.389,      -32.60443734,       147.2090956,         743.3198507,           19.3852419,                 5.04941524,       680.1307342,       680.1307342,   3.394145149e+14,   3.394145149e+14,       -3.693930824,   1.456050546e+10,         680.1307342,      3.394145149e+14
          0,           0,         216,       4.070851295,       5.110846919,       6.589430102,       6.858526857,       9.455500174,      -3.759679637,      -3.759679637,       3.007124721,        460.030615,    1.50613736e+10,    1.50613736e+10,       265521.1281,       723481.9785,      -20.48787799,       149.7717181,         745.8910346,          52.43990349,                 4.98018614,         720.09537,         720.09537,   9.392714749e+14,   9.392714749e+14,       -3.759679637,    1.50613736e+10,           720.09537,      9.392714749e+14
          0,           0,         217,       4.068767876,       4.580665739,       6.583455715,       6.857465772,       9.453254235,      -4.297866748,      -4.297866748,       3.321734921,       469.1790602,   1.640959811e+10,   1.640959811e+10,       281498.9772,       712991.8306,      -42.59302518,       156.4517515,         748.4265861,          12.49223463,                4.783753321,       709.6543263,       709.6543263,   2.796176946e+15,   2.796176946e+15,       -4.297866748,   1.640959811e+10,         709.6543263,      2.796176946e+15
          0,           0,         218,       4.115825926,       5.461340854,       6.702497471,       6.876953474,       9.499696281,      -4.163788401,      -4.163788401,       3.100401228,       504.7127019,   1.779564989e+10,   1.779564989e+10,       293167.7727,       775170.5568,      -21.74072664,       160.7847959,         755.5569993,          53.69427207,                4.699181879,       771.5419948,       771.5419948,   3.025332803e+15,   3.025332803e+15,       -4.163788401,   1.779564989e+10,         771.5419948,      3.025332803e+15
          0,           0,         219,       4.070124024,       5.290469948,       6.586828997,       6.858572618,       9.455735009,      -4.690760027,      -4.690760027,       3.229119279,       509.1129461,   2.001219235e+10,   2.001219235e+10,       320632.3945,       782827.9977,      -48.24527864,       159.7059342,          758.258287,          9.958029597,                4.747840403,       779.1635913,       779.1635913,   2.960509556e+15,   2.960509556e+15,       -4.690760027,   2.001219235e+10,         779.1635913,      2.960509556e+15
          0,           0,         220,       4.070337317,       5.029751471,       6.586873315,        6.85840538,       9.458062963,      -4.993833802,      -4.993833802,        3.21123756,       504.3786326,   2.188945265e+10,   2.188945265e+10,       342067.5038,       790753.2202,      -52.57648655,       163.1436366,         763.8207407,          8.628467219,                4.681891103,       787.0517159,       787.0517159,   2.808389415e+15,   2.808389415e+15,       -4.993833802,   2.188945265e+10,         787.0517159,      2.808389415e+15
          0,           0,         221,         4.0703667,       5.267456718,       6.588189146,       6.858039518,        9.45526254,      -5.327562339,      -5.327562339,        3.36547263,       511.7964327,   2.350506157e+10,   2.350506157e+10,       365852.8159,       815037.5728,      -55.20601737,         169.32427,          767.154321,          8.407312879,                4.530681401,       811.2223939,       811.2223939,   2.638498394e+15,   2.638498394e+15,       -5.327562339,   2.350506157e+10,         811.2223939,      2.638498394e+15
          0,           0,         222,       4.074631168,       5.465882553,       6.603374684,       6.860564371,        9.46228566,      -5.919043295,      -5.919043295,        2.92924781,       508.4377254,    2.60314711e+10,    2.60314711e+10,       401822.8713,        755773.217,       -45.1743994,       170.6641393,         771.7554063,           13.2724909,                4.522071301,       752.2354537,       752.2354537,   2.509826679e+15,   2.509826679e+15,       -5.919043295,    2.60314711e+10,         752.2354537,      2.509826679e+15
          0,           0,         223,        4.07470583,        5.27051478,       6.598969721,       6.860091793,        9.45912648,      -5.937004654,      -5.937004654,       7.406353687,        513.315499,   2.797403192e+10,   2.797403192e+10,       429641.3122,       829649.7626,      -51.67733576,       181.2830341,         775.6612955,          11.30592013,                4.278730766,       825.7661842,       825.7661842,   1.219993015e+19,   1.219993015e+19,       -5.937004654,   2.797403192e+10,         825.7661842,      1.219993015e+19
          0,           0,         224,       4.070948858,       5.017741364,       6.591296987,       6.857421448,       9.454624048,      -6.597784426,      -6.597784426,        7.83551837,       505.1884298,   3.121091131e+10,   3.121091131e+10,        476349.849,       834251.4104,      -62.25780061,       177.6813602,         781.4633627,          7.145095707,                 4.39811673,       712.5656471,       712.5656471,   1.603931723e+19,   1.603931723e+19,       -6.597784426,   3.121091131e+10,         712.5656471,      1.603931723e+19
          0,           0,         225,       4.077939487,       4.868749804,        6.61318379,       6.859084281,       9.460417672,      -7.283055071,      -7.283055071,       5.576297521,       489.5780244,   3.383522021e+10,   3.383522021e+10,       522195.0364,       741884.3968,      -44.94985374,       181.4723458,         791.5798755,          15.29912688,                 4.36198624,       738.4116468,       738.4116468,   1.527247152e+19,   1.527247152e+19,       -7.283055071,   3.383522021e+10,         738.4116468,      1.527247152e+19
          0,           0,         226,       4.144294277,       5.664185298,       6.746205571,       6.905888764,       9.538886343,      -7.234806356,      -7.234806356,       18.34202504,       502.7315647,   3.625904678e+10,   3.625904678e+10,       557701.1491,       807776.7548,      -46.49228558,       191.0728348,           804.20726,          15.89025087,                4.208904217,       803.9955637,       803.9955637,   1.581273777e+19,   1.581273777e+19,       -7.234806356,   3.625904678e+10,         803.9955637,      1.581273777e+19
          0,           0,         227,       4.072240729,       4.611816992,       6.587324497,       6.860100826,       9.459075351,       -7.92969116,       -7.92969116,       18.29546066,       499.2400843,   3.965061706e+10,   3.965061706e+10,       623319.9216,       810640.1336,      -54.34812054,       186.2590133,         812.5035419,          10.74533846,                 4.36222402,       490.8983957,       490.8983957,   8.762628232e+18,   8.762628232e+18,        -7.92969116,   3.965061706e+10,         490.8983957,      8.762628232e+18
          0,           0,         228,       4.074792733,       4.509421651,        6.58967699,       6.862302521,       9.457767333,      -8.333721168,      -8.333721168,       10.69057914,       506.2965029,   4.264043553e+10,   4.264043553e+10,       665451.5167,       815402.7554,      -45.08051293,       186.8749425,         823.0014077,          16.18400722,                4.404022266,        811.585867,        811.585867,   1.265827971e+19,   1.265827971e+19,       -8.333721168,   4.264043553e+10,          811.585867,      1.265827971e+19
          0,           0,         229,       4.182784163,       5.792786971,       6.763167301,       6.972269632,       9.604833938,       -8.83528101,       -8.83528101,       7.392331818,       509.4316595,   4.647710496e+10,   4.647710496e+10,       718198.4079,       818789.5839,      -44.13796393,       192.1188462,         835.8428961,           17.9459047,                4.350655403,       814.9568419,       814.9568419,   1.180315002e+19,   1.180315002e+19,        -8.83528101,   4.647710496e+10,         814.9568419,      1.180315002e+19
          0,           0,         230,       4.080579432,       4.524448827,       6.593305336,       6.868071028,       9.462346238,      -9.567960585,      -9.567960585,       5.079524604,       522.5763035,   5.068934009e+10,   5.068934009e+10,       806340.5742,       766953.5893,      -24.66521862,       202.2427294,         844.9404567,          66.23197934,                4.177853311,       763.3634908,       763.3634908,   1.134428649e+19,   1.134428649e+19,       -9.567960585,   5.068934009e+10,         763.3634908,      1.134428649e+19
          0,           0,         231,       4.086486445,       5.126170601,        6.59857902,       6.873462613,       9.467403685,      -10.01254295,      -10.01254295,       5.669370904,       510.9794005,   5.515082884e+10,   5.515082884e+10,       856958.6519,       807314.6171,      -49.32324688,       203.7215913,         846.6609498,          16.05967699,                4.155970629,       803.5355892,       803.5355892,   1.037028877e+19,   1.037028877e+19,       -10.01254295,   5.515082884e+10,         803.5355892,      1.037028877e+19
          0,           0,         232,       4.129888512,       4.926398399,       6.725321463,       6.884566011,       9.509425266,      -10.83850406,      -10.83850406,       5.296669943,       486.2074986,   6.238369033e+10,   6.238369033e+10,       955966.4381,       791384.3045,      -52.70671233,       196.4343744,         846.8429746,          12.89002802,                4.311073238,       787.6798462,       787.6798462,   9.954281972e+18,   9.954281972e+18,       -10.83850406,   6.238369033e+10,         787.6798462,      9.954281972e+18
          0,           0,         233,       4.105393502,       4.932909999,       6.616047225,       6.890310367,       9.482358986,      -11.41240975,      -11.41240975,        4.59119147,       501.1596579,   7.233536636e+10,   7.233536636e+10,       1091397.948,       732432.4248,        -11.188546,       207.1139793,         854.3724362,          341.6663999,                4.125131675,       729.0039193,       729.0039193,   9.611267944e+18,   9.611267944e+18,       -11.41240975,   7.233536636e+10,         729.0039193,      9.611267944e+18
          0,           0,         234,       4.137177372,         5.7770399,       6.705312546,       6.911779069,       9.552411029,      -12.21373314,      -12.21373314,       4.335663441,       498.7380626,    8.42321383e+10,    8.42321383e+10,       1264665.228,       710556.3014,      -22.39884441,       213.0167391,         849.3517201,          89.44326627,                3.987253413,       707.2301978,       707.2301978,   9.221407358e+18,   9.221407358e+18,       -12.21373314,    8.42321383e+10,         707.2301978,      9.221407358e+18
          0,           0,         235,       4.106499287,       5.085770207,       6.617633003,       6.890850673,        9.48401026,      -12.98342411,      -12.98342411,        4.10711517,       526.2208909,   9.607211879e+10,   9.607211879e+10,       1428496.466,       733736.3881,      -12.19864088,       223.3496045,         838.4446979,          334.2335552,                3.753956493,       730.3017788,       730.3017788,   8.529214506e+18,   8.529214506e+18,       -12.98342411,   9.607211879e+10,         730.3017788,      8.529214506e+18
          0,           0,         236,       4.365983424,       5.805795967,       7.068703752,       7.017006592,       9.723791107,      -14.44655399,      -14.44655399,       4.605017837,       470.7879337,   1.052809857e+11,   1.052809857e+11,       1537332.886,       753379.0774,      -66.35649015,       206.8014287,         826.6416271,          8.712706305,                3.997272322,       705.1121752,       705.1121752,   7.855028751e+18,   7.855028751e+18,       -14.44655399,   1.052809857e+11,         705.1121752,      7.855028751e+18
          0,           0,         237,       4.109354825,       5.388936114,       6.625659091,       6.893513297,       9.490247484,      -15.01501182,      -15.01501182,       4.065656685,       465.9499396,    1.18198169e+11,    1.18198169e+11,       1715653.423,       762774.1898,      -46.68262802,       201.2190864,         814.2508607,          17.57923174,                4.046588599,        759.203655,        759.203655,   7.466921643e+18,   7.466921643e+18,       -15.01501182,    1.18198169e+11,          759.203655,      7.466921643e+18
          0,           0,         238,       4.123780519,        5.24885194,       6.641063724,       6.906670208,       9.502543026,      -15.66324222,      -15.66324222,       3.857142555,       490.7946448,   1.345408148e+11,   1.345408148e+11,       1934184.374,       788149.8572,      -23.95486106,       210.4061536,         808.5112766,          76.14886862,                3.842621819,       784.4605393,       784.4605393,   6.864172976e+18,   6.864172976e+18,       -15.66324222,   1.345408148e+11,         784.4605393,      6.864172976e+18
          0,           0,         239,       4.152314416,       5.279463652,       6.688884474,       6.927147771,       9.528527389,      -16.56843639,      -16.56843639,       3.771913727,       514.0301516,   1.457495233e+11,   1.457495233e+11,       2126935.783,       803244.2689,      -13.72006955,        219.141361,         805.5011669,          254.1150521,                3.675714905,       799.4842942,       799.4842942,   6.390309655e+18,   6.390309655e+18,       -16.56843639,   1.457495233e+11,         799.4842942,      6.390309655e+18
          0,           0,         240,       4.177524563,       5.923707308,       6.775127457,       6.939292935,       9.576939004,      -17.73692146,      -17.73692146,       3.099151318,         501.34764,   1.713302647e+11,   1.713302647e+11,       2526062.554,       721469.9614,       3.235558843,       237.3995641,         804.5579572,          5382.456764,                3.389045638,       718.0927711,       718.0927711,   6.301096938e+18,   6.301096938e+18,       -17.73692146,   1.713302647e+11,         718.0927711,      6.301096938e+18
          0,           0,         241,       4.169594809,        5.82505552,         6.7295434,       6.937590992,        9.55200557,      -19.59064825,      -19.59064825,       3.034709611,       476.1894222,   1.831692609e+11,   1.831692609e+11,       2774127.469,       717098.6898,      -21.99348883,       235.2578933,          799.223926,          113.4195283,                  3.3972247,       713.7419613,       713.7419613,   5.785105342e+18,   5.785105342e+18,       -19.59064825,   1.831692609e+11,         713.7419613,      5.785105342e+18
          0,           0,         242,       4.167508683,       5.855412454,        6.73305953,       6.938113717,       9.556101267,      -20.62520683,      -20.62520683,       1.859281986,       497.5330098,   1.876807307e+11,   1.876807307e+11,       2906338.051,        700157.543,       -1.67395039,       247.1164632,         792.8238932,          21792.05893,                3.208300584,       696.8801158,       696.8801158,   5.418484761e+14,   5.418484761e+14,       -20.62520683,   1.876807307e+11,         696.8801158,      5.418484761e+14
          0,           0,         243,       4.298797734,       6.005058396,       6.965364887,        7.00056713,       9.676189072,      -21.40259036,      -21.40259036,       3.163963157,       480.7222845,   1.855951256e+11,   1.855951256e+11,       2940816.674,       699894.3934,      -13.32196592,       234.3688729,         783.4214182,          308.5018335,                3.342685436,        696.618198,        696.618198,   1.021619619e+16,   1.021619619e+16,       -21.40259036,   1.855951256e+11,          696.618198,      1.021619619e+16
          0,           0,         244,       4.534231746,       5.942479451,       7.242286483,       7.158400733,       9.879305358,      -22.75164626,      -22.75164626,       3.542082334,       448.9344257,   1.912596797e+11,   1.912596797e+11,       3052093.313,       667042.6091,       -20.3061995,       226.6259187,         775.5123452,          123.5551985,                3.421993166,       663.9201924,       663.9201924,   2.191755143e+16,   2.191755143e+16,       -22.75164626,   1.912596797e+11,         663.9201924,      2.191755143e+16
          0,           0,         245,       4.320427904,       5.980174944,       6.982213661,       7.021399265,       9.700805468,      -23.58733246,      -23.58733246,       3.412267458,       460.0899298,   1.931756686e+11,   1.931756686e+11,       3067612.032,       679387.9285,      -13.40374329,       233.4442182,         771.8184506,          302.3290753,                3.306222174,        675.951441,        675.951441,   2.084389664e+16,   2.084389664e+16,       -23.58733246,   1.931756686e+11,          675.951441,      2.084389664e+16
          0,           0,         246,       4.158722292,       5.777959127,       6.707319396,       6.938125243,       9.552328386,      -24.40335611,      -24.40335611,       3.376825117,       462.4141644,   1.955201297e+11,   1.955201297e+11,       3105320.346,       683747.6257,      -10.24229107,       242.5193994,         771.1711865,          559.6589264,                3.179832988,       679.7518002,       679.7518002,   2.017972415e+16,   2.017972415e+16,       -24.40335611,   1.955201297e+11,         679.7518002,      2.017972415e+16
          0,           0,         247,       4.169599524,       5.821773097,       6.716117257,       6.948528915,       9.561216809,       -25.1466255,       -25.1466255,       3.364146714,       470.8947752,   1.977057722e+11,   1.977057722e+11,       3136536.694,        698507.609,      -11.73026024,       244.6303184,         770.9210771,          433.9158816,                3.151371761,       695.2379051,       695.2379051,   1.958116695e+16,   1.958116695e+16,        -25.1466255,   1.977057722e+11,         695.2379051,      1.958116695e+16
