"Time_Iter","Outer_Iter","Inner_Iter",    "rms[Rho]"    ,    "rms[RhoU]"   ,    "rms[RhoV]"   ,    "rms[RhoW]"   ,    "rms[RhoE]"   ,  "Avg_Massflow"  ,  "Avg_Massflow"  ,    "Avg_Mach"    ,    "Avg_Temp"    ,    "Avg_Press"   ,    "Avg_Press"   ,   "Avg_Density"  ,  "Avg_Enthalpy"  ,  "Avg_NormalVel" ,   "Uniformity"   ,"Secondary_Strength","Momentum_Distortion","Secondary_Over_Uniformity",  "Avg_TotalTemp" ,  "Avg_TotalTemp" , "Avg_TotalPress" , "Avg_TotalPress" ,  "Pressure_Drop" ,"Avg_Massflow(INLET)","Avg_Massflow(OUTLET)","Avg_Press(INLET)","Avg_Press(OUTLET)","Avg_TotalTemp(INLET)","Avg_TotalTemp(OUTLET)","Avg_TotalPress(INLET)","Avg_TotalPress(OUTLET)"
          0,           0,           0,      -4.697231049,      -2.359760721,      -3.214644747,      -3.186199923,      0.7859818458,   -0.005876445285,   -0.005876445285,      0.6092838965,        570.832561,       193013.7232,       193013.7232,       2.355763835,        584182.194,      -9.275744141,       206.3335928,        0.4962576816,      -2.40689768e-06,             0.004776621612,       581.4476458,       581.4476458,       205867.0737,       205867.0737,      -1671.162943,        0.07085825028,        -0.07673469557,       97342.44306,        95671.28012,           291.2495576,            290.1980881,            103211.5248,             102655.5489
          0,           0,           1,      -4.874668392,       -2.41395486,      -3.229781126,      -3.200785497,      0.5920158729,    -0.01105129409,    -0.01105129409,      0.6177382032,       567.4142328,       189407.3734,       189407.3734,       2.325611796,       581030.4769,      -17.38288198,       208.5359731,        0.8808435212,     -8.568681334e-06,             0.008366792999,       578.3106817,       578.3106817,         202436.67,         202436.67,      -2597.580183,        0.06806961073,        -0.07912090482,       96002.47681,        93404.89663,           289.7826557,             288.528026,            101465.4051,             100971.2649
          0,           0,           2,      -4.988136373,       -2.46132704,      -3.251702788,       -3.22180825,      0.4671546933,    -0.01521850211,    -0.01521850211,      0.6252503617,       565.2406422,       187011.7263,       187011.7263,       2.304967419,       579135.2281,      -24.01157672,       210.6329383,         1.183302653,     -1.305021619e-05,              0.01110946583,       576.4243046,       576.4243046,       200269.3949,       200269.3949,      -3245.073059,        0.06602661569,         -0.0812451178,       95128.39967,        91883.32661,           288.8099425,            287.6143622,             100297.287,             99972.10788
          0,           0,           3,      -5.038138365,       -2.49802726,       -3.27750281,       -3.24853447,      0.4125975012,    -0.01834814139,    -0.01834814139,       0.631852707,       563.8769197,       185416.8225,       185416.8225,       2.290776265,       578038.3078,      -29.14481936,       212.5681256,         1.433900624,     -2.117626355e-05,              0.01330721841,        575.332519,        575.332519,         198915.49,         198915.49,      -3801.956344,        0.06463938273,        -0.08298752411,       94609.38943,        90807.43309,           288.2291057,            287.1034132,            99580.02598,             99335.46399
          0,           0,           4,      -5.056101857,       -2.52451487,      -3.302358756,      -3.276230437,      0.3937435271,    -0.02055281835,    -0.02055281835,      0.6375593854,        563.068562,       184390.3616,       184390.3616,       2.281304981,       577470.3313,       -32.9091404,       214.3068184,         1.650669502,     -2.671299251e-05,               0.0151438022,       574.7672012,       574.7672012,       198118.9167,       198118.9167,      -4298.092294,        0.06379314703,        -0.08434596538,       94344.22694,        90046.13464,           287.9280094,            286.8391917,            99193.82808,             98925.08863
          0,           0,           5,      -5.059670388,      -2.544308418,      -3.321146346,      -3.301927103,      0.3907220128,    -0.02200697572,    -0.02200697572,      0.6424738217,       562.6420997,       183766.5635,       183766.5635,       2.275251744,       577253.4566,      -35.53418505,       215.8543102,         1.846319479,     -3.116243724e-05,              0.01675583204,       574.5513416,       574.5513416,         197704.18,         197704.18,      -4746.018033,        0.06336655464,        -0.08537353036,       94256.29076,        89510.27273,            287.827809,            286.7235326,            99043.91774,              98660.2623
          0,           0,           6,      -5.065011976,      -2.565729784,      -3.332000987,      -3.321799355,      0.3852106329,    -0.02293501946,    -0.02293501946,      0.6462235656,       562.4769226,       183422.2574,       183422.2574,       2.271608664,       577250.8282,      -37.28739665,       217.0655904,         2.036523318,     -3.824206506e-05,              0.01829360972,       574.5487256,       574.5487256,       197525.9217,       197525.9217,      -5092.070794,        0.06317090337,        -0.08610592283,       94257.16412,        89165.09332,           287.8293717,            286.7193538,            99015.22514,             98510.69654
          0,           0,           7,      -5.076660794,      -2.582881134,       -3.33530737,      -3.336631969,      0.3730872384,    -0.02350737709,    -0.02350737709,      0.6491468798,       562.4284081,        183224.592,        183224.592,       2.269315624,       577328.9014,      -38.45697468,       218.0252442,         2.216267625,       -4.3421556e-05,              0.01972894389,       574.6264333,       574.6264333,       197459.2461,       197459.2461,      -5383.621353,        0.06311504565,        -0.08662242274,       94304.10668,        88920.48533,            287.880651,            286.7457823,             99052.2543,             98406.99185
          0,           0,           8,      -5.086121411,      -2.597302243,      -3.333602039,      -3.346285643,      0.3635813237,    -0.02385312204,    -0.02385312204,      0.6513090167,       562.4572222,       183127.7041,       183127.7041,       2.267968433,       577451.8331,      -39.21737287,       218.7478952,         2.384829394,     -4.854188881e-05,              0.02106640225,       574.7487895,       574.7487895,       197461.0213,       197461.0213,      -5602.801478,        0.06312745823,        -0.08698058027,        94365.2528,        88762.45132,            287.947178,            286.8016115,            99113.33935,             98347.68192
          0,           0,           9,      -5.095966622,      -2.609702101,      -3.328497657,      -3.352221548,      0.3536541896,    -0.02405220988,    -0.02405220988,      0.6527693335,       562.5391701,       183101.0127,       183101.0127,       2.267286725,       577598.6534,      -39.69201768,       219.2481873,         2.543564213,     -5.587762753e-05,              0.02232265496,       574.8949226,       574.8949226,       197503.1222,       197503.1222,      -5756.141091,        0.06316378958,        -0.08721599947,       94428.57691,        88672.43582,           288.0157251,            286.8791975,            99180.14356,             98322.97865
          0,           0,          10,      -5.106714751,      -2.620125192,      -3.323186882,      -3.354979541,      0.3429091705,    -0.02416166026,    -0.02416166026,      0.6537586557,       562.6331469,       183102.4705,       183102.4705,       2.266911507,       577737.3307,      -39.98905935,       219.5943092,         2.695090144,     -6.458065339e-05,              0.02351568717,       575.0329507,       575.0329507,       197552.0152,       197552.0152,      -5867.729515,        0.06320556848,        -0.08736722874,       94485.10002,         88617.3705,             288.07722,            286.9557306,            99241.21092,             98310.80424
          0,           0,          11,      -5.116177283,      -2.629207644,      -3.319072071,      -3.356552407,      0.3334844942,    -0.02420486482,    -0.02420486482,      0.6543151056,       562.7398746,       183127.1164,       183127.1164,       2.266780252,       577870.4863,      -40.13818698,       219.7995949,         2.838814424,     -7.481120714e-05,               0.0246439395,        575.165483,        575.165483,       197604.7868,       197604.7868,      -5929.234503,         0.0632439235,        -0.08744878832,       94528.17543,        88598.94093,            288.124909,             287.040574,            99288.78477,             98316.00208
          0,           0,          12,      -5.125486808,      -2.637440424,      -3.317009394,      -3.357441855,       0.324243473,    -0.02420895168,    -0.02420895168,      0.6546017445,       562.8357698,       183151.2116,       183151.2116,       2.266690905,       577980.9193,      -40.19720652,       219.9131803,         2.975336829,     -8.679770315e-05,              0.02570994926,       575.2753991,       575.2753991,       197643.8694,       197643.8694,       -5958.36957,        0.06327422483,        -0.08748317652,       94554.79059,        88596.42102,           288.1564434,            287.1189556,            99319.26791,             98324.60149
          0,           0,          13,      -5.133705594,       -2.64494275,      -3.317413779,      -3.358380861,      0.3160607162,    -0.02418717349,    -0.02418717349,      0.6546796773,       562.9215419,         183173.56,         183173.56,       2.266624993,       578072.0492,      -40.19069743,       219.9555043,         3.105450676,     -0.0001000448241,              0.02672154735,       575.3661025,       575.3661025,         197671.08,         197671.08,      -5960.187883,        0.06329583212,        -0.08748300562,       94566.87393,        88606.68605,           288.1737858,            287.1923166,            99334.42276,             98336.65726
          0,           0,          14,      -5.140824401,      -2.651834432,       -3.32036079,      -3.359264275,      0.3089550046,    -0.02414714978,    -0.02414714978,      0.6545898758,       563.0008379,       183196.4707,       183196.4707,       2.266595382,       578149.4219,       -40.1349145,       219.9407855,         3.229706303,     -0.0001142346779,              0.02768513633,        575.443113,        575.443113,       197690.9355,       197690.9355,      -5940.549854,        0.06330982383,        -0.08745697361,       94568.51029,        88627.96043,           288.1811119,            287.2620011,            99338.35455,             98352.58091
          0,           0,          15,      -5.147345856,      -2.658467522,      -3.325615769,      -3.360347128,      0.3024231604,     -0.0240936584,     -0.0240936584,      0.6543651549,       563.0757368,        183221.887,        183221.887,       2.266616833,       578216.6037,      -40.04175765,       219.8802148,         3.349902685,      -0.000129309484,              0.02861643591,       575.5099802,       575.5099802,       197707.1167,       197707.1167,      -5904.867383,          0.063317747,         -0.0874114054,       94563.37717,        88658.50979,           288.1814148,            287.3285654,            99334.83539,             98372.28135
          0,           0,          16,      -5.153377677,      -2.664706228,      -3.332555964,      -3.361495933,      0.2963621663,    -0.02403343614,    -0.02403343614,       0.654057013,       563.1438069,       183247.8312,       183247.8312,       2.266673077,       578273.3112,      -39.92883534,       219.7902442,          3.46711255,     -0.0001443211465,              0.02952443447,       575.5664223,       575.5664223,       197719.9474,       197719.9474,       -5861.93547,        0.06332076911,        -0.08735420525,       94554.88333,        88692.94786,           288.1778603,             287.388562,            99327.32337,             98392.62399
          0,           0,          17,       -5.15910402,      -2.670701738,      -3.341444712,      -3.363561098,      0.2905530958,    -0.02396831061,    -0.02396831061,      0.6536892794,       563.2065504,       183274.7501,       183274.7501,       2.266762727,        578322.101,      -39.80358261,       219.6789646,         3.581929613,     -0.0001593287652,               0.0304139912,       575.6149837,       575.6149837,       197731.0057,       197731.0057,      -5816.936605,        0.06332036471,        -0.08728867531,       94545.84337,        88728.90676,           288.1734019,            287.4415818,            99318.76051,              98412.2452
          0,           0,          18,      -5.164527832,      -2.676467864,      -3.352942615,      -3.366115186,      0.2850399175,    -0.02389888171,    -0.02389888171,      0.6532808218,       563.2639856,       183302.2135,       183302.2135,       2.266879849,       578363.7722,      -39.67033271,       219.5525662,         3.694794531,     -0.0001749360499,              0.03128894397,       575.6564598,       575.6564598,       197740.6828,       197740.6828,      -5773.301303,        0.06331792211,        -0.08721680382,       94537.75739,        88764.45608,           288.1694183,            287.4870416,            99310.80308,             98429.87968
          0,           0,          19,      -5.169667456,      -2.682088135,      -3.364583867,      -3.368871568,      0.2798052683,    -0.02382834199,    -0.02382834199,      0.6528562691,       563.3160641,       183330.4371,       183330.4371,       2.267027196,       578399.3001,      -39.53475341,       219.4192504,         3.806299215,     -0.0001915359194,              0.03215364058,       575.6918215,       575.6918215,       197750.4136,       197750.4136,       -5731.88285,        0.06331465183,        -0.08714299381,       94531.15997,        88799.27712,           288.1662501,            287.5255714,            99304.14722,             98446.26642
          0,           0,          20,      -5.174541493,       -2.68751384,      -3.376472221,      -3.371794026,      0.2748446504,    -0.02376148571,    -0.02376148571,      0.6524447162,       563.3622918,       183359.1444,       183359.1444,       2.267203159,       578429.3878,      -39.40446392,       219.2886748,         3.916839309,     -0.0002083776297,              0.03301026063,       575.7217684,       575.7217684,       197761.3301,       197761.3301,      -5693.576868,        0.06331135187,        -0.08707283758,       94526.36065,        88832.78378,           288.1644808,            287.5572876,            99299.21735,             98462.11274
          0,           0,          21,      -5.179280092,      -2.692685661,      -3.388122852,      -3.374606599,      0.2700316879,    -0.02370115981,    -0.02370115981,      0.6520642523,        563.402653,       183387.9052,       183387.9052,       2.267402535,       578454.7716,      -39.28396216,       219.1669627,         4.026589491,     -0.0002249846722,              0.03385951632,       575.7470333,       575.7470333,       197773.8588,       197773.8588,      -5658.334909,        0.06330849415,        -0.08700965397,       94523.12003,        88864.78512,           288.1638635,            287.5831698,            99295.85372,             98478.00506
          0,           0,          22,       -5.18396144,      -2.697684312,      -3.399199259,      -3.377141942,      0.2652864105,    -0.02364835199,    -0.02364835199,       0.651724101,       563.4362723,       183415.5148,       183415.5148,       2.267613885,        578474.936,      -39.17565874,       219.0570443,         4.135615849,     -0.0002413222286,              0.03470164183,       575.7671033,       575.7671033,       197787.1406,       197787.1406,      -5626.798083,         0.0633061533,        -0.08695450529,       94521.15644,        88894.35836,           288.1640585,            287.6030448,             99293.7947,             98493.34586
          0,           0,          23,      -5.188524756,      -2.702480245,      -3.409761941,      -3.379078844,      0.2606949367,    -0.02360397691,    -0.02360397691,      0.6514304837,        563.463027,       183441.2909,       183441.2909,       2.267829297,       578490.0156,      -39.08134122,       218.9610229,         4.243888286,     -0.0002572095815,              0.03553613638,       575.7821123,       575.7821123,       197800.7438,       197800.7438,      -5599.056007,          0.063304308,        -0.08690828492,       94520.17347,        88921.11747,           288.1647784,            287.6173339,            99292.75046,             98507.99335
          0,           0,          24,      -5.193016073,      -2.707160523,      -3.419623103,      -3.380675771,      0.2561755175,    -0.02356862394,    -0.02356862394,      0.6511875935,       563.4828428,       183464.5226,       183464.5226,       2.268040316,       578500.1093,      -39.00226105,       218.8803363,         4.351355567,     -0.0002723879933,              0.03636229892,       575.7921587,       575.7921587,       197814.1053,       197814.1053,      -5575.168731,        0.06330286239,        -0.08687148633,       94519.84564,        88944.67691,           288.1657699,            287.6263888,            99292.39256,             98521.71278
          0,           0,          25,      -5.197343937,      -2.711633253,      -3.428710249,      -3.381782407,      0.2518334189,    -0.02354065985,    -0.02354065985,      0.6509902449,       563.4961528,       183484.4613,       183484.4613,       2.268235999,       578505.4412,      -38.93676382,       218.8133569,         4.458029604,     -0.0002871299672,              0.03718066087,       575.7974657,       575.7974657,       197826.1449,       197826.1449,      -5555.271459,        0.06330168948,        -0.08684234933,       94519.86636,         88964.5949,           288.1667729,            287.6306927,            99292.40571,             98533.73922
          0,           0,          26,       -5.20158543,      -2.715948385,      -3.437033088,      -3.382955405,      0.2475785598,    -0.02351939091,    -0.02351939091,      0.6508351059,       563.5037338,       183501.0335,       183501.0335,       2.268412425,       578506.6708,       -38.8839102,       218.7591594,         4.563903353,     -0.0003015526523,              0.03799124145,       575.7986895,       575.7986895,       197836.6202,       197836.6202,      -5539.017626,        0.06330069597,        -0.08682008688,       94520.02556,        88981.00794,           288.1676311,            287.6310584,            99292.57282,             98544.04739
          0,           0,          27,      -5.205692562,      -2.720165168,      -3.445187275,      -3.383943174,      0.2434676653,    -0.02350403298,    -0.02350403298,      0.6507183862,       563.5062477,       183514.2323,       183514.2323,       2.268566931,       578504.3194,      -38.84264305,       218.7166429,         4.669041515,     -0.0003156134419,              0.03879495221,       575.7963491,       575.7963491,       197845.3341,       197845.3341,      -5526.153158,        0.06329981408,        -0.08680384706,       94520.19271,        88994.03955,           288.1681978,            287.6281514,            99292.75664,             98552.57746
          0,           0,          28,      -5.209634161,      -2.724256986,      -3.452814087,      -3.385472617,      0.2395289518,    -0.02349340766,    -0.02349340766,      0.6506347197,       563.5044638,       183524.0958,       183524.0958,       2.268696958,       578498.9513,      -38.81140014,       218.6841923,         4.773401721,     -0.0003292983427,              0.03959165088,       575.7910062,       575.7910062,       197852.0559,       197852.0559,      -5516.547404,        0.06329899653,        -0.08679240419,       94520.32159,        89003.77418,           288.1684728,            287.6225334,            99292.90549,             98559.15039
          0,           0,          29,      -5.213418115,      -2.728278556,       -3.46037877,      -3.387341369,      0.2357408736,    -0.02348673638,    -0.02348673638,      0.6505792191,       563.4994093,       183531.0874,       183531.0874,       2.268804211,       578491.4167,      -38.78876664,       218.6604124,         4.877025825,     -0.0003425668305,              0.04038205767,       575.7835068,       575.7835068,        197857.047,        197857.047,      -5509.686604,        0.06329823544,        -0.08678497182,       94520.38699,        89010.70038,           288.1684512,            287.6150556,            99292.99386,             98564.05318
          0,           0,          30,      -5.217059292,      -2.732203514,      -3.467408292,      -3.389671227,      0.2321050261,    -0.02348291087,    -0.02348291087,      0.6505461637,       563.4919271,       183535.5522,       183535.5522,        2.26888964,       578482.3387,      -38.77297688,       218.6435812,         4.979833191,     -0.0003554082456,              0.04116574111,       575.7744713,       575.7744713,       197860.3937,       197860.3937,      -5505.255223,        0.06329754345,        -0.08678045432,       94520.40369,        89015.14847,           288.1681971,            287.6062742,             99293.0384,             98567.35532
          0,           0,          31,      -5.220505082,       -2.73607518,      -3.474318516,      -3.392626276,      0.2286744931,     -0.0234810307,     -0.0234810307,      0.6505307895,       563.4827976,       183537.8905,       183537.8905,       2.268955134,       578472.3165,      -38.76249077,       218.6322799,         5.081863126,     -0.0003678555778,              0.04194331206,       575.7644961,       575.7644961,       197862.2913,       197862.2913,      -5502.866222,        0.06329696724,        -0.08677799794,       94520.37834,        89017.51212,           288.1677267,            287.5967694,            99293.05251,             98569.23876
          0,           0,          32,      -5.223747562,      -2.739972107,      -3.480880467,      -3.395845985,      0.2254502771,    -0.02348075767,    -0.02348075767,      0.6505298601,       563.4727995,        183538.651,        183538.651,       2.269004429,       578462.0149,      -38.75637992,       218.6256053,         5.183044199,     -0.0003798821922,              0.04271422355,       575.7542427,       575.7542427,       197863.1791,       197863.1791,       -5502.02125,        0.06329651843,         -0.0867772761,       94520.33614,        89018.31489,           288.1671044,            287.5871383,            99293.06276,             98570.11634
          0,           0,          33,      -5.226724805,      -2.743935986,      -3.487281466,      -3.399708129,       0.222501305,    -0.02348183104,    -0.02348183104,      0.6505406146,       563.4625988,       183538.3499,       183538.3499,       2.269041305,       578452.0025,      -38.75384956,       218.6227839,         5.283457062,     -0.0003914717453,              0.04347928625,       575.7442771,       575.7442771,       197863.4846,       197863.4846,      -5502.253694,        0.06329621309,        -0.08677804413,       94520.30181,        89018.04812,           288.1663667,            287.5779104,             99293.0956,             98570.38897
          0,           0,          34,      -5.229427736,      -2.748051269,      -3.493111819,      -3.403621737,      0.2198278548,     -0.0234839819,     -0.0234839819,      0.6505602778,       563.4527588,       183537.4618,       183537.4618,       2.269069432,       578442.7416,      -38.75408701,       218.6230154,         5.383122156,     -0.0004026099189,              0.04423873399,       575.7350597,       575.7350597,       197863.5891,       197863.5891,      -5503.125962,        0.06329605911,        -0.08678004101,       94520.29389,        89017.16793,           288.1655523,            287.5695074,            99293.17042,             98570.41863
          0,           0,          35,       -5.23181484,      -2.752381504,      -3.498489678,      -3.407684517,      0.2174975756,    -0.02348690067,    -0.02348690067,      0.6505863444,       563.4436485,       183536.3076,       183536.3076,        2.26909134,       578434.5061,      -38.75634602,       218.6255413,         5.482058614,     -0.0004133305995,              0.04499282966,       575.7268627,       575.7268627,       197863.7189,       197863.7189,      -5504.342015,        0.06329605331,        -0.08678295398,       94520.32481,         89015.9828,           288.1646964,            287.5621663,            99293.29913,             98570.41975
          0,           0,          36,      -5.233794014,      -2.757045008,      -3.503142723,      -3.411440423,      0.2155961563,    -0.02349031446,    -0.02349031446,      0.6506168326,       563.4353802,       183535.0053,       183535.0053,       2.269108057,       578427.3278,      -38.76006941,       218.6297226,         5.580270808,     -0.0004236625997,              0.04574168497,        575.719718,        575.719718,       197863.9054,       197863.9054,      -5505.757472,        0.06329615803,         -0.0867864725,       94520.38139,        89014.62392,           288.1637981,            287.5559199,            99293.46347,             98570.44195
          0,           0,          37,      -5.235234625,      -2.762218334,       -3.50710143,      -3.414825827,      0.2142697524,    -0.02349401837,    -0.02349401837,      0.6506508319,       563.4278958,       183533.5359,       183533.5359,        2.26911957,       578421.1071,      -38.76493377,       218.6352423,         5.677696406,     -0.0004335974979,              0.04648481867,       575.7135264,       575.7135264,       197864.0806,       197864.0806,       -5507.40004,        0.06329637007,        -0.08679038843,       94520.46799,        89013.06795,           288.1628936,            287.5506327,            99293.66774,             98570.41283
          0,           0,          38,      -5.235986239,      -2.768100546,      -3.510106928,      -3.417834972,      0.2136664622,    -0.02349767758,    -0.02349767758,      0.6506861281,       563.4213305,        183532.068,        183532.068,       2.269127445,        578415.889,      -38.77025646,       218.6413881,         5.774330146,     -0.0004431839226,              0.04722235379,       575.7083327,       575.7083327,        197864.318,        197864.318,      -5509.095143,        0.06329667665,        -0.08679435423,       94520.58155,        89011.48641,           288.1619844,            287.5463482,            99293.90727,             98570.41076
          0,           0,          39,      -5.235959187,      -2.774882193,      -3.512300012,      -3.420323584,      0.2138836049,    -0.02350108108,    -0.02350108108,      0.6507215835,       563.4155821,       183530.5945,       183530.5945,       2.269132002,        578411.519,      -38.77566106,        218.647756,         5.870178709,     -0.0004524259073,              0.04795442331,       575.7039831,       575.7039831,       197864.5525,       197864.5525,      -5510.835813,        0.06329706101,        -0.08679814209,       94520.71514,        89009.87932,           288.1610774,            287.5429058,            99294.17318,             98570.37935
          0,           0,          40,      -5.235030829,      -2.782780309,      -3.513452504,       -3.42241023,        0.21504988,    -0.02350408693,    -0.02350408693,      0.6507562433,       563.4105903,       183529.1479,       183529.1479,       2.269133886,       578407.8943,      -38.78084702,       218.6540102,         5.965260697,     -0.0004613616866,              0.04868123621,       575.7003754,       575.7003754,        197864.772,        197864.772,      -5512.580009,        0.06329750606,        -0.08680159299,       94520.86395,        89008.28394,           288.1601791,            287.5401963,            99294.45855,             98570.31349
          0,           0,          41,      -5.233084888,      -2.792073349,      -3.513783957,      -3.423971152,      0.2172800174,     -0.0235066313,     -0.0235066313,      0.6507895786,       563.4062633,       183527.7434,       183527.7434,       2.269133652,       578404.8975,      -38.78563458,        218.659955,         6.059527094,     -0.0004699905696,              0.04940243518,       575.6973927,       575.6973927,       197864.9671,       197864.9671,      -5514.297925,        0.06329800019,        -0.08680463149,       94521.02068,        89006.72276,           288.1592916,            287.5381011,            99294.75479,             98570.21226
          0,           0,          42,      -5.230034669,      -2.803066037,       -3.51330104,      -3.425288557,      0.2206553149,    -0.02350857057,    -0.02350857057,      0.6508206907,       563.4025497,       183526.4098,       183526.4098,       2.269131863,        578402.437,      -38.78973219,       218.6652761,         6.153040885,     -0.0004783154877,              0.05011857451,       575.6949437,       575.6949437,       197865.1236,       197865.1236,      -5515.955377,        0.06329853173,         -0.0868071023,       94521.18258,        89005.22721,           288.1584214,            287.5365222,            99295.05767,             98570.06597
          0,           0,          43,      -5.225890972,       -2.81606909,       -3.51200862,      -3.426597645,      0.2251520309,    -0.02350982233,    -0.02350982233,      0.6508491532,       563.3993347,       183525.1212,       183525.1212,       2.269128653,        578400.376,      -38.79298742,        218.669804,         6.245872719,     -0.0004863277574,              0.05083022784,       575.6928923,       575.6928923,       197865.1918,       197865.1918,      -5517.568045,        0.06329909079,        -0.08680891312,       94521.34463,        89003.77659,           288.1575681,            287.5353242,            99295.36094,             98569.83087
          0,           0,          44,      -5.220741476,       -2.83136411,      -3.509978337,      -3.428047705,      0.2306735772,    -0.02351024846,    -0.02351024846,      0.6508739951,       563.3966287,       183523.9444,       183523.9444,       2.269124814,       578398.6834,      -38.79509414,       218.6732122,         6.338186343,     -0.0004940138686,              0.05153875222,       575.6912077,       575.6912077,       197865.1956,       197865.1956,      -5519.066957,          0.063299668,        -0.08680991646,        94521.5057,        89002.43874,           288.1567353,            287.5344724,             99295.6622,             98569.53338
          0,           0,          45,      -5.214721528,      -2.849267826,      -3.507515887,      -3.429717012,       0.237062783,    -0.02350970963,    -0.02350970963,      0.6508942521,       563.3944369,       183522.9428,       183522.9428,        2.26912111,        578397.323,      -38.79574511,       218.6751782,         6.430037996,      -0.000501348908,              0.05224468041,       575.6898536,       575.6898536,       197865.1552,       197865.1552,      -5520.396474,        0.06330025509,        -0.08680996472,       94521.66963,        89001.27315,           288.1559434,            287.5339102,            99295.96419,               98569.191
          0,           0,          46,      -5.208032501,      -2.870072826,      -3.505035155,      -3.431757611,      0.2441012816,    -0.02350806792,    -0.02350806792,      0.6509091242,       563.3926767,        183522.118,        183522.118,       2.269117894,       578396.1746,      -38.79467897,       218.6754204,         6.521370526,     -0.0005082976945,              0.05294765478,       575.6887106,       575.6887106,       197865.0317,       197865.0317,      -5521.541519,        0.06330084126,        -0.08680890919,       94521.82976,        89000.28824,           288.1551837,            287.5335269,            99296.25883,             98568.77291
          0,           0,          47,      -5.200915836,       -2.89406302,      -3.502594089,      -3.434433938,      0.2515289885,    -0.02350513971,    -0.02350513971,      0.6509177349,       563.3912667,       183521.4476,       183521.4476,       2.269115208,       578395.1158,      -38.79160212,       218.6736337,         6.612090849,       -0.00051480028,              0.05364705742,       575.6876568,       575.6876568,       197864.7549,       197864.7549,      -5522.528637,        0.06330141887,        -0.08680655858,       94521.98814,         88999.4595,           288.1544701,            287.5331866,            99296.54721,             98568.20773
          0,           0,          48,      -5.193690159,      -2.921400539,      -3.500499376,      -3.437767886,      0.2590158203,     -0.0235006973,     -0.0235006973,       0.650919412,       563.3900329,       183520.8171,       183520.8171,       2.269112316,       578393.9382,      -38.78625735,       218.6695549,         6.702171991,     -0.0005208559147,              0.05434278149,       575.6864846,       575.6864846,       197864.1637,       197864.1637,      -5523.463425,        0.06330198396,        -0.08680268127,       94522.14027,        88998.67685,           288.1537949,            287.5326897,             99296.8244,             98567.33932
          0,           0,          49,      -5.186695432,      -2.952102555,      -3.499008902,      -3.441687399,      0.2662062299,    -0.02349453807,    -0.02349453807,      0.6509138214,       563.3887698,       183520.0637,       183520.0637,       2.269108006,        578392.416,      -38.77849542,       218.6630188,         6.791619685,     -0.0005265424122,              0.05503494367,       575.6849696,       575.6849696,        197863.062,        197863.062,      -5524.515162,         0.0633025321,        -0.08679707017,       94522.28943,        88997.77427,           288.1531678,            287.5318018,            99297.09311,              98565.9689
          0,           0,          50,      -5.180256647,      -2.985890813,      -3.498672257,      -3.445668146,      0.2727678041,     -0.0234865064,     -0.0234865064,       0.650900949,       563.3872299,       183518.9861,       183518.9861,       2.269100751,       578390.2932,      -38.76825811,       218.6539632,         6.880459778,     -0.0005318814395,              0.05572378484,       575.6828567,       575.6828567,       197861.2269,       197861.2269,      -5525.874742,        0.06330306045,        -0.08678956684,       94522.43041,        88996.55567,           288.1525778,            287.5302789,            99297.34796,             98563.87895
          0,           0,          51,      -5.174677746,      -3.021980189,      -3.499352343,      -3.449916704,      0.2783974745,    -0.02347599593,    -0.02347599593,      0.6508776988,       563.3855856,        183517.698,        183517.698,       2.269091283,       578387.6139,      -38.75454671,       218.6413925,         6.968741063,     -0.0005368144233,              0.05641007787,         575.68019,         575.68019,       197858.6243,       197858.6243,      -5527.431826,        0.06330356696,        -0.08677956289,       94522.56491,        88995.13309,           288.1520336,            287.5281564,            99297.59057,              98561.0337
          0,           0,          52,      -5.170205552,        -3.0586381,      -3.502001696,      -3.453747769,      0.2828446408,    -0.02346256962,    -0.02346256962,       0.650842907,       563.3835968,       183515.9792,       183515.9792,       2.269077808,       578384.0792,      -38.73690921,       218.6248592,         7.056592506,      -0.000541296506,               0.0570950338,       575.6766719,       575.6766719,       197854.9497,       197854.9497,      -5529.406464,         0.0633040503,        -0.08676661992,       94522.69282,        88993.28636,           288.1515385,            287.5251333,            99297.82093,             98557.12874
          0,           0,          53,      -5.167119228,      -3.093065073,      -3.506275959,      -3.458356903,      0.2858315231,    -0.02344554171,    -0.02344554171,      0.6507936632,       563.3812372,       183513.7817,       183513.7817,       2.269059834,       578379.5358,      -38.71437226,       218.6033889,         7.143974229,     -0.0005452573807,              0.05777876882,       575.6721496,       575.6721496,       197849.9992,       197849.9992,      -5531.843413,        0.06330450721,        -0.08675004892,       94522.81254,        88990.96912,           288.1510882,            287.5210614,            99298.03719,             98551.96206
          0,           0,          54,      -5.165623519,      -3.120931617,      -3.512396044,      -3.461912922,      0.2871572794,    -0.02342417091,    -0.02342417091,      0.6507270024,       563.3784441,       183511.0093,       183511.0093,       2.269036409,       578373.7902,      -38.68593066,       218.5759814,         7.230847906,      -0.000548613376,              0.05846144316,        575.666431,        575.666431,       197843.5131,       197843.5131,      -5534.835548,        0.06330493579,         -0.0867291067,       94522.92244,        88988.08689,           288.1506794,            287.5157516,            99298.23773,              98545.2754
          0,           0,          55,      -5.165852091,      -3.137468999,      -3.520743659,      -3.463732997,      0.2867003355,    -0.02339746109,    -0.02339746109,      0.6506387391,       563.3752397,       183507.6011,       183507.6011,       2.269006684,       578366.6844,      -38.65018373,       218.5412487,          7.31718173,     -0.0005512341925,              0.05914344367,       575.6593585,       575.6593585,       197835.2072,       197835.2072,      -5538.442548,        0.06330533619,        -0.08670279728,       94523.02182,        88984.57927,           288.1503111,            287.5090473,            99298.42213,             98536.78509
          0,           0,          56,      -5.167893255,      -3.139243718,      -3.531545549,      -3.464423012,      0.2843825284,    -0.02336447213,    -0.02336447213,      0.6505249417,       563.3715808,       183503.4837,       183503.4837,       2.268969916,        578358.004,      -38.60580331,       218.4978696,         7.402957829,     -0.0005530294759,              0.05982527175,       575.6507187,       575.6507187,       197824.7982,       197824.7982,      -5542.733721,        0.06330570663,        -0.08667017876,        94523.1087,        88980.37498,           288.1499813,            287.5007374,            99298.58849,             98526.20972
          0,           0,          57,       -5.17180632,      -3.126266199,      -3.545011484,      -3.464055544,      0.2801480903,     -0.0233241543,     -0.0233241543,      0.6503813821,       563.3673637,        183498.534,        183498.534,       2.268924982,       578347.4598,      -38.55134748,        218.444409,         7.488149111,     -0.0005539111856,              0.06050742448,       575.6402238,       575.6402238,       197811.9328,       197811.9328,      -5547.832944,        0.06330604677,        -0.08663020107,       94523.18345,        88975.35051,           288.1496892,            287.4905346,            99298.73732,             98513.19549
          0,           0,          58,      -5.177552233,      -3.101865938,      -3.560645853,      -3.462844356,      0.2740456857,    -0.02327523946,    -0.02327523946,      0.6502028884,       563.3625324,       183492.6376,       183492.6376,       2.268870676,       578334.7719,      -38.48506081,       218.3791233,         7.572781091,     -0.0005538139156,              0.06119098024,       575.6275953,       575.6275953,         197796.22,         197796.22,      -5553.854181,        0.06330635825,        -0.08658159771,       94523.24588,         88969.3917,           288.1494333,            287.4781621,            99298.86894,             98497.35108
          0,           0,          59,      -5.185064896,      -3.070840158,      -3.578387287,      -3.461223451,      0.2661443884,    -0.02321646722,    -0.02321646722,      0.6499855303,       563.3567295,       183485.3909,       183485.3909,        2.26880339,        578319.408,      -38.40552817,       218.3005859,         7.657018651,     -0.0005530032113,              0.06187800482,       575.6123033,       575.6123033,       197777.0181,       197777.0181,      -5561.202069,        0.06330664247,        -0.08652310969,       94523.29649,        88962.09442,           288.1492128,            287.4630906,            99298.98426,             98478.03383
          0,           0,          60,       -5.19421985,      -3.037594732,      -3.597807189,       -3.45993132,      0.2565763832,     -0.0231459993,     -0.0231459993,      0.6497179408,       563.3509711,       183477.6329,       183477.6329,       2.268729531,       578301.9236,      -38.30917949,       218.2052688,         7.740662054,       -0.00055092842,              0.06256866399,       575.5949008,       575.5949008,       197754.6697,       197754.6697,      -5569.038467,        0.06330690131,        -0.08645290061,        94523.3357,        88954.29723,           288.1490264,            287.4458744,            99299.08417,             98455.58549
          0,           0,          61,      -5.204731432,      -3.005047479,       -3.61877864,       -3.45885667,      0.2456325304,    -0.02306231944,    -0.02306231944,      0.6493959311,       563.3445052,       183468.6798,       183468.6798,       2.268643571,       578281.3683,      -38.19442446,       218.0915822,         7.823755224,     -0.0005476697101,              0.06326425722,       575.5744417,       575.5744417,       197728.2107,       197728.2107,      -5578.046688,        0.06330713641,        -0.08636945586,       94523.36324,        88945.31656,           288.1488708,             287.425571,            99299.16883,             98429.04191
          0,           0,          62,      -5.216324254,       -2.97497209,      -3.640212079,      -3.459277285,      0.2335927434,     -0.0229638036,     -0.0229638036,      0.6490121606,       563.3374204,        183458.592,        183458.592,       2.268545909,       578257.5251,      -38.05881297,       217.9570768,         7.906295653,     -0.0005433295232,              0.06396614384,       575.5507101,       575.5507101,       197697.3428,       197697.3428,       -5588.16789,        0.06330735064,        -0.08627115423,       94523.37997,        88935.21208,            288.148744,             287.401966,             99299.2396,              98398.1032
          0,           0,          63,      -5.228622162,       -2.94820681,      -3.661583293,      -3.461440272,      0.2208407424,    -0.02284880638,    -0.02284880638,      0.6485594415,       563.3296919,       183447.3531,       183447.3531,       2.268436435,       578230.0688,      -37.89991903,       217.7993277,         7.988305689,     -0.0005380206748,              0.06467593268,       575.5233823,       575.5233823,       197661.6936,       197661.6936,      -5599.419119,        0.06330754703,        -0.08615635341,       94523.38612,          88923.967,           288.1486439,            287.3747384,            99299.29731,             98362.39627
          0,           0,          64,      -5.241298231,      -2.925054977,      -3.681474712,      -3.465869345,      0.2077107579,    -0.02271568615,    -0.02271568615,       0.648031147,       563.3211641,       183434.8035,       183434.8035,       2.268313777,       578198.5664,      -37.71547388,       217.6160632,         8.069815863,     -0.0005319169627,              0.06539529714,       575.4920274,       575.4920274,       197620.7662,       197620.7662,        -5611.9595,        0.06330772853,        -0.08602341468,       94523.38148,        88911.42198,           288.1485676,            287.3434598,            99299.34225,             98321.42399
          0,           0,          65,      -5.253952362,      -2.905499466,      -3.698705091,       -3.47279097,       0.194606144,    -0.02256244927,    -0.02256244927,      0.6474175294,       563.3122097,       183421.2392,       183421.2392,       2.268180146,        578163.002,      -37.50228148,       217.4040795,         8.150877357,     -0.0005252704473,              0.06612657481,       575.4566294,       575.4566294,       197574.4149,       197574.4149,      -5625.492518,        0.06330789827,        -0.08587034754,       94523.36585,        88897.87333,           288.1485125,             287.308117,            99299.37477,             98275.04012
          0,           0,          66,      -5.266280323,      -2.889309368,      -3.711576153,      -3.482373855,      0.1818245003,    -0.02238753792,    -0.02238753792,      0.6467124788,        563.302588,       183406.4602,       183406.4602,       2.268034002,       578122.8855,      -37.25822385,       217.1612516,         8.231530859,     -0.0005183527966,               0.0668716219,       575.4167007,       575.4167007,        197522.137,        197522.137,      -5640.217846,        0.06330805998,         -0.0856955979,         94523.339,        88883.12116,           288.1484767,             287.268224,            99299.39526,              98222.7417
          0,           0,          67,      -5.278037043,      -2.876180287,      -3.718485854,      -3.494144736,      0.1696050174,    -0.02218928299,    -0.02218928299,      0.6459083031,       563.2924419,       183390.5811,       183390.5811,       2.267876204,        578078.061,        -36.980742,       216.8850125,         8.311824056,     -0.0005114552664,              0.06763264386,       575.3720861,       575.3720861,       197463.7046,       197463.7046,      -5656.021204,         0.0633082181,        -0.08549750109,       94523.30113,        88867.27993,           288.1484574,            287.2236287,            99299.40457,             98164.30002
          0,           0,          68,      -5.289101479,      -2.865755105,      -3.718606174,      -3.508065398,       0.158057341,     -0.0219660731,     -0.0219660731,      0.6449973716,       563.2819906,       183373.7811,       183373.7811,       2.267708116,        578028.461,      -36.66731564,        216.572828,         8.391744976,     -0.0005049531031,               0.0684114656,       575.3227182,       575.3227182,       197398.9738,       197398.9738,      -5672.724329,        0.06330837695,        -0.08527445005,        94523.2527,        88850.52837,           288.1484519,            287.1742663,             99299.4038,             98099.57003
          0,           0,          69,      -5.299432894,      -2.857656029,      -3.711724106,        -3.5231212,       0.147207644,    -0.02171622511,    -0.02171622511,      0.6439706538,       563.2717058,       183356.5249,       183356.5249,       2.267533663,       577974.2255,       -36.3150135,       216.2217556,         8.471287556,     -0.0004991772438,              0.06921026906,       575.2687367,       575.2687367,       197328.0542,       197328.0542,      -5689.863283,         0.0633085406,        -0.08502476571,       94523.19408,         88833.3308,           288.1484584,            287.1202783,            99299.39393,             98028.66024
          0,           0,          70,      -5.309149237,      -2.851530245,      -3.698872433,      -3.538773961,      0.1369108069,    -0.02143928266,    -0.02143928266,      0.6428285806,       563.2607128,       183338.1367,       183338.1367,        2.26734788,       577914.5134,      -35.92376802,        215.831704,         8.550484307,     -0.0004946217686,              0.07003025867,        575.209304,        575.209304,       197250.2844,       197250.2844,      -5708.115535,        0.06330871235,        -0.08474799501,       94523.12611,        88815.01057,           288.1484762,            287.0608278,            99299.37624,             97950.90819
          0,           0,          71,      -5.318322103,      -2.847109243,      -3.681698122,      -3.554061706,      0.1270786423,    -0.02113346893,    -0.02113346893,      0.6415582195,       563.2506815,       183320.0873,       183320.0873,         2.2671625,       577850.5525,      -35.48961254,       215.3986944,         8.629323219,     -0.0004915875299,              0.07087430956,       575.1456425,       575.1456425,       197166.7078,       197166.7078,      -5726.010003,        0.06330889468,        -0.08444236361,       94523.04866,        88797.03866,           288.1485031,            286.9971395,            99299.35099,             97867.35685
          0,           0,          72,      -5.327244766,       -2.84407655,      -3.661870963,      -3.567518484,      0.1173785937,    -0.02079920428,    -0.02079920428,      0.6401651048,       563.2401716,       183301.3061,       183301.3061,       2.266969873,       577781.1456,      -35.01406499,       214.9242293,         8.707805732,     -0.0004904150102,              0.07174277644,       575.0765606,       575.0765606,       197076.5014,       197076.5014,      -5744.618063,        0.06330909005,        -0.08410829433,       94522.96206,          88778.344,            288.148537,            286.9280236,            99299.31885,             97777.18252
          0,           0,          73,      -5.336016691,      -2.842222686,      -3.640907569,      -3.577953723,      0.1077012638,    -0.02043602959,    -0.02043602959,      0.6386440237,       563.2301875,       183282.7076,       183282.7076,       2.266777432,       577707.1724,      -34.49559834,       214.4067777,         8.785876091,     -0.0004912749731,              0.07263715929,       575.0029336,       575.0029336,       196980.4978,       196980.4978,      -5763.025196,        0.06330930094,        -0.08374533054,        94522.8664,         88759.8412,           288.1485757,            286.8543579,            99299.28023,             97681.21753
          0,           0,          74,      -5.344902037,       -2.84137273,      -3.620014276,      -3.584281605,     0.09773723683,     -0.0200456985,     -0.0200456985,      0.6370069712,        563.219122,       183263.0366,       183263.0366,       2.266575883,       577627.5387,      -33.93787047,       213.8499931,         8.863491178,     -0.0004943592704,              0.07355641451,       574.9236727,       574.9236727,       196877.9987,       196877.9987,      -5782.487635,        0.06330953031,        -0.08335522881,       94522.76214,         88740.2745,           288.1486171,            286.7750556,            99299.23599,             97578.76273
          0,           0,          75,      -5.353813952,      -2.841523329,      -3.600227613,      -3.586192695,     0.08756307091,    -0.01962651214,    -0.01962651214,      0.6352350887,        563.210822,       183245.5935,       183245.5935,        2.26639116,       577545.4992,      -33.33540476,       213.2484217,         8.940543212,     -0.0004995089247,              0.07450385541,       574.8420172,       574.8420172,       196771.7967,       196771.7967,      -5799.708211,        0.06330978244,        -0.08293629458,       94522.65086,        88722.94265,           288.1486646,            286.6933526,            99299.18833,             97472.60839
          0,           0,          76,      -5.362969795,      -2.842495697,      -3.582245873,      -3.584049052,      0.0769100324,     -0.0191806654,     -0.0191806654,      0.6333442318,        563.202797,       183228.5201,       183228.5201,       2.266209952,       577459.2156,      -32.69294834,       212.6068272,         9.016946894,     -0.0005066558393,               0.0754775951,       574.7561375,       574.7561375,       196660.7277,       196660.7277,      -5816.543671,        0.06331006145,        -0.08249072685,       94522.53186,        88705.98819,           288.1487151,            286.6074224,            99299.13712,             97361.59057
          0,           0,          77,      -5.372236393,      -2.844304511,      -3.566268301,      -3.578971091,     0.06590807997,    -0.01871028037,    -0.01871028037,      0.6313424185,       563.1952583,       183212.1447,       183212.1447,        2.26603552,       577369.3058,      -32.01321305,       211.9279637,          9.09294555,     -0.0005152685976,              0.07647944238,       574.6666485,       574.6666485,       196545.6373,       196545.6373,      -5832.665887,        0.06331037082,        -0.08202065119,        94522.4053,        88689.73942,            288.148767,            286.5178815,            99299.08296,             97246.55433
          0,           0,          78,       -5.38155047,      -2.846923539,      -3.552537658,      -3.572136462,     0.05459869776,     -0.0182177016,     -0.0182177016,      0.6292401825,       563.1879691,       183196.3535,       183196.3535,       2.265867382,       577276.0265,      -31.29968899,       211.2153602,         9.168134664,     -0.0005249124315,              0.07750541684,       574.5738058,       574.5738058,       196427.0017,       196427.0017,       -5848.18992,        0.06331071466,        -0.08152841626,       94522.27172,         88674.0818,           288.1488221,            286.4249837,            99299.02697,             97127.97475
          0,           0,          79,      -5.390612521,      -2.850387517,      -3.541018659,      -3.564994124,     0.04330498331,    -0.01770436642,    -0.01770436642,      0.6270392144,       563.1823756,       183182.4751,       183182.4751,        2.26571639,       577181.0033,      -30.55324189,       210.4699379,         9.242521601,     -0.0005348992521,              0.07855632801,       574.4792275,       574.4792275,       196306.4428,       196306.4428,      -5861.785408,        0.06331109769,        -0.08101546412,       94522.13025,        88660.34484,           288.1488784,            286.3303492,            99298.96894,             97007.47384
          0,           0,          80,      -5.399398633,      -2.854665345,      -3.531422459,      -3.558281153,     0.03203916967,    -0.01717443427,    -0.01717443427,      0.6247636694,       563.1762924,       183168.7799,       183168.7799,       2.265569619,       577083.0278,       -29.7814869,       209.6993328,         9.315957574,      -0.000545119859,              0.07962765955,       574.3817106,       574.3817106,       196183.3052,       196183.3052,      -5875.179216,        0.06331152494,         -0.0804859592,       94521.97954,        88646.80033,           288.1489332,            286.2327773,            99298.90824,             96884.39693
          0,           0,          81,      -5.407549387,      -2.859814201,      -3.523498677,      -3.552913722,       0.021216907,    -0.01663005849,    -0.01663005849,      0.6224170195,        563.171689,        183156.969,        183156.969,       2.265440493,       576984.3148,      -28.98599529,       208.9052159,         9.388518671,     -0.0005541842283,              0.08072010457,       574.2834597,       574.2834597,       196059.6735,       196059.6735,      -5886.667814,        0.06331200223,        -0.07994206072,       94521.81841,        88635.15059,           288.1489858,            286.1344739,            99298.84451,             96760.82901
          0,           0,          82,      -5.415029813,      -2.865781738,      -3.516991841,      -3.549478956,     0.01090451602,    -0.01607509416,    -0.01607509416,      0.6200190881,       563.1676168,       183146.2964,       183146.2964,       2.265323467,       576884.7333,      -28.17318679,       208.0940084,         9.460141881,      -0.000562403602,              0.08183016835,       574.1843443,       574.1843443,       195935.7293,       195935.7293,      -5896.994258,        0.06331253692,        -0.07938763108,       94521.64531,        88624.65105,           288.1490351,            286.0353093,            99298.77731,             96636.95202
          0,           0,          83,      -5.421547946,       -2.87261444,      -3.511686937,       -3.54799792,    0.001477767778,    -0.01550944626,    -0.01550944626,      0.6175565553,       563.1684892,       183140.6105,       183140.6105,       2.265249086,       576788.3337,      -27.33951055,       207.2622643,          9.53059497,     -0.0005684492282,              0.08295895447,        574.088396,        574.088396,       195815.0894,       195815.0894,      -5902.305473,        0.06331313812,        -0.07882258438,         94521.458,        88619.15253,           288.1490798,            285.9393162,            99298.70576,              96516.3836
          0,           0,          84,      -5.427122602,      -2.880220946,      -3.507295749,      -3.548380295,   -0.007019553673,    -0.01493769554,    -0.01493769554,      0.6150543672,        563.172093,       183138.5206,       183138.5206,       2.265208773,       576693.8642,      -26.49280579,       206.4178442,         9.600056492,     -0.0005724896724,                0.084103828,       573.9943687,       573.9943687,       195697.4381,       195697.4381,      -5903.985945,        0.06331381725,        -0.07825151279,       94521.25327,        88617.26733,            288.149117,            285.8452517,            99298.62841,             96398.80965
          0,           0,          85,      -5.431585033,       -2.88854769,      -3.503620182,      -3.550234182,    -0.01434854164,    -0.01436524274,    -0.01436524274,      0.6125405584,        563.176694,       183138.7255,       183138.7255,       2.265193152,       576600.6553,      -25.64209033,        205.569837,         9.668212908,     -0.0005740113324,              0.08525669832,       573.9015961,       573.9015961,       195582.6654,       195582.6654,      -5903.329921,        0.06331458849,        -0.07767983122,       94521.02773,        88617.69781,           288.1491471,             285.752449,            99298.54409,             96284.12136
          0,           0,          86,      -5.435071389,      -2.897589906,      -3.500517669,      -3.553602342,    -0.02056774427,    -0.01379571063,    -0.01379571063,      0.6100294602,       563.1831477,       183141.9953,       183141.9953,       2.265208452,       576510.1564,      -24.79228325,       204.7231527,         9.735188509,        -0.0005740187,              0.08641557133,       573.8115208,       573.8115208,       195472.2673,       195472.2673,      -5899.556295,        0.06331546842,        -0.07711117905,       94520.77578,        88621.21949,           288.1491658,             285.662355,            99298.44982,             96173.81751
          0,           0,          87,      -5.437690114,       -2.90725614,      -3.497853492,      -3.558007007,    -0.02574009506,    -0.01322956931,    -0.01322956931,      0.6075146823,       563.1947691,       183151.1737,       183151.1737,       2.265277032,       576425.5305,      -23.94185982,       203.8763085,          9.80093125,     -0.0005728506596,              0.08758115359,       573.7272911,       573.7272911,        195369.031,        195369.031,      -5889.811698,        0.06331647703,        -0.07654604634,       94520.49272,        88630.68102,           288.1491731,             285.578118,            99298.34409,             96070.68691
          0,           0,          88,      -5.439400436,       -2.91732042,       -3.49551107,      -3.563030558,     -0.0297605545,    -0.01267357415,    -0.01267357415,      0.6050386283,       563.2068281,       183162.5331,       183162.5331,       2.265371114,       576343.5328,      -23.10399206,       203.0424649,          9.86546184,     -0.0005720180007,              0.08874433908,       573.6456772,       573.6456772,       195270.7986,       195270.7986,      -5877.811177,        0.06331763884,        -0.07599121299,       94520.17212,        88642.36095,           288.1491658,            285.4965113,            99298.22436,             95972.57428
          0,           0,          89,      -5.440294518,      -2.927857261,      -3.493456732,      -3.568089279,    -0.03267226323,    -0.01213081752,    -0.01213081752,       0.602612264,       563.2209743,       183177.3776,       183177.3776,       2.265500426,       576266.2547,      -22.28260286,       202.2255118,          9.92876259,     -0.0005737761286,              0.08990168842,       573.5687608,       573.5687608,       195179.4319,       195179.4319,      -5862.235052,        0.06331898342,        -0.07544980094,        94519.8063,        88657.57125,           288.1491417,            285.4196191,            99298.08769,             95881.34421
          0,           0,          90,      -5.440634729,      -2.938654436,      -3.491711624,       -3.57309974,      -0.034750486,     -0.0116062131,     -0.0116062131,      0.6002633829,       563.2354171,       183194.1371,       183194.1371,        2.26565248,        576192.865,      -21.48654363,       201.4342905,         9.991016943,     -0.0005802880197,              0.09104759553,       573.4957147,       573.4957147,       195094.4004,       195094.4004,       -5844.63676,        0.06332054511,        -0.07492675821,       94519.38694,        88674.75019,           288.1490987,            285.3466159,            99297.93127,             95796.46915
          0,           0,          91,      -5.440553124,      -2.949603134,      -3.490290469,      -3.577623191,    -0.03613711794,    -0.01110321438,    -0.01110321438,      0.5980087269,       563.2503027,       183212.7636,       183212.7636,       2.265826077,       576124.0894,      -20.72135379,       200.6743492,         10.05213042,     -0.0005938127507,              0.09217596232,        573.427261,        573.427261,         195016.31,         195016.31,      -5825.040979,        0.06332236527,        -0.07442557965,       94518.90227,        88693.86129,           288.1490262,            285.2782349,            99297.74996,             95718.56001
          0,           0,          92,      -5.440114617,      -2.960587604,       -3.48931888,      -3.581668107,    -0.03688100918,    -0.01062521954,    -0.01062521954,      0.5958664969,       563.2650726,       183232.6336,       183232.6336,       2.266015667,       576059.9634,      -19.99287381,        199.951571,         10.11232255,     -0.0006164902734,              0.09328292084,       573.3634351,       573.3634351,       194945.1873,       194945.1873,      -5804.055818,        0.06332449238,        -0.07394971192,       94518.34472,         88714.2889,            288.148934,            285.2145011,            99297.54403,             95647.64326
          0,           0,          93,      -5.439453011,      -2.971424845,      -3.488893853,      -3.584868615,    -0.03715438585,     -0.0101733906,     -0.0101733906,      0.5938401987,       563.2810378,       183254.7003,       183254.7003,       2.266227938,       576001.8919,       -19.3023859,       199.2673174,         10.17148162,     -0.0006502846952,              0.09436488503,       573.3056355,       573.3056355,        194882.113,        194882.113,      -5780.695709,        0.06332698239,        -0.07350037299,       94517.69802,        88737.00231,           288.1488126,            285.1568229,            99297.30631,             95584.80671
          0,           0,          94,      -5.438547203,      -2.981994639,      -3.489139272,      -3.586988974,    -0.03690845309,   -0.009750850578,   -0.009750850578,      0.5919504413,       563.2960258,       183277.0021,       183277.0021,       2.266447051,       575948.3181,      -18.65615297,       198.6280255,         10.23006697,     -0.0006959555092,              0.09541932576,       573.2523125,       573.2523125,       194825.7481,       194825.7481,      -5756.889674,        0.06332990056,        -0.07308075113,       94516.94591,        88760.05624,           288.1486563,            285.1036562,            99297.03113,             95528.71701
          0,           0,          95,      -5.437778294,      -2.992193063,      -3.490263296,      -3.588373476,    -0.03665504477,   -0.009357474145,   -0.009357474145,       0.590194214,       563.3117193,       183300.7446,       183300.7446,       2.266681362,       575900.7767,      -18.05325943,       198.0329799,         10.28815615,     -0.0007543841597,              0.09644584738,       573.2049936,       573.2049936,       194777.1512,       194777.1512,      -5731.396157,        0.06333332255,        -0.07269079669,       94516.07036,        88784.67421,           288.1484606,             285.056533,            99296.71278,             95480.43845
          0,           0,          96,      -5.436840929,      -3.001979346,      -3.492431278,      -3.589383496,    -0.03600531526,   -0.008994627281,   -0.008994627281,      0.5885823406,       563.3266169,       183324.5759,       183324.5759,       2.266919986,       575858.0365,      -17.49678104,       197.4855379,         10.34572206,     -0.0008255876001,              0.09743977008,       573.1624535,       573.1624535,       194735.2184,       194735.2184,      -5705.519767,        0.06333733596,        -0.07233196324,       94515.04783,        88809.52806,           288.1482086,            285.0142449,            99296.34188,             95438.87648
          0,           0,          97,      -5.435622579,      -3.011242204,      -3.495813874,      -3.590259384,    -0.03485297139,   -0.008663756495,   -0.008663756495,      0.5871275534,       563.3387682,       183346.4058,       183346.4058,       2.267144562,       575818.4603,      -16.99032053,       196.9897563,          10.4029712,     -0.0009070124132,              0.09839787842,       573.1230625,       573.1230625,       194698.1178,       194698.1178,      -5681.316655,         0.0633420402,         -0.0720057967,       94513.86122,        88832.54456,           288.1479109,            284.9751516,            99295.91752,              95402.2003
          0,           0,          98,      -5.434315879,      -3.020039426,       -3.50058295,      -3.591041424,    -0.03344680168,   -0.008364948254,   -0.008364948254,      0.5858284387,       563.3491826,       183366.8712,       183366.8712,       2.267359051,       575782.9362,      -16.53323337,       196.5455184,         10.46010889,     -0.0009956460289,              0.09932046577,       573.0877047,       573.0877047,       194666.3556,       194666.3556,      -5658.101659,        0.06334754834,        -0.07171249659,        94512.4864,        88854.38475,           288.1475804,            284.9401243,            99295.43419,             95370.92144
          0,           0,          99,       -5.43298502,      -3.028303452,      -3.506744644,      -3.592335411,    -0.03188645107,   -0.008096410024,   -0.008096410024,      0.5846765956,       563.3583782,       183386.0336,       183386.0336,        2.26756217,       575751.5986,      -16.12238284,       196.1503783,         10.51722407,      -0.001086646649,               0.1002089122,       573.0565138,       573.0565138,       194639.5301,       194639.5301,       -5635.73815,        0.06335399547,        -0.07145040549,       94510.88589,        88875.14774,           288.1472037,            284.9093101,            99294.87662,             95344.65351
          0,           0,         100,      -5.431610343,      -3.036079319,      -3.514309637,       -3.59435383,    -0.03016372654,   -0.007857070471,   -0.007857070471,      0.5836675511,       563.3663241,        183403.771,        183403.771,       2.267752531,       575724.1731,      -15.75574701,       195.8030704,          10.5744188,      -0.001175445565,               0.1010639154,       573.0292167,       573.0292167,       194617.2235,       194617.2235,      -5614.254815,        0.06336154086,        -0.07121861134,       94509.01292,        88894.75811,           288.1467675,            284.8824492,            99294.22441,             95322.99907
          0,           0,         101,      -5.430212776,      -3.043332274,      -3.523305589,      -3.597188743,    -0.02832321445,   -0.007644488989,   -0.007644488989,      0.5827891897,       563.3737718,       183420.6542,       183420.6542,       2.267934288,       575700.9269,      -15.42880271,       195.4998872,         10.63182266,      -0.001257818859,               0.1018888041,       573.0060793,       573.0060793,       194599.4569,       194599.4569,      -5592.998412,        0.06337037403,        -0.07101486302,       94506.82629,        88913.82788,           288.1462683,             284.859811,            99293.46723,             95305.98969
          0,           0,         102,      -5.428721113,      -3.050023358,      -3.533574397,      -3.600803047,    -0.02628883363,   -0.007458351528,   -0.007458351528,      0.5820460774,       563.3784656,       183434.7255,       183434.7255,        2.26809199,       575679.6424,      -15.14200896,       195.2421741,         10.68951276,      -0.001329298933,               0.1026820943,       572.9848944,       572.9848944,       194584.2422,       194584.2422,      -5573.831264,        0.06338070626,        -0.07083905778,       94504.27836,        88930.44709,           288.1456847,            284.8392097,            99292.59168,             95291.65047
          0,           0,         103,      -5.427182378,      -3.056211187,      -3.545035037,      -3.604882811,    -0.02415502086,    -0.00729634298,    -0.00729634298,      0.5814273411,       563.3809863,       183446.3076,       183446.3076,       2.268227372,       575660.4657,      -14.89114361,       195.0266558,         10.74754098,      -0.001385096719,               0.1034463471,       572.9658075,       572.9658075,       194571.4052,       194571.4052,      -5556.329312,           0.06339276,        -0.07068910298,       94501.31846,        88944.98915,           288.1450081,            284.8207993,             99291.5833,             95279.82194
          0,           0,         104,      -5.425744001,      -3.061838429,      -3.557231261,      -3.609677509,    -0.02210973221,   -0.007156959197,   -0.007156959197,      0.5809293221,       563.3804588,       183454.5317,       183454.5317,       2.268333098,       575642.3147,      -14.67407276,       194.8521913,         10.80581689,      -0.001420820519,               0.1041810208,       572.9477414,       572.9477414,       194559.8049,       194559.8049,      -5541.228718,        0.06340677547,        -0.07056373466,       94497.88023,        88956.65151,           288.1442112,            284.8035302,            99290.41527,             95269.38965
          0,           0,         105,      -5.424569404,      -3.066868578,       -3.57007747,      -3.614263057,    -0.02037689599,   -0.007037652921,   -0.007037652921,      0.5805414336,       563.3774258,       183459.7259,       183459.7259,       2.268411123,       575625.3347,      -14.48647377,       194.7154497,         10.86436836,      -0.001434223743,               0.1048888915,        572.930841,        572.930841,       194549.3185,       194549.3185,      -5528.089227,        0.06342302993,        -0.07046068285,       94493.90756,        88965.81833,            288.143302,             284.787539,            99289.07712,             95260.24139
          0,           0,         106,      -5.423875511,      -3.071228832,        -3.5831378,      -3.618924551,    -0.01924231202,   -0.006933579026,   -0.006933579026,      0.5802398886,       563.3741745,       183463.8101,       183463.8101,       2.268476331,       575611.0226,       -14.3198393,       194.6087837,         10.92308318,      -0.001426883068,               0.1055756468,       572.9165958,       572.9165958,       194541.0171,       194541.0171,      -5514.852545,        0.06344181977,         -0.0703753988,       94489.33131,        88974.47877,            288.142265,            284.7743309,            99287.54876,             95253.46833
          0,           0,         107,      -5.423645997,      -3.074852463,      -3.595792079,      -3.623785519,    -0.01868656293,   -0.006841682524,   -0.006841682524,      0.5800154423,       563.3702287,       183466.4943,       183466.4943,       2.268527012,       575598.5648,      -14.16997393,       194.5288667,         10.98197477,      -0.001401318947,               0.1062443995,       572.9041964,       572.9041964,       194534.2147,       194534.2147,      -5501.682563,        0.06346346543,        -0.07030514796,       94484.08845,        88982.40589,           288.1410914,             284.763105,            99285.81966,             95248.39506
          0,           0,         108,      -5.423836724,      -3.077744936,      -3.607649037,      -3.628175613,    -0.01865761773,   -0.006758687728,   -0.006758687728,      0.5798548959,       563.3662353,       183468.3976,       183468.3976,       2.268568334,       575588.1521,      -14.03154828,       194.4713367,         11.04092299,      -0.001358867297,               0.1068981241,       572.8938324,       572.8938324,       194529.0327,       194529.0327,      -5487.858461,        0.06348830282,        -0.07024699055,       94478.12804,        88990.26958,            288.139795,            284.7540373,            99283.89363,             95245.13911
          0,           0,         109,      -5.424462954,      -3.079944984,      -3.618216437,      -3.631988998,    -0.01918438147,   -0.006683423469,   -0.006683423469,      0.5797598242,       563.3607651,       183468.4359,       183468.4359,       2.268592489,        575578.374,      -13.90365299,       194.4363472,         11.09983924,      -0.001301895572,               0.1075359674,       572.8841001,       572.8841001,        194524.382,        194524.382,      -5474.282335,        0.06351670341,        -0.07020012688,       94471.35913,         88997.0768,           288.1383497,            284.7457503,            99281.74162,             95242.64036
          0,           0,         110,      -5.425581547,      -3.081557649,      -3.627144234,      -3.635203819,    -0.02034270694,   -0.006615666409,   -0.006615666409,      0.5797331681,       563.3534795,       183466.5349,       183466.5349,       2.268599931,       575568.9827,      -13.78593839,       194.4247528,          11.1586678,      -0.001232032503,               0.1081567811,       572.8747527,       572.8747527,       194520.3049,       194520.3049,      -5460.842822,        0.06354907366,        -0.07016474007,       94463.68888,        89002.84606,           288.1367268,            284.7380259,            99279.33851,             95240.96641
          0,           0,         111,      -5.427137632,      -3.082624258,      -3.634297803,      -3.637820565,    -0.02206721596,   -0.006554239443,   -0.006554239443,      0.5797741718,        563.344465,       183462.7759,       183462.7759,        2.26859137,       575560.0461,      -13.67680007,       194.4361415,         11.21734307,      -0.001152839487,               0.1087606038,        572.865858,        572.865858,       194516.8718,       194516.8718,      -5447.241565,         0.0635858434,        -0.07014008284,       94455.00872,        89007.76715,           288.1348812,            284.7309768,            99276.64811,             95240.22364
          0,           0,         112,      -5.428991447,      -3.083173839,      -3.639433529,      -3.640105535,    -0.02418244781,   -0.006496528994,   -0.006496528994,      0.5798784285,       563.3334942,       183456.6032,       183456.6032,       2.268560822,        575551.194,      -13.57330395,        194.468711,         11.27586776,      -0.001069800136,               0.1093496979,       572.8570473,       572.8570473,       194513.3377,       194513.3377,      -5433.820145,        0.06362744965,        -0.07012397864,       94445.21166,        89011.39151,           288.1327964,             284.724251,            99273.63791,              95239.6998
          0,           0,         113,      -5.431124074,      -3.083357576,      -3.642628742,       -3.64202328,    -0.02665995845,   -0.006441046037,   -0.006441046037,      0.5800447084,        563.320801,       183448.1287,       183448.1287,       2.268508769,       575542.6338,      -13.47346091,       194.5218923,         11.33418869,     -0.0009867908914,               0.1099245958,       572.8485272,       572.8485272,       194509.7902,       194509.7902,      -5420.324318,         0.0636744053,        -0.07011545134,       94434.22653,        89013.90221,           288.1305456,            284.7179815,            99270.32324,             95239.46701
          0,           0,         114,      -5.433437735,      -3.083342164,      -3.644137419,      -3.643671826,    -0.02938125202,    -0.00638586137,    -0.00638586137,      0.5802705139,       563.3066293,       183437.5614,       183437.5614,       2.268436872,       575534.5398,      -13.37461373,       194.5946925,         11.39224486,     -0.0009076981036,               0.1104863168,        572.840471,        572.840471,       194506.3689,       194506.3689,      -5406.400543,        0.06372733412,        -0.07011319549,       94421.98097,        89015.58042,           288.1280956,            284.7123754,            99266.73398,             95239.63492
          0,           0,         115,      -5.435893491,      -3.083140691,      -3.644147435,      -3.645326084,    -0.03228929756,   -0.006329196631,   -0.006329196631,      0.5805521161,       563.2910443,       183424.8531,       183424.8531,       2.268344315,       575526.8627,      -13.27429787,        194.685693,         11.44998422,      -0.000835906937,               0.1110361584,       572.8328299,       572.8328299,       194502.8912,       194502.8912,      -5391.774898,        0.06378656894,        -0.07011576557,       94408.31398,        89016.53908,           288.1253873,            284.7074425,            99262.77259,             95240.11863
          0,           0,         116,      -5.438417562,      -3.082789107,      -3.643086998,      -3.646684833,    -0.03528391891,    -0.00626956588,    -0.00626956588,      0.5808891428,       563.2739608,       183409.9467,       183409.9467,       2.268230743,       575519.5059,       -13.1704571,       194.7946358,         11.50760793,     -0.0007733393783,               0.1115770329,       572.8255075,       572.8255075,       194499.2888,       194499.2888,      -5376.347055,        0.06385273053,        -0.07012229641,       94393.14687,        89016.79981,           288.1224139,            284.7030936,            99258.46502,             95240.82377
          0,           0,         117,      -5.440974662,      -3.082359542,      -3.641274021,      -3.648104075,    -0.03832263327,   -0.006205614754,   -0.006205614754,       0.581281026,       563.2555273,       183392.9747,       183392.9747,       2.268097224,       575512.6031,      -13.06106528,       194.9213073,         11.56490221,     -0.0007211944497,               0.1121078242,       572.8186371,       572.8186371,        194495.683,        194495.683,      -5359.881859,        0.06392644078,        -0.07013205553,       94376.42826,         89016.5464,           288.1192182,            284.6994189,            99253.86441,             95241.81859
          0,           0,         118,      -5.443574411,      -3.081811294,      -3.639038717,      -3.649425214,    -0.04140837617,   -0.006136051358,   -0.006136051358,      0.5817271109,       563.2359094,       183374.1351,       183374.1351,       2.267945584,       575506.2991,      -12.94402287,       195.0655001,         11.62179694,     -0.0006798986253,               0.1126288457,       572.8123625,       572.8123625,       194492.2581,       194492.2581,      -5342.048285,        0.06400833104,         -0.0701443824,       94358.09169,         89016.0434,           288.1158097,            284.6965528,            99249.01179,             95243.24628
          0,           0,         119,      -5.446261925,      -3.081089257,      -3.636700022,      -3.650514606,    -0.04458923942,   -0.006059839663,   -0.006059839663,      0.5822266915,       563.2151862,       183353.5125,       183353.5125,       2.267776584,       575500.6475,      -12.81752463,       195.2269947,         11.67830113,     -0.0006493531994,               0.1131410663,       572.8067374,       572.8067374,       194489.0746,       194489.0746,      -5322.525246,        0.06409887669,        -0.07015871635,       94338.01887,        89015.49363,             288.11218,            284.6945573,            99243.87692,             95245.19767
          0,           0,         120,      -5.448988835,      -3.080194681,      -3.634366426,      -3.651689722,    -0.04780735877,   -0.005976214915,   -0.005976214915,      0.5827816857,        563.192864,         183330.64,         183330.64,       2.267586385,       575495.2098,      -12.68057981,       195.4063541,         11.73444927,     -0.0006293241546,               0.1136448853,       572.8013252,       572.8013252,       194485.7113,       194485.7113,      -5301.537878,        0.06419853674,        -0.07017475166,       94316.08892,        89014.55104,           288.1083145,            284.6930107,             99238.4258,             95247.28552
          0,           0,         121,      -5.451824642,      -3.079089577,      -3.632213646,      -3.652573319,    -0.05114974889,   -0.005883936845,   -0.005883936845,      0.5833885867,       563.1694678,       183306.0932,       183306.0932,       2.267380125,       575490.3867,      -12.53053579,       195.6025824,         11.79015324,     -0.0006183901809,               0.1141411938,       572.7965247,       572.7965247,       194482.6312,       194482.6312,      -5278.199684,        0.06430779733,        -0.07019173417,       94292.14643,        89013.94675,           288.1040417,            284.6924829,            99232.59435,             95250.03682
          0,           0,         122,       -5.45477982,      -3.077679349,      -3.630489356,      -3.653087271,    -0.05462108337,   -0.005781652896,   -0.005781652896,      0.5840509723,       563.1446216,       183279.5267,       183279.5267,       2.267154941,        575485.907,      -12.36574666,       195.8168683,         11.84548339,     -0.0006153840068,               0.1146307391,       572.7920659,       572.7920659,       194479.5939,       194479.5939,      -5253.106403,        0.06442766781,        -0.07020932071,       94266.31656,        89013.21016,           288.0996605,            284.6924054,             99226.6725,              95252.9214
          0,           0,         123,      -5.457921023,      -3.075911506,      -3.629127604,      -3.653635525,    -0.05830276033,   -0.005669661682,   -0.005669661682,      0.5847664547,       563.1181473,       183250.7139,       183250.7139,       2.266908816,       575481.5125,      -12.18597242,       196.0484225,         11.90034208,     -0.0006194497877,               0.1151130071,        572.787692,        572.787692,        194476.273,        194476.273,      -5225.645639,        0.06455768806,        -0.07022734974,       94238.17978,        89012.53414,           288.0948267,            284.6928653,            99220.20394,             95256.06907
          0,           0,         124,      -5.461227388,      -3.073808656,      -3.627983742,      -3.654419987,    -0.06217894551,    -0.00554622875,    -0.00554622875,      0.5855385279,       563.0902117,        183219.971,        183219.971,       2.266644962,       575477.4785,      -11.98874339,       196.2985273,         11.95477779,     -0.0006292423086,               0.1155890003,       572.7836768,       572.7836768,       194473.1282,       194473.1282,      -5196.028119,        0.06469929042,        -0.07024551917,       94207.99956,        89011.97144,           288.0898547,            284.6938221,            99213.67751,             95259.45066
          0,           0,         125,       -5.46476474,      -3.071327804,      -3.627225845,      -3.655151268,    -0.06632321559,   -0.005411918077,   -0.005411918077,      0.5863650801,       563.0602284,       183186.6726,       183186.6726,       2.266358036,       575473.1443,      -11.77442199,       196.5664075,          12.0087988,     -0.0006439997027,               0.1160590698,        572.779363,        572.779363,        194469.424,        194469.424,      -5163.907463,        0.06485177721,        -0.07026369529,       94175.29004,        89011.38258,           288.0843007,            284.6950623,            99206.53872,             95262.88532
          0,           0,         126,      -5.468509651,      -3.068514216,      -3.626842853,      -3.655965821,    -0.07071158648,   -0.005264906308,   -0.005264906308,      0.5872512803,       563.0283927,       183151.1927,       183151.1927,       2.266051803,       575468.8742,      -11.54062034,       196.8538945,         12.06238314,     -0.0006625783846,               0.1165231406,       572.7751129,       572.7751129,       194465.7505,       194465.7505,      -5129.733102,        0.06501682097,        -0.07028172728,       94140.46291,         89010.7298,           288.0786401,            284.6964728,            99199.46022,             95266.29028
          0,           0,         127,      -5.472597827,      -3.065272864,      -3.626879014,      -3.656641046,    -0.07550118166,   -0.005106028587,   -0.005106028587,      0.5881920442,        562.994563,       183113.1001,       183113.1001,       2.265721563,       575464.3682,      -11.28781133,       197.1592701,         12.11555436,     -0.0006845497585,               0.1169822301,       572.7706279,       572.7706279,       194461.4691,       194461.4691,      -5092.857543,        0.06519328067,        -0.07029930926,       94102.97882,        89010.12128,           288.0725526,            284.6980753,            99191.77348,             95269.69561
          0,           0,         128,      -5.476914732,      -3.061678367,      -3.627276678,      -3.657278245,    -0.08055990056,   -0.004933660552,   -0.004933660552,      0.5891956946,       562.9582043,        183072.396,        183072.396,       2.265369371,       575459.3568,      -11.01429549,       197.4852882,         12.16826217,     -0.0007089622691,               0.1174351468,         572.76564,         572.76564,        194456.904,        194456.904,      -5054.081608,        0.06538297967,        -0.07031664022,        94063.2388,        89009.15719,           288.0662136,            284.6994263,            99184.16371,             95272.74024
          0,           0,         129,      -5.481544876,      -3.057753205,      -3.627961162,      -3.658580632,     -0.0860001242,   -0.004748308284,   -0.004748308284,      0.5902551048,       562.9195663,       183029.0678,       183029.0678,       2.264994182,       575453.8736,      -10.71994557,       197.8296085,         12.22055998,     -0.0007355078797,               0.1178838864,       572.7601825,       572.7601825,        194451.784,        194451.784,      -5012.482714,         0.0655848375,        -0.07033314579,       94020.77527,        89008.29255,            288.059255,            284.7009275,            99176.03979,             95275.74421
          0,           0,         130,      -5.486468995,      -3.053531744,      -3.628981365,      -3.659827582,    -0.09177729628,   -0.004548259008,   -0.004548259008,      0.5913744017,       562.8789091,       182983.6072,       182983.6072,       2.264600962,       575448.3251,      -10.40257532,       198.1937052,         12.27239892,     -0.0007634237276,               0.1183282897,       572.7546599,       572.7546599,       194446.7961,       194446.7961,      -4968.499839,        0.06580037502,        -0.07034863403,       93976.05354,         89007.5537,           288.0521232,            284.7025367,            99168.11088,             95278.68524
          0,           0,         131,      -5.491745546,      -3.049014806,      -3.630241576,      -3.661281654,    -0.09798033598,   -0.004334869158,   -0.004334869158,      0.5925523118,       562.8353344,       182935.1671,       182935.1671,        2.26418284,       575441.7788,      -10.06398374,       198.5769819,         12.32381775,     -0.0007926237659,               0.1187682829,       572.7481443,       572.7481443,       194441.0196,       194441.0196,      -4921.995546,        0.06602848057,        -0.07036334973,       93928.58134,         89006.5858,           288.0442531,            284.7038913,            99159.75578,             95281.26383
          0,           0,         132,      -5.497316799,      -3.044263532,      -3.631740781,      -3.662755122,     -0.1045262759,    -0.00410646224,    -0.00410646224,      0.5937907052,       562.7894411,       182884.5701,       182884.5701,       2.263747573,       575434.9172,      -9.701840674,       198.9802065,         12.37475119,      -0.000822441898,               0.1192040107,       572.7413148,       572.7413148,       194435.4118,       194435.4118,      -4873.032402,        0.06627049981,        -0.07037696205,       93878.80123,        89005.76883,           288.0359687,            284.7053461,            99151.63413,             95283.77768
          0,           0,         133,      -5.503243628,      -3.039333153,      -3.633441538,      -3.664487547,     -0.1115224281,   -0.003864294667,   -0.003864294667,      0.5950897482,       562.7399304,       182831.0042,       182831.0042,       2.263290337,       575426.4497,       -9.31804233,        199.403199,         12.42530714,     -0.0008527303156,               0.1196358222,        572.732887,        572.732887,       194429.1485,       194429.1485,      -4821.573324,        0.06652557082,        -0.07038986549,       93826.28878,        89004.71545,           288.0263691,            284.7065179,            99143.22219,             95285.92629
          0,           0,         134,       -5.50949568,      -3.034246638,      -3.635311937,      -3.666029562,     -0.1188580722,   -0.003607465808,   -0.003607465808,      0.5964488938,       562.6885473,       182775.4626,       182775.4626,       2.262816316,        575418.156,       -8.91121194,       199.8460858,         12.47555197,     -0.0008829714562,               0.1200651356,        572.724632,        572.724632,       194423.2806,       194423.2806,      -4767.893746,        0.06679434969,         -0.0704018155,       93771.67819,        89003.78444,            288.016872,              284.70776,            99135.27487,             95288.00573
          0,           0,         135,      -5.516084205,      -3.029042085,      -3.637203554,      -3.667913982,     -0.1266041054,   -0.003336667497,   -0.003336667497,      0.5978664993,       562.6342523,       182717.5134,       182717.5134,       2.262324407,       575408.9475,      -8.482157392,        200.308123,         12.52537303,     -0.0009131989748,               0.1204908605,       572.7154667,       572.7154667,       194417.3171,       194417.3171,      -4711.530069,        0.06707618525,        -0.07041285274,       93714.52171,        89002.99165,           288.0064037,             284.709063,            99127.28001,             95290.03711
          0,           0,         136,      -5.523003888,      -3.023732177,      -3.639061756,      -3.669477609,     -0.1347278839,   -0.003051800711,   -0.003051800711,       0.599342003,       562.5770924,       182657.3927,       182657.3927,       2.261817326,       575398.8772,      -8.030850202,       200.7891525,         12.57473269,     -0.0009427542234,                0.120912828,       572.7054435,       572.7054435,       194411.5122,       194411.5122,      -4652.554829,        0.06737114965,        -0.07042295036,       93654.97375,        89002.41892,           287.9949586,            284.7104849,            99119.41895,             95292.09327
          0,           0,         137,       -5.53016476,      -3.018438866,      -3.640787721,      -3.671182924,     -0.1430822023,   -0.002752478102,   -0.002752478102,      0.6008774909,       562.5179437,         182595.64,         182595.64,       2.261298097,       575388.9342,      -7.557084456,       201.2900317,         12.62390884,     -0.0009711113081,               0.1213336497,        572.695547,        572.695547,       194406.5465,       194406.5465,      -4591.642558,        0.06767981387,        -0.07043229197,       93593.64127,        89001.99871,           287.9836009,            284.7119461,            99112.40402,             95294.14246
          0,           0,         138,      -5.537769862,      -3.013191367,      -3.642271303,      -3.672713299,     -0.1519411973,   -0.002440491399,   -0.002440491399,      0.6024685764,       562.4565283,       182531.6195,       182531.6195,       2.260760002,       575378.7223,      -7.062926492,       201.8092169,         12.67269049,     -0.0009984122851,                 0.12175105,        572.685383,        572.685383,       194401.6089,       194401.6089,      -4528.292469,        0.06800052495,        -0.07044101635,       93529.95597,         89001.6635,           287.9719901,            284.7133929,            99105.46188,             95296.14703
          0,           0,         139,      -5.545504979,      -3.008028401,      -3.643554884,      -3.674092773,     -0.1609690489,   -0.002114039907,   -0.002114039907,      0.6041209218,       562.3924533,       182466.0087,       182466.0087,       2.260212952,       575368.0519,      -6.546593711,       202.3485649,         12.72130362,      -0.001023973547,               0.1221672916,       572.6747625,       572.6747625,       194397.6686,       194397.6686,      -4463.068922,        0.06833512077,        -0.07044916067,        93464.5388,        89001.46988,           287.9598685,             284.714894,            99099.49936,             95298.16924
          0,           0,         140,      -5.553678439,      -3.002977426,       -3.64436404,      -3.675207195,      -0.170445974,   -0.001776254199,   -0.001776254199,      0.6058242618,        562.325203,       182397.9007,       182397.9007,       2.259647834,        575356.084,      -6.011888589,        202.904527,         12.76972578,      -0.001047306185,                  0.1225823,       572.6628506,       572.6628506,       194393.3878,       194393.3878,      -4395.148589,        0.06868052072,        -0.07045677492,       93396.52466,        89001.37607,           287.9464336,             284.716417,             99093.2081,             95300.17975
          0,           0,         141,      -5.561945304,      -2.998080507,      -3.644583122,      -3.676246211,     -0.1799313662,   -0.001425107248,   -0.001425107248,      0.6075843148,       562.2564262,       182328.6199,       182328.6199,       2.259074267,        575344.725,      -5.456664343,       203.4792968,           12.817875,      -0.001068925261,                0.122995128,       572.6515447,       572.6515447,        194390.435,        194390.435,      -4325.867146,        0.06903876743,        -0.07046387468,       93327.24353,        89001.37639,           287.9335814,            284.7179633,            99088.25801,               95302.177
          0,           0,         142,      -5.570516906,      -2.993381097,      -3.644147768,      -3.676895862,      -0.189705339,   -0.001062444004,   -0.001062444004,      0.6093951146,       562.1868503,       182257.8995,       182257.8995,       2.258485975,       575334.5454,      -4.883139586,       204.0710236,         12.86566228,      -0.001087863807,               0.1234048949,       572.6414129,       572.6414129,       194388.3161,       194388.3161,      -4255.028763,         0.0694081026,         -0.0704705466,       93256.46414,        89001.43538,           287.9219134,            284.7194994,            99084.17317,             95304.14288
          0,           0,         143,      -5.579289054,      -2.988937608,      -3.643017439,      -3.677404251,     -0.1996210578,  -0.0006891004599,  -0.0006891004599,      0.6112539095,       562.1154843,       182185.3972,       182185.3972,       2.257882731,       575324.4655,      -4.292531177,       204.6786194,         12.91343016,      -0.001103610283,                0.123815105,       572.6313801,       572.6313801,       194386.5838,       194386.5838,      -4182.311752,        0.06978771446,        -0.07047681492,       93183.85449,        89001.54274,           287.9103653,            284.7210148,            99080.51039,             95306.07341
          0,           0,         144,      -5.588180459,      -2.984773535,      -3.641277123,      -3.677321595,     -0.2095862613,  -0.0003063139988,  -0.0003063139988,      0.6131565407,       562.0416153,       182110.8214,       182110.8214,         2.2572638,       575313.6386,      -3.686663489,       205.3005822,         12.96089527,      -0.001115342949,               0.1242228945,       572.6206039,       572.6206039,       194384.7841,       194384.7841,      -4107.510872,        0.07017643561,        -0.07048274961,       93109.16615,        89001.65528,             287.89814,            284.7224639,            99076.84264,             95307.94148
          0,           0,         145,      -5.596942981,      -2.980901595,      -3.638977442,      -3.677094388,     -0.2192013546,   8.723432445e-05,   8.723432445e-05,      0.6151073483,       561.9654588,       182034.9098,       182034.9098,       2.256637396,       575302.4664,      -3.064208637,       205.9383381,         13.00836987,      -0.001124514046,               0.1246312339,        572.609484,        572.609484,       194383.9178,       194383.9178,      -4031.376242,        0.07057563673,         -0.0704884024,       93033.14304,         89001.7668,            287.885648,            284.7238359,            99074.16579,             95309.75206
          0,           0,         146,      -5.605794768,      -2.977310361,      -3.636265413,      -3.676607564,     -0.2286865165,   0.0004892088459,   0.0004892088459,      0.6170961872,       561.8879854,       181957.6844,       181957.6844,       2.255999798,       575291.6083,      -2.428414844,       206.5887467,          13.0554159,      -0.001128630468,               0.1250360246,       572.5986767,       572.5986767,       194383.6051,       194383.6051,      -3953.928264,        0.07098296974,        -0.07049376089,       92955.80633,        89001.87807,           287.8735422,            284.7251345,            99072.09993,             95311.50519
          0,           0,         147,      -5.614515803,      -2.973973906,      -3.633126695,      -3.675965447,     -0.2377679059,   0.0008974896827,   0.0008974896827,      0.6191156692,       561.8105362,        181879.091,        181879.091,       2.255344933,       575282.2097,      -1.781733045,         207.24954,         13.10272174,      -0.001128434938,               0.1254440512,       572.5893221,       572.5893221,       194383.5135,       194383.5135,      -3875.169704,        0.07139637051,        -0.07049888083,       92877.13035,        89001.96065,           287.8629851,            284.7263369,            99070.32859,             95313.18495
          0,           0,         148,      -5.622878094,      -2.971219163,      -3.629789457,      -3.674846261,     -0.2461850755,    0.001313386387,    0.001313386387,      0.6211698403,       561.7313743,       181799.2362,       181799.2362,       2.254681087,       575272.6477,      -1.123047738,        207.921782,         13.14954984,      -0.001123143411,                0.125848117,       572.5798049,       572.5798049,       194383.9387,       194383.9387,      -3795.165281,         0.0718171211,        -0.07050373471,       92797.20072,        89002.03544,           287.8523311,            284.7274738,            99069.13084,             95314.80782
          0,           0,         149,      -5.630690142,      -2.968751813,      -3.626332383,      -3.673814368,     -0.2537428648,    0.001736249759,    0.001736249759,      0.6232565253,       561.6497856,        181718.066,        181718.066,       2.254010491,       575262.1445,     -0.4533110482,       208.6044946,         13.19656649,      -0.001114838989,               0.1262547162,       572.5693508,       572.5693508,       194384.7683,       194384.7683,      -3713.894212,        0.07224458798,        -0.07050833822,       92715.98011,         89002.0859,           287.8408189,            284.7285319,            99068.40659,             95316.36172
          0,           0,         150,      -5.637835584,      -2.966608736,       -3.62293765,      -3.672645339,     -0.2599431711,    0.002164784517,    0.002164784517,      0.6253679714,       561.5675324,       181636.2952,       181636.2952,        2.25333481,       575252.2409,      0.2252769009,       209.2955081,         13.24315257,       -0.00110123629,               0.1266580548,       572.5594936,       572.5594936,       194386.4465,       194386.4465,      -3632.033383,        0.07267745056,        -0.07051266604,       92634.16428,         89002.1309,           287.8299619,            284.7295317,            99068.58523,             95317.86128
          0,           0,         151,      -5.644573714,      -2.964890976,      -3.619733145,      -3.671333997,     -0.2653049573,    0.002595907053,    0.002595907053,      0.6274930793,       561.4862479,       181553.7399,       181553.7399,       2.252645152,       575244.2364,      0.9091724024,       209.9913343,         13.28974822,      -0.001083471406,               0.1270624852,       572.5515266,       572.5515266,       194388.3282,       194388.3282,      -3549.451658,        0.07311264672,        -0.07051673967,        92551.5958,        89002.14415,           287.8210743,            284.7304523,            99069.04222,             95319.28601
          0,           0,         152,      -5.650225229,       -2.96373634,      -3.616855133,      -3.670069929,     -0.2690598215,    0.003031397439,    0.003031397439,       0.629637231,       561.4049824,       181470.8222,       181470.8222,       2.251950542,        575237.354,       1.600025592,       210.6936632,         13.33599983,      -0.001060315542,               0.1274645818,       572.5446764,       572.5446764,       194391.0955,       194391.0955,      -3466.535936,        0.07355195138,        -0.07052055394,       92468.67906,        89002.14312,           287.8133594,             284.731317,            99070.44256,             95320.65298
          0,           0,         153,      -5.655184069,      -2.963090786,      -3.614436541,       -3.66886475,     -0.2717422579,    0.003469313961,    0.003469313961,      0.6317951612,       561.3215849,       181386.6926,       181386.6926,       2.251249209,       575229.2279,        2.29554752,        211.400122,         13.38248073,       -0.00103541728,               0.1278698077,       572.5365883,       572.5365883,        194393.649,        194393.649,      -3382.455008,        0.07399345331,        -0.07052413935,       92384.57382,        89002.11881,           287.8044671,            284.7321212,            99071.68956,             95321.95944
          0,           0,         154,      -5.658664358,      -2.962832138,      -3.612523556,      -3.668163941,     -0.2722062126,    0.003909762089,    0.003909762089,      0.6339626997,       561.2382396,       181302.6581,       181302.6581,       2.250548449,       575221.9385,       2.995009984,       212.1098996,         13.42852483,      -0.001005453373,               0.1282720801,       572.5293331,       572.5293331,       194397.1951,       194397.1951,      -3298.361382,        0.07443720872,        -0.07052744663,       92300.50976,        89002.14838,           287.7963964,            284.7329367,            99073.92522,             95323.26991
          0,           0,         155,      -5.661146877,      -2.963033505,      -3.611271154,      -3.667748726,     -0.2712036157,    0.004348463132,    0.004348463132,      0.6361259509,        561.155592,       181217.9345,       181217.9345,       2.249835956,       575215.6624,       3.693578427,        212.818286,         13.47449338,     -0.0009735038814,               0.1286748319,       572.5230864,       572.5230864,        194400.312,        194400.312,      -3213.639655,        0.07487899222,        -0.07053052909,       92215.78707,        89002.14741,           287.7894035,            284.7336828,            99075.79886,             95324.51316
          0,           0,         156,      -5.661850709,      -2.963749654,      -3.610779003,      -3.667862117,     -0.2678740557,    0.004788812318,    0.004788812318,      0.6382949257,          561.0749,       181133.9166,       181133.9166,       2.249123892,       575212.0491,       4.394870685,        213.528994,         13.52039904,     -0.0009378804842,               0.1290779807,       572.5194899,       572.5194899,       194404.9234,       194404.9234,      -3129.650819,        0.07532220247,        -0.07053339016,        92131.7837,        89002.13288,           287.7851049,             284.734385,            99079.21589,             95325.70755
          0,           0,         157,      -5.661346319,      -2.964972735,      -3.611115257,      -3.668494743,     -0.2631050976,    0.005226647299,    0.005226647299,      0.6404571137,       560.9940118,       181049.2117,       181049.2117,       2.248403752,       575208.4496,       5.093970844,       214.2372278,         13.56612598,     -0.0009018628072,               0.1294804891,       572.5159073,       572.5159073,       194409.0049,       194409.0049,       -3045.06088,         0.0757627613,          -0.070536114,       92047.13628,         89002.0754,            287.780883,            284.7350243,            99082.16418,             95326.84074
          0,           0,         158,      -5.659197133,      -2.966734018,      -3.612365177,      -3.669674099,     -0.2563827528,    0.005663242818,    0.005663242818,      0.6426143542,       560.9138273,        180964.779,        180964.779,       2.247683734,        575205.837,       5.791761876,       214.9439226,         13.61163854,     -0.0008627372313,               0.1298820331,        572.513307,        572.513307,       194413.6425,       194413.6425,      -2960.700298,        0.07620194139,        -0.07053869857,       91962.73966,        89002.03936,           287.7776371,            284.7356699,            99085.66824,             95327.97431
          0,           0,         159,      -5.655698357,      -2.968871527,      -3.614607233,       -3.67131018,     -0.2481550197,    0.006096704599,    0.006096704599,      0.6447602225,       560.8354443,       180880.7196,       180880.7196,       2.246960644,       575205.1074,       6.486047462,       215.6469791,         13.65711518,      -0.000823260956,               0.1302841555,       572.5125808,       572.5125808,       194418.6711,       194418.6711,      -2876.731676,        0.07663791782,        -0.07054121322,       91878.72565,        89001.99398,           287.7762828,            284.7362979,            99089.58009,             95329.09097
          0,           0,         160,      -5.650921278,      -2.971741748,      -3.617928948,      -3.673497645,     -0.2387246538,    0.006526587008,    0.006526587008,      0.6468915393,        560.759219,       180797.3144,       180797.3144,       2.246236553,       575206.4943,       7.175886671,       216.3455006,         13.70258896,     -0.0007818555379,               0.1306871711,       572.5139611,       572.5139611,       194424.2311,       194424.2311,      -2793.353205,         0.0770702513,        -0.07054366429,       91795.33382,        89001.98061,           287.7770105,            284.7369506,            99093.99985,             95330.23123
          0,           0,         161,      -5.645064315,      -2.975084223,      -3.622414313,      -3.676226976,     -0.2284080608,    0.006951357213,    0.006951357213,      0.6490049348,       560.6833868,       180713.8048,       180713.8048,       2.245509199,       575208.0659,       7.859593541,       217.0378225,         13.74789131,     -0.0007419169236,               0.1310894661,       572.5155254,       572.5155254,       194429.3631,       194429.3631,      -2709.865621,        0.07749746729,        -0.07054611008,        91711.8352,        89001.96958,           287.7779237,            284.7376017,            99097.98681,             95331.37626
          0,           0,         162,      -5.638043057,      -2.978975293,      -3.628141745,      -3.679456849,     -0.2170858598,    0.007371894202,    0.007371894202,      0.6511015026,       560.6080334,       180630.7732,       180630.7732,       2.244785453,       575209.9288,       8.537566541,        217.724468,         13.79305187,     -0.0007011018194,               0.1314912584,       572.5173796,       572.5173796,       194434.7137,       194434.7137,      -2626.795246,        0.07792045748,        -0.07054856328,       91628.78423,        89001.98898,           287.7790981,            284.7382815,            99102.15893,              95332.5548
          0,           0,         163,      -5.630239022,      -2.983328521,       -3.63510429,      -3.683251962,      -0.205227253,     0.00778611775,     0.00778611775,       0.653174061,       560.5332284,       180548.0214,       180548.0214,       2.244062584,       575211.8809,       9.207264193,       218.4029184,          13.8381196,     -0.0006615988164,                0.131892965,       572.5193225,       572.5193225,       194439.7424,       194439.7424,      -2543.974991,        0.07833718419,        -0.07055106644,       91545.99819,         89002.0232,           287.7803459,            284.7389765,            99105.98302,             95333.75937
          0,           0,         164,      -5.621611212,      -2.988077861,      -3.643394755,      -3.687425151,     -0.1928026963,    0.008193589203,    0.008193589203,        0.65521947,       560.4603406,       180466.0664,       180466.0664,       2.243341469,       575215.1868,       9.867857405,       219.0724581,         13.88317417,     -0.0006222683125,               0.1322952411,        572.522613,        572.522613,       194444.8351,       194444.8351,      -2461.897823,        0.07874723217,        -0.07055364297,       91463.98213,        89002.08431,           287.7829134,            284.7396995,             99109.8296,             95335.00549
          0,           0,         165,      -5.612409573,       -2.99343073,      -3.653080444,      -3.692054374,     -0.1801304798,    0.008595962672,    0.008595962672,      0.6572445844,       560.3882292,       180385.0685,       180385.0685,       2.242628706,       575218.9338,       10.52129434,       219.7350362,          13.9280425,     -0.0005853291363,               0.1326963849,       572.5263424,       572.5263424,       194450.4806,       194450.4806,      -2380.741503,        0.07915229525,        -0.07055633258,       91382.90502,        89002.16352,           287.7858985,            284.7404439,             99114.1889,             95336.29174
          0,           0,         166,      -5.602994117,      -2.999377176,      -3.664306652,      -3.697052065,     -0.1675870171,    0.008990177537,    0.008990177537,      0.6592375747,       560.3170982,       180304.6395,       180304.6395,       2.241918679,       575222.8537,       11.16355853,       220.3867971,         13.97275582,     -0.0005495879072,               0.1330967488,        572.530244,        572.530244,       194455.6828,       194455.6828,      -2300.115827,        0.07954934498,        -0.07055916744,       91302.37768,        89002.26185,           287.7890324,            284.7412116,            99118.05742,             95337.62533
          0,           0,         167,      -5.593376947,      -3.005671463,      -3.677025854,      -3.702382226,     -0.1551112901,    0.009377015085,    0.009377015085,      0.6612013732,       560.2472454,       180225.2126,       180225.2126,       2.241215543,        575227.357,        11.7955543,       221.0286674,         14.01740479,     -0.0005169615091,               0.1334969691,       572.5347262,       572.5347262,       194461.0394,       194461.0394,      -2220.450157,        0.07993920923,        -0.07056219414,       91222.83136,        89002.38121,           287.7927172,            284.7420089,            99122.02271,             95339.01664
          0,           0,         168,      -5.583638914,      -3.012432558,      -3.691113778,      -3.707948443,     -0.1428389609,    0.009756775874,    0.009756775874,        0.66313711,       560.1776206,        180146.656,        180146.656,       2.240521925,       575231.3851,       12.41733662,       221.6608766,         14.06199091,     -0.0004865081801,               0.1338969335,       572.5387355,       572.5387355,       194466.4334,       194466.4334,      -2141.600093,        0.08032223341,        -0.07056545753,       91144.12805,        89002.52796,           287.7958891,            284.7428464,            99125.95348,             95340.47988
          0,           0,         169,      -5.573978523,      -3.019369668,      -3.706616009,      -3.713854928,     -0.1308799815,     0.01013073825,     0.01013073825,      0.6650487266,       560.1089815,       180069.6438,       180069.6438,       2.239843137,       575235.8598,       13.03026031,       222.2848813,         14.10654368,     -0.0004587195548,               0.1342967181,       572.5431892,       572.5431892,       194472.7698,       194472.7698,      -2064.227668,         0.0806997437,        -0.07056900544,       91066.93576,        89002.70809,           287.7994534,            284.7437358,            99130.74035,             95342.02944
          0,           0,         170,      -5.564617201,      -3.026844748,      -3.723384938,      -3.719869426,     -0.1194600344,     0.01049370965,     0.01049370965,      0.6669172905,       560.0416724,       179993.4133,       179993.4133,       2.239168348,       575240.3694,       13.62789032,       222.8943705,         14.15111599,     -0.0004339035863,                0.134696865,       572.5476776,       572.5476776,       194478.3016,       194478.3016,        -1987.5662,        0.08106659722,        -0.07057288756,       90990.48973,        89002.92353,           287.8029926,             284.744685,            99134.62536,             95343.67625
          0,           0,         171,       -5.55546495,      -3.034403585,       -3.74122631,      -3.726052776,      -0.108494008,     0.01084687933,     0.01084687933,      0.6687478744,       559.9753108,       179918.1047,       179918.1047,       2.238500856,       575244.7035,       14.21169796,       223.4909289,         14.19551033,     -0.0004129832417,               0.1350954954,       572.5519915,       572.5519915,       194483.4036,       194483.4036,      -1911.752788,        0.08142404199,        -0.07057716267,       90914.92876,        89003.17597,           287.8062889,            284.7457026,            99137.97095,             95345.43262
          0,           0,         172,       -5.54660201,      -3.042351079,      -3.759904098,      -3.732413333,    -0.09795461084,     0.01119103451,     0.01119103451,      0.6705432423,       559.9101163,       179843.8953,       179843.8953,       2.237841997,       575249.1671,       14.78247986,       224.0756442,         14.23961304,     -0.0003942582313,               0.1354914709,       572.5564342,       572.5564342,       194488.3611,       194488.3611,      -1836.961431,        0.08177293115,        -0.07058189664,       90840.42838,        89003.46695,           287.8096348,            284.7467994,            99141.04898,             95347.31212
          0,           0,         173,      -5.538153411,      -3.050360966,      -3.779199426,      -3.738773426,    -0.08802988089,     0.01152740992,     0.01152740992,      0.6723073806,       559.8470884,       179771.5041,       179771.5041,       2.237196672,       575254.9325,       15.34157708,       224.6500098,         14.28366686,     -0.0003785660275,               0.1358866203,       572.5621726,       572.5621726,       194494.1337,       194494.1337,      -1763.913172,        0.08211456763,         -0.0705871577,       90767.70863,        89003.79546,            287.814189,            284.7479836,            99144.80767,             95349.32599
          0,           0,         174,      -5.530211051,      -3.058872675,       -3.79862848,       -3.74514254,    -0.07876888705,     0.01185556636,     0.01185556636,      0.6740401939,         559.78474,       179700.3475,       179700.3475,       2.236563645,       575260.4423,       15.88836785,       225.2137236,         14.32755782,     -0.0003653765223,               0.1362797858,       572.5676566,       572.5676566,       194500.0547,       194500.0547,      -1692.041205,        0.08244860509,        -0.07059303874,       90696.19437,        89004.15316,           287.8183965,            284.7492601,            99148.57157,             95351.48317
          0,           0,         175,       -5.52280123,      -3.067157545,      -3.817491467,      -3.751049594,    -0.07014548939,     0.01217271483,     0.01217271483,      0.6757337123,        559.723549,       179629.8866,       179629.8866,       2.235934286,       575265.8432,       16.41929714,        225.764211,         14.37132171,      -0.000354979943,                0.136670739,       572.5730322,       572.5730322,       194505.1226,       194505.1226,      -1621.219812,        0.08277246491,        -0.07059975008,       90625.55318,        89004.33337,           287.8225625,            284.7504697,             99151.4924,             95353.63023
          0,           0,         176,      -5.515712381,      -3.074871701,      -3.835189475,      -3.756761723,    -0.06194800533,     0.01248589379,     0.01248589379,      0.6774082156,       559.6658965,       179562.9367,       179562.9367,       2.235334082,       575274.3927,       16.94276432,        226.308826,         14.41510755,     -0.0003464693586,               0.1370610478,       572.5815417,       572.5815417,       194513.3811,       194513.3811,      -1553.182093,        0.08309313063,        -0.07060723684,       90558.05937,        89004.87728,           287.8294224,            284.7521193,             99157.1173,             95356.26384
          0,           0,         177,      -5.509469592,      -3.082897463,       -3.85082181,      -3.761936089,    -0.05471093925,     0.01278593364,     0.01278593364,      0.6790333781,       559.6098116,       179496.8936,       179496.8936,       2.234738598,       575282.8094,       17.44758482,       226.8369401,         14.45887633,     -0.0003406905016,               0.1374503073,        572.589919,        572.589919,       194520.4856,       194520.4856,      -1485.883894,        0.08340149241,        -0.07061555877,       90491.38872,        89005.50483,           287.8359863,            284.7539328,            99161.35944,             95359.12621
          0,           0,         178,       -5.50385732,      -3.091175462,      -3.863462084,      -3.766471607,    -0.04818762463,     0.01307996525,     0.01307996525,      0.6806370086,       559.5539367,       179432.5565,       179432.5565,       2.234163222,       575290.8031,       17.94234295,       227.3576429,         14.50254655,     -0.0003369338868,               0.1378372579,       572.5978753,       572.5978753,       194528.6444,       194528.6444,      -1420.193359,        0.08370481766,        -0.07062485241,       90426.37494,        89006.18158,            287.841978,            284.7558973,            99166.43495,             95362.20946
          0,           0,         179,      -5.498972808,      -3.099960376,      -3.872086475,       -3.77028535,    -0.04249781062,     0.01336411543,     0.01336411543,      0.6822049679,       559.5000048,       179369.7982,       179369.7982,       2.233599443,       575299.5589,       18.42224912,       227.8665917,          14.5462165,     -0.0003349544283,               0.1382225485,       572.6065902,       572.6065902,       194536.9975,       194536.9975,      -1355.944092,        0.08399938912,        -0.07063527369,       90362.87116,        89006.92707,           287.8485342,             284.758056,             99171.4371,             95365.56045
          0,           0,         180,      -5.494641503,      -3.108024967,       -3.87608194,      -3.773334954,    -0.03738572001,     0.01363869169,     0.01363869169,      0.6837397083,       559.4473958,       179308.5756,       179308.5756,       2.233049237,       575308.5171,       18.88754219,       228.3644727,         14.58975162,     -0.0003349116851,               0.1386047411,       572.6155063,       572.6155063,       194545.5963,       194545.5963,      -1293.061261,        0.08428567793,        -0.07064698625,       90300.81844,        89007.75718,           287.8550575,            284.7604488,            99176.37197,             95369.22435
          0,           0,         181,      -5.490780036,      -3.115156161,      -3.875200892,      -3.775502232,    -0.03280871941,     0.01390382338,     0.01390382338,      0.6852412383,       559.3968323,       179249.2996,       179249.2996,       2.232514823,       575318.3898,       19.33794599,       228.8515592,         14.63306216,     -0.0003351205165,               0.1389827932,       572.6253329,       572.6253329,       194554.8513,       194554.8513,      -1231.940485,        0.08456396971,        -0.07066014632,       90240.62006,        89008.67957,           287.8622305,            284.7631024,            99181.61416,              95373.2371
          0,           0,         182,      -5.487534344,      -3.121782652,      -3.869418787,      -3.776856548,    -0.02888545272,     0.01415860148,     0.01415860148,      0.6867077635,       559.3477367,       179191.7022,       179191.7022,        2.23199521,       575328.4888,       19.77227936,       229.3270825,         14.67643477,     -0.0003363052336,               0.1393587174,       572.6353846,       572.6353846,       194564.3615,       194564.3615,      -1172.309232,        0.08483351204,        -0.07067491056,       90182.00569,        89009.69646,           287.8693438,            284.7660408,            99186.73205,             95377.62941
          0,           0,         183,      -5.484806216,      -3.127829309,      -3.858600046,      -3.777316417,    -0.02552225823,     0.01440233031,     0.01440233031,      0.6881364059,       559.3007447,        179136.114,        179136.114,       2.231491987,       575339.3268,       20.18928359,       229.7902338,         14.71981667,     -0.0003384515317,               0.1397317746,       572.6461719,       572.6461719,       194574.3213,       194574.3213,      -1114.505608,        0.08509375789,        -0.07069142758,       90125.30978,        89010.80417,           287.8768869,            284.7692849,            99191.89661,             95382.42472
          0,           0,         184,      -5.482589084,      -3.133060204,      -3.843756178,      -3.777000527,    -0.02270286665,     0.01463429251,     0.01463429251,      0.6895263737,       559.2549932,       179082.0463,       179082.0463,       2.231002549,       575349.9504,       20.58808325,       230.2406102,         14.76308554,      -0.000340829731,               0.1401006886,       572.6567458,       572.6567458,       194584.1197,       194584.1197,      -1058.013161,        0.08534414119,        -0.07070984868,       90070.02972,        89012.01655,           287.8838743,            284.7728715,            99196.45562,             95387.66404
          0,           0,         185,      -5.480946911,      -3.137407477,      -3.825742762,      -3.775880578,     -0.0204922753,     0.01485638466,     0.01485638466,      0.6908851598,       559.2110059,       179030.0792,       179030.0792,       2.230532039,       575361.1913,        20.9708187,        230.680868,         14.80641801,     -0.0003432085618,               0.1404664333,       572.6679341,       572.6679341,       194594.7462,       194594.7462,      -1003.415198,        0.08558672813,        -0.07073034347,       90016.74722,        89013.33202,            287.891115,            284.7768191,            99201.36916,             95393.37707
          0,           0,         186,      -5.479780918,      -3.140820157,      -3.805622617,      -3.773930058,    -0.01878880267,     0.01506707484,     0.01506707484,      0.6922079447,       559.1690753,       178980.1297,       178980.1297,       2.230078262,       575373.1246,       21.33541013,       231.1094745,         14.84963383,     -0.0003454215993,               0.1408272317,       572.6798114,       572.6798114,       194605.8393,       194605.8393,      -950.6374195,        0.08582016628,        -0.07075309144,       89965.38354,        89014.74612,           287.8986642,            284.7811472,            99206.24678,             95399.59248
          0,           0,         187,      -5.479121638,      -3.143535511,      -3.784359465,      -3.771618669,    -0.01762208259,     0.01526588825,     0.01526588825,      0.6934946723,       559.1285948,       178931.9269,       178931.9269,       2.229640303,        575385.096,       21.68116371,       231.5263117,         14.89274625,     -0.0003471190456,               0.1411827875,       572.6917268,       572.6917268,       194617.0691,       194617.0691,      -899.4204743,         0.0860441633,        -0.07077827505,       89915.67369,        89016.25321,           287.9058467,            284.7858801,            99210.73041,             95406.33871
          0,           0,         188,       -5.47883805,      -3.145360371,      -3.762677364,      -3.768579705,    -0.01686173504,     0.01545347089,     0.01545347089,      0.6947490504,       559.0898991,       178885.7008,       178885.7008,       2.229219701,       575397.5872,       22.00890187,       231.9327022,         14.93569321,     -0.0003483461492,               0.1415322033,       572.7041595,       572.7041595,       194628.8534,       194628.8534,      -849.9038294,         0.0862595599,          -0.070806089,       89867.80232,        89017.89849,           287.9130721,            284.7910874,            99215.15888,             95413.69452
          0,           0,         189,      -5.479078953,      -3.146319973,        -3.7413727,      -3.765209277,    -0.01664492155,     0.01563029141,     0.01563029141,      0.6959739069,       559.0528645,       178841.6297,       178841.6297,       2.228819189,       575410.5697,       22.31899636,        232.329581,         14.97857628,     -0.0003490437054,               0.1418758482,       572.7170813,       572.7170813,       194641.5098,       194641.5098,      -802.2284528,        0.08646702581,         -0.0708367344,       89821.92907,        89019.70061,           287.9202716,            284.7968097,            99219.79539,             95421.71441
          0,           0,         190,      -5.479696517,      -3.146507137,      -3.720675559,      -3.761573788,    -0.01682654984,     0.01579469209,     0.01579469209,      0.6971639107,       559.0179944,        178799.649,        178799.649,       2.228435971,       575424.3152,        22.6092735,       232.7153028,         15.02141467,     -0.0003489407046,               0.1422135522,       572.7307624,       572.7307624,       194654.6696,       194654.6696,      -756.3142843,        0.08666508121,        -0.07087038913,       89777.98167,        89021.66738,           287.9276842,            284.8030782,            99224.23068,             95430.43891
          0,           0,         191,      -5.480642159,      -3.145936785,      -3.701030128,      -3.757692938,    -0.01736676529,      0.0159472634,      0.0159472634,      0.6983240942,       558.9842625,       178759.5122,       178759.5122,       2.228071082,       575437.9526,       22.88035511,       233.0913465,         15.06412808,     -0.0003477738027,               0.1425440588,        572.744336,        572.744336,       194668.2894,       194668.2894,      -711.9947948,        0.08685458108,        -0.07090731767,        89735.7535,        89023.75871,           287.9344522,            284.8098838,            99228.41039,             95439.87899
          0,           0,         192,      -5.481956062,      -3.144720856,      -3.682541508,      -3.753754861,    -0.01828841847,     0.01608736523,     0.01608736523,      0.6994532658,       558.9524702,       178721.3903,       178721.3903,       2.227723461,        575452.242,       23.13149032,       233.4574971,         15.10672732,      -0.000345634033,               0.1428670679,       572.7585585,       572.7585585,       194682.4758,       194682.4758,      -669.3401317,        0.08703509522,        -0.07094772998,        89695.3652,        89026.02506,           287.9412513,            284.8173071,            99232.35355,             95450.12221
          0,           0,         193,      -5.483626938,      -3.142868419,      -3.665540075,      -3.749819662,    -0.01959711419,     0.01621585583,     0.01621585583,       0.700556606,       558.9228264,        178685.477,        178685.477,       2.227394697,        575467.602,       23.36372938,       233.8155356,         15.14926198,     -0.0003426254524,               0.1431823971,       572.7738466,       572.7738466,       194697.6883,       194697.6883,      -628.5618099,        0.08720772658,        -0.07099187075,       89657.01941,         89028.4576,           287.9484687,            284.8253779,            99236.48209,             95461.20625
          0,           0,         194,      -5.485537942,      -3.140467608,      -3.649920961,      -3.745967548,    -0.02116488753,     0.01633210047,     0.01633210047,      0.7016339146,       558.8948731,       178651.6146,       178651.6146,       2.227084668,       575483.5329,        23.5761346,       234.1653006,         15.19163836,     -0.0003387884653,               0.1434887736,       572.7897029,       572.7897029,       194713.7212,       194713.7212,      -589.4995929,        0.08737210517,        -0.07104000469,       89620.55711,        89031.05751,           287.9555691,            284.8341338,            99240.53898,              95473.1822
          0,           0,         195,      -5.487618595,       -3.13763029,      -3.635873353,      -3.742207096,    -0.02292203267,     0.01643589059,     0.01643589059,      0.7026863911,       558.8683798,       178619.8012,       178619.8012,       2.226794281,         575499.83,       23.76827092,       234.5071379,         15.23389891,     -0.0003342479306,               0.1437859723,       572.8059237,       572.8059237,       194730.6141,       194730.6141,      -552.1677837,         0.0875282851,        -0.07109239451,       89585.98449,        89033.81671,           287.9623164,            284.8436073,            99244.52171,             95486.09238
          0,           0,         196,      -5.489923387,      -3.134412883,      -3.623325509,      -3.738600078,    -0.02492515721,     0.01652675824,     0.01652675824,      0.7037139727,       558.8440915,        178590.224,        178590.224,       2.226522906,        575517.245,       23.93951742,       234.8411994,         15.27615278,      -0.000329113206,               0.1440742826,       572.8232572,       572.8232572,       194748.5516,       194748.5516,      -516.7481437,        0.08767606297,        -0.07114930473,       89553.48605,        89036.73791,            287.969416,            284.8538412,            99248.56155,             95499.99003
          0,           0,         197,      -5.492425974,      -3.130895564,      -3.612311174,      -3.735255952,    -0.02714752732,      0.0166044547,      0.0166044547,      0.7047176237,       558.8220268,       178562.8844,       178562.8844,       2.226270488,        575535.824,        24.0895473,       235.1678035,         15.31835971,     -0.0003235719547,               0.1443529011,       572.8417493,       572.8417493,        194767.568,        194767.568,      -483.2038635,        0.08781542193,        -0.07121096722,       89523.04412,        89039.84026,           287.9768527,            284.8648966,            99252.63032,             95514.93773
          0,           0,         198,      -5.495138012,      -3.127160792,      -3.602899125,      -3.732252598,    -0.02960263405,     0.01666893907,     0.01666893907,      0.7056992914,       558.8021501,       178537.8622,       178537.8622,        2.22603818,       575555.5987,       24.21809822,       235.4875999,         15.36057943,     -0.0003177541092,               0.1446216325,       572.8614314,       572.8614314,       194787.8351,       194787.8351,      -451.6956971,        0.08794661199,        -0.07127767292,       89494.77896,        89043.08326,           287.9846596,            284.8767718,            99256.88243,             95530.95263
          0,           0,         199,      -5.497925525,      -3.123279553,      -3.595062702,      -3.729724156,    -0.03216698505,     0.01671963686,     0.01671963686,      0.7066579467,       558.7846084,       178515.1965,       178515.1965,       2.225825884,        575576.666,       24.32444872,        235.800267,          15.4028448,     -0.0003118142953,               0.1448804427,       572.8824001,       572.8824001,       194809.3289,       194809.3289,      -422.1210368,        0.08806923156,        -0.07134959469,       89468.65878,        89046.53775,           287.9928179,            284.8895821,             99261.1921,             95548.13684
          0,           0,         200,      -5.500783819,      -3.119294388,       -3.58866547,      -3.727656667,    -0.03482310725,     0.01675629974,     0.01675629974,      0.7075957108,         558.76939,       178494.8243,       178494.8243,       2.225632871,       575599.0885,       24.40812045,       236.1065218,         15.44510443,     -0.0003058534114,               0.1451281059,       572.9047176,       572.9047176,       194832.0711,       194832.0711,       -394.652016,        0.08818337837,        -0.07142707863,       89444.73814,        89050.08612,           288.0014654,            284.9032522,            99265.62589,              95566.4452
          0,           0,         201,      -5.503708283,      -3.115229707,      -3.583691457,      -3.726104039,    -0.03757254899,     0.01677843258,     0.01677843258,      0.7085108316,       558.7568529,         178476.85,         178476.85,       2.225459019,       575623.1561,       24.46866218,       236.4058398,         15.48753171,     -0.0003000052154,               0.1453660176,       572.9286725,       572.9286725,       194856.0788,       194856.0788,       -369.071182,        0.08828861602,        -0.07151018344,       89422.96061,        89053.88943,           288.0106886,            284.9179839,              99270.033,              95586.0458
          0,           0,         202,      -5.506664665,      -3.111131243,      -3.580160843,      -3.725028455,    -0.04037556124,      0.0167852738,      0.0167852738,      0.7094037494,       558.7468809,       178461.1578,       178461.1578,       2.225303346,       575648.7494,       24.50476128,       236.6983418,         15.53006456,     -0.0002945324024,               0.1455927319,       572.9541461,       572.9541461,       194881.2279,       194881.2279,      -345.6495207,        0.08838457538,        -0.07159930158,       89403.40368,        89057.75416,           288.0205209,            284.9336252,             99274.3975,             95606.83037
          0,           0,         203,      -5.509605891,       -3.10702403,      -3.578073626,      -3.724573241,    -0.04318875492,     0.01677675858,     0.01677675858,      0.7102750711,       558.7386027,       178447.5468,       178447.5468,       2.225166836,       575674.9917,        24.5164898,       236.9840184,         15.57263824,     -0.0002895863995,               0.1458077431,       572.9802655,       572.9802655,       194907.3229,       194907.3229,       -323.848999,        0.08847125105,        -0.07169449247,       89385.69788,        89061.84888,           288.0298828,            284.9503827,            99278.34817,             95628.97473
          0,           0,         204,      -5.512669661,      -3.102966532,        -3.5774906,      -3.724620509,    -0.04614504287,      0.0167525898,      0.0167525898,       0.711124751,       558.7325797,       178436.1924,       178436.1924,       2.225049443,       575702.4547,       24.50342702,       237.2629817,         15.61515735,     -0.0002853355051,               0.1460099323,       573.0075999,       573.0075999,       194934.5478,       194934.5478,      -303.8573449,        0.08854853007,        -0.07179594027,       89370.02488,        89066.16754,           288.0393433,            284.9682566,            99282.03588,             95652.51187
          0,           0,         205,      -5.515633465,      -3.098873428,      -3.578264011,      -3.725505107,    -0.04902234111,     0.01671272392,     0.01671272392,      0.7119555992,       558.7287104,       178427.0199,       178427.0199,       2.224950639,       575731.1428,       24.46533281,       237.5361566,         15.65759922,     -0.0002818886897,               0.1461983405,       573.0361538,       573.0361538,       194962.9539,       194962.9539,      -285.9038184,        0.08861669281,        -0.07190396888,       89356.46185,        89070.55803,           288.0490184,            284.9871355,            99285.59346,              95677.3604
          0,           0,         206,      -5.518793459,      -3.094848589,      -3.580531693,      -3.727002852,    -0.05211378286,     0.01665745886,     0.01665745886,      0.7127681871,       558.7267802,       178420.2236,       178420.2236,        2.22487371,       575760.8627,       24.40263706,       237.8036649,         15.70004107,     -0.0002794008957,                0.146373757,       573.0657346,       573.0657346,       194992.7882,       194992.7882,      -269.7404599,        0.08867604739,        -0.07201858853,       89344.98205,        89075.24159,           288.0584716,            285.0072629,             99289.0486,             95703.73957
          0,           0,         207,      -5.521969925,       -3.09082555,      -3.584175815,      -3.729169857,    -0.05524082034,      0.0165860942,      0.0165860942,      0.7135618365,       558.7265074,       178415.6831,       178415.6831,       2.224818278,       575791.2833,       24.31414893,       238.0652241,         15.74243568,     -0.0002778809098,               0.1465352405,       573.0960127,       573.0960127,       195023.8729,       195023.8729,      -255.4999641,        0.08872614368,        -0.07214004947,       89335.59156,        89080.09159,           288.0674771,            285.0285356,            99292.29273,             95731.58019
          0,           0,         208,      -5.525108715,      -3.086772152,      -3.589192083,       -3.73210917,    -0.05834117478,     0.01649891168,     0.01649891168,      0.7143356019,        558.728165,       178413.6964,       178413.6964,       2.224786974,       575822.6549,       24.20031761,       238.3205616,           15.784794,     -0.0002774226528,               0.1466833833,       573.1272375,       573.1272375,       195056.4983,       195056.4983,      -243.0485359,        0.08876712483,        -0.07226821314,       89328.37246,        89085.32392,           288.0760531,            285.0511844,            99295.42726,               95761.071
          0,           0,         209,      -5.528588933,      -3.082810992,      -3.595677322,      -3.735699896,    -0.06178721154,     0.01639526972,     0.01639526972,      0.7150973952,        558.730833,       178413.6401,       178413.6401,       2.224775685,       575854.3293,       24.05930411,       238.5721738,         15.82715192,     -0.0002779753606,               0.1468155721,       573.1587636,       573.1587636,         195090.35,         195090.35,      -233.4324009,        0.08879940018,        -0.07240413045,       89323.53624,        89090.10384,           288.0843094,            285.0744542,            99298.73375,             95791.61621
          0,           0,         210,      -5.532148938,      -3.078842405,      -3.603509543,      -3.739773826,    -0.06533644759,     0.01627490261,     0.01627490261,      0.7158416075,       558.7355476,       178416.2694,       178416.2694,       2.224789706,       575887.1533,       23.89109891,       238.8183779,         15.86952155,     -0.0002796677369,               0.1469330816,        573.191434,        573.191434,       195125.9861,       195125.9861,      -226.1346628,        0.08882244348,        -0.07254754088,       89321.20203,        89095.06736,           288.0923721,            285.0990619,            99302.20078,             95823.78528
          0,           0,         211,      -5.535877636,      -3.074893471,      -3.612674393,      -3.744447784,    -0.06905691564,     0.01613726885,     0.01613726885,      0.7165676456,       558.7422133,       178421.4705,       178421.4705,       2.224827998,       575920.9984,       23.69474444,       239.0589698,         15.91193079,     -0.0002823787262,               0.1470356892,       573.2251207,       573.2251207,        195163.249,        195163.249,      -221.3829697,        0.08883588934,        -0.07269862049,       89321.42675,        89100.04379,            288.100248,            285.1248727,            99305.79498,             95857.45403
          0,           0,         212,       -5.53983185,      -3.070949779,      -3.623185567,      -3.749882808,     -0.0730190713,     0.01598293271,     0.01598293271,      0.7172726767,       558.7512794,       178429.6824,       178429.6824,       2.224894245,       575956.2304,       23.47133074,       239.2930934,         15.95435504,     -0.0002859413072,               0.1471245475,       573.2601877,       573.2601877,       195202.5026,       195202.5026,      -218.7961021,        0.08883986089,        -0.07285692818,       89324.23923,        89105.44313,           288.1079043,            285.1522834,            99309.56622,             95892.93642
          0,           0,         213,      -5.544067702,      -3.067063416,      -3.635016615,      -3.755764497,    -0.07727540324,     0.01581131209,     0.01581131209,      0.7179584842,       558.7623655,       178440.4398,       178440.4398,       2.224984159,       575992.5262,       23.21987728,       239.5212813,         15.99682811,     -0.0002903819194,               0.1471990006,       573.2963137,       573.2963137,       195243.3206,       195243.3206,      -218.6742153,        0.08883409545,        -0.07302278336,       89329.55699,        89110.88278,            288.115417,            285.1808966,            99313.38278,             95929.93778
          0,           0,         214,       -5.54851755,      -3.063181545,      -3.648129752,      -3.762066838,    -0.08175387038,     0.01562207847,     0.01562207847,      0.7186267871,        558.775189,       178453.4926,       178453.4926,       2.225095743,       576029.6637,       22.93966029,       239.7440559,          16.0394158,     -0.0002957103497,               0.1472588413,       573.3332773,       573.3332773,       195285.5142,       195285.5142,      -221.2696723,        0.08881854011,        -0.07319646165,       89337.38112,        89116.11145,           288.1227468,            285.2105304,            99317.23041,             95968.28378
          0,           0,         215,      -5.553325493,      -3.059351896,      -3.662549556,      -3.768561238,    -0.08660610698,     0.01541473959,     0.01541473959,      0.7192818132,       558.7893052,       178468.4852,       178468.4852,       2.225226325,       576067.3504,       22.62952014,       239.9627771,         16.08223616,     -0.0003016229307,               0.1473033826,       573.3707876,       573.3707876,       195328.8969,       195328.8969,        -227.10853,         0.0887933329,        -0.07337859331,       89347.79687,        89120.68834,           288.1299549,            285.2408327,            99321.21661,             96007.68028
          0,           0,         216,      -5.558475887,      -3.055521429,      -3.678165492,      -3.775519062,    -0.09181096849,     0.01519105844,     0.01519105844,       0.719910593,       558.8069746,       178487.2605,       178487.2605,        2.22538989,       576107.4436,       22.29338098,       240.1735209,         16.12520427,     -0.0003080632035,               0.1473372857,       573.4106931,       573.4106931,       195374.9124,       195374.9124,      -234.4587614,        0.08875849506,        -0.07356743663,       89360.85963,        89126.40087,           288.1371532,            285.2735399,             99325.3998,             96049.51261
          0,           0,         217,       -5.56384277,      -3.051767631,      -3.694899563,      -3.782446024,    -0.09724182298,     0.01494917271,     0.01494917271,      0.7205279937,       558.8254481,       178507.4892,       178507.4892,       2.225568327,       576147.6764,       21.92672154,       240.3807638,         16.16826033,     -0.0003150155846,               0.1473542498,       573.4507376,       573.4507376,       195421.7032,       195421.7032,      -245.6621092,        0.08871400553,        -0.07376483282,       89376.57565,        89130.91354,           288.1443939,            285.3063436,            99329.78306,             96091.92014
          0,           0,         218,      -5.569670845,      -3.048041253,      -3.712660467,       -3.78970021,     -0.1031393305,     0.01468935902,     0.01468935902,      0.7211311905,       558.8457569,       178529.8374,       178529.8374,       2.225765837,       576189.0203,       21.53052634,       240.5837593,         16.21140292,     -0.0003224813924,               0.1473555527,       573.4918879,       573.4918879,        195469.883,        195469.883,      -259.9491409,        0.08865988083,        -0.07397052181,       89394.89326,        89134.94412,           288.1517659,             285.340122,            99334.32679,             96135.55623
          0,           0,         219,      -5.575914741,      -3.044355987,       -3.73148627,      -3.796770451,     -0.1094714311,     0.01441178922,     0.01441178922,      0.7217162788,       558.8681865,       178554.4861,       178554.4861,       2.225983538,        576231.631,       21.10558531,       240.7812571,         16.25466504,     -0.0003301555049,               0.1473429344,       573.5342992,       573.5342992,       195519.4813,       195519.4813,      -276.6824206,        0.08859581574,        -0.07418402652,       89415.58425,        89138.90183,           288.1590049,            285.3752943,            99338.75135,             96180.72992
          0,           0,         220,      -5.582820151,      -3.040773306,       -3.75122792,      -3.803755571,     -0.1164831489,     0.01411773011,     0.01411773011,      0.7222791111,       558.8933103,       178581.9038,       178581.9038,       2.226224989,       576275.9691,       20.65423099,       240.9719714,         16.29797919,     -0.0003379436662,               0.1473183856,       573.5784298,       573.5784298,       195570.8541,       195570.8541,      -295.2613098,        0.08852212436,        -0.07440439424,       89438.58255,        89143.32124,           288.1661286,            285.4123012,            99343.07036,             96227.78373
          0,           0,         221,      -5.590114331,      -3.037246344,      -3.771496394,      -3.810660303,     -0.1238926643,     0.01380727275,     0.01380727275,      0.7228231157,       558.9204618,       178611.5134,       178611.5134,       2.226485637,       576321.4953,       20.17607915,       241.1569602,          16.3413288,      -0.000345336691,               0.1472809576,       573.6237429,       573.6237429,       195623.5529,       195623.5529,        -316.43791,        0.08843907034,         -0.0746317976,       89463.97566,        89147.53775,           288.1733459,            285.4503969,            99347.42936,             96276.12355
          0,           0,         222,      -5.597960763,      -3.033783167,      -3.792001366,      -3.817274636,     -0.1318623564,     0.01348123175,     0.01348123175,      0.7233444155,       558.9501522,        178643.837,        178643.837,       2.226769952,       576368.6082,       19.67269979,       241.3350222,         16.38466435,     -0.0003521598122,               0.1472322158,       573.6706352,       573.6706352,       195677.9945,       195677.9945,      -339.6767256,        0.08834680774,        -0.07486557599,       89491.75688,        89152.08016,            288.180593,            285.4900422,            99351.85669,             96326.13783
          0,           0,         223,      -5.606317516,      -3.030407301,      -3.812425786,      -3.823306278,     -0.1403486122,     0.01313907068,     0.01313907068,      0.7238480768,       558.9814149,       178677.9778,       178677.9778,       2.227070587,       576416.5205,       19.14254108,       241.5076792,          16.4279315,     -0.0003583868863,               0.1471698851,       573.7183232,       573.7183232,       195733.4515,       195733.4515,      -365.9559338,        0.08824533004,        -0.07510625936,       89521.96687,        89156.01093,           288.1880168,            285.5303064,            99356.39464,             96377.05684
          0,           0,         224,      -5.615482867,      -3.027124597,      -3.832229223,      -3.828893421,     -0.1496609056,     0.01278180903,     0.01278180903,      0.7243246714,       559.0158759,        178715.187,        178715.187,       2.227396658,       576466.5626,       18.58816392,       241.6720945,         16.47108905,     -0.0003637434596,               0.1470973247,       573.7681311,       573.7681311,       195790.8745,       195790.8745,      -393.9789633,        0.08813449538,        -0.07535268635,       89554.58297,        89160.60401,           288.1957079,            285.5724231,            99360.99645,             96429.87806
          0,           0,         225,      -5.625266726,      -3.023980504,      -3.851066471,      -3.833838027,     -0.1596113457,     0.01240912792,     0.01240912792,      0.7247772443,       559.0530602,       178754.7892,       178754.7892,       2.227741624,       576518.3755,       18.00868136,        241.829234,         16.51407046,      -0.000367855955,                0.147012933,       573.8197015,       573.8197015,       195849.6847,       195849.6847,      -424.5812611,        0.08801424685,        -0.07560511893,       89589.68523,        89165.10397,           288.2041802,            285.6155213,            99365.74443,             96483.94022
          0,           0,         226,      -5.635907944,      -3.020967692,      -3.868465372,      -3.838443035,     -0.1704467518,     0.01202028313,     0.01202028313,      0.7252105338,       559.0925205,       178795.9304,       178795.9304,       2.228096598,       576571.6996,       17.40238804,       241.9806065,         16.55701813,     -0.0003708918014,                0.146915913,       573.8727759,       573.8727759,       195909.1864,       195909.1864,      -458.6816605,        0.08788439519,        -0.07586411206,       89627.30603,        89168.62437,           288.2139366,            285.6588393,            99370.64965,             96538.53675
          0,           0,         227,      -5.647288571,      -3.018030319,      -3.883731171,      -3.842056279,     -0.1819793451,     0.01161562208,     0.01161562208,       0.725622075,        559.133776,       178838.8108,       178838.8108,       2.228465977,       576625.9625,         16.770359,       242.1252535,         16.59992595,     -0.0003725220469,               0.1468076997,       573.9267848,       573.9267848,       195969.5052,       195969.5052,      -495.2027359,        0.08774494077,         -0.0761293187,       89667.00677,        89171.80403,           288.2237152,            285.7030696,            99375.28944,             96594.21579
          0,           0,         228,      -5.659528515,      -3.015220087,      -3.896428594,      -3.844986183,     -0.1943831687,     0.01119614942,     0.01119614942,      0.7260053172,       559.1781355,       178884.0632,       178884.0632,       2.228852428,       576682.2872,       16.11456606,       242.2612225,         16.64270672,     -0.0003730734862,                0.146690257,       573.9828459,       573.9828459,       196031.0605,       196031.0605,      -533.7265215,        0.08759579129,        -0.07639964187,       89708.89487,        89175.16835,           288.2341663,            285.7486796,            99379.77407,             96651.28647
          0,           0,         229,      -5.672715823,      -3.012569074,      -3.906200275,      -3.847267955,      -0.207691205,     0.01076179334,     0.01076179334,      0.7263639173,       559.2236759,       178930.6609,       178930.6609,       2.229250796,       576738.8537,       15.43449284,       242.3893393,          16.6854561,     -0.0003720993487,               0.1465636177,       574.0391476,       574.0391476,       196092.9263,       196092.9263,      -574.5370482,        0.08743701618,        -0.07667522284,         89752.599,        89178.06195,           288.2442048,            285.7949428,            99383.76678,             96709.15957
          0,           0,         230,      -5.686967503,      -3.010084459,       -3.91293472,      -3.849151235,     -0.2220741218,     0.01031343895,     0.01031343895,      0.7266943631,       559.2713965,       178979.0771,       178979.0771,       2.229662975,       576796.5823,       14.73167328,        242.508617,         16.72811353,     -0.0003697071674,               0.1464290112,       574.0966059,       574.0966059,       196155.4894,       196155.4894,      -617.5218581,        0.08726877656,        -0.07695533761,       89798.29947,        89180.77761,            288.254466,            285.8421399,             99387.5033,             96767.98611
          0,           0,         231,      -5.702233804,      -3.007782743,       -3.91647514,      -3.850295811,     -0.2373724021,     0.00985114051,     0.00985114051,      0.7270052702,       559.3187238,        179028.063,        179028.063,       2.230083661,       576853.1849,       14.00526457,       242.6213877,         16.77076212,     -0.0003658613287,                0.146285204,       574.1529436,       574.1529436,       196217.8245,       196217.8245,      -663.3337771,        0.08709170413,        -0.07724056362,        89845.6984,        89182.36462,           288.2636076,             285.889336,              99390.837,             96826.98752
          0,           0,         232,      -5.718792778,      -3.005690974,      -3.917206203,       -3.85097127,     -0.2540092803,    0.009375849124,    0.009375849124,      0.7272851239,       559.3688098,       179079.2703,       179079.2703,       2.230520847,       576911.4868,       13.25781925,       242.7244424,         16.81334526,     -0.0003607827793,               0.1461354559,       574.2109726,       574.2109726,        196281.225,        196281.225,      -711.1257627,         0.0869054404,        -0.07752959128,       89895.19803,        89184.07227,           288.2732437,            285.9377289,            99394.11905,             96887.10596
          0,           0,         233,      -5.736535865,       -3.00379312,      -3.915316332,      -3.851231404,     -0.2717997542,    0.008888758931,    0.008888758931,      0.7275329602,       559.4217063,       179132.6527,       179132.6527,       2.230973743,       576971.5352,       12.49152249,        242.817451,         16.85592292,     -0.0003544134355,               0.1459818841,       574.2707399,       574.2707399,        196345.633,        196345.633,       -760.650382,        0.08671042598,        -0.07782166705,       89946.65157,        89186.00118,           288.2835086,            285.9872313,            99397.34777,              96948.2852
          0,           0,         234,      -5.755326333,      -3.002107269,      -3.911412105,      -3.851043052,     -0.2904991601,    0.008389848051,    0.008389848051,      0.7277549222,        559.474766,       179186.7531,       179186.7531,       2.231434723,       577030.8706,       11.70574693,       242.9018679,         16.89842852,      -0.000347060353,               0.1458227563,       574.3297976,       574.3297976,       196409.7759,       196409.7759,      -812.2230962,        0.08650685361,        -0.07811700556,       89999.48808,        89187.26499,           288.2928701,            286.0369275,             99400.0304,             97009.74553
          0,           0,         235,      -5.775512578,      -3.000671609,      -3.905962263,      -3.850756095,     -0.3105326723,    0.007881060196,    0.007881060196,      0.7279519301,       559.5283132,       179242.0912,       179242.0912,       2.231908975,       577089.9034,       10.90358492,       242.9780364,         16.94106793,     -0.0003389579731,               0.1456614223,        574.388554,        574.388554,       196474.3148,       196474.3148,      -865.4481432,        0.08629598169,         -0.0784149215,       90053.76965,        89188.32151,           288.3013071,            286.0872469,            99402.52684,             97071.78792
          0,           0,         236,      -5.796682029,      -2.999527303,      -3.899470691,      -3.850159646,     -0.3314659405,    0.007361852526,    0.007361852526,      0.7281198277,       559.5832217,       179298.5798,       179298.5798,       2.232391878,       577149.3812,        10.0846733,       243.0447512,         16.98376307,     -0.0003299754489,               0.1454978719,       574.4477534,       574.4477534,       196538.9665,       196538.9665,      -920.4134592,        0.08607694611,        -0.07871509358,       90109.49664,        89189.08318,           288.3097192,            286.1380343,            99404.69769,             97134.26883
          0,           0,         237,      -5.819365832,      -2.998685555,      -3.892507005,      -3.849649978,     -0.3538479653,    0.006833755211,    0.006833755211,      0.7282660095,       559.6395801,       179356.0776,       179356.0776,       2.232881304,       577209.7337,       9.251163834,       243.1044565,         17.02650544,     -0.0003209546037,               0.1453318787,       574.5078234,       574.5078234,         196603.98,         196603.98,      -977.4521122,        0.08585122966,        -0.07901747444,       90166.76488,        89189.31276,            288.318805,            286.1890184,            99407.00977,             97196.97022
          0,           0,         238,      -5.843271081,      -2.998136888,      -3.885363152,      -3.849093257,     -0.3771677745,    0.006297834632,    0.006297834632,      0.7283887295,       559.6960607,       179414.2877,       179414.2877,       2.233378878,        577269.547,       8.405111318,       243.1562349,         17.06927626,     -0.0003120556248,               0.1451651484,       574.5673568,       574.5673568,       196668.9755,       196668.9755,      -1035.482756,        0.08561909782,        -0.07932126319,       90224.88525,         89189.4025,           288.3268096,            286.2405471,            99408.86751,             97260.10801
          0,           0,         239,      -5.868265665,      -2.997949333,      -3.878520264,      -3.848635412,     -0.4013884973,    0.005756145279,    0.005756145279,      0.7284839365,       559.7527096,       179473.5862,       179473.5862,       2.233889117,       577328.7342,       7.550027978,       243.1986691,         17.11218124,     -0.0003038650704,               0.1450014915,       574.6262669,       574.6262669,       196734.2057,       196734.2057,      -1093.785926,        0.08538123705,        -0.07962509177,       90283.68604,        89189.90012,           288.3332702,            286.2929967,            99410.28137,             97323.92437
          0,           0,         240,        -5.8940335,      -2.998130752,      -3.872166886,      -3.848514647,     -0.4262668467,    0.005209260482,    0.005209260482,      0.7285518299,       559.8099845,       179533.8561,       179533.8561,       2.234408706,       577387.7909,       6.686865044,       243.2319416,         17.15510407,     -0.0002962223994,               0.1448404208,       574.6850471,       574.6850471,       196799.5696,       196799.5696,      -1152.707389,        0.08513787221,        -0.07992861173,       90343.28173,        89190.57434,           288.3390994,            286.3459477,            99411.44465,             97388.12492
          0,           0,         241,      -5.920702891,      -2.998665753,      -3.866448133,      -3.848643774,     -0.4519109027,     0.00465922545,     0.00465922545,      0.7285952628,       559.8687903,       179595.3884,       179595.3884,       2.234937648,        577447.789,        5.81902132,       243.2571722,         17.19817019,     -0.0002895894151,               0.1446842071,       574.7447644,       574.7447644,       196865.5537,       196865.5537,      -1212.272115,        0.08489038941,        -0.08023116396,       90403.83023,        89191.55812,           288.3454122,            286.3993522,            99412.86163,             97452.69211
          0,           0,         242,      -5.947455451,      -2.999540545,      -3.861620965,      -3.848939277,     -0.4771456945,    0.004104015264,    0.004104015264,      0.7286178106,       559.9256699,       179655.9852,       179655.9852,       2.235462371,       577505.3042,       4.943133032,       243.2748204,         17.24131788,     -0.0002837058394,               0.1445301184,       574.8020104,       574.8020104,       196929.9148,       196929.9148,      -1272.551408,        0.08463742975,        -0.08053341449,       90464.26833,        89191.71692,           288.3499467,            286.4520637,            99413.22146,              97516.6933
          0,           0,         243,      -5.975204035,      -3.000782183,      -3.857722932,      -3.849705504,     -0.5030655155,    0.003548222939,    0.003548222939,      0.7286281168,         559.98176,       179716.9785,       179716.9785,       2.235994939,       577561.8849,       4.065760419,       243.2880154,         17.28446361,     -0.0002788213329,               0.1443793519,       574.8583262,       574.8583262,       196994.5678,       196994.5678,      -1333.515886,         0.0843827981,        -0.08083457516,       90525.24719,        89191.73131,            288.353545,            286.5047812,             99413.9685,             97580.59934
          0,           0,         244,      -6.002361601,      -3.002481821,      -3.854939724,      -3.851237615,     -0.5282753255,    0.002990464858,    0.002990464858,      0.7286346434,       560.0354583,        179776.822,        179776.822,       2.236522466,       577616.2249,       3.184090304,       243.2992575,         17.32751908,     -0.0002750628712,               0.1442280756,       574.9124118,       574.9124118,       197058.2273,       197058.2273,      -1396.170246,        0.08412616444,        -0.08113569959,       90586.49611,        89190.32586,           288.3561057,            286.5563061,            99414.78726,             97643.44006
          0,           0,         245,      -6.027099999,      -3.004633331,      -3.853208449,      -3.853128639,     -0.5509824703,    0.002430766315,    0.002430766315,      0.7286276287,       560.0877539,       179836.0621,       179836.0621,       2.237047866,       577668.9539,       2.299503515,       243.3054345,         17.37059679,     -0.0002729583917,                0.144079857,        574.964894,        574.964894,       197121.0249,       197121.0249,      -1459.026504,        0.08386657027,        -0.08143580396,       90647.54429,        89188.51778,           288.3572091,            286.6076849,            99415.05422,             97705.97071
          0,           0,         246,      -6.049357718,       -3.00720114,      -3.852562702,      -3.855659693,      -0.571164749,    0.001872044543,    0.001872044543,      0.7286033654,       560.1407174,       179895.8752,       179895.8752,       2.237577518,       577722.0616,       1.416793771,       243.3057751,         17.41367986,     -0.0002720688252,               0.1439377151,       575.0177531,       575.0177531,       197184.0779,       197184.0779,       -1521.77234,         0.0836054639,        -0.08173341936,       90708.82378,        89187.05144,           288.3582616,            286.6594916,             99415.5006,              97768.5773
          0,           0,         247,      -6.069333016,      -3.010224011,      -3.853084655,       -3.85896764,     -0.5893019374,    0.001316966271,    0.001316966271,      0.7285790312,       560.1935907,       179955.7421,       179955.7421,       2.238107915,       577775.4637,      0.5385070223,       243.3058929,         17.45676239,     -0.0002722980129,               0.1437996505,       575.0709052,       575.0709052,       197247.6511,       197247.6511,      -1586.030918,        0.08334596002,        -0.08202899375,       90770.88653,        89184.85561,           288.3604025,            286.7105026,            99417.30794,             97830.34315
          0,           0,         248,      -6.083774061,      -3.013774959,      -3.854954642,       -3.86285754,     -0.6023885942,   0.0007613114222,   0.0007613114222,       0.728534879,       560.2463218,        180014.523,        180014.523,        2.23862515,       577828.2938,      -0.339652608,       243.2991312,         17.49982733,     -0.0002736779966,               0.1436670061,        575.123488,        575.123488,       197309.5219,       197309.5219,      -1650.160069,        0.08308316465,        -0.08232185323,       90832.34156,        89182.18149,           288.3625285,            286.7609595,            99418.16487,               97891.357
          0,           0,         249,      -6.092373426,      -3.017451459,      -3.858074931,      -3.867291816,     -0.6099128189,   0.0002107769325,   0.0002107769325,      0.7284936364,       560.2979019,       180072.5705,       180072.5705,        2.23913762,       577880.4305,      -1.210645871,       243.2929531,         17.54277622,     -0.0002755830204,               0.1435384341,       575.1753807,       575.1753807,       197371.1792,       197371.1792,      -1714.976506,        0.08282280307,        -0.08261202614,       90893.77351,        89178.79701,           288.3648013,            286.8105793,            99419.78773,             97951.39148
          0,           0,         250,      -6.095073017,      -3.021756369,      -3.862496428,       -3.87225219,     -0.6122227181,   -0.000340184903,   -0.000340184903,      0.7284263426,       560.3489117,       180129.1045,       180129.1045,       2.239633427,       577931.2888,      -2.080072155,       243.2777377,         17.58570312,     -0.0002781893713,               0.1434171919,       575.2260009,       575.2260009,       197430.3522,       197430.3522,      -1778.181277,        0.08255837903,        -0.08289856393,       90953.64291,        89175.46163,            288.365974,             286.860027,            99419.39537,             98010.95682
          0,           0,         251,      -6.092007516,      -3.026213761,       -3.86828763,      -3.877776743,     -0.6093923205,  -0.0008818059632,  -0.0008818059632,        0.72836699,       560.3997655,       180185.6536,       180185.6536,       2.240129816,       577982.6611,      -2.936140365,       243.2650093,         17.62854236,     -0.0002812264209,               0.1433024136,       575.2771327,       575.2771327,       197490.3525,       197490.3525,       -1842.03254,        0.08229936223,         -0.0831811682,       91013.84307,        89171.81053,           288.3682953,            286.9088374,            99420.71752,             98069.63497
          0,           0,         252,      -6.081680313,      -3.031048396,      -3.875202177,      -3.883694024,     -0.6000212202,   -0.001421796893,   -0.001421796893,      0.7282733278,       560.4512221,       180241.2223,       180241.2223,       2.240611551,       578033.6019,      -3.786503611,        243.240739,         17.67135839,     -0.0002845775999,               0.1431985048,       575.3278351,       575.3278351,       197548.0273,       197548.0273,      -1903.174626,        0.08203656988,        -0.08345836677,       91072.19848,        89169.02386,           288.3698408,            286.9579943,            99419.82338,             98128.20391
          0,           0,         253,      -6.068837505,      -3.036427642,      -3.883459523,      -3.890089338,     -0.5883247284,   -0.001949559922,   -0.001949559922,      0.7281770361,       560.5028764,       180297.6698,       180297.6698,       2.241103309,       578084.9503,      -4.618030818,       243.2155174,         17.71413358,     -0.0002879261761,               0.1431062164,       575.3789431,       575.3789431,       197606.9198,       197606.9198,      -1963.281263,        0.08177985042,        -0.08372941034,       91130.47552,        89167.19426,           288.3716556,            287.0072875,            99420.35483,             98186.56496
          0,           0,         254,      -6.051153213,      -3.042205227,       -3.89295011,      -3.896862476,     -0.5726232665,   -0.002475733507,   -0.002475733507,      0.7280575893,       560.5533197,       180351.4226,       180351.4226,       2.241566249,       578134.4268,      -5.445192247,       243.1821211,         17.75692782,     -0.0002912556307,                0.143022235,        575.428188,        575.428188,       197662.1215,       197662.1215,      -2022.422388,        0.08151997032,        -0.08399570383,       91186.92247,        89164.50008,           288.3733038,            287.0548842,            99418.81194,             98243.30956
          0,           0,         255,      -6.033029821,      -3.048259498,      -3.903786239,      -3.903857792,     -0.5560094873,   -0.002991472343,   -0.002991472343,      0.7279541575,         560.60153,       180403.4956,       180403.4956,       2.242017023,       578182.5408,      -6.257596134,       243.1534913,         17.79961173,     -0.0002948434703,               0.1429435467,       575.4760768,       575.4760768,       197716.6125,       197716.6125,      -2082.322438,        0.08126637891,        -0.08425785125,       91242.90901,        89160.58657,           288.3754119,            287.1006649,            99418.37928,             98298.23318
          0,           0,         256,      -6.011450389,       -3.05462676,      -3.915777118,      -3.911070133,     -0.5360561066,   -0.003501139047,   -0.003501139047,      0.7278313063,       560.6493055,       180454.6756,       180454.6756,       2.242458468,       578229.6913,      -7.058030548,       243.1181691,         17.84217011,     -0.0002981502971,               0.1428750134,       575.5230066,       575.5230066,       197769.5267,       197769.5267,      -2139.166762,        0.08101314069,        -0.08451427973,       91296.92118,        89157.75442,           288.3762096,             287.146797,            99416.40481,             98353.12189
          0,           0,         257,      -5.990056513,      -3.061592972,      -3.929145604,      -3.918599482,     -0.5162908541,   -0.004001287669,   -0.004001287669,      0.7277123276,       560.6938686,       180503.8146,       180503.8146,       2.242887317,       578273.9396,      -7.843748683,       243.0833898,         17.88465218,       -0.00030109788,               0.1428142484,       575.5670478,       575.5670478,       197820.7063,       197820.7063,      -2195.046668,        0.08076431708,        -0.08476560474,       91349.43065,        89154.38398,           288.3755216,            287.1915262,            99414.12926,             98406.57708
          0,           0,         258,      -5.969001103,      -3.069029114,      -3.943879379,      -3.926474825,     -0.4969240953,    -0.00449483906,    -0.00449483906,      0.7275922475,       560.7356758,       180550.0427,       180550.0427,       2.243290893,       578315.5589,      -8.619116131,       243.0475218,         17.92722178,     -0.0003042100485,               0.1427611811,       575.6084722,       575.6084722,       197868.9574,       197868.9574,      -2250.450644,        0.08051739788,        -0.08501223694,       91400.24668,        89149.79603,           288.3741277,            287.2343445,             99410.8801,             98458.07732
          0,           0,         259,      -5.948080508,      -3.076618933,      -3.959856603,      -3.934339448,     -0.4774676708,   -0.004976208849,   -0.004976208849,      0.7274846052,       560.7758037,       180594.6674,       180594.6674,       2.243681176,       578356.1641,       -9.37604691,        243.015346,          17.9697577,     -0.0003078063974,               0.1427162754,       575.6488874,       575.6488874,       197916.3214,       197916.3214,       -2305.16986,        0.08027726958,        -0.08525347843,       91449.91861,        89144.74875,           288.3728131,            287.2760742,            99408.15615,             98508.16524
          0,           0,         260,       -5.92724265,      -3.084459033,      -3.976888582,       -3.94199799,      -0.457950835,   -0.005446088624,   -0.005446088624,      0.7273819107,       560.8154107,        180637.867,        180637.867,       2.244055774,       578396.6247,      -10.11488773,       242.9846009,         18.01228997,     -0.0003118376709,               0.1426807934,       575.6891586,       575.6891586,       197962.6079,       197962.6079,      -2358.870718,        0.08004274274,        -0.08548883137,       91498.36887,        89139.49815,           288.3722741,            287.3168845,            99405.65056,             98556.95738
          0,           0,         261,      -5.906911838,      -3.092699366,      -3.994683241,      -3.949566254,      -0.438781039,   -0.005905575703,   -0.005905575703,      0.7272825761,       560.8531772,       180678.4064,       180678.4064,       2.244404645,       578435.5005,      -10.83694193,       242.9544846,         18.05476844,     -0.0003160569574,                0.142653973,       575.7278524,       575.7278524,       198006.3706,       198006.3706,      -2411.181324,        0.07981263837,        -0.08571821407,       91544.79388,        89133.61255,           288.3715725,            287.3562798,            99402.35349,             98604.01709
          0,           0,         262,      -5.887592008,      -3.101197957,      -4.012932159,      -3.956828971,     -0.4205106494,   -0.006349098888,   -0.006349098888,      0.7271946095,        560.889281,       180717.7807,       180717.7807,       2.244745733,       578473.2437,      -11.53421606,       242.9277279,         18.09719652,     -0.0003208403492,               0.1426383951,       575.7654189,       575.7654189,       198049.5712,       198049.5712,      -2461.543308,        0.07959135662,        -0.08594045551,       91589.66199,        89128.11868,           288.3702554,            287.3951635,            99399.54403,             98650.02716
          0,           0,         263,      -5.869223311,       -3.11016565,      -4.031418606,      -3.963857047,     -0.4031401248,   -0.006777673156,   -0.006777673156,      0.7271211633,       560.9229276,       180755.0478,       180755.0478,       2.245070443,       578509.1514,      -12.20894693,       242.9052093,         18.13955763,     -0.0003262769588,               0.1426321367,       575.8011585,       575.8011585,       198091.3108,       198091.3108,      -2511.028178,        0.07937836126,        -0.08615603442,       91633.03799,        89122.00981,            288.368709,            287.4324495,            99397.16913,             98694.14169
          0,           0,         264,      -5.852193772,      -3.119649763,      -4.049907065,      -3.970711898,     -0.3870941197,   -0.007193327714,   -0.007193327714,      0.7270432709,       560.9554626,       180790.5702,       180790.5702,       2.245378053,       578543.8188,      -12.86192311,       242.8808829,          18.1817631,     -0.0003320268684,               0.1426373228,       575.8356636,       575.8356636,       198131.0546,       198131.0546,      -2557.504264,        0.07917060042,        -0.08636392813,       91674.03724,        89116.53298,           288.3663991,            287.4692645,            99393.78207,             98737.27255
          0,           0,         265,        -5.8358791,      -3.129400327,      -4.067657481,      -3.976949639,     -0.3715905661,   -0.007595134827,   -0.007595134827,      0.7269691176,        560.985014,       180823.3159,       180823.3159,       2.245663251,       578575.6236,      -13.49217212,       242.8571063,         18.22386804,     -0.0003381940107,               0.1426535027,       575.8673196,       575.8673196,       198168.0404,       198168.0404,      -2601.161679,        0.07896915273,        -0.08656428755,       91712.23877,        89111.07709,           288.3624577,            287.5048619,            99389.17873,             98778.86167
          0,           0,         266,      -5.820802586,      -3.139521258,      -4.083502868,      -3.982214571,     -0.3573088476,   -0.007979317913,   -0.007979317913,      0.7269152728,       561.0113432,       180853.8683,       180853.8683,       2.245934182,       578604.9505,      -14.09560513,       242.8393818,         18.26593585,       -0.00034507355,               0.1426801991,       575.8965092,       575.8965092,       198203.6513,       198203.6513,      -2643.169109,        0.07877806923,        -0.08675738714,       91748.51871,         89105.3496,           288.3575471,            287.5389621,            99384.95287,             98818.69838
          0,           0,         267,      -5.806569714,      -3.150082501,      -4.096624271,      -3.986709362,     -0.3437998191,   -0.008350667276,   -0.008350667276,      0.7268654604,       561.0345891,       180881.1528,       180881.1528,       2.246177034,       578631.2923,      -14.67766009,       242.8222847,         18.30784704,     -0.0003525720827,               0.1427165015,       575.9227277,       575.9227277,       198235.9448,       198235.9448,       -2682.28081,        0.07859262202,         -0.0869432893,        91781.7168,        89099.43599,           288.3510503,            287.5716773,            99379.08661,             98856.85821
          0,           0,         268,      -5.793270946,      -3.160938291,      -4.106384018,       -3.99064363,     -0.3311890099,   -0.008701735397,   -0.008701735397,      0.7268371188,       561.0563569,       180907.5329,       180907.5329,       2.246414691,       578656.9243,      -15.22859537,       242.8120422,         18.34960779,     -0.0003606706394,               0.1427639662,       575.9482397,       575.9482397,       198268.2448,       198268.2448,      -2719.409841,        0.07841952278,        -0.08712125818,       91813.47135,        89094.06151,           288.3445981,            287.6036416,            99374.41517,              98893.8296
          0,           0,         269,      -5.780672995,      -3.172046673,      -4.111899397,       -3.99411955,     -0.3191893592,   -0.009035932394,   -0.009035932394,      0.7268212375,       561.0759456,       180931.7337,       180931.7337,       2.246634148,       578680.7615,      -15.75278641,       242.8054884,         18.39118609,     -0.0003691267469,               0.1428217409,       575.9719654,       575.9719654,       198298.7261,       198298.7261,      -2754.238856,        0.07825552035,        -0.08729145275,       91842.98628,        89088.74742,           288.3377037,            287.6342617,            99369.54442,             98929.18163
          0,           0,         270,      -5.768994147,      -3.183497037,      -4.112877705,      -3.996961674,     -0.3080583798,   -0.009354066435,   -0.009354066435,      0.7268159577,        561.092713,       180953.2187,       180953.2187,       2.246831349,       578702.0563,      -16.25127078,       242.8018605,         18.43261278,     -0.0003780132958,               0.1428899561,       575.9931604,       575.9931604,       198326.6996,       198326.6996,        -2786.4611,         0.0780998063,        -0.08745387274,        91869.8399,         89083.3788,           288.3297454,            287.6634151,            99363.89611,             98962.80352
          0,           0,         271,      -5.758091615,      -3.195247859,      -4.109586602,      -3.999224645,     -0.2976908274,   -0.009653537113,   -0.009653537113,      0.7268238038,       561.1075582,       180973.0597,       180973.0597,       2.247016032,       578721.7876,       -16.7202367,       242.8022332,         18.47373488,     -0.0003872098822,               0.1429685759,       576.0127994,       576.0127994,       198353.4032,       198353.4032,      -2816.006066,        0.07795443317,        -0.08760797028,       91894.53286,        89078.52679,           288.3212192,            287.6915802,            99358.32594,             98995.07728
          0,           0,         272,       -5.74791822,      -3.207369169,      -4.101743029,      -4.000725298,     -0.2879797083,   -0.009935302699,   -0.009935302699,      0.7268463231,       561.1201885,       180990.5856,       180990.5856,        2.24718098,       578739.7059,      -17.16139006,       242.8070661,         18.51456264,     -0.0003964535415,               0.1430565229,       576.0306339,       576.0306339,       198378.1616,       198378.1616,      -2843.460038,         0.0778188141,         -0.0877541168,       91917.02282,        89073.56278,           288.3125517,            287.7180822,            99352.67479,              99025.4868
          0,           0,         273,      -5.738364914,      -3.219597028,      -4.090622998,       -4.00203175,     -0.2788536575,    -0.01019801477,    -0.01019801477,      0.7268830706,       561.1314023,       181006.6444,       181006.6444,       2.247333553,       578756.5814,       -17.5726332,        242.816392,         18.55508505,     -0.0004058037792,               0.1431547318,       576.0474304,       576.0474304,       198401.8407,       198401.8407,      -2868.624769,        0.07769392131,        -0.08789193608,       91937.63459,        89069.00982,           288.3040261,            287.7434042,            99347.42246,              99054.4182
          0,           0,         274,      -5.729453157,      -3.232083098,      -4.077759919,      -4.003228571,     -0.2703561805,    -0.01044295654,    -0.01044295654,      0.7269307553,       561.1409857,        181020.741,        181020.741,        2.24746847,       578772.0519,      -17.95554767,       242.8290749,         18.59524038,     -0.0004150279831,               0.1432624577,       576.0628284,       576.0628284,       198423.7319,       198423.7319,      -2891.340041,        0.07757854546,          -0.088021502,       91956.04051,        89064.70047,           288.2955162,            287.7673122,            99342.01728,             99081.71464
          0,           0,         275,      -5.721205968,      -3.244827666,      -4.062202396,      -4.003978558,      -0.262454573,    -0.01066957701,    -0.01066957701,      0.7269924482,       561.1483953,       181032.8505,       181032.8505,       2.247587581,       578785.6625,      -18.30987263,       242.8460509,          18.6350192,     -0.0004239629528,               0.1433792179,       576.0763753,       576.0763753,       198443.9282,       198443.9282,      -2912.012512,        0.07747334719,         -0.0881429242,       91972.43152,        89060.41901,           288.2867887,            287.7895866,            99336.74397,             99107.18424
          0,           0,         276,      -5.713460848,      -3.257702865,      -4.045221107,      -4.003594212,     -0.2550150938,    -0.01087874247,    -0.01087874247,      0.7270679297,        561.153637,       181042.7427,       181042.7427,       2.247687978,       578797.4069,      -18.63702716,       242.8672488,         18.67433532,     -0.0004325549849,               0.1435035718,       576.0880647,       576.0880647,       198462.1596,       198462.1596,      -2930.906932,        0.07737775893,         -0.0882565014,       91986.82481,        89055.91788,           288.2780345,            287.8100302,            99331.50382,             99130.65583
          0,           0,         277,      -5.706251766,      -3.270834557,      -4.028033819,      -4.003432787,     -0.2480849241,    -0.01107085405,    -0.01107085405,      0.7271536787,       561.1569113,       181050.6049,       181050.6049,        2.24777121,       578807.3382,      -18.93747485,       242.8915538,         18.71318871,     -0.0004406131877,               0.1436359196,       576.0979496,       576.0979496,       198478.4482,       198478.4482,      -2947.827057,         0.0772912668,        -0.08836212085,       91999.21597,        89051.38891,           288.2690647,            287.8288848,            99326.17936,             99152.26882
          0,           0,         278,      -5.699520529,       -3.28417145,      -4.011266083,      -4.002983377,     -0.2416170537,    -0.01124523184,    -0.01124523184,      0.7272470836,       561.1590337,       181057.0738,       181057.0738,       2.247841938,       578816.1648,      -19.20992652,       242.9182894,         18.75152241,      -0.000447942342,               0.1437768096,       576.1067348,       576.1067348,       198493.3349,       198493.3349,      -2962.547199,        0.07721417359,        -0.08845940542,       92009.81048,        89047.26328,           288.2601989,            287.8465359,            99321.01861,              99172.3163
          0,           0,         279,      -5.693124043,      -3.297728592,      -3.995315059,      -4.002402966,     -0.2354497338,    -0.01140241517,    -0.01140241517,      0.7273490581,       561.1596131,       181061.8158,       181061.8158,       2.247897552,       578823.5195,      -19.45547071,       242.9476653,         18.78940319,     -0.0004546385804,               0.1439262124,       576.1140551,       576.1140551,       198506.4936,       198506.4936,      -2975.431312,        0.07714617337,        -0.08854858854,       92018.62357,        89043.19226,           288.2514581,             287.862597,            99315.97181,             99190.52179
          0,           0,         280,      -5.687271934,      -3.311485212,      -3.979891921,      -4.000976572,     -0.2297893672,    -0.01154240418,    -0.01154240418,      0.7274617034,       561.1583971,       181064.8117,       181064.8117,       2.247938813,        578829.219,      -19.67433775,       242.9803495,         18.82680466,     -0.0004606396674,               0.1440834552,       576.1197279,       576.1197279,       198517.9922,       198517.9922,       -2986.68271,        0.07708752034,        -0.08862992452,       92025.74721,         89039.0645,             288.24275,             287.876978,            99311.16594,             99206.82621
          0,           0,         281,      -5.681772111,      -3.325475689,      -3.965565341,      -3.999587183,     -0.2244602665,    -0.01166660015,    -0.01166660015,      0.7275859597,         561.15498,        181065.542,        181065.542,        2.24796085,       578832.8999,      -19.86901068,       243.0165509,          18.8635877,     -0.0004660808157,               0.1442459817,       576.1233916,       576.1233916,       198527.3214,       198527.3214,      -2996.782511,        0.07703738143,        -0.08870398158,       92031.16223,        89034.37972,           288.2340914,            287.8893002,             99306.4199,             99220.90153
          0,           0,         282,       -5.67667697,      -3.339738069,      -3.952252679,      -3.998190389,     -0.2195205022,    -0.01177444169,    -0.01177444169,      0.7277182613,       561.1501296,       181064.7579,       181064.7579,        2.24796997,       578835.1888,      -20.03827471,       243.0552718,         18.89960125,     -0.0004708211851,               0.1444136845,       576.1256698,       576.1256698,       198535.1108,       198535.1108,      -3005.233683,        0.07699595105,        -0.08877039274,       92034.99578,         89029.7621,            288.225448,            287.9002218,            99301.88206,             99233.22878
          0,           0,         283,      -5.671782726,       -3.35423228,      -3.940218686,      -3.996724008,     -0.2147645253,     -0.0118656485,     -0.0118656485,      0.7278542227,       561.1443904,       181062.9847,       181062.9847,       2.247970535,       578836.4548,      -20.18146824,       243.0951714,         18.93480055,     -0.0004747735916,               0.1445872988,       576.1269299,       576.1269299,       198541.7072,       198541.7072,      -3011.791519,        0.07696308579,         -0.0888287343,       92037.38809,        89025.59657,           288.2168788,            287.9100511,            99297.65213,             99244.05505
          0,           0,         284,      -5.667385564,      -3.368956224,      -3.929078673,      -3.994752128,     -0.2104830514,    -0.01194085285,    -0.01194085285,      0.7279947548,       561.1375572,       181060.0393,       181060.0393,       2.247961038,       578836.5287,      -20.29994208,       243.1365044,          18.9691403,      -0.000477880932,               0.1447656597,       576.1270034,       576.1270034,       198546.9552,       198546.9552,      -3017.047199,         0.0769384867,        -0.08887933955,       92038.54325,        89021.49605,           288.2086575,            287.9183459,            99293.86547,             99253.08975
          0,           0,         285,      -5.663263425,      -3.383879835,      -3.919161062,      -3.992534022,     -0.2064596891,    -0.01200042266,    -0.01200042266,      0.7281375089,       561.1299156,       181056.1632,       181056.1632,       2.247943321,       578835.6108,      -20.39433854,        243.178539,         19.00262776,     -0.0004801828284,               0.1449489786,       576.1260898,       576.1260898,       198551.0046,       198551.0046,      -3021.139763,        0.07692178173,        -0.08892220438,       92038.65149,        89017.51173,            288.200924,            287.9251657,             99290.6281,             99260.37649
          0,           0,         286,      -5.659447142,      -3.398997347,      -3.910438772,      -3.990392167,     -0.2027325109,    -0.01204515349,    -0.01204515349,      0.7282825525,       561.1212824,       181051.2051,       181051.2051,       2.247916202,       578833.5235,      -20.46614678,       243.2212655,         19.03520683,     -0.0004815620195,                0.145136102,       576.1240122,       576.1240122,        198553.699,        198553.699,       -3024.45457,        0.07691251582,        -0.08895766932,       92037.82985,        89013.37528,           288.1937257,            287.9302865,            99287.96072,             99265.73828
          0,           0,         287,      -5.656035315,      -3.414252245,      -3.902624381,      -3.989013678,     -0.1994017068,    -0.01207559716,    -0.01207559716,       0.728427712,       561.1117254,       181045.1596,       181045.1596,        2.24787935,       578830.2531,      -20.51611621,       243.2639722,         19.06684685,     -0.0004820447902,               0.1453268668,       576.1207572,       576.1207572,       198554.9325,       198554.9325,      -3026.908022,          0.076910156,        -0.08898575316,       92036.03382,         89009.1258,           288.1869568,            287.9338004,            99285.71776,             99269.21473
          0,           0,         288,      -5.652923307,      -3.429558463,      -3.896199971,       -3.98633688,      -0.196357846,     -0.0120926223,     -0.0120926223,        0.72857267,       561.1011076,       181037.8149,       181037.8149,       2.247830665,       578825.6576,      -20.54566402,        243.306519,         19.09749936,     -0.0004816717274,               0.1455202847,       576.1161832,       576.1161832,         198554.47,         198554.47,      -3028.685702,        0.07691413187,        -0.08900675418,       92033.25031,        89004.56461,           288.1806151,            287.9355682,            99283.77875,             99270.69124
          0,           0,         289,      -5.650149535,      -3.444784568,      -3.890281508,      -3.984741595,     -0.1936432181,    -0.01209674467,    -0.01209674467,      0.7287140815,       561.0896294,       181029.3486,       181029.3486,       2.247771572,       578819.8124,      -20.55536618,       243.3478312,         19.12716391,     -0.0004804832697,               0.1457167418,       576.1103653,       576.1103653,       198552.3509,       198552.3509,      -3029.553296,        0.07692387324,        -0.08902061791,       92029.45097,        88999.89767,           288.1745259,            287.9358394,            99282.00536,             99270.34553
          0,           0,         290,      -5.647801198,      -3.459968117,      -3.885553561,      -3.982582262,     -0.1913562062,    -0.01208842421,    -0.01208842421,      0.7288495901,       561.0775375,       181019.8728,       181019.8728,        2.24770246,       578812.8805,      -20.54597795,       243.3871763,         19.15578972,     -0.0004784211992,                0.145915921,       576.1034659,       576.1034659,       198548.5877,       198548.5877,      -3029.655801,         0.0769389108,        -0.08902733502,       92024.76429,        88995.10849,           288.1688367,            287.9346292,            99280.43075,             99268.15691
          0,           0,         291,      -5.645736295,      -3.474827985,      -3.881688589,      -3.980707798,     -0.1893447262,    -0.01206810142,    -0.01206810142,      0.7289766198,       561.0649118,       181009.4702,       181009.4702,       2.247624043,       578804.8482,      -20.51811119,       243.4237084,         19.18337095,     -0.0004755648276,               0.1461180423,       576.0954712,       576.0954712,       198543.1549,       198543.1549,      -3028.931242,        0.07695875961,        -0.08902686103,       92019.20073,        88990.26949,           288.1634432,             287.932028,            99278.97021,             99264.18471
          0,           0,         292,      -5.644140014,      -3.489302885,      -3.878398158,      -3.978981909,     -0.1878002636,    -0.01203619588,    -0.01203619588,      0.7290923634,       561.0520291,       180998.3804,       180998.3804,       2.247538187,       578795.8929,      -20.47232544,       243.4565382,         19.20991791,     -0.0004719836525,                0.146323482,       576.0865579,       576.0865579,       198536.1868,       198536.1868,      -3027.355487,        0.07698297313,        -0.08901916901,       92012.86797,        88985.51248,           288.1584055,            287.9281524,            99277.64027,             99258.54655
          0,           0,         293,      -5.642794667,      -3.503212131,      -3.876010771,      -3.978006672,     -0.1865142364,     -0.0119932454,     -0.0119932454,      0.7291951527,       561.0387674,       180986.6084,       180986.6084,       2.247445437,       578785.8317,      -20.40950178,       243.4850789,         19.23541052,     -0.0004677234889,               0.1465320235,       576.0765437,       576.0765437,       198527.6193,       198527.6193,      -3024.985788,        0.07701109538,        -0.08900434078,        92005.7971,        88980.81131,            288.153559,            287.9229847,            99276.37945,             99251.23988
          0,           0,         294,      -5.641914708,      -3.516326825,      -3.874235104,      -3.977117845,     -0.1856964678,    -0.01193966886,    -0.01193966886,       0.729283135,       561.0251903,       180974.2531,       180974.2531,       2.247346759,       578774.6644,      -20.33037604,       243.5087196,         19.25983281,     -0.0004628239888,               0.1467435713,       576.0654287,       576.0654287,       198517.4807,       198517.4807,      -3021.933656,        0.07704273712,        -0.08898240598,       91998.09336,         88976.1597,            288.148883,            287.9165457,             99275.2106,             99242.27012
          0,           0,         295,       -5.64137013,      -3.528441736,      -3.873129653,      -3.975812623,      -0.185217384,    -0.01187587932,    -0.01187587932,      0.7293538313,       561.0115752,       180961.5703,       180961.5703,       2.247244219,       578762.5797,       -20.2355609,       243.5266754,         19.28323247,     -0.0004572802951,               0.1469586787,       576.0534005,       576.0534005,       198505.9361,       198505.9361,      -3018.230639,        0.07707749538,         -0.0889533747,       91989.90046,        88971.66983,           288.1444553,            287.9089453,            99274.19183,             99231.74428
          0,           0,         296,      -5.641193433,      -3.539366455,       -3.87289733,      -3.975940087,     -0.1851200592,    -0.01180240807,    -0.01180240807,      0.7294057618,       560.9979291,       180948.6327,       180948.6327,        2.24713868,        578749.536,      -20.12599195,       243.5384594,          19.3055267,     -0.0004511797763,               0.1471765759,       576.0404179,       576.0404179,       198493.0039,       198493.0039,      -3014.016141,        0.07711496157,        -0.08891736964,       91981.32442,        88967.30828,           288.1402341,            287.9001838,            99273.34229,             99219.66164
          0,           0,         297,       -5.64146701,      -3.548852638,      -3.873063235,      -3.975808058,     -0.1854828642,    -0.01171976261,    -0.01171976261,      0.7294372634,       560.9843676,       180935.5963,       180935.5963,       2.247031604,       578735.5971,       -20.0025183,       243.5435256,         19.32674274,     -0.0004445923816,               0.1473974309,       576.0265442,       576.0265442,       198478.7882,       198478.7882,      -3009.427446,        0.07715474249,         -0.0888745051,        91972.5119,        88963.08445,           288.1362846,            287.8902596,            99272.72381,             99206.06435
          0,           0,         298,      -5.642036451,      -3.556600045,      -3.874080012,      -3.976182406,     -0.1861477742,    -0.01162863886,    -0.01162863886,      0.7294459522,       560.9710266,       180922.5979,       180922.5979,       2.246924138,       578720.8184,      -19.86616969,       243.5410965,         19.34688601,     -0.0004375645818,               0.1476212633,       576.0118347,       576.0118347,       198463.3374,       198463.3374,       -3004.50968,        0.07719626197,        -0.08882490083,       91963.55377,        88959.04409,           288.1326239,            287.8792108,            99272.31078,             99191.02665
          0,           0,         299,      -5.643041561,      -3.562650585,      -3.875654814,      -3.977702835,     -0.1872733882,    -0.01152933791,    -0.01152933791,      0.7294303053,       560.9580801,       180909.8632,       180909.8632,       2.246818382,       578705.3254,      -19.71750607,       243.5306955,         19.36595716,     -0.0004301524723,               0.1478481323,       575.9964143,       575.9964143,       198446.8339,       198446.8339,      -2999.366669,        0.07723927794,        -0.08876861585,       91954.61493,        88955.24826,             288.12929,            287.8671243,            99272.20968,             99174.62421
