"Time_Iter","Outer_Iter","Inner_Iter",    "rms[Rho]"    ,    "rms[RhoU]"   ,    "rms[RhoV]"   ,    "rms[RhoW]"   ,    "rms[RhoE]"   ,  "Avg_Massflow"  ,  "Avg_Massflow"  ,    "Avg_Mach"    ,    "Avg_Temp"    ,    "Avg_Press"   ,    "Avg_Press"   ,   "Avg_Density"  ,  "Avg_Enthalpy"  ,  "Avg_NormalVel" ,   "Uniformity"   ,"Secondary_Strength","Momentum_Distortion","Secondary_Over_Uniformity",  "Avg_TotalTemp" ,  "Avg_TotalTemp" , "Avg_TotalPress" , "Avg_TotalPress" ,  "Pressure_Drop" ,"Avg_Massflow(INLET)","Avg_Massflow(OUTLET)","Avg_Press(INLET)","Avg_Press(OUTLET)","Avg_TotalTemp(INLET)","Avg_TotalTemp(OUTLET)","Avg_TotalPress(INLET)","Avg_TotalPress(OUTLET)"
          0,           0,           0,      -4.354879735,      -2.825026678,      -2.875098671,      -3.205159816,       1.114563426,      0.0695712835,      0.0695712835,      0.5889329278,       574.5337213,       195874.2433,       195874.2433,       2.375118191,       587308.0469,       94.54595823,       104.4591956,         101.2472458,       -0.01171974414,                20.46919423,       584.5588666,       584.5588666,       208092.9772,       208092.9772,      -631.0329238,        0.07212346097,       -0.002552177469,        98252.6381,        97621.60518,           292.2342988,            292.3245678,            104279.6704,             103813.3068
          0,           0,           1,      -4.508083459,      -2.332954034,       -2.60833258,      -2.940465906,      0.9627759784,     0.06499521283,     0.06499521283,      0.5817123914,       572.5556913,       193444.2133,       193444.2133,       2.353293669,       585049.9521,       87.32905114,       106.9303362,         100.7116394,       -0.01149777201,                10.28636611,       582.3113419,       582.3113419,       205207.7849,       205207.7849,      -1201.697733,        0.06992962819,       -0.004934415364,       97322.95554,         96121.2578,           291.2461957,            291.0651462,            103023.3233,             102184.4616
          0,           0,           2,      -4.563101518,      -2.154814894,      -2.485263146,      -2.811505584,      0.9064957293,     0.06101512119,     0.06101512119,       0.574679147,       570.8633817,       191381.4165,       191381.4165,       2.334509478,       583099.8854,       80.82988052,       109.3809638,         100.0730254,       0.005585228011,                6.980560302,       580.3704034,       580.3704034,       202736.3594,       202736.3594,      -1657.874818,        0.06802793844,       -0.007012817254,       96519.64567,        94861.77085,           290.3870518,            289.9833516,            101942.8283,              100793.531
          0,           0,           3,      -4.616115865,      -2.092559154,      -2.453572329,      -2.776770722,      0.8538022725,     0.05773817236,     0.05773817236,       0.568237482,       569.5385789,       189721.5399,       189721.5399,       2.319125827,       581553.0808,       75.25835755,       111.7484061,         99.38724999,        0.03547305688,                5.381244013,       578.8308393,       578.8308393,       200733.4927,       200733.4927,      -1988.256171,         0.0664493454,       -0.008711173037,       95854.89804,        93866.64187,           289.6731092,            289.1577302,            101051.9881,             99681.50455
          0,           0,           4,      -4.632477249,       -2.09585134,      -2.469770766,      -2.789717628,      0.8382967921,     0.05518588031,     0.05518588031,      0.5628649279,       568.5763473,        188414.433,        188414.433,        2.30672008,       580405.6474,       70.73075863,       114.0816731,         98.66298101,        0.08664148525,                4.441829757,        577.688777,        577.688777,       199148.5436,       199148.5436,      -2242.505851,        0.06520246442,        -0.01001658411,       95328.46944,        93085.96359,           289.1045033,            288.5842737,            100349.4706,               98799.073
          0,           0,           5,      -4.616520699,      -2.128143948,      -2.501086912,      -2.816116457,      0.8563720725,      0.0533059743,      0.0533059743,      0.5592430772,       568.0141539,       187474.5802,       187474.5802,       2.297386375,       579708.1652,       67.10901649,       116.4764357,         97.88315991,         0.1553906975,                3.812387264,       576.9945598,       576.9945598,       198009.2528,       198009.2528,      -2388.141182,        0.06426329664,        -0.01095732234,       94931.36069,         92543.2195,           288.6724596,            288.3221002,            99821.11197,             98188.14083
          0,           0,           6,      -4.618237465,      -2.150004452,      -2.517748908,      -2.825455793,      0.8562668343,     0.05204318036,     0.05204318036,      0.5572206623,       567.8262915,       186854.6519,       186854.6519,       2.290639945,       579436.0251,       64.39454131,       119.0226062,         97.03841391,           0.25663484,                3.348816925,       576.7236936,       576.7236936,       197266.1698,       197266.1698,       -2448.40074,        0.06359881069,        -0.01155563033,       94651.52633,        92203.12559,           288.3653449,            288.3583487,            99449.08343,             97817.08636
          0,           0,           7,      -4.618742548,      -2.144758857,      -2.512679877,      -2.813514461,      0.8563575174,     0.05129348949,     0.05129348949,      0.5571697724,       567.9576883,       186480.8297,       186480.8297,       2.285797269,       579550.7753,       62.42243082,       121.8155289,         96.13802802,         0.3967831088,                 2.97899291,       576.8379067,       576.8379067,       196858.9921,       196858.9921,      -2454.895584,         0.0631546184,        -0.01186112891,       94467.86262,        92012.96703,            288.161833,            288.6760737,            99204.02136,             97654.97077
          0,           0,           8,      -4.634174625,      -2.142483058,      -2.510121106,       -2.80235188,      0.8398294726,     0.05092810908,     0.05092810908,      0.5590377776,       568.3532675,       186285.5759,       186285.5759,       2.282226986,       580002.4274,       61.09208272,       124.9056592,         95.20713017,         0.5922968929,                2.667484267,       577.2874446,       577.2874446,       196719.9119,       196719.9119,      -2411.702499,         0.0628603971,        -0.01193228802,        94348.6392,         91936.9367,           288.0247022,            289.2627423,            99044.20734,              97675.7046
          0,           0,           9,      -4.629973716,      -2.143826276,      -2.510919755,      -2.793441863,      0.8446802356,     0.05087168999,     0.05087168999,      0.5628258325,       568.9333556,       186195.5256,       186195.5256,        2.27932281,        580716.369,       60.41575034,       128.3039032,         94.28716347,         0.8698569295,                2.399437519,       577.9980442,       577.9980442,       196775.5312,       196775.5312,      -2362.344696,        0.06267847998,        -0.01180678999,       94278.93514,        91916.59045,           287.9396714,            290.0583727,            98949.33145,              97826.1997
          0,           0,          10,      -4.631291721,      -2.150955548,      -2.514320183,      -2.784594819,      0.8434304737,     0.05104546591,     0.05104546591,      0.5685264775,       569.6990948,       186215.7615,       186215.7615,       2.277108388,       581699.2379,       60.16326236,       132.0137071,         93.42445065,          1.232531338,                2.166222574,       578.9763123,       578.9763123,       197035.7911,       197035.7911,      -2275.978842,        0.06257906931,        -0.01153360341,       94245.87019,        91969.89135,           287.8929547,            291.0833576,            98902.34779,             98133.44331
          0,           0,          11,       -4.63135839,      -2.152003836,      -2.514249991,      -2.772001283,      0.8437822384,     0.05139251384,     0.05139251384,      0.5756989053,       570.4881569,       186230.1078,       186230.1078,        2.27475563,       582774.1804,       60.49139514,       135.9962126,         92.63632528,          1.743410252,                1.963559632,        580.046223,        580.046223,       197364.2432,       197364.2432,      -2252.803375,        0.06253984952,        -0.01114733568,        94241.4556,        91988.65223,           287.8765916,            292.1696315,            98892.12821,             98472.11496
          0,           0,          12,      -4.637517177,      -2.152880887,      -2.511935962,      -2.757520079,      0.8371816452,     0.05185576548,     0.05185576548,      0.5842076025,       571.3858988,        186319.071,        186319.071,       2.272895794,       584025.6951,       60.93885158,       140.1978866,          91.9038793,          2.362614711,                1.787855652,       581.2918794,       581.2918794,       197843.8703,       197843.8703,      -2201.345017,        0.06254474715,        -0.01068898167,       94260.20801,        92058.86299,           287.8851495,            293.4067299,             98910.9356,             98932.93471
          0,           0,          13,      -4.639404412,      -2.152048776,      -2.509809623,      -2.743553264,      0.8353781373,     0.05239322661,     0.05239322661,        0.59324786,       572.2271652,       186384.0978,       186384.0978,        2.27092485,       585255.4748,       61.68719353,       144.5419327,         91.21006301,           3.16427982,                1.636435165,       582.5159025,       582.5159025,       198336.7041,       198336.7041,      -2204.270018,        0.06258121806,        -0.01018799146,       94294.18389,        92089.91388,           287.9106709,            294.6052316,            98949.22381,             99387.48028
          0,           0,          14,      -4.643198142,      -2.153366352,      -2.508091118,       -2.73015663,      0.8315516334,     0.05296628408,     0.05296628408,      0.6027191185,       573.1134868,        186494.545,        186494.545,       2.269312229,       586560.9973,       62.33088019,       148.9442381,         90.54161622,          4.058238633,                1.506600827,       583.8153139,       583.8153139,       198909.9534,       198909.9534,      -2178.559002,        0.06263923427,       -0.009672950188,       94336.55201,        92157.99301,           287.9458628,            295.8694511,            98998.89906,             99911.05437
          0,           0,          15,      -4.647723528,      -2.154360888,      -2.507112681,      -2.717342696,      0.8269784283,     0.05354346705,     0.05354346705,      0.6119272438,       573.8844011,       186553.4883,       186553.4883,       2.267484508,       587749.8043,       63.02901823,       153.3827116,         89.88391035,          5.107683211,                1.394228902,       584.9985561,       584.9985561,       199428.2676,       199428.2676,       -2212.44648,        0.06270996031,       -0.009166493263,       94382.96739,        92170.52091,           287.9861855,            297.0123706,            99054.44231,             100373.8253
          0,           0,          16,      -4.654296801,      -2.152972456,      -2.504860294,      -2.704502177,      0.8205895596,     0.05410429678,     0.05410429678,      0.6212111066,       574.6425088,       186599.4268,       186599.4268,       2.265554858,       588937.6352,       63.45830444,       157.8229607,         89.22762241,           6.15712729,                1.296438346,       586.1808268,       586.1808268,       199944.9466,       199944.9466,        -2260.9864,        0.06278673558,         -0.0086824388,       94430.20658,        92169.22018,           288.0281315,            298.1526952,            99111.72978,             100833.2168
          0,           0,          17,       -4.66437355,      -2.150470041,      -2.502414899,      -2.692821015,      0.8103516827,     0.05463521039,     0.05463521039,      0.6296699554,       575.2558898,       186565.0028,       186565.0028,       2.263188521,       589951.7981,       63.89960401,       162.2347124,         88.53475112,          7.321109782,                1.210452129,       587.1902424,       587.1902424,       200344.3384,       200344.3384,      -2387.483608,        0.06286508702,       -0.008229876635,       94476.24321,         92088.7596,           288.0693975,            299.1208449,             99168.1147,             101176.2237
          0,           0,          18,      -4.676378294,      -2.144906656,      -2.499162331,      -2.682183737,       0.798498154,      0.0551249097,      0.0551249097,      0.6378261616,       575.8481776,       186498.3574,       186498.3574,       2.260538496,       590937.2525,       64.16675811,       166.5838645,         87.83080259,          8.464964896,                1.134890215,       588.1710839,       588.1710839,       200698.3549,       200698.3549,      -2539.220819,        0.06293985963,        -0.00781494993,        94518.7891,        91979.56828,           288.1076363,            300.0634476,             99220.5902,             101477.7647
          0,           0,          19,      -4.692665497,      -2.138740572,      -2.495618629,       -2.67293726,      0.7823016977,     0.05556711502,     0.05556711502,      0.6451043992,        576.320833,       186351.7826,       186351.7826,       2.257386646,       591768.1367,       64.47907307,       170.8427466,         87.12907363,          9.724371456,                1.068386825,       588.9980788,       588.9980788,       200926.4145,       200926.4145,      -2760.521039,        0.06300741903,       -0.007440304008,        94556.1518,        91795.63076,            288.141098,            300.8569808,            99266.95379,             101659.4607
          0,           0,          20,      -4.711037679,      -2.132223811,       -2.49110373,      -2.664532099,      0.7641157697,      0.0559543229,      0.0559543229,      0.6516465102,       576.7446707,       186151.3926,       186151.3926,       2.253798864,       592521.4323,       64.85872784,       174.9730999,         86.41782359,          11.13152468,                1.009671055,       589.7478482,       589.7478482,       201060.5961,       201060.5961,      -3022.578837,        0.06306524286,       -0.007110919953,       94586.98574,         91564.4069,            288.168434,            301.5794142,            99305.51032,             101755.0858
          0,           0,          21,      -4.732527139,      -2.126219328,      -2.485529426,      -2.656680597,      0.7431570395,     0.05628679283,     0.05628679283,      0.6576088846,       577.1842258,       185919.6696,       185919.6696,       2.249822766,       593268.8002,        65.3249315,       178.9178983,         85.70038673,          12.72372929,               0.9580501564,       590.4917177,       590.4917177,       201130.2452,       201130.2452,      -3301.883901,         0.0631116655,       -0.006824872669,       94610.77675,        91308.89285,           288.1890581,            302.3026596,             99335.5038,             101794.7414
          0,           0,          22,      -4.754316391,       -2.12141658,       -2.47882223,      -2.649231205,      0.7219733414,      0.0565605644,      0.0565605644,      0.6629138042,        577.646854,       185657.3818,       185657.3818,        2.24544838,        594014.128,        65.9381616,        182.623264,         84.99178552,          14.60961467,               0.9130083125,       591.2335566,       591.2335566,       201131.1116,       201131.1116,      -3597.727429,        0.06314590392,       -0.006585339523,        94627.5546,        91029.82717,           288.2029296,             303.030627,            99356.84478,             101774.2668
          0,           0,          23,      -4.773727243,      -2.118716334,      -2.471782519,       -2.64193736,      0.7032422861,     0.05676991333,     0.05676991333,      0.6672297123,       578.1193797,       185368.7163,       185368.7163,       2.240774202,       594729.7257,       66.78421268,       186.0361967,         84.28451324,          17.00180694,               0.8738672561,       591.9458046,       591.9458046,        201051.071,        201051.071,       -3907.21196,        0.06316788956,       -0.006397976233,       94637.96411,        90730.75215,           288.2106327,            303.7351719,            99370.14888,             101680.9221
          0,           0,          24,      -4.789905959,      -2.120567564,      -2.466348876,      -2.634737063,      0.6875660441,     0.05691888709,     0.05691888709,      0.6708488998,       578.6500799,       185065.7291,       185065.7291,       2.235781663,       595477.8781,       67.84492466,       189.1199421,         83.58132013,          20.06613685,               0.8400373993,       592.6904549,       592.6904549,       200917.0956,       200917.0956,        -4220.0625,        0.06317863424,       -0.006259747147,       94642.89581,        90422.83331,             288.21301,            304.4774449,            99376.43246,             101540.6632
          0,           0,          25,      -4.798371791,      -2.127105297,      -2.462966524,       -2.62699305,      0.6794318735,     0.05700547143,     0.05700547143,      0.6738450878,       579.2547098,        184751.502,        184751.502,       2.230457766,       596278.4748,        69.1089442,        191.840149,         82.88499319,          24.06698644,               0.8110414753,        593.487304,        593.487304,       200736.7437,       200736.7437,      -4534.416869,        0.06317976425,       -0.006174292819,       94642.95942,        90108.54255,           288.2109432,            305.2763609,            99376.54256,             101360.2012
          0,           0,          26,      -4.799726208,      -2.138313506,      -2.461862058,      -2.617868986,      0.6783995026,     0.05702250951,     0.05702250951,       0.676113038,       579.9300217,       184430.7103,       184430.7103,       2.224874976,       597124.3572,       70.56812185,       194.1698631,         82.19392595,          29.43754198,               0.7864175752,       594.3292268,       594.3292268,       200511.0548,       200511.0548,       -4847.74896,         0.0631734749,        -0.00615096539,       94639.22964,        89791.48068,           288.2056823,            306.1235445,            99371.86003,             101139.1948
          0,           0,          27,      -4.797085719,      -2.153316363,      -2.462658065,      -2.606725064,      0.6811810386,     0.05697280471,     0.05697280471,      0.6772899841,       580.6455645,       184117.5318,       184117.5318,       2.219302142,       597970.0129,        72.2633013,       196.1159733,         81.50862246,          37.14908701,               0.7655910236,       595.1709241,       595.1709241,       200240.2477,       200240.2477,       -5147.47374,        0.06316180681,       -0.006189002098,       94632.50278,        89485.02904,           288.1980244,            306.9728996,            99363.47302,             100876.7746
          0,           0,          28,       -4.79388402,      -2.170607873,      -2.464664241,       -2.59354476,      0.6845647263,      0.0568663604,      0.0568663604,      0.6777018057,       581.4326648,       183822.8728,       183822.8728,       2.213767251,       598862.6695,        74.1523583,        197.707658,         80.83328952,          48.66690815,               0.7479978505,       596.0594021,       596.0594021,       199953.9611,       199953.9611,      -5424.672516,         0.0631469762,       -0.006280615799,       94623.77268,        89199.10016,           288.1887282,            307.8706739,            99352.67933,             100601.2818
          0,           0,          29,      -4.793079755,      -2.188716197,      -2.467287353,      -2.579268442,      0.6855758186,     0.05670094099,     0.05670094099,      0.6775340435,       582.3064934,       183552.6469,       183552.6469,       2.208300554,       599826.7537,       76.15281464,       198.9660539,         80.17739826,           66.3909792,               0.7332894705,       597.0189735,       597.0189735,       199669.4084,       199669.4084,      -5675.725428,        0.06313088236,       -0.006429941365,       94614.18617,        88938.46075,           288.1787038,            308.8402697,            99340.87449,             100328.5339
          0,           0,          30,      -4.795223417,      -2.206529372,      -2.470071962,      -2.565448382,      0.6836305344,     0.05647862502,     0.05647862502,      0.6769614494,       583.2678081,        183307.946,        183307.946,       2.202925506,       600871.5262,       78.22463718,       199.9314739,          79.5527675,          95.44859512,               0.7210924592,       598.0588554,       598.0588554,       199397.9798,       199397.9798,      -5901.319376,        0.06311495682,       -0.006636331806,       94604.63268,        88703.31331,           288.1688194,            309.8900359,            99329.13689,             100068.8429
          0,           0,          31,      -4.799734444,      -2.223629434,      -2.472997768,      -2.553812424,      0.6793149893,      0.0562102358,      0.0562102358,      0.6761704853,       584.3176656,       183083.0674,       183083.0674,       2.197585294,       602007.0181,       80.37101439,       200.6441258,         78.96911434,          148.7604142,               0.7110850781,       599.1890321,       599.1890321,       199143.7455,       199143.7455,       -6108.59656,        0.06310021138,       -0.006889975585,       94595.83198,        88487.23542,           288.1597797,            311.0292523,             99318.3144,             99825.43105
          0,           0,          32,       -4.80532183,      -2.240222053,      -2.476329343,        -2.5458018,      0.6739423119,     0.05590892637,     0.05590892637,      0.6752485998,        585.459662,       182878.2538,       182878.2538,       2.192282862,       603241.6564,       82.62448252,       201.1415278,         78.43265236,          267.3299405,               0.7029853406,       600.4178911,       600.4178911,       198912.1858,       198912.1858,      -6298.544926,        0.06308752774,       -0.007178601367,       94588.39937,        88289.85445,           288.1521696,            312.2657215,            99309.13338,              99603.0524
          0,           0,          33,      -4.810410485,      -2.256879061,      -2.480520002,      -2.542502461,       0.669108148,     0.05558554033,     0.05558554033,      0.6736907446,       586.6441032,       182727.0941,       182727.0941,       2.187550908,       604500.9155,       84.99922575,       201.4680185,         77.94494424,          637.6306674,               0.6964657398,       601.6712556,       601.6712556,       198715.4117,       198715.4117,      -6438.243901,        0.06307743419,       -0.007491893862,       94582.66901,        88144.42511,           288.1462707,            313.5249849,            99301.99512,             99413.41657
          0,           0,          34,      -4.813786642,      -2.274137074,      -2.485908208,      -2.544589752,      0.6660373718,     0.05525779037,     0.05525779037,      0.6713720084,        587.841591,        182643.122,        182643.122,       2.183626153,       605747.7335,       87.37239067,        201.655758,         77.50934944,          2990.807012,               0.6913164344,       602.9122372,       602.9122372,       198561.8035,       198561.8035,      -6514.141313,        0.06306986232,       -0.007812071948,       94578.63163,        88064.49032,           288.1420003,            314.7702369,            99296.88078,             99264.92272
          0,           0,          35,      -4.815009449,      -2.292367477,      -2.492764055,      -2.552210886,      0.6651392144,     0.05493636882,     0.05493636882,      0.6690789261,       589.1033891,       182589.2861,       182589.2861,       2.179951183,       607071.9472,       89.67052207,       201.7374564,         77.12663816,          198433.5363,               0.6873201268,       604.2302523,       604.2302523,       198450.5101,       198450.5101,      -6563.215559,        0.06306478769,       -0.008128418874,       94576.25084,        88013.03528,           288.1392557,            316.0909966,            99293.75061,             99156.75947
          0,           0,          36,       -4.81444299,      -2.311570848,      -2.501168839,      -2.565121118,       0.666030281,     0.05462892128,     0.05462892128,      0.6668847108,       590.4197291,       182558.9888,       182558.9888,       2.176484328,       608466.8603,       91.90502426,       201.7369198,         76.79496835,          2032.946158,                0.684300297,       605.6186358,       605.6186358,       198377.7118,       198377.7118,      -6591.754322,        0.06306180064,       -0.008432879359,       94575.37157,        87983.61725,           288.1378498,             317.480786,             99292.3921,             99085.31974
          0,           0,          37,      -4.812611296,      -2.331485664,      -2.511050881,      -2.582627218,      0.6681643701,     0.05433934273,     0.05433934273,       0.664830975,       591.7917536,       182548.9737,       182548.9737,       2.173187303,       609934.6247,       94.08245874,       201.6623992,         76.51028175,          576.6066254,               0.6821608417,       607.0795297,       607.0795297,       198340.6891,       198340.6891,      -6602.577905,        0.06306032686,       -0.008720984126,       94575.77578,        87973.19788,           288.1376127,             318.941917,            99292.50864,             99048.18051
          0,           0,          38,      -4.810362857,      -2.351626117,      -2.522384033,      -2.603735109,        0.67064968,     0.05406944474,     0.05406944474,      0.6628648485,       593.2066709,       182562.2991,       182562.2991,       2.170129593,       611459.1801,       96.20684018,       201.5305242,         76.26612076,          271.0849385,               0.6807350938,       608.5969486,       608.5969486,        198339.394,        198339.394,       -6592.14268,        0.06305953004,       -0.008990085298,       94577.22087,        87985.07819,            288.138313,            320.4586356,            99293.74009,             99045.65394
          0,           0,          39,      -4.808451977,      -2.371424001,      -2.534973405,      -2.627081285,      0.6727116416,     0.05381814171,     0.05381814171,      0.6608960281,       594.6499144,       182605.6119,       182605.6119,       2.167411998,       613019.1451,       98.25055137,        201.358748,           76.058221,          159.2519307,               0.6798753407,       610.1496114,       610.1496114,       198375.0794,       198375.0794,      -6553.209965,        0.06305881558,       -0.009240673877,       94579.41093,        88026.20097,           288.1396279,            322.0099836,            99295.71112,             99079.36831
          0,           0,          40,      -4.807215845,       -2.39026959,      -2.548569418,      -2.651150204,       0.674046579,     0.05358408945,     0.05358408945,      0.6586264584,       596.0719626,       182691.4385,       182691.4385,       2.165270691,       614542.1084,       100.1146721,       201.1504642,          75.8770095,          107.8412764,               0.6794728109,       611.6654458,       611.6654458,       198441.9498,       198441.9498,      -6472.677276,        0.06305766725,       -0.009473577802,       94582.05786,        88109.38059,            288.141275,            323.5241708,            99298.06578,             99143.88399
          0,           0,          41,      -4.807162446,      -2.407709259,      -2.563086852,      -2.674257282,      0.6741320247,     0.05336735617,     0.05336735617,      0.6564600598,       597.4941203,       182795.8106,       182795.8106,       2.163399625,       616071.1732,       101.8033471,       200.9249197,         75.71970673,           79.8323959,               0.6793843813,        613.187353,        613.187353,       198534.7963,       198534.7963,      -6373.995957,        0.06305568328,       -0.009688327109,       94584.90328,        88210.90732,            288.143051,             325.044302,            99300.49509,             99234.30117
          0,           0,          42,      -4.808402228,      -2.423434029,      -2.578320012,      -2.694838624,      0.6728734641,     0.05316427694,     0.05316427694,      0.6545213331,       598.9197953,       182912.8318,       182912.8318,        2.16172658,       617615.5364,       103.3251326,       200.6934612,         75.58972182,          62.81556361,               0.6795705403,       614.7244871,       614.7244871,       198652.8812,       198652.8812,      -6262.499017,        0.06305251028,       -0.009888233347,       94587.66541,        88325.16639,           288.1446969,            326.5797901,            99302.67422,             99350.20693
          0,           0,          43,      -4.810850996,      -2.437233748,      -2.593987671,       -2.71164252,      0.6703988795,     0.05296935336,     0.05296935336,      0.6527764948,       600.3342338,        183040.415,        183040.415,       2.160254492,       619154.5263,       104.6592858,       200.4569832,         75.48602166,          51.87666462,                0.680016977,        616.256273,        616.256273,       198789.7058,       198789.7058,       -6140.00269,        0.06304805328,        -0.01007869992,       94590.20886,        88450.20617,           288.1461126,            328.1101604,            99304.45844,             99485.24737
          0,           0,          44,      -4.814248918,      -2.449058546,      -2.609754944,      -2.724327135,      0.6669972063,     0.05277766757,     0.05277766757,      0.6511767563,       601.7148889,       183178.4441,       183178.4441,       2.159023803,       620659.6803,       105.7865167,       200.2216306,         75.40460285,          44.61979981,               0.6806512294,       617.7543815,       617.7543815,       198940.9972,       198940.9972,       -6006.37179,         0.0630423093,        -0.01026464173,       94592.40792,        88586.03613,           288.1471995,             329.607182,            99305.72527,             99635.27191
          0,           0,          45,      -4.818371318,      -2.458907793,      -2.625262122,      -2.733300596,      0.6629044805,      0.0525792347,      0.0525792347,      0.6496439337,       603.0474681,       183323.2932,       183323.2932,       2.158023035,       622105.0066,       106.6363941,       199.9612522,         75.34211018,          40.00231009,               0.6816062119,       619.1929422,       619.1929422,       199094.0034,       199094.0034,      -5865.182394,        0.06303553337,        -0.01045629866,       94594.23781,        88729.05541,           288.1479715,            331.0449707,            99306.48826,             99787.51516
          0,           0,          46,      -4.822956944,      -2.466786796,      -2.640192565,      -2.739668367,      0.6583771205,     0.05236797371,     0.05236797371,      0.6481553406,       604.3104561,       183471.9157,       183471.9157,       2.157257299,       623465.0838,       107.1981446,       199.6802387,         75.29190902,          37.22374355,               0.6827989308,       620.5466529,       620.5466529,       199243.0995,       199243.0995,      -5719.365237,        0.06302792733,        -0.01065995363,       94595.64047,        88876.27523,           288.1483814,            332.3982715,            99306.71988,             99936.37958
          0,           0,          47,      -4.827776585,      -2.472684934,      -2.654261473,       -2.74503222,      0.6536194688,     0.05213517306,     0.05213517306,      0.6466756797,       605.4834412,       183621.0901,       183621.0901,       2.156727957,       624713.3452,       107.4365615,        199.372362,         75.25371535,          35.97445544,               0.6842701135,       621.7890712,       621.7890712,       199380.9029,       199380.9029,      -5571.978783,        0.06301971744,        -0.01088454439,       94596.53442,        89024.55564,           288.1483963,            333.6406748,            99306.37463,             100074.5283
          0,           0,          48,      -4.832558716,      -2.476691514,      -2.667431209,       -2.75078636,        0.64887766,     0.05187395539,     0.05187395539,      0.6452383378,       606.5572498,       183766.5853,       183766.5853,       2.156401042,       625843.2259,       107.3537818,       199.0478447,         75.22532287,          36.05421228,               0.6859421018,        622.913663,        622.913663,       199505.6589,       199505.6589,      -5427.095878,        0.06301116452,        -0.01113720913,        94596.8406,        89169.74472,           288.1479776,            334.7656854,            99305.41369,             100200.2453
          0,           0,          49,      -4.837006826,      -2.479046666,      -2.679820679,      -2.758091579,        0.64443189,     0.05157213682,     0.05157213682,      0.6437832047,       607.5142636,       183908.3267,       183908.3267,        2.15630439,        626829.799,       106.9124181,       198.6964711,         75.20635433,          37.64606451,               0.6878811563,       623.8956179,       623.8956179,       199612.4888,       199612.4888,      -5284.821289,        0.06300259973,        -0.01143046291,         94596.574,        89311.75271,           288.1471638,            335.7484541,            99303.89952,             100308.5893
          0,           0,          50,      -4.840911877,      -2.480065421,      -2.691695285,      -2.767759377,       0.640490373,     0.05122181276,     0.05122181276,      0.6422752026,        608.339072,       184046.5113,       184046.5113,       2.156465989,       627652.7297,       106.0852919,       198.3073016,         75.19654643,          41.20488598,                0.690161636,       624.7146965,       624.7146965,       199698.9706,       199698.9706,      -5145.094626,        0.06299442236,         -0.0117726096,       94595.80294,        89450.70832,           288.1460279,            336.5686686,             99301.9562,             100397.0144
          0,           0,          51,      -4.844114574,      -2.480108911,      -2.703330478,      -2.780311379,       0.637235642,     0.05081174406,     0.05081174406,      0.6406698495,        609.016046,       184184.1042,       184184.1042,       2.156933748,       628292.0753,       104.8587569,       197.8759208,         75.19688534,          47.68541573,               0.6928291673,       625.3510493,       625.3510493,       199765.7898,       199765.7898,      -5005.271098,         0.0629869562,        -0.01217521214,       94594.68765,        89589.41655,           288.1447267,            337.2063227,            99299.78481,              100466.005
          0,           0,          52,      -4.846749616,      -2.479414203,       -2.71477727,      -2.795847095,      0.6345531391,     0.05033010272,     0.05033010272,      0.6388542813,       609.5193381,       184324.7385,       184324.7385,       2.157783108,       628707.6046,       103.1646556,       197.3837081,         75.21006551,          59.69180701,               0.6960383758,       625.7646336,       625.7646336,       199807.0471,       199807.0471,      -4861.988038,        0.06298052561,        -0.01265042289,       94593.36325,        89731.37521,           288.1433768,            337.6212567,            99297.56246,             100509.4846
          0,           0,          53,      -4.849043385,      -2.477934604,      -2.725594913,      -2.813865199,      0.6322360517,     0.04976831499,     0.04976831499,       0.636894324,       609.8416448,       184467.8383,       184467.8383,       2.159018416,       628898.2699,       101.0043732,       196.8429186,         75.23801938,          83.21006896,               0.6997422914,       625.9544063,       625.9544063,        199827.819,        199827.819,      -4716.046566,        0.06297537636,        -0.01320706136,       94591.94244,        89875.89587,           288.1420885,            337.8123178,            99295.43348,             100532.3855
          0,           0,          54,      -4.851463258,      -2.475442351,       -2.73488369,      -2.833579979,      0.6298112109,     0.04911657455,     0.04911657455,      0.6348808279,       609.9885072,       184611.9298,       184611.9298,       2.160624127,       628877.6709,       98.36589521,       196.2586733,         75.28292546,           137.604674,               0.7039413957,       625.9339037,       625.9339037,       199833.5168,       199833.5168,      -4569.150687,        0.06297169996,        -0.01385512542,       94590.54024,        90021.38956,           288.1409712,            337.7929325,            99293.53651,             100539.9803
          0,           0,          55,      -4.854507794,      -2.471601134,      -2.741434284,      -2.853601126,      0.6267340302,     0.04837433087,     0.04837433087,      0.6328701872,       609.9514405,       184757.6298,       184757.6298,       2.162613276,       628640.4385,       95.24190249,       195.6480986,         75.34809167,          316.9968121,               0.7085665134,       625.6977819,       625.6977819,          199828.7,          199828.7,      -4420.792645,        0.06296955679,        -0.01459522592,       94589.21124,         90168.4186,           288.1400591,            337.5577227,             99291.9327,             100536.7673
          0,           0,          56,       -4.85863865,      -2.466158908,       -2.74405621,      -2.872336748,      0.6225076162,      0.0475304298,      0.0475304298,      0.6309281413,       609.7275145,        184904.955,        184904.955,       2.164986014,       628188.6677,       91.62468173,       195.0308257,         75.43731352,          2027.423833,               0.7135313037,       625.2481257,       625.2481257,       199818.3717,       199818.3717,      -4271.043346,        0.06296887271,        -0.01543844292,       94587.99916,        90316.95582,           288.1393744,            337.1087513,            99290.65359,             100527.7181
          0,           0,          57,      -4.864119662,      -2.459045698,      -2.741879561,      -2.887898077,       0.616806866,     0.04658873971,     0.04658873971,      0.6291847088,       609.3275989,       185054.3134,       185054.3134,       2.167725366,       627544.2658,       87.54762787,       194.4326733,         75.55456346,           3692.06387,               0.7187030852,       624.6067403,       624.6067403,       199812.0672,       199812.0672,      -4119.630761,        0.06296952582,        -0.01638078611,       94586.97207,        90467.34131,           288.1389838,            336.4677565,            99289.74792,             100522.3193
          0,           0,          58,       -4.87110848,       -2.45048454,      -2.734761735,        -2.8986456,      0.6094298538,     0.04555396049,     0.04555396049,      0.6277817449,       608.7708152,       185204.8883,       185204.8883,       2.170788809,       626738.9613,       83.05938796,        193.882598,         75.70366705,           281.677649,               0.7239174126,       623.8052054,       623.8052054,       199818.9473,       199818.9473,        -3967.3308,        0.06297131796,        -0.01741735747,       94586.10955,        90618.77875,           288.1388617,            335.6663437,            99289.16749,             100529.7798
          0,           0,          59,      -4.879465237,      -2.440969841,      -2.723420005,      -2.903553755,      0.6004937841,     0.04443442764,     0.04443442764,       0.626859402,       608.0758642,       185353.9249,       185353.9249,       2.174107605,       625805.3512,       78.22994109,       193.4200294,         75.88792279,          87.73023975,               0.7289223666,       622.8759655,       622.8759655,       199846.9479,       199846.9479,      -3816.904927,         0.0629740949,        -0.01853966726,       94585.41493,           90768.51,           288.1389906,            334.7369749,            99288.89324,             100558.0546
          0,           0,          60,      -4.888828587,      -2.431117493,      -2.709026209,      -2.902629813,      0.5903721551,     0.04324360396,     0.04324360396,      0.6264404309,       607.2625821,       185500.2865,       185500.2865,       2.177574731,       624767.3724,       73.16117693,       193.0842554,           76.109164,           40.4125824,                0.733441022,       621.8428455,       621.8428455,       199897.8428,       199897.8428,      -3669.415189,        0.06297765119,        -0.01973404723,       94584.85087,        90915.43568,           288.1392938,            333.7035518,            99288.85901,             100608.9838
          0,           0,          61,      -4.898803012,      -2.421495721,       -2.69303432,      -2.896904552,      0.5795043761,     0.04199014302,     0.04199014302,      0.6265032018,       606.3451132,       185639.6725,       185639.6725,       2.181099187,        623638.935,       67.89298716,       192.8857944,          76.3686626,          22.42515101,               0.7373875855,       620.7196903,       620.7196903,       199965.8815,       199965.8815,       -3529.14094,        0.06298179252,         -0.0209916495,       94584.40674,         91055.2658,           288.1397268,            332.5799635,            99289.02594,             100676.8555
          0,           0,          62,      -4.908799384,      -2.412564697,      -2.676711558,      -2.888005706,      0.5685597985,      0.0406842246,      0.0406842246,      0.6270855763,       605.3374963,       185765.0415,       185765.0415,       2.184614708,       622441.0491,       62.45554542,       192.8186512,         76.66646271,          13.86723567,               0.7407841668,       619.5274117,       619.5274117,       200047.6732,       200047.6732,      -3403.108606,        0.06298631743,        -0.02230209283,       94584.07506,        91180.96646,           288.1402614,            331.3871503,            99289.35716,             100758.3161
          0,           0,          63,      -4.918428516,      -2.404524041,      -2.660714212,      -2.877371082,       0.558015335,     0.03936729878,     0.03936729878,      0.6284002239,       604.2960046,       185876.8177,       185876.8177,       2.188004955,        621251.069,       57.04275436,       192.9528331,         77.00355398,           9.31790489,               0.7431227279,       618.3430019,       618.3430019,        200158.065,        200158.065,       -3290.88524,        0.06299101589,        -0.02362371711,       94583.85149,        91292.96625,           288.1408819,              330.20212,            99289.81756,             100868.2474
          0,           0,          64,      -4.927380687,      -2.397435353,       -2.64583532,      -2.866483409,       0.548278686,     0.03804960717,     0.03804960717,      0.6303531606,       603.2351062,        185971.449,        185971.449,       2.191226521,       620080.9752,       51.68409316,       193.2549179,         77.37649082,          6.628894554,               0.7445973125,       617.1783852,       617.1783852,       200289.1784,       200289.1784,      -3196.014059,        0.06299569141,        -0.02494608424,       94583.73151,        91387.71745,           288.1415682,             329.036817,            99290.37373,             100998.8047
          0,           0,          65,      -4.935511501,      -2.391255207,      -2.632244405,      -2.856038655,      0.5395671982,     0.03675185063,     0.03675185063,      0.6329035785,       602.1946173,       186054.1674,       186054.1674,       2.194244367,       618972.4993,       46.50185398,       193.7245637,         77.78043378,          4.944794626,                0.745162591,       616.0750982,       616.0750982,       200445.5446,       200445.5446,      -3113.223852,        0.06300018437,        -0.02624833374,        94583.6956,        91470.47175,           288.1422745,            327.9328237,            99290.98297,             101154.5616
          0,           0,          66,      -4.942786584,      -2.385899324,       -2.62009963,      -2.846479556,      0.5319527444,     0.03547599877,     0.03547599877,      0.6358334879,       601.1640576,       186122.2809,       186122.2809,       2.197075779,       617903.1881,        41.4748491,       194.2932834,         78.20748636,          3.811572142,               0.7452367433,       615.0107924,       615.0107924,       200612.8504,       200612.8504,      -3045.180622,        0.06300438364,        -0.02752838487,       94583.73077,        91538.55015,           288.1430035,            326.8677888,            99291.61661,             101321.2338
          0,           0,          67,      -4.949277413,       -2.38126823,      -2.609255436,      -2.837783443,      0.5253820989,     0.03423463116,     0.03423463116,      0.6391404012,       600.1538924,       186168.5953,       186168.5953,       2.199630119,       616886.1343,       36.64695284,       194.9680733,         78.64934668,          3.020093524,               0.7446987145,       613.9984993,       613.9984993,         200784.06,         200784.06,      -2999.049436,        0.06300819253,        -0.02877356137,       94583.82236,        91584.77292,           288.1437501,            325.8547493,            99292.24636,             101491.8136
          0,           0,          68,      -4.955026112,      -2.377314018,      -2.599622639,        -2.8296556,      0.5198063488,     0.03304387259,     0.03304387259,      0.6428216099,       599.1771451,       186190.7055,       186190.7055,       2.201852962,       615936.2825,       32.05023537,       195.7576672,         79.09869452,           2.45094752,               0.7434323467,       613.0530938,       613.0530938,       200957.2797,       200957.2797,      -2977.195026,        0.06301163876,        -0.02996776618,       94583.95028,        91606.75525,           288.1444893,            324.9086044,            99292.85686,             101664.4228
          0,           0,          69,      -4.960097344,      -2.374063113,      -2.591064847,       -2.82177897,      0.5151448219,     0.03190863735,     0.03190863735,      0.6468440877,       598.2285742,       186180.8889,       186180.8889,       2.203684386,       615046.7738,       27.66600606,       196.6563264,         79.54745075,          2.027592074,                0.741422024,       612.1677488,       612.1677488,       201122.5447,       201122.5447,      -2987.184982,        0.06301468447,        -0.03110604712,       94584.03693,        91596.85195,           288.1451519,             324.022597,            99293.36788,             101829.1769
          0,           0,          70,      -4.964556746,      -2.371540078,      -2.583477099,      -2.813730272,      0.5112981216,     0.03084088536,     0.03084088536,      0.6510757798,       597.3234038,        186145.791,        186145.791,       2.205155956,       614224.0657,       23.51558223,        197.626264,         79.98815611,           1.70558311,               0.7388828403,       611.3488918,       611.3488918,       201278.7159,       201278.7159,      -3022.451833,        0.06301756197,        -0.03217667661,       94584.12144,        91561.66961,           288.1457927,            323.2030991,            99293.85152,             101984.8644
          0,           0,          71,      -4.968476704,      -2.369807775,      -2.576756582,      -2.805139488,      0.5081461488,     0.02985171954,     0.02985171954,      0.6554777155,       596.4678139,       186084.1487,       186084.1487,       2.206240665,       613472.6419,       19.62620979,       198.6590822,         80.41339455,          1.457925554,               0.7358234876,       610.6009854,       610.6009854,       201422.2619,       201422.2619,      -3084.189069,        0.06302036485,        -0.03316864532,        94584.1689,        91499.97983,           288.1463961,            322.4545893,            99294.28847,             102127.9734
          0,           0,          72,       -4.97188783,      -2.368913842,      -2.570785654,      -2.795916598,      0.5056202436,     0.02895103958,     0.02895103958,      0.6599442594,       595.6706979,        186003.393,        186003.393,       2.206993484,       612796.0804,       16.02017213,       199.7285173,         80.81700272,          1.265404633,               0.7323837908,        609.927591,        609.927591,       201555.3206,       201555.3206,      -3164.937521,        0.06302328744,        -0.03407224785,       94584.16525,        91419.22772,           288.1469572,            321.7806338,              99294.694,             102260.6266
          0,           0,          73,      -4.974831376,      -2.368867948,       -2.56548713,      -2.786147642,      0.5036407799,     0.02814489314,     0.02814489314,      0.6644557184,       594.9382127,        185903.056,        185903.056,       2.207394627,       612201.2622,       12.72721395,       200.8383931,         81.19323594,          1.116415871,               0.7285020437,        609.335557,        609.335557,       201676.5925,       201676.5925,      -3264.990826,        0.06302633103,        -0.03488143788,       94584.02342,        91319.03259,           288.1474198,            321.1881373,            99294.98538,             102381.6072
          0,           0,          74,      -4.977309717,      -2.369694175,      -2.560782173,      -2.776089383,       0.502173929,      0.0274381655,      0.0274381655,      0.6689252239,       594.2763129,       185788.4637,       185788.4637,       2.207480536,       611688.2391,       9.763351632,       201.9687695,         81.53726468,          1.001307903,               0.7242818415,       608.8249354,       608.8249354,       201785.8905,       201785.8905,      -3378.924352,         0.0630296046,         -0.0355914391,       94583.69403,        91204.76968,           288.1477559,            320.6771795,            99295.13171,             102490.7588
          0,           0,          75,      -4.979307875,      -2.371378898,      -2.556616874,      -2.766110648,      0.5012046732,     0.02683411451,     0.02683411451,      0.6732891464,       593.6879302,        185664.814,        185664.814,       2.207298709,       611255.5759,       7.128385269,       203.1005733,         81.84496979,         0.9125616012,               0.7198208703,       608.3942975,       608.3942975,       201884.3322,       201884.3322,      -3501.408545,        0.06303319405,        -0.03619907953,       94583.11129,        91081.70275,           288.1479288,            320.2463687,            99295.08302,             102589.2492
          0,           0,          76,      -4.980804074,      -2.373902178,      -2.552937878,      -2.756613111,       0.500744536,     0.02633285075,     0.02633285075,       0.677519831,       593.1696403,       185533.5875,       185533.5875,       2.206874009,       610897.1933,       4.813365856,       204.2236337,         82.11302756,          0.844703445,               0.7151620471,       608.0375925,       608.0375925,        201970.879,        201970.879,      -3630.865928,        0.06303723832,        -0.03670438757,        94582.2267,        90951.36077,           288.1479145,             319.889678,            99294.81376,             102676.0653
          0,           0,          77,      -4.981774151,      -2.377263266,       -2.54973194,       -2.74792303,      0.5007758171,     0.02593464446,     0.02593464446,      0.6815679624,       592.7243192,        185400.093,        185400.093,       2.206253813,       610612.7069,       2.823052899,       205.3245511,         82.33872909,         0.7942274185,               0.7103700761,       607.7544378,       607.7544378,       202047.6945,       202047.6945,      -3761.891122,        0.06304189189,        -0.03710724742,       94580.99208,        90819.10096,           288.1476932,            319.6067446,            99294.30106,             102753.3935
          0,           0,          78,      -4.982134193,      -2.381463807,      -2.546976388,      -2.740330362,      0.5013633228,     0.02563773393,     0.02563773393,      0.6854229188,       592.3444683,       185263.7155,       185263.7155,       2.205449355,       610392.7099,       1.145433962,       206.3984165,         82.51973693,         0.7581741891,               0.7054570811,       607.5354706,       607.5354706,       202112.5074,       202112.5074,      -3895.043153,        0.06304733405,        -0.03740960012,       94579.37935,         90684.3362,           288.1472619,            319.3882086,              99293.545,             102818.9624
          0,           0,          79,      -4.981763023,      -2.386528492,      -2.544664417,      -2.734012519,      0.5026121846,     0.02543695705,     0.02543695705,      0.6890629846,       592.0263956,       185125.7436,       185125.7436,       2.204480123,       610230.8772,     -0.2363326255,       207.4387589,         82.65459113,          0.734118604,               0.7004504747,       607.3743955,       607.3743955,       202164.5668,       202164.5668,      -4029.012867,        0.06305376803,        -0.03761681098,       94577.37822,        90548.36535,           288.1466272,            319.2277683,             99292.5662,             102872.0006
          0,           0,          80,      -4.980646815,      -2.392502803,      -2.542819729,      -2.728953522,      0.5045009768,     0.02532854471,     0.02532854471,      0.6924799736,       591.7646788,       184989.4002,       184989.4002,       2.203395215,       610120.1504,      -1.341342136,       208.4368885,         82.74257776,         0.7200604556,               0.6953943752,        607.264187,        607.264187,       202206.1976,       202206.1976,      -4160.588926,        0.06306137293,        -0.03773282822,       94574.99455,        90414.40562,           288.1458126,            319.1183744,            99291.39738,             102914.8003
          0,           0,          81,      -4.978655069,       -2.39945661,      -2.541460016,      -2.725123026,      0.5071529981,      0.0253071222,      0.0253071222,      0.6956261722,       591.5614752,       184854.4518,       184854.4518,       2.202177231,       610060.0727,      -2.160582221,       209.3905428,         82.78350171,         0.7156554116,               0.6902966952,       607.2043905,       607.2043905,       202234.5877,       202234.5877,      -4289.972909,        0.06307025528,        -0.03776313308,       94572.21235,        90282.23944,            288.144824,            319.0595665,            99290.03953,             102944.5482
          0,           0,          82,      -4.975815149,       -2.40747029,      -2.540628388,      -2.722380785,      0.5105267056,     0.02536654883,     0.02536654883,      0.6983130612,       591.4409711,       184718.3499,       184718.3499,       2.200704955,       610066.6867,      -2.611320549,       210.2995713,         82.77808534,         0.7236455231,               0.6851600861,       607.2109735,       607.2109735,       202238.0814,       202238.0814,      -4419.687603,        0.06308050196,        -0.03771395313,       94569.01873,        90149.33112,           288.1436675,             319.067306,            99288.49371,             102949.5877
          0,           0,          83,      -4.972089232,       -2.41660849,      -2.540366572,      -2.720550831,      0.5146655781,     0.02550029588,     0.02550029588,      0.7006750948,       591.3767971,       184586.8379,       184586.8379,       2.199133793,       610118.0287,      -2.782068731,        211.158242,         82.72709457,         0.7405071255,               0.6800182779,       607.2620751,       607.2620751,       202228.8311,       202228.8311,       -4543.96513,        0.06309217712,        -0.03759188125,        94565.4015,        90021.43637,           288.1423466,            319.1197286,            99286.75822,             102942.0728
          0,           0,          84,      -4.967608844,      -2.426950678,      -2.540715458,      -2.719496697,      0.5194504129,     0.02570145715,     0.02570145715,      0.7028126637,       591.3453938,       184459.5652,       184459.5652,        2.19753262,       610193.8776,      -2.735677071,       211.9686872,         82.63098898,         0.7641044815,               0.6748582413,       607.3375691,       607.3375691,       202211.1476,       202211.1476,       -4663.27833,         0.0631055036,        -0.03740404645,       94561.42178,        89898.14345,           288.1409245,            319.1966445,            99284.92537,             102926.2222
          0,           0,          85,      -4.962483118,       -2.43853906,      -2.541704728,      -2.719007034,      0.5247971705,     0.02596350783,     0.02596350783,      0.7046995595,       591.3442311,       184338.1676,       184338.1676,        2.19592148,       610289.7656,      -2.482784117,       212.7262581,         82.48993722,         0.7941870986,               0.6697010993,       607.4330081,       607.4330081,       202185.3817,       202185.3817,      -4776.014636,        0.06312055229,        -0.03715704446,       94557.09114,        89781.07651,           288.1394336,            319.2935745,            99283.01759,             102902.3641
          0,           0,          86,      -4.956928593,      -2.451364462,      -2.543349171,      -2.718937552,       0.530508271,     0.02628185222,     0.02628185222,      0.7063291749,       591.3716086,       184224.6347,       184224.6347,       2.194324968,       610403.5311,      -2.033320499,       213.4276841,         82.30415879,         0.8306801411,               0.6645586296,       607.5462412,       607.5462412,       202153.5384,       202153.5384,      -4880.050833,        0.06313720783,        -0.03685535561,       94552.34277,        89672.29193,           288.1378377,            319.4084035,            99280.95427,             102872.5841
          0,           0,          87,      -4.951128298,      -2.465335551,      -2.545650828,      -2.719207669,       0.536437302,     0.02665073118,     0.02665073118,      0.7077123415,       591.4242679,       184119.7185,       184119.7185,       2.192759354,       610532.2536,      -1.403671772,       214.0744529,          82.0739588,         0.8734381058,               0.6594197592,        607.674361,        607.674361,       202117.1666,       202117.1666,      -4974.772987,        0.06315575724,        -0.03650502606,       94547.24574,        89572.47275,           288.1361918,            319.5381692,            99278.84476,             102838.3218
          0,           0,          88,       -4.94529323,      -2.480280371,      -2.548588109,      -2.719744515,      0.5423819688,     0.02706361473,     0.02706361473,      0.7088698238,       591.4955366,       184022.7092,       184022.7092,       2.191235461,       610669.4082,     -0.6208231152,       214.6685379,         81.80020583,         0.9219175593,               0.6542763819,       607.8108737,       607.8108737,       202076.3992,       202076.3992,      -5061.191835,        0.06317660248,        -0.03611298776,        94541.9505,        89480.75866,           288.1346266,            319.6762471,            99276.89429,             102799.5049
          0,           0,          89,       -4.93959091,       -2.49595055,      -2.552116389,      -2.720523281,       0.548184776,     0.02751463147,     0.02751463147,      0.7098179448,        591.584358,       183934.7962,       183934.7962,       2.189771593,        610814.245,      0.2928859926,       215.2109829,         81.48356342,         0.9757312099,               0.6491225133,       607.9550325,       607.9550325,       202033.2507,       202033.2507,       -5138.17808,        0.06319988361,        -0.03568525214,       94536.48713,        89398.30905,           288.1331794,            319.8218531,            99275.15373,              102758.097
          0,           0,          90,      -4.934197057,        -2.5119991,       -2.55617224,      -2.721629888,      0.5536740816,     0.02799777216,     0.02799777216,      0.7105745837,       591.6888052,       183855.9442,       183855.9442,       2.188371425,       610965.6168,       1.320030732,        215.705662,         81.12534369,          1.034769366,               0.6439425789,       608.1056957,       608.1056957,       201988.7183,       201988.7183,      -5205.728221,          0.063225648,        -0.03522787583,       94530.83623,        89325.10801,           288.1318393,            319.9738564,            99273.61254,             102715.1058
          0,           0,          91,      -4.929233427,      -2.528099016,      -2.560672363,      -2.723141618,      0.5587129734,     0.02850660021,     0.02850660021,      0.7111295138,       591.8095881,       183785.3642,       183785.3642,       2.187019871,       611123.6925,        2.45477834,       216.1577553,         80.72713295,          1.099508806,               0.6387165351,       608.2630314,       608.2630314,       201941.6203,       201941.6203,      -5264.482929,        0.06325379917,        -0.03474719895,       94524.92358,        89260.44065,           288.1305558,            320.1324757,            99272.18595,             102669.4344
          0,           0,          92,      -4.924789857,      -2.543850338,      -2.565546264,      -2.725253853,      0.5632020695,     0.02903432301,     0.02903432301,       0.711547078,       591.9366747,       183721.4786,       183721.4786,       2.185731216,       611280.9348,       3.659350639,        216.573994,         80.29045186,          1.168934405,               0.6334171631,       608.4195378,       608.4195378,       201893.4054,       201893.4054,      -5315.880462,        0.06328424697,        -0.03424992396,       94518.67954,        89202.79908,           288.1292839,            320.2902538,            99270.79455,             102622.6109
          0,           0,          93,      -4.920845387,       -2.55888657,      -2.570679729,      -2.728132415,      0.5671710176,     0.02957478015,     0.02957478015,      0.7118583009,       592.0682128,       183663.7004,       183663.7004,       2.184505811,       611436.7193,       4.909628949,       216.9592573,         79.81686595,          1.242430646,               0.6280289673,        608.574593,        608.574593,       201844.9969,       201844.9969,      -5360.477512,        0.06331707025,         -0.0337422901,       94512.08894,        89151.61142,            288.128015,            320.4465779,            99269.43649,             102575.5604
          0,           0,          94,      -4.917384165,      -2.572927106,      -2.575987639,      -2.732012144,      0.5706283448,     0.03012244813,     0.03012244813,      0.7120699661,       592.2033332,       183611.4738,       183611.4738,       2.183336036,       611590.4923,       6.195194049,       217.3174082,         79.30773489,          1.319964972,                0.622539221,       608.7276462,       608.7276462,       201796.1611,       201796.1611,      -5398.565769,        0.06335207179,        -0.03322962367,       94505.01981,        89106.45404,           288.1266493,            320.6009969,            99267.95634,             102528.2048
          0,           0,          95,      -4.914407537,      -2.585682774,      -2.581361661,      -2.737035748,      0.5735821641,     0.03067187704,     0.03067187704,      0.7120950018,       592.3615847,       183563.5584,       183563.5584,       2.182142858,       611757.8626,       7.542645616,       217.6502531,         78.76464396,           1.40351056,                0.616948845,        608.894233,        608.894233,       201741.0727,       201741.0727,      -5431.355749,        0.06338930947,        -0.03271743243,        94497.4571,        89066.10135,           288.1251804,            320.7690526,            99266.34927,             102474.7234
          0,           0,          96,      -4.911875761,      -2.596931923,      -2.586669888,      -2.743270738,      0.5760834664,     0.03121800407,     0.03121800407,      0.7119750831,       592.5388542,       183519.5323,       183519.5323,       2.180936531,       611936.8742,       8.930393352,       217.9627196,         78.19013745,          1.492570506,               0.6112521107,       609.0724066,       609.0724066,       201681.5313,       201681.5313,      -5459.268919,        0.06342893514,        -0.03221093107,       94489.40062,         89030.1317,           288.1236162,            320.9487905,            99264.63898,             102416.8923
          0,           0,          97,      -4.909844395,      -2.606378308,      -2.591843133,      -2.750745224,      0.5780833506,     0.03175689825,     0.03175689825,      0.7117514733,       592.7270158,        183479.364,        183479.364,       2.179742105,       612121.1314,       10.33246096,        218.257695,         77.58781736,           1.58611502,               0.6054614108,       609.2558013,       609.2558013,       201619.4496,       201619.4496,      -5482.228792,        0.06347098559,        -0.03171408734,       94480.79639,         88998.5676,           288.1219301,            321.1338712,            99262.78053,             102356.6691
          0,           0,          98,      -4.908396569,      -2.613584311,       -2.59676038,      -2.759318601,      0.5795119989,     0.03228554547,     0.03228554547,      0.7114073692,       592.9316388,       183441.7591,       183441.7591,       2.178525766,       612315.5964,       11.75371254,       218.5366944,         76.96089328,          1.684865903,               0.5995932412,       609.4493561,       609.4493561,       201552.7095,       201552.7095,      -5501.495247,        0.06351557455,        -0.03123002907,       94471.62716,        88970.13191,           288.1201322,             321.329224,            99260.77604,             102291.9334
          0,           0,          99,      -4.907680441,      -2.618029104,       -2.60133412,      -2.768790552,      0.5802119966,     0.03280076785,     0.03280076785,      0.7109166591,       593.1591216,       183407.6603,       183407.6603,       2.177277299,       612525.7148,       13.19732012,       218.8008345,         76.31286704,          1.789520744,               0.5936682446,       609.6584909,       609.6584909,       201481.2393,       201481.2393,      -5516.078053,        0.06356282094,        -0.03076205309,       94461.86918,        88945.79113,           288.1182219,             321.540269,             99258.6222,             102222.6171
          0,           0,         100,      -4.907836507,      -2.619175202,      -2.605503796,      -2.778714791,      0.5800328011,     0.03329934956,     0.03329934956,      0.7102744208,       593.4106826,        183376.842,        183376.842,       2.175991032,       612752.6503,       14.65691355,       219.0504986,         75.64715121,          1.900114587,               0.5877098211,       609.8843641,       609.8843641,       201404.7689,       201404.7689,      -5526.144185,        0.06361286162,        -0.03031351206,       94451.49308,         88925.3489,           288.1161839,            321.7681802,             99256.3134,             102148.4555
          0,           0,         101,      -4.909018148,      -2.616571122,      -2.609223964,      -2.788622743,      0.5787941077,     0.03377839938,     0.03377839938,      0.7095666926,       593.6668616,       183350.0809,       183350.0809,       2.174739482,       612980.5804,       16.08608656,       219.2839058,         74.96701836,          2.013262335,               0.5817502736,       610.1112273,       610.1112273,       201328.5019,       201328.5019,      -5530.899227,        0.06366590122,        -0.02988750183,       94440.49008,        88909.59085,           288.1140265,            321.9972008,            99253.87399,             102074.6279
          0,           0,         102,      -4.911420855,      -2.610107129,      -2.612489045,      -2.797918016,      0.5762785742,     0.03423426874,     0.03423426874,      0.7087831112,       593.9303469,       183326.4125,       183326.4125,       2.173505566,       613211.8749,        17.4762773,       219.4972513,         74.27553184,          2.127888191,               0.5758286413,       610.3414392,       610.3414392,       201251.0405,       201251.0405,      -5531.269873,          0.063722113,        -0.02948784426,       94428.84121,        88897.57133,           288.1117428,            322.2296964,            99251.31415,             101999.7264
          0,           0,         103,      -4.915035885,       -2.59997723,      -2.615332558,      -2.806082467,      0.5724658696,     0.03466492188,     0.03466492188,      0.7079377082,       594.1979004,       183305.9757,       183305.9757,         2.1723027,       613443.9297,       18.81401983,        219.688689,         73.57581404,          2.242367658,               0.5699743625,       610.5724077,       610.5724077,       201173.3388,       201173.3388,      -5527.083378,        0.06378157968,         -0.0291166578,       94416.52953,        88889.44615,           288.1093768,            322.4630309,            99248.63352,             101924.7052
          0,           0,         104,      -4.919978902,      -2.586847197,      -2.617821635,      -2.812564955,      0.5672155461,     0.03506969034,     0.03506969034,      0.7070223078,       594.4697188,       183288.8073,       183288.8073,       2.171131296,       613676.5414,       20.09605929,       219.8567195,         72.87106844,          2.355734887,               0.5642163357,       610.8039305,       610.8039305,       201095.1272,       201095.1272,      -5518.297465,        0.06384451923,        -0.02877482889,       94403.55241,        88885.25494,           288.1069277,            322.6970028,            99245.86501,             101849.2622
          0,           0,         105,      -4.926060611,      -2.571585303,      -2.620051298,      -2.817021543,      0.5607139079,     0.03544721887,     0.03544721887,      0.7060722672,       594.7367449,       183274.5781,       183274.5781,       2.170017589,       613901.9364,       21.30077195,       219.9995544,         72.16437371,          2.465064338,               0.5585831753,       611.0282704,       611.0282704,       201017.7881,       201017.7881,      -5505.208278,         0.0639110897,        -0.02846387083,       94389.89319,        88884.68491,           288.1043905,            322.9238799,            99243.01968,             101774.7684
          0,           0,         106,      -4.933180627,      -2.555150054,      -2.622151716,      -2.819382416,      0.5530552698,     0.03579669736,     0.03579669736,      0.7050858551,       594.9983221,       183263.0845,       183263.0845,       2.168962531,       614119.2792,       22.42249618,       220.1149351,         71.45872721,          2.568636054,               0.5531041092,       611.2445959,       611.2445959,       200941.0738,       200941.0738,      -5487.907587,        0.06398134318,        -0.02818464581,       94375.49602,        88887.58844,           288.1017281,            323.1428678,            99240.05486,             101701.0189
          0,           0,         107,       -4.94113039,      -2.538424737,      -2.624251928,      -2.819737159,      0.5444635564,     0.03611780147,     0.03611780147,      0.7040665101,       595.2532697,       183254.7564,       183254.7564,       2.167975497,        614327.515,       23.45661671,        220.202245,         70.75689057,          2.664791055,               0.5477997698,       611.4518569,       611.4518569,       200865.7346,       200865.7346,      -5465.961233,        0.06405542123,        -0.02793761976,       94360.35884,         88894.3976,           288.0989487,            323.3529082,            99236.99366,             101628.7409
          0,           0,         108,      -4.949581272,      -2.522117896,      -2.626464088,      -2.818482429,      0.5352894423,     0.03640992363,     0.03640992363,      0.7030295485,       595.4977236,       183248.9697,       183248.9697,       2.167061757,       614523.3512,       24.39360064,       220.2631065,           70.061365,          2.751376196,               0.5426795065,       611.6467764,       611.6467764,       200791.9999,       200791.9999,      -5439.996123,        0.06413346127,        -0.02772353763,       94344.48291,        88904.48679,           288.0960734,             323.550703,            99233.86221,             101558.1377
          0,           0,         109,      -4.958274776,      -2.506775673,      -2.628923563,      -2.816141885,      0.5258220198,     0.03667338663,     0.03667338663,      0.7019766318,        595.731396,       183246.8816,       183246.8816,       2.166235273,       614706.5301,       25.23160498,       220.2970546,         69.37435174,          2.826930272,               0.5377592152,       611.8290978,       611.8290978,         200721.33,         200721.33,      -5408.785884,        0.06421553493,         -0.0275421483,       94327.83374,        88919.04785,            288.093081,            323.7360169,            99230.64211,             101490.6878
          0,           0,         110,      -4.966845672,      -2.492732662,      -2.631684172,      -2.813249808,       0.516467679,     0.03690871679,     0.03690871679,      0.7009201274,       595.9523705,        183248.373,        183248.373,       2.165500139,       614875.6848,        25.9683238,        220.306988,         68.69737301,          2.890208086,               0.5330358545,       611.9974607,       611.9974607,       200654.3849,       200654.3849,      -5372.432443,        0.06430171798,         -0.0273930012,        94310.4027,        88937.97025,           288.0899853,            323.9074754,            99227.34101,             101427.0439
          0,           0,         111,      -4.974976509,      -2.480196222,      -2.634791122,      -2.810387025,       0.507593356,     0.03711573829,     0.03711573829,      0.6998723734,       596.1585643,       183254.0513,       183254.0513,       2.164868735,       615029.1725,       26.59823956,       220.2957551,         68.03175173,          2.939691606,               0.5285055984,         612.15023,         612.15023,       200592.5985,       200592.5985,      -5330.290613,        0.06439207519,         -0.0272763369,       94292.17097,        88961.88036,           288.0867659,             324.063464,              99223.955,             101368.6435
          0,           0,         112,      -4.982481014,      -2.469232271,      -2.638282349,      -2.807993369,      0.4994308085,     0.03729502033,     0.03729502033,      0.6988395688,       596.3500505,        183265.356,        183265.356,        2.16435613,       615167.3813,       27.12077593,       220.2655192,         67.37847893,          2.974562522,               0.5241655056,       612.2877918,       612.2877918,       200537.9851,       200537.9851,      -5280.941259,        0.06448668048,        -0.02719166015,       94273.14864,        88992.20739,           288.0834704,            324.2043214,            99220.51021,             101317.4749
          0,           0,         113,      -4.989201149,      -2.459809295,      -2.642104792,      -2.806375652,      0.4921770726,     0.03744567295,     0.03744567295,      0.6978428453,       596.5237332,       183281.4556,       183281.4556,       2.163961105,       615288.1068,       27.52804553,       220.2230842,         66.73842081,          2.993615405,               0.5199929851,       612.4079522,       612.4079522,       200490.8203,       200490.8203,      -5225.135468,         0.0645855212,        -0.02713984825,       94253.29555,        89028.16008,           288.0800627,            324.3278895,            99216.97079,             101273.8495
          0,           0,         114,      -4.995037671,      -2.451828611,      -2.646221219,      -2.805737351,       0.485964245,     0.03756818267,     0.03756818267,      0.6968917555,       596.6787829,       183304.1314,       183304.1314,       2.163703802,       615390.9311,       27.81923149,       220.1705516,         66.11184811,          2.996448597,               0.5159809195,       612.5102952,       612.5102952,       200453.6865,       200453.6865,       -5161.07353,        0.06468866674,        -0.02712048406,       94232.60248,        89071.52895,           288.0765074,            324.4337878,            99213.34277,             101240.3438
          0,           0,         115,       -5.00006053,      -2.445166375,      -2.650558265,      -2.806132455,      0.4807269929,     0.03766048076,     0.03766048076,      0.6960061889,       596.8138796,       183332.4709,       183332.4709,       2.163577511,       615475.5155,       27.98193213,       220.1155653,          65.4990722,          2.981853254,               0.5121006218,       612.5944836,       612.5944836,       200426.7195,       200426.7195,      -5089.687977,        0.06479616421,        -0.02713568345,       94211.07944,        89121.39146,           288.0728102,            324.5216735,            99209.64794,             101217.0716
          0,           0,         116,      -5.004392507,      -2.439679766,      -2.654981043,      -2.807486918,      0.4763332809,     0.03772163539,     0.03772163539,      0.6952006882,       596.9272004,       183366.4993,       183366.4993,       2.163586094,       615540.7155,       28.00987875,       220.0632006,          64.9000636,          2.949553494,               0.5083317182,       612.6593784,       612.6593784,       200410.8004,       200410.8004,      -5010.932506,        0.06490805901,        -0.02718642362,       94188.71589,        89177.78338,           288.0689079,            324.5904705,            99205.88724,             101204.9132
          0,           0,         117,       -5.00815818,      -2.435211398,      -2.659419744,      -2.809688393,        0.47264033,     0.03775077488,     0.03775077488,      0.6944826013,       597.0195902,       183407.6007,       183407.6007,       2.163741214,       615587.6408,       27.89758998,       220.0163907,         64.31432379,          2.899610401,               0.5046589079,        612.706084,        612.706084,       200407.8066,       200407.8066,      -4923.476627,        0.06502436433,        -0.02727358945,       94165.53866,        89242.06203,           288.0648755,            324.6412085,            99202.09445,             101205.7122
          0,           0,         118,      -5.011540212,      -2.431609031,      -2.663740702,      -2.812511764,      0.4694351771,     0.03774666985,     0.03774666985,      0.6938723632,       597.0880409,       183454.9164,       183454.9164,       2.164040725,       615614.2024,       27.63673642,       219.9812052,         63.74102996,          2.832330751,               0.5010520207,       612.7325213,       612.7325213,       200417.9414,       200417.9414,      -4828.136302,        0.06514503264,        -0.02739836279,       94141.52634,        89313.39003,           288.0606681,            324.6718532,            99198.24666,             101219.6947
          0,           0,         119,      -5.014698506,      -2.428765504,       -2.66787058,      -2.815743488,      0.4665261178,     0.03770704088,     0.03770704088,      0.6934010708,       597.1286435,        183506.173,        183506.173,       2.164469914,       615618.0207,       27.21523065,       219.9666637,          63.1792823,          2.748150898,               0.4974696391,       612.7363218,       612.7363218,       200440.5675,       200440.5675,      -4727.242155,        0.06527010098,         -0.0275630601,       94116.70757,        89389.46541,           288.0563177,            324.6800041,            99194.38229,             101246.1852
          0,           0,         120,      -5.017751834,      -2.426580819,      -2.671763244,      -2.819132152,      0.4637665714,     0.03763075745,     0.03763075745,       0.693095051,       597.1388247,       183560.2487,       183560.2487,       2.165022337,       615597.7428,       26.62798397,         219.98072,         62.62795871,           2.64866159,               0.4938732373,       612.7161388,       612.7161388,       200475.9227,       200475.9227,      -4621.982443,        0.06539955828,        -0.02776880083,       94091.11559,        89469.13315,            288.051916,            324.6642228,            99190.53813,             101285.3845
          0,           0,         121,      -5.020766876,      -2.424986072,       -2.67539803,      -2.822472565,      0.4610692425,     0.03751934519,     0.03751934519,      0.6929296083,       597.1254352,       183618.7516,       183618.7516,        2.16569136,       615559.5947,       25.89501073,       220.0268791,          62.0854381,          2.538132295,               0.4902381235,       612.6781693,       612.6781693,       200525.0326,       200525.0326,      -4510.765463,         0.0655333793,        -0.02801403411,       94064.75854,        89553.99308,           288.0474877,            324.6306815,            99186.72367,             101338.3089
          0,           0,         122,      -5.023737055,      -2.423940323,      -2.678783145,      -2.825606469,      0.4584239755,     0.03737363674,     0.03737363674,      0.6929175755,       597.0870828,       183681.6142,       183681.6142,       2.166479159,       615502.8718,       25.01814382,       220.1077039,         61.55017647,          2.418688915,               0.4865441279,       612.6217119,       612.6217119,       200588.6219,       200588.6219,      -4393.663014,        0.06567152669,        -0.02829788995,       94037.63862,         89643.9756,           288.0430401,            324.5786717,            99182.94109,             101405.6808
          0,           0,         123,      -5.026658215,      -2.423423548,      -2.681984477,      -2.828442593,      0.4558191458,     0.03719183868,     0.03719183868,      0.6931038745,       597.0169749,        183745.982,        183745.982,        2.16737532,       615422.7078,       23.98364186,       220.2300633,         61.02092277,           2.29119053,               0.4827573837,       612.5419231,       612.5419231,       200665.7742,       200665.7742,      -4273.495294,        0.06581398712,        -0.02862214844,       94009.73864,        89736.24334,           288.0384634,            324.5034598,            99179.17543,             101486.5988
          0,           0,         124,      -5.029394174,      -2.423428591,      -2.685085399,      -2.830986043,      0.4533833142,      0.0369727646,      0.0369727646,      0.6934722831,       596.9214775,        183809.966,        183809.966,       2.168338586,       615325.0826,       22.80666056,       220.4043868,         60.49676841,           2.15947805,               0.4788339904,        612.444755,        612.444755,       200753.8094,       200753.8094,      -4152.178425,        0.06596070551,        -0.02898794091,       93981.07219,        89828.89377,           288.0337659,            324.4109891,            99175.43681,             101578.3726
          0,           0,         125,      -5.031867372,      -2.423967372,      -2.688160295,      -2.833269167,      0.4511970673,     0.03671904082,     0.03671904082,      0.6940715879,       596.7987763,       183871.9452,       183871.9452,       2.169353907,       615210.9416,       21.50315572,       220.6435022,         59.97732419,          2.027079099,               0.4747265869,       612.3311482,       612.3311482,       200853.7496,       200853.7496,      -4031.400885,        0.06611161206,        -0.02939257124,       93951.67302,        89920.27214,           288.0290434,            324.3021047,            99171.75316,             101681.9965
          0,           0,         126,      -5.033966896,      -2.425060716,       -2.69134044,       -2.83540739,      0.4493636016,     0.03642958292,     0.03642958292,      0.6948852943,       596.6473594,       183931.3195,       183931.3195,       2.170421477,       615077.6992,       20.05118198,       220.9375154,         59.46213158,          1.892954575,               0.4704736308,       612.1985295,       612.1985295,       200963.9084,       200963.9084,      -3911.821436,        0.06626665044,        -0.02983706752,       93921.57049,        90009.74905,           288.0243691,            324.1741605,            99168.15055,             101795.7578
          0,           0,         127,      -5.035475234,      -2.426700594,      -2.694706031,      -2.837538777,      0.4480958188,     0.03610561922,     0.03610561922,      0.6959219046,       596.4709743,        183986.668,        183986.668,       2.171514259,        614929.446,         18.467859,       221.2969729,         58.95126645,           1.76021426,                0.466041797,       612.0509703,       612.0509703,       201082.8014,       201082.8014,      -3794.934316,        0.06642575799,        -0.03032013877,       93890.80116,        90095.86685,           288.0198331,            324.0311372,            99164.66052,             101918.1409
          0,           0,         128,      -5.036362499,      -2.428886936,      -2.698358627,      -2.839833845,      0.4474188019,     0.03574776931,     0.03574776931,      0.6971627369,       596.2694463,        184037.379,        184037.379,       2.172625777,       614765.3019,       16.75816667,       221.7161952,         58.44495032,          1.629880204,               0.4614595853,       611.8875945,       611.8875945,       201209.0285,       201209.0285,      -3681.466769,        0.06658882839,        -0.03084105908,       93859.42289,        90177.95612,           288.0156452,            323.8719493,            99161.33042,             102047.6981
          0,           0,         129,      -5.036574238,      -2.431644566,      -2.702387009,      -2.842398705,      0.4473695431,     0.03536477993,     0.03536477993,       0.698651292,       596.0405666,       184085.7903,       184085.7903,       2.173788062,       614585.3086,       14.94840066,       222.1960892,         57.94317084,          1.504369652,               0.4567295041,       611.7084438,       611.7084438,       201347.3022,       201347.3022,      -3569.015423,         0.0667557596,        -0.03139097967,       93827.40286,        90258.38744,           288.0116704,            323.6967734,            99158.11611,             102189.1861
          0,           0,         130,      -5.035939283,      -2.434970745,       -2.70683421,      -2.845351364,      0.4481224704,      0.0349531381,      0.0349531381,      0.7003828062,         595.78418,       184128.0784,       184128.0784,       2.174961085,        614389.512,       13.03981874,       222.7400774,         57.44646465,          1.384118782,               0.4518499991,       611.5135637,       611.5135637,       201493.5347,       201493.5347,       -3461.45174,        0.06692645295,        -0.03197331485,       93794.76507,        90333.31333,           288.0079135,            323.5056502,               99155.03,             102338.5047
          0,           0,         131,      -5.034451307,      -2.438863003,       -2.71174818,      -2.848826325,      0.4496815905,     0.03451464066,     0.03451464066,      0.7023434982,       595.5023425,       184165.5436,       184165.5436,       2.176153498,       614179.1498,       11.04165607,       223.3405083,         56.95513492,          1.269472792,               0.4468569835,       611.3041862,       611.3041862,       201648.2701,       201648.2701,      -3357.520989,        0.06710075406,         -0.0325861134,       93761.53227,        90404.01128,           288.0043695,            323.2998167,            99152.07375,             102496.1963
          0,           0,         132,      -5.032201063,      -2.443329863,      -2.717138909,      -2.852806776,      0.4519384143,     0.03404816019,     0.03404816019,      0.7045111755,       595.1972213,       184196.8023,       184196.8023,       2.177344068,       613955.2998,       8.964928261,       223.9939692,         56.46928748,          1.160848659,               0.4417689431,       611.0813841,       611.0813841,        201808.742,        201808.742,       -3258.65765,        0.06727847886,        -0.03323031867,       93727.72996,        90469.07231,           288.0010382,            323.0803459,            99149.24751,             102659.4944
          0,           0,         133,      -5.029243106,      -2.448351196,      -2.722992516,      -2.857265464,      0.4548428786,     0.03355108975,     0.03355108975,      0.7069181703,       594.8654161,       184218.6008,       184218.6008,       2.178509844,       613716.8162,       6.809005385,       224.7051954,         55.98873882,          1.058202756,               0.4365739644,       610.8440168,       610.8440168,       201973.5311,       201973.5311,      -3168.068076,        0.06745945027,        -0.03390836052,       93693.33442,        90525.26635,           287.9976866,            322.8463302,            99146.50029,             102827.0308
          0,           0,         134,       -5.02564544,      -2.453911964,      -2.729237884,      -2.862262472,      0.4583359464,     0.03303053724,     0.03303053724,      0.7094904755,        594.517673,       184234.5242,       184234.5242,       2.179655698,         613471.07,       4.606466326,       225.4674108,         55.51387682,         0.9625103747,               0.4313040134,       610.5994209,       610.5994209,        202142.706,        202142.706,      -3082.315411,        0.06764349305,        -0.03461295581,       93658.41981,         90576.1044,           287.9943486,            322.6050724,            99143.87823,             102998.8277
          0,           0,         135,       -5.02154263,      -2.459986434,       -2.73581252,      -2.867731093,      0.4622795297,      0.0324934997,      0.0324934997,      0.7122189782,       594.1576024,       184246.2755,       184246.2755,       2.180790121,       613221.2429,       2.379337817,        226.276991,         55.04542309,         0.8740508333,               0.4259817338,       610.3507633,       610.3507633,       202317.3351,       202317.3351,      -2999.887396,        0.06783036366,        -0.03533686396,       93623.08144,        90623.19404,            287.991159,            322.3596042,            99141.43785,             103175.8973
          0,           0,         136,      -5.017125494,      -2.466530272,      -2.742644778,      -2.873569088,      0.4664888551,     0.03194145591,     0.03194145591,      0.7150809964,       593.7862148,       184255.7791,       184255.7791,       2.181930617,       612967.6135,      0.1422458627,       227.1194572,         54.58363799,         0.7923463954,               0.4206602054,       610.0983211,       610.0983211,       202498.8804,       202498.8804,      -2918.940187,        0.06801976677,        -0.03607831086,       93587.35966,        90668.41948,           287.9880852,            322.1102358,            99139.17273,             103359.7077
          0,           0,         137,      -5.012479701,      -2.473498691,      -2.749587285,      -2.879806469,      0.4708847132,      0.0313704989,      0.0313704989,      0.7181284478,       593.3948445,       184257.5801,       184257.5801,       2.183047833,       612703.8066,      -2.132506326,       228.0033998,         54.12913589,          0.716060795,               0.4153188334,       609.8357491,       609.8357491,       202683.7503,       202683.7503,      -2845.034872,        0.06821138415,        -0.03684088524,       93551.30746,        90706.27259,           287.9851059,            321.8506432,             99137.0826,             103546.6677
          0,           0,         138,      -5.007678739,      -2.480837614,      -2.756481013,      -2.886387982,      0.4754080228,     0.03078625351,     0.03078625351,      0.7213286866,       592.9906336,       184256.1441,       184256.1441,       2.184168174,       612435.0657,      -4.425062811,       228.9213241,          53.6826053,         0.6452499002,               0.4099900245,       609.5682661,       609.5682661,       202874.6138,       202874.6138,      -2773.994683,        0.06840504126,        -0.03761878775,        93515.0694,        90741.07472,           287.9823966,            321.5858695,            99135.27935,             103739.3345
          0,           0,         139,      -5.002901522,      -2.488477246,      -2.763169137,      -2.893162069,      0.4798858339,     0.03019102628,     0.03019102628,      0.7247046288,       592.5709105,       184248.9994,       184248.9994,       2.185271443,       612159.8943,      -6.731617882,       229.8765688,         53.24484775,         0.5796589425,               0.4046715203,       609.2943828,       609.2943828,       203070.1847,       203070.1847,      -2708.357421,        0.06860036728,          -0.038409341,        93478.6784,        90770.32098,           287.9798759,             321.314507,            99133.73369,              103936.451
          0,           0,         140,      -4.998236713,      -2.496328714,      -2.769551254,      -2.900085389,      0.4842369852,     0.02958478597,     0.02958478597,      0.7282517021,       592.1332533,       184235.8789,       184235.8789,       2.186362746,       611875.8492,      -9.060292945,       230.8622212,         52.81672138,         0.5184596633,               0.3993929337,       609.0116674,       609.0116674,       203270.3358,       203270.3358,      -2648.435637,         0.0687970491,        -0.03921226313,       93442.15726,        90793.72162,           287.9773396,            321.0343278,            99132.41238,             104137.9234
          0,           0,         141,      -4.993730127,      -2.504293268,      -2.775469857,      -2.907152412,      0.4884251717,     0.02896914544,     0.02896914544,      0.7319497615,       591.6862157,       184217.8897,       184217.8897,        2.18743129,       611590.7023,      -11.39754253,       231.8821709,         52.39943465,         0.4617640047,               0.3941530223,       608.7278552,       608.7278552,       203474.7592,       203474.7592,      -2593.288823,        0.06899477644,          -0.040025631,       93405.58926,        90812.30043,           287.9747298,            320.7531254,            99131.34051,             104343.4187
          0,           0,         142,      -4.989455055,      -2.512242057,      -2.780798132,      -2.914181634,      0.4923827532,     0.02834779047,     0.02834779047,      0.7357410046,       591.2379151,       184197.2165,       184197.2165,       2.188474428,       611310.6868,      -13.71354917,       232.9280423,         51.99403538,         0.4097664635,               0.3889852526,       608.4491505,       608.4491505,       203683.6257,       203683.6257,      -2540.903995,         0.0691931838,        -0.04084539332,       93369.06026,        90828.15626,           287.9720002,            320.4771503,            99130.53707,             104553.0886
          0,           0,         143,      -4.985536741,      -2.520024219,      -2.785424246,      -2.921007367,      0.4959848597,     0.02771834568,     0.02771834568,      0.7396570595,        590.783748,       184174.1506,       184174.1506,       2.189512134,       611032.2632,       -16.0262435,       233.9942743,         51.60146639,         0.3614940338,               0.3839119936,       608.1720301,       608.1720301,       203898.5528,       203898.5528,      -2491.162124,        0.06939182733,        -0.04167348165,       93332.65635,        90841.49423,           287.9691308,            320.2028994,            99130.00754,             104768.5453
          0,           0,         144,        -4.9820436,       -2.52743617,      -2.789163598,      -2.927453553,      0.4991684413,     0.02708018623,     0.02708018623,      0.7436735732,       590.3224633,       184146.8994,       184146.8994,       2.190526496,        610753.316,      -18.33799209,       235.0753348,         51.22244309,         0.3164819952,               0.3789525884,       607.8943887,       607.8943887,       204117.1252,       204117.1252,      -2446.137983,         0.0695903103,        -0.04251012408,       93296.51871,        90850.38073,           287.9661797,            319.9282089,            99129.81577,             104987.3094
          0,           0,         145,      -4.979103982,      -2.534304771,      -2.791863161,      -2.933264354,      0.5017892861,       0.026434476,       0.026434476,      0.7478061149,       589.8591741,        184114.585,        184114.585,       2.191494579,        610479.978,      -20.64262332,       236.1821817,          50.8582388,         0.2748165421,               0.3740840711,       607.6223302,       607.6223302,        204338.771,        204338.771,      -2407.062809,        0.06978815497,        -0.04335367897,       93260.82388,        90853.76107,           287.9634215,            319.6589088,            99130.04903,              105208.722
          0,           0,         146,      -4.976787142,      -2.540420237,      -2.793433463,      -2.938135378,      0.5037768617,     0.02578284258,     0.02578284258,      0.7519167548,       589.4105097,       184079.5311,       184079.5311,       2.192387163,       610223.7769,      -22.89240308,       237.3084852,         50.51009073,         0.2370741301,               0.3693316548,       607.3673284,       607.3673284,       204560.2133,       204560.2133,      -2371.777649,        0.06998490263,        -0.04420206006,       93225.65438,        90853.87673,           287.9608041,            319.4065243,            99130.70187,             105429.5114
          0,           0,         147,       -4.97511256,      -2.545566275,      -2.793771927,      -2.941810415,      0.5051074734,      0.0251279678,      0.0251279678,      0.7559964108,         588.97822,       184042.8418,       184042.8418,       2.193210205,       609986.3253,      -25.07556432,       238.4529245,          50.1792658,         0.2030941167,               0.3647058661,       607.1309883,       607.1309883,       204782.3545,       204782.3545,       -2339.43378,        0.07018003036,        -0.04505206257,       93191.13777,        90851.70399,           287.9584116,            319.1725766,            99131.80182,             105650.5527
          0,           0,         148,      -4.974159388,      -2.549514621,      -2.792794083,       -2.94404337,      0.5056920084,     0.02446954003,     0.02446954003,      0.7600711787,       588.5605111,       184003.8974,       184003.8974,       2.193964359,       609766.5096,      -27.20779175,       239.6122683,         49.86708822,         0.1721888672,               0.3602223214,       606.9122015,       606.9122015,       205005.2377,       205005.2377,      -2311.020602,        0.07037307265,        -0.04590353262,       93157.45901,        90846.43841,           287.9565201,            318.9556814,            99133.44249,             105871.7953
          0,           0,         149,      -4.974041999,      -2.552089223,      -2.790423069,      -2.944667459,       0.505402467,     0.02380922063,     0.02380922063,      0.7642208753,       588.1485134,       183964.2825,       183964.2825,       2.194696615,       609557.9906,       -29.3195593,        240.780635,         49.57507801,         0.1434726426,               0.3559036744,       606.7046586,       606.7046586,       205233.5438,       205233.5438,      -2285.150542,        0.07056349788,        -0.04675427725,       93124.71651,        90839.56597,           287.9551231,            318.7495355,            99135.61811,             106097.9257
          0,           0,         150,      -4.974785675,      -2.553202474,      -2.786683787,      -2.943610265,      0.5042013883,     0.02314786101,     0.02314786101,      0.7684382375,       587.7442213,       183922.7651,       183922.7651,       2.195387518,       609362.4112,      -31.40703889,       241.9598866,         49.30507144,         0.1168874314,               0.3517545226,       606.5099947,       606.5099947,       205465.3085,       205465.3085,      -2263.389382,        0.07075078953,        -0.04760292852,       93093.07725,        90829.68786,           287.9545047,              318.55549,            99138.39357,             106326.9149
          0,           0,         151,      -4.976457636,      -2.552843087,       -2.78165723,        -2.9409693,      0.5020206622,     0.02248425364,     0.02248425364,      0.7726061756,       587.3594696,       183881.7556,       183881.7556,       2.196026318,       609186.8178,      -33.44313104,       243.1360492,         49.05816139,        0.09251225708,               0.3478125506,       606.3352233,       606.3352233,       205697.7688,       205697.7688,      -2243.359017,        0.07093432253,        -0.04845006889,       93062.55733,        90819.19832,           287.9545364,            318.3806869,            99141.66632,             106556.1024
          0,           0,         152,      -4.979027503,      -2.551106017,      -2.775578987,      -2.936930382,      0.4988882923,     0.02182129297,     0.02182129297,      0.7767953136,       586.9859617,       183841.5469,       183841.5469,       2.196643626,       609025.0644,      -35.44723834,       244.3080814,          48.8355589,        0.06986898046,               0.3440830249,       606.1742271,       606.1742271,       205933.4586,       205933.4586,      -2225.007245,        0.07111352903,        -0.04929223606,       93033.27708,        90808.26984,           287.9552831,             318.218944,             99145.4418,             106788.0168
          0,           0,         153,      -4.982312195,      -2.548118234,      -2.768760406,      -2.931737658,      0.4949923686,     0.02115918392,     0.02115918392,       0.780975181,       586.6261833,       183803.0552,       183803.0552,       2.197242527,       608877.7455,      -37.41454168,       245.4669402,         48.63785776,        0.04879099328,               0.3405853996,       606.0275977,       606.0275977,       206171.2415,       206171.2415,      -2207.559674,        0.07128780782,         -0.0501286239,       93005.30746,        90797.74779,           287.9565607,            318.0710371,            99149.66847,              107021.573
          0,           0,         154,      -4.986219803,      -2.544057986,      -2.761529231,      -2.925690813,      0.4904393826,     0.02049649412,     0.02049649412,      0.7851885765,       586.2711237,       183762.0939,       183762.0939,       2.197805679,       608737.4984,      -39.36195877,       246.6173264,         48.46556831,        0.02900654712,               0.3373053216,       605.8880071,       605.8880071,       206408.4473,       206408.4473,      -2195.439151,        0.07145657661,        -0.05096008248,       92978.76654,        90783.32739,           287.9582846,            317.9297226,            99154.34347,             107254.1038
          0,           0,         155,       -4.99054933,      -2.539164631,      -2.754205104,      -2.919126816,      0.4854488015,     0.01983584959,     0.01983584959,      0.7893828411,        585.928434,       183722.1292,       183722.1292,       2.198348966,        608609.212,      -41.27436561,       247.7482788,         48.31862992,        0.01050908107,               0.3342613113,       605.7603213,       605.7603213,       206645.7055,       206645.7055,      -2185.541673,        0.07161924526,        -0.05178339567,       92953.83543,        90768.29376,           287.9606843,             317.799637,            99159.52829,             107486.1772
          0,           0,         156,      -4.995178638,      -2.533693304,      -2.747104843,      -2.912495718,      0.4801680005,      0.0191806941,      0.0191806941,      0.7935428424,       585.5979574,        183682.035,        183682.035,       2.198860077,       608491.9499,      -43.13839172,       248.8599849,         48.19691501,      -0.006588063387,               0.3314451187,        605.643608,        605.643608,       206880.6619,       206880.6619,      -2179.232223,        0.07177526026,        -0.05259456616,        92930.6336,        90751.40138,           287.9638396,            317.6797684,            99165.22739,             107715.4346
          0,           0,         157,      -5.000013677,      -2.527882707,       -2.74047815,       -2.90609878,      0.4747062427,     0.01853208644,     0.01853208644,      0.7976921146,       585.2716992,       183638.7484,       183638.7484,       2.199328826,       608378.6021,       -44.9659914,       249.9523676,         48.09989466,       -0.02252187969,               0.3288464745,       605.5307908,       605.5307908,       207111.0862,       207111.0862,      -2179.962534,        0.07192401567,        -0.05339192923,       92909.35548,        90729.39294,           287.9680194,            317.5627714,            99171.51065,             107939.5756
          0,           0,         158,      -5.004945014,      -2.521991766,      -2.734551339,      -2.900272697,      0.4691978424,     0.01789311274,     0.01789311274,      0.8016423076,       584.9653086,       183594.3538,       183594.3538,       2.199726133,       608277.5382,      -46.69044092,       251.0177004,         48.02656692,        -0.0365960569,               0.3264691963,          605.4302,          605.4302,       207330.7374,       207330.7374,       -2185.93386,        0.07206496398,        -0.05417185124,       92890.14382,        90704.20996,           287.9733545,            317.4568455,            99178.40655,             108152.3309
          0,           0,         159,      -5.009594176,      -2.516244428,      -2.729516319,      -2.895241932,      0.4640645958,     0.01726647652,     0.01726647652,      0.8054436257,       584.6695511,       183546.2699,       183546.2699,       2.200051743,       608180.8713,      -48.33402035,       252.0525625,         47.97551361,       -0.04924809561,               0.3243047407,       605.3339855,       605.3339855,       207538.4796,       207538.4796,      -2199.757222,        0.07219757199,        -0.05493109547,       92873.01354,        90673.25632,           287.9796785,             317.354307,            99185.82211,             108352.6575
          0,           0,         160,      -5.013792887,      -2.510798026,      -2.725521217,      -2.891114964,      0.4594977824,     0.01665600959,     0.01665600959,      0.8090371814,       584.3884816,       183496.3063,       183496.3063,       2.200313483,       608089.8443,      -49.87681706,       253.0500199,           47.944823,       -0.06039927132,               0.3223491327,       605.2433847,       605.2433847,       207732.7823,       207732.7823,       -2219.71916,        0.07232137825,        -0.05566536866,       92858.01273,        90638.29357,           287.9867647,              317.25662,            99193.70589,             108539.0764
          0,           0,         161,      -5.017504414,      -2.505771056,      -2.722629067,       -2.88791937,      0.4555469145,     0.01606442982,     0.01606442982,      0.8124986538,       584.1087161,       183441.9041,       183441.9041,       2.200524844,       607993.4345,      -51.35409808,       254.0058221,         47.93225336,       -0.07059774966,               0.3205901127,       605.1474261,       605.1474261,       207913.7649,       207913.7649,       -2248.51158,         0.0724357701,        -0.05637134028,       92845.20786,        90596.69628,           287.9945089,            317.1529172,            99201.99919,             108711.7657
          0,           0,         162,       -5.02060809,      -2.501263449,      -2.720860444,      -2.885848725,      0.4523464543,     0.01549480247,     0.01549480247,      0.8158118921,       583.8333206,       183383.8468,       183383.8468,        2.20068635,       607893.4543,      -52.75589346,       254.9152838,         47.93523147,       -0.07981563612,               0.3190142219,       605.0479139,       605.0479139,       208080.6143,       208080.6143,      -2285.649146,        0.07254008234,        -0.05704527987,       92834.74796,        90549.09882,           288.0029157,            317.0449983,            99210.71221,             108869.9021
          0,           0,         163,      -5.023026815,      -2.497320784,      -2.720199341,      -2.885045535,      0.4499861509,     0.01494723584,     0.01494723584,      0.8189388549,       583.5606768,       183321.5745,       183321.5745,       2.200796216,        607786.657,      -54.07834683,       255.7711611,         47.95082046,       -0.08813542611,                0.317611943,       604.9416165,       604.9416165,        208230.846,        208230.846,      -2331.717576,         0.0726338399,        -0.05768660406,       92826.64606,        90494.92849,           288.0118041,            316.9298125,            99219.76044,             109011.0856
          0,           0,         164,       -5.02484002,      -2.493946184,      -2.720587621,      -2.885566531,      0.4483678005,     0.01442650253,     0.01442650253,      0.8218812825,       583.2892958,       183255.2931,       183255.2931,        2.20086142,        607671.126,      -55.32023919,       256.5709804,         47.97594162,        -0.0956048855,               0.3163630697,       604.8266264,       604.8266264,       208363.9533,       208363.9533,      -2386.665477,        0.07271658026,        -0.05829007774,        92820.9793,        90434.31382,           288.0210729,            316.8055535,            99229.12268,             109134.8306
          0,           0,         165,      -5.026074933,      -2.491122027,      -2.721977104,      -2.887401103,      0.4474427579,     0.01393627935,     0.01393627935,      0.8245664243,       583.0249119,       183190.2887,       183190.2887,        2.20092215,        607548.902,      -56.46348748,       257.2979724,         48.00693387,        -0.1022436084,               0.3152730244,       604.7049745,       604.7049745,       208481.4761,       208481.4761,      -2445.453509,        0.07278776897,        -0.05885148962,       92817.87108,        90372.41757,           288.0306814,            316.6742931,            99238.81126,             109242.6648
          0,           0,         166,       -5.02689818,      -2.488854126,       -2.72426586,      -2.890329424,       0.446999438,     0.01347753972,     0.01347753972,      0.8270741118,       582.7548831,       183120.6118,       183120.6118,       2.200951896,        607410.401,      -57.53433988,        257.960292,         48.04043491,        -0.1082582671,               0.3142974592,       604.5671218,       604.5671218,       208580.3134,       208580.3134,      -2514.534568,        0.07284665325,        -0.05936911353,       92817.57317,         90303.0386,           288.0407395,            316.5263823,            99248.92385,             109331.3895
          0,           0,         167,      -5.027465246,      -2.487134495,      -2.727293576,      -2.894192498,      0.4468607713,     0.01304805928,     0.01304805928,      0.8293359958,       582.4850492,       183047.4864,       183047.4864,       2.200945882,       607258.8014,      -58.52036147,       258.5522505,         48.07292295,        -0.1135790988,               0.3134199391,       604.4162319,       604.4162319,       208658.6663,       208658.6663,      -2593.102537,        0.07289242187,        -0.05984436259,       92820.29449,        90227.19195,           288.0513193,            316.3649125,            99259.50978,             109399.1566
          0,           0,         168,      -5.027789919,      -2.485924771,      -2.730938208,      -2.898698543,      0.4469863086,     0.01265002563,     0.01265002563,       0.831353588,       582.2140734,       182973.0146,       182973.0146,        2.20093099,       607092.4014,      -59.42634007,       259.0672453,         48.10106212,        -0.1183392475,               0.3126280701,       604.2506108,       604.2506108,       208718.3721,       208718.3721,      -2678.714043,        0.07292424548,        -0.06027421985,        92825.8643,        90147.15026,           288.0621583,            316.1884524,            99270.25522,             109448.1168
          0,           0,         169,      -5.027941058,      -2.485248618,      -2.735080081,      -2.903549884,      0.4472708541,     0.01228363401,     0.01228363401,      0.8331419776,       581.9397072,        182897.309,        182897.309,       2.200916211,        606909.371,       -60.2620406,       259.5025079,         48.12147212,        -0.1226774207,               0.3119023833,       604.0684372,       604.0684372,       208760.0417,       208760.0417,      -2771.175156,        0.07294148106,        -0.06065784705,       92834.24207,        90063.06691,           288.0731097,            315.9953275,            99281.00581,             109479.0359
          0,           0,         170,      -5.027981117,      -2.485154024,      -2.739615082,      -2.908510802,      0.4476315863,     0.01194841584,     0.01194841584,      0.8346686579,       581.6645469,       182820.4307,       182820.4307,       2.200893296,       606711.0861,      -61.01976283,         259.85634,         48.13106347,        -0.1265280186,               0.3112234597,       603.8710804,       603.8710804,       208782.2161,       208782.2161,      -2870.515678,        0.07294349516,        -0.06099507931,       92845.47317,        89974.95749,            288.084097,            315.7869834,            99291.69156,             109490.5245
          0,           0,         171,      -5.027968664,      -2.485667104,      -2.744439061,      -2.913366585,      0.4479994666,     0.01164263312,     0.01164263312,      0.8358891348,       581.3932185,       182743.5303,       182743.5303,        2.20086082,       606500.3163,      -61.68929522,         260.12723,         48.12676213,         -0.129798246,               0.3105718865,       603.6612972,       603.6612972,       208783.8756,       208783.8756,      -2976.062132,        0.07292976623,         -0.0612871331,        92859.7962,        89883.73407,           288.0951919,            315.5661053,            99302.45137,             109481.4242
          0,           0,         172,      -5.027859898,       -2.48674984,      -2.749496776,      -2.917896893,      0.4484034063,     0.01136601109,     0.01136601109,      0.8368139014,        581.123342,       182667.5731,       182667.5731,       2.200835756,       606275.0391,      -62.27960781,       260.3121858,         48.10566785,        -0.1326069385,               0.3099319513,       603.4370746,       603.4370746,       208766.5415,       208766.5415,      -3087.920233,        0.07289977931,        -0.06153376822,       92877.74667,        89789.82644,           288.1067363,            315.3303382,            99313.70926,             109452.8323
          0,           0,         173,      -5.027731523,      -2.488385382,       -2.75474462,      -2.921796023,      0.4487545581,      0.0111169339,      0.0111169339,      0.8374394454,       580.8556208,       182593.8249,       182593.8249,       2.200830423,       606035.7841,      -62.79567822,       260.4113859,         48.06523533,        -0.1349952697,               0.3092842502,       603.1989394,       603.1989394,       208731.2542,       208731.2542,      -3206.044558,        0.07285319503,        -0.06173626113,       92899.93472,        89693.89017,           288.1190979,            315.0798415,            99325.99446,             109405.2597
          0,           0,         174,      -5.027599672,      -2.490576318,      -2.760112596,      -2.924832725,      0.4490411947,     0.01089452986,     0.01089452986,      0.8377620986,       580.5910438,        182524.378,        182524.378,       2.200864804,       605783.2364,      -63.24077259,       260.4207601,         48.00310698,        -0.1370158315,               0.3086176234,        602.947574,        602.947574,       208679.9747,       208679.9747,       -3328.82576,        0.07278897849,        -0.06189444863,        92926.6019,        89597.77614,           288.1323031,            314.8152709,            99339.35907,             109340.6156
          0,           0,         175,      -5.027689556,      -2.493242383,      -2.765459593,      -2.926815105,      0.4490354043,     0.01069630526,     0.01069630526,      0.8377674361,       580.3316024,       182460.9389,       182460.9389,       2.200951969,       605518.7971,      -63.61653102,       260.3381688,         47.91780043,        -0.1386763409,               0.3079223592,       602.6843725,       602.6843725,       208613.8512,       208613.8512,       -3455.07286,        0.07270592662,        -0.06200962136,       92958.00586,          89502.933,           288.1463468,            314.5380257,            99353.85116,             109260.0001
          0,           0,         176,      -5.028087667,      -2.496419781,       -2.77075883,      -2.927779085,      0.4486568511,     0.01051963524,     0.01051963524,       0.837449238,       580.0784058,        182404.288,        182404.288,       2.201097658,       605243.5091,      -63.92656411,       260.1644541,         47.80846502,         -0.139976037,               0.3071877446,       602.4103732,       602.4103732,       208533.5488,       208533.5488,      -3585.115933,        0.07260315809,        -0.06208352285,       92994.70196,        89409.58603,           288.1614385,            314.2489346,            99369.87349,             109163.6753
          0,           0,         177,      -5.028731624,      -2.500170157,      -2.776014583,      -2.927726556,      0.4479702315,     0.01036019253,     0.01036019253,      0.8368252141,        579.829451,        182354.392,        182354.392,       2.201307989,       604956.3065,      -64.18616299,       259.8999686,         47.67482018,        -0.1410024525,               0.3064049846,       602.1245149,       602.1245149,       208440.1382,       208440.1382,       -3719.57121,        0.07247849212,        -0.06211829959,       93036.98159,        89317.41038,           288.1775436,            313.9469713,            99387.34411,             109052.7941
          0,           0,         178,      -5.029491012,       -2.50456712,      -2.781197357,      -2.926815218,        0.44712546,      0.0102146573,      0.0102146573,      0.8358798641,       579.5871484,       182313.2324,       182313.2324,       2.201597437,       604659.1577,      -64.39850489,       259.5413549,         47.51728643,        -0.1417572343,               0.3055773358,        601.828757,        601.828757,       208335.2693,       208335.2693,      -3857.248079,        0.07232969568,        -0.06211503838,       93085.24022,        89227.99214,           288.1946937,            313.6340634,            99406.29266,             108928.9766
          0,           0,         179,      -5.030134625,      -2.509588861,      -2.786305939,      -2.925246733,      0.4463795622,     0.01007818237,     0.01007818237,       0.834595517,       579.3527253,       182280.6004,       182280.6004,       2.201960079,       604353.1663,      -64.56808253,        259.087912,         47.33659576,        -0.1422164369,               0.3047043642,        601.524198,        601.524198,         208218.59,         208218.59,      -3999.412801,        0.07215430605,        -0.06207612367,       93140.00658,        89140.59378,           288.2130113,            313.3111867,            99426.84402,              108791.746
          0,           0,         180,      -5.030749928,       -2.51517268,      -2.791341418,      -2.923147956,      0.4456453125,    0.009947149842,    0.009947149842,      0.8329424791,       579.1314623,       182259.7669,       182259.7669,       2.202416965,       604042.5431,      -64.69497751,       258.5339493,         47.13376378,        -0.1423640549,               0.3037977015,       601.2150288,       601.2150288,       208092.3746,       208092.3746,      -4144.238582,        0.07194986274,         -0.0620027129,       93202.00272,        89057.76414,           288.2327791,            312.9822497,            99449.33304,             108643.0416
          0,           0,         181,      -5.031324114,      -2.521208844,      -2.796314526,       -2.92081361,       0.444940145,     0.00981633497,     0.00981633497,      0.8309532285,       578.9184438,       182248.8584,       182248.8584,       2.202960664,       603724.2677,      -64.79989599,       257.8818873,         46.91036693,        -0.1422933001,               0.3028565454,       600.8982433,       600.8982433,       207956.8113,       207956.8113,      -4294.871701,        0.07171344522,        -0.06189711025,       93271.86505,        88976.99335,           288.2541757,            312.6440676,            99473.95134,             108482.8599
          0,           0,         182,      -5.031798737,      -2.527547875,       -2.80124477,      -2.918478275,      0.4443384271,    0.009680822937,    0.009680822937,        0.82862558,       578.7137328,       182248.6619,       182248.6619,        2.20359953,       603398.7028,      -64.89308254,       257.1285323,         46.66845115,        -0.1420450216,               0.3018935883,       600.5742023,       600.5742023,       207813.1542,       207813.1542,      -4451.739114,        0.07144180268,        -0.06176097975,       93350.20049,        88898.46137,           288.2773882,            312.2968141,            99500.83386,             108312.3203
          0,           0,         183,      -5.032302798,      -2.534074504,      -2.806121838,      -2.916467775,      0.4437071133,    0.009535328095,    0.009535328095,      0.8259508024,       578.5203542,       182261.3845,       182261.3845,       2.204349262,       603068.7586,      -64.98367695,       256.2682362,         46.41073307,        -0.1416790728,               0.3009312976,       600.2458026,       600.2458026,       207663.6374,       207663.6374,      -4614.157005,        0.07113178673,        -0.06159645863,       93437.77076,        88823.61376,           288.3027034,            311.9430992,            99530.31792,             108133.3195
          0,           0,         184,      -5.033134976,      -2.540691287,      -2.810900505,      -2.915019315,      0.4427363528,    0.009374963301,    0.009374963301,      0.8229233737,       578.3381591,       182287.3856,       182287.3856,       2.205214384,       602734.5067,      -65.08031197,        255.297824,         46.13955968,        -0.1412126781,               0.2999837734,       599.9131153,       599.9131153,       207508.9205,       207508.9205,      -4783.218979,        0.07077977763,        -0.06140481432,       93535.30228,         88752.0833,           288.3303859,            311.5827294,            99562.66762,             107946.2529
          0,           0,         185,      -5.034360454,      -2.547315085,      -2.815558656,      -2.914285699,      0.4413676635,    0.009194917292,    0.009194917292,       0.819514211,       578.1692519,       182328.1299,       182328.1299,       2.206204344,       602397.2896,      -65.18545557,        254.211401,         45.85698585,        -0.1406188341,               0.2990666621,       599.5774767,       599.5774767,       207349.7205,       207349.7205,      -4958.665101,        0.07038160615,        -0.06118668885,       93643.39752,        88684.73242,           288.3606246,            311.2168521,            99597.98198,             107751.7386
          0,           0,         186,      -5.035862465,      -2.553937977,      -2.820090728,      -2.914461201,      0.4397208896,    0.008989795068,    0.008989795068,      0.8157110068,       578.0144581,       182384.5182,       182384.5182,       2.207326564,       602057.9492,      -65.30490138,       253.0053485,         45.56506824,        -0.1398819915,               0.2981909814,       599.2397248,       599.2397248,       207187.0623,       207187.0623,      -5141.036955,        0.06993312093,        -0.06094332587,       93762.77757,        88621.74061,           288.3936944,            310.8460303,            99636.53497,             107550.5273
          0,           0,         187,      -5.037424057,      -2.560579032,      -2.824478229,      -2.915656862,      0.4380275974,    0.008753851983,    0.008753851983,      0.8115047072,       577.8751022,       182457.4517,       182457.4517,        2.20858694,       601718.0032,      -65.44442393,       251.6765451,         45.26561122,        -0.1389932737,               0.2973658013,         598.90137,         598.90137,       207022.1188,       207022.1188,       -5331.07793,         0.0694304111,        -0.06067655912,       93894.26482,        88563.18689,           288.4299939,            310.4713761,            99678.81858,             107343.3002
          0,           0,         188,      -5.038892675,      -2.567171857,       -2.82872029,      -2.917974287,      0.4364415421,    0.008479808973,    0.008479808973,      0.8069138377,       577.7478223,       182545.3741,       182545.3741,        2.20997781,       601375.5327,      -65.62316311,       250.2233776,         44.96014048,        -0.1380327934,               0.2965923243,       598.5605026,       598.5605026,       206854.8672,       206854.8672,       -5531.19402,        0.06886808069,        -0.06038827171,       94038.28404,        88507.09002,           288.4696702,            310.0908325,            99724.75268,             107130.1145
          0,           0,         189,      -5.040238787,      -2.573605395,      -2.832804908,       -2.92152906,      0.4350045895,    0.008161869118,    0.008161869118,      0.8019195813,       577.6352465,       182650.2964,       182650.2964,       2.211513229,       601032.9145,      -65.84423854,       248.6405653,          44.6500004,        -0.1369828018,                0.295880199,       598.2194883,       598.2194883,       206687.1727,       206687.1727,       -5740.83683,        0.06824146743,        -0.06007959831,       94195.56661,        88454.72978,           288.5130941,            309.7063942,            99774.78999,             106912.3827
          0,           0,         190,      -5.041490872,      -2.579682784,      -2.836706727,      -2.926410782,      0.4336842036,    0.007793625617,    0.007793625617,      0.7964815335,       577.5403824,        182772.174,        182772.174,        2.21318225,       600692.3444,      -66.10308471,       246.9243945,         44.33671461,        -0.1357234381,               0.2952377224,       597.8805124,       597.8805124,        206517.953,        206517.953,      -5961.202435,        0.06754548911,        -0.05975186349,       94366.68823,         88405.4858,           288.5605604,             309.319952,             99829.2602,             106688.6928
          0,           0,         191,      -5.042743402,      -2.585143858,      -2.840443738,      -2.932748525,      0.4323889416,     0.00736872372,     0.00736872372,      0.7905892335,       577.4651741,       182911.7486,       182911.7486,       2.214986717,       600355.9752,      -66.40724539,       245.0686793,         44.02197039,        -0.1342812206,               0.2946792538,       597.5457177,       597.5457177,        206348.143,        206348.143,      -6192.484642,        0.06677434158,        -0.05940561786,       94552.11663,        88359.63199,           288.6125728,             308.933145,            99888.38209,             106459.7609
          0,           0,         192,      -5.044245444,      -2.589774575,      -2.843968715,      -2.940528405,      0.4308569306,    0.006880105566,    0.006880105566,      0.7842344619,       577.4110009,       183069.5204,       183069.5204,       2.216927725,       600025.5977,      -66.76219781,       243.0692644,         43.70748204,         -0.132657484,               0.2942179888,       597.2168867,       597.2168867,        206178.745,        206178.745,      -6434.784519,        0.06592232555,        -0.05904221998,       94752.15245,        88317.36793,           288.6696153,            308.5472713,            99952.37015,             106226.3749
          0,           0,         193,       -5.04629349,      -2.593362722,      -2.847214708,      -2.949648441,       0.428774852,    0.006320059997,    0.006320059997,      0.7774216539,       577.3788737,       183245.7601,       183245.7601,         2.2190054,       599703.2757,      -67.17561266,       240.9238035,         43.39511409,         -0.130872854,               0.2938671132,       596.8960734,       596.8960734,       206011.3257,       206011.3257,      -6687.822677,         0.0649836689,        -0.05866360891,       94966.79138,        88278.96871,            288.731984,            308.1640894,             100021.268,             105990.0577
          0,           0,         194,      -5.049121025,      -2.595741476,      -2.850130618,      -2.959846688,      0.4258981051,    0.005681843254,    0.005681843254,      0.7701508197,       577.3686212,       183440.4914,       183440.4914,       2.221219598,        599389.784,      -67.65417737,       238.6293923,         43.08651571,        -0.1289672909,                0.293642034,       596.5840492,       596.5840492,       205846.9844,       205846.9844,      -6951.288065,         0.0639526591,        -0.05827081584,       95195.88973,        88244.60167,           288.8001667,            307.7838825,            100095.1469,             105751.8375
          0,           0,         195,      -5.052683551,      -2.596908229,      -2.852699786,      -2.970732761,      0.4222681119,    0.004958962205,    0.004958962205,       0.762430758,       577.3800776,        183652.643,        183652.643,       2.223559662,        599086.206,      -68.20465474,       236.1842444,         42.78330927,        -0.1270028269,               0.2935594982,       596.2818922,       596.2818922,       205685.9981,       205685.9981,      -7225.182748,        0.06282394178,        -0.05786497958,       95438.91285,        88213.73011,           288.8738679,            307.4080244,            100173.8994,             105512.0988
          0,           0,         196,      -5.056829263,      -2.596937411,      -2.854911184,      -2.981780936,      0.4180418802,    0.004144466314,    0.004144466314,      0.7542843517,       577.4113497,       183881.0418,       183881.0418,       2.226019681,       598792.3701,      -68.83676562,       233.5875615,         42.48714846,        -0.1250911882,                0.293638057,       595.9894318,       595.9894318,       205529.1399,       205529.1399,      -7508.544703,        0.06159230867,        -0.05744784235,       95694.79325,        88186.24855,           288.9521227,            307.0373091,            100257.0293,             105272.1106
          0,           0,         197,       -5.06149801,      -2.595911999,      -2.856751418,      -2.992337278,      0.4132809389,    0.003233347771,    0.003233347771,      0.7457043887,       577.4641559,       184124.7965,       184124.7965,       2.228582105,       598510.6969,      -69.54244974,       230.8409779,         42.19935974,        -0.1231944827,               0.2938958774,       595.7090771,       595.7090771,       205376.2968,       205376.2968,      -7800.103223,        0.06025412378,        -0.05702077601,       95962.44984,        88162.34661,           289.0348913,            306.6741858,            100344.3991,             105031.8977
          0,           0,         198,       -5.06674663,      -2.593900193,      -2.858222931,      -3.001781647,      0.4079272733,    0.002221130504,    0.002221130504,      0.7366517483,       577.5427939,        184382.392,        184382.392,       2.231214512,       598245.2627,      -70.30108291,       227.9469517,         41.92164397,        -0.1211520831,               0.2943569181,       595.4448854,       595.4448854,       205225.6466,       205225.6466,       -8098.04512,        0.05880593511,        -0.05658480461,       96240.21855,        88142.17343,           289.1221404,             306.322745,            100435.4141,             104790.2325
          0,           0,         199,      -5.072496594,      -2.590958811,      -2.859377394,      -3.009568417,      0.4020602821,    0.001104429102,    0.001104429102,      0.7272343598,       577.6382695,       184652.0866,       184652.0866,       2.233926597,       597991.7579,      -71.14234347,       224.9107196,          41.6550526,        -0.1194327882,               0.2950411413,       595.1925672,       595.1925672,       205080.9536,       205080.9536,      -8399.972821,         0.0572460572,         -0.0561416281,        96526.0297,        88126.05688,           289.2135115,            305.9790557,            100529.3876,              104551.566
          0,           0,         200,      -5.078948945,      -2.587208105,        -2.8602305,      -3.015168118,      0.3954664164,  -0.0001185159193,  -0.0001185159193,      0.7174630845,       577.7552649,       184931.0346,       184931.0346,       2.236677526,        597756.123,      -72.05353801,       221.7398289,         41.40016103,        -0.1180781644,               0.2959680524,       594.9580354,       594.9580354,       204940.8383,       204940.8383,       -8702.85589,         0.0555744314,        -0.05569294732,       96816.94526,        88114.08937,           289.3073537,            305.6506817,            100625.0086,             104315.8297
          0,           0,         201,      -5.086177933,      -2.582813024,      -2.860753673,      -3.018168764,      0.3880595999,   -0.001447754542,   -0.001447754542,      0.7074019743,       577.8868926,       185216.2787,       185216.2787,       2.239454831,       597534.2579,      -73.03526192,       218.4440637,         41.15674489,        -0.1173403216,               0.2971536304,       594.7372088,       594.7372088,       204805.6486,       204805.6486,      -9002.872292,        0.05379247792,        -0.05524023246,       97109.57547,        88106.70318,           289.4018485,            305.3353603,            100720.6881,             104084.9605
          0,           0,         202,      -5.094179564,      -2.577994118,      -2.860950443,      -3.018385816,       0.379835606,   -0.002882080662,   -0.002882080662,      0.6971064322,       578.0287569,       185504.3612,       185504.3612,       2.242231602,       597324.1728,      -74.08095987,       215.0358928,         40.92430356,        -0.1174454152,               0.2986114577,       594.5281071,       594.5281071,       204674.7728,       204674.7728,        -9296.8851,         0.0519033738,        -0.05478545446,       97400.62317,        88103.73807,           289.4960674,            305.0320397,            100815.0654,             103859.7074
          0,           0,         203,      -5.102826872,      -2.573007958,      -2.860855664,      -3.015844085,      0.3709204089,   -0.004418239785,   -0.004418239785,      0.6866162619,       578.1840135,       185791.8065,       185791.8065,       2.244961481,       597130.6993,      -75.17152824,        211.529712,         40.70274087,         -0.118539141,               0.3003596533,       594.3355393,       594.3355393,       204546.7123,       204546.7123,      -9581.208691,        0.04991197406,        -0.05433021384,        97686.5076,        88105.29891,            289.589389,            304.7461503,            100906.5888,             103640.1236
          0,           0,         204,      -5.111814122,      -2.568175046,      -2.860524073,      -3.010926404,      0.3616317084,   -0.006050866424,   -0.006050866424,      0.6760222866,       578.3435061,       186074.8898,       186074.8898,       2.247628969,       596947.7416,      -76.30288265,       207.9425243,         40.49134961,        -0.1210354719,               0.3024132787,        594.153438,        594.153438,       204421.4815,       204421.4815,      -9851.848653,        0.04782558832,        -0.05387645475,       97963.36924,        88111.52059,           289.6796429,            304.4737951,            100993.5261,             103427.9554
          0,           0,         205,      -5.120833567,      -2.563795569,      -2.859995607,      -3.004140913,      0.3522933262,     -0.0077730643,     -0.0077730643,       0.665412012,       578.5013428,       186349.5391,       186349.5391,       2.250208439,       596772.0779,      -77.46475022,       204.2930527,         40.28935165,        -0.1253446428,               0.3047871494,       593.9785966,       593.9785966,        204298.245,        204298.245,       -10104.6704,        0.04565284231,        -0.05342590661,       98227.10474,        88122.43434,           289.7645818,            304.2140147,            101073.8101,             103224.4349
          0,           0,         206,      -5.129245186,      -2.560151024,       -2.85936021,      -2.996182369,      0.3435825398,   -0.009576753684,   -0.009576753684,      0.6548509536,       578.6588267,       186611.6735,       186611.6735,       2.252653123,        596606.703,      -78.63371937,       200.6025756,         40.09551973,        -0.1317820977,               0.3074910617,       593.8139958,       593.8139958,       204174.9799,       204174.9799,      -10336.49623,        0.04340412663,        -0.05298088031,       98474.08488,        88137.58865,           289.8429681,            303.9710277,            101145.7604,             103029.2195
          0,           0,         207,      -5.136646039,      -2.557486531,      -2.858605253,      -2.987730468,      0.3359243147,     -0.0114518109,     -0.0114518109,      0.6444019301,       578.8196192,        186857.971,        186857.971,       2.254917108,       596456.4268,      -79.77875347,       196.8941408,         39.90822734,        -0.1406382137,               0.3105298481,        593.664423,        593.664423,       204049.8004,       204049.8004,      -10544.24188,         0.0410914732,        -0.05254328411,       98701.10645,        88156.86457,           289.9140833,            303.7503397,            101207.9811,             102841.8193
          0,           0,         208,      -5.142693853,       -2.55594119,      -2.857726019,      -2.979423107,      0.3296898744,    -0.01338705587,    -0.01338705587,      0.6341965716,       578.9696491,       187085.0893,       187085.0893,       2.257002977,       596310.1684,      -80.89273769,       193.1922386,         39.72598794,         -0.152602485,               0.3139079134,       593.5188493,       593.5188493,       203923.0864,       203923.0864,       -10724.4344,        0.03872857099,        -0.05211562686,       98904.76187,        88180.32747,           289.9755466,            303.5433027,             101258.685,             102664.4015
          0,           0,         209,      -5.147169048,      -2.555596047,      -2.856724799,      -2.971756902,       0.325114983,    -0.01537021686,    -0.01537021686,      0.6243317265,        579.106305,       187289.7748,       187289.7748,       2.258882441,       596166.7501,      -81.94851923,       189.5230193,         39.54740053,        -0.1681875354,               0.3176263331,       593.3761023,       593.3761023,       203793.3787,       203793.3787,      -10875.08702,        0.03633013241,        -0.05170034927,       99082.43092,        88207.34389,           290.0259043,             303.350198,            101296.7075,             102496.6712
          0,           0,         210,      -5.149970797,       -2.55643079,       -2.85562215,       -2.96515301,      0.3223168603,    -0.01738823342,    -0.01738823342,      0.6148983292,        579.227487,       187470.0261,       187470.0261,       2.260538949,       596024.8103,      -82.91614852,       185.9101565,         39.37106698,        -0.1879059672,               0.3216863221,       593.2348269,       593.2348269,       203659.7275,       203659.7275,      -10993.67825,        0.03391115552,        -0.05129938893,       99231.85217,        88238.17392,           290.0640227,            303.1708042,             101320.726,             102339.0015
          0,           0,         211,      -5.151073498,       -2.55840114,       -2.85442205,      -2.959824121,      0.3213281218,    -0.01942620144,    -0.01942620144,      0.6060404579,       579.3264819,       187623.9152,       187623.9152,        2.26197331,       595879.5051,      -83.77050192,       182.3810736,         39.19555545,        -0.2124396207,               0.3260778127,       593.0902019,       593.0902019,       203522.4756,       203522.4756,       -11079.5157,        0.03148839034,        -0.05091459179,       99351.71544,        88272.19974,           290.0882331,            303.0019688,             101330.459,             102192.0165
          0,           0,         212,      -5.150554264,      -2.561447163,      -2.853089184,      -2.955858257,      0.3220522481,    -0.02146996942,    -0.02146996942,      0.5978603693,       579.4087634,       187751.3412,       187751.3412,       2.263169042,       595736.3863,       -84.4719603,       178.9600056,         39.01943133,        -0.2422402564,               0.3307794111,        592.947753,        592.947753,       203381.6641,       203381.6641,      -11132.81713,        0.02907813294,        -0.05054810235,       99442.07917,        88309.26204,           290.1002473,            302.8475057,            101326.3999,             102055.2642
          0,           0,         213,      -5.148655068,      -2.565477736,      -2.851595298,      -2.953181404,      0.3242144291,    -0.02350381033,    -0.02350381033,      0.5905112392,       579.4716599,       187853.6818,       187853.6818,       2.264147969,        595593.658,      -84.98413835,       175.6722718,         38.84150494,        -0.2778287194,               0.3357573226,       592.8056928,       592.8056928,       203239.8212,       203239.8212,      -11155.09303,        0.02669793306,        -0.05020174339,       99504.38741,        88349.29438,           290.1012216,            302.7044712,             101310.427,             101929.3942
          0,           0,         214,      -5.145612702,      -2.570358733,      -2.849918247,      -2.951718587,      0.3275449854,    -0.02551165119,    -0.02551165119,      0.5841376651,       579.5132513,        187932.457,        187932.457,        2.26493291,       595449.4134,       -85.2670671,       172.5402751,         38.66062236,         -0.319400013,               0.3409643283,       592.6621234,       592.6621234,       203098.5207,       203098.5207,      -11148.27416,        0.02436554856,        -0.04987719975,       99540.36559,        88392.09144,           290.0909384,             302.571185,            101283.9348,             101814.5859
          0,           0,         215,      -5.141735399,      -2.575939964,      -2.848073439,      -2.951299819,      0.3316928026,    -0.02747762469,    -0.02747762469,      0.5788762044,       579.5356468,        187990.354,        187990.354,       2.265547431,       595305.1418,       -85.2769378,       169.5835188,         38.47628112,        -0.3667377548,               0.3463498582,       592.5185272,       592.5185272,       202959.7357,       202959.7357,      -11115.30443,        0.02209882238,        -0.04957644707,        99552.8292,        88437.52477,           290.0707411,            302.4477861,            101249.0035,             101710.7321
          0,           0,         216,      -5.137318214,      -2.582053639,      -2.846065231,      -2.951697791,      0.3363393801,    -0.02938869526,    -0.02938869526,      0.5747759635,       579.5450837,       188030.5842,       188030.5842,       2.266009702,       595165.3374,      -84.99655258,       166.8161901,         38.28894754,        -0.4184184284,               0.3518766708,       592.3793772,       592.3793772,        202824.544,        202824.544,      -11060.12579,        0.01991250653,         -0.0493012018,       99545.35502,        88485.22923,           290.0422829,            302.3370943,            101207.1197,             101617.4243
          0,           0,         217,      -5.132705249,      -2.588545728,      -2.843877411,      -2.952682241,      0.3411242371,     -0.0312255792,     -0.0312255792,      0.5703018515,       579.5649051,        188083.728,        188083.728,       2.266583048,       595036.2517,      -84.99220279,       164.2489471,         38.09926782,        -0.4594470012,               0.3574966156,       592.2508957,       592.2508957,       202702.9085,       202702.9085,      -11013.95409,        0.01782746221,        -0.04905304141,       99548.84105,        88534.88696,           290.0162346,            302.2346611,            101167.8333,             101535.0752
          0,           0,         218,      -5.128170192,      -2.595495782,      -2.841532589,      -2.954052339,      0.3457662932,    -0.03292603883,    -0.03292603883,      0.5648348261,       579.6108578,        188166.837,        188166.837,       2.267406269,        594926.525,      -85.52553311,       161.8796305,         37.91225843,        -0.4851854398,               0.3633114053,       592.1416827,       592.1416827,       202603.2605,       202603.2605,      -10993.89657,        0.01590710645,        -0.04883314528,       99580.36679,        88586.47023,           290.0012705,            302.1404122,            101139.4739,             101463.7866
          0,           0,         219,      -5.123843907,      -2.602496136,      -2.839063511,      -2.955586589,       0.350132314,    -0.03444347863,    -0.03444347863,      0.5592314366,        579.671405,       188268.2977,       188268.2977,       2.268385533,       594833.7866,      -86.27648158,       159.6847661,         37.74097963,        -0.5048231719,               0.3697881062,       592.0493784,       592.0493784,       202525.0089,       202525.0089,       -10989.3328,        0.01419968751,        -0.04864316613,       99628.81527,        88639.48247,           289.9960062,            302.0533722,             101121.828,             101403.1809
          0,           0,         220,      -5.120017907,      -2.609184506,       -2.83652159,      -2.957067858,      0.3539362521,      -0.035777622,      -0.035777622,      0.5532599458,       579.7458837,       188388.2115,       188388.2115,       2.269524199,       594755.7438,      -87.29996207,       157.6372688,          37.6014143,        -0.5181182364,               0.3776283204,       591.9717009,       591.9717009,       202466.2368,       202466.2368,      -11001.02548,        0.01270689737,        -0.04848451936,       99694.61851,        88693.59303,           289.9984034,            301.9732975,            101113.4552,             101352.7817
          0,           0,         221,       -5.11688653,      -2.615288241,       -2.83395345,      -2.958326456,      0.3569965992,    -0.03693896295,    -0.03693896295,      0.5477152973,        579.823573,       188515.4634,       188515.4634,       2.270731166,         594689.93,      -88.28990922,       155.7223799,           37.506812,         -0.532552462,                0.387552162,       591.9061952,       591.9061952,       202425.7873,       202425.7873,      -11018.95287,        0.01141899739,        -0.04835796035,       99767.20812,        88748.25525,           290.0074181,             301.898777,            101113.9092,             101311.8782
          0,           0,         222,      -5.114572952,      -2.620532603,      -2.831434194,      -2.959237133,       0.359197145,    -0.03794534701,    -0.03794534701,      0.5421285793,       579.9106082,       188651.7762,       188651.7762,       2.272003723,       594637.9629,      -89.38097191,       153.9245617,         37.46575182,        -0.5452353071,               0.4002544246,       591.8544713,       591.8544713,       202399.8725,       202399.8725,      -11045.65089,        0.01031818991,        -0.04826353693,       99848.71356,        88803.06267,           290.0231519,            301.8313194,            101120.3659,             101279.5066
          0,           0,         223,      -5.113089258,      -2.624784874,      -2.829062044,      -2.959756343,       0.360538096,    -0.03881672297,    -0.03881672297,      0.5365101921,       580.0018987,       188792.4122,       188792.4122,       2.273304381,       594595.3752,      -90.57334027,       152.2367533,         37.47777358,        -0.5564235943,               0.4161476417,       591.8120829,       591.8120829,       202384.4862,       202384.4862,      -11077.50981,       0.009385146205,        -0.04820186917,         99934.961,        88857.45118,           290.0431521,            301.7689308,            101129.3104,             101255.1758
          0,           0,         224,      -5.112388663,      -2.627937604,      -2.826909182,      -2.959919204,      0.3610709963,    -0.03957030263,    -0.03957030263,      0.5313718931,       580.0863832,       188924.5744,       188924.5744,        2.27452474,       594556.1022,      -91.68566668,       150.6480187,         37.53687783,        -0.5707158823,                0.435463858,       591.7729938,       591.7729938,        202372.841,        202372.841,       -11102.5386,       0.008602709916,        -0.04817301254,       100013.5565,        88911.01789,           290.0620642,            301.7109296,            101134.4678,             101238.3732
          0,           0,         225,      -5.112527465,      -2.629904577,      -2.825036848,      -2.959799359,      0.3607586755,    -0.04022225969,    -0.04022225969,      0.5265523714,       580.1606766,       189046.5618,       189046.5618,       2.275656312,       594515.6403,       -92.7845646,       149.1545768,         37.63022286,        -0.5869033324,               0.4581080897,       591.7327213,       591.7327213,       202361.8791,       202361.8791,      -11119.54592,       0.007954965183,        -0.04817722487,       100083.0538,        88963.50793,           290.0778714,            301.6548499,            101132.5888,             101229.2903
          0,           0,         226,       -5.11354033,      -2.630659301,      -2.823530506,      -2.959499304,      0.3595861267,    -0.04078618203,    -0.04078618203,      0.5219013858,       580.2217748,       189153.7531,       189153.7531,       2.276659564,       594469.5531,      -93.91660777,       147.7518142,         37.74296778,        -0.6037808537,               0.4838379896,       591.6868499,       591.6868499,       202345.2306,       202345.2306,      -11124.46291,       0.007428598522,        -0.04821478055,        100139.108,        89014.64511,           290.0848442,            301.6020056,            101118.1438,             101227.0868
          0,           0,         227,       -5.11531084,      -2.630235351,      -2.822496372,      -2.959260033,      0.3576622361,     -0.0412714901,     -0.0412714901,      0.5173600599,       580.2688445,       189244.2883,       189244.2883,       2.277519049,       594416.6043,      -95.10293995,       146.4383052,         37.85975735,        -0.6206663462,                0.512240086,       591.6341489,       591.6341489,       202320.5613,       202320.5613,       -11115.0191,       0.007013218317,        -0.04828470841,       100179.6537,        89064.63459,           290.0804047,            301.5537442,            101088.9322,             101231.6291
          0,           0,         228,      -5.117752777,      -2.628733585,      -2.822016469,      -2.959260801,      0.3550707861,    -0.04169164082,    -0.04169164082,      0.5128782545,       580.3032763,       189322.9748,       189322.9748,       2.278282339,       594357.5605,      -96.38894196,       145.2158579,         37.96512627,        -0.6361898341,               0.5427039454,       591.5753815,       591.5753815,       202291.9047,       202291.9047,      -11096.64785,        0.00669447882,        -0.04838611964,       100209.8113,        89113.16348,           290.0673959,            301.5079856,             101049.561,             101242.3438
          0,           0,         229,      -5.120595486,      -2.626353566,      -2.822141529,      -2.959605354,      0.3521008655,    -0.04205430094,    -0.04205430094,      0.5084408163,       580.3314746,       189397.9059,       189397.9059,       2.279019809,        594298.509,       -97.7948994,       144.0903967,         38.04396154,        -0.6493475723,               0.5743826316,       591.5166064,       591.5166064,       202266.9166,       202266.9166,      -11077.85066,       0.006463996181,        -0.04851829712,       100237.8783,        89160.02763,           290.0518544,             301.464752,            101008.1901,             101258.7265
          0,           0,         230,      -5.123881937,      -2.623173734,      -2.822909657,      -2.960511078,      0.3487289669,    -0.04236919504,    -0.04236919504,      0.5038743399,       580.3590482,       189474.2294,       189474.2294,       2.279770426,        594243.369,       -99.3823919,       143.0688002,         38.08396841,        -0.6577050343,               0.6062597604,       591.4617245,       591.4617245,       202248.6558,       202248.6558,      -11064.55669,       0.006311054095,        -0.04868024914,        100269.393,        89204.83636,           290.0372453,            301.4244792,            100969.1654,             101279.4904
          0,           0,         231,      -5.127533981,      -2.619340009,      -2.824364077,      -2.962189294,      0.3450134913,    -0.04264363843,    -0.04264363843,      0.4988006499,        580.387301,       189558.3686,       189558.3686,       2.280603665,       594191.3624,      -101.3176347,       142.1609958,         38.07498242,        -0.6558300758,               0.6370583062,       591.4099613,       591.4099613,       202240.9416,       202240.9416,      -11063.97971,       0.006226935275,         -0.0488705737,       100311.1742,        89247.19445,           290.0252567,            301.3847046,            100936.2041,             101304.7375
          0,           0,         232,      -5.131372179,      -2.615018094,      -2.826528092,      -2.964733308,      0.3411401956,    -0.04287842701,    -0.04287842701,      0.4936703146,       580.4043766,       189631.1848,       189631.1848,       2.281342131,         594134.63,      -103.3867087,       141.3795998,         38.01139293,        -0.6463373824,               0.6653414887,       591.3534946,       591.3534946,       202229.5113,       202229.5113,      -11057.75009,        0.00620948063,        -0.04908790764,       100344.4675,        89286.71736,           290.0063951,            301.3470995,            100896.3402,             101333.1711
          0,           0,         233,      -5.135272386,      -2.610345912,       -2.82939314,      -2.968289399,      0.3372361994,    -0.04307363747,    -0.04307363747,      0.4886506899,       580.3981837,       189680.1713,       189680.1713,       2.281885668,        594063.012,      -105.5162404,       140.7403589,          37.8924165,        -0.6284963447,               0.6895387498,       591.2822117,       591.2822117,       202204.1873,       202204.1873,      -11032.91549,       0.006256659282,        -0.04933029675,       100356.5434,        89323.62792,           289.9716655,            301.3105463,            100838.9213,              101365.266
          0,           0,         234,      -5.139243988,      -2.605457557,      -2.832923365,      -2.972887712,      0.3332853334,    -0.04323252474,    -0.04323252474,      0.4837869089,       580.3565566,       189691.6395,       189691.6395,       2.282122709,       593965.3311,      -107.6763559,       140.2611959,         37.72040818,        -0.5993263704,                0.707894241,       591.1849881,       591.1849881,       202152.5243,       202152.5243,       -10975.3418,       0.006363071223,        -0.04959559597,       100333.4906,        89358.14884,           289.9093973,            301.2755909,            100750.9447,             101401.5796
          0,           0,         235,      -5.143177152,      -2.600455069,       -2.83709662,      -2.978575485,      0.3293890062,    -0.04335357273,    -0.04335357273,      0.4791938744,       580.2642203,       189649.4349,       189649.4349,        2.28191967,       593826.9776,      -109.7725121,       139.9669222,         37.50025514,        -0.5565848864,               0.7185150281,       591.0472822,       591.0472822,       202059.2753,       202059.2753,       -10869.6491,       0.006529163566,        -0.04988273629,        100259.542,        89389.89288,           289.8068458,            301.2404365,            100618.4928,             101440.7826
          0,           0,         236,      -5.146995798,      -2.595475202,      -2.841859964,      -2.985271341,      0.3256158483,    -0.04342718409,    -0.04342718409,      0.4756339993,       580.1164266,        189547.932,        189547.932,       2.281225984,       593647.1678,      -111.5280012,        139.880497,         37.23884998,        -0.5100380236,               0.7197667997,       590.8683141,       590.8683141,       201923.7129,       201923.7129,      -10709.65636,       0.006762038867,        -0.05018922296,       100128.7942,         89419.1378,           289.6642111,             301.204103,            100440.6993,             101483.0136
          0,           0,         237,      -5.150679437,      -2.590601687,      -2.847151368,      -2.992958415,      0.3219756241,    -0.04344734335,    -0.04344734335,       0.473248814,       579.9196934,       189394.9795,       189394.9795,        2.28010883,       593432.4944,       -112.908116,       140.0237827,         36.94440743,        -0.4630379419,               0.7108369071,       590.6546456,       590.6546456,       201753.6008,       201753.6008,      -10504.55346,       0.007066089403,        -0.05051343275,       99949.76647,        89445.21301,            289.488411,            301.1662346,            100226.0544,             101527.5464
          0,           0,         238,      -5.154207319,       -2.58590565,      -2.852865604,      -3.001417177,      0.3184914437,    -0.04341539858,    -0.04341539858,      0.4721624321,       579.6823468,       189200.6954,       189200.6954,       2.278657126,       593192.0001,      -113.8950287,       140.4105738,         36.62708925,        -0.4205970217,               0.6921937484,        590.415277,        590.415277,       201559.7949,       201559.7949,      -10265.07314,       0.007437964857,        -0.05085336344,       99732.88425,        89467.81111,           289.2882572,            301.1270198,            99985.18671,             101574.6082
          0,           0,         239,      -5.157479846,      -2.581468468,      -2.858885666,      -3.010536606,      0.3152592222,    -0.04332913047,    -0.04332913047,      0.4723580909,       579.4170526,       188979.5537,       188979.5537,       2.276993828,       592937.6442,      -114.5033064,       141.0412905,         36.29755085,        -0.3860070687,               0.6656632929,       590.1621118,       590.1621118,        201355.862,        201355.862,      -10004.88469,       0.007877528363,        -0.05120665883,       99492.21919,         89487.3345,           289.0749984,            301.0871134,            99731.63105,             101624.2309
          0,           0,         240,      -5.160471214,      -2.577343884,      -2.865068484,      -3.020016606,      0.3122996922,    -0.04318830212,    -0.04318830212,      0.4737504114,       579.1372464,       188745.7833,       188745.7833,       2.275236416,       592681.8487,       -114.759706,       141.9043154,         35.96568231,        -0.3612878824,               0.6340033628,       589.9075136,       589.9075136,       201154.7284,       201154.7284,      -9738.627321,        0.00838297617,        -0.05157127829,       99242.20531,        89503.57799,           288.8604923,            301.0470214,            99479.24944,              101675.479
          0,           0,         241,      -5.163216229,       -2.57360629,      -2.871241876,      -3.029560548,      0.3095737305,     -0.0429947603,     -0.0429947603,      0.4762168641,       578.8597512,       188515.3442,       188515.3442,       2.273514732,        592440.549,      -114.6992843,        142.980751,         35.64060379,        -0.3460648353,               0.6000295671,       589.6673434,       589.6673434,       200971.2641,       200971.2641,      -9480.769582,       0.008950034443,        -0.05194479474,       98998.05688,         89517.2873,           288.6569949,            301.0103486,            99243.00423,             101728.2599
          0,           0,         242,      -5.165718662,      -2.570300339,      -2.877211791,      -3.038771831,      0.3070738822,    -0.04275101591,    -0.04275101591,      0.4796209304,       578.5933611,       188299.8055,       188299.8055,        2.27192764,       592221.6448,      -114.3582973,       144.2468241,         35.33008041,        -0.3391142401,               0.5661776226,       589.4494639,       589.4494639,       200815.9173,       200815.9173,       -9243.36487,       0.009574293508,        -0.05232530942,       98771.58518,        89528.22031,           288.4744251,            300.9750388,            99034.34614,             101781.5712
          0,           0,         243,       -5.16799997,      -2.567504034,      -2.882775614,      -3.047154361,      0.3047730413,    -0.04246225379,    -0.04246225379,      0.4838017145,       578.3465693,       188103.6173,       188103.6173,       2.270496672,         592031.95,      -113.7648797,       145.6691564,         35.04025629,        -0.3390606442,               0.5342936345,       589.2606572,       589.2606572,       200691.0958,       200691.0958,      -9030.797043,        0.01024809442,        -0.05271034821,       98567.20716,        89536.41012,            288.317236,            300.9434212,            98857.15567,             101833.9401
          0,           0,         244,      -5.169997413,      -2.565267909,      -2.887754375,      -3.054276112,      0.3027337505,    -0.04213520344,    -0.04213520344,       0.488543199,       578.1200473,       187930.6307,       187930.6307,       2.269262875,       591871.0444,      -112.9911954,       147.2110922,         34.77648649,        -0.3424986793,               0.5055394929,       589.1005047,       589.1005047,       200599.2995,       200599.2995,      -8847.256886,        0.01096188444,        -0.05309708788,       98388.94378,        89541.68689,           288.1878075,            300.9126972,            98714.25692,             101885.0426
          0,           0,         245,      -5.171684105,      -2.563639816,      -2.892009212,      -3.059720108,      0.3009910876,    -0.04177674971,    -0.04177674971,      0.4937229596,       577.9113821,       187781.5585,       187781.5585,       2.268243152,       591735.8618,      -112.0853589,       148.8395362,         34.54172084,         -0.348128229,               0.4803050693,       588.9659549,       588.9659549,       200540.5293,       200540.5293,      -8693.113218,        0.01170619026,        -0.05348293997,       98237.33585,        89544.22263,           288.0857476,            300.8802073,            98605.42796,             101935.1014
          0,           0,         246,      -5.173001206,      -2.562650546,      -2.895448965,      -3.063221378,      0.2996037095,     -0.0413955179,     -0.0413955179,      0.4992055032,       577.7191385,       187652.4351,       187652.4351,        2.26739815,       591623.3825,      -111.0711293,       150.5206328,         34.33701165,        -0.3555268134,               0.4586101791,       588.8540021,       588.8540021,       200508.9962,       200508.9962,      -8563.732153,        0.01247000319,         -0.0538655211,       98108.08365,        89544.35149,           288.0066305,            300.8473717,            98525.49167,             101983.5045
          0,           0,         247,       -5.17397947,      -2.562330184,      -2.898044422,      -3.064606119,      0.2985351332,    -0.04099549672,    -0.04099549672,      0.5048459796,        577.544259,       187543.9683,       187543.9683,        2.26673192,       591532.9731,      -109.9763704,       152.2302066,         34.16147239,        -0.3634175465,               0.4401165485,       588.7640159,       588.7640159,        200503.526,        200503.526,      -8460.899703,        0.01324625714,        -0.05424175386,       98002.43402,        89541.53432,           287.9509394,            300.8130765,            98474.84235,             102028.6836
          0,           0,         248,      -5.174596419,      -2.562707449,      -2.899816494,      -3.063880684,      0.2978126905,    -0.04058226991,    -0.04058226991,      0.5105900138,        577.382697,       187454.3759,       187454.3759,       2.266240162,       591460.5642,      -108.8450224,       153.9442925,         34.01238359,        -0.3714231978,               0.4244030307,        588.691946,        588.691946,        200522.299,        200522.299,       -8383.06831,        0.01402646169,        -0.05460873161,        97918.7221,        89535.65379,           287.9163083,            300.7756376,            98450.81314,             102071.4859
          0,           0,         249,      -5.174853471,      -2.563828198,      -2.900863015,      -3.061195766,      0.2974399985,    -0.04016291248,    -0.04016291248,       0.516323145,       577.2307538,       187379.7012,       187379.7012,       2.265887763,       591400.5834,      -107.6939824,       155.6402444,         33.88655941,         -0.379157275,               0.4110689348,        588.632246,        588.632246,       200559.1791,       200559.1791,      -8326.223286,        0.01480149014,        -0.05496440263,       97852.96222,        89526.73894,            287.898357,             300.733889,            98448.41629,             102110.7628
          0,           0,         250,      -5.174729149,      -2.565728774,      -2.901337369,      -3.056878409,      0.2974485724,    -0.03974546589,    -0.03974546589,       0.521922095,       577.0897197,       187316.0575,       187316.0575,       2.265627451,       591352.0251,      -106.5382278,       157.2954251,         33.78016749,        -0.3862759235,               0.3997517831,       588.5839149,       588.5839149,       200607.5378,       200607.5378,      -8286.832807,        0.01556065233,        -0.05530611821,       97801.44513,        89514.61233,           287.8931944,            300.6907205,            98462.66286,              102144.875
          0,           0,         251,      -5.174036247,      -2.568416922,      -2.901472502,      -3.051424318,      0.2980452828,    -0.03933308849,    -0.03933308849,      0.5273649585,       576.9557985,       187264.5054,       187264.5054,       2.265484431,       591310.9284,      -105.4112209,       158.8927288,         33.68759947,        -0.3928141219,                0.390038632,       588.5430106,       588.5430106,       200668.2791,       200668.2791,      -8264.769331,        0.01629779011,         -0.0556308786,       97764.63737,        89499.86804,           287.8997487,            300.6432619,            98492.96794,             102175.3112
          0,           0,         252,      -5.172665989,      -2.571885192,      -2.901491683,      -3.045365381,      0.2993536667,    -0.03893368848,    -0.03893368848,      0.5325812984,        576.825612,        187222.622,        187222.622,       2.265441502,        591272.882,      -104.3462477,       160.4150313,         33.60392365,        -0.3985311115,                0.381620645,       588.5051423,       588.5051423,       200737.7008,       200737.7008,       -8259.31774,        0.01700387666,        -0.05593756515,       97740.96989,        89481.65215,           287.9162086,            300.5889337,             98536.3505,             102201.3503
          0,           0,         253,      -5.170638693,      -2.576100869,      -2.901604058,      -3.039266367,      0.3013629515,     -0.0385504757,     -0.0385504757,      0.5375007004,       576.6987822,       187190.5933,       187190.5933,       2.265501538,       591236.3028,       -103.365394,       161.8501497,         33.52395845,        -0.4030477412,               0.3742106302,       588.4687343,       588.4687343,       200814.4962,       200814.4962,      -8271.291153,        0.01767317016,        -0.05622364586,       97730.94224,        89459.65109,           287.9418196,            300.5269147,            98591.88919,              102222.607
          0,           0,         254,      -5.167978899,      -2.581033035,      -2.901971482,      -3.033576639,      0.3040504287,    -0.03819034301,    -0.03819034301,      0.5419929944,       576.5788886,       187167.4195,       187167.4195,       2.265641334,       591201.7449,      -102.4853532,       163.1810417,         33.44339132,        -0.4058726115,               0.3676027999,       588.4343382,       588.4343382,       200894.1174,       200894.1174,      -8298.294393,        0.01829721062,        -0.05648755362,       97732.85695,        89434.56256,           287.9739875,            300.4603507,            98656.20363,             102237.9138
          0,           0,         255,      -5.164744852,      -2.586637549,      -2.902720568,      -3.028670524,      0.3073549896,    -0.03785635393,    -0.03785635393,      0.5460576408,       576.4622283,       187151.3839,       187151.3839,       2.265852806,       591164.6349,      -101.7033602,       164.3953109,         33.35946592,        -0.4077779294,               0.3616551896,        588.397402,        588.397402,       200973.8176,       200973.8176,      -8338.191316,        0.01887142524,        -0.05672777917,       97744.78761,         89406.5963,           288.0103154,            300.3870865,            98726.58353,             102247.2341
          0,           0,         256,      -5.161029111,      -2.592867112,      -2.903932514,      -3.024869703,      0.3111896125,     -0.0375536238,     -0.0375536238,      0.5496209329,       576.3526222,       187141.8394,       187141.8394,       2.266115192,       591126.3736,      -101.0085647,       165.4828663,         33.26997305,        -0.4087631601,               0.3562643431,       588.3593197,       588.3593197,       201050.0882,       201050.0882,      -8389.901955,        0.01939072411,        -0.05694434792,       97765.87067,        89375.96872,           288.0496426,            300.3096771,            98801.15588,             102248.9323
          0,           0,         257,      -5.157014201,      -2.599649538,      -2.905621762,      -3.022343734,      0.3153615089,    -0.03728610777,    -0.03728610777,      0.5526243898,       576.2521198,       187140.0344,       187140.0344,       2.266436438,       591087.8676,      -100.4276174,       166.4331418,         33.17330956,        -0.4085239848,               0.3513553976,        588.320994,        588.320994,       201122.8048,       201122.8048,      -8454.028355,        0.01984933013,         -0.0571354379,       97797.03136,        89343.00301,           288.0922253,            300.2287687,            98879.52145,             102243.2834
          0,           0,         258,      -5.152732848,      -2.606895302,      -2.907803037,      -3.021263151,      0.3198469362,    -0.03705647563,    -0.03705647563,      0.5550833358,       576.1586621,       187146.1724,       187146.1724,       2.266824565,       591046.8727,        -99.967124,       167.2388668,         33.06858121,        -0.4074516642,               0.3468717119,        588.280191,        588.280191,       201191.9645,       201191.9645,      -8529.668777,        0.02024356313,        -0.05730003876,       97837.92058,         89308.2518,           288.1383253,            300.1418656,            98960.64383,             102231.3207
          0,           0,         259,      -5.148289625,      -2.614490402,      -2.910473772,      -3.021760553,       0.324551077,    -0.03686775566,    -0.03686775566,      0.5570162599,       576.0717551,       187159.5645,       187159.5645,       2.267273104,       591002.3233,      -99.61823549,        167.892832,         32.95487741,        -0.4061056378,               0.3427674312,       588.2358501,       588.2358501,       201256.2198,       201256.2198,      -8615.366438,        0.02057028621,        -0.05743804186,       97887.46549,        89272.09905,           288.1869067,            300.0489435,            99043.08469,             102213.1351
          0,           0,         260,      -5.143873706,      -2.622280243,      -2.913559159,      -3.023852001,       0.329277894,    -0.03672280969,    -0.03672280969,      0.5584410613,       575.9895533,       187180.5593,       187180.5593,       2.267791922,       590952.6151,      -99.39190403,       168.3904709,         32.83232748,        -0.4046753764,               0.3390217168,       588.1863746,       588.1863746,       201316.1782,       201316.1782,       -8711.22611,        0.02082579384,        -0.05754860353,       97945.89269,        89234.66658,           288.2379312,            299.9484434,            99126.57813,             102189.6001
          0,           0,         261,      -5.139707016,      -2.630078513,      -2.916958184,      -3.027498333,      0.3338042426,     -0.0366256457,     -0.0366256457,      0.5593151998,       575.9146768,       187210.5359,       187210.5359,        2.26838786,       590899.3273,      -99.29396312,       168.7264572,         32.70136388,        -0.4029728263,                0.335630481,       588.1333362,       588.1333362,       201372.0432,       201372.0432,      -8817.132358,        0.02100636132,        -0.05763200702,       98013.83414,        89196.70178,           288.2915363,            299.8417999,            99211.07861,             102160.9646
          0,           0,         262,      -5.135846621,      -2.637768261,      -2.920462712,      -3.032482972,      0.3380643034,    -0.03657980062,    -0.03657980062,      0.5596538589,       575.8478677,        187251.364,        187251.364,       2.269079974,       590843.1443,      -99.32502427,       168.8953048,         32.56278752,        -0.4013234045,                0.332604519,       588.0774162,       588.0774162,       201425.6726,       201425.6726,       -8933.75021,        0.02110881137,        -0.05768861198,       98092.55712,        89158.80691,           288.3484277,            299.7289886,            99297.51314,             102128.1594
          0,           0,         263,      -5.132462733,      -2.645232588,      -2.923800619,      -3.038517606,      0.3418686312,    -0.03658764958,    -0.03658764958,      0.5594619051,       575.7885119,       187301.9734,       187301.9734,       2.269858071,        590783.314,      -99.48113506,       168.8956526,         32.41792551,         -0.399813996,               0.3299600355,        588.017866,        588.017866,       201475.9056,       201475.9056,      -9057.523382,        0.02113087798,        -0.05771852756,       98179.74838,        89122.22499,           288.4065903,            299.6112756,            99383.60198,             102092.3037
          0,           0,         264,      -5.129813383,      -2.652293577,       -2.92667288,      -3.045177238,      0.3449497023,    -0.03665247489,    -0.03665247489,       0.558769481,       575.7335978,       187359.4624,       187359.4624,       2.270698274,       590718.0164,      -99.76726694,       168.7335378,         32.26862173,        -0.3985177946,               0.3277206776,        587.952874,        587.952874,       201521.0585,       201521.0585,      -9189.894856,        0.02107102623,        -0.05772350113,       98274.67861,        89084.78375,           288.4654635,            299.4874106,            99468.70415,             102052.3544
          0,           0,         265,      -5.128108206,      -2.658720807,      -2.928756261,      -3.051843802,      0.3470837189,    -0.03677735283,    -0.03677735283,      0.5575789448,       575.6864208,       187426.2884,       187426.2884,       2.271617579,       590650.4333,      -100.1788225,       168.4057523,         32.11668279,        -0.3975833828,               0.3259341451,       587.8856072,       587.8856072,       201563.5939,       201563.5939,      -9329.125355,        0.02092600352,        -0.05770335635,       98377.70688,        89048.58152,           288.5256341,            299.3599731,            99553.32533,             102010.2685
          0,           0,         266,      -5.127267079,       -2.66429702,      -2.929865495,      -3.058089619,      0.3483576164,    -0.03696269452,    -0.03696269452,      0.5559340879,       575.6440044,       187498.9489,       187498.9489,       2.272586023,       590578.5499,      -100.7051562,       167.9205198,         31.96324418,        -0.3971726089,               0.3246091839,       587.8140604,       587.8140604,       201601.1521,       201601.1521,      -9470.934589,        0.02069634589,        -0.05765904042,       98484.94175,        89014.00716,           288.5841456,            299.2299148,            99634.35672,             101966.7954
          0,           0,         267,      -5.127393135,      -2.668842917,      -2.929819518,      -3.063509007,      0.3486608876,    -0.03721097701,    -0.03721097701,       0.553861585,       575.6080516,       187578.8801,       187578.8801,       2.273613823,       590504.7702,      -101.3385409,       167.2820232,         31.80959968,        -0.3974715853,               0.3237855803,        587.740626,        587.740626,       201636.0129,       201636.0129,      -9616.037668,        0.02038055678,         -0.0575915338,        98597.4589,        88981.42124,           288.6425156,            299.0981104,            99713.47817,             101922.5348
          0,           0,         268,      -5.128731591,      -2.672252093,       -2.92850046,      -3.067624736,      0.3477171477,    -0.03752640298,    -0.03752640298,      0.5513940739,        575.579741,       187666.9988,       187666.9988,       2.274707391,       590431.1699,      -102.0721662,       166.4947967,         31.65685016,        -0.3987569257,               0.3235105252,       587.6673703,       587.6673703,       201670.1929,       201670.1929,      -9764.724979,        0.01997615595,        -0.05750255893,        98715.8619,        88951.13692,           288.7020078,            298.9653624,            99792.00391,              101878.189
          0,           0,         269,      -5.131425304,       -2.67447156,      -2.925911278,      -3.069983171,      0.3453601501,    -0.03791289247,    -0.03791289247,      0.5485593453,       575.5595986,       187763.4691,       187763.4691,       2.275866393,       590359.1319,      -102.8980623,       165.5646891,         31.50659452,        -0.4012392643,               0.3238566896,       587.5956695,       587.5956695,       201704.8806,       201704.8806,      -9916.972999,        0.01948053164,        -0.05739342411,       98840.22105,        88923.24805,           288.7634315,             298.832238,            99870.78444,             101834.0962
          0,           0,         270,      -5.135236405,      -2.675428226,      -2.922214838,      -3.070434148,      0.3418452951,    -0.03837500905,    -0.03837500905,      0.5454140721,        575.548691,       187868.1268,       187868.1268,       2.277085261,       590290.8255,      -103.7967558,       164.4994071,         31.36043092,        -0.4054624883,               0.3249138848,       587.5276828,       587.5276828,       201741.2594,       201741.2594,      -10071.70986,        0.01889044417,        -0.05726545322,       98969.91833,        88898.20847,           288.8274658,             298.700217,            99950.36833,             101790.8911
          0,           0,         271,      -5.140059304,      -2.675151822,      -2.917593246,      -3.069230194,      0.3372823251,      -0.038916668,      -0.038916668,      0.5419016389,        575.549726,       187980.7813,       187980.7813,       2.278352846,       590228.8086,      -104.7725702,       163.3088351,         31.22005904,        -0.4106342171,               0.3267946741,       587.4659562,       587.4659562,       201778.9784,       201778.9784,      -10228.62809,        0.01820363906,        -0.05712030707,       99104.70471,        88876.07663,             288.89443,            298.5715261,            100030.9015,             101748.0769
          0,           0,         272,      -5.146120444,      -2.673750051,      -2.912303685,      -3.066334996,      0.3314063855,    -0.03953955028,    -0.03953955028,      0.5380518873,       575.5614537,       188099.9102,       188099.9102,       2.279654972,       590172.9235,      -105.8225281,       162.0042094,         31.08758082,        -0.4166258718,               0.3296448212,       587.4103327,       587.4103327,       201817.8108,       201817.8108,      -10385.68986,        0.01741970624,        -0.05695925652,       99242.80001,        88857.11016,           288.9638542,            298.4464785,            100111.5687,             101706.2421
          0,           0,         273,      -5.153015297,       -2.67135894,      -2.906616803,      -3.062092717,      0.3246304913,    -0.04024351932,    -0.04024351932,      0.5339663975,       575.5823328,       188223.0077,       188223.0077,       2.280968105,       590123.2934,      -106.9211383,       160.5989689,         30.96556304,        -0.4241134158,               0.3336559489,       587.3609349,       587.3609349,       201857.2177,       201857.2177,      -10540.00726,        0.01653983936,        -0.05678335868,       99381.50747,         88841.5002,           289.0349572,            298.3259777,            100191.3229,             101665.8949
          0,           0,         274,      -5.160776118,      -2.668176581,       -2.90076318,      -3.056947383,      0.3169076167,    -0.04102943212,    -0.04102943212,      0.5298782005,        575.606965,       188344.1677,       188344.1677,       2.282243049,       590077.1586,      -107.9947536,        159.113429,         30.85704342,        -0.4356908235,               0.3390624713,       587.3150161,       587.3150161,       201894.3988,       201894.3988,      -10687.33797,        0.01556504064,        -0.05659447276,       99515.75285,        88828.41488,           289.1053568,            298.2096593,            100267.7318,              101626.667
          0,           0,         275,      -5.169422446,      -2.664485316,      -2.895037452,      -3.051381996,      0.3082040826,     -0.0418982412,     -0.0418982412,      0.5255920819,       575.6357236,       188464.9675,       188464.9675,       2.283495663,       590034.8835,      -109.1370188,       157.5708938,         30.76532535,         -0.447157341,               0.3461469752,       587.2729388,       587.2729388,       201930.8145,       201930.8145,      -10830.27316,        0.01449598185,        -0.05639422305,       99647.62033,        88817.34718,           289.1764184,            298.0965204,            100341.8473,             101588.9672
          0,           0,         276,      -5.178458933,      -2.660552076,      -2.889707183,      -3.045677315,      0.2990466299,    -0.04283961937,    -0.04283961937,      0.5213698049,       575.6669409,       188580.3306,       188580.3306,       2.284673775,       589996.3299,       -110.257337,       155.9974331,         30.69504031,        -0.4605170767,               0.3552886842,       587.2345657,       587.2345657,       201963.2945,       201963.2945,      -10963.47186,        0.01334381275,        -0.05618343213,       99771.90125,        88808.42939,           289.2456741,            297.9888917,            100411.5215,              101551.773
          0,           0,         277,      -5.187643925,      -2.656591923,      -2.884922194,      -3.040183528,      0.2896645616,    -0.04384920127,    -0.04384920127,      0.5169523736,       575.7093098,       188697.6093,       188697.6093,        2.28583074,        589968.912,      -111.4357926,       154.4278076,         30.65193561,        -0.4699299959,               0.3669252672,       587.2072762,       587.2072762,       201997.5661,       201997.5661,      -11095.16715,        0.01211408884,        -0.05596329011,       99896.38821,        88801.22106,            289.319158,            297.8881183,            100483.6329,             101513.9331
          0,           0,         278,      -5.196821592,      -2.652998315,      -2.880834638,      -3.035218035,      0.2802138152,    -0.04491009778,    -0.04491009778,        0.51289628,        575.753863,       188811.9514,       188811.9514,       2.286942019,       589949.0087,      -112.5802372,        152.899337,         30.64295225,        -0.4787421857,               0.3815592518,        587.187466,        587.187466,        202035.117,        202035.117,      -11220.83585,        0.01082479991,        -0.05573489769,       100016.3936,        88795.55778,           289.3959856,            297.7914804,            100557.6473,             101477.4697
          0,           0,         279,      -5.205787915,       -2.64991783,      -2.877565138,      -3.031016367,       0.270898435,    -0.04600740783,    -0.04600740783,      0.5084797266,       575.8262514,        188953.367,        188953.367,       2.288261643,       589958.5942,      -113.9881629,       151.4538888,         30.67645128,        -0.4694293402,               0.3997230535,       587.1970066,       587.1970066,       202101.3563,       202101.3563,      -11371.30171,       0.009491882767,         -0.0554992906,       100162.3344,        88791.03264,           289.4972542,            297.6997524,              100659.52,             101441.8363
          0,           0,         280,      -5.214195828,      -2.647733795,      -2.875248404,      -3.027708533,      0.2620868901,    -0.04711328749,    -0.04711328749,      0.5047002626,       575.9231399,       189117.5282,       189117.5282,       2.289750591,       590000.3724,      -115.3498057,       150.1320876,         30.76127081,        -0.4518403913,               0.4218826282,       587.2385893,       587.2385893,       202199.2431,       202199.2431,      -11542.88704,       0.008143784349,        -0.05525707184,       100330.2076,        88787.32057,           289.6243871,            297.6142022,            100792.8344,             101406.4087
          0,           0,         281,      -5.221721022,      -2.646522426,      -2.873997022,      -3.025409212,      0.2541386358,    -0.04821077678,    -0.04821077678,      0.5014129263,       576.0665368,        189330.957,        189330.957,       2.291631996,       590095.0091,      -116.7773652,       148.9742282,          30.9064695,         -0.413020959,                0.448283701,       587.3327831,       587.3327831,       202353.6244,       202353.6244,      -11763.04136,       0.006798553824,         -0.0550093306,       100546.9992,        88783.95782,           289.7974539,            297.5353292,            100983.7866,             101369.8378
          0,           0,         282,      -5.227805261,      -2.646460352,      -2.873874055,      -3.024155861,      0.2476567638,    -0.04928339794,    -0.04928339794,      0.4981644709,       576.2869564,       189634.9593,       189634.9593,       2.294269249,       590270.1135,      -118.4351982,       148.0108345,         31.11809732,        -0.3295932506,               0.4787381526,       587.5070677,       587.5070677,       202602.1795,       202602.1795,      -12073.92124,       0.005473591914,        -0.05475698986,       100854.4403,        88780.51905,           290.0449703,            297.4620974,            101270.3334,             101331.8461
          0,           0,         283,      -5.232399773,       -2.64767211,      -2.874904042,      -3.024020458,      0.2427210975,    -0.05030803378,    -0.05030803378,      0.4957765052,       576.5864715,       190031.7666,       190031.7666,       2.297674899,       590530.9311,      -120.1004612,       147.2619485,         31.39872317,        -0.1947810317,               0.5125092917,       587.7666645,       587.7666645,       202950.9744,       202950.9744,      -12479.26822,       0.004193040857,        -0.05450107464,       101255.5174,        88776.24919,           290.3715878,            297.3950767,            101659.4623,             101291.5121
          0,           0,         284,      -5.235420405,      -2.650154488,      -2.877072725,      -3.025042108,      0.2394408819,    -0.05128019574,    -0.05128019574,      0.4940327611,       576.9859193,       190543.4741,       190543.4741,       2.302026035,       590894.9284,       -121.774279,       146.7361054,         31.74861318,        0.02796570335,               0.5484010161,       588.1289579,       588.1289579,       203418.0514,       203418.0514,      -13001.80151,       0.002962011835,        -0.05424220757,       101772.6378,        88770.83628,           290.7906146,            297.3383433,            102171.0782,             101246.9732
          0,           0,         285,      -5.236843128,      -2.653929655,       -2.88033488,       -3.02725403,      0.2378447687,    -0.05218492606,    -0.05218492606,      0.4929043074,        577.475914,        191171.662,        191171.662,       2.307366864,        591352.691,       -123.431009,        146.420916,          32.1660012,         0.3937671186,               0.5852173763,       588.5845777,       588.5845777,       204004.9155,       204004.9155,      -13643.51278,       0.001796230965,        -0.05398115702,       102407.5874,        88764.07462,           291.3004517,             297.284126,             102804.523,             101200.3925
          0,           0,         286,      -5.236805217,      -2.658951076,      -2.884646532,      -3.030661965,      0.2378107674,    -0.05301370948,    -0.05301370948,       0.492389028,       578.0495482,       191897.5514,       191897.5514,       2.313502774,       591894.6125,      -124.9790383,       146.2844411,         32.64468115,         0.9962963505,               0.6219281861,       589.1239625,       589.1239625,       204689.6915,       204689.6915,      -14384.98514,      0.0007044272964,        -0.05371813678,       103141.2683,        88756.28315,           291.8863538,            297.2376087,            103539.7897,             101149.9018
          0,           0,         287,      -5.235413625,      -2.665164867,      -2.890017926,      -3.035318397,      0.2392293159,    -0.05376436245,    -0.05376436245,      0.4919619018,       578.6871096,       192699.4334,       192699.4334,       2.320255533,        592498.393,      -126.5173106,       146.2811151,         33.17543497,          2.097782044,               0.6579809764,       589.7249167,       589.7249167,       205447.6141,       205447.6141,      -15204.30949,     -0.0003111389756,        -0.05345322348,       103951.8715,        88747.56197,            292.528476,            297.1964407,            104351.1507,             101096.4634
          0,           0,         288,      -5.232860395,      -2.672406786,      -2.896423866,      -3.041274186,      0.2418968669,    -0.05443372377,    -0.05443372377,      0.4915800728,       579.3677104,       193551.8268,       193551.8268,       2.327405148,       593143.2362,      -128.0104983,       146.3632715,         33.74583922,          4.300330478,               0.6931588214,       590.3667414,       590.3667414,       206253.3832,       206253.3832,      -16076.73369,      -0.001246776875,         -0.0531869469,       104814.2803,        88737.54657,           293.2079265,            297.1588149,            105213.7631,             101039.6201
          0,           0,         289,      -5.229623513,       -2.68043907,      -2.903800539,      -3.048591297,      0.2453188568,    -0.05502361523,    -0.05502361523,      0.4913703798,       580.0802091,        194439.406,        194439.406,       2.334815095,       593819.1855,      -129.3919554,       146.4852565,         34.34179814,           9.27411482,               0.7274806189,       591.0395266,       591.0395266,       207093.2114,       207093.2114,      -16985.28818,      -0.002103862552,        -0.05291975267,       105712.3471,        88727.05893,           293.9138612,            297.1256655,            106113.1729,             100980.0385
          0,           0,         290,       -5.22567837,      -2.689044681,      -2.912080005,        -3.0574003,      0.2494888904,    -0.05554269476,    -0.05554269476,      0.4912734012,       580.8263915,       195352.3692,       195352.3692,       2.342374403,       594527.6629,      -130.6399696,       146.6099729,         34.94799177,          23.61776894,               0.7610212439,       591.7446876,       591.7446876,       207956.8387,       207956.8387,      -17920.95214,      -0.002890659491,        -0.05265203527,       106636.6607,        88715.70853,           294.6395357,            297.1051519,            107040.5033,             100916.3354
          0,           0,         291,      -5.221324045,       -2.69797878,      -2.921154773,      -3.067693115,      0.2540739078,    -0.05600361702,    -0.05600361702,      0.4912493772,       581.5960729,        196287.066,        196287.066,       2.350067623,       595258.6932,      -131.7699559,        146.709392,         35.55035866,          96.27662715,               0.7938953072,        592.472296,        592.472296,       208840.9726,       208840.9726,      -18879.45324,      -0.003619168451,        -0.05238444857,       107583.2596,         88703.8064,           295.3818296,            297.0904664,            107991.9684,             100849.0042
          0,           0,         292,      -5.216982156,      -2.706999221,      -2.930903105,      -3.079417034,      0.2586342213,    -0.05642528601,    -0.05642528601,      0.4912372573,       582.3774083,       197231.9754,       197231.9754,       2.357807865,        596000.652,      -132.8043985,       146.7751614,         36.13722408,          11141.37166,               0.8258932456,       593.2107817,       593.2107817,       209734.3274,       209734.3274,       -19850.0283,      -0.004307547129,        -0.05211773888,       108541.0018,        88690.97353,           296.1311158,            297.0796659,            108955.9202,             100778.4073
          0,           0,         293,      -5.212884031,      -2.715773887,      -2.941171706,      -3.092510984,      0.2629180865,    -0.05681521253,    -0.05681521253,      0.4912087493,       583.1578458,       198177.0643,       198177.0643,       2.365527134,       596740.9563,      -133.7656463,        146.801556,         36.69870009,          171.6992402,               0.8567799868,       593.9476206,       593.9476206,       210626.9403,       210626.9403,      -20820.69425,      -0.004962960668,        -0.05185225186,       109498.8793,        88678.18505,           296.8780437,            297.0695769,            109921.0227,             100705.9177
          0,           0,         294,      -5.209202351,      -2.724027711,      -2.951749545,      -3.106769848,      0.2667312569,    -0.05718278808,    -0.05718278808,      0.4910569384,       583.9377092,       199110.5041,       199110.5041,       2.373100358,       597477.8139,      -134.6422608,       146.7868224,         37.22731695,           39.7866116,               0.8863658495,       594.6810291,       594.6810291,       211504.5542,       211504.5542,      -21778.98749,      -0.005593894052,        -0.05158889403,       110444.7458,        88665.75832,           297.6126144,            297.0684146,             110874.651,             100629.9032
          0,           0,         295,      -5.206054165,      -2.731494383,      -2.962405415,      -3.121875509,      0.2699501392,    -0.05753149771,    -0.05753149771,      0.4908015729,        584.698149,       200019.8896,       200019.8896,       2.380457501,       598193.7589,      -135.4614756,       146.7316002,         37.71754577,          17.43032264,               0.9145280109,       595.3936227,       595.3936227,       212356.3809,       212356.3809,      -22711.54592,      -0.006203176281,        -0.05132832143,       111365.7178,        88654.17186,           298.3250263,            297.0685964,            111803.4383,             100552.9427
          0,           0,         296,      -5.203559506,      -2.737915418,       -2.97289628,      -3.137379263,      0.2724471776,    -0.05786467877,    -0.05786467877,      0.4904572407,       585.4418197,       200901.9943,       200901.9943,       2.387564064,       598891.3491,      -136.2266244,       146.6375047,          38.1659006,          9.685867624,               0.9411863972,       596.0879474,       596.0879474,       213179.0445,       213179.0445,      -23615.04589,      -0.006793274224,        -0.05107140454,       112258.5201,        88643.47422,           299.0131769,            297.0747706,            112704.1041,             100474.9404
          0,           0,         297,      -5.201878828,      -2.743122729,      -2.982945722,      -3.152597524,      0.2740608046,    -0.05818356408,    -0.05818356408,      0.4900123168,       586.1560582,       201747.4605,       201747.4605,       2.394359067,        599558.094,      -136.9399155,        146.506488,         38.57109842,          6.083853688,               0.9663683325,       596.7515713,       596.7515713,       213963.3975,       213963.3975,      -24479.54029,      -0.007364598649,        -0.05081896544,       113113.5004,         88633.9601,           299.6699973,             297.081574,            113566.6183,             100396.7792
          0,           0,         298,      -5.201088283,      -2.747004149,      -2.992314673,      -3.166793571,      0.2747184927,    -0.05848760847,    -0.05848760847,      0.4894531577,        586.836803,       202548.8169,       202548.8169,       2.400780809,       600189.6947,      -137.5990617,       146.3383352,          38.9341761,          4.106027664,               0.9902325065,       597.3802155,       597.3802155,       214701.7197,       214701.7197,      -25296.49926,      -0.007915929806,        -0.05057167867,       113922.6581,        88626.15882,           300.2899421,            297.0902734,            114382.7527,             100318.9671
          0,           0,         299,      -5.201238708,      -2.749487958,      -3.000727223,      -3.179153811,      0.2743734596,    -0.05877469413,    -0.05877469413,      0.4887422901,       587.4857315,        203295.755,        203295.755,       2.406724506,       600787.1176,      -138.1872841,       146.1332872,         39.25797227,          2.902648283,                1.013041696,       597.9748419,       597.9748419,       215382.7886,       215382.7886,      -26055.72019,      -0.008444133664,        -0.05033056046,       114675.7376,        88620.01742,           300.8656162,            297.1092257,            115141.9514,             100240.8373
