"Time_Iter","Outer_Iter","Inner_Iter",    "rms[Rho]"    ,    "rms[RhoU]"   ,    "rms[RhoV]"   ,    "rms[RhoW]"   ,    "rms[RhoE]"   ,  "Avg_Massflow"  ,  "Avg_Massflow"  ,    "Avg_Mach"    ,    "Avg_Temp"    ,    "Avg_Press"   ,    "Avg_Press"   ,   "Avg_Density"  ,  "Avg_Enthalpy"  ,  "Avg_NormalVel" ,   "Uniformity"   ,"Secondary_Strength","Momentum_Distortion","Secondary_Over_Uniformity",  "Avg_TotalTemp" ,  "Avg_TotalTemp" , "Avg_TotalPress" , "Avg_TotalPress" ,  "Pressure_Drop" ,"Avg_Massflow(INLET)","Avg_Massflow(OUTLET)","Avg_Press(INLET)","Avg_Press(OUTLET)","Avg_TotalTemp(INLET)","Avg_TotalTemp(OUTLET)","Avg_TotalPress(INLET)","Avg_TotalPress(OUTLET)"
          0,           0,           0,      -4.094168813,      -2.191718587,      -2.045467208,      -1.453559185,       1.564890088,      0.1068246246,      0.1068246246,      0.6232680189,       604.0627074,        216546.229,        216546.229,       2.492098595,       618807.8912,       159.7178357,       159.6668863,         101.6252289,      -0.001674174541,                1.693838288,       615.9112605,       615.9112605,       231868.8352,       231868.8352,       20551.40225,        0.07215578209,         0.03466884255,       97997.41339,        118548.8156,           291.9560167,            323.9552438,            104040.2181,             127828.6171
          0,           0,           1,      -3.991716325,      -1.859197226,      -1.827543891,      -1.435987022,       1.671945989,      0.1448844988,      0.1448844988,      0.7085757932,       629.6653193,       236627.9768,       236627.9768,       2.596902087,       649632.1793,       216.7361334,        216.612116,         101.5082076,      -0.002101179339,               0.8532964596,       646.5912606,       646.5912606,       260478.9094,       260478.9094,         42698.246,        0.07008748674,         0.07479701208,       96964.86538,        139663.1114,           290.8374581,            355.7538025,            102705.1141,             157773.7953
          0,           0,           2,      -4.013165394,       -1.83479799,      -1.737266734,        -1.4360321,       1.678170311,       0.189324652,       0.189324652,      0.8121203298,       653.4181204,       259251.2105,       259251.2105,       2.717637003,       681856.3172,       272.4533687,       272.3118479,          101.457045,      -0.001688674258,               0.5763087199,       678.6645578,       678.6645578,       299118.0596,       299118.0596,       66939.64028,        0.06834693539,          0.1209777166,       96155.78512,        163095.4254,           289.9489563,            388.7156015,            101644.0133,             197474.0463
          0,           0,           3,      -4.041496184,      -1.776132219,      -1.701078622,      -1.454858738,       1.686429093,       0.240431131,       0.240431131,      0.9159527199,       675.7266693,        285029.306,        285029.306,       2.857286352,       715365.1297,       325.8135359,       325.6750841,         101.4424138,      -0.001339946069,               0.4411741671,        712.016516,        712.016516,       350109.4527,       350109.4527,       93963.18189,        0.06691402051,          0.1735171105,       95533.06204,        189496.2439,           289.2584711,            422.7580449,            100815.4494,             249294.0033
          0,           0,           4,      -4.060796651,      -1.726792464,      -1.666156928,      -1.495621607,       1.685633653,      0.2983646422,      0.2983646422,       1.011700825,       697.2519576,       314904.2305,       314904.2305,       3.019514235,       750046.4955,       375.5714393,       375.4373041,         101.4376163,      -0.001125943023,               0.3631489146,       746.5355388,       746.5355388,       415915.9126,       415915.9126,       124779.1245,        0.06575704158,          0.2326076006,       95062.55299,        219841.6775,           288.7316327,            457.8039061,            100179.5912,             315736.3214
          0,           0,           5,      -4.009287895,      -1.684633865,      -1.605315951,      -1.549512005,       1.674237599,      0.3609052167,      0.3609052167,       1.090963625,       717.8793687,       348961.2163,       348961.2163,       3.203179837,       784090.1828,       418.6043331,       418.5780281,         101.3916554,     -0.0003424728336,               0.3154207187,       780.4198681,       780.4198681,        495050.742,        495050.742,       159517.0328,        0.06485583188,          0.2960493848,       94722.09177,        254239.1245,           288.3486844,            492.0711837,            99710.59404,              395340.148
          0,           0,           6,      -3.949959003,        -1.6306294,      -1.520047003,      -1.593729675,       1.672816019,      0.3983880684,      0.3983880684,       1.124931346,       730.7069472,       372151.6652,       372151.6652,       3.324087309,       804145.2861,       439.1487568,       439.1161307,         101.3018976,     -0.0003555051664,               0.2967001338,       800.3810938,       800.3810938,       547624.2099,       547624.2099,       183182.6799,        0.06417470359,          0.3342133648,       94484.49265,        277667.1725,           288.0784161,            512.3026777,            99375.85327,             448248.3567
          0,           0,           7,      -3.914643903,      -1.589290605,      -1.454586998,      -1.602245026,       1.689435656,      0.4156811353,      0.4156811353,       1.133469672,       738.1060153,       385511.3539,       385511.3539,       3.390268302,       814288.3011,       446.2503076,       446.2164564,         101.1637212,     -0.0003455356302,               0.2902263004,       810.4766295,       810.4766295,       574421.1011,       574421.1011,       196858.8182,        0.06367697416,          0.3520041612,       94326.26788,        291185.0861,           287.8971098,            522.5795197,            99146.62424,             475274.4769
          0,           0,           8,      -3.878543526,      -1.558667295,      -1.407004215,      -1.592298913,       1.712222426,      0.4199566286,      0.4199566286,        1.12862769,       742.4278999,        392275.901,        392275.901,        3.41992475,       818767.3986,       446.0436158,       445.9461604,         101.0080538,     -0.0007049804895,               0.2895674156,       814.9347604,       814.9347604,       583943.0126,       583943.0126,       203828.3069,        0.06331739511,          0.3566392335,       94223.79703,         298052.104,           287.7766094,             527.158151,             98992.9293,             484950.0833
          0,           0,           9,      -3.831888114,      -1.535201639,       -1.36605174,      -1.571594407,       1.734432941,      0.4155588776,      0.4155588776,       1.115323377,       745.0694418,       394791.5047,       394791.5047,       3.425574079,       819957.4169,       441.2602926,       440.9968432,         100.8579023,      -0.001677930444,               0.2925542792,       816.1192083,       816.1192083,       582282.2272,       582282.2272,       206466.1933,        0.06306277106,          0.3524961066,       94162.65572,         300628.849,           287.7022066,            528.4170017,            98895.64003,             483386.5872
          0,           0,          10,      -3.794371906,      -1.505959955,      -1.324960218,      -1.553155722,         1.7512315,      0.4064587408,      0.4064587408,       1.098419574,       746.5117295,       394572.7192,       394572.7192,       3.416681967,       819223.3358,       434.2816743,       433.7535257,         100.7128191,      -0.003284571992,               0.2975060351,       815.3885633,       815.3885633,       574632.7612,       574632.7612,       206314.2182,        0.06288331015,          0.3435754306,       94129.25055,        300443.4687,            287.657179,            527.7313843,            98836.99167,             475795.7695
          0,           0,          11,      -3.777457261,      -1.479110765,      -1.293450686,      -1.542953553,        1.75583548,      0.3951704558,      0.3951704558,       1.081015342,       747.1282996,       392557.3168,       392557.3168,       3.398528645,       817514.3974,       426.6771627,       425.7689866,         100.5712736,       -0.00566337603,               0.3033524864,       813.6876245,       813.6876245,       564286.2219,       564286.2219,       204325.1797,        0.06276234326,          0.3324081125,       94116.06853,        298441.2483,           287.6338417,            526.0537828,            98807.12524,             465479.0967
          0,           0,          12,      -3.769381905,      -1.458244722,      -1.271153792,      -1.534248519,       1.758643422,      0.3835485495,      0.3835485495,       1.065058623,        747.176901,       389588.8236,       389588.8236,       3.376101088,       815430.9617,       419.4520127,       418.0486158,         100.4569114,      -0.008849117779,               0.3094353578,       811.6139413,       811.6139413,       553545.6321,       553545.6321,       201359.0011,        0.06268173625,          0.3208668133,       94114.91125,        295473.9123,           287.6220382,            523.9919031,            98795.32807,              454750.304
          0,           0,          13,      -3.761010797,      -1.438607317,      -1.251077729,      -1.525781926,       1.769735522,      0.3727110865,      0.3727110865,       1.051408358,       747.0133863,       386398.0391,       386398.0391,       3.353105531,       813486.7683,       413.1395844,        411.153319,         100.3908101,       -0.01268589752,               0.3153608261,       809.6788487,       809.6788487,       543806.3727,       543806.3727,       198141.3203,        0.06264243656,          0.3100686499,       94128.35941,        292269.6797,            287.624503,            522.0543457,            98804.13094,             445002.2417
          0,           0,          14,       -3.75286252,      -1.420529287,      -1.234083661,      -1.519550533,       1.786336813,      0.3633474855,      0.3633474855,       1.040695368,       746.8329356,       383417.0608,       383417.0608,       3.331820581,       811971.0737,       408.1134496,       405.4691763,         100.3699224,       -0.01707435211,               0.3207105798,        808.170249,        808.170249,       535836.9253,       535836.9253,       195106.7535,        0.06263754257,          0.3007099429,       94155.15365,        289261.9071,           287.6418179,            520.5284311,            98831.20278,             437005.7225
          0,           0,          15,      -3.746428712,      -1.404905999,      -1.219100264,      -1.515036903,       1.798304619,        0.35580236,        0.35580236,       1.033259665,       746.7092934,        380862.241,        380862.241,       3.313505883,       810992.1978,       404.5648942,       401.2079959,         100.3896444,       -0.02184468918,               0.3251578716,       807.1959552,       807.1959552,       529946.0841,       529946.0841,       192476.6503,        0.06266231143,          0.2931400486,       94192.79531,        286669.4457,           287.6705874,            519.5253679,            98873.40939,             431072.6747
          0,           0,          16,      -3.741502723,      -1.391238959,      -1.204194564,      -1.511943613,         1.8013864,      0.3501301612,      0.3501301612,       1.028991355,       746.7036742,       378877.2118,       378877.2118,       3.298929288,       810588.2644,       402.4743639,        398.368223,         100.4375474,       -0.02682530798,               0.3285227457,       806.7939126,       806.7939126,       526184.1304,       526184.1304,       190402.8157,        0.06270853645,          0.2874216248,       94237.19802,        284640.0138,           287.7068345,            519.0870781,            98925.46002,             427258.6704
          0,           0,          17,      -3.736888593,      -1.380255091,      -1.189112607,      -1.509327844,       1.801709206,      0.3461730784,      0.3461730784,       1.027514735,       746.8371743,       377495.4171,       377495.4171,       3.288246447,        810724.587,        401.694037,       396.7770923,         100.4923838,       -0.03212734626,               0.3307616752,       806.9295971,       806.9295971,       524426.5116,       524426.5116,       188923.9694,         0.0627710663,          0.2834020121,       94285.72388,        283209.6933,           287.7475606,            519.1820365,            98984.10524,             425442.4064
          0,           0,          18,      -3.732039134,      -1.370199696,      -1.173398182,      -1.507030924,       1.804470579,      0.3432063677,      0.3432063677,       1.027382708,       746.9176245,       376402.3673,       376402.3673,       3.279899642,       810930.1815,       401.4822976,       395.8486473,         100.5370381,       -0.03678499182,               0.3323274204,       807.1342293,       807.1342293,       523387.1667,       523387.1667,       187733.8955,        0.06284408098,          0.2803622867,       94334.23591,        282068.1314,           287.7889989,            519.3452303,            99044.30709,             424342.8596
          0,           0,          19,      -3.727494724,      -1.362231674,       -1.15876697,      -1.505503625,       1.807466363,      0.3410740678,      0.3410740678,       1.028248959,       747.1593498,       375706.8851,       375706.8851,       3.273788372,       811427.3013,       401.7835198,         395.45646,         100.5870722,       -0.04123339355,               0.3333454178,        807.629022,        807.629022,        523211.461,        523211.461,       186949.1659,        0.06292492278,           0.278149145,       94378.85961,        281328.0255,            287.826997,             519.802025,            99102.03669,             424109.4243
          0,           0,          20,      -3.721868369,      -1.356316617,      -1.144289497,      -1.504411896,       1.808014268,      0.3395042493,      0.3395042493,       1.029694874,       747.5052899,       375276.7063,       375276.7063,       3.269186525,       812109.7117,       402.3867215,       395.4119159,         100.6741479,       -0.04533645525,               0.3340830675,       808.3082381,       808.3082381,         523604.29,         523604.29,        186438.158,        0.06300994356,          0.2764943057,       94419.27415,        280857.4321,            287.861459,             520.446779,            99156.30219,             424447.9878
          0,           0,          21,        -3.7144398,      -1.351685627,       -1.12821854,      -1.502979824,        1.80683102,      0.3382876993,      0.3382876993,        1.03144402,       747.8925802,       374986.2871,       374986.2871,       3.265422351,       812892.8495,       403.1427017,       395.6123244,         100.7798216,       -0.04882214983,                0.334575296,         809.08771,         809.08771,       524370.1039,       524370.1039,       186074.3561,        0.06309586101,          0.2751918383,       94455.96551,        280530.3216,           287.8926101,            521.1950998,            99207.15232,             425162.9516
          0,           0,          22,      -3.705637755,       -1.34801586,      -1.111965484,      -1.501230165,       1.807290501,      0.3373284797,      0.3373284797,       1.033432795,       748.2702044,       374748.3415,       374748.3415,        3.26207136,       813722.9479,       403.9888388,       396.0240894,         100.9129848,       -0.05151961501,               0.3348817965,       809.9139227,       809.9139227,       525399.6384,       525399.6384,       185770.7529,        0.06317915325,          0.2741493265,       94488.79428,        280259.5472,            287.920407,            521.9935157,            99253.87186,             426145.7665
          0,           0,          23,      -3.696229107,      -1.343126941,      -1.096078301,      -1.499044724,       1.811324666,       0.336586101,       0.336586101,        1.03577826,       748.6310491,       374536.8809,       374536.8809,       3.258982334,       814609.1447,       404.9797358,       396.6265229,         101.0509268,       -0.05389107265,               0.3349553785,       810.7959713,       810.7959713,        526718.265,        526718.265,       185502.8885,        0.06325701936,          0.2733290816,       94516.99619,        280019.8847,           287.9441445,            522.8518268,            99295.28953,             427422.9754
          0,           0,          24,      -3.687505465,      -1.337312032,       -1.08053503,      -1.496124554,        1.81616888,      0.3356538115,      0.3356538115,       1.037710913,        748.810098,       374118.2872,       374118.2872,       3.255117619,       815197.9561,       405.6900919,       397.0658074,         101.1838679,       -0.05557032221,               0.3351459623,       811.3820264,       811.3820264,       527408.8852,       527408.8852,       185038.3063,        0.06332891988,          0.2723248916,       94539.99049,        279578.2968,           287.9630358,            523.4189907,            99330.81196,             428078.0732
          0,           0,          25,      -3.680251927,      -1.336400447,      -1.068024729,      -1.492572883,       1.819620067,      0.3347226265,      0.3347226265,        1.03966178,       748.9294201,       373645.1824,       373645.1824,       3.251066117,       815710.2733,        406.374303,       397.5042788,         101.3088092,       -0.05708291941,               0.3352725291,       811.8919455,       811.8919455,       527976.8498,       527976.8498,        184530.925,        0.06339320564,          0.2713294208,       94557.12872,        279088.0537,           287.9770604,            523.9148851,             99359.4053,             428617.4445
          0,           0,          26,       -3.67243544,      -1.337935167,      -1.057462029,      -1.486284163,       1.824014518,      0.3338819563,      0.3338819563,       1.041781113,        749.029158,        373173.107,        373173.107,       3.247081467,       816218.3162,        407.124965,       398.0074434,         101.4333906,       -0.05858424372,               0.3352933123,       812.3976102,       812.3976102,       528582.1698,       528582.1698,       184035.1536,        0.06344965122,          0.2704323051,        94568.9767,        278604.1303,           287.9864667,            524.4111435,            99381.66608,             429200.5037
          0,           0,          27,      -3.663741003,      -1.340023315,      -1.048870839,      -1.477427621,        1.82927529,      0.3331916385,      0.3331916385,       1.044151215,        749.122696,       372730.0943,       372730.0943,       3.243329315,       816751.7876,       407.9944205,       398.6155732,         101.5488803,       -0.06013472399,               0.3351381229,       812.9285845,       812.9285845,       529306.9873,       529306.9873,       183577.7251,        0.06349742841,          0.2696942101,       94576.18462,        278153.9097,           287.9920765,            524.9365079,            99398.02524,              429908.962
          0,           0,          28,      -3.654176617,      -1.341919952,      -1.042319465,      -1.467795486,       1.835480399,      0.3326439458,      0.3326439458,       1.046778057,        749.218079,       372333.1618,       372333.1618,       3.239902691,       817325.1278,       408.9839451,       399.3201987,         101.6642692,       -0.06179689332,               0.3348478254,       813.4992408,       813.4992408,       530206.5577,       530206.5577,       183174.8355,        0.06353681713,          0.2691071287,       94579.16316,        277753.9987,           287.9939512,            525.5052897,            99409.04705,             430797.5106
          0,           0,          29,      -3.643972275,      -1.342870618,      -1.036833758,      -1.458986084,       1.841471127,      0.3322347848,      0.3322347848,       1.049725277,       749.3206384,       371988.6691,       371988.6691,       3.236824039,       817958.3254,        410.120396,       400.1277423,         101.7953843,       -0.06367922783,               0.3344719072,       814.1294744,       814.1294744,       531332.2783,       531332.2783,       182832.3731,        0.06356783996,          0.2686669449,       94578.14803,        277410.5211,            287.992592,            526.1368825,            99414.78892,             431917.4894
          0,           0,          30,      -3.633279993,      -1.342751348,      -1.030224943,      -1.449091169,       1.847669103,       0.331973831,       0.331973831,       1.053060602,       749.4302797,       371697.9989,       371697.9989,       3.234112188,       818663.7916,       411.4320926,       401.0532034,         101.9530422,        -0.0658541688,               0.3340334385,       814.8316384,       814.8316384,        532728.885,        532728.885,       182550.6251,        0.06359134136,          0.2683824897,       94573.68692,         277124.312,           287.9884929,            526.8431455,             99415.9746,             433312.9104
          0,           0,          31,      -3.622833847,      -1.341165525,       -1.02215493,      -1.436729951,        1.85493127,       0.331844751,       0.331844751,       1.056728872,       749.5730319,       371482.8214,       371482.8214,       3.231822716,       819465.7076,       412.9035573,       402.0743732,          102.145638,       -0.06835899807,               0.3335874984,       815.6298006,       815.6298006,        534420.465,        534420.465,       182349.6181,        0.06360849281,          0.2682362582,       94566.60165,        276916.2197,           287.9825252,            527.6472754,            99413.61452,             435006.8505
          0,           0,          32,      -3.613271919,      -1.338421985,      -1.012535873,      -1.422565894,       1.863921781,      0.3317138901,      0.3317138901,       1.060440945,       749.7046751,       371267.1607,       371267.1607,       3.229585598,       820260.3679,       414.3790141,       403.0811298,         102.3810053,       -0.07094287333,               0.3332780658,       816.4207411,       816.4207411,       536115.4023,       536115.4023,       182152.2687,        0.06362024571,          0.2680936444,       94557.44601,        276709.7147,           287.9752029,            528.4455383,            99408.34885,             436707.0534
          0,           0,          33,      -3.605093449,      -1.335030263,      -1.003004863,      -1.408022215,       1.873627271,      0.3315988904,      0.3315988904,       1.064199537,        749.818118,       371052.0562,       371052.0562,       3.227439938,        821043.058,       415.8601353,       404.0925082,         102.6408064,       -0.07350100506,               0.3330318633,       817.1997675,       817.1997675,       537832.3503,       537832.3503,       181958.5157,        0.06362781515,          0.2679710753,       94546.77023,         276505.286,           287.9670194,            529.2327481,            99400.89057,             438431.4597
          0,           0,          34,       -3.59816718,      -1.331956653,     -0.9958669883,      -1.393729427,       1.883222873,      0.3314620904,      0.3314620904,       1.067806384,        749.900803,       370820.3009,       370820.3009,       3.225307453,       821768.1946,       417.2473725,       405.0759682,         102.9071251,       -0.07565874707,               0.3328298686,       817.9215097,       817.9215097,       539443.1683,       539443.1683,       181750.1593,        0.06363215891,          0.2678299315,       94535.07081,        276285.2301,           287.9586689,            529.9628408,            99391.82757,             440051.3407
          0,           0,          35,      -3.591755907,      -1.329635191,     -0.9910706597,      -1.379666427,       1.893284004,      0.3312474741,      0.3312474741,       1.071218161,       749.9080972,         370526.36,         370526.36,       3.223037556,       822365.6759,        418.502777,       405.9814043,         103.1843366,       -0.07750456282,               0.3327433669,       818.5161942,       818.5161942,       540808.3774,       540808.3774,       181480.6068,        0.06363464659,          0.2676128275,       94522.87659,        276003.4834,           287.9505753,            530.5656189,            99381.89366,             441426.4838
          0,           0,          36,      -3.585676699,      -1.329006849,     -0.9893726534,      -1.367208028,       1.903242086,      0.3310490402,      0.3310490402,       1.074647327,       749.9051354,       370247.0983,       370247.0983,       3.220906753,       822951.5614,       419.7674907,       406.8917096,         103.4480815,       -0.07935094613,               0.3326120309,       819.0993372,       819.0993372,        542183.311,        542183.311,       181225.9091,         0.0636361154,          0.2674129248,        94510.5946,        275736.5037,           287.9433138,            531.1560234,            99371.55105,               442811.76
          0,           0,          37,      -3.579269683,      -1.328828386,     -0.9877990198,      -1.355978323,       1.913471178,      0.3308836836,      0.3308836836,       1.078085384,         749.90417,       369993.6223,       369993.6223,       3.218950185,       823538.0165,       421.0453008,       407.8136814,         103.6973518,       -0.08118173284,               0.3324296406,       819.6830471,       819.6830471,       543577.1151,       543577.1151,       180996.5902,        0.06363770205,          0.2672459816,       94498.51604,        275495.1063,           287.9369153,            531.7461318,            99361.30614,              444215.809
          0,           0,          38,      -3.572787158,      -1.329940702,     -0.9866740115,      -1.344867576,        1.92471522,      0.3307221232,      0.3307221232,       1.081475593,       749.9040754,       369756.5029,       369756.5029,       3.217107643,       824111.1285,       422.3083274,        408.717489,         103.9390628,       -0.08301207806,               0.3322497582,       820.2534764,       820.2534764,       544936.2833,       544936.2833,       180782.6911,        0.06363995864,          0.2670821646,       94486.90589,         275269.597,           287.9317134,             532.321763,            99351.43633,              445584.847
          0,           0,          39,      -3.565835345,      -1.330011611,     -0.9847851846,      -1.333882735,       1.936746487,      0.3306037271,      0.3306037271,       1.084872777,       749.9276173,       369565.6821,       369565.6821,       3.215517402,       824707.5112,       423.5982641,       409.6197579,         104.1698257,        -0.0849778626,                0.332045976,       820.8470675,       820.8470675,        546353.295,        546353.295,       180613.5024,         0.0636436058,          0.2669601213,       94476.08984,        275089.5923,           287.9279156,            532.9191519,            99342.39425,             447010.9008
          0,           0,          40,      -3.557944274,       -1.33091246,     -0.9844559898,      -1.323586516,       1.948078739,      0.3305500979,      0.3305500979,       1.088335381,       749.9642743,       369413.3237,       369413.3237,       3.214174761,       825324.7778,       424.9359635,       410.5410386,         104.3928247,       -0.08707262255,               0.3318086632,       821.4614446,       821.4614446,       547859.1076,       547859.1076,       180480.8776,        0.06364902728,          0.2669010706,       94466.22304,        274947.1006,           287.9256388,            533.5358058,            99334.37202,             448524.7355
          0,           0,          41,      -3.551022015,      -1.330970865,     -0.9825977247,      -1.314276828,       1.959628683,      0.3305845328,      0.3305845328,       1.091898791,       750.0292998,       369318.7376,       369318.7376,       3.213163595,        825988.128,       426.3453243,       411.4923292,         104.6109726,       -0.08936488609,               0.3315356155,       822.1216897,       822.1216897,        549521.605,        549521.605,       180404.0134,        0.06365656638,          0.2669279664,       94457.36209,        274861.3755,           287.9246834,            534.1970064,            99327.56435,             450194.0406
          0,           0,          42,      -3.544811688,      -1.330166806,     -0.9817261266,      -1.306204249,       1.970892507,      0.3306470384,      0.3306470384,       1.095402745,       750.1380469,       369280.3538,       369280.3538,       3.212398214,       826692.2623,       427.7565956,       412.4202023,         104.8258725,       -0.09177320196,               0.3312832968,        822.822528,        822.822528,         551269.08,         551269.08,       180381.5586,        0.06366595297,          0.2669810854,       94449.39759,        274830.9562,           287.9249121,            534.8976159,            99321.77319,             451947.3068
          0,           0,          43,      -3.538862302,      -1.329494395,     -0.9780787644,       -1.29773048,       1.981731647,      0.3307114759,      0.3307114759,       1.098744414,       750.3055498,       369299.1532,       369299.1532,       3.211824999,       827436.5984,       429.1306509,       413.2947194,         105.0439868,       -0.09425585118,               0.3311018309,       823.5633798,       823.5633798,       553044.8625,       553044.8625,       180414.2204,        0.06367729974,          0.2670341762,       94442.46638,        274856.6868,           287.9263491,            535.6370307,             99317.1918,             453727.6707
          0,           0,          44,      -3.533297151,      -1.329532102,      -0.976512827,      -1.290118657,       1.991952533,      0.3307907789,      0.3307907789,       1.101934539,       750.5442771,       369382.4012,       369382.4012,       3.211442472,       828237.7533,       430.4770553,       414.1266058,         105.2772138,       -0.09680093454,               0.3310146132,       824.3607845,       824.3607845,         554863.69,         554863.69,       180509.4104,        0.06369007451,          0.2671007044,       94436.49543,        274945.9058,           287.9289406,            536.4318439,             99313.6133,             455550.0767
          0,           0,          45,      -3.528190326,      -1.331038422,     -0.9797758643,       -1.28355661,       2.002282392,      0.3307736934,      0.3307736934,       1.104818193,       750.7810663,       369415.2682,       369415.2682,       3.210726304,       828979.6287,       431.6897563,       414.8552273,          105.522339,       -0.09918630877,               0.3310719582,       825.0991873,       825.0991873,         556423.38,         556423.38,       180552.5716,        0.06370393708,          0.2670697563,       94431.34829,        274983.9199,           287.9323684,            537.1668189,            99310.91772,             457112.4623
          0,           0,          46,      -3.523948717,      -1.332920778,     -0.9819289813,      -1.278193638,       2.011858867,      0.3307032271,      0.3307032271,       1.107516906,       751.0227151,       369434.0139,       369434.0139,       3.209916074,       829691.8741,       432.8225497,       415.5145111,         105.7791609,        -0.1015121029,               0.3312414077,       825.8080986,       825.8080986,       557869.3573,       557869.3573,       180580.0884,        0.06371860966,          0.2669846174,       94426.96271,        275007.0511,           287.9365382,            537.8715604,              99308.998,             458560.3593
          0,           0,          47,      -3.520195019,      -1.333652665,     -0.9813399638,      -1.273149116,       2.021703354,      0.3308775939,      0.3308775939,       1.110644998,       751.3666615,        369592.452,        369592.452,       3.209757691,       830601.3063,       434.2073913,       416.3534282,         106.0530942,        -0.1041457162,               0.3312907771,       826.7132737,       826.7132737,       559797.6682,       559797.6682,       180745.7589,        0.06373390546,          0.2671436885,       94423.34656,        275169.1054,           287.9413439,            538.7719299,            99307.84937,             460489.8188
          0,           0,          48,      -3.517294516,      -1.333688697,     -0.9785405021,      -1.268487811,       2.032103309,      0.3308964489,      0.3308964489,       1.113353748,       751.6146755,       369668.9834,       369668.9834,       3.209388484,       831314.8586,       435.3504353,       417.0182354,         106.3491022,        -0.1064478153,               0.3315851206,        827.423486,        827.423486,         561330.03,         561330.03,       180828.3338,        0.06374938071,          0.2671470682,       94420.32479,        275248.6586,           287.9467174,            539.4767685,            99307.18548,             462022.8445
          0,           0,          49,      -3.515950378,      -1.334628067,     -0.9774836471,      -1.266028251,       2.041847388,      0.3308719073,      0.3308719073,       1.115810716,       751.8439333,       369734.1793,       369734.1793,       3.209032332,       831960.0431,       436.3719696,       417.6091334,         106.6452454,        -0.1085054612,               0.3319572611,       828.0656503,       828.0656503,       562712.3483,       562712.3483,       180898.4074,         0.0637652258,          0.2671066815,       94417.88599,        275316.2933,           287.9524941,            540.1131563,            99307.09826,               463405.25
          0,           0,          50,      -3.515837066,      -1.336731328,     -0.9787876822,      -1.263707058,       2.051260826,      0.3311120417,      0.3311120417,       1.118591554,       752.1942544,       369950.8716,       369950.8716,       3.209322391,       832818.8468,       437.5945152,       418.4019612,         106.9570992,        -0.1104811179,               0.3321800865,        828.920434,        828.920434,       564576.9757,       564576.9757,       181119.1134,        0.06378105734,          0.2673309843,        94415.8791,        275534.9925,           287.9585375,            540.9618965,             99307.3656,             465269.6101
          0,           0,          51,      -3.517663325,      -1.339765853,     -0.9823928409,      -1.262899414,       2.060557485,      0.3313307363,      0.3313307363,       1.121183191,       752.5157903,        370165.959,        370165.959,       3.209712836,        833612.202,       438.7155771,       419.1334807,         107.2824221,        -0.1122497844,               0.3325041008,       829.7100755,       829.7100755,       566348.6965,       566348.6965,       181337.5801,        0.06379657693,          0.2675341594,       94414.18942,        275751.7695,           287.9647234,            541.7453521,            99307.80436,             467040.8921
          0,           0,          52,      -3.520532213,      -1.342540035,     -0.9854364203,      -1.262544947,        2.07023565,       0.331430234,       0.331430234,       1.123305697,       752.7991079,       370354.5813,       370354.5813,       3.210067097,       834274.2116,       439.6091424,       419.6990228,         107.5964805,        -0.1137401682,               0.3329553518,       830.3689862,       830.3689862,        567823.193,        567823.193,        181528.995,        0.06381180474,          0.2676184292,       94412.79315,        275941.7882,           287.9709699,            542.3980163,            99308.42855,             468514.7645
          0,           0,          53,      -3.524339268,        -1.3470156,     -0.9874138729,       -1.26353781,       2.080052082,      0.3315315439,      0.3315315439,       1.125225909,        753.100562,        370573.706,        370573.706,        3.21057199,       834924.4451,       440.4181289,       420.2167167,          107.921292,        -0.1150491171,               0.3334835714,        831.016176,        831.016176,       569250.7851,       569250.7851,       181750.2199,        0.06382695921,          0.2677045847,       94411.74305,         276161.963,           287.9772539,            543.0389221,            99309.35628,             469941.4288
          0,           0,          54,       -3.52933307,      -1.352576119,     -0.9912069551,      -1.265023542,       2.089591031,      0.3317577564,      0.3317577564,       1.127203986,       753.4825409,       370868.8597,       370868.8597,       3.211322636,       835685.2019,       441.3122295,       420.8112216,         108.2344164,        -0.1163683751,               0.3338967293,       831.7733717,       831.7733717,       570822.7874,       570822.7874,       182047.3327,        0.06384161962,          0.2679161368,       94410.76353,        276458.0962,            287.983344,            543.7900277,            99310.25809,             471512.5293
          0,           0,          55,      -3.535445215,      -1.359421373,     -0.9981781834,      -1.267556756,       2.098106933,      0.3319242813,      0.3319242813,       1.128948218,       753.8123903,       371134.5304,       371134.5304,       3.212040486,       836339.1993,       442.0735901,       421.3102217,         108.5721685,        -0.1175211241,                  0.3344742,       832.4243077,       832.4243077,       572192.9895,       572192.9895,       182314.7384,         0.0638558922,          0.2680683891,       94409.89604,        276724.6344,           287.9892763,            544.4350314,            99311.18538,             472881.8041
          0,           0,          56,      -3.542402036,      -1.366625893,      -1.006450245,      -1.271112716,       2.105645623,      0.3320567471,      0.3320567471,       1.130447661,       754.1303947,       371403.2747,       371403.2747,       3.212814611,       836929.6397,       442.7299317,       421.7265358,         108.9020857,        -0.1185810334,               0.3351047033,       833.0119843,       833.0119843,       573405.5553,       573405.5553,       182585.2944,         0.0638694786,          0.2681872685,       94408.99016,        276994.2845,           287.9949367,            545.0170476,            99311.94882,             474093.6065
          0,           0,          57,      -3.550063443,      -1.373655953,      -1.014344902,      -1.275347329,       2.112430507,      0.3324349085,      0.3324349085,       1.132292455,       754.5935814,       371796.8151,       371796.8151,       3.213940836,       837760.2769,       443.6341334,       422.3464858,         109.2381608,        -0.1197921251,               0.3355489512,       833.8387333,       833.8387333,        574991.205,        574991.205,       182980.7373,        0.06388252223,          0.2685523863,       94408.03889,        277388.7762,           288.0003093,            545.8384241,            99312.56259,             475678.6424
          0,           0,          58,      -3.558399973,      -1.382064497,      -1.022747349,      -1.281066939,       2.117556408,      0.3326093775,      0.3326093775,       1.133588131,       754.9515182,       372117.8274,       372117.8274,       3.214896213,       838357.5601,       444.2345424,       422.7239815,         109.5797465,        -0.1207671076,               0.3362454381,       834.4332207,       834.4332207,       576127.3348,       576127.3348,       183303.6844,        0.06389523419,          0.2687141433,       94407.07149,        277710.7559,           288.0054203,            546.4278003,            99313.09178,             476814.2431
          0,           0,          59,      -3.567036772,      -1.391348587,       -1.03299027,      -1.287648256,       2.119869827,      0.3328468101,      0.3328468101,       1.134844228,       755.4142254,       372503.5526,       372503.5526,       3.215903384,       839077.5622,       444.8720894,       423.1371586,         109.9383275,        -0.1217337655,               0.3369562171,       835.1498524,       835.1498524,       577349.2176,       577349.2176,       183691.3972,        0.06390770358,          0.2689391065,       94406.07768,        278097.4749,           288.0102649,            547.1395876,            99313.54903,             478035.6686
          0,           0,          60,      -3.575913919,      -1.401004998,      -1.045279468,      -1.294590128,       2.120296065,      0.3330619354,      0.3330619354,       1.135980088,       755.8445869,       372868.4698,       372868.4698,       3.216868395,       839732.3151,       445.4478912,       423.5067095,         110.2779407,         -0.122621095,               0.3376507037,       835.8015405,       835.8015405,       578456.8895,       578456.8895,       184058.5327,        0.06391976609,          0.2691421693,        94404.9686,        278463.5012,           288.0147825,             547.786758,            99313.84275,             479143.0467
          0,           0,          61,      -3.585036286,      -1.409958584,      -1.057762462,      -1.301618104,       2.118960433,      0.3332639236,      0.3332639236,       1.137062073,       756.2096714,       373195.2032,       373195.2032,       3.217826218,        840292.489,        445.969915,       423.8443239,         110.6129617,        -0.1234081441,               0.3383610595,       836.3590922,       836.3590922,       579448.7457,       579448.7457,       184387.6941,        0.06393164035,          0.2693322833,       94403.75458,        278791.4487,           288.0189703,            548.3401219,            99314.02279,             480134.7229
          0,           0,          62,      -3.593722625,      -1.417950933,      -1.070391647,      -1.307781228,       2.117016604,      0.3336944668,      0.3336944668,       1.138504108,       756.7097592,        373669.728,        373669.728,       3.219308231,       841088.1144,       446.7382566,       424.3728198,         110.9349271,        -0.1244051396,               0.3388405616,       837.1509933,       837.1509933,       580910.9656,       580910.9656,       184865.0982,        0.06394310102,          0.2697513658,       94402.31492,        279267.4131,           288.0227233,              549.12827,            99313.94794,             481597.0177
          0,           0,          63,      -3.602184681,      -1.424850143,      -1.083068406,      -1.313889352,       2.114270697,      0.3341165911,      0.3341165911,       1.140013279,       757.1509251,       374097.3184,       374097.3184,       3.220661615,       841827.6477,       447.5142885,       424.9130242,         111.2488881,        -0.1253740763,                0.339280928,       837.8870648,       837.8870648,       582337.9016,       582337.9016,       185295.6276,        0.06395460981,          0.2701619813,       94400.84539,         279696.473,           288.0262584,            549.8608064,            99313.86075,             483024.0408
          0,           0,          64,      -3.610277947,      -1.430524312,      -1.096837958,      -1.319479916,       2.111260126,      0.3344905323,      0.3344905323,       1.141279046,       757.5385842,       374540.1043,       374540.1043,       3.222303826,       842452.4846,       448.1575794,       425.3451457,          111.535334,        -0.1262541762,               0.3397427589,       838.5089769,       838.5089769,       583662.7881,       583662.7881,       185741.4566,         0.0639661789,          0.2705243534,       94399.32387,        280140.7805,           288.0295447,            550.4794322,            99313.74943,             484349.0386
          0,           0,          65,      -3.618001053,      -1.436142672,      -1.111447324,      -1.324756656,       2.108656289,      0.3348532702,      0.3348532702,        1.14244964,       757.9545267,       374992.3812,       374992.3812,        3.22388965,       843096.1346,        448.774894,       425.7616288,          111.815221,        -0.1270855235,                0.340196472,        839.149614,        839.149614,       584965.3452,       584965.3452,       186197.0299,        0.06397779375,          0.2708754764,       94397.67567,        280594.7056,           288.0325662,            551.1170477,            99313.52784,             485651.8174
          0,           0,          66,        -3.6254513,      -1.441267435,      -1.126002592,      -1.330520809,       2.107343626,      0.3351876539,      0.3351876539,       1.143660233,       758.3038029,       375378.4804,       375378.4804,        3.22526665,       843669.5208,       449.3849952,       426.1783206,         112.0790651,        -0.1278780404,               0.3405988141,       839.7203161,       839.7203161,       586202.2673,       586202.2673,       186586.6798,        0.06398951108,          0.2711981428,       94395.90029,        280982.5801,           288.0353043,            551.6850119,            99313.21037,              486889.057
          0,           0,          67,      -3.631786347,      -1.447040143,      -1.141705686,      -1.337325973,       2.106824201,      0.3355741252,      0.3355741252,       1.144861682,        758.662481,       375804.7072,       375804.7072,       3.226886677,       844248.3477,       449.9959319,       426.6048068,         112.3382236,        -0.1286208848,               0.3409742852,       840.2964335,       840.2964335,       587499.6668,       587499.6668,       187016.6179,        0.06400143577,          0.2715726895,       94394.04465,        281410.6626,           288.0378494,            552.2585841,            99312.85263,             488186.8142
          0,           0,          68,      -3.637966547,      -1.453376359,      -1.159539468,      -1.345590395,       2.107393485,      0.3360455878,      0.3360455878,       1.146355635,       758.9488306,       376161.3506,       376161.3506,       3.228310332,       844793.6505,       450.7126378,       427.1539718,         112.6087915,        -0.1292373877,               0.3412594601,       840.8391838,       840.8391838,       588801.7064,       588801.7064,       187377.2028,        0.06401353201,          0.2720320558,        94392.0739,        281769.2767,           288.0401609,            552.7990229,            99312.41155,             489489.2948
          0,           0,          69,       -3.64337561,      -1.460939604,      -1.180966786,      -1.355970323,        2.10771033,      0.3365231506,      0.3365231506,       1.147992944,       759.2369164,       376487.6107,       376487.6107,       3.229498102,        845374.664,       451.4908069,       427.7562748,         112.8849131,        -0.1298737038,               0.3415055525,       841.4174776,       841.4174776,       590158.2087,       590158.2087,       187707.6718,         0.0640258777,          0.2724972729,       94389.96948,        282097.6413,           288.0422291,            553.3752485,            99311.88042,             490846.3283
          0,           0,          70,      -3.648661438,       -1.46901861,      -1.203783729,      -1.368644325,       2.108117916,      0.3373070262,      0.3373070262,       1.150275227,        759.567994,       376940.4189,       376940.4189,       3.231423965,       846126.9141,       452.5911879,       428.6190032,         113.1647511,        -0.1307171543,               0.3415027653,       842.1662064,       842.1662064,       592094.8581,       592094.8581,        188164.828,        0.06403862714,          0.2732683991,       94387.79547,        282552.6235,           288.0441125,            554.1220939,            99311.34684,             492783.5112
          0,           0,          71,      -3.653371414,      -1.476836058,      -1.227989069,      -1.382142091,       2.106983994,      0.3381295281,      0.3381295281,       1.152730442,       759.9050396,       377357.2681,       377357.2681,       3.233078661,       846926.5322,       453.7703359,       429.5690492,         113.4578626,        -0.1314843344,               0.3414507481,       842.9620816,       842.9620816,        594068.164,        594068.164,       188586.1451,        0.06405179832,          0.2740777298,        94385.5615,        282971.7066,           288.0458093,            554.9162723,            99310.82121,             494757.3427
          0,           0,          72,      -3.657638287,      -1.484073248,       -1.25156394,      -1.397846551,       2.105992951,       0.338605293,       0.338605293,       1.154334352,       760.1372685,       377709.0461,       377709.0461,       3.234592574,       847434.3339,       454.4810501,       430.1321332,         113.7509484,        -0.1319885049,               0.3417756889,       843.4675063,       843.4675063,       595457.3388,       595457.3388,       188942.4318,        0.06406537972,          0.2745399133,       94383.30716,         283325.739,           288.0473611,            555.4201451,            99310.34106,             496146.9977
          0,           0,          73,      -3.661611029,       -1.49061236,      -1.273756812,      -1.411822872,       2.104450896,      0.3389881093,      0.3389881093,       1.155733713,       760.3560893,       378046.6811,       378046.6811,       3.236044228,       847889.8477,       455.0825671,        430.612921,         114.0368442,        -0.1323903294,               0.3421557896,       843.9208878,       843.9208878,       596701.1728,       596701.1728,       189284.7369,         0.0640792148,          0.2749088945,       94380.97207,         283665.709,           288.0487137,            555.8721741,            99309.82592,             497391.3469
          0,           0,          74,      -3.664878112,      -1.497045273,      -1.294085287,      -1.426767974,       2.103734674,      0.3392329514,      0.3392329514,       1.156886929,       760.5524318,       378329.5785,       378329.5785,       3.237176496,       848275.9025,       455.5532273,       431.0033714,         114.3106269,        -0.1326282872,                0.342583992,       844.3051354,       844.3051354,       597688.9006,       597688.9006,       189572.3501,        0.06409318352,          0.2751397679,       94378.61422,        283950.9643,           288.0499031,            556.2552323,             99309.3109,             498379.5897
          0,           0,          75,      -3.667798735,      -1.501765335,      -1.312367079,      -1.439273886,       2.101102383,      0.3396749717,      0.3396749717,       1.158408029,        760.865108,       378749.1545,       378749.1545,        3.23884279,       848876.8051,        456.241393,       431.5728995,         114.5952821,        -0.1329876274,               0.3428630112,       844.9032252,       844.9032252,       599133.2277,       599133.2277,       189996.5397,        0.06410712868,           0.275567843,       94376.30742,        284372.8471,           288.0509636,            556.8522616,            99308.84697,             499824.3808
          0,           0,          76,       -3.67057416,      -1.506323859,      -1.328644526,      -1.451252465,       2.098327153,      0.3399421686,      0.3399421686,       1.159668242,       761.1351457,       379114.9644,       379114.9644,       3.240265072,       849378.9751,       456.7856065,       432.0185641,         114.8455436,        -0.1332928875,               0.3431578757,       845.4030446,       845.4030446,       600333.7535,       600333.7535,       190366.7657,        0.06412090015,          0.2758212685,       94374.09932,         284740.865,           288.0519173,            557.3511273,            99308.46088,             501025.2926
          0,           0,          77,      -3.673273934,       -1.50965417,      -1.343651492,      -1.461232763,       2.095790385,      0.3400500236,      0.3400500236,       1.160682052,       761.3880607,       379450.1243,       379450.1243,       3.241540071,       849815.0483,        457.184784,       432.3456332,         115.1023639,        -0.1335129211,               0.3435842825,       845.8370765,       845.8370765,       601335.9234,       601335.9234,       190705.9132,        0.06413439349,          0.2759156301,       94372.10555,        285078.0188,           288.0528349,            557.7842417,             99308.2525,             502027.6709
          0,           0,          78,      -3.675816568,      -1.511997312,      -1.357210282,      -1.469536385,       2.092561329,      0.3402236758,      0.3402236758,       1.162042691,       761.6580163,       379784.9089,       379784.9089,        3.24274891,       850339.3955,       457.7448916,       432.8180711,         115.3607963,        -0.1337566979,               0.3438694017,       846.3589693,       846.3589693,       602506.7954,       602506.7954,       191044.1118,        0.06414739329,          0.2760762825,       94370.39855,        285414.5104,           288.0537248,            558.3052445,             99308.2576,             503198.5378
          0,           0,          79,      -3.678323802,      -1.513440751,      -1.370423012,      -1.474566737,       2.089330808,      0.3401594154,      0.3401594154,       1.163189969,       761.8394829,       380023.5271,       380023.5271,       3.243616182,       850717.0462,       458.1316151,        433.146298,         115.6236301,        -0.1339115368,               0.3443057868,       846.7348522,       846.7348522,       603389.0466,       603389.0466,       191285.4046,        0.06415960218,          0.2759998132,       94369.06126,        285654.4659,           288.0546168,            558.6802355,            99308.51347,             504080.5331
          0,           0,          80,      -3.680706783,       -1.51463508,      -1.383309845,       -1.48126956,       2.085230756,      0.3399538397,      0.3399538397,       1.164308555,       762.0247574,        380244.626,        380244.626,       3.244347531,        851097.505,        458.476753,       433.4255159,           115.88829,        -0.1341184126,               0.3447928538,       847.1135301,       847.1135301,       604248.0853,       604248.0853,        191508.357,        0.06417056675,           0.275783273,        94368.1345,        285876.4915,           288.0554836,            559.0580465,            99308.99041,             504939.0949
          0,           0,          81,      -3.682698846,      -1.515270119,      -1.394408627,        -1.4850554,       2.081515616,      0.3396066907,      0.3396066907,       1.165283571,       762.2422748,       380476.2817,       380476.2817,        3.24502205,       851489.0617,       458.7382286,       433.6362003,         116.1591106,        -0.1342768239,                0.345362374,       847.5032539,       847.5032539,       605039.1828,       605039.1828,       191740.8278,        0.06417993229,          0.2754267585,       94367.72692,        286108.5547,            288.056392,             559.446862,             99309.7346,             505729.4482
          0,           0,          82,      -3.684840154,      -1.515851141,      -1.404457894,       -1.48698727,       2.076453302,      0.3392319108,      0.3392319108,       1.166350941,       762.5509052,       380790.4758,       380790.4758,       3.245943807,       852010.8756,       459.0686105,       433.8732296,         116.4189595,        -0.1346266969,               0.3458700088,       848.0226252,       848.0226252,       606050.9071,       606050.9071,        192054.634,        0.06418718616,          0.2750447247,       94367.92091,        286422.5549,           288.0573393,            559.9652858,            99310.74592,             506740.1612
          0,           0,          83,      -3.686615117,        -1.5158749,      -1.413418038,      -1.488976988,       2.072092708,      0.3391961023,      0.3391961023,       1.168119825,       763.0691418,       381383.4036,       381383.4036,       3.248053209,       852920.2597,       459.7859474,       434.4193275,         116.7074606,          -0.13523575,               0.3461520325,       848.9277525,       848.9277525,       607958.4852,       607958.4852,       192645.7373,        0.06419177522,          0.2750043271,       94368.83315,        287014.5705,           288.0583456,            560.8694069,            99312.05475,             508646.4304
          0,           0,          84,      -3.688083049,      -1.515463342,      -1.422012252,      -1.489596679,       2.067710449,      0.3386728415,      0.3386728415,       1.169359209,       763.4222276,       381743.0046,       381743.0046,       3.249195741,       853533.8216,       460.1232933,       434.6734927,         116.9920269,        -0.1355288465,               0.3467038637,       849.5384423,       849.5384423,       609168.9843,       609168.9843,       193001.7461,        0.06419311938,          0.2744797221,       94370.62926,        287372.3753,           288.0594957,            561.4789466,            99313.72954,             509855.2548
          0,           0,          85,      -3.689079745,      -1.514970188,      -1.429673163,      -1.491911442,       2.062441995,      0.3378700388,      0.3378700388,       1.170409508,       763.7401558,       382018.8501,       382018.8501,       3.249857261,       854072.3259,       460.2837526,       434.8034211,         117.2912344,        -0.1356162332,               0.3474137642,       850.0744259,       850.0744259,       610176.4735,       610176.4735,       193271.8808,        0.06419053463,          0.2736795042,       94373.48466,        287645.3655,           288.0607932,            562.0136327,            99315.83561,             510860.6378
          0,           0,          86,      -3.689824439,      -1.515715866,      -1.436475805,      -1.492700742,       2.059027061,      0.3368409859,      0.3368409859,       1.171300337,       764.0124068,       382171.3044,       382171.3044,       3.249843869,       854531.7238,       460.2893921,       434.8874283,         117.5921637,        -0.1352064839,               0.3481668013,       850.5316733,       850.5316733,       610832.1257,       610832.1257,       193415.9744,        0.06418322126,          0.2726577646,         94377.665,        287793.6394,           288.0623672,            562.4693061,            99318.50809,             511513.6176
          0,           0,          87,      -3.690958414,      -1.515578836,      -1.442814946,      -1.493187027,       2.052498564,      0.3356615272,      0.3356615272,       1.172341226,        764.183926,       382204.9659,       382204.9659,       3.249399092,       854906.7986,       460.2442112,       434.9902202,         117.9013721,         -0.134461417,               0.3489170898,       850.9049924,       850.9049924,       611409.2932,       611409.2932,       193438.3221,        0.06417009354,          0.2714914337,       94383.32192,         287821.644,           288.0641792,            562.8408132,            99321.72999,             512087.5633
          0,           0,          88,      -3.692160007,       -1.51608196,      -1.447863866,      -1.493513617,        2.04625327,       0.334642542,       0.334642542,       1.173839914,       764.4729903,       382398.0853,       382398.0853,       3.249640753,       855513.7726,        460.403412,       435.3020005,         118.2039666,        -0.1336214521,               0.3494309509,       851.5091252,       851.5091252,       612544.5201,       612544.5201,       193616.6982,        0.06414991993,          0.2704926221,       94390.69357,        288007.3917,           288.0662989,            563.4428264,            99325.54905,             513218.9711
          0,           0,          89,      -3.692720519,      -1.517810555,       -1.45197125,      -1.494550548,       2.040086331,      0.3332550895,      0.3332550895,       1.174799335,       764.6895987,       382427.2022,       382427.2022,       3.249036415,       855937.8447,       460.1748334,       435.3987205,         118.5245484,        -0.1320387942,               0.3501985451,       851.9312123,       851.9312123,       613102.9355,       613102.9355,       193627.0635,        0.06412131943,          0.2691337701,       94400.06936,        288027.1329,            288.068663,            563.8625493,            99330.04068,             513772.8948
          0,           0,          90,      -3.693364965,      -1.520196616,      -1.456940018,      -1.496685363,        2.03414885,       0.331605206,       0.331605206,        1.17540774,       764.7864837,       382337.5468,       382337.5468,       3.248075255,       856164.0374,        459.608205,       435.3821323,         118.8500225,        -0.1294249007,               0.3510785602,       852.1563461,       852.1563461,       613294.9399,       613294.9399,          193513.8,        0.06408259602,            0.26752261,       94411.87339,        287925.6734,           288.0713175,            564.0850286,            99335.36548,             513959.5744
          0,           0,          91,      -3.694508883,      -1.523082963,      -1.461006891,      -1.498387201,       2.027168931,      0.3300099853,      0.3300099853,       1.176243579,       764.9528608,       382278.3398,       382278.3398,       3.247132627,       856526.1456,       459.0774403,       435.5244551,         119.1982134,        -0.1261613004,               0.3518496219,       852.5167593,       852.5167593,       613678.3462,       613678.3462,       193425.2346,        0.06403157774,          0.2659784075,       94426.55261,        287851.7872,            288.074245,            564.4425143,            99341.64714,             514336.6991
          0,           0,          92,       -3.69557252,      -1.526322838,      -1.464733772,      -1.499399139,       2.019054022,      0.3284012111,      0.3284012111,       1.177113369,        765.136936,       382240.6116,       382240.6116,       3.246379891,       856925.5921,       458.4698795,       435.7257024,         119.5509242,        -0.1222141719,               0.3525539537,        852.914336,        852.914336,        614152.623,        614152.623,       193350.9924,        0.06396573798,          0.2644354732,       94444.80959,         287795.802,           288.0777562,            564.8365798,            99349.20594,             514803.4171
          0,           0,          93,      -3.696720245,      -1.529844663,      -1.468386659,      -1.501324241,       2.017316347,      0.3263277677,      0.3263277677,       1.176959459,       765.2600191,        382061.013,        382061.013,        3.24484518,       857083.1543,       457.2158379,       435.6044973,         119.8834059,        -0.1167810934,               0.3534977705,       853.0711606,       853.0711606,       613863.8103,       613863.8103,       193126.2684,        0.06388182004,          0.2624459477,       94467.37232,        287593.6407,            288.081931,            564.9892297,            99358.30167,             514505.5086
          0,           0,          94,      -3.698228346,      -1.533966523,      -1.472634361,      -1.503630237,       2.004106797,      0.3242973355,      0.3242973355,       1.177106653,       765.3955151,       381855.0401,       381855.0401,       3.243074466,       857340.6837,       455.9962712,       435.6755457,         120.2226141,        -0.1104747009,               0.3542401298,       853.3274845,       853.3274845,       613800.1935,       613800.1935,       192864.5865,         0.0637760527,          0.2605212828,       94495.22678,        287359.8133,            288.087048,            565.2404365,            99369.37744,              514430.816
          0,           0,          95,      -3.699936733,      -1.536362837,      -1.477747431,      -1.505407051,        1.99291878,      0.3221896821,      0.3221896821,       1.176802081,       765.5403778,       381763.4072,       381763.4072,       3.242050652,       857529.2192,       454.4571083,       435.6199314,         120.5522632,        -0.1031965193,               0.3550492502,       853.5151375,       853.5151375,       613696.2046,       613696.2046,       192704.2927,        0.06364387274,          0.2585458094,       94529.55721,          287233.85,           288.0937061,            565.4214313,            99382.99067,             514313.2139
          0,           0,          96,      -3.702190526,      -1.538380923,      -1.484091026,      -1.505336681,       1.983486596,      0.3198581215,      0.3198581215,       1.176310623,       765.6345172,        381434.163,        381434.163,       3.239663331,       857653.7373,       452.6919641,       435.5814757,         120.8815984,       -0.09462435014,                0.355802675,       853.6390728,       853.6390728,       613113.1039,       613113.1039,       192291.3781,        0.06347931527,          0.2563788062,       94571.39243,        286862.7705,           288.1017053,            565.5373675,            99399.37259,             513713.7314
          0,           0,          97,      -3.704983657,      -1.542984743,      -1.492268236,      -1.507593507,        1.97449395,      0.3177660874,      0.3177660874,       1.175839547,       765.9534696,       381326.8925,       381326.8925,       3.238015398,        858086.332,       450.9784306,       435.7497286,         121.1758098,       -0.08512339072,               0.3562030552,       854.0696425,       854.0696425,       612991.5508,       612991.5508,       192082.1459,        0.06327607575,          0.2544900117,       94622.37333,        286704.5192,           288.1115261,            565.9581164,            99419.35354,             513572.1973
          0,           0,          98,      -3.708383185,      -1.545592783,      -1.500768141,      -1.510596175,       1.966077312,      0.3152748857,      0.3152748857,       1.174848602,       766.0097803,       380986.6586,       380986.6586,       3.235734434,       858131.4405,       448.7739238,       435.6504163,         121.4885872,       -0.07442700279,               0.3568776211,       854.1145398,       854.1145398,       612297.6995,       612297.6995,       191617.6013,        0.06302596497,          0.2522489207,       94684.52869,        286302.1299,           288.1246171,            565.9899227,            99443.96489,             512853.7346
          0,           0,          99,      -3.711996091,      -1.548945313,      -1.508461979,      -1.510564504,       1.958021694,      0.3130176696,      0.3130176696,       1.174025869,       766.2215332,       380832.1149,       380832.1149,        3.23424026,       858433.7952,       446.6757402,       435.7470259,         121.7728955,       -0.06310163761,               0.3572189797,       854.4154792,       854.4154792,       612159.3808,       612159.3808,       191312.4386,        0.06271909866,          0.2502985709,       94759.83817,        286072.2768,           288.1419651,            566.2735141,             99474.0435,             512685.3373
          0,           0,         100,      -3.715684787,       -1.55446447,      -1.515912951,      -1.513029582,       1.951525643,      0.3105469053,      0.3105469053,       1.172831186,       766.3874099,       380594.8644,       380594.8644,       3.232393739,       858646.7191,       444.3178086,       435.6841341,         122.0699912,       -0.05115834017,               0.3577002201,       854.6274065,       854.6274065,       611803.2783,       611803.2783,       190893.1687,         0.0623449747,          0.2482019306,       94850.84785,        285744.0165,            288.164129,            566.4632775,            99511.04797,             512292.2303
          0,           0,         101,       -3.71936308,      -1.562289485,        -1.5231741,      -1.513260161,       1.946327478,       0.307957289,       0.307957289,       1.171285476,       766.5698342,       380314.3049,       380314.3049,       3.230307926,       858861.5343,       441.7894697,        435.521064,         122.3597779,       -0.03874974932,               0.3581991996,       854.8412161,       854.8412161,       611306.2162,       611306.2162,       190394.8188,        0.06188793306,           0.246069356,       94959.74307,        285354.5618,           288.1927377,            566.6484784,            99555.57756,             511750.6387
          0,           0,         102,      -3.722856672,      -1.573772545,      -1.530754762,      -1.516163944,       1.948215158,      0.3054279708,      0.3054279708,       1.169703041,       766.8305017,       380122.1613,       380122.1613,       3.228637976,       859219.5636,       439.3162374,       435.3650805,          122.654867,        -0.0265527558,               0.3586447819,       855.1975694,       855.1975694,       611145.8934,       611145.8934,       189943.3225,        0.06133189071,          0.2440960801,       95089.41942,        285032.7419,           288.2285186,            566.9690508,            99609.16735,             511536.7261
          0,           0,         103,       -3.72650596,      -1.586661892,      -1.539145872,      -1.517939595,       1.939299339,      0.3029377189,      0.3029377189,       1.167694611,       767.1260729,       380019.0156,       380019.0156,       3.227587296,        859611.771,       436.6854583,       435.1424825,         122.9722768,       -0.01388411302,               0.3591657879,       855.5879409,       855.5879409,       611126.0784,       611126.0784,       189531.8774,        0.06065854566,          0.2422791732,       95243.56908,        284775.4465,           288.2737812,            567.3141597,            99674.30496,             511451.7734
          0,           0,         104,      -3.730062006,      -1.601039605,      -1.547806802,      -1.521494321,       1.934534804,      0.3000573346,      0.3000573346,       1.164473854,       767.3141573,       379770.9225,       379770.9225,       3.226048191,       859736.9781,       433.4484437,       434.5115579,         123.2828912,     -0.0002074087847,               0.3600312989,       855.7125619,       855.7125619,       610454.8255,       610454.8255,       188923.0514,        0.05984265479,          0.2402146798,       95423.93554,        284346.9869,           288.3282654,            567.3842966,            99751.20701,             510703.6185
          0,           0,         105,      -3.733848618,      -1.616322297,      -1.559602648,      -1.525716056,       1.932134171,      0.2971405563,      0.2971405563,       1.161001501,       767.4836442,       379483.8027,       379483.8027,       3.224432987,       859883.8648,       430.1759634,        433.809626,         123.6162357,        0.01300687652,               0.3610143562,       855.8587611,       855.8587611,       609852.6999,       609852.6999,       188215.3226,        0.05885916255,          0.2382813937,       95634.24008,        283849.5626,           288.3955645,            567.4631966,            99843.06457,             510009.6353
          0,           0,         106,      -3.737524038,      -1.628988997,      -1.568912601,      -1.522265269,       1.926778068,      0.2941691761,      0.2941691761,       1.157036942,       767.6698301,       379281.0574,       379281.0574,       3.223474275,       860049.7263,       426.7987489,       432.8795454,         123.9794261,        0.02495850024,               0.3623322825,       856.0238461,       856.0238461,       609406.1034,       609406.1034,        187529.716,        0.05767594915,          0.2364932269,        95875.6707,        283405.3867,           288.4775809,            567.5462652,            99950.76875,             509455.3347
          0,           0,         107,      -3.741407765,      -1.644330447,      -1.579910953,      -1.532154172,       1.924309388,      0.2909711718,      0.2909711718,        1.15233635,        767.906872,       379090.1383,       379090.1383,       3.222579361,       860242.6759,       423.2112647,       431.6148883,         124.3869338,        0.03519747257,               0.3641975295,       856.2158926,       856.2158926,       608900.8033,       608900.8033,       186793.7126,        0.05625850177,            0.23471267,       96148.21285,        282941.9254,           288.5755178,            567.6403748,            100075.5755,             508825.2278
          0,           0,         108,      -3.745813402,      -1.656117075,      -1.585697615,      -1.535627891,       1.923223908,      0.2874901669,      0.2874901669,       1.146578373,       768.2534852,       379006.0386,       379006.0386,       3.222133691,       860473.7813,       419.3233527,       429.8907439,         124.8460678,        0.04284662132,               0.3668517963,       856.4459162,       856.4459162,       608291.4628,       608291.4628,       186109.1902,        0.05456645229,          0.2329237146,       96448.42419,        282557.6144,           288.6885452,            567.7573709,            100216.7093,             508074.7535
          0,           0,         109,      -3.750095245,      -1.666457916,      -1.591692407,      -1.538335617,       1.924491679,      0.2835959258,      0.2835959258,       1.140385101,       768.5770265,        378796.288,        378796.288,       3.220989036,        860686.298,        415.339284,       427.7773093,         125.3749802,        0.04597958806,               0.3704196695,       856.6574381,       856.6574381,       607535.2719,       607535.2719,       185257.0476,         0.0525551086,          0.2310408172,       96769.62021,        282026.6678,           288.8168257,            567.8406124,            100372.2363,             507163.0356
          0,           0,         110,       -3.75433263,      -1.675863394,      -1.597520125,      -1.541353088,       1.923185849,      0.2796133175,      0.2796133175,       1.134363082,       768.8111124,       378564.3858,       378564.3858,       3.220073755,       860881.0046,       411.5526089,       425.5342852,         125.9614856,        0.04263811443,               0.3748147079,       856.8512333,       856.8512333,       606986.7621,       606986.7621,       184367.3618,        0.05017745433,          0.2294358632,       97098.51198,        281465.8738,           288.9546301,            567.8966032,            100536.1468,             506450.6153
          0,           0,         111,      -3.758532361,      -1.683882768,      -1.603355224,      -1.544262927,       1.923623854,       0.275415452,       0.275415452,       1.128764542,       769.0274079,       378350.2274,       378350.2274,       3.219305105,       861133.5508,       408.0841557,       423.0833879,         126.6135152,        0.02902973576,               0.3804206127,       857.1025973,       857.1025973,       606697.5431,       606697.5431,       183517.6854,        0.04738460925,          0.2280308427,       97416.27097,        280933.9564,           289.0944296,            568.0081677,             100699.402,             505998.1412
          0,           0,         112,      -3.762990021,      -1.690959761,      -1.609704277,      -1.547661858,       1.924526322,      0.2710142033,      0.2710142033,       1.124288331,       769.1935302,       378168.2697,       378168.2697,       3.218779859,       861424.2584,        405.191257,       420.4961158,         127.3181464,      0.0003193064702,               0.3875139096,       857.3919441,       857.3919441,       606760.9312,       606760.9312,       182780.1458,        0.04412613854,          0.2268880648,       97694.06196,        280474.2077,           289.2190814,            568.1728627,            100844.7344,             505916.1968
          0,           0,         113,      -3.767511181,      -1.697256414,      -1.616461727,      -1.551056937,       1.927935263,      0.2661242468,      0.2661242468,       1.120671621,       769.2727141,       377872.9737,       377872.9737,       3.217643725,       861624.8823,       402.5849387,       417.7114292,         128.1679971,       -0.04104534053,               0.3969980168,       857.5916289,       857.5916289,        606613.894,        606613.894,       182004.2709,        0.04035002267,          0.2257742242,       97934.35139,        279938.6223,           289.3256072,            568.2660217,            100973.8635,             505640.0305
          0,           0,         114,      -3.771851422,      -1.701798553,      -1.622667418,      -1.554450822,       1.925617358,      0.2605472126,      0.2605472126,       1.115253783,       769.4899324,       377680.6236,       377680.6236,        3.21724644,       861867.5121,        398.909489,       414.7174714,         129.1384659,        -0.0613671188,               0.4097018977,       857.8331229,       857.8331229,       606274.1634,       606274.1634,       181035.1791,        0.03601145801,          0.2245357546,       98322.72224,        279357.9013,           289.5472668,            568.2858562,            101227.2399,             505046.9235
          0,           0,         115,      -3.776134313,      -1.706387179,      -1.628706283,      -1.557571912,       1.925526711,      0.2545545882,      0.2545545882,       1.108578034,       770.0820897,       377877.1109,       377877.1109,       3.219374788,       862505.5918,       393.5457518,       411.9791775,         130.2675411,       -0.02938146955,               0.4262895823,       858.4682158,       858.4682158,       606375.8586,       606375.8586,       179887.1012,        0.03107559439,          0.2234789938,       98995.00488,        278882.1061,           290.0041833,            568.4640325,            101736.3012,             504639.5575
          0,           0,         116,        -3.7801307,      -1.710135977,      -1.634171116,      -1.560304679,       1.931314927,      0.2479674984,      0.2479674984,       1.101642915,       770.9819028,       378475.0254,       378475.0254,       3.224871774,       863412.8443,       385.4239366,       409.6051204,         131.5526945,         0.1148715505,               0.4473953235,       859.3712214,       859.3712214,       606780.5497,       606780.5497,       178324.1956,        0.02551465639,           0.222452842,       100075.4149,        278399.6105,           290.8236496,            568.5475718,            102653.1089,             504127.4409
          0,           0,         117,      -3.783984498,      -1.713335447,      -1.637657972,      -1.561704847,       1.929654721,      0.2406628592,      0.2406628592,        1.09729639,       772.2401889,        379484.616,        379484.616,       3.233902753,       864665.9337,       374.1659986,       407.8992292,         133.0735007,         0.5291402296,               0.4728701329,       860.6184452,       860.6184452,        607457.336,        607457.336,       176212.0007,        0.01930889419,           0.221353965,       101636.3076,        277848.3083,           292.1061602,             568.512285,            104123.0979,             503334.2381
          0,           0,         118,      -3.788020316,      -1.716086821,      -1.641216319,      -1.563950074,        1.93116744,      0.2330648282,      0.2330648282,       1.097170151,       773.9302624,       381112.1388,       381112.1388,       3.247855035,       866530.8721,       359.8427325,        407.630855,         134.7592776,          2.044424326,               0.5003308083,       862.4746538,       862.4746538,       609186.9828,       609186.9828,       173639.5503,        0.01244941985,          0.2206154084,       103736.2942,        277375.8446,           293.9176386,            568.5570152,            106252.5308,             502934.4519
          0,           0,         119,      -3.791595131,      -1.717971042,      -1.642604847,      -1.565617762,       1.942007288,      0.2248775811,      0.2248775811,       1.101203422,       776.0436891,       383323.4086,       383323.4086,       3.266443641,       868889.6254,       342.5715499,       408.8009442,          136.658655,          15.61957551,               0.5271759823,       864.8223658,       864.8223658,       611605.9582,       611605.9582,       170605.5918,       0.004937524013,          0.2199400571,       106358.9084,        276964.5002,           296.2508892,            568.5714766,            109067.6599,             502538.2983
          0,           0,         120,      -3.795370499,      -1.722156548,      -1.647268674,       -1.56742773,       1.948892333,      0.2161962378,      0.2161962378,       1.111278284,       778.5035322,       386029.5566,       386029.5566,       3.288635204,       871727.0685,         323.92023,       411.7047689,         138.6935363,          79.13613025,               0.5500683119,       867.6465269,       867.6465269,       614704.0811,       614704.0811,       167291.4065,      -0.003202222583,          0.2193984603,       109369.0751,        276660.4815,           299.0077572,            568.6387697,            112484.0277,             502220.0534
          0,           0,         121,      -3.799044008,      -1.726156696,      -1.652580907,      -1.570363288,       1.953227631,      0.2070023188,      0.2070023188,       1.125226692,       781.0563971,       388891.8629,       388891.8629,       3.312164547,        874806.951,       305.5775838,       416.3501597,         140.9289206,          4.823821642,               0.5676537481,       870.7119925,       870.7119925,       618226.2504,       618226.2504,       163749.2755,       -0.01191171245,          0.2189140313,       112571.2937,        276320.5692,           301.9978046,            568.7141879,            116277.8823,             501948.3681
          0,           0,         122,      -3.802554379,      -1.729345897,      -1.655473351,      -1.571880303,       1.938389587,      0.1973478754,      0.1973478754,       1.143282122,        783.667537,       391917.9579,       391917.9579,       3.336686921,       878022.6887,        288.269741,        422.334743,         143.2846583,          1.528667032,                0.580237728,       873.9126773,       873.9126773,       621942.1848,       621942.1848,       160195.0928,       -0.02110618109,          0.2184540565,       115861.4326,        276056.5254,           305.1336536,            568.7790237,            120374.8586,             501567.3262
          0,           0,         123,       -3.80554074,      -1.733485997,      -1.658031325,      -1.572066268,       1.940563356,      0.1876418045,      0.1876418045,       1.164830631,       786.4526022,       395116.7454,       395116.7454,       3.361344054,        881671.951,       272.7943905,       429.6318572,         145.7812789,         0.7051718204,               0.5889250583,       877.5448576,       877.5448576,       626380.0576,       626380.0576,       156883.9529,        -0.0306763196,          0.2183181241,       119116.3962,        276000.3491,           308.2844366,             569.260421,            124649.5327,             501730.5249
          0,           0,         124,      -3.808265433,      -1.737284794,      -1.660224815,        -1.5737978,       1.938653105,      0.1773834893,      0.1773834893,       1.187396867,        788.780385,       398009.6815,       398009.6815,       3.384947862,       884788.3248,       258.4497365,       437.2655826,         148.3107582,         0.3908421358,               0.5954561229,       880.6466437,       880.6466437,       630213.7681,       630213.7681,       153450.9194,       -0.04048980583,          0.2178732951,        122279.381,        275730.3004,           311.3710796,            569.2755641,            129019.5381,               501194.23
          0,           0,         125,      -3.810871931,      -1.742177052,      -1.662491911,      -1.574598043,       1.941639908,       0.167151678,       0.167151678,       1.210352701,       790.9029937,       400823.3441,       400823.3441,         3.4080723,       887775.0734,       245.6032581,       445.2480246,         150.9026755,          0.246473142,               0.6006416862,       883.6194113,       883.6194113,       634165.3264,       634165.3264,       150157.3073,       -0.05040679557,          0.2175584735,       125333.0184,        275490.3257,            314.350497,            569.2689144,            133429.2923,             500736.0341
          0,           0,         126,      -3.813506026,      -1.746150299,      -1.664171097,      -1.575204552,       1.940614032,      0.1568169719,      0.1568169719,       1.231931326,       792.8876642,       403507.7832,       403507.7832,       3.430059924,       890581.0829,       233.9948818,       453.0564878,         153.4692299,          0.177108478,               0.6051357913,        886.412286,        886.412286,       637839.6075,       637839.6075,       146987.1598,       -0.06028768374,          0.2171046557,       128260.3117,        275247.4715,           317.1870257,            569.2252603,             137805.266,             500034.3415
          0,           0,         127,       -3.81563198,      -1.751397716,      -1.665986257,      -1.575843145,       1.938508754,      0.1465387512,      0.1465387512,       1.252568522,       794.7525868,       406094.3578,       406094.3578,       3.451390777,       893228.6718,       223.2325741,       460.5149344,         155.9941989,         0.1402465622,               0.6092554244,       889.0474815,       889.0474815,       641332.1231,       641332.1231,       143826.0556,       -0.07000815907,          0.2165469103,       131134.1511,        274960.2067,           319.9418258,            569.1056556,            142204.9203,             499127.2028
          0,           0,         128,      -3.818169043,      -1.755839528,      -1.667718214,      -1.575427772,        1.93811827,       0.136801739,       0.136801739,       1.271904611,       796.6483303,       408813.0149,       408813.0149,       3.473161935,       895957.0994,       213.8213957,       467.7436799,         158.3378903,         0.1221686401,                0.612648096,       891.7631374,       891.7631374,       645256.2016,       645256.2016,       140880.7231,       -0.07946169024,          0.2162634292,       133966.1459,         274846.869,           322.5894847,            569.1736527,            146585.0843,             498671.1173
          0,           0,         129,       -3.82035401,      -1.761225923,       -1.67003348,      -1.576177537,       1.940793503,      0.1274446784,      0.1274446784,       1.289483192,       798.3472865,       411328.1945,       411328.1945,       3.493889072,       898470.4801,       205.5668953,       474.5811623,         160.6017018,         0.1167094562,               0.6158412245,       894.2647529,       894.2647529,       648918.9995,       648918.9995,       137816.9054,       -0.08856105459,          0.2160057329,       136755.6445,          274572.55,           325.1106815,            569.1540715,            150898.8192,             498020.1804
          0,           0,         130,      -3.822057734,      -1.764111633,      -1.670517091,      -1.573952702,       1.939168492,      0.1188188805,      0.1188188805,       1.305989509,       800.0833898,       413982.4919,       413982.4919,       3.515146138,       901097.5986,       198.5453325,       481.1140371,         162.6976588,         0.1152237108,               0.6185994926,        896.879574,        896.879574,       653114.9527,       653114.9527,       134911.5393,       -0.09724743481,          0.2160663153,       139535.4763,        274447.0156,           327.5459961,            569.3335779,            155175.2662,             497939.6865
          0,           0,         131,      -3.823889642,      -1.768414653,      -1.672094276,      -1.575749321,       1.937039798,      0.1101495606,      0.1101495606,       1.320169543,       801.5632478,       416328.5812,       416328.5812,       3.534828782,       903240.1003,       191.7406221,       486.6580215,          164.746367,         0.1184215189,               0.6220114716,       899.0120466,       899.0120466,       656391.1638,       656391.1638,       131767.1487,        -0.1054695999,          0.2156191605,       142280.7163,        274047.8649,           329.8819671,            569.1300795,            159368.2812,             497022.8827
          0,           0,         132,      -3.825703919,      -1.771792964,      -1.673196139,      -1.573837979,       1.938070309,      0.1025730368,      0.1025730368,       1.333513579,       803.0179445,       418739.8668,       418739.8668,       3.554632541,       905510.6096,       186.4730917,       492.1401157,         166.6727028,         0.1237565608,               0.6249690818,       901.2719277,       901.2719277,       660413.3737,       660413.3737,       128851.4717,        -0.1131865952,           0.215759632,       144944.1976,        273795.6692,           332.0752402,            569.1966875,            163390.8084,             497022.5653
          0,           0,         133,      -3.827009606,      -1.774977058,      -1.673626819,       -1.56939243,       1.946752481,        0.09539904,        0.09539904,       1.345276154,       804.4449753,       421004.2869,       421004.2869,       3.573178764,       907680.6961,       181.7861158,       497.0206402,         168.5154788,         0.1297215563,                0.628148856,       903.4318561,       903.4318561,       664069.2554,       664069.2554,       125908.3794,        -0.1203852566,          0.2157842966,       147547.9537,        273456.3332,           334.1577764,            569.2740797,            167272.4991,             496796.7563
          0,           0,         134,      -3.829083055,      -1.778934447,      -1.676030183,      -1.574427702,       1.953697232,     0.08854971153,     0.08854971153,       1.355268726,        805.541929,       423006.8523,       423006.8523,       3.590574684,       909352.6308,       177.4694754,       501.2225753,          170.257653,         0.1381009324,               0.6315891127,       905.0959645,       905.0959645,       667115.2083,       667115.2083,       122901.9311,        -0.1270749933,          0.2156247048,       150052.4606,        272954.3917,            336.097877,            568.9980875,            170954.0236,             496161.1847
          0,           0,         135,      -3.830257818,      -1.778113651,      -1.674281255,      -1.565756656,       1.931926316,     0.08226443531,     0.08226443531,       1.364104262,       806.5448318,       424949.8192,       424949.8192,       3.607462413,       910895.4274,       173.8013727,       504.9937411,         171.9248925,         0.1468508835,               0.6351067423,       906.6315393,       906.6315393,       670143.5836,       670143.5836,       120051.8977,        -0.1332742568,          0.2155386922,       152448.9608,        272500.8584,           337.9003835,            568.7311558,            174425.3284,             495718.2552
          0,           0,         136,      -3.832114872,      -1.786433904,      -1.678952126,      -1.574934708,         1.9299022,     0.07650017123,     0.07650017123,       1.371875851,       807.4634684,       426819.9087,       426819.9087,       3.623660293,       912301.9659,       170.6553508,       508.3505106,         173.5217152,         0.1561415272,               0.6386777716,       908.0314937,       908.0314937,       673074.3809,       673074.3809,       117376.9429,         -0.139011051,          0.2155112222,       154721.4829,        272098.4258,           339.5625452,            568.4689486,            177671.4598,             495402.9211
          0,           0,         137,      -3.833459081,      -1.786441118,      -1.675970402,       -1.56580988,       2.071419277,      0.0716519709,      0.0716519709,       1.379637628,       808.4060637,       428789.1517,       428789.1517,       3.640135923,       913881.4114,        168.487763,       511.7304085,         175.0729737,         0.1639032097,               0.6418968934,        909.603546,        909.603546,       676729.1399,       676729.1399,       115041.1685,        -0.1443147821,           0.215966753,       156873.9916,        271915.1601,             341.10159,             568.501956,            180706.0794,             496023.0605
          0,           0,         138,      -3.834838613,      -1.781496702,      -1.675759049,      -1.557214338,       1.998686711,     0.06703153261,     0.06703153261,        1.38605003,       809.1840221,       430547.2795,       430547.2795,       3.655228786,       915142.8878,       166.4377893,       514.6257093,         176.5090665,         0.1733552967,               0.6450439999,       910.8591174,       910.8591174,       679751.6561,       679751.6561,        112769.178,        -0.1492312566,          0.2162627893,       158889.0507,        271658.2287,           342.5106144,             568.348503,             183514.808,             496236.8481
          0,           0,         139,      -3.835455208,      -1.788436195,      -1.674198436,      -1.557852872,       1.964197048,     0.06279830595,     0.06279830595,       1.392081514,       809.7862773,       432092.0469,       432092.0469,       3.669128466,       916236.0152,       164.8193392,       517.3717938,         177.8353017,         0.1829214923,               0.6477359906,       911.9471279,       911.9471279,       682630.4189,       682630.4189,       110522.9555,        -0.1538061075,          0.2166044134,       160784.5457,        271307.5012,           343.8091746,            568.1379532,            186131.7757,             496498.6433
          0,           0,         140,      -3.837258986,      -1.797872141,      -1.681166487,      -1.571246933,       1.944956889,     0.05928317634,     0.05928317634,       1.398331348,       810.3218912,       433626.6734,       433626.6734,        3.68291729,       917375.7174,       163.8553859,        520.315047,         178.9952819,          0.191830437,               0.6493996553,       913.0814952,       913.0814952,       685929.2761,       685929.2761,       108456.3601,        -0.1580922406,           0.217375417,       162585.1566,        271041.5167,           345.0192544,            568.0622408,            188600.4393,             497328.8368
          0,           0,         141,      -3.838542043,      -1.780762358,      -1.676143868,      -1.543263106,       1.929801256,     0.05593239073,     0.05593239073,       1.403859378,       810.9526883,       435150.7001,       435150.7001,       3.695936548,       918560.7739,       162.9566748,       523.0474741,         179.9940752,         0.2006521225,               0.6504193935,       914.2610044,       914.2610044,       689059.1032,       689059.1032,       106521.5935,        -0.1621336311,          0.2180660219,       164314.5533,        270836.1468,            346.164243,            568.0967613,            190959.0518,             498100.0514
          0,           0,         142,      -3.839876006,      -1.763862604,      -1.671292241,      -1.515973164,       1.967225244,     0.05301562038,     0.05301562038,       1.408957765,       811.7197329,       436903.2267,       436903.2267,       3.709957996,       919863.1796,       162.2268672,       525.6817197,         180.7796315,         0.2083339175,               0.6504984921,       915.5573136,       915.5573136,       692487.1769,       692487.1769,       104912.2727,        -0.1659601225,          0.2189757429,        165995.477,        270907.7497,           347.2675845,            568.2897291,            193242.8622,             499244.3146
          0,           0,         143,      -3.840701576,      -1.753072443,      -1.667048754,      -1.498021468,       1.923501616,     0.04991040225,     0.04991040225,       1.413205548,       812.4803625,       438483.6721,       438483.6721,        3.72259235,       921038.5178,       161.1870103,       527.9484759,         181.3829205,         0.2161951562,               0.6499745115,       916.7271501,       916.7271501,       695277.9847,       695277.9847,       103186.9767,        -0.1695978528,          0.2195082551,       167648.3477,        270835.3244,           348.3454259,            568.3817242,            195479.5662,             499798.4185
          0,           0,         144,      -3.841446285,      -1.751807475,      -1.667494921,      -1.494624583,       1.918251943,      0.0468877805,      0.0468877805,       1.417005766,       813.2383163,       440044.7021,       440044.7021,       3.734966146,        922155.384,       160.0398109,       530.0340419,         181.7737442,          0.223803897,                0.648578253,       917.8387882,       917.8387882,        697907.373,        697907.373,       101480.9227,        -0.1730649607,          0.2199527412,       169281.8897,        270762.8124,           349.4046948,            568.4340934,            197681.2359,             500226.1371
          0,           0,         145,      -3.841028237,      -1.766165424,      -1.670487712,      -1.507612856,       1.918866643,     0.04417509805,     0.04417509805,       1.420895909,       814.0545429,       441612.2116,       441612.2116,       3.747042876,       923392.6961,       159.0986762,       532.2265561,         181.9872216,         0.2305416818,               0.6461199162,       919.0703084,       919.0703084,       700672.6193,       700672.6193,       99797.98817,        -0.1763792355,          0.2205543336,       170907.1117,        270705.0999,            350.452929,            568.6173795,            199862.6006,             500810.0187
          0,           0,         146,      -3.842440582,       -1.79340226,      -1.679703991,      -1.548117782,       1.919733313,     0.04161883322,     0.04161883322,       1.424760538,       814.8025177,       443222.5461,       443222.5461,       3.759539775,       924556.5172,       158.2107268,       534.3199316,           181.99735,         0.2359080678,               0.6427789888,       920.2286817,       920.2286817,       703554.5783,       703554.5783,       98158.35546,         -0.179556346,          0.2211751793,       172532.0953,        270690.4508,           351.4959126,            568.7327691,            202037.1692,             501517.4091
          0,           0,         147,      -3.844015577,      -1.792973318,      -1.680246687,      -1.544188818,       1.945956462,     0.03935300184,     0.03935300184,       1.429094794,       815.5310345,       444862.1978,       444862.1978,       3.772183993,       925802.8439,       157.6269512,       536.5712062,         181.8296437,         0.2398220852,               0.6384008547,       921.4691744,       921.4691744,       706818.7187,       706818.7187,       96544.76119,        -0.1826042375,          0.2219572393,       174158.7183,        270703.4795,           352.5343373,            568.9348371,            204207.2907,              502611.428
          0,           0,         148,      -3.843983466,      -1.793463439,      -1.678114877,      -1.543225871,       2.106110479,     0.03684130044,     0.03684130044,       1.432980149,       816.1264055,       446314.5543,       446314.5543,       3.783855022,       926813.7929,       156.7844671,        538.611631,         181.4663496,         0.2443259479,                0.633339976,       922.4753911,       922.4753911,       709470.5833,       709470.5833,       94730.55221,        -0.1855285242,          0.2223698246,       175792.0011,        270522.5533,           353.5689868,            568.9064043,            206375.3296,             503095.2537
          0,           0,         149,      -3.845882036,      -1.794317582,      -1.677882072,       -1.54242771,       2.394215674,     0.03411860574,     0.03411860574,       1.435765513,       816.7772917,       447665.3931,       447665.3931,       3.794675263,       927727.0856,       155.5830634,        540.164021,         180.9258907,         0.2485374777,               0.6279766743,       923.3844088,       923.3844088,       711505.8636,       711505.8636,       92806.80209,        -0.1883290887,          0.2224476945,       177429.2955,        270236.0976,           354.5964924,            568.7879164,            208535.9721,             502969.8916
          0,           0,         150,      -3.846442547,      -1.793266854,       -1.67544283,      -1.544190934,       2.702612473,     0.03140091697,     0.03140091697,       1.438184425,       817.4424915,       448994.4373,       448994.4373,       3.805116902,       928620.6265,       154.3447323,       541.5614255,         180.2377036,         0.2524694265,               0.6221059294,        924.273767,        924.273767,        713391.845,        713391.845,        90865.5161,        -0.1910083855,          0.2224093024,       179064.4606,        269929.9767,           355.6100981,            568.6636688,            210679.9919,             502711.8531
          0,           0,         151,      -3.847608897,      -1.787966743,      -1.666497493,      -1.536697903,       2.980415193,     0.02868226854,     0.02868226854,       1.440218576,       818.0616076,       450298.8728,       450298.8728,       3.815437212,       929414.2242,       153.0262349,       542.7328512,         179.4572164,          0.256209847,               0.6160063825,       925.0636498,       925.0636498,       715138.1686,       715138.1686,       88918.95762,        -0.1935592497,          0.2222415182,       180689.9576,        269608.9152,           356.6036371,            568.4600127,            212794.7469,             502343.4217
          0,           0,         152,       -3.84664283,      -1.778919715,      -1.655582363,      -1.542506308,       3.216813603,     0.02588616745,     0.02588616745,       1.441526811,       818.6565596,       451539.8941,       451539.8941,       3.825416909,       930072.3247,       151.5030598,        543.546595,         178.6011353,         0.2598821653,               0.6099097155,       925.7186698,       925.7186698,       716526.2213,       716526.2213,       86964.15126,         -0.195978891,          0.2218650584,       182287.8714,        269252.0227,           357.5658242,            568.1528457,            214860.2328,             501665.9885
          0,           0,         153,      -3.846869889,       -1.74722217,       -1.62107007,      -1.524207375,       3.411992094,     0.02325509766,     0.02325509766,        1.44254821,       819.1962586,       452772.3512,       452772.3512,       3.835497052,       930635.8687,       149.9916371,        544.145764,         177.6798116,         0.2629257002,               0.6037633309,       926.2795758,       926.2795758,       717910.7087,       717910.7087,       85067.28928,        -0.1982655433,          0.2215206409,        183852.531,        268919.8202,           358.4920253,            567.7875505,            216867.3771,             501043.3315
          0,           0,         154,      -3.848157712,      -1.707733875,      -1.590076299,      -1.521722897,       3.568334751,     0.02088281345,     0.02088281345,       1.443861955,       819.7419046,       454063.9921,       454063.9921,       3.845693566,       931278.1843,       148.7728034,       544.8155345,         176.7247959,         0.2651654405,               0.5974237211,       926.9188848,       926.9188848,       719663.6367,       719663.6367,       83311.66375,        -0.2004180562,          0.2213008696,       185376.1642,        268687.8279,           359.3770151,            567.5418697,            218806.8788,             500856.7579
          0,           0,         155,      -3.849037546,      -1.664339021,      -1.550989699,      -1.498143741,       3.689621316,      0.0186698279,      0.0186698279,       1.445394424,       820.2667101,       455293.8931,       455293.8931,       3.855256316,        931970.252,       147.8313564,       545.5768907,         175.7426372,         0.2669597293,               0.5909439153,       927.6077129,       927.6077129,       721510.6074,       721510.6074,       81589.07703,        -0.2024312066,          0.2211010345,        186852.408,        268441.4851,           360.2174485,            567.3902644,            220669.2851,             500841.3223
          0,           0,         156,      -3.849773675,      -1.635241863,      -1.527188972,      -1.492421009,        3.77746513,     0.01683214901,     0.01683214901,        1.44695455,       820.9061473,       456653.6594,       456653.6594,       3.865069132,       932833.2176,        147.188871,       546.4304185,         174.8026842,         0.2680808942,               0.5845586883,        928.466639,        928.466639,       723625.8763,       723625.8763,       80112.67485,        -0.2043048965,          0.2211370455,       188270.4923,        268383.1671,           361.0086802,            567.4579588,             222444.562,             501181.3144
          0,           0,         157,      -3.850769497,      -1.621736146,      -1.511977328,      -1.489848071,       3.830104867,     0.01472917885,     0.01472917885,       1.448125863,       821.2382535,       457675.8964,       457675.8964,       3.873520121,       933268.5606,        146.248402,       546.9639975,         173.8639286,         0.2703161065,               0.5786198403,       928.8999441,       928.8999441,       725009.2899,       725009.2899,       78426.45266,        -0.2060413817,          0.2207705606,       189624.7219,        268051.1745,           361.7484034,            567.1515407,            224128.3289,              500880.961
          0,           0,         158,      -3.851499449,      -1.740996259,      -1.571016947,      -1.532397023,       3.178955363,      0.0129322945,      0.0129322945,       1.449848667,       821.3985495,       458592.4666,       458592.4666,       3.881724436,        933608.312,       145.6619897,       547.6298124,         173.0101237,         0.2717872888,               0.5729420514,       929.2381052,       929.2381052,       726591.3007,       726591.3007,       76770.93843,         -0.207631343,          0.2205636375,       190910.7641,        267681.7025,            362.435049,            566.8030562,            225713.1212,             500878.1796
          0,           0,         159,      -3.851930274,      -1.711290916,       -1.53262493,      -1.523726223,       3.398846729,       0.011343802,       0.011343802,       1.451617424,       821.5175742,       459561.4654,       459561.4654,       3.890371608,       933924.5932,       145.2116963,       548.2613378,         172.2319894,         0.2730828852,               0.5677046779,       929.5529059,       929.5529059,       728394.0952,       728394.0952,       75310.43375,        -0.2090703041,          0.2204141061,       192125.5158,        267435.9496,           363.0683632,            566.4845427,            227195.0401,             501199.0551
          0,           0,         160,       -3.85158194,      -1.726743194,      -1.557086305,      -1.539730702,       2.597401623,    0.009567928326,    0.009567928326,       1.452911425,       821.6222188,       460389.2795,       460389.2795,       3.897855246,       934162.4273,       144.6119364,       548.6540161,         171.6024528,          0.274906369,               0.5633356956,       929.7896266,       929.7896266,       729775.7022,       729775.7022,       73868.72091,         -0.210363969,          0.2199318973,       193260.2793,        267129.0002,           363.6444908,            566.1451359,            228568.2558,             501207.4463
          0,           0,         161,        -3.8522246,      -1.746251177,      -1.556245585,      -1.574273443,       2.502941598,    0.008098152819,    0.008098152819,       1.454176932,       821.9076069,       461398.8193,       461398.8193,       3.905768257,       934637.6978,       144.3002415,       549.1152688,         171.0985053,         0.2759195468,               0.5594722934,       930.2626724,       930.2626724,       731556.8197,       731556.8197,       72770.52822,        -0.2115142392,           0.219612392,       194314.1455,        267084.6738,           364.1641234,             566.098549,            229832.0128,             501724.8069
          0,           0,         162,      -3.852534878,      -1.745650157,      -1.543313139,       -1.57784582,       2.440117078,    0.006761203853,    0.006761203853,       1.454208029,       822.2019613,       462284.9286,       462284.9286,       3.913106448,       934902.9249,       143.5962414,       548.9740192,         170.7143664,          0.276804624,               0.5567808698,       930.5266581,       930.5266581,       732633.4223,       732633.4223,       71723.72436,        -0.2125185909,          0.2192797947,       195280.6021,        267004.3265,           364.6254025,            565.9012556,              230979.45,             501653.9723
          0,           0,         163,      -3.853093543,      -1.741189258,      -1.513990195,      -1.578653658,       2.375288963,    0.005291941661,    0.005291941661,       1.453762155,       822.4526343,        462950.095,        462950.095,       3.918980361,       935043.5007,       142.7117281,        548.546113,         170.3959882,          0.278015875,               0.5547946108,       930.6665758,       930.6665758,       733212.5905,       733212.5905,       70638.33922,        -0.2133802586,          0.2186722003,       196155.8779,        266794.2171,           365.0280579,            565.6385179,            232008.0154,             501204.5751
          0,           0,         164,      -3.851915323,      -1.748547734,      -1.527863002,         -1.565232,       2.334033896,    0.004177829523,    0.004177829523,       1.453954591,       822.7404383,       463544.9225,       463544.9225,       3.923883428,       935366.4649,       142.3060329,        548.594551,         170.0894703,         0.2795372081,               0.5525772623,       930.9880282,       930.9880282,       733995.1152,       733995.1152,       69663.43476,        -0.2141090194,           0.218286849,       196940.7438,        266604.1786,           365.3746588,            565.6133694,            232920.8503,             501074.2649
          0,           0,         165,      -3.851948978,      -1.751198859,      -1.551357992,      -1.544819734,       2.294312251,    0.002949053666,    0.002949053666,       1.453553936,       823.0676049,        464060.504,        464060.504,       3.927869178,        935652.922,       141.7307028,       548.3607789,         169.8693983,         0.2811635433,               0.5510840216,       931.2731444,       931.2731444,       734451.3733,       734451.3733,       68789.90748,        -0.2147107484,          0.2176598021,       197635.2982,        266425.2057,           365.6671722,            565.6059722,             233718.435,             500732.9383
          0,           0,         166,      -3.851394816,      -1.754702779,      -1.570673007,      -1.546123896,       2.257913819,    0.002200729183,    0.002200729183,       1.453474707,        823.496638,        464684.805,        464684.805,       3.931857368,       936130.4328,       141.5533477,       548.3138668,         169.7186157,         0.2815209573,               0.5497748531,         931.74842,         931.74842,       735323.3171,       735323.3171,       68205.78288,        -0.2151973701,          0.2173980993,        198239.511,        266445.2939,            365.907631,            565.8407889,            234403.1066,             500920.2105
          0,           0,         167,      -3.852092513,      -1.773812732,      -1.579249296,      -1.569197168,       2.208749214,    0.001411573846,    0.001411573846,       1.452877472,       823.9012294,       465281.3598,       465281.3598,       3.935454796,       936452.9541,       141.1261825,         547.93463,         169.6395457,         0.2821407402,               0.5491727708,       932.0694316,       932.0694316,       735933.4715,       735933.4715,       67776.69258,        -0.2155718749,          0.2169834487,       198752.3336,        266529.0262,           366.0975551,            565.9718765,            234972.3909,             500961.0806
          0,           0,         168,      -3.849804396,       -1.76474155,      -1.574660291,      -1.557767176,         2.1737017,   0.0007435932564,   0.0007435932564,       1.452846772,       823.9907619,        465597.841,        465597.841,       3.938047764,       936536.9339,       140.9319908,        547.699446,         169.5851813,         0.2824590333,               0.5486401575,       932.1530182,       932.1530182,       736443.4688,       736443.4688,       67255.45932,        -0.2158388745,          0.2165824678,       199171.1908,        266426.6502,           366.2378314,            565.9151868,            235423.2182,             501020.2507
          0,           0,         169,      -3.851999523,      -1.781800193,        -1.6008047,      -1.563991197,       2.156941887,   7.545012463e-05,   7.545012463e-05,       1.453155873,        823.754682,       465618.6765,       465618.6765,       3.939847625,       936335.6141,       140.8204295,       547.4300047,         169.6013525,         0.2823763624,                0.548472551,       931.9526408,       931.9526408,       736792.8858,       736792.8858,       66621.66655,        -0.2160068542,          0.2160823043,        199498.505,        266120.1715,           366.3318023,            565.6208385,            235758.5874,             501034.2984
          0,           0,         170,      -3.849712439,       -1.77652205,      -1.606781685,      -1.558777801,       2.134019563,  -0.0004565803423,  -0.0004565803423,       1.453317619,       823.6971629,       465665.1549,       465665.1549,         3.9409997,       936357.1472,       140.8682881,       547.1452176,          169.637596,         0.2813377671,               0.5485078431,       931.9740731,       931.9740731,       737231.2455,       737231.2455,       66192.69766,        -0.2160852554,           0.215628675,       199736.2286,        265928.9263,           366.3826478,            565.5914253,            235981.9863,             501249.2592
          0,           0,         171,      -3.850797852,      -1.793188627,      -1.618659364,      -1.556918755,       2.105608351,   -0.000758196106,   -0.000758196106,       1.454261828,       823.4804438,       465501.1634,       465501.1634,        3.94103747,        936341.104,       141.3094836,       547.1489817,         169.7066916,         0.2795080575,               0.5484630863,        931.958105,        931.958105,       737733.4452,       737733.4452,       65729.65924,        -0.2160860771,           0.215327881,       199885.7521,        265615.4113,           366.3930857,            565.5650193,            236097.3042,             501636.1411
          0,           0,         172,      -3.850112576,      -1.779431947,      -1.620325802,      -1.556267527,           2.06699,   -0.001295434301,   -0.001295434301,       1.454881415,       823.0843051,       465078.6699,       465078.6699,       3.939607677,       936045.6617,       141.4756019,       546.9728087,         169.8110649,         0.2789254464,                 0.54882353,       931.6640457,       931.6640457,       737620.0879,       737620.0879,        65174.1672,        -0.2160168378,          0.2147214035,       199952.2513,        265126.4185,           366.3678389,            565.2962068,            236110.6474,             501509.4405
          0,           0,         173,      -3.852810149,      -1.794416715,      -1.634180991,      -1.557476768,       2.037460836,   -0.002054996266,   -0.002054996266,       1.454953908,       822.6649285,       464438.1991,       464438.1991,       3.936598592,       935629.0752,       141.3752751,       546.6171045,          169.981017,         0.2795394946,               0.5496686565,       931.2494092,       931.2494092,       736864.5473,       736864.5473,       64548.98402,        -0.2158835611,          0.2138285648,       199944.6075,        264493.5915,           366.3132191,            564.9361902,            236031.0733,              500833.474
          0,           0,         174,      -3.854816876,      -1.803994258,       -1.65108327,      -1.577724568,       2.024789465,   -0.002178695573,   -0.002178695573,       1.456139994,       822.3052123,       463899.7452,       463899.7452,       3.933961769,       935485.2109,       141.9946269,       546.7555315,         170.2024465,         0.2780630514,               0.5502657356,       931.1062184,       931.1062184,       736922.3397,       736922.3397,        64168.6375,        -0.2156983508,          0.2135196552,       199865.5538,        264034.1913,           366.2323517,            564.8738667,            235865.4171,             501056.9226
          0,           0,         175,      -3.856717108,      -1.809633899,       -1.66106088,      -1.583078858,       2.010755601,   -0.002597592534,   -0.002597592534,       1.456083616,       822.1437972,       463297.7152,       463297.7152,       3.930073394,       935360.2652,       142.1044235,       546.5196632,         170.4777149,         0.2781704236,               0.5515255209,       930.9818576,       930.9818576,       736236.1594,       736236.1594,       63851.40344,        -0.2154713761,          0.2128737836,       199723.1559,        263574.5593,           366.1308255,             564.851032,            235624.6533,             500611.5061
          0,           0,         176,      -3.855291649,      -1.805994149,      -1.661154261,      -1.575107697,       2.003024495,   -0.002694485712,   -0.002694485712,       1.456050994,       822.0764821,        462765.752,        462765.752,       3.926315558,       935335.0418,       142.3651033,       546.3550279,         170.7951464,         0.2777126138,               0.5529549773,       930.9567522,       930.9567522,       735702.1575,       735702.1575,       63708.38197,        -0.2152097752,          0.2125152895,        199528.685,         263237.067,           366.0153249,            564.9414274,            235321.4482,             500380.7093
          0,           0,         177,      -3.856431589,      -1.801549561,      -1.664603748,      -1.569252251,       2.042549903,   -0.002505614556,   -0.002505614556,       1.456379359,       822.0696873,       462383.0149,       462383.0149,       3.923299976,       935446.0043,       142.8902454,        546.273205,         171.1143111,         0.2756706869,               0.5544307205,       931.0671953,       931.0671953,       735750.4194,       735750.4194,       63814.05031,        -0.2149293755,          0.2124237609,       199284.4823,        263098.5326,           365.8883557,            565.1788396,            234964.4999,             500785.9194
          0,           0,         178,      -3.855855632,      -1.811308144,      -1.668499268,      -1.579027231,       1.997306302,   -0.002316613774,   -0.002316613774,       1.456650324,       822.0643503,       461983.6315,       461983.6315,       3.920037803,       935536.7684,       143.3993972,       546.2029629,         171.3795225,         0.2737969079,               0.5558633805,       931.1575345,       931.1575345,       735643.2564,       735643.2564,       63969.00099,         -0.214639384,          0.2123227703,       199007.3152,        262976.3162,           365.7595049,            565.3980296,            234572.4825,             501070.7739
          0,           0,         179,      -3.856451171,      -1.833386655,      -1.680299902,      -1.601422775,       2.014122606,   -0.002087991135,   -0.002087991135,       1.457004748,       822.2256093,        461645.438,        461645.438,       3.916442896,        935851.408,       144.0009025,        546.234629,         171.7026853,          0.271739012,               0.5574510425,       931.4707013,       931.4707013,       735614.5009,       735614.5009,       64242.52847,        -0.2143498752,          0.2122618841,       198701.4548,        262943.9832,           365.6320405,            565.8386609,            234153.8884,             501460.6126
          0,           0,         180,       -3.85705211,      -1.835797069,      -1.679593925,      -1.600050193,        2.01636741,    -0.00217086058,    -0.00217086058,       1.456930818,        822.209444,       461183.4178,       461183.4178,       3.912556369,       935863.0682,         144.19583,        545.970431,         172.0378465,          0.270604025,               0.5594694392,       931.4823069,       931.4823069,       735149.7727,       735149.7727,       64425.89982,        -0.2140708598,          0.2118999992,        198378.759,        262804.6588,           365.5130292,            565.9692777,            233723.9664,             501425.8063
          0,           0,         181,      -3.856817182,       -1.84235137,      -1.684000095,      -1.602120503,       1.980274084,    -0.00229269786,    -0.00229269786,       1.456917041,       822.0796612,       460696.1146,       460696.1146,       3.908911002,       935727.8371,       144.2960956,       545.6413626,         172.3736007,         0.2695254416,               0.5616288872,       931.3477089,       931.3477089,       734673.4405,       734673.4405,       64589.04024,        -0.2138088622,          0.2115161643,       198053.5372,        262642.5774,            365.410978,            565.9367309,            233298.7716,             501374.6689
          0,           0,         182,      -3.857011379,      -1.844611685,       -1.68673169,      -1.599980094,       1.978181789,   -0.002469887871,   -0.002469887871,       1.456398331,       822.3069456,       460272.2643,       460272.2643,       3.904373636,       935937.3355,       144.3318744,       545.3748789,          172.711577,         0.2690177769,               0.5637816794,       931.5562266,       931.5562266,       733853.9889,       733853.9889,       64812.85092,        -0.2135740159,          0.2111041281,       197729.7067,        262542.5576,           365.3285708,            566.2276558,            232886.6375,             500967.3514
          0,           0,         183,      -3.858111584,      -1.855034043,      -1.695142181,      -1.608450974,        1.98239589,   -0.002764282031,   -0.002764282031,       1.455973546,       822.5014568,        459867.765,        459867.765,       3.899952485,        936118.108,       144.3476285,       545.0864503,         173.0428092,          0.268215002,               0.5659691403,       931.7361529,       931.7361529,       733105.7154,       733105.7154,       65014.19436,        -0.2133706122,          0.2106063302,       197426.7853,        262440.9797,           365.2764229,              566.45973,            232506.9264,             500598.7889
          0,           0,         184,      -3.860477329,      -1.864133623,      -1.707301467,      -1.612565175,       1.968909685,   -0.003162023288,   -0.003162023288,       1.455652499,       822.6502023,       459325.4007,       459325.4007,       3.894704897,       936248.4806,       144.3036058,        544.881172,         173.3590585,         0.2679518251,               0.5680343766,       931.8659152,       931.8659152,       732047.7646,       732047.7646,       65041.53746,        -0.2132094276,          0.2100474043,       197141.9316,        262183.4691,           365.2541611,            566.6117541,            232162.2707,             499885.4939
          0,           0,         185,      -3.862144366,      -1.870710324,      -1.713994742,      -1.614455923,       1.975431189,   -0.003969645211,   -0.003969645211,       1.454762242,       822.7743435,       458681.9514,       458681.9514,       3.888799793,       936222.9434,       143.8547434,       544.4388054,         173.6675815,         0.2686284345,               0.5703070823,       931.8404976,       931.8404976,       730397.1563,       730397.1563,       64901.77785,        -0.2131035142,           0.209133869,       196890.0868,        261791.8646,            365.270912,            566.5695855,            231871.2269,             498525.9294
          0,           0,         186,      -3.862185366,      -1.877206129,      -1.721392954,      -1.615879078,       1.978363633,   -0.004881618241,   -0.004881618241,       1.453695276,       823.0344272,       458129.2946,       458129.2946,       3.882967396,       936313.6229,       143.2983005,       544.0126981,         173.9667961,         0.2695924089,               0.5724964318,       931.9307526,       931.9307526,       728728.1684,       728728.1684,       64770.42685,        -0.2130614813,          0.2081798631,       196679.4339,        261449.8607,           365.3316775,            566.5990751,            231644.7099,             497083.4585
          0,           0,         187,      -3.862718972,      -1.878938708,      -1.721807012,      -1.614411792,       1.981942838,    -0.00559578317,    -0.00559578317,       1.453300886,        823.430635,       457657.5631,       457657.5631,       3.877407952,       936684.8691,       143.1176175,        543.888049,         174.2522835,         0.2688758434,                0.574271088,       932.3002609,       932.3002609,       727566.5368,       727566.5368,       64635.94397,        -0.2130930252,           0.207497242,       196510.8095,        261146.7535,           365.4374521,            566.8628088,             231487.212,             496079.3247
          0,           0,         188,      -3.863303073,      -1.878288653,      -1.722710875,      -1.614747083,       2.000030442,   -0.006476452416,   -0.006476452416,       1.453033748,       823.8173687,       457107.9571,       457107.9571,       3.871447878,       937063.5426,       142.8833529,       543.7763157,         174.4936227,         0.2679274024,               0.5758341708,       932.6771619,       932.6771619,        726373.896,        726373.896,       64310.78445,        -0.2131993973,          0.2067229449,       196398.5863,        260709.3708,           365.5969619,               567.0802,            231412.0444,             494961.8515
          0,           0,         189,      -3.862655236,      -1.876789335,      -1.720018138,      -1.608976585,       1.960774491,   -0.007082347882,   -0.007082347882,       1.453470761,       824.3644072,       456756.4595,       456756.4595,       3.866590267,       937761.2667,        143.044945,       544.0080934,         174.7330192,         0.2655225166,               0.5769395671,         933.37162,         933.37162,       726002.4397,       726002.4397,       64068.62926,        -0.2133791443,          0.2062967964,       196343.9151,        260412.5444,           365.8115342,            567.5600858,            231419.8887,              494582.551
          0,           0,         190,      -3.863356896,      -1.876423065,      -1.714125789,       -1.61071565,       1.986663526,   -0.007703859129,   -0.007703859129,       1.453188431,       825.0489228,       456619.9959,       456619.9959,       3.862740521,       938470.6566,       142.9711302,       544.0232823,         174.9357588,         0.2631264544,               0.5780677968,       934.0776893,       934.0776893,       725414.7166,       725414.7166,       63880.79475,        -0.2136157597,          0.2059119005,       196369.6006,        260250.3953,           366.0931001,            567.9845891,            231524.0778,             493890.6388
          0,           0,         191,       -3.86192568,        -1.8770104,      -1.711859972,      -1.608804979,       1.973940595,   -0.008399408395,   -0.008399408395,       1.453563935,       825.6762637,        456390.004,        456390.004,       3.858379522,       939213.4206,       143.0809805,       544.2789537,         175.1091826,         0.2605731866,               0.5787517061,       934.8169763,       934.8169763,       724918.2797,       724918.2797,        63458.6003,        -0.2139067792,          0.2055073708,       196465.7018,        259924.3021,           366.4365589,            568.3804174,            231715.0632,             493203.2165
          0,           0,         192,      -3.862153892,      -1.878120059,      -1.715352232,      -1.608696782,        2.00036643,   -0.009314874294,   -0.009314874294,       1.453316453,       826.4183705,        456168.294,        456168.294,       3.853737002,        939967.646,       142.8774956,       544.3662138,         175.2709801,         0.2589361517,               0.5794670675,       935.5676712,       935.5676712,         724016.18,         724016.18,       62909.90269,        -0.2142475428,          0.2049326685,       196629.1957,        259539.0984,           366.8410381,            568.7266331,            231988.0996,             492028.0804
          0,           0,         193,      -3.862560997,      -1.879407374,      -1.716391887,      -1.608555327,        1.98055595,   -0.009747195926,   -0.009747195926,       1.453799056,       827.3702788,       456248.3321,       456248.3321,       3.850738093,       941098.3556,       143.2188615,       544.8803114,         175.4174544,         0.2556643718,               0.5795704175,        936.693088,        936.693088,        724030.485,        724030.485,       62538.86635,        -0.2146331807,          0.2048859847,       196854.7329,        259393.5992,           367.3050247,            569.3880633,            232336.4507,             491694.0343
          0,           0,         194,      -3.861287557,      -1.879355704,      -1.716873793,      -1.606168643,       1.978721493,    -0.01055688871,    -0.01055688871,       1.453686599,       828.3460947,       456203.0045,       456203.0045,       3.846528425,       942123.7812,       143.1747155,       545.2001097,         175.5733032,         0.2537402195,               0.5797895005,       937.7137136,       937.7137136,       723245.5191,       723245.5191,       61918.42728,        -0.2150607146,          0.2045038258,       197142.2886,        259060.7159,           367.8294844,            569.8842292,            232758.5512,             490486.9679
          0,           0,         195,      -3.860292206,      -1.879443962,      -1.719793299,      -1.609209654,        2.06620466,    -0.01127283179,    -0.01127283179,       1.453399547,       829.3095619,       456281.2721,       456281.2721,       3.843726369,       943103.2262,       143.0903833,       545.3197498,         175.6860846,         0.2504729333,               0.5799906597,       938.6885738,       938.6885738,       722921.1332,       722921.1332,       61305.12832,        -0.2155251995,          0.2042523677,       197488.0719,        258793.2002,           368.4137617,            570.2748121,            233248.9165,             489672.2167
          0,           0,         196,      -3.860981946,      -1.880366865,      -1.720238217,      -1.604958009,        2.00827801,    -0.01175577267,    -0.01175577267,       1.453769614,       830.6234997,       456577.9811,       456577.9811,       3.840877419,       944623.7206,       143.4483289,        545.954984,         175.8263362,         0.2470415492,               0.5796093206,       940.2019509,       940.2019509,       723114.1807,       723114.1807,       60805.88814,        -0.2160262122,          0.2042704396,       197886.0465,        258691.9346,           369.0559382,            571.1460126,            233801.6401,             489312.5405
          0,           0,         197,      -3.861318966,      -1.880509741,      -1.720169249,      -1.604451085,       1.997444358,    -0.01209573624,    -0.01209573624,       1.453542196,       831.9439153,       457067.0796,       457067.0796,       3.839851538,       946034.4466,       143.6218488,       546.2432254,          175.890467,         0.2424389781,               0.5792839636,       941.6060733,       941.6060733,       723613.1392,       723613.1392,       60391.20314,        -0.2165584043,          0.2044626681,       198337.9382,        258729.1414,           369.7583409,            571.8477323,             234415.798,             489197.3412
          0,           0,         198,      -3.860990505,      -1.882060908,      -1.722998478,      -1.606215477,       2.017169266,    -0.01268047909,    -0.01268047909,       1.453090853,       833.2996747,       457506.8713,       457506.8713,       3.838173427,       947432.9945,       143.5758149,       546.5454672,         175.9634779,         0.2394714597,               0.5788743679,       942.9980746,       942.9980746,       723715.9055,       723715.9055,       59821.12554,        -0.2171161647,          0.2044356857,       198842.8729,        258663.9984,           370.5216161,            572.4764585,            235088.2936,             488627.6119
          0,           0,         199,      -3.859747867,      -1.879789199,      -1.721143635,      -1.603118229,       1.983934878,    -0.01318224129,    -0.01318224129,       1.453003477,       834.7754736,       458020.9334,       458020.9334,       3.836559806,       949036.8291,       143.7263626,       547.0603095,         175.9747663,         0.2363097039,               0.5779814107,       944.5944016,       944.5944016,        724128.029,        724128.029,       59232.86419,        -0.2176962548,          0.2045140135,       199394.0346,        258626.8988,           371.3430729,            573.2513288,            235811.6972,             488316.3317
          0,           0,         200,       -3.85960277,      -1.879973065,      -1.723282781,      -1.604883055,        2.02408324,    -0.01393769989,    -0.01393769989,       1.452363087,       836.1468937,       458456.9834,       458456.9834,       3.834641317,        950379.553,       143.4600777,       547.3464012,         175.9914563,           0.23458758,               0.5772701534,       945.9308402,       945.9308402,       723925.1454,       723925.1454,       58484.69772,        -0.2182963844,          0.2043586845,       199986.1429,        258470.8406,           372.2210003,            573.7098399,            236580.7006,             487344.4447
          0,           0,         201,      -3.860189091,        -1.8770513,      -1.722638729,      -1.603568943,       1.991448972,    -0.01439444828,    -0.01439444828,        1.45209741,       837.7522272,        458969.164,        458969.164,       3.832555432,       952085.6235,       143.5807581,       547.9569028,          175.950546,         0.2319394096,               0.5759904761,       947.6289246,       947.6289246,       723993.3598,       723993.3598,       57742.53226,        -0.2189157734,          0.2045213251,       200613.3159,        258355.8481,           373.1536173,            574.4753073,            237390.1426,             486603.2172
          0,           0,         202,      -3.859388776,       -1.87664511,      -1.719931213,      -1.604582046,       1.981365383,    -0.01457346048,    -0.01457346048,       1.452340115,       839.4489055,       459662.8498,       459662.8498,       3.831213332,       953993.6125,       144.0240365,       548.8111006,         175.8790002,         0.2282425963,               0.5743162047,       949.5279824,       949.5279824,       724624.6558,       724624.6558,       57122.73721,        -0.2195569194,          0.2049834589,       201270.0563,        258392.7935,           374.1397553,            575.3882272,            238236.5003,             486388.1555
          0,           0,         203,      -3.859059889,      -1.871979352,      -1.716232697,      -1.599299631,       1.993858663,    -0.01520210288,    -0.01520210288,       1.451983394,       840.8539105,       460061.2424,       460061.2424,       3.828915726,       955397.1548,       143.8472252,       549.2380005,         175.7516399,         0.2259053397,               0.5729055985,       950.9249548,       950.9249548,       724390.6747,       724390.6747,       56161.79044,        -0.2202264254,          0.2050243226,        201949.726,        258111.5164,           375.1779456,            575.7470092,            239116.6896,             485273.9851
          0,           0,         204,      -3.858960403,      -1.877411355,      -1.718565209,      -1.603887293,       1.978187877,    -0.01528039055,    -0.01528039055,       1.452896116,       842.4478776,       460729.9398,       460729.9398,       3.827881219,       957256.0607,       144.4261332,       550.2901007,         175.5793733,         0.2218577198,               0.5706842633,       952.7751592,       952.7751592,        725321.982,        725321.982,       55406.99189,        -0.2209201633,          0.2056397728,        202661.474,        258068.4659,           376.2747955,            576.5003636,            240037.4475,             485284.5344
          0,           0,         205,      -3.857689776,      -1.870368674,      -1.711903247,      -1.593395452,       1.997594353,    -0.01561538131,    -0.01561538131,       1.453759284,       843.9726676,       461148.2477,       461148.2477,       3.825274024,       959018.7023,       144.8358826,       551.2780558,         175.3605896,         0.2183536423,                 0.56839734,       954.5295498,       954.5295498,       725792.5513,       725792.5513,       54352.85747,        -0.2216353176,          0.2060199363,       203397.6951,        257750.5526,            377.426821,            577.1027289,             240991.305,             484801.2464
          0,           0,         206,      -3.857038922,      -1.872107798,      -1.716520524,      -1.600676464,       1.987493041,    -0.01578609122,    -0.01578609122,       1.454740965,        845.546909,       461737.2715,       461737.2715,        3.82372284,       960838.6443,       145.3325808,       552.3590873,         175.1081593,         0.2146288994,               0.5659253406,       956.3409727,       956.3409727,       726644.0434,       726644.0434,       53420.70764,        -0.2223654397,          0.2065793485,        204158.282,        257578.9896,           378.6348268,            577.7061459,            241975.7328,             484668.3106
          0,           0,         207,      -3.857009772,      -1.868179007,      -1.710209759,      -1.594303086,       2.005649703,    -0.01600374821,    -0.01600374821,       1.455811403,       847.1842986,       462325.9381,       462325.9381,       3.821848935,       962726.7542,       145.8584523,       553.4762493,         174.8156321,         0.2107617644,               0.5633249968,       958.2202444,       958.2202444,       727476.2855,       727476.2855,       52453.15531,        -0.2231044061,          0.2071006579,       204936.3914,        257389.5467,           379.8952157,            578.3250286,            242982.6386,             484493.6469
          0,           0,         208,      -3.855904253,       -1.86950957,      -1.711350003,      -1.600392951,       2.065953691,    -0.01624004426,    -0.01624004426,       1.456751483,        848.852213,       462932.0376,       462932.0376,       3.820036132,       964625.7823,       146.3157388,       554.5712517,         174.4890852,         0.2071294647,               0.5606860231,       960.1103832,       960.1103832,       728362.4182,       728362.4182,       51477.08438,        -0.2238457238,          0.2076056795,       205727.4766,         257204.561,           381.2050393,            578.9053439,            244005.8323,              484356.586
          0,           0,         209,      -3.856664998,      -1.868569182,      -1.711370415,      -1.599970159,       2.214306208,      -0.016305821,      -0.016305821,       1.458192744,       850.5668103,       463519.4729,       463519.4729,       3.817755532,       966665.4303,       146.9774607,        555.945828,          174.212384,         0.2038831971,               0.5579305145,       962.1404836,       962.1404836,       729365.9896,       729365.9896,       50450.77935,        -0.2245798359,          0.2082740149,       206534.3468,        256985.1261,           382.5644416,             579.576042,            245044.2199,             484321.7697
          0,           0,         210,      -3.856532405,      -1.866461749,      -1.709254381,      -1.596454427,       2.422450311,    -0.01604192069,    -0.01604192069,       1.459444367,        852.541915,       464380.0046,       464380.0046,        3.81669395,       968988.7792,       147.8243236,       557.4220507,         173.9042966,         0.1999673276,               0.5550354455,        964.452957,        964.452957,       730814.9256,       730814.9256,       49688.92586,        -0.2253026232,          0.2092607025,       207345.5394,        257034.4652,           383.9659851,            580.4869719,            246086.4739,             484728.4517
          0,           0,         211,      -3.855643424,      -1.865017331,      -1.705663305,      -1.597950788,       2.592221118,    -0.01572531435,    -0.01572531435,       1.461024774,       854.4402711,       465187.7274,       465187.7274,       3.815350063,       971249.0533,        148.719721,       558.9823177,         173.6110193,         0.1963170385,               0.5521553193,       966.7026507,       966.7026507,       732252.3317,       732252.3317,       48865.58171,        -0.2260096846,          0.2102843702,       208161.0728,        257026.6545,           385.4088485,            581.2938022,            247130.9135,             485121.4183
          0,           0,         212,      -3.855537322,      -1.861373934,      -1.704379949,       -1.59335578,       2.722791519,     -0.0155783668,     -0.0155783668,       1.462209534,        856.224157,       465773.1353,       465773.1353,       3.813076392,       973305.8617,       149.3701819,       560.3983646,         173.3332875,         0.1935504214,               0.5495341641,       968.7498313,       968.7498313,        733137.392,        733137.392,       47818.68066,        -0.2266971223,          0.2111187555,       208977.2273,         256795.908,           386.8898717,            581.8599596,            248173.0593,             484964.3327
          0,           0,         213,      -3.854917391,      -1.862202407,      -1.702866459,       -1.59561991,       2.349158789,    -0.01575715348,    -0.01575715348,       1.462886251,       857.9451895,       466203.7352,       466203.7352,       3.809708141,       975178.5385,       149.6219807,       561.5892306,         173.1205229,         0.1922384292,               0.5473906287,       970.6137421,       970.6137421,        733318.878,        733318.878,       46618.22318,        -0.2273622956,          0.2116051421,        209792.756,        256410.9792,           388.4070871,             582.206655,            249210.7812,             484108.0968
          0,           0,         214,      -3.853936388,      -1.859849677,      -1.700357338,      -1.593128397,       2.578994698,    -0.01556352057,    -0.01556352057,       1.464471063,       859.6639689,       466677.4984,       466677.4984,       3.806887566,       977236.5058,       150.3534109,       563.0856807,         172.9299458,         0.1896247063,               0.5450684719,       972.6620761,       972.6620761,       734283.2127,       734283.2127,       45464.95816,        -0.2280033733,          0.2124398528,       210606.2701,        256071.2283,           389.9587791,            582.7032969,            250242.3486,             484040.8641
          0,           0,         215,      -3.855329125,       -1.85838572,      -1.699576155,      -1.593375165,        2.75449565,    -0.01554273155,    -0.01554273155,       1.465617585,       861.4130433,       467071.8527,       467071.8527,       3.803231416,       979238.0026,       150.8500113,       564.4775456,         172.8117808,          0.188105081,               0.5431249911,       974.6542039,       974.6542039,       734668.1723,       734668.1723,       44239.20349,        -0.2286191815,            0.21307645,       211416.3246,        255655.5281,           391.5426676,            583.1115363,            251265.9518,             483402.2204
          0,           0,         216,      -3.854317426,      -1.858873234,      -1.696958849,      -1.591778424,       2.103757468,    -0.01538523056,    -0.01538523056,       1.466960867,        863.093312,       467475.2348,       467475.2348,       3.800137506,       981198.3856,       151.4261207,       565.8008205,         172.7448891,         0.1857074415,               0.5414668279,       976.6054104,       976.6054104,       735396.7565,       735396.7565,       43033.93774,        -0.2292091657,          0.2138239351,       212220.6485,        255254.5862,           393.1563021,            583.4491083,            252279.5124,             483117.2441
          0,           0,         217,      -3.856156091,      -1.858649493,      -1.697475122,      -1.593357135,       2.350930817,    -0.01534515235,    -0.01534515235,       1.468016437,       864.8081568,       467791.3996,       467791.3996,       3.796211677,       983135.2027,       151.8366043,       567.0900321,         172.7354736,         0.1843282061,               0.5400749585,       978.5331612,       978.5331612,       735671.7752,       735671.7752,        41756.3786,        -0.2297746578,          0.2144295054,       213017.5105,        254773.8891,           394.7977795,            583.7353817,            253282.0777,             482389.6975
          0,           0,         218,      -3.855294768,      -1.858382072,      -1.696074368,      -1.589722286,        2.63159603,    -0.01496203291,    -0.01496203291,       1.468697207,       866.8728965,       468375.6864,       468375.6864,        3.79338637,        985443.329,       152.4175502,       568.3860946,         172.7304757,         0.1818915186,               0.5387643097,       980.8304832,       980.8304832,       736386.6964,       736386.6964,       40762.98229,        -0.2303169754,          0.2153549425,        213806.352,        254569.3343,           396.4659938,            584.3644894,            254273.4919,             482113.2046
          0,           0,         219,      -3.853904329,      -1.854994945,      -1.692716206,      -1.589513733,       2.848892788,    -0.01432228627,    -0.01432228627,       1.470358132,       868.9940403,       469054.5559,       469054.5559,       3.790683013,       987973.9762,       153.4170009,       570.0988754,          172.745906,         0.1792729763,               0.5371686669,       983.3492846,       983.3492846,       737664.5036,       737664.5036,        39883.9336,        -0.2308374063,            0.21651512,       214585.3112,        254469.2448,           398.1590354,            585.1902492,            255252.6023,             482411.9013
          0,           0,         220,      -3.853094851,      -1.857317451,      -1.689028792,      -1.589504428,       2.242353486,     -0.0136061716,     -0.0136061716,        1.47228521,       871.1653089,       469788.3165,       469788.3165,        3.78818201,       990600.9315,       154.4940262,       571.9022384,         172.7984228,         0.1767823053,               0.5356599585,       985.9639431,       985.9639431,       739329.9278,       739329.9278,       39074.60326,        -0.2313361643,          0.2177299927,       215356.8566,        254431.4599,           399.8769006,            586.0870425,            256221.4912,             483108.4366
          0,           0,         221,      -3.854806785,      -1.854673536,      -1.687825472,      -1.590308426,       2.549374351,    -0.01312942324,    -0.01312942324,       1.474268865,       873.1581237,       470323.5942,       470323.5942,       3.784721393,       992958.9668,       155.2752621,        573.564523,         172.8876948,         0.1754873282,               0.5344638963,       988.3109405,       988.3109405,       740888.5496,       740888.5496,       38084.35878,        -0.2318135045,          0.2186840813,       216119.6177,        254203.9765,           401.6175094,             586.693431,            257179.0556,              483709.494
          0,           0,         222,      -3.853393509,      -1.851242555,      -1.685921992,      -1.586469996,       2.835546453,     -0.0123746323,     -0.0123746323,       1.477638807,       875.2265473,       470956.6598,       470956.6598,       3.781663837,       995524.3868,       156.3930498,       575.5105907,         173.0206846,         0.1737217438,               0.5331774173,       990.8643517,       990.8643517,       747459.0536,       747459.0536,         37216.321,        -0.2322706874,          0.2198960551,       216870.1694,        254086.4904,           403.3785092,            587.4858425,            258122.6783,             489336.3753
          0,           0,         223,      -3.853085579,      -1.851655561,      -1.684811513,       -1.58663732,       2.201821243,    -0.01146827635,    -0.01146827635,       1.494887862,       877.2291876,       471582.9873,       471582.9873,        3.77858783,       998155.1764,       157.7945434,       577.7085254,         173.1889023,         0.1716977888,               0.5318102689,       993.4828266,       993.4828266,        53504452.4,        53504452.4,       36358.50495,        -0.2327068954,           0.221238619,       217612.2412,        253970.7461,            405.160846,            588.3219807,            259054.9069,             53245397.49
          0,           0,         224,      -3.852328692,      -1.847334702,      -1.679472817,      -1.585601985,       2.104573898,    -0.01069524274,    -0.01069524274,       1.498510605,       879.2732012,       472146.1935,       472146.1935,       3.775355386,       1000701.156,       158.9043046,       579.5947601,         173.4192378,         0.1697868967,                0.530974557,       996.0168886,       996.0168886,       53394595.15,       53394595.15,       35457.65599,        -0.2331214773,          0.2224262345,       218344.2688,        253801.9248,            406.962146,            589.0547426,            259974.0225,             53134621.13
          0,           0,         225,      -3.852634385,      -1.845673626,      -1.680168573,      -1.584184053,       2.073962752,    -0.01006115046,    -0.01006115046,       1.503156812,       881.2648787,       472595.8243,       472595.8243,        3.77162943,       1003160.615,       159.8761145,       581.4068436,         173.7317679,          0.168358411,               0.5304843188,       998.4648354,       998.4648354,       53339184.51,       53339184.51,       34471.41765,        -0.2335170574,           0.223455907,       219062.2033,         253533.621,           408.7800473,            589.6847881,            260877.5176,             53078306.99
          0,           0,         226,      -3.846151899,      -1.831551588,      -1.671218587,      -1.579398145,       2.137089858,   -0.009716426494,   -0.009716426494,       1.506997713,       883.3413892,       472928.3458,       472928.3458,       3.767271778,       1005543.202,       160.4247197,       582.8686693,          174.279723,         0.1676628242,                0.530992925,       1000.836269,       1000.836269,       53475621.39,       53475621.39,        33378.6979,        -0.2338942858,          0.2241778593,       219774.8239,        253153.5218,           410.6177374,            590.2185313,            261772.7571,             53213848.63
          0,           0,         227,      -3.847774085,      -1.833154519,      -1.677593503,      -1.581184207,       2.503838168,   -0.009330883887,   -0.009330883887,       1.515856754,       885.5378152,        473307.571,        473307.571,       3.763137459,       1008064.054,       161.0623827,       584.3170525,         174.7351178,         0.1663678476,               0.5313184201,       1003.345321,       1003.345321,       58954822.57,       58954822.57,       32350.41488,        -0.2342533958,          0.2249225119,       220478.5781,        252828.9929,           412.4715489,            590.8737725,            262656.4172,             58692166.16
          0,           0,         228,      -3.846186184,      -1.831644563,       -1.67134782,      -1.577440896,       2.827528749,   -0.008922807584,   -0.008922807584,       1.516926008,       887.7924344,       473745.2072,       473745.2072,       3.758649216,       1010643.374,       161.7004459,       585.8307325,         175.4197585,         0.1655672774,               0.5322126136,       1005.912568,       1005.912568,       58926322.42,       58926322.42,       31392.62656,        -0.2345928428,          0.2256700352,       221176.2903,        252568.9169,            414.341744,            591.5708236,            263530.1759,             58662792.24
          0,           0,         229,      -3.844801506,      -1.828883393,       -1.66684238,      -1.575595267,       3.068101369,   -0.008336537955,   -0.008336537955,       1.583020335,       890.0229975,        474202.256,        474202.256,       3.755016403,        1013343.37,        162.622958,       587.3807143,          176.040633,         0.1632266986,               0.5329407164,       1008.599924,       1008.599924,   1.161083665e+10,   1.161083665e+10,       30471.21029,        -0.2349138327,          0.2265772948,       221865.5229,        252336.7332,           416.2261359,            592.3737885,            264392.2413,         1.161057225e+10
          0,           0,         230,      -3.843498398,       -1.81505946,      -1.660347278,      -1.576032325,       2.670389955,    -0.00795869261,    -0.00795869261,       1.584119254,       892.1905724,       474538.5597,       474538.5597,       3.750246306,       1015856.489,       163.2708848,       588.6266513,         176.7282994,         0.1609216097,               0.5341554013,        1011.10128,        1011.10128,   1.160611431e+10,   1.160611431e+10,        29445.8828,        -0.2352173967,          0.2272587041,       222546.3384,        251992.2212,           418.1234947,            592.9777849,            265242.9549,         1.160584907e+10
          0,           0,         231,      -3.843715765,      -1.802124929,      -1.656877372,      -1.576964317,       2.228277781,   -0.007496852142,   -0.007496852142,        1.55670406,       894.4964509,       475041.4626,       475041.4626,        3.74629994,        1018535.24,       163.9665425,       589.6540997,          177.505567,         0.1571369637,                0.535827573,       1013.767492,       1013.767492,        1250053542,        1250053542,        28597.2893,        -0.2355029807,          0.2280061286,       223222.0867,         251819.376,           420.0333719,            593.7341198,            266084.6522,              1249787457
          0,           0,         232,      -3.840770872,      -1.809878749,      -1.661226744,      -1.578166766,       2.179688437,   -0.006841127525,   -0.006841127525,        1.54396941,       896.8504436,        475525.817,        475525.817,       3.742125649,       1021401.141,       164.9702407,       591.2552511,         178.1093404,         0.1548948797,               0.5365273395,       1016.619977,       1016.619977,       283761654.5,       283761654.5,       27747.20459,        -0.2357703439,          0.2289292163,       223889.3062,        251636.5108,           421.9533495,            594.6666277,              266914.16,             283494740.3
          0,           0,         233,       -3.84177862,      -1.749403982,      -1.653148427,      -1.559987909,       2.213337415,   -0.006295725427,   -0.006295725427,       1.536268283,       899.2132746,       475930.5099,       475930.5099,        3.73733243,       1024218.397,        165.803306,       592.8260124,         178.7009131,         0.1536370407,                 0.53723916,       1019.424045,       1019.424045,       113230209.4,       113230209.4,       26836.32185,        -0.2360196909,          0.2297239654,        224547.094,        251383.4159,           423.8824762,            595.5415691,            267730.6913,             112962478.7
          0,           0,         234,      -3.840512672,      -1.809522021,      -1.671612737,      -1.580542198,       2.411686539,   -0.005661870287,   -0.005661870287,       1.550256356,       901.4319051,       476465.4643,       476465.4643,       3.733736034,       1026918.393,       166.7177539,       593.9012082,          179.664014,         0.1490433177,               0.5393745341,       1022.111403,       1022.111403,       363052653.8,       363052653.8,       26075.01614,        -0.2362527619,          0.2305908916,       225195.2241,        251270.2402,           425.8206078,            596.2907948,            268534.5444,             362784119.3
          0,           0,         235,      -3.841245316,      -1.814970684,       -1.67761526,      -1.578348143,       2.161611251,   -0.004744846673,   -0.004744846673,       1.585185822,       904.0394719,       477128.8281,       477128.8281,       3.730065324,       1030101.365,       167.9038449,       595.7685287,         180.2866226,         0.1474193446,               0.5399003537,       1025.279476,       1025.279476,        5692156764,        5692156764,       25464.13059,        -0.2364715375,          0.2317266908,       225832.3487,        251296.4793,           427.7679135,            597.5115626,            269325.3465,              5691887439
          0,           0,         236,      -3.842136948,      -1.820250211,      -1.681210181,      -1.579561243,       2.176488579,   -0.004098628278,   -0.004098628278,       1.557920839,       906.4156335,       477654.4053,       477654.4053,         3.7258231,       1032903.784,       168.6964607,       597.3633097,         181.0018142,         0.1467149009,               0.5409220716,       1028.068777,       1028.068777,       659951903.2,       659951903.2,       24728.33863,        -0.2366758133,           0.232577185,       226463.0334,         251191.372,            429.726328,            598.3424489,            270106.7575,             659681796.4
          0,           0,         237,      -3.842575787,      -1.821552855,      -1.681563898,      -1.577717483,        2.52942506,   -0.003463877252,   -0.003463877252,       1.544163592,       908.9100028,       478217.4635,       478217.4635,       3.721324328,       1035838.815,       169.4633756,       598.9928767,         181.8782679,         0.1463632809,                0.542317685,       1030.990069,       1030.990069,       157866143.9,       157866143.9,       24056.30028,        -0.2368670854,          0.2334032081,       227080.5816,        251136.8819,           431.6919123,            599.2981565,            270873.6864,             157595270.2
          0,           0,         238,      -3.841202163,      -1.818508518,      -1.673994678,      -1.573134485,       2.854132982,   -0.002810298076,   -0.002810298076,       1.536334281,       911.4359111,       478755.1088,       478755.1088,       3.716603869,       1038800.134,       170.2364856,       600.6021879,         182.6243997,         0.1459059296,               0.5433985258,       1033.937526,       1033.937526,       76736159.52,       76736159.52,       23373.08951,        -0.2370433458,          0.2342330478,       227691.0096,        251064.0992,           433.6680666,            600.2694594,            271630.5243,             76464528.99
          0,           0,         239,      -3.840865915,      -1.811597665,      -1.671817339,      -1.573256194,       2.150544725,   -0.002379060964,   -0.002379060964,       1.531706854,        913.846652,       479152.5597,       479152.5597,       3.711083518,       1041569.087,       170.7700724,       601.7371894,         183.2028051,          0.144247148,               0.5444938289,       1036.693517,       1036.693517,       59041295.25,       59041295.25,       22568.11588,        -0.2372031297,          0.2348240687,       228292.2219,        250860.3378,           435.6534768,            601.0400406,            272374.8219,             58768920.43
          0,           0,         240,      -3.842567122,      -1.809129704,       -1.67959225,      -1.574947384,       2.087432775,   -0.001687781069,   -0.001687781069,       1.524106568,       916.4409184,       479671.8887,       479671.8887,       3.706154362,       1044651.018,       171.6217099,       603.5254673,         183.7066372,         0.1444571775,               0.5447853466,       1039.761021,       1039.761021,       10669354.18,       10669354.18,       21898.63504,        -0.2373451733,          0.2356573923,       228886.6268,        250785.2619,           437.6494618,            602.1115597,            273108.1183,             10396246.06
          0,           0,         241,      -3.842055074,      -1.808796063,      -1.684590194,      -1.579560607,       2.049756309,   -0.001258773918,   -0.001258773918,        1.51897938,       919.0435307,       480127.2751,       480127.2751,       3.700799454,         1047565.9,       172.0322196,        604.961579,         184.2239203,         0.1454339613,               0.5454312283,       1042.662259,       1042.662259,       3473928.553,       3473928.553,       21177.97302,         -0.237467199,          0.2362084251,       229474.6511,        250652.6241,           439.6557318,            603.0065273,            273829.7071,             3200098.846
          0,           0,         242,      -3.842238779,      -1.805145404,      -1.690383137,       -1.58185292,       2.044734167,  -0.0005634007505,  -0.0005634007505,       1.517420604,       921.8751027,       480810.0459,       480810.0459,       3.696471885,       1050790.281,       172.6713016,       606.4421914,          184.797471,         0.1453628945,               0.5461664783,       1045.871547,       1045.871547,       1620830.204,       1620830.204,       20701.30769,        -0.2375694254,          0.2370060247,       230054.3691,        250755.6768,            441.671322,            604.2002255,            274537.9225,             1346292.282
          0,           0,         243,      -3.842392276,      -1.813007168,      -1.693147329,      -1.577248708,       2.034057635,   0.0001253573642,   0.0001253573642,       1.518014529,       924.7998675,       481419.3137,       481419.3137,       3.691684941,       1054162.491,       173.3507846,       607.9969205,          185.380613,         0.1455691557,               0.5468459222,       1049.227972,       1049.227972,       1142801.292,       1142801.292,       20165.81404,        -0.2376503632,          0.2377757205,       230626.7498,        250792.5639,           443.6972329,            605.5307391,             275233.083,             867568.2092
          0,           0,         244,      -3.842538748,      -1.823207318,      -1.693907939,      -1.578260647,       2.007594105,   0.0006721086529,   0.0006721086529,       1.518936649,       927.5905854,        481975.587,        481975.587,       3.686936116,       1057281.766,       173.7782245,         609.27118,         185.8724439,         0.1457876286,               0.5475451709,       1052.332646,       1052.332646,       1049689.222,       1049689.222,        19597.7258,        -0.2377099715,          0.2383820802,       231188.9306,        250786.6564,           445.7318577,            606.6007881,            275912.7505,              773776.471
          0,           0,         245,      -3.842239203,      -1.831868985,      -1.695136958,      -1.576792894,       2.262366486,    0.001212534401,    0.001212534401,       1.519042466,       930.2559897,       482520.4092,       482520.4092,       3.682473771,       1060210.936,       174.0901301,       610.4061796,         186.3091929,         0.1459849979,               0.5482232302,       1055.248104,       1055.248104,       1014236.866,       1014236.866,       19038.85067,         -0.237748036,          0.2389605704,       231740.7792,        250779.6299,           447.7770402,            607.4710636,            276576.9293,             737659.9365
          0,           0,         246,      -3.842350639,       -1.84255986,      -1.690024321,      -1.574330421,       2.013846434,    0.001715873209,    0.001715873209,       1.518282078,         932.95516,       483051.0689,       483051.0689,       3.677875256,       1063177.144,       174.3692109,       611.4607505,          186.771599,         0.1460157605,               0.5490243867,       1058.200428,       1058.200428,       932281.2377,       932281.2377,       18482.98413,        -0.2377632953,          0.2394791685,       232284.0424,        250767.0265,           449.8342971,            608.3661307,            277226.7091,             655054.5287
          0,           0,         247,      -3.842289276,       -1.83899636,      -1.694930569,       -1.57848413,        1.99903773,    0.002381630041,    0.002381630041,       1.517645082,       935.7333245,       483678.0309,       483678.0309,       3.673674709,       1066269.313,       174.7789635,       612.4769683,         187.2316984,         0.1451191927,               0.5498405207,       1061.278122,       1061.278122,       879204.2757,       879204.2757,       18047.19151,        -0.2377560979,          0.2401377279,       232815.4197,        250862.6112,           451.9015632,            609.3765589,            277859.4237,              601344.852
          0,           0,         248,      -3.842104144,      -1.846093379,      -1.687911657,      -1.572825578,       1.985072173,    0.002868407174,    0.002868407174,       1.516925342,       938.4914312,       484255.2558,       484255.2558,       3.669243215,       1069275.633,       174.9916256,       613.3116235,         187.6685831,         0.1444444573,               0.5507502922,       1064.270369,       1064.270369,       855430.1037,       855430.1037,       17587.97285,        -0.2377256391,          0.2405940463,       233333.6415,        250921.6143,           453.9781871,            610.2921822,            278473.6872,             576956.4165
          0,           0,         249,      -3.842346526,      -1.774694331,      -1.579773833,      -1.568077581,       1.985344694,    0.003292635542,    0.003292635542,       1.516501332,       941.2127623,       484733.3374,       484733.3374,       3.664256323,       1072252.424,       175.1897693,       614.1249269,         188.1458235,         0.1438069244,                0.551763709,       1067.233226,       1067.233226,        841160.481,        841160.481,       17055.97035,        -0.2376709171,          0.2409635526,       233838.6835,        250894.6539,           456.0646312,            611.1685949,            279069.1982,             562091.2828
          0,           0,         250,      -3.841391299,      -1.814766657,      -1.661240328,      -1.574976792,       2.004469671,    0.003801953283,    0.003801953283,       1.516028309,       944.0433044,       485283.3006,       485283.3006,       3.659570014,       1075357.796,       175.4400154,       614.8609911,         188.5451792,         0.1425018811,                0.552640463,       1070.324062,       1070.324062,       827318.8396,       827318.8396,       16623.51806,        -0.2375910891,          0.2413930424,       234329.8912,        250953.4093,           458.1612049,            612.1628568,            279645.2308,             547673.6088
          0,           0,         251,      -3.841041225,      -1.807262749,      -1.673299895,      -1.580788915,       2.000399342,    0.004336589245,    0.004336589245,       1.515807735,       946.9171581,       485809.5002,       485809.5002,       3.654572252,       1078543.058,       175.7319215,       615.6714339,          189.018725,         0.1414300442,               0.5536169987,       1073.494413,       1073.494413,       815213.7063,       815213.7063,       16197.47726,         -0.237485497,          0.2418220862,       234806.0115,        251003.4887,           460.2675072,            613.2269062,            280200.6004,             535013.1059
          0,           0,         252,      -3.840559217,      -1.823812822,      -1.694700922,      -1.581200195,       1.978020919,     0.00503376857,     0.00503376857,       1.516081974,       949.9076459,       486342.0557,       486342.0557,       3.649594919,       1081957.334,       176.2479336,       616.7182517,         189.4710414,         0.1404077734,               0.5543108985,       1076.892707,       1076.892707,       806515.8738,       806515.8738,        15810.8834,        -0.2373536929,          0.2423874615,       235265.5861,        251076.4695,           462.3830453,            614.5096619,            280734.0024,             525781.8714
          0,           0,         253,      -3.840739498,      -1.831401831,      -1.702449963,      -1.581166429,       2.014560027,    0.005562607322,    0.005562607322,       1.515999238,          952.7594,       486837.0761,       486837.0761,         3.6447469,       1085094.898,        176.506611,       617.4823354,         189.8496112,         0.1393970414,               0.5550669246,       1080.015585,       1080.015585,       799653.0057,       799653.0057,       15419.58785,        -0.2371936547,           0.242756262,       235708.7441,         251128.332,           464.5094202,            615.5061648,            281244.9365,             518408.0692
          0,           0,         254,      -3.839814762,      -1.837603265,      -1.700009148,      -1.583927158,       2.012425663,    0.006011085844,    0.006011085844,       1.515943439,       955.5638676,       487324.3807,       487324.3807,       3.639803199,       1088161.758,       176.7063706,       618.1722354,         190.2575049,         0.1384074852,               0.5559477911,       1083.068089,       1083.068089,       794379.6056,       794379.6056,       15052.05571,        -0.2370034865,          0.2430145723,       236136.1625,        251188.2182,           466.6478971,            616.4201916,            281733.1302,             512646.4754
          0,           0,         255,      -3.839313334,      -1.834265445,      -1.702476585,      -1.582685248,       2.000348267,    0.006320466792,    0.006320466792,       1.515683365,        958.357944,       487771.8278,       487771.8278,        3.63472528,       1091168.996,       176.7653917,       618.7690525,         190.7046985,         0.1378117644,               0.5569951026,        1086.06125,        1086.06125,       789952.2244,       789952.2244,       14678.00526,        -0.2367824041,          0.2431028708,       236546.9112,        251224.9165,           468.7985374,            617.2627123,            282197.4321,             507754.7922
          0,           0,         256,      -3.838791426,      -1.470491738,      -1.450121126,       -1.53358106,       2.006270186,    0.006873499112,    0.006873499112,       1.515865222,       961.3152966,       488280.1875,       488280.1875,       3.629797844,       1094483.917,       177.1914197,       619.6984175,         191.1435154,         0.1370122582,               0.5577050181,       1089.360654,       1089.360654,       786947.8796,       786947.8796,       14397.27554,        -0.2365291793,          0.2434026784,        236941.456,        251338.7315,           470.9621443,            618.3985093,            282637.8228,             504310.0568
          0,           0,         257,      -3.839539823,      -1.843204914,      -1.703284006,      -1.585517261,        2.14307448,    0.007206357303,    0.007206357303,       1.516069077,       963.9834668,       488591.1262,       488591.1262,        3.62433837,       1097436.253,       177.4058927,        620.406085,         191.6125333,         0.1363272552,               0.5586772997,        1092.29917,        1092.29917,       784772.2352,       784772.2352,       13952.37007,        -0.2362433187,           0.243449676,       237319.3781,        251271.7482,           473.1388788,            619.1602909,            283053.7471,              501718.488
          0,           0,         258,      -3.836273125,      -1.201895645,      -1.246072934,      -1.464638645,       2.118533291,    0.007635553641,    0.007635553641,       1.516248683,       966.6407824,       488885.6086,       488885.6086,       3.619114696,       1100392.239,       177.6505579,        621.146132,         192.1599197,         0.1357302451,               0.5597982231,       1095.241319,       1095.241319,       783492.3339,       783492.3339,       13528.79774,         -0.235925374,          0.2435609276,       237678.4054,        251207.2032,           475.3266761,            619.9146428,            283443.5272,             500048.8067
          0,           0,         259,      -3.838651749,      -1.781228499,      -1.675295708,      -1.581970466,       2.119133173,    0.007758268519,    0.007758268519,        1.51572952,        969.295843,       489070.7953,       489070.7953,       3.613220605,       1103204.139,       177.5039512,       621.4909035,         192.8033763,         0.1353246599,               0.5615012306,       1098.040056,       1098.040056,       782138.7578,       782138.7578,       13031.59547,         -0.235574878,          0.2433331465,       238019.5999,        251051.1954,           477.5264747,            620.5135815,            283807.6956,             498331.0623
          0,           0,         260,      -3.836478282,      -1.841428046,      -1.701971002,      -1.583942876,       2.125121529,    0.008023887935,    0.008023887935,       1.515264002,       972.0048332,       489292.3786,       489292.3786,       3.607486655,       1106100.656,       177.4408901,       621.8686339,          193.484168,         0.1346746301,               0.5632524727,       1100.923015,       1100.923015,       781332.0508,       781332.0508,       12616.08042,         -0.235192946,          0.2432168339,       238338.1491,        250954.2295,           479.7355457,            621.1874691,             284142.628,             497189.4228
          0,           0,         261,      -3.837365839,      -1.025320129,      -1.092215194,      -1.399295329,       2.119364632,     0.00824885451,     0.00824885451,       1.514849816,       974.5993381,       489464.3377,       489464.3377,       3.601515667,       1108824.422,       177.2363932,       622.0908909,         194.2890112,         0.1340864639,                0.565436844,       1103.634031,       1103.634031,         780716.76,         780716.76,       12186.78587,        -0.2347785576,          0.2430274122,       238638.7759,        250825.5618,           481.9564192,            621.6776119,            284451.7844,             496264.9756
          0,           0,         262,      -3.830453361,     -0.9913426119,     -0.7137765414,      -1.017790429,       2.223679138,    0.008486148894,    0.008486148894,       1.514170405,       977.3882922,       489601.6532,       489601.6532,        3.59505282,       1111773.394,       177.0631154,        622.348922,         195.2362272,         0.1335928145,               0.5679240832,       1106.569199,       1106.569199,       780087.9833,       780087.9833,       11764.41756,        -0.2343320192,          0.2428181681,       238918.6178,        250683.0354,           484.1875718,            622.3816274,            284732.7525,             495355.2308
          0,           0,         263,      -3.829364774,     -0.9769064038,     -0.7238918569,       -1.02921521,        2.19371441,    0.008985944339,    0.008985944339,       1.513670905,       980.2505304,       489798.6491,       489798.6491,       3.588873223,       1114865.045,       177.0897652,       622.7948068,         196.3268548,         0.1330654615,               0.5705748005,       1109.646379,       1109.646379,       779704.5862,       779704.5862,       11440.42676,        -0.2338536899,          0.2428396343,       239179.1112,        250619.5379,           486.4299422,            623.2164364,            284986.6843,             494717.9019
          0,           0,         264,      -3.822130291,      -1.034822375,      -0.754625812,      -1.057615677,        2.26686558,    0.009655077819,    0.009655077819,       1.512944627,       983.3818351,       490108.1027,       490108.1027,        3.58286778,       1118263.229,       177.2444551,       623.1903434,         197.3336993,         0.1316256221,               0.5730536845,       1113.028656,       1113.028656,       779572.2476,       779572.2476,       11268.48014,        -0.2333437341,          0.2429988119,       239419.8113,        250688.2914,           488.6839512,            624.3447044,             285213.069,             494359.1785
          0,           0,         265,      -3.831468212,      -1.252836714,      -1.175823553,      -1.400404507,       2.251582598,     0.01092675653,     0.01092675653,         1.5130485,       986.9277375,       490766.7049,       490766.7049,       3.577982946,       1122340.688,       178.0513221,       624.0951615,         198.4748217,         0.1293284322,               0.5753680811,       1117.087028,       1117.087028,       780671.7252,       780671.7252,       11485.23572,         -0.232802709,          0.2437294655,       239640.7346,        251125.9703,           490.9498221,            626.1372057,            285412.0946,             495259.6306
          0,           0,         266,      -3.825268705,      -1.814664884,      -1.685352426,      -1.575165897,       2.280517036,     0.01168735249,     0.01168735249,       1.512776439,       990.1740454,       491092.8431,       491092.8431,       3.571639219,       1125934.922,        178.317878,       624.5911546,         199.7897667,         0.1280031314,               0.5784746439,       1120.664437,       1120.664437,       780915.1999,       780915.1999,       11406.83551,        -0.2322296812,          0.2439170337,       239843.0038,        251249.8393,           493.2280217,            627.4364152,            285584.1798,             495331.0201
          0,           0,         267,      -3.828425695,      -1.337658746,      -1.244941642,        -1.4231331,       2.284143184,     0.01270844224,     0.01270844224,       1.512769028,       993.7481311,       491513.6376,       491513.6376,       3.565247402,       1129988.786,       178.8485131,       625.5097311,         201.1410631,         0.1275603581,               0.5812530111,       1124.699325,       1124.699325,       781468.9732,       781468.9732,        11462.7211,        -0.2316251559,          0.2443335981,       240025.4583,        251488.1794,           495.5188572,            629.1804681,            285728.4317,             495740.5414
          0,           0,         268,      -3.785230229,      -1.302260521,      -1.011260394,      -1.283586499,       2.252354616,     0.01351550005,     0.01351550005,       1.512494884,       997.0930572,         491870.96,         491870.96,       3.558899187,        1133692.57,       179.0926583,       626.2466967,         202.4642661,         0.1278646094,               0.5841168981,       1128.385771,       1128.385771,       781850.4289,       781850.4289,       11490.28669,        -0.2309897772,          0.2445052772,       240190.3366,        251680.6233,           497.8232833,             630.562488,            285846.9013,             496003.5275
          0,           0,         269,      -3.797040124,      -1.446138583,      -1.221340629,      -1.419316191,       2.219438291,     0.01442669732,     0.01442669732,       1.512397112,       1000.507444,       492280.9368,       492280.9368,       3.552882066,       1137510.666,       179.4152279,       627.0397685,         203.8142747,         0.1281129563,               0.5869746784,       1132.185995,       1132.185995,       782490.1508,       782490.1508,       11610.58891,        -0.2303254507,          0.2447521481,        240335.174,        251945.7629,           500.1391426,            632.0468522,            285937.9856,             496552.1652
          0,           0,         270,      -3.816609095,      -1.711638942,      -1.514971927,      -1.540673241,       2.233088358,     0.01513137599,     0.01513137599,       1.511899591,       1003.942645,       492600.1737,       492600.1737,       3.546237756,       1141277.706,       179.5455965,       627.4215657,         204.9104064,         0.1273446553,               0.5895943736,       1135.935402,       1135.935402,       782782.7849,       782782.7849,       11675.81188,        -0.2296316629,          0.2447630388,       240462.1809,        252137.9928,           502.4681386,            633.4672635,             286003.382,             496779.4029
          0,           0,         271,       -3.79352232,     -0.4069785052,     -0.4753381426,     -0.8835157375,       2.248724116,       0.015677626,       0.015677626,       1.511048745,       1007.326113,       492754.0956,       492754.0956,       3.539032168,       1144896.602,       179.4300045,       627.8803314,            206.1629,         0.1284365211,               0.5925063121,       1139.537357,       1139.537357,       782564.2322,       782564.2322,       11615.99282,        -0.2289108218,          0.2445884478,       240569.0514,        252185.0442,           504.8085963,            634.7287611,            286041.7087,             496522.5235
          0,           0,         272,      -3.795362434,      -1.417975817,      -1.155087266,      -1.382467601,       2.281437109,     0.01610116736,     0.01610116736,       1.509903618,       1010.801282,         492911.87,         492911.87,       3.531640588,       1148560.716,       179.1771472,       628.1474673,         207.4634729,         0.1293466903,               0.5957073439,        1143.18432,        1143.18432,        782191.713,        782191.713,       11597.30673,        -0.2281641584,          0.2442653257,       240657.2816,        252254.5884,           507.1617108,            636.0226091,            286054.5755,             496137.1375
          0,           0,         273,      -3.801087425,     -0.2181406914,     -0.2835284006,     -0.7046924952,        2.30742887,     0.01650157847,     0.01650157847,       1.509069822,       1014.157126,       492929.5973,       492929.5973,       3.523926827,       1152163.133,       178.9954937,       628.6562092,         208.7155951,         0.1312096949,               0.5985405704,       1146.769875,       1146.769875,        781800.331,        781800.331,       11477.71609,        -0.2273933148,          0.2438948933,       240725.9406,        252203.6567,           509.5264907,             637.243384,            286041.5391,             495758.7918
          0,           0,         274,      -3.735771503,     -0.4555162045,      -0.488969082,     -0.9035860582,       2.349907431,     0.01667109346,     0.01667109346,       1.507662502,        1017.47417,       492902.7621,       492902.7621,       3.515759367,       1155601.015,       178.4880121,       628.8862446,         209.9949816,         0.1334703636,               0.6017013676,       1150.191664,       1150.191664,        781036.068,        781036.068,       11352.45235,         -0.226598962,          0.2432700555,       240775.1549,        252127.6072,           511.9031662,            638.2884977,            286002.8072,             495033.2608
          0,           0,         275,      -3.738551705,      -1.134195418,     -0.8951946582,      -1.259624451,       2.378581526,     0.01700207986,     0.01700207986,       1.506400493,       1020.760128,       492977.6133,       492977.6133,       3.508159313,       1159012.171,       178.0355092,       629.1293821,         211.2495557,          0.135580802,               0.6047778756,       1153.586852,       1153.586852,       780561.2131,       780561.2131,       11361.34793,         -0.225781271,          0.2427833509,       240808.1327,        252169.4806,           514.2932145,             639.293638,            285941.2774,             494619.9357
          0,           0,         276,      -3.749978008,     -0.3412463676,     -0.4126086788,     -0.8197008735,       2.446726142,     0.01712791732,     0.01712791732,       1.504441832,       1023.879347,       492998.2351,       492998.2351,       3.500496849,       1162059.756,       177.1763103,       628.7079237,         212.5396324,         0.1364803015,               0.6085986466,       1156.620171,       1156.620171,       779564.0755,       779564.0755,       11351.12308,        -0.2249423738,          0.2420702911,        240823.556,        252174.6791,           516.6955685,            639.9246027,            285856.5022,             493707.5733
          0,           0,         277,      -3.739394803,     -0.4960406558,     -0.5546002266,     -0.9846143985,       2.602956195,     0.01759802402,     0.01759802402,       1.502383821,       1027.602472,       493361.6089,       493361.6089,       3.493473779,       1165839.031,       176.6561027,       628.7073195,         213.7871837,         0.1377914778,               0.6118881988,       1160.381755,       1160.381755,       779066.8155,       779066.8155,       11716.24734,        -0.2240833586,          0.2416813826,       240822.6808,        252538.9281,           519.1108684,            641.2708869,             285749.983,             493316.8325
          0,           0,         278,      -3.720171081,      -0.533069974,     -0.5929806493,      -1.021119329,       2.497570781,     0.01768961868,     0.01768961868,       1.500036458,       1031.375679,       493388.6547,       493388.6547,       3.484756062,       1169650.802,       175.9017051,       628.7401706,         215.0132835,         0.1406169417,                0.615084722,       1164.175684,       1164.175684,       777892.2572,       777892.2572,       11783.64651,        -0.2232080354,          0.2408976541,       240802.5041,        252586.1506,           521.5377348,            642.6379487,            285620.2416,             492272.0156
          0,           0,         279,      -3.710100117,     -0.5772608788,     -0.6234857794,       -1.04471956,       2.668563586,     0.01756605179,     0.01756605179,       1.497123519,       1034.975307,       493430.0247,       493430.0247,       3.476287222,       1173095.235,        174.763495,       628.2408538,         216.1959965,         0.1428702981,               0.6187173019,       1167.603993,       1167.603993,       776525.0758,       776525.0758,       11884.25206,        -0.2223122917,          0.2398783435,       240772.8863,        252657.1384,           523.9821218,            643.6218712,              285474.86,             491050.2159
          0,           0,         280,      -3.680039179,      -1.471186073,      -1.366917201,      -1.401658791,       2.837065768,     0.01784633379,     0.01784633379,       1.494922862,       1038.596541,       493673.7256,       493673.7256,       3.469036089,       1176711.694,        174.065426,       627.9302027,         217.3799608,         0.1436932403,               0.6221583808,       1171.203524,       1171.203524,       776016.2657,       776016.2657,       12218.26106,        -0.2213996518,          0.2392459856,       240727.7323,        252945.9933,           526.4398162,            644.7637078,            285309.3938,             490706.8719
          0,           0,         281,      -3.629159625,      -1.060997203,     -0.8387881503,      -1.097182554,       2.656977058,     0.01793218422,     0.01793218422,       1.492494029,       1042.413255,       493863.2678,       493863.2678,       3.461189864,        1180518.38,       173.2722252,       627.5017287,         218.5824807,         0.1444908263,               0.6257674285,       1174.992391,       1174.992391,       775324.7061,       775324.7061,       12523.15483,        -0.2204700657,          0.2384022499,       240670.0565,        253193.2113,           528.9123206,            646.0800699,            285126.5194,             490198.1867
          0,           0,         282,      -3.622276944,     -0.2124170814,     -0.2695329808,     -0.6696448386,       2.814848038,     0.01805331366,     0.01805331366,       1.490418483,       1046.181111,       493920.0766,       493920.0766,       3.452687841,       1184356.783,       172.6460387,       627.1829992,         219.8539747,         0.1449675029,               0.6294294613,       1178.812826,       1178.812826,       774617.3851,       774617.3851,       12725.16313,         -0.219526096,          0.2375794097,       240597.4567,        253322.6198,           531.3970638,            647.4157621,            284924.9055,             489692.4796
          0,           0,         283,      -3.627562545,     -0.2594842876,     -0.2816850331,     -0.6596965315,       2.997920808,     0.01848646738,     0.01848646738,       1.489446093,       1049.752043,       493910.7281,       493910.7281,       3.444208023,       1188197.257,       172.5724092,       627.3487177,         221.1089101,         0.1449593297,               0.6325305172,       1182.635323,       1182.635323,       774384.3871,       774384.3871,       12885.50782,         -0.218569451,          0.2370559184,       240512.6101,         253398.118,           533.8952723,            648.7400508,            284707.6821,              489676.705
          0,           0,         284,      -3.677053789,     -0.7783896425,     -0.7476641487,      -1.118931468,       3.216981077,      0.0191927329,      0.0191927329,       1.489306302,       1053.320548,       493859.1698,       493859.1698,       3.435499003,       1192230.514,        172.912837,       627.9261195,         222.4279409,         0.1448520896,               0.6353366222,       1186.649701,       1186.649701,       774494.5823,       774494.5823,       13028.36395,         -0.217601325,          0.2367940579,       240415.4029,        253443.7669,           536.4073528,            650.2423477,            284475.0869,             490019.4954
          0,           0,         285,       -3.73153118,     -0.8388767158,     -0.5998088345,     -0.8882021119,       3.436055656,     0.01965578626,     0.01965578626,       1.488732171,       1056.678513,       493837.9872,       493837.9872,       3.427061622,       1195888.739,       172.9513699,       628.0053752,         223.6798298,         0.1438041869,               0.6385041042,       1190.290801,       1190.290801,       774567.2371,       774567.2371,       13222.16827,        -0.2166224619,          0.2362782482,       240307.9095,        253530.0777,           538.9349202,             651.355881,            284229.2088,             490338.0284
          0,           0,         286,      -3.629238243,     -0.6363939643,     -0.5340750673,     -0.8734392751,       3.205002302,      0.0197802907,      0.0197802907,       1.487388018,       1059.826586,       493683.8456,       493683.8456,       3.418143153,       1199111.726,       172.4954269,       627.6301655,         224.8831373,         0.1431168615,               0.6420425359,       1193.498702,       1193.498702,       773988.7286,       773988.7286,       13305.49016,        -0.2156352064,          0.2354154971,       240189.1777,        253494.6679,           541.4771017,            652.0215999,            283969.8843,             490018.8444
          0,           0,         287,      -3.771038205,     -0.7055076365,     -0.7546283218,      -1.132824228,        3.26262997,     0.02033407693,     0.02033407693,       1.486906256,        1062.99728,       493571.4817,       493571.4817,       3.409660724,       1202564.848,       172.5693472,       627.7921971,         226.0388165,          0.142332765,               0.6448721294,        1196.93566,        1196.93566,       773953.4465,       773953.4465,        13451.1297,        -0.2146408294,          0.2349749063,        240060.176,        253511.3057,           544.0345366,            652.9011231,            283698.3463,             490255.1002
          0,           0,         288,      -3.732811549,     -0.3016000736,     -0.3455052435,     -0.7246000369,       3.053010926,     0.02025049931,     0.02025049931,        1.48584861,       1065.946991,       493151.2838,       493151.2838,       3.399829869,       1205634.964,       172.1258795,       627.5021107,         227.1538246,         0.1420289728,               0.6480950554,       1199.991404,       1199.991404,       773134.9078,       773134.9078,       13310.59194,        -0.2136406088,          0.2338911081,       239920.3459,        253230.9379,           546.6072721,            653.3841323,             283414.458,             489720.4499
          0,           0,         289,      -3.610277041,     -0.6011607128,      -0.467996799,     -0.7980257533,       3.075126433,     0.02081701976,     0.02081701976,       1.485464107,       1069.372611,       493051.5683,       493051.5683,       3.390799256,       1209428.704,       172.3146401,       627.8589412,         228.2832896,         0.1416324133,               0.6506291264,       1203.767386,       1203.767386,       773110.9302,       773110.9302,       13510.10538,        -0.2126353817,          0.2334524014,       239770.7315,        253280.8368,           549.1953851,            654.5720011,            283119.4074,             489991.5228
          0,           0,         290,      -3.725463761,     -0.6055365422,     -0.5067130684,     -0.8784865843,       3.369739799,     0.02119609393,     0.02119609393,       1.485114108,       1072.307638,        492743.538,        492743.538,        3.38184827,       1212591.532,       172.2648925,       627.9758022,         229.3525928,         0.1412915406,               0.6532734499,       1206.915409,       1206.915409,        772702.496,        772702.496,        13516.8809,         -0.211625575,          0.2328216689,       239613.3286,        253130.2095,           551.8009841,            655.1144249,            282815.1086,             489887.3874
          0,           0,         291,      -3.572248709,     -0.4354177633,     -0.4321623658,     -0.8934769359,       3.139244656,     0.02169284717,     0.02169284717,        1.48500037,       1075.544839,       492560.9388,       492560.9388,        3.37282159,        1216189.13,       172.5013492,       628.2800013,         230.4201741,          0.140309044,               0.6556946081,       1210.496167,       1210.496167,       772697.0104,       772697.0104,       13670.04122,        -0.2106134943,          0.2323063415,       239445.4488,          253115.49,           554.4217072,            656.0744593,            282500.1108,             490196.8996
          0,           0,         292,      -3.487151566,     0.05141008688,    -0.01049839689,     -0.4290104027,       3.087517149,     0.02200807344,     0.02200807344,       1.485279331,       1078.407506,       492084.7453,       492084.7453,       3.363186635,       1219405.015,       172.6924868,        628.554775,         231.4853077,         0.1394007058,               0.6581333172,       1213.696998,       1213.696998,       772368.1462,       772368.1462,       13543.74161,        -0.2096001604,          0.2316082338,       239270.5019,        252814.2435,           557.0607275,            656.6362706,            282177.5363,             490190.6099
          0,           0,         293,      -3.575947994,     -0.3808849697,     -0.4333038709,      -0.871943373,       2.955964635,     0.02244326582,     0.02244326582,       1.485576214,       1081.574622,       491707.5976,       491707.5976,        3.35343792,       1223007.119,       173.0720916,       629.0093267,         232.5542798,         0.1383746382,               0.6603676366,        1217.28224,        1217.28224,       772205.2962,       772205.2962,       13528.95729,        -0.2085864926,          0.2310297584,       239089.3201,        252618.2774,           559.7196632,            657.5625773,            281848.2967,             490356.9995
          0,           0,         294,      -3.569063935,     -0.8056481307,     -0.6494324537,     -0.9782163168,       2.979152125,     0.02276469508,     0.02276469508,       1.485809563,       1084.653791,       491181.3022,       491181.3022,       3.343225015,       1226467.627,        173.357477,       629.4350047,         233.5884686,         0.1377011755,               0.6625387815,        1220.72655,        1220.72655,       771681.5156,       771681.5156,       13376.56849,        -0.2075720523,          0.2303367474,       238902.3668,        252278.9353,           562.4001814,            658.3263683,            281512.6473,             490168.8683
          0,           0,         295,      -3.512990379,      0.2946632434,        0.22045825,     -0.1954662343,       2.941103353,     0.02313809038,     0.02313809038,       1.485914158,       1087.836736,       490724.5364,       490724.5364,        3.33340116,       1230018.844,       173.6014085,       629.9094024,         234.5822803,         0.1374651245,                0.664545864,       1224.261144,       1224.261144,       771174.1597,       771174.1597,       13309.41783,        -0.2065588276,           0.229696918,       238707.5593,        252016.9771,            565.101106,            659.1600378,            281169.3895,             490004.7702
          0,           0,         296,      -3.447147654,      0.2441219821,      0.1725053936,     -0.2407977604,       2.928363927,     0.02312083852,     0.02312083852,        1.48523513,       1091.112445,       490154.7588,       490154.7588,       3.322729666,       1233494.937,       173.3977577,       630.0357185,          235.590373,         0.1379358449,               0.6669776579,       1227.720965,       1227.720965,       770019.7091,       770019.7091,       13121.77695,        -0.2055420387,          0.2286628772,       238516.4909,        251638.2679,           567.8293853,            659.8915801,              280826.54,             489193.1691
          0,           0,         297,      -3.491874029,      0.2193469758,      0.1463161775,     -0.2686799144,       2.966915896,     0.02340705729,     0.02340705729,       1.484868591,       1094.704463,       489783.7104,       489783.7104,       3.312556046,       1237429.493,       173.5567478,       630.4729679,         236.6180185,         0.1381155461,               0.6690888072,       1231.637104,       1231.637104,        769400.062,        769400.062,       13130.30991,        -0.2045203605,          0.2279274178,       238326.7003,        251457.0102,           570.5838924,            661.0532115,            280481.3062,             488918.7558
          0,           0,         298,      -3.530953363,      0.1556538365,     0.08641191303,     -0.3239337093,       2.966532708,     0.02372433508,     0.02372433508,       1.484671184,       1098.115718,       489388.7378,       489388.7378,       3.302639213,       1241157.538,        173.750704,       630.8383232,         237.6681951,         0.1377815336,               0.6713285221,       1235.347697,       1235.347697,       768857.5764,       768857.5764,       13115.32517,        -0.2034942258,          0.2272185609,       238136.7063,        251252.0315,           573.3623199,            661.9853776,            280132.3141,             488725.2623
          0,           0,         299,       -3.31931477,     0.05800495644,   -0.009116071408,     -0.4289860362,       3.063983602,     0.02374664417,     0.02374664417,       1.484048324,       1101.180535,       488843.3396,       488843.3396,       3.292403923,        1244364.16,       173.5378071,       630.7807629,         238.6962906,          0.137478091,                0.674000498,       1238.539309,       1238.539309,       767911.6509,       767911.6509,       12958.31248,        -0.2024654242,          0.2262120684,       237942.5136,        250900.8261,            576.161036,            662.3782735,            279777.2406,             488134.4103
          0,           0,         300,       -3.35727531,     -0.7168662784,     -0.5163136571,     -0.7788534829,       3.153745559,     0.02402551975,     0.02402551975,       1.483282083,        1104.57581,       488528.9788,       488528.9788,        3.28281035,       1247952.142,       173.4944825,       630.8735405,         239.6502983,         0.1370570485,               0.6763107295,       1242.110496,       1242.110496,       767339.0379,       767339.0379,       13036.13628,        -0.2014353606,          0.2254608803,       237746.4212,        250782.5575,           578.9798099,            663.1306866,            279418.6385,             487920.3994
          0,           0,         301,      -3.425891552,     -0.7358617969,      -0.589709928,     -0.9032260792,       3.067361161,     0.02410507219,     0.02410507219,       1.482132863,       1107.991884,       488083.8717,       488083.8717,       3.272339763,       1251479.736,       173.2685609,       630.8268591,         240.5366514,         0.1369017909,               0.6786162492,       1245.621578,       1245.621578,       766275.5043,       766275.5043,       12991.38603,        -0.2004055011,          0.2245105733,       237546.2429,        250537.6289,            581.816734,            663.8048437,            279055.3291,             487220.1753
          0,           0,         302,      -3.428232361,      0.3171247253,      0.2489292412,     -0.1693618832,       3.047258807,     0.02394529334,     0.02394529334,         1.4807745,       1111.309929,       487423.7845,       487423.7845,       3.260977709,       1254834.401,        172.797947,       630.5949094,         241.3928273,          0.137118944,               0.6810671977,        1248.96054,        1248.96054,       764748.7437,       764748.7437,       12737.15615,        -0.1993752269,          0.2233205203,       237343.3142,        250080.4703,            584.675144,            664.2853958,            278688.1526,             486060.5912
          0,           0,         303,       -3.49454029,      -0.587259453,     -0.4562179702,     -0.8083513344,       3.169339603,     0.02376838176,     0.02376838176,       1.479405722,       1114.690329,       486775.7567,       486775.7567,       3.249649503,       1258246.181,       172.3107366,       630.3945804,         242.1987993,         0.1375725381,               0.6833585144,       1252.356349,       1252.356349,       763227.4555,       763227.4555,       12504.89383,        -0.1983454464,          0.2221138282,       237135.4314,        249640.3252,            587.552959,            664.8033897,            278315.8056,               484911.65
          0,           0,         304,      -3.469710862,      0.3522597673,       0.289071032,      -0.123426116,       3.066159518,     0.02353016491,     0.02353016491,       1.478251838,       1118.139252,       486057.7493,       486057.7493,       3.237804986,       1261795.295,       171.9344802,       630.2180779,         243.0067521,         0.1375321042,               0.6856273965,       1255.888849,       1255.888849,       761762.4168,       761762.4168,       12206.32161,        -0.1973161653,          0.2208463302,       236925.7138,        249132.0355,           590.4522732,            665.4365761,             277940.955,             483821.4618
          0,           0,         305,      -3.266434159,     0.05257448569,     0.03237161401,     -0.3468276772,       3.201137517,     0.02365498947,     0.02365498947,       1.477667525,       1121.640128,        485413.763,        485413.763,       3.226238147,       1265506.704,       171.9308445,       630.4827665,         243.7643225,         0.1377374798,               0.6872393329,       1259.582886,       1259.582886,       760605.6025,       760605.6025,        11991.0099,        -0.1962881973,          0.2199431868,       236711.3765,        248702.3864,           593.3722961,            666.2105895,            277561.6774,             483043.9251
          0,           0,         306,      -3.285063602,     -0.2565493094,     -0.1136155104,     -0.5117002414,       3.200670222,     0.02393875692,     0.02393875692,       1.477719996,       1124.989297,         484672.19,         484672.19,       3.214568603,       1269192.649,       172.2077451,       630.9739067,         244.4919344,         0.1375735393,               0.6885000516,       1263.251576,       1263.251576,        759676.741,        759676.741,       11683.23209,        -0.1952617683,          0.2192005252,       236494.4789,         248177.711,           596.3134521,            666.9381243,            277179.8476,             482496.8934
          0,           0,         307,      -3.200488868,     0.08223296346,      0.1183947608,     -0.2705601034,         3.2646397,     0.02437633637,     0.02437633637,       1.477450367,       1128.707296,       484190.3297,       484190.3297,       3.203500218,       1273231.171,       172.4492713,       631.4757484,         245.2828185,         0.1376247071,                0.689901099,       1267.271195,       1267.271195,       758986.6024,       758986.6024,       11641.94738,        -0.1942383269,          0.2186146633,       236274.1912,        247916.1385,           599.2746622,            667.9965327,            276795.2627,             482191.3397
          0,           0,         308,      -3.256724488,      0.1021420129,      0.2001489699,     -0.1934058368,       3.406322735,     0.02455486957,     0.02455486957,       1.476550655,       1132.522587,       483592.4502,       483592.4502,        3.19147111,       1277236.598,       172.3330228,       631.7211055,         246.0486359,         0.1382501591,               0.6915526863,       1271.257873,       1271.257873,       757614.8297,       757614.8297,       11489.53876,         -0.193219026,          0.2177738956,       236051.4557,        247540.9945,           602.2566622,            669.0012104,            276409.0945,             481205.7352
          0,           0,         309,      -3.313455988,      0.1281550231,      0.3202875081,    -0.05530057628,        3.57952697,     0.02491425993,     0.02491425993,       1.476248397,       1136.512603,       482972.8524,       482972.8524,       3.179296194,        1281630.97,       172.5963743,       632.4519138,         246.9098735,         0.1392981558,                0.692846354,       1275.631674,       1275.631674,        756480.501,        756480.501,       11322.29447,        -0.1922042355,          0.2171184954,       235825.2789,        247147.5734,            605.260189,            670.3714849,            276020.5624,             480459.9386
          0,           0,         310,      -3.224845877,      0.3143158436,      0.4632294524,     0.06283884078,       3.559291413,     0.02522634355,     0.02522634355,        1.47557546,       1140.379896,       482423.2787,       482423.2787,       3.167508526,       1285758.814,       172.6420066,       632.9385709,         247.7531949,         0.1402355536,               0.6943948258,       1279.740196,       1279.740196,        755265.695,        755265.695,       11224.75487,        -0.1911929697,          0.2164193133,       235599.2619,        246824.0168,           608.2877997,            671.4523963,            275632.1596,             479633.5354
          0,           0,         311,      -3.123692857,      0.3437838896,       0.548940964,      0.1499884808,       3.406395827,     0.02516601698,     0.02516601698,       1.474598256,       1143.934164,       481507.1532,       481507.1532,       3.154265767,       1289440.656,       172.2200432,       633.1018809,         248.6446004,         0.1420291159,               0.6964614481,       1283.404804,       1283.404804,       753248.0371,       753248.0371,       10761.04762,        -0.1901850398,          0.2153510568,       235373.0528,        246134.1004,           611.3398557,            672.0649479,             275243.298,             478004.7391
          0,           0,         312,      -3.102149131,      0.2144587663,      0.4663159558,     0.07747627117,       3.297626881,     0.02556445179,     0.02556445179,       1.474235802,        1147.78819,       480793.7727,       480793.7727,        3.14190233,       1293660.991,       172.3993175,       633.8431373,         249.5103511,         0.1435420606,               0.6977564747,       1287.605383,       1287.605383,       751943.0265,       751943.0265,       10502.76165,        -0.1891812375,          0.2147456893,       235145.5055,        245648.2672,           614.4152303,            673.1901528,            274853.1815,              477089.845
          0,           0,         313,      -3.166670202,       0.354683651,      0.5846199985,      0.1803264176,       3.339484205,     0.02613772374,     0.02613772374,       1.474071085,       1151.636734,       480328.2243,       480328.2243,       3.130992463,       1297897.174,       172.6482079,       634.4771869,         250.3907484,         0.1440859849,               0.6992227471,       1291.821736,       1291.821736,       751367.6588,       751367.6588,       10492.36419,        -0.1881816122,           0.214319336,       234917.9301,        245410.2942,           617.5146636,            674.3070729,            274462.8059,             476904.8529
          0,           0,         314,      -3.092702585,     -0.3927832209,     -0.3933578588,     -0.7299507123,       3.374009209,     0.02668085932,     0.02668085932,       1.473950812,       1155.622365,       479865.9033,       479865.9033,       3.119925028,        1302317.36,       172.9527401,       635.1390078,           251.23821,         0.1444561174,               0.7005783188,       1296.221232,       1296.221232,       750800.3133,       750800.3133,       10485.60757,        -0.1871863357,          0.2138671951,       234690.1479,        245175.7554,           620.6383771,            675.5828549,            274072.0658,             476728.2475
          0,           0,         315,      -3.108836552,     -0.2755520926,     -0.2586858484,     -0.6361901072,       3.431833972,     0.02751636714,     0.02751636714,       1.474404306,       1159.653976,       479414.8521,       479414.8521,       3.109121252,       1306920.851,       173.5676763,       636.0961032,         252.1121888,         0.1446704792,               0.7016369116,       1300.803174,       1300.803174,       750539.1854,       750539.1854,       10490.25905,        -0.1861953863,          0.2137117535,       234462.2965,        244952.5556,           623.7860536,            677.0171204,            273681.0355,               476858.15
          0,           0,         316,      -3.163219115,     -0.5212447619,     -0.5069287125,     -0.8294010853,       3.614478668,      0.0281113771,      0.0281113771,       1.474401626,       1163.511832,       478914.3391,       478914.3391,       3.098473926,       1311181.963,       173.7430285,       636.6937758,         253.0892495,         0.1453917464,               0.7033986243,       1305.044339,       1305.044339,         749901.25,         749901.25,       10446.97638,         -0.185209677,          0.2133210541,       234233.6814,        244680.6577,           626.9560908,            678.0882482,            273289.3603,             476611.8897
          0,           0,         317,      -3.163435237,     -0.5219325907,     -0.5729349741,     -0.8809363018,       3.596239357,     0.02911069914,     0.02911069914,       1.474978513,       1167.334753,       478594.6702,       478594.6702,       3.089093154,       1315494.885,       174.2705354,       637.5266596,         253.9925246,         0.1454017973,               0.7046947065,       1309.337072,       1309.337072,       749910.5276,       749910.5276,         10586.231,        -0.1842292646,          0.2133399638,       234004.2196,        244590.4506,           630.1486919,            679.1883805,            272896.9414,             477013.5862
          0,           0,         318,      -3.168076939,     -0.2849343236,     -0.3263127946,     -0.7466741653,       3.589535529,     0.02984716507,     0.02984716507,       1.475124628,        1171.28867,       478200.1338,       478200.1338,        3.07901672,       1319870.209,       174.5133673,        638.127071,         254.9426697,         0.1457614164,               0.7064016458,       1313.691916,       1313.691916,       749592.1143,       749592.1143,       10648.36316,        -0.1832537215,          0.2131008866,       233775.8853,        244424.2485,           633.3650209,             680.326895,            272505.0884,             477087.0258
          0,           0,         319,      -3.099430843,    -0.08864593619,     -0.1262469791,     -0.6240360979,       3.511130704,     0.03129066195,     0.03129066195,       1.476310908,       1175.825325,       478030.0338,       478030.0338,       3.069132783,       1325187.466,       175.6769367,       639.6295347,         255.8855148,          0.145810817,               0.7069731051,       1318.984283,       1318.984283,       750176.3713,       750176.3713,       10937.81738,        -0.1822835972,          0.2135742592,       233546.1082,        244483.9256,           636.6031002,             682.381183,            272111.9339,             478064.4375
          0,           0,         320,      -3.110513225,      0.3165264186,      0.2694828359,     -0.1512379309,       3.407000826,     0.03249680452,     0.03249680452,       1.477221335,       1180.268553,       477908.4515,       477908.4515,       3.059643174,       1330341.429,       176.6162416,       640.8081105,         256.8610199,         0.1454088421,               0.7080352157,        1324.11412,        1324.11412,        750827.303,        750827.303,       11272.61874,        -0.1813185122,          0.2138153168,       233317.9164,        244590.5351,           639.8645743,            684.2495457,            271719.7498,             479107.5532
          0,           0,         321,      -3.095961865,      0.1965574249,      0.2496393543,     -0.2129709095,       3.277455783,     0.03342572565,     0.03342572565,       1.478209656,       1183.981142,       477393.7218,       477393.7218,        3.04973788,       1334584.736,       177.1941417,       641.7263505,         257.7916086,         0.1455655634,               0.7093226391,       1328.337564,       1328.337564,       750822.2614,       750822.2614,       11224.31289,        -0.1803605259,          0.2137862515,       233084.7044,        244309.0173,            643.144431,            685.1931332,            271324.0552,             479498.2062
          0,           0,         322,      -3.144767353,      -0.145414503,    -0.04272814521,     -0.5108829229,       3.305590392,     0.03417722793,     0.03417722793,       1.478096213,       1188.250927,       477035.3821,       477035.3821,       3.039432396,       1339262.002,       177.4442234,       642.4291272,         258.6754853,         0.1464192249,               0.7107749144,       1332.992936,       1332.992936,        750374.669,        750374.669,       11325.70981,        -0.1794071175,          0.2135843455,       232854.8362,         244180.546,           646.4483311,             686.544605,            270930.8586,             479443.8104
          0,           0,         323,      -3.150653815,     -0.2557999343,     -0.1048937332,     -0.5034123618,       3.329543693,     0.03483638162,     0.03483638162,        1.47777341,       1192.506033,       476731.4254,       476731.4254,       3.029572285,       1343851.936,       177.5605102,       643.0173535,         259.5465405,         0.1473977188,               0.7123507633,       1337.561384,       1337.561384,       749978.4009,       749978.4009,       11486.39831,        -0.1784587929,          0.2132951745,       232622.5136,        244108.9119,           649.7718562,            687.7895282,            270535.4409,             479442.9599
          0,           0,         324,      -3.165356124,      0.5665909526,      0.5031643037,     0.08341893968,       3.283054023,     0.03535213387,     0.03535213387,       1.477642148,       1196.455143,       476160.8861,       476160.8861,        3.01877827,       1348080.425,        177.589859,       643.5637575,         260.4302624,          0.148652327,               0.7140212804,        1341.77008,        1341.77008,       749067.7211,       749067.7211,       11381.59737,        -0.1775149457,          0.2128670796,       232389.6443,        243771.2417,           653.1159769,             688.654103,            270138.8959,             478928.8252
          0,           0,         325,      -3.172104433,      0.5945652476,       0.528489979,      0.1109317901,         3.3462098,     0.03633244122,     0.03633244122,       1.478124064,       1200.734475,       475986.8767,       475986.8767,       3.009644066,        1352844.83,       178.0516417,       644.4340515,         261.4237116,         0.1492287051,               0.7155617806,       1346.512184,       1346.512184,       749362.9748,       749362.9748,       11681.99807,         -0.176575826,          0.2129082672,       232152.4393,        243834.4374,           656.4796568,            690.0325269,            269738.5269,             479624.4479
          0,           0,         326,      -3.207630078,      0.5737096071,      0.5058489635,     0.09144624518,       3.359342046,     0.03737732911,     0.03737732911,       1.478673492,       1205.259709,       475723.9709,       475723.9709,       2.999696369,       1357952.589,       178.7158773,       645.4674276,         262.4218538,          0.149588434,               0.7169190002,       1351.596033,       1351.596033,       749558.6661,       749558.6661,       11892.71565,        -0.1756399356,          0.2130172647,       231915.6276,        243808.3433,           659.8668597,            691.7291728,            269337.6245,             480221.0416
          0,           0,         327,      -3.140147242,      0.6383917773,      0.5789205421,      0.1522768008,       3.390813872,     0.03819648068,     0.03819648068,       1.478983403,        1209.55976,       475451.9884,       475451.9884,       2.990019933,       1362669.876,       178.9797439,       646.3061766,         263.4918735,         0.1511081024,               0.7187039443,       1356.291238,       1356.291238,        749371.042,        749371.042,       12100.26839,        -0.1747080815,          0.2129045622,         231675.86,        243776.1284,           663.2740694,            693.0171689,             268933.747,             480437.2951
          0,           0,         328,      -3.114837479,      0.6531276961,      0.5841776773,      0.1599115526,       3.432788289,     0.03864096235,     0.03864096235,       1.479049611,         1213.5341,       474848.7726,       474848.7726,       2.979127895,       1366964.203,       178.9839912,       646.8622531,         264.5973835,         0.1525882962,                0.720940895,       1360.565464,       1360.565464,       748439.1463,       748439.1463,       11978.09858,        -0.1737802074,          0.2124211698,        231435.337,        243413.4356,           666.7021442,            693.8633194,            268528.5573,              479910.589
          0,           0,         329,      -3.061444399,      0.6920507438,      0.6258790438,      0.1965379245,        3.48449841,     0.03944761612,     0.03944761612,       1.479981008,        1218.07771,       474290.3374,       474290.3374,       2.967447911,       1372199.194,       179.6543575,       648.1285875,         265.8126541,         0.1541768745,               0.7225557664,       1365.775949,       1365.775949,       748038.5455,       748038.5455,       11903.07806,        -0.1728559601,          0.2123035762,       231193.6297,        243096.7077,           670.1506337,            695.6253157,             268121.557,             479916.9884
          0,           0,         330,      -3.067625805,      0.6917461138,      0.6283798076,      0.1931554908,       3.469290604,     0.04005505611,     0.04005505611,       1.480678218,       1222.440621,       473740.5598,       473740.5598,       2.956232181,       1377146.769,       180.0617604,       649.0347224,         267.0687749,         0.1553323425,               0.7247317531,       1370.700365,       1370.700365,       747649.1871,       747649.1871,       11841.08562,        -0.1719362158,           0.211991272,       230949.7371,        242790.8227,           673.6171587,            697.0832064,            267712.2671,             479936.9201
          0,           0,         331,      -2.933714634,      0.7202522549,      0.6588233817,      0.2264809613,       3.529417891,     0.04049806299,     0.04049806299,        1.48079369,       1226.722788,       473188.3996,       473188.3996,       2.945248122,       1381842.899,       180.1285789,       649.6732748,         268.3118073,         0.1569485381,               0.7272259478,       1375.374512,       1375.374512,        746900.668,        746900.668,       11783.15649,         -0.171021386,           0.211519449,       230702.6216,        242485.7781,           677.1003332,            698.2741791,            267299.8542,             479600.8138
          0,           0,         332,      -3.029503722,      0.7150225573,      0.6537899005,      0.2206561037,       3.559732192,     0.04094910276,     0.04094910276,       1.480762527,       1231.176684,        472622.152,        472622.152,       2.934138781,       1386754.141,       180.2162228,       650.3694841,         269.5746079,         0.1587707619,               0.7297049185,       1380.262765,       1380.262765,       746157.6837,       746157.6837,       11714.66274,        -0.1701111689,          0.2110602716,       230453.7446,        242168.4074,           680.5997978,            699.6629673,            266885.7973,             479271.8864
          0,           0,         333,       -2.97719944,       0.725432928,      0.6611456837,       0.231072835,       3.758206261,     0.04178186247,     0.04178186247,       1.481460817,       1236.083653,       472189.1477,       472189.1477,       2.922763994,       1392397.614,       180.8993526,       651.7098178,         270.9039061,         0.1607581357,               0.7315314494,       1385.879821,       1385.879821,        745910.083,        745910.083,       11779.19996,        -0.1692038898,          0.2109857523,       230204.9739,        241984.1738,           684.1165504,            701.7632706,             266471.261,              479438.822
          0,           0,         334,      -2.916095658,      0.8579037468,      0.7923232534,      0.3696779035,       3.810195586,     0.04222947238,     0.04222947238,       1.481221278,         1239.8618,       471696.0672,       471696.0672,       2.913253209,       1396483.591,       180.8640703,       652.3062509,         272.0607626,         0.1629630662,               0.7338495973,       1389.946672,       1389.946672,       745008.0266,       745008.0266,       11720.90284,        -0.1684208505,          0.2106503228,       229987.5822,         241708.485,           687.1779489,            702.7687232,            266110.2493,             478897.7774
          0,           0,         335,      -2.958893248,      0.8550492738,      0.7928720735,      0.3900245557,       3.785831225,     0.04246627732,     0.04246627732,       1.480260793,       1243.985914,       471091.6103,       471091.6103,       2.902679115,       1400719.207,       180.3072162,       652.3597952,         273.3810251,         0.1650425498,               0.7373095058,       1394.162461,       1394.162461,       743666.3747,       743666.3747,       11621.25335,        -0.1675220926,          0.2099883699,       229735.1785,        241356.4318,           690.7196021,            703.4428591,            265692.5613,             477973.8134
          0,           0,         336,      -2.922868628,    -0.08319036162,    -0.06260059077,     -0.4032601087,       3.887330517,     0.04268649461,     0.04268649461,       1.479316537,       1248.413879,       470529.1918,       470529.1918,       2.891829921,        1405351.04,       179.8519744,       652.5866061,         274.6760477,         0.1674839301,               0.7405022661,       1398.772612,       1398.772612,       742442.0983,       742442.0983,       11569.72619,        -0.1666285032,          0.2093149978,       229479.7328,         241049.459,           694.2709936,            704.5016186,            265272.5546,             477169.5437
          0,           0,         337,      -2.904237639,    -0.07151761651,    -0.04399098487,     -0.3412756743,       3.940772481,     0.04315538329,     0.04315538329,       1.478207859,       1253.085186,       470219.0023,       470219.0023,       2.881991241,       1410218.007,       179.5521105,       652.8377152,         275.8798453,         0.1692353179,                0.743459735,       1403.616797,       1403.616797,       741589.8298,       741589.8298,       11772.66391,        -0.1657393145,          0.2088946978,       229223.1692,        240995.8331,           697.8337827,            705.7830145,            264851.8083,             476738.0214
          0,           0,         338,      -2.935145242,      0.4460341831,      0.4295743395,    -0.01953226429,       3.986321598,     0.04367311498,     0.04367311498,       1.477479707,       1257.757028,       469870.2301,       469870.2301,       2.871921076,       1415202.464,       179.4157654,        653.148859,         277.1161268,         0.1704329014,               0.7464279501,       1408.577922,       1408.577922,        741054.756,        741054.756,       11939.88686,         -0.164855182,           0.208528297,       228965.1716,        240905.0585,           701.4052061,            707.1727164,            264430.2105,             476624.5455
          0,           0,         339,      -2.809410238,       0.610149629,      0.6838406725,      0.3621214243,       3.903538168,     0.04426474115,     0.04426474115,       1.476833153,       1262.620596,       469680.5837,       469680.5837,       2.862548226,       1420409.207,       179.4262553,       653.4782942,         278.2873568,         0.1709691331,               0.7492279275,       1413.760293,       1413.760293,       740866.3617,       740866.3617,       12265.09384,        -0.1639748067,          0.2082395478,       228707.7449,        240972.8388,           704.9889466,            708.7713463,            264009.1431,             476857.2186
          0,           0,         340,       -2.85378527,      0.4387236812,      0.4098869957,    -0.05130759956,       3.925791269,     0.04527202309,     0.04527202309,       1.476420945,       1268.032909,        469695.763,        469695.763,       2.853473399,       1426348.071,       179.8612181,       654.4095527,         279.5749874,         0.1723375147,               0.7515273338,       1419.671356,       1419.671356,       741020.8982,       741020.8982,       12800.22647,        -0.1630987005,          0.2083707236,       228447.7683,        241247.9948,           708.5800458,            711.0913106,            263586.3283,             477434.5699
          0,           0,         341,       -2.90481987,      0.1125428624,      0.1817386127,      -0.138122808,       3.785430935,     0.04613047974,     0.04613047974,       1.476019798,        1273.05561,       469721.2387,       469721.2387,       2.845489041,       1431791.993,       180.0675612,       655.1086478,         280.7793638,         0.1737881507,               0.7539365688,       1425.089795,       1425.089795,       741318.2667,       741318.2667,       13345.96911,        -0.1622259769,          0.2083564566,       228187.6348,        241533.6039,           712.1785902,            712.9112053,            263163.7293,             478154.5374
          0,           0,         342,      -2.923477352,       0.122624222,      0.1844125947,     -0.1360715506,       3.733545146,     0.04658369299,     0.04658369299,       1.474835725,       1277.925904,       469652.4395,       469652.4395,       2.837038659,       1436857.797,       179.7242919,       655.2300827,          281.972487,         0.1752602486,               0.7570797955,       1430.131887,       1430.131887,       740918.4818,       740918.4818,         13802.124,        -0.1613570082,          0.2079407012,       227925.1578,        241727.2818,           715.7796578,            714.3522295,            262739.8174,             478178.6644
          0,           0,         343,       -2.91915974,     0.04095449144,     0.09705703353,     -0.2283701883,       3.770173987,     0.04774642806,     0.04774642806,       1.474614285,       1283.463672,        470050.755,        470050.755,       2.830085319,       1443013.973,       180.3762542,       656.0016607,         283.1854327,         0.1747278075,               0.7594217113,       1436.259246,       1436.259246,       742101.5305,       742101.5305,       14726.47752,        -0.1604914464,          0.2082378744,       227662.1388,        242388.6163,           719.3817863,            716.8774596,            262316.1019,             479785.4286
          0,           0,         344,      -2.885490624,     0.05443924672,      0.1065486923,     -0.2374854482,       3.675209788,     0.04865594993,     0.04865594993,       1.474106879,       1288.913411,       470281.5382,       470281.5382,       2.822976442,       1449027.984,       180.6743744,       656.7532259,         284.4751632,         0.1760703729,               0.7619710969,       1442.245106,       1442.245106,       742838.1994,       742838.1994,        15486.9857,        -0.1596287955,          0.2082847454,       227397.2762,        242884.2619,           722.9803854,            719.2647203,            261891.3975,             480946.8019
          0,           0,         345,      -2.886234981,    -0.01419231802,     0.05009383389,     -0.2794828024,       3.710902029,     0.04955851429,     0.04955851429,       1.473929606,        1294.11216,       470392.5186,       470392.5186,       2.815674208,       1454846.862,        181.101903,       657.4836567,         285.7809955,         0.1766502802,               0.7645861576,       1448.036745,       1448.036745,       743596.3841,       743596.3841,       16129.38908,        -0.1587693065,          0.2083278208,       227131.5648,        243260.9539,           726.5758227,            721.4609224,            261466.6002,             482129.7839
          0,           0,         346,      -2.856278397,   -0.009133107091,     0.05144280823,     -0.3102792668,       3.678419138,     0.05059751813,     0.05059751813,       1.473631681,       1299.200848,       470878.1808,       470878.1808,       2.810487415,       1460453.232,       181.4737015,       657.9058757,         287.0586915,         0.1759590204,               0.7675424926,       1453.616872,       1453.616872,       745028.1825,       745028.1825,       17152.80953,        -0.1579140777,          0.2085115959,       226862.6856,        244015.4952,           730.1653637,            723.4515085,            261040.1329,             483988.0495
          0,           0,         347,      -2.831880306,      0.3261102118,      0.3665888987,     -0.0789374497,       3.680652015,     0.05159176413,     0.05159176413,       1.473678027,       1304.569795,       471181.0952,       471181.0952,       2.803936714,       1466528.652,       182.0652565,       658.7731199,         288.3338325,         0.1764264703,               0.7699042896,       1459.663853,       1459.663853,        746225.206,        746225.206,       17994.46412,        -0.1570623681,          0.2086541322,       226593.3155,        244587.7797,           733.7523301,            725.9115227,            260613.9913,             485611.2147
          0,           0,         348,      -2.880720119,      0.1516560699,      0.2352680771,     -0.2220307365,       3.670621021,     0.05231017924,     0.05231017924,       1.473643883,       1309.743603,       471340.3592,       471340.3592,       2.797148791,       1472324.868,       182.4251639,       659.4513748,         289.6123358,         0.1772084734,               0.7725213722,       1465.432937,       1465.432937,       747125.0471,       747125.0471,       18696.97165,        -0.1562142447,           0.208524424,       226321.6938,        245018.6654,           737.3319772,            728.1009596,            260186.8698,             486938.1773
          0,           0,         349,      -2.894431308,    -0.07542242719,     0.07136807821,     -0.4158776162,       3.666691886,     0.05311257167,     0.05311257167,       1.474390948,       1314.408275,       471434.0827,       471434.0827,       2.790751297,       1477676.094,       182.9503771,       660.0789856,         290.9555888,         0.1769116371,                 0.77535244,       1470.759114,       1470.759114,       748473.6328,       748473.6328,       19332.40872,        -0.1553684598,          0.2084810315,        226050.837,        245383.2457,           740.9046198,            729.8544945,            259761.0403,             488712.5925
          0,           0,         350,      -2.864763493,      0.4505537943,      0.4452456094,    -0.03866227244,       3.628507785,     0.05409245235,     0.05409245235,       1.475447811,       1318.989612,       471637.9973,       471637.9973,       2.785210545,       1482949.575,        183.579576,       660.7953354,         292.4112599,         0.1765604442,               0.7783228524,       1476.007909,       1476.007909,       750162.4086,       750162.4086,       20082.99061,        -0.1545258781,          0.2086183305,       225777.5034,         245860.494,           744.4633326,            731.5445767,            259333.9293,             490828.4793
          0,           0,         351,      -2.862845286,      0.4161147745,      0.4075841112,     -0.0645849394,       3.646356092,     0.05423557087,     0.05423557087,       1.475801536,       1322.620665,       471177.0864,       471177.0864,       2.778215204,       1486892.539,       183.2613168,       660.6264506,         293.8673127,         0.1768457331,                0.782469985,       1479.932417,       1479.932417,       750410.5985,       750410.5985,       20169.48451,        -0.1536855734,          0.2079211443,       225503.8009,        245673.2854,           748.0090941,            731.9233225,            258906.9347,             491503.6639
          0,           0,         352,      -2.863001973,       0.400798082,      0.4027485902,    -0.08856823235,       3.658811558,      0.0548634424,      0.0548634424,       1.477247365,       1326.899537,       470837.6884,       470837.6884,       2.770970972,       1491958.331,       183.9325458,       661.5072941,         295.2987727,         0.1772593709,               0.7851473044,       1484.974496,       1484.974496,       751449.2808,       751449.2808,       20380.45525,        -0.1528476636,           0.207711106,       225228.6166,        245609.0718,           751.5407733,            733.4337223,            258479.1993,             492970.0816
          0,           0,         353,        -2.9162136,     0.04417952287,      0.1262320703,     -0.2973401173,       3.668817879,     0.05544921927,     0.05544921927,       1.478522198,       1330.882184,       470643.2814,       470643.2814,       2.764692788,       1496584.091,       184.4458236,       662.0198044,         296.7051466,         0.1766853764,               0.7882511876,       1489.578602,       1489.578602,       752698.1368,       752698.1368,       20741.98713,        -0.1520128258,          0.2074620451,       224950.6471,        245692.6343,           755.0547875,            734.5238149,            258049.7251,             494648.4117
          0,           0,         354,      -2.937004088,   -0.001547848807,      0.1218616494,     -0.3304697016,       3.634257066,      0.0561006117,      0.0561006117,       1.479940138,       1334.860782,       470347.5829,       470347.5829,       2.757893312,       1501256.643,       185.1691779,       662.8222046,          298.070746,         0.1765503642,               0.7908583799,       1494.229283,       1494.229283,       753706.6577,       753706.6577,       21003.00067,        -0.1511802796,          0.2072808913,       224672.2911,        245675.2918,           758.5535917,            735.6756913,            257620.3186,             496086.3392
          0,           0,         355,      -2.856768037,     0.01346828036,      0.1076116897,     -0.3081989617,       3.638498806,      0.0565798712,      0.0565798712,       1.480852044,       1339.019513,       469922.2973,       469922.2973,       2.750194696,       1506048.213,       185.7704149,       663.7187425,         299.3738126,         0.1775984085,               0.7931810497,       1498.998423,       1498.998423,       753970.5283,       753970.5283,       21138.81201,        -0.1503501268,           0.206929998,       224391.7426,        245530.5546,            762.035836,            736.9625871,            257189.7755,             496780.7528
          0,           0,         356,      -2.896631046,      0.0382590772,      0.1906957521,     -0.2415952901,       3.637458318,     0.05728568728,     0.05728568728,       1.482622369,       1343.627283,       469436.9509,       469436.9509,       2.741645153,       1511641.945,       186.9986684,       665.3810799,         300.7581891,         0.1793012662,               0.7946456327,       1504.565972,       1504.565972,        754558.155,        754558.155,        21214.7403,        -0.1495218776,          0.2068075649,       224111.1053,        245325.8456,           765.4992697,            739.0667019,            256759.1253,             497799.0296
          0,           0,         357,      -2.876687343,      0.0743392473,      0.1777582573,     -0.2211759766,        3.65274118,     0.05804650086,     0.05804650086,       1.484343854,       1348.153602,        469070.669,        469070.669,       2.733796741,       1517085.725,       188.0926188,       666.8657351,         302.1534159,         0.1808918596,                0.796359538,       1509.984269,       1509.984269,        755378.908,        755378.908,       21412.75625,        -0.1486944313,          0.2067409322,       223828.9564,        245241.7126,           768.9441083,            741.0401604,            256327.2141,             499051.6939
          0,           0,         358,      -2.828531543,     0.05488967095,      0.1748158932,      -0.191350375,       3.679426023,     0.05827111091,     0.05827111091,       1.485321048,       1351.952032,       468535.9077,       468535.9077,       2.726257973,       1521457.406,       188.4431358,       667.2579466,         303.4785866,         0.1809979709,               0.7993616077,       1514.335487,       1514.335487,       755791.2338,       755791.2338,       21444.68048,        -0.1478699193,          0.2061410302,       223545.6136,        244990.2941,           772.3599779,            741.9755086,            255894.2952,             499896.9387
          0,           0,         359,       -2.83607256,    -0.03246941491,      0.1343199837,     -0.2031092152,       3.765045276,     0.05845834224,     0.05845834224,       1.486184497,       1355.894135,       467947.2118,       467947.2118,       2.718168539,       1525993.706,       188.8231444,       667.7302451,         304.7838199,          0.181451914,               0.8021936114,       1518.850552,       1518.850552,       756024.3755,       756024.3755,       21427.20938,         -0.147044012,          0.2055023543,       223260.0012,        244687.2106,           775.7580651,            743.0924871,            255458.8628,             500565.5127
          0,           0,         360,      -2.834047886,      0.5089765165,      0.4991361413,     0.04196348627,       3.720988044,     0.05867377685,     0.05867377685,       1.487312046,       1359.612211,       467281.4218,       467281.4218,       2.710181616,       1530318.177,       189.2374047,       668.2364798,         306.0412495,         0.1819914909,               0.8048527326,        1523.15478,        1523.15478,       756270.5543,       756270.5543,       21339.76137,        -0.1462199746,          0.2048937515,       222970.8302,        244310.5916,             779.12748,            744.0273002,            255019.8453,              501250.709
          0,           0,         361,      -2.880311172,      0.3976447863,       0.413449299,    -0.01124552052,       3.726483324,     0.05911242823,     0.05911242823,       1.488156386,       1363.696028,       466826.7093,       466826.7093,       2.702550642,       1535017.005,       189.8020086,       669.0052571,         307.2089614,         0.1831778162,               0.8069266314,       1527.831613,       1527.831613,       756539.7682,       756539.7682,       21461.43127,        -0.1454017016,          0.2045141299,        222682.639,        244144.0703,           782.4464453,            745.3851678,            254582.5073,             501957.2609
          0,           0,         362,      -2.950908395,      0.6489696888,       0.618370383,      0.1543194641,       3.697602273,     0.05986721614,     0.05986721614,       1.489349232,       1368.831424,       466500.2111,       466500.2111,       2.694097455,       1541151.996,       191.0198422,       670.5771645,         308.4262033,         0.1850453581,               0.8080136339,       1533.937886,       1533.937886,       757202.8825,       757202.8825,       21724.81606,         -0.144579039,          0.2044462551,       222387.6975,        244112.5136,           785.7587509,            748.1791354,            254137.2937,             503065.5889
          0,           0,         363,      -2.757542963,      0.4881318909,      0.4813540536,     0.05160657721,       3.753582229,     0.06053673236,     0.06053673236,       1.490614257,       1373.309102,       465968.1313,       465968.1313,       2.685592603,       1546429.142,       191.9902417,        671.978203,         309.6265982,         0.1874638678,               0.8092729791,        1539.19033,        1539.19033,       757419.3068,       757419.3068,       21788.46986,        -0.1437568419,          0.2042935743,       222089.8307,        243878.3006,           789.0412266,            750.1491031,            253688.8383,             503730.4685
          0,           0,         364,      -2.920952969,      0.7412006269,      0.7083718924,      0.2095833821,       3.846337911,     0.06060086861,     0.06060086861,       1.491243401,       1376.990754,       465232.4033,       465232.4033,       2.677371245,       1550516.899,        192.057491,       672.3818469,         310.7796693,         0.1897164107,               0.8117464675,       1543.258952,       1543.258952,       757032.4133,       757032.4133,       21658.97972,        -0.1429359807,          0.2035368493,       221786.7118,        243445.6915,           792.2933691,            750.9655829,             253235.086,             503797.3274
          0,           0,         365,      -2.764644879,      0.6116792963,      0.5972303834,      0.1539317138,       4.306119957,     0.06132943892,     0.06132943892,        1.49278455,       1380.982992,       464926.0466,       464926.0466,       2.670607556,       1555171.263,       192.8479523,       673.4253184,         311.9478662,         0.1914615131,               0.8133699712,       1547.891529,       1547.891529,       757864.5707,       757864.5707,       21965.24743,        -0.1421158414,          0.2034452803,       221480.3996,         243445.647,           795.5158667,            752.3756624,            252777.7892,             505086.7816
          0,           0,         366,      -2.771626797,       0.773965915,      0.7232270593,      0.2661212851,        4.14818524,     0.06154579463,     0.06154579463,       1.493905489,       1384.859742,       464264.3707,       464264.3707,       2.662531796,       1559590.373,        193.235161,       674.2389669,         313.1749013,         0.1942533683,               0.8154142827,       1552.289953,       1552.289953,       757705.0718,       757705.0718,       21927.48598,        -0.1412967311,          0.2028425257,       221168.4424,        243095.9283,           798.7081842,            753.5817692,            252314.8785,             505390.1933
          0,           0,         367,       -2.77976867,       1.011225566,      0.9403109953,      0.4532314272,        4.07239932,     0.06165787472,     0.06165787472,       1.493556113,       1389.122005,       463857.7064,       463857.7064,       2.654961856,       1564115.246,       193.1785676,        674.591943,         314.4276869,         0.1971827583,               0.8181135454,       1556.793645,       1556.793645,       756876.9565,       756876.9565,       22155.46087,         -0.140478715,          0.2021365897,       220851.1228,        243006.5836,           801.8673087,            754.9263368,            251846.2579,             505030.6986
          0,           0,         368,      -2.856795705,      0.8980988866,      0.8281845715,      0.3393786927,       3.935223814,     0.06161475714,     0.06161475714,       1.493047961,       1393.087177,       463357.4195,       463357.4195,       2.647740371,       1568366.916,        193.136901,       675.0884077,         315.5295103,         0.2007204325,                0.820212584,       1561.025413,       1561.025413,       755690.1779,       755690.1779,       22217.34576,        -0.1397661858,          0.2013809429,       220570.0369,        242787.3826,            804.591759,            756.4336541,            251433.1341,             504257.0438
          0,           0,         369,      -2.660466096,      0.8822540047,      0.8220929383,      0.3533582137,       3.811453904,     0.06187181893,     0.06187181893,       1.492537891,       1397.744361,       463129.4245,       463129.4245,       2.640567776,       1573399.352,       193.3721701,       675.5964696,         316.8314285,         0.2030801275,               0.8227672345,       1566.034293,       1566.034293,       755118.4233,       755118.4233,       22641.71522,         -0.138947843,           0.200819662,       220243.8547,        242885.5699,           807.6906489,            758.3436438,            250954.4906,             504163.9327
          0,           0,         370,      -2.676878902,       1.006894401,       0.940488401,      0.4649287917,       3.980353191,     0.06172796353,     0.06172796353,       1.491094684,       1402.075523,       462614.8461,       462614.8461,       2.633000292,       1577840.602,       192.8448944,       675.5317894,          318.194074,          0.206704968,               0.8262131528,       1570.454753,       1570.454753,       753748.8743,       753748.8743,       22792.17188,        -0.1381296905,          0.1998576541,       219911.3371,         242703.509,           810.7593474,            759.6954059,            250469.1952,             503279.6791
          0,           0,         371,      -2.727454736,      0.7354481522,      0.7106115395,      0.2669906645,       3.973484933,     0.06183918828,     0.06183918828,       1.490093855,       1406.280815,       462168.1621,       462168.1621,       2.626037792,       1582226.684,       192.5703564,       675.4640536,         319.5783625,         0.2090509842,               0.8296938167,       1574.820304,       1574.820304,       752877.1073,       752877.1073,       23025.11747,        -0.1373122066,          0.1991513949,       219571.5223,        242596.6398,           813.7983232,            761.0219808,            249975.7983,             502901.3089
          0,           0,         372,      -2.676031583,      0.7747673259,      0.7471266235,      0.3006608305,       3.825503034,     0.06199115693,     0.06199115693,       1.488830837,       1410.715634,        461696.663,        461696.663,       2.618861334,       1586841.092,        192.252799,       675.4244305,           320.99953,         0.2118428211,               0.8332002945,       1579.413112,       1579.413112,       751876.9272,       751876.9272,       23248.21534,        -0.1364971237,          0.1984882807,       219224.2238,        242472.4392,           816.7999749,            762.6131371,             249474.657,             502402.2701
          0,           0,         373,      -2.509593962,       1.010324258,      0.9479357417,      0.4764262282,       3.752327078,     0.06210744627,     0.06210744627,       1.487913305,       1414.895716,       461140.4156,       461140.4156,       2.612046433,       1591231.236,       191.9675546,       675.3998385,         322.3399373,         0.2146456609,               0.8364829993,       1583.782706,       1583.782706,       751135.8867,       751135.8867,       23396.15202,        -0.1356823892,          0.1977898355,       218872.1318,        242268.2838,           819.7758188,            764.0068867,            248967.5633,             502168.3234
          0,           0,         374,      -2.505474299,       1.002470278,      0.9463482522,      0.4701042299,       3.792987809,     0.06221894606,     0.06221894606,        1.48736683,       1418.532709,       460508.2961,       460508.2961,       2.605743155,       1595019.023,       191.5582322,       675.2808684,         323.7613108,         0.2177386931,               0.8400588849,       1587.552762,       1587.552762,       750548.7806,       750548.7806,       23481.45558,        -0.1348676728,          0.1970866188,       218513.4203,        241994.8758,           822.7239664,            764.8287959,            248452.8764,             502095.9042
          0,           0,         375,      -2.395063665,      0.9932733752,      0.8948772313,      0.4185379624,       3.844158023,     0.06199407084,     0.06199407084,        1.48639805,       1421.971636,       459769.9841,       459769.9841,       2.599255017,       1598407.151,       190.7015732,        674.787171,         325.1300764,         0.2214263306,               0.8440209393,       1590.925031,       1590.925031,       749470.0445,       749470.0445,       23477.03709,        -0.1340539872,          0.1960480581,       218146.4735,        241623.5106,           825.6469261,            765.2781047,              247929.02,             501541.0245
          0,           0,         376,       -2.27537937,       1.105699903,       0.893351683,      0.3730701746,       3.915254184,     0.06222449135,     0.06222449135,       1.486222037,       1425.758948,       459339.3652,       459339.3652,       2.593972668,       1602428.781,       190.4675961,       674.8630768,         326.5852535,         0.2246935873,               0.8473699631,       1594.927836,       1594.927836,       749489.2948,       749489.2948,       23799.83707,         -0.133241443,          0.1954659344,       217769.7641,        241569.6011,           828.5428468,            766.3849889,             247394.629,             502094.6658
          0,           0,         377,      -2.223059127,       1.142695511,       0.830677503,      0.2764160493,       4.055965069,     0.06224167658,     0.06224167658,        1.48565331,       1428.958407,       458875.3014,       458875.3014,       2.589288606,       1605689.456,       189.9595794,       674.5757251,         327.8003603,         0.2274264458,               0.8506481205,       1598.173247,       1598.173247,       749235.2039,       749235.2039,       24001.27423,        -0.1325407457,          0.1947824223,       217437.0136,        241438.2878,           831.0272136,            767.1460331,            246924.7946,             502310.4093
