"Time_Iter","Outer_Iter","Inner_Iter",    "rms[Rho]"    ,    "rms[RhoU]"   ,    "rms[RhoV]"   ,    "rms[RhoW]"   ,    "rms[RhoE]"   ,  "Avg_Massflow"  ,  "Avg_Massflow"  ,    "Avg_Mach"    ,    "Avg_Temp"    ,    "Avg_Press"   ,    "Avg_Press"   ,   "Avg_Density"  ,  "Avg_Enthalpy"  ,  "Avg_NormalVel" ,   "Uniformity"   ,"Secondary_Strength","Momentum_Distortion","Secondary_Over_Uniformity",  "Avg_TotalTemp" ,  "Avg_TotalTemp" , "Avg_TotalPress" , "Avg_TotalPress" ,  "Pressure_Drop" ,"Avg_Massflow(INLET)","Avg_Massflow(OUTLET)","Avg_Press(INLET)","Avg_Press(OUTLET)","Avg_TotalTemp(INLET)","Avg_TotalTemp(OUTLET)","Avg_TotalPress(INLET)","Avg_TotalPress(OUTLET)"
          0,           0,           0,      -4.426478205,      -2.893325882,      -2.980236271,      -3.301731688,       1.043061959,     0.06977939583,     0.06977939583,      0.5675296151,       573.9697542,       195468.6347,       195468.6347,       2.371581291,       586296.7204,       94.48399772,       104.8882271,         99.15500921,       -0.06242586075,                19.34873871,       583.5522741,       583.5522741,       207090.4709,       207090.4709,       -624.714218,        0.07222481798,       -0.002445422152,       98046.67443,        97421.96022,           292.0109382,            291.5413359,            104097.5782,             102992.8927
          0,           0,           1,      -4.579955512,      -2.437411739,      -2.787479537,      -3.103635713,      0.8907442553,     0.06542099094,     0.06542099094,      0.5604156045,       571.5279833,       192727.5121,       192727.5121,       2.347717668,       583504.4334,       86.70454361,       108.2247718,         97.98260261,       -0.06295634742,                9.235743919,       580.7730577,       580.7730577,       203818.9624,       203818.9624,      -1318.911679,        0.07016215118,       -0.004741160237,       97023.21191,        95704.30023,           290.9075176,            289.8655401,            102771.2851,             101047.6773
          0,           0,           2,      -4.612279124,      -2.255502734,      -2.656063011,      -2.967383066,      0.8580374283,     0.06160827072,     0.06160827072,      0.5554747507,       569.7218567,       190653.4297,       190653.4297,       2.329398408,       581414.3816,       79.19788501,       112.3447454,         96.67736751,       0.009329423879,                5.802852512,       578.6927894,       578.6927894,       201335.4133,       201335.4133,       -1729.84094,        0.06837446969,       -0.006766198972,       96191.63533,        94461.79439,            289.998818,            288.6939715,            101680.0874,             99655.32596
          0,           0,           3,      -4.646388567,      -2.170274159,      -2.596898117,      -2.904194799,      0.8232982913,      0.0584512537,      0.0584512537,      0.5543187203,        568.262329,       188893.5546,       188893.5546,       2.313788899,       579810.6695,       72.75312655,       117.1055592,         95.39874407,         0.1673187434,                4.128522497,       577.0965843,       577.0965843,       199359.3267,       199359.3267,      -2163.282608,        0.06685876542,       -0.008407511723,       95528.41861,        93365.13601,           289.2677755,            287.8288088,             100798.898,             98560.42868
          0,           0,           4,      -4.673444912,      -2.139506737,      -2.571597723,      -2.875878394,      0.7970345044,     0.05597444368,     0.05597444368,      0.5575240744,         567.23318,       187557.5181,       187557.5181,       2.301836829,       578823.3852,        67.6043945,       122.2851143,         94.18877894,         0.3958073903,                3.170466861,       576.1139214,       576.1139214,       198043.4814,       198043.4814,      -2469.656869,        0.06560925129,       -0.009634807617,       95013.58748,        92543.93061,           288.6968084,             287.417113,            100105.7956,             97937.68583
          0,           0,           5,      -4.686767034,      -2.148502468,      -2.567894332,      -2.869384876,       0.784703032,     0.05412424363,     0.05412424363,      0.5641937542,       566.4403367,       186467.7709,       186467.7709,       2.292035408,       578231.3649,       64.17570045,       127.6957392,         93.05223346,          0.749725079,                2.564937594,       575.5246723,       575.5246723,       197165.2151,       197165.2151,      -2784.933792,        0.06460652272,        -0.01048227909,       94626.35235,        91841.41856,           288.2660922,            287.2585801,            99576.31266,             97588.90248
          0,           0,           6,      -4.687078927,      -2.178307147,      -2.577585233,      -2.876259571,      0.7857687507,     0.05283565552,     0.05283565552,      0.5741153909,       565.9400526,       185694.0083,       185694.0083,       2.284920239,       578084.5833,       61.93930002,        133.184076,         91.98746432,          1.203398611,                2.155498757,       575.3785778,       575.3785778,       196785.4422,       196785.4422,      -3000.306534,        0.06383042114,        -0.01099476562,       94347.15744,        91346.85091,           287.9548647,            287.4237131,            99187.39318,             97598.04906
          0,           0,           7,      -4.690357775,      -2.209474533,      -2.592421913,      -2.888324185,      0.7842995291,     0.05203693533,     0.05203693533,      0.5852925801,       565.5883619,       185105.6107,       185105.6107,       2.279407734,       578168.1417,       61.15581941,       138.6061647,          90.9927133,          1.863584149,                 1.86511212,       575.4617451,       575.4617451,         196688.06,         196688.06,      -3204.671113,        0.06324822301,        -0.01121128768,       94155.14091,         90950.4698,           287.7415151,              287.72023,            98913.18365,             97774.87638
          0,           0,           8,      -4.697180036,      -2.225867711,      -2.606527098,      -2.899542948,      0.7784438217,     0.05164870024,     0.05164870024,      0.5976911062,       565.4253067,       184742.0745,       184742.0745,       2.275835914,       578516.9949,       61.11768063,       143.8899465,          90.0724487,           2.70206311,                1.650809719,       575.8089653,       575.8089653,       196911.6646,       196911.6646,      -3328.482162,        0.06283696621,        -0.01118826597,       94035.27831,        90706.79615,           287.6084288,            288.2005366,            98735.15462,             98176.50999
          0,           0,           9,       -4.70957452,       -2.22980328,       -2.61740911,      -2.907508635,      0.7657778849,     0.05158323454,     0.05158323454,       0.610153589,       565.3252663,       184475.8711,       184475.8711,       2.273136939,       578955.9379,       61.85270364,       149.0070798,         89.21532577,          3.844575487,                1.486537815,       576.2458536,       576.2458536,       197268.1699,       197268.1699,      -3465.273893,        0.06256022203,        -0.01097698749,        93970.5725,        90505.29861,           287.5372301,            288.7086235,               98631.06,             98637.10988
          0,           0,          10,       -4.72305823,      -2.233512176,       -2.62490786,      -2.912108846,      0.7514859151,     0.05177091443,     0.05177091443,      0.6227938172,       565.3077293,        184313.969,        184313.969,       2.271340814,       579505.3552,       62.96519074,       153.9426028,         88.40622247,          5.316004874,                1.356783553,       576.7926991,       576.7926991,        197766.973,        197766.973,      -3584.512005,         0.0623931878,        -0.01062227337,       93949.24049,        90364.72849,           287.5145911,             289.278108,            98585.55332,             99181.41965
          0,           0,          11,      -4.731655368,      -2.241759655,      -2.630307626,      -2.914483367,      0.7426867653,     0.05215204868,     0.05215204868,      0.6349159796,       565.3089279,       184192.9014,       184192.9014,       2.269929878,       580070.0846,       64.52068234,       158.7063108,         87.64215513,          7.341780398,                1.251527262,        577.354785,        577.354785,       198305.9047,       198305.9047,      -3727.086282,        0.06231249503,        -0.01016044635,       93959.99384,        90232.90756,           287.5272415,            289.8275435,            98584.05853,             99721.84618
          0,           0,          12,      -4.739070535,       -2.25269337,      -2.634536151,      -2.915620122,      0.7355221615,     0.05264297286,     0.05264297286,      0.6468816733,        565.335683,       184095.6823,       184095.6823,       2.268679261,       580670.6341,       66.05044306,       163.2407951,          86.9166171,          9.824707437,                  1.1652643,       577.9525234,       577.9525234,       198883.4801,       198883.4801,      -3891.743777,         0.0622978779,       -0.009654905038,       93993.71303,        90101.96925,           287.5652426,            290.3872808,            98614.66684,             100268.8133
          0,           0,          13,      -4.745908762,      -2.261126758,      -2.638213721,       -2.91631399,      0.7290629195,     0.05322387832,     0.05322387832,      0.6580556075,        565.353306,       184006.7618,       184006.7618,       2.267539316,       581242.6031,       67.90005192,       167.6258343,         86.21541074,          13.36705851,                1.092043205,        578.521815,        578.521815,       199449.6855,       199449.6855,       -4073.92179,        0.06232614387,       -0.009102265552,       94040.34178,        89966.41999,           287.6176521,            290.9041629,            98664.14719,             100785.5383
          0,           0,          14,      -4.755032011,      -2.266704485,      -2.641470104,      -2.917014961,      0.7198864298,     0.05389275741,     0.05389275741,      0.6685766663,       565.4826463,       184013.2765,       184013.2765,       2.267114298,         581912.04,       70.19354898,       171.7674576,         85.52488005,          18.96846863,                1.030088776,       579.1881183,       579.1881183,       200102.4219,       200102.4219,      -4174.316614,        0.06238399951,       -0.008491242096,       94093.79654,        89919.47992,           287.6771649,            291.5109535,            98724.60752,             101377.8144
          0,           0,          15,      -4.764912998,      -2.270176811,      -2.644076005,      -2.917616184,      0.7098274551,     0.05459349101,     0.05459349101,      0.6785665644,       565.5637165,       183994.2943,       183994.2943,       2.266557713,       582524.6997,        72.6870438,       175.8016279,         84.84384169,          27.98256017,               0.9755255268,       579.7979102,       579.7979102,       200723.7789,       200723.7789,      -4305.977391,        0.06245989484,       -0.007866403828,       94150.13585,        89844.15846,           287.7398166,            292.0580935,            98790.51924,             101933.2597
          0,           0,          16,       -4.77570572,      -2.271653866,      -2.645849382,      -2.917947425,      0.6989576691,     0.05532358212,     0.05532358212,      0.6885509813,       565.6220035,       183970.4532,       183970.4532,       2.266026537,       583129.3625,       75.34750221,        179.778549,         84.16840964,          43.75374091,               0.9265183372,       580.3997425,       580.3997425,       201364.5107,       201364.5107,      -4443.982803,        0.06254717131,       -0.007223589191,       94207.21802,        89763.23522,           287.8031184,            292.5966241,            98858.81365,              102505.697
          0,           0,          17,      -4.787760315,      -2.270711253,      -2.646610817,      -2.917737647,       0.686871165,     0.05605579416,     0.05605579416,      0.6984791562,        565.611299,       183906.3453,       183906.3453,       2.265271198,       583678.3512,       78.07044988,        183.766997,         83.49715393,          73.82652596,               0.8815491613,       580.9461614,       580.9461614,       201987.7962,       201987.7962,      -4618.463087,         0.0626393096,       -0.006583515436,       94262.40417,        89643.94108,           287.8642872,            293.0818743,            98925.97558,             103061.8206
          0,           0,          18,      -4.801688044,      -2.267371192,      -2.646330664,      -2.917022186,      0.6729003211,     0.05680023089,     0.05680023089,      0.7080243017,       565.6193975,       183866.8231,       183866.8231,       2.264739323,       584247.5933,       81.03120726,       187.6662875,         82.82605337,          147.3923839,               0.8409130054,       581.5127389,       581.5127389,       202649.4732,       202649.4732,        -4760.2442,        0.06273161597,       -0.005931385077,       94313.53363,        89553.28943,           287.9209894,            293.5917495,            98989.22443,             103660.2487
          0,           0,          19,      -4.817479786,      -2.262787554,      -2.645141851,       -2.91574266,      0.6571637479,     0.05755741606,     0.05755741606,      0.7173261108,       565.6024837,       183817.6749,       183817.6749,       2.264187198,       584798.8781,       84.17718362,       191.5204186,          82.1511819,          410.8320344,               0.8036129059,       582.0614431,       582.0614431,       203322.2067,       203322.2067,      -4900.620716,        0.06282148423,       -0.005264068172,       94359.14781,         89458.5271,           287.9717176,            294.0897256,            99046.76818,             104275.4385
          0,           0,          20,      -4.835132476,       -2.25782217,      -2.643176178,      -2.913757278,      0.6396960556,     0.05832330461,     0.05832330461,      0.7262294354,       565.5780664,       183773.5141,       183773.5141,       2.263724479,       585343.3252,       87.57522143,       195.2914626,         81.48794839,          3720.088674,               0.7696442641,       582.6033417,       582.6033417,       204015.7635,       204015.7635,      -5024.536978,        0.06290673052,       -0.004583425915,       94399.02553,        89374.48855,           288.0162044,            294.5871373,            99098.07297,             104917.6905
          0,           0,          21,      -4.853069432,      -2.253304205,      -2.640799247,      -2.911190271,      0.6222136587,     0.05908458907,     0.05908458907,      0.7349205319,       565.5303782,       183720.4141,       183720.4141,       2.263241557,       585873.8505,       91.19949328,        198.980705,         80.82776478,          3713.298772,                 0.73849442,       583.1313836,       583.1313836,       204727.0171,       204727.0171,      -5146.418338,        0.06298582074,       -0.003901231669,       94433.41624,         89286.9979,           288.0547039,            295.0766797,            99143.15383,             105583.8633
          0,           0,          22,      -4.869253466,      -2.250701499,      -2.638496744,      -2.908320273,      0.6066219677,     0.05983358745,     0.05983358745,      0.7437487967,       565.4527692,       183650.3222,       183650.3222,       2.262665871,       586401.6432,       95.02533516,       202.5876018,         80.17747244,           415.629059,               0.7098881845,       583.6567057,       583.6567057,       205470.9695,       205470.9695,      -5274.195662,         0.0630580471,        -0.00322445965,       94462.25893,        89188.06327,            288.087153,            295.5695527,            99181.84785,             106289.1216
          0,           0,          23,      -4.881475632,      -2.251349884,      -2.636574967,      -2.905267198,      0.5949674542,      0.0605722955,      0.0605722955,      0.7523249704,       565.3607951,       183576.7529,       183576.7529,       2.262102517,        586925.403,        99.1081501,       206.0738986,         79.53200103,          147.9369229,               0.6837198804,       584.1780138,       584.1780138,       206243.9855,       206243.9855,      -5393.976455,        0.06312360445,       -0.002551308946,       94485.36468,        89091.38822,           288.1134371,            296.0645767,            99214.00223,             107029.9833
          0,           0,          24,       -4.88840151,      -2.255590114,      -2.635196726,      -2.901945857,      0.5884681647,     0.06129774617,     0.06129774617,      0.7609939328,        565.251849,       183497.3547,       183497.3547,       2.261533244,       587461.8428,       103.4676402,       209.4391347,         78.89175086,          73.98196955,               0.6597098866,       584.7119425,       584.7119425,        207070.661,        207070.661,      -5509.552211,        0.06318261857,       -0.001884872395,       94503.45345,        88993.90124,           288.1343054,            296.5776371,            99240.33386,             107830.3272
          0,           0,          25,      -4.890875241,      -2.262858342,      -2.634300622,      -2.898294328,      0.5861112198,     0.06200665837,     0.06200665837,      0.7698889232,       565.1265434,        183413.043,        183413.043,       2.260967252,       588020.9509,       108.1129792,       212.6827646,         78.25751266,          43.59237606,               0.6376204139,       585.2684335,       585.2684335,       207968.0378,       207968.0378,      -5621.999379,        0.06323474093,       -0.001228082563,       94517.52119,        88895.52181,           288.1508135,              297.11762,            99261.75463,             108706.2831
          0,           0,          26,      -4.890270154,      -2.272104704,       -2.63366821,      -2.894420643,      0.5867108767,     0.06269894995,     0.06269894995,      0.7791310892,       564.9814246,       183321.7677,       183321.7677,       2.260392815,       588608.2365,        113.056769,       215.8130579,         77.62968764,          28.25988258,               0.6172076301,         585.85297,         585.85297,       208949.8885,       208949.8885,      -5735.062329,        0.06328029303,      -0.0005813430843,       94528.41502,        88793.35269,           288.1636423,            297.6893277,            99279.12887,             109670.7597
          0,           0,          27,      -4.888513399,      -2.282147173,      -2.633087323,      -2.890600142,      0.5885197584,      0.0633767128,      0.0633767128,      0.7888143396,       564.8197879,       183229.8435,       183229.8435,       2.259874908,       589236.5903,       118.3459366,       218.8385651,         77.00765757,          19.43505828,                0.598255417,       586.4783825,       586.4783825,       210041.7711,       210041.7711,      -5843.710268,         0.0633193668,         5.7346003e-05,       94536.77688,        88693.06661,           288.1735495,             298.304833,            99293.09088,             110748.6802
          0,           0,          28,      -4.886999913,      -2.292242624,      -2.632968818,       -2.88766803,      0.5901475512,     0.06398451978,     0.06398451978,      0.7977312254,        564.585929,       183079.8835,       183079.8835,       2.258910863,       589731.2813,       123.4360844,        221.613494,         76.38803632,          14.38648004,               0.5812356474,       586.9707578,       586.9707578,       210963.6895,       210963.6895,      -6006.020018,        0.06335243682,       0.0006320829534,       94542.95176,        88536.93174,           288.1808546,            298.7899032,            99304.04254,              111659.647
          0,           0,          29,      -4.886042094,      -2.301900496,       -2.63250316,       -2.88513622,      0.5913960855,     0.06455322777,     0.06455322777,      0.8061793147,        564.369791,       182938.4315,       182938.4315,       2.257981907,       590229.0134,       128.5587999,       224.2016395,         75.77290787,          11.05944451,               0.5656891372,       587.4661601,       587.4661601,       211887.1735,       211887.1735,      -6155.891236,        0.06338001454,        0.001173213229,       94547.16135,        88391.27012,           288.1859515,            299.2802086,            99312.27541,             112574.8981
          0,           0,          30,      -4.885615267,      -2.311064628,      -2.632223641,      -2.883657556,      0.5921817936,     0.06509594956,     0.06509594956,      0.8147154525,       564.1408622,       182792.3218,       182792.3218,       2.257042218,       590735.9002,       133.8573834,       226.6580148,         75.16471849,          8.681806101,               0.5512715097,       587.9706741,       587.9706741,        212851.566,        212851.566,      -6306.887724,        0.06340247075,        0.001693478817,       94549.60478,        88242.71705,           288.1890556,            299.7816185,            99318.03541,             113533.5306
          0,           0,          31,      -4.885490969,      -2.319952964,      -2.631985865,      -2.882923016,      0.5926711418,     0.06562574469,     0.06562574469,       0.823585744,       563.9107693,       182651.8351,       182651.8351,       2.256175633,       591286.5001,       139.4268965,       229.0248958,          74.5681898,          6.897680268,               0.5377590152,       588.5186967,       588.5186967,       213908.3635,       213908.3635,      -6449.550746,        0.06342046645,        0.002205278245,       94550.69292,        88101.14217,           288.1906531,            300.3280436,            99321.81816,             114586.5453
          0,           0,          32,      -4.885338521,       -2.32885684,        -2.6319325,      -2.882734152,      0.5931670277,       0.066143348,       0.066143348,      0.8329217053,        563.675637,       182516.5916,       182516.5916,       2.255393858,       591886.8595,        145.272382,       231.3297975,         73.98823558,          5.531241817,               0.5250178523,       589.1162458,       589.1162458,       215075.1011,       215075.1011,      -6585.056787,        0.06343447885,        0.002708869146,       94550.82418,        87965.76739,            288.191064,            300.9251819,            99324.07696,             115751.0241
          0,           0,          33,      -4.884748998,      -2.338064776,      -2.632154736,      -2.883024998,      0.5940588865,     0.06664593698,     0.06664593698,       0.842736583,       563.4361825,       182387.6528,       182387.6528,       2.254709081,       592539.6006,       151.3613209,        233.595179,         73.42841602,          4.472992592,               0.5129426905,       589.7659314,       589.7659314,       216358.9496,       216358.9496,      -6712.742453,        0.06344484846,        0.003201088517,       94550.19761,        87837.45516,           288.1904799,            301.5754515,            99325.05345,             117033.8961
          0,           0,          34,      -4.883537094,      -2.347747185,      -2.634860116,      -2.885173316,      0.5953948202,     0.06699537933,     0.06699537933,       0.850031747,       563.0777272,       182142.8377,       182142.8377,       2.253018322,       592844.6174,       156.3747151,       235.4895918,         72.88089392,          3.802888952,               0.5025745218,       590.0695205,       590.0695205,       217105.2208,       217105.2208,      -6955.170558,         0.0634520821,        0.003543297231,       94549.00415,        87593.83359,           288.1891529,            301.8803676,            99325.00793,             117780.2129
          0,           0,          35,       -4.88156089,      -2.358158151,      -2.637185303,      -2.887200053,       0.597525098,     0.06730244406,     0.06730244406,      0.8573032918,       562.7088949,       181888.6526,       181888.6526,        2.25123326,       593135.8553,       161.3281882,        237.294748,         72.34509681,          3.263435684,               0.4928324259,       590.3593951,       590.3593951,        217824.642,        217824.642,      -7206.160645,        0.06345652414,        0.003845919914,       94547.40664,          87341.246,           288.1873088,            302.1720863,             99324.1492,             118500.4928
          0,           0,          36,      -4.878778516,      -2.369420789,      -2.640234171,      -2.889706645,      0.6004428353,     0.06757246571,     0.06757246571,      0.8646665491,       562.3348173,       181631.9794,       181631.9794,        2.24942418,       593427.7634,       166.2355013,       239.0383415,         71.82128276,          2.821396953,               0.4835918954,       590.6499367,       590.6499367,       218542.4302,       218542.4302,      -7459.157639,        0.06345859292,        0.004113872788,        94545.5685,        87086.41086,           288.1851689,            302.4647678,            99322.69791,             119219.7323
          0,           0,          37,      -4.875264542,      -2.381578327,      -2.644007646,      -2.892678003,      0.6041084663,     0.06784047813,     0.06784047813,      0.8724432242,       561.9773056,       181394.2312,       181394.2312,       2.247779356,       593778.0488,       171.3401848,       240.7502783,         71.31560722,          2.434475392,               0.4747741037,       590.9985824,       590.9985824,       219352.2695,       219352.2695,      -7692.983138,        0.06345870898,        0.004381769156,       94543.60717,        86850.62404,           288.1828419,            302.8157405,            99320.83049,              120031.439
          0,           0,          38,      -4.871188194,      -2.394697953,      -2.648567271,      -2.896125837,      0.6083840873,     0.06810520006,     0.06810520006,      0.8802498591,       561.6439773,       181191.9267,       181191.9267,       2.246479574,        594174.152,       176.4867877,       242.4722467,         70.83089746,          2.107694867,                0.466254035,       591.3928315,       591.3928315,       220254.0027,       220254.0027,      -7891.216043,        0.06345723554,        0.004647964521,       94541.57135,        86650.35531,           288.1803481,            303.2124834,            99318.64787,             120935.3549
          0,           0,          39,      -4.866749839,      -2.408705712,      -2.653835258,      -2.900040707,      0.6130976206,     0.06837227369,     0.06837227369,      0.8881875328,       561.3308029,       181024.5811,       181024.5811,       2.245538485,       594621.2316,       181.6560625,       244.2244448,         70.37459496,          1.830977766,               0.4580148121,       591.8378184,       591.8378184,       221267.1989,       221267.1989,      -8054.458558,        0.06345468451,        0.004917589181,       94539.51984,        86485.06129,           288.1777634,            303.6600549,            99316.28433,             121950.9146
          0,           0,          40,      -4.862308643,      -2.423280393,      -2.659695505,      -2.904335794,       0.617926647,     0.06864372115,     0.06864372115,       0.896800481,       561.0279263,       180884.9994,       180884.9994,       2.244908765,       595146.4356,       186.9573966,       246.0212652,         69.96012059,          1.589120151,               0.4500983033,       592.3605638,       592.3605638,       222441.8193,       222441.8193,      -8190.045153,        0.06345141355,        0.005192307601,       94537.52229,        86347.47713,           288.1751744,            304.1853895,            99313.86176,             123127.9575
          0,           0,          41,      -4.858321501,       -2.43785068,      -2.665900086,      -2.909092928,      0.6223973916,     0.06890904734,     0.06890904734,      0.9060214342,        560.715377,       180762.6335,       180762.6335,       2.244537821,       595720.5543,       192.2957806,       247.8607579,          69.5917229,          1.381076896,               0.4425337451,       592.9319952,       592.9319952,       223755.5725,       223755.5725,      -8308.661231,        0.06344770282,         0.00546134452,       94535.64736,        86226.98612,           288.1726492,            304.7593459,            99311.48894,             124444.0836
          0,           0,          42,      -4.855139116,      -2.451519213,      -2.674939217,      -2.915493552,      0.6259936244,     0.06901754562,     0.06901754562,      0.9138911118,       560.2549156,       180514.0627,       180514.0627,       2.243131548,       595988.1338,       196.6554525,       249.4014417,         69.25263481,          1.233325887,               0.4361343412,       593.1983221,       593.1983221,       224627.6416,       224627.6416,      -8553.833103,        0.06344370188,        0.005573843739,       94533.94788,        85980.11478,           288.1702536,            305.0280685,            99309.24005,             125318.4015
          0,           0,          43,      -4.853087523,       -2.46326916,      -2.682543678,      -2.921773291,      0.6284972952,     0.06905254821,     0.06905254821,      0.9205701123,        559.770694,       180237.7274,       180237.7274,       2.241435815,       596124.3246,       200.3318808,       250.8390752,         68.93792765,          1.124749379,               0.4302816728,       593.3338754,       593.3338754,       225277.7973,       225277.7973,      -8827.175519,        0.06343951459,        0.005613033623,       94532.45146,        85705.27595,            288.168012,            305.1658633,            99307.15752,             125970.6398
          0,           0,          44,      -4.852279945,      -2.472214163,        -2.6892832,      -2.927296584,      0.6296848858,     0.06903716805,     0.06903716805,      0.9266575151,       559.2963957,       179954.1841,       179954.1841,       2.239579828,       596211.7296,       203.5526144,       252.2180009,         68.64537998,          1.040437243,               0.4248216501,       593.4208713,       593.4208713,       225800.3644,       225800.3644,      -9108.143492,        0.06343519366,        0.005601974397,       94531.16382,        85423.02033,           288.1659479,            305.2549234,            99305.25529,             126495.1091
          0,           0,          45,       -4.85275467,      -2.477861617,      -2.694826051,      -2.932799572,      0.6294527818,     0.06899877143,     0.06899877143,      0.9327912877,       558.8278596,       179675.1887,       179675.1887,       2.237731619,       596302.4347,       206.5648753,       253.6116611,         68.37663943,         0.9697258377,               0.4195622872,       593.5111517,       593.5111517,       226315.0253,       226315.0253,      -9384.983163,        0.06343082886,        0.005567942571,       94530.08592,        85145.10276,           288.1640707,             305.347081,            99303.54822,             127011.4771
          0,           0,          46,      -4.854266826,      -2.480332103,      -2.699042418,      -2.937921669,       0.628014696,      0.0689509091,      0.0689509091,      0.9391851967,       558.3586437,       179406.1356,       179406.1356,       2.235988554,       596409.3122,         209.45028,        255.055718,         68.13387684,         0.9089452404,               0.4144247543,        593.617529,        593.617529,       226870.4546,       226870.4546,      -9652.290221,        0.06342652384,        0.005524385263,       94529.21291,        84876.92269,           288.1623825,            305.4551464,            99302.04766,             127568.4069
          0,           0,          47,      -4.856758021,      -2.480267953,      -2.701906618,      -2.942616393,      0.6254256948,     0.06890869997,     0.06890869997,      0.9460942596,         557.87536,       179145.1203,       179145.1203,       2.234378185,       596541.5098,       212.3052012,       256.5844011,         67.91563592,         0.8547288542,               0.4093187009,       593.7491078,       593.7491078,       227510.0365,       227510.0365,      -9911.947787,        0.06342234553,        0.005486354433,       94528.53403,        84616.58625,           288.1608881,            305.5882197,            99300.75379,             128209.2828
          0,           0,          48,      -4.859843684,      -2.478638663,      -2.703539113,       -2.94689222,      0.6221270847,     0.06887894343,     0.06887894343,      0.9537113866,       557.3558621,       178882.3965,       178882.3965,       2.232856582,       596693.4896,       215.1881758,       258.2294107,         67.72487224,         0.8054059942,               0.4041931842,       593.9003762,       593.9003762,       228257.4185,       228257.4185,      -10173.68007,        0.06341835238,        0.005460591049,       94528.03829,        84354.35822,           288.1595811,             305.740795,            99299.66509,             128957.7534
          0,           0,          49,      -4.863267032,      -2.476297687,      -2.704200706,      -2.950928127,      0.6184206105,     0.06885036852,     0.06885036852,      0.9618404328,       556.7596455,       178596.0004,       178596.0004,       2.231289522,       596807.9702,       217.9841288,       260.0140346,         67.55985052,         0.7642154531,               0.3989949743,       594.0143208,       594.0143208,       229072.5562,       229072.5562,       -10459.4261,        0.06341458259,        0.005435785931,       94527.71325,        84068.28715,           288.1584488,            305.8558721,            99298.77547,             129773.7808
          0,           0,          50,      -4.867042084,      -2.473865353,      -2.704139228,      -2.954472106,      0.6143309551,      0.0688110144,      0.0688110144,      0.9698006028,       556.1181976,       178297.2205,       178297.2205,       2.229703132,       596860.9611,       220.4684339,       261.8870862,         67.41692546,         0.7352673141,               0.3938338615,       594.0670637,       594.0670637,       229879.7957,       229879.7957,      -10757.87452,        0.06341105869,        0.005399955716,       94527.54753,        83769.67301,            288.157491,            305.9095728,            99298.07764,             130581.7181
          0,           0,          51,      -4.870764502,       -2.47165951,      -2.704325149,      -2.957808572,       0.610299256,     0.06865373569,     0.06865373569,       0.976771613,       555.3845336,       177898.3093,       177898.3093,        2.22713798,       596705.1344,       222.1937385,       263.6197544,         67.28310038,         0.7244964827,               0.3891488306,       593.9119664,       593.9119664,       230349.8816,       230349.8816,      -11156.73041,        0.06340779066,        0.005245945022,       94527.51987,        83370.78946,           288.1566891,            305.7552773,            99297.55271,             131052.3289
          0,           0,          52,      -4.874591457,      -2.469725389,       -2.70429934,      -2.960460272,      0.6061515341,     0.06829732441,     0.06829732441,       0.981529487,       554.5694806,       177361.5023,       177361.5023,        2.22302162,       596230.2821,       222.6583099,        265.064006,         67.14132506,         0.7410143517,               0.3851394159,       593.4393369,       593.4393369,       230178.7347,       230178.7347,       -11693.7214,        0.06340477866,        0.004892545748,       94527.61184,        82833.89045,           288.1560357,            305.2833012,            99297.18311,             130881.5516
          0,           0,          53,       -4.87858452,      -2.468008334,      -2.703059626,      -2.961681787,      0.6018802626,     0.06783587656,     0.06783587656,      0.9850574766,       553.7934528,       176789.2577,       176789.2577,       2.218168072,       595668.0061,        222.435041,       266.4197583,         66.98610655,         0.7740090551,               0.3813100386,       592.8796929,       592.8796929,       229674.7139,       229674.7139,      -12266.33724,        0.06340202569,        0.004433850863,       94527.79746,        82261.46023,           288.1555097,            304.7241832,            99296.94431,             130377.7696
          0,           0,          54,      -4.882818409,      -2.466295784,      -2.701464288,      -2.961294893,      0.5974412468,     0.06731177738,     0.06731177738,      0.9879977476,       553.0259353,        176195.606,        176195.606,       2.212864491,       595044.8088,       221.7790947,       267.7694904,         66.81279748,         0.8191844335,               0.3774512965,       592.2594128,       592.2594128,       228979.5734,       228979.5734,      -12860.48915,        0.06339953331,        0.003912244071,       94528.04758,        81667.55843,           288.1550799,            304.1043329,            99296.80831,             129682.7651
          0,           0,          55,      -4.887193829,       -2.46446465,      -2.699419718,       -2.95940357,      0.5929457327,     0.06674455969,     0.06674455969,      0.9905853892,       552.2552266,       175598.9381,       175598.9381,       2.207385338,       594366.6413,       220.7865627,       269.1393306,         66.62131839,         0.8754163427,               0.3735090892,       591.5844198,       591.5844198,       228168.7623,       228168.7623,      -13457.73153,        0.06339730712,        0.003347252569,       94528.33482,        81070.60329,           288.1547251,            303.4296947,            99296.74958,             128872.0127
          0,           0,          56,      -4.891712839,      -2.462451626,      -2.696785559,      -2.956079675,      0.5883599957,      0.0661398617,      0.0661398617,      0.9928032312,       551.5076231,       175019.0246,       175019.0246,        2.20189044,       593660.3844,       219.4794918,        270.521742,         66.41297913,          0.943052494,               0.3695091841,       590.8814689,       590.8814689,        227273.776,        227273.776,      -14038.22835,        0.06339536299,        0.002744498713,       94528.62649,        80490.39815,           288.1544234,            302.7270455,            99296.73904,             127977.0369
          0,           0,          57,      -4.896200646,      -2.460305793,      -2.693349936,      -2.951794752,      0.5838720686,      0.0654867578,      0.0654867578,      0.9943952225,       550.7992333,       174461.0412,       174461.0412,       2.196388676,       592919.0959,       217.7736894,        271.872927,         66.19452274,          1.025184084,               0.3655779433,       590.1436503,       590.1436503,       226254.8857,       226254.8857,      -14596.73298,        0.06339372358,        0.002093034223,        94528.8871,        79932.15412,           288.1541423,             301.989508,            99296.74573,               126958.14
          0,           0,          58,      -4.900569025,      -2.458116177,      -2.688901662,       -2.94665612,      0.5795657137,      0.0647877679,      0.0647877679,      0.9951324252,       550.1762357,       173949.0076,       173949.0076,       2.191022347,       592175.1719,       215.6445695,       273.1687581,         65.98008667,          1.124264897,               0.3618361926,       589.4032086,       589.4032086,       225098.9255,       225098.9255,      -15109.17672,        0.06339241771,        0.001395350191,       94529.09218,        79419.91546,           288.1538668,            301.2493418,             99296.7504,             125802.1751
          0,           0,          59,      -4.904726301,      -2.455997312,      -2.683852657,      -2.941188353,       0.575584936,     0.06403941947,     0.06403941947,      0.9948259157,       549.6612214,       173495.5971,       173495.5971,       2.185892723,       591437.6185,       213.0547317,       274.3741856,         65.78682667,          1.243763371,               0.3584370092,       588.6691077,       588.6691077,       223783.0923,       223783.0923,      -15562.86062,         0.0633914725,       0.0006479469773,       94529.22887,        78966.36825,           288.1535911,            300.5155166,            99296.74469,             124486.3476
          0,           0,          60,      -4.908728422,      -2.454070261,      -2.679623466,      -2.937126019,      0.5718783826,     0.06325574838,     0.06325574838,      0.9939933388,       549.2122741,       173094.8982,       173094.8982,       2.181098809,       590710.5691,       210.1436341,       275.5406523,         65.62783859,          1.383575812,               0.3553418681,       587.9454616,       587.9454616,       222425.8133,       222425.8133,      -15963.66183,        0.06339092306,      -0.0001351746836,       94529.27999,        78565.61817,           288.1533074,            299.7921542,            99296.71726,              123129.096
          0,           0,          61,      -4.912385135,      -2.452547905,      -2.676082077,      -2.933238424,      0.5686214702,     0.06243750278,     0.06243750278,      0.9925407756,       548.8508627,        172756.538,        172756.538,       2.176759297,       590012.3601,       206.8959327,       276.6252735,         65.52447803,          1.547254243,               0.3527377556,       587.2505209,       587.2505209,       221064.1876,       221064.1876,      -16301.91338,        0.06339082029,      -0.0009533175108,       94529.22567,        78227.31229,           288.1530014,            299.0975195,            99296.65651,             121767.5311
          0,           0,          62,      -4.915402588,      -2.451533422,      -2.671881212,      -2.927034361,      0.5660483856,     0.06157771442,     0.06157771442,      0.9900943198,       548.6119027,       172487.4248,       172487.4248,       2.172891322,       589352.0004,       203.2420446,       277.5778218,         65.47843716,          1.741918278,                0.350714751,       586.5932523,       586.5932523,       219626.3786,       219626.3786,      -16570.68701,        0.06339121776,       -0.001813503344,       94529.05591,         77958.3689,           288.1526684,            298.4405839,            99296.56073,             120329.8179
          0,           0,          63,      -4.917702525,      -2.450984371,      -2.666649902,      -2.920555034,      0.5643974109,     0.06068520643,     0.06068520643,      0.9867518063,       548.5539154,       172306.7776,       172306.7776,       2.169598636,       588814.0306,       199.2434544,       278.4013263,         65.53678399,          1.972078905,               0.3495040086,       586.0578007,       586.0578007,       218217.2657,       218217.2657,      -16750.77489,        0.06339216201,       -0.002706955585,       94528.77624,        77778.00135,           288.1523248,             297.905476,             99296.4423,             118920.8234
          0,           0,          64,      -4.919366927,       -2.45096405,      -2.662420726,      -2.916051533,      0.5630709523,     0.05969801771,     0.05969801771,      0.9823647202,       548.5624328,        172161.109,        172161.109,       2.166520165,       588239.6662,       194.5916768,       279.0157756,         65.71716713,          2.263318479,                0.349332099,       585.4861249,       585.4861249,       216737.8214,       216737.8214,      -16895.65726,        0.06339369918,       -0.003695681474,       94528.38311,        77632.72585,           288.1519686,            297.3341563,            99296.30463,             117441.5168
          0,           0,          65,      -4.920395641,      -2.451522741,      -2.658073727,      -2.913511002,      0.5624496571,     0.05862812216,     0.05862812216,      0.9765879084,       548.7221608,        172092.763,        172092.763,       2.163997081,       587702.4681,       189.2693221,       279.3277991,         66.10019892,          2.634367228,               0.3507849353,       584.9514415,       584.9514415,       215217.1113,       215217.1113,      -16962.99865,        0.06339586644,       -0.004767744277,       94527.88081,        77564.88216,           288.1516115,            296.7998299,            99296.15744,             115920.9539
          0,           0,          66,      -4.920691052,      -2.452684726,      -2.652841498,      -2.909702912,      0.5626377282,     0.05749531798,     0.05749531798,      0.9698488477,       549.0489244,        172120.152,        172120.152,       2.162197103,       587261.3526,        183.412824,       279.3617407,         66.73388256,          3.105572863,                0.354070012,       584.5123908,       584.5123908,       213779.8516,       213779.8516,      -16934.35245,        0.06339870234,       -0.005903384358,       94527.25224,        77592.89979,           288.1512428,             296.361148,            99295.98999,             114483.8616
          0,           0,          67,      -4.920135016,      -2.454362225,      -2.643256752,      -2.902737962,      0.5638696541,     0.05631952629,     0.05631952629,      0.9633341946,       549.4834113,       172218.9214,       172218.9214,       2.161010692,       586953.3027,       177.2505398,        279.190499,         67.68975595,          3.697202793,               0.3594422386,       584.2057829,       584.2057829,       212734.9762,       212734.9762,      -16834.03769,        0.06340225748,        -0.00708273119,       94526.47956,        77692.44188,           288.1508581,            296.0549248,             99295.7928,             113439.1834
          0,           0,          68,      -4.920004977,      -2.456512547,      -2.638794857,      -2.900581523,      0.5639560213,      0.0549919397,      0.0549919397,      0.9552610975,        549.983059,          172328.7,          172328.7,       2.159959021,       586574.3309,       169.9763292,        278.412101,         69.08016556,          4.544260352,               0.3682964963,       583.8285851,       583.8285851,       211577.3413,       211577.3413,      -16722.38442,        0.06340658843,       -0.008414648729,       94525.54222,         77803.1578,            288.150442,            295.6781431,            99295.55451,             112281.7868
          0,           0,          69,      -4.918349852,      -2.459042157,      -2.624048166,      -2.884563189,      0.5665048954,     0.05363085324,     0.05363085324,      0.9470026209,       550.7880173,       172567.8095,       172567.8095,       2.159941089,       586541.9657,       162.3352336,       277.1420065,         70.90368597,          5.686057648,               0.3805233841,       583.7963713,       583.7963713,       210872.2541,       210872.2541,      -16481.04155,        0.06341175746,       -0.009780904222,       94524.42553,        78043.38398,           288.1499964,             295.646375,            99295.27059,             111576.9835
          0,           0,          70,      -4.910683662,      -2.461908361,      -2.561577866,      -2.842388878,      0.5838881352,     0.05222466885,     0.05222466885,      0.9332171869,       552.1734214,       172855.4545,       172855.4545,       2.159747321,       586798.9668,       153.6869171,       275.1794067,         72.84225979,          7.444900938,               0.3949992205,       584.0521694,       584.0521694,       209053.9798,       209053.9798,      -16190.78656,        0.06341782663,        -0.01119315779,       94523.12051,        78332.33395,           288.1495161,            295.9026533,            99294.94175,              109759.038
          0,           0,          71,      -4.902371975,      -2.465446019,       -2.51633976,      -2.797305978,       0.601275885,     0.05108985442,     0.05108985442,      0.9201277178,       553.9518442,       173129.8287,       173129.8287,       2.159257117,       587642.7366,       146.3263217,       273.7461417,         74.52559762,          9.630263399,               0.4072315019,       584.8919896,       584.8919896,       207535.9467,       207535.9467,      -15913.39935,        0.06342488232,         -0.0123350279,         94521.614,        78608.21465,           288.1490066,             296.742983,            99294.56857,             108241.3782
          0,           0,          72,       -4.89829001,      -2.468950389,      -2.508040805,      -2.779117623,      0.6086794364,     0.05020459226,     0.05020459226,       0.909736859,       556.1706204,        173494.329,        173494.329,       2.159007722,       589272.3603,       140.4408772,       273.1329045,         76.19920932,          12.16971325,               0.4177451709,       586.5139851,       586.5139851,       206681.3833,       206681.3833,      -15545.41212,        0.06343301626,          -0.013228424,       94519.87058,        78974.45846,           288.1484434,            298.3655416,            99294.13084,             107387.2524
          0,           0,          73,      -4.898873065,      -2.474586614,      -2.516832568,      -2.806310928,      0.6047230365,     0.04959934803,     0.04959934803,      0.9030620447,       558.7023882,       174154.7199,       174154.7199,       2.161483872,       591574.6107,       136.2939901,       272.9112631,         77.59376787,          14.60251456,               0.4259004805,       588.8054586,       588.8054586,       206997.7079,       206997.7079,      -14880.98188,        0.06344233429,        -0.01384298626,       94517.85089,        79636.86901,           288.1477981,            300.6576605,            99293.60674,             107704.1012
          0,           0,          74,       -4.88817068,      -2.476852865,      -2.483833901,      -2.776918577,      0.6244731868,     0.04981849143,     0.04981849143,      0.9056898824,       561.7473128,       174996.8078,       174996.8078,       2.164784589,       595257.9603,       137.1018306,       275.2064704,          78.6078557,          14.46078452,               0.4261749693,       592.4715665,       592.4715665,       208670.7606,       208670.7606,      -14034.24608,        0.06345295905,        -0.01363446762,       94515.52695,        80481.28087,            288.147076,            304.3244905,            99292.98835,             109377.7722
          0,           0,          75,      -4.895842511,       -2.48391037,      -2.529466491,      -2.815455681,       0.607903088,      0.0498531774,      0.0498531774,      0.9043049663,        564.990518,       176151.7502,       176151.7502,       2.170737851,       598701.1369,       136.0162756,       276.0316058,          79.3530151,          15.35354766,               0.4283455775,       595.8986257,       595.8986257,       210367.4827,       210367.4827,      -12873.97868,        0.06346502055,        -0.01361184315,       94512.86444,        81638.88577,           288.1462596,            307.7523661,            99292.26251,             111075.2202
          0,           0,          76,       -4.89237237,      -2.487493394,       -2.52568208,      -2.810742844,      0.6118862774,     0.05036243052,     0.05036243052,       0.907162183,        568.484936,       177604.1172,       177604.1172,       2.178659208,       602741.4887,       137.1114996,       277.7840119,         79.78711718,           14.9078418,               0.4267368837,       599.9200646,       599.9200646,       212980.3496,       212980.3496,      -11415.54521,         0.0634786437,        -0.01311621318,        94509.8312,        83094.28599,           288.1453375,            311.7747272,            99291.41754,              113688.932
          0,           0,          77,      -4.895121025,      -2.493081302,      -2.551884845,      -2.827709094,      0.6046730912,        0.05057579,        0.05057579,      0.9057759293,       571.7780498,       179215.5844,       179215.5844,        2.18803841,       606062.7901,       135.7251088,       278.1559787,         79.99114244,           15.9684016,               0.4270357758,       603.2258191,       603.2258191,       215192.9884,       215192.9884,      -9797.210113,        0.06349395256,        -0.01291816256,       94506.39725,        84709.18714,           288.1443364,            315.0814827,            99290.44442,             115902.5439
          0,           0,          78,        -4.8959128,      -2.499643971,      -2.556312607,       -2.82689746,      0.6014076842,     0.05070527037,     0.05070527037,      0.9048698205,       574.3997958,       180809.7175,       180809.7175,       2.198311851,        608667.755,       133.7901006,       278.3112788,         79.98089437,          17.55146031,               0.4266897979,       605.8185901,       605.8185901,       217406.7869,       217406.7869,      -8195.380608,        0.06351114601,        -0.01280587565,       94502.54907,        86307.16846,           288.1432618,            317.6753284,            99289.36075,             118117.4261
          0,           0,          79,      -4.900538516,      -2.508057161,      -2.564509083,      -2.835858083,      0.5920922682,     0.05019334855,     0.05019334855,      0.9010584855,       575.9890616,       181927.4812,       181927.4812,        2.20580423,       609876.8973,       128.9209593,       277.5033595,         79.75942122,          22.32289213,               0.4273984152,       607.0220724,       607.0220724,       218427.8658,       218427.8658,      -7068.957992,        0.06353033043,        -0.01333698189,       94498.21957,        87429.26158,           288.1420377,            318.8800347,            99288.11822,             119139.7475
          0,           0,          80,      -4.903526019,      -2.516061568,      -2.557759735,      -2.833831723,      0.5860563645,     0.04927745844,     0.04927745844,      0.8978011584,       576.4864898,       182527.0313,       182527.0313,       2.210887469,       609982.0775,       122.8187293,       276.4117484,         79.37654061,          31.51350409,               0.4279015975,       607.1267604,       607.1267604,       218798.1315,       218798.1315,      -6459.798892,        0.06355174493,        -0.01427428648,       94493.41511,        88033.61622,           288.1406883,            318.9860721,            99286.75986,             119511.3716
          0,           0,          81,      -4.905201696,      -2.522792557,      -2.555610995,      -2.826352155,      0.5820079306,     0.04804066932,     0.04804066932,      0.8953428493,        576.194294,        182678.072,        182678.072,       2.213574057,        609319.495,       115.7770568,       275.1671014,         79.08550952,          51.26499829,               0.4292671914,       606.4672794,       606.4672794,       218620.5831,       218620.5831,      -6298.011334,         0.0635753204,        -0.01553465108,       94488.04169,        88190.03036,           288.1391951,            318.3280842,            99285.18678,             119335.3964
          0,           0,          82,      -4.905508169,      -2.528144612,      -2.552219457,      -2.820354945,      0.5811618297,     0.04685721445,     0.04685721445,      0.8961213274,       575.6129559,       182634.2858,       182634.2858,       2.215095217,       608681.3238,       109.7129733,       274.5426297,         78.91333877,          88.50538153,               0.4298678289,       605.8320954,       605.8320954,       218628.4359,       218628.4359,      -6329.922807,        0.06360134626,         -0.0167441318,        94482.1043,        88152.18149,           288.1375197,            317.6945757,            99283.44775,             119344.9882
          0,           0,          83,      -4.905914262,      -2.532532331,       -2.54804756,      -2.816458091,       0.580553528,     0.04575809809,     0.04575809809,      0.8976911576,       575.0118749,       182514.0779,       182514.0779,       2.215826908,       608111.9462,       104.2489766,       274.2937002,         78.73445141,          172.4291456,                 0.42957332,       605.2653831,       605.2653831,       218626.4644,       218626.4644,      -6436.869483,        0.06362964999,         -0.0178715519,       94475.47367,        88038.60418,           288.1355889,            317.1297942,            99281.39417,             119345.0702
          0,           0,          84,      -4.905859642,      -2.534521601,       -2.54060107,      -2.811479854,      0.5813107239,     0.04475719688,     0.04475719688,      0.8986827779,       574.5004584,       182365.2428,       182365.2428,       2.215800841,       607587.9428,       99.15679809,        274.321247,         78.48991673,          432.9275182,               0.4282897873,       604.7438325,       604.7438325,       218462.3205,       218462.3205,      -6570.946585,        0.06366025727,        -0.01890306039,        94468.0947,        87897.14812,           288.1334141,            316.6104184,            99278.97939,             119183.3411
          0,           0,          85,      -4.908982637,      -2.535492511,      -2.540925219,      -2.812984037,      0.5770256672,     0.04382369251,     0.04382369251,      0.8985458626,        574.304457,       182240.1169,       182240.1169,       2.214947211,       607271.8047,       94.06937372,       274.4036448,         78.23019248,          2482.160445,               0.4268067091,       604.4291742,       604.4291742,       218098.3603,       218098.3603,      -6679.884526,         0.0636934883,        -0.01986979579,        94460.0007,        87780.11617,           288.1309878,            316.2981864,            99276.28444,             118822.0759
          0,           0,          86,      -4.912795565,      -2.534916786,      -2.544223609,        -2.8138065,      0.5716421988,     0.04299121093,     0.04299121093,      0.8981177124,       574.1244066,       182092.7348,       182092.7348,       2.213769152,       606886.3229,       89.04038319,       274.4831334,         77.90843938,          17458.11709,               0.4250038046,       604.0454969,       604.0454969,       217564.9127,       217564.9127,       -6809.61681,        0.06372949624,        -0.02073828531,       94451.17582,        87641.55902,           288.1283323,            315.9171646,            99273.31974,             118291.5929
          0,           0,          87,      -4.915441093,      -2.534486664,       -2.54214987,      -2.813604364,      0.5685836411,     0.04253178806,     0.04253178806,      0.9000216091,       574.0833818,       182023.7625,       182023.7625,       2.213218578,       606873.0848,        85.8445738,       275.1717023,         77.52664111,          1575.977439,               0.4215022045,       604.0323207,       604.0323207,       217501.8648,       217501.8648,       -6859.53221,        0.06376856813,        -0.02123678008,       94441.64738,        87582.11517,           288.1254312,            315.9068896,            99270.15592,             118231.7089
          0,           0,          88,      -4.917234914,      -2.535040818,      -2.541532233,      -2.814036337,      0.5661545872,     0.04225169518,     0.04225169518,      0.9024542949,       574.1250329,       181955.9405,       181955.9405,       2.212473988,       606981.5807,       83.27901211,       276.0546355,         77.10967352,          647.6691738,                0.417411565,       604.1403088,       604.1403088,       217479.6489,       217479.6489,       -6907.02214,        0.06381099517,        -0.02155929999,       94431.48134,         87524.4592,            288.122493,            316.0178158,             99266.9056,             118212.7433
          0,           0,          89,      -4.918844153,       -2.53625706,      -2.541972557,      -2.812482674,      0.5641359118,     0.04218795566,     0.04218795566,      0.9065416405,       574.1373521,       181867.5294,       181867.5294,       2.211587044,       607210.2141,       81.73996643,       277.3368566,         76.70618006,           439.565109,               0.4125646419,        604.367872,        604.367872,       217645.1589,       217645.1589,      -6973.970687,        0.06385724854,        -0.02166929288,       94420.75004,        87446.77935,           288.1194398,            316.2484322,            99263.71019,             118381.4487
          0,           0,          90,      -4.920385425,      -2.537879164,      -2.541930567,      -2.811532088,      0.5625691891,      0.0424212066,      0.0424212066,       0.912774849,       574.2566217,       181845.0787,       181845.0787,       2.211131497,       607772.2391,       81.70308403,       279.1351522,         76.32714249,          436.2791483,               0.4068143715,       604.9272662,       604.9272662,       218226.4656,       218226.4656,      -6973.691511,        0.06390731308,        -0.02148610648,       94409.38511,         87435.6936,           288.1162933,            316.8109729,            99260.50575,             118965.9598
          0,           0,          91,      -4.921519109,      -2.539034136,      -2.540117803,      -2.809976914,      0.5617571073,      0.0429533099,      0.0429533099,      0.9209304011,       574.4509985,       181892.3788,       181892.3788,       2.211219889,        608623.799,       83.14067652,       281.4200599,         75.95135572,          618.6350927,               0.4001818706,       605.7748399,       605.7748399,       219224.4726,       219224.4726,      -6902.621528,        0.06396140726,        -0.02100809736,       94397.50015,        87494.87862,           288.1132477,            317.6615922,            99257.43935,             119967.0333
          0,           0,          92,      -4.923901201,       -2.54023775,      -2.543299329,      -2.813276049,       0.558590863,     0.04358913981,     0.04358913981,      0.9280963178,       574.5430702,       181896.3851,       181896.3851,       2.211088131,       609308.6934,       84.82788375,       283.7480485,         75.54770665,          1011.433404,               0.3934802779,       606.4565283,       606.4565283,       220092.2385,       220092.2385,      -6873.442735,        0.06401911161,        -0.02042997179,       94384.91394,        87511.47121,           288.1102998,            318.3462285,            99254.27857,             120837.9599
          0,           0,          93,      -4.926096168,      -2.541056084,      -2.544660635,      -2.815808682,      0.5563396434,     0.04443413086,     0.04443413086,      0.9358932271,       574.6500489,       181925.2995,       181925.2995,       2.211156921,       610115.3535,       87.53250336,       286.3866921,         75.10370713,          3198.300791,               0.3861299992,       607.2594125,       607.2594125,       221173.4239,       221173.4239,      -6818.820773,        0.06408190282,        -0.01964777197,       94372.06013,        87553.23935,           288.1076775,             319.151735,             99251.6681,             121921.7558
          0,           0,          94,       -4.92803872,      -2.541730376,      -2.546221229,      -2.814980812,      0.5544680319,     0.04536035833,     0.04536035833,      0.9437068602,       574.7162507,       181923.4493,       181923.4493,       2.210970915,       610876.8836,       90.47937512,       289.0800149,         74.56132896,          104613.3648,               0.3783790234,       608.0173779,       608.0173779,       222206.7157,       222206.7157,      -6793.604373,        0.06414878614,        -0.01878842781,       94358.52685,        87564.92248,           288.1050996,            319.9122782,            99249.06364,             122957.6521
          0,           0,          95,      -4.929848646,      -2.542874806,       -2.54774442,      -2.816700787,      0.5528374554,     0.04640752024,     0.04640752024,      0.9521503519,       574.7469942,       181910.3844,       181910.3844,       2.210738365,       611670.8312,       93.97864964,       291.9437619,         73.98377815,          5230.440513,               0.3703537273,        608.807609,        608.807609,       223335.6186,       223335.6186,      -6778.926941,        0.06422060345,        -0.01781308322,       94344.65567,        87565.72873,            288.102863,             320.704746,            99246.92778,             124088.6908
          0,           0,          96,       -4.93105262,      -2.544341415,        -2.5483495,       -2.81614097,      0.5521333255,     0.04744633524,     0.04744633524,      0.9601375708,       574.7265749,       181844.3915,       181844.3915,       2.210013374,       612354.3083,        97.2667908,       294.7052527,         73.38319374,           1169.11009,                0.362623241,       609.4878868,       609.4878868,       224286.9814,       224286.9814,      -6815.697904,        0.06429620091,        -0.01684986568,       94330.04469,        87514.34679,           288.1008053,            321.3870815,            99244.70327,             125042.2781
          0,           0,          97,      -4.932232672,      -2.546289108,      -2.550824482,      -2.818016783,      0.5512535257,     0.04852137172,     0.04852137172,      0.9682450606,        574.661809,       181750.3957,       181750.3957,       2.209075007,       612996.1643,       100.6671038,       297.4790302,         72.72745146,           498.305553,               0.3548147397,       610.1267383,       610.1267383,       225201.7997,       225201.7997,      -6879.827875,         0.0643770576,        -0.01585568588,       94315.11179,        87435.28391,           288.0989281,            322.0278102,            99243.01963,               125958.78
          0,           0,          98,      -4.932753646,      -2.548434544,      -2.552840017,      -2.819276747,      0.5512347879,     0.04951587607,     0.04951587607,      0.9754095938,       574.5722074,       181598.3854,       181598.3854,       2.207494989,       613499.0976,       103.5235114,        300.031712,         72.00054068,          303.5223409,               0.3472370109,       610.6273174,       610.6273174,       225824.4544,       225824.4544,      -7000.273568,        0.06446154299,        -0.01494566692,       94299.32946,         87299.0559,           288.0970251,            322.5302922,            99241.12434,               126583.33
          0,           0,          99,      -4.933140581,      -2.550938804,      -2.556501888,      -2.820617388,      0.5511734012,     0.05050673267,     0.05050673267,      0.9823470263,       574.4716662,       181433.6538,       181433.6538,       2.205797273,       613952.6037,       106.2790831,       302.4949619,         71.21254332,          208.5195872,               0.3396980035,       611.0787006,       611.0787006,       226359.6357,       226359.6357,      -7132.944282,        0.06455128639,        -0.01404455372,       94283.29905,        87150.35477,           288.0955188,            322.9831817,             99239.8518,             127119.7839
          0,           0,         100,      -4.933357354,      -2.553479588,      -2.559784755,      -2.821929984,      0.5514506313,     0.05154435004,     0.05154435004,      0.9889594091,       574.3996694,       181293.4358,       181293.4358,       2.204299558,       614420.8114,       109.2290995,        304.962027,         70.36260731,          149.5655401,               0.3320350423,       611.5447166,       611.5447166,        226911.889,        226911.889,      -7239.182753,        0.06464443347,        -0.01310008343,        94266.3093,        87027.12655,           288.0937175,            323.4509991,            99238.23345,             127673.6555
          0,           0,         101,      -4.933366202,      -2.556066454,      -2.562826748,      -2.823329351,      0.5519782264,     0.05261145194,     0.05261145194,      0.9946946418,       574.3154916,       181161.3901,       181161.3901,       2.202948915,       614830.2923,       112.2825327,       307.4118698,         69.51517287,          111.9414522,               0.3245845629,       611.9522808,       611.9522808,        227424.291,        227424.291,      -7336.495416,        0.06474233967,        -0.01213088773,       94248.94275,        86912.44733,           288.0922494,            323.8600314,            99237.04785,             128187.2432
          0,           0,         102,      -4.933476983,      -2.558447727,      -2.565809955,      -2.824905467,      0.5524000322,      0.0537196956,      0.0537196956,       1.000475857,       574.2379615,       181043.0807,       181043.0807,        2.20175238,        615263.327,       115.5709978,       309.8872871,         68.66436565,          85.57081291,                0.317246352,       612.3832884,       612.3832884,       227991.2739,       227991.2739,      -7418.032591,        0.06484322029,        -0.01112352469,       94230.55664,        86812.52405,            288.090531,            324.2927574,            99235.39986,              128755.874
          0,           0,         103,      -4.933502904,      -2.560680506,      -2.568517952,      -2.826430934,      0.5529114324,     0.05485021579,     0.05485021579,       1.006335589,       574.1639762,       180932.2103,       180932.2103,       2.200642745,        615714.277,       119.0098013,       312.3630747,         67.82350904,          67.04214511,               0.3101163961,       612.8321275,       612.8321275,       228596.5947,       228596.5947,      -7491.325806,        0.06494864996,        -0.01009843416,       94211.76806,        86720.44226,            288.089128,            324.7429995,            99234.13624,             129362.4584
          0,           0,         104,      -4.933552127,      -2.562687944,      -2.571285743,      -2.828259493,      0.5533745077,     0.05599360616,     0.05599360616,       1.012195762,       574.0906877,       180826.9356,       180826.9356,        2.19960339,       616177.4736,        122.577683,       314.8315733,          66.9989852,          53.65725949,               0.3032244528,       613.2931559,       613.2931559,       229237.7679,       229237.7679,       -7557.20435,        0.06505721097,        -0.00906360481,       94192.06996,        86634.86561,             288.08761,            325.2055459,            99232.55075,             130005.2172
          0,           0,         105,      -4.933637522,       -2.56444023,      -2.573848167,      -2.830128462,       0.553769644,     0.05714392846,     0.05714392846,       1.018279658,       574.0139916,       180725.6942,       180725.6942,       2.198632914,       616659.3078,       126.2676309,       317.2809301,         66.18264991,          43.71940662,               0.2965426336,       613.7727347,       613.7727347,       229926.8461,       229926.8461,      -7617.939931,          0.065169951,       -0.008026022539,       94171.81706,        86553.87713,           288.0861522,            325.6865824,            99231.15309,              130695.693
          0,           0,         106,      -4.933644128,      -2.565997648,      -2.576288565,      -2.831922505,      0.5542279588,     0.05827246915,     0.05827246915,       1.024377879,       573.9228828,       180615.4157,       180615.4157,       2.197606832,       617128.8135,        129.956534,       319.6650815,         65.38182811,          36.38434706,               0.2901515514,       614.2400426,       614.2400426,        230616.494,        230616.494,      -7685.828659,        0.06528564193,        -0.00701317278,       94150.62216,         86464.7935,            288.084505,            326.1555376,            99229.38032,             131387.1136
          0,           0,         107,      -4.933517392,       -2.56743406,      -2.578988381,      -2.833954687,      0.5547276984,     0.05930708985,     0.05930708985,       1.029945885,       573.7818093,       180461.1596,       180461.1596,       2.196216424,       617487.7865,       133.2989062,        321.858657,         64.60285804,          31.31765728,               0.2842200332,       614.5973352,       614.5973352,       231153.0827,       231153.0827,      -7796.835913,        0.06540548951,       -0.006098399661,       94128.99777,        86332.16185,           288.0830788,            326.5142564,            99227.91994,             131925.1627
          0,           0,         108,      -4.933316316,      -2.568734224,      -2.581928519,      -2.836316812,      0.5552433275,     0.06025978056,     0.06025978056,        1.03502252,       573.6091845,       180274.8371,       180274.8371,       2.194534384,       617762.1925,        136.374369,       323.8872211,         63.83121223,          27.59547524,               0.2786260038,       614.8704568,       614.8704568,       231561.9134,       231561.9134,      -7938.294015,        0.06552840046,       -0.005268619894,       94106.56554,        86168.27152,           288.0815684,            326.7888883,            99226.23953,             132335.6738
          0,           0,         109,      -4.933125199,      -2.569991127,      -2.585298826,       -2.83895384,      0.5556374935,     0.06108356852,     0.06108356852,       1.039268752,        573.399752,       180043.3347,       180043.3347,       2.192417236,        617905.508,       138.9627836,       325.6553653,          63.0653693,           25.0221965,               0.2734543434,       615.0131014,       615.0131014,       231750.9713,       231750.9713,      -8123.691761,        0.06565483476,       -0.004571266236,       94083.51323,        85959.82147,           288.0799916,            326.9331097,            99224.59355,             132526.3777
          0,           0,         110,      -4.932905309,      -2.571199261,       -2.58926742,      -2.841918606,      0.5559685393,     0.06179932022,     0.06179932022,       1.042705109,       573.1796213,       179787.4375,       179787.4375,       2.190028974,       617949.2544,       141.1491232,       327.1797481,         62.31161782,          23.16754523,               0.2686860696,       615.0566431,       615.0566431,       231754.0432,       231754.0432,      -8331.820826,        0.06578407088,        -0.00398475066,       94059.62916,        85727.80833,           288.0783173,            326.9783258,            99222.67001,             132531.3732
          0,           0,         111,       -4.93279692,      -2.572338845,      -2.593718161,      -2.845006335,      0.5562175692,     0.06248093268,     0.06248093268,       1.045843426,       572.9670445,        179541.654,        179541.654,       2.187734083,       617969.6711,       143.2844603,       328.5827995,         61.54918514,          21.54941047,               0.2640754342,       615.0769641,       615.0769641,       231723.7846,       231723.7846,      -8529.021019,        0.06591699019,       -0.003436057512,       94035.33753,        85506.31651,           288.0768848,            327.0000793,            99221.02176,             132502.7628
          0,           0,         112,      -4.932611058,      -2.573427116,      -2.597956817,      -2.848041684,      0.5566136027,     0.06313834903,     0.06313834903,        1.04880248,       572.7560808,       179305.8294,       179305.8294,       2.185558968,       617973.9939,       145.4152494,       329.8874348,         60.82649581,          20.09187791,               0.2597918954,       615.0812667,       615.0812667,       231683.8027,       231683.8027,      -8714.829119,        0.06605286152,       -0.002914512493,       94010.32928,        85295.50016,           288.0753749,            327.0058918,            99219.23441,             132464.5683
          0,           0,         113,      -4.932452306,      -2.574336815,      -2.602313536,      -2.851322425,      0.5570172193,     0.06375803781,     0.06375803781,       1.051378586,       572.5518547,       179078.1888,       179078.1888,         2.1834636,       617949.6188,       147.4618427,       331.0646343,         60.14202401,          18.82707354,               0.2558499818,       615.0570057,       615.0570057,       231600.1989,       231600.1989,      -8891.289523,        0.06619186079,       -0.002433822976,       93984.73917,        85093.44964,           288.0737394,            326.9832663,            99217.46846,             132382.7305
          0,           0,         114,      -4.932362751,       -2.57504129,      -2.606787414,      -2.854711297,      0.5573993739,     0.06435482273,     0.06435482273,       1.053713551,       572.3552619,        178863.398,        178863.398,       2.181503325,       617913.4533,       149.4974043,        332.145346,         59.49795241,          17.67607164,               0.2522157681,       615.0210095,       615.0210095,       231507.5212,       231507.5212,      -9053.024802,        0.06633316492,        -0.00197834219,       93958.21141,        84905.18661,           288.0715304,            326.9494791,            99215.24683,             132292.2744
          0,           0,         115,      -4.932339487,      -2.575544836,      -2.611363105,      -2.858123015,      0.5577811679,     0.06494014608,     0.06494014608,       1.055855195,       572.1710707,       178667.5689,       178667.5689,       2.179737162,       617877.5598,       151.5610614,       333.1510756,         58.89080477,          16.60389144,                0.248844891,        614.985284,        614.985284,       231427.8558,       231427.8558,      -9195.478135,        0.06647822379,       -0.001538077707,       93931.52352,        84736.04538,           288.0696597,            326.9156243,            99213.56162,             132214.2942
          0,           0,         116,      -4.932466987,      -2.575776447,      -2.615969768,      -2.861362504,      0.5580634349,     0.06551068714,     0.06551068714,       1.057847062,       572.0056302,       178493.2335,       178493.2335,       2.178177111,       617852.0447,       153.6387056,       334.0743405,         58.31755001,           15.6098647,               0.2457250845,       614.9598883,       614.9598883,       231371.1443,       231371.1443,      -9314.988559,        0.06662551457,       -0.001114827436,       93904.11103,        84589.12247,           288.0677124,            326.8921759,            99211.62468,             132159.5196
          0,           0,         117,      -4.932759239,      -2.575714713,       -2.62064754,      -2.864836155,      0.5582170158,     0.06605392555,     0.06605392555,       1.059560942,       571.8582215,       178335.1626,       178335.1626,       2.176763326,       617823.5456,       155.6494114,       334.8903183,         57.78409542,           14.7254053,                0.242901158,       614.9315227,       614.9315227,       231309.2668,       231309.2668,      -9417.575684,         0.0667760482,      -0.0007221226578,       93876.36916,        84458.79348,           288.0657472,            326.8657755,            99209.97932,             132099.2875
          0,           0,         118,       -4.93328695,      -2.575280276,        -2.6253017,       -2.86810244,       0.558165082,     0.06657145605,     0.06657145605,       1.061071549,       571.7314573,       178195.5912,       178195.5912,       2.175511068,       617802.3057,       157.6024589,       335.6116728,         57.28952246,          13.93077953,               0.2403496739,       614.9103822,       614.9103822,       231257.8916,       231257.8916,      -9500.120315,        0.06692876396,      -0.0003573079096,       93847.85576,        84347.73544,           288.0632699,            326.8471122,            99208.02822,             132049.8634
          0,           0,         119,      -4.934064332,      -2.574381432,      -2.629936045,      -2.871666078,      0.5578726211,     0.06704873828,     0.06704873828,       1.062295509,       571.6162984,       178064.0906,       178064.0906,       2.174324454,        617767.273,       159.4211969,       336.2213613,         56.82076534,          13.24601455,               0.2380291899,       614.8755135,       614.8755135,       231182.4758,       231182.4758,      -9574.130674,        0.06708478587,      -3.604758925e-05,       93819.11066,        84244.97999,            288.060648,            326.8148655,            99206.47543,             131976.0003
          0,           0,         120,      -4.935144927,      -2.573022295,      -2.633424791,      -2.874837429,      0.5573822934,     0.06751649292,     0.06751649292,         1.0634878,        571.540397,       177954.1863,       177954.1863,       2.173261235,       617779.9732,        161.254505,       336.7933851,         56.39936993,          12.59981814,               0.2359517614,       614.8881542,       614.8881542,       231148.9233,       231148.9233,      -9625.259652,        0.06724267775,       0.0002738151661,       93789.72298,        84164.46332,           288.0577093,            326.8304449,            99204.69368,             131944.2296
          0,           0,         121,      -4.936640457,      -2.571079069,       -2.63812596,      -2.878130144,       0.556227507,     0.06792084947,     0.06792084947,       1.064275427,       571.4587384,       177836.2253,       177836.2253,       2.172126674,       617743.3229,       162.8457551,        337.222556,         55.98843831,          12.07849697,               0.2340642006,       614.8516755,       614.8516755,       231039.5439,       231039.5439,       -9684.21882,        0.06740351413,       0.0005173353367,       93760.22204,        84076.00322,           288.0550014,            326.7966741,            99203.37612,             131836.1677
          0,           0,         122,      -4.938399318,      -2.568593694,      -2.641476972,      -2.881149423,      0.5548421857,     0.06827858074,     0.06827858074,        1.06477796,       571.3892328,       177718.0179,       177718.0179,       2.170948115,       617693.0236,       164.2764177,       337.5421865,         55.61273594,           11.6362341,               0.2324320859,       614.8016116,       614.8016116,         230890.67,         230890.67,       -9742.21389,        0.06756598693,       0.0007125938116,       93730.11592,        83987.90203,           288.0520064,            326.7496052,            99201.82888,             131688.8411
          0,           0,         123,      -4.940482311,      -2.565586638,      -2.644718266,       -2.88405829,      0.5530027258,     0.06859590404,     0.06859590404,        1.06505066,       571.3378625,       177604.7716,       177604.7716,       2.169764844,         617640.69,       165.5708196,       337.7765286,         55.24752045,          11.25691505,               0.2309289506,        614.749523,        614.749523,       230716.9782,       230716.9782,      -9794.751929,         0.0677309284,       0.0008649756421,       93699.76174,        83905.00982,           288.0488881,            326.7006349,             99200.5357,             131516.4425
          0,           0,         124,      -4.942811338,      -2.562049127,      -2.647143672,      -2.886780219,      0.5508287405,     0.06890107601,     0.06890107601,        1.06530151,       571.3174952,       177512.1073,       177512.1073,       2.168724572,       617622.2012,       166.8432737,       337.9856327,         54.89316954,          10.90006775,               0.2294969857,       614.7311208,       614.7311208,       230577.6406,       230577.6406,      -9825.814394,        0.06789777262,        0.001003303381,       93668.96084,        83843.14645,           288.0454426,            326.6856782,            99199.21218,             131378.4285
          0,           0,         125,      -4.945262989,       -2.55818214,      -2.648811137,      -2.889477506,      0.5483912753,     0.06914993553,     0.06914993553,       1.065229291,       571.3190044,       177421.3202,       177421.3202,       2.167627816,       617594.3861,       167.8814128,       338.1020221,          54.5763354,          10.62696061,               0.2283095689,       614.7034358,       614.7034358,       230383.4102,       230383.4102,      -9854.493318,        0.06806648699,        0.001083448543,       93637.90674,        83783.41342,           288.0419851,            326.6614508,            99198.04399,             131185.3662
          0,           0,         126,      -4.947770953,      -2.553927591,       -2.64989195,      -2.892077497,      0.5457755456,     0.06935675228,     0.06935675228,       1.064896901,       571.3474601,       177342.1118,       177342.1118,       2.166580126,       617567.8101,       168.7232122,       338.1426019,          54.2958548,          10.41907839,               0.2273456686,       614.6769842,       614.6769842,       230160.7581,       230160.7581,      -9871.177349,        0.06823727868,        0.001119473596,       93606.64456,        83735.46721,           288.0384694,            326.6385148,            99197.10783,             130963.6503
          0,           0,         127,      -4.950478074,      -2.549364592,       -2.65187227,      -2.894695446,      0.5426757965,     0.06952262107,     0.06952262107,       1.064312056,       571.3954473,        177275.132,        177275.132,        2.16561842,       617532.7792,       169.3603708,       338.1050516,         54.05044294,          10.27389963,               0.2266014304,       614.6421173,       614.6421173,       229913.6239,       229913.6239,      -9875.537871,        0.06841009103,        0.001112530038,       93575.33495,        83699.79708,           288.0351776,            326.6069398,            99196.55647,             130717.0675
          0,           0,         128,      -4.952933325,       -2.54468051,      -2.651166922,       -2.89638971,      0.5400615245,     0.06971012118,     0.06971012118,       1.063952766,       571.4931105,       177241.1026,       177241.1026,        2.16488426,       617579.1596,       170.0856646,       338.1173617,         53.85474934,          10.10897526,               0.2260179278,       614.6882806,       614.6882806,       229760.7164,       229760.7164,      -9846.422302,         0.0685842468,        0.001125874385,       93543.76245,        83697.34015,           288.0319801,            326.6563006,            99196.06981,             130564.6466
          0,           0,         129,       -4.95531055,      -2.539880278,      -2.649925455,      -2.898013544,      0.5373978439,     0.06992051681,     0.06992051681,       1.063812232,       571.6258795,        177235.434,        177235.434,       2.164385832,       617688.1255,       170.8889066,       338.1770513,         53.71754807,          9.928539986,               0.2256350059,       614.7967365,       614.7967365,       229693.7048,       229693.7048,      -9788.584731,        0.06875973923,        0.001160777587,       93512.00939,        83723.42466,           288.0288461,            326.7678904,            99195.72154,             130497.9833
          0,           0,         130,       -4.95792327,      -2.535100086,      -2.652687598,      -2.900340671,      0.5337682596,     0.07002753727,     0.07002753727,       1.062992427,        571.736517,       177207.4269,       177207.4269,       2.163700839,       617691.7599,       171.1844004,       338.0484871,         53.62765844,          9.886442707,               0.2256263395,       614.8003538,       614.8003538,       229467.1115,       229467.1115,      -9752.673155,        0.06893656696,        0.001090970311,       93480.05005,         83727.3769,           288.0257101,            326.7746437,            99195.49299,             130271.6185
          0,           0,         131,      -4.960159138,      -2.530476094,      -2.652245545,      -2.901256674,      0.5309155919,     0.07011231483,     0.07011231483,       1.062031363,       571.8883216,       177196.3108,       177196.3108,       2.163078511,       617726.3493,       171.3401606,       337.8885626,         53.59495731,          9.883915788,               0.2258879157,       614.8347814,       614.8347814,       229241.2564,       229241.2564,      -9699.851362,         0.0691148699,       0.0009974449316,        93448.0811,        83748.22974,           288.0227789,            326.8120025,            99195.59813,             130045.6582
          0,           0,         132,      -4.961991891,       -2.52606055,      -2.649927245,      -2.901193418,       0.528724581,     0.07024893552,     0.07024893552,       1.061338074,        572.118752,       177243.8211,       177243.8211,        2.16290525,       617879.4294,       171.6579221,       337.7998045,         53.63276147,          9.839555056,               0.2263809482,       614.9871448,       614.9871448,       229161.9996,       229161.9996,      -9587.852329,        0.06929405355,        0.000954881971,       93415.83671,        83827.98438,           288.0195879,             326.967557,            99195.67359,              129966.326
          0,           0,         133,      -4.963719507,      -2.522044866,      -2.648234479,       -2.90077444,      0.5265084015,     0.07041072334,     0.07041072334,       1.060742006,       572.4317391,       177337.2023,       177337.2023,       2.163007424,       618140.1303,       172.0280127,       337.7430402,         53.72826669,          9.782908331,               0.2270885627,       615.2466254,       615.2466254,       229179.1036,       229179.1036,      -9429.672373,        0.06947401209,       0.0009367112497,       93383.43735,        83953.76498,           288.0162701,            327.2303553,            99195.81939,             129983.2842
          0,           0,         134,      -4.965224598,      -2.518409321,       -2.64813468,      -2.900512136,      0.5241718687,     0.07055412225,     0.07055412225,       1.059975169,       572.7697381,       177456.4439,       177456.4439,       2.163351167,       618406.6879,       172.2356346,       337.6205889,         53.87941482,          9.768862986,               0.2280953517,       615.5119353,       615.5119353,       229214.6524,       229214.6524,      -9244.990769,        0.06965432185,       0.0008998003982,       93350.71732,        84105.72655,           288.0125091,            327.4994262,            99195.79866,             130018.8537
          0,           0,         135,      -4.966345319,      -2.515160059,      -2.647748192,      -2.900035987,      0.5223555114,     0.07064844544,     0.07064844544,       1.058633069,       573.1773591,       177606.8191,       177606.8191,        2.16383979,       618686.8931,       172.1047465,       337.3622159,          54.0952739,          9.843990896,               0.2295095285,       615.7908289,       615.7908289,       229198.9077,       229198.9077,      -9029.757024,        0.06983589714,       0.0008125483017,       93318.28806,        84288.53103,           288.0093796,            327.7814493,             99196.3754,             130002.5323
          0,           0,         136,      -4.966873701,      -2.512412217,      -2.644161549,      -2.896392428,       0.521722155,     0.07082335132,     0.07082335132,       1.057766831,       573.6984021,       177839.7492,       177839.7492,       2.164928975,       619149.3687,       172.2715579,       337.2289609,         54.35210685,          9.841618019,               0.2309836432,       616.2511396,       616.2511396,       229407.3771,       229407.3771,      -8731.705104,        0.07001765117,       0.0008057001485,       93285.72714,        84554.02204,           288.0063331,            328.2448064,            99196.94641,             130210.4307
          0,           0,         137,      -4.967715085,      -2.510078459,      -2.644555291,      -2.896814307,      0.5200593578,     0.07093649211,     0.07093649211,       1.056208822,       574.2545307,       178102.0402,       178102.0402,       2.166263187,       619570.2706,       172.0065399,       336.8985658,         54.65194998,          9.952513042,               0.2328364971,       616.6700712,       616.6700712,       229550.8058,       229550.8058,      -8403.979971,         0.0701995828,       0.0007369093127,        93253.0101,        84849.03013,           288.0029934,            328.6670778,            99197.48078,              130353.325
          0,           0,         138,      -4.968636925,      -2.508550451,      -2.646270457,      -2.895786475,      0.5185462591,     0.07104266902,     0.07104266902,       1.054524407,       574.8785085,       178405.5509,       178405.5509,       2.167851285,       620054.0083,       171.6405323,       336.5446343,         54.97899898,          10.09506122,               0.2348377254,       617.1515446,       617.1515446,       229738.5701,       229738.5701,      -8034.772672,        0.07038126812,       0.0006614009056,        93220.1618,        85185.38912,           287.9997333,            329.1518113,            99197.93618,             130540.6339
          0,           0,         139,      -4.969133171,      -2.507658873,      -2.644791394,       -2.89415356,      0.5177927799,     0.07117794904,     0.07117794904,       1.053104217,       575.5564714,       178757.4433,       178757.4433,       2.169808592,       620627.9376,       171.3661504,       336.2573205,         55.30688823,          10.21845709,               0.2367882226,       617.7227873,       617.7227873,       230051.3484,       230051.3484,      -7617.582296,        0.07056373292,        0.000614216122,        93187.5128,         85569.9305,           287.9966724,            329.7261149,            99198.81096,             130852.5374
          0,           0,         140,      -4.969818135,      -2.507349869,      -2.645674793,      -2.891879056,      0.5165124896,     0.07123954416,     0.07123954416,       1.051435147,       576.1402681,       179080.1357,       179080.1357,       2.171711342,       621056.5712,       170.7247979,       335.8734479,         55.63419866,           10.4553788,               0.2388421188,       618.1494145,       618.1494145,       230259.7954,       230259.7954,      -7229.242593,        0.07074533807,       0.0004942060908,       93154.68915,        85925.44655,           287.9936125,             330.155802,             99199.4523,             131060.3431
          0,           0,         141,      -4.970410085,      -2.507659715,      -2.646517335,       -2.89307124,      0.5154025738,       0.071189293,       0.071189293,       1.049137675,       576.6933535,       179373.6061,       179373.6061,       2.173340891,        621378.177,        169.556347,       335.3333002,         55.97727245,          10.86810654,               0.2411348398,       618.4695148,       618.4695148,       230295.2474,       230295.2474,      -6870.464681,        0.07092722004,       0.0002620729668,       93122.03538,         86251.5707,           287.9906668,             330.478848,            99200.39564,             131094.8517
          0,           0,         142,      -4.970603961,      -2.508378495,      -2.647387158,      -2.894257609,      0.5147117638,      0.0709868346,      0.0709868346,       1.045903238,       577.1874964,       179629.2697,       179629.2697,       2.174731538,       621525.8445,       167.6550335,       334.5232608,          56.3327503,          11.55354499,               0.2437752606,       618.6164912,       618.6164912,       230105.6002,       230105.6002,      -6549.302958,        0.07110793112,      -0.0001210965196,       93089.28633,        86539.98337,           287.9878991,            330.6285921,             99201.1261,             130904.4741
          0,           0,         143,      -4.969760886,       -2.50945334,      -2.643203254,      -2.890203131,      0.5159579266,     0.07078793957,     0.07078793957,       1.042812934,        577.702894,       179922.9189,       179922.9189,       2.176505855,        621711.538,       165.7185449,       333.7214975,         56.69409153,          12.32318078,               0.2464579641,       618.8013154,       618.8013154,       230010.7009,       230010.7009,      -6190.315642,        0.07128866687,      -0.0005007272941,       93056.61726,        86866.30162,           287.9847704,            330.8165451,            99202.02414,             130808.6767
          0,           0,         144,      -4.969405456,      -2.511137425,       -2.64281337,      -2.890832096,      0.5161360051,     0.07044263582,     0.07044263582,       1.039069749,       578.1656274,       180172.1637,       180172.1637,       2.177932339,       621766.4065,       163.1528279,       332.7215112,         57.06447767,          13.44481648,               0.2494159136,       618.8559271,       618.8559271,       229733.9338,       229733.9338,      -5875.737908,        0.07146835293,       -0.001025717109,       93023.95078,        87148.21288,           287.9816127,            330.8743144,            99202.82125,             130531.1125
          0,           0,         145,      -4.968728492,      -2.513090359,      -2.642219361,      -2.889371575,      0.5167672421,     0.06997687014,     0.06997687014,       1.034819139,       578.5900484,       180400.3726,       180400.3726,       2.179234569,       621721.5731,       160.0400113,       331.5462083,         57.45587822,          15.00695907,               0.2526894252,       618.8113036,       618.8113036,        229344.828,        229344.828,      -5582.623867,        0.07164733924,       -0.001670469099,       92991.49824,        87408.87437,           287.9786111,            330.8326925,            99203.78633,             130141.0416
          0,           0,         146,      -4.967495968,      -2.515369522,      -2.639501717,      -2.882721597,      0.5185976227,     0.06939975506,     0.06939975506,       1.030334253,       578.9704636,       180589.0497,       180589.0497,       2.180259928,       621607.2311,       156.4862177,       330.2606549,         57.88194965,          17.14061131,               0.2562790112,       618.6974968,       618.6974968,       228864.0141,       228864.0141,      -5329.529274,        0.07182536703,        -0.00242561197,       92959.28947,         87629.7602,           287.9758464,            330.7216504,            99204.90085,             129659.1133
          0,           0,         147,       -4.96641805,      -2.517923802,      -2.638511156,      -2.884791073,      0.5195161589,     0.06870864123,     0.06870864123,       1.025666286,         579.25794,       180736.5849,       180736.5849,        2.18111993,       621369.1574,        152.473406,       328.8569765,         58.33430872,          20.13844282,               0.2601688576,       618.4605375,       618.4605375,       228302.2203,       228302.2203,      -5118.067255,        0.07200253288,       -0.003293891652,       92927.32608,        87809.25882,           287.9730382,            330.4874994,            99206.17796,             129096.0423
          0,           0,         148,      -4.965080122,      -2.520648687,      -2.635785611,      -2.882896678,      0.5212281557,     0.06799802238,     0.06799802238,       1.021477966,       579.5134791,       180883.0409,       180883.0409,       2.182094502,       621150.6569,       148.4385058,       327.5169301,         58.84437869,          24.04769539,               0.2642982403,       618.2430598,       618.2430598,       227832.5195,       227832.5195,       -4908.37141,        0.07217843255,       -0.004180410165,       92895.70618,        87987.33477,           287.9703566,            330.2727032,            99207.63613,             128624.8834
          0,           0,         149,      -4.963838725,      -2.523629476,      -2.634744242,      -2.882850827,      0.5227368026,     0.06720989698,     0.06720989698,       1.017415714,       579.7115369,       180998.8555,       180998.8555,       2.182898338,       620885.8879,       144.1249339,        326.160505,         59.39377014,          29.64950055,               0.2686812837,       617.9795301,       617.9795301,       227340.4716,       227340.4716,      -4729.845848,        0.07235253848,       -0.005142641498,       92864.35065,         88134.5048,            287.967593,            330.0119371,             99209.0989,             128131.3727
          0,           0,         150,      -4.962594262,      -2.526752192,       -2.63467296,      -2.883013187,       0.524031446,     0.06631891619,     0.06631891619,       1.013201231,       579.8111539,       181066.8209,       181066.8209,       2.183486225,       620490.2821,       139.3574211,       324.7089319,         59.96831401,          38.46313529,               0.2733569503,       617.5857762,       617.5857762,       226742.5779,       226742.5779,      -4600.207839,        0.07252533722,       -0.006206421023,       92833.51439,        88233.30655,           287.9648695,            329.6209067,            99210.88799,             127531.6899
          0,           0,         151,      -4.960929797,      -2.529906176,       -2.63265749,      -2.878334967,      0.5264634489,     0.06541744377,     0.06541744377,       1.009516705,       579.8784296,       181135.6459,       181135.6459,       2.184214872,       620117.1306,       134.6068982,       323.3370393,         60.55663244,          51.93417991,               0.2780655025,       617.2143714,       617.2143714,       226237.9793,       226237.9793,      -4470.852891,        0.07269601275,       -0.007278568974,       92803.24941,        88332.39652,           287.9624716,            329.2518998,            99212.90986,             127025.0695
          0,           0,         152,      -4.959501933,      -2.533077929,      -2.630313734,      -2.879495473,      0.5286106263,     0.06454967525,     0.06454967525,       1.006653359,       579.9432005,       181220.6514,       181220.6514,       2.185148046,       619835.9659,       130.0915813,       322.1469097,          61.1610631,          72.83586139,               0.2826807779,       616.9345228,       616.9345228,       225902.5109,       225902.5109,      -4326.827179,        0.07286480526,       -0.008315130011,        92773.7393,        88446.91212,           287.9604696,            328.9740532,            99215.38728,             126687.1236
          0,           0,         153,       -4.95840204,      -2.536309447,       -2.63165267,      -2.878021541,      0.5297851106,     0.06362863732,     0.06362863732,        1.00395909,       579.9419741,       181277.5994,       181277.5994,       2.185966204,       619495.8441,       125.3588022,       320.9870692,         61.77564167,          112.1140955,               0.2873593906,       616.5959932,       616.5959932,       225536.7197,       225536.7197,      -4212.108543,        0.07303051767,        -0.00940188035,       92744.85395,        88532.74541,           287.9586102,             328.637383,            99217.95359,             126318.7661
          0,           0,         154,      -4.957470943,      -2.539524638,      -2.632693686,      -2.880323066,       0.530817698,     0.06267422327,     0.06267422327,       1.001489694,        579.862298,       181315.0232,       181315.0232,       2.186794922,       619078.6065,       120.4415364,       319.8544147,         62.40999588,          200.0313744,               0.2921487972,       616.1807086,       616.1807086,       225153.3814,       225153.3814,      -4118.860275,        0.07319338504,        -0.01051916177,       92716.94173,        88598.08145,           287.9573991,            328.2233095,            99220.98631,             125932.3951
          0,           0,         155,      -4.956727699,      -2.542670935,      -2.633794529,      -2.881501467,      0.5317058303,     0.06174014035,     0.06174014035,      0.9996665495,       579.7660376,       181351.5801,       181351.5801,       2.187657214,       618707.7061,       115.6551768,       318.8892075,         63.05663867,           445.416659,               0.2968199658,       615.8115444,       615.8115444,       224855.1887,       224855.1887,      -4028.539969,        0.07335302458,        -0.01161288424,       92690.06002,        88661.52005,           287.9565476,            327.8549967,            99224.46226,             125630.7264
          0,           0,         156,      -4.955861554,      -2.545620521,      -2.633576526,      -2.881344182,      0.5331126945,     0.06086374031,     0.06086374031,      0.9986820302,       579.7115838,       181415.6274,       181415.6274,       2.188686585,       618471.1677,       111.2013137,       318.1584702,         63.69578176,          1544.905216,               0.3011704323,       615.5761132,       615.5761132,       224715.4039,       224715.4039,      -3912.880848,        0.07350864958,        -0.01264490927,       92664.25412,        88751.37327,           287.9562119,            327.6199013,            99228.26681,             125487.1371
          0,           0,         157,      -4.955125031,      -2.548369211,      -2.634103995,      -2.880850379,       0.534187576,     0.06007061767,     0.06007061767,      0.9986564861,       579.6719966,       181511.8731,       181511.8731,       2.190020013,       618346.3813,       107.1767452,       317.6780642,         64.34093001,          34356.01707,               0.3052213656,       615.4519109,       615.4519109,       224766.5701,       224766.5701,      -3767.573802,        0.07365991092,        -0.01358929325,       92639.72345,        88872.14965,           287.9565068,            327.4954042,            99232.51755,             125534.0525
          0,           0,         158,      -4.953976522,        -2.5508984,      -2.631923583,      -2.867955773,      0.5368349859,     0.05931789812,     0.05931789812,      0.9994610859,       579.6414302,       181598.7817,       181598.7817,       2.191216362,       618317.0375,       103.4371146,       317.4702839,         64.99025551,          5590.502439,               0.3089119373,       615.4227046,       615.4227046,       224897.9917,       224897.9917,      -3634.731609,        0.07380653639,        -0.01448863826,       92616.75665,        88982.02504,           287.9575296,            327.4651749,            99237.42817,             125660.5636
          0,           0,         159,      -4.954442541,      -2.553239878,      -2.636864262,      -2.878490834,      0.5349745766,     0.05852965029,     0.05852965029,       1.000213597,       579.5212195,       181661.7824,       181661.7824,       2.192400286,       618164.4596,       99.44323713,       317.2032729,         65.60169362,          896.1766274,               0.3125109765,       615.2708409,       615.2708409,       224975.1175,       224975.1175,       -3528.99784,        0.07394720437,        -0.01541755407,       92595.39014,         89066.3923,           287.9593551,            327.3114858,            99242.78027,             125732.3373
          0,           0,         160,      -4.954429329,      -2.555358051,      -2.638132521,      -2.879563008,      0.5350724323,      0.0577638469,      0.0577638469,       1.001529859,       579.3822042,       181714.9955,       181714.9955,        2.19351919,        618046.058,       95.60196799,       317.1094247,         66.24648591,          359.4324093,               0.3160126958,       615.1529934,       615.1529934,       225118.6233,       225118.6233,      -3436.608535,        0.07408223081,        -0.01631838392,       92575.80201,        89139.19348,           287.9619656,            327.1910278,            99248.78827,              125869.835
          0,           0,         161,      -4.954117543,      -2.557268731,      -2.636986792,      -2.871218872,      0.5364443708,      0.0570755253,      0.0570755253,       1.003693152,       579.3087762,       181777.3216,       181777.3216,       2.194557349,       618099.3787,       92.21591804,        317.299329,         66.89201802,          204.8312817,               0.3190852589,       615.2060646,       615.2060646,       225408.7519,       225408.7519,      -3338.350668,        0.07421090018,        -0.01713537487,       92557.83613,        89219.48546,           287.9651623,            327.2409023,            99255.16849,             126153.5834
          0,           0,         162,      -4.954580733,      -2.558992887,      -2.639117682,      -2.873639627,      0.5352425132,     0.05638539938,     0.05638539938,       1.006271932,       579.1421856,       181812.1808,       181812.1808,       2.195563445,       618085.2964,       88.82417754,       317.5568946,         67.51003737,          132.1097171,               0.3219084329,       615.1920482,       615.1920482,       225724.2053,       225724.2053,      -3270.746262,          0.074333021,        -0.01794762162,       92541.46351,        89270.71725,           287.9688715,            327.2231768,            99261.84933,              126462.356
          0,           0,         163,       -4.95521269,      -2.560381291,      -2.642286647,      -2.877533912,      0.5343689415,       0.055703144,       0.055703144,       1.009185611,       578.9402739,       181840.5974,       181840.5974,       2.196571293,       618056.5165,       85.45669291,        317.888853,         68.12496528,          92.49613595,               0.3245821829,        615.163403,        615.163403,       226069.0647,       226069.0647,      -3213.910285,        0.07444772249,        -0.01874457849,       92527.25382,        89313.34353,           287.9734539,            327.1899491,            99269.19294,             126799.8717
          0,           0,         164,      -4.955499937,      -2.561361646,      -2.642502532,      -2.873766504,      0.5345003509,     0.05509420207,     0.05509420207,        1.01278858,       578.7931772,       181895.9719,       181895.9719,       2.197698703,       618168.4437,       82.52163375,       318.4415703,         68.69418295,          70.95642824,               0.3266734902,       615.2748063,       615.2748063,       226560.5537,       226560.5537,      -3135.509286,        0.07455385937,        -0.01945965729,       92515.74059,        89380.23131,           287.9792287,            327.2955777,            99277.47532,             127283.0784
          0,           0,         165,      -4.956866377,      -2.562158508,      -2.644905024,      -2.876448297,      0.5327550729,      0.0545045232,      0.0545045232,        1.01680778,       578.5928372,       181930.0262,       181930.0262,       2.198757198,       618262.4347,       79.71786055,       319.0882756,         69.24872255,          56.79425051,               0.3285198378,       615.3683573,       615.3683573,       227076.9838,       227076.9838,      -3082.762367,        0.07465078906,        -0.02014626586,       92506.39427,         89423.6319,           287.9857802,            327.3825771,            99286.07368,             127790.9102
          0,           0,         166,      -4.958011484,      -2.562649565,      -2.647778669,      -2.878894916,      0.5312946826,     0.05390666359,     0.05390666359,       1.020805039,       578.3688831,       181947.8804,       181947.8804,       2.199661696,       618319.8458,       76.84549504,        319.738063,         69.80376868,          46.32128742,               0.3303321981,       615.4254997,       615.4254997,       227542.8305,       227542.8305,      -3049.466881,        0.07473829125,        -0.02083162766,       92498.67364,        89449.20676,           287.9926664,            327.4328333,            99294.43257,             128248.3979
          0,           0,         167,      -4.959835852,      -2.562730105,      -2.650815609,      -2.880985003,      0.5290428655,     0.05335253949,     0.05335253949,       1.025156772,       578.1542492,       181958.9663,       181958.9663,       2.200456604,       618429.7432,       74.23625349,       320.5195863,         70.32169881,           39.2042505,               0.3317337743,       615.5348827,       615.5348827,       228055.9158,       228055.9158,      -3025.946777,        0.07481604114,        -0.02146350165,       92492.45655,        89466.50977,           287.9997537,            327.5351289,            99302.37426,             128753.5415
          0,           0,         168,      -4.961536688,      -2.562623658,       -2.65307677,      -2.883226684,      0.5269217502,     0.05281780291,     0.05281780291,       1.029604717,       577.9274354,       181955.2938,       181955.2938,       2.201107943,       618534.6746,       71.72812817,       321.3473695,          70.8327137,          33.85582273,               0.3329981496,       615.6393229,       615.6393229,       228555.7474,       228555.7474,      -3020.233128,        0.07488369891,        -0.02206589601,       92487.76346,        89467.53033,           288.0069295,            327.6323934,            99309.84689,             129245.9005
          0,           0,         169,      -4.963432585,      -2.562259461,       -2.65529501,      -2.885052482,      0.5246012191,     0.05230838806,     0.05230838806,       1.034172571,       577.6841271,       181936.9008,       181936.9008,       2.201638134,       618634.3619,        69.3700519,       322.2222185,         71.32783586,            29.815741,               0.3340836703,       615.7385435,       615.7385435,       229051.9088,       229051.9088,      -3032.041589,        0.07494118604,        -0.02263279799,       92484.47119,        89452.42961,           288.0139207,            327.7246228,            99316.71638,             129735.1924
          0,           0,         170,      -4.965610806,      -2.561838086,      -2.658238546,      -2.887218054,      0.5219159266,     0.05181152645,     0.05181152645,       1.038652424,       577.4360367,       181897.6423,       181897.6423,        2.20194375,       618724.2812,       67.09015864,       323.1060931,         71.82129397,          26.59431735,               0.3351173211,       615.8280419,       615.8280419,       229514.3998,       229514.3998,      -3066.927671,        0.07498860651,        -0.02317708006,       92482.28498,        89415.35731,            288.020367,             327.807675,            99322.72647,             130191.6733
          0,           0,         171,      -4.967659035,      -2.561357702,      -2.660467512,      -2.888472323,      0.5195005285,      0.0513586151,      0.0513586151,       1.043233059,       577.2114623,       181855.3562,       181855.3562,       2.202146384,        618856.582,       65.04740398,       324.0425667,         72.35701173,          24.18065223,               0.3362348881,       615.9597234,       615.9597234,       229999.3344,       229999.3344,      -3106.893375,        0.07502596703,        -0.02366735193,       92481.12477,         89374.2314,           288.0260114,            327.9337121,            99327.80585,             130671.5286
          0,           0,         172,      -4.969593255,      -2.560797143,      -2.661459615,      -2.885876664,      0.5176046385,     0.05097952812,     0.05097952812,       1.048073878,        577.022063,       181816.9627,       181816.9627,        2.20230484,       619063.0641,        63.4011935,       325.0689242,         72.92146712,          22.53711084,               0.3373132897,        616.165239,        616.165239,       230553.5138,       230553.5138,       -3145.70324,        0.07505321284,        -0.02407368471,       92481.33299,        89335.62975,           288.0310385,            328.1342004,            99332.26733,             131221.2465
          0,           0,         173,      -4.971850649,      -2.560333762,      -2.664609533,      -2.889807349,      0.5149775163,     0.05062815187,     0.05062815187,       1.052745533,       576.8296172,       181767.2062,       181767.2062,       2.202339269,       619259.7376,       61.88929296,       326.0790981,         73.52841523,          21.20669018,               0.3385766726,       616.3609919,       616.3609919,        231087.422,        231087.422,      -3199.668777,        0.07507004233,        -0.02444189047,        92483.4375,        89283.76872,           288.0357078,            328.3252841,            99336.55031,             131750.8717
          0,           0,         174,      -4.973824379,      -2.559642554,      -2.666549336,      -2.888832004,      0.5132177653,     0.05034390238,     0.05034390238,       1.057706004,       576.6506201,       181703.6981,       181703.6981,       2.202157835,       619510.1539,       60.76395924,       327.2048099,         74.17694388,          20.38266419,               0.3398136979,        616.610236,        616.610236,       231644.5219,       231644.5219,      -3272.258527,        0.07507595841,        -0.02473205602,       92487.97829,        89215.71977,           288.0402368,            328.5699992,            99341.06882,              132303.453
          0,           0,         175,      -4.976113153,      -2.558885623,      -2.669261911,      -2.891130019,      0.5106270984,     0.05008395574,     0.05008395574,       1.062435191,       576.4812304,        181627.147,        181627.147,       2.201785279,       619751.7788,       59.72963603,       328.2971831,         74.85901608,          19.70337435,               0.3412118807,       616.8507298,       616.8507298,       232148.2996,       232148.2996,      -3363.700413,        0.07506992687,        -0.02498597113,       92495.42371,         89131.7233,           288.0449089,            328.8058209,            99346.06807,             132802.2315
          0,           0,         176,      -4.978227214,      -2.557996832,      -2.671397508,      -2.893012387,      0.5083250645,     0.04991176147,     0.04991176147,       1.067343624,       576.3387487,        181556.176,        181556.176,       2.201392485,        620050.208,       59.14486851,       329.4696521,         75.56635503,          19.46935452,                0.342554883,       617.1477621,       617.1477621,       232704.6651,       232704.6651,      -3457.045269,        0.07505110105,        -0.02513933958,       92506.61065,        89049.56538,           288.0503744,            329.0973878,            99352.18493,             133352.4802
          0,           0,         177,      -4.980654135,      -2.557123038,      -2.674805725,      -2.896469873,      0.5053228045,     0.04973176942,     0.04973176942,       1.071755629,       576.1623438,       181455.9423,       181455.9423,        2.20076438,       620261.4132,       58.46516968,       330.5064366,         76.27500247,          19.16552303,               0.3440586366,       617.3579786,       617.3579786,       233149.1531,       233149.1531,      -3587.585061,        0.07501667787,        -0.02528490845,        92521.7637,        88934.17864,            288.056455,            329.3015236,            99359.09975,             133790.0533
          0,           0,         178,       -4.98285013,      -2.556243174,      -2.677669042,      -2.898580881,      0.5028421457,     0.04957251904,     0.04957251904,       1.075869399,       575.9846104,        181342.046,        181342.046,       2.199977168,       620446.7561,       57.87819256,       331.4901375,         76.97631097,          18.96316371,               0.3455544281,        617.542454,        617.542454,       233533.5146,       233533.5146,      -3742.084665,        0.07496556231,        -0.02539304327,       92542.06534,        88799.98067,           288.0640953,            329.4783587,            99367.74762,              134165.767
          0,           0,         179,      -4.984379053,       -2.55539272,      -2.678569248,      -2.897014741,      0.5015805458,     0.04952447681,     0.04952447681,       1.080183737,        575.884058,       181268.1646,       181268.1646,       2.199389949,       620755.5936,       57.91451615,       332.5815946,         77.67053078,           19.3165885,               0.3467873147,       617.8498457,       617.8498457,       234030.7177,       234030.7177,      -3867.327914,        0.07489329722,         -0.0253688204,       92567.74626,        88700.41834,           288.0732276,            329.7766182,            99377.52396,             134653.1937
          0,           0,         180,      -4.986446497,      -2.554899861,      -2.682100434,      -2.901944317,       0.499015989,     0.04944200614,     0.04944200614,        1.08385595,       575.7549322,       181159.9027,       181159.9027,        2.19848251,       620971.1043,       57.76435226,       333.5233893,         78.35533135,          19.53135619,               0.3481399674,       618.0643477,       618.0643477,       234376.9024,       234376.9024,      -4040.422137,        0.07479908388,        -0.02535707774,       92600.16241,        88559.74027,           288.0842247,             329.980123,            99389.60051,             134987.3019
          0,           0,         181,      -4.988055262,      -2.554662077,      -2.684479548,      -2.903827806,      0.4971823959,     0.04936434111,     0.04936434111,       1.087300921,       575.6006365,        181029.052,        181029.052,       2.197387993,       621146.0307,       57.71388033,        334.408285,         79.03551913,          19.86446765,               0.3494832157,       618.2384553,       618.2384553,       234672.1803,       234672.1803,      -4251.801003,        0.07467890944,        -0.02531456833,       92640.42648,        88388.62548,           288.0984892,             330.139966,            99404.34301,             135267.8373
          0,           0,         182,      -4.989273288,      -2.554808757,      -2.686249267,      -2.905628042,        0.49592683,     0.04932384778,     0.04932384778,        1.09056192,       575.4820945,       180911.1115,       180911.1115,       2.196318887,       621355.6125,       57.92513747,         335.27647,          79.7144819,           20.4771088,               0.3507628985,        618.447056,        618.447056,       234971.5581,       234971.5581,      -4466.967475,        0.07452926945,        -0.02520542167,        92689.0395,        88222.07203,           288.1140918,            330.3329642,            99421.62775,             135549.9304
          0,           0,         183,      -4.990377448,      -2.555402192,       -2.68859436,      -2.907886936,       0.494813629,     0.04929738267,     0.04929738267,       1.093534246,        575.360614,       180788.1607,       180788.1607,       2.195211262,       621548.5911,       58.29520519,       336.0722321,         80.38544427,          21.30738144,               0.3520194792,       618.6391313,       618.6391313,       235250.0625,       235250.0625,      -4705.601484,        0.07434289535,        -0.02504551267,       92746.88108,        88041.27959,           288.1321403,             330.506991,            99441.07472,             135808.9878
          0,           0,         184,      -4.991170289,      -2.556431424,      -2.690728486,      -2.910492451,      0.4940879874,     0.04926972132,     0.04926972132,       1.096097803,       575.2599641,       180667.7848,       180667.7848,       2.194055139,       621738.3424,       58.74821264,        336.777208,         81.07748149,          22.31806323,               0.3533995967,       618.8279943,       618.8279943,       235484.6356,       235484.6356,      -4964.581831,        0.07411557662,         -0.0248458553,       92816.18333,         87851.6015,           288.1548443,            330.6731501,             99464.2501,             136020.3855
          0,           0,         185,      -4.991689227,      -2.557744649,       -2.69292098,      -2.913590417,      0.4935526758,     0.04924827009,     0.04924827009,       1.098298591,       575.1685212,       180564.4507,       180564.4507,       2.193075317,       621921.6504,       59.36839167,       337.3767976,         81.75445704,          23.63730773,               0.3547532603,       619.0104443,       619.0104443,       235730.8725,       235730.8725,      -5230.811609,        0.07384056114,        -0.02459229105,       92897.63113,        87666.81953,           288.1803146,            330.8301297,            99490.77459,             136240.0979
          0,           0,         186,      -4.992277027,      -2.559236875,      -2.694893074,      -2.916959391,      0.4930440386,     0.04919190557,     0.04919190557,       1.099990489,        575.085348,       180458.4354,       180458.4354,       2.192020785,       622079.6194,        59.9724977,       337.8401989,         82.43685825,          25.12789469,               0.3562027189,       619.1676739,       619.1676739,       235904.1486,       235904.1486,      -5527.728685,        0.07351017911,        -0.02431827353,       92993.08202,        87465.35334,           288.2100435,            330.9576304,             99521.4212,             136382.7274
          0,           0,         187,      -4.992810542,      -2.560808601,      -2.697296194,      -2.920688908,      0.4925694813,     0.04910523926,     0.04910523926,       1.101214697,       575.0053423,       180362.5964,       180362.5964,       2.191070301,       622216.5911,       60.61160705,       338.1493152,          83.1234894,          26.89600366,               0.3577601706,       619.3040043,       619.3040043,       236060.9781,       236060.9781,      -5846.284042,        0.07311645134,        -0.02401121208,       93104.44021,        87258.15617,           288.2458547,            331.0581497,            99557.04761,             136503.9305
          0,           0,         188,      -4.993299582,      -2.562343474,      -2.698536335,      -2.923096431,      0.4922851269,     0.04897804632,     0.04897804632,       1.101863983,       574.9561224,       180290.2382,       180290.2382,       2.190286863,       622354.6914,       61.28601006,       338.2940827,         83.81649288,          29.02263115,                 0.35943235,       619.4414582,       619.4414582,       236196.9871,       236196.9871,      -6173.772315,        0.07264874975,        -0.02367070344,       93232.00524,        87058.23293,           288.2860401,             331.155418,            99596.72561,             136600.2615
          0,           0,         189,      -4.993905287,      -2.563915411,      -2.700534328,      -2.925992624,      0.4918497236,     0.04877192561,     0.04877192561,       1.101867493,       574.9049031,       180222.7731,       180222.7731,       2.189559345,       622454.5246,       61.87371649,        338.222673,          84.5321578,          31.41443872,               0.3613493389,       619.5408241,       619.5408241,       236289.5549,       236289.5549,       -6528.92121,        0.07209564112,        -0.02332371551,       93375.84715,        86846.92594,           288.3285249,            331.2122993,            99639.39395,              136650.161
          0,           0,         190,      -4.994686538,      -2.565285839,      -2.700902216,       -2.92729383,      0.4914010584,     0.04852902377,     0.04852902377,       1.101419484,       574.8931919,       180194.0684,       180194.0684,       2.189154144,       622581.9215,       62.59205051,       337.9927725,         85.24837421,          34.53083685,               0.3633272675,       619.6676246,       619.6676246,       236412.7935,       236412.7935,      -6882.299582,        0.07145334939,        -0.02292432562,       93538.18402,        86655.88443,           288.3749699,            331.2926547,             99687.6193,             136725.1742
          0,           0,         191,      -4.995535608,       -2.56657343,      -2.702027696,        -2.9292229,      0.4907992472,     0.04819901041,     0.04819901041,        1.10033012,       574.8950941,       180184.5193,       180184.5193,       2.188919296,       622692.7686,       63.26430569,       337.5366289,         85.95300691,          38.25590025,               0.3654017653,       619.7779529,       619.7779529,       236521.1043,       236521.1043,      -7250.144731,        0.07070754855,        -0.02250853813,       93717.33202,        86467.18729,           288.4244362,            331.3535167,            99738.80672,             136782.2975
          0,           0,         192,      -4.996676083,      -2.567723661,      -2.702908186,      -2.930444897,      0.4899000888,     0.04775062672,     0.04775062672,       1.098408317,       574.9112007,       180186.2108,       180186.2108,         2.1887624,       622764.6277,       63.75566384,       336.8024187,         86.64907319,          42.42443585,               0.3676675804,       619.8494756,       619.8494756,       236553.4357,       236553.4357,       -7638.90151,        0.06985059627,        -0.02209996954,       93912.55616,        86273.65465,           288.4763092,            331.3731664,             99792.7698,             136760.6659
          0,           0,         193,      -4.997717287,      -2.568766201,      -2.703132326,        -2.9311258,      0.4891728219,     0.04718511942,     0.04718511942,       1.095784658,       574.9333913,       180205.2162,       180205.2162,        2.18878184,       622808.9173,       64.17489299,       335.8139665,         87.33237899,          47.43864418,               0.3700543973,       619.8935579,       619.8935579,       236565.6947,       236565.6947,      -8039.680618,        0.06887007131,        -0.02168495189,        94122.4484,        86082.76778,           288.5317236,            331.3618343,            99848.21827,             136717.4764
          0,           0,         194,      -4.999108623,      -2.569584909,      -2.703705099,      -2.931680544,      0.4880855767,     0.04649182427,     0.04649182427,       1.092452524,       574.9720266,       180244.3763,       180244.3763,       2.188979546,       622829.9876,       64.46190279,       334.5608372,         87.99025611,          53.31185151,               0.3725449784,       619.9145296,       619.9145296,       236539.0158,       236539.0158,      -8453.685393,        0.06776660205,        -0.02127477779,       94349.03083,        85895.34544,           288.5929395,            331.3215901,             99909.4101,             136629.6057
          0,           0,         195,      -5.000303485,        -2.5702903,      -2.703224522,      -2.931719584,      0.4872759016,     0.04572525372,     0.04572525372,       1.088792297,       575.0539875,       180336.4587,       180336.4587,       2.189650439,       622906.7819,        64.9654478,       333.1418421,           88.623264,          61.73606175,               0.3749908597,       619.9909644,       619.9909644,        236616.595,        236616.595,      -8841.977568,        0.06653075973,        -0.02080550601,       94589.21812,        85747.24055,           288.6604379,            331.3305265,             99974.2313,             136642.3637
          0,           0,         196,      -5.001727207,      -2.570965288,       -2.70403619,      -2.932268607,      0.4861635827,     0.04479316802,     0.04479316802,       1.084267794,       575.1450948,       180434.3389,       180434.3389,       2.190354022,       622935.5613,       65.19696107,       331.4091827,         89.23164996,          71.37671147,               0.3776450356,       620.0196091,       620.0196091,       236604.8098,       236604.8098,      -9242.840178,        0.06515870967,        -0.02036554165,       94838.58952,        85595.74934,           288.7314687,            331.2881404,            100040.6387,              136564.171
          0,           0,         197,      -5.002953731,      -2.571672337,       -2.70501821,      -2.932439187,      0.4852485268,     0.04372408297,     0.04372408297,       1.079196611,       575.2462979,       180547.9431,       180547.9431,       2.191209749,       622954.1501,       65.38635291,        329.438394,         89.80132132,             83.81205,               0.3803305176,       620.0381109,       620.0381109,       236590.9311,       236590.9311,      -9626.017456,        0.06364053034,        -0.01991644737,       95086.98029,        85460.96284,           288.7980604,            331.2400505,            100100.3245,             136490.6066
          0,           0,         198,      -5.004185683,       -2.57228153,      -2.705891776,      -2.933049205,      0.4844098278,     0.04252417588,     0.04252417588,       1.073597058,       575.3651054,        180679.629,        180679.629,       2.192218969,       622966.9273,       65.54405791,       327.2387309,         90.34790482,          100.0989901,               0.3831565731,       620.0508283,       620.0508283,       236567.4373,       236567.4373,      -9986.086252,        0.06198706333,        -0.01946288746,       95332.85761,        85346.77136,           288.8624929,            331.1883354,              100155.88,             136411.5573
          0,           0,         199,      -5.005170353,      -2.572888667,       -2.70687056,      -2.933500082,      0.4838472222,     0.04122791917,     0.04122791917,       1.067777402,       575.4960482,       180830.6255,       180830.6255,       2.193422107,        622997.875,        65.8362204,       324.8895326,         90.87097722,          123.7716799,                0.386009218,       620.0816311,       620.0816311,       236592.4397,       236592.4397,       -10306.4894,        0.06020568189,        -0.01897776272,       95568.55744,        85262.06804,           288.9207796,            331.1608514,              100202.51,             136389.9297
          0,           0,         200,      -5.006100939,      -2.573498242,      -2.708890212,      -2.934240552,      0.4832745086,     0.03981018995,     0.03981018995,       1.061633847,       575.6211854,       180978.9863,       180978.9863,       2.194617487,       623008.9015,       66.11857768,       322.3614876,         91.38030725,          157.0620988,               0.3890163223,        620.092606,        620.092606,       236599.8961,       236599.8961,      -10599.75563,        0.05830874796,        -0.01849855801,       95789.37095,        85189.61532,           288.9717471,            331.1208589,            100238.9025,             136360.9936
          0,           0,         201,      -5.006814255,      -2.574078412,      -2.711495845,      -2.935919284,      0.4828787019,     0.03825541376,     0.03825541376,       1.055098106,       575.7254928,       181105.2687,       181105.2687,       2.195628146,       622969.6087,       66.29148217,       319.6364648,         91.84891926,          202.9923798,               0.3921067096,       620.0534971,       620.0534971,        236536.485,        236536.485,      -10869.45435,        0.05630428861,        -0.01804887486,       95987.36154,        85117.90719,           289.0096648,            331.0438323,            100259.2123,             136277.2727
          0,           0,         202,      -5.007221506,      -2.574641083,      -2.714129955,      -2.937674238,      0.4828200972,     0.03664343076,     0.03664343076,       1.048626283,       575.8309732,       181240.4501,       181240.4501,       2.196748989,       622946.9491,       66.65989075,       316.8299489,         92.29505575,          278.9251697,               0.3951961416,       620.0309435,       620.0309435,       236521.6271,       236521.6271,      -11087.63203,        0.05421637646,         -0.0175729457,       96164.04107,        85076.40904,           289.0374539,            330.9934897,            100267.5685,             136254.0586
          0,           0,         203,      -5.007488308,      -2.575192828,      -2.717472648,      -2.939667637,      0.4828192998,     0.03494017581,     0.03494017581,       1.041959117,       575.9185847,       181357.5592,       181357.5592,       2.197728371,       622884.1667,       66.97744286,       313.8932242,         92.70792957,          400.0803728,               0.3983294163,       619.9684551,       619.9684551,       236454.1711,       236454.1711,      -11280.73619,        0.05206306409,        -0.01712288829,        96319.1477,        85038.41151,           289.0567551,               330.9117,            100264.7866,             136189.3845
          0,           0,         204,      -5.007528832,      -2.575822818,      -2.720645529,      -2.941633631,      0.4830593277,     0.03320728523,     0.03320728523,       1.035386584,        576.012948,       181480.0745,       181480.0745,       2.198760978,       622836.6782,       67.46797066,       310.9153731,         93.11182664,          635.4920723,               0.4015112811,       619.9211889,       619.9211889,       236417.3049,       236417.3049,      -11427.73129,        0.04986658248,        -0.01665929725,        96453.9029,        85026.17162,           289.0686122,            330.8525766,            100253.1316,             136164.1732
          0,           0,         205,      -5.007437994,      -2.576503337,      -2.724502449,      -2.944171598,      0.4833419197,     0.03142257042,     0.03142257042,       1.028672748,       576.0874393,       181583.7804,       181583.7804,       2.199645222,        622741.349,        67.8835656,       307.8332848,         93.49497339,          1110.952407,               0.4048409748,       619.8263059,       619.8263059,       236311.5758,       236311.5758,      -11559.34272,        0.04765145952,         -0.0162288891,       96571.56154,        85012.21882,            289.073995,             330.752311,            100235.7129,             136075.8629
          0,           0,         206,      -5.007198227,      -2.577216532,      -2.728409421,      -2.946709668,      0.4837222651,     0.02966259829,     0.02966259829,       1.022121559,       576.1630907,       181696.1914,       181696.1914,       2.200630995,       622652.5297,       68.44858517,       304.7424123,         93.86797771,          2487.572716,               0.4082509678,       619.7379023,       619.7379023,       236231.1452,       236231.1452,      -11661.73885,        0.04545095986,        -0.01578836156,       96678.96511,        85017.22626,           289.0782347,            330.6596676,            100218.3195,             136012.8257
          0,           0,         207,      -5.006866584,      -2.577860705,      -2.732451463,      -2.949162603,      0.4841236853,     0.02794192643,     0.02794192643,       1.015668649,       576.2373109,       181811.7872,       181811.7872,       2.201662978,       622558.1637,       69.06474226,       301.6550409,         94.23594786,          9601.139174,               0.4118040007,       619.6439781,       619.6439781,         236148.47,         236148.47,      -11755.27308,         0.0432993079,        -0.01535738146,       96783.53014,        85028.25707,           289.0851502,            330.5588279,            100206.5965,             135941.8735
          0,           0,         208,      -5.006474123,      -2.578511224,      -2.736404199,      -2.951826203,      0.4845216219,      0.0262700609,      0.0262700609,       1.009117967,       576.3179823,        181928.376,        181928.376,       2.202689334,       622448.9363,       69.64847263,       298.5695114,         94.58910994,          1733253.749,               0.4154668128,        619.535262,        619.535262,       236031.2414,       236031.2414,      -11847.81499,        0.04121992433,        -0.01494986343,       96888.09551,        85040.28052,           289.0946701,            330.4405919,            100201.2306,             135830.0108
          0,           0,         209,      -5.006156539,      -2.579377978,       -2.73949192,      -2.954297188,      0.4848633046,     0.02468106446,     0.02468106446,       1.002820816,       576.4108472,       182063.1004,       182063.1004,       2.203893992,       622369.8773,       70.39456185,        295.545432,         94.94792768,          11921.81744,               0.4192147821,        619.456573,        619.456573,       235970.8209,       235970.8209,      -11911.34395,        0.03920294112,        -0.01452187667,       96987.22217,        85075.87822,           289.1027068,            330.3538662,             100195.783,             135775.0379
          0,           0,         210,      -5.006178978,      -2.580407583,      -2.743521424,      -2.956889149,      0.4847540833,     0.02311977294,     0.02311977294,       0.996492949,       576.4980895,        182194.481,        182194.481,       2.205082478,       622270.8109,        71.1300737,       292.5070952,         95.31069722,          2823.800236,               0.4231712299,       619.3579704,       619.3579704,       235885.8224,       235885.8224,      -11953.46559,        0.03722966008,        -0.01410988715,       97073.97331,        85120.50772,            289.102993,            330.2549774,             100183.339,             135702.4834
          0,           0,         211,       -5.00646423,      -2.581250314,      -2.747488558,      -2.959516689,      0.4843036983,     0.02158341089,     0.02158341089,      0.9900904329,       576.5704403,       182311.2751,       182311.2751,       2.206149375,       622136.3849,       71.74659779,       289.4531778,         95.67208663,          1291.270287,                0.427320241,       619.2241736,       619.2241736,       235745.5971,       235745.5971,      -12000.11341,        0.03531439476,        -0.01373098387,       97155.69424,        85155.58084,           289.1019981,            330.1221755,            100169.4832,             135576.1139
          0,           0,         212,      -5.006686598,      -2.581867945,      -2.750549397,      -2.961447846,      0.4839595761,     0.02015089515,     0.02015089515,      0.9839647903,       576.6691711,        182457.109,        182457.109,       2.207471977,       622055.4747,       72.55998488,       286.4858369,         96.03499644,          707.8268541,                0.431492191,       619.1436421,       619.1436421,       235691.3163,       235691.3163,      -12013.38225,        0.03346555012,        -0.01331465497,       97235.24561,        85221.86336,           289.1012055,            330.0424366,            100156.0437,             135535.2727
          0,           0,         213,       -5.00713177,      -2.582353709,      -2.754189083,      -2.964538653,      0.4832657861,     0.01877190214,     0.01877190214,      0.9777205418,       576.7681836,       182601.3634,       182601.3634,       2.208769705,       621956.3556,       73.22758491,        283.515855,         96.40077161,          458.1138692,                 0.43586302,        619.044987,        619.044987,       235598.7765,       235598.7765,       -12034.2812,        0.03169743272,        -0.01292553058,       97317.82232,        85283.54112,           289.1034066,            329.9415804,            100146.1722,             135452.6043
          0,           0,         214,      -5.007698557,       -2.58275891,      -2.757018064,      -2.965914207,      0.4825201287,     0.01744214884,     0.01744214884,      0.9712846916,       576.8603067,       182738.4652,       182738.4652,       2.210007883,       621828.2517,       73.72230481,       280.5454829,         96.76571471,          328.5331549,               0.4404087721,       618.9174828,       618.9174828,       235457.6935,       235457.6935,      -12064.24413,        0.03000628416,        -0.01256413533,       97401.35466,        85337.11053,           289.1061695,            329.8113133,            100137.1447,             135320.5489
          0,           0,         215,      -5.008443913,       -2.58297082,      -2.759735974,      -2.968310974,      0.4815575557,     0.01621028199,     0.01621028199,       0.964964901,       576.9646866,       182886.4927,       182886.4927,       2.211332083,       621728.3133,        74.2691734,       277.6614132,         97.13379387,           244.607688,                 0.44497463,       618.8180122,       618.8180122,       235356.4186,       235356.4186,      -12083.77782,        0.02839042253,        -0.01218014054,       97485.13525,        85401.35742,           289.1092674,            329.7087448,            100127.5925,             135228.8261
          0,           0,         216,      -5.009483328,      -2.583163751,      -2.762696883,      -2.970959746,      0.4801902374,     0.01504690038,     0.01504690038,      0.9585223033,        577.072365,       183035.8317,       183035.8317,       2.212654857,       621622.1085,       74.69922052,       274.8107951,         97.50605647,          191.0348249,               0.4496753198,       618.7123045,       618.7123045,       235239.4048,       235239.4048,      -12106.51073,         0.0268517382,        -0.01180483782,       97571.17119,        85464.66046,           289.1135927,            329.5987118,            100118.5575,             135120.8473
          0,           0,         217,      -5.010458264,      -2.583309766,      -2.765132657,      -2.973152398,       0.478929568,     0.01396433206,     0.01396433206,      0.9521148664,       577.1874697,       183189.2261,       183189.2261,       2.213992865,       621535.0879,       75.11532978,       272.0358687,         97.89066346,          152.8193056,               0.4544578658,       618.6256913,       618.6256913,       235143.4138,       235143.4138,      -12127.47954,        0.02538597048,        -0.01142163842,        97658.3528,        85530.87327,           289.1190938,            329.5065975,            100108.6332,             135034.7805
          0,           0,         218,      -5.011359613,      -2.583300301,      -2.767504992,      -2.975591301,      0.4777483032,     0.01294635627,     0.01294635627,      0.9454537295,       577.3051555,       183341.4721,       183341.4721,       2.215301281,       621434.7798,       75.33685716,       269.2766833,         98.28487311,          126.5823241,                0.459447355,       618.5258527,       618.5258527,       235016.9612,       235016.9612,      -12158.85896,        0.02400314142,        -0.01105678514,       97750.16552,        85591.30657,           289.1268672,            329.3989855,            100099.8109,             134917.1503
          0,           0,         219,      -5.012502813,       -2.58328305,      -2.769218245,      -2.977986259,      0.4763383798,      0.0120246485,      0.0120246485,       0.938867957,       577.4472504,       183512.8625,       183512.8625,       2.216752275,         621384.83,       75.59181661,       266.6097117,         98.69310143,          105.5449998,               0.4645151347,       618.4761367,       618.4761367,       234958.9156,       234958.9156,      -12173.02888,         0.0226933859,         -0.0106687374,        97842.9457,        85669.91682,           289.1334567,              329.34268,            100088.4726,              134870.443
          0,           0,         220,       -5.01351779,      -2.583147164,      -2.769852525,      -2.980095161,      0.4751878155,     0.01119852549,     0.01119852549,      0.9322543598,       577.6042829,       183690.5738,       183690.5738,       2.218226732,       621366.4955,       75.79032714,       264.0272667,         99.11908825,          89.09388564,               0.4696955912,        618.457888,        618.457888,       234932.9531,       234932.9531,      -12187.24191,        0.02146203007,        -0.01026350458,       97938.90785,        85751.66594,           289.1408176,            329.3170705,            100076.0329,             134856.9201
          0,           0,         221,      -5.014672948,        -2.5829326,      -2.772838583,      -2.982551749,      0.4736502969,     0.01041142407,     0.01041142407,      0.9251620403,       577.7537759,        183853.148,        183853.148,       2.219538107,       621306.7891,       75.61050461,       261.4201124,         99.55712159,          77.83962279,               0.4751891915,       618.3984611,       618.3984611,       234826.3034,       234826.3034,      -12226.01544,        0.02031198487,       -0.009900560805,       98039.58174,        85813.56629,           289.1505633,            329.2478978,            100063.4493,             134762.8541
          0,           0,         222,      -5.015775444,      -2.582651484,      -2.774249288,      -2.984801416,       0.472315645,    0.009719014601,    0.009719014601,      0.9179875064,       577.9171048,       184027.9336,       184027.9336,       2.220942516,       621279.7996,       75.34322918,       258.9095662,         100.0126473,          68.45456898,               0.4807884229,       618.3715979,       618.3715979,       234764.7737,       234764.7737,      -12258.77653,        0.01924195928,       -0.009522944678,       98143.35504,        85884.57851,           289.1600548,            329.2115432,            100048.5693,             134716.2044
          0,           0,         223,      -5.016627966,      -2.582198556,      -2.775173593,       -2.98721303,      0.4713098544,    0.009117929541,    0.009117929541,      0.9106912256,       578.0746132,       184202.2463,       184202.2463,        2.22235913,       621260.9947,       74.91553826,       256.4971231,          100.483825,          60.81697153,               0.4864840746,       618.3528811,       618.3528811,       234726.7363,       234726.7363,      -12298.46296,        0.01825812624,       -0.009140196699,       98250.35464,        85951.89169,           289.1700747,            329.1828065,            100031.3191,             134695.4173
          0,           0,         224,       -5.01733544,      -2.581490417,       -2.77685442,      -2.989426895,      0.4703859939,    0.008581048468,    0.008581048468,      0.9031097363,       578.2208658,       184361.8088,       184361.8088,       2.223632316,       621227.0261,       74.17573018,       254.1468229,         100.9695105,          55.04222916,               0.4923584493,       618.3190715,       618.3190715,       234657.7634,       234657.7634,      -12355.56148,        0.01736249896,       -0.008781450488,       98358.68513,        86003.12365,           289.1782198,            329.1408516,            100009.7368,             134648.0266
          0,           0,         225,      -5.017953075,      -2.580463358,      -2.777586794,      -2.991678469,      0.4696510792,    0.008145674432,    0.008145674432,      0.8956187791,       578.3688525,       184522.9778,       184522.9778,       2.224912211,        621230.306,       73.34065244,       251.9540419,         101.4686731,          49.99726079,               0.4982081604,        618.322336,        618.322336,       234643.4636,       234643.4636,      -12414.14185,        0.01655451155,       -0.008408837115,       98468.55984,        86054.41798,           289.1847467,            329.1375894,            99985.58813,             134657.8754
          0,           0,         226,      -5.018342833,      -2.579110851,      -2.778341763,      -2.992996642,      0.4690938648,    0.007782712564,    0.007782712564,      0.8880311753,       578.4982843,       184672.7495,       184672.7495,       2.226121278,       621225.4373,       72.27167698,       249.8574686,         101.9838825,          45.94592479,               0.5041482712,       618.3174902,       618.3174902,       234631.8131,       234631.8131,      -12479.64037,        0.01582875052,       -0.008046037957,       98576.19493,        86096.55456,           289.1880039,            329.1294863,            99954.75602,             134677.0571
          0,           0,         227,      -5.018449127,      -2.577128542,      -2.779627376,      -2.995817262,      0.4687728955,    0.007482391872,    0.007482391872,      0.8803216898,       578.6183297,       184805.9744,       184805.9744,       2.227157195,       621214.2193,       70.94939625,       247.8560055,         102.5098447,          42.82111498,               0.5101377837,       618.3063247,       618.3063247,       234596.4255,       234596.4255,      -12561.90709,        0.01518680807,       -0.007704416196,       98683.94075,        86122.03366,           289.1909592,            329.1153655,            99922.88917,             134673.5363
          0,           0,         228,      -5.017713008,      -2.574515196,      -2.778554662,       -2.99756068,      0.4695220517,    0.007305729981,    0.007305729981,      0.8729813191,       578.7500248,       184946.0719,       184946.0719,       2.228251722,       621267.9637,       69.72341212,       246.0774726,         103.0532218,          39.70167084,                0.515907104,       618.3598175,       618.3598175,       234658.6854,       234658.6854,      -12631.96938,         0.0146255064,        -0.00731977642,       98789.02065,        86157.05127,           289.1901167,            329.1697008,            99889.32262,             134769.3628
          0,           0,         229,      -5.016218568,      -2.571385753,      -2.780884276,      -2.999820644,      0.4706379352,    0.007160760432,    0.007160760432,      0.8656369889,       578.8388296,       185048.0061,       185048.0061,       2.229031884,       621265.4212,       68.20167087,       244.3683364,         103.5993994,          37.54669408,               0.5216799215,       618.3572868,       618.3572868,       234641.8779,       234641.8779,      -12733.55832,        0.01414287342,       -0.006982112984,       98890.78221,         86157.2239,           289.1857699,            329.1715169,            99856.25601,             134785.6219
          0,           0,         230,      -5.013822316,      -2.567398888,      -2.781402384,      -3.001332184,      0.4727851751,    0.007104851449,    0.007104851449,      0.8588223032,       578.9065335,        185135.895,        185135.895,       2.229716012,       621281.5773,       66.73346828,       242.8452019,         104.1570616,          35.56203581,               0.5271745141,       618.3733674,       618.3733674,        234669.457,        234669.457,      -12834.60482,        0.01373421364,        -0.00662936219,       98985.24993,        86150.64511,           289.1747725,            329.1985949,            99821.46126,             134847.9958
          0,           0,         231,      -5.010608578,      -2.562271852,      -2.781586071,      -3.002737125,      0.4758156985,    0.007105868832,    0.007105868832,      0.8524600019,       578.9428776,       185197.9754,       185197.9754,       2.230196557,       621274.2217,       65.21388776,       241.4799692,         104.7351407,          34.08228564,               0.5324376283,       618.3660462,       618.3660462,       234670.4719,       234670.4719,      -12958.25033,        0.01340180164,       -0.006295932811,       99078.11289,        86119.86256,           289.1649845,            329.2010617,            99795.38078,             134875.0911
          0,           0,         232,      -5.006570798,      -2.556073497,      -2.781386631,      -3.003433813,      0.4797927218,    0.007193003191,    0.007193003191,      0.8468615708,       578.9624981,       185245.2526,       185245.2526,       2.230558178,       621289.4698,       63.85799156,       240.3496466,         105.3109167,          32.68648374,               0.5371318703,       618.3812229,       618.3812229,       234716.9932,       234716.9932,      -13076.09454,        0.01313730227,       -0.005944299081,       99160.67357,        86084.57903,           289.1535288,            329.2276942,            99768.60398,             134948.3892
          0,           0,         233,      -5.002177417,       -2.54918352,      -2.781621499,      -3.004782244,       0.484187352,    0.007333383537,    0.007333383537,       0.842018143,       578.9511966,       185257.5953,       185257.5953,       2.230612677,       621303.1747,       62.58684189,       239.4139989,         105.9003291,          31.52601808,               0.5414514202,       618.3948636,       618.3948636,       234765.6998,       234765.6998,      -13181.16285,        0.01292847219,        -0.00559508865,        99219.3791,        86038.21625,           289.1308857,             329.263978,            99728.20902,             135037.4908
          0,           0,         234,       -4.99765714,       -2.54153534,      -2.781055114,      -3.005513821,      0.4890579671,    0.007510685507,    0.007510685507,      0.8378737647,       578.8924225,       185211.3719,       185211.3719,       2.230145767,       621293.9991,       61.39443468,       238.6647637,         106.5048804,          30.57949654,               0.5453984962,        618.385731,        618.385731,        234780.567,        234780.567,      -13256.40612,        0.01275684532,       -0.005246159817,       99233.88903,        85977.48291,           289.0783127,            329.3074182,            99653.65248,             135126.9145
          0,           0,         235,      -4.993801994,      -2.533087181,      -2.781594841,       -3.00585999,      0.4933483631,    0.007730895109,    0.007730895109,      0.8345923129,       578.8004464,       185133.5043,       185133.5043,       2.229427842,        621274.769,        60.3934237,       238.1147642,         107.1124533,          29.76092672,               0.5489693503,       618.3665909,       618.3665909,       234798.9741,       234798.9741,      -13301.22317,        0.01262555872,       -0.004894663611,       99217.36375,        85916.14058,           289.0097745,            329.3568164,              99561.686,             135237.2881
          0,           0,         236,      -4.990736657,      -2.523904844,      -2.782033691,       -3.00624165,      0.4970145316,    0.007967881479,    0.007967881479,      0.8322657914,       578.6568691,       185004.5198,       185004.5198,       2.228287052,       621221.1675,       59.51544442,       237.7488603,         107.7370178,          29.19964099,               0.5523403134,       618.3132404,       618.3132404,        234777.992,        234777.992,      -13328.63142,        0.01252958832,        -0.00456170684,       99166.57561,        85837.94419,           288.9225562,            329.3906841,             99449.7802,             135328.2118
          0,           0,         237,      -4.988429984,      -2.514551643,      -2.782349811,      -3.006397442,      0.4998782025,    0.008249907903,    0.008249907903,      0.8312633606,       578.4871536,       184846.0131,       184846.0131,       2.226895583,       621181.4534,       58.96324415,       237.6540457,          108.370574,          28.68149977,               0.5553403213,       618.2737121,       618.2737121,        234780.844,        234780.844,      -13342.42799,        0.01247168045,        -0.00422177255,       99094.22056,        85751.79257,            288.829011,            329.4447011,            99332.98525,             135447.8587
          0,           0,         238,      -4.986317215,      -2.505228321,      -2.781448894,      -3.005348139,      0.5024898419,    0.008607079773,    0.008607079773,      0.8318105204,       578.3176372,       184680.4581,       184680.4581,       2.225430117,       621204.3178,       58.91940126,       237.9060669,         109.0265352,          27.99901866,               0.5578384021,       618.2964695,       618.2964695,       234871.6418,       234871.6418,      -13332.84109,        0.01245218006,       -0.003845100292,       99006.64957,        85673.80848,           288.7336719,            329.5627976,            99217.59464,             135654.0471
          0,           0,         239,      -4.984545349,      -2.496057456,      -2.782585218,       -3.00312173,      0.5043966245,    0.008970256135,    0.008970256135,       0.833494182,       578.1099202,       184482.4174,       184482.4174,       2.223710151,       621196.5379,       59.06695437,       238.3729862,         109.7099313,          27.56744901,               0.5602287675,        618.288726,        618.288726,       234930.0483,       234930.0483,      -13333.83747,        0.01246779631,       -0.003497540175,       98908.12743,        85574.28996,           288.6386575,            329.6500685,            99106.00877,             135824.0396
          0,           0,         240,       -4.98230998,      -2.486329297,      -2.781342612,      -3.000648694,      0.5073630714,    0.009375329002,    0.009375329002,      0.8365348066,       577.9132646,       184280.1397,       184280.1397,       2.221905532,       621240.0358,        59.6088553,       239.1341806,         110.3985451,          27.10187426,                0.562203941,       618.3320203,       618.3320203,       235037.3909,       235037.3909,      -13325.62418,        0.01251336637,       -0.003138037364,       98802.88192,        85477.25774,           288.5465708,            329.7854496,            99000.58944,             136036.8015
          0,           0,         241,      -4.982862524,      -2.478273239,      -2.782110684,      -2.998638536,      0.5078694018,    0.009768199988,    0.009768199988,      0.8406029147,       577.6935193,       184062.8525,       184062.8525,       2.219997472,       621264.3564,       60.28420305,       240.1144347,         111.1046196,          26.90670277,               0.5639979937,       618.3562271,       618.3562271,       235122.1635,       235122.1635,      -13330.48852,        0.01258536376,       -0.002817163773,       98696.67052,          85366.182,           288.4597952,            329.8964319,            98904.77555,              136217.388
          0,           0,         242,      -4.986439679,      -2.473114836,      -2.783408506,      -2.997168232,      0.5052161791,     0.01016479687,     0.01016479687,      0.8458498512,       577.4624907,       183850.3355,       183850.3355,       2.218186697,       621299.7588,        61.1619633,       241.3435364,         111.8194428,          26.86537923,               0.5654069565,       618.3914638,       618.3914638,       235244.5313,       235244.5313,       -13342.6314,         0.0126843587,       -0.002519561829,       98596.48345,        85253.85204,           288.3831423,            330.0083215,            98823.50012,             136421.0312
          0,           0,         243,      -4.993109068,      -2.471015046,      -2.784599497,      -2.996371794,      0.4989677109,     0.01057419948,     0.01057419948,      0.8522578864,       577.2276968,       183648.4386,       183648.4386,        2.21650355,       621365.9389,       62.25364289,       242.8105875,         112.5493143,          26.91100932,                0.566418008,       618.4573341,       618.4573341,       235426.2506,       235426.2506,      -13360.65807,        0.01280630162,       -0.002232102143,       98504.54831,        85143.89024,           288.3169604,            330.1403737,            98756.71374,             136669.5369
          0,           0,         244,      -4.998734577,      -2.469837251,       -2.78516718,       -2.99578562,      0.4934877552,     0.01099326689,     0.01099326689,      0.8594457771,       576.9941518,         183451.76,         183451.76,       2.214870114,       621448.6743,       63.46372169,       244.4705227,         113.2847374,           27.0797315,               0.5670300865,       618.5396822,       618.5396822,       235627.5215,       235627.5215,       -13401.4616,        0.01294894509,       -0.001955678195,       98426.61078,        85025.14918,           288.2653556,            330.2743266,            98707.97257,              136919.549
          0,           0,         245,      -5.002241419,      -2.468256384,      -2.786176621,      -2.995706258,      0.4900388352,     0.01140820223,     0.01140820223,      0.8664330447,       576.7518697,       183273.6245,       183273.6245,       2.213445329,       621534.8515,       64.34907431,       246.2807703,         114.0413379,          27.44802514,               0.5675107163,        618.625456,        618.625456,        235858.143,        235858.143,      -13522.07194,        0.01311014257,       -0.001701940337,        98397.8482,        84875.77626,           288.2601138,            330.3653422,            98706.56504,             137151.5779
          0,           0,         246,      -5.005198878,      -2.466750632,       -2.78692832,      -2.996285837,      0.4872782085,     0.01187578146,     0.01187578146,      0.8732214088,       576.5647167,       183141.1499,       183141.1499,        2.21234508,       621718.7429,       65.02520764,       248.2879341,         114.8261272,          27.68340371,               0.5678112357,       618.8084865,       618.8084865,       236204.2433,       236204.2433,       -13687.5589,         0.0132912348,       -0.001415453333,       98414.35442,        84726.79553,           288.2967301,            330.5117564,            98747.38364,             137456.8596
          0,           0,         247,      -5.009293687,      -2.465454389,      -2.787265447,      -2.997492199,      0.4835067917,     0.01236717323,     0.01236717323,      0.8800573238,       576.3864338,       183004.7658,       183004.7658,       2.211164041,       621927.2423,       65.49793411,       250.4098054,          115.630367,          27.96404199,               0.5681952964,         619.01601,         619.01601,       236558.0189,       236558.0189,      -13879.61944,        0.01349061963,       -0.001123446398,       98442.19262,        84562.57318,           288.3429883,            330.6730217,            98798.96358,             137759.0553
          0,           0,         248,      -5.014698028,      -2.465288582,      -2.789690559,       -2.99813742,      0.4780172892,     0.01288184846,     0.01288184846,      0.8872444589,       576.1885581,       182842.6144,       182842.6144,       2.209746066,       622127.5772,       65.95365382,       252.6038071,         116.4893947,           28.2793406,               0.5689476671,       619.2154072,       619.2154072,       236897.1801,       236897.1801,      -14086.64327,        0.01370921331,       -0.000827364851,       98464.62882,        84377.98554,           288.3838125,            330.8315946,            98847.10576,             138050.0743
          0,           0,         249,      -5.019658572,      -2.466706713,      -2.791939161,       -2.99857244,      0.4726020307,     0.01340874703,     0.01340874703,      0.8944709087,       575.9839789,       182665.5134,       182665.5134,       2.208168348,       622312.6348,       66.38551105,        254.818178,         117.3338219,          28.66938503,               0.5698623388,       619.3995985,       619.3995985,       237197.8774,       237197.8774,      -14298.48266,        0.01394678348,      -0.0005380364468,       98481.99801,        84183.51536,           288.4199313,            330.9796671,             98892.0135,             138305.8639
          0,           0,         250,       -5.02233932,      -2.468344995,      -2.794870931,       -3.00009423,      0.4694763275,      0.0139600162,      0.0139600162,      0.9018483983,       575.7639922,       182470.6661,       182470.6661,       2.206405658,       622502.0384,       66.86456421,       257.0546073,         118.2414789,          29.01082592,               0.5712293851,       619.5881155,       619.5881155,       237498.1591,       237498.1591,      -14519.15406,        0.01420159336,       -0.000241577158,       98494.91008,        83975.75602,           288.4503633,            331.1377521,            98933.16561,             138564.9935
          0,           0,         251,      -5.023139341,      -2.469777024,      -2.796098334,       -3.00261349,      0.4687987637,     0.01456426256,     0.01456426256,      0.9093658662,        575.563861,       182278.7942,       182278.7942,       2.204601455,       622735.8588,       67.56551193,       259.3419664,         119.1211171,          29.10011135,               0.5725326754,       619.8208414,       619.8208414,       237831.0441,       237831.0441,      -14724.53905,        0.01447162244,       9.264011789e-05,       98501.66664,        83777.12759,            288.474128,            331.3467134,            98968.61937,             138862.4248
          0,           0,         252,      -5.023131217,      -2.471594978,      -2.801761196,       -3.00676971,      0.4687486819,     0.01517247809,     0.01517247809,      0.9169320327,        575.334682,       182066.3201,       182066.3201,       2.202629851,       622943.4355,       68.29665387,       261.5803789,         120.0634054,          29.23209978,               0.5742916058,       620.0274464,       620.0274464,       238142.3696,       238142.3696,      -14937.80129,        0.01475791544,       0.0004145626489,       98502.06072,        83564.25943,           288.4923948,            331.5350516,            98998.49631,             139143.8732
          0,           0,         253,      -5.022360585,      -2.474768598,      -2.805624748,      -3.010857652,      0.4697267816,     0.01580918803,     0.01580918803,      0.9244989771,       575.1164158,       181850.9184,       181850.9184,       2.200579578,       623169.6221,       69.18576234,       263.8337223,         120.9656765,          29.25058145,               0.5758430997,       620.2525742,       620.2525742,       238452.5202,       238452.5202,      -15139.39303,         0.0150592478,       0.0007499402323,        98495.1557,        83355.76267,           288.5037585,            331.7488157,            99021.68711,             139430.8331
          0,           0,         254,      -5.021558389,      -2.479216162,      -2.810561879,      -3.014614282,      0.4705480201,     0.01646745626,     0.01646745626,       0.932136389,       574.8891235,       181627.5149,       181627.5149,       2.198450903,       623407.3623,       70.19663537,       266.0763826,         121.9613106,          29.19189673,               0.5777532888,       620.4892016,       620.4892016,       238787.6214,       238787.6214,      -15331.42896,        0.01537130096,        0.001096155306,       98479.47195,        83148.04298,           288.5079451,            331.9812565,            99036.31416,             139751.3072
          0,           0,         255,      -5.020044448,      -2.483555431,      -2.816510791,      -3.018655322,      0.4719725455,     0.01710030693,     0.01710030693,      0.9395962815,       574.6294038,       181382.2915,       181382.2915,       2.196174969,       623594.9568,       71.13745562,       268.2331647,         122.9247373,          29.29444968,                 0.57959255,        620.675918,        620.675918,       239065.7511,       239065.7511,      -15530.53233,        0.01569249396,        0.001407812978,        98456.4119,        82925.87957,           288.5052773,            332.1706407,            99043.75055,             140022.0005
          0,           0,         256,      -5.018168251,       -2.48761388,      -2.821447627,      -3.023267729,       0.473971613,     0.01776875692,     0.01776875692,      0.9473695257,       574.3497779,        181130.427,        181130.427,       2.193859776,        623806.343,       72.29002575,       270.4183457,         123.9780525,          29.20214607,               0.5815579849,       620.8863147,       620.8863147,       239409.3984,       239409.3984,      -15720.97636,        0.01602484909,        0.001743907832,       98425.70169,        82704.72532,           288.4960904,            332.3902243,            99043.80251,             140365.5959
          0,           0,         257,      -5.016341014,      -2.491834552,      -2.826710774,       -3.02808772,      0.4758327496,     0.01842983137,     0.01842983137,      0.9550301784,       574.0487277,       180856.6075,       180856.6075,       2.191362462,       623987.0993,        73.4423396,       272.5380086,         124.9732144,          29.18163706,                0.583172014,       621.0662249,       621.0662249,        239705.656,        239705.656,      -15916.93525,        0.01636838624,        0.002061445121,       98386.77136,         82469.8361,           288.4802776,            332.5859473,            99035.84019,             140669.8158
          0,           0,         258,      -5.014253883,      -2.496747091,      -2.830659207,      -3.032455662,       0.478029038,     0.01910343308,     0.01910343308,      0.9628217857,       573.7197465,       180561.5538,       180561.5538,       2.188678977,       624161.7425,       74.68225915,       274.6364062,         126.0455954,          29.10975646,               0.5848509418,       621.2400505,       621.2400505,        240005.355,        240005.355,      -16121.19152,         0.0167234172,        0.002380015876,       98341.37266,        82220.18113,           288.4587562,            332.7812944,            99021.71187,             140983.6431
          0,           0,         259,      -5.012606891,      -2.502250193,      -2.836940575,      -3.037010069,      0.4795722127,     0.01974427286,     0.01974427286,      0.9703576355,       573.3471409,       180234.8914,       180234.8914,       2.185758377,       624262.1851,       75.79230578,       276.6050388,         127.0810986,          29.24007217,               0.5863317792,        621.340023,        621.340023,       240213.0062,       240213.0062,      -16347.90215,        0.01708822153,        0.002656051328,       98291.39677,        81943.49462,           288.4337512,            332.9062718,            99003.26546,             141209.7407
          0,           0,         260,      -5.011164936,      -2.507550072,      -2.841484918,      -3.040630071,      0.4809803331,     0.02039036912,     0.02039036912,       0.978044745,       572.9328119,       179887.9468,       179887.9468,       2.182702981,        624336.135,       76.96134502,       278.5361334,         128.1789805,          29.32836656,               0.5878176681,       621.4136267,       621.4136267,       240419.4529,       240419.4529,      -16590.21366,        0.01746298019,        0.002927388933,       98239.08025,        81648.86659,           288.4061597,            333.0074671,            98982.92989,              141436.523
          0,           0,         261,      -5.009949936,      -2.512273695,      -2.844785969,       -3.04389641,      0.4822234203,     0.02103283224,     0.02103283224,      0.9854897494,       572.5082331,       179528.3048,       179528.3048,       2.179517179,       624380.1164,       78.12782982,       280.4106924,         129.2353434,          29.43338919,               0.5889134988,       621.4574022,       621.4574022,       240568.8389,       240568.8389,      -16843.45865,        0.01784510352,        0.003187728723,       98185.88174,        81342.42309,           288.3781162,             333.079286,            98962.12626,             141606.7126
          0,           0,         262,      -5.009321038,      -2.516910742,      -2.847016496,      -3.046573504,      0.4828111284,     0.02169801379,     0.02169801379,      0.9930415774,       572.0657758,        179167.451,        179167.451,       2.176350063,       624418.7424,       79.41975791,       282.2627958,         130.3314242,          29.38984955,               0.5898821391,       621.4958475,       621.4958475,       240736.5623,       240736.5623,      -17101.75449,        0.01823766133,        0.003460352465,       98134.60274,        81032.84825,           288.3517445,             333.144103,            98943.82522,             141792.7371
          0,           0,         263,      -5.009011672,      -2.521488196,      -2.847774058,      -3.048218709,      0.4830822439,     0.02236017893,     0.02236017893,       1.000439407,       571.6203355,       178798.7526,       178798.7526,       2.173085305,       624439.0978,       80.72371298,        284.052903,         131.3649144,          29.31989228,               0.5903949851,       621.5161076,       621.5161076,       240856.6632,       240856.6632,      -17371.23682,         0.0186367328,        0.003723446129,       98084.99472,        80713.75791,           288.3264396,             333.189668,            98927.39218,             141929.2711
          0,           0,         264,      -5.009269694,      -2.526034929,      -2.848373372,      -3.049211268,      0.4827940429,     0.02300614488,     0.02300614488,       1.007865594,        571.127651,        178411.278,        178411.278,       2.169710073,       624407.0047,        81.9675286,       285.7666284,         132.4680471,          29.30513995,               0.5910093524,       621.4841647,       621.4841647,       240944.4786,       240944.4786,      -17668.96217,        0.01904438636,         0.00396175852,       98040.12006,         80371.1579,           288.3051213,            333.1790434,            98915.96437,             142028.5142
          0,           0,         265,      -5.010434427,      -2.530321442,      -2.847979108,      -3.049015501,      0.4815745012,     0.02365329482,     0.02365329482,       1.015259646,       570.6314414,       178027.1452,       178027.1452,       2.166347874,       624365.0045,       83.20985588,       287.4316151,         133.5760679,          29.25797256,               0.5914152051,        621.442361,        621.442361,       241019.3298,       241019.3298,      -17976.93197,        0.01945876488,        0.004194529935,       98002.03857,         80025.1066,           288.2881559,            333.1542052,            98911.31999,             142108.0098
          0,           0,         266,      -5.012018061,      -2.533901545,      -2.844198424,      -3.048361257,      0.4801490552,     0.02433584395,     0.02433584395,        1.02286488,       570.1334102,       177656.4677,       177656.4677,       2.163108387,       624349.0421,        84.5814283,       289.1171474,         134.7223082,          28.98375291,                0.591604438,       621.4264734,       621.4264734,       241157.4093,       241157.4093,      -18288.82632,        0.01988038157,        0.004455462386,       97972.64699,        79683.82067,           288.2772429,            333.1492305,            98914.44834,              142242.961
          0,           0,         267,      -5.014343536,      -2.537149757,      -2.843338404,        -3.0472877,      0.4776736487,     0.02499677821,     0.02499677821,       1.029992525,       569.6528572,       177299.9142,       177299.9142,        2.15997277,       624314.0542,       85.79536994,       290.6985647,         135.8284272,          28.78019698,               0.5915158579,       621.3916493,       621.3916493,       241248.7237,       241248.7237,      -18605.57347,        0.02030273549,        0.004694042719,       97952.74384,        79347.17037,           288.2721538,            333.1194955,            98924.89476,             142323.8289
          0,           0,         268,      -5.017024083,      -2.539735374,       -2.83938136,      -3.045557009,      0.4749893851,     0.02565499576,     0.02565499576,       1.036855436,       569.1700288,       176960.4285,       176960.4285,       2.157005515,       624288.1755,         86.873589,       292.2261133,         137.0242586,          28.49653143,               0.5915372273,       621.3658917,       621.3658917,        241387.404,        241387.404,      -18931.35906,        0.02072563984,        0.004929355921,       97945.89377,        79014.53471,           288.2746936,            333.0911981,            98942.99936,             142444.4047
          0,           0,         269,      -5.020402072,      -2.541800868,      -2.834525514,      -3.042526353,      0.4716421126,     0.02629552627,     0.02629552627,       1.042697491,       568.7433306,       176652.3499,       176652.3499,        2.15424751,       624282.9056,        87.6632881,       293.6671027,         138.1326764,          28.22448563,               0.5910494597,       621.3606465,       621.3606465,       241501.4332,       241501.4332,      -19258.60644,        0.02113972439,        0.005155801882,       97955.47814,        78696.87171,           288.2859137,            333.0747329,            98969.13208,             142532.3011
          0,           0,         270,      -5.024272345,      -2.543469413,       -2.82940152,      -3.039143543,      0.4678358774,     0.02691893524,     0.02691893524,        1.04734865,       568.3065778,       176356.0095,       176356.0095,       2.151614836,       624266.1201,       88.01646927,       295.0484654,         139.3739086,           27.9130792,               0.5908569674,       621.3439396,       621.3439396,       241646.2674,       241646.2674,      -19592.92583,         0.0215401711,        0.005378764141,       97974.46765,        78381.54182,           288.2971347,            333.0468049,            98989.78701,             142656.4803
          0,           0,         271,      -5.028680974,      -2.544785778,      -2.823478479,      -3.035354595,      0.4635239228,     0.02751310494,     0.02751310494,       1.051486353,       567.8773136,       176069.2462,       176069.2462,       2.149061316,       624247.3562,       88.24235455,       296.3539383,         140.5949667,          27.56758735,               0.5904783253,       621.3252635,       621.3252635,       241788.5202,       241788.5202,       -19924.8774,        0.02192053184,        0.005592573099,        97997.0618,         78072.1844,           288.3062454,            333.0190181,            99006.30917,             142782.2111
          0,           0,         272,      -5.033595995,      -2.546088013,      -2.817343179,       -3.03187577,      0.4586690187,     0.02806477247,     0.02806477247,       1.055307152,       567.4483074,       175792.3389,       175792.3389,       2.146603938,       624212.9173,       88.37394863,       297.5429349,         141.8633062,          27.25666984,               0.5903396611,       621.2909858,       621.2909858,       241917.3681,       241917.3681,      -20259.98159,        0.02227920598,        0.005785566493,       98026.16026,        77766.17867,           288.3168328,             332.974153,            99023.78284,             142893.5852
          0,           0,         273,      -5.038473525,      -2.546718291,      -2.811421758,      -3.028216685,      0.4538861621,      0.0285802021,      0.0285802021,       1.058777378,       567.0219133,       175526.0483,       175526.0483,       2.144231132,       624159.4027,       88.44670916,       298.6213587,         143.1687364,          26.94747777,                0.590473106,       621.2377217,       621.2377217,       242039.9515,       242039.9515,       -20593.3244,        0.02261251027,        0.005967691827,       98059.68633,        77466.36193,           288.3273316,              332.91039,            99040.41709,             142999.5344
          0,           0,         274,      -5.043265113,      -2.546890642,      -2.799831462,      -3.023331873,      0.4497416652,     0.02910941443,     0.02910941443,       1.062074419,       566.6340332,       175286.4428,       175286.4428,       2.142054998,        624149.794,       88.68305687,       299.6866684,         144.4739489,          26.42240394,               0.5905884566,        621.228158,        621.228158,       242196.5282,       242196.5282,      -20901.86117,        0.02291811076,        0.006191303675,       98094.15199,        77192.29083,           288.3345972,            332.8935608,            99053.25028,              143143.278
          0,           0,         275,      -5.049323211,      -2.546901044,      -2.798445781,       -3.01872375,      0.4432248944,     0.02958902747,     0.02958902747,        1.06508199,       566.2308214,       175049.2092,       175049.2092,       2.139953063,       624099.1667,       88.83196885,       300.6385844,         145.7483314,          25.95212964,               0.5908492932,       621.1777677,       621.1777677,       242336.4832,       242336.4832,      -21214.99604,        0.02319603684,        0.006392990624,       98132.10262,        76917.10658,           288.3408352,            332.8369325,            99065.23467,             143271.2485
          0,           0,         276,      -5.055325384,      -2.546751765,      -2.792812441,      -3.014534342,      0.4372341625,     0.03001020655,     0.03001020655,       1.067943196,       565.8101293,       174810.4033,       174810.4033,       2.137870806,       624023.2518,       88.95177751,       301.4895801,         147.0356025,          25.47398674,               0.5914213384,       621.1022081,       621.1022081,       242453.9197,       242453.9197,       -21542.9521,        0.02343585368,        0.006574352867,       98176.67772,        76633.72562,           288.3491224,            332.7530858,            99079.70735,             143374.2124
          0,           0,         277,      -5.060870105,      -2.546318364,       -2.78578384,      -3.010697091,       0.431885282,     0.03039060578,     0.03039060578,       1.070481405,       565.4192361,       174591.7115,       174591.7115,       2.135932399,        623959.652,       89.08656635,       302.2387932,         148.3013084,          24.93910235,               0.5922034366,        621.038906,        621.038906,       242587.6777,       242587.6777,      -21873.71503,         0.0236258483,        0.006764757476,       98232.71324,        76358.99822,           288.3636225,            332.6752835,            99101.58662,             143486.0911
          0,           0,         278,      -5.066192713,      -2.546395937,      -2.783080907,      -3.007523579,      0.4263847763,      0.0306874377,      0.0306874377,       1.072458246,       565.0471793,       174392.5211,       174392.5211,       2.134179736,       623880.3812,       89.11045945,       302.8013044,         149.5939254,          24.45537535,               0.5935718996,       620.9600062,       620.9600062,       242670.1873,       242670.1873,      -22213.25744,        0.02375030399,        0.006937133715,       98302.88926,        76089.63183,           288.3876601,            332.5723462,            99133.94538,             143536.2419
          0,           0,         279,      -5.071302027,      -2.546370657,      -2.778453547,      -3.004026524,      0.4214573328,     0.03090594563,     0.03090594563,       1.074290274,       564.7068886,       174224.8436,       174224.8436,       2.132668011,       623836.2586,       89.16244626,       303.2362086,         150.9791832,          23.89296986,               0.5956730226,       620.9160903,       620.9160903,       242831.4704,       242831.4704,      -22555.29504,        0.02379262572,         0.00711331991,        98390.0693,        75834.77426,           288.4237716,            332.4923187,            99179.94978,             143651.5207
          0,           0,         280,      -5.076818813,       -2.54575528,      -2.777337092,       -3.00119943,        0.41562641,     0.03099009679,     0.03099009679,       1.075488599,       564.3921813,       174071.8603,       174071.8603,       2.131265972,       623781.8165,       89.04852371,       303.4689854,         152.3238642,          23.41263698,               0.5981944002,       620.8619029,       620.8619029,       242931.9468,       242931.9468,      -22913.22791,         0.0237292021,        0.007260894689,       98492.54411,         75579.3162,           288.4703875,            332.3915154,            99238.25868,             143693.6882
          0,           0,         281,      -5.082008127,      -2.546005293,      -2.775703528,      -2.999083882,      0.4103327016,     0.03095634569,     0.03095634569,       1.076044779,       564.1358953,       173954.6557,       173954.6557,       2.130142935,       623754.9321,       88.91785813,        303.493943,         153.5690703,          22.88105513,               0.6010122058,       620.8351444,       620.8351444,       243027.2891,       243027.2891,      -23273.86726,        0.02354106043,        0.007415285256,       98614.26147,        75340.39422,           288.5332337,            332.3019108,            99314.32234,             143712.9667
          0,           0,         282,      -5.086591479,      -2.546097922,       -2.77471579,      -2.997725559,      0.4056139804,     0.03077018704,     0.03077018704,       1.076492903,       563.8806769,       173850.3398,       173850.3398,       2.129145751,       623740.4801,       88.74216724,       303.3336302,         154.9798036,          22.32670624,               0.6051455468,       620.8207601,       620.8207601,       243185.1225,       243185.1225,      -23642.27895,        0.02319205324,        0.007578133798,       98746.30936,        75104.03041,           288.6069889,            332.2137712,            99400.28178,             143784.8407
          0,           0,         283,      -5.090960488,      -2.546061977,      -2.774829909,      -2.997075263,      0.4011346901,     0.03040141903,     0.03040141903,       1.076370206,       563.6772584,       173772.2747,       173772.2747,       2.128342036,       623751.3916,       88.55216853,       302.9448953,         156.2824528,          21.74864455,               0.6098239158,       620.8316205,       620.8316205,       243311.6453,       243311.6453,      -24006.73712,        0.02266148774,        0.007739931282,       98889.50591,        74882.76879,           288.6950794,             332.136541,            99500.49991,             143811.1454
          0,           0,         284,      -5.095157523,      -2.546081075,      -2.775400431,       -2.99669088,      0.3967716515,     0.02982895957,     0.02982895957,       1.076417236,       563.4693078,       173705.0597,       173705.0597,       2.127636508,       623773.3174,       88.47685831,       302.4362918,         157.6806335,          21.10566841,               0.6157820008,       620.8534437,       620.8534437,       243525.4265,       243525.4265,      -24343.22827,        0.02191021738,        0.007918742192,       99024.14397,         74680.9157,           288.7849498,            332.0684939,            99599.58049,              143925.846
          0,           0,         285,      -5.099627776,      -2.546251197,      -2.777193126,       -2.99712953,      0.3921270285,     0.02903386683,     0.02903386683,       1.076508425,       563.2982275,        173644.743,        173644.743,       2.126950363,       623835.3721,       88.66876989,       301.7952276,         159.0032499,          20.36268807,               0.6226978764,       620.9152078,       620.9152078,       243705.5594,       243705.5594,      -24631.83074,        0.02090712083,        0.008126746001,       99138.28688,        74506.45614,           288.8743496,            332.0408582,            99691.55505,             144014.0044
          0,           0,         286,      -5.104111829,      -2.546682318,      -2.780042805,      -2.998852883,      0.3874875355,      0.0279440701,      0.0279440701,       1.077878862,       563.0711073,       173534.4541,       173534.4541,       2.125817413,       623864.6227,       89.20138039,        301.109641,         160.4393799,          19.62664555,               0.6315455992,       620.9443216,       620.9443216,       243987.9824,       243987.9824,      -24859.43296,        0.01961327508,        0.008330795019,       99196.94351,        74337.51056,           288.9406569,            332.0036647,            99750.73513,             144237.2473
          0,           0,         287,      -5.108721613,      -2.547208481,      -2.783007533,      -3.001454412,      0.3826916665,     0.02653708538,     0.02653708538,       1.080788387,       562.8179043,       173345.8681,       173345.8681,       2.123972882,       623868.4886,       90.49495698,       300.4339421,         161.8282918,           18.8457674,               0.6418631727,       620.9481694,       620.9481694,       244090.9391,       244090.9391,      -24956.71249,        0.01799923256,        0.008537852821,       99151.29029,         74194.5778,           288.9527423,            331.9954271,            99739.45522,             144351.4838
          0,           0,         288,      -5.113753318,      -2.547432699,      -2.787275894,       -3.00486484,       0.377586201,     0.02476678239,     0.02476678239,       1.087842465,       562.4392836,       172991.8169,       172991.8169,       2.120691434,       623760.6977,       93.16185903,       299.9906177,         163.3201037,          18.09134955,               0.6540339188,        620.840883,        620.840883,        244148.523,        244148.523,      -24861.38121,        0.01604486594,        0.008721916447,       98926.59907,        74065.21786,           288.8584646,            331.9824184,            99598.81405,              144549.709
          0,           0,         289,      -5.119178884,      -2.548095646,      -2.791981669,      -3.008474408,       0.372019932,     0.02263433572,     0.02263433572,       1.096558483,       562.0985534,       172663.0512,       172663.0512,       2.117634269,       623684.2671,       96.35031816,       300.0462479,         164.7479043,          17.35678213,               0.6668962019,       620.7648102,       620.7648102,       244101.4134,       244101.4134,      -24758.95261,        0.01372587459,        0.008908461124,       98711.00189,        73952.04928,           288.7816149,            331.9831954,            99487.17301,             144614.2404
          0,           0,         290,      -5.125069401,      -2.548935981,      -2.799019082,      -3.013284455,      0.3659473025,     0.02013870543,     0.02013870543,       1.097786919,       562.4444881,       173108.7079,       173108.7079,       2.121123699,       624182.1597,       94.80870037,       300.7779151,         166.0968645,          16.89753843,               0.6802524481,       621.2603722,       621.2603722,       244715.8704,       244715.8704,         -25376.86,        0.01105610727,        0.009082598157,       99242.78393,        73865.92394,           289.2538445,            332.0065277,            100042.9316,             144672.9389
          0,           0,         291,      -5.129489613,      -2.552043569,      -2.807534577,      -3.018465817,      0.3612246279,     0.01728463448,     0.01728463448,       1.099141544,       563.2415204,       174084.0835,       174084.0835,       2.129010713,       625098.8969,       89.80685581,       302.4943932,         167.4289789,          16.86614951,               0.6929674539,       622.1728181,       622.1728181,       245714.2656,       245714.2656,      -26525.30417,       0.008037135785,         0.00924749869,       100304.6938,        73779.38968,           290.1520756,            332.0207425,            101111.8093,             144602.4563
          0,           0,         292,      -5.133227924,      -2.556624667,      -2.815427561,      -3.024441921,      0.3571329241,     0.01413994903,     0.01413994903,       1.104104315,       564.3447004,       175382.9109,       175382.9109,       2.139535625,       626327.9146,       83.02413323,       305.0612907,         168.6571016,           18.4295177,               0.7044455342,       623.3960828,       623.3960828,       247168.6966,       247168.6966,      -27964.24082,       0.004727689253,        0.009412259776,       101673.5758,        73709.33502,           291.3307018,             332.065381,            102530.1448,             144638.5518
          0,           0,         293,      -5.135344986,       -2.56414964,      -2.823315775,      -3.031851877,      0.3549686837,     0.01078974282,     0.01078974282,       1.112871097,        565.583589,       176864.2849,       176864.2849,       2.151552108,       627771.1527,       75.59860992,       308.4414139,         169.9646342,          34.58169629,                0.714740938,       624.8325652,       624.8325652,       248850.8188,       248850.8188,      -29562.62211,       0.001172896482,        0.009616846338,       103213.4535,         73650.8314,           292.6837938,            332.1487714,            104190.8195,             144659.9993
          0,           0,         294,      -5.135935338,      -2.572066457,      -2.833464529,      -3.039658007,      0.3537745517,    0.007274486873,    0.007274486873,       1.124105724,        566.872179,       178414.9301,       178414.9301,       2.164197118,       629292.7114,       68.03830233,        312.284243,         170.9982911,          641.5401491,               0.7229604994,       626.3470014,       626.3470014,       250677.0876,       250677.0876,      -31219.58499,      -0.002550568416,        0.009825055289,       104817.2575,        73597.67253,           294.1141963,            332.2328051,            105996.3077,             144680.7799
          0,           0,         295,      -5.133292709,      -2.583284286,      -2.829663099,       -3.02296775,      0.3596177516,    0.003760716826,    0.003760716826,       1.137047697,       568.2100841,       179977.8777,       179977.8777,       2.176898002,       630938.6356,       60.99978781,       316.5221771,         171.9197144,          29.28282168,               0.7296952546,       627.9852211,       627.9852211,       252476.4711,       252476.4711,      -32850.56961,      -0.006373390088,         0.01013410691,       106414.2237,        73563.65404,           295.5516753,            332.4335457,            107874.1516,             144602.3195
          0,           0,         296,      -5.132520331,      -2.596021404,      -2.839885867,      -3.053036875,       0.358922632,   0.0002435338709,   0.0002435338709,        1.15098853,       569.3991932,       181473.3784,       181473.3784,       2.189215336,       632489.2627,       54.46076385,       320.8204637,         172.8700231,          18.24956373,               0.7360820852,       629.5285898,       629.5285898,       254485.3968,       254485.3968,      -34405.08461,       -0.01022565665,         0.01046919052,       107939.2315,        73534.14687,           296.9239529,            332.6046369,            109739.2736,             144746.1232
          0,           0,         297,      -5.129733387,      -2.611098412,      -2.846174562,       -3.04853641,       0.362447707,   -0.003148928617,   -0.003148928617,       1.165361292,       570.5646374,       182939.5756,       182939.5756,       2.201334371,       634082.8581,       48.80593229,       325.2033013,         174.0383478,          15.01183927,               0.7426726896,       631.1147255,       631.1147255,       256536.4427,       256536.4427,      -35823.30268,       -0.01404868036,         0.01089975174,       109381.4391,        73558.13644,           298.2154379,            332.8992876,            111568.0828,               144968.36
          0,           0,         298,      -5.128816116,      -2.626234449,      -2.866157177,      -3.074343856,      0.3612444258,   -0.006481238475,   -0.006481238475,       1.178622858,       571.5732422,       184283.5598,       184283.5598,       2.212650816,       635493.4204,       43.76959173,       329.3054345,         174.9036578,          13.34623811,               0.7483195362,        632.518685,        632.518685,       258504.8017,       258504.8017,      -37107.77689,       -0.01778908214,         0.01130784367,       110695.6684,        73587.89147,           299.3756405,            333.1430445,            113286.3677,              145218.434
          0,           0,         299,      -5.126567598,      -2.641759513,      -2.877394882,       -3.07995236,      0.3628784354,   -0.009658894488,   -0.009658894488,       1.191539481,       572.4594197,       185547.4251,       185547.4251,       2.223528286,       636784.5069,       39.38322688,       333.0712285,          175.994765,          12.18127984,                0.754995704,        633.803728,        633.803728,       260555.6345,       260555.6345,       -38252.3086,       -0.02140591058,          0.0117470161,       111899.8668,        73647.55825,           300.4211919,            333.3825361,             114904.229,             145651.4056
