"Time_Iter","Outer_Iter","Inner_Iter",    "rms[Rho]"    ,    "rms[RhoU]"   ,    "rms[RhoV]"   ,    "rms[RhoW]"   ,    "rms[RhoE]"   ,     "rms[k]"     ,     "rms[w]"     ,  "Avg_Massflow"  ,  "Avg_Massflow"  ,    "Avg_Mach"    ,    "Avg_Temp"    ,    "Avg_Press"   ,    "Avg_Press"   ,   "Avg_Density"  ,  "Avg_Enthalpy"  ,  "Avg_NormalVel" ,   "Uniformity"   ,"Secondary_Strength","Momentum_Distortion","Secondary_Over_Uniformity",  "Avg_TotalTemp" ,  "Avg_TotalTemp" , "Avg_TotalPress" , "Avg_TotalPress" ,  "Pressure_Drop" ,"Avg_Massflow(INLET)","Avg_Massflow(OUTLET)","Avg_Press(INLET)","Avg_Press(OUTLET)","Avg_TotalTemp(INLET)","Avg_TotalTemp(OUTLET)","Avg_TotalPress(INLET)","Avg_TotalPress(OUTLET)"
          0,           0,           0,      -5.543049907,      -3.279301593,      -3.035044737,      -3.115256734,    -0.04158401854,       -2.02234275,      0.8609389996,     0.01446543288,     0.01446543288,       1.500025619,       656.0922699,       392096.8186,       392096.8186,       3.862555808,       747434.5851,       85.35680659,       264.0950307,         393.0697784,        -0.1740688457,                4.406009444,       743.3091111,       743.3091111,       667458.0174,       667458.0174,       229637.4579,         0.1122083428,        -0.09774290993,       81229.68036,        310867.1383,           287.9816584,            455.3274527,            99201.15409,             568256.8633
          0,           0,           1,      -5.557137693,       -3.27952954,      -3.051715532,      -3.123438798,    -0.05078972975,      -2.023255191,      0.8622647321,     0.01410023053,     0.01410023053,       1.499603551,       656.0457023,       391722.2498,       391722.2498,       3.859533245,       747325.1741,       84.97917793,       264.4498648,         392.9178318,        -0.1733636776,                4.386100161,       743.1990399,       743.1990399,       666589.2572,       666589.2572,       229257.4152,         0.1122023083,        -0.09810207779,       81232.41727,        310489.8325,           287.9817069,             455.217333,            99201.28174,             567387.9754
          0,           0,           2,      -5.549734843,      -3.280789919,      -3.035531757,      -3.115473342,    -0.04656040916,      -2.024151593,      0.8658605879,     0.01383285442,     0.01383285442,       1.499196214,        656.030964,       391437.6228,       391437.6228,       3.857092124,       747255.7111,       84.64633256,        264.733256,         392.7655654,        -0.1732438519,                4.369812748,       743.1284283,       743.1284283,       665885.9856,       665885.9856,       228967.2037,         0.1121961168,        -0.09836326241,       81235.20955,        310202.4132,           287.9818876,            455.1465407,            99201.41105,             566684.5746
          0,           0,           3,      -5.546901065,      -3.282480482,      -3.041052335,      -3.122086608,    -0.04748831429,      -2.025033344,      0.8629910235,     0.01364229254,     0.01364229254,       1.498797016,       656.0415561,       391228.3685,       391228.3685,       3.855147226,       747217.4939,       84.35351018,       264.9577809,         392.6113467,         -0.173551733,                4.356462601,       743.0886792,       743.0886792,       665318.2517,       665318.2517,       228752.4139,         0.1121899064,        -0.09854761385,        81237.9773,        309990.3912,           287.9819278,            455.1067514,            99201.50496,             566116.7467
          0,           0,           4,       -5.56110277,      -3.283603258,      -3.054796642,      -3.127526628,    -0.05758610266,      -2.025875246,      0.8636137307,      0.0135105413,      0.0135105413,       1.498399245,        656.071612,       391078.1539,       391078.1539,       3.853595237,       747202.6476,        84.0942008,       265.1352003,         392.4569637,        -0.1741657652,                4.345434036,       743.0720159,       743.0720159,       664854.1256,       664854.1256,       228596.4864,         0.1121835954,        -0.09867305411,       81240.83378,        309837.3202,           287.9821159,               455.0899,            99201.64332,             565652.4823
          0,           0,           5,      -5.548297822,      -3.284547144,      -3.034081215,      -3.115952704,    -0.04821477383,      -2.026722655,      0.8638286705,     0.01342921893,     0.01342921893,       1.497989512,       656.1182259,       390980.5626,       390980.5626,       3.852398665,       747205.8196,       83.86857741,       265.2696364,          392.301088,        -0.1750054888,                4.336495268,       743.0731512,       743.0731512,       664475.4613,       664475.4613,       228493.2218,         0.1121772233,        -0.09874800438,       81243.67041,        309736.8922,           287.9821596,            455.0909916,            99201.73842,             565273.7228
          0,           0,           6,      -5.547984982,      -3.285199801,      -3.040166392,      -3.123692769,    -0.04867435871,      -2.027509592,      0.8605403694,     0.01337502866,     0.01337502866,       1.497577872,       656.1736373,       390913.4144,       390913.4144,       3.851413659,       747219.2477,       83.66304288,       265.3792421,         392.1454817,        -0.1759555518,                4.328760176,       743.0844045,       743.0844045,       664148.6497,       664148.6497,       228420.1875,         0.1121707541,        -0.09879572543,       81246.61344,        309666.8009,           287.9823547,            455.1020498,            99201.89327,             564946.7564
          0,           0,           7,      -5.562206328,      -3.285144923,      -3.056015738,      -3.129538304,    -0.05989296495,      -2.028286845,      0.8563789703,     0.01333809952,     0.01333809952,       1.497162547,        656.234305,       390867.4629,       390867.4629,       3.850580966,       747238.4533,       83.47300622,       265.4714507,         391.9885359,        -0.1769586472,                4.321859847,        743.101354,        743.101354,       663856.4087,       663856.4087,       228368.3373,         0.1121642597,        -0.09882616023,       81249.56279,        309617.9001,           287.9824188,            455.1189352,             99202.0355,             564654.3732
          0,           0,           8,      -5.550914604,      -3.285919296,      -3.035708804,      -3.117808663,    -0.05198958908,      -2.029085823,      0.8552584848,     0.01332467351,     0.01332467351,       1.496722831,       656.3022804,       390848.5746,       390848.5746,       3.849941798,       747263.0037,       83.30119234,       265.5414142,         391.8322326,        -0.1780515052,                4.316019479,       743.1235853,       743.1235853,       663599.5116,       663599.5116,       228343.3501,         0.1121575963,        -0.09883292277,       81252.61227,        309595.9624,           287.9826216,            455.1409637,            99202.20884,             564397.3027
          0,           0,           9,      -5.549958208,      -3.286656287,      -3.042763277,      -3.125148741,    -0.04985727371,      -2.029983899,      0.8522467535,     0.01331273171,     0.01331273171,       1.496283399,       656.3697405,        390834.189,        390834.189,       3.849345462,       747287.0661,       83.13433633,       265.6072235,         391.6748929,        -0.1791257121,                4.310370729,       743.1453103,       743.1453103,       663350.2831,       663350.2831,       228322.8536,         0.1121508532,        -0.09883812154,       81255.66769,        309578.5213,           287.9826873,             455.162623,            99202.35327,             564147.9298
          0,           0,          10,      -5.563407466,      -3.286004445,      -3.056591138,      -3.131015188,    -0.06029292159,      -2.030801772,      0.8531169809,     0.01329784078,     0.01329784078,       1.495841736,       656.4358334,       390820.4651,       390820.4651,       3.848765162,       747309.3352,       82.97082012,       265.6712961,         391.5180602,        -0.1801519834,                4.304790978,       743.1652453,       743.1652453,       663101.5126,       663101.5126,       228302.8817,          0.112143785,         -0.0988459442,       81258.79165,        309561.6734,           287.9828682,            455.1823771,            99202.45473,             563899.0579
          0,           0,          11,      -5.548220151,      -3.286470589,       -3.03197307,      -3.116291667,    -0.04765126925,      -2.031668043,      0.8540925988,     0.01327973403,     0.01327973403,       1.495399558,       656.5001523,       390806.1472,       390806.1472,       3.848191628,       747329.5278,       82.80910594,       265.7352191,         391.3598316,        -0.1811381351,                4.299207542,       743.1831133,       743.1831133,       662851.7158,       662851.7158,       228282.2738,         0.1121366407,        -0.09885690672,       81261.93668,        309544.2105,           287.9829208,            455.2001925,            99202.53992,             563649.1759
          0,           0,          12,      -5.551143289,      -3.287098027,      -3.044280279,      -3.127545082,    -0.05257354777,      -2.032443148,      0.8520093516,     0.01325517903,     0.01325517903,       1.494956713,       656.5620745,       390788.5906,       390788.5906,         3.8476072,       747346.9143,       82.64719826,       265.8012945,         391.2021108,         -0.182068636,                 4.29351531,       743.1981947,       743.1981947,       662596.7927,       662596.7927,        228258.159,         0.1121293308,        -0.09887415174,       81265.21581,        309523.3748,           287.9831301,            455.2150647,            99202.68374,             563394.1089
          0,           0,          13,      -5.566935887,       -3.28635723,      -3.059565954,      -3.133260984,    -0.06243718922,       -2.03322766,      0.8539987941,     0.01322862277,     0.01322862277,       1.494510433,       656.6226594,       390769.9031,       390769.9031,       3.847021942,       747362.3742,        82.4861414,       265.8671821,         391.0428992,        -0.1829736237,                4.287815577,       743.2113684,       743.2113684,       662338.9166,       662338.9166,       228232.8745,         0.1121218864,        -0.09889326368,        81268.5143,        309501.3888,           287.9831976,            455.2281707,            99202.79139,             563136.1253
          0,           0,          14,      -5.549544688,      -3.288019255,      -3.030967932,      -3.118709601,    -0.05012216333,      -2.033968546,      0.8562046331,     0.01319992667,     0.01319992667,       1.494062103,       656.6819637,        390750.256,        390750.256,       3.846438747,       747376.1949,       82.32500332,       265.9331964,         390.8835948,        -0.1838591146,                4.282096238,       743.2229049,       743.2229049,       662079.5531,       662079.5531,       228206.3256,         0.1121142881,        -0.09891436148,       81271.96521,        309478.2908,           287.9834233,            455.2394816,            99202.97634,             562876.5767
          0,           0,          15,      -5.557565806,      -3.289925701,      -3.052458889,      -3.133036916,    -0.05946196498,      -2.034747996,      0.8534207112,     0.01316949333,     0.01316949333,       1.493615027,       656.7394824,       390728.9658,       390728.9658,       3.845853622,       747388.2041,       82.16281685,       265.9999349,         390.7227619,        -0.1847359583,                4.276328563,        743.232632,        743.232632,       661818.9725,       661818.9725,        228178.023,         0.1121066219,        -0.09893712857,       81275.47139,        309453.4944,           287.9835302,            455.2491018,            99203.17455,             562615.7979
          0,           0,          16,      -5.568309916,      -3.289924699,      -3.056945995,      -3.132725669,    -0.06557893993,      -2.035446209,      0.8580888338,     0.01313821782,     0.01313821782,       1.493167791,       656.7959675,        390707.039,        390707.039,       3.845271744,       747399.1843,       81.99882291,       266.0666909,          390.562171,        -0.1856178828,                4.270540301,       743.2413258,       743.2413258,       661558.9939,       661558.9939,       228148.8576,         0.1120986192,        -0.09896040137,        81279.0907,        309427.9483,           287.9837655,            455.2575603,            99203.36091,              562355.633
          0,           0,          17,      -5.552229521,      -3.290651414,      -3.033275278,       -3.12150024,    -0.05225561058,      -2.036212086,      0.8617934695,     0.01310748377,     0.01310748377,       1.492721566,       656.8515451,       390685.4754,       390685.4754,        3.84469979,       747409.4166,       81.83388847,       266.1327964,          390.399439,        -0.1865106975,                4.264755886,        743.249261,        743.249261,       661301.4015,       661301.4015,        228119.968,         0.1120904541,        -0.09898297038,       81282.75372,        309402.7217,           287.9838626,            455.2653984,            99203.52067,             562097.8808
          0,           0,          18,      -5.557689232,      -3.290834919,      -3.050402854,      -3.133992472,    -0.05947842357,      -2.036922293,      0.8614618213,     0.01307702859,     0.01307702859,       1.492275034,       656.9065638,       390664.3997,       390664.3997,       3.844138095,       747419.1849,       81.66714027,        266.198429,         390.2367109,        -0.1874185956,                4.258972837,       743.2567211,       743.2567211,       661046.4324,       661046.4324,       228091.2626,         0.1120820155,        -0.09900498686,       81286.56853,        309377.8311,           287.9841063,            455.2726148,            99203.72016,             561842.7122
          0,           0,          19,      -5.574581644,      -3.290932985,      -3.063310677,      -3.136638605,    -0.07183845245,        -2.0376183,      0.8631535403,     0.01305605968,     0.01305605968,        1.49181828,       656.9639421,       390651.1358,       390651.1358,       3.843631174,       747430.5646,         81.502501,       266.2574887,         390.0720478,        -0.1883928556,                4.253466319,       743.2657673,       743.2657673,       660801.7223,       660801.7223,       228070.2865,          0.112073351,        -0.09901729131,       81290.42466,        309360.7112,           287.9842076,            455.2815597,            99203.87058,             561597.8517
          0,           0,          20,      -5.551036266,      -3.291863137,      -3.026521606,      -3.119164274,    -0.05298896129,      -2.038282456,      0.8699356832,     0.01303354873,     0.01303354873,       1.491365308,       657.0200669,       390636.9346,       390636.9346,        3.84312644,       747441.2494,       81.33488013,       266.3174088,         389.9073017,        -0.1893752686,                4.247895859,       743.2741015,       743.2741015,       660559.3552,       660559.3552,       228048.0377,         0.1120644072,        -0.09903085843,       81294.44845,        309342.4861,           287.9844603,            455.2896413,            99204.06918,              561355.286
          0,           0,          21,      -5.567393974,      -3.292778525,      -3.058260815,      -3.139578284,    -0.06584234619,      -2.038976065,      0.8666968353,     0.01300818671,     0.01300818671,       1.490915552,       657.0743571,       390620.7869,       390620.7869,       3.842617457,       747450.4354,        81.1647899,       266.3788182,         389.7406817,        -0.1903507554,                4.242227726,       743.2809349,       743.2809349,       660316.8692,       660316.8692,        228023.708,         0.1120552672,        -0.09904708046,       81298.53943,        309322.2474,           287.9845766,            455.2963583,            99204.24917,             561112.6201
          0,           0,          22,      -5.573708056,      -3.292176522,      -3.055248045,       -3.13470517,    -0.07235462508,      -2.039630531,      0.8625885708,     0.01298203996,     0.01298203996,       1.490468186,       657.1278239,        390604.686,        390604.686,       3.842116525,       747459.2752,       80.99259519,       266.4399445,         389.5739778,         -0.191335309,                4.236541793,       743.2874087,       743.2874087,       660077.9507,       660077.9507,       227999.1361,         0.1120457127,         -0.0990636727,       81302.77498,         309301.911,           287.9848236,            455.3025851,            99204.41849,             560873.5323
          0,           0,          23,      -5.556878074,      -3.292588274,      -3.031455408,      -3.124508297,    -0.05685605168,      -2.040453564,      0.8584530596,     0.01298428223,     0.01298428223,       1.489991116,       657.1916807,       390613.0234,       390613.0234,       3.841767019,       747476.6898,       80.82776303,       266.4827391,         389.4054772,        -0.1925148432,                4.231671928,       743.3023715,       743.3023715,       659869.7363,       659869.7363,       227998.8007,         0.1120360073,        -0.09905172508,       81307.11138,         309305.912,           287.9849544,            455.3174172,             99204.6091,             560665.1272
          0,           0,          24,      -5.569435858,      -3.292801577,      -3.054363087,      -3.140259229,    -0.06689318727,      -2.041232028,      0.8533615549,     0.01297842092,     0.01297842092,       1.489525455,       657.2507735,       390612.6183,       390612.6183,       3.841372337,       747490.3236,       80.65679152,       266.5309485,         389.2368672,        -0.1936645739,                4.226518972,       743.3135503,       743.3135503,       659653.8625,       659653.8625,       227989.3778,         0.1120259162,        -0.09904749528,       81311.62025,         309300.998,           287.9852317,            455.3283186,            99204.81881,             560449.0436
          0,           0,          25,       -5.57864948,      -3.291515576,      -3.056321917,      -3.136860992,    -0.07386530793,      -2.041962784,      0.8499239867,     0.01296785715,     0.01296785715,       1.489066545,       657.3073442,       390609.5907,       390609.5907,       3.840971771,       747502.1522,       80.48295198,       266.5814553,         389.0663784,        -0.1947948008,                4.221226267,       743.3229245,       743.3229245,       659438.6262,       659438.6262,       227977.1399,         0.1120155959,        -0.09904773872,       81316.22539,        309293.3653,           287.9853761,            455.3375484,            99205.02175,             560233.6045
          0,           0,          26,      -5.556693358,      -3.290986912,      -3.027823972,      -3.125602816,     -0.0577547906,        -2.0426968,      0.8485221219,     0.01295232834,     0.01295232834,       1.488612993,       657.3616548,       390603.5033,       390603.5033,       3.840561215,       747512.3457,       80.30639234,       266.6338362,          388.895738,        -0.1959020092,                4.215812954,       743.3306586,       743.3306586,       659223.0272,       659223.0272,       227961.4631,         0.1120048774,        -0.09905254906,       81321.02009,        309282.4832,           287.9856704,            455.3449883,            99205.25527,              560017.772
          0,           0,          27,      -5.577127977,      -3.291365017,      -3.060758179,      -3.145084476,    -0.07529375011,      -2.043515085,      0.8445452438,     0.01293361893,     0.01293361893,       1.488162479,        657.414296,        390596.098,        390596.098,          3.840151,        747521.247,       80.12872197,        266.686802,         388.7233206,        -0.1969898902,                4.210337996,       743.3370968,       743.3370968,       659008.5144,       659008.5144,       227944.2592,         0.1119938949,        -0.09906027593,       81325.91941,        309270.1786,           287.9858342,            455.3512626,            99205.47693,             559803.0375
          0,           0,          28,      -5.572034198,      -3.290362416,      -3.041752704,      -3.132195887,    -0.06861220501,      -2.044259816,      0.8483442718,     0.01291355431,     0.01291355431,       1.487714222,       657.4659743,       390588.0841,       390588.0841,       3.839744128,       747529.6425,       79.94908958,       266.7395145,         388.5510203,        -0.1980793392,                4.204840715,       743.3430151,       743.3430151,       658796.4684,       658796.4684,       227926.0366,         0.1119824941,        -0.09906893982,       81331.02379,        309257.0603,           287.9861563,            455.3568588,            99205.73348,             559590.7349
          0,           0,          29,      -5.566136845,      -3.290831815,      -3.037173233,      -3.133662239,    -0.06604619662,      -2.045017229,      0.8477310577,     0.01289265726,     0.01289265726,       1.487267038,       657.5167269,       390580.1558,       390580.1558,        3.83934517,       747537.3711,       79.76843396,       266.7916837,          388.376884,         -0.199167644,                4.199331599,       743.3482547,       743.3482547,         658586.95,         658586.95,       227907.6433,         0.1119708393,        -0.09907818204,       81336.25629,        309243.8996,           287.9863507,             455.361904,            99205.99958,             559380.9504
          0,           0,          30,      -5.576175584,      -3.291623331,      -3.054407933,      -3.145555331,    -0.07568297203,      -2.045713707,      0.8470900847,      0.0128717903,      0.0128717903,       1.486819371,       657.5671946,       390573.0794,       390573.0794,       3.838957802,       747545.0549,       79.58626572,       266.8424471,         388.2029511,        -0.2002663561,                4.193846908,       743.3534324,       743.3534324,       658381.1583,       658381.1583,       227889.7304,         0.1119586476,        -0.09908685726,       81341.67449,        309231.4049,           287.9866839,            455.3667485,            99206.25007,             559174.9083
          0,           0,          31,      -5.582884948,      -3.291123062,      -3.051047832,      -3.140138306,    -0.07763666161,      -2.046417822,      0.8510490277,     0.01285223737,     0.01285223737,       1.486372529,       657.6173889,       390567.6325,       390567.6325,        3.83858799,       747552.8219,       79.40272103,       266.8918165,         388.0274708,        -0.2013847926,                4.188392505,       743.3586718,       743.3586718,       658180.7537,       658180.7537,       227873.1419,         0.1119462268,        -0.09909398943,       81347.24531,        309220.3872,           287.9869018,              455.37177,            99206.53664,              558974.217
          0,           0,          32,      -5.560664905,      -3.291148479,      -3.026555494,      -3.130629146,    -0.05890592287,      -2.047091038,      0.8526866651,     0.01283167172,     0.01283167172,       1.485923759,        657.667098,       390562.4462,       390562.4462,       3.838225975,       747560.0762,       79.21822729,       266.9401835,         387.8518638,        -0.2024982568,                4.182942482,       743.3633887,       743.3633887,       657981.8822,       657981.8822,       227856.3543,         0.1119333511,        -0.09910167937,       81353.04595,        309209.4002,           287.9872827,             455.376106,            99206.86608,             558775.0161
          0,           0,          33,      -5.585337413,       -3.29167099,      -3.063148635,      -3.154052709,    -0.08310487332,      -2.047804903,      0.8483898574,     0.01281207381,     0.01281207381,       1.485475837,       657.7161016,       390557.6782,       390557.6782,       3.837873341,       747566.9239,       79.03187995,       266.9874244,          387.674539,        -0.2036296807,                 4.17750245,       743.3676817,       743.3676817,       657786.0613,       657786.0613,       227839.7074,         0.1119201447,        -0.09910807086,       81358.98544,        309198.6928,           287.9875219,            455.3801598,            99207.18784,             558578.8735
          0,           0,          34,      -5.573158039,      -3.290225172,      -3.036202765,      -3.135330451,    -0.07242537704,      -2.048410538,      0.8558636539,     0.01279178948,     0.01279178948,       1.485023736,       657.7649502,       390554.0254,       390554.0254,       3.837534018,       747573.3854,       78.84521398,       267.0329739,         387.4978922,        -0.2047540509,                  4.1721004,        743.371579,        743.371579,       657592.5948,       657592.5948,       227823.7393,         0.1119063815,        -0.09911459201,       81365.14305,        309188.8823,           287.9879085,            455.3836705,             99207.5139,             558385.0809
          0,           0,          35,      -5.565824305,      -3.289655626,      -3.030899733,      -3.136583427,    -0.05910383399,      -2.049120713,      0.8589940717,     0.01277228106,     0.01277228106,       1.484572347,        657.813205,       390551.0344,       390551.0344,       3.837205319,       747579.5692,       78.65689213,       267.0770687,         387.3195298,        -0.2058932323,                4.166715341,       743.3751816,       743.3751816,       657402.5755,       657402.5755,       227808.2135,         0.1118921398,        -0.09911985879,       81371.41046,        309179.6239,           287.9881267,            455.3870549,            99207.76171,             558194.8138
          0,           0,          36,      -5.583165444,      -3.289520358,       -3.05700757,      -3.154929746,    -0.08098265478,      -2.049743202,      0.8510401816,     0.01275289147,     0.01275289147,       1.484118148,       657.8613769,       390549.2614,       390549.2614,       3.836890393,       747585.5853,       78.46847329,       267.1192389,         387.1412615,         -0.207029777,                4.161378267,        743.378604,        743.378604,       657215.1164,       657215.1164,       227793.3254,         0.1118775061,        -0.09912461463,       81377.96803,        309171.2934,           287.9885376,            455.3900664,            99208.12031,             558006.9961
          0,           0,          37,      -5.581196925,      -3.288673192,       -3.04339634,      -3.141276728,    -0.07819110507,      -2.050430293,      0.8525643639,     0.01273242827,     0.01273242827,       1.483662721,       657.9085529,       390546.8705,       390546.8705,       3.836577865,       747590.5911,       78.27863031,       267.1608916,         386.9621393,        -0.2081616234,                 4.15602673,        743.381009,        743.381009,       657028.1163,       657028.1163,       227777.5035,           0.11186248,        -0.09913005169,       81384.68349,         309162.187,           287.9887931,            455.3922159,            99208.46448,             557819.6518
          0,           0,          38,      -5.562922054,      -3.288272477,       -3.02684343,      -3.137973826,    -0.05740319845,      -2.051065804,      0.8524345911,     0.01271158855,     0.01271158855,       1.483205024,        657.955451,       390544.8816,       390544.8816,       3.836273087,       747595.3419,       78.08749099,       267.2011132,          386.783391,        -0.2092939096,                4.150693195,        743.383146,        743.383146,       656842.9901,       656842.9901,       227761.5867,         0.1118468581,         -0.0991352696,       81391.64747,        309153.2342,           287.9892071,            455.3939389,            99208.82603,              557634.164
          0,           0,          39,      -5.592256664,      -3.288838617,      -3.065346042,      -3.163203406,    -0.08540698885,      -2.051727057,      0.8411493562,     0.01268940935,     0.01268940935,       1.482744512,       658.0017142,       390543.1804,       390543.1804,       3.835975745,       747599.3131,       77.89604997,       267.2399344,          386.603124,        -0.2104119371,                4.145368225,       743.3844972,       743.3844972,       656658.8825,       656658.8825,       227745.7214,         0.1118306485,        -0.09914123915,       81398.72949,        309144.4509,           287.9894266,            455.3950707,            99209.07891,             557449.8036
          0,           0,          40,      -5.574999741,      -3.288052502,      -3.032686932,      -3.139369525,     -0.0738933086,       -2.05232809,      0.8409233443,     0.01266633393,     0.01266633393,       1.482280125,       658.0481505,       390543.3947,       390543.3947,       3.835697007,       747603.3431,       77.70458942,       267.2767851,         386.4241747,        -0.2115190019,                 4.14009517,       743.3858944,       743.3858944,       656478.7984,       656478.7984,       227731.2015,         0.1118138736,        -0.09914753964,       81406.09661,        309137.2981,            287.989823,            455.3960714,            99209.38502,             557269.4134
          0,           0,          41,      -5.574340546,      -3.288049666,      -3.037833757,       -3.14797344,    -0.06801981526,      -2.052991899,      0.8423298765,     0.01264312736,     0.01264312736,       1.481813798,       658.0942329,       390544.4513,       390544.4513,        3.83542915,        747607.018,       77.51283659,       267.3119756,         386.2434918,        -0.2126209962,                4.134845373,       743.3869244,       743.3869244,       656300.8664,       656300.8664,       227717.0974,         0.1117967136,        -0.09915358622,       81413.67695,        309130.7743,           287.9900884,             455.396836,              99209.722,             557091.1444
          0,           0,          42,      -5.591957917,      -3.288323074,       -3.05775394,      -3.163045385,    -0.08404817257,      -2.053566992,      0.8362788923,     0.01261865656,     0.01261865656,       1.481343216,       658.1401164,       390545.7538,       390545.7538,       3.835167207,       747610.2777,       77.32047058,       267.3455499,         386.0640932,        -0.2137103675,                4.129623593,       743.3875344,       743.3875344,       656123.7071,       656123.7071,       227702.6822,         0.1117788788,        -0.09916022222,       81421.53582,         309124.218,           287.9905084,             455.397026,             99210.0754,             556913.6317
          0,           0,          43,      -5.583376999,      -3.287598302,      -3.037366675,      -3.146937819,    -0.07861859893,      -2.054153392,      0.8356177803,     0.01259247911,     0.01259247911,        1.48086964,       658.1854975,       390547.3008,       390547.3008,       3.834911803,         747612.95,       77.12759657,       267.3777111,         385.8836862,         -0.214783176,                4.124408286,       743.3875479,       743.3875479,       655947.9679,       655947.9679,       227688.2191,         0.1117603546,        -0.09916787545,       81429.54082,          309117.76,           287.9907529,            455.3967949,              99210.312,             556737.6559
          0,           0,          44,      -5.574773501,      -3.286657746,      -3.035653034,      -3.149578916,    -0.06662695225,      -2.054731916,      0.8308805664,     0.01258049327,     0.01258049327,       1.480372034,       658.2365996,       390565.1019,       390565.1019,       3.834766848,       747619.4263,       76.94536689,       267.3961354,         385.7043214,         -0.215883633,                4.119755796,       743.3913273,       743.3913273,       655791.2081,       655791.2081,       227689.2769,         0.1117413344,        -0.09916084115,       81437.91245,        309127.1894,           287.9911984,            455.4001288,            99210.68763,             556580.5204
          0,           0,          45,       -5.60136082,      -3.286706046,        -3.0646546,      -3.170283899,    -0.09237913346,      -2.055302528,      0.8287623523,      0.0125640273,      0.0125640273,       1.479878042,       658.2855161,       390578.6918,       390578.6918,       3.834599195,       747624.1584,       76.77008286,       267.4164762,         385.5243322,        -0.2167940197,                4.114967015,         743.39335,         743.39335,       655630.1708,       655630.1708,       227685.6935,         0.1117217371,        -0.09915770984,       81446.49912,        309132.1927,           287.9915083,            455.4018417,            99211.03641,             556419.1344
          0,           0,          46,      -5.574275322,      -3.285758218,      -3.022531453,      -3.141644475,    -0.06717797073,       -2.05588148,      0.8358350707,     0.01254239798,     0.01254239798,       1.479384384,       658.3331938,       390589.3816,       390589.3816,       3.834416334,       747627.9329,       76.59172472,       267.4381168,         385.3457532,        -0.2176748578,                4.110071408,       743.3944132,       743.3944132,       655466.9678,       655466.9678,       227678.5696,          0.111701404,        -0.09915900601,       81455.40603,        309133.9756,           287.9919731,              455.40244,            99211.41504,             556255.5528
          0,           0,          47,      -5.582659361,      -3.285053705,      -3.041864801,      -3.157953434,    -0.06980052147,      -2.056495615,      0.8308016237,     0.01251654091,     0.01251654091,       1.478891219,       658.3797165,       390598.1356,       390598.1356,       3.834225087,       747630.8745,       76.41092082,       267.4603233,         385.1666221,        -0.2185314133,                4.105093865,       743.3946371,       743.3946371,       655303.3513,       655303.3513,       227669.1104,         0.1116803434,         -0.0991638025,       81464.51261,         309133.623,           287.9922914,            455.4023456,            99211.70901,             556091.6423
          0,           0,          48,      -5.602968487,      -3.284973519,      -3.061891194,       -3.17134415,    -0.09489147728,      -2.057079789,      0.8273959309,     0.01248682874,     0.01248682874,       1.478396046,       658.4257835,       390605.6117,       390605.6117,       3.834028301,        747633.449,       76.22848126,       267.4826541,         384.9885182,        -0.2193577771,                4.100060662,        743.394487,        743.394487,       655139.1067,       655139.1067,       227657.5957,         0.1116586495,        -0.09917182074,       81474.00798,        309131.6037,            287.992804,             455.401683,            99212.11741,             555926.9892
          0,           0,          49,       -5.57339534,      -3.283657802,      -3.017257627,      -3.141289973,    -0.06518400429,       -2.05768091,      0.8327238099,       0.012453302,       0.012453302,       1.477893721,       658.4710769,       390612.2487,       390612.2487,       3.833830653,       747634.4952,       76.05125572,       267.5047769,         384.8103471,         -0.220056101,                4.094986193,       743.3928189,       743.3928189,       654971.5157,       654971.5157,       227644.6996,         0.1116363465,        -0.09918304451,       81483.77456,        309128.4741,           287.9931978,            455.3996212,            99212.53439,             555758.9814
          0,           0,          50,      -5.586761413,       -3.28223548,      -3.045458872,      -3.163834267,    -0.07067406688,      -2.058285007,      0.8305832975,     0.01244169308,     0.01244169308,       1.477359278,       658.5213184,        390637.905,        390637.905,       3.833771681,       747637.3061,       75.87986395,       267.5093919,          384.633742,        -0.2209066354,                4.090612352,       743.3929386,       743.3929386,       654824.5614,       654824.5614,       227650.1442,         0.1116131396,        -0.09917144654,       81493.88039,        309144.0246,            287.993741,            455.3991977,            99212.94388,             555611.6175
          0,           0,          51,       -5.59917263,      -3.281690435,      -3.049689476,      -3.166107899,    -0.08968725216,      -2.058840206,       0.826913479,       0.012422975,       0.012422975,       1.476830483,       658.5698351,       390658.8471,       390658.8471,       3.833683405,       747639.4247,       75.70378801,       267.5168101,         384.4567323,        -0.2217224627,                4.086052036,       743.3923249,       743.3923249,       654674.8859,       654674.8859,       227650.3763,         0.1115891331,        -0.09916615813,        81504.2354,        309154.6117,            287.994136,            455.3981889,            99213.28417,             555461.6018
          0,           0,          52,      -5.573535921,      -3.281303082,      -3.021166787,      -3.149945626,    -0.06899882733,      -2.059540666,      0.8276835793,     0.01239744083,     0.01239744083,       1.476303024,       658.6177522,       390676.8685,       390676.8685,       3.833576283,       747641.5163,       75.52508608,        267.525918,          384.281391,         -0.222492613,                4.081368951,       743.3916711,       743.3916711,       654523.3685,       654523.3685,       227646.7488,         0.1115645058,        -0.09916706501,       81515.05984,        309161.8086,           287.9947528,            455.3969183,            99213.80627,             555309.5622
          0,           0,          53,      -5.592366865,      -3.280903503,      -3.045671043,      -3.169627376,    -0.07509011079,      -2.060182624,      0.8236549918,     0.01237416154,     0.01237416154,       1.475765469,       658.6679353,       390701.2417,       390701.2417,       3.833512024,       747645.4076,       75.34986211,       267.5288326,         384.1063183,        -0.2232565627,                4.076892106,        743.392785,        743.392785,       654380.7378,       654380.7378,       227648.8835,         0.1115390842,         -0.0991649227,       81526.17909,        309175.0626,           287.9952395,            455.3975455,            99214.29937,             555166.4385
          0,           0,          54,      -5.598319663,       -3.28154811,      -3.046669528,      -3.166055619,    -0.08558407834,      -2.060827977,      0.8205005824,     0.01234466583,     0.01234466583,       1.475222509,       658.7175747,       390723.1751,       390723.1751,       3.833432419,       747648.5155,       75.17480954,       267.5324709,         383.9329496,         -0.223932468,                 4.07231358,        743.393107,        743.393107,       654234.1216,       654234.1216,       227647.8441,         0.1115125713,        -0.09916790543,       81537.66553,        309185.5096,           287.9958617,            455.3972452,            99214.74694,             555019.3747
          0,           0,          55,      -5.574850552,      -3.280664143,      -3.021421248,      -3.149983367,    -0.06501775508,      -2.061476861,      0.8185561212,     0.01234316749,     0.01234316749,       1.474642053,       658.7745195,       390767.9362,       390767.9362,       3.833511732,       747655.6442,       74.99981582,       267.5189971,         383.7600088,        -0.2248415487,                4.068408978,       743.3974356,       743.3974356,       654113.3862,       654113.3862,       227668.9387,         0.1114852726,        -0.09914210508,       81549.49873,        309218.4374,           287.9963863,            455.4010493,            99215.21061,             554898.1756
          0,           0,          56,       -5.60065822,      -3.279988972,       -3.05126833,      -3.170617747,    -0.07954279404,      -2.062139492,      0.8173101391,     0.01233119142,     0.01233119142,       1.474071749,       658.8278739,       390802.3266,       390802.3266,       3.833524744,       747660.5529,       74.81619208,       267.5108608,         383.5891044,        -0.2257237768,                4.064214978,       743.3995249,       743.3995249,       653982.4414,       653982.4414,       227678.6262,         0.1114571962,         -0.0991260048,        81561.8502,        309240.4764,           287.9971376,            455.4023873,            99215.84612,             554766.5953
          0,           0,          57,      -5.590231605,      -3.279316325,      -3.032408467,      -3.157550622,    -0.07711638705,      -2.062795558,      0.8193341909,     0.01230907813,     0.01230907813,       1.473506828,       658.8795425,       390831.7434,       390831.7434,       3.833506461,       747664.8064,       74.62702924,       267.5054495,         383.4188668,        -0.2265780107,                4.059839915,       743.4009524,       743.4009524,        653848.731,        653848.731,       227682.5623,         0.1114283096,        -0.09911923148,       81574.59056,        309257.1528,           287.9978046,            455.4031478,            99216.52753,             554632.2035
          0,           0,          58,      -5.581994025,      -3.278139589,      -3.030916799,      -3.163495291,    -0.07026505812,      -2.063437652,      0.8108753836,     0.01227704455,     0.01227704455,       1.472941751,       658.9304388,       390857.3304,       390857.3304,       3.833462188,       747668.8078,       74.43396257,       267.5010375,         383.2506617,        -0.2273915272,                4.055341598,       743.4021202,       743.4021202,       653712.0841,       653712.0841,       227681.8194,         0.1113981953,        -0.09912115078,       81587.75553,        309269.5749,           287.9985861,            455.4035341,            99217.16404,             554494.9201
          0,           0,          59,      -5.595921704,      -3.276862057,      -3.046354967,      -3.172362323,    -0.08268865061,      -2.064093196,      0.8131581456,     0.01223805885,     0.01223805885,       1.472375405,       658.9811678,       390881.7762,       390881.7762,       3.833411308,       747673.0377,       74.23892399,       267.4962434,         383.0832529,        -0.2281705479,                4.050791857,       743.4035035,       743.4035035,       653576.2637,       653576.2637,       227679.1142,         0.1113671623,        -0.09912910349,       81601.33099,        309280.4452,           287.9993079,            455.4041956,            99217.83005,             554358.4336
          0,           0,          60,      -5.587848809,      -3.277376876,      -3.028956371,       -3.16049635,    -0.07762051312,      -2.064725478,      0.8228818027,     0.01219471003,     0.01219471003,       1.471805803,       659.0319979,       390904.8132,       390904.8132,       3.833350852,       747677.6454,       74.04096333,       267.4901691,         382.9182268,        -0.2289318876,                4.046219562,       743.4052489,       743.4052489,       653440.2393,       653440.2393,       227673.9897,         0.1113349651,        -0.09914025504,       81615.41171,        309289.4014,           288.0001917,            455.4050572,            99218.53241,             554221.7069
          0,           0,          61,      -5.580314607,      -3.276549259,       -3.02826025,      -3.167911018,    -0.06888425296,      -2.065345814,       0.821017458,     0.01214769457,     0.01214769457,       1.471227627,       659.0833564,       390929.0255,       390929.0255,       3.833299265,       747682.3383,       73.84313548,       267.4811493,         382.7539847,        -0.2296608085,                4.041691411,       743.4070761,       743.4070761,       653305.5173,       653305.5173,       227669.2396,         0.1113016244,        -0.09915392985,       81629.89296,        309299.1325,           288.0009788,            455.4060973,            99219.18403,             554086.3333
          0,           0,          62,      -5.602684397,      -3.275719221,      -3.051935974,      -3.181408934,    -0.09152372112,      -2.066008991,      0.8130331535,     0.01209735188,     0.01209735188,       1.470644207,       659.1345965,       390951.7778,       390951.7778,       3.833239145,       747686.9106,       73.64289411,         267.47068,          382.592616,         -0.230358563,                4.037141545,       743.4087665,       743.4087665,       653169.6853,       653169.6853,       227662.0207,          0.111266924,        -0.09916957209,       81644.87853,        309306.8992,           288.0019054,            455.4068611,            99219.81325,             553949.8721
          0,           0,          63,       -5.57388522,       -3.27638269,      -3.011217481,        -3.1501976,    -0.06904468793,      -2.066645437,      0.8135829819,     0.01204738896,     0.01204738896,        1.47005598,       659.1865898,       390976.1846,       390976.1846,       3.833190648,       747692.2648,       73.44838844,       267.4565299,         382.4320318,        -0.2309485883,                4.032662294,       743.4112138,       743.4112138,       653036.6274,       653036.6274,       227655.5384,         0.1112310709,        -0.09918368197,       81660.32309,        309315.8615,           288.0027362,            455.4084776,            99220.43727,             553816.1901
          0,           0,          64,      -5.597431985,      -3.276984784,       -3.05051976,      -3.184978692,    -0.07950787379,      -2.067327009,      0.8084520983,     0.01199710405,     0.01199710405,       1.469458553,       659.2393543,       391001.0027,       391001.0027,       3.833144778,       747697.9406,       73.25578242,       267.4393713,          382.274501,        -0.2314708221,                4.028230899,       743.4139794,       743.4139794,       652903.2398,       652903.2398,       227648.2279,         0.1111940225,         -0.0991969185,       81676.38743,        309324.6153,           288.0037438,            455.4102356,            99221.18359,             553682.0562
          0,           0,          65,      -5.604830254,       -3.27611984,      -3.048736011,      -3.178779022,    -0.09038144101,      -2.067957101,      0.8058154015,     0.01194421376,     0.01194421376,       1.468856717,       659.2917073,       391024.2847,       391024.2847,       3.833090901,       747703.2219,       73.06112446,       267.4207616,         382.1181351,        -0.2319600168,                4.023772572,       743.4163388,       743.4163388,       652768.7748,       652768.7748,       227638.3823,         0.1111557532,        -0.09921153941,        81692.9512,        309331.3335,            288.004661,            455.4116778,            99221.93813,             553546.8366
          0,           0,          66,      -5.580449978,      -3.276376928,       -3.01913674,      -3.159380529,    -0.07217282949,      -2.068622274,      0.8017931003,      0.0118895821,      0.0118895821,        1.46824492,        659.345129,       391049.4618,       391049.4618,        3.83305056,        747709.166,       72.86587676,       267.3979325,         381.9645333,        -0.2324284612,                4.019398106,       743.4193468,       743.4193468,       652636.9977,       652636.9977,       227629.2517,         0.1111160049,         -0.0992264228,       81710.10504,        309339.3568,            288.005719,            455.4136278,            99222.70449,             553414.2932
          0,           0,          67,      -5.600035914,      -3.275744813,      -3.050325406,      -3.190662994,    -0.08748367546,      -2.069288434,      0.8037378283,     0.01183299227,     0.01183299227,       1.467627346,        659.398853,        391074.908,        391074.908,       3.833013807,       747715.3775,       72.66898298,        267.372263,         381.8138776,        -0.2328792936,                4.015065021,       743.4226071,       743.4226071,        652506.719,        652506.719,       227619.2416,          0.111075075,        -0.09924208273,       81727.83318,        309347.0748,           288.0067117,            455.4158954,            99223.55223,             553283.1668
          0,           0,          68,       -5.60756693,      -3.274478645,      -3.045206813,      -3.180420975,     -0.0869002761,      -2.069945512,      0.8082548993,     0.01177387444,     0.01177387444,       1.467002509,       659.4530364,       391100.1595,       391100.1595,       3.832976619,       747721.9385,        72.4704778,       267.3432828,         381.6655593,        -0.2333061601,                4.010769496,       743.4262047,       743.4262047,       652376.7397,       652376.7397,       227607.6965,         0.1110326764,        -0.09925880195,       81746.23149,         309353.928,           288.0078959,            455.4183088,            99224.48435,             553152.2554
          0,           0,          69,      -5.576232899,      -3.275285875,      -3.016412957,      -3.162836787,    -0.07038871733,      -2.070620224,      0.8041695635,     0.01171383851,     0.01171383851,        1.46637233,        659.508043,       391127.2701,       391127.2701,       3.832953711,       747729.4666,       72.27112245,       267.3099407,         381.5188378,        -0.2337207409,                4.006561205,       743.4307511,       743.4307511,       652251.3523,       652251.3523,       227596.8255,         0.1109889315,        -0.09927509302,        81765.2223,        309362.0478,            288.008994,            455.4217571,            99225.46148,             553025.8909
          0,           0,          70,      -5.612583607,      -3.275464558,      -3.064037186,      -3.202512915,    -0.09931737262,      -2.071242613,      0.7976561822,     0.01165073403,     0.01165073403,       1.465734875,       659.5632104,       391153.0726,       391153.0726,       3.832922748,       747737.0621,       72.06897149,        267.273571,         381.3766315,        -0.2341137055,                4.002379808,       743.4353531,       743.4353531,       652124.9289,       652124.9289,       227583.3029,         0.1109435092,        -0.09929277517,       81784.88486,        309368.1877,           288.0102189,            455.4251342,            99226.45431,             552898.4746
          0,           0,          71,      -5.597602465,      -3.273751061,      -3.030410463,      -3.171076562,    -0.08113100771,      -2.071884474,      0.8063455168,     0.01160269052,     0.01160269052,       1.465069588,       659.6241898,       391192.1332,       391192.1332,        3.83297517,       747748.5547,        71.8689395,       267.2230754,         381.2360321,         -0.234605776,                3.998681344,       743.4438097,       743.4438097,       652012.8723,       652012.8723,       227581.7966,         0.1108965583,        -0.09929386778,       81805.16834,        309386.9649,           288.0113726,            455.4324371,             99227.4608,             552785.4115
          0,           0,          72,      -5.585080768,        -3.2755795,      -3.024251301,      -3.173514747,    -0.07084502933,      -2.072566767,      0.8026103212,     0.01154897233,     0.01154897233,       1.464401464,       659.6843809,       391227.8863,       391227.8863,       3.833007808,       747759.6714,       71.66575713,       267.1706831,         381.0989303,        -0.2350533463,                3.994945391,       743.4518706,       743.4518706,       651898.7853,       651898.7853,       227575.5955,         0.1108477564,        -0.09929878403,       81826.14539,        309401.7409,           288.0126438,            455.4392269,            99228.44942,             552670.3359
          0,           0,          73,      -5.617212154,      -3.275033934,      -3.068119471,      -3.207695919,     -0.1058469659,      -2.073197449,       0.796515277,     0.01149065952,     0.01149065952,       1.463739185,       659.7444664,        391261.623,        391261.623,       3.833026093,       747772.2537,       71.47740017,         267.11554,         380.9651399,        -0.2352129629,                3.991218764,       743.4613636,       743.4613636,       651787.7487,       651787.7487,       227566.0282,         0.1107973747,        -0.09930671513,       81847.79736,        309413.8256,           288.0137778,            455.4475858,            99229.47479,             552558.2739
          0,           0,          74,      -5.605694848,      -3.273642726,      -3.035906086,       -3.17449629,     -0.0917743664,      -2.073911809,      0.8029155285,     0.01142764121,     0.01142764121,       1.463071063,       659.8049057,       391294.7195,       391294.7195,       3.833041381,       747785.4309,       71.28664118,       267.0565818,         380.8351111,        -0.2353424474,                 3.98752781,       743.4714406,       743.4714406,       651678.1458,       651678.1458,       227554.3293,         0.1107450206,        -0.09931737936,       81870.19508,        309424.5244,           288.0150543,            455.4563863,            99230.49367,             552447.6521
          0,           0,          75,      -5.584490306,      -3.274338872,      -3.023631092,      -3.176759866,    -0.06976133074,      -2.074633192,      0.8007388352,      0.0113601642,      0.0113601642,       1.462398083,       659.8653922,       391326.8051,       391326.8051,       3.833051826,       747798.8774,       71.09354421,       266.9944844,         380.7070425,        -0.2354423541,                3.983851232,       743.4817776,       743.4817776,       651569.0941,       651569.0941,       227540.0868,         0.1106910888,        -0.09933092462,       81893.35915,        309433.4459,            288.016277,            455.4655007,            99231.63376,             552337.4603
          0,           0,          76,      -5.631272828,      -3.274797593,      -3.083004527,      -3.219064524,     -0.1149233732,      -2.075281956,      0.7887723823,     0.01128847716,     0.01128847716,       1.461718431,        659.926429,       391358.4078,       391358.4078,       3.833060132,       747813.0351,       70.89785214,       266.9283492,           380.58408,        -0.2355160108,                3.980225666,       743.4928147,       743.4928147,       651461.4018,       651461.4018,       227523.6606,          0.110635232,        -0.09934675479,       81917.37359,        309441.0342,           288.0177015,            455.4751132,            99232.87256,             552228.5292
          0,           0,          77,      -5.597228324,      -3.272767396,      -3.024149708,      -3.165514533,    -0.08500454659,      -2.075991039,      0.7899032127,     0.01121449413,     0.01121449413,       1.461030355,       659.9881005,       391389.8585,       391389.8585,       3.833067389,       747827.7821,       70.69849934,       266.8580773,         380.4638038,        -0.2355866102,                3.976647385,       743.5044273,       743.5044273,       651354.6418,       651354.6418,       227505.4835,         0.1105776279,        -0.09936313379,        81942.1875,         309447.671,           288.0190377,            455.4853896,            99234.20727,             552120.4345
          0,           0,          78,      -5.590454508,       -3.27384308,      -3.032628951,      -3.185039318,    -0.07314424317,      -2.076773763,      0.7842073313,     0.01113680495,     0.01113680495,       1.460331969,       660.0508618,       391421.5131,       391421.5131,       3.833075096,       747843.4953,       70.49625671,       266.7829225,         380.3484976,        -0.2356377632,                3.973140632,       743.5169932,       743.5169932,       651249.2895,       651249.2895,       227485.7673,         0.1105178707,        -0.09938106577,       81967.87291,        309453.6402,           288.0205419,            455.4964513,            99235.58746,              552013.702
          0,           0,          79,      -5.637105697,      -3.273313806,      -3.081666796,      -3.222588057,     -0.1173479467,      -2.077436179,      0.7823663261,     0.01105898824,     0.01105898824,        1.45962978,       660.1147116,       391454.4844,       391454.4844,       3.833092094,       747861.0252,       70.29037154,       266.7019869,         380.2360789,        -0.2357035468,                3.969739311,        743.531346,        743.531346,       651149.8397,       651149.8397,       227465.6618,         0.1104562058,         -0.0993972176,       81994.41132,        309460.0731,           288.0219844,            455.5093616,            99237.06051,             551912.7792
          0,           0,          80,      -5.592013839,      -3.272429152,      -3.017556868,      -3.162538979,    -0.08051606736,      -2.078188251,      0.7817978903,     0.01097871668,     0.01097871668,       1.458920555,       660.1800253,       391488.7753,       391488.7753,        3.83311716,       747880.4413,       70.08359785,       266.6153602,         380.1289185,        -0.2357250033,                3.966433837,         743.54756,         743.54756,        651055.356,        651055.356,       227445.0435,         0.1103922233,        -0.09941350661,        82021.8659,        309466.9094,           288.0236286,            455.5239315,            99238.57235,             551816.7837
          0,           0,          81,      -5.597355062,      -3.273992492,      -3.041746932,      -3.191543964,    -0.08143399867,      -2.079022791,      0.7699638362,     0.01089563229,     0.01089563229,       1.458201583,       660.2464404,       391523.5351,       391523.5351,       3.833143739,       747900.9002,       69.88192124,       266.5230846,         380.0248997,        -0.2356164277,                3.963213546,        743.564802,        743.564802,       650962.2819,       650962.2819,       227423.1679,         0.1103260563,        -0.09943042403,       82050.18357,        309473.3515,           288.0251568,            455.5396452,            99240.10034,             551722.1815
          0,           0,          82,      -5.641333468,       -3.27341554,      -3.082685943,       -3.22340589,     -0.1241309162,      -2.079718605,      0.7711879146,     0.01081087075,     0.01081087075,        1.45747322,        660.314352,       391558.8397,       391558.8397,       3.833171951,       747923.0662,       69.67468723,       266.4251793,         379.9260507,        -0.2355232282,                3.960074851,       743.5837219,       743.5837219,       650872.4977,       650872.4977,       227399.8842,         0.1102574378,        -0.09944656707,       82079.47773,        309479.3619,           288.0269364,            455.5567855,            99241.68144,             551630.8162
          0,           0,          83,      -5.587560242,      -3.271704799,      -3.009019935,      -3.157705368,    -0.07203586795,      -2.080523713,      0.7792636402,     0.01072431426,     0.01072431426,       1.456736628,       660.3835334,       391595.5366,       391595.5366,       3.833209277,       747946.8184,       69.46352053,       266.3209099,         379.8309517,        -0.2354346033,                3.957042658,       743.6042024,       743.6042024,       650787.6379,       650787.6379,       227376.1972,         0.1101864385,        -0.09946212428,       82109.66974,        309485.8669,           288.0285771,            455.5756253,            99243.25269,             551544.3853
          0,           0,          84,      -5.606869806,      -3.273468577,      -3.054384543,      -3.202214028,    -0.08955367293,      -2.081410387,      0.7639069243,     0.01063485148,     0.01063485148,        1.45599021,       660.4546732,       391633.9606,       391633.9606,       3.833255812,        747972.783,       69.24807422,       266.2106886,         379.7408709,        -0.2353431376,                3.954098621,       743.6268676,       743.6268676,       650707.7917,       650707.7917,       227352.1085,         0.1101129855,        -0.09947813401,       82140.92605,        309493.0345,           288.0304852,            455.5963824,            99244.95191,             551462.8398
          0,           0,          85,      -5.643755498,       -3.27319832,      -3.082911866,      -3.221104853,      -0.128015059,      -2.082163929,      0.7742817157,     0.01054239094,     0.01054239094,       1.455233215,       660.5267634,       391672.5142,       391672.5142,       3.833302768,       747999.7176,       69.02790417,       266.0945185,         379.6547827,        -0.2352493416,                3.951231812,       743.6504846,       743.6504846,       650630.0566,       650630.0566,       227326.2999,         0.1100369232,        -0.09949453222,       82173.10715,        309499.4071,           288.0322332,            455.6182514,            99246.59926,             551383.4574
          0,           0,          86,      -5.585653536,      -3.271425331,      -3.008830533,      -3.161915913,    -0.06943546737,      -2.083017745,      0.7864674655,     0.01044772133,     0.01044772133,        1.45446597,       660.6004676,       391711.9229,       391711.9229,       3.833354189,       748028.4263,       68.80321657,       265.9719614,         379.5740271,        -0.2351575033,                3.948466006,       743.6758514,       743.6758514,       650555.6644,       650555.6644,        227299.024,         0.1099583835,        -0.09951066218,       82206.44944,        309505.4735,           288.0342627,            455.6415887,            99248.45413,             551307.2102
          0,           0,          87,      -5.610605818,      -3.272680064,       -3.06087752,      -3.207422827,    -0.08867821438,      -2.083929194,      0.7645496036,     0.01034797955,     0.01034797955,       1.453685458,       660.6751742,       391751.1978,       391751.1978,       3.833403811,       748057.8248,        68.5752628,       265.8434669,         379.4981838,        -0.2350372571,                3.945776687,       743.7018972,       743.7018972,       650481.4023,       650481.4023,       227269.5541,         0.1098772276,        -0.09952924801,       82240.82185,         309510.376,           288.0362148,            455.6656824,            99250.35392,             551231.0483
          0,           0,          88,        -5.6336108,      -3.272095047,      -3.072708305,      -3.210717812,     -0.1226350993,      -2.084655321,      0.7630641695,     0.01026198632,     0.01026198632,       1.452875358,       660.7562232,       391805.0019,       391805.0019,       3.833549113,       748091.9657,       68.34599736,       265.6980237,          379.427934,        -0.2350393847,                3.943610614,       743.7326538,       743.7326538,       650425.8686,       650425.8686,       227252.1736,         0.1097934552,        -0.09953146891,       82276.41418,        309528.5877,           288.0384467,            455.6942071,            99252.47713,             551173.3915
          0,           0,          89,      -5.582906195,      -3.271645957,      -3.009723352,      -3.163017534,    -0.07138867009,      -2.085521515,       0.772970832,      0.0101693973,      0.0101693973,       1.452060395,       660.8369181,       391854.7475,       391854.7475,       3.833666393,       748126.4922,       68.10813062,       265.5490743,          379.362778,        -0.2350373059,                3.941406587,       743.7637618,       743.7637618,       650368.5095,       650368.5095,       227228.6748,          0.109706769,        -0.09953737174,       82313.03637,        309541.7112,           288.0405375,            455.7232243,            99254.56079,             551113.9487
          0,           0,          90,      -5.611175905,      -3.273054365,       -3.06034474,      -3.205762403,    -0.08768996607,      -2.086440164,       0.765764489,     0.01007188101,     0.01007188101,       1.451240187,       660.9184978,       391903.4487,       391903.4487,       3.833776225,       748162.8062,       67.86285817,       265.3945272,         379.3036624,        -0.2350422509,                3.939249171,       743.7966313,       743.7966313,       650314.6587,       650314.6587,       227201.7207,         0.1096171298,        -0.09954524883,       82350.86403,        309552.5847,           288.0428183,             455.753813,            99256.75383,             551057.9048
          0,           0,          91,      -5.637670567,      -3.273448464,      -3.076455726,      -3.211574967,     -0.1266338656,      -2.087222391,       0.761231295,    0.009967926301,    0.009967926301,       1.450410478,       661.0008884,       391950.8827,       391950.8827,       3.833875475,       748200.3144,       67.61087322,       265.2342285,         379.2492908,        -0.2350395068,                3.937125531,       743.8306756,       743.8306756,       650261.9634,       650261.9634,       227171.4389,         0.1095242886,        -0.09955636229,       82389.72191,        309561.1608,           288.0449103,            455.7857653,            99258.82362,             551003.1398
          0,           0,          92,      -5.579936766,      -3.271990525,      -3.010319124,      -3.165475753,    -0.07500286935,      -2.088097529,      0.7721657206,     0.00985673749,     0.00985673749,       1.449566146,       661.0848294,       391998.0072,       391998.0072,       3.833969594,        748239.235,        67.3542315,       265.0672062,         379.2011346,        -0.2350078915,                3.935077973,       743.8661208,       743.8661208,       650209.9734,       650209.9734,       227138.4366,         0.1094281654,        -0.09957142796,       82429.78527,        309568.2219,           288.0471779,            455.8189429,            99260.90966,             550949.0637
          0,           0,          93,      -5.620234649,      -3.273210326,      -3.071294344,      -3.214609795,     -0.0937538784,      -2.089044127,      0.7661626419,    0.009739796339,    0.009739796339,       1.448709955,       661.1699379,       392044.4781,       392044.4781,        3.83405701,       748279.4912,       67.09118312,       264.8936792,         379.1583302,        -0.2349710393,                3.933093916,       743.9028801,       743.9028801,       650159.4576,       650159.4576,       227102.5316,         0.1093287891,        -0.09958899274,       82470.97326,        309573.5048,           288.0493277,            455.8535524,            99262.95136,             550896.5063
          0,           0,          94,      -5.616444121,      -3.272691415,      -3.052899465,      -3.196384459,     -0.1072840567,      -2.089864002,      0.7636331389,    0.009618810157,    0.009618810157,       1.447843233,        661.256555,         392090.83,         392090.83,       3.834141696,       748321.7423,       66.82041946,       264.7129471,         379.1217994,        -0.2349494664,                3.931195033,       743.9416094,       743.9416094,       650112.7648,       650112.7648,       227064.0194,         0.1092259796,        -0.09960716947,       82513.40528,        309577.4247,           288.0516196,            455.8899899,            99265.00469,             550847.7601
          0,           0,          95,      -5.583015505,      -3.270981714,      -3.021739954,      -3.176526126,    -0.07782379332,      -2.090872667,      0.7561609741,    0.009494237136,    0.009494237136,       1.446965613,       661.3446441,       392137.8114,       392137.8114,         3.8342296,        748365.858,       66.54333824,       264.5245437,         379.0906258,        -0.2349347602,                3.929398858,       743.9821809,       743.9821809,       650070.3893,       650070.3893,       227023.7242,         0.1091198401,        -0.09962560296,        82557.0436,        309580.7678,           288.0538634,            455.9283176,            99267.07505,             550803.3143
          0,           0,          96,      -5.612147725,      -3.271803569,      -3.063650463,      -3.208046161,    -0.09374083957,      -2.091830156,      0.7565129432,    0.009366335187,    0.009366335187,        1.44607365,       661.4350416,       392187.0923,       392187.0923,       3.834330823,       748412.4286,       66.26180459,       264.3269941,           379.06569,         -0.234915507,                3.927760205,       744.0251856,       744.0251856,       650033.7891,       650033.7891,       226983.0946,         0.1090102405,        -0.09964390531,       82601.99886,        309585.0935,           288.0562579,            455.9689277,            99269.22476,             550764.5643
          0,           0,          97,      -5.614336009,       -3.27229321,      -3.046903361,      -3.189325986,    -0.09723495202,      -2.092764286,      0.7588181528,    0.009233793911,    0.009233793911,       1.445167318,       661.5270816,        392236.846,        392236.846,       3.834433018,       748460.6754,       65.97415827,       264.1218116,          379.046484,        -0.2348898485,                3.926214178,       744.0698472,       744.0698472,       649999.9771,       649999.9771,       226940.4599,         0.1088971083,        -0.09966331441,       82648.19305,        309588.6529,           288.0586268,            456.0112204,            99271.37121,             550728.6059
          0,           0,          98,      -5.576373009,      -3.271250517,      -3.018558135,      -3.176421632,    -0.07380935611,      -2.093809726,      0.7496871107,    0.009096253423,    0.009096253423,        1.44424431,       661.6210357,       392287.4438,       392287.4438,       3.834538452,       748510.6568,        65.6813426,       263.9084177,         379.0343961,        -0.2348469014,                3.924784562,       744.1162332,       744.1162332,       649968.6919,       649968.6919,       226896.0153,         0.1087803463,        -0.09968409287,       82695.71427,        309591.7296,           288.0611103,            456.0551229,            99273.56828,             550695.1237
          0,           0,          99,      -5.626030228,      -3.272547417,       -3.07815084,      -3.213571578,     -0.1059860501,      -2.094896531,      0.7450784903,     0.00895562645,     0.00895562645,       1.443308734,       661.7167772,       392339.0011,       392339.0011,       3.834648969,       748562.8199,       65.38136435,       263.6866994,         379.0277897,         -0.234815257,                3.923463129,       744.1647764,       744.1647764,       649942.4762,       649942.4762,       226849.8033,         0.1086599644,        -0.09970433797,       82744.59889,        309594.4022,           288.0636156,            456.1011608,             99275.8564,             550666.6198
          0,           0,         100,      -5.600195512,      -3.272583018,      -3.030071669,      -3.177034851,    -0.08621617478,      -2.095875301,      0.7548146657,    0.008812620457,    0.008812620457,        1.44236051,       661.8145215,        392392.133,        392392.133,       3.834768656,       748617.4897,       65.07425427,       263.4557494,         379.0276985,        -0.2347994102,                3.922280781,       744.2158054,       744.2158054,       649922.8126,       649922.8126,       226802.5047,         0.1085356763,        -0.09972305581,       82794.81415,        309597.3189,           288.0661742,            456.1496312,            99278.12557,             550644.6871
          0,           0,         101,      -5.586764452,      -3.272175164,      -3.028349001,      -3.183767763,    -0.07558156778,      -2.097062858,      0.7482088694,    0.008664502569,    0.008664502569,       1.441394466,       661.9139964,       392445.6627,       392445.6627,       3.834888808,        748673.694,       64.76062405,       263.2164518,         379.0336185,        -0.2347705686,                3.921190742,       744.2683586,       744.2683586,       649905.2115,       649905.2115,       226752.8649,         0.1084074428,        -0.09974294027,       82846.39892,        309599.2638,           288.0686774,            456.1996813,            99280.40245,             550624.8091
          0,           0,         102,      -5.620127998,      -3.272714748,      -3.070719779,      -3.206395731,     -0.1032083544,      -2.098139441,      0.7395702389,    0.008513511904,    0.008513511904,       1.440414948,       662.0157513,       392501.4518,       392501.4518,       3.835022553,       748732.7456,       64.43930216,       262.9675973,         379.0462525,        -0.2347568021,                3.920235905,       744.3237403,       744.3237403,        649895.587,        649895.587,       226702.7816,         0.1082749779,        -0.09976146602,       82899.33511,        309602.1167,           288.0712467,            456.2524936,            99282.59726,             550612.9897
          0,           0,         103,      -5.607651599,      -3.273161926,      -3.039849398,      -3.183123692,    -0.09686225268,      -2.099254558,      0.7444461888,    0.008357669768,    0.008357669768,       1.439417728,       662.1192538,       392557.4911,       392557.4911,        3.83515609,       748793.3959,       64.11136276,       262.7103845,         379.0652066,        -0.2347306084,                3.919375657,       744.3807135,       744.3807135,       649888.0128,       649888.0128,       226649.9886,         0.1081386129,        -0.09978094318,       82953.75123,        309603.7398,           288.0738687,            456.3068448,            99284.93319,             550603.0796
          0,           0,         104,      -5.582236523,      -3.272446394,      -3.025919288,      -3.183985936,    -0.07409775992,      -2.100426886,      0.7459604492,     0.00819920828,     0.00819920828,       1.438405047,       662.2248784,       392615.2944,       392615.2944,       3.835300693,       748856.4615,       63.77764291,        262.443264,         379.0909198,        -0.2346955204,                3.918662298,       744.4400914,       744.4400914,        649886.439,        649886.439,       226595.9435,         0.1079981135,        -0.09979890527,       83009.67541,         309605.619,           288.0766422,            456.3634492,            99287.37218,             550599.0668
          0,           0,         105,      -5.630166535,      -3.272934428,      -3.081004912,      -3.212246637,     -0.1096353899,      -2.101627218,      0.7319728828,    0.008035193258,    0.008035193258,       1.437373613,       662.3323256,       392673.7242,       392673.7242,       3.835447164,        748921.224,       63.43874553,        262.167393,         379.1232459,        -0.2346152012,                3.918039848,       744.5011563,       744.5011563,       649887.7276,       649887.7276,       226539.7793,          0.107853211,        -0.09981801778,       83066.97247,        309606.7517,           288.0792844,            456.4218719,            99289.72106,             550598.0066
          0,           0,         106,      -5.598530678,      -3.272812463,      -3.030949918,       -3.17715129,    -0.09235652319,       -2.10274728,      0.7391437583,    0.007868010628,    0.007868010628,       1.436325195,       662.4418893,       392733.4219,       392733.4219,       3.835601109,       748988.2765,       63.09313842,       261.8818465,         379.1623075,        -0.2345258938,                3.917541188,       744.5645062,       744.5645062,       649893.8275,       649893.8275,        226481.667,         0.1077040053,        -0.09983599466,       83125.87748,        309607.5444,           288.0821827,            456.4823236,            99292.23547,              550601.592
          0,           0,         107,      -5.592935407,      -3.273092711,      -3.037626818,      -3.190665759,     -0.0837248297,      -2.104034762,      0.7518365117,    0.007695728013,    0.007695728013,       1.435257271,        662.553246,       392793.8909,       392793.8909,       3.835758523,       749056.9925,       62.74019779,       261.5869058,         379.2076595,        -0.2344255342,                3.917146312,       744.6295154,       744.6295154,       649903.2526,       649903.2526,       226421.5466,         0.1075502151,        -0.09985448704,       83186.17214,        309607.7188,           288.0849287,            456.5445867,            99294.64053,             550608.6121
          0,           0,         108,      -5.622584011,      -3.273690537,       -3.06650613,      -3.201938173,    -0.09922155191,      -2.105221016,      0.7482751149,    0.007520549307,    0.007520549307,       1.434173041,       662.6668547,       392855.9866,       392855.9866,       3.835925791,       749128.3633,        62.3790172,       261.2818182,         379.2598437,        -0.2343389523,                3.916886145,       744.6971706,       744.6971706,       649919.1657,       649919.1657,       226359.8437,         0.1073919121,        -0.09987136282,       83248.07142,        309607.9151,           288.0879439,            456.6092267,            99297.17097,             550621.9948
          0,           0,         109,      -5.602493987,      -3.274215798,      -3.034790115,      -3.178804772,    -0.08854095029,      -2.106364106,      0.7400575482,    0.007339365259,    0.007339365259,       1.433069084,       662.7820181,       392918.0704,       392918.0704,        3.83609186,        749201.187,       62.00923706,       260.9678642,          379.318456,        -0.2342419856,                3.916698262,       744.7662812,       744.7662812,       649937.5541,       649937.5541,       226295.1438,         0.1072289019,         -0.0998895366,       83311.46331,        309606.6071,           288.0908432,             456.675438,            99299.66992,             550637.8842
          0,           0,         110,      -5.600537699,      -3.273727078,      -3.046619405,      -3.197880148,    -0.09766073299,      -2.107648714,      0.7372802659,    0.007154807506,    0.007154807506,       1.431947653,       662.8992773,       392981.2309,       392981.2309,       3.836264357,       749276.4566,       61.63015562,       260.6437787,         379.3832184,        -0.2341602123,                3.916622108,       744.8378342,       744.8378342,       649961.6206,       649961.6206,       226228.2414,         0.1070610788,        -0.09990627132,       83376.49477,        309604.7362,           288.0940294,            456.7438048,            99302.25563,              550659.365
          0,           0,         111,      -5.620353557,      -3.274098273,      -3.062484925,      -3.198634661,     -0.1006086321,      -2.108858085,      0.7399851673,    0.006964273832,    0.006964273832,       1.430806091,       663.0181029,       393044.6931,       393044.6931,        3.83643816,       749353.1758,       61.24303461,       260.3104247,         379.4542506,        -0.2340656247,                3.916631292,       744.9108408,       744.9108408,       649988.5342,       649988.5342,       226158.6685,         0.1068884886,         -0.0999242148,       83443.01228,        309601.6808,           288.0970806,            456.8137602,              99304.816,             550683.7182
          0,           0,         112,      -5.603573063,      -3.273620842,      -3.037429146,      -3.181289813,    -0.08531493218,      -2.110082634,      0.7358808379,    0.006770032432,    0.006770032432,       1.429645671,       663.1389696,       393109.2805,       393109.2805,        3.83661901,       749432.1605,       60.84676683,       259.9668069,         379.5322627,         -0.233982795,                3.916757938,       744.9861118,       744.9861118,       650020.8208,       650020.8208,        226086.907,         0.1067110234,        -0.09994099092,       83511.18678,        309598.0937,           288.1003461,            456.8857657,            99307.48437,             550713.3364
          0,           0,         113,      -5.609959409,      -3.274372026,      -3.058274563,       -3.20750862,     -0.1074735685,      -2.111319703,      0.7185607715,    0.006570602759,    0.006570602759,        1.42846463,       663.2615609,       393174.6406,       393174.6406,        3.83680496,        749512.821,       60.44183429,       259.6133466,         379.6160541,        -0.2338967046,                3.916977093,       745.0630664,       745.0630664,       650057.0961,       650057.0961,       226012.7382,         0.1065286551,        -0.09995805233,       83580.95121,        309593.6894,           288.1035561,            456.9595103,            99310.20295,             550746.8931
          0,           0,         114,      -5.620284436,      -3.274879378,      -3.056261777,      -3.189964625,     -0.1009745303,      -2.112563171,      0.7274406288,    0.006366778761,    0.006366778761,       1.427263237,         663.38603,       393240.5488,       393240.5488,       3.836994435,       749595.4821,       60.02684909,       259.2497267,         379.7067693,        -0.2338210249,                 3.91729229,       745.1420245,       745.1420245,       650097.6532,       650097.6532,       225935.6665,         0.1063411673,        -0.09997438858,       83652.44117,        309588.1077,           288.1070005,             457.035024,            99313.04299,             550784.6102
          0,           0,         115,      -5.608309359,      -3.274798517,       -3.04053647,      -3.185028793,    -0.08292471093,      -2.113739738,      0.7339299974,    0.006157771852,    0.006157771852,       1.426040908,       663.5121948,       393307.4843,       393307.4843,       3.837190808,       749679.8262,        59.6030891,       258.8758189,         379.8027007,        -0.2337431218,                3.917704071,       745.2226762,       745.2226762,       650142.8435,       650142.8435,       225856.6357,         0.1061484713,        -0.09999069949,       83725.42429,          309582.06,           288.1102884,            457.1123878,            99315.79238,             550827.0511
          0,           0,         116,      -5.617229416,      -3.274732617,      -3.063637702,      -3.210659522,     -0.1115261871,      -2.114980708,      0.7196829067,    0.005945041159,    0.005945041159,       1.424797021,       663.6403965,       393375.6488,       393375.6488,       3.837395014,       749766.2608,       59.16961252,       258.4908969,         379.9046366,        -0.2336789713,                 3.91823004,       745.3054255,       745.3054255,       650192.9917,       650192.9917,       225775.5062,         0.1059504266,         -0.1000053855,       83800.07134,        309575.5775,           288.1137511,            457.1916743,            99318.57605,             550874.4157
          0,           0,         117,      -5.620658019,      -3.275553706,      -3.056098649,      -3.191126905,     -0.1034594755,      -2.116169253,      0.7245582519,    0.005725842899,    0.005725842899,       1.423527767,       663.7714036,       393447.4568,       393447.4568,       3.837621808,        749855.156,       58.73174276,        258.093631,         380.0112051,        -0.2335749393,                3.918919634,       745.3906418,       745.3906418,       650250.5686,       650250.5686,       225694.9339,         0.1057470141,         -0.1000211713,       83876.26146,        309571.1953,           288.1170871,            457.2735547,            99321.29784,             550929.2707
          0,           0,         118,      -5.619622006,      -3.274742221,      -3.050470183,      -3.191173014,    -0.09584374022,      -2.117396873,      0.7293627696,    0.005503735453,    0.005503735453,       1.422235917,       663.9041383,       393519.9426,       393519.9426,       3.837855167,       749945.7134,       58.28283364,       257.6853438,         380.1241769,        -0.2334989042,                3.919718215,       745.4775321,       745.4775321,       650312.2254,       650312.2254,       225611.3311,         0.1055382783,         -0.1000345428,       83954.30575,        309565.6369,           288.1207681,             457.356764,            99324.25807,             550987.9674
          0,           0,         119,      -5.613132247,      -3.274793584,      -3.054584629,      -3.203546164,    -0.09869898043,      -2.118567249,      0.7224969568,    0.005276963165,    0.005276963165,       1.420921577,       664.0381039,       393592.7405,       393592.7405,       3.838091471,        750037.351,       57.82450309,       257.2662859,          380.238291,        -0.2334290237,                3.920591438,       745.5655222,       745.5655222,       650377.0745,       650377.0745,       225525.2958,         0.1053239412,         -0.1000469781,       84033.72237,        309559.0181,           288.1241976,            457.4413246,            99326.97343,             551050.1011
          0,           0,         120,      -5.633233541,      -3.275048318,       -3.07318462,      -3.205571099,     -0.1131623808,      -2.119766563,      0.7141012241,    0.005045852855,    0.005045852855,       1.419582872,       664.1738884,       393666.0122,       393666.0122,       3.838332014,        750130.622,       57.35547689,       256.8362799,         380.3634522,         -0.233371698,                3.921586342,        745.655163,        745.655163,       650445.2301,       650445.2301,       225436.0078,         0.1051040272,         -0.1000581743,       84115.00221,          309551.01,           288.1279953,            457.5271676,             99329.9026,             551115.3275
          0,           0,         121,      -5.622587066,       -3.27495921,      -3.055312981,      -3.193740452,     -0.1026450102,      -2.120826576,      0.7160451724,    0.004810889885,    0.004810889885,       1.418221403,       664.3111894,       393740.2514,       393740.2514,       3.838580853,       750225.1696,       56.87756079,       256.3959417,         380.4874019,        -0.2333212539,                3.922642418,       745.7461039,       745.7461039,       650517.0152,       650517.0152,       225344.3633,         0.1048790969,          -0.100068207,       84197.94404,        309542.3073,           288.1317982,            457.6143057,            99333.04665,             551183.9686
          0,           0,         122,      -5.614166106,      -3.274870712,      -3.050325951,      -3.198410597,    -0.09745231958,      -2.121999903,      0.7220769101,    0.004572254089,    0.004572254089,       1.416835075,       664.4501947,        393815.331,        393815.331,       3.838837317,       750321.1414,       56.38952726,       255.9444189,         380.6168355,        -0.2332840764,                3.923800035,       745.8384905,       745.8384905,       650592.2726,       650592.2726,       225249.8773,         0.1046486966,         -0.1000764425,       84282.72684,        309532.6041,           288.1358527,            457.7026378,            99336.44128,             551255.8313
          0,           0,         123,      -5.633200585,      -3.276086431,      -3.077267043,      -3.213538865,     -0.1122217579,      -2.123078829,       0.715023866,    0.004328830362,    0.004328830362,       1.415421907,       664.5905356,       393890.9456,       393890.9456,       3.839097591,       750417.9343,       55.89191603,       255.4811123,         380.7513925,        -0.2332513169,                3.925067461,       745.9317267,       745.9317267,       650669.8586,       650669.8586,       225153.2135,         0.1044121422,         -0.1000833119,       84368.86605,        309522.0795,           288.1395753,            457.7921513,            99339.49818,             551330.3604
          0,           0,         124,      -5.627621607,      -3.275013825,      -3.057457557,      -3.193381857,     -0.1063527036,      -2.124194614,      0.7142604886,    0.004081221853,    0.004081221853,       1.413983546,       664.7330996,       393967.9734,       393967.9734,       3.839368759,       750516.6834,       55.38435345,       255.0068623,         380.8912978,        -0.2332295148,                3.926432574,       746.0269369,       746.0269369,       650751.8567,       650751.8567,       225054.0291,         0.1041701509,          -0.100088929,       84456.97214,        309511.0013,           288.1440173,            457.8829196,            99342.98011,             551408.8766
          0,           0,         125,      -5.609680577,      -3.275169926,      -3.044011561,      -3.191579178,    -0.09539658291,      -2.125336732,      0.7170553414,     0.00382903205,     0.00382903205,       1.412515622,       664.8771637,       394046.9643,       394046.9643,       3.839653937,       750616.1221,       54.86872551,       254.5203428,         381.0304855,        -0.2331935941,                3.927881574,       746.1228657,       746.1228657,       650837.3705,       650837.3705,       224954.4053,         0.1039217633,         -0.1000927312,       84546.27953,        309500.6848,           288.1479017,            457.9749639,            99345.95581,             551491.4147
          0,           0,         126,      -5.633328929,      -3.276243975,      -3.073081207,      -3.210026627,     -0.1076851308,      -2.126433699,      0.7222383089,     0.00357395918,     0.00357395918,       1.411023437,       665.0233139,        394127.788,        394127.788,       3.839954987,       750717.3175,       54.34433126,       254.0231578,         381.1761884,        -0.2331709911,                3.929452712,       746.2205732,       746.2205732,       650927.2479,       650927.2479,       224852.1984,         0.1036687574,         -0.1000947982,       84637.79479,        309489.9932,           288.1524609,            458.0681124,            99349.83119,             551577.4167
          0,           0,         127,      -5.634715646,      -3.275861617,      -3.066944326,      -3.199421678,     -0.1099272482,      -2.127470033,       0.715823764,     0.00331301459,     0.00331301459,       1.409503824,       665.1698681,       394208.4357,       394208.4357,       3.840256208,       750818.3453,       53.80941451,       253.5143343,         381.3176722,        -0.2331553748,                3.931054431,       746.3181425,       746.3181425,       651018.4791,       651018.4791,       224747.9801,          0.103409067,         -0.1000960524,       84730.22781,        309478.2079,           288.1559614,            458.1621811,            99352.87333,             551665.6058
          0,           0,         128,      -5.605658123,      -3.275107564,      -3.035212659,      -3.181742707,     -0.0943161069,      -2.128527202,       0.725596586,    0.003048643868,    0.003048643868,       1.407958725,       665.3186806,       394290.7582,       394290.7582,       3.840570543,       750921.2971,       53.26557286,       252.9941066,         381.4693588,        -0.2331517811,                3.932810284,       746.4176555,       746.4176555,       651113.8694,       651113.8694,       224641.3481,         0.1031440974,         -0.1000954535,       84824.70509,        309466.0531,           288.1603012,            458.2573543,            99356.54093,             551757.3285
          0,           0,         129,      -5.638045639,      -3.276422356,      -3.079638731,      -3.216029045,     -0.1123122828,      -2.129598428,      0.7276563387,    0.002779107707,    0.002779107707,       1.406386498,       665.4688933,        394374.854,        394374.854,       3.840897637,       751025.1994,       52.71166345,       252.4621988,         381.6193354,        -0.2331585244,                3.934625391,       746.5181443,       746.5181443,       651213.8027,       651213.8027,       224534.1256,          0.102872742,         -0.1000936343,       84920.36419,        309454.4898,            288.164112,            458.3540323,            99359.76287,             551854.0399
          0,           0,         130,      -5.633716763,      -3.275345765,      -3.060571993,      -3.197732152,     -0.1087604335,      -2.130586707,      0.7309536419,    0.002505456485,    0.002505456485,       1.404786903,       665.6206631,       394459.5574,       394459.5574,       3.841231009,       751130.0884,       52.14803938,       251.9187363,         381.7739284,        -0.2331775437,                3.936545234,       746.6196469,       746.6196469,       651315.6064,       651315.6064,       224424.0026,         0.1025955477,         -0.1000900912,        85017.7774,          309441.78,           288.1683623,            458.4512846,            99363.23277,             551952.3736
          0,           0,         131,      -5.606537252,       -3.27421117,      -3.034658643,      -3.178280804,    -0.08721911917,       -2.13171018,      0.7147646205,    0.002227687226,    0.002227687226,       1.403159675,       665.7735609,       394544.8105,       394544.8105,       3.841569683,       751235.4571,       51.57448886,       251.3637302,         381.9305758,        -0.2332124606,                3.938554058,       746.7216629,       746.7216629,         651419.12,         651419.12,       224311.7138,         0.1023122376,         -0.1000845503,       85116.54839,        309428.2622,           288.1724296,            458.5492333,            99366.54411,             552052.5759
          0,           0,         132,      -5.643203627,      -3.276148346,      -3.082156259,      -3.218202866,     -0.1210415898,      -2.132714244,       0.708886795,    0.001945936495,    0.001945936495,       1.401503921,       665.9281733,       394631.3244,       394631.3244,         3.8419185,       751341.9175,       50.99130703,       250.7965987,         382.0895628,        -0.2332619368,                3.940667746,       746.8247951,       746.8247951,       651525.3257,       651525.3257,       224197.4514,         0.1020227887,         -0.1000768522,       85216.93646,        309414.3879,           288.1768269,            458.6479682,            99369.94373,              552155.382
          0,           0,         133,       -5.64817544,      -3.275194981,      -3.070793178,      -3.205472811,     -0.1162300217,       -2.13374986,      0.7287808718,    0.001659796781,    0.001659796781,       1.399821121,       666.0837103,        394718.433,        394718.433,       3.842273642,       751448.7335,        50.3982061,       250.2179268,         382.2498747,        -0.2333263112,                3.942864326,       746.9283121,       746.9283121,       651633.5438,       651633.5438,       224081.2321,         0.1017271031,         -0.1000673063,       85318.60047,        309399.8326,           288.1809364,            458.7473756,            99373.12533,             552260.4185
          0,           0,         134,      -5.603709979,      -3.274356349,      -3.029230291,      -3.176602387,     -0.0852795836,      -2.134776639,      0.7214978581,    0.001369152339,    0.001369152339,       1.398111779,       666.2405408,       394805.7265,       394805.7265,       3.842632922,       751556.2483,       49.79558214,       249.6286993,         382.4123868,        -0.2334003528,                3.945130214,       747.0325533,       747.0325533,       651742.5609,       651742.5609,       223961.6056,         0.1014259079,         -0.1000567556,       85422.06045,        309383.6661,           288.1855426,            458.8470106,            99376.77152,             552365.7894
          0,           0,         135,      -5.651222788,      -3.275674901,      -3.092378806,      -3.224318921,     -0.1256550235,      -2.135849273,      0.7023379174,    0.001074763557,    0.001074763557,       1.396369688,       666.3985083,       394895.2782,       394895.2782,       3.843009143,       751663.7792,       49.18513685,         249.02614,          382.575594,        -0.2334697148,                3.947521706,       747.1368419,       747.1368419,       651854.1476,       651854.1476,       223842.3312,         0.1011178115,          -0.100043048,       85526.47348,        309368.8047,           288.1893598,            458.9474821,            99379.76977,             552474.3778
          0,           0,         136,      -5.640849476,      -3.274302463,      -3.062977011,      -3.203186153,      -0.121990786,      -2.136789757,      0.7171787153,   0.0007769472446,   0.0007769472446,       1.394600025,       666.5583141,       394985.6913,       394985.6913,        3.84339325,       751772.3028,       48.56698176,       248.4134846,          382.740672,        -0.2335386062,                 3.94999112,        747.242149,        747.242149,       651965.9716,       651965.9716,       223720.0018,         0.1008047416,         -0.1000277944,       85632.84477,        309352.8466,           288.1941295,            459.0480196,            99383.57885,             552582.3928
          0,           0,         137,      -5.609494368,      -3.273264284,      -3.031856782,      -3.178894488,    -0.08142389198,       -2.13786957,      0.7243962502,   0.0004739273433,   0.0004739273433,       1.392800142,       666.7181341,       395075.8092,       395075.8092,       3.843778107,       751879.8972,       47.93879695,       247.7885273,         382.9061114,        -0.2336174164,                3.952542559,       747.3465551,       747.3465551,        652077.231,        652077.231,       223595.7721,         0.1004846181,         -0.1000106907,       85740.01857,        309335.7907,           288.1979115,            459.1486436,            99386.60942,             552690.6215
          0,           0,         138,      -5.646071516,      -3.275025146,      -3.083672785,      -3.217915757,     -0.1169451819,      -2.138817066,      0.7039443662,   0.0001692793341,   0.0001692793341,       1.390975608,        666.879788,       395168.1621,       395168.1621,       3.844182103,       751988.7521,       47.30390417,       247.1529989,         383.0730994,        -0.2337081387,                3.955213059,       747.4522434,       747.4522434,       652191.5016,       652191.5016,       223469.7696,         0.1001600499,        -0.09999077054,       85849.19622,        309318.9658,           288.2024182,            459.2498252,              99390.668,             552800.8336
          0,           0,         139,      -5.648826688,      -3.273838515,       -3.06954257,      -3.206046694,     -0.1275787165,       -2.13980858,      0.7057237112,  -0.0001402926568,  -0.0001402926568,       1.389120849,       667.0417814,       395260.6689,       395260.6689,       3.844588419,       752097.0306,       46.65912207,       246.5052148,         383.2410723,        -0.2338117015,                3.957975373,       747.5573847,       747.5573847,       652305.7505,       652305.7505,       223342.4974,         0.0998283832,        -0.09996867585,       85959.08574,        309301.5831,           288.2060509,            459.3513339,            99393.90852,              552911.842
          0,           0,         140,      -5.604085155,      -3.273013601,      -3.029846566,      -3.180374973,    -0.08792947274,      -2.140896614,      0.7163488399,  -0.0004520060906,  -0.0004520060906,       1.387239988,       667.2067817,       395356.8242,       395356.8242,       3.845019762,        752207.615,       46.00800065,       245.8476582,         383.4099153,        -0.2339195108,                3.960834474,       747.6648526,       747.6648526,       652424.7029,       652424.7029,       223215.0722,        0.09949207574,        -0.09994408183,       86070.87604,        309285.9482,           288.2111733,            459.4536793,             99398.1199,              553026.583
          0,           0,         141,      -5.649556318,      -3.274717208,      -3.084048831,      -3.218094951,     -0.1122313999,      -2.141915512,      0.7052191465,  -0.0007671037802,  -0.0007671037802,       1.385330372,        667.372052,       395452.6878,       395452.6878,       3.845450163,       752317.6281,       45.34833302,       245.1779776,         383.5793225,        -0.2340303773,                  3.9637915,       747.7717793,       747.7717793,       652542.6918,       652542.6918,       223086.0272,        0.09914876181,        -0.09991586559,       86183.33027,        309269.3575,           288.2157001,            459.5560792,            99401.55539,             553141.1364
          0,           0,         142,       -5.63367413,      -3.272888027,       -3.05643517,      -3.199769212,     -0.1197783875,      -2.142887279,      0.7034833215,    -0.00108343632,    -0.00108343632,       1.383392357,        667.538298,       395549.5888,       395549.5888,        3.84589068,       752427.5382,       44.68092734,       244.4971717,         383.7485156,        -0.2341616227,                3.966860131,       747.8786363,       747.8786363,       652660.3147,       652660.3147,       222955.3614,        0.09880000262,        -0.09988343894,       86297.11374,        309252.4751,           288.2203481,            459.6582882,            99405.24115,             553255.0735
          0,           0,         143,      -5.611742762,      -3.272071664,      -3.036562786,      -3.184252794,    -0.09330665432,      -2.144057031,      0.7074865353,   -0.001402775197,   -0.001402775197,       1.381429078,       667.7046801,       395646.5764,       395646.5764,       3.846335303,        752536.796,       44.00581507,       243.8060347,          383.919305,        -0.2343056067,                3.970026853,       747.9848704,       747.9848704,       652776.9399,       652776.9399,       222822.7104,        0.09844577365,        -0.09984854885,       86411.93301,        309234.6434,           288.2244701,            459.7604003,            99408.93374,             553368.0061
          0,           0,         144,      -5.643059135,       -3.27389744,      -3.073753381,      -3.210918223,     -0.1058290344,       -2.14501735,      0.7092018592,   -0.001726227009,   -0.001726227009,       1.379443293,       667.8726147,       395744.0262,       395744.0262,       3.846782793,       752647.2215,       43.32482874,       243.1054003,         384.0897835,        -0.2344454789,                3.973276087,       748.0922753,       748.0922753,       652894.0655,       652894.0655,       222687.7811,        0.09808651616,        -0.09981274317,       86528.12254,        309215.9037,           288.2294599,            459.8628154,            99413.10233,             553480.9632
          0,           0,         145,      -5.637475983,      -3.272392407,      -3.056214348,      -3.198144714,     -0.1118243894,      -2.145862604,      0.7030659365,   -0.002051802174,   -0.002051802174,       1.377430903,       668.0409387,       395841.9167,       395841.9167,       3.847235611,       752757.0008,       42.63575114,       242.3945469,         384.2625158,        -0.2346139287,                3.976638934,       748.1990722,       748.1990722,       653009.6487,       653009.6487,       222551.4301,        0.09772184719,        -0.09977364936,       86645.24331,        309196.6734,           288.2341066,            459.9649656,            99417.25808,             553592.3906
          0,           0,         146,      -5.608911203,      -3.271500368,      -3.035800796,      -3.186121425,    -0.09460240729,      -2.146931036,      0.6983079696,   -0.002381109122,   -0.002381109122,       1.375392015,       668.2101307,       395939.8002,       395939.8002,       3.847687508,       752866.8205,       41.93927871,       241.6732459,         384.4327078,        -0.2347920491,                 3.98007741,        748.305929,        748.305929,       653123.7677,       653123.7677,       222413.5284,        0.09735117044,        -0.09973227956,       86763.13588,        309176.6643,           288.2388833,            460.0670457,            99421.12473,              553702.643
          0,           0,         147,      -5.650965058,      -3.273384027,      -3.077966215,      -3.212980372,     -0.1152381979,      -2.147900338,      0.7061585713,    -0.00271363727,    -0.00271363727,       1.373328996,       668.3800538,       396037.7363,       396037.7363,       3.848138394,       752976.5889,       41.23651556,       240.9424704,         384.6017219,        -0.2349783901,                3.983599181,       748.4127525,       748.4127525,       653236.1974,       653236.1974,       222274.5225,        0.09697494278,        -0.09968858005,       86881.60694,        309156.1294,           288.2436998,            460.1690526,             99424.7003,             553811.4971
          0,           0,         148,      -5.624283456,      -3.272548387,      -3.046351638,       -3.18949713,    -0.09967038076,      -2.148967165,      0.7163617242,   -0.003051670625,   -0.003051670625,       1.371242725,        668.550332,       396135.3344,       396135.3344,       3.848585697,       753086.2601,       40.52825412,       240.2017367,         384.7697924,        -0.2351482646,                3.987200427,       748.5194789,       748.5194789,       653347.8787,       653347.8787,       222134.4353,        0.09659265324,        -0.09964432386,       87000.44955,        309134.8848,           288.2481156,            460.2713633,            99427.64086,             553920.2379
          0,           0,         149,      -5.616654919,      -3.272869466,      -3.046788464,      -3.195452666,    -0.09791772537,      -2.149928231,      0.6970996268,    -0.00339075207,    -0.00339075207,       1.369132304,       668.7210315,       396233.8616,       396233.8616,       3.849039311,       753195.3703,       39.81416932,       239.4513051,         384.9357077,        -0.2353451227,                3.990916767,       748.6256718,       748.6256718,       653458.4764,       653458.4764,       221994.7189,        0.09620510076,        -0.09959585283,       87119.57132,        309114.2903,           288.2521911,            460.3734807,            99430.12079,             554028.3556
          0,           0,         150,      -5.651225339,      -3.271139446,      -3.072243563,      -3.210846365,     -0.1238659287,      -2.150965856,      0.6971721198,   -0.003731011047,   -0.003731011047,       1.367002926,       668.8919413,       396332.9587,       396332.9587,       3.849499933,       753304.0863,       39.09596449,       238.6931453,         385.1039415,        -0.2355474838,                3.994742555,       748.7314884,       748.7314884,       653567.8207,       653567.8207,        221853.696,        0.09581378261,        -0.09954479366,       87239.63138,        309093.3274,           288.2561211,            460.4753673,            99433.11592,             554134.7048
          0,           0,         151,       -5.61479677,      -3.270972446,      -3.030688953,      -3.182572457,    -0.09709657578,      -2.151833902,      0.7108112151,   -0.004073172315,   -0.004073172315,       1.364855285,       669.0631046,       396432.5965,       396432.5965,       3.849965472,       753412.4992,       38.37442478,       237.9273123,         385.2727483,        -0.2357504924,                  3.9986765,       748.8370147,       748.8370147,       653676.3226,       653676.3226,       221712.1672,        0.09541832911,        -0.09949150143,       87360.21467,        309072.3818,           288.2599673,            460.5770474,            99436.21949,             554240.1031
          0,           0,         152,      -5.626793183,      -3.272233031,      -3.056456989,      -3.204205147,     -0.0994101806,      -2.152837786,      0.6954095371,   -0.004417550799,   -0.004417550799,       1.362689384,       669.2347477,       396532.5877,       396532.5877,       3.850432472,       753521.0293,       37.64834532,         237.15343,         385.4389987,        -0.2359619249,                4.002690484,       748.9426648,       748.9426648,       653784.4008,       653784.4008,       221570.3482,        0.09501818181,        -0.09943573261,       87481.11977,        309051.4679,           288.2638199,            460.6788449,            99439.10027,             554345.3006
          0,           0,         153,      -5.654082081,      -3.271888979,      -3.076597693,      -3.209546182,     -0.1235328569,      -2.153593175,      0.6839583073,   -0.004765427158,   -0.004765427158,       1.360506771,       669.4062755,       396631.9548,       396631.9548,       3.850893837,       753629.1993,       36.91879813,       236.3716564,         385.6085679,        -0.2361653701,                4.006822902,       749.0479579,       749.0479579,       653891.0743,       653891.0743,       221427.9592,        0.09461305411,        -0.09937848126,        87601.9978,         309029.957,           288.2673086,            460.7806492,            99441.43324,             554449.6411
          0,           0,         154,      -5.617642362,      -3.269081468,      -3.031643774,      -3.187041776,     -0.1047855792,      -2.154616139,      0.6897192767,   -0.005113580528,   -0.005113580528,       1.358306619,       669.5781416,       396731.7914,       396731.7914,       3.851357848,       753737.0534,       36.18577216,       235.5826529,         385.7725509,        -0.2363895399,                4.011033794,       749.1529525,       749.1529525,       653995.9986,       653995.9986,       221285.6487,        0.09420397682,        -0.09931755735,       87723.07132,        309008.7201,            288.270881,            460.8820714,            99443.67157,             554552.3271
          0,           0,         155,      -5.618967933,      -3.269292329,      -3.044832264,      -3.201818289,    -0.09902367092,      -2.155598421,      0.6918959497,   -0.005462178633,   -0.005462178633,       1.356096155,       669.7498919,       396831.9871,       396831.9871,       3.851826269,       753844.5653,       35.45216116,       234.7887325,          385.936878,        -0.2366147812,                4.015347703,       749.2576147,       749.2576147,       654099.9643,       654099.9643,       221142.9827,        0.09379243857,         -0.0992546172,       87844.50222,        308987.4849,           288.2744706,            460.9831441,            99446.37986,             554653.5844
          0,           0,         156,      -5.664431622,      -3.270304472,      -3.090217868,      -3.219630642,     -0.1281734893,      -2.156536872,      0.6822674607,   -0.005811075086,   -0.005811075086,       1.353871776,       669.9221974,        396932.848,        396932.848,       3.852298707,       753952.3536,       34.71614636,       233.9881443,         386.1088587,        -0.2368533807,                 4.01983288,       749.3625562,       749.3625562,       654203.1609,       654203.1609,       221000.1159,        0.09337750889,        -0.09918858398,       87966.36603,        308966.4819,           288.2783899,            461.0841663,            99449.38729,             554753.7736
          0,           0,         157,      -5.632506042,      -3.269240994,      -3.045372258,      -3.187562971,      -0.108009154,      -2.157389001,      0.6840843096,   -0.006161681639,   -0.006161681639,       1.351644385,       670.0936786,       397032.6071,       397032.6071,       3.852762226,       754059.8544,       33.98153782,       233.1841013,          386.259552,        -0.2370734559,                4.024250681,       749.4672066,       749.4672066,       654305.6758,       654305.6758,       220857.1145,        0.09296017787,        -0.09912185951,        88087.7463,        308944.8608,           288.2817693,            461.1854373,            99452.10924,             554853.5666
          0,           0,         158,      -5.647512198,      -3.270879396,      -3.075434759,      -3.218748677,      -0.120142431,      -2.158402825,      0.6790547615,   -0.006511891775,   -0.006511891775,       1.349402271,        670.265779,       397132.8667,       397132.8667,        3.85322741,       754167.3141,       33.24504573,       232.3739319,         386.4315547,         -0.237311823,                4.028945123,       749.5718307,       749.5718307,       654405.4674,       654405.4674,       220714.1779,        0.09253962054,        -0.09905151232,        88209.3444,        308923.5223,           288.2857419,            461.2860888,            99455.04011,             554950.4273
          0,           0,         159,      -5.663641061,      -3.270681993,       -3.08107744,      -3.214165621,     -0.1232242087,      -2.159324306,      0.6836590284,    -0.00686278579,    -0.00686278579,        1.34715308,       670.4375227,         397233.78,         397233.78,       3.853695803,       754274.4014,       32.50871638,       231.5594886,         386.5904209,        -0.2375574778,                4.033657916,       749.6760896,       749.6760896,       654505.6018,       654505.6018,       220573.1093,        0.09211635882,        -0.09897914461,       88330.33536,        308903.4446,           288.2892618,            461.3868278,            99457.56589,             555048.0359
          0,           0,         160,      -5.642432285,      -3.270083044,      -3.061556952,      -3.200775048,     -0.1139057895,      -2.160322134,      0.6750251385,   -0.007212054262,   -0.007212054262,       1.344898532,        670.608916,       397334.4312,       397334.4312,       3.854161328,       754381.1853,       31.77285345,       230.7409949,          386.749355,        -0.2378209753,                4.038493373,        749.780051,        749.780051,         654603.95,         654603.95,       220432.3991,        0.09169098276,        -0.09890303702,       88451.01602,        308883.4151,           288.2928213,            461.4872297,            99460.10059,             555143.8494
          0,           0,         161,      -5.642738525,       -3.26910797,      -3.073409964,      -3.215780745,     -0.1205337515,      -2.161294371,      0.6616404789,   -0.007560060912,   -0.007560060912,       1.342643869,        670.778772,       397433.9764,       397433.9764,       3.854620158,        754486.663,       31.03895547,       229.9210969,         386.8978639,        -0.2380912944,                4.043340807,       749.8827205,       749.8827205,       654699.9529,       654699.9529,       220292.0554,         0.0912645642,        -0.09882462511,       88570.96052,        308863.0159,           288.2955251,            461.5871955,            99462.46592,              555237.487
          0,           0,         162,      -5.671824395,      -3.270147897,      -3.091560595,      -3.220694157,     -0.1361284041,      -2.162214197,      0.6740845251,   -0.007908470523,   -0.007908470523,        1.34038102,       670.9477597,       397532.3249,       397532.3249,         3.8550673,       754591.0229,       30.30559711,       229.0969401,         387.0554312,        -0.2383588282,                4.048361805,        749.984278,        749.984278,       654791.9791,       654791.9791,       220152.5125,        0.09083511785,        -0.09874358838,        88689.9062,        308842.4187,           288.2976365,            461.6866415,            99463.96529,             555328.0138
          0,           0,         163,      -5.620811303,      -3.267962487,      -3.046133072,      -3.191799235,    -0.09609713005,      -2.163122625,      0.6850708378,   -0.008261889685,   -0.008261889685,       1.338114923,       671.1162892,       397630.2707,       397630.2707,       3.855510455,       754694.6468,       29.56712292,       228.2709447,         387.2112238,        -0.2387545057,                4.053491369,       750.0851334,       750.0851334,       654880.9975,       654880.9975,       220013.8436,        0.09040460219,        -0.09866649188,       88808.21355,        308822.0571,           288.3001184,             461.785015,            99465.47855,             555415.5189
          0,           0,         164,      -5.643384655,      -3.267072663,      -3.083909426,      -3.223257664,     -0.1202651287,       -2.16409018,      0.6577518882,   -0.008614913058,   -0.008614913058,       1.335845936,       671.2837002,       397726.3753,       397726.3753,       3.855937893,       754797.1229,       28.83117425,       227.4429525,         387.3643541,        -0.2391355051,                4.058684011,        750.184848,        750.184848,       654965.2132,       654965.2132,       219875.3198,        0.08997222395,        -0.09858713701,       88925.52776,        308800.8476,           288.3021852,            461.8826629,            99466.43888,             555498.7743
          0,           0,         165,      -5.646138811,      -3.266994584,      -3.076550849,      -3.210946283,     -0.1240037455,       -2.16502599,      0.6700196802,   -0.008963024426,   -0.008963024426,       1.333583238,        671.450211,       397822.4436,       397822.4436,       3.856365809,       754899.1531,       28.10023022,       226.6154798,         387.5181854,         -0.239518211,                4.063980597,       750.2841229,       750.2841229,       655048.2948,       655048.2948,       219737.6845,        0.08954044371,        -0.09850346814,       89042.37958,         308780.064,           288.3041581,            461.9799649,            99467.96446,             555580.3304
          0,           0,         166,      -5.627318506,      -3.267737924,      -3.055173645,      -3.197472241,     -0.1031622327,      -2.166005666,      0.6811613234,    -0.00931381845,    -0.00931381845,       1.331324039,       671.6163785,       397918.0395,       397918.0395,       3.856785664,       755001.2187,       27.37937785,       225.7885343,         387.6680176,        -0.2397970933,                4.069306237,       750.3833989,       750.3833989,       655128.8942,       655128.8942,       219601.2813,        0.08910823582,        -0.09842205427,       89158.37913,        308759.6604,           288.3061184,            462.0772805,             99469.4223,             555659.4719
          0,           0,         167,      -5.628323899,      -3.267626009,      -3.067161775,      -3.211766785,     -0.1041074206,      -2.166983241,      0.6692045057,   -0.009660990607,   -0.009660990607,       1.329067139,       671.7820737,       398014.4671,       398014.4671,          3.857208,        755102.938,       26.66641055,       224.9610765,         387.8208367,        -0.2400326751,                4.074772843,       750.4823249,       750.4823249,        655208.974,        655208.974,       219467.9274,        0.08867564918,        -0.09833663979,       89273.26987,        308741.1973,           288.3077484,            462.1745765,            99470.61214,             555738.3619
          0,           0,         168,      -5.654930066,      -3.267943632,      -3.086417467,      -3.213606921,     -0.1277265859,      -2.167775369,      0.6625102075,     -0.0100065863,     -0.0100065863,       1.326826815,       671.9471543,       398109.7152,       398109.7152,       3.857618227,       755205.7958,       25.96774089,       224.1344916,         387.9682644,        -0.2401435622,                4.080299981,       750.5823414,       750.5823414,       655290.2367,       655290.2367,       219335.0901,        0.08824356344,        -0.09825014975,       89387.31258,        308722.4027,           288.3096909,            462.2726505,            99471.97774,              555818.259
          0,           0,         169,      -5.626420591,       -3.26701603,      -3.055185022,      -3.194883074,     -0.1040712534,      -2.168715711,      0.6705255054,    -0.01034777589,    -0.01034777589,       1.324600508,       672.1104353,       398203.0762,       398203.0762,       3.858017259,       755307.4087,       25.27521532,       223.3134207,         388.1132301,        -0.2402424216,                4.085808998,       750.6811275,       750.6811275,       655367.0403,       655367.0403,       219201.7399,        0.08781379109,        -0.09816156698,       89500.66815,         308702.408,           288.3116481,            462.3694794,              99474.086,             555892.9543
          0,           0,         170,      -5.635952977,      -3.267647022,      -3.072145132,      -3.213687945,     -0.1055879525,      -2.169581006,      0.6738553154,    -0.01068750275,    -0.01068750275,       1.322383276,       672.2730525,       398295.8249,       398295.8249,        3.85840825,       755409.1238,       24.58936605,       222.4928013,         388.2631393,        -0.2403260231,                4.091469458,       750.7800024,       750.7800024,       655442.9729,       655442.9729,       219069.9448,        0.08738430733,        -0.09807181008,       89612.94005,        308682.8848,           288.3136013,            462.4664011,            99476.05383,              555966.919
          0,           0,         171,      -5.642713125,       -3.26720575,      -3.076166275,      -3.209274524,     -0.1150636737,      -2.170496437,       0.663312462,    -0.01102215166,    -0.01102215166,       1.320177986,       672.4342379,       398386.9776,       398386.9776,       3.858786448,       755509.7905,       23.91202053,       221.6755886,         388.4066601,        -0.2403830883,                4.097151538,       750.8778328,       750.8778328,        655514.583,        655514.583,       218939.1419,         0.0869562337,        -0.09797838535,       89723.91786,        308663.0597,           288.3156281,            462.5622046,            99477.99662,             556036.5864
          0,           0,         172,      -5.628056467,      -3.266641658,      -3.059500887,      -3.196344118,     -0.1083658006,      -2.171401672,      0.6650989025,     -0.0113538961,     -0.0113538961,       1.317987832,       672.5933623,       398476.6397,       398476.6397,       3.859152752,       755609.0512,       23.25012111,       220.8624512,         388.5358693,        -0.2403242329,                4.102793194,       750.9742415,       750.9742415,       655582.3367,       655582.3367,       218810.1142,        0.08653016657,        -0.09788406267,       89833.26277,        308643.3769,           288.3167247,            462.6575168,            99479.61674,               556102.72
          0,           0,         173,      -5.626979448,      -3.265798203,      -3.064061467,      -3.207157503,     -0.1026644056,        -2.1723921,      0.6720103515,    -0.01168352795,    -0.01168352795,       1.315814167,       672.7505257,       398564.2924,       398564.2924,       3.859503313,       755707.2274,       22.59644348,       220.0534958,         388.6761603,        -0.2402430166,                4.108577982,       751.0695616,       751.0695616,       655647.1123,       655647.1123,       218682.2549,        0.08610582365,         -0.0977893516,       89941.01874,        308623.2736,           288.3173034,            462.7522582,             99480.9356,             556166.1767
          0,           0,         174,      -5.642126274,      -3.265998539,      -3.072561157,      -3.206828328,     -0.1100071733,      -2.173251022,      0.6752027814,    -0.01201021833,    -0.01201021833,       1.313656104,       672.9062306,       398650.5586,       398650.5586,       3.859841641,       755804.6249,       21.95069795,       219.2491795,         388.8119768,        -0.2401526604,                4.114385855,       751.1641039,       751.1641039,       655708.8242,       655708.8242,       218555.8757,        0.08568370027,        -0.09769391861,       90047.34148,        308603.2171,           288.3176358,            462.8464682,            99482.17958,             556226.6447
          0,           0,         175,      -5.626600106,      -3.265811648,      -3.059185853,      -3.194402197,     -0.1002474084,      -2.174164331,      0.6590977479,    -0.01233384868,    -0.01233384868,       1.311516229,        673.060329,        398735.107,        398735.107,       3.860163482,       755901.3157,       21.31315532,       218.4497377,         388.9452473,         -0.240056818,                4.120234758,       751.2579378,       751.2579378,       655767.7386,       655767.7386,       218431.5495,        0.08526361988,        -0.09759746856,       90151.77874,        308583.3283,            288.317572,            462.9403657,            99482.91854,             556284.8201
          0,           0,         176,      -5.629736695,       -3.26552982,      -3.067196968,      -3.205765887,     -0.1044378237,      -2.174963708,       0.665693388,    -0.01265257764,    -0.01265257764,       1.309396845,       673.2133493,       398819.4802,       398819.4802,       3.860481569,       755997.9574,       20.68451134,       217.6558486,         389.0772379,        -0.2399655947,                4.126148674,       751.3517187,       751.3517187,       655826.7326,       655826.7326,       218309.8883,        0.08484669171,        -0.09749926935,       90254.79595,        308564.6843,           288.3174286,            463.0342901,            99483.79713,             556342.9354
          0,           0,         177,      -5.640561253,      -3.266374817,      -3.073341939,      -3.206687283,     -0.1105933316,      -2.175861392,      0.6669406338,    -0.01296723508,    -0.01296723508,       1.307295246,       673.3649624,       398902.5059,       398902.5059,       3.860785018,       756093.7834,       20.06584971,       216.8675215,         389.2068694,        -0.2398564765,                4.132109516,       751.4446838,       751.4446838,       655882.0024,       655882.0024,        218190.724,        0.08443242352,         -0.0973996586,       90355.89095,         308546.615,           288.3169985,            463.1276853,            99484.21511,             556397.7873
          0,           0,         178,      -5.621999155,      -3.266232062,      -3.053663224,      -3.194015729,    -0.09507436899,       -2.17674799,      0.6771278604,    -0.01327845545,    -0.01327845545,       1.305212287,       673.5150125,       398983.6024,       398983.6024,       3.861071829,       756188.5822,       19.45549624,       216.0852118,         389.3334945,        -0.2397625046,                4.138115733,       751.5366302,       751.5366302,         655932.79,         655932.79,       218072.9498,        0.08402141842,        -0.09729987387,       90455.32631,        308528.2761,           288.3165832,             463.220047,            99484.50698,              556448.283
          0,           0,         179,      -5.629488926,      -3.267223048,      -3.068040093,       -3.20668367,     -0.1052210659,      -2.177651036,       0.662786446,     -0.0135828703,     -0.0135828703,       1.303152492,       673.6641501,       399064.8122,       399064.8122,       3.861354158,       756283.5626,       18.85493645,       215.3090992,         389.4600037,        -0.2396774973,                4.144205077,       751.6287464,       751.6287464,       655984.0218,       655984.0218,       217958.9734,        0.08361390893,        -0.09719677923,       90552.91938,        308511.8928,           288.3160128,            463.3127336,            99484.57462,             556499.4472
          0,           0,         180,      -5.637719044,      -3.267291908,      -3.065176537,      -3.198627419,     -0.1088640818,      -2.178437889,      0.6774354254,    -0.01388510871,    -0.01388510871,       1.301105693,       673.8119893,       399144.2783,       399144.2783,       3.861615731,       756377.5088,       18.26284298,        214.538075,          389.582587,        -0.2395640573,                4.150300243,       751.7198277,       751.7198277,       656030.7341,       656030.7341,       217848.5183,        0.08320771209,         -0.0970928208,       90647.87999,        308496.3983,           288.3150601,            463.4047675,            99483.15075,             556547.5833
          0,           0,         181,      -5.627504506,      -3.267572839,      -3.059493115,      -3.198371965,    -0.09689771056,      -2.179369981,       0.679785216,    -0.01418210455,    -0.01418210455,        1.29908599,        673.957986,       399223.1461,       399223.1461,       3.861870985,       756470.6373,        17.6817267,       213.7754951,          389.697352,         -0.239460607,                4.156391713,       751.8100947,       751.8100947,       656076.4039,       656076.4039,       217741.3053,        0.08280638971,        -0.09698849426,       90740.92041,        308482.2257,           288.3135071,            463.4965877,            99481.66395,               556594.74
          0,           0,         182,      -5.633046061,      -3.265951051,      -3.063774011,      -3.204476031,     -0.1016176926,      -2.180223199,       0.673129741,    -0.01447354002,    -0.01447354002,       1.297090342,       674.1024266,       399300.8146,       399300.8146,        3.86211471,       756563.0579,       17.11100235,       213.0208775,         389.8143846,        -0.2393507207,                  4.1625395,       751.8996512,       751.8996512,        656119.123,        656119.123,       217636.3283,        0.08240941367,         -0.0968829537,       90832.24316,        308468.5715,           288.3117393,            463.5879119,            99480.13805,             556638.9849
          0,           0,         183,      -5.630668434,      -3.264160658,      -3.057631251,      -3.199218677,     -0.1044021572,      -2.180728704,       0.672186742,    -0.01475844704,    -0.01475844704,       1.295125307,       674.2454832,       399377.8835,       399377.8835,       3.862351585,       756655.2851,       16.55166426,       212.2763153,         389.9267714,        -0.2392510366,                4.168682876,       751.9890137,       751.9890137,       656160.9976,       656160.9976,       217533.9654,        0.08201821645,        -0.09677666349,       90921.95906,        308455.9245,           288.3099495,            463.6790641,             99479.0058,             556681.9918
          0,           0,         184,         -5.632786,      -3.265346088,       -3.06532745,      -3.205266745,     -0.1062135931,      -2.181602689,      0.6798707279,    -0.01503961809,    -0.01503961809,       1.293178771,        674.387626,       399453.7431,       399453.7431,       3.862572538,       756746.8241,       16.00542255,       211.5392487,         390.0404743,        -0.2390952718,                4.174875604,       752.0776835,       752.0776835,       656198.0321,       656198.0321,        217434.655,        0.08163058916,        -0.09667020725,       91009.54408,         308444.199,           288.3083216,            463.7693619,            99477.24561,             556720.7865
          0,           0,         185,      -5.623550569,      -3.265050104,      -3.057942579,       -3.20104361,    -0.09079457067,      -2.182390107,      0.6874610552,    -0.01531560955,    -0.01531560955,       1.291256389,        674.528074,       399527.9924,       399527.9924,       3.862776568,       756837.2264,       15.47116435,       210.8110755,         390.1485251,        -0.2389186751,                4.181052034,       752.1652197,       752.1652197,       656230.4852,       656230.4852,       217338.2032,        0.08124754089,        -0.09656315044,       91094.89458,        308433.0978,           288.3061929,            463.8590267,            99474.95858,             556755.5266
          0,           0,         186,      -5.644003544,      -3.267804224,      -3.076070159,      -3.202598093,     -0.1082140199,      -2.183427375,       0.670545519,    -0.01558587438,    -0.01558587438,       1.289354341,       674.6672556,       399601.4553,       399601.4553,       3.862972095,       756926.1174,       14.95509223,       210.0925111,         390.2565696,        -0.2386369019,                4.187254392,       752.2512542,       752.2512542,       656255.9241,       656255.9241,       217244.1747,        0.08086995674,        -0.09645583112,       91178.64031,         308422.815,           288.3042407,            463.9470135,            99472.88503,             556783.0391
          0,           0,         187,      -5.636985868,      -3.266867485,      -3.066424006,      -3.200057342,     -0.1087334294,      -2.184304262,      0.6776787791,    -0.01585040844,    -0.01585040844,       1.287482985,       674.8047547,       399673.5379,       399673.5379,        3.86315477,       757014.2693,       14.45107147,       209.3845299,         390.3594009,        -0.2383592201,                4.193441128,       752.3365538,       752.3365538,       656278.5041,       656278.5041,       217152.5071,        0.08049843031,        -0.09634883875,       91260.51543,        308413.0225,           288.3021766,            464.0343771,            99470.89216,              556807.612
          0,           0,         188,      -5.643079931,      -3.269378765,      -3.073888568,      -3.209725808,     -0.1080240017,      -2.185455009,      0.6845446076,    -0.01611010754,    -0.01611010754,       1.285638009,       674.9409717,       399743.6741,       399743.6741,       3.863318266,       757101.7374,        13.9611354,       208.6861566,          390.460116,         -0.238040755,                4.199642133,       752.4211753,       752.4211753,       656296.0825,       656296.0825,        217062.829,        0.08013223374,        -0.09624234128,       91340.42252,        308403.2516,           288.3003046,            464.1208706,            99468.68007,             556827.4024
          0,           0,         189,      -5.645929971,      -3.269052656,      -3.072409898,      -3.198269341,     -0.1016447446,      -2.186453224,       0.680890234,    -0.01636207154,    -0.01636207154,         1.2838276,       675.0757309,       399813.4555,       399813.4555,       3.863477061,       757188.8034,       13.48501131,        207.999771,         390.5553134,        -0.2377221757,                4.205820502,       752.5053889,       752.5053889,       656312.3062,       656312.3062,       216976.1257,        0.07977330765,        -0.09613537919,       91418.66486,        308394.7906,           288.2984083,            464.2069806,             99466.9355,             556845.3707
          0,           0,         190,      -5.646974591,      -3.269043526,      -3.079968442,      -3.213211999,      -0.118868174,      -2.187219304,      0.6646761884,      -0.016610907,      -0.016610907,       1.282043835,       675.2091675,       399881.9255,       399881.9255,       3.863619718,       757275.7314,       13.01950656,       207.3216359,         390.6542869,        -0.2373828581,                4.212056562,       752.5894542,       752.5894542,       656328.1076,       656328.1076,       216893.0158,        0.07941839989,        -0.09602930689,       91494.45486,        308387.4706,           288.2961998,            464.2932544,            99464.15942,             556863.9481
          0,           0,         191,      -5.651017491,      -3.268349989,      -3.082277622,       -3.21330912,     -0.1168718785,      -2.188194976,      0.6824954351,    -0.01685381826,    -0.01685381826,       1.280294376,       675.3406793,       399948.4205,       399948.4205,       3.863743088,       757362.3149,       12.57066053,       206.6540264,         390.7491786,        -0.2369517964,                4.218254999,       752.6731551,       752.6731551,       656342.9862,       656342.9862,       216812.7463,        0.07906883844,         -0.0959226567,       91567.83708,        308380.5834,           288.2934127,            464.3797424,            99460.68685,             556882.2993
          0,           0,         192,      -5.640298073,      -3.269476377,      -3.067005048,      -3.198498284,    -0.09923542722,      -2.189149171,       0.688923263,     -0.0170909167,     -0.0170909167,       1.278574682,         675.47023,       400013.3455,       400013.3455,       3.863850848,       757447.5611,       12.13655497,       205.9981202,         390.8270789,        -0.2364801011,                4.224306067,       752.7555181,       752.7555181,       656353.7809,       656353.7809,       216735.7677,        0.07872560037,        -0.09581651706,        91638.7889,        308374.5566,           288.2899961,             464.465522,            99456.60406,             556897.1769
          0,           0,         193,      -5.642557076,      -3.270107118,       -3.07688405,      -3.207991182,     -0.1061647913,      -2.190181389,      0.6753795948,    -0.01732158824,    -0.01732158824,       1.276894814,       675.5976618,       400076.5229,       400076.5229,       3.863947759,       757532.0928,       11.71475876,       205.3558008,         390.9145707,          -0.23602361,                 4.23041976,       752.8371676,       752.8371676,       656362.5215,       656362.5215,       216659.8285,         0.0783904322,        -0.09571202044,       91708.34718,        308368.1757,           288.2866832,            464.5504844,            99453.29657,             556909.2249
          0,           0,         194,      -5.650729426,      -3.269785677,      -3.086913517,       -3.21951372,     -0.1276142606,      -2.191223102,      0.6749010394,    -0.01754578407,    -0.01754578407,       1.275245931,       675.7239606,       400138.5106,       400138.5106,       3.864031042,       757616.3201,       11.30554492,       204.7251035,         390.9963468,        -0.2355516301,                4.236476535,       752.9185134,       752.9185134,       656368.4887,       656368.4887,       216586.4919,        0.07806173598,        -0.09560752005,       91776.00936,        308362.5013,           288.2835548,            464.6349586,            99449.89109,             556918.5976
          0,           0,         195,      -5.638102574,      -3.267181639,      -3.062434824,      -3.199567267,      -0.107027414,      -2.191868252,      0.6887358842,    -0.01776294928,    -0.01776294928,       1.273629174,       675.8480147,       400198.9186,       400198.9186,       3.864100566,       757699.1245,       10.90957844,       204.1061287,         391.0708658,         -0.235058143,                4.242464529,       752.9984416,       752.9984416,       656371.4508,       656371.4508,        216516.366,        0.07773946073,        -0.09550241001,       91841.27632,        308357.6423,           288.2797054,            464.7187362,            99445.87084,               556925.58
          0,           0,         196,      -5.627326859,      -3.267607374,       -3.06558635,      -3.207280889,    -0.09638190344,       -2.19267873,      0.6787418833,    -0.01797411404,    -0.01797411404,       1.272038149,       675.9719812,       400259.2676,       400259.2676,       3.864162173,       757782.2523,       10.52595729,       203.4967567,         391.1576384,        -0.2345559004,                 4.24860279,       753.0786964,       753.0786964,       656371.8993,       656371.8993,         216449.42,         0.0774231528,        -0.09539726685,       91904.92378,        308354.3438,             288.27656,            464.8021364,            99441.89619,             556930.0031
          0,           0,         197,      -5.656529365,      -3.267960354,      -3.106162049,      -3.232742784,     -0.1319891406,      -2.193523586,      0.6668764448,    -0.01817959962,    -0.01817959962,       1.270482283,       676.0935277,       400317.5344,       400317.5344,       3.864206946,       757863.9012,       10.15527294,       202.9006768,         391.2196258,        -0.2340445218,                4.254489164,       753.1574774,       753.1574774,        656368.865,        656368.865,       216385.0739,        0.07711408262,        -0.09529368224,       91966.23026,        308351.3041,           288.2726995,             464.884778,            99437.45873,             556931.4063
          0,           0,         198,      -5.637225032,      -3.268555904,      -3.068549025,      -3.194581715,     -0.1073670255,      -2.194271317,      0.6867694598,    -0.01838508703,    -0.01838508703,       1.268956258,       676.2137064,       400374.4445,       400374.4445,       3.864239909,       757944.6906,        9.78669674,       202.3154652,         391.2907596,        -0.2337009302,                4.260496748,       753.2354382,       753.2354382,       656362.2624,       656362.2624,       216322.5825,        0.07681208304,        -0.09519717008,       92025.93097,        308348.5135,            288.269086,            464.9663522,             99433.2122,             556929.0502
          0,           0,         199,      -5.628017254,      -3.269655878,      -3.069574523,      -3.203728112,    -0.09470234047,      -2.195362442,      0.6841871461,    -0.01858150849,    -0.01858150849,       1.267466343,       676.3323487,       400430.1262,       400430.1262,       3.864262941,       758024.7712,       9.433485319,       201.7442298,          391.357861,        -0.2333178229,                4.266425457,       753.3126967,       753.3126967,       656352.0613,       656352.0613,       216261.6061,        0.07651830491,         -0.0950998134,       92084.26006,        308345.8662,           288.2656013,            465.0470954,            99429.60963,             556922.4517
