"Time_Iter","Outer_Iter","Inner_Iter",    "rms[Rho]"    ,    "rms[RhoU]"   ,    "rms[RhoV]"   ,    "rms[RhoW]"   ,    "rms[RhoE]"   ,  "Avg_Massflow"  ,  "Avg_Massflow"  ,    "Avg_Mach"    ,    "Avg_Temp"    ,    "Avg_Press"   ,    "Avg_Press"   ,   "Avg_Density"  ,  "Avg_Enthalpy"  ,  "Avg_NormalVel" ,   "Uniformity"   ,"Secondary_Strength","Momentum_Distortion","Secondary_Over_Uniformity",  "Avg_TotalTemp" ,  "Avg_TotalTemp" , "Avg_TotalPress" , "Avg_TotalPress" ,"Avg_Massflow(HUB)", "Avg_Press(HUB)" ,"Avg_TotalTemp(HUB)","Avg_TotalPress(HUB)"
          0,           0,           0,      -6.173301283,      -15.75920312,       -3.21084716,      -3.183636456,     -0.6614864443,  -3.733696333e-06,  -3.733696333e-06,     0.09276345552,       288.0131805,       91423.21074,       91423.21074,       1.105794567,       289865.7117,     -0.1404027514,      0.2988472703,         29.62054126,          3.530512674,                99.11598399,       288.5088545,       288.5088545,       91975.08791,       91975.08791,   -3.733696333e-06,       91423.21074,         288.5088545,          91975.08791
          0,           0,           1,      -6.188800337,      -5.730052017,      -3.299406456,      -3.268160262,     -0.6984488118,  -6.421022626e-06,  -6.421022626e-06,     0.09729785605,       287.9201014,       91374.65853,       91374.65853,       1.105564604,        289821.894,     -0.2415078775,      0.3146196097,         29.85614151,         0.6971060189,                 94.8959969,        288.465242,        288.465242,       91981.61558,       91981.61558,   -6.421022626e-06,       91374.65853,          288.465242,          91981.61558
          0,           0,           2,       -6.13727823,      -5.585356691,      -3.382064539,      -3.337360762,     -0.6600931798,   -8.39613983e-06,   -8.39613983e-06,      0.1006173545,       287.8601407,       91365.43403,       91365.43403,       1.105683258,       289799.5388,     -0.3157623214,      0.3265124683,         30.09956016,        0.06924918436,                92.18502534,       288.4429914,       288.4429914,       92014.55356,       92014.55356,    -8.39613983e-06,       91365.43403,         288.4429914,          92014.55356
          0,           0,           3,      -6.092600168,      -5.567909337,      -3.440263894,      -3.388805315,     -0.6215401761,  -9.753745648e-06,  -9.753745648e-06,      0.1028903948,       287.8274481,       91387.36563,       91387.36563,       1.106074287,         289793.38,     -0.3666898882,      0.3348104502,          30.3470706,        -0.1663185438,                90.63955616,       288.4368614,       288.4368614,       92066.38639,       92066.38639,   -9.753745648e-06,       91387.36563,         288.4368614,          92066.38639
          0,           0,           4,      -6.065749358,      -5.522981617,       -3.48704123,      -3.419001899,     -0.5990956407,   -1.06211361e-05,   -1.06211361e-05,       0.104354407,       287.7949585,       91410.24205,       91410.24205,       1.106476061,       289778.2148,     -0.3991549108,      0.3401992475,         30.59501016,        -0.2735867729,                 89.9326215,       288.4217672,       288.4217672,       92108.95167,       92108.95167,    -1.06211361e-05,       91410.24205,         288.4217672,          92108.95167
          0,           0,           5,      -6.058889323,      -5.468593903,      -3.519723662,      -3.434491946,     -0.5944265846,  -1.118402182e-05,  -1.118402182e-05,      0.1053074384,       287.7590369,       91429.79393,       91429.79393,        1.10685088,       289753.5996,     -0.4201673574,      0.3437184992,         30.84213786,        -0.3307918905,                89.73080568,       288.3972672,       288.3972672,       92141.51196,       92141.51196,   -1.118402182e-05,       91429.79393,         288.3972672,          92141.51196
          0,           0,           6,       -6.06333667,       -5.43274558,      -3.537467083,      -3.441734598,     -0.5996652802,  -1.156733207e-05,  -1.156733207e-05,      0.1059601177,       287.7180119,       91443.85321,       91443.85321,        1.10717893,       289720.2624,     -0.4344395274,      0.3461258736,         31.08776229,        -0.3652401271,                 89.8163491,       288.3640861,       288.3640861,       92164.55663,       92164.55663,   -1.156733207e-05,       91443.85321,         288.3640861,          92164.55663
          0,           0,           7,      -6.077393074,      -5.408131607,      -3.545927329,      -3.443439709,     -0.6142631748,  -1.186751455e-05,  -1.186751455e-05,      0.1064743002,       287.6717641,        91452.1196,        91452.1196,        1.10745703,       289680.0068,     -0.4456015961,      0.3480174477,         31.33157151,        -0.3900298819,                90.02873769,       288.3240189,       288.3240189,        92179.9202,        92179.9202,   -1.186751455e-05,        91452.1196,         288.3240189,           92179.9202
          0,           0,           8,      -6.099887588,      -5.395306785,      -3.546998269,      -3.441998288,     -0.6371852853,  -1.216633886e-05,  -1.216633886e-05,      0.1069885821,       287.6197477,       91453.91821,       91453.91821,       1.107679099,       289633.9718,      -0.456729629,      0.3499095072,         31.57346427,        -0.4130608036,                90.23322779,       288.2781994,       288.2781994,       92188.80093,       92188.80093,   -1.216633886e-05,       91453.91821,         288.2781994,          92188.80093
          0,           0,           9,       -6.12727256,      -5.394930307,      -3.543627723,      -3.441161609,     -0.6649118329,  -1.254456974e-05,  -1.254456974e-05,      0.1076440628,       287.5571965,       91444.11004,       91444.11004,       1.107801227,       289579.1116,      -0.470876005,      0.3523284826,         31.81332443,        -0.4401362012,                90.29450075,        288.223596,        288.223596,       92187.97124,       92187.97124,   -1.254456974e-05,       91444.11004,          288.223596,          92187.97124
          0,           0,          10,      -6.157487728,      -5.405070497,      -3.538432726,      -3.440072062,     -0.6950992828,  -1.297727755e-05,  -1.297727755e-05,       0.108384958,       287.4937031,        91433.0811,        91433.0811,       1.107912247,       289524.4178,       -0.48706895,      0.3550809847,         32.05196525,        -0.4685358901,                90.26663388,       288.1691583,       288.1691583,       92187.15634,       92187.15634,   -1.297727755e-05,        91433.0811,         288.1691583,          92187.15634
          0,           0,          11,      -6.188539368,      -5.415998024,      -3.533983409,      -3.441826783,     -0.7257663062,  -1.343121028e-05,  -1.343121028e-05,      0.1091547427,       287.4360119,       91428.07216,       91428.07216,       1.108073909,       289475.9911,     -0.5040322254,      0.3579592323,         32.29005113,        -0.4956285121,                90.20594587,       288.1209582,       288.1209582,       92192.88678,       92192.88678,   -1.343121028e-05,       91428.07216,         288.1209582,          92192.88678
          0,           0,          12,      -6.211867082,      -5.406952405,      -3.529455908,      -3.445495047,     -0.7485901808,  -1.390930065e-05,  -1.390930065e-05,      0.1099653451,       287.3822679,       91426.88171,       91426.88171,       1.108266702,       289432.1224,     -0.5218823966,      0.3610043137,         32.52768349,        -0.5215027056,                90.10330973,       288.0772949,       288.0772949,       92203.12206,       92203.12206,   -1.390930065e-05,       91426.88171,         288.0772949,          92203.12206
          0,           0,          13,      -6.236528708,      -5.394970747,      -3.524784068,      -3.450021288,     -0.7721944458,  -1.441450739e-05,  -1.441450739e-05,       0.110822548,       287.3304851,       91427.20783,       91427.20783,       1.108470388,       289390.8974,     -0.5407383806,      0.3642381988,         32.76497978,        -0.5462709486,                89.95481497,       288.0362629,       288.0362629,        92215.6373,        92215.6373,   -1.441450739e-05,       91427.20783,         288.0362629,           92215.6373
          0,           0,          14,      -6.266819047,      -5.378664861,      -3.524326357,      -3.457846172,     -0.8015083883,  -1.494516144e-05,  -1.494516144e-05,      0.1117235218,       287.2793609,       91427.52332,       91427.52332,       1.108671477,       289350.9812,     -0.5605432775,      0.3676509928,         33.00204749,        -0.5698170544,                89.76460866,       287.9965335,       287.9965335,       92228.86745,       92228.86745,   -1.494516144e-05,       91427.52332,         287.9965335,          92228.86745
          0,           0,          15,      -6.299241289,      -5.361060376,      -3.528539932,      -3.466181241,     -0.8332627411,  -1.549793478e-05,  -1.549793478e-05,      0.1126602161,        287.228898,       91428.94335,       91428.94335,       1.108883481,       289312.2851,        -0.5811648,      0.3712146604,         33.23913775,        -0.5920080118,                 89.5415545,       287.9580185,       287.9580185,       92243.83624,       92243.83624,   -1.549793478e-05,       91428.94335,         287.9580185,          92243.83624
          0,           0,          16,      -6.324062006,      -5.345850609,      -3.536861958,      -3.474364926,     -0.8577522033,  -1.606377336e-05,  -1.606377336e-05,      0.1136197716,       287.1781199,       91430.18399,       91430.18399,         1.1090946,       289273.6682,     -0.6022687912,      0.3748784828,         33.47629898,        -0.6125636998,                89.29906761,       287.9195824,       287.9195824,        92259.0735,        92259.0735,   -1.606377336e-05,       91430.18399,         287.9195824,           92259.0735
          0,           0,          17,      -6.340063443,      -5.335356466,      -3.547254922,      -3.482346149,     -0.8733242328,  -1.663630082e-05,  -1.663630082e-05,      0.1145907846,       287.1268901,       91431.00346,       91431.00346,       1.109302429,       289234.8496,     -0.6236173367,      0.3785991693,         33.71355631,         -0.631427479,                89.04815182,       287.8809456,       287.8809456,        92274.1754,        92274.1754,   -1.663630082e-05,       91431.00346,         287.8809456,           92274.1754
          0,           0,          18,      -6.350506355,      -5.333100382,      -3.558898597,      -3.490097096,     -0.8833558763,  -1.722175248e-05,  -1.722175248e-05,        0.11558215,        287.076448,       91432.73947,       91432.73947,       1.109518411,       289197.2001,     -0.6454375218,      0.3824132051,         33.95110627,        -0.6489594043,                88.78120793,       287.8434723,       287.8434723,       92290.62886,       92290.62886,   -1.722175248e-05,       91432.73947,         287.8434723,          92290.62886
          0,           0,          19,      -6.360269356,      -5.340043464,       -3.57082765,       -3.49693665,     -0.8924653832,  -1.780985846e-05,  -1.780985846e-05,      0.1165785053,        287.025966,       91434.40046,       91434.40046,       1.109733711,       289159.6863,     -0.6673490833,      0.3862591405,         34.18884929,        -0.6649949121,                88.51272555,       287.8061341,       287.8061341,       92307.21046,       92307.21046,   -1.780985846e-05,       91434.40046,         287.8061341,          92307.21046
          0,           0,          20,      -6.373235703,      -5.353836486,       -3.58246764,      -3.502386796,     -0.9043212728,  -1.839437943e-05,  -1.839437943e-05,      0.1175701614,       286.9742665,       91434.61664,       91434.61664,       1.109936259,       289120.9919,     -0.6891257569,      0.3900975917,         34.42664941,         -0.679557897,                88.25137644,       287.7676208,       287.7676208,       92322.39222,       92322.39222,   -1.839437943e-05,       91434.61664,         287.7676208,          92322.39222
          0,           0,          21,      -6.391378798,      -5.371541941,      -3.593650455,       -3.50652277,      -0.921161686,   -1.89769489e-05,   -1.89769489e-05,      0.1185585741,       286.9217082,       91433.75277,       91433.75277,       1.110129088,       289081.4966,     -0.7108276088,      0.3939348976,         34.66451003,        -0.6928713466,                87.99552983,       287.7283104,       287.7283104,       92336.56227,       92336.56227,    -1.89769489e-05,       91433.75277,         287.7283104,          92336.56227
          0,           0,          22,      -6.418954555,      -5.388236492,      -3.604246625,       -3.50809119,     -0.9469166662,  -1.955916808e-05,  -1.955916808e-05,      0.1195463017,       286.8686534,       91432.17965,       91432.17965,       1.110315297,       289041.5991,     -0.7325131732,      0.3977809414,         34.90226414,        -0.7051120245,                 87.7424243,       287.6885996,       287.6885996,       92350.13281,       92350.13281,   -1.955916808e-05,       91432.17965,         287.6885996,          92350.13281
          0,           0,          23,      -6.450211101,      -5.397845649,      -3.614788743,      -3.508920333,     -0.9759108575,  -2.014427916e-05,  -2.014427916e-05,      0.1205387972,        286.815346,       91430.14497,       91430.14497,       1.110496947,       289001.6209,     -0.7543028524,      0.4016570389,         35.13988384,        -0.7164567816,                  87.487285,       287.6488086,       287.6488086,       92363.43823,       92363.43823,   -2.014427916e-05,       91430.14497,         287.6488086,          92363.43823
          0,           0,          24,      -6.481652919,       -5.39514928,      -3.624766535,       -3.50909846,      -1.004628443,  -2.073359358e-05,  -2.073359358e-05,      0.1215385418,       286.7617368,       91427.56782,       91427.56782,       1.110673244,       288961.5485,     -0.7762465204,       0.405572612,         35.37734936,        -0.7270155515,                87.22815179,       287.6089238,       287.6089238,       92376.43731,       92376.43731,   -2.073359358e-05,       91427.56782,         287.6089238,          92376.43731
          0,           0,          25,      -6.514749537,       -5.38123246,       -3.63458082,      -3.509468174,      -1.034650404,  -2.132657831e-05,  -2.132657831e-05,      0.1225446347,       286.7078223,       91424.41417,       91424.41417,       1.110843784,       288921.3681,     -0.7983247519,      0.4095239907,         35.61459203,        -0.7368523427,                86.96582577,       287.5689314,       287.5689314,       92389.08402,       92389.08402,   -2.132657831e-05,       91424.41417,         287.5689314,          92389.08402
          0,           0,          26,      -6.553884828,      -5.354318422,      -3.640017657,      -3.512643619,      -1.068991017,  -2.192477947e-05,  -2.192477947e-05,       0.123559077,       286.6541291,       91421.20442,       91421.20442,        1.11101285,       288881.6407,     -0.8205925326,      0.4135198083,          35.8516295,        -0.7460562583,                86.69869927,         287.52939,         287.52939,       92401.93847,       92401.93847,   -2.192477947e-05,       91421.20442,           287.52939,          92401.93847
          0,           0,          27,      -6.581998161,      -5.339310017,      -3.645937638,      -3.516468147,      -1.092228448,  -2.252730218e-05,  -2.252730218e-05,      0.1245800544,       286.6012082,       91418.49697,       91418.49697,       1.111185089,       288842.8987,     -0.8430128487,      0.4175532712,         36.08848781,        -0.7546673257,                86.42846385,       287.4908293,       287.4908293,       92415.53931,       92415.53931,   -2.252730218e-05,       91418.49697,         287.4908293,          92415.53931
          0,           0,          28,      -6.590083294,      -5.323814275,      -3.651621435,      -3.521160722,      -1.097450422,  -2.313212352e-05,  -2.313212352e-05,      0.1256042906,       286.5492915,       91416.48521,       91416.48521,       1.111361955,       288805.3305,     -0.8655086082,      0.4216111221,         36.32519485,        -0.7627089628,                86.15805643,       287.4534369,       287.4534369,        92430.0319,        92430.0319,   -2.313212352e-05,       91416.48521,         287.4534369,           92430.0319
          0,           0,          29,      -6.577255184,      -5.318181526,      -3.658784199,      -3.526708867,      -1.084349534,  -2.373467837e-05,  -2.373467837e-05,       0.126624222,       286.4984312,       91415.15184,       91415.15184,       1.111543036,       288768.8797,      -0.887909042,      0.4256626632,         36.56170415,        -0.7701766459,                85.89361321,       287.4171568,       287.4171568,       92445.27692,       92445.27692,   -2.373467837e-05,       91415.15184,         287.4171568,          92445.27692
          0,           0,          30,      -6.549274535,      -5.317538417,      -3.667110232,      -3.533050321,      -1.058023767,  -2.433002311e-05,  -2.433002311e-05,      0.1276315218,       286.4486727,       91414.46663,       91414.46663,       1.111727787,       288733.4685,     -0.9100294796,       0.429673948,         36.79796869,        -0.7770707153,                   85.64161,       287.3819114,       287.3819114,       92461.10536,       92461.10536,   -2.433002311e-05,       91414.46663,         287.3819114,          92461.10536
          0,           0,          31,      -6.516823507,      -5.322234798,      -3.676441881,      -3.539439818,      -1.027718554,  -2.491362146e-05,  -2.491362146e-05,      0.1286185357,        286.400043,       91414.40242,       91414.40242,       1.111915773,       288699.0065,     -0.9317005681,      0.4336134558,         37.03394876,        -0.7834028286,                  85.407748,       287.3476106,       287.3476106,        92477.3581,        92477.3581,   -2.491362146e-05,       91414.40242,         287.3476106,           92477.3581
          0,           0,          32,      -6.485306758,      -5.334526492,      -3.686580892,      -3.545347765,      -0.998309939,  -2.548194992e-05,  -2.548194992e-05,      0.1295793631,       286.3525598,       91414.90629,       91414.90629,       1.112106282,       288665.4167,     -0.9527912196,      0.4374564933,         37.26959969,        -0.7891982354,                85.19612867,       287.3141782,       287.3141782,       92493.87542,       92493.87542,   -2.548194992e-05,       91414.90629,         287.3141782,          92493.87542
          0,           0,          33,      -6.458310824,      -5.354637043,      -3.697172205,      -3.551126853,     -0.9728978464,  -2.603279079e-05,  -2.603279079e-05,      0.1305103075,       286.3062221,       91415.90778,       91415.90778,       1.112298458,       288632.6346,     -0.9732194379,      0.4411871565,         37.50489729,        -0.7944941575,                85.00904148,       287.2815494,       287.2815494,       92510.51419,       92510.51419,   -2.603279079e-05,       91415.90778,         287.2815494,          92510.51419
          0,           0,          34,      -6.438550181,      -5.381797954,      -3.707896696,      -3.556381455,     -0.9540035938,  -2.656552409e-05,  -2.656552409e-05,       0.131410337,       286.2610309,       91417.35081,       91417.35081,       1.112491614,       288600.6361,      -0.992962918,      0.4448003465,         37.73980096,         -0.799338445,                84.84660872,       287.2497007,       287.2497007,       92527.18947,       92527.18947,   -2.656552409e-05,       91417.35081,         287.2497007,          92527.18947
          0,           0,          35,      -6.426270473,      -5.414056759,       -3.71847413,      -3.560871104,     -0.9419752613,  -2.708072927e-05,  -2.708072927e-05,      0.1322805223,       286.2169338,       91419.12496,       91419.12496,       1.112684608,       288569.3754,       -1.01204465,      0.4482994632,         37.97425705,        -0.8037827924,                84.70734446,       287.2185864,       287.2185864,       92543.79705,       92543.79705,   -2.708072927e-05,       91419.12496,         287.2185864,          92543.79705
          0,           0,          36,      -6.421387043,      -5.448977221,      -3.728904477,      -3.564415236,     -0.9367747097,  -2.758063867e-05,  -2.758063867e-05,      0.1331245079,       286.1739868,       91421.25952,       91421.25952,       1.112877576,       288538.9562,      -1.030548262,      0.4516987421,         38.20824123,        -0.8078850812,                84.58788497,       287.1883096,       287.1883096,       92560.41915,       92560.41915,   -2.758063867e-05,       91421.25952,         287.1883096,          92560.41915
          0,           0,          37,       -6.42345314,      -5.483151919,      -3.738959961,      -3.566932493,     -0.9379544728,  -2.806803926e-05,  -2.806803926e-05,       0.133946923,       286.1322654,       91423.81941,       91423.81941,       1.113071013,       288509.5185,      -1.048577704,      0.4550165416,         38.44175486,        -0.8116987806,                84.48430188,       287.1590097,       287.1590097,       92577.19307,       92577.19307,   -2.806803926e-05,       91423.81941,         287.1590097,          92577.19307
          0,           0,          38,      -6.431578981,      -5.512353205,      -3.748823036,      -3.568649232,     -0.9445700935,  -2.854579806e-05,  -2.854579806e-05,      0.1347525802,       286.0918211,       91426.84937,       91426.84937,        1.11326526,       288481.1832,       -1.06623996,      0.4582720689,         38.67482033,        -0.8152702395,                84.39270677,        287.130807,        287.130807,       92594.24107,       92594.24107,   -2.854579806e-05,       91426.84937,          287.130807,          92594.24107
          0,           0,          39,      -6.443880728,        -5.5324895,      -3.757187799,      -3.568899886,     -0.9544177881,  -2.901644104e-05,  -2.901644104e-05,      0.1355457542,       286.0526685,       91430.35352,       91430.35352,       1.113460309,       288454.0268,      -1.083629523,       0.461482424,         38.90747067,        -0.8186370075,                84.30975623,       287.1037777,       287.1037777,       92611.63708,       92611.63708,   -2.901644104e-05,       91430.35352,         287.1037777,          92611.63708
          0,           0,          40,      -6.462170977,      -5.540298958,      -3.766690028,      -3.569184721,     -0.9700757381,  -2.948219515e-05,  -2.948219515e-05,      0.1363302337,       286.0147859,       91434.29948,       91434.29948,       1.113655848,       288428.0839,      -1.100829959,      0.4646628022,         39.13973256,        -0.8218296908,                84.23254967,       287.0779563,       287.0779563,       92629.41134,       92629.41134,   -2.948219515e-05,       91434.29948,         287.0779563,          92629.41134
          0,           0,          41,      -6.484865921,      -5.541444507,      -3.776251106,      -3.568926849,     -0.9894147677,  -2.994486764e-05,  -2.994486764e-05,      0.1371090968,       285.9781397,       91438.63941,       91438.63941,       1.113851422,       288403.3668,       -1.11790927,       0.467825581,         39.37163421,        -0.8248723112,                84.15878869,       287.0533549,       287.0533549,       92647.56745,       92647.56745,   -2.994486764e-05,       91438.63941,         287.0533549,          92647.56745
          0,           0,          42,      -6.514579884,        -5.5372571,      -3.785967797,       -3.56724434,      -1.014485187,  -3.040589865e-05,  -3.040589865e-05,      0.1378848569,       285.9426519,       91443.27609,       91443.27609,       1.114046149,       288379.8354,      -1.134922174,      0.4709808221,         39.60320439,        -0.8277836881,                84.08666029,       287.0299336,       287.0299336,       92666.05016,       92666.05016,   -3.040589865e-05,       91443.27609,         287.0299336,          92666.05016
          0,           0,          43,       -6.54732241,      -5.529807629,      -3.795595522,      -3.565114351,      -1.041547949,  -3.086634132e-05,  -3.086634132e-05,      0.1386593688,       285.9082281,       91448.09375,       91448.09375,       1.114238981,       288357.4234,       -1.15190913,      0.4741359384,         39.83447259,        -0.8305781932,                 84.0148771,       287.0076265,       287.0076265,       92684.77456,       92684.77456,   -3.086634132e-05,       91448.09375,         287.0076265,          92684.77456
          0,           0,          44,      -6.585262872,      -5.521750185,      -3.805101022,      -3.562997091,      -1.071958202,  -3.132687705e-05,  -3.132687705e-05,      0.1394338746,       285.8747594,       91452.95913,       91452.95913,       1.114428719,       288336.0405,      -1.168896927,      0.4772958419,         40.06546561,        -0.8332664995,                83.94262447,       286.9863438,       286.9863438,       92703.62772,       92703.62772,   -3.132687705e-05,       91452.95913,         286.9863438,          92703.62772
          0,           0,          45,        -6.6279013,      -5.513677234,      -3.814325338,      -3.561107887,      -1.104647037,  -3.178781878e-05,  -3.178781878e-05,      0.1402090222,       285.8421138,       91457.71277,       91457.71277,        1.11461393,       288315.5642,      -1.185898904,      0.4804629854,         40.29620553,        -0.8358561802,                83.86953158,       286.9659632,       286.9659632,       92722.45977,       92722.45977,   -3.178781878e-05,       91457.71277,         286.9659632,          92722.45977
          0,           0,          46,      -6.675280125,       -5.50615704,      -3.822881978,      -3.559617926,      -1.138727306,  -3.224920916e-05,  -3.224920916e-05,      0.1409849991,       285.8101539,       91462.18939,       91462.18939,       1.114793133,       288295.8591,      -1.202918454,      0.4836379393,         40.52670916,        -0.8383527393,                83.79555422,       286.9463504,       286.9463504,       92741.10671,       92741.10671,   -3.224920916e-05,       91462.18939,         286.9463504,          92741.10671
          0,           0,          47,      -6.726510468,      -5.498535152,      -3.830654815,      -3.558567565,       -1.17244322,  -3.271089095e-05,  -3.271089095e-05,      0.1417616488,       285.7787483,       91466.23004,       91466.23004,       1.114964897,       288276.7906,      -1.219951541,      0.4868198664,         40.75698849,        -0.8407602724,                 83.7208818,       286.9273712,       286.9273712,       92759.40466,       92759.40466,   -3.271089095e-05,       91466.23004,         286.9273712,          92759.40466
          0,           0,          48,      -6.778247053,      -5.490215704,      -3.837624715,       -3.55804744,      -1.202604374,  -3.317262005e-05,  -3.317262005e-05,      0.1425386461,       285.7477861,       91469.69942,       91469.69942,       1.115128006,       288258.2414,       -1.23699075,      0.4900072593,         40.98705169,        -0.8430822313,                83.64580508,       286.9089088,       286.9089088,       92777.21043,       92777.21043,   -3.317262005e-05,       91469.69942,         286.9089088,          92777.21043
          0,           0,          49,      -6.822475184,      -5.480498305,      -3.843804373,      -3.558202532,      -1.224532198,  -3.363404845e-05,  -3.363404845e-05,      0.1433154872,        285.717171,       91472.48004,       91472.48004,       1.115281396,       288240.1066,      -1.254024693,      0.4931978736,         41.21690254,        -0.8453214065,                83.57072231,       286.8908588,       286.8908588,       92794.39534,       92794.39534,   -3.363404845e-05,       91472.48004,         286.8908588,          92794.39534
          0,           0,          50,      -6.847883816,      -5.469528216,      -3.849428568,      -3.559106927,      -1.233835071,  -3.409466275e-05,  -3.409466275e-05,      0.1440914038,       285.6868087,       91474.45607,       91474.45607,       1.115424022,       288222.2779,       -1.27103587,      0.4963883433,         41.44653962,        -0.8474797406,                83.49619845,       286.8731136,       286.8731136,       92810.82723,       92810.82723,   -3.409466275e-05,       91474.45607,         286.8731136,          92810.82723
          0,           0,          51,      -6.845271746,      -5.458599828,      -3.854746682,      -3.560750749,      -1.228025974,   -3.45539246e-05,   -3.45539246e-05,      0.1448655573,       285.6566252,        91475.5359,        91475.5359,        1.11555505,       288204.6667,      -1.288005675,      0.4995750358,         41.67595815,        -0.8495591068,                83.42281973,       286.8555849,       286.8555849,       92826.39677,       92826.39677,    -3.45539246e-05,        91475.5359,         286.8555849,          92826.39677
          0,           0,          52,      -6.816033534,      -5.449035495,      -3.859857617,      -3.562992235,       -1.20845878,  -3.501125114e-05,  -3.501125114e-05,      0.1456370246,       285.6265663,       91475.64934,       91475.64934,       1.115673833,       288187.2024,      -1.304913685,      0.5027539698,         41.90514847,        -0.8515611964,                83.35120354,       286.8382023,       286.8382023,       92841.01438,       92841.01438,   -3.501125114e-05,       91475.64934,         286.8382023,          92841.01438
          0,           0,          53,      -6.766435232,      -5.441968025,      -3.864677297,       -3.56594583,      -1.177354458,  -3.546611546e-05,  -3.546611546e-05,       0.146404959,       285.5965945,       91474.75042,       91474.75042,       1.115779952,       288169.8323,      -1.321741338,      0.5059214898,         42.13409683,        -0.8534879624,                83.28188796,       286.8209136,       286.8209136,       92854.61611,       92854.61611,   -3.546611546e-05,       91474.75042,         286.8209136,          92854.61611
          0,           0,          54,      -6.711769334,      -5.438684182,      -3.869198604,       -3.56954037,       -1.14135633,  -3.591812196e-05,  -3.591812196e-05,      0.1471687235,       285.5666912,       91472.81478,       91472.81478,       1.115873179,       288152.5258,       -1.33847476,      0.5090748207,         42.36278512,        -0.8553418648,                83.21524342,        286.803688,        286.803688,       92867.16354,       92867.16354,   -3.591812196e-05,       91472.81478,          286.803688,          92867.16354
          0,           0,          55,      -6.660817734,      -5.440454364,      -3.873209739,      -3.573711817,      -1.105585785,  -3.636701817e-05,  -3.636701817e-05,      0.1479278748,       285.5368835,       91469.86405,       91469.86405,       1.115953667,       288135.3017,       -1.35510496,      0.5122120571,         42.59119596,        -0.8571258287,                83.15149042,       286.7865446,       286.7865446,       92878.66842,       92878.66842,   -3.636701817e-05,       91469.86405,         286.7865446,          92878.66842
          0,           0,          56,      -6.617472905,      -5.448185347,      -3.876509186,      -3.578376582,      -1.073340214,  -3.681271204e-05,  -3.681271204e-05,      0.1486822276,       285.5072647,       91465.95534,       91465.95534,       1.116021746,       288118.2498,      -1.371628698,      0.5153324237,         42.81931242,        -0.8588431981,                83.09066236,       286.7695725,       286.7695725,       92889.18334,       92889.18334,   -3.681271204e-05,       91465.95534,         286.7695725,          92889.18334
          0,           0,          57,      -6.582982892,      -5.462441578,      -3.879054571,      -3.583152145,      -1.046500173,  -3.725531712e-05,  -3.725531712e-05,      0.1494318867,       285.4778749,       91461.17855,       91461.17855,       1.116078349,       288101.4112,       -1.38804961,      0.5184363472,         43.04711451,         -0.860497848,                83.03259357,       286.7528127,       286.7528127,       92898.79978,       92898.79978,   -3.725531712e-05,       91461.17855,         286.7528127,          92898.79978
          0,           0,          58,      -6.556233801,      -5.483196444,       -3.88055621,      -3.587497228,      -1.024957071,  -3.769516732e-05,  -3.769516732e-05,      0.1501773183,       285.4487948,       91455.66272,       91455.66272,       1.116124734,       288084.8742,      -1.404379078,      0.5215257927,         43.27458387,        -0.8620940889,                82.97688144,       286.7363531,       286.7363531,        92907.6561,        92907.6561,   -3.769516732e-05,       91455.66272,         286.7363531,           92907.6561
          0,           0,          59,      -6.535627711,      -5.510187229,      -3.881128103,      -3.591489249,      -1.007751613,  -3.813279681e-05,  -3.813279681e-05,      0.1509193044,       285.4201759,        91449.5733,        91449.5733,       1.116162325,       288068.8041,       -1.42063565,      0.5246041284,         43.50170642,        -0.8636365469,                82.92292047,       286.7203583,       286.7203583,       92915.93413,       92915.93413,   -3.813279681e-05,        91449.5733,         286.7203583,          92915.93413
          0,           0,          60,      -6.522585995,      -5.542729264,      -3.880600994,      -3.594991639,     -0.9962994403,  -3.856889129e-05,  -3.856889129e-05,       0.151658847,        285.392191,       91443.10539,       91443.10539,       1.116192823,        288053.392,      -1.436843071,      0.5276756995,         43.72847323,        -0.8651299518,                82.86997728,       286.7050183,       286.7050183,       92923.85051,       92923.85051,   -3.856889129e-05,       91443.10539,         286.7050183,          92923.85051
          0,           0,          61,      -6.516244619,      -5.579358261,       -3.87955623,      -3.598125278,     -0.9905497173,  -3.900418452e-05,  -3.900418452e-05,      0.1523970245,       285.3650242,       91436.46832,       91436.46832,       1.116218062,        288038.842,      -1.453026604,       0.530745192,         43.95488106,          -0.86657875,                82.81729485,       286.6905364,       286.6905364,       92931.63842,       92931.63842,   -3.900418452e-05,       91436.46832,         286.6905364,          92931.63842
          0,           0,          62,      -6.517395082,      -5.617571748,      -3.877379183,      -3.600549335,     -0.9903798358,  -3.943938609e-05,  -3.943938609e-05,      0.1531348791,       285.3388583,        91429.8709,        91429.8709,       1.116239875,       288025.3566,      -1.469210501,      0.5338171496,         44.18093259,          -0.86798691,                82.76416864,       286.6771141,       286.6771141,        92939.5303,        92939.5303,   -3.943938609e-05,        91429.8709,         286.6771141,           92939.5303
          0,           0,          63,       -6.52546208,      -5.653945117,      -3.874469426,      -3.602342389,     -0.9952998821,  -3.987510313e-05,  -3.987510313e-05,      0.1538732983,        285.313861,       91423.50582,       91423.50582,       1.116259956,        288013.121,      -1.485415271,      0.5368954543,         44.40663551,        -0.8693577399,                82.71002326,       286.6649358,       286.6649358,       92947.73971,       92947.73971,   -3.987510313e-05,       91423.50582,         286.6649358,          92947.73971
          0,           0,          64,       -6.54024108,      -5.683118512,      -3.870797057,      -3.603571977,      -1.004880734,  -4.031177591e-05,  -4.031177591e-05,       0.154612921,       285.2901709,       91417.53261,       91417.53261,       1.116279711,       288002.2866,      -1.501655501,      0.5399829101,         44.63200041,        -0.8706937825,                82.65446844,       286.6541521,       286.6541521,       92956.44191,       92956.44191,   -4.031177591e-05,       91417.53261,         286.6541521,          92956.44191
          0,           0,          65,      -6.562048721,       -5.70032635,      -3.865848939,      -3.604680869,      -1.018624336,  -4.074961763e-05,  -4.074961763e-05,        0.15535405,       285.2678819,       91412.06101,       91412.06101,       1.116300113,        287992.954,      -1.517937821,      0.5430808504,         44.85703872,        -0.8719967446,                82.59734933,       286.6448632,       286.6448632,       92965.75516,       92965.75516,   -4.074961763e-05,       91412.06101,         286.6448632,          92965.75516
          0,           0,          66,      -6.591394561,      -5.702974068,      -3.860583434,      -3.605307361,      -1.036118473,   -4.11887158e-05,   -4.11887158e-05,      0.1560967623,       285.2470734,       91407.18511,       91407.18511,       1.116321998,       287985.2053,       -1.53426431,      0.5461896766,         45.08176323,        -0.8732679063,                82.53865857,       286.6371508,       286.6371508,       92975.77742,       92975.77742,    -4.11887158e-05,       91407.18511,         286.6371508,          92975.77742
          0,           0,          67,      -6.628487645,      -5.692462775,      -3.856116699,      -3.604951373,      -1.056653222,  -4.162893389e-05,  -4.162893389e-05,      0.1568408014,       285.2277909,       91402.96076,       91402.96076,       1.116345872,       287979.0826,      -1.550629114,      0.5493083255,          45.3061863,        -0.8745078687,                82.47860846,       286.6310567,       286.6310567,       92986.56105,       92986.56105,   -4.162893389e-05,       91402.96076,         286.6310567,          92986.56105
          0,           0,          68,      -6.675195508,       -5.67264935,      -3.852168172,      -3.604439959,      -1.081288322,  -4.206998577e-05,  -4.206998577e-05,      0.1575856944,       285.2100415,       91399.40121,       91399.40121,       1.116371868,       287974.5848,      -1.567021295,      0.5524347672,         45.53031942,        -0.8757168623,                82.41754886,         286.62658,         286.62658,       92998.11063,       92998.11063,   -4.206998577e-05,       91399.40121,           286.62658,          92998.11063
          0,           0,          69,      -6.729981782,      -5.647877383,      -3.848987961,      -3.603881928,      -1.107378721,  -4.251147979e-05,  -4.251147979e-05,      0.1583308148,       285.1937984,       91396.48376,       91396.48376,       1.116399814,       287971.6742,      -1.583426416,      0.5555662837,          45.7541722,        -0.8768949155,                82.35591963,        286.623683,        286.623683,       93010.39078,       93010.39078,   -4.251147979e-05,       91396.48376,          286.623683,          93010.39078
          0,           0,          70,      -6.787624662,      -5.620371288,      -3.846786481,      -3.603598913,      -1.131108641,  -4.295295018e-05,  -4.295295018e-05,      0.1590754276,       285.1790094,        91394.1587,        91394.1587,       1.116429307,       287970.2846,      -1.599827618,      0.5586996665,          45.9777508,        -0.8780419576,                82.29421557,       286.6222999,       286.6222999,       93023.33617,       93023.33617,   -4.295295018e-05,        91394.1587,         286.6222999,          93023.33617
          0,           0,          71,      -6.847475842,      -5.593437438,      -3.845529114,      -3.603796322,      -1.151865654,  -4.339391234e-05,  -4.339391234e-05,      0.1598187806,       285.1656003,       91392.35527,       91392.35527,       1.116459774,       287970.3275,      -1.616207614,       0.561831604,         46.20105856,         -0.879157964,                82.23292928,       286.6223427,       286.6223427,       93036.85937,       93036.85937,   -4.339391234e-05,       91392.35527,         286.6223427,          93036.85937
          0,           0,          72,      -6.904460645,      -5.569022008,      -3.845208166,      -3.604471978,      -1.168091674,  -4.383383836e-05,  -4.383383836e-05,      0.1605600446,       285.1534898,       91390.99749,       91390.99749,       1.116490602,       287971.7056,      -1.632547596,      0.5649584524,         46.42409951,         -0.880242887,                 82.1725904,       286.6237143,       286.6237143,       93050.86564,       93050.86564,   -4.383383836e-05,       91390.99749,         286.6237143,          93050.86564
          0,           0,          73,      -6.947375127,      -5.547933598,      -3.845890783,      -3.605589765,       -1.17791161,  -4.427218259e-05,  -4.427218259e-05,      0.1612983672,       285.1425905,       91390.00414,       91390.00414,       1.116521143,       287974.3143,      -1.648828188,      0.5680764506,         46.64687505,        -0.8812967074,                82.11372781,       286.6263107,       286.6263107,       93065.25412,       93065.25412,   -4.427218259e-05,       91390.00414,         286.6263107,          93065.25412
          0,           0,          74,       -6.96468374,      -5.530362383,      -3.847647868,      -3.607147255,      -1.180566349,  -4.470842917e-05,  -4.470842917e-05,      0.1620329702,       285.1328023,       91389.27794,       91389.27794,       1.116550599,       287978.0376,      -1.665031385,      0.5711821153,         46.86938465,        -0.8823195413,                82.05681409,       286.6300166,       286.6300166,       93079.90871,       93079.90871,   -4.470842917e-05,       91389.27794,         286.6300166,          93079.90871
          0,           0,          75,      -6.950739726,      -5.516323446,      -3.850591185,      -3.609028415,      -1.175976777,  -4.514209989e-05,  -4.514209989e-05,      0.1627631461,       285.1240091,       91388.70994,       91388.70994,       1.116578094,       287982.7441,      -1.681140752,      0.5742722399,         47.09162645,        -0.8833116511,                82.00226856,       286.6347011,       286.6347011,       93094.70256,       93094.70256,   -4.514209989e-05,       91388.70994,         286.6347011,          93094.70256
          0,           0,          76,      -6.911851126,      -5.505706152,      -3.854528189,      -3.611194762,      -1.164859652,  -4.557276278e-05,  -4.557276278e-05,      0.1634882639,       285.1160882,       91388.18913,       91388.18913,        1.11660275,       287988.2973,      -1.697141628,      0.5773439347,         47.31359789,        -0.8842734401,                81.95045456,       286.6402283,       286.6402283,       93109.50803,       93109.50803,   -4.557276278e-05,       91388.18913,         286.6402283,          93109.50803
          0,           0,          77,      -6.862048973,      -5.498515117,      -3.859347665,      -3.613646115,      -1.149107103,  -4.600003318e-05,  -4.600003318e-05,      0.1642077647,       285.1089195,       91387.61056,       91387.61056,       1.116623757,        287994.564,      -1.713021062,      0.5803946177,         47.53529652,        -0.8852054296,                81.90168391,       286.6464657,       286.6464657,       93124.20484,       93124.20484,   -4.600003318e-05,       91387.61056,         286.6464657,          93124.20484
          0,           0,          78,      -6.812335821,      -5.495020643,      -3.865056528,      -3.616297545,      -1.130997318,  -4.642352672e-05,  -4.642352672e-05,       0.164921094,       285.1023834,       91386.87164,       91386.87164,       1.116640327,       288001.4119,      -1.728766123,      0.5834217155,         47.75671804,        -0.8861081382,                81.85625728,       286.6532815,       286.6532815,       93138.67496,       93138.67496,   -4.642352672e-05,       91386.87164,         286.6532815,          93138.67496
          0,           0,          79,      -6.767780763,      -5.495546176,      -3.871671233,      -3.618932275,      -1.112468367,  -4.684290265e-05,  -4.684290265e-05,      0.1656277627,       285.0963656,       91385.87725,       91385.87725,       1.116651746,       288008.7146,      -1.744365433,      0.5864229389,         47.97785684,         -0.886982172,                 81.8144272,       286.6605501,       286.6605501,       93152.80912,       93152.80912,   -4.684290265e-05,       91385.87725,         286.6605501,          93152.80912
          0,           0,          80,      -6.729256422,      -5.500562066,      -3.879069679,      -3.621438302,      -1.094810754,  -4.725795632e-05,  -4.725795632e-05,      0.1663274796,       285.0907726,       91384.55713,       91384.55713,       1.116657522,       288016.3706,      -1.759812365,      0.5893968776,          48.1987078,        -0.8878283955,                81.77632023,       286.6681702,       286.6681702,       93166.52741,       93166.52741,   -4.725795632e-05,       91384.55713,         286.6681702,          93166.52741
          0,           0,          81,      -6.698188687,      -5.510263424,      -3.886779287,      -3.623919926,      -1.079092056,  -4.766863729e-05,  -4.766863729e-05,      0.1670201817,       285.0855377,        91382.8726,        91382.8726,       1.116657443,       288024.3097,      -1.775105616,      0.5923431328,         48.41926584,        -0.8886479236,                81.74192147,       286.6760722,       286.6760722,       93179.78696,       93179.78696,   -4.766863729e-05,        91382.8726,         286.6760722,          93179.78696
          0,           0,          82,      -6.673754388,      -5.524876276,      -3.894897183,      -3.626119267,       -1.06565503,  -4.807505927e-05,  -4.807505927e-05,      0.1677060657,       285.0806157,       91380.80948,       91380.80948,       1.116651511,       288032.4885,      -1.790249654,       0.595262435,          48.6395258,        -0.8894421062,                 81.7110621,       286.6842127,       286.6842127,       93192.57547,       93192.57547,   -4.807505927e-05,       91380.80948,         286.6842127,          93192.57547
          0,           0,          83,      -6.655421002,      -5.544530352,       -3.90346924,      -3.627778466,       -1.05479503,  -4.847747637e-05,  -4.847747637e-05,       0.168385545,       285.0759819,       91378.37667,       91378.37667,       1.116639933,       288040.8884,      -1.805253845,      0.5981564675,         48.85948348,        -0.8902124614,                81.68344929,       286.6925732,       286.6925732,       93204.90904,       93204.90904,   -4.847747637e-05,       91378.37667,         286.6925732,          93204.90904
          0,           0,          84,       -6.64287364,      -5.569452014,      -3.912292106,      -3.628904915,      -1.046719205,  -4.887618836e-05,  -4.887618836e-05,      0.1690590749,       285.0716399,       91375.61454,       91375.61454,       1.116623187,       288049.5204,      -1.820128793,      0.6010271432,         49.07913717,        -0.8909604798,                81.65876987,       286.7011648,       286.7011648,       93216.83694,       93216.83694,   -4.887618836e-05,       91375.61454,         286.7011648,          93216.83694
          0,           0,          85,       -6.63540539,      -5.599637123,      -3.921604705,      -3.629478352,      -1.041376155,  -4.927162079e-05,  -4.927162079e-05,      0.1697272993,       285.0676187,       91372.59079,       91372.59079,       1.116601988,       288058.4249,      -1.834889374,      0.6038772151,         49.29848688,        -0.8916877654,                81.63660698,       286.7100276,       286.7100276,       93228.44069,       93228.44069,   -4.927162079e-05,       91372.59079,         286.7100276,          93228.44069
          0,           0,          86,      -6.632907948,      -5.634996062,      -3.931162693,       -3.62953509,      -1.038850837,  -4.966435222e-05,  -4.966435222e-05,      0.1703911521,       285.0639391,       91369.36299,       91369.36299,       1.116576955,         288067.64,      -1.849556273,      0.6067106404,         49.51753384,        -0.8923960721,                81.61639263,       286.7191996,       286.7191996,       93239.79818,       93239.79818,   -4.966435222e-05,       91369.36299,         286.7191996,          93239.79818
          0,           0,          87,      -6.635843757,      -5.674951522,      -3.940582531,      -3.629004401,       -1.03924824,  -5.005498554e-05,  -5.005498554e-05,      0.1710515923,       285.0606285,       91365.99363,       91365.99363,       1.116548747,       288077.2114,      -1.864150992,      0.6095315159,         49.73628281,        -0.8930870879,                81.59755733,       286.7287262,       286.7287262,       93250.99322,       93250.99322,   -5.005498554e-05,       91365.99363,         286.7287262,          93250.99322
          0,           0,          88,       -6.64418548,      -5.717899167,      -3.949772842,      -3.628037235,         -1.042373,  -5.044412606e-05,  -5.044412606e-05,      0.1717095829,       285.0577157,       91362.54598,       91362.54598,       1.116518024,       288087.1862,      -1.878695083,       0.612343965,         49.95474088,        -0.8937623913,                81.57954309,       286.7386543,       286.7386543,       93262.11092,       93262.11092,   -5.044412606e-05,       91362.54598,         286.7386543,          93262.11092
          0,           0,          89,      -6.657659665,      -5.759053878,      -3.958041237,      -3.626691409,      -1.047846678,  -5.083233044e-05,  -5.083233044e-05,      0.1723660137,       285.0552261,        91359.0776,        91359.0776,       1.116485389,       288097.6073,      -1.893208349,       0.615151796,         50.17291649,         -0.894423376,                81.56184671,       286.7490267,       286.7490267,        93273.2293,        93273.2293,   -5.083233044e-05,        91359.0776,         286.7490267,           93273.2293
          0,           0,          90,      -6.675822026,      -5.792280684,      -3.965253394,      -3.625092384,      -1.055205128,  -5.122006428e-05,  -5.122006428e-05,      0.1730216401,        285.053174,       91355.63124,       91355.63124,       1.116451308,       288108.5039,      -1.907707406,      0.6179582272,         50.39081861,           -0.8950712,                81.54405329,       286.7598722,       286.7598722,       93284.40857,       93284.40857,   -5.122006428e-05,       91355.63124,         286.7598722,          93284.40857
          0,           0,          91,      -6.698249372,      -5.810648806,      -3.971402293,      -3.623365391,      -1.063952041,  -5.160775063e-05,  -5.160775063e-05,      0.1736771399,        285.051572,       91352.24632,       91352.24632,       1.116416216,       288119.9019,      -1.922207321,      0.6207661605,         50.60845702,        -0.8957068908,                81.52579866,       286.7712169,       286.7712169,       93295.70408,       93295.70408,   -5.160775063e-05,       91352.24632,         286.7712169,          93295.70408
          0,           0,          92,      -6.725282307,      -5.807358585,       -3.97653893,      -3.621594262,      -1.073881817,  -5.199568812e-05,  -5.199568812e-05,      0.1743330109,       285.0504168,       91348.94256,       91348.94256,       1.116380365,        288131.808,      -1.936718819,       0.623577695,         50.82584112,        -0.8963312171,                81.50682991,       286.7830672,       286.7830672,       93307.14725,       93307.14725,   -5.199568812e-05,       91348.94256,         286.7830672,          93307.14725
          0,           0,          93,      -6.756783367,      -5.789183337,       -3.98049481,      -3.619962142,      -1.084428566,  -5.238410192e-05,  -5.238410192e-05,      0.1749896262,       285.0496999,       91345.73173,       91345.73173,       1.116343932,       288144.2212,      -1.951250007,       0.626394404,         51.04297986,        -0.8969448017,                81.48696657,       286.7954224,       286.7954224,       93318.75874,       93318.75874,   -5.238410192e-05,       91345.73173,         286.7954224,          93318.75874
          0,           0,          94,      -6.791106891,      -5.753421118,      -3.983565505,      -3.618467546,      -1.094788078,  -5.277313044e-05,  -5.277313044e-05,      0.1756472217,       285.0494075,       91342.61707,       91342.61707,       1.116307013,       288157.1326,      -1.965805902,      0.6292172659,         51.25988092,        -0.8975481056,                81.46610671,       286.8082733,       286.8082733,        93330.5475,        93330.5475,   -5.277313044e-05,       91342.61707,         286.8082733,           93330.5475
          0,           0,          95,      -6.830111932,        -5.7189542,      -3.985185295,      -3.617354007,      -1.104653487,  -5.316283549e-05,  -5.316283549e-05,      0.1763059052,        285.049523,       91339.59747,       91339.59747,       1.116269658,       288170.5279,      -1.980388737,      0.6320467119,         51.47655071,        -0.8981414576,                81.44421882,       286.8216059,       286.8216059,       93342.51516,       93342.51516,   -5.316283549e-05,       91339.59747,         286.8216059,          93342.51516
          0,           0,          96,      -6.867514404,      -5.680885003,      -3.985812452,      -3.616636678,      -1.112650375,  -5.355322804e-05,  -5.355322804e-05,      0.1769656975,       285.0500303,       91336.67093,       91336.67093,       1.116231906,       288184.3915,       -1.99499887,      0.6348828036,          51.6929945,        -0.8987251007,                81.42131777,       286.8354045,       286.8354045,       93354.66053,       93354.66053,   -5.355322804e-05,       91336.67093,         286.8354045,          93354.66053
          0,           0,          97,      -6.900091666,      -5.646985239,      -3.985742194,      -3.616221661,      -1.118273218,  -5.394426216e-05,  -5.394426216e-05,       0.177626525,        285.050913,       91333.83418,       91333.83418,       1.116193781,       288198.7056,      -2.009634565,      0.6377251967,         51.90921656,        -0.8992991888,                81.39746841,       286.8496517,       286.8496517,       93366.97889,       93366.97889,   -5.394426216e-05,       91333.83418,         286.8496517,          93366.97889
          0,           0,          98,      -6.918465668,      -5.615946016,      -3.985295797,      -3.616024044,      -1.120171151,   -5.43358573e-05,   -5.43358573e-05,      0.1782881798,       285.0521983,       91331.12929,       91331.12929,       1.116155692,       288213.4937,      -2.024292098,      0.6405730713,         52.12522199,        -0.8998638256,                81.37279621,       286.8643706,       286.8643706,       93379.50879,       93379.50879,    -5.43358573e-05,       91331.12929,         286.8643706,          93379.50879
          0,           0,          99,       -6.91815857,      -5.586818813,      -3.984467273,      -3.616175468,      -1.118075956,  -5.472782796e-05,  -5.472782796e-05,      0.1789503386,       285.0538974,       91328.57921,       91328.57921,       1.116117875,       288228.7609,      -2.038964124,      0.6434250261,         52.34101428,        -0.9004189437,                81.34749529,       286.8795663,       286.8795663,       93392.26646,       93392.26646,   -5.472782796e-05,       91328.57921,         286.8795663,          93392.26646
          0,           0,         100,      -6.902217184,      -5.564074604,      -3.982585416,      -3.616894552,      -1.112373391,   -5.51199067e-05,   -5.51199067e-05,      0.1796126296,       285.0559656,       91326.14538,       91326.14538,       1.116080033,       288244.4545,      -2.053641216,      0.6462793313,         52.55659485,        -0.9009643879,                81.32179431,       286.8951865,       286.8951865,       93405.20405,       93405.20405,    -5.51199067e-05,       91326.14538,         286.8951865,          93405.20405
          0,           0,         101,      -6.872235857,      -5.529361038,      -3.980362647,      -3.617802285,      -1.103303396,  -5.551181068e-05,  -5.551181068e-05,      0.1802746018,       285.0583666,       91323.79696,       91323.79696,       1.116041934,       288260.5284,      -2.068313269,      0.6491339912,          52.7719634,        -0.9015000373,                81.29594831,       286.9111851,       286.9111851,       93418.27951,       93418.27951,   -5.551181068e-05,       91323.79696,         286.9111851,          93418.27951
          0,           0,         102,       -6.84900029,       -5.48407848,      -3.977781535,        -3.6194379,       -1.09458154,  -5.590315083e-05,  -5.590315083e-05,      0.1809356267,       285.0610708,       91321.50641,       91321.50641,       1.116003354,       288276.9398,      -2.082966208,      0.6519862444,          52.9871181,         -0.902025644,                81.27030065,       286.9275196,       286.9275196,        93431.4499,        93431.4499,   -5.590315083e-05,       91321.50641,         286.9275196,           93431.4499
          0,           0,         103,      -6.820448506,      -5.480005022,      -3.973981112,      -3.621468741,      -1.084250841,  -5.629359633e-05,  -5.629359633e-05,      0.1815951664,       285.0640471,       91319.25044,       91319.25044,       1.115964133,       288293.6458,      -2.097588029,      0.6548337184,         53.20205967,        -0.9025410617,                81.24514388,       286.9441474,       286.9441474,       93444.67847,       93444.67847,   -5.629359633e-05,       91319.25044,         286.9441474,          93444.67847
          0,           0,         104,      -6.790241321,      -5.474549891,      -3.970455952,      -3.623522067,      -1.073395889,   -5.66827946e-05,   -5.66827946e-05,       0.182252655,       285.0672621,       91317.00358,       91317.00358,        1.11592409,       288310.6004,      -2.112165958,      0.6576739037,         53.41678857,        -0.9030461316,                81.22078171,       286.9610227,       286.9610227,       93457.92539,       93457.92539,    -5.66827946e-05,       91317.00358,         286.9610227,          93457.92539
          0,           0,         105,      -6.762525558,      -5.462521251,      -3.965475419,      -3.626034381,      -1.062380897,  -5.707046643e-05,  -5.707046643e-05,       0.182907637,       285.0706876,       91314.74731,       91314.74731,       1.115883109,       288327.7652,      -2.126689837,      0.6605047795,         53.63130338,        -0.9035408084,                81.19744935,       286.9781072,       286.9781072,       93471.16036,       93471.16036,   -5.707046643e-05,       91314.74731,         286.9781072,          93471.16036
          0,           0,         106,      -6.731989407,      -5.437999588,      -3.960808304,      -3.627992306,      -1.050238001,  -5.745623811e-05,  -5.745623811e-05,      0.1835595231,       285.0742857,       91312.45174,       91312.45174,       1.115840973,       288345.0891,      -2.141146189,      0.6633237112,         53.84560219,        -0.9040249376,                81.17545216,       286.9953499,       286.9953499,       93484.33806,       93484.33806,   -5.745623811e-05,       91312.45174,         286.9953499,          93484.33806
          0,           0,         107,      -6.726921282,      -5.424641221,      -3.956557399,      -3.630771558,      -1.044506851,   -5.78399333e-05,   -5.78399333e-05,      0.1842080268,       285.0780292,        91310.0995,        91310.0995,       1.115797576,       288362.5376,      -2.155528685,      0.6661294079,         54.05968429,        -0.9044986302,                81.15492823,       287.0127167,       287.0127167,       93497.43304,       93497.43304,    -5.78399333e-05,        91310.0995,         287.0127167,          93497.43304
          0,           0,         108,      -6.727025865,      -5.421385974,      -3.955440834,        -3.6335111,      -1.038339325,  -5.822117308e-05,  -5.822117308e-05,      0.1848525765,       285.0818665,       91307.64636,       91307.64636,        1.11575258,       288380.0458,        -2.1698239,      0.6689192693,         54.27354868,        -0.9049617488,                81.13617169,       287.0301431,       287.0301431,       93510.38537,       93510.38537,   -5.822117308e-05,       91307.64636,         287.0301431,          93510.38537
          0,           0,         109,      -6.718533364,      -5.476105336,        -3.9547605,      -3.636352484,      -1.032530291,  -5.859977062e-05,  -5.859977062e-05,      0.1854928858,       285.0857545,       91305.05945,       91305.05945,       1.115705753,       288397.5632,      -2.184025378,      0.6716919771,          54.4872004,        -0.9054144136,                 81.1193259,       287.0475784,       287.0475784,       93523.15342,       93523.15342,   -5.859977062e-05,       91305.05945,         287.0475784,          93523.15342
          0,           0,         110,      -6.713434409,      -5.541893212,      -3.953021772,      -3.639197193,      -1.028903927,  -5.897544903e-05,  -5.897544903e-05,      0.1861285366,       285.0896432,       91302.29969,       91302.29969,       1.115656812,       288415.0293,      -2.198123414,      0.6744456116,         54.70063626,         -0.905856634,                81.10459216,       287.0649627,       287.0649627,       93535.68587,       93535.68587,   -5.897544903e-05,       91302.29969,         287.0649627,          93535.68587
          0,           0,         111,      -6.719815515,      -5.558465469,      -3.951051969,       -3.64179385,      -1.029971156,  -5.934805491e-05,  -5.934805491e-05,      0.1867592974,       285.0934937,        91299.3385,        91299.3385,        1.11560556,       288432.3988,      -2.212112745,        0.67717909,          54.9138502,        -0.9062885704,                81.09206413,       287.0822509,       287.0822509,       93547.94659,       93547.94659,   -5.934805491e-05,        91299.3385,         287.0822509,          93547.94659
          0,           0,         112,      -6.726756321,       -5.60114293,      -3.948472766,      -3.643888149,      -1.031500142,   -5.97176079e-05,   -5.97176079e-05,      0.1873852115,       285.0972796,       91296.16081,       91296.16081,       1.115551917,       288449.6447,      -2.225994335,      0.6798925389,         55.12683858,        -0.9067105697,                81.08169369,       287.0994161,       287.0994161,       93559.91986,       93559.91986,    -5.97176079e-05,       91296.16081,         287.0994161,          93559.91986
          0,           0,         113,      -6.739999801,      -5.601385399,      -3.945681617,      -3.645608105,      -1.034971615,   -6.00842204e-05,   -6.00842204e-05,      0.1880064777,       285.1009792,        91292.7573,        91292.7573,       1.115495854,       288466.7486,      -2.239772508,      0.6825867576,         55.33959876,          -0.90712306,                81.07335535,       287.1164399,       287.1164399,       93571.59967,       93571.59967,    -6.00842204e-05,        91292.7573,         287.1164399,          93571.59967
          0,           0,         114,      -6.752133925,      -5.586010326,       -3.94340367,      -3.646389554,      -1.038465743,  -6.044804048e-05,  -6.044804048e-05,      0.1886233593,       285.1045712,       91289.11846,       91289.11846,       1.115437338,       288483.6933,      -2.253452921,      0.6852628204,         55.55212064,        -0.9075264862,                81.06688265,       287.1333053,       287.1333053,       93582.98147,       93582.98147,   -6.044804048e-05,       91289.11846,         287.1333053,          93582.98147
          0,           0,         115,       -6.78353058,       -5.61809411,      -3.939751316,      -3.647775114,       -1.04611422,  -6.080929117e-05,  -6.080929117e-05,      0.1892362251,       285.1080433,       91285.24607,       91285.24607,       1.115376439,       288500.4735,      -2.267043824,      0.6879222876,         55.76439454,         -0.907921353,                81.06205533,       287.1500071,       287.1500071,         93594.075,         93594.075,   -6.080929117e-05,       91285.24607,         287.1500071,            93594.075
          0,           0,         116,      -6.817796825,      -5.600136813,      -3.936530251,      -3.648646405,      -1.054082101,  -6.116826881e-05,  -6.116826881e-05,      0.1898455594,       285.1113918,       91281.15113,       91281.15113,       1.115313306,       288517.0952,      -2.280556032,      0.6905672301,          55.9764165,        -0.9083082129,                81.05860525,       287.1665509,       287.1665509,       93604.90241,       93604.90241,   -6.116826881e-05,       91281.15113,         287.1665509,          93604.90241
          0,           0,         117,      -6.853747028,      -5.546318306,      -3.934204819,      -3.649129173,      -1.061575311,  -6.152535664e-05,  -6.152535664e-05,      0.1904519715,       285.1146271,       91276.85973,       91276.85973,       1.115248216,       288533.5814,      -2.294003331,      0.6932002935,          56.1881831,        -0.9086876778,                81.05620213,         287.18296,         287.18296,       93615.50459,       93615.50459,   -6.152535664e-05,       91276.85973,           287.18296,          93615.50459
          0,           0,         118,      -6.889302874,      -5.545920385,      -3.931716702,      -3.649337532,      -1.067759605,  -6.188100397e-05,  -6.188100397e-05,      0.1910561712,       285.1177716,        91272.4097,        91272.4097,       1.115181545,       288549.9698,      -2.307401758,      0.6958245751,         56.39969215,        -0.9090603899,                   81.05447,       287.1992716,       287.1992716,       93625.93721,       93625.93721,   -6.188100397e-05,        91272.4097,         287.1992716,          93625.93721
          0,           0,         119,      -6.917314158,      -5.506835923,      -3.929266579,      -3.649426385,      -1.071684215,  -6.223569412e-05,  -6.223569412e-05,      0.1916589178,       285.1208569,       91267.84726,       91267.84726,       1.115113734,       288566.3085,      -2.320768468,      0.6984434023,         56.61093475,        -0.9094269884,                81.05300238,       287.2155338,       287.2155338,       93636.26602,       93636.26602,   -6.223569412e-05,       91267.84726,         287.2155338,          93636.26602
          0,           0,         120,      -6.964528617,      -5.430031834,       -3.92728227,      -3.649929549,      -1.077460337,  -6.258991066e-05,  -6.258991066e-05,      0.1922609657,        285.123921,       91263.22413,       91263.22413,       1.115045265,       288582.6522,      -2.334120516,      0.7010600935,         56.82191132,        -0.9097880769,                 81.0514132,       287.2318011,       287.2318011,       93646.56256,       93646.56256,   -6.258991066e-05,       91263.22413,         287.2318011,          93646.56256
          0,           0,         121,      -7.004892119,       -5.38153869,      -3.926384477,      -3.650418393,      -1.081477137,  -6.294456879e-05,  -6.294456879e-05,      0.1928639685,       285.1269191,       91258.49835,       91258.49835,       1.114975802,       288598.9921,      -2.347492767,      0.7036816513,         57.03261805,        -0.9101446525,                81.04889185,       287.2480644,       287.2480644,       93656.82511,       93656.82511,   -6.294456879e-05,       91258.49835,         287.2480644,          93656.82511
          0,           0,         122,      -7.046128195,      -5.410100604,      -3.925503654,      -3.651294738,      -1.084301261,  -6.330267843e-05,  -6.330267843e-05,      0.1934738192,       285.1294254,       91253.20223,       91253.20223,       1.114901295,       288615.0278,      -2.361006096,      0.7063325861,         57.24302379,        -0.9104997459,                81.04259228,       287.2640251,       287.2640251,       93666.72219,       93666.72219,   -6.330267843e-05,       91253.20223,         287.2640251,          93666.72219
          0,           0,         123,      -7.046129789,       -5.42593564,      -3.925906664,      -3.651724003,      -1.083108921,  -6.366343602e-05,  -6.366343602e-05,      0.1940881509,       285.1317885,       91247.72491,       91247.72491,       1.114825136,       288631.0612,       -2.37462352,      0.7090040353,         57.45315203,        -0.9108527637,                81.03360372,       287.2799834,       287.2799834,       93676.59486,       93676.59486,   -6.366343602e-05,       91247.72491,         287.2799834,          93676.59486
          0,           0,         124,      -7.015963812,      -5.370662959,      -3.926553063,      -3.652548074,      -1.078738204,  -6.402593563e-05,  -6.402593563e-05,      0.1947053198,       285.1341963,       91242.27718,       91242.27718,       1.114749164,       288647.2466,      -2.388307383,      0.7116889579,         57.66301566,        -0.9112026484,                81.02277691,        287.296093,        287.296093,       93686.61893,       93686.61893,   -6.402593563e-05,       91242.27718,          287.296093,          93686.61893
          0,           0,         125,       -6.98431701,      -5.375894778,      -3.929026413,      -3.653429655,      -1.073911688,  -6.438955371e-05,  -6.438955371e-05,      0.1953242242,       285.1367437,       91236.96522,       91236.96522,       1.114674307,        288663.656,      -2.402032435,      0.7143825997,          57.8726212,        -0.9115487447,                81.01068142,       287.3124256,       287.3124256,       93696.87614,       93696.87614,   -6.438955371e-05,       91236.96522,         287.3124256,          93696.87614
          0,           0,         126,      -6.943500115,      -5.392640026,      -3.930003332,      -3.654646297,      -1.066852508,  -6.475389528e-05,  -6.475389528e-05,      0.1959441717,       285.1394785,       91231.84178,       91231.84178,       1.114601022,       288680.3227,      -2.415782914,      0.7170819661,         58.08197258,         -0.911890692,                80.99767575,       287.3290143,       287.3290143,       93707.40352,       93707.40352,   -6.475389528e-05,       91231.84178,         287.3290143,          93707.40352
          0,           0,         127,      -6.900279663,      -5.376380913,      -3.933741043,       -3.65523734,      -1.059024824,  -6.511872726e-05,  -6.511872726e-05,      0.1965647612,       285.1424221,       91226.92942,       91226.92942,         1.1145295,       288697.2595,      -2.429549654,      0.7197853098,          58.2910723,        -0.9122283224,                80.98397051,       287.3458719,       287.3458719,       93718.21433,       93718.21433,   -6.511872726e-05,       91226.92942,         287.3458719,          93718.21433
          0,           0,         128,      -6.864575948,      -5.394461348,      -3.935305092,      -3.656890034,      -1.050907217,  -6.548391993e-05,  -6.548391993e-05,      0.1971857754,       285.1455805,       91222.23368,       91222.23368,       1.114459788,        288714.468,      -2.443327654,      0.7224916741,         58.49992197,        -0.9125615858,                80.96968321,       287.3629998,       287.3629998,       93729.30899,       93729.30899,   -6.548391993e-05,       91222.23368,         287.3629998,          93729.30899
          0,           0,         129,      -6.840381214,      -5.395600091,      -3.938839289,      -3.657993618,      -1.044726425,  -6.584938432e-05,  -6.584938432e-05,      0.1978070794,       285.1489472,       91217.74656,       91217.74656,       1.114391811,       288731.9383,      -2.457113688,       0.725200443,         58.70852228,        -0.9128904804,                80.95489027,       287.3803883,       287.3803883,       93740.67601,       93740.67601,   -6.584938432e-05,       91217.74656,         287.3803883,          93740.67601
          0,           0,         130,       -6.80985958,      -5.399784369,      -3.940999125,      -3.659266432,      -1.036508517,  -6.621503292e-05,  -6.621503292e-05,      0.1984285475,       285.1525059,       91213.45117,       91213.45117,       1.114325428,       288749.6514,      -2.470904745,      0.7279110321,         58.91687362,        -0.9132150143,                80.93966298,       287.3980185,       287.3980185,       93752.29498,       93752.29498,   -6.621503292e-05,       91213.45117,         287.3980185,          93752.29498
          0,           0,         131,      -6.789423066,      -5.415967095,      -3.943435476,      -3.660467002,      -1.030137289,  -6.658076582e-05,  -6.658076582e-05,      0.1990500294,       285.1562394,       91209.32995,       91209.32995,       1.114260492,       288767.5864,      -2.484697366,      0.7306227543,          59.1249759,        -0.9135351907,                80.92408231,       287.4158695,       287.4158695,        93764.1441,        93764.1441,   -6.658076582e-05,       91209.32995,         287.4158695,           93764.1441
          0,           0,         132,      -6.766372698,      -5.431719627,       -3.94529867,      -3.661345022,      -1.022782042,  -6.694645265e-05,  -6.694645265e-05,      0.1996713243,       285.1601299,       91205.36477,       91205.36477,       1.114196849,       288785.7208,      -2.498486972,      0.7333347012,          59.3328288,        -0.9138509894,                80.90825199,        287.433919,        287.433919,       93776.19962,       93776.19962,   -6.694645265e-05,       91205.36477,          287.433919,          93776.19962
          0,           0,         133,      -6.755561318,      -5.409781487,      -3.947778987,      -3.661735262,      -1.018652666,  -6.731193133e-05,  -6.731193133e-05,      0.2002921763,       285.1641596,       91201.53822,       91201.53822,       1.114134359,       288804.0306,      -2.512267789,      0.7360457254,         59.54043158,        -0.9141623677,                80.89229993,       287.4521432,       287.4521432,       93788.43702,       93788.43702,   -6.731193133e-05,       91201.53822,         287.4521432,          93788.43702
          0,           0,         134,      -6.744620631,       -5.42631284,      -3.949798186,       -3.66152112,      -1.014573715,  -6.767702029e-05,  -6.767702029e-05,      0.2009122952,       285.1683117,       91197.83435,       91197.83435,        1.11407289,       288822.4922,      -2.526033287,      0.7387545286,         59.74778313,         -0.914469271,                80.87636801,       287.4705183,       287.4705183,       93800.83226,       93800.83226,   -6.767702029e-05,       91197.83435,         287.4705183,          93800.83226
          0,           0,         135,      -6.751754712,      -5.422737015,      -3.951149367,      -3.662549412,      -1.015395248,  -6.804153256e-05,  -6.804153256e-05,      0.2015313791,       285.1725707,       91194.23905,       91194.23905,       1.114012332,       288841.0825,      -2.539776703,      0.7414597645,         59.95488192,        -0.9147716447,                80.86060066,       287.4890216,       287.4890216,       93813.36279,       93813.36279,   -6.804153256e-05,       91194.23905,         287.4890216,          93813.36279
          0,           0,         136,        -6.7544872,      -5.503452179,      -3.952524139,      -3.661995772,      -1.015052566,  -6.840529686e-05,  -6.840529686e-05,      0.2021491469,       285.1769242,       91190.74204,       91190.74204,       1.113952608,       288859.7824,      -2.553491781,      0.7441601819,         60.16172615,        -0.9150694517,                80.84512934,        287.507634,        287.507634,       93826.01044,       93826.01044,   -6.840529686e-05,       91190.74204,          287.507634,          93826.01044
          0,           0,         137,      -6.761685208,      -5.476606758,      -3.953787112,      -3.661615912,      -1.015992288,  -6.876816455e-05,  -6.876816455e-05,      0.2027653507,       285.1813638,        91187.3373,        91187.3373,       1.113893675,       288878.5774,      -2.567173033,      0.7468546791,         60.36831408,        -0.9153626751,                80.83006745,        287.526341,        287.526341,       93838.76223,       93838.76223,   -6.876816455e-05,        91187.3373,          287.526341,          93838.76223
          0,           0,         138,      -6.762324786,       -5.47375127,      -3.952579521,       -3.66069586,      -1.015342299,   -6.91300163e-05,   -6.91300163e-05,      0.2033797884,       285.1858845,       91184.02212,       91184.02212,       1.113835523,       288897.4573,      -2.580815999,      0.7495423581,         60.57464392,        -0.9156513227,                80.81550464,       287.5451325,       287.5451325,       93851.60966,       93851.60966,    -6.91300163e-05,       91184.02212,         287.5451325,          93851.60966
          0,           0,         139,      -6.778213871,      -5.431023005,      -3.953194228,       -3.66055362,      -1.018657539,  -6.949076443e-05,  -6.949076443e-05,      0.2039923057,        285.190484,       91180.79782,       91180.79782,       1.113778174,       288916.4158,      -2.594417313,      0.7522225334,         60.78071386,        -0.9159354272,                80.80150641,       287.5640023,       287.5640023,       93864.54962,       93864.54962,   -6.949076443e-05,       91180.79782,         287.5640023,          93864.54962
          0,           0,         140,      -6.801290815,      -5.476745825,      -3.953962579,      -3.659648569,      -1.023453588,  -6.985036511e-05,  -6.985036511e-05,      0.2046028215,       285.1951612,       91177.66745,       91177.66745,       1.113721671,       288935.4497,      -2.607975206,      0.7548948388,         60.98652413,        -0.9162150537,                80.78810582,       287.5829471,       287.5829471,       93877.58269,       93877.58269,   -6.985036511e-05,       91177.66745,         287.5829471,          93877.58269
          0,           0,         141,      -6.831467173,      -5.477785913,       -3.95394497,      -3.659455585,      -1.029435994,  -7.020876869e-05,  -7.020876869e-05,      0.2052112562,       285.1999103,       91174.62883,       91174.62883,        1.11366601,       288954.5506,      -2.621487795,      0.7575588989,         61.19207236,        -0.9164902607,                80.77533305,       287.6019586,       287.6019586,       93890.70404,       93890.70404,   -7.020876869e-05,       91174.62883,         287.6019586,          93890.70404
          0,           0,         142,      -6.847859418,      -5.421460732,      -3.953877709,      -3.658181334,      -1.032022673,  -7.056599997e-05,  -7.056599997e-05,      0.2058176474,       285.2047281,       91171.68241,       91171.68241,       1.113611208,       288973.7158,      -2.634955927,      0.7602148616,         61.39735693,        -0.9167611637,                80.76316319,       287.6210341,       287.6210341,       93903.91472,       93903.91472,   -7.056599997e-05,       91171.68241,         287.6210341,          93903.91472
          0,           0,         143,       -6.87009893,      -5.407640338,      -3.953368932,      -3.657859399,      -1.035576358,  -7.092213384e-05,  -7.092213384e-05,      0.2064221154,       285.2096132,       91168.83032,       91168.83032,       1.113557298,       288992.9463,      -2.648382285,      0.7628632403,         61.60237687,        -0.9170279103,                80.75153398,       287.6401746,       287.6401746,       93917.21971,       93917.21971,   -7.092213384e-05,       91168.83032,         287.6401746,          93917.21971
          0,           0,         144,      -6.893037291,      -5.372444986,      -3.953063528,      -3.657388214,      -1.038708652,  -7.127727766e-05,  -7.127727766e-05,      0.2070248361,       285.2145645,       91166.07501,       91166.07501,       1.113504313,       289012.2449,      -2.661770758,      0.7655047887,         61.80713194,        -0.9172906659,                80.74035964,       287.6593829,       287.6593829,       93930.62588,       93930.62588,   -7.127727766e-05,       91166.07501,         287.6593829,          93930.62588
          0,           0,         145,       -6.92029732,      -5.391907146,      -3.954183009,      -3.657033195,      -1.041997855,   -7.16315557e-05,   -7.16315557e-05,      0.2076260137,       285.2195815,       91163.41895,       91163.41895,       1.113452286,       289031.6154,      -2.675125872,       0.768140388,         62.01162265,        -0.9175496017,                80.72954322,       287.6786627,       287.6786627,       93944.14094,       93944.14094,    -7.16315557e-05,       91163.41895,         287.6786627,          93944.14094
          0,           0,         146,      -6.935375864,      -5.381489361,      -3.954235899,      -3.656681524,      -1.043234391,  -7.198509562e-05,  -7.198509562e-05,      0.2082258594,        285.224663,       91160.86405,       91160.86405,       1.113401245,       289051.0614,      -2.688452287,      0.7707709484,         62.21585017,         -0.917804885,                80.71898701,       287.6980176,       287.6980176,        93957.7723,        93957.7723,   -7.198509562e-05,       91160.86405,         287.6980176,           93957.7723
          0,           0,         147,      -6.964584191,      -5.379524129,        -3.9540785,      -3.657504372,      -1.046158409,  -7.233801516e-05,  -7.233801516e-05,      0.2088245709,       285.2298064,       91158.41043,       91158.41043,       1.113351201,       289070.5848,      -2.701754333,      0.7733973179,          62.4198162,        -0.9180566698,                80.70860184,       287.7174496,       287.7174496,        93971.5252,        93971.5252,   -7.233801516e-05,       91158.41043,         287.7174496,           93971.5252
          0,           0,         148,      -6.971877157,       -5.39124024,      -3.954038346,      -3.657710484,      -1.045838988,  -7.269041545e-05,  -7.269041545e-05,      0.2094223202,       285.2350076,       91156.05627,       91156.05627,       1.113302147,       289090.1852,      -2.715035764,       0.776020232,         62.62352287,        -0.9183050938,                80.69831209,       287.7369583,       287.7369583,       93985.40225,       93985.40225,   -7.269041545e-05,       91156.05627,         287.7369583,          93985.40225
          0,           0,         149,      -6.967019707,      -5.387686372,      -3.951974303,      -3.658830269,      -1.044260058,  -7.304237597e-05,  -7.304237597e-05,      0.2100192459,       285.2402607,       91153.79773,       91153.79773,       1.113254061,         289109.86,       -2.72829957,      0.7786402763,         62.82697272,        -0.9185502755,                80.68805922,        287.756541,        287.756541,       93999.40313,       93999.40313,   -7.304237597e-05,       91153.79773,          287.756541,          93999.40313
          0,           0,         150,      -6.961645206,      -5.395525385,      -3.951912756,      -3.659876295,      -1.042326144,  -7.339395256e-05,  -7.339395256e-05,      0.2106154497,       285.2455581,       91151.62868,       91151.62868,       1.113206896,       289129.6035,       -2.74154791,      0.7812578734,         63.03016815,        -0.9187923142,                80.67780217,       287.7761921,       287.7761921,       94013.52418,       94013.52418,   -7.339395256e-05,       91151.62868,         287.7761921,          94013.52418
          0,           0,         151,      -6.920184697,      -5.372604246,      -3.951580918,      -3.660438524,       -1.03574867,  -7.374517909e-05,  -7.374517909e-05,      0.2112109994,       285.2508904,       91149.54079,       91149.54079,       1.113160588,       289149.4079,      -2.754782175,      0.7838732946,         63.23311162,         -0.919031292,                80.66751611,       287.7959037,       287.7959037,       94027.75856,       94027.75856,   -7.374517909e-05,       91149.54079,         287.7959037,          94027.75856
          0,           0,         152,      -6.903850637,      -5.359393026,      -3.951084942,      -3.662125281,      -1.032730874,  -7.409607008e-05,  -7.409607008e-05,      0.2118059327,       285.2562464,       91147.52371,       91147.52371,       1.113115054,       289169.2626,      -2.768003083,      0.7864866778,         63.43580535,        -0.9192672768,                80.65718993,       287.8156655,       287.8156655,       94042.09654,       94042.09654,   -7.409607008e-05,       91147.52371,         287.8156655,          94042.09654
          0,           0,         153,      -6.882018921,      -5.354192089,      -3.951618992,      -3.663091777,      -1.028473646,  -7.444662533e-05,  -7.444662533e-05,      0.2124002652,       285.2616138,       91145.56534,       91145.56534,       1.113070195,       289189.1552,      -2.781210845,      0.7890980606,         63.63825153,        -0.9195003256,                80.64682287,        287.835465,        287.835465,       94056.52596,       94056.52596,   -7.444662533e-05,       91145.56534,          287.835465,          94056.52596
          0,           0,         154,      -6.895975538,      -5.325836023,      -3.953163611,      -3.665637933,      -1.030229763,  -7.479683373e-05,  -7.479683373e-05,      0.2129939954,       285.2669788,        91143.6522,        91143.6522,       1.113025898,       289209.0718,      -2.794405298,      0.7917074062,         63.84045259,        -0.9197304879,                80.63642211,       287.8552884,       287.8552884,       94071.03276,       94071.03276,   -7.479683373e-05,        91143.6522,         287.8552884,          94071.03276
          0,           0,         155,      -6.885815984,      -5.411060903,      -3.951257317,      -3.667495628,      -1.027908281,  -7.514667725e-05,  -7.514667725e-05,      0.2135871118,       285.2723269,       91141.76986,       91141.76986,       1.112982046,       289228.9972,      -2.807586051,      0.7943146313,         64.04241098,        -0.9199578081,                80.62599939,       287.8751205,       287.8751205,       94085.60164,       94085.60164,   -7.514667725e-05,       91141.76986,         287.8751205,          94085.60164
          0,           0,         156,      -6.851050023,      -5.424110465,      -3.948772988,      -3.668527424,      -1.021050148,  -7.549613461e-05,  -7.549613461e-05,      0.2141795975,       285.2776435,       91139.90357,       91139.90357,       1.112938514,        289248.916,      -2.820752601,        0.79691963,         64.24412886,        -0.9201823284,                80.61556829,       287.8949461,       287.8949461,       94100.21676,       94100.21676,   -7.549613461e-05,       91139.90357,         287.8949461,          94100.21676
          0,           0,         157,      -6.832388179,      -5.451655606,      -3.945892165,       -3.66990306,      -1.016811659,  -7.584518551e-05,  -7.584518551e-05,      0.2147714371,       285.2829141,       91138.03877,       91138.03877,       1.112895181,        289268.813,      -2.833904487,      0.7995223034,         64.44560797,        -0.9204040906,                80.60514097,         287.91475,         287.91475,       94114.86253,       94114.86253,   -7.584518551e-05,       91138.03877,           287.91475,          94114.86253
          0,           0,         158,      -6.839990074,      -5.375751504,      -3.944354747,       -3.67201162,      -1.017585187,  -7.619381231e-05,  -7.619381231e-05,      0.2153626194,       285.2881246,       91136.16131,       91136.16131,        1.11285193,       289288.6736,      -2.847041342,      0.8021225708,         64.64684996,        -0.9206231378,                80.59472744,       287.9345176,       287.9345176,       94129.52389,       94129.52389,   -7.619381231e-05,       91136.16131,         287.9345176,          94129.52389
          0,           0,         159,      -6.827944197,      -5.392514138,      -3.941344196,      -3.673184756,      -1.014345061,  -7.654200254e-05,  -7.654200254e-05,      0.2159531433,       285.2932603,       91134.25645,       91134.25645,       1.112808637,       289308.4827,      -2.860163011,      0.8047203954,         64.84785646,        -0.9208395152,                80.58433318,       287.9542339,       287.9542339,       94144.18542,       94144.18542,   -7.654200254e-05,       91134.25645,         287.9542339,          94144.18542
          0,           0,         160,      -6.839816325,       -5.38725104,      -3.940065695,      -3.674650221,      -1.015673685,  -7.688975161e-05,  -7.688975161e-05,      0.2165430202,       285.2983068,       91132.30995,       91132.30995,       1.112765186,       289328.2257,      -2.873269625,      0.8073157953,         65.04862871,        -0.9210532719,                80.57395767,       287.9738845,       287.9738845,       94158.83258,       94158.83258,   -7.688975161e-05,       91132.30995,         287.9738845,          94158.83258
          0,           0,         161,      -6.858250803,      -5.445632765,      -3.937489373,      -3.676496141,      -1.018280471,  -7.723705088e-05,  -7.723705088e-05,      0.2171322542,       285.3032507,       91130.30821,       91130.30821,       1.112721461,        289347.889,      -2.886361162,      0.8099087579,         65.24916748,        -0.9212644535,                 80.5636028,       287.9934558,       287.9934558,       94173.45126,       94173.45126,   -7.723705088e-05,       91130.30821,         287.9934558,          94173.45126
          0,           0,         162,      -6.861532883,      -5.423005371,      -3.934607045,      -3.677248997,      -1.017870667,   -7.75838994e-05,   -7.75838994e-05,      0.2177208598,       285.3080799,       91128.23906,       91128.23906,       1.112677363,       289367.4608,      -2.899437858,      0.8124993209,          65.4494735,        -0.9214731091,                80.55326549,       288.0129359,       288.0129359,       94188.02913,       94188.02913,    -7.75838994e-05,       91128.23906,         288.0129359,          94188.02913
          0,           0,         163,      -6.860660315,      -5.375089716,      -3.931409464,      -3.677967676,      -1.016865026,  -7.793030233e-05,  -7.793030233e-05,      0.2183088595,       285.3127842,       91126.09223,       91126.09223,       1.112632804,       289386.9308,      -2.912500141,      0.8150875586,         65.64954732,        -0.9216792896,                80.54293877,       288.0323148,       288.0323148,       94202.55604,       94202.55604,   -7.793030233e-05,       91126.09223,         288.0323148,          94202.55604
          0,           0,         164,      -6.880877513,      -5.402962955,      -3.928434948,      -3.679306393,      -1.019704914,  -7.827626881e-05,  -7.827626881e-05,       0.218896279,       285.3173553,       91123.85977,       91123.85977,       1.112587721,       289406.2913,      -2.925548538,      0.8176735646,         65.84938925,        -0.9218830464,                80.53261363,       288.0515847,       288.0515847,       94217.02432,       94217.02432,   -7.827626881e-05,       91123.85977,         288.0515847,          94217.02432
          0,           0,         165,       -6.90531968,      -5.486225247,      -3.926175636,      -3.680270175,      -1.022727907,  -7.862181075e-05,  -7.862181075e-05,      0.2194831454,       285.3217875,       91121.53628,       91121.53628,        1.11254207,        289425.537,      -2.938583626,      0.8202574425,         66.04899951,        -0.9220844303,                80.52228007,       288.0707403,       288.0707403,       94231.42899,       94231.42899,   -7.862181075e-05,       91121.53628,         288.0707403,          94231.42899
          0,           0,         166,      -6.913058249,      -5.438454142,      -3.924586471,      -3.680369597,      -1.022916406,  -7.896693996e-05,  -7.896693996e-05,      0.2200694806,       285.3260782,       91119.11954,       91119.11954,       1.112495833,       289444.6657,       -2.95160591,      0.8228392803,         66.24837829,        -0.9222834901,                 80.5119297,       288.0897795,       288.0897795,       94245.76825,       94245.76825,   -7.896693996e-05,       91119.11954,         288.0897795,          94245.76825
          0,           0,         167,       -6.92972536,      -5.367336234,      -3.922601437,      -3.681191984,      -1.024510411,  -7.931164347e-05,  -7.931164347e-05,      0.2206552513,       285.3302318,       91116.61507,       91116.61507,       1.112449061,       289463.6809,       -2.96461479,      0.8254189388,           66.447523,        -0.9224802583,                80.50157305,       288.1087057,       288.1087057,       94260.04665,       94260.04665,   -7.931164347e-05,       91116.61507,         288.1087057,          94260.04665
          0,           0,         168,      -6.934136739,      -5.338568305,      -3.921945473,      -3.681472814,      -1.024227052,  -7.965590795e-05,  -7.965590795e-05,      0.2212404269,        285.334254,       91114.02918,       91114.02918,       1.112401808,       289482.5875,      -2.977609639,      0.8279962862,         66.64643713,        -0.9226747639,                80.49122712,       288.1275238,       288.1275238,       94274.26967,       94274.26967,   -7.965590795e-05,       91114.02918,         288.1275238,          94274.26967
          0,           0,         169,       -6.95814973,      -5.400483681,      -3.919695931,      -3.682174447,      -1.026427614,  -7.999972234e-05,  -7.999972234e-05,      0.2218249787,       285.3381518,       91111.36934,       91111.36934,       1.112354139,       289501.3917,      -2.990589886,      0.8305712018,         66.84511695,        -0.9228670365,                80.48089894,       288.1462399,       288.1462399,       94288.44405,       94288.44405,   -7.999972234e-05,       91111.36934,         288.1462399,          94288.44405
          0,           0,         170,      -6.938453888,      -5.368557893,       -3.91720282,      -3.681814535,      -1.023194092,  -8.034309149e-05,  -8.034309149e-05,      0.2224089079,       285.3419315,       91108.64184,       91108.64184,       1.112306106,       289520.0998,      -3.003555585,      0.8331436924,         67.04356229,        -0.9230571136,                80.47058736,       288.1648604,       288.1648604,       94302.57614,       94302.57614,   -8.034309149e-05,       91108.64184,         288.1648604,          94302.57614
          0,           0,         171,      -6.943426629,      -5.377910912,      -3.917523697,      -3.682652024,      -1.023126181,  -8.068603555e-05,  -8.068603555e-05,      0.2229922427,       285.3455988,       91105.85199,       91105.85199,       1.112257751,       289538.7181,      -3.016507383,      0.8357138827,         67.24177311,        -0.9232450403,                80.46028013,       288.1833916,       288.1833916,        94316.6721,        94316.6721,   -8.068603555e-05,       91105.85199,         288.1833916,           94316.6721
          0,           0,         172,       -6.96466684,      -5.388398038,      -3.918323361,      -3.683340004,      -1.024767051,  -8.102858556e-05,  -8.102858556e-05,      0.2235750295,       285.3491591,       91103.00477,       91103.00477,       1.112209114,       289557.2532,      -3.029446345,      0.8382819786,         67.43974926,         -0.923430867,                80.44995715,       288.2018399,       288.2018399,       94330.73828,       94330.73828,   -8.102858556e-05,       91103.00477,         288.2018399,          94330.73828
          0,           0,         173,      -6.957209545,      -5.368382923,      -3.919311014,      -3.683534642,      -1.023056026,  -8.137077567e-05,  -8.137077567e-05,      0.2241573201,       285.3526179,       91100.10497,       91100.10497,       1.112160231,       289575.7119,      -3.042373653,      0.8408482103,         67.63749065,        -0.9236146443,                80.43959637,       288.2202122,       288.2202122,       94344.78099,       94344.78099,   -8.137077567e-05,       91100.10497,         288.2202122,          94344.78099
          0,           0,         174,      -6.950504078,      -5.384559457,      -3.920448479,      -3.684149686,      -1.021610624,  -8.171263613e-05,  -8.171263613e-05,      0.2247391599,        285.355981,       91097.15722,       91097.15722,       1.112111138,       289594.1011,       -3.05529035,      0.8434127799,         67.83499751,        -0.9237964194,                80.42917909,       288.2385153,       288.2385153,       94358.80626,       94358.80626,   -8.171263613e-05,       91097.15722,         288.2385153,          94358.80626
          0,           0,         175,      -6.911610942,      -5.367248776,      -3.920523298,      -3.683583094,      -1.015776416,  -8.205418814e-05,  -8.205418814e-05,      0.2253205797,       285.3592539,       91094.16577,       91094.16577,       1.112061863,        289612.427,      -3.068197154,      0.8459758252,         68.03226851,        -0.9239762339,                80.41869104,       288.2567555,       288.2567555,       94372.81925,       94372.81925,   -8.205418814e-05,       91094.16577,         288.2567555,          94372.81925
          0,           0,         176,      -6.888107966,      -5.365429046,      -3.921587459,      -3.684119769,      -1.011823313,  -8.239543906e-05,  -8.239543906e-05,       0.225901586,       285.3624425,       91091.13513,       91091.13513,        1.11201244,       289630.6958,      -3.081094255,      0.8485373791,         68.22930411,        -0.9241541211,                80.40813026,       288.2749387,       288.2749387,       94386.82472,       94386.82472,   -8.239543906e-05,       91091.13513,         288.2749387,          94386.82472
          0,           0,         177,      -6.880564097,        -5.4269322,      -3.924564511,      -3.684828087,      -1.010110144,  -8.273571395e-05,  -8.273571395e-05,      0.2264814328,       285.3653855,       91087.88238,       91087.88238,       1.111961264,       289648.7242,      -3.093960881,      0.8510936578,         68.42610369,        -0.9243297669,                80.39785406,       288.2928828,       288.2928828,        94400.6109,        94400.6109,   -8.273571395e-05,       91087.88238,         288.2928828,           94400.6109
          0,           0,         178,      -6.883713855,      -5.431632728,       -3.92684928,      -3.685739308,      -1.009929298,  -8.307414953e-05,  -8.307414953e-05,      0.2270591068,        285.367846,       91084.14273,       91084.14273,       1.111906025,       289666.2451,      -3.106771257,       0.853639682,         68.62266543,        -0.9245028367,                80.38832646,       288.3103217,       288.3103217,       94413.87283,       94413.87283,   -8.307414953e-05,       91084.14273,         288.3103217,          94413.87283
          0,           0,         179,      -6.856748926,      -5.397744858,      -3.927970857,      -3.685212127,      -1.004667491,  -8.341117964e-05,  -8.341117964e-05,      0.2276349979,       285.3698904,       91079.99468,       91079.99468,       1.111847422,       289683.3357,       -3.11953978,      0.8561776642,         68.81899074,        -0.9246736833,                80.37933436,       288.3273323,       288.3273323,       94426.70272,       94426.70272,   -8.341117964e-05,       91079.99468,         288.3273323,          94426.70272
          0,           0,         180,      -6.817843109,       -5.38922902,      -3.926982547,      -3.684148821,     -0.9967690868,  -8.374708816e-05,  -8.374708816e-05,      0.2282094577,       285.3715948,       91075.52566,       91075.52566,       1.111786227,       289700.0819,      -3.132275004,      0.8587092811,         69.01508041,        -0.9248424621,                80.37071676,           288.344,           288.344,        94439.2011,        94439.2011,   -8.374708816e-05,       91075.52566,             288.344,           94439.2011
          0,           0,         181,      -6.811619052,      -5.329914584,      -3.928724294,       -3.68442936,     -0.9948288319,  -8.408196246e-05,  -8.408196246e-05,      0.2287825485,       285.3730202,       91070.80518,       91070.80518,        1.11172305,       289716.5469,      -3.144978553,      0.8612348833,         69.21093228,         -0.925009224,                80.36243494,        288.360388,        288.360388,       94451.44143,       94451.44143,   -8.408196246e-05,       91070.80518,          288.360388,          94451.44143
          0,           0,         182,      -6.809320482,      -5.357662848,      -3.931658188,      -3.685184332,     -0.9940414915,  -8.441608776e-05,  -8.441608776e-05,       0.229354609,        285.374247,       91065.92322,       91065.92322,       1.111658675,        289732.821,      -3.157658929,      0.8637561176,         69.40654145,        -0.9251741195,                80.35432692,        288.376586,        288.376586,       94463.52676,       94463.52676,   -8.441608776e-05,       91065.92322,          288.376586,          94463.52676
          0,           0,         183,      -6.809784078,      -5.381513887,      -3.932855792,      -3.685105319,     -0.9935574845,  -8.474961834e-05,  -8.474961834e-05,      0.2299257954,       285.3753461,       91060.95763,       91060.95763,       1.111593778,       289748.9801,      -3.170320018,      0.8662737744,         69.60190555,        -0.9253372249,                  80.346315,       288.3926694,       288.3926694,       94475.54222,       94475.54222,   -8.474961834e-05,       91060.95763,         288.3926694,          94475.54222
          0,           0,         184,      -6.799890779,      -5.397248317,      -3.932623293,       -3.68461122,     -0.9909363622,  -8.508260206e-05,  -8.508260206e-05,      0.2304961071,       285.3763759,       91055.97107,       91055.97107,       1.111528896,       289765.0832,      -3.182962086,      0.8687879308,         69.79702626,        -0.9254985669,                80.33839305,       288.4086971,       288.4086971,        94487.5526,        94487.5526,   -8.508260206e-05,       91055.97107,         288.4086971,           94487.5526
          0,           0,         185,      -6.797036084,      -5.405206145,      -3.933799306,      -3.684578821,     -0.9899596389,  -8.541500672e-05,  -8.541500672e-05,       0.231065431,       285.3773818,       91051.01054,       91051.01054,       1.111464424,       289781.1733,      -3.195582784,      0.8712981443,         69.99190486,        -0.9256581383,                80.33060247,       288.4247119,       288.4247119,       94499.60304,       94499.60304,   -8.541500672e-05,       91051.01054,         288.4247119,          94499.60304
          0,           0,         186,       -6.81805602,      -5.397640404,      -3.937155844,      -3.685116216,     -0.9936351864,  -8.574675045e-05,  -8.574675045e-05,      0.2316335894,       285.3783975,       91046.10869,       91046.10869,       1.111400631,       289797.2797,      -3.208178259,        0.87380367,           70.186542,        -0.9258159147,                80.32301122,       288.4407429,       288.4407429,       94511.72185,       94511.72185,   -8.574675045e-05,       91046.10869,         288.4407429,          94511.72185
          0,           0,         187,      -6.818563803,      -5.455766921,      -3.936541003,      -3.685175968,     -0.9931510179,  -8.607773175e-05,  -8.607773175e-05,      0.2322003875,       285.3794463,       91041.28614,       91041.28614,       1.111337678,       289813.4206,      -3.220744219,      0.8763036714,         70.38093801,         -0.925971868,                80.31569456,       288.4568082,       288.4568082,        94523.9243,        94523.9243,   -8.607773175e-05,       91041.28614,         288.4568082,           94523.9243
          0,           0,         188,       -6.82648203,      -5.422939771,      -3.935612665,      -3.684972794,     -0.9938388854,  -8.640785546e-05,  -8.640785546e-05,      0.2327656528,       285.3805436,       91036.55426,       91036.55426,       1.111275644,       289829.6067,      -3.233276839,      0.8787973986,         70.57509123,        -0.9261259783,                80.30871659,       288.4729185,       288.4729185,       94536.21665,       94536.21665,   -8.640785546e-05,       91036.55426,         288.4729185,          94536.21665
          0,           0,         189,      -6.828879962,      -5.370440057,      -3.934992594,      -3.684129573,     -0.9934730319,  -8.673705471e-05,  -8.673705471e-05,       0.233329265,          285.3817,       91031.91926,       91031.91926,       1.111214562,       289845.8454,      -3.245773482,      0.8812843303,         70.76900125,        -0.9262782424,                80.30212136,       288.4890813,       288.4890813,        94548.6014,        94548.6014,   -8.673705471e-05,       91031.91926,         288.4890813,           94548.6014
          0,           0,         190,       -6.83854092,      -5.401070098,      -3.933662547,      -3.684093932,     -0.9947647746,   -8.70652957e-05,   -8.70652957e-05,       0.233891164,       285.3829234,       91027.38387,       91027.38387,       1.111154435,       289862.1428,      -3.258232837,      0.8837642053,         70.96266718,        -0.9264286741,                 80.2959282,       288.5053024,       288.5053024,       94561.07926,       94561.07926,    -8.70652957e-05,       91027.38387,         288.5053024,          94561.07926
          0,           0,         191,       -6.83920316,      -5.340424101,      -3.932874756,      -3.683399718,     -0.9942640734,  -8.739257637e-05,  -8.739257637e-05,       0.234451345,       285.3842198,       91022.94893,       91022.94893,       1.111095252,       289878.5044,      -3.270654823,      0.8862370051,         71.15609102,        -0.9265773025,                80.29013753,       288.5215874,       288.5215874,       94573.65059,       94573.65059,   -8.739257637e-05,       91022.94893,         288.5215874,          94573.65059
          0,           0,         192,      -6.845288783,      -5.346976625,      -3.930343226,      -3.683300258,     -0.9949201238,  -8.771892211e-05,  -8.771892211e-05,      0.2350098503,       285.3855936,       91018.61424,       91018.61424,       1.111036991,       289894.9357,      -3.283040417,      0.8887029189,         71.34927075,        -0.9267241686,                80.28472646,       288.5379417,       288.5379417,       94586.31617,       94586.31617,   -8.771892211e-05,       91018.61424,         288.5379417,          94586.31617
          0,           0,         193,      -6.872036821,      -5.314047165,      -3.931600423,      -3.683999092,     -0.9987299288,   -8.80443856e-05,   -8.80443856e-05,      0.2355667684,       285.3870487,       91014.37926,       91014.37926,       1.110979631,       289911.4425,      -3.295391614,      0.8911623387,         71.54220751,        -0.9268693245,                80.27965771,       288.5543713,       288.5543713,       94599.07787,       94599.07787,    -8.80443856e-05,       91014.37926,         288.5543713,          94599.07787
          0,           0,         194,      -6.887265851,      -5.349314167,      -3.929978206,        -3.6843206,      -1.000411174,  -8.836904273e-05,  -8.836904273e-05,      0.2361222255,       285.3885891,       91010.24405,       91010.24405,       1.110923158,       289928.0322,      -3.307711264,       0.893615825,         71.73490172,        -0.9270128312,                80.27487844,       288.5708834,       288.5708834,       94611.93936,       94611.93936,   -8.836904273e-05,       91010.24405,         288.5708834,          94611.93936
          0,           0,         195,      -6.902225752,       -5.36805277,      -3.929531611,      -3.684820474,      -1.001988799,  -8.869298841e-05,  -8.869298841e-05,      0.2366763795,       285.3902189,       91006.20915,       91006.20915,       1.110867561,       289944.7129,      -3.320002914,      0.8960640775,         71.92735397,        -0.9271547557,                80.27032417,       288.5874859,       288.5874859,       94624.90581,       94624.90581,   -8.869298841e-05,       91006.20915,         288.5874859,          94624.90581
          0,           0,         196,      -6.889991257,      -5.287057008,      -3.925442744,      -3.684758844,     -0.9996793525,   -8.90163287e-05,   -8.90163287e-05,      0.2372294062,       285.3919423,       91002.27556,       91002.27556,       1.110812838,       289961.4934,      -3.332270515,      0.8985078771,         72.11956508,        -0.9272951677,                80.26592411,       288.6041879,       288.6041879,       94637.98353,       94637.98353,    -8.90163287e-05,       91002.27556,         288.6041879,          94637.98353
          0,           0,         197,      -6.899740418,      -5.271830274,      -3.925982445,      -3.685720718,       -1.00053833,  -8.933917496e-05,  -8.933917496e-05,      0.2377814909,       285.3937635,       90998.44424,       90998.44424,       1.110758983,       289978.3829,      -3.344518214,      0.9009480458,         72.31153776,         -0.927434137,                80.26160676,       288.6209983,       288.6209983,       94651.17908,       94651.17908,   -8.933917496e-05,       90998.44424,         288.6209983,          94651.17908
          0,           0,         198,      -6.906924541,      -5.278696528,       -3.92617901,      -3.686573761,      -1.001115498,  -8.966163363e-05,  -8.966163363e-05,      0.2383328099,       285.3956866,       90994.71647,       90994.71647,       1.110705996,       289995.3901,      -3.356749967,      0.9033853666,          72.5032718,        -0.9275717293,                80.25730157,       288.6379259,       288.6379259,       94664.49917,       94664.49917,   -8.966163363e-05,       90994.71647,         288.6379259,          94664.49917
          0,           0,         199,       -6.92495462,      -5.349316035,      -3.926420593,      -3.688153393,      -1.002926175,  -8.998380333e-05,  -8.998380333e-05,      0.2388835268,       285.3977157,       90991.09341,       90991.09341,       1.110653876,       290012.5236,       -3.36896944,      0.9058205669,         72.69476867,        -0.9277080047,                80.25294559,       288.6549792,       288.6549792,       94677.95003,       94677.95003,   -8.998380333e-05,       90991.09341,         288.6549792,          94677.95003
          0,           0,         200,      -6.915745173,      -5.366705017,      -3.924911841,      -3.688679648,       -1.00110461,  -9.030576892e-05,  -9.030576892e-05,      0.2394337856,       285.3998533,       90987.57452,       90987.57452,       1.110602605,       290029.7898,      -3.381179831,      0.9082542831,         72.88603003,        -0.9278430164,                 80.2484848,       288.6721646,       288.6721646,       94691.53553,       94691.53553,   -9.030576892e-05,       90987.57452,         288.6721646,          94691.53553
          0,           0,         201,      -6.915116893,      -5.370031293,      -3.923749291,      -3.688983137,     -0.9999819103,  -9.062759836e-05,  -9.062759836e-05,      0.2399837093,       285.4020984,       90984.15551,       90984.15551,       1.110552136,       290047.1909,      -3.393383801,      0.9106870498,         73.07705756,        -0.9279768093,                80.24387475,       288.6894843,       288.6894843,       94705.25505,       94705.25505,   -9.062759836e-05,       90984.15551,         288.6894843,          94705.25505
          0,           0,         202,      -6.903389756,      -5.367215579,      -3.922095296,      -3.690176354,     -0.9980513542,   -9.09493419e-05,   -9.09493419e-05,      0.2405333955,        285.404447,       90980.82892,       90980.82892,       1.110502393,       290064.7256,      -3.405583438,      0.9131192853,         73.26785296,        -0.9281094212,                80.23908173,       288.7069369,       288.7069369,       94719.10389,       94719.10389,    -9.09493419e-05,       90980.82892,         288.7069369,          94719.10389
          0,           0,         203,      -6.901810736,      -5.326755296,      -3.921685768,      -3.691414968,     -0.9972902389,  -9.127103187e-05,  -9.127103187e-05,      0.2410829147,       285.4068928,       90977.58498,       90977.58498,       1.110453282,       290082.3894,      -3.417780218,      0.9155512856,         73.45841798,        -0.9282408823,                80.23408316,        288.724518,        288.724518,       94733.07414,       94733.07414,   -9.127103187e-05,       90977.58498,          288.724518,          94733.07414
          0,           0,         204,      -6.899340529,      -5.341919278,      -3.921159092,      -3.692648099,     -0.9965450924,  -9.159268832e-05,  -9.159268832e-05,      0.2416323183,       285.4094281,       90974.41265,       90974.41265,       1.110404697,       290100.1759,      -3.429975195,      0.9179832604,         73.64875432,        -0.9283712182,                80.22886418,       288.7422212,       288.7422212,       94747.15592,       94747.15592,   -9.159268832e-05,       90974.41265,         288.7422212,          94747.15592
          0,           0,         205,      -6.888554885,      -5.352429201,       -3.92065653,      -3.693862058,     -0.9947199059,  -9.191431872e-05,  -9.191431872e-05,      0.2421816379,       285.4120439,       90971.29984,       90971.29984,       1.110356527,       290118.0767,      -3.442168979,      0.9204153298,         73.83886362,        -0.9285004491,                80.22341788,       288.7600382,       288.7600382,       94761.33768,       94761.33768,   -9.191431872e-05,       90971.29984,         288.7600382,          94761.33768
          0,           0,         206,      -6.869215072,      -5.298598649,      -3.919911314,      -3.694612126,     -0.9916338889,  -9.223591409e-05,  -9.223591409e-05,       0.242730879,       285.4147298,        90968.2336,        90968.2336,       1.110308653,       290136.0815,      -3.454361587,      0.9228474964,         74.02874744,        -0.9286285886,                80.21774749,       288.7779588,       288.7779588,       94775.60613,       94775.60613,   -9.223591409e-05,        90968.2336,         288.7779588,          94775.60613
          0,           0,         207,      -6.902820269,      -5.334987463,      -3.923166768,      -3.697374156,     -0.9960840636,  -9.255745079e-05,  -9.255745079e-05,      0.2432800226,       285.4174747,        90965.2006,        90965.2006,       1.110260956,       290154.1784,      -3.466552496,       0.925279653,         74.21840721,        -0.9287556446,                80.21186564,        288.795971,        288.795971,       94789.94679,       94789.94679,   -9.255745079e-05,        90965.2006,          288.795971,          94789.94679
          0,           0,         208,      -6.888974772,      -5.399617532,      -3.922145744,      -3.698040677,     -0.9937540528,  -9.287889343e-05,  -9.287889343e-05,      0.2438290297,       285.4202666,        90962.1875,        90962.1875,       1.110213321,       290172.3542,      -3.478740738,      0.9277116039,         74.40784434,        -0.9288816206,                80.20579243,       288.8140617,       288.8140617,       94804.34452,       94804.34452,   -9.287889343e-05,        90962.1875,         288.8140617,          94804.34452
          0,           0,         209,       -6.85600488,      -5.368905374,      -3.918985252,      -3.697560122,     -0.9883300226,  -9.320019502e-05,  -9.320019502e-05,      0.2443778409,       285.4230929,       90959.18138,       90959.18138,       1.110165637,       290190.5945,      -3.490924894,      0.9301430614,         74.59705871,        -0.9290065158,                80.19955403,       288.8322166,       288.8322166,       94818.78394,       94818.78394,   -9.320019502e-05,       90959.18138,         288.8322166,          94818.78394
          0,           0,         210,      -6.861018661,      -5.311637305,      -3.920526248,      -3.698567728,     -0.9886666574,   -9.35213023e-05,   -9.35213023e-05,      0.2449263847,       285.4259407,       90956.17008,       90956.17008,       1.110117807,       290208.8839,      -3.503103277,       0.932573684,         74.78605364,        -0.9291303269,                80.19318465,       288.8504203,       288.8504203,       94833.25005,       94833.25005,    -9.35213023e-05,       90956.17008,         288.8504203,          94833.25005
          0,           0,         211,      -6.861640128,      -5.321153722,      -3.920877914,      -3.699310498,     -0.9883198396,  -9.384214898e-05,  -9.384214898e-05,      0.2454745668,       285.4287966,       90953.14212,       90953.14212,       1.110069744,        290227.206,      -3.515273688,      0.9350030277,         74.97482729,        -0.9292530458,                 80.1867214,       288.8686567,       288.8686567,       94847.72778,       94847.72778,   -9.384214898e-05,       90953.14212,         288.8686567,          94847.72778
          0,           0,         212,      -6.880552336,      -5.353313872,      -3.923392063,      -3.700408165,     -0.9905449246,  -9.416265971e-05,  -9.416265971e-05,      0.2460222776,       285.4316461,       90950.08613,       90950.08613,       1.110021365,       290245.5432,      -3.527433574,      0.9374305787,         75.16338155,        -0.9293746613,                80.18021094,       288.8869081,       288.8869081,       94862.20167,       94862.20167,   -9.416265971e-05,       90950.08613,         288.8869081,          94862.20167
          0,           0,         213,      -6.909173897,      -5.399705727,      -3.928027252,      -3.701895929,     -0.9937693468,  -9.448276224e-05,  -9.448276224e-05,        0.24656941,       285.4344743,       90946.99195,       90946.99195,       1.109972603,       290263.8772,      -3.539580446,      0.9398558341,         75.35171675,        -0.9294951637,                80.17369688,       288.9051562,       288.9051562,       94876.65754,       94876.65754,   -9.448276224e-05,       90946.99195,         288.9051562,          94876.65754
          0,           0,         214,      -6.903071044,      -5.395465848,      -3.927454283,      -3.701766694,     -0.9921514746,  -9.480239129e-05,  -9.480239129e-05,      0.2471158659,       285.4372658,       90943.85092,       90943.85092,       1.109923413,       290282.1892,      -3.551712017,      0.9422783292,         75.53983305,        -0.9296145459,                80.16721887,       288.9233825,       288.9233825,       94891.08301,       94891.08301,   -9.480239129e-05,       90943.85092,         288.9233825,          94891.08301
          0,           0,         215,      -6.888023204,      -5.378717489,      -3.927043413,      -3.701282643,     -0.9892992065,  -9.512148675e-05,  -9.512148675e-05,      0.2476615516,       285.4400052,        90940.6566,        90940.6566,       1.109873777,        290300.461,      -3.563826107,      0.9446976198,          75.7277304,        -0.9297328025,                80.16081422,       288.9415688,       288.9415688,       94905.46816,       94905.46816,   -9.512148675e-05,        90940.6566,         288.9415688,          94905.46816
          0,           0,         216,      -6.891764264,      -5.367091441,      -3.927077148,      -3.701593476,     -0.9891692285,   -9.54399944e-05,   -9.54399944e-05,      0.2482063775,        285.442678,       90937.40565,       90937.40565,       1.109823709,       290318.6749,      -3.575920645,      0.9471132819,         75.91540887,          -0.92984993,                80.15451828,       288.9596975,       288.9596975,        94919.8064,        94919.8064,    -9.54399944e-05,       90937.40565,         288.9596975,           94919.8064
          0,           0,         217,      -6.863917708,      -5.345117714,      -3.927411234,      -3.700715551,     -0.9845122531,  -9.575786655e-05,  -9.575786655e-05,      0.2487502606,        285.445271,       90934.09751,       90934.09751,       1.109773254,       290336.8152,      -3.587993715,      0.9495249232,         76.10286812,        -0.9299659261,                80.14836289,       288.9777529,       288.9777529,        94934.0942,        94934.0942,   -9.575786655e-05,       90934.09751,         288.9777529,           94934.0942
          0,           0,         218,      -6.871766712,      -5.309478506,      -3.929138917,      -3.701350941,     -0.9850998003,  -9.607507445e-05,  -9.607507445e-05,      0.2492931567,       285.4477782,        90930.7311,        90930.7311,       1.109722422,       290354.8742,      -3.600044213,      0.9519323266,         76.29010811,         -0.930080795,                80.14236515,       288.9957273,       288.9957273,       94948.32878,       94948.32878,   -9.607507445e-05,        90930.7311,         288.9957273,          94948.32878
          0,           0,         219,      -6.907202508,      -5.306510438,      -3.933956356,      -3.702828731,     -0.9892224476,  -9.639156562e-05,  -9.639156562e-05,      0.2498349684,       285.4502183,       90927.31309,       90927.31309,       1.109671223,       290372.8679,      -3.612070155,      0.9543350925,         76.47712853,        -0.9301945334,                  80.136557,       289.0136368,       289.0136368,       94962.51365,       94962.51365,   -9.639156562e-05,       90927.31309,         289.0136368,          94962.51365
          0,           0,         220,      -6.907846235,      -5.348765992,      -3.935436844,      -3.703392781,      -0.988625081,  -9.670730205e-05,  -9.670730205e-05,      0.2503755975,       285.4525894,       90923.85599,       90923.85599,       1.109619816,       290390.7914,      -3.624069603,      0.9567327982,         76.66392863,        -0.9303071436,                80.13097154,       289.0314764,       289.0314764,       94976.65839,       94976.65839,   -9.670730205e-05,       90923.85599,         289.0314764,          94976.65839
          0,           0,         221,      -6.890392824,      -5.401111933,      -3.935301423,      -3.702880278,     -0.9855785836,  -9.702225419e-05,  -9.702225419e-05,      0.2509149613,       285.4548771,       90920.37396,       90920.37396,       1.109568429,       290408.6274,      -3.636040702,      0.9591250549,         76.85050811,        -0.9304186261,                80.12563922,       289.0492289,       289.0492289,        94990.7748,        94990.7748,   -9.702225419e-05,       90920.37396,         289.0492289,           94990.7748
          0,           0,         222,      -6.880142952,      -5.395446713,      -3.936273776,      -3.703080888,      -0.983552511,  -9.733640297e-05,  -9.733640297e-05,      0.2514530014,       285.4570667,       90916.88068,       90916.88068,       1.109517287,       290426.3591,      -3.647981998,      0.9615115691,         77.03686643,        -0.9305289832,                80.12058191,       289.0668776,       289.0668776,       95004.87494,       95004.87494,   -9.733640297e-05,       90916.88068,         289.0668776,          95004.87494
          0,           0,         223,      -6.860569611,      -5.349532837,       -3.93419868,      -3.702393687,     -0.9801220339,  -9.764974588e-05,  -9.764974588e-05,      0.2519896906,       285.4591433,       90913.38819,       90913.38819,       1.109466595,       290443.9701,      -3.659892706,      0.9638921843,         77.22300328,        -0.9306382231,                80.11581018,       289.0844062,       289.0844062,       95018.97024,       95018.97024,   -9.764974588e-05,       90913.38819,         289.0844062,          95018.97024
          0,           0,         224,      -6.860898193,      -5.272250446,      -3.936720279,      -3.703103288,     -0.9794942183,  -9.796229861e-05,  -9.796229861e-05,      0.2525250355,       285.4610905,        90909.9067,        90909.9067,       1.109416541,       290461.4438,      -3.671772773,      0.9662668895,         77.40891838,        -0.9307463605,                80.11132248,        289.101798,        289.101798,       95033.07129,       95033.07129,   -9.796229861e-05,        90909.9067,          289.101798,          95033.07129
          0,           0,         225,      -6.885745914,      -5.337933671,      -3.940590128,      -3.704657014,     -0.9821862683,  -9.827409715e-05,  -9.827409715e-05,      0.2530590804,       285.4628896,       90906.44426,       90906.44426,       1.109367296,       290478.7622,       -3.68362296,      0.9686358364,         77.59461139,        -0.9308534172,                 80.1071037,       289.1190354,       289.1190354,       95047.18768,       95047.18768,   -9.827409715e-05,       90906.44426,         289.1190354,          95047.18768
          0,           0,         226,      -6.888211386,      -5.388806108,       -3.93931047,      -3.705369963,     -0.9816468643,  -9.858519302e-05,  -9.858519302e-05,      0.2535918964,       285.4645205,       90903.00787,       90903.00787,       1.109319022,       290495.9065,       -3.69544462,      0.9709992937,         77.78008232,          -0.93095942,                80.10312965,       289.1360995,       289.1360995,       95061.32885,       95061.32885,   -9.858519302e-05,       90903.00787,         289.1360995,          95061.32885
          0,           0,         227,      -6.875245624,      -5.394201535,      -3.937207349,      -3.705645652,     -0.9790525925,  -9.889563361e-05,  -9.889563361e-05,      0.2541235577,       285.4659879,       90899.60458,       90899.60458,       1.109271789,       290512.8836,       -3.70723927,      0.9733575813,         77.96533196,         -0.931064394,                80.09937299,       289.1529971,       289.1529971,       95075.50442,       95075.50442,   -9.889563361e-05,       90899.60458,         289.1529971,          95075.50442
          0,           0,         228,      -6.874090712,      -5.378742293,       -3.93702956,      -3.706728922,     -0.9783479659,  -9.920541911e-05,  -9.920541911e-05,      0.2546541009,       285.4674137,       90896.24234,       90896.24234,       1.109225218,       290529.8183,      -3.719008143,      0.9757110349,         78.15036052,        -0.9311683509,                80.09580473,       289.1698524,       289.1698524,       95089.72369,       95089.72369,   -9.920541911e-05,       90896.24234,         289.1698524,          95089.72369
          0,           0,         229,      -6.871305826,      -5.388356715,      -3.935466624,      -3.707163038,     -0.9773900797,  -9.951460205e-05,  -9.951460205e-05,      0.2551835879,       285.4688537,       90892.92878,       90892.92878,       1.109179187,       290546.7689,        -3.7307536,      0.9780600709,         78.33516815,        -0.9312713323,                80.09238949,       289.1867237,       289.1867237,       95103.99652,       95103.99652,   -9.951460205e-05,       90892.92878,         289.1867237,          95103.99652
          0,           0,         230,      -6.873539306,      -5.422596703,        -3.9371374,      -3.708330246,     -0.9773715146,  -9.982323523e-05,  -9.982323523e-05,      0.2557120846,       285.4703227,       90889.67087,       90889.67087,       1.109133723,       290563.7523,      -3.742477509,      0.9804050279,         78.51975526,        -0.9313733718,                80.08909892,       289.2036277,       289.2036277,       95118.33223,       95118.33223,   -9.982323523e-05,       90889.67087,         289.2036277,          95118.33223
          0,           0,         231,      -6.866646175,      -5.484373499,       -3.93666319,      -3.708419854,     -0.9759028445,  -0.0001001313664,  -0.0001001313664,      0.2562396515,        285.471811,       90886.47467,       90886.47467,       1.109088937,       290580.7603,       -3.75418126,      0.9827461634,         78.70412207,        -0.9314744959,                 80.0859113,        289.220556,        289.220556,         95132.739,         95132.739,   -0.0001001313664,       90886.47467,          289.220556,            95132.739
          0,           0,         232,       -6.84998438,      -5.405150928,      -3.933906261,         -3.707934,     -0.9729023149,   -0.000100439043,   -0.000100439043,      0.2567663502,       285.4732937,       90883.34548,       90883.34548,       1.109044992,        290597.769,      -3.765866061,       0.985083706,          78.8882693,        -0.9315747281,                80.08280801,       289.2374851,       289.2374851,       95147.22435,       95147.22435,    -0.000100439043,       90883.34548,         289.2374851,          95147.22435
          0,           0,         233,      -6.843588601,      -5.363597906,      -3.934005333,      -3.707610463,     -0.9713769194,  -0.0001007463058,  -0.0001007463058,      0.2572922342,       285.4747355,       90880.28721,       90880.28721,        1.10900207,        290614.744,       -3.77753278,      0.9874178218,         79.07219753,        -0.9316740876,                80.07977554,       289.2543807,       289.2543807,       95161.79401,       95161.79401,   -0.0001007463058,       90880.28721,         289.2543807,          95161.79401
          0,           0,         234,      -6.841722233,      -5.332229221,      -3.935784915,      -3.707734862,     -0.9706317532,  -0.0001010531916,  -0.0001010531916,      0.2578173524,       285.4760942,       90877.30246,       90877.30246,        1.10896037,       290631.6437,        -3.7891821,      0.9897486422,         79.25590714,        -0.9317725916,                 80.0768031,       289.2712013,       289.2712013,       95176.45225,       95176.45225,   -0.0001010531916,       90877.30246,         289.2712013,          95176.45225
          0,           0,         235,      -6.850686492,      -5.336200605,      -3.936743618,       -3.70833787,     -0.9715721814,  -0.0001013597375,  -0.0001013597375,      0.2583417553,       285.4773227,       90874.39282,       90874.39282,       1.108920092,       290648.4214,      -3.800814671,      0.9920762937,         79.43939878,        -0.9318702561,                 80.0738807,       289.2879004,       289.2879004,       95191.20234,       95191.20234,   -0.0001013597375,       90874.39282,         289.2879004,          95191.20234
          0,           0,         236,      -6.849681326,       -5.37926617,      -3.936645613,      -3.707756036,     -0.9706291924,  -0.0001016659787,  -0.0001016659787,       0.258865492,       285.4783707,         90871.559,         90871.559,        1.10888144,       290665.0273,      -3.812431068,      0.9944008886,         79.62267291,        -0.9319670963,                80.07099935,       289.3044285,       289.3044285,       95206.04658,       95206.04658,   -0.0001016659787,         90871.559,         289.3044285,          95206.04658
          0,           0,         237,      -6.858411796,      -5.442206561,      -3.939336721,      -3.708526588,     -0.9714877372,  -0.0001019719491,  -0.0001019719491,      0.2593886105,       285.4791864,       90868.80087,       90868.80087,       1.108844616,       290681.4097,       -3.82403182,      0.9967225309,         79.80573011,        -0.9320631265,                80.06815101,       289.3207342,       289.3207342,        95220.9864,        95220.9864,   -0.0001019719491,       90868.80087,         289.3207342,           95220.9864
          0,           0,         238,      -6.860373165,      -5.416404236,      -3.940711649,      -3.708446118,     -0.9710548603,  -0.0001022776812,  -0.0001022776812,      0.2599111577,       285.4797169,       90866.11776,       90866.11776,       1.108809814,       290697.5162,      -3.835617411,      0.9990413158,         79.98857096,        -0.9321583604,                80.06532832,       289.3367654,       289.3367654,       95236.02262,       95236.02262,   -0.0001022776812,       90866.11776,         289.3367654,          95236.02262
          0,           0,         239,       -6.85881086,      -5.376636109,      -3.939726875,      -3.708753614,       -0.97026518,   -0.000102583204,   -0.000102583204,      0.2604331763,       285.4799099,       90863.50813,       90863.50813,        1.10877722,       290713.2946,      -3.847188218,       1.001357319,         80.17119619,        -0.9322528102,                80.06252579,         289.35247,         289.35247,       95251.15501,       95251.15501,    -0.000102583204,       90863.50813,           289.35247,          95251.15501
          0,           0,         240,      -6.845967791,      -5.333583083,      -3.937042198,      -3.707746601,     -0.9676269967,  -0.0001028885433,  -0.0001028885433,      0.2609547043,        285.479714,       90860.97004,       90860.97004,       1.108747009,       290728.6935,      -3.858744528,       1.003670598,         80.35360631,        -0.9323464874,                80.05973921,       289.3677968,       289.3677968,       95266.38278,       95266.38278,   -0.0001028885433,       90860.97004,         289.3677968,          95266.38278
          0,           0,         241,      -6.867767397,      -5.363430272,      -3.940043539,       -3.70921098,     -0.9702949709,  -0.0001031937204,  -0.0001031937204,      0.2614757734,       285.4790796,       90858.50106,       90858.50106,       1.108719345,       290743.6634,      -3.870286495,       1.005981183,         80.53580185,        -0.9324394019,                80.05696646,       289.3826966,       289.3826966,       95281.70444,       95281.70444,   -0.0001031937204,       90858.50106,         289.3826966,          95281.70444
          0,           0,         242,        -6.8847697,      -5.362255413,      -3.942434558,      -3.710008987,     -0.9719074059,  -0.0001034987526,  -0.0001034987526,      0.2619964094,         285.47796,       90856.09859,       90856.09859,       1.108694376,       290758.1571,      -3.881814167,       1.008289085,         80.71778344,        -0.9325315628,                80.05420729,       289.3971224,       289.3971224,       95297.11809,       95297.11809,   -0.0001034987526,       90856.09859,         289.3971224,          95297.11809
          0,           0,         243,      -6.888895615,      -5.388944691,      -3.940610118,      -3.710747092,     -0.9718271449,  -0.0001038036524,  -0.0001038036524,      0.2625166311,       285.4763118,       90853.75969,       90853.75969,       1.108672236,       290772.1309,      -3.893327458,       1.010594288,         80.89955178,        -0.9326229777,                80.05146348,       289.4110308,       289.4110308,       95312.62126,       95312.62126,   -0.0001038036524,       90853.75969,         289.4110308,          95312.62126
          0,           0,         244,      -6.891990483,       -5.39532351,      -3.940486468,      -3.712024073,     -0.9715989664,  -0.0001041084273,  -0.0001041084273,      0.2630364497,       285.4740955,       90851.48135,       90851.48135,       1.108653041,       290785.5446,      -3.904826153,        1.01289675,         81.08110732,        -0.9327136533,                80.04873872,       289.4243818,       289.4243818,       95328.21112,       95328.21112,   -0.0001041084273,       90851.48135,         289.4243818,          95328.21112
          0,           0,         245,      -6.893577978,      -5.421145231,      -3.936963138,      -3.712479947,      -0.971086976,  -0.0001044130809,  -0.0001044130809,      0.2635558714,       285.4712756,       90849.26012,       90849.26012,       1.108636887,       290798.3623,      -3.916309954,       1.015196414,         81.26245091,        -0.9328035953,                80.04603816,       289.4371394,       289.4371394,       95343.88425,       95343.88425,   -0.0001044130809,       90849.26012,         289.4371394,          95343.88425
          0,           0,         246,      -6.899148286,      -5.367883805,      -3.939603681,      -3.713693725,     -0.9710823706,  -0.0001047176135,  -0.0001047176135,      0.2640748961,       285.4678219,       90847.09301,       90847.09301,       1.108623854,        290810.553,      -3.927778493,       1.017493206,         81.44358304,        -0.9328928089,                80.04336789,        289.449273,        289.449273,       95359.63745,       95359.63745,   -0.0001047176135,       90847.09301,          289.449273,          95359.63745
          0,           0,         247,      -6.910305699,      -5.379841587,        -3.9367647,      -3.714643576,     -0.9718582854,    -0.00010502202,    -0.00010502202,      0.2645935165,       285.4637088,       90844.97679,       90844.97679,       1.108614002,       290822.0901,      -3.939231266,       1.019787029,         81.62450458,        -0.9329812982,                80.04073624,       289.4607562,       289.4607562,       95375.46704,       95375.46704,     -0.00010502202,       90844.97679,         289.4607562,          95375.46704
          0,           0,         248,      -6.895101935,      -5.363091324,      -3.936754541,      -3.715033453,     -0.9694289897,  -0.0001053262903,  -0.0001053262903,      0.2651117184,       285.4589156,       90842.90783,       90842.90783,       1.108607369,        290832.952,      -3.950667665,       1.022077762,         81.80521614,        -0.9330690665,                80.03815287,       289.4715672,       289.4715672,       95391.36867,       95391.36867,   -0.0001053262903,       90842.90783,         289.4715672,          95391.36867
          0,           0,         249,      -6.916764877,      -5.393519942,      -3.938307578,      -3.716752052,     -0.9713841723,  -0.0001056304114,  -0.0001056304114,      0.2656294837,       285.4534257,       90840.88226,       90840.88226,        1.10860397,        290843.121,      -3.962087045,       1.024365278,         81.98571829,        -0.9331561165,                80.03562794,       289.4816886,       289.4816886,       95407.33759,       95407.33759,   -0.0001056304114,       90840.88226,         289.4816886,          95407.33759
          0,           0,         250,      -6.899827457,      -5.423357476,      -3.936095689,      -3.716129352,     -0.9687228136,  -0.0001059343701,  -0.0001059343701,      0.2661467939,       285.4472266,        90838.8963,        90838.8963,       1.108603809,       290852.5837,      -3.973488802,       1.026649458,         82.16601153,        -0.9332424518,                80.03317089,        289.491107,        289.491107,       95423.36912,       95423.36912,   -0.0001059343701,        90838.8963,          289.491107,          95423.36912
          0,           0,         251,      -6.910625829,      -5.428513556,       -3.93966872,      -3.717846149,     -0.9694905114,  -0.0001062381563,  -0.0001062381563,      0.2666636384,       285.4403085,       90836.94531,       90836.94531,       1.108606867,       290861.3294,      -3.984872515,       1.028930219,         82.34609714,        -0.9333280771,                80.03078891,       289.4998118,       289.4998118,       95439.45794,       95439.45794,   -0.0001062381563,       90836.94531,         289.4998118,          95439.45794
          0,           0,         252,      -6.922765537,      -5.428895747,      -3.939588728,      -3.718762768,     -0.9701044576,  -0.0001065417618,  -0.0001065417618,       0.267180011,       285.4326629,         90835.024,         90835.024,       1.108613113,       290869.3492,      -3.996237898,       1.031207504,         82.52597545,        -0.9334129981,                80.02848616,       289.5077941,       289.5077941,       95455.59823,       95455.59823,   -0.0001065417618,         90835.024,         289.5077941,          95455.59823
          0,           0,         253,      -6.900259126,      -5.453018065,      -3.938529444,      -3.718540834,     -0.9668552843,  -0.0001068451843,  -0.0001068451843,       0.267695917,       285.4242818,       90833.12627,       90833.12627,       1.108622504,       290876.6349,       -4.00758492,       1.033481307,         82.70564699,        -0.9334972225,                80.02626309,       289.5150456,       289.5150456,       95471.78367,       95471.78367,   -0.0001068451843,       90833.12627,         289.5150456,          95471.78367
          0,           0,         254,      -6.897431774,      -5.388207258,      -3.938679666,      -3.718894656,     -0.9658017087,  -0.0001071484302,  -0.0001071484302,      0.2682113771,       285.4151557,       90831.24533,       90831.24533,       1.108634995,       290883.1772,      -4.018913891,       1.035751689,         82.88511212,        -0.9335807606,                80.02411484,       289.5215573,       289.5215573,        95488.0078,        95488.0078,   -0.0001071484302,       90831.24533,         289.5215573,           95488.0078
          0,           0,         255,      -6.906884306,      -5.377170714,      -3.942415724,      -3.720354464,     -0.9659905459,  -0.0001074515143,  -0.0001074515143,      0.2687264251,       285.4052734,       90829.37441,       90829.37441,       1.108650545,       290888.9655,      -4.030225412,       1.038018767,         83.06437138,        -0.9336636248,                 80.0220324,       289.5273185,       289.5273185,       95504.26461,       95504.26461,   -0.0001074515143,       90829.37441,         289.5273185,          95504.26461
          0,           0,         256,      -6.932619308,      -5.444786331,      -3.945057921,      -3.721900344,     -0.9677558268,  -0.0001077544589,  -0.0001077544589,      0.2692411045,       285.3946205,       90827.50753,       90827.50753,        1.10866914,       290893.9863,      -4.041520288,       1.040282695,          83.2434253,        -0.9337458294,                80.02000392,       289.5323158,       289.5323158,       95520.54929,       95520.54929,   -0.0001077544589,       90827.50753,         289.5323158,          95520.54929
          0,           0,         257,      -6.916816815,      -5.483908233,      -3.943743565,      -3.721504599,       -0.96511456,    -0.00010805729,    -0.00010805729,      0.2697554616,       285.3831791,       90825.63987,       90825.63987,        1.10869079,       290898.2226,      -4.052799357,       1.042543634,         83.42227405,        -0.9338273886,                80.01801686,       289.5365323,       289.5365323,       95536.85835,       95536.85835,     -0.00010805729,       90825.63987,         289.5365323,          95536.85835
          0,           0,         258,      -6.911893491,      -5.444384399,      -3.944609654,      -3.722217798,     -0.9637717624,  -0.0001083600367,  -0.0001083600367,      0.2702695451,       285.3709265,       90823.76763,       90823.76763,       1.108715538,       290901.6525,       -4.06406347,       1.044801745,         83.60091796,        -0.9339083164,                80.01605888,       289.5399461,       289.5399461,       95553.18946,       95553.18946,   -0.0001083600367,       90823.76763,         289.5399461,          95553.18946
          0,           0,         259,      -6.914131838,      -5.443838689,      -3.945087518,      -3.722640112,     -0.9630691951,  -0.0001086627298,  -0.0001086627298,      0.2707834031,       285.3578345,       90821.88801,       90821.88801,       1.108743458,       290904.2487,      -4.075313404,       1.047057177,         83.77935747,        -0.9339886264,                80.01411891,       289.5425302,       289.5425302,       95569.54136,       95569.54136,   -0.0001086627298,       90821.88801,         289.5425302,          95569.54136
          0,           0,         260,      -6.910015332,      -5.369763427,      -3.945771002,      -3.722689706,     -0.9616891893,  -0.0001089653942,  -0.0001089653942,      0.2712970784,       285.3438847,       90819.99911,       90819.99911,       1.108774602,       290905.9935,      -4.086549818,       1.049310064,         83.95758803,        -0.9340683292,                80.01218216,       289.5442668,       289.5442668,       95585.91353,       95585.91353,   -0.0001089653942,       90819.99911,         289.5442668,          95585.91353
          0,           0,         261,      -6.907964143,      -5.357218946,      -3.946873561,      -3.723069298,      -0.960705841,  -0.0001092680064,  -0.0001092680064,      0.2718105624,       285.3291372,       90818.10066,       90818.10066,       1.108808731,       290906.9477,      -4.097772605,       1.051560444,         84.13560522,        -0.9341474233,                80.01024166,       289.5452165,       289.5452165,       95602.30535,       95602.30535,   -0.0001092680064,       90818.10066,         289.5452165,          95602.30535
          0,           0,         262,      -6.899202561,      -5.373540132,      -3.944866465,      -3.723379958,     -0.9589865758,  -0.0001095712357,  -0.0001095712357,      0.2723253027,       285.3133663,       90816.04508,       90816.04508,       1.108844923,       290906.9263,      -4.109010204,        1.05381416,         84.31339965,         -0.934226096,                80.00784468,       289.5451952,       289.5451952,       95618.61339,       95618.61339,   -0.0001095712357,       90816.04508,         289.5451952,          95618.61339
          0,           0,         263,      -6.929018037,      -5.406950593,      -3.947528549,      -3.726008876,     -0.9614766739,  -0.0001098751752,  -0.0001098751752,      0.2728410735,       285.2965751,       90813.93628,       90813.93628,       1.108884435,       290905.9253,      -4.120261363,        1.05607051,         84.49097367,        -0.9343043976,                 80.0050497,        289.544199,        289.544199,       95634.93915,       95634.93915,   -0.0001098751752,       90813.93628,          289.544199,          95634.93915
          0,           0,         264,      -6.933783145,      -5.432189001,      -3.946967397,      -3.726915041,     -0.9612391858,  -0.0001101794313,  -0.0001101794313,      0.2733569295,       285.2788062,        90811.9058,        90811.9058,       1.108928708,       290903.9587,      -4.131505854,       1.058325398,         84.66833391,         -0.934382196,                80.00217522,       289.5422415,       289.5422415,       95651.38727,       95651.38727,   -0.0001101794313,        90811.9058,         289.5422415,          95651.38727
          0,           0,         265,      -6.954874334,      -5.436437874,      -3.946784071,      -3.728249724,     -0.9624303497,  -0.0001104836019,  -0.0001104836019,      0.2738721823,       285.2600349,       90809.98828,       90809.98828,       1.108978264,       290900.9793,      -4.142726512,       1.060575568,         84.84548123,        -0.9344593553,                79.99946804,       289.5392761,       289.5392761,       95667.96947,       95667.96947,   -0.0001104836019,       90809.98828,         289.5392761,          95667.96947
          0,           0,         266,       -6.94804527,       -5.46471587,      -3.948641269,       -3.72910922,     -0.9609500489,  -0.0001107876222,  -0.0001107876222,      0.2743867021,       285.2402145,       90808.19472,       90808.19472,       1.109033418,       290896.9354,      -4.153919553,       1.062820301,         85.02241729,        -0.9345358521,                79.99698275,       289.5352511,       289.5352511,       95684.69259,       95684.69259,   -0.0001107876222,       90808.19472,         289.5352511,          95684.69259
          0,           0,         267,      -6.947871181,      -5.501537558,      -3.945790603,       -3.72876744,     -0.9600675994,  -0.0001110913876,  -0.0001110913876,      0.2749003605,       285.2192844,        90806.5061,        90806.5061,       1.109094177,       290891.7607,      -4.165080883,       1.065058838,         85.19914151,        -0.9346116585,                 79.9947744,       289.5301006,       289.5301006,       95701.53183,       95701.53183,   -0.0001110913876,        90806.5061,         289.5301006,          95701.53183
          0,           0,         268,      -6.925711377,      -5.425891289,      -3.943029011,      -3.728092407,     -0.9570844332,  -0.0001113948956,  -0.0001113948956,      0.2754131984,       285.1971845,       90804.89636,       90804.89636,       1.109160458,       290885.3947,      -4.176210547,       1.067291204,         85.37565324,         -0.934686781,                79.99283878,       289.5237644,       289.5237644,       95718.46111,       95718.46111,   -0.0001113948956,       90804.89636,         289.5237644,          95718.46111
          0,           0,         269,      -6.918374571,       -5.40054771,       -3.94454773,      -3.727850922,     -0.9554327449,  -0.0001116982212,  -0.0001116982212,      0.2759253841,       285.1738612,       90803.33971,       90803.33971,       1.109232157,       290877.7878,      -4.187311588,       1.069518012,         85.55195187,        -0.9347612475,                79.99112771,       289.5161931,       289.5161931,       95735.45926,       95735.45926,   -0.0001116982212,       90803.33971,         289.5161931,          95735.45926
          0,           0,         270,      -6.922227665,      -5.381764067,      -3.944860167,      -3.728001041,     -0.9549441433,  -0.0001120014862,  -0.0001120014862,      0.2764371558,       285.1492715,       90801.81476,       90801.81476,       1.109309181,       290868.9035,      -4.198388773,       1.071740213,         85.72803726,        -0.9348350977,                79.98956859,       289.5073504,       289.5073504,       95752.51231,       95752.51231,   -0.0001120014862,       90801.81476,         289.5073504,          95752.51231
          0,           0,         271,      -6.911874063,      -5.334806673,       -3.94295378,       -3.72727901,     -0.9530713451,   -0.000112304829,   -0.000112304829,      0.2769487678,       285.1233854,       90800.30639,       90800.30639,       1.109391465,       290858.7189,      -4.209447376,       1.073958858,         85.90390985,        -0.9349083741,                79.98808259,       289.4972135,       289.4972135,       95769.61358,       95769.61358,    -0.000112304829,       90800.30639,         289.4972135,          95769.61358
          0,           0,         272,      -6.940604807,      -5.406472422,      -3.947387012,      -3.728935206,     -0.9549172697,  -0.0001126083772,  -0.0001126083772,      0.2774604456,        285.096186,       90798.80584,       90798.80584,        1.10947897,       290847.2236,      -4.220492173,         1.0761749,         86.07957051,        -0.9349811148,                79.98659931,        289.485772,        289.485772,       95786.76206,       95786.76206,   -0.0001126083772,       90798.80584,          289.485772,          95786.76206
          0,           0,         273,      -6.933794566,      -5.423939065,      -3.947084411,      -3.729004722,     -0.9534334411,  -0.0001129122289,  -0.0001129122289,      0.2779723577,       285.0676676,       90797.30912,       90797.30912,       1.109571673,        290834.417,      -4.231526781,       1.078389059,         86.25502056,        -0.9350533495,                79.98506648,       289.4730253,       289.4730253,       95803.95976,       95803.95976,   -0.0001129122289,       90797.30912,         289.4730253,          95803.95976
          0,           0,         274,      -6.945869467,      -5.369349486,      -3.951565777,      -3.730256938,     -0.9535627885,  -0.0001132164444,  -0.0001132164444,      0.2784846046,        285.037836,       90795.81583,       90795.81583,       1.109669549,        290820.308,      -4.242553403,       1.080601777,         86.43026161,        -0.9351250973,                79.98345317,       289.4589824,       289.4589824,       95821.21002,       95821.21002,   -0.0001132164444,       90795.81583,         289.4589824,          95821.21002
          0,           0,         275,         -6.958892,      -5.434175967,      -3.950659621,      -3.730864949,     -0.9537549576,  -0.0001135210436,  -0.0001135210436,      0.2789972181,       285.0067076,       90794.32723,       90794.32723,       1.109772552,       290804.9141,      -4.253572803,       1.082813209,         86.60529506,        -0.9351963676,                79.98174967,       289.4436605,       289.4436605,       95838.51543,       95838.51543,   -0.0001135210436,       90794.32723,         289.4436605,          95838.51543
          0,           0,         276,      -6.934426936,       -5.46808688,      -3.950321733,       -3.73035627,     -0.9507113195,  -0.0001138260121,  -0.0001138260121,      0.2795101733,       284.9743084,       90792.84524,       90792.84524,       1.109880607,       290788.2609,      -4.264584579,       1.085023282,         86.78012251,        -0.9352671617,                79.97996355,       289.4270854,       289.4270854,       95855.87721,       95855.87721,   -0.0001138260121,       90792.84524,         289.4270854,          95855.87721
          0,           0,         277,      -6.942111136,      -5.424781901,       -3.94938794,      -3.730785207,     -0.9504937725,  -0.0001141313074,  -0.0001141313074,      0.2800234005,       284.9406732,       90791.37152,       90791.37152,       1.109993603,       290770.3816,      -4.275587423,       1.087231736,         86.95474534,        -0.9353374749,                79.97811546,       289.4092897,       289.4092897,       95873.29461,       95873.29461,   -0.0001141313074,       90791.37152,         289.4092897,          95873.29461
          0,           0,         278,      -6.932601381,      -5.447640678,      -3.950022258,       -3.73100583,     -0.9486805901,  -0.0001144368605,  -0.0001144368605,      0.2805367939,       284.9058565,       90789.90711,       90789.90711,       1.110111343,       290751.3283,      -4.286579367,       1.089438195,         87.12916503,        -0.9354072974,                79.97623496,       289.3903256,       289.3903256,       95890.76487,       95890.76487,   -0.0001144368605,       90789.90711,         289.3903256,          95890.76487
          0,           0,         279,       -6.93448601,      -5.457168781,      -3.950888783,      -3.731616919,     -0.9479284394,  -0.0001147425977,  -0.0001147425977,      0.2810502368,       284.8699128,       90788.45194,       90788.45194,       1.110233618,       290731.1524,      -4.297558322,       1.091642239,         87.30338292,        -0.9354766207,                79.97435407,       289.3702442,       289.3702442,       95908.28366,       95908.28366,   -0.0001147425977,       90788.45194,         289.3702442,          95908.28366
          0,           0,         280,      -6.951381103,      -5.421657554,      -3.951627006,      -3.732610425,      -0.948451388,  -0.0001150484438,  -0.0001150484438,      0.2815636116,       284.8328981,       90787.00545,       90787.00545,       1.110360204,       290709.9072,      -4.308522206,       1.093843451,         87.47740049,        -0.9355454366,                79.97250467,       289.3490984,       289.3490984,       95925.84603,       95925.84603,   -0.0001150484438,       90787.00545,         289.3490984,          95925.84603
          0,           0,         281,      -6.938540888,      -5.399047812,      -3.949614005,      -3.731661926,     -0.9463742904,  -0.0001153543188,  -0.0001153543188,      0.2820767953,       284.7948736,       90785.56663,       90785.56663,       1.110490854,       290687.6511,      -4.319468862,       1.096041402,         87.65121878,        -0.9356137363,                79.97071881,       289.3269465,       289.3269465,       95943.44634,       95943.44634,   -0.0001153543188,       90785.56663,         289.3269465,          95943.44634
          0,           0,         282,      -6.927147847,      -5.423086022,      -3.950899761,      -3.731907968,     -0.9444406058,  -0.0001156601217,  -0.0001156601217,      0.2825896171,       284.7559107,        90784.1397,        90784.1397,       1.110625345,       290664.4511,      -4.330395272,       1.098235479,         87.82483986,        -0.9356815071,                79.96904264,       289.3038551,       289.3038551,       95961.08262,       95961.08262,   -0.0001156601217,        90784.1397,         289.3038551,          95961.08262
          0,           0,         283,      -6.937873609,      -5.452315204,      -3.953995103,      -3.733120636,     -0.9444168825,  -0.0001159657697,  -0.0001159657697,       0.283101947,        284.716083,       90782.72655,       90782.72655,       1.110763416,        290640.378,      -4.341299247,       1.100425248,         87.99826479,        -0.9357487403,                79.96750795,       289.2798946,       289.2798946,       95978.75197,       95978.75197,   -0.0001159657697,       90782.72655,         289.2798946,          95978.75197
          0,           0,         284,      -6.952107151,      -5.389023034,      -3.954027306,      -3.734026487,     -0.9445924188,  -0.0001162712094,  -0.0001162712094,      0.2836137222,       284.6754619,       90781.32227,       90781.32227,       1.110904729,       290615.5022,      -4.352180007,       1.102610567,         88.17149406,        -0.9358154352,                79.96612469,       289.2551353,       289.2551353,       95996.44674,       95996.44674,   -0.0001162712094,       90781.32227,         289.2551353,          95996.44674
          0,           0,         285,      -6.959574963,      -5.406571478,      -3.955922116,      -3.734513731,     -0.9441314287,  -0.0001165764132,  -0.0001165764132,      0.2841249245,       284.6341193,       90779.92021,       90779.92021,       1.111048926,       290589.8965,      -4.363037852,       1.104791497,         88.34452798,        -0.9358815988,                 79.9648877,       289.2296495,       289.2296495,       96014.15912,       96014.15912,   -0.0001165764132,       90779.92021,         289.2296495,          96014.15912
          0,           0,         286,      -6.952476547,      -5.457754305,       -3.95371771,      -3.734031173,      -0.942570685,  -0.0001168813697,  -0.0001168813697,      0.2846355582,       284.5921287,       90778.51464,       90778.51464,       1.111195652,       290563.6357,      -4.373873661,       1.106968213,          88.5173672,        -0.9359472424,                79.96378408,       289.2035116,       289.2035116,       96031.88309,       96031.88309,   -0.0001168813697,       90778.51464,         289.2035116,          96031.88309
          0,           0,         287,      -6.962265518,      -5.476557845,      -3.955106051,      -3.734589187,     -0.9422285347,  -0.0001171860736,  -0.0001171860736,      0.2851456335,       284.5495641,       90777.10216,       90777.10216,       1.111344579,       290536.7956,      -4.384688483,        1.10914092,         88.69001184,        -0.9360123783,                79.96279847,       289.1767971,       289.1767971,       96049.61534,       96049.61534,   -0.0001171860736,       90777.10216,         289.1767971,          96049.61534
          0,           0,         288,      -6.962392698,      -5.449293319,      -3.954728798,      -3.734313189,     -0.9412191664,  -0.0001174905133,  -0.0001174905133,      0.2856551502,       284.5065119,       90775.68151,       90775.68151,       1.111495355,       290509.4642,      -4.395483206,       1.111309797,         88.86246237,        -0.9360770166,                79.96191757,       289.1495936,       289.1495936,        96067.3544,        96067.3544,   -0.0001174905133,       90775.68151,         289.1495936,           96067.3544
          0,           0,         289,      -6.943783245,      -5.480221883,      -3.952219245,      -3.733623038,     -0.9388204056,  -0.0001177946681,  -0.0001177946681,      0.2861640914,       284.4630684,       90774.25327,       90774.25327,       1.111647614,       290481.7388,      -4.406258468,       1.113474975,         89.03471899,        -0.9361411661,                79.96113158,       289.1219981,       289.1219981,       96085.10016,       96085.10016,   -0.0001177946681,       90774.25327,         289.1219981,          96085.10016
          0,           0,         290,      -6.980674146,      -5.484408766,      -3.956255304,      -3.735612207,     -0.9405755297,  -0.0001180985099,  -0.0001180985099,      0.2866724267,       284.4193371,       90772.81916,       90772.81916,       1.111800972,       290453.7244,      -4.417014704,       1.115636543,         89.20678212,        -0.9362048338,                79.96043393,       289.0941147,       289.0941147,       96102.85313,       96102.85313,   -0.0001180985099,       90772.81916,         289.0941147,          96102.85313
          0,           0,         291,      -6.984588414,      -5.457960468,      -3.956144871,      -3.735586507,     -0.9397691758,  -0.0001184020084,  -0.0001184020084,       0.287180119,       284.3754202,       90771.38136,       90771.38136,       1.111955057,       290425.5237,      -4.427752239,       1.117794563,         89.37865208,         -0.936268027,                79.95982001,       289.0660461,       289.0660461,       96120.61411,       96120.61411,   -0.0001184020084,       90771.38136,         289.0660461,          96120.61411
          0,           0,         292,      -6.987398659,      -5.433248821,      -3.957424549,      -3.736727708,     -0.9388649623,  -0.0001187051365,  -0.0001187051365,      0.2876871338,       284.3314129,       90769.94211,       90769.94211,       1.112109525,       290397.2327,      -4.438471417,       1.119949096,         89.55032921,        -0.9363307532,                79.95928522,       289.0378875,       289.0378875,       96138.38403,       96138.38403,   -0.0001187051365,       90769.94211,         289.0378875,          96138.38403
          0,           0,         293,      -6.978985589,      -5.456011717,      -3.956177937,      -3.735933591,     -0.9372705103,  -0.0001190078684,  -0.0001190078684,      0.2881934407,        284.287409,       90768.50381,       90768.50381,        1.11226404,       290368.9461,      -4.449172625,       1.122100218,         89.72181376,        -0.9363930194,                79.95882396,       289.0097333,       289.0097333,       96156.16415,       96156.16415,   -0.0001190078684,       90768.50381,         289.0097333,          96156.16415
          0,           0,         294,       -6.96874998,       -5.44268808,      -3.957263889,      -3.736468343,     -0.9355468558,  -0.0001193101821,  -0.0001193101821,       0.288699015,       284.2435017,       90767.06902,       90767.06902,       1.112418268,       290340.7581,      -4.459856373,       1.124248027,         89.89310599,        -0.9364548334,                79.95842894,       288.9816773,       288.9816773,       96173.95607,       96173.95607,   -0.0001193101821,       90767.06902,         288.9816773,          96173.95607
          0,           0,         295,      -6.955412199,      -5.445167689,      -3.957925965,      -3.735823907,     -0.9336535947,  -0.0001196120603,  -0.0001196120603,      0.2892038407,       284.1997818,       90765.64016,       90765.64016,       1.112571883,       290312.7608,      -4.470523351,       1.126392661,         90.06420614,        -0.9365162038,                79.95809033,        288.953811,        288.953811,       96191.76161,       96191.76161,   -0.0001196120603,       90765.64016,          288.953811,          96191.76161
          0,           0,         296,      -6.966770495,      -5.419176814,      -3.960326111,       -3.73749466,     -0.9335795789,  -0.0001199134797,  -0.0001199134797,      0.2897079109,       284.1563676,       90764.21805,       90764.21805,        1.11272443,       290285.0748,      -4.481174535,        1.12853434,         90.23511499,        -0.9365771376,                79.95779284,       288.9262547,       288.9262547,       96209.58125,       96209.58125,   -0.0001199134797,       90764.21805,         288.9262547,          96209.58125
          0,           0,         297,       -6.96285394,      -5.454980912,      -3.961503919,      -3.737994627,     -0.9322883208,  -0.0001202144418,  -0.0001202144418,      0.2902112523,       284.1133684,       90762.80174,       90762.80174,        1.11287547,       290257.8127,      -4.491811795,       1.130673437,         90.40583348,          -0.93663765,                79.95751077,       288.8991201,       288.8991201,       96227.41484,       96227.41484,   -0.0001202144418,       90762.80174,         288.8991201,          96227.41484
          0,           0,         298,      -6.976866272,      -5.483560704,      -3.961853053,      -3.739298246,      -0.932318617,  -0.0001205149665,  -0.0001205149665,      0.2907139225,       284.0708769,       90761.38829,       90761.38829,       1.113024601,       290231.0707,       -4.50243755,       1.132810427,         90.57636205,        -0.9366977598,                79.95721078,       288.8725033,       288.8725033,       96245.26134,       96245.26134,   -0.0001205149665,       90761.38829,         288.8725033,          96245.26134
          0,           0,         299,      -6.962604238,      -5.450320808,      -3.963853868,      -3.739455645,      -0.930261131,  -0.0001208151224,  -0.0001208151224,      0.2912160844,        284.028963,       90759.96491,       90759.96491,       1.113171392,       290204.9259,      -4.513056172,       1.134946195,         90.74670013,        -0.9367574943,                79.95683012,       288.8464809,       288.8464809,       96263.11337,       96263.11337,   -0.0001208151224,       90759.96491,         288.8464809,          96263.11337
