"Time_Iter","Outer_Iter","Inner_Iter",    "rms[Rho]"    ,    "rms[RhoU]"   ,    "rms[RhoV]"   ,    "rms[RhoW]"   ,    "rms[RhoE]"   ,  "Avg_Massflow"  ,  "Avg_Massflow"  ,    "Avg_Mach"    ,    "Avg_Temp"    ,    "Avg_Press"   ,    "Avg_Press"   ,   "Avg_Density"  ,  "Avg_Enthalpy"  ,  "Avg_NormalVel" ,   "Uniformity"   ,"Secondary_Strength","Momentum_Distortion","Secondary_Over_Uniformity",  "Avg_TotalTemp" ,  "Avg_TotalTemp" , "Avg_TotalPress" , "Avg_TotalPress" ,  "Pressure_Drop" ,"Avg_Massflow(INLET)","Avg_Massflow(OUTLET)","Avg_Press(INLET)","Avg_Press(OUTLET)","Avg_TotalTemp(INLET)","Avg_TotalTemp(OUTLET)","Avg_TotalPress(INLET)","Avg_TotalPress(OUTLET)"
          0,           0,           0,      -5.038245939,      -2.777301062,      -2.714493562,      -2.431219943,      0.4571033483,   -0.002070520235,   -0.002070520235,      0.6928561361,        573.805455,       185333.2959,       185333.2959,       2.250372422,       590434.1086,      -3.999495432,       205.5641744,         116.2370419,      -0.000153934548,                1.129865528,       587.6702952,       587.6702952,       201463.4339,       201463.4339,      -1227.983716,        0.06919441582,        -0.07126493605,       93280.63981,        92052.65609,           293.9903118,            293.6799834,            100878.1432,             100585.2907
          0,           0,           1,      -5.219622586,      -2.808037689,      -2.749696303,      -2.466090593,       0.265741819,   -0.003939491026,   -0.003939491026,      0.6886116658,       572.1128837,       183937.4174,       183937.4174,       2.240013562,       588538.6621,      -7.455847439,       207.0885195,         109.0078079,     -0.0004308982531,                1.048913392,       585.7837213,       585.7837213,       199764.0026,       199764.0026,       -1984.69361,        0.06844031881,        -0.07237980984,       92961.05553,        90976.36192,           292.9571126,            292.8266087,             100009.129,             99754.87351
          0,           0,           2,      -5.339455198,      -2.845413869,      -2.782455803,      -2.498172349,      0.1332432267,   -0.005474731227,   -0.005474731227,      0.6853696654,       570.8930756,       182995.5603,       182995.5603,       2.233280976,       587183.0894,      -10.29742881,       208.5135747,         102.3158275,     -0.0007382942274,                0.973491068,        584.434494,        584.434494,       198619.1803,       198619.1803,      -2505.196445,        0.06792423721,        -0.07339896844,       92750.37837,        90245.18192,           292.0893275,            292.3451664,            99371.52553,              99247.6548
          0,           0,           3,      -5.393412901,      -2.885068713,      -2.813669152,       -2.52887427,     0.06599388744,   -0.006627211769,   -0.006627211769,      0.6830128839,       569.9840086,       182359.0253,       182359.0253,       2.229040878,       586187.1592,      -12.50291061,       209.7924632,         96.15860972,      -0.001012433906,               0.9041071347,       583.4432257,       583.4432257,       197851.8182,       197851.8182,      -2900.908212,        0.06762562361,        -0.07425283538,       92629.96676,        89729.05855,           291.3710019,            292.0722238,             98930.5667,             98921.25146
          0,           0,           4,      -5.403751192,      -2.916799763,      -2.842148095,       -2.55686544,     0.04600750822,   -0.007405709107,   -0.007405709107,      0.6813832868,       569.3039267,       181953.0518,       181953.0518,       2.226720959,       585454.1024,      -14.09557722,       210.8982769,         90.52397854,      -0.001221686003,               0.8410197991,       582.7136003,       582.7136003,       197366.1451,       197366.1451,      -3211.427144,        0.06751709995,        -0.07492280905,       92582.23946,        89370.81231,           290.7806684,            291.9329319,            98652.51592,             98713.62918
          0,           0,           5,      -5.390507591,      -2.938996146,      -2.867139244,      -2.581549875,     0.05369934413,   -0.007848907123,   -0.007848907123,      0.6802603765,       568.8056756,       181731.8072,       181731.8072,       2.225956287,       584922.8655,      -15.12594541,       211.7973304,          85.3990975,      -0.001359057914,               0.7844194553,       582.1848501,       582.1848501,       197098.1749,       197098.1749,      -3445.642491,        0.06755912464,        -0.07540803176,       92588.72484,        89143.08235,           290.2945322,             291.890318,            98502.42736,              98595.7475
          0,           0,           6,       -5.38666654,      -2.956993317,       -2.88844687,      -2.602840685,     0.05306853727,    -0.00804061615,    -0.00804061615,      0.6796685933,       568.4179289,       181627.0956,       181627.0956,       2.226192381,       584519.7108,      -15.73913703,       212.5435571,         80.77656278,       -0.00146005662,               0.7340359419,       581.7835826,       581.7835826,       196973.7472,       196973.7472,      -3637.760324,        0.06771027041,        -0.07575088656,       92632.42797,        88994.66765,           289.8940111,            291.8895715,            98448.03473,             98525.71249
          0,           0,           7,      -5.395682649,       -2.96991645,      -2.906071135,      -2.620798393,     0.03885782137,   -0.008054618557,   -0.008054618557,      0.6795759429,       568.0951967,       181590.6802,       181590.6802,       2.227015895,       584196.9155,      -16.05759959,       213.1786272,         76.65332481,      -0.001537416339,               0.6896402864,       581.4622983,       581.4622983,       196939.5037,       196939.5037,      -3805.867042,         0.0679341705,        -0.07598878906,        92698.2736,        88892.40656,           289.5591723,             291.903126,            98460.84954,             98478.65415
          0,           0,           8,      -5.408057614,      -2.982647836,      -2.920144243,      -2.635474903,     0.02178375883,   -0.007950993976,   -0.007950993976,      0.6799151668,       567.8161688,       181595.4954,       181595.4954,       2.228178823,       583930.7556,      -16.17038613,       213.7357137,         73.02089939,      -0.001610226377,               0.6509618813,       581.1973843,       581.1973843,       196964.2409,       196964.2409,      -3948.393575,        0.06820369339,        -0.07615468737,       92771.94448,        88823.55091,           289.2721663,             291.925218,            98515.48021,             98448.76069
          0,           0,           9,      -5.419467477,      -2.992264593,      -2.931171226,      -2.646773683,    0.006175052793,   -0.007773587623,   -0.007773587623,      0.6805720771,       567.5750259,       181628.5187,       181628.5187,       2.229543147,       583711.9372,      -16.14774164,       214.2262922,         69.90114368,      -0.001687349827,               0.6180788498,       580.9795902,       580.9795902,       197029.9931,       197029.9931,      -4072.042804,         0.0684958041,        -0.07626939173,       92850.28078,        88778.23797,           289.0271211,            291.9524691,            98599.14752,             98430.84561
          0,           0,          10,      -5.425615744,      -3.000445876,      -2.939440732,      -2.653391001,   -0.003036739103,   -0.007543089274,   -0.007543089274,      0.6813419157,       567.3810101,       181691.8401,       181691.8401,       2.231099213,       583542.8753,      -16.00927695,       214.6265717,         67.36438975,       -0.00176521854,               0.5917054671,       580.8113197,       580.8113197,       197130.8957,       197130.8957,      -4165.300903,        0.06879210973,        -0.07633519901,       92928.57052,        88763.26962,           288.8162488,            291.9950709,            98699.17591,             98431.71978
          0,           0,          11,      -5.433000694,      -3.008738759,      -2.945158203,      -2.657190417,    -0.01320538782,   -0.007286982527,   -0.007286982527,      0.6821884262,       567.2129934,       181764.3929,       181764.3929,        2.23266939,       583401.5672,      -15.80614626,        214.962345,           65.569759,      -0.001846184762,               0.5732218996,       580.6706731,       580.6706731,       197243.6531,       197243.6531,      -4240.642596,        0.06908119404,        -0.07636817657,       93002.51776,        88761.87516,           288.6320767,            292.0385963,            98804.99092,             98438.66221
          0,           0,          12,      -5.439592847,      -3.015623611,      -2.945214938,      -2.658575736,    -0.02202270047,   -0.007020222569,   -0.007020222569,      0.6830195878,       567.0748729,        181842.898,        181842.898,       2.234196681,       583289.1606,      -15.56019512,       215.2351787,         64.87234338,      -0.001932173761,               0.5660693792,       580.5587926,       580.5587926,       197361.3497,       197361.3497,      -4299.668475,        0.06935402012,        -0.07637424269,       93071.28322,        88771.61475,           288.4759094,            292.0828832,            98910.74137,             98450.60832
          0,           0,          13,      -5.446079557,      -3.022177848,      -2.945891958,      -2.659254504,    -0.03026615344,   -0.006756657152,   -0.006756657152,      0.6837803785,       566.9652057,       181922.9631,       181922.9631,        2.23563136,       583202.6819,      -15.29477692,       215.4536137,         65.19447924,      -0.002023190919,               0.5693124237,       580.4727187,       580.4727187,       197477.3774,       197477.3774,      -4346.748532,        0.06960461716,        -0.07636127431,        93134.8558,        88788.10727,           288.3475282,            292.1251904,            99012.37763,             98464.99978
          0,           0,          14,      -5.452689232,      -3.028656748,      -2.948463111,      -2.658188599,    -0.03871194247,    -0.00650640958,    -0.00650640958,      0.6844375447,       566.8749101,       181998.6951,       181998.6951,       2.236936183,       583131.9512,      -15.02729084,       215.6236399,          65.8719285,      -0.002117986733,               0.5762071682,       580.4023191,       580.4023191,        197584.267,        197584.267,      -4382.326496,        0.06982848732,         -0.0763348969,       93190.51078,        88808.18429,           288.2384543,            292.1638649,            99104.25683,             98480.01017
          0,           0,          15,      -5.459045939,      -3.035450136,      -2.954596288,      -2.662927314,    -0.04665613479,    -0.00627534357,    -0.00627534357,      0.6849920035,        566.793731,       182066.3265,       182066.3265,       2.238104959,       583066.6984,      -14.76906419,       215.7536172,         66.55850907,      -0.002215441214,               0.5832468559,       580.3373718,       580.3373718,       197678.1658,       197678.1658,      -4406.079225,        0.07002515369,        -0.07630049726,       93236.20284,        88830.12361,           288.1389482,            292.1984236,            99183.06983,             98495.09599
          0,           0,          16,      -5.465261911,      -3.042220587,      -2.958002745,      -2.669113213,    -0.05419873858,   -0.006065925258,   -0.006065925258,      0.6854510751,       566.7288091,       182127.6085,       182127.6085,       2.239130036,       583014.6557,      -14.52693599,       215.8525952,         67.16714731,      -0.002313321957,               0.5895341216,       580.2855726,       580.2855726,       197761.3389,       197761.3389,       -4423.75612,        0.07019606174,          -0.076261987,       93275.68232,         88851.9262,           288.0576173,            292.2279554,            99252.16743,              98509.1715
          0,           0,          17,      -5.471180418,      -3.049426564,      -2.963401121,      -2.671453081,    -0.06053989915,   -0.005876616886,   -0.005876616886,      0.6858120594,       566.6761032,        182181.599,        182181.599,       2.240015575,       582971.5994,      -14.30035259,       215.9242059,         67.63152525,      -0.002409188064,               0.5944114452,       580.2427179,       580.2427179,       197832.6195,       197832.6195,      -4435.153676,        0.07034330103,        -0.07621991792,       93308.37633,        88873.22265,           287.9896821,            292.2530358,            99310.60116,             98522.01833
          0,           0,          18,      -5.477097652,      -3.056785876,      -2.968054235,      -2.677475692,    -0.06682540459,   -0.005708342022,   -0.005708342022,      0.6860868698,       566.6288403,       182227.1275,       182227.1275,       2.240774272,       582931.0782,      -14.09288093,       215.9716085,         67.98538121,      -0.002502642739,               0.5982066962,       580.2023864,       580.2023864,       197891.2887,       197891.2887,      -4439.912194,        0.07046780801,        -0.07617615003,       93333.51982,        88893.60763,           287.9283782,            292.2740082,             99357.6436,             98533.64511
          0,           0,          19,       -5.48289783,      -3.064154549,      -2.971909884,      -2.681288296,    -0.07267411324,   -0.005559361206,   -0.005559361206,      0.6862766475,       566.5932742,        182266.924,        182266.924,       2.241414392,       582899.5523,      -13.90428391,       215.9978291,         68.22744951,      -0.002591744332,               0.6009063401,       580.1710081,       580.1710081,       197940.2829,       197940.2829,      -4441.714913,        0.07057170813,        -0.07613106934,       93354.31946,        88912.60454,           287.8796262,            292.2913818,            99396.58064,             98543.70226
          0,           0,          20,      -5.488590379,      -3.071509718,      -2.974578267,      -2.682112647,    -0.07790047724,   -0.005430360861,   -0.005430360861,      0.6863988231,       566.5662654,        182301.866,        182301.866,       2.241959406,       582874.5073,      -13.73661065,       216.0105998,         68.33894168,      -0.002676879894,               0.6023047871,       580.1460803,       580.1460803,        197981.374,        197981.374,      -4439.851002,        0.07065800286,        -0.07608836372,       93370.85851,        88931.00751,           287.8395638,            292.3065165,            99427.67375,             98553.70021
          0,           0,          21,       -5.49422683,      -3.078580371,       -2.97763198,      -2.683729113,    -0.08305556851,   -0.005323609248,   -0.005323609248,      0.6864678901,       566.5499009,       182333.0449,       182333.0449,       2.242414242,       582858.6753,      -13.59381339,       216.0148041,         68.34239405,      -0.002757973944,               0.6026074501,       580.1303224,       580.1303224,       198016.4155,       198016.4155,      -4435.511421,        0.07072733234,        -0.07605094159,       93384.27818,        88948.76676,           287.8105176,            292.3198047,            99452.24453,             98564.17094
          0,           0,          22,       -5.50000858,      -3.085459929,      -2.981309643,      -2.686839122,    -0.08821419046,   -0.005238814658,   -0.005238814658,       0.686505481,         566.53967,       182359.1032,       182359.1032,       2.242780307,       582848.2491,      -13.47660256,        216.014387,          68.2832616,      -0.002835103982,               0.6022532161,        580.119945,        580.119945,       198044.9028,       198044.9028,      -4428.418581,        0.07078118649,        -0.07602000115,       93393.76088,         88965.3423,           287.7888492,            292.3310958,             99470.0559,             98574.84689
          0,           0,          23,      -5.506009197,      -3.092253051,      -2.985200593,      -2.689233595,     -0.0934805569,   -0.005174595759,   -0.005174595759,       0.686519703,        566.535016,       182380.2371,       182380.2371,       2.243062229,       582842.9558,      -13.38476836,       216.0114951,          68.1694113,      -0.002908698042,               0.6013149949,       580.1146765,       580.1146765,       198067.3744,       198067.3744,      -4420.313269,        0.07082109195,        -0.07599568771,        93400.2752,        88979.96193,           287.7747854,            292.3398911,            99482.34624,             98585.02815
          0,           0,          24,      -5.511976439,      -3.098798184,      -2.988984246,      -2.689994339,    -0.09863160542,   -0.005127652304,   -0.005127652304,      0.6865115871,       566.5332836,       182395.7108,       182395.7108,       2.243261675,       582840.0725,      -13.31525404,       216.0064384,         67.98621311,      -0.002978732336,               0.5996539507,       580.1118066,       580.1118066,       198083.0089,       198083.0089,      -4412.156899,        0.07084884718,        -0.07597649948,       93403.93384,        88991.77694,           287.7661078,            292.3456988,            99489.40379,             98593.60508
          0,           0,          25,      -5.517859275,      -3.105107188,      -2.992423813,      -2.691729484,     -0.1036631183,   -0.005095469528,   -0.005095469528,      0.6864875201,       566.5336129,       182405.9363,       182405.9363,       2.243387298,       582838.9159,      -13.26535679,       215.9989344,         67.76417826,      -0.003045365394,               0.5975772238,       580.1106555,       580.1106555,       198092.4884,       198092.4884,      -4404.258457,        0.07086589516,        -0.07596136469,       93405.09739,        89000.83894,            287.761802,            292.3488535,            99492.06135,             98600.42707
          0,           0,          26,       -5.52357174,      -3.111123104,      -2.995799071,      -2.693330461,     -0.1084294867,   -0.005076089473,   -0.005076089473,      0.6864526561,       566.5358591,       182411.5762,       182411.5762,       2.243447996,       582839.5135,      -13.23304426,       215.9899474,         67.51234087,      -0.003109051618,               0.5951749122,       580.1112503,       580.1112503,       198096.7264,       198096.7264,      -4397.237681,        0.07087383461,        -0.07594992408,       93404.40692,        89007.16924,            287.761601,            292.3496493,            99491.29496,             98605.43145
          0,           0,          27,      -5.529195875,      -3.116966368,      -2.999186966,      -2.694795422,     -0.1131164105,   -0.005067554372,   -0.005067554372,      0.6864081234,       566.5413777,       182414.0854,       182414.0854,       2.243456365,       582843.2616,      -13.21553029,       215.9794409,         67.23558802,      -0.003170959075,               0.5925005426,       580.1149808,       580.1149808,       198097.3143,       198097.3143,      -4390.992466,        0.07087404395,        -0.07594159832,       93402.53892,        89011.54645,           287.7659643,            292.3490165,            99488.05297,             98609.26136
          0,           0,          28,      -5.534639304,      -3.122622401,      -3.002631454,      -2.696075709,     -0.1175289621,   -0.005068119675,   -0.005068119675,      0.6863569375,       566.5500937,       182414.0317,       182414.0317,         2.2434198,       582850.1717,      -13.21057045,       215.9678007,         66.94031057,      -0.003231956039,                0.589620138,       580.1218586,       580.1218586,       198094.9703,       198094.9703,      -4385.625836,        0.07086777631,        -0.07593589599,       93399.82878,        89014.20294,           287.7745923,            292.3472663,            99482.93863,             98612.03168
          0,           0,          29,      -5.539896631,      -3.128034612,      -3.006022024,      -2.697308534,     -0.1217375456,   -0.005076105806,   -0.005076105806,      0.6863012946,       566.5603756,       182411.6929,       182411.6929,       2.243348492,        582858.626,      -13.21594095,       215.9548874,         66.63288947,      -0.003292728748,               0.5866011039,       580.1302733,       580.1302733,       198090.0704,       198090.0704,      -4380.511029,        0.07085616362,        -0.07593226942,       93396.10196,        89015.59093,           287.7854255,            292.3448478,            99476.00521,             98614.06519
          0,           0,          30,      -5.544919478,      -3.133227444,      -3.009411923,      -2.698579001,     -0.1257510049,   -0.005090179306,   -0.005090179306,      0.6862431905,       566.5728904,       182407.8465,       182407.8465,       2.243249382,       582869.3651,      -13.22994179,       215.9410789,         66.32001529,      -0.003353338309,               0.5835114966,       580.1409622,       580.1409622,       198083.5194,       198083.5194,       -4376.03842,        0.07084024152,        -0.07593042082,       93391.94245,        89015.90403,           287.7990287,            292.3419334,            99468.04432,             98615.47508
          0,           0,          31,      -5.549655354,      -3.138349516,      -3.012864994,      -2.699896416,     -0.1295324189,   -0.005109059801,   -0.005109059801,      0.6861837789,       566.5880418,       182403.1592,       182403.1592,       2.243129128,       582882.8245,       -13.2506617,       215.9265299,         66.00592119,        -0.0034139414,               0.5803963419,       580.1543586,       580.1543586,       198076.0701,       198076.0701,      -4372.103787,        0.07082093348,        -0.07592999329,       93387.63151,        89015.52772,           287.8154844,            292.3388742,            99459.51275,             98616.55739
          0,           0,          32,      -5.554096711,       -3.14333982,      -3.016306211,      -2.701279334,     -0.1330398436,   -0.005131785459,   -0.005131785459,      0.6861241178,       566.6055001,       182397.9976,       182397.9976,       2.242993667,        582898.691,      -13.27663858,        215.911293,         65.69598586,      -0.003474610166,               0.5773114359,       580.1701508,       580.1701508,       198068.1549,       198068.1549,      -4368.359731,        0.07079894201,        -0.07593072747,       93383.17866,        89014.81893,           287.8341869,            292.3359639,            99450.55465,             98617.60021
          0,           0,          33,      -5.558223917,      -3.148309874,      -3.019713005,      -2.702671645,     -0.1362703981,   -0.005157423363,   -0.005157423363,      0.6860641326,       566.6249843,       182392.6556,       182392.6556,       2.242847806,        582916.655,      -13.30657058,       215.8951017,         65.39499053,       -0.00353537549,                0.574307322,       580.1880306,       580.1880306,       198060.0702,       198060.0702,      -4364.599849,        0.07077480791,        -0.07593223127,       93378.62771,        89014.02786,            287.854645,            292.3333856,            99441.30539,             98618.76482
          0,           0,          34,      -5.562105632,      -3.153290702,      -3.023122595,      -2.704156484,     -0.1392991491,   -0.005184970795,   -0.005184970795,      0.6860061209,       566.6453494,       182386.8526,       182386.8526,       2.242692719,       582935.6186,        -13.339404,       215.8784369,         65.10686729,      -0.003596667968,               0.5714237923,       580.2069055,       580.2069055,       198051.5999,       198051.5999,       -4360.92592,        0.07074922803,        -0.07593419883,       93373.88927,        89012.96335,           287.8759753,            292.3309302,            99431.79209,             98619.80779
          0,           0,          35,      -5.565681157,      -3.158393307,      -3.026615665,      -2.705942767,     -0.1420385249,    -0.00521367719,    -0.00521367719,      0.6859510001,        566.665975,       182380.6179,       182380.6179,        2.24253131,       582954.9711,      -13.37416885,       215.8615058,         64.83498103,      -0.003658316133,               0.5686956435,       580.2261674,       580.2261674,       198042.8049,       198042.8049,      -4357.242212,        0.07072275409,        -0.07593643128,       93368.93006,        89011.68785,           287.8975234,             292.328644,            99422.06342,             98620.74148
          0,           0,          36,      -5.568925986,      -3.163732697,      -3.030117023,      -2.707873092,     -0.1444550943,   -0.005242777128,   -0.005242777128,      0.6858992293,       566.6870115,       182374.4206,       182374.4206,       2.242368792,       582974.8728,      -13.40971362,       215.8444612,         64.58197752,      -0.003721209251,               0.5661512651,        580.245976,        580.245976,        198034.208,        198034.208,      -4353.382812,        0.07069598177,        -0.07593875889,       93363.90173,        89010.51892,           287.9192026,            292.3267733,            99412.36024,             98621.84774
          0,           0,          37,      -5.571762023,       -3.16952273,      -3.033590501,      -2.709802789,     -0.1464675293,   -0.005271658246,   -0.005271658246,      0.6858504554,       566.7081557,       182368.3147,       182368.3147,        2.24220707,       582994.9911,      -13.44525173,       215.8272219,          64.3494489,      -0.003785371838,               0.5638084668,       580.2660001,       580.2660001,       198025.8391,       198025.8391,      -4349.385807,        0.07066926034,        -0.07594091859,       93358.85026,        89009.46446,           287.9407338,            292.3252663,            99402.76738,             98623.07173
          0,           0,          38,      -5.574202673,      -3.175895378,      -3.037089028,      -2.711703021,     -0.1480936866,   -0.005299836164,   -0.005299836164,      0.6858062365,       566.7287532,       182362.1646,       182362.1646,       2.242047098,       583014.7113,       -13.4803339,       215.8102894,         64.13897575,      -0.003851256444,               0.5616827643,        580.285628,        580.285628,       198017.6169,       198017.6169,       -4345.40574,        0.07064302396,        -0.07594286012,       93353.78515,        89008.37941,           287.9616886,            292.3239394,            99393.35257,             98624.26432
          0,           0,          39,      -5.576092499,      -3.183067595,      -3.040523917,      -2.713548828,      -0.149165719,   -0.005326998206,   -0.005326998206,      0.6857679543,       566.7485545,       182355.9594,       182355.9594,       2.241889745,       583033.8293,       -13.5146399,       215.7942253,         63.95150523,      -0.003919102449,               0.5597830337,       580.3046565,       580.3046565,       198009.5897,       198009.5897,      -4341.564954,        0.07061764513,        -0.07594464334,       93348.76218,        89007.19722,           287.9819427,            292.3227138,            99384.21876,             98625.37091
          0,           0,          40,      -5.577339583,      -3.191303211,      -3.043889609,      -2.715325072,     -0.1495765967,   -0.005352670079,   -0.005352670079,      0.6857361271,       566.7674443,       182349.8411,       182349.8411,        2.24173724,        583052.241,      -13.54745195,       215.7792714,          63.7884651,      -0.003989076241,               0.5581246566,        580.322982,        580.322982,       198001.9297,       198001.9297,      -4337.736009,        0.07059351542,         -0.0759461855,       93343.78854,        89006.05253,           288.0012698,            292.3217123,            99375.42459,             98626.50512
          0,           0,          41,       -5.57789274,      -3.200845085,      -3.047229285,      -2.716995261,      -0.149274924,   -0.005376449318,   -0.005376449318,      0.6857099602,       566.7857086,       182344.1637,       182344.1637,       2.241592821,       583070.2017,      -13.57803267,       215.7653089,         63.65061719,      -0.004061130057,               0.5567173765,       580.3408587,       580.3408587,       197994.9781,       197994.9781,      -4333.777378,        0.07057091076,        -0.07594736008,       93338.97054,        89005.19316,           288.0197314,            292.3211272,            99367.10504,             98627.87304
          0,           0,          42,      -5.577668781,      -3.211910413,        -3.0505227,      -2.718543797,     -0.1481589423,   -0.005398224078,   -0.005398224078,      0.6856897208,       566.8031935,       182338.8945,       182338.8945,       2.241456674,       583087.5659,      -13.60639532,        215.752528,         63.53809943,      -0.004135099556,               0.5555622479,       580.3581416,       580.3581416,       197988.7088,       197988.7088,      -4329.943123,        0.07054995679,        -0.07594818087,        93334.4188,        89004.47567,           288.0373635,            292.3207781,            99359.37337,              98629.3354
          0,           0,          43,      -5.576614789,      -3.224751322,      -3.053722089,      -2.719977232,      -0.146180386,   -0.005418013176,   -0.005418013176,      0.6856743534,       566.8199903,       182334.1884,       182334.1884,       2.241330336,       583104.3884,      -13.63260225,       215.7406512,         63.45088212,      -0.004211260869,               0.5546597437,       580.3748853,       580.3748853,       197983.2443,       197983.2443,       -4326.24599,        0.07053059126,        -0.07594860443,       93330.21719,        89003.97121,           288.0541856,            292.3206997,            99352.28588,             98630.95843
          0,           0,          44,      -5.574804974,      -3.239595091,      -3.056841465,      -2.721390935,     -0.1434158841,   -0.005435916302,   -0.005435916302,      0.6856623164,       566.8360975,       182330.0629,       182330.0629,       2.241214025,       583120.6116,      -13.65680309,        215.729267,         63.38818351,      -0.004289208145,               0.5540029165,       580.3910325,       580.3910325,       197978.5342,       197978.5342,      -4322.771366,        0.07051264013,        -0.07594855643,       93326.41715,        89003.64579,           288.0701975,            292.3208351,            99345.85011,             98632.68406
          0,           0,          45,      -5.572426087,       -3.25657216,        -3.0599481,      -2.722829922,     -0.1400576298,   -0.005452000531,   -0.005452000531,       0.685651198,       566.8515854,       182326.6753,       182326.6753,       2.241109408,       583136.2149,      -13.67897978,       215.7175648,         63.34804299,      -0.004369355921,               0.5535745836,       580.4065628,       580.4065628,       197974.6438,       197974.6438,      -4319.278571,         0.0704958388,        -0.07594783933,       93322.97692,        89003.69835,           288.0852293,            292.3213336,            99339.96771,             98634.67608
          0,           0,          46,        -5.5696035,      -3.275593558,       -3.06299305,      -2.724268085,     -0.1362645675,   -0.005466817046,   -0.005466817046,        0.68564229,       566.8657906,        182323.457,        182323.457,       2.241012089,       583150.5816,      -13.70025807,       215.7060703,         63.32714384,       -0.00445092247,               0.5533380829,       580.4208622,       580.4208622,       197971.0218,       197971.0218,      -4316.247948,        0.07047995235,         -0.0759467694,       93319.85246,        89003.60451,            288.099178,            292.3216843,            99334.54534,             98636.47647
          0,           0,          47,      -5.566627569,      -3.296442379,      -3.065990484,      -2.725746592,     -0.1323875143,   -0.005480517182,   -0.005480517182,      0.6856340447,       566.8789804,       182320.6105,       182320.6105,       2.240923512,       583163.9274,       -13.7206306,       215.6943378,         63.32120918,      -0.004533705174,               0.5532522911,       580.4341456,       580.4341456,       197967.8235,       197967.8235,      -4313.395751,        0.07046480433,        -0.07594532151,       93317.00313,        89003.60738,           288.1120139,            292.3221317,            99329.50452,             98638.31897
          0,           0,          48,      -5.563808674,      -3.318611499,      -3.068873015,       -2.72719684,     -0.1287724086,   -0.005493232479,   -0.005493232479,      0.6856270443,       566.8909548,       182317.9785,       182317.9785,       2.240842518,       583176.0719,       -13.7403539,       215.6825486,         63.32579286,      -0.004618214769,               0.5532723134,       580.4462333,       580.4462333,       197964.9096,       197964.9096,      -4310.704234,        0.07045033689,        -0.07594356937,       93314.34135,        89003.63712,           288.1236444,            292.3225889,            99324.74538,             98640.16421
          0,           0,          49,      -5.561508922,      -3.340998561,      -3.071718429,      -2.728620004,      -0.125848641,   -0.005504783395,   -0.005504783395,      0.6856201649,       566.9017504,       182315.5506,       182315.5506,       2.240768856,       583187.0054,      -13.75903002,       215.6703733,         63.33701115,       -0.00470396228,               0.5533614598,       580.4571156,       580.4571156,        197962.213,        197962.213,      -4308.051725,        0.07043653764,        -0.07594132103,       93311.80116,        89003.74943,             288.13401,            292.3231056,            99320.19627,             98642.01669
          0,           0,          50,        -5.5600461,      -3.361938974,      -3.074462214,      -2.730009549,     -0.1239624221,   -0.005515104336,   -0.005515104336,      0.6856143843,       566.9112249,       182313.2529,       182313.2529,       2.240702154,        583196.618,      -13.77670872,       215.6580732,         63.35188203,      -0.004791820705,               0.5534896148,       580.4666832,       580.4666832,        197959.699,        197959.699,      -4305.464389,        0.07042349041,        -0.07593859475,       93309.35865,        89003.89427,            288.143082,            292.3236012,            99315.84549,             98643.85349
          0,           0,          51,      -5.559760397,      -3.379045102,      -3.077128056,      -2.731348044,     -0.1234789259,   -0.005524087732,   -0.005524087732,      0.6856100345,       566.9191368,       182310.8387,       182310.8387,       2.240640332,       583204.6745,       -13.7933154,        215.645821,         63.36878598,      -0.004880977695,               0.5536404598,        580.474702,        580.474702,       197957.1081,       197957.1081,      -4303.163259,        0.07041126314,        -0.07593535087,         93307.001,        89003.83774,           288.1508423,            292.3238597,            99311.69037,              98645.4177
          0,           0,          52,      -5.560936984,      -3.389877508,      -3.079745661,      -2.732620939,     -0.1247025037,   -0.005531737644,   -0.005531737644,      0.6856070422,       566.9254717,        182308.224,        182308.224,       2.240582415,       583211.1579,      -13.80876744,       215.6336585,         63.38631681,      -0.004970315466,                0.553800041,        580.481155,        580.481155,       197954.3444,       197954.3444,      -4301.209906,        0.07039985869,        -0.07593159633,       93304.71697,        89003.50706,           288.1573218,            292.3238332,            99307.72076,             98646.62363
          0,           0,          53,      -5.563903313,      -3.392365366,      -3.082412657,      -2.733851679,     -0.1279975479,   -0.005537605163,   -0.005537605163,       0.685604538,       566.9303903,       182305.7655,       182305.7655,       2.240532173,       583216.1912,      -13.82229016,       215.6212163,         63.40305984,      -0.005060232287,               0.5539570762,       580.4861648,       580.4861648,       197951.7516,       197951.7516,      -4299.322791,        0.07038949094,         -0.0759270961,       93302.54413,        89003.22133,           288.1623577,             292.323807,             99304.0061,             98647.74551
          0,           0,          54,      -5.568946318,      -3.385659312,      -3.085134923,      -2.735063132,     -0.1336828303,    -0.00554156552,    -0.00554156552,      0.6856016104,       566.9344013,       182303.5188,       182303.5188,       2.240488217,       583220.2588,      -13.83375103,       215.6082793,           63.418666,      -0.005150660514,               0.5541089466,       580.4902133,       580.4902133,       197949.3426,       197949.3426,      -4297.818092,        0.07038010713,        -0.07592167265,       93300.66842,        89002.85033,           288.1665978,            292.3236155,            99300.72453,             98648.61804
          0,           0,          55,      -5.576188964,      -3.370459354,      -3.087930038,      -2.736221904,     -0.1419082738,   -0.005543402364,   -0.005543402364,      0.6855970525,       566.9377254,       182301.5635,       182301.5635,       2.240450634,       583223.5354,      -13.84273132,       215.5944167,         63.43288315,       -0.00524172757,               0.5542551791,       580.4934746,       580.4934746,       197947.1445,       197947.1445,      -4296.631878,        0.07037167258,        -0.07591507495,       93299.09771,        89002.46583,           288.1701854,            292.3232891,            99297.88089,             98649.26365
          0,           0,          56,      -5.585696354,      -3.348928261,       -3.09085881,      -2.737336126,     -0.1527780958,   -0.005542979213,   -0.005542979213,      0.6855902573,       566.9402651,       182299.7271,       182299.7271,       2.240417681,        583225.895,       -13.8490725,       215.5794092,         63.44532968,      -0.005333218542,               0.5543928701,       580.4958231,       580.4958231,       197944.9375,       197944.9375,      -4295.898035,        0.07036413111,        -0.07590711032,       93297.81256,        89001.91452,           288.1731807,            292.3226424,            99295.44816,             98649.48938
          0,           0,          57,      -5.597501504,      -3.323785731,      -3.093914286,      -2.738439757,     -0.1663846182,   -0.005539928708,   -0.005539928708,      0.6855794228,       566.9420998,       182298.1757,       182298.1757,       2.240391101,       583227.3406,      -13.85208187,       215.5625321,         63.45629883,      -0.005425673255,               0.5545283824,       580.4972619,       580.4972619,       197942.8155,       197942.8155,      -4295.301442,        0.07035746757,        -0.07589739627,       93296.73856,        89001.43712,           288.1754118,            292.3218502,            99293.35096,             98649.46456
          0,           0,          58,      -5.611413666,      -3.297492927,      -3.097081759,      -2.739534392,      -0.182555598,   -0.005534140145,   -0.005534140145,      0.6855647771,       566.9430441,       182296.4846,       182296.4846,       2.240366359,       583227.6906,       -13.8518252,       215.5439196,         63.46588528,      -0.005518125029,               0.5546620655,       580.4976103,       580.4976103,       197940.3174,       197940.3174,      -4295.415421,        0.07035166042,        -0.07588580056,          93295.95,        89000.53458,            288.177209,            292.3204014,            99291.66199,             98648.65543
          0,           0,          59,      -5.627104428,      -3.272040921,      -3.100432766,      -2.740598049,     -0.2009968632,   -0.005525311666,   -0.005525311666,      0.6855447157,       566.9431896,       182294.8452,       182294.8452,       2.240345463,         583226.97,      -13.84765358,       215.5229068,         63.47468154,      -0.005610966117,               0.5548029914,       580.4968931,       580.4968931,       197937.5773,       197937.5773,      -4295.841036,        0.07034668926,        -0.07587200092,       93295.34311,        88999.50207,           288.1783456,            292.3185475,            99290.27657,             98647.30075
          0,           0,          60,      -5.644192435,      -3.248710781,      -3.103875592,      -2.741604066,     -0.2213688004,   -0.005513277191,   -0.005513277191,      0.6855185886,       566.9427436,        182293.041,        182293.041,       2.240324886,       583225.3631,      -13.83938977,       215.4993842,         63.48253829,      -0.005703218079,               0.5549502748,       580.4952938,       580.4952938,       197934.3197,       197934.3197,      -4297.026907,        0.07034251397,        -0.07585579116,       93295.03396,        88998.00706,           288.1793514,            292.3159424,            99289.30726,              98645.0124
          0,           0,          61,      -5.661946832,      -3.228292319,       -3.10747529,      -2.742584596,     -0.2428575146,   -0.005497880193,   -0.005497880193,      0.6854851653,       566.9415101,       182291.0013,       182291.0013,       2.240304558,       583222.6169,      -13.82660909,       215.4728875,         63.48990173,      -0.005793878531,               0.5551103788,       580.4925604,       580.4925604,       197930.4086,       197930.4086,      -4298.777956,        0.07033907234,        -0.07583695253,       93294.88963,        88996.11167,           288.1799353,            292.3126251,            99288.61302,             98641.79554
          0,           0,          62,      -5.679490721,      -3.211202059,      -3.111192557,      -2.743547355,     -0.2644172536,    -0.00547875426,    -0.00547875426,       0.685442388,       566.9397224,       182288.8479,       182288.8479,       2.240285054,       583218.8821,      -13.80862007,       215.4426675,         63.49707104,      -0.005882973225,               0.5552897467,       580.4888431,       580.4888431,       197925.8753,       197925.8753,      -4300.940525,        0.07033631415,        -0.07581506841,       93294.89422,        88993.95369,           288.1801671,             292.308676,            99288.17196,              98637.7033
          0,           0,          63,      -5.695607933,      -3.197729145,      -3.115048022,      -2.744517352,     -0.2845402819,   -0.005455508299,   -0.005455508299,      0.6853884881,       566.9372683,       182286.5309,       182286.5309,       2.240266214,       583213.9668,      -13.78479434,       215.4080184,         63.50446475,      -0.005970468839,               0.5554957308,       580.4839508,       580.4839508,       197920.5761,       197920.5761,      -4303.428288,        0.07033419552,        -0.07578970382,       93294.97958,         88991.5513,           288.1799031,            292.3040477,            99287.90978,             98632.66634
          0,           0,          64,      -5.709099959,      -3.187914363,      -3.119067375,      -2.745464609,     -0.3015613832,   -0.005427779585,   -0.005427779585,      0.6853216361,       566.9342856,       182284.0164,       182284.0164,       2.240247057,       583207.9336,      -13.75456838,       215.3683217,         63.51215515,      -0.006055924229,               0.5557318986,       580.4779459,       580.4779459,       197914.3793,       197914.3793,      -4306.370065,        0.07033267228,        -0.07576045186,       93295.19322,        88988.82315,           288.1793494,            292.2985965,             99287.8674,             98626.51187
          0,           0,          65,      -5.718944293,      -3.181644453,      -3.123113573,      -2.746380496,     -0.3139917778,   -0.005395273659,   -0.005395273659,        0.68524011,       566.9308967,       182281.2858,       182281.2858,       2.240226861,       583200.8344,      -13.71740916,       215.3229658,         63.52043353,       -0.00613891586,               0.5560038836,       580.4708798,       580.4708798,       197907.1775,       197907.1775,      -4309.777736,         0.0703316741,        -0.07572694776,       93295.53176,        88985.75402,           288.1786303,            292.2922495,            99288.03213,             98619.14539
          0,           0,          66,      -5.724498665,      -3.178734668,      -3.127121041,      -2.747274658,     -0.3208235851,   -0.005357745121,   -0.005357745121,      0.6851422806,       566.9270448,       182278.3013,       182278.3013,        2.24020539,       583192.5417,      -13.67286322,       215.2713374,         63.52936684,      -0.006219173698,               0.5563149663,        580.462626,        580.462626,       197898.8498,       197898.8498,      -4313.570858,        0.07033111693,        -0.07568886205,        93295.9361,        88982.36524,           288.1776573,            292.2849687,            99288.33182,             98610.51794
          0,           0,          67,      -5.725587775,       -3.17901803,      -3.131123885,      -2.748142336,     -0.3217865237,   -0.005314967248,   -0.005314967248,      0.6850264606,       566.9229727,       182275.1541,       182275.1541,        2.24018279,        583183.234,       -13.6204944,       215.2128442,         63.53905712,       -0.00629674827,               0.5566687549,       580.4533618,       580.4533618,       197889.4127,       197889.4127,      -4317.700032,         0.0703309204,        -0.07564588765,       93296.42705,        88978.72702,           288.1766011,            292.2767607,            99288.77514,             98600.63758
          0,           0,          68,      -5.723072509,      -3.182098812,      -3.135086212,      -2.748997005,     -0.3179787757,    -0.00526669907,    -0.00526669907,       0.684891106,       566.9185329,       182271.7553,       182271.7553,       2.240158568,       583172.6945,       -13.5599072,       215.1469081,         63.54954975,      -0.006371443255,               0.5570681768,       580.4428717,       580.4428717,       197878.6933,       197878.6933,      -4322.127634,        0.07033100438,        -0.07559770345,       93296.94145,        88974.81381,           288.1753203,            292.2675514,            99289.28556,              98589.4077
          0,           0,          69,      -5.717776444,      -3.187616737,      -3.138986093,       -2.74979574,     -0.3105564445,   -0.005212879357,   -0.005212879357,      0.6847352285,       566.9138655,       182268.1037,       182268.1037,       2.240132145,       583161.0272,      -13.49093614,       215.0732296,         63.56089219,      -0.006442737561,               0.5575149227,        580.431259,        580.431259,       197866.6419,       197866.6419,      -4326.921037,        0.07033129482,        -0.07554417417,       93297.51237,        88970.59133,           288.1739837,            292.2572753,            99289.88422,             98576.75767
          0,           0,          70,       -5.71076517,      -3.195072375,      -3.142688463,       -2.75057722,      -0.301046658,   -0.005153644884,   -0.005153644884,      0.6845595996,       566.9087673,       182264.0404,       182264.0404,       2.240102343,       583148.0623,      -13.41399897,       214.9919676,         63.57304298,      -0.006511640385,               0.5580075256,       580.4183548,       580.4183548,       197853.1309,       197853.1309,      -4332.160214,        0.07033170653,        -0.07548535141,       93298.10029,        88965.94007,           288.1725373,            292.2458175,            99290.51742,              98562.6135
          0,           0,          71,      -5.703288593,      -3.204029409,      -3.146257365,      -2.751343408,     -0.2911033032,    -0.00508867237,    -0.00508867237,       0.684359082,       566.9043522,       182260.5411,       182260.5411,       2.240076854,       583134.7218,      -13.32762876,       214.9015553,         63.58600473,      -0.006577344854,               0.5585534325,       580.4050768,       580.4050768,       197838.9741,       197838.9741,      -4336.859745,        0.07033217522,        -0.07542084759,       93298.70044,         88961.8407,           288.1710178,            292.2340589,             99291.1697,             98547.80439
          0,           0,          72,      -5.696023441,      -3.213954253,      -3.149814295,      -2.752062521,     -0.2815713429,   -0.005017945188,   -0.005017945188,      0.6841348855,       566.9001971,       182257.2456,       182257.2456,       2.240052863,       583120.6246,       -13.2322623,       214.8022284,         63.59964431,      -0.006641362652,               0.5591501575,       580.3910455,       580.3910455,       197823.8378,       197823.8378,      -4341.364044,        0.07033265019,        -0.07535059537,       93299.30481,        88957.94077,           288.1694516,            292.2215939,            99291.82455,             98532.01327
          0,           0,          73,      -5.689257744,      -3.224270571,      -3.153121047,      -2.752757806,     -0.2728142646,   -0.004941743957,   -0.004941743957,      0.6838880282,       566.8961785,       182254.0438,       182254.0438,       2.240029512,         583105.69,      -13.12836752,       214.6943671,         63.61391143,      -0.006703943666,               0.5597954363,       580.3761809,       580.3761809,       197807.6558,       197807.6558,      -4345.753919,        0.07033309581,        -0.07527483977,       93299.89887,        88954.14495,           288.1678427,            292.2083382,            99292.46157,             98515.19422
          0,           0,          74,      -5.683675042,      -3.234418214,      -3.156119358,      -2.753426407,     -0.2655365909,   -0.004860483622,   -0.004860483622,      0.6836195703,       566.8924125,       182251.0324,       182251.0324,       2.240007546,       583090.0855,      -13.01644274,       214.5784292,         63.62872859,      -0.006764996817,               0.5604864517,       580.3606494,       580.3606494,       197790.5915,       197790.5915,      -4349.930877,        0.07033349055,        -0.07519397417,       93300.48166,        88950.55078,           288.1662201,            292.1944293,            99293.07608,             98497.51542
          0,           0,          75,      -5.679406198,      -3.244182501,      -3.158780821,      -2.754082369,     -0.2599324254,   -0.004774720313,   -0.004774720313,      0.6833312585,       566.8890138,       182248.3266,       182248.3266,       2.239987937,       583074.0066,      -12.89719249,       214.4551149,         63.64396082,      -0.006824451436,               0.5612187138,       580.3446457,       580.3446457,       197772.8634,       197772.8634,       -4353.77028,         0.0703338267,        -0.07510854701,       93301.04842,        88947.27814,           288.1645985,            292.1800472,            99293.66201,             98479.20137
          0,           0,          76,      -5.676200061,      -3.253223799,      -3.161110171,      -2.754700874,      -0.255643638,   -0.004685154507,   -0.004685154507,      0.6830257836,       566.8861348,       182246.1386,       182246.1386,       2.239972689,       583057.7284,      -12.77163199,       214.3253844,         63.65955636,      -0.006883603987,               0.5619873294,       580.3284437,       580.3284437,       197754.8458,       197754.8458,      -4357.050365,        0.07033410632,        -0.07501926083,       93301.59448,        88944.54411,           288.1629928,            292.1654509,            99294.21518,             98460.63066
          0,           0,          77,      -5.674802241,      -3.261510375,      -3.163059437,      -2.755309536,     -0.2535711191,   -0.004592204987,   -0.004592204987,      0.6827044644,        566.884098,       182244.8029,       182244.8029,       2.239964655,       583041.6408,      -12.64031393,       214.1897077,         63.67543431,       -0.00694441693,               0.5627895008,       580.3124314,       580.3124314,       197736.9767,       197736.9767,      -4359.434648,        0.07033433612,        -0.07492654111,       93302.11876,        88942.68412,           288.1614217,            292.1510097,            99294.73577,             98442.24097
          0,           0,          78,      -5.674376496,      -3.269008004,      -3.164687225,      -2.755883828,     -0.2526298591,   -0.004496765651,   -0.004496765651,      0.6823713521,       566.8825494,       182244.0138,       182244.0138,       2.239961479,       583025.5544,      -12.50474523,       214.0496299,         63.69148715,       -0.00700671735,               0.5636168948,       580.2964203,       580.2964203,       197719.1248,       197719.1248,       -4361.23272,         0.0703345256,        -0.07483129125,       93302.62328,        88941.39056,           288.1599039,            292.1365164,            99295.22731,             98423.89744
          0,           0,          79,      -5.674842249,      -3.275894444,      -3.166020069,      -2.756493617,     -0.2527690018,   -0.004399759799,   -0.004399759799,      0.6820299462,         566.88177,       182244.1146,       182244.1146,       2.239966262,       583009.9105,      -12.36623596,       213.9064068,          63.7076658,      -0.007072172028,               0.5644631087,       580.2808497,       580.2808497,       197701.8474,       197701.8474,      -4362.100185,        0.07033468762,        -0.07473444742,       93303.10739,        88941.00721,           288.1584528,            292.1223969,             99295.6914,             98406.15598
          0,           0,          80,      -5.675888852,      -3.282077004,      -3.167183191,      -2.757091412,     -0.2534848597,   -0.004302094273,   -0.004302094273,      0.6816842752,       566.8817902,       182245.2101,       182245.2101,       2.239980168,       582994.9137,      -12.22630226,       213.7614628,          63.7239083,      -0.007143043654,               0.5653207236,       580.2659231,       580.2659231,       197685.4653,       197685.4653,      -4361.929016,        0.07033483412,        -0.07463692839,       93303.56958,        88941.64056,           288.1570775,            292.1088456,            99296.12864,             98389.33669
          0,           0,          81,      -5.677448546,      -3.287845158,      -3.168035173,      -2.757727905,     -0.2547482144,   -0.004204659188,   -0.004204659188,      0.6813380413,       566.8826279,       182247.3553,       182247.3553,       2.240003807,       582980.7418,      -12.08636679,       213.6161677,         63.74017554,      -0.007220726378,               0.5661826934,       580.2518175,       580.2518175,       197670.2264,       197670.2264,      -4360.670407,         0.0703349755,        -0.07453963469,       93304.01284,        88943.34243,           288.1557897,            292.0960278,            99296.54373,             98373.68268
          0,           0,          82,      -5.678903038,       -3.29328063,      -3.168630183,       -2.75837351,     -0.2557474116,   -0.004108626964,   -0.004108626964,      0.6809966316,       566.8841328,       182250.4725,       182250.4725,       2.240036794,       582967.4716,      -11.94844826,       213.4724636,         63.75640013,      -0.007306905878,               0.5670387903,       580.2386094,       580.2386094,       197656.3176,       197656.3176,      -4358.413028,        0.07033511951,        -0.07444374647,       93304.44278,        88946.02975,            288.154612,            292.0839974,            99296.94353,             98359.37409
          0,           0,          83,      -5.680527396,      -3.298358601,      -3.168998963,      -2.759034988,     -0.2567358338,   -0.004015387658,   -0.004015387658,      0.6806663871,       566.8859045,        182254.244,        182254.244,       2.240076787,       582954.9641,      -11.81490872,       213.3326969,         63.77254922,      -0.007401946244,               0.5678769349,       580.2261604,       580.2261604,       197643.7092,       197643.7092,      -4355.460493,        0.07033527128,        -0.07435065894,       93304.85225,        88949.39176,           288.1535211,            292.0726393,            99297.32159,             98346.38763
          0,           0,          84,      -5.682012367,      -3.303133262,      -3.169177393,      -2.759682939,     -0.2573353219,   -0.003925850012,   -0.003925850012,      0.6803505906,        566.888427,       182259.1328,       182259.1328,       2.240127566,       582943.8589,      -11.68709467,       213.1980652,         63.78856037,      -0.007508404405,                0.568690399,       580.2151073,       580.2151073,        197633.078,        197633.078,      -4351.369423,        0.07033543122,        -0.07426128123,       93305.25112,         88953.8817,           288.1525477,            292.0625596,            99297.68754,             98335.39041
          0,           0,          85,      -5.683427471,      -3.307533785,      -3.169214315,      -2.760334486,      -0.257624774,   -0.003841220541,   -0.003841220541,       0.680055388,       566.8911639,       182264.6879,       182264.6879,       2.240185683,       582933.8684,      -11.56728645,       213.0707728,         63.80443496,       -0.00762735327,               0.5694678931,       580.2051636,       580.2051636,       197624.2376,       197624.2376,      -4346.566695,        0.07033559936,         -0.0741768199,       93305.62729,        88959.06059,           288.1516452,            292.0535184,            99298.02889,             98326.20867
          0,           0,          86,      -5.684981789,      -3.311684546,      -3.169133999,      -2.760976313,     -0.2578761908,   -0.003762506365,   -0.003762506365,      0.6797846686,       566.8942341,       182270.9609,       182270.9609,        2.24025131,       582925.2817,      -11.45706208,        212.952351,          63.8200933,      -0.007759407228,               0.5702007018,        580.196617,        580.196617,       197617.4408,       197617.4408,      -4341.025845,        0.07033577533,        -0.07409828169,       93305.99339,        88964.96755,           288.1508474,            292.0457696,            99298.35779,             98319.08296
          0,           0,          87,      -5.686782398,      -3.315454491,      -3.168904469,      -2.761578221,     -0.2581753006,   -0.003690772542,   -0.003690772542,      0.6795428912,       566.8975303,       182277.8411,       182277.8411,       2.240323501,       582918.1803,      -11.35812337,       212.8444895,         63.83553823,      -0.007904448997,               0.5708799812,       580.1895489,       580.1895489,       197612.7905,       197612.7905,      -4334.852332,        0.07033595517,        -0.07402672771,       93306.34674,         88971.4944,            288.150148,            292.0394008,             99298.6706,             98314.11991
          0,           0,          88,       -5.68887155,      -3.318618777,      -3.168475821,      -2.762190544,     -0.2585645535,   -0.003626837555,   -0.003626837555,      0.6793335244,       566.9009951,       182285.2413,       182285.2413,       2.240401405,       582912.6536,       -11.2717966,       212.7485127,          63.8507276,      -0.008062370857,                0.571498311,        580.184048,        580.184048,       197610.3656,       197610.3656,      -4328.124841,         0.0703361371,        -0.07396297466,       93306.68309,        88978.55825,           288.1495417,            292.0345063,            99298.96267,             98311.40297
          0,           0,          89,      -5.691315597,      -3.321122828,      -3.167884678,       -2.76276818,     -0.2590650738,   -0.003571566105,   -0.003571566105,      0.6791603978,       566.9044246,       182292.9517,       182292.9517,        2.24048323,       582908.6567,      -11.19949191,       212.6658731,         63.86566162,      -0.008232392403,               0.5720480034,       580.1800698,       580.1800698,       197610.1289,       197610.1289,      -4321.045042,        0.07033632203,        -0.07390788813,       93306.99836,        88985.95332,           288.1490228,            292.0310471,            99299.23003,              98310.8989
          0,           0,          90,      -5.694197154,      -3.322830052,      -3.167213072,      -2.763337246,     -0.2597782067,   -0.003525578028,   -0.003525578028,       0.679026036,       566.9077544,       182300.8654,       182300.8654,       2.240567917,       582906.2316,      -11.14216937,       212.5975868,         63.88027523,      -0.008413676601,                 0.57252302,       580.1776561,       580.1776561,       197612.0905,       197612.0905,      -4313.708987,        0.07033651339,        -0.07386209142,       93307.28717,        88993.57819,           288.1485855,            292.0290706,            99299.46797,             98312.62249
          0,           0,          91,      -5.697782949,      -3.323744505,      -3.166387448,      -2.763878638,     -0.2610376466,   -0.003489389583,   -0.003489389583,       0.678932635,        566.910877,       182308.8289,       182308.8289,          2.240654,       582905.3627,      -11.10062009,       212.5445337,          63.8945528,      -0.008604968983,               0.5729185036,       580.1767913,       580.1767913,        197616.193,        197616.193,      -4306.253243,         0.0703367174,        -0.07382610698,       93307.54109,        89001.28784,           288.1482176,            292.0285736,            99299.66922,             98316.52375
          0,           0,          92,      -5.702108088,      -3.323621037,      -3.165421851,      -2.764391134,      -0.262817931,   -0.003463207593,   -0.003463207593,      0.6788812254,       566.9138611,        182316.865,        182316.865,       2.240741472,       582906.1666,      -11.07517274,       212.5070914,         63.90848937,      -0.008805976032,               0.5732323177,       580.1775913,       580.1775913,       197622.5149,       197622.5149,      -4298.646336,        0.07033694514,        -0.07380015273,       93307.75567,        89009.10933,           288.1479192,            292.0296721,            99299.83137,             98322.68356
          0,           0,          93,      -5.707289683,      -3.322409164,      -3.164358511,      -2.764857613,     -0.2651981653,    -0.00344705656,    -0.00344705656,      0.6788723412,       566.9166233,       182324.8776,       182324.8776,       2.240829472,       582908.5814,      -11.06595656,       212.4854367,         63.92208726,      -0.009016557476,               0.5734634896,       580.1799949,       580.1799949,       197630.9794,       197630.9794,      -4290.967287,        0.07033721152,        -0.07378426808,       93307.92246,        89016.95517,           288.1476719,             292.032323,            99299.94854,             98331.03085
          0,           0,          94,      -5.713042802,       -3.32012539,      -3.163212224,       -2.76527002,     -0.2678569094,   -0.003440930593,   -0.003440930593,       0.678906564,       566.9187279,       182332.3788,       182332.3788,       2.240913721,       582912.1831,      -11.07307738,        212.479868,         63.93533042,      -0.009234223349,                0.573610365,       580.1835798,       580.1835798,        197641.079,        197641.079,      -4283.694316,        0.07033753718,        -0.07377846777,       93308.03656,        89024.34224,           288.1474646,            292.0361152,            99300.01936,             98341.05961
          0,           0,          95,      -5.719713217,      -3.317051397,      -3.162086486,      -2.765648127,     -0.2711834605,   -0.003444579984,   -0.003444579984,      0.6789825563,       566.9203502,       182339.4723,       182339.4723,         2.2409948,       582917.0969,      -11.09594178,       212.4899613,          63.9482151,      -0.009457090659,               0.5736751645,       580.1884706,       580.1884706,       197652.8618,       197652.8618,      -4276.720436,        0.07033794546,        -0.07378252544,       93308.09639,        89031.37596,           288.1472977,            292.0411729,            99300.04624,             98352.81553
          0,           0,          96,      -5.727193885,      -3.313368438,       -3.16104094,      -2.765974753,     -0.2750803064,   -0.003457411563,   -0.003457411563,      0.6790985057,       566.9214759,       182346.0895,       182346.0895,       2.241071905,       582923.2318,      -11.13370586,         212.51499,           63.960766,      -0.009684422719,               0.5736620009,       580.1945767,       580.1945767,        197666.162,        197666.162,      -4270.105763,        0.07033846359,        -0.07379587515,       93308.09764,        89037.99187,           288.1471648,            292.0474119,            99300.02947,              98366.1325
          0,           0,          97,      -5.735320623,      -3.309119381,       -3.16003943,      -2.766266385,      -0.279351454,   -0.003478527632,   -0.003478527632,      0.6792507855,       566.9220427,       182352.0579,       182352.0579,       2.241143175,       582930.3689,      -11.18488939,       212.5537066,          63.9729921,      -0.009913687533,               0.5735775811,       580.2016804,       580.2016804,       197680.6082,       197680.6082,      -4264.014151,        0.07033912319,        -0.07381765082,       93308.03602,        89044.02187,           288.1470591,            292.0546213,            99299.97016,             98380.63805
          0,           0,          98,      -5.743771019,      -3.304505935,      -3.159086733,       -2.76654452,      -0.283677872,   -0.003507342246,   -0.003507342246,      0.6794382485,       566.9216016,       182356.9035,       182356.9035,       2.241204524,       582937.9963,      -11.24878821,       212.6056392,         63.98490104,       -0.01014259326,               0.5734247414,       580.2092721,       580.2092721,       197695.6201,       197695.6201,      -4258.910119,        0.07033996049,        -0.07384730273,       93307.90679,        89048.99667,           288.1469766,            292.0622954,            99299.86973,             98395.75039
          0,           0,          99,      -5.752543878,      -3.299706511,      -3.158246868,      -2.766782893,     -0.2881168781,   -0.003542879155,   -0.003542879155,      0.6796573164,       566.9201846,        182360.551,        182360.551,       2.241254894,       582945.9978,      -11.32383338,       212.6694618,         63.99655751,       -0.01036904029,               0.5732112454,       580.2172362,       580.2172362,       197710.9371,       197710.9371,      -4254.851788,        0.07034101736,        -0.07388389651,       93307.70138,        89052.84959,           288.1469051,             292.070331,            99299.72681,             98411.21024
          0,           0,         100,      -5.761650597,      -3.294790457,      -3.157583555,      -2.766993798,      -0.292708383,   -0.003583820733,   -0.003583820733,      0.6799008133,       566.9183878,       182363.4625,       182363.4625,       2.241297675,       582954.6757,      -11.40721496,       212.7427356,         64.00822777,       -0.01058918933,               0.5729523704,       580.2258734,       580.2258734,       197726.7011,       197726.7011,      -4251.360335,        0.07034234332,        -0.07392616405,       93307.41141,        89056.05108,           288.1468353,            292.0790381,            99299.54154,             98427.15958
          0,           0,         101,       -5.77069329,      -3.289943098,       -3.15718122,      -2.767178846,     -0.2971503467,   -0.003628692998,   -0.003628692998,      0.6801625754,       566.9161507,        182365.471,        182365.471,       2.241331055,       582963.6915,       -11.4965128,       212.8234105,         64.01943327,       -0.01079964829,               0.5726547951,        580.234847,        580.234847,       197742.4049,       197742.4049,      -4248.592387,        0.07034399432,        -0.07397268732,       93307.03171,        89058.43932,           288.1467779,            292.0880691,            99299.31852,              98443.0864
          0,           0,         102,      -5.779452647,      -3.285206373,      -3.157030883,      -2.767313992,     -0.3012218637,   -0.003676395274,   -0.003676395274,      0.6804386664,       566.9133108,       182366.4305,       182366.4305,       2.241353876,       582972.7065,      -11.58988617,       212.9099929,         64.03028893,       -0.01099785436,               0.5723277229,       580.2438198,       580.2438198,       197757.6847,       197757.6847,       -4246.65205,        0.07034603367,        -0.07402242894,       93306.54128,        89059.88923,           288.1467023,            292.0971176,            99299.04795,             98458.63673
          0,           0,         103,      -5.787714648,      -3.280542653,      -3.157186954,      -2.767420818,     -0.3048717686,    -0.00372561463,    -0.00372561463,      0.6807234295,       566.9100217,       182366.4296,       182366.4296,       2.241366642,       582981.6295,      -11.68494684,       213.0004892,         64.04084146,       -0.01118096251,               0.5719823053,       580.2527011,       580.2527011,       197772.3436,       197772.3436,      -4245.428406,        0.07034853334,        -0.07407414797,       93305.92902,        89060.50062,           288.1466131,             292.106088,            99298.73145,             98473.61214
          0,           0,         104,      -5.795322544,       -3.27619211,      -3.157666918,      -2.767476121,     -0.3081053807,   -0.003775102045,   -0.003775102045,       0.681011609,       566.9064172,        182365.565,        182365.565,       2.241370024,       582990.3695,      -11.77941871,       213.0930221,         64.05113841,       -0.01134653347,               0.5716291257,       580.2614002,       580.2614002,       197786.2175,       197786.2175,      -4244.797269,        0.07035157183,        -0.07412667388,       93305.18115,        89060.38389,            288.146518,            292.1148822,             99298.3694,             98487.84809
          0,           0,         105,      -5.802116853,      -3.272180402,      -3.158324557,       -2.76751266,     -0.3108810856,   -0.003823732238,   -0.003823732238,      0.6812988751,       566.9024919,        182363.818,        182363.818,       2.241363821,       582998.7252,      -11.87133847,       213.1860276,         64.06121938,       -0.01149240479,               0.5712771014,       580.2697167,       580.2697167,       197799.0556,       197799.0556,      -4244.741204,        0.07035523204,        -0.07417896428,       93304.27958,        89059.53838,           288.1464178,             292.123299,            99297.95875,             98501.09684
          0,           0,         106,      -5.807921845,      -3.268525409,      -3.159284917,      -2.767523593,     -0.3131474889,   -0.003870212175,   -0.003870212175,      0.6815794555,       566.8985663,       182361.4767,       182361.4767,       2.241350347,       583006.7711,      -11.95824368,       213.2774673,         64.07113647,       -0.01161667882,               0.5709376879,        580.277725,        580.277725,        197810.874,        197810.874,      -4244.912778,        0.07035961031,        -0.07422982248,       93303.19475,        89058.28197,           288.1462785,            292.1314465,            99297.48722,             98513.38681
          0,           0,         107,      -5.812618087,       -3.26531445,      -3.160365969,      -2.767522779,     -0.3149566235,   -0.003913584928,   -0.003913584928,      0.6818502963,       566.8945243,       182358.4676,       182358.4676,       2.241329153,       583014.2464,      -12.03857619,       213.3661774,         64.08092837,       -0.01171831294,                0.570617827,       580.2851653,       580.2851653,       197821.4259,       197821.4259,      -4245.341743,        0.07036481018,        -0.07427839511,       93301.90466,        89056.56292,           288.1460932,            292.1390721,            99296.95142,             98524.47453
          0,           0,         108,      -5.816423004,      -3.262445124,      -3.161510514,      -2.767472144,     -0.3164584892,   -0.003953196099,   -0.003953196099,      0.6821098657,       566.8902339,       182354.7075,       182354.7075,       2.241299729,       583020.9392,      -12.11132925,       213.4515212,         64.09062796,       -0.01179709182,               0.5703217966,       580.2918268,       580.2918268,       197830.5315,       197830.5315,      -4246.071314,        0.07037094116,        -0.07432413725,       93300.38938,        89054.31807,           288.1458751,            292.1459517,             99296.3513,             98534.18019
          0,           0,         109,      -5.819255035,      -3.260008248,      -3.162765447,      -2.767372956,     -0.3176831815,    -0.00398804344,    -0.00398804344,      0.6823542557,       566.8860534,       182350.5265,       182350.5265,       2.241264758,       583027.0415,      -12.17467043,       213.5320703,         64.10025839,       -0.01185318142,               0.5700578688,       580.2979004,       580.2979004,       197838.3473,       197838.3473,       -4246.70685,        0.07037812998,        -0.07436617342,       93298.61665,         89051.9098,           288.1456043,            292.1522962,            99295.67764,             98542.66965
          0,           0,         110,      -5.821430771,      -3.257934954,      -3.164150034,      -2.767218697,     -0.3188170501,   -0.004017371829,   -0.004017371829,      0.6825810344,       566.8820906,       182346.0566,       182346.0566,       2.241225452,       583032.5497,      -12.22725199,       213.6069044,         64.10987971,       -0.01188650949,               0.5698321008,       580.3033829,       580.3033829,       197844.8854,       197844.8854,      -4247.072216,         0.0703865065,        -0.07440387833,       93296.56443,        89049.49222,           288.1452961,            292.1580867,            99294.93217,             98549.95326
          0,           0,         111,      -5.822986923,       -3.25617944,      -3.165633005,      -2.766994843,     -0.3199098587,   -0.004041075487,   -0.004041075487,      0.6827920996,       566.8778291,       182340.9394,       182340.9394,       2.241179415,       583037.0036,      -12.26922673,       213.6765763,         64.11945055,       -0.01189804974,               0.5696423808,       580.3078159,       580.3078159,        197849.838,        197849.838,      -4247.436744,        0.07039621291,         -0.0744372884,        93294.1881,        89046.75135,           288.1449089,             292.162907,            99294.09634,             98555.74162
          0,           0,         112,      -5.824020538,      -3.254781518,      -3.167177099,      -2.766705728,     -0.3209634687,   -0.004059425535,   -0.004059425535,      0.6829919024,       566.8726824,       182334.7542,       182334.7542,        2.24112375,       583039.9805,      -12.30153569,       213.7424196,         64.12907649,       -0.01188998886,               0.5694841869,       580.3107789,       580.3107789,       197852.9578,       197852.9578,      -4248.144377,        0.07040741756,        -0.07446684309,       93291.44929,        89043.30492,           288.1444147,            292.1663642,            99293.16205,             98559.79576
          0,           0,         113,      -5.824643741,      -3.253838011,      -3.168680023,      -2.766353057,     -0.3220888139,   -0.004072555292,   -0.004072555292,       0.683183026,       566.8665846,       182327.3774,       182327.3774,       2.241057185,       583041.5154,      -12.32463394,       213.8053312,         64.13871685,       -0.01186392059,               0.5693539356,       580.3123066,       580.3123066,       197854.2315,       197854.2315,      -4249.294839,        0.07042028652,        -0.07449284181,       93288.33612,        89039.04128,           288.1438916,             292.168415,            99292.14802,             98562.08347
          0,           0,         114,      -5.825086891,      -3.253399273,      -3.170225788,      -2.765930268,     -0.3233669205,   -0.004079902842,   -0.004079902842,      0.6833640825,       566.8600821,       182319.2394,       182319.2394,       2.240982907,       583042.1031,      -12.33746746,       213.8647739,         64.14838274,       -0.01182179009,               0.5692558948,       580.3128916,       580.3128916,       197854.0561,       197854.0561,      -4250.333212,        0.07043500525,        -0.07451490809,       93284.78631,         89034.4531,           288.1433158,            292.1695758,            99291.02701,             98563.02907
          0,           0,         115,      -5.825549438,      -3.253441173,      -3.171719179,      -2.765454526,     -0.3248873405,   -0.004081278651,   -0.004081278651,      0.6835367275,       566.8530748,       182310.2804,       182310.2804,       2.240900585,       583041.7031,      -12.33990325,       213.9212095,         64.15810262,       -0.01176546477,               0.5691897024,       580.3124934,       580.3124934,       197852.4433,       197852.4433,      -4251.176724,        0.07045178766,        -0.07453306631,       93280.72856,        89029.55183,           288.1426385,            292.1698549,             99289.7676,             98562.67567
          0,           0,         116,      -5.825826441,      -3.253961198,      -3.173221222,      -2.764892778,     -0.3264379788,   -0.004076170965,   -0.004076170965,      0.6837005531,       566.8459199,       182300.8101,       182300.8101,       2.240812663,        583040.657,      -12.33104288,       213.9744282,         64.16788671,       -0.01169682051,               0.5691584246,       580.3114522,       580.3114522,       197849.7065,       197849.7065,       -4251.36777,        0.07047087943,         -0.0745470504,       93276.08895,        89024.72118,           288.1418105,            292.1696417,            99288.34116,             98561.36537
          0,           0,         117,      -5.825812757,      -3.254923723,      -3.174609986,      -2.764252334,     -0.3277982123,   -0.004064165926,   -0.004064165926,      0.6838561536,       566.8388213,       182291.0402,       182291.0402,       2.240720951,       583039.1913,      -12.31026979,       214.0245137,         64.17775205,       -0.01161825722,                 0.56916384,       580.3099934,       580.3099934,        197846.102,        197846.102,      -4250.577659,         0.0704925397,        -0.07455670563,       93270.80895,         89020.2313,           288.1408362,            292.1691572,            99286.73713,             98559.36491
          0,           0,         118,      -5.825853489,      -3.256216102,      -3.175950352,      -2.763541791,     -0.3292024266,    -0.00404503595,    -0.00404503595,       0.684005324,       566.8317197,        182280.954,        182280.954,       2.240625487,       583037.3117,       -12.2773457,       214.0720028,         64.18769373,       -0.01153164241,               0.5692053985,       580.3081226,       580.3081226,       197841.6951,       197841.6951,      -4248.712575,         0.0705170447,        -0.07456208065,        93264.8333,        89016.12073,           288.1397274,            292.1683953,            99284.95124,             98556.74381
          0,           0,         119,       -5.82634001,       -3.25793781,       -3.17718779,      -2.762775488,     -0.3310102373,   -0.004018708869,   -0.004018708869,        0.68415044,        566.824543,       182270.5647,       182270.5647,       2.240526722,       583035.0365,      -12.23227264,       214.1176442,         64.19770442,       -0.01143872473,               0.5692813976,       580.3058581,       580.3058581,       197836.6124,       197836.6124,      -4245.672916,         0.0705446708,        -0.07456337967,       93258.11882,        89012.44591,           288.1384757,            292.1673823,            99282.99071,              98553.6217
          0,           0,         120,      -5.826730908,      -3.260079937,      -3.178349042,      -2.761941733,      -0.332740023,   -0.003985256912,   -0.003985256912,      0.6842950523,       566.8171111,       182259.7981,       182259.7981,       2.240424442,       583032.3233,      -12.17540282,       214.1625515,         64.20778076,       -0.01134181971,               0.5693884791,       580.3031575,       580.3031575,       197830.9439,       197830.9439,      -4241.411586,        0.07057570244,        -0.07456095935,       93250.60484,        89009.19325,           288.1370547,            292.1661028,            99280.84778,             98550.09613
          0,           0,         121,      -5.827426063,      -3.262611478,      -3.179463551,      -2.761073484,     -0.3346889397,   -0.003944670752,   -0.003944670752,      0.6844424007,       566.8093118,       182248.5996,       182248.5996,       2.240318418,       583029.1861,      -12.10693724,       214.2077531,         64.21800357,        -0.0112430702,               0.5695246772,        580.300035,        580.300035,       197824.7853,       197824.7853,      -4235.870457,        0.07061044417,        -0.07455511492,       93242.23503,        89006.36458,           288.1354433,            292.1645917,            99278.52299,              98546.2623
          0,           0,         122,      -5.827949338,      -3.265358995,      -3.180551852,      -2.760172816,     -0.3363950071,   -0.003896941282,   -0.003896941282,      0.6845950787,       566.8012483,         182236.98,         182236.98,       2.240208364,       583025.8336,      -12.02696146,       214.2541307,         64.22836996,        -0.0111440226,               0.5696877697,       580.2966983,       580.2966983,       197818.2718,       197818.2718,      -4229.015368,        0.07064916584,        -0.07454610713,       93232.99767,         89003.9823,           288.1337875,            292.1629107,            99276.05696,             98542.21484
          0,           0,         123,      -5.828903566,       -3.26837008,      -3.181631776,      -2.759257671,     -0.3384781972,   -0.003842115842,   -0.003842115842,      0.6847560002,       566.7927645,       182224.8786,       182224.8786,       2.240094162,       583022.2219,      -11.93563579,       214.3026368,         64.23885224,       -0.01104602363,               0.5698749108,       580.2931035,       580.2931035,       197811.4776,       197811.4776,      -4220.737954,        0.07069213666,        -0.07453425251,       93222.80829,        89002.07033,           288.1319886,            292.1611148,            99273.41757,             98538.06008
          0,           0,         124,      -5.830276926,      -3.271545839,       -3.18258929,      -2.758351422,     -0.3409623666,   -0.003780313494,   -0.003780313494,      0.6849285978,       566.7836965,       182212.1792,       182212.1792,       2.239975018,       583018.3212,      -11.83329814,       214.3544173,         64.24942906,       -0.01095030129,               0.5700823705,        580.289221,        580.289221,       197804.4408,       197804.4408,      -4211.063618,        0.07073963193,        -0.07451994542,       93211.62143,        89000.55781,           288.1300492,            292.1591718,            99270.61299,             98533.82777
          0,           0,         125,      -5.831306788,      -3.274677496,      -3.183631981,      -2.757435728,     -0.3430876933,   -0.003711664504,   -0.003711664504,      0.6851159936,       566.7738955,        182198.758,        182198.758,       2.239849988,       583014.1049,      -11.72025646,       214.4105443,          64.2600657,        -0.0108576351,               0.5703064886,       580.2850245,       580.2850245,       197797.1762,       197797.1762,      -4200.030817,        0.07079190138,        -0.07450356588,        93199.3944,        88999.36358,           288.1279727,            292.1570517,            99267.65039,             98529.52582
          0,           0,         126,      -5.832872463,      -3.277719542,      -3.184680822,      -2.756531835,     -0.3456983569,    -0.00363628625,    -0.00363628625,      0.6853211712,       566.7631959,       182184.4705,       182184.4705,       2.239717948,        583009.524,      -11.59677051,       214.4720534,         64.27073578,       -0.01076833669,               0.5705438088,       580.2804649,       580.2804649,       197789.6698,       197789.6698,      -4187.701325,         0.0708491916,        -0.07448547785,       93186.08593,        88998.38461,           288.1257506,            292.1547143,            99264.53824,             98525.13154
          0,           0,         127,      -5.834503592,      -3.280501962,      -3.185604894,      -2.755660327,     -0.3484107348,   -0.003554379884,   -0.003554379884,      0.6855478344,       566.7513269,       182169.0274,       182169.0274,       2.239576381,       583004.4541,      -11.46337372,       214.5402276,         64.28142448,       -0.01068251778,               0.5707896533,       580.2754188,       580.2754188,       197781.7855,       197781.7855,        -4174.3413,        0.07091174312,          -0.074466123,       93171.68436,        88997.34306,            288.123435,            292.1519838,            99261.31329,             98520.47225
          0,           0,         128,      -5.836481742,       -3.28300189,       -3.18646749,      -2.754833497,     -0.3514739123,   -0.003465908422,   -0.003465908422,      0.6857962167,       566.7386879,       182152.7831,       182152.7831,       2.239428113,       582999.3087,      -11.31955298,       214.6152543,         64.29212017,       -0.01059972819,               0.5710446249,       580.2702975,       580.2702975,       197773.9197,       197773.9197,      -4159.476336,        0.07097974715,        -0.07444565557,       93156.12969,        88996.65336,           288.1209856,            292.1493119,            99257.95813,             98515.96155
          0,           0,         129,       -5.83902015,      -3.285124588,       -3.18720974,      -2.754059683,     -0.3551989418,   -0.003370704698,   -0.003370704698,      0.6860679516,       566.7253666,       182135.8405,       182135.8405,       2.239274035,       582994.2442,      -11.16515333,       214.6975962,         64.30282171,       -0.01052133389,               0.5713080931,       580.2652567,       580.2652567,       197766.2604,       197766.2604,      -4143.008373,        0.07105342657,        -0.07442413126,       93139.42445,        88996.41608,           288.1184606,            292.1467961,            99254.52154,             98511.73881
          0,           0,         130,      -5.841823886,      -3.286801269,      -3.188026045,      -2.753373769,     -0.3593547314,   -0.003268680776,   -0.003268680776,      0.6863655419,       566.7110042,        182117.905,        182117.905,        2.23911193,       582988.9939,      -11.00022341,         214.78804,         64.31352988,        -0.0104481028,               0.5715780386,        580.260031,        580.260031,        197758.607,        197758.607,      -4125.091242,        0.07113300916,        -0.07440168993,        93121.4981,        88996.40686,           288.1158016,            292.1442294,            99250.98291,              98507.6241
          0,           0,         131,      -5.844582151,      -3.287903016,      -3.188873142,      -2.752767257,     -0.3636685617,    -0.00315996077,    -0.00315996077,      0.6866919885,       566.6952449,       182098.6101,       182098.6101,       2.238938702,        582983.314,      -10.82504285,       214.8876905,         64.32420789,       -0.01037915751,               0.5718504963,       580.2543776,       580.2543776,        197750.705,        197750.705,      -4106.016611,        0.07121873106,        -0.07437869183,       93102.31335,        88996.29674,           288.1130158,            292.1413619,            99247.35559,             98503.34942
          0,           0,         132,      -5.847687779,      -3.288357728,      -3.189708648,      -2.752257751,     -0.3685823616,   -0.003044515228,   -0.003044515228,      0.6870479141,       566.6784267,       182078.3195,       182078.3195,       2.238757484,       582977.5816,      -10.63934682,       214.9966913,         64.33486895,       -0.01031565136,               0.5721260021,       580.2486721,       580.2486721,       197742.9864,       197742.9864,      -4085.289444,        0.07131071174,        -0.07435522697,        93081.8045,        88996.51505,           288.1100309,            292.1386411,            99243.60632,             98499.38005
          0,           0,         133,      -5.851073489,       -3.28809132,      -3.190532925,      -2.751854291,     -0.3741121238,   -0.002922308299,   -0.002922308299,      0.6874352467,       566.6603877,       182056.8305,       182056.8305,       2.238566413,       582971.7102,      -10.44317554,       215.1157106,         64.34552246,       -0.01025771696,               0.5724028403,       580.2428281,       580.2428281,       197735.3246,       197735.3246,      -4063.107823,        0.07140914032,        -0.07433144862,       93059.96916,        88996.86134,           288.1069314,            292.1358967,            99239.77638,             98495.54824
          0,           0,         134,      -5.854399608,      -3.287109061,      -3.191374563,      -2.751567828,     -0.3800164199,    -0.00279362213,    -0.00279362213,      0.6878559011,       566.6407616,       182033.7536,       182033.7536,       2.238362155,       582965.4049,      -10.23689365,       215.2455415,         64.35613947,       -0.01020341179,               0.5726775143,       580.2365524,       580.2365524,       197727.3924,       197727.3924,      -4039.765911,        0.07151408265,        -0.07430770478,       93036.75975,        88996.99384,           288.1036822,            292.1328702,             99235.8425,             98491.54993
          0,           0,         135,      -5.858127599,      -3.285385749,      -3.192121589,      -2.751397014,     -0.3867119124,   -0.002658434524,   -0.002658434524,      0.6883100859,       566.6200689,       182009.6066,       182009.6066,       2.238149012,       582959.2154,      -10.02018261,       215.3862189,          64.3667427,       -0.01015345206,               0.5729510032,       580.2303919,       580.2303919,       197719.7696,       197719.7696,      -4014.732681,        0.07162565623,        -0.07428409075,       93012.16962,        88997.43694,           288.1002865,            292.1301054,            99231.82898,             98487.94063
          0,           0,         136,      -5.862080771,      -3.282842211,      -3.192741561,       -2.75134342,     -0.3940602165,   -0.002516862937,   -0.002516862937,      0.6887991619,       566.5980039,       181984.0924,       181984.0924,       2.237924539,       582952.8887,       -9.79328566,       215.5382366,         64.37733171,       -0.01010746146,               0.5732213571,       580.2240948,       580.2240948,       197712.2049,       197712.2049,      -3988.238566,        0.07174390547,         -0.0742607684,       92986.16547,        88997.92691,           288.0967183,            292.1273764,            99227.72267,             98484.48222
          0,           0,         137,      -5.865692155,       -3.27964056,      -3.193275394,      -2.751425837,     -0.4015777864,   -0.002369058151,   -0.002369058151,      0.6893245285,       566.5744497,       181957.0969,       181957.0969,       2.237687791,       582946.3663,      -9.556372711,       215.7021718,         64.38788933,       -0.01006416202,               0.5734863344,       580.2176029,       580.2176029,       197704.6456,       197704.6456,      -3960.421446,        0.07186894192,        -0.07423800007,       92958.75918,        88998.33774,           288.0929935,            292.1246094,            99223.56435,             98481.08124
          0,           0,         138,      -5.869519323,      -3.275922996,      -3.193761445,      -2.751640093,     -0.4099403453,   -0.002215107512,   -0.002215107512,      0.6898859928,       566.5498415,       181928.9861,       181928.9861,       2.237441529,       582940.0968,      -9.309414568,       215.8779709,         64.39842809,       -0.01002385558,               0.5737462799,       580.2113627,       580.2113627,       197697.4895,       197697.4895,      -3931.046008,        0.07200076583,        -0.07421587334,       92930.01607,        88998.97007,            288.089244,            292.1221187,            99219.42792,             98478.06157
          0,           0,         139,      -5.873184938,      -3.271706786,      -3.194282482,      -2.751974014,     -0.4187740592,    -0.00205515783,    -0.00205515783,      0.6904834889,       566.5241483,       181899.7362,       181899.7362,        2.23718557,       582934.0567,      -9.052674605,       216.0655987,         64.40895861,      -0.009986900614,               0.5740007434,        580.205351,        580.205351,       197690.7193,       197690.7193,      -3900.189125,        0.07213927494,        -0.07419443277,       92899.96268,        88999.77356,           288.0854906,            292.1198604,            99215.33203,             98475.38731
          0,           0,         140,       -5.87682437,      -3.267103575,       -3.19474724,      -2.752419204,     -0.4282362126,   -0.001889444049,   -0.001889444049,      0.6911173135,       566.4972156,       181869.2142,       181869.2142,       2.236918886,       582928.1095,       -8.78651902,       216.2652028,         64.41948148,      -0.009952725074,               0.5742483388,       580.1994316,       580.1994316,       197684.2152,       197684.2152,      -3868.006567,        0.07228437825,         -0.0741738223,        92868.6104,        89000.60383,            288.081713,            292.1177186,            99211.28187,             98472.93329
          0,           0,         141,      -5.880107836,      -3.262188289,      -3.195075121,      -2.752978271,     -0.4380465653,   -0.001718441301,   -0.001718441301,      0.6917869848,       566.4689925,        181837.372,        181837.372,       2.236641083,       582922.1978,       -8.51162901,       216.4767184,         64.42998704,      -0.009920137435,               0.5744872533,       580.1935475,       580.1935475,        197677.915,        197677.915,      -3834.674264,        0.07243581828,        -0.07415425958,       92836.02311,        89001.34885,           288.0779179,            292.1156297,            99207.30233,             98470.61265
          0,           0,         142,      -5.883404236,      -3.257090539,      -3.195319365,      -2.753645684,     -0.4486022994,    -0.00154226981,    -0.00154226981,      0.6924915595,       566.4398805,       181804.6215,       181804.6215,       2.236355626,       582916.7084,      -8.228110263,       216.6998153,         64.44048296,      -0.009889672255,                0.574718198,       580.1880838,       580.1880838,       197672.2334,       197672.2334,       -3799.99204,        0.07259350204,        -0.07413577185,       92802.30677,        89002.31473,           288.0741778,             292.113906,            99203.48753,             98468.74591
          0,           0,         143,      -5.886264446,      -3.251913027,      -3.195495577,      -2.754406361,     -0.4593966617,   -0.001361175407,   -0.001361175407,       0.693230422,       566.4096773,       181770.8579,       181770.8579,       2.236062024,       582911.4216,      -7.936457731,       216.9342803,         64.45094729,      -0.009861351237,               0.5749402617,       580.1828218,       580.1828218,       197667.0404,       197667.0404,      -3764.154879,        0.07275721782,        -0.07411839323,       92767.50641,        89003.35153,           288.0704243,            292.1123975,            99199.85065,             98467.18972
          0,           0,         144,       -5.88889104,      -3.246650318,      -3.195505842,      -2.755257434,     -0.4705680905,   -0.001175594553,   -0.001175594553,      0.6940023523,       566.3782964,       181736.1025,       181736.1025,       2.235760878,       582906.2172,      -7.637361946,       217.1796695,         64.46137721,      -0.009835433818,               0.5751528438,       580.1776418,       580.1776418,        197662.319,        197662.319,      -3727.158429,        0.07292659695,         -0.0741021915,       92731.63049,        89004.47206,           288.0665076,            292.1111342,            99196.34127,             98465.97774
          0,           0,         145,       -5.89099368,      -3.241420915,      -3.195343906,      -2.756212257,     -0.4817317204,   -0.000985985906,   -0.000985985906,      0.6948068383,       566.3455622,       181700.2257,       181700.2257,        2.23545128,       582900.9089,      -7.331670247,       217.4358885,          64.4717379,      -0.009811102144,               0.5753536376,       580.1723583,       580.1723583,       197657.9178,       197657.9178,      -3689.344583,        0.07310136191,        -0.07408734782,       92694.78516,        89005.44058,           288.0624419,            292.1099163,            99193.01701,             98464.90077
          0,           0,         146,      -5.892963693,      -3.236238058,      -3.194983616,       -2.75723221,     -0.4932563501,  -0.0007927141622,  -0.0007927141622,      0.6956416768,       566.3118981,       181663.6195,       181663.6195,       2.235136366,        582895.859,      -7.019855821,       217.7022176,         64.48209234,      -0.009788600999,               0.5755439311,       580.1673321,       580.1673321,       197654.1736,       197654.1736,       -3650.58438,         0.0732811646,        -0.07407387876,       92657.10193,        89006.51755,           288.0583103,            292.1090218,             99189.9487,             98464.22493
          0,           0,         147,      -5.895096084,      -3.231160549,      -3.194516862,      -2.758317164,     -0.5054787698,  -0.0005966206498,  -0.0005966206498,      0.6965039385,       566.2772065,       181626.1056,       181626.1056,       2.234814325,       582890.8701,      -6.703157075,       217.9777171,         64.49245488,      -0.009767465531,               0.5757231296,       580.1623665,       580.1623665,       197650.7758,       197650.7758,      -3611.010565,        0.07346521159,        -0.07406183224,       92618.55811,        89007.54754,           288.0540569,            292.1083096,            99186.97768,             98463.79809
          0,           0,         148,      -5.896858874,      -3.226238819,      -3.193880909,      -2.759461637,     -0.5176341961,   -0.000397949235,   -0.000397949235,      0.6973915901,        566.241944,       181588.0285,       181588.0285,       2.234487557,       582886.3414,      -6.382002267,         218.26174,         64.50285054,      -0.009747973744,               0.5758921277,        580.157859,        580.157859,       197648.0124,       197648.0124,      -3570.681894,        0.07365321986,         -0.0740511691,       92579.35518,        89008.67328,           288.0499412,            292.1079177,            99184.25054,             98463.76183
          0,           0,         149,      -5.898379607,       -3.22151076,      -3.193003942,      -2.760638268,     -0.5298506305,  -0.0001969899608,  -0.0001969899608,       0.698303111,       566.2059635,        181549.398,        181549.398,       2.234156773,       582882.0726,      -6.057017958,       218.5537559,         64.51327112,      -0.009730201097,               0.5760506806,       580.1536101,       580.1536101,       197645.8331,       197645.8331,        -3529.7654,        0.07384488134,         -0.0740418713,       92539.58169,        89009.81629,           288.0458491,            292.1077611,            99181.79534,              98464.0378
          0,           0,         150,      -5.899571833,      -3.217022329,      -3.191981333,      -2.761843509,     -0.5417454527,   6.186984864e-06,   6.186984864e-06,      0.6992369374,       566.1694019,       181510.4349,       181510.4349,       2.233824145,       582878.1489,       -5.72850902,       218.8532915,         64.52373198,      -0.009713691589,               0.5761993685,       580.1497048,       580.1497048,       197644.4086,       197644.4086,      -3488.504195,        0.07404007998,          -0.074033893,       92499.46954,        89010.96535,           288.0418699,            292.1078349,            99179.81076,             98464.59784
          0,           0,         151,      -5.900763552,      -3.212916895,      -3.190806779,       -2.76306623,     -0.5537602249,   0.0002110242057,   0.0002110242057,      0.7001906554,       566.1321977,       181471.1764,       181471.1764,       2.233490371,        582874.424,      -5.397464634,       219.1595692,         64.53420597,      -0.009697854749,                0.576337439,       580.1459974,       580.1459974,       197643.6764,       197643.6764,      -3447.087968,        0.07423829863,        -0.07402727442,       92459.13218,        89012.04421,            288.037925,            292.1080724,            99178.30633,             98465.37011
          0,           0,         152,      -5.901702058,      -3.209163331,      -3.189527958,      -2.764302083,     -0.5652758316,    0.000417106707,    0.000417106707,      0.7011616064,        566.094609,       181431.9012,       181431.9012,       2.233157848,       582871.0697,      -5.064629979,       219.4716757,         64.54473281,       -0.00968342806,               0.5764658381,       580.1426588,       580.1426588,       197643.8263,       197643.8263,      -3405.559342,        0.07443906978,        -0.07402196307,       92418.73029,        89013.17095,           288.0340764,            292.1085824,             99177.3518,             98466.47447
          0,           0,         153,      -5.902426349,      -3.205641653,      -3.188074596,      -2.765529926,     -0.5762807856,   0.0006249109491,   0.0006249109491,      0.7021508592,        566.056528,       181392.8526,       181392.8526,           2.23283,       582868.0172,      -4.729923513,       219.7899699,         64.55528712,      -0.009670488774,               0.5765837343,       580.1396206,       580.1396206,       197645.1666,       197645.1666,      -3364.411977,        0.07464286653,        -0.07401795558,       92378.63229,        89014.22031,            288.030382,            292.1092386,            99177.37202,             98467.79459
          0,           0,         154,      -5.903522046,      -3.202459083,      -3.186445266,       -2.76673955,     -0.5874622187,   0.0008310722121,   0.0008310722121,      0.7031449464,       566.0172391,       181353.1926,       181353.1926,       2.232499398,       582864.0401,      -4.397391691,       220.1097836,         64.56591582,      -0.009658864512,               0.5766932788,       580.1356621,       580.1356621,       197646.2104,       197646.2104,      -3322.750347,        0.07484616588,        -0.07401509367,       92337.97149,        89015.22114,           288.0255899,            292.1100722,             99176.8965,             98469.31389
          0,           0,         155,       -5.90421655,       -3.19959299,        -3.1847378,      -2.767919265,     -0.5974273035,    0.001039440552,    0.001039440552,      0.7041562093,       565.9771833,       181314.1924,       181314.1924,       2.232179937,       582860.0384,       -4.06291164,        220.435385,         64.57656473,      -0.009647971594,               0.5767934673,       580.1316791,       580.1316791,       197648.8577,       197648.8577,      -3281.912096,        0.07505283102,        -0.07401339047,       92298.05224,        89016.14015,           288.0206377,            292.1110414,            99177.85315,             98471.00455
          0,           0,         156,      -5.905715425,      -3.196935948,      -3.183028563,      -2.769081738,     -0.6083580945,    0.001244663796,    0.001244663796,      0.7051639159,       565.9372429,       181275.0746,       181275.0746,       2.231858465,       582856.1597,      -3.732830996,       220.7598683,         64.58729486,      -0.009638825678,               0.5768866234,       580.1278185,       580.1278185,       197651.3693,       197651.3693,      -3240.905614,        0.07525734926,        -0.07401268547,        92257.9901,        89017.08449,            288.015586,            292.1122325,            99178.41978,             98472.94949
          0,           0,         157,      -5.906438896,      -3.194650799,      -3.181297606,      -2.770209819,     -0.6172128837,    0.001450322783,    0.001450322783,      0.7061802917,       565.8972214,       181236.5842,       181236.5842,       2.231544954,       582852.6495,      -3.403268862,       221.0873229,         64.59804268,      -0.009631448845,               0.5769715788,       580.1243248,       580.1243248,        197655.078,        197655.078,      -3200.764468,        0.07546325333,        -0.07401293055,       92218.67435,        89017.90988,           288.0108236,            292.1135012,            99180.06793,             98475.01006
          0,           0,         158,      -5.907485585,       -3.19266426,      -3.179499177,      -2.771296816,      -0.625784612,    0.001653311685,    0.001653311685,      0.7071932485,       565.8571658,       181198.1907,       181198.1907,        2.23123269,       582849.1069,      -3.077911101,       221.4136931,          64.6088633,      -0.009625857295,               0.5770498712,       580.1207987,       580.1207987,       197658.8804,       197658.8804,      -3160.862205,        0.07566737955,        -0.07401406787,       92179.52647,        89018.66426,           288.0059177,             292.114881,             99181.6722,             98477.20816
          0,           0,         159,      -5.908017531,      -3.190872478,      -3.177698562,      -2.772342818,     -0.6323727493,    0.001855699372,    0.001855699372,      0.7082074884,       565.8174322,       181160.7184,       181160.7184,       2.230930429,       582846.0576,      -2.754318695,       221.7406192,         64.61968148,      -0.009621486544,               0.5771227375,       580.1177638,       580.1177638,       197663.8592,       197663.8592,      -3121.657978,        0.07587163375,        -0.07401593438,       92141.18819,        89019.53021,            288.001244,            292.1165198,            99184.18059,             98479.67857
          0,           0,         160,      -5.908256326,      -3.189440695,      -3.175928861,      -2.773337451,     -0.6370023743,    0.002054922046,    0.002054922046,      0.7092131095,       565.7783284,       181123.6401,       181123.6401,       2.230630406,       582843.4513,       -2.43566844,       222.0647708,         64.63058273,      -0.009619020074,               0.5771915183,       580.1151697,       580.1151697,       197669.0058,       197669.0058,      -3082.868292,        0.07607331247,        -0.07401839043,       92103.25419,         89020.3859,            287.996902,            292.1182677,            99186.71999,             98482.28579
          0,           0,         161,      -5.908626724,      -3.188519529,      -3.174335664,      -2.774278805,       -0.64132407,    0.002252279934,    0.002252279934,       0.710213032,        565.740467,       181087.4567,       181087.4567,       2.230336344,       582842.0179,      -2.120403387,        222.387225,         64.64146473,      -0.009618529591,               0.5772564922,        580.113743,        580.113743,       197674.9821,       197674.9821,       -3044.90193,        0.07627356568,        -0.07402128575,        92066.1793,        89021.27737,           287.9935929,            292.1201501,            99189.93498,             98485.04716
          0,           0,         162,      -5.908316346,      -3.187876114,      -3.172832467,      -2.775162448,     -0.6432067341,    0.002447759274,    0.002447759274,      0.7112072806,       565.7037568,       181052.0824,       181052.0824,       2.230047546,       582841.6629,      -1.808698477,       222.7080184,         64.65243258,      -0.009619730245,               0.5773179703,       580.1133896,       580.1133896,       197681.6942,       197681.6942,      -3008.071223,        0.07647239151,        -0.07402463224,       92030.07683,        89022.00561,           287.9914261,            292.1219636,             99193.9337,             98487.76048
          0,           0,         163,      -5.907771242,      -3.187336526,      -3.171389745,      -2.775995791,     -0.6432279921,    0.002640239204,    0.002640239204,      0.7121922895,       565.6679276,       181017.3049,       181017.3049,       2.229762473,       582841.9776,      -1.501964311,       223.0258673,          64.6633564,      -0.009623042978,               0.5773745242,       580.1137029,       580.1137029,       197688.7539,       197688.7539,       -2972.01928,        0.07666871424,        -0.07402847504,       91994.66209,        89022.64281,           287.9899217,            292.1237812,             99198.2389,             98490.51499
          0,           0,         164,      -5.906811482,      -3.187016857,      -3.170060493,      -2.776792455,     -0.6415661242,    0.002827793491,    0.002827793491,      0.7131588559,       565.6334939,       180982.9899,       180982.9899,        2.22947741,        582843.138,      -1.202423225,       223.3376763,         64.67434259,      -0.009629260671,               0.5774295207,       580.1148579,       580.1148579,       197695.5987,       197695.5987,      -2936.292305,        0.07686036929,         -0.0740325758,       91959.64109,        89023.34878,           287.9891172,            292.1257407,            99202.16962,              98493.4291
          0,           0,         165,      -5.905120217,      -3.186992571,      -3.168886819,      -2.777543259,     -0.6375504275,    0.003011975875,    0.003011975875,      0.7141129718,       565.6002765,       180949.2282,       180949.2282,       2.229194191,       582845.1812,     -0.9082402933,       223.6454333,         64.68529996,       -0.00963864836,               0.5774816694,       580.1168915,       580.1168915,        197702.589,        197702.589,      -2901.273205,        0.07704887821,        -0.07403690233,       91925.25073,        89023.97752,           287.9892046,            292.1276869,             99206.2323,             98496.35671
          0,           0,         166,      -5.902788074,      -3.187179122,      -3.167940227,       -2.77824813,     -0.6316501616,    0.003191404864,    0.003191404864,      0.7150493152,       565.5677716,       180915.5188,       180915.5188,       2.228908673,       582847.3825,     -0.6210330127,       223.9473261,         64.69627575,      -0.009650157831,               0.5775317805,       580.1190825,       580.1190825,       197708.9362,       197708.9362,      -2866.680962,        0.07723282033,        -0.07404141546,       91891.09987,        89024.41891,           287.9895592,            292.1295233,            99209.77781,             98499.15843
          0,           0,         167,      -5.899540924,      -3.187651826,      -3.167143363,      -2.778896739,     -0.6234182695,    0.003368425005,    0.003368425005,      0.7159752717,       565.5368987,       180882.8703,       180882.8703,       2.228629612,       582850.9627,     -0.3379359192,       224.2459174,         64.70721109,      -0.009664615354,               0.5775800094,       580.1226459,       580.1226459,       197716.0612,       197716.0612,      -2833.019083,        0.07741451409,        -0.07404608908,       91857.94471,        89024.92563,           287.9911627,            292.1314832,            99213.96876,             98502.09246
          0,           0,         168,      -5.895728543,      -3.188291644,      -3.166507919,       -2.77950962,     -0.6140141126,    0.003539823351,    0.003539823351,      0.7168801126,       565.5066957,       180850.1992,       180850.1992,       2.228347485,       582854.5259,    -0.06293257063,       224.5374274,          64.7181758,        -0.0096821229,               0.5776265934,       580.1261924,       580.1261924,       197722.3039,       197722.3039,      -2799.593035,        0.07759073372,        -0.07405091037,       91824.89613,         89025.3031,           287.9928246,            292.1333678,            99217.33927,             98504.96466
          0,           0,         169,       -5.89112585,      -3.189298079,      -3.166060883,      -2.780087957,     -0.6031134011,     0.00370828752,     0.00370828752,      0.7177745702,       565.4770224,       180818.0492,       180818.0492,       2.228069552,       582858.3364,      0.2070942136,       224.8253512,         64.72915665,      -0.009704028847,               0.5776704448,       580.1299851,       580.1299851,       197728.7376,       197728.7376,      -2766.832187,        0.07776423051,        -0.07405594299,       91792.44068,        89025.60849,           287.9947542,            292.1352309,            99220.86593,             98507.87163
          0,           0,         170,      -5.886146457,      -3.190415672,      -3.165897937,      -2.780629127,     -0.5917015046,    0.003872488109,    0.003872488109,      0.7186524389,       565.4480642,       180786.1811,       180786.1811,       2.227792143,        582862.343,      0.4704577704,       225.1076544,         64.74016742,      -0.009730419813,               0.5777125972,       580.1339729,       580.1339729,       197734.8176,       197734.8176,      -2734.735937,        0.07793353557,        -0.07406104746,       91760.45854,         89025.7226,           287.9970098,            292.1369631,            99224.15786,             98510.65977
          0,           0,         171,      -5.880274603,       -3.19151714,      -3.165935347,      -2.781122899,     -0.5787167445,    0.004031008601,    0.004031008601,      0.7195063856,       565.4200219,       180754.3086,       180754.3086,       2.227510937,       582866.4582,      0.7259592818,       225.3819461,         64.75111383,      -0.009759811087,               0.5777551822,       580.1380688,       580.1380688,       197739.8856,       197739.8856,      -2702.613469,        0.07809700629,        -0.07406599769,       91728.46104,        89025.84757,           287.9993035,            292.1387653,            99226.43062,             98513.45497
          0,           0,         172,      -5.873888611,      -3.192824989,      -3.166068011,      -2.781594576,     -0.5652363644,    0.004186862338,    0.004186862338,      0.7203483069,       565.3927165,       180722.9564,       180722.9564,       2.227233137,       582870.9499,      0.9772026591,       225.6522514,         64.76206344,      -0.009791508261,               0.5777973388,       580.1425396,       580.1425396,        197745.049,        197745.049,      -2671.255863,        0.07825779407,        -0.07407093174,       91697.10611,        89025.85025,           288.0020482,            292.1404913,            99228.90973,             98516.13928
          0,           0,         173,      -5.867321543,      -3.194314225,      -3.166347407,        -2.7820282,     -0.5520372192,    0.004338646103,    0.004338646103,      0.7211746441,       565.3659098,       180691.7144,       180691.7144,       2.226954621,       582875.4355,       1.222407058,       225.9174131,         64.77295401,      -0.009824491618,               0.5778368595,       580.1470042,       580.1470042,       197749.6955,       197749.6955,      -2640.516577,        0.07841467023,        -0.07407602413,        91666.1155,        89025.59893,           288.0049652,            292.1420389,            99231.08823,             98518.60724
          0,           0,         174,      -5.860499375,      -3.195881627,      -3.166800659,      -2.782412941,     -0.5389311963,    0.004486317817,    0.004486317817,       0.721987302,        565.339262,       180660.4422,       180660.4422,       2.226675002,       582879.6409,       1.461422246,       226.1780357,         64.78379572,      -0.009858662641,               0.5778719062,       580.1511898,       580.1511898,       197753.7587,       197753.7587,      -2610.354845,        0.07856779913,        -0.07408148131,       91635.39852,        89025.04368,            288.007799,            292.1433909,            99232.90085,             98520.85784
          0,           0,         175,      -5.853756339,      -3.197539976,      -3.167438155,      -2.782752697,     -0.5264139051,    0.004630616682,    0.004630616682,      0.7227863599,       565.3134127,       180629.6559,       180629.6559,       2.226398111,       582884.2195,       1.695367628,       226.4341254,          64.7945889,      -0.009895101644,               0.5779054043,        580.155747,        580.155747,       197757.7982,       197757.7982,      -2580.605136,        0.07871766458,         -0.0740870479,       91605.13051,        89024.52537,           288.0108564,            292.1448905,            99234.60883,             98523.18933
          0,           0,         176,      -5.846908766,      -3.199287033,      -3.168109146,      -2.783065057,     -0.5141949534,    0.004771530595,    0.004771530595,      0.7235723763,       565.2879523,       180599.0505,       180599.0505,       2.226121822,        582888.769,        1.92411535,       226.6858061,          64.8053332,      -0.009934055881,               0.5779367826,       580.1602752,       580.1602752,       197761.5058,       197761.5058,      -2551.312292,        0.07886423512,        -0.07409270453,       91575.18138,        89023.86908,            288.013917,            292.1463582,            99236.07289,             98525.43292
          0,           0,         177,      -5.840106442,      -3.201123518,       -3.16880524,      -2.783339035,     -0.5024358199,    0.004909426213,    0.004909426213,      0.7243458597,       565.2630041,       180568.7105,       180568.7105,       2.225846704,       582893.4306,       2.148173496,        226.933284,         64.81600109,      -0.009975261207,               0.5779665048,        580.164915,        580.164915,       197764.9925,       197764.9925,      -2522.553198,        0.07900779922,        -0.07409837301,       91545.63187,        89023.07867,           288.0171074,            292.1478076,            99237.42258,             98527.56987
          0,           0,         178,      -5.833563578,      -3.202959566,      -3.169474649,      -2.783574422,     -0.4914093972,    0.005044434905,    0.005044434905,      0.7251050815,        565.238667,       180538.7949,       180538.7949,       2.225574366,       582898.2277,         2.3680876,       227.1760461,         64.82662403,       -0.01001718135,               0.5779973854,       580.1696896,       580.1696896,       197768.3422,       197768.3422,      -2494.020231,        0.07914834661,        -0.07410391171,       91516.40755,        89022.38732,           288.0202364,            292.1494532,            99238.57299,             98529.76925
          0,           0,         179,      -5.827303623,       -3.20473407,      -3.170200548,      -2.783752539,     -0.4810321153,    0.005176858665,    0.005176858665,      0.7258502309,       565.2147765,       180509.3619,       180509.3619,       2.225306204,       582902.9906,        2.58442321,       227.4141887,         64.83714171,       -0.01005841196,               0.5780298825,       580.1744302,       580.1744302,       197771.6201,       197771.6201,      -2465.646883,        0.07928614267,          -0.074109284,       91487.50438,         89021.8575,           288.0231202,              292.15131,            99239.56224,             98532.05785
          0,           0,         180,       -5.82145741,      -3.206518177,      -3.170848208,       -2.78387542,     -0.4714646955,    0.005307047149,    0.005307047149,      0.7265824453,       565.1913659,        180480.497,        180480.497,       2.225043141,       582907.7915,       2.797744991,        227.648172,         64.84755609,       -0.01009770124,               0.5780641294,       580.1792087,       580.1792087,        197774.965,        197774.965,      -2437.483538,        0.07942157926,        -0.07411453211,       91458.99026,        89021.50672,           288.0258627,             292.153346,            99240.52376,             98534.44125
          0,           0,         181,      -5.816202742,      -3.208354167,      -3.171323062,      -2.783939631,     -0.4630260353,    0.005434773216,    0.005434773216,      0.7273024513,       565.1681832,       180452.0976,       180452.0976,       2.224784883,       582912.3998,       3.007610689,       227.8781489,         64.85786537,       -0.01013561295,               0.5780987216,       580.1837954,       580.1837954,        197778.296,        197778.296,      -2409.451515,        0.07955455483,        -0.07411978162,       91430.77456,        89021.32304,           288.0282811,            292.1555143,            99241.34204,             98536.95393
          0,           0,         182,      -5.811395388,      -3.210083632,      -3.171664067,      -2.783932398,     -0.4552913048,    0.005561040544,    0.005561040544,      0.7280132822,       565.1453834,       180424.4496,       180424.4496,       2.224534337,       582917.0928,       3.215179381,       228.1050462,         64.86811634,       -0.01017368573,                0.578134828,       580.1884664,       580.1884664,       197782.0655,       197782.0655,      -2381.617551,        0.07968596062,        -0.07412492008,       91403.03359,        89021.41604,           288.0305472,            292.1579192,            99242.35591,             98539.70955
          0,           0,         183,      -5.807324154,      -3.211900185,      -3.171955897,      -2.783855927,     -0.4486706454,    0.005684786637,    0.005684786637,      0.7287104102,       565.1228027,       180397.2466,       180397.2466,       2.224288387,       582921.5195,         3.4190364,       228.3273446,         64.87825376,       -0.01021177599,               0.5781724268,       580.1928724,       580.1928724,       197785.7249,       197785.7249,      -2353.827739,         0.0798146558,        -0.07412986916,       91375.53718,        89021.70944,           288.0324016,            292.1604708,            99243.10598,             98542.61895
          0,           0,         184,      -5.803912542,      -3.213608713,       -3.17210186,      -2.783715214,     -0.4429849061,    0.005806953421,    0.005806953421,      0.7294002923,       565.1002795,       180370.4368,       180370.4368,       2.224047031,       582925.7692,       3.620013508,       228.5472706,         64.88829624,       -0.01024988171,               0.5782080175,       580.1971022,       580.1971022,       197789.5225,       197789.5225,      -2326.724621,        0.07994188086,        -0.07413492744,       91348.58072,         89021.8561,           288.0342513,             292.162851,            99244.11863,             98545.40388
          0,           0,         185,      -5.801311928,      -3.215256964,      -3.172092367,       -2.78351071,     -0.4383510182,    0.005926522073,    0.005926522073,      0.7300782618,       565.0780271,       180344.0158,       180344.0158,        2.22380939,       582929.8711,        3.81707881,         228.76342,         64.89822324,       -0.01028601298,               0.5782422641,       580.2011849,       580.2011849,       197793.2279,       197793.2279,      -2299.971059,        0.08006666087,         -0.0741401388,       91321.99342,        89022.02236,           288.0359194,            292.1652655,            99245.02438,             98548.20348
          0,           0,         186,      -5.799340336,      -3.216766149,      -3.171886614,      -2.783239296,      -0.434511054,    0.006043888156,    0.006043888156,      0.7307498634,       565.0556702,       180317.7833,       180317.7833,       2.223574471,       582933.6611,        4.01040209,       228.9777111,         64.90805778,       -0.01031934567,               0.5782707528,       580.2049572,       580.2049572,       197796.8844,       197796.8844,      -2274.026753,        0.08018982464,        -0.07414593648,       91295.90503,        89021.87827,           288.0375119,            292.1674453,            99246.10487,             98550.77954
          0,           0,         187,       -5.79795917,      -3.218079664,      -3.171519334,      -2.782899101,     -0.4313202277,    0.006158392324,    0.006158392324,      0.7314109101,       565.0339467,       180292.1657,       180292.1657,       2.223344605,       582937.7286,        4.19946048,       229.1888572,         64.91776115,       -0.01034939277,               0.5782951778,       580.2090057,       580.2090057,        197800.754,        197800.754,      -2248.379089,        0.08031068266,        -0.07415229034,       91270.27238,        89021.89329,           288.0391179,            292.1698878,            99247.17256,             98553.58149
          0,           0,         188,      -5.797293816,      -3.219272547,      -3.170959509,      -2.782493929,     -0.4289838795,    0.006270323462,    0.006270323462,      0.7320609677,       565.0128815,       180267.3992,       180267.3992,       2.223122636,        582942.072,       4.384817163,       229.3966296,         64.92736744,       -0.01037670352,               0.5783179903,       580.2133288,       580.2133288,       197805.0673,       197805.0673,      -2222.628449,        0.08042938999,        -0.07415906653,       91245.01382,        89022.38537,           288.0404741,            292.1728546,            99248.16768,             98556.89959
          0,           0,         189,      -5.797402994,      -3.220359242,      -3.170109732,      -2.782034151,     -0.4276465622,    0.006379699892,    0.006379699892,      0.7327007591,       564.9921485,       180243.1438,       180243.1438,       2.222905679,       582946.3792,       4.566311491,       229.6013717,         64.93685867,       -0.01039995628,               0.5783375801,       580.2176157,       580.2176157,       197809.4837,       197809.4837,      -2197.244903,        0.08054602597,        -0.07416632608,       91220.19435,        89022.94945,           288.0416863,            292.1759294,            99249.16219,              98560.3215
          0,           0,         190,      -5.797922668,      -3.221289383,      -3.168984839,      -2.781516074,     -0.4265838945,     0.00648645986,     0.00648645986,      0.7333311723,       564.9717049,       180219.5337,       180219.5337,       2.222695542,        582950.641,       4.743764462,        229.803355,         64.94627573,       -0.01041902807,               0.5783531993,       580.2218576,       580.2218576,       197814.1865,       197814.1865,      -2172.134114,        0.08066069846,         -0.0741742386,       91195.83391,         89023.6998,           288.0426274,            292.1792302,            99250.18307,             98564.00344
          0,           0,         191,      -5.799047219,      -3.222069969,      -3.167696676,      -2.780946915,     -0.4261513972,    0.006590412799,    0.006590412799,      0.7339514129,        564.951881,       180196.7471,       180196.7471,         2.2224931,       582955.1673,       4.916870851,       230.0023301,         64.95558009,       -0.01043481831,               0.5783645099,       580.2263628,       580.2263628,       197819.3336,       197819.3336,      -2147.278389,        0.08077323911,        -0.07418282631,       91172.01273,        89024.73434,           288.0435134,            292.1828493,            99251.27263,             98568.06092
          0,           0,         192,      -5.800976237,      -3.222732955,      -3.166282055,      -2.780348833,       -0.42677034,    0.006691339089,    0.006691339089,      0.7345638753,        564.932445,       180174.5248,       180174.5248,       2.222296052,       582959.8165,       5.084850814,        230.199101,         64.96482006,       -0.01044797495,               0.5783680587,       580.2309902,       580.2309902,       197824.7564,       197824.7564,      -2123.104622,        0.08088371836,        -0.07419237927,       91148.81472,         89025.7101,           288.0445223,            292.1864678,             99252.5167,              98572.2397
          0,           0,         193,      -5.803321091,      -3.223237389,      -3.164676269,      -2.779726776,     -0.4277793369,    0.006788975934,    0.006788975934,      0.7351665116,       564.9133896,       180153.0478,       180153.0478,       2.222106687,       582964.4985,       5.247541704,       230.3929223,         64.97397966,       -0.01045892478,               0.5783652643,       580.2356502,       580.2356502,       197830.5551,       197830.5551,      -2099.166856,        0.08099182287,        -0.07420284693,       91126.10731,        89026.94045,           288.0452276,            292.1904226,            99253.71734,             98576.83775
          0,           0,         194,      -5.806051786,      -3.223498862,      -3.162932969,      -2.779078101,     -0.4291071599,    0.006883657286,    0.006883657286,      0.7357597899,       564.8949345,        180132.456,        180132.456,       2.221925876,       582969.4542,       5.405285372,       230.5840263,         64.98305915,       -0.01046749364,               0.5783564061,       580.2405827,       580.2405827,       197836.9026,       197836.9026,      -2075.674376,        0.08109784642,        -0.07421418913,       91104.06518,        89028.39081,           288.0458925,            292.1946902,            99255.09431,             98581.80832
          0,           0,         195,      -5.809113703,      -3.223489882,      -3.161079423,      -2.778415867,      -0.430751199,    0.006974375094,    0.006974375094,      0.7363443584,       564.8768913,        180112.404,        180112.404,       2.221750076,       582974.5217,       5.556436056,       230.7727168,         64.99206576,       -0.01047351618,                0.578336558,       580.2456265,       580.2456265,       197843.4559,       197843.4559,      -2052.971023,        0.08120125927,        -0.07422688418,       91082.68749,        89029.71647,           288.0466628,            292.1989637,            99256.54263,             98586.91324
          0,           0,         196,      -5.812455671,      -3.223365986,       -3.15921442,       -2.77773936,     -0.4326849564,    0.007061881009,    0.007061881009,      0.7369180773,       564.8597837,       180093.5538,       180093.5538,       2.221585444,       582980.1428,       5.702502871,       230.9583519,         65.00101239,       -0.01047566288,                0.578311141,       580.2512213,       580.2512213,        197850.828,        197850.828,      -2030.558726,        0.08130247336,        -0.07424059235,       91062.05629,        89031.49756,           288.0473822,            292.2038391,            99258.20996,             98592.61808
          0,           0,         197,      -5.815984937,      -3.223075537,      -3.157303364,      -2.777057226,     -0.4347935123,    0.007144906126,    0.007144906126,      0.7374823525,       564.8432362,       180075.3616,       180075.3616,       2.221426689,       582985.9973,       5.841333316,       231.1414516,         65.00987246,       -0.01047412197,               0.5782731268,       580.2570484,       580.2570484,       197858.4962,       197858.4962,      -2008.937083,         0.0814008229,        -0.07425591678,       91042.14932,        89033.21224,           288.0482321,            292.2088163,            99259.94808,             98598.54809
          0,           0,         198,        -5.8195872,      -3.222622668,      -3.155270691,      -2.776376314,     -0.4369328987,    0.007223881377,    0.007223881377,      0.7380370739,       564.8277492,       180058.3394,       180058.3394,       2.221278174,        582992.592,       5.973717782,       231.3220446,         65.01868424,       -0.01046874706,               0.5782247622,       580.2636123,       580.2636123,       197867.0121,       197867.0121,      -1987.850441,        0.08149668941,        -0.07427280804,       91023.09495,         89035.2445,           288.0493066,            292.2143057,            99261.95036,             98605.06175
          0,           0,         199,      -5.823217067,       -3.22203203,      -3.153265487,      -2.775704105,     -0.4390884188,    0.007297626377,    0.007297626377,      0.7385818196,       564.8132621,       180042.1198,       180042.1198,       2.221135553,       582999.8563,       6.097813484,       231.5000193,         65.02740435,       -0.01046043218,               0.5781613703,       580.2708425,       580.2708425,       197875.9592,       197875.9592,      -1967.569996,        0.08158926401,        -0.07429163763,       91004.84489,        89037.27489,           288.0508241,            292.2200184,            99264.01864,             98611.94056
          0,           0,         200,      -5.826725948,      -3.221321924,      -3.151428712,      -2.775055338,     -0.4411499239,    0.007366059007,    0.007366059007,      0.7391197912,       564.7995969,       180026.5557,       180026.5557,       2.220997726,       583007.7382,       6.213256549,       231.6765226,         65.03612198,       -0.01044911066,               0.5780798335,       580.2786875,       580.2786875,        197885.333,        197885.333,      -1948.374044,         0.0816788588,        -0.07431279979,       90987.46487,        89039.09082,           288.0528679,            292.2258196,            99266.27723,             98619.05574
          0,           0,         201,      -5.830122964,      -3.220469256,      -3.149663702,      -2.774437992,     -0.4431225341,    0.007428586633,    0.007428586633,      0.7396468578,       564.7870479,       180011.7924,       180011.7924,        2.22086535,       583016.3712,       6.319752944,       231.8502253,          65.0448568,       -0.01043403893,               0.5779828031,       580.2872801,       580.2872801,       197895.0934,       197895.0934,      -1929.780774,        0.08176476743,         -0.0743361808,       90970.78656,        89041.00579,           288.0552008,            292.2320793,            99268.42773,             98626.66563
          0,           0,         202,      -5.833316541,      -3.219376811,      -3.147964116,      -2.773859244,     -0.4448365662,    0.007485349873,    0.007485349873,      0.7401638936,       564.7758997,       179998.0115,       179998.0115,       2.220739544,        583026.082,       6.417596742,       232.0215555,         65.05356712,       -0.01041424678,                0.577869401,       580.2969455,       580.2969455,       197905.4792,       197905.4792,      -1911.893042,        0.08184726437,         -0.0743619145,       90954.95229,        89043.05925,           288.0580968,            292.2388487,            99270.66504,             98634.81421
          0,           0,         203,       -5.83612295,      -3.218022613,      -3.146375751,        -2.7733111,     -0.4462000147,    0.007535397768,    0.007535397768,      0.7406711607,       564.7659834,       179984.9269,       179984.9269,       2.220617414,       583036.7125,       6.505267488,       232.1906661,         65.06218564,       -0.01038953928,               0.5777347511,       580.3075262,       580.3075262,       197916.1914,       197916.1914,      -1895.012955,        0.08192581546,        -0.07439041769,       90939.96994,        89044.95699,           288.0616471,             292.245879,            99272.89394,             98643.29742
          0,           0,         204,      -5.838538566,      -3.216580773,       -3.14493347,      -2.772800098,     -0.4472759902,    0.007578910182,    0.007578910182,      0.7411661438,       564.7577965,       179973.0922,       179973.0922,       2.220503834,       583048.6761,       6.583419716,       232.3566401,         65.07076245,       -0.01036083604,               0.5775833843,       580.3194338,       580.3194338,        197927.717,        197927.717,      -1878.496476,        0.08200034415,        -0.07442143397,       90925.79435,        89047.29788,            288.065662,            292.2537719,            99275.05427,             98652.66276
          0,           0,         205,      -5.840442685,      -3.214987443,      -3.143690828,      -2.772329009,     -0.4478515465,    0.007615361709,    0.007615361709,       0.741650094,       564.7506703,       179962.1087,       179962.1087,       2.220396516,       583061.3375,       6.650896236,       232.5197212,         65.07930734,       -0.01032983996,               0.5774120577,       580.3320359,       580.3320359,       197939.6834,       197939.6834,      -1862.574919,        0.08207054958,        -0.07445518787,       90912.34179,        89049.76687,           288.0698399,             292.262196,            99277.00388,             98662.67957
          0,           0,         206,      -5.841962492,       -3.21326673,      -3.142538235,      -2.771906096,     -0.4481169325,    0.007645100874,    0.007645100874,       0.742122756,       564.7445782,       179952.1545,       179952.1545,       2.220297809,       583074.6558,       6.708178358,       232.6798317,         65.08780413,       -0.01029647668,               0.5772220332,       580.3452919,       580.3452919,        197952.274,        197952.274,      -1847.238942,        0.08213668322,        -0.07449158235,       90899.69674,         89052.4578,           288.0740371,            292.2712548,            99278.86758,             98673.40645
          0,           0,         207,      -5.843065871,      -3.211457651,       -3.14151016,      -2.771529973,      -0.448012343,    0.007667531086,    0.007667531086,      0.7425846787,       564.7393301,       179942.9934,       179942.9934,       2.220205539,       583088.4559,       6.754196499,        232.837211,         65.09622115,       -0.01026055672,               0.5770096913,       580.3590274,       580.3590274,       197965.2529,       197965.2529,      -1832.830563,        0.08219844889,         -0.0745309178,       90887.91199,        89055.08143,           288.0783385,            292.2806889,            99280.63849,             98684.61437
          0,           0,         208,      -5.843557615,      -3.209580125,      -3.140726646,      -2.771211389,     -0.4473469618,    0.007682345923,    0.007682345923,      0.7430357528,       564.7350042,       179934.7207,       179934.7207,       2.220120599,       583102.8133,        6.78860615,       232.9919331,         65.10456642,       -0.01022108373,               0.5767739143,       580.3733176,       580.3733176,       197978.7212,       197978.7212,      -1819.382824,        0.08225577333,        -0.07457342741,       90877.05175,        89057.66893,           288.0827548,            292.2905628,            99282.36141,             98696.35983
          0,           0,         209,      -5.843686501,      -3.207594897,      -3.140106491,      -2.770952973,     -0.4464145095,    0.007689378079,    0.007689378079,      0.7434742247,         564.73169,       179927.5004,       179927.5004,       2.220044668,       583117.7559,       6.811218367,       233.1434964,         65.11283141,       -0.01017663095,               0.5765152711,       580.3881902,       580.3881902,       197992.7746,       197992.7746,      -1806.945055,        0.08230849355,        -0.07461911547,       90867.22274,        89060.27768,           288.0872061,            292.3009841,            99284.09667,             98708.67796
          0,           0,         210,      -5.843263279,      -3.205492902,      -3.139592353,      -2.770748192,     -0.4449599018,    0.007688495065,    0.007688495065,      0.7439001374,       564.7293086,       179921.3015,       179921.3015,       2.219977684,       583133.2041,       6.821937396,       233.2919762,         65.12100352,       -0.01012618771,               0.5762331035,       580.4035661,       580.4035661,       198007.3822,       198007.3822,      -1795.508454,        0.08235658555,        -0.07466809048,       90858.40498,        89062.89652,           288.0915876,            292.3119785,            99285.81889,              98721.5633
          0,           0,         211,       -5.84265703,      -3.203167126,      -3.139226137,      -2.770586646,     -0.4434511186,    0.007678897061,    0.007678897061,      0.7443175597,       564.7273506,       179915.8309,       179915.8309,       2.219917982,       583148.8049,       6.819007548,        233.438566,         65.12923891,       -0.01007207188,               0.5759216853,       580.4190939,       580.4190939,        198022.421,        198022.421,       -1785.33259,        0.08239990543,        -0.07472100837,       90850.58175,        89065.24916,           288.0957929,             292.323301,            99287.48099,             98734.93999
          0,           0,         212,       -5.84159397,      -3.200723217,      -3.138979178,      -2.770465232,     -0.4414658174,    0.007661038214,    0.007661038214,       0.744723209,       564.7264501,       179911.5946,       179911.5946,       2.219869315,       583165.0865,       6.803145899,       233.5821242,         65.13751942,       -0.01001590622,               0.5755858532,       580.4352993,       580.4352993,       198038.2946,       198038.2946,      -1776.186628,         0.0824384165,        -0.07477737828,        90843.8906,        89067.70397,           288.0999407,            292.3353586,            99289.20372,             98749.09091
          0,           0,         213,      -5.840184888,      -3.198200548,      -3.138889683,      -2.770392145,      -0.439250655,    0.007635323523,    0.007635323523,      0.7451123864,       564.7273035,       179909.1543,       179909.1543,       2.219835934,       583182.5505,       6.775402129,       233.7211523,         65.14587196,      -0.009956852364,               0.5752322254,       580.4526816,       580.4526816,         198055.38,         198055.38,      -1767.732495,        0.08247199964,        -0.07483667611,        90838.4434,        89070.71091,           288.1041536,             292.348528,            99291.06716,             98764.31284
          0,           0,         214,      -5.838889499,      -3.195637792,      -3.138870018,      -2.770367454,     -0.4373556668,    0.007601085708,    0.007601085708,      0.7454885926,       564.7288959,       179907.6701,       179907.6701,        2.21981141,       583200.3134,       6.734121604,       233.8567069,         65.15428156,      -0.009895604487,               0.5748540258,       580.4703613,       580.4703613,       198072.9326,       198072.9326,      -1760.694164,        0.08250042809,        -0.07489934238,       90834.18214,        89073.48798,           288.1083369,            292.3620244,            99292.96899,             98779.96357
          0,           0,         215,      -5.837506682,      -3.193004657,      -3.138918493,      -2.770393039,     -0.4354392631,     0.00755830823,     0.00755830823,      0.7458563966,       564.7309378,        179907.003,        179907.003,       2.219795193,       583218.2652,       6.678995119,       233.9903643,         65.16277333,      -0.009832044546,               0.5744467792,       580.4882291,       580.4882291,       198091.0305,       198091.0305,      -1755.375675,        0.08252421039,        -0.07496590216,       90831.18936,        89075.81368,           288.1125357,            292.3756934,            99295.09188,             98795.93862
          0,           0,         216,      -5.836055297,      -3.190328127,      -3.139098717,      -2.770462065,      -0.433483848,    0.007507247729,    0.007507247729,      0.7462075376,       564.7344726,       179907.8134,       179907.8134,       2.219791362,       583237.1309,       6.611407084,       234.1195597,         65.17127705,      -0.009763872138,               0.5740196038,       580.5070065,       580.5070065,       198109.9832,       198109.9832,      -1750.933412,        0.08254281379,        -0.07503556606,       90829.37341,           89078.44,            288.116679,            292.3903275,            99297.23792,             98812.74525
          0,           0,         217,      -5.834629891,      -3.187640759,      -3.139361806,      -2.770572723,     -0.4316861028,     0.00744722849,     0.00744722849,      0.7465487214,       564.7384121,       179909.2663,       179909.2663,       2.219793868,        583256.073,       6.529586798,       234.2464594,         65.17987661,      -0.009691166917,               0.5735634829,       580.5258599,       580.5258599,       198129.2099,       198129.2099,      -1748.261431,        0.08255640164,        -0.07510917315,       90828.76385,        89080.50242,           288.1207933,            292.4050666,            99299.46857,             98829.74129
          0,           0,         218,      -5.833361611,      -3.184880027,      -3.139612504,      -2.770716721,     -0.4302293248,    0.007378427098,    0.007378427098,      0.7468795965,       564.7431014,       179911.5816,       179911.5816,       2.219804072,       583275.4322,        6.43396961,       234.3710624,         65.18852517,      -0.009613247186,               0.5730791391,       580.5451285,       580.5451285,        198148.931,        198148.931,        -1747.1861,        0.08256512073,        -0.07518669363,       90829.38385,        89082.19775,           288.1249323,            292.4201962,            99301.83612,             98847.09483
          0,           0,         219,      -5.832411661,       -3.18199089,       -3.13986952,      -2.770882447,      -0.429195756,    0.007300898238,    0.007300898238,      0.7471959729,        564.749248,       179915.3424,       179915.3424,       2.219826362,       583295.7662,       6.325266519,       234.4918617,          65.1972777,      -0.009531031054,               0.5725728948,       580.5653673,       580.5653673,       198169.5816,       198169.5816,      -1746.821471,        0.08256860843,        -0.07526771019,       90831.08191,        89084.26044,           288.1289542,            292.4364131,            99304.12295,             98865.45868
          0,           0,         220,      -5.831627417,      -3.179038338,      -3.140128904,      -2.771059781,     -0.4284007156,    0.007215278329,    0.007215278329,      0.7474984117,       564.7565782,        179920.317,        179920.317,       2.219858973,        583316.815,        6.20416383,       234.6089608,         65.20612106,      -0.009444965984,               0.5720462652,       580.5863176,       580.5863176,        198190.937,        198190.937,      -1747.458055,        0.08256717086,        -0.07535189253,       90833.88751,        89086.42945,           288.1329053,            292.4534122,            99306.42007,             98884.51691
          0,           0,         221,      -5.831361617,      -3.176146532,      -3.140412396,      -2.771262307,     -0.4283507495,     0.00712074056,     0.00712074056,      0.7477894212,       564.7644752,       179925.9208,       179925.9208,       2.219897086,       583338.0556,       6.069115153,       234.7230693,         65.21513438,      -0.009356328473,               0.5714946631,       580.6074587,       580.6074587,       198212.4897,       198212.4897,      -1749.376156,        0.08256042398,        -0.07543968342,       90837.64848,        89088.27233,           288.1367062,            292.4707525,            99308.50685,             98903.98285
          0,           0,         222,      -5.831492896,      -3.173240316,      -3.140679277,      -2.771489006,     -0.4288543765,    0.007019069271,    0.007019069271,      0.7480671438,       564.7736531,       179932.8194,       179932.8194,       2.219946168,       583360.1344,       5.923264161,       234.8337045,         65.22428256,      -0.009263474598,               0.5709266234,       580.6294341,       580.6294341,       198234.8708,       198234.8708,      -1752.121995,        0.08254936102,        -0.07553029175,       90842.47068,        89090.34868,           288.1404396,            292.4889945,            99310.68651,             98924.18426
          0,           0,         223,      -5.831984745,      -3.170381168,       -3.14084113,      -2.771731001,     -0.4298430482,     0.00690987782,     0.00690987782,      0.7483316363,        564.783807,       179940.6992,       179940.6992,       2.220003552,       583382.7338,       5.766100584,       234.9408655,         65.23364071,       -0.00916531311,               0.5703415311,       580.6519278,       580.6519278,       198257.7361,       198257.7361,      -1755.818432,         0.0825337094,        -0.07562383158,       90848.25881,        89092.44038,           288.1440563,            292.5078715,            99312.81344,             98944.92269
          0,           0,         224,      -5.832876764,      -3.167593417,        -3.1409525,      -2.771984901,     -0.4313546031,    0.006792484629,    0.006792484629,      0.7485857692,       564.7942689,       179948.8568,       179948.8568,       2.220063155,       583405.2946,       5.596415828,       235.0455905,          65.2431478,      -0.009060748633,               0.5697333146,        580.674383,        580.674383,       198280.4557,       198280.4557,      -1760.857877,        0.08251327282,        -0.07572078819,       90854.85734,        89093.99946,           288.1474814,            292.5269016,            99314.70274,             98965.75293
          0,           0,         225,      -5.834561757,      -3.164866633,      -3.141030159,      -2.772240571,     -0.4340416677,     0.00666816854,     0.00666816854,      0.7488271672,       564.8062658,       179958.4829,       179958.4829,       2.220134835,       583428.9745,       5.416720444,       235.1469585,         65.25286918,      -0.008951254189,               0.5691113678,        580.697952,        580.697952,       198304.2173,       198304.2173,      -1766.184391,        0.08248868919,        -0.07582052065,       90862.33365,        89096.14926,           288.1508137,            292.5471383,            99316.54859,             98987.66871
          0,           0,         226,      -5.836583622,      -3.162195298,      -3.140981431,      -2.772495209,      -0.437207256,    0.006537083549,    0.006537083549,      0.7490578983,       564.8190006,       179968.8114,       179968.8114,       2.220212288,       583453.0378,       5.226801723,       235.2456481,         65.26272241,      -0.008836605167,               0.5684728895,       580.7219027,       580.7219027,       198328.2808,       198328.2808,      -1772.431824,        0.08246006865,        -0.07592298511,       90870.62159,        89098.18976,           288.1540535,            292.5678492,            99318.31226,             99009.96856
          0,           0,         227,      -5.839081104,      -3.159495049,       -3.14084426,      -2.772738879,     -0.4409733678,    0.006399133321,    0.006399133321,      0.7492802432,        564.832317,       179979.7517,       179979.7517,       2.220294981,       583477.4277,        5.02644669,        235.342297,         65.27274594,      -0.008717993243,               0.5678164622,       580.7461784,       580.7461784,       198352.6686,       198352.6686,      -1779.474454,        0.08242752023,         -0.0760283869,       90879.61306,        89100.13861,           288.1571302,            292.5890482,            99319.91434,              99032.7543
          0,           0,         228,      -5.842181406,      -3.156902544,      -3.140613902,      -2.772963577,     -0.4455975318,    0.006255111485,    0.006255111485,       0.749497088,        564.845916,        179991.014,        179991.014,       2.220380546,       583501.9532,       4.816491842,       235.4379136,         65.28290182,      -0.008594769334,               0.5671414039,       580.7705892,       580.7705892,       198377.2045,       198377.2045,      -1787.754771,        0.08239173793,        -0.07613662644,       90889.38438,        89101.62961,           288.1601653,            292.6104239,            99321.56803,              99055.6365
          0,           0,         229,      -5.845908414,      -3.154490373,      -3.140338498,      -2.773176338,     -0.4511687124,    0.006104167687,    0.006104167687,      0.7497118162,        564.859271,       180002.0301,       180002.0301,       2.220464057,       583526.2133,       4.595624027,       235.5337226,         65.29324927,      -0.008465627979,               0.5664420495,       580.7947357,       580.7947357,        198401.437,        198401.437,      -1797.528712,        0.08235255152,        -0.07624838383,       90899.77941,         89102.2507,           288.1630832,            292.6316525,            99323.09327,             99078.34374
          0,           0,         230,      -5.850502042,      -3.152208877,      -3.139990261,       -2.77338843,      -0.457915653,    0.005946967948,    0.005946967948,      0.7499226016,       564.8730576,       180013.2945,       180013.2945,       2.220548927,       583550.8351,       4.365285545,       235.6291358,         65.30374557,      -0.008330543253,               0.5657231764,       580.8192422,       580.8192422,       198425.8142,       198425.8142,      -1808.133321,        0.08231020518,        -0.07636323723,       90910.71392,        89102.58059,           288.1658589,            292.6533833,            99324.46156,             99101.35269
          0,           0,         231,      -5.855542512,      -3.150091899,      -3.139524026,      -2.773576103,     -0.4653030848,    0.005784425446,    0.005784425446,      0.7501290134,       564.8876708,       180025.1916,       180025.1916,       2.220638354,       583576.1977,       4.126954261,       235.7238025,          65.3144925,      -0.008191273835,               0.5649905225,       580.8444861,       580.8444861,       198450.7381,       198450.7381,      -1819.154932,        0.08226511982,        -0.07648069437,       90922.17326,        89103.01833,           288.1685427,            292.6759433,            99325.74598,             99124.99209
          0,           0,         232,      -5.861461934,      -3.148183381,      -3.138927297,      -2.773740954,     -0.4741265844,    0.005617983805,    0.005617983805,      0.7503231043,       564.9040465,       180038.3841,       180038.3841,       2.220736863,       583602.9209,       3.883749339,       235.8150593,         65.32543048,      -0.008046812203,               0.5642575483,       580.8710842,       580.8710842,       198476.5331,       198476.5331,      -1829.676891,        0.08221733389,        -0.07659935008,       90934.03047,        89104.35358,           288.1711091,            292.6999751,            99326.83717,             99149.69593
          0,           0,         233,      -5.867849145,      -3.146460547,      -3.138286472,       -2.77388516,     -0.4837047922,    0.005447570091,    0.005447570091,      0.7505113364,       564.9209379,       180051.9044,       180051.9044,       2.220837401,       583629.9899,       3.634784641,        235.904855,         65.33660288,      -0.007898135133,               0.5635179703,       580.8980264,       580.8980264,       198502.4608,       198502.4608,      -1840.530523,         0.0821671951,        -0.07671962501,       90946.21744,        89105.68692,           288.1735679,            292.7244586,            99327.74365,             99174.71717
          0,           0,         234,      -5.874441901,      -3.144828859,      -3.137560594,      -2.773996303,     -0.4936329068,    0.005273488111,    0.005273488111,      0.7506958489,       564.9382076,       180065.5008,       180065.5008,       2.220937399,       583657.3504,        3.38037669,       235.9939821,         65.34797521,      -0.007744604462,               0.5627703413,       580.9252589,       580.9252589,        198528.345,        198528.345,      -1851.979214,        0.08211504819,        -0.07684156008,          90958.74,        89106.76078,           288.1760997,            292.7491591,            99328.54551,             99199.79946
          0,           0,         235,      -5.882033388,      -3.143355672,      -3.136696667,      -2.774067337,     -0.5050877701,    0.005095395205,    0.005095395205,      0.7508810475,       564.9555064,       180078.9008,       180078.9008,       2.221034834,        583684.838,       3.119748217,       236.0838279,         65.35961821,      -0.007587375174,               0.5620103477,       580.9526178,       580.9526178,       198554.1135,       198554.1135,      -1864.136889,        0.08206107656,        -0.07696568136,       90971.51883,        89107.38194,           288.1786898,            292.7739281,            99329.20698,             99224.90649
          0,           0,         236,      -5.890247535,      -3.142119662,      -3.135802196,      -2.774109912,     -0.5176721895,    0.004914081514,    0.004914081514,      0.7510641655,       564.9733494,       180092.5232,       180092.5232,       2.221132885,       583712.8603,       2.854664219,       236.1735412,         65.37149187,      -0.007425525647,               0.5612438904,       580.9805089,       580.9805089,       198580.0834,       198580.0834,      -1876.374045,        0.08200553429,        -0.07709145277,       90984.44864,        89108.07459,           288.1812086,            292.7993004,            99329.68031,             99250.40307
          0,           0,         237,       -5.89887092,      -3.141115883,      -3.134887473,      -2.774122972,     -0.5310753002,    0.004729769933,    0.004729769933,       0.751247847,       564.9913747,       180106.0174,       180106.0174,       2.221228657,       583741.1453,       2.585158322,       236.2638871,         65.38363258,       -0.00725995531,               0.5604697436,       581.0086616,       581.0086616,       198605.9985,       198605.9985,      -1888.969315,        0.08194867545,        -0.07721890551,       90997.49335,        89108.52404,            288.183735,            292.8249266,            99329.98678,             99276.01171
          0,           0,         238,      -5.908122994,      -3.140325923,      -3.133971838,      -2.774107147,     -0.5455076555,    0.004543075173,    0.004543075173,      0.7514311034,       565.0097324,       180119.5347,       180119.5347,       2.221323422,       583769.8139,        2.31237292,       236.3544725,         65.39606313,      -0.007090802915,               0.5596918384,       581.0371959,       581.0371959,       198631.9774,       198631.9774,      -1901.572507,        0.08189072374,        -0.07734764857,        91010.5536,         89108.9811,           288.1861305,            292.8510655,            99330.07808,             99301.89937
          0,           0,         239,      -5.917938239,       -3.13975284,      -3.133052545,       -2.77405929,     -0.5609519394,    0.004353851207,    0.004353851207,      0.7516197277,       565.0276327,       180132.3954,       180132.3954,       2.221411877,       583798.3042,       2.035427022,       236.4471287,         65.40883677,      -0.006919120928,               0.5589043927,       581.0655529,       581.0655529,       198657.5726,       198657.5726,      -1914.818559,        0.08183200992,        -0.07747815871,       91023.60699,        89108.78843,           288.1884472,            292.8771057,            99330.00344,             99327.56916
          0,           0,         240,      -5.928323954,      -3.139441211,      -3.132076291,      -2.773975965,      -0.577566362,    0.004162978623,    0.004162978623,      0.7518075828,       565.0465191,       180145.8568,       180145.8568,       2.221503898,       583827.8188,       1.756795221,       236.5398414,         65.42200158,       -0.00674481871,               0.5581184964,       581.0949293,       581.0949293,       198683.8398,       198683.8398,      -1927.281681,        0.08177264048,        -0.07760966185,       91036.56926,        89109.28758,           288.1906038,            292.9043256,            99329.70679,             99354.13299
          0,           0,         241,      -5.939153295,      -3.139374763,      -3.131129699,      -2.773865126,     -0.5952393978,    0.003971396716,    0.003971396716,      0.7519967085,       565.0655679,       180159.3066,       180159.3066,       2.221595182,       583857.6018,       1.477342193,       236.6330602,         65.43557326,      -0.006568692615,               0.5573353548,       581.1245729,       581.1245729,       198710.2132,       198710.2132,      -1939.534278,        0.08171310268,        -0.07774170596,       91049.42046,        89109.88618,           288.1925435,            292.9320294,            99329.26836,             99380.94482
          0,           0,         242,      -5.950173223,      -3.139443155,      -3.130224709,      -2.773720347,     -0.6135498211,    0.003778833189,    0.003778833189,      0.7521900372,       565.0846577,       180172.5948,       180172.5948,       2.221684306,       583887.6469,         1.1964568,       236.7276935,         65.44958454,      -0.006391935791,                0.556551835,       581.1544774,       581.1544774,       198736.6677,       198736.6677,      -1951.667074,        0.08165346138,         -0.0778746282,       91062.13096,        89110.46389,           288.1943951,            292.9600823,            99328.67967,             99407.98804
          0,           0,         243,      -5.961136435,      -3.139749345,      -3.129312096,      -2.773542108,     -0.6319711501,    0.003585373214,    0.003585373214,       0.752391924,       565.1027718,       180184.9899,       180184.9899,       2.221766265,       583917.1099,      0.9136886223,       236.8250955,         65.46394282,      -0.006215134722,               0.5557630235,       581.1838025,       581.1838025,       198762.6359,       198762.6359,      -1964.220481,        0.08159404361,         -0.0780086704,       91074.60518,         89110.3847,           288.1958931,            292.9879094,            99327.91388,             99434.72203
          0,           0,         244,      -5.971930711,      -3.140285417,      -3.128414268,      -2.773343621,     -0.6502633024,    0.003391591753,    0.003391591753,      0.7525998993,       565.1205393,       180196.9968,       180196.9968,       2.221844868,       583946.5172,       0.630524699,       236.9245557,         65.47873932,      -0.006036823942,               0.5549746494,       581.2130721,       581.2130721,       198788.5359,       198788.5359,      -1976.626153,        0.08153507584,        -0.07814348409,       91086.81148,        89110.18533,           288.1969898,            293.0160823,            99326.98875,             99461.54719
          0,           0,         245,      -5.983526992,      -3.141053194,      -3.127571966,      -2.773120382,     -0.6706618646,    0.003198599097,    0.003198599097,      0.7528105563,       565.1389493,       180209.2396,       180209.2396,       2.221923916,       583976.7308,      0.3489203322,       237.0248451,         65.49391644,      -0.005858093605,               0.5541937731,       581.2431443,       581.2431443,       198814.8749,       198814.8749,      -1988.459552,         0.0814768125,        -0.07827821341,       91098.84956,        89110.39001,           288.1980773,             293.045067,             99326.0588,              99488.8161
          0,           0,         246,      -5.994877246,      -3.142010433,      -3.126799786,      -2.772882024,     -0.6907831848,    0.003006369887,    0.003006369887,      0.7530241846,       565.1576378,       180221.6189,       180221.6189,        2.22200359,       584007.3855,      0.0688773971,       237.1258683,         65.50959883,      -0.005679998653,               0.5534217587,       581.2736555,       581.2736555,        198841.552,        198841.552,      -1999.514597,        0.08141918505,        -0.07841281516,       91110.56673,        89111.05213,           288.1988681,            293.0747873,            99324.96412,             99516.58787
          0,           0,         247,      -6.006156927,      -3.143208723,      -3.126078715,      -2.772624816,     -0.7104662251,    0.002815002057,    0.002815002057,      0.7532481036,        565.175251,       180233.0947,       180233.0947,        2.22207636,       584037.4117,     -0.2106148672,       237.2298879,         65.52571454,       -0.00550398433,               0.5526505539,       581.3035412,       581.3035412,       198867.8007,       198867.8007,      -2010.888066,        0.08136271333,        -0.07854771127,       91121.99139,        89111.10333,           288.1993133,            293.1042279,            99323.83518,             99543.96551
          0,           0,         248,      -6.016635288,      -3.144600405,      -3.125393664,      -2.772338134,      -0.728397259,      0.0026249775,      0.0026249775,      0.7534772973,       565.1927925,       180244.5683,       180244.5683,        2.22214948,       584067.6182,     -0.4878510819,       237.3353572,         65.54233329,      -0.005329056806,               0.5518880924,       581.3336063,       581.3336063,       198894.3589,       198894.3589,      -2021.559577,        0.08130741331,        -0.07868243581,       91133.06393,        89111.50435,           288.1992729,            293.1343334,            99322.61823,             99571.74066
          0,           0,         249,      -6.026273479,      -3.146138942,      -3.124811613,      -2.772033309,     -0.7439597298,    0.002436645595,    0.002436645595,      0.7537141621,       565.2097993,       180255.6652,       180255.6652,       2.222220112,       584097.6267,     -0.7628184149,       237.4429438,           65.559446,      -0.005155696943,               0.5511327817,       581.3634743,       581.3634743,        198920.927,        198920.927,      -2032.025712,        0.08125356686,        -0.07881692126,       91143.84544,        89111.81973,           288.1988318,            293.1646425,            99321.42904,               99599.498
          0,           0,         250,        -6.0352575,      -3.147831509,       -3.12430787,      -2.771713529,     -0.7577226928,    0.002250256922,    0.002250256922,      0.7539572599,       565.2264666,       180266.6553,       180266.6553,       2.222290877,       584127.5593,      -1.034865849,       237.5521054,         65.57714484,      -0.004984149788,               0.5503880981,       581.3932668,       581.3932668,       198947.7202,       198947.7202,       -2041.90518,        0.08120120578,        -0.07895094886,       91154.28025,        89112.37508,           288.1978395,            293.1954273,            99320.22035,             99627.49982
          0,           0,         251,      -6.044400333,      -3.149722679,      -3.123855327,      -2.771373163,     -0.7714919155,    0.002065762832,    0.002065762832,      0.7542103659,       565.2424398,       180277.1675,       180277.1675,       2.222358451,       584157.2405,       -1.30476001,       237.6639521,         65.59537559,      -0.004816486373,               0.5496494968,       581.4228091,       581.4228091,       198974.5283,       198974.5283,      -2051.754261,        0.08115050265,        -0.07908473982,       91164.46089,        89112.70662,           288.1965573,            293.2262518,            99319.11917,             99655.40916
          0,           0,         252,      -6.052047768,      -3.151820678,      -3.123461878,      -2.771021524,      -0.780740421,    0.001883400798,    0.001883400798,       0.754470282,       565.2583084,       180287.5616,       180287.5616,        2.22242505,       584187.1279,      -1.571564984,       237.7775609,         65.61419955,      -0.004651751886,               0.5489215462,       581.4525565,       581.4525565,       199001.5909,       199001.5909,      -2061.203375,         0.0811013944,         -0.0792179936,       91174.38248,        89113.17911,           288.1951143,            293.2574422,            99318.11293,             99683.47799
          0,           0,         253,       -6.05848626,      -3.154046753,       -3.12308867,      -2.770655964,     -0.7860652286,    0.001703783681,    0.001703783681,      0.7547342811,       565.2745408,       180298.1497,       180298.1497,       2.222492661,       584217.5813,      -1.834094987,       237.8919628,         65.63362142,      -0.004490028614,               0.5482091029,       581.4828673,       581.4828673,       199029.1042,       199029.1042,      -2069.959926,        0.08105393134,        -0.07935014766,       91184.05482,        89114.09489,           288.1936314,            293.2892359,            99317.22431,             99711.87992
          0,           0,         254,      -6.064333235,      -3.156439593,       -3.12275501,      -2.770281845,     -0.7885342872,    0.001526452837,    0.001526452837,      0.7550078182,       565.2901094,       180308.0392,       180308.0392,        2.22255429,       584247.7698,       -2.09392732,       238.0088403,         65.65368798,      -0.004332116898,               0.5475051753,       581.5129146,       581.5129146,       199056.3555,       199056.3555,      -2078.928782,        0.08100815875,        -0.07948170592,       91193.48401,        89114.55523,           288.1921608,            293.3207538,            99316.46945,              99739.8861
          0,           0,         255,      -6.070234694,      -3.158988142,      -3.122471931,      -2.769900031,     -0.7901556313,    0.001351531448,    0.001351531448,       0.755289151,       565.3054638,       180317.5517,       180317.5517,        2.22261212,       584278.0915,      -2.350542326,       238.1276911,         65.67437571,      -0.004177960534,               0.5468118111,       581.5430943,       581.5430943,        199083.614,        199083.614,      -2087.751179,         0.0809640654,        -0.07961253395,       91202.65143,        89114.90025,            288.190695,            293.3523993,             99315.8288,             99767.78521
          0,           0,         256,      -6.074613795,      -3.161687327,      -3.122237992,      -2.769495895,     -0.7866660797,    0.001178905982,    0.001178905982,      0.7555794135,       565.3203319,       180326.4069,       180326.4069,       2.222663772,       584308.3145,      -2.604407055,       238.2487887,         65.69575333,      -0.004028095231,               0.5461279213,       581.5731758,       581.5731758,       199110.6306,       199110.6306,      -2096.666305,        0.08092157523,        -0.07974266925,        91211.5366,        89114.87029,           288.1892312,            293.3839446,            99315.26815,             99795.36248
          0,           0,         257,      -6.077647202,      -3.164415988,      -3.122029261,      -2.769082057,     -0.7792128236,    0.001008346182,    0.001008346182,      0.7558785833,       565.3347335,       180334.5731,       180334.5731,       2.222708805,       584338.4587,      -2.855770496,       238.3722557,          65.7177828,      -0.003881956189,               0.5454522279,        581.603179,        581.603179,       199137.3717,       199137.3717,      -2105.686871,        0.08088062308,         -0.0798722769,       91220.12998,        89114.44311,           288.1877653,            293.4154136,            99314.76518,             99822.60652
          0,           0,         258,      -6.079428657,      -3.167252655,      -3.121878354,      -2.768653081,      -0.768855773,    0.000840445676,    0.000840445676,      0.7561812633,       565.3496876,       180342.9295,       180342.9295,       2.222754059,       584369.3339,      -3.103021718,       238.4962485,         65.74050097,      -0.003739752251,               0.5447927479,       581.6339096,       581.6339096,       199164.5228,       199164.5228,      -2113.895682,        0.08084111531,        -0.08000066963,       91228.41257,        89114.51689,           288.1862856,             293.447624,            99314.28297,             99850.23988
          0,           0,         259,      -6.080972746,      -3.170210531,      -3.121738164,      -2.768218981,     -0.7579029445,   0.0006749981335,   0.0006749981335,       0.756491612,       565.3639416,       180350.3327,       180350.3327,       2.222790331,       584399.8363,      -3.347441622,       238.6220301,         65.76388962,       -0.00360164845,               0.5441435699,       581.6642692,       581.6642692,        199191.039,        199191.039,      -2122.429855,        0.08080304521,        -0.08012804707,       91236.38128,        89113.95143,           288.1848012,            293.4794681,            99313.81708,             99877.22189
          0,           0,         260,      -6.082002143,      -3.173246759,      -3.121578575,      -2.767781336,     -0.7460007133,   0.0005118574886,   0.0005118574886,      0.7568102673,       565.3775771,       180356.8187,       180356.8187,       2.222817734,       584430.0785,       -3.58931168,       238.7498154,         65.78797229,      -0.003467813706,               0.5435037481,       581.6943699,       581.6943699,       199216.9934,       199216.9934,      -2131.292285,        0.08076640155,        -0.08025454406,        91244.0555,        89112.76322,           288.1833438,            293.5110261,            99313.38327,             99903.61016
          0,           0,         261,      -6.082136781,      -3.176377103,      -3.121358894,      -2.767332553,     -0.7327085457,   0.0003518889394,   0.0003518889394,      0.7571307444,       565.3916076,       180363.1387,       180363.1387,       2.222841617,       584460.8179,      -3.826565204,       238.8775745,         65.81268249,      -0.003337137416,               0.5428816232,       581.7249653,       581.7249653,       199242.8784,       199242.8784,      -2139.714729,        0.08073117156,        -0.08037928262,       91251.42669,        89111.71196,           288.1818937,            293.5430717,            99312.96989,             99929.90854
          0,           0,         262,      -6.081617066,      -3.179563593,      -3.121119337,      -2.766889968,     -0.7186734647,   0.0001939945529,   0.0001939945529,      0.7574604603,        565.404677,       180368.2485,       180368.2485,       2.222854336,       584490.9875,      -4.061913171,       239.0075821,         65.83805403,      -0.003211252077,               0.5422665549,       581.7549938,       581.7549938,       199267.9263,       199267.9263,      -2148.718746,        0.08069722797,        -0.08050323342,       91258.48362,        89109.76487,           288.1804497,            293.5745441,            99312.54021,             99955.38605
          0,           0,         263,      -6.080820985,      -3.182875185,      -3.120869717,      -2.766440961,     -0.7044515203,   3.926920382e-05,   3.926920382e-05,      0.7577917881,       565.4181503,       180373.1741,       180373.1741,       2.222863285,       584521.6529,      -4.292749747,       239.1375289,              65.864,      -0.003088642989,               0.5416684351,       581.7855156,       581.7855156,       199292.8729,       199292.8729,      -2157.369647,        0.08066467283,        -0.08062540362,       91265.27187,        89107.90222,            288.179054,            293.6064617,            99312.15668,             99980.71618
          0,           0,         264,      -6.079481552,      -3.186158316,      -3.120603785,      -2.765971643,       -0.69011909,   -0.000113042777,   -0.000113042777,      0.7581293711,       565.4310895,       180377.1913,       180377.1913,        2.22286313,       584552.0545,      -4.520947411,         239.26879,         65.89050726,      -0.002970498022,                0.541080063,       581.8157749,       581.8157749,       199317.1567,       199317.1567,      -2166.350059,        0.08063334187,        -0.08074638464,        91271.7707,        89105.42065,           288.1776936,            293.6380813,            99311.76612,             100005.3906
          0,           0,         265,      -6.078340175,      -3.189452285,      -3.120301381,      -2.765505607,     -0.6767101171,  -0.0002621049564,  -0.0002621049564,      0.7584654828,        565.444632,       180381.1666,       180381.1666,       2.222860153,       584583.0215,      -4.744323245,       239.3989342,         65.91747799,      -0.002855826664,               0.5405105879,        581.846597,        581.846597,       199341.3363,       199341.3363,      -2174.763805,        0.08060311405,          -0.080865219,       91277.96522,        89103.20141,           288.1763619,            293.6702351,            99311.32955,             100030.0067
          0,           0,         266,       -6.07651926,      -3.192771946,      -3.119990763,      -2.765041563,     -0.6629615996,  -0.0004082847635,  -0.0004082847635,      0.7588044839,        565.457715,       180384.2412,       180384.2412,       2.222847943,       584613.6503,      -4.964083515,        239.529447,         65.94482615,      -0.002743564503,                0.539953142,       581.8770824,       581.8770824,       199364.6861,       199364.6861,      -2183.507443,        0.08057408058,        -0.08098236534,       91283.87434,         89100.3669,           288.1750776,            293.7020047,            99310.88224,             100053.8038
          0,           0,         267,      -6.074983928,      -3.196102569,       -3.11965674,      -2.764581196,      -0.650386429,  -0.0005515294926,  -0.0005515294926,      0.7591458164,       565.4707219,       180386.8497,       180386.8497,       2.222830252,       584644.3306,      -5.180074003,       239.6600643,         65.97243291,      -0.002635695797,               0.5394078637,       581.9076191,       581.9076191,        199387.667,        199387.667,      -2192.165598,        0.08054626268,        -0.08109779217,       91289.50765,        89097.34205,             288.17382,            293.7337991,            99310.43562,             100077.2314
          0,           0,         268,      -6.073707503,      -3.199442362,       -3.11922292,      -2.764119309,     -0.6385182467,   -0.000690793481,   -0.000690793481,      0.7594826964,       565.4844073,       180389.5701,       180389.5701,       2.222811393,       584675.5036,      -5.390038087,       239.7887185,           66.000162,      -0.002530202112,               0.5388827211,       581.9386462,       581.9386462,       199410.5434,       199410.5434,      -2200.217238,        0.08051970153,        -0.08121049501,       91294.89364,        89094.67641,           288.1726202,             293.766026,            99310.02389,             100100.5196
          0,           0,         269,      -6.072259736,      -3.202759167,      -3.118702176,      -2.763666742,      -0.627010799,  -0.0008259195255,  -0.0008259195255,       0.759814654,       565.4983488,       180392.0066,       180392.0066,       2.222788114,       584706.7217,      -5.593983969,       239.9153044,         66.02777609,      -0.002426608738,                  0.5383758,       581.9697181,       581.9697181,       199432.8494,       199432.8494,      -2208.042226,        0.08049434449,        -0.08132026401,       91300.02441,        89091.98218,           288.1714687,            293.7982494,            99309.62801,             100123.2214
          0,           0,         270,       -6.07076433,      -3.206122611,      -3.118100639,      -2.763230616,     -0.6160397576,  -0.0009572126828,  -0.0009572126828,      0.7601429507,       565.5123353,        180394.083,        180394.083,       2.222760236,       584737.8406,      -5.792485381,       240.0402514,         66.05507608,       -0.00232556991,               0.5378832744,       582.0006913,       582.0006913,       199454.5808,       199454.5808,      -2215.711406,        0.08047015321,        -0.08142736589,       91304.89719,        89089.18579,           288.1703701,            293.8303212,            99309.23699,             100145.3438
          0,           0,         271,      -6.069674699,      -3.209587502,       -3.11749015,      -2.762795534,     -0.6061183796,   -0.001084088467,   -0.001084088467,      0.7604624874,       565.5271229,       180396.4822,       180396.4822,       2.222733258,       584769.3955,      -5.984078241,       240.1620225,         66.08175752,      -0.002227055032,               0.5374090688,       582.0320986,       582.0320986,        199476.215,        199476.215,      -2222.533495,         0.0804471029,        -0.08153119137,       91309.50784,        89086.97434,           288.1693113,            293.8627872,            99308.84082,             100167.3742
          0,           0,         272,      -6.068109328,      -3.212920376,      -3.116856473,      -2.762360235,     -0.5962418112,   -0.001207031436,   -0.001207031436,      0.7607775759,       565.5415417,       180398.2754,       180398.2754,       2.222700314,       584800.3782,      -6.170251634,       240.2820685,         66.10758099,      -0.002131175497,                0.536944781,       582.0629362,       582.0629362,       199496.9576,       199496.9576,      -2229.433631,        0.08042518318,        -0.08163221461,       91313.85453,         89084.4209,           288.1682945,            293.8946417,            99308.43498,             100188.5226
          0,           0,         273,      -6.066371496,      -3.216150245,      -3.116160337,      -2.761937979,     -0.5868120996,   -0.001325740885,   -0.001325740885,      0.7610855467,       565.5559753,       180399.7554,       180399.7554,       2.222663504,       584831.0602,      -6.350310792,       240.3997066,         66.13215979,      -0.002037860017,               0.5364901648,       582.0934746,       582.0934746,       199516.9828,       199516.9828,       -2236.11114,        0.08040439817,        -0.08173013905,       91317.93325,        89081.82211,           288.1673116,            293.9261629,            99308.01546,             100208.9673
          0,           0,         274,      -6.065112217,      -3.219326039,      -3.115481536,      -2.761535536,     -0.5784481534,    -0.00144013558,    -0.00144013558,      0.7613856722,       565.5702711,       180400.7711,       180400.7711,       2.222621574,       584861.2626,      -6.524170612,        240.514891,         66.15509254,      -0.001946495762,               0.5360420937,       582.1235356,       582.1235356,        199536.094,        199536.094,      -2242.717496,        0.08038474951,        -0.08182488509,       91321.74431,        89079.02682,           288.1663686,             293.957167,            99307.58219,             100228.5118
          0,           0,         275,      -6.063361164,      -3.222479039,      -3.114823411,      -2.761141612,     -0.5701751108,    -0.00154948933,    -0.00154948933,      0.7616709304,       565.5855607,       180402.3229,       180402.3229,       2.222582526,       584891.8043,      -6.689738824,       240.6256508,          66.1758746,      -0.001855667664,               0.5356049569,       582.1539344,       582.1539344,       199555.0047,       199555.0047,      -2248.227235,        0.08036624468,        -0.08191573401,       91325.27506,        89077.04783,           288.1654495,            293.9884848,            99307.12385,             100247.8809
          0,           0,         276,      -6.061781161,      -3.225480823,      -3.114013703,      -2.760777795,      -0.562573715,    -0.00165470795,    -0.00165470795,      0.7619496835,       565.5998779,       180402.8038,       180402.8038,       2.222534166,       584921.0528,      -6.849811353,       240.7347952,         66.19406688,      -0.001766080546,               0.5351631877,       582.1830459,       582.1830459,       199572.3825,       199572.3825,      -2254.238328,        0.08034890397,        -0.08200361192,       91328.52105,        89074.28272,           288.1645531,            294.0184929,            99306.63964,             100265.7429
          0,           0,         277,       -6.06052784,       -3.22848513,      -3.113144722,      -2.760446582,     -0.5558579726,   -0.001756032102,   -0.001756032102,      0.7622220056,       565.6133613,       180402.3005,       180402.3005,       2.222477034,       584949.1567,      -7.004693198,       240.8427111,         66.20904372,      -0.001677847148,               0.5347102522,       582.2110183,       582.2110183,       199588.3318,       199588.3318,       -2260.64684,        0.08033275576,        -0.08208878786,       91331.47366,        89070.82682,           288.1636733,             294.047345,            99306.12645,             100282.2053
          0,           0,         278,      -6.059267752,      -3.231449409,      -3.112293146,      -2.760148608,      -0.549767839,   -0.001853289584,   -0.001853289584,      0.7624856758,       565.6265049,       180401.2435,       180401.2435,       2.222414508,       584976.5237,      -7.153885015,       240.9489336,         66.22022308,      -0.001591752893,               0.5342436238,       582.2382572,       582.2382572,       199603.2098,       199603.2098,      -2267.011424,        0.08031782794,        -0.08217111753,       91334.12747,        89067.11604,           288.1628079,            294.0754493,            99305.58412,             100297.6257
          0,           0,         279,      -6.057461777,      -3.234370047,      -3.111501389,      -2.759872555,     -0.5438352127,   -0.001945802008,   -0.001945802008,      0.7627354152,       565.6400571,       180400.3531,       180400.3531,       2.222352522,       585003.6924,      -7.295800287,       241.0519295,         66.22692101,      -0.001508878495,               0.5337645884,       582.2652987,       582.2652987,       199617.5397,       199617.5397,      -2272.587381,         0.0803041573,         -0.0822499593,       91336.47026,        89063.88288,           288.1619491,            294.1033496,            99305.00793,             100312.5317
          0,           0,         280,      -6.055715441,      -3.237098634,      -3.110724744,      -2.759622941,     -0.5384355183,   -0.002033390301,   -0.002033390301,      0.7629715336,       565.6533491,       180399.1321,       180399.1321,       2.222287567,       585029.9888,      -7.430625837,       241.1519586,         66.22845771,      -0.001429812971,               0.5332667824,        582.291472,        582.291472,        199630.788,        199630.788,      -2277.861207,        0.08029177844,        -0.08232516875,       91338.49665,        89060.63545,           288.1611052,            294.1303668,            99304.39943,             100326.3885
          0,           0,         281,      -6.053969727,       -3.23969993,      -3.109958963,      -2.759410794,     -0.5338571172,   -0.002116468037,   -0.002116468037,      0.7631965695,       565.6655832,       180396.9775,       180396.9775,       2.222215335,       585054.7054,      -7.559461195,       241.2502177,         66.22395186,      -0.001354607333,               0.5327382475,       582.3160729,       582.3160729,       199642.4236,       199642.4236,      -2283.413436,        0.08028072574,        -0.08239719377,       91340.19545,        89056.78202,           288.1602556,            294.1558172,            99303.75414,             100338.6695
          0,           0,         282,      -6.051799678,      -3.242174068,      -3.109311393,      -2.759233585,     -0.5296556365,   -0.002194689098,   -0.002194689098,      0.7634068731,       565.6773334,       180394.3633,       180394.3633,       2.222139448,       585078.2648,      -7.681459506,       241.3459179,         66.21252642,      -0.001283566994,               0.5321754836,        582.339522,        582.339522,       199652.7732,       199652.7732,      -2288.764935,         0.0802710281,         -0.0824657172,       91341.56413,         89052.7992,           288.1593943,            294.1801278,            99303.07482,             100349.6984
          0,           0,         283,      -6.049156169,      -3.244483867,      -3.108574415,      -2.759130661,     -0.5258737079,   -0.002268216487,   -0.002268216487,      0.7636026402,        565.688351,       180391.1715,       180391.1715,        2.22205938,       585100.4197,      -7.797010738,       241.4394566,         66.19327395,      -0.001217464376,               0.5315696757,       582.3615732,       582.3615732,       199661.7166,       199661.7166,      -2294.042552,         0.0802627077,        -0.08253092419,       91342.60703,        89048.56448,           288.1585324,            294.2030408,             99302.3697,             100359.3469
          0,           0,         284,      -6.046377653,      -3.246655422,      -3.107962967,      -2.759051185,      -0.522499824,   -0.002336426453,   -0.002336426453,      0.7637786845,       565.6992262,       180387.9744,       180387.9744,       2.221979906,        585121.543,      -7.904731872,       241.5294749,         66.16527718,      -0.001156825836,               0.5309193733,       582.3825976,       582.3825976,       199669.6107,       199669.6107,      -2298.670003,        0.08025578619,        -0.08259221264,        91343.3222,         89044.6522,           288.1576645,            294.2249332,            99301.64078,             100367.9699
          0,           0,         285,      -6.044086642,      -3.248718412,      -3.107287387,      -2.759040828,     -0.5201172016,   -0.002399655528,   -0.002399655528,      0.7639379721,       565.7088934,       180383.9756,       180383.9756,       2.221895368,       585140.6675,       -8.00587808,       241.6172369,         66.12759308,      -0.001102336499,               0.5302118264,       582.4016327,       582.4016327,       199675.7268,       199675.7268,      -2303.439546,        0.08025028298,        -0.08264993851,       91343.70755,          89040.268,           288.1567869,            294.2448457,            99300.88955,             100374.8372
          0,           0,         286,      -6.041477232,      -3.250710895,      -3.106699406,      -2.759084885,     -0.5180303366,    -0.00245733101,    -0.00245733101,      0.7640744636,        565.718221,       180379.9872,       180379.9872,        2.22181238,       585158.4161,      -8.098946997,       241.7012147,         66.07909783,      -0.001054790316,               0.5294445651,       582.4192981,       582.4192981,       199680.6444,       199680.6444,      -2307.540181,        0.08024621062,        -0.08270354163,       91343.76371,        89036.22353,           288.1558912,            294.2634069,            99300.11858,             100380.5258
          0,           0,         287,      -6.038579517,      -3.252665656,      -3.106214784,      -2.759175911,     -0.5163471442,   -0.002509753984,   -0.002509753984,      0.7641893647,       565.7265572,       180375.6284,       180375.6284,       2.221728765,       585174.1665,      -8.184765036,       241.7821799,         66.01869834,      -0.001014989572,               0.5286056168,       582.4349748,       582.4349748,       199684.0014,       199684.0014,       -2311.37886,        0.08024357607,        -0.08275333005,       91343.50364,        89032.12478,            288.154991,            294.2799838,            99299.34122,             100384.6602
          0,           0,         288,      -6.035531448,      -3.254410039,      -3.105788809,      -2.759322761,     -0.5149314684,   -0.002556757666,   -0.002556757666,      0.7642801964,       565.7339718,       180371.0627,       180371.0627,       2.221646286,       585187.8805,      -8.262984987,        241.859726,         65.94532469,     -0.0009834589775,               0.5276881132,       582.4486246,       582.4486246,       199685.8485,       199685.8485,      -2314.802605,        0.08024237598,        -0.08279913365,       91342.93268,        89028.13007,           288.1540837,            294.2945409,            99298.56145,             100387.2871
          0,           0,         289,      -6.032311047,      -3.255966076,       -3.10540103,      -2.759533498,     -0.5139700596,    -0.00259827346,    -0.00259827346,      0.7643445336,       565.7406127,       180366.5747,       180366.5747,       2.221567818,       585199.5996,      -8.333309045,       241.9334517,         65.85783908,     -0.0009613316744,               0.5266845922,       582.4602888,       582.4602888,       199686.3715,       199686.3715,      -2317.546339,        0.08024260343,        -0.08284087689,        91342.0605,        89024.51416,           288.1531844,            294.3071045,            99297.78705,             100388.5844
          0,           0,         290,      -6.029220266,      -3.257443417,      -3.105141879,      -2.759814159,     -0.5136802555,   -0.002634493628,   -0.002634493628,      0.7643829619,       565.7458148,       180361.7731,       180361.7731,       2.221491135,       585208.6663,      -8.396443032,       242.0039543,         65.75497943,      -0.000949570199,               0.5255823895,       582.4693131,       582.4693131,       199685.1702,       199685.1702,      -2320.000332,        0.08024424675,        -0.08287874037,       91340.88673,         89020.8864,           288.1522729,            294.3170402,            99297.01485,             100388.1553
          0,           0,         291,      -6.026117753,      -3.258948298,      -3.104915199,      -2.760175268,     -0.5137290816,   -0.002666058875,   -0.002666058875,       0.764398357,       565.7487321,       180356.0649,       180356.0649,       2.221412246,       585214.3464,      -8.453935384,       242.0726978,         65.63543887,     -0.0009487644294,               0.5243649105,       582.4749666,       582.4749666,       199681.7436,       199681.7436,       -2322.77091,        0.08024729512,        -0.08291335399,       91339.41788,        89016.64697,            288.151348,            294.3236186,            99296.24873,             100385.4949
          0,           0,         292,       -6.02357084,      -3.260324189,      -3.104705106,      -2.760605818,     -0.5146268338,   -0.002692365758,   -0.002692365758,      0.7643823641,       565.7508607,        180350.926,        180350.926,       2.221343391,        585217.802,       -8.50363765,       242.1373722,         65.49795663,     -0.0009605943235,               0.5230315919,       582.4784061,       582.4784061,       199677.2943,       199677.2943,      -2324.400025,        0.08025173944,         -0.0829441052,       91337.66301,        89013.26298,            288.150396,              294.32801,            99295.49498,             100381.7993
          0,           0,         293,      -6.020907225,      -3.261661443,      -3.104525389,      -2.761114998,     -0.5158488338,   -0.002713508097,   -0.002713508097,      0.7643366042,       565.7509541,       180345.4158,       180345.4158,       2.221277893,        585217.818,      -8.546565086,       242.1988832,         65.34123754,       -0.00098519961,               0.5215681171,        582.478422,        582.478422,       199670.8572,       199670.8572,      -2325.876549,         0.0802575526,        -0.08297106069,        91335.6462,        89009.76965,           288.1494581,            294.3289639,            99294.77161,             100376.0856
          0,           0,         294,      -6.018044767,      -3.262997295,        -3.1044012,       -2.76171306,     -0.5171637972,   -0.002729607486,   -0.002729607486,      0.7642596911,       565.7489489,        180339.611,        180339.611,       2.221216892,       585214.2663,      -8.582904511,       242.2572758,         65.16375615,      -0.001023667526,               0.5199619606,       582.4748869,       582.4748869,       199662.4392,       199662.4392,      -2327.135527,        0.08026471012,        -0.08299431761,       91333.37326,        89006.23773,           288.1485422,            294.3263447,            99294.07962,             100368.3596
          0,           0,         295,      -6.016523102,      -3.264531721,      -3.104386213,      -2.762396482,     -0.5198774013,   -0.002740827955,   -0.002740827955,      0.7641513107,       565.7444348,       180333.3444,       180333.3444,       2.221159951,       585206.7144,      -8.613059543,       242.3127871,         64.96449096,      -0.001076528656,               0.5182036893,       582.4673703,       582.4673703,       199651.8456,       199651.8456,      -2328.326894,        0.08027317286,        -0.08301400082,       91330.83566,        89002.50877,           288.1475888,            294.3197815,            99293.40216,             100358.4434
          0,           0,         296,      -6.014743375,      -3.266159223,      -3.104419887,      -2.763174332,     -0.5224957559,   -0.002747668382,   -0.002747668382,      0.7640112251,       565.7374375,       180326.8298,       180326.8298,       2.221109544,       585195.1808,        -8.6375966,       242.3658293,         64.74220997,      -0.001144516783,               0.5162815249,       582.4558908,       582.4558908,       199639.3049,       199639.3049,      -2329.346452,        0.08028290623,        -0.08303057461,       91328.08812,        88998.74167,           288.1467481,            294.3091427,            99292.78682,              100346.518
          0,           0,         297,       -6.01138984,      -3.267726847,      -3.104487945,      -2.764058236,     -0.5238009517,   -0.002750684536,   -0.002750684536,      0.7638422791,       565.7269347,       180319.3101,       180319.3101,       2.221060363,       585178.7466,      -8.658093712,        242.417766,         64.49548723,      -0.001228531996,               0.5141781843,       582.4395335,       582.4395335,        199624.128,        199624.128,      -2330.934493,        0.08029384892,        -0.08304453346,        91325.1223,         88994.1878,           288.1460069,            294.2935266,            99292.21395,             100331.9141
          0,           0,         298,      -6.007100922,      -3.269452761,      -3.104688378,      -2.765047202,     -0.5242266681,   -0.002750703837,   -0.002750703837,      0.7636480356,       565.7121994,       180310.3166,       180310.3166,       2.221009466,       585156.8407,      -8.676281875,       242.4700996,         64.22323969,      -0.001329383145,               0.5118786075,       582.4177302,       582.4177302,        199606.002,        199606.002,      -2333.536884,        0.08030593318,        -0.08305663702,       91321.92673,        88988.38984,           288.1453407,            294.2723895,            99291.65936,             100314.3426
          0,           0,         299,      -6.003158157,      -3.271269088,      -3.104944597,      -2.766148776,     -0.5250692995,   -0.002748110823,   -0.002748110823,      0.7634284872,       565.6931116,       180299.8325,       180299.8325,        2.22095709,       585129.3536,      -8.692892075,       242.5232945,          63.9239081,      -0.001448519387,               0.5093682334,       582.3903717,       582.3903717,        199584.924,        199584.924,      -2337.151457,        0.08031909907,        -0.08306720989,       91318.49196,        88981.34051,            288.144706,            294.2456656,            99291.10178,             100293.8222
