ISO-10303-21;
HEADER;
FILE_DESCRIPTION(('Open CASCADE Model'),'2;1');
FILE_NAME('Open CASCADE Shape Model','2026-09-16T21:39:17',('Author'),(
    'Open CASCADE'),'Open CASCADE STEP processor 7.9','Open CASCADE 7.9'
  ,'Unknown');
FILE_SCHEMA(('AUTOMOTIVE_DESIGN { 1 0 10303 214 1 1 1 1 }'));
ENDSEC;
DATA;
#1 = APPLICATION_PROTOCOL_DEFINITION('international standard',
  'automotive_design',2000,#2);
#2 = APPLICATION_CONTEXT(
  'core data for automotive mechanical design processes');
#3 = SHAPE_DEFINITION_REPRESENTATION(#4,#10);
#4 = PRODUCT_DEFINITION_SHAPE('','',#5);
#5 = PRODUCT_DEFINITION('design','',#6,#9);
#6 = PRODUCT_DEFINITION_FORMATION('','',#7);
#7 = PRODUCT('Open CASCADE STEP translator 7.9 2',
  'Open CASCADE STEP translator 7.9 2','',(#8));
#8 = PRODUCT_CONTEXT('',#2,'mechanical');
#9 = PRODUCT_DEFINITION_CONTEXT('part definition',#2,'design');
#10 = SHAPE_REPRESENTATION('',(#11,#15,#19,#23,#27,#31,#35,#39,#43,#47,
    #51,#55,#59,#63,#67,#71,#75,#79),#83);
#11 = AXIS2_PLACEMENT_3D('',#12,#13,#14);
#12 = CARTESIAN_POINT('',(0.,0.,0.));
#13 = DIRECTION('',(0.,0.,1.));
#14 = DIRECTION('',(1.,0.,-0.));
#15 = AXIS2_PLACEMENT_3D('',#16,#17,#18);
#16 = CARTESIAN_POINT('',(0.,0.,0.));
#17 = DIRECTION('',(0.,0.,1.));
#18 = DIRECTION('',(1.,0.,-0.));
#19 = AXIS2_PLACEMENT_3D('',#20,#21,#22);
#20 = CARTESIAN_POINT('',(0.,0.,0.));
#21 = DIRECTION('',(0.,0.,1.));
#22 = DIRECTION('',(1.,0.,-0.));
#23 = AXIS2_PLACEMENT_3D('',#24,#25,#26);
#24 = CARTESIAN_POINT('',(0.,0.,0.));
#25 = DIRECTION('',(0.,0.,1.));
#26 = DIRECTION('',(1.,0.,-0.));
#27 = AXIS2_PLACEMENT_3D('',#28,#29,#30);
#28 = CARTESIAN_POINT('',(0.,0.,0.));
#29 = DIRECTION('',(0.,0.,1.));
#30 = DIRECTION('',(1.,0.,-0.));
#31 = AXIS2_PLACEMENT_3D('',#32,#33,#34);
#32 = CARTESIAN_POINT('',(0.,0.,0.));
#33 = DIRECTION('',(0.,0.,1.));
#34 = DIRECTION('',(1.,0.,-0.));
#35 = AXIS2_PLACEMENT_3D('',#36,#37,#38);
#36 = CARTESIAN_POINT('',(0.,0.,0.));
#37 = DIRECTION('',(0.,0.,1.));
#38 = DIRECTION('',(1.,0.,-0.));
#39 = AXIS2_PLACEMENT_3D('',#40,#41,#42);
#40 = CARTESIAN_POINT('',(0.,0.,0.));
#41 = DIRECTION('',(0.,0.,1.));
#42 = DIRECTION('',(1.,0.,-0.));
#43 = AXIS2_PLACEMENT_3D('',#44,#45,#46);
#44 = CARTESIAN_POINT('',(0.,0.,0.));
#45 = DIRECTION('',(0.,0.,1.));
#46 = DIRECTION('',(1.,0.,-0.));
#47 = AXIS2_PLACEMENT_3D('',#48,#49,#50);
#48 = CARTESIAN_POINT('',(0.,0.,0.));
#49 = DIRECTION('',(0.,0.,1.));
#50 = DIRECTION('',(1.,0.,-0.));
#51 = AXIS2_PLACEMENT_3D('',#52,#53,#54);
#52 = CARTESIAN_POINT('',(0.,0.,0.));
#53 = DIRECTION('',(0.,0.,1.));
#54 = DIRECTION('',(1.,0.,-0.));
#55 = AXIS2_PLACEMENT_3D('',#56,#57,#58);
#56 = CARTESIAN_POINT('',(0.,0.,0.));
#57 = DIRECTION('',(0.,0.,1.));
#58 = DIRECTION('',(1.,0.,-0.));
#59 = AXIS2_PLACEMENT_3D('',#60,#61,#62);
#60 = CARTESIAN_POINT('',(0.,0.,0.));
#61 = DIRECTION('',(0.,0.,1.));
#62 = DIRECTION('',(1.,0.,-0.));
#63 = AXIS2_PLACEMENT_3D('',#64,#65,#66);
#64 = CARTESIAN_POINT('',(0.,0.,0.));
#65 = DIRECTION('',(0.,0.,1.));
#66 = DIRECTION('',(1.,0.,-0.));
#67 = AXIS2_PLACEMENT_3D('',#68,#69,#70);
#68 = CARTESIAN_POINT('',(0.,0.,0.));
#69 = DIRECTION('',(0.,0.,1.));
#70 = DIRECTION('',(1.,0.,-0.));
#71 = AXIS2_PLACEMENT_3D('',#72,#73,#74);
#72 = CARTESIAN_POINT('',(0.,0.,0.));
#73 = DIRECTION('',(0.,0.,1.));
#74 = DIRECTION('',(1.,0.,-0.));
#75 = AXIS2_PLACEMENT_3D('',#76,#77,#78);
#76 = CARTESIAN_POINT('',(0.,0.,0.));
#77 = DIRECTION('',(0.,0.,1.));
#78 = DIRECTION('',(1.,0.,-0.));
#79 = AXIS2_PLACEMENT_3D('',#80,#81,#82);
#80 = CARTESIAN_POINT('',(0.,0.,0.));
#81 = DIRECTION('',(0.,0.,1.));
#82 = DIRECTION('',(1.,0.,-0.));
#83 = ( GEOMETRIC_REPRESENTATION_CONTEXT(3) 
GLOBAL_UNCERTAINTY_ASSIGNED_CONTEXT((#87)) GLOBAL_UNIT_ASSIGNED_CONTEXT(
(#84,#85,#86)) REPRESENTATION_CONTEXT('Context #1',
  '3D Context with UNIT and UNCERTAINTY') );
#84 = ( LENGTH_UNIT() NAMED_UNIT(*) SI_UNIT(.MILLI.,.METRE.) );
#85 = ( NAMED_UNIT(*) PLANE_ANGLE_UNIT() SI_UNIT($,.RADIAN.) );
#86 = ( NAMED_UNIT(*) SI_UNIT($,.STERADIAN.) SOLID_ANGLE_UNIT() );
#87 = UNCERTAINTY_MEASURE_WITH_UNIT(LENGTH_MEASURE(1.E-07),#84,
  'distance_accuracy_value','confusion accuracy');
#88 = PRODUCT_RELATED_PRODUCT_CATEGORY('part',$,(#7));
#89 = SHAPE_DEFINITION_REPRESENTATION(#90,#96);
#90 = PRODUCT_DEFINITION_SHAPE('','',#91);
#91 = PRODUCT_DEFINITION('design','',#92,#95);
#92 = PRODUCT_DEFINITION_FORMATION('','',#93);
#93 = PRODUCT('Open CASCADE STEP translator 7.9 2.1',
  'Open CASCADE STEP translator 7.9 2.1','',(#94));
#94 = PRODUCT_CONTEXT('',#2,'mechanical');
#95 = PRODUCT_DEFINITION_CONTEXT('part definition',#2,'design');
#96 = ADVANCED_BREP_SHAPE_REPRESENTATION('',(#11,#97),#838);
#97 = MANIFOLD_SOLID_BREP('',#98);
#98 = CLOSED_SHELL('',(#99,#219,#414,#461,#617,#644,#671,#696,#799,#828,
    #834));
#99 = ADVANCED_FACE('',(#100),#114,.F.);
#100 = FACE_BOUND('',#101,.F.);
#101 = EDGE_LOOP('',(#102,#137,#165,#193));
#102 = ORIENTED_EDGE('',*,*,#103,.F.);
#103 = EDGE_CURVE('',#104,#106,#108,.T.);
#104 = VERTEX_POINT('',#105);
#105 = CARTESIAN_POINT('',(-40.09559941781,-3.507729166738,
    12.606480579431));
#106 = VERTEX_POINT('',#107);
#107 = CARTESIAN_POINT('',(-40.09559941781,-3.507729166738,
    43.021601931436));
#108 = SURFACE_CURVE('',#109,(#113,#125),.PCURVE_S1.);
#109 = LINE('',#110,#111);
#110 = CARTESIAN_POINT('',(-40.09559941781,-3.507729166738,
    12.606480579431));
#111 = VECTOR('',#112,1.);
#112 = DIRECTION('',(0.,0.,1.));
#113 = PCURVE('',#114,#119);
#114 = PLANE('',#115);
#115 = AXIS2_PLACEMENT_3D('',#116,#117,#118);
#116 = CARTESIAN_POINT('',(-40.09559941781,-3.507729166738,
    12.606480579431));
#117 = DIRECTION('',(0.906307787037,0.422618261741,0.));
#118 = DIRECTION('',(0.,0.,1.));
#119 = DEFINITIONAL_REPRESENTATION('',(#120),#124);
#120 = LINE('',#121,#122);
#121 = CARTESIAN_POINT('',(0.,0.));
#122 = VECTOR('',#123,1.);
#123 = DIRECTION('',(1.,0.));
#124 = ( GEOMETRIC_REPRESENTATION_CONTEXT(2) 
PARAMETRIC_REPRESENTATION_CONTEXT() REPRESENTATION_CONTEXT('2D SPACE',''
  ) );
#125 = PCURVE('',#126,#131);
#126 = PLANE('',#127);
#127 = AXIS2_PLACEMENT_3D('',#128,#129,#130);
#128 = CARTESIAN_POINT('',(-40.09559941781,-3.507729166738,
    12.606480579431));
#129 = DIRECTION('',(-0.422618261741,0.906307787037,0.));
#130 = DIRECTION('',(0.,0.,1.));
#131 = DEFINITIONAL_REPRESENTATION('',(#132),#136);
#132 = LINE('',#133,#134);
#133 = CARTESIAN_POINT('',(0.,0.));
#134 = VECTOR('',#135,1.);
#135 = DIRECTION('',(1.,0.));
#136 = ( GEOMETRIC_REPRESENTATION_CONTEXT(2) 
PARAMETRIC_REPRESENTATION_CONTEXT() REPRESENTATION_CONTEXT('2D SPACE',''
  ) );
#137 = ORIENTED_EDGE('',*,*,#138,.T.);
#138 = EDGE_CURVE('',#104,#139,#141,.T.);
#139 = VERTEX_POINT('',#140);
#140 = CARTESIAN_POINT('',(-40.46854044145,-2.7079545606,12.606480579431
    ));
#141 = SURFACE_CURVE('',#142,(#146,#153),.PCURVE_S1.);
#142 = LINE('',#143,#144);
#143 = CARTESIAN_POINT('',(-40.09559941781,-3.507729166738,
    12.606480579431));
#144 = VECTOR('',#145,1.);
#145 = DIRECTION('',(-0.422618261741,0.906307787037,0.));
#146 = PCURVE('',#114,#147);
#147 = DEFINITIONAL_REPRESENTATION('',(#148),#152);
#148 = LINE('',#149,#150);
#149 = CARTESIAN_POINT('',(0.,0.));
#150 = VECTOR('',#151,1.);
#151 = DIRECTION('',(0.,-1.));
#152 = ( GEOMETRIC_REPRESENTATION_CONTEXT(2) 
PARAMETRIC_REPRESENTATION_CONTEXT() REPRESENTATION_CONTEXT('2D SPACE',''
  ) );
#153 = PCURVE('',#154,#159);
#154 = PLANE('',#155);
#155 = AXIS2_PLACEMENT_3D('',#156,#157,#158);
#156 = CARTESIAN_POINT('',(-40.09559941781,-3.507729166738,
    12.606480579431));
#157 = DIRECTION('',(0.,0.,1.));
#158 = DIRECTION('',(0.906307787037,0.422618261741,0.));
#159 = DEFINITIONAL_REPRESENTATION('',(#160),#164);
#160 = LINE('',#161,#162);
#161 = CARTESIAN_POINT('',(0.,0.));
#162 = VECTOR('',#163,1.);
#163 = DIRECTION('',(0.,1.));
#164 = ( GEOMETRIC_REPRESENTATION_CONTEXT(2) 
PARAMETRIC_REPRESENTATION_CONTEXT() REPRESENTATION_CONTEXT('2D SPACE',''
  ) );
#165 = ORIENTED_EDGE('',*,*,#166,.T.);
#166 = EDGE_CURVE('',#139,#167,#169,.T.);
#167 = VERTEX_POINT('',#168);
#168 = CARTESIAN_POINT('',(-40.46854044145,-2.7079545606,43.021601931436
    ));
#169 = SURFACE_CURVE('',#170,(#174,#181),.PCURVE_S1.);
#170 = LINE('',#171,#172);
#171 = CARTESIAN_POINT('',(-40.46854044145,-2.7079545606,12.606480579431
    ));
#172 = VECTOR('',#173,1.);
#173 = DIRECTION('',(0.,0.,1.));
#174 = PCURVE('',#114,#175);
#175 = DEFINITIONAL_REPRESENTATION('',(#176),#180);
#176 = LINE('',#177,#178);
#177 = CARTESIAN_POINT('',(0.,-0.88245364056));
#178 = VECTOR('',#179,1.);
#179 = DIRECTION('',(1.,0.));
#180 = ( GEOMETRIC_REPRESENTATION_CONTEXT(2) 
PARAMETRIC_REPRESENTATION_CONTEXT() REPRESENTATION_CONTEXT('2D SPACE',''
  ) );
#181 = PCURVE('',#182,#187);
#182 = PLANE('',#183);
#183 = AXIS2_PLACEMENT_3D('',#184,#185,#186);
#184 = CARTESIAN_POINT('',(-40.46854044145,-2.7079545606,12.606480579431
    ));
#185 = DIRECTION('',(-0.422618261741,0.906307787037,0.));
#186 = DIRECTION('',(0.,0.,1.));
#187 = DEFINITIONAL_REPRESENTATION('',(#188),#192);
#188 = LINE('',#189,#190);
#189 = CARTESIAN_POINT('',(0.,0.));
#190 = VECTOR('',#191,1.);
#191 = DIRECTION('',(1.,0.));
#192 = ( GEOMETRIC_REPRESENTATION_CONTEXT(2) 
PARAMETRIC_REPRESENTATION_CONTEXT() REPRESENTATION_CONTEXT('2D SPACE',''
  ) );
#193 = ORIENTED_EDGE('',*,*,#194,.F.);
#194 = EDGE_CURVE('',#106,#167,#195,.T.);
#195 = SURFACE_CURVE('',#196,(#200,#207),.PCURVE_S1.);
#196 = LINE('',#197,#198);
#197 = CARTESIAN_POINT('',(-40.09559941781,-3.507729166738,
    43.021601931436));
#198 = VECTOR('',#199,1.);
#199 = DIRECTION('',(-0.422618261741,0.906307787037,0.));
#200 = PCURVE('',#114,#201);
#201 = DEFINITIONAL_REPRESENTATION('',(#202),#206);
#202 = LINE('',#203,#204);
#203 = CARTESIAN_POINT('',(30.415121352005,0.));
#204 = VECTOR('',#205,1.);
#205 = DIRECTION('',(0.,-1.));
#206 = ( GEOMETRIC_REPRESENTATION_CONTEXT(2) 
PARAMETRIC_REPRESENTATION_CONTEXT() REPRESENTATION_CONTEXT('2D SPACE',''
  ) );
#207 = PCURVE('',#208,#213);
#208 = PLANE('',#209);
#209 = AXIS2_PLACEMENT_3D('',#210,#211,#212);
#210 = CARTESIAN_POINT('',(-40.09559941781,-3.507729166738,
    43.021601931436));
#211 = DIRECTION('',(0.,0.,1.));
#212 = DIRECTION('',(0.906307787037,0.422618261741,0.));
#213 = DEFINITIONAL_REPRESENTATION('',(#214),#218);
#214 = LINE('',#215,#216);
#215 = CARTESIAN_POINT('',(0.,0.));
#216 = VECTOR('',#217,1.);
#217 = DIRECTION('',(0.,1.));
#218 = ( GEOMETRIC_REPRESENTATION_CONTEXT(2) 
PARAMETRIC_REPRESENTATION_CONTEXT() REPRESENTATION_CONTEXT('2D SPACE',''
  ) );
#219 = ADVANCED_FACE('',(#220),#126,.F.);
#220 = FACE_BOUND('',#221,.F.);
#221 = EDGE_LOOP('',(#222,#252,#273,#274,#297,#323,#358,#388));
#222 = ORIENTED_EDGE('',*,*,#223,.F.);
#223 = EDGE_CURVE('',#224,#226,#228,.T.);
#224 = VERTEX_POINT('',#225);
#225 = CARTESIAN_POINT('',(-26.76602264884,2.7079545606,12.606480579431)
  );
#226 = VERTEX_POINT('',#227);
#227 = CARTESIAN_POINT('',(-26.76602264884,2.7079545606,43.021601931436)
  );
#228 = SURFACE_CURVE('',#229,(#233,#240),.PCURVE_S1.);
#229 = LINE('',#230,#231);
#230 = CARTESIAN_POINT('',(-26.76602264884,2.7079545606,12.606480579431)
  );
#231 = VECTOR('',#232,1.);
#232 = DIRECTION('',(0.,0.,1.));
#233 = PCURVE('',#126,#234);
#234 = DEFINITIONAL_REPRESENTATION('',(#235),#239);
#235 = LINE('',#236,#237);
#236 = CARTESIAN_POINT('',(0.,14.707560676003));
#237 = VECTOR('',#238,1.);
#238 = DIRECTION('',(1.,0.));
#239 = ( GEOMETRIC_REPRESENTATION_CONTEXT(2) 
PARAMETRIC_REPRESENTATION_CONTEXT() REPRESENTATION_CONTEXT('2D SPACE',''
  ) );
#240 = PCURVE('',#241,#246);
#241 = PLANE('',#242);
#242 = AXIS2_PLACEMENT_3D('',#243,#244,#245);
#243 = CARTESIAN_POINT('',(-26.76602264884,2.7079545606,12.606480579431)
  );
#244 = DIRECTION('',(0.906307787037,0.422618261741,0.));
#245 = DIRECTION('',(0.,0.,1.));
#246 = DEFINITIONAL_REPRESENTATION('',(#247),#251);
#247 = LINE('',#248,#249);
#248 = CARTESIAN_POINT('',(0.,0.));
#249 = VECTOR('',#250,1.);
#250 = DIRECTION('',(1.,0.));
#251 = ( GEOMETRIC_REPRESENTATION_CONTEXT(2) 
PARAMETRIC_REPRESENTATION_CONTEXT() REPRESENTATION_CONTEXT('2D SPACE',''
  ) );
#252 = ORIENTED_EDGE('',*,*,#253,.F.);
#253 = EDGE_CURVE('',#104,#224,#254,.T.);
#254 = SURFACE_CURVE('',#255,(#259,#266),.PCURVE_S1.);
#255 = LINE('',#256,#257);
#256 = CARTESIAN_POINT('',(-40.09559941781,-3.507729166738,
    12.606480579431));
#257 = VECTOR('',#258,1.);
#258 = DIRECTION('',(0.906307787037,0.422618261741,0.));
#259 = PCURVE('',#126,#260);
#260 = DEFINITIONAL_REPRESENTATION('',(#261),#265);
#261 = LINE('',#262,#263);
#262 = CARTESIAN_POINT('',(0.,0.));
#263 = VECTOR('',#264,1.);
#264 = DIRECTION('',(0.,1.));
#265 = ( GEOMETRIC_REPRESENTATION_CONTEXT(2) 
PARAMETRIC_REPRESENTATION_CONTEXT() REPRESENTATION_CONTEXT('2D SPACE',''
  ) );
#266 = PCURVE('',#154,#267);
#267 = DEFINITIONAL_REPRESENTATION('',(#268),#272);
#268 = LINE('',#269,#270);
#269 = CARTESIAN_POINT('',(0.,0.));
#270 = VECTOR('',#271,1.);
#271 = DIRECTION('',(1.,0.));
#272 = ( GEOMETRIC_REPRESENTATION_CONTEXT(2) 
PARAMETRIC_REPRESENTATION_CONTEXT() REPRESENTATION_CONTEXT('2D SPACE',''
  ) );
#273 = ORIENTED_EDGE('',*,*,#103,.T.);
#274 = ORIENTED_EDGE('',*,*,#275,.T.);
#275 = EDGE_CURVE('',#106,#276,#278,.T.);
#276 = VERTEX_POINT('',#277);
#277 = CARTESIAN_POINT('',(-33.61728154514,-0.486839930751,
    43.021601931436));
#278 = SURFACE_CURVE('',#279,(#283,#290),.PCURVE_S1.);
#279 = LINE('',#280,#281);
#280 = CARTESIAN_POINT('',(-40.09559941781,-3.507729166738,
    43.021601931436));
#281 = VECTOR('',#282,1.);
#282 = DIRECTION('',(0.906307787037,0.422618261741,0.));
#283 = PCURVE('',#126,#284);
#284 = DEFINITIONAL_REPRESENTATION('',(#285),#289);
#285 = LINE('',#286,#287);
#286 = CARTESIAN_POINT('',(30.415121352005,0.));
#287 = VECTOR('',#288,1.);
#288 = DIRECTION('',(0.,1.));
#289 = ( GEOMETRIC_REPRESENTATION_CONTEXT(2) 
PARAMETRIC_REPRESENTATION_CONTEXT() REPRESENTATION_CONTEXT('2D SPACE',''
  ) );
#290 = PCURVE('',#208,#291);
#291 = DEFINITIONAL_REPRESENTATION('',(#292),#296);
#292 = LINE('',#293,#294);
#293 = CARTESIAN_POINT('',(0.,0.));
#294 = VECTOR('',#295,1.);
#295 = DIRECTION('',(1.,0.));
#296 = ( GEOMETRIC_REPRESENTATION_CONTEXT(2) 
PARAMETRIC_REPRESENTATION_CONTEXT() REPRESENTATION_CONTEXT('2D SPACE',''
  ) );
#297 = ORIENTED_EDGE('',*,*,#298,.T.);
#298 = EDGE_CURVE('',#276,#299,#301,.T.);
#299 = VERTEX_POINT('',#300);
#300 = CARTESIAN_POINT('',(-33.61728154514,-0.486839930751,
    40.602804242607));
#301 = SURFACE_CURVE('',#302,(#306,#312),.PCURVE_S1.);
#302 = LINE('',#303,#304);
#303 = CARTESIAN_POINT('',(-33.61728154514,-0.486839930751,
    27.314041255433));
#304 = VECTOR('',#305,1.);
#305 = DIRECTION('',(0.,0.,-1.));
#306 = PCURVE('',#126,#307);
#307 = DEFINITIONAL_REPRESENTATION('',(#308),#311);
#308 = B_SPLINE_CURVE_WITH_KNOTS('',1,(#309,#310),.UNSPECIFIED.,.F.,.F.,
  (2,2),(-15.707560676,-13.207560676),.PIECEWISE_BEZIER_KNOTS.);
#309 = CARTESIAN_POINT('',(30.415121352005,7.148032892721));
#310 = CARTESIAN_POINT('',(27.915121352005,7.148032892721));
#311 = ( GEOMETRIC_REPRESENTATION_CONTEXT(2) 
PARAMETRIC_REPRESENTATION_CONTEXT() REPRESENTATION_CONTEXT('2D SPACE',''
  ) );
#312 = PCURVE('',#313,#318);
#313 = PLANE('',#314);
#314 = AXIS2_PLACEMENT_3D('',#315,#316,#317);
#315 = CARTESIAN_POINT('',(-33.61728154514,-1.139533443783E-16,
    42.021601931436));
#316 = DIRECTION('',(1.,0.,0.));
#317 = DIRECTION('',(0.,0.,1.));
#318 = DEFINITIONAL_REPRESENTATION('',(#319),#322);
#319 = B_SPLINE_CURVE_WITH_KNOTS('',1,(#320,#321),.UNSPECIFIED.,.F.,.F.,
  (2,2),(-15.707560676,-13.207560676),.PIECEWISE_BEZIER_KNOTS.);
#320 = CARTESIAN_POINT('',(1.,0.486839930751));
#321 = CARTESIAN_POINT('',(-1.5,0.486839930751));
#322 = ( GEOMETRIC_REPRESENTATION_CONTEXT(2) 
PARAMETRIC_REPRESENTATION_CONTEXT() REPRESENTATION_CONTEXT('2D SPACE',''
  ) );
#323 = ORIENTED_EDGE('',*,*,#324,.F.);
#324 = EDGE_CURVE('',#325,#299,#327,.T.);
#325 = VERTEX_POINT('',#326);
#326 = CARTESIAN_POINT('',(-29.3564895637,1.5,42.021601931436));
#327 = SURFACE_CURVE('',#328,(#333,#340),.PCURVE_S1.);
#328 = ELLIPSE('',#329,3.549302374729,1.5);
#329 = AXIS2_PLACEMENT_3D('',#330,#331,#332);
#330 = CARTESIAN_POINT('',(-32.57324994447,0.,42.021601931436));
#331 = DIRECTION('',(-0.422618261741,0.906307787037,0.));
#332 = DIRECTION('',(-0.906307787037,-0.422618261741,0.));
#333 = PCURVE('',#126,#334);
#334 = DEFINITIONAL_REPRESENTATION('',(#335),#339);
#335 = ELLIPSE('',#336,3.549302374729,1.5);
#336 = AXIS2_PLACEMENT_2D('',#337,#338);
#337 = CARTESIAN_POINT('',(29.415121352005,8.299994307606));
#338 = DIRECTION('',(0.,-1.));
#339 = ( GEOMETRIC_REPRESENTATION_CONTEXT(2) 
PARAMETRIC_REPRESENTATION_CONTEXT() REPRESENTATION_CONTEXT('2D SPACE',''
  ) );
#340 = PCURVE('',#341,#346);
#341 = CYLINDRICAL_SURFACE('',#342,1.5);
#342 = AXIS2_PLACEMENT_3D('',#343,#344,#345);
#343 = CARTESIAN_POINT('',(-33.61728154514,0.,42.021601931436));
#344 = DIRECTION('',(-1.,-0.,-0.));
#345 = DIRECTION('',(0.,1.,0.));
#346 = DEFINITIONAL_REPRESENTATION('',(#347),#357);
#347 = B_SPLINE_CURVE_WITH_KNOTS('',8,(#348,#349,#350,#351,#352,#353,
    #354,#355,#356),.UNSPECIFIED.,.F.,.F.,(9,9),(3.14159265359,
    5.042935637106),.PIECEWISE_BEZIER_KNOTS.);
#348 = CARTESIAN_POINT('',(-6.28318530718,-4.26079198144));
#349 = CARTESIAN_POINT('',(-6.04551743424,-4.26079198144));
#350 = CARTESIAN_POINT('',(-5.807849561301,-4.053131704462));
#351 = CARTESIAN_POINT('',(-5.570181688362,-3.637818874993));
#352 = CARTESIAN_POINT('',(-5.332513815421,-3.03984477146));
#353 = CARTESIAN_POINT('',(-5.094845942484,-2.309344507423));
#354 = CARTESIAN_POINT('',(-4.857178069543,-1.513664959149));
#355 = CARTESIAN_POINT('',(-4.619510196603,-0.72313272222));
#356 = CARTESIAN_POINT('',(-4.381842323664,5.999999999062E-07));
#357 = ( GEOMETRIC_REPRESENTATION_CONTEXT(2) 
PARAMETRIC_REPRESENTATION_CONTEXT() REPRESENTATION_CONTEXT('2D SPACE',''
  ) );
#358 = ORIENTED_EDGE('',*,*,#359,.F.);
#359 = EDGE_CURVE('',#360,#325,#362,.T.);
#360 = VERTEX_POINT('',#361);
#361 = CARTESIAN_POINT('',(-30.17561831823,1.11803398875,43.021601931436
    ));
#362 = SURFACE_CURVE('',#363,(#368,#375),.PCURVE_S1.);
#363 = ELLIPSE('',#364,3.549302374729,1.5);
#364 = AXIS2_PLACEMENT_3D('',#365,#366,#367);
#365 = CARTESIAN_POINT('',(-32.57324994447,0.,42.021601931436));
#366 = DIRECTION('',(-0.422618261741,0.906307787037,0.));
#367 = DIRECTION('',(-0.906307787037,-0.422618261741,0.));
#368 = PCURVE('',#126,#369);
#369 = DEFINITIONAL_REPRESENTATION('',(#370),#374);
#370 = ELLIPSE('',#371,3.549302374729,1.5);
#371 = AXIS2_PLACEMENT_2D('',#372,#373);
#372 = CARTESIAN_POINT('',(29.415121352005,8.299994307606));
#373 = DIRECTION('',(0.,-1.));
#374 = ( GEOMETRIC_REPRESENTATION_CONTEXT(2) 
PARAMETRIC_REPRESENTATION_CONTEXT() REPRESENTATION_CONTEXT('2D SPACE',''
  ) );
#375 = PCURVE('',#341,#376);
#376 = DEFINITIONAL_REPRESENTATION('',(#377),#387);
#377 = B_SPLINE_CURVE_WITH_KNOTS('',8,(#378,#379,#380,#381,#382,#383,
    #384,#385,#386),.UNSPECIFIED.,.F.,.F.,(9,9),(1.240249670074,
    3.14159265359),.PIECEWISE_BEZIER_KNOTS.);
#378 = CARTESIAN_POINT('',(-1.901342983516,5.999999999062E-07));
#379 = CARTESIAN_POINT('',(-1.663675110576,-0.72313272222));
#380 = CARTESIAN_POINT('',(-1.426007237636,-1.513664959139));
#381 = CARTESIAN_POINT('',(-1.188339364697,-2.309344507448));
#382 = CARTESIAN_POINT('',(-0.950671491753,-3.039844771427));
#383 = CARTESIAN_POINT('',(-0.713003618816,-3.637818875024));
#384 = CARTESIAN_POINT('',(-0.475335745879,-4.053131704452));
#385 = CARTESIAN_POINT('',(-0.237667872939,-4.26079198144));
#386 = CARTESIAN_POINT('',(0.,-4.26079198144));
#387 = ( GEOMETRIC_REPRESENTATION_CONTEXT(2) 
PARAMETRIC_REPRESENTATION_CONTEXT() REPRESENTATION_CONTEXT('2D SPACE',''
  ) );
#388 = ORIENTED_EDGE('',*,*,#389,.T.);
#389 = EDGE_CURVE('',#360,#226,#390,.T.);
#390 = SURFACE_CURVE('',#391,(#395,#402),.PCURVE_S1.);
#391 = LINE('',#392,#393);
#392 = CARTESIAN_POINT('',(-40.09559941781,-3.507729166738,
    43.021601931436));
#393 = VECTOR('',#394,1.);
#394 = DIRECTION('',(0.906307787037,0.422618261741,0.));
#395 = PCURVE('',#126,#396);
#396 = DEFINITIONAL_REPRESENTATION('',(#397),#401);
#397 = LINE('',#398,#399);
#398 = CARTESIAN_POINT('',(30.415121352005,0.));
#399 = VECTOR('',#400,1.);
#400 = DIRECTION('',(0.,1.));
#401 = ( GEOMETRIC_REPRESENTATION_CONTEXT(2) 
PARAMETRIC_REPRESENTATION_CONTEXT() REPRESENTATION_CONTEXT('2D SPACE',''
  ) );
#402 = PCURVE('',#403,#408);
#403 = PLANE('',#404);
#404 = AXIS2_PLACEMENT_3D('',#405,#406,#407);
#405 = CARTESIAN_POINT('',(-40.09559941781,-3.507729166738,
    43.021601931436));
#406 = DIRECTION('',(0.,0.,1.));
#407 = DIRECTION('',(0.906307787037,0.422618261741,0.));
#408 = DEFINITIONAL_REPRESENTATION('',(#409),#413);
#409 = LINE('',#410,#411);
#410 = CARTESIAN_POINT('',(0.,0.));
#411 = VECTOR('',#412,1.);
#412 = DIRECTION('',(1.,0.));
#413 = ( GEOMETRIC_REPRESENTATION_CONTEXT(2) 
PARAMETRIC_REPRESENTATION_CONTEXT() REPRESENTATION_CONTEXT('2D SPACE',''
  ) );
#414 = ADVANCED_FACE('',(#415),#208,.T.);
#415 = FACE_BOUND('',#416,.T.);
#416 = EDGE_LOOP('',(#417,#440,#441,#442));
#417 = ORIENTED_EDGE('',*,*,#418,.F.);
#418 = EDGE_CURVE('',#167,#419,#421,.T.);
#419 = VERTEX_POINT('',#420);
#420 = CARTESIAN_POINT('',(-33.61728154514,0.486839930751,
    43.021601931436));
#421 = SURFACE_CURVE('',#422,(#426,#433),.PCURVE_S1.);
#422 = LINE('',#423,#424);
#423 = CARTESIAN_POINT('',(-40.46854044145,-2.7079545606,43.021601931436
    ));
#424 = VECTOR('',#425,1.);
#425 = DIRECTION('',(0.906307787037,0.422618261741,0.));
#426 = PCURVE('',#208,#427);
#427 = DEFINITIONAL_REPRESENTATION('',(#428),#432);
#428 = LINE('',#429,#430);
#429 = CARTESIAN_POINT('',(-2.498001805407E-15,0.88245364056));
#430 = VECTOR('',#431,1.);
#431 = DIRECTION('',(1.,0.));
#432 = ( GEOMETRIC_REPRESENTATION_CONTEXT(2) 
PARAMETRIC_REPRESENTATION_CONTEXT() REPRESENTATION_CONTEXT('2D SPACE',''
  ) );
#433 = PCURVE('',#182,#434);
#434 = DEFINITIONAL_REPRESENTATION('',(#435),#439);
#435 = LINE('',#436,#437);
#436 = CARTESIAN_POINT('',(30.415121352005,0.));
#437 = VECTOR('',#438,1.);
#438 = DIRECTION('',(0.,1.));
#439 = ( GEOMETRIC_REPRESENTATION_CONTEXT(2) 
PARAMETRIC_REPRESENTATION_CONTEXT() REPRESENTATION_CONTEXT('2D SPACE',''
  ) );
#440 = ORIENTED_EDGE('',*,*,#194,.F.);
#441 = ORIENTED_EDGE('',*,*,#275,.T.);
#442 = ORIENTED_EDGE('',*,*,#443,.T.);
#443 = EDGE_CURVE('',#276,#419,#444,.T.);
#444 = SURFACE_CURVE('',#445,(#449,#455),.PCURVE_S1.);
#445 = LINE('',#446,#447);
#446 = CARTESIAN_POINT('',(-33.61728154514,-1.753864583369,
    43.021601931436));
#447 = VECTOR('',#448,1.);
#448 = DIRECTION('',(0.,1.,0.));
#449 = PCURVE('',#208,#450);
#450 = DEFINITIONAL_REPRESENTATION('',(#451),#454);
#451 = B_SPLINE_CURVE_WITH_KNOTS('',1,(#452,#453),.UNSPECIFIED.,.F.,.F.,
  (2,2),(1.267024652618,2.24070451412),.PIECEWISE_BEZIER_KNOTS.);
#452 = CARTESIAN_POINT('',(7.148032892721,2.22044604925E-16));
#453 = CARTESIAN_POINT('',(7.559527783281,0.88245364056));
#454 = ( GEOMETRIC_REPRESENTATION_CONTEXT(2) 
PARAMETRIC_REPRESENTATION_CONTEXT() REPRESENTATION_CONTEXT('2D SPACE',''
  ) );
#455 = PCURVE('',#313,#456);
#456 = DEFINITIONAL_REPRESENTATION('',(#457),#460);
#457 = B_SPLINE_CURVE_WITH_KNOTS('',1,(#458,#459),.UNSPECIFIED.,.F.,.F.,
  (2,2),(1.267024652618,2.24070451412),.PIECEWISE_BEZIER_KNOTS.);
#458 = CARTESIAN_POINT('',(1.,0.486839930751));
#459 = CARTESIAN_POINT('',(1.,-0.486839930751));
#460 = ( GEOMETRIC_REPRESENTATION_CONTEXT(2) 
PARAMETRIC_REPRESENTATION_CONTEXT() REPRESENTATION_CONTEXT('2D SPACE',''
  ) );
#461 = ADVANCED_FACE('',(#462),#182,.T.);
#462 = FACE_BOUND('',#463,.T.);
#463 = EDGE_LOOP('',(#464,#489,#510,#511,#512,#533,#567,#596));
#464 = ORIENTED_EDGE('',*,*,#465,.F.);
#465 = EDGE_CURVE('',#466,#468,#470,.T.);
#466 = VERTEX_POINT('',#467);
#467 = CARTESIAN_POINT('',(-27.13896367248,3.507729166738,
    12.606480579431));
#468 = VERTEX_POINT('',#469);
#469 = CARTESIAN_POINT('',(-27.13896367248,3.507729166738,
    43.021601931436));
#470 = SURFACE_CURVE('',#471,(#475,#482),.PCURVE_S1.);
#471 = LINE('',#472,#473);
#472 = CARTESIAN_POINT('',(-27.13896367248,3.507729166738,
    12.606480579431));
#473 = VECTOR('',#474,1.);
#474 = DIRECTION('',(0.,0.,1.));
#475 = PCURVE('',#182,#476);
#476 = DEFINITIONAL_REPRESENTATION('',(#477),#481);
#477 = LINE('',#478,#479);
#478 = CARTESIAN_POINT('',(0.,14.707560676003));
#479 = VECTOR('',#480,1.);
#480 = DIRECTION('',(1.,0.));
#481 = ( GEOMETRIC_REPRESENTATION_CONTEXT(2) 
PARAMETRIC_REPRESENTATION_CONTEXT() REPRESENTATION_CONTEXT('2D SPACE',''
  ) );
#482 = PCURVE('',#241,#483);
#483 = DEFINITIONAL_REPRESENTATION('',(#484),#488);
#484 = LINE('',#485,#486);
#485 = CARTESIAN_POINT('',(0.,-0.88245364056));
#486 = VECTOR('',#487,1.);
#487 = DIRECTION('',(1.,0.));
#488 = ( GEOMETRIC_REPRESENTATION_CONTEXT(2) 
PARAMETRIC_REPRESENTATION_CONTEXT() REPRESENTATION_CONTEXT('2D SPACE',''
  ) );
#489 = ORIENTED_EDGE('',*,*,#490,.F.);
#490 = EDGE_CURVE('',#139,#466,#491,.T.);
#491 = SURFACE_CURVE('',#492,(#496,#503),.PCURVE_S1.);
#492 = LINE('',#493,#494);
#493 = CARTESIAN_POINT('',(-40.46854044145,-2.7079545606,12.606480579431
    ));
#494 = VECTOR('',#495,1.);
#495 = DIRECTION('',(0.906307787037,0.422618261741,0.));
#496 = PCURVE('',#182,#497);
#497 = DEFINITIONAL_REPRESENTATION('',(#498),#502);
#498 = LINE('',#499,#500);
#499 = CARTESIAN_POINT('',(0.,0.));
#500 = VECTOR('',#501,1.);
#501 = DIRECTION('',(0.,1.));
#502 = ( GEOMETRIC_REPRESENTATION_CONTEXT(2) 
PARAMETRIC_REPRESENTATION_CONTEXT() REPRESENTATION_CONTEXT('2D SPACE',''
  ) );
#503 = PCURVE('',#154,#504);
#504 = DEFINITIONAL_REPRESENTATION('',(#505),#509);
#505 = LINE('',#506,#507);
#506 = CARTESIAN_POINT('',(-2.498001805407E-15,0.88245364056));
#507 = VECTOR('',#508,1.);
#508 = DIRECTION('',(1.,0.));
#509 = ( GEOMETRIC_REPRESENTATION_CONTEXT(2) 
PARAMETRIC_REPRESENTATION_CONTEXT() REPRESENTATION_CONTEXT('2D SPACE',''
  ) );
#510 = ORIENTED_EDGE('',*,*,#166,.T.);
#511 = ORIENTED_EDGE('',*,*,#418,.T.);
#512 = ORIENTED_EDGE('',*,*,#513,.T.);
#513 = EDGE_CURVE('',#419,#514,#516,.T.);
#514 = VERTEX_POINT('',#515);
#515 = CARTESIAN_POINT('',(-33.61728154514,0.486839930751,
    40.602804242607));
#516 = SURFACE_CURVE('',#517,(#521,#527),.PCURVE_S1.);
#517 = LINE('',#518,#519);
#518 = CARTESIAN_POINT('',(-33.61728154514,0.486839930751,
    27.314041255433));
#519 = VECTOR('',#520,1.);
#520 = DIRECTION('',(0.,0.,-1.));
#521 = PCURVE('',#182,#522);
#522 = DEFINITIONAL_REPRESENTATION('',(#523),#526);
#523 = B_SPLINE_CURVE_WITH_KNOTS('',1,(#524,#525),.UNSPECIFIED.,.F.,.F.,
  (2,2),(-15.707560676,-13.207560676),.PIECEWISE_BEZIER_KNOTS.);
#524 = CARTESIAN_POINT('',(30.415121352005,7.559527783281));
#525 = CARTESIAN_POINT('',(27.915121352005,7.559527783281));
#526 = ( GEOMETRIC_REPRESENTATION_CONTEXT(2) 
PARAMETRIC_REPRESENTATION_CONTEXT() REPRESENTATION_CONTEXT('2D SPACE',''
  ) );
#527 = PCURVE('',#313,#528);
#528 = DEFINITIONAL_REPRESENTATION('',(#529),#532);
#529 = B_SPLINE_CURVE_WITH_KNOTS('',1,(#530,#531),.UNSPECIFIED.,.F.,.F.,
  (2,2),(-15.707560676,-13.207560676),.PIECEWISE_BEZIER_KNOTS.);
#530 = CARTESIAN_POINT('',(1.,-0.486839930751));
#531 = CARTESIAN_POINT('',(-1.5,-0.486839930751));
#532 = ( GEOMETRIC_REPRESENTATION_CONTEXT(2) 
PARAMETRIC_REPRESENTATION_CONTEXT() REPRESENTATION_CONTEXT('2D SPACE',''
  ) );
#533 = ORIENTED_EDGE('',*,*,#534,.F.);
#534 = EDGE_CURVE('',#535,#514,#537,.T.);
#535 = VERTEX_POINT('',#536);
#536 = CARTESIAN_POINT('',(-31.44455276506,1.5,42.021601931436));
#537 = SURFACE_CURVE('',#538,(#543,#550),.PCURVE_S1.);
#538 = ELLIPSE('',#539,3.549302374729,1.5);
#539 = AXIS2_PLACEMENT_3D('',#540,#541,#542);
#540 = CARTESIAN_POINT('',(-34.66131314582,0.,42.021601931436));
#541 = DIRECTION('',(-0.422618261741,0.906307787037,0.));
#542 = DIRECTION('',(-0.906307787037,-0.422618261741,0.));
#543 = PCURVE('',#182,#544);
#544 = DEFINITIONAL_REPRESENTATION('',(#545),#549);
#545 = ELLIPSE('',#546,3.549302374729,1.5);
#546 = AXIS2_PLACEMENT_2D('',#547,#548);
#547 = CARTESIAN_POINT('',(29.415121352005,6.407566368396));
#548 = DIRECTION('',(0.,-1.));
#549 = ( GEOMETRIC_REPRESENTATION_CONTEXT(2) 
PARAMETRIC_REPRESENTATION_CONTEXT() REPRESENTATION_CONTEXT('2D SPACE',''
  ) );
#550 = PCURVE('',#551,#556);
#551 = CYLINDRICAL_SURFACE('',#552,1.5);
#552 = AXIS2_PLACEMENT_3D('',#553,#554,#555);
#553 = CARTESIAN_POINT('',(-33.61728154514,0.,42.021601931436));
#554 = DIRECTION('',(-1.,-0.,-0.));
#555 = DIRECTION('',(0.,1.,0.));
#556 = DEFINITIONAL_REPRESENTATION('',(#557),#566);
#557 = B_SPLINE_CURVE_WITH_KNOTS('',7,(#558,#559,#560,#561,#562,#563,
    #564,#565),.UNSPECIFIED.,.F.,.F.,(8,8),(3.14159265359,4.38184271806)
  ,.PIECEWISE_BEZIER_KNOTS.);
#558 = CARTESIAN_POINT('',(-6.28318530718,-2.172728780088));
#559 = CARTESIAN_POINT('',(-6.106006726541,-2.172728780088));
#560 = CARTESIAN_POINT('',(-5.928828145902,-2.054916646473));
#561 = CARTESIAN_POINT('',(-5.751649565263,-1.819297034844));
#562 = CARTESIAN_POINT('',(-5.574470984625,-1.474912375582));
#563 = CARTESIAN_POINT('',(-5.397292403986,-1.039936753646));
#564 = CARTESIAN_POINT('',(-5.220113823348,-0.539086788624));
#565 = CARTESIAN_POINT('',(-5.042935242709,5.999999999062E-07));
#566 = ( GEOMETRIC_REPRESENTATION_CONTEXT(2) 
PARAMETRIC_REPRESENTATION_CONTEXT() REPRESENTATION_CONTEXT('2D SPACE',''
  ) );
#567 = ORIENTED_EDGE('',*,*,#568,.F.);
#568 = EDGE_CURVE('',#569,#535,#571,.T.);
#569 = VERTEX_POINT('',#570);
#570 = CARTESIAN_POINT('',(-32.26368151958,1.11803398875,43.021601931436
    ));
#571 = SURFACE_CURVE('',#572,(#577,#584),.PCURVE_S1.);
#572 = ELLIPSE('',#573,3.549302374729,1.5);
#573 = AXIS2_PLACEMENT_3D('',#574,#575,#576);
#574 = CARTESIAN_POINT('',(-34.66131314582,0.,42.021601931436));
#575 = DIRECTION('',(-0.422618261741,0.906307787037,0.));
#576 = DIRECTION('',(-0.906307787037,-0.422618261741,0.));
#577 = PCURVE('',#182,#578);
#578 = DEFINITIONAL_REPRESENTATION('',(#579),#583);
#579 = ELLIPSE('',#580,3.549302374729,1.5);
#580 = AXIS2_PLACEMENT_2D('',#581,#582);
#581 = CARTESIAN_POINT('',(29.415121352005,6.407566368396));
#582 = DIRECTION('',(0.,-1.));
#583 = ( GEOMETRIC_REPRESENTATION_CONTEXT(2) 
PARAMETRIC_REPRESENTATION_CONTEXT() REPRESENTATION_CONTEXT('2D SPACE',''
  ) );
#584 = PCURVE('',#341,#585);
#585 = DEFINITIONAL_REPRESENTATION('',(#586),#595);
#586 = B_SPLINE_CURVE_WITH_KNOTS('',7,(#587,#588,#589,#590,#591,#592,
    #593,#594),.UNSPECIFIED.,.F.,.F.,(8,8),(1.901342589119,3.14159265359
    ),.PIECEWISE_BEZIER_KNOTS.);
#587 = CARTESIAN_POINT('',(-1.240250064471,5.999999999062E-07));
#588 = CARTESIAN_POINT('',(-1.063071483832,-0.539086788624));
#589 = CARTESIAN_POINT('',(-0.885892903193,-1.039936753646));
#590 = CARTESIAN_POINT('',(-0.708714322555,-1.474912375583));
#591 = CARTESIAN_POINT('',(-0.531535741916,-1.819297034843));
#592 = CARTESIAN_POINT('',(-0.354357161277,-2.054916646473));
#593 = CARTESIAN_POINT('',(-0.177178580639,-2.172728780088));
#594 = CARTESIAN_POINT('',(0.,-2.172728780088));
#595 = ( GEOMETRIC_REPRESENTATION_CONTEXT(2) 
PARAMETRIC_REPRESENTATION_CONTEXT() REPRESENTATION_CONTEXT('2D SPACE',''
  ) );
#596 = ORIENTED_EDGE('',*,*,#597,.T.);
#597 = EDGE_CURVE('',#569,#468,#598,.T.);
#598 = SURFACE_CURVE('',#599,(#603,#610),.PCURVE_S1.);
#599 = LINE('',#600,#601);
#600 = CARTESIAN_POINT('',(-40.46854044145,-2.7079545606,43.021601931436
    ));
#601 = VECTOR('',#602,1.);
#602 = DIRECTION('',(0.906307787037,0.422618261741,0.));
#603 = PCURVE('',#182,#604);
#604 = DEFINITIONAL_REPRESENTATION('',(#605),#609);
#605 = LINE('',#606,#607);
#606 = CARTESIAN_POINT('',(30.415121352005,0.));
#607 = VECTOR('',#608,1.);
#608 = DIRECTION('',(0.,1.));
#609 = ( GEOMETRIC_REPRESENTATION_CONTEXT(2) 
PARAMETRIC_REPRESENTATION_CONTEXT() REPRESENTATION_CONTEXT('2D SPACE',''
  ) );
#610 = PCURVE('',#403,#611);
#611 = DEFINITIONAL_REPRESENTATION('',(#612),#616);
#612 = LINE('',#613,#614);
#613 = CARTESIAN_POINT('',(-2.498001805407E-15,0.88245364056));
#614 = VECTOR('',#615,1.);
#615 = DIRECTION('',(1.,0.));
#616 = ( GEOMETRIC_REPRESENTATION_CONTEXT(2) 
PARAMETRIC_REPRESENTATION_CONTEXT() REPRESENTATION_CONTEXT('2D SPACE',''
  ) );
#617 = ADVANCED_FACE('',(#618),#154,.F.);
#618 = FACE_BOUND('',#619,.F.);
#619 = EDGE_LOOP('',(#620,#621,#622,#643));
#620 = ORIENTED_EDGE('',*,*,#138,.F.);
#621 = ORIENTED_EDGE('',*,*,#253,.T.);
#622 = ORIENTED_EDGE('',*,*,#623,.T.);
#623 = EDGE_CURVE('',#224,#466,#624,.T.);
#624 = SURFACE_CURVE('',#625,(#629,#636),.PCURVE_S1.);
#625 = LINE('',#626,#627);
#626 = CARTESIAN_POINT('',(-26.76602264884,2.7079545606,12.606480579431)
  );
#627 = VECTOR('',#628,1.);
#628 = DIRECTION('',(-0.422618261741,0.906307787037,0.));
#629 = PCURVE('',#154,#630);
#630 = DEFINITIONAL_REPRESENTATION('',(#631),#635);
#631 = LINE('',#632,#633);
#632 = CARTESIAN_POINT('',(14.707560676003,0.));
#633 = VECTOR('',#634,1.);
#634 = DIRECTION('',(0.,1.));
#635 = ( GEOMETRIC_REPRESENTATION_CONTEXT(2) 
PARAMETRIC_REPRESENTATION_CONTEXT() REPRESENTATION_CONTEXT('2D SPACE',''
  ) );
#636 = PCURVE('',#241,#637);
#637 = DEFINITIONAL_REPRESENTATION('',(#638),#642);
#638 = LINE('',#639,#640);
#639 = CARTESIAN_POINT('',(0.,0.));
#640 = VECTOR('',#641,1.);
#641 = DIRECTION('',(0.,-1.));
#642 = ( GEOMETRIC_REPRESENTATION_CONTEXT(2) 
PARAMETRIC_REPRESENTATION_CONTEXT() REPRESENTATION_CONTEXT('2D SPACE',''
  ) );
#643 = ORIENTED_EDGE('',*,*,#490,.F.);
#644 = ADVANCED_FACE('',(#645),#241,.T.);
#645 = FACE_BOUND('',#646,.T.);
#646 = EDGE_LOOP('',(#647,#648,#649,#650));
#647 = ORIENTED_EDGE('',*,*,#223,.F.);
#648 = ORIENTED_EDGE('',*,*,#623,.T.);
#649 = ORIENTED_EDGE('',*,*,#465,.T.);
#650 = ORIENTED_EDGE('',*,*,#651,.F.);
#651 = EDGE_CURVE('',#226,#468,#652,.T.);
#652 = SURFACE_CURVE('',#653,(#657,#664),.PCURVE_S1.);
#653 = LINE('',#654,#655);
#654 = CARTESIAN_POINT('',(-26.76602264884,2.7079545606,43.021601931436)
  );
#655 = VECTOR('',#656,1.);
#656 = DIRECTION('',(-0.422618261741,0.906307787037,0.));
#657 = PCURVE('',#241,#658);
#658 = DEFINITIONAL_REPRESENTATION('',(#659),#663);
#659 = LINE('',#660,#661);
#660 = CARTESIAN_POINT('',(30.415121352005,0.));
#661 = VECTOR('',#662,1.);
#662 = DIRECTION('',(0.,-1.));
#663 = ( GEOMETRIC_REPRESENTATION_CONTEXT(2) 
PARAMETRIC_REPRESENTATION_CONTEXT() REPRESENTATION_CONTEXT('2D SPACE',''
  ) );
#664 = PCURVE('',#403,#665);
#665 = DEFINITIONAL_REPRESENTATION('',(#666),#670);
#666 = LINE('',#667,#668);
#667 = CARTESIAN_POINT('',(14.707560676003,0.));
#668 = VECTOR('',#669,1.);
#669 = DIRECTION('',(0.,1.));
#670 = ( GEOMETRIC_REPRESENTATION_CONTEXT(2) 
PARAMETRIC_REPRESENTATION_CONTEXT() REPRESENTATION_CONTEXT('2D SPACE',''
  ) );
#671 = ADVANCED_FACE('',(#672),#403,.T.);
#672 = FACE_BOUND('',#673,.T.);
#673 = EDGE_LOOP('',(#674,#675,#694,#695));
#674 = ORIENTED_EDGE('',*,*,#597,.F.);
#675 = ORIENTED_EDGE('',*,*,#676,.F.);
#676 = EDGE_CURVE('',#360,#569,#677,.T.);
#677 = SURFACE_CURVE('',#678,(#682,#688),.PCURVE_S1.);
#678 = LINE('',#679,#680);
#679 = CARTESIAN_POINT('',(-33.61728154514,1.11803398875,43.021601931436
    ));
#680 = VECTOR('',#681,1.);
#681 = DIRECTION('',(-1.,-0.,-0.));
#682 = PCURVE('',#403,#683);
#683 = DEFINITIONAL_REPRESENTATION('',(#684),#687);
#684 = B_SPLINE_CURVE_WITH_KNOTS('',1,(#685,#686),.UNSPECIFIED.,.F.,.F.,
  (2,2),(-3.65046954705,-1.144793705428),.PIECEWISE_BEZIER_KNOTS.);
#685 = CARTESIAN_POINT('',(11.134730895726,-8.824536405598E-02));
#686 = CARTESIAN_POINT('',(8.863817368674,0.970699004616));
#687 = ( GEOMETRIC_REPRESENTATION_CONTEXT(2) 
PARAMETRIC_REPRESENTATION_CONTEXT() REPRESENTATION_CONTEXT('2D SPACE',''
  ) );
#688 = PCURVE('',#341,#689);
#689 = DEFINITIONAL_REPRESENTATION('',(#690),#693);
#690 = B_SPLINE_CURVE_WITH_KNOTS('',1,(#691,#692),.UNSPECIFIED.,.F.,.F.,
  (2,2),(-3.65046954705,-1.144793705428),.PIECEWISE_BEZIER_KNOTS.);
#691 = CARTESIAN_POINT('',(-0.729727656227,-3.65046954705));
#692 = CARTESIAN_POINT('',(-0.729727656227,-1.144793705428));
#693 = ( GEOMETRIC_REPRESENTATION_CONTEXT(2) 
PARAMETRIC_REPRESENTATION_CONTEXT() REPRESENTATION_CONTEXT('2D SPACE',''
  ) );
#694 = ORIENTED_EDGE('',*,*,#389,.T.);
#695 = ORIENTED_EDGE('',*,*,#651,.T.);
#696 = ADVANCED_FACE('',(#697),#341,.T.);
#697 = FACE_BOUND('',#698,.F.);
#698 = EDGE_LOOP('',(#699,#723,#744,#745,#746,#747,#770,#797,#798));
#699 = ORIENTED_EDGE('',*,*,#700,.F.);
#700 = EDGE_CURVE('',#701,#299,#703,.T.);
#701 = VERTEX_POINT('',#702);
#702 = CARTESIAN_POINT('',(-33.61728154514,1.5,42.021601931436));
#703 = SURFACE_CURVE('',#704,(#709,#716),.PCURVE_S1.);
#704 = CIRCLE('',#705,1.5);
#705 = AXIS2_PLACEMENT_3D('',#706,#707,#708);
#706 = CARTESIAN_POINT('',(-33.61728154514,0.,42.021601931436));
#707 = DIRECTION('',(1.,0.,0.));
#708 = DIRECTION('',(0.,1.,0.));
#709 = PCURVE('',#341,#710);
#710 = DEFINITIONAL_REPRESENTATION('',(#711),#715);
#711 = LINE('',#712,#713);
#712 = CARTESIAN_POINT('',(-0.,0.));
#713 = VECTOR('',#714,1.);
#714 = DIRECTION('',(-1.,0.));
#715 = ( GEOMETRIC_REPRESENTATION_CONTEXT(2) 
PARAMETRIC_REPRESENTATION_CONTEXT() REPRESENTATION_CONTEXT('2D SPACE',''
  ) );
#716 = PCURVE('',#313,#717);
#717 = DEFINITIONAL_REPRESENTATION('',(#718),#722);
#718 = CIRCLE('',#719,1.5);
#719 = AXIS2_PLACEMENT_2D('',#720,#721);
#720 = CARTESIAN_POINT('',(0.,-1.139533443783E-16));
#721 = DIRECTION('',(0.,-1.));
#722 = ( GEOMETRIC_REPRESENTATION_CONTEXT(2) 
PARAMETRIC_REPRESENTATION_CONTEXT() REPRESENTATION_CONTEXT('2D SPACE',''
  ) );
#723 = ORIENTED_EDGE('',*,*,#724,.T.);
#724 = EDGE_CURVE('',#701,#535,#725,.T.);
#725 = SURFACE_CURVE('',#726,(#730,#737),.PCURVE_S1.);
#726 = LINE('',#727,#728);
#727 = CARTESIAN_POINT('',(-33.61728154514,1.5,42.021601931436));
#728 = VECTOR('',#729,1.);
#729 = DIRECTION('',(1.,0.,0.));
#730 = PCURVE('',#341,#731);
#731 = DEFINITIONAL_REPRESENTATION('',(#732),#736);
#732 = LINE('',#733,#734);
#733 = CARTESIAN_POINT('',(-0.,0.));
#734 = VECTOR('',#735,1.);
#735 = DIRECTION('',(-0.,-1.));
#736 = ( GEOMETRIC_REPRESENTATION_CONTEXT(2) 
PARAMETRIC_REPRESENTATION_CONTEXT() REPRESENTATION_CONTEXT('2D SPACE',''
  ) );
#737 = PCURVE('',#551,#738);
#738 = DEFINITIONAL_REPRESENTATION('',(#739),#743);
#739 = LINE('',#740,#741);
#740 = CARTESIAN_POINT('',(-6.28318530718,0.));
#741 = VECTOR('',#742,1.);
#742 = DIRECTION('',(-0.,-1.));
#743 = ( GEOMETRIC_REPRESENTATION_CONTEXT(2) 
PARAMETRIC_REPRESENTATION_CONTEXT() REPRESENTATION_CONTEXT('2D SPACE',''
  ) );
#744 = ORIENTED_EDGE('',*,*,#568,.F.);
#745 = ORIENTED_EDGE('',*,*,#676,.F.);
#746 = ORIENTED_EDGE('',*,*,#359,.T.);
#747 = ORIENTED_EDGE('',*,*,#748,.T.);
#748 = EDGE_CURVE('',#325,#749,#751,.T.);
#749 = VERTEX_POINT('',#750);
#750 = CARTESIAN_POINT('',(-23.61728154514,1.5,42.021601931436));
#751 = SEAM_CURVE('',#752,(#756,#763),.PCURVE_S1.);
#752 = LINE('',#753,#754);
#753 = CARTESIAN_POINT('',(-33.61728154514,1.5,42.021601931436));
#754 = VECTOR('',#755,1.);
#755 = DIRECTION('',(1.,0.,0.));
#756 = PCURVE('',#341,#757);
#757 = DEFINITIONAL_REPRESENTATION('',(#758),#762);
#758 = LINE('',#759,#760);
#759 = CARTESIAN_POINT('',(-0.,0.));
#760 = VECTOR('',#761,1.);
#761 = DIRECTION('',(-0.,-1.));
#762 = ( GEOMETRIC_REPRESENTATION_CONTEXT(2) 
PARAMETRIC_REPRESENTATION_CONTEXT() REPRESENTATION_CONTEXT('2D SPACE',''
  ) );
#763 = PCURVE('',#341,#764);
#764 = DEFINITIONAL_REPRESENTATION('',(#765),#769);
#765 = LINE('',#766,#767);
#766 = CARTESIAN_POINT('',(-6.28318530718,0.));
#767 = VECTOR('',#768,1.);
#768 = DIRECTION('',(-0.,-1.));
#769 = ( GEOMETRIC_REPRESENTATION_CONTEXT(2) 
PARAMETRIC_REPRESENTATION_CONTEXT() REPRESENTATION_CONTEXT('2D SPACE',''
  ) );
#770 = ORIENTED_EDGE('',*,*,#771,.T.);
#771 = EDGE_CURVE('',#749,#749,#772,.T.);
#772 = SURFACE_CURVE('',#773,(#778,#785),.PCURVE_S1.);
#773 = CIRCLE('',#774,1.5);
#774 = AXIS2_PLACEMENT_3D('',#775,#776,#777);
#775 = CARTESIAN_POINT('',(-23.61728154514,0.,42.021601931436));
#776 = DIRECTION('',(1.,0.,0.));
#777 = DIRECTION('',(0.,1.,0.));
#778 = PCURVE('',#341,#779);
#779 = DEFINITIONAL_REPRESENTATION('',(#780),#784);
#780 = LINE('',#781,#782);
#781 = CARTESIAN_POINT('',(-0.,-10.));
#782 = VECTOR('',#783,1.);
#783 = DIRECTION('',(-1.,0.));
#784 = ( GEOMETRIC_REPRESENTATION_CONTEXT(2) 
PARAMETRIC_REPRESENTATION_CONTEXT() REPRESENTATION_CONTEXT('2D SPACE',''
  ) );
#785 = PCURVE('',#786,#791);
#786 = PLANE('',#787);
#787 = AXIS2_PLACEMENT_3D('',#788,#789,#790);
#788 = CARTESIAN_POINT('',(-23.61728154514,-1.139533443783E-16,
    42.021601931436));
#789 = DIRECTION('',(1.,0.,0.));
#790 = DIRECTION('',(0.,0.,1.));
#791 = DEFINITIONAL_REPRESENTATION('',(#792),#796);
#792 = CIRCLE('',#793,1.5);
#793 = AXIS2_PLACEMENT_2D('',#794,#795);
#794 = CARTESIAN_POINT('',(0.,-1.139533443783E-16));
#795 = DIRECTION('',(0.,-1.));
#796 = ( GEOMETRIC_REPRESENTATION_CONTEXT(2) 
PARAMETRIC_REPRESENTATION_CONTEXT() REPRESENTATION_CONTEXT('2D SPACE',''
  ) );
#797 = ORIENTED_EDGE('',*,*,#748,.F.);
#798 = ORIENTED_EDGE('',*,*,#324,.T.);
#799 = ADVANCED_FACE('',(#800),#313,.F.);
#800 = FACE_BOUND('',#801,.F.);
#801 = EDGE_LOOP('',(#802,#824,#825,#826,#827));
#802 = ORIENTED_EDGE('',*,*,#803,.T.);
#803 = EDGE_CURVE('',#514,#701,#804,.T.);
#804 = SURFACE_CURVE('',#805,(#810,#817),.PCURVE_S1.);
#805 = CIRCLE('',#806,1.5);
#806 = AXIS2_PLACEMENT_3D('',#807,#808,#809);
#807 = CARTESIAN_POINT('',(-33.61728154514,0.,42.021601931436));
#808 = DIRECTION('',(1.,0.,0.));
#809 = DIRECTION('',(0.,1.,0.));
#810 = PCURVE('',#313,#811);
#811 = DEFINITIONAL_REPRESENTATION('',(#812),#816);
#812 = CIRCLE('',#813,1.5);
#813 = AXIS2_PLACEMENT_2D('',#814,#815);
#814 = CARTESIAN_POINT('',(0.,-1.139533443783E-16));
#815 = DIRECTION('',(0.,-1.));
#816 = ( GEOMETRIC_REPRESENTATION_CONTEXT(2) 
PARAMETRIC_REPRESENTATION_CONTEXT() REPRESENTATION_CONTEXT('2D SPACE',''
  ) );
#817 = PCURVE('',#551,#818);
#818 = DEFINITIONAL_REPRESENTATION('',(#819),#823);
#819 = LINE('',#820,#821);
#820 = CARTESIAN_POINT('',(-0.,0.));
#821 = VECTOR('',#822,1.);
#822 = DIRECTION('',(-1.,0.));
#823 = ( GEOMETRIC_REPRESENTATION_CONTEXT(2) 
PARAMETRIC_REPRESENTATION_CONTEXT() REPRESENTATION_CONTEXT('2D SPACE',''
  ) );
#824 = ORIENTED_EDGE('',*,*,#700,.T.);
#825 = ORIENTED_EDGE('',*,*,#298,.F.);
#826 = ORIENTED_EDGE('',*,*,#443,.T.);
#827 = ORIENTED_EDGE('',*,*,#513,.T.);
#828 = ADVANCED_FACE('',(#829),#551,.T.);
#829 = FACE_BOUND('',#830,.F.);
#830 = EDGE_LOOP('',(#831,#832,#833));
#831 = ORIENTED_EDGE('',*,*,#803,.F.);
#832 = ORIENTED_EDGE('',*,*,#534,.F.);
#833 = ORIENTED_EDGE('',*,*,#724,.F.);
#834 = ADVANCED_FACE('',(#835),#786,.T.);
#835 = FACE_BOUND('',#836,.T.);
#836 = EDGE_LOOP('',(#837));
#837 = ORIENTED_EDGE('',*,*,#771,.T.);
#838 = ( GEOMETRIC_REPRESENTATION_CONTEXT(3) 
GLOBAL_UNCERTAINTY_ASSIGNED_CONTEXT((#842)) GLOBAL_UNIT_ASSIGNED_CONTEXT
((#839,#840,#841)) REPRESENTATION_CONTEXT('Context #1',
  '3D Context with UNIT and UNCERTAINTY') );
#839 = ( LENGTH_UNIT() NAMED_UNIT(*) SI_UNIT(.MILLI.,.METRE.) );
#840 = ( NAMED_UNIT(*) PLANE_ANGLE_UNIT() SI_UNIT($,.RADIAN.) );
#841 = ( NAMED_UNIT(*) SI_UNIT($,.STERADIAN.) SOLID_ANGLE_UNIT() );
#842 = UNCERTAINTY_MEASURE_WITH_UNIT(LENGTH_MEASURE(1.E-07),#839,
  'distance_accuracy_value','confusion accuracy');
#843 = CONTEXT_DEPENDENT_SHAPE_REPRESENTATION(#844,#846);
#844 = ( REPRESENTATION_RELATIONSHIP('','',#96,#10) 
REPRESENTATION_RELATIONSHIP_WITH_TRANSFORMATION(#845) 
SHAPE_REPRESENTATION_RELATIONSHIP() );
#845 = ITEM_DEFINED_TRANSFORMATION('','',#11,#15);
#846 = PRODUCT_DEFINITION_SHAPE('Placement','Placement of an item',#847
  );
#847 = NEXT_ASSEMBLY_USAGE_OCCURRENCE('1','','',#5,#91,$);
#848 = PRODUCT_RELATED_PRODUCT_CATEGORY('part',$,(#93));
#849 = SHAPE_DEFINITION_REPRESENTATION(#850,#856);
#850 = PRODUCT_DEFINITION_SHAPE('','',#851);
#851 = PRODUCT_DEFINITION('design','',#852,#855);
#852 = PRODUCT_DEFINITION_FORMATION('','',#853);
#853 = PRODUCT('Open CASCADE STEP translator 7.9 2.2',
  'Open CASCADE STEP translator 7.9 2.2','',(#854));
#854 = PRODUCT_CONTEXT('',#2,'mechanical');
#855 = PRODUCT_DEFINITION_CONTEXT('part definition',#2,'design');
#856 = ADVANCED_BREP_SHAPE_REPRESENTATION('',(#11,#857),#1598);
#857 = MANIFOLD_SOLID_BREP('',#858);
#858 = CLOSED_SHELL('',(#859,#979,#1174,#1221,#1377,#1404,#1431,#1456,
    #1559,#1588,#1594));
#859 = ADVANCED_FACE('',(#860),#874,.F.);
#860 = FACE_BOUND('',#861,.F.);
#861 = EDGE_LOOP('',(#862,#897,#925,#953));
#862 = ORIENTED_EDGE('',*,*,#863,.F.);
#863 = EDGE_CURVE('',#864,#866,#868,.T.);
#864 = VERTEX_POINT('',#865);
#865 = CARTESIAN_POINT('',(-40.09559941781,-7.824846085525,
    10.488055122119));
#866 = VERTEX_POINT('',#867);
#867 = CARTESIAN_POINT('',(-40.09559941781,-18.8120552,38.849311136827)
  );
#868 = SURFACE_CURVE('',#869,(#873,#885),.PCURVE_S1.);
#869 = LINE('',#870,#871);
#870 = CARTESIAN_POINT('',(-40.09559941781,-7.824846085525,
    10.488055122119));
#871 = VECTOR('',#872,1.);
#872 = DIRECTION('',(0.,-0.361241666187,0.932472229404));
#873 = PCURVE('',#874,#879);
#874 = PLANE('',#875);
#875 = AXIS2_PLACEMENT_3D('',#876,#877,#878);
#876 = CARTESIAN_POINT('',(-40.09559941781,-7.824846085525,
    10.488055122119));
#877 = DIRECTION('',(0.906307787037,0.394079792712,0.152667325032));
#878 = DIRECTION('',(0.,-0.361241666187,0.932472229404));
#879 = DEFINITIONAL_REPRESENTATION('',(#880),#884);
#880 = LINE('',#881,#882);
#881 = CARTESIAN_POINT('',(0.,0.));
#882 = VECTOR('',#883,1.);
#883 = DIRECTION('',(1.,5.551115123126E-17));
#884 = ( GEOMETRIC_REPRESENTATION_CONTEXT(2) 
PARAMETRIC_REPRESENTATION_CONTEXT() REPRESENTATION_CONTEXT('2D SPACE',''
  ) );
#885 = PCURVE('',#886,#891);
#886 = PLANE('',#887);
#887 = AXIS2_PLACEMENT_3D('',#888,#889,#890);
#888 = CARTESIAN_POINT('',(-40.09559941781,-7.824846085525,
    10.488055122119));
#889 = DIRECTION('',(-0.422618261741,0.845106842705,0.327396135068));
#890 = DIRECTION('',(0.,-0.361241666187,0.932472229404));
#891 = DEFINITIONAL_REPRESENTATION('',(#892),#896);
#892 = LINE('',#893,#894);
#893 = CARTESIAN_POINT('',(0.,0.));
#894 = VECTOR('',#895,1.);
#895 = DIRECTION('',(1.,0.));
#896 = ( GEOMETRIC_REPRESENTATION_CONTEXT(2) 
PARAMETRIC_REPRESENTATION_CONTEXT() REPRESENTATION_CONTEXT('2D SPACE',''
  ) );
#897 = ORIENTED_EDGE('',*,*,#898,.T.);
#898 = EDGE_CURVE('',#864,#899,#901,.T.);
#899 = VERTEX_POINT('',#900);
#900 = CARTESIAN_POINT('',(-40.46854044145,-7.079078475518,
    10.776967033414));
#901 = SURFACE_CURVE('',#902,(#906,#913),.PCURVE_S1.);
#902 = LINE('',#903,#904);
#903 = CARTESIAN_POINT('',(-40.09559941781,-7.824846085525,
    10.488055122119));
#904 = VECTOR('',#905,1.);
#905 = DIRECTION('',(-0.422618261741,0.845106842705,0.327396135068));
#906 = PCURVE('',#874,#907);
#907 = DEFINITIONAL_REPRESENTATION('',(#908),#912);
#908 = LINE('',#909,#910);
#909 = CARTESIAN_POINT('',(0.,0.));
#910 = VECTOR('',#911,1.);
#911 = DIRECTION('',(-5.551115123126E-17,-1.));
#912 = ( GEOMETRIC_REPRESENTATION_CONTEXT(2) 
PARAMETRIC_REPRESENTATION_CONTEXT() REPRESENTATION_CONTEXT('2D SPACE',''
  ) );
#913 = PCURVE('',#914,#919);
#914 = PLANE('',#915);
#915 = AXIS2_PLACEMENT_3D('',#916,#917,#918);
#916 = CARTESIAN_POINT('',(-40.09559941781,-7.824846085525,
    10.488055122119));
#917 = DIRECTION('',(0.,-0.361241666187,0.932472229404));
#918 = DIRECTION('',(0.906307787037,0.394079792712,0.152667325032));
#919 = DEFINITIONAL_REPRESENTATION('',(#920),#924);
#920 = LINE('',#921,#922);
#921 = CARTESIAN_POINT('',(0.,0.));
#922 = VECTOR('',#923,1.);
#923 = DIRECTION('',(-1.387778780781E-17,1.));
#924 = ( GEOMETRIC_REPRESENTATION_CONTEXT(2) 
PARAMETRIC_REPRESENTATION_CONTEXT() REPRESENTATION_CONTEXT('2D SPACE',''
  ) );
#925 = ORIENTED_EDGE('',*,*,#926,.T.);
#926 = EDGE_CURVE('',#899,#927,#929,.T.);
#927 = VERTEX_POINT('',#928);
#928 = CARTESIAN_POINT('',(-40.46854044145,-18.06628759,39.138223048123)
  );
#929 = SURFACE_CURVE('',#930,(#934,#941),.PCURVE_S1.);
#930 = LINE('',#931,#932);
#931 = CARTESIAN_POINT('',(-40.46854044145,-7.079078475518,
    10.776967033414));
#932 = VECTOR('',#933,1.);
#933 = DIRECTION('',(0.,-0.361241666187,0.932472229404));
#934 = PCURVE('',#874,#935);
#935 = DEFINITIONAL_REPRESENTATION('',(#936),#940);
#936 = LINE('',#937,#938);
#937 = CARTESIAN_POINT('',(1.665334536938E-16,-0.88245364056));
#938 = VECTOR('',#939,1.);
#939 = DIRECTION('',(1.,5.551115123126E-17));
#940 = ( GEOMETRIC_REPRESENTATION_CONTEXT(2) 
PARAMETRIC_REPRESENTATION_CONTEXT() REPRESENTATION_CONTEXT('2D SPACE',''
  ) );
#941 = PCURVE('',#942,#947);
#942 = PLANE('',#943);
#943 = AXIS2_PLACEMENT_3D('',#944,#945,#946);
#944 = CARTESIAN_POINT('',(-40.46854044145,-7.079078475518,
    10.776967033414));
#945 = DIRECTION('',(-0.422618261741,0.845106842705,0.327396135068));
#946 = DIRECTION('',(0.,-0.361241666187,0.932472229404));
#947 = DEFINITIONAL_REPRESENTATION('',(#948),#952);
#948 = LINE('',#949,#950);
#949 = CARTESIAN_POINT('',(0.,0.));
#950 = VECTOR('',#951,1.);
#951 = DIRECTION('',(1.,0.));
#952 = ( GEOMETRIC_REPRESENTATION_CONTEXT(2) 
PARAMETRIC_REPRESENTATION_CONTEXT() REPRESENTATION_CONTEXT('2D SPACE',''
  ) );
#953 = ORIENTED_EDGE('',*,*,#954,.F.);
#954 = EDGE_CURVE('',#866,#927,#955,.T.);
#955 = SURFACE_CURVE('',#956,(#960,#967),.PCURVE_S1.);
#956 = LINE('',#957,#958);
#957 = CARTESIAN_POINT('',(-40.09559941781,-18.8120552,38.849311136827)
  );
#958 = VECTOR('',#959,1.);
#959 = DIRECTION('',(-0.422618261741,0.845106842705,0.327396135068));
#960 = PCURVE('',#874,#961);
#961 = DEFINITIONAL_REPRESENTATION('',(#962),#966);
#962 = LINE('',#963,#964);
#963 = CARTESIAN_POINT('',(30.415121352005,3.552713678801E-15));
#964 = VECTOR('',#965,1.);
#965 = DIRECTION('',(-5.551115123126E-17,-1.));
#966 = ( GEOMETRIC_REPRESENTATION_CONTEXT(2) 
PARAMETRIC_REPRESENTATION_CONTEXT() REPRESENTATION_CONTEXT('2D SPACE',''
  ) );
#967 = PCURVE('',#968,#973);
#968 = PLANE('',#969);
#969 = AXIS2_PLACEMENT_3D('',#970,#971,#972);
#970 = CARTESIAN_POINT('',(-40.09559941781,-18.8120552,38.849311136827)
  );
#971 = DIRECTION('',(0.,-0.361241666187,0.932472229404));
#972 = DIRECTION('',(0.906307787037,0.394079792712,0.152667325032));
#973 = DEFINITIONAL_REPRESENTATION('',(#974),#978);
#974 = LINE('',#975,#976);
#975 = CARTESIAN_POINT('',(0.,0.));
#976 = VECTOR('',#977,1.);
#977 = DIRECTION('',(-1.387778780781E-17,1.));
#978 = ( GEOMETRIC_REPRESENTATION_CONTEXT(2) 
PARAMETRIC_REPRESENTATION_CONTEXT() REPRESENTATION_CONTEXT('2D SPACE',''
  ) );
#979 = ADVANCED_FACE('',(#980),#886,.F.);
#980 = FACE_BOUND('',#981,.F.);
#981 = EDGE_LOOP('',(#982,#1012,#1033,#1034,#1057,#1083,#1118,#1148));
#982 = ORIENTED_EDGE('',*,*,#983,.F.);
#983 = EDGE_CURVE('',#984,#986,#988,.T.);
#984 = VERTEX_POINT('',#985);
#985 = CARTESIAN_POINT('',(-26.76602264884,-2.028893623021,
    12.733419068275));
#986 = VERTEX_POINT('',#987);
#987 = CARTESIAN_POINT('',(-26.76602264884,-13.0161027375,
    41.094675082983));
#988 = SURFACE_CURVE('',#989,(#993,#1000),.PCURVE_S1.);
#989 = LINE('',#990,#991);
#990 = CARTESIAN_POINT('',(-26.76602264884,-2.028893623021,
    12.733419068275));
#991 = VECTOR('',#992,1.);
#992 = DIRECTION('',(0.,-0.361241666187,0.932472229404));
#993 = PCURVE('',#886,#994);
#994 = DEFINITIONAL_REPRESENTATION('',(#995),#999);
#995 = LINE('',#996,#997);
#996 = CARTESIAN_POINT('',(-4.440892098501E-16,14.707560676003));
#997 = VECTOR('',#998,1.);
#998 = DIRECTION('',(1.,0.));
#999 = ( GEOMETRIC_REPRESENTATION_CONTEXT(2) 
PARAMETRIC_REPRESENTATION_CONTEXT() REPRESENTATION_CONTEXT('2D SPACE',''
  ) );
#1000 = PCURVE('',#1001,#1006);
#1001 = PLANE('',#1002);
#1002 = AXIS2_PLACEMENT_3D('',#1003,#1004,#1005);
#1003 = CARTESIAN_POINT('',(-26.76602264884,-2.028893623021,
    12.733419068275));
#1004 = DIRECTION('',(0.906307787037,0.394079792712,0.152667325032));
#1005 = DIRECTION('',(0.,-0.361241666187,0.932472229404));
#1006 = DEFINITIONAL_REPRESENTATION('',(#1007),#1011);
#1007 = LINE('',#1008,#1009);
#1008 = CARTESIAN_POINT('',(0.,0.));
#1009 = VECTOR('',#1010,1.);
#1010 = DIRECTION('',(1.,5.551115123126E-17));
#1011 = ( GEOMETRIC_REPRESENTATION_CONTEXT(2) 
PARAMETRIC_REPRESENTATION_CONTEXT() REPRESENTATION_CONTEXT('2D SPACE',''
  ) );
#1012 = ORIENTED_EDGE('',*,*,#1013,.F.);
#1013 = EDGE_CURVE('',#864,#984,#1014,.T.);
#1014 = SURFACE_CURVE('',#1015,(#1019,#1026),.PCURVE_S1.);
#1015 = LINE('',#1016,#1017);
#1016 = CARTESIAN_POINT('',(-40.09559941781,-7.824846085525,
    10.488055122119));
#1017 = VECTOR('',#1018,1.);
#1018 = DIRECTION('',(0.906307787037,0.394079792712,0.152667325032));
#1019 = PCURVE('',#886,#1020);
#1020 = DEFINITIONAL_REPRESENTATION('',(#1021),#1025);
#1021 = LINE('',#1022,#1023);
#1022 = CARTESIAN_POINT('',(0.,0.));
#1023 = VECTOR('',#1024,1.);
#1024 = DIRECTION('',(2.775557561563E-17,1.));
#1025 = ( GEOMETRIC_REPRESENTATION_CONTEXT(2) 
PARAMETRIC_REPRESENTATION_CONTEXT() REPRESENTATION_CONTEXT('2D SPACE',''
  ) );
#1026 = PCURVE('',#914,#1027);
#1027 = DEFINITIONAL_REPRESENTATION('',(#1028),#1032);
#1028 = LINE('',#1029,#1030);
#1029 = CARTESIAN_POINT('',(0.,0.));
#1030 = VECTOR('',#1031,1.);
#1031 = DIRECTION('',(1.,-2.775557561563E-17));
#1032 = ( GEOMETRIC_REPRESENTATION_CONTEXT(2) 
PARAMETRIC_REPRESENTATION_CONTEXT() REPRESENTATION_CONTEXT('2D SPACE',''
  ) );
#1033 = ORIENTED_EDGE('',*,*,#863,.T.);
#1034 = ORIENTED_EDGE('',*,*,#1035,.T.);
#1035 = EDGE_CURVE('',#866,#1036,#1038,.T.);
#1036 = VERTEX_POINT('',#1037);
#1037 = CARTESIAN_POINT('',(-33.61728154514,-15.99515987934,
    39.940582197802));
#1038 = SURFACE_CURVE('',#1039,(#1043,#1050),.PCURVE_S1.);
#1039 = LINE('',#1040,#1041);
#1040 = CARTESIAN_POINT('',(-40.09559941781,-18.8120552,38.849311136827)
  );
#1041 = VECTOR('',#1042,1.);
#1042 = DIRECTION('',(0.906307787037,0.394079792712,0.152667325032));
#1043 = PCURVE('',#886,#1044);
#1044 = DEFINITIONAL_REPRESENTATION('',(#1045),#1049);
#1045 = LINE('',#1046,#1047);
#1046 = CARTESIAN_POINT('',(30.415121352005,8.881784197001E-16));
#1047 = VECTOR('',#1048,1.);
#1048 = DIRECTION('',(2.775557561563E-17,1.));
#1049 = ( GEOMETRIC_REPRESENTATION_CONTEXT(2) 
PARAMETRIC_REPRESENTATION_CONTEXT() REPRESENTATION_CONTEXT('2D SPACE',''
  ) );
#1050 = PCURVE('',#968,#1051);
#1051 = DEFINITIONAL_REPRESENTATION('',(#1052),#1056);
#1052 = LINE('',#1053,#1054);
#1053 = CARTESIAN_POINT('',(0.,0.));
#1054 = VECTOR('',#1055,1.);
#1055 = DIRECTION('',(1.,-2.775557561563E-17));
#1056 = ( GEOMETRIC_REPRESENTATION_CONTEXT(2) 
PARAMETRIC_REPRESENTATION_CONTEXT() REPRESENTATION_CONTEXT('2D SPACE',''
  ) );
#1057 = ORIENTED_EDGE('',*,*,#1058,.T.);
#1058 = EDGE_CURVE('',#1036,#1059,#1061,.T.);
#1059 = VERTEX_POINT('',#1060);
#1060 = CARTESIAN_POINT('',(-33.61728154514,-15.12138937206,
    37.685120524421));
#1061 = SURFACE_CURVE('',#1062,(#1066,#1072),.PCURVE_S1.);
#1062 = LINE('',#1063,#1064);
#1063 = CARTESIAN_POINT('',(-33.61728154514,-10.320934489,
    25.293718075746));
#1064 = VECTOR('',#1065,1.);
#1065 = DIRECTION('',(0.,0.361241666187,-0.932472229404));
#1066 = PCURVE('',#886,#1067);
#1067 = DEFINITIONAL_REPRESENTATION('',(#1068),#1071);
#1068 = B_SPLINE_CURVE_WITH_KNOTS('',1,(#1069,#1070),.UNSPECIFIED.,.F.,
  .F.,(2,2),(-15.707560676,-13.207560676),.PIECEWISE_BEZIER_KNOTS.);
#1069 = CARTESIAN_POINT('',(30.415121352005,7.148032892721));
#1070 = CARTESIAN_POINT('',(27.915121352005,7.148032892721));
#1071 = ( GEOMETRIC_REPRESENTATION_CONTEXT(2) 
PARAMETRIC_REPRESENTATION_CONTEXT() REPRESENTATION_CONTEXT('2D SPACE',''
  ) );
#1072 = PCURVE('',#1073,#1078);
#1073 = PLANE('',#1074);
#1074 = AXIS2_PLACEMENT_3D('',#1075,#1076,#1077);
#1075 = CARTESIAN_POINT('',(-33.61728154514,-15.17995349756,
    39.183976836148));
#1076 = DIRECTION('',(1.,0.,0.));
#1077 = DIRECTION('',(0.,-0.361241666187,0.932472229404));
#1078 = DEFINITIONAL_REPRESENTATION('',(#1079),#1082);
#1079 = B_SPLINE_CURVE_WITH_KNOTS('',1,(#1080,#1081),.UNSPECIFIED.,.F.,
  .F.,(2,2),(-15.707560676,-13.207560676),.PIECEWISE_BEZIER_KNOTS.);
#1080 = CARTESIAN_POINT('',(1.,0.486839930751));
#1081 = CARTESIAN_POINT('',(-1.5,0.486839930751));
#1082 = ( GEOMETRIC_REPRESENTATION_CONTEXT(2) 
PARAMETRIC_REPRESENTATION_CONTEXT() REPRESENTATION_CONTEXT('2D SPACE',''
  ) );
#1083 = ORIENTED_EDGE('',*,*,#1084,.F.);
#1084 = EDGE_CURVE('',#1085,#1059,#1087,.T.);
#1085 = VERTEX_POINT('',#1086);
#1086 = CARTESIAN_POINT('',(-29.3564895637,-13.78124515345,
    39.725839335429));
#1087 = SURFACE_CURVE('',#1088,(#1093,#1100),.PCURVE_S1.);
#1088 = ELLIPSE('',#1089,3.549302374729,1.5);
#1089 = AXIS2_PLACEMENT_3D('',#1090,#1091,#1092);
#1090 = CARTESIAN_POINT('',(-32.57324994447,-15.17995349756,
    39.183976836148));
#1091 = DIRECTION('',(-0.422618261741,0.845106842705,0.327396135068));
#1092 = DIRECTION('',(-0.906307787037,-0.394079792712,-0.152667325032));
#1093 = PCURVE('',#886,#1094);
#1094 = DEFINITIONAL_REPRESENTATION('',(#1095),#1099);
#1095 = ELLIPSE('',#1096,3.549302374729,1.5);
#1096 = AXIS2_PLACEMENT_2D('',#1097,#1098);
#1097 = CARTESIAN_POINT('',(29.415121352005,8.299994307606));
#1098 = DIRECTION('',(0.,-1.));
#1099 = ( GEOMETRIC_REPRESENTATION_CONTEXT(2) 
PARAMETRIC_REPRESENTATION_CONTEXT() REPRESENTATION_CONTEXT('2D SPACE',''
  ) );
#1100 = PCURVE('',#1101,#1106);
#1101 = CYLINDRICAL_SURFACE('',#1102,1.5);
#1102 = AXIS2_PLACEMENT_3D('',#1103,#1104,#1105);
#1103 = CARTESIAN_POINT('',(-33.61728154514,-15.17995349756,
    39.183976836148));
#1104 = DIRECTION('',(-1.,0.,-0.));
#1105 = DIRECTION('',(0.,0.932472229404,0.361241666187));
#1106 = DEFINITIONAL_REPRESENTATION('',(#1107),#1117);
#1107 = B_SPLINE_CURVE_WITH_KNOTS('',8,(#1108,#1109,#1110,#1111,#1112,
    #1113,#1114,#1115,#1116),.UNSPECIFIED.,.F.,.F.,(9,9),(3.14159265359,
    5.042935637106),.PIECEWISE_BEZIER_KNOTS.);
#1108 = CARTESIAN_POINT('',(-6.28318530718,-4.26079198144));
#1109 = CARTESIAN_POINT('',(-6.04551743424,-4.26079198144));
#1110 = CARTESIAN_POINT('',(-5.807849561301,-4.053131704453));
#1111 = CARTESIAN_POINT('',(-5.570181688362,-3.637818875016));
#1112 = CARTESIAN_POINT('',(-5.332513815424,-3.039844771418));
#1113 = CARTESIAN_POINT('',(-5.094845942481,-2.309344507456));
#1114 = CARTESIAN_POINT('',(-4.857178069543,-1.513664959139));
#1115 = CARTESIAN_POINT('',(-4.619510196603,-0.72313272222));
#1116 = CARTESIAN_POINT('',(-4.381842323664,5.999999999062E-07));
#1117 = ( GEOMETRIC_REPRESENTATION_CONTEXT(2) 
PARAMETRIC_REPRESENTATION_CONTEXT() REPRESENTATION_CONTEXT('2D SPACE',''
  ) );
#1118 = ORIENTED_EDGE('',*,*,#1119,.F.);
#1119 = EDGE_CURVE('',#1120,#1085,#1122,.T.);
#1120 = VERTEX_POINT('',#1121);
#1121 = CARTESIAN_POINT('',(-30.17561831823,-14.49865951771,
    40.520329526503));
#1122 = SURFACE_CURVE('',#1123,(#1128,#1135),.PCURVE_S1.);
#1123 = ELLIPSE('',#1124,3.549302374729,1.5);
#1124 = AXIS2_PLACEMENT_3D('',#1125,#1126,#1127);
#1125 = CARTESIAN_POINT('',(-32.57324994447,-15.17995349756,
    39.183976836148));
#1126 = DIRECTION('',(-0.422618261741,0.845106842705,0.327396135068));
#1127 = DIRECTION('',(-0.906307787037,-0.394079792712,-0.152667325032));
#1128 = PCURVE('',#886,#1129);
#1129 = DEFINITIONAL_REPRESENTATION('',(#1130),#1134);
#1130 = ELLIPSE('',#1131,3.549302374729,1.5);
#1131 = AXIS2_PLACEMENT_2D('',#1132,#1133);
#1132 = CARTESIAN_POINT('',(29.415121352005,8.299994307606));
#1133 = DIRECTION('',(0.,-1.));
#1134 = ( GEOMETRIC_REPRESENTATION_CONTEXT(2) 
PARAMETRIC_REPRESENTATION_CONTEXT() REPRESENTATION_CONTEXT('2D SPACE',''
  ) );
#1135 = PCURVE('',#1101,#1136);
#1136 = DEFINITIONAL_REPRESENTATION('',(#1137),#1147);
#1137 = B_SPLINE_CURVE_WITH_KNOTS('',8,(#1138,#1139,#1140,#1141,#1142,
    #1143,#1144,#1145,#1146),.UNSPECIFIED.,.F.,.F.,(9,9),(1.240249670074
    ,3.14159265359),.PIECEWISE_BEZIER_KNOTS.);
#1138 = CARTESIAN_POINT('',(-1.901342983516,5.999999999062E-07));
#1139 = CARTESIAN_POINT('',(-1.663675110576,-0.72313272222));
#1140 = CARTESIAN_POINT('',(-1.426007237636,-1.513664959146));
#1141 = CARTESIAN_POINT('',(-1.188339364694,-2.309344507436));
#1142 = CARTESIAN_POINT('',(-0.950671491758,-3.039844771436));
#1143 = CARTESIAN_POINT('',(-0.713003618815,-3.637818875004));
#1144 = CARTESIAN_POINT('',(-0.475335745878,-4.053131704457));
#1145 = CARTESIAN_POINT('',(-0.237667872939,-4.26079198144));
#1146 = CARTESIAN_POINT('',(-9.473903143468E-15,-4.26079198144));
#1147 = ( GEOMETRIC_REPRESENTATION_CONTEXT(2) 
PARAMETRIC_REPRESENTATION_CONTEXT() REPRESENTATION_CONTEXT('2D SPACE',''
  ) );
#1148 = ORIENTED_EDGE('',*,*,#1149,.T.);
#1149 = EDGE_CURVE('',#1120,#986,#1150,.T.);
#1150 = SURFACE_CURVE('',#1151,(#1155,#1162),.PCURVE_S1.);
#1151 = LINE('',#1152,#1153);
#1152 = CARTESIAN_POINT('',(-40.09559941781,-18.8120552,38.849311136827)
  );
#1153 = VECTOR('',#1154,1.);
#1154 = DIRECTION('',(0.906307787037,0.394079792712,0.152667325032));
#1155 = PCURVE('',#886,#1156);
#1156 = DEFINITIONAL_REPRESENTATION('',(#1157),#1161);
#1157 = LINE('',#1158,#1159);
#1158 = CARTESIAN_POINT('',(30.415121352005,8.881784197001E-16));
#1159 = VECTOR('',#1160,1.);
#1160 = DIRECTION('',(2.775557561563E-17,1.));
#1161 = ( GEOMETRIC_REPRESENTATION_CONTEXT(2) 
PARAMETRIC_REPRESENTATION_CONTEXT() REPRESENTATION_CONTEXT('2D SPACE',''
  ) );
#1162 = PCURVE('',#1163,#1168);
#1163 = PLANE('',#1164);
#1164 = AXIS2_PLACEMENT_3D('',#1165,#1166,#1167);
#1165 = CARTESIAN_POINT('',(-40.09559941781,-18.8120552,38.849311136827)
  );
#1166 = DIRECTION('',(0.,-0.361241666187,0.932472229404));
#1167 = DIRECTION('',(0.906307787037,0.394079792712,0.152667325032));
#1168 = DEFINITIONAL_REPRESENTATION('',(#1169),#1173);
#1169 = LINE('',#1170,#1171);
#1170 = CARTESIAN_POINT('',(0.,0.));
#1171 = VECTOR('',#1172,1.);
#1172 = DIRECTION('',(1.,-2.775557561563E-17));
#1173 = ( GEOMETRIC_REPRESENTATION_CONTEXT(2) 
PARAMETRIC_REPRESENTATION_CONTEXT() REPRESENTATION_CONTEXT('2D SPACE',''
  ) );
#1174 = ADVANCED_FACE('',(#1175),#968,.T.);
#1175 = FACE_BOUND('',#1176,.T.);
#1176 = EDGE_LOOP('',(#1177,#1200,#1201,#1202));
#1177 = ORIENTED_EDGE('',*,*,#1178,.F.);
#1178 = EDGE_CURVE('',#927,#1179,#1181,.T.);
#1179 = VERTEX_POINT('',#1180);
#1180 = CARTESIAN_POINT('',(-33.61728154514,-15.08723044816,
    40.292315933304));
#1181 = SURFACE_CURVE('',#1182,(#1186,#1193),.PCURVE_S1.);
#1182 = LINE('',#1183,#1184);
#1183 = CARTESIAN_POINT('',(-40.46854044145,-18.06628759,39.138223048123
    ));
#1184 = VECTOR('',#1185,1.);
#1185 = DIRECTION('',(0.906307787037,0.394079792712,0.152667325032));
#1186 = PCURVE('',#968,#1187);
#1187 = DEFINITIONAL_REPRESENTATION('',(#1188),#1192);
#1188 = LINE('',#1189,#1190);
#1189 = CARTESIAN_POINT('',(-1.353084311262E-15,0.88245364056));
#1190 = VECTOR('',#1191,1.);
#1191 = DIRECTION('',(1.,-2.775557561563E-17));
#1192 = ( GEOMETRIC_REPRESENTATION_CONTEXT(2) 
PARAMETRIC_REPRESENTATION_CONTEXT() REPRESENTATION_CONTEXT('2D SPACE',''
  ) );
#1193 = PCURVE('',#942,#1194);
#1194 = DEFINITIONAL_REPRESENTATION('',(#1195),#1199);
#1195 = LINE('',#1196,#1197);
#1196 = CARTESIAN_POINT('',(30.415121352005,8.881784197001E-16));
#1197 = VECTOR('',#1198,1.);
#1198 = DIRECTION('',(2.775557561563E-17,1.));
#1199 = ( GEOMETRIC_REPRESENTATION_CONTEXT(2) 
PARAMETRIC_REPRESENTATION_CONTEXT() REPRESENTATION_CONTEXT('2D SPACE',''
  ) );
#1200 = ORIENTED_EDGE('',*,*,#954,.F.);
#1201 = ORIENTED_EDGE('',*,*,#1035,.T.);
#1202 = ORIENTED_EDGE('',*,*,#1203,.T.);
#1203 = EDGE_CURVE('',#1036,#1179,#1204,.T.);
#1204 = SURFACE_CURVE('',#1205,(#1209,#1215),.PCURVE_S1.);
#1205 = LINE('',#1206,#1207);
#1206 = CARTESIAN_POINT('',(-33.61728154514,-17.17662518188,
    39.48288010119));
#1207 = VECTOR('',#1208,1.);
#1208 = DIRECTION('',(-0.,0.932472229404,0.361241666187));
#1209 = PCURVE('',#968,#1210);
#1210 = DEFINITIONAL_REPRESENTATION('',(#1211),#1214);
#1211 = B_SPLINE_CURVE_WITH_KNOTS('',1,(#1212,#1213),.UNSPECIFIED.,.F.,
  .F.,(2,2),(1.267024652618,2.24070451412),.PIECEWISE_BEZIER_KNOTS.);
#1212 = CARTESIAN_POINT('',(7.148032892721,-2.22044604925E-16));
#1213 = CARTESIAN_POINT('',(7.559527783281,0.88245364056));
#1214 = ( GEOMETRIC_REPRESENTATION_CONTEXT(2) 
PARAMETRIC_REPRESENTATION_CONTEXT() REPRESENTATION_CONTEXT('2D SPACE',''
  ) );
#1215 = PCURVE('',#1073,#1216);
#1216 = DEFINITIONAL_REPRESENTATION('',(#1217),#1220);
#1217 = B_SPLINE_CURVE_WITH_KNOTS('',1,(#1218,#1219),.UNSPECIFIED.,.F.,
  .F.,(2,2),(1.267024652618,2.24070451412),.PIECEWISE_BEZIER_KNOTS.);
#1218 = CARTESIAN_POINT('',(1.,0.486839930751));
#1219 = CARTESIAN_POINT('',(1.,-0.486839930751));
#1220 = ( GEOMETRIC_REPRESENTATION_CONTEXT(2) 
PARAMETRIC_REPRESENTATION_CONTEXT() REPRESENTATION_CONTEXT('2D SPACE',''
  ) );
#1221 = ADVANCED_FACE('',(#1222),#942,.T.);
#1222 = FACE_BOUND('',#1223,.T.);
#1223 = EDGE_LOOP('',(#1224,#1249,#1270,#1271,#1272,#1293,#1327,#1356));
#1224 = ORIENTED_EDGE('',*,*,#1225,.F.);
#1225 = EDGE_CURVE('',#1226,#1228,#1230,.T.);
#1226 = VERTEX_POINT('',#1227);
#1227 = CARTESIAN_POINT('',(-27.13896367248,-1.283126013014,
    13.02233097957));
#1228 = VERTEX_POINT('',#1229);
#1229 = CARTESIAN_POINT('',(-27.13896367248,-12.27033512749,
    41.383586994279));
#1230 = SURFACE_CURVE('',#1231,(#1235,#1242),.PCURVE_S1.);
#1231 = LINE('',#1232,#1233);
#1232 = CARTESIAN_POINT('',(-27.13896367248,-1.283126013014,
    13.02233097957));
#1233 = VECTOR('',#1234,1.);
#1234 = DIRECTION('',(0.,-0.361241666187,0.932472229404));
#1235 = PCURVE('',#942,#1236);
#1236 = DEFINITIONAL_REPRESENTATION('',(#1237),#1241);
#1237 = LINE('',#1238,#1239);
#1238 = CARTESIAN_POINT('',(-4.440892098501E-16,14.707560676003));
#1239 = VECTOR('',#1240,1.);
#1240 = DIRECTION('',(1.,0.));
#1241 = ( GEOMETRIC_REPRESENTATION_CONTEXT(2) 
PARAMETRIC_REPRESENTATION_CONTEXT() REPRESENTATION_CONTEXT('2D SPACE',''
  ) );
#1242 = PCURVE('',#1001,#1243);
#1243 = DEFINITIONAL_REPRESENTATION('',(#1244),#1248);
#1244 = LINE('',#1245,#1246);
#1245 = CARTESIAN_POINT('',(1.665334536938E-16,-0.88245364056));
#1246 = VECTOR('',#1247,1.);
#1247 = DIRECTION('',(1.,5.551115123126E-17));
#1248 = ( GEOMETRIC_REPRESENTATION_CONTEXT(2) 
PARAMETRIC_REPRESENTATION_CONTEXT() REPRESENTATION_CONTEXT('2D SPACE',''
  ) );
#1249 = ORIENTED_EDGE('',*,*,#1250,.F.);
#1250 = EDGE_CURVE('',#899,#1226,#1251,.T.);
#1251 = SURFACE_CURVE('',#1252,(#1256,#1263),.PCURVE_S1.);
#1252 = LINE('',#1253,#1254);
#1253 = CARTESIAN_POINT('',(-40.46854044145,-7.079078475518,
    10.776967033414));
#1254 = VECTOR('',#1255,1.);
#1255 = DIRECTION('',(0.906307787037,0.394079792712,0.152667325032));
#1256 = PCURVE('',#942,#1257);
#1257 = DEFINITIONAL_REPRESENTATION('',(#1258),#1262);
#1258 = LINE('',#1259,#1260);
#1259 = CARTESIAN_POINT('',(0.,0.));
#1260 = VECTOR('',#1261,1.);
#1261 = DIRECTION('',(2.775557561563E-17,1.));
#1262 = ( GEOMETRIC_REPRESENTATION_CONTEXT(2) 
PARAMETRIC_REPRESENTATION_CONTEXT() REPRESENTATION_CONTEXT('2D SPACE',''
  ) );
#1263 = PCURVE('',#914,#1264);
#1264 = DEFINITIONAL_REPRESENTATION('',(#1265),#1269);
#1265 = LINE('',#1266,#1267);
#1266 = CARTESIAN_POINT('',(-2.407796184656E-15,0.88245364056));
#1267 = VECTOR('',#1268,1.);
#1268 = DIRECTION('',(1.,-2.775557561563E-17));
#1269 = ( GEOMETRIC_REPRESENTATION_CONTEXT(2) 
PARAMETRIC_REPRESENTATION_CONTEXT() REPRESENTATION_CONTEXT('2D SPACE',''
  ) );
#1270 = ORIENTED_EDGE('',*,*,#926,.T.);
#1271 = ORIENTED_EDGE('',*,*,#1178,.T.);
#1272 = ORIENTED_EDGE('',*,*,#1273,.T.);
#1273 = EDGE_CURVE('',#1179,#1274,#1276,.T.);
#1274 = VERTEX_POINT('',#1275);
#1275 = CARTESIAN_POINT('',(-33.61728154514,-14.21345994088,
    38.036854259923));
#1276 = SURFACE_CURVE('',#1277,(#1281,#1287),.PCURVE_S1.);
#1277 = LINE('',#1278,#1279);
#1278 = CARTESIAN_POINT('',(-33.61728154514,-9.413005057827,
    25.645451811247));
#1279 = VECTOR('',#1280,1.);
#1280 = DIRECTION('',(0.,0.361241666187,-0.932472229404));
#1281 = PCURVE('',#942,#1282);
#1282 = DEFINITIONAL_REPRESENTATION('',(#1283),#1286);
#1283 = B_SPLINE_CURVE_WITH_KNOTS('',1,(#1284,#1285),.UNSPECIFIED.,.F.,
  .F.,(2,2),(-15.707560676,-13.207560676),.PIECEWISE_BEZIER_KNOTS.);
#1284 = CARTESIAN_POINT('',(30.415121352005,7.559527783281));
#1285 = CARTESIAN_POINT('',(27.915121352005,7.559527783281));
#1286 = ( GEOMETRIC_REPRESENTATION_CONTEXT(2) 
PARAMETRIC_REPRESENTATION_CONTEXT() REPRESENTATION_CONTEXT('2D SPACE',''
  ) );
#1287 = PCURVE('',#1073,#1288);
#1288 = DEFINITIONAL_REPRESENTATION('',(#1289),#1292);
#1289 = B_SPLINE_CURVE_WITH_KNOTS('',1,(#1290,#1291),.UNSPECIFIED.,.F.,
  .F.,(2,2),(-15.707560676,-13.207560676),.PIECEWISE_BEZIER_KNOTS.);
#1290 = CARTESIAN_POINT('',(1.,-0.486839930751));
#1291 = CARTESIAN_POINT('',(-1.5,-0.486839930751));
#1292 = ( GEOMETRIC_REPRESENTATION_CONTEXT(2) 
PARAMETRIC_REPRESENTATION_CONTEXT() REPRESENTATION_CONTEXT('2D SPACE',''
  ) );
#1293 = ORIENTED_EDGE('',*,*,#1294,.F.);
#1294 = EDGE_CURVE('',#1295,#1274,#1297,.T.);
#1295 = VERTEX_POINT('',#1296);
#1296 = CARTESIAN_POINT('',(-31.44455276506,-13.78124515345,
    39.725839335429));
#1297 = SURFACE_CURVE('',#1298,(#1303,#1310),.PCURVE_S1.);
#1298 = ELLIPSE('',#1299,3.549302374729,1.5);
#1299 = AXIS2_PLACEMENT_3D('',#1300,#1301,#1302);
#1300 = CARTESIAN_POINT('',(-34.66131314582,-15.17995349756,
    39.183976836148));
#1301 = DIRECTION('',(-0.422618261741,0.845106842705,0.327396135068));
#1302 = DIRECTION('',(-0.906307787037,-0.394079792712,-0.152667325032));
#1303 = PCURVE('',#942,#1304);
#1304 = DEFINITIONAL_REPRESENTATION('',(#1305),#1309);
#1305 = ELLIPSE('',#1306,3.549302374729,1.5);
#1306 = AXIS2_PLACEMENT_2D('',#1307,#1308);
#1307 = CARTESIAN_POINT('',(29.415121352005,6.407566368396));
#1308 = DIRECTION('',(0.,-1.));
#1309 = ( GEOMETRIC_REPRESENTATION_CONTEXT(2) 
PARAMETRIC_REPRESENTATION_CONTEXT() REPRESENTATION_CONTEXT('2D SPACE',''
  ) );
#1310 = PCURVE('',#1311,#1316);
#1311 = CYLINDRICAL_SURFACE('',#1312,1.5);
#1312 = AXIS2_PLACEMENT_3D('',#1313,#1314,#1315);
#1313 = CARTESIAN_POINT('',(-33.61728154514,-15.17995349756,
    39.183976836148));
#1314 = DIRECTION('',(-1.,0.,-0.));
#1315 = DIRECTION('',(0.,0.932472229404,0.361241666187));
#1316 = DEFINITIONAL_REPRESENTATION('',(#1317),#1326);
#1317 = B_SPLINE_CURVE_WITH_KNOTS('',7,(#1318,#1319,#1320,#1321,#1322,
    #1323,#1324,#1325),.UNSPECIFIED.,.F.,.F.,(8,8),(3.14159265359,
    4.38184271806),.PIECEWISE_BEZIER_KNOTS.);
#1318 = CARTESIAN_POINT('',(-6.28318530718,-2.172728780088));
#1319 = CARTESIAN_POINT('',(-6.106006726541,-2.172728780088));
#1320 = CARTESIAN_POINT('',(-5.928828145902,-2.054916646473));
#1321 = CARTESIAN_POINT('',(-5.751649565263,-1.819297034843));
#1322 = CARTESIAN_POINT('',(-5.574470984625,-1.474912375583));
#1323 = CARTESIAN_POINT('',(-5.397292403986,-1.039936753646));
#1324 = CARTESIAN_POINT('',(-5.220113823348,-0.539086788624));
#1325 = CARTESIAN_POINT('',(-5.042935242709,5.999999999062E-07));
#1326 = ( GEOMETRIC_REPRESENTATION_CONTEXT(2) 
PARAMETRIC_REPRESENTATION_CONTEXT() REPRESENTATION_CONTEXT('2D SPACE',''
  ) );
#1327 = ORIENTED_EDGE('',*,*,#1328,.F.);
#1328 = EDGE_CURVE('',#1329,#1295,#1331,.T.);
#1329 = VERTEX_POINT('',#1330);
#1330 = CARTESIAN_POINT('',(-32.26368151958,-14.49865951771,
    40.520329526503));
#1331 = SURFACE_CURVE('',#1332,(#1337,#1344),.PCURVE_S1.);
#1332 = ELLIPSE('',#1333,3.549302374729,1.5);
#1333 = AXIS2_PLACEMENT_3D('',#1334,#1335,#1336);
#1334 = CARTESIAN_POINT('',(-34.66131314582,-15.17995349756,
    39.183976836148));
#1335 = DIRECTION('',(-0.422618261741,0.845106842705,0.327396135068));
#1336 = DIRECTION('',(-0.906307787037,-0.394079792712,-0.152667325032));
#1337 = PCURVE('',#942,#1338);
#1338 = DEFINITIONAL_REPRESENTATION('',(#1339),#1343);
#1339 = ELLIPSE('',#1340,3.549302374729,1.5);
#1340 = AXIS2_PLACEMENT_2D('',#1341,#1342);
#1341 = CARTESIAN_POINT('',(29.415121352005,6.407566368396));
#1342 = DIRECTION('',(0.,-1.));
#1343 = ( GEOMETRIC_REPRESENTATION_CONTEXT(2) 
PARAMETRIC_REPRESENTATION_CONTEXT() REPRESENTATION_CONTEXT('2D SPACE',''
  ) );
#1344 = PCURVE('',#1101,#1345);
#1345 = DEFINITIONAL_REPRESENTATION('',(#1346),#1355);
#1346 = B_SPLINE_CURVE_WITH_KNOTS('',7,(#1347,#1348,#1349,#1350,#1351,
    #1352,#1353,#1354),.UNSPECIFIED.,.F.,.F.,(8,8),(1.901342589119,
    3.14159265359),.PIECEWISE_BEZIER_KNOTS.);
#1347 = CARTESIAN_POINT('',(-1.240250064471,5.999999999062E-07));
#1348 = CARTESIAN_POINT('',(-1.063071483832,-0.539086788624));
#1349 = CARTESIAN_POINT('',(-0.885892903193,-1.039936753646));
#1350 = CARTESIAN_POINT('',(-0.708714322554,-1.474912375582));
#1351 = CARTESIAN_POINT('',(-0.531535741916,-1.819297034844));
#1352 = CARTESIAN_POINT('',(-0.354357161277,-2.054916646473));
#1353 = CARTESIAN_POINT('',(-0.177178580639,-2.172728780088));
#1354 = CARTESIAN_POINT('',(-9.473903143468E-15,-2.172728780088));
#1355 = ( GEOMETRIC_REPRESENTATION_CONTEXT(2) 
PARAMETRIC_REPRESENTATION_CONTEXT() REPRESENTATION_CONTEXT('2D SPACE',''
  ) );
#1356 = ORIENTED_EDGE('',*,*,#1357,.T.);
#1357 = EDGE_CURVE('',#1329,#1228,#1358,.T.);
#1358 = SURFACE_CURVE('',#1359,(#1363,#1370),.PCURVE_S1.);
#1359 = LINE('',#1360,#1361);
#1360 = CARTESIAN_POINT('',(-40.46854044145,-18.06628759,39.138223048123
    ));
#1361 = VECTOR('',#1362,1.);
#1362 = DIRECTION('',(0.906307787037,0.394079792712,0.152667325032));
#1363 = PCURVE('',#942,#1364);
#1364 = DEFINITIONAL_REPRESENTATION('',(#1365),#1369);
#1365 = LINE('',#1366,#1367);
#1366 = CARTESIAN_POINT('',(30.415121352005,8.881784197001E-16));
#1367 = VECTOR('',#1368,1.);
#1368 = DIRECTION('',(2.775557561563E-17,1.));
#1369 = ( GEOMETRIC_REPRESENTATION_CONTEXT(2) 
PARAMETRIC_REPRESENTATION_CONTEXT() REPRESENTATION_CONTEXT('2D SPACE',''
  ) );
#1370 = PCURVE('',#1163,#1371);
#1371 = DEFINITIONAL_REPRESENTATION('',(#1372),#1376);
#1372 = LINE('',#1373,#1374);
#1373 = CARTESIAN_POINT('',(-1.353084311262E-15,0.88245364056));
#1374 = VECTOR('',#1375,1.);
#1375 = DIRECTION('',(1.,-2.775557561563E-17));
#1376 = ( GEOMETRIC_REPRESENTATION_CONTEXT(2) 
PARAMETRIC_REPRESENTATION_CONTEXT() REPRESENTATION_CONTEXT('2D SPACE',''
  ) );
#1377 = ADVANCED_FACE('',(#1378),#914,.F.);
#1378 = FACE_BOUND('',#1379,.F.);
#1379 = EDGE_LOOP('',(#1380,#1381,#1382,#1403));
#1380 = ORIENTED_EDGE('',*,*,#898,.F.);
#1381 = ORIENTED_EDGE('',*,*,#1013,.T.);
#1382 = ORIENTED_EDGE('',*,*,#1383,.T.);
#1383 = EDGE_CURVE('',#984,#1226,#1384,.T.);
#1384 = SURFACE_CURVE('',#1385,(#1389,#1396),.PCURVE_S1.);
#1385 = LINE('',#1386,#1387);
#1386 = CARTESIAN_POINT('',(-26.76602264884,-2.028893623021,
    12.733419068275));
#1387 = VECTOR('',#1388,1.);
#1388 = DIRECTION('',(-0.422618261741,0.845106842705,0.327396135068));
#1389 = PCURVE('',#914,#1390);
#1390 = DEFINITIONAL_REPRESENTATION('',(#1391),#1395);
#1391 = LINE('',#1392,#1393);
#1392 = CARTESIAN_POINT('',(14.707560676003,-6.661338147751E-16));
#1393 = VECTOR('',#1394,1.);
#1394 = DIRECTION('',(-1.387778780781E-17,1.));
#1395 = ( GEOMETRIC_REPRESENTATION_CONTEXT(2) 
PARAMETRIC_REPRESENTATION_CONTEXT() REPRESENTATION_CONTEXT('2D SPACE',''
  ) );
#1396 = PCURVE('',#1001,#1397);
#1397 = DEFINITIONAL_REPRESENTATION('',(#1398),#1402);
#1398 = LINE('',#1399,#1400);
#1399 = CARTESIAN_POINT('',(0.,0.));
#1400 = VECTOR('',#1401,1.);
#1401 = DIRECTION('',(-5.551115123126E-17,-1.));
#1402 = ( GEOMETRIC_REPRESENTATION_CONTEXT(2) 
PARAMETRIC_REPRESENTATION_CONTEXT() REPRESENTATION_CONTEXT('2D SPACE',''
  ) );
#1403 = ORIENTED_EDGE('',*,*,#1250,.F.);
#1404 = ADVANCED_FACE('',(#1405),#1001,.T.);
#1405 = FACE_BOUND('',#1406,.T.);
#1406 = EDGE_LOOP('',(#1407,#1408,#1409,#1410));
#1407 = ORIENTED_EDGE('',*,*,#983,.F.);
#1408 = ORIENTED_EDGE('',*,*,#1383,.T.);
#1409 = ORIENTED_EDGE('',*,*,#1225,.T.);
#1410 = ORIENTED_EDGE('',*,*,#1411,.F.);
#1411 = EDGE_CURVE('',#986,#1228,#1412,.T.);
#1412 = SURFACE_CURVE('',#1413,(#1417,#1424),.PCURVE_S1.);
#1413 = LINE('',#1414,#1415);
#1414 = CARTESIAN_POINT('',(-26.76602264884,-13.0161027375,
    41.094675082983));
#1415 = VECTOR('',#1416,1.);
#1416 = DIRECTION('',(-0.422618261741,0.845106842705,0.327396135068));
#1417 = PCURVE('',#1001,#1418);
#1418 = DEFINITIONAL_REPRESENTATION('',(#1419),#1423);
#1419 = LINE('',#1420,#1421);
#1420 = CARTESIAN_POINT('',(30.415121352005,3.552713678801E-15));
#1421 = VECTOR('',#1422,1.);
#1422 = DIRECTION('',(-5.551115123126E-17,-1.));
#1423 = ( GEOMETRIC_REPRESENTATION_CONTEXT(2) 
PARAMETRIC_REPRESENTATION_CONTEXT() REPRESENTATION_CONTEXT('2D SPACE',''
  ) );
#1424 = PCURVE('',#1163,#1425);
#1425 = DEFINITIONAL_REPRESENTATION('',(#1426),#1430);
#1426 = LINE('',#1427,#1428);
#1427 = CARTESIAN_POINT('',(14.707560676003,3.219646771413E-15));
#1428 = VECTOR('',#1429,1.);
#1429 = DIRECTION('',(-1.387778780781E-17,1.));
#1430 = ( GEOMETRIC_REPRESENTATION_CONTEXT(2) 
PARAMETRIC_REPRESENTATION_CONTEXT() REPRESENTATION_CONTEXT('2D SPACE',''
  ) );
#1431 = ADVANCED_FACE('',(#1432),#1163,.T.);
#1432 = FACE_BOUND('',#1433,.T.);
#1433 = EDGE_LOOP('',(#1434,#1435,#1454,#1455));
#1434 = ORIENTED_EDGE('',*,*,#1357,.F.);
#1435 = ORIENTED_EDGE('',*,*,#1436,.F.);
#1436 = EDGE_CURVE('',#1120,#1329,#1437,.T.);
#1437 = SURFACE_CURVE('',#1438,(#1442,#1448),.PCURVE_S1.);
#1438 = LINE('',#1439,#1440);
#1439 = CARTESIAN_POINT('',(-33.61728154514,-14.49865951771,
    40.520329526503));
#1440 = VECTOR('',#1441,1.);
#1441 = DIRECTION('',(-1.,0.,-0.));
#1442 = PCURVE('',#1163,#1443);
#1443 = DEFINITIONAL_REPRESENTATION('',(#1444),#1447);
#1444 = B_SPLINE_CURVE_WITH_KNOTS('',1,(#1445,#1446),.UNSPECIFIED.,.F.,
  .F.,(2,2),(-3.650469547051,-1.144793705428),.PIECEWISE_BEZIER_KNOTS.);
#1445 = CARTESIAN_POINT('',(11.134730895726,-8.824536405617E-02));
#1446 = CARTESIAN_POINT('',(8.863817368674,0.970699004616));
#1447 = ( GEOMETRIC_REPRESENTATION_CONTEXT(2) 
PARAMETRIC_REPRESENTATION_CONTEXT() REPRESENTATION_CONTEXT('2D SPACE',''
  ) );
#1448 = PCURVE('',#1101,#1449);
#1449 = DEFINITIONAL_REPRESENTATION('',(#1450),#1453);
#1450 = B_SPLINE_CURVE_WITH_KNOTS('',1,(#1451,#1452),.UNSPECIFIED.,.F.,
  .F.,(2,2),(-3.650469547051,-1.144793705428),.PIECEWISE_BEZIER_KNOTS.);
#1451 = CARTESIAN_POINT('',(-0.729727656227,-3.650469547051));
#1452 = CARTESIAN_POINT('',(-0.729727656227,-1.144793705428));
#1453 = ( GEOMETRIC_REPRESENTATION_CONTEXT(2) 
PARAMETRIC_REPRESENTATION_CONTEXT() REPRESENTATION_CONTEXT('2D SPACE',''
  ) );
#1454 = ORIENTED_EDGE('',*,*,#1149,.T.);
#1455 = ORIENTED_EDGE('',*,*,#1411,.T.);
#1456 = ADVANCED_FACE('',(#1457),#1101,.T.);
#1457 = FACE_BOUND('',#1458,.F.);
#1458 = EDGE_LOOP('',(#1459,#1483,#1504,#1505,#1506,#1507,#1530,#1557,
    #1558));
#1459 = ORIENTED_EDGE('',*,*,#1460,.F.);
#1460 = EDGE_CURVE('',#1461,#1059,#1463,.T.);
#1461 = VERTEX_POINT('',#1462);
#1462 = CARTESIAN_POINT('',(-33.61728154514,-13.78124515345,
    39.725839335429));
#1463 = SURFACE_CURVE('',#1464,(#1469,#1476),.PCURVE_S1.);
#1464 = CIRCLE('',#1465,1.5);
#1465 = AXIS2_PLACEMENT_3D('',#1466,#1467,#1468);
#1466 = CARTESIAN_POINT('',(-33.61728154514,-15.17995349756,
    39.183976836148));
#1467 = DIRECTION('',(1.,0.,-0.));
#1468 = DIRECTION('',(0.,0.932472229404,0.361241666187));
#1469 = PCURVE('',#1101,#1470);
#1470 = DEFINITIONAL_REPRESENTATION('',(#1471),#1475);
#1471 = LINE('',#1472,#1473);
#1472 = CARTESIAN_POINT('',(-0.,0.));
#1473 = VECTOR('',#1474,1.);
#1474 = DIRECTION('',(-1.,0.));
#1475 = ( GEOMETRIC_REPRESENTATION_CONTEXT(2) 
PARAMETRIC_REPRESENTATION_CONTEXT() REPRESENTATION_CONTEXT('2D SPACE',''
  ) );
#1476 = PCURVE('',#1073,#1477);
#1477 = DEFINITIONAL_REPRESENTATION('',(#1478),#1482);
#1478 = CIRCLE('',#1479,1.5);
#1479 = AXIS2_PLACEMENT_2D('',#1480,#1481);
#1480 = CARTESIAN_POINT('',(0.,0.));
#1481 = DIRECTION('',(0.,-1.));
#1482 = ( GEOMETRIC_REPRESENTATION_CONTEXT(2) 
PARAMETRIC_REPRESENTATION_CONTEXT() REPRESENTATION_CONTEXT('2D SPACE',''
  ) );
#1483 = ORIENTED_EDGE('',*,*,#1484,.T.);
#1484 = EDGE_CURVE('',#1461,#1295,#1485,.T.);
#1485 = SURFACE_CURVE('',#1486,(#1490,#1497),.PCURVE_S1.);
#1486 = LINE('',#1487,#1488);
#1487 = CARTESIAN_POINT('',(-33.61728154514,-13.78124515345,
    39.725839335429));
#1488 = VECTOR('',#1489,1.);
#1489 = DIRECTION('',(1.,0.,0.));
#1490 = PCURVE('',#1101,#1491);
#1491 = DEFINITIONAL_REPRESENTATION('',(#1492),#1496);
#1492 = LINE('',#1493,#1494);
#1493 = CARTESIAN_POINT('',(-0.,0.));
#1494 = VECTOR('',#1495,1.);
#1495 = DIRECTION('',(-0.,-1.));
#1496 = ( GEOMETRIC_REPRESENTATION_CONTEXT(2) 
PARAMETRIC_REPRESENTATION_CONTEXT() REPRESENTATION_CONTEXT('2D SPACE',''
  ) );
#1497 = PCURVE('',#1311,#1498);
#1498 = DEFINITIONAL_REPRESENTATION('',(#1499),#1503);
#1499 = LINE('',#1500,#1501);
#1500 = CARTESIAN_POINT('',(-6.28318530718,0.));
#1501 = VECTOR('',#1502,1.);
#1502 = DIRECTION('',(-0.,-1.));
#1503 = ( GEOMETRIC_REPRESENTATION_CONTEXT(2) 
PARAMETRIC_REPRESENTATION_CONTEXT() REPRESENTATION_CONTEXT('2D SPACE',''
  ) );
#1504 = ORIENTED_EDGE('',*,*,#1328,.F.);
#1505 = ORIENTED_EDGE('',*,*,#1436,.F.);
#1506 = ORIENTED_EDGE('',*,*,#1119,.T.);
#1507 = ORIENTED_EDGE('',*,*,#1508,.T.);
#1508 = EDGE_CURVE('',#1085,#1509,#1511,.T.);
#1509 = VERTEX_POINT('',#1510);
#1510 = CARTESIAN_POINT('',(-23.61728154514,-13.78124515345,
    39.725839335429));
#1511 = SEAM_CURVE('',#1512,(#1516,#1523),.PCURVE_S1.);
#1512 = LINE('',#1513,#1514);
#1513 = CARTESIAN_POINT('',(-33.61728154514,-13.78124515345,
    39.725839335429));
#1514 = VECTOR('',#1515,1.);
#1515 = DIRECTION('',(1.,0.,0.));
#1516 = PCURVE('',#1101,#1517);
#1517 = DEFINITIONAL_REPRESENTATION('',(#1518),#1522);
#1518 = LINE('',#1519,#1520);
#1519 = CARTESIAN_POINT('',(-0.,0.));
#1520 = VECTOR('',#1521,1.);
#1521 = DIRECTION('',(-0.,-1.));
#1522 = ( GEOMETRIC_REPRESENTATION_CONTEXT(2) 
PARAMETRIC_REPRESENTATION_CONTEXT() REPRESENTATION_CONTEXT('2D SPACE',''
  ) );
#1523 = PCURVE('',#1101,#1524);
#1524 = DEFINITIONAL_REPRESENTATION('',(#1525),#1529);
#1525 = LINE('',#1526,#1527);
#1526 = CARTESIAN_POINT('',(-6.28318530718,0.));
#1527 = VECTOR('',#1528,1.);
#1528 = DIRECTION('',(-0.,-1.));
#1529 = ( GEOMETRIC_REPRESENTATION_CONTEXT(2) 
PARAMETRIC_REPRESENTATION_CONTEXT() REPRESENTATION_CONTEXT('2D SPACE',''
  ) );
#1530 = ORIENTED_EDGE('',*,*,#1531,.T.);
#1531 = EDGE_CURVE('',#1509,#1509,#1532,.T.);
#1532 = SURFACE_CURVE('',#1533,(#1538,#1545),.PCURVE_S1.);
#1533 = CIRCLE('',#1534,1.5);
#1534 = AXIS2_PLACEMENT_3D('',#1535,#1536,#1537);
#1535 = CARTESIAN_POINT('',(-23.61728154514,-15.17995349756,
    39.183976836148));
#1536 = DIRECTION('',(1.,0.,-0.));
#1537 = DIRECTION('',(0.,0.932472229404,0.361241666187));
#1538 = PCURVE('',#1101,#1539);
#1539 = DEFINITIONAL_REPRESENTATION('',(#1540),#1544);
#1540 = LINE('',#1541,#1542);
#1541 = CARTESIAN_POINT('',(-0.,-10.));
#1542 = VECTOR('',#1543,1.);
#1543 = DIRECTION('',(-1.,0.));
#1544 = ( GEOMETRIC_REPRESENTATION_CONTEXT(2) 
PARAMETRIC_REPRESENTATION_CONTEXT() REPRESENTATION_CONTEXT('2D SPACE',''
  ) );
#1545 = PCURVE('',#1546,#1551);
#1546 = PLANE('',#1547);
#1547 = AXIS2_PLACEMENT_3D('',#1548,#1549,#1550);
#1548 = CARTESIAN_POINT('',(-23.61728154514,-15.17995349756,
    39.183976836148));
#1549 = DIRECTION('',(1.,0.,0.));
#1550 = DIRECTION('',(0.,-0.361241666187,0.932472229404));
#1551 = DEFINITIONAL_REPRESENTATION('',(#1552),#1556);
#1552 = CIRCLE('',#1553,1.5);
#1553 = AXIS2_PLACEMENT_2D('',#1554,#1555);
#1554 = CARTESIAN_POINT('',(0.,0.));
#1555 = DIRECTION('',(0.,-1.));
#1556 = ( GEOMETRIC_REPRESENTATION_CONTEXT(2) 
PARAMETRIC_REPRESENTATION_CONTEXT() REPRESENTATION_CONTEXT('2D SPACE',''
  ) );
#1557 = ORIENTED_EDGE('',*,*,#1508,.F.);
#1558 = ORIENTED_EDGE('',*,*,#1084,.T.);
#1559 = ADVANCED_FACE('',(#1560),#1073,.F.);
#1560 = FACE_BOUND('',#1561,.F.);
#1561 = EDGE_LOOP('',(#1562,#1584,#1585,#1586,#1587));
#1562 = ORIENTED_EDGE('',*,*,#1563,.T.);
#1563 = EDGE_CURVE('',#1274,#1461,#1564,.T.);
#1564 = SURFACE_CURVE('',#1565,(#1570,#1577),.PCURVE_S1.);
#1565 = CIRCLE('',#1566,1.5);
#1566 = AXIS2_PLACEMENT_3D('',#1567,#1568,#1569);
#1567 = CARTESIAN_POINT('',(-33.61728154514,-15.17995349756,
    39.183976836148));
#1568 = DIRECTION('',(1.,0.,-0.));
#1569 = DIRECTION('',(0.,0.932472229404,0.361241666187));
#1570 = PCURVE('',#1073,#1571);
#1571 = DEFINITIONAL_REPRESENTATION('',(#1572),#1576);
#1572 = CIRCLE('',#1573,1.5);
#1573 = AXIS2_PLACEMENT_2D('',#1574,#1575);
#1574 = CARTESIAN_POINT('',(0.,0.));
#1575 = DIRECTION('',(0.,-1.));
#1576 = ( GEOMETRIC_REPRESENTATION_CONTEXT(2) 
PARAMETRIC_REPRESENTATION_CONTEXT() REPRESENTATION_CONTEXT('2D SPACE',''
  ) );
#1577 = PCURVE('',#1311,#1578);
#1578 = DEFINITIONAL_REPRESENTATION('',(#1579),#1583);
#1579 = LINE('',#1580,#1581);
#1580 = CARTESIAN_POINT('',(-0.,0.));
#1581 = VECTOR('',#1582,1.);
#1582 = DIRECTION('',(-1.,0.));
#1583 = ( GEOMETRIC_REPRESENTATION_CONTEXT(2) 
PARAMETRIC_REPRESENTATION_CONTEXT() REPRESENTATION_CONTEXT('2D SPACE',''
  ) );
#1584 = ORIENTED_EDGE('',*,*,#1460,.T.);
#1585 = ORIENTED_EDGE('',*,*,#1058,.F.);
#1586 = ORIENTED_EDGE('',*,*,#1203,.T.);
#1587 = ORIENTED_EDGE('',*,*,#1273,.T.);
#1588 = ADVANCED_FACE('',(#1589),#1311,.T.);
#1589 = FACE_BOUND('',#1590,.F.);
#1590 = EDGE_LOOP('',(#1591,#1592,#1593));
#1591 = ORIENTED_EDGE('',*,*,#1563,.F.);
#1592 = ORIENTED_EDGE('',*,*,#1294,.F.);
#1593 = ORIENTED_EDGE('',*,*,#1484,.F.);
#1594 = ADVANCED_FACE('',(#1595),#1546,.T.);
#1595 = FACE_BOUND('',#1596,.T.);
#1596 = EDGE_LOOP('',(#1597));
#1597 = ORIENTED_EDGE('',*,*,#1531,.T.);
#1598 = ( GEOMETRIC_REPRESENTATION_CONTEXT(3) 
GLOBAL_UNCERTAINTY_ASSIGNED_CONTEXT((#1602)) 
GLOBAL_UNIT_ASSIGNED_CONTEXT((#1599,#1600,#1601)) REPRESENTATION_CONTEXT
('Context #1','3D Context with UNIT and UNCERTAINTY') );
#1599 = ( LENGTH_UNIT() NAMED_UNIT(*) SI_UNIT(.MILLI.,.METRE.) );
#1600 = ( NAMED_UNIT(*) PLANE_ANGLE_UNIT() SI_UNIT($,.RADIAN.) );
#1601 = ( NAMED_UNIT(*) SI_UNIT($,.STERADIAN.) SOLID_ANGLE_UNIT() );
#1602 = UNCERTAINTY_MEASURE_WITH_UNIT(LENGTH_MEASURE(1.E-07),#1599,
  'distance_accuracy_value','confusion accuracy');
#1603 = CONTEXT_DEPENDENT_SHAPE_REPRESENTATION(#1604,#1606);
#1604 = ( REPRESENTATION_RELATIONSHIP('','',#856,#10) 
REPRESENTATION_RELATIONSHIP_WITH_TRANSFORMATION(#1605) 
SHAPE_REPRESENTATION_RELATIONSHIP() );
#1605 = ITEM_DEFINED_TRANSFORMATION('','',#11,#19);
#1606 = PRODUCT_DEFINITION_SHAPE('Placement','Placement of an item',
  #1607);
#1607 = NEXT_ASSEMBLY_USAGE_OCCURRENCE('2','','',#5,#851,$);
#1608 = PRODUCT_RELATED_PRODUCT_CATEGORY('part',$,(#853));
#1609 = SHAPE_DEFINITION_REPRESENTATION(#1610,#1616);
#1610 = PRODUCT_DEFINITION_SHAPE('','',#1611);
#1611 = PRODUCT_DEFINITION('design','',#1612,#1615);
#1612 = PRODUCT_DEFINITION_FORMATION('','',#1613);
#1613 = PRODUCT('Open CASCADE STEP translator 7.9 2.3',
  'Open CASCADE STEP translator 7.9 2.3','',(#1614));
#1614 = PRODUCT_CONTEXT('',#2,'mechanical');
#1615 = PRODUCT_DEFINITION_CONTEXT('part definition',#2,'design');
#1616 = ADVANCED_BREP_SHAPE_REPRESENTATION('',(#11,#1617),#2358);
#1617 = MANIFOLD_SOLID_BREP('',#1618);
#1618 = CLOSED_SHELL('',(#1619,#1739,#1934,#1981,#2137,#2164,#2191,#2216
    ,#2319,#2348,#2354));
#1619 = ADVANCED_FACE('',(#1620),#1634,.F.);
#1620 = FACE_BOUND('',#1621,.F.);
#1621 = EDGE_LOOP('',(#1622,#1657,#1685,#1713));
#1622 = ORIENTED_EDGE('',*,*,#1623,.F.);
#1623 = EDGE_CURVE('',#1624,#1626,#1628,.T.);
#1624 = VERTEX_POINT('',#1625);
#1625 = CARTESIAN_POINT('',(-40.09559941781,-11.08517418149,
    6.953159704245));
#1626 = VERTEX_POINT('',#1627);
#1627 = CARTESIAN_POINT('',(-40.09559941781,-31.57570893731,
    29.430205601725));
#1628 = SURFACE_CURVE('',#1629,(#1633,#1645),.PCURVE_S1.);
#1629 = LINE('',#1630,#1631);
#1630 = CARTESIAN_POINT('',(-40.09559941781,-11.08517418149,
    6.953159704245));
#1631 = VECTOR('',#1632,1.);
#1632 = DIRECTION('',(0.,-0.673695643647,0.739008917221));
#1633 = PCURVE('',#1634,#1639);
#1634 = PLANE('',#1635);
#1635 = AXIS2_PLACEMENT_3D('',#1636,#1637,#1638);
#1636 = CARTESIAN_POINT('',(-40.09559941781,-11.08517418149,
    6.953159704245));
#1637 = DIRECTION('',(0.906307787037,0.312318664007,0.28471608186));
#1638 = DIRECTION('',(0.,-0.673695643647,0.739008917221));
#1639 = DEFINITIONAL_REPRESENTATION('',(#1640),#1644);
#1640 = LINE('',#1641,#1642);
#1641 = CARTESIAN_POINT('',(0.,0.));
#1642 = VECTOR('',#1643,1.);
#1643 = DIRECTION('',(1.,5.551115123126E-17));
#1644 = ( GEOMETRIC_REPRESENTATION_CONTEXT(2) 
PARAMETRIC_REPRESENTATION_CONTEXT() REPRESENTATION_CONTEXT('2D SPACE',''
  ) );
#1645 = PCURVE('',#1646,#1651);
#1646 = PLANE('',#1647);
#1647 = AXIS2_PLACEMENT_3D('',#1648,#1649,#1650);
#1648 = CARTESIAN_POINT('',(-40.09559941781,-11.08517418149,
    6.953159704245));
#1649 = DIRECTION('',(-0.422618261741,0.669769536367,0.61057560793));
#1650 = DIRECTION('',(0.,-0.673695643647,0.739008917221));
#1651 = DEFINITIONAL_REPRESENTATION('',(#1652),#1656);
#1652 = LINE('',#1653,#1654);
#1653 = CARTESIAN_POINT('',(0.,0.));
#1654 = VECTOR('',#1655,1.);
#1655 = DIRECTION('',(1.,-2.775557561563E-17));
#1656 = ( GEOMETRIC_REPRESENTATION_CONTEXT(2) 
PARAMETRIC_REPRESENTATION_CONTEXT() REPRESENTATION_CONTEXT('2D SPACE',''
  ) );
#1657 = ORIENTED_EDGE('',*,*,#1658,.T.);
#1658 = EDGE_CURVE('',#1624,#1659,#1661,.T.);
#1659 = VERTEX_POINT('',#1660);
#1660 = CARTESIAN_POINT('',(-40.46854044145,-10.49413361578,7.4919643723
    ));
#1661 = SURFACE_CURVE('',#1662,(#1666,#1673),.PCURVE_S1.);
#1662 = LINE('',#1663,#1664);
#1663 = CARTESIAN_POINT('',(-40.09559941781,-11.08517418149,
    6.953159704245));
#1664 = VECTOR('',#1665,1.);
#1665 = DIRECTION('',(-0.422618261741,0.669769536367,0.61057560793));
#1666 = PCURVE('',#1634,#1667);
#1667 = DEFINITIONAL_REPRESENTATION('',(#1668),#1672);
#1668 = LINE('',#1669,#1670);
#1669 = CARTESIAN_POINT('',(0.,0.));
#1670 = VECTOR('',#1671,1.);
#1671 = DIRECTION('',(-5.551115123126E-17,-1.));
#1672 = ( GEOMETRIC_REPRESENTATION_CONTEXT(2) 
PARAMETRIC_REPRESENTATION_CONTEXT() REPRESENTATION_CONTEXT('2D SPACE',''
  ) );
#1673 = PCURVE('',#1674,#1679);
#1674 = PLANE('',#1675);
#1675 = AXIS2_PLACEMENT_3D('',#1676,#1677,#1678);
#1676 = CARTESIAN_POINT('',(-40.09559941781,-11.08517418149,
    6.953159704245));
#1677 = DIRECTION('',(0.,-0.673695643647,0.739008917221));
#1678 = DIRECTION('',(0.906307787037,0.312318664007,0.28471608186));
#1679 = DEFINITIONAL_REPRESENTATION('',(#1680),#1684);
#1680 = LINE('',#1681,#1682);
#1681 = CARTESIAN_POINT('',(0.,0.));
#1682 = VECTOR('',#1683,1.);
#1683 = DIRECTION('',(2.775557561563E-17,1.));
#1684 = ( GEOMETRIC_REPRESENTATION_CONTEXT(2) 
PARAMETRIC_REPRESENTATION_CONTEXT() REPRESENTATION_CONTEXT('2D SPACE',''
  ) );
#1685 = ORIENTED_EDGE('',*,*,#1686,.T.);
#1686 = EDGE_CURVE('',#1659,#1687,#1689,.T.);
#1687 = VERTEX_POINT('',#1688);
#1688 = CARTESIAN_POINT('',(-40.46854044145,-30.98466837161,
    29.96901026978));
#1689 = SURFACE_CURVE('',#1690,(#1694,#1701),.PCURVE_S1.);
#1690 = LINE('',#1691,#1692);
#1691 = CARTESIAN_POINT('',(-40.46854044145,-10.49413361578,7.4919643723
    ));
#1692 = VECTOR('',#1693,1.);
#1693 = DIRECTION('',(0.,-0.673695643647,0.739008917221));
#1694 = PCURVE('',#1634,#1695);
#1695 = DEFINITIONAL_REPRESENTATION('',(#1696),#1700);
#1696 = LINE('',#1697,#1698);
#1697 = CARTESIAN_POINT('',(2.22044604925E-16,-0.88245364056));
#1698 = VECTOR('',#1699,1.);
#1699 = DIRECTION('',(1.,5.551115123126E-17));
#1700 = ( GEOMETRIC_REPRESENTATION_CONTEXT(2) 
PARAMETRIC_REPRESENTATION_CONTEXT() REPRESENTATION_CONTEXT('2D SPACE',''
  ) );
#1701 = PCURVE('',#1702,#1707);
#1702 = PLANE('',#1703);
#1703 = AXIS2_PLACEMENT_3D('',#1704,#1705,#1706);
#1704 = CARTESIAN_POINT('',(-40.46854044145,-10.49413361578,7.4919643723
    ));
#1705 = DIRECTION('',(-0.422618261741,0.669769536367,0.61057560793));
#1706 = DIRECTION('',(0.,-0.673695643647,0.739008917221));
#1707 = DEFINITIONAL_REPRESENTATION('',(#1708),#1712);
#1708 = LINE('',#1709,#1710);
#1709 = CARTESIAN_POINT('',(0.,0.));
#1710 = VECTOR('',#1711,1.);
#1711 = DIRECTION('',(1.,-2.775557561563E-17));
#1712 = ( GEOMETRIC_REPRESENTATION_CONTEXT(2) 
PARAMETRIC_REPRESENTATION_CONTEXT() REPRESENTATION_CONTEXT('2D SPACE',''
  ) );
#1713 = ORIENTED_EDGE('',*,*,#1714,.F.);
#1714 = EDGE_CURVE('',#1626,#1687,#1715,.T.);
#1715 = SURFACE_CURVE('',#1716,(#1720,#1727),.PCURVE_S1.);
#1716 = LINE('',#1717,#1718);
#1717 = CARTESIAN_POINT('',(-40.09559941781,-31.57570893731,
    29.430205601725));
#1718 = VECTOR('',#1719,1.);
#1719 = DIRECTION('',(-0.422618261741,0.669769536367,0.61057560793));
#1720 = PCURVE('',#1634,#1721);
#1721 = DEFINITIONAL_REPRESENTATION('',(#1722),#1726);
#1722 = LINE('',#1723,#1724);
#1723 = CARTESIAN_POINT('',(30.415121352005,5.329070518201E-15));
#1724 = VECTOR('',#1725,1.);
#1725 = DIRECTION('',(-5.551115123126E-17,-1.));
#1726 = ( GEOMETRIC_REPRESENTATION_CONTEXT(2) 
PARAMETRIC_REPRESENTATION_CONTEXT() REPRESENTATION_CONTEXT('2D SPACE',''
  ) );
#1727 = PCURVE('',#1728,#1733);
#1728 = PLANE('',#1729);
#1729 = AXIS2_PLACEMENT_3D('',#1730,#1731,#1732);
#1730 = CARTESIAN_POINT('',(-40.09559941781,-31.57570893731,
    29.430205601725));
#1731 = DIRECTION('',(0.,-0.673695643647,0.739008917221));
#1732 = DIRECTION('',(0.906307787037,0.312318664007,0.28471608186));
#1733 = DEFINITIONAL_REPRESENTATION('',(#1734),#1738);
#1734 = LINE('',#1735,#1736);
#1735 = CARTESIAN_POINT('',(0.,0.));
#1736 = VECTOR('',#1737,1.);
#1737 = DIRECTION('',(2.775557561563E-17,1.));
#1738 = ( GEOMETRIC_REPRESENTATION_CONTEXT(2) 
PARAMETRIC_REPRESENTATION_CONTEXT() REPRESENTATION_CONTEXT('2D SPACE',''
  ) );
#1739 = ADVANCED_FACE('',(#1740),#1646,.F.);
#1740 = FACE_BOUND('',#1741,.F.);
#1741 = EDGE_LOOP('',(#1742,#1772,#1793,#1794,#1817,#1843,#1878,#1908));
#1742 = ORIENTED_EDGE('',*,*,#1743,.F.);
#1743 = EDGE_CURVE('',#1744,#1746,#1748,.T.);
#1744 = VERTEX_POINT('',#1745);
#1745 = CARTESIAN_POINT('',(-26.76602264884,-6.491728480366,
    11.140638753637));
#1746 = VERTEX_POINT('',#1747);
#1747 = CARTESIAN_POINT('',(-26.76602264884,-26.98226323619,
    33.617684651118));
#1748 = SURFACE_CURVE('',#1749,(#1753,#1760),.PCURVE_S1.);
#1749 = LINE('',#1750,#1751);
#1750 = CARTESIAN_POINT('',(-26.76602264884,-6.491728480366,
    11.140638753637));
#1751 = VECTOR('',#1752,1.);
#1752 = DIRECTION('',(0.,-0.673695643647,0.739008917221));
#1753 = PCURVE('',#1646,#1754);
#1754 = DEFINITIONAL_REPRESENTATION('',(#1755),#1759);
#1755 = LINE('',#1756,#1757);
#1756 = CARTESIAN_POINT('',(0.,14.707560676003));
#1757 = VECTOR('',#1758,1.);
#1758 = DIRECTION('',(1.,-2.775557561563E-17));
#1759 = ( GEOMETRIC_REPRESENTATION_CONTEXT(2) 
PARAMETRIC_REPRESENTATION_CONTEXT() REPRESENTATION_CONTEXT('2D SPACE',''
  ) );
#1760 = PCURVE('',#1761,#1766);
#1761 = PLANE('',#1762);
#1762 = AXIS2_PLACEMENT_3D('',#1763,#1764,#1765);
#1763 = CARTESIAN_POINT('',(-26.76602264884,-6.491728480366,
    11.140638753637));
#1764 = DIRECTION('',(0.906307787037,0.312318664007,0.28471608186));
#1765 = DIRECTION('',(0.,-0.673695643647,0.739008917221));
#1766 = DEFINITIONAL_REPRESENTATION('',(#1767),#1771);
#1767 = LINE('',#1768,#1769);
#1768 = CARTESIAN_POINT('',(0.,0.));
#1769 = VECTOR('',#1770,1.);
#1770 = DIRECTION('',(1.,5.551115123126E-17));
#1771 = ( GEOMETRIC_REPRESENTATION_CONTEXT(2) 
PARAMETRIC_REPRESENTATION_CONTEXT() REPRESENTATION_CONTEXT('2D SPACE',''
  ) );
#1772 = ORIENTED_EDGE('',*,*,#1773,.F.);
#1773 = EDGE_CURVE('',#1624,#1744,#1774,.T.);
#1774 = SURFACE_CURVE('',#1775,(#1779,#1786),.PCURVE_S1.);
#1775 = LINE('',#1776,#1777);
#1776 = CARTESIAN_POINT('',(-40.09559941781,-11.08517418149,
    6.953159704245));
#1777 = VECTOR('',#1778,1.);
#1778 = DIRECTION('',(0.906307787037,0.312318664007,0.28471608186));
#1779 = PCURVE('',#1646,#1780);
#1780 = DEFINITIONAL_REPRESENTATION('',(#1781),#1785);
#1781 = LINE('',#1782,#1783);
#1782 = CARTESIAN_POINT('',(0.,0.));
#1783 = VECTOR('',#1784,1.);
#1784 = DIRECTION('',(0.,1.));
#1785 = ( GEOMETRIC_REPRESENTATION_CONTEXT(2) 
PARAMETRIC_REPRESENTATION_CONTEXT() REPRESENTATION_CONTEXT('2D SPACE',''
  ) );
#1786 = PCURVE('',#1674,#1787);
#1787 = DEFINITIONAL_REPRESENTATION('',(#1788),#1792);
#1788 = LINE('',#1789,#1790);
#1789 = CARTESIAN_POINT('',(0.,0.));
#1790 = VECTOR('',#1791,1.);
#1791 = DIRECTION('',(1.,2.775557561563E-17));
#1792 = ( GEOMETRIC_REPRESENTATION_CONTEXT(2) 
PARAMETRIC_REPRESENTATION_CONTEXT() REPRESENTATION_CONTEXT('2D SPACE',''
  ) );
#1793 = ORIENTED_EDGE('',*,*,#1623,.T.);
#1794 = ORIENTED_EDGE('',*,*,#1795,.T.);
#1795 = EDGE_CURVE('',#1626,#1796,#1798,.T.);
#1796 = VERTEX_POINT('',#1797);
#1797 = CARTESIAN_POINT('',(-33.61728154514,-29.34324485398,
    31.465365519948));
#1798 = SURFACE_CURVE('',#1799,(#1803,#1810),.PCURVE_S1.);
#1799 = LINE('',#1800,#1801);
#1800 = CARTESIAN_POINT('',(-40.09559941781,-31.57570893731,
    29.430205601725));
#1801 = VECTOR('',#1802,1.);
#1802 = DIRECTION('',(0.906307787037,0.312318664007,0.28471608186));
#1803 = PCURVE('',#1646,#1804);
#1804 = DEFINITIONAL_REPRESENTATION('',(#1805),#1809);
#1805 = LINE('',#1806,#1807);
#1806 = CARTESIAN_POINT('',(30.415121352005,1.7763568394E-15));
#1807 = VECTOR('',#1808,1.);
#1808 = DIRECTION('',(0.,1.));
#1809 = ( GEOMETRIC_REPRESENTATION_CONTEXT(2) 
PARAMETRIC_REPRESENTATION_CONTEXT() REPRESENTATION_CONTEXT('2D SPACE',''
  ) );
#1810 = PCURVE('',#1728,#1811);
#1811 = DEFINITIONAL_REPRESENTATION('',(#1812),#1816);
#1812 = LINE('',#1813,#1814);
#1813 = CARTESIAN_POINT('',(0.,0.));
#1814 = VECTOR('',#1815,1.);
#1815 = DIRECTION('',(1.,2.775557561563E-17));
#1816 = ( GEOMETRIC_REPRESENTATION_CONTEXT(2) 
PARAMETRIC_REPRESENTATION_CONTEXT() REPRESENTATION_CONTEXT('2D SPACE',''
  ) );
#1817 = ORIENTED_EDGE('',*,*,#1818,.T.);
#1818 = EDGE_CURVE('',#1796,#1819,#1821,.T.);
#1819 = VERTEX_POINT('',#1820);
#1820 = CARTESIAN_POINT('',(-33.61728154514,-27.71371138816,
    29.677852458951));
#1821 = SURFACE_CURVE('',#1822,(#1826,#1832),.PCURVE_S1.);
#1822 = LINE('',#1823,#1824);
#1823 = CARTESIAN_POINT('',(-33.61728154514,-18.76112965425,
    19.857338112598));
#1824 = VECTOR('',#1825,1.);
#1825 = DIRECTION('',(0.,0.673695643647,-0.739008917221));
#1826 = PCURVE('',#1646,#1827);
#1827 = DEFINITIONAL_REPRESENTATION('',(#1828),#1831);
#1828 = B_SPLINE_CURVE_WITH_KNOTS('',1,(#1829,#1830),.UNSPECIFIED.,.F.,
  .F.,(2,2),(-15.707560676,-13.207560676),.PIECEWISE_BEZIER_KNOTS.);
#1829 = CARTESIAN_POINT('',(30.415121352005,7.148032892721));
#1830 = CARTESIAN_POINT('',(27.915121352005,7.148032892721));
#1831 = ( GEOMETRIC_REPRESENTATION_CONTEXT(2) 
PARAMETRIC_REPRESENTATION_CONTEXT() REPRESENTATION_CONTEXT('2D SPACE',''
  ) );
#1832 = PCURVE('',#1833,#1838);
#1833 = PLANE('',#1834);
#1834 = AXIS2_PLACEMENT_3D('',#1835,#1836,#1837);
#1835 = CARTESIAN_POINT('',(-33.61728154514,-28.30977016025,
    31.054338543228));
#1836 = DIRECTION('',(1.,0.,0.));
#1837 = DIRECTION('',(0.,-0.673695643647,0.739008917221));
#1838 = DEFINITIONAL_REPRESENTATION('',(#1839),#1842);
#1839 = B_SPLINE_CURVE_WITH_KNOTS('',1,(#1840,#1841),.UNSPECIFIED.,.F.,
  .F.,(2,2),(-15.707560676,-13.207560676),.PIECEWISE_BEZIER_KNOTS.);
#1840 = CARTESIAN_POINT('',(1.,0.486839930751));
#1841 = CARTESIAN_POINT('',(-1.5,0.486839930751));
#1842 = ( GEOMETRIC_REPRESENTATION_CONTEXT(2) 
PARAMETRIC_REPRESENTATION_CONTEXT() REPRESENTATION_CONTEXT('2D SPACE',''
  ) );
#1843 = ORIENTED_EDGE('',*,*,#1844,.F.);
#1844 = EDGE_CURVE('',#1845,#1819,#1847,.T.);
#1845 = VERTEX_POINT('',#1846);
#1846 = CARTESIAN_POINT('',(-29.3564895637,-27.20125678442,
    32.064882008698));
#1847 = SURFACE_CURVE('',#1848,(#1853,#1860),.PCURVE_S1.);
#1848 = ELLIPSE('',#1849,3.549302374729,1.5);
#1849 = AXIS2_PLACEMENT_3D('',#1850,#1851,#1852);
#1850 = CARTESIAN_POINT('',(-32.57324994447,-28.30977016025,
    31.054338543228));
#1851 = DIRECTION('',(-0.422618261741,0.669769536367,0.61057560793));
#1852 = DIRECTION('',(-0.906307787037,-0.312318664007,-0.28471608186));
#1853 = PCURVE('',#1646,#1854);
#1854 = DEFINITIONAL_REPRESENTATION('',(#1855),#1859);
#1855 = ELLIPSE('',#1856,3.549302374729,1.5);
#1856 = AXIS2_PLACEMENT_2D('',#1857,#1858);
#1857 = CARTESIAN_POINT('',(29.415121352005,8.299994307606));
#1858 = DIRECTION('',(0.,-1.));
#1859 = ( GEOMETRIC_REPRESENTATION_CONTEXT(2) 
PARAMETRIC_REPRESENTATION_CONTEXT() REPRESENTATION_CONTEXT('2D SPACE',''
  ) );
#1860 = PCURVE('',#1861,#1866);
#1861 = CYLINDRICAL_SURFACE('',#1862,1.5);
#1862 = AXIS2_PLACEMENT_3D('',#1863,#1864,#1865);
#1863 = CARTESIAN_POINT('',(-33.61728154514,-28.30977016025,
    31.054338543228));
#1864 = DIRECTION('',(-1.,0.,-0.));
#1865 = DIRECTION('',(0.,0.739008917221,0.673695643647));
#1866 = DEFINITIONAL_REPRESENTATION('',(#1867),#1877);
#1867 = B_SPLINE_CURVE_WITH_KNOTS('',8,(#1868,#1869,#1870,#1871,#1872,
    #1873,#1874,#1875,#1876),.UNSPECIFIED.,.F.,.F.,(9,9),(3.14159265359,
    5.042935637106),.PIECEWISE_BEZIER_KNOTS.);
#1868 = CARTESIAN_POINT('',(-6.28318530718,-4.26079198144));
#1869 = CARTESIAN_POINT('',(-6.04551743424,-4.26079198144));
#1870 = CARTESIAN_POINT('',(-5.8078495613,-4.053131704456));
#1871 = CARTESIAN_POINT('',(-5.570181688365,-3.637818875009));
#1872 = CARTESIAN_POINT('',(-5.332513815421,-3.039844771429));
#1873 = CARTESIAN_POINT('',(-5.094845942486,-2.309344507441));
#1874 = CARTESIAN_POINT('',(-4.857178069542,-1.513664959144));
#1875 = CARTESIAN_POINT('',(-4.619510196603,-0.72313272222));
#1876 = CARTESIAN_POINT('',(-4.381842323664,5.999999999062E-07));
#1877 = ( GEOMETRIC_REPRESENTATION_CONTEXT(2) 
PARAMETRIC_REPRESENTATION_CONTEXT() REPRESENTATION_CONTEXT('2D SPACE',''
  ) );
#1878 = ORIENTED_EDGE('',*,*,#1879,.F.);
#1879 = EDGE_CURVE('',#1880,#1845,#1882,.T.);
#1880 = VERTEX_POINT('',#1881);
#1881 = CARTESIAN_POINT('',(-30.17561831823,-28.15722871646,
    32.546562088118));
#1882 = SURFACE_CURVE('',#1883,(#1888,#1895),.PCURVE_S1.);
#1883 = ELLIPSE('',#1884,3.549302374729,1.5);
#1884 = AXIS2_PLACEMENT_3D('',#1885,#1886,#1887);
#1885 = CARTESIAN_POINT('',(-32.57324994447,-28.30977016025,
    31.054338543228));
#1886 = DIRECTION('',(-0.422618261741,0.669769536367,0.61057560793));
#1887 = DIRECTION('',(-0.906307787037,-0.312318664007,-0.28471608186));
#1888 = PCURVE('',#1646,#1889);
#1889 = DEFINITIONAL_REPRESENTATION('',(#1890),#1894);
#1890 = ELLIPSE('',#1891,3.549302374729,1.5);
#1891 = AXIS2_PLACEMENT_2D('',#1892,#1893);
#1892 = CARTESIAN_POINT('',(29.415121352005,8.299994307606));
#1893 = DIRECTION('',(0.,-1.));
#1894 = ( GEOMETRIC_REPRESENTATION_CONTEXT(2) 
PARAMETRIC_REPRESENTATION_CONTEXT() REPRESENTATION_CONTEXT('2D SPACE',''
  ) );
#1895 = PCURVE('',#1861,#1896);
#1896 = DEFINITIONAL_REPRESENTATION('',(#1897),#1907);
#1897 = B_SPLINE_CURVE_WITH_KNOTS('',8,(#1898,#1899,#1900,#1901,#1902,
    #1903,#1904,#1905,#1906),.UNSPECIFIED.,.F.,.F.,(9,9),(1.240249670074
    ,3.14159265359),.PIECEWISE_BEZIER_KNOTS.);
#1898 = CARTESIAN_POINT('',(-1.901342983516,5.999999928008E-07));
#1899 = CARTESIAN_POINT('',(-1.663675110576,-0.72313272222));
#1900 = CARTESIAN_POINT('',(-1.426007237638,-1.513664959142));
#1901 = CARTESIAN_POINT('',(-1.188339364695,-2.309344507446));
#1902 = CARTESIAN_POINT('',(-0.950671491757,-3.039844771427));
#1903 = CARTESIAN_POINT('',(-0.713003618816,-3.637818875013));
#1904 = CARTESIAN_POINT('',(-0.47533574588,-4.053131704454));
#1905 = CARTESIAN_POINT('',(-0.237667872939,-4.26079198144));
#1906 = CARTESIAN_POINT('',(0.,-4.26079198144));
#1907 = ( GEOMETRIC_REPRESENTATION_CONTEXT(2) 
PARAMETRIC_REPRESENTATION_CONTEXT() REPRESENTATION_CONTEXT('2D SPACE',''
  ) );
#1908 = ORIENTED_EDGE('',*,*,#1909,.T.);
#1909 = EDGE_CURVE('',#1880,#1746,#1910,.T.);
#1910 = SURFACE_CURVE('',#1911,(#1915,#1922),.PCURVE_S1.);
#1911 = LINE('',#1912,#1913);
#1912 = CARTESIAN_POINT('',(-40.09559941781,-31.57570893731,
    29.430205601725));
#1913 = VECTOR('',#1914,1.);
#1914 = DIRECTION('',(0.906307787037,0.312318664007,0.28471608186));
#1915 = PCURVE('',#1646,#1916);
#1916 = DEFINITIONAL_REPRESENTATION('',(#1917),#1921);
#1917 = LINE('',#1918,#1919);
#1918 = CARTESIAN_POINT('',(30.415121352005,1.7763568394E-15));
#1919 = VECTOR('',#1920,1.);
#1920 = DIRECTION('',(0.,1.));
#1921 = ( GEOMETRIC_REPRESENTATION_CONTEXT(2) 
PARAMETRIC_REPRESENTATION_CONTEXT() REPRESENTATION_CONTEXT('2D SPACE',''
  ) );
#1922 = PCURVE('',#1923,#1928);
#1923 = PLANE('',#1924);
#1924 = AXIS2_PLACEMENT_3D('',#1925,#1926,#1927);
#1925 = CARTESIAN_POINT('',(-40.09559941781,-31.57570893731,
    29.430205601725));
#1926 = DIRECTION('',(0.,-0.673695643647,0.739008917221));
#1927 = DIRECTION('',(0.906307787037,0.312318664007,0.28471608186));
#1928 = DEFINITIONAL_REPRESENTATION('',(#1929),#1933);
#1929 = LINE('',#1930,#1931);
#1930 = CARTESIAN_POINT('',(0.,0.));
#1931 = VECTOR('',#1932,1.);
#1932 = DIRECTION('',(1.,2.775557561563E-17));
#1933 = ( GEOMETRIC_REPRESENTATION_CONTEXT(2) 
PARAMETRIC_REPRESENTATION_CONTEXT() REPRESENTATION_CONTEXT('2D SPACE',''
  ) );
#1934 = ADVANCED_FACE('',(#1935),#1728,.T.);
#1935 = FACE_BOUND('',#1936,.T.);
#1936 = EDGE_LOOP('',(#1937,#1960,#1961,#1962));
#1937 = ORIENTED_EDGE('',*,*,#1938,.F.);
#1938 = EDGE_CURVE('',#1687,#1939,#1941,.T.);
#1939 = VERTEX_POINT('',#1940);
#1940 = CARTESIAN_POINT('',(-33.61728154514,-28.62368675382,
    32.121329400949));
#1941 = SURFACE_CURVE('',#1942,(#1946,#1953),.PCURVE_S1.);
#1942 = LINE('',#1943,#1944);
#1943 = CARTESIAN_POINT('',(-40.46854044145,-30.98466837161,
    29.96901026978));
#1944 = VECTOR('',#1945,1.);
#1945 = DIRECTION('',(0.906307787037,0.312318664007,0.28471608186));
#1946 = PCURVE('',#1728,#1947);
#1947 = DEFINITIONAL_REPRESENTATION('',(#1948),#1952);
#1948 = LINE('',#1949,#1950);
#1949 = CARTESIAN_POINT('',(-2.442490654175E-15,0.88245364056));
#1950 = VECTOR('',#1951,1.);
#1951 = DIRECTION('',(1.,2.775557561563E-17));
#1952 = ( GEOMETRIC_REPRESENTATION_CONTEXT(2) 
PARAMETRIC_REPRESENTATION_CONTEXT() REPRESENTATION_CONTEXT('2D SPACE',''
  ) );
#1953 = PCURVE('',#1702,#1954);
#1954 = DEFINITIONAL_REPRESENTATION('',(#1955),#1959);
#1955 = LINE('',#1956,#1957);
#1956 = CARTESIAN_POINT('',(30.415121352005,8.881784197001E-16));
#1957 = VECTOR('',#1958,1.);
#1958 = DIRECTION('',(0.,1.));
#1959 = ( GEOMETRIC_REPRESENTATION_CONTEXT(2) 
PARAMETRIC_REPRESENTATION_CONTEXT() REPRESENTATION_CONTEXT('2D SPACE',''
  ) );
#1960 = ORIENTED_EDGE('',*,*,#1714,.F.);
#1961 = ORIENTED_EDGE('',*,*,#1795,.T.);
#1962 = ORIENTED_EDGE('',*,*,#1963,.T.);
#1963 = EDGE_CURVE('',#1796,#1939,#1964,.T.);
#1964 = SURFACE_CURVE('',#1965,(#1969,#1975),.PCURVE_S1.);
#1965 = LINE('',#1966,#1967);
#1966 = CARTESIAN_POINT('',(-33.61728154514,-30.27958737061,
    30.611776531087));
#1967 = VECTOR('',#1968,1.);
#1968 = DIRECTION('',(-0.,0.739008917221,0.673695643647));
#1969 = PCURVE('',#1728,#1970);
#1970 = DEFINITIONAL_REPRESENTATION('',(#1971),#1974);
#1971 = B_SPLINE_CURVE_WITH_KNOTS('',1,(#1972,#1973),.UNSPECIFIED.,.F.,
  .F.,(2,2),(1.267024652618,2.24070451412),.PIECEWISE_BEZIER_KNOTS.);
#1972 = CARTESIAN_POINT('',(7.148032892721,2.22044604925E-16));
#1973 = CARTESIAN_POINT('',(7.559527783281,0.88245364056));
#1974 = ( GEOMETRIC_REPRESENTATION_CONTEXT(2) 
PARAMETRIC_REPRESENTATION_CONTEXT() REPRESENTATION_CONTEXT('2D SPACE',''
  ) );
#1975 = PCURVE('',#1833,#1976);
#1976 = DEFINITIONAL_REPRESENTATION('',(#1977),#1980);
#1977 = B_SPLINE_CURVE_WITH_KNOTS('',1,(#1978,#1979),.UNSPECIFIED.,.F.,
  .F.,(2,2),(1.267024652618,2.24070451412),.PIECEWISE_BEZIER_KNOTS.);
#1978 = CARTESIAN_POINT('',(1.,0.486839930751));
#1979 = CARTESIAN_POINT('',(1.,-0.486839930751));
#1980 = ( GEOMETRIC_REPRESENTATION_CONTEXT(2) 
PARAMETRIC_REPRESENTATION_CONTEXT() REPRESENTATION_CONTEXT('2D SPACE',''
  ) );
#1981 = ADVANCED_FACE('',(#1982),#1702,.T.);
#1982 = FACE_BOUND('',#1983,.T.);
#1983 = EDGE_LOOP('',(#1984,#2009,#2030,#2031,#2032,#2053,#2087,#2116));
#1984 = ORIENTED_EDGE('',*,*,#1985,.F.);
#1985 = EDGE_CURVE('',#1986,#1988,#1990,.T.);
#1986 = VERTEX_POINT('',#1987);
#1987 = CARTESIAN_POINT('',(-27.13896367248,-5.900687914663,
    11.679443421692));
#1988 = VERTEX_POINT('',#1989);
#1989 = CARTESIAN_POINT('',(-27.13896367248,-26.39122267049,
    34.156489319172));
#1990 = SURFACE_CURVE('',#1991,(#1995,#2002),.PCURVE_S1.);
#1991 = LINE('',#1992,#1993);
#1992 = CARTESIAN_POINT('',(-27.13896367248,-5.900687914663,
    11.679443421692));
#1993 = VECTOR('',#1994,1.);
#1994 = DIRECTION('',(0.,-0.673695643647,0.739008917221));
#1995 = PCURVE('',#1702,#1996);
#1996 = DEFINITIONAL_REPRESENTATION('',(#1997),#2001);
#1997 = LINE('',#1998,#1999);
#1998 = CARTESIAN_POINT('',(0.,14.707560676003));
#1999 = VECTOR('',#2000,1.);
#2000 = DIRECTION('',(1.,-2.775557561563E-17));
#2001 = ( GEOMETRIC_REPRESENTATION_CONTEXT(2) 
PARAMETRIC_REPRESENTATION_CONTEXT() REPRESENTATION_CONTEXT('2D SPACE',''
  ) );
#2002 = PCURVE('',#1761,#2003);
#2003 = DEFINITIONAL_REPRESENTATION('',(#2004),#2008);
#2004 = LINE('',#2005,#2006);
#2005 = CARTESIAN_POINT('',(-4.440892098501E-16,-0.88245364056));
#2006 = VECTOR('',#2007,1.);
#2007 = DIRECTION('',(1.,5.551115123126E-17));
#2008 = ( GEOMETRIC_REPRESENTATION_CONTEXT(2) 
PARAMETRIC_REPRESENTATION_CONTEXT() REPRESENTATION_CONTEXT('2D SPACE',''
  ) );
#2009 = ORIENTED_EDGE('',*,*,#2010,.F.);
#2010 = EDGE_CURVE('',#1659,#1986,#2011,.T.);
#2011 = SURFACE_CURVE('',#2012,(#2016,#2023),.PCURVE_S1.);
#2012 = LINE('',#2013,#2014);
#2013 = CARTESIAN_POINT('',(-40.46854044145,-10.49413361578,7.4919643723
    ));
#2014 = VECTOR('',#2015,1.);
#2015 = DIRECTION('',(0.906307787037,0.312318664007,0.28471608186));
#2016 = PCURVE('',#1702,#2017);
#2017 = DEFINITIONAL_REPRESENTATION('',(#2018),#2022);
#2018 = LINE('',#2019,#2020);
#2019 = CARTESIAN_POINT('',(0.,0.));
#2020 = VECTOR('',#2021,1.);
#2021 = DIRECTION('',(0.,1.));
#2022 = ( GEOMETRIC_REPRESENTATION_CONTEXT(2) 
PARAMETRIC_REPRESENTATION_CONTEXT() REPRESENTATION_CONTEXT('2D SPACE',''
  ) );
#2023 = PCURVE('',#1674,#2024);
#2024 = DEFINITIONAL_REPRESENTATION('',(#2025),#2029);
#2025 = LINE('',#2026,#2027);
#2026 = CARTESIAN_POINT('',(-2.386979502944E-15,0.88245364056));
#2027 = VECTOR('',#2028,1.);
#2028 = DIRECTION('',(1.,2.775557561563E-17));
#2029 = ( GEOMETRIC_REPRESENTATION_CONTEXT(2) 
PARAMETRIC_REPRESENTATION_CONTEXT() REPRESENTATION_CONTEXT('2D SPACE',''
  ) );
#2030 = ORIENTED_EDGE('',*,*,#1686,.T.);
#2031 = ORIENTED_EDGE('',*,*,#1938,.T.);
#2032 = ORIENTED_EDGE('',*,*,#2033,.T.);
#2033 = EDGE_CURVE('',#1939,#2034,#2036,.T.);
#2034 = VERTEX_POINT('',#2035);
#2035 = CARTESIAN_POINT('',(-33.61728154514,-26.99415328799,
    30.333816339952));
#2036 = SURFACE_CURVE('',#2037,(#2041,#2047),.PCURVE_S1.);
#2037 = LINE('',#2038,#2039);
#2038 = CARTESIAN_POINT('',(-33.61728154514,-18.04157155408,
    20.513301993598));
#2039 = VECTOR('',#2040,1.);
#2040 = DIRECTION('',(0.,0.673695643647,-0.739008917221));
#2041 = PCURVE('',#1702,#2042);
#2042 = DEFINITIONAL_REPRESENTATION('',(#2043),#2046);
#2043 = B_SPLINE_CURVE_WITH_KNOTS('',1,(#2044,#2045),.UNSPECIFIED.,.F.,
  .F.,(2,2),(-15.707560676,-13.207560676),.PIECEWISE_BEZIER_KNOTS.);
#2044 = CARTESIAN_POINT('',(30.415121352005,7.559527783281));
#2045 = CARTESIAN_POINT('',(27.915121352005,7.559527783281));
#2046 = ( GEOMETRIC_REPRESENTATION_CONTEXT(2) 
PARAMETRIC_REPRESENTATION_CONTEXT() REPRESENTATION_CONTEXT('2D SPACE',''
  ) );
#2047 = PCURVE('',#1833,#2048);
#2048 = DEFINITIONAL_REPRESENTATION('',(#2049),#2052);
#2049 = B_SPLINE_CURVE_WITH_KNOTS('',1,(#2050,#2051),.UNSPECIFIED.,.F.,
  .F.,(2,2),(-15.707560676,-13.207560676),.PIECEWISE_BEZIER_KNOTS.);
#2050 = CARTESIAN_POINT('',(1.,-0.486839930751));
#2051 = CARTESIAN_POINT('',(-1.5,-0.486839930751));
#2052 = ( GEOMETRIC_REPRESENTATION_CONTEXT(2) 
PARAMETRIC_REPRESENTATION_CONTEXT() REPRESENTATION_CONTEXT('2D SPACE',''
  ) );
#2053 = ORIENTED_EDGE('',*,*,#2054,.F.);
#2054 = EDGE_CURVE('',#2055,#2034,#2057,.T.);
#2055 = VERTEX_POINT('',#2056);
#2056 = CARTESIAN_POINT('',(-31.44455276506,-27.20125678442,
    32.064882008698));
#2057 = SURFACE_CURVE('',#2058,(#2063,#2070),.PCURVE_S1.);
#2058 = ELLIPSE('',#2059,3.549302374729,1.5);
#2059 = AXIS2_PLACEMENT_3D('',#2060,#2061,#2062);
#2060 = CARTESIAN_POINT('',(-34.66131314582,-28.30977016025,
    31.054338543228));
#2061 = DIRECTION('',(-0.422618261741,0.669769536367,0.61057560793));
#2062 = DIRECTION('',(-0.906307787037,-0.312318664007,-0.28471608186));
#2063 = PCURVE('',#1702,#2064);
#2064 = DEFINITIONAL_REPRESENTATION('',(#2065),#2069);
#2065 = ELLIPSE('',#2066,3.549302374729,1.5);
#2066 = AXIS2_PLACEMENT_2D('',#2067,#2068);
#2067 = CARTESIAN_POINT('',(29.415121352005,6.407566368396));
#2068 = DIRECTION('',(0.,-1.));
#2069 = ( GEOMETRIC_REPRESENTATION_CONTEXT(2) 
PARAMETRIC_REPRESENTATION_CONTEXT() REPRESENTATION_CONTEXT('2D SPACE',''
  ) );
#2070 = PCURVE('',#2071,#2076);
#2071 = CYLINDRICAL_SURFACE('',#2072,1.5);
#2072 = AXIS2_PLACEMENT_3D('',#2073,#2074,#2075);
#2073 = CARTESIAN_POINT('',(-33.61728154514,-28.30977016025,
    31.054338543228));
#2074 = DIRECTION('',(-1.,0.,-0.));
#2075 = DIRECTION('',(0.,0.739008917221,0.673695643647));
#2076 = DEFINITIONAL_REPRESENTATION('',(#2077),#2086);
#2077 = B_SPLINE_CURVE_WITH_KNOTS('',7,(#2078,#2079,#2080,#2081,#2082,
    #2083,#2084,#2085),.UNSPECIFIED.,.F.,.F.,(8,8),(3.14159265359,
    4.38184271806),.PIECEWISE_BEZIER_KNOTS.);
#2078 = CARTESIAN_POINT('',(-6.28318530718,-2.172728780088));
#2079 = CARTESIAN_POINT('',(-6.106006726541,-2.172728780088));
#2080 = CARTESIAN_POINT('',(-5.928828145902,-2.054916646473));
#2081 = CARTESIAN_POINT('',(-5.751649565264,-1.819297034843));
#2082 = CARTESIAN_POINT('',(-5.574470984625,-1.474912375583));
#2083 = CARTESIAN_POINT('',(-5.397292403986,-1.039936753646));
#2084 = CARTESIAN_POINT('',(-5.220113823348,-0.539086788624));
#2085 = CARTESIAN_POINT('',(-5.042935242709,5.999999999062E-07));
#2086 = ( GEOMETRIC_REPRESENTATION_CONTEXT(2) 
PARAMETRIC_REPRESENTATION_CONTEXT() REPRESENTATION_CONTEXT('2D SPACE',''
  ) );
#2087 = ORIENTED_EDGE('',*,*,#2088,.F.);
#2088 = EDGE_CURVE('',#2089,#2055,#2091,.T.);
#2089 = VERTEX_POINT('',#2090);
#2090 = CARTESIAN_POINT('',(-32.26368151958,-28.15722871646,
    32.546562088118));
#2091 = SURFACE_CURVE('',#2092,(#2097,#2104),.PCURVE_S1.);
#2092 = ELLIPSE('',#2093,3.549302374729,1.5);
#2093 = AXIS2_PLACEMENT_3D('',#2094,#2095,#2096);
#2094 = CARTESIAN_POINT('',(-34.66131314582,-28.30977016025,
    31.054338543228));
#2095 = DIRECTION('',(-0.422618261741,0.669769536367,0.61057560793));
#2096 = DIRECTION('',(-0.906307787037,-0.312318664007,-0.28471608186));
#2097 = PCURVE('',#1702,#2098);
#2098 = DEFINITIONAL_REPRESENTATION('',(#2099),#2103);
#2099 = ELLIPSE('',#2100,3.549302374729,1.5);
#2100 = AXIS2_PLACEMENT_2D('',#2101,#2102);
#2101 = CARTESIAN_POINT('',(29.415121352005,6.407566368396));
#2102 = DIRECTION('',(0.,-1.));
#2103 = ( GEOMETRIC_REPRESENTATION_CONTEXT(2) 
PARAMETRIC_REPRESENTATION_CONTEXT() REPRESENTATION_CONTEXT('2D SPACE',''
  ) );
#2104 = PCURVE('',#1861,#2105);
#2105 = DEFINITIONAL_REPRESENTATION('',(#2106),#2115);
#2106 = B_SPLINE_CURVE_WITH_KNOTS('',7,(#2107,#2108,#2109,#2110,#2111,
    #2112,#2113,#2114),.UNSPECIFIED.,.F.,.F.,(8,8),(1.901342589119,
    3.14159265359),.PIECEWISE_BEZIER_KNOTS.);
#2107 = CARTESIAN_POINT('',(-1.240250064471,5.999999999062E-07));
#2108 = CARTESIAN_POINT('',(-1.063071483832,-0.539086788624));
#2109 = CARTESIAN_POINT('',(-0.885892903193,-1.039936753646));
#2110 = CARTESIAN_POINT('',(-0.708714322554,-1.474912375583));
#2111 = CARTESIAN_POINT('',(-0.531535741916,-1.819297034843));
#2112 = CARTESIAN_POINT('',(-0.354357161277,-2.054916646473));
#2113 = CARTESIAN_POINT('',(-0.177178580639,-2.172728780088));
#2114 = CARTESIAN_POINT('',(0.,-2.172728780088));
#2115 = ( GEOMETRIC_REPRESENTATION_CONTEXT(2) 
PARAMETRIC_REPRESENTATION_CONTEXT() REPRESENTATION_CONTEXT('2D SPACE',''
  ) );
#2116 = ORIENTED_EDGE('',*,*,#2117,.T.);
#2117 = EDGE_CURVE('',#2089,#1988,#2118,.T.);
#2118 = SURFACE_CURVE('',#2119,(#2123,#2130),.PCURVE_S1.);
#2119 = LINE('',#2120,#2121);
#2120 = CARTESIAN_POINT('',(-40.46854044145,-30.98466837161,
    29.96901026978));
#2121 = VECTOR('',#2122,1.);
#2122 = DIRECTION('',(0.906307787037,0.312318664007,0.28471608186));
#2123 = PCURVE('',#1702,#2124);
#2124 = DEFINITIONAL_REPRESENTATION('',(#2125),#2129);
#2125 = LINE('',#2126,#2127);
#2126 = CARTESIAN_POINT('',(30.415121352005,8.881784197001E-16));
#2127 = VECTOR('',#2128,1.);
#2128 = DIRECTION('',(0.,1.));
#2129 = ( GEOMETRIC_REPRESENTATION_CONTEXT(2) 
PARAMETRIC_REPRESENTATION_CONTEXT() REPRESENTATION_CONTEXT('2D SPACE',''
  ) );
#2130 = PCURVE('',#1923,#2131);
#2131 = DEFINITIONAL_REPRESENTATION('',(#2132),#2136);
#2132 = LINE('',#2133,#2134);
#2133 = CARTESIAN_POINT('',(-2.442490654175E-15,0.88245364056));
#2134 = VECTOR('',#2135,1.);
#2135 = DIRECTION('',(1.,2.775557561563E-17));
#2136 = ( GEOMETRIC_REPRESENTATION_CONTEXT(2) 
PARAMETRIC_REPRESENTATION_CONTEXT() REPRESENTATION_CONTEXT('2D SPACE',''
  ) );
#2137 = ADVANCED_FACE('',(#2138),#1674,.F.);
#2138 = FACE_BOUND('',#2139,.F.);
#2139 = EDGE_LOOP('',(#2140,#2141,#2142,#2163));
#2140 = ORIENTED_EDGE('',*,*,#1658,.F.);
#2141 = ORIENTED_EDGE('',*,*,#1773,.T.);
#2142 = ORIENTED_EDGE('',*,*,#2143,.T.);
#2143 = EDGE_CURVE('',#1744,#1986,#2144,.T.);
#2144 = SURFACE_CURVE('',#2145,(#2149,#2156),.PCURVE_S1.);
#2145 = LINE('',#2146,#2147);
#2146 = CARTESIAN_POINT('',(-26.76602264884,-6.491728480366,
    11.140638753637));
#2147 = VECTOR('',#2148,1.);
#2148 = DIRECTION('',(-0.422618261741,0.669769536367,0.61057560793));
#2149 = PCURVE('',#1674,#2150);
#2150 = DEFINITIONAL_REPRESENTATION('',(#2151),#2155);
#2151 = LINE('',#2152,#2153);
#2152 = CARTESIAN_POINT('',(14.707560676003,-4.440892098501E-16));
#2153 = VECTOR('',#2154,1.);
#2154 = DIRECTION('',(2.775557561563E-17,1.));
#2155 = ( GEOMETRIC_REPRESENTATION_CONTEXT(2) 
PARAMETRIC_REPRESENTATION_CONTEXT() REPRESENTATION_CONTEXT('2D SPACE',''
  ) );
#2156 = PCURVE('',#1761,#2157);
#2157 = DEFINITIONAL_REPRESENTATION('',(#2158),#2162);
#2158 = LINE('',#2159,#2160);
#2159 = CARTESIAN_POINT('',(0.,0.));
#2160 = VECTOR('',#2161,1.);
#2161 = DIRECTION('',(-5.551115123126E-17,-1.));
#2162 = ( GEOMETRIC_REPRESENTATION_CONTEXT(2) 
PARAMETRIC_REPRESENTATION_CONTEXT() REPRESENTATION_CONTEXT('2D SPACE',''
  ) );
#2163 = ORIENTED_EDGE('',*,*,#2010,.F.);
#2164 = ADVANCED_FACE('',(#2165),#1761,.T.);
#2165 = FACE_BOUND('',#2166,.T.);
#2166 = EDGE_LOOP('',(#2167,#2168,#2169,#2170));
#2167 = ORIENTED_EDGE('',*,*,#1743,.F.);
#2168 = ORIENTED_EDGE('',*,*,#2143,.T.);
#2169 = ORIENTED_EDGE('',*,*,#1985,.T.);
#2170 = ORIENTED_EDGE('',*,*,#2171,.F.);
#2171 = EDGE_CURVE('',#1746,#1988,#2172,.T.);
#2172 = SURFACE_CURVE('',#2173,(#2177,#2184),.PCURVE_S1.);
#2173 = LINE('',#2174,#2175);
#2174 = CARTESIAN_POINT('',(-26.76602264884,-26.98226323619,
    33.617684651118));
#2175 = VECTOR('',#2176,1.);
#2176 = DIRECTION('',(-0.422618261741,0.669769536367,0.61057560793));
#2177 = PCURVE('',#1761,#2178);
#2178 = DEFINITIONAL_REPRESENTATION('',(#2179),#2183);
#2179 = LINE('',#2180,#2181);
#2180 = CARTESIAN_POINT('',(30.415121352005,1.7763568394E-15));
#2181 = VECTOR('',#2182,1.);
#2182 = DIRECTION('',(-5.551115123126E-17,-1.));
#2183 = ( GEOMETRIC_REPRESENTATION_CONTEXT(2) 
PARAMETRIC_REPRESENTATION_CONTEXT() REPRESENTATION_CONTEXT('2D SPACE',''
  ) );
#2184 = PCURVE('',#1923,#2185);
#2185 = DEFINITIONAL_REPRESENTATION('',(#2186),#2190);
#2186 = LINE('',#2187,#2188);
#2187 = CARTESIAN_POINT('',(14.707560676003,8.881784197001E-16));
#2188 = VECTOR('',#2189,1.);
#2189 = DIRECTION('',(2.775557561563E-17,1.));
#2190 = ( GEOMETRIC_REPRESENTATION_CONTEXT(2) 
PARAMETRIC_REPRESENTATION_CONTEXT() REPRESENTATION_CONTEXT('2D SPACE',''
  ) );
#2191 = ADVANCED_FACE('',(#2192),#1923,.T.);
#2192 = FACE_BOUND('',#2193,.T.);
#2193 = EDGE_LOOP('',(#2194,#2195,#2214,#2215));
#2194 = ORIENTED_EDGE('',*,*,#2117,.F.);
#2195 = ORIENTED_EDGE('',*,*,#2196,.F.);
#2196 = EDGE_CURVE('',#1880,#2089,#2197,.T.);
#2197 = SURFACE_CURVE('',#2198,(#2202,#2208),.PCURVE_S1.);
#2198 = LINE('',#2199,#2200);
#2199 = CARTESIAN_POINT('',(-33.61728154514,-28.15722871646,
    32.546562088118));
#2200 = VECTOR('',#2201,1.);
#2201 = DIRECTION('',(-1.,0.,-0.));
#2202 = PCURVE('',#1923,#2203);
#2203 = DEFINITIONAL_REPRESENTATION('',(#2204),#2207);
#2204 = B_SPLINE_CURVE_WITH_KNOTS('',1,(#2205,#2206),.UNSPECIFIED.,.F.,
  .F.,(2,2),(-3.65046954705,-1.144793705428),.PIECEWISE_BEZIER_KNOTS.);
#2205 = CARTESIAN_POINT('',(11.134730895726,-8.824536405597E-02));
#2206 = CARTESIAN_POINT('',(8.863817368674,0.970699004616));
#2207 = ( GEOMETRIC_REPRESENTATION_CONTEXT(2) 
PARAMETRIC_REPRESENTATION_CONTEXT() REPRESENTATION_CONTEXT('2D SPACE',''
  ) );
#2208 = PCURVE('',#1861,#2209);
#2209 = DEFINITIONAL_REPRESENTATION('',(#2210),#2213);
#2210 = B_SPLINE_CURVE_WITH_KNOTS('',1,(#2211,#2212),.UNSPECIFIED.,.F.,
  .F.,(2,2),(-3.65046954705,-1.144793705428),.PIECEWISE_BEZIER_KNOTS.);
#2211 = CARTESIAN_POINT('',(-0.729727656227,-3.65046954705));
#2212 = CARTESIAN_POINT('',(-0.729727656227,-1.144793705428));
#2213 = ( GEOMETRIC_REPRESENTATION_CONTEXT(2) 
PARAMETRIC_REPRESENTATION_CONTEXT() REPRESENTATION_CONTEXT('2D SPACE',''
  ) );
#2214 = ORIENTED_EDGE('',*,*,#1909,.T.);
#2215 = ORIENTED_EDGE('',*,*,#2171,.T.);
#2216 = ADVANCED_FACE('',(#2217),#1861,.T.);
#2217 = FACE_BOUND('',#2218,.F.);
#2218 = EDGE_LOOP('',(#2219,#2243,#2264,#2265,#2266,#2267,#2290,#2317,
    #2318));
#2219 = ORIENTED_EDGE('',*,*,#2220,.F.);
#2220 = EDGE_CURVE('',#2221,#1819,#2223,.T.);
#2221 = VERTEX_POINT('',#2222);
#2222 = CARTESIAN_POINT('',(-33.61728154514,-27.20125678442,
    32.064882008698));
#2223 = SURFACE_CURVE('',#2224,(#2229,#2236),.PCURVE_S1.);
#2224 = CIRCLE('',#2225,1.5);
#2225 = AXIS2_PLACEMENT_3D('',#2226,#2227,#2228);
#2226 = CARTESIAN_POINT('',(-33.61728154514,-28.30977016025,
    31.054338543228));
#2227 = DIRECTION('',(1.,0.,-0.));
#2228 = DIRECTION('',(0.,0.739008917221,0.673695643647));
#2229 = PCURVE('',#1861,#2230);
#2230 = DEFINITIONAL_REPRESENTATION('',(#2231),#2235);
#2231 = LINE('',#2232,#2233);
#2232 = CARTESIAN_POINT('',(-0.,0.));
#2233 = VECTOR('',#2234,1.);
#2234 = DIRECTION('',(-1.,0.));
#2235 = ( GEOMETRIC_REPRESENTATION_CONTEXT(2) 
PARAMETRIC_REPRESENTATION_CONTEXT() REPRESENTATION_CONTEXT('2D SPACE',''
  ) );
#2236 = PCURVE('',#1833,#2237);
#2237 = DEFINITIONAL_REPRESENTATION('',(#2238),#2242);
#2238 = CIRCLE('',#2239,1.5);
#2239 = AXIS2_PLACEMENT_2D('',#2240,#2241);
#2240 = CARTESIAN_POINT('',(0.,0.));
#2241 = DIRECTION('',(0.,-1.));
#2242 = ( GEOMETRIC_REPRESENTATION_CONTEXT(2) 
PARAMETRIC_REPRESENTATION_CONTEXT() REPRESENTATION_CONTEXT('2D SPACE',''
  ) );
#2243 = ORIENTED_EDGE('',*,*,#2244,.T.);
#2244 = EDGE_CURVE('',#2221,#2055,#2245,.T.);
#2245 = SURFACE_CURVE('',#2246,(#2250,#2257),.PCURVE_S1.);
#2246 = LINE('',#2247,#2248);
#2247 = CARTESIAN_POINT('',(-33.61728154514,-27.20125678442,
    32.064882008698));
#2248 = VECTOR('',#2249,1.);
#2249 = DIRECTION('',(1.,0.,0.));
#2250 = PCURVE('',#1861,#2251);
#2251 = DEFINITIONAL_REPRESENTATION('',(#2252),#2256);
#2252 = LINE('',#2253,#2254);
#2253 = CARTESIAN_POINT('',(-0.,0.));
#2254 = VECTOR('',#2255,1.);
#2255 = DIRECTION('',(-0.,-1.));
#2256 = ( GEOMETRIC_REPRESENTATION_CONTEXT(2) 
PARAMETRIC_REPRESENTATION_CONTEXT() REPRESENTATION_CONTEXT('2D SPACE',''
  ) );
#2257 = PCURVE('',#2071,#2258);
#2258 = DEFINITIONAL_REPRESENTATION('',(#2259),#2263);
#2259 = LINE('',#2260,#2261);
#2260 = CARTESIAN_POINT('',(-6.28318530718,0.));
#2261 = VECTOR('',#2262,1.);
#2262 = DIRECTION('',(-0.,-1.));
#2263 = ( GEOMETRIC_REPRESENTATION_CONTEXT(2) 
PARAMETRIC_REPRESENTATION_CONTEXT() REPRESENTATION_CONTEXT('2D SPACE',''
  ) );
#2264 = ORIENTED_EDGE('',*,*,#2088,.F.);
#2265 = ORIENTED_EDGE('',*,*,#2196,.F.);
#2266 = ORIENTED_EDGE('',*,*,#1879,.T.);
#2267 = ORIENTED_EDGE('',*,*,#2268,.T.);
#2268 = EDGE_CURVE('',#1845,#2269,#2271,.T.);
#2269 = VERTEX_POINT('',#2270);
#2270 = CARTESIAN_POINT('',(-23.61728154514,-27.20125678442,
    32.064882008698));
#2271 = SEAM_CURVE('',#2272,(#2276,#2283),.PCURVE_S1.);
#2272 = LINE('',#2273,#2274);
#2273 = CARTESIAN_POINT('',(-33.61728154514,-27.20125678442,
    32.064882008698));
#2274 = VECTOR('',#2275,1.);
#2275 = DIRECTION('',(1.,0.,0.));
#2276 = PCURVE('',#1861,#2277);
#2277 = DEFINITIONAL_REPRESENTATION('',(#2278),#2282);
#2278 = LINE('',#2279,#2280);
#2279 = CARTESIAN_POINT('',(-0.,0.));
#2280 = VECTOR('',#2281,1.);
#2281 = DIRECTION('',(-0.,-1.));
#2282 = ( GEOMETRIC_REPRESENTATION_CONTEXT(2) 
PARAMETRIC_REPRESENTATION_CONTEXT() REPRESENTATION_CONTEXT('2D SPACE',''
  ) );
#2283 = PCURVE('',#1861,#2284);
#2284 = DEFINITIONAL_REPRESENTATION('',(#2285),#2289);
#2285 = LINE('',#2286,#2287);
#2286 = CARTESIAN_POINT('',(-6.28318530718,0.));
#2287 = VECTOR('',#2288,1.);
#2288 = DIRECTION('',(-0.,-1.));
#2289 = ( GEOMETRIC_REPRESENTATION_CONTEXT(2) 
PARAMETRIC_REPRESENTATION_CONTEXT() REPRESENTATION_CONTEXT('2D SPACE',''
  ) );
#2290 = ORIENTED_EDGE('',*,*,#2291,.T.);
#2291 = EDGE_CURVE('',#2269,#2269,#2292,.T.);
#2292 = SURFACE_CURVE('',#2293,(#2298,#2305),.PCURVE_S1.);
#2293 = CIRCLE('',#2294,1.5);
#2294 = AXIS2_PLACEMENT_3D('',#2295,#2296,#2297);
#2295 = CARTESIAN_POINT('',(-23.61728154514,-28.30977016025,
    31.054338543228));
#2296 = DIRECTION('',(1.,0.,-0.));
#2297 = DIRECTION('',(0.,0.739008917221,0.673695643647));
#2298 = PCURVE('',#1861,#2299);
#2299 = DEFINITIONAL_REPRESENTATION('',(#2300),#2304);
#2300 = LINE('',#2301,#2302);
#2301 = CARTESIAN_POINT('',(-0.,-10.));
#2302 = VECTOR('',#2303,1.);
#2303 = DIRECTION('',(-1.,0.));
#2304 = ( GEOMETRIC_REPRESENTATION_CONTEXT(2) 
PARAMETRIC_REPRESENTATION_CONTEXT() REPRESENTATION_CONTEXT('2D SPACE',''
  ) );
#2305 = PCURVE('',#2306,#2311);
#2306 = PLANE('',#2307);
#2307 = AXIS2_PLACEMENT_3D('',#2308,#2309,#2310);
#2308 = CARTESIAN_POINT('',(-23.61728154514,-28.30977016025,
    31.054338543228));
#2309 = DIRECTION('',(1.,0.,0.));
#2310 = DIRECTION('',(0.,-0.673695643647,0.739008917221));
#2311 = DEFINITIONAL_REPRESENTATION('',(#2312),#2316);
#2312 = CIRCLE('',#2313,1.5);
#2313 = AXIS2_PLACEMENT_2D('',#2314,#2315);
#2314 = CARTESIAN_POINT('',(0.,0.));
#2315 = DIRECTION('',(0.,-1.));
#2316 = ( GEOMETRIC_REPRESENTATION_CONTEXT(2) 
PARAMETRIC_REPRESENTATION_CONTEXT() REPRESENTATION_CONTEXT('2D SPACE',''
  ) );
#2317 = ORIENTED_EDGE('',*,*,#2268,.F.);
#2318 = ORIENTED_EDGE('',*,*,#1844,.T.);
#2319 = ADVANCED_FACE('',(#2320),#1833,.F.);
#2320 = FACE_BOUND('',#2321,.F.);
#2321 = EDGE_LOOP('',(#2322,#2344,#2345,#2346,#2347));
#2322 = ORIENTED_EDGE('',*,*,#2323,.T.);
#2323 = EDGE_CURVE('',#2034,#2221,#2324,.T.);
#2324 = SURFACE_CURVE('',#2325,(#2330,#2337),.PCURVE_S1.);
#2325 = CIRCLE('',#2326,1.5);
#2326 = AXIS2_PLACEMENT_3D('',#2327,#2328,#2329);
#2327 = CARTESIAN_POINT('',(-33.61728154514,-28.30977016025,
    31.054338543228));
#2328 = DIRECTION('',(1.,0.,-0.));
#2329 = DIRECTION('',(0.,0.739008917221,0.673695643647));
#2330 = PCURVE('',#1833,#2331);
#2331 = DEFINITIONAL_REPRESENTATION('',(#2332),#2336);
#2332 = CIRCLE('',#2333,1.5);
#2333 = AXIS2_PLACEMENT_2D('',#2334,#2335);
#2334 = CARTESIAN_POINT('',(0.,0.));
#2335 = DIRECTION('',(0.,-1.));
#2336 = ( GEOMETRIC_REPRESENTATION_CONTEXT(2) 
PARAMETRIC_REPRESENTATION_CONTEXT() REPRESENTATION_CONTEXT('2D SPACE',''
  ) );
#2337 = PCURVE('',#2071,#2338);
#2338 = DEFINITIONAL_REPRESENTATION('',(#2339),#2343);
#2339 = LINE('',#2340,#2341);
#2340 = CARTESIAN_POINT('',(-0.,0.));
#2341 = VECTOR('',#2342,1.);
#2342 = DIRECTION('',(-1.,0.));
#2343 = ( GEOMETRIC_REPRESENTATION_CONTEXT(2) 
PARAMETRIC_REPRESENTATION_CONTEXT() REPRESENTATION_CONTEXT('2D SPACE',''
  ) );
#2344 = ORIENTED_EDGE('',*,*,#2220,.T.);
#2345 = ORIENTED_EDGE('',*,*,#1818,.F.);
#2346 = ORIENTED_EDGE('',*,*,#1963,.T.);
#2347 = ORIENTED_EDGE('',*,*,#2033,.T.);
#2348 = ADVANCED_FACE('',(#2349),#2071,.T.);
#2349 = FACE_BOUND('',#2350,.F.);
#2350 = EDGE_LOOP('',(#2351,#2352,#2353));
#2351 = ORIENTED_EDGE('',*,*,#2323,.F.);
#2352 = ORIENTED_EDGE('',*,*,#2054,.F.);
#2353 = ORIENTED_EDGE('',*,*,#2244,.F.);
#2354 = ADVANCED_FACE('',(#2355),#2306,.T.);
#2355 = FACE_BOUND('',#2356,.T.);
#2356 = EDGE_LOOP('',(#2357));
#2357 = ORIENTED_EDGE('',*,*,#2291,.T.);
#2358 = ( GEOMETRIC_REPRESENTATION_CONTEXT(3) 
GLOBAL_UNCERTAINTY_ASSIGNED_CONTEXT((#2362)) 
GLOBAL_UNIT_ASSIGNED_CONTEXT((#2359,#2360,#2361)) REPRESENTATION_CONTEXT
('Context #1','3D Context with UNIT and UNCERTAINTY') );
#2359 = ( LENGTH_UNIT() NAMED_UNIT(*) SI_UNIT(.MILLI.,.METRE.) );
#2360 = ( NAMED_UNIT(*) PLANE_ANGLE_UNIT() SI_UNIT($,.RADIAN.) );
#2361 = ( NAMED_UNIT(*) SI_UNIT($,.STERADIAN.) SOLID_ANGLE_UNIT() );
#2362 = UNCERTAINTY_MEASURE_WITH_UNIT(LENGTH_MEASURE(1.E-07),#2359,
  'distance_accuracy_value','confusion accuracy');
#2363 = CONTEXT_DEPENDENT_SHAPE_REPRESENTATION(#2364,#2366);
#2364 = ( REPRESENTATION_RELATIONSHIP('','',#1616,#10) 
REPRESENTATION_RELATIONSHIP_WITH_TRANSFORMATION(#2365) 
SHAPE_REPRESENTATION_RELATIONSHIP() );
#2365 = ITEM_DEFINED_TRANSFORMATION('','',#11,#23);
#2366 = PRODUCT_DEFINITION_SHAPE('Placement','Placement of an item',
  #2367);
#2367 = NEXT_ASSEMBLY_USAGE_OCCURRENCE('3','','',#5,#1611,$);
#2368 = PRODUCT_RELATED_PRODUCT_CATEGORY('part',$,(#1613));
#2369 = SHAPE_DEFINITION_REPRESENTATION(#2370,#2376);
#2370 = PRODUCT_DEFINITION_SHAPE('','',#2371);
#2371 = PRODUCT_DEFINITION('design','',#2372,#2375);
#2372 = PRODUCT_DEFINITION_FORMATION('','',#2373);
#2373 = PRODUCT('Open CASCADE STEP translator 7.9 2.4',
  'Open CASCADE STEP translator 7.9 2.4','',(#2374));
#2374 = PRODUCT_CONTEXT('',#2,'mechanical');
#2375 = PRODUCT_DEFINITION_CONTEXT('part definition',#2,'design');
#2376 = ADVANCED_BREP_SHAPE_REPRESENTATION('',(#11,#2377),#3118);
#2377 = MANIFOLD_SOLID_BREP('',#2378);
#2378 = CLOSED_SHELL('',(#2379,#2499,#2694,#2741,#2897,#2924,#2951,#2976
    ,#3079,#3108,#3114));
#2379 = ADVANCED_FACE('',(#2380),#2394,.F.);
#2380 = FACE_BOUND('',#2381,.F.);
#2381 = EDGE_LOOP('',(#2382,#2417,#2445,#2473));
#2382 = ORIENTED_EDGE('',*,*,#2383,.F.);
#2383 = EDGE_CURVE('',#2384,#2386,#2388,.T.);
#2384 = VERTEX_POINT('',#2385);
#2385 = CARTESIAN_POINT('',(-40.09559941781,-12.84838807917,
    2.479201539525));
#2386 = VERTEX_POINT('',#2387);
#2387 = CARTESIAN_POINT('',(-40.09559941781,-40.0748882156,
    16.036387721711));
#2388 = SURFACE_CURVE('',#2389,(#2393,#2405),.PCURVE_S1.);
#2389 = LINE('',#2390,#2391);
#2390 = CARTESIAN_POINT('',(-40.09559941781,-12.84838807917,
    2.479201539525));
#2391 = VECTOR('',#2392,1.);
#2392 = DIRECTION('',(0.,-0.895163291355,0.445738355777));
#2393 = PCURVE('',#2394,#2399);
#2394 = PLANE('',#2395);
#2395 = AXIS2_PLACEMENT_3D('',#2396,#2397,#2398);
#2396 = CARTESIAN_POINT('',(-40.09559941781,-12.84838807917,
    2.479201539525));
#2397 = DIRECTION('',(0.906307787037,0.188377169109,0.378312354167));
#2398 = DIRECTION('',(0.,-0.895163291355,0.445738355777));
#2399 = DEFINITIONAL_REPRESENTATION('',(#2400),#2404);
#2400 = LINE('',#2401,#2402);
#2401 = CARTESIAN_POINT('',(0.,0.));
#2402 = VECTOR('',#2403,1.);
#2403 = DIRECTION('',(1.,0.));
#2404 = ( GEOMETRIC_REPRESENTATION_CONTEXT(2) 
PARAMETRIC_REPRESENTATION_CONTEXT() REPRESENTATION_CONTEXT('2D SPACE',''
  ) );
#2405 = PCURVE('',#2406,#2411);
#2406 = PLANE('',#2407);
#2407 = AXIS2_PLACEMENT_3D('',#2408,#2409,#2410);
#2408 = CARTESIAN_POINT('',(-40.09559941781,-12.84838807917,
    2.479201539525));
#2409 = DIRECTION('',(-0.422618261741,0.403976142821,0.811293461624));
#2410 = DIRECTION('',(0.,-0.895163291355,0.445738355777));
#2411 = DEFINITIONAL_REPRESENTATION('',(#2412),#2416);
#2412 = LINE('',#2413,#2414);
#2413 = CARTESIAN_POINT('',(0.,0.));
#2414 = VECTOR('',#2415,1.);
#2415 = DIRECTION('',(1.,0.));
#2416 = ( GEOMETRIC_REPRESENTATION_CONTEXT(2) 
PARAMETRIC_REPRESENTATION_CONTEXT() REPRESENTATION_CONTEXT('2D SPACE',''
  ) );
#2417 = ORIENTED_EDGE('',*,*,#2418,.T.);
#2418 = EDGE_CURVE('',#2384,#2419,#2421,.T.);
#2419 = VERTEX_POINT('',#2420);
#2420 = CARTESIAN_POINT('',(-40.46854044145,-12.49189786124,
    3.195130408298));
#2421 = SURFACE_CURVE('',#2422,(#2426,#2433),.PCURVE_S1.);
#2422 = LINE('',#2423,#2424);
#2423 = CARTESIAN_POINT('',(-40.09559941781,-12.84838807917,
    2.479201539525));
#2424 = VECTOR('',#2425,1.);
#2425 = DIRECTION('',(-0.422618261741,0.403976142821,0.811293461624));
#2426 = PCURVE('',#2394,#2427);
#2427 = DEFINITIONAL_REPRESENTATION('',(#2428),#2432);
#2428 = LINE('',#2429,#2430);
#2429 = CARTESIAN_POINT('',(0.,0.));
#2430 = VECTOR('',#2431,1.);
#2431 = DIRECTION('',(0.,-1.));
#2432 = ( GEOMETRIC_REPRESENTATION_CONTEXT(2) 
PARAMETRIC_REPRESENTATION_CONTEXT() REPRESENTATION_CONTEXT('2D SPACE',''
  ) );
#2433 = PCURVE('',#2434,#2439);
#2434 = PLANE('',#2435);
#2435 = AXIS2_PLACEMENT_3D('',#2436,#2437,#2438);
#2436 = CARTESIAN_POINT('',(-40.09559941781,-12.84838807917,
    2.479201539525));
#2437 = DIRECTION('',(0.,-0.895163291355,0.445738355777));
#2438 = DIRECTION('',(0.906307787037,0.188377169109,0.378312354167));
#2439 = DEFINITIONAL_REPRESENTATION('',(#2440),#2444);
#2440 = LINE('',#2441,#2442);
#2441 = CARTESIAN_POINT('',(0.,0.));
#2442 = VECTOR('',#2443,1.);
#2443 = DIRECTION('',(5.551115123126E-17,1.));
#2444 = ( GEOMETRIC_REPRESENTATION_CONTEXT(2) 
PARAMETRIC_REPRESENTATION_CONTEXT() REPRESENTATION_CONTEXT('2D SPACE',''
  ) );
#2445 = ORIENTED_EDGE('',*,*,#2446,.T.);
#2446 = EDGE_CURVE('',#2419,#2447,#2449,.T.);
#2447 = VERTEX_POINT('',#2448);
#2448 = CARTESIAN_POINT('',(-40.46854044145,-39.71839799767,
    16.752316590485));
#2449 = SURFACE_CURVE('',#2450,(#2454,#2461),.PCURVE_S1.);
#2450 = LINE('',#2451,#2452);
#2451 = CARTESIAN_POINT('',(-40.46854044145,-12.49189786124,
    3.195130408298));
#2452 = VECTOR('',#2453,1.);
#2453 = DIRECTION('',(0.,-0.895163291355,0.445738355777));
#2454 = PCURVE('',#2394,#2455);
#2455 = DEFINITIONAL_REPRESENTATION('',(#2456),#2460);
#2456 = LINE('',#2457,#2458);
#2457 = CARTESIAN_POINT('',(1.110223024625E-16,-0.88245364056));
#2458 = VECTOR('',#2459,1.);
#2459 = DIRECTION('',(1.,0.));
#2460 = ( GEOMETRIC_REPRESENTATION_CONTEXT(2) 
PARAMETRIC_REPRESENTATION_CONTEXT() REPRESENTATION_CONTEXT('2D SPACE',''
  ) );
#2461 = PCURVE('',#2462,#2467);
#2462 = PLANE('',#2463);
#2463 = AXIS2_PLACEMENT_3D('',#2464,#2465,#2466);
#2464 = CARTESIAN_POINT('',(-40.46854044145,-12.49189786124,
    3.195130408298));
#2465 = DIRECTION('',(-0.422618261741,0.403976142821,0.811293461624));
#2466 = DIRECTION('',(0.,-0.895163291355,0.445738355777));
#2467 = DEFINITIONAL_REPRESENTATION('',(#2468),#2472);
#2468 = LINE('',#2469,#2470);
#2469 = CARTESIAN_POINT('',(0.,0.));
#2470 = VECTOR('',#2471,1.);
#2471 = DIRECTION('',(1.,0.));
#2472 = ( GEOMETRIC_REPRESENTATION_CONTEXT(2) 
PARAMETRIC_REPRESENTATION_CONTEXT() REPRESENTATION_CONTEXT('2D SPACE',''
  ) );
#2473 = ORIENTED_EDGE('',*,*,#2474,.F.);
#2474 = EDGE_CURVE('',#2386,#2447,#2475,.T.);
#2475 = SURFACE_CURVE('',#2476,(#2480,#2487),.PCURVE_S1.);
#2476 = LINE('',#2477,#2478);
#2477 = CARTESIAN_POINT('',(-40.09559941781,-40.0748882156,
    16.036387721711));
#2478 = VECTOR('',#2479,1.);
#2479 = DIRECTION('',(-0.422618261741,0.403976142821,0.811293461624));
#2480 = PCURVE('',#2394,#2481);
#2481 = DEFINITIONAL_REPRESENTATION('',(#2482),#2486);
#2482 = LINE('',#2483,#2484);
#2483 = CARTESIAN_POINT('',(30.415121352005,1.7763568394E-15));
#2484 = VECTOR('',#2485,1.);
#2485 = DIRECTION('',(0.,-1.));
#2486 = ( GEOMETRIC_REPRESENTATION_CONTEXT(2) 
PARAMETRIC_REPRESENTATION_CONTEXT() REPRESENTATION_CONTEXT('2D SPACE',''
  ) );
#2487 = PCURVE('',#2488,#2493);
#2488 = PLANE('',#2489);
#2489 = AXIS2_PLACEMENT_3D('',#2490,#2491,#2492);
#2490 = CARTESIAN_POINT('',(-40.09559941781,-40.0748882156,
    16.036387721711));
#2491 = DIRECTION('',(0.,-0.895163291355,0.445738355777));
#2492 = DIRECTION('',(0.906307787037,0.188377169109,0.378312354167));
#2493 = DEFINITIONAL_REPRESENTATION('',(#2494),#2498);
#2494 = LINE('',#2495,#2496);
#2495 = CARTESIAN_POINT('',(0.,0.));
#2496 = VECTOR('',#2497,1.);
#2497 = DIRECTION('',(5.551115123126E-17,1.));
#2498 = ( GEOMETRIC_REPRESENTATION_CONTEXT(2) 
PARAMETRIC_REPRESENTATION_CONTEXT() REPRESENTATION_CONTEXT('2D SPACE',''
  ) );
#2499 = ADVANCED_FACE('',(#2500),#2406,.F.);
#2500 = FACE_BOUND('',#2501,.F.);
#2501 = EDGE_LOOP('',(#2502,#2532,#2553,#2554,#2577,#2603,#2638,#2668));
#2502 = ORIENTED_EDGE('',*,*,#2503,.F.);
#2503 = EDGE_CURVE('',#2504,#2506,#2508,.T.);
#2504 = VERTEX_POINT('',#2505);
#2505 = CARTESIAN_POINT('',(-26.76602264884,-10.07781943452,
    8.043253442911));
#2506 = VERTEX_POINT('',#2507);
#2507 = CARTESIAN_POINT('',(-26.76602264884,-37.30431957095,
    21.600439625097));
#2508 = SURFACE_CURVE('',#2509,(#2513,#2520),.PCURVE_S1.);
#2509 = LINE('',#2510,#2511);
#2510 = CARTESIAN_POINT('',(-26.76602264884,-10.07781943452,
    8.043253442911));
#2511 = VECTOR('',#2512,1.);
#2512 = DIRECTION('',(0.,-0.895163291355,0.445738355777));
#2513 = PCURVE('',#2406,#2514);
#2514 = DEFINITIONAL_REPRESENTATION('',(#2515),#2519);
#2515 = LINE('',#2516,#2517);
#2516 = CARTESIAN_POINT('',(8.881784197001E-16,14.707560676003));
#2517 = VECTOR('',#2518,1.);
#2518 = DIRECTION('',(1.,0.));
#2519 = ( GEOMETRIC_REPRESENTATION_CONTEXT(2) 
PARAMETRIC_REPRESENTATION_CONTEXT() REPRESENTATION_CONTEXT('2D SPACE',''
  ) );
#2520 = PCURVE('',#2521,#2526);
#2521 = PLANE('',#2522);
#2522 = AXIS2_PLACEMENT_3D('',#2523,#2524,#2525);
#2523 = CARTESIAN_POINT('',(-26.76602264884,-10.07781943452,
    8.043253442911));
#2524 = DIRECTION('',(0.906307787037,0.188377169109,0.378312354167));
#2525 = DIRECTION('',(0.,-0.895163291355,0.445738355777));
#2526 = DEFINITIONAL_REPRESENTATION('',(#2527),#2531);
#2527 = LINE('',#2528,#2529);
#2528 = CARTESIAN_POINT('',(0.,0.));
#2529 = VECTOR('',#2530,1.);
#2530 = DIRECTION('',(1.,0.));
#2531 = ( GEOMETRIC_REPRESENTATION_CONTEXT(2) 
PARAMETRIC_REPRESENTATION_CONTEXT() REPRESENTATION_CONTEXT('2D SPACE',''
  ) );
#2532 = ORIENTED_EDGE('',*,*,#2533,.F.);
#2533 = EDGE_CURVE('',#2384,#2504,#2534,.T.);
#2534 = SURFACE_CURVE('',#2535,(#2539,#2546),.PCURVE_S1.);
#2535 = LINE('',#2536,#2537);
#2536 = CARTESIAN_POINT('',(-40.09559941781,-12.84838807917,
    2.479201539525));
#2537 = VECTOR('',#2538,1.);
#2538 = DIRECTION('',(0.906307787037,0.188377169109,0.378312354167));
#2539 = PCURVE('',#2406,#2540);
#2540 = DEFINITIONAL_REPRESENTATION('',(#2541),#2545);
#2541 = LINE('',#2542,#2543);
#2542 = CARTESIAN_POINT('',(0.,0.));
#2543 = VECTOR('',#2544,1.);
#2544 = DIRECTION('',(0.,1.));
#2545 = ( GEOMETRIC_REPRESENTATION_CONTEXT(2) 
PARAMETRIC_REPRESENTATION_CONTEXT() REPRESENTATION_CONTEXT('2D SPACE',''
  ) );
#2546 = PCURVE('',#2434,#2547);
#2547 = DEFINITIONAL_REPRESENTATION('',(#2548),#2552);
#2548 = LINE('',#2549,#2550);
#2549 = CARTESIAN_POINT('',(0.,0.));
#2550 = VECTOR('',#2551,1.);
#2551 = DIRECTION('',(1.,5.551115123126E-17));
#2552 = ( GEOMETRIC_REPRESENTATION_CONTEXT(2) 
PARAMETRIC_REPRESENTATION_CONTEXT() REPRESENTATION_CONTEXT('2D SPACE',''
  ) );
#2553 = ORIENTED_EDGE('',*,*,#2383,.T.);
#2554 = ORIENTED_EDGE('',*,*,#2555,.T.);
#2555 = EDGE_CURVE('',#2386,#2556,#2558,.T.);
#2556 = VERTEX_POINT('',#2557);
#2557 = CARTESIAN_POINT('',(-33.61728154514,-38.72836201457,
    18.740576873017));
#2558 = SURFACE_CURVE('',#2559,(#2563,#2570),.PCURVE_S1.);
#2559 = LINE('',#2560,#2561);
#2560 = CARTESIAN_POINT('',(-40.09559941781,-40.0748882156,
    16.036387721711));
#2561 = VECTOR('',#2562,1.);
#2562 = DIRECTION('',(0.906307787037,0.188377169109,0.378312354167));
#2563 = PCURVE('',#2406,#2564);
#2564 = DEFINITIONAL_REPRESENTATION('',(#2565),#2569);
#2565 = LINE('',#2566,#2567);
#2566 = CARTESIAN_POINT('',(30.415121352005,-8.881784197001E-16));
#2567 = VECTOR('',#2568,1.);
#2568 = DIRECTION('',(0.,1.));
#2569 = ( GEOMETRIC_REPRESENTATION_CONTEXT(2) 
PARAMETRIC_REPRESENTATION_CONTEXT() REPRESENTATION_CONTEXT('2D SPACE',''
  ) );
#2570 = PCURVE('',#2488,#2571);
#2571 = DEFINITIONAL_REPRESENTATION('',(#2572),#2576);
#2572 = LINE('',#2573,#2574);
#2573 = CARTESIAN_POINT('',(0.,0.));
#2574 = VECTOR('',#2575,1.);
#2575 = DIRECTION('',(1.,5.551115123126E-17));
#2576 = ( GEOMETRIC_REPRESENTATION_CONTEXT(2) 
PARAMETRIC_REPRESENTATION_CONTEXT() REPRESENTATION_CONTEXT('2D SPACE',''
  ) );
#2577 = ORIENTED_EDGE('',*,*,#2578,.T.);
#2578 = EDGE_CURVE('',#2556,#2579,#2581,.T.);
#2579 = VERTEX_POINT('',#2580);
#2580 = CARTESIAN_POINT('',(-33.61728154514,-36.56314311431,
    17.662425968242));
#2581 = SURFACE_CURVE('',#2582,(#2586,#2592),.PCURVE_S1.);
#2582 = LINE('',#2583,#2584);
#2583 = CARTESIAN_POINT('',(-33.61728154514,-24.66753030068,
    11.739114604035));
#2584 = VECTOR('',#2585,1.);
#2585 = DIRECTION('',(0.,0.895163291355,-0.445738355777));
#2586 = PCURVE('',#2406,#2587);
#2587 = DEFINITIONAL_REPRESENTATION('',(#2588),#2591);
#2588 = B_SPLINE_CURVE_WITH_KNOTS('',1,(#2589,#2590),.UNSPECIFIED.,.F.,
  .F.,(2,2),(-15.707560676,-13.207560676),.PIECEWISE_BEZIER_KNOTS.);
#2589 = CARTESIAN_POINT('',(30.415121352005,7.148032892721));
#2590 = CARTESIAN_POINT('',(27.915121352005,7.148032892721));
#2591 = ( GEOMETRIC_REPRESENTATION_CONTEXT(2) 
PARAMETRIC_REPRESENTATION_CONTEXT() REPRESENTATION_CONTEXT('2D SPACE',''
  ) );
#2592 = PCURVE('',#2593,#2598);
#2593 = PLANE('',#2594);
#2594 = AXIS2_PLACEMENT_3D('',#2595,#2596,#2597);
#2595 = CARTESIAN_POINT('',(-33.61728154514,-37.61619549295,
    18.730639752014));
#2596 = DIRECTION('',(1.,0.,0.));
#2597 = DIRECTION('',(0.,-0.895163291355,0.445738355777));
#2598 = DEFINITIONAL_REPRESENTATION('',(#2599),#2602);
#2599 = B_SPLINE_CURVE_WITH_KNOTS('',1,(#2600,#2601),.UNSPECIFIED.,.F.,
  .F.,(2,2),(-15.707560676,-13.207560676),.PIECEWISE_BEZIER_KNOTS.);
#2600 = CARTESIAN_POINT('',(1.,0.486839930751));
#2601 = CARTESIAN_POINT('',(-1.5,0.486839930751));
#2602 = ( GEOMETRIC_REPRESENTATION_CONTEXT(2) 
PARAMETRIC_REPRESENTATION_CONTEXT() REPRESENTATION_CONTEXT('2D SPACE',''
  ) );
#2603 = ORIENTED_EDGE('',*,*,#2604,.F.);
#2604 = EDGE_CURVE('',#2605,#2579,#2607,.T.);
#2605 = VERTEX_POINT('',#2606);
#2606 = CARTESIAN_POINT('',(-29.3564895637,-36.94758795929,
    20.073384689047));
#2607 = SURFACE_CURVE('',#2608,(#2613,#2620),.PCURVE_S1.);
#2608 = ELLIPSE('',#2609,3.549302374729,1.5);
#2609 = AXIS2_PLACEMENT_3D('',#2610,#2611,#2612);
#2610 = CARTESIAN_POINT('',(-32.57324994447,-37.61619549295,
    18.730639752014));
#2611 = DIRECTION('',(-0.422618261741,0.403976142821,0.811293461624));
#2612 = DIRECTION('',(-0.906307787037,-0.188377169109,-0.378312354167));
#2613 = PCURVE('',#2406,#2614);
#2614 = DEFINITIONAL_REPRESENTATION('',(#2615),#2619);
#2615 = ELLIPSE('',#2616,3.549302374729,1.5);
#2616 = AXIS2_PLACEMENT_2D('',#2617,#2618);
#2617 = CARTESIAN_POINT('',(29.415121352005,8.299994307606));
#2618 = DIRECTION('',(0.,-1.));
#2619 = ( GEOMETRIC_REPRESENTATION_CONTEXT(2) 
PARAMETRIC_REPRESENTATION_CONTEXT() REPRESENTATION_CONTEXT('2D SPACE',''
  ) );
#2620 = PCURVE('',#2621,#2626);
#2621 = CYLINDRICAL_SURFACE('',#2622,1.5);
#2622 = AXIS2_PLACEMENT_3D('',#2623,#2624,#2625);
#2623 = CARTESIAN_POINT('',(-33.61728154514,-37.61619549295,
    18.730639752014));
#2624 = DIRECTION('',(-1.,0.,-0.));
#2625 = DIRECTION('',(0.,0.445738355777,0.895163291355));
#2626 = DEFINITIONAL_REPRESENTATION('',(#2627),#2637);
#2627 = B_SPLINE_CURVE_WITH_KNOTS('',8,(#2628,#2629,#2630,#2631,#2632,
    #2633,#2634,#2635,#2636),.UNSPECIFIED.,.F.,.F.,(9,9),(3.14159265359,
    5.042935637106),.PIECEWISE_BEZIER_KNOTS.);
#2628 = CARTESIAN_POINT('',(-6.28318530718,-4.26079198144));
#2629 = CARTESIAN_POINT('',(-6.04551743424,-4.26079198144));
#2630 = CARTESIAN_POINT('',(-5.807849561301,-4.053131704452));
#2631 = CARTESIAN_POINT('',(-5.57018168836,-3.637818875013));
#2632 = CARTESIAN_POINT('',(-5.332513815423,-3.039844771423));
#2633 = CARTESIAN_POINT('',(-5.094845942481,-2.309344507443));
#2634 = CARTESIAN_POINT('',(-4.857178069543,-1.513664959139));
#2635 = CARTESIAN_POINT('',(-4.619510196603,-0.72313272222));
#2636 = CARTESIAN_POINT('',(-4.381842323664,5.999999999062E-07));
#2637 = ( GEOMETRIC_REPRESENTATION_CONTEXT(2) 
PARAMETRIC_REPRESENTATION_CONTEXT() REPRESENTATION_CONTEXT('2D SPACE',''
  ) );
#2638 = ORIENTED_EDGE('',*,*,#2639,.F.);
#2639 = EDGE_CURVE('',#2640,#2605,#2642,.T.);
#2640 = VERTEX_POINT('',#2641);
#2641 = CARTESIAN_POINT('',(-30.17561831823,-38.01300815246,
    20.177201093007));
#2642 = SURFACE_CURVE('',#2643,(#2648,#2655),.PCURVE_S1.);
#2643 = ELLIPSE('',#2644,3.549302374729,1.5);
#2644 = AXIS2_PLACEMENT_3D('',#2645,#2646,#2647);
#2645 = CARTESIAN_POINT('',(-32.57324994447,-37.61619549295,
    18.730639752014));
#2646 = DIRECTION('',(-0.422618261741,0.403976142821,0.811293461624));
#2647 = DIRECTION('',(-0.906307787037,-0.188377169109,-0.378312354167));
#2648 = PCURVE('',#2406,#2649);
#2649 = DEFINITIONAL_REPRESENTATION('',(#2650),#2654);
#2650 = ELLIPSE('',#2651,3.549302374729,1.5);
#2651 = AXIS2_PLACEMENT_2D('',#2652,#2653);
#2652 = CARTESIAN_POINT('',(29.415121352005,8.299994307606));
#2653 = DIRECTION('',(0.,-1.));
#2654 = ( GEOMETRIC_REPRESENTATION_CONTEXT(2) 
PARAMETRIC_REPRESENTATION_CONTEXT() REPRESENTATION_CONTEXT('2D SPACE',''
  ) );
#2655 = PCURVE('',#2621,#2656);
#2656 = DEFINITIONAL_REPRESENTATION('',(#2657),#2667);
#2657 = B_SPLINE_CURVE_WITH_KNOTS('',8,(#2658,#2659,#2660,#2661,#2662,
    #2663,#2664,#2665,#2666),.UNSPECIFIED.,.F.,.F.,(9,9),(1.240249670074
    ,3.14159265359),.PIECEWISE_BEZIER_KNOTS.);
#2658 = CARTESIAN_POINT('',(-1.901342983516,5.999999999062E-07));
#2659 = CARTESIAN_POINT('',(-1.663675110576,-0.72313272222));
#2660 = CARTESIAN_POINT('',(-1.426007237636,-1.513664959139));
#2661 = CARTESIAN_POINT('',(-1.188339364696,-2.309344507448));
#2662 = CARTESIAN_POINT('',(-0.950671491755,-3.039844771438));
#2663 = CARTESIAN_POINT('',(-0.713003618818,-3.637818875019));
#2664 = CARTESIAN_POINT('',(-0.475335745879,-4.053131704453));
#2665 = CARTESIAN_POINT('',(-0.237667872939,-4.26079198144));
#2666 = CARTESIAN_POINT('',(0.,-4.26079198144));
#2667 = ( GEOMETRIC_REPRESENTATION_CONTEXT(2) 
PARAMETRIC_REPRESENTATION_CONTEXT() REPRESENTATION_CONTEXT('2D SPACE',''
  ) );
#2668 = ORIENTED_EDGE('',*,*,#2669,.T.);
#2669 = EDGE_CURVE('',#2640,#2506,#2670,.T.);
#2670 = SURFACE_CURVE('',#2671,(#2675,#2682),.PCURVE_S1.);
#2671 = LINE('',#2672,#2673);
#2672 = CARTESIAN_POINT('',(-40.09559941781,-40.0748882156,
    16.036387721711));
#2673 = VECTOR('',#2674,1.);
#2674 = DIRECTION('',(0.906307787037,0.188377169109,0.378312354167));
#2675 = PCURVE('',#2406,#2676);
#2676 = DEFINITIONAL_REPRESENTATION('',(#2677),#2681);
#2677 = LINE('',#2678,#2679);
#2678 = CARTESIAN_POINT('',(30.415121352005,-8.881784197001E-16));
#2679 = VECTOR('',#2680,1.);
#2680 = DIRECTION('',(0.,1.));
#2681 = ( GEOMETRIC_REPRESENTATION_CONTEXT(2) 
PARAMETRIC_REPRESENTATION_CONTEXT() REPRESENTATION_CONTEXT('2D SPACE',''
  ) );
#2682 = PCURVE('',#2683,#2688);
#2683 = PLANE('',#2684);
#2684 = AXIS2_PLACEMENT_3D('',#2685,#2686,#2687);
#2685 = CARTESIAN_POINT('',(-40.09559941781,-40.0748882156,
    16.036387721711));
#2686 = DIRECTION('',(0.,-0.895163291355,0.445738355777));
#2687 = DIRECTION('',(0.906307787037,0.188377169109,0.378312354167));
#2688 = DEFINITIONAL_REPRESENTATION('',(#2689),#2693);
#2689 = LINE('',#2690,#2691);
#2690 = CARTESIAN_POINT('',(0.,0.));
#2691 = VECTOR('',#2692,1.);
#2692 = DIRECTION('',(1.,5.551115123126E-17));
#2693 = ( GEOMETRIC_REPRESENTATION_CONTEXT(2) 
PARAMETRIC_REPRESENTATION_CONTEXT() REPRESENTATION_CONTEXT('2D SPACE',''
  ) );
#2694 = ADVANCED_FACE('',(#2695),#2488,.T.);
#2695 = FACE_BOUND('',#2696,.T.);
#2696 = EDGE_LOOP('',(#2697,#2720,#2721,#2722));
#2697 = ORIENTED_EDGE('',*,*,#2698,.F.);
#2698 = EDGE_CURVE('',#2447,#2699,#2701,.T.);
#2699 = VERTEX_POINT('',#2700);
#2700 = CARTESIAN_POINT('',(-33.61728154514,-38.29435555405,
    19.612179342565));
#2701 = SURFACE_CURVE('',#2702,(#2706,#2713),.PCURVE_S1.);
#2702 = LINE('',#2703,#2704);
#2703 = CARTESIAN_POINT('',(-40.46854044145,-39.71839799767,
    16.752316590485));
#2704 = VECTOR('',#2705,1.);
#2705 = DIRECTION('',(0.906307787037,0.188377169109,0.378312354167));
#2706 = PCURVE('',#2488,#2707);
#2707 = DEFINITIONAL_REPRESENTATION('',(#2708),#2712);
#2708 = LINE('',#2709,#2710);
#2709 = CARTESIAN_POINT('',(-2.109423746788E-15,0.88245364056));
#2710 = VECTOR('',#2711,1.);
#2711 = DIRECTION('',(1.,5.551115123126E-17));
#2712 = ( GEOMETRIC_REPRESENTATION_CONTEXT(2) 
PARAMETRIC_REPRESENTATION_CONTEXT() REPRESENTATION_CONTEXT('2D SPACE',''
  ) );
#2713 = PCURVE('',#2462,#2714);
#2714 = DEFINITIONAL_REPRESENTATION('',(#2715),#2719);
#2715 = LINE('',#2716,#2717);
#2716 = CARTESIAN_POINT('',(30.415121352005,-1.7763568394E-15));
#2717 = VECTOR('',#2718,1.);
#2718 = DIRECTION('',(0.,1.));
#2719 = ( GEOMETRIC_REPRESENTATION_CONTEXT(2) 
PARAMETRIC_REPRESENTATION_CONTEXT() REPRESENTATION_CONTEXT('2D SPACE',''
  ) );
#2720 = ORIENTED_EDGE('',*,*,#2474,.F.);
#2721 = ORIENTED_EDGE('',*,*,#2555,.T.);
#2722 = ORIENTED_EDGE('',*,*,#2723,.T.);
#2723 = EDGE_CURVE('',#2556,#2699,#2724,.T.);
#2724 = SURFACE_CURVE('',#2725,(#2729,#2735),.PCURVE_S1.);
#2725 = LINE('',#2726,#2727);
#2726 = CARTESIAN_POINT('',(-33.61728154514,-39.29312349995,
    17.606382914751));
#2727 = VECTOR('',#2728,1.);
#2728 = DIRECTION('',(-0.,0.445738355777,0.895163291355));
#2729 = PCURVE('',#2488,#2730);
#2730 = DEFINITIONAL_REPRESENTATION('',(#2731),#2734);
#2731 = B_SPLINE_CURVE_WITH_KNOTS('',1,(#2732,#2733),.UNSPECIFIED.,.F.,
  .F.,(2,2),(1.267024652618,2.24070451412),.PIECEWISE_BEZIER_KNOTS.);
#2732 = CARTESIAN_POINT('',(7.148032892721,-2.22044604925E-16));
#2733 = CARTESIAN_POINT('',(7.559527783281,0.88245364056));
#2734 = ( GEOMETRIC_REPRESENTATION_CONTEXT(2) 
PARAMETRIC_REPRESENTATION_CONTEXT() REPRESENTATION_CONTEXT('2D SPACE',''
  ) );
#2735 = PCURVE('',#2593,#2736);
#2736 = DEFINITIONAL_REPRESENTATION('',(#2737),#2740);
#2737 = B_SPLINE_CURVE_WITH_KNOTS('',1,(#2738,#2739),.UNSPECIFIED.,.F.,
  .F.,(2,2),(1.267024652618,2.24070451412),.PIECEWISE_BEZIER_KNOTS.);
#2738 = CARTESIAN_POINT('',(1.,0.486839930751));
#2739 = CARTESIAN_POINT('',(1.,-0.486839930751));
#2740 = ( GEOMETRIC_REPRESENTATION_CONTEXT(2) 
PARAMETRIC_REPRESENTATION_CONTEXT() REPRESENTATION_CONTEXT('2D SPACE',''
  ) );
#2741 = ADVANCED_FACE('',(#2742),#2462,.T.);
#2742 = FACE_BOUND('',#2743,.T.);
#2743 = EDGE_LOOP('',(#2744,#2769,#2790,#2791,#2792,#2813,#2847,#2876));
#2744 = ORIENTED_EDGE('',*,*,#2745,.F.);
#2745 = EDGE_CURVE('',#2746,#2748,#2750,.T.);
#2746 = VERTEX_POINT('',#2747);
#2747 = CARTESIAN_POINT('',(-27.13896367248,-9.721329216596,
    8.759182311684));
#2748 = VERTEX_POINT('',#2749);
#2749 = CARTESIAN_POINT('',(-27.13896367248,-36.94782935302,
    22.316368493871));
#2750 = SURFACE_CURVE('',#2751,(#2755,#2762),.PCURVE_S1.);
#2751 = LINE('',#2752,#2753);
#2752 = CARTESIAN_POINT('',(-27.13896367248,-9.721329216596,
    8.759182311684));
#2753 = VECTOR('',#2754,1.);
#2754 = DIRECTION('',(0.,-0.895163291355,0.445738355777));
#2755 = PCURVE('',#2462,#2756);
#2756 = DEFINITIONAL_REPRESENTATION('',(#2757),#2761);
#2757 = LINE('',#2758,#2759);
#2758 = CARTESIAN_POINT('',(8.881784197001E-16,14.707560676003));
#2759 = VECTOR('',#2760,1.);
#2760 = DIRECTION('',(1.,0.));
#2761 = ( GEOMETRIC_REPRESENTATION_CONTEXT(2) 
PARAMETRIC_REPRESENTATION_CONTEXT() REPRESENTATION_CONTEXT('2D SPACE',''
  ) );
#2762 = PCURVE('',#2521,#2763);
#2763 = DEFINITIONAL_REPRESENTATION('',(#2764),#2768);
#2764 = LINE('',#2765,#2766);
#2765 = CARTESIAN_POINT('',(4.996003610813E-16,-0.88245364056));
#2766 = VECTOR('',#2767,1.);
#2767 = DIRECTION('',(1.,0.));
#2768 = ( GEOMETRIC_REPRESENTATION_CONTEXT(2) 
PARAMETRIC_REPRESENTATION_CONTEXT() REPRESENTATION_CONTEXT('2D SPACE',''
  ) );
#2769 = ORIENTED_EDGE('',*,*,#2770,.F.);
#2770 = EDGE_CURVE('',#2419,#2746,#2771,.T.);
#2771 = SURFACE_CURVE('',#2772,(#2776,#2783),.PCURVE_S1.);
#2772 = LINE('',#2773,#2774);
#2773 = CARTESIAN_POINT('',(-40.46854044145,-12.49189786124,
    3.195130408298));
#2774 = VECTOR('',#2775,1.);
#2775 = DIRECTION('',(0.906307787037,0.188377169109,0.378312354167));
#2776 = PCURVE('',#2462,#2777);
#2777 = DEFINITIONAL_REPRESENTATION('',(#2778),#2782);
#2778 = LINE('',#2779,#2780);
#2779 = CARTESIAN_POINT('',(0.,0.));
#2780 = VECTOR('',#2781,1.);
#2781 = DIRECTION('',(0.,1.));
#2782 = ( GEOMETRIC_REPRESENTATION_CONTEXT(2) 
PARAMETRIC_REPRESENTATION_CONTEXT() REPRESENTATION_CONTEXT('2D SPACE',''
  ) );
#2783 = PCURVE('',#2434,#2784);
#2784 = DEFINITIONAL_REPRESENTATION('',(#2785),#2789);
#2785 = LINE('',#2786,#2787);
#2786 = CARTESIAN_POINT('',(-2.442490654175E-15,0.88245364056));
#2787 = VECTOR('',#2788,1.);
#2788 = DIRECTION('',(1.,5.551115123126E-17));
#2789 = ( GEOMETRIC_REPRESENTATION_CONTEXT(2) 
PARAMETRIC_REPRESENTATION_CONTEXT() REPRESENTATION_CONTEXT('2D SPACE',''
  ) );
#2790 = ORIENTED_EDGE('',*,*,#2446,.T.);
#2791 = ORIENTED_EDGE('',*,*,#2698,.T.);
#2792 = ORIENTED_EDGE('',*,*,#2793,.T.);
#2793 = EDGE_CURVE('',#2699,#2794,#2796,.T.);
#2794 = VERTEX_POINT('',#2795);
#2795 = CARTESIAN_POINT('',(-33.61728154514,-36.12913665379,
    18.534028437791));
#2796 = SURFACE_CURVE('',#2797,(#2801,#2807),.PCURVE_S1.);
#2797 = LINE('',#2798,#2799);
#2798 = CARTESIAN_POINT('',(-33.61728154514,-24.23352384016,
    12.610717073584));
#2799 = VECTOR('',#2800,1.);
#2800 = DIRECTION('',(0.,0.895163291355,-0.445738355777));
#2801 = PCURVE('',#2462,#2802);
#2802 = DEFINITIONAL_REPRESENTATION('',(#2803),#2806);
#2803 = B_SPLINE_CURVE_WITH_KNOTS('',1,(#2804,#2805),.UNSPECIFIED.,.F.,
  .F.,(2,2),(-15.707560676,-13.207560676),.PIECEWISE_BEZIER_KNOTS.);
#2804 = CARTESIAN_POINT('',(30.415121352005,7.559527783281));
#2805 = CARTESIAN_POINT('',(27.915121352005,7.559527783281));
#2806 = ( GEOMETRIC_REPRESENTATION_CONTEXT(2) 
PARAMETRIC_REPRESENTATION_CONTEXT() REPRESENTATION_CONTEXT('2D SPACE',''
  ) );
#2807 = PCURVE('',#2593,#2808);
#2808 = DEFINITIONAL_REPRESENTATION('',(#2809),#2812);
#2809 = B_SPLINE_CURVE_WITH_KNOTS('',1,(#2810,#2811),.UNSPECIFIED.,.F.,
  .F.,(2,2),(-15.707560676,-13.207560676),.PIECEWISE_BEZIER_KNOTS.);
#2810 = CARTESIAN_POINT('',(1.,-0.486839930751));
#2811 = CARTESIAN_POINT('',(-1.5,-0.486839930751));
#2812 = ( GEOMETRIC_REPRESENTATION_CONTEXT(2) 
PARAMETRIC_REPRESENTATION_CONTEXT() REPRESENTATION_CONTEXT('2D SPACE',''
  ) );
#2813 = ORIENTED_EDGE('',*,*,#2814,.F.);
#2814 = EDGE_CURVE('',#2815,#2794,#2817,.T.);
#2815 = VERTEX_POINT('',#2816);
#2816 = CARTESIAN_POINT('',(-31.44455276506,-36.94758795929,
    20.073384689047));
#2817 = SURFACE_CURVE('',#2818,(#2823,#2830),.PCURVE_S1.);
#2818 = ELLIPSE('',#2819,3.549302374729,1.5);
#2819 = AXIS2_PLACEMENT_3D('',#2820,#2821,#2822);
#2820 = CARTESIAN_POINT('',(-34.66131314582,-37.61619549295,
    18.730639752014));
#2821 = DIRECTION('',(-0.422618261741,0.403976142821,0.811293461624));
#2822 = DIRECTION('',(-0.906307787037,-0.188377169109,-0.378312354167));
#2823 = PCURVE('',#2462,#2824);
#2824 = DEFINITIONAL_REPRESENTATION('',(#2825),#2829);
#2825 = ELLIPSE('',#2826,3.549302374729,1.5);
#2826 = AXIS2_PLACEMENT_2D('',#2827,#2828);
#2827 = CARTESIAN_POINT('',(29.415121352005,6.407566368396));
#2828 = DIRECTION('',(0.,-1.));
#2829 = ( GEOMETRIC_REPRESENTATION_CONTEXT(2) 
PARAMETRIC_REPRESENTATION_CONTEXT() REPRESENTATION_CONTEXT('2D SPACE',''
  ) );
#2830 = PCURVE('',#2831,#2836);
#2831 = CYLINDRICAL_SURFACE('',#2832,1.5);
#2832 = AXIS2_PLACEMENT_3D('',#2833,#2834,#2835);
#2833 = CARTESIAN_POINT('',(-33.61728154514,-37.61619549295,
    18.730639752014));
#2834 = DIRECTION('',(-1.,0.,-0.));
#2835 = DIRECTION('',(0.,0.445738355777,0.895163291355));
#2836 = DEFINITIONAL_REPRESENTATION('',(#2837),#2846);
#2837 = B_SPLINE_CURVE_WITH_KNOTS('',7,(#2838,#2839,#2840,#2841,#2842,
    #2843,#2844,#2845),.UNSPECIFIED.,.F.,.F.,(8,8),(3.14159265359,
    4.38184271806),.PIECEWISE_BEZIER_KNOTS.);
#2838 = CARTESIAN_POINT('',(-6.28318530718,-2.172728780088));
#2839 = CARTESIAN_POINT('',(-6.106006726541,-2.172728780088));
#2840 = CARTESIAN_POINT('',(-5.928828145902,-2.054916646473));
#2841 = CARTESIAN_POINT('',(-5.751649565263,-1.819297034843));
#2842 = CARTESIAN_POINT('',(-5.574470984625,-1.474912375583));
#2843 = CARTESIAN_POINT('',(-5.397292403986,-1.039936753646));
#2844 = CARTESIAN_POINT('',(-5.220113823348,-0.539086788624));
#2845 = CARTESIAN_POINT('',(-5.042935242709,5.999999999062E-07));
#2846 = ( GEOMETRIC_REPRESENTATION_CONTEXT(2) 
PARAMETRIC_REPRESENTATION_CONTEXT() REPRESENTATION_CONTEXT('2D SPACE',''
  ) );
#2847 = ORIENTED_EDGE('',*,*,#2848,.F.);
#2848 = EDGE_CURVE('',#2849,#2815,#2851,.T.);
#2849 = VERTEX_POINT('',#2850);
#2850 = CARTESIAN_POINT('',(-32.26368151958,-38.01300815246,
    20.177201093007));
#2851 = SURFACE_CURVE('',#2852,(#2857,#2864),.PCURVE_S1.);
#2852 = ELLIPSE('',#2853,3.549302374729,1.5);
#2853 = AXIS2_PLACEMENT_3D('',#2854,#2855,#2856);
#2854 = CARTESIAN_POINT('',(-34.66131314582,-37.61619549295,
    18.730639752014));
#2855 = DIRECTION('',(-0.422618261741,0.403976142821,0.811293461624));
#2856 = DIRECTION('',(-0.906307787037,-0.188377169109,-0.378312354167));
#2857 = PCURVE('',#2462,#2858);
#2858 = DEFINITIONAL_REPRESENTATION('',(#2859),#2863);
#2859 = ELLIPSE('',#2860,3.549302374729,1.5);
#2860 = AXIS2_PLACEMENT_2D('',#2861,#2862);
#2861 = CARTESIAN_POINT('',(29.415121352005,6.407566368396));
#2862 = DIRECTION('',(0.,-1.));
#2863 = ( GEOMETRIC_REPRESENTATION_CONTEXT(2) 
PARAMETRIC_REPRESENTATION_CONTEXT() REPRESENTATION_CONTEXT('2D SPACE',''
  ) );
#2864 = PCURVE('',#2621,#2865);
#2865 = DEFINITIONAL_REPRESENTATION('',(#2866),#2875);
#2866 = B_SPLINE_CURVE_WITH_KNOTS('',7,(#2867,#2868,#2869,#2870,#2871,
    #2872,#2873,#2874),.UNSPECIFIED.,.F.,.F.,(8,8),(1.901342589119,
    3.14159265359),.PIECEWISE_BEZIER_KNOTS.);
#2867 = CARTESIAN_POINT('',(-1.240250064471,5.999999999062E-07));
#2868 = CARTESIAN_POINT('',(-1.063071483832,-0.539086788624));
#2869 = CARTESIAN_POINT('',(-0.885892903193,-1.039936753646));
#2870 = CARTESIAN_POINT('',(-0.708714322555,-1.474912375583));
#2871 = CARTESIAN_POINT('',(-0.531535741916,-1.819297034843));
#2872 = CARTESIAN_POINT('',(-0.354357161277,-2.054916646473));
#2873 = CARTESIAN_POINT('',(-0.177178580639,-2.172728780088));
#2874 = CARTESIAN_POINT('',(0.,-2.172728780088));
#2875 = ( GEOMETRIC_REPRESENTATION_CONTEXT(2) 
PARAMETRIC_REPRESENTATION_CONTEXT() REPRESENTATION_CONTEXT('2D SPACE',''
  ) );
#2876 = ORIENTED_EDGE('',*,*,#2877,.T.);
#2877 = EDGE_CURVE('',#2849,#2748,#2878,.T.);
#2878 = SURFACE_CURVE('',#2879,(#2883,#2890),.PCURVE_S1.);
#2879 = LINE('',#2880,#2881);
#2880 = CARTESIAN_POINT('',(-40.46854044145,-39.71839799767,
    16.752316590485));
#2881 = VECTOR('',#2882,1.);
#2882 = DIRECTION('',(0.906307787037,0.188377169109,0.378312354167));
#2883 = PCURVE('',#2462,#2884);
#2884 = DEFINITIONAL_REPRESENTATION('',(#2885),#2889);
#2885 = LINE('',#2886,#2887);
#2886 = CARTESIAN_POINT('',(30.415121352005,-1.7763568394E-15));
#2887 = VECTOR('',#2888,1.);
#2888 = DIRECTION('',(0.,1.));
#2889 = ( GEOMETRIC_REPRESENTATION_CONTEXT(2) 
PARAMETRIC_REPRESENTATION_CONTEXT() REPRESENTATION_CONTEXT('2D SPACE',''
  ) );
#2890 = PCURVE('',#2683,#2891);
#2891 = DEFINITIONAL_REPRESENTATION('',(#2892),#2896);
#2892 = LINE('',#2893,#2894);
#2893 = CARTESIAN_POINT('',(-2.109423746788E-15,0.88245364056));
#2894 = VECTOR('',#2895,1.);
#2895 = DIRECTION('',(1.,5.551115123126E-17));
#2896 = ( GEOMETRIC_REPRESENTATION_CONTEXT(2) 
PARAMETRIC_REPRESENTATION_CONTEXT() REPRESENTATION_CONTEXT('2D SPACE',''
  ) );
#2897 = ADVANCED_FACE('',(#2898),#2434,.F.);
#2898 = FACE_BOUND('',#2899,.F.);
#2899 = EDGE_LOOP('',(#2900,#2901,#2902,#2923));
#2900 = ORIENTED_EDGE('',*,*,#2418,.F.);
#2901 = ORIENTED_EDGE('',*,*,#2533,.T.);
#2902 = ORIENTED_EDGE('',*,*,#2903,.T.);
#2903 = EDGE_CURVE('',#2504,#2746,#2904,.T.);
#2904 = SURFACE_CURVE('',#2905,(#2909,#2916),.PCURVE_S1.);
#2905 = LINE('',#2906,#2907);
#2906 = CARTESIAN_POINT('',(-26.76602264884,-10.07781943452,
    8.043253442911));
#2907 = VECTOR('',#2908,1.);
#2908 = DIRECTION('',(-0.422618261741,0.403976142821,0.811293461624));
#2909 = PCURVE('',#2434,#2910);
#2910 = DEFINITIONAL_REPRESENTATION('',(#2911),#2915);
#2911 = LINE('',#2912,#2913);
#2912 = CARTESIAN_POINT('',(14.707560676003,-8.881784197001E-16));
#2913 = VECTOR('',#2914,1.);
#2914 = DIRECTION('',(5.551115123126E-17,1.));
#2915 = ( GEOMETRIC_REPRESENTATION_CONTEXT(2) 
PARAMETRIC_REPRESENTATION_CONTEXT() REPRESENTATION_CONTEXT('2D SPACE',''
  ) );
#2916 = PCURVE('',#2521,#2917);
#2917 = DEFINITIONAL_REPRESENTATION('',(#2918),#2922);
#2918 = LINE('',#2919,#2920);
#2919 = CARTESIAN_POINT('',(0.,0.));
#2920 = VECTOR('',#2921,1.);
#2921 = DIRECTION('',(0.,-1.));
#2922 = ( GEOMETRIC_REPRESENTATION_CONTEXT(2) 
PARAMETRIC_REPRESENTATION_CONTEXT() REPRESENTATION_CONTEXT('2D SPACE',''
  ) );
#2923 = ORIENTED_EDGE('',*,*,#2770,.F.);
#2924 = ADVANCED_FACE('',(#2925),#2521,.T.);
#2925 = FACE_BOUND('',#2926,.T.);
#2926 = EDGE_LOOP('',(#2927,#2928,#2929,#2930));
#2927 = ORIENTED_EDGE('',*,*,#2503,.F.);
#2928 = ORIENTED_EDGE('',*,*,#2903,.T.);
#2929 = ORIENTED_EDGE('',*,*,#2745,.T.);
#2930 = ORIENTED_EDGE('',*,*,#2931,.F.);
#2931 = EDGE_CURVE('',#2506,#2748,#2932,.T.);
#2932 = SURFACE_CURVE('',#2933,(#2937,#2944),.PCURVE_S1.);
#2933 = LINE('',#2934,#2935);
#2934 = CARTESIAN_POINT('',(-26.76602264884,-37.30431957095,
    21.600439625097));
#2935 = VECTOR('',#2936,1.);
#2936 = DIRECTION('',(-0.422618261741,0.403976142821,0.811293461624));
#2937 = PCURVE('',#2521,#2938);
#2938 = DEFINITIONAL_REPRESENTATION('',(#2939),#2943);
#2939 = LINE('',#2940,#2941);
#2940 = CARTESIAN_POINT('',(30.415121352005,0.));
#2941 = VECTOR('',#2942,1.);
#2942 = DIRECTION('',(0.,-1.));
#2943 = ( GEOMETRIC_REPRESENTATION_CONTEXT(2) 
PARAMETRIC_REPRESENTATION_CONTEXT() REPRESENTATION_CONTEXT('2D SPACE',''
  ) );
#2944 = PCURVE('',#2683,#2945);
#2945 = DEFINITIONAL_REPRESENTATION('',(#2946),#2950);
#2946 = LINE('',#2947,#2948);
#2947 = CARTESIAN_POINT('',(14.707560676003,1.7763568394E-15));
#2948 = VECTOR('',#2949,1.);
#2949 = DIRECTION('',(5.551115123126E-17,1.));
#2950 = ( GEOMETRIC_REPRESENTATION_CONTEXT(2) 
PARAMETRIC_REPRESENTATION_CONTEXT() REPRESENTATION_CONTEXT('2D SPACE',''
  ) );
#2951 = ADVANCED_FACE('',(#2952),#2683,.T.);
#2952 = FACE_BOUND('',#2953,.T.);
#2953 = EDGE_LOOP('',(#2954,#2955,#2974,#2975));
#2954 = ORIENTED_EDGE('',*,*,#2877,.F.);
#2955 = ORIENTED_EDGE('',*,*,#2956,.F.);
#2956 = EDGE_CURVE('',#2640,#2849,#2957,.T.);
#2957 = SURFACE_CURVE('',#2958,(#2962,#2968),.PCURVE_S1.);
#2958 = LINE('',#2959,#2960);
#2959 = CARTESIAN_POINT('',(-33.61728154514,-38.01300815246,
    20.177201093007));
#2960 = VECTOR('',#2961,1.);
#2961 = DIRECTION('',(-1.,0.,-0.));
#2962 = PCURVE('',#2683,#2963);
#2963 = DEFINITIONAL_REPRESENTATION('',(#2964),#2967);
#2964 = B_SPLINE_CURVE_WITH_KNOTS('',1,(#2965,#2966),.UNSPECIFIED.,.F.,
  .F.,(2,2),(-3.65046954705,-1.144793705428),.PIECEWISE_BEZIER_KNOTS.);
#2965 = CARTESIAN_POINT('',(11.134730895726,-8.824536405598E-02));
#2966 = CARTESIAN_POINT('',(8.863817368674,0.970699004616));
#2967 = ( GEOMETRIC_REPRESENTATION_CONTEXT(2) 
PARAMETRIC_REPRESENTATION_CONTEXT() REPRESENTATION_CONTEXT('2D SPACE',''
  ) );
#2968 = PCURVE('',#2621,#2969);
#2969 = DEFINITIONAL_REPRESENTATION('',(#2970),#2973);
#2970 = B_SPLINE_CURVE_WITH_KNOTS('',1,(#2971,#2972),.UNSPECIFIED.,.F.,
  .F.,(2,2),(-3.65046954705,-1.144793705428),.PIECEWISE_BEZIER_KNOTS.);
#2971 = CARTESIAN_POINT('',(-0.729727656227,-3.65046954705));
#2972 = CARTESIAN_POINT('',(-0.729727656227,-1.144793705428));
#2973 = ( GEOMETRIC_REPRESENTATION_CONTEXT(2) 
PARAMETRIC_REPRESENTATION_CONTEXT() REPRESENTATION_CONTEXT('2D SPACE',''
  ) );
#2974 = ORIENTED_EDGE('',*,*,#2669,.T.);
#2975 = ORIENTED_EDGE('',*,*,#2931,.T.);
#2976 = ADVANCED_FACE('',(#2977),#2621,.T.);
#2977 = FACE_BOUND('',#2978,.F.);
#2978 = EDGE_LOOP('',(#2979,#3003,#3024,#3025,#3026,#3027,#3050,#3077,
    #3078));
#2979 = ORIENTED_EDGE('',*,*,#2980,.F.);
#2980 = EDGE_CURVE('',#2981,#2579,#2983,.T.);
#2981 = VERTEX_POINT('',#2982);
#2982 = CARTESIAN_POINT('',(-33.61728154514,-36.94758795929,
    20.073384689047));
#2983 = SURFACE_CURVE('',#2984,(#2989,#2996),.PCURVE_S1.);
#2984 = CIRCLE('',#2985,1.5);
#2985 = AXIS2_PLACEMENT_3D('',#2986,#2987,#2988);
#2986 = CARTESIAN_POINT('',(-33.61728154514,-37.61619549295,
    18.730639752014));
#2987 = DIRECTION('',(1.,0.,-0.));
#2988 = DIRECTION('',(0.,0.445738355777,0.895163291355));
#2989 = PCURVE('',#2621,#2990);
#2990 = DEFINITIONAL_REPRESENTATION('',(#2991),#2995);
#2991 = LINE('',#2992,#2993);
#2992 = CARTESIAN_POINT('',(-0.,0.));
#2993 = VECTOR('',#2994,1.);
#2994 = DIRECTION('',(-1.,0.));
#2995 = ( GEOMETRIC_REPRESENTATION_CONTEXT(2) 
PARAMETRIC_REPRESENTATION_CONTEXT() REPRESENTATION_CONTEXT('2D SPACE',''
  ) );
#2996 = PCURVE('',#2593,#2997);
#2997 = DEFINITIONAL_REPRESENTATION('',(#2998),#3002);
#2998 = CIRCLE('',#2999,1.5);
#2999 = AXIS2_PLACEMENT_2D('',#3000,#3001);
#3000 = CARTESIAN_POINT('',(0.,0.));
#3001 = DIRECTION('',(0.,-1.));
#3002 = ( GEOMETRIC_REPRESENTATION_CONTEXT(2) 
PARAMETRIC_REPRESENTATION_CONTEXT() REPRESENTATION_CONTEXT('2D SPACE',''
  ) );
#3003 = ORIENTED_EDGE('',*,*,#3004,.T.);
#3004 = EDGE_CURVE('',#2981,#2815,#3005,.T.);
#3005 = SURFACE_CURVE('',#3006,(#3010,#3017),.PCURVE_S1.);
#3006 = LINE('',#3007,#3008);
#3007 = CARTESIAN_POINT('',(-33.61728154514,-36.94758795929,
    20.073384689047));
#3008 = VECTOR('',#3009,1.);
#3009 = DIRECTION('',(1.,0.,0.));
#3010 = PCURVE('',#2621,#3011);
#3011 = DEFINITIONAL_REPRESENTATION('',(#3012),#3016);
#3012 = LINE('',#3013,#3014);
#3013 = CARTESIAN_POINT('',(-0.,0.));
#3014 = VECTOR('',#3015,1.);
#3015 = DIRECTION('',(-0.,-1.));
#3016 = ( GEOMETRIC_REPRESENTATION_CONTEXT(2) 
PARAMETRIC_REPRESENTATION_CONTEXT() REPRESENTATION_CONTEXT('2D SPACE',''
  ) );
#3017 = PCURVE('',#2831,#3018);
#3018 = DEFINITIONAL_REPRESENTATION('',(#3019),#3023);
#3019 = LINE('',#3020,#3021);
#3020 = CARTESIAN_POINT('',(-6.28318530718,0.));
#3021 = VECTOR('',#3022,1.);
#3022 = DIRECTION('',(-0.,-1.));
#3023 = ( GEOMETRIC_REPRESENTATION_CONTEXT(2) 
PARAMETRIC_REPRESENTATION_CONTEXT() REPRESENTATION_CONTEXT('2D SPACE',''
  ) );
#3024 = ORIENTED_EDGE('',*,*,#2848,.F.);
#3025 = ORIENTED_EDGE('',*,*,#2956,.F.);
#3026 = ORIENTED_EDGE('',*,*,#2639,.T.);
#3027 = ORIENTED_EDGE('',*,*,#3028,.T.);
#3028 = EDGE_CURVE('',#2605,#3029,#3031,.T.);
#3029 = VERTEX_POINT('',#3030);
#3030 = CARTESIAN_POINT('',(-23.61728154514,-36.94758795929,
    20.073384689047));
#3031 = SEAM_CURVE('',#3032,(#3036,#3043),.PCURVE_S1.);
#3032 = LINE('',#3033,#3034);
#3033 = CARTESIAN_POINT('',(-33.61728154514,-36.94758795929,
    20.073384689047));
#3034 = VECTOR('',#3035,1.);
#3035 = DIRECTION('',(1.,0.,0.));
#3036 = PCURVE('',#2621,#3037);
#3037 = DEFINITIONAL_REPRESENTATION('',(#3038),#3042);
#3038 = LINE('',#3039,#3040);
#3039 = CARTESIAN_POINT('',(-0.,0.));
#3040 = VECTOR('',#3041,1.);
#3041 = DIRECTION('',(-0.,-1.));
#3042 = ( GEOMETRIC_REPRESENTATION_CONTEXT(2) 
PARAMETRIC_REPRESENTATION_CONTEXT() REPRESENTATION_CONTEXT('2D SPACE',''
  ) );
#3043 = PCURVE('',#2621,#3044);
#3044 = DEFINITIONAL_REPRESENTATION('',(#3045),#3049);
#3045 = LINE('',#3046,#3047);
#3046 = CARTESIAN_POINT('',(-6.28318530718,0.));
#3047 = VECTOR('',#3048,1.);
#3048 = DIRECTION('',(-0.,-1.));
#3049 = ( GEOMETRIC_REPRESENTATION_CONTEXT(2) 
PARAMETRIC_REPRESENTATION_CONTEXT() REPRESENTATION_CONTEXT('2D SPACE',''
  ) );
#3050 = ORIENTED_EDGE('',*,*,#3051,.T.);
#3051 = EDGE_CURVE('',#3029,#3029,#3052,.T.);
#3052 = SURFACE_CURVE('',#3053,(#3058,#3065),.PCURVE_S1.);
#3053 = CIRCLE('',#3054,1.5);
#3054 = AXIS2_PLACEMENT_3D('',#3055,#3056,#3057);
#3055 = CARTESIAN_POINT('',(-23.61728154514,-37.61619549295,
    18.730639752014));
#3056 = DIRECTION('',(1.,0.,-0.));
#3057 = DIRECTION('',(0.,0.445738355777,0.895163291355));
#3058 = PCURVE('',#2621,#3059);
#3059 = DEFINITIONAL_REPRESENTATION('',(#3060),#3064);
#3060 = LINE('',#3061,#3062);
#3061 = CARTESIAN_POINT('',(-0.,-10.));
#3062 = VECTOR('',#3063,1.);
#3063 = DIRECTION('',(-1.,0.));
#3064 = ( GEOMETRIC_REPRESENTATION_CONTEXT(2) 
PARAMETRIC_REPRESENTATION_CONTEXT() REPRESENTATION_CONTEXT('2D SPACE',''
  ) );
#3065 = PCURVE('',#3066,#3071);
#3066 = PLANE('',#3067);
#3067 = AXIS2_PLACEMENT_3D('',#3068,#3069,#3070);
#3068 = CARTESIAN_POINT('',(-23.61728154514,-37.61619549295,
    18.730639752014));
#3069 = DIRECTION('',(1.,0.,0.));
#3070 = DIRECTION('',(0.,-0.895163291355,0.445738355777));
#3071 = DEFINITIONAL_REPRESENTATION('',(#3072),#3076);
#3072 = CIRCLE('',#3073,1.5);
#3073 = AXIS2_PLACEMENT_2D('',#3074,#3075);
#3074 = CARTESIAN_POINT('',(0.,0.));
#3075 = DIRECTION('',(0.,-1.));
#3076 = ( GEOMETRIC_REPRESENTATION_CONTEXT(2) 
PARAMETRIC_REPRESENTATION_CONTEXT() REPRESENTATION_CONTEXT('2D SPACE',''
  ) );
#3077 = ORIENTED_EDGE('',*,*,#3028,.F.);
#3078 = ORIENTED_EDGE('',*,*,#2604,.T.);
#3079 = ADVANCED_FACE('',(#3080),#2593,.F.);
#3080 = FACE_BOUND('',#3081,.F.);
#3081 = EDGE_LOOP('',(#3082,#3104,#3105,#3106,#3107));
#3082 = ORIENTED_EDGE('',*,*,#3083,.T.);
#3083 = EDGE_CURVE('',#2794,#2981,#3084,.T.);
#3084 = SURFACE_CURVE('',#3085,(#3090,#3097),.PCURVE_S1.);
#3085 = CIRCLE('',#3086,1.5);
#3086 = AXIS2_PLACEMENT_3D('',#3087,#3088,#3089);
#3087 = CARTESIAN_POINT('',(-33.61728154514,-37.61619549295,
    18.730639752014));
#3088 = DIRECTION('',(1.,0.,-0.));
#3089 = DIRECTION('',(0.,0.445738355777,0.895163291355));
#3090 = PCURVE('',#2593,#3091);
#3091 = DEFINITIONAL_REPRESENTATION('',(#3092),#3096);
#3092 = CIRCLE('',#3093,1.5);
#3093 = AXIS2_PLACEMENT_2D('',#3094,#3095);
#3094 = CARTESIAN_POINT('',(0.,0.));
#3095 = DIRECTION('',(0.,-1.));
#3096 = ( GEOMETRIC_REPRESENTATION_CONTEXT(2) 
PARAMETRIC_REPRESENTATION_CONTEXT() REPRESENTATION_CONTEXT('2D SPACE',''
  ) );
#3097 = PCURVE('',#2831,#3098);
#3098 = DEFINITIONAL_REPRESENTATION('',(#3099),#3103);
#3099 = LINE('',#3100,#3101);
#3100 = CARTESIAN_POINT('',(-0.,0.));
#3101 = VECTOR('',#3102,1.);
#3102 = DIRECTION('',(-1.,0.));
#3103 = ( GEOMETRIC_REPRESENTATION_CONTEXT(2) 
PARAMETRIC_REPRESENTATION_CONTEXT() REPRESENTATION_CONTEXT('2D SPACE',''
  ) );
#3104 = ORIENTED_EDGE('',*,*,#2980,.T.);
#3105 = ORIENTED_EDGE('',*,*,#2578,.F.);
#3106 = ORIENTED_EDGE('',*,*,#2723,.T.);
#3107 = ORIENTED_EDGE('',*,*,#2793,.T.);
#3108 = ADVANCED_FACE('',(#3109),#2831,.T.);
#3109 = FACE_BOUND('',#3110,.F.);
#3110 = EDGE_LOOP('',(#3111,#3112,#3113));
#3111 = ORIENTED_EDGE('',*,*,#3083,.F.);
#3112 = ORIENTED_EDGE('',*,*,#2814,.F.);
#3113 = ORIENTED_EDGE('',*,*,#3004,.F.);
#3114 = ADVANCED_FACE('',(#3115),#3066,.T.);
#3115 = FACE_BOUND('',#3116,.T.);
#3116 = EDGE_LOOP('',(#3117));
#3117 = ORIENTED_EDGE('',*,*,#3051,.T.);
#3118 = ( GEOMETRIC_REPRESENTATION_CONTEXT(3) 
GLOBAL_UNCERTAINTY_ASSIGNED_CONTEXT((#3122)) 
GLOBAL_UNIT_ASSIGNED_CONTEXT((#3119,#3120,#3121)) REPRESENTATION_CONTEXT
('Context #1','3D Context with UNIT and UNCERTAINTY') );
#3119 = ( LENGTH_UNIT() NAMED_UNIT(*) SI_UNIT(.MILLI.,.METRE.) );
#3120 = ( NAMED_UNIT(*) PLANE_ANGLE_UNIT() SI_UNIT($,.RADIAN.) );
#3121 = ( NAMED_UNIT(*) SI_UNIT($,.STERADIAN.) SOLID_ANGLE_UNIT() );
#3122 = UNCERTAINTY_MEASURE_WITH_UNIT(LENGTH_MEASURE(1.E-07),#3119,
  'distance_accuracy_value','confusion accuracy');
#3123 = CONTEXT_DEPENDENT_SHAPE_REPRESENTATION(#3124,#3126);
#3124 = ( REPRESENTATION_RELATIONSHIP('','',#2376,#10) 
REPRESENTATION_RELATIONSHIP_WITH_TRANSFORMATION(#3125) 
SHAPE_REPRESENTATION_RELATIONSHIP() );
#3125 = ITEM_DEFINED_TRANSFORMATION('','',#11,#27);
#3126 = PRODUCT_DEFINITION_SHAPE('Placement','Placement of an item',
  #3127);
#3127 = NEXT_ASSEMBLY_USAGE_OCCURRENCE('4','','',#5,#2371,$);
#3128 = PRODUCT_RELATED_PRODUCT_CATEGORY('part',$,(#2373));
#3129 = SHAPE_DEFINITION_REPRESENTATION(#3130,#3136);
#3130 = PRODUCT_DEFINITION_SHAPE('','',#3131);
#3131 = PRODUCT_DEFINITION('design','',#3132,#3135);
#3132 = PRODUCT_DEFINITION_FORMATION('','',#3133);
#3133 = PRODUCT('Open CASCADE STEP translator 7.9 2.5',
  'Open CASCADE STEP translator 7.9 2.5','',(#3134));
#3134 = PRODUCT_CONTEXT('',#2,'mechanical');
#3135 = PRODUCT_DEFINITION_CONTEXT('part definition',#2,'design');
#3136 = ADVANCED_BREP_SHAPE_REPRESENTATION('',(#11,#3137),#3878);
#3137 = MANIFOLD_SOLID_BREP('',#3138);
#3138 = CLOSED_SHELL('',(#3139,#3259,#3454,#3501,#3657,#3684,#3711,#3736
    ,#3839,#3868,#3874));
#3139 = ADVANCED_FACE('',(#3140),#3154,.F.);
#3140 = FACE_BOUND('',#3141,.F.);
#3141 = EDGE_LOOP('',(#3142,#3177,#3205,#3233));
#3142 = ORIENTED_EDGE('',*,*,#3143,.F.);
#3143 = EDGE_CURVE('',#3144,#3146,#3148,.T.);
#3144 = VERTEX_POINT('',#3145);
#3145 = CARTESIAN_POINT('',(-40.09559941781,-12.87635597139,
    -2.329586530838));
#3146 = VERTEX_POINT('',#3147);
#3147 = CARTESIAN_POINT('',(-40.09559941781,-43.16173177774,
    0.476766819189));
#3148 = SURFACE_CURVE('',#3149,(#3153,#3165),.PCURVE_S1.);
#3149 = LINE('',#3150,#3151);
#3150 = CARTESIAN_POINT('',(-40.09559941781,-12.87635597139,
    -2.329586530838));
#3151 = VECTOR('',#3152,1.);
#3152 = DIRECTION('',(0.,-0.995734176295,9.22683594633E-02));
#3153 = PCURVE('',#3154,#3159);
#3154 = PLANE('',#3155);
#3155 = AXIS2_PLACEMENT_3D('',#3156,#3157,#3158);
#3156 = CARTESIAN_POINT('',(-40.09559941781,-12.87635597139,
    -2.329586530838));
#3157 = DIRECTION('',(0.906307787037,3.899429369005E-02,0.420815446742)
  );
#3158 = DIRECTION('',(0.,-0.995734176295,9.22683594633E-02));
#3159 = DEFINITIONAL_REPRESENTATION('',(#3160),#3164);
#3160 = LINE('',#3161,#3162);
#3161 = CARTESIAN_POINT('',(0.,0.));
#3162 = VECTOR('',#3163,1.);
#3163 = DIRECTION('',(1.,0.));
#3164 = ( GEOMETRIC_REPRESENTATION_CONTEXT(2) 
PARAMETRIC_REPRESENTATION_CONTEXT() REPRESENTATION_CONTEXT('2D SPACE',''
  ) );
#3165 = PCURVE('',#3166,#3171);
#3166 = PLANE('',#3167);
#3167 = AXIS2_PLACEMENT_3D('',#3168,#3169,#3170);
#3168 = CARTESIAN_POINT('',(-40.09559941781,-12.87635597139,
    -2.329586530838));
#3169 = DIRECTION('',(-0.422618261741,8.362353267869E-02,0.902441637795)
  );
#3170 = DIRECTION('',(0.,-0.995734176295,9.22683594633E-02));
#3171 = DEFINITIONAL_REPRESENTATION('',(#3172),#3176);
#3172 = LINE('',#3173,#3174);
#3173 = CARTESIAN_POINT('',(0.,0.));
#3174 = VECTOR('',#3175,1.);
#3175 = DIRECTION('',(1.,0.));
#3176 = ( GEOMETRIC_REPRESENTATION_CONTEXT(2) 
PARAMETRIC_REPRESENTATION_CONTEXT() REPRESENTATION_CONTEXT('2D SPACE',''
  ) );
#3177 = ORIENTED_EDGE('',*,*,#3178,.T.);
#3178 = EDGE_CURVE('',#3144,#3179,#3181,.T.);
#3179 = VERTEX_POINT('',#3180);
#3180 = CARTESIAN_POINT('',(-40.46854044145,-12.80256208054,
    -1.533223622173));
#3181 = SURFACE_CURVE('',#3182,(#3186,#3193),.PCURVE_S1.);
#3182 = LINE('',#3183,#3184);
#3183 = CARTESIAN_POINT('',(-40.09559941781,-12.87635597139,
    -2.329586530838));
#3184 = VECTOR('',#3185,1.);
#3185 = DIRECTION('',(-0.422618261741,8.362353267869E-02,0.902441637795)
  );
#3186 = PCURVE('',#3154,#3187);
#3187 = DEFINITIONAL_REPRESENTATION('',(#3188),#3192);
#3188 = LINE('',#3189,#3190);
#3189 = CARTESIAN_POINT('',(0.,0.));
#3190 = VECTOR('',#3191,1.);
#3191 = DIRECTION('',(0.,-1.));
#3192 = ( GEOMETRIC_REPRESENTATION_CONTEXT(2) 
PARAMETRIC_REPRESENTATION_CONTEXT() REPRESENTATION_CONTEXT('2D SPACE',''
  ) );
#3193 = PCURVE('',#3194,#3199);
#3194 = PLANE('',#3195);
#3195 = AXIS2_PLACEMENT_3D('',#3196,#3197,#3198);
#3196 = CARTESIAN_POINT('',(-40.09559941781,-12.87635597139,
    -2.329586530838));
#3197 = DIRECTION('',(0.,-0.995734176295,9.22683594633E-02));
#3198 = DIRECTION('',(0.906307787037,3.899429369005E-02,0.420815446742)
  );
#3199 = DEFINITIONAL_REPRESENTATION('',(#3200),#3204);
#3200 = LINE('',#3201,#3202);
#3201 = CARTESIAN_POINT('',(0.,0.));
#3202 = VECTOR('',#3203,1.);
#3203 = DIRECTION('',(-5.551115123126E-17,1.));
#3204 = ( GEOMETRIC_REPRESENTATION_CONTEXT(2) 
PARAMETRIC_REPRESENTATION_CONTEXT() REPRESENTATION_CONTEXT('2D SPACE',''
  ) );
#3205 = ORIENTED_EDGE('',*,*,#3206,.T.);
#3206 = EDGE_CURVE('',#3179,#3207,#3209,.T.);
#3207 = VERTEX_POINT('',#3208);
#3208 = CARTESIAN_POINT('',(-40.46854044145,-43.08793788689,
    1.273129727854));
#3209 = SURFACE_CURVE('',#3210,(#3214,#3221),.PCURVE_S1.);
#3210 = LINE('',#3211,#3212);
#3211 = CARTESIAN_POINT('',(-40.46854044145,-12.80256208054,
    -1.533223622173));
#3212 = VECTOR('',#3213,1.);
#3213 = DIRECTION('',(0.,-0.995734176295,9.22683594633E-02));
#3214 = PCURVE('',#3154,#3215);
#3215 = DEFINITIONAL_REPRESENTATION('',(#3216),#3220);
#3216 = LINE('',#3217,#3218);
#3217 = CARTESIAN_POINT('',(-1.262878690511E-15,-0.88245364056));
#3218 = VECTOR('',#3219,1.);
#3219 = DIRECTION('',(1.,0.));
#3220 = ( GEOMETRIC_REPRESENTATION_CONTEXT(2) 
PARAMETRIC_REPRESENTATION_CONTEXT() REPRESENTATION_CONTEXT('2D SPACE',''
  ) );
#3221 = PCURVE('',#3222,#3227);
#3222 = PLANE('',#3223);
#3223 = AXIS2_PLACEMENT_3D('',#3224,#3225,#3226);
#3224 = CARTESIAN_POINT('',(-40.46854044145,-12.80256208054,
    -1.533223622173));
#3225 = DIRECTION('',(-0.422618261741,8.362353267869E-02,0.902441637795)
  );
#3226 = DIRECTION('',(0.,-0.995734176295,9.22683594633E-02));
#3227 = DEFINITIONAL_REPRESENTATION('',(#3228),#3232);
#3228 = LINE('',#3229,#3230);
#3229 = CARTESIAN_POINT('',(0.,0.));
#3230 = VECTOR('',#3231,1.);
#3231 = DIRECTION('',(1.,0.));
#3232 = ( GEOMETRIC_REPRESENTATION_CONTEXT(2) 
PARAMETRIC_REPRESENTATION_CONTEXT() REPRESENTATION_CONTEXT('2D SPACE',''
  ) );
#3233 = ORIENTED_EDGE('',*,*,#3234,.F.);
#3234 = EDGE_CURVE('',#3146,#3207,#3235,.T.);
#3235 = SURFACE_CURVE('',#3236,(#3240,#3247),.PCURVE_S1.);
#3236 = LINE('',#3237,#3238);
#3237 = CARTESIAN_POINT('',(-40.09559941781,-43.16173177774,
    0.476766819189));
#3238 = VECTOR('',#3239,1.);
#3239 = DIRECTION('',(-0.422618261741,8.362353267869E-02,0.902441637795)
  );
#3240 = PCURVE('',#3154,#3241);
#3241 = DEFINITIONAL_REPRESENTATION('',(#3242),#3246);
#3242 = LINE('',#3243,#3244);
#3243 = CARTESIAN_POINT('',(30.415121352005,4.440892098501E-16));
#3244 = VECTOR('',#3245,1.);
#3245 = DIRECTION('',(0.,-1.));
#3246 = ( GEOMETRIC_REPRESENTATION_CONTEXT(2) 
PARAMETRIC_REPRESENTATION_CONTEXT() REPRESENTATION_CONTEXT('2D SPACE',''
  ) );
#3247 = PCURVE('',#3248,#3253);
#3248 = PLANE('',#3249);
#3249 = AXIS2_PLACEMENT_3D('',#3250,#3251,#3252);
#3250 = CARTESIAN_POINT('',(-40.09559941781,-43.16173177774,
    0.476766819189));
#3251 = DIRECTION('',(0.,-0.995734176295,9.22683594633E-02));
#3252 = DIRECTION('',(0.906307787037,3.899429369005E-02,0.420815446742)
  );
#3253 = DEFINITIONAL_REPRESENTATION('',(#3254),#3258);
#3254 = LINE('',#3255,#3256);
#3255 = CARTESIAN_POINT('',(0.,0.));
#3256 = VECTOR('',#3257,1.);
#3257 = DIRECTION('',(-5.551115123126E-17,1.));
#3258 = ( GEOMETRIC_REPRESENTATION_CONTEXT(2) 
PARAMETRIC_REPRESENTATION_CONTEXT() REPRESENTATION_CONTEXT('2D SPACE',''
  ) );
#3259 = ADVANCED_FACE('',(#3260),#3166,.F.);
#3260 = FACE_BOUND('',#3261,.F.);
#3261 = EDGE_LOOP('',(#3262,#3292,#3313,#3314,#3337,#3363,#3398,#3428));
#3262 = ORIENTED_EDGE('',*,*,#3263,.F.);
#3263 = EDGE_CURVE('',#3264,#3266,#3268,.T.);
#3264 = VERTEX_POINT('',#3265);
#3265 = CARTESIAN_POINT('',(-26.76602264884,-12.30284503093,
    3.859582185513));
#3266 = VERTEX_POINT('',#3267);
#3267 = CARTESIAN_POINT('',(-26.76602264884,-42.58822083728,
    6.66593553554));
#3268 = SURFACE_CURVE('',#3269,(#3273,#3280),.PCURVE_S1.);
#3269 = LINE('',#3270,#3271);
#3270 = CARTESIAN_POINT('',(-26.76602264884,-12.30284503093,
    3.859582185513));
#3271 = VECTOR('',#3272,1.);
#3272 = DIRECTION('',(0.,-0.995734176295,9.22683594633E-02));
#3273 = PCURVE('',#3166,#3274);
#3274 = DEFINITIONAL_REPRESENTATION('',(#3275),#3279);
#3275 = LINE('',#3276,#3277);
#3276 = CARTESIAN_POINT('',(4.440892098501E-16,14.707560676003));
#3277 = VECTOR('',#3278,1.);
#3278 = DIRECTION('',(1.,0.));
#3279 = ( GEOMETRIC_REPRESENTATION_CONTEXT(2) 
PARAMETRIC_REPRESENTATION_CONTEXT() REPRESENTATION_CONTEXT('2D SPACE',''
  ) );
#3280 = PCURVE('',#3281,#3286);
#3281 = PLANE('',#3282);
#3282 = AXIS2_PLACEMENT_3D('',#3283,#3284,#3285);
#3283 = CARTESIAN_POINT('',(-26.76602264884,-12.30284503093,
    3.859582185513));
#3284 = DIRECTION('',(0.906307787037,3.899429369005E-02,0.420815446742)
  );
#3285 = DIRECTION('',(0.,-0.995734176295,9.22683594633E-02));
#3286 = DEFINITIONAL_REPRESENTATION('',(#3287),#3291);
#3287 = LINE('',#3288,#3289);
#3288 = CARTESIAN_POINT('',(0.,0.));
#3289 = VECTOR('',#3290,1.);
#3290 = DIRECTION('',(1.,0.));
#3291 = ( GEOMETRIC_REPRESENTATION_CONTEXT(2) 
PARAMETRIC_REPRESENTATION_CONTEXT() REPRESENTATION_CONTEXT('2D SPACE',''
  ) );
#3292 = ORIENTED_EDGE('',*,*,#3293,.F.);
#3293 = EDGE_CURVE('',#3144,#3264,#3294,.T.);
#3294 = SURFACE_CURVE('',#3295,(#3299,#3306),.PCURVE_S1.);
#3295 = LINE('',#3296,#3297);
#3296 = CARTESIAN_POINT('',(-40.09559941781,-12.87635597139,
    -2.329586530838));
#3297 = VECTOR('',#3298,1.);
#3298 = DIRECTION('',(0.906307787037,3.899429369005E-02,0.420815446742)
  );
#3299 = PCURVE('',#3166,#3300);
#3300 = DEFINITIONAL_REPRESENTATION('',(#3301),#3305);
#3301 = LINE('',#3302,#3303);
#3302 = CARTESIAN_POINT('',(0.,0.));
#3303 = VECTOR('',#3304,1.);
#3304 = DIRECTION('',(-6.938893903907E-18,1.));
#3305 = ( GEOMETRIC_REPRESENTATION_CONTEXT(2) 
PARAMETRIC_REPRESENTATION_CONTEXT() REPRESENTATION_CONTEXT('2D SPACE',''
  ) );
#3306 = PCURVE('',#3194,#3307);
#3307 = DEFINITIONAL_REPRESENTATION('',(#3308),#3312);
#3308 = LINE('',#3309,#3310);
#3309 = CARTESIAN_POINT('',(0.,0.));
#3310 = VECTOR('',#3311,1.);
#3311 = DIRECTION('',(1.,-5.551115123126E-17));
#3312 = ( GEOMETRIC_REPRESENTATION_CONTEXT(2) 
PARAMETRIC_REPRESENTATION_CONTEXT() REPRESENTATION_CONTEXT('2D SPACE',''
  ) );
#3313 = ORIENTED_EDGE('',*,*,#3143,.T.);
#3314 = ORIENTED_EDGE('',*,*,#3315,.T.);
#3315 = EDGE_CURVE('',#3146,#3316,#3318,.T.);
#3316 = VERTEX_POINT('',#3317);
#3317 = CARTESIAN_POINT('',(-33.61728154514,-42.88299928382,
    3.484769474263));
#3318 = SURFACE_CURVE('',#3319,(#3323,#3330),.PCURVE_S1.);
#3319 = LINE('',#3320,#3321);
#3320 = CARTESIAN_POINT('',(-40.09559941781,-43.16173177774,
    0.476766819189));
#3321 = VECTOR('',#3322,1.);
#3322 = DIRECTION('',(0.906307787037,3.899429369005E-02,0.420815446742)
  );
#3323 = PCURVE('',#3166,#3324);
#3324 = DEFINITIONAL_REPRESENTATION('',(#3325),#3329);
#3325 = LINE('',#3326,#3327);
#3326 = CARTESIAN_POINT('',(30.415121352005,2.22044604925E-16));
#3327 = VECTOR('',#3328,1.);
#3328 = DIRECTION('',(-6.938893903907E-18,1.));
#3329 = ( GEOMETRIC_REPRESENTATION_CONTEXT(2) 
PARAMETRIC_REPRESENTATION_CONTEXT() REPRESENTATION_CONTEXT('2D SPACE',''
  ) );
#3330 = PCURVE('',#3248,#3331);
#3331 = DEFINITIONAL_REPRESENTATION('',(#3332),#3336);
#3332 = LINE('',#3333,#3334);
#3333 = CARTESIAN_POINT('',(0.,0.));
#3334 = VECTOR('',#3335,1.);
#3335 = DIRECTION('',(1.,-5.551115123126E-17));
#3336 = ( GEOMETRIC_REPRESENTATION_CONTEXT(2) 
PARAMETRIC_REPRESENTATION_CONTEXT() REPRESENTATION_CONTEXT('2D SPACE',''
  ) );
#3337 = ORIENTED_EDGE('',*,*,#3338,.T.);
#3338 = EDGE_CURVE('',#3316,#3339,#3341,.T.);
#3339 = VERTEX_POINT('',#3340);
#3340 = CARTESIAN_POINT('',(-33.61728154514,-40.47451975951,
    3.261590979641));
#3341 = SURFACE_CURVE('',#3342,(#3346,#3352),.PCURVE_S1.);
#3342 = LINE('',#3343,#3344);
#3343 = CARTESIAN_POINT('',(-33.61728154514,-27.24244429249,
    2.035458619518));
#3344 = VECTOR('',#3345,1.);
#3345 = DIRECTION('',(0.,0.995734176295,-9.22683594633E-02));
#3346 = PCURVE('',#3166,#3347);
#3347 = DEFINITIONAL_REPRESENTATION('',(#3348),#3351);
#3348 = B_SPLINE_CURVE_WITH_KNOTS('',1,(#3349,#3350),.UNSPECIFIED.,.F.,
  .F.,(2,2),(-15.707560676,-13.207560676),.PIECEWISE_BEZIER_KNOTS.);
#3349 = CARTESIAN_POINT('',(30.415121352005,7.148032892721));
#3350 = CARTESIAN_POINT('',(27.915121352005,7.148032892721));
#3351 = ( GEOMETRIC_REPRESENTATION_CONTEXT(2) 
PARAMETRIC_REPRESENTATION_CONTEXT() REPRESENTATION_CONTEXT('2D SPACE',''
  ) );
#3352 = PCURVE('',#3353,#3358);
#3353 = PLANE('',#3354);
#3354 = AXIS2_PLACEMENT_3D('',#3355,#3356,#3357);
#3355 = CARTESIAN_POINT('',(-33.61728154514,-41.84234518579,
    3.877264272234));
#3356 = DIRECTION('',(1.,0.,0.));
#3357 = DIRECTION('',(0.,-0.995734176295,9.22683594633E-02));
#3358 = DEFINITIONAL_REPRESENTATION('',(#3359),#3362);
#3359 = B_SPLINE_CURVE_WITH_KNOTS('',1,(#3360,#3361),.UNSPECIFIED.,.F.,
  .F.,(2,2),(-15.707560676,-13.207560676),.PIECEWISE_BEZIER_KNOTS.);
#3360 = CARTESIAN_POINT('',(1.,0.486839930751));
#3361 = CARTESIAN_POINT('',(-1.5,0.486839930751));
#3362 = ( GEOMETRIC_REPRESENTATION_CONTEXT(2) 
PARAMETRIC_REPRESENTATION_CONTEXT() REPRESENTATION_CONTEXT('2D SPACE',''
  ) );
#3363 = ORIENTED_EDGE('',*,*,#3364,.F.);
#3364 = EDGE_CURVE('',#3365,#3339,#3367,.T.);
#3365 = VERTEX_POINT('',#3366);
#3366 = CARTESIAN_POINT('',(-29.3564895637,-41.7039426466,5.370865536676
    ));
#3367 = SURFACE_CURVE('',#3368,(#3373,#3380),.PCURVE_S1.);
#3368 = ELLIPSE('',#3369,3.549302374729,1.5);
#3369 = AXIS2_PLACEMENT_3D('',#3370,#3371,#3372);
#3370 = CARTESIAN_POINT('',(-32.57324994447,-41.84234518579,
    3.877264272234));
#3371 = DIRECTION('',(-0.422618261741,8.362353267869E-02,0.902441637795)
  );
#3372 = DIRECTION('',(-0.906307787037,-3.899429369005E-02,
    -0.420815446742));
#3373 = PCURVE('',#3166,#3374);
#3374 = DEFINITIONAL_REPRESENTATION('',(#3375),#3379);
#3375 = ELLIPSE('',#3376,3.549302374729,1.5);
#3376 = AXIS2_PLACEMENT_2D('',#3377,#3378);
#3377 = CARTESIAN_POINT('',(29.415121352005,8.299994307606));
#3378 = DIRECTION('',(0.,-1.));
#3379 = ( GEOMETRIC_REPRESENTATION_CONTEXT(2) 
PARAMETRIC_REPRESENTATION_CONTEXT() REPRESENTATION_CONTEXT('2D SPACE',''
  ) );
#3380 = PCURVE('',#3381,#3386);
#3381 = CYLINDRICAL_SURFACE('',#3382,1.5);
#3382 = AXIS2_PLACEMENT_3D('',#3383,#3384,#3385);
#3383 = CARTESIAN_POINT('',(-33.61728154514,-41.84234518579,
    3.877264272234));
#3384 = DIRECTION('',(-1.,0.,-0.));
#3385 = DIRECTION('',(0.,9.22683594633E-02,0.995734176295));
#3386 = DEFINITIONAL_REPRESENTATION('',(#3387),#3397);
#3387 = B_SPLINE_CURVE_WITH_KNOTS('',8,(#3388,#3389,#3390,#3391,#3392,
    #3393,#3394,#3395,#3396),.UNSPECIFIED.,.F.,.F.,(9,9),(3.14159265359,
    5.042935637106),.PIECEWISE_BEZIER_KNOTS.);
#3388 = CARTESIAN_POINT('',(-6.28318530718,-4.26079198144));
#3389 = CARTESIAN_POINT('',(-6.04551743424,-4.26079198144));
#3390 = CARTESIAN_POINT('',(-5.807849561299,-4.053131704455));
#3391 = CARTESIAN_POINT('',(-5.570181688366,-3.637818875013));
#3392 = CARTESIAN_POINT('',(-5.332513815417,-3.039844771438));
#3393 = CARTESIAN_POINT('',(-5.094845942488,-2.309344507437));
#3394 = CARTESIAN_POINT('',(-4.857178069542,-1.513664959142));
#3395 = CARTESIAN_POINT('',(-4.619510196603,-0.72313272222));
#3396 = CARTESIAN_POINT('',(-4.381842323664,5.999999999062E-07));
#3397 = ( GEOMETRIC_REPRESENTATION_CONTEXT(2) 
PARAMETRIC_REPRESENTATION_CONTEXT() REPRESENTATION_CONTEXT('2D SPACE',''
  ) );
#3398 = ORIENTED_EDGE('',*,*,#3399,.F.);
#3399 = EDGE_CURVE('',#3400,#3365,#3402,.T.);
#3400 = VERTEX_POINT('',#3401);
#3401 = CARTESIAN_POINT('',(-30.17561831823,-42.73492020012,
    5.082797284555));
#3402 = SURFACE_CURVE('',#3403,(#3408,#3415),.PCURVE_S1.);
#3403 = ELLIPSE('',#3404,3.549302374729,1.5);
#3404 = AXIS2_PLACEMENT_3D('',#3405,#3406,#3407);
#3405 = CARTESIAN_POINT('',(-32.57324994447,-41.84234518579,
    3.877264272234));
#3406 = DIRECTION('',(-0.422618261741,8.362353267869E-02,0.902441637795)
  );
#3407 = DIRECTION('',(-0.906307787037,-3.899429369005E-02,
    -0.420815446742));
#3408 = PCURVE('',#3166,#3409);
#3409 = DEFINITIONAL_REPRESENTATION('',(#3410),#3414);
#3410 = ELLIPSE('',#3411,3.549302374729,1.5);
#3411 = AXIS2_PLACEMENT_2D('',#3412,#3413);
#3412 = CARTESIAN_POINT('',(29.415121352005,8.299994307606));
#3413 = DIRECTION('',(0.,-1.));
#3414 = ( GEOMETRIC_REPRESENTATION_CONTEXT(2) 
PARAMETRIC_REPRESENTATION_CONTEXT() REPRESENTATION_CONTEXT('2D SPACE',''
  ) );
#3415 = PCURVE('',#3381,#3416);
#3416 = DEFINITIONAL_REPRESENTATION('',(#3417),#3427);
#3417 = B_SPLINE_CURVE_WITH_KNOTS('',8,(#3418,#3419,#3420,#3421,#3422,
    #3423,#3424,#3425,#3426),.UNSPECIFIED.,.F.,.F.,(9,9),(1.240249670074
    ,3.14159265359),.PIECEWISE_BEZIER_KNOTS.);
#3418 = CARTESIAN_POINT('',(-1.901342983516,5.999999928008E-07));
#3419 = CARTESIAN_POINT('',(-1.663675110576,-0.72313272222));
#3420 = CARTESIAN_POINT('',(-1.426007237637,-1.513664959142));
#3421 = CARTESIAN_POINT('',(-1.188339364696,-2.309344507441));
#3422 = CARTESIAN_POINT('',(-0.950671491759,-3.039844771421));
#3423 = CARTESIAN_POINT('',(-0.713003618816,-3.637818875008));
#3424 = CARTESIAN_POINT('',(-0.475335745879,-4.053131704455));
#3425 = CARTESIAN_POINT('',(-0.237667872939,-4.26079198144));
#3426 = CARTESIAN_POINT('',(0.,-4.26079198144));
#3427 = ( GEOMETRIC_REPRESENTATION_CONTEXT(2) 
PARAMETRIC_REPRESENTATION_CONTEXT() REPRESENTATION_CONTEXT('2D SPACE',''
  ) );
#3428 = ORIENTED_EDGE('',*,*,#3429,.T.);
#3429 = EDGE_CURVE('',#3400,#3266,#3430,.T.);
#3430 = SURFACE_CURVE('',#3431,(#3435,#3442),.PCURVE_S1.);
#3431 = LINE('',#3432,#3433);
#3432 = CARTESIAN_POINT('',(-40.09559941781,-43.16173177774,
    0.476766819189));
#3433 = VECTOR('',#3434,1.);
#3434 = DIRECTION('',(0.906307787037,3.899429369005E-02,0.420815446742)
  );
#3435 = PCURVE('',#3166,#3436);
#3436 = DEFINITIONAL_REPRESENTATION('',(#3437),#3441);
#3437 = LINE('',#3438,#3439);
#3438 = CARTESIAN_POINT('',(30.415121352005,2.22044604925E-16));
#3439 = VECTOR('',#3440,1.);
#3440 = DIRECTION('',(-6.938893903907E-18,1.));
#3441 = ( GEOMETRIC_REPRESENTATION_CONTEXT(2) 
PARAMETRIC_REPRESENTATION_CONTEXT() REPRESENTATION_CONTEXT('2D SPACE',''
  ) );
#3442 = PCURVE('',#3443,#3448);
#3443 = PLANE('',#3444);
#3444 = AXIS2_PLACEMENT_3D('',#3445,#3446,#3447);
#3445 = CARTESIAN_POINT('',(-40.09559941781,-43.16173177774,
    0.476766819189));
#3446 = DIRECTION('',(0.,-0.995734176295,9.22683594633E-02));
#3447 = DIRECTION('',(0.906307787037,3.899429369005E-02,0.420815446742)
  );
#3448 = DEFINITIONAL_REPRESENTATION('',(#3449),#3453);
#3449 = LINE('',#3450,#3451);
#3450 = CARTESIAN_POINT('',(0.,0.));
#3451 = VECTOR('',#3452,1.);
#3452 = DIRECTION('',(1.,-5.551115123126E-17));
#3453 = ( GEOMETRIC_REPRESENTATION_CONTEXT(2) 
PARAMETRIC_REPRESENTATION_CONTEXT() REPRESENTATION_CONTEXT('2D SPACE',''
  ) );
#3454 = ADVANCED_FACE('',(#3455),#3248,.T.);
#3455 = FACE_BOUND('',#3456,.T.);
#3456 = EDGE_LOOP('',(#3457,#3480,#3481,#3482));
#3457 = ORIENTED_EDGE('',*,*,#3458,.F.);
#3458 = EDGE_CURVE('',#3207,#3459,#3461,.T.);
#3459 = VERTEX_POINT('',#3460);
#3460 = CARTESIAN_POINT('',(-33.61728154514,-42.79315944036,
    4.454295789131));
#3461 = SURFACE_CURVE('',#3462,(#3466,#3473),.PCURVE_S1.);
#3462 = LINE('',#3463,#3464);
#3463 = CARTESIAN_POINT('',(-40.46854044145,-43.08793788689,
    1.273129727854));
#3464 = VECTOR('',#3465,1.);
#3465 = DIRECTION('',(0.906307787037,3.899429369005E-02,0.420815446742)
  );
#3466 = PCURVE('',#3248,#3467);
#3467 = DEFINITIONAL_REPRESENTATION('',(#3468),#3472);
#3468 = LINE('',#3469,#3470);
#3469 = CARTESIAN_POINT('',(-2.331468351713E-15,0.88245364056));
#3470 = VECTOR('',#3471,1.);
#3471 = DIRECTION('',(1.,-5.551115123126E-17));
#3472 = ( GEOMETRIC_REPRESENTATION_CONTEXT(2) 
PARAMETRIC_REPRESENTATION_CONTEXT() REPRESENTATION_CONTEXT('2D SPACE',''
  ) );
#3473 = PCURVE('',#3222,#3474);
#3474 = DEFINITIONAL_REPRESENTATION('',(#3475),#3479);
#3475 = LINE('',#3476,#3477);
#3476 = CARTESIAN_POINT('',(30.415121352005,-2.22044604925E-16));
#3477 = VECTOR('',#3478,1.);
#3478 = DIRECTION('',(-6.938893903907E-18,1.));
#3479 = ( GEOMETRIC_REPRESENTATION_CONTEXT(2) 
PARAMETRIC_REPRESENTATION_CONTEXT() REPRESENTATION_CONTEXT('2D SPACE',''
  ) );
#3480 = ORIENTED_EDGE('',*,*,#3234,.F.);
#3481 = ORIENTED_EDGE('',*,*,#3315,.T.);
#3482 = ORIENTED_EDGE('',*,*,#3483,.T.);
#3483 = EDGE_CURVE('',#3316,#3459,#3484,.T.);
#3484 = SURFACE_CURVE('',#3485,(#3489,#3495),.PCURVE_S1.);
#3485 = LINE('',#3486,#3487);
#3486 = CARTESIAN_POINT('',(-33.61728154514,-42.99990556991,
    2.223149725443));
#3487 = VECTOR('',#3488,1.);
#3488 = DIRECTION('',(-0.,9.22683594633E-02,0.995734176295));
#3489 = PCURVE('',#3248,#3490);
#3490 = DEFINITIONAL_REPRESENTATION('',(#3491),#3494);
#3491 = B_SPLINE_CURVE_WITH_KNOTS('',1,(#3492,#3493),.UNSPECIFIED.,.F.,
  .F.,(2,2),(1.267024652618,2.24070451412),.PIECEWISE_BEZIER_KNOTS.);
#3492 = CARTESIAN_POINT('',(7.148032892721,-1.554312234475E-15));
#3493 = CARTESIAN_POINT('',(7.559527783281,0.88245364056));
#3494 = ( GEOMETRIC_REPRESENTATION_CONTEXT(2) 
PARAMETRIC_REPRESENTATION_CONTEXT() REPRESENTATION_CONTEXT('2D SPACE',''
  ) );
#3495 = PCURVE('',#3353,#3496);
#3496 = DEFINITIONAL_REPRESENTATION('',(#3497),#3500);
#3497 = B_SPLINE_CURVE_WITH_KNOTS('',1,(#3498,#3499),.UNSPECIFIED.,.F.,
  .F.,(2,2),(1.267024652618,2.24070451412),.PIECEWISE_BEZIER_KNOTS.);
#3498 = CARTESIAN_POINT('',(1.,0.486839930751));
#3499 = CARTESIAN_POINT('',(1.,-0.486839930751));
#3500 = ( GEOMETRIC_REPRESENTATION_CONTEXT(2) 
PARAMETRIC_REPRESENTATION_CONTEXT() REPRESENTATION_CONTEXT('2D SPACE',''
  ) );
#3501 = ADVANCED_FACE('',(#3502),#3222,.T.);
#3502 = FACE_BOUND('',#3503,.T.);
#3503 = EDGE_LOOP('',(#3504,#3529,#3550,#3551,#3552,#3573,#3607,#3636));
#3504 = ORIENTED_EDGE('',*,*,#3505,.F.);
#3505 = EDGE_CURVE('',#3506,#3508,#3510,.T.);
#3506 = VERTEX_POINT('',#3507);
#3507 = CARTESIAN_POINT('',(-27.13896367248,-12.22905114008,
    4.655945094178));
#3508 = VERTEX_POINT('',#3509);
#3509 = CARTESIAN_POINT('',(-27.13896367248,-42.51442694643,
    7.462298444205));
#3510 = SURFACE_CURVE('',#3511,(#3515,#3522),.PCURVE_S1.);
#3511 = LINE('',#3512,#3513);
#3512 = CARTESIAN_POINT('',(-27.13896367248,-12.22905114008,
    4.655945094178));
#3513 = VECTOR('',#3514,1.);
#3514 = DIRECTION('',(0.,-0.995734176295,9.22683594633E-02));
#3515 = PCURVE('',#3222,#3516);
#3516 = DEFINITIONAL_REPRESENTATION('',(#3517),#3521);
#3517 = LINE('',#3518,#3519);
#3518 = CARTESIAN_POINT('',(4.440892098501E-16,14.707560676003));
#3519 = VECTOR('',#3520,1.);
#3520 = DIRECTION('',(1.,0.));
#3521 = ( GEOMETRIC_REPRESENTATION_CONTEXT(2) 
PARAMETRIC_REPRESENTATION_CONTEXT() REPRESENTATION_CONTEXT('2D SPACE',''
  ) );
#3522 = PCURVE('',#3281,#3523);
#3523 = DEFINITIONAL_REPRESENTATION('',(#3524),#3528);
#3524 = LINE('',#3525,#3526);
#3525 = CARTESIAN_POINT('',(-1.221245327088E-15,-0.88245364056));
#3526 = VECTOR('',#3527,1.);
#3527 = DIRECTION('',(1.,0.));
#3528 = ( GEOMETRIC_REPRESENTATION_CONTEXT(2) 
PARAMETRIC_REPRESENTATION_CONTEXT() REPRESENTATION_CONTEXT('2D SPACE',''
  ) );
#3529 = ORIENTED_EDGE('',*,*,#3530,.F.);
#3530 = EDGE_CURVE('',#3179,#3506,#3531,.T.);
#3531 = SURFACE_CURVE('',#3532,(#3536,#3543),.PCURVE_S1.);
#3532 = LINE('',#3533,#3534);
#3533 = CARTESIAN_POINT('',(-40.46854044145,-12.80256208054,
    -1.533223622173));
#3534 = VECTOR('',#3535,1.);
#3535 = DIRECTION('',(0.906307787037,3.899429369005E-02,0.420815446742)
  );
#3536 = PCURVE('',#3222,#3537);
#3537 = DEFINITIONAL_REPRESENTATION('',(#3538),#3542);
#3538 = LINE('',#3539,#3540);
#3539 = CARTESIAN_POINT('',(0.,0.));
#3540 = VECTOR('',#3541,1.);
#3541 = DIRECTION('',(-6.938893903907E-18,1.));
#3542 = ( GEOMETRIC_REPRESENTATION_CONTEXT(2) 
PARAMETRIC_REPRESENTATION_CONTEXT() REPRESENTATION_CONTEXT('2D SPACE',''
  ) );
#3543 = PCURVE('',#3194,#3544);
#3544 = DEFINITIONAL_REPRESENTATION('',(#3545),#3549);
#3545 = LINE('',#3546,#3547);
#3546 = CARTESIAN_POINT('',(-2.609024107869E-15,0.88245364056));
#3547 = VECTOR('',#3548,1.);
#3548 = DIRECTION('',(1.,-5.551115123126E-17));
#3549 = ( GEOMETRIC_REPRESENTATION_CONTEXT(2) 
PARAMETRIC_REPRESENTATION_CONTEXT() REPRESENTATION_CONTEXT('2D SPACE',''
  ) );
#3550 = ORIENTED_EDGE('',*,*,#3206,.T.);
#3551 = ORIENTED_EDGE('',*,*,#3458,.T.);
#3552 = ORIENTED_EDGE('',*,*,#3553,.T.);
#3553 = EDGE_CURVE('',#3459,#3554,#3556,.T.);
#3554 = VERTEX_POINT('',#3555);
#3555 = CARTESIAN_POINT('',(-33.61728154514,-40.38467991604,
    4.231117294509));
#3556 = SURFACE_CURVE('',#3557,(#3561,#3567),.PCURVE_S1.);
#3557 = LINE('',#3558,#3559);
#3558 = CARTESIAN_POINT('',(-33.61728154514,-27.15260444903,
    3.004984934386));
#3559 = VECTOR('',#3560,1.);
#3560 = DIRECTION('',(0.,0.995734176295,-9.22683594633E-02));
#3561 = PCURVE('',#3222,#3562);
#3562 = DEFINITIONAL_REPRESENTATION('',(#3563),#3566);
#3563 = B_SPLINE_CURVE_WITH_KNOTS('',1,(#3564,#3565),.UNSPECIFIED.,.F.,
  .F.,(2,2),(-15.707560676,-13.207560676),.PIECEWISE_BEZIER_KNOTS.);
#3564 = CARTESIAN_POINT('',(30.415121352005,7.559527783281));
#3565 = CARTESIAN_POINT('',(27.915121352005,7.559527783281));
#3566 = ( GEOMETRIC_REPRESENTATION_CONTEXT(2) 
PARAMETRIC_REPRESENTATION_CONTEXT() REPRESENTATION_CONTEXT('2D SPACE',''
  ) );
#3567 = PCURVE('',#3353,#3568);
#3568 = DEFINITIONAL_REPRESENTATION('',(#3569),#3572);
#3569 = B_SPLINE_CURVE_WITH_KNOTS('',1,(#3570,#3571),.UNSPECIFIED.,.F.,
  .F.,(2,2),(-15.707560676,-13.207560676),.PIECEWISE_BEZIER_KNOTS.);
#3570 = CARTESIAN_POINT('',(1.,-0.486839930751));
#3571 = CARTESIAN_POINT('',(-1.5,-0.486839930751));
#3572 = ( GEOMETRIC_REPRESENTATION_CONTEXT(2) 
PARAMETRIC_REPRESENTATION_CONTEXT() REPRESENTATION_CONTEXT('2D SPACE',''
  ) );
#3573 = ORIENTED_EDGE('',*,*,#3574,.F.);
#3574 = EDGE_CURVE('',#3575,#3554,#3577,.T.);
#3575 = VERTEX_POINT('',#3576);
#3576 = CARTESIAN_POINT('',(-31.44455276506,-41.7039426466,
    5.370865536676));
#3577 = SURFACE_CURVE('',#3578,(#3583,#3590),.PCURVE_S1.);
#3578 = ELLIPSE('',#3579,3.549302374729,1.5);
#3579 = AXIS2_PLACEMENT_3D('',#3580,#3581,#3582);
#3580 = CARTESIAN_POINT('',(-34.66131314582,-41.84234518579,
    3.877264272234));
#3581 = DIRECTION('',(-0.422618261741,8.362353267869E-02,0.902441637795)
  );
#3582 = DIRECTION('',(-0.906307787037,-3.899429369005E-02,
    -0.420815446742));
#3583 = PCURVE('',#3222,#3584);
#3584 = DEFINITIONAL_REPRESENTATION('',(#3585),#3589);
#3585 = ELLIPSE('',#3586,3.549302374729,1.5);
#3586 = AXIS2_PLACEMENT_2D('',#3587,#3588);
#3587 = CARTESIAN_POINT('',(29.415121352005,6.407566368396));
#3588 = DIRECTION('',(0.,-1.));
#3589 = ( GEOMETRIC_REPRESENTATION_CONTEXT(2) 
PARAMETRIC_REPRESENTATION_CONTEXT() REPRESENTATION_CONTEXT('2D SPACE',''
  ) );
#3590 = PCURVE('',#3591,#3596);
#3591 = CYLINDRICAL_SURFACE('',#3592,1.5);
#3592 = AXIS2_PLACEMENT_3D('',#3593,#3594,#3595);
#3593 = CARTESIAN_POINT('',(-33.61728154514,-41.84234518579,
    3.877264272234));
#3594 = DIRECTION('',(-1.,0.,-0.));
#3595 = DIRECTION('',(0.,9.22683594633E-02,0.995734176295));
#3596 = DEFINITIONAL_REPRESENTATION('',(#3597),#3606);
#3597 = B_SPLINE_CURVE_WITH_KNOTS('',7,(#3598,#3599,#3600,#3601,#3602,
    #3603,#3604,#3605),.UNSPECIFIED.,.F.,.F.,(8,8),(3.14159265359,
    4.38184271806),.PIECEWISE_BEZIER_KNOTS.);
#3598 = CARTESIAN_POINT('',(-6.28318530718,-2.172728780088));
#3599 = CARTESIAN_POINT('',(-6.106006726541,-2.172728780088));
#3600 = CARTESIAN_POINT('',(-5.928828145902,-2.054916646473));
#3601 = CARTESIAN_POINT('',(-5.751649565264,-1.819297034843));
#3602 = CARTESIAN_POINT('',(-5.574470984625,-1.474912375583));
#3603 = CARTESIAN_POINT('',(-5.397292403986,-1.039936753646));
#3604 = CARTESIAN_POINT('',(-5.220113823348,-0.539086788624));
#3605 = CARTESIAN_POINT('',(-5.042935242709,5.999999928008E-07));
#3606 = ( GEOMETRIC_REPRESENTATION_CONTEXT(2) 
PARAMETRIC_REPRESENTATION_CONTEXT() REPRESENTATION_CONTEXT('2D SPACE',''
  ) );
#3607 = ORIENTED_EDGE('',*,*,#3608,.F.);
#3608 = EDGE_CURVE('',#3609,#3575,#3611,.T.);
#3609 = VERTEX_POINT('',#3610);
#3610 = CARTESIAN_POINT('',(-32.26368151958,-42.73492020012,
    5.082797284555));
#3611 = SURFACE_CURVE('',#3612,(#3617,#3624),.PCURVE_S1.);
#3612 = ELLIPSE('',#3613,3.549302374729,1.5);
#3613 = AXIS2_PLACEMENT_3D('',#3614,#3615,#3616);
#3614 = CARTESIAN_POINT('',(-34.66131314582,-41.84234518579,
    3.877264272234));
#3615 = DIRECTION('',(-0.422618261741,8.362353267869E-02,0.902441637795)
  );
#3616 = DIRECTION('',(-0.906307787037,-3.899429369005E-02,
    -0.420815446742));
#3617 = PCURVE('',#3222,#3618);
#3618 = DEFINITIONAL_REPRESENTATION('',(#3619),#3623);
#3619 = ELLIPSE('',#3620,3.549302374729,1.5);
#3620 = AXIS2_PLACEMENT_2D('',#3621,#3622);
#3621 = CARTESIAN_POINT('',(29.415121352005,6.407566368396));
#3622 = DIRECTION('',(0.,-1.));
#3623 = ( GEOMETRIC_REPRESENTATION_CONTEXT(2) 
PARAMETRIC_REPRESENTATION_CONTEXT() REPRESENTATION_CONTEXT('2D SPACE',''
  ) );
#3624 = PCURVE('',#3381,#3625);
#3625 = DEFINITIONAL_REPRESENTATION('',(#3626),#3635);
#3626 = B_SPLINE_CURVE_WITH_KNOTS('',7,(#3627,#3628,#3629,#3630,#3631,
    #3632,#3633,#3634),.UNSPECIFIED.,.F.,.F.,(8,8),(1.901342589119,
    3.14159265359),.PIECEWISE_BEZIER_KNOTS.);
#3627 = CARTESIAN_POINT('',(-1.240250064471,5.999999999062E-07));
#3628 = CARTESIAN_POINT('',(-1.063071483832,-0.539086788624));
#3629 = CARTESIAN_POINT('',(-0.885892903193,-1.039936753646));
#3630 = CARTESIAN_POINT('',(-0.708714322555,-1.474912375583));
#3631 = CARTESIAN_POINT('',(-0.531535741916,-1.819297034843));
#3632 = CARTESIAN_POINT('',(-0.354357161277,-2.054916646473));
#3633 = CARTESIAN_POINT('',(-0.177178580639,-2.172728780088));
#3634 = CARTESIAN_POINT('',(0.,-2.172728780088));
#3635 = ( GEOMETRIC_REPRESENTATION_CONTEXT(2) 
PARAMETRIC_REPRESENTATION_CONTEXT() REPRESENTATION_CONTEXT('2D SPACE',''
  ) );
#3636 = ORIENTED_EDGE('',*,*,#3637,.T.);
#3637 = EDGE_CURVE('',#3609,#3508,#3638,.T.);
#3638 = SURFACE_CURVE('',#3639,(#3643,#3650),.PCURVE_S1.);
#3639 = LINE('',#3640,#3641);
#3640 = CARTESIAN_POINT('',(-40.46854044145,-43.08793788689,
    1.273129727854));
#3641 = VECTOR('',#3642,1.);
#3642 = DIRECTION('',(0.906307787037,3.899429369005E-02,0.420815446742)
  );
#3643 = PCURVE('',#3222,#3644);
#3644 = DEFINITIONAL_REPRESENTATION('',(#3645),#3649);
#3645 = LINE('',#3646,#3647);
#3646 = CARTESIAN_POINT('',(30.415121352005,-2.22044604925E-16));
#3647 = VECTOR('',#3648,1.);
#3648 = DIRECTION('',(-6.938893903907E-18,1.));
#3649 = ( GEOMETRIC_REPRESENTATION_CONTEXT(2) 
PARAMETRIC_REPRESENTATION_CONTEXT() REPRESENTATION_CONTEXT('2D SPACE',''
  ) );
#3650 = PCURVE('',#3443,#3651);
#3651 = DEFINITIONAL_REPRESENTATION('',(#3652),#3656);
#3652 = LINE('',#3653,#3654);
#3653 = CARTESIAN_POINT('',(-2.331468351713E-15,0.88245364056));
#3654 = VECTOR('',#3655,1.);
#3655 = DIRECTION('',(1.,-5.551115123126E-17));
#3656 = ( GEOMETRIC_REPRESENTATION_CONTEXT(2) 
PARAMETRIC_REPRESENTATION_CONTEXT() REPRESENTATION_CONTEXT('2D SPACE',''
  ) );
#3657 = ADVANCED_FACE('',(#3658),#3194,.F.);
#3658 = FACE_BOUND('',#3659,.F.);
#3659 = EDGE_LOOP('',(#3660,#3661,#3662,#3683));
#3660 = ORIENTED_EDGE('',*,*,#3178,.F.);
#3661 = ORIENTED_EDGE('',*,*,#3293,.T.);
#3662 = ORIENTED_EDGE('',*,*,#3663,.T.);
#3663 = EDGE_CURVE('',#3264,#3506,#3664,.T.);
#3664 = SURFACE_CURVE('',#3665,(#3669,#3676),.PCURVE_S1.);
#3665 = LINE('',#3666,#3667);
#3666 = CARTESIAN_POINT('',(-26.76602264884,-12.30284503093,
    3.859582185513));
#3667 = VECTOR('',#3668,1.);
#3668 = DIRECTION('',(-0.422618261741,8.362353267869E-02,0.902441637795)
  );
#3669 = PCURVE('',#3194,#3670);
#3670 = DEFINITIONAL_REPRESENTATION('',(#3671),#3675);
#3671 = LINE('',#3672,#3673);
#3672 = CARTESIAN_POINT('',(14.707560676003,-1.7763568394E-15));
#3673 = VECTOR('',#3674,1.);
#3674 = DIRECTION('',(-5.551115123126E-17,1.));
#3675 = ( GEOMETRIC_REPRESENTATION_CONTEXT(2) 
PARAMETRIC_REPRESENTATION_CONTEXT() REPRESENTATION_CONTEXT('2D SPACE',''
  ) );
#3676 = PCURVE('',#3281,#3677);
#3677 = DEFINITIONAL_REPRESENTATION('',(#3678),#3682);
#3678 = LINE('',#3679,#3680);
#3679 = CARTESIAN_POINT('',(0.,0.));
#3680 = VECTOR('',#3681,1.);
#3681 = DIRECTION('',(0.,-1.));
#3682 = ( GEOMETRIC_REPRESENTATION_CONTEXT(2) 
PARAMETRIC_REPRESENTATION_CONTEXT() REPRESENTATION_CONTEXT('2D SPACE',''
  ) );
#3683 = ORIENTED_EDGE('',*,*,#3530,.F.);
#3684 = ADVANCED_FACE('',(#3685),#3281,.T.);
#3685 = FACE_BOUND('',#3686,.T.);
#3686 = EDGE_LOOP('',(#3687,#3688,#3689,#3690));
#3687 = ORIENTED_EDGE('',*,*,#3263,.F.);
#3688 = ORIENTED_EDGE('',*,*,#3663,.T.);
#3689 = ORIENTED_EDGE('',*,*,#3505,.T.);
#3690 = ORIENTED_EDGE('',*,*,#3691,.F.);
#3691 = EDGE_CURVE('',#3266,#3508,#3692,.T.);
#3692 = SURFACE_CURVE('',#3693,(#3697,#3704),.PCURVE_S1.);
#3693 = LINE('',#3694,#3695);
#3694 = CARTESIAN_POINT('',(-26.76602264884,-42.58822083728,
    6.66593553554));
#3695 = VECTOR('',#3696,1.);
#3696 = DIRECTION('',(-0.422618261741,8.362353267869E-02,0.902441637795)
  );
#3697 = PCURVE('',#3281,#3698);
#3698 = DEFINITIONAL_REPRESENTATION('',(#3699),#3703);
#3699 = LINE('',#3700,#3701);
#3700 = CARTESIAN_POINT('',(30.415121352005,4.440892098501E-16));
#3701 = VECTOR('',#3702,1.);
#3702 = DIRECTION('',(0.,-1.));
#3703 = ( GEOMETRIC_REPRESENTATION_CONTEXT(2) 
PARAMETRIC_REPRESENTATION_CONTEXT() REPRESENTATION_CONTEXT('2D SPACE',''
  ) );
#3704 = PCURVE('',#3443,#3705);
#3705 = DEFINITIONAL_REPRESENTATION('',(#3706),#3710);
#3706 = LINE('',#3707,#3708);
#3707 = CARTESIAN_POINT('',(14.707560676003,-1.7763568394E-15));
#3708 = VECTOR('',#3709,1.);
#3709 = DIRECTION('',(-5.551115123126E-17,1.));
#3710 = ( GEOMETRIC_REPRESENTATION_CONTEXT(2) 
PARAMETRIC_REPRESENTATION_CONTEXT() REPRESENTATION_CONTEXT('2D SPACE',''
  ) );
#3711 = ADVANCED_FACE('',(#3712),#3443,.T.);
#3712 = FACE_BOUND('',#3713,.T.);
#3713 = EDGE_LOOP('',(#3714,#3715,#3734,#3735));
#3714 = ORIENTED_EDGE('',*,*,#3637,.F.);
#3715 = ORIENTED_EDGE('',*,*,#3716,.F.);
#3716 = EDGE_CURVE('',#3400,#3609,#3717,.T.);
#3717 = SURFACE_CURVE('',#3718,(#3722,#3728),.PCURVE_S1.);
#3718 = LINE('',#3719,#3720);
#3719 = CARTESIAN_POINT('',(-33.61728154514,-42.73492020012,
    5.082797284555));
#3720 = VECTOR('',#3721,1.);
#3721 = DIRECTION('',(-1.,0.,-0.));
#3722 = PCURVE('',#3443,#3723);
#3723 = DEFINITIONAL_REPRESENTATION('',(#3724),#3727);
#3724 = B_SPLINE_CURVE_WITH_KNOTS('',1,(#3725,#3726),.UNSPECIFIED.,.F.,
  .F.,(2,2),(-3.650469547051,-1.144793705428),.PIECEWISE_BEZIER_KNOTS.);
#3725 = CARTESIAN_POINT('',(11.134730895726,-8.824536405617E-02));
#3726 = CARTESIAN_POINT('',(8.863817368674,0.970699004616));
#3727 = ( GEOMETRIC_REPRESENTATION_CONTEXT(2) 
PARAMETRIC_REPRESENTATION_CONTEXT() REPRESENTATION_CONTEXT('2D SPACE',''
  ) );
#3728 = PCURVE('',#3381,#3729);
#3729 = DEFINITIONAL_REPRESENTATION('',(#3730),#3733);
#3730 = B_SPLINE_CURVE_WITH_KNOTS('',1,(#3731,#3732),.UNSPECIFIED.,.F.,
  .F.,(2,2),(-3.650469547051,-1.144793705428),.PIECEWISE_BEZIER_KNOTS.);
#3731 = CARTESIAN_POINT('',(-0.729727656227,-3.650469547051));
#3732 = CARTESIAN_POINT('',(-0.729727656227,-1.144793705428));
#3733 = ( GEOMETRIC_REPRESENTATION_CONTEXT(2) 
PARAMETRIC_REPRESENTATION_CONTEXT() REPRESENTATION_CONTEXT('2D SPACE',''
  ) );
#3734 = ORIENTED_EDGE('',*,*,#3429,.T.);
#3735 = ORIENTED_EDGE('',*,*,#3691,.T.);
#3736 = ADVANCED_FACE('',(#3737),#3381,.T.);
#3737 = FACE_BOUND('',#3738,.F.);
#3738 = EDGE_LOOP('',(#3739,#3763,#3784,#3785,#3786,#3787,#3810,#3837,
    #3838));
#3739 = ORIENTED_EDGE('',*,*,#3740,.F.);
#3740 = EDGE_CURVE('',#3741,#3339,#3743,.T.);
#3741 = VERTEX_POINT('',#3742);
#3742 = CARTESIAN_POINT('',(-33.61728154514,-41.7039426466,
    5.370865536676));
#3743 = SURFACE_CURVE('',#3744,(#3749,#3756),.PCURVE_S1.);
#3744 = CIRCLE('',#3745,1.5);
#3745 = AXIS2_PLACEMENT_3D('',#3746,#3747,#3748);
#3746 = CARTESIAN_POINT('',(-33.61728154514,-41.84234518579,
    3.877264272234));
#3747 = DIRECTION('',(1.,0.,-0.));
#3748 = DIRECTION('',(0.,9.22683594633E-02,0.995734176295));
#3749 = PCURVE('',#3381,#3750);
#3750 = DEFINITIONAL_REPRESENTATION('',(#3751),#3755);
#3751 = LINE('',#3752,#3753);
#3752 = CARTESIAN_POINT('',(-0.,0.));
#3753 = VECTOR('',#3754,1.);
#3754 = DIRECTION('',(-1.,0.));
#3755 = ( GEOMETRIC_REPRESENTATION_CONTEXT(2) 
PARAMETRIC_REPRESENTATION_CONTEXT() REPRESENTATION_CONTEXT('2D SPACE',''
  ) );
#3756 = PCURVE('',#3353,#3757);
#3757 = DEFINITIONAL_REPRESENTATION('',(#3758),#3762);
#3758 = CIRCLE('',#3759,1.5);
#3759 = AXIS2_PLACEMENT_2D('',#3760,#3761);
#3760 = CARTESIAN_POINT('',(0.,0.));
#3761 = DIRECTION('',(0.,-1.));
#3762 = ( GEOMETRIC_REPRESENTATION_CONTEXT(2) 
PARAMETRIC_REPRESENTATION_CONTEXT() REPRESENTATION_CONTEXT('2D SPACE',''
  ) );
#3763 = ORIENTED_EDGE('',*,*,#3764,.T.);
#3764 = EDGE_CURVE('',#3741,#3575,#3765,.T.);
#3765 = SURFACE_CURVE('',#3766,(#3770,#3777),.PCURVE_S1.);
#3766 = LINE('',#3767,#3768);
#3767 = CARTESIAN_POINT('',(-33.61728154514,-41.7039426466,
    5.370865536676));
#3768 = VECTOR('',#3769,1.);
#3769 = DIRECTION('',(1.,0.,0.));
#3770 = PCURVE('',#3381,#3771);
#3771 = DEFINITIONAL_REPRESENTATION('',(#3772),#3776);
#3772 = LINE('',#3773,#3774);
#3773 = CARTESIAN_POINT('',(-0.,0.));
#3774 = VECTOR('',#3775,1.);
#3775 = DIRECTION('',(-0.,-1.));
#3776 = ( GEOMETRIC_REPRESENTATION_CONTEXT(2) 
PARAMETRIC_REPRESENTATION_CONTEXT() REPRESENTATION_CONTEXT('2D SPACE',''
  ) );
#3777 = PCURVE('',#3591,#3778);
#3778 = DEFINITIONAL_REPRESENTATION('',(#3779),#3783);
#3779 = LINE('',#3780,#3781);
#3780 = CARTESIAN_POINT('',(-6.28318530718,0.));
#3781 = VECTOR('',#3782,1.);
#3782 = DIRECTION('',(-0.,-1.));
#3783 = ( GEOMETRIC_REPRESENTATION_CONTEXT(2) 
PARAMETRIC_REPRESENTATION_CONTEXT() REPRESENTATION_CONTEXT('2D SPACE',''
  ) );
#3784 = ORIENTED_EDGE('',*,*,#3608,.F.);
#3785 = ORIENTED_EDGE('',*,*,#3716,.F.);
#3786 = ORIENTED_EDGE('',*,*,#3399,.T.);
#3787 = ORIENTED_EDGE('',*,*,#3788,.T.);
#3788 = EDGE_CURVE('',#3365,#3789,#3791,.T.);
#3789 = VERTEX_POINT('',#3790);
#3790 = CARTESIAN_POINT('',(-23.61728154514,-41.7039426466,
    5.370865536676));
#3791 = SEAM_CURVE('',#3792,(#3796,#3803),.PCURVE_S1.);
#3792 = LINE('',#3793,#3794);
#3793 = CARTESIAN_POINT('',(-33.61728154514,-41.7039426466,
    5.370865536676));
#3794 = VECTOR('',#3795,1.);
#3795 = DIRECTION('',(1.,0.,0.));
#3796 = PCURVE('',#3381,#3797);
#3797 = DEFINITIONAL_REPRESENTATION('',(#3798),#3802);
#3798 = LINE('',#3799,#3800);
#3799 = CARTESIAN_POINT('',(-0.,0.));
#3800 = VECTOR('',#3801,1.);
#3801 = DIRECTION('',(-0.,-1.));
#3802 = ( GEOMETRIC_REPRESENTATION_CONTEXT(2) 
PARAMETRIC_REPRESENTATION_CONTEXT() REPRESENTATION_CONTEXT('2D SPACE',''
  ) );
#3803 = PCURVE('',#3381,#3804);
#3804 = DEFINITIONAL_REPRESENTATION('',(#3805),#3809);
#3805 = LINE('',#3806,#3807);
#3806 = CARTESIAN_POINT('',(-6.28318530718,0.));
#3807 = VECTOR('',#3808,1.);
#3808 = DIRECTION('',(-0.,-1.));
#3809 = ( GEOMETRIC_REPRESENTATION_CONTEXT(2) 
PARAMETRIC_REPRESENTATION_CONTEXT() REPRESENTATION_CONTEXT('2D SPACE',''
  ) );
#3810 = ORIENTED_EDGE('',*,*,#3811,.T.);
#3811 = EDGE_CURVE('',#3789,#3789,#3812,.T.);
#3812 = SURFACE_CURVE('',#3813,(#3818,#3825),.PCURVE_S1.);
#3813 = CIRCLE('',#3814,1.5);
#3814 = AXIS2_PLACEMENT_3D('',#3815,#3816,#3817);
#3815 = CARTESIAN_POINT('',(-23.61728154514,-41.84234518579,
    3.877264272234));
#3816 = DIRECTION('',(1.,0.,-0.));
#3817 = DIRECTION('',(0.,9.22683594633E-02,0.995734176295));
#3818 = PCURVE('',#3381,#3819);
#3819 = DEFINITIONAL_REPRESENTATION('',(#3820),#3824);
#3820 = LINE('',#3821,#3822);
#3821 = CARTESIAN_POINT('',(-0.,-10.));
#3822 = VECTOR('',#3823,1.);
#3823 = DIRECTION('',(-1.,0.));
#3824 = ( GEOMETRIC_REPRESENTATION_CONTEXT(2) 
PARAMETRIC_REPRESENTATION_CONTEXT() REPRESENTATION_CONTEXT('2D SPACE',''
  ) );
#3825 = PCURVE('',#3826,#3831);
#3826 = PLANE('',#3827);
#3827 = AXIS2_PLACEMENT_3D('',#3828,#3829,#3830);
#3828 = CARTESIAN_POINT('',(-23.61728154514,-41.84234518579,
    3.877264272234));
#3829 = DIRECTION('',(1.,0.,0.));
#3830 = DIRECTION('',(0.,-0.995734176295,9.22683594633E-02));
#3831 = DEFINITIONAL_REPRESENTATION('',(#3832),#3836);
#3832 = CIRCLE('',#3833,1.5);
#3833 = AXIS2_PLACEMENT_2D('',#3834,#3835);
#3834 = CARTESIAN_POINT('',(0.,0.));
#3835 = DIRECTION('',(0.,-1.));
#3836 = ( GEOMETRIC_REPRESENTATION_CONTEXT(2) 
PARAMETRIC_REPRESENTATION_CONTEXT() REPRESENTATION_CONTEXT('2D SPACE',''
  ) );
#3837 = ORIENTED_EDGE('',*,*,#3788,.F.);
#3838 = ORIENTED_EDGE('',*,*,#3364,.T.);
#3839 = ADVANCED_FACE('',(#3840),#3353,.F.);
#3840 = FACE_BOUND('',#3841,.F.);
#3841 = EDGE_LOOP('',(#3842,#3864,#3865,#3866,#3867));
#3842 = ORIENTED_EDGE('',*,*,#3843,.T.);
#3843 = EDGE_CURVE('',#3554,#3741,#3844,.T.);
#3844 = SURFACE_CURVE('',#3845,(#3850,#3857),.PCURVE_S1.);
#3845 = CIRCLE('',#3846,1.5);
#3846 = AXIS2_PLACEMENT_3D('',#3847,#3848,#3849);
#3847 = CARTESIAN_POINT('',(-33.61728154514,-41.84234518579,
    3.877264272234));
#3848 = DIRECTION('',(1.,0.,-0.));
#3849 = DIRECTION('',(0.,9.22683594633E-02,0.995734176295));
#3850 = PCURVE('',#3353,#3851);
#3851 = DEFINITIONAL_REPRESENTATION('',(#3852),#3856);
#3852 = CIRCLE('',#3853,1.5);
#3853 = AXIS2_PLACEMENT_2D('',#3854,#3855);
#3854 = CARTESIAN_POINT('',(0.,0.));
#3855 = DIRECTION('',(0.,-1.));
#3856 = ( GEOMETRIC_REPRESENTATION_CONTEXT(2) 
PARAMETRIC_REPRESENTATION_CONTEXT() REPRESENTATION_CONTEXT('2D SPACE',''
  ) );
#3857 = PCURVE('',#3591,#3858);
#3858 = DEFINITIONAL_REPRESENTATION('',(#3859),#3863);
#3859 = LINE('',#3860,#3861);
#3860 = CARTESIAN_POINT('',(-0.,0.));
#3861 = VECTOR('',#3862,1.);
#3862 = DIRECTION('',(-1.,0.));
#3863 = ( GEOMETRIC_REPRESENTATION_CONTEXT(2) 
PARAMETRIC_REPRESENTATION_CONTEXT() REPRESENTATION_CONTEXT('2D SPACE',''
  ) );
#3864 = ORIENTED_EDGE('',*,*,#3740,.T.);
#3865 = ORIENTED_EDGE('',*,*,#3338,.F.);
#3866 = ORIENTED_EDGE('',*,*,#3483,.T.);
#3867 = ORIENTED_EDGE('',*,*,#3553,.T.);
#3868 = ADVANCED_FACE('',(#3869),#3591,.T.);
#3869 = FACE_BOUND('',#3870,.F.);
#3870 = EDGE_LOOP('',(#3871,#3872,#3873));
#3871 = ORIENTED_EDGE('',*,*,#3843,.F.);
#3872 = ORIENTED_EDGE('',*,*,#3574,.F.);
#3873 = ORIENTED_EDGE('',*,*,#3764,.F.);
#3874 = ADVANCED_FACE('',(#3875),#3826,.T.);
#3875 = FACE_BOUND('',#3876,.T.);
#3876 = EDGE_LOOP('',(#3877));
#3877 = ORIENTED_EDGE('',*,*,#3811,.T.);
#3878 = ( GEOMETRIC_REPRESENTATION_CONTEXT(3) 
GLOBAL_UNCERTAINTY_ASSIGNED_CONTEXT((#3882)) 
GLOBAL_UNIT_ASSIGNED_CONTEXT((#3879,#3880,#3881)) REPRESENTATION_CONTEXT
('Context #1','3D Context with UNIT and UNCERTAINTY') );
#3879 = ( LENGTH_UNIT() NAMED_UNIT(*) SI_UNIT(.MILLI.,.METRE.) );
#3880 = ( NAMED_UNIT(*) PLANE_ANGLE_UNIT() SI_UNIT($,.RADIAN.) );
#3881 = ( NAMED_UNIT(*) SI_UNIT($,.STERADIAN.) SOLID_ANGLE_UNIT() );
#3882 = UNCERTAINTY_MEASURE_WITH_UNIT(LENGTH_MEASURE(1.E-07),#3879,
  'distance_accuracy_value','confusion accuracy');
#3883 = CONTEXT_DEPENDENT_SHAPE_REPRESENTATION(#3884,#3886);
#3884 = ( REPRESENTATION_RELATIONSHIP('','',#3136,#10) 
REPRESENTATION_RELATIONSHIP_WITH_TRANSFORMATION(#3885) 
SHAPE_REPRESENTATION_RELATIONSHIP() );
#3885 = ITEM_DEFINED_TRANSFORMATION('','',#11,#31);
#3886 = PRODUCT_DEFINITION_SHAPE('Placement','Placement of an item',
  #3887);
#3887 = NEXT_ASSEMBLY_USAGE_OCCURRENCE('5','','',#5,#3131,$);
#3888 = PRODUCT_RELATED_PRODUCT_CATEGORY('part',$,(#3133));
#3889 = SHAPE_DEFINITION_REPRESENTATION(#3890,#3896);
#3890 = PRODUCT_DEFINITION_SHAPE('','',#3891);
#3891 = PRODUCT_DEFINITION('design','',#3892,#3895);
#3892 = PRODUCT_DEFINITION_FORMATION('','',#3893);
#3893 = PRODUCT('Open CASCADE STEP translator 7.9 2.6',
  'Open CASCADE STEP translator 7.9 2.6','',(#3894));
#3894 = PRODUCT_CONTEXT('',#2,'mechanical');
#3895 = PRODUCT_DEFINITION_CONTEXT('part definition',#2,'design');
#3896 = ADVANCED_BREP_SHAPE_REPRESENTATION('',(#11,#3897),#4638);
#3897 = MANIFOLD_SOLID_BREP('',#3898);
#3898 = CLOSED_SHELL('',(#3899,#4019,#4214,#4261,#4417,#4444,#4471,#4496
    ,#4599,#4628,#4634));
#3899 = ADVANCED_FACE('',(#3900),#3914,.F.);
#3900 = FACE_BOUND('',#3901,.F.);
#3901 = EDGE_LOOP('',(#3902,#3937,#3965,#3993));
#3902 = ORIENTED_EDGE('',*,*,#3903,.F.);
#3903 = EDGE_CURVE('',#3904,#3906,#3908,.T.);
#3904 = VERTEX_POINT('',#3905);
#3905 = CARTESIAN_POINT('',(-40.09559941781,-11.16530063932,
    -6.823751031527));
#3906 = VERTEX_POINT('',#3907);
#3907 = CARTESIAN_POINT('',(-40.09559941781,-40.41934429589,
    -15.14724408412));
#3908 = SURFACE_CURVE('',#3909,(#3913,#3925),.PCURVE_S1.);
#3909 = LINE('',#3910,#3911);
#3910 = CARTESIAN_POINT('',(-40.09559941781,-11.16530063932,
    -6.823751031527));
#3911 = VECTOR('',#3912,1.);
#3912 = DIRECTION('',(0.,-0.961825643173,-0.273662990072));
#3913 = PCURVE('',#3914,#3919);
#3914 = PLANE('',#3915);
#3915 = AXIS2_PLACEMENT_3D('',#3916,#3917,#3918);
#3916 = CARTESIAN_POINT('',(-40.09559941781,-11.16530063932,
    -6.823751031527));
#3917 = DIRECTION('',(0.906307787037,-0.115654977167,0.406485081415));
#3918 = DIRECTION('',(0.,-0.961825643173,-0.273662990072));
#3919 = DEFINITIONAL_REPRESENTATION('',(#3920),#3924);
#3920 = LINE('',#3921,#3922);
#3921 = CARTESIAN_POINT('',(0.,0.));
#3922 = VECTOR('',#3923,1.);
#3923 = DIRECTION('',(1.,0.));
#3924 = ( GEOMETRIC_REPRESENTATION_CONTEXT(2) 
PARAMETRIC_REPRESENTATION_CONTEXT() REPRESENTATION_CONTEXT('2D SPACE',''
  ) );
#3925 = PCURVE('',#3926,#3931);
#3926 = PLANE('',#3927);
#3927 = AXIS2_PLACEMENT_3D('',#3928,#3929,#3930);
#3928 = CARTESIAN_POINT('',(-40.09559941781,-11.16530063932,
    -6.823751031527));
#3929 = DIRECTION('',(-0.422618261741,-0.248022898926,0.871710070179));
#3930 = DIRECTION('',(0.,-0.961825643173,-0.273662990072));
#3931 = DEFINITIONAL_REPRESENTATION('',(#3932),#3936);
#3932 = LINE('',#3933,#3934);
#3933 = CARTESIAN_POINT('',(0.,0.));
#3934 = VECTOR('',#3935,1.);
#3935 = DIRECTION('',(1.,0.));
#3936 = ( GEOMETRIC_REPRESENTATION_CONTEXT(2) 
PARAMETRIC_REPRESENTATION_CONTEXT() REPRESENTATION_CONTEXT('2D SPACE',''
  ) );
#3937 = ORIENTED_EDGE('',*,*,#3938,.T.);
#3938 = EDGE_CURVE('',#3904,#3939,#3941,.T.);
#3939 = VERTEX_POINT('',#3940);
#3940 = CARTESIAN_POINT('',(-40.46854044145,-11.38416934942,
    -6.054507306584));
#3941 = SURFACE_CURVE('',#3942,(#3946,#3953),.PCURVE_S1.);
#3942 = LINE('',#3943,#3944);
#3943 = CARTESIAN_POINT('',(-40.09559941781,-11.16530063932,
    -6.823751031527));
#3944 = VECTOR('',#3945,1.);
#3945 = DIRECTION('',(-0.422618261741,-0.248022898926,0.871710070179));
#3946 = PCURVE('',#3914,#3947);
#3947 = DEFINITIONAL_REPRESENTATION('',(#3948),#3952);
#3948 = LINE('',#3949,#3950);
#3949 = CARTESIAN_POINT('',(0.,0.));
#3950 = VECTOR('',#3951,1.);
#3951 = DIRECTION('',(0.,-1.));
#3952 = ( GEOMETRIC_REPRESENTATION_CONTEXT(2) 
PARAMETRIC_REPRESENTATION_CONTEXT() REPRESENTATION_CONTEXT('2D SPACE',''
  ) );
#3953 = PCURVE('',#3954,#3959);
#3954 = PLANE('',#3955);
#3955 = AXIS2_PLACEMENT_3D('',#3956,#3957,#3958);
#3956 = CARTESIAN_POINT('',(-40.09559941781,-11.16530063932,
    -6.823751031527));
#3957 = DIRECTION('',(0.,-0.961825643173,-0.273662990072));
#3958 = DIRECTION('',(0.906307787037,-0.115654977167,0.406485081415));
#3959 = DEFINITIONAL_REPRESENTATION('',(#3960),#3964);
#3960 = LINE('',#3961,#3962);
#3961 = CARTESIAN_POINT('',(0.,0.));
#3962 = VECTOR('',#3963,1.);
#3963 = DIRECTION('',(0.,1.));
#3964 = ( GEOMETRIC_REPRESENTATION_CONTEXT(2) 
PARAMETRIC_REPRESENTATION_CONTEXT() REPRESENTATION_CONTEXT('2D SPACE',''
  ) );
#3965 = ORIENTED_EDGE('',*,*,#3966,.T.);
#3966 = EDGE_CURVE('',#3939,#3967,#3969,.T.);
#3967 = VERTEX_POINT('',#3968);
#3968 = CARTESIAN_POINT('',(-40.46854044145,-40.63821300599,
    -14.37800035917));
#3969 = SURFACE_CURVE('',#3970,(#3974,#3981),.PCURVE_S1.);
#3970 = LINE('',#3971,#3972);
#3971 = CARTESIAN_POINT('',(-40.46854044145,-11.38416934942,
    -6.054507306584));
#3972 = VECTOR('',#3973,1.);
#3973 = DIRECTION('',(0.,-0.961825643173,-0.273662990072));
#3974 = PCURVE('',#3914,#3975);
#3975 = DEFINITIONAL_REPRESENTATION('',(#3976),#3980);
#3976 = LINE('',#3977,#3978);
#3977 = CARTESIAN_POINT('',(2.498001805407E-16,-0.88245364056));
#3978 = VECTOR('',#3979,1.);
#3979 = DIRECTION('',(1.,0.));
#3980 = ( GEOMETRIC_REPRESENTATION_CONTEXT(2) 
PARAMETRIC_REPRESENTATION_CONTEXT() REPRESENTATION_CONTEXT('2D SPACE',''
  ) );
#3981 = PCURVE('',#3982,#3987);
#3982 = PLANE('',#3983);
#3983 = AXIS2_PLACEMENT_3D('',#3984,#3985,#3986);
#3984 = CARTESIAN_POINT('',(-40.46854044145,-11.38416934942,
    -6.054507306584));
#3985 = DIRECTION('',(-0.422618261741,-0.248022898926,0.871710070179));
#3986 = DIRECTION('',(0.,-0.961825643173,-0.273662990072));
#3987 = DEFINITIONAL_REPRESENTATION('',(#3988),#3992);
#3988 = LINE('',#3989,#3990);
#3989 = CARTESIAN_POINT('',(0.,0.));
#3990 = VECTOR('',#3991,1.);
#3991 = DIRECTION('',(1.,0.));
#3992 = ( GEOMETRIC_REPRESENTATION_CONTEXT(2) 
PARAMETRIC_REPRESENTATION_CONTEXT() REPRESENTATION_CONTEXT('2D SPACE',''
  ) );
#3993 = ORIENTED_EDGE('',*,*,#3994,.F.);
#3994 = EDGE_CURVE('',#3906,#3967,#3995,.T.);
#3995 = SURFACE_CURVE('',#3996,(#4000,#4007),.PCURVE_S1.);
#3996 = LINE('',#3997,#3998);
#3997 = CARTESIAN_POINT('',(-40.09559941781,-40.41934429589,
    -15.14724408412));
#3998 = VECTOR('',#3999,1.);
#3999 = DIRECTION('',(-0.422618261741,-0.248022898926,0.871710070179));
#4000 = PCURVE('',#3914,#4001);
#4001 = DEFINITIONAL_REPRESENTATION('',(#4002),#4006);
#4002 = LINE('',#4003,#4004);
#4003 = CARTESIAN_POINT('',(30.415121352005,3.552713678801E-15));
#4004 = VECTOR('',#4005,1.);
#4005 = DIRECTION('',(0.,-1.));
#4006 = ( GEOMETRIC_REPRESENTATION_CONTEXT(2) 
PARAMETRIC_REPRESENTATION_CONTEXT() REPRESENTATION_CONTEXT('2D SPACE',''
  ) );
#4007 = PCURVE('',#4008,#4013);
#4008 = PLANE('',#4009);
#4009 = AXIS2_PLACEMENT_3D('',#4010,#4011,#4012);
#4010 = CARTESIAN_POINT('',(-40.09559941781,-40.41934429589,
    -15.14724408412));
#4011 = DIRECTION('',(0.,-0.961825643173,-0.273662990072));
#4012 = DIRECTION('',(0.906307787037,-0.115654977167,0.406485081415));
#4013 = DEFINITIONAL_REPRESENTATION('',(#4014),#4018);
#4014 = LINE('',#4015,#4016);
#4015 = CARTESIAN_POINT('',(0.,0.));
#4016 = VECTOR('',#4017,1.);
#4017 = DIRECTION('',(0.,1.));
#4018 = ( GEOMETRIC_REPRESENTATION_CONTEXT(2) 
PARAMETRIC_REPRESENTATION_CONTEXT() REPRESENTATION_CONTEXT('2D SPACE',''
  ) );
#4019 = ADVANCED_FACE('',(#4020),#3926,.F.);
#4020 = FACE_BOUND('',#4021,.F.);
#4021 = EDGE_LOOP('',(#4022,#4052,#4073,#4074,#4097,#4123,#4158,#4188));
#4022 = ORIENTED_EDGE('',*,*,#4023,.F.);
#4023 = EDGE_CURVE('',#4024,#4026,#4028,.T.);
#4024 = VERTEX_POINT('',#4025);
#4025 = CARTESIAN_POINT('',(-26.76602264884,-12.86630323349,
    -0.845347032721));
#4026 = VERTEX_POINT('',#4027);
#4027 = CARTESIAN_POINT('',(-26.76602264884,-42.12034689006,
    -9.168840085316));
#4028 = SURFACE_CURVE('',#4029,(#4033,#4040),.PCURVE_S1.);
#4029 = LINE('',#4030,#4031);
#4030 = CARTESIAN_POINT('',(-26.76602264884,-12.86630323349,
    -0.845347032721));
#4031 = VECTOR('',#4032,1.);
#4032 = DIRECTION('',(0.,-0.961825643173,-0.273662990072));
#4033 = PCURVE('',#3926,#4034);
#4034 = DEFINITIONAL_REPRESENTATION('',(#4035),#4039);
#4035 = LINE('',#4036,#4037);
#4036 = CARTESIAN_POINT('',(-1.554312234475E-15,14.707560676003));
#4037 = VECTOR('',#4038,1.);
#4038 = DIRECTION('',(1.,0.));
#4039 = ( GEOMETRIC_REPRESENTATION_CONTEXT(2) 
PARAMETRIC_REPRESENTATION_CONTEXT() REPRESENTATION_CONTEXT('2D SPACE',''
  ) );
#4040 = PCURVE('',#4041,#4046);
#4041 = PLANE('',#4042);
#4042 = AXIS2_PLACEMENT_3D('',#4043,#4044,#4045);
#4043 = CARTESIAN_POINT('',(-26.76602264884,-12.86630323349,
    -0.845347032721));
#4044 = DIRECTION('',(0.906307787037,-0.115654977167,0.406485081415));
#4045 = DIRECTION('',(0.,-0.961825643173,-0.273662990072));
#4046 = DEFINITIONAL_REPRESENTATION('',(#4047),#4051);
#4047 = LINE('',#4048,#4049);
#4048 = CARTESIAN_POINT('',(0.,0.));
#4049 = VECTOR('',#4050,1.);
#4050 = DIRECTION('',(1.,0.));
#4051 = ( GEOMETRIC_REPRESENTATION_CONTEXT(2) 
PARAMETRIC_REPRESENTATION_CONTEXT() REPRESENTATION_CONTEXT('2D SPACE',''
  ) );
#4052 = ORIENTED_EDGE('',*,*,#4053,.F.);
#4053 = EDGE_CURVE('',#3904,#4024,#4054,.T.);
#4054 = SURFACE_CURVE('',#4055,(#4059,#4066),.PCURVE_S1.);
#4055 = LINE('',#4056,#4057);
#4056 = CARTESIAN_POINT('',(-40.09559941781,-11.16530063932,
    -6.823751031527));
#4057 = VECTOR('',#4058,1.);
#4058 = DIRECTION('',(0.906307787037,-0.115654977167,0.406485081415));
#4059 = PCURVE('',#3926,#4060);
#4060 = DEFINITIONAL_REPRESENTATION('',(#4061),#4065);
#4061 = LINE('',#4062,#4063);
#4062 = CARTESIAN_POINT('',(0.,0.));
#4063 = VECTOR('',#4064,1.);
#4064 = DIRECTION('',(0.,1.));
#4065 = ( GEOMETRIC_REPRESENTATION_CONTEXT(2) 
PARAMETRIC_REPRESENTATION_CONTEXT() REPRESENTATION_CONTEXT('2D SPACE',''
  ) );
#4066 = PCURVE('',#3954,#4067);
#4067 = DEFINITIONAL_REPRESENTATION('',(#4068),#4072);
#4068 = LINE('',#4069,#4070);
#4069 = CARTESIAN_POINT('',(0.,0.));
#4070 = VECTOR('',#4071,1.);
#4071 = DIRECTION('',(1.,0.));
#4072 = ( GEOMETRIC_REPRESENTATION_CONTEXT(2) 
PARAMETRIC_REPRESENTATION_CONTEXT() REPRESENTATION_CONTEXT('2D SPACE',''
  ) );
#4073 = ORIENTED_EDGE('',*,*,#3903,.T.);
#4074 = ORIENTED_EDGE('',*,*,#4075,.T.);
#4075 = EDGE_CURVE('',#3906,#4076,#4078,.T.);
#4076 = VERTEX_POINT('',#4077);
#4077 = CARTESIAN_POINT('',(-33.61728154514,-41.24604987689,
    -12.24167535176));
#4078 = SURFACE_CURVE('',#4079,(#4083,#4090),.PCURVE_S1.);
#4079 = LINE('',#4080,#4081);
#4080 = CARTESIAN_POINT('',(-40.09559941781,-40.41934429589,
    -15.14724408412));
#4081 = VECTOR('',#4082,1.);
#4082 = DIRECTION('',(0.906307787037,-0.115654977167,0.406485081415));
#4083 = PCURVE('',#3926,#4084);
#4084 = DEFINITIONAL_REPRESENTATION('',(#4085),#4089);
#4085 = LINE('',#4086,#4087);
#4086 = CARTESIAN_POINT('',(30.415121352005,0.));
#4087 = VECTOR('',#4088,1.);
#4088 = DIRECTION('',(0.,1.));
#4089 = ( GEOMETRIC_REPRESENTATION_CONTEXT(2) 
PARAMETRIC_REPRESENTATION_CONTEXT() REPRESENTATION_CONTEXT('2D SPACE',''
  ) );
#4090 = PCURVE('',#4008,#4091);
#4091 = DEFINITIONAL_REPRESENTATION('',(#4092),#4096);
#4092 = LINE('',#4093,#4094);
#4093 = CARTESIAN_POINT('',(0.,0.));
#4094 = VECTOR('',#4095,1.);
#4095 = DIRECTION('',(1.,0.));
#4096 = ( GEOMETRIC_REPRESENTATION_CONTEXT(2) 
PARAMETRIC_REPRESENTATION_CONTEXT() REPRESENTATION_CONTEXT('2D SPACE',''
  ) );
#4097 = ORIENTED_EDGE('',*,*,#4098,.T.);
#4098 = EDGE_CURVE('',#4076,#4099,#4101,.T.);
#4099 = VERTEX_POINT('',#4100);
#4100 = CARTESIAN_POINT('',(-33.61728154514,-38.91958823413,
    -11.57973994386));
#4101 = SURFACE_CURVE('',#4102,(#4106,#4112),.PCURVE_S1.);
#4102 = LINE('',#4103,#4104);
#4103 = CARTESIAN_POINT('',(-33.61728154514,-26.13811522702,
    -7.943097330431));
#4104 = VECTOR('',#4105,1.);
#4105 = DIRECTION('',(-0.,0.961825643173,0.273662990072));
#4106 = PCURVE('',#3926,#4107);
#4107 = DEFINITIONAL_REPRESENTATION('',(#4108),#4111);
#4108 = B_SPLINE_CURVE_WITH_KNOTS('',1,(#4109,#4110),.UNSPECIFIED.,.F.,
  .F.,(2,2),(-15.707560676,-13.207560676),.PIECEWISE_BEZIER_KNOTS.);
#4109 = CARTESIAN_POINT('',(30.415121352005,7.148032892721));
#4110 = CARTESIAN_POINT('',(27.915121352005,7.148032892721));
#4111 = ( GEOMETRIC_REPRESENTATION_CONTEXT(2) 
PARAMETRIC_REPRESENTATION_CONTEXT() REPRESENTATION_CONTEXT('2D SPACE',''
  ) );
#4112 = PCURVE('',#4113,#4118);
#4113 = PLANE('',#4114);
#4114 = AXIS2_PLACEMENT_3D('',#4115,#4116,#4117);
#4115 = CARTESIAN_POINT('',(-33.61728154514,-40.41745430485,
    -11.49975723217));
#4116 = DIRECTION('',(1.,0.,0.));
#4117 = DIRECTION('',(0.,-0.961825643173,-0.273662990072));
#4118 = DEFINITIONAL_REPRESENTATION('',(#4119),#4122);
#4119 = B_SPLINE_CURVE_WITH_KNOTS('',1,(#4120,#4121),.UNSPECIFIED.,.F.,
  .F.,(2,2),(-15.707560676,-13.207560676),.PIECEWISE_BEZIER_KNOTS.);
#4120 = CARTESIAN_POINT('',(1.,0.486839930751));
#4121 = CARTESIAN_POINT('',(-1.5,0.486839930751));
#4122 = ( GEOMETRIC_REPRESENTATION_CONTEXT(2) 
PARAMETRIC_REPRESENTATION_CONTEXT() REPRESENTATION_CONTEXT('2D SPACE',''
  ) );
#4123 = ORIENTED_EDGE('',*,*,#4124,.F.);
#4124 = EDGE_CURVE('',#4125,#4099,#4127,.T.);
#4125 = VERTEX_POINT('',#4126);
#4126 = CARTESIAN_POINT('',(-29.3564895637,-40.82794878996,
    -10.05701876741));
#4127 = SURFACE_CURVE('',#4128,(#4133,#4140),.PCURVE_S1.);
#4128 = ELLIPSE('',#4129,3.549302374729,1.5);
#4129 = AXIS2_PLACEMENT_3D('',#4130,#4131,#4132);
#4130 = CARTESIAN_POINT('',(-32.57324994447,-40.41745430485,
    -11.49975723217));
#4131 = DIRECTION('',(-0.422618261741,-0.248022898926,0.871710070179));
#4132 = DIRECTION('',(-0.906307787037,0.115654977167,-0.406485081415));
#4133 = PCURVE('',#3926,#4134);
#4134 = DEFINITIONAL_REPRESENTATION('',(#4135),#4139);
#4135 = ELLIPSE('',#4136,3.549302374729,1.5);
#4136 = AXIS2_PLACEMENT_2D('',#4137,#4138);
#4137 = CARTESIAN_POINT('',(29.415121352005,8.299994307606));
#4138 = DIRECTION('',(4.163336342344E-17,-1.));
#4139 = ( GEOMETRIC_REPRESENTATION_CONTEXT(2) 
PARAMETRIC_REPRESENTATION_CONTEXT() REPRESENTATION_CONTEXT('2D SPACE',''
  ) );
#4140 = PCURVE('',#4141,#4146);
#4141 = CYLINDRICAL_SURFACE('',#4142,1.5);
#4142 = AXIS2_PLACEMENT_3D('',#4143,#4144,#4145);
#4143 = CARTESIAN_POINT('',(-33.61728154514,-40.41745430485,
    -11.49975723217));
#4144 = DIRECTION('',(-1.,0.,0.));
#4145 = DIRECTION('',(0.,-0.273662990072,0.961825643173));
#4146 = DEFINITIONAL_REPRESENTATION('',(#4147),#4157);
#4147 = B_SPLINE_CURVE_WITH_KNOTS('',8,(#4148,#4149,#4150,#4151,#4152,
    #4153,#4154,#4155,#4156),.UNSPECIFIED.,.F.,.F.,(9,9),(3.14159265359,
    5.042935637106),.PIECEWISE_BEZIER_KNOTS.);
#4148 = CARTESIAN_POINT('',(-6.28318530718,-4.26079198144));
#4149 = CARTESIAN_POINT('',(-6.04551743424,-4.26079198144));
#4150 = CARTESIAN_POINT('',(-5.807849561299,-4.053131704453));
#4151 = CARTESIAN_POINT('',(-5.57018168835,-3.63781887501));
#4152 = CARTESIAN_POINT('',(-5.332513815407,-3.039844771427));
#4153 = CARTESIAN_POINT('',(-5.09484594248,-2.309344507439));
#4154 = CARTESIAN_POINT('',(-4.857178069539,-1.51366495914));
#4155 = CARTESIAN_POINT('',(-4.619510196603,-0.72313272222));
#4156 = CARTESIAN_POINT('',(-4.381842323664,5.999999999062E-07));
#4157 = ( GEOMETRIC_REPRESENTATION_CONTEXT(2) 
PARAMETRIC_REPRESENTATION_CONTEXT() REPRESENTATION_CONTEXT('2D SPACE',''
  ) );
#4158 = ORIENTED_EDGE('',*,*,#4159,.F.);
#4159 = EDGE_CURVE('',#4160,#4125,#4162,.T.);
#4160 = VERTEX_POINT('',#4161);
#4161 = CARTESIAN_POINT('',(-30.17561831823,-41.68524447239,
    -10.69806646192));
#4162 = SURFACE_CURVE('',#4163,(#4168,#4175),.PCURVE_S1.);
#4163 = ELLIPSE('',#4164,3.549302374729,1.5);
#4164 = AXIS2_PLACEMENT_3D('',#4165,#4166,#4167);
#4165 = CARTESIAN_POINT('',(-32.57324994447,-40.41745430485,
    -11.49975723217));
#4166 = DIRECTION('',(-0.422618261741,-0.248022898926,0.871710070179));
#4167 = DIRECTION('',(-0.906307787037,0.115654977167,-0.406485081415));
#4168 = PCURVE('',#3926,#4169);
#4169 = DEFINITIONAL_REPRESENTATION('',(#4170),#4174);
#4170 = ELLIPSE('',#4171,3.549302374729,1.5);
#4171 = AXIS2_PLACEMENT_2D('',#4172,#4173);
#4172 = CARTESIAN_POINT('',(29.415121352005,8.299994307606));
#4173 = DIRECTION('',(4.163336342344E-17,-1.));
#4174 = ( GEOMETRIC_REPRESENTATION_CONTEXT(2) 
PARAMETRIC_REPRESENTATION_CONTEXT() REPRESENTATION_CONTEXT('2D SPACE',''
  ) );
#4175 = PCURVE('',#4141,#4176);
#4176 = DEFINITIONAL_REPRESENTATION('',(#4177),#4187);
#4177 = B_SPLINE_CURVE_WITH_KNOTS('',8,(#4178,#4179,#4180,#4181,#4182,
    #4183,#4184,#4185,#4186),.UNSPECIFIED.,.F.,.F.,(9,9),(1.240249670074
    ,3.14159265359),.PIECEWISE_BEZIER_KNOTS.);
#4178 = CARTESIAN_POINT('',(-1.901342983516,5.999999999062E-07));
#4179 = CARTESIAN_POINT('',(-1.663675110576,-0.72313272222));
#4180 = CARTESIAN_POINT('',(-1.426007237637,-1.513664959141));
#4181 = CARTESIAN_POINT('',(-1.188339364695,-2.309344507437));
#4182 = CARTESIAN_POINT('',(-0.95067149176,-3.039844771441));
#4183 = CARTESIAN_POINT('',(-0.713003618816,-3.637818875006));
#4184 = CARTESIAN_POINT('',(-0.47533574588,-4.053131704455));
#4185 = CARTESIAN_POINT('',(-0.237667872939,-4.26079198144));
#4186 = CARTESIAN_POINT('',(4.440892098501E-15,-4.26079198144));
#4187 = ( GEOMETRIC_REPRESENTATION_CONTEXT(2) 
PARAMETRIC_REPRESENTATION_CONTEXT() REPRESENTATION_CONTEXT('2D SPACE',''
  ) );
#4188 = ORIENTED_EDGE('',*,*,#4189,.T.);
#4189 = EDGE_CURVE('',#4160,#4026,#4190,.T.);
#4190 = SURFACE_CURVE('',#4191,(#4195,#4202),.PCURVE_S1.);
#4191 = LINE('',#4192,#4193);
#4192 = CARTESIAN_POINT('',(-40.09559941781,-40.41934429589,
    -15.14724408412));
#4193 = VECTOR('',#4194,1.);
#4194 = DIRECTION('',(0.906307787037,-0.115654977167,0.406485081415));
#4195 = PCURVE('',#3926,#4196);
#4196 = DEFINITIONAL_REPRESENTATION('',(#4197),#4201);
#4197 = LINE('',#4198,#4199);
#4198 = CARTESIAN_POINT('',(30.415121352005,0.));
#4199 = VECTOR('',#4200,1.);
#4200 = DIRECTION('',(0.,1.));
#4201 = ( GEOMETRIC_REPRESENTATION_CONTEXT(2) 
PARAMETRIC_REPRESENTATION_CONTEXT() REPRESENTATION_CONTEXT('2D SPACE',''
  ) );
#4202 = PCURVE('',#4203,#4208);
#4203 = PLANE('',#4204);
#4204 = AXIS2_PLACEMENT_3D('',#4205,#4206,#4207);
#4205 = CARTESIAN_POINT('',(-40.09559941781,-40.41934429589,
    -15.14724408412));
#4206 = DIRECTION('',(0.,-0.961825643173,-0.273662990072));
#4207 = DIRECTION('',(0.906307787037,-0.115654977167,0.406485081415));
#4208 = DEFINITIONAL_REPRESENTATION('',(#4209),#4213);
#4209 = LINE('',#4210,#4211);
#4210 = CARTESIAN_POINT('',(0.,0.));
#4211 = VECTOR('',#4212,1.);
#4212 = DIRECTION('',(1.,0.));
#4213 = ( GEOMETRIC_REPRESENTATION_CONTEXT(2) 
PARAMETRIC_REPRESENTATION_CONTEXT() REPRESENTATION_CONTEXT('2D SPACE',''
  ) );
#4214 = ADVANCED_FACE('',(#4215),#4008,.T.);
#4215 = FACE_BOUND('',#4216,.T.);
#4216 = EDGE_LOOP('',(#4217,#4240,#4241,#4242));
#4217 = ORIENTED_EDGE('',*,*,#4218,.F.);
#4218 = EDGE_CURVE('',#3967,#4219,#4221,.T.);
#4219 = VERTEX_POINT('',#4220);
#4220 = CARTESIAN_POINT('',(-33.61728154514,-41.51251001916,
    -11.30516509273));
#4221 = SURFACE_CURVE('',#4222,(#4226,#4233),.PCURVE_S1.);
#4222 = LINE('',#4223,#4224);
#4223 = CARTESIAN_POINT('',(-40.46854044145,-40.63821300599,
    -14.37800035917));
#4224 = VECTOR('',#4225,1.);
#4225 = DIRECTION('',(0.906307787037,-0.115654977167,0.406485081415));
#4226 = PCURVE('',#4008,#4227);
#4227 = DEFINITIONAL_REPRESENTATION('',(#4228),#4232);
#4228 = LINE('',#4229,#4230);
#4229 = CARTESIAN_POINT('',(-2.553512956638E-15,0.88245364056));
#4230 = VECTOR('',#4231,1.);
#4231 = DIRECTION('',(1.,0.));
#4232 = ( GEOMETRIC_REPRESENTATION_CONTEXT(2) 
PARAMETRIC_REPRESENTATION_CONTEXT() REPRESENTATION_CONTEXT('2D SPACE',''
  ) );
#4233 = PCURVE('',#3982,#4234);
#4234 = DEFINITIONAL_REPRESENTATION('',(#4235),#4239);
#4235 = LINE('',#4236,#4237);
#4236 = CARTESIAN_POINT('',(30.415121352005,0.));
#4237 = VECTOR('',#4238,1.);
#4238 = DIRECTION('',(0.,1.));
#4239 = ( GEOMETRIC_REPRESENTATION_CONTEXT(2) 
PARAMETRIC_REPRESENTATION_CONTEXT() REPRESENTATION_CONTEXT('2D SPACE',''
  ) );
#4240 = ORIENTED_EDGE('',*,*,#3994,.F.);
#4241 = ORIENTED_EDGE('',*,*,#4075,.T.);
#4242 = ORIENTED_EDGE('',*,*,#4243,.T.);
#4243 = EDGE_CURVE('',#4076,#4219,#4244,.T.);
#4244 = SURFACE_CURVE('',#4245,(#4249,#4255),.PCURVE_S1.);
#4245 = LINE('',#4246,#4247);
#4246 = CARTESIAN_POINT('',(-33.61728154514,-40.89931212196,
    -13.46033215318));
#4247 = VECTOR('',#4248,1.);
#4248 = DIRECTION('',(0.,-0.273662990072,0.961825643173));
#4249 = PCURVE('',#4008,#4250);
#4250 = DEFINITIONAL_REPRESENTATION('',(#4251),#4254);
#4251 = B_SPLINE_CURVE_WITH_KNOTS('',1,(#4252,#4253),.UNSPECIFIED.,.F.,
  .F.,(2,2),(1.267024652618,2.24070451412),.PIECEWISE_BEZIER_KNOTS.);
#4252 = CARTESIAN_POINT('',(7.148032892721,2.22044604925E-16));
#4253 = CARTESIAN_POINT('',(7.559527783281,0.88245364056));
#4254 = ( GEOMETRIC_REPRESENTATION_CONTEXT(2) 
PARAMETRIC_REPRESENTATION_CONTEXT() REPRESENTATION_CONTEXT('2D SPACE',''
  ) );
#4255 = PCURVE('',#4113,#4256);
#4256 = DEFINITIONAL_REPRESENTATION('',(#4257),#4260);
#4257 = B_SPLINE_CURVE_WITH_KNOTS('',1,(#4258,#4259),.UNSPECIFIED.,.F.,
  .F.,(2,2),(1.267024652618,2.24070451412),.PIECEWISE_BEZIER_KNOTS.);
#4258 = CARTESIAN_POINT('',(1.,0.486839930751));
#4259 = CARTESIAN_POINT('',(1.,-0.486839930751));
#4260 = ( GEOMETRIC_REPRESENTATION_CONTEXT(2) 
PARAMETRIC_REPRESENTATION_CONTEXT() REPRESENTATION_CONTEXT('2D SPACE',''
  ) );
#4261 = ADVANCED_FACE('',(#4262),#3982,.T.);
#4262 = FACE_BOUND('',#4263,.T.);
#4263 = EDGE_LOOP('',(#4264,#4289,#4310,#4311,#4312,#4333,#4367,#4396));
#4264 = ORIENTED_EDGE('',*,*,#4265,.F.);
#4265 = EDGE_CURVE('',#4266,#4268,#4270,.T.);
#4266 = VERTEX_POINT('',#4267);
#4267 = CARTESIAN_POINT('',(-27.13896367248,-13.08517194358,
    -7.610330777855E-02));
#4268 = VERTEX_POINT('',#4269);
#4269 = CARTESIAN_POINT('',(-27.13896367248,-42.33921560016,
    -8.399596360374));
#4270 = SURFACE_CURVE('',#4271,(#4275,#4282),.PCURVE_S1.);
#4271 = LINE('',#4272,#4273);
#4272 = CARTESIAN_POINT('',(-27.13896367248,-13.08517194358,
    -7.610330777855E-02));
#4273 = VECTOR('',#4274,1.);
#4274 = DIRECTION('',(0.,-0.961825643173,-0.273662990072));
#4275 = PCURVE('',#3982,#4276);
#4276 = DEFINITIONAL_REPRESENTATION('',(#4277),#4281);
#4277 = LINE('',#4278,#4279);
#4278 = CARTESIAN_POINT('',(-1.554312234475E-15,14.707560676003));
#4279 = VECTOR('',#4280,1.);
#4280 = DIRECTION('',(1.,0.));
#4281 = ( GEOMETRIC_REPRESENTATION_CONTEXT(2) 
PARAMETRIC_REPRESENTATION_CONTEXT() REPRESENTATION_CONTEXT('2D SPACE',''
  ) );
#4282 = PCURVE('',#4041,#4283);
#4283 = DEFINITIONAL_REPRESENTATION('',(#4284),#4288);
#4284 = LINE('',#4285,#4286);
#4285 = CARTESIAN_POINT('',(8.326672684689E-17,-0.88245364056));
#4286 = VECTOR('',#4287,1.);
#4287 = DIRECTION('',(1.,0.));
#4288 = ( GEOMETRIC_REPRESENTATION_CONTEXT(2) 
PARAMETRIC_REPRESENTATION_CONTEXT() REPRESENTATION_CONTEXT('2D SPACE',''
  ) );
#4289 = ORIENTED_EDGE('',*,*,#4290,.F.);
#4290 = EDGE_CURVE('',#3939,#4266,#4291,.T.);
#4291 = SURFACE_CURVE('',#4292,(#4296,#4303),.PCURVE_S1.);
#4292 = LINE('',#4293,#4294);
#4293 = CARTESIAN_POINT('',(-40.46854044145,-11.38416934942,
    -6.054507306584));
#4294 = VECTOR('',#4295,1.);
#4295 = DIRECTION('',(0.906307787037,-0.115654977167,0.406485081415));
#4296 = PCURVE('',#3982,#4297);
#4297 = DEFINITIONAL_REPRESENTATION('',(#4298),#4302);
#4298 = LINE('',#4299,#4300);
#4299 = CARTESIAN_POINT('',(0.,0.));
#4300 = VECTOR('',#4301,1.);
#4301 = DIRECTION('',(0.,1.));
#4302 = ( GEOMETRIC_REPRESENTATION_CONTEXT(2) 
PARAMETRIC_REPRESENTATION_CONTEXT() REPRESENTATION_CONTEXT('2D SPACE',''
  ) );
#4303 = PCURVE('',#3954,#4304);
#4304 = DEFINITIONAL_REPRESENTATION('',(#4305),#4309);
#4305 = LINE('',#4306,#4307);
#4306 = CARTESIAN_POINT('',(-2.6645352591E-15,0.88245364056));
#4307 = VECTOR('',#4308,1.);
#4308 = DIRECTION('',(1.,0.));
#4309 = ( GEOMETRIC_REPRESENTATION_CONTEXT(2) 
PARAMETRIC_REPRESENTATION_CONTEXT() REPRESENTATION_CONTEXT('2D SPACE',''
  ) );
#4310 = ORIENTED_EDGE('',*,*,#3966,.T.);
#4311 = ORIENTED_EDGE('',*,*,#4218,.T.);
#4312 = ORIENTED_EDGE('',*,*,#4313,.T.);
#4313 = EDGE_CURVE('',#4219,#4314,#4316,.T.);
#4314 = VERTEX_POINT('',#4315);
#4315 = CARTESIAN_POINT('',(-33.61728154514,-39.1860483764,
    -10.64322968482));
#4316 = SURFACE_CURVE('',#4317,(#4321,#4327),.PCURVE_S1.);
#4317 = LINE('',#4318,#4319);
#4318 = CARTESIAN_POINT('',(-33.61728154514,-26.40457536929,
    -7.006587071397));
#4319 = VECTOR('',#4320,1.);
#4320 = DIRECTION('',(-0.,0.961825643173,0.273662990072));
#4321 = PCURVE('',#3982,#4322);
#4322 = DEFINITIONAL_REPRESENTATION('',(#4323),#4326);
#4323 = B_SPLINE_CURVE_WITH_KNOTS('',1,(#4324,#4325),.UNSPECIFIED.,.F.,
  .F.,(2,2),(-15.707560676,-13.207560676),.PIECEWISE_BEZIER_KNOTS.);
#4324 = CARTESIAN_POINT('',(30.415121352005,7.559527783281));
#4325 = CARTESIAN_POINT('',(27.915121352005,7.559527783281));
#4326 = ( GEOMETRIC_REPRESENTATION_CONTEXT(2) 
PARAMETRIC_REPRESENTATION_CONTEXT() REPRESENTATION_CONTEXT('2D SPACE',''
  ) );
#4327 = PCURVE('',#4113,#4328);
#4328 = DEFINITIONAL_REPRESENTATION('',(#4329),#4332);
#4329 = B_SPLINE_CURVE_WITH_KNOTS('',1,(#4330,#4331),.UNSPECIFIED.,.F.,
  .F.,(2,2),(-15.707560676,-13.207560676),.PIECEWISE_BEZIER_KNOTS.);
#4330 = CARTESIAN_POINT('',(1.,-0.486839930751));
#4331 = CARTESIAN_POINT('',(-1.5,-0.486839930751));
#4332 = ( GEOMETRIC_REPRESENTATION_CONTEXT(2) 
PARAMETRIC_REPRESENTATION_CONTEXT() REPRESENTATION_CONTEXT('2D SPACE',''
  ) );
#4333 = ORIENTED_EDGE('',*,*,#4334,.F.);
#4334 = EDGE_CURVE('',#4335,#4314,#4337,.T.);
#4335 = VERTEX_POINT('',#4336);
#4336 = CARTESIAN_POINT('',(-31.44455276506,-40.82794878996,
    -10.05701876741));
#4337 = SURFACE_CURVE('',#4338,(#4343,#4350),.PCURVE_S1.);
#4338 = ELLIPSE('',#4339,3.549302374729,1.5);
#4339 = AXIS2_PLACEMENT_3D('',#4340,#4341,#4342);
#4340 = CARTESIAN_POINT('',(-34.66131314582,-40.41745430485,
    -11.49975723217));
#4341 = DIRECTION('',(-0.422618261741,-0.248022898926,0.871710070179));
#4342 = DIRECTION('',(-0.906307787037,0.115654977167,-0.406485081415));
#4343 = PCURVE('',#3982,#4344);
#4344 = DEFINITIONAL_REPRESENTATION('',(#4345),#4349);
#4345 = ELLIPSE('',#4346,3.549302374729,1.5);
#4346 = AXIS2_PLACEMENT_2D('',#4347,#4348);
#4347 = CARTESIAN_POINT('',(29.415121352005,6.407566368396));
#4348 = DIRECTION('',(4.163336342344E-17,-1.));
#4349 = ( GEOMETRIC_REPRESENTATION_CONTEXT(2) 
PARAMETRIC_REPRESENTATION_CONTEXT() REPRESENTATION_CONTEXT('2D SPACE',''
  ) );
#4350 = PCURVE('',#4351,#4356);
#4351 = CYLINDRICAL_SURFACE('',#4352,1.5);
#4352 = AXIS2_PLACEMENT_3D('',#4353,#4354,#4355);
#4353 = CARTESIAN_POINT('',(-33.61728154514,-40.41745430485,
    -11.49975723217));
#4354 = DIRECTION('',(-1.,0.,0.));
#4355 = DIRECTION('',(0.,-0.273662990072,0.961825643173));
#4356 = DEFINITIONAL_REPRESENTATION('',(#4357),#4366);
#4357 = B_SPLINE_CURVE_WITH_KNOTS('',7,(#4358,#4359,#4360,#4361,#4362,
    #4363,#4364,#4365),.UNSPECIFIED.,.F.,.F.,(8,8),(3.14159265359,
    4.38184271806),.PIECEWISE_BEZIER_KNOTS.);
#4358 = CARTESIAN_POINT('',(-6.28318530718,-2.172728780088));
#4359 = CARTESIAN_POINT('',(-6.106006726541,-2.172728780088));
#4360 = CARTESIAN_POINT('',(-5.928828145903,-2.054916646473));
#4361 = CARTESIAN_POINT('',(-5.751649565264,-1.819297034842));
#4362 = CARTESIAN_POINT('',(-5.574470984626,-1.474912375584));
#4363 = CARTESIAN_POINT('',(-5.397292403986,-1.039936753646));
#4364 = CARTESIAN_POINT('',(-5.220113823348,-0.539086788624));
#4365 = CARTESIAN_POINT('',(-5.042935242709,5.999999999062E-07));
#4366 = ( GEOMETRIC_REPRESENTATION_CONTEXT(2) 
PARAMETRIC_REPRESENTATION_CONTEXT() REPRESENTATION_CONTEXT('2D SPACE',''
  ) );
#4367 = ORIENTED_EDGE('',*,*,#4368,.F.);
#4368 = EDGE_CURVE('',#4369,#4335,#4371,.T.);
#4369 = VERTEX_POINT('',#4370);
#4370 = CARTESIAN_POINT('',(-32.26368151958,-41.68524447239,
    -10.69806646192));
#4371 = SURFACE_CURVE('',#4372,(#4377,#4384),.PCURVE_S1.);
#4372 = ELLIPSE('',#4373,3.549302374729,1.5);
#4373 = AXIS2_PLACEMENT_3D('',#4374,#4375,#4376);
#4374 = CARTESIAN_POINT('',(-34.66131314582,-40.41745430485,
    -11.49975723217));
#4375 = DIRECTION('',(-0.422618261741,-0.248022898926,0.871710070179));
#4376 = DIRECTION('',(-0.906307787037,0.115654977167,-0.406485081415));
#4377 = PCURVE('',#3982,#4378);
#4378 = DEFINITIONAL_REPRESENTATION('',(#4379),#4383);
#4379 = ELLIPSE('',#4380,3.549302374729,1.5);
#4380 = AXIS2_PLACEMENT_2D('',#4381,#4382);
#4381 = CARTESIAN_POINT('',(29.415121352005,6.407566368396));
#4382 = DIRECTION('',(4.163336342344E-17,-1.));
#4383 = ( GEOMETRIC_REPRESENTATION_CONTEXT(2) 
PARAMETRIC_REPRESENTATION_CONTEXT() REPRESENTATION_CONTEXT('2D SPACE',''
  ) );
#4384 = PCURVE('',#4141,#4385);
#4385 = DEFINITIONAL_REPRESENTATION('',(#4386),#4395);
#4386 = B_SPLINE_CURVE_WITH_KNOTS('',7,(#4387,#4388,#4389,#4390,#4391,
    #4392,#4393,#4394),.UNSPECIFIED.,.F.,.F.,(8,8),(1.901342589119,
    3.14159265359),.PIECEWISE_BEZIER_KNOTS.);
#4387 = CARTESIAN_POINT('',(-1.240250064471,5.999999999062E-07));
#4388 = CARTESIAN_POINT('',(-1.063071483832,-0.539086788624));
#4389 = CARTESIAN_POINT('',(-0.885892903193,-1.039936753646));
#4390 = CARTESIAN_POINT('',(-0.708714322555,-1.474912375583));
#4391 = CARTESIAN_POINT('',(-0.531535741916,-1.819297034843));
#4392 = CARTESIAN_POINT('',(-0.354357161277,-2.054916646473));
#4393 = CARTESIAN_POINT('',(-0.177178580639,-2.172728780088));
#4394 = CARTESIAN_POINT('',(4.440892098501E-15,-2.172728780088));
#4395 = ( GEOMETRIC_REPRESENTATION_CONTEXT(2) 
PARAMETRIC_REPRESENTATION_CONTEXT() REPRESENTATION_CONTEXT('2D SPACE',''
  ) );
#4396 = ORIENTED_EDGE('',*,*,#4397,.T.);
#4397 = EDGE_CURVE('',#4369,#4268,#4398,.T.);
#4398 = SURFACE_CURVE('',#4399,(#4403,#4410),.PCURVE_S1.);
#4399 = LINE('',#4400,#4401);
#4400 = CARTESIAN_POINT('',(-40.46854044145,-40.63821300599,
    -14.37800035917));
#4401 = VECTOR('',#4402,1.);
#4402 = DIRECTION('',(0.906307787037,-0.115654977167,0.406485081415));
#4403 = PCURVE('',#3982,#4404);
#4404 = DEFINITIONAL_REPRESENTATION('',(#4405),#4409);
#4405 = LINE('',#4406,#4407);
#4406 = CARTESIAN_POINT('',(30.415121352005,0.));
#4407 = VECTOR('',#4408,1.);
#4408 = DIRECTION('',(0.,1.));
#4409 = ( GEOMETRIC_REPRESENTATION_CONTEXT(2) 
PARAMETRIC_REPRESENTATION_CONTEXT() REPRESENTATION_CONTEXT('2D SPACE',''
  ) );
#4410 = PCURVE('',#4203,#4411);
#4411 = DEFINITIONAL_REPRESENTATION('',(#4412),#4416);
#4412 = LINE('',#4413,#4414);
#4413 = CARTESIAN_POINT('',(-2.553512956638E-15,0.88245364056));
#4414 = VECTOR('',#4415,1.);
#4415 = DIRECTION('',(1.,0.));
#4416 = ( GEOMETRIC_REPRESENTATION_CONTEXT(2) 
PARAMETRIC_REPRESENTATION_CONTEXT() REPRESENTATION_CONTEXT('2D SPACE',''
  ) );
#4417 = ADVANCED_FACE('',(#4418),#3954,.F.);
#4418 = FACE_BOUND('',#4419,.F.);
#4419 = EDGE_LOOP('',(#4420,#4421,#4422,#4443));
#4420 = ORIENTED_EDGE('',*,*,#3938,.F.);
#4421 = ORIENTED_EDGE('',*,*,#4053,.T.);
#4422 = ORIENTED_EDGE('',*,*,#4423,.T.);
#4423 = EDGE_CURVE('',#4024,#4266,#4424,.T.);
#4424 = SURFACE_CURVE('',#4425,(#4429,#4436),.PCURVE_S1.);
#4425 = LINE('',#4426,#4427);
#4426 = CARTESIAN_POINT('',(-26.76602264884,-12.86630323349,
    -0.845347032721));
#4427 = VECTOR('',#4428,1.);
#4428 = DIRECTION('',(-0.422618261741,-0.248022898926,0.871710070179));
#4429 = PCURVE('',#3954,#4430);
#4430 = DEFINITIONAL_REPRESENTATION('',(#4431),#4435);
#4431 = LINE('',#4432,#4433);
#4432 = CARTESIAN_POINT('',(14.707560676003,0.));
#4433 = VECTOR('',#4434,1.);
#4434 = DIRECTION('',(0.,1.));
#4435 = ( GEOMETRIC_REPRESENTATION_CONTEXT(2) 
PARAMETRIC_REPRESENTATION_CONTEXT() REPRESENTATION_CONTEXT('2D SPACE',''
  ) );
#4436 = PCURVE('',#4041,#4437);
#4437 = DEFINITIONAL_REPRESENTATION('',(#4438),#4442);
#4438 = LINE('',#4439,#4440);
#4439 = CARTESIAN_POINT('',(0.,0.));
#4440 = VECTOR('',#4441,1.);
#4441 = DIRECTION('',(0.,-1.));
#4442 = ( GEOMETRIC_REPRESENTATION_CONTEXT(2) 
PARAMETRIC_REPRESENTATION_CONTEXT() REPRESENTATION_CONTEXT('2D SPACE',''
  ) );
#4443 = ORIENTED_EDGE('',*,*,#4290,.F.);
#4444 = ADVANCED_FACE('',(#4445),#4041,.T.);
#4445 = FACE_BOUND('',#4446,.T.);
#4446 = EDGE_LOOP('',(#4447,#4448,#4449,#4450));
#4447 = ORIENTED_EDGE('',*,*,#4023,.F.);
#4448 = ORIENTED_EDGE('',*,*,#4423,.T.);
#4449 = ORIENTED_EDGE('',*,*,#4265,.T.);
#4450 = ORIENTED_EDGE('',*,*,#4451,.F.);
#4451 = EDGE_CURVE('',#4026,#4268,#4452,.T.);
#4452 = SURFACE_CURVE('',#4453,(#4457,#4464),.PCURVE_S1.);
#4453 = LINE('',#4454,#4455);
#4454 = CARTESIAN_POINT('',(-26.76602264884,-42.12034689006,
    -9.168840085316));
#4455 = VECTOR('',#4456,1.);
#4456 = DIRECTION('',(-0.422618261741,-0.248022898926,0.871710070179));
#4457 = PCURVE('',#4041,#4458);
#4458 = DEFINITIONAL_REPRESENTATION('',(#4459),#4463);
#4459 = LINE('',#4460,#4461);
#4460 = CARTESIAN_POINT('',(30.415121352005,0.));
#4461 = VECTOR('',#4462,1.);
#4462 = DIRECTION('',(0.,-1.));
#4463 = ( GEOMETRIC_REPRESENTATION_CONTEXT(2) 
PARAMETRIC_REPRESENTATION_CONTEXT() REPRESENTATION_CONTEXT('2D SPACE',''
  ) );
#4464 = PCURVE('',#4203,#4465);
#4465 = DEFINITIONAL_REPRESENTATION('',(#4466),#4470);
#4466 = LINE('',#4467,#4468);
#4467 = CARTESIAN_POINT('',(14.707560676003,1.7763568394E-15));
#4468 = VECTOR('',#4469,1.);
#4469 = DIRECTION('',(0.,1.));
#4470 = ( GEOMETRIC_REPRESENTATION_CONTEXT(2) 
PARAMETRIC_REPRESENTATION_CONTEXT() REPRESENTATION_CONTEXT('2D SPACE',''
  ) );
#4471 = ADVANCED_FACE('',(#4472),#4203,.T.);
#4472 = FACE_BOUND('',#4473,.T.);
#4473 = EDGE_LOOP('',(#4474,#4475,#4494,#4495));
#4474 = ORIENTED_EDGE('',*,*,#4397,.F.);
#4475 = ORIENTED_EDGE('',*,*,#4476,.F.);
#4476 = EDGE_CURVE('',#4160,#4369,#4477,.T.);
#4477 = SURFACE_CURVE('',#4478,(#4482,#4488),.PCURVE_S1.);
#4478 = LINE('',#4479,#4480);
#4479 = CARTESIAN_POINT('',(-33.61728154514,-41.68524447239,
    -10.69806646192));
#4480 = VECTOR('',#4481,1.);
#4481 = DIRECTION('',(-1.,0.,0.));
#4482 = PCURVE('',#4203,#4483);
#4483 = DEFINITIONAL_REPRESENTATION('',(#4484),#4487);
#4484 = B_SPLINE_CURVE_WITH_KNOTS('',1,(#4485,#4486),.UNSPECIFIED.,.F.,
  .F.,(2,2),(-3.65046954705,-1.144793705428),.PIECEWISE_BEZIER_KNOTS.);
#4485 = CARTESIAN_POINT('',(11.134730895726,-8.824536405598E-02));
#4486 = CARTESIAN_POINT('',(8.863817368674,0.970699004616));
#4487 = ( GEOMETRIC_REPRESENTATION_CONTEXT(2) 
PARAMETRIC_REPRESENTATION_CONTEXT() REPRESENTATION_CONTEXT('2D SPACE',''
  ) );
#4488 = PCURVE('',#4141,#4489);
#4489 = DEFINITIONAL_REPRESENTATION('',(#4490),#4493);
#4490 = B_SPLINE_CURVE_WITH_KNOTS('',1,(#4491,#4492),.UNSPECIFIED.,.F.,
  .F.,(2,2),(-3.65046954705,-1.144793705428),.PIECEWISE_BEZIER_KNOTS.);
#4491 = CARTESIAN_POINT('',(-0.729727656227,-3.65046954705));
#4492 = CARTESIAN_POINT('',(-0.729727656227,-1.144793705428));
#4493 = ( GEOMETRIC_REPRESENTATION_CONTEXT(2) 
PARAMETRIC_REPRESENTATION_CONTEXT() REPRESENTATION_CONTEXT('2D SPACE',''
  ) );
#4494 = ORIENTED_EDGE('',*,*,#4189,.T.);
#4495 = ORIENTED_EDGE('',*,*,#4451,.T.);
#4496 = ADVANCED_FACE('',(#4497),#4141,.T.);
#4497 = FACE_BOUND('',#4498,.F.);
#4498 = EDGE_LOOP('',(#4499,#4523,#4544,#4545,#4546,#4547,#4570,#4597,
    #4598));
#4499 = ORIENTED_EDGE('',*,*,#4500,.F.);
#4500 = EDGE_CURVE('',#4501,#4099,#4503,.T.);
#4501 = VERTEX_POINT('',#4502);
#4502 = CARTESIAN_POINT('',(-33.61728154514,-40.82794878996,
    -10.05701876741));
#4503 = SURFACE_CURVE('',#4504,(#4509,#4516),.PCURVE_S1.);
#4504 = CIRCLE('',#4505,1.5);
#4505 = AXIS2_PLACEMENT_3D('',#4506,#4507,#4508);
#4506 = CARTESIAN_POINT('',(-33.61728154514,-40.41745430485,
    -11.49975723217));
#4507 = DIRECTION('',(1.,0.,0.));
#4508 = DIRECTION('',(0.,-0.273662990072,0.961825643173));
#4509 = PCURVE('',#4141,#4510);
#4510 = DEFINITIONAL_REPRESENTATION('',(#4511),#4515);
#4511 = LINE('',#4512,#4513);
#4512 = CARTESIAN_POINT('',(-0.,0.));
#4513 = VECTOR('',#4514,1.);
#4514 = DIRECTION('',(-1.,0.));
#4515 = ( GEOMETRIC_REPRESENTATION_CONTEXT(2) 
PARAMETRIC_REPRESENTATION_CONTEXT() REPRESENTATION_CONTEXT('2D SPACE',''
  ) );
#4516 = PCURVE('',#4113,#4517);
#4517 = DEFINITIONAL_REPRESENTATION('',(#4518),#4522);
#4518 = CIRCLE('',#4519,1.5);
#4519 = AXIS2_PLACEMENT_2D('',#4520,#4521);
#4520 = CARTESIAN_POINT('',(0.,0.));
#4521 = DIRECTION('',(0.,-1.));
#4522 = ( GEOMETRIC_REPRESENTATION_CONTEXT(2) 
PARAMETRIC_REPRESENTATION_CONTEXT() REPRESENTATION_CONTEXT('2D SPACE',''
  ) );
#4523 = ORIENTED_EDGE('',*,*,#4524,.T.);
#4524 = EDGE_CURVE('',#4501,#4335,#4525,.T.);
#4525 = SURFACE_CURVE('',#4526,(#4530,#4537),.PCURVE_S1.);
#4526 = LINE('',#4527,#4528);
#4527 = CARTESIAN_POINT('',(-33.61728154514,-40.82794878996,
    -10.05701876741));
#4528 = VECTOR('',#4529,1.);
#4529 = DIRECTION('',(1.,0.,0.));
#4530 = PCURVE('',#4141,#4531);
#4531 = DEFINITIONAL_REPRESENTATION('',(#4532),#4536);
#4532 = LINE('',#4533,#4534);
#4533 = CARTESIAN_POINT('',(-0.,0.));
#4534 = VECTOR('',#4535,1.);
#4535 = DIRECTION('',(-0.,-1.));
#4536 = ( GEOMETRIC_REPRESENTATION_CONTEXT(2) 
PARAMETRIC_REPRESENTATION_CONTEXT() REPRESENTATION_CONTEXT('2D SPACE',''
  ) );
#4537 = PCURVE('',#4351,#4538);
#4538 = DEFINITIONAL_REPRESENTATION('',(#4539),#4543);
#4539 = LINE('',#4540,#4541);
#4540 = CARTESIAN_POINT('',(-6.28318530718,0.));
#4541 = VECTOR('',#4542,1.);
#4542 = DIRECTION('',(-0.,-1.));
#4543 = ( GEOMETRIC_REPRESENTATION_CONTEXT(2) 
PARAMETRIC_REPRESENTATION_CONTEXT() REPRESENTATION_CONTEXT('2D SPACE',''
  ) );
#4544 = ORIENTED_EDGE('',*,*,#4368,.F.);
#4545 = ORIENTED_EDGE('',*,*,#4476,.F.);
#4546 = ORIENTED_EDGE('',*,*,#4159,.T.);
#4547 = ORIENTED_EDGE('',*,*,#4548,.T.);
#4548 = EDGE_CURVE('',#4125,#4549,#4551,.T.);
#4549 = VERTEX_POINT('',#4550);
#4550 = CARTESIAN_POINT('',(-23.61728154514,-40.82794878996,
    -10.05701876741));
#4551 = SEAM_CURVE('',#4552,(#4556,#4563),.PCURVE_S1.);
#4552 = LINE('',#4553,#4554);
#4553 = CARTESIAN_POINT('',(-33.61728154514,-40.82794878996,
    -10.05701876741));
#4554 = VECTOR('',#4555,1.);
#4555 = DIRECTION('',(1.,0.,0.));
#4556 = PCURVE('',#4141,#4557);
#4557 = DEFINITIONAL_REPRESENTATION('',(#4558),#4562);
#4558 = LINE('',#4559,#4560);
#4559 = CARTESIAN_POINT('',(-0.,0.));
#4560 = VECTOR('',#4561,1.);
#4561 = DIRECTION('',(-0.,-1.));
#4562 = ( GEOMETRIC_REPRESENTATION_CONTEXT(2) 
PARAMETRIC_REPRESENTATION_CONTEXT() REPRESENTATION_CONTEXT('2D SPACE',''
  ) );
#4563 = PCURVE('',#4141,#4564);
#4564 = DEFINITIONAL_REPRESENTATION('',(#4565),#4569);
#4565 = LINE('',#4566,#4567);
#4566 = CARTESIAN_POINT('',(-6.28318530718,0.));
#4567 = VECTOR('',#4568,1.);
#4568 = DIRECTION('',(-0.,-1.));
#4569 = ( GEOMETRIC_REPRESENTATION_CONTEXT(2) 
PARAMETRIC_REPRESENTATION_CONTEXT() REPRESENTATION_CONTEXT('2D SPACE',''
  ) );
#4570 = ORIENTED_EDGE('',*,*,#4571,.T.);
#4571 = EDGE_CURVE('',#4549,#4549,#4572,.T.);
#4572 = SURFACE_CURVE('',#4573,(#4578,#4585),.PCURVE_S1.);
#4573 = CIRCLE('',#4574,1.5);
#4574 = AXIS2_PLACEMENT_3D('',#4575,#4576,#4577);
#4575 = CARTESIAN_POINT('',(-23.61728154514,-40.41745430485,
    -11.49975723217));
#4576 = DIRECTION('',(1.,0.,0.));
#4577 = DIRECTION('',(0.,-0.273662990072,0.961825643173));
#4578 = PCURVE('',#4141,#4579);
#4579 = DEFINITIONAL_REPRESENTATION('',(#4580),#4584);
#4580 = LINE('',#4581,#4582);
#4581 = CARTESIAN_POINT('',(-0.,-10.));
#4582 = VECTOR('',#4583,1.);
#4583 = DIRECTION('',(-1.,0.));
#4584 = ( GEOMETRIC_REPRESENTATION_CONTEXT(2) 
PARAMETRIC_REPRESENTATION_CONTEXT() REPRESENTATION_CONTEXT('2D SPACE',''
  ) );
#4585 = PCURVE('',#4586,#4591);
#4586 = PLANE('',#4587);
#4587 = AXIS2_PLACEMENT_3D('',#4588,#4589,#4590);
#4588 = CARTESIAN_POINT('',(-23.61728154514,-40.41745430485,
    -11.49975723217));
#4589 = DIRECTION('',(1.,0.,0.));
#4590 = DIRECTION('',(0.,-0.961825643173,-0.273662990072));
#4591 = DEFINITIONAL_REPRESENTATION('',(#4592),#4596);
#4592 = CIRCLE('',#4593,1.5);
#4593 = AXIS2_PLACEMENT_2D('',#4594,#4595);
#4594 = CARTESIAN_POINT('',(0.,0.));
#4595 = DIRECTION('',(0.,-1.));
#4596 = ( GEOMETRIC_REPRESENTATION_CONTEXT(2) 
PARAMETRIC_REPRESENTATION_CONTEXT() REPRESENTATION_CONTEXT('2D SPACE',''
  ) );
#4597 = ORIENTED_EDGE('',*,*,#4548,.F.);
#4598 = ORIENTED_EDGE('',*,*,#4124,.T.);
#4599 = ADVANCED_FACE('',(#4600),#4113,.F.);
#4600 = FACE_BOUND('',#4601,.F.);
#4601 = EDGE_LOOP('',(#4602,#4624,#4625,#4626,#4627));
#4602 = ORIENTED_EDGE('',*,*,#4603,.T.);
#4603 = EDGE_CURVE('',#4314,#4501,#4604,.T.);
#4604 = SURFACE_CURVE('',#4605,(#4610,#4617),.PCURVE_S1.);
#4605 = CIRCLE('',#4606,1.5);
#4606 = AXIS2_PLACEMENT_3D('',#4607,#4608,#4609);
#4607 = CARTESIAN_POINT('',(-33.61728154514,-40.41745430485,
    -11.49975723217));
#4608 = DIRECTION('',(1.,0.,0.));
#4609 = DIRECTION('',(0.,-0.273662990072,0.961825643173));
#4610 = PCURVE('',#4113,#4611);
#4611 = DEFINITIONAL_REPRESENTATION('',(#4612),#4616);
#4612 = CIRCLE('',#4613,1.5);
#4613 = AXIS2_PLACEMENT_2D('',#4614,#4615);
#4614 = CARTESIAN_POINT('',(0.,0.));
#4615 = DIRECTION('',(0.,-1.));
#4616 = ( GEOMETRIC_REPRESENTATION_CONTEXT(2) 
PARAMETRIC_REPRESENTATION_CONTEXT() REPRESENTATION_CONTEXT('2D SPACE',''
  ) );
#4617 = PCURVE('',#4351,#4618);
#4618 = DEFINITIONAL_REPRESENTATION('',(#4619),#4623);
#4619 = LINE('',#4620,#4621);
#4620 = CARTESIAN_POINT('',(-0.,0.));
#4621 = VECTOR('',#4622,1.);
#4622 = DIRECTION('',(-1.,0.));
#4623 = ( GEOMETRIC_REPRESENTATION_CONTEXT(2) 
PARAMETRIC_REPRESENTATION_CONTEXT() REPRESENTATION_CONTEXT('2D SPACE',''
  ) );
#4624 = ORIENTED_EDGE('',*,*,#4500,.T.);
#4625 = ORIENTED_EDGE('',*,*,#4098,.F.);
#4626 = ORIENTED_EDGE('',*,*,#4243,.T.);
#4627 = ORIENTED_EDGE('',*,*,#4313,.T.);
#4628 = ADVANCED_FACE('',(#4629),#4351,.T.);
#4629 = FACE_BOUND('',#4630,.F.);
#4630 = EDGE_LOOP('',(#4631,#4632,#4633));
#4631 = ORIENTED_EDGE('',*,*,#4603,.F.);
#4632 = ORIENTED_EDGE('',*,*,#4334,.F.);
#4633 = ORIENTED_EDGE('',*,*,#4524,.F.);
#4634 = ADVANCED_FACE('',(#4635),#4586,.T.);
#4635 = FACE_BOUND('',#4636,.T.);
#4636 = EDGE_LOOP('',(#4637));
#4637 = ORIENTED_EDGE('',*,*,#4571,.T.);
#4638 = ( GEOMETRIC_REPRESENTATION_CONTEXT(3) 
GLOBAL_UNCERTAINTY_ASSIGNED_CONTEXT((#4642)) 
GLOBAL_UNIT_ASSIGNED_CONTEXT((#4639,#4640,#4641)) REPRESENTATION_CONTEXT
('Context #1','3D Context with UNIT and UNCERTAINTY') );
#4639 = ( LENGTH_UNIT() NAMED_UNIT(*) SI_UNIT(.MILLI.,.METRE.) );
#4640 = ( NAMED_UNIT(*) PLANE_ANGLE_UNIT() SI_UNIT($,.RADIAN.) );
#4641 = ( NAMED_UNIT(*) SI_UNIT($,.STERADIAN.) SOLID_ANGLE_UNIT() );
#4642 = UNCERTAINTY_MEASURE_WITH_UNIT(LENGTH_MEASURE(1.E-07),#4639,
  'distance_accuracy_value','confusion accuracy');
#4643 = CONTEXT_DEPENDENT_SHAPE_REPRESENTATION(#4644,#4646);
#4644 = ( REPRESENTATION_RELATIONSHIP('','',#3896,#10) 
REPRESENTATION_RELATIONSHIP_WITH_TRANSFORMATION(#4645) 
SHAPE_REPRESENTATION_RELATIONSHIP() );
#4645 = ITEM_DEFINED_TRANSFORMATION('','',#11,#35);
#4646 = PRODUCT_DEFINITION_SHAPE('Placement','Placement of an item',
  #4647);
#4647 = NEXT_ASSEMBLY_USAGE_OCCURRENCE('6','','',#5,#3891,$);
#4648 = PRODUCT_RELATED_PRODUCT_CATEGORY('part',$,(#3893));
#4649 = SHAPE_DEFINITION_REPRESENTATION(#4650,#4656);
#4650 = PRODUCT_DEFINITION_SHAPE('','',#4651);
#4651 = PRODUCT_DEFINITION('design','',#4652,#4655);
#4652 = PRODUCT_DEFINITION_FORMATION('','',#4653);
#4653 = PRODUCT('Open CASCADE STEP translator 7.9 2.7',
  'Open CASCADE STEP translator 7.9 2.7','',(#4654));
#4654 = PRODUCT_CONTEXT('',#2,'mechanical');
#4655 = PRODUCT_DEFINITION_CONTEXT('part definition',#2,'design');
#4656 = ADVANCED_BREP_SHAPE_REPRESENTATION('',(#11,#4657),#5398);
#4657 = MANIFOLD_SOLID_BREP('',#4658);
#4658 = CLOSED_SHELL('',(#4659,#4779,#4974,#5021,#5177,#5204,#5231,#5256
    ,#5359,#5388,#5394));
#4659 = ADVANCED_FACE('',(#4660),#4674,.F.);
#4660 = FACE_BOUND('',#4661,.F.);
#4661 = EDGE_LOOP('',(#4662,#4697,#4725,#4753));
#4662 = ORIENTED_EDGE('',*,*,#4663,.F.);
#4663 = EDGE_CURVE('',#4664,#4666,#4668,.T.);
#4664 = VERTEX_POINT('',#4665);
#4665 = CARTESIAN_POINT('',(-40.09559941781,-7.946309586845,
    -10.39633014369));
#4666 = VERTEX_POINT('',#4667);
#4667 = CARTESIAN_POINT('',(-40.09559941781,-32.21810039556,
    -28.72553574009));
#4668 = SURFACE_CURVE('',#4669,(#4673,#4685),.PCURVE_S1.);
#4669 = LINE('',#4670,#4671);
#4670 = CARTESIAN_POINT('',(-40.09559941781,-7.946309586845,
    -10.39633014369));
#4671 = VECTOR('',#4672,1.);
#4672 = DIRECTION('',(0.,-0.79801722728,-0.602634636379));
#4673 = PCURVE('',#4674,#4679);
#4674 = PLANE('',#4675);
#4675 = AXIS2_PLACEMENT_3D('',#4676,#4677,#4678);
#4676 = CARTESIAN_POINT('',(-40.09559941781,-7.946309586845,
    -10.39633014369));
#4677 = DIRECTION('',(0.906307787037,-0.254684402491,0.337256653432));
#4678 = DIRECTION('',(0.,-0.79801722728,-0.602634636379));
#4679 = DEFINITIONAL_REPRESENTATION('',(#4680),#4684);
#4680 = LINE('',#4681,#4682);
#4681 = CARTESIAN_POINT('',(0.,0.));
#4682 = VECTOR('',#4683,1.);
#4683 = DIRECTION('',(1.,0.));
#4684 = ( GEOMETRIC_REPRESENTATION_CONTEXT(2) 
PARAMETRIC_REPRESENTATION_CONTEXT() REPRESENTATION_CONTEXT('2D SPACE',''
  ) );
#4685 = PCURVE('',#4686,#4691);
#4686 = PLANE('',#4687);
#4687 = AXIS2_PLACEMENT_3D('',#4688,#4689,#4690);
#4688 = CARTESIAN_POINT('',(-40.09559941781,-7.946309586845,
    -10.39633014369));
#4689 = DIRECTION('',(-0.422618261741,-0.546172463689,0.723249227273));
#4690 = DIRECTION('',(0.,-0.79801722728,-0.602634636379));
#4691 = DEFINITIONAL_REPRESENTATION('',(#4692),#4696);
#4692 = LINE('',#4693,#4694);
#4693 = CARTESIAN_POINT('',(0.,0.));
#4694 = VECTOR('',#4695,1.);
#4695 = DIRECTION('',(1.,0.));
#4696 = ( GEOMETRIC_REPRESENTATION_CONTEXT(2) 
PARAMETRIC_REPRESENTATION_CONTEXT() REPRESENTATION_CONTEXT('2D SPACE',''
  ) );
#4697 = ORIENTED_EDGE('',*,*,#4698,.T.);
#4698 = EDGE_CURVE('',#4664,#4699,#4701,.T.);
#4699 = VERTEX_POINT('',#4700);
#4700 = CARTESIAN_POINT('',(-40.46854044145,-8.428281465801,
    -9.758096230058));
#4701 = SURFACE_CURVE('',#4702,(#4706,#4713),.PCURVE_S1.);
#4702 = LINE('',#4703,#4704);
#4703 = CARTESIAN_POINT('',(-40.09559941781,-7.946309586845,
    -10.39633014369));
#4704 = VECTOR('',#4705,1.);
#4705 = DIRECTION('',(-0.422618261741,-0.546172463689,0.723249227273));
#4706 = PCURVE('',#4674,#4707);
#4707 = DEFINITIONAL_REPRESENTATION('',(#4708),#4712);
#4708 = LINE('',#4709,#4710);
#4709 = CARTESIAN_POINT('',(0.,0.));
#4710 = VECTOR('',#4711,1.);
#4711 = DIRECTION('',(0.,-1.));
#4712 = ( GEOMETRIC_REPRESENTATION_CONTEXT(2) 
PARAMETRIC_REPRESENTATION_CONTEXT() REPRESENTATION_CONTEXT('2D SPACE',''
  ) );
#4713 = PCURVE('',#4714,#4719);
#4714 = PLANE('',#4715);
#4715 = AXIS2_PLACEMENT_3D('',#4716,#4717,#4718);
#4716 = CARTESIAN_POINT('',(-40.09559941781,-7.946309586845,
    -10.39633014369));
#4717 = DIRECTION('',(0.,-0.79801722728,-0.602634636379));
#4718 = DIRECTION('',(0.906307787037,-0.254684402491,0.337256653432));
#4719 = DEFINITIONAL_REPRESENTATION('',(#4720),#4724);
#4720 = LINE('',#4721,#4722);
#4721 = CARTESIAN_POINT('',(0.,0.));
#4722 = VECTOR('',#4723,1.);
#4723 = DIRECTION('',(5.551115123126E-17,1.));
#4724 = ( GEOMETRIC_REPRESENTATION_CONTEXT(2) 
PARAMETRIC_REPRESENTATION_CONTEXT() REPRESENTATION_CONTEXT('2D SPACE',''
  ) );
#4725 = ORIENTED_EDGE('',*,*,#4726,.T.);
#4726 = EDGE_CURVE('',#4699,#4727,#4729,.T.);
#4727 = VERTEX_POINT('',#4728);
#4728 = CARTESIAN_POINT('',(-40.46854044145,-32.70007227452,
    -28.08730182645));
#4729 = SURFACE_CURVE('',#4730,(#4734,#4741),.PCURVE_S1.);
#4730 = LINE('',#4731,#4732);
#4731 = CARTESIAN_POINT('',(-40.46854044145,-8.428281465801,
    -9.758096230058));
#4732 = VECTOR('',#4733,1.);
#4733 = DIRECTION('',(0.,-0.79801722728,-0.602634636379));
#4734 = PCURVE('',#4674,#4735);
#4735 = DEFINITIONAL_REPRESENTATION('',(#4736),#4740);
#4736 = LINE('',#4737,#4738);
#4737 = CARTESIAN_POINT('',(-1.609823385706E-15,-0.88245364056));
#4738 = VECTOR('',#4739,1.);
#4739 = DIRECTION('',(1.,0.));
#4740 = ( GEOMETRIC_REPRESENTATION_CONTEXT(2) 
PARAMETRIC_REPRESENTATION_CONTEXT() REPRESENTATION_CONTEXT('2D SPACE',''
  ) );
#4741 = PCURVE('',#4742,#4747);
#4742 = PLANE('',#4743);
#4743 = AXIS2_PLACEMENT_3D('',#4744,#4745,#4746);
#4744 = CARTESIAN_POINT('',(-40.46854044145,-8.428281465801,
    -9.758096230058));
#4745 = DIRECTION('',(-0.422618261741,-0.546172463689,0.723249227273));
#4746 = DIRECTION('',(0.,-0.79801722728,-0.602634636379));
#4747 = DEFINITIONAL_REPRESENTATION('',(#4748),#4752);
#4748 = LINE('',#4749,#4750);
#4749 = CARTESIAN_POINT('',(0.,0.));
#4750 = VECTOR('',#4751,1.);
#4751 = DIRECTION('',(1.,0.));
#4752 = ( GEOMETRIC_REPRESENTATION_CONTEXT(2) 
PARAMETRIC_REPRESENTATION_CONTEXT() REPRESENTATION_CONTEXT('2D SPACE',''
  ) );
#4753 = ORIENTED_EDGE('',*,*,#4754,.F.);
#4754 = EDGE_CURVE('',#4666,#4727,#4755,.T.);
#4755 = SURFACE_CURVE('',#4756,(#4760,#4767),.PCURVE_S1.);
#4756 = LINE('',#4757,#4758);
#4757 = CARTESIAN_POINT('',(-40.09559941781,-32.21810039556,
    -28.72553574009));
#4758 = VECTOR('',#4759,1.);
#4759 = DIRECTION('',(-0.422618261741,-0.546172463689,0.723249227273));
#4760 = PCURVE('',#4674,#4761);
#4761 = DEFINITIONAL_REPRESENTATION('',(#4762),#4766);
#4762 = LINE('',#4763,#4764);
#4763 = CARTESIAN_POINT('',(30.415121352005,-3.552713678801E-15));
#4764 = VECTOR('',#4765,1.);
#4765 = DIRECTION('',(0.,-1.));
#4766 = ( GEOMETRIC_REPRESENTATION_CONTEXT(2) 
PARAMETRIC_REPRESENTATION_CONTEXT() REPRESENTATION_CONTEXT('2D SPACE',''
  ) );
#4767 = PCURVE('',#4768,#4773);
#4768 = PLANE('',#4769);
#4769 = AXIS2_PLACEMENT_3D('',#4770,#4771,#4772);
#4770 = CARTESIAN_POINT('',(-40.09559941781,-32.21810039556,
    -28.72553574009));
#4771 = DIRECTION('',(0.,-0.79801722728,-0.602634636379));
#4772 = DIRECTION('',(0.906307787037,-0.254684402491,0.337256653432));
#4773 = DEFINITIONAL_REPRESENTATION('',(#4774),#4778);
#4774 = LINE('',#4775,#4776);
#4775 = CARTESIAN_POINT('',(0.,0.));
#4776 = VECTOR('',#4777,1.);
#4777 = DIRECTION('',(5.551115123126E-17,1.));
#4778 = ( GEOMETRIC_REPRESENTATION_CONTEXT(2) 
PARAMETRIC_REPRESENTATION_CONTEXT() REPRESENTATION_CONTEXT('2D SPACE',''
  ) );
#4779 = ADVANCED_FACE('',(#4780),#4686,.F.);
#4780 = FACE_BOUND('',#4781,.F.);
#4781 = EDGE_LOOP('',(#4782,#4812,#4833,#4834,#4857,#4883,#4918,#4948));
#4782 = ORIENTED_EDGE('',*,*,#4783,.F.);
#4783 = EDGE_CURVE('',#4784,#4786,#4788,.T.);
#4784 = VERTEX_POINT('',#4785);
#4785 = CARTESIAN_POINT('',(-26.76602264884,-11.69209588971,
    -5.436107449957));
#4786 = VERTEX_POINT('',#4787);
#4787 = CARTESIAN_POINT('',(-26.76602264884,-35.96388669843,
    -23.76531304635));
#4788 = SURFACE_CURVE('',#4789,(#4793,#4800),.PCURVE_S1.);
#4789 = LINE('',#4790,#4791);
#4790 = CARTESIAN_POINT('',(-26.76602264884,-11.69209588971,
    -5.436107449957));
#4791 = VECTOR('',#4792,1.);
#4792 = DIRECTION('',(0.,-0.79801722728,-0.602634636379));
#4793 = PCURVE('',#4686,#4794);
#4794 = DEFINITIONAL_REPRESENTATION('',(#4795),#4799);
#4795 = LINE('',#4796,#4797);
#4796 = CARTESIAN_POINT('',(8.881784197001E-16,14.707560676003));
#4797 = VECTOR('',#4798,1.);
#4798 = DIRECTION('',(1.,0.));
#4799 = ( GEOMETRIC_REPRESENTATION_CONTEXT(2) 
PARAMETRIC_REPRESENTATION_CONTEXT() REPRESENTATION_CONTEXT('2D SPACE',''
  ) );
#4800 = PCURVE('',#4801,#4806);
#4801 = PLANE('',#4802);
#4802 = AXIS2_PLACEMENT_3D('',#4803,#4804,#4805);
#4803 = CARTESIAN_POINT('',(-26.76602264884,-11.69209588971,
    -5.436107449957));
#4804 = DIRECTION('',(0.906307787037,-0.254684402491,0.337256653432));
#4805 = DIRECTION('',(0.,-0.79801722728,-0.602634636379));
#4806 = DEFINITIONAL_REPRESENTATION('',(#4807),#4811);
#4807 = LINE('',#4808,#4809);
#4808 = CARTESIAN_POINT('',(0.,0.));
#4809 = VECTOR('',#4810,1.);
#4810 = DIRECTION('',(1.,0.));
#4811 = ( GEOMETRIC_REPRESENTATION_CONTEXT(2) 
PARAMETRIC_REPRESENTATION_CONTEXT() REPRESENTATION_CONTEXT('2D SPACE',''
  ) );
#4812 = ORIENTED_EDGE('',*,*,#4813,.F.);
#4813 = EDGE_CURVE('',#4664,#4784,#4814,.T.);
#4814 = SURFACE_CURVE('',#4815,(#4819,#4826),.PCURVE_S1.);
#4815 = LINE('',#4816,#4817);
#4816 = CARTESIAN_POINT('',(-40.09559941781,-7.946309586845,
    -10.39633014369));
#4817 = VECTOR('',#4818,1.);
#4818 = DIRECTION('',(0.906307787037,-0.254684402491,0.337256653432));
#4819 = PCURVE('',#4686,#4820);
#4820 = DEFINITIONAL_REPRESENTATION('',(#4821),#4825);
#4821 = LINE('',#4822,#4823);
#4822 = CARTESIAN_POINT('',(0.,0.));
#4823 = VECTOR('',#4824,1.);
#4824 = DIRECTION('',(0.,1.));
#4825 = ( GEOMETRIC_REPRESENTATION_CONTEXT(2) 
PARAMETRIC_REPRESENTATION_CONTEXT() REPRESENTATION_CONTEXT('2D SPACE',''
  ) );
#4826 = PCURVE('',#4714,#4827);
#4827 = DEFINITIONAL_REPRESENTATION('',(#4828),#4832);
#4828 = LINE('',#4829,#4830);
#4829 = CARTESIAN_POINT('',(0.,0.));
#4830 = VECTOR('',#4831,1.);
#4831 = DIRECTION('',(1.,5.551115123126E-17));
#4832 = ( GEOMETRIC_REPRESENTATION_CONTEXT(2) 
PARAMETRIC_REPRESENTATION_CONTEXT() REPRESENTATION_CONTEXT('2D SPACE',''
  ) );
#4833 = ORIENTED_EDGE('',*,*,#4663,.T.);
#4834 = ORIENTED_EDGE('',*,*,#4835,.T.);
#4835 = EDGE_CURVE('',#4666,#4836,#4838,.T.);
#4836 = VERTEX_POINT('',#4837);
#4837 = CARTESIAN_POINT('',(-33.61728154514,-34.03859288183,
    -26.31481408807));
#4838 = SURFACE_CURVE('',#4839,(#4843,#4850),.PCURVE_S1.);
#4839 = LINE('',#4840,#4841);
#4840 = CARTESIAN_POINT('',(-40.09559941781,-32.21810039556,
    -28.72553574009));
#4841 = VECTOR('',#4842,1.);
#4842 = DIRECTION('',(0.906307787037,-0.254684402491,0.337256653432));
#4843 = PCURVE('',#4686,#4844);
#4844 = DEFINITIONAL_REPRESENTATION('',(#4845),#4849);
#4845 = LINE('',#4846,#4847);
#4846 = CARTESIAN_POINT('',(30.415121352005,-8.881784197001E-16));
#4847 = VECTOR('',#4848,1.);
#4848 = DIRECTION('',(0.,1.));
#4849 = ( GEOMETRIC_REPRESENTATION_CONTEXT(2) 
PARAMETRIC_REPRESENTATION_CONTEXT() REPRESENTATION_CONTEXT('2D SPACE',''
  ) );
#4850 = PCURVE('',#4768,#4851);
#4851 = DEFINITIONAL_REPRESENTATION('',(#4852),#4856);
#4852 = LINE('',#4853,#4854);
#4853 = CARTESIAN_POINT('',(0.,0.));
#4854 = VECTOR('',#4855,1.);
#4855 = DIRECTION('',(1.,5.551115123126E-17));
#4856 = ( GEOMETRIC_REPRESENTATION_CONTEXT(2) 
PARAMETRIC_REPRESENTATION_CONTEXT() REPRESENTATION_CONTEXT('2D SPACE',''
  ) );
#4857 = ORIENTED_EDGE('',*,*,#4858,.T.);
#4858 = EDGE_CURVE('',#4836,#4859,#4861,.T.);
#4859 = VERTEX_POINT('',#4860);
#4860 = CARTESIAN_POINT('',(-33.61728154514,-32.10835065684,
    -24.85716282238));
#4861 = SURFACE_CURVE('',#4862,(#4866,#4872),.PCURVE_S1.);
#4862 = LINE('',#4863,#4864);
#4863 = CARTESIAN_POINT('',(-33.61728154514,-21.50368886383,
    -16.84889397168));
#4864 = VECTOR('',#4865,1.);
#4865 = DIRECTION('',(-0.,0.79801722728,0.602634636379));
#4866 = PCURVE('',#4686,#4867);
#4867 = DEFINITIONAL_REPRESENTATION('',(#4868),#4871);
#4868 = B_SPLINE_CURVE_WITH_KNOTS('',1,(#4869,#4870),.UNSPECIFIED.,.F.,
  .F.,(2,2),(-15.707560676,-13.207560676),.PIECEWISE_BEZIER_KNOTS.);
#4869 = CARTESIAN_POINT('',(30.415121352005,7.148032892721));
#4870 = CARTESIAN_POINT('',(27.915121352005,7.148032892721));
#4871 = ( GEOMETRIC_REPRESENTATION_CONTEXT(2) 
PARAMETRIC_REPRESENTATION_CONTEXT() REPRESENTATION_CONTEXT('2D SPACE',''
  ) );
#4872 = PCURVE('',#4873,#4878);
#4873 = PLANE('',#4874);
#4874 = AXIS2_PLACEMENT_3D('',#4875,#4876,#4877);
#4875 = CARTESIAN_POINT('',(-33.61728154514,-33.53396225919,
    -25.32367280002));
#4876 = DIRECTION('',(1.,0.,0.));
#4877 = DIRECTION('',(0.,-0.79801722728,-0.602634636379));
#4878 = DEFINITIONAL_REPRESENTATION('',(#4879),#4882);
#4879 = B_SPLINE_CURVE_WITH_KNOTS('',1,(#4880,#4881),.UNSPECIFIED.,.F.,
  .F.,(2,2),(-15.707560676,-13.207560676),.PIECEWISE_BEZIER_KNOTS.);
#4880 = CARTESIAN_POINT('',(1.,0.486839930751));
#4881 = CARTESIAN_POINT('',(-1.5,0.486839930751));
#4882 = ( GEOMETRIC_REPRESENTATION_CONTEXT(2) 
PARAMETRIC_REPRESENTATION_CONTEXT() REPRESENTATION_CONTEXT('2D SPACE',''
  ) );
#4883 = ORIENTED_EDGE('',*,*,#4884,.F.);
#4884 = EDGE_CURVE('',#4885,#4859,#4887,.T.);
#4885 = VERTEX_POINT('',#4886);
#4886 = CARTESIAN_POINT('',(-29.3564895637,-34.43791421376,
    -24.1266469591));
#4887 = SURFACE_CURVE('',#4888,(#4893,#4900),.PCURVE_S1.);
#4888 = ELLIPSE('',#4889,3.549302374729,1.5);
#4889 = AXIS2_PLACEMENT_3D('',#4890,#4891,#4892);
#4890 = CARTESIAN_POINT('',(-32.57324994447,-33.53396225919,
    -25.32367280002));
#4891 = DIRECTION('',(-0.422618261741,-0.546172463689,0.723249227273));
#4892 = DIRECTION('',(-0.906307787037,0.254684402491,-0.337256653432));
#4893 = PCURVE('',#4686,#4894);
#4894 = DEFINITIONAL_REPRESENTATION('',(#4895),#4899);
#4895 = ELLIPSE('',#4896,3.549302374729,1.5);
#4896 = AXIS2_PLACEMENT_2D('',#4897,#4898);
#4897 = CARTESIAN_POINT('',(29.415121352005,8.299994307606));
#4898 = DIRECTION('',(0.,-1.));
#4899 = ( GEOMETRIC_REPRESENTATION_CONTEXT(2) 
PARAMETRIC_REPRESENTATION_CONTEXT() REPRESENTATION_CONTEXT('2D SPACE',''
  ) );
#4900 = PCURVE('',#4901,#4906);
#4901 = CYLINDRICAL_SURFACE('',#4902,1.5);
#4902 = AXIS2_PLACEMENT_3D('',#4903,#4904,#4905);
#4903 = CARTESIAN_POINT('',(-33.61728154514,-33.53396225919,
    -25.32367280002));
#4904 = DIRECTION('',(-1.,0.,0.));
#4905 = DIRECTION('',(0.,-0.602634636379,0.79801722728));
#4906 = DEFINITIONAL_REPRESENTATION('',(#4907),#4917);
#4907 = B_SPLINE_CURVE_WITH_KNOTS('',8,(#4908,#4909,#4910,#4911,#4912,
    #4913,#4914,#4915,#4916),.UNSPECIFIED.,.F.,.F.,(9,9),(3.14159265359,
    5.042935637106),.PIECEWISE_BEZIER_KNOTS.);
#4908 = CARTESIAN_POINT('',(-6.28318530718,-4.26079198144));
#4909 = CARTESIAN_POINT('',(-6.04551743424,-4.26079198144));
#4910 = CARTESIAN_POINT('',(-5.8078495613,-4.053131704455));
#4911 = CARTESIAN_POINT('',(-5.570181688363,-3.637818875013));
#4912 = CARTESIAN_POINT('',(-5.332513815421,-3.039844771438));
#4913 = CARTESIAN_POINT('',(-5.094845942484,-2.309344507437));
#4914 = CARTESIAN_POINT('',(-4.857178069543,-1.513664959142));
#4915 = CARTESIAN_POINT('',(-4.619510196603,-0.72313272222));
#4916 = CARTESIAN_POINT('',(-4.381842323664,5.999999999062E-07));
#4917 = ( GEOMETRIC_REPRESENTATION_CONTEXT(2) 
PARAMETRIC_REPRESENTATION_CONTEXT() REPRESENTATION_CONTEXT('2D SPACE',''
  ) );
#4918 = ORIENTED_EDGE('',*,*,#4919,.F.);
#4919 = EDGE_CURVE('',#4920,#4885,#4922,.T.);
#4920 = VERTEX_POINT('',#4921);
#4921 = CARTESIAN_POINT('',(-30.17561831823,-35.00574549274,
    -25.03409705269));
#4922 = SURFACE_CURVE('',#4923,(#4928,#4935),.PCURVE_S1.);
#4923 = ELLIPSE('',#4924,3.549302374729,1.5);
#4924 = AXIS2_PLACEMENT_3D('',#4925,#4926,#4927);
#4925 = CARTESIAN_POINT('',(-32.57324994447,-33.53396225919,
    -25.32367280002));
#4926 = DIRECTION('',(-0.422618261741,-0.546172463689,0.723249227273));
#4927 = DIRECTION('',(-0.906307787037,0.254684402491,-0.337256653432));
#4928 = PCURVE('',#4686,#4929);
#4929 = DEFINITIONAL_REPRESENTATION('',(#4930),#4934);
#4930 = ELLIPSE('',#4931,3.549302374729,1.5);
#4931 = AXIS2_PLACEMENT_2D('',#4932,#4933);
#4932 = CARTESIAN_POINT('',(29.415121352005,8.299994307606));
#4933 = DIRECTION('',(0.,-1.));
#4934 = ( GEOMETRIC_REPRESENTATION_CONTEXT(2) 
PARAMETRIC_REPRESENTATION_CONTEXT() REPRESENTATION_CONTEXT('2D SPACE',''
  ) );
#4935 = PCURVE('',#4901,#4936);
#4936 = DEFINITIONAL_REPRESENTATION('',(#4937),#4947);
#4937 = B_SPLINE_CURVE_WITH_KNOTS('',8,(#4938,#4939,#4940,#4941,#4942,
    #4943,#4944,#4945,#4946),.UNSPECIFIED.,.F.,.F.,(9,9),(1.240249670074
    ,3.14159265359),.PIECEWISE_BEZIER_KNOTS.);
#4938 = CARTESIAN_POINT('',(-1.901342983516,5.999999999062E-07));
#4939 = CARTESIAN_POINT('',(-1.663675110576,-0.72313272222));
#4940 = CARTESIAN_POINT('',(-1.426007237636,-1.513664959146));
#4941 = CARTESIAN_POINT('',(-1.188339364697,-2.309344507414));
#4942 = CARTESIAN_POINT('',(-0.950671491755,-3.039844771452));
#4943 = CARTESIAN_POINT('',(-0.713003618818,-3.637818874991));
#4944 = CARTESIAN_POINT('',(-0.475335745878,-4.053131704459));
#4945 = CARTESIAN_POINT('',(-0.237667872939,-4.26079198144));
#4946 = CARTESIAN_POINT('',(0.,-4.26079198144));
#4947 = ( GEOMETRIC_REPRESENTATION_CONTEXT(2) 
PARAMETRIC_REPRESENTATION_CONTEXT() REPRESENTATION_CONTEXT('2D SPACE',''
  ) );
#4948 = ORIENTED_EDGE('',*,*,#4949,.T.);
#4949 = EDGE_CURVE('',#4920,#4786,#4950,.T.);
#4950 = SURFACE_CURVE('',#4951,(#4955,#4962),.PCURVE_S1.);
#4951 = LINE('',#4952,#4953);
#4952 = CARTESIAN_POINT('',(-40.09559941781,-32.21810039556,
    -28.72553574009));
#4953 = VECTOR('',#4954,1.);
#4954 = DIRECTION('',(0.906307787037,-0.254684402491,0.337256653432));
#4955 = PCURVE('',#4686,#4956);
#4956 = DEFINITIONAL_REPRESENTATION('',(#4957),#4961);
#4957 = LINE('',#4958,#4959);
#4958 = CARTESIAN_POINT('',(30.415121352005,-8.881784197001E-16));
#4959 = VECTOR('',#4960,1.);
#4960 = DIRECTION('',(0.,1.));
#4961 = ( GEOMETRIC_REPRESENTATION_CONTEXT(2) 
PARAMETRIC_REPRESENTATION_CONTEXT() REPRESENTATION_CONTEXT('2D SPACE',''
  ) );
#4962 = PCURVE('',#4963,#4968);
#4963 = PLANE('',#4964);
#4964 = AXIS2_PLACEMENT_3D('',#4965,#4966,#4967);
#4965 = CARTESIAN_POINT('',(-40.09559941781,-32.21810039556,
    -28.72553574009));
#4966 = DIRECTION('',(0.,-0.79801722728,-0.602634636379));
#4967 = DIRECTION('',(0.906307787037,-0.254684402491,0.337256653432));
#4968 = DEFINITIONAL_REPRESENTATION('',(#4969),#4973);
#4969 = LINE('',#4970,#4971);
#4970 = CARTESIAN_POINT('',(0.,0.));
#4971 = VECTOR('',#4972,1.);
#4972 = DIRECTION('',(1.,5.551115123126E-17));
#4973 = ( GEOMETRIC_REPRESENTATION_CONTEXT(2) 
PARAMETRIC_REPRESENTATION_CONTEXT() REPRESENTATION_CONTEXT('2D SPACE',''
  ) );
#4974 = ADVANCED_FACE('',(#4975),#4768,.T.);
#4975 = FACE_BOUND('',#4976,.T.);
#4976 = EDGE_LOOP('',(#4977,#5000,#5001,#5002));
#4977 = ORIENTED_EDGE('',*,*,#4978,.F.);
#4978 = EDGE_CURVE('',#4727,#4979,#4981,.T.);
#4979 = VERTEX_POINT('',#4980);
#4980 = CARTESIAN_POINT('',(-33.61728154514,-34.62536609112,
    -25.53780078473));
#4981 = SURFACE_CURVE('',#4982,(#4986,#4993),.PCURVE_S1.);
#4982 = LINE('',#4983,#4984);
#4983 = CARTESIAN_POINT('',(-40.46854044145,-32.70007227452,
    -28.08730182645));
#4984 = VECTOR('',#4985,1.);
#4985 = DIRECTION('',(0.906307787037,-0.254684402491,0.337256653432));
#4986 = PCURVE('',#4768,#4987);
#4987 = DEFINITIONAL_REPRESENTATION('',(#4988),#4992);
#4988 = LINE('',#4989,#4990);
#4989 = CARTESIAN_POINT('',(-3.164135620182E-15,0.88245364056));
#4990 = VECTOR('',#4991,1.);
#4991 = DIRECTION('',(1.,5.551115123126E-17));
#4992 = ( GEOMETRIC_REPRESENTATION_CONTEXT(2) 
PARAMETRIC_REPRESENTATION_CONTEXT() REPRESENTATION_CONTEXT('2D SPACE',''
  ) );
#4993 = PCURVE('',#4742,#4994);
#4994 = DEFINITIONAL_REPRESENTATION('',(#4995),#4999);
#4995 = LINE('',#4996,#4997);
#4996 = CARTESIAN_POINT('',(30.415121352005,-8.881784197001E-16));
#4997 = VECTOR('',#4998,1.);
#4998 = DIRECTION('',(0.,1.));
#4999 = ( GEOMETRIC_REPRESENTATION_CONTEXT(2) 
PARAMETRIC_REPRESENTATION_CONTEXT() REPRESENTATION_CONTEXT('2D SPACE',''
  ) );
#5000 = ORIENTED_EDGE('',*,*,#4754,.F.);
#5001 = ORIENTED_EDGE('',*,*,#4835,.T.);
#5002 = ORIENTED_EDGE('',*,*,#5003,.T.);
#5003 = EDGE_CURVE('',#4836,#4979,#5004,.T.);
#5004 = SURFACE_CURVE('',#5005,(#5009,#5015),.PCURVE_S1.);
#5005 = LINE('',#5006,#5007);
#5006 = CARTESIAN_POINT('',(-33.61728154514,-33.27503994102,
    -27.32592158824));
#5007 = VECTOR('',#5008,1.);
#5008 = DIRECTION('',(0.,-0.602634636379,0.79801722728));
#5009 = PCURVE('',#4768,#5010);
#5010 = DEFINITIONAL_REPRESENTATION('',(#5011),#5014);
#5011 = B_SPLINE_CURVE_WITH_KNOTS('',1,(#5012,#5013),.UNSPECIFIED.,.F.,
  .F.,(2,2),(1.267024652618,2.24070451412),.PIECEWISE_BEZIER_KNOTS.);
#5012 = CARTESIAN_POINT('',(7.148032892721,-3.996802888651E-15));
#5013 = CARTESIAN_POINT('',(7.559527783281,0.88245364056));
#5014 = ( GEOMETRIC_REPRESENTATION_CONTEXT(2) 
PARAMETRIC_REPRESENTATION_CONTEXT() REPRESENTATION_CONTEXT('2D SPACE',''
  ) );
#5015 = PCURVE('',#4873,#5016);
#5016 = DEFINITIONAL_REPRESENTATION('',(#5017),#5020);
#5017 = B_SPLINE_CURVE_WITH_KNOTS('',1,(#5018,#5019),.UNSPECIFIED.,.F.,
  .F.,(2,2),(1.267024652618,2.24070451412),.PIECEWISE_BEZIER_KNOTS.);
#5018 = CARTESIAN_POINT('',(1.,0.486839930751));
#5019 = CARTESIAN_POINT('',(1.,-0.486839930751));
#5020 = ( GEOMETRIC_REPRESENTATION_CONTEXT(2) 
PARAMETRIC_REPRESENTATION_CONTEXT() REPRESENTATION_CONTEXT('2D SPACE',''
  ) );
#5021 = ADVANCED_FACE('',(#5022),#4742,.T.);
#5022 = FACE_BOUND('',#5023,.T.);
#5023 = EDGE_LOOP('',(#5024,#5049,#5070,#5071,#5072,#5093,#5127,#5156));
#5024 = ORIENTED_EDGE('',*,*,#5025,.F.);
#5025 = EDGE_CURVE('',#5026,#5028,#5030,.T.);
#5026 = VERTEX_POINT('',#5027);
#5027 = CARTESIAN_POINT('',(-27.13896367248,-12.17406776867,
    -4.797873536317));
#5028 = VERTEX_POINT('',#5029);
#5029 = CARTESIAN_POINT('',(-27.13896367248,-36.44585857739,
    -23.12707913271));
#5030 = SURFACE_CURVE('',#5031,(#5035,#5042),.PCURVE_S1.);
#5031 = LINE('',#5032,#5033);
#5032 = CARTESIAN_POINT('',(-27.13896367248,-12.17406776867,
    -4.797873536317));
#5033 = VECTOR('',#5034,1.);
#5034 = DIRECTION('',(0.,-0.79801722728,-0.602634636379));
#5035 = PCURVE('',#4742,#5036);
#5036 = DEFINITIONAL_REPRESENTATION('',(#5037),#5041);
#5037 = LINE('',#5038,#5039);
#5038 = CARTESIAN_POINT('',(8.881784197001E-16,14.707560676003));
#5039 = VECTOR('',#5040,1.);
#5040 = DIRECTION('',(1.,0.));
#5041 = ( GEOMETRIC_REPRESENTATION_CONTEXT(2) 
PARAMETRIC_REPRESENTATION_CONTEXT() REPRESENTATION_CONTEXT('2D SPACE',''
  ) );
#5042 = PCURVE('',#4801,#5043);
#5043 = DEFINITIONAL_REPRESENTATION('',(#5044),#5048);
#5044 = LINE('',#5045,#5046);
#5045 = CARTESIAN_POINT('',(-1.054711873394E-15,-0.88245364056));
#5046 = VECTOR('',#5047,1.);
#5047 = DIRECTION('',(1.,0.));
#5048 = ( GEOMETRIC_REPRESENTATION_CONTEXT(2) 
PARAMETRIC_REPRESENTATION_CONTEXT() REPRESENTATION_CONTEXT('2D SPACE',''
  ) );
#5049 = ORIENTED_EDGE('',*,*,#5050,.F.);
#5050 = EDGE_CURVE('',#4699,#5026,#5051,.T.);
#5051 = SURFACE_CURVE('',#5052,(#5056,#5063),.PCURVE_S1.);
#5052 = LINE('',#5053,#5054);
#5053 = CARTESIAN_POINT('',(-40.46854044145,-8.428281465801,
    -9.758096230058));
#5054 = VECTOR('',#5055,1.);
#5055 = DIRECTION('',(0.906307787037,-0.254684402491,0.337256653432));
#5056 = PCURVE('',#4742,#5057);
#5057 = DEFINITIONAL_REPRESENTATION('',(#5058),#5062);
#5058 = LINE('',#5059,#5060);
#5059 = CARTESIAN_POINT('',(0.,0.));
#5060 = VECTOR('',#5061,1.);
#5061 = DIRECTION('',(0.,1.));
#5062 = ( GEOMETRIC_REPRESENTATION_CONTEXT(2) 
PARAMETRIC_REPRESENTATION_CONTEXT() REPRESENTATION_CONTEXT('2D SPACE',''
  ) );
#5063 = PCURVE('',#4714,#5064);
#5064 = DEFINITIONAL_REPRESENTATION('',(#5065),#5069);
#5065 = LINE('',#5066,#5067);
#5066 = CARTESIAN_POINT('',(-2.692290834716E-15,0.88245364056));
#5067 = VECTOR('',#5068,1.);
#5068 = DIRECTION('',(1.,5.551115123126E-17));
#5069 = ( GEOMETRIC_REPRESENTATION_CONTEXT(2) 
PARAMETRIC_REPRESENTATION_CONTEXT() REPRESENTATION_CONTEXT('2D SPACE',''
  ) );
#5070 = ORIENTED_EDGE('',*,*,#4726,.T.);
#5071 = ORIENTED_EDGE('',*,*,#4978,.T.);
#5072 = ORIENTED_EDGE('',*,*,#5073,.T.);
#5073 = EDGE_CURVE('',#4979,#5074,#5076,.T.);
#5074 = VERTEX_POINT('',#5075);
#5075 = CARTESIAN_POINT('',(-33.61728154514,-32.69512386613,
    -24.08014951905));
#5076 = SURFACE_CURVE('',#5077,(#5081,#5087),.PCURVE_S1.);
#5077 = LINE('',#5078,#5079);
#5078 = CARTESIAN_POINT('',(-33.61728154514,-22.09046207312,
    -16.07188066834));
#5079 = VECTOR('',#5080,1.);
#5080 = DIRECTION('',(-0.,0.79801722728,0.602634636379));
#5081 = PCURVE('',#4742,#5082);
#5082 = DEFINITIONAL_REPRESENTATION('',(#5083),#5086);
#5083 = B_SPLINE_CURVE_WITH_KNOTS('',1,(#5084,#5085),.UNSPECIFIED.,.F.,
  .F.,(2,2),(-15.707560676,-13.207560676),.PIECEWISE_BEZIER_KNOTS.);
#5084 = CARTESIAN_POINT('',(30.415121352005,7.559527783281));
#5085 = CARTESIAN_POINT('',(27.915121352005,7.559527783281));
#5086 = ( GEOMETRIC_REPRESENTATION_CONTEXT(2) 
PARAMETRIC_REPRESENTATION_CONTEXT() REPRESENTATION_CONTEXT('2D SPACE',''
  ) );
#5087 = PCURVE('',#4873,#5088);
#5088 = DEFINITIONAL_REPRESENTATION('',(#5089),#5092);
#5089 = B_SPLINE_CURVE_WITH_KNOTS('',1,(#5090,#5091),.UNSPECIFIED.,.F.,
  .F.,(2,2),(-15.707560676,-13.207560676),.PIECEWISE_BEZIER_KNOTS.);
#5090 = CARTESIAN_POINT('',(1.,-0.486839930751));
#5091 = CARTESIAN_POINT('',(-1.5,-0.486839930751));
#5092 = ( GEOMETRIC_REPRESENTATION_CONTEXT(2) 
PARAMETRIC_REPRESENTATION_CONTEXT() REPRESENTATION_CONTEXT('2D SPACE',''
  ) );
#5093 = ORIENTED_EDGE('',*,*,#5094,.F.);
#5094 = EDGE_CURVE('',#5095,#5074,#5097,.T.);
#5095 = VERTEX_POINT('',#5096);
#5096 = CARTESIAN_POINT('',(-31.44455276506,-34.43791421376,
    -24.1266469591));
#5097 = SURFACE_CURVE('',#5098,(#5103,#5110),.PCURVE_S1.);
#5098 = ELLIPSE('',#5099,3.549302374729,1.5);
#5099 = AXIS2_PLACEMENT_3D('',#5100,#5101,#5102);
#5100 = CARTESIAN_POINT('',(-34.66131314582,-33.53396225919,
    -25.32367280002));
#5101 = DIRECTION('',(-0.422618261741,-0.546172463689,0.723249227273));
#5102 = DIRECTION('',(-0.906307787037,0.254684402491,-0.337256653432));
#5103 = PCURVE('',#4742,#5104);
#5104 = DEFINITIONAL_REPRESENTATION('',(#5105),#5109);
#5105 = ELLIPSE('',#5106,3.549302374729,1.5);
#5106 = AXIS2_PLACEMENT_2D('',#5107,#5108);
#5107 = CARTESIAN_POINT('',(29.415121352005,6.407566368396));
#5108 = DIRECTION('',(0.,-1.));
#5109 = ( GEOMETRIC_REPRESENTATION_CONTEXT(2) 
PARAMETRIC_REPRESENTATION_CONTEXT() REPRESENTATION_CONTEXT('2D SPACE',''
  ) );
#5110 = PCURVE('',#5111,#5116);
#5111 = CYLINDRICAL_SURFACE('',#5112,1.5);
#5112 = AXIS2_PLACEMENT_3D('',#5113,#5114,#5115);
#5113 = CARTESIAN_POINT('',(-33.61728154514,-33.53396225919,
    -25.32367280002));
#5114 = DIRECTION('',(-1.,0.,0.));
#5115 = DIRECTION('',(0.,-0.602634636379,0.79801722728));
#5116 = DEFINITIONAL_REPRESENTATION('',(#5117),#5126);
#5117 = B_SPLINE_CURVE_WITH_KNOTS('',7,(#5118,#5119,#5120,#5121,#5122,
    #5123,#5124,#5125),.UNSPECIFIED.,.F.,.F.,(8,8),(3.14159265359,
    4.38184271806),.PIECEWISE_BEZIER_KNOTS.);
#5118 = CARTESIAN_POINT('',(-6.28318530718,-2.172728780088));
#5119 = CARTESIAN_POINT('',(-6.106006726541,-2.172728780088));
#5120 = CARTESIAN_POINT('',(-5.928828145902,-2.054916646473));
#5121 = CARTESIAN_POINT('',(-5.751649565264,-1.819297034843));
#5122 = CARTESIAN_POINT('',(-5.574470984625,-1.474912375583));
#5123 = CARTESIAN_POINT('',(-5.397292403986,-1.039936753646));
#5124 = CARTESIAN_POINT('',(-5.220113823348,-0.539086788624));
#5125 = CARTESIAN_POINT('',(-5.042935242709,5.999999999062E-07));
#5126 = ( GEOMETRIC_REPRESENTATION_CONTEXT(2) 
PARAMETRIC_REPRESENTATION_CONTEXT() REPRESENTATION_CONTEXT('2D SPACE',''
  ) );
#5127 = ORIENTED_EDGE('',*,*,#5128,.F.);
#5128 = EDGE_CURVE('',#5129,#5095,#5131,.T.);
#5129 = VERTEX_POINT('',#5130);
#5130 = CARTESIAN_POINT('',(-32.26368151958,-35.00574549274,
    -25.03409705269));
#5131 = SURFACE_CURVE('',#5132,(#5137,#5144),.PCURVE_S1.);
#5132 = ELLIPSE('',#5133,3.549302374729,1.5);
#5133 = AXIS2_PLACEMENT_3D('',#5134,#5135,#5136);
#5134 = CARTESIAN_POINT('',(-34.66131314582,-33.53396225919,
    -25.32367280002));
#5135 = DIRECTION('',(-0.422618261741,-0.546172463689,0.723249227273));
#5136 = DIRECTION('',(-0.906307787037,0.254684402491,-0.337256653432));
#5137 = PCURVE('',#4742,#5138);
#5138 = DEFINITIONAL_REPRESENTATION('',(#5139),#5143);
#5139 = ELLIPSE('',#5140,3.549302374729,1.5);
#5140 = AXIS2_PLACEMENT_2D('',#5141,#5142);
#5141 = CARTESIAN_POINT('',(29.415121352005,6.407566368396));
#5142 = DIRECTION('',(0.,-1.));
#5143 = ( GEOMETRIC_REPRESENTATION_CONTEXT(2) 
PARAMETRIC_REPRESENTATION_CONTEXT() REPRESENTATION_CONTEXT('2D SPACE',''
  ) );
#5144 = PCURVE('',#4901,#5145);
#5145 = DEFINITIONAL_REPRESENTATION('',(#5146),#5155);
#5146 = B_SPLINE_CURVE_WITH_KNOTS('',7,(#5147,#5148,#5149,#5150,#5151,
    #5152,#5153,#5154),.UNSPECIFIED.,.F.,.F.,(8,8),(1.901342589119,
    3.14159265359),.PIECEWISE_BEZIER_KNOTS.);
#5147 = CARTESIAN_POINT('',(-1.240250064471,5.999999999062E-07));
#5148 = CARTESIAN_POINT('',(-1.063071483832,-0.539086788624));
#5149 = CARTESIAN_POINT('',(-0.885892903193,-1.039936753646));
#5150 = CARTESIAN_POINT('',(-0.708714322555,-1.474912375583));
#5151 = CARTESIAN_POINT('',(-0.531535741916,-1.819297034843));
#5152 = CARTESIAN_POINT('',(-0.354357161277,-2.054916646473));
#5153 = CARTESIAN_POINT('',(-0.177178580639,-2.172728780088));
#5154 = CARTESIAN_POINT('',(0.,-2.172728780088));
#5155 = ( GEOMETRIC_REPRESENTATION_CONTEXT(2) 
PARAMETRIC_REPRESENTATION_CONTEXT() REPRESENTATION_CONTEXT('2D SPACE',''
  ) );
#5156 = ORIENTED_EDGE('',*,*,#5157,.T.);
#5157 = EDGE_CURVE('',#5129,#5028,#5158,.T.);
#5158 = SURFACE_CURVE('',#5159,(#5163,#5170),.PCURVE_S1.);
#5159 = LINE('',#5160,#5161);
#5160 = CARTESIAN_POINT('',(-40.46854044145,-32.70007227452,
    -28.08730182645));
#5161 = VECTOR('',#5162,1.);
#5162 = DIRECTION('',(0.906307787037,-0.254684402491,0.337256653432));
#5163 = PCURVE('',#4742,#5164);
#5164 = DEFINITIONAL_REPRESENTATION('',(#5165),#5169);
#5165 = LINE('',#5166,#5167);
#5166 = CARTESIAN_POINT('',(30.415121352005,-8.881784197001E-16));
#5167 = VECTOR('',#5168,1.);
#5168 = DIRECTION('',(0.,1.));
#5169 = ( GEOMETRIC_REPRESENTATION_CONTEXT(2) 
PARAMETRIC_REPRESENTATION_CONTEXT() REPRESENTATION_CONTEXT('2D SPACE',''
  ) );
#5170 = PCURVE('',#4963,#5171);
#5171 = DEFINITIONAL_REPRESENTATION('',(#5172),#5176);
#5172 = LINE('',#5173,#5174);
#5173 = CARTESIAN_POINT('',(-3.164135620182E-15,0.88245364056));
#5174 = VECTOR('',#5175,1.);
#5175 = DIRECTION('',(1.,5.551115123126E-17));
#5176 = ( GEOMETRIC_REPRESENTATION_CONTEXT(2) 
PARAMETRIC_REPRESENTATION_CONTEXT() REPRESENTATION_CONTEXT('2D SPACE',''
  ) );
#5177 = ADVANCED_FACE('',(#5178),#4714,.F.);
#5178 = FACE_BOUND('',#5179,.F.);
#5179 = EDGE_LOOP('',(#5180,#5181,#5182,#5203));
#5180 = ORIENTED_EDGE('',*,*,#4698,.F.);
#5181 = ORIENTED_EDGE('',*,*,#4813,.T.);
#5182 = ORIENTED_EDGE('',*,*,#5183,.T.);
#5183 = EDGE_CURVE('',#4784,#5026,#5184,.T.);
#5184 = SURFACE_CURVE('',#5185,(#5189,#5196),.PCURVE_S1.);
#5185 = LINE('',#5186,#5187);
#5186 = CARTESIAN_POINT('',(-26.76602264884,-11.69209588971,
    -5.436107449957));
#5187 = VECTOR('',#5188,1.);
#5188 = DIRECTION('',(-0.422618261741,-0.546172463689,0.723249227273));
#5189 = PCURVE('',#4714,#5190);
#5190 = DEFINITIONAL_REPRESENTATION('',(#5191),#5195);
#5191 = LINE('',#5192,#5193);
#5192 = CARTESIAN_POINT('',(14.707560676003,8.881784197001E-16));
#5193 = VECTOR('',#5194,1.);
#5194 = DIRECTION('',(5.551115123126E-17,1.));
#5195 = ( GEOMETRIC_REPRESENTATION_CONTEXT(2) 
PARAMETRIC_REPRESENTATION_CONTEXT() REPRESENTATION_CONTEXT('2D SPACE',''
  ) );
#5196 = PCURVE('',#4801,#5197);
#5197 = DEFINITIONAL_REPRESENTATION('',(#5198),#5202);
#5198 = LINE('',#5199,#5200);
#5199 = CARTESIAN_POINT('',(0.,0.));
#5200 = VECTOR('',#5201,1.);
#5201 = DIRECTION('',(0.,-1.));
#5202 = ( GEOMETRIC_REPRESENTATION_CONTEXT(2) 
PARAMETRIC_REPRESENTATION_CONTEXT() REPRESENTATION_CONTEXT('2D SPACE',''
  ) );
#5203 = ORIENTED_EDGE('',*,*,#5050,.F.);
#5204 = ADVANCED_FACE('',(#5205),#4801,.T.);
#5205 = FACE_BOUND('',#5206,.T.);
#5206 = EDGE_LOOP('',(#5207,#5208,#5209,#5210));
#5207 = ORIENTED_EDGE('',*,*,#4783,.F.);
#5208 = ORIENTED_EDGE('',*,*,#5183,.T.);
#5209 = ORIENTED_EDGE('',*,*,#5025,.T.);
#5210 = ORIENTED_EDGE('',*,*,#5211,.F.);
#5211 = EDGE_CURVE('',#4786,#5028,#5212,.T.);
#5212 = SURFACE_CURVE('',#5213,(#5217,#5224),.PCURVE_S1.);
#5213 = LINE('',#5214,#5215);
#5214 = CARTESIAN_POINT('',(-26.76602264884,-35.96388669843,
    -23.76531304635));
#5215 = VECTOR('',#5216,1.);
#5216 = DIRECTION('',(-0.422618261741,-0.546172463689,0.723249227273));
#5217 = PCURVE('',#4801,#5218);
#5218 = DEFINITIONAL_REPRESENTATION('',(#5219),#5223);
#5219 = LINE('',#5220,#5221);
#5220 = CARTESIAN_POINT('',(30.415121352005,1.7763568394E-15));
#5221 = VECTOR('',#5222,1.);
#5222 = DIRECTION('',(0.,-1.));
#5223 = ( GEOMETRIC_REPRESENTATION_CONTEXT(2) 
PARAMETRIC_REPRESENTATION_CONTEXT() REPRESENTATION_CONTEXT('2D SPACE',''
  ) );
#5224 = PCURVE('',#4963,#5225);
#5225 = DEFINITIONAL_REPRESENTATION('',(#5226),#5230);
#5226 = LINE('',#5227,#5228);
#5227 = CARTESIAN_POINT('',(14.707560676003,-3.996802888651E-15));
#5228 = VECTOR('',#5229,1.);
#5229 = DIRECTION('',(5.551115123126E-17,1.));
#5230 = ( GEOMETRIC_REPRESENTATION_CONTEXT(2) 
PARAMETRIC_REPRESENTATION_CONTEXT() REPRESENTATION_CONTEXT('2D SPACE',''
  ) );
#5231 = ADVANCED_FACE('',(#5232),#4963,.T.);
#5232 = FACE_BOUND('',#5233,.T.);
#5233 = EDGE_LOOP('',(#5234,#5235,#5254,#5255));
#5234 = ORIENTED_EDGE('',*,*,#5157,.F.);
#5235 = ORIENTED_EDGE('',*,*,#5236,.F.);
#5236 = EDGE_CURVE('',#4920,#5129,#5237,.T.);
#5237 = SURFACE_CURVE('',#5238,(#5242,#5248),.PCURVE_S1.);
#5238 = LINE('',#5239,#5240);
#5239 = CARTESIAN_POINT('',(-33.61728154514,-35.00574549274,
    -25.03409705269));
#5240 = VECTOR('',#5241,1.);
#5241 = DIRECTION('',(-1.,0.,0.));
#5242 = PCURVE('',#4963,#5243);
#5243 = DEFINITIONAL_REPRESENTATION('',(#5244),#5247);
#5244 = B_SPLINE_CURVE_WITH_KNOTS('',1,(#5245,#5246),.UNSPECIFIED.,.F.,
  .F.,(2,2),(-3.650469547051,-1.144793705428),.PIECEWISE_BEZIER_KNOTS.);
#5245 = CARTESIAN_POINT('',(11.134730895726,-8.824536405617E-02));
#5246 = CARTESIAN_POINT('',(8.863817368674,0.970699004616));
#5247 = ( GEOMETRIC_REPRESENTATION_CONTEXT(2) 
PARAMETRIC_REPRESENTATION_CONTEXT() REPRESENTATION_CONTEXT('2D SPACE',''
  ) );
#5248 = PCURVE('',#4901,#5249);
#5249 = DEFINITIONAL_REPRESENTATION('',(#5250),#5253);
#5250 = B_SPLINE_CURVE_WITH_KNOTS('',1,(#5251,#5252),.UNSPECIFIED.,.F.,
  .F.,(2,2),(-3.650469547051,-1.144793705428),.PIECEWISE_BEZIER_KNOTS.);
#5251 = CARTESIAN_POINT('',(-0.729727656227,-3.650469547051));
#5252 = CARTESIAN_POINT('',(-0.729727656227,-1.144793705428));
#5253 = ( GEOMETRIC_REPRESENTATION_CONTEXT(2) 
PARAMETRIC_REPRESENTATION_CONTEXT() REPRESENTATION_CONTEXT('2D SPACE',''
  ) );
#5254 = ORIENTED_EDGE('',*,*,#4949,.T.);
#5255 = ORIENTED_EDGE('',*,*,#5211,.T.);
#5256 = ADVANCED_FACE('',(#5257),#4901,.T.);
#5257 = FACE_BOUND('',#5258,.F.);
#5258 = EDGE_LOOP('',(#5259,#5283,#5304,#5305,#5306,#5307,#5330,#5357,
    #5358));
#5259 = ORIENTED_EDGE('',*,*,#5260,.F.);
#5260 = EDGE_CURVE('',#5261,#4859,#5263,.T.);
#5261 = VERTEX_POINT('',#5262);
#5262 = CARTESIAN_POINT('',(-33.61728154514,-34.43791421376,
    -24.1266469591));
#5263 = SURFACE_CURVE('',#5264,(#5269,#5276),.PCURVE_S1.);
#5264 = CIRCLE('',#5265,1.5);
#5265 = AXIS2_PLACEMENT_3D('',#5266,#5267,#5268);
#5266 = CARTESIAN_POINT('',(-33.61728154514,-33.53396225919,
    -25.32367280002));
#5267 = DIRECTION('',(1.,0.,0.));
#5268 = DIRECTION('',(0.,-0.602634636379,0.79801722728));
#5269 = PCURVE('',#4901,#5270);
#5270 = DEFINITIONAL_REPRESENTATION('',(#5271),#5275);
#5271 = LINE('',#5272,#5273);
#5272 = CARTESIAN_POINT('',(-0.,0.));
#5273 = VECTOR('',#5274,1.);
#5274 = DIRECTION('',(-1.,0.));
#5275 = ( GEOMETRIC_REPRESENTATION_CONTEXT(2) 
PARAMETRIC_REPRESENTATION_CONTEXT() REPRESENTATION_CONTEXT('2D SPACE',''
  ) );
#5276 = PCURVE('',#4873,#5277);
#5277 = DEFINITIONAL_REPRESENTATION('',(#5278),#5282);
#5278 = CIRCLE('',#5279,1.5);
#5279 = AXIS2_PLACEMENT_2D('',#5280,#5281);
#5280 = CARTESIAN_POINT('',(0.,0.));
#5281 = DIRECTION('',(0.,-1.));
#5282 = ( GEOMETRIC_REPRESENTATION_CONTEXT(2) 
PARAMETRIC_REPRESENTATION_CONTEXT() REPRESENTATION_CONTEXT('2D SPACE',''
  ) );
#5283 = ORIENTED_EDGE('',*,*,#5284,.T.);
#5284 = EDGE_CURVE('',#5261,#5095,#5285,.T.);
#5285 = SURFACE_CURVE('',#5286,(#5290,#5297),.PCURVE_S1.);
#5286 = LINE('',#5287,#5288);
#5287 = CARTESIAN_POINT('',(-33.61728154514,-34.43791421376,
    -24.1266469591));
#5288 = VECTOR('',#5289,1.);
#5289 = DIRECTION('',(1.,0.,0.));
#5290 = PCURVE('',#4901,#5291);
#5291 = DEFINITIONAL_REPRESENTATION('',(#5292),#5296);
#5292 = LINE('',#5293,#5294);
#5293 = CARTESIAN_POINT('',(-0.,0.));
#5294 = VECTOR('',#5295,1.);
#5295 = DIRECTION('',(-0.,-1.));
#5296 = ( GEOMETRIC_REPRESENTATION_CONTEXT(2) 
PARAMETRIC_REPRESENTATION_CONTEXT() REPRESENTATION_CONTEXT('2D SPACE',''
  ) );
#5297 = PCURVE('',#5111,#5298);
#5298 = DEFINITIONAL_REPRESENTATION('',(#5299),#5303);
#5299 = LINE('',#5300,#5301);
#5300 = CARTESIAN_POINT('',(-6.28318530718,0.));
#5301 = VECTOR('',#5302,1.);
#5302 = DIRECTION('',(-0.,-1.));
#5303 = ( GEOMETRIC_REPRESENTATION_CONTEXT(2) 
PARAMETRIC_REPRESENTATION_CONTEXT() REPRESENTATION_CONTEXT('2D SPACE',''
  ) );
#5304 = ORIENTED_EDGE('',*,*,#5128,.F.);
#5305 = ORIENTED_EDGE('',*,*,#5236,.F.);
#5306 = ORIENTED_EDGE('',*,*,#4919,.T.);
#5307 = ORIENTED_EDGE('',*,*,#5308,.T.);
#5308 = EDGE_CURVE('',#4885,#5309,#5311,.T.);
#5309 = VERTEX_POINT('',#5310);
#5310 = CARTESIAN_POINT('',(-23.61728154514,-34.43791421376,
    -24.1266469591));
#5311 = SEAM_CURVE('',#5312,(#5316,#5323),.PCURVE_S1.);
#5312 = LINE('',#5313,#5314);
#5313 = CARTESIAN_POINT('',(-33.61728154514,-34.43791421376,
    -24.1266469591));
#5314 = VECTOR('',#5315,1.);
#5315 = DIRECTION('',(1.,0.,0.));
#5316 = PCURVE('',#4901,#5317);
#5317 = DEFINITIONAL_REPRESENTATION('',(#5318),#5322);
#5318 = LINE('',#5319,#5320);
#5319 = CARTESIAN_POINT('',(-0.,0.));
#5320 = VECTOR('',#5321,1.);
#5321 = DIRECTION('',(-0.,-1.));
#5322 = ( GEOMETRIC_REPRESENTATION_CONTEXT(2) 
PARAMETRIC_REPRESENTATION_CONTEXT() REPRESENTATION_CONTEXT('2D SPACE',''
  ) );
#5323 = PCURVE('',#4901,#5324);
#5324 = DEFINITIONAL_REPRESENTATION('',(#5325),#5329);
#5325 = LINE('',#5326,#5327);
#5326 = CARTESIAN_POINT('',(-6.28318530718,0.));
#5327 = VECTOR('',#5328,1.);
#5328 = DIRECTION('',(-0.,-1.));
#5329 = ( GEOMETRIC_REPRESENTATION_CONTEXT(2) 
PARAMETRIC_REPRESENTATION_CONTEXT() REPRESENTATION_CONTEXT('2D SPACE',''
  ) );
#5330 = ORIENTED_EDGE('',*,*,#5331,.T.);
#5331 = EDGE_CURVE('',#5309,#5309,#5332,.T.);
#5332 = SURFACE_CURVE('',#5333,(#5338,#5345),.PCURVE_S1.);
#5333 = CIRCLE('',#5334,1.5);
#5334 = AXIS2_PLACEMENT_3D('',#5335,#5336,#5337);
#5335 = CARTESIAN_POINT('',(-23.61728154514,-33.53396225919,
    -25.32367280002));
#5336 = DIRECTION('',(1.,0.,0.));
#5337 = DIRECTION('',(0.,-0.602634636379,0.79801722728));
#5338 = PCURVE('',#4901,#5339);
#5339 = DEFINITIONAL_REPRESENTATION('',(#5340),#5344);
#5340 = LINE('',#5341,#5342);
#5341 = CARTESIAN_POINT('',(-0.,-10.));
#5342 = VECTOR('',#5343,1.);
#5343 = DIRECTION('',(-1.,0.));
#5344 = ( GEOMETRIC_REPRESENTATION_CONTEXT(2) 
PARAMETRIC_REPRESENTATION_CONTEXT() REPRESENTATION_CONTEXT('2D SPACE',''
  ) );
#5345 = PCURVE('',#5346,#5351);
#5346 = PLANE('',#5347);
#5347 = AXIS2_PLACEMENT_3D('',#5348,#5349,#5350);
#5348 = CARTESIAN_POINT('',(-23.61728154514,-33.53396225919,
    -25.32367280002));
#5349 = DIRECTION('',(1.,0.,0.));
#5350 = DIRECTION('',(0.,-0.79801722728,-0.602634636379));
#5351 = DEFINITIONAL_REPRESENTATION('',(#5352),#5356);
#5352 = CIRCLE('',#5353,1.5);
#5353 = AXIS2_PLACEMENT_2D('',#5354,#5355);
#5354 = CARTESIAN_POINT('',(0.,0.));
#5355 = DIRECTION('',(0.,-1.));
#5356 = ( GEOMETRIC_REPRESENTATION_CONTEXT(2) 
PARAMETRIC_REPRESENTATION_CONTEXT() REPRESENTATION_CONTEXT('2D SPACE',''
  ) );
#5357 = ORIENTED_EDGE('',*,*,#5308,.F.);
#5358 = ORIENTED_EDGE('',*,*,#4884,.T.);
#5359 = ADVANCED_FACE('',(#5360),#4873,.F.);
#5360 = FACE_BOUND('',#5361,.F.);
#5361 = EDGE_LOOP('',(#5362,#5384,#5385,#5386,#5387));
#5362 = ORIENTED_EDGE('',*,*,#5363,.T.);
#5363 = EDGE_CURVE('',#5074,#5261,#5364,.T.);
#5364 = SURFACE_CURVE('',#5365,(#5370,#5377),.PCURVE_S1.);
#5365 = CIRCLE('',#5366,1.5);
#5366 = AXIS2_PLACEMENT_3D('',#5367,#5368,#5369);
#5367 = CARTESIAN_POINT('',(-33.61728154514,-33.53396225919,
    -25.32367280002));
#5368 = DIRECTION('',(1.,0.,0.));
#5369 = DIRECTION('',(0.,-0.602634636379,0.79801722728));
#5370 = PCURVE('',#4873,#5371);
#5371 = DEFINITIONAL_REPRESENTATION('',(#5372),#5376);
#5372 = CIRCLE('',#5373,1.5);
#5373 = AXIS2_PLACEMENT_2D('',#5374,#5375);
#5374 = CARTESIAN_POINT('',(0.,0.));
#5375 = DIRECTION('',(0.,-1.));
#5376 = ( GEOMETRIC_REPRESENTATION_CONTEXT(2) 
PARAMETRIC_REPRESENTATION_CONTEXT() REPRESENTATION_CONTEXT('2D SPACE',''
  ) );
#5377 = PCURVE('',#5111,#5378);
#5378 = DEFINITIONAL_REPRESENTATION('',(#5379),#5383);
#5379 = LINE('',#5380,#5381);
#5380 = CARTESIAN_POINT('',(-0.,0.));
#5381 = VECTOR('',#5382,1.);
#5382 = DIRECTION('',(-1.,0.));
#5383 = ( GEOMETRIC_REPRESENTATION_CONTEXT(2) 
PARAMETRIC_REPRESENTATION_CONTEXT() REPRESENTATION_CONTEXT('2D SPACE',''
  ) );
#5384 = ORIENTED_EDGE('',*,*,#5260,.T.);
#5385 = ORIENTED_EDGE('',*,*,#4858,.F.);
#5386 = ORIENTED_EDGE('',*,*,#5003,.T.);
#5387 = ORIENTED_EDGE('',*,*,#5073,.T.);
#5388 = ADVANCED_FACE('',(#5389),#5111,.T.);
#5389 = FACE_BOUND('',#5390,.F.);
#5390 = EDGE_LOOP('',(#5391,#5392,#5393));
#5391 = ORIENTED_EDGE('',*,*,#5363,.F.);
#5392 = ORIENTED_EDGE('',*,*,#5094,.F.);
#5393 = ORIENTED_EDGE('',*,*,#5284,.F.);
#5394 = ADVANCED_FACE('',(#5395),#5346,.T.);
#5395 = FACE_BOUND('',#5396,.T.);
#5396 = EDGE_LOOP('',(#5397));
#5397 = ORIENTED_EDGE('',*,*,#5331,.T.);
#5398 = ( GEOMETRIC_REPRESENTATION_CONTEXT(3) 
GLOBAL_UNCERTAINTY_ASSIGNED_CONTEXT((#5402)) 
GLOBAL_UNIT_ASSIGNED_CONTEXT((#5399,#5400,#5401)) REPRESENTATION_CONTEXT
('Context #1','3D Context with UNIT and UNCERTAINTY') );
#5399 = ( LENGTH_UNIT() NAMED_UNIT(*) SI_UNIT(.MILLI.,.METRE.) );
#5400 = ( NAMED_UNIT(*) PLANE_ANGLE_UNIT() SI_UNIT($,.RADIAN.) );
#5401 = ( NAMED_UNIT(*) SI_UNIT($,.STERADIAN.) SOLID_ANGLE_UNIT() );
#5402 = UNCERTAINTY_MEASURE_WITH_UNIT(LENGTH_MEASURE(1.E-07),#5399,
  'distance_accuracy_value','confusion accuracy');
#5403 = CONTEXT_DEPENDENT_SHAPE_REPRESENTATION(#5404,#5406);
#5404 = ( REPRESENTATION_RELATIONSHIP('','',#4656,#10) 
REPRESENTATION_RELATIONSHIP_WITH_TRANSFORMATION(#5405) 
SHAPE_REPRESENTATION_RELATIONSHIP() );
#5405 = ITEM_DEFINED_TRANSFORMATION('','',#11,#39);
#5406 = PRODUCT_DEFINITION_SHAPE('Placement','Placement of an item',
  #5407);
#5407 = NEXT_ASSEMBLY_USAGE_OCCURRENCE('7','','',#5,#4651,$);
#5408 = PRODUCT_RELATED_PRODUCT_CATEGORY('part',$,(#4653));
#5409 = SHAPE_DEFINITION_REPRESENTATION(#5410,#5416);
#5410 = PRODUCT_DEFINITION_SHAPE('','',#5411);
#5411 = PRODUCT_DEFINITION('design','',#5412,#5415);
#5412 = PRODUCT_DEFINITION_FORMATION('','',#5413);
#5413 = PRODUCT('Open CASCADE STEP translator 7.9 2.8',
  'Open CASCADE STEP translator 7.9 2.8','',(#5414));
#5414 = PRODUCT_CONTEXT('',#2,'mechanical');
#5415 = PRODUCT_DEFINITION_CONTEXT('part definition',#2,'design');
#5416 = ADVANCED_BREP_SHAPE_REPRESENTATION('',(#11,#5417),#6158);
#5417 = MANIFOLD_SOLID_BREP('',#5418);
#5418 = CLOSED_SHELL('',(#5419,#5539,#5734,#5781,#5937,#5964,#5991,#6016
    ,#6119,#6148,#6154));
#5419 = ADVANCED_FACE('',(#5420),#5434,.F.);
#5420 = FACE_BOUND('',#5421,.F.);
#5421 = EDGE_LOOP('',(#5422,#5457,#5485,#5513));
#5422 = ORIENTED_EDGE('',*,*,#5423,.F.);
#5423 = EDGE_CURVE('',#5424,#5426,#5428,.T.);
#5424 = VERTEX_POINT('',#5425);
#5425 = CARTESIAN_POINT('',(-40.09559941781,-3.654125392642,
    -12.5648272619));
#5426 = VERTEX_POINT('',#5427);
#5427 = CARTESIAN_POINT('',(-40.09559941781,-19.66562351015,
    -38.42428462067));
#5428 = SURFACE_CURVE('',#5429,(#5433,#5445),.PCURVE_S1.);
#5429 = LINE('',#5430,#5431);
#5430 = CARTESIAN_POINT('',(-40.09559941781,-3.654125392642,
    -12.5648272619));
#5431 = VECTOR('',#5432,1.);
#5432 = DIRECTION('',(0.,-0.526432162877,-0.85021713573));
#5433 = PCURVE('',#5434,#5439);
#5434 = PLANE('',#5435);
#5435 = AXIS2_PLACEMENT_3D('',#5436,#5437,#5438);
#5436 = CARTESIAN_POINT('',(-40.09559941781,-3.654125392642,
    -12.5648272619));
#5437 = DIRECTION('',(0.906307787037,-0.359317288004,0.2224798456));
#5438 = DIRECTION('',(0.,-0.526432162877,-0.85021713573));
#5439 = DEFINITIONAL_REPRESENTATION('',(#5440),#5444);
#5440 = LINE('',#5441,#5442);
#5441 = CARTESIAN_POINT('',(0.,0.));
#5442 = VECTOR('',#5443,1.);
#5443 = DIRECTION('',(1.,0.));
#5444 = ( GEOMETRIC_REPRESENTATION_CONTEXT(2) 
PARAMETRIC_REPRESENTATION_CONTEXT() REPRESENTATION_CONTEXT('2D SPACE',''
  ) );
#5445 = PCURVE('',#5446,#5451);
#5446 = PLANE('',#5447);
#5447 = AXIS2_PLACEMENT_3D('',#5448,#5449,#5450);
#5448 = CARTESIAN_POINT('',(-40.09559941781,-3.654125392642,
    -12.5648272619));
#5449 = DIRECTION('',(-0.422618261741,-0.770558410784,0.477109568562));
#5450 = DIRECTION('',(0.,-0.526432162877,-0.85021713573));
#5451 = DEFINITIONAL_REPRESENTATION('',(#5452),#5456);
#5452 = LINE('',#5453,#5454);
#5453 = CARTESIAN_POINT('',(0.,0.));
#5454 = VECTOR('',#5455,1.);
#5455 = DIRECTION('',(1.,0.));
#5456 = ( GEOMETRIC_REPRESENTATION_CONTEXT(2) 
PARAMETRIC_REPRESENTATION_CONTEXT() REPRESENTATION_CONTEXT('2D SPACE',''
  ) );
#5457 = ORIENTED_EDGE('',*,*,#5458,.T.);
#5458 = EDGE_CURVE('',#5424,#5459,#5461,.T.);
#5459 = VERTEX_POINT('',#5460);
#5460 = CARTESIAN_POINT('',(-40.46854044145,-4.334107467502,
    -12.14380018618));
#5461 = SURFACE_CURVE('',#5462,(#5466,#5473),.PCURVE_S1.);
#5462 = LINE('',#5463,#5464);
#5463 = CARTESIAN_POINT('',(-40.09559941781,-3.654125392642,
    -12.5648272619));
#5464 = VECTOR('',#5465,1.);
#5465 = DIRECTION('',(-0.422618261741,-0.770558410784,0.477109568562));
#5466 = PCURVE('',#5434,#5467);
#5467 = DEFINITIONAL_REPRESENTATION('',(#5468),#5472);
#5468 = LINE('',#5469,#5470);
#5469 = CARTESIAN_POINT('',(0.,0.));
#5470 = VECTOR('',#5471,1.);
#5471 = DIRECTION('',(0.,-1.));
#5472 = ( GEOMETRIC_REPRESENTATION_CONTEXT(2) 
PARAMETRIC_REPRESENTATION_CONTEXT() REPRESENTATION_CONTEXT('2D SPACE',''
  ) );
#5473 = PCURVE('',#5474,#5479);
#5474 = PLANE('',#5475);
#5475 = AXIS2_PLACEMENT_3D('',#5476,#5477,#5478);
#5476 = CARTESIAN_POINT('',(-40.09559941781,-3.654125392642,
    -12.5648272619));
#5477 = DIRECTION('',(0.,-0.526432162877,-0.85021713573));
#5478 = DIRECTION('',(0.906307787037,-0.359317288004,0.2224798456));
#5479 = DEFINITIONAL_REPRESENTATION('',(#5480),#5484);
#5480 = LINE('',#5481,#5482);
#5481 = CARTESIAN_POINT('',(0.,0.));
#5482 = VECTOR('',#5483,1.);
#5483 = DIRECTION('',(1.387778780781E-17,1.));
#5484 = ( GEOMETRIC_REPRESENTATION_CONTEXT(2) 
PARAMETRIC_REPRESENTATION_CONTEXT() REPRESENTATION_CONTEXT('2D SPACE',''
  ) );
#5485 = ORIENTED_EDGE('',*,*,#5486,.T.);
#5486 = EDGE_CURVE('',#5459,#5487,#5489,.T.);
#5487 = VERTEX_POINT('',#5488);
#5488 = CARTESIAN_POINT('',(-40.46854044145,-20.34560558501,
    -38.00325754495));
#5489 = SURFACE_CURVE('',#5490,(#5494,#5501),.PCURVE_S1.);
#5490 = LINE('',#5491,#5492);
#5491 = CARTESIAN_POINT('',(-40.46854044145,-4.334107467502,
    -12.14380018618));
#5492 = VECTOR('',#5493,1.);
#5493 = DIRECTION('',(0.,-0.526432162877,-0.85021713573));
#5494 = PCURVE('',#5434,#5495);
#5495 = DEFINITIONAL_REPRESENTATION('',(#5496),#5500);
#5496 = LINE('',#5497,#5498);
#5497 = CARTESIAN_POINT('',(1.443289932013E-15,-0.88245364056));
#5498 = VECTOR('',#5499,1.);
#5499 = DIRECTION('',(1.,0.));
#5500 = ( GEOMETRIC_REPRESENTATION_CONTEXT(2) 
PARAMETRIC_REPRESENTATION_CONTEXT() REPRESENTATION_CONTEXT('2D SPACE',''
  ) );
#5501 = PCURVE('',#5502,#5507);
#5502 = PLANE('',#5503);
#5503 = AXIS2_PLACEMENT_3D('',#5504,#5505,#5506);
#5504 = CARTESIAN_POINT('',(-40.46854044145,-4.334107467502,
    -12.14380018618));
#5505 = DIRECTION('',(-0.422618261741,-0.770558410784,0.477109568562));
#5506 = DIRECTION('',(0.,-0.526432162877,-0.85021713573));
#5507 = DEFINITIONAL_REPRESENTATION('',(#5508),#5512);
#5508 = LINE('',#5509,#5510);
#5509 = CARTESIAN_POINT('',(0.,0.));
#5510 = VECTOR('',#5511,1.);
#5511 = DIRECTION('',(1.,0.));
#5512 = ( GEOMETRIC_REPRESENTATION_CONTEXT(2) 
PARAMETRIC_REPRESENTATION_CONTEXT() REPRESENTATION_CONTEXT('2D SPACE',''
  ) );
#5513 = ORIENTED_EDGE('',*,*,#5514,.F.);
#5514 = EDGE_CURVE('',#5426,#5487,#5515,.T.);
#5515 = SURFACE_CURVE('',#5516,(#5520,#5527),.PCURVE_S1.);
#5516 = LINE('',#5517,#5518);
#5517 = CARTESIAN_POINT('',(-40.09559941781,-19.66562351015,
    -38.42428462067));
#5518 = VECTOR('',#5519,1.);
#5519 = DIRECTION('',(-0.422618261741,-0.770558410784,0.477109568562));
#5520 = PCURVE('',#5434,#5521);
#5521 = DEFINITIONAL_REPRESENTATION('',(#5522),#5526);
#5522 = LINE('',#5523,#5524);
#5523 = CARTESIAN_POINT('',(30.415121352005,0.));
#5524 = VECTOR('',#5525,1.);
#5525 = DIRECTION('',(0.,-1.));
#5526 = ( GEOMETRIC_REPRESENTATION_CONTEXT(2) 
PARAMETRIC_REPRESENTATION_CONTEXT() REPRESENTATION_CONTEXT('2D SPACE',''
  ) );
#5527 = PCURVE('',#5528,#5533);
#5528 = PLANE('',#5529);
#5529 = AXIS2_PLACEMENT_3D('',#5530,#5531,#5532);
#5530 = CARTESIAN_POINT('',(-40.09559941781,-19.66562351015,
    -38.42428462067));
#5531 = DIRECTION('',(0.,-0.526432162877,-0.85021713573));
#5532 = DIRECTION('',(0.906307787037,-0.359317288004,0.2224798456));
#5533 = DEFINITIONAL_REPRESENTATION('',(#5534),#5538);
#5534 = LINE('',#5535,#5536);
#5535 = CARTESIAN_POINT('',(0.,0.));
#5536 = VECTOR('',#5537,1.);
#5537 = DIRECTION('',(1.387778780781E-17,1.));
#5538 = ( GEOMETRIC_REPRESENTATION_CONTEXT(2) 
PARAMETRIC_REPRESENTATION_CONTEXT() REPRESENTATION_CONTEXT('2D SPACE',''
  ) );
#5539 = ADVANCED_FACE('',(#5540),#5446,.F.);
#5540 = FACE_BOUND('',#5541,.F.);
#5541 = EDGE_LOOP('',(#5542,#5572,#5593,#5594,#5617,#5643,#5678,#5708));
#5542 = ORIENTED_EDGE('',*,*,#5543,.F.);
#5543 = EDGE_CURVE('',#5544,#5546,#5548,.T.);
#5544 = VERTEX_POINT('',#5545);
#5545 = CARTESIAN_POINT('',(-26.76602264884,-8.9388062079,
    -9.292691433564));
#5546 = VERTEX_POINT('',#5547);
#5547 = CARTESIAN_POINT('',(-26.76602264884,-24.95030432541,
    -35.15214879233));
#5548 = SURFACE_CURVE('',#5549,(#5553,#5560),.PCURVE_S1.);
#5549 = LINE('',#5550,#5551);
#5550 = CARTESIAN_POINT('',(-26.76602264884,-8.9388062079,
    -9.292691433564));
#5551 = VECTOR('',#5552,1.);
#5552 = DIRECTION('',(0.,-0.526432162877,-0.85021713573));
#5553 = PCURVE('',#5446,#5554);
#5554 = DEFINITIONAL_REPRESENTATION('',(#5555),#5559);
#5555 = LINE('',#5556,#5557);
#5556 = CARTESIAN_POINT('',(4.440892098501E-16,14.707560676003));
#5557 = VECTOR('',#5558,1.);
#5558 = DIRECTION('',(1.,0.));
#5559 = ( GEOMETRIC_REPRESENTATION_CONTEXT(2) 
PARAMETRIC_REPRESENTATION_CONTEXT() REPRESENTATION_CONTEXT('2D SPACE',''
  ) );
#5560 = PCURVE('',#5561,#5566);
#5561 = PLANE('',#5562);
#5562 = AXIS2_PLACEMENT_3D('',#5563,#5564,#5565);
#5563 = CARTESIAN_POINT('',(-26.76602264884,-8.9388062079,
    -9.292691433564));
#5564 = DIRECTION('',(0.906307787037,-0.359317288004,0.2224798456));
#5565 = DIRECTION('',(0.,-0.526432162877,-0.85021713573));
#5566 = DEFINITIONAL_REPRESENTATION('',(#5567),#5571);
#5567 = LINE('',#5568,#5569);
#5568 = CARTESIAN_POINT('',(0.,0.));
#5569 = VECTOR('',#5570,1.);
#5570 = DIRECTION('',(1.,0.));
#5571 = ( GEOMETRIC_REPRESENTATION_CONTEXT(2) 
PARAMETRIC_REPRESENTATION_CONTEXT() REPRESENTATION_CONTEXT('2D SPACE',''
  ) );
#5572 = ORIENTED_EDGE('',*,*,#5573,.F.);
#5573 = EDGE_CURVE('',#5424,#5544,#5574,.T.);
#5574 = SURFACE_CURVE('',#5575,(#5579,#5586),.PCURVE_S1.);
#5575 = LINE('',#5576,#5577);
#5576 = CARTESIAN_POINT('',(-40.09559941781,-3.654125392642,
    -12.5648272619));
#5577 = VECTOR('',#5578,1.);
#5578 = DIRECTION('',(0.906307787037,-0.359317288004,0.2224798456));
#5579 = PCURVE('',#5446,#5580);
#5580 = DEFINITIONAL_REPRESENTATION('',(#5581),#5585);
#5581 = LINE('',#5582,#5583);
#5582 = CARTESIAN_POINT('',(0.,0.));
#5583 = VECTOR('',#5584,1.);
#5584 = DIRECTION('',(0.,1.));
#5585 = ( GEOMETRIC_REPRESENTATION_CONTEXT(2) 
PARAMETRIC_REPRESENTATION_CONTEXT() REPRESENTATION_CONTEXT('2D SPACE',''
  ) );
#5586 = PCURVE('',#5474,#5587);
#5587 = DEFINITIONAL_REPRESENTATION('',(#5588),#5592);
#5588 = LINE('',#5589,#5590);
#5589 = CARTESIAN_POINT('',(0.,0.));
#5590 = VECTOR('',#5591,1.);
#5591 = DIRECTION('',(1.,1.387778780781E-17));
#5592 = ( GEOMETRIC_REPRESENTATION_CONTEXT(2) 
PARAMETRIC_REPRESENTATION_CONTEXT() REPRESENTATION_CONTEXT('2D SPACE',''
  ) );
#5593 = ORIENTED_EDGE('',*,*,#5423,.T.);
#5594 = ORIENTED_EDGE('',*,*,#5595,.T.);
#5595 = EDGE_CURVE('',#5426,#5596,#5598,.T.);
#5596 = VERTEX_POINT('',#5597);
#5597 = CARTESIAN_POINT('',(-33.61728154514,-22.23403530373,
    -36.83399136636));
#5598 = SURFACE_CURVE('',#5599,(#5603,#5610),.PCURVE_S1.);
#5599 = LINE('',#5600,#5601);
#5600 = CARTESIAN_POINT('',(-40.09559941781,-19.66562351015,
    -38.42428462067));
#5601 = VECTOR('',#5602,1.);
#5602 = DIRECTION('',(0.906307787037,-0.359317288004,0.2224798456));
#5603 = PCURVE('',#5446,#5604);
#5604 = DEFINITIONAL_REPRESENTATION('',(#5605),#5609);
#5605 = LINE('',#5606,#5607);
#5606 = CARTESIAN_POINT('',(30.415121352005,8.881784197001E-16));
#5607 = VECTOR('',#5608,1.);
#5608 = DIRECTION('',(0.,1.));
#5609 = ( GEOMETRIC_REPRESENTATION_CONTEXT(2) 
PARAMETRIC_REPRESENTATION_CONTEXT() REPRESENTATION_CONTEXT('2D SPACE',''
  ) );
#5610 = PCURVE('',#5528,#5611);
#5611 = DEFINITIONAL_REPRESENTATION('',(#5612),#5616);
#5612 = LINE('',#5613,#5614);
#5613 = CARTESIAN_POINT('',(0.,0.));
#5614 = VECTOR('',#5615,1.);
#5615 = DIRECTION('',(1.,1.387778780781E-17));
#5616 = ( GEOMETRIC_REPRESENTATION_CONTEXT(2) 
PARAMETRIC_REPRESENTATION_CONTEXT() REPRESENTATION_CONTEXT('2D SPACE',''
  ) );
#5617 = ORIENTED_EDGE('',*,*,#5618,.T.);
#5618 = EDGE_CURVE('',#5596,#5619,#5621,.T.);
#5619 = VERTEX_POINT('',#5620);
#5620 = CARTESIAN_POINT('',(-33.61728154514,-20.96070240484,
    -34.77748812346));
#5621 = SURFACE_CURVE('',#5622,(#5626,#5632),.PCURVE_S1.);
#5622 = LINE('',#5623,#5624);
#5623 = CARTESIAN_POINT('',(-33.61728154514,-13.96507016353,
    -23.47915411911));
#5624 = VECTOR('',#5625,1.);
#5625 = DIRECTION('',(-0.,0.526432162877,0.85021713573));
#5626 = PCURVE('',#5446,#5627);
#5627 = DEFINITIONAL_REPRESENTATION('',(#5628),#5631);
#5628 = B_SPLINE_CURVE_WITH_KNOTS('',1,(#5629,#5630),.UNSPECIFIED.,.F.,
  .F.,(2,2),(-15.707560676,-13.207560676),.PIECEWISE_BEZIER_KNOTS.);
#5629 = CARTESIAN_POINT('',(30.415121352005,7.148032892721));
#5630 = CARTESIAN_POINT('',(27.915121352005,7.148032892721));
#5631 = ( GEOMETRIC_REPRESENTATION_CONTEXT(2) 
PARAMETRIC_REPRESENTATION_CONTEXT() REPRESENTATION_CONTEXT('2D SPACE',''
  ) );
#5632 = PCURVE('',#5633,#5638);
#5633 = PLANE('',#5634);
#5634 = AXIS2_PLACEMENT_3D('',#5635,#5636,#5637);
#5635 = CARTESIAN_POINT('',(-33.61728154514,-22.12152279233,
    -35.72748603291));
#5636 = DIRECTION('',(1.,0.,0.));
#5637 = DIRECTION('',(0.,-0.526432162877,-0.85021713573));
#5638 = DEFINITIONAL_REPRESENTATION('',(#5639),#5642);
#5639 = B_SPLINE_CURVE_WITH_KNOTS('',1,(#5640,#5641),.UNSPECIFIED.,.F.,
  .F.,(2,2),(-15.707560676,-13.207560676),.PIECEWISE_BEZIER_KNOTS.);
#5640 = CARTESIAN_POINT('',(1.,0.486839930751));
#5641 = CARTESIAN_POINT('',(-1.5,0.486839930751));
#5642 = ( GEOMETRIC_REPRESENTATION_CONTEXT(2) 
PARAMETRIC_REPRESENTATION_CONTEXT() REPRESENTATION_CONTEXT('2D SPACE',''
  ) );
#5643 = ORIENTED_EDGE('',*,*,#5644,.F.);
#5644 = EDGE_CURVE('',#5645,#5619,#5647,.T.);
#5645 = VERTEX_POINT('',#5646);
#5646 = CARTESIAN_POINT('',(-29.3564895637,-23.39684849593,
    -34.93783778859));
#5647 = SURFACE_CURVE('',#5648,(#5653,#5660),.PCURVE_S1.);
#5648 = ELLIPSE('',#5649,3.549302374729,1.5);
#5649 = AXIS2_PLACEMENT_3D('',#5650,#5651,#5652);
#5650 = CARTESIAN_POINT('',(-32.57324994447,-22.12152279233,
    -35.72748603291));
#5651 = DIRECTION('',(-0.422618261741,-0.770558410784,0.477109568562));
#5652 = DIRECTION('',(-0.906307787037,0.359317288004,-0.2224798456));
#5653 = PCURVE('',#5446,#5654);
#5654 = DEFINITIONAL_REPRESENTATION('',(#5655),#5659);
#5655 = ELLIPSE('',#5656,3.549302374729,1.5);
#5656 = AXIS2_PLACEMENT_2D('',#5657,#5658);
#5657 = CARTESIAN_POINT('',(29.415121352005,8.299994307606));
#5658 = DIRECTION('',(8.326672684689E-17,-1.));
#5659 = ( GEOMETRIC_REPRESENTATION_CONTEXT(2) 
PARAMETRIC_REPRESENTATION_CONTEXT() REPRESENTATION_CONTEXT('2D SPACE',''
  ) );
#5660 = PCURVE('',#5661,#5666);
#5661 = CYLINDRICAL_SURFACE('',#5662,1.5);
#5662 = AXIS2_PLACEMENT_3D('',#5663,#5664,#5665);
#5663 = CARTESIAN_POINT('',(-33.61728154514,-22.12152279233,
    -35.72748603291));
#5664 = DIRECTION('',(-1.,0.,0.));
#5665 = DIRECTION('',(0.,-0.85021713573,0.526432162877));
#5666 = DEFINITIONAL_REPRESENTATION('',(#5667),#5677);
#5667 = B_SPLINE_CURVE_WITH_KNOTS('',8,(#5668,#5669,#5670,#5671,#5672,
    #5673,#5674,#5675,#5676),.UNSPECIFIED.,.F.,.F.,(9,9),(3.14159265359,
    5.042935637106),.PIECEWISE_BEZIER_KNOTS.);
#5668 = CARTESIAN_POINT('',(-6.28318530718,-4.26079198144));
#5669 = CARTESIAN_POINT('',(-6.04551743424,-4.26079198144));
#5670 = CARTESIAN_POINT('',(-5.807849561301,-4.053131704458));
#5671 = CARTESIAN_POINT('',(-5.57018168836,-3.637818874993));
#5672 = CARTESIAN_POINT('',(-5.332513815424,-3.039844771438));
#5673 = CARTESIAN_POINT('',(-5.094845942484,-2.309344507419));
#5674 = CARTESIAN_POINT('',(-4.857178069543,-1.513664959144));
#5675 = CARTESIAN_POINT('',(-4.619510196603,-0.72313272222));
#5676 = CARTESIAN_POINT('',(-4.381842323664,5.999999999062E-07));
#5677 = ( GEOMETRIC_REPRESENTATION_CONTEXT(2) 
PARAMETRIC_REPRESENTATION_CONTEXT() REPRESENTATION_CONTEXT('2D SPACE',''
  ) );
#5678 = ORIENTED_EDGE('',*,*,#5679,.F.);
#5679 = EDGE_CURVE('',#5680,#5645,#5682,.T.);
#5680 = VERTEX_POINT('',#5681);
#5681 = CARTESIAN_POINT('',(-30.17561831823,-23.59852661077,
    -35.98913411777));
#5682 = SURFACE_CURVE('',#5683,(#5688,#5695),.PCURVE_S1.);
#5683 = ELLIPSE('',#5684,3.549302374729,1.5);
#5684 = AXIS2_PLACEMENT_3D('',#5685,#5686,#5687);
#5685 = CARTESIAN_POINT('',(-32.57324994447,-22.12152279233,
    -35.72748603291));
#5686 = DIRECTION('',(-0.422618261741,-0.770558410784,0.477109568562));
#5687 = DIRECTION('',(-0.906307787037,0.359317288004,-0.2224798456));
#5688 = PCURVE('',#5446,#5689);
#5689 = DEFINITIONAL_REPRESENTATION('',(#5690),#5694);
#5690 = ELLIPSE('',#5691,3.549302374729,1.5);
#5691 = AXIS2_PLACEMENT_2D('',#5692,#5693);
#5692 = CARTESIAN_POINT('',(29.415121352005,8.299994307606));
#5693 = DIRECTION('',(8.326672684689E-17,-1.));
#5694 = ( GEOMETRIC_REPRESENTATION_CONTEXT(2) 
PARAMETRIC_REPRESENTATION_CONTEXT() REPRESENTATION_CONTEXT('2D SPACE',''
  ) );
#5695 = PCURVE('',#5661,#5696);
#5696 = DEFINITIONAL_REPRESENTATION('',(#5697),#5707);
#5697 = B_SPLINE_CURVE_WITH_KNOTS('',8,(#5698,#5699,#5700,#5701,#5702,
    #5703,#5704,#5705,#5706),.UNSPECIFIED.,.F.,.F.,(9,9),(1.240249670074
    ,3.14159265359),.PIECEWISE_BEZIER_KNOTS.);
#5698 = CARTESIAN_POINT('',(-1.901342983516,5.999999999062E-07));
#5699 = CARTESIAN_POINT('',(-1.663675110576,-0.72313272222));
#5700 = CARTESIAN_POINT('',(-1.426007237636,-1.513664959141));
#5701 = CARTESIAN_POINT('',(-1.188339364698,-2.309344507445));
#5702 = CARTESIAN_POINT('',(-0.950671491757,-3.039844771449));
#5703 = CARTESIAN_POINT('',(-0.713003618818,-3.637818875006));
#5704 = CARTESIAN_POINT('',(-0.475335745879,-4.053131704455));
#5705 = CARTESIAN_POINT('',(-0.237667872939,-4.26079198144));
#5706 = CARTESIAN_POINT('',(0.,-4.26079198144));
#5707 = ( GEOMETRIC_REPRESENTATION_CONTEXT(2) 
PARAMETRIC_REPRESENTATION_CONTEXT() REPRESENTATION_CONTEXT('2D SPACE',''
  ) );
#5708 = ORIENTED_EDGE('',*,*,#5709,.T.);
#5709 = EDGE_CURVE('',#5680,#5546,#5710,.T.);
#5710 = SURFACE_CURVE('',#5711,(#5715,#5722),.PCURVE_S1.);
#5711 = LINE('',#5712,#5713);
#5712 = CARTESIAN_POINT('',(-40.09559941781,-19.66562351015,
    -38.42428462067));
#5713 = VECTOR('',#5714,1.);
#5714 = DIRECTION('',(0.906307787037,-0.359317288004,0.2224798456));
#5715 = PCURVE('',#5446,#5716);
#5716 = DEFINITIONAL_REPRESENTATION('',(#5717),#5721);
#5717 = LINE('',#5718,#5719);
#5718 = CARTESIAN_POINT('',(30.415121352005,8.881784197001E-16));
#5719 = VECTOR('',#5720,1.);
#5720 = DIRECTION('',(0.,1.));
#5721 = ( GEOMETRIC_REPRESENTATION_CONTEXT(2) 
PARAMETRIC_REPRESENTATION_CONTEXT() REPRESENTATION_CONTEXT('2D SPACE',''
  ) );
#5722 = PCURVE('',#5723,#5728);
#5723 = PLANE('',#5724);
#5724 = AXIS2_PLACEMENT_3D('',#5725,#5726,#5727);
#5725 = CARTESIAN_POINT('',(-40.09559941781,-19.66562351015,
    -38.42428462067));
#5726 = DIRECTION('',(0.,-0.526432162877,-0.85021713573));
#5727 = DIRECTION('',(0.906307787037,-0.359317288004,0.2224798456));
#5728 = DEFINITIONAL_REPRESENTATION('',(#5729),#5733);
#5729 = LINE('',#5730,#5731);
#5730 = CARTESIAN_POINT('',(0.,0.));
#5731 = VECTOR('',#5732,1.);
#5732 = DIRECTION('',(1.,1.387778780781E-17));
#5733 = ( GEOMETRIC_REPRESENTATION_CONTEXT(2) 
PARAMETRIC_REPRESENTATION_CONTEXT() REPRESENTATION_CONTEXT('2D SPACE',''
  ) );
#5734 = ADVANCED_FACE('',(#5735),#5528,.T.);
#5735 = FACE_BOUND('',#5736,.T.);
#5736 = EDGE_LOOP('',(#5737,#5760,#5761,#5762));
#5737 = ORIENTED_EDGE('',*,*,#5738,.F.);
#5738 = EDGE_CURVE('',#5487,#5739,#5741,.T.);
#5739 = VERTEX_POINT('',#5740);
#5740 = CARTESIAN_POINT('',(-33.61728154514,-23.06187460669,
    -36.32141497092));
#5741 = SURFACE_CURVE('',#5742,(#5746,#5753),.PCURVE_S1.);
#5742 = LINE('',#5743,#5744);
#5743 = CARTESIAN_POINT('',(-40.46854044145,-20.34560558501,
    -38.00325754495));
#5744 = VECTOR('',#5745,1.);
#5745 = DIRECTION('',(0.906307787037,-0.359317288004,0.2224798456));
#5746 = PCURVE('',#5528,#5747);
#5747 = DEFINITIONAL_REPRESENTATION('',(#5748),#5752);
#5748 = LINE('',#5749,#5750);
#5749 = CARTESIAN_POINT('',(-3.413935800722E-15,0.88245364056));
#5750 = VECTOR('',#5751,1.);
#5751 = DIRECTION('',(1.,1.387778780781E-17));
#5752 = ( GEOMETRIC_REPRESENTATION_CONTEXT(2) 
PARAMETRIC_REPRESENTATION_CONTEXT() REPRESENTATION_CONTEXT('2D SPACE',''
  ) );
#5753 = PCURVE('',#5502,#5754);
#5754 = DEFINITIONAL_REPRESENTATION('',(#5755),#5759);
#5755 = LINE('',#5756,#5757);
#5756 = CARTESIAN_POINT('',(30.415121352005,8.881784197001E-16));
#5757 = VECTOR('',#5758,1.);
#5758 = DIRECTION('',(0.,1.));
#5759 = ( GEOMETRIC_REPRESENTATION_CONTEXT(2) 
PARAMETRIC_REPRESENTATION_CONTEXT() REPRESENTATION_CONTEXT('2D SPACE',''
  ) );
#5760 = ORIENTED_EDGE('',*,*,#5514,.F.);
#5761 = ORIENTED_EDGE('',*,*,#5595,.T.);
#5762 = ORIENTED_EDGE('',*,*,#5763,.T.);
#5763 = EDGE_CURVE('',#5596,#5739,#5764,.T.);
#5764 = SURFACE_CURVE('',#5765,(#5769,#5775),.PCURVE_S1.);
#5765 = LINE('',#5766,#5767);
#5766 = CARTESIAN_POINT('',(-33.61728154514,-21.15678923268,
    -37.50099389466));
#5767 = VECTOR('',#5768,1.);
#5768 = DIRECTION('',(0.,-0.85021713573,0.526432162877));
#5769 = PCURVE('',#5528,#5770);
#5770 = DEFINITIONAL_REPRESENTATION('',(#5771),#5774);
#5771 = B_SPLINE_CURVE_WITH_KNOTS('',1,(#5772,#5773),.UNSPECIFIED.,.F.,
  .F.,(2,2),(1.267024652618,2.24070451412),.PIECEWISE_BEZIER_KNOTS.);
#5772 = CARTESIAN_POINT('',(7.148032892721,-2.22044604925E-16));
#5773 = CARTESIAN_POINT('',(7.559527783281,0.88245364056));
#5774 = ( GEOMETRIC_REPRESENTATION_CONTEXT(2) 
PARAMETRIC_REPRESENTATION_CONTEXT() REPRESENTATION_CONTEXT('2D SPACE',''
  ) );
#5775 = PCURVE('',#5633,#5776);
#5776 = DEFINITIONAL_REPRESENTATION('',(#5777),#5780);
#5777 = B_SPLINE_CURVE_WITH_KNOTS('',1,(#5778,#5779),.UNSPECIFIED.,.F.,
  .F.,(2,2),(1.267024652618,2.24070451412),.PIECEWISE_BEZIER_KNOTS.);
#5778 = CARTESIAN_POINT('',(1.,0.486839930751));
#5779 = CARTESIAN_POINT('',(1.,-0.486839930751));
#5780 = ( GEOMETRIC_REPRESENTATION_CONTEXT(2) 
PARAMETRIC_REPRESENTATION_CONTEXT() REPRESENTATION_CONTEXT('2D SPACE',''
  ) );
#5781 = ADVANCED_FACE('',(#5782),#5502,.T.);
#5782 = FACE_BOUND('',#5783,.T.);
#5783 = EDGE_LOOP('',(#5784,#5809,#5830,#5831,#5832,#5853,#5887,#5916));
#5784 = ORIENTED_EDGE('',*,*,#5785,.F.);
#5785 = EDGE_CURVE('',#5786,#5788,#5790,.T.);
#5786 = VERTEX_POINT('',#5787);
#5787 = CARTESIAN_POINT('',(-27.13896367248,-9.618788282761,
    -8.871664357841));
#5788 = VERTEX_POINT('',#5789);
#5789 = CARTESIAN_POINT('',(-27.13896367248,-25.63028640027,
    -34.73112171661));
#5790 = SURFACE_CURVE('',#5791,(#5795,#5802),.PCURVE_S1.);
#5791 = LINE('',#5792,#5793);
#5792 = CARTESIAN_POINT('',(-27.13896367248,-9.618788282761,
    -8.871664357841));
#5793 = VECTOR('',#5794,1.);
#5794 = DIRECTION('',(0.,-0.526432162877,-0.85021713573));
#5795 = PCURVE('',#5502,#5796);
#5796 = DEFINITIONAL_REPRESENTATION('',(#5797),#5801);
#5797 = LINE('',#5798,#5799);
#5798 = CARTESIAN_POINT('',(8.881784197001E-16,14.707560676003));
#5799 = VECTOR('',#5800,1.);
#5800 = DIRECTION('',(1.,0.));
#5801 = ( GEOMETRIC_REPRESENTATION_CONTEXT(2) 
PARAMETRIC_REPRESENTATION_CONTEXT() REPRESENTATION_CONTEXT('2D SPACE',''
  ) );
#5802 = PCURVE('',#5561,#5803);
#5803 = DEFINITIONAL_REPRESENTATION('',(#5804),#5808);
#5804 = LINE('',#5805,#5806);
#5805 = CARTESIAN_POINT('',(1.443289932013E-15,-0.88245364056));
#5806 = VECTOR('',#5807,1.);
#5807 = DIRECTION('',(1.,0.));
#5808 = ( GEOMETRIC_REPRESENTATION_CONTEXT(2) 
PARAMETRIC_REPRESENTATION_CONTEXT() REPRESENTATION_CONTEXT('2D SPACE',''
  ) );
#5809 = ORIENTED_EDGE('',*,*,#5810,.F.);
#5810 = EDGE_CURVE('',#5459,#5786,#5811,.T.);
#5811 = SURFACE_CURVE('',#5812,(#5816,#5823),.PCURVE_S1.);
#5812 = LINE('',#5813,#5814);
#5813 = CARTESIAN_POINT('',(-40.46854044145,-4.334107467502,
    -12.14380018618));
#5814 = VECTOR('',#5815,1.);
#5815 = DIRECTION('',(0.906307787037,-0.359317288004,0.2224798456));
#5816 = PCURVE('',#5502,#5817);
#5817 = DEFINITIONAL_REPRESENTATION('',(#5818),#5822);
#5818 = LINE('',#5819,#5820);
#5819 = CARTESIAN_POINT('',(0.,0.));
#5820 = VECTOR('',#5821,1.);
#5821 = DIRECTION('',(0.,1.));
#5822 = ( GEOMETRIC_REPRESENTATION_CONTEXT(2) 
PARAMETRIC_REPRESENTATION_CONTEXT() REPRESENTATION_CONTEXT('2D SPACE',''
  ) );
#5823 = PCURVE('',#5474,#5824);
#5824 = DEFINITIONAL_REPRESENTATION('',(#5825),#5829);
#5825 = LINE('',#5826,#5827);
#5826 = CARTESIAN_POINT('',(-3.011479954296E-15,0.88245364056));
#5827 = VECTOR('',#5828,1.);
#5828 = DIRECTION('',(1.,1.387778780781E-17));
#5829 = ( GEOMETRIC_REPRESENTATION_CONTEXT(2) 
PARAMETRIC_REPRESENTATION_CONTEXT() REPRESENTATION_CONTEXT('2D SPACE',''
  ) );
#5830 = ORIENTED_EDGE('',*,*,#5486,.T.);
#5831 = ORIENTED_EDGE('',*,*,#5738,.T.);
#5832 = ORIENTED_EDGE('',*,*,#5833,.T.);
#5833 = EDGE_CURVE('',#5739,#5834,#5836,.T.);
#5834 = VERTEX_POINT('',#5835);
#5835 = CARTESIAN_POINT('',(-33.61728154514,-21.7885417078,
    -34.26491172801));
#5836 = SURFACE_CURVE('',#5837,(#5841,#5847),.PCURVE_S1.);
#5837 = LINE('',#5838,#5839);
#5838 = CARTESIAN_POINT('',(-33.61728154514,-14.7929094665,
    -22.96657772367));
#5839 = VECTOR('',#5840,1.);
#5840 = DIRECTION('',(-0.,0.526432162877,0.85021713573));
#5841 = PCURVE('',#5502,#5842);
#5842 = DEFINITIONAL_REPRESENTATION('',(#5843),#5846);
#5843 = B_SPLINE_CURVE_WITH_KNOTS('',1,(#5844,#5845),.UNSPECIFIED.,.F.,
  .F.,(2,2),(-15.707560676,-13.207560676),.PIECEWISE_BEZIER_KNOTS.);
#5844 = CARTESIAN_POINT('',(30.415121352005,7.559527783281));
#5845 = CARTESIAN_POINT('',(27.915121352005,7.559527783281));
#5846 = ( GEOMETRIC_REPRESENTATION_CONTEXT(2) 
PARAMETRIC_REPRESENTATION_CONTEXT() REPRESENTATION_CONTEXT('2D SPACE',''
  ) );
#5847 = PCURVE('',#5633,#5848);
#5848 = DEFINITIONAL_REPRESENTATION('',(#5849),#5852);
#5849 = B_SPLINE_CURVE_WITH_KNOTS('',1,(#5850,#5851),.UNSPECIFIED.,.F.,
  .F.,(2,2),(-15.707560676,-13.207560676),.PIECEWISE_BEZIER_KNOTS.);
#5850 = CARTESIAN_POINT('',(1.,-0.486839930751));
#5851 = CARTESIAN_POINT('',(-1.5,-0.486839930751));
#5852 = ( GEOMETRIC_REPRESENTATION_CONTEXT(2) 
PARAMETRIC_REPRESENTATION_CONTEXT() REPRESENTATION_CONTEXT('2D SPACE',''
  ) );
#5853 = ORIENTED_EDGE('',*,*,#5854,.F.);
#5854 = EDGE_CURVE('',#5855,#5834,#5857,.T.);
#5855 = VERTEX_POINT('',#5856);
#5856 = CARTESIAN_POINT('',(-31.44455276506,-23.39684849593,
    -34.93783778859));
#5857 = SURFACE_CURVE('',#5858,(#5863,#5870),.PCURVE_S1.);
#5858 = ELLIPSE('',#5859,3.549302374729,1.5);
#5859 = AXIS2_PLACEMENT_3D('',#5860,#5861,#5862);
#5860 = CARTESIAN_POINT('',(-34.66131314582,-22.12152279233,
    -35.72748603291));
#5861 = DIRECTION('',(-0.422618261741,-0.770558410784,0.477109568562));
#5862 = DIRECTION('',(-0.906307787037,0.359317288004,-0.2224798456));
#5863 = PCURVE('',#5502,#5864);
#5864 = DEFINITIONAL_REPRESENTATION('',(#5865),#5869);
#5865 = ELLIPSE('',#5866,3.549302374729,1.5);
#5866 = AXIS2_PLACEMENT_2D('',#5867,#5868);
#5867 = CARTESIAN_POINT('',(29.415121352005,6.407566368396));
#5868 = DIRECTION('',(8.326672684689E-17,-1.));
#5869 = ( GEOMETRIC_REPRESENTATION_CONTEXT(2) 
PARAMETRIC_REPRESENTATION_CONTEXT() REPRESENTATION_CONTEXT('2D SPACE',''
  ) );
#5870 = PCURVE('',#5871,#5876);
#5871 = CYLINDRICAL_SURFACE('',#5872,1.5);
#5872 = AXIS2_PLACEMENT_3D('',#5873,#5874,#5875);
#5873 = CARTESIAN_POINT('',(-33.61728154514,-22.12152279233,
    -35.72748603291));
#5874 = DIRECTION('',(-1.,0.,0.));
#5875 = DIRECTION('',(0.,-0.85021713573,0.526432162877));
#5876 = DEFINITIONAL_REPRESENTATION('',(#5877),#5886);
#5877 = B_SPLINE_CURVE_WITH_KNOTS('',7,(#5878,#5879,#5880,#5881,#5882,
    #5883,#5884,#5885),.UNSPECIFIED.,.F.,.F.,(8,8),(3.14159265359,
    4.38184271806),.PIECEWISE_BEZIER_KNOTS.);
#5878 = CARTESIAN_POINT('',(-6.28318530718,-2.172728780088));
#5879 = CARTESIAN_POINT('',(-6.106006726541,-2.172728780088));
#5880 = CARTESIAN_POINT('',(-5.928828145902,-2.054916646473));
#5881 = CARTESIAN_POINT('',(-5.751649565264,-1.819297034843));
#5882 = CARTESIAN_POINT('',(-5.574470984625,-1.474912375582));
#5883 = CARTESIAN_POINT('',(-5.397292403986,-1.039936753646));
#5884 = CARTESIAN_POINT('',(-5.220113823348,-0.539086788624));
#5885 = CARTESIAN_POINT('',(-5.042935242709,5.999999999062E-07));
#5886 = ( GEOMETRIC_REPRESENTATION_CONTEXT(2) 
PARAMETRIC_REPRESENTATION_CONTEXT() REPRESENTATION_CONTEXT('2D SPACE',''
  ) );
#5887 = ORIENTED_EDGE('',*,*,#5888,.F.);
#5888 = EDGE_CURVE('',#5889,#5855,#5891,.T.);
#5889 = VERTEX_POINT('',#5890);
#5890 = CARTESIAN_POINT('',(-32.26368151958,-23.59852661077,
    -35.98913411777));
#5891 = SURFACE_CURVE('',#5892,(#5897,#5904),.PCURVE_S1.);
#5892 = ELLIPSE('',#5893,3.549302374729,1.5);
#5893 = AXIS2_PLACEMENT_3D('',#5894,#5895,#5896);
#5894 = CARTESIAN_POINT('',(-34.66131314582,-22.12152279233,
    -35.72748603291));
#5895 = DIRECTION('',(-0.422618261741,-0.770558410784,0.477109568562));
#5896 = DIRECTION('',(-0.906307787037,0.359317288004,-0.2224798456));
#5897 = PCURVE('',#5502,#5898);
#5898 = DEFINITIONAL_REPRESENTATION('',(#5899),#5903);
#5899 = ELLIPSE('',#5900,3.549302374729,1.5);
#5900 = AXIS2_PLACEMENT_2D('',#5901,#5902);
#5901 = CARTESIAN_POINT('',(29.415121352005,6.407566368396));
#5902 = DIRECTION('',(8.326672684689E-17,-1.));
#5903 = ( GEOMETRIC_REPRESENTATION_CONTEXT(2) 
PARAMETRIC_REPRESENTATION_CONTEXT() REPRESENTATION_CONTEXT('2D SPACE',''
  ) );
#5904 = PCURVE('',#5661,#5905);
#5905 = DEFINITIONAL_REPRESENTATION('',(#5906),#5915);
#5906 = B_SPLINE_CURVE_WITH_KNOTS('',7,(#5907,#5908,#5909,#5910,#5911,
    #5912,#5913,#5914),.UNSPECIFIED.,.F.,.F.,(8,8),(1.901342589119,
    3.14159265359),.PIECEWISE_BEZIER_KNOTS.);
#5907 = CARTESIAN_POINT('',(-1.240250064471,5.999999999062E-07));
#5908 = CARTESIAN_POINT('',(-1.063071483832,-0.539086788624));
#5909 = CARTESIAN_POINT('',(-0.885892903193,-1.039936753646));
#5910 = CARTESIAN_POINT('',(-0.708714322555,-1.474912375583));
#5911 = CARTESIAN_POINT('',(-0.531535741916,-1.819297034843));
#5912 = CARTESIAN_POINT('',(-0.354357161277,-2.054916646473));
#5913 = CARTESIAN_POINT('',(-0.177178580639,-2.172728780088));
#5914 = CARTESIAN_POINT('',(0.,-2.172728780088));
#5915 = ( GEOMETRIC_REPRESENTATION_CONTEXT(2) 
PARAMETRIC_REPRESENTATION_CONTEXT() REPRESENTATION_CONTEXT('2D SPACE',''
  ) );
#5916 = ORIENTED_EDGE('',*,*,#5917,.T.);
#5917 = EDGE_CURVE('',#5889,#5788,#5918,.T.);
#5918 = SURFACE_CURVE('',#5919,(#5923,#5930),.PCURVE_S1.);
#5919 = LINE('',#5920,#5921);
#5920 = CARTESIAN_POINT('',(-40.46854044145,-20.34560558501,
    -38.00325754495));
#5921 = VECTOR('',#5922,1.);
#5922 = DIRECTION('',(0.906307787037,-0.359317288004,0.2224798456));
#5923 = PCURVE('',#5502,#5924);
#5924 = DEFINITIONAL_REPRESENTATION('',(#5925),#5929);
#5925 = LINE('',#5926,#5927);
#5926 = CARTESIAN_POINT('',(30.415121352005,8.881784197001E-16));
#5927 = VECTOR('',#5928,1.);
#5928 = DIRECTION('',(0.,1.));
#5929 = ( GEOMETRIC_REPRESENTATION_CONTEXT(2) 
PARAMETRIC_REPRESENTATION_CONTEXT() REPRESENTATION_CONTEXT('2D SPACE',''
  ) );
#5930 = PCURVE('',#5723,#5931);
#5931 = DEFINITIONAL_REPRESENTATION('',(#5932),#5936);
#5932 = LINE('',#5933,#5934);
#5933 = CARTESIAN_POINT('',(-3.413935800722E-15,0.88245364056));
#5934 = VECTOR('',#5935,1.);
#5935 = DIRECTION('',(1.,1.387778780781E-17));
#5936 = ( GEOMETRIC_REPRESENTATION_CONTEXT(2) 
PARAMETRIC_REPRESENTATION_CONTEXT() REPRESENTATION_CONTEXT('2D SPACE',''
  ) );
#5937 = ADVANCED_FACE('',(#5938),#5474,.F.);
#5938 = FACE_BOUND('',#5939,.F.);
#5939 = EDGE_LOOP('',(#5940,#5941,#5942,#5963));
#5940 = ORIENTED_EDGE('',*,*,#5458,.F.);
#5941 = ORIENTED_EDGE('',*,*,#5573,.T.);
#5942 = ORIENTED_EDGE('',*,*,#5943,.T.);
#5943 = EDGE_CURVE('',#5544,#5786,#5944,.T.);
#5944 = SURFACE_CURVE('',#5945,(#5949,#5956),.PCURVE_S1.);
#5945 = LINE('',#5946,#5947);
#5946 = CARTESIAN_POINT('',(-26.76602264884,-8.9388062079,
    -9.292691433564));
#5947 = VECTOR('',#5948,1.);
#5948 = DIRECTION('',(-0.422618261741,-0.770558410784,0.477109568562));
#5949 = PCURVE('',#5474,#5950);
#5950 = DEFINITIONAL_REPRESENTATION('',(#5951),#5955);
#5951 = LINE('',#5952,#5953);
#5952 = CARTESIAN_POINT('',(14.707560676003,2.22044604925E-16));
#5953 = VECTOR('',#5954,1.);
#5954 = DIRECTION('',(1.387778780781E-17,1.));
#5955 = ( GEOMETRIC_REPRESENTATION_CONTEXT(2) 
PARAMETRIC_REPRESENTATION_CONTEXT() REPRESENTATION_CONTEXT('2D SPACE',''
  ) );
#5956 = PCURVE('',#5561,#5957);
#5957 = DEFINITIONAL_REPRESENTATION('',(#5958),#5962);
#5958 = LINE('',#5959,#5960);
#5959 = CARTESIAN_POINT('',(0.,0.));
#5960 = VECTOR('',#5961,1.);
#5961 = DIRECTION('',(0.,-1.));
#5962 = ( GEOMETRIC_REPRESENTATION_CONTEXT(2) 
PARAMETRIC_REPRESENTATION_CONTEXT() REPRESENTATION_CONTEXT('2D SPACE',''
  ) );
#5963 = ORIENTED_EDGE('',*,*,#5810,.F.);
#5964 = ADVANCED_FACE('',(#5965),#5561,.T.);
#5965 = FACE_BOUND('',#5966,.T.);
#5966 = EDGE_LOOP('',(#5967,#5968,#5969,#5970));
#5967 = ORIENTED_EDGE('',*,*,#5543,.F.);
#5968 = ORIENTED_EDGE('',*,*,#5943,.T.);
#5969 = ORIENTED_EDGE('',*,*,#5785,.T.);
#5970 = ORIENTED_EDGE('',*,*,#5971,.F.);
#5971 = EDGE_CURVE('',#5546,#5788,#5972,.T.);
#5972 = SURFACE_CURVE('',#5973,(#5977,#5984),.PCURVE_S1.);
#5973 = LINE('',#5974,#5975);
#5974 = CARTESIAN_POINT('',(-26.76602264884,-24.95030432541,
    -35.15214879233));
#5975 = VECTOR('',#5976,1.);
#5976 = DIRECTION('',(-0.422618261741,-0.770558410784,0.477109568562));
#5977 = PCURVE('',#5561,#5978);
#5978 = DEFINITIONAL_REPRESENTATION('',(#5979),#5983);
#5979 = LINE('',#5980,#5981);
#5980 = CARTESIAN_POINT('',(30.415121352005,1.7763568394E-15));
#5981 = VECTOR('',#5982,1.);
#5982 = DIRECTION('',(0.,-1.));
#5983 = ( GEOMETRIC_REPRESENTATION_CONTEXT(2) 
PARAMETRIC_REPRESENTATION_CONTEXT() REPRESENTATION_CONTEXT('2D SPACE',''
  ) );
#5984 = PCURVE('',#5723,#5985);
#5985 = DEFINITIONAL_REPRESENTATION('',(#5986),#5990);
#5986 = LINE('',#5987,#5988);
#5987 = CARTESIAN_POINT('',(14.707560676003,2.22044604925E-16));
#5988 = VECTOR('',#5989,1.);
#5989 = DIRECTION('',(1.387778780781E-17,1.));
#5990 = ( GEOMETRIC_REPRESENTATION_CONTEXT(2) 
PARAMETRIC_REPRESENTATION_CONTEXT() REPRESENTATION_CONTEXT('2D SPACE',''
  ) );
#5991 = ADVANCED_FACE('',(#5992),#5723,.T.);
#5992 = FACE_BOUND('',#5993,.T.);
#5993 = EDGE_LOOP('',(#5994,#5995,#6014,#6015));
#5994 = ORIENTED_EDGE('',*,*,#5917,.F.);
#5995 = ORIENTED_EDGE('',*,*,#5996,.F.);
#5996 = EDGE_CURVE('',#5680,#5889,#5997,.T.);
#5997 = SURFACE_CURVE('',#5998,(#6002,#6008),.PCURVE_S1.);
#5998 = LINE('',#5999,#6000);
#5999 = CARTESIAN_POINT('',(-33.61728154514,-23.59852661077,
    -35.98913411777));
#6000 = VECTOR('',#6001,1.);
#6001 = DIRECTION('',(-1.,0.,0.));
#6002 = PCURVE('',#5723,#6003);
#6003 = DEFINITIONAL_REPRESENTATION('',(#6004),#6007);
#6004 = B_SPLINE_CURVE_WITH_KNOTS('',1,(#6005,#6006),.UNSPECIFIED.,.F.,
  .F.,(2,2),(-3.65046954705,-1.144793705427),.PIECEWISE_BEZIER_KNOTS.);
#6005 = CARTESIAN_POINT('',(11.134730895726,-8.824536405598E-02));
#6006 = CARTESIAN_POINT('',(8.863817368673,0.970699004616));
#6007 = ( GEOMETRIC_REPRESENTATION_CONTEXT(2) 
PARAMETRIC_REPRESENTATION_CONTEXT() REPRESENTATION_CONTEXT('2D SPACE',''
  ) );
#6008 = PCURVE('',#5661,#6009);
#6009 = DEFINITIONAL_REPRESENTATION('',(#6010),#6013);
#6010 = B_SPLINE_CURVE_WITH_KNOTS('',1,(#6011,#6012),.UNSPECIFIED.,.F.,
  .F.,(2,2),(-3.65046954705,-1.144793705427),.PIECEWISE_BEZIER_KNOTS.);
#6011 = CARTESIAN_POINT('',(-0.729727656227,-3.65046954705));
#6012 = CARTESIAN_POINT('',(-0.729727656227,-1.144793705427));
#6013 = ( GEOMETRIC_REPRESENTATION_CONTEXT(2) 
PARAMETRIC_REPRESENTATION_CONTEXT() REPRESENTATION_CONTEXT('2D SPACE',''
  ) );
#6014 = ORIENTED_EDGE('',*,*,#5709,.T.);
#6015 = ORIENTED_EDGE('',*,*,#5971,.T.);
#6016 = ADVANCED_FACE('',(#6017),#5661,.T.);
#6017 = FACE_BOUND('',#6018,.F.);
#6018 = EDGE_LOOP('',(#6019,#6043,#6064,#6065,#6066,#6067,#6090,#6117,
    #6118));
#6019 = ORIENTED_EDGE('',*,*,#6020,.F.);
#6020 = EDGE_CURVE('',#6021,#5619,#6023,.T.);
#6021 = VERTEX_POINT('',#6022);
#6022 = CARTESIAN_POINT('',(-33.61728154514,-23.39684849593,
    -34.93783778859));
#6023 = SURFACE_CURVE('',#6024,(#6029,#6036),.PCURVE_S1.);
#6024 = CIRCLE('',#6025,1.5);
#6025 = AXIS2_PLACEMENT_3D('',#6026,#6027,#6028);
#6026 = CARTESIAN_POINT('',(-33.61728154514,-22.12152279233,
    -35.72748603291));
#6027 = DIRECTION('',(1.,0.,0.));
#6028 = DIRECTION('',(0.,-0.85021713573,0.526432162877));
#6029 = PCURVE('',#5661,#6030);
#6030 = DEFINITIONAL_REPRESENTATION('',(#6031),#6035);
#6031 = LINE('',#6032,#6033);
#6032 = CARTESIAN_POINT('',(-0.,0.));
#6033 = VECTOR('',#6034,1.);
#6034 = DIRECTION('',(-1.,0.));
#6035 = ( GEOMETRIC_REPRESENTATION_CONTEXT(2) 
PARAMETRIC_REPRESENTATION_CONTEXT() REPRESENTATION_CONTEXT('2D SPACE',''
  ) );
#6036 = PCURVE('',#5633,#6037);
#6037 = DEFINITIONAL_REPRESENTATION('',(#6038),#6042);
#6038 = CIRCLE('',#6039,1.5);
#6039 = AXIS2_PLACEMENT_2D('',#6040,#6041);
#6040 = CARTESIAN_POINT('',(0.,0.));
#6041 = DIRECTION('',(0.,-1.));
#6042 = ( GEOMETRIC_REPRESENTATION_CONTEXT(2) 
PARAMETRIC_REPRESENTATION_CONTEXT() REPRESENTATION_CONTEXT('2D SPACE',''
  ) );
#6043 = ORIENTED_EDGE('',*,*,#6044,.T.);
#6044 = EDGE_CURVE('',#6021,#5855,#6045,.T.);
#6045 = SURFACE_CURVE('',#6046,(#6050,#6057),.PCURVE_S1.);
#6046 = LINE('',#6047,#6048);
#6047 = CARTESIAN_POINT('',(-33.61728154514,-23.39684849593,
    -34.93783778859));
#6048 = VECTOR('',#6049,1.);
#6049 = DIRECTION('',(1.,0.,0.));
#6050 = PCURVE('',#5661,#6051);
#6051 = DEFINITIONAL_REPRESENTATION('',(#6052),#6056);
#6052 = LINE('',#6053,#6054);
#6053 = CARTESIAN_POINT('',(-0.,0.));
#6054 = VECTOR('',#6055,1.);
#6055 = DIRECTION('',(-0.,-1.));
#6056 = ( GEOMETRIC_REPRESENTATION_CONTEXT(2) 
PARAMETRIC_REPRESENTATION_CONTEXT() REPRESENTATION_CONTEXT('2D SPACE',''
  ) );
#6057 = PCURVE('',#5871,#6058);
#6058 = DEFINITIONAL_REPRESENTATION('',(#6059),#6063);
#6059 = LINE('',#6060,#6061);
#6060 = CARTESIAN_POINT('',(-6.28318530718,0.));
#6061 = VECTOR('',#6062,1.);
#6062 = DIRECTION('',(-0.,-1.));
#6063 = ( GEOMETRIC_REPRESENTATION_CONTEXT(2) 
PARAMETRIC_REPRESENTATION_CONTEXT() REPRESENTATION_CONTEXT('2D SPACE',''
  ) );
#6064 = ORIENTED_EDGE('',*,*,#5888,.F.);
#6065 = ORIENTED_EDGE('',*,*,#5996,.F.);
#6066 = ORIENTED_EDGE('',*,*,#5679,.T.);
#6067 = ORIENTED_EDGE('',*,*,#6068,.T.);
#6068 = EDGE_CURVE('',#5645,#6069,#6071,.T.);
#6069 = VERTEX_POINT('',#6070);
#6070 = CARTESIAN_POINT('',(-23.61728154514,-23.39684849593,
    -34.93783778859));
#6071 = SEAM_CURVE('',#6072,(#6076,#6083),.PCURVE_S1.);
#6072 = LINE('',#6073,#6074);
#6073 = CARTESIAN_POINT('',(-33.61728154514,-23.39684849593,
    -34.93783778859));
#6074 = VECTOR('',#6075,1.);
#6075 = DIRECTION('',(1.,0.,0.));
#6076 = PCURVE('',#5661,#6077);
#6077 = DEFINITIONAL_REPRESENTATION('',(#6078),#6082);
#6078 = LINE('',#6079,#6080);
#6079 = CARTESIAN_POINT('',(-0.,0.));
#6080 = VECTOR('',#6081,1.);
#6081 = DIRECTION('',(-0.,-1.));
#6082 = ( GEOMETRIC_REPRESENTATION_CONTEXT(2) 
PARAMETRIC_REPRESENTATION_CONTEXT() REPRESENTATION_CONTEXT('2D SPACE',''
  ) );
#6083 = PCURVE('',#5661,#6084);
#6084 = DEFINITIONAL_REPRESENTATION('',(#6085),#6089);
#6085 = LINE('',#6086,#6087);
#6086 = CARTESIAN_POINT('',(-6.28318530718,0.));
#6087 = VECTOR('',#6088,1.);
#6088 = DIRECTION('',(-0.,-1.));
#6089 = ( GEOMETRIC_REPRESENTATION_CONTEXT(2) 
PARAMETRIC_REPRESENTATION_CONTEXT() REPRESENTATION_CONTEXT('2D SPACE',''
  ) );
#6090 = ORIENTED_EDGE('',*,*,#6091,.T.);
#6091 = EDGE_CURVE('',#6069,#6069,#6092,.T.);
#6092 = SURFACE_CURVE('',#6093,(#6098,#6105),.PCURVE_S1.);
#6093 = CIRCLE('',#6094,1.5);
#6094 = AXIS2_PLACEMENT_3D('',#6095,#6096,#6097);
#6095 = CARTESIAN_POINT('',(-23.61728154514,-22.12152279233,
    -35.72748603291));
#6096 = DIRECTION('',(1.,0.,0.));
#6097 = DIRECTION('',(0.,-0.85021713573,0.526432162877));
#6098 = PCURVE('',#5661,#6099);
#6099 = DEFINITIONAL_REPRESENTATION('',(#6100),#6104);
#6100 = LINE('',#6101,#6102);
#6101 = CARTESIAN_POINT('',(-0.,-10.));
#6102 = VECTOR('',#6103,1.);
#6103 = DIRECTION('',(-1.,0.));
#6104 = ( GEOMETRIC_REPRESENTATION_CONTEXT(2) 
PARAMETRIC_REPRESENTATION_CONTEXT() REPRESENTATION_CONTEXT('2D SPACE',''
  ) );
#6105 = PCURVE('',#6106,#6111);
#6106 = PLANE('',#6107);
#6107 = AXIS2_PLACEMENT_3D('',#6108,#6109,#6110);
#6108 = CARTESIAN_POINT('',(-23.61728154514,-22.12152279233,
    -35.72748603291));
#6109 = DIRECTION('',(1.,0.,0.));
#6110 = DIRECTION('',(0.,-0.526432162877,-0.85021713573));
#6111 = DEFINITIONAL_REPRESENTATION('',(#6112),#6116);
#6112 = CIRCLE('',#6113,1.5);
#6113 = AXIS2_PLACEMENT_2D('',#6114,#6115);
#6114 = CARTESIAN_POINT('',(0.,0.));
#6115 = DIRECTION('',(0.,-1.));
#6116 = ( GEOMETRIC_REPRESENTATION_CONTEXT(2) 
PARAMETRIC_REPRESENTATION_CONTEXT() REPRESENTATION_CONTEXT('2D SPACE',''
  ) );
#6117 = ORIENTED_EDGE('',*,*,#6068,.F.);
#6118 = ORIENTED_EDGE('',*,*,#5644,.T.);
#6119 = ADVANCED_FACE('',(#6120),#5633,.F.);
#6120 = FACE_BOUND('',#6121,.F.);
#6121 = EDGE_LOOP('',(#6122,#6144,#6145,#6146,#6147));
#6122 = ORIENTED_EDGE('',*,*,#6123,.T.);
#6123 = EDGE_CURVE('',#5834,#6021,#6124,.T.);
#6124 = SURFACE_CURVE('',#6125,(#6130,#6137),.PCURVE_S1.);
#6125 = CIRCLE('',#6126,1.5);
#6126 = AXIS2_PLACEMENT_3D('',#6127,#6128,#6129);
#6127 = CARTESIAN_POINT('',(-33.61728154514,-22.12152279233,
    -35.72748603291));
#6128 = DIRECTION('',(1.,0.,0.));
#6129 = DIRECTION('',(0.,-0.85021713573,0.526432162877));
#6130 = PCURVE('',#5633,#6131);
#6131 = DEFINITIONAL_REPRESENTATION('',(#6132),#6136);
#6132 = CIRCLE('',#6133,1.5);
#6133 = AXIS2_PLACEMENT_2D('',#6134,#6135);
#6134 = CARTESIAN_POINT('',(0.,0.));
#6135 = DIRECTION('',(0.,-1.));
#6136 = ( GEOMETRIC_REPRESENTATION_CONTEXT(2) 
PARAMETRIC_REPRESENTATION_CONTEXT() REPRESENTATION_CONTEXT('2D SPACE',''
  ) );
#6137 = PCURVE('',#5871,#6138);
#6138 = DEFINITIONAL_REPRESENTATION('',(#6139),#6143);
#6139 = LINE('',#6140,#6141);
#6140 = CARTESIAN_POINT('',(-0.,0.));
#6141 = VECTOR('',#6142,1.);
#6142 = DIRECTION('',(-1.,0.));
#6143 = ( GEOMETRIC_REPRESENTATION_CONTEXT(2) 
PARAMETRIC_REPRESENTATION_CONTEXT() REPRESENTATION_CONTEXT('2D SPACE',''
  ) );
#6144 = ORIENTED_EDGE('',*,*,#6020,.T.);
#6145 = ORIENTED_EDGE('',*,*,#5618,.F.);
#6146 = ORIENTED_EDGE('',*,*,#5763,.T.);
#6147 = ORIENTED_EDGE('',*,*,#5833,.T.);
#6148 = ADVANCED_FACE('',(#6149),#5871,.T.);
#6149 = FACE_BOUND('',#6150,.F.);
#6150 = EDGE_LOOP('',(#6151,#6152,#6153));
#6151 = ORIENTED_EDGE('',*,*,#6123,.F.);
#6152 = ORIENTED_EDGE('',*,*,#5854,.F.);
#6153 = ORIENTED_EDGE('',*,*,#6044,.F.);
#6154 = ADVANCED_FACE('',(#6155),#6106,.T.);
#6155 = FACE_BOUND('',#6156,.T.);
#6156 = EDGE_LOOP('',(#6157));
#6157 = ORIENTED_EDGE('',*,*,#6091,.T.);
#6158 = ( GEOMETRIC_REPRESENTATION_CONTEXT(3) 
GLOBAL_UNCERTAINTY_ASSIGNED_CONTEXT((#6162)) 
GLOBAL_UNIT_ASSIGNED_CONTEXT((#6159,#6160,#6161)) REPRESENTATION_CONTEXT
('Context #1','3D Context with UNIT and UNCERTAINTY') );
#6159 = ( LENGTH_UNIT() NAMED_UNIT(*) SI_UNIT(.MILLI.,.METRE.) );
#6160 = ( NAMED_UNIT(*) PLANE_ANGLE_UNIT() SI_UNIT($,.RADIAN.) );
#6161 = ( NAMED_UNIT(*) SI_UNIT($,.STERADIAN.) SOLID_ANGLE_UNIT() );
#6162 = UNCERTAINTY_MEASURE_WITH_UNIT(LENGTH_MEASURE(1.E-07),#6159,
  'distance_accuracy_value','confusion accuracy');
#6163 = CONTEXT_DEPENDENT_SHAPE_REPRESENTATION(#6164,#6166);
#6164 = ( REPRESENTATION_RELATIONSHIP('','',#5416,#10) 
REPRESENTATION_RELATIONSHIP_WITH_TRANSFORMATION(#6165) 
SHAPE_REPRESENTATION_RELATIONSHIP() );
#6165 = ITEM_DEFINED_TRANSFORMATION('','',#11,#43);
#6166 = PRODUCT_DEFINITION_SHAPE('Placement','Placement of an item',
  #6167);
#6167 = NEXT_ASSEMBLY_USAGE_OCCURRENCE('8','','',#5,#5411,$);
#6168 = PRODUCT_RELATED_PRODUCT_CATEGORY('part',$,(#5413));
#6169 = SHAPE_DEFINITION_REPRESENTATION(#6170,#6176);
#6170 = PRODUCT_DEFINITION_SHAPE('','',#6171);
#6171 = PRODUCT_DEFINITION('design','',#6172,#6175);
#6172 = PRODUCT_DEFINITION_FORMATION('','',#6173);
#6173 = PRODUCT('Open CASCADE STEP translator 7.9 2.9',
  'Open CASCADE STEP translator 7.9 2.9','',(#6174));
#6174 = PRODUCT_CONTEXT('',#2,'mechanical');
#6175 = PRODUCT_DEFINITION_CONTEXT('part definition',#2,'design');
#6176 = ADVANCED_BREP_SHAPE_REPRESENTATION('',(#11,#6177),#6918);
#6177 = MANIFOLD_SOLID_BREP('',#6178);
#6178 = CLOSED_SHELL('',(#6179,#6299,#6494,#6541,#6697,#6724,#6751,#6776
    ,#6879,#6908,#6914));
#6179 = ADVANCED_FACE('',(#6180),#6194,.F.);
#6180 = FACE_BOUND('',#6181,.F.);
#6181 = EDGE_LOOP('',(#6182,#6217,#6245,#6273));
#6182 = ORIENTED_EDGE('',*,*,#6183,.F.);
#6183 = EDGE_CURVE('',#6184,#6186,#6188,.T.);
#6184 = VERTEX_POINT('',#6185);
#6185 = CARTESIAN_POINT('',(-40.09559941781,1.131568684046,
    -13.03637483428));
#6186 = VERTEX_POINT('',#6187);
#6187 = CARTESIAN_POINT('',(-40.09559941781,-4.457195198717,
    -42.93362094693));
#6188 = SURFACE_CURVE('',#6189,(#6193,#6205),.PCURVE_S1.);
#6189 = LINE('',#6190,#6191);
#6190 = CARTESIAN_POINT('',(-40.09559941781,1.131568684046,
    -13.03637483428));
#6191 = VECTOR('',#6192,1.);
#6192 = DIRECTION('',(0.,-0.183749517817,-0.982973099684));
#6193 = PCURVE('',#6194,#6199);
#6194 = PLANE('',#6195);
#6195 = AXIS2_PLACEMENT_3D('',#6196,#6197,#6198);
#6196 = CARTESIAN_POINT('',(-40.09559941781,1.131568684046,
    -13.03637483428));
#6197 = DIRECTION('',(0.906307787037,-0.415422382726,7.765590181533E-02)
  );
#6198 = DIRECTION('',(0.,-0.183749517817,-0.982973099684));
#6199 = DEFINITIONAL_REPRESENTATION('',(#6200),#6204);
#6200 = LINE('',#6201,#6202);
#6201 = CARTESIAN_POINT('',(0.,0.));
#6202 = VECTOR('',#6203,1.);
#6203 = DIRECTION('',(1.,2.775557561563E-17));
#6204 = ( GEOMETRIC_REPRESENTATION_CONTEXT(2) 
PARAMETRIC_REPRESENTATION_CONTEXT() REPRESENTATION_CONTEXT('2D SPACE',''
  ) );
#6205 = PCURVE('',#6206,#6211);
#6206 = PLANE('',#6207);
#6207 = AXIS2_PLACEMENT_3D('',#6208,#6209,#6210);
#6208 = CARTESIAN_POINT('',(-40.09559941781,1.131568684046,
    -13.03637483428));
#6209 = DIRECTION('',(-0.422618261741,-0.890876174691,0.166533618861));
#6210 = DIRECTION('',(0.,-0.183749517817,-0.982973099684));
#6211 = DEFINITIONAL_REPRESENTATION('',(#6212),#6216);
#6212 = LINE('',#6213,#6214);
#6213 = CARTESIAN_POINT('',(0.,0.));
#6214 = VECTOR('',#6215,1.);
#6215 = DIRECTION('',(1.,0.));
#6216 = ( GEOMETRIC_REPRESENTATION_CONTEXT(2) 
PARAMETRIC_REPRESENTATION_CONTEXT() REPRESENTATION_CONTEXT('2D SPACE',''
  ) );
#6217 = ORIENTED_EDGE('',*,*,#6218,.T.);
#6218 = EDGE_CURVE('',#6184,#6219,#6221,.T.);
#6219 = VERTEX_POINT('',#6220);
#6220 = CARTESIAN_POINT('',(-40.46854044145,0.345411760402,
    -12.88941663604));
#6221 = SURFACE_CURVE('',#6222,(#6226,#6233),.PCURVE_S1.);
#6222 = LINE('',#6223,#6224);
#6223 = CARTESIAN_POINT('',(-40.09559941781,1.131568684046,
    -13.03637483428));
#6224 = VECTOR('',#6225,1.);
#6225 = DIRECTION('',(-0.422618261741,-0.890876174691,0.166533618861));
#6226 = PCURVE('',#6194,#6227);
#6227 = DEFINITIONAL_REPRESENTATION('',(#6228),#6232);
#6228 = LINE('',#6229,#6230);
#6229 = CARTESIAN_POINT('',(0.,0.));
#6230 = VECTOR('',#6231,1.);
#6231 = DIRECTION('',(-2.775557561563E-17,-1.));
#6232 = ( GEOMETRIC_REPRESENTATION_CONTEXT(2) 
PARAMETRIC_REPRESENTATION_CONTEXT() REPRESENTATION_CONTEXT('2D SPACE',''
  ) );
#6233 = PCURVE('',#6234,#6239);
#6234 = PLANE('',#6235);
#6235 = AXIS2_PLACEMENT_3D('',#6236,#6237,#6238);
#6236 = CARTESIAN_POINT('',(-40.09559941781,1.131568684046,
    -13.03637483428));
#6237 = DIRECTION('',(0.,-0.183749517817,-0.982973099684));
#6238 = DIRECTION('',(0.906307787037,-0.415422382726,7.765590181533E-02)
  );
#6239 = DEFINITIONAL_REPRESENTATION('',(#6240),#6244);
#6240 = LINE('',#6241,#6242);
#6241 = CARTESIAN_POINT('',(0.,0.));
#6242 = VECTOR('',#6243,1.);
#6243 = DIRECTION('',(9.887923813068E-17,1.));
#6244 = ( GEOMETRIC_REPRESENTATION_CONTEXT(2) 
PARAMETRIC_REPRESENTATION_CONTEXT() REPRESENTATION_CONTEXT('2D SPACE',''
  ) );
#6245 = ORIENTED_EDGE('',*,*,#6246,.T.);
#6246 = EDGE_CURVE('',#6219,#6247,#6249,.T.);
#6247 = VERTEX_POINT('',#6248);
#6248 = CARTESIAN_POINT('',(-40.46854044145,-5.243352122362,
    -42.78666274869));
#6249 = SURFACE_CURVE('',#6250,(#6254,#6261),.PCURVE_S1.);
#6250 = LINE('',#6251,#6252);
#6251 = CARTESIAN_POINT('',(-40.46854044145,0.345411760402,
    -12.88941663604));
#6252 = VECTOR('',#6253,1.);
#6253 = DIRECTION('',(0.,-0.183749517817,-0.982973099684));
#6254 = PCURVE('',#6194,#6255);
#6255 = DEFINITIONAL_REPRESENTATION('',(#6256),#6260);
#6256 = LINE('',#6257,#6258);
#6257 = CARTESIAN_POINT('',(3.885780586188E-16,-0.88245364056));
#6258 = VECTOR('',#6259,1.);
#6259 = DIRECTION('',(1.,2.775557561563E-17));
#6260 = ( GEOMETRIC_REPRESENTATION_CONTEXT(2) 
PARAMETRIC_REPRESENTATION_CONTEXT() REPRESENTATION_CONTEXT('2D SPACE',''
  ) );
#6261 = PCURVE('',#6262,#6267);
#6262 = PLANE('',#6263);
#6263 = AXIS2_PLACEMENT_3D('',#6264,#6265,#6266);
#6264 = CARTESIAN_POINT('',(-40.46854044145,0.345411760402,
    -12.88941663604));
#6265 = DIRECTION('',(-0.422618261741,-0.890876174691,0.166533618861));
#6266 = DIRECTION('',(0.,-0.183749517817,-0.982973099684));
#6267 = DEFINITIONAL_REPRESENTATION('',(#6268),#6272);
#6268 = LINE('',#6269,#6270);
#6269 = CARTESIAN_POINT('',(0.,0.));
#6270 = VECTOR('',#6271,1.);
#6271 = DIRECTION('',(1.,0.));
#6272 = ( GEOMETRIC_REPRESENTATION_CONTEXT(2) 
PARAMETRIC_REPRESENTATION_CONTEXT() REPRESENTATION_CONTEXT('2D SPACE',''
  ) );
#6273 = ORIENTED_EDGE('',*,*,#6274,.F.);
#6274 = EDGE_CURVE('',#6186,#6247,#6275,.T.);
#6275 = SURFACE_CURVE('',#6276,(#6280,#6287),.PCURVE_S1.);
#6276 = LINE('',#6277,#6278);
#6277 = CARTESIAN_POINT('',(-40.09559941781,-4.457195198717,
    -42.93362094693));
#6278 = VECTOR('',#6279,1.);
#6279 = DIRECTION('',(-0.422618261741,-0.890876174691,0.166533618861));
#6280 = PCURVE('',#6194,#6281);
#6281 = DEFINITIONAL_REPRESENTATION('',(#6282),#6286);
#6282 = LINE('',#6283,#6284);
#6283 = CARTESIAN_POINT('',(30.415121352005,-8.881784197001E-16));
#6284 = VECTOR('',#6285,1.);
#6285 = DIRECTION('',(-2.775557561563E-17,-1.));
#6286 = ( GEOMETRIC_REPRESENTATION_CONTEXT(2) 
PARAMETRIC_REPRESENTATION_CONTEXT() REPRESENTATION_CONTEXT('2D SPACE',''
  ) );
#6287 = PCURVE('',#6288,#6293);
#6288 = PLANE('',#6289);
#6289 = AXIS2_PLACEMENT_3D('',#6290,#6291,#6292);
#6290 = CARTESIAN_POINT('',(-40.09559941781,-4.457195198717,
    -42.93362094693));
#6291 = DIRECTION('',(0.,-0.183749517817,-0.982973099684));
#6292 = DIRECTION('',(0.906307787037,-0.415422382726,7.765590181533E-02)
  );
#6293 = DEFINITIONAL_REPRESENTATION('',(#6294),#6298);
#6294 = LINE('',#6295,#6296);
#6295 = CARTESIAN_POINT('',(0.,0.));
#6296 = VECTOR('',#6297,1.);
#6297 = DIRECTION('',(9.887923813068E-17,1.));
#6298 = ( GEOMETRIC_REPRESENTATION_CONTEXT(2) 
PARAMETRIC_REPRESENTATION_CONTEXT() REPRESENTATION_CONTEXT('2D SPACE',''
  ) );
#6299 = ADVANCED_FACE('',(#6300),#6206,.F.);
#6300 = FACE_BOUND('',#6301,.F.);
#6301 = EDGE_LOOP('',(#6302,#6332,#6353,#6354,#6377,#6403,#6438,#6468));
#6302 = ORIENTED_EDGE('',*,*,#6303,.F.);
#6303 = EDGE_CURVE('',#6304,#6306,#6308,.T.);
#6304 = VERTEX_POINT('',#6305);
#6305 = CARTESIAN_POINT('',(-26.76602264884,-4.97828121607,
    -11.89424594648));
#6306 = VERTEX_POINT('',#6307);
#6307 = CARTESIAN_POINT('',(-26.76602264884,-10.56704509883,
    -41.79149205913));
#6308 = SURFACE_CURVE('',#6309,(#6313,#6320),.PCURVE_S1.);
#6309 = LINE('',#6310,#6311);
#6310 = CARTESIAN_POINT('',(-26.76602264884,-4.97828121607,
    -11.89424594648));
#6311 = VECTOR('',#6312,1.);
#6312 = DIRECTION('',(0.,-0.183749517817,-0.982973099684));
#6313 = PCURVE('',#6206,#6314);
#6314 = DEFINITIONAL_REPRESENTATION('',(#6315),#6319);
#6315 = LINE('',#6316,#6317);
#6316 = CARTESIAN_POINT('',(-8.881784197001E-16,14.707560676003));
#6317 = VECTOR('',#6318,1.);
#6318 = DIRECTION('',(1.,0.));
#6319 = ( GEOMETRIC_REPRESENTATION_CONTEXT(2) 
PARAMETRIC_REPRESENTATION_CONTEXT() REPRESENTATION_CONTEXT('2D SPACE',''
  ) );
#6320 = PCURVE('',#6321,#6326);
#6321 = PLANE('',#6322);
#6322 = AXIS2_PLACEMENT_3D('',#6323,#6324,#6325);
#6323 = CARTESIAN_POINT('',(-26.76602264884,-4.97828121607,
    -11.89424594648));
#6324 = DIRECTION('',(0.906307787037,-0.415422382726,7.765590181533E-02)
  );
#6325 = DIRECTION('',(0.,-0.183749517817,-0.982973099684));
#6326 = DEFINITIONAL_REPRESENTATION('',(#6327),#6331);
#6327 = LINE('',#6328,#6329);
#6328 = CARTESIAN_POINT('',(0.,0.));
#6329 = VECTOR('',#6330,1.);
#6330 = DIRECTION('',(1.,2.775557561563E-17));
#6331 = ( GEOMETRIC_REPRESENTATION_CONTEXT(2) 
PARAMETRIC_REPRESENTATION_CONTEXT() REPRESENTATION_CONTEXT('2D SPACE',''
  ) );
#6332 = ORIENTED_EDGE('',*,*,#6333,.F.);
#6333 = EDGE_CURVE('',#6184,#6304,#6334,.T.);
#6334 = SURFACE_CURVE('',#6335,(#6339,#6346),.PCURVE_S1.);
#6335 = LINE('',#6336,#6337);
#6336 = CARTESIAN_POINT('',(-40.09559941781,1.131568684046,
    -13.03637483428));
#6337 = VECTOR('',#6338,1.);
#6338 = DIRECTION('',(0.906307787037,-0.415422382726,7.765590181533E-02)
  );
#6339 = PCURVE('',#6206,#6340);
#6340 = DEFINITIONAL_REPRESENTATION('',(#6341),#6345);
#6341 = LINE('',#6342,#6343);
#6342 = CARTESIAN_POINT('',(0.,0.));
#6343 = VECTOR('',#6344,1.);
#6344 = DIRECTION('',(-1.387778780781E-17,1.));
#6345 = ( GEOMETRIC_REPRESENTATION_CONTEXT(2) 
PARAMETRIC_REPRESENTATION_CONTEXT() REPRESENTATION_CONTEXT('2D SPACE',''
  ) );
#6346 = PCURVE('',#6234,#6347);
#6347 = DEFINITIONAL_REPRESENTATION('',(#6348),#6352);
#6348 = LINE('',#6349,#6350);
#6349 = CARTESIAN_POINT('',(0.,0.));
#6350 = VECTOR('',#6351,1.);
#6351 = DIRECTION('',(1.,1.006139616067E-16));
#6352 = ( GEOMETRIC_REPRESENTATION_CONTEXT(2) 
PARAMETRIC_REPRESENTATION_CONTEXT() REPRESENTATION_CONTEXT('2D SPACE',''
  ) );
#6353 = ORIENTED_EDGE('',*,*,#6183,.T.);
#6354 = ORIENTED_EDGE('',*,*,#6355,.T.);
#6355 = EDGE_CURVE('',#6186,#6356,#6358,.T.);
#6356 = VERTEX_POINT('',#6357);
#6357 = CARTESIAN_POINT('',(-33.61728154514,-7.426648054818,
    -42.37853400644));
#6358 = SURFACE_CURVE('',#6359,(#6363,#6370),.PCURVE_S1.);
#6359 = LINE('',#6360,#6361);
#6360 = CARTESIAN_POINT('',(-40.09559941781,-4.457195198717,
    -42.93362094693));
#6361 = VECTOR('',#6362,1.);
#6362 = DIRECTION('',(0.906307787037,-0.415422382726,7.765590181533E-02)
  );
#6363 = PCURVE('',#6206,#6364);
#6364 = DEFINITIONAL_REPRESENTATION('',(#6365),#6369);
#6365 = LINE('',#6366,#6367);
#6366 = CARTESIAN_POINT('',(30.415121352005,0.));
#6367 = VECTOR('',#6368,1.);
#6368 = DIRECTION('',(-1.387778780781E-17,1.));
#6369 = ( GEOMETRIC_REPRESENTATION_CONTEXT(2) 
PARAMETRIC_REPRESENTATION_CONTEXT() REPRESENTATION_CONTEXT('2D SPACE',''
  ) );
#6370 = PCURVE('',#6288,#6371);
#6371 = DEFINITIONAL_REPRESENTATION('',(#6372),#6376);
#6372 = LINE('',#6373,#6374);
#6373 = CARTESIAN_POINT('',(0.,0.));
#6374 = VECTOR('',#6375,1.);
#6375 = DIRECTION('',(1.,1.006139616067E-16));
#6376 = ( GEOMETRIC_REPRESENTATION_CONTEXT(2) 
PARAMETRIC_REPRESENTATION_CONTEXT() REPRESENTATION_CONTEXT('2D SPACE',''
  ) );
#6377 = ORIENTED_EDGE('',*,*,#6378,.T.);
#6378 = EDGE_CURVE('',#6356,#6379,#6381,.T.);
#6379 = VERTEX_POINT('',#6380);
#6380 = CARTESIAN_POINT('',(-33.61728154514,-6.982195145799,
    -40.00092094474));
#6381 = SURFACE_CURVE('',#6382,(#6386,#6392),.PCURVE_S1.);
#6382 = LINE('',#6383,#6384);
#6383 = CARTESIAN_POINT('',(-33.61728154514,-4.540391354528,
    -26.93842440027));
#6384 = VECTOR('',#6385,1.);
#6385 = DIRECTION('',(-0.,0.183749517817,0.982973099684));
#6386 = PCURVE('',#6206,#6387);
#6387 = DEFINITIONAL_REPRESENTATION('',(#6388),#6391);
#6388 = B_SPLINE_CURVE_WITH_KNOTS('',1,(#6389,#6390),.UNSPECIFIED.,.F.,
  .F.,(2,2),(-15.707560676,-13.207560676),.PIECEWISE_BEZIER_KNOTS.);
#6389 = CARTESIAN_POINT('',(30.415121352005,7.148032892721));
#6390 = CARTESIAN_POINT('',(27.915121352005,7.148032892721));
#6391 = ( GEOMETRIC_REPRESENTATION_CONTEXT(2) 
PARAMETRIC_REPRESENTATION_CONTEXT() REPRESENTATION_CONTEXT('2D SPACE',''
  ) );
#6392 = PCURVE('',#6393,#6398);
#6393 = PLANE('',#6394);
#6394 = AXIS2_PLACEMENT_3D('',#6395,#6396,#6397);
#6395 = CARTESIAN_POINT('',(-33.61728154514,-7.721449092781,
    -41.30610430422));
#6396 = DIRECTION('',(1.,0.,0.));
#6397 = DIRECTION('',(0.,-0.183749517817,-0.982973099684));
#6398 = DEFINITIONAL_REPRESENTATION('',(#6399),#6402);
#6399 = B_SPLINE_CURVE_WITH_KNOTS('',1,(#6400,#6401),.UNSPECIFIED.,.F.,
  .F.,(2,2),(-15.707560676,-13.207560676),.PIECEWISE_BEZIER_KNOTS.);
#6400 = CARTESIAN_POINT('',(1.,0.486839930751));
#6401 = CARTESIAN_POINT('',(-1.5,0.486839930751));
#6402 = ( GEOMETRIC_REPRESENTATION_CONTEXT(2) 
PARAMETRIC_REPRESENTATION_CONTEXT() REPRESENTATION_CONTEXT('2D SPACE',''
  ) );
#6403 = ORIENTED_EDGE('',*,*,#6404,.F.);
#6404 = EDGE_CURVE('',#6405,#6379,#6407,.T.);
#6405 = VERTEX_POINT('',#6406);
#6406 = CARTESIAN_POINT('',(-29.3564895637,-9.195908742307,
    -41.0304800275));
#6407 = SURFACE_CURVE('',#6408,(#6413,#6420),.PCURVE_S1.);
#6408 = ELLIPSE('',#6409,3.549302374729,1.5);
#6409 = AXIS2_PLACEMENT_3D('',#6410,#6411,#6412);
#6410 = CARTESIAN_POINT('',(-32.57324994447,-7.721449092781,
    -41.30610430422));
#6411 = DIRECTION('',(-0.422618261741,-0.890876174691,0.166533618861));
#6412 = DIRECTION('',(-0.906307787037,0.415422382726,-7.765590181533E-02
    ));
#6413 = PCURVE('',#6206,#6414);
#6414 = DEFINITIONAL_REPRESENTATION('',(#6415),#6419);
#6415 = ELLIPSE('',#6416,3.549302374729,1.5);
#6416 = AXIS2_PLACEMENT_2D('',#6417,#6418);
#6417 = CARTESIAN_POINT('',(29.415121352005,8.299994307606));
#6418 = DIRECTION('',(4.163336342344E-17,-1.));
#6419 = ( GEOMETRIC_REPRESENTATION_CONTEXT(2) 
PARAMETRIC_REPRESENTATION_CONTEXT() REPRESENTATION_CONTEXT('2D SPACE',''
  ) );
#6420 = PCURVE('',#6421,#6426);
#6421 = CYLINDRICAL_SURFACE('',#6422,1.5);
#6422 = AXIS2_PLACEMENT_3D('',#6423,#6424,#6425);
#6423 = CARTESIAN_POINT('',(-33.61728154514,-7.721449092781,
    -41.30610430422));
#6424 = DIRECTION('',(-1.,0.,0.));
#6425 = DIRECTION('',(0.,-0.982973099684,0.183749517817));
#6426 = DEFINITIONAL_REPRESENTATION('',(#6427),#6437);
#6427 = B_SPLINE_CURVE_WITH_KNOTS('',8,(#6428,#6429,#6430,#6431,#6432,
    #6433,#6434,#6435,#6436),.UNSPECIFIED.,.F.,.F.,(9,9),(3.14159265359,
    5.042935637106),.PIECEWISE_BEZIER_KNOTS.);
#6428 = CARTESIAN_POINT('',(-6.28318530718,-4.26079198144));
#6429 = CARTESIAN_POINT('',(-6.04551743424,-4.26079198144));
#6430 = CARTESIAN_POINT('',(-5.807849561303,-4.053131704458));
#6431 = CARTESIAN_POINT('',(-5.570181688345,-3.637818874993));
#6432 = CARTESIAN_POINT('',(-5.332513815436,-3.039844771438));
#6433 = CARTESIAN_POINT('',(-5.094845942476,-2.309344507419));
#6434 = CARTESIAN_POINT('',(-4.857178069547,-1.513664959144));
#6435 = CARTESIAN_POINT('',(-4.619510196603,-0.72313272222));
#6436 = CARTESIAN_POINT('',(-4.381842323664,5.999999999062E-07));
#6437 = ( GEOMETRIC_REPRESENTATION_CONTEXT(2) 
PARAMETRIC_REPRESENTATION_CONTEXT() REPRESENTATION_CONTEXT('2D SPACE',''
  ) );
#6438 = ORIENTED_EDGE('',*,*,#6439,.F.);
#6439 = EDGE_CURVE('',#6440,#6405,#6442,.T.);
#6440 = VERTEX_POINT('',#6441);
#6441 = CARTESIAN_POINT('',(-30.17561831823,-9.004195946071,
    -42.08363919757));
#6442 = SURFACE_CURVE('',#6443,(#6448,#6455),.PCURVE_S1.);
#6443 = ELLIPSE('',#6444,3.549302374729,1.5);
#6444 = AXIS2_PLACEMENT_3D('',#6445,#6446,#6447);
#6445 = CARTESIAN_POINT('',(-32.57324994447,-7.721449092781,
    -41.30610430422));
#6446 = DIRECTION('',(-0.422618261741,-0.890876174691,0.166533618861));
#6447 = DIRECTION('',(-0.906307787037,0.415422382726,-7.765590181533E-02
    ));
#6448 = PCURVE('',#6206,#6449);
#6449 = DEFINITIONAL_REPRESENTATION('',(#6450),#6454);
#6450 = ELLIPSE('',#6451,3.549302374729,1.5);
#6451 = AXIS2_PLACEMENT_2D('',#6452,#6453);
#6452 = CARTESIAN_POINT('',(29.415121352005,8.299994307606));
#6453 = DIRECTION('',(4.163336342344E-17,-1.));
#6454 = ( GEOMETRIC_REPRESENTATION_CONTEXT(2) 
PARAMETRIC_REPRESENTATION_CONTEXT() REPRESENTATION_CONTEXT('2D SPACE',''
  ) );
#6455 = PCURVE('',#6421,#6456);
#6456 = DEFINITIONAL_REPRESENTATION('',(#6457),#6467);
#6457 = B_SPLINE_CURVE_WITH_KNOTS('',8,(#6458,#6459,#6460,#6461,#6462,
    #6463,#6464,#6465,#6466),.UNSPECIFIED.,.F.,.F.,(9,9),(1.240249670074
    ,3.14159265359),.PIECEWISE_BEZIER_KNOTS.);
#6458 = CARTESIAN_POINT('',(-1.901342983516,5.999999999062E-07));
#6459 = CARTESIAN_POINT('',(-1.663675110576,-0.72313272222));
#6460 = CARTESIAN_POINT('',(-1.426007237636,-1.513664959145));
#6461 = CARTESIAN_POINT('',(-1.188339364699,-2.309344507425));
#6462 = CARTESIAN_POINT('',(-0.950671491749,-3.039844771443));
#6463 = CARTESIAN_POINT('',(-0.713003618819,-3.637818875));
#6464 = CARTESIAN_POINT('',(-0.475335745879,-4.053131704457));
#6465 = CARTESIAN_POINT('',(-0.237667872939,-4.26079198144));
#6466 = CARTESIAN_POINT('',(4.440892098501E-15,-4.26079198144));
#6467 = ( GEOMETRIC_REPRESENTATION_CONTEXT(2) 
PARAMETRIC_REPRESENTATION_CONTEXT() REPRESENTATION_CONTEXT('2D SPACE',''
  ) );
#6468 = ORIENTED_EDGE('',*,*,#6469,.T.);
#6469 = EDGE_CURVE('',#6440,#6306,#6470,.T.);
#6470 = SURFACE_CURVE('',#6471,(#6475,#6482),.PCURVE_S1.);
#6471 = LINE('',#6472,#6473);
#6472 = CARTESIAN_POINT('',(-40.09559941781,-4.457195198717,
    -42.93362094693));
#6473 = VECTOR('',#6474,1.);
#6474 = DIRECTION('',(0.906307787037,-0.415422382726,7.765590181533E-02)
  );
#6475 = PCURVE('',#6206,#6476);
#6476 = DEFINITIONAL_REPRESENTATION('',(#6477),#6481);
#6477 = LINE('',#6478,#6479);
#6478 = CARTESIAN_POINT('',(30.415121352005,0.));
#6479 = VECTOR('',#6480,1.);
#6480 = DIRECTION('',(-1.387778780781E-17,1.));
#6481 = ( GEOMETRIC_REPRESENTATION_CONTEXT(2) 
PARAMETRIC_REPRESENTATION_CONTEXT() REPRESENTATION_CONTEXT('2D SPACE',''
  ) );
#6482 = PCURVE('',#6483,#6488);
#6483 = PLANE('',#6484);
#6484 = AXIS2_PLACEMENT_3D('',#6485,#6486,#6487);
#6485 = CARTESIAN_POINT('',(-40.09559941781,-4.457195198717,
    -42.93362094693));
#6486 = DIRECTION('',(0.,-0.183749517817,-0.982973099684));
#6487 = DIRECTION('',(0.906307787037,-0.415422382726,7.765590181533E-02)
  );
#6488 = DEFINITIONAL_REPRESENTATION('',(#6489),#6493);
#6489 = LINE('',#6490,#6491);
#6490 = CARTESIAN_POINT('',(0.,0.));
#6491 = VECTOR('',#6492,1.);
#6492 = DIRECTION('',(1.,1.006139616067E-16));
#6493 = ( GEOMETRIC_REPRESENTATION_CONTEXT(2) 
PARAMETRIC_REPRESENTATION_CONTEXT() REPRESENTATION_CONTEXT('2D SPACE',''
  ) );
#6494 = ADVANCED_FACE('',(#6495),#6288,.T.);
#6495 = FACE_BOUND('',#6496,.T.);
#6496 = EDGE_LOOP('',(#6497,#6520,#6521,#6522));
#6497 = ORIENTED_EDGE('',*,*,#6498,.F.);
#6498 = EDGE_CURVE('',#6247,#6499,#6501,.T.);
#6499 = VERTEX_POINT('',#6500);
#6500 = CARTESIAN_POINT('',(-33.61728154514,-8.383749166378,
    -42.19962080138));
#6501 = SURFACE_CURVE('',#6502,(#6506,#6513),.PCURVE_S1.);
#6502 = LINE('',#6503,#6504);
#6503 = CARTESIAN_POINT('',(-40.46854044145,-5.243352122362,
    -42.78666274869));
#6504 = VECTOR('',#6505,1.);
#6505 = DIRECTION('',(0.906307787037,-0.415422382726,7.765590181533E-02)
  );
#6506 = PCURVE('',#6288,#6507);
#6507 = DEFINITIONAL_REPRESENTATION('',(#6508),#6512);
#6508 = LINE('',#6509,#6510);
#6509 = CARTESIAN_POINT('',(-2.761679773755E-15,0.88245364056));
#6510 = VECTOR('',#6511,1.);
#6511 = DIRECTION('',(1.,1.006139616067E-16));
#6512 = ( GEOMETRIC_REPRESENTATION_CONTEXT(2) 
PARAMETRIC_REPRESENTATION_CONTEXT() REPRESENTATION_CONTEXT('2D SPACE',''
  ) );
#6513 = PCURVE('',#6262,#6514);
#6514 = DEFINITIONAL_REPRESENTATION('',(#6515),#6519);
#6515 = LINE('',#6516,#6517);
#6516 = CARTESIAN_POINT('',(30.415121352005,-4.440892098501E-16));
#6517 = VECTOR('',#6518,1.);
#6518 = DIRECTION('',(-1.387778780781E-17,1.));
#6519 = ( GEOMETRIC_REPRESENTATION_CONTEXT(2) 
PARAMETRIC_REPRESENTATION_CONTEXT() REPRESENTATION_CONTEXT('2D SPACE',''
  ) );
#6520 = ORIENTED_EDGE('',*,*,#6274,.F.);
#6521 = ORIENTED_EDGE('',*,*,#6355,.T.);
#6522 = ORIENTED_EDGE('',*,*,#6523,.T.);
#6523 = EDGE_CURVE('',#6356,#6499,#6524,.T.);
#6524 = SURFACE_CURVE('',#6525,(#6529,#6535),.PCURVE_S1.);
#6525 = LINE('',#6526,#6527);
#6526 = CARTESIAN_POINT('',(-33.61728154514,-6.181196904658,
    -42.61134917542));
#6527 = VECTOR('',#6528,1.);
#6528 = DIRECTION('',(0.,-0.982973099684,0.183749517817));
#6529 = PCURVE('',#6288,#6530);
#6530 = DEFINITIONAL_REPRESENTATION('',(#6531),#6534);
#6531 = B_SPLINE_CURVE_WITH_KNOTS('',1,(#6532,#6533),.UNSPECIFIED.,.F.,
  .F.,(2,2),(1.267024652618,2.24070451412),.PIECEWISE_BEZIER_KNOTS.);
#6532 = CARTESIAN_POINT('',(7.148032892721,2.22044604925E-16));
#6533 = CARTESIAN_POINT('',(7.559527783281,0.88245364056));
#6534 = ( GEOMETRIC_REPRESENTATION_CONTEXT(2) 
PARAMETRIC_REPRESENTATION_CONTEXT() REPRESENTATION_CONTEXT('2D SPACE',''
  ) );
#6535 = PCURVE('',#6393,#6536);
#6536 = DEFINITIONAL_REPRESENTATION('',(#6537),#6540);
#6537 = B_SPLINE_CURVE_WITH_KNOTS('',1,(#6538,#6539),.UNSPECIFIED.,.F.,
  .F.,(2,2),(1.267024652618,2.24070451412),.PIECEWISE_BEZIER_KNOTS.);
#6538 = CARTESIAN_POINT('',(1.,0.486839930751));
#6539 = CARTESIAN_POINT('',(1.,-0.486839930751));
#6540 = ( GEOMETRIC_REPRESENTATION_CONTEXT(2) 
PARAMETRIC_REPRESENTATION_CONTEXT() REPRESENTATION_CONTEXT('2D SPACE',''
  ) );
#6541 = ADVANCED_FACE('',(#6542),#6262,.T.);
#6542 = FACE_BOUND('',#6543,.T.);
#6543 = EDGE_LOOP('',(#6544,#6569,#6590,#6591,#6592,#6613,#6647,#6676));
#6544 = ORIENTED_EDGE('',*,*,#6545,.F.);
#6545 = EDGE_CURVE('',#6546,#6548,#6550,.T.);
#6546 = VERTEX_POINT('',#6547);
#6547 = CARTESIAN_POINT('',(-27.13896367248,-5.764438139715,
    -11.74728774824));
#6548 = VERTEX_POINT('',#6549);
#6549 = CARTESIAN_POINT('',(-27.13896367248,-11.35320202247,
    -41.64453386089));
#6550 = SURFACE_CURVE('',#6551,(#6555,#6562),.PCURVE_S1.);
#6551 = LINE('',#6552,#6553);
#6552 = CARTESIAN_POINT('',(-27.13896367248,-5.764438139715,
    -11.74728774824));
#6553 = VECTOR('',#6554,1.);
#6554 = DIRECTION('',(0.,-0.183749517817,-0.982973099684));
#6555 = PCURVE('',#6262,#6556);
#6556 = DEFINITIONAL_REPRESENTATION('',(#6557),#6561);
#6557 = LINE('',#6558,#6559);
#6558 = CARTESIAN_POINT('',(-8.881784197001E-16,14.707560676003));
#6559 = VECTOR('',#6560,1.);
#6560 = DIRECTION('',(1.,0.));
#6561 = ( GEOMETRIC_REPRESENTATION_CONTEXT(2) 
PARAMETRIC_REPRESENTATION_CONTEXT() REPRESENTATION_CONTEXT('2D SPACE',''
  ) );
#6562 = PCURVE('',#6321,#6563);
#6563 = DEFINITIONAL_REPRESENTATION('',(#6564),#6568);
#6564 = LINE('',#6565,#6566);
#6565 = CARTESIAN_POINT('',(4.440892098501E-16,-0.88245364056));
#6566 = VECTOR('',#6567,1.);
#6567 = DIRECTION('',(1.,2.775557561563E-17));
#6568 = ( GEOMETRIC_REPRESENTATION_CONTEXT(2) 
PARAMETRIC_REPRESENTATION_CONTEXT() REPRESENTATION_CONTEXT('2D SPACE',''
  ) );
#6569 = ORIENTED_EDGE('',*,*,#6570,.F.);
#6570 = EDGE_CURVE('',#6219,#6546,#6571,.T.);
#6571 = SURFACE_CURVE('',#6572,(#6576,#6583),.PCURVE_S1.);
#6572 = LINE('',#6573,#6574);
#6573 = CARTESIAN_POINT('',(-40.46854044145,0.345411760402,
    -12.88941663604));
#6574 = VECTOR('',#6575,1.);
#6575 = DIRECTION('',(0.906307787037,-0.415422382726,7.765590181533E-02)
  );
#6576 = PCURVE('',#6262,#6577);
#6577 = DEFINITIONAL_REPRESENTATION('',(#6578),#6582);
#6578 = LINE('',#6579,#6580);
#6579 = CARTESIAN_POINT('',(0.,0.));
#6580 = VECTOR('',#6581,1.);
#6581 = DIRECTION('',(-1.387778780781E-17,1.));
#6582 = ( GEOMETRIC_REPRESENTATION_CONTEXT(2) 
PARAMETRIC_REPRESENTATION_CONTEXT() REPRESENTATION_CONTEXT('2D SPACE',''
  ) );
#6583 = PCURVE('',#6234,#6584);
#6584 = DEFINITIONAL_REPRESENTATION('',(#6585),#6589);
#6585 = LINE('',#6586,#6587);
#6586 = CARTESIAN_POINT('',(-2.400857290752E-15,0.88245364056));
#6587 = VECTOR('',#6588,1.);
#6588 = DIRECTION('',(1.,1.006139616067E-16));
#6589 = ( GEOMETRIC_REPRESENTATION_CONTEXT(2) 
PARAMETRIC_REPRESENTATION_CONTEXT() REPRESENTATION_CONTEXT('2D SPACE',''
  ) );
#6590 = ORIENTED_EDGE('',*,*,#6246,.T.);
#6591 = ORIENTED_EDGE('',*,*,#6498,.T.);
#6592 = ORIENTED_EDGE('',*,*,#6593,.T.);
#6593 = EDGE_CURVE('',#6499,#6594,#6596,.T.);
#6594 = VERTEX_POINT('',#6595);
#6595 = CARTESIAN_POINT('',(-33.61728154514,-7.93929625736,
    -39.82200773968));
#6596 = SURFACE_CURVE('',#6597,(#6601,#6607),.PCURVE_S1.);
#6597 = LINE('',#6598,#6599);
#6598 = CARTESIAN_POINT('',(-33.61728154514,-5.497492466088,
    -26.75951119521));
#6599 = VECTOR('',#6600,1.);
#6600 = DIRECTION('',(-0.,0.183749517817,0.982973099684));
#6601 = PCURVE('',#6262,#6602);
#6602 = DEFINITIONAL_REPRESENTATION('',(#6603),#6606);
#6603 = B_SPLINE_CURVE_WITH_KNOTS('',1,(#6604,#6605),.UNSPECIFIED.,.F.,
  .F.,(2,2),(-15.707560676,-13.207560676),.PIECEWISE_BEZIER_KNOTS.);
#6604 = CARTESIAN_POINT('',(30.415121352005,7.559527783281));
#6605 = CARTESIAN_POINT('',(27.915121352005,7.559527783281));
#6606 = ( GEOMETRIC_REPRESENTATION_CONTEXT(2) 
PARAMETRIC_REPRESENTATION_CONTEXT() REPRESENTATION_CONTEXT('2D SPACE',''
  ) );
#6607 = PCURVE('',#6393,#6608);
#6608 = DEFINITIONAL_REPRESENTATION('',(#6609),#6612);
#6609 = B_SPLINE_CURVE_WITH_KNOTS('',1,(#6610,#6611),.UNSPECIFIED.,.F.,
  .F.,(2,2),(-15.707560676,-13.207560676),.PIECEWISE_BEZIER_KNOTS.);
#6610 = CARTESIAN_POINT('',(1.,-0.486839930751));
#6611 = CARTESIAN_POINT('',(-1.5,-0.486839930751));
#6612 = ( GEOMETRIC_REPRESENTATION_CONTEXT(2) 
PARAMETRIC_REPRESENTATION_CONTEXT() REPRESENTATION_CONTEXT('2D SPACE',''
  ) );
#6613 = ORIENTED_EDGE('',*,*,#6614,.F.);
#6614 = EDGE_CURVE('',#6615,#6594,#6617,.T.);
#6615 = VERTEX_POINT('',#6616);
#6616 = CARTESIAN_POINT('',(-31.44455276506,-9.195908742307,
    -41.0304800275));
#6617 = SURFACE_CURVE('',#6618,(#6623,#6630),.PCURVE_S1.);
#6618 = ELLIPSE('',#6619,3.549302374729,1.5);
#6619 = AXIS2_PLACEMENT_3D('',#6620,#6621,#6622);
#6620 = CARTESIAN_POINT('',(-34.66131314582,-7.721449092781,
    -41.30610430422));
#6621 = DIRECTION('',(-0.422618261741,-0.890876174691,0.166533618861));
#6622 = DIRECTION('',(-0.906307787037,0.415422382726,-7.765590181533E-02
    ));
#6623 = PCURVE('',#6262,#6624);
#6624 = DEFINITIONAL_REPRESENTATION('',(#6625),#6629);
#6625 = ELLIPSE('',#6626,3.549302374729,1.5);
#6626 = AXIS2_PLACEMENT_2D('',#6627,#6628);
#6627 = CARTESIAN_POINT('',(29.415121352005,6.407566368396));
#6628 = DIRECTION('',(4.163336342344E-17,-1.));
#6629 = ( GEOMETRIC_REPRESENTATION_CONTEXT(2) 
PARAMETRIC_REPRESENTATION_CONTEXT() REPRESENTATION_CONTEXT('2D SPACE',''
  ) );
#6630 = PCURVE('',#6631,#6636);
#6631 = CYLINDRICAL_SURFACE('',#6632,1.5);
#6632 = AXIS2_PLACEMENT_3D('',#6633,#6634,#6635);
#6633 = CARTESIAN_POINT('',(-33.61728154514,-7.721449092781,
    -41.30610430422));
#6634 = DIRECTION('',(-1.,0.,0.));
#6635 = DIRECTION('',(0.,-0.982973099684,0.183749517817));
#6636 = DEFINITIONAL_REPRESENTATION('',(#6637),#6646);
#6637 = B_SPLINE_CURVE_WITH_KNOTS('',7,(#6638,#6639,#6640,#6641,#6642,
    #6643,#6644,#6645),.UNSPECIFIED.,.F.,.F.,(8,8),(3.14159265359,
    4.38184271806),.PIECEWISE_BEZIER_KNOTS.);
#6638 = CARTESIAN_POINT('',(-6.28318530718,-2.172728780088));
#6639 = CARTESIAN_POINT('',(-6.106006726541,-2.172728780088));
#6640 = CARTESIAN_POINT('',(-5.928828145901,-2.054916646473));
#6641 = CARTESIAN_POINT('',(-5.751649565267,-1.819297034843));
#6642 = CARTESIAN_POINT('',(-5.574470984625,-1.474912375582));
#6643 = CARTESIAN_POINT('',(-5.397292403987,-1.039936753646));
#6644 = CARTESIAN_POINT('',(-5.220113823348,-0.539086788624));
#6645 = CARTESIAN_POINT('',(-5.042935242709,5.999999999062E-07));
#6646 = ( GEOMETRIC_REPRESENTATION_CONTEXT(2) 
PARAMETRIC_REPRESENTATION_CONTEXT() REPRESENTATION_CONTEXT('2D SPACE',''
  ) );
#6647 = ORIENTED_EDGE('',*,*,#6648,.F.);
#6648 = EDGE_CURVE('',#6649,#6615,#6651,.T.);
#6649 = VERTEX_POINT('',#6650);
#6650 = CARTESIAN_POINT('',(-32.26368151958,-9.004195946071,
    -42.08363919757));
#6651 = SURFACE_CURVE('',#6652,(#6657,#6664),.PCURVE_S1.);
#6652 = ELLIPSE('',#6653,3.549302374729,1.5);
#6653 = AXIS2_PLACEMENT_3D('',#6654,#6655,#6656);
#6654 = CARTESIAN_POINT('',(-34.66131314582,-7.721449092781,
    -41.30610430422));
#6655 = DIRECTION('',(-0.422618261741,-0.890876174691,0.166533618861));
#6656 = DIRECTION('',(-0.906307787037,0.415422382726,-7.765590181533E-02
    ));
#6657 = PCURVE('',#6262,#6658);
#6658 = DEFINITIONAL_REPRESENTATION('',(#6659),#6663);
#6659 = ELLIPSE('',#6660,3.549302374729,1.5);
#6660 = AXIS2_PLACEMENT_2D('',#6661,#6662);
#6661 = CARTESIAN_POINT('',(29.415121352005,6.407566368396));
#6662 = DIRECTION('',(4.163336342344E-17,-1.));
#6663 = ( GEOMETRIC_REPRESENTATION_CONTEXT(2) 
PARAMETRIC_REPRESENTATION_CONTEXT() REPRESENTATION_CONTEXT('2D SPACE',''
  ) );
#6664 = PCURVE('',#6421,#6665);
#6665 = DEFINITIONAL_REPRESENTATION('',(#6666),#6675);
#6666 = B_SPLINE_CURVE_WITH_KNOTS('',7,(#6667,#6668,#6669,#6670,#6671,
    #6672,#6673,#6674),.UNSPECIFIED.,.F.,.F.,(8,8),(1.901342589119,
    3.14159265359),.PIECEWISE_BEZIER_KNOTS.);
#6667 = CARTESIAN_POINT('',(-1.240250064471,5.999999999062E-07));
#6668 = CARTESIAN_POINT('',(-1.063071483832,-0.539086788624));
#6669 = CARTESIAN_POINT('',(-0.885892903193,-1.039936753646));
#6670 = CARTESIAN_POINT('',(-0.708714322555,-1.474912375583));
#6671 = CARTESIAN_POINT('',(-0.531535741916,-1.819297034842));
#6672 = CARTESIAN_POINT('',(-0.354357161277,-2.054916646473));
#6673 = CARTESIAN_POINT('',(-0.177178580639,-2.172728780088));
#6674 = CARTESIAN_POINT('',(4.440892098501E-15,-2.172728780088));
#6675 = ( GEOMETRIC_REPRESENTATION_CONTEXT(2) 
PARAMETRIC_REPRESENTATION_CONTEXT() REPRESENTATION_CONTEXT('2D SPACE',''
  ) );
#6676 = ORIENTED_EDGE('',*,*,#6677,.T.);
#6677 = EDGE_CURVE('',#6649,#6548,#6678,.T.);
#6678 = SURFACE_CURVE('',#6679,(#6683,#6690),.PCURVE_S1.);
#6679 = LINE('',#6680,#6681);
#6680 = CARTESIAN_POINT('',(-40.46854044145,-5.243352122362,
    -42.78666274869));
#6681 = VECTOR('',#6682,1.);
#6682 = DIRECTION('',(0.906307787037,-0.415422382726,7.765590181533E-02)
  );
#6683 = PCURVE('',#6262,#6684);
#6684 = DEFINITIONAL_REPRESENTATION('',(#6685),#6689);
#6685 = LINE('',#6686,#6687);
#6686 = CARTESIAN_POINT('',(30.415121352005,-4.440892098501E-16));
#6687 = VECTOR('',#6688,1.);
#6688 = DIRECTION('',(-1.387778780781E-17,1.));
#6689 = ( GEOMETRIC_REPRESENTATION_CONTEXT(2) 
PARAMETRIC_REPRESENTATION_CONTEXT() REPRESENTATION_CONTEXT('2D SPACE',''
  ) );
#6690 = PCURVE('',#6483,#6691);
#6691 = DEFINITIONAL_REPRESENTATION('',(#6692),#6696);
#6692 = LINE('',#6693,#6694);
#6693 = CARTESIAN_POINT('',(-2.761679773755E-15,0.88245364056));
#6694 = VECTOR('',#6695,1.);
#6695 = DIRECTION('',(1.,1.006139616067E-16));
#6696 = ( GEOMETRIC_REPRESENTATION_CONTEXT(2) 
PARAMETRIC_REPRESENTATION_CONTEXT() REPRESENTATION_CONTEXT('2D SPACE',''
  ) );
#6697 = ADVANCED_FACE('',(#6698),#6234,.F.);
#6698 = FACE_BOUND('',#6699,.F.);
#6699 = EDGE_LOOP('',(#6700,#6701,#6702,#6723));
#6700 = ORIENTED_EDGE('',*,*,#6218,.F.);
#6701 = ORIENTED_EDGE('',*,*,#6333,.T.);
#6702 = ORIENTED_EDGE('',*,*,#6703,.T.);
#6703 = EDGE_CURVE('',#6304,#6546,#6704,.T.);
#6704 = SURFACE_CURVE('',#6705,(#6709,#6716),.PCURVE_S1.);
#6705 = LINE('',#6706,#6707);
#6706 = CARTESIAN_POINT('',(-26.76602264884,-4.97828121607,
    -11.89424594648));
#6707 = VECTOR('',#6708,1.);
#6708 = DIRECTION('',(-0.422618261741,-0.890876174691,0.166533618861));
#6709 = PCURVE('',#6234,#6710);
#6710 = DEFINITIONAL_REPRESENTATION('',(#6711),#6715);
#6711 = LINE('',#6712,#6713);
#6712 = CARTESIAN_POINT('',(14.707560676003,4.163336342344E-16));
#6713 = VECTOR('',#6714,1.);
#6714 = DIRECTION('',(9.887923813068E-17,1.));
#6715 = ( GEOMETRIC_REPRESENTATION_CONTEXT(2) 
PARAMETRIC_REPRESENTATION_CONTEXT() REPRESENTATION_CONTEXT('2D SPACE',''
  ) );
#6716 = PCURVE('',#6321,#6717);
#6717 = DEFINITIONAL_REPRESENTATION('',(#6718),#6722);
#6718 = LINE('',#6719,#6720);
#6719 = CARTESIAN_POINT('',(0.,0.));
#6720 = VECTOR('',#6721,1.);
#6721 = DIRECTION('',(-2.775557561563E-17,-1.));
#6722 = ( GEOMETRIC_REPRESENTATION_CONTEXT(2) 
PARAMETRIC_REPRESENTATION_CONTEXT() REPRESENTATION_CONTEXT('2D SPACE',''
  ) );
#6723 = ORIENTED_EDGE('',*,*,#6570,.F.);
#6724 = ADVANCED_FACE('',(#6725),#6321,.T.);
#6725 = FACE_BOUND('',#6726,.T.);
#6726 = EDGE_LOOP('',(#6727,#6728,#6729,#6730));
#6727 = ORIENTED_EDGE('',*,*,#6303,.F.);
#6728 = ORIENTED_EDGE('',*,*,#6703,.T.);
#6729 = ORIENTED_EDGE('',*,*,#6545,.T.);
#6730 = ORIENTED_EDGE('',*,*,#6731,.F.);
#6731 = EDGE_CURVE('',#6306,#6548,#6732,.T.);
#6732 = SURFACE_CURVE('',#6733,(#6737,#6744),.PCURVE_S1.);
#6733 = LINE('',#6734,#6735);
#6734 = CARTESIAN_POINT('',(-26.76602264884,-10.56704509883,
    -41.79149205913));
#6735 = VECTOR('',#6736,1.);
#6736 = DIRECTION('',(-0.422618261741,-0.890876174691,0.166533618861));
#6737 = PCURVE('',#6321,#6738);
#6738 = DEFINITIONAL_REPRESENTATION('',(#6739),#6743);
#6739 = LINE('',#6740,#6741);
#6740 = CARTESIAN_POINT('',(30.415121352005,-8.881784197001E-16));
#6741 = VECTOR('',#6742,1.);
#6742 = DIRECTION('',(-2.775557561563E-17,-1.));
#6743 = ( GEOMETRIC_REPRESENTATION_CONTEXT(2) 
PARAMETRIC_REPRESENTATION_CONTEXT() REPRESENTATION_CONTEXT('2D SPACE',''
  ) );
#6744 = PCURVE('',#6483,#6745);
#6745 = DEFINITIONAL_REPRESENTATION('',(#6746),#6750);
#6746 = LINE('',#6747,#6748);
#6747 = CARTESIAN_POINT('',(14.707560676003,7.216449660064E-16));
#6748 = VECTOR('',#6749,1.);
#6749 = DIRECTION('',(9.887923813068E-17,1.));
#6750 = ( GEOMETRIC_REPRESENTATION_CONTEXT(2) 
PARAMETRIC_REPRESENTATION_CONTEXT() REPRESENTATION_CONTEXT('2D SPACE',''
  ) );
#6751 = ADVANCED_FACE('',(#6752),#6483,.T.);
#6752 = FACE_BOUND('',#6753,.T.);
#6753 = EDGE_LOOP('',(#6754,#6755,#6774,#6775));
#6754 = ORIENTED_EDGE('',*,*,#6677,.F.);
#6755 = ORIENTED_EDGE('',*,*,#6756,.F.);
#6756 = EDGE_CURVE('',#6440,#6649,#6757,.T.);
#6757 = SURFACE_CURVE('',#6758,(#6762,#6768),.PCURVE_S1.);
#6758 = LINE('',#6759,#6760);
#6759 = CARTESIAN_POINT('',(-33.61728154514,-9.004195946071,
    -42.08363919757));
#6760 = VECTOR('',#6761,1.);
#6761 = DIRECTION('',(-1.,0.,0.));
#6762 = PCURVE('',#6483,#6763);
#6763 = DEFINITIONAL_REPRESENTATION('',(#6764),#6767);
#6764 = B_SPLINE_CURVE_WITH_KNOTS('',1,(#6765,#6766),.UNSPECIFIED.,.F.,
  .F.,(2,2),(-3.65046954705,-1.144793705428),.PIECEWISE_BEZIER_KNOTS.);
#6765 = CARTESIAN_POINT('',(11.134730895726,-8.824536405598E-02));
#6766 = CARTESIAN_POINT('',(8.863817368674,0.970699004616));
#6767 = ( GEOMETRIC_REPRESENTATION_CONTEXT(2) 
PARAMETRIC_REPRESENTATION_CONTEXT() REPRESENTATION_CONTEXT('2D SPACE',''
  ) );
#6768 = PCURVE('',#6421,#6769);
#6769 = DEFINITIONAL_REPRESENTATION('',(#6770),#6773);
#6770 = B_SPLINE_CURVE_WITH_KNOTS('',1,(#6771,#6772),.UNSPECIFIED.,.F.,
  .F.,(2,2),(-3.65046954705,-1.144793705428),.PIECEWISE_BEZIER_KNOTS.);
#6771 = CARTESIAN_POINT('',(-0.729727656227,-3.65046954705));
#6772 = CARTESIAN_POINT('',(-0.729727656227,-1.144793705428));
#6773 = ( GEOMETRIC_REPRESENTATION_CONTEXT(2) 
PARAMETRIC_REPRESENTATION_CONTEXT() REPRESENTATION_CONTEXT('2D SPACE',''
  ) );
#6774 = ORIENTED_EDGE('',*,*,#6469,.T.);
#6775 = ORIENTED_EDGE('',*,*,#6731,.T.);
#6776 = ADVANCED_FACE('',(#6777),#6421,.T.);
#6777 = FACE_BOUND('',#6778,.F.);
#6778 = EDGE_LOOP('',(#6779,#6803,#6824,#6825,#6826,#6827,#6850,#6877,
    #6878));
#6779 = ORIENTED_EDGE('',*,*,#6780,.F.);
#6780 = EDGE_CURVE('',#6781,#6379,#6783,.T.);
#6781 = VERTEX_POINT('',#6782);
#6782 = CARTESIAN_POINT('',(-33.61728154514,-9.195908742307,
    -41.0304800275));
#6783 = SURFACE_CURVE('',#6784,(#6789,#6796),.PCURVE_S1.);
#6784 = CIRCLE('',#6785,1.5);
#6785 = AXIS2_PLACEMENT_3D('',#6786,#6787,#6788);
#6786 = CARTESIAN_POINT('',(-33.61728154514,-7.721449092781,
    -41.30610430422));
#6787 = DIRECTION('',(1.,0.,0.));
#6788 = DIRECTION('',(0.,-0.982973099684,0.183749517817));
#6789 = PCURVE('',#6421,#6790);
#6790 = DEFINITIONAL_REPRESENTATION('',(#6791),#6795);
#6791 = LINE('',#6792,#6793);
#6792 = CARTESIAN_POINT('',(-0.,0.));
#6793 = VECTOR('',#6794,1.);
#6794 = DIRECTION('',(-1.,0.));
#6795 = ( GEOMETRIC_REPRESENTATION_CONTEXT(2) 
PARAMETRIC_REPRESENTATION_CONTEXT() REPRESENTATION_CONTEXT('2D SPACE',''
  ) );
#6796 = PCURVE('',#6393,#6797);
#6797 = DEFINITIONAL_REPRESENTATION('',(#6798),#6802);
#6798 = CIRCLE('',#6799,1.5);
#6799 = AXIS2_PLACEMENT_2D('',#6800,#6801);
#6800 = CARTESIAN_POINT('',(0.,0.));
#6801 = DIRECTION('',(0.,-1.));
#6802 = ( GEOMETRIC_REPRESENTATION_CONTEXT(2) 
PARAMETRIC_REPRESENTATION_CONTEXT() REPRESENTATION_CONTEXT('2D SPACE',''
  ) );
#6803 = ORIENTED_EDGE('',*,*,#6804,.T.);
#6804 = EDGE_CURVE('',#6781,#6615,#6805,.T.);
#6805 = SURFACE_CURVE('',#6806,(#6810,#6817),.PCURVE_S1.);
#6806 = LINE('',#6807,#6808);
#6807 = CARTESIAN_POINT('',(-33.61728154514,-9.195908742307,
    -41.0304800275));
#6808 = VECTOR('',#6809,1.);
#6809 = DIRECTION('',(1.,0.,0.));
#6810 = PCURVE('',#6421,#6811);
#6811 = DEFINITIONAL_REPRESENTATION('',(#6812),#6816);
#6812 = LINE('',#6813,#6814);
#6813 = CARTESIAN_POINT('',(-0.,0.));
#6814 = VECTOR('',#6815,1.);
#6815 = DIRECTION('',(-0.,-1.));
#6816 = ( GEOMETRIC_REPRESENTATION_CONTEXT(2) 
PARAMETRIC_REPRESENTATION_CONTEXT() REPRESENTATION_CONTEXT('2D SPACE',''
  ) );
#6817 = PCURVE('',#6631,#6818);
#6818 = DEFINITIONAL_REPRESENTATION('',(#6819),#6823);
#6819 = LINE('',#6820,#6821);
#6820 = CARTESIAN_POINT('',(-6.28318530718,0.));
#6821 = VECTOR('',#6822,1.);
#6822 = DIRECTION('',(-0.,-1.));
#6823 = ( GEOMETRIC_REPRESENTATION_CONTEXT(2) 
PARAMETRIC_REPRESENTATION_CONTEXT() REPRESENTATION_CONTEXT('2D SPACE',''
  ) );
#6824 = ORIENTED_EDGE('',*,*,#6648,.F.);
#6825 = ORIENTED_EDGE('',*,*,#6756,.F.);
#6826 = ORIENTED_EDGE('',*,*,#6439,.T.);
#6827 = ORIENTED_EDGE('',*,*,#6828,.T.);
#6828 = EDGE_CURVE('',#6405,#6829,#6831,.T.);
#6829 = VERTEX_POINT('',#6830);
#6830 = CARTESIAN_POINT('',(-23.61728154514,-9.195908742307,
    -41.0304800275));
#6831 = SEAM_CURVE('',#6832,(#6836,#6843),.PCURVE_S1.);
#6832 = LINE('',#6833,#6834);
#6833 = CARTESIAN_POINT('',(-33.61728154514,-9.195908742307,
    -41.0304800275));
#6834 = VECTOR('',#6835,1.);
#6835 = DIRECTION('',(1.,0.,0.));
#6836 = PCURVE('',#6421,#6837);
#6837 = DEFINITIONAL_REPRESENTATION('',(#6838),#6842);
#6838 = LINE('',#6839,#6840);
#6839 = CARTESIAN_POINT('',(-0.,0.));
#6840 = VECTOR('',#6841,1.);
#6841 = DIRECTION('',(-0.,-1.));
#6842 = ( GEOMETRIC_REPRESENTATION_CONTEXT(2) 
PARAMETRIC_REPRESENTATION_CONTEXT() REPRESENTATION_CONTEXT('2D SPACE',''
  ) );
#6843 = PCURVE('',#6421,#6844);
#6844 = DEFINITIONAL_REPRESENTATION('',(#6845),#6849);
#6845 = LINE('',#6846,#6847);
#6846 = CARTESIAN_POINT('',(-6.28318530718,0.));
#6847 = VECTOR('',#6848,1.);
#6848 = DIRECTION('',(-0.,-1.));
#6849 = ( GEOMETRIC_REPRESENTATION_CONTEXT(2) 
PARAMETRIC_REPRESENTATION_CONTEXT() REPRESENTATION_CONTEXT('2D SPACE',''
  ) );
#6850 = ORIENTED_EDGE('',*,*,#6851,.T.);
#6851 = EDGE_CURVE('',#6829,#6829,#6852,.T.);
#6852 = SURFACE_CURVE('',#6853,(#6858,#6865),.PCURVE_S1.);
#6853 = CIRCLE('',#6854,1.5);
#6854 = AXIS2_PLACEMENT_3D('',#6855,#6856,#6857);
#6855 = CARTESIAN_POINT('',(-23.61728154514,-7.721449092781,
    -41.30610430422));
#6856 = DIRECTION('',(1.,0.,0.));
#6857 = DIRECTION('',(0.,-0.982973099684,0.183749517817));
#6858 = PCURVE('',#6421,#6859);
#6859 = DEFINITIONAL_REPRESENTATION('',(#6860),#6864);
#6860 = LINE('',#6861,#6862);
#6861 = CARTESIAN_POINT('',(-0.,-10.));
#6862 = VECTOR('',#6863,1.);
#6863 = DIRECTION('',(-1.,0.));
#6864 = ( GEOMETRIC_REPRESENTATION_CONTEXT(2) 
PARAMETRIC_REPRESENTATION_CONTEXT() REPRESENTATION_CONTEXT('2D SPACE',''
  ) );
#6865 = PCURVE('',#6866,#6871);
#6866 = PLANE('',#6867);
#6867 = AXIS2_PLACEMENT_3D('',#6868,#6869,#6870);
#6868 = CARTESIAN_POINT('',(-23.61728154514,-7.721449092781,
    -41.30610430422));
#6869 = DIRECTION('',(1.,0.,0.));
#6870 = DIRECTION('',(0.,-0.183749517817,-0.982973099684));
#6871 = DEFINITIONAL_REPRESENTATION('',(#6872),#6876);
#6872 = CIRCLE('',#6873,1.5);
#6873 = AXIS2_PLACEMENT_2D('',#6874,#6875);
#6874 = CARTESIAN_POINT('',(0.,0.));
#6875 = DIRECTION('',(0.,-1.));
#6876 = ( GEOMETRIC_REPRESENTATION_CONTEXT(2) 
PARAMETRIC_REPRESENTATION_CONTEXT() REPRESENTATION_CONTEXT('2D SPACE',''
  ) );
#6877 = ORIENTED_EDGE('',*,*,#6828,.F.);
#6878 = ORIENTED_EDGE('',*,*,#6404,.T.);
#6879 = ADVANCED_FACE('',(#6880),#6393,.F.);
#6880 = FACE_BOUND('',#6881,.F.);
#6881 = EDGE_LOOP('',(#6882,#6904,#6905,#6906,#6907));
#6882 = ORIENTED_EDGE('',*,*,#6883,.T.);
#6883 = EDGE_CURVE('',#6594,#6781,#6884,.T.);
#6884 = SURFACE_CURVE('',#6885,(#6890,#6897),.PCURVE_S1.);
#6885 = CIRCLE('',#6886,1.5);
#6886 = AXIS2_PLACEMENT_3D('',#6887,#6888,#6889);
#6887 = CARTESIAN_POINT('',(-33.61728154514,-7.721449092781,
    -41.30610430422));
#6888 = DIRECTION('',(1.,0.,0.));
#6889 = DIRECTION('',(0.,-0.982973099684,0.183749517817));
#6890 = PCURVE('',#6393,#6891);
#6891 = DEFINITIONAL_REPRESENTATION('',(#6892),#6896);
#6892 = CIRCLE('',#6893,1.5);
#6893 = AXIS2_PLACEMENT_2D('',#6894,#6895);
#6894 = CARTESIAN_POINT('',(0.,0.));
#6895 = DIRECTION('',(0.,-1.));
#6896 = ( GEOMETRIC_REPRESENTATION_CONTEXT(2) 
PARAMETRIC_REPRESENTATION_CONTEXT() REPRESENTATION_CONTEXT('2D SPACE',''
  ) );
#6897 = PCURVE('',#6631,#6898);
#6898 = DEFINITIONAL_REPRESENTATION('',(#6899),#6903);
#6899 = LINE('',#6900,#6901);
#6900 = CARTESIAN_POINT('',(-0.,0.));
#6901 = VECTOR('',#6902,1.);
#6902 = DIRECTION('',(-1.,0.));
#6903 = ( GEOMETRIC_REPRESENTATION_CONTEXT(2) 
PARAMETRIC_REPRESENTATION_CONTEXT() REPRESENTATION_CONTEXT('2D SPACE',''
  ) );
#6904 = ORIENTED_EDGE('',*,*,#6780,.T.);
#6905 = ORIENTED_EDGE('',*,*,#6378,.F.);
#6906 = ORIENTED_EDGE('',*,*,#6523,.T.);
#6907 = ORIENTED_EDGE('',*,*,#6593,.T.);
#6908 = ADVANCED_FACE('',(#6909),#6631,.T.);
#6909 = FACE_BOUND('',#6910,.F.);
#6910 = EDGE_LOOP('',(#6911,#6912,#6913));
#6911 = ORIENTED_EDGE('',*,*,#6883,.F.);
#6912 = ORIENTED_EDGE('',*,*,#6614,.F.);
#6913 = ORIENTED_EDGE('',*,*,#6804,.F.);
#6914 = ADVANCED_FACE('',(#6915),#6866,.T.);
#6915 = FACE_BOUND('',#6916,.T.);
#6916 = EDGE_LOOP('',(#6917));
#6917 = ORIENTED_EDGE('',*,*,#6851,.T.);
#6918 = ( GEOMETRIC_REPRESENTATION_CONTEXT(3) 
GLOBAL_UNCERTAINTY_ASSIGNED_CONTEXT((#6922)) 
GLOBAL_UNIT_ASSIGNED_CONTEXT((#6919,#6920,#6921)) REPRESENTATION_CONTEXT
('Context #1','3D Context with UNIT and UNCERTAINTY') );
#6919 = ( LENGTH_UNIT() NAMED_UNIT(*) SI_UNIT(.MILLI.,.METRE.) );
#6920 = ( NAMED_UNIT(*) PLANE_ANGLE_UNIT() SI_UNIT($,.RADIAN.) );
#6921 = ( NAMED_UNIT(*) SI_UNIT($,.STERADIAN.) SOLID_ANGLE_UNIT() );
#6922 = UNCERTAINTY_MEASURE_WITH_UNIT(LENGTH_MEASURE(1.E-07),#6919,
  'distance_accuracy_value','confusion accuracy');
#6923 = CONTEXT_DEPENDENT_SHAPE_REPRESENTATION(#6924,#6926);
#6924 = ( REPRESENTATION_RELATIONSHIP('','',#6176,#10) 
REPRESENTATION_RELATIONSHIP_WITH_TRANSFORMATION(#6925) 
SHAPE_REPRESENTATION_RELATIONSHIP() );
#6925 = ITEM_DEFINED_TRANSFORMATION('','',#11,#47);
#6926 = PRODUCT_DEFINITION_SHAPE('Placement','Placement of an item',
  #6927);
#6927 = NEXT_ASSEMBLY_USAGE_OCCURRENCE('9','','',#5,#6171,$);
#6928 = PRODUCT_RELATED_PRODUCT_CATEGORY('part',$,(#6173));
#6929 = SHAPE_DEFINITION_REPRESENTATION(#6930,#6936);
#6930 = PRODUCT_DEFINITION_SHAPE('','',#6931);
#6931 = PRODUCT_DEFINITION('design','',#6932,#6935);
#6932 = PRODUCT_DEFINITION_FORMATION('','',#6933);
#6933 = PRODUCT('Open CASCADE STEP translator 7.9 2.10',
  'Open CASCADE STEP translator 7.9 2.10','',(#6934));
#6934 = PRODUCT_CONTEXT('',#2,'mechanical');
#6935 = PRODUCT_DEFINITION_CONTEXT('part definition',#2,'design');
#6936 = ADVANCED_BREP_SHAPE_REPRESENTATION('',(#11,#6937),#7678);
#6937 = MANIFOLD_SOLID_BREP('',#6938);
#6938 = CLOSED_SHELL('',(#6939,#7059,#7254,#7301,#7457,#7484,#7511,#7536
    ,#7639,#7668,#7674));
#6939 = ADVANCED_FACE('',(#6940),#6954,.F.);
#6940 = FACE_BOUND('',#6941,.F.);
#6941 = EDGE_LOOP('',(#6942,#6977,#7005,#7033));
#6942 = ORIENTED_EDGE('',*,*,#6943,.F.);
#6943 = EDGE_CURVE('',#6944,#6946,#6948,.T.);
#6944 = VERTEX_POINT('',#6945);
#6945 = CARTESIAN_POINT('',(-40.09559941781,5.764438139715,
    -11.74728774824));
#6946 = VERTEX_POINT('',#6947);
#6947 = CARTESIAN_POINT('',(-40.09559941781,11.353202022478,
    -41.64453386089));
#6948 = SURFACE_CURVE('',#6949,(#6953,#6965),.PCURVE_S1.);
#6949 = LINE('',#6950,#6951);
#6950 = CARTESIAN_POINT('',(-40.09559941781,5.764438139715,
    -11.74728774824));
#6951 = VECTOR('',#6952,1.);
#6952 = DIRECTION('',(0.,0.183749517817,-0.982973099684));
#6953 = PCURVE('',#6954,#6959);
#6954 = PLANE('',#6955);
#6955 = AXIS2_PLACEMENT_3D('',#6956,#6957,#6958);
#6956 = CARTESIAN_POINT('',(-40.09559941781,5.764438139715,
    -11.74728774824));
#6957 = DIRECTION('',(0.906307787037,-0.415422382726,-7.765590181533E-02
    ));
#6958 = DIRECTION('',(0.,0.183749517817,-0.982973099684));
#6959 = DEFINITIONAL_REPRESENTATION('',(#6960),#6964);
#6960 = LINE('',#6961,#6962);
#6961 = CARTESIAN_POINT('',(0.,0.));
#6962 = VECTOR('',#6963,1.);
#6963 = DIRECTION('',(1.,2.775557561563E-17));
#6964 = ( GEOMETRIC_REPRESENTATION_CONTEXT(2) 
PARAMETRIC_REPRESENTATION_CONTEXT() REPRESENTATION_CONTEXT('2D SPACE',''
  ) );
#6965 = PCURVE('',#6966,#6971);
#6966 = PLANE('',#6967);
#6967 = AXIS2_PLACEMENT_3D('',#6968,#6969,#6970);
#6968 = CARTESIAN_POINT('',(-40.09559941781,5.764438139715,
    -11.74728774824));
#6969 = DIRECTION('',(-0.422618261741,-0.890876174691,-0.166533618861));
#6970 = DIRECTION('',(0.,0.183749517817,-0.982973099684));
#6971 = DEFINITIONAL_REPRESENTATION('',(#6972),#6976);
#6972 = LINE('',#6973,#6974);
#6973 = CARTESIAN_POINT('',(0.,0.));
#6974 = VECTOR('',#6975,1.);
#6975 = DIRECTION('',(1.,-1.387778780781E-17));
#6976 = ( GEOMETRIC_REPRESENTATION_CONTEXT(2) 
PARAMETRIC_REPRESENTATION_CONTEXT() REPRESENTATION_CONTEXT('2D SPACE',''
  ) );
#6977 = ORIENTED_EDGE('',*,*,#6978,.T.);
#6978 = EDGE_CURVE('',#6944,#6979,#6981,.T.);
#6979 = VERTEX_POINT('',#6980);
#6980 = CARTESIAN_POINT('',(-40.46854044145,4.97828121607,
    -11.89424594648));
#6981 = SURFACE_CURVE('',#6982,(#6986,#6993),.PCURVE_S1.);
#6982 = LINE('',#6983,#6984);
#6983 = CARTESIAN_POINT('',(-40.09559941781,5.764438139715,
    -11.74728774824));
#6984 = VECTOR('',#6985,1.);
#6985 = DIRECTION('',(-0.422618261741,-0.890876174691,-0.166533618861));
#6986 = PCURVE('',#6954,#6987);
#6987 = DEFINITIONAL_REPRESENTATION('',(#6988),#6992);
#6988 = LINE('',#6989,#6990);
#6989 = CARTESIAN_POINT('',(0.,0.));
#6990 = VECTOR('',#6991,1.);
#6991 = DIRECTION('',(-2.775557561563E-17,-1.));
#6992 = ( GEOMETRIC_REPRESENTATION_CONTEXT(2) 
PARAMETRIC_REPRESENTATION_CONTEXT() REPRESENTATION_CONTEXT('2D SPACE',''
  ) );
#6993 = PCURVE('',#6994,#6999);
#6994 = PLANE('',#6995);
#6995 = AXIS2_PLACEMENT_3D('',#6996,#6997,#6998);
#6996 = CARTESIAN_POINT('',(-40.09559941781,5.764438139715,
    -11.74728774824));
#6997 = DIRECTION('',(0.,0.183749517817,-0.982973099684));
#6998 = DIRECTION('',(0.906307787037,-0.415422382726,-7.765590181533E-02
    ));
#6999 = DEFINITIONAL_REPRESENTATION('',(#7000),#7004);
#7000 = LINE('',#7001,#7002);
#7001 = CARTESIAN_POINT('',(0.,-0.));
#7002 = VECTOR('',#7003,1.);
#7003 = DIRECTION('',(1.301042606983E-16,1.));
#7004 = ( GEOMETRIC_REPRESENTATION_CONTEXT(2) 
PARAMETRIC_REPRESENTATION_CONTEXT() REPRESENTATION_CONTEXT('2D SPACE',''
  ) );
#7005 = ORIENTED_EDGE('',*,*,#7006,.T.);
#7006 = EDGE_CURVE('',#6979,#7007,#7009,.T.);
#7007 = VERTEX_POINT('',#7008);
#7008 = CARTESIAN_POINT('',(-40.46854044145,10.567045098834,
    -41.79149205913));
#7009 = SURFACE_CURVE('',#7010,(#7014,#7021),.PCURVE_S1.);
#7010 = LINE('',#7011,#7012);
#7011 = CARTESIAN_POINT('',(-40.46854044145,4.97828121607,
    -11.89424594648));
#7012 = VECTOR('',#7013,1.);
#7013 = DIRECTION('',(0.,0.183749517817,-0.982973099684));
#7014 = PCURVE('',#6954,#7015);
#7015 = DEFINITIONAL_REPRESENTATION('',(#7016),#7020);
#7016 = LINE('',#7017,#7018);
#7017 = CARTESIAN_POINT('',(-4.440892098501E-16,-0.88245364056));
#7018 = VECTOR('',#7019,1.);
#7019 = DIRECTION('',(1.,2.775557561563E-17));
#7020 = ( GEOMETRIC_REPRESENTATION_CONTEXT(2) 
PARAMETRIC_REPRESENTATION_CONTEXT() REPRESENTATION_CONTEXT('2D SPACE',''
  ) );
#7021 = PCURVE('',#7022,#7027);
#7022 = PLANE('',#7023);
#7023 = AXIS2_PLACEMENT_3D('',#7024,#7025,#7026);
#7024 = CARTESIAN_POINT('',(-40.46854044145,4.97828121607,
    -11.89424594648));
#7025 = DIRECTION('',(-0.422618261741,-0.890876174691,-0.166533618861));
#7026 = DIRECTION('',(0.,0.183749517817,-0.982973099684));
#7027 = DEFINITIONAL_REPRESENTATION('',(#7028),#7032);
#7028 = LINE('',#7029,#7030);
#7029 = CARTESIAN_POINT('',(0.,0.));
#7030 = VECTOR('',#7031,1.);
#7031 = DIRECTION('',(1.,-1.387778780781E-17));
#7032 = ( GEOMETRIC_REPRESENTATION_CONTEXT(2) 
PARAMETRIC_REPRESENTATION_CONTEXT() REPRESENTATION_CONTEXT('2D SPACE',''
  ) );
#7033 = ORIENTED_EDGE('',*,*,#7034,.F.);
#7034 = EDGE_CURVE('',#6946,#7007,#7035,.T.);
#7035 = SURFACE_CURVE('',#7036,(#7040,#7047),.PCURVE_S1.);
#7036 = LINE('',#7037,#7038);
#7037 = CARTESIAN_POINT('',(-40.09559941781,11.353202022478,
    -41.64453386089));
#7038 = VECTOR('',#7039,1.);
#7039 = DIRECTION('',(-0.422618261741,-0.890876174691,-0.166533618861));
#7040 = PCURVE('',#6954,#7041);
#7041 = DEFINITIONAL_REPRESENTATION('',(#7042),#7046);
#7042 = LINE('',#7043,#7044);
#7043 = CARTESIAN_POINT('',(30.415121352005,0.));
#7044 = VECTOR('',#7045,1.);
#7045 = DIRECTION('',(-2.775557561563E-17,-1.));
#7046 = ( GEOMETRIC_REPRESENTATION_CONTEXT(2) 
PARAMETRIC_REPRESENTATION_CONTEXT() REPRESENTATION_CONTEXT('2D SPACE',''
  ) );
#7047 = PCURVE('',#7048,#7053);
#7048 = PLANE('',#7049);
#7049 = AXIS2_PLACEMENT_3D('',#7050,#7051,#7052);
#7050 = CARTESIAN_POINT('',(-40.09559941781,11.353202022478,
    -41.64453386089));
#7051 = DIRECTION('',(0.,0.183749517817,-0.982973099684));
#7052 = DIRECTION('',(0.906307787037,-0.415422382726,-7.765590181533E-02
    ));
#7053 = DEFINITIONAL_REPRESENTATION('',(#7054),#7058);
#7054 = LINE('',#7055,#7056);
#7055 = CARTESIAN_POINT('',(0.,-0.));
#7056 = VECTOR('',#7057,1.);
#7057 = DIRECTION('',(1.301042606983E-16,1.));
#7058 = ( GEOMETRIC_REPRESENTATION_CONTEXT(2) 
PARAMETRIC_REPRESENTATION_CONTEXT() REPRESENTATION_CONTEXT('2D SPACE',''
  ) );
#7059 = ADVANCED_FACE('',(#7060),#6966,.F.);
#7060 = FACE_BOUND('',#7061,.F.);
#7061 = EDGE_LOOP('',(#7062,#7092,#7113,#7114,#7137,#7163,#7198,#7228));
#7062 = ORIENTED_EDGE('',*,*,#7063,.F.);
#7063 = EDGE_CURVE('',#7064,#7066,#7068,.T.);
#7064 = VERTEX_POINT('',#7065);
#7065 = CARTESIAN_POINT('',(-26.76602264884,-0.345411760402,
    -12.88941663604));
#7066 = VERTEX_POINT('',#7067);
#7067 = CARTESIAN_POINT('',(-26.76602264884,5.243352122362,
    -42.78666274869));
#7068 = SURFACE_CURVE('',#7069,(#7073,#7080),.PCURVE_S1.);
#7069 = LINE('',#7070,#7071);
#7070 = CARTESIAN_POINT('',(-26.76602264884,-0.345411760402,
    -12.88941663604));
#7071 = VECTOR('',#7072,1.);
#7072 = DIRECTION('',(0.,0.183749517817,-0.982973099684));
#7073 = PCURVE('',#6966,#7074);
#7074 = DEFINITIONAL_REPRESENTATION('',(#7075),#7079);
#7075 = LINE('',#7076,#7077);
#7076 = CARTESIAN_POINT('',(-4.440892098501E-16,14.707560676003));
#7077 = VECTOR('',#7078,1.);
#7078 = DIRECTION('',(1.,-1.387778780781E-17));
#7079 = ( GEOMETRIC_REPRESENTATION_CONTEXT(2) 
PARAMETRIC_REPRESENTATION_CONTEXT() REPRESENTATION_CONTEXT('2D SPACE',''
  ) );
#7080 = PCURVE('',#7081,#7086);
#7081 = PLANE('',#7082);
#7082 = AXIS2_PLACEMENT_3D('',#7083,#7084,#7085);
#7083 = CARTESIAN_POINT('',(-26.76602264884,-0.345411760402,
    -12.88941663604));
#7084 = DIRECTION('',(0.906307787037,-0.415422382726,-7.765590181533E-02
    ));
#7085 = DIRECTION('',(0.,0.183749517817,-0.982973099684));
#7086 = DEFINITIONAL_REPRESENTATION('',(#7087),#7091);
#7087 = LINE('',#7088,#7089);
#7088 = CARTESIAN_POINT('',(0.,0.));
#7089 = VECTOR('',#7090,1.);
#7090 = DIRECTION('',(1.,2.775557561563E-17));
#7091 = ( GEOMETRIC_REPRESENTATION_CONTEXT(2) 
PARAMETRIC_REPRESENTATION_CONTEXT() REPRESENTATION_CONTEXT('2D SPACE',''
  ) );
#7092 = ORIENTED_EDGE('',*,*,#7093,.F.);
#7093 = EDGE_CURVE('',#6944,#7064,#7094,.T.);
#7094 = SURFACE_CURVE('',#7095,(#7099,#7106),.PCURVE_S1.);
#7095 = LINE('',#7096,#7097);
#7096 = CARTESIAN_POINT('',(-40.09559941781,5.764438139715,
    -11.74728774824));
#7097 = VECTOR('',#7098,1.);
#7098 = DIRECTION('',(0.906307787037,-0.415422382726,-7.765590181533E-02
    ));
#7099 = PCURVE('',#6966,#7100);
#7100 = DEFINITIONAL_REPRESENTATION('',(#7101),#7105);
#7101 = LINE('',#7102,#7103);
#7102 = CARTESIAN_POINT('',(0.,0.));
#7103 = VECTOR('',#7104,1.);
#7104 = DIRECTION('',(-1.387778780781E-17,1.));
#7105 = ( GEOMETRIC_REPRESENTATION_CONTEXT(2) 
PARAMETRIC_REPRESENTATION_CONTEXT() REPRESENTATION_CONTEXT('2D SPACE',''
  ) );
#7106 = PCURVE('',#6994,#7107);
#7107 = DEFINITIONAL_REPRESENTATION('',(#7108),#7112);
#7108 = LINE('',#7109,#7110);
#7109 = CARTESIAN_POINT('',(0.,-0.));
#7110 = VECTOR('',#7111,1.);
#7111 = DIRECTION('',(1.,1.301042606983E-16));
#7112 = ( GEOMETRIC_REPRESENTATION_CONTEXT(2) 
PARAMETRIC_REPRESENTATION_CONTEXT() REPRESENTATION_CONTEXT('2D SPACE',''
  ) );
#7113 = ORIENTED_EDGE('',*,*,#6943,.T.);
#7114 = ORIENTED_EDGE('',*,*,#7115,.T.);
#7115 = EDGE_CURVE('',#6946,#7116,#7118,.T.);
#7116 = VERTEX_POINT('',#7117);
#7117 = CARTESIAN_POINT('',(-33.61728154514,8.383749166378,
    -42.19962080138));
#7118 = SURFACE_CURVE('',#7119,(#7123,#7130),.PCURVE_S1.);
#7119 = LINE('',#7120,#7121);
#7120 = CARTESIAN_POINT('',(-40.09559941781,11.353202022478,
    -41.64453386089));
#7121 = VECTOR('',#7122,1.);
#7122 = DIRECTION('',(0.906307787037,-0.415422382726,-7.765590181533E-02
    ));
#7123 = PCURVE('',#6966,#7124);
#7124 = DEFINITIONAL_REPRESENTATION('',(#7125),#7129);
#7125 = LINE('',#7126,#7127);
#7126 = CARTESIAN_POINT('',(30.415121352005,0.));
#7127 = VECTOR('',#7128,1.);
#7128 = DIRECTION('',(-1.387778780781E-17,1.));
#7129 = ( GEOMETRIC_REPRESENTATION_CONTEXT(2) 
PARAMETRIC_REPRESENTATION_CONTEXT() REPRESENTATION_CONTEXT('2D SPACE',''
  ) );
#7130 = PCURVE('',#7048,#7131);
#7131 = DEFINITIONAL_REPRESENTATION('',(#7132),#7136);
#7132 = LINE('',#7133,#7134);
#7133 = CARTESIAN_POINT('',(0.,-0.));
#7134 = VECTOR('',#7135,1.);
#7135 = DIRECTION('',(1.,1.301042606983E-16));
#7136 = ( GEOMETRIC_REPRESENTATION_CONTEXT(2) 
PARAMETRIC_REPRESENTATION_CONTEXT() REPRESENTATION_CONTEXT('2D SPACE',''
  ) );
#7137 = ORIENTED_EDGE('',*,*,#7138,.T.);
#7138 = EDGE_CURVE('',#7116,#7139,#7141,.T.);
#7139 = VERTEX_POINT('',#7140);
#7140 = CARTESIAN_POINT('',(-33.61728154514,7.93929625736,
    -39.82200773968));
#7141 = SURFACE_CURVE('',#7142,(#7146,#7152),.PCURVE_S1.);
#7142 = LINE('',#7143,#7144);
#7143 = CARTESIAN_POINT('',(-33.61728154514,5.497492466088,
    -26.75951119521));
#7144 = VECTOR('',#7145,1.);
#7145 = DIRECTION('',(0.,-0.183749517817,0.982973099684));
#7146 = PCURVE('',#6966,#7147);
#7147 = DEFINITIONAL_REPRESENTATION('',(#7148),#7151);
#7148 = B_SPLINE_CURVE_WITH_KNOTS('',1,(#7149,#7150),.UNSPECIFIED.,.F.,
  .F.,(2,2),(-15.707560676,-13.207560676),.PIECEWISE_BEZIER_KNOTS.);
#7149 = CARTESIAN_POINT('',(30.415121352005,7.148032892721));
#7150 = CARTESIAN_POINT('',(27.915121352005,7.148032892721));
#7151 = ( GEOMETRIC_REPRESENTATION_CONTEXT(2) 
PARAMETRIC_REPRESENTATION_CONTEXT() REPRESENTATION_CONTEXT('2D SPACE',''
  ) );
#7152 = PCURVE('',#7153,#7158);
#7153 = PLANE('',#7154);
#7154 = AXIS2_PLACEMENT_3D('',#7155,#7156,#7157);
#7155 = CARTESIAN_POINT('',(-33.61728154514,7.721449092781,
    -41.30610430422));
#7156 = DIRECTION('',(1.,0.,0.));
#7157 = DIRECTION('',(0.,0.183749517817,-0.982973099684));
#7158 = DEFINITIONAL_REPRESENTATION('',(#7159),#7162);
#7159 = B_SPLINE_CURVE_WITH_KNOTS('',1,(#7160,#7161),.UNSPECIFIED.,.F.,
  .F.,(2,2),(-15.707560676,-13.207560676),.PIECEWISE_BEZIER_KNOTS.);
#7160 = CARTESIAN_POINT('',(1.,0.486839930751));
#7161 = CARTESIAN_POINT('',(-1.5,0.486839930751));
#7162 = ( GEOMETRIC_REPRESENTATION_CONTEXT(2) 
PARAMETRIC_REPRESENTATION_CONTEXT() REPRESENTATION_CONTEXT('2D SPACE',''
  ) );
#7163 = ORIENTED_EDGE('',*,*,#7164,.F.);
#7164 = EDGE_CURVE('',#7165,#7139,#7167,.T.);
#7165 = VERTEX_POINT('',#7166);
#7166 = CARTESIAN_POINT('',(-29.3564895637,6.246989443255,
    -41.58172858095));
#7167 = SURFACE_CURVE('',#7168,(#7173,#7180),.PCURVE_S1.);
#7168 = ELLIPSE('',#7169,3.549302374729,1.5);
#7169 = AXIS2_PLACEMENT_3D('',#7170,#7171,#7172);
#7170 = CARTESIAN_POINT('',(-32.57324994447,7.721449092781,
    -41.30610430422));
#7171 = DIRECTION('',(-0.422618261741,-0.890876174691,-0.166533618861));
#7172 = DIRECTION('',(-0.906307787037,0.415422382726,7.765590181533E-02)
  );
#7173 = PCURVE('',#6966,#7174);
#7174 = DEFINITIONAL_REPRESENTATION('',(#7175),#7179);
#7175 = ELLIPSE('',#7176,3.549302374729,1.5);
#7176 = AXIS2_PLACEMENT_2D('',#7177,#7178);
#7177 = CARTESIAN_POINT('',(29.415121352005,8.299994307606));
#7178 = DIRECTION('',(-1.387778780781E-17,-1.));
#7179 = ( GEOMETRIC_REPRESENTATION_CONTEXT(2) 
PARAMETRIC_REPRESENTATION_CONTEXT() REPRESENTATION_CONTEXT('2D SPACE',''
  ) );
#7180 = PCURVE('',#7181,#7186);
#7181 = CYLINDRICAL_SURFACE('',#7182,1.5);
#7182 = AXIS2_PLACEMENT_3D('',#7183,#7184,#7185);
#7183 = CARTESIAN_POINT('',(-33.61728154514,7.721449092781,
    -41.30610430422));
#7184 = DIRECTION('',(-1.,0.,0.));
#7185 = DIRECTION('',(0.,-0.982973099684,-0.183749517817));
#7186 = DEFINITIONAL_REPRESENTATION('',(#7187),#7197);
#7187 = B_SPLINE_CURVE_WITH_KNOTS('',8,(#7188,#7189,#7190,#7191,#7192,
    #7193,#7194,#7195,#7196),.UNSPECIFIED.,.F.,.F.,(9,9),(3.14159265359,
    5.042935637106),.PIECEWISE_BEZIER_KNOTS.);
#7188 = CARTESIAN_POINT('',(-6.28318530718,-4.26079198144));
#7189 = CARTESIAN_POINT('',(-6.04551743424,-4.26079198144));
#7190 = CARTESIAN_POINT('',(-5.807849561302,-4.053131704456));
#7191 = CARTESIAN_POINT('',(-5.570181688358,-3.637818874991));
#7192 = CARTESIAN_POINT('',(-5.332513815424,-3.039844771458));
#7193 = CARTESIAN_POINT('',(-5.094845942476,-2.309344507428));
#7194 = CARTESIAN_POINT('',(-4.857178069544,-1.513664959145));
#7195 = CARTESIAN_POINT('',(-4.619510196603,-0.72313272222));
#7196 = CARTESIAN_POINT('',(-4.381842323664,5.999999999062E-07));
#7197 = ( GEOMETRIC_REPRESENTATION_CONTEXT(2) 
PARAMETRIC_REPRESENTATION_CONTEXT() REPRESENTATION_CONTEXT('2D SPACE',''
  ) );
#7198 = ORIENTED_EDGE('',*,*,#7199,.F.);
#7199 = EDGE_CURVE('',#7200,#7165,#7202,.T.);
#7200 = VERTEX_POINT('',#7201);
#7201 = CARTESIAN_POINT('',(-30.17561831823,6.806201275124,
    -42.49451561024));
#7202 = SURFACE_CURVE('',#7203,(#7208,#7215),.PCURVE_S1.);
#7203 = ELLIPSE('',#7204,3.549302374729,1.5);
#7204 = AXIS2_PLACEMENT_3D('',#7205,#7206,#7207);
#7205 = CARTESIAN_POINT('',(-32.57324994447,7.721449092781,
    -41.30610430422));
#7206 = DIRECTION('',(-0.422618261741,-0.890876174691,-0.166533618861));
#7207 = DIRECTION('',(-0.906307787037,0.415422382726,7.765590181533E-02)
  );
#7208 = PCURVE('',#6966,#7209);
#7209 = DEFINITIONAL_REPRESENTATION('',(#7210),#7214);
#7210 = ELLIPSE('',#7211,3.549302374729,1.5);
#7211 = AXIS2_PLACEMENT_2D('',#7212,#7213);
#7212 = CARTESIAN_POINT('',(29.415121352005,8.299994307606));
#7213 = DIRECTION('',(-1.387778780781E-17,-1.));
#7214 = ( GEOMETRIC_REPRESENTATION_CONTEXT(2) 
PARAMETRIC_REPRESENTATION_CONTEXT() REPRESENTATION_CONTEXT('2D SPACE',''
  ) );
#7215 = PCURVE('',#7181,#7216);
#7216 = DEFINITIONAL_REPRESENTATION('',(#7217),#7227);
#7217 = B_SPLINE_CURVE_WITH_KNOTS('',8,(#7218,#7219,#7220,#7221,#7222,
    #7223,#7224,#7225,#7226),.UNSPECIFIED.,.F.,.F.,(9,9),(1.240249670074
    ,3.14159265359),.PIECEWISE_BEZIER_KNOTS.);
#7218 = CARTESIAN_POINT('',(-1.901342983516,5.999999999062E-07));
#7219 = CARTESIAN_POINT('',(-1.663675110576,-0.72313272222));
#7220 = CARTESIAN_POINT('',(-1.426007237636,-1.513664959146));
#7221 = CARTESIAN_POINT('',(-1.188339364697,-2.309344507421));
#7222 = CARTESIAN_POINT('',(-0.950671491756,-3.039844771456));
#7223 = CARTESIAN_POINT('',(-0.713003618818,-3.637818874988));
#7224 = CARTESIAN_POINT('',(-0.475335745879,-4.05313170446));
#7225 = CARTESIAN_POINT('',(-0.237667872939,-4.26079198144));
#7226 = CARTESIAN_POINT('',(-4.736951571734E-15,-4.26079198144));
#7227 = ( GEOMETRIC_REPRESENTATION_CONTEXT(2) 
PARAMETRIC_REPRESENTATION_CONTEXT() REPRESENTATION_CONTEXT('2D SPACE',''
  ) );
#7228 = ORIENTED_EDGE('',*,*,#7229,.T.);
#7229 = EDGE_CURVE('',#7200,#7066,#7230,.T.);
#7230 = SURFACE_CURVE('',#7231,(#7235,#7242),.PCURVE_S1.);
#7231 = LINE('',#7232,#7233);
#7232 = CARTESIAN_POINT('',(-40.09559941781,11.353202022478,
    -41.64453386089));
#7233 = VECTOR('',#7234,1.);
#7234 = DIRECTION('',(0.906307787037,-0.415422382726,-7.765590181533E-02
    ));
#7235 = PCURVE('',#6966,#7236);
#7236 = DEFINITIONAL_REPRESENTATION('',(#7237),#7241);
#7237 = LINE('',#7238,#7239);
#7238 = CARTESIAN_POINT('',(30.415121352005,0.));
#7239 = VECTOR('',#7240,1.);
#7240 = DIRECTION('',(-1.387778780781E-17,1.));
#7241 = ( GEOMETRIC_REPRESENTATION_CONTEXT(2) 
PARAMETRIC_REPRESENTATION_CONTEXT() REPRESENTATION_CONTEXT('2D SPACE',''
  ) );
#7242 = PCURVE('',#7243,#7248);
#7243 = PLANE('',#7244);
#7244 = AXIS2_PLACEMENT_3D('',#7245,#7246,#7247);
#7245 = CARTESIAN_POINT('',(-40.09559941781,11.353202022478,
    -41.64453386089));
#7246 = DIRECTION('',(0.,0.183749517817,-0.982973099684));
#7247 = DIRECTION('',(0.906307787037,-0.415422382726,-7.765590181533E-02
    ));
#7248 = DEFINITIONAL_REPRESENTATION('',(#7249),#7253);
#7249 = LINE('',#7250,#7251);
#7250 = CARTESIAN_POINT('',(0.,-0.));
#7251 = VECTOR('',#7252,1.);
#7252 = DIRECTION('',(1.,1.301042606983E-16));
#7253 = ( GEOMETRIC_REPRESENTATION_CONTEXT(2) 
PARAMETRIC_REPRESENTATION_CONTEXT() REPRESENTATION_CONTEXT('2D SPACE',''
  ) );
#7254 = ADVANCED_FACE('',(#7255),#7048,.T.);
#7255 = FACE_BOUND('',#7256,.T.);
#7256 = EDGE_LOOP('',(#7257,#7280,#7281,#7282));
#7257 = ORIENTED_EDGE('',*,*,#7258,.F.);
#7258 = EDGE_CURVE('',#7007,#7259,#7261,.T.);
#7259 = VERTEX_POINT('',#7260);
#7260 = CARTESIAN_POINT('',(-33.61728154514,7.426648054818,
    -42.37853400644));
#7261 = SURFACE_CURVE('',#7262,(#7266,#7273),.PCURVE_S1.);
#7262 = LINE('',#7263,#7264);
#7263 = CARTESIAN_POINT('',(-40.46854044145,10.567045098834,
    -41.79149205913));
#7264 = VECTOR('',#7265,1.);
#7265 = DIRECTION('',(0.906307787037,-0.415422382726,-7.765590181533E-02
    ));
#7266 = PCURVE('',#7048,#7267);
#7267 = DEFINITIONAL_REPRESENTATION('',(#7268),#7272);
#7268 = LINE('',#7269,#7270);
#7269 = CARTESIAN_POINT('',(-1.972380592186E-15,0.88245364056));
#7270 = VECTOR('',#7271,1.);
#7271 = DIRECTION('',(1.,1.301042606983E-16));
#7272 = ( GEOMETRIC_REPRESENTATION_CONTEXT(2) 
PARAMETRIC_REPRESENTATION_CONTEXT() REPRESENTATION_CONTEXT('2D SPACE',''
  ) );
#7273 = PCURVE('',#7022,#7274);
#7274 = DEFINITIONAL_REPRESENTATION('',(#7275),#7279);
#7275 = LINE('',#7276,#7277);
#7276 = CARTESIAN_POINT('',(30.415121352005,0.));
#7277 = VECTOR('',#7278,1.);
#7278 = DIRECTION('',(-1.387778780781E-17,1.));
#7279 = ( GEOMETRIC_REPRESENTATION_CONTEXT(2) 
PARAMETRIC_REPRESENTATION_CONTEXT() REPRESENTATION_CONTEXT('2D SPACE',''
  ) );
#7280 = ORIENTED_EDGE('',*,*,#7034,.F.);
#7281 = ORIENTED_EDGE('',*,*,#7115,.T.);
#7282 = ORIENTED_EDGE('',*,*,#7283,.T.);
#7283 = EDGE_CURVE('',#7116,#7259,#7284,.T.);
#7284 = SURFACE_CURVE('',#7285,(#7289,#7295),.PCURVE_S1.);
#7285 = LINE('',#7286,#7287);
#7286 = CARTESIAN_POINT('',(-33.61728154514,9.629200316538,
    -41.9668056324));
#7287 = VECTOR('',#7288,1.);
#7288 = DIRECTION('',(0.,-0.982973099684,-0.183749517817));
#7289 = PCURVE('',#7048,#7290);
#7290 = DEFINITIONAL_REPRESENTATION('',(#7291),#7294);
#7291 = B_SPLINE_CURVE_WITH_KNOTS('',1,(#7292,#7293),.UNSPECIFIED.,.F.,
  .F.,(2,2),(1.267024652618,2.24070451412),.PIECEWISE_BEZIER_KNOTS.);
#7292 = CARTESIAN_POINT('',(7.148032892721,2.22044604925E-16));
#7293 = CARTESIAN_POINT('',(7.559527783281,0.88245364056));
#7294 = ( GEOMETRIC_REPRESENTATION_CONTEXT(2) 
PARAMETRIC_REPRESENTATION_CONTEXT() REPRESENTATION_CONTEXT('2D SPACE',''
  ) );
#7295 = PCURVE('',#7153,#7296);
#7296 = DEFINITIONAL_REPRESENTATION('',(#7297),#7300);
#7297 = B_SPLINE_CURVE_WITH_KNOTS('',1,(#7298,#7299),.UNSPECIFIED.,.F.,
  .F.,(2,2),(1.267024652618,2.24070451412),.PIECEWISE_BEZIER_KNOTS.);
#7298 = CARTESIAN_POINT('',(1.,0.486839930751));
#7299 = CARTESIAN_POINT('',(1.,-0.486839930751));
#7300 = ( GEOMETRIC_REPRESENTATION_CONTEXT(2) 
PARAMETRIC_REPRESENTATION_CONTEXT() REPRESENTATION_CONTEXT('2D SPACE',''
  ) );
#7301 = ADVANCED_FACE('',(#7302),#7022,.T.);
#7302 = FACE_BOUND('',#7303,.T.);
#7303 = EDGE_LOOP('',(#7304,#7329,#7350,#7351,#7352,#7373,#7407,#7436));
#7304 = ORIENTED_EDGE('',*,*,#7305,.F.);
#7305 = EDGE_CURVE('',#7306,#7308,#7310,.T.);
#7306 = VERTEX_POINT('',#7307);
#7307 = CARTESIAN_POINT('',(-27.13896367248,-1.131568684046,
    -13.03637483428));
#7308 = VERTEX_POINT('',#7309);
#7309 = CARTESIAN_POINT('',(-27.13896367248,4.457195198717,
    -42.93362094693));
#7310 = SURFACE_CURVE('',#7311,(#7315,#7322),.PCURVE_S1.);
#7311 = LINE('',#7312,#7313);
#7312 = CARTESIAN_POINT('',(-27.13896367248,-1.131568684046,
    -13.03637483428));
#7313 = VECTOR('',#7314,1.);
#7314 = DIRECTION('',(0.,0.183749517817,-0.982973099684));
#7315 = PCURVE('',#7022,#7316);
#7316 = DEFINITIONAL_REPRESENTATION('',(#7317),#7321);
#7317 = LINE('',#7318,#7319);
#7318 = CARTESIAN_POINT('',(-4.440892098501E-16,14.707560676003));
#7319 = VECTOR('',#7320,1.);
#7320 = DIRECTION('',(1.,-1.387778780781E-17));
#7321 = ( GEOMETRIC_REPRESENTATION_CONTEXT(2) 
PARAMETRIC_REPRESENTATION_CONTEXT() REPRESENTATION_CONTEXT('2D SPACE',''
  ) );
#7322 = PCURVE('',#7081,#7323);
#7323 = DEFINITIONAL_REPRESENTATION('',(#7324),#7328);
#7324 = LINE('',#7325,#7326);
#7325 = CARTESIAN_POINT('',(-5.273559366969E-16,-0.88245364056));
#7326 = VECTOR('',#7327,1.);
#7327 = DIRECTION('',(1.,2.775557561563E-17));
#7328 = ( GEOMETRIC_REPRESENTATION_CONTEXT(2) 
PARAMETRIC_REPRESENTATION_CONTEXT() REPRESENTATION_CONTEXT('2D SPACE',''
  ) );
#7329 = ORIENTED_EDGE('',*,*,#7330,.F.);
#7330 = EDGE_CURVE('',#6979,#7306,#7331,.T.);
#7331 = SURFACE_CURVE('',#7332,(#7336,#7343),.PCURVE_S1.);
#7332 = LINE('',#7333,#7334);
#7333 = CARTESIAN_POINT('',(-40.46854044145,4.97828121607,
    -11.89424594648));
#7334 = VECTOR('',#7335,1.);
#7335 = DIRECTION('',(0.906307787037,-0.415422382726,-7.765590181533E-02
    ));
#7336 = PCURVE('',#7022,#7337);
#7337 = DEFINITIONAL_REPRESENTATION('',(#7338),#7342);
#7338 = LINE('',#7339,#7340);
#7339 = CARTESIAN_POINT('',(0.,0.));
#7340 = VECTOR('',#7341,1.);
#7341 = DIRECTION('',(-1.387778780781E-17,1.));
#7342 = ( GEOMETRIC_REPRESENTATION_CONTEXT(2) 
PARAMETRIC_REPRESENTATION_CONTEXT() REPRESENTATION_CONTEXT('2D SPACE',''
  ) );
#7343 = PCURVE('',#6994,#7344);
#7344 = DEFINITIONAL_REPRESENTATION('',(#7345),#7349);
#7345 = LINE('',#7346,#7347);
#7346 = CARTESIAN_POINT('',(-2.610758831345E-15,0.88245364056));
#7347 = VECTOR('',#7348,1.);
#7348 = DIRECTION('',(1.,1.301042606983E-16));
#7349 = ( GEOMETRIC_REPRESENTATION_CONTEXT(2) 
PARAMETRIC_REPRESENTATION_CONTEXT() REPRESENTATION_CONTEXT('2D SPACE',''
  ) );
#7350 = ORIENTED_EDGE('',*,*,#7006,.T.);
#7351 = ORIENTED_EDGE('',*,*,#7258,.T.);
#7352 = ORIENTED_EDGE('',*,*,#7353,.T.);
#7353 = EDGE_CURVE('',#7259,#7354,#7356,.T.);
#7354 = VERTEX_POINT('',#7355);
#7355 = CARTESIAN_POINT('',(-33.61728154514,6.982195145799,
    -40.00092094474));
#7356 = SURFACE_CURVE('',#7357,(#7361,#7367),.PCURVE_S1.);
#7357 = LINE('',#7358,#7359);
#7358 = CARTESIAN_POINT('',(-33.61728154514,4.540391354528,
    -26.93842440027));
#7359 = VECTOR('',#7360,1.);
#7360 = DIRECTION('',(0.,-0.183749517817,0.982973099684));
#7361 = PCURVE('',#7022,#7362);
#7362 = DEFINITIONAL_REPRESENTATION('',(#7363),#7366);
#7363 = B_SPLINE_CURVE_WITH_KNOTS('',1,(#7364,#7365),.UNSPECIFIED.,.F.,
  .F.,(2,2),(-15.707560676,-13.207560676),.PIECEWISE_BEZIER_KNOTS.);
#7364 = CARTESIAN_POINT('',(30.415121352005,7.559527783281));
#7365 = CARTESIAN_POINT('',(27.915121352005,7.559527783281));
#7366 = ( GEOMETRIC_REPRESENTATION_CONTEXT(2) 
PARAMETRIC_REPRESENTATION_CONTEXT() REPRESENTATION_CONTEXT('2D SPACE',''
  ) );
#7367 = PCURVE('',#7153,#7368);
#7368 = DEFINITIONAL_REPRESENTATION('',(#7369),#7372);
#7369 = B_SPLINE_CURVE_WITH_KNOTS('',1,(#7370,#7371),.UNSPECIFIED.,.F.,
  .F.,(2,2),(-15.707560676,-13.207560676),.PIECEWISE_BEZIER_KNOTS.);
#7370 = CARTESIAN_POINT('',(1.,-0.486839930751));
#7371 = CARTESIAN_POINT('',(-1.5,-0.486839930751));
#7372 = ( GEOMETRIC_REPRESENTATION_CONTEXT(2) 
PARAMETRIC_REPRESENTATION_CONTEXT() REPRESENTATION_CONTEXT('2D SPACE',''
  ) );
#7373 = ORIENTED_EDGE('',*,*,#7374,.F.);
#7374 = EDGE_CURVE('',#7375,#7354,#7377,.T.);
#7375 = VERTEX_POINT('',#7376);
#7376 = CARTESIAN_POINT('',(-31.44455276506,6.246989443255,
    -41.58172858095));
#7377 = SURFACE_CURVE('',#7378,(#7383,#7390),.PCURVE_S1.);
#7378 = ELLIPSE('',#7379,3.549302374729,1.5);
#7379 = AXIS2_PLACEMENT_3D('',#7380,#7381,#7382);
#7380 = CARTESIAN_POINT('',(-34.66131314582,7.721449092781,
    -41.30610430422));
#7381 = DIRECTION('',(-0.422618261741,-0.890876174691,-0.166533618861));
#7382 = DIRECTION('',(-0.906307787037,0.415422382726,7.765590181533E-02)
  );
#7383 = PCURVE('',#7022,#7384);
#7384 = DEFINITIONAL_REPRESENTATION('',(#7385),#7389);
#7385 = ELLIPSE('',#7386,3.549302374729,1.5);
#7386 = AXIS2_PLACEMENT_2D('',#7387,#7388);
#7387 = CARTESIAN_POINT('',(29.415121352005,6.407566368396));
#7388 = DIRECTION('',(-1.387778780781E-17,-1.));
#7389 = ( GEOMETRIC_REPRESENTATION_CONTEXT(2) 
PARAMETRIC_REPRESENTATION_CONTEXT() REPRESENTATION_CONTEXT('2D SPACE',''
  ) );
#7390 = PCURVE('',#7391,#7396);
#7391 = CYLINDRICAL_SURFACE('',#7392,1.5);
#7392 = AXIS2_PLACEMENT_3D('',#7393,#7394,#7395);
#7393 = CARTESIAN_POINT('',(-33.61728154514,7.721449092781,
    -41.30610430422));
#7394 = DIRECTION('',(-1.,0.,0.));
#7395 = DIRECTION('',(0.,-0.982973099684,-0.183749517817));
#7396 = DEFINITIONAL_REPRESENTATION('',(#7397),#7406);
#7397 = B_SPLINE_CURVE_WITH_KNOTS('',7,(#7398,#7399,#7400,#7401,#7402,
    #7403,#7404,#7405),.UNSPECIFIED.,.F.,.F.,(8,8),(3.14159265359,
    4.38184271806),.PIECEWISE_BEZIER_KNOTS.);
#7398 = CARTESIAN_POINT('',(-6.28318530718,-2.172728780088));
#7399 = CARTESIAN_POINT('',(-6.106006726541,-2.172728780088));
#7400 = CARTESIAN_POINT('',(-5.928828145902,-2.054916646473));
#7401 = CARTESIAN_POINT('',(-5.751649565264,-1.819297034842));
#7402 = CARTESIAN_POINT('',(-5.574470984625,-1.474912375583));
#7403 = CARTESIAN_POINT('',(-5.397292403986,-1.039936753646));
#7404 = CARTESIAN_POINT('',(-5.220113823348,-0.539086788624));
#7405 = CARTESIAN_POINT('',(-5.042935242709,5.999999999062E-07));
#7406 = ( GEOMETRIC_REPRESENTATION_CONTEXT(2) 
PARAMETRIC_REPRESENTATION_CONTEXT() REPRESENTATION_CONTEXT('2D SPACE',''
  ) );
#7407 = ORIENTED_EDGE('',*,*,#7408,.F.);
#7408 = EDGE_CURVE('',#7409,#7375,#7411,.T.);
#7409 = VERTEX_POINT('',#7410);
#7410 = CARTESIAN_POINT('',(-32.26368151958,6.806201275124,
    -42.49451561024));
#7411 = SURFACE_CURVE('',#7412,(#7417,#7424),.PCURVE_S1.);
#7412 = ELLIPSE('',#7413,3.549302374729,1.5);
#7413 = AXIS2_PLACEMENT_3D('',#7414,#7415,#7416);
#7414 = CARTESIAN_POINT('',(-34.66131314582,7.721449092781,
    -41.30610430422));
#7415 = DIRECTION('',(-0.422618261741,-0.890876174691,-0.166533618861));
#7416 = DIRECTION('',(-0.906307787037,0.415422382726,7.765590181533E-02)
  );
#7417 = PCURVE('',#7022,#7418);
#7418 = DEFINITIONAL_REPRESENTATION('',(#7419),#7423);
#7419 = ELLIPSE('',#7420,3.549302374729,1.5);
#7420 = AXIS2_PLACEMENT_2D('',#7421,#7422);
#7421 = CARTESIAN_POINT('',(29.415121352005,6.407566368396));
#7422 = DIRECTION('',(-1.387778780781E-17,-1.));
#7423 = ( GEOMETRIC_REPRESENTATION_CONTEXT(2) 
PARAMETRIC_REPRESENTATION_CONTEXT() REPRESENTATION_CONTEXT('2D SPACE',''
  ) );
#7424 = PCURVE('',#7181,#7425);
#7425 = DEFINITIONAL_REPRESENTATION('',(#7426),#7435);
#7426 = B_SPLINE_CURVE_WITH_KNOTS('',7,(#7427,#7428,#7429,#7430,#7431,
    #7432,#7433,#7434),.UNSPECIFIED.,.F.,.F.,(8,8),(1.901342589119,
    3.14159265359),.PIECEWISE_BEZIER_KNOTS.);
#7427 = CARTESIAN_POINT('',(-1.240250064471,5.999999999062E-07));
#7428 = CARTESIAN_POINT('',(-1.063071483832,-0.539086788624));
#7429 = CARTESIAN_POINT('',(-0.885892903193,-1.039936753646));
#7430 = CARTESIAN_POINT('',(-0.708714322554,-1.474912375583));
#7431 = CARTESIAN_POINT('',(-0.531535741916,-1.819297034843));
#7432 = CARTESIAN_POINT('',(-0.354357161277,-2.054916646473));
#7433 = CARTESIAN_POINT('',(-0.177178580639,-2.172728780088));
#7434 = CARTESIAN_POINT('',(-4.736951571734E-15,-2.172728780088));
#7435 = ( GEOMETRIC_REPRESENTATION_CONTEXT(2) 
PARAMETRIC_REPRESENTATION_CONTEXT() REPRESENTATION_CONTEXT('2D SPACE',''
  ) );
#7436 = ORIENTED_EDGE('',*,*,#7437,.T.);
#7437 = EDGE_CURVE('',#7409,#7308,#7438,.T.);
#7438 = SURFACE_CURVE('',#7439,(#7443,#7450),.PCURVE_S1.);
#7439 = LINE('',#7440,#7441);
#7440 = CARTESIAN_POINT('',(-40.46854044145,10.567045098834,
    -41.79149205913));
#7441 = VECTOR('',#7442,1.);
#7442 = DIRECTION('',(0.906307787037,-0.415422382726,-7.765590181533E-02
    ));
#7443 = PCURVE('',#7022,#7444);
#7444 = DEFINITIONAL_REPRESENTATION('',(#7445),#7449);
#7445 = LINE('',#7446,#7447);
#7446 = CARTESIAN_POINT('',(30.415121352005,0.));
#7447 = VECTOR('',#7448,1.);
#7448 = DIRECTION('',(-1.387778780781E-17,1.));
#7449 = ( GEOMETRIC_REPRESENTATION_CONTEXT(2) 
PARAMETRIC_REPRESENTATION_CONTEXT() REPRESENTATION_CONTEXT('2D SPACE',''
  ) );
#7450 = PCURVE('',#7243,#7451);
#7451 = DEFINITIONAL_REPRESENTATION('',(#7452),#7456);
#7452 = LINE('',#7453,#7454);
#7453 = CARTESIAN_POINT('',(-1.972380592186E-15,0.88245364056));
#7454 = VECTOR('',#7455,1.);
#7455 = DIRECTION('',(1.,1.301042606983E-16));
#7456 = ( GEOMETRIC_REPRESENTATION_CONTEXT(2) 
PARAMETRIC_REPRESENTATION_CONTEXT() REPRESENTATION_CONTEXT('2D SPACE',''
  ) );
#7457 = ADVANCED_FACE('',(#7458),#6994,.F.);
#7458 = FACE_BOUND('',#7459,.F.);
#7459 = EDGE_LOOP('',(#7460,#7461,#7462,#7483));
#7460 = ORIENTED_EDGE('',*,*,#6978,.F.);
#7461 = ORIENTED_EDGE('',*,*,#7093,.T.);
#7462 = ORIENTED_EDGE('',*,*,#7463,.T.);
#7463 = EDGE_CURVE('',#7064,#7306,#7464,.T.);
#7464 = SURFACE_CURVE('',#7465,(#7469,#7476),.PCURVE_S1.);
#7465 = LINE('',#7466,#7467);
#7466 = CARTESIAN_POINT('',(-26.76602264884,-0.345411760402,
    -12.88941663604));
#7467 = VECTOR('',#7468,1.);
#7468 = DIRECTION('',(-0.422618261741,-0.890876174691,-0.166533618861));
#7469 = PCURVE('',#6994,#7470);
#7470 = DEFINITIONAL_REPRESENTATION('',(#7471),#7475);
#7471 = LINE('',#7472,#7473);
#7472 = CARTESIAN_POINT('',(14.707560676003,6.106226635438E-16));
#7473 = VECTOR('',#7474,1.);
#7474 = DIRECTION('',(1.301042606983E-16,1.));
#7475 = ( GEOMETRIC_REPRESENTATION_CONTEXT(2) 
PARAMETRIC_REPRESENTATION_CONTEXT() REPRESENTATION_CONTEXT('2D SPACE',''
  ) );
#7476 = PCURVE('',#7081,#7477);
#7477 = DEFINITIONAL_REPRESENTATION('',(#7478),#7482);
#7478 = LINE('',#7479,#7480);
#7479 = CARTESIAN_POINT('',(0.,0.));
#7480 = VECTOR('',#7481,1.);
#7481 = DIRECTION('',(-2.775557561563E-17,-1.));
#7482 = ( GEOMETRIC_REPRESENTATION_CONTEXT(2) 
PARAMETRIC_REPRESENTATION_CONTEXT() REPRESENTATION_CONTEXT('2D SPACE',''
  ) );
#7483 = ORIENTED_EDGE('',*,*,#7330,.F.);
#7484 = ADVANCED_FACE('',(#7485),#7081,.T.);
#7485 = FACE_BOUND('',#7486,.T.);
#7486 = EDGE_LOOP('',(#7487,#7488,#7489,#7490));
#7487 = ORIENTED_EDGE('',*,*,#7063,.F.);
#7488 = ORIENTED_EDGE('',*,*,#7463,.T.);
#7489 = ORIENTED_EDGE('',*,*,#7305,.T.);
#7490 = ORIENTED_EDGE('',*,*,#7491,.F.);
#7491 = EDGE_CURVE('',#7066,#7308,#7492,.T.);
#7492 = SURFACE_CURVE('',#7493,(#7497,#7504),.PCURVE_S1.);
#7493 = LINE('',#7494,#7495);
#7494 = CARTESIAN_POINT('',(-26.76602264884,5.243352122362,
    -42.78666274869));
#7495 = VECTOR('',#7496,1.);
#7496 = DIRECTION('',(-0.422618261741,-0.890876174691,-0.166533618861));
#7497 = PCURVE('',#7081,#7498);
#7498 = DEFINITIONAL_REPRESENTATION('',(#7499),#7503);
#7499 = LINE('',#7500,#7501);
#7500 = CARTESIAN_POINT('',(30.415121352005,0.));
#7501 = VECTOR('',#7502,1.);
#7502 = DIRECTION('',(-2.775557561563E-17,-1.));
#7503 = ( GEOMETRIC_REPRESENTATION_CONTEXT(2) 
PARAMETRIC_REPRESENTATION_CONTEXT() REPRESENTATION_CONTEXT('2D SPACE',''
  ) );
#7504 = PCURVE('',#7243,#7505);
#7505 = DEFINITIONAL_REPRESENTATION('',(#7506),#7510);
#7506 = LINE('',#7507,#7508);
#7507 = CARTESIAN_POINT('',(14.707560676003,1.804112415016E-15));
#7508 = VECTOR('',#7509,1.);
#7509 = DIRECTION('',(1.301042606983E-16,1.));
#7510 = ( GEOMETRIC_REPRESENTATION_CONTEXT(2) 
PARAMETRIC_REPRESENTATION_CONTEXT() REPRESENTATION_CONTEXT('2D SPACE',''
  ) );
#7511 = ADVANCED_FACE('',(#7512),#7243,.T.);
#7512 = FACE_BOUND('',#7513,.T.);
#7513 = EDGE_LOOP('',(#7514,#7515,#7534,#7535));
#7514 = ORIENTED_EDGE('',*,*,#7437,.F.);
#7515 = ORIENTED_EDGE('',*,*,#7516,.F.);
#7516 = EDGE_CURVE('',#7200,#7409,#7517,.T.);
#7517 = SURFACE_CURVE('',#7518,(#7522,#7528),.PCURVE_S1.);
#7518 = LINE('',#7519,#7520);
#7519 = CARTESIAN_POINT('',(-33.61728154514,6.806201275124,
    -42.49451561024));
#7520 = VECTOR('',#7521,1.);
#7521 = DIRECTION('',(-1.,0.,0.));
#7522 = PCURVE('',#7243,#7523);
#7523 = DEFINITIONAL_REPRESENTATION('',(#7524),#7527);
#7524 = B_SPLINE_CURVE_WITH_KNOTS('',1,(#7525,#7526),.UNSPECIFIED.,.F.,
  .F.,(2,2),(-3.65046954705,-1.144793705428),.PIECEWISE_BEZIER_KNOTS.);
#7525 = CARTESIAN_POINT('',(11.134730895726,-8.824536405598E-02));
#7526 = CARTESIAN_POINT('',(8.863817368674,0.970699004616));
#7527 = ( GEOMETRIC_REPRESENTATION_CONTEXT(2) 
PARAMETRIC_REPRESENTATION_CONTEXT() REPRESENTATION_CONTEXT('2D SPACE',''
  ) );
#7528 = PCURVE('',#7181,#7529);
#7529 = DEFINITIONAL_REPRESENTATION('',(#7530),#7533);
#7530 = B_SPLINE_CURVE_WITH_KNOTS('',1,(#7531,#7532),.UNSPECIFIED.,.F.,
  .F.,(2,2),(-3.65046954705,-1.144793705428),.PIECEWISE_BEZIER_KNOTS.);
#7531 = CARTESIAN_POINT('',(-0.729727656227,-3.65046954705));
#7532 = CARTESIAN_POINT('',(-0.729727656227,-1.144793705428));
#7533 = ( GEOMETRIC_REPRESENTATION_CONTEXT(2) 
PARAMETRIC_REPRESENTATION_CONTEXT() REPRESENTATION_CONTEXT('2D SPACE',''
  ) );
#7534 = ORIENTED_EDGE('',*,*,#7229,.T.);
#7535 = ORIENTED_EDGE('',*,*,#7491,.T.);
#7536 = ADVANCED_FACE('',(#7537),#7181,.T.);
#7537 = FACE_BOUND('',#7538,.F.);
#7538 = EDGE_LOOP('',(#7539,#7563,#7584,#7585,#7586,#7587,#7610,#7637,
    #7638));
#7539 = ORIENTED_EDGE('',*,*,#7540,.F.);
#7540 = EDGE_CURVE('',#7541,#7139,#7543,.T.);
#7541 = VERTEX_POINT('',#7542);
#7542 = CARTESIAN_POINT('',(-33.61728154514,6.246989443255,
    -41.58172858095));
#7543 = SURFACE_CURVE('',#7544,(#7549,#7556),.PCURVE_S1.);
#7544 = CIRCLE('',#7545,1.5);
#7545 = AXIS2_PLACEMENT_3D('',#7546,#7547,#7548);
#7546 = CARTESIAN_POINT('',(-33.61728154514,7.721449092781,
    -41.30610430422));
#7547 = DIRECTION('',(1.,0.,0.));
#7548 = DIRECTION('',(0.,-0.982973099684,-0.183749517817));
#7549 = PCURVE('',#7181,#7550);
#7550 = DEFINITIONAL_REPRESENTATION('',(#7551),#7555);
#7551 = LINE('',#7552,#7553);
#7552 = CARTESIAN_POINT('',(-0.,0.));
#7553 = VECTOR('',#7554,1.);
#7554 = DIRECTION('',(-1.,0.));
#7555 = ( GEOMETRIC_REPRESENTATION_CONTEXT(2) 
PARAMETRIC_REPRESENTATION_CONTEXT() REPRESENTATION_CONTEXT('2D SPACE',''
  ) );
#7556 = PCURVE('',#7153,#7557);
#7557 = DEFINITIONAL_REPRESENTATION('',(#7558),#7562);
#7558 = CIRCLE('',#7559,1.5);
#7559 = AXIS2_PLACEMENT_2D('',#7560,#7561);
#7560 = CARTESIAN_POINT('',(0.,0.));
#7561 = DIRECTION('',(0.,-1.));
#7562 = ( GEOMETRIC_REPRESENTATION_CONTEXT(2) 
PARAMETRIC_REPRESENTATION_CONTEXT() REPRESENTATION_CONTEXT('2D SPACE',''
  ) );
#7563 = ORIENTED_EDGE('',*,*,#7564,.T.);
#7564 = EDGE_CURVE('',#7541,#7375,#7565,.T.);
#7565 = SURFACE_CURVE('',#7566,(#7570,#7577),.PCURVE_S1.);
#7566 = LINE('',#7567,#7568);
#7567 = CARTESIAN_POINT('',(-33.61728154514,6.246989443255,
    -41.58172858095));
#7568 = VECTOR('',#7569,1.);
#7569 = DIRECTION('',(1.,0.,0.));
#7570 = PCURVE('',#7181,#7571);
#7571 = DEFINITIONAL_REPRESENTATION('',(#7572),#7576);
#7572 = LINE('',#7573,#7574);
#7573 = CARTESIAN_POINT('',(-0.,0.));
#7574 = VECTOR('',#7575,1.);
#7575 = DIRECTION('',(-0.,-1.));
#7576 = ( GEOMETRIC_REPRESENTATION_CONTEXT(2) 
PARAMETRIC_REPRESENTATION_CONTEXT() REPRESENTATION_CONTEXT('2D SPACE',''
  ) );
#7577 = PCURVE('',#7391,#7578);
#7578 = DEFINITIONAL_REPRESENTATION('',(#7579),#7583);
#7579 = LINE('',#7580,#7581);
#7580 = CARTESIAN_POINT('',(-6.28318530718,0.));
#7581 = VECTOR('',#7582,1.);
#7582 = DIRECTION('',(-0.,-1.));
#7583 = ( GEOMETRIC_REPRESENTATION_CONTEXT(2) 
PARAMETRIC_REPRESENTATION_CONTEXT() REPRESENTATION_CONTEXT('2D SPACE',''
  ) );
#7584 = ORIENTED_EDGE('',*,*,#7408,.F.);
#7585 = ORIENTED_EDGE('',*,*,#7516,.F.);
#7586 = ORIENTED_EDGE('',*,*,#7199,.T.);
#7587 = ORIENTED_EDGE('',*,*,#7588,.T.);
#7588 = EDGE_CURVE('',#7165,#7589,#7591,.T.);
#7589 = VERTEX_POINT('',#7590);
#7590 = CARTESIAN_POINT('',(-23.61728154514,6.246989443255,
    -41.58172858095));
#7591 = SEAM_CURVE('',#7592,(#7596,#7603),.PCURVE_S1.);
#7592 = LINE('',#7593,#7594);
#7593 = CARTESIAN_POINT('',(-33.61728154514,6.246989443255,
    -41.58172858095));
#7594 = VECTOR('',#7595,1.);
#7595 = DIRECTION('',(1.,0.,0.));
#7596 = PCURVE('',#7181,#7597);
#7597 = DEFINITIONAL_REPRESENTATION('',(#7598),#7602);
#7598 = LINE('',#7599,#7600);
#7599 = CARTESIAN_POINT('',(-0.,0.));
#7600 = VECTOR('',#7601,1.);
#7601 = DIRECTION('',(-0.,-1.));
#7602 = ( GEOMETRIC_REPRESENTATION_CONTEXT(2) 
PARAMETRIC_REPRESENTATION_CONTEXT() REPRESENTATION_CONTEXT('2D SPACE',''
  ) );
#7603 = PCURVE('',#7181,#7604);
#7604 = DEFINITIONAL_REPRESENTATION('',(#7605),#7609);
#7605 = LINE('',#7606,#7607);
#7606 = CARTESIAN_POINT('',(-6.28318530718,0.));
#7607 = VECTOR('',#7608,1.);
#7608 = DIRECTION('',(-0.,-1.));
#7609 = ( GEOMETRIC_REPRESENTATION_CONTEXT(2) 
PARAMETRIC_REPRESENTATION_CONTEXT() REPRESENTATION_CONTEXT('2D SPACE',''
  ) );
#7610 = ORIENTED_EDGE('',*,*,#7611,.T.);
#7611 = EDGE_CURVE('',#7589,#7589,#7612,.T.);
#7612 = SURFACE_CURVE('',#7613,(#7618,#7625),.PCURVE_S1.);
#7613 = CIRCLE('',#7614,1.5);
#7614 = AXIS2_PLACEMENT_3D('',#7615,#7616,#7617);
#7615 = CARTESIAN_POINT('',(-23.61728154514,7.721449092781,
    -41.30610430422));
#7616 = DIRECTION('',(1.,0.,0.));
#7617 = DIRECTION('',(0.,-0.982973099684,-0.183749517817));
#7618 = PCURVE('',#7181,#7619);
#7619 = DEFINITIONAL_REPRESENTATION('',(#7620),#7624);
#7620 = LINE('',#7621,#7622);
#7621 = CARTESIAN_POINT('',(-0.,-10.));
#7622 = VECTOR('',#7623,1.);
#7623 = DIRECTION('',(-1.,0.));
#7624 = ( GEOMETRIC_REPRESENTATION_CONTEXT(2) 
PARAMETRIC_REPRESENTATION_CONTEXT() REPRESENTATION_CONTEXT('2D SPACE',''
  ) );
#7625 = PCURVE('',#7626,#7631);
#7626 = PLANE('',#7627);
#7627 = AXIS2_PLACEMENT_3D('',#7628,#7629,#7630);
#7628 = CARTESIAN_POINT('',(-23.61728154514,7.721449092781,
    -41.30610430422));
#7629 = DIRECTION('',(1.,0.,0.));
#7630 = DIRECTION('',(0.,0.183749517817,-0.982973099684));
#7631 = DEFINITIONAL_REPRESENTATION('',(#7632),#7636);
#7632 = CIRCLE('',#7633,1.5);
#7633 = AXIS2_PLACEMENT_2D('',#7634,#7635);
#7634 = CARTESIAN_POINT('',(0.,0.));
#7635 = DIRECTION('',(0.,-1.));
#7636 = ( GEOMETRIC_REPRESENTATION_CONTEXT(2) 
PARAMETRIC_REPRESENTATION_CONTEXT() REPRESENTATION_CONTEXT('2D SPACE',''
  ) );
#7637 = ORIENTED_EDGE('',*,*,#7588,.F.);
#7638 = ORIENTED_EDGE('',*,*,#7164,.T.);
#7639 = ADVANCED_FACE('',(#7640),#7153,.F.);
#7640 = FACE_BOUND('',#7641,.F.);
#7641 = EDGE_LOOP('',(#7642,#7664,#7665,#7666,#7667));
#7642 = ORIENTED_EDGE('',*,*,#7643,.T.);
#7643 = EDGE_CURVE('',#7354,#7541,#7644,.T.);
#7644 = SURFACE_CURVE('',#7645,(#7650,#7657),.PCURVE_S1.);
#7645 = CIRCLE('',#7646,1.5);
#7646 = AXIS2_PLACEMENT_3D('',#7647,#7648,#7649);
#7647 = CARTESIAN_POINT('',(-33.61728154514,7.721449092781,
    -41.30610430422));
#7648 = DIRECTION('',(1.,0.,0.));
#7649 = DIRECTION('',(0.,-0.982973099684,-0.183749517817));
#7650 = PCURVE('',#7153,#7651);
#7651 = DEFINITIONAL_REPRESENTATION('',(#7652),#7656);
#7652 = CIRCLE('',#7653,1.5);
#7653 = AXIS2_PLACEMENT_2D('',#7654,#7655);
#7654 = CARTESIAN_POINT('',(0.,0.));
#7655 = DIRECTION('',(0.,-1.));
#7656 = ( GEOMETRIC_REPRESENTATION_CONTEXT(2) 
PARAMETRIC_REPRESENTATION_CONTEXT() REPRESENTATION_CONTEXT('2D SPACE',''
  ) );
#7657 = PCURVE('',#7391,#7658);
#7658 = DEFINITIONAL_REPRESENTATION('',(#7659),#7663);
#7659 = LINE('',#7660,#7661);
#7660 = CARTESIAN_POINT('',(-0.,0.));
#7661 = VECTOR('',#7662,1.);
#7662 = DIRECTION('',(-1.,0.));
#7663 = ( GEOMETRIC_REPRESENTATION_CONTEXT(2) 
PARAMETRIC_REPRESENTATION_CONTEXT() REPRESENTATION_CONTEXT('2D SPACE',''
  ) );
#7664 = ORIENTED_EDGE('',*,*,#7540,.T.);
#7665 = ORIENTED_EDGE('',*,*,#7138,.F.);
#7666 = ORIENTED_EDGE('',*,*,#7283,.T.);
#7667 = ORIENTED_EDGE('',*,*,#7353,.T.);
#7668 = ADVANCED_FACE('',(#7669),#7391,.T.);
#7669 = FACE_BOUND('',#7670,.F.);
#7670 = EDGE_LOOP('',(#7671,#7672,#7673));
#7671 = ORIENTED_EDGE('',*,*,#7643,.F.);
#7672 = ORIENTED_EDGE('',*,*,#7374,.F.);
#7673 = ORIENTED_EDGE('',*,*,#7564,.F.);
#7674 = ADVANCED_FACE('',(#7675),#7626,.T.);
#7675 = FACE_BOUND('',#7676,.T.);
#7676 = EDGE_LOOP('',(#7677));
#7677 = ORIENTED_EDGE('',*,*,#7611,.T.);
#7678 = ( GEOMETRIC_REPRESENTATION_CONTEXT(3) 
GLOBAL_UNCERTAINTY_ASSIGNED_CONTEXT((#7682)) 
GLOBAL_UNIT_ASSIGNED_CONTEXT((#7679,#7680,#7681)) REPRESENTATION_CONTEXT
('Context #1','3D Context with UNIT and UNCERTAINTY') );
#7679 = ( LENGTH_UNIT() NAMED_UNIT(*) SI_UNIT(.MILLI.,.METRE.) );
#7680 = ( NAMED_UNIT(*) PLANE_ANGLE_UNIT() SI_UNIT($,.RADIAN.) );
#7681 = ( NAMED_UNIT(*) SI_UNIT($,.STERADIAN.) SOLID_ANGLE_UNIT() );
#7682 = UNCERTAINTY_MEASURE_WITH_UNIT(LENGTH_MEASURE(1.E-07),#7679,
  'distance_accuracy_value','confusion accuracy');
#7683 = CONTEXT_DEPENDENT_SHAPE_REPRESENTATION(#7684,#7686);
#7684 = ( REPRESENTATION_RELATIONSHIP('','',#6936,#10) 
REPRESENTATION_RELATIONSHIP_WITH_TRANSFORMATION(#7685) 
SHAPE_REPRESENTATION_RELATIONSHIP() );
#7685 = ITEM_DEFINED_TRANSFORMATION('','',#11,#51);
#7686 = PRODUCT_DEFINITION_SHAPE('Placement','Placement of an item',
  #7687);
#7687 = NEXT_ASSEMBLY_USAGE_OCCURRENCE('10','','',#5,#6931,$);
#7688 = PRODUCT_RELATED_PRODUCT_CATEGORY('part',$,(#6933));
#7689 = SHAPE_DEFINITION_REPRESENTATION(#7690,#7696);
#7690 = PRODUCT_DEFINITION_SHAPE('','',#7691);
#7691 = PRODUCT_DEFINITION('design','',#7692,#7695);
#7692 = PRODUCT_DEFINITION_FORMATION('','',#7693);
#7693 = PRODUCT('Open CASCADE STEP translator 7.9 2.11',
  'Open CASCADE STEP translator 7.9 2.11','',(#7694));
#7694 = PRODUCT_CONTEXT('',#2,'mechanical');
#7695 = PRODUCT_DEFINITION_CONTEXT('part definition',#2,'design');
#7696 = ADVANCED_BREP_SHAPE_REPRESENTATION('',(#11,#7697),#8438);
#7697 = MANIFOLD_SOLID_BREP('',#7698);
#7698 = CLOSED_SHELL('',(#7699,#7819,#8014,#8061,#8217,#8244,#8271,#8296
    ,#8399,#8428,#8434));
#7699 = ADVANCED_FACE('',(#7700),#7714,.F.);
#7700 = FACE_BOUND('',#7701,.F.);
#7701 = EDGE_LOOP('',(#7702,#7737,#7765,#7793));
#7702 = ORIENTED_EDGE('',*,*,#7703,.F.);
#7703 = EDGE_CURVE('',#7704,#7706,#7708,.T.);
#7704 = VERTEX_POINT('',#7705);
#7705 = CARTESIAN_POINT('',(-40.09559941781,9.618788282761,
    -8.871664357841));
#7706 = VERTEX_POINT('',#7707);
#7707 = CARTESIAN_POINT('',(-40.09559941781,25.630286400274,
    -34.73112171661));
#7708 = SURFACE_CURVE('',#7709,(#7713,#7725),.PCURVE_S1.);
#7709 = LINE('',#7710,#7711);
#7710 = CARTESIAN_POINT('',(-40.09559941781,9.618788282761,
    -8.871664357841));
#7711 = VECTOR('',#7712,1.);
#7712 = DIRECTION('',(0.,0.526432162877,-0.85021713573));
#7713 = PCURVE('',#7714,#7719);
#7714 = PLANE('',#7715);
#7715 = AXIS2_PLACEMENT_3D('',#7716,#7717,#7718);
#7716 = CARTESIAN_POINT('',(-40.09559941781,9.618788282761,
    -8.871664357841));
#7717 = DIRECTION('',(0.906307787037,-0.359317288004,-0.2224798456));
#7718 = DIRECTION('',(0.,0.526432162877,-0.85021713573));
#7719 = DEFINITIONAL_REPRESENTATION('',(#7720),#7724);
#7720 = LINE('',#7721,#7722);
#7721 = CARTESIAN_POINT('',(0.,0.));
#7722 = VECTOR('',#7723,1.);
#7723 = DIRECTION('',(1.,0.));
#7724 = ( GEOMETRIC_REPRESENTATION_CONTEXT(2) 
PARAMETRIC_REPRESENTATION_CONTEXT() REPRESENTATION_CONTEXT('2D SPACE',''
  ) );
#7725 = PCURVE('',#7726,#7731);
#7726 = PLANE('',#7727);
#7727 = AXIS2_PLACEMENT_3D('',#7728,#7729,#7730);
#7728 = CARTESIAN_POINT('',(-40.09559941781,9.618788282761,
    -8.871664357841));
#7729 = DIRECTION('',(-0.422618261741,-0.770558410784,-0.477109568562));
#7730 = DIRECTION('',(0.,0.526432162877,-0.85021713573));
#7731 = DEFINITIONAL_REPRESENTATION('',(#7732),#7736);
#7732 = LINE('',#7733,#7734);
#7733 = CARTESIAN_POINT('',(0.,0.));
#7734 = VECTOR('',#7735,1.);
#7735 = DIRECTION('',(1.,0.));
#7736 = ( GEOMETRIC_REPRESENTATION_CONTEXT(2) 
PARAMETRIC_REPRESENTATION_CONTEXT() REPRESENTATION_CONTEXT('2D SPACE',''
  ) );
#7737 = ORIENTED_EDGE('',*,*,#7738,.T.);
#7738 = EDGE_CURVE('',#7704,#7739,#7741,.T.);
#7739 = VERTEX_POINT('',#7740);
#7740 = CARTESIAN_POINT('',(-40.46854044145,8.9388062079,-9.292691433565
    ));
#7741 = SURFACE_CURVE('',#7742,(#7746,#7753),.PCURVE_S1.);
#7742 = LINE('',#7743,#7744);
#7743 = CARTESIAN_POINT('',(-40.09559941781,9.618788282761,
    -8.871664357841));
#7744 = VECTOR('',#7745,1.);
#7745 = DIRECTION('',(-0.422618261741,-0.770558410784,-0.477109568562));
#7746 = PCURVE('',#7714,#7747);
#7747 = DEFINITIONAL_REPRESENTATION('',(#7748),#7752);
#7748 = LINE('',#7749,#7750);
#7749 = CARTESIAN_POINT('',(0.,0.));
#7750 = VECTOR('',#7751,1.);
#7751 = DIRECTION('',(0.,-1.));
#7752 = ( GEOMETRIC_REPRESENTATION_CONTEXT(2) 
PARAMETRIC_REPRESENTATION_CONTEXT() REPRESENTATION_CONTEXT('2D SPACE',''
  ) );
#7753 = PCURVE('',#7754,#7759);
#7754 = PLANE('',#7755);
#7755 = AXIS2_PLACEMENT_3D('',#7756,#7757,#7758);
#7756 = CARTESIAN_POINT('',(-40.09559941781,9.618788282761,
    -8.871664357841));
#7757 = DIRECTION('',(0.,0.526432162877,-0.85021713573));
#7758 = DIRECTION('',(0.906307787037,-0.359317288004,-0.2224798456));
#7759 = DEFINITIONAL_REPRESENTATION('',(#7760),#7764);
#7760 = LINE('',#7761,#7762);
#7761 = CARTESIAN_POINT('',(0.,-0.));
#7762 = VECTOR('',#7763,1.);
#7763 = DIRECTION('',(8.326672684689E-17,1.));
#7764 = ( GEOMETRIC_REPRESENTATION_CONTEXT(2) 
PARAMETRIC_REPRESENTATION_CONTEXT() REPRESENTATION_CONTEXT('2D SPACE',''
  ) );
#7765 = ORIENTED_EDGE('',*,*,#7766,.T.);
#7766 = EDGE_CURVE('',#7739,#7767,#7769,.T.);
#7767 = VERTEX_POINT('',#7768);
#7768 = CARTESIAN_POINT('',(-40.46854044145,24.950304325414,
    -35.15214879233));
#7769 = SURFACE_CURVE('',#7770,(#7774,#7781),.PCURVE_S1.);
#7770 = LINE('',#7771,#7772);
#7771 = CARTESIAN_POINT('',(-40.46854044145,8.9388062079,-9.292691433565
    ));
#7772 = VECTOR('',#7773,1.);
#7773 = DIRECTION('',(0.,0.526432162877,-0.85021713573));
#7774 = PCURVE('',#7714,#7775);
#7775 = DEFINITIONAL_REPRESENTATION('',(#7776),#7780);
#7776 = LINE('',#7777,#7778);
#7777 = CARTESIAN_POINT('',(2.775557561563E-16,-0.88245364056));
#7778 = VECTOR('',#7779,1.);
#7779 = DIRECTION('',(1.,0.));
#7780 = ( GEOMETRIC_REPRESENTATION_CONTEXT(2) 
PARAMETRIC_REPRESENTATION_CONTEXT() REPRESENTATION_CONTEXT('2D SPACE',''
  ) );
#7781 = PCURVE('',#7782,#7787);
#7782 = PLANE('',#7783);
#7783 = AXIS2_PLACEMENT_3D('',#7784,#7785,#7786);
#7784 = CARTESIAN_POINT('',(-40.46854044145,8.9388062079,-9.292691433565
    ));
#7785 = DIRECTION('',(-0.422618261741,-0.770558410784,-0.477109568562));
#7786 = DIRECTION('',(0.,0.526432162877,-0.85021713573));
#7787 = DEFINITIONAL_REPRESENTATION('',(#7788),#7792);
#7788 = LINE('',#7789,#7790);
#7789 = CARTESIAN_POINT('',(0.,0.));
#7790 = VECTOR('',#7791,1.);
#7791 = DIRECTION('',(1.,0.));
#7792 = ( GEOMETRIC_REPRESENTATION_CONTEXT(2) 
PARAMETRIC_REPRESENTATION_CONTEXT() REPRESENTATION_CONTEXT('2D SPACE',''
  ) );
#7793 = ORIENTED_EDGE('',*,*,#7794,.F.);
#7794 = EDGE_CURVE('',#7706,#7767,#7795,.T.);
#7795 = SURFACE_CURVE('',#7796,(#7800,#7807),.PCURVE_S1.);
#7796 = LINE('',#7797,#7798);
#7797 = CARTESIAN_POINT('',(-40.09559941781,25.630286400274,
    -34.73112171661));
#7798 = VECTOR('',#7799,1.);
#7799 = DIRECTION('',(-0.422618261741,-0.770558410784,-0.477109568562));
#7800 = PCURVE('',#7714,#7801);
#7801 = DEFINITIONAL_REPRESENTATION('',(#7802),#7806);
#7802 = LINE('',#7803,#7804);
#7803 = CARTESIAN_POINT('',(30.415121352005,1.7763568394E-15));
#7804 = VECTOR('',#7805,1.);
#7805 = DIRECTION('',(0.,-1.));
#7806 = ( GEOMETRIC_REPRESENTATION_CONTEXT(2) 
PARAMETRIC_REPRESENTATION_CONTEXT() REPRESENTATION_CONTEXT('2D SPACE',''
  ) );
#7807 = PCURVE('',#7808,#7813);
#7808 = PLANE('',#7809);
#7809 = AXIS2_PLACEMENT_3D('',#7810,#7811,#7812);
#7810 = CARTESIAN_POINT('',(-40.09559941781,25.630286400274,
    -34.73112171661));
#7811 = DIRECTION('',(0.,0.526432162877,-0.85021713573));
#7812 = DIRECTION('',(0.906307787037,-0.359317288004,-0.2224798456));
#7813 = DEFINITIONAL_REPRESENTATION('',(#7814),#7818);
#7814 = LINE('',#7815,#7816);
#7815 = CARTESIAN_POINT('',(0.,-0.));
#7816 = VECTOR('',#7817,1.);
#7817 = DIRECTION('',(8.326672684689E-17,1.));
#7818 = ( GEOMETRIC_REPRESENTATION_CONTEXT(2) 
PARAMETRIC_REPRESENTATION_CONTEXT() REPRESENTATION_CONTEXT('2D SPACE',''
  ) );
#7819 = ADVANCED_FACE('',(#7820),#7726,.F.);
#7820 = FACE_BOUND('',#7821,.F.);
#7821 = EDGE_LOOP('',(#7822,#7852,#7873,#7874,#7897,#7923,#7958,#7988));
#7822 = ORIENTED_EDGE('',*,*,#7823,.F.);
#7823 = EDGE_CURVE('',#7824,#7826,#7828,.T.);
#7824 = VERTEX_POINT('',#7825);
#7825 = CARTESIAN_POINT('',(-26.76602264884,4.334107467502,
    -12.14380018618));
#7826 = VERTEX_POINT('',#7827);
#7827 = CARTESIAN_POINT('',(-26.76602264884,20.345605585015,
    -38.00325754495));
#7828 = SURFACE_CURVE('',#7829,(#7833,#7840),.PCURVE_S1.);
#7829 = LINE('',#7830,#7831);
#7830 = CARTESIAN_POINT('',(-26.76602264884,4.334107467502,
    -12.14380018618));
#7831 = VECTOR('',#7832,1.);
#7832 = DIRECTION('',(0.,0.526432162877,-0.85021713573));
#7833 = PCURVE('',#7726,#7834);
#7834 = DEFINITIONAL_REPRESENTATION('',(#7835),#7839);
#7835 = LINE('',#7836,#7837);
#7836 = CARTESIAN_POINT('',(-4.440892098501E-16,14.707560676003));
#7837 = VECTOR('',#7838,1.);
#7838 = DIRECTION('',(1.,0.));
#7839 = ( GEOMETRIC_REPRESENTATION_CONTEXT(2) 
PARAMETRIC_REPRESENTATION_CONTEXT() REPRESENTATION_CONTEXT('2D SPACE',''
  ) );
#7840 = PCURVE('',#7841,#7846);
#7841 = PLANE('',#7842);
#7842 = AXIS2_PLACEMENT_3D('',#7843,#7844,#7845);
#7843 = CARTESIAN_POINT('',(-26.76602264884,4.334107467502,
    -12.14380018618));
#7844 = DIRECTION('',(0.906307787037,-0.359317288004,-0.2224798456));
#7845 = DIRECTION('',(0.,0.526432162877,-0.85021713573));
#7846 = DEFINITIONAL_REPRESENTATION('',(#7847),#7851);
#7847 = LINE('',#7848,#7849);
#7848 = CARTESIAN_POINT('',(0.,0.));
#7849 = VECTOR('',#7850,1.);
#7850 = DIRECTION('',(1.,0.));
#7851 = ( GEOMETRIC_REPRESENTATION_CONTEXT(2) 
PARAMETRIC_REPRESENTATION_CONTEXT() REPRESENTATION_CONTEXT('2D SPACE',''
  ) );
#7852 = ORIENTED_EDGE('',*,*,#7853,.F.);
#7853 = EDGE_CURVE('',#7704,#7824,#7854,.T.);
#7854 = SURFACE_CURVE('',#7855,(#7859,#7866),.PCURVE_S1.);
#7855 = LINE('',#7856,#7857);
#7856 = CARTESIAN_POINT('',(-40.09559941781,9.618788282761,
    -8.871664357841));
#7857 = VECTOR('',#7858,1.);
#7858 = DIRECTION('',(0.906307787037,-0.359317288004,-0.2224798456));
#7859 = PCURVE('',#7726,#7860);
#7860 = DEFINITIONAL_REPRESENTATION('',(#7861),#7865);
#7861 = LINE('',#7862,#7863);
#7862 = CARTESIAN_POINT('',(0.,0.));
#7863 = VECTOR('',#7864,1.);
#7864 = DIRECTION('',(0.,1.));
#7865 = ( GEOMETRIC_REPRESENTATION_CONTEXT(2) 
PARAMETRIC_REPRESENTATION_CONTEXT() REPRESENTATION_CONTEXT('2D SPACE',''
  ) );
#7866 = PCURVE('',#7754,#7867);
#7867 = DEFINITIONAL_REPRESENTATION('',(#7868),#7872);
#7868 = LINE('',#7869,#7870);
#7869 = CARTESIAN_POINT('',(0.,-0.));
#7870 = VECTOR('',#7871,1.);
#7871 = DIRECTION('',(1.,8.326672684689E-17));
#7872 = ( GEOMETRIC_REPRESENTATION_CONTEXT(2) 
PARAMETRIC_REPRESENTATION_CONTEXT() REPRESENTATION_CONTEXT('2D SPACE',''
  ) );
#7873 = ORIENTED_EDGE('',*,*,#7703,.T.);
#7874 = ORIENTED_EDGE('',*,*,#7875,.T.);
#7875 = EDGE_CURVE('',#7706,#7876,#7878,.T.);
#7876 = VERTEX_POINT('',#7877);
#7877 = CARTESIAN_POINT('',(-33.61728154514,23.061874606696,
    -36.32141497092));
#7878 = SURFACE_CURVE('',#7879,(#7883,#7890),.PCURVE_S1.);
#7879 = LINE('',#7880,#7881);
#7880 = CARTESIAN_POINT('',(-40.09559941781,25.630286400274,
    -34.73112171661));
#7881 = VECTOR('',#7882,1.);
#7882 = DIRECTION('',(0.906307787037,-0.359317288004,-0.2224798456));
#7883 = PCURVE('',#7726,#7884);
#7884 = DEFINITIONAL_REPRESENTATION('',(#7885),#7889);
#7885 = LINE('',#7886,#7887);
#7886 = CARTESIAN_POINT('',(30.415121352005,0.));
#7887 = VECTOR('',#7888,1.);
#7888 = DIRECTION('',(0.,1.));
#7889 = ( GEOMETRIC_REPRESENTATION_CONTEXT(2) 
PARAMETRIC_REPRESENTATION_CONTEXT() REPRESENTATION_CONTEXT('2D SPACE',''
  ) );
#7890 = PCURVE('',#7808,#7891);
#7891 = DEFINITIONAL_REPRESENTATION('',(#7892),#7896);
#7892 = LINE('',#7893,#7894);
#7893 = CARTESIAN_POINT('',(0.,-0.));
#7894 = VECTOR('',#7895,1.);
#7895 = DIRECTION('',(1.,8.326672684689E-17));
#7896 = ( GEOMETRIC_REPRESENTATION_CONTEXT(2) 
PARAMETRIC_REPRESENTATION_CONTEXT() REPRESENTATION_CONTEXT('2D SPACE',''
  ) );
#7897 = ORIENTED_EDGE('',*,*,#7898,.T.);
#7898 = EDGE_CURVE('',#7876,#7899,#7901,.T.);
#7899 = VERTEX_POINT('',#7900);
#7900 = CARTESIAN_POINT('',(-33.61728154514,21.788541707803,
    -34.26491172801));
#7901 = SURFACE_CURVE('',#7902,(#7906,#7912),.PCURVE_S1.);
#7902 = LINE('',#7903,#7904);
#7903 = CARTESIAN_POINT('',(-33.61728154514,14.792909466501,
    -22.96657772367));
#7904 = VECTOR('',#7905,1.);
#7905 = DIRECTION('',(0.,-0.526432162877,0.85021713573));
#7906 = PCURVE('',#7726,#7907);
#7907 = DEFINITIONAL_REPRESENTATION('',(#7908),#7911);
#7908 = B_SPLINE_CURVE_WITH_KNOTS('',1,(#7909,#7910),.UNSPECIFIED.,.F.,
  .F.,(2,2),(-15.707560676,-13.207560676),.PIECEWISE_BEZIER_KNOTS.);
#7909 = CARTESIAN_POINT('',(30.415121352005,7.148032892721));
#7910 = CARTESIAN_POINT('',(27.915121352005,7.148032892721));
#7911 = ( GEOMETRIC_REPRESENTATION_CONTEXT(2) 
PARAMETRIC_REPRESENTATION_CONTEXT() REPRESENTATION_CONTEXT('2D SPACE',''
  ) );
#7912 = PCURVE('',#7913,#7918);
#7913 = PLANE('',#7914);
#7914 = AXIS2_PLACEMENT_3D('',#7915,#7916,#7917);
#7915 = CARTESIAN_POINT('',(-33.61728154514,22.121522792337,
    -35.72748603291));
#7916 = DIRECTION('',(1.,0.,0.));
#7917 = DIRECTION('',(0.,0.526432162877,-0.85021713573));
#7918 = DEFINITIONAL_REPRESENTATION('',(#7919),#7922);
#7919 = B_SPLINE_CURVE_WITH_KNOTS('',1,(#7920,#7921),.UNSPECIFIED.,.F.,
  .F.,(2,2),(-15.707560676,-13.207560676),.PIECEWISE_BEZIER_KNOTS.);
#7920 = CARTESIAN_POINT('',(1.,0.486839930751));
#7921 = CARTESIAN_POINT('',(-1.5,0.486839930751));
#7922 = ( GEOMETRIC_REPRESENTATION_CONTEXT(2) 
PARAMETRIC_REPRESENTATION_CONTEXT() REPRESENTATION_CONTEXT('2D SPACE',''
  ) );
#7923 = ORIENTED_EDGE('',*,*,#7924,.F.);
#7924 = EDGE_CURVE('',#7925,#7899,#7927,.T.);
#7925 = VERTEX_POINT('',#7926);
#7926 = CARTESIAN_POINT('',(-29.3564895637,20.846197088743,
    -36.51713427723));
#7927 = SURFACE_CURVE('',#7928,(#7933,#7940),.PCURVE_S1.);
#7928 = ELLIPSE('',#7929,3.549302374729,1.5);
#7929 = AXIS2_PLACEMENT_3D('',#7930,#7931,#7932);
#7930 = CARTESIAN_POINT('',(-32.57324994447,22.121522792337,
    -35.72748603291));
#7931 = DIRECTION('',(-0.422618261741,-0.770558410784,-0.477109568562));
#7932 = DIRECTION('',(-0.906307787037,0.359317288004,0.2224798456));
#7933 = PCURVE('',#7726,#7934);
#7934 = DEFINITIONAL_REPRESENTATION('',(#7935),#7939);
#7935 = ELLIPSE('',#7936,3.549302374729,1.5);
#7936 = AXIS2_PLACEMENT_2D('',#7937,#7938);
#7937 = CARTESIAN_POINT('',(29.415121352005,8.299994307606));
#7938 = DIRECTION('',(2.775557561563E-17,-1.));
#7939 = ( GEOMETRIC_REPRESENTATION_CONTEXT(2) 
PARAMETRIC_REPRESENTATION_CONTEXT() REPRESENTATION_CONTEXT('2D SPACE',''
  ) );
#7940 = PCURVE('',#7941,#7946);
#7941 = CYLINDRICAL_SURFACE('',#7942,1.5);
#7942 = AXIS2_PLACEMENT_3D('',#7943,#7944,#7945);
#7943 = CARTESIAN_POINT('',(-33.61728154514,22.121522792337,
    -35.72748603291));
#7944 = DIRECTION('',(-1.,0.,0.));
#7945 = DIRECTION('',(0.,-0.85021713573,-0.526432162877));
#7946 = DEFINITIONAL_REPRESENTATION('',(#7947),#7957);
#7947 = B_SPLINE_CURVE_WITH_KNOTS('',8,(#7948,#7949,#7950,#7951,#7952,
    #7953,#7954,#7955,#7956),.UNSPECIFIED.,.F.,.F.,(9,9),(3.14159265359,
    5.042935637106),.PIECEWISE_BEZIER_KNOTS.);
#7948 = CARTESIAN_POINT('',(-6.28318530718,-4.26079198144));
#7949 = CARTESIAN_POINT('',(-6.04551743424,-4.26079198144));
#7950 = CARTESIAN_POINT('',(-5.807849561301,-4.053131704458));
#7951 = CARTESIAN_POINT('',(-5.570181688362,-3.637818874993));
#7952 = CARTESIAN_POINT('',(-5.332513815422,-3.039844771438));
#7953 = CARTESIAN_POINT('',(-5.094845942484,-2.309344507419));
#7954 = CARTESIAN_POINT('',(-4.857178069542,-1.513664959144));
#7955 = CARTESIAN_POINT('',(-4.619510196603,-0.72313272222));
#7956 = CARTESIAN_POINT('',(-4.381842323664,5.999999999062E-07));
#7957 = ( GEOMETRIC_REPRESENTATION_CONTEXT(2) 
PARAMETRIC_REPRESENTATION_CONTEXT() REPRESENTATION_CONTEXT('2D SPACE',''
  ) );
#7958 = ORIENTED_EDGE('',*,*,#7959,.F.);
#7959 = EDGE_CURVE('',#7960,#7925,#7962,.T.);
#7960 = VERTEX_POINT('',#7961);
#7961 = CARTESIAN_POINT('',(-30.17561831823,21.697383299651,
    -37.16627221951));
#7962 = SURFACE_CURVE('',#7963,(#7968,#7975),.PCURVE_S1.);
#7963 = ELLIPSE('',#7964,3.549302374729,1.5);
#7964 = AXIS2_PLACEMENT_3D('',#7965,#7966,#7967);
#7965 = CARTESIAN_POINT('',(-32.57324994447,22.121522792337,
    -35.72748603291));
#7966 = DIRECTION('',(-0.422618261741,-0.770558410784,-0.477109568562));
#7967 = DIRECTION('',(-0.906307787037,0.359317288004,0.2224798456));
#7968 = PCURVE('',#7726,#7969);
#7969 = DEFINITIONAL_REPRESENTATION('',(#7970),#7974);
#7970 = ELLIPSE('',#7971,3.549302374729,1.5);
#7971 = AXIS2_PLACEMENT_2D('',#7972,#7973);
#7972 = CARTESIAN_POINT('',(29.415121352005,8.299994307606));
#7973 = DIRECTION('',(2.775557561563E-17,-1.));
#7974 = ( GEOMETRIC_REPRESENTATION_CONTEXT(2) 
PARAMETRIC_REPRESENTATION_CONTEXT() REPRESENTATION_CONTEXT('2D SPACE',''
  ) );
#7975 = PCURVE('',#7941,#7976);
#7976 = DEFINITIONAL_REPRESENTATION('',(#7977),#7987);
#7977 = B_SPLINE_CURVE_WITH_KNOTS('',8,(#7978,#7979,#7980,#7981,#7982,
    #7983,#7984,#7985,#7986),.UNSPECIFIED.,.F.,.F.,(9,9),(1.240249670074
    ,3.14159265359),.PIECEWISE_BEZIER_KNOTS.);
#7978 = CARTESIAN_POINT('',(-1.901342983516,5.999999999062E-07));
#7979 = CARTESIAN_POINT('',(-1.663675110576,-0.72313272222));
#7980 = CARTESIAN_POINT('',(-1.426007237637,-1.513664959141));
#7981 = CARTESIAN_POINT('',(-1.188339364694,-2.309344507445));
#7982 = CARTESIAN_POINT('',(-0.950671491764,-3.039844771449));
#7983 = CARTESIAN_POINT('',(-0.713003618816,-3.637818875006));
#7984 = CARTESIAN_POINT('',(-0.475335745879,-4.053131704455));
#7985 = CARTESIAN_POINT('',(-0.237667872939,-4.26079198144));
#7986 = CARTESIAN_POINT('',(0.,-4.26079198144));
#7987 = ( GEOMETRIC_REPRESENTATION_CONTEXT(2) 
PARAMETRIC_REPRESENTATION_CONTEXT() REPRESENTATION_CONTEXT('2D SPACE',''
  ) );
#7988 = ORIENTED_EDGE('',*,*,#7989,.T.);
#7989 = EDGE_CURVE('',#7960,#7826,#7990,.T.);
#7990 = SURFACE_CURVE('',#7991,(#7995,#8002),.PCURVE_S1.);
#7991 = LINE('',#7992,#7993);
#7992 = CARTESIAN_POINT('',(-40.09559941781,25.630286400274,
    -34.73112171661));
#7993 = VECTOR('',#7994,1.);
#7994 = DIRECTION('',(0.906307787037,-0.359317288004,-0.2224798456));
#7995 = PCURVE('',#7726,#7996);
#7996 = DEFINITIONAL_REPRESENTATION('',(#7997),#8001);
#7997 = LINE('',#7998,#7999);
#7998 = CARTESIAN_POINT('',(30.415121352005,0.));
#7999 = VECTOR('',#8000,1.);
#8000 = DIRECTION('',(0.,1.));
#8001 = ( GEOMETRIC_REPRESENTATION_CONTEXT(2) 
PARAMETRIC_REPRESENTATION_CONTEXT() REPRESENTATION_CONTEXT('2D SPACE',''
  ) );
#8002 = PCURVE('',#8003,#8008);
#8003 = PLANE('',#8004);
#8004 = AXIS2_PLACEMENT_3D('',#8005,#8006,#8007);
#8005 = CARTESIAN_POINT('',(-40.09559941781,25.630286400274,
    -34.73112171661));
#8006 = DIRECTION('',(0.,0.526432162877,-0.85021713573));
#8007 = DIRECTION('',(0.906307787037,-0.359317288004,-0.2224798456));
#8008 = DEFINITIONAL_REPRESENTATION('',(#8009),#8013);
#8009 = LINE('',#8010,#8011);
#8010 = CARTESIAN_POINT('',(0.,-0.));
#8011 = VECTOR('',#8012,1.);
#8012 = DIRECTION('',(1.,8.326672684689E-17));
#8013 = ( GEOMETRIC_REPRESENTATION_CONTEXT(2) 
PARAMETRIC_REPRESENTATION_CONTEXT() REPRESENTATION_CONTEXT('2D SPACE',''
  ) );
#8014 = ADVANCED_FACE('',(#8015),#7808,.T.);
#8015 = FACE_BOUND('',#8016,.T.);
#8016 = EDGE_LOOP('',(#8017,#8040,#8041,#8042));
#8017 = ORIENTED_EDGE('',*,*,#8018,.F.);
#8018 = EDGE_CURVE('',#7767,#8019,#8021,.T.);
#8019 = VERTEX_POINT('',#8020);
#8020 = CARTESIAN_POINT('',(-33.61728154514,22.234035303732,
    -36.83399136636));
#8021 = SURFACE_CURVE('',#8022,(#8026,#8033),.PCURVE_S1.);
#8022 = LINE('',#8023,#8024);
#8023 = CARTESIAN_POINT('',(-40.46854044145,24.950304325414,
    -35.15214879233));
#8024 = VECTOR('',#8025,1.);
#8025 = DIRECTION('',(0.906307787037,-0.359317288004,-0.2224798456));
#8026 = PCURVE('',#7808,#8027);
#8027 = DEFINITIONAL_REPRESENTATION('',(#8028),#8032);
#8028 = LINE('',#8029,#8030);
#8029 = CARTESIAN_POINT('',(-3.386180225107E-15,0.88245364056));
#8030 = VECTOR('',#8031,1.);
#8031 = DIRECTION('',(1.,8.326672684689E-17));
#8032 = ( GEOMETRIC_REPRESENTATION_CONTEXT(2) 
PARAMETRIC_REPRESENTATION_CONTEXT() REPRESENTATION_CONTEXT('2D SPACE',''
  ) );
#8033 = PCURVE('',#7782,#8034);
#8034 = DEFINITIONAL_REPRESENTATION('',(#8035),#8039);
#8035 = LINE('',#8036,#8037);
#8036 = CARTESIAN_POINT('',(30.415121352005,-8.881784197001E-16));
#8037 = VECTOR('',#8038,1.);
#8038 = DIRECTION('',(0.,1.));
#8039 = ( GEOMETRIC_REPRESENTATION_CONTEXT(2) 
PARAMETRIC_REPRESENTATION_CONTEXT() REPRESENTATION_CONTEXT('2D SPACE',''
  ) );
#8040 = ORIENTED_EDGE('',*,*,#7794,.F.);
#8041 = ORIENTED_EDGE('',*,*,#7875,.T.);
#8042 = ORIENTED_EDGE('',*,*,#8043,.T.);
#8043 = EDGE_CURVE('',#7876,#8019,#8044,.T.);
#8044 = SURFACE_CURVE('',#8045,(#8049,#8055),.PCURVE_S1.);
#8045 = LINE('',#8046,#8047);
#8046 = CARTESIAN_POINT('',(-33.61728154514,24.139120677744,
    -35.65441244262));
#8047 = VECTOR('',#8048,1.);
#8048 = DIRECTION('',(0.,-0.85021713573,-0.526432162877));
#8049 = PCURVE('',#7808,#8050);
#8050 = DEFINITIONAL_REPRESENTATION('',(#8051),#8054);
#8051 = B_SPLINE_CURVE_WITH_KNOTS('',1,(#8052,#8053),.UNSPECIFIED.,.F.,
  .F.,(2,2),(1.267024652618,2.24070451412),.PIECEWISE_BEZIER_KNOTS.);
#8052 = CARTESIAN_POINT('',(7.148032892721,4.440892098501E-16));
#8053 = CARTESIAN_POINT('',(7.559527783281,0.88245364056));
#8054 = ( GEOMETRIC_REPRESENTATION_CONTEXT(2) 
PARAMETRIC_REPRESENTATION_CONTEXT() REPRESENTATION_CONTEXT('2D SPACE',''
  ) );
#8055 = PCURVE('',#7913,#8056);
#8056 = DEFINITIONAL_REPRESENTATION('',(#8057),#8060);
#8057 = B_SPLINE_CURVE_WITH_KNOTS('',1,(#8058,#8059),.UNSPECIFIED.,.F.,
  .F.,(2,2),(1.267024652618,2.24070451412),.PIECEWISE_BEZIER_KNOTS.);
#8058 = CARTESIAN_POINT('',(1.,0.486839930751));
#8059 = CARTESIAN_POINT('',(1.,-0.486839930751));
#8060 = ( GEOMETRIC_REPRESENTATION_CONTEXT(2) 
PARAMETRIC_REPRESENTATION_CONTEXT() REPRESENTATION_CONTEXT('2D SPACE',''
  ) );
#8061 = ADVANCED_FACE('',(#8062),#7782,.T.);
#8062 = FACE_BOUND('',#8063,.T.);
#8063 = EDGE_LOOP('',(#8064,#8089,#8110,#8111,#8112,#8133,#8167,#8196));
#8064 = ORIENTED_EDGE('',*,*,#8065,.F.);
#8065 = EDGE_CURVE('',#8066,#8068,#8070,.T.);
#8066 = VERTEX_POINT('',#8067);
#8067 = CARTESIAN_POINT('',(-27.13896367248,3.654125392642,
    -12.5648272619));
#8068 = VERTEX_POINT('',#8069);
#8069 = CARTESIAN_POINT('',(-27.13896367248,19.665623510155,
    -38.42428462067));
#8070 = SURFACE_CURVE('',#8071,(#8075,#8082),.PCURVE_S1.);
#8071 = LINE('',#8072,#8073);
#8072 = CARTESIAN_POINT('',(-27.13896367248,3.654125392642,
    -12.5648272619));
#8073 = VECTOR('',#8074,1.);
#8074 = DIRECTION('',(0.,0.526432162877,-0.85021713573));
#8075 = PCURVE('',#7782,#8076);
#8076 = DEFINITIONAL_REPRESENTATION('',(#8077),#8081);
#8077 = LINE('',#8078,#8079);
#8078 = CARTESIAN_POINT('',(-4.440892098501E-16,14.707560676003));
#8079 = VECTOR('',#8080,1.);
#8080 = DIRECTION('',(1.,0.));
#8081 = ( GEOMETRIC_REPRESENTATION_CONTEXT(2) 
PARAMETRIC_REPRESENTATION_CONTEXT() REPRESENTATION_CONTEXT('2D SPACE',''
  ) );
#8082 = PCURVE('',#7841,#8083);
#8083 = DEFINITIONAL_REPRESENTATION('',(#8084),#8088);
#8084 = LINE('',#8085,#8086);
#8085 = CARTESIAN_POINT('',(4.996003610813E-16,-0.88245364056));
#8086 = VECTOR('',#8087,1.);
#8087 = DIRECTION('',(1.,0.));
#8088 = ( GEOMETRIC_REPRESENTATION_CONTEXT(2) 
PARAMETRIC_REPRESENTATION_CONTEXT() REPRESENTATION_CONTEXT('2D SPACE',''
  ) );
#8089 = ORIENTED_EDGE('',*,*,#8090,.F.);
#8090 = EDGE_CURVE('',#7739,#8066,#8091,.T.);
#8091 = SURFACE_CURVE('',#8092,(#8096,#8103),.PCURVE_S1.);
#8092 = LINE('',#8093,#8094);
#8093 = CARTESIAN_POINT('',(-40.46854044145,8.9388062079,-9.292691433565
    ));
#8094 = VECTOR('',#8095,1.);
#8095 = DIRECTION('',(0.906307787037,-0.359317288004,-0.2224798456));
#8096 = PCURVE('',#7782,#8097);
#8097 = DEFINITIONAL_REPRESENTATION('',(#8098),#8102);
#8098 = LINE('',#8099,#8100);
#8099 = CARTESIAN_POINT('',(0.,0.));
#8100 = VECTOR('',#8101,1.);
#8101 = DIRECTION('',(0.,1.));
#8102 = ( GEOMETRIC_REPRESENTATION_CONTEXT(2) 
PARAMETRIC_REPRESENTATION_CONTEXT() REPRESENTATION_CONTEXT('2D SPACE',''
  ) );
#8103 = PCURVE('',#7754,#8104);
#8104 = DEFINITIONAL_REPRESENTATION('',(#8105),#8109);
#8105 = LINE('',#8106,#8107);
#8106 = CARTESIAN_POINT('',(-2.997602166488E-15,0.88245364056));
#8107 = VECTOR('',#8108,1.);
#8108 = DIRECTION('',(1.,8.326672684689E-17));
#8109 = ( GEOMETRIC_REPRESENTATION_CONTEXT(2) 
PARAMETRIC_REPRESENTATION_CONTEXT() REPRESENTATION_CONTEXT('2D SPACE',''
  ) );
#8110 = ORIENTED_EDGE('',*,*,#7766,.T.);
#8111 = ORIENTED_EDGE('',*,*,#8018,.T.);
#8112 = ORIENTED_EDGE('',*,*,#8113,.T.);
#8113 = EDGE_CURVE('',#8019,#8114,#8116,.T.);
#8114 = VERTEX_POINT('',#8115);
#8115 = CARTESIAN_POINT('',(-33.61728154514,20.960702404839,
    -34.77748812346));
#8116 = SURFACE_CURVE('',#8117,(#8121,#8127),.PCURVE_S1.);
#8117 = LINE('',#8118,#8119);
#8118 = CARTESIAN_POINT('',(-33.61728154514,13.965070163537,
    -23.47915411911));
#8119 = VECTOR('',#8120,1.);
#8120 = DIRECTION('',(0.,-0.526432162877,0.85021713573));
#8121 = PCURVE('',#7782,#8122);
#8122 = DEFINITIONAL_REPRESENTATION('',(#8123),#8126);
#8123 = B_SPLINE_CURVE_WITH_KNOTS('',1,(#8124,#8125),.UNSPECIFIED.,.F.,
  .F.,(2,2),(-15.707560676,-13.207560676),.PIECEWISE_BEZIER_KNOTS.);
#8124 = CARTESIAN_POINT('',(30.415121352005,7.559527783281));
#8125 = CARTESIAN_POINT('',(27.915121352005,7.559527783281));
#8126 = ( GEOMETRIC_REPRESENTATION_CONTEXT(2) 
PARAMETRIC_REPRESENTATION_CONTEXT() REPRESENTATION_CONTEXT('2D SPACE',''
  ) );
#8127 = PCURVE('',#7913,#8128);
#8128 = DEFINITIONAL_REPRESENTATION('',(#8129),#8132);
#8129 = B_SPLINE_CURVE_WITH_KNOTS('',1,(#8130,#8131),.UNSPECIFIED.,.F.,
  .F.,(2,2),(-15.707560676,-13.207560676),.PIECEWISE_BEZIER_KNOTS.);
#8130 = CARTESIAN_POINT('',(1.,-0.486839930751));
#8131 = CARTESIAN_POINT('',(-1.5,-0.486839930751));
#8132 = ( GEOMETRIC_REPRESENTATION_CONTEXT(2) 
PARAMETRIC_REPRESENTATION_CONTEXT() REPRESENTATION_CONTEXT('2D SPACE',''
  ) );
#8133 = ORIENTED_EDGE('',*,*,#8134,.F.);
#8134 = EDGE_CURVE('',#8135,#8114,#8137,.T.);
#8135 = VERTEX_POINT('',#8136);
#8136 = CARTESIAN_POINT('',(-31.44455276506,20.846197088743,
    -36.51713427723));
#8137 = SURFACE_CURVE('',#8138,(#8143,#8150),.PCURVE_S1.);
#8138 = ELLIPSE('',#8139,3.549302374729,1.5);
#8139 = AXIS2_PLACEMENT_3D('',#8140,#8141,#8142);
#8140 = CARTESIAN_POINT('',(-34.66131314582,22.121522792337,
    -35.72748603291));
#8141 = DIRECTION('',(-0.422618261741,-0.770558410784,-0.477109568562));
#8142 = DIRECTION('',(-0.906307787037,0.359317288004,0.2224798456));
#8143 = PCURVE('',#7782,#8144);
#8144 = DEFINITIONAL_REPRESENTATION('',(#8145),#8149);
#8145 = ELLIPSE('',#8146,3.549302374729,1.5);
#8146 = AXIS2_PLACEMENT_2D('',#8147,#8148);
#8147 = CARTESIAN_POINT('',(29.415121352005,6.407566368396));
#8148 = DIRECTION('',(2.775557561563E-17,-1.));
#8149 = ( GEOMETRIC_REPRESENTATION_CONTEXT(2) 
PARAMETRIC_REPRESENTATION_CONTEXT() REPRESENTATION_CONTEXT('2D SPACE',''
  ) );
#8150 = PCURVE('',#8151,#8156);
#8151 = CYLINDRICAL_SURFACE('',#8152,1.5);
#8152 = AXIS2_PLACEMENT_3D('',#8153,#8154,#8155);
#8153 = CARTESIAN_POINT('',(-33.61728154514,22.121522792337,
    -35.72748603291));
#8154 = DIRECTION('',(-1.,0.,0.));
#8155 = DIRECTION('',(0.,-0.85021713573,-0.526432162877));
#8156 = DEFINITIONAL_REPRESENTATION('',(#8157),#8166);
#8157 = B_SPLINE_CURVE_WITH_KNOTS('',7,(#8158,#8159,#8160,#8161,#8162,
    #8163,#8164,#8165),.UNSPECIFIED.,.F.,.F.,(8,8),(3.14159265359,
    4.38184271806),.PIECEWISE_BEZIER_KNOTS.);
#8158 = CARTESIAN_POINT('',(-6.28318530718,-2.172728780088));
#8159 = CARTESIAN_POINT('',(-6.106006726541,-2.172728780088));
#8160 = CARTESIAN_POINT('',(-5.928828145902,-2.054916646473));
#8161 = CARTESIAN_POINT('',(-5.751649565264,-1.819297034843));
#8162 = CARTESIAN_POINT('',(-5.574470984625,-1.474912375583));
#8163 = CARTESIAN_POINT('',(-5.397292403986,-1.039936753646));
#8164 = CARTESIAN_POINT('',(-5.220113823348,-0.539086788624));
#8165 = CARTESIAN_POINT('',(-5.042935242709,5.999999999062E-07));
#8166 = ( GEOMETRIC_REPRESENTATION_CONTEXT(2) 
PARAMETRIC_REPRESENTATION_CONTEXT() REPRESENTATION_CONTEXT('2D SPACE',''
  ) );
#8167 = ORIENTED_EDGE('',*,*,#8168,.F.);
#8168 = EDGE_CURVE('',#8169,#8135,#8171,.T.);
#8169 = VERTEX_POINT('',#8170);
#8170 = CARTESIAN_POINT('',(-32.26368151958,21.697383299651,
    -37.16627221951));
#8171 = SURFACE_CURVE('',#8172,(#8177,#8184),.PCURVE_S1.);
#8172 = ELLIPSE('',#8173,3.549302374729,1.5);
#8173 = AXIS2_PLACEMENT_3D('',#8174,#8175,#8176);
#8174 = CARTESIAN_POINT('',(-34.66131314582,22.121522792337,
    -35.72748603291));
#8175 = DIRECTION('',(-0.422618261741,-0.770558410784,-0.477109568562));
#8176 = DIRECTION('',(-0.906307787037,0.359317288004,0.2224798456));
#8177 = PCURVE('',#7782,#8178);
#8178 = DEFINITIONAL_REPRESENTATION('',(#8179),#8183);
#8179 = ELLIPSE('',#8180,3.549302374729,1.5);
#8180 = AXIS2_PLACEMENT_2D('',#8181,#8182);
#8181 = CARTESIAN_POINT('',(29.415121352005,6.407566368396));
#8182 = DIRECTION('',(2.775557561563E-17,-1.));
#8183 = ( GEOMETRIC_REPRESENTATION_CONTEXT(2) 
PARAMETRIC_REPRESENTATION_CONTEXT() REPRESENTATION_CONTEXT('2D SPACE',''
  ) );
#8184 = PCURVE('',#7941,#8185);
#8185 = DEFINITIONAL_REPRESENTATION('',(#8186),#8195);
#8186 = B_SPLINE_CURVE_WITH_KNOTS('',7,(#8187,#8188,#8189,#8190,#8191,
    #8192,#8193,#8194),.UNSPECIFIED.,.F.,.F.,(8,8),(1.901342589119,
    3.14159265359),.PIECEWISE_BEZIER_KNOTS.);
#8187 = CARTESIAN_POINT('',(-1.240250064471,5.999999999062E-07));
#8188 = CARTESIAN_POINT('',(-1.063071483832,-0.539086788624));
#8189 = CARTESIAN_POINT('',(-0.885892903193,-1.039936753646));
#8190 = CARTESIAN_POINT('',(-0.708714322555,-1.474912375583));
#8191 = CARTESIAN_POINT('',(-0.531535741916,-1.819297034843));
#8192 = CARTESIAN_POINT('',(-0.354357161277,-2.054916646473));
#8193 = CARTESIAN_POINT('',(-0.177178580639,-2.172728780088));
#8194 = CARTESIAN_POINT('',(0.,-2.172728780088));
#8195 = ( GEOMETRIC_REPRESENTATION_CONTEXT(2) 
PARAMETRIC_REPRESENTATION_CONTEXT() REPRESENTATION_CONTEXT('2D SPACE',''
  ) );
#8196 = ORIENTED_EDGE('',*,*,#8197,.T.);
#8197 = EDGE_CURVE('',#8169,#8068,#8198,.T.);
#8198 = SURFACE_CURVE('',#8199,(#8203,#8210),.PCURVE_S1.);
#8199 = LINE('',#8200,#8201);
#8200 = CARTESIAN_POINT('',(-40.46854044145,24.950304325414,
    -35.15214879233));
#8201 = VECTOR('',#8202,1.);
#8202 = DIRECTION('',(0.906307787037,-0.359317288004,-0.2224798456));
#8203 = PCURVE('',#7782,#8204);
#8204 = DEFINITIONAL_REPRESENTATION('',(#8205),#8209);
#8205 = LINE('',#8206,#8207);
#8206 = CARTESIAN_POINT('',(30.415121352005,-8.881784197001E-16));
#8207 = VECTOR('',#8208,1.);
#8208 = DIRECTION('',(0.,1.));
#8209 = ( GEOMETRIC_REPRESENTATION_CONTEXT(2) 
PARAMETRIC_REPRESENTATION_CONTEXT() REPRESENTATION_CONTEXT('2D SPACE',''
  ) );
#8210 = PCURVE('',#8003,#8211);
#8211 = DEFINITIONAL_REPRESENTATION('',(#8212),#8216);
#8212 = LINE('',#8213,#8214);
#8213 = CARTESIAN_POINT('',(-3.386180225107E-15,0.88245364056));
#8214 = VECTOR('',#8215,1.);
#8215 = DIRECTION('',(1.,8.326672684689E-17));
#8216 = ( GEOMETRIC_REPRESENTATION_CONTEXT(2) 
PARAMETRIC_REPRESENTATION_CONTEXT() REPRESENTATION_CONTEXT('2D SPACE',''
  ) );
#8217 = ADVANCED_FACE('',(#8218),#7754,.F.);
#8218 = FACE_BOUND('',#8219,.F.);
#8219 = EDGE_LOOP('',(#8220,#8221,#8222,#8243));
#8220 = ORIENTED_EDGE('',*,*,#7738,.F.);
#8221 = ORIENTED_EDGE('',*,*,#7853,.T.);
#8222 = ORIENTED_EDGE('',*,*,#8223,.T.);
#8223 = EDGE_CURVE('',#7824,#8066,#8224,.T.);
#8224 = SURFACE_CURVE('',#8225,(#8229,#8236),.PCURVE_S1.);
#8225 = LINE('',#8226,#8227);
#8226 = CARTESIAN_POINT('',(-26.76602264884,4.334107467502,
    -12.14380018618));
#8227 = VECTOR('',#8228,1.);
#8228 = DIRECTION('',(-0.422618261741,-0.770558410784,-0.477109568562));
#8229 = PCURVE('',#7754,#8230);
#8230 = DEFINITIONAL_REPRESENTATION('',(#8231),#8235);
#8231 = LINE('',#8232,#8233);
#8232 = CARTESIAN_POINT('',(14.707560676003,4.440892098501E-16));
#8233 = VECTOR('',#8234,1.);
#8234 = DIRECTION('',(8.326672684689E-17,1.));
#8235 = ( GEOMETRIC_REPRESENTATION_CONTEXT(2) 
PARAMETRIC_REPRESENTATION_CONTEXT() REPRESENTATION_CONTEXT('2D SPACE',''
  ) );
#8236 = PCURVE('',#7841,#8237);
#8237 = DEFINITIONAL_REPRESENTATION('',(#8238),#8242);
#8238 = LINE('',#8239,#8240);
#8239 = CARTESIAN_POINT('',(0.,0.));
#8240 = VECTOR('',#8241,1.);
#8241 = DIRECTION('',(0.,-1.));
#8242 = ( GEOMETRIC_REPRESENTATION_CONTEXT(2) 
PARAMETRIC_REPRESENTATION_CONTEXT() REPRESENTATION_CONTEXT('2D SPACE',''
  ) );
#8243 = ORIENTED_EDGE('',*,*,#8090,.F.);
#8244 = ADVANCED_FACE('',(#8245),#7841,.T.);
#8245 = FACE_BOUND('',#8246,.T.);
#8246 = EDGE_LOOP('',(#8247,#8248,#8249,#8250));
#8247 = ORIENTED_EDGE('',*,*,#7823,.F.);
#8248 = ORIENTED_EDGE('',*,*,#8223,.T.);
#8249 = ORIENTED_EDGE('',*,*,#8065,.T.);
#8250 = ORIENTED_EDGE('',*,*,#8251,.F.);
#8251 = EDGE_CURVE('',#7826,#8068,#8252,.T.);
#8252 = SURFACE_CURVE('',#8253,(#8257,#8264),.PCURVE_S1.);
#8253 = LINE('',#8254,#8255);
#8254 = CARTESIAN_POINT('',(-26.76602264884,20.345605585015,
    -38.00325754495));
#8255 = VECTOR('',#8256,1.);
#8256 = DIRECTION('',(-0.422618261741,-0.770558410784,-0.477109568562));
#8257 = PCURVE('',#7841,#8258);
#8258 = DEFINITIONAL_REPRESENTATION('',(#8259),#8263);
#8259 = LINE('',#8260,#8261);
#8260 = CARTESIAN_POINT('',(30.415121352005,1.7763568394E-15));
#8261 = VECTOR('',#8262,1.);
#8262 = DIRECTION('',(0.,-1.));
#8263 = ( GEOMETRIC_REPRESENTATION_CONTEXT(2) 
PARAMETRIC_REPRESENTATION_CONTEXT() REPRESENTATION_CONTEXT('2D SPACE',''
  ) );
#8264 = PCURVE('',#8003,#8265);
#8265 = DEFINITIONAL_REPRESENTATION('',(#8266),#8270);
#8266 = LINE('',#8267,#8268);
#8267 = CARTESIAN_POINT('',(14.707560676003,3.10862446895E-15));
#8268 = VECTOR('',#8269,1.);
#8269 = DIRECTION('',(8.326672684689E-17,1.));
#8270 = ( GEOMETRIC_REPRESENTATION_CONTEXT(2) 
PARAMETRIC_REPRESENTATION_CONTEXT() REPRESENTATION_CONTEXT('2D SPACE',''
  ) );
#8271 = ADVANCED_FACE('',(#8272),#8003,.T.);
#8272 = FACE_BOUND('',#8273,.T.);
#8273 = EDGE_LOOP('',(#8274,#8275,#8294,#8295));
#8274 = ORIENTED_EDGE('',*,*,#8197,.F.);
#8275 = ORIENTED_EDGE('',*,*,#8276,.F.);
#8276 = EDGE_CURVE('',#7960,#8169,#8277,.T.);
#8277 = SURFACE_CURVE('',#8278,(#8282,#8288),.PCURVE_S1.);
#8278 = LINE('',#8279,#8280);
#8279 = CARTESIAN_POINT('',(-33.61728154514,21.697383299651,
    -37.16627221951));
#8280 = VECTOR('',#8281,1.);
#8281 = DIRECTION('',(-1.,0.,0.));
#8282 = PCURVE('',#8003,#8283);
#8283 = DEFINITIONAL_REPRESENTATION('',(#8284),#8287);
#8284 = B_SPLINE_CURVE_WITH_KNOTS('',1,(#8285,#8286),.UNSPECIFIED.,.F.,
  .F.,(2,2),(-3.650469547051,-1.144793705429),.PIECEWISE_BEZIER_KNOTS.);
#8285 = CARTESIAN_POINT('',(11.134730895726,-8.824536405618E-02));
#8286 = CARTESIAN_POINT('',(8.863817368674,0.970699004616));
#8287 = ( GEOMETRIC_REPRESENTATION_CONTEXT(2) 
PARAMETRIC_REPRESENTATION_CONTEXT() REPRESENTATION_CONTEXT('2D SPACE',''
  ) );
#8288 = PCURVE('',#7941,#8289);
#8289 = DEFINITIONAL_REPRESENTATION('',(#8290),#8293);
#8290 = B_SPLINE_CURVE_WITH_KNOTS('',1,(#8291,#8292),.UNSPECIFIED.,.F.,
  .F.,(2,2),(-3.650469547051,-1.144793705429),.PIECEWISE_BEZIER_KNOTS.);
#8291 = CARTESIAN_POINT('',(-0.729727656227,-3.650469547051));
#8292 = CARTESIAN_POINT('',(-0.729727656227,-1.144793705429));
#8293 = ( GEOMETRIC_REPRESENTATION_CONTEXT(2) 
PARAMETRIC_REPRESENTATION_CONTEXT() REPRESENTATION_CONTEXT('2D SPACE',''
  ) );
#8294 = ORIENTED_EDGE('',*,*,#7989,.T.);
#8295 = ORIENTED_EDGE('',*,*,#8251,.T.);
#8296 = ADVANCED_FACE('',(#8297),#7941,.T.);
#8297 = FACE_BOUND('',#8298,.F.);
#8298 = EDGE_LOOP('',(#8299,#8323,#8344,#8345,#8346,#8347,#8370,#8397,
    #8398));
#8299 = ORIENTED_EDGE('',*,*,#8300,.F.);
#8300 = EDGE_CURVE('',#8301,#7899,#8303,.T.);
#8301 = VERTEX_POINT('',#8302);
#8302 = CARTESIAN_POINT('',(-33.61728154514,20.846197088743,
    -36.51713427723));
#8303 = SURFACE_CURVE('',#8304,(#8309,#8316),.PCURVE_S1.);
#8304 = CIRCLE('',#8305,1.5);
#8305 = AXIS2_PLACEMENT_3D('',#8306,#8307,#8308);
#8306 = CARTESIAN_POINT('',(-33.61728154514,22.121522792337,
    -35.72748603291));
#8307 = DIRECTION('',(1.,0.,0.));
#8308 = DIRECTION('',(0.,-0.85021713573,-0.526432162877));
#8309 = PCURVE('',#7941,#8310);
#8310 = DEFINITIONAL_REPRESENTATION('',(#8311),#8315);
#8311 = LINE('',#8312,#8313);
#8312 = CARTESIAN_POINT('',(-0.,0.));
#8313 = VECTOR('',#8314,1.);
#8314 = DIRECTION('',(-1.,0.));
#8315 = ( GEOMETRIC_REPRESENTATION_CONTEXT(2) 
PARAMETRIC_REPRESENTATION_CONTEXT() REPRESENTATION_CONTEXT('2D SPACE',''
  ) );
#8316 = PCURVE('',#7913,#8317);
#8317 = DEFINITIONAL_REPRESENTATION('',(#8318),#8322);
#8318 = CIRCLE('',#8319,1.5);
#8319 = AXIS2_PLACEMENT_2D('',#8320,#8321);
#8320 = CARTESIAN_POINT('',(0.,0.));
#8321 = DIRECTION('',(0.,-1.));
#8322 = ( GEOMETRIC_REPRESENTATION_CONTEXT(2) 
PARAMETRIC_REPRESENTATION_CONTEXT() REPRESENTATION_CONTEXT('2D SPACE',''
  ) );
#8323 = ORIENTED_EDGE('',*,*,#8324,.T.);
#8324 = EDGE_CURVE('',#8301,#8135,#8325,.T.);
#8325 = SURFACE_CURVE('',#8326,(#8330,#8337),.PCURVE_S1.);
#8326 = LINE('',#8327,#8328);
#8327 = CARTESIAN_POINT('',(-33.61728154514,20.846197088743,
    -36.51713427723));
#8328 = VECTOR('',#8329,1.);
#8329 = DIRECTION('',(1.,0.,0.));
#8330 = PCURVE('',#7941,#8331);
#8331 = DEFINITIONAL_REPRESENTATION('',(#8332),#8336);
#8332 = LINE('',#8333,#8334);
#8333 = CARTESIAN_POINT('',(-0.,0.));
#8334 = VECTOR('',#8335,1.);
#8335 = DIRECTION('',(-0.,-1.));
#8336 = ( GEOMETRIC_REPRESENTATION_CONTEXT(2) 
PARAMETRIC_REPRESENTATION_CONTEXT() REPRESENTATION_CONTEXT('2D SPACE',''
  ) );
#8337 = PCURVE('',#8151,#8338);
#8338 = DEFINITIONAL_REPRESENTATION('',(#8339),#8343);
#8339 = LINE('',#8340,#8341);
#8340 = CARTESIAN_POINT('',(-6.28318530718,0.));
#8341 = VECTOR('',#8342,1.);
#8342 = DIRECTION('',(-0.,-1.));
#8343 = ( GEOMETRIC_REPRESENTATION_CONTEXT(2) 
PARAMETRIC_REPRESENTATION_CONTEXT() REPRESENTATION_CONTEXT('2D SPACE',''
  ) );
#8344 = ORIENTED_EDGE('',*,*,#8168,.F.);
#8345 = ORIENTED_EDGE('',*,*,#8276,.F.);
#8346 = ORIENTED_EDGE('',*,*,#7959,.T.);
#8347 = ORIENTED_EDGE('',*,*,#8348,.T.);
#8348 = EDGE_CURVE('',#7925,#8349,#8351,.T.);
#8349 = VERTEX_POINT('',#8350);
#8350 = CARTESIAN_POINT('',(-23.61728154514,20.846197088743,
    -36.51713427723));
#8351 = SEAM_CURVE('',#8352,(#8356,#8363),.PCURVE_S1.);
#8352 = LINE('',#8353,#8354);
#8353 = CARTESIAN_POINT('',(-33.61728154514,20.846197088743,
    -36.51713427723));
#8354 = VECTOR('',#8355,1.);
#8355 = DIRECTION('',(1.,0.,0.));
#8356 = PCURVE('',#7941,#8357);
#8357 = DEFINITIONAL_REPRESENTATION('',(#8358),#8362);
#8358 = LINE('',#8359,#8360);
#8359 = CARTESIAN_POINT('',(-0.,0.));
#8360 = VECTOR('',#8361,1.);
#8361 = DIRECTION('',(-0.,-1.));
#8362 = ( GEOMETRIC_REPRESENTATION_CONTEXT(2) 
PARAMETRIC_REPRESENTATION_CONTEXT() REPRESENTATION_CONTEXT('2D SPACE',''
  ) );
#8363 = PCURVE('',#7941,#8364);
#8364 = DEFINITIONAL_REPRESENTATION('',(#8365),#8369);
#8365 = LINE('',#8366,#8367);
#8366 = CARTESIAN_POINT('',(-6.28318530718,0.));
#8367 = VECTOR('',#8368,1.);
#8368 = DIRECTION('',(-0.,-1.));
#8369 = ( GEOMETRIC_REPRESENTATION_CONTEXT(2) 
PARAMETRIC_REPRESENTATION_CONTEXT() REPRESENTATION_CONTEXT('2D SPACE',''
  ) );
#8370 = ORIENTED_EDGE('',*,*,#8371,.T.);
#8371 = EDGE_CURVE('',#8349,#8349,#8372,.T.);
#8372 = SURFACE_CURVE('',#8373,(#8378,#8385),.PCURVE_S1.);
#8373 = CIRCLE('',#8374,1.5);
#8374 = AXIS2_PLACEMENT_3D('',#8375,#8376,#8377);
#8375 = CARTESIAN_POINT('',(-23.61728154514,22.121522792337,
    -35.72748603291));
#8376 = DIRECTION('',(1.,0.,0.));
#8377 = DIRECTION('',(0.,-0.85021713573,-0.526432162877));
#8378 = PCURVE('',#7941,#8379);
#8379 = DEFINITIONAL_REPRESENTATION('',(#8380),#8384);
#8380 = LINE('',#8381,#8382);
#8381 = CARTESIAN_POINT('',(-0.,-10.));
#8382 = VECTOR('',#8383,1.);
#8383 = DIRECTION('',(-1.,0.));
#8384 = ( GEOMETRIC_REPRESENTATION_CONTEXT(2) 
PARAMETRIC_REPRESENTATION_CONTEXT() REPRESENTATION_CONTEXT('2D SPACE',''
  ) );
#8385 = PCURVE('',#8386,#8391);
#8386 = PLANE('',#8387);
#8387 = AXIS2_PLACEMENT_3D('',#8388,#8389,#8390);
#8388 = CARTESIAN_POINT('',(-23.61728154514,22.121522792337,
    -35.72748603291));
#8389 = DIRECTION('',(1.,0.,0.));
#8390 = DIRECTION('',(0.,0.526432162877,-0.85021713573));
#8391 = DEFINITIONAL_REPRESENTATION('',(#8392),#8396);
#8392 = CIRCLE('',#8393,1.5);
#8393 = AXIS2_PLACEMENT_2D('',#8394,#8395);
#8394 = CARTESIAN_POINT('',(0.,0.));
#8395 = DIRECTION('',(0.,-1.));
#8396 = ( GEOMETRIC_REPRESENTATION_CONTEXT(2) 
PARAMETRIC_REPRESENTATION_CONTEXT() REPRESENTATION_CONTEXT('2D SPACE',''
  ) );
#8397 = ORIENTED_EDGE('',*,*,#8348,.F.);
#8398 = ORIENTED_EDGE('',*,*,#7924,.T.);
#8399 = ADVANCED_FACE('',(#8400),#7913,.F.);
#8400 = FACE_BOUND('',#8401,.F.);
#8401 = EDGE_LOOP('',(#8402,#8424,#8425,#8426,#8427));
#8402 = ORIENTED_EDGE('',*,*,#8403,.T.);
#8403 = EDGE_CURVE('',#8114,#8301,#8404,.T.);
#8404 = SURFACE_CURVE('',#8405,(#8410,#8417),.PCURVE_S1.);
#8405 = CIRCLE('',#8406,1.5);
#8406 = AXIS2_PLACEMENT_3D('',#8407,#8408,#8409);
#8407 = CARTESIAN_POINT('',(-33.61728154514,22.121522792337,
    -35.72748603291));
#8408 = DIRECTION('',(1.,0.,0.));
#8409 = DIRECTION('',(0.,-0.85021713573,-0.526432162877));
#8410 = PCURVE('',#7913,#8411);
#8411 = DEFINITIONAL_REPRESENTATION('',(#8412),#8416);
#8412 = CIRCLE('',#8413,1.5);
#8413 = AXIS2_PLACEMENT_2D('',#8414,#8415);
#8414 = CARTESIAN_POINT('',(0.,0.));
#8415 = DIRECTION('',(0.,-1.));
#8416 = ( GEOMETRIC_REPRESENTATION_CONTEXT(2) 
PARAMETRIC_REPRESENTATION_CONTEXT() REPRESENTATION_CONTEXT('2D SPACE',''
  ) );
#8417 = PCURVE('',#8151,#8418);
#8418 = DEFINITIONAL_REPRESENTATION('',(#8419),#8423);
#8419 = LINE('',#8420,#8421);
#8420 = CARTESIAN_POINT('',(-0.,0.));
#8421 = VECTOR('',#8422,1.);
#8422 = DIRECTION('',(-1.,0.));
#8423 = ( GEOMETRIC_REPRESENTATION_CONTEXT(2) 
PARAMETRIC_REPRESENTATION_CONTEXT() REPRESENTATION_CONTEXT('2D SPACE',''
  ) );
#8424 = ORIENTED_EDGE('',*,*,#8300,.T.);
#8425 = ORIENTED_EDGE('',*,*,#7898,.F.);
#8426 = ORIENTED_EDGE('',*,*,#8043,.T.);
#8427 = ORIENTED_EDGE('',*,*,#8113,.T.);
#8428 = ADVANCED_FACE('',(#8429),#8151,.T.);
#8429 = FACE_BOUND('',#8430,.F.);
#8430 = EDGE_LOOP('',(#8431,#8432,#8433));
#8431 = ORIENTED_EDGE('',*,*,#8403,.F.);
#8432 = ORIENTED_EDGE('',*,*,#8134,.F.);
#8433 = ORIENTED_EDGE('',*,*,#8324,.F.);
#8434 = ADVANCED_FACE('',(#8435),#8386,.T.);
#8435 = FACE_BOUND('',#8436,.T.);
#8436 = EDGE_LOOP('',(#8437));
#8437 = ORIENTED_EDGE('',*,*,#8371,.T.);
#8438 = ( GEOMETRIC_REPRESENTATION_CONTEXT(3) 
GLOBAL_UNCERTAINTY_ASSIGNED_CONTEXT((#8442)) 
GLOBAL_UNIT_ASSIGNED_CONTEXT((#8439,#8440,#8441)) REPRESENTATION_CONTEXT
('Context #1','3D Context with UNIT and UNCERTAINTY') );
#8439 = ( LENGTH_UNIT() NAMED_UNIT(*) SI_UNIT(.MILLI.,.METRE.) );
#8440 = ( NAMED_UNIT(*) PLANE_ANGLE_UNIT() SI_UNIT($,.RADIAN.) );
#8441 = ( NAMED_UNIT(*) SI_UNIT($,.STERADIAN.) SOLID_ANGLE_UNIT() );
#8442 = UNCERTAINTY_MEASURE_WITH_UNIT(LENGTH_MEASURE(1.E-07),#8439,
  'distance_accuracy_value','confusion accuracy');
#8443 = CONTEXT_DEPENDENT_SHAPE_REPRESENTATION(#8444,#8446);
#8444 = ( REPRESENTATION_RELATIONSHIP('','',#7696,#10) 
REPRESENTATION_RELATIONSHIP_WITH_TRANSFORMATION(#8445) 
SHAPE_REPRESENTATION_RELATIONSHIP() );
#8445 = ITEM_DEFINED_TRANSFORMATION('','',#11,#55);
#8446 = PRODUCT_DEFINITION_SHAPE('Placement','Placement of an item',
  #8447);
#8447 = NEXT_ASSEMBLY_USAGE_OCCURRENCE('11','','',#5,#7691,$);
#8448 = PRODUCT_RELATED_PRODUCT_CATEGORY('part',$,(#7693));
#8449 = SHAPE_DEFINITION_REPRESENTATION(#8450,#8456);
#8450 = PRODUCT_DEFINITION_SHAPE('','',#8451);
#8451 = PRODUCT_DEFINITION('design','',#8452,#8455);
#8452 = PRODUCT_DEFINITION_FORMATION('','',#8453);
#8453 = PRODUCT('Open CASCADE STEP translator 7.9 2.12',
  'Open CASCADE STEP translator 7.9 2.12','',(#8454));
#8454 = PRODUCT_CONTEXT('',#2,'mechanical');
#8455 = PRODUCT_DEFINITION_CONTEXT('part definition',#2,'design');
#8456 = ADVANCED_BREP_SHAPE_REPRESENTATION('',(#11,#8457),#9198);
#8457 = MANIFOLD_SOLID_BREP('',#8458);
#8458 = CLOSED_SHELL('',(#8459,#8579,#8774,#8821,#8977,#9004,#9031,#9056
    ,#9159,#9188,#9194));
#8459 = ADVANCED_FACE('',(#8460),#8474,.F.);
#8460 = FACE_BOUND('',#8461,.F.);
#8461 = EDGE_LOOP('',(#8462,#8497,#8525,#8553));
#8462 = ORIENTED_EDGE('',*,*,#8463,.F.);
#8463 = EDGE_CURVE('',#8464,#8466,#8468,.T.);
#8464 = VERTEX_POINT('',#8465);
#8465 = CARTESIAN_POINT('',(-40.09559941781,12.174067768674,
    -4.797873536317));
#8466 = VERTEX_POINT('',#8467);
#8467 = CARTESIAN_POINT('',(-40.09559941781,36.445858577393,
    -23.12707913271));
#8468 = SURFACE_CURVE('',#8469,(#8473,#8485),.PCURVE_S1.);
#8469 = LINE('',#8470,#8471);
#8470 = CARTESIAN_POINT('',(-40.09559941781,12.174067768674,
    -4.797873536317));
#8471 = VECTOR('',#8472,1.);
#8472 = DIRECTION('',(0.,0.79801722728,-0.602634636379));
#8473 = PCURVE('',#8474,#8479);
#8474 = PLANE('',#8475);
#8475 = AXIS2_PLACEMENT_3D('',#8476,#8477,#8478);
#8476 = CARTESIAN_POINT('',(-40.09559941781,12.174067768674,
    -4.797873536317));
#8477 = DIRECTION('',(0.906307787037,-0.254684402491,-0.337256653432));
#8478 = DIRECTION('',(0.,0.79801722728,-0.602634636379));
#8479 = DEFINITIONAL_REPRESENTATION('',(#8480),#8484);
#8480 = LINE('',#8481,#8482);
#8481 = CARTESIAN_POINT('',(0.,0.));
#8482 = VECTOR('',#8483,1.);
#8483 = DIRECTION('',(1.,5.551115123126E-17));
#8484 = ( GEOMETRIC_REPRESENTATION_CONTEXT(2) 
PARAMETRIC_REPRESENTATION_CONTEXT() REPRESENTATION_CONTEXT('2D SPACE',''
  ) );
#8485 = PCURVE('',#8486,#8491);
#8486 = PLANE('',#8487);
#8487 = AXIS2_PLACEMENT_3D('',#8488,#8489,#8490);
#8488 = CARTESIAN_POINT('',(-40.09559941781,12.174067768674,
    -4.797873536317));
#8489 = DIRECTION('',(-0.422618261741,-0.546172463689,-0.723249227273));
#8490 = DIRECTION('',(0.,0.79801722728,-0.602634636379));
#8491 = DEFINITIONAL_REPRESENTATION('',(#8492),#8496);
#8492 = LINE('',#8493,#8494);
#8493 = CARTESIAN_POINT('',(0.,0.));
#8494 = VECTOR('',#8495,1.);
#8495 = DIRECTION('',(1.,-5.551115123126E-17));
#8496 = ( GEOMETRIC_REPRESENTATION_CONTEXT(2) 
PARAMETRIC_REPRESENTATION_CONTEXT() REPRESENTATION_CONTEXT('2D SPACE',''
  ) );
#8497 = ORIENTED_EDGE('',*,*,#8498,.T.);
#8498 = EDGE_CURVE('',#8464,#8499,#8501,.T.);
#8499 = VERTEX_POINT('',#8500);
#8500 = CARTESIAN_POINT('',(-40.46854044145,11.692095889718,
    -5.436107449957));
#8501 = SURFACE_CURVE('',#8502,(#8506,#8513),.PCURVE_S1.);
#8502 = LINE('',#8503,#8504);
#8503 = CARTESIAN_POINT('',(-40.09559941781,12.174067768674,
    -4.797873536317));
#8504 = VECTOR('',#8505,1.);
#8505 = DIRECTION('',(-0.422618261741,-0.546172463689,-0.723249227273));
#8506 = PCURVE('',#8474,#8507);
#8507 = DEFINITIONAL_REPRESENTATION('',(#8508),#8512);
#8508 = LINE('',#8509,#8510);
#8509 = CARTESIAN_POINT('',(0.,0.));
#8510 = VECTOR('',#8511,1.);
#8511 = DIRECTION('',(-5.551115123126E-17,-1.));
#8512 = ( GEOMETRIC_REPRESENTATION_CONTEXT(2) 
PARAMETRIC_REPRESENTATION_CONTEXT() REPRESENTATION_CONTEXT('2D SPACE',''
  ) );
#8513 = PCURVE('',#8514,#8519);
#8514 = PLANE('',#8515);
#8515 = AXIS2_PLACEMENT_3D('',#8516,#8517,#8518);
#8516 = CARTESIAN_POINT('',(-40.09559941781,12.174067768674,
    -4.797873536317));
#8517 = DIRECTION('',(0.,0.79801722728,-0.602634636379));
#8518 = DIRECTION('',(0.906307787037,-0.254684402491,-0.337256653432));
#8519 = DEFINITIONAL_REPRESENTATION('',(#8520),#8524);
#8520 = LINE('',#8521,#8522);
#8521 = CARTESIAN_POINT('',(0.,-0.));
#8522 = VECTOR('',#8523,1.);
#8523 = DIRECTION('',(2.775557561563E-17,1.));
#8524 = ( GEOMETRIC_REPRESENTATION_CONTEXT(2) 
PARAMETRIC_REPRESENTATION_CONTEXT() REPRESENTATION_CONTEXT('2D SPACE',''
  ) );
#8525 = ORIENTED_EDGE('',*,*,#8526,.T.);
#8526 = EDGE_CURVE('',#8499,#8527,#8529,.T.);
#8527 = VERTEX_POINT('',#8528);
#8528 = CARTESIAN_POINT('',(-40.46854044145,35.963886698437,
    -23.76531304635));
#8529 = SURFACE_CURVE('',#8530,(#8534,#8541),.PCURVE_S1.);
#8530 = LINE('',#8531,#8532);
#8531 = CARTESIAN_POINT('',(-40.46854044145,11.692095889718,
    -5.436107449957));
#8532 = VECTOR('',#8533,1.);
#8533 = DIRECTION('',(0.,0.79801722728,-0.602634636379));
#8534 = PCURVE('',#8474,#8535);
#8535 = DEFINITIONAL_REPRESENTATION('',(#8536),#8540);
#8536 = LINE('',#8537,#8538);
#8537 = CARTESIAN_POINT('',(-1.110223024625E-16,-0.88245364056));
#8538 = VECTOR('',#8539,1.);
#8539 = DIRECTION('',(1.,5.551115123126E-17));
#8540 = ( GEOMETRIC_REPRESENTATION_CONTEXT(2) 
PARAMETRIC_REPRESENTATION_CONTEXT() REPRESENTATION_CONTEXT('2D SPACE',''
  ) );
#8541 = PCURVE('',#8542,#8547);
#8542 = PLANE('',#8543);
#8543 = AXIS2_PLACEMENT_3D('',#8544,#8545,#8546);
#8544 = CARTESIAN_POINT('',(-40.46854044145,11.692095889718,
    -5.436107449957));
#8545 = DIRECTION('',(-0.422618261741,-0.546172463689,-0.723249227273));
#8546 = DIRECTION('',(0.,0.79801722728,-0.602634636379));
#8547 = DEFINITIONAL_REPRESENTATION('',(#8548),#8552);
#8548 = LINE('',#8549,#8550);
#8549 = CARTESIAN_POINT('',(0.,0.));
#8550 = VECTOR('',#8551,1.);
#8551 = DIRECTION('',(1.,-5.551115123126E-17));
#8552 = ( GEOMETRIC_REPRESENTATION_CONTEXT(2) 
PARAMETRIC_REPRESENTATION_CONTEXT() REPRESENTATION_CONTEXT('2D SPACE',''
  ) );
#8553 = ORIENTED_EDGE('',*,*,#8554,.F.);
#8554 = EDGE_CURVE('',#8466,#8527,#8555,.T.);
#8555 = SURFACE_CURVE('',#8556,(#8560,#8567),.PCURVE_S1.);
#8556 = LINE('',#8557,#8558);
#8557 = CARTESIAN_POINT('',(-40.09559941781,36.445858577393,
    -23.12707913271));
#8558 = VECTOR('',#8559,1.);
#8559 = DIRECTION('',(-0.422618261741,-0.546172463689,-0.723249227273));
#8560 = PCURVE('',#8474,#8561);
#8561 = DEFINITIONAL_REPRESENTATION('',(#8562),#8566);
#8562 = LINE('',#8563,#8564);
#8563 = CARTESIAN_POINT('',(30.415121352005,1.7763568394E-15));
#8564 = VECTOR('',#8565,1.);
#8565 = DIRECTION('',(-5.551115123126E-17,-1.));
#8566 = ( GEOMETRIC_REPRESENTATION_CONTEXT(2) 
PARAMETRIC_REPRESENTATION_CONTEXT() REPRESENTATION_CONTEXT('2D SPACE',''
  ) );
#8567 = PCURVE('',#8568,#8573);
#8568 = PLANE('',#8569);
#8569 = AXIS2_PLACEMENT_3D('',#8570,#8571,#8572);
#8570 = CARTESIAN_POINT('',(-40.09559941781,36.445858577393,
    -23.12707913271));
#8571 = DIRECTION('',(0.,0.79801722728,-0.602634636379));
#8572 = DIRECTION('',(0.906307787037,-0.254684402491,-0.337256653432));
#8573 = DEFINITIONAL_REPRESENTATION('',(#8574),#8578);
#8574 = LINE('',#8575,#8576);
#8575 = CARTESIAN_POINT('',(0.,-0.));
#8576 = VECTOR('',#8577,1.);
#8577 = DIRECTION('',(2.775557561563E-17,1.));
#8578 = ( GEOMETRIC_REPRESENTATION_CONTEXT(2) 
PARAMETRIC_REPRESENTATION_CONTEXT() REPRESENTATION_CONTEXT('2D SPACE',''
  ) );
#8579 = ADVANCED_FACE('',(#8580),#8486,.F.);
#8580 = FACE_BOUND('',#8581,.F.);
#8581 = EDGE_LOOP('',(#8582,#8612,#8633,#8634,#8657,#8683,#8718,#8748));
#8582 = ORIENTED_EDGE('',*,*,#8583,.F.);
#8583 = EDGE_CURVE('',#8584,#8586,#8588,.T.);
#8584 = VERTEX_POINT('',#8585);
#8585 = CARTESIAN_POINT('',(-26.76602264884,8.428281465801,
    -9.758096230058));
#8586 = VERTEX_POINT('',#8587);
#8587 = CARTESIAN_POINT('',(-26.76602264884,32.70007227452,
    -28.08730182645));
#8588 = SURFACE_CURVE('',#8589,(#8593,#8600),.PCURVE_S1.);
#8589 = LINE('',#8590,#8591);
#8590 = CARTESIAN_POINT('',(-26.76602264884,8.428281465801,
    -9.758096230058));
#8591 = VECTOR('',#8592,1.);
#8592 = DIRECTION('',(0.,0.79801722728,-0.602634636379));
#8593 = PCURVE('',#8486,#8594);
#8594 = DEFINITIONAL_REPRESENTATION('',(#8595),#8599);
#8595 = LINE('',#8596,#8597);
#8596 = CARTESIAN_POINT('',(-1.33226762955E-15,14.707560676003));
#8597 = VECTOR('',#8598,1.);
#8598 = DIRECTION('',(1.,-5.551115123126E-17));
#8599 = ( GEOMETRIC_REPRESENTATION_CONTEXT(2) 
PARAMETRIC_REPRESENTATION_CONTEXT() REPRESENTATION_CONTEXT('2D SPACE',''
  ) );
#8600 = PCURVE('',#8601,#8606);
#8601 = PLANE('',#8602);
#8602 = AXIS2_PLACEMENT_3D('',#8603,#8604,#8605);
#8603 = CARTESIAN_POINT('',(-26.76602264884,8.428281465801,
    -9.758096230058));
#8604 = DIRECTION('',(0.906307787037,-0.254684402491,-0.337256653432));
#8605 = DIRECTION('',(0.,0.79801722728,-0.602634636379));
#8606 = DEFINITIONAL_REPRESENTATION('',(#8607),#8611);
#8607 = LINE('',#8608,#8609);
#8608 = CARTESIAN_POINT('',(0.,0.));
#8609 = VECTOR('',#8610,1.);
#8610 = DIRECTION('',(1.,5.551115123126E-17));
#8611 = ( GEOMETRIC_REPRESENTATION_CONTEXT(2) 
PARAMETRIC_REPRESENTATION_CONTEXT() REPRESENTATION_CONTEXT('2D SPACE',''
  ) );
#8612 = ORIENTED_EDGE('',*,*,#8613,.F.);
#8613 = EDGE_CURVE('',#8464,#8584,#8614,.T.);
#8614 = SURFACE_CURVE('',#8615,(#8619,#8626),.PCURVE_S1.);
#8615 = LINE('',#8616,#8617);
#8616 = CARTESIAN_POINT('',(-40.09559941781,12.174067768674,
    -4.797873536317));
#8617 = VECTOR('',#8618,1.);
#8618 = DIRECTION('',(0.906307787037,-0.254684402491,-0.337256653432));
#8619 = PCURVE('',#8486,#8620);
#8620 = DEFINITIONAL_REPRESENTATION('',(#8621),#8625);
#8621 = LINE('',#8622,#8623);
#8622 = CARTESIAN_POINT('',(0.,0.));
#8623 = VECTOR('',#8624,1.);
#8624 = DIRECTION('',(-2.775557561563E-17,1.));
#8625 = ( GEOMETRIC_REPRESENTATION_CONTEXT(2) 
PARAMETRIC_REPRESENTATION_CONTEXT() REPRESENTATION_CONTEXT('2D SPACE',''
  ) );
#8626 = PCURVE('',#8514,#8627);
#8627 = DEFINITIONAL_REPRESENTATION('',(#8628),#8632);
#8628 = LINE('',#8629,#8630);
#8629 = CARTESIAN_POINT('',(0.,-0.));
#8630 = VECTOR('',#8631,1.);
#8631 = DIRECTION('',(1.,2.775557561563E-17));
#8632 = ( GEOMETRIC_REPRESENTATION_CONTEXT(2) 
PARAMETRIC_REPRESENTATION_CONTEXT() REPRESENTATION_CONTEXT('2D SPACE',''
  ) );
#8633 = ORIENTED_EDGE('',*,*,#8463,.T.);
#8634 = ORIENTED_EDGE('',*,*,#8635,.T.);
#8635 = EDGE_CURVE('',#8466,#8636,#8638,.T.);
#8636 = VERTEX_POINT('',#8637);
#8637 = CARTESIAN_POINT('',(-33.61728154514,34.625366091122,
    -25.53780078473));
#8638 = SURFACE_CURVE('',#8639,(#8643,#8650),.PCURVE_S1.);
#8639 = LINE('',#8640,#8641);
#8640 = CARTESIAN_POINT('',(-40.09559941781,36.445858577393,
    -23.12707913271));
#8641 = VECTOR('',#8642,1.);
#8642 = DIRECTION('',(0.906307787037,-0.254684402491,-0.337256653432));
#8643 = PCURVE('',#8486,#8644);
#8644 = DEFINITIONAL_REPRESENTATION('',(#8645),#8649);
#8645 = LINE('',#8646,#8647);
#8646 = CARTESIAN_POINT('',(30.415121352005,-8.881784197001E-16));
#8647 = VECTOR('',#8648,1.);
#8648 = DIRECTION('',(-2.775557561563E-17,1.));
#8649 = ( GEOMETRIC_REPRESENTATION_CONTEXT(2) 
PARAMETRIC_REPRESENTATION_CONTEXT() REPRESENTATION_CONTEXT('2D SPACE',''
  ) );
#8650 = PCURVE('',#8568,#8651);
#8651 = DEFINITIONAL_REPRESENTATION('',(#8652),#8656);
#8652 = LINE('',#8653,#8654);
#8653 = CARTESIAN_POINT('',(0.,-0.));
#8654 = VECTOR('',#8655,1.);
#8655 = DIRECTION('',(1.,2.775557561563E-17));
#8656 = ( GEOMETRIC_REPRESENTATION_CONTEXT(2) 
PARAMETRIC_REPRESENTATION_CONTEXT() REPRESENTATION_CONTEXT('2D SPACE',''
  ) );
#8657 = ORIENTED_EDGE('',*,*,#8658,.T.);
#8658 = EDGE_CURVE('',#8636,#8659,#8661,.T.);
#8659 = VERTEX_POINT('',#8660);
#8660 = CARTESIAN_POINT('',(-33.61728154514,32.695123866131,
    -24.08014951905));
#8661 = SURFACE_CURVE('',#8662,(#8666,#8672),.PCURVE_S1.);
#8662 = LINE('',#8663,#8664);
#8663 = CARTESIAN_POINT('',(-33.61728154514,22.090462073122,
    -16.07188066834));
#8664 = VECTOR('',#8665,1.);
#8665 = DIRECTION('',(0.,-0.79801722728,0.602634636379));
#8666 = PCURVE('',#8486,#8667);
#8667 = DEFINITIONAL_REPRESENTATION('',(#8668),#8671);
#8668 = B_SPLINE_CURVE_WITH_KNOTS('',1,(#8669,#8670),.UNSPECIFIED.,.F.,
  .F.,(2,2),(-15.707560676,-13.207560676),.PIECEWISE_BEZIER_KNOTS.);
#8669 = CARTESIAN_POINT('',(30.415121352005,7.148032892721));
#8670 = CARTESIAN_POINT('',(27.915121352005,7.148032892721));
#8671 = ( GEOMETRIC_REPRESENTATION_CONTEXT(2) 
PARAMETRIC_REPRESENTATION_CONTEXT() REPRESENTATION_CONTEXT('2D SPACE',''
  ) );
#8672 = PCURVE('',#8673,#8678);
#8673 = PLANE('',#8674);
#8674 = AXIS2_PLACEMENT_3D('',#8675,#8676,#8677);
#8675 = CARTESIAN_POINT('',(-33.61728154514,33.533962259198,
    -25.32367280002));
#8676 = DIRECTION('',(1.,0.,0.));
#8677 = DIRECTION('',(0.,0.79801722728,-0.602634636379));
#8678 = DEFINITIONAL_REPRESENTATION('',(#8679),#8682);
#8679 = B_SPLINE_CURVE_WITH_KNOTS('',1,(#8680,#8681),.UNSPECIFIED.,.F.,
  .F.,(2,2),(-15.707560676,-13.207560676),.PIECEWISE_BEZIER_KNOTS.);
#8680 = CARTESIAN_POINT('',(1.,0.486839930751));
#8681 = CARTESIAN_POINT('',(-1.5,0.486839930751));
#8682 = ( GEOMETRIC_REPRESENTATION_CONTEXT(2) 
PARAMETRIC_REPRESENTATION_CONTEXT() REPRESENTATION_CONTEXT('2D SPACE',''
  ) );
#8683 = ORIENTED_EDGE('',*,*,#8684,.F.);
#8684 = EDGE_CURVE('',#8685,#8659,#8687,.T.);
#8685 = VERTEX_POINT('',#8686);
#8686 = CARTESIAN_POINT('',(-29.3564895637,32.63001030463,
    -26.52069864094));
#8687 = SURFACE_CURVE('',#8688,(#8693,#8700),.PCURVE_S1.);
#8688 = ELLIPSE('',#8689,3.549302374729,1.5);
#8689 = AXIS2_PLACEMENT_3D('',#8690,#8691,#8692);
#8690 = CARTESIAN_POINT('',(-32.57324994447,33.533962259198,
    -25.32367280002));
#8691 = DIRECTION('',(-0.422618261741,-0.546172463689,-0.723249227273));
#8692 = DIRECTION('',(-0.906307787037,0.254684402491,0.337256653432));
#8693 = PCURVE('',#8486,#8694);
#8694 = DEFINITIONAL_REPRESENTATION('',(#8695),#8699);
#8695 = ELLIPSE('',#8696,3.549302374729,1.5);
#8696 = AXIS2_PLACEMENT_2D('',#8697,#8698);
#8697 = CARTESIAN_POINT('',(29.415121352005,8.299994307606));
#8698 = DIRECTION('',(2.775557561563E-17,-1.));
#8699 = ( GEOMETRIC_REPRESENTATION_CONTEXT(2) 
PARAMETRIC_REPRESENTATION_CONTEXT() REPRESENTATION_CONTEXT('2D SPACE',''
  ) );
#8700 = PCURVE('',#8701,#8706);
#8701 = CYLINDRICAL_SURFACE('',#8702,1.5);
#8702 = AXIS2_PLACEMENT_3D('',#8703,#8704,#8705);
#8703 = CARTESIAN_POINT('',(-33.61728154514,33.533962259198,
    -25.32367280002));
#8704 = DIRECTION('',(-1.,0.,0.));
#8705 = DIRECTION('',(0.,-0.602634636379,-0.79801722728));
#8706 = DEFINITIONAL_REPRESENTATION('',(#8707),#8717);
#8707 = B_SPLINE_CURVE_WITH_KNOTS('',8,(#8708,#8709,#8710,#8711,#8712,
    #8713,#8714,#8715,#8716),.UNSPECIFIED.,.F.,.F.,(9,9),(3.14159265359,
    5.042935637106),.PIECEWISE_BEZIER_KNOTS.);
#8708 = CARTESIAN_POINT('',(-6.28318530718,-4.26079198144));
#8709 = CARTESIAN_POINT('',(-6.04551743424,-4.26079198144));
#8710 = CARTESIAN_POINT('',(-5.807849561301,-4.053131704451));
#8711 = CARTESIAN_POINT('',(-5.570181688363,-3.637818875015));
#8712 = CARTESIAN_POINT('',(-5.332513815423,-3.039844771421));
#8713 = CARTESIAN_POINT('',(-5.094845942484,-2.309344507452));
#8714 = CARTESIAN_POINT('',(-4.857178069543,-1.513664959137));
#8715 = CARTESIAN_POINT('',(-4.619510196603,-0.72313272222));
#8716 = CARTESIAN_POINT('',(-4.381842323664,5.999999999062E-07));
#8717 = ( GEOMETRIC_REPRESENTATION_CONTEXT(2) 
PARAMETRIC_REPRESENTATION_CONTEXT() REPRESENTATION_CONTEXT('2D SPACE',''
  ) );
#8718 = ORIENTED_EDGE('',*,*,#8719,.F.);
#8719 = EDGE_CURVE('',#8720,#8685,#8722,.T.);
#8720 = VERTEX_POINT('',#8721);
#8721 = CARTESIAN_POINT('',(-30.17561831823,33.658213480209,
    -26.81851782011));
#8722 = SURFACE_CURVE('',#8723,(#8728,#8735),.PCURVE_S1.);
#8723 = ELLIPSE('',#8724,3.549302374729,1.5);
#8724 = AXIS2_PLACEMENT_3D('',#8725,#8726,#8727);
#8725 = CARTESIAN_POINT('',(-32.57324994447,33.533962259198,
    -25.32367280002));
#8726 = DIRECTION('',(-0.422618261741,-0.546172463689,-0.723249227273));
#8727 = DIRECTION('',(-0.906307787037,0.254684402491,0.337256653432));
#8728 = PCURVE('',#8486,#8729);
#8729 = DEFINITIONAL_REPRESENTATION('',(#8730),#8734);
#8730 = ELLIPSE('',#8731,3.549302374729,1.5);
#8731 = AXIS2_PLACEMENT_2D('',#8732,#8733);
#8732 = CARTESIAN_POINT('',(29.415121352005,8.299994307606));
#8733 = DIRECTION('',(2.775557561563E-17,-1.));
#8734 = ( GEOMETRIC_REPRESENTATION_CONTEXT(2) 
PARAMETRIC_REPRESENTATION_CONTEXT() REPRESENTATION_CONTEXT('2D SPACE',''
  ) );
#8735 = PCURVE('',#8701,#8736);
#8736 = DEFINITIONAL_REPRESENTATION('',(#8737),#8747);
#8737 = B_SPLINE_CURVE_WITH_KNOTS('',8,(#8738,#8739,#8740,#8741,#8742,
    #8743,#8744,#8745,#8746),.UNSPECIFIED.,.F.,.F.,(9,9),(1.240249670074
    ,3.14159265359),.PIECEWISE_BEZIER_KNOTS.);
#8738 = CARTESIAN_POINT('',(-1.901342983516,5.999999999062E-07));
#8739 = CARTESIAN_POINT('',(-1.663675110576,-0.72313272222));
#8740 = CARTESIAN_POINT('',(-1.426007237636,-1.513664959141));
#8741 = CARTESIAN_POINT('',(-1.188339364698,-2.309344507448));
#8742 = CARTESIAN_POINT('',(-0.950671491751,-3.039844771427));
#8743 = CARTESIAN_POINT('',(-0.713003618821,-3.637818875015));
#8744 = CARTESIAN_POINT('',(-0.475335745879,-4.053131704454));
#8745 = CARTESIAN_POINT('',(-0.237667872939,-4.26079198144));
#8746 = CARTESIAN_POINT('',(0.,-4.26079198144));
#8747 = ( GEOMETRIC_REPRESENTATION_CONTEXT(2) 
PARAMETRIC_REPRESENTATION_CONTEXT() REPRESENTATION_CONTEXT('2D SPACE',''
  ) );
#8748 = ORIENTED_EDGE('',*,*,#8749,.T.);
#8749 = EDGE_CURVE('',#8720,#8586,#8750,.T.);
#8750 = SURFACE_CURVE('',#8751,(#8755,#8762),.PCURVE_S1.);
#8751 = LINE('',#8752,#8753);
#8752 = CARTESIAN_POINT('',(-40.09559941781,36.445858577393,
    -23.12707913271));
#8753 = VECTOR('',#8754,1.);
#8754 = DIRECTION('',(0.906307787037,-0.254684402491,-0.337256653432));
#8755 = PCURVE('',#8486,#8756);
#8756 = DEFINITIONAL_REPRESENTATION('',(#8757),#8761);
#8757 = LINE('',#8758,#8759);
#8758 = CARTESIAN_POINT('',(30.415121352005,-8.881784197001E-16));
#8759 = VECTOR('',#8760,1.);
#8760 = DIRECTION('',(-2.775557561563E-17,1.));
#8761 = ( GEOMETRIC_REPRESENTATION_CONTEXT(2) 
PARAMETRIC_REPRESENTATION_CONTEXT() REPRESENTATION_CONTEXT('2D SPACE',''
  ) );
#8762 = PCURVE('',#8763,#8768);
#8763 = PLANE('',#8764);
#8764 = AXIS2_PLACEMENT_3D('',#8765,#8766,#8767);
#8765 = CARTESIAN_POINT('',(-40.09559941781,36.445858577393,
    -23.12707913271));
#8766 = DIRECTION('',(0.,0.79801722728,-0.602634636379));
#8767 = DIRECTION('',(0.906307787037,-0.254684402491,-0.337256653432));
#8768 = DEFINITIONAL_REPRESENTATION('',(#8769),#8773);
#8769 = LINE('',#8770,#8771);
#8770 = CARTESIAN_POINT('',(0.,-0.));
#8771 = VECTOR('',#8772,1.);
#8772 = DIRECTION('',(1.,2.775557561563E-17));
#8773 = ( GEOMETRIC_REPRESENTATION_CONTEXT(2) 
PARAMETRIC_REPRESENTATION_CONTEXT() REPRESENTATION_CONTEXT('2D SPACE',''
  ) );
#8774 = ADVANCED_FACE('',(#8775),#8568,.T.);
#8775 = FACE_BOUND('',#8776,.T.);
#8776 = EDGE_LOOP('',(#8777,#8800,#8801,#8802));
#8777 = ORIENTED_EDGE('',*,*,#8778,.F.);
#8778 = EDGE_CURVE('',#8527,#8779,#8781,.T.);
#8779 = VERTEX_POINT('',#8780);
#8780 = CARTESIAN_POINT('',(-33.61728154514,34.038592881836,
    -26.31481408807));
#8781 = SURFACE_CURVE('',#8782,(#8786,#8793),.PCURVE_S1.);
#8782 = LINE('',#8783,#8784);
#8783 = CARTESIAN_POINT('',(-40.46854044145,35.963886698437,
    -23.76531304635));
#8784 = VECTOR('',#8785,1.);
#8785 = DIRECTION('',(0.906307787037,-0.254684402491,-0.337256653432));
#8786 = PCURVE('',#8568,#8787);
#8787 = DEFINITIONAL_REPRESENTATION('',(#8788),#8792);
#8788 = LINE('',#8789,#8790);
#8789 = CARTESIAN_POINT('',(-1.942890293094E-16,0.88245364056));
#8790 = VECTOR('',#8791,1.);
#8791 = DIRECTION('',(1.,2.775557561563E-17));
#8792 = ( GEOMETRIC_REPRESENTATION_CONTEXT(2) 
PARAMETRIC_REPRESENTATION_CONTEXT() REPRESENTATION_CONTEXT('2D SPACE',''
  ) );
#8793 = PCURVE('',#8542,#8794);
#8794 = DEFINITIONAL_REPRESENTATION('',(#8795),#8799);
#8795 = LINE('',#8796,#8797);
#8796 = CARTESIAN_POINT('',(30.415121352005,0.));
#8797 = VECTOR('',#8798,1.);
#8798 = DIRECTION('',(-2.775557561563E-17,1.));
#8799 = ( GEOMETRIC_REPRESENTATION_CONTEXT(2) 
PARAMETRIC_REPRESENTATION_CONTEXT() REPRESENTATION_CONTEXT('2D SPACE',''
  ) );
#8800 = ORIENTED_EDGE('',*,*,#8554,.F.);
#8801 = ORIENTED_EDGE('',*,*,#8635,.T.);
#8802 = ORIENTED_EDGE('',*,*,#8803,.T.);
#8803 = EDGE_CURVE('',#8636,#8779,#8804,.T.);
#8804 = SURFACE_CURVE('',#8805,(#8809,#8815),.PCURVE_S1.);
#8805 = LINE('',#8806,#8807);
#8806 = CARTESIAN_POINT('',(-33.61728154514,35.388919031936,
    -24.52669328455));
#8807 = VECTOR('',#8808,1.);
#8808 = DIRECTION('',(0.,-0.602634636379,-0.79801722728));
#8809 = PCURVE('',#8568,#8810);
#8810 = DEFINITIONAL_REPRESENTATION('',(#8811),#8814);
#8811 = B_SPLINE_CURVE_WITH_KNOTS('',1,(#8812,#8813),.UNSPECIFIED.,.F.,
  .F.,(2,2),(1.267024652618,2.24070451412),.PIECEWISE_BEZIER_KNOTS.);
#8812 = CARTESIAN_POINT('',(7.148032892721,-6.661338147751E-16));
#8813 = CARTESIAN_POINT('',(7.559527783281,0.88245364056));
#8814 = ( GEOMETRIC_REPRESENTATION_CONTEXT(2) 
PARAMETRIC_REPRESENTATION_CONTEXT() REPRESENTATION_CONTEXT('2D SPACE',''
  ) );
#8815 = PCURVE('',#8673,#8816);
#8816 = DEFINITIONAL_REPRESENTATION('',(#8817),#8820);
#8817 = B_SPLINE_CURVE_WITH_KNOTS('',1,(#8818,#8819),.UNSPECIFIED.,.F.,
  .F.,(2,2),(1.267024652618,2.24070451412),.PIECEWISE_BEZIER_KNOTS.);
#8818 = CARTESIAN_POINT('',(1.,0.486839930751));
#8819 = CARTESIAN_POINT('',(1.,-0.486839930751));
#8820 = ( GEOMETRIC_REPRESENTATION_CONTEXT(2) 
PARAMETRIC_REPRESENTATION_CONTEXT() REPRESENTATION_CONTEXT('2D SPACE',''
  ) );
#8821 = ADVANCED_FACE('',(#8822),#8542,.T.);
#8822 = FACE_BOUND('',#8823,.T.);
#8823 = EDGE_LOOP('',(#8824,#8849,#8870,#8871,#8872,#8893,#8927,#8956));
#8824 = ORIENTED_EDGE('',*,*,#8825,.F.);
#8825 = EDGE_CURVE('',#8826,#8828,#8830,.T.);
#8826 = VERTEX_POINT('',#8827);
#8827 = CARTESIAN_POINT('',(-27.13896367248,7.946309586845,
    -10.39633014369));
#8828 = VERTEX_POINT('',#8829);
#8829 = CARTESIAN_POINT('',(-27.13896367248,32.218100395564,
    -28.72553574009));
#8830 = SURFACE_CURVE('',#8831,(#8835,#8842),.PCURVE_S1.);
#8831 = LINE('',#8832,#8833);
#8832 = CARTESIAN_POINT('',(-27.13896367248,7.946309586845,
    -10.39633014369));
#8833 = VECTOR('',#8834,1.);
#8834 = DIRECTION('',(0.,0.79801722728,-0.602634636379));
#8835 = PCURVE('',#8542,#8836);
#8836 = DEFINITIONAL_REPRESENTATION('',(#8837),#8841);
#8837 = LINE('',#8838,#8839);
#8838 = CARTESIAN_POINT('',(-1.33226762955E-15,14.707560676003));
#8839 = VECTOR('',#8840,1.);
#8840 = DIRECTION('',(1.,-5.551115123126E-17));
#8841 = ( GEOMETRIC_REPRESENTATION_CONTEXT(2) 
PARAMETRIC_REPRESENTATION_CONTEXT() REPRESENTATION_CONTEXT('2D SPACE',''
  ) );
#8842 = PCURVE('',#8601,#8843);
#8843 = DEFINITIONAL_REPRESENTATION('',(#8844),#8848);
#8844 = LINE('',#8845,#8846);
#8845 = CARTESIAN_POINT('',(-6.106226635438E-16,-0.88245364056));
#8846 = VECTOR('',#8847,1.);
#8847 = DIRECTION('',(1.,5.551115123126E-17));
#8848 = ( GEOMETRIC_REPRESENTATION_CONTEXT(2) 
PARAMETRIC_REPRESENTATION_CONTEXT() REPRESENTATION_CONTEXT('2D SPACE',''
  ) );
#8849 = ORIENTED_EDGE('',*,*,#8850,.F.);
#8850 = EDGE_CURVE('',#8499,#8826,#8851,.T.);
#8851 = SURFACE_CURVE('',#8852,(#8856,#8863),.PCURVE_S1.);
#8852 = LINE('',#8853,#8854);
#8853 = CARTESIAN_POINT('',(-40.46854044145,11.692095889718,
    -5.436107449957));
#8854 = VECTOR('',#8855,1.);
#8855 = DIRECTION('',(0.906307787037,-0.254684402491,-0.337256653432));
#8856 = PCURVE('',#8542,#8857);
#8857 = DEFINITIONAL_REPRESENTATION('',(#8858),#8862);
#8858 = LINE('',#8859,#8860);
#8859 = CARTESIAN_POINT('',(0.,0.));
#8860 = VECTOR('',#8861,1.);
#8861 = DIRECTION('',(-2.775557561563E-17,1.));
#8862 = ( GEOMETRIC_REPRESENTATION_CONTEXT(2) 
PARAMETRIC_REPRESENTATION_CONTEXT() REPRESENTATION_CONTEXT('2D SPACE',''
  ) );
#8863 = PCURVE('',#8514,#8864);
#8864 = DEFINITIONAL_REPRESENTATION('',(#8865),#8869);
#8865 = LINE('',#8866,#8867);
#8866 = CARTESIAN_POINT('',(-2.275957200482E-15,0.88245364056));
#8867 = VECTOR('',#8868,1.);
#8868 = DIRECTION('',(1.,2.775557561563E-17));
#8869 = ( GEOMETRIC_REPRESENTATION_CONTEXT(2) 
PARAMETRIC_REPRESENTATION_CONTEXT() REPRESENTATION_CONTEXT('2D SPACE',''
  ) );
#8870 = ORIENTED_EDGE('',*,*,#8526,.T.);
#8871 = ORIENTED_EDGE('',*,*,#8778,.T.);
#8872 = ORIENTED_EDGE('',*,*,#8873,.T.);
#8873 = EDGE_CURVE('',#8779,#8874,#8876,.T.);
#8874 = VERTEX_POINT('',#8875);
#8875 = CARTESIAN_POINT('',(-33.61728154514,32.108350656845,
    -24.85716282238));
#8876 = SURFACE_CURVE('',#8877,(#8881,#8887),.PCURVE_S1.);
#8877 = LINE('',#8878,#8879);
#8878 = CARTESIAN_POINT('',(-33.61728154514,21.503688863836,
    -16.84889397168));
#8879 = VECTOR('',#8880,1.);
#8880 = DIRECTION('',(0.,-0.79801722728,0.602634636379));
#8881 = PCURVE('',#8542,#8882);
#8882 = DEFINITIONAL_REPRESENTATION('',(#8883),#8886);
#8883 = B_SPLINE_CURVE_WITH_KNOTS('',1,(#8884,#8885),.UNSPECIFIED.,.F.,
  .F.,(2,2),(-15.707560676,-13.207560676),.PIECEWISE_BEZIER_KNOTS.);
#8884 = CARTESIAN_POINT('',(30.415121352005,7.559527783281));
#8885 = CARTESIAN_POINT('',(27.915121352005,7.559527783281));
#8886 = ( GEOMETRIC_REPRESENTATION_CONTEXT(2) 
PARAMETRIC_REPRESENTATION_CONTEXT() REPRESENTATION_CONTEXT('2D SPACE',''
  ) );
#8887 = PCURVE('',#8673,#8888);
#8888 = DEFINITIONAL_REPRESENTATION('',(#8889),#8892);
#8889 = B_SPLINE_CURVE_WITH_KNOTS('',1,(#8890,#8891),.UNSPECIFIED.,.F.,
  .F.,(2,2),(-15.707560676,-13.207560676),.PIECEWISE_BEZIER_KNOTS.);
#8890 = CARTESIAN_POINT('',(1.,-0.486839930751));
#8891 = CARTESIAN_POINT('',(-1.5,-0.486839930751));
#8892 = ( GEOMETRIC_REPRESENTATION_CONTEXT(2) 
PARAMETRIC_REPRESENTATION_CONTEXT() REPRESENTATION_CONTEXT('2D SPACE',''
  ) );
#8893 = ORIENTED_EDGE('',*,*,#8894,.F.);
#8894 = EDGE_CURVE('',#8895,#8874,#8897,.T.);
#8895 = VERTEX_POINT('',#8896);
#8896 = CARTESIAN_POINT('',(-31.44455276506,32.63001030463,
    -26.52069864094));
#8897 = SURFACE_CURVE('',#8898,(#8903,#8910),.PCURVE_S1.);
#8898 = ELLIPSE('',#8899,3.549302374729,1.5);
#8899 = AXIS2_PLACEMENT_3D('',#8900,#8901,#8902);
#8900 = CARTESIAN_POINT('',(-34.66131314582,33.533962259198,
    -25.32367280002));
#8901 = DIRECTION('',(-0.422618261741,-0.546172463689,-0.723249227273));
#8902 = DIRECTION('',(-0.906307787037,0.254684402491,0.337256653432));
#8903 = PCURVE('',#8542,#8904);
#8904 = DEFINITIONAL_REPRESENTATION('',(#8905),#8909);
#8905 = ELLIPSE('',#8906,3.549302374729,1.5);
#8906 = AXIS2_PLACEMENT_2D('',#8907,#8908);
#8907 = CARTESIAN_POINT('',(29.415121352005,6.407566368396));
#8908 = DIRECTION('',(2.775557561563E-17,-1.));
#8909 = ( GEOMETRIC_REPRESENTATION_CONTEXT(2) 
PARAMETRIC_REPRESENTATION_CONTEXT() REPRESENTATION_CONTEXT('2D SPACE',''
  ) );
#8910 = PCURVE('',#8911,#8916);
#8911 = CYLINDRICAL_SURFACE('',#8912,1.5);
#8912 = AXIS2_PLACEMENT_3D('',#8913,#8914,#8915);
#8913 = CARTESIAN_POINT('',(-33.61728154514,33.533962259198,
    -25.32367280002));
#8914 = DIRECTION('',(-1.,0.,0.));
#8915 = DIRECTION('',(0.,-0.602634636379,-0.79801722728));
#8916 = DEFINITIONAL_REPRESENTATION('',(#8917),#8926);
#8917 = B_SPLINE_CURVE_WITH_KNOTS('',7,(#8918,#8919,#8920,#8921,#8922,
    #8923,#8924,#8925),.UNSPECIFIED.,.F.,.F.,(8,8),(3.14159265359,
    4.38184271806),.PIECEWISE_BEZIER_KNOTS.);
#8918 = CARTESIAN_POINT('',(-6.28318530718,-2.172728780088));
#8919 = CARTESIAN_POINT('',(-6.106006726541,-2.172728780088));
#8920 = CARTESIAN_POINT('',(-5.928828145902,-2.054916646473));
#8921 = CARTESIAN_POINT('',(-5.751649565264,-1.819297034843));
#8922 = CARTESIAN_POINT('',(-5.574470984625,-1.474912375583));
#8923 = CARTESIAN_POINT('',(-5.397292403986,-1.039936753646));
#8924 = CARTESIAN_POINT('',(-5.220113823348,-0.539086788624));
#8925 = CARTESIAN_POINT('',(-5.042935242709,5.999999999062E-07));
#8926 = ( GEOMETRIC_REPRESENTATION_CONTEXT(2) 
PARAMETRIC_REPRESENTATION_CONTEXT() REPRESENTATION_CONTEXT('2D SPACE',''
  ) );
#8927 = ORIENTED_EDGE('',*,*,#8928,.F.);
#8928 = EDGE_CURVE('',#8929,#8895,#8931,.T.);
#8929 = VERTEX_POINT('',#8930);
#8930 = CARTESIAN_POINT('',(-32.26368151958,33.658213480209,
    -26.81851782011));
#8931 = SURFACE_CURVE('',#8932,(#8937,#8944),.PCURVE_S1.);
#8932 = ELLIPSE('',#8933,3.549302374729,1.5);
#8933 = AXIS2_PLACEMENT_3D('',#8934,#8935,#8936);
#8934 = CARTESIAN_POINT('',(-34.66131314582,33.533962259198,
    -25.32367280002));
#8935 = DIRECTION('',(-0.422618261741,-0.546172463689,-0.723249227273));
#8936 = DIRECTION('',(-0.906307787037,0.254684402491,0.337256653432));
#8937 = PCURVE('',#8542,#8938);
#8938 = DEFINITIONAL_REPRESENTATION('',(#8939),#8943);
#8939 = ELLIPSE('',#8940,3.549302374729,1.5);
#8940 = AXIS2_PLACEMENT_2D('',#8941,#8942);
#8941 = CARTESIAN_POINT('',(29.415121352005,6.407566368396));
#8942 = DIRECTION('',(2.775557561563E-17,-1.));
#8943 = ( GEOMETRIC_REPRESENTATION_CONTEXT(2) 
PARAMETRIC_REPRESENTATION_CONTEXT() REPRESENTATION_CONTEXT('2D SPACE',''
  ) );
#8944 = PCURVE('',#8701,#8945);
#8945 = DEFINITIONAL_REPRESENTATION('',(#8946),#8955);
#8946 = B_SPLINE_CURVE_WITH_KNOTS('',7,(#8947,#8948,#8949,#8950,#8951,
    #8952,#8953,#8954),.UNSPECIFIED.,.F.,.F.,(8,8),(1.901342589119,
    3.14159265359),.PIECEWISE_BEZIER_KNOTS.);
#8947 = CARTESIAN_POINT('',(-1.240250064471,5.999999999062E-07));
#8948 = CARTESIAN_POINT('',(-1.063071483832,-0.539086788624));
#8949 = CARTESIAN_POINT('',(-0.885892903193,-1.039936753646));
#8950 = CARTESIAN_POINT('',(-0.708714322554,-1.474912375582));
#8951 = CARTESIAN_POINT('',(-0.531535741916,-1.819297034844));
#8952 = CARTESIAN_POINT('',(-0.354357161277,-2.054916646473));
#8953 = CARTESIAN_POINT('',(-0.177178580639,-2.172728780088));
#8954 = CARTESIAN_POINT('',(0.,-2.172728780088));
#8955 = ( GEOMETRIC_REPRESENTATION_CONTEXT(2) 
PARAMETRIC_REPRESENTATION_CONTEXT() REPRESENTATION_CONTEXT('2D SPACE',''
  ) );
#8956 = ORIENTED_EDGE('',*,*,#8957,.T.);
#8957 = EDGE_CURVE('',#8929,#8828,#8958,.T.);
#8958 = SURFACE_CURVE('',#8959,(#8963,#8970),.PCURVE_S1.);
#8959 = LINE('',#8960,#8961);
#8960 = CARTESIAN_POINT('',(-40.46854044145,35.963886698437,
    -23.76531304635));
#8961 = VECTOR('',#8962,1.);
#8962 = DIRECTION('',(0.906307787037,-0.254684402491,-0.337256653432));
#8963 = PCURVE('',#8542,#8964);
#8964 = DEFINITIONAL_REPRESENTATION('',(#8965),#8969);
#8965 = LINE('',#8966,#8967);
#8966 = CARTESIAN_POINT('',(30.415121352005,0.));
#8967 = VECTOR('',#8968,1.);
#8968 = DIRECTION('',(-2.775557561563E-17,1.));
#8969 = ( GEOMETRIC_REPRESENTATION_CONTEXT(2) 
PARAMETRIC_REPRESENTATION_CONTEXT() REPRESENTATION_CONTEXT('2D SPACE',''
  ) );
#8970 = PCURVE('',#8763,#8971);
#8971 = DEFINITIONAL_REPRESENTATION('',(#8972),#8976);
#8972 = LINE('',#8973,#8974);
#8973 = CARTESIAN_POINT('',(-1.942890293094E-16,0.88245364056));
#8974 = VECTOR('',#8975,1.);
#8975 = DIRECTION('',(1.,2.775557561563E-17));
#8976 = ( GEOMETRIC_REPRESENTATION_CONTEXT(2) 
PARAMETRIC_REPRESENTATION_CONTEXT() REPRESENTATION_CONTEXT('2D SPACE',''
  ) );
#8977 = ADVANCED_FACE('',(#8978),#8514,.F.);
#8978 = FACE_BOUND('',#8979,.F.);
#8979 = EDGE_LOOP('',(#8980,#8981,#8982,#9003));
#8980 = ORIENTED_EDGE('',*,*,#8498,.F.);
#8981 = ORIENTED_EDGE('',*,*,#8613,.T.);
#8982 = ORIENTED_EDGE('',*,*,#8983,.T.);
#8983 = EDGE_CURVE('',#8584,#8826,#8984,.T.);
#8984 = SURFACE_CURVE('',#8985,(#8989,#8996),.PCURVE_S1.);
#8985 = LINE('',#8986,#8987);
#8986 = CARTESIAN_POINT('',(-26.76602264884,8.428281465801,
    -9.758096230058));
#8987 = VECTOR('',#8988,1.);
#8988 = DIRECTION('',(-0.422618261741,-0.546172463689,-0.723249227273));
#8989 = PCURVE('',#8514,#8990);
#8990 = DEFINITIONAL_REPRESENTATION('',(#8991),#8995);
#8991 = LINE('',#8992,#8993);
#8992 = CARTESIAN_POINT('',(14.707560676003,-1.33226762955E-15));
#8993 = VECTOR('',#8994,1.);
#8994 = DIRECTION('',(2.775557561563E-17,1.));
#8995 = ( GEOMETRIC_REPRESENTATION_CONTEXT(2) 
PARAMETRIC_REPRESENTATION_CONTEXT() REPRESENTATION_CONTEXT('2D SPACE',''
  ) );
#8996 = PCURVE('',#8601,#8997);
#8997 = DEFINITIONAL_REPRESENTATION('',(#8998),#9002);
#8998 = LINE('',#8999,#9000);
#8999 = CARTESIAN_POINT('',(0.,0.));
#9000 = VECTOR('',#9001,1.);
#9001 = DIRECTION('',(-5.551115123126E-17,-1.));
#9002 = ( GEOMETRIC_REPRESENTATION_CONTEXT(2) 
PARAMETRIC_REPRESENTATION_CONTEXT() REPRESENTATION_CONTEXT('2D SPACE',''
  ) );
#9003 = ORIENTED_EDGE('',*,*,#8850,.F.);
#9004 = ADVANCED_FACE('',(#9005),#8601,.T.);
#9005 = FACE_BOUND('',#9006,.T.);
#9006 = EDGE_LOOP('',(#9007,#9008,#9009,#9010));
#9007 = ORIENTED_EDGE('',*,*,#8583,.F.);
#9008 = ORIENTED_EDGE('',*,*,#8983,.T.);
#9009 = ORIENTED_EDGE('',*,*,#8825,.T.);
#9010 = ORIENTED_EDGE('',*,*,#9011,.F.);
#9011 = EDGE_CURVE('',#8586,#8828,#9012,.T.);
#9012 = SURFACE_CURVE('',#9013,(#9017,#9024),.PCURVE_S1.);
#9013 = LINE('',#9014,#9015);
#9014 = CARTESIAN_POINT('',(-26.76602264884,32.70007227452,
    -28.08730182645));
#9015 = VECTOR('',#9016,1.);
#9016 = DIRECTION('',(-0.422618261741,-0.546172463689,-0.723249227273));
#9017 = PCURVE('',#8601,#9018);
#9018 = DEFINITIONAL_REPRESENTATION('',(#9019),#9023);
#9019 = LINE('',#9020,#9021);
#9020 = CARTESIAN_POINT('',(30.415121352005,1.7763568394E-15));
#9021 = VECTOR('',#9022,1.);
#9022 = DIRECTION('',(-5.551115123126E-17,-1.));
#9023 = ( GEOMETRIC_REPRESENTATION_CONTEXT(2) 
PARAMETRIC_REPRESENTATION_CONTEXT() REPRESENTATION_CONTEXT('2D SPACE',''
  ) );
#9024 = PCURVE('',#8763,#9025);
#9025 = DEFINITIONAL_REPRESENTATION('',(#9026),#9030);
#9026 = LINE('',#9027,#9028);
#9027 = CARTESIAN_POINT('',(14.707560676003,-4.440892098501E-16));
#9028 = VECTOR('',#9029,1.);
#9029 = DIRECTION('',(2.775557561563E-17,1.));
#9030 = ( GEOMETRIC_REPRESENTATION_CONTEXT(2) 
PARAMETRIC_REPRESENTATION_CONTEXT() REPRESENTATION_CONTEXT('2D SPACE',''
  ) );
#9031 = ADVANCED_FACE('',(#9032),#8763,.T.);
#9032 = FACE_BOUND('',#9033,.T.);
#9033 = EDGE_LOOP('',(#9034,#9035,#9054,#9055));
#9034 = ORIENTED_EDGE('',*,*,#8957,.F.);
#9035 = ORIENTED_EDGE('',*,*,#9036,.F.);
#9036 = EDGE_CURVE('',#8720,#8929,#9037,.T.);
#9037 = SURFACE_CURVE('',#9038,(#9042,#9048),.PCURVE_S1.);
#9038 = LINE('',#9039,#9040);
#9039 = CARTESIAN_POINT('',(-33.61728154514,33.658213480209,
    -26.81851782011));
#9040 = VECTOR('',#9041,1.);
#9041 = DIRECTION('',(-1.,0.,0.));
#9042 = PCURVE('',#8763,#9043);
#9043 = DEFINITIONAL_REPRESENTATION('',(#9044),#9047);
#9044 = B_SPLINE_CURVE_WITH_KNOTS('',1,(#9045,#9046),.UNSPECIFIED.,.F.,
  .F.,(2,2),(-3.65046954705,-1.144793705428),.PIECEWISE_BEZIER_KNOTS.);
#9045 = CARTESIAN_POINT('',(11.134730895725,-8.824536405582E-02));
#9046 = CARTESIAN_POINT('',(8.863817368674,0.970699004616));
#9047 = ( GEOMETRIC_REPRESENTATION_CONTEXT(2) 
PARAMETRIC_REPRESENTATION_CONTEXT() REPRESENTATION_CONTEXT('2D SPACE',''
  ) );
#9048 = PCURVE('',#8701,#9049);
#9049 = DEFINITIONAL_REPRESENTATION('',(#9050),#9053);
#9050 = B_SPLINE_CURVE_WITH_KNOTS('',1,(#9051,#9052),.UNSPECIFIED.,.F.,
  .F.,(2,2),(-3.65046954705,-1.144793705428),.PIECEWISE_BEZIER_KNOTS.);
#9051 = CARTESIAN_POINT('',(-0.729727656227,-3.65046954705));
#9052 = CARTESIAN_POINT('',(-0.729727656227,-1.144793705428));
#9053 = ( GEOMETRIC_REPRESENTATION_CONTEXT(2) 
PARAMETRIC_REPRESENTATION_CONTEXT() REPRESENTATION_CONTEXT('2D SPACE',''
  ) );
#9054 = ORIENTED_EDGE('',*,*,#8749,.T.);
#9055 = ORIENTED_EDGE('',*,*,#9011,.T.);
#9056 = ADVANCED_FACE('',(#9057),#8701,.T.);
#9057 = FACE_BOUND('',#9058,.F.);
#9058 = EDGE_LOOP('',(#9059,#9083,#9104,#9105,#9106,#9107,#9130,#9157,
    #9158));
#9059 = ORIENTED_EDGE('',*,*,#9060,.F.);
#9060 = EDGE_CURVE('',#9061,#8659,#9063,.T.);
#9061 = VERTEX_POINT('',#9062);
#9062 = CARTESIAN_POINT('',(-33.61728154514,32.63001030463,
    -26.52069864094));
#9063 = SURFACE_CURVE('',#9064,(#9069,#9076),.PCURVE_S1.);
#9064 = CIRCLE('',#9065,1.5);
#9065 = AXIS2_PLACEMENT_3D('',#9066,#9067,#9068);
#9066 = CARTESIAN_POINT('',(-33.61728154514,33.533962259198,
    -25.32367280002));
#9067 = DIRECTION('',(1.,0.,0.));
#9068 = DIRECTION('',(0.,-0.602634636379,-0.79801722728));
#9069 = PCURVE('',#8701,#9070);
#9070 = DEFINITIONAL_REPRESENTATION('',(#9071),#9075);
#9071 = LINE('',#9072,#9073);
#9072 = CARTESIAN_POINT('',(-0.,0.));
#9073 = VECTOR('',#9074,1.);
#9074 = DIRECTION('',(-1.,0.));
#9075 = ( GEOMETRIC_REPRESENTATION_CONTEXT(2) 
PARAMETRIC_REPRESENTATION_CONTEXT() REPRESENTATION_CONTEXT('2D SPACE',''
  ) );
#9076 = PCURVE('',#8673,#9077);
#9077 = DEFINITIONAL_REPRESENTATION('',(#9078),#9082);
#9078 = CIRCLE('',#9079,1.5);
#9079 = AXIS2_PLACEMENT_2D('',#9080,#9081);
#9080 = CARTESIAN_POINT('',(0.,0.));
#9081 = DIRECTION('',(0.,-1.));
#9082 = ( GEOMETRIC_REPRESENTATION_CONTEXT(2) 
PARAMETRIC_REPRESENTATION_CONTEXT() REPRESENTATION_CONTEXT('2D SPACE',''
  ) );
#9083 = ORIENTED_EDGE('',*,*,#9084,.T.);
#9084 = EDGE_CURVE('',#9061,#8895,#9085,.T.);
#9085 = SURFACE_CURVE('',#9086,(#9090,#9097),.PCURVE_S1.);
#9086 = LINE('',#9087,#9088);
#9087 = CARTESIAN_POINT('',(-33.61728154514,32.63001030463,
    -26.52069864094));
#9088 = VECTOR('',#9089,1.);
#9089 = DIRECTION('',(1.,0.,0.));
#9090 = PCURVE('',#8701,#9091);
#9091 = DEFINITIONAL_REPRESENTATION('',(#9092),#9096);
#9092 = LINE('',#9093,#9094);
#9093 = CARTESIAN_POINT('',(-0.,0.));
#9094 = VECTOR('',#9095,1.);
#9095 = DIRECTION('',(-0.,-1.));
#9096 = ( GEOMETRIC_REPRESENTATION_CONTEXT(2) 
PARAMETRIC_REPRESENTATION_CONTEXT() REPRESENTATION_CONTEXT('2D SPACE',''
  ) );
#9097 = PCURVE('',#8911,#9098);
#9098 = DEFINITIONAL_REPRESENTATION('',(#9099),#9103);
#9099 = LINE('',#9100,#9101);
#9100 = CARTESIAN_POINT('',(-6.28318530718,0.));
#9101 = VECTOR('',#9102,1.);
#9102 = DIRECTION('',(-0.,-1.));
#9103 = ( GEOMETRIC_REPRESENTATION_CONTEXT(2) 
PARAMETRIC_REPRESENTATION_CONTEXT() REPRESENTATION_CONTEXT('2D SPACE',''
  ) );
#9104 = ORIENTED_EDGE('',*,*,#8928,.F.);
#9105 = ORIENTED_EDGE('',*,*,#9036,.F.);
#9106 = ORIENTED_EDGE('',*,*,#8719,.T.);
#9107 = ORIENTED_EDGE('',*,*,#9108,.T.);
#9108 = EDGE_CURVE('',#8685,#9109,#9111,.T.);
#9109 = VERTEX_POINT('',#9110);
#9110 = CARTESIAN_POINT('',(-23.61728154514,32.63001030463,
    -26.52069864094));
#9111 = SEAM_CURVE('',#9112,(#9116,#9123),.PCURVE_S1.);
#9112 = LINE('',#9113,#9114);
#9113 = CARTESIAN_POINT('',(-33.61728154514,32.63001030463,
    -26.52069864094));
#9114 = VECTOR('',#9115,1.);
#9115 = DIRECTION('',(1.,0.,0.));
#9116 = PCURVE('',#8701,#9117);
#9117 = DEFINITIONAL_REPRESENTATION('',(#9118),#9122);
#9118 = LINE('',#9119,#9120);
#9119 = CARTESIAN_POINT('',(-0.,0.));
#9120 = VECTOR('',#9121,1.);
#9121 = DIRECTION('',(-0.,-1.));
#9122 = ( GEOMETRIC_REPRESENTATION_CONTEXT(2) 
PARAMETRIC_REPRESENTATION_CONTEXT() REPRESENTATION_CONTEXT('2D SPACE',''
  ) );
#9123 = PCURVE('',#8701,#9124);
#9124 = DEFINITIONAL_REPRESENTATION('',(#9125),#9129);
#9125 = LINE('',#9126,#9127);
#9126 = CARTESIAN_POINT('',(-6.28318530718,0.));
#9127 = VECTOR('',#9128,1.);
#9128 = DIRECTION('',(-0.,-1.));
#9129 = ( GEOMETRIC_REPRESENTATION_CONTEXT(2) 
PARAMETRIC_REPRESENTATION_CONTEXT() REPRESENTATION_CONTEXT('2D SPACE',''
  ) );
#9130 = ORIENTED_EDGE('',*,*,#9131,.T.);
#9131 = EDGE_CURVE('',#9109,#9109,#9132,.T.);
#9132 = SURFACE_CURVE('',#9133,(#9138,#9145),.PCURVE_S1.);
#9133 = CIRCLE('',#9134,1.5);
#9134 = AXIS2_PLACEMENT_3D('',#9135,#9136,#9137);
#9135 = CARTESIAN_POINT('',(-23.61728154514,33.533962259198,
    -25.32367280002));
#9136 = DIRECTION('',(1.,0.,0.));
#9137 = DIRECTION('',(0.,-0.602634636379,-0.79801722728));
#9138 = PCURVE('',#8701,#9139);
#9139 = DEFINITIONAL_REPRESENTATION('',(#9140),#9144);
#9140 = LINE('',#9141,#9142);
#9141 = CARTESIAN_POINT('',(-0.,-10.));
#9142 = VECTOR('',#9143,1.);
#9143 = DIRECTION('',(-1.,0.));
#9144 = ( GEOMETRIC_REPRESENTATION_CONTEXT(2) 
PARAMETRIC_REPRESENTATION_CONTEXT() REPRESENTATION_CONTEXT('2D SPACE',''
  ) );
#9145 = PCURVE('',#9146,#9151);
#9146 = PLANE('',#9147);
#9147 = AXIS2_PLACEMENT_3D('',#9148,#9149,#9150);
#9148 = CARTESIAN_POINT('',(-23.61728154514,33.533962259198,
    -25.32367280002));
#9149 = DIRECTION('',(1.,0.,0.));
#9150 = DIRECTION('',(0.,0.79801722728,-0.602634636379));
#9151 = DEFINITIONAL_REPRESENTATION('',(#9152),#9156);
#9152 = CIRCLE('',#9153,1.5);
#9153 = AXIS2_PLACEMENT_2D('',#9154,#9155);
#9154 = CARTESIAN_POINT('',(0.,0.));
#9155 = DIRECTION('',(0.,-1.));
#9156 = ( GEOMETRIC_REPRESENTATION_CONTEXT(2) 
PARAMETRIC_REPRESENTATION_CONTEXT() REPRESENTATION_CONTEXT('2D SPACE',''
  ) );
#9157 = ORIENTED_EDGE('',*,*,#9108,.F.);
#9158 = ORIENTED_EDGE('',*,*,#8684,.T.);
#9159 = ADVANCED_FACE('',(#9160),#8673,.F.);
#9160 = FACE_BOUND('',#9161,.F.);
#9161 = EDGE_LOOP('',(#9162,#9184,#9185,#9186,#9187));
#9162 = ORIENTED_EDGE('',*,*,#9163,.T.);
#9163 = EDGE_CURVE('',#8874,#9061,#9164,.T.);
#9164 = SURFACE_CURVE('',#9165,(#9170,#9177),.PCURVE_S1.);
#9165 = CIRCLE('',#9166,1.5);
#9166 = AXIS2_PLACEMENT_3D('',#9167,#9168,#9169);
#9167 = CARTESIAN_POINT('',(-33.61728154514,33.533962259198,
    -25.32367280002));
#9168 = DIRECTION('',(1.,0.,0.));
#9169 = DIRECTION('',(0.,-0.602634636379,-0.79801722728));
#9170 = PCURVE('',#8673,#9171);
#9171 = DEFINITIONAL_REPRESENTATION('',(#9172),#9176);
#9172 = CIRCLE('',#9173,1.5);
#9173 = AXIS2_PLACEMENT_2D('',#9174,#9175);
#9174 = CARTESIAN_POINT('',(0.,0.));
#9175 = DIRECTION('',(0.,-1.));
#9176 = ( GEOMETRIC_REPRESENTATION_CONTEXT(2) 
PARAMETRIC_REPRESENTATION_CONTEXT() REPRESENTATION_CONTEXT('2D SPACE',''
  ) );
#9177 = PCURVE('',#8911,#9178);
#9178 = DEFINITIONAL_REPRESENTATION('',(#9179),#9183);
#9179 = LINE('',#9180,#9181);
#9180 = CARTESIAN_POINT('',(-0.,0.));
#9181 = VECTOR('',#9182,1.);
#9182 = DIRECTION('',(-1.,0.));
#9183 = ( GEOMETRIC_REPRESENTATION_CONTEXT(2) 
PARAMETRIC_REPRESENTATION_CONTEXT() REPRESENTATION_CONTEXT('2D SPACE',''
  ) );
#9184 = ORIENTED_EDGE('',*,*,#9060,.T.);
#9185 = ORIENTED_EDGE('',*,*,#8658,.F.);
#9186 = ORIENTED_EDGE('',*,*,#8803,.T.);
#9187 = ORIENTED_EDGE('',*,*,#8873,.T.);
#9188 = ADVANCED_FACE('',(#9189),#8911,.T.);
#9189 = FACE_BOUND('',#9190,.F.);
#9190 = EDGE_LOOP('',(#9191,#9192,#9193));
#9191 = ORIENTED_EDGE('',*,*,#9163,.F.);
#9192 = ORIENTED_EDGE('',*,*,#8894,.F.);
#9193 = ORIENTED_EDGE('',*,*,#9084,.F.);
#9194 = ADVANCED_FACE('',(#9195),#9146,.T.);
#9195 = FACE_BOUND('',#9196,.T.);
#9196 = EDGE_LOOP('',(#9197));
#9197 = ORIENTED_EDGE('',*,*,#9131,.T.);
#9198 = ( GEOMETRIC_REPRESENTATION_CONTEXT(3) 
GLOBAL_UNCERTAINTY_ASSIGNED_CONTEXT((#9202)) 
GLOBAL_UNIT_ASSIGNED_CONTEXT((#9199,#9200,#9201)) REPRESENTATION_CONTEXT
('Context #1','3D Context with UNIT and UNCERTAINTY') );
#9199 = ( LENGTH_UNIT() NAMED_UNIT(*) SI_UNIT(.MILLI.,.METRE.) );
#9200 = ( NAMED_UNIT(*) PLANE_ANGLE_UNIT() SI_UNIT($,.RADIAN.) );
#9201 = ( NAMED_UNIT(*) SI_UNIT($,.STERADIAN.) SOLID_ANGLE_UNIT() );
#9202 = UNCERTAINTY_MEASURE_WITH_UNIT(LENGTH_MEASURE(1.E-07),#9199,
  'distance_accuracy_value','confusion accuracy');
#9203 = CONTEXT_DEPENDENT_SHAPE_REPRESENTATION(#9204,#9206);
#9204 = ( REPRESENTATION_RELATIONSHIP('','',#8456,#10) 
REPRESENTATION_RELATIONSHIP_WITH_TRANSFORMATION(#9205) 
SHAPE_REPRESENTATION_RELATIONSHIP() );
#9205 = ITEM_DEFINED_TRANSFORMATION('','',#11,#59);
#9206 = PRODUCT_DEFINITION_SHAPE('Placement','Placement of an item',
  #9207);
#9207 = NEXT_ASSEMBLY_USAGE_OCCURRENCE('12','','',#5,#8451,$);
#9208 = PRODUCT_RELATED_PRODUCT_CATEGORY('part',$,(#8453));
#9209 = SHAPE_DEFINITION_REPRESENTATION(#9210,#9216);
#9210 = PRODUCT_DEFINITION_SHAPE('','',#9211);
#9211 = PRODUCT_DEFINITION('design','',#9212,#9215);
#9212 = PRODUCT_DEFINITION_FORMATION('','',#9213);
#9213 = PRODUCT('Open CASCADE STEP translator 7.9 2.13',
  'Open CASCADE STEP translator 7.9 2.13','',(#9214));
#9214 = PRODUCT_CONTEXT('',#2,'mechanical');
#9215 = PRODUCT_DEFINITION_CONTEXT('part definition',#2,'design');
#9216 = ADVANCED_BREP_SHAPE_REPRESENTATION('',(#11,#9217),#9958);
#9217 = MANIFOLD_SOLID_BREP('',#9218);
#9218 = CLOSED_SHELL('',(#9219,#9339,#9534,#9581,#9737,#9764,#9791,#9816
    ,#9919,#9948,#9954));
#9219 = ADVANCED_FACE('',(#9220),#9234,.F.);
#9220 = FACE_BOUND('',#9221,.F.);
#9221 = EDGE_LOOP('',(#9222,#9257,#9285,#9313));
#9222 = ORIENTED_EDGE('',*,*,#9223,.F.);
#9223 = EDGE_CURVE('',#9224,#9226,#9228,.T.);
#9224 = VERTEX_POINT('',#9225);
#9225 = CARTESIAN_POINT('',(-40.09559941781,13.085171943589,
    -7.610330777856E-02));
#9226 = VERTEX_POINT('',#9227);
#9227 = CARTESIAN_POINT('',(-40.09559941781,42.339215600161,
    -8.399596360374));
#9228 = SURFACE_CURVE('',#9229,(#9233,#9245),.PCURVE_S1.);
#9229 = LINE('',#9230,#9231);
#9230 = CARTESIAN_POINT('',(-40.09559941781,13.085171943589,
    -7.610330777856E-02));
#9231 = VECTOR('',#9232,1.);
#9232 = DIRECTION('',(0.,0.961825643173,-0.273662990072));
#9233 = PCURVE('',#9234,#9239);
#9234 = PLANE('',#9235);
#9235 = AXIS2_PLACEMENT_3D('',#9236,#9237,#9238);
#9236 = CARTESIAN_POINT('',(-40.09559941781,13.085171943589,
    -7.610330777856E-02));
#9237 = DIRECTION('',(0.906307787037,-0.115654977167,-0.406485081415));
#9238 = DIRECTION('',(0.,0.961825643173,-0.273662990072));
#9239 = DEFINITIONAL_REPRESENTATION('',(#9240),#9244);
#9240 = LINE('',#9241,#9242);
#9241 = CARTESIAN_POINT('',(0.,0.));
#9242 = VECTOR('',#9243,1.);
#9243 = DIRECTION('',(1.,0.));
#9244 = ( GEOMETRIC_REPRESENTATION_CONTEXT(2) 
PARAMETRIC_REPRESENTATION_CONTEXT() REPRESENTATION_CONTEXT('2D SPACE',''
  ) );
#9245 = PCURVE('',#9246,#9251);
#9246 = PLANE('',#9247);
#9247 = AXIS2_PLACEMENT_3D('',#9248,#9249,#9250);
#9248 = CARTESIAN_POINT('',(-40.09559941781,13.085171943589,
    -7.610330777856E-02));
#9249 = DIRECTION('',(-0.422618261741,-0.248022898926,-0.871710070179));
#9250 = DIRECTION('',(0.,0.961825643173,-0.273662990072));
#9251 = DEFINITIONAL_REPRESENTATION('',(#9252),#9256);
#9252 = LINE('',#9253,#9254);
#9253 = CARTESIAN_POINT('',(0.,0.));
#9254 = VECTOR('',#9255,1.);
#9255 = DIRECTION('',(1.,0.));
#9256 = ( GEOMETRIC_REPRESENTATION_CONTEXT(2) 
PARAMETRIC_REPRESENTATION_CONTEXT() REPRESENTATION_CONTEXT('2D SPACE',''
  ) );
#9257 = ORIENTED_EDGE('',*,*,#9258,.T.);
#9258 = EDGE_CURVE('',#9224,#9259,#9261,.T.);
#9259 = VERTEX_POINT('',#9260);
#9260 = CARTESIAN_POINT('',(-40.46854044145,12.86630323349,
    -0.845347032721));
#9261 = SURFACE_CURVE('',#9262,(#9266,#9273),.PCURVE_S1.);
#9262 = LINE('',#9263,#9264);
#9263 = CARTESIAN_POINT('',(-40.09559941781,13.085171943589,
    -7.610330777856E-02));
#9264 = VECTOR('',#9265,1.);
#9265 = DIRECTION('',(-0.422618261741,-0.248022898926,-0.871710070179));
#9266 = PCURVE('',#9234,#9267);
#9267 = DEFINITIONAL_REPRESENTATION('',(#9268),#9272);
#9268 = LINE('',#9269,#9270);
#9269 = CARTESIAN_POINT('',(0.,0.));
#9270 = VECTOR('',#9271,1.);
#9271 = DIRECTION('',(0.,-1.));
#9272 = ( GEOMETRIC_REPRESENTATION_CONTEXT(2) 
PARAMETRIC_REPRESENTATION_CONTEXT() REPRESENTATION_CONTEXT('2D SPACE',''
  ) );
#9273 = PCURVE('',#9274,#9279);
#9274 = PLANE('',#9275);
#9275 = AXIS2_PLACEMENT_3D('',#9276,#9277,#9278);
#9276 = CARTESIAN_POINT('',(-40.09559941781,13.085171943589,
    -7.610330777856E-02));
#9277 = DIRECTION('',(0.,0.961825643173,-0.273662990072));
#9278 = DIRECTION('',(0.906307787037,-0.115654977167,-0.406485081415));
#9279 = DEFINITIONAL_REPRESENTATION('',(#9280),#9284);
#9280 = LINE('',#9281,#9282);
#9281 = CARTESIAN_POINT('',(0.,-0.));
#9282 = VECTOR('',#9283,1.);
#9283 = DIRECTION('',(0.,1.));
#9284 = ( GEOMETRIC_REPRESENTATION_CONTEXT(2) 
PARAMETRIC_REPRESENTATION_CONTEXT() REPRESENTATION_CONTEXT('2D SPACE',''
  ) );
#9285 = ORIENTED_EDGE('',*,*,#9286,.T.);
#9286 = EDGE_CURVE('',#9259,#9287,#9289,.T.);
#9287 = VERTEX_POINT('',#9288);
#9288 = CARTESIAN_POINT('',(-40.46854044145,42.120346890061,
    -9.168840085316));
#9289 = SURFACE_CURVE('',#9290,(#9294,#9301),.PCURVE_S1.);
#9290 = LINE('',#9291,#9292);
#9291 = CARTESIAN_POINT('',(-40.46854044145,12.86630323349,
    -0.845347032721));
#9292 = VECTOR('',#9293,1.);
#9293 = DIRECTION('',(0.,0.961825643173,-0.273662990072));
#9294 = PCURVE('',#9234,#9295);
#9295 = DEFINITIONAL_REPRESENTATION('',(#9296),#9300);
#9296 = LINE('',#9297,#9298);
#9297 = CARTESIAN_POINT('',(2.775557561563E-16,-0.88245364056));
#9298 = VECTOR('',#9299,1.);
#9299 = DIRECTION('',(1.,0.));
#9300 = ( GEOMETRIC_REPRESENTATION_CONTEXT(2) 
PARAMETRIC_REPRESENTATION_CONTEXT() REPRESENTATION_CONTEXT('2D SPACE',''
  ) );
#9301 = PCURVE('',#9302,#9307);
#9302 = PLANE('',#9303);
#9303 = AXIS2_PLACEMENT_3D('',#9304,#9305,#9306);
#9304 = CARTESIAN_POINT('',(-40.46854044145,12.86630323349,
    -0.845347032721));
#9305 = DIRECTION('',(-0.422618261741,-0.248022898926,-0.871710070179));
#9306 = DIRECTION('',(0.,0.961825643173,-0.273662990072));
#9307 = DEFINITIONAL_REPRESENTATION('',(#9308),#9312);
#9308 = LINE('',#9309,#9310);
#9309 = CARTESIAN_POINT('',(0.,0.));
#9310 = VECTOR('',#9311,1.);
#9311 = DIRECTION('',(1.,0.));
#9312 = ( GEOMETRIC_REPRESENTATION_CONTEXT(2) 
PARAMETRIC_REPRESENTATION_CONTEXT() REPRESENTATION_CONTEXT('2D SPACE',''
  ) );
#9313 = ORIENTED_EDGE('',*,*,#9314,.F.);
#9314 = EDGE_CURVE('',#9226,#9287,#9315,.T.);
#9315 = SURFACE_CURVE('',#9316,(#9320,#9327),.PCURVE_S1.);
#9316 = LINE('',#9317,#9318);
#9317 = CARTESIAN_POINT('',(-40.09559941781,42.339215600161,
    -8.399596360374));
#9318 = VECTOR('',#9319,1.);
#9319 = DIRECTION('',(-0.422618261741,-0.248022898926,-0.871710070179));
#9320 = PCURVE('',#9234,#9321);
#9321 = DEFINITIONAL_REPRESENTATION('',(#9322),#9326);
#9322 = LINE('',#9323,#9324);
#9323 = CARTESIAN_POINT('',(30.415121352005,2.6645352591E-15));
#9324 = VECTOR('',#9325,1.);
#9325 = DIRECTION('',(0.,-1.));
#9326 = ( GEOMETRIC_REPRESENTATION_CONTEXT(2) 
PARAMETRIC_REPRESENTATION_CONTEXT() REPRESENTATION_CONTEXT('2D SPACE',''
  ) );
#9327 = PCURVE('',#9328,#9333);
#9328 = PLANE('',#9329);
#9329 = AXIS2_PLACEMENT_3D('',#9330,#9331,#9332);
#9330 = CARTESIAN_POINT('',(-40.09559941781,42.339215600161,
    -8.399596360374));
#9331 = DIRECTION('',(0.,0.961825643173,-0.273662990072));
#9332 = DIRECTION('',(0.906307787037,-0.115654977167,-0.406485081415));
#9333 = DEFINITIONAL_REPRESENTATION('',(#9334),#9338);
#9334 = LINE('',#9335,#9336);
#9335 = CARTESIAN_POINT('',(0.,-0.));
#9336 = VECTOR('',#9337,1.);
#9337 = DIRECTION('',(0.,1.));
#9338 = ( GEOMETRIC_REPRESENTATION_CONTEXT(2) 
PARAMETRIC_REPRESENTATION_CONTEXT() REPRESENTATION_CONTEXT('2D SPACE',''
  ) );
#9339 = ADVANCED_FACE('',(#9340),#9246,.F.);
#9340 = FACE_BOUND('',#9341,.F.);
#9341 = EDGE_LOOP('',(#9342,#9372,#9393,#9394,#9417,#9443,#9478,#9508));
#9342 = ORIENTED_EDGE('',*,*,#9343,.F.);
#9343 = EDGE_CURVE('',#9344,#9346,#9348,.T.);
#9344 = VERTEX_POINT('',#9345);
#9345 = CARTESIAN_POINT('',(-26.76602264884,11.384169349424,
    -6.054507306584));
#9346 = VERTEX_POINT('',#9347);
#9347 = CARTESIAN_POINT('',(-26.76602264884,40.638213005995,
    -14.37800035917));
#9348 = SURFACE_CURVE('',#9349,(#9353,#9360),.PCURVE_S1.);
#9349 = LINE('',#9350,#9351);
#9350 = CARTESIAN_POINT('',(-26.76602264884,11.384169349424,
    -6.054507306584));
#9351 = VECTOR('',#9352,1.);
#9352 = DIRECTION('',(0.,0.961825643173,-0.273662990072));
#9353 = PCURVE('',#9246,#9354);
#9354 = DEFINITIONAL_REPRESENTATION('',(#9355),#9359);
#9355 = LINE('',#9356,#9357);
#9356 = CARTESIAN_POINT('',(8.881784197001E-16,14.707560676003));
#9357 = VECTOR('',#9358,1.);
#9358 = DIRECTION('',(1.,0.));
#9359 = ( GEOMETRIC_REPRESENTATION_CONTEXT(2) 
PARAMETRIC_REPRESENTATION_CONTEXT() REPRESENTATION_CONTEXT('2D SPACE',''
  ) );
#9360 = PCURVE('',#9361,#9366);
#9361 = PLANE('',#9362);
#9362 = AXIS2_PLACEMENT_3D('',#9363,#9364,#9365);
#9363 = CARTESIAN_POINT('',(-26.76602264884,11.384169349424,
    -6.054507306584));
#9364 = DIRECTION('',(0.906307787037,-0.115654977167,-0.406485081415));
#9365 = DIRECTION('',(0.,0.961825643173,-0.273662990072));
#9366 = DEFINITIONAL_REPRESENTATION('',(#9367),#9371);
#9367 = LINE('',#9368,#9369);
#9368 = CARTESIAN_POINT('',(0.,0.));
#9369 = VECTOR('',#9370,1.);
#9370 = DIRECTION('',(1.,0.));
#9371 = ( GEOMETRIC_REPRESENTATION_CONTEXT(2) 
PARAMETRIC_REPRESENTATION_CONTEXT() REPRESENTATION_CONTEXT('2D SPACE',''
  ) );
#9372 = ORIENTED_EDGE('',*,*,#9373,.F.);
#9373 = EDGE_CURVE('',#9224,#9344,#9374,.T.);
#9374 = SURFACE_CURVE('',#9375,(#9379,#9386),.PCURVE_S1.);
#9375 = LINE('',#9376,#9377);
#9376 = CARTESIAN_POINT('',(-40.09559941781,13.085171943589,
    -7.610330777856E-02));
#9377 = VECTOR('',#9378,1.);
#9378 = DIRECTION('',(0.906307787037,-0.115654977167,-0.406485081415));
#9379 = PCURVE('',#9246,#9380);
#9380 = DEFINITIONAL_REPRESENTATION('',(#9381),#9385);
#9381 = LINE('',#9382,#9383);
#9382 = CARTESIAN_POINT('',(0.,0.));
#9383 = VECTOR('',#9384,1.);
#9384 = DIRECTION('',(0.,1.));
#9385 = ( GEOMETRIC_REPRESENTATION_CONTEXT(2) 
PARAMETRIC_REPRESENTATION_CONTEXT() REPRESENTATION_CONTEXT('2D SPACE',''
  ) );
#9386 = PCURVE('',#9274,#9387);
#9387 = DEFINITIONAL_REPRESENTATION('',(#9388),#9392);
#9388 = LINE('',#9389,#9390);
#9389 = CARTESIAN_POINT('',(0.,-0.));
#9390 = VECTOR('',#9391,1.);
#9391 = DIRECTION('',(1.,0.));
#9392 = ( GEOMETRIC_REPRESENTATION_CONTEXT(2) 
PARAMETRIC_REPRESENTATION_CONTEXT() REPRESENTATION_CONTEXT('2D SPACE',''
  ) );
#9393 = ORIENTED_EDGE('',*,*,#9223,.T.);
#9394 = ORIENTED_EDGE('',*,*,#9395,.T.);
#9395 = EDGE_CURVE('',#9226,#9396,#9398,.T.);
#9396 = VERTEX_POINT('',#9397);
#9397 = CARTESIAN_POINT('',(-33.61728154514,41.512510019164,
    -11.30516509273));
#9398 = SURFACE_CURVE('',#9399,(#9403,#9410),.PCURVE_S1.);
#9399 = LINE('',#9400,#9401);
#9400 = CARTESIAN_POINT('',(-40.09559941781,42.339215600161,
    -8.399596360374));
#9401 = VECTOR('',#9402,1.);
#9402 = DIRECTION('',(0.906307787037,-0.115654977167,-0.406485081415));
#9403 = PCURVE('',#9246,#9404);
#9404 = DEFINITIONAL_REPRESENTATION('',(#9405),#9409);
#9405 = LINE('',#9406,#9407);
#9406 = CARTESIAN_POINT('',(30.415121352005,8.881784197001E-16));
#9407 = VECTOR('',#9408,1.);
#9408 = DIRECTION('',(0.,1.));
#9409 = ( GEOMETRIC_REPRESENTATION_CONTEXT(2) 
PARAMETRIC_REPRESENTATION_CONTEXT() REPRESENTATION_CONTEXT('2D SPACE',''
  ) );
#9410 = PCURVE('',#9328,#9411);
#9411 = DEFINITIONAL_REPRESENTATION('',(#9412),#9416);
#9412 = LINE('',#9413,#9414);
#9413 = CARTESIAN_POINT('',(0.,-0.));
#9414 = VECTOR('',#9415,1.);
#9415 = DIRECTION('',(1.,0.));
#9416 = ( GEOMETRIC_REPRESENTATION_CONTEXT(2) 
PARAMETRIC_REPRESENTATION_CONTEXT() REPRESENTATION_CONTEXT('2D SPACE',''
  ) );
#9417 = ORIENTED_EDGE('',*,*,#9418,.T.);
#9418 = EDGE_CURVE('',#9396,#9419,#9421,.T.);
#9419 = VERTEX_POINT('',#9420);
#9420 = CARTESIAN_POINT('',(-33.61728154514,39.186048376401,
    -10.64322968482));
#9421 = SURFACE_CURVE('',#9422,(#9426,#9432),.PCURVE_S1.);
#9422 = LINE('',#9423,#9424);
#9423 = CARTESIAN_POINT('',(-33.61728154514,26.404575369292,
    -7.006587071397));
#9424 = VECTOR('',#9425,1.);
#9425 = DIRECTION('',(0.,-0.961825643173,0.273662990072));
#9426 = PCURVE('',#9246,#9427);
#9427 = DEFINITIONAL_REPRESENTATION('',(#9428),#9431);
#9428 = B_SPLINE_CURVE_WITH_KNOTS('',1,(#9429,#9430),.UNSPECIFIED.,.F.,
  .F.,(2,2),(-15.707560676,-13.207560676),.PIECEWISE_BEZIER_KNOTS.);
#9429 = CARTESIAN_POINT('',(30.415121352005,7.148032892721));
#9430 = CARTESIAN_POINT('',(27.915121352005,7.148032892721));
#9431 = ( GEOMETRIC_REPRESENTATION_CONTEXT(2) 
PARAMETRIC_REPRESENTATION_CONTEXT() REPRESENTATION_CONTEXT('2D SPACE',''
  ) );
#9432 = PCURVE('',#9433,#9438);
#9433 = PLANE('',#9434);
#9434 = AXIS2_PLACEMENT_3D('',#9435,#9436,#9437);
#9435 = CARTESIAN_POINT('',(-33.61728154514,40.417454304856,
    -11.49975723217));
#9436 = DIRECTION('',(1.,0.,0.));
#9437 = DIRECTION('',(0.,0.961825643173,-0.273662990072));
#9438 = DEFINITIONAL_REPRESENTATION('',(#9439),#9442);
#9439 = B_SPLINE_CURVE_WITH_KNOTS('',1,(#9440,#9441),.UNSPECIFIED.,.F.,
  .F.,(2,2),(-15.707560676,-13.207560676),.PIECEWISE_BEZIER_KNOTS.);
#9440 = CARTESIAN_POINT('',(1.,0.486839930751));
#9441 = CARTESIAN_POINT('',(-1.5,0.486839930751));
#9442 = ( GEOMETRIC_REPRESENTATION_CONTEXT(2) 
PARAMETRIC_REPRESENTATION_CONTEXT() REPRESENTATION_CONTEXT('2D SPACE',''
  ) );
#9443 = ORIENTED_EDGE('',*,*,#9444,.F.);
#9444 = EDGE_CURVE('',#9445,#9419,#9447,.T.);
#9445 = VERTEX_POINT('',#9446);
#9446 = CARTESIAN_POINT('',(-29.3564895637,40.006959819747,
    -12.94249569693));
#9447 = SURFACE_CURVE('',#9448,(#9453,#9460),.PCURVE_S1.);
#9448 = ELLIPSE('',#9449,3.549302374729,1.5);
#9449 = AXIS2_PLACEMENT_3D('',#9450,#9451,#9452);
#9450 = CARTESIAN_POINT('',(-32.57324994447,40.417454304856,
    -11.49975723217));
#9451 = DIRECTION('',(-0.422618261741,-0.248022898926,-0.871710070179));
#9452 = DIRECTION('',(-0.906307787037,0.115654977167,0.406485081415));
#9453 = PCURVE('',#9246,#9454);
#9454 = DEFINITIONAL_REPRESENTATION('',(#9455),#9459);
#9455 = ELLIPSE('',#9456,3.549302374729,1.5);
#9456 = AXIS2_PLACEMENT_2D('',#9457,#9458);
#9457 = CARTESIAN_POINT('',(29.415121352005,8.299994307606));
#9458 = DIRECTION('',(0.,-1.));
#9459 = ( GEOMETRIC_REPRESENTATION_CONTEXT(2) 
PARAMETRIC_REPRESENTATION_CONTEXT() REPRESENTATION_CONTEXT('2D SPACE',''
  ) );
#9460 = PCURVE('',#9461,#9466);
#9461 = CYLINDRICAL_SURFACE('',#9462,1.5);
#9462 = AXIS2_PLACEMENT_3D('',#9463,#9464,#9465);
#9463 = CARTESIAN_POINT('',(-33.61728154514,40.417454304856,
    -11.49975723217));
#9464 = DIRECTION('',(-1.,0.,0.));
#9465 = DIRECTION('',(0.,-0.273662990072,-0.961825643173));
#9466 = DEFINITIONAL_REPRESENTATION('',(#9467),#9477);
#9467 = B_SPLINE_CURVE_WITH_KNOTS('',8,(#9468,#9469,#9470,#9471,#9472,
    #9473,#9474,#9475,#9476),.UNSPECIFIED.,.F.,.F.,(9,9),(3.14159265359,
    5.042935637106),.PIECEWISE_BEZIER_KNOTS.);
#9468 = CARTESIAN_POINT('',(-6.28318530718,-4.26079198144));
#9469 = CARTESIAN_POINT('',(-6.04551743424,-4.26079198144));
#9470 = CARTESIAN_POINT('',(-5.807849561301,-4.053131704453));
#9471 = CARTESIAN_POINT('',(-5.57018168836,-3.63781887501));
#9472 = CARTESIAN_POINT('',(-5.332513815422,-3.039844771427));
#9473 = CARTESIAN_POINT('',(-5.094845942482,-2.309344507439));
#9474 = CARTESIAN_POINT('',(-4.857178069543,-1.51366495914));
#9475 = CARTESIAN_POINT('',(-4.619510196603,-0.72313272222));
#9476 = CARTESIAN_POINT('',(-4.381842323664,5.999999999062E-07));
#9477 = ( GEOMETRIC_REPRESENTATION_CONTEXT(2) 
PARAMETRIC_REPRESENTATION_CONTEXT() REPRESENTATION_CONTEXT('2D SPACE',''
  ) );
#9478 = ORIENTED_EDGE('',*,*,#9479,.F.);
#9479 = EDGE_CURVE('',#9480,#9445,#9482,.T.);
#9480 = VERTEX_POINT('',#9481);
#9481 = CARTESIAN_POINT('',(-30.17561831823,41.073315423665,
    -12.84877398256));
#9482 = SURFACE_CURVE('',#9483,(#9488,#9495),.PCURVE_S1.);
#9483 = ELLIPSE('',#9484,3.549302374729,1.5);
#9484 = AXIS2_PLACEMENT_3D('',#9485,#9486,#9487);
#9485 = CARTESIAN_POINT('',(-32.57324994447,40.417454304856,
    -11.49975723217));
#9486 = DIRECTION('',(-0.422618261741,-0.248022898926,-0.871710070179));
#9487 = DIRECTION('',(-0.906307787037,0.115654977167,0.406485081415));
#9488 = PCURVE('',#9246,#9489);
#9489 = DEFINITIONAL_REPRESENTATION('',(#9490),#9494);
#9490 = ELLIPSE('',#9491,3.549302374729,1.5);
#9491 = AXIS2_PLACEMENT_2D('',#9492,#9493);
#9492 = CARTESIAN_POINT('',(29.415121352005,8.299994307606));
#9493 = DIRECTION('',(0.,-1.));
#9494 = ( GEOMETRIC_REPRESENTATION_CONTEXT(2) 
PARAMETRIC_REPRESENTATION_CONTEXT() REPRESENTATION_CONTEXT('2D SPACE',''
  ) );
#9495 = PCURVE('',#9461,#9496);
#9496 = DEFINITIONAL_REPRESENTATION('',(#9497),#9507);
#9497 = B_SPLINE_CURVE_WITH_KNOTS('',8,(#9498,#9499,#9500,#9501,#9502,
    #9503,#9504,#9505,#9506),.UNSPECIFIED.,.F.,.F.,(9,9),(1.240249670074
    ,3.14159265359),.PIECEWISE_BEZIER_KNOTS.);
#9498 = CARTESIAN_POINT('',(-1.901342983516,5.999999999062E-07));
#9499 = CARTESIAN_POINT('',(-1.663675110576,-0.72313272222));
#9500 = CARTESIAN_POINT('',(-1.426007237637,-1.513664959138));
#9501 = CARTESIAN_POINT('',(-1.188339364693,-2.309344507457));
#9502 = CARTESIAN_POINT('',(-0.950671491763,-3.039844771407));
#9503 = CARTESIAN_POINT('',(-0.713003618815,-3.63781887502));
#9504 = CARTESIAN_POINT('',(-0.475335745879,-4.053131704451));
#9505 = CARTESIAN_POINT('',(-0.237667872939,-4.26079198144));
#9506 = CARTESIAN_POINT('',(-4.736951571734E-15,-4.26079198144));
#9507 = ( GEOMETRIC_REPRESENTATION_CONTEXT(2) 
PARAMETRIC_REPRESENTATION_CONTEXT() REPRESENTATION_CONTEXT('2D SPACE',''
  ) );
#9508 = ORIENTED_EDGE('',*,*,#9509,.T.);
#9509 = EDGE_CURVE('',#9480,#9346,#9510,.T.);
#9510 = SURFACE_CURVE('',#9511,(#9515,#9522),.PCURVE_S1.);
#9511 = LINE('',#9512,#9513);
#9512 = CARTESIAN_POINT('',(-40.09559941781,42.339215600161,
    -8.399596360374));
#9513 = VECTOR('',#9514,1.);
#9514 = DIRECTION('',(0.906307787037,-0.115654977167,-0.406485081415));
#9515 = PCURVE('',#9246,#9516);
#9516 = DEFINITIONAL_REPRESENTATION('',(#9517),#9521);
#9517 = LINE('',#9518,#9519);
#9518 = CARTESIAN_POINT('',(30.415121352005,8.881784197001E-16));
#9519 = VECTOR('',#9520,1.);
#9520 = DIRECTION('',(0.,1.));
#9521 = ( GEOMETRIC_REPRESENTATION_CONTEXT(2) 
PARAMETRIC_REPRESENTATION_CONTEXT() REPRESENTATION_CONTEXT('2D SPACE',''
  ) );
#9522 = PCURVE('',#9523,#9528);
#9523 = PLANE('',#9524);
#9524 = AXIS2_PLACEMENT_3D('',#9525,#9526,#9527);
#9525 = CARTESIAN_POINT('',(-40.09559941781,42.339215600161,
    -8.399596360374));
#9526 = DIRECTION('',(0.,0.961825643173,-0.273662990072));
#9527 = DIRECTION('',(0.906307787037,-0.115654977167,-0.406485081415));
#9528 = DEFINITIONAL_REPRESENTATION('',(#9529),#9533);
#9529 = LINE('',#9530,#9531);
#9530 = CARTESIAN_POINT('',(0.,-0.));
#9531 = VECTOR('',#9532,1.);
#9532 = DIRECTION('',(1.,0.));
#9533 = ( GEOMETRIC_REPRESENTATION_CONTEXT(2) 
PARAMETRIC_REPRESENTATION_CONTEXT() REPRESENTATION_CONTEXT('2D SPACE',''
  ) );
#9534 = ADVANCED_FACE('',(#9535),#9328,.T.);
#9535 = FACE_BOUND('',#9536,.T.);
#9536 = EDGE_LOOP('',(#9537,#9560,#9561,#9562));
#9537 = ORIENTED_EDGE('',*,*,#9538,.F.);
#9538 = EDGE_CURVE('',#9287,#9539,#9541,.T.);
#9539 = VERTEX_POINT('',#9540);
#9540 = CARTESIAN_POINT('',(-33.61728154514,41.246049876893,
    -12.24167535176));
#9541 = SURFACE_CURVE('',#9542,(#9546,#9553),.PCURVE_S1.);
#9542 = LINE('',#9543,#9544);
#9543 = CARTESIAN_POINT('',(-40.46854044145,42.120346890061,
    -9.168840085316));
#9544 = VECTOR('',#9545,1.);
#9545 = DIRECTION('',(0.906307787037,-0.115654977167,-0.406485081415));
#9546 = PCURVE('',#9328,#9547);
#9547 = DEFINITIONAL_REPRESENTATION('',(#9548),#9552);
#9548 = LINE('',#9549,#9550);
#9549 = CARTESIAN_POINT('',(-3.275157922644E-15,0.88245364056));
#9550 = VECTOR('',#9551,1.);
#9551 = DIRECTION('',(1.,0.));
#9552 = ( GEOMETRIC_REPRESENTATION_CONTEXT(2) 
PARAMETRIC_REPRESENTATION_CONTEXT() REPRESENTATION_CONTEXT('2D SPACE',''
  ) );
#9553 = PCURVE('',#9302,#9554);
#9554 = DEFINITIONAL_REPRESENTATION('',(#9555),#9559);
#9555 = LINE('',#9556,#9557);
#9556 = CARTESIAN_POINT('',(30.415121352005,4.440892098501E-16));
#9557 = VECTOR('',#9558,1.);
#9558 = DIRECTION('',(0.,1.));
#9559 = ( GEOMETRIC_REPRESENTATION_CONTEXT(2) 
PARAMETRIC_REPRESENTATION_CONTEXT() REPRESENTATION_CONTEXT('2D SPACE',''
  ) );
#9560 = ORIENTED_EDGE('',*,*,#9314,.F.);
#9561 = ORIENTED_EDGE('',*,*,#9395,.T.);
#9562 = ORIENTED_EDGE('',*,*,#9563,.T.);
#9563 = EDGE_CURVE('',#9396,#9539,#9564,.T.);
#9564 = SURFACE_CURVE('',#9565,(#9569,#9575),.PCURVE_S1.);
#9565 = LINE('',#9566,#9567);
#9566 = CARTESIAN_POINT('',(-33.61728154514,41.859247774095,
    -10.08650829131));
#9567 = VECTOR('',#9568,1.);
#9568 = DIRECTION('',(0.,-0.273662990072,-0.961825643173));
#9569 = PCURVE('',#9328,#9570);
#9570 = DEFINITIONAL_REPRESENTATION('',(#9571),#9574);
#9571 = B_SPLINE_CURVE_WITH_KNOTS('',1,(#9572,#9573),.UNSPECIFIED.,.F.,
  .F.,(2,2),(1.267024652618,2.24070451412),.PIECEWISE_BEZIER_KNOTS.);
#9572 = CARTESIAN_POINT('',(7.148032892721,-6.661338147751E-16));
#9573 = CARTESIAN_POINT('',(7.559527783281,0.88245364056));
#9574 = ( GEOMETRIC_REPRESENTATION_CONTEXT(2) 
PARAMETRIC_REPRESENTATION_CONTEXT() REPRESENTATION_CONTEXT('2D SPACE',''
  ) );
#9575 = PCURVE('',#9433,#9576);
#9576 = DEFINITIONAL_REPRESENTATION('',(#9577),#9580);
#9577 = B_SPLINE_CURVE_WITH_KNOTS('',1,(#9578,#9579),.UNSPECIFIED.,.F.,
  .F.,(2,2),(1.267024652618,2.24070451412),.PIECEWISE_BEZIER_KNOTS.);
#9578 = CARTESIAN_POINT('',(1.,0.486839930751));
#9579 = CARTESIAN_POINT('',(1.,-0.486839930751));
#9580 = ( GEOMETRIC_REPRESENTATION_CONTEXT(2) 
PARAMETRIC_REPRESENTATION_CONTEXT() REPRESENTATION_CONTEXT('2D SPACE',''
  ) );
#9581 = ADVANCED_FACE('',(#9582),#9302,.T.);
#9582 = FACE_BOUND('',#9583,.T.);
#9583 = EDGE_LOOP('',(#9584,#9609,#9630,#9631,#9632,#9653,#9687,#9716));
#9584 = ORIENTED_EDGE('',*,*,#9585,.F.);
#9585 = EDGE_CURVE('',#9586,#9588,#9590,.T.);
#9586 = VERTEX_POINT('',#9587);
#9587 = CARTESIAN_POINT('',(-27.13896367248,11.165300639324,
    -6.823751031527));
#9588 = VERTEX_POINT('',#9589);
#9589 = CARTESIAN_POINT('',(-27.13896367248,40.419344295896,
    -15.14724408412));
#9590 = SURFACE_CURVE('',#9591,(#9595,#9602),.PCURVE_S1.);
#9591 = LINE('',#9592,#9593);
#9592 = CARTESIAN_POINT('',(-27.13896367248,11.165300639324,
    -6.823751031527));
#9593 = VECTOR('',#9594,1.);
#9594 = DIRECTION('',(0.,0.961825643173,-0.273662990072));
#9595 = PCURVE('',#9302,#9596);
#9596 = DEFINITIONAL_REPRESENTATION('',(#9597),#9601);
#9597 = LINE('',#9598,#9599);
#9598 = CARTESIAN_POINT('',(1.110223024625E-15,14.707560676003));
#9599 = VECTOR('',#9600,1.);
#9600 = DIRECTION('',(1.,0.));
#9601 = ( GEOMETRIC_REPRESENTATION_CONTEXT(2) 
PARAMETRIC_REPRESENTATION_CONTEXT() REPRESENTATION_CONTEXT('2D SPACE',''
  ) );
#9602 = PCURVE('',#9361,#9603);
#9603 = DEFINITIONAL_REPRESENTATION('',(#9604),#9608);
#9604 = LINE('',#9605,#9606);
#9605 = CARTESIAN_POINT('',(1.387778780781E-16,-0.88245364056));
#9606 = VECTOR('',#9607,1.);
#9607 = DIRECTION('',(1.,0.));
#9608 = ( GEOMETRIC_REPRESENTATION_CONTEXT(2) 
PARAMETRIC_REPRESENTATION_CONTEXT() REPRESENTATION_CONTEXT('2D SPACE',''
  ) );
#9609 = ORIENTED_EDGE('',*,*,#9610,.F.);
#9610 = EDGE_CURVE('',#9259,#9586,#9611,.T.);
#9611 = SURFACE_CURVE('',#9612,(#9616,#9623),.PCURVE_S1.);
#9612 = LINE('',#9613,#9614);
#9613 = CARTESIAN_POINT('',(-40.46854044145,12.86630323349,
    -0.845347032721));
#9614 = VECTOR('',#9615,1.);
#9615 = DIRECTION('',(0.906307787037,-0.115654977167,-0.406485081415));
#9616 = PCURVE('',#9302,#9617);
#9617 = DEFINITIONAL_REPRESENTATION('',(#9618),#9622);
#9618 = LINE('',#9619,#9620);
#9619 = CARTESIAN_POINT('',(0.,0.));
#9620 = VECTOR('',#9621,1.);
#9621 = DIRECTION('',(0.,1.));
#9622 = ( GEOMETRIC_REPRESENTATION_CONTEXT(2) 
PARAMETRIC_REPRESENTATION_CONTEXT() REPRESENTATION_CONTEXT('2D SPACE',''
  ) );
#9623 = PCURVE('',#9274,#9624);
#9624 = DEFINITIONAL_REPRESENTATION('',(#9625),#9629);
#9625 = LINE('',#9626,#9627);
#9626 = CARTESIAN_POINT('',(-2.498001805407E-15,0.88245364056));
#9627 = VECTOR('',#9628,1.);
#9628 = DIRECTION('',(1.,0.));
#9629 = ( GEOMETRIC_REPRESENTATION_CONTEXT(2) 
PARAMETRIC_REPRESENTATION_CONTEXT() REPRESENTATION_CONTEXT('2D SPACE',''
  ) );
#9630 = ORIENTED_EDGE('',*,*,#9286,.T.);
#9631 = ORIENTED_EDGE('',*,*,#9538,.T.);
#9632 = ORIENTED_EDGE('',*,*,#9633,.T.);
#9633 = EDGE_CURVE('',#9539,#9634,#9636,.T.);
#9634 = VERTEX_POINT('',#9635);
#9635 = CARTESIAN_POINT('',(-33.61728154514,38.91958823413,
    -11.57973994386));
#9636 = SURFACE_CURVE('',#9637,(#9641,#9647),.PCURVE_S1.);
#9637 = LINE('',#9638,#9639);
#9638 = CARTESIAN_POINT('',(-33.61728154514,26.13811522702,
    -7.943097330431));
#9639 = VECTOR('',#9640,1.);
#9640 = DIRECTION('',(0.,-0.961825643173,0.273662990072));
#9641 = PCURVE('',#9302,#9642);
#9642 = DEFINITIONAL_REPRESENTATION('',(#9643),#9646);
#9643 = B_SPLINE_CURVE_WITH_KNOTS('',1,(#9644,#9645),.UNSPECIFIED.,.F.,
  .F.,(2,2),(-15.707560676,-13.207560676),.PIECEWISE_BEZIER_KNOTS.);
#9644 = CARTESIAN_POINT('',(30.415121352005,7.559527783281));
#9645 = CARTESIAN_POINT('',(27.915121352005,7.559527783281));
#9646 = ( GEOMETRIC_REPRESENTATION_CONTEXT(2) 
PARAMETRIC_REPRESENTATION_CONTEXT() REPRESENTATION_CONTEXT('2D SPACE',''
  ) );
#9647 = PCURVE('',#9433,#9648);
#9648 = DEFINITIONAL_REPRESENTATION('',(#9649),#9652);
#9649 = B_SPLINE_CURVE_WITH_KNOTS('',1,(#9650,#9651),.UNSPECIFIED.,.F.,
  .F.,(2,2),(-15.707560676,-13.207560676),.PIECEWISE_BEZIER_KNOTS.);
#9650 = CARTESIAN_POINT('',(1.,-0.486839930751));
#9651 = CARTESIAN_POINT('',(-1.5,-0.486839930751));
#9652 = ( GEOMETRIC_REPRESENTATION_CONTEXT(2) 
PARAMETRIC_REPRESENTATION_CONTEXT() REPRESENTATION_CONTEXT('2D SPACE',''
  ) );
#9653 = ORIENTED_EDGE('',*,*,#9654,.F.);
#9654 = EDGE_CURVE('',#9655,#9634,#9657,.T.);
#9655 = VERTEX_POINT('',#9656);
#9656 = CARTESIAN_POINT('',(-31.44455276506,40.006959819747,
    -12.94249569693));
#9657 = SURFACE_CURVE('',#9658,(#9663,#9670),.PCURVE_S1.);
#9658 = ELLIPSE('',#9659,3.549302374729,1.5);
#9659 = AXIS2_PLACEMENT_3D('',#9660,#9661,#9662);
#9660 = CARTESIAN_POINT('',(-34.66131314582,40.417454304856,
    -11.49975723217));
#9661 = DIRECTION('',(-0.422618261741,-0.248022898926,-0.871710070179));
#9662 = DIRECTION('',(-0.906307787037,0.115654977167,0.406485081415));
#9663 = PCURVE('',#9302,#9664);
#9664 = DEFINITIONAL_REPRESENTATION('',(#9665),#9669);
#9665 = ELLIPSE('',#9666,3.549302374729,1.5);
#9666 = AXIS2_PLACEMENT_2D('',#9667,#9668);
#9667 = CARTESIAN_POINT('',(29.415121352005,6.407566368396));
#9668 = DIRECTION('',(0.,-1.));
#9669 = ( GEOMETRIC_REPRESENTATION_CONTEXT(2) 
PARAMETRIC_REPRESENTATION_CONTEXT() REPRESENTATION_CONTEXT('2D SPACE',''
  ) );
#9670 = PCURVE('',#9671,#9676);
#9671 = CYLINDRICAL_SURFACE('',#9672,1.5);
#9672 = AXIS2_PLACEMENT_3D('',#9673,#9674,#9675);
#9673 = CARTESIAN_POINT('',(-33.61728154514,40.417454304856,
    -11.49975723217));
#9674 = DIRECTION('',(-1.,0.,0.));
#9675 = DIRECTION('',(0.,-0.273662990072,-0.961825643173));
#9676 = DEFINITIONAL_REPRESENTATION('',(#9677),#9686);
#9677 = B_SPLINE_CURVE_WITH_KNOTS('',7,(#9678,#9679,#9680,#9681,#9682,
    #9683,#9684,#9685),.UNSPECIFIED.,.F.,.F.,(8,8),(3.14159265359,
    4.38184271806),.PIECEWISE_BEZIER_KNOTS.);
#9678 = CARTESIAN_POINT('',(-6.28318530718,-2.172728780088));
#9679 = CARTESIAN_POINT('',(-6.106006726541,-2.172728780088));
#9680 = CARTESIAN_POINT('',(-5.928828145902,-2.054916646473));
#9681 = CARTESIAN_POINT('',(-5.751649565264,-1.819297034844));
#9682 = CARTESIAN_POINT('',(-5.574470984625,-1.474912375582));
#9683 = CARTESIAN_POINT('',(-5.397292403986,-1.039936753646));
#9684 = CARTESIAN_POINT('',(-5.220113823348,-0.539086788624));
#9685 = CARTESIAN_POINT('',(-5.042935242709,5.999999999062E-07));
#9686 = ( GEOMETRIC_REPRESENTATION_CONTEXT(2) 
PARAMETRIC_REPRESENTATION_CONTEXT() REPRESENTATION_CONTEXT('2D SPACE',''
  ) );
#9687 = ORIENTED_EDGE('',*,*,#9688,.F.);
#9688 = EDGE_CURVE('',#9689,#9655,#9691,.T.);
#9689 = VERTEX_POINT('',#9690);
#9690 = CARTESIAN_POINT('',(-32.26368151958,41.073315423665,
    -12.84877398256));
#9691 = SURFACE_CURVE('',#9692,(#9697,#9704),.PCURVE_S1.);
#9692 = ELLIPSE('',#9693,3.549302374729,1.5);
#9693 = AXIS2_PLACEMENT_3D('',#9694,#9695,#9696);
#9694 = CARTESIAN_POINT('',(-34.66131314582,40.417454304856,
    -11.49975723217));
#9695 = DIRECTION('',(-0.422618261741,-0.248022898926,-0.871710070179));
#9696 = DIRECTION('',(-0.906307787037,0.115654977167,0.406485081415));
#9697 = PCURVE('',#9302,#9698);
#9698 = DEFINITIONAL_REPRESENTATION('',(#9699),#9703);
#9699 = ELLIPSE('',#9700,3.549302374729,1.5);
#9700 = AXIS2_PLACEMENT_2D('',#9701,#9702);
#9701 = CARTESIAN_POINT('',(29.415121352005,6.407566368396));
#9702 = DIRECTION('',(0.,-1.));
#9703 = ( GEOMETRIC_REPRESENTATION_CONTEXT(2) 
PARAMETRIC_REPRESENTATION_CONTEXT() REPRESENTATION_CONTEXT('2D SPACE',''
  ) );
#9704 = PCURVE('',#9461,#9705);
#9705 = DEFINITIONAL_REPRESENTATION('',(#9706),#9715);
#9706 = B_SPLINE_CURVE_WITH_KNOTS('',7,(#9707,#9708,#9709,#9710,#9711,
    #9712,#9713,#9714),.UNSPECIFIED.,.F.,.F.,(8,8),(1.901342589119,
    3.14159265359),.PIECEWISE_BEZIER_KNOTS.);
#9707 = CARTESIAN_POINT('',(-1.240250064471,5.999999999062E-07));
#9708 = CARTESIAN_POINT('',(-1.063071483832,-0.539086788624));
#9709 = CARTESIAN_POINT('',(-0.885892903193,-1.039936753646));
#9710 = CARTESIAN_POINT('',(-0.708714322555,-1.474912375583));
#9711 = CARTESIAN_POINT('',(-0.531535741916,-1.819297034843));
#9712 = CARTESIAN_POINT('',(-0.354357161277,-2.054916646473));
#9713 = CARTESIAN_POINT('',(-0.177178580639,-2.172728780088));
#9714 = CARTESIAN_POINT('',(-4.736951571734E-15,-2.172728780088));
#9715 = ( GEOMETRIC_REPRESENTATION_CONTEXT(2) 
PARAMETRIC_REPRESENTATION_CONTEXT() REPRESENTATION_CONTEXT('2D SPACE',''
  ) );
#9716 = ORIENTED_EDGE('',*,*,#9717,.T.);
#9717 = EDGE_CURVE('',#9689,#9588,#9718,.T.);
#9718 = SURFACE_CURVE('',#9719,(#9723,#9730),.PCURVE_S1.);
#9719 = LINE('',#9720,#9721);
#9720 = CARTESIAN_POINT('',(-40.46854044145,42.120346890061,
    -9.168840085316));
#9721 = VECTOR('',#9722,1.);
#9722 = DIRECTION('',(0.906307787037,-0.115654977167,-0.406485081415));
#9723 = PCURVE('',#9302,#9724);
#9724 = DEFINITIONAL_REPRESENTATION('',(#9725),#9729);
#9725 = LINE('',#9726,#9727);
#9726 = CARTESIAN_POINT('',(30.415121352005,4.440892098501E-16));
#9727 = VECTOR('',#9728,1.);
#9728 = DIRECTION('',(0.,1.));
#9729 = ( GEOMETRIC_REPRESENTATION_CONTEXT(2) 
PARAMETRIC_REPRESENTATION_CONTEXT() REPRESENTATION_CONTEXT('2D SPACE',''
  ) );
#9730 = PCURVE('',#9523,#9731);
#9731 = DEFINITIONAL_REPRESENTATION('',(#9732),#9736);
#9732 = LINE('',#9733,#9734);
#9733 = CARTESIAN_POINT('',(-3.275157922644E-15,0.88245364056));
#9734 = VECTOR('',#9735,1.);
#9735 = DIRECTION('',(1.,0.));
#9736 = ( GEOMETRIC_REPRESENTATION_CONTEXT(2) 
PARAMETRIC_REPRESENTATION_CONTEXT() REPRESENTATION_CONTEXT('2D SPACE',''
  ) );
#9737 = ADVANCED_FACE('',(#9738),#9274,.F.);
#9738 = FACE_BOUND('',#9739,.F.);
#9739 = EDGE_LOOP('',(#9740,#9741,#9742,#9763));
#9740 = ORIENTED_EDGE('',*,*,#9258,.F.);
#9741 = ORIENTED_EDGE('',*,*,#9373,.T.);
#9742 = ORIENTED_EDGE('',*,*,#9743,.T.);
#9743 = EDGE_CURVE('',#9344,#9586,#9744,.T.);
#9744 = SURFACE_CURVE('',#9745,(#9749,#9756),.PCURVE_S1.);
#9745 = LINE('',#9746,#9747);
#9746 = CARTESIAN_POINT('',(-26.76602264884,11.384169349424,
    -6.054507306584));
#9747 = VECTOR('',#9748,1.);
#9748 = DIRECTION('',(-0.422618261741,-0.248022898926,-0.871710070179));
#9749 = PCURVE('',#9274,#9750);
#9750 = DEFINITIONAL_REPRESENTATION('',(#9751),#9755);
#9751 = LINE('',#9752,#9753);
#9752 = CARTESIAN_POINT('',(14.707560676003,0.));
#9753 = VECTOR('',#9754,1.);
#9754 = DIRECTION('',(0.,1.));
#9755 = ( GEOMETRIC_REPRESENTATION_CONTEXT(2) 
PARAMETRIC_REPRESENTATION_CONTEXT() REPRESENTATION_CONTEXT('2D SPACE',''
  ) );
#9756 = PCURVE('',#9361,#9757);
#9757 = DEFINITIONAL_REPRESENTATION('',(#9758),#9762);
#9758 = LINE('',#9759,#9760);
#9759 = CARTESIAN_POINT('',(0.,0.));
#9760 = VECTOR('',#9761,1.);
#9761 = DIRECTION('',(0.,-1.));
#9762 = ( GEOMETRIC_REPRESENTATION_CONTEXT(2) 
PARAMETRIC_REPRESENTATION_CONTEXT() REPRESENTATION_CONTEXT('2D SPACE',''
  ) );
#9763 = ORIENTED_EDGE('',*,*,#9610,.F.);
#9764 = ADVANCED_FACE('',(#9765),#9361,.T.);
#9765 = FACE_BOUND('',#9766,.T.);
#9766 = EDGE_LOOP('',(#9767,#9768,#9769,#9770));
#9767 = ORIENTED_EDGE('',*,*,#9343,.F.);
#9768 = ORIENTED_EDGE('',*,*,#9743,.T.);
#9769 = ORIENTED_EDGE('',*,*,#9585,.T.);
#9770 = ORIENTED_EDGE('',*,*,#9771,.F.);
#9771 = EDGE_CURVE('',#9346,#9588,#9772,.T.);
#9772 = SURFACE_CURVE('',#9773,(#9777,#9784),.PCURVE_S1.);
#9773 = LINE('',#9774,#9775);
#9774 = CARTESIAN_POINT('',(-26.76602264884,40.638213005995,
    -14.37800035917));
#9775 = VECTOR('',#9776,1.);
#9776 = DIRECTION('',(-0.422618261741,-0.248022898926,-0.871710070179));
#9777 = PCURVE('',#9361,#9778);
#9778 = DEFINITIONAL_REPRESENTATION('',(#9779),#9783);
#9779 = LINE('',#9780,#9781);
#9780 = CARTESIAN_POINT('',(30.415121352005,1.7763568394E-15));
#9781 = VECTOR('',#9782,1.);
#9782 = DIRECTION('',(0.,-1.));
#9783 = ( GEOMETRIC_REPRESENTATION_CONTEXT(2) 
PARAMETRIC_REPRESENTATION_CONTEXT() REPRESENTATION_CONTEXT('2D SPACE',''
  ) );
#9784 = PCURVE('',#9523,#9785);
#9785 = DEFINITIONAL_REPRESENTATION('',(#9786),#9790);
#9786 = LINE('',#9787,#9788);
#9787 = CARTESIAN_POINT('',(14.707560676003,-8.881784197001E-16));
#9788 = VECTOR('',#9789,1.);
#9789 = DIRECTION('',(0.,1.));
#9790 = ( GEOMETRIC_REPRESENTATION_CONTEXT(2) 
PARAMETRIC_REPRESENTATION_CONTEXT() REPRESENTATION_CONTEXT('2D SPACE',''
  ) );
#9791 = ADVANCED_FACE('',(#9792),#9523,.T.);
#9792 = FACE_BOUND('',#9793,.T.);
#9793 = EDGE_LOOP('',(#9794,#9795,#9814,#9815));
#9794 = ORIENTED_EDGE('',*,*,#9717,.F.);
#9795 = ORIENTED_EDGE('',*,*,#9796,.F.);
#9796 = EDGE_CURVE('',#9480,#9689,#9797,.T.);
#9797 = SURFACE_CURVE('',#9798,(#9802,#9808),.PCURVE_S1.);
#9798 = LINE('',#9799,#9800);
#9799 = CARTESIAN_POINT('',(-33.61728154514,41.073315423665,
    -12.84877398256));
#9800 = VECTOR('',#9801,1.);
#9801 = DIRECTION('',(-1.,0.,0.));
#9802 = PCURVE('',#9523,#9803);
#9803 = DEFINITIONAL_REPRESENTATION('',(#9804),#9807);
#9804 = B_SPLINE_CURVE_WITH_KNOTS('',1,(#9805,#9806),.UNSPECIFIED.,.F.,
  .F.,(2,2),(-3.65046954705,-1.144793705428),.PIECEWISE_BEZIER_KNOTS.);
#9805 = CARTESIAN_POINT('',(11.134730895726,-8.824536405599E-02));
#9806 = CARTESIAN_POINT('',(8.863817368674,0.970699004616));
#9807 = ( GEOMETRIC_REPRESENTATION_CONTEXT(2) 
PARAMETRIC_REPRESENTATION_CONTEXT() REPRESENTATION_CONTEXT('2D SPACE',''
  ) );
#9808 = PCURVE('',#9461,#9809);
#9809 = DEFINITIONAL_REPRESENTATION('',(#9810),#9813);
#9810 = B_SPLINE_CURVE_WITH_KNOTS('',1,(#9811,#9812),.UNSPECIFIED.,.F.,
  .F.,(2,2),(-3.65046954705,-1.144793705428),.PIECEWISE_BEZIER_KNOTS.);
#9811 = CARTESIAN_POINT('',(-0.729727656227,-3.65046954705));
#9812 = CARTESIAN_POINT('',(-0.729727656227,-1.144793705428));
#9813 = ( GEOMETRIC_REPRESENTATION_CONTEXT(2) 
PARAMETRIC_REPRESENTATION_CONTEXT() REPRESENTATION_CONTEXT('2D SPACE',''
  ) );
#9814 = ORIENTED_EDGE('',*,*,#9509,.T.);
#9815 = ORIENTED_EDGE('',*,*,#9771,.T.);
#9816 = ADVANCED_FACE('',(#9817),#9461,.T.);
#9817 = FACE_BOUND('',#9818,.F.);
#9818 = EDGE_LOOP('',(#9819,#9843,#9864,#9865,#9866,#9867,#9890,#9917,
    #9918));
#9819 = ORIENTED_EDGE('',*,*,#9820,.F.);
#9820 = EDGE_CURVE('',#9821,#9419,#9823,.T.);
#9821 = VERTEX_POINT('',#9822);
#9822 = CARTESIAN_POINT('',(-33.61728154514,40.006959819747,
    -12.94249569693));
#9823 = SURFACE_CURVE('',#9824,(#9829,#9836),.PCURVE_S1.);
#9824 = CIRCLE('',#9825,1.5);
#9825 = AXIS2_PLACEMENT_3D('',#9826,#9827,#9828);
#9826 = CARTESIAN_POINT('',(-33.61728154514,40.417454304856,
    -11.49975723217));
#9827 = DIRECTION('',(1.,0.,0.));
#9828 = DIRECTION('',(0.,-0.273662990072,-0.961825643173));
#9829 = PCURVE('',#9461,#9830);
#9830 = DEFINITIONAL_REPRESENTATION('',(#9831),#9835);
#9831 = LINE('',#9832,#9833);
#9832 = CARTESIAN_POINT('',(-0.,0.));
#9833 = VECTOR('',#9834,1.);
#9834 = DIRECTION('',(-1.,0.));
#9835 = ( GEOMETRIC_REPRESENTATION_CONTEXT(2) 
PARAMETRIC_REPRESENTATION_CONTEXT() REPRESENTATION_CONTEXT('2D SPACE',''
  ) );
#9836 = PCURVE('',#9433,#9837);
#9837 = DEFINITIONAL_REPRESENTATION('',(#9838),#9842);
#9838 = CIRCLE('',#9839,1.5);
#9839 = AXIS2_PLACEMENT_2D('',#9840,#9841);
#9840 = CARTESIAN_POINT('',(0.,0.));
#9841 = DIRECTION('',(0.,-1.));
#9842 = ( GEOMETRIC_REPRESENTATION_CONTEXT(2) 
PARAMETRIC_REPRESENTATION_CONTEXT() REPRESENTATION_CONTEXT('2D SPACE',''
  ) );
#9843 = ORIENTED_EDGE('',*,*,#9844,.T.);
#9844 = EDGE_CURVE('',#9821,#9655,#9845,.T.);
#9845 = SURFACE_CURVE('',#9846,(#9850,#9857),.PCURVE_S1.);
#9846 = LINE('',#9847,#9848);
#9847 = CARTESIAN_POINT('',(-33.61728154514,40.006959819747,
    -12.94249569693));
#9848 = VECTOR('',#9849,1.);
#9849 = DIRECTION('',(1.,0.,0.));
#9850 = PCURVE('',#9461,#9851);
#9851 = DEFINITIONAL_REPRESENTATION('',(#9852),#9856);
#9852 = LINE('',#9853,#9854);
#9853 = CARTESIAN_POINT('',(-0.,0.));
#9854 = VECTOR('',#9855,1.);
#9855 = DIRECTION('',(-0.,-1.));
#9856 = ( GEOMETRIC_REPRESENTATION_CONTEXT(2) 
PARAMETRIC_REPRESENTATION_CONTEXT() REPRESENTATION_CONTEXT('2D SPACE',''
  ) );
#9857 = PCURVE('',#9671,#9858);
#9858 = DEFINITIONAL_REPRESENTATION('',(#9859),#9863);
#9859 = LINE('',#9860,#9861);
#9860 = CARTESIAN_POINT('',(-6.28318530718,0.));
#9861 = VECTOR('',#9862,1.);
#9862 = DIRECTION('',(-0.,-1.));
#9863 = ( GEOMETRIC_REPRESENTATION_CONTEXT(2) 
PARAMETRIC_REPRESENTATION_CONTEXT() REPRESENTATION_CONTEXT('2D SPACE',''
  ) );
#9864 = ORIENTED_EDGE('',*,*,#9688,.F.);
#9865 = ORIENTED_EDGE('',*,*,#9796,.F.);
#9866 = ORIENTED_EDGE('',*,*,#9479,.T.);
#9867 = ORIENTED_EDGE('',*,*,#9868,.T.);
#9868 = EDGE_CURVE('',#9445,#9869,#9871,.T.);
#9869 = VERTEX_POINT('',#9870);
#9870 = CARTESIAN_POINT('',(-23.61728154514,40.006959819747,
    -12.94249569693));
#9871 = SEAM_CURVE('',#9872,(#9876,#9883),.PCURVE_S1.);
#9872 = LINE('',#9873,#9874);
#9873 = CARTESIAN_POINT('',(-33.61728154514,40.006959819747,
    -12.94249569693));
#9874 = VECTOR('',#9875,1.);
#9875 = DIRECTION('',(1.,0.,0.));
#9876 = PCURVE('',#9461,#9877);
#9877 = DEFINITIONAL_REPRESENTATION('',(#9878),#9882);
#9878 = LINE('',#9879,#9880);
#9879 = CARTESIAN_POINT('',(-0.,0.));
#9880 = VECTOR('',#9881,1.);
#9881 = DIRECTION('',(-0.,-1.));
#9882 = ( GEOMETRIC_REPRESENTATION_CONTEXT(2) 
PARAMETRIC_REPRESENTATION_CONTEXT() REPRESENTATION_CONTEXT('2D SPACE',''
  ) );
#9883 = PCURVE('',#9461,#9884);
#9884 = DEFINITIONAL_REPRESENTATION('',(#9885),#9889);
#9885 = LINE('',#9886,#9887);
#9886 = CARTESIAN_POINT('',(-6.28318530718,0.));
#9887 = VECTOR('',#9888,1.);
#9888 = DIRECTION('',(-0.,-1.));
#9889 = ( GEOMETRIC_REPRESENTATION_CONTEXT(2) 
PARAMETRIC_REPRESENTATION_CONTEXT() REPRESENTATION_CONTEXT('2D SPACE',''
  ) );
#9890 = ORIENTED_EDGE('',*,*,#9891,.T.);
#9891 = EDGE_CURVE('',#9869,#9869,#9892,.T.);
#9892 = SURFACE_CURVE('',#9893,(#9898,#9905),.PCURVE_S1.);
#9893 = CIRCLE('',#9894,1.5);
#9894 = AXIS2_PLACEMENT_3D('',#9895,#9896,#9897);
#9895 = CARTESIAN_POINT('',(-23.61728154514,40.417454304856,
    -11.49975723217));
#9896 = DIRECTION('',(1.,0.,0.));
#9897 = DIRECTION('',(0.,-0.273662990072,-0.961825643173));
#9898 = PCURVE('',#9461,#9899);
#9899 = DEFINITIONAL_REPRESENTATION('',(#9900),#9904);
#9900 = LINE('',#9901,#9902);
#9901 = CARTESIAN_POINT('',(-0.,-10.));
#9902 = VECTOR('',#9903,1.);
#9903 = DIRECTION('',(-1.,0.));
#9904 = ( GEOMETRIC_REPRESENTATION_CONTEXT(2) 
PARAMETRIC_REPRESENTATION_CONTEXT() REPRESENTATION_CONTEXT('2D SPACE',''
  ) );
#9905 = PCURVE('',#9906,#9911);
#9906 = PLANE('',#9907);
#9907 = AXIS2_PLACEMENT_3D('',#9908,#9909,#9910);
#9908 = CARTESIAN_POINT('',(-23.61728154514,40.417454304856,
    -11.49975723217));
#9909 = DIRECTION('',(1.,0.,0.));
#9910 = DIRECTION('',(0.,0.961825643173,-0.273662990072));
#9911 = DEFINITIONAL_REPRESENTATION('',(#9912),#9916);
#9912 = CIRCLE('',#9913,1.5);
#9913 = AXIS2_PLACEMENT_2D('',#9914,#9915);
#9914 = CARTESIAN_POINT('',(0.,0.));
#9915 = DIRECTION('',(0.,-1.));
#9916 = ( GEOMETRIC_REPRESENTATION_CONTEXT(2) 
PARAMETRIC_REPRESENTATION_CONTEXT() REPRESENTATION_CONTEXT('2D SPACE',''
  ) );
#9917 = ORIENTED_EDGE('',*,*,#9868,.F.);
#9918 = ORIENTED_EDGE('',*,*,#9444,.T.);
#9919 = ADVANCED_FACE('',(#9920),#9433,.F.);
#9920 = FACE_BOUND('',#9921,.F.);
#9921 = EDGE_LOOP('',(#9922,#9944,#9945,#9946,#9947));
#9922 = ORIENTED_EDGE('',*,*,#9923,.T.);
#9923 = EDGE_CURVE('',#9634,#9821,#9924,.T.);
#9924 = SURFACE_CURVE('',#9925,(#9930,#9937),.PCURVE_S1.);
#9925 = CIRCLE('',#9926,1.5);
#9926 = AXIS2_PLACEMENT_3D('',#9927,#9928,#9929);
#9927 = CARTESIAN_POINT('',(-33.61728154514,40.417454304856,
    -11.49975723217));
#9928 = DIRECTION('',(1.,0.,0.));
#9929 = DIRECTION('',(0.,-0.273662990072,-0.961825643173));
#9930 = PCURVE('',#9433,#9931);
#9931 = DEFINITIONAL_REPRESENTATION('',(#9932),#9936);
#9932 = CIRCLE('',#9933,1.5);
#9933 = AXIS2_PLACEMENT_2D('',#9934,#9935);
#9934 = CARTESIAN_POINT('',(0.,0.));
#9935 = DIRECTION('',(0.,-1.));
#9936 = ( GEOMETRIC_REPRESENTATION_CONTEXT(2) 
PARAMETRIC_REPRESENTATION_CONTEXT() REPRESENTATION_CONTEXT('2D SPACE',''
  ) );
#9937 = PCURVE('',#9671,#9938);
#9938 = DEFINITIONAL_REPRESENTATION('',(#9939),#9943);
#9939 = LINE('',#9940,#9941);
#9940 = CARTESIAN_POINT('',(-0.,0.));
#9941 = VECTOR('',#9942,1.);
#9942 = DIRECTION('',(-1.,0.));
#9943 = ( GEOMETRIC_REPRESENTATION_CONTEXT(2) 
PARAMETRIC_REPRESENTATION_CONTEXT() REPRESENTATION_CONTEXT('2D SPACE',''
  ) );
#9944 = ORIENTED_EDGE('',*,*,#9820,.T.);
#9945 = ORIENTED_EDGE('',*,*,#9418,.F.);
#9946 = ORIENTED_EDGE('',*,*,#9563,.T.);
#9947 = ORIENTED_EDGE('',*,*,#9633,.T.);
#9948 = ADVANCED_FACE('',(#9949),#9671,.T.);
#9949 = FACE_BOUND('',#9950,.F.);
#9950 = EDGE_LOOP('',(#9951,#9952,#9953));
#9951 = ORIENTED_EDGE('',*,*,#9923,.F.);
#9952 = ORIENTED_EDGE('',*,*,#9654,.F.);
#9953 = ORIENTED_EDGE('',*,*,#9844,.F.);
#9954 = ADVANCED_FACE('',(#9955),#9906,.T.);
#9955 = FACE_BOUND('',#9956,.T.);
#9956 = EDGE_LOOP('',(#9957));
#9957 = ORIENTED_EDGE('',*,*,#9891,.T.);
#9958 = ( GEOMETRIC_REPRESENTATION_CONTEXT(3) 
GLOBAL_UNCERTAINTY_ASSIGNED_CONTEXT((#9962)) 
GLOBAL_UNIT_ASSIGNED_CONTEXT((#9959,#9960,#9961)) REPRESENTATION_CONTEXT
('Context #1','3D Context with UNIT and UNCERTAINTY') );
#9959 = ( LENGTH_UNIT() NAMED_UNIT(*) SI_UNIT(.MILLI.,.METRE.) );
#9960 = ( NAMED_UNIT(*) PLANE_ANGLE_UNIT() SI_UNIT($,.RADIAN.) );
#9961 = ( NAMED_UNIT(*) SI_UNIT($,.STERADIAN.) SOLID_ANGLE_UNIT() );
#9962 = UNCERTAINTY_MEASURE_WITH_UNIT(LENGTH_MEASURE(1.E-07),#9959,
  'distance_accuracy_value','confusion accuracy');
#9963 = CONTEXT_DEPENDENT_SHAPE_REPRESENTATION(#9964,#9966);
#9964 = ( REPRESENTATION_RELATIONSHIP('','',#9216,#10) 
REPRESENTATION_RELATIONSHIP_WITH_TRANSFORMATION(#9965) 
SHAPE_REPRESENTATION_RELATIONSHIP() );
#9965 = ITEM_DEFINED_TRANSFORMATION('','',#11,#63);
#9966 = PRODUCT_DEFINITION_SHAPE('Placement','Placement of an item',
  #9967);
#9967 = NEXT_ASSEMBLY_USAGE_OCCURRENCE('13','','',#5,#9211,$);
#9968 = PRODUCT_RELATED_PRODUCT_CATEGORY('part',$,(#9213));
#9969 = SHAPE_DEFINITION_REPRESENTATION(#9970,#9976);
#9970 = PRODUCT_DEFINITION_SHAPE('','',#9971);
#9971 = PRODUCT_DEFINITION('design','',#9972,#9975);
#9972 = PRODUCT_DEFINITION_FORMATION('','',#9973);
#9973 = PRODUCT('Open CASCADE STEP translator 7.9 2.14',
  'Open CASCADE STEP translator 7.9 2.14','',(#9974));
#9974 = PRODUCT_CONTEXT('',#2,'mechanical');
#9975 = PRODUCT_DEFINITION_CONTEXT('part definition',#2,'design');
#9976 = ADVANCED_BREP_SHAPE_REPRESENTATION('',(#11,#9977),#10718);
#9977 = MANIFOLD_SOLID_BREP('',#9978);
#9978 = CLOSED_SHELL('',(#9979,#10099,#10294,#10341,#10497,#10524,#10551
    ,#10576,#10679,#10708,#10714));
#9979 = ADVANCED_FACE('',(#9980),#9994,.F.);
#9980 = FACE_BOUND('',#9981,.F.);
#9981 = EDGE_LOOP('',(#9982,#10017,#10045,#10073));
#9982 = ORIENTED_EDGE('',*,*,#9983,.F.);
#9983 = EDGE_CURVE('',#9984,#9986,#9988,.T.);
#9984 = VERTEX_POINT('',#9985);
#9985 = CARTESIAN_POINT('',(-40.09559941781,12.229051140082,
    4.655945094178));
#9986 = VERTEX_POINT('',#9987);
#9987 = CARTESIAN_POINT('',(-40.09559941781,42.514426946435,
    7.462298444205));
#9988 = SURFACE_CURVE('',#9989,(#9993,#10005),.PCURVE_S1.);
#9989 = LINE('',#9990,#9991);
#9990 = CARTESIAN_POINT('',(-40.09559941781,12.229051140082,
    4.655945094178));
#9991 = VECTOR('',#9992,1.);
#9992 = DIRECTION('',(0.,0.995734176295,9.22683594633E-02));
#9993 = PCURVE('',#9994,#9999);
#9994 = PLANE('',#9995);
#9995 = AXIS2_PLACEMENT_3D('',#9996,#9997,#9998);
#9996 = CARTESIAN_POINT('',(-40.09559941781,12.229051140082,
    4.655945094178));
#9997 = DIRECTION('',(0.906307787037,3.899429369005E-02,-0.420815446742)
  );
#9998 = DIRECTION('',(0.,0.995734176295,9.22683594633E-02));
#9999 = DEFINITIONAL_REPRESENTATION('',(#10000),#10004);
#10000 = LINE('',#10001,#10002);
#10001 = CARTESIAN_POINT('',(0.,0.));
#10002 = VECTOR('',#10003,1.);
#10003 = DIRECTION('',(1.,0.));
#10004 = ( GEOMETRIC_REPRESENTATION_CONTEXT(2) 
PARAMETRIC_REPRESENTATION_CONTEXT() REPRESENTATION_CONTEXT('2D SPACE',''
  ) );
#10005 = PCURVE('',#10006,#10011);
#10006 = PLANE('',#10007);
#10007 = AXIS2_PLACEMENT_3D('',#10008,#10009,#10010);
#10008 = CARTESIAN_POINT('',(-40.09559941781,12.229051140082,
    4.655945094178));
#10009 = DIRECTION('',(-0.422618261741,8.362353267869E-02,
    -0.902441637795));
#10010 = DIRECTION('',(0.,0.995734176295,9.22683594633E-02));
#10011 = DEFINITIONAL_REPRESENTATION('',(#10012),#10016);
#10012 = LINE('',#10013,#10014);
#10013 = CARTESIAN_POINT('',(0.,0.));
#10014 = VECTOR('',#10015,1.);
#10015 = DIRECTION('',(1.,-6.938893903907E-18));
#10016 = ( GEOMETRIC_REPRESENTATION_CONTEXT(2) 
PARAMETRIC_REPRESENTATION_CONTEXT() REPRESENTATION_CONTEXT('2D SPACE',''
  ) );
#10017 = ORIENTED_EDGE('',*,*,#10018,.T.);
#10018 = EDGE_CURVE('',#9984,#10019,#10021,.T.);
#10019 = VERTEX_POINT('',#10020);
#10020 = CARTESIAN_POINT('',(-40.46854044145,12.302845030931,
    3.859582185513));
#10021 = SURFACE_CURVE('',#10022,(#10026,#10033),.PCURVE_S1.);
#10022 = LINE('',#10023,#10024);
#10023 = CARTESIAN_POINT('',(-40.09559941781,12.229051140082,
    4.655945094178));
#10024 = VECTOR('',#10025,1.);
#10025 = DIRECTION('',(-0.422618261741,8.362353267869E-02,
    -0.902441637795));
#10026 = PCURVE('',#9994,#10027);
#10027 = DEFINITIONAL_REPRESENTATION('',(#10028),#10032);
#10028 = LINE('',#10029,#10030);
#10029 = CARTESIAN_POINT('',(0.,0.));
#10030 = VECTOR('',#10031,1.);
#10031 = DIRECTION('',(0.,-1.));
#10032 = ( GEOMETRIC_REPRESENTATION_CONTEXT(2) 
PARAMETRIC_REPRESENTATION_CONTEXT() REPRESENTATION_CONTEXT('2D SPACE',''
  ) );
#10033 = PCURVE('',#10034,#10039);
#10034 = PLANE('',#10035);
#10035 = AXIS2_PLACEMENT_3D('',#10036,#10037,#10038);
#10036 = CARTESIAN_POINT('',(-40.09559941781,12.229051140082,
    4.655945094178));
#10037 = DIRECTION('',(0.,0.995734176295,9.22683594633E-02));
#10038 = DIRECTION('',(0.906307787037,3.899429369005E-02,-0.420815446742
    ));
#10039 = DEFINITIONAL_REPRESENTATION('',(#10040),#10044);
#10040 = LINE('',#10041,#10042);
#10041 = CARTESIAN_POINT('',(0.,0.));
#10042 = VECTOR('',#10043,1.);
#10043 = DIRECTION('',(0.,1.));
#10044 = ( GEOMETRIC_REPRESENTATION_CONTEXT(2) 
PARAMETRIC_REPRESENTATION_CONTEXT() REPRESENTATION_CONTEXT('2D SPACE',''
  ) );
#10045 = ORIENTED_EDGE('',*,*,#10046,.T.);
#10046 = EDGE_CURVE('',#10019,#10047,#10049,.T.);
#10047 = VERTEX_POINT('',#10048);
#10048 = CARTESIAN_POINT('',(-40.46854044145,42.588220837284,
    6.66593553554));
#10049 = SURFACE_CURVE('',#10050,(#10054,#10061),.PCURVE_S1.);
#10050 = LINE('',#10051,#10052);
#10051 = CARTESIAN_POINT('',(-40.46854044145,12.302845030931,
    3.859582185513));
#10052 = VECTOR('',#10053,1.);
#10053 = DIRECTION('',(0.,0.995734176295,9.22683594633E-02));
#10054 = PCURVE('',#9994,#10055);
#10055 = DEFINITIONAL_REPRESENTATION('',(#10056),#10060);
#10056 = LINE('',#10057,#10058);
#10057 = CARTESIAN_POINT('',(9.020562075079E-16,-0.88245364056));
#10058 = VECTOR('',#10059,1.);
#10059 = DIRECTION('',(1.,0.));
#10060 = ( GEOMETRIC_REPRESENTATION_CONTEXT(2) 
PARAMETRIC_REPRESENTATION_CONTEXT() REPRESENTATION_CONTEXT('2D SPACE',''
  ) );
#10061 = PCURVE('',#10062,#10067);
#10062 = PLANE('',#10063);
#10063 = AXIS2_PLACEMENT_3D('',#10064,#10065,#10066);
#10064 = CARTESIAN_POINT('',(-40.46854044145,12.302845030931,
    3.859582185513));
#10065 = DIRECTION('',(-0.422618261741,8.362353267869E-02,
    -0.902441637795));
#10066 = DIRECTION('',(0.,0.995734176295,9.22683594633E-02));
#10067 = DEFINITIONAL_REPRESENTATION('',(#10068),#10072);
#10068 = LINE('',#10069,#10070);
#10069 = CARTESIAN_POINT('',(0.,0.));
#10070 = VECTOR('',#10071,1.);
#10071 = DIRECTION('',(1.,-6.938893903907E-18));
#10072 = ( GEOMETRIC_REPRESENTATION_CONTEXT(2) 
PARAMETRIC_REPRESENTATION_CONTEXT() REPRESENTATION_CONTEXT('2D SPACE',''
  ) );
#10073 = ORIENTED_EDGE('',*,*,#10074,.F.);
#10074 = EDGE_CURVE('',#9986,#10047,#10075,.T.);
#10075 = SURFACE_CURVE('',#10076,(#10080,#10087),.PCURVE_S1.);
#10076 = LINE('',#10077,#10078);
#10077 = CARTESIAN_POINT('',(-40.09559941781,42.514426946435,
    7.462298444205));
#10078 = VECTOR('',#10079,1.);
#10079 = DIRECTION('',(-0.422618261741,8.362353267869E-02,
    -0.902441637795));
#10080 = PCURVE('',#9994,#10081);
#10081 = DEFINITIONAL_REPRESENTATION('',(#10082),#10086);
#10082 = LINE('',#10083,#10084);
#10083 = CARTESIAN_POINT('',(30.415121352005,-4.440892098501E-16));
#10084 = VECTOR('',#10085,1.);
#10085 = DIRECTION('',(0.,-1.));
#10086 = ( GEOMETRIC_REPRESENTATION_CONTEXT(2) 
PARAMETRIC_REPRESENTATION_CONTEXT() REPRESENTATION_CONTEXT('2D SPACE',''
  ) );
#10087 = PCURVE('',#10088,#10093);
#10088 = PLANE('',#10089);
#10089 = AXIS2_PLACEMENT_3D('',#10090,#10091,#10092);
#10090 = CARTESIAN_POINT('',(-40.09559941781,42.514426946435,
    7.462298444205));
#10091 = DIRECTION('',(0.,0.995734176295,9.22683594633E-02));
#10092 = DIRECTION('',(0.906307787037,3.899429369005E-02,-0.420815446742
    ));
#10093 = DEFINITIONAL_REPRESENTATION('',(#10094),#10098);
#10094 = LINE('',#10095,#10096);
#10095 = CARTESIAN_POINT('',(0.,0.));
#10096 = VECTOR('',#10097,1.);
#10097 = DIRECTION('',(0.,1.));
#10098 = ( GEOMETRIC_REPRESENTATION_CONTEXT(2) 
PARAMETRIC_REPRESENTATION_CONTEXT() REPRESENTATION_CONTEXT('2D SPACE',''
  ) );
#10099 = ADVANCED_FACE('',(#10100),#10006,.F.);
#10100 = FACE_BOUND('',#10101,.F.);
#10101 = EDGE_LOOP('',(#10102,#10132,#10153,#10154,#10177,#10203,#10238,
    #10268));
#10102 = ORIENTED_EDGE('',*,*,#10103,.F.);
#10103 = EDGE_CURVE('',#10104,#10106,#10108,.T.);
#10104 = VERTEX_POINT('',#10105);
#10105 = CARTESIAN_POINT('',(-26.76602264884,12.802562080547,
    -1.533223622173));
#10106 = VERTEX_POINT('',#10107);
#10107 = CARTESIAN_POINT('',(-26.76602264884,43.087937886899,
    1.273129727854));
#10108 = SURFACE_CURVE('',#10109,(#10113,#10120),.PCURVE_S1.);
#10109 = LINE('',#10110,#10111);
#10110 = CARTESIAN_POINT('',(-26.76602264884,12.802562080547,
    -1.533223622173));
#10111 = VECTOR('',#10112,1.);
#10112 = DIRECTION('',(0.,0.995734176295,9.22683594633E-02));
#10113 = PCURVE('',#10006,#10114);
#10114 = DEFINITIONAL_REPRESENTATION('',(#10115),#10119);
#10115 = LINE('',#10116,#10117);
#10116 = CARTESIAN_POINT('',(3.330669073875E-16,14.707560676003));
#10117 = VECTOR('',#10118,1.);
#10118 = DIRECTION('',(1.,-6.938893903907E-18));
#10119 = ( GEOMETRIC_REPRESENTATION_CONTEXT(2) 
PARAMETRIC_REPRESENTATION_CONTEXT() REPRESENTATION_CONTEXT('2D SPACE',''
  ) );
#10120 = PCURVE('',#10121,#10126);
#10121 = PLANE('',#10122);
#10122 = AXIS2_PLACEMENT_3D('',#10123,#10124,#10125);
#10123 = CARTESIAN_POINT('',(-26.76602264884,12.802562080547,
    -1.533223622173));
#10124 = DIRECTION('',(0.906307787037,3.899429369005E-02,-0.420815446742
    ));
#10125 = DIRECTION('',(0.,0.995734176295,9.22683594633E-02));
#10126 = DEFINITIONAL_REPRESENTATION('',(#10127),#10131);
#10127 = LINE('',#10128,#10129);
#10128 = CARTESIAN_POINT('',(0.,0.));
#10129 = VECTOR('',#10130,1.);
#10130 = DIRECTION('',(1.,0.));
#10131 = ( GEOMETRIC_REPRESENTATION_CONTEXT(2) 
PARAMETRIC_REPRESENTATION_CONTEXT() REPRESENTATION_CONTEXT('2D SPACE',''
  ) );
#10132 = ORIENTED_EDGE('',*,*,#10133,.F.);
#10133 = EDGE_CURVE('',#9984,#10104,#10134,.T.);
#10134 = SURFACE_CURVE('',#10135,(#10139,#10146),.PCURVE_S1.);
#10135 = LINE('',#10136,#10137);
#10136 = CARTESIAN_POINT('',(-40.09559941781,12.229051140082,
    4.655945094178));
#10137 = VECTOR('',#10138,1.);
#10138 = DIRECTION('',(0.906307787037,3.899429369005E-02,-0.420815446742
    ));
#10139 = PCURVE('',#10006,#10140);
#10140 = DEFINITIONAL_REPRESENTATION('',(#10141),#10145);
#10141 = LINE('',#10142,#10143);
#10142 = CARTESIAN_POINT('',(0.,0.));
#10143 = VECTOR('',#10144,1.);
#10144 = DIRECTION('',(-6.938893903907E-18,1.));
#10145 = ( GEOMETRIC_REPRESENTATION_CONTEXT(2) 
PARAMETRIC_REPRESENTATION_CONTEXT() REPRESENTATION_CONTEXT('2D SPACE',''
  ) );
#10146 = PCURVE('',#10034,#10147);
#10147 = DEFINITIONAL_REPRESENTATION('',(#10148),#10152);
#10148 = LINE('',#10149,#10150);
#10149 = CARTESIAN_POINT('',(0.,0.));
#10150 = VECTOR('',#10151,1.);
#10151 = DIRECTION('',(1.,0.));
#10152 = ( GEOMETRIC_REPRESENTATION_CONTEXT(2) 
PARAMETRIC_REPRESENTATION_CONTEXT() REPRESENTATION_CONTEXT('2D SPACE',''
  ) );
#10153 = ORIENTED_EDGE('',*,*,#9983,.T.);
#10154 = ORIENTED_EDGE('',*,*,#10155,.T.);
#10155 = EDGE_CURVE('',#9986,#10156,#10158,.T.);
#10156 = VERTEX_POINT('',#10157);
#10157 = CARTESIAN_POINT('',(-33.61728154514,42.79315944036,
    4.454295789131));
#10158 = SURFACE_CURVE('',#10159,(#10163,#10170),.PCURVE_S1.);
#10159 = LINE('',#10160,#10161);
#10160 = CARTESIAN_POINT('',(-40.09559941781,42.514426946435,
    7.462298444205));
#10161 = VECTOR('',#10162,1.);
#10162 = DIRECTION('',(0.906307787037,3.899429369005E-02,-0.420815446742
    ));
#10163 = PCURVE('',#10006,#10164);
#10164 = DEFINITIONAL_REPRESENTATION('',(#10165),#10169);
#10165 = LINE('',#10166,#10167);
#10166 = CARTESIAN_POINT('',(30.415121352005,2.22044604925E-16));
#10167 = VECTOR('',#10168,1.);
#10168 = DIRECTION('',(-6.938893903907E-18,1.));
#10169 = ( GEOMETRIC_REPRESENTATION_CONTEXT(2) 
PARAMETRIC_REPRESENTATION_CONTEXT() REPRESENTATION_CONTEXT('2D SPACE',''
  ) );
#10170 = PCURVE('',#10088,#10171);
#10171 = DEFINITIONAL_REPRESENTATION('',(#10172),#10176);
#10172 = LINE('',#10173,#10174);
#10173 = CARTESIAN_POINT('',(0.,0.));
#10174 = VECTOR('',#10175,1.);
#10175 = DIRECTION('',(1.,0.));
#10176 = ( GEOMETRIC_REPRESENTATION_CONTEXT(2) 
PARAMETRIC_REPRESENTATION_CONTEXT() REPRESENTATION_CONTEXT('2D SPACE',''
  ) );
#10177 = ORIENTED_EDGE('',*,*,#10178,.T.);
#10178 = EDGE_CURVE('',#10156,#10179,#10181,.T.);
#10179 = VERTEX_POINT('',#10180);
#10180 = CARTESIAN_POINT('',(-33.61728154514,40.384679916049,
    4.231117294509));
#10181 = SURFACE_CURVE('',#10182,(#10186,#10192),.PCURVE_S1.);
#10182 = LINE('',#10183,#10184);
#10183 = CARTESIAN_POINT('',(-33.61728154514,27.152604449036,
    3.004984934386));
#10184 = VECTOR('',#10185,1.);
#10185 = DIRECTION('',(0.,-0.995734176295,-9.22683594633E-02));
#10186 = PCURVE('',#10006,#10187);
#10187 = DEFINITIONAL_REPRESENTATION('',(#10188),#10191);
#10188 = B_SPLINE_CURVE_WITH_KNOTS('',1,(#10189,#10190),.UNSPECIFIED.,
  .F.,.F.,(2,2),(-15.707560676,-13.207560676),.PIECEWISE_BEZIER_KNOTS.);
#10189 = CARTESIAN_POINT('',(30.415121352005,7.148032892721));
#10190 = CARTESIAN_POINT('',(27.915121352005,7.148032892721));
#10191 = ( GEOMETRIC_REPRESENTATION_CONTEXT(2) 
PARAMETRIC_REPRESENTATION_CONTEXT() REPRESENTATION_CONTEXT('2D SPACE',''
  ) );
#10192 = PCURVE('',#10193,#10198);
#10193 = PLANE('',#10194);
#10194 = AXIS2_PLACEMENT_3D('',#10195,#10196,#10197);
#10195 = CARTESIAN_POINT('',(-33.61728154514,41.842345185796,
    3.877264272234));
#10196 = DIRECTION('',(1.,0.,0.));
#10197 = DIRECTION('',(0.,0.995734176295,9.22683594633E-02));
#10198 = DEFINITIONAL_REPRESENTATION('',(#10199),#10202);
#10199 = B_SPLINE_CURVE_WITH_KNOTS('',1,(#10200,#10201),.UNSPECIFIED.,
  .F.,.F.,(2,2),(-15.707560676,-13.207560676),.PIECEWISE_BEZIER_KNOTS.);
#10200 = CARTESIAN_POINT('',(1.,0.486839930751));
#10201 = CARTESIAN_POINT('',(-1.5,0.486839930751));
#10202 = ( GEOMETRIC_REPRESENTATION_CONTEXT(2) 
PARAMETRIC_REPRESENTATION_CONTEXT() REPRESENTATION_CONTEXT('2D SPACE',''
  ) );
#10203 = ORIENTED_EDGE('',*,*,#10204,.F.);
#10204 = EDGE_CURVE('',#10205,#10179,#10207,.T.);
#10205 = VERTEX_POINT('',#10206);
#10206 = CARTESIAN_POINT('',(-29.3564895637,41.980747724991,
    2.383663007791));
#10207 = SURFACE_CURVE('',#10208,(#10213,#10220),.PCURVE_S1.);
#10208 = ELLIPSE('',#10209,3.549302374729,1.5);
#10209 = AXIS2_PLACEMENT_3D('',#10210,#10211,#10212);
#10210 = CARTESIAN_POINT('',(-32.57324994447,41.842345185796,
    3.877264272234));
#10211 = DIRECTION('',(-0.422618261741,8.362353267869E-02,
    -0.902441637795));
#10212 = DIRECTION('',(-0.906307787037,-3.899429369005E-02,
    0.420815446742));
#10213 = PCURVE('',#10006,#10214);
#10214 = DEFINITIONAL_REPRESENTATION('',(#10215),#10219);
#10215 = ELLIPSE('',#10216,3.549302374729,1.5);
#10216 = AXIS2_PLACEMENT_2D('',#10217,#10218);
#10217 = CARTESIAN_POINT('',(29.415121352005,8.299994307606));
#10218 = DIRECTION('',(0.,-1.));
#10219 = ( GEOMETRIC_REPRESENTATION_CONTEXT(2) 
PARAMETRIC_REPRESENTATION_CONTEXT() REPRESENTATION_CONTEXT('2D SPACE',''
  ) );
#10220 = PCURVE('',#10221,#10226);
#10221 = CYLINDRICAL_SURFACE('',#10222,1.5);
#10222 = AXIS2_PLACEMENT_3D('',#10223,#10224,#10225);
#10223 = CARTESIAN_POINT('',(-33.61728154514,41.842345185796,
    3.877264272234));
#10224 = DIRECTION('',(-1.,-0.,0.));
#10225 = DIRECTION('',(0.,9.22683594633E-02,-0.995734176295));
#10226 = DEFINITIONAL_REPRESENTATION('',(#10227),#10237);
#10227 = B_SPLINE_CURVE_WITH_KNOTS('',8,(#10228,#10229,#10230,#10231,
    #10232,#10233,#10234,#10235,#10236),.UNSPECIFIED.,.F.,.F.,(9,9),(
    3.14159265359,5.042935637106),.PIECEWISE_BEZIER_KNOTS.);
#10228 = CARTESIAN_POINT('',(-6.28318530718,-4.26079198144));
#10229 = CARTESIAN_POINT('',(-6.04551743424,-4.26079198144));
#10230 = CARTESIAN_POINT('',(-5.807849561302,-4.053131704454));
#10231 = CARTESIAN_POINT('',(-5.570181688357,-3.637818874998));
#10232 = CARTESIAN_POINT('',(-5.332513815425,-3.039844771443));
#10233 = CARTESIAN_POINT('',(-5.094845942479,-2.309344507436));
#10234 = CARTESIAN_POINT('',(-4.857178069544,-1.513664959143));
#10235 = CARTESIAN_POINT('',(-4.619510196603,-0.72313272222));
#10236 = CARTESIAN_POINT('',(-4.381842323664,5.999999999062E-07));
#10237 = ( GEOMETRIC_REPRESENTATION_CONTEXT(2) 
PARAMETRIC_REPRESENTATION_CONTEXT() REPRESENTATION_CONTEXT('2D SPACE',''
  ) );
#10238 = ORIENTED_EDGE('',*,*,#10239,.F.);
#10239 = EDGE_CURVE('',#10240,#10205,#10242,.T.);
#10240 = VERTEX_POINT('',#10241);
#10241 = CARTESIAN_POINT('',(-30.17561831823,42.941238524057,
    2.856267978839));
#10242 = SURFACE_CURVE('',#10243,(#10248,#10255),.PCURVE_S1.);
#10243 = ELLIPSE('',#10244,3.549302374729,1.5);
#10244 = AXIS2_PLACEMENT_3D('',#10245,#10246,#10247);
#10245 = CARTESIAN_POINT('',(-32.57324994447,41.842345185796,
    3.877264272234));
#10246 = DIRECTION('',(-0.422618261741,8.362353267869E-02,
    -0.902441637795));
#10247 = DIRECTION('',(-0.906307787037,-3.899429369005E-02,
    0.420815446742));
#10248 = PCURVE('',#10006,#10249);
#10249 = DEFINITIONAL_REPRESENTATION('',(#10250),#10254);
#10250 = ELLIPSE('',#10251,3.549302374729,1.5);
#10251 = AXIS2_PLACEMENT_2D('',#10252,#10253);
#10252 = CARTESIAN_POINT('',(29.415121352005,8.299994307606));
#10253 = DIRECTION('',(0.,-1.));
#10254 = ( GEOMETRIC_REPRESENTATION_CONTEXT(2) 
PARAMETRIC_REPRESENTATION_CONTEXT() REPRESENTATION_CONTEXT('2D SPACE',''
  ) );
#10255 = PCURVE('',#10221,#10256);
#10256 = DEFINITIONAL_REPRESENTATION('',(#10257),#10267);
#10257 = B_SPLINE_CURVE_WITH_KNOTS('',8,(#10258,#10259,#10260,#10261,
    #10262,#10263,#10264,#10265,#10266),.UNSPECIFIED.,.F.,.F.,(9,9),(
    1.240249670074,3.14159265359),.PIECEWISE_BEZIER_KNOTS.);
#10258 = CARTESIAN_POINT('',(-1.901342983516,5.999999999062E-07));
#10259 = CARTESIAN_POINT('',(-1.663675110576,-0.72313272222));
#10260 = CARTESIAN_POINT('',(-1.426007237636,-1.513664959144));
#10261 = CARTESIAN_POINT('',(-1.188339364699,-2.309344507434));
#10262 = CARTESIAN_POINT('',(-0.950671491755,-3.039844771443));
#10263 = CARTESIAN_POINT('',(-0.713003618819,-3.637818875002));
#10264 = CARTESIAN_POINT('',(-0.475335745879,-4.053131704458));
#10265 = CARTESIAN_POINT('',(-0.237667872939,-4.26079198144));
#10266 = CARTESIAN_POINT('',(-4.736951571734E-15,-4.26079198144));
#10267 = ( GEOMETRIC_REPRESENTATION_CONTEXT(2) 
PARAMETRIC_REPRESENTATION_CONTEXT() REPRESENTATION_CONTEXT('2D SPACE',''
  ) );
#10268 = ORIENTED_EDGE('',*,*,#10269,.T.);
#10269 = EDGE_CURVE('',#10240,#10106,#10270,.T.);
#10270 = SURFACE_CURVE('',#10271,(#10275,#10282),.PCURVE_S1.);
#10271 = LINE('',#10272,#10273);
#10272 = CARTESIAN_POINT('',(-40.09559941781,42.514426946435,
    7.462298444205));
#10273 = VECTOR('',#10274,1.);
#10274 = DIRECTION('',(0.906307787037,3.899429369005E-02,-0.420815446742
    ));
#10275 = PCURVE('',#10006,#10276);
#10276 = DEFINITIONAL_REPRESENTATION('',(#10277),#10281);
#10277 = LINE('',#10278,#10279);
#10278 = CARTESIAN_POINT('',(30.415121352005,2.22044604925E-16));
#10279 = VECTOR('',#10280,1.);
#10280 = DIRECTION('',(-6.938893903907E-18,1.));
#10281 = ( GEOMETRIC_REPRESENTATION_CONTEXT(2) 
PARAMETRIC_REPRESENTATION_CONTEXT() REPRESENTATION_CONTEXT('2D SPACE',''
  ) );
#10282 = PCURVE('',#10283,#10288);
#10283 = PLANE('',#10284);
#10284 = AXIS2_PLACEMENT_3D('',#10285,#10286,#10287);
#10285 = CARTESIAN_POINT('',(-40.09559941781,42.514426946435,
    7.462298444205));
#10286 = DIRECTION('',(0.,0.995734176295,9.22683594633E-02));
#10287 = DIRECTION('',(0.906307787037,3.899429369005E-02,-0.420815446742
    ));
#10288 = DEFINITIONAL_REPRESENTATION('',(#10289),#10293);
#10289 = LINE('',#10290,#10291);
#10290 = CARTESIAN_POINT('',(0.,0.));
#10291 = VECTOR('',#10292,1.);
#10292 = DIRECTION('',(1.,0.));
#10293 = ( GEOMETRIC_REPRESENTATION_CONTEXT(2) 
PARAMETRIC_REPRESENTATION_CONTEXT() REPRESENTATION_CONTEXT('2D SPACE',''
  ) );
#10294 = ADVANCED_FACE('',(#10295),#10088,.T.);
#10295 = FACE_BOUND('',#10296,.T.);
#10296 = EDGE_LOOP('',(#10297,#10320,#10321,#10322));
#10297 = ORIENTED_EDGE('',*,*,#10298,.F.);
#10298 = EDGE_CURVE('',#10047,#10299,#10301,.T.);
#10299 = VERTEX_POINT('',#10300);
#10300 = CARTESIAN_POINT('',(-33.61728154514,42.882999283823,
    3.484769474263));
#10301 = SURFACE_CURVE('',#10302,(#10306,#10313),.PCURVE_S1.);
#10302 = LINE('',#10303,#10304);
#10303 = CARTESIAN_POINT('',(-40.46854044145,42.588220837284,
    6.66593553554));
#10304 = VECTOR('',#10305,1.);
#10305 = DIRECTION('',(0.906307787037,3.899429369005E-02,-0.420815446742
    ));
#10306 = PCURVE('',#10088,#10307);
#10307 = DEFINITIONAL_REPRESENTATION('',(#10308),#10312);
#10308 = LINE('',#10309,#10310);
#10309 = CARTESIAN_POINT('',(-2.22044604925E-15,0.88245364056));
#10310 = VECTOR('',#10311,1.);
#10311 = DIRECTION('',(1.,0.));
#10312 = ( GEOMETRIC_REPRESENTATION_CONTEXT(2) 
PARAMETRIC_REPRESENTATION_CONTEXT() REPRESENTATION_CONTEXT('2D SPACE',''
  ) );
#10313 = PCURVE('',#10062,#10314);
#10314 = DEFINITIONAL_REPRESENTATION('',(#10315),#10319);
#10315 = LINE('',#10316,#10317);
#10316 = CARTESIAN_POINT('',(30.415121352005,-2.22044604925E-16));
#10317 = VECTOR('',#10318,1.);
#10318 = DIRECTION('',(-6.938893903907E-18,1.));
#10319 = ( GEOMETRIC_REPRESENTATION_CONTEXT(2) 
PARAMETRIC_REPRESENTATION_CONTEXT() REPRESENTATION_CONTEXT('2D SPACE',''
  ) );
#10320 = ORIENTED_EDGE('',*,*,#10074,.F.);
#10321 = ORIENTED_EDGE('',*,*,#10155,.T.);
#10322 = ORIENTED_EDGE('',*,*,#10323,.T.);
#10323 = EDGE_CURVE('',#10156,#10299,#10324,.T.);
#10324 = SURFACE_CURVE('',#10325,(#10329,#10335),.PCURVE_S1.);
#10325 = LINE('',#10326,#10327);
#10326 = CARTESIAN_POINT('',(-33.61728154514,42.676253154263,
    5.715915537951));
#10327 = VECTOR('',#10328,1.);
#10328 = DIRECTION('',(0.,9.22683594633E-02,-0.995734176295));
#10329 = PCURVE('',#10088,#10330);
#10330 = DEFINITIONAL_REPRESENTATION('',(#10331),#10334);
#10331 = B_SPLINE_CURVE_WITH_KNOTS('',1,(#10332,#10333),.UNSPECIFIED.,
  .F.,.F.,(2,2),(1.267024652618,2.24070451412),
  .PIECEWISE_BEZIER_KNOTS.);
#10332 = CARTESIAN_POINT('',(7.148032892721,-6.661338147751E-16));
#10333 = CARTESIAN_POINT('',(7.559527783281,0.88245364056));
#10334 = ( GEOMETRIC_REPRESENTATION_CONTEXT(2) 
PARAMETRIC_REPRESENTATION_CONTEXT() REPRESENTATION_CONTEXT('2D SPACE',''
  ) );
#10335 = PCURVE('',#10193,#10336);
#10336 = DEFINITIONAL_REPRESENTATION('',(#10337),#10340);
#10337 = B_SPLINE_CURVE_WITH_KNOTS('',1,(#10338,#10339),.UNSPECIFIED.,
  .F.,.F.,(2,2),(1.267024652618,2.24070451412),
  .PIECEWISE_BEZIER_KNOTS.);
#10338 = CARTESIAN_POINT('',(1.,0.486839930751));
#10339 = CARTESIAN_POINT('',(1.,-0.486839930751));
#10340 = ( GEOMETRIC_REPRESENTATION_CONTEXT(2) 
PARAMETRIC_REPRESENTATION_CONTEXT() REPRESENTATION_CONTEXT('2D SPACE',''
  ) );
#10341 = ADVANCED_FACE('',(#10342),#10062,.T.);
#10342 = FACE_BOUND('',#10343,.T.);
#10343 = EDGE_LOOP('',(#10344,#10369,#10390,#10391,#10392,#10413,#10447,
    #10476));
#10344 = ORIENTED_EDGE('',*,*,#10345,.F.);
#10345 = EDGE_CURVE('',#10346,#10348,#10350,.T.);
#10346 = VERTEX_POINT('',#10347);
#10347 = CARTESIAN_POINT('',(-27.13896367248,12.876355971395,
    -2.329586530838));
#10348 = VERTEX_POINT('',#10349);
#10349 = CARTESIAN_POINT('',(-27.13896367248,43.161731777748,
    0.476766819189));
#10350 = SURFACE_CURVE('',#10351,(#10355,#10362),.PCURVE_S1.);
#10351 = LINE('',#10352,#10353);
#10352 = CARTESIAN_POINT('',(-27.13896367248,12.876355971395,
    -2.329586530838));
#10353 = VECTOR('',#10354,1.);
#10354 = DIRECTION('',(0.,0.995734176295,9.22683594633E-02));
#10355 = PCURVE('',#10062,#10356);
#10356 = DEFINITIONAL_REPRESENTATION('',(#10357),#10361);
#10357 = LINE('',#10358,#10359);
#10358 = CARTESIAN_POINT('',(3.330669073875E-16,14.707560676003));
#10359 = VECTOR('',#10360,1.);
#10360 = DIRECTION('',(1.,-6.938893903907E-18));
#10361 = ( GEOMETRIC_REPRESENTATION_CONTEXT(2) 
PARAMETRIC_REPRESENTATION_CONTEXT() REPRESENTATION_CONTEXT('2D SPACE',''
  ) );
#10362 = PCURVE('',#10121,#10363);
#10363 = DEFINITIONAL_REPRESENTATION('',(#10364),#10368);
#10364 = LINE('',#10365,#10366);
#10365 = CARTESIAN_POINT('',(8.881784197001E-16,-0.88245364056));
#10366 = VECTOR('',#10367,1.);
#10367 = DIRECTION('',(1.,0.));
#10368 = ( GEOMETRIC_REPRESENTATION_CONTEXT(2) 
PARAMETRIC_REPRESENTATION_CONTEXT() REPRESENTATION_CONTEXT('2D SPACE',''
  ) );
#10369 = ORIENTED_EDGE('',*,*,#10370,.F.);
#10370 = EDGE_CURVE('',#10019,#10346,#10371,.T.);
#10371 = SURFACE_CURVE('',#10372,(#10376,#10383),.PCURVE_S1.);
#10372 = LINE('',#10373,#10374);
#10373 = CARTESIAN_POINT('',(-40.46854044145,12.302845030931,
    3.859582185513));
#10374 = VECTOR('',#10375,1.);
#10375 = DIRECTION('',(0.906307787037,3.899429369005E-02,-0.420815446742
    ));
#10376 = PCURVE('',#10062,#10377);
#10377 = DEFINITIONAL_REPRESENTATION('',(#10378),#10382);
#10378 = LINE('',#10379,#10380);
#10379 = CARTESIAN_POINT('',(0.,0.));
#10380 = VECTOR('',#10381,1.);
#10381 = DIRECTION('',(-6.938893903907E-18,1.));
#10382 = ( GEOMETRIC_REPRESENTATION_CONTEXT(2) 
PARAMETRIC_REPRESENTATION_CONTEXT() REPRESENTATION_CONTEXT('2D SPACE',''
  ) );
#10383 = PCURVE('',#10034,#10384);
#10384 = DEFINITIONAL_REPRESENTATION('',(#10385),#10389);
#10385 = LINE('',#10386,#10387);
#10386 = CARTESIAN_POINT('',(-2.775557561563E-15,0.88245364056));
#10387 = VECTOR('',#10388,1.);
#10388 = DIRECTION('',(1.,0.));
#10389 = ( GEOMETRIC_REPRESENTATION_CONTEXT(2) 
PARAMETRIC_REPRESENTATION_CONTEXT() REPRESENTATION_CONTEXT('2D SPACE',''
  ) );
#10390 = ORIENTED_EDGE('',*,*,#10046,.T.);
#10391 = ORIENTED_EDGE('',*,*,#10298,.T.);
#10392 = ORIENTED_EDGE('',*,*,#10393,.T.);
#10393 = EDGE_CURVE('',#10299,#10394,#10396,.T.);
#10394 = VERTEX_POINT('',#10395);
#10395 = CARTESIAN_POINT('',(-33.61728154514,40.474519759512,
    3.261590979641));
#10396 = SURFACE_CURVE('',#10397,(#10401,#10407),.PCURVE_S1.);
#10397 = LINE('',#10398,#10399);
#10398 = CARTESIAN_POINT('',(-33.61728154514,27.242444292499,
    2.035458619518));
#10399 = VECTOR('',#10400,1.);
#10400 = DIRECTION('',(0.,-0.995734176295,-9.22683594633E-02));
#10401 = PCURVE('',#10062,#10402);
#10402 = DEFINITIONAL_REPRESENTATION('',(#10403),#10406);
#10403 = B_SPLINE_CURVE_WITH_KNOTS('',1,(#10404,#10405),.UNSPECIFIED.,
  .F.,.F.,(2,2),(-15.707560676,-13.207560676),.PIECEWISE_BEZIER_KNOTS.);
#10404 = CARTESIAN_POINT('',(30.415121352005,7.559527783281));
#10405 = CARTESIAN_POINT('',(27.915121352005,7.559527783281));
#10406 = ( GEOMETRIC_REPRESENTATION_CONTEXT(2) 
PARAMETRIC_REPRESENTATION_CONTEXT() REPRESENTATION_CONTEXT('2D SPACE',''
  ) );
#10407 = PCURVE('',#10193,#10408);
#10408 = DEFINITIONAL_REPRESENTATION('',(#10409),#10412);
#10409 = B_SPLINE_CURVE_WITH_KNOTS('',1,(#10410,#10411),.UNSPECIFIED.,
  .F.,.F.,(2,2),(-15.707560676,-13.207560676),.PIECEWISE_BEZIER_KNOTS.);
#10410 = CARTESIAN_POINT('',(1.,-0.486839930751));
#10411 = CARTESIAN_POINT('',(-1.5,-0.486839930751));
#10412 = ( GEOMETRIC_REPRESENTATION_CONTEXT(2) 
PARAMETRIC_REPRESENTATION_CONTEXT() REPRESENTATION_CONTEXT('2D SPACE',''
  ) );
#10413 = ORIENTED_EDGE('',*,*,#10414,.F.);
#10414 = EDGE_CURVE('',#10415,#10394,#10417,.T.);
#10415 = VERTEX_POINT('',#10416);
#10416 = CARTESIAN_POINT('',(-31.44455276506,41.980747724991,
    2.383663007791));
#10417 = SURFACE_CURVE('',#10418,(#10423,#10430),.PCURVE_S1.);
#10418 = ELLIPSE('',#10419,3.549302374729,1.5);
#10419 = AXIS2_PLACEMENT_3D('',#10420,#10421,#10422);
#10420 = CARTESIAN_POINT('',(-34.66131314582,41.842345185796,
    3.877264272234));
#10421 = DIRECTION('',(-0.422618261741,8.362353267869E-02,
    -0.902441637795));
#10422 = DIRECTION('',(-0.906307787037,-3.899429369005E-02,
    0.420815446742));
#10423 = PCURVE('',#10062,#10424);
#10424 = DEFINITIONAL_REPRESENTATION('',(#10425),#10429);
#10425 = ELLIPSE('',#10426,3.549302374729,1.5);
#10426 = AXIS2_PLACEMENT_2D('',#10427,#10428);
#10427 = CARTESIAN_POINT('',(29.415121352005,6.407566368396));
#10428 = DIRECTION('',(0.,-1.));
#10429 = ( GEOMETRIC_REPRESENTATION_CONTEXT(2) 
PARAMETRIC_REPRESENTATION_CONTEXT() REPRESENTATION_CONTEXT('2D SPACE',''
  ) );
#10430 = PCURVE('',#10431,#10436);
#10431 = CYLINDRICAL_SURFACE('',#10432,1.5);
#10432 = AXIS2_PLACEMENT_3D('',#10433,#10434,#10435);
#10433 = CARTESIAN_POINT('',(-33.61728154514,41.842345185796,
    3.877264272234));
#10434 = DIRECTION('',(-1.,-0.,0.));
#10435 = DIRECTION('',(0.,9.22683594633E-02,-0.995734176295));
#10436 = DEFINITIONAL_REPRESENTATION('',(#10437),#10446);
#10437 = B_SPLINE_CURVE_WITH_KNOTS('',7,(#10438,#10439,#10440,#10441,
    #10442,#10443,#10444,#10445),.UNSPECIFIED.,.F.,.F.,(8,8),(
    3.14159265359,4.38184271806),.PIECEWISE_BEZIER_KNOTS.);
#10438 = CARTESIAN_POINT('',(-6.28318530718,-2.172728780088));
#10439 = CARTESIAN_POINT('',(-6.106006726541,-2.172728780088));
#10440 = CARTESIAN_POINT('',(-5.928828145902,-2.054916646473));
#10441 = CARTESIAN_POINT('',(-5.751649565263,-1.819297034843));
#10442 = CARTESIAN_POINT('',(-5.574470984625,-1.474912375583));
#10443 = CARTESIAN_POINT('',(-5.397292403986,-1.039936753646));
#10444 = CARTESIAN_POINT('',(-5.220113823348,-0.539086788624));
#10445 = CARTESIAN_POINT('',(-5.042935242709,5.999999999062E-07));
#10446 = ( GEOMETRIC_REPRESENTATION_CONTEXT(2) 
PARAMETRIC_REPRESENTATION_CONTEXT() REPRESENTATION_CONTEXT('2D SPACE',''
  ) );
#10447 = ORIENTED_EDGE('',*,*,#10448,.F.);
#10448 = EDGE_CURVE('',#10449,#10415,#10451,.T.);
#10449 = VERTEX_POINT('',#10450);
#10450 = CARTESIAN_POINT('',(-32.26368151958,42.941238524057,
    2.856267978839));
#10451 = SURFACE_CURVE('',#10452,(#10457,#10464),.PCURVE_S1.);
#10452 = ELLIPSE('',#10453,3.549302374729,1.5);
#10453 = AXIS2_PLACEMENT_3D('',#10454,#10455,#10456);
#10454 = CARTESIAN_POINT('',(-34.66131314582,41.842345185796,
    3.877264272234));
#10455 = DIRECTION('',(-0.422618261741,8.362353267869E-02,
    -0.902441637795));
#10456 = DIRECTION('',(-0.906307787037,-3.899429369005E-02,
    0.420815446742));
#10457 = PCURVE('',#10062,#10458);
#10458 = DEFINITIONAL_REPRESENTATION('',(#10459),#10463);
#10459 = ELLIPSE('',#10460,3.549302374729,1.5);
#10460 = AXIS2_PLACEMENT_2D('',#10461,#10462);
#10461 = CARTESIAN_POINT('',(29.415121352005,6.407566368396));
#10462 = DIRECTION('',(0.,-1.));
#10463 = ( GEOMETRIC_REPRESENTATION_CONTEXT(2) 
PARAMETRIC_REPRESENTATION_CONTEXT() REPRESENTATION_CONTEXT('2D SPACE',''
  ) );
#10464 = PCURVE('',#10221,#10465);
#10465 = DEFINITIONAL_REPRESENTATION('',(#10466),#10475);
#10466 = B_SPLINE_CURVE_WITH_KNOTS('',7,(#10467,#10468,#10469,#10470,
    #10471,#10472,#10473,#10474),.UNSPECIFIED.,.F.,.F.,(8,8),(
    1.901342589119,3.14159265359),.PIECEWISE_BEZIER_KNOTS.);
#10467 = CARTESIAN_POINT('',(-1.240250064471,5.999999999062E-07));
#10468 = CARTESIAN_POINT('',(-1.063071483832,-0.539086788624));
#10469 = CARTESIAN_POINT('',(-0.885892903193,-1.039936753646));
#10470 = CARTESIAN_POINT('',(-0.708714322555,-1.474912375583));
#10471 = CARTESIAN_POINT('',(-0.531535741916,-1.819297034843));
#10472 = CARTESIAN_POINT('',(-0.354357161277,-2.054916646473));
#10473 = CARTESIAN_POINT('',(-0.177178580639,-2.172728780088));
#10474 = CARTESIAN_POINT('',(-4.736951571734E-15,-2.172728780088));
#10475 = ( GEOMETRIC_REPRESENTATION_CONTEXT(2) 
PARAMETRIC_REPRESENTATION_CONTEXT() REPRESENTATION_CONTEXT('2D SPACE',''
  ) );
#10476 = ORIENTED_EDGE('',*,*,#10477,.T.);
#10477 = EDGE_CURVE('',#10449,#10348,#10478,.T.);
#10478 = SURFACE_CURVE('',#10479,(#10483,#10490),.PCURVE_S1.);
#10479 = LINE('',#10480,#10481);
#10480 = CARTESIAN_POINT('',(-40.46854044145,42.588220837284,
    6.66593553554));
#10481 = VECTOR('',#10482,1.);
#10482 = DIRECTION('',(0.906307787037,3.899429369005E-02,-0.420815446742
    ));
#10483 = PCURVE('',#10062,#10484);
#10484 = DEFINITIONAL_REPRESENTATION('',(#10485),#10489);
#10485 = LINE('',#10486,#10487);
#10486 = CARTESIAN_POINT('',(30.415121352005,-2.22044604925E-16));
#10487 = VECTOR('',#10488,1.);
#10488 = DIRECTION('',(-6.938893903907E-18,1.));
#10489 = ( GEOMETRIC_REPRESENTATION_CONTEXT(2) 
PARAMETRIC_REPRESENTATION_CONTEXT() REPRESENTATION_CONTEXT('2D SPACE',''
  ) );
#10490 = PCURVE('',#10283,#10491);
#10491 = DEFINITIONAL_REPRESENTATION('',(#10492),#10496);
#10492 = LINE('',#10493,#10494);
#10493 = CARTESIAN_POINT('',(-2.22044604925E-15,0.88245364056));
#10494 = VECTOR('',#10495,1.);
#10495 = DIRECTION('',(1.,0.));
#10496 = ( GEOMETRIC_REPRESENTATION_CONTEXT(2) 
PARAMETRIC_REPRESENTATION_CONTEXT() REPRESENTATION_CONTEXT('2D SPACE',''
  ) );
#10497 = ADVANCED_FACE('',(#10498),#10034,.F.);
#10498 = FACE_BOUND('',#10499,.F.);
#10499 = EDGE_LOOP('',(#10500,#10501,#10502,#10523));
#10500 = ORIENTED_EDGE('',*,*,#10018,.F.);
#10501 = ORIENTED_EDGE('',*,*,#10133,.T.);
#10502 = ORIENTED_EDGE('',*,*,#10503,.T.);
#10503 = EDGE_CURVE('',#10104,#10346,#10504,.T.);
#10504 = SURFACE_CURVE('',#10505,(#10509,#10516),.PCURVE_S1.);
#10505 = LINE('',#10506,#10507);
#10506 = CARTESIAN_POINT('',(-26.76602264884,12.802562080547,
    -1.533223622173));
#10507 = VECTOR('',#10508,1.);
#10508 = DIRECTION('',(-0.422618261741,8.362353267869E-02,
    -0.902441637795));
#10509 = PCURVE('',#10034,#10510);
#10510 = DEFINITIONAL_REPRESENTATION('',(#10511),#10515);
#10511 = LINE('',#10512,#10513);
#10512 = CARTESIAN_POINT('',(14.707560676003,-1.7763568394E-15));
#10513 = VECTOR('',#10514,1.);
#10514 = DIRECTION('',(0.,1.));
#10515 = ( GEOMETRIC_REPRESENTATION_CONTEXT(2) 
PARAMETRIC_REPRESENTATION_CONTEXT() REPRESENTATION_CONTEXT('2D SPACE',''
  ) );
#10516 = PCURVE('',#10121,#10517);
#10517 = DEFINITIONAL_REPRESENTATION('',(#10518),#10522);
#10518 = LINE('',#10519,#10520);
#10519 = CARTESIAN_POINT('',(0.,0.));
#10520 = VECTOR('',#10521,1.);
#10521 = DIRECTION('',(0.,-1.));
#10522 = ( GEOMETRIC_REPRESENTATION_CONTEXT(2) 
PARAMETRIC_REPRESENTATION_CONTEXT() REPRESENTATION_CONTEXT('2D SPACE',''
  ) );
#10523 = ORIENTED_EDGE('',*,*,#10370,.F.);
#10524 = ADVANCED_FACE('',(#10525),#10121,.T.);
#10525 = FACE_BOUND('',#10526,.T.);
#10526 = EDGE_LOOP('',(#10527,#10528,#10529,#10530));
#10527 = ORIENTED_EDGE('',*,*,#10103,.F.);
#10528 = ORIENTED_EDGE('',*,*,#10503,.T.);
#10529 = ORIENTED_EDGE('',*,*,#10345,.T.);
#10530 = ORIENTED_EDGE('',*,*,#10531,.F.);
#10531 = EDGE_CURVE('',#10106,#10348,#10532,.T.);
#10532 = SURFACE_CURVE('',#10533,(#10537,#10544),.PCURVE_S1.);
#10533 = LINE('',#10534,#10535);
#10534 = CARTESIAN_POINT('',(-26.76602264884,43.087937886899,
    1.273129727854));
#10535 = VECTOR('',#10536,1.);
#10536 = DIRECTION('',(-0.422618261741,8.362353267869E-02,
    -0.902441637795));
#10537 = PCURVE('',#10121,#10538);
#10538 = DEFINITIONAL_REPRESENTATION('',(#10539),#10543);
#10539 = LINE('',#10540,#10541);
#10540 = CARTESIAN_POINT('',(30.415121352005,-4.440892098501E-16));
#10541 = VECTOR('',#10542,1.);
#10542 = DIRECTION('',(0.,-1.));
#10543 = ( GEOMETRIC_REPRESENTATION_CONTEXT(2) 
PARAMETRIC_REPRESENTATION_CONTEXT() REPRESENTATION_CONTEXT('2D SPACE',''
  ) );
#10544 = PCURVE('',#10283,#10545);
#10545 = DEFINITIONAL_REPRESENTATION('',(#10546),#10550);
#10546 = LINE('',#10547,#10548);
#10547 = CARTESIAN_POINT('',(14.707560676003,-8.881784197001E-16));
#10548 = VECTOR('',#10549,1.);
#10549 = DIRECTION('',(0.,1.));
#10550 = ( GEOMETRIC_REPRESENTATION_CONTEXT(2) 
PARAMETRIC_REPRESENTATION_CONTEXT() REPRESENTATION_CONTEXT('2D SPACE',''
  ) );
#10551 = ADVANCED_FACE('',(#10552),#10283,.T.);
#10552 = FACE_BOUND('',#10553,.T.);
#10553 = EDGE_LOOP('',(#10554,#10555,#10574,#10575));
#10554 = ORIENTED_EDGE('',*,*,#10477,.F.);
#10555 = ORIENTED_EDGE('',*,*,#10556,.F.);
#10556 = EDGE_CURVE('',#10240,#10449,#10557,.T.);
#10557 = SURFACE_CURVE('',#10558,(#10562,#10568),.PCURVE_S1.);
#10558 = LINE('',#10559,#10560);
#10559 = CARTESIAN_POINT('',(-33.61728154514,42.941238524057,
    2.856267978839));
#10560 = VECTOR('',#10561,1.);
#10561 = DIRECTION('',(-1.,-0.,0.));
#10562 = PCURVE('',#10283,#10563);
#10563 = DEFINITIONAL_REPRESENTATION('',(#10564),#10567);
#10564 = B_SPLINE_CURVE_WITH_KNOTS('',1,(#10565,#10566),.UNSPECIFIED.,
  .F.,.F.,(2,2),(-3.650469547051,-1.144793705428),
  .PIECEWISE_BEZIER_KNOTS.);
#10565 = CARTESIAN_POINT('',(11.134730895726,-8.824536405617E-02));
#10566 = CARTESIAN_POINT('',(8.863817368674,0.970699004616));
#10567 = ( GEOMETRIC_REPRESENTATION_CONTEXT(2) 
PARAMETRIC_REPRESENTATION_CONTEXT() REPRESENTATION_CONTEXT('2D SPACE',''
  ) );
#10568 = PCURVE('',#10221,#10569);
#10569 = DEFINITIONAL_REPRESENTATION('',(#10570),#10573);
#10570 = B_SPLINE_CURVE_WITH_KNOTS('',1,(#10571,#10572),.UNSPECIFIED.,
  .F.,.F.,(2,2),(-3.650469547051,-1.144793705428),
  .PIECEWISE_BEZIER_KNOTS.);
#10571 = CARTESIAN_POINT('',(-0.729727656227,-3.650469547051));
#10572 = CARTESIAN_POINT('',(-0.729727656227,-1.144793705428));
#10573 = ( GEOMETRIC_REPRESENTATION_CONTEXT(2) 
PARAMETRIC_REPRESENTATION_CONTEXT() REPRESENTATION_CONTEXT('2D SPACE',''
  ) );
#10574 = ORIENTED_EDGE('',*,*,#10269,.T.);
#10575 = ORIENTED_EDGE('',*,*,#10531,.T.);
#10576 = ADVANCED_FACE('',(#10577),#10221,.T.);
#10577 = FACE_BOUND('',#10578,.F.);
#10578 = EDGE_LOOP('',(#10579,#10603,#10624,#10625,#10626,#10627,#10650,
    #10677,#10678));
#10579 = ORIENTED_EDGE('',*,*,#10580,.F.);
#10580 = EDGE_CURVE('',#10581,#10179,#10583,.T.);
#10581 = VERTEX_POINT('',#10582);
#10582 = CARTESIAN_POINT('',(-33.61728154514,41.980747724991,
    2.383663007791));
#10583 = SURFACE_CURVE('',#10584,(#10589,#10596),.PCURVE_S1.);
#10584 = CIRCLE('',#10585,1.5);
#10585 = AXIS2_PLACEMENT_3D('',#10586,#10587,#10588);
#10586 = CARTESIAN_POINT('',(-33.61728154514,41.842345185796,
    3.877264272234));
#10587 = DIRECTION('',(1.,-0.,0.));
#10588 = DIRECTION('',(0.,9.22683594633E-02,-0.995734176295));
#10589 = PCURVE('',#10221,#10590);
#10590 = DEFINITIONAL_REPRESENTATION('',(#10591),#10595);
#10591 = LINE('',#10592,#10593);
#10592 = CARTESIAN_POINT('',(-0.,0.));
#10593 = VECTOR('',#10594,1.);
#10594 = DIRECTION('',(-1.,0.));
#10595 = ( GEOMETRIC_REPRESENTATION_CONTEXT(2) 
PARAMETRIC_REPRESENTATION_CONTEXT() REPRESENTATION_CONTEXT('2D SPACE',''
  ) );
#10596 = PCURVE('',#10193,#10597);
#10597 = DEFINITIONAL_REPRESENTATION('',(#10598),#10602);
#10598 = CIRCLE('',#10599,1.5);
#10599 = AXIS2_PLACEMENT_2D('',#10600,#10601);
#10600 = CARTESIAN_POINT('',(0.,0.));
#10601 = DIRECTION('',(0.,-1.));
#10602 = ( GEOMETRIC_REPRESENTATION_CONTEXT(2) 
PARAMETRIC_REPRESENTATION_CONTEXT() REPRESENTATION_CONTEXT('2D SPACE',''
  ) );
#10603 = ORIENTED_EDGE('',*,*,#10604,.T.);
#10604 = EDGE_CURVE('',#10581,#10415,#10605,.T.);
#10605 = SURFACE_CURVE('',#10606,(#10610,#10617),.PCURVE_S1.);
#10606 = LINE('',#10607,#10608);
#10607 = CARTESIAN_POINT('',(-33.61728154514,41.980747724991,
    2.383663007791));
#10608 = VECTOR('',#10609,1.);
#10609 = DIRECTION('',(1.,0.,0.));
#10610 = PCURVE('',#10221,#10611);
#10611 = DEFINITIONAL_REPRESENTATION('',(#10612),#10616);
#10612 = LINE('',#10613,#10614);
#10613 = CARTESIAN_POINT('',(-0.,0.));
#10614 = VECTOR('',#10615,1.);
#10615 = DIRECTION('',(-0.,-1.));
#10616 = ( GEOMETRIC_REPRESENTATION_CONTEXT(2) 
PARAMETRIC_REPRESENTATION_CONTEXT() REPRESENTATION_CONTEXT('2D SPACE',''
  ) );
#10617 = PCURVE('',#10431,#10618);
#10618 = DEFINITIONAL_REPRESENTATION('',(#10619),#10623);
#10619 = LINE('',#10620,#10621);
#10620 = CARTESIAN_POINT('',(-6.28318530718,0.));
#10621 = VECTOR('',#10622,1.);
#10622 = DIRECTION('',(-0.,-1.));
#10623 = ( GEOMETRIC_REPRESENTATION_CONTEXT(2) 
PARAMETRIC_REPRESENTATION_CONTEXT() REPRESENTATION_CONTEXT('2D SPACE',''
  ) );
#10624 = ORIENTED_EDGE('',*,*,#10448,.F.);
#10625 = ORIENTED_EDGE('',*,*,#10556,.F.);
#10626 = ORIENTED_EDGE('',*,*,#10239,.T.);
#10627 = ORIENTED_EDGE('',*,*,#10628,.T.);
#10628 = EDGE_CURVE('',#10205,#10629,#10631,.T.);
#10629 = VERTEX_POINT('',#10630);
#10630 = CARTESIAN_POINT('',(-23.61728154514,41.980747724991,
    2.383663007791));
#10631 = SEAM_CURVE('',#10632,(#10636,#10643),.PCURVE_S1.);
#10632 = LINE('',#10633,#10634);
#10633 = CARTESIAN_POINT('',(-33.61728154514,41.980747724991,
    2.383663007791));
#10634 = VECTOR('',#10635,1.);
#10635 = DIRECTION('',(1.,0.,0.));
#10636 = PCURVE('',#10221,#10637);
#10637 = DEFINITIONAL_REPRESENTATION('',(#10638),#10642);
#10638 = LINE('',#10639,#10640);
#10639 = CARTESIAN_POINT('',(-0.,0.));
#10640 = VECTOR('',#10641,1.);
#10641 = DIRECTION('',(-0.,-1.));
#10642 = ( GEOMETRIC_REPRESENTATION_CONTEXT(2) 
PARAMETRIC_REPRESENTATION_CONTEXT() REPRESENTATION_CONTEXT('2D SPACE',''
  ) );
#10643 = PCURVE('',#10221,#10644);
#10644 = DEFINITIONAL_REPRESENTATION('',(#10645),#10649);
#10645 = LINE('',#10646,#10647);
#10646 = CARTESIAN_POINT('',(-6.28318530718,0.));
#10647 = VECTOR('',#10648,1.);
#10648 = DIRECTION('',(-0.,-1.));
#10649 = ( GEOMETRIC_REPRESENTATION_CONTEXT(2) 
PARAMETRIC_REPRESENTATION_CONTEXT() REPRESENTATION_CONTEXT('2D SPACE',''
  ) );
#10650 = ORIENTED_EDGE('',*,*,#10651,.T.);
#10651 = EDGE_CURVE('',#10629,#10629,#10652,.T.);
#10652 = SURFACE_CURVE('',#10653,(#10658,#10665),.PCURVE_S1.);
#10653 = CIRCLE('',#10654,1.5);
#10654 = AXIS2_PLACEMENT_3D('',#10655,#10656,#10657);
#10655 = CARTESIAN_POINT('',(-23.61728154514,41.842345185796,
    3.877264272234));
#10656 = DIRECTION('',(1.,-0.,0.));
#10657 = DIRECTION('',(0.,9.22683594633E-02,-0.995734176295));
#10658 = PCURVE('',#10221,#10659);
#10659 = DEFINITIONAL_REPRESENTATION('',(#10660),#10664);
#10660 = LINE('',#10661,#10662);
#10661 = CARTESIAN_POINT('',(-0.,-10.));
#10662 = VECTOR('',#10663,1.);
#10663 = DIRECTION('',(-1.,0.));
#10664 = ( GEOMETRIC_REPRESENTATION_CONTEXT(2) 
PARAMETRIC_REPRESENTATION_CONTEXT() REPRESENTATION_CONTEXT('2D SPACE',''
  ) );
#10665 = PCURVE('',#10666,#10671);
#10666 = PLANE('',#10667);
#10667 = AXIS2_PLACEMENT_3D('',#10668,#10669,#10670);
#10668 = CARTESIAN_POINT('',(-23.61728154514,41.842345185796,
    3.877264272234));
#10669 = DIRECTION('',(1.,0.,0.));
#10670 = DIRECTION('',(0.,0.995734176295,9.22683594633E-02));
#10671 = DEFINITIONAL_REPRESENTATION('',(#10672),#10676);
#10672 = CIRCLE('',#10673,1.5);
#10673 = AXIS2_PLACEMENT_2D('',#10674,#10675);
#10674 = CARTESIAN_POINT('',(0.,0.));
#10675 = DIRECTION('',(0.,-1.));
#10676 = ( GEOMETRIC_REPRESENTATION_CONTEXT(2) 
PARAMETRIC_REPRESENTATION_CONTEXT() REPRESENTATION_CONTEXT('2D SPACE',''
  ) );
#10677 = ORIENTED_EDGE('',*,*,#10628,.F.);
#10678 = ORIENTED_EDGE('',*,*,#10204,.T.);
#10679 = ADVANCED_FACE('',(#10680),#10193,.F.);
#10680 = FACE_BOUND('',#10681,.F.);
#10681 = EDGE_LOOP('',(#10682,#10704,#10705,#10706,#10707));
#10682 = ORIENTED_EDGE('',*,*,#10683,.T.);
#10683 = EDGE_CURVE('',#10394,#10581,#10684,.T.);
#10684 = SURFACE_CURVE('',#10685,(#10690,#10697),.PCURVE_S1.);
#10685 = CIRCLE('',#10686,1.5);
#10686 = AXIS2_PLACEMENT_3D('',#10687,#10688,#10689);
#10687 = CARTESIAN_POINT('',(-33.61728154514,41.842345185796,
    3.877264272234));
#10688 = DIRECTION('',(1.,-0.,0.));
#10689 = DIRECTION('',(0.,9.22683594633E-02,-0.995734176295));
#10690 = PCURVE('',#10193,#10691);
#10691 = DEFINITIONAL_REPRESENTATION('',(#10692),#10696);
#10692 = CIRCLE('',#10693,1.5);
#10693 = AXIS2_PLACEMENT_2D('',#10694,#10695);
#10694 = CARTESIAN_POINT('',(0.,0.));
#10695 = DIRECTION('',(0.,-1.));
#10696 = ( GEOMETRIC_REPRESENTATION_CONTEXT(2) 
PARAMETRIC_REPRESENTATION_CONTEXT() REPRESENTATION_CONTEXT('2D SPACE',''
  ) );
#10697 = PCURVE('',#10431,#10698);
#10698 = DEFINITIONAL_REPRESENTATION('',(#10699),#10703);
#10699 = LINE('',#10700,#10701);
#10700 = CARTESIAN_POINT('',(-0.,0.));
#10701 = VECTOR('',#10702,1.);
#10702 = DIRECTION('',(-1.,0.));
#10703 = ( GEOMETRIC_REPRESENTATION_CONTEXT(2) 
PARAMETRIC_REPRESENTATION_CONTEXT() REPRESENTATION_CONTEXT('2D SPACE',''
  ) );
#10704 = ORIENTED_EDGE('',*,*,#10580,.T.);
#10705 = ORIENTED_EDGE('',*,*,#10178,.F.);
#10706 = ORIENTED_EDGE('',*,*,#10323,.T.);
#10707 = ORIENTED_EDGE('',*,*,#10393,.T.);
#10708 = ADVANCED_FACE('',(#10709),#10431,.T.);
#10709 = FACE_BOUND('',#10710,.F.);
#10710 = EDGE_LOOP('',(#10711,#10712,#10713));
#10711 = ORIENTED_EDGE('',*,*,#10683,.F.);
#10712 = ORIENTED_EDGE('',*,*,#10414,.F.);
#10713 = ORIENTED_EDGE('',*,*,#10604,.F.);
#10714 = ADVANCED_FACE('',(#10715),#10666,.T.);
#10715 = FACE_BOUND('',#10716,.T.);
#10716 = EDGE_LOOP('',(#10717));
#10717 = ORIENTED_EDGE('',*,*,#10651,.T.);
#10718 = ( GEOMETRIC_REPRESENTATION_CONTEXT(3) 
GLOBAL_UNCERTAINTY_ASSIGNED_CONTEXT((#10722)) 
GLOBAL_UNIT_ASSIGNED_CONTEXT((#10719,#10720,#10721)) 
REPRESENTATION_CONTEXT('Context #1',
  '3D Context with UNIT and UNCERTAINTY') );
#10719 = ( LENGTH_UNIT() NAMED_UNIT(*) SI_UNIT(.MILLI.,.METRE.) );
#10720 = ( NAMED_UNIT(*) PLANE_ANGLE_UNIT() SI_UNIT($,.RADIAN.) );
#10721 = ( NAMED_UNIT(*) SI_UNIT($,.STERADIAN.) SOLID_ANGLE_UNIT() );
#10722 = UNCERTAINTY_MEASURE_WITH_UNIT(LENGTH_MEASURE(1.E-07),#10719,
  'distance_accuracy_value','confusion accuracy');
#10723 = CONTEXT_DEPENDENT_SHAPE_REPRESENTATION(#10724,#10726);
#10724 = ( REPRESENTATION_RELATIONSHIP('','',#9976,#10) 
REPRESENTATION_RELATIONSHIP_WITH_TRANSFORMATION(#10725) 
SHAPE_REPRESENTATION_RELATIONSHIP() );
#10725 = ITEM_DEFINED_TRANSFORMATION('','',#11,#67);
#10726 = PRODUCT_DEFINITION_SHAPE('Placement','Placement of an item',
  #10727);
#10727 = NEXT_ASSEMBLY_USAGE_OCCURRENCE('14','','',#5,#9971,$);
#10728 = PRODUCT_RELATED_PRODUCT_CATEGORY('part',$,(#9973));
#10729 = SHAPE_DEFINITION_REPRESENTATION(#10730,#10736);
#10730 = PRODUCT_DEFINITION_SHAPE('','',#10731);
#10731 = PRODUCT_DEFINITION('design','',#10732,#10735);
#10732 = PRODUCT_DEFINITION_FORMATION('','',#10733);
#10733 = PRODUCT('Open CASCADE STEP translator 7.9 2.15',
  'Open CASCADE STEP translator 7.9 2.15','',(#10734));
#10734 = PRODUCT_CONTEXT('',#2,'mechanical');
#10735 = PRODUCT_DEFINITION_CONTEXT('part definition',#2,'design');
#10736 = ADVANCED_BREP_SHAPE_REPRESENTATION('',(#11,#10737),#11478);
#10737 = MANIFOLD_SOLID_BREP('',#10738);
#10738 = CLOSED_SHELL('',(#10739,#10859,#11054,#11101,#11257,#11284,
    #11311,#11336,#11439,#11468,#11474));
#10739 = ADVANCED_FACE('',(#10740),#10754,.F.);
#10740 = FACE_BOUND('',#10741,.F.);
#10741 = EDGE_LOOP('',(#10742,#10777,#10805,#10833));
#10742 = ORIENTED_EDGE('',*,*,#10743,.F.);
#10743 = EDGE_CURVE('',#10744,#10746,#10748,.T.);
#10744 = VERTEX_POINT('',#10745);
#10745 = CARTESIAN_POINT('',(-40.09559941781,9.721329216596,
    8.759182311684));
#10746 = VERTEX_POINT('',#10747);
#10747 = CARTESIAN_POINT('',(-40.09559941781,36.94782935302,
    22.316368493871));
#10748 = SURFACE_CURVE('',#10749,(#10753,#10765),.PCURVE_S1.);
#10749 = LINE('',#10750,#10751);
#10750 = CARTESIAN_POINT('',(-40.09559941781,9.721329216596,
    8.759182311684));
#10751 = VECTOR('',#10752,1.);
#10752 = DIRECTION('',(0.,0.895163291355,0.445738355777));
#10753 = PCURVE('',#10754,#10759);
#10754 = PLANE('',#10755);
#10755 = AXIS2_PLACEMENT_3D('',#10756,#10757,#10758);
#10756 = CARTESIAN_POINT('',(-40.09559941781,9.721329216596,
    8.759182311684));
#10757 = DIRECTION('',(0.906307787037,0.188377169109,-0.378312354167));
#10758 = DIRECTION('',(0.,0.895163291355,0.445738355777));
#10759 = DEFINITIONAL_REPRESENTATION('',(#10760),#10764);
#10760 = LINE('',#10761,#10762);
#10761 = CARTESIAN_POINT('',(0.,0.));
#10762 = VECTOR('',#10763,1.);
#10763 = DIRECTION('',(1.,0.));
#10764 = ( GEOMETRIC_REPRESENTATION_CONTEXT(2) 
PARAMETRIC_REPRESENTATION_CONTEXT() REPRESENTATION_CONTEXT('2D SPACE',''
  ) );
#10765 = PCURVE('',#10766,#10771);
#10766 = PLANE('',#10767);
#10767 = AXIS2_PLACEMENT_3D('',#10768,#10769,#10770);
#10768 = CARTESIAN_POINT('',(-40.09559941781,9.721329216596,
    8.759182311684));
#10769 = DIRECTION('',(-0.422618261741,0.403976142821,-0.811293461624));
#10770 = DIRECTION('',(0.,0.895163291355,0.445738355777));
#10771 = DEFINITIONAL_REPRESENTATION('',(#10772),#10776);
#10772 = LINE('',#10773,#10774);
#10773 = CARTESIAN_POINT('',(0.,0.));
#10774 = VECTOR('',#10775,1.);
#10775 = DIRECTION('',(1.,0.));
#10776 = ( GEOMETRIC_REPRESENTATION_CONTEXT(2) 
PARAMETRIC_REPRESENTATION_CONTEXT() REPRESENTATION_CONTEXT('2D SPACE',''
  ) );
#10777 = ORIENTED_EDGE('',*,*,#10778,.T.);
#10778 = EDGE_CURVE('',#10744,#10779,#10781,.T.);
#10779 = VERTEX_POINT('',#10780);
#10780 = CARTESIAN_POINT('',(-40.46854044145,10.077819434528,
    8.043253442911));
#10781 = SURFACE_CURVE('',#10782,(#10786,#10793),.PCURVE_S1.);
#10782 = LINE('',#10783,#10784);
#10783 = CARTESIAN_POINT('',(-40.09559941781,9.721329216596,
    8.759182311684));
#10784 = VECTOR('',#10785,1.);
#10785 = DIRECTION('',(-0.422618261741,0.403976142821,-0.811293461624));
#10786 = PCURVE('',#10754,#10787);
#10787 = DEFINITIONAL_REPRESENTATION('',(#10788),#10792);
#10788 = LINE('',#10789,#10790);
#10789 = CARTESIAN_POINT('',(0.,0.));
#10790 = VECTOR('',#10791,1.);
#10791 = DIRECTION('',(0.,-1.));
#10792 = ( GEOMETRIC_REPRESENTATION_CONTEXT(2) 
PARAMETRIC_REPRESENTATION_CONTEXT() REPRESENTATION_CONTEXT('2D SPACE',''
  ) );
#10793 = PCURVE('',#10794,#10799);
#10794 = PLANE('',#10795);
#10795 = AXIS2_PLACEMENT_3D('',#10796,#10797,#10798);
#10796 = CARTESIAN_POINT('',(-40.09559941781,9.721329216596,
    8.759182311684));
#10797 = DIRECTION('',(0.,0.895163291355,0.445738355777));
#10798 = DIRECTION('',(0.906307787037,0.188377169109,-0.378312354167));
#10799 = DEFINITIONAL_REPRESENTATION('',(#10800),#10804);
#10800 = LINE('',#10801,#10802);
#10801 = CARTESIAN_POINT('',(0.,0.));
#10802 = VECTOR('',#10803,1.);
#10803 = DIRECTION('',(0.,1.));
#10804 = ( GEOMETRIC_REPRESENTATION_CONTEXT(2) 
PARAMETRIC_REPRESENTATION_CONTEXT() REPRESENTATION_CONTEXT('2D SPACE',''
  ) );
#10805 = ORIENTED_EDGE('',*,*,#10806,.T.);
#10806 = EDGE_CURVE('',#10779,#10807,#10809,.T.);
#10807 = VERTEX_POINT('',#10808);
#10808 = CARTESIAN_POINT('',(-40.46854044145,37.304319570952,
    21.600439625097));
#10809 = SURFACE_CURVE('',#10810,(#10814,#10821),.PCURVE_S1.);
#10810 = LINE('',#10811,#10812);
#10811 = CARTESIAN_POINT('',(-40.46854044145,10.077819434528,
    8.043253442911));
#10812 = VECTOR('',#10813,1.);
#10813 = DIRECTION('',(0.,0.895163291355,0.445738355777));
#10814 = PCURVE('',#10754,#10815);
#10815 = DEFINITIONAL_REPRESENTATION('',(#10816),#10820);
#10816 = LINE('',#10817,#10818);
#10817 = CARTESIAN_POINT('',(-7.216449660064E-16,-0.88245364056));
#10818 = VECTOR('',#10819,1.);
#10819 = DIRECTION('',(1.,0.));
#10820 = ( GEOMETRIC_REPRESENTATION_CONTEXT(2) 
PARAMETRIC_REPRESENTATION_CONTEXT() REPRESENTATION_CONTEXT('2D SPACE',''
  ) );
#10821 = PCURVE('',#10822,#10827);
#10822 = PLANE('',#10823);
#10823 = AXIS2_PLACEMENT_3D('',#10824,#10825,#10826);
#10824 = CARTESIAN_POINT('',(-40.46854044145,10.077819434528,
    8.043253442911));
#10825 = DIRECTION('',(-0.422618261741,0.403976142821,-0.811293461624));
#10826 = DIRECTION('',(0.,0.895163291355,0.445738355777));
#10827 = DEFINITIONAL_REPRESENTATION('',(#10828),#10832);
#10828 = LINE('',#10829,#10830);
#10829 = CARTESIAN_POINT('',(0.,0.));
#10830 = VECTOR('',#10831,1.);
#10831 = DIRECTION('',(1.,0.));
#10832 = ( GEOMETRIC_REPRESENTATION_CONTEXT(2) 
PARAMETRIC_REPRESENTATION_CONTEXT() REPRESENTATION_CONTEXT('2D SPACE',''
  ) );
#10833 = ORIENTED_EDGE('',*,*,#10834,.F.);
#10834 = EDGE_CURVE('',#10746,#10807,#10835,.T.);
#10835 = SURFACE_CURVE('',#10836,(#10840,#10847),.PCURVE_S1.);
#10836 = LINE('',#10837,#10838);
#10837 = CARTESIAN_POINT('',(-40.09559941781,36.94782935302,
    22.316368493871));
#10838 = VECTOR('',#10839,1.);
#10839 = DIRECTION('',(-0.422618261741,0.403976142821,-0.811293461624));
#10840 = PCURVE('',#10754,#10841);
#10841 = DEFINITIONAL_REPRESENTATION('',(#10842),#10846);
#10842 = LINE('',#10843,#10844);
#10843 = CARTESIAN_POINT('',(30.415121352005,-1.7763568394E-15));
#10844 = VECTOR('',#10845,1.);
#10845 = DIRECTION('',(0.,-1.));
#10846 = ( GEOMETRIC_REPRESENTATION_CONTEXT(2) 
PARAMETRIC_REPRESENTATION_CONTEXT() REPRESENTATION_CONTEXT('2D SPACE',''
  ) );
#10847 = PCURVE('',#10848,#10853);
#10848 = PLANE('',#10849);
#10849 = AXIS2_PLACEMENT_3D('',#10850,#10851,#10852);
#10850 = CARTESIAN_POINT('',(-40.09559941781,36.94782935302,
    22.316368493871));
#10851 = DIRECTION('',(0.,0.895163291355,0.445738355777));
#10852 = DIRECTION('',(0.906307787037,0.188377169109,-0.378312354167));
#10853 = DEFINITIONAL_REPRESENTATION('',(#10854),#10858);
#10854 = LINE('',#10855,#10856);
#10855 = CARTESIAN_POINT('',(0.,0.));
#10856 = VECTOR('',#10857,1.);
#10857 = DIRECTION('',(0.,1.));
#10858 = ( GEOMETRIC_REPRESENTATION_CONTEXT(2) 
PARAMETRIC_REPRESENTATION_CONTEXT() REPRESENTATION_CONTEXT('2D SPACE',''
  ) );
#10859 = ADVANCED_FACE('',(#10860),#10766,.F.);
#10860 = FACE_BOUND('',#10861,.F.);
#10861 = EDGE_LOOP('',(#10862,#10892,#10913,#10914,#10937,#10963,#10998,
    #11028));
#10862 = ORIENTED_EDGE('',*,*,#10863,.F.);
#10863 = EDGE_CURVE('',#10864,#10866,#10868,.T.);
#10864 = VERTEX_POINT('',#10865);
#10865 = CARTESIAN_POINT('',(-26.76602264884,12.491897861246,
    3.195130408298));
#10866 = VERTEX_POINT('',#10867);
#10867 = CARTESIAN_POINT('',(-26.76602264884,39.718397997671,
    16.752316590485));
#10868 = SURFACE_CURVE('',#10869,(#10873,#10880),.PCURVE_S1.);
#10869 = LINE('',#10870,#10871);
#10870 = CARTESIAN_POINT('',(-26.76602264884,12.491897861246,
    3.195130408298));
#10871 = VECTOR('',#10872,1.);
#10872 = DIRECTION('',(0.,0.895163291355,0.445738355777));
#10873 = PCURVE('',#10766,#10874);
#10874 = DEFINITIONAL_REPRESENTATION('',(#10875),#10879);
#10875 = LINE('',#10876,#10877);
#10876 = CARTESIAN_POINT('',(4.440892098501E-16,14.707560676003));
#10877 = VECTOR('',#10878,1.);
#10878 = DIRECTION('',(1.,0.));
#10879 = ( GEOMETRIC_REPRESENTATION_CONTEXT(2) 
PARAMETRIC_REPRESENTATION_CONTEXT() REPRESENTATION_CONTEXT('2D SPACE',''
  ) );
#10880 = PCURVE('',#10881,#10886);
#10881 = PLANE('',#10882);
#10882 = AXIS2_PLACEMENT_3D('',#10883,#10884,#10885);
#10883 = CARTESIAN_POINT('',(-26.76602264884,12.491897861246,
    3.195130408298));
#10884 = DIRECTION('',(0.906307787037,0.188377169109,-0.378312354167));
#10885 = DIRECTION('',(0.,0.895163291355,0.445738355777));
#10886 = DEFINITIONAL_REPRESENTATION('',(#10887),#10891);
#10887 = LINE('',#10888,#10889);
#10888 = CARTESIAN_POINT('',(0.,0.));
#10889 = VECTOR('',#10890,1.);
#10890 = DIRECTION('',(1.,0.));
#10891 = ( GEOMETRIC_REPRESENTATION_CONTEXT(2) 
PARAMETRIC_REPRESENTATION_CONTEXT() REPRESENTATION_CONTEXT('2D SPACE',''
  ) );
#10892 = ORIENTED_EDGE('',*,*,#10893,.F.);
#10893 = EDGE_CURVE('',#10744,#10864,#10894,.T.);
#10894 = SURFACE_CURVE('',#10895,(#10899,#10906),.PCURVE_S1.);
#10895 = LINE('',#10896,#10897);
#10896 = CARTESIAN_POINT('',(-40.09559941781,9.721329216596,
    8.759182311684));
#10897 = VECTOR('',#10898,1.);
#10898 = DIRECTION('',(0.906307787037,0.188377169109,-0.378312354167));
#10899 = PCURVE('',#10766,#10900);
#10900 = DEFINITIONAL_REPRESENTATION('',(#10901),#10905);
#10901 = LINE('',#10902,#10903);
#10902 = CARTESIAN_POINT('',(0.,0.));
#10903 = VECTOR('',#10904,1.);
#10904 = DIRECTION('',(0.,1.));
#10905 = ( GEOMETRIC_REPRESENTATION_CONTEXT(2) 
PARAMETRIC_REPRESENTATION_CONTEXT() REPRESENTATION_CONTEXT('2D SPACE',''
  ) );
#10906 = PCURVE('',#10794,#10907);
#10907 = DEFINITIONAL_REPRESENTATION('',(#10908),#10912);
#10908 = LINE('',#10909,#10910);
#10909 = CARTESIAN_POINT('',(0.,0.));
#10910 = VECTOR('',#10911,1.);
#10911 = DIRECTION('',(1.,0.));
#10912 = ( GEOMETRIC_REPRESENTATION_CONTEXT(2) 
PARAMETRIC_REPRESENTATION_CONTEXT() REPRESENTATION_CONTEXT('2D SPACE',''
  ) );
#10913 = ORIENTED_EDGE('',*,*,#10743,.T.);
#10914 = ORIENTED_EDGE('',*,*,#10915,.T.);
#10915 = EDGE_CURVE('',#10746,#10916,#10918,.T.);
#10916 = VERTEX_POINT('',#10917);
#10917 = CARTESIAN_POINT('',(-33.61728154514,38.294355554052,
    19.612179342565));
#10918 = SURFACE_CURVE('',#10919,(#10923,#10930),.PCURVE_S1.);
#10919 = LINE('',#10920,#10921);
#10920 = CARTESIAN_POINT('',(-40.09559941781,36.94782935302,
    22.316368493871));
#10921 = VECTOR('',#10922,1.);
#10922 = DIRECTION('',(0.906307787037,0.188377169109,-0.378312354167));
#10923 = PCURVE('',#10766,#10924);
#10924 = DEFINITIONAL_REPRESENTATION('',(#10925),#10929);
#10925 = LINE('',#10926,#10927);
#10926 = CARTESIAN_POINT('',(30.415121352005,8.881784197001E-16));
#10927 = VECTOR('',#10928,1.);
#10928 = DIRECTION('',(0.,1.));
#10929 = ( GEOMETRIC_REPRESENTATION_CONTEXT(2) 
PARAMETRIC_REPRESENTATION_CONTEXT() REPRESENTATION_CONTEXT('2D SPACE',''
  ) );
#10930 = PCURVE('',#10848,#10931);
#10931 = DEFINITIONAL_REPRESENTATION('',(#10932),#10936);
#10932 = LINE('',#10933,#10934);
#10933 = CARTESIAN_POINT('',(0.,0.));
#10934 = VECTOR('',#10935,1.);
#10935 = DIRECTION('',(1.,0.));
#10936 = ( GEOMETRIC_REPRESENTATION_CONTEXT(2) 
PARAMETRIC_REPRESENTATION_CONTEXT() REPRESENTATION_CONTEXT('2D SPACE',''
  ) );
#10937 = ORIENTED_EDGE('',*,*,#10938,.T.);
#10938 = EDGE_CURVE('',#10916,#10939,#10941,.T.);
#10939 = VERTEX_POINT('',#10940);
#10940 = CARTESIAN_POINT('',(-33.61728154514,36.129136653798,
    18.534028437791));
#10941 = SURFACE_CURVE('',#10942,(#10946,#10952),.PCURVE_S1.);
#10942 = LINE('',#10943,#10944);
#10943 = CARTESIAN_POINT('',(-33.61728154514,24.233523840162,
    12.610717073584));
#10944 = VECTOR('',#10945,1.);
#10945 = DIRECTION('',(0.,-0.895163291355,-0.445738355777));
#10946 = PCURVE('',#10766,#10947);
#10947 = DEFINITIONAL_REPRESENTATION('',(#10948),#10951);
#10948 = B_SPLINE_CURVE_WITH_KNOTS('',1,(#10949,#10950),.UNSPECIFIED.,
  .F.,.F.,(2,2),(-15.707560676,-13.207560676),.PIECEWISE_BEZIER_KNOTS.);
#10949 = CARTESIAN_POINT('',(30.415121352005,7.148032892721));
#10950 = CARTESIAN_POINT('',(27.915121352005,7.148032892721));
#10951 = ( GEOMETRIC_REPRESENTATION_CONTEXT(2) 
PARAMETRIC_REPRESENTATION_CONTEXT() REPRESENTATION_CONTEXT('2D SPACE',''
  ) );
#10952 = PCURVE('',#10953,#10958);
#10953 = PLANE('',#10954);
#10954 = AXIS2_PLACEMENT_3D('',#10955,#10956,#10957);
#10955 = CARTESIAN_POINT('',(-33.61728154514,37.616195492956,
    18.730639752014));
#10956 = DIRECTION('',(1.,0.,0.));
#10957 = DIRECTION('',(0.,0.895163291355,0.445738355777));
#10958 = DEFINITIONAL_REPRESENTATION('',(#10959),#10962);
#10959 = B_SPLINE_CURVE_WITH_KNOTS('',1,(#10960,#10961),.UNSPECIFIED.,
  .F.,.F.,(2,2),(-15.707560676,-13.207560676),.PIECEWISE_BEZIER_KNOTS.);
#10960 = CARTESIAN_POINT('',(1.,0.486839930751));
#10961 = CARTESIAN_POINT('',(-1.5,0.486839930751));
#10962 = ( GEOMETRIC_REPRESENTATION_CONTEXT(2) 
PARAMETRIC_REPRESENTATION_CONTEXT() REPRESENTATION_CONTEXT('2D SPACE',''
  ) );
#10963 = ORIENTED_EDGE('',*,*,#10964,.F.);
#10964 = EDGE_CURVE('',#10965,#10939,#10967,.T.);
#10965 = VERTEX_POINT('',#10966);
#10966 = CARTESIAN_POINT('',(-29.3564895637,38.284803026621,
    17.387894814982));
#10967 = SURFACE_CURVE('',#10968,(#10973,#10980),.PCURVE_S1.);
#10968 = ELLIPSE('',#10969,3.549302374729,1.5);
#10969 = AXIS2_PLACEMENT_3D('',#10970,#10971,#10972);
#10970 = CARTESIAN_POINT('',(-32.57324994447,37.616195492956,
    18.730639752014));
#10971 = DIRECTION('',(-0.422618261741,0.403976142821,-0.811293461624));
#10972 = DIRECTION('',(-0.906307787037,-0.188377169109,0.378312354167));
#10973 = PCURVE('',#10766,#10974);
#10974 = DEFINITIONAL_REPRESENTATION('',(#10975),#10979);
#10975 = ELLIPSE('',#10976,3.549302374729,1.5);
#10976 = AXIS2_PLACEMENT_2D('',#10977,#10978);
#10977 = CARTESIAN_POINT('',(29.415121352005,8.299994307606));
#10978 = DIRECTION('',(2.775557561563E-17,-1.));
#10979 = ( GEOMETRIC_REPRESENTATION_CONTEXT(2) 
PARAMETRIC_REPRESENTATION_CONTEXT() REPRESENTATION_CONTEXT('2D SPACE',''
  ) );
#10980 = PCURVE('',#10981,#10986);
#10981 = CYLINDRICAL_SURFACE('',#10982,1.5);
#10982 = AXIS2_PLACEMENT_3D('',#10983,#10984,#10985);
#10983 = CARTESIAN_POINT('',(-33.61728154514,37.616195492956,
    18.730639752014));
#10984 = DIRECTION('',(-1.,-0.,0.));
#10985 = DIRECTION('',(0.,0.445738355777,-0.895163291355));
#10986 = DEFINITIONAL_REPRESENTATION('',(#10987),#10997);
#10987 = B_SPLINE_CURVE_WITH_KNOTS('',8,(#10988,#10989,#10990,#10991,
    #10992,#10993,#10994,#10995,#10996),.UNSPECIFIED.,.F.,.F.,(9,9),(
    3.14159265359,5.042935637106),.PIECEWISE_BEZIER_KNOTS.);
#10988 = CARTESIAN_POINT('',(-6.28318530718,-4.26079198144));
#10989 = CARTESIAN_POINT('',(-6.04551743424,-4.26079198144));
#10990 = CARTESIAN_POINT('',(-5.807849561301,-4.053131704454));
#10991 = CARTESIAN_POINT('',(-5.57018168836,-3.63781887501));
#10992 = CARTESIAN_POINT('',(-5.332513815418,-3.039844771423));
#10993 = CARTESIAN_POINT('',(-5.094845942484,-2.309344507441));
#10994 = CARTESIAN_POINT('',(-4.857178069543,-1.51366495914));
#10995 = CARTESIAN_POINT('',(-4.619510196603,-0.72313272222));
#10996 = CARTESIAN_POINT('',(-4.381842323664,5.999999928008E-07));
#10997 = ( GEOMETRIC_REPRESENTATION_CONTEXT(2) 
PARAMETRIC_REPRESENTATION_CONTEXT() REPRESENTATION_CONTEXT('2D SPACE',''
  ) );
#10998 = ORIENTED_EDGE('',*,*,#10999,.F.);
#10999 = EDGE_CURVE('',#11000,#10965,#11002,.T.);
#11000 = VERTEX_POINT('',#11001);
#11001 = CARTESIAN_POINT('',(-30.17561831823,39.009709416159,
    18.175555122575));
#11002 = SURFACE_CURVE('',#11003,(#11008,#11015),.PCURVE_S1.);
#11003 = ELLIPSE('',#11004,3.549302374729,1.5);
#11004 = AXIS2_PLACEMENT_3D('',#11005,#11006,#11007);
#11005 = CARTESIAN_POINT('',(-32.57324994447,37.616195492956,
    18.730639752014));
#11006 = DIRECTION('',(-0.422618261741,0.403976142821,-0.811293461624));
#11007 = DIRECTION('',(-0.906307787037,-0.188377169109,0.378312354167));
#11008 = PCURVE('',#10766,#11009);
#11009 = DEFINITIONAL_REPRESENTATION('',(#11010),#11014);
#11010 = ELLIPSE('',#11011,3.549302374729,1.5);
#11011 = AXIS2_PLACEMENT_2D('',#11012,#11013);
#11012 = CARTESIAN_POINT('',(29.415121352005,8.299994307606));
#11013 = DIRECTION('',(2.775557561563E-17,-1.));
#11014 = ( GEOMETRIC_REPRESENTATION_CONTEXT(2) 
PARAMETRIC_REPRESENTATION_CONTEXT() REPRESENTATION_CONTEXT('2D SPACE',''
  ) );
#11015 = PCURVE('',#10981,#11016);
#11016 = DEFINITIONAL_REPRESENTATION('',(#11017),#11027);
#11017 = B_SPLINE_CURVE_WITH_KNOTS('',8,(#11018,#11019,#11020,#11021,
    #11022,#11023,#11024,#11025,#11026),.UNSPECIFIED.,.F.,.F.,(9,9),(
    1.240249670074,3.14159265359),.PIECEWISE_BEZIER_KNOTS.);
#11018 = CARTESIAN_POINT('',(-1.901342983516,5.999999999062E-07));
#11019 = CARTESIAN_POINT('',(-1.663675110576,-0.72313272222));
#11020 = CARTESIAN_POINT('',(-1.426007237637,-1.513664959142));
#11021 = CARTESIAN_POINT('',(-1.188339364691,-2.309344507443));
#11022 = CARTESIAN_POINT('',(-0.950671491763,-3.039844771441));
#11023 = CARTESIAN_POINT('',(-0.713003618814,-3.637818875002));
#11024 = CARTESIAN_POINT('',(-0.475335745879,-4.053131704455));
#11025 = CARTESIAN_POINT('',(-0.237667872939,-4.26079198144));
#11026 = CARTESIAN_POINT('',(0.,-4.26079198144));
#11027 = ( GEOMETRIC_REPRESENTATION_CONTEXT(2) 
PARAMETRIC_REPRESENTATION_CONTEXT() REPRESENTATION_CONTEXT('2D SPACE',''
  ) );
#11028 = ORIENTED_EDGE('',*,*,#11029,.T.);
#11029 = EDGE_CURVE('',#11000,#10866,#11030,.T.);
#11030 = SURFACE_CURVE('',#11031,(#11035,#11042),.PCURVE_S1.);
#11031 = LINE('',#11032,#11033);
#11032 = CARTESIAN_POINT('',(-40.09559941781,36.94782935302,
    22.316368493871));
#11033 = VECTOR('',#11034,1.);
#11034 = DIRECTION('',(0.906307787037,0.188377169109,-0.378312354167));
#11035 = PCURVE('',#10766,#11036);
#11036 = DEFINITIONAL_REPRESENTATION('',(#11037),#11041);
#11037 = LINE('',#11038,#11039);
#11038 = CARTESIAN_POINT('',(30.415121352005,8.881784197001E-16));
#11039 = VECTOR('',#11040,1.);
#11040 = DIRECTION('',(0.,1.));
#11041 = ( GEOMETRIC_REPRESENTATION_CONTEXT(2) 
PARAMETRIC_REPRESENTATION_CONTEXT() REPRESENTATION_CONTEXT('2D SPACE',''
  ) );
#11042 = PCURVE('',#11043,#11048);
#11043 = PLANE('',#11044);
#11044 = AXIS2_PLACEMENT_3D('',#11045,#11046,#11047);
#11045 = CARTESIAN_POINT('',(-40.09559941781,36.94782935302,
    22.316368493871));
#11046 = DIRECTION('',(0.,0.895163291355,0.445738355777));
#11047 = DIRECTION('',(0.906307787037,0.188377169109,-0.378312354167));
#11048 = DEFINITIONAL_REPRESENTATION('',(#11049),#11053);
#11049 = LINE('',#11050,#11051);
#11050 = CARTESIAN_POINT('',(0.,0.));
#11051 = VECTOR('',#11052,1.);
#11052 = DIRECTION('',(1.,0.));
#11053 = ( GEOMETRIC_REPRESENTATION_CONTEXT(2) 
PARAMETRIC_REPRESENTATION_CONTEXT() REPRESENTATION_CONTEXT('2D SPACE',''
  ) );
#11054 = ADVANCED_FACE('',(#11055),#10848,.T.);
#11055 = FACE_BOUND('',#11056,.T.);
#11056 = EDGE_LOOP('',(#11057,#11080,#11081,#11082));
#11057 = ORIENTED_EDGE('',*,*,#11058,.F.);
#11058 = EDGE_CURVE('',#10807,#11059,#11061,.T.);
#11059 = VERTEX_POINT('',#11060);
#11060 = CARTESIAN_POINT('',(-33.61728154514,38.728362014571,
    18.740576873017));
#11061 = SURFACE_CURVE('',#11062,(#11066,#11073),.PCURVE_S1.);
#11062 = LINE('',#11063,#11064);
#11063 = CARTESIAN_POINT('',(-40.46854044145,37.304319570952,
    21.600439625097));
#11064 = VECTOR('',#11065,1.);
#11065 = DIRECTION('',(0.906307787037,0.188377169109,-0.378312354167));
#11066 = PCURVE('',#10848,#11067);
#11067 = DEFINITIONAL_REPRESENTATION('',(#11068),#11072);
#11068 = LINE('',#11069,#11070);
#11069 = CARTESIAN_POINT('',(-8.326672684689E-16,0.88245364056));
#11070 = VECTOR('',#11071,1.);
#11071 = DIRECTION('',(1.,0.));
#11072 = ( GEOMETRIC_REPRESENTATION_CONTEXT(2) 
PARAMETRIC_REPRESENTATION_CONTEXT() REPRESENTATION_CONTEXT('2D SPACE',''
  ) );
#11073 = PCURVE('',#10822,#11074);
#11074 = DEFINITIONAL_REPRESENTATION('',(#11075),#11079);
#11075 = LINE('',#11076,#11077);
#11076 = CARTESIAN_POINT('',(30.415121352005,8.881784197001E-16));
#11077 = VECTOR('',#11078,1.);
#11078 = DIRECTION('',(0.,1.));
#11079 = ( GEOMETRIC_REPRESENTATION_CONTEXT(2) 
PARAMETRIC_REPRESENTATION_CONTEXT() REPRESENTATION_CONTEXT('2D SPACE',''
  ) );
#11080 = ORIENTED_EDGE('',*,*,#10834,.F.);
#11081 = ORIENTED_EDGE('',*,*,#10915,.T.);
#11082 = ORIENTED_EDGE('',*,*,#11083,.T.);
#11083 = EDGE_CURVE('',#10916,#11059,#11084,.T.);
#11084 = SURFACE_CURVE('',#11085,(#11089,#11095),.PCURVE_S1.);
#11085 = LINE('',#11086,#11087);
#11086 = CARTESIAN_POINT('',(-33.61728154514,37.729594068666,
    20.746373300831));
#11087 = VECTOR('',#11088,1.);
#11088 = DIRECTION('',(0.,0.445738355777,-0.895163291355));
#11089 = PCURVE('',#10848,#11090);
#11090 = DEFINITIONAL_REPRESENTATION('',(#11091),#11094);
#11091 = B_SPLINE_CURVE_WITH_KNOTS('',1,(#11092,#11093),.UNSPECIFIED.,
  .F.,.F.,(2,2),(1.267024652618,2.24070451412),
  .PIECEWISE_BEZIER_KNOTS.);
#11092 = CARTESIAN_POINT('',(7.148032892721,-6.661338147751E-16));
#11093 = CARTESIAN_POINT('',(7.559527783281,0.88245364056));
#11094 = ( GEOMETRIC_REPRESENTATION_CONTEXT(2) 
PARAMETRIC_REPRESENTATION_CONTEXT() REPRESENTATION_CONTEXT('2D SPACE',''
  ) );
#11095 = PCURVE('',#10953,#11096);
#11096 = DEFINITIONAL_REPRESENTATION('',(#11097),#11100);
#11097 = B_SPLINE_CURVE_WITH_KNOTS('',1,(#11098,#11099),.UNSPECIFIED.,
  .F.,.F.,(2,2),(1.267024652618,2.24070451412),
  .PIECEWISE_BEZIER_KNOTS.);
#11098 = CARTESIAN_POINT('',(1.,0.486839930751));
#11099 = CARTESIAN_POINT('',(1.,-0.486839930751));
#11100 = ( GEOMETRIC_REPRESENTATION_CONTEXT(2) 
PARAMETRIC_REPRESENTATION_CONTEXT() REPRESENTATION_CONTEXT('2D SPACE',''
  ) );
#11101 = ADVANCED_FACE('',(#11102),#10822,.T.);
#11102 = FACE_BOUND('',#11103,.T.);
#11103 = EDGE_LOOP('',(#11104,#11129,#11150,#11151,#11152,#11173,#11207,
    #11236));
#11104 = ORIENTED_EDGE('',*,*,#11105,.F.);
#11105 = EDGE_CURVE('',#11106,#11108,#11110,.T.);
#11106 = VERTEX_POINT('',#11107);
#11107 = CARTESIAN_POINT('',(-27.13896367248,12.848388079178,
    2.479201539525));
#11108 = VERTEX_POINT('',#11109);
#11109 = CARTESIAN_POINT('',(-27.13896367248,40.074888215603,
    16.036387721711));
#11110 = SURFACE_CURVE('',#11111,(#11115,#11122),.PCURVE_S1.);
#11111 = LINE('',#11112,#11113);
#11112 = CARTESIAN_POINT('',(-27.13896367248,12.848388079178,
    2.479201539525));
#11113 = VECTOR('',#11114,1.);
#11114 = DIRECTION('',(0.,0.895163291355,0.445738355777));
#11115 = PCURVE('',#10822,#11116);
#11116 = DEFINITIONAL_REPRESENTATION('',(#11117),#11121);
#11117 = LINE('',#11118,#11119);
#11118 = CARTESIAN_POINT('',(8.881784197001E-16,14.707560676003));
#11119 = VECTOR('',#11120,1.);
#11120 = DIRECTION('',(1.,0.));
#11121 = ( GEOMETRIC_REPRESENTATION_CONTEXT(2) 
PARAMETRIC_REPRESENTATION_CONTEXT() REPRESENTATION_CONTEXT('2D SPACE',''
  ) );
#11122 = PCURVE('',#10881,#11123);
#11123 = DEFINITIONAL_REPRESENTATION('',(#11124),#11128);
#11124 = LINE('',#11125,#11126);
#11125 = CARTESIAN_POINT('',(-3.330669073875E-16,-0.88245364056));
#11126 = VECTOR('',#11127,1.);
#11127 = DIRECTION('',(1.,0.));
#11128 = ( GEOMETRIC_REPRESENTATION_CONTEXT(2) 
PARAMETRIC_REPRESENTATION_CONTEXT() REPRESENTATION_CONTEXT('2D SPACE',''
  ) );
#11129 = ORIENTED_EDGE('',*,*,#11130,.F.);
#11130 = EDGE_CURVE('',#10779,#11106,#11131,.T.);
#11131 = SURFACE_CURVE('',#11132,(#11136,#11143),.PCURVE_S1.);
#11132 = LINE('',#11133,#11134);
#11133 = CARTESIAN_POINT('',(-40.46854044145,10.077819434528,
    8.043253442911));
#11134 = VECTOR('',#11135,1.);
#11135 = DIRECTION('',(0.906307787037,0.188377169109,-0.378312354167));
#11136 = PCURVE('',#10822,#11137);
#11137 = DEFINITIONAL_REPRESENTATION('',(#11138),#11142);
#11138 = LINE('',#11139,#11140);
#11139 = CARTESIAN_POINT('',(0.,0.));
#11140 = VECTOR('',#11141,1.);
#11141 = DIRECTION('',(0.,1.));
#11142 = ( GEOMETRIC_REPRESENTATION_CONTEXT(2) 
PARAMETRIC_REPRESENTATION_CONTEXT() REPRESENTATION_CONTEXT('2D SPACE',''
  ) );
#11143 = PCURVE('',#10794,#11144);
#11144 = DEFINITIONAL_REPRESENTATION('',(#11145),#11149);
#11145 = LINE('',#11146,#11147);
#11146 = CARTESIAN_POINT('',(-1.831867990632E-15,0.88245364056));
#11147 = VECTOR('',#11148,1.);
#11148 = DIRECTION('',(1.,0.));
#11149 = ( GEOMETRIC_REPRESENTATION_CONTEXT(2) 
PARAMETRIC_REPRESENTATION_CONTEXT() REPRESENTATION_CONTEXT('2D SPACE',''
  ) );
#11150 = ORIENTED_EDGE('',*,*,#10806,.T.);
#11151 = ORIENTED_EDGE('',*,*,#11058,.T.);
#11152 = ORIENTED_EDGE('',*,*,#11153,.T.);
#11153 = EDGE_CURVE('',#11059,#11154,#11156,.T.);
#11154 = VERTEX_POINT('',#11155);
#11155 = CARTESIAN_POINT('',(-33.61728154514,36.563143114317,
    17.662425968242));
#11156 = SURFACE_CURVE('',#11157,(#11161,#11167),.PCURVE_S1.);
#11157 = LINE('',#11158,#11159);
#11158 = CARTESIAN_POINT('',(-33.61728154514,24.667530300681,
    11.739114604035));
#11159 = VECTOR('',#11160,1.);
#11160 = DIRECTION('',(0.,-0.895163291355,-0.445738355777));
#11161 = PCURVE('',#10822,#11162);
#11162 = DEFINITIONAL_REPRESENTATION('',(#11163),#11166);
#11163 = B_SPLINE_CURVE_WITH_KNOTS('',1,(#11164,#11165),.UNSPECIFIED.,
  .F.,.F.,(2,2),(-15.707560676,-13.207560676),.PIECEWISE_BEZIER_KNOTS.);
#11164 = CARTESIAN_POINT('',(30.415121352005,7.559527783281));
#11165 = CARTESIAN_POINT('',(27.915121352005,7.559527783281));
#11166 = ( GEOMETRIC_REPRESENTATION_CONTEXT(2) 
PARAMETRIC_REPRESENTATION_CONTEXT() REPRESENTATION_CONTEXT('2D SPACE',''
  ) );
#11167 = PCURVE('',#10953,#11168);
#11168 = DEFINITIONAL_REPRESENTATION('',(#11169),#11172);
#11169 = B_SPLINE_CURVE_WITH_KNOTS('',1,(#11170,#11171),.UNSPECIFIED.,
  .F.,.F.,(2,2),(-15.707560676,-13.207560676),.PIECEWISE_BEZIER_KNOTS.);
#11170 = CARTESIAN_POINT('',(1.,-0.486839930751));
#11171 = CARTESIAN_POINT('',(-1.5,-0.486839930751));
#11172 = ( GEOMETRIC_REPRESENTATION_CONTEXT(2) 
PARAMETRIC_REPRESENTATION_CONTEXT() REPRESENTATION_CONTEXT('2D SPACE',''
  ) );
#11173 = ORIENTED_EDGE('',*,*,#11174,.F.);
#11174 = EDGE_CURVE('',#11175,#11154,#11177,.T.);
#11175 = VERTEX_POINT('',#11176);
#11176 = CARTESIAN_POINT('',(-31.44455276506,38.284803026621,
    17.387894814982));
#11177 = SURFACE_CURVE('',#11178,(#11183,#11190),.PCURVE_S1.);
#11178 = ELLIPSE('',#11179,3.549302374729,1.5);
#11179 = AXIS2_PLACEMENT_3D('',#11180,#11181,#11182);
#11180 = CARTESIAN_POINT('',(-34.66131314582,37.616195492956,
    18.730639752014));
#11181 = DIRECTION('',(-0.422618261741,0.403976142821,-0.811293461624));
#11182 = DIRECTION('',(-0.906307787037,-0.188377169109,0.378312354167));
#11183 = PCURVE('',#10822,#11184);
#11184 = DEFINITIONAL_REPRESENTATION('',(#11185),#11189);
#11185 = ELLIPSE('',#11186,3.549302374729,1.5);
#11186 = AXIS2_PLACEMENT_2D('',#11187,#11188);
#11187 = CARTESIAN_POINT('',(29.415121352005,6.407566368396));
#11188 = DIRECTION('',(2.775557561563E-17,-1.));
#11189 = ( GEOMETRIC_REPRESENTATION_CONTEXT(2) 
PARAMETRIC_REPRESENTATION_CONTEXT() REPRESENTATION_CONTEXT('2D SPACE',''
  ) );
#11190 = PCURVE('',#11191,#11196);
#11191 = CYLINDRICAL_SURFACE('',#11192,1.5);
#11192 = AXIS2_PLACEMENT_3D('',#11193,#11194,#11195);
#11193 = CARTESIAN_POINT('',(-33.61728154514,37.616195492956,
    18.730639752014));
#11194 = DIRECTION('',(-1.,-0.,0.));
#11195 = DIRECTION('',(0.,0.445738355777,-0.895163291355));
#11196 = DEFINITIONAL_REPRESENTATION('',(#11197),#11206);
#11197 = B_SPLINE_CURVE_WITH_KNOTS('',7,(#11198,#11199,#11200,#11201,
    #11202,#11203,#11204,#11205),.UNSPECIFIED.,.F.,.F.,(8,8),(
    3.14159265359,4.38184271806),.PIECEWISE_BEZIER_KNOTS.);
#11198 = CARTESIAN_POINT('',(-6.28318530718,-2.172728780088));
#11199 = CARTESIAN_POINT('',(-6.106006726541,-2.172728780088));
#11200 = CARTESIAN_POINT('',(-5.928828145902,-2.054916646473));
#11201 = CARTESIAN_POINT('',(-5.751649565264,-1.819297034843));
#11202 = CARTESIAN_POINT('',(-5.574470984625,-1.474912375583));
#11203 = CARTESIAN_POINT('',(-5.397292403986,-1.039936753646));
#11204 = CARTESIAN_POINT('',(-5.220113823348,-0.539086788624));
#11205 = CARTESIAN_POINT('',(-5.042935242709,5.999999999062E-07));
#11206 = ( GEOMETRIC_REPRESENTATION_CONTEXT(2) 
PARAMETRIC_REPRESENTATION_CONTEXT() REPRESENTATION_CONTEXT('2D SPACE',''
  ) );
#11207 = ORIENTED_EDGE('',*,*,#11208,.F.);
#11208 = EDGE_CURVE('',#11209,#11175,#11211,.T.);
#11209 = VERTEX_POINT('',#11210);
#11210 = CARTESIAN_POINT('',(-32.26368151958,39.009709416159,
    18.175555122575));
#11211 = SURFACE_CURVE('',#11212,(#11217,#11224),.PCURVE_S1.);
#11212 = ELLIPSE('',#11213,3.549302374729,1.5);
#11213 = AXIS2_PLACEMENT_3D('',#11214,#11215,#11216);
#11214 = CARTESIAN_POINT('',(-34.66131314582,37.616195492956,
    18.730639752014));
#11215 = DIRECTION('',(-0.422618261741,0.403976142821,-0.811293461624));
#11216 = DIRECTION('',(-0.906307787037,-0.188377169109,0.378312354167));
#11217 = PCURVE('',#10822,#11218);
#11218 = DEFINITIONAL_REPRESENTATION('',(#11219),#11223);
#11219 = ELLIPSE('',#11220,3.549302374729,1.5);
#11220 = AXIS2_PLACEMENT_2D('',#11221,#11222);
#11221 = CARTESIAN_POINT('',(29.415121352005,6.407566368396));
#11222 = DIRECTION('',(2.775557561563E-17,-1.));
#11223 = ( GEOMETRIC_REPRESENTATION_CONTEXT(2) 
PARAMETRIC_REPRESENTATION_CONTEXT() REPRESENTATION_CONTEXT('2D SPACE',''
  ) );
#11224 = PCURVE('',#10981,#11225);
#11225 = DEFINITIONAL_REPRESENTATION('',(#11226),#11235);
#11226 = B_SPLINE_CURVE_WITH_KNOTS('',7,(#11227,#11228,#11229,#11230,
    #11231,#11232,#11233,#11234),.UNSPECIFIED.,.F.,.F.,(8,8),(
    1.901342589119,3.14159265359),.PIECEWISE_BEZIER_KNOTS.);
#11227 = CARTESIAN_POINT('',(-1.240250064471,5.999999999062E-07));
#11228 = CARTESIAN_POINT('',(-1.063071483832,-0.539086788624));
#11229 = CARTESIAN_POINT('',(-0.885892903193,-1.039936753646));
#11230 = CARTESIAN_POINT('',(-0.708714322555,-1.474912375583));
#11231 = CARTESIAN_POINT('',(-0.531535741915,-1.819297034843));
#11232 = CARTESIAN_POINT('',(-0.354357161278,-2.054916646473));
#11233 = CARTESIAN_POINT('',(-0.177178580639,-2.172728780088));
#11234 = CARTESIAN_POINT('',(0.,-2.172728780088));
#11235 = ( GEOMETRIC_REPRESENTATION_CONTEXT(2) 
PARAMETRIC_REPRESENTATION_CONTEXT() REPRESENTATION_CONTEXT('2D SPACE',''
  ) );
#11236 = ORIENTED_EDGE('',*,*,#11237,.T.);
#11237 = EDGE_CURVE('',#11209,#11108,#11238,.T.);
#11238 = SURFACE_CURVE('',#11239,(#11243,#11250),.PCURVE_S1.);
#11239 = LINE('',#11240,#11241);
#11240 = CARTESIAN_POINT('',(-40.46854044145,37.304319570952,
    21.600439625097));
#11241 = VECTOR('',#11242,1.);
#11242 = DIRECTION('',(0.906307787037,0.188377169109,-0.378312354167));
#11243 = PCURVE('',#10822,#11244);
#11244 = DEFINITIONAL_REPRESENTATION('',(#11245),#11249);
#11245 = LINE('',#11246,#11247);
#11246 = CARTESIAN_POINT('',(30.415121352005,8.881784197001E-16));
#11247 = VECTOR('',#11248,1.);
#11248 = DIRECTION('',(0.,1.));
#11249 = ( GEOMETRIC_REPRESENTATION_CONTEXT(2) 
PARAMETRIC_REPRESENTATION_CONTEXT() REPRESENTATION_CONTEXT('2D SPACE',''
  ) );
#11250 = PCURVE('',#11043,#11251);
#11251 = DEFINITIONAL_REPRESENTATION('',(#11252),#11256);
#11252 = LINE('',#11253,#11254);
#11253 = CARTESIAN_POINT('',(-8.326672684689E-16,0.88245364056));
#11254 = VECTOR('',#11255,1.);
#11255 = DIRECTION('',(1.,0.));
#11256 = ( GEOMETRIC_REPRESENTATION_CONTEXT(2) 
PARAMETRIC_REPRESENTATION_CONTEXT() REPRESENTATION_CONTEXT('2D SPACE',''
  ) );
#11257 = ADVANCED_FACE('',(#11258),#10794,.F.);
#11258 = FACE_BOUND('',#11259,.F.);
#11259 = EDGE_LOOP('',(#11260,#11261,#11262,#11283));
#11260 = ORIENTED_EDGE('',*,*,#10778,.F.);
#11261 = ORIENTED_EDGE('',*,*,#10893,.T.);
#11262 = ORIENTED_EDGE('',*,*,#11263,.T.);
#11263 = EDGE_CURVE('',#10864,#11106,#11264,.T.);
#11264 = SURFACE_CURVE('',#11265,(#11269,#11276),.PCURVE_S1.);
#11265 = LINE('',#11266,#11267);
#11266 = CARTESIAN_POINT('',(-26.76602264884,12.491897861246,
    3.195130408298));
#11267 = VECTOR('',#11268,1.);
#11268 = DIRECTION('',(-0.422618261741,0.403976142821,-0.811293461624));
#11269 = PCURVE('',#10794,#11270);
#11270 = DEFINITIONAL_REPRESENTATION('',(#11271),#11275);
#11271 = LINE('',#11272,#11273);
#11272 = CARTESIAN_POINT('',(14.707560676003,1.7763568394E-15));
#11273 = VECTOR('',#11274,1.);
#11274 = DIRECTION('',(0.,1.));
#11275 = ( GEOMETRIC_REPRESENTATION_CONTEXT(2) 
PARAMETRIC_REPRESENTATION_CONTEXT() REPRESENTATION_CONTEXT('2D SPACE',''
  ) );
#11276 = PCURVE('',#10881,#11277);
#11277 = DEFINITIONAL_REPRESENTATION('',(#11278),#11282);
#11278 = LINE('',#11279,#11280);
#11279 = CARTESIAN_POINT('',(0.,0.));
#11280 = VECTOR('',#11281,1.);
#11281 = DIRECTION('',(0.,-1.));
#11282 = ( GEOMETRIC_REPRESENTATION_CONTEXT(2) 
PARAMETRIC_REPRESENTATION_CONTEXT() REPRESENTATION_CONTEXT('2D SPACE',''
  ) );
#11283 = ORIENTED_EDGE('',*,*,#11130,.F.);
#11284 = ADVANCED_FACE('',(#11285),#10881,.T.);
#11285 = FACE_BOUND('',#11286,.T.);
#11286 = EDGE_LOOP('',(#11287,#11288,#11289,#11290));
#11287 = ORIENTED_EDGE('',*,*,#10863,.F.);
#11288 = ORIENTED_EDGE('',*,*,#11263,.T.);
#11289 = ORIENTED_EDGE('',*,*,#11105,.T.);
#11290 = ORIENTED_EDGE('',*,*,#11291,.F.);
#11291 = EDGE_CURVE('',#10866,#11108,#11292,.T.);
#11292 = SURFACE_CURVE('',#11293,(#11297,#11304),.PCURVE_S1.);
#11293 = LINE('',#11294,#11295);
#11294 = CARTESIAN_POINT('',(-26.76602264884,39.718397997671,
    16.752316590485));
#11295 = VECTOR('',#11296,1.);
#11296 = DIRECTION('',(-0.422618261741,0.403976142821,-0.811293461624));
#11297 = PCURVE('',#10881,#11298);
#11298 = DEFINITIONAL_REPRESENTATION('',(#11299),#11303);
#11299 = LINE('',#11300,#11301);
#11300 = CARTESIAN_POINT('',(30.415121352005,3.552713678801E-15));
#11301 = VECTOR('',#11302,1.);
#11302 = DIRECTION('',(0.,-1.));
#11303 = ( GEOMETRIC_REPRESENTATION_CONTEXT(2) 
PARAMETRIC_REPRESENTATION_CONTEXT() REPRESENTATION_CONTEXT('2D SPACE',''
  ) );
#11304 = PCURVE('',#11043,#11305);
#11305 = DEFINITIONAL_REPRESENTATION('',(#11306),#11310);
#11306 = LINE('',#11307,#11308);
#11307 = CARTESIAN_POINT('',(14.707560676003,-8.881784197001E-16));
#11308 = VECTOR('',#11309,1.);
#11309 = DIRECTION('',(0.,1.));
#11310 = ( GEOMETRIC_REPRESENTATION_CONTEXT(2) 
PARAMETRIC_REPRESENTATION_CONTEXT() REPRESENTATION_CONTEXT('2D SPACE',''
  ) );
#11311 = ADVANCED_FACE('',(#11312),#11043,.T.);
#11312 = FACE_BOUND('',#11313,.T.);
#11313 = EDGE_LOOP('',(#11314,#11315,#11334,#11335));
#11314 = ORIENTED_EDGE('',*,*,#11237,.F.);
#11315 = ORIENTED_EDGE('',*,*,#11316,.F.);
#11316 = EDGE_CURVE('',#11000,#11209,#11317,.T.);
#11317 = SURFACE_CURVE('',#11318,(#11322,#11328),.PCURVE_S1.);
#11318 = LINE('',#11319,#11320);
#11319 = CARTESIAN_POINT('',(-33.61728154514,39.009709416159,
    18.175555122575));
#11320 = VECTOR('',#11321,1.);
#11321 = DIRECTION('',(-1.,-0.,0.));
#11322 = PCURVE('',#11043,#11323);
#11323 = DEFINITIONAL_REPRESENTATION('',(#11324),#11327);
#11324 = B_SPLINE_CURVE_WITH_KNOTS('',1,(#11325,#11326),.UNSPECIFIED.,
  .F.,.F.,(2,2),(-3.65046954705,-1.144793705428),
  .PIECEWISE_BEZIER_KNOTS.);
#11325 = CARTESIAN_POINT('',(11.134730895726,-8.824536405599E-02));
#11326 = CARTESIAN_POINT('',(8.863817368674,0.970699004616));
#11327 = ( GEOMETRIC_REPRESENTATION_CONTEXT(2) 
PARAMETRIC_REPRESENTATION_CONTEXT() REPRESENTATION_CONTEXT('2D SPACE',''
  ) );
#11328 = PCURVE('',#10981,#11329);
#11329 = DEFINITIONAL_REPRESENTATION('',(#11330),#11333);
#11330 = B_SPLINE_CURVE_WITH_KNOTS('',1,(#11331,#11332),.UNSPECIFIED.,
  .F.,.F.,(2,2),(-3.65046954705,-1.144793705428),
  .PIECEWISE_BEZIER_KNOTS.);
#11331 = CARTESIAN_POINT('',(-0.729727656227,-3.65046954705));
#11332 = CARTESIAN_POINT('',(-0.729727656227,-1.144793705428));
#11333 = ( GEOMETRIC_REPRESENTATION_CONTEXT(2) 
PARAMETRIC_REPRESENTATION_CONTEXT() REPRESENTATION_CONTEXT('2D SPACE',''
  ) );
#11334 = ORIENTED_EDGE('',*,*,#11029,.T.);
#11335 = ORIENTED_EDGE('',*,*,#11291,.T.);
#11336 = ADVANCED_FACE('',(#11337),#10981,.T.);
#11337 = FACE_BOUND('',#11338,.F.);
#11338 = EDGE_LOOP('',(#11339,#11363,#11384,#11385,#11386,#11387,#11410,
    #11437,#11438));
#11339 = ORIENTED_EDGE('',*,*,#11340,.F.);
#11340 = EDGE_CURVE('',#11341,#10939,#11343,.T.);
#11341 = VERTEX_POINT('',#11342);
#11342 = CARTESIAN_POINT('',(-33.61728154514,38.284803026621,
    17.387894814982));
#11343 = SURFACE_CURVE('',#11344,(#11349,#11356),.PCURVE_S1.);
#11344 = CIRCLE('',#11345,1.5);
#11345 = AXIS2_PLACEMENT_3D('',#11346,#11347,#11348);
#11346 = CARTESIAN_POINT('',(-33.61728154514,37.616195492956,
    18.730639752014));
#11347 = DIRECTION('',(1.,-0.,0.));
#11348 = DIRECTION('',(0.,0.445738355777,-0.895163291355));
#11349 = PCURVE('',#10981,#11350);
#11350 = DEFINITIONAL_REPRESENTATION('',(#11351),#11355);
#11351 = LINE('',#11352,#11353);
#11352 = CARTESIAN_POINT('',(-0.,0.));
#11353 = VECTOR('',#11354,1.);
#11354 = DIRECTION('',(-1.,0.));
#11355 = ( GEOMETRIC_REPRESENTATION_CONTEXT(2) 
PARAMETRIC_REPRESENTATION_CONTEXT() REPRESENTATION_CONTEXT('2D SPACE',''
  ) );
#11356 = PCURVE('',#10953,#11357);
#11357 = DEFINITIONAL_REPRESENTATION('',(#11358),#11362);
#11358 = CIRCLE('',#11359,1.5);
#11359 = AXIS2_PLACEMENT_2D('',#11360,#11361);
#11360 = CARTESIAN_POINT('',(0.,0.));
#11361 = DIRECTION('',(0.,-1.));
#11362 = ( GEOMETRIC_REPRESENTATION_CONTEXT(2) 
PARAMETRIC_REPRESENTATION_CONTEXT() REPRESENTATION_CONTEXT('2D SPACE',''
  ) );
#11363 = ORIENTED_EDGE('',*,*,#11364,.T.);
#11364 = EDGE_CURVE('',#11341,#11175,#11365,.T.);
#11365 = SURFACE_CURVE('',#11366,(#11370,#11377),.PCURVE_S1.);
#11366 = LINE('',#11367,#11368);
#11367 = CARTESIAN_POINT('',(-33.61728154514,38.284803026621,
    17.387894814982));
#11368 = VECTOR('',#11369,1.);
#11369 = DIRECTION('',(1.,0.,0.));
#11370 = PCURVE('',#10981,#11371);
#11371 = DEFINITIONAL_REPRESENTATION('',(#11372),#11376);
#11372 = LINE('',#11373,#11374);
#11373 = CARTESIAN_POINT('',(-0.,0.));
#11374 = VECTOR('',#11375,1.);
#11375 = DIRECTION('',(-0.,-1.));
#11376 = ( GEOMETRIC_REPRESENTATION_CONTEXT(2) 
PARAMETRIC_REPRESENTATION_CONTEXT() REPRESENTATION_CONTEXT('2D SPACE',''
  ) );
#11377 = PCURVE('',#11191,#11378);
#11378 = DEFINITIONAL_REPRESENTATION('',(#11379),#11383);
#11379 = LINE('',#11380,#11381);
#11380 = CARTESIAN_POINT('',(-6.28318530718,0.));
#11381 = VECTOR('',#11382,1.);
#11382 = DIRECTION('',(-0.,-1.));
#11383 = ( GEOMETRIC_REPRESENTATION_CONTEXT(2) 
PARAMETRIC_REPRESENTATION_CONTEXT() REPRESENTATION_CONTEXT('2D SPACE',''
  ) );
#11384 = ORIENTED_EDGE('',*,*,#11208,.F.);
#11385 = ORIENTED_EDGE('',*,*,#11316,.F.);
#11386 = ORIENTED_EDGE('',*,*,#10999,.T.);
#11387 = ORIENTED_EDGE('',*,*,#11388,.T.);
#11388 = EDGE_CURVE('',#10965,#11389,#11391,.T.);
#11389 = VERTEX_POINT('',#11390);
#11390 = CARTESIAN_POINT('',(-23.61728154514,38.284803026621,
    17.387894814982));
#11391 = SEAM_CURVE('',#11392,(#11396,#11403),.PCURVE_S1.);
#11392 = LINE('',#11393,#11394);
#11393 = CARTESIAN_POINT('',(-33.61728154514,38.284803026621,
    17.387894814982));
#11394 = VECTOR('',#11395,1.);
#11395 = DIRECTION('',(1.,0.,0.));
#11396 = PCURVE('',#10981,#11397);
#11397 = DEFINITIONAL_REPRESENTATION('',(#11398),#11402);
#11398 = LINE('',#11399,#11400);
#11399 = CARTESIAN_POINT('',(-0.,0.));
#11400 = VECTOR('',#11401,1.);
#11401 = DIRECTION('',(-0.,-1.));
#11402 = ( GEOMETRIC_REPRESENTATION_CONTEXT(2) 
PARAMETRIC_REPRESENTATION_CONTEXT() REPRESENTATION_CONTEXT('2D SPACE',''
  ) );
#11403 = PCURVE('',#10981,#11404);
#11404 = DEFINITIONAL_REPRESENTATION('',(#11405),#11409);
#11405 = LINE('',#11406,#11407);
#11406 = CARTESIAN_POINT('',(-6.28318530718,0.));
#11407 = VECTOR('',#11408,1.);
#11408 = DIRECTION('',(-0.,-1.));
#11409 = ( GEOMETRIC_REPRESENTATION_CONTEXT(2) 
PARAMETRIC_REPRESENTATION_CONTEXT() REPRESENTATION_CONTEXT('2D SPACE',''
  ) );
#11410 = ORIENTED_EDGE('',*,*,#11411,.T.);
#11411 = EDGE_CURVE('',#11389,#11389,#11412,.T.);
#11412 = SURFACE_CURVE('',#11413,(#11418,#11425),.PCURVE_S1.);
#11413 = CIRCLE('',#11414,1.5);
#11414 = AXIS2_PLACEMENT_3D('',#11415,#11416,#11417);
#11415 = CARTESIAN_POINT('',(-23.61728154514,37.616195492956,
    18.730639752014));
#11416 = DIRECTION('',(1.,-0.,0.));
#11417 = DIRECTION('',(0.,0.445738355777,-0.895163291355));
#11418 = PCURVE('',#10981,#11419);
#11419 = DEFINITIONAL_REPRESENTATION('',(#11420),#11424);
#11420 = LINE('',#11421,#11422);
#11421 = CARTESIAN_POINT('',(-0.,-10.));
#11422 = VECTOR('',#11423,1.);
#11423 = DIRECTION('',(-1.,0.));
#11424 = ( GEOMETRIC_REPRESENTATION_CONTEXT(2) 
PARAMETRIC_REPRESENTATION_CONTEXT() REPRESENTATION_CONTEXT('2D SPACE',''
  ) );
#11425 = PCURVE('',#11426,#11431);
#11426 = PLANE('',#11427);
#11427 = AXIS2_PLACEMENT_3D('',#11428,#11429,#11430);
#11428 = CARTESIAN_POINT('',(-23.61728154514,37.616195492956,
    18.730639752014));
#11429 = DIRECTION('',(1.,0.,0.));
#11430 = DIRECTION('',(0.,0.895163291355,0.445738355777));
#11431 = DEFINITIONAL_REPRESENTATION('',(#11432),#11436);
#11432 = CIRCLE('',#11433,1.5);
#11433 = AXIS2_PLACEMENT_2D('',#11434,#11435);
#11434 = CARTESIAN_POINT('',(0.,0.));
#11435 = DIRECTION('',(0.,-1.));
#11436 = ( GEOMETRIC_REPRESENTATION_CONTEXT(2) 
PARAMETRIC_REPRESENTATION_CONTEXT() REPRESENTATION_CONTEXT('2D SPACE',''
  ) );
#11437 = ORIENTED_EDGE('',*,*,#11388,.F.);
#11438 = ORIENTED_EDGE('',*,*,#10964,.T.);
#11439 = ADVANCED_FACE('',(#11440),#10953,.F.);
#11440 = FACE_BOUND('',#11441,.F.);
#11441 = EDGE_LOOP('',(#11442,#11464,#11465,#11466,#11467));
#11442 = ORIENTED_EDGE('',*,*,#11443,.T.);
#11443 = EDGE_CURVE('',#11154,#11341,#11444,.T.);
#11444 = SURFACE_CURVE('',#11445,(#11450,#11457),.PCURVE_S1.);
#11445 = CIRCLE('',#11446,1.5);
#11446 = AXIS2_PLACEMENT_3D('',#11447,#11448,#11449);
#11447 = CARTESIAN_POINT('',(-33.61728154514,37.616195492956,
    18.730639752014));
#11448 = DIRECTION('',(1.,-0.,0.));
#11449 = DIRECTION('',(0.,0.445738355777,-0.895163291355));
#11450 = PCURVE('',#10953,#11451);
#11451 = DEFINITIONAL_REPRESENTATION('',(#11452),#11456);
#11452 = CIRCLE('',#11453,1.5);
#11453 = AXIS2_PLACEMENT_2D('',#11454,#11455);
#11454 = CARTESIAN_POINT('',(0.,0.));
#11455 = DIRECTION('',(0.,-1.));
#11456 = ( GEOMETRIC_REPRESENTATION_CONTEXT(2) 
PARAMETRIC_REPRESENTATION_CONTEXT() REPRESENTATION_CONTEXT('2D SPACE',''
  ) );
#11457 = PCURVE('',#11191,#11458);
#11458 = DEFINITIONAL_REPRESENTATION('',(#11459),#11463);
#11459 = LINE('',#11460,#11461);
#11460 = CARTESIAN_POINT('',(-0.,0.));
#11461 = VECTOR('',#11462,1.);
#11462 = DIRECTION('',(-1.,0.));
#11463 = ( GEOMETRIC_REPRESENTATION_CONTEXT(2) 
PARAMETRIC_REPRESENTATION_CONTEXT() REPRESENTATION_CONTEXT('2D SPACE',''
  ) );
#11464 = ORIENTED_EDGE('',*,*,#11340,.T.);
#11465 = ORIENTED_EDGE('',*,*,#10938,.F.);
#11466 = ORIENTED_EDGE('',*,*,#11083,.T.);
#11467 = ORIENTED_EDGE('',*,*,#11153,.T.);
#11468 = ADVANCED_FACE('',(#11469),#11191,.T.);
#11469 = FACE_BOUND('',#11470,.F.);
#11470 = EDGE_LOOP('',(#11471,#11472,#11473));
#11471 = ORIENTED_EDGE('',*,*,#11443,.F.);
#11472 = ORIENTED_EDGE('',*,*,#11174,.F.);
#11473 = ORIENTED_EDGE('',*,*,#11364,.F.);
#11474 = ADVANCED_FACE('',(#11475),#11426,.T.);
#11475 = FACE_BOUND('',#11476,.T.);
#11476 = EDGE_LOOP('',(#11477));
#11477 = ORIENTED_EDGE('',*,*,#11411,.T.);
#11478 = ( GEOMETRIC_REPRESENTATION_CONTEXT(3) 
GLOBAL_UNCERTAINTY_ASSIGNED_CONTEXT((#11482)) 
GLOBAL_UNIT_ASSIGNED_CONTEXT((#11479,#11480,#11481)) 
REPRESENTATION_CONTEXT('Context #1',
  '3D Context with UNIT and UNCERTAINTY') );
#11479 = ( LENGTH_UNIT() NAMED_UNIT(*) SI_UNIT(.MILLI.,.METRE.) );
#11480 = ( NAMED_UNIT(*) PLANE_ANGLE_UNIT() SI_UNIT($,.RADIAN.) );
#11481 = ( NAMED_UNIT(*) SI_UNIT($,.STERADIAN.) SOLID_ANGLE_UNIT() );
#11482 = UNCERTAINTY_MEASURE_WITH_UNIT(LENGTH_MEASURE(1.E-07),#11479,
  'distance_accuracy_value','confusion accuracy');
#11483 = CONTEXT_DEPENDENT_SHAPE_REPRESENTATION(#11484,#11486);
#11484 = ( REPRESENTATION_RELATIONSHIP('','',#10736,#10) 
REPRESENTATION_RELATIONSHIP_WITH_TRANSFORMATION(#11485) 
SHAPE_REPRESENTATION_RELATIONSHIP() );
#11485 = ITEM_DEFINED_TRANSFORMATION('','',#11,#71);
#11486 = PRODUCT_DEFINITION_SHAPE('Placement','Placement of an item',
  #11487);
#11487 = NEXT_ASSEMBLY_USAGE_OCCURRENCE('15','','',#5,#10731,$);
#11488 = PRODUCT_RELATED_PRODUCT_CATEGORY('part',$,(#10733));
#11489 = SHAPE_DEFINITION_REPRESENTATION(#11490,#11496);
#11490 = PRODUCT_DEFINITION_SHAPE('','',#11491);
#11491 = PRODUCT_DEFINITION('design','',#11492,#11495);
#11492 = PRODUCT_DEFINITION_FORMATION('','',#11493);
#11493 = PRODUCT('Open CASCADE STEP translator 7.9 2.16',
  'Open CASCADE STEP translator 7.9 2.16','',(#11494));
#11494 = PRODUCT_CONTEXT('',#2,'mechanical');
#11495 = PRODUCT_DEFINITION_CONTEXT('part definition',#2,'design');
#11496 = ADVANCED_BREP_SHAPE_REPRESENTATION('',(#11,#11497),#12238);
#11497 = MANIFOLD_SOLID_BREP('',#11498);
#11498 = CLOSED_SHELL('',(#11499,#11619,#11814,#11861,#12017,#12044,
    #12071,#12096,#12199,#12228,#12234));
#11499 = ADVANCED_FACE('',(#11500),#11514,.F.);
#11500 = FACE_BOUND('',#11501,.F.);
#11501 = EDGE_LOOP('',(#11502,#11537,#11565,#11593));
#11502 = ORIENTED_EDGE('',*,*,#11503,.F.);
#11503 = EDGE_CURVE('',#11504,#11506,#11508,.T.);
#11504 = VERTEX_POINT('',#11505);
#11505 = CARTESIAN_POINT('',(-40.09559941781,5.900687914663,
    11.679443421692));
#11506 = VERTEX_POINT('',#11507);
#11507 = CARTESIAN_POINT('',(-40.09559941781,26.39122267049,
    34.156489319172));
#11508 = SURFACE_CURVE('',#11509,(#11513,#11525),.PCURVE_S1.);
#11509 = LINE('',#11510,#11511);
#11510 = CARTESIAN_POINT('',(-40.09559941781,5.900687914663,
    11.679443421692));
#11511 = VECTOR('',#11512,1.);
#11512 = DIRECTION('',(0.,0.673695643647,0.739008917221));
#11513 = PCURVE('',#11514,#11519);
#11514 = PLANE('',#11515);
#11515 = AXIS2_PLACEMENT_3D('',#11516,#11517,#11518);
#11516 = CARTESIAN_POINT('',(-40.09559941781,5.900687914663,
    11.679443421692));
#11517 = DIRECTION('',(0.906307787037,0.312318664007,-0.28471608186));
#11518 = DIRECTION('',(0.,0.673695643647,0.739008917221));
#11519 = DEFINITIONAL_REPRESENTATION('',(#11520),#11524);
#11520 = LINE('',#11521,#11522);
#11521 = CARTESIAN_POINT('',(0.,0.));
#11522 = VECTOR('',#11523,1.);
#11523 = DIRECTION('',(1.,0.));
#11524 = ( GEOMETRIC_REPRESENTATION_CONTEXT(2) 
PARAMETRIC_REPRESENTATION_CONTEXT() REPRESENTATION_CONTEXT('2D SPACE',''
  ) );
#11525 = PCURVE('',#11526,#11531);
#11526 = PLANE('',#11527);
#11527 = AXIS2_PLACEMENT_3D('',#11528,#11529,#11530);
#11528 = CARTESIAN_POINT('',(-40.09559941781,5.900687914663,
    11.679443421692));
#11529 = DIRECTION('',(-0.422618261741,0.669769536367,-0.61057560793));
#11530 = DIRECTION('',(0.,0.673695643647,0.739008917221));
#11531 = DEFINITIONAL_REPRESENTATION('',(#11532),#11536);
#11532 = LINE('',#11533,#11534);
#11533 = CARTESIAN_POINT('',(0.,0.));
#11534 = VECTOR('',#11535,1.);
#11535 = DIRECTION('',(1.,-2.775557561563E-17));
#11536 = ( GEOMETRIC_REPRESENTATION_CONTEXT(2) 
PARAMETRIC_REPRESENTATION_CONTEXT() REPRESENTATION_CONTEXT('2D SPACE',''
  ) );
#11537 = ORIENTED_EDGE('',*,*,#11538,.T.);
#11538 = EDGE_CURVE('',#11504,#11539,#11541,.T.);
#11539 = VERTEX_POINT('',#11540);
#11540 = CARTESIAN_POINT('',(-40.46854044145,6.491728480366,
    11.140638753637));
#11541 = SURFACE_CURVE('',#11542,(#11546,#11553),.PCURVE_S1.);
#11542 = LINE('',#11543,#11544);
#11543 = CARTESIAN_POINT('',(-40.09559941781,5.900687914663,
    11.679443421692));
#11544 = VECTOR('',#11545,1.);
#11545 = DIRECTION('',(-0.422618261741,0.669769536367,-0.61057560793));
#11546 = PCURVE('',#11514,#11547);
#11547 = DEFINITIONAL_REPRESENTATION('',(#11548),#11552);
#11548 = LINE('',#11549,#11550);
#11549 = CARTESIAN_POINT('',(0.,0.));
#11550 = VECTOR('',#11551,1.);
#11551 = DIRECTION('',(0.,-1.));
#11552 = ( GEOMETRIC_REPRESENTATION_CONTEXT(2) 
PARAMETRIC_REPRESENTATION_CONTEXT() REPRESENTATION_CONTEXT('2D SPACE',''
  ) );
#11553 = PCURVE('',#11554,#11559);
#11554 = PLANE('',#11555);
#11555 = AXIS2_PLACEMENT_3D('',#11556,#11557,#11558);
#11556 = CARTESIAN_POINT('',(-40.09559941781,5.900687914663,
    11.679443421692));
#11557 = DIRECTION('',(0.,0.673695643647,0.739008917221));
#11558 = DIRECTION('',(0.906307787037,0.312318664007,-0.28471608186));
#11559 = DEFINITIONAL_REPRESENTATION('',(#11560),#11564);
#11560 = LINE('',#11561,#11562);
#11561 = CARTESIAN_POINT('',(0.,0.));
#11562 = VECTOR('',#11563,1.);
#11563 = DIRECTION('',(2.775557561563E-17,1.));
#11564 = ( GEOMETRIC_REPRESENTATION_CONTEXT(2) 
PARAMETRIC_REPRESENTATION_CONTEXT() REPRESENTATION_CONTEXT('2D SPACE',''
  ) );
#11565 = ORIENTED_EDGE('',*,*,#11566,.T.);
#11566 = EDGE_CURVE('',#11539,#11567,#11569,.T.);
#11567 = VERTEX_POINT('',#11568);
#11568 = CARTESIAN_POINT('',(-40.46854044145,26.982263236193,
    33.617684651118));
#11569 = SURFACE_CURVE('',#11570,(#11574,#11581),.PCURVE_S1.);
#11570 = LINE('',#11571,#11572);
#11571 = CARTESIAN_POINT('',(-40.46854044145,6.491728480366,
    11.140638753637));
#11572 = VECTOR('',#11573,1.);
#11573 = DIRECTION('',(0.,0.673695643647,0.739008917221));
#11574 = PCURVE('',#11514,#11575);
#11575 = DEFINITIONAL_REPRESENTATION('',(#11576),#11580);
#11576 = LINE('',#11577,#11578);
#11577 = CARTESIAN_POINT('',(3.885780586188E-16,-0.88245364056));
#11578 = VECTOR('',#11579,1.);
#11579 = DIRECTION('',(1.,0.));
#11580 = ( GEOMETRIC_REPRESENTATION_CONTEXT(2) 
PARAMETRIC_REPRESENTATION_CONTEXT() REPRESENTATION_CONTEXT('2D SPACE',''
  ) );
#11581 = PCURVE('',#11582,#11587);
#11582 = PLANE('',#11583);
#11583 = AXIS2_PLACEMENT_3D('',#11584,#11585,#11586);
#11584 = CARTESIAN_POINT('',(-40.46854044145,6.491728480366,
    11.140638753637));
#11585 = DIRECTION('',(-0.422618261741,0.669769536367,-0.61057560793));
#11586 = DIRECTION('',(0.,0.673695643647,0.739008917221));
#11587 = DEFINITIONAL_REPRESENTATION('',(#11588),#11592);
#11588 = LINE('',#11589,#11590);
#11589 = CARTESIAN_POINT('',(0.,0.));
#11590 = VECTOR('',#11591,1.);
#11591 = DIRECTION('',(1.,-2.775557561563E-17));
#11592 = ( GEOMETRIC_REPRESENTATION_CONTEXT(2) 
PARAMETRIC_REPRESENTATION_CONTEXT() REPRESENTATION_CONTEXT('2D SPACE',''
  ) );
#11593 = ORIENTED_EDGE('',*,*,#11594,.F.);
#11594 = EDGE_CURVE('',#11506,#11567,#11595,.T.);
#11595 = SURFACE_CURVE('',#11596,(#11600,#11607),.PCURVE_S1.);
#11596 = LINE('',#11597,#11598);
#11597 = CARTESIAN_POINT('',(-40.09559941781,26.39122267049,
    34.156489319172));
#11598 = VECTOR('',#11599,1.);
#11599 = DIRECTION('',(-0.422618261741,0.669769536367,-0.61057560793));
#11600 = PCURVE('',#11514,#11601);
#11601 = DEFINITIONAL_REPRESENTATION('',(#11602),#11606);
#11602 = LINE('',#11603,#11604);
#11603 = CARTESIAN_POINT('',(30.415121352005,1.7763568394E-15));
#11604 = VECTOR('',#11605,1.);
#11605 = DIRECTION('',(0.,-1.));
#11606 = ( GEOMETRIC_REPRESENTATION_CONTEXT(2) 
PARAMETRIC_REPRESENTATION_CONTEXT() REPRESENTATION_CONTEXT('2D SPACE',''
  ) );
#11607 = PCURVE('',#11608,#11613);
#11608 = PLANE('',#11609);
#11609 = AXIS2_PLACEMENT_3D('',#11610,#11611,#11612);
#11610 = CARTESIAN_POINT('',(-40.09559941781,26.39122267049,
    34.156489319172));
#11611 = DIRECTION('',(0.,0.673695643647,0.739008917221));
#11612 = DIRECTION('',(0.906307787037,0.312318664007,-0.28471608186));
#11613 = DEFINITIONAL_REPRESENTATION('',(#11614),#11618);
#11614 = LINE('',#11615,#11616);
#11615 = CARTESIAN_POINT('',(0.,0.));
#11616 = VECTOR('',#11617,1.);
#11617 = DIRECTION('',(2.775557561563E-17,1.));
#11618 = ( GEOMETRIC_REPRESENTATION_CONTEXT(2) 
PARAMETRIC_REPRESENTATION_CONTEXT() REPRESENTATION_CONTEXT('2D SPACE',''
  ) );
#11619 = ADVANCED_FACE('',(#11620),#11526,.F.);
#11620 = FACE_BOUND('',#11621,.F.);
#11621 = EDGE_LOOP('',(#11622,#11652,#11673,#11674,#11697,#11723,#11758,
    #11788));
#11622 = ORIENTED_EDGE('',*,*,#11623,.F.);
#11623 = EDGE_CURVE('',#11624,#11626,#11628,.T.);
#11624 = VERTEX_POINT('',#11625);
#11625 = CARTESIAN_POINT('',(-26.76602264884,10.494133615789,
    7.491964372299));
#11626 = VERTEX_POINT('',#11627);
#11627 = CARTESIAN_POINT('',(-26.76602264884,30.984668371616,
    29.96901026978));
#11628 = SURFACE_CURVE('',#11629,(#11633,#11640),.PCURVE_S1.);
#11629 = LINE('',#11630,#11631);
#11630 = CARTESIAN_POINT('',(-26.76602264884,10.494133615789,
    7.491964372299));
#11631 = VECTOR('',#11632,1.);
#11632 = DIRECTION('',(0.,0.673695643647,0.739008917221));
#11633 = PCURVE('',#11526,#11634);
#11634 = DEFINITIONAL_REPRESENTATION('',(#11635),#11639);
#11635 = LINE('',#11636,#11637);
#11636 = CARTESIAN_POINT('',(0.,14.707560676003));
#11637 = VECTOR('',#11638,1.);
#11638 = DIRECTION('',(1.,-2.775557561563E-17));
#11639 = ( GEOMETRIC_REPRESENTATION_CONTEXT(2) 
PARAMETRIC_REPRESENTATION_CONTEXT() REPRESENTATION_CONTEXT('2D SPACE',''
  ) );
#11640 = PCURVE('',#11641,#11646);
#11641 = PLANE('',#11642);
#11642 = AXIS2_PLACEMENT_3D('',#11643,#11644,#11645);
#11643 = CARTESIAN_POINT('',(-26.76602264884,10.494133615789,
    7.491964372299));
#11644 = DIRECTION('',(0.906307787037,0.312318664007,-0.28471608186));
#11645 = DIRECTION('',(0.,0.673695643647,0.739008917221));
#11646 = DEFINITIONAL_REPRESENTATION('',(#11647),#11651);
#11647 = LINE('',#11648,#11649);
#11648 = CARTESIAN_POINT('',(0.,0.));
#11649 = VECTOR('',#11650,1.);
#11650 = DIRECTION('',(1.,0.));
#11651 = ( GEOMETRIC_REPRESENTATION_CONTEXT(2) 
PARAMETRIC_REPRESENTATION_CONTEXT() REPRESENTATION_CONTEXT('2D SPACE',''
  ) );
#11652 = ORIENTED_EDGE('',*,*,#11653,.F.);
#11653 = EDGE_CURVE('',#11504,#11624,#11654,.T.);
#11654 = SURFACE_CURVE('',#11655,(#11659,#11666),.PCURVE_S1.);
#11655 = LINE('',#11656,#11657);
#11656 = CARTESIAN_POINT('',(-40.09559941781,5.900687914663,
    11.679443421692));
#11657 = VECTOR('',#11658,1.);
#11658 = DIRECTION('',(0.906307787037,0.312318664007,-0.28471608186));
#11659 = PCURVE('',#11526,#11660);
#11660 = DEFINITIONAL_REPRESENTATION('',(#11661),#11665);
#11661 = LINE('',#11662,#11663);
#11662 = CARTESIAN_POINT('',(0.,0.));
#11663 = VECTOR('',#11664,1.);
#11664 = DIRECTION('',(-2.775557561563E-17,1.));
#11665 = ( GEOMETRIC_REPRESENTATION_CONTEXT(2) 
PARAMETRIC_REPRESENTATION_CONTEXT() REPRESENTATION_CONTEXT('2D SPACE',''
  ) );
#11666 = PCURVE('',#11554,#11667);
#11667 = DEFINITIONAL_REPRESENTATION('',(#11668),#11672);
#11668 = LINE('',#11669,#11670);
#11669 = CARTESIAN_POINT('',(0.,0.));
#11670 = VECTOR('',#11671,1.);
#11671 = DIRECTION('',(1.,2.775557561563E-17));
#11672 = ( GEOMETRIC_REPRESENTATION_CONTEXT(2) 
PARAMETRIC_REPRESENTATION_CONTEXT() REPRESENTATION_CONTEXT('2D SPACE',''
  ) );
#11673 = ORIENTED_EDGE('',*,*,#11503,.T.);
#11674 = ORIENTED_EDGE('',*,*,#11675,.T.);
#11675 = EDGE_CURVE('',#11506,#11676,#11678,.T.);
#11676 = VERTEX_POINT('',#11677);
#11677 = CARTESIAN_POINT('',(-33.61728154514,28.623686753821,
    32.121329400949));
#11678 = SURFACE_CURVE('',#11679,(#11683,#11690),.PCURVE_S1.);
#11679 = LINE('',#11680,#11681);
#11680 = CARTESIAN_POINT('',(-40.09559941781,26.39122267049,
    34.156489319172));
#11681 = VECTOR('',#11682,1.);
#11682 = DIRECTION('',(0.906307787037,0.312318664007,-0.28471608186));
#11683 = PCURVE('',#11526,#11684);
#11684 = DEFINITIONAL_REPRESENTATION('',(#11685),#11689);
#11685 = LINE('',#11686,#11687);
#11686 = CARTESIAN_POINT('',(30.415121352005,-1.7763568394E-15));
#11687 = VECTOR('',#11688,1.);
#11688 = DIRECTION('',(-2.775557561563E-17,1.));
#11689 = ( GEOMETRIC_REPRESENTATION_CONTEXT(2) 
PARAMETRIC_REPRESENTATION_CONTEXT() REPRESENTATION_CONTEXT('2D SPACE',''
  ) );
#11690 = PCURVE('',#11608,#11691);
#11691 = DEFINITIONAL_REPRESENTATION('',(#11692),#11696);
#11692 = LINE('',#11693,#11694);
#11693 = CARTESIAN_POINT('',(0.,0.));
#11694 = VECTOR('',#11695,1.);
#11695 = DIRECTION('',(1.,2.775557561563E-17));
#11696 = ( GEOMETRIC_REPRESENTATION_CONTEXT(2) 
PARAMETRIC_REPRESENTATION_CONTEXT() REPRESENTATION_CONTEXT('2D SPACE',''
  ) );
#11697 = ORIENTED_EDGE('',*,*,#11698,.T.);
#11698 = EDGE_CURVE('',#11676,#11699,#11701,.T.);
#11699 = VERTEX_POINT('',#11700);
#11700 = CARTESIAN_POINT('',(-33.61728154514,26.994153287994,
    30.333816339952));
#11701 = SURFACE_CURVE('',#11702,(#11706,#11712),.PCURVE_S1.);
#11702 = LINE('',#11703,#11704);
#11703 = CARTESIAN_POINT('',(-33.61728154514,18.041571554084,
    20.513301993598));
#11704 = VECTOR('',#11705,1.);
#11705 = DIRECTION('',(0.,-0.673695643647,-0.739008917221));
#11706 = PCURVE('',#11526,#11707);
#11707 = DEFINITIONAL_REPRESENTATION('',(#11708),#11711);
#11708 = B_SPLINE_CURVE_WITH_KNOTS('',1,(#11709,#11710),.UNSPECIFIED.,
  .F.,.F.,(2,2),(-15.707560676,-13.207560676),.PIECEWISE_BEZIER_KNOTS.);
#11709 = CARTESIAN_POINT('',(30.415121352005,7.148032892721));
#11710 = CARTESIAN_POINT('',(27.915121352005,7.148032892721));
#11711 = ( GEOMETRIC_REPRESENTATION_CONTEXT(2) 
PARAMETRIC_REPRESENTATION_CONTEXT() REPRESENTATION_CONTEXT('2D SPACE',''
  ) );
#11712 = PCURVE('',#11713,#11718);
#11713 = PLANE('',#11714);
#11714 = AXIS2_PLACEMENT_3D('',#11715,#11716,#11717);
#11715 = CARTESIAN_POINT('',(-33.61728154514,28.309770160258,
    31.054338543228));
#11716 = DIRECTION('',(1.,0.,0.));
#11717 = DIRECTION('',(0.,0.673695643647,0.739008917221));
#11718 = DEFINITIONAL_REPRESENTATION('',(#11719),#11722);
#11719 = B_SPLINE_CURVE_WITH_KNOTS('',1,(#11720,#11721),.UNSPECIFIED.,
  .F.,.F.,(2,2),(-15.707560676,-13.207560676),.PIECEWISE_BEZIER_KNOTS.);
#11720 = CARTESIAN_POINT('',(1.,0.486839930751));
#11721 = CARTESIAN_POINT('',(-1.5,0.486839930751));
#11722 = ( GEOMETRIC_REPRESENTATION_CONTEXT(2) 
PARAMETRIC_REPRESENTATION_CONTEXT() REPRESENTATION_CONTEXT('2D SPACE',''
  ) );
#11723 = ORIENTED_EDGE('',*,*,#11724,.F.);
#11724 = EDGE_CURVE('',#11725,#11699,#11727,.T.);
#11725 = VERTEX_POINT('',#11726);
#11726 = CARTESIAN_POINT('',(-29.3564895637,29.418283536089,
    30.043795077758));
#11727 = SURFACE_CURVE('',#11728,(#11733,#11740),.PCURVE_S1.);
#11728 = ELLIPSE('',#11729,3.549302374729,1.5);
#11729 = AXIS2_PLACEMENT_3D('',#11730,#11731,#11732);
#11730 = CARTESIAN_POINT('',(-32.57324994447,28.309770160258,
    31.054338543228));
#11731 = DIRECTION('',(-0.422618261741,0.669769536367,-0.61057560793));
#11732 = DIRECTION('',(-0.906307787037,-0.312318664007,0.28471608186));
#11733 = PCURVE('',#11526,#11734);
#11734 = DEFINITIONAL_REPRESENTATION('',(#11735),#11739);
#11735 = ELLIPSE('',#11736,3.549302374729,1.5);
#11736 = AXIS2_PLACEMENT_2D('',#11737,#11738);
#11737 = CARTESIAN_POINT('',(29.415121352005,8.299994307606));
#11738 = DIRECTION('',(2.775557561563E-17,-1.));
#11739 = ( GEOMETRIC_REPRESENTATION_CONTEXT(2) 
PARAMETRIC_REPRESENTATION_CONTEXT() REPRESENTATION_CONTEXT('2D SPACE',''
  ) );
#11740 = PCURVE('',#11741,#11746);
#11741 = CYLINDRICAL_SURFACE('',#11742,1.5);
#11742 = AXIS2_PLACEMENT_3D('',#11743,#11744,#11745);
#11743 = CARTESIAN_POINT('',(-33.61728154514,28.309770160258,
    31.054338543228));
#11744 = DIRECTION('',(-1.,-0.,0.));
#11745 = DIRECTION('',(0.,0.739008917221,-0.673695643647));
#11746 = DEFINITIONAL_REPRESENTATION('',(#11747),#11757);
#11747 = B_SPLINE_CURVE_WITH_KNOTS('',8,(#11748,#11749,#11750,#11751,
    #11752,#11753,#11754,#11755,#11756),.UNSPECIFIED.,.F.,.F.,(9,9),(
    3.14159265359,5.042935637106),.PIECEWISE_BEZIER_KNOTS.);
#11748 = CARTESIAN_POINT('',(-6.28318530718,-4.26079198144));
#11749 = CARTESIAN_POINT('',(-6.04551743424,-4.26079198144));
#11750 = CARTESIAN_POINT('',(-5.807849561302,-4.053131704451));
#11751 = CARTESIAN_POINT('',(-5.570181688362,-3.637818875017));
#11752 = CARTESIAN_POINT('',(-5.332513815423,-3.039844771412));
#11753 = CARTESIAN_POINT('',(-5.094845942482,-2.309344507448));
#11754 = CARTESIAN_POINT('',(-4.857178069544,-1.513664959137));
#11755 = CARTESIAN_POINT('',(-4.619510196603,-0.72313272222));
#11756 = CARTESIAN_POINT('',(-4.381842323664,5.999999999062E-07));
#11757 = ( GEOMETRIC_REPRESENTATION_CONTEXT(2) 
PARAMETRIC_REPRESENTATION_CONTEXT() REPRESENTATION_CONTEXT('2D SPACE',''
  ) );
#11758 = ORIENTED_EDGE('',*,*,#11759,.F.);
#11759 = EDGE_CURVE('',#11760,#11725,#11762,.T.);
#11760 = VERTEX_POINT('',#11761);
#11761 = CARTESIAN_POINT('',(-30.17561831823,29.809702891346,
    31.040132832779));
#11762 = SURFACE_CURVE('',#11763,(#11768,#11775),.PCURVE_S1.);
#11763 = ELLIPSE('',#11764,3.549302374729,1.5);
#11764 = AXIS2_PLACEMENT_3D('',#11765,#11766,#11767);
#11765 = CARTESIAN_POINT('',(-32.57324994447,28.309770160258,
    31.054338543228));
#11766 = DIRECTION('',(-0.422618261741,0.669769536367,-0.61057560793));
#11767 = DIRECTION('',(-0.906307787037,-0.312318664007,0.28471608186));
#11768 = PCURVE('',#11526,#11769);
#11769 = DEFINITIONAL_REPRESENTATION('',(#11770),#11774);
#11770 = ELLIPSE('',#11771,3.549302374729,1.5);
#11771 = AXIS2_PLACEMENT_2D('',#11772,#11773);
#11772 = CARTESIAN_POINT('',(29.415121352005,8.299994307606));
#11773 = DIRECTION('',(2.775557561563E-17,-1.));
#11774 = ( GEOMETRIC_REPRESENTATION_CONTEXT(2) 
PARAMETRIC_REPRESENTATION_CONTEXT() REPRESENTATION_CONTEXT('2D SPACE',''
  ) );
#11775 = PCURVE('',#11741,#11776);
#11776 = DEFINITIONAL_REPRESENTATION('',(#11777),#11787);
#11777 = B_SPLINE_CURVE_WITH_KNOTS('',8,(#11778,#11779,#11780,#11781,
    #11782,#11783,#11784,#11785,#11786),.UNSPECIFIED.,.F.,.F.,(9,9),(
    1.240249670074,3.14159265359),.PIECEWISE_BEZIER_KNOTS.);
#11778 = CARTESIAN_POINT('',(-1.901342983516,5.999999999062E-07));
#11779 = CARTESIAN_POINT('',(-1.663675110576,-0.72313272222));
#11780 = CARTESIAN_POINT('',(-1.426007237636,-1.513664959143));
#11781 = CARTESIAN_POINT('',(-1.188339364698,-2.309344507437));
#11782 = CARTESIAN_POINT('',(-0.950671491751,-3.039844771438));
#11783 = CARTESIAN_POINT('',(-0.71300361882,-3.637818875));
#11784 = CARTESIAN_POINT('',(-0.475335745878,-4.053131704457));
#11785 = CARTESIAN_POINT('',(-0.237667872939,-4.26079198144));
#11786 = CARTESIAN_POINT('',(0.,-4.26079198144));
#11787 = ( GEOMETRIC_REPRESENTATION_CONTEXT(2) 
PARAMETRIC_REPRESENTATION_CONTEXT() REPRESENTATION_CONTEXT('2D SPACE',''
  ) );
#11788 = ORIENTED_EDGE('',*,*,#11789,.T.);
#11789 = EDGE_CURVE('',#11760,#11626,#11790,.T.);
#11790 = SURFACE_CURVE('',#11791,(#11795,#11802),.PCURVE_S1.);
#11791 = LINE('',#11792,#11793);
#11792 = CARTESIAN_POINT('',(-40.09559941781,26.39122267049,
    34.156489319172));
#11793 = VECTOR('',#11794,1.);
#11794 = DIRECTION('',(0.906307787037,0.312318664007,-0.28471608186));
#11795 = PCURVE('',#11526,#11796);
#11796 = DEFINITIONAL_REPRESENTATION('',(#11797),#11801);
#11797 = LINE('',#11798,#11799);
#11798 = CARTESIAN_POINT('',(30.415121352005,-1.7763568394E-15));
#11799 = VECTOR('',#11800,1.);
#11800 = DIRECTION('',(-2.775557561563E-17,1.));
#11801 = ( GEOMETRIC_REPRESENTATION_CONTEXT(2) 
PARAMETRIC_REPRESENTATION_CONTEXT() REPRESENTATION_CONTEXT('2D SPACE',''
  ) );
#11802 = PCURVE('',#11803,#11808);
#11803 = PLANE('',#11804);
#11804 = AXIS2_PLACEMENT_3D('',#11805,#11806,#11807);
#11805 = CARTESIAN_POINT('',(-40.09559941781,26.39122267049,
    34.156489319172));
#11806 = DIRECTION('',(0.,0.673695643647,0.739008917221));
#11807 = DIRECTION('',(0.906307787037,0.312318664007,-0.28471608186));
#11808 = DEFINITIONAL_REPRESENTATION('',(#11809),#11813);
#11809 = LINE('',#11810,#11811);
#11810 = CARTESIAN_POINT('',(0.,0.));
#11811 = VECTOR('',#11812,1.);
#11812 = DIRECTION('',(1.,2.775557561563E-17));
#11813 = ( GEOMETRIC_REPRESENTATION_CONTEXT(2) 
PARAMETRIC_REPRESENTATION_CONTEXT() REPRESENTATION_CONTEXT('2D SPACE',''
  ) );
#11814 = ADVANCED_FACE('',(#11815),#11608,.T.);
#11815 = FACE_BOUND('',#11816,.T.);
#11816 = EDGE_LOOP('',(#11817,#11840,#11841,#11842));
#11817 = ORIENTED_EDGE('',*,*,#11818,.F.);
#11818 = EDGE_CURVE('',#11567,#11819,#11821,.T.);
#11819 = VERTEX_POINT('',#11820);
#11820 = CARTESIAN_POINT('',(-33.61728154514,29.343244853989,
    31.465365519948));
#11821 = SURFACE_CURVE('',#11822,(#11826,#11833),.PCURVE_S1.);
#11822 = LINE('',#11823,#11824);
#11823 = CARTESIAN_POINT('',(-40.46854044145,26.982263236193,
    33.617684651118));
#11824 = VECTOR('',#11825,1.);
#11825 = DIRECTION('',(0.906307787037,0.312318664007,-0.28471608186));
#11826 = PCURVE('',#11608,#11827);
#11827 = DEFINITIONAL_REPRESENTATION('',(#11828),#11832);
#11828 = LINE('',#11829,#11830);
#11829 = CARTESIAN_POINT('',(-3.330669073875E-16,0.88245364056));
#11830 = VECTOR('',#11831,1.);
#11831 = DIRECTION('',(1.,2.775557561563E-17));
#11832 = ( GEOMETRIC_REPRESENTATION_CONTEXT(2) 
PARAMETRIC_REPRESENTATION_CONTEXT() REPRESENTATION_CONTEXT('2D SPACE',''
  ) );
#11833 = PCURVE('',#11582,#11834);
#11834 = DEFINITIONAL_REPRESENTATION('',(#11835),#11839);
#11835 = LINE('',#11836,#11837);
#11836 = CARTESIAN_POINT('',(30.415121352005,0.));
#11837 = VECTOR('',#11838,1.);
#11838 = DIRECTION('',(-2.775557561563E-17,1.));
#11839 = ( GEOMETRIC_REPRESENTATION_CONTEXT(2) 
PARAMETRIC_REPRESENTATION_CONTEXT() REPRESENTATION_CONTEXT('2D SPACE',''
  ) );
#11840 = ORIENTED_EDGE('',*,*,#11594,.F.);
#11841 = ORIENTED_EDGE('',*,*,#11675,.T.);
#11842 = ORIENTED_EDGE('',*,*,#11843,.T.);
#11843 = EDGE_CURVE('',#11676,#11819,#11844,.T.);
#11844 = SURFACE_CURVE('',#11845,(#11849,#11855),.PCURVE_S1.);
#11845 = LINE('',#11846,#11847);
#11846 = CARTESIAN_POINT('',(-33.61728154514,27.687344237197,
    32.97491838981));
#11847 = VECTOR('',#11848,1.);
#11848 = DIRECTION('',(0.,0.739008917221,-0.673695643647));
#11849 = PCURVE('',#11608,#11850);
#11850 = DEFINITIONAL_REPRESENTATION('',(#11851),#11854);
#11851 = B_SPLINE_CURVE_WITH_KNOTS('',1,(#11852,#11853),.UNSPECIFIED.,
  .F.,.F.,(2,2),(1.267024652618,2.24070451412),
  .PIECEWISE_BEZIER_KNOTS.);
#11852 = CARTESIAN_POINT('',(7.148032892721,2.22044604925E-16));
#11853 = CARTESIAN_POINT('',(7.559527783281,0.88245364056));
#11854 = ( GEOMETRIC_REPRESENTATION_CONTEXT(2) 
PARAMETRIC_REPRESENTATION_CONTEXT() REPRESENTATION_CONTEXT('2D SPACE',''
  ) );
#11855 = PCURVE('',#11713,#11856);
#11856 = DEFINITIONAL_REPRESENTATION('',(#11857),#11860);
#11857 = B_SPLINE_CURVE_WITH_KNOTS('',1,(#11858,#11859),.UNSPECIFIED.,
  .F.,.F.,(2,2),(1.267024652618,2.24070451412),
  .PIECEWISE_BEZIER_KNOTS.);
#11858 = CARTESIAN_POINT('',(1.,0.486839930751));
#11859 = CARTESIAN_POINT('',(1.,-0.486839930751));
#11860 = ( GEOMETRIC_REPRESENTATION_CONTEXT(2) 
PARAMETRIC_REPRESENTATION_CONTEXT() REPRESENTATION_CONTEXT('2D SPACE',''
  ) );
#11861 = ADVANCED_FACE('',(#11862),#11582,.T.);
#11862 = FACE_BOUND('',#11863,.T.);
#11863 = EDGE_LOOP('',(#11864,#11889,#11910,#11911,#11912,#11933,#11967,
    #11996));
#11864 = ORIENTED_EDGE('',*,*,#11865,.F.);
#11865 = EDGE_CURVE('',#11866,#11868,#11870,.T.);
#11866 = VERTEX_POINT('',#11867);
#11867 = CARTESIAN_POINT('',(-27.13896367248,11.085174181492,
    6.953159704245));
#11868 = VERTEX_POINT('',#11869);
#11869 = CARTESIAN_POINT('',(-27.13896367248,31.575708937319,
    29.430205601725));
#11870 = SURFACE_CURVE('',#11871,(#11875,#11882),.PCURVE_S1.);
#11871 = LINE('',#11872,#11873);
#11872 = CARTESIAN_POINT('',(-27.13896367248,11.085174181492,
    6.953159704245));
#11873 = VECTOR('',#11874,1.);
#11874 = DIRECTION('',(0.,0.673695643647,0.739008917221));
#11875 = PCURVE('',#11582,#11876);
#11876 = DEFINITIONAL_REPRESENTATION('',(#11877),#11881);
#11877 = LINE('',#11878,#11879);
#11878 = CARTESIAN_POINT('',(0.,14.707560676003));
#11879 = VECTOR('',#11880,1.);
#11880 = DIRECTION('',(1.,-2.775557561563E-17));
#11881 = ( GEOMETRIC_REPRESENTATION_CONTEXT(2) 
PARAMETRIC_REPRESENTATION_CONTEXT() REPRESENTATION_CONTEXT('2D SPACE',''
  ) );
#11882 = PCURVE('',#11641,#11883);
#11883 = DEFINITIONAL_REPRESENTATION('',(#11884),#11888);
#11884 = LINE('',#11885,#11886);
#11885 = CARTESIAN_POINT('',(2.775557561563E-16,-0.88245364056));
#11886 = VECTOR('',#11887,1.);
#11887 = DIRECTION('',(1.,0.));
#11888 = ( GEOMETRIC_REPRESENTATION_CONTEXT(2) 
PARAMETRIC_REPRESENTATION_CONTEXT() REPRESENTATION_CONTEXT('2D SPACE',''
  ) );
#11889 = ORIENTED_EDGE('',*,*,#11890,.F.);
#11890 = EDGE_CURVE('',#11539,#11866,#11891,.T.);
#11891 = SURFACE_CURVE('',#11892,(#11896,#11903),.PCURVE_S1.);
#11892 = LINE('',#11893,#11894);
#11893 = CARTESIAN_POINT('',(-40.46854044145,6.491728480366,
    11.140638753637));
#11894 = VECTOR('',#11895,1.);
#11895 = DIRECTION('',(0.906307787037,0.312318664007,-0.28471608186));
#11896 = PCURVE('',#11582,#11897);
#11897 = DEFINITIONAL_REPRESENTATION('',(#11898),#11902);
#11898 = LINE('',#11899,#11900);
#11899 = CARTESIAN_POINT('',(0.,0.));
#11900 = VECTOR('',#11901,1.);
#11901 = DIRECTION('',(-2.775557561563E-17,1.));
#11902 = ( GEOMETRIC_REPRESENTATION_CONTEXT(2) 
PARAMETRIC_REPRESENTATION_CONTEXT() REPRESENTATION_CONTEXT('2D SPACE',''
  ) );
#11903 = PCURVE('',#11554,#11904);
#11904 = DEFINITIONAL_REPRESENTATION('',(#11905),#11909);
#11905 = LINE('',#11906,#11907);
#11906 = CARTESIAN_POINT('',(-2.969846590872E-15,0.88245364056));
#11907 = VECTOR('',#11908,1.);
#11908 = DIRECTION('',(1.,2.775557561563E-17));
#11909 = ( GEOMETRIC_REPRESENTATION_CONTEXT(2) 
PARAMETRIC_REPRESENTATION_CONTEXT() REPRESENTATION_CONTEXT('2D SPACE',''
  ) );
#11910 = ORIENTED_EDGE('',*,*,#11566,.T.);
#11911 = ORIENTED_EDGE('',*,*,#11818,.T.);
#11912 = ORIENTED_EDGE('',*,*,#11913,.T.);
#11913 = EDGE_CURVE('',#11819,#11914,#11916,.T.);
#11914 = VERTEX_POINT('',#11915);
#11915 = CARTESIAN_POINT('',(-33.61728154514,27.713711388162,
    29.677852458951));
#11916 = SURFACE_CURVE('',#11917,(#11921,#11927),.PCURVE_S1.);
#11917 = LINE('',#11918,#11919);
#11918 = CARTESIAN_POINT('',(-33.61728154514,18.761129654252,
    19.857338112598));
#11919 = VECTOR('',#11920,1.);
#11920 = DIRECTION('',(0.,-0.673695643647,-0.739008917221));
#11921 = PCURVE('',#11582,#11922);
#11922 = DEFINITIONAL_REPRESENTATION('',(#11923),#11926);
#11923 = B_SPLINE_CURVE_WITH_KNOTS('',1,(#11924,#11925),.UNSPECIFIED.,
  .F.,.F.,(2,2),(-15.707560676,-13.207560676),.PIECEWISE_BEZIER_KNOTS.);
#11924 = CARTESIAN_POINT('',(30.415121352005,7.559527783281));
#11925 = CARTESIAN_POINT('',(27.915121352005,7.559527783281));
#11926 = ( GEOMETRIC_REPRESENTATION_CONTEXT(2) 
PARAMETRIC_REPRESENTATION_CONTEXT() REPRESENTATION_CONTEXT('2D SPACE',''
  ) );
#11927 = PCURVE('',#11713,#11928);
#11928 = DEFINITIONAL_REPRESENTATION('',(#11929),#11932);
#11929 = B_SPLINE_CURVE_WITH_KNOTS('',1,(#11930,#11931),.UNSPECIFIED.,
  .F.,.F.,(2,2),(-15.707560676,-13.207560676),.PIECEWISE_BEZIER_KNOTS.);
#11930 = CARTESIAN_POINT('',(1.,-0.486839930751));
#11931 = CARTESIAN_POINT('',(-1.5,-0.486839930751));
#11932 = ( GEOMETRIC_REPRESENTATION_CONTEXT(2) 
PARAMETRIC_REPRESENTATION_CONTEXT() REPRESENTATION_CONTEXT('2D SPACE',''
  ) );
#11933 = ORIENTED_EDGE('',*,*,#11934,.F.);
#11934 = EDGE_CURVE('',#11935,#11914,#11937,.T.);
#11935 = VERTEX_POINT('',#11936);
#11936 = CARTESIAN_POINT('',(-31.44455276506,29.418283536089,
    30.043795077758));
#11937 = SURFACE_CURVE('',#11938,(#11943,#11950),.PCURVE_S1.);
#11938 = ELLIPSE('',#11939,3.549302374729,1.5);
#11939 = AXIS2_PLACEMENT_3D('',#11940,#11941,#11942);
#11940 = CARTESIAN_POINT('',(-34.66131314582,28.309770160258,
    31.054338543228));
#11941 = DIRECTION('',(-0.422618261741,0.669769536367,-0.61057560793));
#11942 = DIRECTION('',(-0.906307787037,-0.312318664007,0.28471608186));
#11943 = PCURVE('',#11582,#11944);
#11944 = DEFINITIONAL_REPRESENTATION('',(#11945),#11949);
#11945 = ELLIPSE('',#11946,3.549302374729,1.5);
#11946 = AXIS2_PLACEMENT_2D('',#11947,#11948);
#11947 = CARTESIAN_POINT('',(29.415121352005,6.407566368396));
#11948 = DIRECTION('',(2.775557561563E-17,-1.));
#11949 = ( GEOMETRIC_REPRESENTATION_CONTEXT(2) 
PARAMETRIC_REPRESENTATION_CONTEXT() REPRESENTATION_CONTEXT('2D SPACE',''
  ) );
#11950 = PCURVE('',#11951,#11956);
#11951 = CYLINDRICAL_SURFACE('',#11952,1.5);
#11952 = AXIS2_PLACEMENT_3D('',#11953,#11954,#11955);
#11953 = CARTESIAN_POINT('',(-33.61728154514,28.309770160258,
    31.054338543228));
#11954 = DIRECTION('',(-1.,-0.,0.));
#11955 = DIRECTION('',(0.,0.739008917221,-0.673695643647));
#11956 = DEFINITIONAL_REPRESENTATION('',(#11957),#11966);
#11957 = B_SPLINE_CURVE_WITH_KNOTS('',7,(#11958,#11959,#11960,#11961,
    #11962,#11963,#11964,#11965),.UNSPECIFIED.,.F.,.F.,(8,8),(
    3.14159265359,4.38184271806),.PIECEWISE_BEZIER_KNOTS.);
#11958 = CARTESIAN_POINT('',(-6.28318530718,-2.172728780088));
#11959 = CARTESIAN_POINT('',(-6.106006726541,-2.172728780088));
#11960 = CARTESIAN_POINT('',(-5.928828145902,-2.054916646473));
#11961 = CARTESIAN_POINT('',(-5.751649565264,-1.819297034843));
#11962 = CARTESIAN_POINT('',(-5.574470984625,-1.474912375583));
#11963 = CARTESIAN_POINT('',(-5.397292403986,-1.039936753646));
#11964 = CARTESIAN_POINT('',(-5.220113823348,-0.539086788624));
#11965 = CARTESIAN_POINT('',(-5.042935242709,5.999999999062E-07));
#11966 = ( GEOMETRIC_REPRESENTATION_CONTEXT(2) 
PARAMETRIC_REPRESENTATION_CONTEXT() REPRESENTATION_CONTEXT('2D SPACE',''
  ) );
#11967 = ORIENTED_EDGE('',*,*,#11968,.F.);
#11968 = EDGE_CURVE('',#11969,#11935,#11971,.T.);
#11969 = VERTEX_POINT('',#11970);
#11970 = CARTESIAN_POINT('',(-32.26368151958,29.809702891347,
    31.040132832779));
#11971 = SURFACE_CURVE('',#11972,(#11977,#11984),.PCURVE_S1.);
#11972 = ELLIPSE('',#11973,3.549302374729,1.5);
#11973 = AXIS2_PLACEMENT_3D('',#11974,#11975,#11976);
#11974 = CARTESIAN_POINT('',(-34.66131314582,28.309770160258,
    31.054338543228));
#11975 = DIRECTION('',(-0.422618261741,0.669769536367,-0.61057560793));
#11976 = DIRECTION('',(-0.906307787037,-0.312318664007,0.28471608186));
#11977 = PCURVE('',#11582,#11978);
#11978 = DEFINITIONAL_REPRESENTATION('',(#11979),#11983);
#11979 = ELLIPSE('',#11980,3.549302374729,1.5);
#11980 = AXIS2_PLACEMENT_2D('',#11981,#11982);
#11981 = CARTESIAN_POINT('',(29.415121352005,6.407566368396));
#11982 = DIRECTION('',(2.775557561563E-17,-1.));
#11983 = ( GEOMETRIC_REPRESENTATION_CONTEXT(2) 
PARAMETRIC_REPRESENTATION_CONTEXT() REPRESENTATION_CONTEXT('2D SPACE',''
  ) );
#11984 = PCURVE('',#11741,#11985);
#11985 = DEFINITIONAL_REPRESENTATION('',(#11986),#11995);
#11986 = B_SPLINE_CURVE_WITH_KNOTS('',7,(#11987,#11988,#11989,#11990,
    #11991,#11992,#11993,#11994),.UNSPECIFIED.,.F.,.F.,(8,8),(
    1.901342589119,3.14159265359),.PIECEWISE_BEZIER_KNOTS.);
#11987 = CARTESIAN_POINT('',(-1.240250064471,5.999999999062E-07));
#11988 = CARTESIAN_POINT('',(-1.063071483832,-0.539086788624));
#11989 = CARTESIAN_POINT('',(-0.885892903193,-1.039936753646));
#11990 = CARTESIAN_POINT('',(-0.708714322555,-1.474912375583));
#11991 = CARTESIAN_POINT('',(-0.531535741916,-1.819297034842));
#11992 = CARTESIAN_POINT('',(-0.354357161277,-2.054916646473));
#11993 = CARTESIAN_POINT('',(-0.177178580639,-2.172728780088));
#11994 = CARTESIAN_POINT('',(0.,-2.172728780088));
#11995 = ( GEOMETRIC_REPRESENTATION_CONTEXT(2) 
PARAMETRIC_REPRESENTATION_CONTEXT() REPRESENTATION_CONTEXT('2D SPACE',''
  ) );
#11996 = ORIENTED_EDGE('',*,*,#11997,.T.);
#11997 = EDGE_CURVE('',#11969,#11868,#11998,.T.);
#11998 = SURFACE_CURVE('',#11999,(#12003,#12010),.PCURVE_S1.);
#11999 = LINE('',#12000,#12001);
#12000 = CARTESIAN_POINT('',(-40.46854044145,26.982263236193,
    33.617684651118));
#12001 = VECTOR('',#12002,1.);
#12002 = DIRECTION('',(0.906307787037,0.312318664007,-0.28471608186));
#12003 = PCURVE('',#11582,#12004);
#12004 = DEFINITIONAL_REPRESENTATION('',(#12005),#12009);
#12005 = LINE('',#12006,#12007);
#12006 = CARTESIAN_POINT('',(30.415121352005,0.));
#12007 = VECTOR('',#12008,1.);
#12008 = DIRECTION('',(-2.775557561563E-17,1.));
#12009 = ( GEOMETRIC_REPRESENTATION_CONTEXT(2) 
PARAMETRIC_REPRESENTATION_CONTEXT() REPRESENTATION_CONTEXT('2D SPACE',''
  ) );
#12010 = PCURVE('',#11803,#12011);
#12011 = DEFINITIONAL_REPRESENTATION('',(#12012),#12016);
#12012 = LINE('',#12013,#12014);
#12013 = CARTESIAN_POINT('',(-3.330669073875E-16,0.88245364056));
#12014 = VECTOR('',#12015,1.);
#12015 = DIRECTION('',(1.,2.775557561563E-17));
#12016 = ( GEOMETRIC_REPRESENTATION_CONTEXT(2) 
PARAMETRIC_REPRESENTATION_CONTEXT() REPRESENTATION_CONTEXT('2D SPACE',''
  ) );
#12017 = ADVANCED_FACE('',(#12018),#11554,.F.);
#12018 = FACE_BOUND('',#12019,.F.);
#12019 = EDGE_LOOP('',(#12020,#12021,#12022,#12043));
#12020 = ORIENTED_EDGE('',*,*,#11538,.F.);
#12021 = ORIENTED_EDGE('',*,*,#11653,.T.);
#12022 = ORIENTED_EDGE('',*,*,#12023,.T.);
#12023 = EDGE_CURVE('',#11624,#11866,#12024,.T.);
#12024 = SURFACE_CURVE('',#12025,(#12029,#12036),.PCURVE_S1.);
#12025 = LINE('',#12026,#12027);
#12026 = CARTESIAN_POINT('',(-26.76602264884,10.494133615789,
    7.491964372299));
#12027 = VECTOR('',#12028,1.);
#12028 = DIRECTION('',(-0.422618261741,0.669769536367,-0.61057560793));
#12029 = PCURVE('',#11554,#12030);
#12030 = DEFINITIONAL_REPRESENTATION('',(#12031),#12035);
#12031 = LINE('',#12032,#12033);
#12032 = CARTESIAN_POINT('',(14.707560676003,-4.440892098501E-16));
#12033 = VECTOR('',#12034,1.);
#12034 = DIRECTION('',(2.775557561563E-17,1.));
#12035 = ( GEOMETRIC_REPRESENTATION_CONTEXT(2) 
PARAMETRIC_REPRESENTATION_CONTEXT() REPRESENTATION_CONTEXT('2D SPACE',''
  ) );
#12036 = PCURVE('',#11641,#12037);
#12037 = DEFINITIONAL_REPRESENTATION('',(#12038),#12042);
#12038 = LINE('',#12039,#12040);
#12039 = CARTESIAN_POINT('',(0.,0.));
#12040 = VECTOR('',#12041,1.);
#12041 = DIRECTION('',(0.,-1.));
#12042 = ( GEOMETRIC_REPRESENTATION_CONTEXT(2) 
PARAMETRIC_REPRESENTATION_CONTEXT() REPRESENTATION_CONTEXT('2D SPACE',''
  ) );
#12043 = ORIENTED_EDGE('',*,*,#11890,.F.);
#12044 = ADVANCED_FACE('',(#12045),#11641,.T.);
#12045 = FACE_BOUND('',#12046,.T.);
#12046 = EDGE_LOOP('',(#12047,#12048,#12049,#12050));
#12047 = ORIENTED_EDGE('',*,*,#11623,.F.);
#12048 = ORIENTED_EDGE('',*,*,#12023,.T.);
#12049 = ORIENTED_EDGE('',*,*,#11865,.T.);
#12050 = ORIENTED_EDGE('',*,*,#12051,.F.);
#12051 = EDGE_CURVE('',#11626,#11868,#12052,.T.);
#12052 = SURFACE_CURVE('',#12053,(#12057,#12064),.PCURVE_S1.);
#12053 = LINE('',#12054,#12055);
#12054 = CARTESIAN_POINT('',(-26.76602264884,30.984668371616,
    29.96901026978));
#12055 = VECTOR('',#12056,1.);
#12056 = DIRECTION('',(-0.422618261741,0.669769536367,-0.61057560793));
#12057 = PCURVE('',#11641,#12058);
#12058 = DEFINITIONAL_REPRESENTATION('',(#12059),#12063);
#12059 = LINE('',#12060,#12061);
#12060 = CARTESIAN_POINT('',(30.415121352005,1.7763568394E-15));
#12061 = VECTOR('',#12062,1.);
#12062 = DIRECTION('',(0.,-1.));
#12063 = ( GEOMETRIC_REPRESENTATION_CONTEXT(2) 
PARAMETRIC_REPRESENTATION_CONTEXT() REPRESENTATION_CONTEXT('2D SPACE',''
  ) );
#12064 = PCURVE('',#11803,#12065);
#12065 = DEFINITIONAL_REPRESENTATION('',(#12066),#12070);
#12066 = LINE('',#12067,#12068);
#12067 = CARTESIAN_POINT('',(14.707560676003,4.440892098501E-16));
#12068 = VECTOR('',#12069,1.);
#12069 = DIRECTION('',(2.775557561563E-17,1.));
#12070 = ( GEOMETRIC_REPRESENTATION_CONTEXT(2) 
PARAMETRIC_REPRESENTATION_CONTEXT() REPRESENTATION_CONTEXT('2D SPACE',''
  ) );
#12071 = ADVANCED_FACE('',(#12072),#11803,.T.);
#12072 = FACE_BOUND('',#12073,.T.);
#12073 = EDGE_LOOP('',(#12074,#12075,#12094,#12095));
#12074 = ORIENTED_EDGE('',*,*,#11997,.F.);
#12075 = ORIENTED_EDGE('',*,*,#12076,.F.);
#12076 = EDGE_CURVE('',#11760,#11969,#12077,.T.);
#12077 = SURFACE_CURVE('',#12078,(#12082,#12088),.PCURVE_S1.);
#12078 = LINE('',#12079,#12080);
#12079 = CARTESIAN_POINT('',(-33.61728154514,29.809702891347,
    31.040132832779));
#12080 = VECTOR('',#12081,1.);
#12081 = DIRECTION('',(-1.,-0.,0.));
#12082 = PCURVE('',#11803,#12083);
#12083 = DEFINITIONAL_REPRESENTATION('',(#12084),#12087);
#12084 = B_SPLINE_CURVE_WITH_KNOTS('',1,(#12085,#12086),.UNSPECIFIED.,
  .F.,.F.,(2,2),(-3.65046954705,-1.144793705427),
  .PIECEWISE_BEZIER_KNOTS.);
#12085 = CARTESIAN_POINT('',(11.134730895726,-8.824536405599E-02));
#12086 = CARTESIAN_POINT('',(8.863817368673,0.970699004616));
#12087 = ( GEOMETRIC_REPRESENTATION_CONTEXT(2) 
PARAMETRIC_REPRESENTATION_CONTEXT() REPRESENTATION_CONTEXT('2D SPACE',''
  ) );
#12088 = PCURVE('',#11741,#12089);
#12089 = DEFINITIONAL_REPRESENTATION('',(#12090),#12093);
#12090 = B_SPLINE_CURVE_WITH_KNOTS('',1,(#12091,#12092),.UNSPECIFIED.,
  .F.,.F.,(2,2),(-3.65046954705,-1.144793705427),
  .PIECEWISE_BEZIER_KNOTS.);
#12091 = CARTESIAN_POINT('',(-0.729727656227,-3.65046954705));
#12092 = CARTESIAN_POINT('',(-0.729727656227,-1.144793705427));
#12093 = ( GEOMETRIC_REPRESENTATION_CONTEXT(2) 
PARAMETRIC_REPRESENTATION_CONTEXT() REPRESENTATION_CONTEXT('2D SPACE',''
  ) );
#12094 = ORIENTED_EDGE('',*,*,#11789,.T.);
#12095 = ORIENTED_EDGE('',*,*,#12051,.T.);
#12096 = ADVANCED_FACE('',(#12097),#11741,.T.);
#12097 = FACE_BOUND('',#12098,.F.);
#12098 = EDGE_LOOP('',(#12099,#12123,#12144,#12145,#12146,#12147,#12170,
    #12197,#12198));
#12099 = ORIENTED_EDGE('',*,*,#12100,.F.);
#12100 = EDGE_CURVE('',#12101,#11699,#12103,.T.);
#12101 = VERTEX_POINT('',#12102);
#12102 = CARTESIAN_POINT('',(-33.61728154514,29.418283536089,
    30.043795077758));
#12103 = SURFACE_CURVE('',#12104,(#12109,#12116),.PCURVE_S1.);
#12104 = CIRCLE('',#12105,1.5);
#12105 = AXIS2_PLACEMENT_3D('',#12106,#12107,#12108);
#12106 = CARTESIAN_POINT('',(-33.61728154514,28.309770160258,
    31.054338543228));
#12107 = DIRECTION('',(1.,-0.,0.));
#12108 = DIRECTION('',(0.,0.739008917221,-0.673695643647));
#12109 = PCURVE('',#11741,#12110);
#12110 = DEFINITIONAL_REPRESENTATION('',(#12111),#12115);
#12111 = LINE('',#12112,#12113);
#12112 = CARTESIAN_POINT('',(-0.,0.));
#12113 = VECTOR('',#12114,1.);
#12114 = DIRECTION('',(-1.,0.));
#12115 = ( GEOMETRIC_REPRESENTATION_CONTEXT(2) 
PARAMETRIC_REPRESENTATION_CONTEXT() REPRESENTATION_CONTEXT('2D SPACE',''
  ) );
#12116 = PCURVE('',#11713,#12117);
#12117 = DEFINITIONAL_REPRESENTATION('',(#12118),#12122);
#12118 = CIRCLE('',#12119,1.5);
#12119 = AXIS2_PLACEMENT_2D('',#12120,#12121);
#12120 = CARTESIAN_POINT('',(0.,0.));
#12121 = DIRECTION('',(0.,-1.));
#12122 = ( GEOMETRIC_REPRESENTATION_CONTEXT(2) 
PARAMETRIC_REPRESENTATION_CONTEXT() REPRESENTATION_CONTEXT('2D SPACE',''
  ) );
#12123 = ORIENTED_EDGE('',*,*,#12124,.T.);
#12124 = EDGE_CURVE('',#12101,#11935,#12125,.T.);
#12125 = SURFACE_CURVE('',#12126,(#12130,#12137),.PCURVE_S1.);
#12126 = LINE('',#12127,#12128);
#12127 = CARTESIAN_POINT('',(-33.61728154514,29.418283536089,
    30.043795077758));
#12128 = VECTOR('',#12129,1.);
#12129 = DIRECTION('',(1.,0.,0.));
#12130 = PCURVE('',#11741,#12131);
#12131 = DEFINITIONAL_REPRESENTATION('',(#12132),#12136);
#12132 = LINE('',#12133,#12134);
#12133 = CARTESIAN_POINT('',(-0.,0.));
#12134 = VECTOR('',#12135,1.);
#12135 = DIRECTION('',(-0.,-1.));
#12136 = ( GEOMETRIC_REPRESENTATION_CONTEXT(2) 
PARAMETRIC_REPRESENTATION_CONTEXT() REPRESENTATION_CONTEXT('2D SPACE',''
  ) );
#12137 = PCURVE('',#11951,#12138);
#12138 = DEFINITIONAL_REPRESENTATION('',(#12139),#12143);
#12139 = LINE('',#12140,#12141);
#12140 = CARTESIAN_POINT('',(-6.28318530718,0.));
#12141 = VECTOR('',#12142,1.);
#12142 = DIRECTION('',(-0.,-1.));
#12143 = ( GEOMETRIC_REPRESENTATION_CONTEXT(2) 
PARAMETRIC_REPRESENTATION_CONTEXT() REPRESENTATION_CONTEXT('2D SPACE',''
  ) );
#12144 = ORIENTED_EDGE('',*,*,#11968,.F.);
#12145 = ORIENTED_EDGE('',*,*,#12076,.F.);
#12146 = ORIENTED_EDGE('',*,*,#11759,.T.);
#12147 = ORIENTED_EDGE('',*,*,#12148,.T.);
#12148 = EDGE_CURVE('',#11725,#12149,#12151,.T.);
#12149 = VERTEX_POINT('',#12150);
#12150 = CARTESIAN_POINT('',(-23.61728154514,29.418283536089,
    30.043795077758));
#12151 = SEAM_CURVE('',#12152,(#12156,#12163),.PCURVE_S1.);
#12152 = LINE('',#12153,#12154);
#12153 = CARTESIAN_POINT('',(-33.61728154514,29.418283536089,
    30.043795077758));
#12154 = VECTOR('',#12155,1.);
#12155 = DIRECTION('',(1.,0.,0.));
#12156 = PCURVE('',#11741,#12157);
#12157 = DEFINITIONAL_REPRESENTATION('',(#12158),#12162);
#12158 = LINE('',#12159,#12160);
#12159 = CARTESIAN_POINT('',(-0.,0.));
#12160 = VECTOR('',#12161,1.);
#12161 = DIRECTION('',(-0.,-1.));
#12162 = ( GEOMETRIC_REPRESENTATION_CONTEXT(2) 
PARAMETRIC_REPRESENTATION_CONTEXT() REPRESENTATION_CONTEXT('2D SPACE',''
  ) );
#12163 = PCURVE('',#11741,#12164);
#12164 = DEFINITIONAL_REPRESENTATION('',(#12165),#12169);
#12165 = LINE('',#12166,#12167);
#12166 = CARTESIAN_POINT('',(-6.28318530718,0.));
#12167 = VECTOR('',#12168,1.);
#12168 = DIRECTION('',(-0.,-1.));
#12169 = ( GEOMETRIC_REPRESENTATION_CONTEXT(2) 
PARAMETRIC_REPRESENTATION_CONTEXT() REPRESENTATION_CONTEXT('2D SPACE',''
  ) );
#12170 = ORIENTED_EDGE('',*,*,#12171,.T.);
#12171 = EDGE_CURVE('',#12149,#12149,#12172,.T.);
#12172 = SURFACE_CURVE('',#12173,(#12178,#12185),.PCURVE_S1.);
#12173 = CIRCLE('',#12174,1.5);
#12174 = AXIS2_PLACEMENT_3D('',#12175,#12176,#12177);
#12175 = CARTESIAN_POINT('',(-23.61728154514,28.309770160258,
    31.054338543228));
#12176 = DIRECTION('',(1.,-0.,0.));
#12177 = DIRECTION('',(0.,0.739008917221,-0.673695643647));
#12178 = PCURVE('',#11741,#12179);
#12179 = DEFINITIONAL_REPRESENTATION('',(#12180),#12184);
#12180 = LINE('',#12181,#12182);
#12181 = CARTESIAN_POINT('',(-0.,-10.));
#12182 = VECTOR('',#12183,1.);
#12183 = DIRECTION('',(-1.,0.));
#12184 = ( GEOMETRIC_REPRESENTATION_CONTEXT(2) 
PARAMETRIC_REPRESENTATION_CONTEXT() REPRESENTATION_CONTEXT('2D SPACE',''
  ) );
#12185 = PCURVE('',#12186,#12191);
#12186 = PLANE('',#12187);
#12187 = AXIS2_PLACEMENT_3D('',#12188,#12189,#12190);
#12188 = CARTESIAN_POINT('',(-23.61728154514,28.309770160258,
    31.054338543228));
#12189 = DIRECTION('',(1.,0.,0.));
#12190 = DIRECTION('',(0.,0.673695643647,0.739008917221));
#12191 = DEFINITIONAL_REPRESENTATION('',(#12192),#12196);
#12192 = CIRCLE('',#12193,1.5);
#12193 = AXIS2_PLACEMENT_2D('',#12194,#12195);
#12194 = CARTESIAN_POINT('',(0.,0.));
#12195 = DIRECTION('',(0.,-1.));
#12196 = ( GEOMETRIC_REPRESENTATION_CONTEXT(2) 
PARAMETRIC_REPRESENTATION_CONTEXT() REPRESENTATION_CONTEXT('2D SPACE',''
  ) );
#12197 = ORIENTED_EDGE('',*,*,#12148,.F.);
#12198 = ORIENTED_EDGE('',*,*,#11724,.T.);
#12199 = ADVANCED_FACE('',(#12200),#11713,.F.);
#12200 = FACE_BOUND('',#12201,.F.);
#12201 = EDGE_LOOP('',(#12202,#12224,#12225,#12226,#12227));
#12202 = ORIENTED_EDGE('',*,*,#12203,.T.);
#12203 = EDGE_CURVE('',#11914,#12101,#12204,.T.);
#12204 = SURFACE_CURVE('',#12205,(#12210,#12217),.PCURVE_S1.);
#12205 = CIRCLE('',#12206,1.5);
#12206 = AXIS2_PLACEMENT_3D('',#12207,#12208,#12209);
#12207 = CARTESIAN_POINT('',(-33.61728154514,28.309770160258,
    31.054338543228));
#12208 = DIRECTION('',(1.,-0.,0.));
#12209 = DIRECTION('',(0.,0.739008917221,-0.673695643647));
#12210 = PCURVE('',#11713,#12211);
#12211 = DEFINITIONAL_REPRESENTATION('',(#12212),#12216);
#12212 = CIRCLE('',#12213,1.5);
#12213 = AXIS2_PLACEMENT_2D('',#12214,#12215);
#12214 = CARTESIAN_POINT('',(0.,0.));
#12215 = DIRECTION('',(0.,-1.));
#12216 = ( GEOMETRIC_REPRESENTATION_CONTEXT(2) 
PARAMETRIC_REPRESENTATION_CONTEXT() REPRESENTATION_CONTEXT('2D SPACE',''
  ) );
#12217 = PCURVE('',#11951,#12218);
#12218 = DEFINITIONAL_REPRESENTATION('',(#12219),#12223);
#12219 = LINE('',#12220,#12221);
#12220 = CARTESIAN_POINT('',(-0.,0.));
#12221 = VECTOR('',#12222,1.);
#12222 = DIRECTION('',(-1.,0.));
#12223 = ( GEOMETRIC_REPRESENTATION_CONTEXT(2) 
PARAMETRIC_REPRESENTATION_CONTEXT() REPRESENTATION_CONTEXT('2D SPACE',''
  ) );
#12224 = ORIENTED_EDGE('',*,*,#12100,.T.);
#12225 = ORIENTED_EDGE('',*,*,#11698,.F.);
#12226 = ORIENTED_EDGE('',*,*,#11843,.T.);
#12227 = ORIENTED_EDGE('',*,*,#11913,.T.);
#12228 = ADVANCED_FACE('',(#12229),#11951,.T.);
#12229 = FACE_BOUND('',#12230,.F.);
#12230 = EDGE_LOOP('',(#12231,#12232,#12233));
#12231 = ORIENTED_EDGE('',*,*,#12203,.F.);
#12232 = ORIENTED_EDGE('',*,*,#11934,.F.);
#12233 = ORIENTED_EDGE('',*,*,#12124,.F.);
#12234 = ADVANCED_FACE('',(#12235),#12186,.T.);
#12235 = FACE_BOUND('',#12236,.T.);
#12236 = EDGE_LOOP('',(#12237));
#12237 = ORIENTED_EDGE('',*,*,#12171,.T.);
#12238 = ( GEOMETRIC_REPRESENTATION_CONTEXT(3) 
GLOBAL_UNCERTAINTY_ASSIGNED_CONTEXT((#12242)) 
GLOBAL_UNIT_ASSIGNED_CONTEXT((#12239,#12240,#12241)) 
REPRESENTATION_CONTEXT('Context #1',
  '3D Context with UNIT and UNCERTAINTY') );
#12239 = ( LENGTH_UNIT() NAMED_UNIT(*) SI_UNIT(.MILLI.,.METRE.) );
#12240 = ( NAMED_UNIT(*) PLANE_ANGLE_UNIT() SI_UNIT($,.RADIAN.) );
#12241 = ( NAMED_UNIT(*) SI_UNIT($,.STERADIAN.) SOLID_ANGLE_UNIT() );
#12242 = UNCERTAINTY_MEASURE_WITH_UNIT(LENGTH_MEASURE(1.E-07),#12239,
  'distance_accuracy_value','confusion accuracy');
#12243 = CONTEXT_DEPENDENT_SHAPE_REPRESENTATION(#12244,#12246);
#12244 = ( REPRESENTATION_RELATIONSHIP('','',#11496,#10) 
REPRESENTATION_RELATIONSHIP_WITH_TRANSFORMATION(#12245) 
SHAPE_REPRESENTATION_RELATIONSHIP() );
#12245 = ITEM_DEFINED_TRANSFORMATION('','',#11,#75);
#12246 = PRODUCT_DEFINITION_SHAPE('Placement','Placement of an item',
  #12247);
#12247 = NEXT_ASSEMBLY_USAGE_OCCURRENCE('16','','',#5,#11491,$);
#12248 = PRODUCT_RELATED_PRODUCT_CATEGORY('part',$,(#11493));
#12249 = SHAPE_DEFINITION_REPRESENTATION(#12250,#12256);
#12250 = PRODUCT_DEFINITION_SHAPE('','',#12251);
#12251 = PRODUCT_DEFINITION('design','',#12252,#12255);
#12252 = PRODUCT_DEFINITION_FORMATION('','',#12253);
#12253 = PRODUCT('Open CASCADE STEP translator 7.9 2.17',
  'Open CASCADE STEP translator 7.9 2.17','',(#12254));
#12254 = PRODUCT_CONTEXT('',#2,'mechanical');
#12255 = PRODUCT_DEFINITION_CONTEXT('part definition',#2,'design');
#12256 = ADVANCED_BREP_SHAPE_REPRESENTATION('',(#11,#12257),#12998);
#12257 = MANIFOLD_SOLID_BREP('',#12258);
#12258 = CLOSED_SHELL('',(#12259,#12379,#12574,#12621,#12777,#12804,
    #12831,#12856,#12959,#12988,#12994));
#12259 = ADVANCED_FACE('',(#12260),#12274,.F.);
#12260 = FACE_BOUND('',#12261,.F.);
#12261 = EDGE_LOOP('',(#12262,#12297,#12325,#12353));
#12262 = ORIENTED_EDGE('',*,*,#12263,.F.);
#12263 = EDGE_CURVE('',#12264,#12266,#12268,.T.);
#12264 = VERTEX_POINT('',#12265);
#12265 = CARTESIAN_POINT('',(-40.09559941781,1.283126013014,
    13.02233097957));
#12266 = VERTEX_POINT('',#12267);
#12267 = CARTESIAN_POINT('',(-40.09559941781,12.270335127497,
    41.383586994279));
#12268 = SURFACE_CURVE('',#12269,(#12273,#12285),.PCURVE_S1.);
#12269 = LINE('',#12270,#12271);
#12270 = CARTESIAN_POINT('',(-40.09559941781,1.283126013014,
    13.02233097957));
#12271 = VECTOR('',#12272,1.);
#12272 = DIRECTION('',(0.,0.361241666187,0.932472229404));
#12273 = PCURVE('',#12274,#12279);
#12274 = PLANE('',#12275);
#12275 = AXIS2_PLACEMENT_3D('',#12276,#12277,#12278);
#12276 = CARTESIAN_POINT('',(-40.09559941781,1.283126013014,
    13.02233097957));
#12277 = DIRECTION('',(0.906307787037,0.394079792712,-0.152667325032));
#12278 = DIRECTION('',(0.,0.361241666187,0.932472229404));
#12279 = DEFINITIONAL_REPRESENTATION('',(#12280),#12284);
#12280 = LINE('',#12281,#12282);
#12281 = CARTESIAN_POINT('',(0.,0.));
#12282 = VECTOR('',#12283,1.);
#12283 = DIRECTION('',(1.,0.));
#12284 = ( GEOMETRIC_REPRESENTATION_CONTEXT(2) 
PARAMETRIC_REPRESENTATION_CONTEXT() REPRESENTATION_CONTEXT('2D SPACE',''
  ) );
#12285 = PCURVE('',#12286,#12291);
#12286 = PLANE('',#12287);
#12287 = AXIS2_PLACEMENT_3D('',#12288,#12289,#12290);
#12288 = CARTESIAN_POINT('',(-40.09559941781,1.283126013014,
    13.02233097957));
#12289 = DIRECTION('',(-0.422618261741,0.845106842705,-0.327396135068));
#12290 = DIRECTION('',(0.,0.361241666187,0.932472229404));
#12291 = DEFINITIONAL_REPRESENTATION('',(#12292),#12296);
#12292 = LINE('',#12293,#12294);
#12293 = CARTESIAN_POINT('',(0.,0.));
#12294 = VECTOR('',#12295,1.);
#12295 = DIRECTION('',(1.,0.));
#12296 = ( GEOMETRIC_REPRESENTATION_CONTEXT(2) 
PARAMETRIC_REPRESENTATION_CONTEXT() REPRESENTATION_CONTEXT('2D SPACE',''
  ) );
#12297 = ORIENTED_EDGE('',*,*,#12298,.T.);
#12298 = EDGE_CURVE('',#12264,#12299,#12301,.T.);
#12299 = VERTEX_POINT('',#12300);
#12300 = CARTESIAN_POINT('',(-40.46854044145,2.028893623021,
    12.733419068275));
#12301 = SURFACE_CURVE('',#12302,(#12306,#12313),.PCURVE_S1.);
#12302 = LINE('',#12303,#12304);
#12303 = CARTESIAN_POINT('',(-40.09559941781,1.283126013014,
    13.02233097957));
#12304 = VECTOR('',#12305,1.);
#12305 = DIRECTION('',(-0.422618261741,0.845106842705,-0.327396135068));
#12306 = PCURVE('',#12274,#12307);
#12307 = DEFINITIONAL_REPRESENTATION('',(#12308),#12312);
#12308 = LINE('',#12309,#12310);
#12309 = CARTESIAN_POINT('',(0.,0.));
#12310 = VECTOR('',#12311,1.);
#12311 = DIRECTION('',(0.,-1.));
#12312 = ( GEOMETRIC_REPRESENTATION_CONTEXT(2) 
PARAMETRIC_REPRESENTATION_CONTEXT() REPRESENTATION_CONTEXT('2D SPACE',''
  ) );
#12313 = PCURVE('',#12314,#12319);
#12314 = PLANE('',#12315);
#12315 = AXIS2_PLACEMENT_3D('',#12316,#12317,#12318);
#12316 = CARTESIAN_POINT('',(-40.09559941781,1.283126013014,
    13.02233097957));
#12317 = DIRECTION('',(0.,0.361241666187,0.932472229404));
#12318 = DIRECTION('',(0.906307787037,0.394079792712,-0.152667325032));
#12319 = DEFINITIONAL_REPRESENTATION('',(#12320),#12324);
#12320 = LINE('',#12321,#12322);
#12321 = CARTESIAN_POINT('',(0.,0.));
#12322 = VECTOR('',#12323,1.);
#12323 = DIRECTION('',(6.938893903907E-18,1.));
#12324 = ( GEOMETRIC_REPRESENTATION_CONTEXT(2) 
PARAMETRIC_REPRESENTATION_CONTEXT() REPRESENTATION_CONTEXT('2D SPACE',''
  ) );
#12325 = ORIENTED_EDGE('',*,*,#12326,.T.);
#12326 = EDGE_CURVE('',#12299,#12327,#12329,.T.);
#12327 = VERTEX_POINT('',#12328);
#12328 = CARTESIAN_POINT('',(-40.46854044145,13.016102737504,
    41.094675082983));
#12329 = SURFACE_CURVE('',#12330,(#12334,#12341),.PCURVE_S1.);
#12330 = LINE('',#12331,#12332);
#12331 = CARTESIAN_POINT('',(-40.46854044145,2.028893623021,
    12.733419068275));
#12332 = VECTOR('',#12333,1.);
#12333 = DIRECTION('',(0.,0.361241666187,0.932472229404));
#12334 = PCURVE('',#12274,#12335);
#12335 = DEFINITIONAL_REPRESENTATION('',(#12336),#12340);
#12336 = LINE('',#12337,#12338);
#12337 = CARTESIAN_POINT('',(-5.551115123126E-17,-0.88245364056));
#12338 = VECTOR('',#12339,1.);
#12339 = DIRECTION('',(1.,0.));
#12340 = ( GEOMETRIC_REPRESENTATION_CONTEXT(2) 
PARAMETRIC_REPRESENTATION_CONTEXT() REPRESENTATION_CONTEXT('2D SPACE',''
  ) );
#12341 = PCURVE('',#12342,#12347);
#12342 = PLANE('',#12343);
#12343 = AXIS2_PLACEMENT_3D('',#12344,#12345,#12346);
#12344 = CARTESIAN_POINT('',(-40.46854044145,2.028893623021,
    12.733419068275));
#12345 = DIRECTION('',(-0.422618261741,0.845106842705,-0.327396135068));
#12346 = DIRECTION('',(0.,0.361241666187,0.932472229404));
#12347 = DEFINITIONAL_REPRESENTATION('',(#12348),#12352);
#12348 = LINE('',#12349,#12350);
#12349 = CARTESIAN_POINT('',(0.,0.));
#12350 = VECTOR('',#12351,1.);
#12351 = DIRECTION('',(1.,0.));
#12352 = ( GEOMETRIC_REPRESENTATION_CONTEXT(2) 
PARAMETRIC_REPRESENTATION_CONTEXT() REPRESENTATION_CONTEXT('2D SPACE',''
  ) );
#12353 = ORIENTED_EDGE('',*,*,#12354,.F.);
#12354 = EDGE_CURVE('',#12266,#12327,#12355,.T.);
#12355 = SURFACE_CURVE('',#12356,(#12360,#12367),.PCURVE_S1.);
#12356 = LINE('',#12357,#12358);
#12357 = CARTESIAN_POINT('',(-40.09559941781,12.270335127497,
    41.383586994279));
#12358 = VECTOR('',#12359,1.);
#12359 = DIRECTION('',(-0.422618261741,0.845106842705,-0.327396135068));
#12360 = PCURVE('',#12274,#12361);
#12361 = DEFINITIONAL_REPRESENTATION('',(#12362),#12366);
#12362 = LINE('',#12363,#12364);
#12363 = CARTESIAN_POINT('',(30.415121352005,-1.7763568394E-15));
#12364 = VECTOR('',#12365,1.);
#12365 = DIRECTION('',(0.,-1.));
#12366 = ( GEOMETRIC_REPRESENTATION_CONTEXT(2) 
PARAMETRIC_REPRESENTATION_CONTEXT() REPRESENTATION_CONTEXT('2D SPACE',''
  ) );
#12367 = PCURVE('',#12368,#12373);
#12368 = PLANE('',#12369);
#12369 = AXIS2_PLACEMENT_3D('',#12370,#12371,#12372);
#12370 = CARTESIAN_POINT('',(-40.09559941781,12.270335127497,
    41.383586994279));
#12371 = DIRECTION('',(0.,0.361241666187,0.932472229404));
#12372 = DIRECTION('',(0.906307787037,0.394079792712,-0.152667325032));
#12373 = DEFINITIONAL_REPRESENTATION('',(#12374),#12378);
#12374 = LINE('',#12375,#12376);
#12375 = CARTESIAN_POINT('',(0.,0.));
#12376 = VECTOR('',#12377,1.);
#12377 = DIRECTION('',(6.938893903907E-18,1.));
#12378 = ( GEOMETRIC_REPRESENTATION_CONTEXT(2) 
PARAMETRIC_REPRESENTATION_CONTEXT() REPRESENTATION_CONTEXT('2D SPACE',''
  ) );
#12379 = ADVANCED_FACE('',(#12380),#12286,.F.);
#12380 = FACE_BOUND('',#12381,.F.);
#12381 = EDGE_LOOP('',(#12382,#12412,#12433,#12434,#12457,#12483,#12518,
    #12548));
#12382 = ORIENTED_EDGE('',*,*,#12383,.F.);
#12383 = EDGE_CURVE('',#12384,#12386,#12388,.T.);
#12384 = VERTEX_POINT('',#12385);
#12385 = CARTESIAN_POINT('',(-26.76602264884,7.079078475518,
    10.776967033414));
#12386 = VERTEX_POINT('',#12387);
#12387 = CARTESIAN_POINT('',(-26.76602264884,18.066287590001,
    39.138223048123));
#12388 = SURFACE_CURVE('',#12389,(#12393,#12400),.PCURVE_S1.);
#12389 = LINE('',#12390,#12391);
#12390 = CARTESIAN_POINT('',(-26.76602264884,7.079078475518,
    10.776967033414));
#12391 = VECTOR('',#12392,1.);
#12392 = DIRECTION('',(0.,0.361241666187,0.932472229404));
#12393 = PCURVE('',#12286,#12394);
#12394 = DEFINITIONAL_REPRESENTATION('',(#12395),#12399);
#12395 = LINE('',#12396,#12397);
#12396 = CARTESIAN_POINT('',(4.440892098501E-16,14.707560676003));
#12397 = VECTOR('',#12398,1.);
#12398 = DIRECTION('',(1.,0.));
#12399 = ( GEOMETRIC_REPRESENTATION_CONTEXT(2) 
PARAMETRIC_REPRESENTATION_CONTEXT() REPRESENTATION_CONTEXT('2D SPACE',''
  ) );
#12400 = PCURVE('',#12401,#12406);
#12401 = PLANE('',#12402);
#12402 = AXIS2_PLACEMENT_3D('',#12403,#12404,#12405);
#12403 = CARTESIAN_POINT('',(-26.76602264884,7.079078475518,
    10.776967033414));
#12404 = DIRECTION('',(0.906307787037,0.394079792712,-0.152667325032));
#12405 = DIRECTION('',(0.,0.361241666187,0.932472229404));
#12406 = DEFINITIONAL_REPRESENTATION('',(#12407),#12411);
#12407 = LINE('',#12408,#12409);
#12408 = CARTESIAN_POINT('',(0.,0.));
#12409 = VECTOR('',#12410,1.);
#12410 = DIRECTION('',(1.,0.));
#12411 = ( GEOMETRIC_REPRESENTATION_CONTEXT(2) 
PARAMETRIC_REPRESENTATION_CONTEXT() REPRESENTATION_CONTEXT('2D SPACE',''
  ) );
#12412 = ORIENTED_EDGE('',*,*,#12413,.F.);
#12413 = EDGE_CURVE('',#12264,#12384,#12414,.T.);
#12414 = SURFACE_CURVE('',#12415,(#12419,#12426),.PCURVE_S1.);
#12415 = LINE('',#12416,#12417);
#12416 = CARTESIAN_POINT('',(-40.09559941781,1.283126013014,
    13.02233097957));
#12417 = VECTOR('',#12418,1.);
#12418 = DIRECTION('',(0.906307787037,0.394079792712,-0.152667325032));
#12419 = PCURVE('',#12286,#12420);
#12420 = DEFINITIONAL_REPRESENTATION('',(#12421),#12425);
#12421 = LINE('',#12422,#12423);
#12422 = CARTESIAN_POINT('',(0.,0.));
#12423 = VECTOR('',#12424,1.);
#12424 = DIRECTION('',(0.,1.));
#12425 = ( GEOMETRIC_REPRESENTATION_CONTEXT(2) 
PARAMETRIC_REPRESENTATION_CONTEXT() REPRESENTATION_CONTEXT('2D SPACE',''
  ) );
#12426 = PCURVE('',#12314,#12427);
#12427 = DEFINITIONAL_REPRESENTATION('',(#12428),#12432);
#12428 = LINE('',#12429,#12430);
#12429 = CARTESIAN_POINT('',(0.,0.));
#12430 = VECTOR('',#12431,1.);
#12431 = DIRECTION('',(1.,6.938893903907E-18));
#12432 = ( GEOMETRIC_REPRESENTATION_CONTEXT(2) 
PARAMETRIC_REPRESENTATION_CONTEXT() REPRESENTATION_CONTEXT('2D SPACE',''
  ) );
#12433 = ORIENTED_EDGE('',*,*,#12263,.T.);
#12434 = ORIENTED_EDGE('',*,*,#12435,.T.);
#12435 = EDGE_CURVE('',#12266,#12436,#12438,.T.);
#12436 = VERTEX_POINT('',#12437);
#12437 = CARTESIAN_POINT('',(-33.61728154514,15.087230448162,
    40.292315933304));
#12438 = SURFACE_CURVE('',#12439,(#12443,#12450),.PCURVE_S1.);
#12439 = LINE('',#12440,#12441);
#12440 = CARTESIAN_POINT('',(-40.09559941781,12.270335127497,
    41.383586994279));
#12441 = VECTOR('',#12442,1.);
#12442 = DIRECTION('',(0.906307787037,0.394079792712,-0.152667325032));
#12443 = PCURVE('',#12286,#12444);
#12444 = DEFINITIONAL_REPRESENTATION('',(#12445),#12449);
#12445 = LINE('',#12446,#12447);
#12446 = CARTESIAN_POINT('',(30.415121352005,0.));
#12447 = VECTOR('',#12448,1.);
#12448 = DIRECTION('',(0.,1.));
#12449 = ( GEOMETRIC_REPRESENTATION_CONTEXT(2) 
PARAMETRIC_REPRESENTATION_CONTEXT() REPRESENTATION_CONTEXT('2D SPACE',''
  ) );
#12450 = PCURVE('',#12368,#12451);
#12451 = DEFINITIONAL_REPRESENTATION('',(#12452),#12456);
#12452 = LINE('',#12453,#12454);
#12453 = CARTESIAN_POINT('',(0.,0.));
#12454 = VECTOR('',#12455,1.);
#12455 = DIRECTION('',(1.,6.938893903907E-18));
#12456 = ( GEOMETRIC_REPRESENTATION_CONTEXT(2) 
PARAMETRIC_REPRESENTATION_CONTEXT() REPRESENTATION_CONTEXT('2D SPACE',''
  ) );
#12457 = ORIENTED_EDGE('',*,*,#12458,.T.);
#12458 = EDGE_CURVE('',#12436,#12459,#12461,.T.);
#12459 = VERTEX_POINT('',#12460);
#12460 = CARTESIAN_POINT('',(-33.61728154514,14.21345994088,
    38.036854259923));
#12461 = SURFACE_CURVE('',#12462,(#12466,#12472),.PCURVE_S1.);
#12462 = LINE('',#12463,#12464);
#12463 = CARTESIAN_POINT('',(-33.61728154514,9.413005057827,
    25.645451811247));
#12464 = VECTOR('',#12465,1.);
#12465 = DIRECTION('',(0.,-0.361241666187,-0.932472229404));
#12466 = PCURVE('',#12286,#12467);
#12467 = DEFINITIONAL_REPRESENTATION('',(#12468),#12471);
#12468 = B_SPLINE_CURVE_WITH_KNOTS('',1,(#12469,#12470),.UNSPECIFIED.,
  .F.,.F.,(2,2),(-15.707560676,-13.207560676),.PIECEWISE_BEZIER_KNOTS.);
#12469 = CARTESIAN_POINT('',(30.415121352005,7.148032892721));
#12470 = CARTESIAN_POINT('',(27.915121352005,7.148032892721));
#12471 = ( GEOMETRIC_REPRESENTATION_CONTEXT(2) 
PARAMETRIC_REPRESENTATION_CONTEXT() REPRESENTATION_CONTEXT('2D SPACE',''
  ) );
#12472 = PCURVE('',#12473,#12478);
#12473 = PLANE('',#12474);
#12474 = AXIS2_PLACEMENT_3D('',#12475,#12476,#12477);
#12475 = CARTESIAN_POINT('',(-33.61728154514,15.179953497565,
    39.183976836148));
#12476 = DIRECTION('',(1.,0.,0.));
#12477 = DIRECTION('',(0.,0.361241666187,0.932472229404));
#12478 = DEFINITIONAL_REPRESENTATION('',(#12479),#12482);
#12479 = B_SPLINE_CURVE_WITH_KNOTS('',1,(#12480,#12481),.UNSPECIFIED.,
  .F.,.F.,(2,2),(-15.707560676,-13.207560676),.PIECEWISE_BEZIER_KNOTS.);
#12480 = CARTESIAN_POINT('',(1.,0.486839930751));
#12481 = CARTESIAN_POINT('',(-1.5,0.486839930751));
#12482 = ( GEOMETRIC_REPRESENTATION_CONTEXT(2) 
PARAMETRIC_REPRESENTATION_CONTEXT() REPRESENTATION_CONTEXT('2D SPACE',''
  ) );
#12483 = ORIENTED_EDGE('',*,*,#12484,.F.);
#12484 = EDGE_CURVE('',#12485,#12459,#12487,.T.);
#12485 = VERTEX_POINT('',#12486);
#12486 = CARTESIAN_POINT('',(-29.3564895637,16.578661841672,
    38.642114336868));
#12487 = SURFACE_CURVE('',#12488,(#12493,#12500),.PCURVE_S1.);
#12488 = ELLIPSE('',#12489,3.549302374729,1.5);
#12489 = AXIS2_PLACEMENT_3D('',#12490,#12491,#12492);
#12490 = CARTESIAN_POINT('',(-32.57324994447,15.179953497565,
    39.183976836148));
#12491 = DIRECTION('',(-0.422618261741,0.845106842705,-0.327396135068));
#12492 = DIRECTION('',(-0.906307787037,-0.394079792712,0.152667325032));
#12493 = PCURVE('',#12286,#12494);
#12494 = DEFINITIONAL_REPRESENTATION('',(#12495),#12499);
#12495 = ELLIPSE('',#12496,3.549302374729,1.5);
#12496 = AXIS2_PLACEMENT_2D('',#12497,#12498);
#12497 = CARTESIAN_POINT('',(29.415121352005,8.299994307606));
#12498 = DIRECTION('',(2.775557561563E-17,-1.));
#12499 = ( GEOMETRIC_REPRESENTATION_CONTEXT(2) 
PARAMETRIC_REPRESENTATION_CONTEXT() REPRESENTATION_CONTEXT('2D SPACE',''
  ) );
#12500 = PCURVE('',#12501,#12506);
#12501 = CYLINDRICAL_SURFACE('',#12502,1.5);
#12502 = AXIS2_PLACEMENT_3D('',#12503,#12504,#12505);
#12503 = CARTESIAN_POINT('',(-33.61728154514,15.179953497565,
    39.183976836148));
#12504 = DIRECTION('',(-1.,-0.,0.));
#12505 = DIRECTION('',(0.,0.932472229404,-0.361241666187));
#12506 = DEFINITIONAL_REPRESENTATION('',(#12507),#12517);
#12507 = B_SPLINE_CURVE_WITH_KNOTS('',8,(#12508,#12509,#12510,#12511,
    #12512,#12513,#12514,#12515,#12516),.UNSPECIFIED.,.F.,.F.,(9,9),(
    3.14159265359,5.042935637106),.PIECEWISE_BEZIER_KNOTS.);
#12508 = CARTESIAN_POINT('',(-6.28318530718,-4.26079198144));
#12509 = CARTESIAN_POINT('',(-6.04551743424,-4.26079198144));
#12510 = CARTESIAN_POINT('',(-5.807849561301,-4.053131704457));
#12511 = CARTESIAN_POINT('',(-5.570181688362,-3.637818874999));
#12512 = CARTESIAN_POINT('',(-5.332513815424,-3.039844771438));
#12513 = CARTESIAN_POINT('',(-5.094845942482,-2.309344507423));
#12514 = CARTESIAN_POINT('',(-4.857178069543,-1.513664959144));
#12515 = CARTESIAN_POINT('',(-4.619510196603,-0.72313272222));
#12516 = CARTESIAN_POINT('',(-4.381842323664,5.999999999062E-07));
#12517 = ( GEOMETRIC_REPRESENTATION_CONTEXT(2) 
PARAMETRIC_REPRESENTATION_CONTEXT() REPRESENTATION_CONTEXT('2D SPACE',''
  ) );
#12518 = ORIENTED_EDGE('',*,*,#12519,.F.);
#12519 = EDGE_CURVE('',#12520,#12485,#12522,.T.);
#12520 = VERTEX_POINT('',#12521);
#12521 = CARTESIAN_POINT('',(-30.17561831823,16.583730809792,
    39.712568604603));
#12522 = SURFACE_CURVE('',#12523,(#12528,#12535),.PCURVE_S1.);
#12523 = ELLIPSE('',#12524,3.549302374729,1.5);
#12524 = AXIS2_PLACEMENT_3D('',#12525,#12526,#12527);
#12525 = CARTESIAN_POINT('',(-32.57324994447,15.179953497565,
    39.183976836148));
#12526 = DIRECTION('',(-0.422618261741,0.845106842705,-0.327396135068));
#12527 = DIRECTION('',(-0.906307787037,-0.394079792712,0.152667325032));
#12528 = PCURVE('',#12286,#12529);
#12529 = DEFINITIONAL_REPRESENTATION('',(#12530),#12534);
#12530 = ELLIPSE('',#12531,3.549302374729,1.5);
#12531 = AXIS2_PLACEMENT_2D('',#12532,#12533);
#12532 = CARTESIAN_POINT('',(29.415121352005,8.299994307606));
#12533 = DIRECTION('',(2.775557561563E-17,-1.));
#12534 = ( GEOMETRIC_REPRESENTATION_CONTEXT(2) 
PARAMETRIC_REPRESENTATION_CONTEXT() REPRESENTATION_CONTEXT('2D SPACE',''
  ) );
#12535 = PCURVE('',#12501,#12536);
#12536 = DEFINITIONAL_REPRESENTATION('',(#12537),#12547);
#12537 = B_SPLINE_CURVE_WITH_KNOTS('',8,(#12538,#12539,#12540,#12541,
    #12542,#12543,#12544,#12545,#12546),.UNSPECIFIED.,.F.,.F.,(9,9),(
    1.240249670074,3.14159265359),.PIECEWISE_BEZIER_KNOTS.);
#12538 = CARTESIAN_POINT('',(-1.901342983516,5.999999999062E-07));
#12539 = CARTESIAN_POINT('',(-1.663675110576,-0.72313272222));
#12540 = CARTESIAN_POINT('',(-1.426007237637,-1.513664959146));
#12541 = CARTESIAN_POINT('',(-1.188339364694,-2.309344507416));
#12542 = CARTESIAN_POINT('',(-0.950671491763,-3.039844771471));
#12543 = CARTESIAN_POINT('',(-0.713003618818,-3.637818874988));
#12544 = CARTESIAN_POINT('',(-0.47533574588,-4.05313170446));
#12545 = CARTESIAN_POINT('',(-0.237667872939,-4.26079198144));
#12546 = CARTESIAN_POINT('',(0.,-4.26079198144));
#12547 = ( GEOMETRIC_REPRESENTATION_CONTEXT(2) 
PARAMETRIC_REPRESENTATION_CONTEXT() REPRESENTATION_CONTEXT('2D SPACE',''
  ) );
#12548 = ORIENTED_EDGE('',*,*,#12549,.T.);
#12549 = EDGE_CURVE('',#12520,#12386,#12550,.T.);
#12550 = SURFACE_CURVE('',#12551,(#12555,#12562),.PCURVE_S1.);
#12551 = LINE('',#12552,#12553);
#12552 = CARTESIAN_POINT('',(-40.09559941781,12.270335127497,
    41.383586994279));
#12553 = VECTOR('',#12554,1.);
#12554 = DIRECTION('',(0.906307787037,0.394079792712,-0.152667325032));
#12555 = PCURVE('',#12286,#12556);
#12556 = DEFINITIONAL_REPRESENTATION('',(#12557),#12561);
#12557 = LINE('',#12558,#12559);
#12558 = CARTESIAN_POINT('',(30.415121352005,0.));
#12559 = VECTOR('',#12560,1.);
#12560 = DIRECTION('',(0.,1.));
#12561 = ( GEOMETRIC_REPRESENTATION_CONTEXT(2) 
PARAMETRIC_REPRESENTATION_CONTEXT() REPRESENTATION_CONTEXT('2D SPACE',''
  ) );
#12562 = PCURVE('',#12563,#12568);
#12563 = PLANE('',#12564);
#12564 = AXIS2_PLACEMENT_3D('',#12565,#12566,#12567);
#12565 = CARTESIAN_POINT('',(-40.09559941781,12.270335127497,
    41.383586994279));
#12566 = DIRECTION('',(0.,0.361241666187,0.932472229404));
#12567 = DIRECTION('',(0.906307787037,0.394079792712,-0.152667325032));
#12568 = DEFINITIONAL_REPRESENTATION('',(#12569),#12573);
#12569 = LINE('',#12570,#12571);
#12570 = CARTESIAN_POINT('',(0.,0.));
#12571 = VECTOR('',#12572,1.);
#12572 = DIRECTION('',(1.,6.938893903907E-18));
#12573 = ( GEOMETRIC_REPRESENTATION_CONTEXT(2) 
PARAMETRIC_REPRESENTATION_CONTEXT() REPRESENTATION_CONTEXT('2D SPACE',''
  ) );
#12574 = ADVANCED_FACE('',(#12575),#12368,.T.);
#12575 = FACE_BOUND('',#12576,.T.);
#12576 = EDGE_LOOP('',(#12577,#12600,#12601,#12602));
#12577 = ORIENTED_EDGE('',*,*,#12578,.F.);
#12578 = EDGE_CURVE('',#12327,#12579,#12581,.T.);
#12579 = VERTEX_POINT('',#12580);
#12580 = CARTESIAN_POINT('',(-33.61728154514,15.995159879343,
    39.940582197802));
#12581 = SURFACE_CURVE('',#12582,(#12586,#12593),.PCURVE_S1.);
#12582 = LINE('',#12583,#12584);
#12583 = CARTESIAN_POINT('',(-40.46854044145,13.016102737504,
    41.094675082983));
#12584 = VECTOR('',#12585,1.);
#12585 = DIRECTION('',(0.906307787037,0.394079792712,-0.152667325032));
#12586 = PCURVE('',#12368,#12587);
#12587 = DEFINITIONAL_REPRESENTATION('',(#12588),#12592);
#12588 = LINE('',#12589,#12590);
#12589 = CARTESIAN_POINT('',(-2.733924198139E-15,0.88245364056));
#12590 = VECTOR('',#12591,1.);
#12591 = DIRECTION('',(1.,6.938893903907E-18));
#12592 = ( GEOMETRIC_REPRESENTATION_CONTEXT(2) 
PARAMETRIC_REPRESENTATION_CONTEXT() REPRESENTATION_CONTEXT('2D SPACE',''
  ) );
#12593 = PCURVE('',#12342,#12594);
#12594 = DEFINITIONAL_REPRESENTATION('',(#12595),#12599);
#12595 = LINE('',#12596,#12597);
#12596 = CARTESIAN_POINT('',(30.415121352005,0.));
#12597 = VECTOR('',#12598,1.);
#12598 = DIRECTION('',(0.,1.));
#12599 = ( GEOMETRIC_REPRESENTATION_CONTEXT(2) 
PARAMETRIC_REPRESENTATION_CONTEXT() REPRESENTATION_CONTEXT('2D SPACE',''
  ) );
#12600 = ORIENTED_EDGE('',*,*,#12354,.F.);
#12601 = ORIENTED_EDGE('',*,*,#12435,.T.);
#12602 = ORIENTED_EDGE('',*,*,#12603,.T.);
#12603 = EDGE_CURVE('',#12436,#12579,#12604,.T.);
#12604 = SURFACE_CURVE('',#12605,(#12609,#12615),.PCURVE_S1.);
#12605 = LINE('',#12606,#12607);
#12606 = CARTESIAN_POINT('',(-33.61728154514,13.905765145625,
    40.750018029916));
#12607 = VECTOR('',#12608,1.);
#12608 = DIRECTION('',(0.,0.932472229404,-0.361241666187));
#12609 = PCURVE('',#12368,#12610);
#12610 = DEFINITIONAL_REPRESENTATION('',(#12611),#12614);
#12611 = B_SPLINE_CURVE_WITH_KNOTS('',1,(#12612,#12613),.UNSPECIFIED.,
  .F.,.F.,(2,2),(1.267024652618,2.24070451412),
  .PIECEWISE_BEZIER_KNOTS.);
#12612 = CARTESIAN_POINT('',(7.148032892721,0.));
#12613 = CARTESIAN_POINT('',(7.559527783281,0.88245364056));
#12614 = ( GEOMETRIC_REPRESENTATION_CONTEXT(2) 
PARAMETRIC_REPRESENTATION_CONTEXT() REPRESENTATION_CONTEXT('2D SPACE',''
  ) );
#12615 = PCURVE('',#12473,#12616);
#12616 = DEFINITIONAL_REPRESENTATION('',(#12617),#12620);
#12617 = B_SPLINE_CURVE_WITH_KNOTS('',1,(#12618,#12619),.UNSPECIFIED.,
  .F.,.F.,(2,2),(1.267024652618,2.24070451412),
  .PIECEWISE_BEZIER_KNOTS.);
#12618 = CARTESIAN_POINT('',(1.,0.486839930751));
#12619 = CARTESIAN_POINT('',(1.,-0.486839930751));
#12620 = ( GEOMETRIC_REPRESENTATION_CONTEXT(2) 
PARAMETRIC_REPRESENTATION_CONTEXT() REPRESENTATION_CONTEXT('2D SPACE',''
  ) );
#12621 = ADVANCED_FACE('',(#12622),#12342,.T.);
#12622 = FACE_BOUND('',#12623,.T.);
#12623 = EDGE_LOOP('',(#12624,#12649,#12670,#12671,#12672,#12693,#12727,
    #12756));
#12624 = ORIENTED_EDGE('',*,*,#12625,.F.);
#12625 = EDGE_CURVE('',#12626,#12628,#12630,.T.);
#12626 = VERTEX_POINT('',#12627);
#12627 = CARTESIAN_POINT('',(-27.13896367248,7.824846085525,
    10.488055122119));
#12628 = VERTEX_POINT('',#12629);
#12629 = CARTESIAN_POINT('',(-27.13896367248,18.812055200007,
    38.849311136827));
#12630 = SURFACE_CURVE('',#12631,(#12635,#12642),.PCURVE_S1.);
#12631 = LINE('',#12632,#12633);
#12632 = CARTESIAN_POINT('',(-27.13896367248,7.824846085525,
    10.488055122119));
#12633 = VECTOR('',#12634,1.);
#12634 = DIRECTION('',(0.,0.361241666187,0.932472229404));
#12635 = PCURVE('',#12342,#12636);
#12636 = DEFINITIONAL_REPRESENTATION('',(#12637),#12641);
#12637 = LINE('',#12638,#12639);
#12638 = CARTESIAN_POINT('',(4.440892098501E-16,14.707560676003));
#12639 = VECTOR('',#12640,1.);
#12640 = DIRECTION('',(1.,0.));
#12641 = ( GEOMETRIC_REPRESENTATION_CONTEXT(2) 
PARAMETRIC_REPRESENTATION_CONTEXT() REPRESENTATION_CONTEXT('2D SPACE',''
  ) );
#12642 = PCURVE('',#12401,#12643);
#12643 = DEFINITIONAL_REPRESENTATION('',(#12644),#12648);
#12644 = LINE('',#12645,#12646);
#12645 = CARTESIAN_POINT('',(-5.551115123126E-17,-0.88245364056));
#12646 = VECTOR('',#12647,1.);
#12647 = DIRECTION('',(1.,0.));
#12648 = ( GEOMETRIC_REPRESENTATION_CONTEXT(2) 
PARAMETRIC_REPRESENTATION_CONTEXT() REPRESENTATION_CONTEXT('2D SPACE',''
  ) );
#12649 = ORIENTED_EDGE('',*,*,#12650,.F.);
#12650 = EDGE_CURVE('',#12299,#12626,#12651,.T.);
#12651 = SURFACE_CURVE('',#12652,(#12656,#12663),.PCURVE_S1.);
#12652 = LINE('',#12653,#12654);
#12653 = CARTESIAN_POINT('',(-40.46854044145,2.028893623021,
    12.733419068275));
#12654 = VECTOR('',#12655,1.);
#12655 = DIRECTION('',(0.906307787037,0.394079792712,-0.152667325032));
#12656 = PCURVE('',#12342,#12657);
#12657 = DEFINITIONAL_REPRESENTATION('',(#12658),#12662);
#12658 = LINE('',#12659,#12660);
#12659 = CARTESIAN_POINT('',(0.,0.));
#12660 = VECTOR('',#12661,1.);
#12661 = DIRECTION('',(0.,1.));
#12662 = ( GEOMETRIC_REPRESENTATION_CONTEXT(2) 
PARAMETRIC_REPRESENTATION_CONTEXT() REPRESENTATION_CONTEXT('2D SPACE',''
  ) );
#12663 = PCURVE('',#12314,#12664);
#12664 = DEFINITIONAL_REPRESENTATION('',(#12665),#12669);
#12665 = LINE('',#12666,#12667);
#12666 = CARTESIAN_POINT('',(-2.400857290752E-15,0.88245364056));
#12667 = VECTOR('',#12668,1.);
#12668 = DIRECTION('',(1.,6.938893903907E-18));
#12669 = ( GEOMETRIC_REPRESENTATION_CONTEXT(2) 
PARAMETRIC_REPRESENTATION_CONTEXT() REPRESENTATION_CONTEXT('2D SPACE',''
  ) );
#12670 = ORIENTED_EDGE('',*,*,#12326,.T.);
#12671 = ORIENTED_EDGE('',*,*,#12578,.T.);
#12672 = ORIENTED_EDGE('',*,*,#12673,.T.);
#12673 = EDGE_CURVE('',#12579,#12674,#12676,.T.);
#12674 = VERTEX_POINT('',#12675);
#12675 = CARTESIAN_POINT('',(-33.61728154514,15.121389372061,
    37.685120524421));
#12676 = SURFACE_CURVE('',#12677,(#12681,#12687),.PCURVE_S1.);
#12677 = LINE('',#12678,#12679);
#12678 = CARTESIAN_POINT('',(-33.61728154514,10.320934489008,
    25.293718075746));
#12679 = VECTOR('',#12680,1.);
#12680 = DIRECTION('',(0.,-0.361241666187,-0.932472229404));
#12681 = PCURVE('',#12342,#12682);
#12682 = DEFINITIONAL_REPRESENTATION('',(#12683),#12686);
#12683 = B_SPLINE_CURVE_WITH_KNOTS('',1,(#12684,#12685),.UNSPECIFIED.,
  .F.,.F.,(2,2),(-15.707560676,-13.207560676),.PIECEWISE_BEZIER_KNOTS.);
#12684 = CARTESIAN_POINT('',(30.415121352005,7.559527783281));
#12685 = CARTESIAN_POINT('',(27.915121352005,7.559527783281));
#12686 = ( GEOMETRIC_REPRESENTATION_CONTEXT(2) 
PARAMETRIC_REPRESENTATION_CONTEXT() REPRESENTATION_CONTEXT('2D SPACE',''
  ) );
#12687 = PCURVE('',#12473,#12688);
#12688 = DEFINITIONAL_REPRESENTATION('',(#12689),#12692);
#12689 = B_SPLINE_CURVE_WITH_KNOTS('',1,(#12690,#12691),.UNSPECIFIED.,
  .F.,.F.,(2,2),(-15.707560676,-13.207560676),.PIECEWISE_BEZIER_KNOTS.);
#12690 = CARTESIAN_POINT('',(1.,-0.486839930751));
#12691 = CARTESIAN_POINT('',(-1.5,-0.486839930751));
#12692 = ( GEOMETRIC_REPRESENTATION_CONTEXT(2) 
PARAMETRIC_REPRESENTATION_CONTEXT() REPRESENTATION_CONTEXT('2D SPACE',''
  ) );
#12693 = ORIENTED_EDGE('',*,*,#12694,.F.);
#12694 = EDGE_CURVE('',#12695,#12674,#12697,.T.);
#12695 = VERTEX_POINT('',#12696);
#12696 = CARTESIAN_POINT('',(-31.44455276506,16.578661841672,
    38.642114336868));
#12697 = SURFACE_CURVE('',#12698,(#12703,#12710),.PCURVE_S1.);
#12698 = ELLIPSE('',#12699,3.549302374729,1.5);
#12699 = AXIS2_PLACEMENT_3D('',#12700,#12701,#12702);
#12700 = CARTESIAN_POINT('',(-34.66131314582,15.179953497565,
    39.183976836148));
#12701 = DIRECTION('',(-0.422618261741,0.845106842705,-0.327396135068));
#12702 = DIRECTION('',(-0.906307787037,-0.394079792712,0.152667325032));
#12703 = PCURVE('',#12342,#12704);
#12704 = DEFINITIONAL_REPRESENTATION('',(#12705),#12709);
#12705 = ELLIPSE('',#12706,3.549302374729,1.5);
#12706 = AXIS2_PLACEMENT_2D('',#12707,#12708);
#12707 = CARTESIAN_POINT('',(29.415121352005,6.407566368396));
#12708 = DIRECTION('',(2.775557561563E-17,-1.));
#12709 = ( GEOMETRIC_REPRESENTATION_CONTEXT(2) 
PARAMETRIC_REPRESENTATION_CONTEXT() REPRESENTATION_CONTEXT('2D SPACE',''
  ) );
#12710 = PCURVE('',#12711,#12716);
#12711 = CYLINDRICAL_SURFACE('',#12712,1.5);
#12712 = AXIS2_PLACEMENT_3D('',#12713,#12714,#12715);
#12713 = CARTESIAN_POINT('',(-33.61728154514,15.179953497565,
    39.183976836148));
#12714 = DIRECTION('',(-1.,-0.,0.));
#12715 = DIRECTION('',(0.,0.932472229404,-0.361241666187));
#12716 = DEFINITIONAL_REPRESENTATION('',(#12717),#12726);
#12717 = B_SPLINE_CURVE_WITH_KNOTS('',7,(#12718,#12719,#12720,#12721,
    #12722,#12723,#12724,#12725),.UNSPECIFIED.,.F.,.F.,(8,8),(
    3.14159265359,4.38184271806),.PIECEWISE_BEZIER_KNOTS.);
#12718 = CARTESIAN_POINT('',(-6.28318530718,-2.172728780088));
#12719 = CARTESIAN_POINT('',(-6.106006726541,-2.172728780088));
#12720 = CARTESIAN_POINT('',(-5.928828145902,-2.054916646473));
#12721 = CARTESIAN_POINT('',(-5.751649565263,-1.819297034843));
#12722 = CARTESIAN_POINT('',(-5.574470984625,-1.474912375582));
#12723 = CARTESIAN_POINT('',(-5.397292403986,-1.039936753646));
#12724 = CARTESIAN_POINT('',(-5.220113823348,-0.539086788624));
#12725 = CARTESIAN_POINT('',(-5.042935242709,5.999999999062E-07));
#12726 = ( GEOMETRIC_REPRESENTATION_CONTEXT(2) 
PARAMETRIC_REPRESENTATION_CONTEXT() REPRESENTATION_CONTEXT('2D SPACE',''
  ) );
#12727 = ORIENTED_EDGE('',*,*,#12728,.F.);
#12728 = EDGE_CURVE('',#12729,#12695,#12731,.T.);
#12729 = VERTEX_POINT('',#12730);
#12730 = CARTESIAN_POINT('',(-32.26368151958,16.583730809792,
    39.712568604603));
#12731 = SURFACE_CURVE('',#12732,(#12737,#12744),.PCURVE_S1.);
#12732 = ELLIPSE('',#12733,3.549302374729,1.5);
#12733 = AXIS2_PLACEMENT_3D('',#12734,#12735,#12736);
#12734 = CARTESIAN_POINT('',(-34.66131314582,15.179953497565,
    39.183976836148));
#12735 = DIRECTION('',(-0.422618261741,0.845106842705,-0.327396135068));
#12736 = DIRECTION('',(-0.906307787037,-0.394079792712,0.152667325032));
#12737 = PCURVE('',#12342,#12738);
#12738 = DEFINITIONAL_REPRESENTATION('',(#12739),#12743);
#12739 = ELLIPSE('',#12740,3.549302374729,1.5);
#12740 = AXIS2_PLACEMENT_2D('',#12741,#12742);
#12741 = CARTESIAN_POINT('',(29.415121352005,6.407566368396));
#12742 = DIRECTION('',(2.775557561563E-17,-1.));
#12743 = ( GEOMETRIC_REPRESENTATION_CONTEXT(2) 
PARAMETRIC_REPRESENTATION_CONTEXT() REPRESENTATION_CONTEXT('2D SPACE',''
  ) );
#12744 = PCURVE('',#12501,#12745);
#12745 = DEFINITIONAL_REPRESENTATION('',(#12746),#12755);
#12746 = B_SPLINE_CURVE_WITH_KNOTS('',7,(#12747,#12748,#12749,#12750,
    #12751,#12752,#12753,#12754),.UNSPECIFIED.,.F.,.F.,(8,8),(
    1.901342589119,3.14159265359),.PIECEWISE_BEZIER_KNOTS.);
#12747 = CARTESIAN_POINT('',(-1.240250064471,5.999999928008E-07));
#12748 = CARTESIAN_POINT('',(-1.063071483832,-0.539086788624));
#12749 = CARTESIAN_POINT('',(-0.885892903193,-1.039936753646));
#12750 = CARTESIAN_POINT('',(-0.708714322554,-1.474912375583));
#12751 = CARTESIAN_POINT('',(-0.531535741916,-1.819297034843));
#12752 = CARTESIAN_POINT('',(-0.354357161277,-2.054916646473));
#12753 = CARTESIAN_POINT('',(-0.177178580639,-2.172728780088));
#12754 = CARTESIAN_POINT('',(0.,-2.172728780088));
#12755 = ( GEOMETRIC_REPRESENTATION_CONTEXT(2) 
PARAMETRIC_REPRESENTATION_CONTEXT() REPRESENTATION_CONTEXT('2D SPACE',''
  ) );
#12756 = ORIENTED_EDGE('',*,*,#12757,.T.);
#12757 = EDGE_CURVE('',#12729,#12628,#12758,.T.);
#12758 = SURFACE_CURVE('',#12759,(#12763,#12770),.PCURVE_S1.);
#12759 = LINE('',#12760,#12761);
#12760 = CARTESIAN_POINT('',(-40.46854044145,13.016102737504,
    41.094675082983));
#12761 = VECTOR('',#12762,1.);
#12762 = DIRECTION('',(0.906307787037,0.394079792712,-0.152667325032));
#12763 = PCURVE('',#12342,#12764);
#12764 = DEFINITIONAL_REPRESENTATION('',(#12765),#12769);
#12765 = LINE('',#12766,#12767);
#12766 = CARTESIAN_POINT('',(30.415121352005,0.));
#12767 = VECTOR('',#12768,1.);
#12768 = DIRECTION('',(0.,1.));
#12769 = ( GEOMETRIC_REPRESENTATION_CONTEXT(2) 
PARAMETRIC_REPRESENTATION_CONTEXT() REPRESENTATION_CONTEXT('2D SPACE',''
  ) );
#12770 = PCURVE('',#12563,#12771);
#12771 = DEFINITIONAL_REPRESENTATION('',(#12772),#12776);
#12772 = LINE('',#12773,#12774);
#12773 = CARTESIAN_POINT('',(-2.733924198139E-15,0.88245364056));
#12774 = VECTOR('',#12775,1.);
#12775 = DIRECTION('',(1.,6.938893903907E-18));
#12776 = ( GEOMETRIC_REPRESENTATION_CONTEXT(2) 
PARAMETRIC_REPRESENTATION_CONTEXT() REPRESENTATION_CONTEXT('2D SPACE',''
  ) );
#12777 = ADVANCED_FACE('',(#12778),#12314,.F.);
#12778 = FACE_BOUND('',#12779,.F.);
#12779 = EDGE_LOOP('',(#12780,#12781,#12782,#12803));
#12780 = ORIENTED_EDGE('',*,*,#12298,.F.);
#12781 = ORIENTED_EDGE('',*,*,#12413,.T.);
#12782 = ORIENTED_EDGE('',*,*,#12783,.T.);
#12783 = EDGE_CURVE('',#12384,#12626,#12784,.T.);
#12784 = SURFACE_CURVE('',#12785,(#12789,#12796),.PCURVE_S1.);
#12785 = LINE('',#12786,#12787);
#12786 = CARTESIAN_POINT('',(-26.76602264884,7.079078475518,
    10.776967033414));
#12787 = VECTOR('',#12788,1.);
#12788 = DIRECTION('',(-0.422618261741,0.845106842705,-0.327396135068));
#12789 = PCURVE('',#12314,#12790);
#12790 = DEFINITIONAL_REPRESENTATION('',(#12791),#12795);
#12791 = LINE('',#12792,#12793);
#12792 = CARTESIAN_POINT('',(14.707560676003,-3.330669073875E-16));
#12793 = VECTOR('',#12794,1.);
#12794 = DIRECTION('',(6.938893903907E-18,1.));
#12795 = ( GEOMETRIC_REPRESENTATION_CONTEXT(2) 
PARAMETRIC_REPRESENTATION_CONTEXT() REPRESENTATION_CONTEXT('2D SPACE',''
  ) );
#12796 = PCURVE('',#12401,#12797);
#12797 = DEFINITIONAL_REPRESENTATION('',(#12798),#12802);
#12798 = LINE('',#12799,#12800);
#12799 = CARTESIAN_POINT('',(0.,0.));
#12800 = VECTOR('',#12801,1.);
#12801 = DIRECTION('',(0.,-1.));
#12802 = ( GEOMETRIC_REPRESENTATION_CONTEXT(2) 
PARAMETRIC_REPRESENTATION_CONTEXT() REPRESENTATION_CONTEXT('2D SPACE',''
  ) );
#12803 = ORIENTED_EDGE('',*,*,#12650,.F.);
#12804 = ADVANCED_FACE('',(#12805),#12401,.T.);
#12805 = FACE_BOUND('',#12806,.T.);
#12806 = EDGE_LOOP('',(#12807,#12808,#12809,#12810));
#12807 = ORIENTED_EDGE('',*,*,#12383,.F.);
#12808 = ORIENTED_EDGE('',*,*,#12783,.T.);
#12809 = ORIENTED_EDGE('',*,*,#12625,.T.);
#12810 = ORIENTED_EDGE('',*,*,#12811,.F.);
#12811 = EDGE_CURVE('',#12386,#12628,#12812,.T.);
#12812 = SURFACE_CURVE('',#12813,(#12817,#12824),.PCURVE_S1.);
#12813 = LINE('',#12814,#12815);
#12814 = CARTESIAN_POINT('',(-26.76602264884,18.066287590001,
    39.138223048123));
#12815 = VECTOR('',#12816,1.);
#12816 = DIRECTION('',(-0.422618261741,0.845106842705,-0.327396135068));
#12817 = PCURVE('',#12401,#12818);
#12818 = DEFINITIONAL_REPRESENTATION('',(#12819),#12823);
#12819 = LINE('',#12820,#12821);
#12820 = CARTESIAN_POINT('',(30.415121352005,-3.552713678801E-15));
#12821 = VECTOR('',#12822,1.);
#12822 = DIRECTION('',(0.,-1.));
#12823 = ( GEOMETRIC_REPRESENTATION_CONTEXT(2) 
PARAMETRIC_REPRESENTATION_CONTEXT() REPRESENTATION_CONTEXT('2D SPACE',''
  ) );
#12824 = PCURVE('',#12563,#12825);
#12825 = DEFINITIONAL_REPRESENTATION('',(#12826),#12830);
#12826 = LINE('',#12827,#12828);
#12827 = CARTESIAN_POINT('',(14.707560676003,1.665334536938E-15));
#12828 = VECTOR('',#12829,1.);
#12829 = DIRECTION('',(6.938893903907E-18,1.));
#12830 = ( GEOMETRIC_REPRESENTATION_CONTEXT(2) 
PARAMETRIC_REPRESENTATION_CONTEXT() REPRESENTATION_CONTEXT('2D SPACE',''
  ) );
#12831 = ADVANCED_FACE('',(#12832),#12563,.T.);
#12832 = FACE_BOUND('',#12833,.T.);
#12833 = EDGE_LOOP('',(#12834,#12835,#12854,#12855));
#12834 = ORIENTED_EDGE('',*,*,#12757,.F.);
#12835 = ORIENTED_EDGE('',*,*,#12836,.F.);
#12836 = EDGE_CURVE('',#12520,#12729,#12837,.T.);
#12837 = SURFACE_CURVE('',#12838,(#12842,#12848),.PCURVE_S1.);
#12838 = LINE('',#12839,#12840);
#12839 = CARTESIAN_POINT('',(-33.61728154514,16.583730809792,
    39.712568604603));
#12840 = VECTOR('',#12841,1.);
#12841 = DIRECTION('',(-1.,-0.,0.));
#12842 = PCURVE('',#12563,#12843);
#12843 = DEFINITIONAL_REPRESENTATION('',(#12844),#12847);
#12844 = B_SPLINE_CURVE_WITH_KNOTS('',1,(#12845,#12846),.UNSPECIFIED.,
  .F.,.F.,(2,2),(-3.65046954705,-1.144793705428),
  .PIECEWISE_BEZIER_KNOTS.);
#12845 = CARTESIAN_POINT('',(11.134730895726,-8.824536405599E-02));
#12846 = CARTESIAN_POINT('',(8.863817368674,0.970699004616));
#12847 = ( GEOMETRIC_REPRESENTATION_CONTEXT(2) 
PARAMETRIC_REPRESENTATION_CONTEXT() REPRESENTATION_CONTEXT('2D SPACE',''
  ) );
#12848 = PCURVE('',#12501,#12849);
#12849 = DEFINITIONAL_REPRESENTATION('',(#12850),#12853);
#12850 = B_SPLINE_CURVE_WITH_KNOTS('',1,(#12851,#12852),.UNSPECIFIED.,
  .F.,.F.,(2,2),(-3.65046954705,-1.144793705428),
  .PIECEWISE_BEZIER_KNOTS.);
#12851 = CARTESIAN_POINT('',(-0.729727656227,-3.65046954705));
#12852 = CARTESIAN_POINT('',(-0.729727656227,-1.144793705428));
#12853 = ( GEOMETRIC_REPRESENTATION_CONTEXT(2) 
PARAMETRIC_REPRESENTATION_CONTEXT() REPRESENTATION_CONTEXT('2D SPACE',''
  ) );
#12854 = ORIENTED_EDGE('',*,*,#12549,.T.);
#12855 = ORIENTED_EDGE('',*,*,#12811,.T.);
#12856 = ADVANCED_FACE('',(#12857),#12501,.T.);
#12857 = FACE_BOUND('',#12858,.F.);
#12858 = EDGE_LOOP('',(#12859,#12883,#12904,#12905,#12906,#12907,#12930,
    #12957,#12958));
#12859 = ORIENTED_EDGE('',*,*,#12860,.F.);
#12860 = EDGE_CURVE('',#12861,#12459,#12863,.T.);
#12861 = VERTEX_POINT('',#12862);
#12862 = CARTESIAN_POINT('',(-33.61728154514,16.578661841672,
    38.642114336868));
#12863 = SURFACE_CURVE('',#12864,(#12869,#12876),.PCURVE_S1.);
#12864 = CIRCLE('',#12865,1.5);
#12865 = AXIS2_PLACEMENT_3D('',#12866,#12867,#12868);
#12866 = CARTESIAN_POINT('',(-33.61728154514,15.179953497565,
    39.183976836148));
#12867 = DIRECTION('',(1.,-0.,0.));
#12868 = DIRECTION('',(0.,0.932472229404,-0.361241666187));
#12869 = PCURVE('',#12501,#12870);
#12870 = DEFINITIONAL_REPRESENTATION('',(#12871),#12875);
#12871 = LINE('',#12872,#12873);
#12872 = CARTESIAN_POINT('',(-0.,0.));
#12873 = VECTOR('',#12874,1.);
#12874 = DIRECTION('',(-1.,0.));
#12875 = ( GEOMETRIC_REPRESENTATION_CONTEXT(2) 
PARAMETRIC_REPRESENTATION_CONTEXT() REPRESENTATION_CONTEXT('2D SPACE',''
  ) );
#12876 = PCURVE('',#12473,#12877);
#12877 = DEFINITIONAL_REPRESENTATION('',(#12878),#12882);
#12878 = CIRCLE('',#12879,1.5);
#12879 = AXIS2_PLACEMENT_2D('',#12880,#12881);
#12880 = CARTESIAN_POINT('',(0.,0.));
#12881 = DIRECTION('',(0.,-1.));
#12882 = ( GEOMETRIC_REPRESENTATION_CONTEXT(2) 
PARAMETRIC_REPRESENTATION_CONTEXT() REPRESENTATION_CONTEXT('2D SPACE',''
  ) );
#12883 = ORIENTED_EDGE('',*,*,#12884,.T.);
#12884 = EDGE_CURVE('',#12861,#12695,#12885,.T.);
#12885 = SURFACE_CURVE('',#12886,(#12890,#12897),.PCURVE_S1.);
#12886 = LINE('',#12887,#12888);
#12887 = CARTESIAN_POINT('',(-33.61728154514,16.578661841672,
    38.642114336868));
#12888 = VECTOR('',#12889,1.);
#12889 = DIRECTION('',(1.,0.,0.));
#12890 = PCURVE('',#12501,#12891);
#12891 = DEFINITIONAL_REPRESENTATION('',(#12892),#12896);
#12892 = LINE('',#12893,#12894);
#12893 = CARTESIAN_POINT('',(-0.,0.));
#12894 = VECTOR('',#12895,1.);
#12895 = DIRECTION('',(-0.,-1.));
#12896 = ( GEOMETRIC_REPRESENTATION_CONTEXT(2) 
PARAMETRIC_REPRESENTATION_CONTEXT() REPRESENTATION_CONTEXT('2D SPACE',''
  ) );
#12897 = PCURVE('',#12711,#12898);
#12898 = DEFINITIONAL_REPRESENTATION('',(#12899),#12903);
#12899 = LINE('',#12900,#12901);
#12900 = CARTESIAN_POINT('',(-6.28318530718,0.));
#12901 = VECTOR('',#12902,1.);
#12902 = DIRECTION('',(-0.,-1.));
#12903 = ( GEOMETRIC_REPRESENTATION_CONTEXT(2) 
PARAMETRIC_REPRESENTATION_CONTEXT() REPRESENTATION_CONTEXT('2D SPACE',''
  ) );
#12904 = ORIENTED_EDGE('',*,*,#12728,.F.);
#12905 = ORIENTED_EDGE('',*,*,#12836,.F.);
#12906 = ORIENTED_EDGE('',*,*,#12519,.T.);
#12907 = ORIENTED_EDGE('',*,*,#12908,.T.);
#12908 = EDGE_CURVE('',#12485,#12909,#12911,.T.);
#12909 = VERTEX_POINT('',#12910);
#12910 = CARTESIAN_POINT('',(-23.61728154514,16.578661841672,
    38.642114336868));
#12911 = SEAM_CURVE('',#12912,(#12916,#12923),.PCURVE_S1.);
#12912 = LINE('',#12913,#12914);
#12913 = CARTESIAN_POINT('',(-33.61728154514,16.578661841672,
    38.642114336868));
#12914 = VECTOR('',#12915,1.);
#12915 = DIRECTION('',(1.,0.,0.));
#12916 = PCURVE('',#12501,#12917);
#12917 = DEFINITIONAL_REPRESENTATION('',(#12918),#12922);
#12918 = LINE('',#12919,#12920);
#12919 = CARTESIAN_POINT('',(-0.,0.));
#12920 = VECTOR('',#12921,1.);
#12921 = DIRECTION('',(-0.,-1.));
#12922 = ( GEOMETRIC_REPRESENTATION_CONTEXT(2) 
PARAMETRIC_REPRESENTATION_CONTEXT() REPRESENTATION_CONTEXT('2D SPACE',''
  ) );
#12923 = PCURVE('',#12501,#12924);
#12924 = DEFINITIONAL_REPRESENTATION('',(#12925),#12929);
#12925 = LINE('',#12926,#12927);
#12926 = CARTESIAN_POINT('',(-6.28318530718,0.));
#12927 = VECTOR('',#12928,1.);
#12928 = DIRECTION('',(-0.,-1.));
#12929 = ( GEOMETRIC_REPRESENTATION_CONTEXT(2) 
PARAMETRIC_REPRESENTATION_CONTEXT() REPRESENTATION_CONTEXT('2D SPACE',''
  ) );
#12930 = ORIENTED_EDGE('',*,*,#12931,.T.);
#12931 = EDGE_CURVE('',#12909,#12909,#12932,.T.);
#12932 = SURFACE_CURVE('',#12933,(#12938,#12945),.PCURVE_S1.);
#12933 = CIRCLE('',#12934,1.5);
#12934 = AXIS2_PLACEMENT_3D('',#12935,#12936,#12937);
#12935 = CARTESIAN_POINT('',(-23.61728154514,15.179953497565,
    39.183976836148));
#12936 = DIRECTION('',(1.,-0.,0.));
#12937 = DIRECTION('',(0.,0.932472229404,-0.361241666187));
#12938 = PCURVE('',#12501,#12939);
#12939 = DEFINITIONAL_REPRESENTATION('',(#12940),#12944);
#12940 = LINE('',#12941,#12942);
#12941 = CARTESIAN_POINT('',(-0.,-10.));
#12942 = VECTOR('',#12943,1.);
#12943 = DIRECTION('',(-1.,0.));
#12944 = ( GEOMETRIC_REPRESENTATION_CONTEXT(2) 
PARAMETRIC_REPRESENTATION_CONTEXT() REPRESENTATION_CONTEXT('2D SPACE',''
  ) );
#12945 = PCURVE('',#12946,#12951);
#12946 = PLANE('',#12947);
#12947 = AXIS2_PLACEMENT_3D('',#12948,#12949,#12950);
#12948 = CARTESIAN_POINT('',(-23.61728154514,15.179953497565,
    39.183976836148));
#12949 = DIRECTION('',(1.,0.,0.));
#12950 = DIRECTION('',(0.,0.361241666187,0.932472229404));
#12951 = DEFINITIONAL_REPRESENTATION('',(#12952),#12956);
#12952 = CIRCLE('',#12953,1.5);
#12953 = AXIS2_PLACEMENT_2D('',#12954,#12955);
#12954 = CARTESIAN_POINT('',(0.,0.));
#12955 = DIRECTION('',(0.,-1.));
#12956 = ( GEOMETRIC_REPRESENTATION_CONTEXT(2) 
PARAMETRIC_REPRESENTATION_CONTEXT() REPRESENTATION_CONTEXT('2D SPACE',''
  ) );
#12957 = ORIENTED_EDGE('',*,*,#12908,.F.);
#12958 = ORIENTED_EDGE('',*,*,#12484,.T.);
#12959 = ADVANCED_FACE('',(#12960),#12473,.F.);
#12960 = FACE_BOUND('',#12961,.F.);
#12961 = EDGE_LOOP('',(#12962,#12984,#12985,#12986,#12987));
#12962 = ORIENTED_EDGE('',*,*,#12963,.T.);
#12963 = EDGE_CURVE('',#12674,#12861,#12964,.T.);
#12964 = SURFACE_CURVE('',#12965,(#12970,#12977),.PCURVE_S1.);
#12965 = CIRCLE('',#12966,1.5);
#12966 = AXIS2_PLACEMENT_3D('',#12967,#12968,#12969);
#12967 = CARTESIAN_POINT('',(-33.61728154514,15.179953497565,
    39.183976836148));
#12968 = DIRECTION('',(1.,-0.,0.));
#12969 = DIRECTION('',(0.,0.932472229404,-0.361241666187));
#12970 = PCURVE('',#12473,#12971);
#12971 = DEFINITIONAL_REPRESENTATION('',(#12972),#12976);
#12972 = CIRCLE('',#12973,1.5);
#12973 = AXIS2_PLACEMENT_2D('',#12974,#12975);
#12974 = CARTESIAN_POINT('',(0.,0.));
#12975 = DIRECTION('',(0.,-1.));
#12976 = ( GEOMETRIC_REPRESENTATION_CONTEXT(2) 
PARAMETRIC_REPRESENTATION_CONTEXT() REPRESENTATION_CONTEXT('2D SPACE',''
  ) );
#12977 = PCURVE('',#12711,#12978);
#12978 = DEFINITIONAL_REPRESENTATION('',(#12979),#12983);
#12979 = LINE('',#12980,#12981);
#12980 = CARTESIAN_POINT('',(-0.,0.));
#12981 = VECTOR('',#12982,1.);
#12982 = DIRECTION('',(-1.,0.));
#12983 = ( GEOMETRIC_REPRESENTATION_CONTEXT(2) 
PARAMETRIC_REPRESENTATION_CONTEXT() REPRESENTATION_CONTEXT('2D SPACE',''
  ) );
#12984 = ORIENTED_EDGE('',*,*,#12860,.T.);
#12985 = ORIENTED_EDGE('',*,*,#12458,.F.);
#12986 = ORIENTED_EDGE('',*,*,#12603,.T.);
#12987 = ORIENTED_EDGE('',*,*,#12673,.T.);
#12988 = ADVANCED_FACE('',(#12989),#12711,.T.);
#12989 = FACE_BOUND('',#12990,.F.);
#12990 = EDGE_LOOP('',(#12991,#12992,#12993));
#12991 = ORIENTED_EDGE('',*,*,#12963,.F.);
#12992 = ORIENTED_EDGE('',*,*,#12694,.F.);
#12993 = ORIENTED_EDGE('',*,*,#12884,.F.);
#12994 = ADVANCED_FACE('',(#12995),#12946,.T.);
#12995 = FACE_BOUND('',#12996,.T.);
#12996 = EDGE_LOOP('',(#12997));
#12997 = ORIENTED_EDGE('',*,*,#12931,.T.);
#12998 = ( GEOMETRIC_REPRESENTATION_CONTEXT(3) 
GLOBAL_UNCERTAINTY_ASSIGNED_CONTEXT((#13002)) 
GLOBAL_UNIT_ASSIGNED_CONTEXT((#12999,#13000,#13001)) 
REPRESENTATION_CONTEXT('Context #1',
  '3D Context with UNIT and UNCERTAINTY') );
#12999 = ( LENGTH_UNIT() NAMED_UNIT(*) SI_UNIT(.MILLI.,.METRE.) );
#13000 = ( NAMED_UNIT(*) PLANE_ANGLE_UNIT() SI_UNIT($,.RADIAN.) );
#13001 = ( NAMED_UNIT(*) SI_UNIT($,.STERADIAN.) SOLID_ANGLE_UNIT() );
#13002 = UNCERTAINTY_MEASURE_WITH_UNIT(LENGTH_MEASURE(1.E-07),#12999,
  'distance_accuracy_value','confusion accuracy');
#13003 = CONTEXT_DEPENDENT_SHAPE_REPRESENTATION(#13004,#13006);
#13004 = ( REPRESENTATION_RELATIONSHIP('','',#12256,#10) 
REPRESENTATION_RELATIONSHIP_WITH_TRANSFORMATION(#13005) 
SHAPE_REPRESENTATION_RELATIONSHIP() );
#13005 = ITEM_DEFINED_TRANSFORMATION('','',#11,#79);
#13006 = PRODUCT_DEFINITION_SHAPE('Placement','Placement of an item',
  #13007);
#13007 = NEXT_ASSEMBLY_USAGE_OCCURRENCE('17','','',#5,#12251,$);
#13008 = PRODUCT_RELATED_PRODUCT_CATEGORY('part',$,(#12253));
ENDSEC;
END-ISO-10303-21;
