"Time_Iter","Outer_Iter","Inner_Iter",    "rms[Rho]"    ,    "rms[RhoU]"   ,    "rms[RhoV]"   ,    "rms[RhoW]"   ,    "rms[RhoE]"   ,     "rms[k]"     ,     "rms[w]"     ,  "Avg_Massflow"  ,  "Avg_Massflow"  ,    "Avg_Mach"    ,    "Avg_Temp"    ,    "Avg_Press"   ,    "Avg_Press"   ,   "Avg_Density"  ,  "Avg_Enthalpy"  ,  "Avg_NormalVel" ,   "Uniformity"   ,"Secondary_Strength","Momentum_Distortion","Secondary_Over_Uniformity",  "Avg_TotalTemp" ,  "Avg_TotalTemp" , "Avg_TotalPress" , "Avg_TotalPress" ,  "Pressure_Drop" ,"Avg_Massflow(INLET)","Avg_Massflow(OUTLET)","Avg_Press(INLET)","Avg_Press(OUTLET)","Avg_TotalTemp(INLET)","Avg_TotalTemp(OUTLET)","Avg_TotalPress(INLET)","Avg_TotalPress(OUTLET)"
          0,           0,           0,       -4.94439147,      -3.540791038,      -3.669708475,      -3.665858923,       0.521272395,      -2.941751838,       0.871316433,   0.0001070071731,   0.0001070071731,      0.4283340776,        582.690445,         213785.86,         213785.86,       2.553272864,       591637.1303,      -7.245011462,       99.57955111,         93.57114804,       -0.02082610991,                1.774492961,       588.8061494,       588.8061494,       222207.4013,       222207.4013,       20623.57464,        0.03273702197,         -0.0326300148,       96581.14268,        117204.7173,           288.3115524,             300.494597,            97849.51256,             124357.8888
          0,           0,           1,      -5.059381542,      -3.010358003,      -2.866108987,      -3.195777103,      0.4020861342,      -2.997762617,      0.9043908752,   0.0005571810089,   0.0005571810089,      0.4292704213,       582.8280175,        214007.887,        214007.887,       2.555405729,        591785.783,      -6.680059014,       99.83284814,         93.55198898,        -0.0208335482,                1.777353734,       588.9546239,       588.9546239,       222442.0898,       222442.0898,       20380.38612,        0.03308974454,        -0.03253256353,       96813.75046,        117194.1366,           288.4660943,            300.4885295,            98107.22949,             124334.8603
          0,           0,           2,      -5.142681882,      -3.003564869,      -2.842663326,       -3.17128727,       0.324168762,      -3.018974491,      0.8889453225,   0.0009260787084,   0.0009260787084,      0.4299311165,        582.929918,       214186.3852,       214186.3852,       2.557154581,       591894.2955,      -6.216388756,       99.99094434,         93.55796113,       -0.02083814083,                1.781010328,       589.0631955,       589.0631955,       222627.9359,       222627.9359,        20181.4367,        0.03336294237,        -0.03243686366,       97002.47427,         117183.911,           288.5801331,            300.4830624,            98315.40019,             124312.5357
          0,           0,           3,      -5.195864497,      -2.998789149,      -2.848824076,      -3.169712263,      0.2746188211,      -3.039456699,      0.8742101114,      0.0012245258,      0.0012245258,      0.4303480493,       583.0017011,       214327.6697,       214327.6697,       2.558572351,       591968.6399,      -5.838073687,       100.0638912,         93.56399815,       -0.02083949558,                 1.78500555,       589.1377701,       589.1377701,       222771.7321,       222771.7321,       20025.82139,        0.03356618431,        -0.03234165851,       97150.92414,        117176.7455,           288.6578314,            300.4799387,            98478.24421,             124293.4879
          0,           0,           4,      -5.228110315,      -2.997754316,      -2.854275039,      -3.168620631,      0.2441641451,      -3.059373009,      0.8585832105,     0.00145984281,     0.00145984281,      0.4305563973,       583.0479741,       214436.9875,       214436.9875,       2.559704879,       592014.0426,      -5.536788377,       100.0651417,         93.56959519,       -0.02083876242,                1.789201542,        589.183546,        589.183546,       222879.4689,       222879.4689,       19907.20812,        0.03370825981,          -0.032248417,       97264.88968,        117172.0978,           288.7046451,            300.4789009,            98602.12681,              124277.342
          0,           0,           5,      -5.241924136,      -2.995075436,      -2.858104542,      -3.167860312,      0.2298380362,      -3.078815873,      0.8430495927,    0.001642760194,    0.001642760194,      0.4305942959,        583.075696,       214522.7467,       214522.7467,       2.560625845,       592038.1247,      -5.299998806,       100.0084944,         93.57500403,       -0.02083783693,                1.793532023,       589.2081058,       589.2081058,        222960.374,        222960.374,       19817.40676,        0.03380033629,        -0.03215757609,       97352.66997,        117170.0767,           288.7280549,             300.480051,            98696.12044,             124264.2535
          0,           0,           6,      -5.246327897,      -2.991482426,      -2.860229606,        -3.1669875,       0.224125103,      -3.097872906,      0.8280964759,    0.001790655923,    0.001790655923,      0.4305269584,       583.0919502,       214593.3599,       214593.3599,       2.561408577,       592049.0976,      -5.106312789,       99.91693064,         93.58032979,       -0.02083899728,                1.797893705,       589.2196199,       589.2196199,       223024.2295,       223024.2295,       19747.22999,        0.03386023424,        -0.03206957832,       97423.06494,        117170.2949,           288.7364134,            300.4832066,             98770.3478,             124253.8817
          0,           0,           7,      -5.247966152,      -2.987274948,      -2.858996283,      -3.163375054,      0.2215281768,      -3.116530762,      0.8134307807,    0.001912770432,    0.001912770432,      0.4303909479,       583.1003342,       214653.2536,       214653.2536,       2.562092197,       592051.1978,      -4.944437713,       99.80364383,         93.58515879,       -0.02084219528,                1.802203817,       589.2223033,       589.2223033,       223076.2453,       223076.2453,       19691.88806,        0.03389776469,        -0.03198499425,       97480.68279,        117172.5708,           288.7340649,            300.4882384,            98830.14832,              124246.097
          0,           0,           8,      -5.251083019,      -2.982312116,      -2.855721226,      -3.157992622,      0.2179553534,      -3.134795671,      0.7989764361,    0.002013102159,    0.002013102159,      0.4301950639,       583.1026323,       214704.5909,       214704.5909,       2.562695183,       592046.3129,      -4.808801248,        99.6712711,         93.58935549,       -0.02084706013,                 1.80648884,       589.2180328,       589.2180328,       223118.7111,       223118.7111,       19650.50533,        0.03391617664,        -0.03190307448,       97527.04277,        117177.5481,           288.7225647,            300.4954681,            98877.28432,             124241.4267
          0,           0,           9,      -5.257253451,      -2.976914096,      -2.850711404,      -3.152943863,      0.2118514163,      -3.152663099,       0.784529599,    0.002094310161,    0.002094310161,      0.4299540958,       583.0998545,        214748.238,        214748.238,       2.563224759,       592035.7355,      -4.696860959,       99.52578324,         93.59302926,       -0.02085322334,                1.810680525,       589.2080938,       589.2080938,       223152.8105,       223152.8105,       19619.90993,        0.03391896555,        -0.03182465539,       97564.16403,         117184.074,           288.7039572,            300.5041367,            98914.03529,             124238.7752
          0,           0,          10,      -5.267189929,      -2.969902345,       -2.84342013,      -3.147466494,      0.2022607739,      -3.170146157,      0.7700556136,    0.002159281343,    0.002159281343,      0.4296813706,       583.0932867,       214785.5531,       214785.5531,       2.563692814,       592021.0061,      -4.605780637,       99.37235035,         93.59631159,       -0.02086008782,                1.814728572,       589.1940183,       589.1940183,       223180.1916,       223180.1916,       19596.82757,        0.03390955342,        -0.03175027207,       97594.36276,        117191.1903,           288.6804157,            300.5136026,            98942.96803,             124237.2235
          0,           0,          11,      -5.281826841,       -2.96118818,      -2.833175933,      -3.141526404,      0.1882674344,      -3.187253061,      0.7555054219,    0.002209676324,    0.002209676324,      0.4293870011,       583.0837043,       214817.3499,       214817.3499,       2.564106856,       592003.1004,      -4.534385425,       99.21527809,         93.59956989,       -0.02086720826,                1.818578281,       589.1767763,       589.1767763,       223201.8921,       223201.8921,         19578.262,        0.03389036307,        -0.03168068674,       97619.54396,         117197.806,           288.6536876,            300.5230888,            98966.16348,             124235.7286
          0,           0,          12,      -5.303407803,      -2.951909538,      -2.820907179,      -3.135892099,      0.1676830021,      -3.203967912,      0.7408681693,    0.002248485389,    0.002248485389,      0.4290808011,       583.0719216,       214844.6816,       214844.6816,        2.56447671,       591982.9916,      -4.479172028,       99.05795766,         93.60266273,       -0.02087464983,                1.822213801,       589.1573358,       589.1573358,       223219.1415,       223219.1415,       19562.08855,        0.03386425728,        -0.03161577189,       97641.29654,        117203.3851,            288.625178,            300.5321578,            98985.42473,             124233.7167
          0,           0,          13,      -5.331455721,      -2.943069142,      -2.807929522,      -3.130842917,      0.1409919917,      -3.220268126,      0.7261538063,    0.002277962783,    0.002277962783,      0.4287650752,       583.0589057,       214868.6794,       214868.6794,       2.564812081,       591961.6534,      -4.437140159,        98.9006098,         93.60557249,         -0.020882851,                1.825671002,       589.1366654,       589.1366654,       223233.0659,       223233.0659,       19547.22396,        0.03383264891,        -0.03155468612,       97660.72773,        117207.9517,           288.5959158,            300.5407496,            99001.96326,             124231.1027
          0,           0,          14,       -5.36392684,      -2.936921306,      -2.796660453,      -3.127428488,      0.1099006149,       -3.23615001,      0.7114481474,    0.002300434447,    0.002300434447,      0.4284426137,        583.045458,       214890.2219,       214890.2219,       2.565120291,       591939.8988,      -4.405080433,       98.74358018,          93.6084239,       -0.02089215869,                1.828990347,       589.1155737,       589.1155737,       223244.5442,       223244.5442,       19532.86861,        0.03379700021,        -0.03149656577,       97678.67664,        117211.5452,           288.5667728,            300.5488009,            99016.72863,             124227.8156
          0,           0,          15,      -5.396354398,      -2.935277054,      -2.789482852,      -3.126397093,      0.0790065603,      -3.251623697,      0.6967892341,    0.002318082899,    0.002318082899,      0.4281159876,       583.0318378,       214909.6162,       214909.6162,       2.565403934,       591917.9857,      -4.379784027,       98.58710978,           93.611168,       -0.02090274728,                1.832211388,        589.094317,        589.094317,       223253.8661,       223253.8661,       19518.87192,        0.03375860163,        -0.03144051873,       97695.37212,         117214.244,           288.5380498,            300.5562672,            99030.05038,             124223.8157
          0,           0,          16,      -5.422350646,       -2.93951514,      -2.788125462,      -3.128229188,     0.05430542197,       -3.26670199,      0.6821935876,    0.002332024732,    0.002332024732,      0.4277879579,       583.0178961,       214926.8314,       214926.8314,       2.565663481,       591895.8029,      -4.359863115,       98.43186855,         93.61376766,       -0.02091533438,                1.835340734,       589.0727843,       589.0727843,       223261.0338,       223261.0338,       19504.69543,        0.03371827803,         -0.0313862533,       97711.06799,        117215.7634,           288.5098967,            300.5628876,            99042.24464,             124218.7892
          0,           0,          17,      -5.436260302,      -2.949809118,      -2.793417262,      -3.133146529,     0.04090218142,      -3.281397211,      0.6677037276,    0.002344022934,    0.002344022934,      0.4274594299,       583.0038411,       214942.3378,       214942.3378,       2.565903871,        591873.541,      -4.343006283,       98.27748775,         93.61625406,       -0.02093071809,                1.838418792,        589.051165,        589.051165,       223266.4794,       223266.4794,       19489.54973,        0.03367691894,        -0.03133289601,       97726.39402,        117215.9438,           288.4826552,            300.5685098,            99054.00393,             124212.4755
          0,           0,          18,      -5.437701282,      -2.965569432,      -2.805086365,      -3.141071089,     0.03897887584,      -3.295728268,       0.653323287,    0.002355944606,    0.002355944606,      0.4271285744,       582.9902448,       214956.7139,       214956.7139,       2.566129572,       591851.6886,      -4.326345547,       98.12224862,         93.61858943,       -0.02094964026,                1.841517816,       589.0299453,       589.0299453,        223270.665,        223270.665,       19473.37228,        0.03363501566,        -0.03127907105,       97741.67083,        117215.0431,           288.4567507,            300.5731946,            99065.68389,             124204.9811
          0,           0,          19,      -5.432040044,      -2.985299628,      -2.821948996,      -3.150876221,     0.04422624984,      -3.309714551,      0.6390093229,    0.002369514152,    0.002369514152,      0.4267964392,       582.9769333,       214969.7029,       214969.7029,       2.566338369,       591830.0518,      -4.307390178,       97.96567179,         93.62083244,       -0.02097300611,                1.844685097,        589.008932,        589.008932,       223273.2834,       223273.2834,       19455.91229,         0.0335933063,        -0.03122379214,       97756.89532,        117212.8076,           288.4322421,            300.5766899,            99077.33813,             124195.9453
          0,           0,          20,      -5.422042509,        -3.0061576,      -2.842122231,       -3.16155464,      0.0531960008,      -3.323369919,      0.6248680685,    0.002386646245,    0.002386646245,      0.4264630761,       582.9636483,       214981.2717,       214981.2717,       2.566530879,       591808.3233,      -4.283240319,       97.80671278,         93.62290826,       -0.02100161358,                1.847982145,       588.9878191,       588.9878191,       223274.2245,       223274.2245,       19437.32046,        0.03355248138,        -0.03116583513,       97771.97562,        117209.2961,           288.4088685,            300.5789507,            99088.92685,             124185.2977
          0,           0,          21,      -5.414441714,      -3.026597917,      -2.864216964,      -3.172192577,     0.06002283812,      -3.336709036,      0.6108594329,    0.002408896787,    0.002408896787,      0.4261266884,       582.9503718,       214991.5101,       214991.5101,       2.566708289,       591786.4076,      -4.251543437,       97.64367731,         93.62502966,       -0.02103640592,                 1.85148122,       588.9665115,       588.9665115,        223273.464,        223273.464,       19417.43917,        0.03351283089,        -0.03110393411,       97787.03546,        117204.4746,           288.3866579,            300.5798535,            99100.59379,             124172.8702
          0,           0,          22,      -5.412177987,      -3.046004884,      -2.887374669,       -3.18210603,     0.06158992695,       -3.34975832,       0.596905852,    0.002437562448,    0.002437562448,      0.4257839418,       582.9373492,       215000.6396,       215000.6396,       2.566872206,       591764.4483,      -4.210222326,       97.47429253,         93.62714733,       -0.02107836461,                1.855256513,       588.9451519,       588.9451519,       223271.0801,       223271.0801,        19396.2045,        0.03347431864,        -0.03103675619,       97802.21756,        117198.4221,           288.3657814,            300.5793704,            99112.47741,             124158.6027
          0,           0,          23,      -5.412949509,      -3.062522113,      -2.910366934,      -3.190855634,      0.0602492304,      -3.362523717,      0.5830915842,    0.002473845051,    0.002473845051,      0.4254311022,        582.924889,       215009.0359,       215009.0359,       2.567025744,       591742.6461,      -4.157275571,       97.29615044,         93.62923885,       -0.02112813117,                1.859385391,         588.92394,         588.92394,       223267.3044,       223267.3044,       19373.66604,         0.0334368347,        -0.03096298965,       97817.68492,         117191.351,           288.3463758,            300.5775643,            99124.73075,             124142.5737
          0,           0,          24,       -5.41753649,      -3.076706595,       -2.93304724,       -3.19803414,     0.05515633979,      -3.375018266,      0.5693691085,    0.002518632386,    0.002518632386,       0.425064345,       582.9131172,       215016.9217,       215016.9217,       2.567170902,       591721.0213,      -4.091069928,       97.10693205,         93.63130645,       -0.02118576451,                1.863940132,       588.9028961,       588.9028961,       223262.2218,       223262.2218,       19350.11216,        0.03340011925,        -0.03088148686,       97833.40478,        117183.5169,           288.3283815,            300.5745147,            99137.30117,             124124.9206
          0,           0,          25,      -5.423689286,      -3.088823838,      -2.955200761,      -3.204106145,     0.04863280185,      -3.387253335,      0.5557461663,    0.002572950567,    0.002572950567,      0.4246803369,       582.9021285,       215024.5049,       215024.5049,       2.567309656,       591699.5708,      -4.009775084,       96.90446679,         93.63336536,       -0.02125080268,                 1.86899529,       588.8820171,       588.8820171,       223255.9103,       223255.9103,       19325.75976,        0.03336404055,        -0.03079108998,       97849.37259,        117175.1324,           288.3117471,              300.57027,            99150.17388,             124105.7364
          0,           0,          26,      -5.430667303,      -3.099811574,      -2.977167824,      -3.209144855,      0.0409249451,      -3.399232958,        0.54227596,    0.002637608428,    0.002637608428,      0.4242766188,        582.891944,       215031.8803,       215031.8803,       2.567442921,       591678.2417,      -3.911863975,       96.68706816,         93.63534969,       -0.02132250584,                1.874612185,       588.8612503,       588.8612503,       223248.3684,       223248.3684,       19300.93457,        0.03332849802,         -0.0306908896,       97865.47285,        117166.4074,           288.2963608,            300.5648895,            99163.22704,             124085.1413
          0,           0,          27,      -5.437437445,      -3.110392895,      -2.998850679,      -3.213633284,     0.03363352697,      -3.410942196,      0.5289491096,    0.002713127204,    0.002713127204,      0.4238513295,       582.8826401,       215039.1653,       215039.1653,       2.567571626,       591657.0588,      -3.796248279,       96.45346427,         93.63737428,       -0.02140005479,                1.880843765,       588.8406204,       588.8406204,       223239.6495,       223239.6495,       19276.00239,          0.033293374,        -0.03058024679,       97881.58145,        117157.5838,            288.282121,            300.5584994,            99176.32956,             124063.3199
          0,           0,          28,      -5.443911108,      -3.120963079,      -3.020012399,      -3.217562027,     0.02629361555,      -3.422394217,      0.5158364254,    0.002799962459,    0.002799962459,      0.4234036335,       582.8742444,        215046.411,        215046.411,       2.567696129,       591636.0233,      -3.662017806,       96.20289558,          93.6393573,       -0.02148210407,                1.887728766,       588.8201288,       588.8201288,       223229.7719,       223229.7719,        19251.2457,        0.03325868173,        -0.03045871927,       97897.58265,        117148.8284,           288.2689044,            300.5512244,            99189.36768,             124040.4042
          0,           0,          29,      -5.450724523,      -3.131658052,      -3.040368109,      -3.221124207,     0.01884713229,      -3.433623994,      0.5028082933,    0.002897952114,    0.002897952114,      0.4229327509,       582.8668157,        215053.703,        215053.703,       2.567817054,       591615.1861,      -3.509205814,        95.9349331,          93.6413437,       -0.02156785156,                 1.89529014,        588.799826,        588.799826,       223218.8199,       223218.8199,       19227.01386,        0.03322420836,        -0.03032625625,       97913.34455,        117140.3584,           288.2565821,            300.5432439,            99202.19479,             124016.6251
          0,           0,          30,      -5.456789345,      -3.141321207,      -3.058931522,      -3.224686137,     0.01166151492,       -3.44464745,      0.4899885069,    0.003006458955,    0.003006458955,      0.4224398905,       582.8602141,        215060.865,        215060.865,       2.567932897,       591594.4545,      -3.338756253,       95.65031432,         93.64325423,        -0.0216563047,                1.903513265,       588.7796201,       588.7796201,       223206.6845,       223206.6845,       19203.33066,        0.03318984555,        -0.03018338659,       97928.76719,        117132.0978,           288.2450658,            300.5345543,            99214.70356,             123991.9809
          0,           0,          31,      -5.463253401,      -3.149561985,      -3.075250106,      -3.228275191,    0.004197479936,      -3.455482278,      0.4772873848,    0.003124542765,    0.003124542765,      0.4219271663,       582.8542912,       215067.7246,       215067.7246,       2.568042296,       591573.7611,      -3.152189869,       95.35027829,          93.6452382,       -0.02174694354,                1.912370298,        588.759444,        588.759444,       223193.3047,       223193.3047,       19180.07174,        0.03315548415,        -0.03003094138,       97943.82644,        117123.8982,            288.234321,             300.525123,            99226.86158,             123966.4432
          0,           0,          32,        -5.4703026,      -3.155945741,      -3.088789803,      -3.231852538,    -0.00378612908,      -3.466137992,      0.4647235218,    0.003252194538,    0.003252194538,      0.4213938587,       582.8495627,       215074.9461,       215074.9461,       2.568150635,       591553.6143,      -2.949337413,       95.03443399,         93.64709897,       -0.02184126391,                1.921885788,       588.7398039,       588.7398039,       223179.3627,       223179.3627,       19158.01849,        0.03312104094,         -0.0298688464,       97958.46381,        117116.4823,            288.224321,            300.5154829,            99238.60432,             123940.7584
          0,           0,          33,      -5.477228251,      -3.159801376,      -3.099416805,      -3.235813901,    -0.01160199044,      -3.476628232,      0.4522759798,    0.003388424862,    0.003388424862,      0.4208410841,       582.8460018,       215082.4762,       215082.4762,       2.568257353,        591534.042,      -2.731729166,       94.70372084,         93.64892471,        -0.0219390937,                1.932037607,       588.7207277,       588.7207277,       223164.8872,       223164.8872,       19137.26105,        0.03308628629,        -0.02969786143,       97972.60756,        117109.8686,           288.2149927,             300.505735,            99249.84293,             123915.0442
          0,           0,          34,      -5.484344665,      -3.161815095,      -3.108093925,      -3.239932834,    -0.01959665026,      -3.486948587,      0.4399986789,    0.003532666735,    0.003532666735,      0.4202703182,         582.84373,       215090.5005,       215090.5005,       2.568364065,       591515.2191,      -2.500250524,       94.35903549,         93.65064425,       -0.02204019083,                1.942811374,       588.7023897,       588.7023897,       223150.1473,       223150.1473,       19117.95883,         0.0330512307,        -0.02951856396,       97986.27084,        117104.2297,           288.2063212,            300.4960685,            99260.59103,             123889.5562
          0,           0,          35,       -5.49219545,        -3.1622704,      -3.114850874,      -3.244584636,     -0.0278840854,      -3.497086055,      0.4278378949,    0.003684315187,    0.003684315187,      0.4196814236,        582.842914,       215099.2803,       215099.2803,       2.568473024,       591497.3294,      -2.255742098,       94.00055825,         93.65238049,        -0.0221449016,                1.954212419,       588.6849731,       588.6849731,       223135.4441,       223135.4441,       19100.46693,        0.03301562842,        -0.02933131324,       97999.40669,        117099.8736,           288.1982401,             300.486733,            99270.78332,             123864.6607
          0,           0,          36,       -5.50001915,      -3.161336352,      -3.120652178,      -3.249534266,    -0.03596348393,      -3.507033456,      0.4158252826,    0.003841903449,    0.003841903449,      0.4190778406,       582.8429382,       215108.0795,       215108.0795,       2.568578337,       591479.8734,      -2.000699572,       93.63045034,         93.65405026,       -0.02225170911,                1.966172628,       588.6679807,       588.6679807,       223120.1854,       223120.1854,       19084.19363,        0.03297934276,        -0.02913743931,       98011.94295,        117096.1366,           288.1906054,            300.4773752,            99280.33749,             123839.8479
          0,           0,          37,      -5.507957498,      -3.160024644,      -3.126294921,      -3.255054352,    -0.04390416888,      -3.516797419,        0.40396706,     0.00400398864,     0.00400398864,      0.4184634204,         582.84312,       215116.1101,       215116.1101,       2.568673859,       591462.2935,      -1.737707745,       93.25106017,         93.65564579,       -0.02235980486,                1.978617243,       588.6508579,       588.6508579,       223103.7352,       223103.7352,       19068.33374,        0.03294230412,        -0.02893831548,        98023.8882,        117092.2219,           288.1833131,            300.4675449,            99289.25592,             123814.4793
          0,           0,          38,      -5.515858554,      -3.159091151,      -3.132139514,      -3.261331188,    -0.05154128315,      -3.526366062,        0.39225262,    0.004170127366,    0.004170127366,      0.4178392933,        582.843326,        215123.305,        215123.305,       2.568759396,       591444.4848,       -1.46742136,       92.86322849,         93.65721038,       -0.02246690003,                1.991533509,       588.6335006,       588.6335006,        223086.068,        223086.068,       19052.78751,        0.03290457051,        -0.02873444315,       98035.25875,        117088.0463,           288.1763152,            300.4571854,            99297.55943,             123788.5086
          0,           0,          39,      -5.523227571,      -3.158850902,      -3.138443847,      -3.268439837,    -0.05854779982,      -3.535749546,      0.3806794117,    0.004339659829,    0.004339659829,      0.4172068351,       582.8433084,       215129.3947,       215129.3947,        2.56883295,       591426.2378,      -1.190881606,       92.46803859,         93.65880553,       -0.02256942103,                2.004895887,       588.6157006,       588.6157006,       223066.9615,       223066.9615,       19037.15151,        0.03286615408,        -0.02852649425,       98046.12159,        117083.2731,           288.1696113,            300.4460893,            99305.31492,             123761.6465
          0,           0,          40,      -5.528889333,      -3.159318442,      -3.144890581,      -3.275540611,    -0.06383823426,      -3.544968032,      0.3691950287,    0.004512351501,    0.004512351501,      0.4165677111,       582.8429844,       215134.2741,       215134.2741,       2.568893693,       591407.5177,     -0.9085757583,       92.06627549,         93.66036189,       -0.02266743859,                2.018692429,       588.5974233,       588.5974233,       223046.3709,       223046.3709,       19021.24385,        0.03282717809,        -0.02831482659,       98056.51512,         117077.759,           288.1632222,            300.4342011,            99312.56982,             123733.8011
          0,           0,          41,      -5.533361402,      -3.160453352,      -3.151369151,      -3.283071926,    -0.06783846658,      -3.554045768,      0.3577681328,    0.004688480174,    0.004688480174,      0.4159205295,       582.8427479,       215138.4609,       215138.4609,        2.56894592,       591388.6775,     -0.6198205262,        91.6572531,         93.66188734,        -0.0227592829,                2.032965261,         588.57902,         588.57902,       223024.7754,       223024.7754,       19005.51452,        0.03278763239,        -0.02809915221,       98066.47318,        117071.9877,           288.1571994,            300.4218205,            99319.35711,             123705.4183
          0,           0,          42,      -5.537598776,      -3.163610458,      -3.158619721,      -3.290904013,    -0.07153810284,      -3.562963808,      0.3464395787,     0.00486811574,     0.00486811574,      0.4152653023,       582.8428283,       215142.3011,       215142.3011,       2.568992685,       591369.9451,     -0.3245072677,         91.241005,         93.66343317,       -0.02284536928,                2.047734164,       588.5607176,       588.5607176,       223002.5294,       223002.5294,       18990.14288,        0.03274759918,        -0.02787948344,        98076.0791,         117066.222,           288.1515846,             300.409133,            99325.76525,             123676.7642
          0,           0,          43,      -5.543007351,       -3.16838638,      -3.166856528,       -3.29890286,    -0.07668094383,      -3.571702056,      0.3351859181,     0.00505133987,     0.00505133987,      0.4146016075,       582.8435198,       215146.2403,       215146.2403,       2.569037799,       591351.6119,    -0.02246258751,        90.8171794,         93.66495335,       -0.02292826232,                2.063028776,       588.5428063,       588.5428063,       222980.0914,       222980.0914,       18975.70657,        0.03270702624,        -0.02765568637,       98085.26688,        117060.9735,           288.1462934,            300.3965129,            99331.72468,             123648.3667
          0,           0,          44,       -5.54613228,      -3.172975063,      -3.174615902,      -3.306030173,    -0.07963839584,      -3.580293194,       0.324060815,     0.00523852606,     0.00523852606,      0.4139285919,       582.8455302,        215151.253,        215151.253,       2.569089511,       591334.3692,      0.2870265022,       90.38513812,         93.66649555,       -0.02300990866,                2.078899326,        588.525974,        588.525974,       222958.4413,       222958.4413,       18962.99533,        0.03266598049,        -0.02742745443,       98094.12885,        117057.1242,           288.1413946,            300.3845794,            99337.33179,             123621.1095
          0,           0,          45,      -5.549099652,      -3.177318724,      -3.182328296,      -3.312347071,    -0.08232367247,       -3.58876719,      0.3129697151,    0.005429243239,    0.005429243239,      0.4132476205,       582.8491057,        215157.704,        215157.704,       2.569150942,       591318.5177,      0.6031176887,       89.94558047,         93.66803519,       -0.02309516238,                 2.09533703,       588.5105197,       588.5105197,       222938.0319,       222938.0319,       18952.42098,        0.03262445025,        -0.02719520701,       98102.64149,        117055.0625,           288.1368487,             300.373671,            99342.56232,             123595.4695
          0,           0,          46,      -5.552674227,      -3.181758237,      -3.190204302,      -3.317900028,    -0.08594069675,      -3.597158286,      0.3018803612,     0.00562243257,     0.00562243257,      0.4125614575,       582.8542967,       215165.7021,       215165.7021,       2.569223173,        591304.197,      0.9238549542,       89.50042731,         93.66959656,       -0.02318778861,                2.112281514,       588.4965826,       588.4965826,       222919.1018,       222919.1018,       18943.96957,        0.03258247718,        -0.02696004461,       98110.86624,        117054.8358,           288.1326772,            300.3639054,            99347.48002,             123571.6218
          0,           0,          47,      -5.555888126,      -3.184109578,      -3.196646711,      -3.322448018,    -0.08903637308,      -3.605442422,      0.2908936583,    0.005815280812,    0.005815280812,      0.4118768557,       582.8602162,       215174.0606,       215174.0606,       2.569296361,       591290.7201,       1.244341432,       89.05462603,         93.67117406,       -0.02328585772,                2.129531355,       588.4834791,       588.4834791,       222900.7107,       222900.7107,       18936.41846,        0.03254008307,        -0.02672480225,       98118.82106,        117055.2395,           288.1288734,            300.3546057,             99352.1041,             123548.6066
          0,           0,          48,      -5.561064277,      -3.186268881,      -3.203535297,      -3.326006747,    -0.09411690491,      -3.613578434,      0.2799863972,    0.006006966335,    0.006006966335,       0.411194128,       582.8674917,       215183.6877,       215183.6877,       2.569378242,       591278.7477,       1.563452931,       88.60884682,         93.67278365,       -0.02339125755,                2.147056163,       588.4718667,       588.4718667,       222883.8477,       222883.8477,       18930.76413,        0.03249710968,        -0.02649014335,        98126.4618,        117057.2259,           288.1253882,            300.3464785,            99356.37898,             123527.4688
          0,           0,          49,      -5.566494431,      -3.185874805,      -3.208329758,      -3.328348346,    -0.09970398933,      -3.621557328,      0.2691910263,    0.006196083134,    0.006196083134,      0.4105164017,       582.8763294,       215194.9107,       215194.9107,       2.569471675,       591268.5961,       1.878836139,       88.16531757,         93.67442808,       -0.02350684634,                2.164758285,       588.4620603,       588.4620603,       222869.0062,       222869.0062,       18927.39438,        0.03245353538,        -0.02625745225,       98133.75815,        117061.1525,           288.1221675,            300.3398929,            99360.27303,             123508.7331
          0,           0,          50,       -5.57443112,      -3.185557775,      -3.213395306,      -3.329413878,     -0.1077771332,      -3.629365485,      0.2585448336,    0.006381174048,    0.006381174048,      0.4098463247,        582.886927,       215208.1065,       215208.1065,       2.569580226,        591260.536,       2.187975158,       87.72675477,         93.67610836,       -0.02363497655,                2.182516676,       588.4543296,       588.4543296,       222856.6836,       222856.6836,       18926.47489,        0.03240948896,        -0.02602831491,        98140.8158,        117067.2907,           288.1192612,            300.3350684,            99363.90025,             123492.7833
          0,           0,          51,      -5.583514478,      -3.183820258,      -3.216865915,      -3.330371813,     -0.1160424528,      -3.636953499,      0.2479706385,    0.006560455223,    0.006560455223,      0.4091867149,       582.8993789,        215223.435,        215223.435,       2.569705274,       591254.7652,       2.487724414,       87.29573859,         93.67783754,       -0.02378285824,                2.200193757,       588.4488713,       588.4488713,       222847.1962,       222847.1962,       18928.29314,        0.03236481026,        -0.02580435504,       98147.57091,        117075.8641,           288.1165947,            300.3322765,            99367.18584,             123480.0103
          0,           0,          52,      -5.593138365,      -3.180592189,      -3.219097974,      -3.330398031,     -0.1257775176,       -3.64435116,      0.2376005787,    0.006731270084,    0.006731270084,      0.4085430016,       582.9133282,       215240.4037,       215240.4037,       2.569842696,       591251.1034,       2.773545574,        86.8765109,         93.67962153,       -0.02395115067,                2.217564554,       588.4455062,       588.4455062,       222840.2856,       222840.2856,       18932.31147,        0.03231941362,        -0.02558814354,        98154.0461,        117086.3576,           288.1141668,            300.3313394,            99370.14567,             123470.1399
          0,           0,          53,      -5.605815455,      -3.178166413,      -3.221389071,      -3.329706098,      -0.137765728,       -3.65155912,      0.2273417531,    0.006890943016,    0.006890943016,       0.407921092,       582.9282526,       215258.3433,       215258.3433,       2.569987032,        591249.207,       3.040690586,       86.47375643,         93.68144477,       -0.02414312687,                2.234373931,       588.4438927,       588.4438927,        222835.516,        222835.516,       18937.83636,        0.03227331684,        -0.02538237382,       98160.25345,        117098.0898,           288.1119525,            300.3319402,            99372.79323,             123462.7228
          0,           0,          54,      -5.618550729,      -3.175352966,      -3.222502202,      -3.328338956,     -0.1499899528,      -3.658563093,      0.2172915082,    0.007037812083,    0.007037812083,      0.4073234962,       582.9443369,       215277.5431,       215277.5431,       2.570140873,       591249.3395,       3.286521629,       86.09015248,         93.68333064,       -0.02435712011,                2.250453631,        588.444293,        588.444293,       222833.2995,       222833.2995,        18944.9948,        0.03222654782,        -0.02518873574,       98166.27414,        117111.2689,            288.109997,            300.3342961,             99375.2111,             123458.0884
          0,           0,          55,      -5.627487545,      -3.171428194,      -3.221707589,      -3.327036831,      -0.158874098,       -3.66535854,       0.207624218,     0.00717006815,     0.00717006815,       0.406753878,       582.9614824,       215297.8681,       215297.8681,       2.570303077,       591251.5214,       3.507913433,       85.72865005,         93.68524673,       -0.02459573993,                2.265609927,       588.4467282,       588.4467282,       222833.6656,       222833.6656,       18953.66035,        0.03217906994,        -0.02500900179,       98172.10389,        117125.7642,            288.108274,            300.3384542,            99377.39267,             123456.2729
          0,           0,          56,      -5.638295913,      -3.169676301,      -3.222158428,      -3.326095681,     -0.1696074087,      -3.671960852,      0.1981419266,    0.007286516081,    0.007286516081,      0.4062140326,       582.9799073,        215319.629,        215319.629,       2.570476339,       591256.0336,       3.702664822,       85.39116466,         93.68725292,       -0.02486488057,                2.279696438,       588.4514777,       588.4514777,       222837.0237,       222837.0237,       18963.95272,        0.03213085357,        -0.02484433749,       98177.83816,        117141.7909,           288.1068385,            300.3446393,             99379.4304,             123457.5933
          0,           0,          57,      -5.645602112,      -3.168131149,      -3.221844506,      -3.325352414,     -0.1772708431,      -3.678379202,      0.1889106173,    0.007385471644,    0.007385471644,       0.405706399,       582.9993002,       215342.4205,       215342.4205,       2.570657313,       591262.6328,       3.867956261,        85.0804345,         93.68927068,       -0.02516356359,                2.292519338,       588.4582999,       588.4582999,       222843.0584,       222843.0584,       18975.49056,        0.03208186798,        -0.02469639633,       98183.46499,        117158.9556,           288.1056535,            300.3526464,            99381.31048,              123461.748
          0,           0,          58,      -5.653838933,      -3.169525771,      -3.223294835,      -3.324803067,     -0.1852241921,      -3.684657534,      0.1796509545,    0.007465190274,    0.007465190274,      0.4052353889,       583.0191792,       215365.5504,       215365.5504,       2.570840145,       591270.9752,       4.000495168,       84.79957046,         93.69133804,       -0.02549586674,                2.303864775,       588.4668527,       588.4668527,       222851.2462,       222851.2462,       18987.42335,        0.03203210805,        -0.02456691778,        98189.0635,        117176.4869,           288.1047587,            300.3620941,            99383.11117,             123468.1351
          0,           0,          59,      -5.662610426,      -3.173055118,      -3.226267235,      -3.324979426,     -0.1934720833,      -3.690734924,      0.1703220523,    0.007524455536,    0.007524455536,      0.4048030027,       583.0392625,       215388.6406,       215388.6406,       2.571021667,       591280.8455,       4.098086225,       84.55036857,         93.69344823,        -0.0258650114,                2.313580351,       588.4769222,       588.4769222,        222861.295,        222861.295,       18999.44118,        0.03198145225,        -0.02445699672,        98194.5997,        117194.0409,           288.1041064,            300.3728158,            99384.79031,             123476.5047
          0,           0,          60,      -5.669422486,      -3.178359466,      -3.230869692,      -3.326017623,     -0.2003687869,      -3.696626154,      0.1611831259,    0.007562494068,    0.007562494068,      0.4044105472,       583.0593648,       215411.3683,       215411.3683,        2.57119897,       591292.1036,       4.159324832,       84.33396292,         93.69560549,       -0.02627129554,                2.321554333,       588.4883691,       588.4883691,       222872.9346,       222872.9346,       19011.12339,        0.03192982543,        -0.02436733137,       98200.12243,        117211.2458,           288.1037131,             300.384656,            99386.39099,             123486.5436
          0,           0,          61,       -5.67423567,      -3.185175684,       -3.23663618,      -3.327561454,     -0.2048537631,      -3.702344556,      0.1522151738,     0.00757854345,     0.00757854345,      0.4040588873,       583.0794303,        215433.669,        215433.669,       2.571371532,       591304.7226,       4.182973713,        84.1514076,         93.69782078,       -0.02671405154,                2.327687267,       588.5011669,       588.5011669,        222886.142,        222886.142,       19022.44585,        0.03187716035,         -0.0242986169,       98205.61155,        117228.0574,           288.1035424,            300.3976245,            99387.88887,             123498.2532
          0,           0,          62,      -5.677501471,      -3.193901048,      -3.243784355,      -3.329394864,     -0.2087032196,      -3.707877793,      0.1434510383,    0.007572127183,    0.007572127183,       0.403748817,       583.0994669,       215455.5645,       215455.5645,       2.571539624,       591318.7408,       4.168130502,       84.00338788,         93.70009759,        -0.0271944857,                2.331907507,       588.5153541,       588.5153541,        222900.982,        222900.982,       19033.27718,        0.03182341544,        -0.02425128825,       98211.14366,        117244.4208,           288.1036334,            300.4117207,            99389.35725,             123511.6248
          0,           0,          63,      -5.673800716,      -3.202041321,      -3.250276045,      -3.331767821,     -0.2060085161,      -3.713305969,      0.1349923526,    0.007543066829,    0.007543066829,      0.4034808221,       583.1194332,       215477.0313,       215477.0313,       2.571703147,       591334.1354,       4.114481239,       83.89013541,         93.70241658,        -0.0277119497,                2.334179391,        588.530908,        588.530908,        222917.459,        222917.459,       19043.59135,          0.031768569,        -0.02422550218,       98216.71997,        117260.3113,           288.1039553,            300.4269527,            99390.79613,             123526.6629
          0,           0,          64,       -5.66958098,      -3.211936625,      -3.258228444,      -3.335778311,     -0.2023182248,      -3.718669696,      0.1265369434,     0.00749122029,     0.00749122029,      0.4032548724,       583.1394341,       215498.2321,       215498.2321,        2.57186357,       591351.0208,        4.02186741,       83.81158966,         93.70483458,       -0.02826401755,                2.334490904,       588.5479427,       588.5479427,       222935.7558,       222935.7558,       19053.42147,        0.03171254886,        -0.02422132857,       98222.40534,        117275.8268,           288.1045427,               300.4434,            99392.26508,             123543.4907
          0,           0,          65,      -5.663176996,      -3.222352004,       -3.26677971,      -3.340273518,     -0.1969122303,      -3.723909691,      0.1181141571,    0.007416658544,    0.007416658544,      0.4030709824,       583.1592381,       215518.8289,       215518.8289,       2.572017968,        591369.169,       3.890446156,       83.76748951,          93.7073011,        -0.0288467084,                2.332851455,       588.5662317,       588.5662317,       222955.5286,       222955.5286,       19062.47453,        0.03165529671,        -0.02423863816,       98228.17717,        117290.6517,           288.1053563,            300.4608754,            99393.73782,             123561.7908
          0,           0,          66,      -5.660970516,      -3.236515074,      -3.278110009,      -3.344473481,     -0.1950328691,       -3.72903116,      0.1096990171,    0.007319765332,    0.007319765332,      0.4029284198,       583.1788309,       215538.8183,       215538.8183,       2.572166423,       591388.5481,        3.72092735,       83.75704538,         93.70987864,       -0.02945564315,                2.329312383,       588.5857435,       588.5857435,        222976.749,        222976.749,       19070.57286,         0.0315967833,        -0.02427701797,        98234.1227,        117304.6956,           288.1064327,            300.4793108,            99395.29925,             123581.4498
          0,           0,          67,      -5.658399195,      -3.250888293,      -3.289842085,       -3.34944039,     -0.1922003348,      -3.734001709,      0.1013887728,    0.007201214897,    0.007201214897,      0.4028263169,        583.198242,       215558.2742,       215558.2742,       2.572309681,        591409.165,       3.514526342,       83.77913154,         93.71253726,       -0.03008631803,                2.323954785,        588.606485,        588.606485,       222999.4593,       222999.4593,       19077.70428,        0.03153703115,        -0.02433581626,       98240.28496,        117317.9892,           288.1077653,            300.4987197,            99396.99416,             123602.4651
          0,           0,          68,      -5.656745424,      -3.266059217,      -3.302684162,      -3.355262087,     -0.1909926674,      -3.738881876,     0.09327964727,    0.007061647919,    0.007061647919,      0.4027633164,       583.2175385,       215577.2839,       215577.2839,       2.572448501,       591431.0549,       3.272424182,       83.83241443,         93.71531439,       -0.03073419294,                 2.31687436,       588.6284916,       588.6284916,       223023.7035,       223023.7035,       19083.81406,        0.03147597645,        -0.02441432853,        98246.7349,         117330.549,           288.1093914,            300.5191002,            99398.88887,             123624.8146
          0,           0,          69,      -5.651886427,      -3.279388722,      -3.314124717,      -3.361396006,      -0.186141012,       -3.74375388,     0.08534012966,    0.006900575834,    0.006900575834,      0.4027343343,       583.2364239,       215595.3426,       215595.3426,       2.572577957,        591453.831,       2.994525754,        83.9143062,         93.71817411,       -0.03139315686,                2.308175341,       588.6513784,       588.6513784,       223048.8611,       223048.8611,       19089.49686,        0.03141247116,        -0.02451189533,       98252.92285,        117342.4197,           288.1109118,            300.5404665,            99400.35614,              123648.505
          0,           0,          70,      -5.649931598,      -3.293685929,      -3.325654145,      -3.366771983,     -0.1847205444,      -3.748593181,     0.07748412903,    0.006719018187,    0.006719018187,      0.4027396165,       583.2550475,       215612.7064,       215612.7064,       2.572700546,        591477.638,       2.682542225,       84.02404983,         93.72117559,       -0.03205625247,                2.297961112,       588.6752896,       588.6752896,       223075.1784,       223075.1784,       19094.45753,        0.03134688686,        -0.02462786867,       98259.12442,        117353.5819,           288.1125043,            300.5627853,              99401.697,             123673.4814
          0,           0,          71,      -5.649209033,      -3.307243369,      -3.336003135,      -3.371515777,     -0.1838435369,      -3.753364525,       0.069703356,    0.006517424251,    0.006517424251,      0.4027764831,       583.2733659,       215629.2823,       215629.2823,       2.572815271,       591502.3772,       2.337560383,       84.15970278,         93.72421308,        -0.0327183024,                2.286353913,       588.7001272,       588.7001272,       223102.4903,       223102.4903,       19098.92137,        0.03127883895,         -0.0247614147,       98265.18048,        117364.1018,           288.1140488,            300.5860784,            99402.72709,             123699.7632
          0,           0,          72,      -5.650246365,       -3.32098964,      -3.346260853,      -3.376193754,      -0.184994751,      -3.758049421,     0.06203241622,    0.006296603478,    0.006296603478,      0.4028433075,        583.291439,       215645.1623,       215645.1623,       2.572922989,       591528.0689,       1.961125115,       84.31967251,         93.72754178,       -0.03337301347,                2.273486566,       588.7259117,       588.7259117,       223130.8336,       223130.8336,       19102.80182,        0.03120828682,        -0.02491168335,       98271.18022,         117373.982,           288.1155862,            300.6103255,            99403.53338,             123727.3002
          0,           0,          73,      -5.649271489,      -3.331085278,      -3.353181456,       -3.37990916,     -0.1841724406,      -3.762670312,     0.05452504782,    0.006057820196,    0.006057820196,      0.4029400401,       583.3093982,        215660.588,        215660.588,       2.573026059,       591554.8281,       1.555392256,       84.50289392,         93.73100274,       -0.03401358818,                2.259482208,       588.7527576,       588.7527576,        223160.424,        223160.424,       19105.91697,        0.03113563267,        -0.02507781247,        98277.3355,        117383.2525,           288.1172355,            300.6355221,            99404.35579,             123756.0682
          0,           0,          74,      -5.649307449,      -3.340835101,      -3.358811799,      -3.381456523,     -0.1847223755,      -3.767223927,     0.04718503809,    0.005801646422,    0.005801646422,      0.4030639984,       583.3272758,       215675.6126,       215675.6126,       2.573124947,       591582.6282,       1.121700179,       84.70745323,         93.73462198,       -0.03463272264,                2.244470747,       588.7806384,       588.7806384,       223191.2367,       223191.2367,       19108.35855,        0.03106060428,        -0.02525895786,       98283.62702,        117391.9856,           288.1189735,            300.6616649,            99405.15679,             123786.0799
          0,           0,          75,       -5.64985731,      -3.347266797,      -3.360684013,      -3.381243122,     -0.1855018832,      -3.771750368,     0.03997636917,    0.005528756779,    0.005528756779,      0.4032132754,       583.3450406,       215690.1827,       215690.1827,       2.573219165,       591611.3898,      0.6614873613,       84.93179314,         93.73839118,       -0.03522327621,                 2.22857188,       588.8094756,       588.8094756,       223223.1504,       223223.1504,       19110.10033,        0.03098309476,        -0.02545433798,        98290.0412,        117400.1415,           288.1207945,            300.6886811,            99405.91668,             123817.2337
          0,           0,          76,      -5.652002479,      -3.351529498,      -3.360613679,      -3.380121848,     -0.1876880427,       -3.77622771,     0.03274195285,    0.005240177959,    0.005240177959,      0.4033860961,       583.3627596,       215704.3981,       215704.3981,       2.573309631,       591641.1294,      0.1766699906,       85.17422543,         93.74238659,       -0.03577962146,                2.211918794,       588.8392852,       588.8392852,       223256.1919,       223256.1919,        19111.0703,        0.03090315348,        -0.02566297552,       98296.66387,        117407.7342,           288.1227503,            300.7165349,            99406.72582,              123849.466
          0,           0,          77,      -5.656050528,      -3.354190508,       -3.35912431,      -3.377481713,     -0.1916440146,       -3.78062213,     0.02569218224,    0.004936744439,    0.004936744439,      0.4035806017,       583.3804426,       215718.3152,       215718.3152,       2.573396971,       591671.8036,     -0.3309776682,       85.43319293,         93.74652354,        -0.0362932319,                2.194628444,       588.8700243,       588.8700243,        223290.343,        223290.343,       19111.28345,         0.0308207882,        -0.02588404376,       98303.51586,        117414.7993,           288.1248332,            300.7451911,            99407.60681,             123882.7362
          0,           0,          78,      -5.661813774,      -3.356371607,      -3.356084089,      -3.372099328,     -0.1970641341,      -3.784892739,     0.01872470056,    0.004619235762,    0.004619235762,      0.4037945895,       583.3980174,       215731.8954,       215731.8954,       2.573481085,       591703.2791,      -0.859842589,       85.70704661,          93.7509127,       -0.03675743725,                 2.17681716,       588.9015603,       588.9015603,       223325.4769,       223325.4769,        19110.6158,         0.0307359301,        -0.02611669433,       98310.63981,        117421.2556,           288.1270477,            300.7745126,            99408.59855,             123916.8783
          0,           0,          79,      -5.668651088,      -3.358169715,      -3.352999676,      -3.365710558,     -0.2038831562,      -3.789059496,     0.01193097841,    0.004289018031,    0.004289018031,      0.4040268316,       583.4155829,       215745.2605,       215745.2605,       2.573563052,       591735.5997,      -1.407473414,       85.99434182,          93.7554677,       -0.03716610535,                2.158603683,       588.9339367,       588.9339367,       223361.6301,       223361.6301,       19108.89081,        0.03064890892,        -0.02635989089,       98318.18484,        117427.0757,           288.1295159,            300.8044207,            99409.87414,             123951.7559
          0,           0,          80,       -5.67601653,      -3.356070324,      -3.347211161,      -3.358674557,     -0.2107233489,      -3.793172772,    0.005240760502,    0.003946275526,    0.003946275526,      0.4042733705,       583.4329601,       215758.2002,       215758.2002,       2.573641096,       591768.4947,      -1.972997641,       86.29304344,         93.76029909,       -0.03751294482,                2.140087071,        588.966884,        588.966884,       223398.4671,       223398.4671,       19106.27686,        0.03055918732,        -0.02661291179,       98325.96167,        117432.2385,           288.1320735,            300.8348105,             99411.2094,             123987.2577
          0,           0,          81,      -5.683843911,      -3.355120933,      -3.342294861,      -3.350630562,     -0.2186650563,      -3.797217452,    -0.00129451661,    0.003591701406,    0.003591701406,      0.4045315007,       583.4500743,        215770.607,        215770.607,       2.573714234,       591801.8121,      -2.554836169,       86.60144006,         93.76532305,       -0.03779224367,                2.121362991,        589.000251,        589.000251,       223435.7699,       223435.7699,       19102.88076,        0.03046661976,        -0.02687491836,       98333.86313,        117436.7439,           288.1346607,            300.8655903,            99412.48971,             124023.2802
          0,           0,          82,       -5.69417469,      -3.352428864,      -3.336723667,      -3.341524422,     -0.2284364744,      -3.801172256,   -0.007693361042,    0.003226280709,    0.003226280709,      0.4047983324,       583.4669323,       215782.5432,       215782.5432,       2.573783135,       591835.4694,      -3.151099155,       86.91766682,         93.77059473,       -0.03800147969,                2.102535236,       589.0339556,       589.0339556,       223473.4759,       223473.4759,       19098.80516,        0.03037116521,        -0.02714488451,         98341.869,        117440.6742,           288.1372303,            300.8967252,            99413.69408,             124059.7818
          0,           0,          83,      -5.706673851,      -3.351645723,       -3.33279408,      -3.331980492,     -0.2405361212,      -3.805047919,    -0.01418537737,    0.002850651763,    0.002850651763,      0.4050709074,       583.4835121,       215793.9515,       215793.9515,       2.573847183,       591869.3565,      -3.760257883,       87.24009765,          93.7761148,       -0.03813499828,                2.083685615,        589.067888,        589.067888,       223511.4032,       223511.4032,       19094.16146,        0.03027268797,         -0.0274220362,         98349.895,        117444.0565,           288.1397468,            300.9281412,            99414.73184,             124096.6714
          0,           0,          84,      -5.717663827,      -3.348365613,      -3.327788233,      -3.323032714,      -0.250971715,      -3.808832704,    -0.02052400276,    0.002465428118,    0.002465428118,      0.4053479026,       583.4996574,         215804.65,         215804.65,       2.573904955,       591903.2642,       -4.38099686,       87.56785754,         93.78188834,       -0.03818813867,                2.064869712,       589.1018398,       589.1018398,       223549.2859,       223549.2859,       19088.78158,        0.03017127378,        -0.02770584566,       98357.93421,        117446.7158,           288.1421965,            300.9596433,              99415.605,             124133.6809
          0,           0,          85,      -5.730656052,      -3.347066515,      -3.325685038,      -3.314856223,     -0.2643963743,      -3.812562888,    -0.02677827469,    0.002071873409,    0.002071873409,      0.4056278222,       583.5155264,       215814.9299,       215814.9299,         2.5739592,        591937.283,      -5.011222926,       87.89967494,         93.78792672,       -0.03816191665,                2.046164633,       589.1359012,       589.1359012,       223587.3203,       223587.3203,       19082.73328,        0.03006723056,        -0.02799535715,       98366.09833,        117448.8316,           288.1446382,             300.991263,            99416.44744,             124170.8729
          0,           0,          86,      -5.741318484,      -3.341739301,      -3.321203467,      -3.306441284,     -0.2740811473,      -3.816247266,    -0.03287024869,    0.001670657682,    0.001670657682,      0.4059080791,       583.5310489,       215824.7113,       215824.7113,       2.574009222,        591971.262,      -5.649656579,       88.23408116,         93.79424289,       -0.03805712335,                2.027631485,       589.1699217,       589.1699217,       223625.3121,       223625.3121,       19076.15938,        0.02996044392,        -0.02828978623,       98374.27597,        117450.4354,           288.1469879,            301.0229338,            99417.14244,             124208.1697
          0,           0,          87,      -5.756358634,       -3.34070786,      -3.320566502,      -3.298798853,     -0.2892903887,      -3.819949796,      -0.039005371,    0.001262318724,    0.001262318724,      0.4061857988,       583.5461454,       215833.8708,       215833.8708,       2.574053814,       592005.0386,      -6.295258952,       88.56952727,         93.80085217,       -0.03787652124,                2.009325105,       589.2037391,       589.2037391,       223663.0218,       223663.0218,       19069.31445,        0.02985067999,        -0.02858836127,       98382.27816,        117451.5926,           288.1491208,            301.0546184,            99417.48842,             124245.5334
          0,           0,          88,       -5.76591151,       -3.33545782,      -3.317805675,      -3.292163295,     -0.2987605661,      -3.823610715,    -0.04478102101,   0.0008481198018,   0.0008481198018,      0.4064613966,       583.5609504,        215842.645,        215842.645,       2.574095281,       592038.7194,      -6.946103272,       88.90564956,         93.80775725,       -0.03762094305,                1.991284948,       589.2374597,       589.2374597,       223700.6387,       223700.6387,       19061.99231,        0.02973854605,        -0.02889042625,       98390.32634,        117452.3186,           288.1512022,            301.0862575,            99417.74824,             124282.8905
          0,           0,          89,      -5.777177719,      -3.333685602,      -3.318485941,      -3.286681876,     -0.3106269318,      -3.827330237,    -0.05057257382,   0.0004280088719,   0.0004280088719,      0.4067321406,       583.5751103,       215850.4949,       215850.4949,       2.574128681,       592071.8882,      -7.602230453,       89.24117306,         93.81496753,       -0.03729697169,                1.973535859,       589.2706688,       589.2706688,        223737.531,        223737.531,       19054.40256,        0.02962350306,        -0.02919549418,       98398.04619,        117452.4487,           288.1529815,            301.1176874,            99417.51643,             124320.0146
          0,           0,          90,      -5.782435405,      -3.328419178,      -3.317109825,      -3.281872378,     -0.3167195567,       -3.83104058,    -0.05596326087,   3.465495657e-06,   3.465495657e-06,      0.4069981735,       583.5888686,       215857.8229,       215857.8229,       2.574157747,       592104.7473,       -8.26152871,       89.57554621,         93.82250013,       -0.03691032193,                1.956120107,       589.3035681,       589.3035681,       223774.0423,       223774.0423,       19046.52262,        0.02950618721,        -0.02950272172,       98405.65013,        117452.1728,           288.1546094,            301.1489587,            99417.05002,             124356.9922
          0,           0,          91,      -5.794143966,      -3.327496123,      -3.320176734,      -3.278503825,     -0.3275528431,      -3.834741913,    -0.06155871074,  -0.0004238041877,  -0.0004238041877,      0.4072610917,       583.6025052,       215865.1133,       215865.1133,       2.574187089,       592137.5618,      -8.921708678,       89.90881405,         93.83034553,        -0.0364654656,                 1.93906652,       589.3364211,       589.3364211,       223810.6305,       223810.6305,       19038.14836,        0.02938757158,        -0.02981137577,       98413.48249,        117451.6309,           288.1563232,            301.1800978,             99416.7559,             124393.8746
          0,           0,          92,      -5.801657869,      -3.324568727,      -3.321705779,      -3.275944896,     -0.3358876662,      -3.838340219,    -0.06680369257,  -0.0008530211295,  -0.0008530211295,      0.4075203216,       583.6159922,       215872.3328,       215872.3328,       2.574216424,       592170.2634,       -9.58168014,       90.24039718,          93.8385123,       -0.03596698966,                1.922394998,         589.36916,         589.36916,       223847.2017,       223847.2017,       19029.30414,        0.02926786371,        -0.03012088484,       98421.51434,        117450.8185,           288.1581156,            301.2110444,            99416.61988,             124430.5818
          0,           0,          93,       -5.80845835,      -3.323987813,      -3.325283884,      -3.274788297,       -0.34217009,      -3.841857058,    -0.07203009362,   -0.001283542739,   -0.001283542739,      0.4077746366,       583.6292918,       215879.4038,       215879.4038,       2.574244926,       592202.7693,      -10.24064364,       90.56938667,         93.84701055,       -0.03542303654,                1.906126736,       589.4017021,       589.4017021,        223883.614,        223883.614,        19020.1829,        0.02914704765,        -0.03043059039,       98429.61043,        117449.7933,           288.1599124,            301.2417897,             99416.5078,             124467.1062
          0,           0,          94,      -5.810484275,      -3.322311946,       -3.32816425,      -3.274517436,     -0.3460417622,      -3.845207844,     -0.0768136063,   -0.001714877096,   -0.001714877096,        0.40802275,       583.6423007,        215886.172,        215886.172,        2.57427114,       592234.9315,      -10.89799452,       90.89494405,         93.85583568,       -0.03484034866,                1.890276166,       589.4339002,       589.4339002,       223919.6501,       223919.6501,       19010.98759,        0.02902505209,        -0.03073992918,        98437.5922,        117448.5798,           288.1615944,            301.2723058,            99416.23813,              124503.412
          0,           0,          95,      -5.816720552,      -3.323824341,      -3.333117453,      -3.275268671,     -0.3511610241,      -3.848490018,    -0.08173849563,    -0.00214667008,    -0.00214667008,      0.4082636039,       583.6549023,       215892.4492,       215892.4492,       2.574293266,       592266.5982,      -11.55333751,       91.21639684,         93.86498538,       -0.03422497156,                 1.87485014,       589.4656033,       589.4656033,       223955.0712,       223955.0712,       19001.90451,        0.02890178613,        -0.03104845621,       98445.27236,        117447.1769,           288.1630441,            301.3025592,            99415.61937,             124539.4518
          0,           0,          96,      -5.816816101,      -3.323791111,      -3.336756665,      -3.277325226,     -0.3526781294,      -3.851698898,    -0.08621316431,   -0.002578065706,   -0.002578065706,      0.4084979739,       583.6671322,       215898.3049,       215898.3049,       2.574311967,       592297.7981,      -12.20568295,       91.53366933,         93.87445866,       -0.03358440036,                1.859852108,       589.4968397,       589.4968397,       223989.9334,       223989.9334,       18992.95046,        0.02877764213,        -0.03135570784,       98452.67723,        117445.6277,            288.164287,            301.3325527,            99414.70563,             124575.2278
          0,           0,          97,      -5.816554933,      -3.325806623,      -3.341711288,      -3.280501738,     -0.3518758829,      -3.854936196,    -0.09080518141,   -0.003008313412,   -0.003008313412,      0.4087268377,       583.6790045,       215903.7709,       215903.7709,       2.574327567,       592328.5479,      -12.85428526,       91.84681472,         93.88424619,       -0.03292557484,                1.845279246,       589.5276262,       589.5276262,       224024.2685,       224024.2685,       18984.09894,          0.028652993,        -0.03166130641,       98459.83599,        117443.9349,           288.1653505,            301.3622757,            99413.54992,             124610.7186
          0,           0,          98,       -5.80939184,      -3.326536992,      -3.344637071,      -3.284003432,     -0.3451170358,      -3.857972795,    -0.09503426381,   -0.003436477565,   -0.003436477565,      0.4089528057,        583.690574,       215908.9563,       215908.9563,       2.574341231,       592358.9378,      -13.49828369,       92.15655716,         93.89433001,       -0.03225492094,                1.831117524,       589.5580525,       589.5580525,       224058.2246,       224058.2246,       18975.03355,        0.02852854235,        -0.03196501992,       98466.96139,        117441.9949,           288.1663917,            301.3916608,            99412.40833,             124645.8163
          0,           0,          99,      -5.811935865,      -3.332834724,      -3.350862692,      -3.288899946,     -0.3480903007,      -3.861072568,    -0.09942672208,   -0.003862247352,   -0.003862247352,      0.4091746039,       583.7017538,        215913.667,        215913.667,       2.574350915,       592388.8482,      -14.13742717,       92.46205127,         93.90477475,       -0.03157976009,                1.817375275,       589.5879996,       589.5879996,       224091.5636,       224091.5636,        18966.0595,        0.02840409415,         -0.0322663415,       98473.80375,        117439.8632,           288.1672527,            301.4207469,            99411.01942,             124680.5442
          0,           0,         100,      -5.807773992,      -3.336628356,        -3.3543035,       -3.29448991,      -0.343502653,       -3.86396886,     -0.1034645248,   -0.004285035624,   -0.004285035624,      0.4093922692,       583.7124674,       215917.7981,       215917.7981,        2.57435565,       592418.1938,      -14.77120832,       92.76286756,         93.91554907,       -0.03090936922,                1.804054108,       589.6173827,       589.6173827,       224124.1679,       224124.1679,       18957.32993,        0.02827973162,        -0.03256476725,        98480.2341,         117437.564,           288.1678476,            301.4495351,            99409.26143,             124714.9065
          0,           0,         101,      -5.805109172,      -3.344149933,      -3.359629031,      -3.300987669,     -0.3411928004,      -3.867019999,     -0.1075446047,   -0.004703967471,   -0.004703967471,      0.4096078028,       583.7227202,       215921.4584,       215921.4584,       2.574356773,       592447.0049,      -15.39876762,       93.05938422,         93.92662711,       -0.03025039668,                1.791145203,       589.6462317,       589.6462317,       224156.1776,       224156.1776,       18948.69573,        0.02815600836,        -0.03285997583,       98486.38134,        117435.0771,            288.168278,            301.4779537,            99407.29768,             124748.8799
          0,           0,         102,      -5.800485362,      -3.351318891,      -3.363273727,      -3.308017808,     -0.3376764127,      -3.870003419,     -0.1112982831,   -0.005118028403,   -0.005118028403,      0.4098217272,       583.7324535,       215924.5986,       215924.5986,       2.574353995,       592475.2089,      -16.01899694,       93.35123803,          93.9380236,       -0.02961005359,                1.778656387,       589.6744746,       589.6744746,       224187.5172,       224187.5172,       18940.06126,        0.02803327836,        -0.03315130676,       98492.26866,        117432.3299,           288.1685769,            301.5058977,            99405.17334,             124782.3438
          0,           0,         103,       -5.79397357,      -3.359836839,      -3.366223642,      -3.315744328,     -0.3304428566,      -3.872998737,     -0.1150770171,   -0.005526073674,   -0.005526073674,      0.4100344687,       583.7416554,       215927.1985,       215927.1985,        2.57434717,       592502.7734,      -16.63057452,       93.63800135,         93.94974451,       -0.02899424907,                1.766597689,       589.7020791,       589.7020791,       224218.1283,       224218.1283,       18931.29797,        0.02791195428,        -0.03343802795,       98497.95028,        117429.2483,           288.1687919,            301.5332873,              99402.967,             124815.1613
          0,           0,         104,      -5.782926175,      -3.367653457,      -3.367433408,      -3.323902936,     -0.3204303876,      -3.875836679,      -0.118608125,   -0.005927215827,   -0.005927215827,      0.4102462255,       583.7501681,       215929.0478,       215929.0478,       2.574334571,       592529.5196,      -17.23251992,       93.91925105,         93.96179857,       -0.02840775604,                1.754973647,       589.7288675,       589.7288675,       224247.7591,       224247.7591,       18922.15873,        0.02779230132,        -0.03371951715,       98503.44456,        117425.6033,           288.1689466,            301.5599209,            99400.71246,             124847.0467
          0,           0,         105,       -5.78078666,       -3.38062275,      -3.370801997,       -3.33286093,     -0.3181762354,      -3.878834119,     -0.1224417808,   -0.006320108815,   -0.006320108815,      0.4104566288,       583.7579406,       215930.0178,       215930.0178,       2.574314965,       592555.3541,      -17.82324626,       94.19406999,         93.97412818,       -0.02785710423,                 1.74380199,       589.7547465,       589.7547465,       224276.2058,       224276.2058,       18912.38511,        0.02767465312,        -0.03399476194,       98508.81634,        117421.2015,           288.1690962,            301.5856502,            99398.49382,             124877.7119
          0,           0,         106,      -5.775872721,      -3.391976916,      -3.372150197,      -3.341510054,     -0.3117596397,      -3.881561083,     -0.1261404178,   -0.006703888198,   -0.006703888198,      0.4106640857,       583.7648509,       215929.8387,       215929.8387,       2.574285668,       592580.0947,      -18.40165914,       94.46124305,         93.98684448,        -0.0273469282,                1.733102179,       589.7795349,       589.7795349,        224303.104,        224303.104,       18901.94032,         0.0275589907,        -0.03426287889,       98513.94921,        117415.8895,           288.1691611,            301.6103738,            99396.19325,             124906.9107
          0,           0,         107,      -5.772500828,       -3.40791672,      -3.375293585,      -3.350506514,       -0.30896812,      -3.884301424,     -0.1297106313,   -0.007077381311,   -0.007077381311,      0.4108673707,        583.771219,       215928.8836,       215928.8836,       2.574249598,       592604.0048,      -18.96622322,       94.71961648,         93.99990245,       -0.02688424786,                1.722892873,       589.8034948,       589.8034948,       224328.7549,       224328.7549,         18891.118,        0.02744552989,        -0.03452291121,       98518.88282,        117410.0008,           288.1691732,            301.6343216,            99393.86338,             124934.8915
          0,           0,         108,       -5.76751363,      -3.422220179,      -3.376570015,      -3.359345819,     -0.3032541004,      -3.886905919,     -0.1332823983,   -0.007440081961,   -0.007440081961,      0.4110660805,       583.7771504,       215927.2768,       215927.2768,       2.574207703,       592627.1698,      -19.51639471,       94.96871444,         94.01325247,       -0.02647346999,                1.713169917,       589.8267112,       589.8267112,       224353.2592,       224353.2592,       18880.12061,        0.02733434928,        -0.03477443124,       98523.57808,        117403.6987,           288.1691146,            301.6575966,            99391.46826,             124961.7909
          0,           0,         109,      -5.763419591,       -3.43840879,      -3.378259997,      -3.368403572,     -0.2990954628,      -3.889493787,     -0.1368744313,   -0.007791091085,   -0.007791091085,      0.4112605251,       583.7829443,       215925.5064,       215925.5064,       2.574164357,       592649.8794,      -20.05117954,       95.20812358,         94.02686887,       -0.02612217698,                 1.70393471,       589.8494724,       589.8494724,       224377.1073,       224377.1073,       18869.35394,        0.02722576812,         -0.0350168592,       98528.07625,        117397.4302,           288.1690184,            301.6804539,            99389.06664,             124988.0407
          0,           0,         110,      -5.755845702,      -3.451474364,      -3.378762381,      -3.376782444,     -0.2912781388,      -3.891891334,     -0.1406495888,   -0.008130085644,   -0.008130085644,      0.4114506251,       583.7884913,       215923.4637,       215923.4637,       2.574118735,       592672.0142,      -20.57030843,       95.43756886,         94.04079359,       -0.02583335134,                1.695179204,       589.8716596,       589.8716596,       224400.1753,       224400.1753,       18858.87025,        0.02711981875,         -0.0352499044,       98532.29673,         117391.167,           288.1688328,            301.7028267,            99386.57811,             125013.5972
          0,           0,         111,      -5.753967659,      -3.468953325,      -3.381423631,      -3.385018029,     -0.2894136581,      -3.894154948,     -0.1444287774,   -0.008456253828,   -0.008456253828,      0.4116359134,       583.7937035,        215921.047,        215921.047,       2.574070062,       592693.4467,      -21.07274867,       95.65646427,         94.05501004,       -0.02560916173,                1.686906594,       589.8931457,       589.8931457,       224422.2967,       224422.2967,        18848.5404,        0.02701669941,        -0.03547295323,        98536.2533,        117384.7937,           288.1685744,            301.7245713,            99384.02706,             125038.2697
          0,           0,         112,      -5.748460562,      -3.482011294,      -3.382668744,       -3.39244883,       -0.28430649,      -3.896190779,     -0.1484004674,   -0.008768680715,   -0.008768680715,      0.4118158863,        583.798423,       215918.0213,       215918.0213,       2.574016296,       592713.9774,      -21.55735065,       95.86407698,         94.06957328,        -0.0254528646,                 1.67912531,       589.9137324,       589.9137324,       224443.1633,       224443.1633,       18838.16361,        0.02691658858,         -0.0356852693,       98539.92885,        117378.0925,           288.1682355,             301.745497,              99381.407,             125061.7563
          0,           0,         113,      -5.746443098,      -3.496999983,      -3.384704401,      -3.399457263,     -0.2824797128,      -3.898143718,     -0.1523503414,   -0.009066524976,   -0.009066524976,      0.4119911318,       583.8025378,       215914.2531,       215914.2531,       2.573956459,       592733.4718,      -22.02297494,       96.06034262,         94.08443778,       -0.02536427578,                1.671830143,       589.9332857,       589.9332857,       224462.5946,       224462.5946,       18827.40103,          0.026819895,        -0.03588641998,       98543.42603,        117370.8271,            288.167893,            301.7653926,            99378.84429,             125083.7503
          0,           0,         114,      -5.741688927,      -3.506360062,      -3.386579734,      -3.405685343,      -0.278122977,      -3.899954741,     -0.1565604484,   -0.009349119659,   -0.009349119659,       0.412158211,       583.8060536,       215909.7255,       215909.7255,       2.573890191,       592751.8279,       -22.4684539,       96.24351476,         94.09963439,        -0.0253428639,                1.665044303,       589.9517039,       589.9517039,        224480.428,        224480.428,       18816.61982,        0.02672639285,        -0.03607551251,       98546.55286,        117363.1727,           288.1674151,            301.7842888,            99376.13024,             125104.2978
          0,           0,         115,      -5.743969789,      -3.519409264,      -3.390223343,      -3.411030612,     -0.2804211039,      -3.901588482,     -0.1607004808,   -0.009615763878,   -0.009615763878,        0.41231719,       583.8088682,       215904.3096,       215904.3096,       2.573816506,       592768.9085,      -22.89273289,       96.41342743,          94.1151365,       -0.02538673156,                1.658763612,       589.9688506,       589.9688506,       224496.4715,       224496.4715,       18805.54386,        0.02663640037,        -0.03625216424,       98549.38289,        117354.9267,           288.1668625,             301.801988,             99373.3562,             125123.1153
          0,           0,         116,      -5.742757242,      -3.525081609,      -3.393592931,      -3.415429412,     -0.2795432578,      -3.903060561,     -0.1650619406,   -0.009865579598,   -0.009865579598,      0.4124668217,       583.8109916,       215898.0245,       215898.0245,       2.573735613,       592784.6525,       -23.2943739,       96.56927052,         94.13096716,       -0.02549429831,                1.652999053,       589.9846648,       589.9846648,       224510.6372,       224510.6372,       18794.10408,        0.02655013285,        -0.03641571245,       98551.96023,        117346.0643,           288.1662715,            301.8183932,            99370.57798,             125140.0593
          0,           0,         117,      -5.745615317,      -3.531558075,      -3.398363634,      -3.420026125,     -0.2828214789,      -3.904547163,     -0.1693465683,    -0.01009764615,    -0.01009764615,      0.4126049053,       583.8125111,       215890.9971,       215890.9971,       2.573648585,       592799.0515,       -23.6717125,       96.70982575,         94.14712181,       -0.02566225711,                1.647768772,       589.9991381,       589.9991381,        224522.916,        224522.916,        18782.4363,        0.02646772479,        -0.03656537095,       98554.28039,        117336.7167,           288.1656355,            301.8335026,            99367.79673,             125155.1193
          0,           0,         118,      -5.742357311,      -3.525043808,      -3.401153329,      -3.423142219,     -0.2796811012,      -3.905981411,     -0.1738560937,    -0.01031121649,    -0.01031121649,      0.4127300616,       583.8135091,        215883.348,        215883.348,       2.573556482,       592812.1125,      -24.02332278,       96.83437098,         94.16360634,       -0.02588614467,                1.643081817,       590.0122774,       590.0122774,       224533.3207,       224533.3207,       18770.60228,        0.02638939407,        -0.03670061056,       98556.37287,        117326.9752,           288.1649848,            301.8472927,            99365.05268,              125168.268
          0,           0,         119,      -5.746897408,       -3.52593813,      -3.408192806,       -3.42559402,     -0.2849298645,      -3.907419455,     -0.1783740866,    -0.01050591391,    -0.01050591391,      0.4128404889,       583.8139925,       215875.0784,       215875.0784,       2.573459255,       592823.7676,      -24.34825596,       96.94217622,          94.1804257,       -0.02616057668,                1.638943061,        590.024015,        590.024015,       224541.7438,       224541.7438,       18758.68057,        0.02631515417,        -0.03682106809,       98558.19892,        117316.8795,           288.1642919,            301.8597231,            99362.30596,             125179.4379
          0,           0,         120,      -5.745374569,      -3.513728867,      -3.412390208,      -3.427654987,     -0.2837348251,      -3.908778513,     -0.1830386072,    -0.01068153099,    -0.01068153099,      0.4129333286,       583.8139561,       215866.1526,       215866.1526,       2.573356411,       592833.9131,      -24.64563566,       97.03216547,         94.19759909,       -0.02647901664,                1.635362813,       590.0342477,       590.0342477,       224548.0134,       224548.0134,       18746.92422,         0.0262448266,        -0.03692635759,       98559.61418,        117306.5384,           288.1634621,            301.8707856,            99359.40044,              125188.613
          0,           0,         121,      -5.752197844,      -3.508913666,      -3.421494271,        -3.4300774,     -0.2911718924,      -3.910144178,     -0.1878750724,    -0.01083783643,    -0.01083783643,      0.4130068926,       583.8133515,       215856.4896,       215856.4896,       2.573247186,       592842.4295,      -24.91464519,       97.10373939,         94.21513999,       -0.02683531072,                1.632344574,       590.0428565,       590.0428565,       224551.9436,       224551.9436,       18735.36622,        0.02617839503,        -0.03701623146,       98560.56169,        117295.9279,           288.1624584,            301.8803982,            99356.27769,             125195.6659
          0,           0,         122,      -5.751736435,       -3.49305691,      -3.427699629,      -3.431454659,      -0.291109167,      -3.911378364,     -0.1927214763,    -0.01097431462,    -0.01097431462,       0.413060166,       583.8122656,       215846.2089,       215846.2089,       2.573132638,       592849.3357,      -25.15402171,       97.15654482,          94.2330447,       -0.02722218225,                1.629892951,       590.0498602,       590.0498602,       224553.5534,       224553.5534,       18723.94614,        0.02611611273,        -0.03709042735,       98561.13136,        117285.0775,           288.1613508,            301.8885095,            99353.04124,             125200.5122
          0,           0,         123,      -5.759445007,      -3.486697458,      -3.438710694,       -3.43287806,     -0.3006627402,      -3.912590735,     -0.1975485528,    -0.01109066361,    -0.01109066361,      0.4130931739,       583.8107497,       215835.4005,       215835.4005,        2.57301366,       592854.6465,      -25.36288153,       97.19076671,         94.25130813,       -0.02763179358,                1.628002395,       590.0552734,       590.0552734,       224552.8755,       224552.8755,       18712.54015,        0.02605829676,        -0.03714896038,       98561.43018,        117273.9703,           288.1602163,            301.8950571,            99349.81474,             125203.0608
          0,           0,         124,      -5.759298541,      -3.470047869,      -3.446052321,      -3.434070929,     -0.3008894013,       -3.91375398,     -0.2023616009,      -0.011187132,      -0.011187132,      0.4131031971,         583.80874,       215823.9256,       215823.9256,       2.572888788,       592858.2165,      -25.54094029,       97.20562804,         94.26994828,       -0.02805564864,                1.626678128,       590.0589516,       590.0589516,       224549.6584,       224549.6584,       18701.38667,        0.02600463544,        -0.03719176745,       98561.26947,        117262.6561,           288.1589287,            301.9000229,            99346.38948,             125203.2689
          0,           0,         125,        -5.7660861,      -3.459605393,      -3.457165249,      -3.435670704,     -0.3084905669,      -3.914899425,     -0.2072553257,    -0.01126357469,    -0.01126357469,      0.4130886666,       583.8062836,       215811.8345,       215811.8345,       2.572758362,       592860.0302,      -25.68742537,        97.2005969,         94.28897902,       -0.02848694779,                1.625927381,        590.060879,        590.060879,       224543.8646,       224543.8646,       18690.63559,        0.02595511579,        -0.03721869048,       98560.59946,        117251.2351,           288.1574536,            301.9034254,            99342.71413,             125201.1505
          0,           0,         126,      -5.767066248,      -3.444767904,      -3.467053421,      -3.437239701,     -0.3099936567,       -3.91592218,     -0.2119900975,    -0.01131977395,    -0.01131977395,      0.4130491377,       583.8035346,       215799.3526,       215799.3526,       2.572624361,       592860.1992,      -25.80146229,       97.17567755,         94.30838975,       -0.02891797744,                1.625751261,       590.0611669,       590.0611669,       224535.6625,       224535.6625,       18680.36179,        0.02590997164,        -0.03722974559,        98559.4954,        117239.8572,           288.1558448,            301.9053221,            99338.87642,              125196.786
          0,           0,         127,      -5.772669413,      -3.433915605,      -3.479289471,      -3.438947514,     -0.3163691625,      -3.916954124,     -0.2166373772,    -0.01135579893,    -0.01135579893,      0.4129850502,       583.8005177,        215786.511,        215786.511,       2.572487065,       592858.7383,      -25.88269588,       97.13132354,         94.32819223,       -0.02934150392,                1.626141995,         590.05983,         590.05983,       224525.0664,       224525.0664,       18670.50739,        0.02586940304,        -0.03722520197,       98558.00179,        117228.5092,           288.1541392,            301.9056908,            99334.93218,             125190.1342
          0,           0,         128,      -5.775433551,      -3.420713656,       -3.49003189,      -3.440707908,     -0.3177708289,      -3.917830488,      -0.221343919,    -0.01137153404,    -0.01137153404,      0.4128966347,       583.7974131,       215773.5598,       215773.5598,       2.572348635,       592855.8127,      -25.93053134,        97.0677777,         94.34837948,       -0.02975152891,                1.627098456,       590.0570327,       590.0570327,       224512.3095,       224512.3095,       18661.15715,        0.02583365105,        -0.03720518509,       98556.20135,        117217.3585,           288.1524006,            301.9046321,              99330.977,             125181.3325
          0,           0,         129,      -5.781173799,      -3.412186611,      -3.504566739,      -3.442601716,     -0.3247163284,       -3.91862718,     -0.2258489597,    -0.01136733998,    -0.01136733998,      0.4127839009,       583.7941553,       215760.3934,       215760.3934,       2.572208108,       592851.3532,       -25.9451248,       96.98536826,         94.36898756,       -0.03014159629,                1.628614565,       590.0527062,       590.0527062,       224497.2786,       224497.2786,       18652.27117,          0.025802691,        -0.03717003098,        98554.0611,        117206.3323,             288.15061,            301.9020962,            99326.97549,             125170.3031
          0,           0,         130,      -5.776746356,      -3.398076824,      -3.511183203,      -3.444667793,     -0.3191018427,      -3.919454028,     -0.2304784203,     -0.0113434513,     -0.0113434513,      0.4126475938,       583.7907933,       215747.0731,       215747.0731,       2.572066041,       592845.4232,      -25.92651909,       96.88464589,         94.39001047,       -0.03050632848,                1.630682589,       590.0469135,       590.0469135,       224480.0538,       224480.0538,       18643.74677,        0.02577664648,        -0.03712009778,       98551.66316,        117195.4099,            288.148834,            301.8980795,             99323.0164,             125157.0374
          0,           0,         131,      -5.786556632,      -3.393044239,       -3.52766649,      -3.447599069,     -0.3300568823,      -3.920382352,     -0.2351848468,    -0.01130040146,    -0.01130040146,      0.4124874964,       583.7872221,       215733.3919,       215733.3919,       2.571920433,       592837.9231,      -25.87520327,        96.7658084,         94.41143362,       -0.03084070902,                1.633297375,       590.0395555,       590.0395555,       224460.4333,       224460.4333,       18635.54279,        0.02575532857,        -0.03705573004,       98548.92456,        117184.4673,           288.1470202,            301.8925353,            99319.00548,             125141.4278
          0,           0,         132,      -5.785982206,      -3.383948418,      -3.536996087,      -3.449867441,      -0.329120354,      -3.920923476,     -0.2395233255,     -0.0112379658,     -0.0112379658,       0.412303003,       583.7838426,       215719.8991,       215719.8991,       2.571776015,       592829.2291,       -25.7905064,       96.62858494,         94.43323953,       -0.03114176026,                1.636472618,       590.0310067,       590.0310067,       224438.9473,       224438.9473,       18627.82734,        0.02573886893,        -0.03697683473,       98546.03589,        117173.8632,           288.1453106,            301.8856961,            99315.14017,             125123.8071
          0,           0,         133,      -5.793321425,      -3.379038081,      -3.549801366,      -3.453130228,     -0.3348563128,      -3.921636818,     -0.2441117511,    -0.01115670853,    -0.01115670853,      0.4120953579,       583.7806092,       215706.5253,       215706.5253,       2.571632227,       592819.3463,      -25.67321443,       96.47374184,         94.45542636,       -0.03140694864,                1.640196601,       590.0212721,       590.0212721,       224415.5954,       224415.5954,       18620.41227,        0.02572723641,        -0.03688394494,       98543.05653,        117163.4688,           288.1437473,            301.8775249,            99311.47761,             125104.1178
          0,           0,         134,      -5.789946568,      -3.370763151,      -3.556294302,      -3.455953962,     -0.3309497013,      -3.922269318,     -0.2485088289,    -0.01105709607,    -0.01105709607,      0.4118649993,       583.7776306,       215693.3891,       215693.3891,       2.571489956,       592808.4176,      -25.52390576,       96.30159994,         94.47797602,       -0.03163462806,                1.644467017,       590.0104939,       590.0104939,       224390.5533,       224390.5533,        18613.4275,        0.02572031809,        -0.03677741416,       98539.98078,        117153.4083,           288.1423214,            301.8681725,            99308.00501,             125082.5483
          0,           0,         135,      -5.799144246,      -3.369308795,      -3.571013432,      -3.459294432,     -0.3396064577,      -3.923065504,     -0.2531300331,    -0.01093963256,    -0.01093963256,      0.4116133212,       583.7749424,       215680.5592,       215680.5592,       2.571349874,       592796.5391,      -25.34339902,       96.11286089,          94.5008647,       -0.03182511272,                1.649275527,        589.998768,        589.998768,       224363.9817,       224363.9817,       18606.85459,        0.02571808113,        -0.03665771369,       98536.85229,        117143.7069,           288.1410599,            301.8577081,            99304.76398,             125059.2177
          0,           0,         136,      -5.795443981,      -3.362779797,      -3.574223089,       -3.46266643,     -0.3353105837,      -3.923987735,     -0.2576182366,    -0.01080483078,    -0.01080483078,      0.4113419554,        583.772498,       215667.9966,       215667.9966,       2.571211683,       592783.7346,      -25.13259281,       95.90825725,         94.52402368,       -0.03197991913,                1.654612855,       589.9861179,       589.9861179,        224335.947,        224335.947,       18600.80429,        0.02572047334,        -0.03652530412,       98533.59616,        117134.4005,           288.1398947,            301.8462232,            99301.67689,             125034.2701
          0,           0,         137,      -5.803313682,      -3.362495588,      -3.584247149,      -3.465867222,     -0.3425449904,      -3.924982114,     -0.2623998262,    -0.01065322279,    -0.01065322279,       0.411052617,       583.7703184,       215655.7149,       215655.7149,       2.571075438,       592770.1044,      -24.89254934,       95.68852685,         94.54749305,       -0.03210216738,                1.660472843,       589.9726437,       589.9726437,         224306.58,         224306.58,       18595.30848,        0.02572741882,        -0.03638064161,       98530.20318,        117125.5117,           288.1388154,            301.8338283,            99298.72989,             125007.8501
          0,           0,         138,      -5.807084203,      -3.361732562,      -3.589331348,       -3.46879336,     -0.3466483092,      -3.925870459,     -0.2668634755,    -0.01048531464,    -0.01048531464,      0.4107471264,       583.7683708,       215643.6917,       215643.6917,       2.570940964,       592755.6967,      -24.62431363,        95.4544052,          94.5711706,       -0.03219591317,                1.666846698,       589.9583932,       589.9583932,       224275.9809,       224275.9809,       18590.51409,        0.02573884409,        -0.03622415873,       98526.58881,        117117.1029,           288.1377455,            301.8206477,             99295.8346,             124980.1463
          0,           0,         139,      -5.811148623,       -3.36181885,      -3.594038022,      -3.472191943,     -0.3486723564,      -3.926885619,     -0.2717775304,    -0.01030162536,    -0.01030162536,      0.4104274049,       583.7666939,       215631.9678,       215631.9678,       2.570808541,       592740.6378,      -24.32903049,       95.20666305,         94.59509092,       -0.03226607843,                1.673728498,       589.9434922,       589.9434922,       224244.3218,       224244.3218,       18586.51876,        0.02575467592,        -0.03605630128,       98522.72452,        117109.2433,           288.1366599,            301.8068323,            99292.95817,             124951.3637
          0,           0,         140,      -5.811985092,      -3.361644752,      -3.594200948,      -3.474798033,     -0.3503904489,      -3.928005482,       -0.27660333,    -0.01010272607,    -0.01010272607,      0.4100962474,       583.7652478,       215620.4666,       215620.4666,       2.570677442,       592725.0017,      -24.00812058,       94.94641383,         94.61916973,       -0.03231953503,                1.681103311,       589.9280145,       589.9280145,       224211.6893,       224211.6893,       18583.27526,        0.02577489047,        -0.03587761655,       98518.59568,        117101.8709,           288.1355422,            301.7924722,            99290.08464,             124921.6047
          0,           0,         141,      -5.815054753,       -3.36340153,      -3.594182453,      -3.477719704,     -0.3521527644,      -3.929029563,     -0.2815364127,    -0.00988901059,    -0.00988901059,      0.4097565064,       583.7640078,        215609.161,        215609.161,       2.570547435,       592708.8722,      -23.66275461,       94.67471005,         94.64336525,       -0.03236398955,                1.688960262,       589.9120435,       589.9120435,       224178.2133,       224178.2133,       18580.83032,        0.02579953847,        -0.03568854906,       98514.16534,        117094.9957,           288.1343589,            301.7776846,             99287.1803,             124891.0331
          0,           0,         142,      -5.822897721,      -3.368131259,      -3.596829945,      -3.480433553,     -0.3590563217,      -3.930106139,     -0.2864007281,   -0.009660947789,   -0.009660947789,      0.4094112533,       583.7629257,       215597.9826,       215597.9826,       2.570417953,       592692.3167,      -23.29427972,       94.39275267,         94.66767646,       -0.03240739791,                1.697286438,        589.895646,        589.895646,       224143.9895,       224143.9895,       18579.08873,        0.02582867247,        -0.03548962026,       98509.44692,        117088.5357,           288.1331257,            301.7625204,            99284.26157,             124859.7279
          0,           0,         143,      -5.825812459,      -3.372185358,      -3.593283143,      -3.482583445,     -0.3630875834,      -3.930922277,     -0.2910859107,   -0.009418803403,   -0.009418803403,      0.4090630189,       583.7620901,       215587.0486,       215587.0486,        2.57028997,       592675.5232,      -22.90376688,       94.10138556,         94.69197562,       -0.03246027618,                1.706074334,       589.8790095,       589.8790095,       224109.2829,       224109.2829,       18578.13945,         0.0258623342,         -0.0352811376,        98504.4546,         117082.594,           288.1318534,            301.7471561,            99281.34578,             124827.9371
          0,           0,         144,       -5.83244538,      -3.378172827,      -3.591290826,      -3.484285949,     -0.3677031798,      -3.931871238,     -0.2958080886,   -0.009162950347,   -0.009162950347,      0.4087139688,       583.7617767,       215576.7207,       215576.7207,       2.570166561,       592658.8636,      -22.49238063,         93.801363,         94.71625356,       -0.03253275473,                 1.71531997,        589.862504,        589.862504,       224074.6048,       224074.6048,       18578.07687,        0.02590051125,         -0.0350634616,       98499.32194,        117077.3988,           288.1306499,            301.7318541,              99278.566,             124796.0388
          0,           0,         145,      -5.836666455,      -3.383934829,      -3.588135303,      -3.486027358,      -0.372146592,      -3.932792424,     -0.3007625106,   -0.008894294315,   -0.008894294315,      0.4083678376,       583.7617828,       215566.7397,       215566.7397,       2.570045586,       592642.2815,      -22.06229915,       93.49432345,         94.74041618,       -0.03263543967,                1.724993284,       589.8460733,       589.8460733,       224039.8996,       224039.8996,       18578.72878,        0.02594312272,        -0.03483741703,       98494.00548,        117072.7343,           288.1294779,            301.7165954,            99275.87501,             124764.0246
          0,           0,         146,      -5.841370982,      -3.391101518,      -3.584747339,      -3.487053666,     -0.3778878327,      -3.933809642,     -0.3055533873,    -0.00861331246,    -0.00861331246,      0.4080272122,       583.7622497,       215557.3055,       215557.3055,       2.569928779,       592626.0315,      -21.61511463,       93.18118329,         94.76448249,       -0.03278302418,                1.735084319,       589.8299707,       589.8299707,       224005.5374,       224005.5374,       18580.19821,        0.02599009099,        -0.03460340345,       98488.55363,        117068.7518,           288.1283806,            301.7015902,            99273.31717,             124732.2203
          0,           0,         147,      -5.841276225,      -3.396059121,      -3.574164697,      -3.487293212,     -0.3780748695,      -3.934954808,     -0.3100782597,   -0.008320725318,   -0.008320725318,      0.4076940219,       583.7632206,       215548.4867,       215548.4867,       2.569816736,       592610.2487,      -21.15250419,       92.86283028,         94.78830199,        -0.0329862085,                1.745576621,       589.8143309,       589.8143309,       223971.7266,       223971.7266,       18582.58518,        0.02604123383,        -0.03436195915,       98482.95078,         117065.536,            288.127339,            301.6869919,            99270.86765,              124700.859
          0,           0,         148,      -5.842150781,      -3.402552795,      -3.566493832,      -3.487195275,     -0.3793520092,      -3.936140328,     -0.3147897018,   -0.008017214912,   -0.008017214912,      0.4073714955,        583.764701,       215540.2707,       215540.2707,       2.569709334,       592595.0683,      -20.67636213,       92.54057735,         94.81189078,       -0.03325866455,                1.756448658,       589.7992883,       589.7992883,       223938.6368,       223938.6368,       18585.74859,        0.02609648763,        -0.03411370254,       98477.26106,        117063.0097,           288.1264015,            301.6728868,            99268.58797,             124670.0488
          0,           0,         149,      -5.842705262,      -3.410210253,      -3.558125371,      -3.487139514,     -0.3806795816,      -3.937320663,     -0.3189729858,   -0.007703536968,   -0.007703536968,      0.4070629306,       583.7665658,       215532.4948,       215532.4948,        2.56960516,       592580.4937,      -20.18867161,       92.21582132,         94.83515229,       -0.03361439953,                1.767672173,       589.7848462,       589.7848462,       223906.2869,       223906.2869,       18589.74107,        0.02615576173,         -0.0338592987,       98471.37686,        117061.1179,           288.1254783,            301.6593679,            99266.36697,             124639.9199
          0,           0,         150,      -5.847105248,      -3.418088926,      -3.550394079,      -3.487366071,     -0.3841265059,      -3.938386297,     -0.3233118969,   -0.007380543907,   -0.007380543907,      0.4067716758,       583.7688107,       215525.1371,       215525.1371,       2.569504045,       592566.6423,      -19.69138299,        91.8902225,         94.85814165,       -0.03406317821,                 1.77921607,       589.7711216,       589.7711216,       223874.8257,       223874.8257,       18594.36484,        0.02621906165,        -0.03359960556,       98465.38615,         117059.751,           288.1246418,            301.6464798,            99264.29367,              124610.532
          0,           0,         151,      -5.849156446,      -3.427508924,      -3.543138838,       -3.48688224,     -0.3850355103,      -3.939585266,     -0.3275043855,   -0.007049502071,   -0.007049502071,      0.4065014621,       583.7710823,       215517.7202,       215517.7202,       2.569401925,       592553.3015,      -19.18717885,       91.56579118,         94.88056932,        -0.0346155718,                1.791023005,       589.7579029,       589.7579029,       223843.9642,       223843.9642,       18599.39145,        0.02628622816,        -0.03333573024,       98459.16437,        117058.5558,           288.1237907,            301.6341122,            99262.23556,             124581.7287
          0,           0,         152,      -5.855182808,       -3.43936479,      -3.538279664,       -3.48582691,      -0.393149577,        -3.9405544,     -0.3320601248,    -0.00671039055,    -0.00671039055,       0.406252098,       583.7739492,       215511.0248,       215511.0248,       2.569305387,       592541.0535,      -18.67643614,       91.24230653,         94.90265797,       -0.03528529555,                1.803112931,       589.7457694,       589.7457694,       223814.5334,       223814.5334,       18605.47551,        0.02635717563,        -0.03306756618,       98452.77466,        117058.2502,           288.1229773,            301.6227921,            99260.25178,             124554.2816
          0,           0,         153,      -5.864700364,       -3.45367177,      -3.535704313,      -3.485263637,      -0.400766988,      -3.941319789,     -0.3364167701,   -0.006363922251,   -0.006363922251,      0.4060251572,       583.7773671,       215505.0084,       215505.0084,       2.569214112,       592529.9147,      -18.16060422,       90.92081976,         94.92426245,       -0.03607944216,                1.815459265,       589.7347374,       589.7347374,       223786.5767,       223786.5767,        18612.6287,        0.02643181525,         -0.0327957375,       98446.18985,        117058.8185,            288.122176,            301.6125613,            99258.31113,             124528.2656
          0,           0,         154,      -5.869429267,      -3.466117614,      -3.531275083,       -3.48500746,     -0.4072112571,      -3.941931891,     -0.3404960441,   -0.006011352292,   -0.006011352292,       0.405824205,       583.7810737,       215499.3005,       215499.3005,       2.569124981,       592519.7534,      -17.64230281,       90.60338586,         94.94513874,       -0.03700745132,                 1.82799955,       589.7246757,       589.7246757,       223759.8941,       223759.8941,       18620.43513,        0.02651003483,        -0.03252138713,       98439.43266,        117059.8678,           288.1213979,            301.6032778,            99256.43046,             124503.4637
          0,           0,         155,      -5.872284368,      -3.477394122,      -3.524965787,      -3.484593433,     -0.4098913684,      -3.942362413,      -0.343823281,    -0.00565332677,    -0.00565332677,      0.4056510093,       583.7853301,       215494.2603,       215494.2603,       2.569041022,       592510.9024,      -17.12295805,       90.29100624,         94.96550427,       -0.03807946196,                1.840713134,       589.7159158,       589.7159158,       223734.9602,       223734.9602,       18629.20193,        0.02659178131,        -0.03224510808,       98432.52917,        117061.7311,           288.1206576,            301.5952582,            99254.63317,             124480.3271
          0,           0,         156,      -5.874394595,      -3.489165912,      -3.518980154,      -3.483548471,      -0.413590973,      -3.942872907,     -0.3467259793,   -0.005291071791,   -0.005291071791,      0.4055075893,       583.7901399,       215489.8691,       215489.8691,       2.568962018,       592503.4586,      -16.60505159,       89.98515414,         94.98534117,        -0.0393070287,                1.853549695,        589.708554,        589.708554,       223711.8904,       223711.8904,       18638.88228,        0.02667678606,        -0.03196785785,       98425.49342,        117064.3757,            288.119971,             301.588583,            99252.91872,             124458.9717
          0,           0,         157,      -5.880547032,      -3.502914574,       -3.51508295,      -3.483820852,     -0.4191378599,      -3.943263673,     -0.3494753452,   -0.004926004247,   -0.004926004247,      0.4053964693,       583.7952112,       215485.7261,       215485.7261,       2.568884586,       592497.2169,      -16.09092675,       89.68786103,         95.00431898,       -0.04069120166,                1.866434482,       589.7023861,       589.7023861,       223690.3946,       223690.3946,       18649.12892,        0.02676492466,        -0.03169092891,       98418.29861,        117067.4275,           288.1193077,            301.5830784,            99251.25482,             124439.1398
          0,           0,         158,      -5.880602803,      -3.513728411,      -3.509726151,       -3.48432319,     -0.4207907386,      -3.943513199,     -0.3516450584,   -0.004559350277,   -0.004559350277,      0.4053188019,       583.8004761,       215481.7226,       215481.7226,       2.568807773,       592492.1683,      -15.58268971,       89.40041443,         95.02270746,       -0.04223578172,                1.879322582,       589.6974033,       589.6974033,       223670.4443,       223670.4443,       18659.82781,        0.02685592795,        -0.03141527823,       98410.94741,        117070.7752,           288.1186661,            301.5787372,             99249.6288,             124420.8155
          0,           0,         159,      -5.882206225,      -3.526013573,      -3.504914402,      -3.485102145,     -0.4234824918,      -3.943735353,     -0.3540292202,   -0.004191219707,   -0.004191219707,      0.4052735256,       583.8063758,       215478.4813,       215478.4813,       2.568736916,       592488.7269,      -15.08052225,       89.12267404,         95.04037489,       -0.04394474361,                 1.89220862,       589.6940177,       589.6940177,       223652.6431,       223652.6431,       18671.42323,        0.02694973716,        -0.03114095687,       98403.52903,        117074.9523,           288.1181048,            301.5759129,            99248.12553,             124404.5176
          0,           0,         160,       -5.88329327,      -3.537914111,      -3.500719612,      -3.485420338,     -0.4241586842,      -3.943833883,     -0.3560987546,   -0.003823137201,   -0.003823137201,      0.4052622227,       583.8125147,       215475.4628,       215475.4628,       2.568667505,       592486.5481,       -14.5866092,       88.85660065,         95.05702687,       -0.04581218782,                1.905010328,       589.6918862,       589.6918862,       223636.5049,       223636.5049,       18683.37383,        0.02704618803,        -0.03086932523,       98396.04449,        117079.4183,           288.1176162,              301.57427,            99246.73912,             124389.7658
          0,           0,         161,      -5.884498656,      -3.549609367,      -3.495880975,      -3.487555493,     -0.4255767676,      -3.943889052,     -0.3581382186,   -0.003456392265,   -0.003456392265,      0.4052857723,       583.8189183,       215472.6967,       215472.6967,       2.568599804,       592485.7004,      -14.10287947,       88.60360685,         95.07291725,       -0.04783502557,                1.917671207,       589.6910773,       589.6910773,       223622.1227,       223622.1227,       18695.60938,        0.02714508886,        -0.03060148113,       98388.54367,         117084.153,           288.1172302,            301.5738471,            99245.50716,             124376.6155
          0,           0,         162,      -5.889465884,      -3.561312428,        -3.4953052,      -3.490467723,     -0.4309415873,      -3.944025618,     -0.3600075041,   -0.003091657766,   -0.003091657766,       0.405343294,       583.8259417,        215470.665,        215470.665,       2.568537874,       592486.5276,      -13.63013099,       88.36399316,         95.08801631,       -0.05001133338,                 1.93016172,       589.6919329,       589.6919329,       223609.9806,       223609.9806,       18708.50767,        0.02724625284,        -0.03033791061,       98381.07869,        117089.5864,            288.116985,            301.5749479,            99244.47058,               124365.51
          0,           0,         163,       -5.89288455,      -3.572073462,      -3.493727989,      -3.493334046,      -0.434105209,      -3.944204997,     -0.3623824368,   -0.002730112654,   -0.002730112654,      0.4054351503,       583.8334966,        215469.263,        215469.263,       2.568480895,       592488.9651,      -13.17015656,       88.13902191,         95.10211192,       -0.05233805307,                1.942412625,       589.6943889,       589.6943889,        223600.005,        223600.005,       18721.94431,        0.02734947246,        -0.03007958512,       98373.65933,        117095.6036,           288.1168693,            301.5775197,            99243.62687,             124356.3781
          0,           0,         164,      -5.888073199,      -3.579289101,      -3.491812031,       -3.49641788,     -0.4310848363,      -3.944599158,     -0.3639535079,   -0.002373085309,   -0.002373085309,       0.405560327,       583.8415724,       215468.4626,       215468.4626,       2.568428563,       592492.9949,      -12.72429796,       87.92928213,         95.11535505,       -0.05480317565,                1.954376547,       589.6984275,       589.6984275,         223592.16,         223592.16,       18735.96781,        0.02745432797,        -0.02982741328,       98366.24739,        117102.2152,            288.116843,            301.5815846,            99242.91542,             124349.2446
          0,           0,         165,      -5.890003469,      -3.586508292,      -3.490607756,      -3.501000973,      -0.432061126,      -3.944985762,     -0.3658762063,   -0.002021649314,   -0.002021649314,      0.4057171519,       583.8502045,       215468.3054,       215468.3054,         2.5683812,       592498.6175,      -12.29365939,       87.73521485,         95.12768095,       -0.05739556649,                1.966006173,       589.7040491,       589.7040491,       223586.4426,       223586.4426,       18750.63408,        0.02756047789,         -0.0295821272,       98358.83568,        117109.4698,           288.1168953,            301.5871538,            99242.30879,             124344.1338
          0,           0,         166,      -5.885502235,      -3.591827556,      -3.490585448,      -3.506122378,     -0.4306493848,      -3.945579674,     -0.3673656325,   -0.001676988294,   -0.001676988294,      0.4059049892,       583.8592277,       215468.5523,       215468.5523,       2.568336765,       592505.6632,      -11.87971151,       87.55764977,          95.1390272,       -0.06010493436,                1.977239293,        589.711085,        589.711085,       223582.5984,       223582.5984,       18765.71113,        0.02766760198,        -0.02934459028,        98351.4206,        117117.1317,           288.1170141,            301.5940709,            99241.78459,             124340.8138
          0,           0,         167,      -5.887520846,      -3.595766576,      -3.490772473,      -3.511601281,     -0.4296178927,      -3.946217035,     -0.3696512231,   -0.001340387164,   -0.001340387164,      0.4061229946,       583.8685565,       215469.0923,       215469.0923,       2.568294391,       592514.0238,      -11.48346444,       87.39765234,         95.14931745,       -0.06290768155,                1.988008103,       589.7194275,       589.7194275,         223580.48,         223580.48,       18780.96924,        0.02777553134,        -0.02911591851,       98344.06151,        117125.0307,           288.1172316,            301.6021959,            99241.39198,              124339.088
          0,           0,         168,      -5.886505537,      -3.602500331,       -3.49353873,      -3.518059822,     -0.4312226137,      -3.946801618,     -0.3717182722,    -0.00101290424,    -0.00101290424,      0.4063691295,       583.8782502,       215469.9839,       215469.9839,        2.56825445,       592523.7209,       -11.1059884,       87.25538098,         95.15859489,       -0.06579102784,                1.998268818,       589.7290982,       589.7290982,       223580.1006,       223580.1006,        18796.6077,        0.02788383263,        -0.02889673687,       98336.68812,        117133.2958,           288.1174905,            301.6116077,            99241.03315,             124339.0674
          0,           0,         169,      -5.883271761,      -3.600131022,      -3.493504671,      -3.524422064,     -0.4258056426,      -3.947552761,     -0.3738822635,  -0.0006953458563,  -0.0006953458563,      0.4066428209,       583.8884024,       215471.3699,       215471.3699,       2.568218299,       592534.8287,      -10.74781934,       87.13164333,         95.16683134,       -0.06873570338,                2.007966902,        589.740171,        589.740171,       223581.5744,       223581.5744,       18812.44679,        0.02799248527,        -0.02868783112,       98329.46156,        117141.9083,           288.1179003,            301.6222707,             99240.8673,             124340.7071
          0,           0,         170,      -5.882551485,      -3.604679856,       -3.49903754,      -3.533018738,     -0.4297658389,       -3.94851296,      -0.376016096,  -0.0003887890452,  -0.0003887890452,      0.4069435892,       583.8989065,       215473.1446,       215473.1446,        2.56818527,       592547.2212,      -10.40977712,       87.02754561,         95.17399734,       -0.07171738661,                2.017034274,       589.7525208,       589.7525208,       223584.7614,       223584.7614,        18828.1232,        0.02810143373,        -0.02849022278,       98322.51072,        117150.6339,           288.1185217,            301.6339991,            99241.01895,             124343.7425
          0,           0,         171,      -5.883276827,      -3.605288587,      -3.504527074,      -3.541301641,     -0.4295035114,      -3.949604906,     -0.3785199746,  -9.466590665e-05,  -9.466590665e-05,      0.4072681214,       583.9095991,       215475.0303,       215475.0303,       2.568152685,       592560.6784,      -10.09327938,       86.94275901,         95.18003329,       -0.07472158816,                2.025425299,       589.7659284,       589.7659284,       223589.3091,       223589.3091,       18843.89208,        0.02820984863,        -0.02830451454,       98315.56909,        117159.4612,           288.1191675,            301.6467609,            99241.17323,             124348.1359
          0,           0,         172,      -5.878982701,      -3.601135802,      -3.508783635,      -3.549011233,     -0.4251630369,      -3.950786565,     -0.3806459915,   0.0001857716802,   0.0001857716802,      0.4076143344,       583.9203224,       215476.8277,       215476.8277,       2.568118949,       592574.9829,      -9.798870634,       86.87789406,         95.18498997,       -0.07771413956,                2.033083854,       589.7801778,       589.7801778,       223594.9301,       223594.9301,       18859.51503,        0.02831748262,        -0.02813171094,       98308.65632,        117168.1714,           288.1198321,            301.6603457,            99241.33283,             124353.5973
          0,           0,         173,       -5.87657479,      -3.601716006,      -3.514773115,       -3.55674025,     -0.4257338944,      -3.952005527,      -0.383114901,   0.0004519560519,   0.0004519560519,      0.4079791644,       583.9312056,       215478.6973,       215478.6973,       2.568085343,       592590.1879,      -9.526447599,       86.83232075,         95.18885011,        -0.0806739707,                2.039995828,       589.7953221,       589.7953221,       223601.6856,       223601.6856,       18875.19292,        0.02842397153,        -0.02797201548,       98301.75221,        117176.9451,           288.1205024,            301.6748197,            99241.45333,             124360.2322
          0,           0,         174,      -5.871391393,      -3.594869082,      -3.522283314,      -3.567729221,     -0.4206081163,      -3.953230975,     -0.3852981024,   0.0007026405348,   0.0007026405348,      0.4083588882,       583.9420428,        215480.355,        215480.355,       2.568049406,         592605.99,      -9.276373653,       86.80583682,         95.19158314,       -0.08356692841,                2.046125188,       589.8110593,       589.8110593,       223609.1537,       223609.1537,       18890.86374,        0.02852879309,        -0.02782615255,       98294.74566,        117185.6094,           288.1210838,            301.6899754,            99241.38995,             124367.7638
          0,           0,         175,      -5.867193065,      -3.588639134,       -3.52952814,      -3.577283917,      -0.417377151,      -3.954488742,     -0.3868727521,   0.0009380840458,   0.0009380840458,      0.4087517936,       583.9531646,       215482.3007,       215482.3007,       2.568015664,       592622.6402,      -9.047180194,        86.7982629,         95.19315895,       -0.08636579301,                2.051471833,       589.8276392,       589.8276392,       223617.7266,       223617.7266,       18906.47318,        0.02863226783,        -0.02769418378,       98287.91377,        117194.3869,           288.1217629,            301.7058763,            99241.43549,             124376.2911
          0,           0,         176,      -5.867025612,      -3.587625717,      -3.539849502,      -3.586129575,     -0.4184703561,      -3.955644807,     -0.3890821605,    0.001157551457,    0.001157551457,      0.4091559162,       583.9643943,       215484.3267,       215484.3267,       2.567982503,       592639.9041,      -8.838799032,       86.80963227,         95.19358417,        -0.0890431774,                2.056008394,       589.8448287,       589.8448287,       223627.1081,       223627.1081,       18921.77714,        0.02873417868,        -0.02757662722,       98281.27478,        117203.0519,           288.1225165,            301.7223122,             99241.5958,             124385.5123
          0,           0,         177,       -5.86462114,      -3.582959394,      -3.549216929,      -3.595136588,     -0.4161343257,      -3.956807822,     -0.3911023463,    0.001361097941,    0.001361097941,       0.409569273,       583.9759927,       215486.7961,       215486.7961,       2.567953131,       592657.9663,      -8.649968618,       86.83963882,         95.19287841,       -0.09157141466,                2.059738607,       589.8628116,       589.8628116,       223637.5574,       223637.5574,       18936.72095,        0.02883468654,         -0.0274735886,       98275.03759,        117211.7585,           288.1235058,            301.7393058,            99242.08664,             124395.4708
          0,           0,         178,      -5.862637113,      -3.578234232,       -3.55919712,      -3.604063223,     -0.4136968318,      -3.957871771,     -0.3938961157,    0.001547810083,    0.001547810083,      0.4099886569,       583.9877523,       215489.3797,       215489.3797,       2.567924546,       592676.5448,      -8.480907706,       86.88770896,         95.19101342,       -0.09392495924,                 2.06264814,       589.8813076,       589.8813076,       223648.6371,       223648.6371,       18951.28767,        0.02893324925,        -0.02738543917,       98269.04602,        117220.3337,           288.1246142,            301.7566934,            99242.71573,             124405.9214
          0,           0,         179,      -5.863035389,      -3.576623153,      -3.573880166,      -3.612995349,      -0.415387507,      -3.958913981,     -0.3960499538,     0.00171720037,     0.00171720037,      0.4104098138,        583.999657,       215492.0495,       215492.0495,       2.567896361,       592695.5207,      -8.331229796,       86.95242953,         95.18797078,       -0.09608506898,                2.064756298,       589.9001982,       589.9001982,       223660.1847,       223660.1847,       18965.83602,        0.02902926331,        -0.02731206294,       98263.10674,        117228.9428,           288.1256934,            301.7745048,            99243.25098,             124416.9337
          0,           0,         180,      -5.862683632,      -3.572982041,      -3.588310513,      -3.621960069,     -0.4150201271,      -3.959751782,     -0.3988268513,    0.001869351996,    0.001869351996,      0.4108332114,       584.0116336,       215494.7676,       215494.7676,       2.567868675,       592714.7987,      -8.200012908,       87.03447786,         95.18376396,       -0.09802803933,                2.066046642,       589.9193887,       589.9193887,       223672.1146,       223672.1146,       18979.71632,        0.02912316838,        -0.02725381638,       98257.52564,         117237.242,           288.1269398,            301.7924489,            99244.02387,             124428.0907
          0,           0,         181,      -5.857709067,      -3.567289548,      -3.599379042,      -3.627472095,     -0.4119526603,      -3.960521782,     -0.4006044146,    0.002004727744,    0.002004727744,      0.4112576793,       584.0239421,        215497.881,        215497.881,       2.567844482,       592734.5936,      -8.086120009,       87.13316884,         95.17838732,         -0.099745491,                2.066544942,       589.9390929,       589.9390929,       223684.7134,       223684.7134,       18992.93194,        0.02921507649,        -0.02721034875,       98252.47451,        117245.4064,           288.1284719,             301.810621,            99245.21182,             124439.5016
          0,           0,         182,      -5.861716164,      -3.566640328,      -3.616231991,      -3.633623162,     -0.4155324251,      -3.961234009,     -0.4039847992,    0.002123089628,    0.002123089628,      0.4116793996,        584.036599,       215501.4309,       215501.4309,       2.567824116,       592754.8206,      -7.988751534,       87.24718862,         95.17183138,        -0.1012182403,                2.066281911,       589.9592267,       589.9592267,       223697.8897,       223697.8897,       19005.71878,        0.02930458539,        -0.02718149576,       98247.85604,        117253.5748,           288.1302048,            301.8290219,            99246.68977,                124451.2
          0,           0,         183,      -5.859092006,      -3.561902071,       -3.62850858,      -3.639547515,     -0.4149794423,      -3.961893512,     -0.4066718765,    0.002223919064,    0.002223919064,      0.4120957745,       584.0493119,       215505.0003,       215505.0003,       2.567803911,       592775.1314,      -7.908055117,       87.37569243,         95.16409151,        -0.1024349638,                2.065266875,       589.9794433,       589.9794433,        223711.143,        223711.143,       19018.03392,        0.02939117748,        -0.02716725841,       98243.48318,        117261.5171,           288.1319919,            301.8474514,            99248.23585,             124462.9072
          0,           0,         184,      -5.864538828,      -3.561171894,      -3.646367272,      -3.644559908,     -0.4188378006,      -3.962451644,     -0.4108138079,    0.002307535692,    0.002307535692,      0.4125051359,        584.062154,       215508.7534,       215508.7534,       2.567785503,       592795.5415,      -7.842988526,       87.51786335,         95.15517332,        -0.1033869592,                2.063532406,       589.9997583,       589.9997583,       223724.5608,       223724.5608,       19029.87372,        0.02947485486,        -0.02716731917,       98239.43985,        117269.3136,           288.1338677,            301.8658907,            99249.93166,             124474.6291
          0,           0,         185,      -5.860413903,      -3.556956302,      -3.656619169,      -3.644763137,     -0.4166621288,      -3.962859336,     -0.4140658619,    0.002373670368,    0.002373670368,      0.4129053807,       584.0749343,       215512.4204,       215512.4204,       2.567766563,       592815.8078,      -7.793379832,       87.67294207,         95.14510436,        -0.1040647252,                 2.06109619,         590.01993,         590.01993,       223737.7967,       223737.7967,       19041.12597,        0.02955527953,        -0.02718160916,       98235.64721,        117276.7732,           288.1357744,            301.8841556,            99251.67446,             124486.1223
          0,           0,         186,      -5.864674552,      -3.556384742,      -3.671872763,      -3.646655862,     -0.4188120866,      -3.963287858,     -0.4182499041,    0.002422641702,    0.002422641702,      0.4132954466,        584.087647,       215516.0435,       215516.0435,       2.567747615,       592835.8952,      -7.758722458,        87.8401571,         95.13386905,        -0.1044707823,                2.057988031,       590.0399235,       590.0399235,        223750.854,        223750.854,       19051.81524,        0.02963236327,        -0.02720972157,       98232.11413,        117283.9294,           288.1376996,            301.9022239,            99253.46511,             124497.3889
          0,           0,         187,      -5.864796778,      -3.555097938,      -3.684147814,      -3.647260936,     -0.4227666688,      -3.963608024,     -0.4218562166,    0.002455299533,    0.002455299533,      0.4136756483,       584.1002787,       215519.6006,       215519.6006,       2.567728654,       592855.7604,      -7.737520794,       88.01931382,         95.12148743,        -0.1045999244,                2.054240687,       590.0596959,       590.0596959,       223763.6521,       223763.6521,        19061.3857,        0.02970656597,        -0.02725126644,       98229.10743,        117290.4931,            288.139838,            301.9198578,            99255.59791,             124508.0542
          0,           0,         188,      -5.868235596,      -3.554613785,       -3.69810633,      -3.647268596,      -0.425200203,      -3.963963726,     -0.4261754451,    0.002471576079,    0.002471576079,      0.4140429557,       584.1126691,       215522.9083,       215522.9083,       2.567708069,       592875.1845,      -7.729768107,       88.20876861,           95.107945,        -0.1044589609,                2.049898323,       590.0790293,       590.0790293,        223775.939,        223775.939,       19070.21538,        0.02977726595,        -0.02730568987,       98226.34645,        117296.5618,           288.1419729,            301.9370563,            99257.75032,             124518.1887
          0,           0,         189,      -5.869529227,      -3.553875095,      -3.705131754,       -3.64351358,     -0.4278873041,      -3.964261835,     -0.4303113133,    0.002472086431,    0.002472086431,      0.4143965417,       584.1247838,       215525.9141,       215525.9141,       2.567685428,       592894.1097,      -7.734840566,       88.40749806,         95.09330582,        -0.1040580904,                2.045006369,       590.0978662,       590.0978662,       223787.6274,       223787.6274,       19078.19764,        0.02984439775,        -0.02737231132,       98223.85822,        117302.0559,           288.1441204,            301.9537458,            99259.94253,             124527.6849
          0,           0,         190,      -5.873060063,      -3.555402919,      -3.712539131,      -3.639667739,     -0.4331858877,      -3.964572457,      -0.434661509,    0.002457647485,    0.002457647485,       0.414735571,       584.1366033,       215528.5887,       215528.5887,       2.567660479,       592912.4879,      -7.751876822,       88.61434581,         95.07753747,        -0.1034101143,                2.039616428,        590.116159,        590.116159,       223798.6461,       223798.6461,       19085.28622,        0.02990794827,        -0.02745030079,       98221.65122,        117306.9374,           288.1462799,            301.9698791,            99262.18029,             124536.4658
          0,           0,         191,      -5.874341924,      -3.555884566,      -3.714385836,      -3.635651136,     -0.4347746463,      -3.964861163,     -0.4389152751,     0.00242884852,     0.00242884852,      0.4150587124,       584.1480032,       215530.7469,       215530.7469,       2.567631554,       592930.1635,      -7.780437313,        88.8279719,         95.06069317,        -0.1025305565,                2.033779931,       590.1337525,       590.1337525,       223808.7655,       223808.7655,       19091.51555,        0.02996768285,        -0.02753883433,       98219.61566,        117311.1312,           288.1483712,            301.9853814,            99264.33702,             124544.4285
          0,           0,         192,      -5.878099568,      -3.555430949,      -3.714406563,      -3.631203862,     -0.4370448816,      -3.965164767,     -0.4436873062,    0.002386498252,    0.002386498252,      0.4153652339,       584.1590298,       215532.4628,       215532.4628,       2.567599294,       592947.1638,      -7.819862908,       89.04717389,         95.04277639,         -0.101436699,                 2.02754881,        590.150674,        590.150674,       223818.0381,       223818.0381,       19097.00179,        0.03002354266,        -0.02763704441,        98217.7305,        117314.7323,           288.1503793,            302.0002948,            99266.38545,             124551.6526
          0,           0,         193,      -5.880301329,      -3.557369673,      -3.711170015,      -3.624917188,     -0.4430242978,       -3.96560418,      -0.448210642,    0.002331619555,    0.002331619555,      0.4156551846,       584.1697932,       215533.9035,       215533.9035,       2.567565198,       592963.5982,      -7.869439461,       89.27091528,         95.02382932,        -0.1001505655,                2.020974826,       590.1670326,       590.1670326,       223826.6352,       223826.6352,       19101.77163,        0.03007561176,        -0.02774399221,       98216.06593,        117317.8376,           288.1523497,            302.0146828,            99268.39956,             124558.2357
          0,           0,         194,      -5.888372293,      -3.558329364,      -3.704469297,      -3.618320037,      -0.445298751,      -3.966134597,       -0.45416661,    0.002265166382,    0.002265166382,      0.4159282315,       584.1802688,        215535.044,        215535.044,       2.567529065,        592979.436,      -7.928614856,       89.49798057,         95.00385845,       -0.09869568862,                2.014110022,       590.1827975,       590.1827975,       223834.5251,       223834.5251,       19105.86312,        0.03012384478,         -0.0278586784,       98214.59044,        117320.4536,           288.1542562,            302.0285413,            99270.34333,             124564.1818
          0,           0,         195,      -5.889384836,      -3.565012076,      -3.700026924,      -3.612249424,     -0.4563300766,      -3.966526494,     -0.4584391971,    0.002188278315,    0.002188278315,      0.4161845905,       584.1904698,       215535.9059,       215535.9059,       2.567491101,       592994.6963,      -7.996742987,       89.72724309,         94.98289214,       -0.09709796501,                2.007007043,       590.1979879,       590.1979879,       223841.7371,       223841.7371,       19109.25106,        0.03016830636,        -0.02798002804,       98213.32741,        117322.5785,           288.1561139,             302.041874,            99272.24232,             124569.4948
          0,           0,         196,      -5.900120838,      -3.566807893,      -3.692739248,      -3.607541771,     -0.4601927763,      -3.966936409,     -0.4642708036,    0.002101882651,    0.002101882651,      0.4164241749,       584.2003301,       215536.3868,       215536.3868,       2.567450379,       593009.3121,       -8.07334965,       89.95765021,         94.96094373,       -0.09538021122,                1.999711357,        590.212537,        590.212537,       223848.1668,       223848.1668,       19111.92419,        0.03020898094,        -0.02810709829,       98212.23129,        117324.1555,           288.1578891,            302.0546478,            99274.04855,             124574.1183
          0,           0,         197,      -5.903884584,      -3.573198458,      -3.686046633,      -3.600970635,     -0.4742353932,       -3.96729677,     -0.4684196832,    0.002007268986,    0.002007268986,      0.4166474612,       584.2099199,       215536.5651,       215536.5651,       2.567407551,       593023.3643,      -8.157638229,       90.18807424,         94.93807023,       -0.09356925126,                1.992277003,       590.2265254,       590.2265254,       223853.9062,       223853.9062,       19113.81765,        0.03024600536,        -0.02823873637,       98211.37371,        117325.1914,           288.1596408,            302.0668846,            99275.84116,              124578.065
          0,           0,         198,      -5.911842599,      -3.575462495,      -3.673096669,      -3.594755358,     -0.4771648672,      -3.967704746,     -0.4732563085,    0.001905452111,    0.001905452111,      0.4168542023,       584.2191934,       215536.3737,       215536.3737,       2.567362022,       593036.7989,      -8.248943806,       90.41737872,          94.9142863,       -0.09168628623,                1.984751366,       590.2398995,       590.2398995,       223858.8757,       223858.8757,       19114.91411,        0.03027939586,        -0.02837394375,       98210.72978,        117325.6439,           288.1613491,            302.0785504,            99277.59493,             124581.2808
          0,           0,         199,      -5.914475456,      -3.579935736,      -3.660511651,      -3.589331191,      -0.484766217,      -3.968032609,     -0.4772844968,    0.001797557498,    0.001797557498,      0.4170444294,       584.2281639,       215535.8215,       215535.8215,        2.56731382,       593049.6322,      -8.346605393,       90.64435735,         94.88961524,       -0.08975611773,                1.977183716,       590.2526755,       590.2526755,       223863.0895,       223863.0895,        19115.2704,        0.03030917731,        -0.02851161981,       98210.27558,         117325.546,           288.1629986,            302.0896769,            99279.28643,             124583.8031
          0,           0,         200,      -5.923947142,      -3.583621539,      -3.647130806,      -3.584669161,      -0.488958573,      -3.968374451,     -0.4817685849,    0.001684781801,    0.001684781801,      0.4172181477,       584.2368576,       215534.9369,       215534.9369,        2.56726316,        593061.887,      -8.449729052,       90.86782784,         94.86408186,       -0.08780060263,                1.969623915,        590.264876,        590.264876,       223866.5709,       223866.5709,       19114.89618,        0.03033544611,        -0.02865066431,       98210.02037,        117324.9166,           288.1645987,            302.1002773,            99280.93047,             124585.6404
          0,           0,         201,      -5.924443068,      -3.587504602,      -3.635604902,      -3.579915988,     -0.4951269677,      -3.968610065,     -0.4849482848,    0.001568212521,    0.001568212521,      0.4173751102,       584.2452826,       215533.7172,       215533.7172,       2.567209983,       593073.5651,      -8.557578066,       91.08655699,         94.83773183,       -0.08584096965,                1.962119153,       590.2765029,       590.2765029,       223869.3075,       223869.3075,       19113.76785,        0.03035822057,        -0.02879000805,       98209.97466,        117323.7425,           288.1661608,            302.1103421,            99282.53761,             124586.7699
          0,           0,         202,      -5.938188307,      -3.594805733,      -3.626317468,      -3.576078063,     -0.5073893592,      -3.968963257,     -0.4883851811,    0.001448895108,    0.001448895108,      0.4175149309,          584.2534,       215532.1036,       215532.1036,       2.567153773,       593084.6116,      -8.669264339,       91.29939197,         94.81058206,       -0.08389377521,                 1.95471335,       590.2875017,       590.2875017,       223871.2165,       223871.2165,        19111.8537,        0.03037755432,        -0.02892865921,       98210.12493,        117321.9786,           288.1676772,            302.1198245,            99284.09719,             124587.1193
          0,           0,         203,      -5.938956517,      -3.598615883,      -3.614748513,      -3.572341735,     -0.5131267363,      -3.969202706,     -0.4910916588,    0.001327969396,    0.001327969396,      0.4176373905,       584.2612261,       215530.1186,       215530.1186,       2.567094709,       593095.0346,      -8.783891672,       91.50510605,         94.78266169,        -0.0819783652,                1.947452232,       590.2978803,       590.2978803,       223872.3084,       223872.3084,       19109.19113,        0.03039350702,        -0.02906553763,       98210.46371,        117319.6548,           288.1691446,            302.1287357,            99285.60513,             124586.7033
          0,           0,         204,      -5.948944454,       -3.60475531,      -3.604566785,      -3.569816478,     -0.5236102292,       -3.96938422,     -0.4931396508,    0.001206461807,    0.001206461807,      0.4177417254,       584.2687538,       215527.7481,       215527.7481,       2.567032638,       593104.8009,      -8.900481853,       91.70244829,         94.75398181,       -0.08010910255,                1.940379462,       590.3076059,       590.3076059,       223872.5331,       223872.5331,       19105.82776,        0.03040610663,        -0.02919964482,       98210.96018,        117316.7879,           288.1705403,            302.1370656,            99287.03202,             124585.5011
          0,           0,         205,      -5.953818106,      -3.609571806,      -3.595704985,      -3.568491379,     -0.5316508726,      -3.969506423,     -0.4949551245,    0.001085536967,    0.001085536967,      0.4178271254,       584.2760446,       215525.0645,       215525.0645,       2.566968141,       593113.9467,      -9.017861304,       91.88997376,         94.72461607,       -0.07830053777,                 1.93354567,       590.3167144,       590.3167144,       223871.9273,       223871.9273,       19101.78285,        0.03041539531,        -0.02932985834,       98211.64082,        117313.4237,            288.171888,            302.1448265,            99288.40648,             124583.5208
          0,           0,         206,      -5.960269144,      -3.614652806,      -3.586086957,      -3.567101744,     -0.5387788246,      -3.969688698,     -0.4962575514,   0.0009660812603,   0.0009660812603,      0.4178928639,       584.2830333,       215521.9703,       215521.9703,       2.566900356,         593122.38,      -9.135109088,       92.06659686,          94.6945783,       -0.07656269965,                1.926986168,       590.3251144,       590.3251144,       223870.3533,       223870.3533,       19097.02276,          0.030421402,        -0.02945532074,       98212.47376,        117309.4965,           288.1731648,            302.1519496,            99289.69842,             124580.6548
          0,           0,         207,      -5.960784049,      -3.617475694,      -3.577117531,      -3.565772262,     -0.5402866948,      -3.969735862,     -0.4974769318,    0.000849208806,    0.000849208806,      0.4179381818,       584.2897742,       215518.5267,       215518.5267,       2.566829748,       593130.1259,      -9.251006655,        92.2310485,         94.66390689,       -0.07490711602,                1.920744664,       590.3328308,       590.3328308,       223867.8308,       223867.8308,       19091.60624,         0.0304242183,         -0.0295750095,       98213.46024,        117305.0665,           288.1743758,             302.158455,            99290.91503,             124576.9157
          0,           0,         208,      -5.967050321,      -3.622782737,      -3.569151719,      -3.565663806,     -0.5455138006,      -3.969785412,     -0.4974663389,   0.0007359634147,   0.0007359634147,      0.4179619551,       584.2963128,       215514.7861,       215514.7861,       2.566756704,       593137.1896,      -9.364254386,       92.38201087,         94.63261838,       -0.07334185488,                1.914864186,       590.3398688,       590.3398688,       223864.3555,       223864.3555,       19085.62378,        0.03042390954,        -0.02968794613,       98214.58118,         117300.205,           288.1755101,            302.1643588,            99292.04161,             124572.3139
          0,           0,         209,      -5.969354627,      -3.625549795,      -3.562160063,      -3.566212399,      -0.550363086,      -3.969876479,     -0.4973016551,    0.000627242176,    0.000627242176,      0.4179635306,       584.3026407,       215510.7269,       215510.7269,        2.56668104,       593143.5313,      -9.473710526,       92.51857436,          94.6007687,       -0.07187156979,                1.909376335,       590.3461889,       590.3461889,       223859.8575,       223859.8575,       19078.97746,         0.0304206156,        -0.02979337342,       98215.87473,        117294.8522,           288.1766038,            302.1695851,            99293.12553,              124566.732
          0,           0,         210,       -5.97637376,      -3.630673992,      -3.556932361,      -3.567680217,     -0.5541695695,      -3.970010398,     -0.4964273773,   0.0005240021469,   0.0005240021469,      0.4179419595,       584.3087337,       215506.3175,       215506.3175,       2.566602463,       593149.0856,      -9.578018311,        92.6396305,         94.56837709,       -0.07049989291,                1.904317944,        590.351726,        590.351726,        223854.245,        223854.245,       19071.71913,         0.0304144519,        -0.02989044975,       98217.29921,        117289.0183,           288.1776295,            302.1740965,            99294.13335,             124560.1116
          0,           0,         211,      -5.977135795,      -3.634085958,      -3.552455105,      -3.569115272,     -0.5584245385,      -3.969991552,     -0.4952169887,   0.0004270994943,   0.0004270994943,      0.4178964338,       584.3146332,       215501.6036,       215501.6036,       2.566521322,       593153.8615,      -9.676013668,        92.7441963,         94.53549973,       -0.06923062084,                1.899721259,        590.356489,        590.356489,       223847.5162,       223847.5162,       19063.87628,        0.03040552406,        -0.02997842456,       98218.86366,        117282.7399,           288.1785993,            302.1778896,            99295.08143,             124552.4348
          0,           0,         212,      -5.982489517,      -3.638224315,      -3.548387932,      -3.570987393,     -0.5634350132,      -3.969993908,     -0.4934308904,   0.0003373814465,   0.0003373814465,      0.4178261243,       584.3203328,       215496.5811,       215496.5811,       2.566437558,       593157.8152,      -9.766448721,       92.83134415,         94.50214575,        -0.0680660368,                1.895616948,       590.3604345,       590.3604345,       223839.6135,       223839.6135,       19055.55011,        0.03039395939,        -0.03005657794,       98220.51552,        117276.0656,           288.1794775,            302.1809569,            99295.92655,              124543.687
          0,           0,         213,      -5.984580317,      -3.641300329,      -3.546435469,      -3.573872108,     -0.5664658365,      -3.969743663,     -0.4916814274,    0.000255583041,    0.000255583041,      0.4177302853,       584.3258811,       215491.3197,       215491.3197,       2.566351793,       593160.9633,      -9.848259546,       92.90028337,          94.4683662,       -0.06700772792,                1.892031275,       590.3635788,       590.3635788,       223830.5598,       223830.5598,       19046.72731,        0.03037988339,        -0.03012430035,        98222.2962,        117269.0235,           288.1803047,            302.1832742,             99296.7187,             124533.8411
          0,           0,         214,      -5.988391502,      -3.644143934,      -3.544394713,      -3.577553149,     -0.5699321376,      -3.969462745,     -0.4894353102,   0.0001823951028,   0.0001823951028,      0.4176079545,       584.3312589,       215485.7854,       215485.7854,       2.566263707,       593163.2447,      -9.920260387,       92.95020374,         94.43417067,       -0.06605388166,                1.888990567,       590.3658613,       590.3658613,       223820.2588,       223820.2588,       19037.40114,        0.03036341113,        -0.03018101603,       98224.19215,        117261.5933,           288.1810751,            302.1847863,            99297.45266,             124522.8061
          0,           0,         215,      -5.988323541,      -3.646170342,       -3.54322299,      -3.580231171,     -0.5704107255,      -3.969138013,     -0.4877602995,   0.0001184769844,   0.0001184769844,       0.417458309,       584.3365261,       215480.0344,       215480.0344,       2.566173688,       593164.6839,      -9.981354836,       92.98035644,         94.39962622,       -0.06520358723,                1.886520919,       590.3673064,       590.3673064,       223808.7151,       223808.7151,       19027.60934,        0.03034466095,        -0.03022618397,       98226.21252,        117253.8219,           288.1818049,            302.1855015,            99298.14605,              124510.569
          0,           0,         216,      -5.988628112,      -3.646608632,      -3.541679045,      -3.583699324,     -0.5676549491,      -3.968831755,     -0.4856543459,   6.437752277e-05,   6.437752277e-05,       0.417280629,       584.3416531,       215474.0223,       215474.0223,       2.566081319,       593165.2162,      -10.03052912,       92.99016385,         94.36473405,       -0.06445422594,                1.884642563,       590.3678497,       590.3678497,       223795.8318,       223795.8318,       19017.39095,         0.0303237544,        -0.03025937687,       98228.31566,        117245.7066,           288.1824672,            302.1853825,            99298.76649,             124497.0653
          0,           0,         217,      -5.988546456,      -3.647605622,      -3.542825833,      -3.587961021,     -0.5668793987,      -3.968543955,     -0.4845373292,   2.069780418e-05,   2.069780418e-05,      0.4170742284,       584.3467092,       215467.8367,       215467.8367,       2.565987318,        593164.878,      -10.06671429,       92.97901071,         94.32957301,       -0.06380397908,                1.883380298,       590.3675273,       590.3675273,       223781.6502,       223781.6502,       19006.80468,        0.03030083724,        -0.03028013944,       98230.51602,        117237.3207,           288.1830822,            302.1844451,            99299.33902,             124482.3112
          0,           0,         218,      -5.993932679,      -3.649319298,      -3.544447717,      -3.592093525,     -0.5722697108,      -3.968281904,     -0.4833217376,  -1.206293479e-05,  -1.206293479e-05,      0.4168385241,       584.3516763,       215461.4425,       215461.4425,       2.565891351,       593163.6214,      -10.08894276,       92.94638953,          94.2941585,       -0.06324933215,                1.882754289,       590.3662916,       590.3662916,       223766.0891,       223766.0891,       18995.82717,         0.0302760372,        -0.03028810013,       98232.80767,        117228.6348,           288.1836531,            302.1826385,             99299.8671,              124466.222
          0,           0,         219,      -5.993218993,      -3.651607395,      -3.547456539,      -3.595597415,     -0.5738388571,      -3.968085622,     -0.4826819387,  -3.330703197e-05,  -3.330703197e-05,      0.4165726407,       584.3566503,       215454.9472,       215454.9472,       2.565794256,       593161.5045,      -10.09611486,       92.89162672,         94.25852383,       -0.06278804511,                1.882791958,       590.3642004,       590.3642004,        223749.203,        223749.203,       18984.51487,        0.03024948627,        -0.03028279331,       98235.21617,         117219.731,           288.1842073,            302.1799931,            99300.38575,             124448.8172
          0,           0,         220,      -5.992178962,      -3.649125808,      -3.549293598,       -3.59985028,     -0.5695904716,      -3.967904274,     -0.4818446488,  -4.264920881e-05,  -4.264920881e-05,       0.416276123,       584.3616807,       215448.4178,       215448.4178,       2.565696575,       593158.5545,      -10.08735121,        92.8142971,         94.22270343,       -0.06241595503,                1.883513539,       590.3612807,       590.3612807,       223731.0277,       223731.0277,       18972.96888,        0.03022129913,        -0.03026394834,       98237.72444,        117210.6933,           288.1847383,            302.1765424,            99300.88651,             124430.1412
          0,           0,         221,      -5.992809127,      -3.649311921,      -3.553871955,      -3.604158791,     -0.5699600481,       -3.96782147,     -0.4817036378,  -3.995790041e-05,  -3.995790041e-05,      0.4159487803,        584.366701,       215441.7629,       215441.7629,       2.565597549,       593154.6892,      -10.06210912,       92.71433305,         94.18676741,       -0.06212622194,                 1.88492909,       590.3574505,       590.3574505,       223711.4457,       223711.4457,       18961.08514,        0.03019157932,        -0.03023153722,        98240.3389,         117201.424,           288.1852565,             302.172194,            99301.38335,             124410.0624
          0,           0,         222,      -5.993603744,      -3.648691418,       -3.55825549,      -3.608441486,      -0.570354074,      -3.967698313,     -0.4815612898,  -2.487588218e-05,  -2.487588218e-05,      0.4155902072,       584.3718157,       215435.1317,       215435.1317,       2.565498394,       593150.0047,      -10.01988023,       92.59118085,         94.15072761,       -0.06192235006,                1.887061776,       590.3528056,       590.3528056,          223690.6,          223690.6,       18949.14799,        0.03016032069,        -0.03018519657,       98242.99188,        117192.1399,           288.1857147,            302.1670909,            99301.80935,             124388.7906
          0,           0,         223,      -5.995521296,      -3.649043037,       -3.56415332,      -3.611744014,     -0.5721974826,      -3.967579416,     -0.4820731628,   2.687572189e-06,   2.687572189e-06,      0.4152005709,       584.3769782,       215428.4653,       215428.4653,       2.565398655,       593144.4463,      -9.960171232,        92.4449965,         94.11461516,       -0.06179710127,                1.889919271,       590.3472915,       590.3472915,       223668.4165,       223668.4165,       18937.04337,        0.03012768933,        -0.03012500176,       98245.71098,        117182.7544,           288.1861403,            302.1611512,            99302.20387,             124366.2126
          0,           0,         224,      -5.995561362,      -3.648563051,      -3.569960136,      -3.615083119,     -0.5733446634,      -3.967490885,     -0.4825360858,   4.260338593e-05,   4.260338593e-05,      0.4147799751,       584.3821421,       215421.7199,       215421.7199,       2.565298005,       593137.9613,      -9.882675305,       92.27604109,         94.07845646,       -0.06174116388,                1.893505363,       590.3408556,       590.3408556,       223644.8435,       223644.8435,       18924.78643,        0.03009378915,        -0.03005118577,       98248.46676,        117173.2532,           288.1865161,            302.1543395,            99302.54532,             124342.2982
          0,           0,         225,      -5.992866166,      -3.645789814,      -3.575487211,      -3.618239892,     -0.5690906134,      -3.967485973,     -0.4836029614,   9.505022803e-05,   9.505022803e-05,      0.4143292736,       584.3874129,       215415.0319,       215415.0319,       2.565197571,       593130.6783,      -9.787130062,       92.08445578,         94.04230186,       -0.06175538901,                1.897831848,       590.3336259,       590.3336259,       223620.0514,       223620.0514,       18912.48449,        0.03005877019,        -0.02996371996,       98251.27373,        117163.7582,           288.1868598,            302.1467662,            99302.85911,             124317.1923
          0,           0,         226,      -5.991963811,       -3.64407082,      -3.581600828,      -3.620873989,     -0.5677665845,      -3.967430246,     -0.4847246315,   0.0001598399088,   0.0001598399088,      0.4138496786,       584.3927776,       215408.3845,       215408.3845,        2.56509718,       593122.6229,      -9.673821371,       91.87074667,         94.00619115,       -0.06183990748,                1.902896795,       590.3256279,       590.3256279,       223594.0784,       223594.0784,       18900.21341,        0.03002269853,        -0.02986285862,       98254.08554,         117154.299,            288.187144,            302.1384839,            99303.10434,             124290.9741
          0,           0,         227,      -5.995156891,      -3.644951365,      -3.590606219,      -3.623418434,     -0.5716238158,      -3.967467859,     -0.4865335956,   0.0002372467294,   0.0002372467294,      0.4133409728,       584.3985304,       215402.1763,       215402.1763,       2.565000148,       593114.0807,      -9.542179388,       91.63464799,         93.97015089,       -0.06199573142,                 1.90872757,       590.3171457,       590.3171457,       223567.3266,       223567.3266,       18888.36987,        0.02998567888,        -0.02974843215,       98256.90323,        117145.2731,           288.1873758,            302.1297699,            99303.28995,             124264.0366
          0,           0,         228,      -5.995815124,      -3.644634905,      -3.598581428,      -3.624876585,      -0.571854852,      -3.967542642,     -0.4883811796,   0.0003263643769,   0.0003263643769,      0.4128057427,       584.4043316,       215395.9428,       215395.9428,       2.564902578,       593104.7834,      -9.393265095,       91.37787322,         93.93418844,       -0.06221195313,                1.915285855,       590.3079125,       590.3079125,       223539.4174,       223539.4174,       18876.52858,        0.02994784059,        -0.02962147621,        98259.7071,        117136.2357,           288.1875434,            302.1203691,            99303.40583,             124236.0116
          0,           0,         229,      -5.992951882,      -3.643185338,      -3.606018738,       -3.62630423,     -0.5696817998,      -3.967687185,       -0.49057144,   0.0004272624271,   0.0004272624271,      0.4122464351,       584.4103871,       215389.9748,       215389.9748,       2.564806954,       593095.0217,      -9.227617505,       91.10103037,         93.89839104,        -0.0625014709,                1.922574643,       590.2982175,       590.2982175,       223510.7663,       223510.7663,       18864.93287,        0.02990933191,        -0.02948206949,       98262.52096,        117127.4538,           288.1876727,            302.1105449,            99303.48629,               124207.28
          0,           0,         230,      -5.995507401,      -3.644876084,       -3.61605066,       -3.62785317,      -0.573978903,      -3.967775379,       -0.49266726,   0.0005393101827,   0.0005393101827,      0.4116642707,       584.4166068,       215384.1502,       215384.1502,       2.564712223,       593084.7385,      -9.045756765,       90.80515145,         93.86271801,       -0.06285498172,                1.930578458,       590.2880039,       590.2880039,       223481.2979,       223481.2979,       18853.55442,        0.02987023249,        -0.02933092231,       98265.29789,        117118.8523,           288.1877371,            302.1002668,            99303.49065,             124177.8072
          0,           0,         231,      -5.992164814,      -3.643544645,       -3.62364506,      -3.628328965,     -0.5706638611,      -3.967935512,     -0.4952680669,   0.0006625343451,   0.0006625343451,      0.4110611559,       584.4232721,       215378.8543,       215378.8543,       2.564621642,       593074.2775,      -8.847996078,       90.49077943,         93.82727653,       -0.06328105756,                1.939305972,       590.2776134,       590.2776134,       223451.4958,       223451.4958,       18842.68325,        0.02983070532,        -0.02916817098,       98268.08551,        117110.7688,           288.1877806,            302.0898328,            99303.47806,             124148.0177
          0,           0,         232,      -5.989112886,      -3.641076676,      -3.628602724,      -3.627758456,     -0.5598676289,      -3.968027289,     -0.4975340362,    0.000796360121,    0.000796360121,      0.4104386605,       584.4303759,       215374.0946,       215374.0946,       2.564535291,       593063.6743,       -8.63496001,       90.15898247,         93.79204592,       -0.06377486289,                1.948743571,       590.2670816,       590.2670816,       223421.4331,       223421.4331,       18832.42194,        0.02979084835,        -0.02899448823,       98270.83632,        117103.2583,           288.1877704,            302.0793111,            99303.40832,             124118.0247
          0,           0,         233,      -5.987067637,      -3.643851905,      -3.637665402,      -3.627796827,     -0.5628710077,      -3.968097924,     -0.5006544775,   0.0009398249528,   0.0009398249528,      0.4098001036,       584.4377256,       215369.5904,       215369.5904,         2.5644508,       593052.8412,      -8.408204971,       89.81166676,          93.7570821,        -0.0643335832,                1.958849015,       590.2563212,       590.2563212,       223390.9646,       223390.9646,       18822.42361,        0.02975076802,        -0.02881094307,       98273.58339,         117096.007,           288.1877435,            302.0685777,            99303.32201,             124087.6426
          0,           0,         234,      -5.990780708,      -3.644630792,      -3.646013115,      -3.628114372,     -0.5632775849,      -3.968204084,     -0.5029746105,    0.001093064124,    0.001093064124,       0.409145734,       584.4457615,       215365.9844,       215365.9844,       2.564373618,       593042.2298,      -8.167405469,       89.44870859,         93.72234968,       -0.06496112835,                1.969651498,       590.2457815,       590.2457815,       223360.7756,       223360.7756,       18813.46279,        0.02971054051,        -0.02861747639,       98276.26082,        117089.7236,           288.1876524,            302.0581291,            99303.15929,             124057.6163
          0,           0,         235,      -5.992168359,      -3.649647766,      -3.656639122,      -3.628059979,     -0.5703243586,      -3.968266245,     -0.5057468636,     0.00125564528,     0.00125564528,      0.4084776195,       584.4546761,       215363.5554,       215363.5554,       2.564306172,       593032.0956,      -7.913186302,       89.07122653,         93.68789678,       -0.06565683216,                1.981141058,       590.2357167,       590.2357167,       223331.2414,       223331.2414,       18805.68091,        0.02967034279,         -0.0284146975,       98278.93724,        117084.6182,           288.1875574,            302.0481593,            99303.00077,             124028.2407
          0,           0,         236,       -5.99109559,      -3.651942767,      -3.664171445,      -3.626641829,     -0.5670822683,      -3.968260333,     -0.5080792748,    0.001426794508,    0.001426794508,      0.4078001026,       584.4643478,       215362.1278,       215362.1278,       2.564246922,       593022.4747,      -7.647422207,       88.68085777,         93.65383077,        -0.0664318873,                1.993283136,       590.2261627,       590.2261627,       223302.3968,       223302.3968,       18799.03726,        0.02963017941,         -0.0282033849,       98281.54525,        117080.5825,           288.1874125,            302.0387502,            99302.77985,              123999.617
          0,           0,         237,      -5.990027692,       -3.65713434,      -3.670950064,      -3.625567639,     -0.5664127525,       -3.96821434,      -0.511156905,    0.001605645893,    0.001605645893,      0.4071158826,       584.4747141,       215361.6265,       215361.6265,       2.564195314,       593013.3753,      -7.371618677,       88.27945102,         93.62010861,       -0.06728685195,                2.006034814,       590.2171275,       590.2171275,        223274.268,        223274.268,       18793.35382,        0.02959018597,        -0.02798454007,       98284.13635,        117077.4902,           288.1872642,            302.0298633,            99302.55726,             123971.7107
          0,           0,         238,       -5.99188938,      -3.659730474,      -3.677287958,      -3.625975147,     -0.5637714728,      -3.968108629,     -0.5134061224,    0.001791416735,    0.001791416735,       0.406428075,       584.4856876,       215361.9414,       215361.9414,       2.564150419,       593004.8062,      -7.087520804,       87.86870415,          93.5867273,       -0.06823077291,                2.019355033,       590.2086198,       590.2086198,       223246.8786,       223246.8786,       18788.62802,        0.02955041326,        -0.02775899652,       98286.65668,        117075.2847,           288.1870711,            302.0215487,            99302.28326,             123944.5953
          0,           0,         239,      -5.991844558,      -3.665365342,      -3.683418955,      -3.625040225,     -0.5652905507,      -3.967891523,     -0.5163270167,    0.001983235599,    0.001983235599,      0.4057394485,       584.4972711,       215363.0927,       215363.0927,       2.564112498,       592996.8569,      -6.796383297,        87.4502657,         93.55373943,       -0.06926016407,                2.033205767,       590.2007287,       590.2007287,       223220.3684,       223220.3684,       18784.77984,        0.02951097416,        -0.02752773856,       98289.15642,        117073.9363,           288.1868775,            302.0138512,            99302.01572,             123918.3526
          0,           0,         240,      -5.993136378,      -3.671393871,      -3.691674935,      -3.624737736,     -0.5664959062,      -3.967744411,     -0.5185307473,    0.002178850957,    0.002178850957,      0.4050534039,       584.5086849,       215364.0375,       215364.0375,       2.564072884,       592988.8303,       -6.50105042,       87.02770374,          93.5211302,       -0.07035136937,                 2.04746552,       590.1927606,       590.1927606,       223193.7851,       223193.7851,       18780.86163,         0.0294719217,        -0.02729307075,       98291.58794,        117072.4496,           288.1866474,            302.0061133,            99301.71108,              123892.074
          0,           0,         241,      -5.991569814,      -3.676076018,      -3.694991334,      -3.623716472,     -0.5641232579,      -3.967415309,     -0.5211015384,    0.002378606918,    0.002378606918,       0.404371277,       584.5205764,       215365.6616,       215365.6616,       2.564039019,       592981.4289,      -6.201685186,       86.60093656,          93.4889454,       -0.07152397836,                2.062156564,       590.1854145,       590.1854145,       223168.1152,       223168.1152,       18777.65238,        0.02943333842,         -0.0270547315,        98294.0046,         117071.657,           288.1864284,            301.9989861,            99301.42801,             123866.6871
          0,           0,         242,      -5.994739257,      -3.682707427,      -3.700855034,      -3.624189577,     -0.5646479658,      -3.967140442,     -0.5234474509,    0.002582031632,    0.002582031632,      0.4036937387,       584.5331467,       215368.2858,       215368.2858,        2.56401367,       592974.8821,      -5.898895754,       86.17053957,         93.45716234,       -0.07277856378,                2.077268829,       590.1789184,       590.1789184,        223143.733,        223143.733,       18775.63011,        0.02939519303,        -0.02681316139,       98296.32785,         117071.958,           288.1861634,             301.992755,            99301.08596,              123842.647
          0,           0,         243,       -5.99228042,      -3.690050961,      -3.706242188,      -3.625118156,     -0.5652627821,      -3.966820911,     -0.5257097224,    0.002787890573,    0.002787890573,      0.4030248697,        584.546052,       215371.4246,       215371.4246,        2.56399278,       592968.9609,      -5.595048573,       85.73913349,         93.42583202,       -0.07411689452,                2.092713423,       590.1730444,       590.1730444,       223120.2957,       223120.2957,       18774.18569,        0.02935761261,        -0.02656972204,       98298.61944,        117072.8051,            288.185902,            301.9871424,            99300.75537,             123819.5403
          0,           0,         244,      -5.990728634,      -3.693747629,      -3.708061986,       -3.62453064,     -0.5547727523,      -3.966529275,     -0.5280524302,    0.002995443022,    0.002995443022,      0.4023660461,       584.5593394,       215375.1702,       215375.1702,       2.563977179,       592963.7568,      -5.291247701,       85.30788869,         93.39493831,       -0.07553792613,                2.108450558,       590.1678837,       590.1678837,       223097.9623,       223097.9623,       18773.49692,         0.0293206004,        -0.02632515738,       98300.83664,        117074.3336,           288.1856118,            301.9822719,            99300.39394,             123797.5684
          0,           0,         245,      -5.989877385,      -3.704066551,      -3.712099118,      -3.623959013,     -0.5594865587,      -3.966178114,     -0.5302054148,    0.003203556168,    0.003203556168,       0.401719128,       584.5728775,       215379.3406,       215379.3406,       2.563965371,        592959.186,      -4.988905987,       84.87864169,         93.36451285,       -0.07703061723,                2.124412154,       590.1633528,       590.1633528,        223076.611,        223076.611,        18773.2973,        0.02928422554,        -0.02608066937,       98303.02163,        117076.3189,           288.1853286,            301.9780241,            99300.04831,             123776.5627
          0,           0,         246,      -5.991533775,      -3.711448338,      -3.714173808,      -3.624298507,     -0.5586086631,       -3.96581023,     -0.5322064341,    0.003410628654,    0.003410628654,      0.4010874368,       584.5861046,       215383.1707,       215383.1707,       2.563950947,        592954.777,      -4.690666434,       84.45417327,         93.33453394,       -0.07858886216,                2.140479636,       590.1589826,       590.1589826,       223055.5813,       223055.5813,       18772.92918,        0.02924849575,         -0.0258378671,       98305.12078,          117078.05,           288.1850116,             301.973971,            99299.66571,             123755.9156
          0,           0,         247,      -5.987488952,      -3.717451671,      -3.714881968,      -3.624766384,     -0.5530939061,       -3.96544388,     -0.5341704558,    0.003616701878,    0.003616701878,      0.4004699631,       584.5996016,       215387.4944,       215387.4944,       2.563941021,        592951.092,      -4.396052962,       84.03408962,         93.30502654,       -0.08020988742,                2.156669682,       590.1553324,       590.1553324,       223035.7037,       223035.7037,       18773.16231,        0.02921341054,        -0.02559670867,       98307.16602,        117080.3283,           288.1846921,            301.9706403,            99299.27759,             123736.4261
          0,           0,         248,      -5.989356079,      -3.728616199,      -3.719178609,      -3.625305717,     -0.5546951853,      -3.965182282,     -0.5357588048,    0.003820711709,    0.003820711709,      0.3998681844,       584.6130796,       215391.9169,       215391.9169,       2.563932261,       592947.8756,      -4.106545427,       83.62012506,         93.27595019,       -0.08188472265,                2.172902513,       590.1521482,       590.1521482,       223016.6209,       223016.6209,       18773.69843,        0.02917898829,        -0.02535827658,       98309.10925,        117082.8077,           288.1843319,            301.9678164,            99298.83744,             123717.7834
          0,           0,         249,      -5.987098671,       -3.73592944,      -3.717645666,      -3.625153024,     -0.5512054906,      -3.964848876,     -0.5380509934,    0.004022786672,    0.004022786672,      0.3992839874,       584.6268364,       215396.8326,       215396.8326,       2.563927961,       592945.4887,      -3.823005014,       83.21269227,         93.24735614,       -0.08363657226,                2.189157743,       590.1497887,       590.1497887,       222998.8206,       222998.8206,         18774.817,        0.02914527919,        -0.02512249252,       98311.00778,        117085.8248,           288.1839793,            301.9658093,            99298.40557,             123700.4151
          0,           0,         250,      -5.988333585,      -3.745715243,      -3.722025079,      -3.626189148,     -0.5534748688,      -3.964558155,     -0.5395545934,    0.004222075556,    0.004222075556,      0.3987170828,       584.6407288,       215402.0867,       215402.0867,       2.563926931,       592943.7643,      -3.546123008,       82.81293585,          93.2192008,       -0.08544894901,                2.205376081,       590.1480878,       590.1480878,       222982.1157,       222982.1157,       18776.44993,         0.0291123049,        -0.02489022934,       98312.81837,        117089.2683,           288.1835981,            301.9644897,            99297.94046,             123684.1752
          0,           0,         251,      -5.989475274,      -3.755535386,      -3.723474183,      -3.627424861,     -0.5545334018,      -3.964297645,     -0.5418478391,    0.004417371742,    0.004417371742,      0.3981666605,       584.6545769,       215407.4377,       215407.4377,       2.563927214,       592942.4816,       -3.27651764,       82.42227782,          93.1915231,       -0.08728883462,                2.221482962,       590.1468261,       590.1468261,       222966.2018,       222966.2018,       18778.24128,        0.02908010334,        -0.02466273159,       98314.59822,        117092.8395,           288.1832367,            301.9635894,            99297.50124,             123668.7005
          0,           0,         252,      -5.989035284,      -3.762542275,      -3.724267509,      -3.629063814,     -0.5535661477,      -3.964072112,     -0.5444544631,    0.004609223562,    0.004609223562,      0.3976325158,       584.6689094,       215413.6284,       215413.6284,       2.563935044,       592942.1713,      -3.013619095,       82.04002232,         93.16427478,       -0.08916771698,                2.237502261,       590.1465315,       590.1465315,       222951.8426,       222951.8426,       18781.00646,        0.02904871164,        -0.02443948808,       98316.31095,        117097.3174,           288.1828631,            301.9636685,            99297.05425,             123654.7884
          0,           0,         253,      -5.989924848,      -3.771168122,      -3.723984783,      -3.629901884,     -0.5508775917,      -3.963836774,       -0.54791566,    0.004796785295,    0.004796785295,      0.3971153313,       584.6834897,       215420.3107,       215420.3107,       2.563947481,       592942.6078,      -2.758719132,       81.66756649,         93.13749883,       -0.09107811271,                2.253354969,       590.1469797,       590.1469797,       222938.6946,       222938.6946,       18784.29478,        0.02901813925,        -0.02422135395,       98318.00795,        117102.3027,           288.1825214,            301.9644583,             99296.6509,             123642.0437
          0,           0,         254,      -5.984349455,      -3.773672424,      -3.720374642,      -3.630922893,     -0.5461591867,      -3.963695183,     -0.5498914813,    0.004979184227,    0.004979184227,      0.3966158952,       584.6980577,       215427.1493,       215427.1493,       2.563961752,       592943.5466,      -2.512808215,       81.30615292,         93.11112819,       -0.09300629854,                2.268962787,       590.1479271,       590.1479271,       222926.4348,       222926.4348,       18787.87044,        0.02898837707,        -0.02400919284,       98319.63943,        117107.5099,           288.1821706,            301.9657565,            99296.24088,             123630.1939
          0,           0,         255,      -5.988806891,      -3.782595671,      -3.724271421,      -3.633697173,     -0.5526719541,      -3.963579883,     -0.5527122472,    0.005156069369,    0.005156069369,      0.3961339007,       584.7126014,       215434.1329,       215434.1329,       2.563977815,       592944.9621,      -2.276369333,       80.95635894,         93.08521145,        -0.0949470247,                2.284280914,       590.1493484,       590.1493484,        222915.032,        222915.032,       18791.62792,        0.02895944327,         -0.0238033739,       98321.25247,        117112.8804,           288.1818491,            301.9674993,            99295.87192,             123619.1601
          0,           0,         256,      -5.989539799,      -3.787393533,      -3.723761174,      -3.635054128,     -0.5523225614,       -3.96345667,     -0.5556293987,    0.005328114967,    0.005328114967,      0.3956676996,        584.727734,       215442.1274,       215442.1274,       2.564002943,       592947.4373,      -2.048032987,       80.61676768,         93.05968291,       -0.09690096877,                2.299361694,       590.1518234,       590.1518234,       222905.3317,       222905.3317,       18796.55002,        0.02893130096,        -0.02360318599,        98322.7887,        117119.3387,           288.1815104,             301.970313,             99295.4835,             123609.8482
          0,           0,         257,      -5.988339412,       -3.79001377,      -3.722227056,      -3.636435635,     -0.5477499578,      -3.963552516,     -0.5584616627,    0.005494223243,    0.005494223243,      0.3952185185,       584.7429393,       215450.3915,       215450.3915,       2.564030884,       592950.4769,      -1.829598787,       80.28928441,         93.03459779,       -0.09885841926,                2.314090418,       590.1548597,       590.1548597,          222896.6,          222896.6,       18801.76418,        0.02890396308,        -0.02340973983,       98324.31367,        117126.0779,           288.1812086,            301.9736511,            99295.14127,             123601.4588
          0,           0,         258,      -5.987828836,      -3.795743063,      -3.720771937,      -3.637813708,      -0.550991008,      -3.963587105,     -0.5604822886,    0.005653349059,    0.005653349059,      0.3947866171,       584.7577782,       215458.3395,       215458.3395,       2.564056734,       592953.6471,       -1.62225182,       79.97515374,         93.00989571,        -0.1008018939,                2.328373415,       590.1580252,       590.1580252,        222888.244,        222888.244,       18806.86181,        0.02887732264,        -0.02322397358,       98325.73885,        117132.6007,            288.180877,            301.9771482,            99294.75003,              123593.494
          0,           0,         259,       -5.99077692,      -3.798797311,      -3.722072095,      -3.640449469,     -0.5542982555,       -3.96373155,     -0.5633478589,    0.005805634266,    0.005805634266,      0.3943710825,        584.772492,       215466.3156,       215466.3156,       2.564083468,       592957.1576,      -1.425427763,       79.67420224,         92.98559998,        -0.1027228215,                2.342203735,       590.1615289,       590.1615289,        222880.571,        222880.571,        18812.0376,        0.02885147619,        -0.02304584192,       98327.13902,        117139.1766,           288.1805691,            301.9809598,            99294.39042,             123586.1806
          0,           0,         260,      -5.990315872,      -3.800188675,      -3.722331171,      -3.642992121,     -0.5558320532,      -3.964028391,     -0.5656433694,    0.005951253216,    0.005951253216,      0.3939720561,       584.7871446,       215474.3829,       215474.3829,       2.564111497,       592961.0799,      -1.239400244,       79.38634962,          92.9616757,        -0.1046325944,                2.355562006,       590.1654418,       590.1654418,       222873.6563,       222873.6563,       18817.44452,        0.02882639494,        -0.02287514173,        98328.4692,        117145.9137,           288.1802503,            301.9851915,            99294.01571,             123579.6406
          0,           0,         261,      -5.990333418,       -3.79793955,      -3.720043825,      -3.644001375,     -0.5536577607,       -3.96445875,     -0.5687963392,    0.006089670072,    0.006089670072,      0.3935898114,       584.8014946,       215482.2143,       215482.2143,       2.564138152,       592965.1718,      -1.064719144,       79.11244957,         92.93812058,        -0.1065175335,                2.368381407,        590.169523,        590.169523,       222867.1599,       222867.1599,       18822.62682,         0.0288021204,        -0.02271245033,       98329.79372,        117152.4205,           288.1799701,            301.9895529,            99293.69233,             123573.4676
          0,           0,         262,       -5.98966104,      -3.796527583,      -3.718679183,       -3.64628134,     -0.5553404051,      -3.964924422,     -0.5712479993,    0.006220482779,    0.006220482779,      0.3932226405,       584.8154398,       215489.6879,       215489.6879,       2.564162432,       592969.2771,     -0.9012651469,       78.85258702,         92.91490279,        -0.1083580411,                2.380629224,       590.1736171,       590.1736171,       222860.8856,       222860.8856,       18827.58252,        0.02877857329,        -0.02255809051,       98331.05271,        117158.6352,           288.1796825,            301.9939346,             99293.3553,             123567.5303
          0,           0,         263,      -5.989704095,      -3.795525517,       -3.71896646,      -3.648424187,     -0.5567326644,      -3.965406538,     -0.5735671295,     0.00634388045,     0.00634388045,      0.3928702814,       584.8290386,       215496.8865,       215496.8865,       2.564185074,       592973.4442,     -0.7489899336,       78.60666532,         92.89203989,        -0.1101576452,                 2.39229114,       590.1777722,       590.1777722,       222854.9026,       222854.9026,       18832.29165,        0.02875579143,        -0.02241191098,       98332.29742,        117164.5891,           288.1794248,            301.9983474,            99293.05789,             123561.8447
          0,           0,         264,      -5.989226174,      -3.789214854,      -3.716983696,      -3.651203684,     -0.5548643377,      -3.965920394,     -0.5756521299,    0.006459812719,    0.006459812719,      0.3925318794,       584.8422774,       215503.7972,       215503.7972,       2.564205961,       592977.6346,     -0.6075443714,       78.37445157,         92.86949363,        -0.1119054881,                2.403355889,       590.1819501,       590.1819501,        222849.164,        222849.164,       18836.81959,        0.02873373322,         -0.0222739205,       98333.48881,        117170.3084,           288.1791659,            302.0027842,            99292.75839,             123556.4056
          0,           0,         265,      -5.989595288,      -3.784435293,      -3.717360621,      -3.653977603,     -0.5577650563,      -3.966546961,     -0.5775454989,    0.006568156345,    0.006568156345,       0.392207161,       584.8550327,        215510.238,        215510.238,       2.564223543,        592981.714,     -0.4771446265,       78.15612065,          92.8472867,        -0.1135982217,                2.413792169,       590.1860171,       590.1860171,       222843.4674,       222843.4674,       18840.95334,        0.02871238114,        -0.02214422479,       98334.64231,        117175.5956,           288.1789176,            302.0070995,            99292.47074,             123550.9967
          0,           0,         266,      -5.988776551,      -3.778148333,      -3.715236593,      -3.656593456,     -0.5557144336,      -3.967160713,     -0.5794206601,    0.006669395457,    0.006669395457,       0.391895177,       584.8675055,        215516.495,        215516.495,       2.564240236,       592985.8586,     -0.3571735571,       77.95089717,         92.82537594,        -0.1152413843,                2.423623716,       590.1901486,       590.1901486,       222838.0732,       222838.0732,       18844.98806,         0.0286917232,        -0.02202232775,       98335.75345,        117180.7415,           288.1786759,            302.0114727,             99292.1896,             123545.8836
          0,           0,         267,      -5.991865849,      -3.772086014,      -3.714060244,      -3.659478744,     -0.5544083717,      -3.967755529,      -0.581310548,    0.006763552765,    0.006763552765,      0.3915956102,       584.8796444,       215522.4805,       215522.4805,       2.564255268,       592990.0082,     -0.2475118256,       77.75867601,         92.80376986,        -0.1168305825,                2.432837984,       590.1942846,       590.1942846,       222832.8775,       222832.8775,       18848.80103,        0.02867174581,        -0.02190819305,       98336.83975,        117185.6408,           288.1784525,            302.0158321,            99291.93129,             123540.9462
          0,           0,         268,      -5.988301387,      -3.767635003,      -3.713626706,      -3.662357907,      -0.559244266,      -3.968405732,     -0.5820547536,    0.006850800486,    0.006850800486,      0.3913079512,       584.8914337,       215528.1602,       215528.1602,       2.564268297,       592994.1322,      -0.147880969,       77.57913817,         92.78243785,        -0.1183649268,                 2.44143543,        590.198395,        590.198395,       222827.8242,       222827.8242,       18852.38934,        0.02865243186,        -0.02180163137,       98337.88546,        117190.2748,           288.1782336,            302.0201614,            99291.67895,             123536.1453
          0,           0,         269,      -5.990809641,      -3.760343475,      -3.713071419,      -3.665524161,     -0.5575464089,      -3.969141817,     -0.5834255206,    0.006931770721,    0.006931770721,      0.3910322872,       584.9030259,       215533.6974,       215533.6974,       2.564280538,       592998.3945,    -0.05812325951,       77.41148829,         92.76137821,        -0.1198656574,                2.449443724,       590.2026427,       590.2026427,       222823.0952,       222823.0952,       18855.90739,        0.02863372299,        -0.02170195227,         98338.895,        117194.8024,           288.1780222,            302.0246205,            99291.43287,             123531.6624
          0,           0,         270,      -5.985842346,      -3.752554293,       -3.71159118,      -3.669196829,      -0.557429003,      -3.969777665,     -0.5834910778,    0.007006565048,    0.007006565048,      0.3907678306,       584.9143914,        215539.059,        215539.059,       2.564291741,        593002.742,     0.02226004378,       77.25536457,         92.74056918,        -0.1213244653,                2.456869487,       590.2069749,       590.2069749,       222818.6234,       222818.6234,       18859.31421,        0.02861560626,        -0.02160904121,       98339.87238,        117199.1866,           288.1778185,            302.0291563,            99291.19613,             123527.4273
          0,           0,         271,      -5.988174693,      -3.747474822,      -3.711401739,      -3.672081078,     -0.5597551416,      -3.970621267,     -0.5846195279,    0.007075411512,    0.007075411512,      0.3905133258,        584.925591,       215544.3196,       215544.3196,       2.564302507,       593007.2005,     0.09375304306,       77.11013393,         92.72002201,        -0.1227395758,                2.463733782,       590.2114173,       590.2114173,       222814.4387,       222814.4387,       18862.66803,         0.0285980152,        -0.02152260369,        98340.8258,        117203.4938,           288.1776283,            302.0337891,            99290.97222,             123523.4665
          0,           0,         272,      -5.988259372,      -3.740922864,      -3.710600757,      -3.675359014,      -0.560996202,      -3.971349683,     -0.5852192248,     0.00713841677,     0.00713841677,      0.3902689129,        584.936493,       215549.2838,       215549.2838,       2.564311148,       593011.6422,      0.1562845856,       76.97569246,         92.69969619,        -0.1241148006,                2.470029095,       590.2158428,       590.2158428,       222810.3445,       222810.3445,        18865.7945,        0.02858092345,        -0.02144250668,       98341.74467,        117207.5392,           288.1774393,            302.0384035,             99290.7489,             123519.5956
          0,           0,         273,      -5.990153921,      -3.735620475,      -3.712470304,      -3.680720217,     -0.5611823651,      -3.972105916,     -0.5862170859,    0.007195904373,    0.007195904373,      0.3900341849,       584.9471216,       215553.9656,       215553.9656,       2.564317724,       593016.0795,      0.2102221195,       76.85154039,         92.67959318,        -0.1254539403,                2.475774652,        590.220264,        590.220264,       222806.3385,       222806.3385,       18868.68759,         0.0285643161,        -0.02136841173,       98342.63899,        117211.3266,           288.1772594,            302.0430046,            99290.53489,             123515.8036
          0,           0,         274,      -5.988443356,      -3.726685925,      -3.710802547,      -3.684291731,     -0.5556911201,      -3.972883684,      -0.587329217,    0.007248165182,    0.007248165182,      0.3898086402,       584.9574507,       215558.3244,       215558.3244,       2.564321878,       593020.4715,      0.2560139532,       76.73715462,         92.65969648,        -0.1267579881,                2.480991715,         590.22464,         590.22464,       222802.3582,       222802.3582,       18871.31769,        0.02854817045,        -0.02130000527,       98343.50335,         117214.821,           288.1770825,            302.0475575,            99290.32325,             123512.0349
          0,           0,         275,      -5.986476447,      -3.723660813,      -3.712433085,       -3.68792515,     -0.5630365725,      -3.973550888,     -0.5874372173,     0.00729554347,     0.00729554347,      0.3895917013,       584.9674942,       215562.3589,       215562.3589,       2.564323552,       593024.8159,      0.2941700087,        76.6319166,         92.64000677,        -0.1280286147,                2.485708447,       590.2289687,       590.2289687,       222798.3785,       222798.3785,       18873.62758,         0.0285324619,        -0.02123691843,       98344.36565,        117217.9932,           288.1769305,            302.0520383,            99290.13992,             123508.2386
          0,           0,         276,      -5.989993465,      -3.719723281,      -3.713769304,      -3.691855877,     -0.5647047372,      -3.974250768,      -0.588219135,    0.007338406093,    0.007338406093,      0.3893828038,       584.9772463,       215566.0513,       215566.0513,       2.564322557,       593029.0891,      0.3252981845,       76.53519424,         92.62048917,        -0.1292666359,                2.489955875,       590.2332266,       590.2332266,       222794.3561,       222794.3561,       18875.61637,         0.0285171791,        -0.02117877301,       98345.21745,        117220.8338,           288.1767939,            302.0564328,            99289.97572,             123504.3804
          0,           0,         277,      -5.989893174,      -3.715094759,      -3.714036245,      -3.695153022,     -0.5657440185,      -3.974942651,     -0.5889788925,    0.007377119706,    0.007377119706,      0.3891813855,       584.9867287,       215569.4179,       215569.4179,       2.564318996,       593033.2976,      0.3499403143,       76.44631493,         92.60114868,         -0.130474508,                2.493767684,       590.2374203,       590.2374203,       222790.2861,       222790.2861,        18877.2716,        0.02850228997,        -0.02112517027,       98346.07316,        117223.3448,           288.1766831,            302.0607372,            99289.84272,             123500.4434
          0,           0,         278,      -5.989859783,      -3.709669677,      -3.713292245,      -3.698606077,     -0.5607803638,      -3.975544693,     -0.5907737613,    0.007412042305,    0.007412042305,      0.3889868062,       584.9959557,       215572.4721,       215572.4721,       2.564312952,       593037.4386,      0.3686852671,       76.36456961,         92.58196622,        -0.1316538487,                2.497179884,       590.2415469,       590.2415469,        222786.158,        222786.158,       18878.62291,        0.02848775269,        -0.02107571039,        98346.9246,        117225.5475,             288.17659,            302.0649569,            99289.72995,             123496.4281
          0,           0,         279,      -5.989529386,      -3.706641707,      -3.714678625,      -3.702213497,     -0.5644251779,      -3.976099234,     -0.5921191283,    0.007443499426,    0.007443499426,      0.3887984216,       585.0049747,       215575.2694,       215575.2694,       2.564304882,       593041.5409,      0.3821323752,       76.28932224,         92.56294471,        -0.1328042728,                 2.50022655,       590.2456353,       590.2456353,       222782.0027,       222782.0027,       18879.66264,        0.02847354815,        -0.02103004872,        98347.8034,         117227.466,            288.176538,            302.0690972,            99289.66747,             123492.3353
          0,           0,         280,      -5.991542771,      -3.703359258,       -3.71618773,      -3.705729718,     -0.5652626487,       -3.97660457,     -0.5934890769,    0.007471792485,    0.007471792485,      0.3886155073,       585.0137787,       215577.7989,       215577.7989,       2.564294663,       593045.5792,      0.3908567258,       76.21985593,         92.54405192,        -0.1339260154,                2.502943949,       590.2496601,       590.2496601,       222777.7842,       222777.7842,       18880.44247,        0.02845960964,        -0.02098781716,        98348.6782,        117229.1207,           288.1764984,            302.0731618,            99289.61968,             123488.1645
          0,           0,         281,      -5.992620148,      -3.701877355,      -3.718900077,      -3.708641744,     -0.5678679612,      -3.977061085,     -0.5946725402,     0.00749723904,     0.00749723904,      0.3884373891,       585.0223787,       215580.0671,       215580.0671,       2.564282327,       593049.5476,      0.3954131211,       76.15545771,         92.52529477,         -0.135019962,                2.505369721,       590.2536158,       590.2536158,       222773.4859,       222773.4859,       18880.96063,        0.02844587728,        -0.02094863824,       98349.55323,        117230.5139,           288.1764707,             302.077145,            99289.58669,             123483.8992
          0,           0,         282,      -5.993905316,      -3.697231235,      -3.717592447,      -3.711251468,     -0.5604815383,       -3.97755504,     -0.5966134876,    0.007520116385,    0.007520116385,      0.3882634296,       585.0307843,       215582.0775,       215582.0775,       2.564267863,       593053.4385,      0.3963660364,       76.09549398,         92.50664852,        -0.1360852177,                2.507537728,       590.2574946,       590.2574946,       222769.0879,       222769.0879,       18881.23617,         0.0284323063,        -0.02091218991,       98350.42069,        117231.6569,           288.1764467,            302.0810479,            99289.55774,             123479.5301
          0,           0,         283,      -5.987968765,       -3.69400469,      -3.718937869,      -3.715546309,     -0.5634591018,      -3.978028106,     -0.5962557111,    0.007540662487,    0.007540662487,      0.3880931731,       585.0389973,       215583.8165,       215583.8165,        2.56425113,       593057.2426,      0.3941868079,       76.03943253,         92.48811892,        -0.1371206668,                2.509476914,       590.2612874,       590.2612874,       222764.5591,       222764.5591,       18881.18957,        0.02841886334,        -0.02087820086,       98351.31345,         117232.503,           288.1764517,            302.0848358,             99289.5632,             123474.9959
          0,           0,         284,      -5.994576408,      -3.691480642,       -3.72104762,      -3.719168856,     -0.5598939666,      -3.978550159,     -0.5974540402,    0.007559159755,    0.007559159755,      0.3879258439,       585.0470439,       215585.3214,       215585.3214,       2.564232432,       593060.9652,      0.3895628292,       75.98657273,          92.4696725,        -0.1381234612,                2.511226124,       590.2649995,       590.2649995,       222759.9098,       222759.9098,       18880.88885,         0.0284055034,        -0.02084634365,       98352.21625,        117233.1051,           288.1764703,            302.0885292,            99289.58492,             123470.3249
          0,           0,         285,      -5.987715724,      -3.690140747,      -3.723049142,      -3.722106345,     -0.5641951893,      -3.979158061,     -0.5965497079,    0.007575859905,    0.007575859905,      0.3877608084,       585.0549675,       215586.6427,       215586.6427,       2.564212171,       593064.6347,      0.3830761073,       75.93628066,         92.45131486,        -0.1390914984,                2.512820816,       590.2686592,       590.2686592,       222755.1706,       222755.1706,       18880.35692,        0.02839218125,        -0.02081632134,       98353.14287,        117233.4998,            288.176512,            302.0921472,             99289.6335,             123465.5372
          0,           0,         286,       -5.99352023,      -3.687590775,      -3.722601758,      -3.723687417,     -0.5551472896,       -3.97981896,     -0.5985803786,    0.007590902197,    0.007590902197,      0.3875975186,       585.0627551,       215587.7598,       215587.7598,       2.564190159,       593068.2245,      0.3751729682,       75.88807955,         92.43302022,        -0.1400210752,                2.514285789,       590.2722401,       590.2722401,       222750.3024,       222750.3024,       18879.58888,        0.02837884508,        -0.02078794289,       98354.08546,        117233.6743,            288.176567,            302.0956731,            99289.69769,             123460.6047
          0,           0,         287,      -5.982123397,      -3.684599047,      -3.722658504,       -3.72715671,     -0.5573743042,      -3.980514761,     -0.5971551608,     0.00760460644,     0.00760460644,      0.3874353742,       585.0705251,       215588.8235,       215588.8235,       2.564167641,        593071.841,      0.3664651524,       75.84126516,         92.41480631,        -0.1409126317,                2.515662031,       590.2758481,       590.2758481,       222745.4425,       222745.4425,       18878.67209,        0.02836545602,        -0.02076084958,       98355.07569,        117233.7478,            288.176659,            302.0991891,            99289.80632,             123455.6362
          0,           0,         288,      -5.989941778,      -3.686267484,      -3.728849244,      -3.730656673,     -0.5623800328,      -3.981284237,     -0.5987814119,    0.007616989514,    0.007616989514,      0.3872740717,       585.0781955,       215589.7237,       215589.7237,       2.564143689,       593075.3962,      0.3571666991,       75.79555476,         92.39662146,        -0.1417624529,                2.516960948,       590.2793955,       590.2793955,       222740.4705,       222740.4705,       18877.53826,        0.02835195021,         -0.0207349607,       98356.09272,         117233.631,            288.176767,            302.1026286,            99289.93446,              123450.536
          0,           0,         289,      -5.987403812,      -3.685581364,      -3.732012784,      -3.733301599,     -0.5637802801,      -3.982077294,     -0.5997827304,    0.007628101447,    0.007628101447,      0.3871131724,       585.0857729,       215590.4715,       215590.4715,       2.564118416,       593078.8874,      0.3475638931,       75.75061572,         92.37848289,        -0.1425666734,                 2.51819946,       590.2828799,       590.2828799,       222735.3858,       222735.3858,       18876.16338,        0.02833827723,        -0.02071017579,       98357.15408,        117233.3175,           288.1769032,            302.1059767,            99290.09612,             123445.2896
          0,           0,         290,       -5.98749526,      -3.684716662,      -3.733429029,      -3.735120033,     -0.5626355524,      -3.982848241,     -0.6016950137,    0.007638111168,    0.007638111168,      0.3869519321,       585.0933474,       215591.1949,       215591.1949,       2.564092895,       593082.3885,      0.3381864975,       75.70585126,         92.36038328,        -0.1433223166,                2.519410206,       590.2863749,       590.2863749,        222730.299,        222730.299,       18874.69155,        0.02832437366,        -0.02068626249,       98358.25167,        117232.9432,           288.1770574,            302.1093174,            99290.27903,               123440.02
          0,           0,         291,      -5.986525062,      -3.683197968,       -3.73469518,       -3.73758555,     -0.5610111265,      -3.983592466,     -0.6043523416,    0.007647180942,    0.007647180942,      0.3867901309,       585.1009668,       215591.9496,       215591.9496,       2.564067583,       593085.9469,      0.3292569073,        75.6608714,         92.34230667,        -0.1440315201,                 2.52061332,       590.2899274,       590.2899274,       222725.2665,       222725.2665,       18873.12864,        0.02831019313,        -0.02066301219,        98359.4105,        117232.5391,           288.1772475,            302.1126799,            99290.50497,             123434.7615
          0,           0,         292,      -5.984156413,      -3.681018275,      -3.735825934,      -3.740127462,     -0.5593733464,      -3.984303957,     -0.6061606454,    0.007655421097,    0.007655421097,      0.3866275904,       585.1086203,       215592.7205,       215592.7205,       2.564042338,       593089.5533,      0.3209911106,       75.61529035,         92.32423374,        -0.1446949492,                2.521827717,       590.2935283,       590.2935283,       222720.2756,       222720.2756,       18871.49458,        0.02829566807,        -0.02064024697,       98360.61296,        117232.1075,           288.1774554,            302.1160729,              99290.752,             123429.5236
          0,           0,         293,      -5.986963314,      -3.680351111,      -3.738147547,      -3.742900304,     -0.5573760571,       -3.98499401,      -0.607955305,    0.007662782108,    0.007662782108,      0.3864638832,       585.1163101,       215593.5146,       215593.5146,       2.564017252,       593093.2013,      0.3135539823,       75.56890522,          92.3061678,        -0.1453073983,                2.523061622,       590.2971712,       590.2971712,       222715.3223,       222715.3223,       18869.75035,        0.02828074412,        -0.02061796201,       98361.88214,        117231.6325,           288.1776972,             302.119474,            99291.03942,             123424.2829
          0,           0,         294,      -5.987464898,      -3.676413089,      -3.736418685,      -3.743860531,     -0.5475360736,      -3.985707586,     -0.6107136079,    0.007669188697,    0.007669188697,      0.3862988839,       585.1240088,        215594.294,        215594.294,       2.563991991,       593096.8658,      0.3068662089,       75.52160379,         92.28808264,        -0.1458682798,                2.524315503,       590.3008314,       590.3008314,       222710.3721,       222710.3721,       18867.89594,        0.02826534302,        -0.02059615433,       98363.19904,         117231.095,           288.1779541,            302.1228773,            99291.34324,             123419.0289
          0,           0,         295,      -5.980710655,      -3.676173049,      -3.738303513,      -3.744519703,     -0.5527509316,      -3.986411277,     -0.6100799675,    0.007674766071,    0.007674766071,      0.3861321364,       585.1318265,       215595.2095,       215595.2095,        2.56396784,       593100.6498,      0.3012095302,        75.4730045,         92.26998236,         -0.146377362,                 2.52561018,        590.304611,        590.304611,       222705.5703,       222705.5703,       18866.01582,        0.02824942517,         -0.0205746591,       98364.59686,        117230.6127,           288.1782492,            302.1263618,            99291.69382,             123413.8765
          0,           0,         296,      -5.990402116,      -3.674968139,      -3.738397886,      -3.746569989,     -0.5508543018,      -3.987102046,     -0.6121367519,    0.007679334944,    0.007679334944,      0.3859635653,       585.1397626,       215596.2623,       215596.2623,       2.563944793,       593104.5579,       0.296423327,        75.4230893,         92.25183635,        -0.1468321224,                2.526939373,       590.3085149,       590.3085149,       222700.9273,       222700.9273,       18864.16831,        0.02823290214,         -0.0205535672,       98366.04701,        117230.2153,           288.1785562,            302.1299588,            99292.05704,             123408.8703
          0,           0,         297,      -5.983062662,      -3.672567943,       -3.73898392,      -3.748376546,      -0.554236268,       -3.98790417,     -0.6113348556,    0.007682703573,    0.007682703573,      0.3857933726,       585.1478222,       215597.4675,       215597.4675,       2.563923031,       593108.6057,      0.2921705843,       75.37206631,         92.23364763,        -0.1472320645,                2.528286305,       590.3125585,       590.3125585,       222696.4742,       222696.4742,       18862.29777,        0.02821573836,        -0.02053303479,       98367.58485,        117229.8826,           288.1789004,            302.1336581,            99292.46566,             123404.0085
          0,           0,         298,      -5.988702899,       -3.67305445,       -3.74201349,      -3.748477999,     -0.5570771832,      -3.988724855,     -0.6122638129,    0.007684751984,    0.007684751984,        0.38562127,       585.1560711,       215598.9458,       215598.9458,       2.563903646,       593112.8603,      0.2884244944,       75.31978115,         92.21540976,        -0.1475749495,                 2.52965388,       590.3168086,       590.3168086,       222692.3394,       222692.3394,       18860.56466,        0.02819784506,        -0.02051309308,       98369.19055,        117229.7552,            288.179263,            302.1375456,            99292.89428,             123399.4452
          0,           0,         299,       -5.98910624,      -3.670588971,      -3.742056196,      -3.749311458,     -0.5557303634,      -3.989614538,     -0.6125594041,    0.007685477625,    0.007685477625,      0.3854475467,       585.1645404,       215600.7347,       215600.7347,        2.56388696,       593117.3665,      0.2849429557,       75.26624938,          92.1970968,        -0.1478658632,                2.531037277,       590.3213097,       590.3213097,       222688.5804,       222688.5804,       18858.93892,        0.02817919108,        -0.02049371345,       98370.89789,        117229.8368,           288.1796674,            302.1416423,            99293.37448,             123395.2059
          0,           0,         300,      -5.989493917,      -3.670352325,      -3.744256971,      -3.749596195,     -0.5603969756,      -3.990497191,     -0.6119440367,    0.007684596015,    0.007684596015,      0.3852730586,        585.173091,       215602.6483,       215602.6483,       2.563871418,       593122.0174,      0.2807259525,       75.21196077,         92.17869019,        -0.1481152396,                2.532397645,       590.3259555,       590.3259555,       222685.0522,       222685.0522,       18857.28806,        0.02815968879,        -0.02047509278,       98372.68013,        117229.9682,           288.1800888,            302.1458668,             99293.8741,             123391.1781
          0,           0,         301,      -5.992359616,      -3.667262132,      -3.741640218,       -3.74919989,     -0.5547595421,      -3.991363816,      -0.612442756,    0.007681999793,    0.007681999793,      0.3850975163,       585.1818575,       215604.8784,       215604.8784,       2.563858676,       593126.9452,      0.2757567804,       75.15685322,         92.16020037,        -0.1483199322,                2.533734773,       590.3308775,       590.3308775,       222681.9489,       222681.9489,       18855.72765,        0.02813929305,        -0.02045729326,       98374.57538,         117230.303,           288.1805547,            302.1503229,            99294.42808,             123387.5208
          0,           0,         302,      -5.989289296,      -3.666056858,      -3.743553974,      -3.749365815,     -0.5608287232,      -3.992282093,      -0.611355586,    0.007677526037,    0.007677526037,      0.3849212298,       585.1908346,       215607.4247,       215607.4247,       2.563848738,       593132.1617,      0.2693815971,       75.10111967,         92.14158676,        -0.1484887332,                2.535027909,       590.3360875,       590.3360875,        222679.296,        222679.296,       18854.30308,        0.02811791349,        -0.02044038745,       98376.56082,        117230.8639,           288.1810432,            302.1550443,            99295.00803,             123384.2879
          0,           0,         303,      -5.996773984,       -3.66375533,      -3.742781292,      -3.748902639,     -0.5592315071,      -3.993226837,       -0.61361024,    0.007670831496,    0.007670831496,      0.3847444486,       585.2000039,       215610.2787,       215610.2787,       2.563841618,       593137.6595,      0.2610916689,       75.04517303,         92.12286392,        -0.1486185354,                2.536246656,       590.3415781,       590.3415781,       222677.1001,       222677.1001,       18852.92991,        0.02809551162,        -0.02042468012,       98378.67437,        117231.6043,            288.181581,            302.1599971,            99295.64924,             123381.4509
          0,           0,         304,      -5.997276556,      -3.662688756,      -3.744086871,      -3.747626346,     -0.5667533865,      -3.994186812,     -0.6138102333,    0.007661649895,    0.007661649895,      0.3845673755,       585.2093328,       215613.4054,       215613.4054,       2.563837039,       593143.4189,      0.2502156735,       74.98929801,         92.10399422,        -0.1487140161,                2.537363862,       590.3473296,       590.3473296,       222675.3455,       222675.3455,       18851.61867,        0.02807199336,        -0.02041034347,       98380.89338,         117232.512,           288.1821457,            302.1651839,            99296.32324,             123379.0222
          0,           0,         305,      -6.001873962,      -3.660351137,      -3.741945287,      -3.745968562,     -0.5666665638,      -3.995201897,     -0.6162564254,    0.007649754267,    0.007649754267,      0.3843904209,       585.2188558,       215616.8688,       215616.8688,       2.563835616,       593149.4935,      0.2360526288,       74.93383319,         92.08499128,        -0.1487815065,                2.538352044,       590.3533953,       590.3533953,       222674.1246,       222674.1246,       18850.36458,        0.02804729945,        -0.02039754518,       98383.25213,        117233.6167,           288.1827611,            302.1706342,            99297.06036,             123377.0642
          0,           0,         306,      -6.003586266,      -3.659035494,      -3.742768578,      -3.744683814,     -0.5749209529,       -3.99626461,     -0.6164395402,    0.007634870506,    0.007634870506,      0.3842135738,       585.2285891,       215620.7088,       215620.7088,       2.563837732,       593155.9067,      0.2180127008,       74.87901751,         92.06582327,        -0.1488239446,                2.539186824,       590.3597986,       590.3597986,       222673.4906,       222673.4906,       18849.23038,         0.0280213353,         -0.0203864648,       98385.73923,        117234.9696,           288.1834132,            302.1763855,            99297.84334,             123375.6472
          0,           0,         307,      -6.008879795,      -3.655865318,      -3.740096726,      -3.741736676,     -0.5683546569,      -3.997206504,     -0.6193335621,     0.00761670453,     0.00761670453,      0.3840368811,       585.2385864,       215625.0007,       215625.0007,       2.563844045,       593162.7188,      0.1955356476,       74.82517986,         92.04648604,        -0.1488421449,                2.539840936,       590.3665995,       590.3665995,       222673.5306,       222673.5306,        18848.2317,        0.02799404228,        -0.02037733775,        98388.3845,        117236.6162,           288.1841215,             302.182478,            99298.69822,             123374.8324
          0,           0,         308,      -6.006859925,      -3.654423072,      -3.740735704,      -3.739724977,     -0.5779040945,      -3.998120749,     -0.6192265188,    0.007594912456,    0.007594912456,      0.3838603861,       585.2488313,       215629.7255,       215629.7255,       2.563854387,       593169.9211,      0.1679619298,       74.77265973,         92.02695277,        -0.1488375489,                2.540283752,       590.3737892,       590.3737892,       222674.2372,       222674.2372,        18847.3979,        0.02796532501,        -0.02037041256,       98391.16381,        117238.5617,           288.1848618,            302.1889275,            99299.59508,             123374.6421
          0,           0,         309,      -6.015957424,      -3.651676154,      -3.737988244,      -3.736931681,     -0.5751057876,      -3.999005392,     -0.6216760994,      0.0075690106,      0.0075690106,      0.3836847447,       585.2592157,       215634.7321,       215634.7321,       2.563867512,       593177.4295,      0.1341861547,       74.72218409,         92.00723098,        -0.1488137254,                2.540460925,       590.3812842,       590.3812842,       222675.4888,       222675.4888,       18846.52614,        0.02793510524,        -0.02036609464,       98394.10297,        117240.6291,           288.1856523,            302.1956319,            99300.55471,             123374.9341
          0,           0,         310,      -6.010389366,      -3.650255571,      -3.738616864,      -3.734960399,     -0.5840910697,      -3.999903534,     -0.6207908243,    0.007538697527,    0.007538697527,      0.3835093923,       585.2698271,       215640.1644,       215640.1644,       2.563884687,       593185.3208,     0.09390691885,       74.67388629,         91.98729608,        -0.1487668081,                2.540355964,       590.3891607,       590.3891607,       222677.4203,       222677.4203,       18845.79189,        0.02790329461,        -0.02036459709,       98397.18628,        117242.9782,           288.1864755,            302.2026852,            99301.55613,             123375.8642
          0,           0,         311,      -6.023301876,      -3.645318557,       -3.73268742,      -3.731956766,     -0.5710521903,      -4.000796652,     -0.6233686974,    0.007503762682,    0.007503762682,      0.3833341075,       585.2807506,       215646.1452,       215646.1452,       2.563906963,       593193.6809,     0.04662090205,       74.62791357,         91.96714554,        -0.1487005037,                2.539951777,       590.3975044,       590.3975044,       222680.1598,       222680.1598,       18845.29594,        0.02786980452,        -0.02036604184,       98400.42464,        117245.7206,            288.187337,            302.2101673,            99302.60478,              123377.555
          0,           0,         312,      -6.015592743,      -3.645915365,      -3.736023492,      -3.729467569,     -0.5871436357,      -4.001696873,     -0.6212049752,    0.007463749947,    0.007463749947,      0.3831591171,       585.2918885,       215652.5399,       215652.5399,       2.563933201,       593202.4231,   -0.008521208624,       74.58482627,         91.94674995,        -0.1486150123,                2.539204475,       590.4062287,       590.4062287,       222683.5849,       222683.5849,       18844.93893,        0.02783454628,        -0.02037079634,       98403.80049,        117248.7394,            288.188218,            302.2180108,              99303.678,             123379.9069
          0,           0,         313,      -6.029331115,      -3.642654546,      -3.731633442,      -3.726128948,     -0.5823109484,       -4.00254472,     -0.6241674764,    0.007418316521,    0.007418316521,      0.3829849236,       585.3031925,       215659.2838,       215659.2838,       2.563962922,       593211.5136,    -0.07225543161,       74.54526157,         91.92611567,        -0.1485110315,                2.538072484,       590.4153002,       590.4153002,        222687.647,        222687.647,       18844.51114,        0.02779752218,        -0.02037920566,       98407.38631,        117251.8974,             288.18917,            302.2261302,            99304.84841,             123382.7986
          0,           0,         314,      -6.025119321,      -3.641683295,      -3.731977171,      -3.723774191,      -0.592069694,      -4.003459389,     -0.6230659502,    0.007367188856,    0.007367188856,      0.3828118396,       585.3145951,       215666.2974,       215666.2974,       2.563995519,       593220.8932,       -0.14525136,       74.50974655,         91.90521318,        -0.1483914316,                2.536520799,         590.42466,         590.42466,       222692.2758,       222692.2758,       18843.89627,        0.02775872046,        -0.02039153161,       98411.20059,        117255.0969,           288.1901986,            302.2344614,            99306.13435,             123386.1415
          0,           0,         315,      -6.032880182,      -3.641375329,      -3.731681731,      -3.721212501,     -0.5982526259,      -4.004304451,     -0.6235999176,    0.007310007327,    0.007310007327,      0.3826384985,       585.3261679,       215673.6811,       215673.6811,         2.5640318,       593230.6067,     -0.2277053973,       74.47804715,         91.88405691,        -0.1482490753,                2.534549348,       590.4343525,       590.4343525,       222697.5404,       222697.5404,       18843.29357,        0.02771791957,        -0.02040791224,       98415.19375,        117258.4873,           288.1912671,            302.2430855,             99307.4726,             123390.0678
          0,           0,         316,      -6.033790156,      -3.640375497,      -3.731105945,      -3.718504477,     -0.6025004481,      -4.005153501,     -0.6242169399,    0.007246310885,    0.007246310885,      0.3824646755,       585.3377518,       215681.2095,       215681.2095,       2.564069823,       593240.4943,     -0.3203911342,       74.45054703,         91.86261248,        -0.1480828105,                2.532123599,       590.4442187,       590.4442187,         222703.21,         222703.21,       18842.59004,        0.02767497251,        -0.02042866163,       98419.30971,        117261.8997,           288.1923282,            302.2518905,             99308.7986,             123394.4114
          0,           0,         317,      -6.038877484,      -3.638219338,      -3.730253876,      -3.716842935,     -0.6049130513,       -4.00598511,     -0.6230779323,    0.007175919361,    0.007175919361,      0.3822892503,       585.3494441,       215689.0146,       215689.0146,       2.564110694,       593250.6253,     -0.4232709509,        74.4270966,         91.84089219,        -0.1478861953,                2.529248846,       590.4543276,       590.4543276,        222709.382,        222709.382,       18841.89216,        0.02762978708,        -0.02045386771,       98423.56123,        117265.4534,           288.1933916,            302.2609361,            99310.11973,             123399.2622
          0,           0,         318,      -6.039624596,      -3.636831858,      -3.728968889,      -3.714320056,     -0.6027215448,      -4.006736906,     -0.6231154162,    0.007098626803,    0.007098626803,      0.3821120637,       585.3611609,       215696.9667,       215696.9667,       2.564153259,       593260.9162,      -0.536877524,       74.40784964,         91.81886745,        -0.1476631009,                 2.52591003,       590.4645962,       590.4645962,       222715.9242,       222715.9242,       18841.13135,         0.0275822585,         -0.0204836317,       98427.91767,         117269.049,           288.1944323,            302.2701639,            99311.39953,             123404.5247
          0,           0,         319,      -6.043915634,      -3.634274973,      -3.725668065,      -3.711812781,     -0.6003733638,      -4.007412233,     -0.6221455109,    0.007014046051,    0.007014046051,      0.3819328153,       585.3728272,       215704.9703,       215704.9703,       2.564196789,       593271.2803,     -0.6613179595,        74.3932017,         91.79654988,        -0.1473991101,                2.522085938,        590.474938,        590.474938,       222722.7203,       222722.7203,       18840.09431,        0.02753239072,        -0.02051834467,       98432.43797,        117272.5323,           288.1954918,            302.2794462,            99312.69795,             123410.0223
          0,           0,         320,      -6.042774524,      -3.635894351,      -3.728830837,      -3.710612225,     -0.6149757769,      -4.008124673,     -0.6195466807,     0.00692248426,     0.00692248426,       0.381751237,       585.3846248,       215713.2861,       215713.2861,       2.564243535,       593281.8884,     -0.7962216192,       74.38291552,         91.77390531,        -0.1470992305,                2.517802062,       590.4855231,       590.4855231,       222730.0199,       222730.0199,       18838.92664,        0.02748026818,        -0.02055778392,       98437.17974,        117276.1064,           288.1966044,            302.2889187,            99314.07899,             123415.9409
          0,           0,         321,      -6.052339258,      -3.634991282,      -3.727836813,       -3.70938557,     -0.6151328992,      -4.008772702,     -0.6189877527,      0.0068236131,      0.0068236131,      0.3815667364,       585.3964658,       215721.7695,       215721.7695,        2.56429221,       593292.6403,     -0.9419332105,       74.37710514,         91.75093964,        -0.1467582439,                2.513047176,       590.4962516,       590.4962516,       222737.6576,       222737.6576,       18837.49064,        0.02742576903,        -0.02060215593,       98442.13945,        117279.6301,           288.1977705,            302.2984811,            99315.53211,             123422.1255
          0,           0,         322,       -6.05004299,      -3.633710348,      -3.727918325,      -3.708136521,     -0.6146592236,      -4.009430231,     -0.6174646747,    0.006717599698,    0.006717599698,      0.3813791161,       585.4084613,       215730.5924,       215730.5924,       2.564344371,       593303.6324,      -1.098025424,       74.37578287,         91.72763944,         -0.146372916,                 2.50783623,       590.5072197,       590.5072197,       222745.7854,       222745.7854,       18835.77863,        0.02736903051,        -0.02065143081,       98447.40687,        117283.1855,           288.1990442,            302.3081755,            99317.15679,             123428.6286
          0,           0,         323,      -6.054872477,      -3.635260537,      -3.729790921,      -3.707052383,     -0.6243189384,      -4.010045732,     -0.6157090193,    0.006604147552,    0.006604147552,      0.3811879743,       585.4205343,       215739.6463,       215739.6463,       2.564399132,       593314.7752,      -1.264513759,       74.37912249,         91.70403743,        -0.1459312133,                2.502162826,       590.5183382,       590.5183382,       222754.2731,       222754.2731,       18833.61431,        0.02731001944,        -0.02070587189,         98453.016,        117286.6303,           288.2004491,            302.3178891,            99318.98569,             123435.2874
          0,           0,         324,      -6.058019608,      -3.634695954,      -3.730063075,      -3.706411949,     -0.6248217198,      -4.010721978,      -0.613843143,    0.006483025383,    0.006483025383,      0.3809918975,       585.4326168,       215748.8216,       215748.8216,       2.564455434,       593325.9723,      -1.441550007,       74.38672072,         91.68006855,        -0.1454307994,                 2.49604032,       590.5295112,       590.5295112,       222762.9725,       222762.9725,       18831.12401,        0.02724848762,        -0.02076546224,       98458.84878,        117289.9728,           288.2018945,            302.3276167,            99320.88646,              123442.086
          0,           0,         325,      -6.056351541,      -3.632370079,      -3.728899488,      -3.705755301,     -0.6162500774,       -4.01133618,     -0.6128805126,    0.006354133958,    0.006354133958,      0.3807897607,       585.4447098,       215758.0797,       215758.0797,       2.564512789,       593337.2039,      -1.629288774,        74.3981505,         91.65577532,        -0.1448739837,                2.489488937,       590.5407189,       590.5407189,       222771.8175,       222771.8175,       18828.38571,        0.02718422509,        -0.02083009114,       98464.84701,        117293.2327,           288.2033437,            302.3373752,            99322.78874,             123449.0288
          0,           0,         326,      -6.057638264,      -3.633761709,      -3.731690345,      -3.705350723,     -0.6273570872,      -4.011990938,     -0.6108871084,    0.006217402339,    0.006217402339,      0.3805804852,       585.4567795,       215767.3703,       215767.3703,        2.56457071,       593348.4119,      -1.827558565,       74.41301317,         91.63111249,        -0.1442568829,                2.482530733,       590.5519034,       590.5519034,       222780.7238,       222780.7238,       18825.47937,        0.02711709138,        -0.02089968904,       98470.94548,        117296.4249,           288.2047425,            302.3471609,             99324.6203,             123456.1035
          0,           0,         327,      -6.066126334,      -3.635756909,      -3.735108705,      -3.706464505,     -0.6372296442,      -4.012582614,     -0.6100872705,    0.006072755288,    0.006072755288,      0.3803631534,       585.4688166,       215776.6582,       215776.6582,       2.564628828,       593359.5626,       -2.03620193,       74.43107538,          91.6060812,        -0.1435752943,                2.475182775,       590.5630315,       590.5630315,       222789.6219,       222789.6219,       18822.38403,        0.02704700253,        -0.02097424724,        98477.1371,        117299.5211,           288.2060896,            302.3569419,            99326.37109,             123463.2508
          0,           0,         328,      -6.068250445,      -3.635310315,      -3.736098805,      -3.707105603,     -0.6334560084,      -4.013094567,      -0.608728904,    0.005920529565,    0.005920529565,      0.3801385519,       585.4809207,       215786.1145,       215786.1145,       2.564688789,       593370.7618,      -2.254600262,       74.45254492,         91.58070657,        -0.1428268607,                2.467462246,       590.5742081,       590.5742081,       222798.6882,       222798.6882,       18818.96082,         0.0269742521,        -0.02105372254,       98483.57686,        117302.5377,           288.2074864,            302.3667217,            99328.21566,             123470.4725
          0,           0,         329,      -6.066786901,      -3.635546962,      -3.737878614,      -3.707445109,       -0.63790209,      -4.013626814,     -0.6070069962,    0.005760824265,    0.005760824265,      0.3799057897,       585.4931562,       215795.8062,       215795.8062,       2.564751093,        593382.054,      -2.482586231,       74.47695395,          91.5549965,        -0.1420149004,                2.459399044,       590.5854777,       590.5854777,       222807.9644,       222807.9644,       18815.26093,         0.0268987343,        -0.02113791004,       98490.27265,        117305.5336,           288.2089472,            302.3765305,            99330.15745,              123477.807
          0,           0,         330,       -6.07056388,      -3.635405997,      -3.738062305,      -3.708366079,     -0.6347387676,       -4.01415933,     -0.6057646136,    0.005593608539,    0.005593608539,      0.3796639175,       585.5054468,       215805.6318,       215805.6318,       2.564814881,       593393.3363,       -2.71986521,       74.50401216,         91.52888308,        -0.1411324873,                2.451013109,       590.5967377,       590.5967377,       222817.3099,       222817.3099,       18811.23865,        0.02682038655,        -0.02122677801,       98497.19656,        117308.4352,           288.2104454,            302.3862922,            99332.16521,             123485.1446
          0,           0,         331,      -6.071223335,      -3.634907051,      -3.739672916,       -3.71012747,      -0.634293332,      -4.014675282,     -0.6052857622,    0.005419278316,    0.005419278316,      0.3794128477,       585.5178977,       215815.7257,       215815.7257,       2.564881293,       593404.7082,      -2.965972286,       74.53330738,         91.50243802,        -0.1401857763,                2.442343761,       590.6080874,       590.6080874,       222826.8514,       222826.8514,       18806.88906,        0.02673927421,         -0.0213199959,       98504.41833,        117311.3074,           288.2120339,            302.3960535,            99334.31369,             123492.5377
          0,           0,         332,      -6.068623023,      -3.636319629,      -3.743672582,      -3.711604555,     -0.6409033273,       -4.01512429,      -0.603761699,    0.005237905234,    0.005237905234,      0.3791513796,       585.5304647,       215826.0314,       215826.0314,       2.564949811,       593416.0943,      -3.220526469,       74.56431346,         91.47561677,        -0.1391723114,                2.433422653,       590.6194515,       590.6194515,       222836.4896,       222836.4896,       18802.30262,        0.02665528982,        -0.02141738459,        98511.8644,         117314.167,           288.2136493,            302.4058022,            99336.52492,             123499.9647
          0,           0,         333,      -6.077834374,      -3.636523382,      -3.745154728,      -3.713250652,     -0.6417266093,      -4.015489279,      -0.603158031,    0.005049360576,    0.005049360576,      0.3788796235,       585.5429792,        215836.285,        215836.285,       2.565018118,       593427.3379,      -3.483827305,         74.596999,          91.4484618,        -0.1380943547,                2.424253076,       590.6306742,       590.6306742,       222845.9685,       222845.9685,       18797.25802,        0.02656831925,        -0.02151895867,        98519.5135,        117316.7715,           288.2152907,            302.4153835,            99338.77268,             123507.1958
          0,           0,         334,      -6.076023506,      -3.636844963,      -3.748240047,       -3.71461706,     -0.6497230729,      -4.015892274,     -0.6022327849,    0.004853914419,    0.004853914419,      0.3785965314,       585.5554773,       215846.5539,       215846.5539,       2.565086797,       593438.4444,      -3.755313123,       74.63074944,         91.42090692,        -0.1369533273,                 2.41487518,       590.6417609,       590.6417609,       222855.3168,       222855.3168,         18791.914,         0.0264783215,        -0.02162440708,       98527.31995,        117319.2339,            288.216917,            302.4248439,            99341.01107,             123514.3057
          0,           0,         335,      -6.080133131,      -3.637207042,      -3.749999399,       -3.71635555,      -0.646921077,      -4.016242946,     -0.6018970952,    0.004651799646,    0.004651799646,      0.3783015394,        585.567989,       215856.8736,       215856.8736,       2.565156175,       593449.4238,      -4.034447392,       74.66511357,         91.39307357,        -0.1357484329,                2.405326032,       590.6527215,       590.6527215,       222864.5407,       222864.5407,       18786.17657,        0.02638530662,        -0.02173350698,        98535.3485,        117321.5251,           288.2185765,             302.434145,            99343.30763,             123521.2331
          0,           0,         336,      -6.077547169,      -3.637247322,      -3.752325732,      -3.718543967,     -0.6528423439,      -4.016678277,     -0.6007499744,    0.004443218824,    0.004443218824,      0.3779940218,        585.580433,        215867.124,        215867.124,       2.565225133,       593460.1883,      -4.321099597,       74.69943181,         91.36488581,         -0.134488653,                2.395638393,       590.6634683,       590.6634683,       222873.5102,       222873.5102,       18780.16282,        0.02628910706,        -0.02184588823,        98543.4806,        117323.6434,            288.220177,            302.4432914,            99345.53711,             123527.9731
          0,           0,         337,      -6.083033066,      -3.634223312,      -3.750899311,      -3.721403803,     -0.6392580169,      -4.017100936,     -0.6011754418,    0.004228185017,    0.004228185017,      0.3776735114,       585.5927292,        215877.176,        215877.176,       2.565292548,       593470.6465,      -4.615100364,       74.73342293,         91.33638257,        -0.1331725873,                2.385830823,       590.6739105,       590.6739105,        222882.076,        222882.076,       18773.70426,        0.02618965274,        -0.02196146772,       98551.73585,        117325.4401,           288.2217458,            302.4521648,            99347.71756,             123534.3584
          0,           0,         338,      -6.077341325,      -3.634800942,      -3.754899549,      -3.723465383,     -0.6485579193,      -4.017559354,     -0.6003815653,     0.00400653755,     0.00400653755,      0.3773400796,       585.6045838,       215886.6286,       215886.6286,       2.565354991,       593480.5212,      -4.916938547,       74.76693138,         91.30756979,        -0.1318067329,                2.375905518,       590.6837722,       590.6837722,       222889.8519,       222889.8519,       18766.66259,        0.02608673048,        -0.02208019293,       98559.98298,        117326.6456,           288.2231817,            302.4605905,            99349.70823,             123540.1437
          0,           0,         339,      -6.083769172,      -3.631854604,      -3.752977814,      -3.725796533,     -0.6407197338,      -4.017977024,     -0.6004487803,    0.003778921292,    0.003778921292,      0.3769926538,       585.6162106,       215895.7615,       215895.7615,       2.565414771,       593489.9943,       -5.22573215,       74.79899792,         91.27841206,        -0.1303984658,                2.365922223,       590.6932343,       590.6932343,       222897.0806,       222897.0806,       18759.25729,        0.02598037092,        -0.02220144963,       98568.25211,        117327.5094,           288.2245196,            302.4687147,            99351.54151,             123545.5391
          0,           0,         340,      -6.083176757,      -3.634195781,      -3.758901943,      -3.728027756,     -0.6550147564,      -4.018406048,     -0.6013346209,    0.003545840451,    0.003545840451,      0.3766317932,       585.6276005,       215904.5774,       215904.5774,       2.565471981,       593499.0635,       -5.54094231,       74.82937889,         91.24901966,        -0.1289568959,                2.355912425,       590.7022946,       590.7022946,       222903.7705,       222903.7705,       18751.42556,        0.02587071979,        -0.02232487934,       98576.57591,        117328.0015,           288.2257797,            302.4765149,            99353.26372,             123550.5068
          0,           0,         341,      -6.088921501,      -3.632081873,      -3.758616779,      -3.730463254,     -0.6503580693,      -4.018718097,     -0.6027568867,    0.003307860265,    0.003307860265,      0.3762566343,       585.6389223,        215913.278,        215913.278,       2.565528258,       593507.8691,      -5.861694833,       74.85727641,         91.21937115,        -0.1274869821,                2.345925638,       590.7110927,       590.7110927,       222910.0871,       222910.0871,       18743.24161,        0.02575782388,        -0.02244996361,       98585.01822,        117328.2598,           288.2270254,            302.4840673,            99354.94436,             123555.1427
          0,           0,         342,        -6.0904718,      -3.631988336,       -3.76242744,      -3.734613658,     -0.6630495762,      -4.019212377,     -0.6034352211,    0.003066040935,    0.003066040935,      0.3758693229,       585.6503678,        215922.184,        215922.184,       2.565586683,       593516.6291,      -6.186860006,       74.88295602,         91.18942379,        -0.1259988723,                2.335986887,       590.7198456,       590.7198456,        222916.382,        222916.382,       18734.39172,        0.02564231966,        -0.02257627872,       98593.89612,        117328.2878,           288.2284742,            302.4913714,            99356.93916,             123559.4428
          0,           0,         343,      -6.097053715,      -3.629948576,      -3.764182266,       -3.73739924,     -0.6625780454,      -4.019590146,     -0.6049994873,    0.002820763115,    0.002820763115,      0.3754691148,       585.6619543,       215931.3155,       215931.3155,       2.565647405,        593525.343,      -6.516059599,       74.90572394,         91.15919935,        -0.1244996759,                 2.32613154,       590.7285529,       590.7285529,       222922.6527,       222922.6527,       18724.92738,         0.0255241509,        -0.02270338778,       98603.19408,        117328.1215,           288.2301178,            302.4984351,             99359.2299,             123563.4228
          0,           0,         344,       -6.09604978,      -3.629669207,       -3.76669322,      -3.739177116,     -0.6695059278,       -4.02013819,     -0.6062015308,    0.002572133112,    0.002572133112,      0.3750554604,       585.6735058,       215940.3937,       215940.3937,       2.565707884,         593533.83,      -6.849418845,       74.92503812,          91.1287459,        -0.1229975221,                 2.31637909,       590.7370345,       590.7370345,       222928.6098,       222928.6098,       18714.83554,        0.02540312033,        -0.02283098722,       98612.77907,        117327.6146,           288.2318776,            302.5051569,            99361.67402,             123566.9358
          0,           0,         345,      -6.101270789,      -3.626416606,       -3.76394453,      -3.741855666,     -0.6599055198,      -4.020583259,     -0.6081915082,    0.002320285068,    0.002320285068,      0.3746263138,       585.6849001,       215949.2371,       215949.2371,       2.565766393,       593541.9347,      -7.186786828,       74.93955631,         91.09807108,        -0.1215009439,                2.306775885,       590.7451358,       590.7451358,        222934.029,        222934.029,       18704.39354,        0.02527879576,        -0.02295851069,        98622.4218,        117326.8153,           288.2335755,            302.5115602,            99364.02154,             123570.0074
          0,           0,         346,       -6.10333614,      -3.627040653,      -3.769149619,      -3.746137775,      -0.676301284,      -4.021169294,     -0.6096886321,    0.002065757268,    0.002065757268,      0.3741812816,       585.6961267,       215957.8348,       215957.8348,       2.565822838,       593549.6311,      -7.527513254,       74.94865782,         91.06717751,         -0.120015735,                2.297356652,       590.7528309,       590.7528309,       222938.8765,       222938.8765,       18693.61662,        0.02515123349,        -0.02308547622,        98632.1091,        117325.7257,           288.2351991,            302.5176318,            99366.26441,             123572.6121
          0,           0,         347,      -6.108942067,      -3.623997641,      -3.768581538,      -3.749100448,      -0.672288531,      -4.021666138,     -0.6120517626,    0.001808631647,    0.001808631647,      0.3737183885,       585.7070471,       215965.9583,       215965.9583,       2.565875033,       593556.7462,       -7.87143392,       74.95115489,         91.03609238,         -0.118547057,                2.288159821,       590.7599475,       590.7599475,       222942.8765,       222942.8765,       18682.71701,        0.02502003945,         -0.0232114078,       98641.62066,        117324.3377,           288.2365965,            302.5233511,            99368.16449,             123574.7121
          0,           0,         348,      -6.108919904,      -3.622044559,      -3.769409496,      -3.751784608,     -0.6759025907,      -4.022324324,     -0.6137510204,    0.001549765571,    0.001549765571,      0.3732384254,       585.7178302,       215973.8609,       215973.8609,       2.565925263,        593563.452,      -8.217472343,       74.94672071,         91.00482672,         -0.117104079,                2.279218924,        590.766657,        590.766657,       222946.2861,       222946.2861,       18671.64255,         0.0248855412,        -0.02333577563,       98651.10915,        117322.7517,           288.2378752,            302.5287818,            99369.89885,             123576.3872
          0,           0,         349,      -6.113377932,       -3.62062951,      -3.769983158,       -3.75431297,     -0.6833882337,      -4.022887575,     -0.6156853719,    0.001289731046,    0.001289731046,      0.3727421825,       585.7285816,       215981.6846,       215981.6846,       2.565974801,       593569.8646,      -8.565045528,       74.93525611,          90.9734474,        -0.1156929044,                2.270550864,        590.773075,        590.773075,       222949.2602,       222949.2602,       18660.28723,        0.02474798828,        -0.02345825723,       98660.69871,        117320.9859,           288.2391419,            302.5339332,            99371.60791,             123577.6523
          0,           0,         350,      -6.116893635,      -3.619357132,      -3.772342604,      -3.758101235,     -0.6917231801,      -4.023524106,     -0.6173601675,    0.001028797131,    0.001028797131,      0.3722290148,       585.7392646,       215989.3796,       215989.3796,        2.56602318,       593575.9378,      -8.913886809,       74.91611844,         90.94193739,        -0.1143186417,                2.262177501,       590.7791553,       590.7791553,       222951.7364,       222951.7364,       18648.73195,        0.02460727795,        -0.02357848082,       98670.32384,        117319.0558,            288.240346,            302.5388093,            99373.22284,             123578.5135
          0,           0,         351,      -6.120698178,      -3.614981256,      -3.769877826,      -3.761169715,     -0.6782328049,      -4.024114182,     -0.6191114476,   0.0007674465177,   0.0007674465177,      0.3716994197,       585.7498628,       215996.9249,       215996.9249,       2.566070272,       593581.6589,      -9.263423426,       74.88913953,         90.91034237,        -0.1129855886,                2.254114229,       590.7848853,       590.7848853,        222953.694,        222953.694,        18636.8415,        0.02446358851,          -0.023696142,       98680.04171,        117316.8832,           288.2415383,             302.543347,            99374.81455,             123578.8795
          0,           0,         352,      -6.119146582,      -3.614085335,      -3.771179794,      -3.764339704,     -0.6890520978,      -4.024955588,     -0.6202200768,    0.000506268318,    0.000506268318,      0.3711532825,        585.760434,       216004.3927,       216004.3927,       2.566116663,       593587.0797,      -9.613044083,       74.85372286,         90.87864996,        -0.1117017524,                2.246389215,       590.7903167,       590.7903167,       222955.1979,       222955.1979,       18624.66692,        0.02431699486,        -0.02381072654,        98689.8629,        117314.5298,           288.2427284,            302.5475883,            99376.40006,             123578.7979
          0,           0,         353,      -6.128256206,      -3.611634507,       -3.77123465,      -3.768581647,      -0.689725294,      -4.025580616,     -0.6214373571,   0.0002460867796,   0.0002460867796,      0.3705917303,       585.7710926,        216011.945,        216011.945,       2.566163845,       593592.3238,      -9.961746077,       74.80981135,         90.84693208,         -0.110471771,                2.239023871,       590.7955724,       590.7955724,       222956.4182,       222956.4182,       18612.01716,        0.02416791048,         -0.0239218237,       98699.96394,        117311.9811,           288.2440569,            302.5515155,            99378.18056,             123578.2376
          0,           0,         354,      -6.129133716,      -3.609509896,      -3.772250072,      -3.773462716,     -0.6916063989,      -4.026179613,      -0.622096422,  -1.343692042e-05,  -1.343692042e-05,      0.3700120057,       585.7815602,       216019.1248,       216019.1248,       2.566207476,       593597.0771,       -10.3100506,        74.7560493,         90.81519285,        -0.1093017128,                2.232041626,       590.8003397,       590.8003397,       222956.8508,       222956.8508,       18599.25159,        0.02401561955,        -0.02402905647,       98709.93659,        117309.1882,           288.2452467,             302.555093,            99379.71329,             123577.1375
          0,           0,         355,      -6.132276092,      -3.607529214,      -3.771662546,      -3.776023622,     -0.6895479403,       -4.02685761,     -0.6223394416,  -0.0002717191256,  -0.0002717191256,      0.3694139178,       585.7918913,       216026.0452,       216026.0452,       2.566248628,        593601.384,      -10.65716464,       74.69187443,         90.78342339,        -0.1081957584,                2.225469635,       590.8046629,       590.8046629,       222956.5963,       222956.5963,       18586.44955,        0.02386023874,        -0.02413195787,       98719.79783,        117306.2474,           288.2462893,            302.5583736,            99381.02488,             123575.5714
          0,           0,         356,      -6.127264953,      -3.605733027,      -3.770298094,      -3.778793128,     -0.6952812972,      -4.027524667,     -0.6207857916,  -0.0005287042642,  -0.0005287042642,        0.36879712,       585.8019481,       216032.5057,       216032.5057,       2.566285515,       593605.1036,      -11.00311792,       74.61697489,         90.75169309,         -0.107158503,                2.219313367,       590.8084018,       590.8084018,       222955.4486,       222955.4486,       18573.63043,        0.02370164338,        -0.02423034765,       98729.43763,        117303.0681,           288.2471177,             302.561284,            99382.00396,             123573.4446
          0,           0,         357,      -6.131356163,      -3.603970568,      -3.769966838,      -3.783789224,     -0.6950816943,      -4.028181753,     -0.6179825058,  -0.0007839019247,  -0.0007839019247,      0.3681612998,       585.8117789,       216038.5827,       216038.5827,       2.566318805,       593608.2752,       -11.3472842,       74.53081344,         90.71999299,        -0.1061912739,                 2.21359567,       590.8115954,       590.8115954,        222953.473,        222953.473,       18560.88371,        0.02353991731,        -0.02432381923,        98738.8495,        117299.7332,           288.2477306,            302.5638648,            99382.64857,             123570.8245
          0,           0,         358,      -6.128436025,      -3.600311889,      -3.767516028,      -3.788288208,     -0.6902235392,      -4.028834511,     -0.6130217477,   -0.001035879678,   -0.001035879678,      0.3675102118,        585.821673,       216044.7612,       216044.7612,       2.566353182,        593611.229,      -11.68782076,       74.43429011,         90.68834298,        -0.1052981087,                2.208324123,       590.8145724,       590.8145724,       222951.2009,       222951.2009,        18547.6747,        0.02337615098,        -0.02441203066,       98748.54325,         117296.218,           288.2484813,            302.5660911,            99383.53059,             123567.6703
          0,           0,         359,      -6.121197559,      -3.598572579,      -3.767845223,      -3.792334998,     -0.6982787761,      -4.029623376,      -0.605826225,   -0.001284300456,   -0.001284300456,      0.3668433408,        585.831668,       216051.0466,       216051.0466,       2.566388511,       593613.9921,      -12.02423262,       74.32680409,         90.65680003,        -0.1044825379,                 2.20352115,       590.8173596,       590.8173596,       222948.6238,       222948.6238,       18534.11608,        0.02321030528,        -0.02449460574,       98758.46523,        117292.5813,           288.2493652,            302.5679944,            99384.59786,             123564.0259
          0,           0,         360,      -6.118203855,       -3.59609503,      -3.764194379,      -3.795586128,     -0.6948466834,      -4.030191626,     -0.5964699415,   -0.001528808402,   -0.001528808402,      0.3661614869,       585.8416963,       216057.3504,       216057.3504,       2.566424112,       593616.5069,        -12.356276,       74.20852549,         90.62535382,        -0.1037463316,                2.199182665,       590.8198998,       590.8198998,        222945.662,        222945.662,       18520.00236,        0.02304259877,        -0.02457140717,       98768.67403,        117288.6764,           288.2504259,            302.5694738,            99385.91975,             123559.7422
          0,           0,         361,      -6.100768385,      -3.592829002,      -3.760240541,      -3.799904809,     -0.6905155812,      -4.030784888,     -0.5842403638,   -0.001769740455,   -0.001769740455,      0.3654615647,       585.8515898,       216063.3933,       216063.3933,       2.566457212,       593618.5613,      -12.68425193,       74.07809183,          90.5940512,        -0.1030883734,                 2.19533566,       590.8219819,       590.8219819,       222941.9823,       222941.9823,       18505.83873,        0.02287238174,        -0.02464212219,       98778.77728,         117284.616,           288.2513888,            302.5705931,            99387.07074,             123554.9115
          0,           0,         362,      -6.093818308,      -3.589954564,      -3.755404232,       -3.80369309,     -0.6794034879,      -4.031220434,     -0.5725215966,   -0.002005910824,   -0.002005910824,      0.3647470771,       585.8616314,        216069.607,        216069.607,       2.566491863,       593620.4809,      -13.00671419,       73.93640207,         90.56288077,        -0.1025133538,                2.191979442,       590.8239299,       590.8239299,       222938.0678,       222938.0678,       18491.19792,        0.02270059502,        -0.02470650585,       98789.20454,        117280.4025,           288.2525729,             302.571357,            99388.53254,             123549.5353
          0,           0,         363,      -6.082322684,      -3.590005077,      -3.756251426,      -3.808702953,     -0.6867664005,       -4.03184439,      -0.561016736,    -0.00223772733,    -0.00223772733,      0.3640151788,       585.8716277,       216075.7021,       216075.7021,       2.566525281,       593622.0365,      -13.32403444,       73.78214224,         90.53191229,        -0.1020233907,                2.189139244,       590.8255155,       590.8255155,       222933.5871,       222933.5871,       18476.59157,        0.02252654819,        -0.02476427552,       98799.55528,        117276.1469,           288.2536818,            302.5718337,            99389.87408,              123543.713
          0,           0,         364,       -6.08769025,      -3.589013781,      -3.755974334,      -3.812771706,     -0.6738142102,      -4.032493884,     -0.5542738797,    -0.00246549446,    -0.00246549446,      0.3632640721,       585.8813682,       216081.3956,       216081.3956,       2.566554902,       593622.9966,      -13.63654897,       73.61452059,         90.50112841,        -0.1016192738,                2.186825202,       590.8265086,       590.8265086,       222928.2322,       222928.2322,       18462.34075,        0.02234978633,        -0.02481528079,       98809.52743,        117271.8682,           288.2544778,            302.5720308,             99390.7738,             123537.4584
          0,           0,         365,      -6.076404296,      -3.589372108,       -3.75836139,      -3.815259609,     -0.6837900865,      -4.033233139,     -0.5456675862,    -0.00268853821,    -0.00268853821,      0.3624954813,       585.8910223,       216086.9275,       216086.9275,       2.566582897,       593623.5502,      -13.94329994,       73.43392581,         90.47057402,        -0.1013009036,                2.185042338,       590.8270969,       590.8270969,       222922.2662,       222922.2662,       18448.28835,        0.02217082406,        -0.02485936227,       98819.31956,        117267.6079,           288.2551277,            302.5719692,            99391.45914,             123530.8071
          0,           0,         366,      -6.081760375,      -3.589620239,      -3.757923802,      -3.817682445,     -0.6785835968,      -4.033786358,     -0.5410851893,   -0.002906777319,   -0.002906777319,      0.3617096827,        585.900517,       216092.1995,       216092.1995,       2.566608441,       593623.6275,      -14.24411817,       73.24043427,         90.44027775,        -0.1010672678,                2.183788749,       590.8272112,       590.8272112,       222915.5928,       222915.5928,       18434.37501,        0.02198972918,         -0.0248965065,       98828.91225,        117263.2873,           288.2556179,            302.5715933,            99391.91752,             123523.6753
          0,           0,         367,      -6.069715983,      -3.587990911,       -3.75632085,       -3.82151126,     -0.6801145098,      -4.034501484,     -0.5363439589,   -0.003120165324,   -0.003120165324,      0.3609065573,       585.9098168,       216097.1658,       216097.1658,       2.566631126,       593623.1907,      -14.53885026,       73.03397774,         90.41026038,        -0.1009163992,                2.183066627,       590.8268138,       590.8268138,        222908.163,        222908.163,       18420.64429,        0.02180651593,        -0.02492668126,       98838.26075,         117258.905,           288.2559191,            302.5708947,            99392.10707,             123516.0559
          0,           0,         368,      -6.068417187,      -3.587680232,      -3.755049406,      -3.825706109,     -0.6807907465,      -4.035028895,     -0.5323126583,   -0.003328284493,   -0.003328284493,        0.36008748,       585.9190007,       216101.9277,       216101.9277,       2.566651849,        593622.339,      -14.82701189,       72.81493063,          90.3805128,        -0.1008482499,                2.182873555,       590.8260034,       590.8260034,       222900.1037,       222900.1037,       18407.00211,        0.02162153859,        -0.02494982308,        98847.4628,        117254.4649,           288.2561224,            302.5698809,            99392.14353,             123507.9602
          0,           0,         369,      -6.062624654,      -3.588280117,      -3.758676025,      -3.829454273,      -0.683376082,      -4.035652498,     -0.5298979665,   -0.003530430464,   -0.003530430464,       0.359254515,       585.9282799,       216106.7873,       216106.7873,       2.566673351,        593621.307,      -15.10769414,        72.5838989,         90.35114039,        -0.1008612909,                2.183212559,       590.8250134,       590.8250134,       222891.7467,       222891.7467,       18393.24482,         0.0214354117,        -0.02496584217,       98856.77123,         117250.016,           288.2564245,            302.5685889,            99392.30864,             123499.4381
          0,           0,         370,      -6.066350793,       -3.58943367,      -3.760750855,      -3.830886253,      -0.677620093,      -4.036132369,     -0.5279608971,   -0.003726289443,   -0.003726289443,      0.3584092002,       585.9377216,       216111.8599,       216111.8599,       2.566696759,       593620.1815,      -15.38039076,         72.341416,          90.3220967,        -0.1009555522,                2.184074997,       590.8239302,       590.8239302,       222883.2316,       222883.2316,       18379.23096,        0.02124849478,        -0.02497478422,       98866.31446,        117245.5454,           288.2569218,            302.5670084,            99392.75183,             123490.4798
          0,           0,         371,      -6.056571055,      -3.588228233,      -3.759272092,      -3.832517047,     -0.6771734536,      -4.036838231,     -0.5256565414,    -0.00391558264,    -0.00391558264,      0.3575526058,       585.9473898,       216117.2479,       216117.2479,       2.566723021,       593619.0421,      -15.64473153,       72.08778444,         90.29339101,        -0.1011316092,                2.185459834,       590.8228331,       590.8228331,       222874.6815,       222874.6815,       18364.92317,        0.02106104404,        -0.02497662668,       98876.16235,        117241.0855,           288.2576627,            302.5651704,            99393.55632,             123481.1252
          0,           0,         372,       -6.06410238,      -3.589069164,      -3.760385074,      -3.834604763,     -0.6732569991,      -4.037423003,     -0.5256292083,   -0.004098309161,   -0.004098309161,      0.3566847748,       585.9572528,        216122.941,        216122.941,       2.566752117,       593617.8593,      -15.90067037,       71.82302987,         90.26506105,        -0.1013865491,                 2.18736833,       590.8216927,       590.8216927,       222866.0907,       222866.0907,       18350.40406,        0.02087308716,        -0.02497139632,       98886.26845,        117236.6725,           288.2585911,            302.5631016,            99394.67547,             123471.4153
          0,           0,         373,      -6.057315776,      -3.589861699,      -3.761591155,      -3.836538997,     -0.6733828025,      -4.038131991,     -0.5254555772,     -0.0042746761,     -0.0042746761,      0.3558056717,       585.9672308,       216128.8106,       216128.8106,       2.566782845,       593616.5601,      -16.14852015,        71.5472467,          90.2370939,        -0.1017190375,                 2.18979319,       590.8204363,       590.8204363,       222857.3404,       222857.3404,       18335.74539,        0.02068453891,        -0.02495921501,       98896.53261,         117232.278,            288.259648,            302.5607884,            99396.00489,             123461.3355
          0,           0,         374,      -6.061801445,      -3.591209306,      -3.762576421,       -3.83765759,     -0.6715056756,      -4.038786506,     -0.5266125062,   -0.004445185337,   -0.004445185337,      0.3549141203,       585.9771714,       216134.6167,       216134.6167,       2.566812923,       593614.9863,      -16.38893777,       71.26018641,         90.20957702,        -0.1021244316,                2.192734524,       590.8189064,       590.8189064,       222848.1858,       222848.1858,       18321.21787,         0.0204950526,        -0.02494023793,       98906.69943,        117227.9173,           288.2606635,            302.5582429,             99397.2706,             123450.9152
          0,           0,         375,       -6.05516615,      -3.591671554,      -3.764178867,      -3.837404967,     -0.6753945286,      -4.039576868,     -0.5279952598,   -0.004610335965,   -0.004610335965,      0.3540091106,       585.9869319,       216140.1366,       216140.1366,       2.566840214,       593612.9954,      -16.62249478,       70.96145844,         90.18252282,        -0.1026068565,                2.196195563,       590.8169611,       590.8169611,       222838.4085,       222838.4085,       18307.14535,        0.02030419344,        -0.02491452941,        98916.4956,         117223.641,           288.2614486,            302.5555125,            99398.18585,             123440.2227
          0,           0,         376,      -6.063772631,      -3.592375385,      -3.763088627,      -3.836906607,      -0.669809094,      -4.040414262,     -0.5335643097,   -0.004770048209,   -0.004770048209,      0.3530919136,       585.9964483,       216145.3628,       216145.3628,       2.566864883,       593610.5466,      -16.84899041,       70.65144013,         90.15590623,        -0.1031711904,                2.200171366,       590.8145599,       590.8145599,       222828.0324,       222828.0324,       18293.56137,         0.0201121103,        -0.02488215851,       98925.90069,        117219.4621,           288.2619345,            302.5526253,            99398.74462,             123429.2877
          0,           0,         377,      -6.054260581,      -3.593327687,       -3.76615766,      -3.837706702,     -0.6753100499,      -4.041462878,     -0.5353034209,   -0.004924921204,   -0.004924921204,      0.3521611729,       586.0056024,       216150.0388,       216150.0388,       2.566884302,       593607.5159,      -17.06913864,       70.32980398,         90.12975622,        -0.1038145202,                 2.20466307,       590.8115791,       590.8115791,       222816.7967,       222816.7967,       18280.77326,        0.01991837276,        -0.02484329396,       98934.63277,         117215.406,           288.2619704,            302.5496087,            99398.64639,             123418.1503
          0,           0,         378,      -6.061460214,      -3.594305844,      -3.765923388,      -3.836578875,     -0.6699884632,       -4.04238429,     -0.5395966996,   -0.005074866272,   -0.005074866272,      0.3512188839,        586.014387,       216154.1959,       216154.1959,       2.566898925,       593603.9301,      -17.28292012,       69.99751139,          90.1040458,        -0.1045334132,                2.209649092,       590.8080458,       590.8080458,       222804.7757,       222804.7757,       18268.62315,        0.01972336864,        -0.02479823491,       98942.78639,        117211.4095,           288.2616152,            302.5464306,            99398.00222,             123406.7735
          0,           0,         379,      -6.058253467,       -3.59396851,      -3.766610118,      -3.835748563,     -0.6716329442,      -4.043349068,     -0.5445117905,   -0.005218741949,   -0.005218741949,      0.3502690859,       586.0232828,       216158.4997,       216158.4997,       2.566914712,       593600.3115,      -17.48900528,       69.65605581,         90.07885169,        -0.1053220861,                2.215120451,       590.8044795,       590.8044795,         222792.69,         222792.69,       18256.71115,        0.01952828753,        -0.02474702948,       98950.89428,        117207.6054,           288.2612847,            302.5431948,            99397.39063,             123395.2993
          0,           0,         380,      -6.075718403,      -3.595949056,      -3.765735164,      -3.833876817,     -0.6566692861,      -4.043819104,     -0.5535618802,   -0.005356829998,   -0.005356829998,       0.349312592,       586.0321566,       216162.7582,       216162.7582,       2.566929986,       593596.5463,      -17.68772391,       69.30596266,         90.05411394,        -0.1061798331,                2.221059149,        590.800767,        590.800767,       222780.3707,       222780.3707,       18244.97427,        0.01933314503,        -0.02468997503,       98958.89195,        117203.8662,           288.2609453,            302.5398217,             99396.7506,             123383.6201
          0,           0,         381,      -6.055552883,      -3.598255636,      -3.769108602,      -3.833200888,     -0.6714623404,      -4.044666937,     -0.5543106895,   -0.005489483596,   -0.005489483596,      0.3483494156,       586.0408964,       216166.8422,       216166.8422,       2.566943645,       593592.5332,      -17.87942276,       68.94731055,         90.02992409,        -0.1071077362,                2.227464077,       590.7968076,       590.7968076,       222767.7046,       222767.7046,       18233.56133,        0.01913776924,        -0.02462725283,       98966.64042,        117200.2018,           288.2604736,             302.536334,            99395.93942,             123371.7651
          0,           0,         382,      -6.078842692,      -3.599007467,      -3.768484546,      -3.830328986,     -0.6551069808,      -4.044842956,     -0.5635677637,   -0.005616625101,   -0.005616625101,       0.347381507,       586.0495907,       216170.9061,       216170.9061,       2.566957225,       593588.3824,      -18.06367298,       68.58113604,         90.00626394,        -0.1080956726,                2.234314927,       590.7927109,       590.7927109,       222754.8727,       222754.8727,       18222.23718,        0.01894263384,        -0.02455925894,       98974.33444,        117196.5716,           288.2600212,            302.5326897,            99395.17196,             123359.7007
          0,           0,         383,      -6.061188672,      -3.600766347,      -3.772118822,      -3.827892913,     -0.6620031101,       -4.04562181,     -0.5639555034,   -0.005737889893,   -0.005737889893,       0.346410809,       586.0584203,       216175.2017,       216175.2017,       2.566972926,       593584.3029,      -18.24014173,       68.20808454,         89.98311796,        -0.1091486032,                2.241606561,       590.7886849,       590.7886849,       222742.1667,       222742.1667,       18211.00586,        0.01874813587,        -0.02448602577,       98982.09793,        117193.1038,           288.2596838,            302.5290011,            99394.58991,             123347.5768
          0,           0,         384,      -6.083314116,      -3.601646932,      -3.768462426,      -3.826547925,     -0.6567624162,      -4.045735538,     -0.5721372689,   -0.005853719384,   -0.005853719384,      0.3454370331,       586.0672688,       216179.5467,       216179.5467,       2.566989002,       593580.1884,      -18.40946938,       67.82818224,         89.96049401,        -0.1102664758,                2.249334097,       590.7846237,       590.7846237,       222729.4218,       222729.4218,        18200.1273,        0.01855403281,        -0.02440775219,       98989.70971,         117189.837,           288.2593171,            302.5253066,            99393.96078,              123335.461
          0,           0,         385,      -6.060719363,      -3.602905935,      -3.771105551,       -3.82487019,     -0.6659577919,      -4.046885549,     -0.5700861299,   -0.005964358749,   -0.005964358749,      0.3444598239,       586.0761148,        216183.885,        216183.885,       2.567004768,       593576.0257,      -18.57205912,       67.44121433,         89.93839165,        -0.1114542665,                2.257504955,       590.7805141,       590.7805141,       222716.5977,       222716.5977,       18189.91632,        0.01836008954,        -0.02432444829,       98996.98432,        117186.9006,           288.2587901,             302.521724,            99393.08977,              123323.508
          0,           0,         386,      -6.080834181,      -3.603084961,      -3.765601547,      -3.820397626,     -0.6456118438,      -4.047045461,     -0.5777242551,   -0.006070347504,   -0.006070347504,      0.3434796909,       586.0847348,       216187.9576,       216187.9576,       2.567018199,       593571.5875,      -18.72825054,       67.04828211,         89.91680889,        -0.1126901332,                2.266082642,       590.7761299,       590.7761299,       222703.4264,       222703.4264,       18180.14709,        0.01816650392,        -0.02423685142,       99003.90527,        117184.0524,           288.2580682,            302.5180617,            99391.96242,              123311.464
          0,           0,         387,      -6.054380999,      -3.605987795,      -3.768219404,      -3.817588505,     -0.6593086068,      -4.048030499,     -0.5749467363,   -0.006171134379,   -0.006171134379,      0.3424996148,       586.0934105,       216192.1553,       216192.1553,        2.56703275,       593567.1922,      -18.87729306,       66.65041424,          89.8957488,        -0.1139773034,                2.275056807,        590.771788,        590.771788,       222690.3478,       222690.3478,       18170.69961,        0.01797392901,        -0.02414506339,       99010.72783,        117181.4274,            288.257359,             302.514429,            99390.86328,             123299.4845
          0,           0,         388,      -6.077572411,      -3.610485155,      -3.774141497,      -3.816478019,     -0.6593091537,      -4.048136022,     -0.5805885885,    -0.00626692515,    -0.00626692515,      0.3415210889,       586.1021336,       216196.5014,       216196.5014,       2.567048776,       593562.8495,      -19.01899556,       66.24848396,         89.87518766,        -0.1153092221,                2.284405015,       590.7674979,       590.7674979,       222677.4075,       222677.4075,       18161.46532,        0.01778261056,        -0.02404953571,       99017.51804,        117178.9834,           288.2567046,            302.5107934,            99389.87161,             123287.5359
          0,           0,         389,      -6.057542058,      -3.611903849,      -3.778013158,      -3.814680845,     -0.6633511491,       -4.04909382,     -0.5783141123,    -0.00635772763,    -0.00635772763,      0.3405443313,       586.1109397,       216201.0304,       216201.0304,       2.567066469,       593558.6041,      -19.15363553,       65.84269396,         89.85515657,        -0.1166821433,                2.294127023,       590.7633042,       590.7633042,       222664.6561,       222664.6561,       18152.63034,        0.01759261794,        -0.02395034557,       99024.20001,        117176.8303,            288.256072,            302.5072321,             99388.9054,             123275.7507
          0,           0,         390,      -6.079469973,       -3.61341321,       -3.77495762,       -3.81138544,      -0.646927651,      -4.048950838,     -0.5847145068,   -0.006443722413,   -0.006443722413,      0.3395719451,       586.1197328,       216205.6179,       216205.6179,        2.56708487,       593554.4045,      -19.28158948,       65.43432356,         89.83567436,        -0.1180964049,                2.304183862,       590.7591557,       590.7591557,       222652.0246,       222652.0246,       18143.91848,        0.01740425872,        -0.02384798113,       99030.84972,        117174.7682,             288.25551,            302.5036457,            99388.05376,             123263.9708
          0,           0,         391,      -6.058619341,      -3.617513846,      -3.780556879,      -3.807434403,     -0.6622433521,      -4.049877078,     -0.5829833534,   -0.006524832359,   -0.006524832359,      0.3386062482,       586.1285658,       216210.3578,       216210.3578,       2.567104952,       593550.3312,      -19.40269466,       65.02456214,         89.81668787,        -0.1195475586,                2.314543656,       590.7551324,       590.7551324,       222639.6405,       222639.6405,       18135.09217,         0.0172180023,        -0.02374283466,        99037.6328,         117172.725,            288.255151,            302.4999815,            99387.49883,             123252.1417
          0,           0,         392,      -6.079499593,      -3.620084947,      -3.780476217,      -3.804893759,      -0.655357748,      -4.049845779,     -0.5888400703,   -0.006600800733,   -0.006600800733,      0.3376475695,       586.1376431,       216215.5737,       216215.5737,       2.567129569,        593546.577,      -19.51638026,       64.61356981,         89.79815714,        -0.1210336515,                2.325213441,       590.7514263,       590.7514263,       222627.8197,       222627.8197,       18126.40548,        0.01703408788,        -0.02363488862,        99044.5841,        117170.9896,           288.2549929,            302.4964335,            99387.28223,             123240.5374
          0,           0,         393,      -6.059998522,      -3.621387184,      -3.782150941,      -3.803874189,     -0.6554620507,      -4.050775175,       -0.58843605,   -0.006671853015,   -0.006671853015,      0.3366970803,       586.1468736,        216221.127,        216221.127,       2.567157502,       593543.0784,      -19.62332011,       64.20202179,         89.78015259,        -0.1225546963,                2.336170657,       590.7479739,       590.7479739,       222616.4591,       222616.4591,       18117.78518,        0.01685258432,        -0.02352443734,       99051.67092,        117169.4561,           288.2550281,            302.4929459,            99387.36784,             123229.0913
          0,           0,         394,      -6.074581435,      -3.622870676,      -3.780309614,      -3.802412686,     -0.6387375649,      -4.050994316,     -0.5935069312,   -0.006739062166,   -0.006739062166,      0.3357506238,       586.1559995,       216226.6527,       216226.6527,       2.567185253,       593539.5355,      -19.72455358,       63.78862164,         89.76268258,        -0.1240974266,                2.347440494,        590.744477,        590.744477,        222605.148,        222605.148,       18110.02789,        0.01667255096,        -0.02341161312,        99058.3124,        117168.3403,           288.2548084,            302.4896686,            99387.13261,             123218.0154
          0,           0,         395,      -6.058221626,      -3.628793426,      -3.787491485,      -3.800308332,     -0.6498909674,      -4.051618929,     -0.5928770298,   -0.006802962292,   -0.006802962292,      0.3348096363,       586.1648194,       216231.8915,       216231.8915,       2.567210741,       593535.7605,      -19.82042017,       63.37460514,          89.7456868,        -0.1256567499,                2.358974704,       590.7407484,       590.7407484,       222593.6384,       222593.6384,       18102.80263,        0.01649413871,          -0.023297101,       99064.54445,        117167.3471,           288.2543696,            302.4863788,            99386.62387,             123207.0145
          0,           0,         396,      -6.076876951,      -3.630874117,      -3.785864812,      -3.798510657,     -0.6327253933,      -4.051694577,     -0.5978499349,   -0.006863915585,   -0.006863915585,      0.3338737229,        586.173323,       216236.8161,       216236.8161,       2.567233556,       593531.7494,      -19.91115016,       62.95975444,         89.72917807,        -0.1272327401,                2.370779589,       590.7367843,       590.7367843,       222581.9164,       222581.9164,       18096.48653,        0.01631709308,        -0.02318100866,        99070.1648,        117166.6513,           288.2535732,             302.483211,             99385.6308,             123196.2856
          0,           0,         397,      -6.057441607,      -3.634747627,      -3.791546523,      -3.797957067,     -0.6400415226,      -4.052668047,     -0.5967669862,   -0.006921976969,   -0.006921976969,      0.3329455671,       586.1814778,       216241.4161,       216241.4161,       2.567253904,       593527.4928,      -19.99651739,       62.54578056,         89.71318747,        -0.1288079606,                2.382803837,       590.7325752,       590.7325752,       222569.9936,       222569.9936,       18090.55654,          0.016142053,        -0.02306402997,       99075.42979,        117165.9863,           288.2526078,            302.4799674,            99384.42919,             123185.5644
          0,           0,         398,      -6.075785812,       -3.63727658,       -3.79164337,      -3.797714412,     -0.6307116594,      -4.052858216,     -0.6007182013,   -0.006976567207,   -0.006976567207,      0.3320260017,       586.1896637,       216246.2265,       216246.2265,       2.567276384,       593523.3662,      -20.07556198,       62.13272171,         89.69761909,        -0.1303850464,                 2.39506244,       590.7284948,       590.7284948,       222558.4082,       222558.4082,       18085.29114,        0.01596937607,        -0.02294594328,       99080.46766,        117165.7588,           288.2515764,            302.4769184,            99383.15907,             123175.2491
          0,           0,         399,      -6.059054561,      -3.642790328,      -3.800608046,      -3.797145925,     -0.6405297976,      -4.053779275,     -0.6006775387,   -0.007027916285,   -0.007027916285,      0.3311170256,       586.1977213,       216251.0439,       216251.0439,       2.567299391,       593519.2423,      -20.14885036,       61.72180672,         89.68251727,        -0.1319606977,                2.407509449,       590.7244164,       590.7244164,       222546.9935,       222546.9935,       18080.37438,         0.0157993277,        -0.02282724399,       99085.33478,        117165.7092,           288.2505131,            302.4739033,            99381.88259,             123165.1109
