ISO-10303-21;
HEADER;
FILE_DESCRIPTION(('Open CASCADE Model'),'2;1');
FILE_NAME('Open CASCADE Shape Model','2026-09-16T14:42:15',('Author'),(
    'Open CASCADE'),'Open CASCADE STEP processor 7.9','Open CASCADE 7.9'
  ,'Unknown');
FILE_SCHEMA(('AUTOMOTIVE_DESIGN { 1 0 10303 214 1 1 1 1 }'));
ENDSEC;
DATA;
#1 = APPLICATION_PROTOCOL_DEFINITION('international standard',
  'automotive_design',2000,#2);
#2 = APPLICATION_CONTEXT(
  'core data for automotive mechanical design processes');
#3 = SHAPE_DEFINITION_REPRESENTATION(#4,#10);
#4 = PRODUCT_DEFINITION_SHAPE('','',#5);
#5 = PRODUCT_DEFINITION('design','',#6,#9);
#6 = PRODUCT_DEFINITION_FORMATION('','',#7);
#7 = PRODUCT('Open CASCADE STEP translator 7.9 10',
  'Open CASCADE STEP translator 7.9 10','',(#8));
#8 = PRODUCT_CONTEXT('',#2,'mechanical');
#9 = PRODUCT_DEFINITION_CONTEXT('part definition',#2,'design');
#10 = SHAPE_REPRESENTATION('',(#11,#15,#19,#23,#27,#31,#35,#39,#43,#47,
    #51,#55,#59,#63,#67,#71),#75);
#11 = AXIS2_PLACEMENT_3D('',#12,#13,#14);
#12 = CARTESIAN_POINT('',(0.,0.,0.));
#13 = DIRECTION('',(0.,0.,1.));
#14 = DIRECTION('',(1.,0.,-0.));
#15 = AXIS2_PLACEMENT_3D('',#16,#17,#18);
#16 = CARTESIAN_POINT('',(0.,0.,0.));
#17 = DIRECTION('',(0.,0.,1.));
#18 = DIRECTION('',(1.,0.,-0.));
#19 = AXIS2_PLACEMENT_3D('',#20,#21,#22);
#20 = CARTESIAN_POINT('',(0.,0.,0.));
#21 = DIRECTION('',(0.,0.,1.));
#22 = DIRECTION('',(1.,0.,-0.));
#23 = AXIS2_PLACEMENT_3D('',#24,#25,#26);
#24 = CARTESIAN_POINT('',(0.,0.,0.));
#25 = DIRECTION('',(0.,0.,1.));
#26 = DIRECTION('',(1.,0.,-0.));
#27 = AXIS2_PLACEMENT_3D('',#28,#29,#30);
#28 = CARTESIAN_POINT('',(0.,0.,0.));
#29 = DIRECTION('',(0.,0.,1.));
#30 = DIRECTION('',(1.,0.,-0.));
#31 = AXIS2_PLACEMENT_3D('',#32,#33,#34);
#32 = CARTESIAN_POINT('',(0.,0.,0.));
#33 = DIRECTION('',(0.,0.,1.));
#34 = DIRECTION('',(1.,0.,-0.));
#35 = AXIS2_PLACEMENT_3D('',#36,#37,#38);
#36 = CARTESIAN_POINT('',(0.,0.,0.));
#37 = DIRECTION('',(0.,0.,1.));
#38 = DIRECTION('',(1.,0.,-0.));
#39 = AXIS2_PLACEMENT_3D('',#40,#41,#42);
#40 = CARTESIAN_POINT('',(0.,0.,0.));
#41 = DIRECTION('',(0.,0.,1.));
#42 = DIRECTION('',(1.,0.,-0.));
#43 = AXIS2_PLACEMENT_3D('',#44,#45,#46);
#44 = CARTESIAN_POINT('',(0.,0.,0.));
#45 = DIRECTION('',(0.,0.,1.));
#46 = DIRECTION('',(1.,0.,-0.));
#47 = AXIS2_PLACEMENT_3D('',#48,#49,#50);
#48 = CARTESIAN_POINT('',(0.,0.,0.));
#49 = DIRECTION('',(0.,0.,1.));
#50 = DIRECTION('',(1.,0.,-0.));
#51 = AXIS2_PLACEMENT_3D('',#52,#53,#54);
#52 = CARTESIAN_POINT('',(0.,0.,0.));
#53 = DIRECTION('',(0.,0.,1.));
#54 = DIRECTION('',(1.,0.,-0.));
#55 = AXIS2_PLACEMENT_3D('',#56,#57,#58);
#56 = CARTESIAN_POINT('',(0.,0.,0.));
#57 = DIRECTION('',(0.,0.,1.));
#58 = DIRECTION('',(1.,0.,-0.));
#59 = AXIS2_PLACEMENT_3D('',#60,#61,#62);
#60 = CARTESIAN_POINT('',(0.,0.,0.));
#61 = DIRECTION('',(0.,0.,1.));
#62 = DIRECTION('',(1.,0.,-0.));
#63 = AXIS2_PLACEMENT_3D('',#64,#65,#66);
#64 = CARTESIAN_POINT('',(0.,0.,0.));
#65 = DIRECTION('',(0.,0.,1.));
#66 = DIRECTION('',(1.,0.,-0.));
#67 = AXIS2_PLACEMENT_3D('',#68,#69,#70);
#68 = CARTESIAN_POINT('',(0.,0.,0.));
#69 = DIRECTION('',(0.,0.,1.));
#70 = DIRECTION('',(1.,0.,-0.));
#71 = AXIS2_PLACEMENT_3D('',#72,#73,#74);
#72 = CARTESIAN_POINT('',(0.,0.,0.));
#73 = DIRECTION('',(0.,0.,1.));
#74 = DIRECTION('',(1.,0.,-0.));
#75 = ( GEOMETRIC_REPRESENTATION_CONTEXT(3) 
GLOBAL_UNCERTAINTY_ASSIGNED_CONTEXT((#79)) GLOBAL_UNIT_ASSIGNED_CONTEXT(
(#76,#77,#78)) REPRESENTATION_CONTEXT('Context #1',
  '3D Context with UNIT and UNCERTAINTY') );
#76 = ( LENGTH_UNIT() NAMED_UNIT(*) SI_UNIT(.MILLI.,.METRE.) );
#77 = ( NAMED_UNIT(*) PLANE_ANGLE_UNIT() SI_UNIT($,.RADIAN.) );
#78 = ( NAMED_UNIT(*) SI_UNIT($,.STERADIAN.) SOLID_ANGLE_UNIT() );
#79 = UNCERTAINTY_MEASURE_WITH_UNIT(LENGTH_MEASURE(1.E-07),#76,
  'distance_accuracy_value','confusion accuracy');
#80 = PRODUCT_RELATED_PRODUCT_CATEGORY('part',$,(#7));
#81 = SHAPE_DEFINITION_REPRESENTATION(#82,#88);
#82 = PRODUCT_DEFINITION_SHAPE('','',#83);
#83 = PRODUCT_DEFINITION('design','',#84,#87);
#84 = PRODUCT_DEFINITION_FORMATION('','',#85);
#85 = PRODUCT('Open CASCADE STEP translator 7.9 10.1',
  'Open CASCADE STEP translator 7.9 10.1','',(#86));
#86 = PRODUCT_CONTEXT('',#2,'mechanical');
#87 = PRODUCT_DEFINITION_CONTEXT('part definition',#2,'design');
#88 = ADVANCED_BREP_SHAPE_REPRESENTATION('',(#11,#89),#755);
#89 = MANIFOLD_SOLID_BREP('',#90);
#90 = CLOSED_SHELL('',(#91,#179,#353,#388,#464,#513,#562,#611,#660,#687,
    #742,#751));
#91 = ADVANCED_FACE('',(#92),#105,.T.);
#92 = FACE_BOUND('',#93,.T.);
#93 = EDGE_LOOP('',(#94,#128,#151,#178));
#94 = ORIENTED_EDGE('',*,*,#95,.F.);
#95 = EDGE_CURVE('',#96,#96,#98,.T.);
#96 = VERTEX_POINT('',#97);
#97 = CARTESIAN_POINT('',(170.70356586536,96.063859909659,-1.9));
#98 = SURFACE_CURVE('',#99,(#104,#116),.PCURVE_S1.);
#99 = CIRCLE('',#100,1.9);
#100 = AXIS2_PLACEMENT_3D('',#101,#102,#103);
#101 = CARTESIAN_POINT('',(170.70356586536,96.063859909659,
    -2.139501627366E-14));
#102 = DIRECTION('',(-1.,0.,-1.224646799147E-16));
#103 = DIRECTION('',(1.224646799147E-16,0.,-1.));
#104 = PCURVE('',#105,#110);
#105 = CYLINDRICAL_SURFACE('',#106,1.9);
#106 = AXIS2_PLACEMENT_3D('',#107,#108,#109);
#107 = CARTESIAN_POINT('',(172.70356586536,96.063859909659,
    -2.115008691384E-14));
#108 = DIRECTION('',(-1.,0.,-1.224646799147E-16));
#109 = DIRECTION('',(1.224646799147E-16,0.,-1.));
#110 = DEFINITIONAL_REPRESENTATION('',(#111),#115);
#111 = LINE('',#112,#113);
#112 = CARTESIAN_POINT('',(0.,2.));
#113 = VECTOR('',#114,1.);
#114 = DIRECTION('',(1.,0.));
#115 = ( GEOMETRIC_REPRESENTATION_CONTEXT(2) 
PARAMETRIC_REPRESENTATION_CONTEXT() REPRESENTATION_CONTEXT('2D SPACE',''
  ) );
#116 = PCURVE('',#117,#122);
#117 = PLANE('',#118);
#118 = AXIS2_PLACEMENT_3D('',#119,#120,#121);
#119 = CARTESIAN_POINT('',(170.70356586536,96.063859909659,
    -2.139501627366E-14));
#120 = DIRECTION('',(-1.,0.,-1.224646799147E-16));
#121 = DIRECTION('',(1.224646799147E-16,0.,-1.));
#122 = DEFINITIONAL_REPRESENTATION('',(#123),#127);
#123 = CIRCLE('',#124,1.9);
#124 = AXIS2_PLACEMENT_2D('',#125,#126);
#125 = CARTESIAN_POINT('',(0.,0.));
#126 = DIRECTION('',(1.,0.));
#127 = ( GEOMETRIC_REPRESENTATION_CONTEXT(2) 
PARAMETRIC_REPRESENTATION_CONTEXT() REPRESENTATION_CONTEXT('2D SPACE',''
  ) );
#128 = ORIENTED_EDGE('',*,*,#129,.F.);
#129 = EDGE_CURVE('',#130,#96,#132,.T.);
#130 = VERTEX_POINT('',#131);
#131 = CARTESIAN_POINT('',(172.70356586536,96.063859909659,-1.9));
#132 = SEAM_CURVE('',#133,(#137,#144),.PCURVE_S1.);
#133 = LINE('',#134,#135);
#134 = CARTESIAN_POINT('',(172.70356586536,96.063859909659,-1.9));
#135 = VECTOR('',#136,1.);
#136 = DIRECTION('',(-1.,0.,-1.224646799147E-16));
#137 = PCURVE('',#105,#138);
#138 = DEFINITIONAL_REPRESENTATION('',(#139),#143);
#139 = LINE('',#140,#141);
#140 = CARTESIAN_POINT('',(6.28318530718,-0.));
#141 = VECTOR('',#142,1.);
#142 = DIRECTION('',(0.,1.));
#143 = ( GEOMETRIC_REPRESENTATION_CONTEXT(2) 
PARAMETRIC_REPRESENTATION_CONTEXT() REPRESENTATION_CONTEXT('2D SPACE',''
  ) );
#144 = PCURVE('',#105,#145);
#145 = DEFINITIONAL_REPRESENTATION('',(#146),#150);
#146 = LINE('',#147,#148);
#147 = CARTESIAN_POINT('',(0.,-0.));
#148 = VECTOR('',#149,1.);
#149 = DIRECTION('',(0.,1.));
#150 = ( GEOMETRIC_REPRESENTATION_CONTEXT(2) 
PARAMETRIC_REPRESENTATION_CONTEXT() REPRESENTATION_CONTEXT('2D SPACE',''
  ) );
#151 = ORIENTED_EDGE('',*,*,#152,.T.);
#152 = EDGE_CURVE('',#130,#130,#153,.T.);
#153 = SURFACE_CURVE('',#154,(#159,#166),.PCURVE_S1.);
#154 = CIRCLE('',#155,1.9);
#155 = AXIS2_PLACEMENT_3D('',#156,#157,#158);
#156 = CARTESIAN_POINT('',(172.70356586536,96.063859909659,
    -2.115008691384E-14));
#157 = DIRECTION('',(-1.,0.,-1.224646799147E-16));
#158 = DIRECTION('',(1.224646799147E-16,0.,-1.));
#159 = PCURVE('',#105,#160);
#160 = DEFINITIONAL_REPRESENTATION('',(#161),#165);
#161 = LINE('',#162,#163);
#162 = CARTESIAN_POINT('',(0.,0.));
#163 = VECTOR('',#164,1.);
#164 = DIRECTION('',(1.,0.));
#165 = ( GEOMETRIC_REPRESENTATION_CONTEXT(2) 
PARAMETRIC_REPRESENTATION_CONTEXT() REPRESENTATION_CONTEXT('2D SPACE',''
  ) );
#166 = PCURVE('',#167,#172);
#167 = PLANE('',#168);
#168 = AXIS2_PLACEMENT_3D('',#169,#170,#171);
#169 = CARTESIAN_POINT('',(172.70356586536,96.063859909659,
    -2.115008691384E-14));
#170 = DIRECTION('',(-1.,0.,-1.224646799147E-16));
#171 = DIRECTION('',(1.224646799147E-16,0.,-1.));
#172 = DEFINITIONAL_REPRESENTATION('',(#173),#177);
#173 = CIRCLE('',#174,1.9);
#174 = AXIS2_PLACEMENT_2D('',#175,#176);
#175 = CARTESIAN_POINT('',(0.,0.));
#176 = DIRECTION('',(1.,0.));
#177 = ( GEOMETRIC_REPRESENTATION_CONTEXT(2) 
PARAMETRIC_REPRESENTATION_CONTEXT() REPRESENTATION_CONTEXT('2D SPACE',''
  ) );
#178 = ORIENTED_EDGE('',*,*,#129,.T.);
#179 = ADVANCED_FACE('',(#180,#183),#117,.T.);
#180 = FACE_BOUND('',#181,.T.);
#181 = EDGE_LOOP('',(#182));
#182 = ORIENTED_EDGE('',*,*,#95,.T.);
#183 = FACE_BOUND('',#184,.T.);
#184 = EDGE_LOOP('',(#185,#215,#243,#271,#299,#327));
#185 = ORIENTED_EDGE('',*,*,#186,.T.);
#186 = EDGE_CURVE('',#187,#189,#191,.T.);
#187 = VERTEX_POINT('',#188);
#188 = CARTESIAN_POINT('',(170.70356586536,95.630847207766,-0.75));
#189 = VERTEX_POINT('',#190);
#190 = CARTESIAN_POINT('',(170.70356586536,96.496872611551,-0.75));
#191 = SURFACE_CURVE('',#192,(#196,#203),.PCURVE_S1.);
#192 = LINE('',#193,#194);
#193 = CARTESIAN_POINT('',(170.70356586536,96.280366260605,-0.75));
#194 = VECTOR('',#195,1.);
#195 = DIRECTION('',(-1.569966732506E-32,1.,1.281975124256E-16));
#196 = PCURVE('',#117,#197);
#197 = DEFINITIONAL_REPRESENTATION('',(#198),#202);
#198 = LINE('',#199,#200);
#199 = CARTESIAN_POINT('',(0.75,-0.216506350946));
#200 = VECTOR('',#201,1.);
#201 = DIRECTION('',(-1.281975124256E-16,-1.));
#202 = ( GEOMETRIC_REPRESENTATION_CONTEXT(2) 
PARAMETRIC_REPRESENTATION_CONTEXT() REPRESENTATION_CONTEXT('2D SPACE',''
  ) );
#203 = PCURVE('',#204,#209);
#204 = PLANE('',#205);
#205 = AXIS2_PLACEMENT_3D('',#206,#207,#208);
#206 = CARTESIAN_POINT('',(171.90356586536,96.496872611551,-0.75));
#207 = DIRECTION('',(-1.224646799147E-16,-1.281975124256E-16,1.));
#208 = DIRECTION('',(1.569966732506E-32,-1.,-1.281975124256E-16));
#209 = DEFINITIONAL_REPRESENTATION('',(#210),#214);
#210 = LINE('',#211,#212);
#211 = CARTESIAN_POINT('',(0.216506350946,-1.2));
#212 = VECTOR('',#213,1.);
#213 = DIRECTION('',(-1.,0.));
#214 = ( GEOMETRIC_REPRESENTATION_CONTEXT(2) 
PARAMETRIC_REPRESENTATION_CONTEXT() REPRESENTATION_CONTEXT('2D SPACE',''
  ) );
#215 = ORIENTED_EDGE('',*,*,#216,.T.);
#216 = EDGE_CURVE('',#189,#217,#219,.T.);
#217 = VERTEX_POINT('',#218);
#218 = CARTESIAN_POINT('',(170.70356586536,96.929885313443,
    -2.139501627366E-14));
#219 = SURFACE_CURVE('',#220,(#224,#231),.PCURVE_S1.);
#220 = LINE('',#221,#222);
#221 = CARTESIAN_POINT('',(170.70356586536,96.82163213797,-0.1875));
#222 = VECTOR('',#223,1.);
#223 = DIRECTION('',(-1.060575238725E-16,0.5,0.866025403784));
#224 = PCURVE('',#117,#225);
#225 = DEFINITIONAL_REPRESENTATION('',(#226),#230);
#226 = LINE('',#227,#228);
#227 = CARTESIAN_POINT('',(0.1875,-0.757772228311));
#228 = VECTOR('',#229,1.);
#229 = DIRECTION('',(-0.866025403784,-0.5));
#230 = ( GEOMETRIC_REPRESENTATION_CONTEXT(2) 
PARAMETRIC_REPRESENTATION_CONTEXT() REPRESENTATION_CONTEXT('2D SPACE',''
  ) );
#231 = PCURVE('',#232,#237);
#232 = PLANE('',#233);
#233 = AXIS2_PLACEMENT_3D('',#234,#235,#236);
#234 = CARTESIAN_POINT('',(171.90356586536,96.929885313443,
    -2.124805865777E-14));
#235 = DIRECTION('',(-6.123233995737E-17,-0.866025403784,0.5));
#236 = DIRECTION('',(1.060575238725E-16,-0.5,-0.866025403784));
#237 = DEFINITIONAL_REPRESENTATION('',(#238),#242);
#238 = LINE('',#239,#240);
#239 = CARTESIAN_POINT('',(0.216506350946,-1.2));
#240 = VECTOR('',#241,1.);
#241 = DIRECTION('',(-1.,0.));
#242 = ( GEOMETRIC_REPRESENTATION_CONTEXT(2) 
PARAMETRIC_REPRESENTATION_CONTEXT() REPRESENTATION_CONTEXT('2D SPACE',''
  ) );
#243 = ORIENTED_EDGE('',*,*,#244,.T.);
#244 = EDGE_CURVE('',#217,#245,#247,.T.);
#245 = VERTEX_POINT('',#246);
#246 = CARTESIAN_POINT('',(170.70356586536,96.496872611551,0.75));
#247 = SURFACE_CURVE('',#248,(#252,#259),.PCURVE_S1.);
#248 = LINE('',#249,#250);
#249 = CARTESIAN_POINT('',(170.70356586536,96.605125787024,0.5625));
#250 = VECTOR('',#251,1.);
#251 = DIRECTION('',(-1.060575238725E-16,-0.5,0.866025403784));
#252 = PCURVE('',#117,#253);
#253 = DEFINITIONAL_REPRESENTATION('',(#254),#258);
#254 = LINE('',#255,#256);
#255 = CARTESIAN_POINT('',(-0.5625,-0.541265877365));
#256 = VECTOR('',#257,1.);
#257 = DIRECTION('',(-0.866025403784,0.5));
#258 = ( GEOMETRIC_REPRESENTATION_CONTEXT(2) 
PARAMETRIC_REPRESENTATION_CONTEXT() REPRESENTATION_CONTEXT('2D SPACE',''
  ) );
#259 = PCURVE('',#260,#265);
#260 = PLANE('',#261);
#261 = AXIS2_PLACEMENT_3D('',#262,#263,#264);
#262 = CARTESIAN_POINT('',(171.90356586536,96.496872611551,0.75));
#263 = DIRECTION('',(6.123233995737E-17,-0.866025403784,-0.5));
#264 = DIRECTION('',(1.060575238725E-16,0.5,-0.866025403784));
#265 = DEFINITIONAL_REPRESENTATION('',(#266),#270);
#266 = LINE('',#267,#268);
#267 = CARTESIAN_POINT('',(0.216506350946,-1.2));
#268 = VECTOR('',#269,1.);
#269 = DIRECTION('',(-1.,0.));
#270 = ( GEOMETRIC_REPRESENTATION_CONTEXT(2) 
PARAMETRIC_REPRESENTATION_CONTEXT() REPRESENTATION_CONTEXT('2D SPACE',''
  ) );
#271 = ORIENTED_EDGE('',*,*,#272,.T.);
#272 = EDGE_CURVE('',#245,#273,#275,.T.);
#273 = VERTEX_POINT('',#274);
#274 = CARTESIAN_POINT('',(170.70356586536,95.630847207766,0.75));
#275 = SURFACE_CURVE('',#276,(#280,#287),.PCURVE_S1.);
#276 = LINE('',#277,#278);
#277 = CARTESIAN_POINT('',(170.70356586536,95.847353558713,0.75));
#278 = VECTOR('',#279,1.);
#279 = DIRECTION('',(7.849833662531E-32,-1.,-6.409875621279E-16));
#280 = PCURVE('',#117,#281);
#281 = DEFINITIONAL_REPRESENTATION('',(#282),#286);
#282 = LINE('',#283,#284);
#283 = CARTESIAN_POINT('',(-0.75,0.216506350946));
#284 = VECTOR('',#285,1.);
#285 = DIRECTION('',(6.409875621279E-16,1.));
#286 = ( GEOMETRIC_REPRESENTATION_CONTEXT(2) 
PARAMETRIC_REPRESENTATION_CONTEXT() REPRESENTATION_CONTEXT('2D SPACE',''
  ) );
#287 = PCURVE('',#288,#293);
#288 = PLANE('',#289);
#289 = AXIS2_PLACEMENT_3D('',#290,#291,#292);
#290 = CARTESIAN_POINT('',(171.90356586536,95.630847207766,0.75));
#291 = DIRECTION('',(1.224646799147E-16,6.409875621279E-16,-1.));
#292 = DIRECTION('',(-7.849833662531E-32,1.,6.409875621279E-16));
#293 = DEFINITIONAL_REPRESENTATION('',(#294),#298);
#294 = LINE('',#295,#296);
#295 = CARTESIAN_POINT('',(0.216506350946,-1.2));
#296 = VECTOR('',#297,1.);
#297 = DIRECTION('',(-1.,0.));
#298 = ( GEOMETRIC_REPRESENTATION_CONTEXT(2) 
PARAMETRIC_REPRESENTATION_CONTEXT() REPRESENTATION_CONTEXT('2D SPACE',''
  ) );
#299 = ORIENTED_EDGE('',*,*,#300,.T.);
#300 = EDGE_CURVE('',#273,#301,#303,.T.);
#301 = VERTEX_POINT('',#302);
#302 = CARTESIAN_POINT('',(170.70356586536,95.197834505874,
    -2.150107379754E-14));
#303 = SURFACE_CURVE('',#304,(#308,#315),.PCURVE_S1.);
#304 = LINE('',#305,#306);
#305 = CARTESIAN_POINT('',(170.70356586536,95.306087681347,0.1875));
#306 = VECTOR('',#307,1.);
#307 = DIRECTION('',(1.060575238725E-16,-0.5,-0.866025403784));
#308 = PCURVE('',#117,#309);
#309 = DEFINITIONAL_REPRESENTATION('',(#310),#314);
#310 = LINE('',#311,#312);
#311 = CARTESIAN_POINT('',(-0.1875,0.757772228311));
#312 = VECTOR('',#313,1.);
#313 = DIRECTION('',(0.866025403784,0.5));
#314 = ( GEOMETRIC_REPRESENTATION_CONTEXT(2) 
PARAMETRIC_REPRESENTATION_CONTEXT() REPRESENTATION_CONTEXT('2D SPACE',''
  ) );
#315 = PCURVE('',#316,#321);
#316 = PLANE('',#317);
#317 = AXIS2_PLACEMENT_3D('',#318,#319,#320);
#318 = CARTESIAN_POINT('',(171.90356586536,95.197834505874,
    -2.135411618164E-14));
#319 = DIRECTION('',(6.123233995737E-17,0.866025403784,-0.5));
#320 = DIRECTION('',(-1.060575238725E-16,0.5,0.866025403784));
#321 = DEFINITIONAL_REPRESENTATION('',(#322),#326);
#322 = LINE('',#323,#324);
#323 = CARTESIAN_POINT('',(0.216506350946,-1.2));
#324 = VECTOR('',#325,1.);
#325 = DIRECTION('',(-1.,0.));
#326 = ( GEOMETRIC_REPRESENTATION_CONTEXT(2) 
PARAMETRIC_REPRESENTATION_CONTEXT() REPRESENTATION_CONTEXT('2D SPACE',''
  ) );
#327 = ORIENTED_EDGE('',*,*,#328,.T.);
#328 = EDGE_CURVE('',#301,#187,#329,.T.);
#329 = SURFACE_CURVE('',#330,(#334,#341),.PCURVE_S1.);
#330 = LINE('',#331,#332);
#331 = CARTESIAN_POINT('',(170.70356586536,95.522594032293,-0.5625));
#332 = VECTOR('',#333,1.);
#333 = DIRECTION('',(1.060575238725E-16,0.5,-0.866025403784));
#334 = PCURVE('',#117,#335);
#335 = DEFINITIONAL_REPRESENTATION('',(#336),#340);
#336 = LINE('',#337,#338);
#337 = CARTESIAN_POINT('',(0.5625,0.541265877365));
#338 = VECTOR('',#339,1.);
#339 = DIRECTION('',(0.866025403784,-0.5));
#340 = ( GEOMETRIC_REPRESENTATION_CONTEXT(2) 
PARAMETRIC_REPRESENTATION_CONTEXT() REPRESENTATION_CONTEXT('2D SPACE',''
  ) );
#341 = PCURVE('',#342,#347);
#342 = PLANE('',#343);
#343 = AXIS2_PLACEMENT_3D('',#344,#345,#346);
#344 = CARTESIAN_POINT('',(171.90356586536,95.630847207766,-0.75));
#345 = DIRECTION('',(-6.123233995737E-17,0.866025403784,0.5));
#346 = DIRECTION('',(-1.060575238725E-16,-0.5,0.866025403784));
#347 = DEFINITIONAL_REPRESENTATION('',(#348),#352);
#348 = LINE('',#349,#350);
#349 = CARTESIAN_POINT('',(0.216506350946,-1.2));
#350 = VECTOR('',#351,1.);
#351 = DIRECTION('',(-1.,0.));
#352 = ( GEOMETRIC_REPRESENTATION_CONTEXT(2) 
PARAMETRIC_REPRESENTATION_CONTEXT() REPRESENTATION_CONTEXT('2D SPACE',''
  ) );
#353 = ADVANCED_FACE('',(#354,#357),#167,.F.);
#354 = FACE_BOUND('',#355,.F.);
#355 = EDGE_LOOP('',(#356));
#356 = ORIENTED_EDGE('',*,*,#152,.T.);
#357 = FACE_BOUND('',#358,.F.);
#358 = EDGE_LOOP('',(#359));
#359 = ORIENTED_EDGE('',*,*,#360,.F.);
#360 = EDGE_CURVE('',#361,#361,#363,.T.);
#361 = VERTEX_POINT('',#362);
#362 = CARTESIAN_POINT('',(172.70356586536,96.063859909659,-1.));
#363 = SURFACE_CURVE('',#364,(#369,#376),.PCURVE_S1.);
#364 = CIRCLE('',#365,1.);
#365 = AXIS2_PLACEMENT_3D('',#366,#367,#368);
#366 = CARTESIAN_POINT('',(172.70356586536,96.063859909659,
    -2.115008691384E-14));
#367 = DIRECTION('',(-1.,0.,-1.224646799147E-16));
#368 = DIRECTION('',(1.224646799147E-16,0.,-1.));
#369 = PCURVE('',#167,#370);
#370 = DEFINITIONAL_REPRESENTATION('',(#371),#375);
#371 = CIRCLE('',#372,1.);
#372 = AXIS2_PLACEMENT_2D('',#373,#374);
#373 = CARTESIAN_POINT('',(0.,0.));
#374 = DIRECTION('',(1.,0.));
#375 = ( GEOMETRIC_REPRESENTATION_CONTEXT(2) 
PARAMETRIC_REPRESENTATION_CONTEXT() REPRESENTATION_CONTEXT('2D SPACE',''
  ) );
#376 = PCURVE('',#377,#382);
#377 = CYLINDRICAL_SURFACE('',#378,1.);
#378 = AXIS2_PLACEMENT_3D('',#379,#380,#381);
#379 = CARTESIAN_POINT('',(180.70356586536,96.063859909659,
    -2.017036947452E-14));
#380 = DIRECTION('',(-1.,0.,-1.224646799147E-16));
#381 = DIRECTION('',(1.224646799147E-16,0.,-1.));
#382 = DEFINITIONAL_REPRESENTATION('',(#383),#387);
#383 = LINE('',#384,#385);
#384 = CARTESIAN_POINT('',(0.,8.));
#385 = VECTOR('',#386,1.);
#386 = DIRECTION('',(1.,0.));
#387 = ( GEOMETRIC_REPRESENTATION_CONTEXT(2) 
PARAMETRIC_REPRESENTATION_CONTEXT() REPRESENTATION_CONTEXT('2D SPACE',''
  ) );
#388 = ADVANCED_FACE('',(#389),#204,.T.);
#389 = FACE_BOUND('',#390,.T.);
#390 = EDGE_LOOP('',(#391,#421,#442,#443));
#391 = ORIENTED_EDGE('',*,*,#392,.F.);
#392 = EDGE_CURVE('',#393,#395,#397,.T.);
#393 = VERTEX_POINT('',#394);
#394 = CARTESIAN_POINT('',(171.90356586536,96.496872611551,-0.75));
#395 = VERTEX_POINT('',#396);
#396 = CARTESIAN_POINT('',(171.90356586536,95.630847207766,-0.75));
#397 = SURFACE_CURVE('',#398,(#402,#409),.PCURVE_S1.);
#398 = LINE('',#399,#400);
#399 = CARTESIAN_POINT('',(171.90356586536,96.496872611551,-0.75));
#400 = VECTOR('',#401,1.);
#401 = DIRECTION('',(1.569966732506E-32,-1.,-1.281975124256E-16));
#402 = PCURVE('',#204,#403);
#403 = DEFINITIONAL_REPRESENTATION('',(#404),#408);
#404 = LINE('',#405,#406);
#405 = CARTESIAN_POINT('',(0.,0.));
#406 = VECTOR('',#407,1.);
#407 = DIRECTION('',(1.,0.));
#408 = ( GEOMETRIC_REPRESENTATION_CONTEXT(2) 
PARAMETRIC_REPRESENTATION_CONTEXT() REPRESENTATION_CONTEXT('2D SPACE',''
  ) );
#409 = PCURVE('',#410,#415);
#410 = PLANE('',#411);
#411 = AXIS2_PLACEMENT_3D('',#412,#413,#414);
#412 = CARTESIAN_POINT('',(171.90356586536,96.063859909659,
    -2.120532615363E-14));
#413 = DIRECTION('',(-1.,0.,-1.224646799147E-16));
#414 = DIRECTION('',(1.224646799147E-16,0.,-1.));
#415 = DEFINITIONAL_REPRESENTATION('',(#416),#420);
#416 = LINE('',#417,#418);
#417 = CARTESIAN_POINT('',(0.75,-0.433012701892));
#418 = VECTOR('',#419,1.);
#419 = DIRECTION('',(1.281975124256E-16,1.));
#420 = ( GEOMETRIC_REPRESENTATION_CONTEXT(2) 
PARAMETRIC_REPRESENTATION_CONTEXT() REPRESENTATION_CONTEXT('2D SPACE',''
  ) );
#421 = ORIENTED_EDGE('',*,*,#422,.T.);
#422 = EDGE_CURVE('',#393,#189,#423,.T.);
#423 = SURFACE_CURVE('',#424,(#428,#435),.PCURVE_S1.);
#424 = LINE('',#425,#426);
#425 = CARTESIAN_POINT('',(171.90356586536,96.496872611551,-0.75));
#426 = VECTOR('',#427,1.);
#427 = DIRECTION('',(-1.,0.,-1.224646799147E-16));
#428 = PCURVE('',#204,#429);
#429 = DEFINITIONAL_REPRESENTATION('',(#430),#434);
#430 = LINE('',#431,#432);
#431 = CARTESIAN_POINT('',(0.,0.));
#432 = VECTOR('',#433,1.);
#433 = DIRECTION('',(0.,-1.));
#434 = ( GEOMETRIC_REPRESENTATION_CONTEXT(2) 
PARAMETRIC_REPRESENTATION_CONTEXT() REPRESENTATION_CONTEXT('2D SPACE',''
  ) );
#435 = PCURVE('',#232,#436);
#436 = DEFINITIONAL_REPRESENTATION('',(#437),#441);
#437 = LINE('',#438,#439);
#438 = CARTESIAN_POINT('',(0.866025403784,-9.184850993605E-17));
#439 = VECTOR('',#440,1.);
#440 = DIRECTION('',(0.,-1.));
#441 = ( GEOMETRIC_REPRESENTATION_CONTEXT(2) 
PARAMETRIC_REPRESENTATION_CONTEXT() REPRESENTATION_CONTEXT('2D SPACE',''
  ) );
#442 = ORIENTED_EDGE('',*,*,#186,.F.);
#443 = ORIENTED_EDGE('',*,*,#444,.F.);
#444 = EDGE_CURVE('',#395,#187,#445,.T.);
#445 = SURFACE_CURVE('',#446,(#450,#457),.PCURVE_S1.);
#446 = LINE('',#447,#448);
#447 = CARTESIAN_POINT('',(171.90356586536,95.630847207766,-0.75));
#448 = VECTOR('',#449,1.);
#449 = DIRECTION('',(-1.,0.,-1.224646799147E-16));
#450 = PCURVE('',#204,#451);
#451 = DEFINITIONAL_REPRESENTATION('',(#452),#456);
#452 = LINE('',#453,#454);
#453 = CARTESIAN_POINT('',(0.866025403784,-1.359631073447E-32));
#454 = VECTOR('',#455,1.);
#455 = DIRECTION('',(0.,-1.));
#456 = ( GEOMETRIC_REPRESENTATION_CONTEXT(2) 
PARAMETRIC_REPRESENTATION_CONTEXT() REPRESENTATION_CONTEXT('2D SPACE',''
  ) );
#457 = PCURVE('',#342,#458);
#458 = DEFINITIONAL_REPRESENTATION('',(#459),#463);
#459 = LINE('',#460,#461);
#460 = CARTESIAN_POINT('',(0.,0.));
#461 = VECTOR('',#462,1.);
#462 = DIRECTION('',(0.,-1.));
#463 = ( GEOMETRIC_REPRESENTATION_CONTEXT(2) 
PARAMETRIC_REPRESENTATION_CONTEXT() REPRESENTATION_CONTEXT('2D SPACE',''
  ) );
#464 = ADVANCED_FACE('',(#465),#342,.T.);
#465 = FACE_BOUND('',#466,.T.);
#466 = EDGE_LOOP('',(#467,#490,#491,#492));
#467 = ORIENTED_EDGE('',*,*,#468,.F.);
#468 = EDGE_CURVE('',#395,#469,#471,.T.);
#469 = VERTEX_POINT('',#470);
#470 = CARTESIAN_POINT('',(171.90356586536,95.197834505874,
    -2.135411618164E-14));
#471 = SURFACE_CURVE('',#472,(#476,#483),.PCURVE_S1.);
#472 = LINE('',#473,#474);
#473 = CARTESIAN_POINT('',(171.90356586536,95.630847207766,-0.75));
#474 = VECTOR('',#475,1.);
#475 = DIRECTION('',(-1.060575238725E-16,-0.5,0.866025403784));
#476 = PCURVE('',#342,#477);
#477 = DEFINITIONAL_REPRESENTATION('',(#478),#482);
#478 = LINE('',#479,#480);
#479 = CARTESIAN_POINT('',(0.,0.));
#480 = VECTOR('',#481,1.);
#481 = DIRECTION('',(1.,0.));
#482 = ( GEOMETRIC_REPRESENTATION_CONTEXT(2) 
PARAMETRIC_REPRESENTATION_CONTEXT() REPRESENTATION_CONTEXT('2D SPACE',''
  ) );
#483 = PCURVE('',#410,#484);
#484 = DEFINITIONAL_REPRESENTATION('',(#485),#489);
#485 = LINE('',#486,#487);
#486 = CARTESIAN_POINT('',(0.75,0.433012701892));
#487 = VECTOR('',#488,1.);
#488 = DIRECTION('',(-0.866025403784,0.5));
#489 = ( GEOMETRIC_REPRESENTATION_CONTEXT(2) 
PARAMETRIC_REPRESENTATION_CONTEXT() REPRESENTATION_CONTEXT('2D SPACE',''
  ) );
#490 = ORIENTED_EDGE('',*,*,#444,.T.);
#491 = ORIENTED_EDGE('',*,*,#328,.F.);
#492 = ORIENTED_EDGE('',*,*,#493,.F.);
#493 = EDGE_CURVE('',#469,#301,#494,.T.);
#494 = SURFACE_CURVE('',#495,(#499,#506),.PCURVE_S1.);
#495 = LINE('',#496,#497);
#496 = CARTESIAN_POINT('',(171.90356586536,95.197834505874,
    -2.135411618164E-14));
#497 = VECTOR('',#498,1.);
#498 = DIRECTION('',(-1.,0.,-1.224646799147E-16));
#499 = PCURVE('',#342,#500);
#500 = DEFINITIONAL_REPRESENTATION('',(#501),#505);
#501 = LINE('',#502,#503);
#502 = CARTESIAN_POINT('',(0.866025403784,9.184850993605E-17));
#503 = VECTOR('',#504,1.);
#504 = DIRECTION('',(0.,-1.));
#505 = ( GEOMETRIC_REPRESENTATION_CONTEXT(2) 
PARAMETRIC_REPRESENTATION_CONTEXT() REPRESENTATION_CONTEXT('2D SPACE',''
  ) );
#506 = PCURVE('',#316,#507);
#507 = DEFINITIONAL_REPRESENTATION('',(#508),#512);
#508 = LINE('',#509,#510);
#509 = CARTESIAN_POINT('',(0.,0.));
#510 = VECTOR('',#511,1.);
#511 = DIRECTION('',(0.,-1.));
#512 = ( GEOMETRIC_REPRESENTATION_CONTEXT(2) 
PARAMETRIC_REPRESENTATION_CONTEXT() REPRESENTATION_CONTEXT('2D SPACE',''
  ) );
#513 = ADVANCED_FACE('',(#514),#316,.T.);
#514 = FACE_BOUND('',#515,.T.);
#515 = EDGE_LOOP('',(#516,#539,#540,#541));
#516 = ORIENTED_EDGE('',*,*,#517,.F.);
#517 = EDGE_CURVE('',#469,#518,#520,.T.);
#518 = VERTEX_POINT('',#519);
#519 = CARTESIAN_POINT('',(171.90356586536,95.630847207766,0.75));
#520 = SURFACE_CURVE('',#521,(#525,#532),.PCURVE_S1.);
#521 = LINE('',#522,#523);
#522 = CARTESIAN_POINT('',(171.90356586536,95.197834505874,
    -2.135411618164E-14));
#523 = VECTOR('',#524,1.);
#524 = DIRECTION('',(-1.060575238725E-16,0.5,0.866025403784));
#525 = PCURVE('',#316,#526);
#526 = DEFINITIONAL_REPRESENTATION('',(#527),#531);
#527 = LINE('',#528,#529);
#528 = CARTESIAN_POINT('',(0.,0.));
#529 = VECTOR('',#530,1.);
#530 = DIRECTION('',(1.,0.));
#531 = ( GEOMETRIC_REPRESENTATION_CONTEXT(2) 
PARAMETRIC_REPRESENTATION_CONTEXT() REPRESENTATION_CONTEXT('2D SPACE',''
  ) );
#532 = PCURVE('',#410,#533);
#533 = DEFINITIONAL_REPRESENTATION('',(#534),#538);
#534 = LINE('',#535,#536);
#535 = CARTESIAN_POINT('',(1.487900280143E-16,0.866025403784));
#536 = VECTOR('',#537,1.);
#537 = DIRECTION('',(-0.866025403784,-0.5));
#538 = ( GEOMETRIC_REPRESENTATION_CONTEXT(2) 
PARAMETRIC_REPRESENTATION_CONTEXT() REPRESENTATION_CONTEXT('2D SPACE',''
  ) );
#539 = ORIENTED_EDGE('',*,*,#493,.T.);
#540 = ORIENTED_EDGE('',*,*,#300,.F.);
#541 = ORIENTED_EDGE('',*,*,#542,.F.);
#542 = EDGE_CURVE('',#518,#273,#543,.T.);
#543 = SURFACE_CURVE('',#544,(#548,#555),.PCURVE_S1.);
#544 = LINE('',#545,#546);
#545 = CARTESIAN_POINT('',(171.90356586536,95.630847207766,0.75));
#546 = VECTOR('',#547,1.);
#547 = DIRECTION('',(-1.,0.,-1.224646799147E-16));
#548 = PCURVE('',#316,#549);
#549 = DEFINITIONAL_REPRESENTATION('',(#550),#554);
#550 = LINE('',#551,#552);
#551 = CARTESIAN_POINT('',(0.866025403784,9.184850993605E-17));
#552 = VECTOR('',#553,1.);
#553 = DIRECTION('',(0.,-1.));
#554 = ( GEOMETRIC_REPRESENTATION_CONTEXT(2) 
PARAMETRIC_REPRESENTATION_CONTEXT() REPRESENTATION_CONTEXT('2D SPACE',''
  ) );
#555 = PCURVE('',#288,#556);
#556 = DEFINITIONAL_REPRESENTATION('',(#557),#561);
#557 = LINE('',#558,#559);
#558 = CARTESIAN_POINT('',(0.,0.));
#559 = VECTOR('',#560,1.);
#560 = DIRECTION('',(0.,-1.));
#561 = ( GEOMETRIC_REPRESENTATION_CONTEXT(2) 
PARAMETRIC_REPRESENTATION_CONTEXT() REPRESENTATION_CONTEXT('2D SPACE',''
  ) );
#562 = ADVANCED_FACE('',(#563),#288,.T.);
#563 = FACE_BOUND('',#564,.T.);
#564 = EDGE_LOOP('',(#565,#588,#589,#590));
#565 = ORIENTED_EDGE('',*,*,#566,.F.);
#566 = EDGE_CURVE('',#518,#567,#569,.T.);
#567 = VERTEX_POINT('',#568);
#568 = CARTESIAN_POINT('',(171.90356586536,96.496872611551,0.75));
#569 = SURFACE_CURVE('',#570,(#574,#581),.PCURVE_S1.);
#570 = LINE('',#571,#572);
#571 = CARTESIAN_POINT('',(171.90356586536,95.630847207766,0.75));
#572 = VECTOR('',#573,1.);
#573 = DIRECTION('',(-7.849833662531E-32,1.,6.409875621279E-16));
#574 = PCURVE('',#288,#575);
#575 = DEFINITIONAL_REPRESENTATION('',(#576),#580);
#576 = LINE('',#577,#578);
#577 = CARTESIAN_POINT('',(0.,0.));
#578 = VECTOR('',#579,1.);
#579 = DIRECTION('',(1.,0.));
#580 = ( GEOMETRIC_REPRESENTATION_CONTEXT(2) 
PARAMETRIC_REPRESENTATION_CONTEXT() REPRESENTATION_CONTEXT('2D SPACE',''
  ) );
#581 = PCURVE('',#410,#582);
#582 = DEFINITIONAL_REPRESENTATION('',(#583),#587);
#583 = LINE('',#584,#585);
#584 = CARTESIAN_POINT('',(-0.75,0.433012701892));
#585 = VECTOR('',#586,1.);
#586 = DIRECTION('',(-6.409875621279E-16,-1.));
#587 = ( GEOMETRIC_REPRESENTATION_CONTEXT(2) 
PARAMETRIC_REPRESENTATION_CONTEXT() REPRESENTATION_CONTEXT('2D SPACE',''
  ) );
#588 = ORIENTED_EDGE('',*,*,#542,.T.);
#589 = ORIENTED_EDGE('',*,*,#272,.F.);
#590 = ORIENTED_EDGE('',*,*,#591,.F.);
#591 = EDGE_CURVE('',#567,#245,#592,.T.);
#592 = SURFACE_CURVE('',#593,(#597,#604),.PCURVE_S1.);
#593 = LINE('',#594,#595);
#594 = CARTESIAN_POINT('',(171.90356586536,96.496872611551,0.75));
#595 = VECTOR('',#596,1.);
#596 = DIRECTION('',(-1.,0.,-1.224646799147E-16));
#597 = PCURVE('',#288,#598);
#598 = DEFINITIONAL_REPRESENTATION('',(#599),#603);
#599 = LINE('',#600,#601);
#600 = CARTESIAN_POINT('',(0.866025403784,6.798155367234E-32));
#601 = VECTOR('',#602,1.);
#602 = DIRECTION('',(0.,-1.));
#603 = ( GEOMETRIC_REPRESENTATION_CONTEXT(2) 
PARAMETRIC_REPRESENTATION_CONTEXT() REPRESENTATION_CONTEXT('2D SPACE',''
  ) );
#604 = PCURVE('',#260,#605);
#605 = DEFINITIONAL_REPRESENTATION('',(#606),#610);
#606 = LINE('',#607,#608);
#607 = CARTESIAN_POINT('',(0.,0.));
#608 = VECTOR('',#609,1.);
#609 = DIRECTION('',(0.,-1.));
#610 = ( GEOMETRIC_REPRESENTATION_CONTEXT(2) 
PARAMETRIC_REPRESENTATION_CONTEXT() REPRESENTATION_CONTEXT('2D SPACE',''
  ) );
#611 = ADVANCED_FACE('',(#612),#260,.T.);
#612 = FACE_BOUND('',#613,.T.);
#613 = EDGE_LOOP('',(#614,#637,#638,#639));
#614 = ORIENTED_EDGE('',*,*,#615,.F.);
#615 = EDGE_CURVE('',#567,#616,#618,.T.);
#616 = VERTEX_POINT('',#617);
#617 = CARTESIAN_POINT('',(171.90356586536,96.929885313443,
    -2.124805865777E-14));
#618 = SURFACE_CURVE('',#619,(#623,#630),.PCURVE_S1.);
#619 = LINE('',#620,#621);
#620 = CARTESIAN_POINT('',(171.90356586536,96.496872611551,0.75));
#621 = VECTOR('',#622,1.);
#622 = DIRECTION('',(1.060575238725E-16,0.5,-0.866025403784));
#623 = PCURVE('',#260,#624);
#624 = DEFINITIONAL_REPRESENTATION('',(#625),#629);
#625 = LINE('',#626,#627);
#626 = CARTESIAN_POINT('',(0.,0.));
#627 = VECTOR('',#628,1.);
#628 = DIRECTION('',(1.,0.));
#629 = ( GEOMETRIC_REPRESENTATION_CONTEXT(2) 
PARAMETRIC_REPRESENTATION_CONTEXT() REPRESENTATION_CONTEXT('2D SPACE',''
  ) );
#630 = PCURVE('',#410,#631);
#631 = DEFINITIONAL_REPRESENTATION('',(#632),#636);
#632 = LINE('',#633,#634);
#633 = CARTESIAN_POINT('',(-0.75,-0.433012701892));
#634 = VECTOR('',#635,1.);
#635 = DIRECTION('',(0.866025403784,-0.5));
#636 = ( GEOMETRIC_REPRESENTATION_CONTEXT(2) 
PARAMETRIC_REPRESENTATION_CONTEXT() REPRESENTATION_CONTEXT('2D SPACE',''
  ) );
#637 = ORIENTED_EDGE('',*,*,#591,.T.);
#638 = ORIENTED_EDGE('',*,*,#244,.F.);
#639 = ORIENTED_EDGE('',*,*,#640,.F.);
#640 = EDGE_CURVE('',#616,#217,#641,.T.);
#641 = SURFACE_CURVE('',#642,(#646,#653),.PCURVE_S1.);
#642 = LINE('',#643,#644);
#643 = CARTESIAN_POINT('',(171.90356586536,96.929885313443,
    -2.124805865777E-14));
#644 = VECTOR('',#645,1.);
#645 = DIRECTION('',(-1.,0.,-1.224646799147E-16));
#646 = PCURVE('',#260,#647);
#647 = DEFINITIONAL_REPRESENTATION('',(#648),#652);
#648 = LINE('',#649,#650);
#649 = CARTESIAN_POINT('',(0.866025403784,-9.184850993605E-17));
#650 = VECTOR('',#651,1.);
#651 = DIRECTION('',(0.,-1.));
#652 = ( GEOMETRIC_REPRESENTATION_CONTEXT(2) 
PARAMETRIC_REPRESENTATION_CONTEXT() REPRESENTATION_CONTEXT('2D SPACE',''
  ) );
#653 = PCURVE('',#232,#654);
#654 = DEFINITIONAL_REPRESENTATION('',(#655),#659);
#655 = LINE('',#656,#657);
#656 = CARTESIAN_POINT('',(0.,0.));
#657 = VECTOR('',#658,1.);
#658 = DIRECTION('',(0.,-1.));
#659 = ( GEOMETRIC_REPRESENTATION_CONTEXT(2) 
PARAMETRIC_REPRESENTATION_CONTEXT() REPRESENTATION_CONTEXT('2D SPACE',''
  ) );
#660 = ADVANCED_FACE('',(#661),#232,.T.);
#661 = FACE_BOUND('',#662,.T.);
#662 = EDGE_LOOP('',(#663,#684,#685,#686));
#663 = ORIENTED_EDGE('',*,*,#664,.F.);
#664 = EDGE_CURVE('',#616,#393,#665,.T.);
#665 = SURFACE_CURVE('',#666,(#670,#677),.PCURVE_S1.);
#666 = LINE('',#667,#668);
#667 = CARTESIAN_POINT('',(171.90356586536,96.929885313443,
    -2.124805865777E-14));
#668 = VECTOR('',#669,1.);
#669 = DIRECTION('',(1.060575238725E-16,-0.5,-0.866025403784));
#670 = PCURVE('',#232,#671);
#671 = DEFINITIONAL_REPRESENTATION('',(#672),#676);
#672 = LINE('',#673,#674);
#673 = CARTESIAN_POINT('',(0.,0.));
#674 = VECTOR('',#675,1.);
#675 = DIRECTION('',(1.,0.));
#676 = ( GEOMETRIC_REPRESENTATION_CONTEXT(2) 
PARAMETRIC_REPRESENTATION_CONTEXT() REPRESENTATION_CONTEXT('2D SPACE',''
  ) );
#677 = PCURVE('',#410,#678);
#678 = DEFINITIONAL_REPRESENTATION('',(#679),#683);
#679 = LINE('',#680,#681);
#680 = CARTESIAN_POINT('',(4.273250414186E-17,-0.866025403784));
#681 = VECTOR('',#682,1.);
#682 = DIRECTION('',(0.866025403784,0.5));
#683 = ( GEOMETRIC_REPRESENTATION_CONTEXT(2) 
PARAMETRIC_REPRESENTATION_CONTEXT() REPRESENTATION_CONTEXT('2D SPACE',''
  ) );
#684 = ORIENTED_EDGE('',*,*,#640,.T.);
#685 = ORIENTED_EDGE('',*,*,#216,.F.);
#686 = ORIENTED_EDGE('',*,*,#422,.F.);
#687 = ADVANCED_FACE('',(#688),#377,.T.);
#688 = FACE_BOUND('',#689,.T.);
#689 = EDGE_LOOP('',(#690,#691,#714,#741));
#690 = ORIENTED_EDGE('',*,*,#360,.F.);
#691 = ORIENTED_EDGE('',*,*,#692,.F.);
#692 = EDGE_CURVE('',#693,#361,#695,.T.);
#693 = VERTEX_POINT('',#694);
#694 = CARTESIAN_POINT('',(180.70356586536,96.063859909659,-1.));
#695 = SEAM_CURVE('',#696,(#700,#707),.PCURVE_S1.);
#696 = LINE('',#697,#698);
#697 = CARTESIAN_POINT('',(180.70356586536,96.063859909659,-1.));
#698 = VECTOR('',#699,1.);
#699 = DIRECTION('',(-1.,0.,-1.224646799147E-16));
#700 = PCURVE('',#377,#701);
#701 = DEFINITIONAL_REPRESENTATION('',(#702),#706);
#702 = LINE('',#703,#704);
#703 = CARTESIAN_POINT('',(6.28318530718,-0.));
#704 = VECTOR('',#705,1.);
#705 = DIRECTION('',(0.,1.));
#706 = ( GEOMETRIC_REPRESENTATION_CONTEXT(2) 
PARAMETRIC_REPRESENTATION_CONTEXT() REPRESENTATION_CONTEXT('2D SPACE',''
  ) );
#707 = PCURVE('',#377,#708);
#708 = DEFINITIONAL_REPRESENTATION('',(#709),#713);
#709 = LINE('',#710,#711);
#710 = CARTESIAN_POINT('',(0.,-0.));
#711 = VECTOR('',#712,1.);
#712 = DIRECTION('',(0.,1.));
#713 = ( GEOMETRIC_REPRESENTATION_CONTEXT(2) 
PARAMETRIC_REPRESENTATION_CONTEXT() REPRESENTATION_CONTEXT('2D SPACE',''
  ) );
#714 = ORIENTED_EDGE('',*,*,#715,.T.);
#715 = EDGE_CURVE('',#693,#693,#716,.T.);
#716 = SURFACE_CURVE('',#717,(#722,#729),.PCURVE_S1.);
#717 = CIRCLE('',#718,1.);
#718 = AXIS2_PLACEMENT_3D('',#719,#720,#721);
#719 = CARTESIAN_POINT('',(180.70356586536,96.063859909659,
    -2.017036947452E-14));
#720 = DIRECTION('',(-1.,0.,-1.224646799147E-16));
#721 = DIRECTION('',(1.224646799147E-16,0.,-1.));
#722 = PCURVE('',#377,#723);
#723 = DEFINITIONAL_REPRESENTATION('',(#724),#728);
#724 = LINE('',#725,#726);
#725 = CARTESIAN_POINT('',(0.,0.));
#726 = VECTOR('',#727,1.);
#727 = DIRECTION('',(1.,0.));
#728 = ( GEOMETRIC_REPRESENTATION_CONTEXT(2) 
PARAMETRIC_REPRESENTATION_CONTEXT() REPRESENTATION_CONTEXT('2D SPACE',''
  ) );
#729 = PCURVE('',#730,#735);
#730 = PLANE('',#731);
#731 = AXIS2_PLACEMENT_3D('',#732,#733,#734);
#732 = CARTESIAN_POINT('',(180.70356586536,96.063859909659,
    -2.017036947452E-14));
#733 = DIRECTION('',(-1.,0.,-1.224646799147E-16));
#734 = DIRECTION('',(1.224646799147E-16,0.,-1.));
#735 = DEFINITIONAL_REPRESENTATION('',(#736),#740);
#736 = CIRCLE('',#737,1.);
#737 = AXIS2_PLACEMENT_2D('',#738,#739);
#738 = CARTESIAN_POINT('',(0.,0.));
#739 = DIRECTION('',(1.,0.));
#740 = ( GEOMETRIC_REPRESENTATION_CONTEXT(2) 
PARAMETRIC_REPRESENTATION_CONTEXT() REPRESENTATION_CONTEXT('2D SPACE',''
  ) );
#741 = ORIENTED_EDGE('',*,*,#692,.T.);
#742 = ADVANCED_FACE('',(#743),#410,.T.);
#743 = FACE_BOUND('',#744,.T.);
#744 = EDGE_LOOP('',(#745,#746,#747,#748,#749,#750));
#745 = ORIENTED_EDGE('',*,*,#664,.T.);
#746 = ORIENTED_EDGE('',*,*,#392,.T.);
#747 = ORIENTED_EDGE('',*,*,#468,.T.);
#748 = ORIENTED_EDGE('',*,*,#517,.T.);
#749 = ORIENTED_EDGE('',*,*,#566,.T.);
#750 = ORIENTED_EDGE('',*,*,#615,.T.);
#751 = ADVANCED_FACE('',(#752),#730,.F.);
#752 = FACE_BOUND('',#753,.T.);
#753 = EDGE_LOOP('',(#754));
#754 = ORIENTED_EDGE('',*,*,#715,.F.);
#755 = ( GEOMETRIC_REPRESENTATION_CONTEXT(3) 
GLOBAL_UNCERTAINTY_ASSIGNED_CONTEXT((#759)) GLOBAL_UNIT_ASSIGNED_CONTEXT
((#756,#757,#758)) REPRESENTATION_CONTEXT('Context #1',
  '3D Context with UNIT and UNCERTAINTY') );
#756 = ( LENGTH_UNIT() NAMED_UNIT(*) SI_UNIT(.MILLI.,.METRE.) );
#757 = ( NAMED_UNIT(*) PLANE_ANGLE_UNIT() SI_UNIT($,.RADIAN.) );
#758 = ( NAMED_UNIT(*) SI_UNIT($,.STERADIAN.) SOLID_ANGLE_UNIT() );
#759 = UNCERTAINTY_MEASURE_WITH_UNIT(LENGTH_MEASURE(1.E-07),#756,
  'distance_accuracy_value','confusion accuracy');
#760 = CONTEXT_DEPENDENT_SHAPE_REPRESENTATION(#761,#763);
#761 = ( REPRESENTATION_RELATIONSHIP('','',#88,#10) 
REPRESENTATION_RELATIONSHIP_WITH_TRANSFORMATION(#762) 
SHAPE_REPRESENTATION_RELATIONSHIP() );
#762 = ITEM_DEFINED_TRANSFORMATION('','',#11,#15);
#763 = PRODUCT_DEFINITION_SHAPE('Placement','Placement of an item',#764
  );
#764 = NEXT_ASSEMBLY_USAGE_OCCURRENCE('49','','',#5,#83,$);
#765 = PRODUCT_RELATED_PRODUCT_CATEGORY('part',$,(#85));
#766 = SHAPE_DEFINITION_REPRESENTATION(#767,#773);
#767 = PRODUCT_DEFINITION_SHAPE('','',#768);
#768 = PRODUCT_DEFINITION('design','',#769,#772);
#769 = PRODUCT_DEFINITION_FORMATION('','',#770);
#770 = PRODUCT('Open CASCADE STEP translator 7.9 10.2',
  'Open CASCADE STEP translator 7.9 10.2','',(#771));
#771 = PRODUCT_CONTEXT('',#2,'mechanical');
#772 = PRODUCT_DEFINITION_CONTEXT('part definition',#2,'design');
#773 = ADVANCED_BREP_SHAPE_REPRESENTATION('',(#11,#774),#1440);
#774 = MANIFOLD_SOLID_BREP('',#775);
#775 = CLOSED_SHELL('',(#776,#864,#1038,#1073,#1149,#1198,#1247,#1296,
    #1345,#1372,#1427,#1436));
#776 = ADVANCED_FACE('',(#777),#790,.T.);
#777 = FACE_BOUND('',#778,.T.);
#778 = EDGE_LOOP('',(#779,#813,#836,#863));
#779 = ORIENTED_EDGE('',*,*,#780,.F.);
#780 = EDGE_CURVE('',#781,#781,#783,.T.);
#781 = VERTEX_POINT('',#782);
#782 = CARTESIAN_POINT('',(170.70356586536,87.758702864084,
    -40.97269190055));
#783 = SURFACE_CURVE('',#784,(#789,#801),.PCURVE_S1.);
#784 = CIRCLE('',#785,1.9);
#785 = AXIS2_PLACEMENT_3D('',#786,#787,#788);
#786 = CARTESIAN_POINT('',(170.70356586536,87.758702864084,
    -39.07269190055));
#787 = DIRECTION('',(-1.,0.,-1.224646799147E-16));
#788 = DIRECTION('',(1.224646799147E-16,0.,-1.));
#789 = PCURVE('',#790,#795);
#790 = CYLINDRICAL_SURFACE('',#791,1.9);
#791 = AXIS2_PLACEMENT_3D('',#792,#793,#794);
#792 = CARTESIAN_POINT('',(172.70356586536,87.758702864084,
    -39.07269190055));
#793 = DIRECTION('',(-1.,0.,-1.224646799147E-16));
#794 = DIRECTION('',(1.224646799147E-16,0.,-1.));
#795 = DEFINITIONAL_REPRESENTATION('',(#796),#800);
#796 = LINE('',#797,#798);
#797 = CARTESIAN_POINT('',(0.,2.));
#798 = VECTOR('',#799,1.);
#799 = DIRECTION('',(1.,0.));
#800 = ( GEOMETRIC_REPRESENTATION_CONTEXT(2) 
PARAMETRIC_REPRESENTATION_CONTEXT() REPRESENTATION_CONTEXT('2D SPACE',''
  ) );
#801 = PCURVE('',#802,#807);
#802 = PLANE('',#803);
#803 = AXIS2_PLACEMENT_3D('',#804,#805,#806);
#804 = CARTESIAN_POINT('',(170.70356586536,87.758702864084,
    -39.07269190055));
#805 = DIRECTION('',(-1.,0.,-1.224646799147E-16));
#806 = DIRECTION('',(1.224646799147E-16,0.,-1.));
#807 = DEFINITIONAL_REPRESENTATION('',(#808),#812);
#808 = CIRCLE('',#809,1.9);
#809 = AXIS2_PLACEMENT_2D('',#810,#811);
#810 = CARTESIAN_POINT('',(0.,0.));
#811 = DIRECTION('',(1.,0.));
#812 = ( GEOMETRIC_REPRESENTATION_CONTEXT(2) 
PARAMETRIC_REPRESENTATION_CONTEXT() REPRESENTATION_CONTEXT('2D SPACE',''
  ) );
#813 = ORIENTED_EDGE('',*,*,#814,.F.);
#814 = EDGE_CURVE('',#815,#781,#817,.T.);
#815 = VERTEX_POINT('',#816);
#816 = CARTESIAN_POINT('',(172.70356586536,87.758702864084,
    -40.97269190055));
#817 = SEAM_CURVE('',#818,(#822,#829),.PCURVE_S1.);
#818 = LINE('',#819,#820);
#819 = CARTESIAN_POINT('',(172.70356586536,87.758702864084,
    -40.97269190055));
#820 = VECTOR('',#821,1.);
#821 = DIRECTION('',(-1.,0.,-1.224646799147E-16));
#822 = PCURVE('',#790,#823);
#823 = DEFINITIONAL_REPRESENTATION('',(#824),#828);
#824 = LINE('',#825,#826);
#825 = CARTESIAN_POINT('',(6.28318530718,-0.));
#826 = VECTOR('',#827,1.);
#827 = DIRECTION('',(0.,1.));
#828 = ( GEOMETRIC_REPRESENTATION_CONTEXT(2) 
PARAMETRIC_REPRESENTATION_CONTEXT() REPRESENTATION_CONTEXT('2D SPACE',''
  ) );
#829 = PCURVE('',#790,#830);
#830 = DEFINITIONAL_REPRESENTATION('',(#831),#835);
#831 = LINE('',#832,#833);
#832 = CARTESIAN_POINT('',(0.,-0.));
#833 = VECTOR('',#834,1.);
#834 = DIRECTION('',(0.,1.));
#835 = ( GEOMETRIC_REPRESENTATION_CONTEXT(2) 
PARAMETRIC_REPRESENTATION_CONTEXT() REPRESENTATION_CONTEXT('2D SPACE',''
  ) );
#836 = ORIENTED_EDGE('',*,*,#837,.T.);
#837 = EDGE_CURVE('',#815,#815,#838,.T.);
#838 = SURFACE_CURVE('',#839,(#844,#851),.PCURVE_S1.);
#839 = CIRCLE('',#840,1.9);
#840 = AXIS2_PLACEMENT_3D('',#841,#842,#843);
#841 = CARTESIAN_POINT('',(172.70356586536,87.758702864084,
    -39.07269190055));
#842 = DIRECTION('',(-1.,0.,-1.224646799147E-16));
#843 = DIRECTION('',(1.224646799147E-16,0.,-1.));
#844 = PCURVE('',#790,#845);
#845 = DEFINITIONAL_REPRESENTATION('',(#846),#850);
#846 = LINE('',#847,#848);
#847 = CARTESIAN_POINT('',(0.,0.));
#848 = VECTOR('',#849,1.);
#849 = DIRECTION('',(1.,0.));
#850 = ( GEOMETRIC_REPRESENTATION_CONTEXT(2) 
PARAMETRIC_REPRESENTATION_CONTEXT() REPRESENTATION_CONTEXT('2D SPACE',''
  ) );
#851 = PCURVE('',#852,#857);
#852 = PLANE('',#853);
#853 = AXIS2_PLACEMENT_3D('',#854,#855,#856);
#854 = CARTESIAN_POINT('',(172.70356586536,87.758702864084,
    -39.07269190055));
#855 = DIRECTION('',(-1.,0.,-1.224646799147E-16));
#856 = DIRECTION('',(1.224646799147E-16,0.,-1.));
#857 = DEFINITIONAL_REPRESENTATION('',(#858),#862);
#858 = CIRCLE('',#859,1.9);
#859 = AXIS2_PLACEMENT_2D('',#860,#861);
#860 = CARTESIAN_POINT('',(0.,0.));
#861 = DIRECTION('',(1.,0.));
#862 = ( GEOMETRIC_REPRESENTATION_CONTEXT(2) 
PARAMETRIC_REPRESENTATION_CONTEXT() REPRESENTATION_CONTEXT('2D SPACE',''
  ) );
#863 = ORIENTED_EDGE('',*,*,#814,.T.);
#864 = ADVANCED_FACE('',(#865,#868),#802,.T.);
#865 = FACE_BOUND('',#866,.T.);
#866 = EDGE_LOOP('',(#867));
#867 = ORIENTED_EDGE('',*,*,#780,.T.);
#868 = FACE_BOUND('',#869,.T.);
#869 = EDGE_LOOP('',(#870,#900,#928,#956,#984,#1012));
#870 = ORIENTED_EDGE('',*,*,#871,.T.);
#871 = EDGE_CURVE('',#872,#874,#876,.T.);
#872 = VERTEX_POINT('',#873);
#873 = CARTESIAN_POINT('',(170.70356586536,87.325690162192,
    -39.82269190055));
#874 = VERTEX_POINT('',#875);
#875 = CARTESIAN_POINT('',(170.70356586536,88.191715565976,
    -39.82269190055));
#876 = SURFACE_CURVE('',#877,(#881,#888),.PCURVE_S1.);
#877 = LINE('',#878,#879);
#878 = CARTESIAN_POINT('',(170.70356586536,87.97520921503,
    -39.82269190055));
#879 = VECTOR('',#880,1.);
#880 = DIRECTION('',(-1.569966732506E-32,1.,1.281975124256E-16));
#881 = PCURVE('',#802,#882);
#882 = DEFINITIONAL_REPRESENTATION('',(#883),#887);
#883 = LINE('',#884,#885);
#884 = CARTESIAN_POINT('',(0.75,-0.216506350946));
#885 = VECTOR('',#886,1.);
#886 = DIRECTION('',(-1.281975124256E-16,-1.));
#887 = ( GEOMETRIC_REPRESENTATION_CONTEXT(2) 
PARAMETRIC_REPRESENTATION_CONTEXT() REPRESENTATION_CONTEXT('2D SPACE',''
  ) );
#888 = PCURVE('',#889,#894);
#889 = PLANE('',#890);
#890 = AXIS2_PLACEMENT_3D('',#891,#892,#893);
#891 = CARTESIAN_POINT('',(171.90356586536,88.191715565976,
    -39.82269190055));
#892 = DIRECTION('',(-1.224646799147E-16,-1.281975124256E-16,1.));
#893 = DIRECTION('',(1.569966732506E-32,-1.,-1.281975124256E-16));
#894 = DEFINITIONAL_REPRESENTATION('',(#895),#899);
#895 = LINE('',#896,#897);
#896 = CARTESIAN_POINT('',(0.216506350946,-1.2));
#897 = VECTOR('',#898,1.);
#898 = DIRECTION('',(-1.,0.));
#899 = ( GEOMETRIC_REPRESENTATION_CONTEXT(2) 
PARAMETRIC_REPRESENTATION_CONTEXT() REPRESENTATION_CONTEXT('2D SPACE',''
  ) );
#900 = ORIENTED_EDGE('',*,*,#901,.T.);
#901 = EDGE_CURVE('',#874,#902,#904,.T.);
#902 = VERTEX_POINT('',#903);
#903 = CARTESIAN_POINT('',(170.70356586536,88.624728267868,
    -39.07269190055));
#904 = SURFACE_CURVE('',#905,(#909,#916),.PCURVE_S1.);
#905 = LINE('',#906,#907);
#906 = CARTESIAN_POINT('',(170.70356586536,88.516475092395,
    -39.26019190055));
#907 = VECTOR('',#908,1.);
#908 = DIRECTION('',(-1.060575238725E-16,0.5,0.866025403784));
#909 = PCURVE('',#802,#910);
#910 = DEFINITIONAL_REPRESENTATION('',(#911),#915);
#911 = LINE('',#912,#913);
#912 = CARTESIAN_POINT('',(0.1875,-0.757772228311));
#913 = VECTOR('',#914,1.);
#914 = DIRECTION('',(-0.866025403784,-0.5));
#915 = ( GEOMETRIC_REPRESENTATION_CONTEXT(2) 
PARAMETRIC_REPRESENTATION_CONTEXT() REPRESENTATION_CONTEXT('2D SPACE',''
  ) );
#916 = PCURVE('',#917,#922);
#917 = PLANE('',#918);
#918 = AXIS2_PLACEMENT_3D('',#919,#920,#921);
#919 = CARTESIAN_POINT('',(171.90356586536,88.624728267868,
    -39.07269190055));
#920 = DIRECTION('',(-6.123233995737E-17,-0.866025403784,0.5));
#921 = DIRECTION('',(1.060575238725E-16,-0.5,-0.866025403784));
#922 = DEFINITIONAL_REPRESENTATION('',(#923),#927);
#923 = LINE('',#924,#925);
#924 = CARTESIAN_POINT('',(0.216506350946,-1.2));
#925 = VECTOR('',#926,1.);
#926 = DIRECTION('',(-1.,0.));
#927 = ( GEOMETRIC_REPRESENTATION_CONTEXT(2) 
PARAMETRIC_REPRESENTATION_CONTEXT() REPRESENTATION_CONTEXT('2D SPACE',''
  ) );
#928 = ORIENTED_EDGE('',*,*,#929,.T.);
#929 = EDGE_CURVE('',#902,#930,#932,.T.);
#930 = VERTEX_POINT('',#931);
#931 = CARTESIAN_POINT('',(170.70356586536,88.191715565976,
    -38.32269190055));
#932 = SURFACE_CURVE('',#933,(#937,#944),.PCURVE_S1.);
#933 = LINE('',#934,#935);
#934 = CARTESIAN_POINT('',(170.70356586536,88.299968741449,
    -38.51019190055));
#935 = VECTOR('',#936,1.);
#936 = DIRECTION('',(-1.060575238725E-16,-0.5,0.866025403784));
#937 = PCURVE('',#802,#938);
#938 = DEFINITIONAL_REPRESENTATION('',(#939),#943);
#939 = LINE('',#940,#941);
#940 = CARTESIAN_POINT('',(-0.5625,-0.541265877365));
#941 = VECTOR('',#942,1.);
#942 = DIRECTION('',(-0.866025403784,0.5));
#943 = ( GEOMETRIC_REPRESENTATION_CONTEXT(2) 
PARAMETRIC_REPRESENTATION_CONTEXT() REPRESENTATION_CONTEXT('2D SPACE',''
  ) );
#944 = PCURVE('',#945,#950);
#945 = PLANE('',#946);
#946 = AXIS2_PLACEMENT_3D('',#947,#948,#949);
#947 = CARTESIAN_POINT('',(171.90356586536,88.191715565976,
    -38.32269190055));
#948 = DIRECTION('',(6.123233995737E-17,-0.866025403784,-0.5));
#949 = DIRECTION('',(1.060575238725E-16,0.5,-0.866025403784));
#950 = DEFINITIONAL_REPRESENTATION('',(#951),#955);
#951 = LINE('',#952,#953);
#952 = CARTESIAN_POINT('',(0.216506350946,-1.2));
#953 = VECTOR('',#954,1.);
#954 = DIRECTION('',(-1.,0.));
#955 = ( GEOMETRIC_REPRESENTATION_CONTEXT(2) 
PARAMETRIC_REPRESENTATION_CONTEXT() REPRESENTATION_CONTEXT('2D SPACE',''
  ) );
#956 = ORIENTED_EDGE('',*,*,#957,.T.);
#957 = EDGE_CURVE('',#930,#958,#960,.T.);
#958 = VERTEX_POINT('',#959);
#959 = CARTESIAN_POINT('',(170.70356586536,87.325690162192,
    -38.32269190055));
#960 = SURFACE_CURVE('',#961,(#965,#972),.PCURVE_S1.);
#961 = LINE('',#962,#963);
#962 = CARTESIAN_POINT('',(170.70356586536,87.542196513138,
    -38.32269190055));
#963 = VECTOR('',#964,1.);
#964 = DIRECTION('',(7.849833662531E-32,-1.,-6.409875621279E-16));
#965 = PCURVE('',#802,#966);
#966 = DEFINITIONAL_REPRESENTATION('',(#967),#971);
#967 = LINE('',#968,#969);
#968 = CARTESIAN_POINT('',(-0.75,0.216506350946));
#969 = VECTOR('',#970,1.);
#970 = DIRECTION('',(6.409875621279E-16,1.));
#971 = ( GEOMETRIC_REPRESENTATION_CONTEXT(2) 
PARAMETRIC_REPRESENTATION_CONTEXT() REPRESENTATION_CONTEXT('2D SPACE',''
  ) );
#972 = PCURVE('',#973,#978);
#973 = PLANE('',#974);
#974 = AXIS2_PLACEMENT_3D('',#975,#976,#977);
#975 = CARTESIAN_POINT('',(171.90356586536,87.325690162192,
    -38.32269190055));
#976 = DIRECTION('',(1.224646799147E-16,6.409875621279E-16,-1.));
#977 = DIRECTION('',(-7.849833662531E-32,1.,6.409875621279E-16));
#978 = DEFINITIONAL_REPRESENTATION('',(#979),#983);
#979 = LINE('',#980,#981);
#980 = CARTESIAN_POINT('',(0.216506350946,-1.2));
#981 = VECTOR('',#982,1.);
#982 = DIRECTION('',(-1.,0.));
#983 = ( GEOMETRIC_REPRESENTATION_CONTEXT(2) 
PARAMETRIC_REPRESENTATION_CONTEXT() REPRESENTATION_CONTEXT('2D SPACE',''
  ) );
#984 = ORIENTED_EDGE('',*,*,#985,.T.);
#985 = EDGE_CURVE('',#958,#986,#988,.T.);
#986 = VERTEX_POINT('',#987);
#987 = CARTESIAN_POINT('',(170.70356586536,86.892677460299,
    -39.07269190055));
#988 = SURFACE_CURVE('',#989,(#993,#1000),.PCURVE_S1.);
#989 = LINE('',#990,#991);
#990 = CARTESIAN_POINT('',(170.70356586536,87.000930635772,
    -38.88519190055));
#991 = VECTOR('',#992,1.);
#992 = DIRECTION('',(1.060575238725E-16,-0.5,-0.866025403784));
#993 = PCURVE('',#802,#994);
#994 = DEFINITIONAL_REPRESENTATION('',(#995),#999);
#995 = LINE('',#996,#997);
#996 = CARTESIAN_POINT('',(-0.1875,0.757772228311));
#997 = VECTOR('',#998,1.);
#998 = DIRECTION('',(0.866025403784,0.5));
#999 = ( GEOMETRIC_REPRESENTATION_CONTEXT(2) 
PARAMETRIC_REPRESENTATION_CONTEXT() REPRESENTATION_CONTEXT('2D SPACE',''
  ) );
#1000 = PCURVE('',#1001,#1006);
#1001 = PLANE('',#1002);
#1002 = AXIS2_PLACEMENT_3D('',#1003,#1004,#1005);
#1003 = CARTESIAN_POINT('',(171.90356586536,86.892677460299,
    -39.07269190055));
#1004 = DIRECTION('',(6.123233995737E-17,0.866025403784,-0.5));
#1005 = DIRECTION('',(-1.060575238725E-16,0.5,0.866025403784));
#1006 = DEFINITIONAL_REPRESENTATION('',(#1007),#1011);
#1007 = LINE('',#1008,#1009);
#1008 = CARTESIAN_POINT('',(0.216506350946,-1.2));
#1009 = VECTOR('',#1010,1.);
#1010 = DIRECTION('',(-1.,0.));
#1011 = ( GEOMETRIC_REPRESENTATION_CONTEXT(2) 
PARAMETRIC_REPRESENTATION_CONTEXT() REPRESENTATION_CONTEXT('2D SPACE',''
  ) );
#1012 = ORIENTED_EDGE('',*,*,#1013,.T.);
#1013 = EDGE_CURVE('',#986,#872,#1014,.T.);
#1014 = SURFACE_CURVE('',#1015,(#1019,#1026),.PCURVE_S1.);
#1015 = LINE('',#1016,#1017);
#1016 = CARTESIAN_POINT('',(170.70356586536,87.217436986719,
    -39.63519190055));
#1017 = VECTOR('',#1018,1.);
#1018 = DIRECTION('',(1.060575238725E-16,0.5,-0.866025403784));
#1019 = PCURVE('',#802,#1020);
#1020 = DEFINITIONAL_REPRESENTATION('',(#1021),#1025);
#1021 = LINE('',#1022,#1023);
#1022 = CARTESIAN_POINT('',(0.5625,0.541265877365));
#1023 = VECTOR('',#1024,1.);
#1024 = DIRECTION('',(0.866025403784,-0.5));
#1025 = ( GEOMETRIC_REPRESENTATION_CONTEXT(2) 
PARAMETRIC_REPRESENTATION_CONTEXT() REPRESENTATION_CONTEXT('2D SPACE',''
  ) );
#1026 = PCURVE('',#1027,#1032);
#1027 = PLANE('',#1028);
#1028 = AXIS2_PLACEMENT_3D('',#1029,#1030,#1031);
#1029 = CARTESIAN_POINT('',(171.90356586536,87.325690162192,
    -39.82269190055));
#1030 = DIRECTION('',(-6.123233995737E-17,0.866025403784,0.5));
#1031 = DIRECTION('',(-1.060575238725E-16,-0.5,0.866025403784));
#1032 = DEFINITIONAL_REPRESENTATION('',(#1033),#1037);
#1033 = LINE('',#1034,#1035);
#1034 = CARTESIAN_POINT('',(0.216506350946,-1.2));
#1035 = VECTOR('',#1036,1.);
#1036 = DIRECTION('',(-1.,0.));
#1037 = ( GEOMETRIC_REPRESENTATION_CONTEXT(2) 
PARAMETRIC_REPRESENTATION_CONTEXT() REPRESENTATION_CONTEXT('2D SPACE',''
  ) );
#1038 = ADVANCED_FACE('',(#1039,#1042),#852,.F.);
#1039 = FACE_BOUND('',#1040,.F.);
#1040 = EDGE_LOOP('',(#1041));
#1041 = ORIENTED_EDGE('',*,*,#837,.T.);
#1042 = FACE_BOUND('',#1043,.F.);
#1043 = EDGE_LOOP('',(#1044));
#1044 = ORIENTED_EDGE('',*,*,#1045,.F.);
#1045 = EDGE_CURVE('',#1046,#1046,#1048,.T.);
#1046 = VERTEX_POINT('',#1047);
#1047 = CARTESIAN_POINT('',(172.70356586536,87.758702864084,
    -40.07269190055));
#1048 = SURFACE_CURVE('',#1049,(#1054,#1061),.PCURVE_S1.);
#1049 = CIRCLE('',#1050,1.);
#1050 = AXIS2_PLACEMENT_3D('',#1051,#1052,#1053);
#1051 = CARTESIAN_POINT('',(172.70356586536,87.758702864084,
    -39.07269190055));
#1052 = DIRECTION('',(-1.,0.,-1.224646799147E-16));
#1053 = DIRECTION('',(1.224646799147E-16,0.,-1.));
#1054 = PCURVE('',#852,#1055);
#1055 = DEFINITIONAL_REPRESENTATION('',(#1056),#1060);
#1056 = CIRCLE('',#1057,1.);
#1057 = AXIS2_PLACEMENT_2D('',#1058,#1059);
#1058 = CARTESIAN_POINT('',(0.,0.));
#1059 = DIRECTION('',(1.,0.));
#1060 = ( GEOMETRIC_REPRESENTATION_CONTEXT(2) 
PARAMETRIC_REPRESENTATION_CONTEXT() REPRESENTATION_CONTEXT('2D SPACE',''
  ) );
#1061 = PCURVE('',#1062,#1067);
#1062 = CYLINDRICAL_SURFACE('',#1063,1.);
#1063 = AXIS2_PLACEMENT_3D('',#1064,#1065,#1066);
#1064 = CARTESIAN_POINT('',(180.70356586536,87.758702864084,
    -39.07269190055));
#1065 = DIRECTION('',(-1.,0.,-1.224646799147E-16));
#1066 = DIRECTION('',(1.224646799147E-16,0.,-1.));
#1067 = DEFINITIONAL_REPRESENTATION('',(#1068),#1072);
#1068 = LINE('',#1069,#1070);
#1069 = CARTESIAN_POINT('',(0.,8.));
#1070 = VECTOR('',#1071,1.);
#1071 = DIRECTION('',(1.,0.));
#1072 = ( GEOMETRIC_REPRESENTATION_CONTEXT(2) 
PARAMETRIC_REPRESENTATION_CONTEXT() REPRESENTATION_CONTEXT('2D SPACE',''
  ) );
#1073 = ADVANCED_FACE('',(#1074),#889,.T.);
#1074 = FACE_BOUND('',#1075,.T.);
#1075 = EDGE_LOOP('',(#1076,#1106,#1127,#1128));
#1076 = ORIENTED_EDGE('',*,*,#1077,.F.);
#1077 = EDGE_CURVE('',#1078,#1080,#1082,.T.);
#1078 = VERTEX_POINT('',#1079);
#1079 = CARTESIAN_POINT('',(171.90356586536,88.191715565976,
    -39.82269190055));
#1080 = VERTEX_POINT('',#1081);
#1081 = CARTESIAN_POINT('',(171.90356586536,87.325690162192,
    -39.82269190055));
#1082 = SURFACE_CURVE('',#1083,(#1087,#1094),.PCURVE_S1.);
#1083 = LINE('',#1084,#1085);
#1084 = CARTESIAN_POINT('',(171.90356586536,88.191715565976,
    -39.82269190055));
#1085 = VECTOR('',#1086,1.);
#1086 = DIRECTION('',(1.569966732506E-32,-1.,-1.281975124256E-16));
#1087 = PCURVE('',#889,#1088);
#1088 = DEFINITIONAL_REPRESENTATION('',(#1089),#1093);
#1089 = LINE('',#1090,#1091);
#1090 = CARTESIAN_POINT('',(0.,0.));
#1091 = VECTOR('',#1092,1.);
#1092 = DIRECTION('',(1.,0.));
#1093 = ( GEOMETRIC_REPRESENTATION_CONTEXT(2) 
PARAMETRIC_REPRESENTATION_CONTEXT() REPRESENTATION_CONTEXT('2D SPACE',''
  ) );
#1094 = PCURVE('',#1095,#1100);
#1095 = PLANE('',#1096);
#1096 = AXIS2_PLACEMENT_3D('',#1097,#1098,#1099);
#1097 = CARTESIAN_POINT('',(171.90356586536,87.758702864084,
    -39.07269190055));
#1098 = DIRECTION('',(-1.,0.,-1.224646799147E-16));
#1099 = DIRECTION('',(1.224646799147E-16,0.,-1.));
#1100 = DEFINITIONAL_REPRESENTATION('',(#1101),#1105);
#1101 = LINE('',#1102,#1103);
#1102 = CARTESIAN_POINT('',(0.75,-0.433012701892));
#1103 = VECTOR('',#1104,1.);
#1104 = DIRECTION('',(1.281975124256E-16,1.));
#1105 = ( GEOMETRIC_REPRESENTATION_CONTEXT(2) 
PARAMETRIC_REPRESENTATION_CONTEXT() REPRESENTATION_CONTEXT('2D SPACE',''
  ) );
#1106 = ORIENTED_EDGE('',*,*,#1107,.T.);
#1107 = EDGE_CURVE('',#1078,#874,#1108,.T.);
#1108 = SURFACE_CURVE('',#1109,(#1113,#1120),.PCURVE_S1.);
#1109 = LINE('',#1110,#1111);
#1110 = CARTESIAN_POINT('',(171.90356586536,88.191715565976,
    -39.82269190055));
#1111 = VECTOR('',#1112,1.);
#1112 = DIRECTION('',(-1.,0.,-1.224646799147E-16));
#1113 = PCURVE('',#889,#1114);
#1114 = DEFINITIONAL_REPRESENTATION('',(#1115),#1119);
#1115 = LINE('',#1116,#1117);
#1116 = CARTESIAN_POINT('',(0.,0.));
#1117 = VECTOR('',#1118,1.);
#1118 = DIRECTION('',(0.,-1.));
#1119 = ( GEOMETRIC_REPRESENTATION_CONTEXT(2) 
PARAMETRIC_REPRESENTATION_CONTEXT() REPRESENTATION_CONTEXT('2D SPACE',''
  ) );
#1120 = PCURVE('',#917,#1121);
#1121 = DEFINITIONAL_REPRESENTATION('',(#1122),#1126);
#1122 = LINE('',#1123,#1124);
#1123 = CARTESIAN_POINT('',(0.866025403784,-9.184850993605E-17));
#1124 = VECTOR('',#1125,1.);
#1125 = DIRECTION('',(0.,-1.));
#1126 = ( GEOMETRIC_REPRESENTATION_CONTEXT(2) 
PARAMETRIC_REPRESENTATION_CONTEXT() REPRESENTATION_CONTEXT('2D SPACE',''
  ) );
#1127 = ORIENTED_EDGE('',*,*,#871,.F.);
#1128 = ORIENTED_EDGE('',*,*,#1129,.F.);
#1129 = EDGE_CURVE('',#1080,#872,#1130,.T.);
#1130 = SURFACE_CURVE('',#1131,(#1135,#1142),.PCURVE_S1.);
#1131 = LINE('',#1132,#1133);
#1132 = CARTESIAN_POINT('',(171.90356586536,87.325690162192,
    -39.82269190055));
#1133 = VECTOR('',#1134,1.);
#1134 = DIRECTION('',(-1.,0.,-1.224646799147E-16));
#1135 = PCURVE('',#889,#1136);
#1136 = DEFINITIONAL_REPRESENTATION('',(#1137),#1141);
#1137 = LINE('',#1138,#1139);
#1138 = CARTESIAN_POINT('',(0.866025403784,0.));
#1139 = VECTOR('',#1140,1.);
#1140 = DIRECTION('',(0.,-1.));
#1141 = ( GEOMETRIC_REPRESENTATION_CONTEXT(2) 
PARAMETRIC_REPRESENTATION_CONTEXT() REPRESENTATION_CONTEXT('2D SPACE',''
  ) );
#1142 = PCURVE('',#1027,#1143);
#1143 = DEFINITIONAL_REPRESENTATION('',(#1144),#1148);
#1144 = LINE('',#1145,#1146);
#1145 = CARTESIAN_POINT('',(0.,0.));
#1146 = VECTOR('',#1147,1.);
#1147 = DIRECTION('',(0.,-1.));
#1148 = ( GEOMETRIC_REPRESENTATION_CONTEXT(2) 
PARAMETRIC_REPRESENTATION_CONTEXT() REPRESENTATION_CONTEXT('2D SPACE',''
  ) );
#1149 = ADVANCED_FACE('',(#1150),#1027,.T.);
#1150 = FACE_BOUND('',#1151,.T.);
#1151 = EDGE_LOOP('',(#1152,#1175,#1176,#1177));
#1152 = ORIENTED_EDGE('',*,*,#1153,.F.);
#1153 = EDGE_CURVE('',#1080,#1154,#1156,.T.);
#1154 = VERTEX_POINT('',#1155);
#1155 = CARTESIAN_POINT('',(171.90356586536,86.892677460299,
    -39.07269190055));
#1156 = SURFACE_CURVE('',#1157,(#1161,#1168),.PCURVE_S1.);
#1157 = LINE('',#1158,#1159);
#1158 = CARTESIAN_POINT('',(171.90356586536,87.325690162192,
    -39.82269190055));
#1159 = VECTOR('',#1160,1.);
#1160 = DIRECTION('',(-1.060575238725E-16,-0.5,0.866025403784));
#1161 = PCURVE('',#1027,#1162);
#1162 = DEFINITIONAL_REPRESENTATION('',(#1163),#1167);
#1163 = LINE('',#1164,#1165);
#1164 = CARTESIAN_POINT('',(0.,0.));
#1165 = VECTOR('',#1166,1.);
#1166 = DIRECTION('',(1.,0.));
#1167 = ( GEOMETRIC_REPRESENTATION_CONTEXT(2) 
PARAMETRIC_REPRESENTATION_CONTEXT() REPRESENTATION_CONTEXT('2D SPACE',''
  ) );
#1168 = PCURVE('',#1095,#1169);
#1169 = DEFINITIONAL_REPRESENTATION('',(#1170),#1174);
#1170 = LINE('',#1171,#1172);
#1171 = CARTESIAN_POINT('',(0.75,0.433012701892));
#1172 = VECTOR('',#1173,1.);
#1173 = DIRECTION('',(-0.866025403784,0.5));
#1174 = ( GEOMETRIC_REPRESENTATION_CONTEXT(2) 
PARAMETRIC_REPRESENTATION_CONTEXT() REPRESENTATION_CONTEXT('2D SPACE',''
  ) );
#1175 = ORIENTED_EDGE('',*,*,#1129,.T.);
#1176 = ORIENTED_EDGE('',*,*,#1013,.F.);
#1177 = ORIENTED_EDGE('',*,*,#1178,.F.);
#1178 = EDGE_CURVE('',#1154,#986,#1179,.T.);
#1179 = SURFACE_CURVE('',#1180,(#1184,#1191),.PCURVE_S1.);
#1180 = LINE('',#1181,#1182);
#1181 = CARTESIAN_POINT('',(171.90356586536,86.892677460299,
    -39.07269190055));
#1182 = VECTOR('',#1183,1.);
#1183 = DIRECTION('',(-1.,0.,-1.224646799147E-16));
#1184 = PCURVE('',#1027,#1185);
#1185 = DEFINITIONAL_REPRESENTATION('',(#1186),#1190);
#1186 = LINE('',#1187,#1188);
#1187 = CARTESIAN_POINT('',(0.866025403784,9.184850993605E-17));
#1188 = VECTOR('',#1189,1.);
#1189 = DIRECTION('',(0.,-1.));
#1190 = ( GEOMETRIC_REPRESENTATION_CONTEXT(2) 
PARAMETRIC_REPRESENTATION_CONTEXT() REPRESENTATION_CONTEXT('2D SPACE',''
  ) );
#1191 = PCURVE('',#1001,#1192);
#1192 = DEFINITIONAL_REPRESENTATION('',(#1193),#1197);
#1193 = LINE('',#1194,#1195);
#1194 = CARTESIAN_POINT('',(0.,0.));
#1195 = VECTOR('',#1196,1.);
#1196 = DIRECTION('',(0.,-1.));
#1197 = ( GEOMETRIC_REPRESENTATION_CONTEXT(2) 
PARAMETRIC_REPRESENTATION_CONTEXT() REPRESENTATION_CONTEXT('2D SPACE',''
  ) );
#1198 = ADVANCED_FACE('',(#1199),#1001,.T.);
#1199 = FACE_BOUND('',#1200,.T.);
#1200 = EDGE_LOOP('',(#1201,#1224,#1225,#1226));
#1201 = ORIENTED_EDGE('',*,*,#1202,.F.);
#1202 = EDGE_CURVE('',#1154,#1203,#1205,.T.);
#1203 = VERTEX_POINT('',#1204);
#1204 = CARTESIAN_POINT('',(171.90356586536,87.325690162192,
    -38.32269190055));
#1205 = SURFACE_CURVE('',#1206,(#1210,#1217),.PCURVE_S1.);
#1206 = LINE('',#1207,#1208);
#1207 = CARTESIAN_POINT('',(171.90356586536,86.892677460299,
    -39.07269190055));
#1208 = VECTOR('',#1209,1.);
#1209 = DIRECTION('',(-1.060575238725E-16,0.5,0.866025403784));
#1210 = PCURVE('',#1001,#1211);
#1211 = DEFINITIONAL_REPRESENTATION('',(#1212),#1216);
#1212 = LINE('',#1213,#1214);
#1213 = CARTESIAN_POINT('',(0.,0.));
#1214 = VECTOR('',#1215,1.);
#1215 = DIRECTION('',(1.,0.));
#1216 = ( GEOMETRIC_REPRESENTATION_CONTEXT(2) 
PARAMETRIC_REPRESENTATION_CONTEXT() REPRESENTATION_CONTEXT('2D SPACE',''
  ) );
#1217 = PCURVE('',#1095,#1218);
#1218 = DEFINITIONAL_REPRESENTATION('',(#1219),#1223);
#1219 = LINE('',#1220,#1221);
#1220 = CARTESIAN_POINT('',(0.,0.866025403784));
#1221 = VECTOR('',#1222,1.);
#1222 = DIRECTION('',(-0.866025403784,-0.5));
#1223 = ( GEOMETRIC_REPRESENTATION_CONTEXT(2) 
PARAMETRIC_REPRESENTATION_CONTEXT() REPRESENTATION_CONTEXT('2D SPACE',''
  ) );
#1224 = ORIENTED_EDGE('',*,*,#1178,.T.);
#1225 = ORIENTED_EDGE('',*,*,#985,.F.);
#1226 = ORIENTED_EDGE('',*,*,#1227,.F.);
#1227 = EDGE_CURVE('',#1203,#958,#1228,.T.);
#1228 = SURFACE_CURVE('',#1229,(#1233,#1240),.PCURVE_S1.);
#1229 = LINE('',#1230,#1231);
#1230 = CARTESIAN_POINT('',(171.90356586536,87.325690162192,
    -38.32269190055));
#1231 = VECTOR('',#1232,1.);
#1232 = DIRECTION('',(-1.,0.,-1.224646799147E-16));
#1233 = PCURVE('',#1001,#1234);
#1234 = DEFINITIONAL_REPRESENTATION('',(#1235),#1239);
#1235 = LINE('',#1236,#1237);
#1236 = CARTESIAN_POINT('',(0.866025403784,9.184850993605E-17));
#1237 = VECTOR('',#1238,1.);
#1238 = DIRECTION('',(0.,-1.));
#1239 = ( GEOMETRIC_REPRESENTATION_CONTEXT(2) 
PARAMETRIC_REPRESENTATION_CONTEXT() REPRESENTATION_CONTEXT('2D SPACE',''
  ) );
#1240 = PCURVE('',#973,#1241);
#1241 = DEFINITIONAL_REPRESENTATION('',(#1242),#1246);
#1242 = LINE('',#1243,#1244);
#1243 = CARTESIAN_POINT('',(0.,0.));
#1244 = VECTOR('',#1245,1.);
#1245 = DIRECTION('',(0.,-1.));
#1246 = ( GEOMETRIC_REPRESENTATION_CONTEXT(2) 
PARAMETRIC_REPRESENTATION_CONTEXT() REPRESENTATION_CONTEXT('2D SPACE',''
  ) );
#1247 = ADVANCED_FACE('',(#1248),#973,.T.);
#1248 = FACE_BOUND('',#1249,.T.);
#1249 = EDGE_LOOP('',(#1250,#1273,#1274,#1275));
#1250 = ORIENTED_EDGE('',*,*,#1251,.F.);
#1251 = EDGE_CURVE('',#1203,#1252,#1254,.T.);
#1252 = VERTEX_POINT('',#1253);
#1253 = CARTESIAN_POINT('',(171.90356586536,88.191715565976,
    -38.32269190055));
#1254 = SURFACE_CURVE('',#1255,(#1259,#1266),.PCURVE_S1.);
#1255 = LINE('',#1256,#1257);
#1256 = CARTESIAN_POINT('',(171.90356586536,87.325690162192,
    -38.32269190055));
#1257 = VECTOR('',#1258,1.);
#1258 = DIRECTION('',(-7.849833662531E-32,1.,6.409875621279E-16));
#1259 = PCURVE('',#973,#1260);
#1260 = DEFINITIONAL_REPRESENTATION('',(#1261),#1265);
#1261 = LINE('',#1262,#1263);
#1262 = CARTESIAN_POINT('',(0.,0.));
#1263 = VECTOR('',#1264,1.);
#1264 = DIRECTION('',(1.,0.));
#1265 = ( GEOMETRIC_REPRESENTATION_CONTEXT(2) 
PARAMETRIC_REPRESENTATION_CONTEXT() REPRESENTATION_CONTEXT('2D SPACE',''
  ) );
#1266 = PCURVE('',#1095,#1267);
#1267 = DEFINITIONAL_REPRESENTATION('',(#1268),#1272);
#1268 = LINE('',#1269,#1270);
#1269 = CARTESIAN_POINT('',(-0.75,0.433012701892));
#1270 = VECTOR('',#1271,1.);
#1271 = DIRECTION('',(-6.409875621279E-16,-1.));
#1272 = ( GEOMETRIC_REPRESENTATION_CONTEXT(2) 
PARAMETRIC_REPRESENTATION_CONTEXT() REPRESENTATION_CONTEXT('2D SPACE',''
  ) );
#1273 = ORIENTED_EDGE('',*,*,#1227,.T.);
#1274 = ORIENTED_EDGE('',*,*,#957,.F.);
#1275 = ORIENTED_EDGE('',*,*,#1276,.F.);
#1276 = EDGE_CURVE('',#1252,#930,#1277,.T.);
#1277 = SURFACE_CURVE('',#1278,(#1282,#1289),.PCURVE_S1.);
#1278 = LINE('',#1279,#1280);
#1279 = CARTESIAN_POINT('',(171.90356586536,88.191715565976,
    -38.32269190055));
#1280 = VECTOR('',#1281,1.);
#1281 = DIRECTION('',(-1.,0.,-1.224646799147E-16));
#1282 = PCURVE('',#973,#1283);
#1283 = DEFINITIONAL_REPRESENTATION('',(#1284),#1288);
#1284 = LINE('',#1285,#1286);
#1285 = CARTESIAN_POINT('',(0.866025403784,0.));
#1286 = VECTOR('',#1287,1.);
#1287 = DIRECTION('',(0.,-1.));
#1288 = ( GEOMETRIC_REPRESENTATION_CONTEXT(2) 
PARAMETRIC_REPRESENTATION_CONTEXT() REPRESENTATION_CONTEXT('2D SPACE',''
  ) );
#1289 = PCURVE('',#945,#1290);
#1290 = DEFINITIONAL_REPRESENTATION('',(#1291),#1295);
#1291 = LINE('',#1292,#1293);
#1292 = CARTESIAN_POINT('',(0.,0.));
#1293 = VECTOR('',#1294,1.);
#1294 = DIRECTION('',(0.,-1.));
#1295 = ( GEOMETRIC_REPRESENTATION_CONTEXT(2) 
PARAMETRIC_REPRESENTATION_CONTEXT() REPRESENTATION_CONTEXT('2D SPACE',''
  ) );
#1296 = ADVANCED_FACE('',(#1297),#945,.T.);
#1297 = FACE_BOUND('',#1298,.T.);
#1298 = EDGE_LOOP('',(#1299,#1322,#1323,#1324));
#1299 = ORIENTED_EDGE('',*,*,#1300,.F.);
#1300 = EDGE_CURVE('',#1252,#1301,#1303,.T.);
#1301 = VERTEX_POINT('',#1302);
#1302 = CARTESIAN_POINT('',(171.90356586536,88.624728267868,
    -39.07269190055));
#1303 = SURFACE_CURVE('',#1304,(#1308,#1315),.PCURVE_S1.);
#1304 = LINE('',#1305,#1306);
#1305 = CARTESIAN_POINT('',(171.90356586536,88.191715565976,
    -38.32269190055));
#1306 = VECTOR('',#1307,1.);
#1307 = DIRECTION('',(1.060575238725E-16,0.5,-0.866025403784));
#1308 = PCURVE('',#945,#1309);
#1309 = DEFINITIONAL_REPRESENTATION('',(#1310),#1314);
#1310 = LINE('',#1311,#1312);
#1311 = CARTESIAN_POINT('',(0.,0.));
#1312 = VECTOR('',#1313,1.);
#1313 = DIRECTION('',(1.,0.));
#1314 = ( GEOMETRIC_REPRESENTATION_CONTEXT(2) 
PARAMETRIC_REPRESENTATION_CONTEXT() REPRESENTATION_CONTEXT('2D SPACE',''
  ) );
#1315 = PCURVE('',#1095,#1316);
#1316 = DEFINITIONAL_REPRESENTATION('',(#1317),#1321);
#1317 = LINE('',#1318,#1319);
#1318 = CARTESIAN_POINT('',(-0.75,-0.433012701892));
#1319 = VECTOR('',#1320,1.);
#1320 = DIRECTION('',(0.866025403784,-0.5));
#1321 = ( GEOMETRIC_REPRESENTATION_CONTEXT(2) 
PARAMETRIC_REPRESENTATION_CONTEXT() REPRESENTATION_CONTEXT('2D SPACE',''
  ) );
#1322 = ORIENTED_EDGE('',*,*,#1276,.T.);
#1323 = ORIENTED_EDGE('',*,*,#929,.F.);
#1324 = ORIENTED_EDGE('',*,*,#1325,.F.);
#1325 = EDGE_CURVE('',#1301,#902,#1326,.T.);
#1326 = SURFACE_CURVE('',#1327,(#1331,#1338),.PCURVE_S1.);
#1327 = LINE('',#1328,#1329);
#1328 = CARTESIAN_POINT('',(171.90356586536,88.624728267868,
    -39.07269190055));
#1329 = VECTOR('',#1330,1.);
#1330 = DIRECTION('',(-1.,0.,-1.224646799147E-16));
#1331 = PCURVE('',#945,#1332);
#1332 = DEFINITIONAL_REPRESENTATION('',(#1333),#1337);
#1333 = LINE('',#1334,#1335);
#1334 = CARTESIAN_POINT('',(0.866025403784,-9.184850993605E-17));
#1335 = VECTOR('',#1336,1.);
#1336 = DIRECTION('',(0.,-1.));
#1337 = ( GEOMETRIC_REPRESENTATION_CONTEXT(2) 
PARAMETRIC_REPRESENTATION_CONTEXT() REPRESENTATION_CONTEXT('2D SPACE',''
  ) );
#1338 = PCURVE('',#917,#1339);
#1339 = DEFINITIONAL_REPRESENTATION('',(#1340),#1344);
#1340 = LINE('',#1341,#1342);
#1341 = CARTESIAN_POINT('',(0.,0.));
#1342 = VECTOR('',#1343,1.);
#1343 = DIRECTION('',(0.,-1.));
#1344 = ( GEOMETRIC_REPRESENTATION_CONTEXT(2) 
PARAMETRIC_REPRESENTATION_CONTEXT() REPRESENTATION_CONTEXT('2D SPACE',''
  ) );
#1345 = ADVANCED_FACE('',(#1346),#917,.T.);
#1346 = FACE_BOUND('',#1347,.T.);
#1347 = EDGE_LOOP('',(#1348,#1369,#1370,#1371));
#1348 = ORIENTED_EDGE('',*,*,#1349,.F.);
#1349 = EDGE_CURVE('',#1301,#1078,#1350,.T.);
#1350 = SURFACE_CURVE('',#1351,(#1355,#1362),.PCURVE_S1.);
#1351 = LINE('',#1352,#1353);
#1352 = CARTESIAN_POINT('',(171.90356586536,88.624728267868,
    -39.07269190055));
#1353 = VECTOR('',#1354,1.);
#1354 = DIRECTION('',(1.060575238725E-16,-0.5,-0.866025403784));
#1355 = PCURVE('',#917,#1356);
#1356 = DEFINITIONAL_REPRESENTATION('',(#1357),#1361);
#1357 = LINE('',#1358,#1359);
#1358 = CARTESIAN_POINT('',(0.,0.));
#1359 = VECTOR('',#1360,1.);
#1360 = DIRECTION('',(1.,0.));
#1361 = ( GEOMETRIC_REPRESENTATION_CONTEXT(2) 
PARAMETRIC_REPRESENTATION_CONTEXT() REPRESENTATION_CONTEXT('2D SPACE',''
  ) );
#1362 = PCURVE('',#1095,#1363);
#1363 = DEFINITIONAL_REPRESENTATION('',(#1364),#1368);
#1364 = LINE('',#1365,#1366);
#1365 = CARTESIAN_POINT('',(0.,-0.866025403784));
#1366 = VECTOR('',#1367,1.);
#1367 = DIRECTION('',(0.866025403784,0.5));
#1368 = ( GEOMETRIC_REPRESENTATION_CONTEXT(2) 
PARAMETRIC_REPRESENTATION_CONTEXT() REPRESENTATION_CONTEXT('2D SPACE',''
  ) );
#1369 = ORIENTED_EDGE('',*,*,#1325,.T.);
#1370 = ORIENTED_EDGE('',*,*,#901,.F.);
#1371 = ORIENTED_EDGE('',*,*,#1107,.F.);
#1372 = ADVANCED_FACE('',(#1373),#1062,.T.);
#1373 = FACE_BOUND('',#1374,.T.);
#1374 = EDGE_LOOP('',(#1375,#1376,#1399,#1426));
#1375 = ORIENTED_EDGE('',*,*,#1045,.F.);
#1376 = ORIENTED_EDGE('',*,*,#1377,.F.);
#1377 = EDGE_CURVE('',#1378,#1046,#1380,.T.);
#1378 = VERTEX_POINT('',#1379);
#1379 = CARTESIAN_POINT('',(180.70356586536,87.758702864084,
    -40.07269190055));
#1380 = SEAM_CURVE('',#1381,(#1385,#1392),.PCURVE_S1.);
#1381 = LINE('',#1382,#1383);
#1382 = CARTESIAN_POINT('',(180.70356586536,87.758702864084,
    -40.07269190055));
#1383 = VECTOR('',#1384,1.);
#1384 = DIRECTION('',(-1.,0.,-1.224646799147E-16));
#1385 = PCURVE('',#1062,#1386);
#1386 = DEFINITIONAL_REPRESENTATION('',(#1387),#1391);
#1387 = LINE('',#1388,#1389);
#1388 = CARTESIAN_POINT('',(6.28318530718,-0.));
#1389 = VECTOR('',#1390,1.);
#1390 = DIRECTION('',(0.,1.));
#1391 = ( GEOMETRIC_REPRESENTATION_CONTEXT(2) 
PARAMETRIC_REPRESENTATION_CONTEXT() REPRESENTATION_CONTEXT('2D SPACE',''
  ) );
#1392 = PCURVE('',#1062,#1393);
#1393 = DEFINITIONAL_REPRESENTATION('',(#1394),#1398);
#1394 = LINE('',#1395,#1396);
#1395 = CARTESIAN_POINT('',(0.,-0.));
#1396 = VECTOR('',#1397,1.);
#1397 = DIRECTION('',(0.,1.));
#1398 = ( GEOMETRIC_REPRESENTATION_CONTEXT(2) 
PARAMETRIC_REPRESENTATION_CONTEXT() REPRESENTATION_CONTEXT('2D SPACE',''
  ) );
#1399 = ORIENTED_EDGE('',*,*,#1400,.T.);
#1400 = EDGE_CURVE('',#1378,#1378,#1401,.T.);
#1401 = SURFACE_CURVE('',#1402,(#1407,#1414),.PCURVE_S1.);
#1402 = CIRCLE('',#1403,1.);
#1403 = AXIS2_PLACEMENT_3D('',#1404,#1405,#1406);
#1404 = CARTESIAN_POINT('',(180.70356586536,87.758702864084,
    -39.07269190055));
#1405 = DIRECTION('',(-1.,0.,-1.224646799147E-16));
#1406 = DIRECTION('',(1.224646799147E-16,0.,-1.));
#1407 = PCURVE('',#1062,#1408);
#1408 = DEFINITIONAL_REPRESENTATION('',(#1409),#1413);
#1409 = LINE('',#1410,#1411);
#1410 = CARTESIAN_POINT('',(0.,0.));
#1411 = VECTOR('',#1412,1.);
#1412 = DIRECTION('',(1.,0.));
#1413 = ( GEOMETRIC_REPRESENTATION_CONTEXT(2) 
PARAMETRIC_REPRESENTATION_CONTEXT() REPRESENTATION_CONTEXT('2D SPACE',''
  ) );
#1414 = PCURVE('',#1415,#1420);
#1415 = PLANE('',#1416);
#1416 = AXIS2_PLACEMENT_3D('',#1417,#1418,#1419);
#1417 = CARTESIAN_POINT('',(180.70356586536,87.758702864084,
    -39.07269190055));
#1418 = DIRECTION('',(-1.,0.,-1.224646799147E-16));
#1419 = DIRECTION('',(1.224646799147E-16,0.,-1.));
#1420 = DEFINITIONAL_REPRESENTATION('',(#1421),#1425);
#1421 = CIRCLE('',#1422,1.);
#1422 = AXIS2_PLACEMENT_2D('',#1423,#1424);
#1423 = CARTESIAN_POINT('',(0.,0.));
#1424 = DIRECTION('',(1.,0.));
#1425 = ( GEOMETRIC_REPRESENTATION_CONTEXT(2) 
PARAMETRIC_REPRESENTATION_CONTEXT() REPRESENTATION_CONTEXT('2D SPACE',''
  ) );
#1426 = ORIENTED_EDGE('',*,*,#1377,.T.);
#1427 = ADVANCED_FACE('',(#1428),#1095,.T.);
#1428 = FACE_BOUND('',#1429,.T.);
#1429 = EDGE_LOOP('',(#1430,#1431,#1432,#1433,#1434,#1435));
#1430 = ORIENTED_EDGE('',*,*,#1349,.T.);
#1431 = ORIENTED_EDGE('',*,*,#1077,.T.);
#1432 = ORIENTED_EDGE('',*,*,#1153,.T.);
#1433 = ORIENTED_EDGE('',*,*,#1202,.T.);
#1434 = ORIENTED_EDGE('',*,*,#1251,.T.);
#1435 = ORIENTED_EDGE('',*,*,#1300,.T.);
#1436 = ADVANCED_FACE('',(#1437),#1415,.F.);
#1437 = FACE_BOUND('',#1438,.T.);
#1438 = EDGE_LOOP('',(#1439));
#1439 = ORIENTED_EDGE('',*,*,#1400,.F.);
#1440 = ( GEOMETRIC_REPRESENTATION_CONTEXT(3) 
GLOBAL_UNCERTAINTY_ASSIGNED_CONTEXT((#1444)) 
GLOBAL_UNIT_ASSIGNED_CONTEXT((#1441,#1442,#1443)) REPRESENTATION_CONTEXT
('Context #1','3D Context with UNIT and UNCERTAINTY') );
#1441 = ( LENGTH_UNIT() NAMED_UNIT(*) SI_UNIT(.MILLI.,.METRE.) );
#1442 = ( NAMED_UNIT(*) PLANE_ANGLE_UNIT() SI_UNIT($,.RADIAN.) );
#1443 = ( NAMED_UNIT(*) SI_UNIT($,.STERADIAN.) SOLID_ANGLE_UNIT() );
#1444 = UNCERTAINTY_MEASURE_WITH_UNIT(LENGTH_MEASURE(1.E-07),#1441,
  'distance_accuracy_value','confusion accuracy');
#1445 = CONTEXT_DEPENDENT_SHAPE_REPRESENTATION(#1446,#1448);
#1446 = ( REPRESENTATION_RELATIONSHIP('','',#773,#10) 
REPRESENTATION_RELATIONSHIP_WITH_TRANSFORMATION(#1447) 
SHAPE_REPRESENTATION_RELATIONSHIP() );
#1447 = ITEM_DEFINED_TRANSFORMATION('','',#11,#19);
#1448 = PRODUCT_DEFINITION_SHAPE('Placement','Placement of an item',
  #1449);
#1449 = NEXT_ASSEMBLY_USAGE_OCCURRENCE('50','','',#5,#768,$);
#1450 = PRODUCT_RELATED_PRODUCT_CATEGORY('part',$,(#770));
#1451 = SHAPE_DEFINITION_REPRESENTATION(#1452,#1458);
#1452 = PRODUCT_DEFINITION_SHAPE('','',#1453);
#1453 = PRODUCT_DEFINITION('design','',#1454,#1457);
#1454 = PRODUCT_DEFINITION_FORMATION('','',#1455);
#1455 = PRODUCT('Open CASCADE STEP translator 7.9 10.3',
  'Open CASCADE STEP translator 7.9 10.3','',(#1456));
#1456 = PRODUCT_CONTEXT('',#2,'mechanical');
#1457 = PRODUCT_DEFINITION_CONTEXT('part definition',#2,'design');
#1458 = ADVANCED_BREP_SHAPE_REPRESENTATION('',(#11,#1459),#2125);
#1459 = MANIFOLD_SOLID_BREP('',#1460);
#1460 = CLOSED_SHELL('',(#1461,#1549,#1723,#1758,#1834,#1883,#1932,#1981
    ,#2030,#2057,#2112,#2121));
#1461 = ADVANCED_FACE('',(#1462),#1475,.T.);
#1462 = FACE_BOUND('',#1463,.T.);
#1463 = EDGE_LOOP('',(#1464,#1498,#1521,#1548));
#1464 = ORIENTED_EDGE('',*,*,#1465,.F.);
#1465 = EDGE_CURVE('',#1466,#1466,#1468,.T.);
#1466 = VERTEX_POINT('',#1467);
#1467 = CARTESIAN_POINT('',(170.70356586536,64.279268830522,
    -73.28936040724));
#1468 = SURFACE_CURVE('',#1469,(#1474,#1486),.PCURVE_S1.);
#1469 = CIRCLE('',#1470,1.9);
#1470 = AXIS2_PLACEMENT_3D('',#1471,#1472,#1473);
#1471 = CARTESIAN_POINT('',(170.70356586536,64.279268830522,
    -71.38936040724));
#1472 = DIRECTION('',(-1.,0.,-1.224646799147E-16));
#1473 = DIRECTION('',(1.224646799147E-16,0.,-1.));
#1474 = PCURVE('',#1475,#1480);
#1475 = CYLINDRICAL_SURFACE('',#1476,1.9);
#1476 = AXIS2_PLACEMENT_3D('',#1477,#1478,#1479);
#1477 = CARTESIAN_POINT('',(172.70356586536,64.279268830522,
    -71.38936040724));
#1478 = DIRECTION('',(-1.,0.,-1.224646799147E-16));
#1479 = DIRECTION('',(1.224646799147E-16,0.,-1.));
#1480 = DEFINITIONAL_REPRESENTATION('',(#1481),#1485);
#1481 = LINE('',#1482,#1483);
#1482 = CARTESIAN_POINT('',(0.,2.));
#1483 = VECTOR('',#1484,1.);
#1484 = DIRECTION('',(1.,0.));
#1485 = ( GEOMETRIC_REPRESENTATION_CONTEXT(2) 
PARAMETRIC_REPRESENTATION_CONTEXT() REPRESENTATION_CONTEXT('2D SPACE',''
  ) );
#1486 = PCURVE('',#1487,#1492);
#1487 = PLANE('',#1488);
#1488 = AXIS2_PLACEMENT_3D('',#1489,#1490,#1491);
#1489 = CARTESIAN_POINT('',(170.70356586536,64.279268830522,
    -71.38936040724));
#1490 = DIRECTION('',(-1.,0.,-1.224646799147E-16));
#1491 = DIRECTION('',(1.224646799147E-16,0.,-1.));
#1492 = DEFINITIONAL_REPRESENTATION('',(#1493),#1497);
#1493 = CIRCLE('',#1494,1.9);
#1494 = AXIS2_PLACEMENT_2D('',#1495,#1496);
#1495 = CARTESIAN_POINT('',(0.,0.));
#1496 = DIRECTION('',(1.,0.));
#1497 = ( GEOMETRIC_REPRESENTATION_CONTEXT(2) 
PARAMETRIC_REPRESENTATION_CONTEXT() REPRESENTATION_CONTEXT('2D SPACE',''
  ) );
#1498 = ORIENTED_EDGE('',*,*,#1499,.F.);
#1499 = EDGE_CURVE('',#1500,#1466,#1502,.T.);
#1500 = VERTEX_POINT('',#1501);
#1501 = CARTESIAN_POINT('',(172.70356586536,64.279268830522,
    -73.28936040724));
#1502 = SEAM_CURVE('',#1503,(#1507,#1514),.PCURVE_S1.);
#1503 = LINE('',#1504,#1505);
#1504 = CARTESIAN_POINT('',(172.70356586536,64.279268830522,
    -73.28936040724));
#1505 = VECTOR('',#1506,1.);
#1506 = DIRECTION('',(-1.,0.,-1.224646799147E-16));
#1507 = PCURVE('',#1475,#1508);
#1508 = DEFINITIONAL_REPRESENTATION('',(#1509),#1513);
#1509 = LINE('',#1510,#1511);
#1510 = CARTESIAN_POINT('',(6.28318530718,-0.));
#1511 = VECTOR('',#1512,1.);
#1512 = DIRECTION('',(0.,1.));
#1513 = ( GEOMETRIC_REPRESENTATION_CONTEXT(2) 
PARAMETRIC_REPRESENTATION_CONTEXT() REPRESENTATION_CONTEXT('2D SPACE',''
  ) );
#1514 = PCURVE('',#1475,#1515);
#1515 = DEFINITIONAL_REPRESENTATION('',(#1516),#1520);
#1516 = LINE('',#1517,#1518);
#1517 = CARTESIAN_POINT('',(0.,-0.));
#1518 = VECTOR('',#1519,1.);
#1519 = DIRECTION('',(0.,1.));
#1520 = ( GEOMETRIC_REPRESENTATION_CONTEXT(2) 
PARAMETRIC_REPRESENTATION_CONTEXT() REPRESENTATION_CONTEXT('2D SPACE',''
  ) );
#1521 = ORIENTED_EDGE('',*,*,#1522,.T.);
#1522 = EDGE_CURVE('',#1500,#1500,#1523,.T.);
#1523 = SURFACE_CURVE('',#1524,(#1529,#1536),.PCURVE_S1.);
#1524 = CIRCLE('',#1525,1.9);
#1525 = AXIS2_PLACEMENT_3D('',#1526,#1527,#1528);
#1526 = CARTESIAN_POINT('',(172.70356586536,64.279268830522,
    -71.38936040724));
#1527 = DIRECTION('',(-1.,0.,-1.224646799147E-16));
#1528 = DIRECTION('',(1.224646799147E-16,0.,-1.));
#1529 = PCURVE('',#1475,#1530);
#1530 = DEFINITIONAL_REPRESENTATION('',(#1531),#1535);
#1531 = LINE('',#1532,#1533);
#1532 = CARTESIAN_POINT('',(0.,0.));
#1533 = VECTOR('',#1534,1.);
#1534 = DIRECTION('',(1.,0.));
#1535 = ( GEOMETRIC_REPRESENTATION_CONTEXT(2) 
PARAMETRIC_REPRESENTATION_CONTEXT() REPRESENTATION_CONTEXT('2D SPACE',''
  ) );
#1536 = PCURVE('',#1537,#1542);
#1537 = PLANE('',#1538);
#1538 = AXIS2_PLACEMENT_3D('',#1539,#1540,#1541);
#1539 = CARTESIAN_POINT('',(172.70356586536,64.279268830522,
    -71.38936040724));
#1540 = DIRECTION('',(-1.,0.,-1.224646799147E-16));
#1541 = DIRECTION('',(1.224646799147E-16,0.,-1.));
#1542 = DEFINITIONAL_REPRESENTATION('',(#1543),#1547);
#1543 = CIRCLE('',#1544,1.9);
#1544 = AXIS2_PLACEMENT_2D('',#1545,#1546);
#1545 = CARTESIAN_POINT('',(0.,0.));
#1546 = DIRECTION('',(1.,0.));
#1547 = ( GEOMETRIC_REPRESENTATION_CONTEXT(2) 
PARAMETRIC_REPRESENTATION_CONTEXT() REPRESENTATION_CONTEXT('2D SPACE',''
  ) );
#1548 = ORIENTED_EDGE('',*,*,#1499,.T.);
#1549 = ADVANCED_FACE('',(#1550,#1553),#1487,.T.);
#1550 = FACE_BOUND('',#1551,.T.);
#1551 = EDGE_LOOP('',(#1552));
#1552 = ORIENTED_EDGE('',*,*,#1465,.T.);
#1553 = FACE_BOUND('',#1554,.T.);
#1554 = EDGE_LOOP('',(#1555,#1585,#1613,#1641,#1669,#1697));
#1555 = ORIENTED_EDGE('',*,*,#1556,.T.);
#1556 = EDGE_CURVE('',#1557,#1559,#1561,.T.);
#1557 = VERTEX_POINT('',#1558);
#1558 = CARTESIAN_POINT('',(170.70356586536,63.84625612863,
    -72.13936040724));
#1559 = VERTEX_POINT('',#1560);
#1560 = CARTESIAN_POINT('',(170.70356586536,64.712281532415,
    -72.13936040724));
#1561 = SURFACE_CURVE('',#1562,(#1566,#1573),.PCURVE_S1.);
#1562 = LINE('',#1563,#1564);
#1563 = CARTESIAN_POINT('',(170.70356586536,64.495775181468,
    -72.13936040724));
#1564 = VECTOR('',#1565,1.);
#1565 = DIRECTION('',(-1.569966732506E-32,1.,1.281975124256E-16));
#1566 = PCURVE('',#1487,#1567);
#1567 = DEFINITIONAL_REPRESENTATION('',(#1568),#1572);
#1568 = LINE('',#1569,#1570);
#1569 = CARTESIAN_POINT('',(0.75,-0.216506350946));
#1570 = VECTOR('',#1571,1.);
#1571 = DIRECTION('',(-1.281975124256E-16,-1.));
#1572 = ( GEOMETRIC_REPRESENTATION_CONTEXT(2) 
PARAMETRIC_REPRESENTATION_CONTEXT() REPRESENTATION_CONTEXT('2D SPACE',''
  ) );
#1573 = PCURVE('',#1574,#1579);
#1574 = PLANE('',#1575);
#1575 = AXIS2_PLACEMENT_3D('',#1576,#1577,#1578);
#1576 = CARTESIAN_POINT('',(171.90356586536,64.712281532415,
    -72.13936040724));
#1577 = DIRECTION('',(-1.224646799147E-16,-1.281975124256E-16,1.));
#1578 = DIRECTION('',(1.569966732506E-32,-1.,-1.281975124256E-16));
#1579 = DEFINITIONAL_REPRESENTATION('',(#1580),#1584);
#1580 = LINE('',#1581,#1582);
#1581 = CARTESIAN_POINT('',(0.216506350946,-1.2));
#1582 = VECTOR('',#1583,1.);
#1583 = DIRECTION('',(-1.,0.));
#1584 = ( GEOMETRIC_REPRESENTATION_CONTEXT(2) 
PARAMETRIC_REPRESENTATION_CONTEXT() REPRESENTATION_CONTEXT('2D SPACE',''
  ) );
#1585 = ORIENTED_EDGE('',*,*,#1586,.T.);
#1586 = EDGE_CURVE('',#1559,#1587,#1589,.T.);
#1587 = VERTEX_POINT('',#1588);
#1588 = CARTESIAN_POINT('',(170.70356586536,65.145294234307,
    -71.38936040724));
#1589 = SURFACE_CURVE('',#1590,(#1594,#1601),.PCURVE_S1.);
#1590 = LINE('',#1591,#1592);
#1591 = CARTESIAN_POINT('',(170.70356586536,65.037041058834,
    -71.57686040724));
#1592 = VECTOR('',#1593,1.);
#1593 = DIRECTION('',(-1.060575238725E-16,0.5,0.866025403784));
#1594 = PCURVE('',#1487,#1595);
#1595 = DEFINITIONAL_REPRESENTATION('',(#1596),#1600);
#1596 = LINE('',#1597,#1598);
#1597 = CARTESIAN_POINT('',(0.1875,-0.757772228311));
#1598 = VECTOR('',#1599,1.);
#1599 = DIRECTION('',(-0.866025403784,-0.5));
#1600 = ( GEOMETRIC_REPRESENTATION_CONTEXT(2) 
PARAMETRIC_REPRESENTATION_CONTEXT() REPRESENTATION_CONTEXT('2D SPACE',''
  ) );
#1601 = PCURVE('',#1602,#1607);
#1602 = PLANE('',#1603);
#1603 = AXIS2_PLACEMENT_3D('',#1604,#1605,#1606);
#1604 = CARTESIAN_POINT('',(171.90356586536,65.145294234307,
    -71.38936040724));
#1605 = DIRECTION('',(-6.123233995737E-17,-0.866025403784,0.5));
#1606 = DIRECTION('',(1.060575238725E-16,-0.5,-0.866025403784));
#1607 = DEFINITIONAL_REPRESENTATION('',(#1608),#1612);
#1608 = LINE('',#1609,#1610);
#1609 = CARTESIAN_POINT('',(0.216506350946,-1.2));
#1610 = VECTOR('',#1611,1.);
#1611 = DIRECTION('',(-1.,0.));
#1612 = ( GEOMETRIC_REPRESENTATION_CONTEXT(2) 
PARAMETRIC_REPRESENTATION_CONTEXT() REPRESENTATION_CONTEXT('2D SPACE',''
  ) );
#1613 = ORIENTED_EDGE('',*,*,#1614,.T.);
#1614 = EDGE_CURVE('',#1587,#1615,#1617,.T.);
#1615 = VERTEX_POINT('',#1616);
#1616 = CARTESIAN_POINT('',(170.70356586536,64.712281532415,
    -70.63936040724));
#1617 = SURFACE_CURVE('',#1618,(#1622,#1629),.PCURVE_S1.);
#1618 = LINE('',#1619,#1620);
#1619 = CARTESIAN_POINT('',(170.70356586536,64.820534707888,
    -70.82686040724));
#1620 = VECTOR('',#1621,1.);
#1621 = DIRECTION('',(-1.060575238725E-16,-0.5,0.866025403784));
#1622 = PCURVE('',#1487,#1623);
#1623 = DEFINITIONAL_REPRESENTATION('',(#1624),#1628);
#1624 = LINE('',#1625,#1626);
#1625 = CARTESIAN_POINT('',(-0.5625,-0.541265877365));
#1626 = VECTOR('',#1627,1.);
#1627 = DIRECTION('',(-0.866025403784,0.5));
#1628 = ( GEOMETRIC_REPRESENTATION_CONTEXT(2) 
PARAMETRIC_REPRESENTATION_CONTEXT() REPRESENTATION_CONTEXT('2D SPACE',''
  ) );
#1629 = PCURVE('',#1630,#1635);
#1630 = PLANE('',#1631);
#1631 = AXIS2_PLACEMENT_3D('',#1632,#1633,#1634);
#1632 = CARTESIAN_POINT('',(171.90356586536,64.712281532415,
    -70.63936040724));
#1633 = DIRECTION('',(6.123233995737E-17,-0.866025403784,-0.5));
#1634 = DIRECTION('',(1.060575238725E-16,0.5,-0.866025403784));
#1635 = DEFINITIONAL_REPRESENTATION('',(#1636),#1640);
#1636 = LINE('',#1637,#1638);
#1637 = CARTESIAN_POINT('',(0.216506350946,-1.2));
#1638 = VECTOR('',#1639,1.);
#1639 = DIRECTION('',(-1.,0.));
#1640 = ( GEOMETRIC_REPRESENTATION_CONTEXT(2) 
PARAMETRIC_REPRESENTATION_CONTEXT() REPRESENTATION_CONTEXT('2D SPACE',''
  ) );
#1641 = ORIENTED_EDGE('',*,*,#1642,.T.);
#1642 = EDGE_CURVE('',#1615,#1643,#1645,.T.);
#1643 = VERTEX_POINT('',#1644);
#1644 = CARTESIAN_POINT('',(170.70356586536,63.84625612863,
    -70.63936040724));
#1645 = SURFACE_CURVE('',#1646,(#1650,#1657),.PCURVE_S1.);
#1646 = LINE('',#1647,#1648);
#1647 = CARTESIAN_POINT('',(170.70356586536,64.062762479576,
    -70.63936040724));
#1648 = VECTOR('',#1649,1.);
#1649 = DIRECTION('',(7.849833662531E-32,-1.,-6.409875621279E-16));
#1650 = PCURVE('',#1487,#1651);
#1651 = DEFINITIONAL_REPRESENTATION('',(#1652),#1656);
#1652 = LINE('',#1653,#1654);
#1653 = CARTESIAN_POINT('',(-0.75,0.216506350946));
#1654 = VECTOR('',#1655,1.);
#1655 = DIRECTION('',(6.409875621279E-16,1.));
#1656 = ( GEOMETRIC_REPRESENTATION_CONTEXT(2) 
PARAMETRIC_REPRESENTATION_CONTEXT() REPRESENTATION_CONTEXT('2D SPACE',''
  ) );
#1657 = PCURVE('',#1658,#1663);
#1658 = PLANE('',#1659);
#1659 = AXIS2_PLACEMENT_3D('',#1660,#1661,#1662);
#1660 = CARTESIAN_POINT('',(171.90356586536,63.84625612863,
    -70.63936040724));
#1661 = DIRECTION('',(1.224646799147E-16,6.409875621279E-16,-1.));
#1662 = DIRECTION('',(-7.849833662531E-32,1.,6.409875621279E-16));
#1663 = DEFINITIONAL_REPRESENTATION('',(#1664),#1668);
#1664 = LINE('',#1665,#1666);
#1665 = CARTESIAN_POINT('',(0.216506350946,-1.2));
#1666 = VECTOR('',#1667,1.);
#1667 = DIRECTION('',(-1.,0.));
#1668 = ( GEOMETRIC_REPRESENTATION_CONTEXT(2) 
PARAMETRIC_REPRESENTATION_CONTEXT() REPRESENTATION_CONTEXT('2D SPACE',''
  ) );
#1669 = ORIENTED_EDGE('',*,*,#1670,.T.);
#1670 = EDGE_CURVE('',#1643,#1671,#1673,.T.);
#1671 = VERTEX_POINT('',#1672);
#1672 = CARTESIAN_POINT('',(170.70356586536,63.413243426738,
    -71.38936040724));
#1673 = SURFACE_CURVE('',#1674,(#1678,#1685),.PCURVE_S1.);
#1674 = LINE('',#1675,#1676);
#1675 = CARTESIAN_POINT('',(170.70356586536,63.521496602211,
    -71.20186040724));
#1676 = VECTOR('',#1677,1.);
#1677 = DIRECTION('',(1.060575238725E-16,-0.5,-0.866025403784));
#1678 = PCURVE('',#1487,#1679);
#1679 = DEFINITIONAL_REPRESENTATION('',(#1680),#1684);
#1680 = LINE('',#1681,#1682);
#1681 = CARTESIAN_POINT('',(-0.1875,0.757772228311));
#1682 = VECTOR('',#1683,1.);
#1683 = DIRECTION('',(0.866025403784,0.5));
#1684 = ( GEOMETRIC_REPRESENTATION_CONTEXT(2) 
PARAMETRIC_REPRESENTATION_CONTEXT() REPRESENTATION_CONTEXT('2D SPACE',''
  ) );
#1685 = PCURVE('',#1686,#1691);
#1686 = PLANE('',#1687);
#1687 = AXIS2_PLACEMENT_3D('',#1688,#1689,#1690);
#1688 = CARTESIAN_POINT('',(171.90356586536,63.413243426738,
    -71.38936040724));
#1689 = DIRECTION('',(6.123233995737E-17,0.866025403784,-0.5));
#1690 = DIRECTION('',(-1.060575238725E-16,0.5,0.866025403784));
#1691 = DEFINITIONAL_REPRESENTATION('',(#1692),#1696);
#1692 = LINE('',#1693,#1694);
#1693 = CARTESIAN_POINT('',(0.216506350946,-1.2));
#1694 = VECTOR('',#1695,1.);
#1695 = DIRECTION('',(-1.,0.));
#1696 = ( GEOMETRIC_REPRESENTATION_CONTEXT(2) 
PARAMETRIC_REPRESENTATION_CONTEXT() REPRESENTATION_CONTEXT('2D SPACE',''
  ) );
#1697 = ORIENTED_EDGE('',*,*,#1698,.T.);
#1698 = EDGE_CURVE('',#1671,#1557,#1699,.T.);
#1699 = SURFACE_CURVE('',#1700,(#1704,#1711),.PCURVE_S1.);
#1700 = LINE('',#1701,#1702);
#1701 = CARTESIAN_POINT('',(170.70356586536,63.738002953157,
    -71.95186040724));
#1702 = VECTOR('',#1703,1.);
#1703 = DIRECTION('',(1.060575238725E-16,0.5,-0.866025403784));
#1704 = PCURVE('',#1487,#1705);
#1705 = DEFINITIONAL_REPRESENTATION('',(#1706),#1710);
#1706 = LINE('',#1707,#1708);
#1707 = CARTESIAN_POINT('',(0.5625,0.541265877365));
#1708 = VECTOR('',#1709,1.);
#1709 = DIRECTION('',(0.866025403784,-0.5));
#1710 = ( GEOMETRIC_REPRESENTATION_CONTEXT(2) 
PARAMETRIC_REPRESENTATION_CONTEXT() REPRESENTATION_CONTEXT('2D SPACE',''
  ) );
#1711 = PCURVE('',#1712,#1717);
#1712 = PLANE('',#1713);
#1713 = AXIS2_PLACEMENT_3D('',#1714,#1715,#1716);
#1714 = CARTESIAN_POINT('',(171.90356586536,63.84625612863,
    -72.13936040724));
#1715 = DIRECTION('',(-6.123233995737E-17,0.866025403784,0.5));
#1716 = DIRECTION('',(-1.060575238725E-16,-0.5,0.866025403784));
#1717 = DEFINITIONAL_REPRESENTATION('',(#1718),#1722);
#1718 = LINE('',#1719,#1720);
#1719 = CARTESIAN_POINT('',(0.216506350946,-1.2));
#1720 = VECTOR('',#1721,1.);
#1721 = DIRECTION('',(-1.,0.));
#1722 = ( GEOMETRIC_REPRESENTATION_CONTEXT(2) 
PARAMETRIC_REPRESENTATION_CONTEXT() REPRESENTATION_CONTEXT('2D SPACE',''
  ) );
#1723 = ADVANCED_FACE('',(#1724,#1727),#1537,.F.);
#1724 = FACE_BOUND('',#1725,.F.);
#1725 = EDGE_LOOP('',(#1726));
#1726 = ORIENTED_EDGE('',*,*,#1522,.T.);
#1727 = FACE_BOUND('',#1728,.F.);
#1728 = EDGE_LOOP('',(#1729));
#1729 = ORIENTED_EDGE('',*,*,#1730,.F.);
#1730 = EDGE_CURVE('',#1731,#1731,#1733,.T.);
#1731 = VERTEX_POINT('',#1732);
#1732 = CARTESIAN_POINT('',(172.70356586536,64.279268830522,
    -72.38936040724));
#1733 = SURFACE_CURVE('',#1734,(#1739,#1746),.PCURVE_S1.);
#1734 = CIRCLE('',#1735,1.);
#1735 = AXIS2_PLACEMENT_3D('',#1736,#1737,#1738);
#1736 = CARTESIAN_POINT('',(172.70356586536,64.279268830522,
    -71.38936040724));
#1737 = DIRECTION('',(-1.,0.,-1.224646799147E-16));
#1738 = DIRECTION('',(1.224646799147E-16,0.,-1.));
#1739 = PCURVE('',#1537,#1740);
#1740 = DEFINITIONAL_REPRESENTATION('',(#1741),#1745);
#1741 = CIRCLE('',#1742,1.);
#1742 = AXIS2_PLACEMENT_2D('',#1743,#1744);
#1743 = CARTESIAN_POINT('',(0.,0.));
#1744 = DIRECTION('',(1.,0.));
#1745 = ( GEOMETRIC_REPRESENTATION_CONTEXT(2) 
PARAMETRIC_REPRESENTATION_CONTEXT() REPRESENTATION_CONTEXT('2D SPACE',''
  ) );
#1746 = PCURVE('',#1747,#1752);
#1747 = CYLINDRICAL_SURFACE('',#1748,1.);
#1748 = AXIS2_PLACEMENT_3D('',#1749,#1750,#1751);
#1749 = CARTESIAN_POINT('',(180.70356586536,64.279268830522,
    -71.38936040724));
#1750 = DIRECTION('',(-1.,0.,-1.224646799147E-16));
#1751 = DIRECTION('',(1.224646799147E-16,0.,-1.));
#1752 = DEFINITIONAL_REPRESENTATION('',(#1753),#1757);
#1753 = LINE('',#1754,#1755);
#1754 = CARTESIAN_POINT('',(0.,8.));
#1755 = VECTOR('',#1756,1.);
#1756 = DIRECTION('',(1.,0.));
#1757 = ( GEOMETRIC_REPRESENTATION_CONTEXT(2) 
PARAMETRIC_REPRESENTATION_CONTEXT() REPRESENTATION_CONTEXT('2D SPACE',''
  ) );
#1758 = ADVANCED_FACE('',(#1759),#1574,.T.);
#1759 = FACE_BOUND('',#1760,.T.);
#1760 = EDGE_LOOP('',(#1761,#1791,#1812,#1813));
#1761 = ORIENTED_EDGE('',*,*,#1762,.F.);
#1762 = EDGE_CURVE('',#1763,#1765,#1767,.T.);
#1763 = VERTEX_POINT('',#1764);
#1764 = CARTESIAN_POINT('',(171.90356586536,64.712281532415,
    -72.13936040724));
#1765 = VERTEX_POINT('',#1766);
#1766 = CARTESIAN_POINT('',(171.90356586536,63.84625612863,
    -72.13936040724));
#1767 = SURFACE_CURVE('',#1768,(#1772,#1779),.PCURVE_S1.);
#1768 = LINE('',#1769,#1770);
#1769 = CARTESIAN_POINT('',(171.90356586536,64.712281532415,
    -72.13936040724));
#1770 = VECTOR('',#1771,1.);
#1771 = DIRECTION('',(1.569966732506E-32,-1.,-1.281975124256E-16));
#1772 = PCURVE('',#1574,#1773);
#1773 = DEFINITIONAL_REPRESENTATION('',(#1774),#1778);
#1774 = LINE('',#1775,#1776);
#1775 = CARTESIAN_POINT('',(0.,0.));
#1776 = VECTOR('',#1777,1.);
#1777 = DIRECTION('',(1.,0.));
#1778 = ( GEOMETRIC_REPRESENTATION_CONTEXT(2) 
PARAMETRIC_REPRESENTATION_CONTEXT() REPRESENTATION_CONTEXT('2D SPACE',''
  ) );
#1779 = PCURVE('',#1780,#1785);
#1780 = PLANE('',#1781);
#1781 = AXIS2_PLACEMENT_3D('',#1782,#1783,#1784);
#1782 = CARTESIAN_POINT('',(171.90356586536,64.279268830522,
    -71.38936040724));
#1783 = DIRECTION('',(-1.,0.,-1.224646799147E-16));
#1784 = DIRECTION('',(1.224646799147E-16,0.,-1.));
#1785 = DEFINITIONAL_REPRESENTATION('',(#1786),#1790);
#1786 = LINE('',#1787,#1788);
#1787 = CARTESIAN_POINT('',(0.75,-0.433012701892));
#1788 = VECTOR('',#1789,1.);
#1789 = DIRECTION('',(1.281975124256E-16,1.));
#1790 = ( GEOMETRIC_REPRESENTATION_CONTEXT(2) 
PARAMETRIC_REPRESENTATION_CONTEXT() REPRESENTATION_CONTEXT('2D SPACE',''
  ) );
#1791 = ORIENTED_EDGE('',*,*,#1792,.T.);
#1792 = EDGE_CURVE('',#1763,#1559,#1793,.T.);
#1793 = SURFACE_CURVE('',#1794,(#1798,#1805),.PCURVE_S1.);
#1794 = LINE('',#1795,#1796);
#1795 = CARTESIAN_POINT('',(171.90356586536,64.712281532415,
    -72.13936040724));
#1796 = VECTOR('',#1797,1.);
#1797 = DIRECTION('',(-1.,0.,-1.224646799147E-16));
#1798 = PCURVE('',#1574,#1799);
#1799 = DEFINITIONAL_REPRESENTATION('',(#1800),#1804);
#1800 = LINE('',#1801,#1802);
#1801 = CARTESIAN_POINT('',(0.,0.));
#1802 = VECTOR('',#1803,1.);
#1803 = DIRECTION('',(0.,-1.));
#1804 = ( GEOMETRIC_REPRESENTATION_CONTEXT(2) 
PARAMETRIC_REPRESENTATION_CONTEXT() REPRESENTATION_CONTEXT('2D SPACE',''
  ) );
#1805 = PCURVE('',#1602,#1806);
#1806 = DEFINITIONAL_REPRESENTATION('',(#1807),#1811);
#1807 = LINE('',#1808,#1809);
#1808 = CARTESIAN_POINT('',(0.866025403784,-9.184850993605E-17));
#1809 = VECTOR('',#1810,1.);
#1810 = DIRECTION('',(0.,-1.));
#1811 = ( GEOMETRIC_REPRESENTATION_CONTEXT(2) 
PARAMETRIC_REPRESENTATION_CONTEXT() REPRESENTATION_CONTEXT('2D SPACE',''
  ) );
#1812 = ORIENTED_EDGE('',*,*,#1556,.F.);
#1813 = ORIENTED_EDGE('',*,*,#1814,.F.);
#1814 = EDGE_CURVE('',#1765,#1557,#1815,.T.);
#1815 = SURFACE_CURVE('',#1816,(#1820,#1827),.PCURVE_S1.);
#1816 = LINE('',#1817,#1818);
#1817 = CARTESIAN_POINT('',(171.90356586536,63.84625612863,
    -72.13936040724));
#1818 = VECTOR('',#1819,1.);
#1819 = DIRECTION('',(-1.,0.,-1.224646799147E-16));
#1820 = PCURVE('',#1574,#1821);
#1821 = DEFINITIONAL_REPRESENTATION('',(#1822),#1826);
#1822 = LINE('',#1823,#1824);
#1823 = CARTESIAN_POINT('',(0.866025403784,0.));
#1824 = VECTOR('',#1825,1.);
#1825 = DIRECTION('',(0.,-1.));
#1826 = ( GEOMETRIC_REPRESENTATION_CONTEXT(2) 
PARAMETRIC_REPRESENTATION_CONTEXT() REPRESENTATION_CONTEXT('2D SPACE',''
  ) );
#1827 = PCURVE('',#1712,#1828);
#1828 = DEFINITIONAL_REPRESENTATION('',(#1829),#1833);
#1829 = LINE('',#1830,#1831);
#1830 = CARTESIAN_POINT('',(0.,0.));
#1831 = VECTOR('',#1832,1.);
#1832 = DIRECTION('',(0.,-1.));
#1833 = ( GEOMETRIC_REPRESENTATION_CONTEXT(2) 
PARAMETRIC_REPRESENTATION_CONTEXT() REPRESENTATION_CONTEXT('2D SPACE',''
  ) );
#1834 = ADVANCED_FACE('',(#1835),#1712,.T.);
#1835 = FACE_BOUND('',#1836,.T.);
#1836 = EDGE_LOOP('',(#1837,#1860,#1861,#1862));
#1837 = ORIENTED_EDGE('',*,*,#1838,.F.);
#1838 = EDGE_CURVE('',#1765,#1839,#1841,.T.);
#1839 = VERTEX_POINT('',#1840);
#1840 = CARTESIAN_POINT('',(171.90356586536,63.413243426738,
    -71.38936040724));
#1841 = SURFACE_CURVE('',#1842,(#1846,#1853),.PCURVE_S1.);
#1842 = LINE('',#1843,#1844);
#1843 = CARTESIAN_POINT('',(171.90356586536,63.84625612863,
    -72.13936040724));
#1844 = VECTOR('',#1845,1.);
#1845 = DIRECTION('',(-1.060575238725E-16,-0.5,0.866025403784));
#1846 = PCURVE('',#1712,#1847);
#1847 = DEFINITIONAL_REPRESENTATION('',(#1848),#1852);
#1848 = LINE('',#1849,#1850);
#1849 = CARTESIAN_POINT('',(0.,0.));
#1850 = VECTOR('',#1851,1.);
#1851 = DIRECTION('',(1.,0.));
#1852 = ( GEOMETRIC_REPRESENTATION_CONTEXT(2) 
PARAMETRIC_REPRESENTATION_CONTEXT() REPRESENTATION_CONTEXT('2D SPACE',''
  ) );
#1853 = PCURVE('',#1780,#1854);
#1854 = DEFINITIONAL_REPRESENTATION('',(#1855),#1859);
#1855 = LINE('',#1856,#1857);
#1856 = CARTESIAN_POINT('',(0.75,0.433012701892));
#1857 = VECTOR('',#1858,1.);
#1858 = DIRECTION('',(-0.866025403784,0.5));
#1859 = ( GEOMETRIC_REPRESENTATION_CONTEXT(2) 
PARAMETRIC_REPRESENTATION_CONTEXT() REPRESENTATION_CONTEXT('2D SPACE',''
  ) );
#1860 = ORIENTED_EDGE('',*,*,#1814,.T.);
#1861 = ORIENTED_EDGE('',*,*,#1698,.F.);
#1862 = ORIENTED_EDGE('',*,*,#1863,.F.);
#1863 = EDGE_CURVE('',#1839,#1671,#1864,.T.);
#1864 = SURFACE_CURVE('',#1865,(#1869,#1876),.PCURVE_S1.);
#1865 = LINE('',#1866,#1867);
#1866 = CARTESIAN_POINT('',(171.90356586536,63.413243426738,
    -71.38936040724));
#1867 = VECTOR('',#1868,1.);
#1868 = DIRECTION('',(-1.,0.,-1.224646799147E-16));
#1869 = PCURVE('',#1712,#1870);
#1870 = DEFINITIONAL_REPRESENTATION('',(#1871),#1875);
#1871 = LINE('',#1872,#1873);
#1872 = CARTESIAN_POINT('',(0.866025403784,9.184850993605E-17));
#1873 = VECTOR('',#1874,1.);
#1874 = DIRECTION('',(0.,-1.));
#1875 = ( GEOMETRIC_REPRESENTATION_CONTEXT(2) 
PARAMETRIC_REPRESENTATION_CONTEXT() REPRESENTATION_CONTEXT('2D SPACE',''
  ) );
#1876 = PCURVE('',#1686,#1877);
#1877 = DEFINITIONAL_REPRESENTATION('',(#1878),#1882);
#1878 = LINE('',#1879,#1880);
#1879 = CARTESIAN_POINT('',(0.,0.));
#1880 = VECTOR('',#1881,1.);
#1881 = DIRECTION('',(0.,-1.));
#1882 = ( GEOMETRIC_REPRESENTATION_CONTEXT(2) 
PARAMETRIC_REPRESENTATION_CONTEXT() REPRESENTATION_CONTEXT('2D SPACE',''
  ) );
#1883 = ADVANCED_FACE('',(#1884),#1686,.T.);
#1884 = FACE_BOUND('',#1885,.T.);
#1885 = EDGE_LOOP('',(#1886,#1909,#1910,#1911));
#1886 = ORIENTED_EDGE('',*,*,#1887,.F.);
#1887 = EDGE_CURVE('',#1839,#1888,#1890,.T.);
#1888 = VERTEX_POINT('',#1889);
#1889 = CARTESIAN_POINT('',(171.90356586536,63.84625612863,
    -70.63936040724));
#1890 = SURFACE_CURVE('',#1891,(#1895,#1902),.PCURVE_S1.);
#1891 = LINE('',#1892,#1893);
#1892 = CARTESIAN_POINT('',(171.90356586536,63.413243426738,
    -71.38936040724));
#1893 = VECTOR('',#1894,1.);
#1894 = DIRECTION('',(-1.060575238725E-16,0.5,0.866025403784));
#1895 = PCURVE('',#1686,#1896);
#1896 = DEFINITIONAL_REPRESENTATION('',(#1897),#1901);
#1897 = LINE('',#1898,#1899);
#1898 = CARTESIAN_POINT('',(0.,0.));
#1899 = VECTOR('',#1900,1.);
#1900 = DIRECTION('',(1.,0.));
#1901 = ( GEOMETRIC_REPRESENTATION_CONTEXT(2) 
PARAMETRIC_REPRESENTATION_CONTEXT() REPRESENTATION_CONTEXT('2D SPACE',''
  ) );
#1902 = PCURVE('',#1780,#1903);
#1903 = DEFINITIONAL_REPRESENTATION('',(#1904),#1908);
#1904 = LINE('',#1905,#1906);
#1905 = CARTESIAN_POINT('',(0.,0.866025403784));
#1906 = VECTOR('',#1907,1.);
#1907 = DIRECTION('',(-0.866025403784,-0.5));
#1908 = ( GEOMETRIC_REPRESENTATION_CONTEXT(2) 
PARAMETRIC_REPRESENTATION_CONTEXT() REPRESENTATION_CONTEXT('2D SPACE',''
  ) );
#1909 = ORIENTED_EDGE('',*,*,#1863,.T.);
#1910 = ORIENTED_EDGE('',*,*,#1670,.F.);
#1911 = ORIENTED_EDGE('',*,*,#1912,.F.);
#1912 = EDGE_CURVE('',#1888,#1643,#1913,.T.);
#1913 = SURFACE_CURVE('',#1914,(#1918,#1925),.PCURVE_S1.);
#1914 = LINE('',#1915,#1916);
#1915 = CARTESIAN_POINT('',(171.90356586536,63.84625612863,
    -70.63936040724));
#1916 = VECTOR('',#1917,1.);
#1917 = DIRECTION('',(-1.,0.,-1.224646799147E-16));
#1918 = PCURVE('',#1686,#1919);
#1919 = DEFINITIONAL_REPRESENTATION('',(#1920),#1924);
#1920 = LINE('',#1921,#1922);
#1921 = CARTESIAN_POINT('',(0.866025403784,9.184850993605E-17));
#1922 = VECTOR('',#1923,1.);
#1923 = DIRECTION('',(0.,-1.));
#1924 = ( GEOMETRIC_REPRESENTATION_CONTEXT(2) 
PARAMETRIC_REPRESENTATION_CONTEXT() REPRESENTATION_CONTEXT('2D SPACE',''
  ) );
#1925 = PCURVE('',#1658,#1926);
#1926 = DEFINITIONAL_REPRESENTATION('',(#1927),#1931);
#1927 = LINE('',#1928,#1929);
#1928 = CARTESIAN_POINT('',(0.,0.));
#1929 = VECTOR('',#1930,1.);
#1930 = DIRECTION('',(0.,-1.));
#1931 = ( GEOMETRIC_REPRESENTATION_CONTEXT(2) 
PARAMETRIC_REPRESENTATION_CONTEXT() REPRESENTATION_CONTEXT('2D SPACE',''
  ) );
#1932 = ADVANCED_FACE('',(#1933),#1658,.T.);
#1933 = FACE_BOUND('',#1934,.T.);
#1934 = EDGE_LOOP('',(#1935,#1958,#1959,#1960));
#1935 = ORIENTED_EDGE('',*,*,#1936,.F.);
#1936 = EDGE_CURVE('',#1888,#1937,#1939,.T.);
#1937 = VERTEX_POINT('',#1938);
#1938 = CARTESIAN_POINT('',(171.90356586536,64.712281532415,
    -70.63936040724));
#1939 = SURFACE_CURVE('',#1940,(#1944,#1951),.PCURVE_S1.);
#1940 = LINE('',#1941,#1942);
#1941 = CARTESIAN_POINT('',(171.90356586536,63.84625612863,
    -70.63936040724));
#1942 = VECTOR('',#1943,1.);
#1943 = DIRECTION('',(-7.849833662531E-32,1.,6.409875621279E-16));
#1944 = PCURVE('',#1658,#1945);
#1945 = DEFINITIONAL_REPRESENTATION('',(#1946),#1950);
#1946 = LINE('',#1947,#1948);
#1947 = CARTESIAN_POINT('',(0.,0.));
#1948 = VECTOR('',#1949,1.);
#1949 = DIRECTION('',(1.,0.));
#1950 = ( GEOMETRIC_REPRESENTATION_CONTEXT(2) 
PARAMETRIC_REPRESENTATION_CONTEXT() REPRESENTATION_CONTEXT('2D SPACE',''
  ) );
#1951 = PCURVE('',#1780,#1952);
#1952 = DEFINITIONAL_REPRESENTATION('',(#1953),#1957);
#1953 = LINE('',#1954,#1955);
#1954 = CARTESIAN_POINT('',(-0.75,0.433012701892));
#1955 = VECTOR('',#1956,1.);
#1956 = DIRECTION('',(-6.409875621279E-16,-1.));
#1957 = ( GEOMETRIC_REPRESENTATION_CONTEXT(2) 
PARAMETRIC_REPRESENTATION_CONTEXT() REPRESENTATION_CONTEXT('2D SPACE',''
  ) );
#1958 = ORIENTED_EDGE('',*,*,#1912,.T.);
#1959 = ORIENTED_EDGE('',*,*,#1642,.F.);
#1960 = ORIENTED_EDGE('',*,*,#1961,.F.);
#1961 = EDGE_CURVE('',#1937,#1615,#1962,.T.);
#1962 = SURFACE_CURVE('',#1963,(#1967,#1974),.PCURVE_S1.);
#1963 = LINE('',#1964,#1965);
#1964 = CARTESIAN_POINT('',(171.90356586536,64.712281532415,
    -70.63936040724));
#1965 = VECTOR('',#1966,1.);
#1966 = DIRECTION('',(-1.,0.,-1.224646799147E-16));
#1967 = PCURVE('',#1658,#1968);
#1968 = DEFINITIONAL_REPRESENTATION('',(#1969),#1973);
#1969 = LINE('',#1970,#1971);
#1970 = CARTESIAN_POINT('',(0.866025403784,0.));
#1971 = VECTOR('',#1972,1.);
#1972 = DIRECTION('',(0.,-1.));
#1973 = ( GEOMETRIC_REPRESENTATION_CONTEXT(2) 
PARAMETRIC_REPRESENTATION_CONTEXT() REPRESENTATION_CONTEXT('2D SPACE',''
  ) );
#1974 = PCURVE('',#1630,#1975);
#1975 = DEFINITIONAL_REPRESENTATION('',(#1976),#1980);
#1976 = LINE('',#1977,#1978);
#1977 = CARTESIAN_POINT('',(0.,0.));
#1978 = VECTOR('',#1979,1.);
#1979 = DIRECTION('',(0.,-1.));
#1980 = ( GEOMETRIC_REPRESENTATION_CONTEXT(2) 
PARAMETRIC_REPRESENTATION_CONTEXT() REPRESENTATION_CONTEXT('2D SPACE',''
  ) );
#1981 = ADVANCED_FACE('',(#1982),#1630,.T.);
#1982 = FACE_BOUND('',#1983,.T.);
#1983 = EDGE_LOOP('',(#1984,#2007,#2008,#2009));
#1984 = ORIENTED_EDGE('',*,*,#1985,.F.);
#1985 = EDGE_CURVE('',#1937,#1986,#1988,.T.);
#1986 = VERTEX_POINT('',#1987);
#1987 = CARTESIAN_POINT('',(171.90356586536,65.145294234307,
    -71.38936040724));
#1988 = SURFACE_CURVE('',#1989,(#1993,#2000),.PCURVE_S1.);
#1989 = LINE('',#1990,#1991);
#1990 = CARTESIAN_POINT('',(171.90356586536,64.712281532415,
    -70.63936040724));
#1991 = VECTOR('',#1992,1.);
#1992 = DIRECTION('',(1.060575238725E-16,0.5,-0.866025403784));
#1993 = PCURVE('',#1630,#1994);
#1994 = DEFINITIONAL_REPRESENTATION('',(#1995),#1999);
#1995 = LINE('',#1996,#1997);
#1996 = CARTESIAN_POINT('',(0.,0.));
#1997 = VECTOR('',#1998,1.);
#1998 = DIRECTION('',(1.,0.));
#1999 = ( GEOMETRIC_REPRESENTATION_CONTEXT(2) 
PARAMETRIC_REPRESENTATION_CONTEXT() REPRESENTATION_CONTEXT('2D SPACE',''
  ) );
#2000 = PCURVE('',#1780,#2001);
#2001 = DEFINITIONAL_REPRESENTATION('',(#2002),#2006);
#2002 = LINE('',#2003,#2004);
#2003 = CARTESIAN_POINT('',(-0.75,-0.433012701892));
#2004 = VECTOR('',#2005,1.);
#2005 = DIRECTION('',(0.866025403784,-0.5));
#2006 = ( GEOMETRIC_REPRESENTATION_CONTEXT(2) 
PARAMETRIC_REPRESENTATION_CONTEXT() REPRESENTATION_CONTEXT('2D SPACE',''
  ) );
#2007 = ORIENTED_EDGE('',*,*,#1961,.T.);
#2008 = ORIENTED_EDGE('',*,*,#1614,.F.);
#2009 = ORIENTED_EDGE('',*,*,#2010,.F.);
#2010 = EDGE_CURVE('',#1986,#1587,#2011,.T.);
#2011 = SURFACE_CURVE('',#2012,(#2016,#2023),.PCURVE_S1.);
#2012 = LINE('',#2013,#2014);
#2013 = CARTESIAN_POINT('',(171.90356586536,65.145294234307,
    -71.38936040724));
#2014 = VECTOR('',#2015,1.);
#2015 = DIRECTION('',(-1.,0.,-1.224646799147E-16));
#2016 = PCURVE('',#1630,#2017);
#2017 = DEFINITIONAL_REPRESENTATION('',(#2018),#2022);
#2018 = LINE('',#2019,#2020);
#2019 = CARTESIAN_POINT('',(0.866025403784,-9.184850993605E-17));
#2020 = VECTOR('',#2021,1.);
#2021 = DIRECTION('',(0.,-1.));
#2022 = ( GEOMETRIC_REPRESENTATION_CONTEXT(2) 
PARAMETRIC_REPRESENTATION_CONTEXT() REPRESENTATION_CONTEXT('2D SPACE',''
  ) );
#2023 = PCURVE('',#1602,#2024);
#2024 = DEFINITIONAL_REPRESENTATION('',(#2025),#2029);
#2025 = LINE('',#2026,#2027);
#2026 = CARTESIAN_POINT('',(0.,0.));
#2027 = VECTOR('',#2028,1.);
#2028 = DIRECTION('',(0.,-1.));
#2029 = ( GEOMETRIC_REPRESENTATION_CONTEXT(2) 
PARAMETRIC_REPRESENTATION_CONTEXT() REPRESENTATION_CONTEXT('2D SPACE',''
  ) );
#2030 = ADVANCED_FACE('',(#2031),#1602,.T.);
#2031 = FACE_BOUND('',#2032,.T.);
#2032 = EDGE_LOOP('',(#2033,#2054,#2055,#2056));
#2033 = ORIENTED_EDGE('',*,*,#2034,.F.);
#2034 = EDGE_CURVE('',#1986,#1763,#2035,.T.);
#2035 = SURFACE_CURVE('',#2036,(#2040,#2047),.PCURVE_S1.);
#2036 = LINE('',#2037,#2038);
#2037 = CARTESIAN_POINT('',(171.90356586536,65.145294234307,
    -71.38936040724));
#2038 = VECTOR('',#2039,1.);
#2039 = DIRECTION('',(1.060575238725E-16,-0.5,-0.866025403784));
#2040 = PCURVE('',#1602,#2041);
#2041 = DEFINITIONAL_REPRESENTATION('',(#2042),#2046);
#2042 = LINE('',#2043,#2044);
#2043 = CARTESIAN_POINT('',(0.,0.));
#2044 = VECTOR('',#2045,1.);
#2045 = DIRECTION('',(1.,0.));
#2046 = ( GEOMETRIC_REPRESENTATION_CONTEXT(2) 
PARAMETRIC_REPRESENTATION_CONTEXT() REPRESENTATION_CONTEXT('2D SPACE',''
  ) );
#2047 = PCURVE('',#1780,#2048);
#2048 = DEFINITIONAL_REPRESENTATION('',(#2049),#2053);
#2049 = LINE('',#2050,#2051);
#2050 = CARTESIAN_POINT('',(0.,-0.866025403784));
#2051 = VECTOR('',#2052,1.);
#2052 = DIRECTION('',(0.866025403784,0.5));
#2053 = ( GEOMETRIC_REPRESENTATION_CONTEXT(2) 
PARAMETRIC_REPRESENTATION_CONTEXT() REPRESENTATION_CONTEXT('2D SPACE',''
  ) );
#2054 = ORIENTED_EDGE('',*,*,#2010,.T.);
#2055 = ORIENTED_EDGE('',*,*,#1586,.F.);
#2056 = ORIENTED_EDGE('',*,*,#1792,.F.);
#2057 = ADVANCED_FACE('',(#2058),#1747,.T.);
#2058 = FACE_BOUND('',#2059,.T.);
#2059 = EDGE_LOOP('',(#2060,#2061,#2084,#2111));
#2060 = ORIENTED_EDGE('',*,*,#1730,.F.);
#2061 = ORIENTED_EDGE('',*,*,#2062,.F.);
#2062 = EDGE_CURVE('',#2063,#1731,#2065,.T.);
#2063 = VERTEX_POINT('',#2064);
#2064 = CARTESIAN_POINT('',(180.70356586536,64.279268830522,
    -72.38936040724));
#2065 = SEAM_CURVE('',#2066,(#2070,#2077),.PCURVE_S1.);
#2066 = LINE('',#2067,#2068);
#2067 = CARTESIAN_POINT('',(180.70356586536,64.279268830522,
    -72.38936040724));
#2068 = VECTOR('',#2069,1.);
#2069 = DIRECTION('',(-1.,0.,-1.224646799147E-16));
#2070 = PCURVE('',#1747,#2071);
#2071 = DEFINITIONAL_REPRESENTATION('',(#2072),#2076);
#2072 = LINE('',#2073,#2074);
#2073 = CARTESIAN_POINT('',(6.28318530718,-0.));
#2074 = VECTOR('',#2075,1.);
#2075 = DIRECTION('',(0.,1.));
#2076 = ( GEOMETRIC_REPRESENTATION_CONTEXT(2) 
PARAMETRIC_REPRESENTATION_CONTEXT() REPRESENTATION_CONTEXT('2D SPACE',''
  ) );
#2077 = PCURVE('',#1747,#2078);
#2078 = DEFINITIONAL_REPRESENTATION('',(#2079),#2083);
#2079 = LINE('',#2080,#2081);
#2080 = CARTESIAN_POINT('',(0.,-0.));
#2081 = VECTOR('',#2082,1.);
#2082 = DIRECTION('',(0.,1.));
#2083 = ( GEOMETRIC_REPRESENTATION_CONTEXT(2) 
PARAMETRIC_REPRESENTATION_CONTEXT() REPRESENTATION_CONTEXT('2D SPACE',''
  ) );
#2084 = ORIENTED_EDGE('',*,*,#2085,.T.);
#2085 = EDGE_CURVE('',#2063,#2063,#2086,.T.);
#2086 = SURFACE_CURVE('',#2087,(#2092,#2099),.PCURVE_S1.);
#2087 = CIRCLE('',#2088,1.);
#2088 = AXIS2_PLACEMENT_3D('',#2089,#2090,#2091);
#2089 = CARTESIAN_POINT('',(180.70356586536,64.279268830522,
    -71.38936040724));
#2090 = DIRECTION('',(-1.,0.,-1.224646799147E-16));
#2091 = DIRECTION('',(1.224646799147E-16,0.,-1.));
#2092 = PCURVE('',#1747,#2093);
#2093 = DEFINITIONAL_REPRESENTATION('',(#2094),#2098);
#2094 = LINE('',#2095,#2096);
#2095 = CARTESIAN_POINT('',(0.,0.));
#2096 = VECTOR('',#2097,1.);
#2097 = DIRECTION('',(1.,0.));
#2098 = ( GEOMETRIC_REPRESENTATION_CONTEXT(2) 
PARAMETRIC_REPRESENTATION_CONTEXT() REPRESENTATION_CONTEXT('2D SPACE',''
  ) );
#2099 = PCURVE('',#2100,#2105);
#2100 = PLANE('',#2101);
#2101 = AXIS2_PLACEMENT_3D('',#2102,#2103,#2104);
#2102 = CARTESIAN_POINT('',(180.70356586536,64.279268830522,
    -71.38936040724));
#2103 = DIRECTION('',(-1.,0.,-1.224646799147E-16));
#2104 = DIRECTION('',(1.224646799147E-16,0.,-1.));
#2105 = DEFINITIONAL_REPRESENTATION('',(#2106),#2110);
#2106 = CIRCLE('',#2107,1.);
#2107 = AXIS2_PLACEMENT_2D('',#2108,#2109);
#2108 = CARTESIAN_POINT('',(0.,0.));
#2109 = DIRECTION('',(1.,0.));
#2110 = ( GEOMETRIC_REPRESENTATION_CONTEXT(2) 
PARAMETRIC_REPRESENTATION_CONTEXT() REPRESENTATION_CONTEXT('2D SPACE',''
  ) );
#2111 = ORIENTED_EDGE('',*,*,#2062,.T.);
#2112 = ADVANCED_FACE('',(#2113),#1780,.T.);
#2113 = FACE_BOUND('',#2114,.T.);
#2114 = EDGE_LOOP('',(#2115,#2116,#2117,#2118,#2119,#2120));
#2115 = ORIENTED_EDGE('',*,*,#2034,.T.);
#2116 = ORIENTED_EDGE('',*,*,#1762,.T.);
#2117 = ORIENTED_EDGE('',*,*,#1838,.T.);
#2118 = ORIENTED_EDGE('',*,*,#1887,.T.);
#2119 = ORIENTED_EDGE('',*,*,#1936,.T.);
#2120 = ORIENTED_EDGE('',*,*,#1985,.T.);
#2121 = ADVANCED_FACE('',(#2122),#2100,.F.);
#2122 = FACE_BOUND('',#2123,.T.);
#2123 = EDGE_LOOP('',(#2124));
#2124 = ORIENTED_EDGE('',*,*,#2085,.F.);
#2125 = ( GEOMETRIC_REPRESENTATION_CONTEXT(3) 
GLOBAL_UNCERTAINTY_ASSIGNED_CONTEXT((#2129)) 
GLOBAL_UNIT_ASSIGNED_CONTEXT((#2126,#2127,#2128)) REPRESENTATION_CONTEXT
('Context #1','3D Context with UNIT and UNCERTAINTY') );
#2126 = ( LENGTH_UNIT() NAMED_UNIT(*) SI_UNIT(.MILLI.,.METRE.) );
#2127 = ( NAMED_UNIT(*) PLANE_ANGLE_UNIT() SI_UNIT($,.RADIAN.) );
#2128 = ( NAMED_UNIT(*) SI_UNIT($,.STERADIAN.) SOLID_ANGLE_UNIT() );
#2129 = UNCERTAINTY_MEASURE_WITH_UNIT(LENGTH_MEASURE(1.E-07),#2126,
  'distance_accuracy_value','confusion accuracy');
#2130 = CONTEXT_DEPENDENT_SHAPE_REPRESENTATION(#2131,#2133);
#2131 = ( REPRESENTATION_RELATIONSHIP('','',#1458,#10) 
REPRESENTATION_RELATIONSHIP_WITH_TRANSFORMATION(#2132) 
SHAPE_REPRESENTATION_RELATIONSHIP() );
#2132 = ITEM_DEFINED_TRANSFORMATION('','',#11,#23);
#2133 = PRODUCT_DEFINITION_SHAPE('Placement','Placement of an item',
  #2134);
#2134 = NEXT_ASSEMBLY_USAGE_OCCURRENCE('51','','',#5,#1453,$);
#2135 = PRODUCT_RELATED_PRODUCT_CATEGORY('part',$,(#1455));
#2136 = SHAPE_DEFINITION_REPRESENTATION(#2137,#2143);
#2137 = PRODUCT_DEFINITION_SHAPE('','',#2138);
#2138 = PRODUCT_DEFINITION('design','',#2139,#2142);
#2139 = PRODUCT_DEFINITION_FORMATION('','',#2140);
#2140 = PRODUCT('Open CASCADE STEP translator 7.9 10.4',
  'Open CASCADE STEP translator 7.9 10.4','',(#2141));
#2141 = PRODUCT_CONTEXT('',#2,'mechanical');
#2142 = PRODUCT_DEFINITION_CONTEXT('part definition',#2,'design');
#2143 = ADVANCED_BREP_SHAPE_REPRESENTATION('',(#11,#2144),#2810);
#2144 = MANIFOLD_SOLID_BREP('',#2145);
#2145 = CLOSED_SHELL('',(#2146,#2234,#2408,#2443,#2519,#2568,#2617,#2666
    ,#2715,#2742,#2797,#2806));
#2146 = ADVANCED_FACE('',(#2147),#2160,.T.);
#2147 = FACE_BOUND('',#2148,.T.);
#2148 = EDGE_LOOP('',(#2149,#2183,#2206,#2233));
#2149 = ORIENTED_EDGE('',*,*,#2150,.F.);
#2150 = EDGE_CURVE('',#2151,#2151,#2153,.T.);
#2151 = VERTEX_POINT('',#2152);
#2152 = CARTESIAN_POINT('',(170.70356586536,29.685365257339,
    -93.26215994754));
#2153 = SURFACE_CURVE('',#2154,(#2159,#2171),.PCURVE_S1.);
#2154 = CIRCLE('',#2155,1.9);
#2155 = AXIS2_PLACEMENT_3D('',#2156,#2157,#2158);
#2156 = CARTESIAN_POINT('',(170.70356586536,29.685365257339,
    -91.36215994754));
#2157 = DIRECTION('',(-1.,0.,-1.224646799147E-16));
#2158 = DIRECTION('',(1.224646799147E-16,0.,-1.));
#2159 = PCURVE('',#2160,#2165);
#2160 = CYLINDRICAL_SURFACE('',#2161,1.9);
#2161 = AXIS2_PLACEMENT_3D('',#2162,#2163,#2164);
#2162 = CARTESIAN_POINT('',(172.70356586536,29.685365257339,
    -91.36215994754));
#2163 = DIRECTION('',(-1.,0.,-1.224646799147E-16));
#2164 = DIRECTION('',(1.224646799147E-16,0.,-1.));
#2165 = DEFINITIONAL_REPRESENTATION('',(#2166),#2170);
#2166 = LINE('',#2167,#2168);
#2167 = CARTESIAN_POINT('',(0.,2.));
#2168 = VECTOR('',#2169,1.);
#2169 = DIRECTION('',(1.,0.));
#2170 = ( GEOMETRIC_REPRESENTATION_CONTEXT(2) 
PARAMETRIC_REPRESENTATION_CONTEXT() REPRESENTATION_CONTEXT('2D SPACE',''
  ) );
#2171 = PCURVE('',#2172,#2177);
#2172 = PLANE('',#2173);
#2173 = AXIS2_PLACEMENT_3D('',#2174,#2175,#2176);
#2174 = CARTESIAN_POINT('',(170.70356586536,29.685365257339,
    -91.36215994754));
#2175 = DIRECTION('',(-1.,0.,-1.224646799147E-16));
#2176 = DIRECTION('',(1.224646799147E-16,0.,-1.));
#2177 = DEFINITIONAL_REPRESENTATION('',(#2178),#2182);
#2178 = CIRCLE('',#2179,1.9);
#2179 = AXIS2_PLACEMENT_2D('',#2180,#2181);
#2180 = CARTESIAN_POINT('',(0.,0.));
#2181 = DIRECTION('',(1.,0.));
#2182 = ( GEOMETRIC_REPRESENTATION_CONTEXT(2) 
PARAMETRIC_REPRESENTATION_CONTEXT() REPRESENTATION_CONTEXT('2D SPACE',''
  ) );
#2183 = ORIENTED_EDGE('',*,*,#2184,.F.);
#2184 = EDGE_CURVE('',#2185,#2151,#2187,.T.);
#2185 = VERTEX_POINT('',#2186);
#2186 = CARTESIAN_POINT('',(172.70356586536,29.685365257339,
    -93.26215994754));
#2187 = SEAM_CURVE('',#2188,(#2192,#2199),.PCURVE_S1.);
#2188 = LINE('',#2189,#2190);
#2189 = CARTESIAN_POINT('',(172.70356586536,29.685365257339,
    -93.26215994754));
#2190 = VECTOR('',#2191,1.);
#2191 = DIRECTION('',(-1.,0.,-1.224646799147E-16));
#2192 = PCURVE('',#2160,#2193);
#2193 = DEFINITIONAL_REPRESENTATION('',(#2194),#2198);
#2194 = LINE('',#2195,#2196);
#2195 = CARTESIAN_POINT('',(6.28318530718,-0.));
#2196 = VECTOR('',#2197,1.);
#2197 = DIRECTION('',(0.,1.));
#2198 = ( GEOMETRIC_REPRESENTATION_CONTEXT(2) 
PARAMETRIC_REPRESENTATION_CONTEXT() REPRESENTATION_CONTEXT('2D SPACE',''
  ) );
#2199 = PCURVE('',#2160,#2200);
#2200 = DEFINITIONAL_REPRESENTATION('',(#2201),#2205);
#2201 = LINE('',#2202,#2203);
#2202 = CARTESIAN_POINT('',(0.,-0.));
#2203 = VECTOR('',#2204,1.);
#2204 = DIRECTION('',(0.,1.));
#2205 = ( GEOMETRIC_REPRESENTATION_CONTEXT(2) 
PARAMETRIC_REPRESENTATION_CONTEXT() REPRESENTATION_CONTEXT('2D SPACE',''
  ) );
#2206 = ORIENTED_EDGE('',*,*,#2207,.T.);
#2207 = EDGE_CURVE('',#2185,#2185,#2208,.T.);
#2208 = SURFACE_CURVE('',#2209,(#2214,#2221),.PCURVE_S1.);
#2209 = CIRCLE('',#2210,1.9);
#2210 = AXIS2_PLACEMENT_3D('',#2211,#2212,#2213);
#2211 = CARTESIAN_POINT('',(172.70356586536,29.685365257339,
    -91.36215994754));
#2212 = DIRECTION('',(-1.,0.,-1.224646799147E-16));
#2213 = DIRECTION('',(1.224646799147E-16,0.,-1.));
#2214 = PCURVE('',#2160,#2215);
#2215 = DEFINITIONAL_REPRESENTATION('',(#2216),#2220);
#2216 = LINE('',#2217,#2218);
#2217 = CARTESIAN_POINT('',(0.,0.));
#2218 = VECTOR('',#2219,1.);
#2219 = DIRECTION('',(1.,0.));
#2220 = ( GEOMETRIC_REPRESENTATION_CONTEXT(2) 
PARAMETRIC_REPRESENTATION_CONTEXT() REPRESENTATION_CONTEXT('2D SPACE',''
  ) );
#2221 = PCURVE('',#2222,#2227);
#2222 = PLANE('',#2223);
#2223 = AXIS2_PLACEMENT_3D('',#2224,#2225,#2226);
#2224 = CARTESIAN_POINT('',(172.70356586536,29.685365257339,
    -91.36215994754));
#2225 = DIRECTION('',(-1.,0.,-1.224646799147E-16));
#2226 = DIRECTION('',(1.224646799147E-16,0.,-1.));
#2227 = DEFINITIONAL_REPRESENTATION('',(#2228),#2232);
#2228 = CIRCLE('',#2229,1.9);
#2229 = AXIS2_PLACEMENT_2D('',#2230,#2231);
#2230 = CARTESIAN_POINT('',(0.,0.));
#2231 = DIRECTION('',(1.,0.));
#2232 = ( GEOMETRIC_REPRESENTATION_CONTEXT(2) 
PARAMETRIC_REPRESENTATION_CONTEXT() REPRESENTATION_CONTEXT('2D SPACE',''
  ) );
#2233 = ORIENTED_EDGE('',*,*,#2184,.T.);
#2234 = ADVANCED_FACE('',(#2235,#2238),#2172,.T.);
#2235 = FACE_BOUND('',#2236,.T.);
#2236 = EDGE_LOOP('',(#2237));
#2237 = ORIENTED_EDGE('',*,*,#2150,.T.);
#2238 = FACE_BOUND('',#2239,.T.);
#2239 = EDGE_LOOP('',(#2240,#2270,#2298,#2326,#2354,#2382));
#2240 = ORIENTED_EDGE('',*,*,#2241,.T.);
#2241 = EDGE_CURVE('',#2242,#2244,#2246,.T.);
#2242 = VERTEX_POINT('',#2243);
#2243 = CARTESIAN_POINT('',(170.70356586536,29.252352555446,
    -92.11215994754));
#2244 = VERTEX_POINT('',#2245);
#2245 = CARTESIAN_POINT('',(170.70356586536,30.118377959231,
    -92.11215994754));
#2246 = SURFACE_CURVE('',#2247,(#2251,#2258),.PCURVE_S1.);
#2247 = LINE('',#2248,#2249);
#2248 = CARTESIAN_POINT('',(170.70356586536,29.901871608285,
    -92.11215994754));
#2249 = VECTOR('',#2250,1.);
#2250 = DIRECTION('',(-1.569966732506E-32,1.,1.281975124256E-16));
#2251 = PCURVE('',#2172,#2252);
#2252 = DEFINITIONAL_REPRESENTATION('',(#2253),#2257);
#2253 = LINE('',#2254,#2255);
#2254 = CARTESIAN_POINT('',(0.75,-0.216506350946));
#2255 = VECTOR('',#2256,1.);
#2256 = DIRECTION('',(-1.281975124256E-16,-1.));
#2257 = ( GEOMETRIC_REPRESENTATION_CONTEXT(2) 
PARAMETRIC_REPRESENTATION_CONTEXT() REPRESENTATION_CONTEXT('2D SPACE',''
  ) );
#2258 = PCURVE('',#2259,#2264);
#2259 = PLANE('',#2260);
#2260 = AXIS2_PLACEMENT_3D('',#2261,#2262,#2263);
#2261 = CARTESIAN_POINT('',(171.90356586536,30.118377959231,
    -92.11215994754));
#2262 = DIRECTION('',(-1.224646799147E-16,-1.281975124256E-16,1.));
#2263 = DIRECTION('',(1.569966732506E-32,-1.,-1.281975124256E-16));
#2264 = DEFINITIONAL_REPRESENTATION('',(#2265),#2269);
#2265 = LINE('',#2266,#2267);
#2266 = CARTESIAN_POINT('',(0.216506350946,-1.2));
#2267 = VECTOR('',#2268,1.);
#2268 = DIRECTION('',(-1.,0.));
#2269 = ( GEOMETRIC_REPRESENTATION_CONTEXT(2) 
PARAMETRIC_REPRESENTATION_CONTEXT() REPRESENTATION_CONTEXT('2D SPACE',''
  ) );
#2270 = ORIENTED_EDGE('',*,*,#2271,.T.);
#2271 = EDGE_CURVE('',#2244,#2272,#2274,.T.);
#2272 = VERTEX_POINT('',#2273);
#2273 = CARTESIAN_POINT('',(170.70356586536,30.551390661123,
    -91.36215994754));
#2274 = SURFACE_CURVE('',#2275,(#2279,#2286),.PCURVE_S1.);
#2275 = LINE('',#2276,#2277);
#2276 = CARTESIAN_POINT('',(170.70356586536,30.44313748565,
    -91.54965994754));
#2277 = VECTOR('',#2278,1.);
#2278 = DIRECTION('',(-1.060575238725E-16,0.5,0.866025403784));
#2279 = PCURVE('',#2172,#2280);
#2280 = DEFINITIONAL_REPRESENTATION('',(#2281),#2285);
#2281 = LINE('',#2282,#2283);
#2282 = CARTESIAN_POINT('',(0.1875,-0.757772228311));
#2283 = VECTOR('',#2284,1.);
#2284 = DIRECTION('',(-0.866025403784,-0.5));
#2285 = ( GEOMETRIC_REPRESENTATION_CONTEXT(2) 
PARAMETRIC_REPRESENTATION_CONTEXT() REPRESENTATION_CONTEXT('2D SPACE',''
  ) );
#2286 = PCURVE('',#2287,#2292);
#2287 = PLANE('',#2288);
#2288 = AXIS2_PLACEMENT_3D('',#2289,#2290,#2291);
#2289 = CARTESIAN_POINT('',(171.90356586536,30.551390661123,
    -91.36215994754));
#2290 = DIRECTION('',(-6.123233995737E-17,-0.866025403784,0.5));
#2291 = DIRECTION('',(1.060575238725E-16,-0.5,-0.866025403784));
#2292 = DEFINITIONAL_REPRESENTATION('',(#2293),#2297);
#2293 = LINE('',#2294,#2295);
#2294 = CARTESIAN_POINT('',(0.216506350946,-1.2));
#2295 = VECTOR('',#2296,1.);
#2296 = DIRECTION('',(-1.,0.));
#2297 = ( GEOMETRIC_REPRESENTATION_CONTEXT(2) 
PARAMETRIC_REPRESENTATION_CONTEXT() REPRESENTATION_CONTEXT('2D SPACE',''
  ) );
#2298 = ORIENTED_EDGE('',*,*,#2299,.T.);
#2299 = EDGE_CURVE('',#2272,#2300,#2302,.T.);
#2300 = VERTEX_POINT('',#2301);
#2301 = CARTESIAN_POINT('',(170.70356586536,30.118377959231,
    -90.61215994754));
#2302 = SURFACE_CURVE('',#2303,(#2307,#2314),.PCURVE_S1.);
#2303 = LINE('',#2304,#2305);
#2304 = CARTESIAN_POINT('',(170.70356586536,30.226631134704,
    -90.79965994754));
#2305 = VECTOR('',#2306,1.);
#2306 = DIRECTION('',(-1.060575238725E-16,-0.5,0.866025403784));
#2307 = PCURVE('',#2172,#2308);
#2308 = DEFINITIONAL_REPRESENTATION('',(#2309),#2313);
#2309 = LINE('',#2310,#2311);
#2310 = CARTESIAN_POINT('',(-0.5625,-0.541265877365));
#2311 = VECTOR('',#2312,1.);
#2312 = DIRECTION('',(-0.866025403784,0.5));
#2313 = ( GEOMETRIC_REPRESENTATION_CONTEXT(2) 
PARAMETRIC_REPRESENTATION_CONTEXT() REPRESENTATION_CONTEXT('2D SPACE',''
  ) );
#2314 = PCURVE('',#2315,#2320);
#2315 = PLANE('',#2316);
#2316 = AXIS2_PLACEMENT_3D('',#2317,#2318,#2319);
#2317 = CARTESIAN_POINT('',(171.90356586536,30.118377959231,
    -90.61215994754));
#2318 = DIRECTION('',(6.123233995737E-17,-0.866025403784,-0.5));
#2319 = DIRECTION('',(1.060575238725E-16,0.5,-0.866025403784));
#2320 = DEFINITIONAL_REPRESENTATION('',(#2321),#2325);
#2321 = LINE('',#2322,#2323);
#2322 = CARTESIAN_POINT('',(0.216506350946,-1.2));
#2323 = VECTOR('',#2324,1.);
#2324 = DIRECTION('',(-1.,0.));
#2325 = ( GEOMETRIC_REPRESENTATION_CONTEXT(2) 
PARAMETRIC_REPRESENTATION_CONTEXT() REPRESENTATION_CONTEXT('2D SPACE',''
  ) );
#2326 = ORIENTED_EDGE('',*,*,#2327,.T.);
#2327 = EDGE_CURVE('',#2300,#2328,#2330,.T.);
#2328 = VERTEX_POINT('',#2329);
#2329 = CARTESIAN_POINT('',(170.70356586536,29.252352555446,
    -90.61215994754));
#2330 = SURFACE_CURVE('',#2331,(#2335,#2342),.PCURVE_S1.);
#2331 = LINE('',#2332,#2333);
#2332 = CARTESIAN_POINT('',(170.70356586536,29.468858906393,
    -90.61215994754));
#2333 = VECTOR('',#2334,1.);
#2334 = DIRECTION('',(7.849833662531E-32,-1.,-6.409875621279E-16));
#2335 = PCURVE('',#2172,#2336);
#2336 = DEFINITIONAL_REPRESENTATION('',(#2337),#2341);
#2337 = LINE('',#2338,#2339);
#2338 = CARTESIAN_POINT('',(-0.75,0.216506350946));
#2339 = VECTOR('',#2340,1.);
#2340 = DIRECTION('',(6.409875621279E-16,1.));
#2341 = ( GEOMETRIC_REPRESENTATION_CONTEXT(2) 
PARAMETRIC_REPRESENTATION_CONTEXT() REPRESENTATION_CONTEXT('2D SPACE',''
  ) );
#2342 = PCURVE('',#2343,#2348);
#2343 = PLANE('',#2344);
#2344 = AXIS2_PLACEMENT_3D('',#2345,#2346,#2347);
#2345 = CARTESIAN_POINT('',(171.90356586536,29.252352555446,
    -90.61215994754));
#2346 = DIRECTION('',(1.224646799147E-16,6.409875621279E-16,-1.));
#2347 = DIRECTION('',(-7.849833662531E-32,1.,6.409875621279E-16));
#2348 = DEFINITIONAL_REPRESENTATION('',(#2349),#2353);
#2349 = LINE('',#2350,#2351);
#2350 = CARTESIAN_POINT('',(0.216506350946,-1.2));
#2351 = VECTOR('',#2352,1.);
#2352 = DIRECTION('',(-1.,0.));
#2353 = ( GEOMETRIC_REPRESENTATION_CONTEXT(2) 
PARAMETRIC_REPRESENTATION_CONTEXT() REPRESENTATION_CONTEXT('2D SPACE',''
  ) );
#2354 = ORIENTED_EDGE('',*,*,#2355,.T.);
#2355 = EDGE_CURVE('',#2328,#2356,#2358,.T.);
#2356 = VERTEX_POINT('',#2357);
#2357 = CARTESIAN_POINT('',(170.70356586536,28.819339853554,
    -91.36215994754));
#2358 = SURFACE_CURVE('',#2359,(#2363,#2370),.PCURVE_S1.);
#2359 = LINE('',#2360,#2361);
#2360 = CARTESIAN_POINT('',(170.70356586536,28.927593029027,
    -91.17465994754));
#2361 = VECTOR('',#2362,1.);
#2362 = DIRECTION('',(1.060575238725E-16,-0.5,-0.866025403784));
#2363 = PCURVE('',#2172,#2364);
#2364 = DEFINITIONAL_REPRESENTATION('',(#2365),#2369);
#2365 = LINE('',#2366,#2367);
#2366 = CARTESIAN_POINT('',(-0.1875,0.757772228311));
#2367 = VECTOR('',#2368,1.);
#2368 = DIRECTION('',(0.866025403784,0.5));
#2369 = ( GEOMETRIC_REPRESENTATION_CONTEXT(2) 
PARAMETRIC_REPRESENTATION_CONTEXT() REPRESENTATION_CONTEXT('2D SPACE',''
  ) );
#2370 = PCURVE('',#2371,#2376);
#2371 = PLANE('',#2372);
#2372 = AXIS2_PLACEMENT_3D('',#2373,#2374,#2375);
#2373 = CARTESIAN_POINT('',(171.90356586536,28.819339853554,
    -91.36215994754));
#2374 = DIRECTION('',(6.123233995737E-17,0.866025403784,-0.5));
#2375 = DIRECTION('',(-1.060575238725E-16,0.5,0.866025403784));
#2376 = DEFINITIONAL_REPRESENTATION('',(#2377),#2381);
#2377 = LINE('',#2378,#2379);
#2378 = CARTESIAN_POINT('',(0.216506350946,-1.2));
#2379 = VECTOR('',#2380,1.);
#2380 = DIRECTION('',(-1.,0.));
#2381 = ( GEOMETRIC_REPRESENTATION_CONTEXT(2) 
PARAMETRIC_REPRESENTATION_CONTEXT() REPRESENTATION_CONTEXT('2D SPACE',''
  ) );
#2382 = ORIENTED_EDGE('',*,*,#2383,.T.);
#2383 = EDGE_CURVE('',#2356,#2242,#2384,.T.);
#2384 = SURFACE_CURVE('',#2385,(#2389,#2396),.PCURVE_S1.);
#2385 = LINE('',#2386,#2387);
#2386 = CARTESIAN_POINT('',(170.70356586536,29.144099379973,
    -91.92465994754));
#2387 = VECTOR('',#2388,1.);
#2388 = DIRECTION('',(1.060575238725E-16,0.5,-0.866025403784));
#2389 = PCURVE('',#2172,#2390);
#2390 = DEFINITIONAL_REPRESENTATION('',(#2391),#2395);
#2391 = LINE('',#2392,#2393);
#2392 = CARTESIAN_POINT('',(0.5625,0.541265877365));
#2393 = VECTOR('',#2394,1.);
#2394 = DIRECTION('',(0.866025403784,-0.5));
#2395 = ( GEOMETRIC_REPRESENTATION_CONTEXT(2) 
PARAMETRIC_REPRESENTATION_CONTEXT() REPRESENTATION_CONTEXT('2D SPACE',''
  ) );
#2396 = PCURVE('',#2397,#2402);
#2397 = PLANE('',#2398);
#2398 = AXIS2_PLACEMENT_3D('',#2399,#2400,#2401);
#2399 = CARTESIAN_POINT('',(171.90356586536,29.252352555446,
    -92.11215994754));
#2400 = DIRECTION('',(-6.123233995737E-17,0.866025403784,0.5));
#2401 = DIRECTION('',(-1.060575238725E-16,-0.5,0.866025403784));
#2402 = DEFINITIONAL_REPRESENTATION('',(#2403),#2407);
#2403 = LINE('',#2404,#2405);
#2404 = CARTESIAN_POINT('',(0.216506350946,-1.2));
#2405 = VECTOR('',#2406,1.);
#2406 = DIRECTION('',(-1.,0.));
#2407 = ( GEOMETRIC_REPRESENTATION_CONTEXT(2) 
PARAMETRIC_REPRESENTATION_CONTEXT() REPRESENTATION_CONTEXT('2D SPACE',''
  ) );
#2408 = ADVANCED_FACE('',(#2409,#2412),#2222,.F.);
#2409 = FACE_BOUND('',#2410,.F.);
#2410 = EDGE_LOOP('',(#2411));
#2411 = ORIENTED_EDGE('',*,*,#2207,.T.);
#2412 = FACE_BOUND('',#2413,.F.);
#2413 = EDGE_LOOP('',(#2414));
#2414 = ORIENTED_EDGE('',*,*,#2415,.F.);
#2415 = EDGE_CURVE('',#2416,#2416,#2418,.T.);
#2416 = VERTEX_POINT('',#2417);
#2417 = CARTESIAN_POINT('',(172.70356586536,29.685365257339,
    -92.36215994754));
#2418 = SURFACE_CURVE('',#2419,(#2424,#2431),.PCURVE_S1.);
#2419 = CIRCLE('',#2420,1.);
#2420 = AXIS2_PLACEMENT_3D('',#2421,#2422,#2423);
#2421 = CARTESIAN_POINT('',(172.70356586536,29.685365257339,
    -91.36215994754));
#2422 = DIRECTION('',(-1.,0.,-1.224646799147E-16));
#2423 = DIRECTION('',(1.224646799147E-16,0.,-1.));
#2424 = PCURVE('',#2222,#2425);
#2425 = DEFINITIONAL_REPRESENTATION('',(#2426),#2430);
#2426 = CIRCLE('',#2427,1.);
#2427 = AXIS2_PLACEMENT_2D('',#2428,#2429);
#2428 = CARTESIAN_POINT('',(0.,0.));
#2429 = DIRECTION('',(1.,0.));
#2430 = ( GEOMETRIC_REPRESENTATION_CONTEXT(2) 
PARAMETRIC_REPRESENTATION_CONTEXT() REPRESENTATION_CONTEXT('2D SPACE',''
  ) );
#2431 = PCURVE('',#2432,#2437);
#2432 = CYLINDRICAL_SURFACE('',#2433,1.);
#2433 = AXIS2_PLACEMENT_3D('',#2434,#2435,#2436);
#2434 = CARTESIAN_POINT('',(180.70356586536,29.685365257339,
    -91.36215994754));
#2435 = DIRECTION('',(-1.,0.,-1.224646799147E-16));
#2436 = DIRECTION('',(1.224646799147E-16,0.,-1.));
#2437 = DEFINITIONAL_REPRESENTATION('',(#2438),#2442);
#2438 = LINE('',#2439,#2440);
#2439 = CARTESIAN_POINT('',(0.,8.));
#2440 = VECTOR('',#2441,1.);
#2441 = DIRECTION('',(1.,0.));
#2442 = ( GEOMETRIC_REPRESENTATION_CONTEXT(2) 
PARAMETRIC_REPRESENTATION_CONTEXT() REPRESENTATION_CONTEXT('2D SPACE',''
  ) );
#2443 = ADVANCED_FACE('',(#2444),#2259,.T.);
#2444 = FACE_BOUND('',#2445,.T.);
#2445 = EDGE_LOOP('',(#2446,#2476,#2497,#2498));
#2446 = ORIENTED_EDGE('',*,*,#2447,.F.);
#2447 = EDGE_CURVE('',#2448,#2450,#2452,.T.);
#2448 = VERTEX_POINT('',#2449);
#2449 = CARTESIAN_POINT('',(171.90356586536,30.118377959231,
    -92.11215994754));
#2450 = VERTEX_POINT('',#2451);
#2451 = CARTESIAN_POINT('',(171.90356586536,29.252352555446,
    -92.11215994754));
#2452 = SURFACE_CURVE('',#2453,(#2457,#2464),.PCURVE_S1.);
#2453 = LINE('',#2454,#2455);
#2454 = CARTESIAN_POINT('',(171.90356586536,30.118377959231,
    -92.11215994754));
#2455 = VECTOR('',#2456,1.);
#2456 = DIRECTION('',(1.569966732506E-32,-1.,-1.281975124256E-16));
#2457 = PCURVE('',#2259,#2458);
#2458 = DEFINITIONAL_REPRESENTATION('',(#2459),#2463);
#2459 = LINE('',#2460,#2461);
#2460 = CARTESIAN_POINT('',(0.,0.));
#2461 = VECTOR('',#2462,1.);
#2462 = DIRECTION('',(1.,0.));
#2463 = ( GEOMETRIC_REPRESENTATION_CONTEXT(2) 
PARAMETRIC_REPRESENTATION_CONTEXT() REPRESENTATION_CONTEXT('2D SPACE',''
  ) );
#2464 = PCURVE('',#2465,#2470);
#2465 = PLANE('',#2466);
#2466 = AXIS2_PLACEMENT_3D('',#2467,#2468,#2469);
#2467 = CARTESIAN_POINT('',(171.90356586536,29.685365257339,
    -91.36215994754));
#2468 = DIRECTION('',(-1.,0.,-1.224646799147E-16));
#2469 = DIRECTION('',(1.224646799147E-16,0.,-1.));
#2470 = DEFINITIONAL_REPRESENTATION('',(#2471),#2475);
#2471 = LINE('',#2472,#2473);
#2472 = CARTESIAN_POINT('',(0.75,-0.433012701892));
#2473 = VECTOR('',#2474,1.);
#2474 = DIRECTION('',(1.281975124256E-16,1.));
#2475 = ( GEOMETRIC_REPRESENTATION_CONTEXT(2) 
PARAMETRIC_REPRESENTATION_CONTEXT() REPRESENTATION_CONTEXT('2D SPACE',''
  ) );
#2476 = ORIENTED_EDGE('',*,*,#2477,.T.);
#2477 = EDGE_CURVE('',#2448,#2244,#2478,.T.);
#2478 = SURFACE_CURVE('',#2479,(#2483,#2490),.PCURVE_S1.);
#2479 = LINE('',#2480,#2481);
#2480 = CARTESIAN_POINT('',(171.90356586536,30.118377959231,
    -92.11215994754));
#2481 = VECTOR('',#2482,1.);
#2482 = DIRECTION('',(-1.,0.,-1.224646799147E-16));
#2483 = PCURVE('',#2259,#2484);
#2484 = DEFINITIONAL_REPRESENTATION('',(#2485),#2489);
#2485 = LINE('',#2486,#2487);
#2486 = CARTESIAN_POINT('',(0.,0.));
#2487 = VECTOR('',#2488,1.);
#2488 = DIRECTION('',(0.,-1.));
#2489 = ( GEOMETRIC_REPRESENTATION_CONTEXT(2) 
PARAMETRIC_REPRESENTATION_CONTEXT() REPRESENTATION_CONTEXT('2D SPACE',''
  ) );
#2490 = PCURVE('',#2287,#2491);
#2491 = DEFINITIONAL_REPRESENTATION('',(#2492),#2496);
#2492 = LINE('',#2493,#2494);
#2493 = CARTESIAN_POINT('',(0.866025403784,-9.184850993605E-17));
#2494 = VECTOR('',#2495,1.);
#2495 = DIRECTION('',(0.,-1.));
#2496 = ( GEOMETRIC_REPRESENTATION_CONTEXT(2) 
PARAMETRIC_REPRESENTATION_CONTEXT() REPRESENTATION_CONTEXT('2D SPACE',''
  ) );
#2497 = ORIENTED_EDGE('',*,*,#2241,.F.);
#2498 = ORIENTED_EDGE('',*,*,#2499,.F.);
#2499 = EDGE_CURVE('',#2450,#2242,#2500,.T.);
#2500 = SURFACE_CURVE('',#2501,(#2505,#2512),.PCURVE_S1.);
#2501 = LINE('',#2502,#2503);
#2502 = CARTESIAN_POINT('',(171.90356586536,29.252352555446,
    -92.11215994754));
#2503 = VECTOR('',#2504,1.);
#2504 = DIRECTION('',(-1.,0.,-1.224646799147E-16));
#2505 = PCURVE('',#2259,#2506);
#2506 = DEFINITIONAL_REPRESENTATION('',(#2507),#2511);
#2507 = LINE('',#2508,#2509);
#2508 = CARTESIAN_POINT('',(0.866025403784,0.));
#2509 = VECTOR('',#2510,1.);
#2510 = DIRECTION('',(0.,-1.));
#2511 = ( GEOMETRIC_REPRESENTATION_CONTEXT(2) 
PARAMETRIC_REPRESENTATION_CONTEXT() REPRESENTATION_CONTEXT('2D SPACE',''
  ) );
#2512 = PCURVE('',#2397,#2513);
#2513 = DEFINITIONAL_REPRESENTATION('',(#2514),#2518);
#2514 = LINE('',#2515,#2516);
#2515 = CARTESIAN_POINT('',(0.,0.));
#2516 = VECTOR('',#2517,1.);
#2517 = DIRECTION('',(0.,-1.));
#2518 = ( GEOMETRIC_REPRESENTATION_CONTEXT(2) 
PARAMETRIC_REPRESENTATION_CONTEXT() REPRESENTATION_CONTEXT('2D SPACE',''
  ) );
#2519 = ADVANCED_FACE('',(#2520),#2397,.T.);
#2520 = FACE_BOUND('',#2521,.T.);
#2521 = EDGE_LOOP('',(#2522,#2545,#2546,#2547));
#2522 = ORIENTED_EDGE('',*,*,#2523,.F.);
#2523 = EDGE_CURVE('',#2450,#2524,#2526,.T.);
#2524 = VERTEX_POINT('',#2525);
#2525 = CARTESIAN_POINT('',(171.90356586536,28.819339853554,
    -91.36215994754));
#2526 = SURFACE_CURVE('',#2527,(#2531,#2538),.PCURVE_S1.);
#2527 = LINE('',#2528,#2529);
#2528 = CARTESIAN_POINT('',(171.90356586536,29.252352555446,
    -92.11215994754));
#2529 = VECTOR('',#2530,1.);
#2530 = DIRECTION('',(-1.060575238725E-16,-0.5,0.866025403784));
#2531 = PCURVE('',#2397,#2532);
#2532 = DEFINITIONAL_REPRESENTATION('',(#2533),#2537);
#2533 = LINE('',#2534,#2535);
#2534 = CARTESIAN_POINT('',(0.,0.));
#2535 = VECTOR('',#2536,1.);
#2536 = DIRECTION('',(1.,0.));
#2537 = ( GEOMETRIC_REPRESENTATION_CONTEXT(2) 
PARAMETRIC_REPRESENTATION_CONTEXT() REPRESENTATION_CONTEXT('2D SPACE',''
  ) );
#2538 = PCURVE('',#2465,#2539);
#2539 = DEFINITIONAL_REPRESENTATION('',(#2540),#2544);
#2540 = LINE('',#2541,#2542);
#2541 = CARTESIAN_POINT('',(0.75,0.433012701892));
#2542 = VECTOR('',#2543,1.);
#2543 = DIRECTION('',(-0.866025403784,0.5));
#2544 = ( GEOMETRIC_REPRESENTATION_CONTEXT(2) 
PARAMETRIC_REPRESENTATION_CONTEXT() REPRESENTATION_CONTEXT('2D SPACE',''
  ) );
#2545 = ORIENTED_EDGE('',*,*,#2499,.T.);
#2546 = ORIENTED_EDGE('',*,*,#2383,.F.);
#2547 = ORIENTED_EDGE('',*,*,#2548,.F.);
#2548 = EDGE_CURVE('',#2524,#2356,#2549,.T.);
#2549 = SURFACE_CURVE('',#2550,(#2554,#2561),.PCURVE_S1.);
#2550 = LINE('',#2551,#2552);
#2551 = CARTESIAN_POINT('',(171.90356586536,28.819339853554,
    -91.36215994754));
#2552 = VECTOR('',#2553,1.);
#2553 = DIRECTION('',(-1.,0.,-1.224646799147E-16));
#2554 = PCURVE('',#2397,#2555);
#2555 = DEFINITIONAL_REPRESENTATION('',(#2556),#2560);
#2556 = LINE('',#2557,#2558);
#2557 = CARTESIAN_POINT('',(0.866025403784,9.184850993605E-17));
#2558 = VECTOR('',#2559,1.);
#2559 = DIRECTION('',(0.,-1.));
#2560 = ( GEOMETRIC_REPRESENTATION_CONTEXT(2) 
PARAMETRIC_REPRESENTATION_CONTEXT() REPRESENTATION_CONTEXT('2D SPACE',''
  ) );
#2561 = PCURVE('',#2371,#2562);
#2562 = DEFINITIONAL_REPRESENTATION('',(#2563),#2567);
#2563 = LINE('',#2564,#2565);
#2564 = CARTESIAN_POINT('',(0.,0.));
#2565 = VECTOR('',#2566,1.);
#2566 = DIRECTION('',(0.,-1.));
#2567 = ( GEOMETRIC_REPRESENTATION_CONTEXT(2) 
PARAMETRIC_REPRESENTATION_CONTEXT() REPRESENTATION_CONTEXT('2D SPACE',''
  ) );
#2568 = ADVANCED_FACE('',(#2569),#2371,.T.);
#2569 = FACE_BOUND('',#2570,.T.);
#2570 = EDGE_LOOP('',(#2571,#2594,#2595,#2596));
#2571 = ORIENTED_EDGE('',*,*,#2572,.F.);
#2572 = EDGE_CURVE('',#2524,#2573,#2575,.T.);
#2573 = VERTEX_POINT('',#2574);
#2574 = CARTESIAN_POINT('',(171.90356586536,29.252352555446,
    -90.61215994754));
#2575 = SURFACE_CURVE('',#2576,(#2580,#2587),.PCURVE_S1.);
#2576 = LINE('',#2577,#2578);
#2577 = CARTESIAN_POINT('',(171.90356586536,28.819339853554,
    -91.36215994754));
#2578 = VECTOR('',#2579,1.);
#2579 = DIRECTION('',(-1.060575238725E-16,0.5,0.866025403784));
#2580 = PCURVE('',#2371,#2581);
#2581 = DEFINITIONAL_REPRESENTATION('',(#2582),#2586);
#2582 = LINE('',#2583,#2584);
#2583 = CARTESIAN_POINT('',(0.,0.));
#2584 = VECTOR('',#2585,1.);
#2585 = DIRECTION('',(1.,0.));
#2586 = ( GEOMETRIC_REPRESENTATION_CONTEXT(2) 
PARAMETRIC_REPRESENTATION_CONTEXT() REPRESENTATION_CONTEXT('2D SPACE',''
  ) );
#2587 = PCURVE('',#2465,#2588);
#2588 = DEFINITIONAL_REPRESENTATION('',(#2589),#2593);
#2589 = LINE('',#2590,#2591);
#2590 = CARTESIAN_POINT('',(0.,0.866025403784));
#2591 = VECTOR('',#2592,1.);
#2592 = DIRECTION('',(-0.866025403784,-0.5));
#2593 = ( GEOMETRIC_REPRESENTATION_CONTEXT(2) 
PARAMETRIC_REPRESENTATION_CONTEXT() REPRESENTATION_CONTEXT('2D SPACE',''
  ) );
#2594 = ORIENTED_EDGE('',*,*,#2548,.T.);
#2595 = ORIENTED_EDGE('',*,*,#2355,.F.);
#2596 = ORIENTED_EDGE('',*,*,#2597,.F.);
#2597 = EDGE_CURVE('',#2573,#2328,#2598,.T.);
#2598 = SURFACE_CURVE('',#2599,(#2603,#2610),.PCURVE_S1.);
#2599 = LINE('',#2600,#2601);
#2600 = CARTESIAN_POINT('',(171.90356586536,29.252352555446,
    -90.61215994754));
#2601 = VECTOR('',#2602,1.);
#2602 = DIRECTION('',(-1.,0.,-1.224646799147E-16));
#2603 = PCURVE('',#2371,#2604);
#2604 = DEFINITIONAL_REPRESENTATION('',(#2605),#2609);
#2605 = LINE('',#2606,#2607);
#2606 = CARTESIAN_POINT('',(0.866025403784,9.184850993605E-17));
#2607 = VECTOR('',#2608,1.);
#2608 = DIRECTION('',(0.,-1.));
#2609 = ( GEOMETRIC_REPRESENTATION_CONTEXT(2) 
PARAMETRIC_REPRESENTATION_CONTEXT() REPRESENTATION_CONTEXT('2D SPACE',''
  ) );
#2610 = PCURVE('',#2343,#2611);
#2611 = DEFINITIONAL_REPRESENTATION('',(#2612),#2616);
#2612 = LINE('',#2613,#2614);
#2613 = CARTESIAN_POINT('',(0.,0.));
#2614 = VECTOR('',#2615,1.);
#2615 = DIRECTION('',(0.,-1.));
#2616 = ( GEOMETRIC_REPRESENTATION_CONTEXT(2) 
PARAMETRIC_REPRESENTATION_CONTEXT() REPRESENTATION_CONTEXT('2D SPACE',''
  ) );
#2617 = ADVANCED_FACE('',(#2618),#2343,.T.);
#2618 = FACE_BOUND('',#2619,.T.);
#2619 = EDGE_LOOP('',(#2620,#2643,#2644,#2645));
#2620 = ORIENTED_EDGE('',*,*,#2621,.F.);
#2621 = EDGE_CURVE('',#2573,#2622,#2624,.T.);
#2622 = VERTEX_POINT('',#2623);
#2623 = CARTESIAN_POINT('',(171.90356586536,30.118377959231,
    -90.61215994754));
#2624 = SURFACE_CURVE('',#2625,(#2629,#2636),.PCURVE_S1.);
#2625 = LINE('',#2626,#2627);
#2626 = CARTESIAN_POINT('',(171.90356586536,29.252352555446,
    -90.61215994754));
#2627 = VECTOR('',#2628,1.);
#2628 = DIRECTION('',(-7.849833662531E-32,1.,6.409875621279E-16));
#2629 = PCURVE('',#2343,#2630);
#2630 = DEFINITIONAL_REPRESENTATION('',(#2631),#2635);
#2631 = LINE('',#2632,#2633);
#2632 = CARTESIAN_POINT('',(0.,0.));
#2633 = VECTOR('',#2634,1.);
#2634 = DIRECTION('',(1.,0.));
#2635 = ( GEOMETRIC_REPRESENTATION_CONTEXT(2) 
PARAMETRIC_REPRESENTATION_CONTEXT() REPRESENTATION_CONTEXT('2D SPACE',''
  ) );
#2636 = PCURVE('',#2465,#2637);
#2637 = DEFINITIONAL_REPRESENTATION('',(#2638),#2642);
#2638 = LINE('',#2639,#2640);
#2639 = CARTESIAN_POINT('',(-0.75,0.433012701892));
#2640 = VECTOR('',#2641,1.);
#2641 = DIRECTION('',(-6.409875621279E-16,-1.));
#2642 = ( GEOMETRIC_REPRESENTATION_CONTEXT(2) 
PARAMETRIC_REPRESENTATION_CONTEXT() REPRESENTATION_CONTEXT('2D SPACE',''
  ) );
#2643 = ORIENTED_EDGE('',*,*,#2597,.T.);
#2644 = ORIENTED_EDGE('',*,*,#2327,.F.);
#2645 = ORIENTED_EDGE('',*,*,#2646,.F.);
#2646 = EDGE_CURVE('',#2622,#2300,#2647,.T.);
#2647 = SURFACE_CURVE('',#2648,(#2652,#2659),.PCURVE_S1.);
#2648 = LINE('',#2649,#2650);
#2649 = CARTESIAN_POINT('',(171.90356586536,30.118377959231,
    -90.61215994754));
#2650 = VECTOR('',#2651,1.);
#2651 = DIRECTION('',(-1.,0.,-1.224646799147E-16));
#2652 = PCURVE('',#2343,#2653);
#2653 = DEFINITIONAL_REPRESENTATION('',(#2654),#2658);
#2654 = LINE('',#2655,#2656);
#2655 = CARTESIAN_POINT('',(0.866025403784,0.));
#2656 = VECTOR('',#2657,1.);
#2657 = DIRECTION('',(0.,-1.));
#2658 = ( GEOMETRIC_REPRESENTATION_CONTEXT(2) 
PARAMETRIC_REPRESENTATION_CONTEXT() REPRESENTATION_CONTEXT('2D SPACE',''
  ) );
#2659 = PCURVE('',#2315,#2660);
#2660 = DEFINITIONAL_REPRESENTATION('',(#2661),#2665);
#2661 = LINE('',#2662,#2663);
#2662 = CARTESIAN_POINT('',(0.,0.));
#2663 = VECTOR('',#2664,1.);
#2664 = DIRECTION('',(0.,-1.));
#2665 = ( GEOMETRIC_REPRESENTATION_CONTEXT(2) 
PARAMETRIC_REPRESENTATION_CONTEXT() REPRESENTATION_CONTEXT('2D SPACE',''
  ) );
#2666 = ADVANCED_FACE('',(#2667),#2315,.T.);
#2667 = FACE_BOUND('',#2668,.T.);
#2668 = EDGE_LOOP('',(#2669,#2692,#2693,#2694));
#2669 = ORIENTED_EDGE('',*,*,#2670,.F.);
#2670 = EDGE_CURVE('',#2622,#2671,#2673,.T.);
#2671 = VERTEX_POINT('',#2672);
#2672 = CARTESIAN_POINT('',(171.90356586536,30.551390661123,
    -91.36215994754));
#2673 = SURFACE_CURVE('',#2674,(#2678,#2685),.PCURVE_S1.);
#2674 = LINE('',#2675,#2676);
#2675 = CARTESIAN_POINT('',(171.90356586536,30.118377959231,
    -90.61215994754));
#2676 = VECTOR('',#2677,1.);
#2677 = DIRECTION('',(1.060575238725E-16,0.5,-0.866025403784));
#2678 = PCURVE('',#2315,#2679);
#2679 = DEFINITIONAL_REPRESENTATION('',(#2680),#2684);
#2680 = LINE('',#2681,#2682);
#2681 = CARTESIAN_POINT('',(0.,0.));
#2682 = VECTOR('',#2683,1.);
#2683 = DIRECTION('',(1.,0.));
#2684 = ( GEOMETRIC_REPRESENTATION_CONTEXT(2) 
PARAMETRIC_REPRESENTATION_CONTEXT() REPRESENTATION_CONTEXT('2D SPACE',''
  ) );
#2685 = PCURVE('',#2465,#2686);
#2686 = DEFINITIONAL_REPRESENTATION('',(#2687),#2691);
#2687 = LINE('',#2688,#2689);
#2688 = CARTESIAN_POINT('',(-0.75,-0.433012701892));
#2689 = VECTOR('',#2690,1.);
#2690 = DIRECTION('',(0.866025403784,-0.5));
#2691 = ( GEOMETRIC_REPRESENTATION_CONTEXT(2) 
PARAMETRIC_REPRESENTATION_CONTEXT() REPRESENTATION_CONTEXT('2D SPACE',''
  ) );
#2692 = ORIENTED_EDGE('',*,*,#2646,.T.);
#2693 = ORIENTED_EDGE('',*,*,#2299,.F.);
#2694 = ORIENTED_EDGE('',*,*,#2695,.F.);
#2695 = EDGE_CURVE('',#2671,#2272,#2696,.T.);
#2696 = SURFACE_CURVE('',#2697,(#2701,#2708),.PCURVE_S1.);
#2697 = LINE('',#2698,#2699);
#2698 = CARTESIAN_POINT('',(171.90356586536,30.551390661123,
    -91.36215994754));
#2699 = VECTOR('',#2700,1.);
#2700 = DIRECTION('',(-1.,0.,-1.224646799147E-16));
#2701 = PCURVE('',#2315,#2702);
#2702 = DEFINITIONAL_REPRESENTATION('',(#2703),#2707);
#2703 = LINE('',#2704,#2705);
#2704 = CARTESIAN_POINT('',(0.866025403784,-9.184850993605E-17));
#2705 = VECTOR('',#2706,1.);
#2706 = DIRECTION('',(0.,-1.));
#2707 = ( GEOMETRIC_REPRESENTATION_CONTEXT(2) 
PARAMETRIC_REPRESENTATION_CONTEXT() REPRESENTATION_CONTEXT('2D SPACE',''
  ) );
#2708 = PCURVE('',#2287,#2709);
#2709 = DEFINITIONAL_REPRESENTATION('',(#2710),#2714);
#2710 = LINE('',#2711,#2712);
#2711 = CARTESIAN_POINT('',(0.,0.));
#2712 = VECTOR('',#2713,1.);
#2713 = DIRECTION('',(0.,-1.));
#2714 = ( GEOMETRIC_REPRESENTATION_CONTEXT(2) 
PARAMETRIC_REPRESENTATION_CONTEXT() REPRESENTATION_CONTEXT('2D SPACE',''
  ) );
#2715 = ADVANCED_FACE('',(#2716),#2287,.T.);
#2716 = FACE_BOUND('',#2717,.T.);
#2717 = EDGE_LOOP('',(#2718,#2739,#2740,#2741));
#2718 = ORIENTED_EDGE('',*,*,#2719,.F.);
#2719 = EDGE_CURVE('',#2671,#2448,#2720,.T.);
#2720 = SURFACE_CURVE('',#2721,(#2725,#2732),.PCURVE_S1.);
#2721 = LINE('',#2722,#2723);
#2722 = CARTESIAN_POINT('',(171.90356586536,30.551390661123,
    -91.36215994754));
#2723 = VECTOR('',#2724,1.);
#2724 = DIRECTION('',(1.060575238725E-16,-0.5,-0.866025403784));
#2725 = PCURVE('',#2287,#2726);
#2726 = DEFINITIONAL_REPRESENTATION('',(#2727),#2731);
#2727 = LINE('',#2728,#2729);
#2728 = CARTESIAN_POINT('',(0.,0.));
#2729 = VECTOR('',#2730,1.);
#2730 = DIRECTION('',(1.,0.));
#2731 = ( GEOMETRIC_REPRESENTATION_CONTEXT(2) 
PARAMETRIC_REPRESENTATION_CONTEXT() REPRESENTATION_CONTEXT('2D SPACE',''
  ) );
#2732 = PCURVE('',#2465,#2733);
#2733 = DEFINITIONAL_REPRESENTATION('',(#2734),#2738);
#2734 = LINE('',#2735,#2736);
#2735 = CARTESIAN_POINT('',(0.,-0.866025403784));
#2736 = VECTOR('',#2737,1.);
#2737 = DIRECTION('',(0.866025403784,0.5));
#2738 = ( GEOMETRIC_REPRESENTATION_CONTEXT(2) 
PARAMETRIC_REPRESENTATION_CONTEXT() REPRESENTATION_CONTEXT('2D SPACE',''
  ) );
#2739 = ORIENTED_EDGE('',*,*,#2695,.T.);
#2740 = ORIENTED_EDGE('',*,*,#2271,.F.);
#2741 = ORIENTED_EDGE('',*,*,#2477,.F.);
#2742 = ADVANCED_FACE('',(#2743),#2432,.T.);
#2743 = FACE_BOUND('',#2744,.T.);
#2744 = EDGE_LOOP('',(#2745,#2746,#2769,#2796));
#2745 = ORIENTED_EDGE('',*,*,#2415,.F.);
#2746 = ORIENTED_EDGE('',*,*,#2747,.F.);
#2747 = EDGE_CURVE('',#2748,#2416,#2750,.T.);
#2748 = VERTEX_POINT('',#2749);
#2749 = CARTESIAN_POINT('',(180.70356586536,29.685365257339,
    -92.36215994754));
#2750 = SEAM_CURVE('',#2751,(#2755,#2762),.PCURVE_S1.);
#2751 = LINE('',#2752,#2753);
#2752 = CARTESIAN_POINT('',(180.70356586536,29.685365257339,
    -92.36215994754));
#2753 = VECTOR('',#2754,1.);
#2754 = DIRECTION('',(-1.,0.,-1.224646799147E-16));
#2755 = PCURVE('',#2432,#2756);
#2756 = DEFINITIONAL_REPRESENTATION('',(#2757),#2761);
#2757 = LINE('',#2758,#2759);
#2758 = CARTESIAN_POINT('',(6.28318530718,-0.));
#2759 = VECTOR('',#2760,1.);
#2760 = DIRECTION('',(0.,1.));
#2761 = ( GEOMETRIC_REPRESENTATION_CONTEXT(2) 
PARAMETRIC_REPRESENTATION_CONTEXT() REPRESENTATION_CONTEXT('2D SPACE',''
  ) );
#2762 = PCURVE('',#2432,#2763);
#2763 = DEFINITIONAL_REPRESENTATION('',(#2764),#2768);
#2764 = LINE('',#2765,#2766);
#2765 = CARTESIAN_POINT('',(0.,-0.));
#2766 = VECTOR('',#2767,1.);
#2767 = DIRECTION('',(0.,1.));
#2768 = ( GEOMETRIC_REPRESENTATION_CONTEXT(2) 
PARAMETRIC_REPRESENTATION_CONTEXT() REPRESENTATION_CONTEXT('2D SPACE',''
  ) );
#2769 = ORIENTED_EDGE('',*,*,#2770,.T.);
#2770 = EDGE_CURVE('',#2748,#2748,#2771,.T.);
#2771 = SURFACE_CURVE('',#2772,(#2777,#2784),.PCURVE_S1.);
#2772 = CIRCLE('',#2773,1.);
#2773 = AXIS2_PLACEMENT_3D('',#2774,#2775,#2776);
#2774 = CARTESIAN_POINT('',(180.70356586536,29.685365257339,
    -91.36215994754));
#2775 = DIRECTION('',(-1.,0.,-1.224646799147E-16));
#2776 = DIRECTION('',(1.224646799147E-16,0.,-1.));
#2777 = PCURVE('',#2432,#2778);
#2778 = DEFINITIONAL_REPRESENTATION('',(#2779),#2783);
#2779 = LINE('',#2780,#2781);
#2780 = CARTESIAN_POINT('',(0.,0.));
#2781 = VECTOR('',#2782,1.);
#2782 = DIRECTION('',(1.,0.));
#2783 = ( GEOMETRIC_REPRESENTATION_CONTEXT(2) 
PARAMETRIC_REPRESENTATION_CONTEXT() REPRESENTATION_CONTEXT('2D SPACE',''
  ) );
#2784 = PCURVE('',#2785,#2790);
#2785 = PLANE('',#2786);
#2786 = AXIS2_PLACEMENT_3D('',#2787,#2788,#2789);
#2787 = CARTESIAN_POINT('',(180.70356586536,29.685365257339,
    -91.36215994754));
#2788 = DIRECTION('',(-1.,0.,-1.224646799147E-16));
#2789 = DIRECTION('',(1.224646799147E-16,0.,-1.));
#2790 = DEFINITIONAL_REPRESENTATION('',(#2791),#2795);
#2791 = CIRCLE('',#2792,1.);
#2792 = AXIS2_PLACEMENT_2D('',#2793,#2794);
#2793 = CARTESIAN_POINT('',(0.,0.));
#2794 = DIRECTION('',(1.,0.));
#2795 = ( GEOMETRIC_REPRESENTATION_CONTEXT(2) 
PARAMETRIC_REPRESENTATION_CONTEXT() REPRESENTATION_CONTEXT('2D SPACE',''
  ) );
#2796 = ORIENTED_EDGE('',*,*,#2747,.T.);
#2797 = ADVANCED_FACE('',(#2798),#2465,.T.);
#2798 = FACE_BOUND('',#2799,.T.);
#2799 = EDGE_LOOP('',(#2800,#2801,#2802,#2803,#2804,#2805));
#2800 = ORIENTED_EDGE('',*,*,#2719,.T.);
#2801 = ORIENTED_EDGE('',*,*,#2447,.T.);
#2802 = ORIENTED_EDGE('',*,*,#2523,.T.);
#2803 = ORIENTED_EDGE('',*,*,#2572,.T.);
#2804 = ORIENTED_EDGE('',*,*,#2621,.T.);
#2805 = ORIENTED_EDGE('',*,*,#2670,.T.);
#2806 = ADVANCED_FACE('',(#2807),#2785,.F.);
#2807 = FACE_BOUND('',#2808,.T.);
#2808 = EDGE_LOOP('',(#2809));
#2809 = ORIENTED_EDGE('',*,*,#2770,.F.);
#2810 = ( GEOMETRIC_REPRESENTATION_CONTEXT(3) 
GLOBAL_UNCERTAINTY_ASSIGNED_CONTEXT((#2814)) 
GLOBAL_UNIT_ASSIGNED_CONTEXT((#2811,#2812,#2813)) REPRESENTATION_CONTEXT
('Context #1','3D Context with UNIT and UNCERTAINTY') );
#2811 = ( LENGTH_UNIT() NAMED_UNIT(*) SI_UNIT(.MILLI.,.METRE.) );
#2812 = ( NAMED_UNIT(*) PLANE_ANGLE_UNIT() SI_UNIT($,.RADIAN.) );
#2813 = ( NAMED_UNIT(*) SI_UNIT($,.STERADIAN.) SOLID_ANGLE_UNIT() );
#2814 = UNCERTAINTY_MEASURE_WITH_UNIT(LENGTH_MEASURE(1.E-07),#2811,
  'distance_accuracy_value','confusion accuracy');
#2815 = CONTEXT_DEPENDENT_SHAPE_REPRESENTATION(#2816,#2818);
#2816 = ( REPRESENTATION_RELATIONSHIP('','',#2143,#10) 
REPRESENTATION_RELATIONSHIP_WITH_TRANSFORMATION(#2817) 
SHAPE_REPRESENTATION_RELATIONSHIP() );
#2817 = ITEM_DEFINED_TRANSFORMATION('','',#11,#27);
#2818 = PRODUCT_DEFINITION_SHAPE('Placement','Placement of an item',
  #2819);
#2819 = NEXT_ASSEMBLY_USAGE_OCCURRENCE('52','','',#5,#2138,$);
#2820 = PRODUCT_RELATED_PRODUCT_CATEGORY('part',$,(#2140));
#2821 = SHAPE_DEFINITION_REPRESENTATION(#2822,#2828);
#2822 = PRODUCT_DEFINITION_SHAPE('','',#2823);
#2823 = PRODUCT_DEFINITION('design','',#2824,#2827);
#2824 = PRODUCT_DEFINITION_FORMATION('','',#2825);
#2825 = PRODUCT('Open CASCADE STEP translator 7.9 10.5',
  'Open CASCADE STEP translator 7.9 10.5','',(#2826));
#2826 = PRODUCT_CONTEXT('',#2,'mechanical');
#2827 = PRODUCT_DEFINITION_CONTEXT('part definition',#2,'design');
#2828 = ADVANCED_BREP_SHAPE_REPRESENTATION('',(#11,#2829),#3495);
#2829 = MANIFOLD_SOLID_BREP('',#2830);
#2830 = CLOSED_SHELL('',(#2831,#2919,#3093,#3128,#3204,#3253,#3302,#3351
    ,#3400,#3427,#3482,#3491));
#2831 = ADVANCED_FACE('',(#2832),#2845,.T.);
#2832 = FACE_BOUND('',#2833,.T.);
#2833 = EDGE_LOOP('',(#2834,#2868,#2891,#2918));
#2834 = ORIENTED_EDGE('',*,*,#2835,.F.);
#2835 = EDGE_CURVE('',#2836,#2836,#2838,.T.);
#2836 = VERTEX_POINT('',#2837);
#2837 = CARTESIAN_POINT('',(170.70356586536,-10.04140765191,
    -97.43761203374));
#2838 = SURFACE_CURVE('',#2839,(#2844,#2856),.PCURVE_S1.);
#2839 = CIRCLE('',#2840,1.9);
#2840 = AXIS2_PLACEMENT_3D('',#2841,#2842,#2843);
#2841 = CARTESIAN_POINT('',(170.70356586536,-10.04140765191,
    -95.53761203374));
#2842 = DIRECTION('',(-1.,0.,-1.224646799147E-16));
#2843 = DIRECTION('',(1.224646799147E-16,0.,-1.));
#2844 = PCURVE('',#2845,#2850);
#2845 = CYLINDRICAL_SURFACE('',#2846,1.9);
#2846 = AXIS2_PLACEMENT_3D('',#2847,#2848,#2849);
#2847 = CARTESIAN_POINT('',(172.70356586536,-10.04140765191,
    -95.53761203374));
#2848 = DIRECTION('',(-1.,0.,-1.224646799147E-16));
#2849 = DIRECTION('',(1.224646799147E-16,0.,-1.));
#2850 = DEFINITIONAL_REPRESENTATION('',(#2851),#2855);
#2851 = LINE('',#2852,#2853);
#2852 = CARTESIAN_POINT('',(0.,2.));
#2853 = VECTOR('',#2854,1.);
#2854 = DIRECTION('',(1.,0.));
#2855 = ( GEOMETRIC_REPRESENTATION_CONTEXT(2) 
PARAMETRIC_REPRESENTATION_CONTEXT() REPRESENTATION_CONTEXT('2D SPACE',''
  ) );
#2856 = PCURVE('',#2857,#2862);
#2857 = PLANE('',#2858);
#2858 = AXIS2_PLACEMENT_3D('',#2859,#2860,#2861);
#2859 = CARTESIAN_POINT('',(170.70356586536,-10.04140765191,
    -95.53761203374));
#2860 = DIRECTION('',(-1.,0.,-1.224646799147E-16));
#2861 = DIRECTION('',(1.224646799147E-16,0.,-1.));
#2862 = DEFINITIONAL_REPRESENTATION('',(#2863),#2867);
#2863 = CIRCLE('',#2864,1.9);
#2864 = AXIS2_PLACEMENT_2D('',#2865,#2866);
#2865 = CARTESIAN_POINT('',(0.,0.));
#2866 = DIRECTION('',(1.,0.));
#2867 = ( GEOMETRIC_REPRESENTATION_CONTEXT(2) 
PARAMETRIC_REPRESENTATION_CONTEXT() REPRESENTATION_CONTEXT('2D SPACE',''
  ) );
#2868 = ORIENTED_EDGE('',*,*,#2869,.F.);
#2869 = EDGE_CURVE('',#2870,#2836,#2872,.T.);
#2870 = VERTEX_POINT('',#2871);
#2871 = CARTESIAN_POINT('',(172.70356586536,-10.04140765191,
    -97.43761203374));
#2872 = SEAM_CURVE('',#2873,(#2877,#2884),.PCURVE_S1.);
#2873 = LINE('',#2874,#2875);
#2874 = CARTESIAN_POINT('',(172.70356586536,-10.04140765191,
    -97.43761203374));
#2875 = VECTOR('',#2876,1.);
#2876 = DIRECTION('',(-1.,0.,-1.224646799147E-16));
#2877 = PCURVE('',#2845,#2878);
#2878 = DEFINITIONAL_REPRESENTATION('',(#2879),#2883);
#2879 = LINE('',#2880,#2881);
#2880 = CARTESIAN_POINT('',(6.28318530718,-0.));
#2881 = VECTOR('',#2882,1.);
#2882 = DIRECTION('',(0.,1.));
#2883 = ( GEOMETRIC_REPRESENTATION_CONTEXT(2) 
PARAMETRIC_REPRESENTATION_CONTEXT() REPRESENTATION_CONTEXT('2D SPACE',''
  ) );
#2884 = PCURVE('',#2845,#2885);
#2885 = DEFINITIONAL_REPRESENTATION('',(#2886),#2890);
#2886 = LINE('',#2887,#2888);
#2887 = CARTESIAN_POINT('',(0.,-0.));
#2888 = VECTOR('',#2889,1.);
#2889 = DIRECTION('',(0.,1.));
#2890 = ( GEOMETRIC_REPRESENTATION_CONTEXT(2) 
PARAMETRIC_REPRESENTATION_CONTEXT() REPRESENTATION_CONTEXT('2D SPACE',''
  ) );
#2891 = ORIENTED_EDGE('',*,*,#2892,.T.);
#2892 = EDGE_CURVE('',#2870,#2870,#2893,.T.);
#2893 = SURFACE_CURVE('',#2894,(#2899,#2906),.PCURVE_S1.);
#2894 = CIRCLE('',#2895,1.9);
#2895 = AXIS2_PLACEMENT_3D('',#2896,#2897,#2898);
#2896 = CARTESIAN_POINT('',(172.70356586536,-10.04140765191,
    -95.53761203374));
#2897 = DIRECTION('',(-1.,0.,-1.224646799147E-16));
#2898 = DIRECTION('',(1.224646799147E-16,0.,-1.));
#2899 = PCURVE('',#2845,#2900);
#2900 = DEFINITIONAL_REPRESENTATION('',(#2901),#2905);
#2901 = LINE('',#2902,#2903);
#2902 = CARTESIAN_POINT('',(0.,0.));
#2903 = VECTOR('',#2904,1.);
#2904 = DIRECTION('',(1.,0.));
#2905 = ( GEOMETRIC_REPRESENTATION_CONTEXT(2) 
PARAMETRIC_REPRESENTATION_CONTEXT() REPRESENTATION_CONTEXT('2D SPACE',''
  ) );
#2906 = PCURVE('',#2907,#2912);
#2907 = PLANE('',#2908);
#2908 = AXIS2_PLACEMENT_3D('',#2909,#2910,#2911);
#2909 = CARTESIAN_POINT('',(172.70356586536,-10.04140765191,
    -95.53761203374));
#2910 = DIRECTION('',(-1.,0.,-1.224646799147E-16));
#2911 = DIRECTION('',(1.224646799147E-16,0.,-1.));
#2912 = DEFINITIONAL_REPRESENTATION('',(#2913),#2917);
#2913 = CIRCLE('',#2914,1.9);
#2914 = AXIS2_PLACEMENT_2D('',#2915,#2916);
#2915 = CARTESIAN_POINT('',(0.,0.));
#2916 = DIRECTION('',(1.,0.));
#2917 = ( GEOMETRIC_REPRESENTATION_CONTEXT(2) 
PARAMETRIC_REPRESENTATION_CONTEXT() REPRESENTATION_CONTEXT('2D SPACE',''
  ) );
#2918 = ORIENTED_EDGE('',*,*,#2869,.T.);
#2919 = ADVANCED_FACE('',(#2920,#2923),#2857,.T.);
#2920 = FACE_BOUND('',#2921,.T.);
#2921 = EDGE_LOOP('',(#2922));
#2922 = ORIENTED_EDGE('',*,*,#2835,.T.);
#2923 = FACE_BOUND('',#2924,.T.);
#2924 = EDGE_LOOP('',(#2925,#2955,#2983,#3011,#3039,#3067));
#2925 = ORIENTED_EDGE('',*,*,#2926,.T.);
#2926 = EDGE_CURVE('',#2927,#2929,#2931,.T.);
#2927 = VERTEX_POINT('',#2928);
#2928 = CARTESIAN_POINT('',(170.70356586536,-10.4744203538,
    -96.28761203374));
#2929 = VERTEX_POINT('',#2930);
#2930 = CARTESIAN_POINT('',(170.70356586536,-9.608394950024,
    -96.28761203374));
#2931 = SURFACE_CURVE('',#2932,(#2936,#2943),.PCURVE_S1.);
#2932 = LINE('',#2933,#2934);
#2933 = CARTESIAN_POINT('',(170.70356586536,-9.82490130097,
    -96.28761203374));
#2934 = VECTOR('',#2935,1.);
#2935 = DIRECTION('',(-1.569966732506E-32,1.,1.281975124256E-16));
#2936 = PCURVE('',#2857,#2937);
#2937 = DEFINITIONAL_REPRESENTATION('',(#2938),#2942);
#2938 = LINE('',#2939,#2940);
#2939 = CARTESIAN_POINT('',(0.75,-0.216506350946));
#2940 = VECTOR('',#2941,1.);
#2941 = DIRECTION('',(-1.281975124256E-16,-1.));
#2942 = ( GEOMETRIC_REPRESENTATION_CONTEXT(2) 
PARAMETRIC_REPRESENTATION_CONTEXT() REPRESENTATION_CONTEXT('2D SPACE',''
  ) );
#2943 = PCURVE('',#2944,#2949);
#2944 = PLANE('',#2945);
#2945 = AXIS2_PLACEMENT_3D('',#2946,#2947,#2948);
#2946 = CARTESIAN_POINT('',(171.90356586536,-9.608394950024,
    -96.28761203374));
#2947 = DIRECTION('',(-1.224646799147E-16,-1.281975124256E-16,1.));
#2948 = DIRECTION('',(1.569966732506E-32,-1.,-1.281975124256E-16));
#2949 = DEFINITIONAL_REPRESENTATION('',(#2950),#2954);
#2950 = LINE('',#2951,#2952);
#2951 = CARTESIAN_POINT('',(0.216506350946,-1.2));
#2952 = VECTOR('',#2953,1.);
#2953 = DIRECTION('',(-1.,0.));
#2954 = ( GEOMETRIC_REPRESENTATION_CONTEXT(2) 
PARAMETRIC_REPRESENTATION_CONTEXT() REPRESENTATION_CONTEXT('2D SPACE',''
  ) );
#2955 = ORIENTED_EDGE('',*,*,#2956,.T.);
#2956 = EDGE_CURVE('',#2929,#2957,#2959,.T.);
#2957 = VERTEX_POINT('',#2958);
#2958 = CARTESIAN_POINT('',(170.70356586536,-9.175382248131,
    -95.53761203374));
#2959 = SURFACE_CURVE('',#2960,(#2964,#2971),.PCURVE_S1.);
#2960 = LINE('',#2961,#2962);
#2961 = CARTESIAN_POINT('',(170.70356586536,-9.283635423604,
    -95.72511203374));
#2962 = VECTOR('',#2963,1.);
#2963 = DIRECTION('',(-1.060575238725E-16,0.5,0.866025403784));
#2964 = PCURVE('',#2857,#2965);
#2965 = DEFINITIONAL_REPRESENTATION('',(#2966),#2970);
#2966 = LINE('',#2967,#2968);
#2967 = CARTESIAN_POINT('',(0.1875,-0.757772228311));
#2968 = VECTOR('',#2969,1.);
#2969 = DIRECTION('',(-0.866025403784,-0.5));
#2970 = ( GEOMETRIC_REPRESENTATION_CONTEXT(2) 
PARAMETRIC_REPRESENTATION_CONTEXT() REPRESENTATION_CONTEXT('2D SPACE',''
  ) );
#2971 = PCURVE('',#2972,#2977);
#2972 = PLANE('',#2973);
#2973 = AXIS2_PLACEMENT_3D('',#2974,#2975,#2976);
#2974 = CARTESIAN_POINT('',(171.90356586536,-9.175382248131,
    -95.53761203374));
#2975 = DIRECTION('',(-6.123233995737E-17,-0.866025403784,0.5));
#2976 = DIRECTION('',(1.060575238725E-16,-0.5,-0.866025403784));
#2977 = DEFINITIONAL_REPRESENTATION('',(#2978),#2982);
#2978 = LINE('',#2979,#2980);
#2979 = CARTESIAN_POINT('',(0.216506350946,-1.2));
#2980 = VECTOR('',#2981,1.);
#2981 = DIRECTION('',(-1.,0.));
#2982 = ( GEOMETRIC_REPRESENTATION_CONTEXT(2) 
PARAMETRIC_REPRESENTATION_CONTEXT() REPRESENTATION_CONTEXT('2D SPACE',''
  ) );
#2983 = ORIENTED_EDGE('',*,*,#2984,.T.);
#2984 = EDGE_CURVE('',#2957,#2985,#2987,.T.);
#2985 = VERTEX_POINT('',#2986);
#2986 = CARTESIAN_POINT('',(170.70356586536,-9.608394950024,
    -94.78761203374));
#2987 = SURFACE_CURVE('',#2988,(#2992,#2999),.PCURVE_S1.);
#2988 = LINE('',#2989,#2990);
#2989 = CARTESIAN_POINT('',(170.70356586536,-9.50014177455,
    -94.97511203374));
#2990 = VECTOR('',#2991,1.);
#2991 = DIRECTION('',(-1.060575238725E-16,-0.5,0.866025403784));
#2992 = PCURVE('',#2857,#2993);
#2993 = DEFINITIONAL_REPRESENTATION('',(#2994),#2998);
#2994 = LINE('',#2995,#2996);
#2995 = CARTESIAN_POINT('',(-0.5625,-0.541265877365));
#2996 = VECTOR('',#2997,1.);
#2997 = DIRECTION('',(-0.866025403784,0.5));
#2998 = ( GEOMETRIC_REPRESENTATION_CONTEXT(2) 
PARAMETRIC_REPRESENTATION_CONTEXT() REPRESENTATION_CONTEXT('2D SPACE',''
  ) );
#2999 = PCURVE('',#3000,#3005);
#3000 = PLANE('',#3001);
#3001 = AXIS2_PLACEMENT_3D('',#3002,#3003,#3004);
#3002 = CARTESIAN_POINT('',(171.90356586536,-9.608394950024,
    -94.78761203374));
#3003 = DIRECTION('',(6.123233995737E-17,-0.866025403784,-0.5));
#3004 = DIRECTION('',(1.060575238725E-16,0.5,-0.866025403784));
#3005 = DEFINITIONAL_REPRESENTATION('',(#3006),#3010);
#3006 = LINE('',#3007,#3008);
#3007 = CARTESIAN_POINT('',(0.216506350946,-1.2));
#3008 = VECTOR('',#3009,1.);
#3009 = DIRECTION('',(-1.,0.));
#3010 = ( GEOMETRIC_REPRESENTATION_CONTEXT(2) 
PARAMETRIC_REPRESENTATION_CONTEXT() REPRESENTATION_CONTEXT('2D SPACE',''
  ) );
#3011 = ORIENTED_EDGE('',*,*,#3012,.T.);
#3012 = EDGE_CURVE('',#2985,#3013,#3015,.T.);
#3013 = VERTEX_POINT('',#3014);
#3014 = CARTESIAN_POINT('',(170.70356586536,-10.4744203538,
    -94.78761203374));
#3015 = SURFACE_CURVE('',#3016,(#3020,#3027),.PCURVE_S1.);
#3016 = LINE('',#3017,#3018);
#3017 = CARTESIAN_POINT('',(170.70356586536,-10.25791400286,
    -94.78761203374));
#3018 = VECTOR('',#3019,1.);
#3019 = DIRECTION('',(7.849833662531E-32,-1.,-6.409875621279E-16));
#3020 = PCURVE('',#2857,#3021);
#3021 = DEFINITIONAL_REPRESENTATION('',(#3022),#3026);
#3022 = LINE('',#3023,#3024);
#3023 = CARTESIAN_POINT('',(-0.75,0.216506350946));
#3024 = VECTOR('',#3025,1.);
#3025 = DIRECTION('',(6.409875621279E-16,1.));
#3026 = ( GEOMETRIC_REPRESENTATION_CONTEXT(2) 
PARAMETRIC_REPRESENTATION_CONTEXT() REPRESENTATION_CONTEXT('2D SPACE',''
  ) );
#3027 = PCURVE('',#3028,#3033);
#3028 = PLANE('',#3029);
#3029 = AXIS2_PLACEMENT_3D('',#3030,#3031,#3032);
#3030 = CARTESIAN_POINT('',(171.90356586536,-10.4744203538,
    -94.78761203374));
#3031 = DIRECTION('',(1.224646799147E-16,6.409875621279E-16,-1.));
#3032 = DIRECTION('',(-7.849833662531E-32,1.,6.409875621279E-16));
#3033 = DEFINITIONAL_REPRESENTATION('',(#3034),#3038);
#3034 = LINE('',#3035,#3036);
#3035 = CARTESIAN_POINT('',(0.216506350946,-1.2));
#3036 = VECTOR('',#3037,1.);
#3037 = DIRECTION('',(-1.,0.));
#3038 = ( GEOMETRIC_REPRESENTATION_CONTEXT(2) 
PARAMETRIC_REPRESENTATION_CONTEXT() REPRESENTATION_CONTEXT('2D SPACE',''
  ) );
#3039 = ORIENTED_EDGE('',*,*,#3040,.T.);
#3040 = EDGE_CURVE('',#3013,#3041,#3043,.T.);
#3041 = VERTEX_POINT('',#3042);
#3042 = CARTESIAN_POINT('',(170.70356586536,-10.9074330557,
    -95.53761203374));
#3043 = SURFACE_CURVE('',#3044,(#3048,#3055),.PCURVE_S1.);
#3044 = LINE('',#3045,#3046);
#3045 = CARTESIAN_POINT('',(170.70356586536,-10.79917988022,
    -95.35011203374));
#3046 = VECTOR('',#3047,1.);
#3047 = DIRECTION('',(1.060575238725E-16,-0.5,-0.866025403784));
#3048 = PCURVE('',#2857,#3049);
#3049 = DEFINITIONAL_REPRESENTATION('',(#3050),#3054);
#3050 = LINE('',#3051,#3052);
#3051 = CARTESIAN_POINT('',(-0.1875,0.757772228311));
#3052 = VECTOR('',#3053,1.);
#3053 = DIRECTION('',(0.866025403784,0.5));
#3054 = ( GEOMETRIC_REPRESENTATION_CONTEXT(2) 
PARAMETRIC_REPRESENTATION_CONTEXT() REPRESENTATION_CONTEXT('2D SPACE',''
  ) );
#3055 = PCURVE('',#3056,#3061);
#3056 = PLANE('',#3057);
#3057 = AXIS2_PLACEMENT_3D('',#3058,#3059,#3060);
#3058 = CARTESIAN_POINT('',(171.90356586536,-10.9074330557,
    -95.53761203374));
#3059 = DIRECTION('',(6.123233995737E-17,0.866025403784,-0.5));
#3060 = DIRECTION('',(-1.060575238725E-16,0.5,0.866025403784));
#3061 = DEFINITIONAL_REPRESENTATION('',(#3062),#3066);
#3062 = LINE('',#3063,#3064);
#3063 = CARTESIAN_POINT('',(0.216506350946,-1.2));
#3064 = VECTOR('',#3065,1.);
#3065 = DIRECTION('',(-1.,0.));
#3066 = ( GEOMETRIC_REPRESENTATION_CONTEXT(2) 
PARAMETRIC_REPRESENTATION_CONTEXT() REPRESENTATION_CONTEXT('2D SPACE',''
  ) );
#3067 = ORIENTED_EDGE('',*,*,#3068,.T.);
#3068 = EDGE_CURVE('',#3041,#2927,#3069,.T.);
#3069 = SURFACE_CURVE('',#3070,(#3074,#3081),.PCURVE_S1.);
#3070 = LINE('',#3071,#3072);
#3071 = CARTESIAN_POINT('',(170.70356586536,-10.58267352928,
    -96.10011203374));
#3072 = VECTOR('',#3073,1.);
#3073 = DIRECTION('',(1.060575238725E-16,0.5,-0.866025403784));
#3074 = PCURVE('',#2857,#3075);
#3075 = DEFINITIONAL_REPRESENTATION('',(#3076),#3080);
#3076 = LINE('',#3077,#3078);
#3077 = CARTESIAN_POINT('',(0.5625,0.541265877365));
#3078 = VECTOR('',#3079,1.);
#3079 = DIRECTION('',(0.866025403784,-0.5));
#3080 = ( GEOMETRIC_REPRESENTATION_CONTEXT(2) 
PARAMETRIC_REPRESENTATION_CONTEXT() REPRESENTATION_CONTEXT('2D SPACE',''
  ) );
#3081 = PCURVE('',#3082,#3087);
#3082 = PLANE('',#3083);
#3083 = AXIS2_PLACEMENT_3D('',#3084,#3085,#3086);
#3084 = CARTESIAN_POINT('',(171.90356586536,-10.4744203538,
    -96.28761203374));
#3085 = DIRECTION('',(-6.123233995737E-17,0.866025403784,0.5));
#3086 = DIRECTION('',(-1.060575238725E-16,-0.5,0.866025403784));
#3087 = DEFINITIONAL_REPRESENTATION('',(#3088),#3092);
#3088 = LINE('',#3089,#3090);
#3089 = CARTESIAN_POINT('',(0.216506350946,-1.2));
#3090 = VECTOR('',#3091,1.);
#3091 = DIRECTION('',(-1.,0.));
#3092 = ( GEOMETRIC_REPRESENTATION_CONTEXT(2) 
PARAMETRIC_REPRESENTATION_CONTEXT() REPRESENTATION_CONTEXT('2D SPACE',''
  ) );
#3093 = ADVANCED_FACE('',(#3094,#3097),#2907,.F.);
#3094 = FACE_BOUND('',#3095,.F.);
#3095 = EDGE_LOOP('',(#3096));
#3096 = ORIENTED_EDGE('',*,*,#2892,.T.);
#3097 = FACE_BOUND('',#3098,.F.);
#3098 = EDGE_LOOP('',(#3099));
#3099 = ORIENTED_EDGE('',*,*,#3100,.F.);
#3100 = EDGE_CURVE('',#3101,#3101,#3103,.T.);
#3101 = VERTEX_POINT('',#3102);
#3102 = CARTESIAN_POINT('',(172.70356586536,-10.04140765191,
    -96.53761203374));
#3103 = SURFACE_CURVE('',#3104,(#3109,#3116),.PCURVE_S1.);
#3104 = CIRCLE('',#3105,1.);
#3105 = AXIS2_PLACEMENT_3D('',#3106,#3107,#3108);
#3106 = CARTESIAN_POINT('',(172.70356586536,-10.04140765191,
    -95.53761203374));
#3107 = DIRECTION('',(-1.,0.,-1.224646799147E-16));
#3108 = DIRECTION('',(1.224646799147E-16,0.,-1.));
#3109 = PCURVE('',#2907,#3110);
#3110 = DEFINITIONAL_REPRESENTATION('',(#3111),#3115);
#3111 = CIRCLE('',#3112,1.);
#3112 = AXIS2_PLACEMENT_2D('',#3113,#3114);
#3113 = CARTESIAN_POINT('',(0.,0.));
#3114 = DIRECTION('',(1.,0.));
#3115 = ( GEOMETRIC_REPRESENTATION_CONTEXT(2) 
PARAMETRIC_REPRESENTATION_CONTEXT() REPRESENTATION_CONTEXT('2D SPACE',''
  ) );
#3116 = PCURVE('',#3117,#3122);
#3117 = CYLINDRICAL_SURFACE('',#3118,1.);
#3118 = AXIS2_PLACEMENT_3D('',#3119,#3120,#3121);
#3119 = CARTESIAN_POINT('',(180.70356586536,-10.04140765191,
    -95.53761203374));
#3120 = DIRECTION('',(-1.,0.,-1.224646799147E-16));
#3121 = DIRECTION('',(1.224646799147E-16,0.,-1.));
#3122 = DEFINITIONAL_REPRESENTATION('',(#3123),#3127);
#3123 = LINE('',#3124,#3125);
#3124 = CARTESIAN_POINT('',(0.,8.));
#3125 = VECTOR('',#3126,1.);
#3126 = DIRECTION('',(1.,0.));
#3127 = ( GEOMETRIC_REPRESENTATION_CONTEXT(2) 
PARAMETRIC_REPRESENTATION_CONTEXT() REPRESENTATION_CONTEXT('2D SPACE',''
  ) );
#3128 = ADVANCED_FACE('',(#3129),#2944,.T.);
#3129 = FACE_BOUND('',#3130,.T.);
#3130 = EDGE_LOOP('',(#3131,#3161,#3182,#3183));
#3131 = ORIENTED_EDGE('',*,*,#3132,.F.);
#3132 = EDGE_CURVE('',#3133,#3135,#3137,.T.);
#3133 = VERTEX_POINT('',#3134);
#3134 = CARTESIAN_POINT('',(171.90356586536,-9.608394950024,
    -96.28761203374));
#3135 = VERTEX_POINT('',#3136);
#3136 = CARTESIAN_POINT('',(171.90356586536,-10.4744203538,
    -96.28761203374));
#3137 = SURFACE_CURVE('',#3138,(#3142,#3149),.PCURVE_S1.);
#3138 = LINE('',#3139,#3140);
#3139 = CARTESIAN_POINT('',(171.90356586536,-9.608394950024,
    -96.28761203374));
#3140 = VECTOR('',#3141,1.);
#3141 = DIRECTION('',(1.569966732506E-32,-1.,-1.281975124256E-16));
#3142 = PCURVE('',#2944,#3143);
#3143 = DEFINITIONAL_REPRESENTATION('',(#3144),#3148);
#3144 = LINE('',#3145,#3146);
#3145 = CARTESIAN_POINT('',(0.,0.));
#3146 = VECTOR('',#3147,1.);
#3147 = DIRECTION('',(1.,0.));
#3148 = ( GEOMETRIC_REPRESENTATION_CONTEXT(2) 
PARAMETRIC_REPRESENTATION_CONTEXT() REPRESENTATION_CONTEXT('2D SPACE',''
  ) );
#3149 = PCURVE('',#3150,#3155);
#3150 = PLANE('',#3151);
#3151 = AXIS2_PLACEMENT_3D('',#3152,#3153,#3154);
#3152 = CARTESIAN_POINT('',(171.90356586536,-10.04140765191,
    -95.53761203374));
#3153 = DIRECTION('',(-1.,0.,-1.224646799147E-16));
#3154 = DIRECTION('',(1.224646799147E-16,0.,-1.));
#3155 = DEFINITIONAL_REPRESENTATION('',(#3156),#3160);
#3156 = LINE('',#3157,#3158);
#3157 = CARTESIAN_POINT('',(0.75,-0.433012701892));
#3158 = VECTOR('',#3159,1.);
#3159 = DIRECTION('',(1.281975124256E-16,1.));
#3160 = ( GEOMETRIC_REPRESENTATION_CONTEXT(2) 
PARAMETRIC_REPRESENTATION_CONTEXT() REPRESENTATION_CONTEXT('2D SPACE',''
  ) );
#3161 = ORIENTED_EDGE('',*,*,#3162,.T.);
#3162 = EDGE_CURVE('',#3133,#2929,#3163,.T.);
#3163 = SURFACE_CURVE('',#3164,(#3168,#3175),.PCURVE_S1.);
#3164 = LINE('',#3165,#3166);
#3165 = CARTESIAN_POINT('',(171.90356586536,-9.608394950024,
    -96.28761203374));
#3166 = VECTOR('',#3167,1.);
#3167 = DIRECTION('',(-1.,0.,-1.224646799147E-16));
#3168 = PCURVE('',#2944,#3169);
#3169 = DEFINITIONAL_REPRESENTATION('',(#3170),#3174);
#3170 = LINE('',#3171,#3172);
#3171 = CARTESIAN_POINT('',(0.,0.));
#3172 = VECTOR('',#3173,1.);
#3173 = DIRECTION('',(0.,-1.));
#3174 = ( GEOMETRIC_REPRESENTATION_CONTEXT(2) 
PARAMETRIC_REPRESENTATION_CONTEXT() REPRESENTATION_CONTEXT('2D SPACE',''
  ) );
#3175 = PCURVE('',#2972,#3176);
#3176 = DEFINITIONAL_REPRESENTATION('',(#3177),#3181);
#3177 = LINE('',#3178,#3179);
#3178 = CARTESIAN_POINT('',(0.866025403784,-9.184850993605E-17));
#3179 = VECTOR('',#3180,1.);
#3180 = DIRECTION('',(0.,-1.));
#3181 = ( GEOMETRIC_REPRESENTATION_CONTEXT(2) 
PARAMETRIC_REPRESENTATION_CONTEXT() REPRESENTATION_CONTEXT('2D SPACE',''
  ) );
#3182 = ORIENTED_EDGE('',*,*,#2926,.F.);
#3183 = ORIENTED_EDGE('',*,*,#3184,.F.);
#3184 = EDGE_CURVE('',#3135,#2927,#3185,.T.);
#3185 = SURFACE_CURVE('',#3186,(#3190,#3197),.PCURVE_S1.);
#3186 = LINE('',#3187,#3188);
#3187 = CARTESIAN_POINT('',(171.90356586536,-10.4744203538,
    -96.28761203374));
#3188 = VECTOR('',#3189,1.);
#3189 = DIRECTION('',(-1.,0.,-1.224646799147E-16));
#3190 = PCURVE('',#2944,#3191);
#3191 = DEFINITIONAL_REPRESENTATION('',(#3192),#3196);
#3192 = LINE('',#3193,#3194);
#3193 = CARTESIAN_POINT('',(0.866025403784,0.));
#3194 = VECTOR('',#3195,1.);
#3195 = DIRECTION('',(0.,-1.));
#3196 = ( GEOMETRIC_REPRESENTATION_CONTEXT(2) 
PARAMETRIC_REPRESENTATION_CONTEXT() REPRESENTATION_CONTEXT('2D SPACE',''
  ) );
#3197 = PCURVE('',#3082,#3198);
#3198 = DEFINITIONAL_REPRESENTATION('',(#3199),#3203);
#3199 = LINE('',#3200,#3201);
#3200 = CARTESIAN_POINT('',(0.,0.));
#3201 = VECTOR('',#3202,1.);
#3202 = DIRECTION('',(0.,-1.));
#3203 = ( GEOMETRIC_REPRESENTATION_CONTEXT(2) 
PARAMETRIC_REPRESENTATION_CONTEXT() REPRESENTATION_CONTEXT('2D SPACE',''
  ) );
#3204 = ADVANCED_FACE('',(#3205),#3082,.T.);
#3205 = FACE_BOUND('',#3206,.T.);
#3206 = EDGE_LOOP('',(#3207,#3230,#3231,#3232));
#3207 = ORIENTED_EDGE('',*,*,#3208,.F.);
#3208 = EDGE_CURVE('',#3135,#3209,#3211,.T.);
#3209 = VERTEX_POINT('',#3210);
#3210 = CARTESIAN_POINT('',(171.90356586536,-10.9074330557,
    -95.53761203374));
#3211 = SURFACE_CURVE('',#3212,(#3216,#3223),.PCURVE_S1.);
#3212 = LINE('',#3213,#3214);
#3213 = CARTESIAN_POINT('',(171.90356586536,-10.4744203538,
    -96.28761203374));
#3214 = VECTOR('',#3215,1.);
#3215 = DIRECTION('',(-1.060575238725E-16,-0.5,0.866025403784));
#3216 = PCURVE('',#3082,#3217);
#3217 = DEFINITIONAL_REPRESENTATION('',(#3218),#3222);
#3218 = LINE('',#3219,#3220);
#3219 = CARTESIAN_POINT('',(0.,0.));
#3220 = VECTOR('',#3221,1.);
#3221 = DIRECTION('',(1.,0.));
#3222 = ( GEOMETRIC_REPRESENTATION_CONTEXT(2) 
PARAMETRIC_REPRESENTATION_CONTEXT() REPRESENTATION_CONTEXT('2D SPACE',''
  ) );
#3223 = PCURVE('',#3150,#3224);
#3224 = DEFINITIONAL_REPRESENTATION('',(#3225),#3229);
#3225 = LINE('',#3226,#3227);
#3226 = CARTESIAN_POINT('',(0.75,0.433012701892));
#3227 = VECTOR('',#3228,1.);
#3228 = DIRECTION('',(-0.866025403784,0.5));
#3229 = ( GEOMETRIC_REPRESENTATION_CONTEXT(2) 
PARAMETRIC_REPRESENTATION_CONTEXT() REPRESENTATION_CONTEXT('2D SPACE',''
  ) );
#3230 = ORIENTED_EDGE('',*,*,#3184,.T.);
#3231 = ORIENTED_EDGE('',*,*,#3068,.F.);
#3232 = ORIENTED_EDGE('',*,*,#3233,.F.);
#3233 = EDGE_CURVE('',#3209,#3041,#3234,.T.);
#3234 = SURFACE_CURVE('',#3235,(#3239,#3246),.PCURVE_S1.);
#3235 = LINE('',#3236,#3237);
#3236 = CARTESIAN_POINT('',(171.90356586536,-10.9074330557,
    -95.53761203374));
#3237 = VECTOR('',#3238,1.);
#3238 = DIRECTION('',(-1.,0.,-1.224646799147E-16));
#3239 = PCURVE('',#3082,#3240);
#3240 = DEFINITIONAL_REPRESENTATION('',(#3241),#3245);
#3241 = LINE('',#3242,#3243);
#3242 = CARTESIAN_POINT('',(0.866025403784,9.184850993605E-17));
#3243 = VECTOR('',#3244,1.);
#3244 = DIRECTION('',(0.,-1.));
#3245 = ( GEOMETRIC_REPRESENTATION_CONTEXT(2) 
PARAMETRIC_REPRESENTATION_CONTEXT() REPRESENTATION_CONTEXT('2D SPACE',''
  ) );
#3246 = PCURVE('',#3056,#3247);
#3247 = DEFINITIONAL_REPRESENTATION('',(#3248),#3252);
#3248 = LINE('',#3249,#3250);
#3249 = CARTESIAN_POINT('',(0.,0.));
#3250 = VECTOR('',#3251,1.);
#3251 = DIRECTION('',(0.,-1.));
#3252 = ( GEOMETRIC_REPRESENTATION_CONTEXT(2) 
PARAMETRIC_REPRESENTATION_CONTEXT() REPRESENTATION_CONTEXT('2D SPACE',''
  ) );
#3253 = ADVANCED_FACE('',(#3254),#3056,.T.);
#3254 = FACE_BOUND('',#3255,.T.);
#3255 = EDGE_LOOP('',(#3256,#3279,#3280,#3281));
#3256 = ORIENTED_EDGE('',*,*,#3257,.F.);
#3257 = EDGE_CURVE('',#3209,#3258,#3260,.T.);
#3258 = VERTEX_POINT('',#3259);
#3259 = CARTESIAN_POINT('',(171.90356586536,-10.4744203538,
    -94.78761203374));
#3260 = SURFACE_CURVE('',#3261,(#3265,#3272),.PCURVE_S1.);
#3261 = LINE('',#3262,#3263);
#3262 = CARTESIAN_POINT('',(171.90356586536,-10.9074330557,
    -95.53761203374));
#3263 = VECTOR('',#3264,1.);
#3264 = DIRECTION('',(-1.060575238725E-16,0.5,0.866025403784));
#3265 = PCURVE('',#3056,#3266);
#3266 = DEFINITIONAL_REPRESENTATION('',(#3267),#3271);
#3267 = LINE('',#3268,#3269);
#3268 = CARTESIAN_POINT('',(0.,0.));
#3269 = VECTOR('',#3270,1.);
#3270 = DIRECTION('',(1.,0.));
#3271 = ( GEOMETRIC_REPRESENTATION_CONTEXT(2) 
PARAMETRIC_REPRESENTATION_CONTEXT() REPRESENTATION_CONTEXT('2D SPACE',''
  ) );
#3272 = PCURVE('',#3150,#3273);
#3273 = DEFINITIONAL_REPRESENTATION('',(#3274),#3278);
#3274 = LINE('',#3275,#3276);
#3275 = CARTESIAN_POINT('',(0.,0.866025403784));
#3276 = VECTOR('',#3277,1.);
#3277 = DIRECTION('',(-0.866025403784,-0.5));
#3278 = ( GEOMETRIC_REPRESENTATION_CONTEXT(2) 
PARAMETRIC_REPRESENTATION_CONTEXT() REPRESENTATION_CONTEXT('2D SPACE',''
  ) );
#3279 = ORIENTED_EDGE('',*,*,#3233,.T.);
#3280 = ORIENTED_EDGE('',*,*,#3040,.F.);
#3281 = ORIENTED_EDGE('',*,*,#3282,.F.);
#3282 = EDGE_CURVE('',#3258,#3013,#3283,.T.);
#3283 = SURFACE_CURVE('',#3284,(#3288,#3295),.PCURVE_S1.);
#3284 = LINE('',#3285,#3286);
#3285 = CARTESIAN_POINT('',(171.90356586536,-10.4744203538,
    -94.78761203374));
#3286 = VECTOR('',#3287,1.);
#3287 = DIRECTION('',(-1.,0.,-1.224646799147E-16));
#3288 = PCURVE('',#3056,#3289);
#3289 = DEFINITIONAL_REPRESENTATION('',(#3290),#3294);
#3290 = LINE('',#3291,#3292);
#3291 = CARTESIAN_POINT('',(0.866025403784,9.184850993605E-17));
#3292 = VECTOR('',#3293,1.);
#3293 = DIRECTION('',(0.,-1.));
#3294 = ( GEOMETRIC_REPRESENTATION_CONTEXT(2) 
PARAMETRIC_REPRESENTATION_CONTEXT() REPRESENTATION_CONTEXT('2D SPACE',''
  ) );
#3295 = PCURVE('',#3028,#3296);
#3296 = DEFINITIONAL_REPRESENTATION('',(#3297),#3301);
#3297 = LINE('',#3298,#3299);
#3298 = CARTESIAN_POINT('',(0.,0.));
#3299 = VECTOR('',#3300,1.);
#3300 = DIRECTION('',(0.,-1.));
#3301 = ( GEOMETRIC_REPRESENTATION_CONTEXT(2) 
PARAMETRIC_REPRESENTATION_CONTEXT() REPRESENTATION_CONTEXT('2D SPACE',''
  ) );
#3302 = ADVANCED_FACE('',(#3303),#3028,.T.);
#3303 = FACE_BOUND('',#3304,.T.);
#3304 = EDGE_LOOP('',(#3305,#3328,#3329,#3330));
#3305 = ORIENTED_EDGE('',*,*,#3306,.F.);
#3306 = EDGE_CURVE('',#3258,#3307,#3309,.T.);
#3307 = VERTEX_POINT('',#3308);
#3308 = CARTESIAN_POINT('',(171.90356586536,-9.608394950024,
    -94.78761203374));
#3309 = SURFACE_CURVE('',#3310,(#3314,#3321),.PCURVE_S1.);
#3310 = LINE('',#3311,#3312);
#3311 = CARTESIAN_POINT('',(171.90356586536,-10.4744203538,
    -94.78761203374));
#3312 = VECTOR('',#3313,1.);
#3313 = DIRECTION('',(-7.849833662531E-32,1.,6.409875621279E-16));
#3314 = PCURVE('',#3028,#3315);
#3315 = DEFINITIONAL_REPRESENTATION('',(#3316),#3320);
#3316 = LINE('',#3317,#3318);
#3317 = CARTESIAN_POINT('',(0.,0.));
#3318 = VECTOR('',#3319,1.);
#3319 = DIRECTION('',(1.,0.));
#3320 = ( GEOMETRIC_REPRESENTATION_CONTEXT(2) 
PARAMETRIC_REPRESENTATION_CONTEXT() REPRESENTATION_CONTEXT('2D SPACE',''
  ) );
#3321 = PCURVE('',#3150,#3322);
#3322 = DEFINITIONAL_REPRESENTATION('',(#3323),#3327);
#3323 = LINE('',#3324,#3325);
#3324 = CARTESIAN_POINT('',(-0.75,0.433012701892));
#3325 = VECTOR('',#3326,1.);
#3326 = DIRECTION('',(-6.409875621279E-16,-1.));
#3327 = ( GEOMETRIC_REPRESENTATION_CONTEXT(2) 
PARAMETRIC_REPRESENTATION_CONTEXT() REPRESENTATION_CONTEXT('2D SPACE',''
  ) );
#3328 = ORIENTED_EDGE('',*,*,#3282,.T.);
#3329 = ORIENTED_EDGE('',*,*,#3012,.F.);
#3330 = ORIENTED_EDGE('',*,*,#3331,.F.);
#3331 = EDGE_CURVE('',#3307,#2985,#3332,.T.);
#3332 = SURFACE_CURVE('',#3333,(#3337,#3344),.PCURVE_S1.);
#3333 = LINE('',#3334,#3335);
#3334 = CARTESIAN_POINT('',(171.90356586536,-9.608394950024,
    -94.78761203374));
#3335 = VECTOR('',#3336,1.);
#3336 = DIRECTION('',(-1.,0.,-1.224646799147E-16));
#3337 = PCURVE('',#3028,#3338);
#3338 = DEFINITIONAL_REPRESENTATION('',(#3339),#3343);
#3339 = LINE('',#3340,#3341);
#3340 = CARTESIAN_POINT('',(0.866025403784,0.));
#3341 = VECTOR('',#3342,1.);
#3342 = DIRECTION('',(0.,-1.));
#3343 = ( GEOMETRIC_REPRESENTATION_CONTEXT(2) 
PARAMETRIC_REPRESENTATION_CONTEXT() REPRESENTATION_CONTEXT('2D SPACE',''
  ) );
#3344 = PCURVE('',#3000,#3345);
#3345 = DEFINITIONAL_REPRESENTATION('',(#3346),#3350);
#3346 = LINE('',#3347,#3348);
#3347 = CARTESIAN_POINT('',(0.,0.));
#3348 = VECTOR('',#3349,1.);
#3349 = DIRECTION('',(0.,-1.));
#3350 = ( GEOMETRIC_REPRESENTATION_CONTEXT(2) 
PARAMETRIC_REPRESENTATION_CONTEXT() REPRESENTATION_CONTEXT('2D SPACE',''
  ) );
#3351 = ADVANCED_FACE('',(#3352),#3000,.T.);
#3352 = FACE_BOUND('',#3353,.T.);
#3353 = EDGE_LOOP('',(#3354,#3377,#3378,#3379));
#3354 = ORIENTED_EDGE('',*,*,#3355,.F.);
#3355 = EDGE_CURVE('',#3307,#3356,#3358,.T.);
#3356 = VERTEX_POINT('',#3357);
#3357 = CARTESIAN_POINT('',(171.90356586536,-9.175382248131,
    -95.53761203374));
#3358 = SURFACE_CURVE('',#3359,(#3363,#3370),.PCURVE_S1.);
#3359 = LINE('',#3360,#3361);
#3360 = CARTESIAN_POINT('',(171.90356586536,-9.608394950024,
    -94.78761203374));
#3361 = VECTOR('',#3362,1.);
#3362 = DIRECTION('',(1.060575238725E-16,0.5,-0.866025403784));
#3363 = PCURVE('',#3000,#3364);
#3364 = DEFINITIONAL_REPRESENTATION('',(#3365),#3369);
#3365 = LINE('',#3366,#3367);
#3366 = CARTESIAN_POINT('',(0.,0.));
#3367 = VECTOR('',#3368,1.);
#3368 = DIRECTION('',(1.,0.));
#3369 = ( GEOMETRIC_REPRESENTATION_CONTEXT(2) 
PARAMETRIC_REPRESENTATION_CONTEXT() REPRESENTATION_CONTEXT('2D SPACE',''
  ) );
#3370 = PCURVE('',#3150,#3371);
#3371 = DEFINITIONAL_REPRESENTATION('',(#3372),#3376);
#3372 = LINE('',#3373,#3374);
#3373 = CARTESIAN_POINT('',(-0.75,-0.433012701892));
#3374 = VECTOR('',#3375,1.);
#3375 = DIRECTION('',(0.866025403784,-0.5));
#3376 = ( GEOMETRIC_REPRESENTATION_CONTEXT(2) 
PARAMETRIC_REPRESENTATION_CONTEXT() REPRESENTATION_CONTEXT('2D SPACE',''
  ) );
#3377 = ORIENTED_EDGE('',*,*,#3331,.T.);
#3378 = ORIENTED_EDGE('',*,*,#2984,.F.);
#3379 = ORIENTED_EDGE('',*,*,#3380,.F.);
#3380 = EDGE_CURVE('',#3356,#2957,#3381,.T.);
#3381 = SURFACE_CURVE('',#3382,(#3386,#3393),.PCURVE_S1.);
#3382 = LINE('',#3383,#3384);
#3383 = CARTESIAN_POINT('',(171.90356586536,-9.175382248131,
    -95.53761203374));
#3384 = VECTOR('',#3385,1.);
#3385 = DIRECTION('',(-1.,0.,-1.224646799147E-16));
#3386 = PCURVE('',#3000,#3387);
#3387 = DEFINITIONAL_REPRESENTATION('',(#3388),#3392);
#3388 = LINE('',#3389,#3390);
#3389 = CARTESIAN_POINT('',(0.866025403784,-9.184850993605E-17));
#3390 = VECTOR('',#3391,1.);
#3391 = DIRECTION('',(0.,-1.));
#3392 = ( GEOMETRIC_REPRESENTATION_CONTEXT(2) 
PARAMETRIC_REPRESENTATION_CONTEXT() REPRESENTATION_CONTEXT('2D SPACE',''
  ) );
#3393 = PCURVE('',#2972,#3394);
#3394 = DEFINITIONAL_REPRESENTATION('',(#3395),#3399);
#3395 = LINE('',#3396,#3397);
#3396 = CARTESIAN_POINT('',(0.,0.));
#3397 = VECTOR('',#3398,1.);
#3398 = DIRECTION('',(0.,-1.));
#3399 = ( GEOMETRIC_REPRESENTATION_CONTEXT(2) 
PARAMETRIC_REPRESENTATION_CONTEXT() REPRESENTATION_CONTEXT('2D SPACE',''
  ) );
#3400 = ADVANCED_FACE('',(#3401),#2972,.T.);
#3401 = FACE_BOUND('',#3402,.T.);
#3402 = EDGE_LOOP('',(#3403,#3424,#3425,#3426));
#3403 = ORIENTED_EDGE('',*,*,#3404,.F.);
#3404 = EDGE_CURVE('',#3356,#3133,#3405,.T.);
#3405 = SURFACE_CURVE('',#3406,(#3410,#3417),.PCURVE_S1.);
#3406 = LINE('',#3407,#3408);
#3407 = CARTESIAN_POINT('',(171.90356586536,-9.175382248131,
    -95.53761203374));
#3408 = VECTOR('',#3409,1.);
#3409 = DIRECTION('',(1.060575238725E-16,-0.5,-0.866025403784));
#3410 = PCURVE('',#2972,#3411);
#3411 = DEFINITIONAL_REPRESENTATION('',(#3412),#3416);
#3412 = LINE('',#3413,#3414);
#3413 = CARTESIAN_POINT('',(0.,0.));
#3414 = VECTOR('',#3415,1.);
#3415 = DIRECTION('',(1.,0.));
#3416 = ( GEOMETRIC_REPRESENTATION_CONTEXT(2) 
PARAMETRIC_REPRESENTATION_CONTEXT() REPRESENTATION_CONTEXT('2D SPACE',''
  ) );
#3417 = PCURVE('',#3150,#3418);
#3418 = DEFINITIONAL_REPRESENTATION('',(#3419),#3423);
#3419 = LINE('',#3420,#3421);
#3420 = CARTESIAN_POINT('',(0.,-0.866025403784));
#3421 = VECTOR('',#3422,1.);
#3422 = DIRECTION('',(0.866025403784,0.5));
#3423 = ( GEOMETRIC_REPRESENTATION_CONTEXT(2) 
PARAMETRIC_REPRESENTATION_CONTEXT() REPRESENTATION_CONTEXT('2D SPACE',''
  ) );
#3424 = ORIENTED_EDGE('',*,*,#3380,.T.);
#3425 = ORIENTED_EDGE('',*,*,#2956,.F.);
#3426 = ORIENTED_EDGE('',*,*,#3162,.F.);
#3427 = ADVANCED_FACE('',(#3428),#3117,.T.);
#3428 = FACE_BOUND('',#3429,.T.);
#3429 = EDGE_LOOP('',(#3430,#3431,#3454,#3481));
#3430 = ORIENTED_EDGE('',*,*,#3100,.F.);
#3431 = ORIENTED_EDGE('',*,*,#3432,.F.);
#3432 = EDGE_CURVE('',#3433,#3101,#3435,.T.);
#3433 = VERTEX_POINT('',#3434);
#3434 = CARTESIAN_POINT('',(180.70356586536,-10.04140765191,
    -96.53761203374));
#3435 = SEAM_CURVE('',#3436,(#3440,#3447),.PCURVE_S1.);
#3436 = LINE('',#3437,#3438);
#3437 = CARTESIAN_POINT('',(180.70356586536,-10.04140765191,
    -96.53761203374));
#3438 = VECTOR('',#3439,1.);
#3439 = DIRECTION('',(-1.,0.,-1.224646799147E-16));
#3440 = PCURVE('',#3117,#3441);
#3441 = DEFINITIONAL_REPRESENTATION('',(#3442),#3446);
#3442 = LINE('',#3443,#3444);
#3443 = CARTESIAN_POINT('',(6.28318530718,-0.));
#3444 = VECTOR('',#3445,1.);
#3445 = DIRECTION('',(0.,1.));
#3446 = ( GEOMETRIC_REPRESENTATION_CONTEXT(2) 
PARAMETRIC_REPRESENTATION_CONTEXT() REPRESENTATION_CONTEXT('2D SPACE',''
  ) );
#3447 = PCURVE('',#3117,#3448);
#3448 = DEFINITIONAL_REPRESENTATION('',(#3449),#3453);
#3449 = LINE('',#3450,#3451);
#3450 = CARTESIAN_POINT('',(0.,-0.));
#3451 = VECTOR('',#3452,1.);
#3452 = DIRECTION('',(0.,1.));
#3453 = ( GEOMETRIC_REPRESENTATION_CONTEXT(2) 
PARAMETRIC_REPRESENTATION_CONTEXT() REPRESENTATION_CONTEXT('2D SPACE',''
  ) );
#3454 = ORIENTED_EDGE('',*,*,#3455,.T.);
#3455 = EDGE_CURVE('',#3433,#3433,#3456,.T.);
#3456 = SURFACE_CURVE('',#3457,(#3462,#3469),.PCURVE_S1.);
#3457 = CIRCLE('',#3458,1.);
#3458 = AXIS2_PLACEMENT_3D('',#3459,#3460,#3461);
#3459 = CARTESIAN_POINT('',(180.70356586536,-10.04140765191,
    -95.53761203374));
#3460 = DIRECTION('',(-1.,0.,-1.224646799147E-16));
#3461 = DIRECTION('',(1.224646799147E-16,0.,-1.));
#3462 = PCURVE('',#3117,#3463);
#3463 = DEFINITIONAL_REPRESENTATION('',(#3464),#3468);
#3464 = LINE('',#3465,#3466);
#3465 = CARTESIAN_POINT('',(0.,0.));
#3466 = VECTOR('',#3467,1.);
#3467 = DIRECTION('',(1.,0.));
#3468 = ( GEOMETRIC_REPRESENTATION_CONTEXT(2) 
PARAMETRIC_REPRESENTATION_CONTEXT() REPRESENTATION_CONTEXT('2D SPACE',''
  ) );
#3469 = PCURVE('',#3470,#3475);
#3470 = PLANE('',#3471);
#3471 = AXIS2_PLACEMENT_3D('',#3472,#3473,#3474);
#3472 = CARTESIAN_POINT('',(180.70356586536,-10.04140765191,
    -95.53761203374));
#3473 = DIRECTION('',(-1.,0.,-1.224646799147E-16));
#3474 = DIRECTION('',(1.224646799147E-16,0.,-1.));
#3475 = DEFINITIONAL_REPRESENTATION('',(#3476),#3480);
#3476 = CIRCLE('',#3477,1.);
#3477 = AXIS2_PLACEMENT_2D('',#3478,#3479);
#3478 = CARTESIAN_POINT('',(0.,0.));
#3479 = DIRECTION('',(1.,0.));
#3480 = ( GEOMETRIC_REPRESENTATION_CONTEXT(2) 
PARAMETRIC_REPRESENTATION_CONTEXT() REPRESENTATION_CONTEXT('2D SPACE',''
  ) );
#3481 = ORIENTED_EDGE('',*,*,#3432,.T.);
#3482 = ADVANCED_FACE('',(#3483),#3150,.T.);
#3483 = FACE_BOUND('',#3484,.T.);
#3484 = EDGE_LOOP('',(#3485,#3486,#3487,#3488,#3489,#3490));
#3485 = ORIENTED_EDGE('',*,*,#3404,.T.);
#3486 = ORIENTED_EDGE('',*,*,#3132,.T.);
#3487 = ORIENTED_EDGE('',*,*,#3208,.T.);
#3488 = ORIENTED_EDGE('',*,*,#3257,.T.);
#3489 = ORIENTED_EDGE('',*,*,#3306,.T.);
#3490 = ORIENTED_EDGE('',*,*,#3355,.T.);
#3491 = ADVANCED_FACE('',(#3492),#3470,.F.);
#3492 = FACE_BOUND('',#3493,.T.);
#3493 = EDGE_LOOP('',(#3494));
#3494 = ORIENTED_EDGE('',*,*,#3455,.F.);
#3495 = ( GEOMETRIC_REPRESENTATION_CONTEXT(3) 
GLOBAL_UNCERTAINTY_ASSIGNED_CONTEXT((#3499)) 
GLOBAL_UNIT_ASSIGNED_CONTEXT((#3496,#3497,#3498)) REPRESENTATION_CONTEXT
('Context #1','3D Context with UNIT and UNCERTAINTY') );
#3496 = ( LENGTH_UNIT() NAMED_UNIT(*) SI_UNIT(.MILLI.,.METRE.) );
#3497 = ( NAMED_UNIT(*) PLANE_ANGLE_UNIT() SI_UNIT($,.RADIAN.) );
#3498 = ( NAMED_UNIT(*) SI_UNIT($,.STERADIAN.) SOLID_ANGLE_UNIT() );
#3499 = UNCERTAINTY_MEASURE_WITH_UNIT(LENGTH_MEASURE(1.E-07),#3496,
  'distance_accuracy_value','confusion accuracy');
#3500 = CONTEXT_DEPENDENT_SHAPE_REPRESENTATION(#3501,#3503);
#3501 = ( REPRESENTATION_RELATIONSHIP('','',#2828,#10) 
REPRESENTATION_RELATIONSHIP_WITH_TRANSFORMATION(#3502) 
SHAPE_REPRESENTATION_RELATIONSHIP() );
#3502 = ITEM_DEFINED_TRANSFORMATION('','',#11,#31);
#3503 = PRODUCT_DEFINITION_SHAPE('Placement','Placement of an item',
  #3504);
#3504 = NEXT_ASSEMBLY_USAGE_OCCURRENCE('53','','',#5,#2823,$);
#3505 = PRODUCT_RELATED_PRODUCT_CATEGORY('part',$,(#2825));
#3506 = SHAPE_DEFINITION_REPRESENTATION(#3507,#3513);
#3507 = PRODUCT_DEFINITION_SHAPE('','',#3508);
#3508 = PRODUCT_DEFINITION('design','',#3509,#3512);
#3509 = PRODUCT_DEFINITION_FORMATION('','',#3510);
#3510 = PRODUCT('Open CASCADE STEP translator 7.9 10.6',
  'Open CASCADE STEP translator 7.9 10.6','',(#3511));
#3511 = PRODUCT_CONTEXT('',#2,'mechanical');
#3512 = PRODUCT_DEFINITION_CONTEXT('part definition',#2,'design');
#3513 = ADVANCED_BREP_SHAPE_REPRESENTATION('',(#11,#3514),#4180);
#3514 = MANIFOLD_SOLID_BREP('',#3515);
#3515 = CLOSED_SHELL('',(#3516,#3604,#3778,#3813,#3889,#3938,#3987,#4036
    ,#4085,#4112,#4167,#4176));
#3516 = ADVANCED_FACE('',(#3517),#3530,.T.);
#3517 = FACE_BOUND('',#3518,.T.);
#3518 = EDGE_LOOP('',(#3519,#3553,#3576,#3603));
#3519 = ORIENTED_EDGE('',*,*,#3520,.F.);
#3520 = EDGE_CURVE('',#3521,#3521,#3523,.T.);
#3521 = VERTEX_POINT('',#3522);
#3522 = CARTESIAN_POINT('',(170.70356586536,-48.03192995482,
    -85.09374306735));
#3523 = SURFACE_CURVE('',#3524,(#3529,#3541),.PCURVE_S1.);
#3524 = CIRCLE('',#3525,1.9);
#3525 = AXIS2_PLACEMENT_3D('',#3526,#3527,#3528);
#3526 = CARTESIAN_POINT('',(170.70356586536,-48.03192995482,
    -83.19374306735));
#3527 = DIRECTION('',(-1.,0.,-1.224646799147E-16));
#3528 = DIRECTION('',(1.224646799147E-16,0.,-1.));
#3529 = PCURVE('',#3530,#3535);
#3530 = CYLINDRICAL_SURFACE('',#3531,1.9);
#3531 = AXIS2_PLACEMENT_3D('',#3532,#3533,#3534);
#3532 = CARTESIAN_POINT('',(172.70356586536,-48.03192995482,
    -83.19374306735));
#3533 = DIRECTION('',(-1.,0.,-1.224646799147E-16));
#3534 = DIRECTION('',(1.224646799147E-16,0.,-1.));
#3535 = DEFINITIONAL_REPRESENTATION('',(#3536),#3540);
#3536 = LINE('',#3537,#3538);
#3537 = CARTESIAN_POINT('',(0.,2.));
#3538 = VECTOR('',#3539,1.);
#3539 = DIRECTION('',(1.,0.));
#3540 = ( GEOMETRIC_REPRESENTATION_CONTEXT(2) 
PARAMETRIC_REPRESENTATION_CONTEXT() REPRESENTATION_CONTEXT('2D SPACE',''
  ) );
#3541 = PCURVE('',#3542,#3547);
#3542 = PLANE('',#3543);
#3543 = AXIS2_PLACEMENT_3D('',#3544,#3545,#3546);
#3544 = CARTESIAN_POINT('',(170.70356586536,-48.03192995482,
    -83.19374306735));
#3545 = DIRECTION('',(-1.,0.,-1.224646799147E-16));
#3546 = DIRECTION('',(1.224646799147E-16,0.,-1.));
#3547 = DEFINITIONAL_REPRESENTATION('',(#3548),#3552);
#3548 = CIRCLE('',#3549,1.9);
#3549 = AXIS2_PLACEMENT_2D('',#3550,#3551);
#3550 = CARTESIAN_POINT('',(0.,0.));
#3551 = DIRECTION('',(1.,0.));
#3552 = ( GEOMETRIC_REPRESENTATION_CONTEXT(2) 
PARAMETRIC_REPRESENTATION_CONTEXT() REPRESENTATION_CONTEXT('2D SPACE',''
  ) );
#3553 = ORIENTED_EDGE('',*,*,#3554,.F.);
#3554 = EDGE_CURVE('',#3555,#3521,#3557,.T.);
#3555 = VERTEX_POINT('',#3556);
#3556 = CARTESIAN_POINT('',(172.70356586536,-48.03192995482,
    -85.09374306735));
#3557 = SEAM_CURVE('',#3558,(#3562,#3569),.PCURVE_S1.);
#3558 = LINE('',#3559,#3560);
#3559 = CARTESIAN_POINT('',(172.70356586536,-48.03192995482,
    -85.09374306735));
#3560 = VECTOR('',#3561,1.);
#3561 = DIRECTION('',(-1.,0.,-1.224646799147E-16));
#3562 = PCURVE('',#3530,#3563);
#3563 = DEFINITIONAL_REPRESENTATION('',(#3564),#3568);
#3564 = LINE('',#3565,#3566);
#3565 = CARTESIAN_POINT('',(6.28318530718,-0.));
#3566 = VECTOR('',#3567,1.);
#3567 = DIRECTION('',(0.,1.));
#3568 = ( GEOMETRIC_REPRESENTATION_CONTEXT(2) 
PARAMETRIC_REPRESENTATION_CONTEXT() REPRESENTATION_CONTEXT('2D SPACE',''
  ) );
#3569 = PCURVE('',#3530,#3570);
#3570 = DEFINITIONAL_REPRESENTATION('',(#3571),#3575);
#3571 = LINE('',#3572,#3573);
#3572 = CARTESIAN_POINT('',(0.,-0.));
#3573 = VECTOR('',#3574,1.);
#3574 = DIRECTION('',(0.,1.));
#3575 = ( GEOMETRIC_REPRESENTATION_CONTEXT(2) 
PARAMETRIC_REPRESENTATION_CONTEXT() REPRESENTATION_CONTEXT('2D SPACE',''
  ) );
#3576 = ORIENTED_EDGE('',*,*,#3577,.T.);
#3577 = EDGE_CURVE('',#3555,#3555,#3578,.T.);
#3578 = SURFACE_CURVE('',#3579,(#3584,#3591),.PCURVE_S1.);
#3579 = CIRCLE('',#3580,1.9);
#3580 = AXIS2_PLACEMENT_3D('',#3581,#3582,#3583);
#3581 = CARTESIAN_POINT('',(172.70356586536,-48.03192995482,
    -83.19374306735));
#3582 = DIRECTION('',(-1.,0.,-1.224646799147E-16));
#3583 = DIRECTION('',(1.224646799147E-16,0.,-1.));
#3584 = PCURVE('',#3530,#3585);
#3585 = DEFINITIONAL_REPRESENTATION('',(#3586),#3590);
#3586 = LINE('',#3587,#3588);
#3587 = CARTESIAN_POINT('',(0.,0.));
#3588 = VECTOR('',#3589,1.);
#3589 = DIRECTION('',(1.,0.));
#3590 = ( GEOMETRIC_REPRESENTATION_CONTEXT(2) 
PARAMETRIC_REPRESENTATION_CONTEXT() REPRESENTATION_CONTEXT('2D SPACE',''
  ) );
#3591 = PCURVE('',#3592,#3597);
#3592 = PLANE('',#3593);
#3593 = AXIS2_PLACEMENT_3D('',#3594,#3595,#3596);
#3594 = CARTESIAN_POINT('',(172.70356586536,-48.03192995482,
    -83.19374306735));
#3595 = DIRECTION('',(-1.,0.,-1.224646799147E-16));
#3596 = DIRECTION('',(1.224646799147E-16,0.,-1.));
#3597 = DEFINITIONAL_REPRESENTATION('',(#3598),#3602);
#3598 = CIRCLE('',#3599,1.9);
#3599 = AXIS2_PLACEMENT_2D('',#3600,#3601);
#3600 = CARTESIAN_POINT('',(0.,0.));
#3601 = DIRECTION('',(1.,0.));
#3602 = ( GEOMETRIC_REPRESENTATION_CONTEXT(2) 
PARAMETRIC_REPRESENTATION_CONTEXT() REPRESENTATION_CONTEXT('2D SPACE',''
  ) );
#3603 = ORIENTED_EDGE('',*,*,#3554,.T.);
#3604 = ADVANCED_FACE('',(#3605,#3608),#3542,.T.);
#3605 = FACE_BOUND('',#3606,.T.);
#3606 = EDGE_LOOP('',(#3607));
#3607 = ORIENTED_EDGE('',*,*,#3520,.T.);
#3608 = FACE_BOUND('',#3609,.T.);
#3609 = EDGE_LOOP('',(#3610,#3640,#3668,#3696,#3724,#3752));
#3610 = ORIENTED_EDGE('',*,*,#3611,.T.);
#3611 = EDGE_CURVE('',#3612,#3614,#3616,.T.);
#3612 = VERTEX_POINT('',#3613);
#3613 = CARTESIAN_POINT('',(170.70356586536,-48.46494265672,
    -83.94374306735));
#3614 = VERTEX_POINT('',#3615);
#3615 = CARTESIAN_POINT('',(170.70356586536,-47.59891725293,
    -83.94374306735));
#3616 = SURFACE_CURVE('',#3617,(#3621,#3628),.PCURVE_S1.);
#3617 = LINE('',#3618,#3619);
#3618 = CARTESIAN_POINT('',(170.70356586536,-47.81542360388,
    -83.94374306735));
#3619 = VECTOR('',#3620,1.);
#3620 = DIRECTION('',(-1.569966732506E-32,1.,1.281975124256E-16));
#3621 = PCURVE('',#3542,#3622);
#3622 = DEFINITIONAL_REPRESENTATION('',(#3623),#3627);
#3623 = LINE('',#3624,#3625);
#3624 = CARTESIAN_POINT('',(0.75,-0.216506350946));
#3625 = VECTOR('',#3626,1.);
#3626 = DIRECTION('',(-1.281975124256E-16,-1.));
#3627 = ( GEOMETRIC_REPRESENTATION_CONTEXT(2) 
PARAMETRIC_REPRESENTATION_CONTEXT() REPRESENTATION_CONTEXT('2D SPACE',''
  ) );
#3628 = PCURVE('',#3629,#3634);
#3629 = PLANE('',#3630);
#3630 = AXIS2_PLACEMENT_3D('',#3631,#3632,#3633);
#3631 = CARTESIAN_POINT('',(171.90356586536,-47.59891725293,
    -83.94374306735));
#3632 = DIRECTION('',(-1.224646799147E-16,-1.281975124256E-16,1.));
#3633 = DIRECTION('',(1.569966732506E-32,-1.,-1.281975124256E-16));
#3634 = DEFINITIONAL_REPRESENTATION('',(#3635),#3639);
#3635 = LINE('',#3636,#3637);
#3636 = CARTESIAN_POINT('',(0.216506350946,-1.2));
#3637 = VECTOR('',#3638,1.);
#3638 = DIRECTION('',(-1.,0.));
#3639 = ( GEOMETRIC_REPRESENTATION_CONTEXT(2) 
PARAMETRIC_REPRESENTATION_CONTEXT() REPRESENTATION_CONTEXT('2D SPACE',''
  ) );
#3640 = ORIENTED_EDGE('',*,*,#3641,.T.);
#3641 = EDGE_CURVE('',#3614,#3642,#3644,.T.);
#3642 = VERTEX_POINT('',#3643);
#3643 = CARTESIAN_POINT('',(170.70356586536,-47.16590455104,
    -83.19374306735));
#3644 = SURFACE_CURVE('',#3645,(#3649,#3656),.PCURVE_S1.);
#3645 = LINE('',#3646,#3647);
#3646 = CARTESIAN_POINT('',(170.70356586536,-47.27415772651,
    -83.38124306735));
#3647 = VECTOR('',#3648,1.);
#3648 = DIRECTION('',(-1.060575238725E-16,0.5,0.866025403784));
#3649 = PCURVE('',#3542,#3650);
#3650 = DEFINITIONAL_REPRESENTATION('',(#3651),#3655);
#3651 = LINE('',#3652,#3653);
#3652 = CARTESIAN_POINT('',(0.1875,-0.757772228311));
#3653 = VECTOR('',#3654,1.);
#3654 = DIRECTION('',(-0.866025403784,-0.5));
#3655 = ( GEOMETRIC_REPRESENTATION_CONTEXT(2) 
PARAMETRIC_REPRESENTATION_CONTEXT() REPRESENTATION_CONTEXT('2D SPACE',''
  ) );
#3656 = PCURVE('',#3657,#3662);
#3657 = PLANE('',#3658);
#3658 = AXIS2_PLACEMENT_3D('',#3659,#3660,#3661);
#3659 = CARTESIAN_POINT('',(171.90356586536,-47.16590455104,
    -83.19374306735));
#3660 = DIRECTION('',(-6.123233995737E-17,-0.866025403784,0.5));
#3661 = DIRECTION('',(1.060575238725E-16,-0.5,-0.866025403784));
#3662 = DEFINITIONAL_REPRESENTATION('',(#3663),#3667);
#3663 = LINE('',#3664,#3665);
#3664 = CARTESIAN_POINT('',(0.216506350946,-1.2));
#3665 = VECTOR('',#3666,1.);
#3666 = DIRECTION('',(-1.,0.));
#3667 = ( GEOMETRIC_REPRESENTATION_CONTEXT(2) 
PARAMETRIC_REPRESENTATION_CONTEXT() REPRESENTATION_CONTEXT('2D SPACE',''
  ) );
#3668 = ORIENTED_EDGE('',*,*,#3669,.T.);
#3669 = EDGE_CURVE('',#3642,#3670,#3672,.T.);
#3670 = VERTEX_POINT('',#3671);
#3671 = CARTESIAN_POINT('',(170.70356586536,-47.59891725293,
    -82.44374306735));
#3672 = SURFACE_CURVE('',#3673,(#3677,#3684),.PCURVE_S1.);
#3673 = LINE('',#3674,#3675);
#3674 = CARTESIAN_POINT('',(170.70356586536,-47.49066407746,
    -82.63124306735));
#3675 = VECTOR('',#3676,1.);
#3676 = DIRECTION('',(-1.060575238725E-16,-0.5,0.866025403784));
#3677 = PCURVE('',#3542,#3678);
#3678 = DEFINITIONAL_REPRESENTATION('',(#3679),#3683);
#3679 = LINE('',#3680,#3681);
#3680 = CARTESIAN_POINT('',(-0.5625,-0.541265877365));
#3681 = VECTOR('',#3682,1.);
#3682 = DIRECTION('',(-0.866025403784,0.5));
#3683 = ( GEOMETRIC_REPRESENTATION_CONTEXT(2) 
PARAMETRIC_REPRESENTATION_CONTEXT() REPRESENTATION_CONTEXT('2D SPACE',''
  ) );
#3684 = PCURVE('',#3685,#3690);
#3685 = PLANE('',#3686);
#3686 = AXIS2_PLACEMENT_3D('',#3687,#3688,#3689);
#3687 = CARTESIAN_POINT('',(171.90356586536,-47.59891725293,
    -82.44374306735));
#3688 = DIRECTION('',(6.123233995737E-17,-0.866025403784,-0.5));
#3689 = DIRECTION('',(1.060575238725E-16,0.5,-0.866025403784));
#3690 = DEFINITIONAL_REPRESENTATION('',(#3691),#3695);
#3691 = LINE('',#3692,#3693);
#3692 = CARTESIAN_POINT('',(0.216506350946,-1.2));
#3693 = VECTOR('',#3694,1.);
#3694 = DIRECTION('',(-1.,0.));
#3695 = ( GEOMETRIC_REPRESENTATION_CONTEXT(2) 
PARAMETRIC_REPRESENTATION_CONTEXT() REPRESENTATION_CONTEXT('2D SPACE',''
  ) );
#3696 = ORIENTED_EDGE('',*,*,#3697,.T.);
#3697 = EDGE_CURVE('',#3670,#3698,#3700,.T.);
#3698 = VERTEX_POINT('',#3699);
#3699 = CARTESIAN_POINT('',(170.70356586536,-48.46494265672,
    -82.44374306735));
#3700 = SURFACE_CURVE('',#3701,(#3705,#3712),.PCURVE_S1.);
#3701 = LINE('',#3702,#3703);
#3702 = CARTESIAN_POINT('',(170.70356586536,-48.24843630577,
    -82.44374306735));
#3703 = VECTOR('',#3704,1.);
#3704 = DIRECTION('',(7.849833662531E-32,-1.,-6.409875621279E-16));
#3705 = PCURVE('',#3542,#3706);
#3706 = DEFINITIONAL_REPRESENTATION('',(#3707),#3711);
#3707 = LINE('',#3708,#3709);
#3708 = CARTESIAN_POINT('',(-0.75,0.216506350946));
#3709 = VECTOR('',#3710,1.);
#3710 = DIRECTION('',(6.409875621279E-16,1.));
#3711 = ( GEOMETRIC_REPRESENTATION_CONTEXT(2) 
PARAMETRIC_REPRESENTATION_CONTEXT() REPRESENTATION_CONTEXT('2D SPACE',''
  ) );
#3712 = PCURVE('',#3713,#3718);
#3713 = PLANE('',#3714);
#3714 = AXIS2_PLACEMENT_3D('',#3715,#3716,#3717);
#3715 = CARTESIAN_POINT('',(171.90356586536,-48.46494265672,
    -82.44374306735));
#3716 = DIRECTION('',(1.224646799147E-16,6.409875621279E-16,-1.));
#3717 = DIRECTION('',(-7.849833662531E-32,1.,6.409875621279E-16));
#3718 = DEFINITIONAL_REPRESENTATION('',(#3719),#3723);
#3719 = LINE('',#3720,#3721);
#3720 = CARTESIAN_POINT('',(0.216506350946,-1.2));
#3721 = VECTOR('',#3722,1.);
#3722 = DIRECTION('',(-1.,0.));
#3723 = ( GEOMETRIC_REPRESENTATION_CONTEXT(2) 
PARAMETRIC_REPRESENTATION_CONTEXT() REPRESENTATION_CONTEXT('2D SPACE',''
  ) );
#3724 = ORIENTED_EDGE('',*,*,#3725,.T.);
#3725 = EDGE_CURVE('',#3698,#3726,#3728,.T.);
#3726 = VERTEX_POINT('',#3727);
#3727 = CARTESIAN_POINT('',(170.70356586536,-48.89795535861,
    -83.19374306735));
#3728 = SURFACE_CURVE('',#3729,(#3733,#3740),.PCURVE_S1.);
#3729 = LINE('',#3730,#3731);
#3730 = CARTESIAN_POINT('',(170.70356586536,-48.78970218314,
    -83.00624306735));
#3731 = VECTOR('',#3732,1.);
#3732 = DIRECTION('',(1.060575238725E-16,-0.5,-0.866025403784));
#3733 = PCURVE('',#3542,#3734);
#3734 = DEFINITIONAL_REPRESENTATION('',(#3735),#3739);
#3735 = LINE('',#3736,#3737);
#3736 = CARTESIAN_POINT('',(-0.1875,0.757772228311));
#3737 = VECTOR('',#3738,1.);
#3738 = DIRECTION('',(0.866025403784,0.5));
#3739 = ( GEOMETRIC_REPRESENTATION_CONTEXT(2) 
PARAMETRIC_REPRESENTATION_CONTEXT() REPRESENTATION_CONTEXT('2D SPACE',''
  ) );
#3740 = PCURVE('',#3741,#3746);
#3741 = PLANE('',#3742);
#3742 = AXIS2_PLACEMENT_3D('',#3743,#3744,#3745);
#3743 = CARTESIAN_POINT('',(171.90356586536,-48.89795535861,
    -83.19374306735));
#3744 = DIRECTION('',(6.123233995737E-17,0.866025403784,-0.5));
#3745 = DIRECTION('',(-1.060575238725E-16,0.5,0.866025403784));
#3746 = DEFINITIONAL_REPRESENTATION('',(#3747),#3751);
#3747 = LINE('',#3748,#3749);
#3748 = CARTESIAN_POINT('',(0.216506350946,-1.2));
#3749 = VECTOR('',#3750,1.);
#3750 = DIRECTION('',(-1.,0.));
#3751 = ( GEOMETRIC_REPRESENTATION_CONTEXT(2) 
PARAMETRIC_REPRESENTATION_CONTEXT() REPRESENTATION_CONTEXT('2D SPACE',''
  ) );
#3752 = ORIENTED_EDGE('',*,*,#3753,.T.);
#3753 = EDGE_CURVE('',#3726,#3612,#3754,.T.);
#3754 = SURFACE_CURVE('',#3755,(#3759,#3766),.PCURVE_S1.);
#3755 = LINE('',#3756,#3757);
#3756 = CARTESIAN_POINT('',(170.70356586536,-48.57319583219,
    -83.75624306735));
#3757 = VECTOR('',#3758,1.);
#3758 = DIRECTION('',(1.060575238725E-16,0.5,-0.866025403784));
#3759 = PCURVE('',#3542,#3760);
#3760 = DEFINITIONAL_REPRESENTATION('',(#3761),#3765);
#3761 = LINE('',#3762,#3763);
#3762 = CARTESIAN_POINT('',(0.5625,0.541265877365));
#3763 = VECTOR('',#3764,1.);
#3764 = DIRECTION('',(0.866025403784,-0.5));
#3765 = ( GEOMETRIC_REPRESENTATION_CONTEXT(2) 
PARAMETRIC_REPRESENTATION_CONTEXT() REPRESENTATION_CONTEXT('2D SPACE',''
  ) );
#3766 = PCURVE('',#3767,#3772);
#3767 = PLANE('',#3768);
#3768 = AXIS2_PLACEMENT_3D('',#3769,#3770,#3771);
#3769 = CARTESIAN_POINT('',(171.90356586536,-48.46494265672,
    -83.94374306735));
#3770 = DIRECTION('',(-6.123233995737E-17,0.866025403784,0.5));
#3771 = DIRECTION('',(-1.060575238725E-16,-0.5,0.866025403784));
#3772 = DEFINITIONAL_REPRESENTATION('',(#3773),#3777);
#3773 = LINE('',#3774,#3775);
#3774 = CARTESIAN_POINT('',(0.216506350946,-1.2));
#3775 = VECTOR('',#3776,1.);
#3776 = DIRECTION('',(-1.,0.));
#3777 = ( GEOMETRIC_REPRESENTATION_CONTEXT(2) 
PARAMETRIC_REPRESENTATION_CONTEXT() REPRESENTATION_CONTEXT('2D SPACE',''
  ) );
#3778 = ADVANCED_FACE('',(#3779,#3782),#3592,.F.);
#3779 = FACE_BOUND('',#3780,.F.);
#3780 = EDGE_LOOP('',(#3781));
#3781 = ORIENTED_EDGE('',*,*,#3577,.T.);
#3782 = FACE_BOUND('',#3783,.F.);
#3783 = EDGE_LOOP('',(#3784));
#3784 = ORIENTED_EDGE('',*,*,#3785,.F.);
#3785 = EDGE_CURVE('',#3786,#3786,#3788,.T.);
#3786 = VERTEX_POINT('',#3787);
#3787 = CARTESIAN_POINT('',(172.70356586536,-48.03192995482,
    -84.19374306735));
#3788 = SURFACE_CURVE('',#3789,(#3794,#3801),.PCURVE_S1.);
#3789 = CIRCLE('',#3790,1.);
#3790 = AXIS2_PLACEMENT_3D('',#3791,#3792,#3793);
#3791 = CARTESIAN_POINT('',(172.70356586536,-48.03192995482,
    -83.19374306735));
#3792 = DIRECTION('',(-1.,0.,-1.224646799147E-16));
#3793 = DIRECTION('',(1.224646799147E-16,0.,-1.));
#3794 = PCURVE('',#3592,#3795);
#3795 = DEFINITIONAL_REPRESENTATION('',(#3796),#3800);
#3796 = CIRCLE('',#3797,1.);
#3797 = AXIS2_PLACEMENT_2D('',#3798,#3799);
#3798 = CARTESIAN_POINT('',(0.,0.));
#3799 = DIRECTION('',(1.,0.));
#3800 = ( GEOMETRIC_REPRESENTATION_CONTEXT(2) 
PARAMETRIC_REPRESENTATION_CONTEXT() REPRESENTATION_CONTEXT('2D SPACE',''
  ) );
#3801 = PCURVE('',#3802,#3807);
#3802 = CYLINDRICAL_SURFACE('',#3803,1.);
#3803 = AXIS2_PLACEMENT_3D('',#3804,#3805,#3806);
#3804 = CARTESIAN_POINT('',(180.70356586536,-48.03192995482,
    -83.19374306735));
#3805 = DIRECTION('',(-1.,0.,-1.224646799147E-16));
#3806 = DIRECTION('',(1.224646799147E-16,0.,-1.));
#3807 = DEFINITIONAL_REPRESENTATION('',(#3808),#3812);
#3808 = LINE('',#3809,#3810);
#3809 = CARTESIAN_POINT('',(0.,8.));
#3810 = VECTOR('',#3811,1.);
#3811 = DIRECTION('',(1.,0.));
#3812 = ( GEOMETRIC_REPRESENTATION_CONTEXT(2) 
PARAMETRIC_REPRESENTATION_CONTEXT() REPRESENTATION_CONTEXT('2D SPACE',''
  ) );
#3813 = ADVANCED_FACE('',(#3814),#3629,.T.);
#3814 = FACE_BOUND('',#3815,.T.);
#3815 = EDGE_LOOP('',(#3816,#3846,#3867,#3868));
#3816 = ORIENTED_EDGE('',*,*,#3817,.F.);
#3817 = EDGE_CURVE('',#3818,#3820,#3822,.T.);
#3818 = VERTEX_POINT('',#3819);
#3819 = CARTESIAN_POINT('',(171.90356586536,-47.59891725293,
    -83.94374306735));
#3820 = VERTEX_POINT('',#3821);
#3821 = CARTESIAN_POINT('',(171.90356586536,-48.46494265672,
    -83.94374306735));
#3822 = SURFACE_CURVE('',#3823,(#3827,#3834),.PCURVE_S1.);
#3823 = LINE('',#3824,#3825);
#3824 = CARTESIAN_POINT('',(171.90356586536,-47.59891725293,
    -83.94374306735));
#3825 = VECTOR('',#3826,1.);
#3826 = DIRECTION('',(1.569966732506E-32,-1.,-1.281975124256E-16));
#3827 = PCURVE('',#3629,#3828);
#3828 = DEFINITIONAL_REPRESENTATION('',(#3829),#3833);
#3829 = LINE('',#3830,#3831);
#3830 = CARTESIAN_POINT('',(0.,0.));
#3831 = VECTOR('',#3832,1.);
#3832 = DIRECTION('',(1.,0.));
#3833 = ( GEOMETRIC_REPRESENTATION_CONTEXT(2) 
PARAMETRIC_REPRESENTATION_CONTEXT() REPRESENTATION_CONTEXT('2D SPACE',''
  ) );
#3834 = PCURVE('',#3835,#3840);
#3835 = PLANE('',#3836);
#3836 = AXIS2_PLACEMENT_3D('',#3837,#3838,#3839);
#3837 = CARTESIAN_POINT('',(171.90356586536,-48.03192995482,
    -83.19374306735));
#3838 = DIRECTION('',(-1.,0.,-1.224646799147E-16));
#3839 = DIRECTION('',(1.224646799147E-16,0.,-1.));
#3840 = DEFINITIONAL_REPRESENTATION('',(#3841),#3845);
#3841 = LINE('',#3842,#3843);
#3842 = CARTESIAN_POINT('',(0.75,-0.433012701892));
#3843 = VECTOR('',#3844,1.);
#3844 = DIRECTION('',(1.281975124256E-16,1.));
#3845 = ( GEOMETRIC_REPRESENTATION_CONTEXT(2) 
PARAMETRIC_REPRESENTATION_CONTEXT() REPRESENTATION_CONTEXT('2D SPACE',''
  ) );
#3846 = ORIENTED_EDGE('',*,*,#3847,.T.);
#3847 = EDGE_CURVE('',#3818,#3614,#3848,.T.);
#3848 = SURFACE_CURVE('',#3849,(#3853,#3860),.PCURVE_S1.);
#3849 = LINE('',#3850,#3851);
#3850 = CARTESIAN_POINT('',(171.90356586536,-47.59891725293,
    -83.94374306735));
#3851 = VECTOR('',#3852,1.);
#3852 = DIRECTION('',(-1.,0.,-1.224646799147E-16));
#3853 = PCURVE('',#3629,#3854);
#3854 = DEFINITIONAL_REPRESENTATION('',(#3855),#3859);
#3855 = LINE('',#3856,#3857);
#3856 = CARTESIAN_POINT('',(0.,0.));
#3857 = VECTOR('',#3858,1.);
#3858 = DIRECTION('',(0.,-1.));
#3859 = ( GEOMETRIC_REPRESENTATION_CONTEXT(2) 
PARAMETRIC_REPRESENTATION_CONTEXT() REPRESENTATION_CONTEXT('2D SPACE',''
  ) );
#3860 = PCURVE('',#3657,#3861);
#3861 = DEFINITIONAL_REPRESENTATION('',(#3862),#3866);
#3862 = LINE('',#3863,#3864);
#3863 = CARTESIAN_POINT('',(0.866025403784,-9.184850993605E-17));
#3864 = VECTOR('',#3865,1.);
#3865 = DIRECTION('',(0.,-1.));
#3866 = ( GEOMETRIC_REPRESENTATION_CONTEXT(2) 
PARAMETRIC_REPRESENTATION_CONTEXT() REPRESENTATION_CONTEXT('2D SPACE',''
  ) );
#3867 = ORIENTED_EDGE('',*,*,#3611,.F.);
#3868 = ORIENTED_EDGE('',*,*,#3869,.F.);
#3869 = EDGE_CURVE('',#3820,#3612,#3870,.T.);
#3870 = SURFACE_CURVE('',#3871,(#3875,#3882),.PCURVE_S1.);
#3871 = LINE('',#3872,#3873);
#3872 = CARTESIAN_POINT('',(171.90356586536,-48.46494265672,
    -83.94374306735));
#3873 = VECTOR('',#3874,1.);
#3874 = DIRECTION('',(-1.,0.,-1.224646799147E-16));
#3875 = PCURVE('',#3629,#3876);
#3876 = DEFINITIONAL_REPRESENTATION('',(#3877),#3881);
#3877 = LINE('',#3878,#3879);
#3878 = CARTESIAN_POINT('',(0.866025403784,0.));
#3879 = VECTOR('',#3880,1.);
#3880 = DIRECTION('',(0.,-1.));
#3881 = ( GEOMETRIC_REPRESENTATION_CONTEXT(2) 
PARAMETRIC_REPRESENTATION_CONTEXT() REPRESENTATION_CONTEXT('2D SPACE',''
  ) );
#3882 = PCURVE('',#3767,#3883);
#3883 = DEFINITIONAL_REPRESENTATION('',(#3884),#3888);
#3884 = LINE('',#3885,#3886);
#3885 = CARTESIAN_POINT('',(0.,0.));
#3886 = VECTOR('',#3887,1.);
#3887 = DIRECTION('',(0.,-1.));
#3888 = ( GEOMETRIC_REPRESENTATION_CONTEXT(2) 
PARAMETRIC_REPRESENTATION_CONTEXT() REPRESENTATION_CONTEXT('2D SPACE',''
  ) );
#3889 = ADVANCED_FACE('',(#3890),#3767,.T.);
#3890 = FACE_BOUND('',#3891,.T.);
#3891 = EDGE_LOOP('',(#3892,#3915,#3916,#3917));
#3892 = ORIENTED_EDGE('',*,*,#3893,.F.);
#3893 = EDGE_CURVE('',#3820,#3894,#3896,.T.);
#3894 = VERTEX_POINT('',#3895);
#3895 = CARTESIAN_POINT('',(171.90356586536,-48.89795535861,
    -83.19374306735));
#3896 = SURFACE_CURVE('',#3897,(#3901,#3908),.PCURVE_S1.);
#3897 = LINE('',#3898,#3899);
#3898 = CARTESIAN_POINT('',(171.90356586536,-48.46494265672,
    -83.94374306735));
#3899 = VECTOR('',#3900,1.);
#3900 = DIRECTION('',(-1.060575238725E-16,-0.5,0.866025403784));
#3901 = PCURVE('',#3767,#3902);
#3902 = DEFINITIONAL_REPRESENTATION('',(#3903),#3907);
#3903 = LINE('',#3904,#3905);
#3904 = CARTESIAN_POINT('',(0.,0.));
#3905 = VECTOR('',#3906,1.);
#3906 = DIRECTION('',(1.,0.));
#3907 = ( GEOMETRIC_REPRESENTATION_CONTEXT(2) 
PARAMETRIC_REPRESENTATION_CONTEXT() REPRESENTATION_CONTEXT('2D SPACE',''
  ) );
#3908 = PCURVE('',#3835,#3909);
#3909 = DEFINITIONAL_REPRESENTATION('',(#3910),#3914);
#3910 = LINE('',#3911,#3912);
#3911 = CARTESIAN_POINT('',(0.75,0.433012701892));
#3912 = VECTOR('',#3913,1.);
#3913 = DIRECTION('',(-0.866025403784,0.5));
#3914 = ( GEOMETRIC_REPRESENTATION_CONTEXT(2) 
PARAMETRIC_REPRESENTATION_CONTEXT() REPRESENTATION_CONTEXT('2D SPACE',''
  ) );
#3915 = ORIENTED_EDGE('',*,*,#3869,.T.);
#3916 = ORIENTED_EDGE('',*,*,#3753,.F.);
#3917 = ORIENTED_EDGE('',*,*,#3918,.F.);
#3918 = EDGE_CURVE('',#3894,#3726,#3919,.T.);
#3919 = SURFACE_CURVE('',#3920,(#3924,#3931),.PCURVE_S1.);
#3920 = LINE('',#3921,#3922);
#3921 = CARTESIAN_POINT('',(171.90356586536,-48.89795535861,
    -83.19374306735));
#3922 = VECTOR('',#3923,1.);
#3923 = DIRECTION('',(-1.,0.,-1.224646799147E-16));
#3924 = PCURVE('',#3767,#3925);
#3925 = DEFINITIONAL_REPRESENTATION('',(#3926),#3930);
#3926 = LINE('',#3927,#3928);
#3927 = CARTESIAN_POINT('',(0.866025403784,9.184850993605E-17));
#3928 = VECTOR('',#3929,1.);
#3929 = DIRECTION('',(0.,-1.));
#3930 = ( GEOMETRIC_REPRESENTATION_CONTEXT(2) 
PARAMETRIC_REPRESENTATION_CONTEXT() REPRESENTATION_CONTEXT('2D SPACE',''
  ) );
#3931 = PCURVE('',#3741,#3932);
#3932 = DEFINITIONAL_REPRESENTATION('',(#3933),#3937);
#3933 = LINE('',#3934,#3935);
#3934 = CARTESIAN_POINT('',(0.,0.));
#3935 = VECTOR('',#3936,1.);
#3936 = DIRECTION('',(0.,-1.));
#3937 = ( GEOMETRIC_REPRESENTATION_CONTEXT(2) 
PARAMETRIC_REPRESENTATION_CONTEXT() REPRESENTATION_CONTEXT('2D SPACE',''
  ) );
#3938 = ADVANCED_FACE('',(#3939),#3741,.T.);
#3939 = FACE_BOUND('',#3940,.T.);
#3940 = EDGE_LOOP('',(#3941,#3964,#3965,#3966));
#3941 = ORIENTED_EDGE('',*,*,#3942,.F.);
#3942 = EDGE_CURVE('',#3894,#3943,#3945,.T.);
#3943 = VERTEX_POINT('',#3944);
#3944 = CARTESIAN_POINT('',(171.90356586536,-48.46494265672,
    -82.44374306735));
#3945 = SURFACE_CURVE('',#3946,(#3950,#3957),.PCURVE_S1.);
#3946 = LINE('',#3947,#3948);
#3947 = CARTESIAN_POINT('',(171.90356586536,-48.89795535861,
    -83.19374306735));
#3948 = VECTOR('',#3949,1.);
#3949 = DIRECTION('',(-1.060575238725E-16,0.5,0.866025403784));
#3950 = PCURVE('',#3741,#3951);
#3951 = DEFINITIONAL_REPRESENTATION('',(#3952),#3956);
#3952 = LINE('',#3953,#3954);
#3953 = CARTESIAN_POINT('',(0.,0.));
#3954 = VECTOR('',#3955,1.);
#3955 = DIRECTION('',(1.,0.));
#3956 = ( GEOMETRIC_REPRESENTATION_CONTEXT(2) 
PARAMETRIC_REPRESENTATION_CONTEXT() REPRESENTATION_CONTEXT('2D SPACE',''
  ) );
#3957 = PCURVE('',#3835,#3958);
#3958 = DEFINITIONAL_REPRESENTATION('',(#3959),#3963);
#3959 = LINE('',#3960,#3961);
#3960 = CARTESIAN_POINT('',(0.,0.866025403784));
#3961 = VECTOR('',#3962,1.);
#3962 = DIRECTION('',(-0.866025403784,-0.5));
#3963 = ( GEOMETRIC_REPRESENTATION_CONTEXT(2) 
PARAMETRIC_REPRESENTATION_CONTEXT() REPRESENTATION_CONTEXT('2D SPACE',''
  ) );
#3964 = ORIENTED_EDGE('',*,*,#3918,.T.);
#3965 = ORIENTED_EDGE('',*,*,#3725,.F.);
#3966 = ORIENTED_EDGE('',*,*,#3967,.F.);
#3967 = EDGE_CURVE('',#3943,#3698,#3968,.T.);
#3968 = SURFACE_CURVE('',#3969,(#3973,#3980),.PCURVE_S1.);
#3969 = LINE('',#3970,#3971);
#3970 = CARTESIAN_POINT('',(171.90356586536,-48.46494265672,
    -82.44374306735));
#3971 = VECTOR('',#3972,1.);
#3972 = DIRECTION('',(-1.,0.,-1.224646799147E-16));
#3973 = PCURVE('',#3741,#3974);
#3974 = DEFINITIONAL_REPRESENTATION('',(#3975),#3979);
#3975 = LINE('',#3976,#3977);
#3976 = CARTESIAN_POINT('',(0.866025403784,9.184850993605E-17));
#3977 = VECTOR('',#3978,1.);
#3978 = DIRECTION('',(0.,-1.));
#3979 = ( GEOMETRIC_REPRESENTATION_CONTEXT(2) 
PARAMETRIC_REPRESENTATION_CONTEXT() REPRESENTATION_CONTEXT('2D SPACE',''
  ) );
#3980 = PCURVE('',#3713,#3981);
#3981 = DEFINITIONAL_REPRESENTATION('',(#3982),#3986);
#3982 = LINE('',#3983,#3984);
#3983 = CARTESIAN_POINT('',(0.,0.));
#3984 = VECTOR('',#3985,1.);
#3985 = DIRECTION('',(0.,-1.));
#3986 = ( GEOMETRIC_REPRESENTATION_CONTEXT(2) 
PARAMETRIC_REPRESENTATION_CONTEXT() REPRESENTATION_CONTEXT('2D SPACE',''
  ) );
#3987 = ADVANCED_FACE('',(#3988),#3713,.T.);
#3988 = FACE_BOUND('',#3989,.T.);
#3989 = EDGE_LOOP('',(#3990,#4013,#4014,#4015));
#3990 = ORIENTED_EDGE('',*,*,#3991,.F.);
#3991 = EDGE_CURVE('',#3943,#3992,#3994,.T.);
#3992 = VERTEX_POINT('',#3993);
#3993 = CARTESIAN_POINT('',(171.90356586536,-47.59891725293,
    -82.44374306735));
#3994 = SURFACE_CURVE('',#3995,(#3999,#4006),.PCURVE_S1.);
#3995 = LINE('',#3996,#3997);
#3996 = CARTESIAN_POINT('',(171.90356586536,-48.46494265672,
    -82.44374306735));
#3997 = VECTOR('',#3998,1.);
#3998 = DIRECTION('',(-7.849833662531E-32,1.,6.409875621279E-16));
#3999 = PCURVE('',#3713,#4000);
#4000 = DEFINITIONAL_REPRESENTATION('',(#4001),#4005);
#4001 = LINE('',#4002,#4003);
#4002 = CARTESIAN_POINT('',(0.,0.));
#4003 = VECTOR('',#4004,1.);
#4004 = DIRECTION('',(1.,0.));
#4005 = ( GEOMETRIC_REPRESENTATION_CONTEXT(2) 
PARAMETRIC_REPRESENTATION_CONTEXT() REPRESENTATION_CONTEXT('2D SPACE',''
  ) );
#4006 = PCURVE('',#3835,#4007);
#4007 = DEFINITIONAL_REPRESENTATION('',(#4008),#4012);
#4008 = LINE('',#4009,#4010);
#4009 = CARTESIAN_POINT('',(-0.75,0.433012701892));
#4010 = VECTOR('',#4011,1.);
#4011 = DIRECTION('',(-6.409875621279E-16,-1.));
#4012 = ( GEOMETRIC_REPRESENTATION_CONTEXT(2) 
PARAMETRIC_REPRESENTATION_CONTEXT() REPRESENTATION_CONTEXT('2D SPACE',''
  ) );
#4013 = ORIENTED_EDGE('',*,*,#3967,.T.);
#4014 = ORIENTED_EDGE('',*,*,#3697,.F.);
#4015 = ORIENTED_EDGE('',*,*,#4016,.F.);
#4016 = EDGE_CURVE('',#3992,#3670,#4017,.T.);
#4017 = SURFACE_CURVE('',#4018,(#4022,#4029),.PCURVE_S1.);
#4018 = LINE('',#4019,#4020);
#4019 = CARTESIAN_POINT('',(171.90356586536,-47.59891725293,
    -82.44374306735));
#4020 = VECTOR('',#4021,1.);
#4021 = DIRECTION('',(-1.,0.,-1.224646799147E-16));
#4022 = PCURVE('',#3713,#4023);
#4023 = DEFINITIONAL_REPRESENTATION('',(#4024),#4028);
#4024 = LINE('',#4025,#4026);
#4025 = CARTESIAN_POINT('',(0.866025403784,0.));
#4026 = VECTOR('',#4027,1.);
#4027 = DIRECTION('',(0.,-1.));
#4028 = ( GEOMETRIC_REPRESENTATION_CONTEXT(2) 
PARAMETRIC_REPRESENTATION_CONTEXT() REPRESENTATION_CONTEXT('2D SPACE',''
  ) );
#4029 = PCURVE('',#3685,#4030);
#4030 = DEFINITIONAL_REPRESENTATION('',(#4031),#4035);
#4031 = LINE('',#4032,#4033);
#4032 = CARTESIAN_POINT('',(0.,0.));
#4033 = VECTOR('',#4034,1.);
#4034 = DIRECTION('',(0.,-1.));
#4035 = ( GEOMETRIC_REPRESENTATION_CONTEXT(2) 
PARAMETRIC_REPRESENTATION_CONTEXT() REPRESENTATION_CONTEXT('2D SPACE',''
  ) );
#4036 = ADVANCED_FACE('',(#4037),#3685,.T.);
#4037 = FACE_BOUND('',#4038,.T.);
#4038 = EDGE_LOOP('',(#4039,#4062,#4063,#4064));
#4039 = ORIENTED_EDGE('',*,*,#4040,.F.);
#4040 = EDGE_CURVE('',#3992,#4041,#4043,.T.);
#4041 = VERTEX_POINT('',#4042);
#4042 = CARTESIAN_POINT('',(171.90356586536,-47.16590455104,
    -83.19374306735));
#4043 = SURFACE_CURVE('',#4044,(#4048,#4055),.PCURVE_S1.);
#4044 = LINE('',#4045,#4046);
#4045 = CARTESIAN_POINT('',(171.90356586536,-47.59891725293,
    -82.44374306735));
#4046 = VECTOR('',#4047,1.);
#4047 = DIRECTION('',(1.060575238725E-16,0.5,-0.866025403784));
#4048 = PCURVE('',#3685,#4049);
#4049 = DEFINITIONAL_REPRESENTATION('',(#4050),#4054);
#4050 = LINE('',#4051,#4052);
#4051 = CARTESIAN_POINT('',(0.,0.));
#4052 = VECTOR('',#4053,1.);
#4053 = DIRECTION('',(1.,0.));
#4054 = ( GEOMETRIC_REPRESENTATION_CONTEXT(2) 
PARAMETRIC_REPRESENTATION_CONTEXT() REPRESENTATION_CONTEXT('2D SPACE',''
  ) );
#4055 = PCURVE('',#3835,#4056);
#4056 = DEFINITIONAL_REPRESENTATION('',(#4057),#4061);
#4057 = LINE('',#4058,#4059);
#4058 = CARTESIAN_POINT('',(-0.75,-0.433012701892));
#4059 = VECTOR('',#4060,1.);
#4060 = DIRECTION('',(0.866025403784,-0.5));
#4061 = ( GEOMETRIC_REPRESENTATION_CONTEXT(2) 
PARAMETRIC_REPRESENTATION_CONTEXT() REPRESENTATION_CONTEXT('2D SPACE',''
  ) );
#4062 = ORIENTED_EDGE('',*,*,#4016,.T.);
#4063 = ORIENTED_EDGE('',*,*,#3669,.F.);
#4064 = ORIENTED_EDGE('',*,*,#4065,.F.);
#4065 = EDGE_CURVE('',#4041,#3642,#4066,.T.);
#4066 = SURFACE_CURVE('',#4067,(#4071,#4078),.PCURVE_S1.);
#4067 = LINE('',#4068,#4069);
#4068 = CARTESIAN_POINT('',(171.90356586536,-47.16590455104,
    -83.19374306735));
#4069 = VECTOR('',#4070,1.);
#4070 = DIRECTION('',(-1.,0.,-1.224646799147E-16));
#4071 = PCURVE('',#3685,#4072);
#4072 = DEFINITIONAL_REPRESENTATION('',(#4073),#4077);
#4073 = LINE('',#4074,#4075);
#4074 = CARTESIAN_POINT('',(0.866025403784,-9.184850993605E-17));
#4075 = VECTOR('',#4076,1.);
#4076 = DIRECTION('',(0.,-1.));
#4077 = ( GEOMETRIC_REPRESENTATION_CONTEXT(2) 
PARAMETRIC_REPRESENTATION_CONTEXT() REPRESENTATION_CONTEXT('2D SPACE',''
  ) );
#4078 = PCURVE('',#3657,#4079);
#4079 = DEFINITIONAL_REPRESENTATION('',(#4080),#4084);
#4080 = LINE('',#4081,#4082);
#4081 = CARTESIAN_POINT('',(0.,0.));
#4082 = VECTOR('',#4083,1.);
#4083 = DIRECTION('',(0.,-1.));
#4084 = ( GEOMETRIC_REPRESENTATION_CONTEXT(2) 
PARAMETRIC_REPRESENTATION_CONTEXT() REPRESENTATION_CONTEXT('2D SPACE',''
  ) );
#4085 = ADVANCED_FACE('',(#4086),#3657,.T.);
#4086 = FACE_BOUND('',#4087,.T.);
#4087 = EDGE_LOOP('',(#4088,#4109,#4110,#4111));
#4088 = ORIENTED_EDGE('',*,*,#4089,.F.);
#4089 = EDGE_CURVE('',#4041,#3818,#4090,.T.);
#4090 = SURFACE_CURVE('',#4091,(#4095,#4102),.PCURVE_S1.);
#4091 = LINE('',#4092,#4093);
#4092 = CARTESIAN_POINT('',(171.90356586536,-47.16590455104,
    -83.19374306735));
#4093 = VECTOR('',#4094,1.);
#4094 = DIRECTION('',(1.060575238725E-16,-0.5,-0.866025403784));
#4095 = PCURVE('',#3657,#4096);
#4096 = DEFINITIONAL_REPRESENTATION('',(#4097),#4101);
#4097 = LINE('',#4098,#4099);
#4098 = CARTESIAN_POINT('',(0.,0.));
#4099 = VECTOR('',#4100,1.);
#4100 = DIRECTION('',(1.,0.));
#4101 = ( GEOMETRIC_REPRESENTATION_CONTEXT(2) 
PARAMETRIC_REPRESENTATION_CONTEXT() REPRESENTATION_CONTEXT('2D SPACE',''
  ) );
#4102 = PCURVE('',#3835,#4103);
#4103 = DEFINITIONAL_REPRESENTATION('',(#4104),#4108);
#4104 = LINE('',#4105,#4106);
#4105 = CARTESIAN_POINT('',(0.,-0.866025403784));
#4106 = VECTOR('',#4107,1.);
#4107 = DIRECTION('',(0.866025403784,0.5));
#4108 = ( GEOMETRIC_REPRESENTATION_CONTEXT(2) 
PARAMETRIC_REPRESENTATION_CONTEXT() REPRESENTATION_CONTEXT('2D SPACE',''
  ) );
#4109 = ORIENTED_EDGE('',*,*,#4065,.T.);
#4110 = ORIENTED_EDGE('',*,*,#3641,.F.);
#4111 = ORIENTED_EDGE('',*,*,#3847,.F.);
#4112 = ADVANCED_FACE('',(#4113),#3802,.T.);
#4113 = FACE_BOUND('',#4114,.T.);
#4114 = EDGE_LOOP('',(#4115,#4116,#4139,#4166));
#4115 = ORIENTED_EDGE('',*,*,#3785,.F.);
#4116 = ORIENTED_EDGE('',*,*,#4117,.F.);
#4117 = EDGE_CURVE('',#4118,#3786,#4120,.T.);
#4118 = VERTEX_POINT('',#4119);
#4119 = CARTESIAN_POINT('',(180.70356586536,-48.03192995482,
    -84.19374306735));
#4120 = SEAM_CURVE('',#4121,(#4125,#4132),.PCURVE_S1.);
#4121 = LINE('',#4122,#4123);
#4122 = CARTESIAN_POINT('',(180.70356586536,-48.03192995482,
    -84.19374306735));
#4123 = VECTOR('',#4124,1.);
#4124 = DIRECTION('',(-1.,0.,-1.224646799147E-16));
#4125 = PCURVE('',#3802,#4126);
#4126 = DEFINITIONAL_REPRESENTATION('',(#4127),#4131);
#4127 = LINE('',#4128,#4129);
#4128 = CARTESIAN_POINT('',(6.28318530718,-0.));
#4129 = VECTOR('',#4130,1.);
#4130 = DIRECTION('',(0.,1.));
#4131 = ( GEOMETRIC_REPRESENTATION_CONTEXT(2) 
PARAMETRIC_REPRESENTATION_CONTEXT() REPRESENTATION_CONTEXT('2D SPACE',''
  ) );
#4132 = PCURVE('',#3802,#4133);
#4133 = DEFINITIONAL_REPRESENTATION('',(#4134),#4138);
#4134 = LINE('',#4135,#4136);
#4135 = CARTESIAN_POINT('',(0.,-0.));
#4136 = VECTOR('',#4137,1.);
#4137 = DIRECTION('',(0.,1.));
#4138 = ( GEOMETRIC_REPRESENTATION_CONTEXT(2) 
PARAMETRIC_REPRESENTATION_CONTEXT() REPRESENTATION_CONTEXT('2D SPACE',''
  ) );
#4139 = ORIENTED_EDGE('',*,*,#4140,.T.);
#4140 = EDGE_CURVE('',#4118,#4118,#4141,.T.);
#4141 = SURFACE_CURVE('',#4142,(#4147,#4154),.PCURVE_S1.);
#4142 = CIRCLE('',#4143,1.);
#4143 = AXIS2_PLACEMENT_3D('',#4144,#4145,#4146);
#4144 = CARTESIAN_POINT('',(180.70356586536,-48.03192995482,
    -83.19374306735));
#4145 = DIRECTION('',(-1.,0.,-1.224646799147E-16));
#4146 = DIRECTION('',(1.224646799147E-16,0.,-1.));
#4147 = PCURVE('',#3802,#4148);
#4148 = DEFINITIONAL_REPRESENTATION('',(#4149),#4153);
#4149 = LINE('',#4150,#4151);
#4150 = CARTESIAN_POINT('',(0.,0.));
#4151 = VECTOR('',#4152,1.);
#4152 = DIRECTION('',(1.,0.));
#4153 = ( GEOMETRIC_REPRESENTATION_CONTEXT(2) 
PARAMETRIC_REPRESENTATION_CONTEXT() REPRESENTATION_CONTEXT('2D SPACE',''
  ) );
#4154 = PCURVE('',#4155,#4160);
#4155 = PLANE('',#4156);
#4156 = AXIS2_PLACEMENT_3D('',#4157,#4158,#4159);
#4157 = CARTESIAN_POINT('',(180.70356586536,-48.03192995482,
    -83.19374306735));
#4158 = DIRECTION('',(-1.,0.,-1.224646799147E-16));
#4159 = DIRECTION('',(1.224646799147E-16,0.,-1.));
#4160 = DEFINITIONAL_REPRESENTATION('',(#4161),#4165);
#4161 = CIRCLE('',#4162,1.);
#4162 = AXIS2_PLACEMENT_2D('',#4163,#4164);
#4163 = CARTESIAN_POINT('',(0.,0.));
#4164 = DIRECTION('',(1.,0.));
#4165 = ( GEOMETRIC_REPRESENTATION_CONTEXT(2) 
PARAMETRIC_REPRESENTATION_CONTEXT() REPRESENTATION_CONTEXT('2D SPACE',''
  ) );
#4166 = ORIENTED_EDGE('',*,*,#4117,.T.);
#4167 = ADVANCED_FACE('',(#4168),#3835,.T.);
#4168 = FACE_BOUND('',#4169,.T.);
#4169 = EDGE_LOOP('',(#4170,#4171,#4172,#4173,#4174,#4175));
#4170 = ORIENTED_EDGE('',*,*,#4089,.T.);
#4171 = ORIENTED_EDGE('',*,*,#3817,.T.);
#4172 = ORIENTED_EDGE('',*,*,#3893,.T.);
#4173 = ORIENTED_EDGE('',*,*,#3942,.T.);
#4174 = ORIENTED_EDGE('',*,*,#3991,.T.);
#4175 = ORIENTED_EDGE('',*,*,#4040,.T.);
#4176 = ADVANCED_FACE('',(#4177),#4155,.F.);
#4177 = FACE_BOUND('',#4178,.T.);
#4178 = EDGE_LOOP('',(#4179));
#4179 = ORIENTED_EDGE('',*,*,#4140,.F.);
#4180 = ( GEOMETRIC_REPRESENTATION_CONTEXT(3) 
GLOBAL_UNCERTAINTY_ASSIGNED_CONTEXT((#4184)) 
GLOBAL_UNIT_ASSIGNED_CONTEXT((#4181,#4182,#4183)) REPRESENTATION_CONTEXT
('Context #1','3D Context with UNIT and UNCERTAINTY') );
#4181 = ( LENGTH_UNIT() NAMED_UNIT(*) SI_UNIT(.MILLI.,.METRE.) );
#4182 = ( NAMED_UNIT(*) PLANE_ANGLE_UNIT() SI_UNIT($,.RADIAN.) );
#4183 = ( NAMED_UNIT(*) SI_UNIT($,.STERADIAN.) SOLID_ANGLE_UNIT() );
#4184 = UNCERTAINTY_MEASURE_WITH_UNIT(LENGTH_MEASURE(1.E-07),#4181,
  'distance_accuracy_value','confusion accuracy');
#4185 = CONTEXT_DEPENDENT_SHAPE_REPRESENTATION(#4186,#4188);
#4186 = ( REPRESENTATION_RELATIONSHIP('','',#3513,#10) 
REPRESENTATION_RELATIONSHIP_WITH_TRANSFORMATION(#4187) 
SHAPE_REPRESENTATION_RELATIONSHIP() );
#4187 = ITEM_DEFINED_TRANSFORMATION('','',#11,#35);
#4188 = PRODUCT_DEFINITION_SHAPE('Placement','Placement of an item',
  #4189);
#4189 = NEXT_ASSEMBLY_USAGE_OCCURRENCE('54','','',#5,#3508,$);
#4190 = PRODUCT_RELATED_PRODUCT_CATEGORY('part',$,(#3510));
#4191 = SHAPE_DEFINITION_REPRESENTATION(#4192,#4198);
#4192 = PRODUCT_DEFINITION_SHAPE('','',#4193);
#4193 = PRODUCT_DEFINITION('design','',#4194,#4197);
#4194 = PRODUCT_DEFINITION_FORMATION('','',#4195);
#4195 = PRODUCT('Open CASCADE STEP translator 7.9 10.7',
  'Open CASCADE STEP translator 7.9 10.7','',(#4196));
#4196 = PRODUCT_CONTEXT('',#2,'mechanical');
#4197 = PRODUCT_DEFINITION_CONTEXT('part definition',#2,'design');
#4198 = ADVANCED_BREP_SHAPE_REPRESENTATION('',(#11,#4199),#4865);
#4199 = MANIFOLD_SOLID_BREP('',#4200);
#4200 = CLOSED_SHELL('',(#4201,#4289,#4463,#4498,#4574,#4623,#4672,#4721
    ,#4770,#4797,#4852,#4861));
#4201 = ADVANCED_FACE('',(#4202),#4215,.T.);
#4202 = FACE_BOUND('',#4203,.T.);
#4203 = EDGE_LOOP('',(#4204,#4238,#4261,#4288));
#4204 = ORIENTED_EDGE('',*,*,#4205,.F.);
#4205 = EDGE_CURVE('',#4206,#4206,#4208,.T.);
#4206 = VERTEX_POINT('',#4207);
#4207 = CARTESIAN_POINT('',(170.70356586536,-77.71729521216,
    -58.36492013318));
#4208 = SURFACE_CURVE('',#4209,(#4214,#4226),.PCURVE_S1.);
#4209 = CIRCLE('',#4210,1.9);
#4210 = AXIS2_PLACEMENT_3D('',#4211,#4212,#4213);
#4211 = CARTESIAN_POINT('',(170.70356586536,-77.71729521216,
    -56.46492013318));
#4212 = DIRECTION('',(-1.,0.,-1.224646799147E-16));
#4213 = DIRECTION('',(1.224646799147E-16,0.,-1.));
#4214 = PCURVE('',#4215,#4220);
#4215 = CYLINDRICAL_SURFACE('',#4216,1.9);
#4216 = AXIS2_PLACEMENT_3D('',#4217,#4218,#4219);
#4217 = CARTESIAN_POINT('',(172.70356586536,-77.71729521216,
    -56.46492013318));
#4218 = DIRECTION('',(-1.,0.,-1.224646799147E-16));
#4219 = DIRECTION('',(1.224646799147E-16,0.,-1.));
#4220 = DEFINITIONAL_REPRESENTATION('',(#4221),#4225);
#4221 = LINE('',#4222,#4223);
#4222 = CARTESIAN_POINT('',(0.,2.));
#4223 = VECTOR('',#4224,1.);
#4224 = DIRECTION('',(1.,0.));
#4225 = ( GEOMETRIC_REPRESENTATION_CONTEXT(2) 
PARAMETRIC_REPRESENTATION_CONTEXT() REPRESENTATION_CONTEXT('2D SPACE',''
  ) );
#4226 = PCURVE('',#4227,#4232);
#4227 = PLANE('',#4228);
#4228 = AXIS2_PLACEMENT_3D('',#4229,#4230,#4231);
#4229 = CARTESIAN_POINT('',(170.70356586536,-77.71729521216,
    -56.46492013318));
#4230 = DIRECTION('',(-1.,0.,-1.224646799147E-16));
#4231 = DIRECTION('',(1.224646799147E-16,0.,-1.));
#4232 = DEFINITIONAL_REPRESENTATION('',(#4233),#4237);
#4233 = CIRCLE('',#4234,1.9);
#4234 = AXIS2_PLACEMENT_2D('',#4235,#4236);
#4235 = CARTESIAN_POINT('',(0.,0.));
#4236 = DIRECTION('',(1.,0.));
#4237 = ( GEOMETRIC_REPRESENTATION_CONTEXT(2) 
PARAMETRIC_REPRESENTATION_CONTEXT() REPRESENTATION_CONTEXT('2D SPACE',''
  ) );
#4238 = ORIENTED_EDGE('',*,*,#4239,.F.);
#4239 = EDGE_CURVE('',#4240,#4206,#4242,.T.);
#4240 = VERTEX_POINT('',#4241);
#4241 = CARTESIAN_POINT('',(172.70356586536,-77.71729521216,
    -58.36492013318));
#4242 = SEAM_CURVE('',#4243,(#4247,#4254),.PCURVE_S1.);
#4243 = LINE('',#4244,#4245);
#4244 = CARTESIAN_POINT('',(172.70356586536,-77.71729521216,
    -58.36492013318));
#4245 = VECTOR('',#4246,1.);
#4246 = DIRECTION('',(-1.,0.,-1.224646799147E-16));
#4247 = PCURVE('',#4215,#4248);
#4248 = DEFINITIONAL_REPRESENTATION('',(#4249),#4253);
#4249 = LINE('',#4250,#4251);
#4250 = CARTESIAN_POINT('',(6.28318530718,-0.));
#4251 = VECTOR('',#4252,1.);
#4252 = DIRECTION('',(0.,1.));
#4253 = ( GEOMETRIC_REPRESENTATION_CONTEXT(2) 
PARAMETRIC_REPRESENTATION_CONTEXT() REPRESENTATION_CONTEXT('2D SPACE',''
  ) );
#4254 = PCURVE('',#4215,#4255);
#4255 = DEFINITIONAL_REPRESENTATION('',(#4256),#4260);
#4256 = LINE('',#4257,#4258);
#4257 = CARTESIAN_POINT('',(0.,-0.));
#4258 = VECTOR('',#4259,1.);
#4259 = DIRECTION('',(0.,1.));
#4260 = ( GEOMETRIC_REPRESENTATION_CONTEXT(2) 
PARAMETRIC_REPRESENTATION_CONTEXT() REPRESENTATION_CONTEXT('2D SPACE',''
  ) );
#4261 = ORIENTED_EDGE('',*,*,#4262,.T.);
#4262 = EDGE_CURVE('',#4240,#4240,#4263,.T.);
#4263 = SURFACE_CURVE('',#4264,(#4269,#4276),.PCURVE_S1.);
#4264 = CIRCLE('',#4265,1.9);
#4265 = AXIS2_PLACEMENT_3D('',#4266,#4267,#4268);
#4266 = CARTESIAN_POINT('',(172.70356586536,-77.71729521216,
    -56.46492013318));
#4267 = DIRECTION('',(-1.,0.,-1.224646799147E-16));
#4268 = DIRECTION('',(1.224646799147E-16,0.,-1.));
#4269 = PCURVE('',#4215,#4270);
#4270 = DEFINITIONAL_REPRESENTATION('',(#4271),#4275);
#4271 = LINE('',#4272,#4273);
#4272 = CARTESIAN_POINT('',(0.,0.));
#4273 = VECTOR('',#4274,1.);
#4274 = DIRECTION('',(1.,0.));
#4275 = ( GEOMETRIC_REPRESENTATION_CONTEXT(2) 
PARAMETRIC_REPRESENTATION_CONTEXT() REPRESENTATION_CONTEXT('2D SPACE',''
  ) );
#4276 = PCURVE('',#4277,#4282);
#4277 = PLANE('',#4278);
#4278 = AXIS2_PLACEMENT_3D('',#4279,#4280,#4281);
#4279 = CARTESIAN_POINT('',(172.70356586536,-77.71729521216,
    -56.46492013318));
#4280 = DIRECTION('',(-1.,0.,-1.224646799147E-16));
#4281 = DIRECTION('',(1.224646799147E-16,0.,-1.));
#4282 = DEFINITIONAL_REPRESENTATION('',(#4283),#4287);
#4283 = CIRCLE('',#4284,1.9);
#4284 = AXIS2_PLACEMENT_2D('',#4285,#4286);
#4285 = CARTESIAN_POINT('',(0.,0.));
#4286 = DIRECTION('',(1.,0.));
#4287 = ( GEOMETRIC_REPRESENTATION_CONTEXT(2) 
PARAMETRIC_REPRESENTATION_CONTEXT() REPRESENTATION_CONTEXT('2D SPACE',''
  ) );
#4288 = ORIENTED_EDGE('',*,*,#4239,.T.);
#4289 = ADVANCED_FACE('',(#4290,#4293),#4227,.T.);
#4290 = FACE_BOUND('',#4291,.T.);
#4291 = EDGE_LOOP('',(#4292));
#4292 = ORIENTED_EDGE('',*,*,#4205,.T.);
#4293 = FACE_BOUND('',#4294,.T.);
#4294 = EDGE_LOOP('',(#4295,#4325,#4353,#4381,#4409,#4437));
#4295 = ORIENTED_EDGE('',*,*,#4296,.T.);
#4296 = EDGE_CURVE('',#4297,#4299,#4301,.T.);
#4297 = VERTEX_POINT('',#4298);
#4298 = CARTESIAN_POINT('',(170.70356586536,-78.15030791406,
    -57.21492013318));
#4299 = VERTEX_POINT('',#4300);
#4300 = CARTESIAN_POINT('',(170.70356586536,-77.28428251027,
    -57.21492013318));
#4301 = SURFACE_CURVE('',#4302,(#4306,#4313),.PCURVE_S1.);
#4302 = LINE('',#4303,#4304);
#4303 = CARTESIAN_POINT('',(170.70356586536,-77.50078886122,
    -57.21492013318));
#4304 = VECTOR('',#4305,1.);
#4305 = DIRECTION('',(-1.569966732506E-32,1.,1.281975124256E-16));
#4306 = PCURVE('',#4227,#4307);
#4307 = DEFINITIONAL_REPRESENTATION('',(#4308),#4312);
#4308 = LINE('',#4309,#4310);
#4309 = CARTESIAN_POINT('',(0.75,-0.216506350946));
#4310 = VECTOR('',#4311,1.);
#4311 = DIRECTION('',(-1.281975124256E-16,-1.));
#4312 = ( GEOMETRIC_REPRESENTATION_CONTEXT(2) 
PARAMETRIC_REPRESENTATION_CONTEXT() REPRESENTATION_CONTEXT('2D SPACE',''
  ) );
#4313 = PCURVE('',#4314,#4319);
#4314 = PLANE('',#4315);
#4315 = AXIS2_PLACEMENT_3D('',#4316,#4317,#4318);
#4316 = CARTESIAN_POINT('',(171.90356586536,-77.28428251027,
    -57.21492013318));
#4317 = DIRECTION('',(-1.224646799147E-16,-1.281975124256E-16,1.));
#4318 = DIRECTION('',(1.569966732506E-32,-1.,-1.281975124256E-16));
#4319 = DEFINITIONAL_REPRESENTATION('',(#4320),#4324);
#4320 = LINE('',#4321,#4322);
#4321 = CARTESIAN_POINT('',(0.216506350946,-1.2));
#4322 = VECTOR('',#4323,1.);
#4323 = DIRECTION('',(-1.,0.));
#4324 = ( GEOMETRIC_REPRESENTATION_CONTEXT(2) 
PARAMETRIC_REPRESENTATION_CONTEXT() REPRESENTATION_CONTEXT('2D SPACE',''
  ) );
#4325 = ORIENTED_EDGE('',*,*,#4326,.T.);
#4326 = EDGE_CURVE('',#4299,#4327,#4329,.T.);
#4327 = VERTEX_POINT('',#4328);
#4328 = CARTESIAN_POINT('',(170.70356586536,-76.85126980838,
    -56.46492013318));
#4329 = SURFACE_CURVE('',#4330,(#4334,#4341),.PCURVE_S1.);
#4330 = LINE('',#4331,#4332);
#4331 = CARTESIAN_POINT('',(170.70356586536,-76.95952298385,
    -56.65242013318));
#4332 = VECTOR('',#4333,1.);
#4333 = DIRECTION('',(-1.060575238725E-16,0.5,0.866025403784));
#4334 = PCURVE('',#4227,#4335);
#4335 = DEFINITIONAL_REPRESENTATION('',(#4336),#4340);
#4336 = LINE('',#4337,#4338);
#4337 = CARTESIAN_POINT('',(0.1875,-0.757772228311));
#4338 = VECTOR('',#4339,1.);
#4339 = DIRECTION('',(-0.866025403784,-0.5));
#4340 = ( GEOMETRIC_REPRESENTATION_CONTEXT(2) 
PARAMETRIC_REPRESENTATION_CONTEXT() REPRESENTATION_CONTEXT('2D SPACE',''
  ) );
#4341 = PCURVE('',#4342,#4347);
#4342 = PLANE('',#4343);
#4343 = AXIS2_PLACEMENT_3D('',#4344,#4345,#4346);
#4344 = CARTESIAN_POINT('',(171.90356586536,-76.85126980838,
    -56.46492013318));
#4345 = DIRECTION('',(-6.123233995737E-17,-0.866025403784,0.5));
#4346 = DIRECTION('',(1.060575238725E-16,-0.5,-0.866025403784));
#4347 = DEFINITIONAL_REPRESENTATION('',(#4348),#4352);
#4348 = LINE('',#4349,#4350);
#4349 = CARTESIAN_POINT('',(0.216506350946,-1.2));
#4350 = VECTOR('',#4351,1.);
#4351 = DIRECTION('',(-1.,0.));
#4352 = ( GEOMETRIC_REPRESENTATION_CONTEXT(2) 
PARAMETRIC_REPRESENTATION_CONTEXT() REPRESENTATION_CONTEXT('2D SPACE',''
  ) );
#4353 = ORIENTED_EDGE('',*,*,#4354,.T.);
#4354 = EDGE_CURVE('',#4327,#4355,#4357,.T.);
#4355 = VERTEX_POINT('',#4356);
#4356 = CARTESIAN_POINT('',(170.70356586536,-77.28428251027,
    -55.71492013318));
#4357 = SURFACE_CURVE('',#4358,(#4362,#4369),.PCURVE_S1.);
#4358 = LINE('',#4359,#4360);
#4359 = CARTESIAN_POINT('',(170.70356586536,-77.1760293348,
    -55.90242013318));
#4360 = VECTOR('',#4361,1.);
#4361 = DIRECTION('',(-1.060575238725E-16,-0.5,0.866025403784));
#4362 = PCURVE('',#4227,#4363);
#4363 = DEFINITIONAL_REPRESENTATION('',(#4364),#4368);
#4364 = LINE('',#4365,#4366);
#4365 = CARTESIAN_POINT('',(-0.5625,-0.541265877365));
#4366 = VECTOR('',#4367,1.);
#4367 = DIRECTION('',(-0.866025403784,0.5));
#4368 = ( GEOMETRIC_REPRESENTATION_CONTEXT(2) 
PARAMETRIC_REPRESENTATION_CONTEXT() REPRESENTATION_CONTEXT('2D SPACE',''
  ) );
#4369 = PCURVE('',#4370,#4375);
#4370 = PLANE('',#4371);
#4371 = AXIS2_PLACEMENT_3D('',#4372,#4373,#4374);
#4372 = CARTESIAN_POINT('',(171.90356586536,-77.28428251027,
    -55.71492013318));
#4373 = DIRECTION('',(6.123233995737E-17,-0.866025403784,-0.5));
#4374 = DIRECTION('',(1.060575238725E-16,0.5,-0.866025403784));
#4375 = DEFINITIONAL_REPRESENTATION('',(#4376),#4380);
#4376 = LINE('',#4377,#4378);
#4377 = CARTESIAN_POINT('',(0.216506350946,-1.2));
#4378 = VECTOR('',#4379,1.);
#4379 = DIRECTION('',(-1.,0.));
#4380 = ( GEOMETRIC_REPRESENTATION_CONTEXT(2) 
PARAMETRIC_REPRESENTATION_CONTEXT() REPRESENTATION_CONTEXT('2D SPACE',''
  ) );
#4381 = ORIENTED_EDGE('',*,*,#4382,.T.);
#4382 = EDGE_CURVE('',#4355,#4383,#4385,.T.);
#4383 = VERTEX_POINT('',#4384);
#4384 = CARTESIAN_POINT('',(170.70356586536,-78.15030791406,
    -55.71492013318));
#4385 = SURFACE_CURVE('',#4386,(#4390,#4397),.PCURVE_S1.);
#4386 = LINE('',#4387,#4388);
#4387 = CARTESIAN_POINT('',(170.70356586536,-77.93380156311,
    -55.71492013318));
#4388 = VECTOR('',#4389,1.);
#4389 = DIRECTION('',(7.849833662531E-32,-1.,-6.409875621279E-16));
#4390 = PCURVE('',#4227,#4391);
#4391 = DEFINITIONAL_REPRESENTATION('',(#4392),#4396);
#4392 = LINE('',#4393,#4394);
#4393 = CARTESIAN_POINT('',(-0.75,0.216506350946));
#4394 = VECTOR('',#4395,1.);
#4395 = DIRECTION('',(6.409875621279E-16,1.));
#4396 = ( GEOMETRIC_REPRESENTATION_CONTEXT(2) 
PARAMETRIC_REPRESENTATION_CONTEXT() REPRESENTATION_CONTEXT('2D SPACE',''
  ) );
#4397 = PCURVE('',#4398,#4403);
#4398 = PLANE('',#4399);
#4399 = AXIS2_PLACEMENT_3D('',#4400,#4401,#4402);
#4400 = CARTESIAN_POINT('',(171.90356586536,-78.15030791406,
    -55.71492013318));
#4401 = DIRECTION('',(1.224646799147E-16,6.409875621279E-16,-1.));
#4402 = DIRECTION('',(-7.849833662531E-32,1.,6.409875621279E-16));
#4403 = DEFINITIONAL_REPRESENTATION('',(#4404),#4408);
#4404 = LINE('',#4405,#4406);
#4405 = CARTESIAN_POINT('',(0.216506350946,-1.2));
#4406 = VECTOR('',#4407,1.);
#4407 = DIRECTION('',(-1.,0.));
#4408 = ( GEOMETRIC_REPRESENTATION_CONTEXT(2) 
PARAMETRIC_REPRESENTATION_CONTEXT() REPRESENTATION_CONTEXT('2D SPACE',''
  ) );
#4409 = ORIENTED_EDGE('',*,*,#4410,.T.);
#4410 = EDGE_CURVE('',#4383,#4411,#4413,.T.);
#4411 = VERTEX_POINT('',#4412);
#4412 = CARTESIAN_POINT('',(170.70356586536,-78.58332061595,
    -56.46492013318));
#4413 = SURFACE_CURVE('',#4414,(#4418,#4425),.PCURVE_S1.);
#4414 = LINE('',#4415,#4416);
#4415 = CARTESIAN_POINT('',(170.70356586536,-78.47506744047,
    -56.27742013318));
#4416 = VECTOR('',#4417,1.);
#4417 = DIRECTION('',(1.060575238725E-16,-0.5,-0.866025403784));
#4418 = PCURVE('',#4227,#4419);
#4419 = DEFINITIONAL_REPRESENTATION('',(#4420),#4424);
#4420 = LINE('',#4421,#4422);
#4421 = CARTESIAN_POINT('',(-0.1875,0.757772228311));
#4422 = VECTOR('',#4423,1.);
#4423 = DIRECTION('',(0.866025403784,0.5));
#4424 = ( GEOMETRIC_REPRESENTATION_CONTEXT(2) 
PARAMETRIC_REPRESENTATION_CONTEXT() REPRESENTATION_CONTEXT('2D SPACE',''
  ) );
#4425 = PCURVE('',#4426,#4431);
#4426 = PLANE('',#4427);
#4427 = AXIS2_PLACEMENT_3D('',#4428,#4429,#4430);
#4428 = CARTESIAN_POINT('',(171.90356586536,-78.58332061595,
    -56.46492013318));
#4429 = DIRECTION('',(6.123233995737E-17,0.866025403784,-0.5));
#4430 = DIRECTION('',(-1.060575238725E-16,0.5,0.866025403784));
#4431 = DEFINITIONAL_REPRESENTATION('',(#4432),#4436);
#4432 = LINE('',#4433,#4434);
#4433 = CARTESIAN_POINT('',(0.216506350946,-1.2));
#4434 = VECTOR('',#4435,1.);
#4435 = DIRECTION('',(-1.,0.));
#4436 = ( GEOMETRIC_REPRESENTATION_CONTEXT(2) 
PARAMETRIC_REPRESENTATION_CONTEXT() REPRESENTATION_CONTEXT('2D SPACE',''
  ) );
#4437 = ORIENTED_EDGE('',*,*,#4438,.T.);
#4438 = EDGE_CURVE('',#4411,#4297,#4439,.T.);
#4439 = SURFACE_CURVE('',#4440,(#4444,#4451),.PCURVE_S1.);
#4440 = LINE('',#4441,#4442);
#4441 = CARTESIAN_POINT('',(170.70356586536,-78.25856108953,
    -57.02742013318));
#4442 = VECTOR('',#4443,1.);
#4443 = DIRECTION('',(1.060575238725E-16,0.5,-0.866025403784));
#4444 = PCURVE('',#4227,#4445);
#4445 = DEFINITIONAL_REPRESENTATION('',(#4446),#4450);
#4446 = LINE('',#4447,#4448);
#4447 = CARTESIAN_POINT('',(0.5625,0.541265877365));
#4448 = VECTOR('',#4449,1.);
#4449 = DIRECTION('',(0.866025403784,-0.5));
#4450 = ( GEOMETRIC_REPRESENTATION_CONTEXT(2) 
PARAMETRIC_REPRESENTATION_CONTEXT() REPRESENTATION_CONTEXT('2D SPACE',''
  ) );
#4451 = PCURVE('',#4452,#4457);
#4452 = PLANE('',#4453);
#4453 = AXIS2_PLACEMENT_3D('',#4454,#4455,#4456);
#4454 = CARTESIAN_POINT('',(171.90356586536,-78.15030791406,
    -57.21492013318));
#4455 = DIRECTION('',(-6.123233995737E-17,0.866025403784,0.5));
#4456 = DIRECTION('',(-1.060575238725E-16,-0.5,0.866025403784));
#4457 = DEFINITIONAL_REPRESENTATION('',(#4458),#4462);
#4458 = LINE('',#4459,#4460);
#4459 = CARTESIAN_POINT('',(0.216506350946,-1.2));
#4460 = VECTOR('',#4461,1.);
#4461 = DIRECTION('',(-1.,0.));
#4462 = ( GEOMETRIC_REPRESENTATION_CONTEXT(2) 
PARAMETRIC_REPRESENTATION_CONTEXT() REPRESENTATION_CONTEXT('2D SPACE',''
  ) );
#4463 = ADVANCED_FACE('',(#4464,#4467),#4277,.F.);
#4464 = FACE_BOUND('',#4465,.F.);
#4465 = EDGE_LOOP('',(#4466));
#4466 = ORIENTED_EDGE('',*,*,#4262,.T.);
#4467 = FACE_BOUND('',#4468,.F.);
#4468 = EDGE_LOOP('',(#4469));
#4469 = ORIENTED_EDGE('',*,*,#4470,.F.);
#4470 = EDGE_CURVE('',#4471,#4471,#4473,.T.);
#4471 = VERTEX_POINT('',#4472);
#4472 = CARTESIAN_POINT('',(172.70356586536,-77.71729521216,
    -57.46492013318));
#4473 = SURFACE_CURVE('',#4474,(#4479,#4486),.PCURVE_S1.);
#4474 = CIRCLE('',#4475,1.);
#4475 = AXIS2_PLACEMENT_3D('',#4476,#4477,#4478);
#4476 = CARTESIAN_POINT('',(172.70356586536,-77.71729521216,
    -56.46492013318));
#4477 = DIRECTION('',(-1.,0.,-1.224646799147E-16));
#4478 = DIRECTION('',(1.224646799147E-16,0.,-1.));
#4479 = PCURVE('',#4277,#4480);
#4480 = DEFINITIONAL_REPRESENTATION('',(#4481),#4485);
#4481 = CIRCLE('',#4482,1.);
#4482 = AXIS2_PLACEMENT_2D('',#4483,#4484);
#4483 = CARTESIAN_POINT('',(0.,0.));
#4484 = DIRECTION('',(1.,0.));
#4485 = ( GEOMETRIC_REPRESENTATION_CONTEXT(2) 
PARAMETRIC_REPRESENTATION_CONTEXT() REPRESENTATION_CONTEXT('2D SPACE',''
  ) );
#4486 = PCURVE('',#4487,#4492);
#4487 = CYLINDRICAL_SURFACE('',#4488,1.);
#4488 = AXIS2_PLACEMENT_3D('',#4489,#4490,#4491);
#4489 = CARTESIAN_POINT('',(180.70356586536,-77.71729521216,
    -56.46492013318));
#4490 = DIRECTION('',(-1.,0.,-1.224646799147E-16));
#4491 = DIRECTION('',(1.224646799147E-16,0.,-1.));
#4492 = DEFINITIONAL_REPRESENTATION('',(#4493),#4497);
#4493 = LINE('',#4494,#4495);
#4494 = CARTESIAN_POINT('',(0.,8.));
#4495 = VECTOR('',#4496,1.);
#4496 = DIRECTION('',(1.,0.));
#4497 = ( GEOMETRIC_REPRESENTATION_CONTEXT(2) 
PARAMETRIC_REPRESENTATION_CONTEXT() REPRESENTATION_CONTEXT('2D SPACE',''
  ) );
#4498 = ADVANCED_FACE('',(#4499),#4314,.T.);
#4499 = FACE_BOUND('',#4500,.T.);
#4500 = EDGE_LOOP('',(#4501,#4531,#4552,#4553));
#4501 = ORIENTED_EDGE('',*,*,#4502,.F.);
#4502 = EDGE_CURVE('',#4503,#4505,#4507,.T.);
#4503 = VERTEX_POINT('',#4504);
#4504 = CARTESIAN_POINT('',(171.90356586536,-77.28428251027,
    -57.21492013318));
#4505 = VERTEX_POINT('',#4506);
#4506 = CARTESIAN_POINT('',(171.90356586536,-78.15030791406,
    -57.21492013318));
#4507 = SURFACE_CURVE('',#4508,(#4512,#4519),.PCURVE_S1.);
#4508 = LINE('',#4509,#4510);
#4509 = CARTESIAN_POINT('',(171.90356586536,-77.28428251027,
    -57.21492013318));
#4510 = VECTOR('',#4511,1.);
#4511 = DIRECTION('',(1.569966732506E-32,-1.,-1.281975124256E-16));
#4512 = PCURVE('',#4314,#4513);
#4513 = DEFINITIONAL_REPRESENTATION('',(#4514),#4518);
#4514 = LINE('',#4515,#4516);
#4515 = CARTESIAN_POINT('',(0.,0.));
#4516 = VECTOR('',#4517,1.);
#4517 = DIRECTION('',(1.,0.));
#4518 = ( GEOMETRIC_REPRESENTATION_CONTEXT(2) 
PARAMETRIC_REPRESENTATION_CONTEXT() REPRESENTATION_CONTEXT('2D SPACE',''
  ) );
#4519 = PCURVE('',#4520,#4525);
#4520 = PLANE('',#4521);
#4521 = AXIS2_PLACEMENT_3D('',#4522,#4523,#4524);
#4522 = CARTESIAN_POINT('',(171.90356586536,-77.71729521216,
    -56.46492013318));
#4523 = DIRECTION('',(-1.,0.,-1.224646799147E-16));
#4524 = DIRECTION('',(1.224646799147E-16,0.,-1.));
#4525 = DEFINITIONAL_REPRESENTATION('',(#4526),#4530);
#4526 = LINE('',#4527,#4528);
#4527 = CARTESIAN_POINT('',(0.75,-0.433012701892));
#4528 = VECTOR('',#4529,1.);
#4529 = DIRECTION('',(1.281975124256E-16,1.));
#4530 = ( GEOMETRIC_REPRESENTATION_CONTEXT(2) 
PARAMETRIC_REPRESENTATION_CONTEXT() REPRESENTATION_CONTEXT('2D SPACE',''
  ) );
#4531 = ORIENTED_EDGE('',*,*,#4532,.T.);
#4532 = EDGE_CURVE('',#4503,#4299,#4533,.T.);
#4533 = SURFACE_CURVE('',#4534,(#4538,#4545),.PCURVE_S1.);
#4534 = LINE('',#4535,#4536);
#4535 = CARTESIAN_POINT('',(171.90356586536,-77.28428251027,
    -57.21492013318));
#4536 = VECTOR('',#4537,1.);
#4537 = DIRECTION('',(-1.,0.,-1.224646799147E-16));
#4538 = PCURVE('',#4314,#4539);
#4539 = DEFINITIONAL_REPRESENTATION('',(#4540),#4544);
#4540 = LINE('',#4541,#4542);
#4541 = CARTESIAN_POINT('',(0.,0.));
#4542 = VECTOR('',#4543,1.);
#4543 = DIRECTION('',(0.,-1.));
#4544 = ( GEOMETRIC_REPRESENTATION_CONTEXT(2) 
PARAMETRIC_REPRESENTATION_CONTEXT() REPRESENTATION_CONTEXT('2D SPACE',''
  ) );
#4545 = PCURVE('',#4342,#4546);
#4546 = DEFINITIONAL_REPRESENTATION('',(#4547),#4551);
#4547 = LINE('',#4548,#4549);
#4548 = CARTESIAN_POINT('',(0.866025403784,-9.184850993605E-17));
#4549 = VECTOR('',#4550,1.);
#4550 = DIRECTION('',(0.,-1.));
#4551 = ( GEOMETRIC_REPRESENTATION_CONTEXT(2) 
PARAMETRIC_REPRESENTATION_CONTEXT() REPRESENTATION_CONTEXT('2D SPACE',''
  ) );
#4552 = ORIENTED_EDGE('',*,*,#4296,.F.);
#4553 = ORIENTED_EDGE('',*,*,#4554,.F.);
#4554 = EDGE_CURVE('',#4505,#4297,#4555,.T.);
#4555 = SURFACE_CURVE('',#4556,(#4560,#4567),.PCURVE_S1.);
#4556 = LINE('',#4557,#4558);
#4557 = CARTESIAN_POINT('',(171.90356586536,-78.15030791406,
    -57.21492013318));
#4558 = VECTOR('',#4559,1.);
#4559 = DIRECTION('',(-1.,0.,-1.224646799147E-16));
#4560 = PCURVE('',#4314,#4561);
#4561 = DEFINITIONAL_REPRESENTATION('',(#4562),#4566);
#4562 = LINE('',#4563,#4564);
#4563 = CARTESIAN_POINT('',(0.866025403784,0.));
#4564 = VECTOR('',#4565,1.);
#4565 = DIRECTION('',(0.,-1.));
#4566 = ( GEOMETRIC_REPRESENTATION_CONTEXT(2) 
PARAMETRIC_REPRESENTATION_CONTEXT() REPRESENTATION_CONTEXT('2D SPACE',''
  ) );
#4567 = PCURVE('',#4452,#4568);
#4568 = DEFINITIONAL_REPRESENTATION('',(#4569),#4573);
#4569 = LINE('',#4570,#4571);
#4570 = CARTESIAN_POINT('',(0.,0.));
#4571 = VECTOR('',#4572,1.);
#4572 = DIRECTION('',(0.,-1.));
#4573 = ( GEOMETRIC_REPRESENTATION_CONTEXT(2) 
PARAMETRIC_REPRESENTATION_CONTEXT() REPRESENTATION_CONTEXT('2D SPACE',''
  ) );
#4574 = ADVANCED_FACE('',(#4575),#4452,.T.);
#4575 = FACE_BOUND('',#4576,.T.);
#4576 = EDGE_LOOP('',(#4577,#4600,#4601,#4602));
#4577 = ORIENTED_EDGE('',*,*,#4578,.F.);
#4578 = EDGE_CURVE('',#4505,#4579,#4581,.T.);
#4579 = VERTEX_POINT('',#4580);
#4580 = CARTESIAN_POINT('',(171.90356586536,-78.58332061595,
    -56.46492013318));
#4581 = SURFACE_CURVE('',#4582,(#4586,#4593),.PCURVE_S1.);
#4582 = LINE('',#4583,#4584);
#4583 = CARTESIAN_POINT('',(171.90356586536,-78.15030791406,
    -57.21492013318));
#4584 = VECTOR('',#4585,1.);
#4585 = DIRECTION('',(-1.060575238725E-16,-0.5,0.866025403784));
#4586 = PCURVE('',#4452,#4587);
#4587 = DEFINITIONAL_REPRESENTATION('',(#4588),#4592);
#4588 = LINE('',#4589,#4590);
#4589 = CARTESIAN_POINT('',(0.,0.));
#4590 = VECTOR('',#4591,1.);
#4591 = DIRECTION('',(1.,0.));
#4592 = ( GEOMETRIC_REPRESENTATION_CONTEXT(2) 
PARAMETRIC_REPRESENTATION_CONTEXT() REPRESENTATION_CONTEXT('2D SPACE',''
  ) );
#4593 = PCURVE('',#4520,#4594);
#4594 = DEFINITIONAL_REPRESENTATION('',(#4595),#4599);
#4595 = LINE('',#4596,#4597);
#4596 = CARTESIAN_POINT('',(0.75,0.433012701892));
#4597 = VECTOR('',#4598,1.);
#4598 = DIRECTION('',(-0.866025403784,0.5));
#4599 = ( GEOMETRIC_REPRESENTATION_CONTEXT(2) 
PARAMETRIC_REPRESENTATION_CONTEXT() REPRESENTATION_CONTEXT('2D SPACE',''
  ) );
#4600 = ORIENTED_EDGE('',*,*,#4554,.T.);
#4601 = ORIENTED_EDGE('',*,*,#4438,.F.);
#4602 = ORIENTED_EDGE('',*,*,#4603,.F.);
#4603 = EDGE_CURVE('',#4579,#4411,#4604,.T.);
#4604 = SURFACE_CURVE('',#4605,(#4609,#4616),.PCURVE_S1.);
#4605 = LINE('',#4606,#4607);
#4606 = CARTESIAN_POINT('',(171.90356586536,-78.58332061595,
    -56.46492013318));
#4607 = VECTOR('',#4608,1.);
#4608 = DIRECTION('',(-1.,0.,-1.224646799147E-16));
#4609 = PCURVE('',#4452,#4610);
#4610 = DEFINITIONAL_REPRESENTATION('',(#4611),#4615);
#4611 = LINE('',#4612,#4613);
#4612 = CARTESIAN_POINT('',(0.866025403784,9.184850993605E-17));
#4613 = VECTOR('',#4614,1.);
#4614 = DIRECTION('',(0.,-1.));
#4615 = ( GEOMETRIC_REPRESENTATION_CONTEXT(2) 
PARAMETRIC_REPRESENTATION_CONTEXT() REPRESENTATION_CONTEXT('2D SPACE',''
  ) );
#4616 = PCURVE('',#4426,#4617);
#4617 = DEFINITIONAL_REPRESENTATION('',(#4618),#4622);
#4618 = LINE('',#4619,#4620);
#4619 = CARTESIAN_POINT('',(0.,0.));
#4620 = VECTOR('',#4621,1.);
#4621 = DIRECTION('',(0.,-1.));
#4622 = ( GEOMETRIC_REPRESENTATION_CONTEXT(2) 
PARAMETRIC_REPRESENTATION_CONTEXT() REPRESENTATION_CONTEXT('2D SPACE',''
  ) );
#4623 = ADVANCED_FACE('',(#4624),#4426,.T.);
#4624 = FACE_BOUND('',#4625,.T.);
#4625 = EDGE_LOOP('',(#4626,#4649,#4650,#4651));
#4626 = ORIENTED_EDGE('',*,*,#4627,.F.);
#4627 = EDGE_CURVE('',#4579,#4628,#4630,.T.);
#4628 = VERTEX_POINT('',#4629);
#4629 = CARTESIAN_POINT('',(171.90356586536,-78.15030791406,
    -55.71492013318));
#4630 = SURFACE_CURVE('',#4631,(#4635,#4642),.PCURVE_S1.);
#4631 = LINE('',#4632,#4633);
#4632 = CARTESIAN_POINT('',(171.90356586536,-78.58332061595,
    -56.46492013318));
#4633 = VECTOR('',#4634,1.);
#4634 = DIRECTION('',(-1.060575238725E-16,0.5,0.866025403784));
#4635 = PCURVE('',#4426,#4636);
#4636 = DEFINITIONAL_REPRESENTATION('',(#4637),#4641);
#4637 = LINE('',#4638,#4639);
#4638 = CARTESIAN_POINT('',(0.,0.));
#4639 = VECTOR('',#4640,1.);
#4640 = DIRECTION('',(1.,0.));
#4641 = ( GEOMETRIC_REPRESENTATION_CONTEXT(2) 
PARAMETRIC_REPRESENTATION_CONTEXT() REPRESENTATION_CONTEXT('2D SPACE',''
  ) );
#4642 = PCURVE('',#4520,#4643);
#4643 = DEFINITIONAL_REPRESENTATION('',(#4644),#4648);
#4644 = LINE('',#4645,#4646);
#4645 = CARTESIAN_POINT('',(0.,0.866025403784));
#4646 = VECTOR('',#4647,1.);
#4647 = DIRECTION('',(-0.866025403784,-0.5));
#4648 = ( GEOMETRIC_REPRESENTATION_CONTEXT(2) 
PARAMETRIC_REPRESENTATION_CONTEXT() REPRESENTATION_CONTEXT('2D SPACE',''
  ) );
#4649 = ORIENTED_EDGE('',*,*,#4603,.T.);
#4650 = ORIENTED_EDGE('',*,*,#4410,.F.);
#4651 = ORIENTED_EDGE('',*,*,#4652,.F.);
#4652 = EDGE_CURVE('',#4628,#4383,#4653,.T.);
#4653 = SURFACE_CURVE('',#4654,(#4658,#4665),.PCURVE_S1.);
#4654 = LINE('',#4655,#4656);
#4655 = CARTESIAN_POINT('',(171.90356586536,-78.15030791406,
    -55.71492013318));
#4656 = VECTOR('',#4657,1.);
#4657 = DIRECTION('',(-1.,0.,-1.224646799147E-16));
#4658 = PCURVE('',#4426,#4659);
#4659 = DEFINITIONAL_REPRESENTATION('',(#4660),#4664);
#4660 = LINE('',#4661,#4662);
#4661 = CARTESIAN_POINT('',(0.866025403784,9.184850993605E-17));
#4662 = VECTOR('',#4663,1.);
#4663 = DIRECTION('',(0.,-1.));
#4664 = ( GEOMETRIC_REPRESENTATION_CONTEXT(2) 
PARAMETRIC_REPRESENTATION_CONTEXT() REPRESENTATION_CONTEXT('2D SPACE',''
  ) );
#4665 = PCURVE('',#4398,#4666);
#4666 = DEFINITIONAL_REPRESENTATION('',(#4667),#4671);
#4667 = LINE('',#4668,#4669);
#4668 = CARTESIAN_POINT('',(0.,0.));
#4669 = VECTOR('',#4670,1.);
#4670 = DIRECTION('',(0.,-1.));
#4671 = ( GEOMETRIC_REPRESENTATION_CONTEXT(2) 
PARAMETRIC_REPRESENTATION_CONTEXT() REPRESENTATION_CONTEXT('2D SPACE',''
  ) );
#4672 = ADVANCED_FACE('',(#4673),#4398,.T.);
#4673 = FACE_BOUND('',#4674,.T.);
#4674 = EDGE_LOOP('',(#4675,#4698,#4699,#4700));
#4675 = ORIENTED_EDGE('',*,*,#4676,.F.);
#4676 = EDGE_CURVE('',#4628,#4677,#4679,.T.);
#4677 = VERTEX_POINT('',#4678);
#4678 = CARTESIAN_POINT('',(171.90356586536,-77.28428251027,
    -55.71492013318));
#4679 = SURFACE_CURVE('',#4680,(#4684,#4691),.PCURVE_S1.);
#4680 = LINE('',#4681,#4682);
#4681 = CARTESIAN_POINT('',(171.90356586536,-78.15030791406,
    -55.71492013318));
#4682 = VECTOR('',#4683,1.);
#4683 = DIRECTION('',(-7.849833662531E-32,1.,6.409875621279E-16));
#4684 = PCURVE('',#4398,#4685);
#4685 = DEFINITIONAL_REPRESENTATION('',(#4686),#4690);
#4686 = LINE('',#4687,#4688);
#4687 = CARTESIAN_POINT('',(0.,0.));
#4688 = VECTOR('',#4689,1.);
#4689 = DIRECTION('',(1.,0.));
#4690 = ( GEOMETRIC_REPRESENTATION_CONTEXT(2) 
PARAMETRIC_REPRESENTATION_CONTEXT() REPRESENTATION_CONTEXT('2D SPACE',''
  ) );
#4691 = PCURVE('',#4520,#4692);
#4692 = DEFINITIONAL_REPRESENTATION('',(#4693),#4697);
#4693 = LINE('',#4694,#4695);
#4694 = CARTESIAN_POINT('',(-0.75,0.433012701892));
#4695 = VECTOR('',#4696,1.);
#4696 = DIRECTION('',(-6.409875621279E-16,-1.));
#4697 = ( GEOMETRIC_REPRESENTATION_CONTEXT(2) 
PARAMETRIC_REPRESENTATION_CONTEXT() REPRESENTATION_CONTEXT('2D SPACE',''
  ) );
#4698 = ORIENTED_EDGE('',*,*,#4652,.T.);
#4699 = ORIENTED_EDGE('',*,*,#4382,.F.);
#4700 = ORIENTED_EDGE('',*,*,#4701,.F.);
#4701 = EDGE_CURVE('',#4677,#4355,#4702,.T.);
#4702 = SURFACE_CURVE('',#4703,(#4707,#4714),.PCURVE_S1.);
#4703 = LINE('',#4704,#4705);
#4704 = CARTESIAN_POINT('',(171.90356586536,-77.28428251027,
    -55.71492013318));
#4705 = VECTOR('',#4706,1.);
#4706 = DIRECTION('',(-1.,0.,-1.224646799147E-16));
#4707 = PCURVE('',#4398,#4708);
#4708 = DEFINITIONAL_REPRESENTATION('',(#4709),#4713);
#4709 = LINE('',#4710,#4711);
#4710 = CARTESIAN_POINT('',(0.866025403784,0.));
#4711 = VECTOR('',#4712,1.);
#4712 = DIRECTION('',(0.,-1.));
#4713 = ( GEOMETRIC_REPRESENTATION_CONTEXT(2) 
PARAMETRIC_REPRESENTATION_CONTEXT() REPRESENTATION_CONTEXT('2D SPACE',''
  ) );
#4714 = PCURVE('',#4370,#4715);
#4715 = DEFINITIONAL_REPRESENTATION('',(#4716),#4720);
#4716 = LINE('',#4717,#4718);
#4717 = CARTESIAN_POINT('',(0.,0.));
#4718 = VECTOR('',#4719,1.);
#4719 = DIRECTION('',(0.,-1.));
#4720 = ( GEOMETRIC_REPRESENTATION_CONTEXT(2) 
PARAMETRIC_REPRESENTATION_CONTEXT() REPRESENTATION_CONTEXT('2D SPACE',''
  ) );
#4721 = ADVANCED_FACE('',(#4722),#4370,.T.);
#4722 = FACE_BOUND('',#4723,.T.);
#4723 = EDGE_LOOP('',(#4724,#4747,#4748,#4749));
#4724 = ORIENTED_EDGE('',*,*,#4725,.F.);
#4725 = EDGE_CURVE('',#4677,#4726,#4728,.T.);
#4726 = VERTEX_POINT('',#4727);
#4727 = CARTESIAN_POINT('',(171.90356586536,-76.85126980838,
    -56.46492013318));
#4728 = SURFACE_CURVE('',#4729,(#4733,#4740),.PCURVE_S1.);
#4729 = LINE('',#4730,#4731);
#4730 = CARTESIAN_POINT('',(171.90356586536,-77.28428251027,
    -55.71492013318));
#4731 = VECTOR('',#4732,1.);
#4732 = DIRECTION('',(1.060575238725E-16,0.5,-0.866025403784));
#4733 = PCURVE('',#4370,#4734);
#4734 = DEFINITIONAL_REPRESENTATION('',(#4735),#4739);
#4735 = LINE('',#4736,#4737);
#4736 = CARTESIAN_POINT('',(0.,0.));
#4737 = VECTOR('',#4738,1.);
#4738 = DIRECTION('',(1.,0.));
#4739 = ( GEOMETRIC_REPRESENTATION_CONTEXT(2) 
PARAMETRIC_REPRESENTATION_CONTEXT() REPRESENTATION_CONTEXT('2D SPACE',''
  ) );
#4740 = PCURVE('',#4520,#4741);
#4741 = DEFINITIONAL_REPRESENTATION('',(#4742),#4746);
#4742 = LINE('',#4743,#4744);
#4743 = CARTESIAN_POINT('',(-0.75,-0.433012701892));
#4744 = VECTOR('',#4745,1.);
#4745 = DIRECTION('',(0.866025403784,-0.5));
#4746 = ( GEOMETRIC_REPRESENTATION_CONTEXT(2) 
PARAMETRIC_REPRESENTATION_CONTEXT() REPRESENTATION_CONTEXT('2D SPACE',''
  ) );
#4747 = ORIENTED_EDGE('',*,*,#4701,.T.);
#4748 = ORIENTED_EDGE('',*,*,#4354,.F.);
#4749 = ORIENTED_EDGE('',*,*,#4750,.F.);
#4750 = EDGE_CURVE('',#4726,#4327,#4751,.T.);
#4751 = SURFACE_CURVE('',#4752,(#4756,#4763),.PCURVE_S1.);
#4752 = LINE('',#4753,#4754);
#4753 = CARTESIAN_POINT('',(171.90356586536,-76.85126980838,
    -56.46492013318));
#4754 = VECTOR('',#4755,1.);
#4755 = DIRECTION('',(-1.,0.,-1.224646799147E-16));
#4756 = PCURVE('',#4370,#4757);
#4757 = DEFINITIONAL_REPRESENTATION('',(#4758),#4762);
#4758 = LINE('',#4759,#4760);
#4759 = CARTESIAN_POINT('',(0.866025403784,-9.184850993605E-17));
#4760 = VECTOR('',#4761,1.);
#4761 = DIRECTION('',(0.,-1.));
#4762 = ( GEOMETRIC_REPRESENTATION_CONTEXT(2) 
PARAMETRIC_REPRESENTATION_CONTEXT() REPRESENTATION_CONTEXT('2D SPACE',''
  ) );
#4763 = PCURVE('',#4342,#4764);
#4764 = DEFINITIONAL_REPRESENTATION('',(#4765),#4769);
#4765 = LINE('',#4766,#4767);
#4766 = CARTESIAN_POINT('',(0.,0.));
#4767 = VECTOR('',#4768,1.);
#4768 = DIRECTION('',(0.,-1.));
#4769 = ( GEOMETRIC_REPRESENTATION_CONTEXT(2) 
PARAMETRIC_REPRESENTATION_CONTEXT() REPRESENTATION_CONTEXT('2D SPACE',''
  ) );
#4770 = ADVANCED_FACE('',(#4771),#4342,.T.);
#4771 = FACE_BOUND('',#4772,.T.);
#4772 = EDGE_LOOP('',(#4773,#4794,#4795,#4796));
#4773 = ORIENTED_EDGE('',*,*,#4774,.F.);
#4774 = EDGE_CURVE('',#4726,#4503,#4775,.T.);
#4775 = SURFACE_CURVE('',#4776,(#4780,#4787),.PCURVE_S1.);
#4776 = LINE('',#4777,#4778);
#4777 = CARTESIAN_POINT('',(171.90356586536,-76.85126980838,
    -56.46492013318));
#4778 = VECTOR('',#4779,1.);
#4779 = DIRECTION('',(1.060575238725E-16,-0.5,-0.866025403784));
#4780 = PCURVE('',#4342,#4781);
#4781 = DEFINITIONAL_REPRESENTATION('',(#4782),#4786);
#4782 = LINE('',#4783,#4784);
#4783 = CARTESIAN_POINT('',(0.,0.));
#4784 = VECTOR('',#4785,1.);
#4785 = DIRECTION('',(1.,0.));
#4786 = ( GEOMETRIC_REPRESENTATION_CONTEXT(2) 
PARAMETRIC_REPRESENTATION_CONTEXT() REPRESENTATION_CONTEXT('2D SPACE',''
  ) );
#4787 = PCURVE('',#4520,#4788);
#4788 = DEFINITIONAL_REPRESENTATION('',(#4789),#4793);
#4789 = LINE('',#4790,#4791);
#4790 = CARTESIAN_POINT('',(0.,-0.866025403784));
#4791 = VECTOR('',#4792,1.);
#4792 = DIRECTION('',(0.866025403784,0.5));
#4793 = ( GEOMETRIC_REPRESENTATION_CONTEXT(2) 
PARAMETRIC_REPRESENTATION_CONTEXT() REPRESENTATION_CONTEXT('2D SPACE',''
  ) );
#4794 = ORIENTED_EDGE('',*,*,#4750,.T.);
#4795 = ORIENTED_EDGE('',*,*,#4326,.F.);
#4796 = ORIENTED_EDGE('',*,*,#4532,.F.);
#4797 = ADVANCED_FACE('',(#4798),#4487,.T.);
#4798 = FACE_BOUND('',#4799,.T.);
#4799 = EDGE_LOOP('',(#4800,#4801,#4824,#4851));
#4800 = ORIENTED_EDGE('',*,*,#4470,.F.);
#4801 = ORIENTED_EDGE('',*,*,#4802,.F.);
#4802 = EDGE_CURVE('',#4803,#4471,#4805,.T.);
#4803 = VERTEX_POINT('',#4804);
#4804 = CARTESIAN_POINT('',(180.70356586536,-77.71729521216,
    -57.46492013318));
#4805 = SEAM_CURVE('',#4806,(#4810,#4817),.PCURVE_S1.);
#4806 = LINE('',#4807,#4808);
#4807 = CARTESIAN_POINT('',(180.70356586536,-77.71729521216,
    -57.46492013318));
#4808 = VECTOR('',#4809,1.);
#4809 = DIRECTION('',(-1.,0.,-1.224646799147E-16));
#4810 = PCURVE('',#4487,#4811);
#4811 = DEFINITIONAL_REPRESENTATION('',(#4812),#4816);
#4812 = LINE('',#4813,#4814);
#4813 = CARTESIAN_POINT('',(6.28318530718,-0.));
#4814 = VECTOR('',#4815,1.);
#4815 = DIRECTION('',(0.,1.));
#4816 = ( GEOMETRIC_REPRESENTATION_CONTEXT(2) 
PARAMETRIC_REPRESENTATION_CONTEXT() REPRESENTATION_CONTEXT('2D SPACE',''
  ) );
#4817 = PCURVE('',#4487,#4818);
#4818 = DEFINITIONAL_REPRESENTATION('',(#4819),#4823);
#4819 = LINE('',#4820,#4821);
#4820 = CARTESIAN_POINT('',(0.,-0.));
#4821 = VECTOR('',#4822,1.);
#4822 = DIRECTION('',(0.,1.));
#4823 = ( GEOMETRIC_REPRESENTATION_CONTEXT(2) 
PARAMETRIC_REPRESENTATION_CONTEXT() REPRESENTATION_CONTEXT('2D SPACE',''
  ) );
#4824 = ORIENTED_EDGE('',*,*,#4825,.T.);
#4825 = EDGE_CURVE('',#4803,#4803,#4826,.T.);
#4826 = SURFACE_CURVE('',#4827,(#4832,#4839),.PCURVE_S1.);
#4827 = CIRCLE('',#4828,1.);
#4828 = AXIS2_PLACEMENT_3D('',#4829,#4830,#4831);
#4829 = CARTESIAN_POINT('',(180.70356586536,-77.71729521216,
    -56.46492013318));
#4830 = DIRECTION('',(-1.,0.,-1.224646799147E-16));
#4831 = DIRECTION('',(1.224646799147E-16,0.,-1.));
#4832 = PCURVE('',#4487,#4833);
#4833 = DEFINITIONAL_REPRESENTATION('',(#4834),#4838);
#4834 = LINE('',#4835,#4836);
#4835 = CARTESIAN_POINT('',(0.,0.));
#4836 = VECTOR('',#4837,1.);
#4837 = DIRECTION('',(1.,0.));
#4838 = ( GEOMETRIC_REPRESENTATION_CONTEXT(2) 
PARAMETRIC_REPRESENTATION_CONTEXT() REPRESENTATION_CONTEXT('2D SPACE',''
  ) );
#4839 = PCURVE('',#4840,#4845);
#4840 = PLANE('',#4841);
#4841 = AXIS2_PLACEMENT_3D('',#4842,#4843,#4844);
#4842 = CARTESIAN_POINT('',(180.70356586536,-77.71729521216,
    -56.46492013318));
#4843 = DIRECTION('',(-1.,0.,-1.224646799147E-16));
#4844 = DIRECTION('',(1.224646799147E-16,0.,-1.));
#4845 = DEFINITIONAL_REPRESENTATION('',(#4846),#4850);
#4846 = CIRCLE('',#4847,1.);
#4847 = AXIS2_PLACEMENT_2D('',#4848,#4849);
#4848 = CARTESIAN_POINT('',(0.,0.));
#4849 = DIRECTION('',(1.,0.));
#4850 = ( GEOMETRIC_REPRESENTATION_CONTEXT(2) 
PARAMETRIC_REPRESENTATION_CONTEXT() REPRESENTATION_CONTEXT('2D SPACE',''
  ) );
#4851 = ORIENTED_EDGE('',*,*,#4802,.T.);
#4852 = ADVANCED_FACE('',(#4853),#4520,.T.);
#4853 = FACE_BOUND('',#4854,.T.);
#4854 = EDGE_LOOP('',(#4855,#4856,#4857,#4858,#4859,#4860));
#4855 = ORIENTED_EDGE('',*,*,#4774,.T.);
#4856 = ORIENTED_EDGE('',*,*,#4502,.T.);
#4857 = ORIENTED_EDGE('',*,*,#4578,.T.);
#4858 = ORIENTED_EDGE('',*,*,#4627,.T.);
#4859 = ORIENTED_EDGE('',*,*,#4676,.T.);
#4860 = ORIENTED_EDGE('',*,*,#4725,.T.);
#4861 = ADVANCED_FACE('',(#4862),#4840,.F.);
#4862 = FACE_BOUND('',#4863,.T.);
#4863 = EDGE_LOOP('',(#4864));
#4864 = ORIENTED_EDGE('',*,*,#4825,.F.);
#4865 = ( GEOMETRIC_REPRESENTATION_CONTEXT(3) 
GLOBAL_UNCERTAINTY_ASSIGNED_CONTEXT((#4869)) 
GLOBAL_UNIT_ASSIGNED_CONTEXT((#4866,#4867,#4868)) REPRESENTATION_CONTEXT
('Context #1','3D Context with UNIT and UNCERTAINTY') );
#4866 = ( LENGTH_UNIT() NAMED_UNIT(*) SI_UNIT(.MILLI.,.METRE.) );
#4867 = ( NAMED_UNIT(*) PLANE_ANGLE_UNIT() SI_UNIT($,.RADIAN.) );
#4868 = ( NAMED_UNIT(*) SI_UNIT($,.STERADIAN.) SOLID_ANGLE_UNIT() );
#4869 = UNCERTAINTY_MEASURE_WITH_UNIT(LENGTH_MEASURE(1.E-07),#4866,
  'distance_accuracy_value','confusion accuracy');
#4870 = CONTEXT_DEPENDENT_SHAPE_REPRESENTATION(#4871,#4873);
#4871 = ( REPRESENTATION_RELATIONSHIP('','',#4198,#10) 
REPRESENTATION_RELATIONSHIP_WITH_TRANSFORMATION(#4872) 
SHAPE_REPRESENTATION_RELATIONSHIP() );
#4872 = ITEM_DEFINED_TRANSFORMATION('','',#11,#39);
#4873 = PRODUCT_DEFINITION_SHAPE('Placement','Placement of an item',
  #4874);
#4874 = NEXT_ASSEMBLY_USAGE_OCCURRENCE('55','','',#5,#4193,$);
#4875 = PRODUCT_RELATED_PRODUCT_CATEGORY('part',$,(#4195));
#4876 = SHAPE_DEFINITION_REPRESENTATION(#4877,#4883);
#4877 = PRODUCT_DEFINITION_SHAPE('','',#4878);
#4878 = PRODUCT_DEFINITION('design','',#4879,#4882);
#4879 = PRODUCT_DEFINITION_FORMATION('','',#4880);
#4880 = PRODUCT('Open CASCADE STEP translator 7.9 10.8',
  'Open CASCADE STEP translator 7.9 10.8','',(#4881));
#4881 = PRODUCT_CONTEXT('',#2,'mechanical');
#4882 = PRODUCT_DEFINITION_CONTEXT('part definition',#2,'design');
#4883 = ADVANCED_BREP_SHAPE_REPRESENTATION('',(#11,#4884),#5550);
#4884 = MANIFOLD_SOLID_BREP('',#4885);
#4885 = CLOSED_SHELL('',(#4886,#4974,#5148,#5183,#5259,#5308,#5357,#5406
    ,#5455,#5482,#5537,#5546));
#4886 = ADVANCED_FACE('',(#4887),#4900,.T.);
#4887 = FACE_BOUND('',#4888,.T.);
#4888 = EDGE_LOOP('',(#4889,#4923,#4946,#4973));
#4889 = ORIENTED_EDGE('',*,*,#4890,.F.);
#4890 = EDGE_CURVE('',#4891,#4891,#4893,.T.);
#4891 = VERTEX_POINT('',#4892);
#4892 = CARTESIAN_POINT('',(170.70356586536,-93.96463408786,
    -21.87279954029));
#4893 = SURFACE_CURVE('',#4894,(#4899,#4911),.PCURVE_S1.);
#4894 = CIRCLE('',#4895,1.9);
#4895 = AXIS2_PLACEMENT_3D('',#4896,#4897,#4898);
#4896 = CARTESIAN_POINT('',(170.70356586536,-93.96463408786,
    -19.97279954029));
#4897 = DIRECTION('',(-1.,0.,-1.224646799147E-16));
#4898 = DIRECTION('',(1.224646799147E-16,0.,-1.));
#4899 = PCURVE('',#4900,#4905);
#4900 = CYLINDRICAL_SURFACE('',#4901,1.9);
#4901 = AXIS2_PLACEMENT_3D('',#4902,#4903,#4904);
#4902 = CARTESIAN_POINT('',(172.70356586536,-93.96463408786,
    -19.97279954029));
#4903 = DIRECTION('',(-1.,0.,-1.224646799147E-16));
#4904 = DIRECTION('',(1.224646799147E-16,0.,-1.));
#4905 = DEFINITIONAL_REPRESENTATION('',(#4906),#4910);
#4906 = LINE('',#4907,#4908);
#4907 = CARTESIAN_POINT('',(0.,2.));
#4908 = VECTOR('',#4909,1.);
#4909 = DIRECTION('',(1.,0.));
#4910 = ( GEOMETRIC_REPRESENTATION_CONTEXT(2) 
PARAMETRIC_REPRESENTATION_CONTEXT() REPRESENTATION_CONTEXT('2D SPACE',''
  ) );
#4911 = PCURVE('',#4912,#4917);
#4912 = PLANE('',#4913);
#4913 = AXIS2_PLACEMENT_3D('',#4914,#4915,#4916);
#4914 = CARTESIAN_POINT('',(170.70356586536,-93.96463408786,
    -19.97279954029));
#4915 = DIRECTION('',(-1.,0.,-1.224646799147E-16));
#4916 = DIRECTION('',(1.224646799147E-16,0.,-1.));
#4917 = DEFINITIONAL_REPRESENTATION('',(#4918),#4922);
#4918 = CIRCLE('',#4919,1.9);
#4919 = AXIS2_PLACEMENT_2D('',#4920,#4921);
#4920 = CARTESIAN_POINT('',(0.,0.));
#4921 = DIRECTION('',(1.,0.));
#4922 = ( GEOMETRIC_REPRESENTATION_CONTEXT(2) 
PARAMETRIC_REPRESENTATION_CONTEXT() REPRESENTATION_CONTEXT('2D SPACE',''
  ) );
#4923 = ORIENTED_EDGE('',*,*,#4924,.F.);
#4924 = EDGE_CURVE('',#4925,#4891,#4927,.T.);
#4925 = VERTEX_POINT('',#4926);
#4926 = CARTESIAN_POINT('',(172.70356586536,-93.96463408786,
    -21.87279954029));
#4927 = SEAM_CURVE('',#4928,(#4932,#4939),.PCURVE_S1.);
#4928 = LINE('',#4929,#4930);
#4929 = CARTESIAN_POINT('',(172.70356586536,-93.96463408786,
    -21.87279954029));
#4930 = VECTOR('',#4931,1.);
#4931 = DIRECTION('',(-1.,0.,-1.224646799147E-16));
#4932 = PCURVE('',#4900,#4933);
#4933 = DEFINITIONAL_REPRESENTATION('',(#4934),#4938);
#4934 = LINE('',#4935,#4936);
#4935 = CARTESIAN_POINT('',(6.28318530718,-0.));
#4936 = VECTOR('',#4937,1.);
#4937 = DIRECTION('',(0.,1.));
#4938 = ( GEOMETRIC_REPRESENTATION_CONTEXT(2) 
PARAMETRIC_REPRESENTATION_CONTEXT() REPRESENTATION_CONTEXT('2D SPACE',''
  ) );
#4939 = PCURVE('',#4900,#4940);
#4940 = DEFINITIONAL_REPRESENTATION('',(#4941),#4945);
#4941 = LINE('',#4942,#4943);
#4942 = CARTESIAN_POINT('',(0.,-0.));
#4943 = VECTOR('',#4944,1.);
#4944 = DIRECTION('',(0.,1.));
#4945 = ( GEOMETRIC_REPRESENTATION_CONTEXT(2) 
PARAMETRIC_REPRESENTATION_CONTEXT() REPRESENTATION_CONTEXT('2D SPACE',''
  ) );
#4946 = ORIENTED_EDGE('',*,*,#4947,.T.);
#4947 = EDGE_CURVE('',#4925,#4925,#4948,.T.);
#4948 = SURFACE_CURVE('',#4949,(#4954,#4961),.PCURVE_S1.);
#4949 = CIRCLE('',#4950,1.9);
#4950 = AXIS2_PLACEMENT_3D('',#4951,#4952,#4953);
#4951 = CARTESIAN_POINT('',(172.70356586536,-93.96463408786,
    -19.97279954029));
#4952 = DIRECTION('',(-1.,0.,-1.224646799147E-16));
#4953 = DIRECTION('',(1.224646799147E-16,0.,-1.));
#4954 = PCURVE('',#4900,#4955);
#4955 = DEFINITIONAL_REPRESENTATION('',(#4956),#4960);
#4956 = LINE('',#4957,#4958);
#4957 = CARTESIAN_POINT('',(0.,0.));
#4958 = VECTOR('',#4959,1.);
#4959 = DIRECTION('',(1.,0.));
#4960 = ( GEOMETRIC_REPRESENTATION_CONTEXT(2) 
PARAMETRIC_REPRESENTATION_CONTEXT() REPRESENTATION_CONTEXT('2D SPACE',''
  ) );
#4961 = PCURVE('',#4962,#4967);
#4962 = PLANE('',#4963);
#4963 = AXIS2_PLACEMENT_3D('',#4964,#4965,#4966);
#4964 = CARTESIAN_POINT('',(172.70356586536,-93.96463408786,
    -19.97279954029));
#4965 = DIRECTION('',(-1.,0.,-1.224646799147E-16));
#4966 = DIRECTION('',(1.224646799147E-16,0.,-1.));
#4967 = DEFINITIONAL_REPRESENTATION('',(#4968),#4972);
#4968 = CIRCLE('',#4969,1.9);
#4969 = AXIS2_PLACEMENT_2D('',#4970,#4971);
#4970 = CARTESIAN_POINT('',(0.,0.));
#4971 = DIRECTION('',(1.,0.));
#4972 = ( GEOMETRIC_REPRESENTATION_CONTEXT(2) 
PARAMETRIC_REPRESENTATION_CONTEXT() REPRESENTATION_CONTEXT('2D SPACE',''
  ) );
#4973 = ORIENTED_EDGE('',*,*,#4924,.T.);
#4974 = ADVANCED_FACE('',(#4975,#4978),#4912,.T.);
#4975 = FACE_BOUND('',#4976,.T.);
#4976 = EDGE_LOOP('',(#4977));
#4977 = ORIENTED_EDGE('',*,*,#4890,.T.);
#4978 = FACE_BOUND('',#4979,.T.);
#4979 = EDGE_LOOP('',(#4980,#5010,#5038,#5066,#5094,#5122));
#4980 = ORIENTED_EDGE('',*,*,#4981,.T.);
#4981 = EDGE_CURVE('',#4982,#4984,#4986,.T.);
#4982 = VERTEX_POINT('',#4983);
#4983 = CARTESIAN_POINT('',(170.70356586536,-94.39764678975,
    -20.72279954029));
#4984 = VERTEX_POINT('',#4985);
#4985 = CARTESIAN_POINT('',(170.70356586536,-93.53162138596,
    -20.72279954029));
#4986 = SURFACE_CURVE('',#4987,(#4991,#4998),.PCURVE_S1.);
#4987 = LINE('',#4988,#4989);
#4988 = CARTESIAN_POINT('',(170.70356586536,-93.74812773691,
    -20.72279954029));
#4989 = VECTOR('',#4990,1.);
#4990 = DIRECTION('',(-1.569966732506E-32,1.,1.281975124256E-16));
#4991 = PCURVE('',#4912,#4992);
#4992 = DEFINITIONAL_REPRESENTATION('',(#4993),#4997);
#4993 = LINE('',#4994,#4995);
#4994 = CARTESIAN_POINT('',(0.75,-0.216506350946));
#4995 = VECTOR('',#4996,1.);
#4996 = DIRECTION('',(-1.281975124256E-16,-1.));
#4997 = ( GEOMETRIC_REPRESENTATION_CONTEXT(2) 
PARAMETRIC_REPRESENTATION_CONTEXT() REPRESENTATION_CONTEXT('2D SPACE',''
  ) );
#4998 = PCURVE('',#4999,#5004);
#4999 = PLANE('',#5000);
#5000 = AXIS2_PLACEMENT_3D('',#5001,#5002,#5003);
#5001 = CARTESIAN_POINT('',(171.90356586536,-93.53162138596,
    -20.72279954029));
#5002 = DIRECTION('',(-1.224646799147E-16,-1.281975124256E-16,1.));
#5003 = DIRECTION('',(1.569966732506E-32,-1.,-1.281975124256E-16));
#5004 = DEFINITIONAL_REPRESENTATION('',(#5005),#5009);
#5005 = LINE('',#5006,#5007);
#5006 = CARTESIAN_POINT('',(0.216506350946,-1.2));
#5007 = VECTOR('',#5008,1.);
#5008 = DIRECTION('',(-1.,0.));
#5009 = ( GEOMETRIC_REPRESENTATION_CONTEXT(2) 
PARAMETRIC_REPRESENTATION_CONTEXT() REPRESENTATION_CONTEXT('2D SPACE',''
  ) );
#5010 = ORIENTED_EDGE('',*,*,#5011,.T.);
#5011 = EDGE_CURVE('',#4984,#5012,#5014,.T.);
#5012 = VERTEX_POINT('',#5013);
#5013 = CARTESIAN_POINT('',(170.70356586536,-93.09860868407,
    -19.97279954029));
#5014 = SURFACE_CURVE('',#5015,(#5019,#5026),.PCURVE_S1.);
#5015 = LINE('',#5016,#5017);
#5016 = CARTESIAN_POINT('',(170.70356586536,-93.20686185955,
    -20.16029954029));
#5017 = VECTOR('',#5018,1.);
#5018 = DIRECTION('',(-1.060575238725E-16,0.5,0.866025403784));
#5019 = PCURVE('',#4912,#5020);
#5020 = DEFINITIONAL_REPRESENTATION('',(#5021),#5025);
#5021 = LINE('',#5022,#5023);
#5022 = CARTESIAN_POINT('',(0.1875,-0.757772228311));
#5023 = VECTOR('',#5024,1.);
#5024 = DIRECTION('',(-0.866025403784,-0.5));
#5025 = ( GEOMETRIC_REPRESENTATION_CONTEXT(2) 
PARAMETRIC_REPRESENTATION_CONTEXT() REPRESENTATION_CONTEXT('2D SPACE',''
  ) );
#5026 = PCURVE('',#5027,#5032);
#5027 = PLANE('',#5028);
#5028 = AXIS2_PLACEMENT_3D('',#5029,#5030,#5031);
#5029 = CARTESIAN_POINT('',(171.90356586536,-93.09860868407,
    -19.97279954029));
#5030 = DIRECTION('',(-6.123233995737E-17,-0.866025403784,0.5));
#5031 = DIRECTION('',(1.060575238725E-16,-0.5,-0.866025403784));
#5032 = DEFINITIONAL_REPRESENTATION('',(#5033),#5037);
#5033 = LINE('',#5034,#5035);
#5034 = CARTESIAN_POINT('',(0.216506350946,-1.2));
#5035 = VECTOR('',#5036,1.);
#5036 = DIRECTION('',(-1.,0.));
#5037 = ( GEOMETRIC_REPRESENTATION_CONTEXT(2) 
PARAMETRIC_REPRESENTATION_CONTEXT() REPRESENTATION_CONTEXT('2D SPACE',''
  ) );
#5038 = ORIENTED_EDGE('',*,*,#5039,.T.);
#5039 = EDGE_CURVE('',#5012,#5040,#5042,.T.);
#5040 = VERTEX_POINT('',#5041);
#5041 = CARTESIAN_POINT('',(170.70356586536,-93.53162138596,
    -19.22279954029));
#5042 = SURFACE_CURVE('',#5043,(#5047,#5054),.PCURVE_S1.);
#5043 = LINE('',#5044,#5045);
#5044 = CARTESIAN_POINT('',(170.70356586536,-93.42336821049,
    -19.41029954029));
#5045 = VECTOR('',#5046,1.);
#5046 = DIRECTION('',(-1.060575238725E-16,-0.5,0.866025403784));
#5047 = PCURVE('',#4912,#5048);
#5048 = DEFINITIONAL_REPRESENTATION('',(#5049),#5053);
#5049 = LINE('',#5050,#5051);
#5050 = CARTESIAN_POINT('',(-0.5625,-0.541265877365));
#5051 = VECTOR('',#5052,1.);
#5052 = DIRECTION('',(-0.866025403784,0.5));
#5053 = ( GEOMETRIC_REPRESENTATION_CONTEXT(2) 
PARAMETRIC_REPRESENTATION_CONTEXT() REPRESENTATION_CONTEXT('2D SPACE',''
  ) );
#5054 = PCURVE('',#5055,#5060);
#5055 = PLANE('',#5056);
#5056 = AXIS2_PLACEMENT_3D('',#5057,#5058,#5059);
#5057 = CARTESIAN_POINT('',(171.90356586536,-93.53162138596,
    -19.22279954029));
#5058 = DIRECTION('',(6.123233995737E-17,-0.866025403784,-0.5));
#5059 = DIRECTION('',(1.060575238725E-16,0.5,-0.866025403784));
#5060 = DEFINITIONAL_REPRESENTATION('',(#5061),#5065);
#5061 = LINE('',#5062,#5063);
#5062 = CARTESIAN_POINT('',(0.216506350946,-1.2));
#5063 = VECTOR('',#5064,1.);
#5064 = DIRECTION('',(-1.,0.));
#5065 = ( GEOMETRIC_REPRESENTATION_CONTEXT(2) 
PARAMETRIC_REPRESENTATION_CONTEXT() REPRESENTATION_CONTEXT('2D SPACE',''
  ) );
#5066 = ORIENTED_EDGE('',*,*,#5067,.T.);
#5067 = EDGE_CURVE('',#5040,#5068,#5070,.T.);
#5068 = VERTEX_POINT('',#5069);
#5069 = CARTESIAN_POINT('',(170.70356586536,-94.39764678975,
    -19.22279954029));
#5070 = SURFACE_CURVE('',#5071,(#5075,#5082),.PCURVE_S1.);
#5071 = LINE('',#5072,#5073);
#5072 = CARTESIAN_POINT('',(170.70356586536,-94.1811404388,
    -19.22279954029));
#5073 = VECTOR('',#5074,1.);
#5074 = DIRECTION('',(7.849833662531E-32,-1.,-6.409875621279E-16));
#5075 = PCURVE('',#4912,#5076);
#5076 = DEFINITIONAL_REPRESENTATION('',(#5077),#5081);
#5077 = LINE('',#5078,#5079);
#5078 = CARTESIAN_POINT('',(-0.75,0.216506350946));
#5079 = VECTOR('',#5080,1.);
#5080 = DIRECTION('',(6.409875621279E-16,1.));
#5081 = ( GEOMETRIC_REPRESENTATION_CONTEXT(2) 
PARAMETRIC_REPRESENTATION_CONTEXT() REPRESENTATION_CONTEXT('2D SPACE',''
  ) );
#5082 = PCURVE('',#5083,#5088);
#5083 = PLANE('',#5084);
#5084 = AXIS2_PLACEMENT_3D('',#5085,#5086,#5087);
#5085 = CARTESIAN_POINT('',(171.90356586536,-94.39764678975,
    -19.22279954029));
#5086 = DIRECTION('',(1.224646799147E-16,6.409875621279E-16,-1.));
#5087 = DIRECTION('',(-7.849833662531E-32,1.,6.409875621279E-16));
#5088 = DEFINITIONAL_REPRESENTATION('',(#5089),#5093);
#5089 = LINE('',#5090,#5091);
#5090 = CARTESIAN_POINT('',(0.216506350946,-1.2));
#5091 = VECTOR('',#5092,1.);
#5092 = DIRECTION('',(-1.,0.));
#5093 = ( GEOMETRIC_REPRESENTATION_CONTEXT(2) 
PARAMETRIC_REPRESENTATION_CONTEXT() REPRESENTATION_CONTEXT('2D SPACE',''
  ) );
#5094 = ORIENTED_EDGE('',*,*,#5095,.T.);
#5095 = EDGE_CURVE('',#5068,#5096,#5098,.T.);
#5096 = VERTEX_POINT('',#5097);
#5097 = CARTESIAN_POINT('',(170.70356586536,-94.83065949164,
    -19.97279954029));
#5098 = SURFACE_CURVE('',#5099,(#5103,#5110),.PCURVE_S1.);
#5099 = LINE('',#5100,#5101);
#5100 = CARTESIAN_POINT('',(170.70356586536,-94.72240631617,
    -19.78529954029));
#5101 = VECTOR('',#5102,1.);
#5102 = DIRECTION('',(1.060575238725E-16,-0.5,-0.866025403784));
#5103 = PCURVE('',#4912,#5104);
#5104 = DEFINITIONAL_REPRESENTATION('',(#5105),#5109);
#5105 = LINE('',#5106,#5107);
#5106 = CARTESIAN_POINT('',(-0.1875,0.757772228311));
#5107 = VECTOR('',#5108,1.);
#5108 = DIRECTION('',(0.866025403784,0.5));
#5109 = ( GEOMETRIC_REPRESENTATION_CONTEXT(2) 
PARAMETRIC_REPRESENTATION_CONTEXT() REPRESENTATION_CONTEXT('2D SPACE',''
  ) );
#5110 = PCURVE('',#5111,#5116);
#5111 = PLANE('',#5112);
#5112 = AXIS2_PLACEMENT_3D('',#5113,#5114,#5115);
#5113 = CARTESIAN_POINT('',(171.90356586536,-94.83065949164,
    -19.97279954029));
#5114 = DIRECTION('',(6.123233995737E-17,0.866025403784,-0.5));
#5115 = DIRECTION('',(-1.060575238725E-16,0.5,0.866025403784));
#5116 = DEFINITIONAL_REPRESENTATION('',(#5117),#5121);
#5117 = LINE('',#5118,#5119);
#5118 = CARTESIAN_POINT('',(0.216506350946,-1.2));
#5119 = VECTOR('',#5120,1.);
#5120 = DIRECTION('',(-1.,0.));
#5121 = ( GEOMETRIC_REPRESENTATION_CONTEXT(2) 
PARAMETRIC_REPRESENTATION_CONTEXT() REPRESENTATION_CONTEXT('2D SPACE',''
  ) );
#5122 = ORIENTED_EDGE('',*,*,#5123,.T.);
#5123 = EDGE_CURVE('',#5096,#4982,#5124,.T.);
#5124 = SURFACE_CURVE('',#5125,(#5129,#5136),.PCURVE_S1.);
#5125 = LINE('',#5126,#5127);
#5126 = CARTESIAN_POINT('',(170.70356586536,-94.50589996522,
    -20.53529954029));
#5127 = VECTOR('',#5128,1.);
#5128 = DIRECTION('',(1.060575238725E-16,0.5,-0.866025403784));
#5129 = PCURVE('',#4912,#5130);
#5130 = DEFINITIONAL_REPRESENTATION('',(#5131),#5135);
#5131 = LINE('',#5132,#5133);
#5132 = CARTESIAN_POINT('',(0.5625,0.541265877365));
#5133 = VECTOR('',#5134,1.);
#5134 = DIRECTION('',(0.866025403784,-0.5));
#5135 = ( GEOMETRIC_REPRESENTATION_CONTEXT(2) 
PARAMETRIC_REPRESENTATION_CONTEXT() REPRESENTATION_CONTEXT('2D SPACE',''
  ) );
#5136 = PCURVE('',#5137,#5142);
#5137 = PLANE('',#5138);
#5138 = AXIS2_PLACEMENT_3D('',#5139,#5140,#5141);
#5139 = CARTESIAN_POINT('',(171.90356586536,-94.39764678975,
    -20.72279954029));
#5140 = DIRECTION('',(-6.123233995737E-17,0.866025403784,0.5));
#5141 = DIRECTION('',(-1.060575238725E-16,-0.5,0.866025403784));
#5142 = DEFINITIONAL_REPRESENTATION('',(#5143),#5147);
#5143 = LINE('',#5144,#5145);
#5144 = CARTESIAN_POINT('',(0.216506350946,-1.2));
#5145 = VECTOR('',#5146,1.);
#5146 = DIRECTION('',(-1.,0.));
#5147 = ( GEOMETRIC_REPRESENTATION_CONTEXT(2) 
PARAMETRIC_REPRESENTATION_CONTEXT() REPRESENTATION_CONTEXT('2D SPACE',''
  ) );
#5148 = ADVANCED_FACE('',(#5149,#5152),#4962,.F.);
#5149 = FACE_BOUND('',#5150,.F.);
#5150 = EDGE_LOOP('',(#5151));
#5151 = ORIENTED_EDGE('',*,*,#4947,.T.);
#5152 = FACE_BOUND('',#5153,.F.);
#5153 = EDGE_LOOP('',(#5154));
#5154 = ORIENTED_EDGE('',*,*,#5155,.F.);
#5155 = EDGE_CURVE('',#5156,#5156,#5158,.T.);
#5156 = VERTEX_POINT('',#5157);
#5157 = CARTESIAN_POINT('',(172.70356586536,-93.96463408786,
    -20.97279954029));
#5158 = SURFACE_CURVE('',#5159,(#5164,#5171),.PCURVE_S1.);
#5159 = CIRCLE('',#5160,1.);
#5160 = AXIS2_PLACEMENT_3D('',#5161,#5162,#5163);
#5161 = CARTESIAN_POINT('',(172.70356586536,-93.96463408786,
    -19.97279954029));
#5162 = DIRECTION('',(-1.,0.,-1.224646799147E-16));
#5163 = DIRECTION('',(1.224646799147E-16,0.,-1.));
#5164 = PCURVE('',#4962,#5165);
#5165 = DEFINITIONAL_REPRESENTATION('',(#5166),#5170);
#5166 = CIRCLE('',#5167,1.);
#5167 = AXIS2_PLACEMENT_2D('',#5168,#5169);
#5168 = CARTESIAN_POINT('',(0.,0.));
#5169 = DIRECTION('',(1.,0.));
#5170 = ( GEOMETRIC_REPRESENTATION_CONTEXT(2) 
PARAMETRIC_REPRESENTATION_CONTEXT() REPRESENTATION_CONTEXT('2D SPACE',''
  ) );
#5171 = PCURVE('',#5172,#5177);
#5172 = CYLINDRICAL_SURFACE('',#5173,1.);
#5173 = AXIS2_PLACEMENT_3D('',#5174,#5175,#5176);
#5174 = CARTESIAN_POINT('',(180.70356586536,-93.96463408786,
    -19.97279954029));
#5175 = DIRECTION('',(-1.,0.,-1.224646799147E-16));
#5176 = DIRECTION('',(1.224646799147E-16,0.,-1.));
#5177 = DEFINITIONAL_REPRESENTATION('',(#5178),#5182);
#5178 = LINE('',#5179,#5180);
#5179 = CARTESIAN_POINT('',(0.,8.));
#5180 = VECTOR('',#5181,1.);
#5181 = DIRECTION('',(1.,0.));
#5182 = ( GEOMETRIC_REPRESENTATION_CONTEXT(2) 
PARAMETRIC_REPRESENTATION_CONTEXT() REPRESENTATION_CONTEXT('2D SPACE',''
  ) );
#5183 = ADVANCED_FACE('',(#5184),#4999,.T.);
#5184 = FACE_BOUND('',#5185,.T.);
#5185 = EDGE_LOOP('',(#5186,#5216,#5237,#5238));
#5186 = ORIENTED_EDGE('',*,*,#5187,.F.);
#5187 = EDGE_CURVE('',#5188,#5190,#5192,.T.);
#5188 = VERTEX_POINT('',#5189);
#5189 = CARTESIAN_POINT('',(171.90356586536,-93.53162138596,
    -20.72279954029));
#5190 = VERTEX_POINT('',#5191);
#5191 = CARTESIAN_POINT('',(171.90356586536,-94.39764678975,
    -20.72279954029));
#5192 = SURFACE_CURVE('',#5193,(#5197,#5204),.PCURVE_S1.);
#5193 = LINE('',#5194,#5195);
#5194 = CARTESIAN_POINT('',(171.90356586536,-93.53162138596,
    -20.72279954029));
#5195 = VECTOR('',#5196,1.);
#5196 = DIRECTION('',(1.569966732506E-32,-1.,-1.281975124256E-16));
#5197 = PCURVE('',#4999,#5198);
#5198 = DEFINITIONAL_REPRESENTATION('',(#5199),#5203);
#5199 = LINE('',#5200,#5201);
#5200 = CARTESIAN_POINT('',(0.,0.));
#5201 = VECTOR('',#5202,1.);
#5202 = DIRECTION('',(1.,0.));
#5203 = ( GEOMETRIC_REPRESENTATION_CONTEXT(2) 
PARAMETRIC_REPRESENTATION_CONTEXT() REPRESENTATION_CONTEXT('2D SPACE',''
  ) );
#5204 = PCURVE('',#5205,#5210);
#5205 = PLANE('',#5206);
#5206 = AXIS2_PLACEMENT_3D('',#5207,#5208,#5209);
#5207 = CARTESIAN_POINT('',(171.90356586536,-93.96463408786,
    -19.97279954029));
#5208 = DIRECTION('',(-1.,0.,-1.224646799147E-16));
#5209 = DIRECTION('',(1.224646799147E-16,0.,-1.));
#5210 = DEFINITIONAL_REPRESENTATION('',(#5211),#5215);
#5211 = LINE('',#5212,#5213);
#5212 = CARTESIAN_POINT('',(0.75,-0.433012701892));
#5213 = VECTOR('',#5214,1.);
#5214 = DIRECTION('',(1.281975124256E-16,1.));
#5215 = ( GEOMETRIC_REPRESENTATION_CONTEXT(2) 
PARAMETRIC_REPRESENTATION_CONTEXT() REPRESENTATION_CONTEXT('2D SPACE',''
  ) );
#5216 = ORIENTED_EDGE('',*,*,#5217,.T.);
#5217 = EDGE_CURVE('',#5188,#4984,#5218,.T.);
#5218 = SURFACE_CURVE('',#5219,(#5223,#5230),.PCURVE_S1.);
#5219 = LINE('',#5220,#5221);
#5220 = CARTESIAN_POINT('',(171.90356586536,-93.53162138596,
    -20.72279954029));
#5221 = VECTOR('',#5222,1.);
#5222 = DIRECTION('',(-1.,0.,-1.224646799147E-16));
#5223 = PCURVE('',#4999,#5224);
#5224 = DEFINITIONAL_REPRESENTATION('',(#5225),#5229);
#5225 = LINE('',#5226,#5227);
#5226 = CARTESIAN_POINT('',(0.,0.));
#5227 = VECTOR('',#5228,1.);
#5228 = DIRECTION('',(0.,-1.));
#5229 = ( GEOMETRIC_REPRESENTATION_CONTEXT(2) 
PARAMETRIC_REPRESENTATION_CONTEXT() REPRESENTATION_CONTEXT('2D SPACE',''
  ) );
#5230 = PCURVE('',#5027,#5231);
#5231 = DEFINITIONAL_REPRESENTATION('',(#5232),#5236);
#5232 = LINE('',#5233,#5234);
#5233 = CARTESIAN_POINT('',(0.866025403784,-9.184850993605E-17));
#5234 = VECTOR('',#5235,1.);
#5235 = DIRECTION('',(0.,-1.));
#5236 = ( GEOMETRIC_REPRESENTATION_CONTEXT(2) 
PARAMETRIC_REPRESENTATION_CONTEXT() REPRESENTATION_CONTEXT('2D SPACE',''
  ) );
#5237 = ORIENTED_EDGE('',*,*,#4981,.F.);
#5238 = ORIENTED_EDGE('',*,*,#5239,.F.);
#5239 = EDGE_CURVE('',#5190,#4982,#5240,.T.);
#5240 = SURFACE_CURVE('',#5241,(#5245,#5252),.PCURVE_S1.);
#5241 = LINE('',#5242,#5243);
#5242 = CARTESIAN_POINT('',(171.90356586536,-94.39764678975,
    -20.72279954029));
#5243 = VECTOR('',#5244,1.);
#5244 = DIRECTION('',(-1.,0.,-1.224646799147E-16));
#5245 = PCURVE('',#4999,#5246);
#5246 = DEFINITIONAL_REPRESENTATION('',(#5247),#5251);
#5247 = LINE('',#5248,#5249);
#5248 = CARTESIAN_POINT('',(0.866025403784,0.));
#5249 = VECTOR('',#5250,1.);
#5250 = DIRECTION('',(0.,-1.));
#5251 = ( GEOMETRIC_REPRESENTATION_CONTEXT(2) 
PARAMETRIC_REPRESENTATION_CONTEXT() REPRESENTATION_CONTEXT('2D SPACE',''
  ) );
#5252 = PCURVE('',#5137,#5253);
#5253 = DEFINITIONAL_REPRESENTATION('',(#5254),#5258);
#5254 = LINE('',#5255,#5256);
#5255 = CARTESIAN_POINT('',(0.,0.));
#5256 = VECTOR('',#5257,1.);
#5257 = DIRECTION('',(0.,-1.));
#5258 = ( GEOMETRIC_REPRESENTATION_CONTEXT(2) 
PARAMETRIC_REPRESENTATION_CONTEXT() REPRESENTATION_CONTEXT('2D SPACE',''
  ) );
#5259 = ADVANCED_FACE('',(#5260),#5137,.T.);
#5260 = FACE_BOUND('',#5261,.T.);
#5261 = EDGE_LOOP('',(#5262,#5285,#5286,#5287));
#5262 = ORIENTED_EDGE('',*,*,#5263,.F.);
#5263 = EDGE_CURVE('',#5190,#5264,#5266,.T.);
#5264 = VERTEX_POINT('',#5265);
#5265 = CARTESIAN_POINT('',(171.90356586536,-94.83065949164,
    -19.97279954029));
#5266 = SURFACE_CURVE('',#5267,(#5271,#5278),.PCURVE_S1.);
#5267 = LINE('',#5268,#5269);
#5268 = CARTESIAN_POINT('',(171.90356586536,-94.39764678975,
    -20.72279954029));
#5269 = VECTOR('',#5270,1.);
#5270 = DIRECTION('',(-1.060575238725E-16,-0.5,0.866025403784));
#5271 = PCURVE('',#5137,#5272);
#5272 = DEFINITIONAL_REPRESENTATION('',(#5273),#5277);
#5273 = LINE('',#5274,#5275);
#5274 = CARTESIAN_POINT('',(0.,0.));
#5275 = VECTOR('',#5276,1.);
#5276 = DIRECTION('',(1.,0.));
#5277 = ( GEOMETRIC_REPRESENTATION_CONTEXT(2) 
PARAMETRIC_REPRESENTATION_CONTEXT() REPRESENTATION_CONTEXT('2D SPACE',''
  ) );
#5278 = PCURVE('',#5205,#5279);
#5279 = DEFINITIONAL_REPRESENTATION('',(#5280),#5284);
#5280 = LINE('',#5281,#5282);
#5281 = CARTESIAN_POINT('',(0.75,0.433012701892));
#5282 = VECTOR('',#5283,1.);
#5283 = DIRECTION('',(-0.866025403784,0.5));
#5284 = ( GEOMETRIC_REPRESENTATION_CONTEXT(2) 
PARAMETRIC_REPRESENTATION_CONTEXT() REPRESENTATION_CONTEXT('2D SPACE',''
  ) );
#5285 = ORIENTED_EDGE('',*,*,#5239,.T.);
#5286 = ORIENTED_EDGE('',*,*,#5123,.F.);
#5287 = ORIENTED_EDGE('',*,*,#5288,.F.);
#5288 = EDGE_CURVE('',#5264,#5096,#5289,.T.);
#5289 = SURFACE_CURVE('',#5290,(#5294,#5301),.PCURVE_S1.);
#5290 = LINE('',#5291,#5292);
#5291 = CARTESIAN_POINT('',(171.90356586536,-94.83065949164,
    -19.97279954029));
#5292 = VECTOR('',#5293,1.);
#5293 = DIRECTION('',(-1.,0.,-1.224646799147E-16));
#5294 = PCURVE('',#5137,#5295);
#5295 = DEFINITIONAL_REPRESENTATION('',(#5296),#5300);
#5296 = LINE('',#5297,#5298);
#5297 = CARTESIAN_POINT('',(0.866025403784,9.184850993605E-17));
#5298 = VECTOR('',#5299,1.);
#5299 = DIRECTION('',(0.,-1.));
#5300 = ( GEOMETRIC_REPRESENTATION_CONTEXT(2) 
PARAMETRIC_REPRESENTATION_CONTEXT() REPRESENTATION_CONTEXT('2D SPACE',''
  ) );
#5301 = PCURVE('',#5111,#5302);
#5302 = DEFINITIONAL_REPRESENTATION('',(#5303),#5307);
#5303 = LINE('',#5304,#5305);
#5304 = CARTESIAN_POINT('',(0.,0.));
#5305 = VECTOR('',#5306,1.);
#5306 = DIRECTION('',(0.,-1.));
#5307 = ( GEOMETRIC_REPRESENTATION_CONTEXT(2) 
PARAMETRIC_REPRESENTATION_CONTEXT() REPRESENTATION_CONTEXT('2D SPACE',''
  ) );
#5308 = ADVANCED_FACE('',(#5309),#5111,.T.);
#5309 = FACE_BOUND('',#5310,.T.);
#5310 = EDGE_LOOP('',(#5311,#5334,#5335,#5336));
#5311 = ORIENTED_EDGE('',*,*,#5312,.F.);
#5312 = EDGE_CURVE('',#5264,#5313,#5315,.T.);
#5313 = VERTEX_POINT('',#5314);
#5314 = CARTESIAN_POINT('',(171.90356586536,-94.39764678975,
    -19.22279954029));
#5315 = SURFACE_CURVE('',#5316,(#5320,#5327),.PCURVE_S1.);
#5316 = LINE('',#5317,#5318);
#5317 = CARTESIAN_POINT('',(171.90356586536,-94.83065949164,
    -19.97279954029));
#5318 = VECTOR('',#5319,1.);
#5319 = DIRECTION('',(-1.060575238725E-16,0.5,0.866025403784));
#5320 = PCURVE('',#5111,#5321);
#5321 = DEFINITIONAL_REPRESENTATION('',(#5322),#5326);
#5322 = LINE('',#5323,#5324);
#5323 = CARTESIAN_POINT('',(0.,0.));
#5324 = VECTOR('',#5325,1.);
#5325 = DIRECTION('',(1.,0.));
#5326 = ( GEOMETRIC_REPRESENTATION_CONTEXT(2) 
PARAMETRIC_REPRESENTATION_CONTEXT() REPRESENTATION_CONTEXT('2D SPACE',''
  ) );
#5327 = PCURVE('',#5205,#5328);
#5328 = DEFINITIONAL_REPRESENTATION('',(#5329),#5333);
#5329 = LINE('',#5330,#5331);
#5330 = CARTESIAN_POINT('',(0.,0.866025403784));
#5331 = VECTOR('',#5332,1.);
#5332 = DIRECTION('',(-0.866025403784,-0.5));
#5333 = ( GEOMETRIC_REPRESENTATION_CONTEXT(2) 
PARAMETRIC_REPRESENTATION_CONTEXT() REPRESENTATION_CONTEXT('2D SPACE',''
  ) );
#5334 = ORIENTED_EDGE('',*,*,#5288,.T.);
#5335 = ORIENTED_EDGE('',*,*,#5095,.F.);
#5336 = ORIENTED_EDGE('',*,*,#5337,.F.);
#5337 = EDGE_CURVE('',#5313,#5068,#5338,.T.);
#5338 = SURFACE_CURVE('',#5339,(#5343,#5350),.PCURVE_S1.);
#5339 = LINE('',#5340,#5341);
#5340 = CARTESIAN_POINT('',(171.90356586536,-94.39764678975,
    -19.22279954029));
#5341 = VECTOR('',#5342,1.);
#5342 = DIRECTION('',(-1.,0.,-1.224646799147E-16));
#5343 = PCURVE('',#5111,#5344);
#5344 = DEFINITIONAL_REPRESENTATION('',(#5345),#5349);
#5345 = LINE('',#5346,#5347);
#5346 = CARTESIAN_POINT('',(0.866025403784,9.184850993605E-17));
#5347 = VECTOR('',#5348,1.);
#5348 = DIRECTION('',(0.,-1.));
#5349 = ( GEOMETRIC_REPRESENTATION_CONTEXT(2) 
PARAMETRIC_REPRESENTATION_CONTEXT() REPRESENTATION_CONTEXT('2D SPACE',''
  ) );
#5350 = PCURVE('',#5083,#5351);
#5351 = DEFINITIONAL_REPRESENTATION('',(#5352),#5356);
#5352 = LINE('',#5353,#5354);
#5353 = CARTESIAN_POINT('',(0.,0.));
#5354 = VECTOR('',#5355,1.);
#5355 = DIRECTION('',(0.,-1.));
#5356 = ( GEOMETRIC_REPRESENTATION_CONTEXT(2) 
PARAMETRIC_REPRESENTATION_CONTEXT() REPRESENTATION_CONTEXT('2D SPACE',''
  ) );
#5357 = ADVANCED_FACE('',(#5358),#5083,.T.);
#5358 = FACE_BOUND('',#5359,.T.);
#5359 = EDGE_LOOP('',(#5360,#5383,#5384,#5385));
#5360 = ORIENTED_EDGE('',*,*,#5361,.F.);
#5361 = EDGE_CURVE('',#5313,#5362,#5364,.T.);
#5362 = VERTEX_POINT('',#5363);
#5363 = CARTESIAN_POINT('',(171.90356586536,-93.53162138596,
    -19.22279954029));
#5364 = SURFACE_CURVE('',#5365,(#5369,#5376),.PCURVE_S1.);
#5365 = LINE('',#5366,#5367);
#5366 = CARTESIAN_POINT('',(171.90356586536,-94.39764678975,
    -19.22279954029));
#5367 = VECTOR('',#5368,1.);
#5368 = DIRECTION('',(-7.849833662531E-32,1.,6.409875621279E-16));
#5369 = PCURVE('',#5083,#5370);
#5370 = DEFINITIONAL_REPRESENTATION('',(#5371),#5375);
#5371 = LINE('',#5372,#5373);
#5372 = CARTESIAN_POINT('',(0.,0.));
#5373 = VECTOR('',#5374,1.);
#5374 = DIRECTION('',(1.,0.));
#5375 = ( GEOMETRIC_REPRESENTATION_CONTEXT(2) 
PARAMETRIC_REPRESENTATION_CONTEXT() REPRESENTATION_CONTEXT('2D SPACE',''
  ) );
#5376 = PCURVE('',#5205,#5377);
#5377 = DEFINITIONAL_REPRESENTATION('',(#5378),#5382);
#5378 = LINE('',#5379,#5380);
#5379 = CARTESIAN_POINT('',(-0.75,0.433012701892));
#5380 = VECTOR('',#5381,1.);
#5381 = DIRECTION('',(-6.409875621279E-16,-1.));
#5382 = ( GEOMETRIC_REPRESENTATION_CONTEXT(2) 
PARAMETRIC_REPRESENTATION_CONTEXT() REPRESENTATION_CONTEXT('2D SPACE',''
  ) );
#5383 = ORIENTED_EDGE('',*,*,#5337,.T.);
#5384 = ORIENTED_EDGE('',*,*,#5067,.F.);
#5385 = ORIENTED_EDGE('',*,*,#5386,.F.);
#5386 = EDGE_CURVE('',#5362,#5040,#5387,.T.);
#5387 = SURFACE_CURVE('',#5388,(#5392,#5399),.PCURVE_S1.);
#5388 = LINE('',#5389,#5390);
#5389 = CARTESIAN_POINT('',(171.90356586536,-93.53162138596,
    -19.22279954029));
#5390 = VECTOR('',#5391,1.);
#5391 = DIRECTION('',(-1.,0.,-1.224646799147E-16));
#5392 = PCURVE('',#5083,#5393);
#5393 = DEFINITIONAL_REPRESENTATION('',(#5394),#5398);
#5394 = LINE('',#5395,#5396);
#5395 = CARTESIAN_POINT('',(0.866025403784,0.));
#5396 = VECTOR('',#5397,1.);
#5397 = DIRECTION('',(0.,-1.));
#5398 = ( GEOMETRIC_REPRESENTATION_CONTEXT(2) 
PARAMETRIC_REPRESENTATION_CONTEXT() REPRESENTATION_CONTEXT('2D SPACE',''
  ) );
#5399 = PCURVE('',#5055,#5400);
#5400 = DEFINITIONAL_REPRESENTATION('',(#5401),#5405);
#5401 = LINE('',#5402,#5403);
#5402 = CARTESIAN_POINT('',(0.,0.));
#5403 = VECTOR('',#5404,1.);
#5404 = DIRECTION('',(0.,-1.));
#5405 = ( GEOMETRIC_REPRESENTATION_CONTEXT(2) 
PARAMETRIC_REPRESENTATION_CONTEXT() REPRESENTATION_CONTEXT('2D SPACE',''
  ) );
#5406 = ADVANCED_FACE('',(#5407),#5055,.T.);
#5407 = FACE_BOUND('',#5408,.T.);
#5408 = EDGE_LOOP('',(#5409,#5432,#5433,#5434));
#5409 = ORIENTED_EDGE('',*,*,#5410,.F.);
#5410 = EDGE_CURVE('',#5362,#5411,#5413,.T.);
#5411 = VERTEX_POINT('',#5412);
#5412 = CARTESIAN_POINT('',(171.90356586536,-93.09860868407,
    -19.97279954029));
#5413 = SURFACE_CURVE('',#5414,(#5418,#5425),.PCURVE_S1.);
#5414 = LINE('',#5415,#5416);
#5415 = CARTESIAN_POINT('',(171.90356586536,-93.53162138596,
    -19.22279954029));
#5416 = VECTOR('',#5417,1.);
#5417 = DIRECTION('',(1.060575238725E-16,0.5,-0.866025403784));
#5418 = PCURVE('',#5055,#5419);
#5419 = DEFINITIONAL_REPRESENTATION('',(#5420),#5424);
#5420 = LINE('',#5421,#5422);
#5421 = CARTESIAN_POINT('',(0.,0.));
#5422 = VECTOR('',#5423,1.);
#5423 = DIRECTION('',(1.,0.));
#5424 = ( GEOMETRIC_REPRESENTATION_CONTEXT(2) 
PARAMETRIC_REPRESENTATION_CONTEXT() REPRESENTATION_CONTEXT('2D SPACE',''
  ) );
#5425 = PCURVE('',#5205,#5426);
#5426 = DEFINITIONAL_REPRESENTATION('',(#5427),#5431);
#5427 = LINE('',#5428,#5429);
#5428 = CARTESIAN_POINT('',(-0.75,-0.433012701892));
#5429 = VECTOR('',#5430,1.);
#5430 = DIRECTION('',(0.866025403784,-0.5));
#5431 = ( GEOMETRIC_REPRESENTATION_CONTEXT(2) 
PARAMETRIC_REPRESENTATION_CONTEXT() REPRESENTATION_CONTEXT('2D SPACE',''
  ) );
#5432 = ORIENTED_EDGE('',*,*,#5386,.T.);
#5433 = ORIENTED_EDGE('',*,*,#5039,.F.);
#5434 = ORIENTED_EDGE('',*,*,#5435,.F.);
#5435 = EDGE_CURVE('',#5411,#5012,#5436,.T.);
#5436 = SURFACE_CURVE('',#5437,(#5441,#5448),.PCURVE_S1.);
#5437 = LINE('',#5438,#5439);
#5438 = CARTESIAN_POINT('',(171.90356586536,-93.09860868407,
    -19.97279954029));
#5439 = VECTOR('',#5440,1.);
#5440 = DIRECTION('',(-1.,0.,-1.224646799147E-16));
#5441 = PCURVE('',#5055,#5442);
#5442 = DEFINITIONAL_REPRESENTATION('',(#5443),#5447);
#5443 = LINE('',#5444,#5445);
#5444 = CARTESIAN_POINT('',(0.866025403784,-9.184850993605E-17));
#5445 = VECTOR('',#5446,1.);
#5446 = DIRECTION('',(0.,-1.));
#5447 = ( GEOMETRIC_REPRESENTATION_CONTEXT(2) 
PARAMETRIC_REPRESENTATION_CONTEXT() REPRESENTATION_CONTEXT('2D SPACE',''
  ) );
#5448 = PCURVE('',#5027,#5449);
#5449 = DEFINITIONAL_REPRESENTATION('',(#5450),#5454);
#5450 = LINE('',#5451,#5452);
#5451 = CARTESIAN_POINT('',(0.,0.));
#5452 = VECTOR('',#5453,1.);
#5453 = DIRECTION('',(0.,-1.));
#5454 = ( GEOMETRIC_REPRESENTATION_CONTEXT(2) 
PARAMETRIC_REPRESENTATION_CONTEXT() REPRESENTATION_CONTEXT('2D SPACE',''
  ) );
#5455 = ADVANCED_FACE('',(#5456),#5027,.T.);
#5456 = FACE_BOUND('',#5457,.T.);
#5457 = EDGE_LOOP('',(#5458,#5479,#5480,#5481));
#5458 = ORIENTED_EDGE('',*,*,#5459,.F.);
#5459 = EDGE_CURVE('',#5411,#5188,#5460,.T.);
#5460 = SURFACE_CURVE('',#5461,(#5465,#5472),.PCURVE_S1.);
#5461 = LINE('',#5462,#5463);
#5462 = CARTESIAN_POINT('',(171.90356586536,-93.09860868407,
    -19.97279954029));
#5463 = VECTOR('',#5464,1.);
#5464 = DIRECTION('',(1.060575238725E-16,-0.5,-0.866025403784));
#5465 = PCURVE('',#5027,#5466);
#5466 = DEFINITIONAL_REPRESENTATION('',(#5467),#5471);
#5467 = LINE('',#5468,#5469);
#5468 = CARTESIAN_POINT('',(0.,0.));
#5469 = VECTOR('',#5470,1.);
#5470 = DIRECTION('',(1.,0.));
#5471 = ( GEOMETRIC_REPRESENTATION_CONTEXT(2) 
PARAMETRIC_REPRESENTATION_CONTEXT() REPRESENTATION_CONTEXT('2D SPACE',''
  ) );
#5472 = PCURVE('',#5205,#5473);
#5473 = DEFINITIONAL_REPRESENTATION('',(#5474),#5478);
#5474 = LINE('',#5475,#5476);
#5475 = CARTESIAN_POINT('',(0.,-0.866025403784));
#5476 = VECTOR('',#5477,1.);
#5477 = DIRECTION('',(0.866025403784,0.5));
#5478 = ( GEOMETRIC_REPRESENTATION_CONTEXT(2) 
PARAMETRIC_REPRESENTATION_CONTEXT() REPRESENTATION_CONTEXT('2D SPACE',''
  ) );
#5479 = ORIENTED_EDGE('',*,*,#5435,.T.);
#5480 = ORIENTED_EDGE('',*,*,#5011,.F.);
#5481 = ORIENTED_EDGE('',*,*,#5217,.F.);
#5482 = ADVANCED_FACE('',(#5483),#5172,.T.);
#5483 = FACE_BOUND('',#5484,.T.);
#5484 = EDGE_LOOP('',(#5485,#5486,#5509,#5536));
#5485 = ORIENTED_EDGE('',*,*,#5155,.F.);
#5486 = ORIENTED_EDGE('',*,*,#5487,.F.);
#5487 = EDGE_CURVE('',#5488,#5156,#5490,.T.);
#5488 = VERTEX_POINT('',#5489);
#5489 = CARTESIAN_POINT('',(180.70356586536,-93.96463408786,
    -20.97279954029));
#5490 = SEAM_CURVE('',#5491,(#5495,#5502),.PCURVE_S1.);
#5491 = LINE('',#5492,#5493);
#5492 = CARTESIAN_POINT('',(180.70356586536,-93.96463408786,
    -20.97279954029));
#5493 = VECTOR('',#5494,1.);
#5494 = DIRECTION('',(-1.,0.,-1.224646799147E-16));
#5495 = PCURVE('',#5172,#5496);
#5496 = DEFINITIONAL_REPRESENTATION('',(#5497),#5501);
#5497 = LINE('',#5498,#5499);
#5498 = CARTESIAN_POINT('',(6.28318530718,-0.));
#5499 = VECTOR('',#5500,1.);
#5500 = DIRECTION('',(0.,1.));
#5501 = ( GEOMETRIC_REPRESENTATION_CONTEXT(2) 
PARAMETRIC_REPRESENTATION_CONTEXT() REPRESENTATION_CONTEXT('2D SPACE',''
  ) );
#5502 = PCURVE('',#5172,#5503);
#5503 = DEFINITIONAL_REPRESENTATION('',(#5504),#5508);
#5504 = LINE('',#5505,#5506);
#5505 = CARTESIAN_POINT('',(0.,-0.));
#5506 = VECTOR('',#5507,1.);
#5507 = DIRECTION('',(0.,1.));
#5508 = ( GEOMETRIC_REPRESENTATION_CONTEXT(2) 
PARAMETRIC_REPRESENTATION_CONTEXT() REPRESENTATION_CONTEXT('2D SPACE',''
  ) );
#5509 = ORIENTED_EDGE('',*,*,#5510,.T.);
#5510 = EDGE_CURVE('',#5488,#5488,#5511,.T.);
#5511 = SURFACE_CURVE('',#5512,(#5517,#5524),.PCURVE_S1.);
#5512 = CIRCLE('',#5513,1.);
#5513 = AXIS2_PLACEMENT_3D('',#5514,#5515,#5516);
#5514 = CARTESIAN_POINT('',(180.70356586536,-93.96463408786,
    -19.97279954029));
#5515 = DIRECTION('',(-1.,0.,-1.224646799147E-16));
#5516 = DIRECTION('',(1.224646799147E-16,0.,-1.));
#5517 = PCURVE('',#5172,#5518);
#5518 = DEFINITIONAL_REPRESENTATION('',(#5519),#5523);
#5519 = LINE('',#5520,#5521);
#5520 = CARTESIAN_POINT('',(0.,0.));
#5521 = VECTOR('',#5522,1.);
#5522 = DIRECTION('',(1.,0.));
#5523 = ( GEOMETRIC_REPRESENTATION_CONTEXT(2) 
PARAMETRIC_REPRESENTATION_CONTEXT() REPRESENTATION_CONTEXT('2D SPACE',''
  ) );
#5524 = PCURVE('',#5525,#5530);
#5525 = PLANE('',#5526);
#5526 = AXIS2_PLACEMENT_3D('',#5527,#5528,#5529);
#5527 = CARTESIAN_POINT('',(180.70356586536,-93.96463408786,
    -19.97279954029));
#5528 = DIRECTION('',(-1.,0.,-1.224646799147E-16));
#5529 = DIRECTION('',(1.224646799147E-16,0.,-1.));
#5530 = DEFINITIONAL_REPRESENTATION('',(#5531),#5535);
#5531 = CIRCLE('',#5532,1.);
#5532 = AXIS2_PLACEMENT_2D('',#5533,#5534);
#5533 = CARTESIAN_POINT('',(0.,0.));
#5534 = DIRECTION('',(1.,0.));
#5535 = ( GEOMETRIC_REPRESENTATION_CONTEXT(2) 
PARAMETRIC_REPRESENTATION_CONTEXT() REPRESENTATION_CONTEXT('2D SPACE',''
  ) );
#5536 = ORIENTED_EDGE('',*,*,#5487,.T.);
#5537 = ADVANCED_FACE('',(#5538),#5205,.T.);
#5538 = FACE_BOUND('',#5539,.T.);
#5539 = EDGE_LOOP('',(#5540,#5541,#5542,#5543,#5544,#5545));
#5540 = ORIENTED_EDGE('',*,*,#5459,.T.);
#5541 = ORIENTED_EDGE('',*,*,#5187,.T.);
#5542 = ORIENTED_EDGE('',*,*,#5263,.T.);
#5543 = ORIENTED_EDGE('',*,*,#5312,.T.);
#5544 = ORIENTED_EDGE('',*,*,#5361,.T.);
#5545 = ORIENTED_EDGE('',*,*,#5410,.T.);
#5546 = ADVANCED_FACE('',(#5547),#5525,.F.);
#5547 = FACE_BOUND('',#5548,.T.);
#5548 = EDGE_LOOP('',(#5549));
#5549 = ORIENTED_EDGE('',*,*,#5510,.F.);
#5550 = ( GEOMETRIC_REPRESENTATION_CONTEXT(3) 
GLOBAL_UNCERTAINTY_ASSIGNED_CONTEXT((#5554)) 
GLOBAL_UNIT_ASSIGNED_CONTEXT((#5551,#5552,#5553)) REPRESENTATION_CONTEXT
('Context #1','3D Context with UNIT and UNCERTAINTY') );
#5551 = ( LENGTH_UNIT() NAMED_UNIT(*) SI_UNIT(.MILLI.,.METRE.) );
#5552 = ( NAMED_UNIT(*) PLANE_ANGLE_UNIT() SI_UNIT($,.RADIAN.) );
#5553 = ( NAMED_UNIT(*) SI_UNIT($,.STERADIAN.) SOLID_ANGLE_UNIT() );
#5554 = UNCERTAINTY_MEASURE_WITH_UNIT(LENGTH_MEASURE(1.E-07),#5551,
  'distance_accuracy_value','confusion accuracy');
#5555 = CONTEXT_DEPENDENT_SHAPE_REPRESENTATION(#5556,#5558);
#5556 = ( REPRESENTATION_RELATIONSHIP('','',#4883,#10) 
REPRESENTATION_RELATIONSHIP_WITH_TRANSFORMATION(#5557) 
SHAPE_REPRESENTATION_RELATIONSHIP() );
#5557 = ITEM_DEFINED_TRANSFORMATION('','',#11,#43);
#5558 = PRODUCT_DEFINITION_SHAPE('Placement','Placement of an item',
  #5559);
#5559 = NEXT_ASSEMBLY_USAGE_OCCURRENCE('56','','',#5,#4878,$);
#5560 = PRODUCT_RELATED_PRODUCT_CATEGORY('part',$,(#4880));
#5561 = SHAPE_DEFINITION_REPRESENTATION(#5562,#5568);
#5562 = PRODUCT_DEFINITION_SHAPE('','',#5563);
#5563 = PRODUCT_DEFINITION('design','',#5564,#5567);
#5564 = PRODUCT_DEFINITION_FORMATION('','',#5565);
#5565 = PRODUCT('Open CASCADE STEP translator 7.9 10.9',
  'Open CASCADE STEP translator 7.9 10.9','',(#5566));
#5566 = PRODUCT_CONTEXT('',#2,'mechanical');
#5567 = PRODUCT_DEFINITION_CONTEXT('part definition',#2,'design');
#5568 = ADVANCED_BREP_SHAPE_REPRESENTATION('',(#11,#5569),#6235);
#5569 = MANIFOLD_SOLID_BREP('',#5570);
#5570 = CLOSED_SHELL('',(#5571,#5659,#5833,#5868,#5944,#5993,#6042,#6091
    ,#6140,#6167,#6222,#6231));
#5571 = ADVANCED_FACE('',(#5572),#5585,.T.);
#5572 = FACE_BOUND('',#5573,.T.);
#5573 = EDGE_LOOP('',(#5574,#5608,#5631,#5658));
#5574 = ORIENTED_EDGE('',*,*,#5575,.F.);
#5575 = EDGE_CURVE('',#5576,#5576,#5578,.T.);
#5576 = VERTEX_POINT('',#5577);
#5577 = CARTESIAN_POINT('',(170.70356586536,-93.96463408786,
    18.072799540297));
#5578 = SURFACE_CURVE('',#5579,(#5584,#5596),.PCURVE_S1.);
#5579 = CIRCLE('',#5580,1.9);
#5580 = AXIS2_PLACEMENT_3D('',#5581,#5582,#5583);
#5581 = CARTESIAN_POINT('',(170.70356586536,-93.96463408786,
    19.972799540297));
#5582 = DIRECTION('',(-1.,0.,-1.224646799147E-16));
#5583 = DIRECTION('',(1.224646799147E-16,0.,-1.));
#5584 = PCURVE('',#5585,#5590);
#5585 = CYLINDRICAL_SURFACE('',#5586,1.9);
#5586 = AXIS2_PLACEMENT_3D('',#5587,#5588,#5589);
#5587 = CARTESIAN_POINT('',(172.70356586536,-93.96463408786,
    19.972799540297));
#5588 = DIRECTION('',(-1.,0.,-1.224646799147E-16));
#5589 = DIRECTION('',(1.224646799147E-16,0.,-1.));
#5590 = DEFINITIONAL_REPRESENTATION('',(#5591),#5595);
#5591 = LINE('',#5592,#5593);
#5592 = CARTESIAN_POINT('',(0.,2.));
#5593 = VECTOR('',#5594,1.);
#5594 = DIRECTION('',(1.,0.));
#5595 = ( GEOMETRIC_REPRESENTATION_CONTEXT(2) 
PARAMETRIC_REPRESENTATION_CONTEXT() REPRESENTATION_CONTEXT('2D SPACE',''
  ) );
#5596 = PCURVE('',#5597,#5602);
#5597 = PLANE('',#5598);
#5598 = AXIS2_PLACEMENT_3D('',#5599,#5600,#5601);
#5599 = CARTESIAN_POINT('',(170.70356586536,-93.96463408786,
    19.972799540297));
#5600 = DIRECTION('',(-1.,0.,-1.224646799147E-16));
#5601 = DIRECTION('',(1.224646799147E-16,0.,-1.));
#5602 = DEFINITIONAL_REPRESENTATION('',(#5603),#5607);
#5603 = CIRCLE('',#5604,1.9);
#5604 = AXIS2_PLACEMENT_2D('',#5605,#5606);
#5605 = CARTESIAN_POINT('',(0.,0.));
#5606 = DIRECTION('',(1.,0.));
#5607 = ( GEOMETRIC_REPRESENTATION_CONTEXT(2) 
PARAMETRIC_REPRESENTATION_CONTEXT() REPRESENTATION_CONTEXT('2D SPACE',''
  ) );
#5608 = ORIENTED_EDGE('',*,*,#5609,.F.);
#5609 = EDGE_CURVE('',#5610,#5576,#5612,.T.);
#5610 = VERTEX_POINT('',#5611);
#5611 = CARTESIAN_POINT('',(172.70356586536,-93.96463408786,
    18.072799540297));
#5612 = SEAM_CURVE('',#5613,(#5617,#5624),.PCURVE_S1.);
#5613 = LINE('',#5614,#5615);
#5614 = CARTESIAN_POINT('',(172.70356586536,-93.96463408786,
    18.072799540297));
#5615 = VECTOR('',#5616,1.);
#5616 = DIRECTION('',(-1.,0.,-1.224646799147E-16));
#5617 = PCURVE('',#5585,#5618);
#5618 = DEFINITIONAL_REPRESENTATION('',(#5619),#5623);
#5619 = LINE('',#5620,#5621);
#5620 = CARTESIAN_POINT('',(6.28318530718,-0.));
#5621 = VECTOR('',#5622,1.);
#5622 = DIRECTION('',(0.,1.));
#5623 = ( GEOMETRIC_REPRESENTATION_CONTEXT(2) 
PARAMETRIC_REPRESENTATION_CONTEXT() REPRESENTATION_CONTEXT('2D SPACE',''
  ) );
#5624 = PCURVE('',#5585,#5625);
#5625 = DEFINITIONAL_REPRESENTATION('',(#5626),#5630);
#5626 = LINE('',#5627,#5628);
#5627 = CARTESIAN_POINT('',(0.,-0.));
#5628 = VECTOR('',#5629,1.);
#5629 = DIRECTION('',(0.,1.));
#5630 = ( GEOMETRIC_REPRESENTATION_CONTEXT(2) 
PARAMETRIC_REPRESENTATION_CONTEXT() REPRESENTATION_CONTEXT('2D SPACE',''
  ) );
#5631 = ORIENTED_EDGE('',*,*,#5632,.T.);
#5632 = EDGE_CURVE('',#5610,#5610,#5633,.T.);
#5633 = SURFACE_CURVE('',#5634,(#5639,#5646),.PCURVE_S1.);
#5634 = CIRCLE('',#5635,1.9);
#5635 = AXIS2_PLACEMENT_3D('',#5636,#5637,#5638);
#5636 = CARTESIAN_POINT('',(172.70356586536,-93.96463408786,
    19.972799540297));
#5637 = DIRECTION('',(-1.,0.,-1.224646799147E-16));
#5638 = DIRECTION('',(1.224646799147E-16,0.,-1.));
#5639 = PCURVE('',#5585,#5640);
#5640 = DEFINITIONAL_REPRESENTATION('',(#5641),#5645);
#5641 = LINE('',#5642,#5643);
#5642 = CARTESIAN_POINT('',(0.,0.));
#5643 = VECTOR('',#5644,1.);
#5644 = DIRECTION('',(1.,0.));
#5645 = ( GEOMETRIC_REPRESENTATION_CONTEXT(2) 
PARAMETRIC_REPRESENTATION_CONTEXT() REPRESENTATION_CONTEXT('2D SPACE',''
  ) );
#5646 = PCURVE('',#5647,#5652);
#5647 = PLANE('',#5648);
#5648 = AXIS2_PLACEMENT_3D('',#5649,#5650,#5651);
#5649 = CARTESIAN_POINT('',(172.70356586536,-93.96463408786,
    19.972799540297));
#5650 = DIRECTION('',(-1.,0.,-1.224646799147E-16));
#5651 = DIRECTION('',(1.224646799147E-16,0.,-1.));
#5652 = DEFINITIONAL_REPRESENTATION('',(#5653),#5657);
#5653 = CIRCLE('',#5654,1.9);
#5654 = AXIS2_PLACEMENT_2D('',#5655,#5656);
#5655 = CARTESIAN_POINT('',(0.,0.));
#5656 = DIRECTION('',(1.,0.));
#5657 = ( GEOMETRIC_REPRESENTATION_CONTEXT(2) 
PARAMETRIC_REPRESENTATION_CONTEXT() REPRESENTATION_CONTEXT('2D SPACE',''
  ) );
#5658 = ORIENTED_EDGE('',*,*,#5609,.T.);
#5659 = ADVANCED_FACE('',(#5660,#5663),#5597,.T.);
#5660 = FACE_BOUND('',#5661,.T.);
#5661 = EDGE_LOOP('',(#5662));
#5662 = ORIENTED_EDGE('',*,*,#5575,.T.);
#5663 = FACE_BOUND('',#5664,.T.);
#5664 = EDGE_LOOP('',(#5665,#5695,#5723,#5751,#5779,#5807));
#5665 = ORIENTED_EDGE('',*,*,#5666,.T.);
#5666 = EDGE_CURVE('',#5667,#5669,#5671,.T.);
#5667 = VERTEX_POINT('',#5668);
#5668 = CARTESIAN_POINT('',(170.70356586536,-94.39764678975,
    19.222799540297));
#5669 = VERTEX_POINT('',#5670);
#5670 = CARTESIAN_POINT('',(170.70356586536,-93.53162138596,
    19.222799540297));
#5671 = SURFACE_CURVE('',#5672,(#5676,#5683),.PCURVE_S1.);
#5672 = LINE('',#5673,#5674);
#5673 = CARTESIAN_POINT('',(170.70356586536,-93.74812773691,
    19.222799540297));
#5674 = VECTOR('',#5675,1.);
#5675 = DIRECTION('',(-1.569966732506E-32,1.,1.281975124256E-16));
#5676 = PCURVE('',#5597,#5677);
#5677 = DEFINITIONAL_REPRESENTATION('',(#5678),#5682);
#5678 = LINE('',#5679,#5680);
#5679 = CARTESIAN_POINT('',(0.75,-0.216506350946));
#5680 = VECTOR('',#5681,1.);
#5681 = DIRECTION('',(-1.281975124256E-16,-1.));
#5682 = ( GEOMETRIC_REPRESENTATION_CONTEXT(2) 
PARAMETRIC_REPRESENTATION_CONTEXT() REPRESENTATION_CONTEXT('2D SPACE',''
  ) );
#5683 = PCURVE('',#5684,#5689);
#5684 = PLANE('',#5685);
#5685 = AXIS2_PLACEMENT_3D('',#5686,#5687,#5688);
#5686 = CARTESIAN_POINT('',(171.90356586536,-93.53162138596,
    19.222799540297));
#5687 = DIRECTION('',(-1.224646799147E-16,-1.281975124256E-16,1.));
#5688 = DIRECTION('',(1.569966732506E-32,-1.,-1.281975124256E-16));
#5689 = DEFINITIONAL_REPRESENTATION('',(#5690),#5694);
#5690 = LINE('',#5691,#5692);
#5691 = CARTESIAN_POINT('',(0.216506350946,-1.2));
#5692 = VECTOR('',#5693,1.);
#5693 = DIRECTION('',(-1.,0.));
#5694 = ( GEOMETRIC_REPRESENTATION_CONTEXT(2) 
PARAMETRIC_REPRESENTATION_CONTEXT() REPRESENTATION_CONTEXT('2D SPACE',''
  ) );
#5695 = ORIENTED_EDGE('',*,*,#5696,.T.);
#5696 = EDGE_CURVE('',#5669,#5697,#5699,.T.);
#5697 = VERTEX_POINT('',#5698);
#5698 = CARTESIAN_POINT('',(170.70356586536,-93.09860868407,
    19.972799540297));
#5699 = SURFACE_CURVE('',#5700,(#5704,#5711),.PCURVE_S1.);
#5700 = LINE('',#5701,#5702);
#5701 = CARTESIAN_POINT('',(170.70356586536,-93.20686185955,
    19.785299540297));
#5702 = VECTOR('',#5703,1.);
#5703 = DIRECTION('',(-1.060575238725E-16,0.5,0.866025403784));
#5704 = PCURVE('',#5597,#5705);
#5705 = DEFINITIONAL_REPRESENTATION('',(#5706),#5710);
#5706 = LINE('',#5707,#5708);
#5707 = CARTESIAN_POINT('',(0.1875,-0.757772228311));
#5708 = VECTOR('',#5709,1.);
#5709 = DIRECTION('',(-0.866025403784,-0.5));
#5710 = ( GEOMETRIC_REPRESENTATION_CONTEXT(2) 
PARAMETRIC_REPRESENTATION_CONTEXT() REPRESENTATION_CONTEXT('2D SPACE',''
  ) );
#5711 = PCURVE('',#5712,#5717);
#5712 = PLANE('',#5713);
#5713 = AXIS2_PLACEMENT_3D('',#5714,#5715,#5716);
#5714 = CARTESIAN_POINT('',(171.90356586536,-93.09860868407,
    19.972799540297));
#5715 = DIRECTION('',(-6.123233995737E-17,-0.866025403784,0.5));
#5716 = DIRECTION('',(1.060575238725E-16,-0.5,-0.866025403784));
#5717 = DEFINITIONAL_REPRESENTATION('',(#5718),#5722);
#5718 = LINE('',#5719,#5720);
#5719 = CARTESIAN_POINT('',(0.216506350946,-1.2));
#5720 = VECTOR('',#5721,1.);
#5721 = DIRECTION('',(-1.,0.));
#5722 = ( GEOMETRIC_REPRESENTATION_CONTEXT(2) 
PARAMETRIC_REPRESENTATION_CONTEXT() REPRESENTATION_CONTEXT('2D SPACE',''
  ) );
#5723 = ORIENTED_EDGE('',*,*,#5724,.T.);
#5724 = EDGE_CURVE('',#5697,#5725,#5727,.T.);
#5725 = VERTEX_POINT('',#5726);
#5726 = CARTESIAN_POINT('',(170.70356586536,-93.53162138596,
    20.722799540297));
#5727 = SURFACE_CURVE('',#5728,(#5732,#5739),.PCURVE_S1.);
#5728 = LINE('',#5729,#5730);
#5729 = CARTESIAN_POINT('',(170.70356586536,-93.42336821049,
    20.535299540297));
#5730 = VECTOR('',#5731,1.);
#5731 = DIRECTION('',(-1.060575238725E-16,-0.5,0.866025403784));
#5732 = PCURVE('',#5597,#5733);
#5733 = DEFINITIONAL_REPRESENTATION('',(#5734),#5738);
#5734 = LINE('',#5735,#5736);
#5735 = CARTESIAN_POINT('',(-0.5625,-0.541265877365));
#5736 = VECTOR('',#5737,1.);
#5737 = DIRECTION('',(-0.866025403784,0.5));
#5738 = ( GEOMETRIC_REPRESENTATION_CONTEXT(2) 
PARAMETRIC_REPRESENTATION_CONTEXT() REPRESENTATION_CONTEXT('2D SPACE',''
  ) );
#5739 = PCURVE('',#5740,#5745);
#5740 = PLANE('',#5741);
#5741 = AXIS2_PLACEMENT_3D('',#5742,#5743,#5744);
#5742 = CARTESIAN_POINT('',(171.90356586536,-93.53162138596,
    20.722799540297));
#5743 = DIRECTION('',(6.123233995737E-17,-0.866025403784,-0.5));
#5744 = DIRECTION('',(1.060575238725E-16,0.5,-0.866025403784));
#5745 = DEFINITIONAL_REPRESENTATION('',(#5746),#5750);
#5746 = LINE('',#5747,#5748);
#5747 = CARTESIAN_POINT('',(0.216506350946,-1.2));
#5748 = VECTOR('',#5749,1.);
#5749 = DIRECTION('',(-1.,0.));
#5750 = ( GEOMETRIC_REPRESENTATION_CONTEXT(2) 
PARAMETRIC_REPRESENTATION_CONTEXT() REPRESENTATION_CONTEXT('2D SPACE',''
  ) );
#5751 = ORIENTED_EDGE('',*,*,#5752,.T.);
#5752 = EDGE_CURVE('',#5725,#5753,#5755,.T.);
#5753 = VERTEX_POINT('',#5754);
#5754 = CARTESIAN_POINT('',(170.70356586536,-94.39764678975,
    20.722799540297));
#5755 = SURFACE_CURVE('',#5756,(#5760,#5767),.PCURVE_S1.);
#5756 = LINE('',#5757,#5758);
#5757 = CARTESIAN_POINT('',(170.70356586536,-94.1811404388,
    20.722799540297));
#5758 = VECTOR('',#5759,1.);
#5759 = DIRECTION('',(7.849833662531E-32,-1.,-6.409875621279E-16));
#5760 = PCURVE('',#5597,#5761);
#5761 = DEFINITIONAL_REPRESENTATION('',(#5762),#5766);
#5762 = LINE('',#5763,#5764);
#5763 = CARTESIAN_POINT('',(-0.75,0.216506350946));
#5764 = VECTOR('',#5765,1.);
#5765 = DIRECTION('',(6.409875621279E-16,1.));
#5766 = ( GEOMETRIC_REPRESENTATION_CONTEXT(2) 
PARAMETRIC_REPRESENTATION_CONTEXT() REPRESENTATION_CONTEXT('2D SPACE',''
  ) );
#5767 = PCURVE('',#5768,#5773);
#5768 = PLANE('',#5769);
#5769 = AXIS2_PLACEMENT_3D('',#5770,#5771,#5772);
#5770 = CARTESIAN_POINT('',(171.90356586536,-94.39764678975,
    20.722799540297));
#5771 = DIRECTION('',(1.224646799147E-16,6.409875621279E-16,-1.));
#5772 = DIRECTION('',(-7.849833662531E-32,1.,6.409875621279E-16));
#5773 = DEFINITIONAL_REPRESENTATION('',(#5774),#5778);
#5774 = LINE('',#5775,#5776);
#5775 = CARTESIAN_POINT('',(0.216506350946,-1.2));
#5776 = VECTOR('',#5777,1.);
#5777 = DIRECTION('',(-1.,0.));
#5778 = ( GEOMETRIC_REPRESENTATION_CONTEXT(2) 
PARAMETRIC_REPRESENTATION_CONTEXT() REPRESENTATION_CONTEXT('2D SPACE',''
  ) );
#5779 = ORIENTED_EDGE('',*,*,#5780,.T.);
#5780 = EDGE_CURVE('',#5753,#5781,#5783,.T.);
#5781 = VERTEX_POINT('',#5782);
#5782 = CARTESIAN_POINT('',(170.70356586536,-94.83065949164,
    19.972799540297));
#5783 = SURFACE_CURVE('',#5784,(#5788,#5795),.PCURVE_S1.);
#5784 = LINE('',#5785,#5786);
#5785 = CARTESIAN_POINT('',(170.70356586536,-94.72240631617,
    20.160299540297));
#5786 = VECTOR('',#5787,1.);
#5787 = DIRECTION('',(1.060575238725E-16,-0.5,-0.866025403784));
#5788 = PCURVE('',#5597,#5789);
#5789 = DEFINITIONAL_REPRESENTATION('',(#5790),#5794);
#5790 = LINE('',#5791,#5792);
#5791 = CARTESIAN_POINT('',(-0.1875,0.757772228311));
#5792 = VECTOR('',#5793,1.);
#5793 = DIRECTION('',(0.866025403784,0.5));
#5794 = ( GEOMETRIC_REPRESENTATION_CONTEXT(2) 
PARAMETRIC_REPRESENTATION_CONTEXT() REPRESENTATION_CONTEXT('2D SPACE',''
  ) );
#5795 = PCURVE('',#5796,#5801);
#5796 = PLANE('',#5797);
#5797 = AXIS2_PLACEMENT_3D('',#5798,#5799,#5800);
#5798 = CARTESIAN_POINT('',(171.90356586536,-94.83065949164,
    19.972799540297));
#5799 = DIRECTION('',(6.123233995737E-17,0.866025403784,-0.5));
#5800 = DIRECTION('',(-1.060575238725E-16,0.5,0.866025403784));
#5801 = DEFINITIONAL_REPRESENTATION('',(#5802),#5806);
#5802 = LINE('',#5803,#5804);
#5803 = CARTESIAN_POINT('',(0.216506350946,-1.2));
#5804 = VECTOR('',#5805,1.);
#5805 = DIRECTION('',(-1.,0.));
#5806 = ( GEOMETRIC_REPRESENTATION_CONTEXT(2) 
PARAMETRIC_REPRESENTATION_CONTEXT() REPRESENTATION_CONTEXT('2D SPACE',''
  ) );
#5807 = ORIENTED_EDGE('',*,*,#5808,.T.);
#5808 = EDGE_CURVE('',#5781,#5667,#5809,.T.);
#5809 = SURFACE_CURVE('',#5810,(#5814,#5821),.PCURVE_S1.);
#5810 = LINE('',#5811,#5812);
#5811 = CARTESIAN_POINT('',(170.70356586536,-94.50589996522,
    19.410299540297));
#5812 = VECTOR('',#5813,1.);
#5813 = DIRECTION('',(1.060575238725E-16,0.5,-0.866025403784));
#5814 = PCURVE('',#5597,#5815);
#5815 = DEFINITIONAL_REPRESENTATION('',(#5816),#5820);
#5816 = LINE('',#5817,#5818);
#5817 = CARTESIAN_POINT('',(0.5625,0.541265877365));
#5818 = VECTOR('',#5819,1.);
#5819 = DIRECTION('',(0.866025403784,-0.5));
#5820 = ( GEOMETRIC_REPRESENTATION_CONTEXT(2) 
PARAMETRIC_REPRESENTATION_CONTEXT() REPRESENTATION_CONTEXT('2D SPACE',''
  ) );
#5821 = PCURVE('',#5822,#5827);
#5822 = PLANE('',#5823);
#5823 = AXIS2_PLACEMENT_3D('',#5824,#5825,#5826);
#5824 = CARTESIAN_POINT('',(171.90356586536,-94.39764678975,
    19.222799540297));
#5825 = DIRECTION('',(-6.123233995737E-17,0.866025403784,0.5));
#5826 = DIRECTION('',(-1.060575238725E-16,-0.5,0.866025403784));
#5827 = DEFINITIONAL_REPRESENTATION('',(#5828),#5832);
#5828 = LINE('',#5829,#5830);
#5829 = CARTESIAN_POINT('',(0.216506350946,-1.2));
#5830 = VECTOR('',#5831,1.);
#5831 = DIRECTION('',(-1.,0.));
#5832 = ( GEOMETRIC_REPRESENTATION_CONTEXT(2) 
PARAMETRIC_REPRESENTATION_CONTEXT() REPRESENTATION_CONTEXT('2D SPACE',''
  ) );
#5833 = ADVANCED_FACE('',(#5834,#5837),#5647,.F.);
#5834 = FACE_BOUND('',#5835,.F.);
#5835 = EDGE_LOOP('',(#5836));
#5836 = ORIENTED_EDGE('',*,*,#5632,.T.);
#5837 = FACE_BOUND('',#5838,.F.);
#5838 = EDGE_LOOP('',(#5839));
#5839 = ORIENTED_EDGE('',*,*,#5840,.F.);
#5840 = EDGE_CURVE('',#5841,#5841,#5843,.T.);
#5841 = VERTEX_POINT('',#5842);
#5842 = CARTESIAN_POINT('',(172.70356586536,-93.96463408786,
    18.972799540297));
#5843 = SURFACE_CURVE('',#5844,(#5849,#5856),.PCURVE_S1.);
#5844 = CIRCLE('',#5845,1.);
#5845 = AXIS2_PLACEMENT_3D('',#5846,#5847,#5848);
#5846 = CARTESIAN_POINT('',(172.70356586536,-93.96463408786,
    19.972799540297));
#5847 = DIRECTION('',(-1.,0.,-1.224646799147E-16));
#5848 = DIRECTION('',(1.224646799147E-16,0.,-1.));
#5849 = PCURVE('',#5647,#5850);
#5850 = DEFINITIONAL_REPRESENTATION('',(#5851),#5855);
#5851 = CIRCLE('',#5852,1.);
#5852 = AXIS2_PLACEMENT_2D('',#5853,#5854);
#5853 = CARTESIAN_POINT('',(0.,0.));
#5854 = DIRECTION('',(1.,0.));
#5855 = ( GEOMETRIC_REPRESENTATION_CONTEXT(2) 
PARAMETRIC_REPRESENTATION_CONTEXT() REPRESENTATION_CONTEXT('2D SPACE',''
  ) );
#5856 = PCURVE('',#5857,#5862);
#5857 = CYLINDRICAL_SURFACE('',#5858,1.);
#5858 = AXIS2_PLACEMENT_3D('',#5859,#5860,#5861);
#5859 = CARTESIAN_POINT('',(180.70356586536,-93.96463408786,
    19.972799540297));
#5860 = DIRECTION('',(-1.,0.,-1.224646799147E-16));
#5861 = DIRECTION('',(1.224646799147E-16,0.,-1.));
#5862 = DEFINITIONAL_REPRESENTATION('',(#5863),#5867);
#5863 = LINE('',#5864,#5865);
#5864 = CARTESIAN_POINT('',(0.,8.));
#5865 = VECTOR('',#5866,1.);
#5866 = DIRECTION('',(1.,0.));
#5867 = ( GEOMETRIC_REPRESENTATION_CONTEXT(2) 
PARAMETRIC_REPRESENTATION_CONTEXT() REPRESENTATION_CONTEXT('2D SPACE',''
  ) );
#5868 = ADVANCED_FACE('',(#5869),#5684,.T.);
#5869 = FACE_BOUND('',#5870,.T.);
#5870 = EDGE_LOOP('',(#5871,#5901,#5922,#5923));
#5871 = ORIENTED_EDGE('',*,*,#5872,.F.);
#5872 = EDGE_CURVE('',#5873,#5875,#5877,.T.);
#5873 = VERTEX_POINT('',#5874);
#5874 = CARTESIAN_POINT('',(171.90356586536,-93.53162138596,
    19.222799540297));
#5875 = VERTEX_POINT('',#5876);
#5876 = CARTESIAN_POINT('',(171.90356586536,-94.39764678975,
    19.222799540297));
#5877 = SURFACE_CURVE('',#5878,(#5882,#5889),.PCURVE_S1.);
#5878 = LINE('',#5879,#5880);
#5879 = CARTESIAN_POINT('',(171.90356586536,-93.53162138596,
    19.222799540297));
#5880 = VECTOR('',#5881,1.);
#5881 = DIRECTION('',(1.569966732506E-32,-1.,-1.281975124256E-16));
#5882 = PCURVE('',#5684,#5883);
#5883 = DEFINITIONAL_REPRESENTATION('',(#5884),#5888);
#5884 = LINE('',#5885,#5886);
#5885 = CARTESIAN_POINT('',(0.,0.));
#5886 = VECTOR('',#5887,1.);
#5887 = DIRECTION('',(1.,0.));
#5888 = ( GEOMETRIC_REPRESENTATION_CONTEXT(2) 
PARAMETRIC_REPRESENTATION_CONTEXT() REPRESENTATION_CONTEXT('2D SPACE',''
  ) );
#5889 = PCURVE('',#5890,#5895);
#5890 = PLANE('',#5891);
#5891 = AXIS2_PLACEMENT_3D('',#5892,#5893,#5894);
#5892 = CARTESIAN_POINT('',(171.90356586536,-93.96463408786,
    19.972799540297));
#5893 = DIRECTION('',(-1.,0.,-1.224646799147E-16));
#5894 = DIRECTION('',(1.224646799147E-16,0.,-1.));
#5895 = DEFINITIONAL_REPRESENTATION('',(#5896),#5900);
#5896 = LINE('',#5897,#5898);
#5897 = CARTESIAN_POINT('',(0.75,-0.433012701892));
#5898 = VECTOR('',#5899,1.);
#5899 = DIRECTION('',(1.281975124256E-16,1.));
#5900 = ( GEOMETRIC_REPRESENTATION_CONTEXT(2) 
PARAMETRIC_REPRESENTATION_CONTEXT() REPRESENTATION_CONTEXT('2D SPACE',''
  ) );
#5901 = ORIENTED_EDGE('',*,*,#5902,.T.);
#5902 = EDGE_CURVE('',#5873,#5669,#5903,.T.);
#5903 = SURFACE_CURVE('',#5904,(#5908,#5915),.PCURVE_S1.);
#5904 = LINE('',#5905,#5906);
#5905 = CARTESIAN_POINT('',(171.90356586536,-93.53162138596,
    19.222799540297));
#5906 = VECTOR('',#5907,1.);
#5907 = DIRECTION('',(-1.,0.,-1.224646799147E-16));
#5908 = PCURVE('',#5684,#5909);
#5909 = DEFINITIONAL_REPRESENTATION('',(#5910),#5914);
#5910 = LINE('',#5911,#5912);
#5911 = CARTESIAN_POINT('',(0.,0.));
#5912 = VECTOR('',#5913,1.);
#5913 = DIRECTION('',(0.,-1.));
#5914 = ( GEOMETRIC_REPRESENTATION_CONTEXT(2) 
PARAMETRIC_REPRESENTATION_CONTEXT() REPRESENTATION_CONTEXT('2D SPACE',''
  ) );
#5915 = PCURVE('',#5712,#5916);
#5916 = DEFINITIONAL_REPRESENTATION('',(#5917),#5921);
#5917 = LINE('',#5918,#5919);
#5918 = CARTESIAN_POINT('',(0.866025403784,-9.184850993605E-17));
#5919 = VECTOR('',#5920,1.);
#5920 = DIRECTION('',(0.,-1.));
#5921 = ( GEOMETRIC_REPRESENTATION_CONTEXT(2) 
PARAMETRIC_REPRESENTATION_CONTEXT() REPRESENTATION_CONTEXT('2D SPACE',''
  ) );
#5922 = ORIENTED_EDGE('',*,*,#5666,.F.);
#5923 = ORIENTED_EDGE('',*,*,#5924,.F.);
#5924 = EDGE_CURVE('',#5875,#5667,#5925,.T.);
#5925 = SURFACE_CURVE('',#5926,(#5930,#5937),.PCURVE_S1.);
#5926 = LINE('',#5927,#5928);
#5927 = CARTESIAN_POINT('',(171.90356586536,-94.39764678975,
    19.222799540297));
#5928 = VECTOR('',#5929,1.);
#5929 = DIRECTION('',(-1.,0.,-1.224646799147E-16));
#5930 = PCURVE('',#5684,#5931);
#5931 = DEFINITIONAL_REPRESENTATION('',(#5932),#5936);
#5932 = LINE('',#5933,#5934);
#5933 = CARTESIAN_POINT('',(0.866025403784,0.));
#5934 = VECTOR('',#5935,1.);
#5935 = DIRECTION('',(0.,-1.));
#5936 = ( GEOMETRIC_REPRESENTATION_CONTEXT(2) 
PARAMETRIC_REPRESENTATION_CONTEXT() REPRESENTATION_CONTEXT('2D SPACE',''
  ) );
#5937 = PCURVE('',#5822,#5938);
#5938 = DEFINITIONAL_REPRESENTATION('',(#5939),#5943);
#5939 = LINE('',#5940,#5941);
#5940 = CARTESIAN_POINT('',(0.,0.));
#5941 = VECTOR('',#5942,1.);
#5942 = DIRECTION('',(0.,-1.));
#5943 = ( GEOMETRIC_REPRESENTATION_CONTEXT(2) 
PARAMETRIC_REPRESENTATION_CONTEXT() REPRESENTATION_CONTEXT('2D SPACE',''
  ) );
#5944 = ADVANCED_FACE('',(#5945),#5822,.T.);
#5945 = FACE_BOUND('',#5946,.T.);
#5946 = EDGE_LOOP('',(#5947,#5970,#5971,#5972));
#5947 = ORIENTED_EDGE('',*,*,#5948,.F.);
#5948 = EDGE_CURVE('',#5875,#5949,#5951,.T.);
#5949 = VERTEX_POINT('',#5950);
#5950 = CARTESIAN_POINT('',(171.90356586536,-94.83065949164,
    19.972799540297));
#5951 = SURFACE_CURVE('',#5952,(#5956,#5963),.PCURVE_S1.);
#5952 = LINE('',#5953,#5954);
#5953 = CARTESIAN_POINT('',(171.90356586536,-94.39764678975,
    19.222799540297));
#5954 = VECTOR('',#5955,1.);
#5955 = DIRECTION('',(-1.060575238725E-16,-0.5,0.866025403784));
#5956 = PCURVE('',#5822,#5957);
#5957 = DEFINITIONAL_REPRESENTATION('',(#5958),#5962);
#5958 = LINE('',#5959,#5960);
#5959 = CARTESIAN_POINT('',(0.,0.));
#5960 = VECTOR('',#5961,1.);
#5961 = DIRECTION('',(1.,0.));
#5962 = ( GEOMETRIC_REPRESENTATION_CONTEXT(2) 
PARAMETRIC_REPRESENTATION_CONTEXT() REPRESENTATION_CONTEXT('2D SPACE',''
  ) );
#5963 = PCURVE('',#5890,#5964);
#5964 = DEFINITIONAL_REPRESENTATION('',(#5965),#5969);
#5965 = LINE('',#5966,#5967);
#5966 = CARTESIAN_POINT('',(0.75,0.433012701892));
#5967 = VECTOR('',#5968,1.);
#5968 = DIRECTION('',(-0.866025403784,0.5));
#5969 = ( GEOMETRIC_REPRESENTATION_CONTEXT(2) 
PARAMETRIC_REPRESENTATION_CONTEXT() REPRESENTATION_CONTEXT('2D SPACE',''
  ) );
#5970 = ORIENTED_EDGE('',*,*,#5924,.T.);
#5971 = ORIENTED_EDGE('',*,*,#5808,.F.);
#5972 = ORIENTED_EDGE('',*,*,#5973,.F.);
#5973 = EDGE_CURVE('',#5949,#5781,#5974,.T.);
#5974 = SURFACE_CURVE('',#5975,(#5979,#5986),.PCURVE_S1.);
#5975 = LINE('',#5976,#5977);
#5976 = CARTESIAN_POINT('',(171.90356586536,-94.83065949164,
    19.972799540297));
#5977 = VECTOR('',#5978,1.);
#5978 = DIRECTION('',(-1.,0.,-1.224646799147E-16));
#5979 = PCURVE('',#5822,#5980);
#5980 = DEFINITIONAL_REPRESENTATION('',(#5981),#5985);
#5981 = LINE('',#5982,#5983);
#5982 = CARTESIAN_POINT('',(0.866025403784,9.184850993605E-17));
#5983 = VECTOR('',#5984,1.);
#5984 = DIRECTION('',(0.,-1.));
#5985 = ( GEOMETRIC_REPRESENTATION_CONTEXT(2) 
PARAMETRIC_REPRESENTATION_CONTEXT() REPRESENTATION_CONTEXT('2D SPACE',''
  ) );
#5986 = PCURVE('',#5796,#5987);
#5987 = DEFINITIONAL_REPRESENTATION('',(#5988),#5992);
#5988 = LINE('',#5989,#5990);
#5989 = CARTESIAN_POINT('',(0.,0.));
#5990 = VECTOR('',#5991,1.);
#5991 = DIRECTION('',(0.,-1.));
#5992 = ( GEOMETRIC_REPRESENTATION_CONTEXT(2) 
PARAMETRIC_REPRESENTATION_CONTEXT() REPRESENTATION_CONTEXT('2D SPACE',''
  ) );
#5993 = ADVANCED_FACE('',(#5994),#5796,.T.);
#5994 = FACE_BOUND('',#5995,.T.);
#5995 = EDGE_LOOP('',(#5996,#6019,#6020,#6021));
#5996 = ORIENTED_EDGE('',*,*,#5997,.F.);
#5997 = EDGE_CURVE('',#5949,#5998,#6000,.T.);
#5998 = VERTEX_POINT('',#5999);
#5999 = CARTESIAN_POINT('',(171.90356586536,-94.39764678975,
    20.722799540297));
#6000 = SURFACE_CURVE('',#6001,(#6005,#6012),.PCURVE_S1.);
#6001 = LINE('',#6002,#6003);
#6002 = CARTESIAN_POINT('',(171.90356586536,-94.83065949164,
    19.972799540297));
#6003 = VECTOR('',#6004,1.);
#6004 = DIRECTION('',(-1.060575238725E-16,0.5,0.866025403784));
#6005 = PCURVE('',#5796,#6006);
#6006 = DEFINITIONAL_REPRESENTATION('',(#6007),#6011);
#6007 = LINE('',#6008,#6009);
#6008 = CARTESIAN_POINT('',(0.,0.));
#6009 = VECTOR('',#6010,1.);
#6010 = DIRECTION('',(1.,0.));
#6011 = ( GEOMETRIC_REPRESENTATION_CONTEXT(2) 
PARAMETRIC_REPRESENTATION_CONTEXT() REPRESENTATION_CONTEXT('2D SPACE',''
  ) );
#6012 = PCURVE('',#5890,#6013);
#6013 = DEFINITIONAL_REPRESENTATION('',(#6014),#6018);
#6014 = LINE('',#6015,#6016);
#6015 = CARTESIAN_POINT('',(0.,0.866025403784));
#6016 = VECTOR('',#6017,1.);
#6017 = DIRECTION('',(-0.866025403784,-0.5));
#6018 = ( GEOMETRIC_REPRESENTATION_CONTEXT(2) 
PARAMETRIC_REPRESENTATION_CONTEXT() REPRESENTATION_CONTEXT('2D SPACE',''
  ) );
#6019 = ORIENTED_EDGE('',*,*,#5973,.T.);
#6020 = ORIENTED_EDGE('',*,*,#5780,.F.);
#6021 = ORIENTED_EDGE('',*,*,#6022,.F.);
#6022 = EDGE_CURVE('',#5998,#5753,#6023,.T.);
#6023 = SURFACE_CURVE('',#6024,(#6028,#6035),.PCURVE_S1.);
#6024 = LINE('',#6025,#6026);
#6025 = CARTESIAN_POINT('',(171.90356586536,-94.39764678975,
    20.722799540297));
#6026 = VECTOR('',#6027,1.);
#6027 = DIRECTION('',(-1.,0.,-1.224646799147E-16));
#6028 = PCURVE('',#5796,#6029);
#6029 = DEFINITIONAL_REPRESENTATION('',(#6030),#6034);
#6030 = LINE('',#6031,#6032);
#6031 = CARTESIAN_POINT('',(0.866025403784,9.184850993605E-17));
#6032 = VECTOR('',#6033,1.);
#6033 = DIRECTION('',(0.,-1.));
#6034 = ( GEOMETRIC_REPRESENTATION_CONTEXT(2) 
PARAMETRIC_REPRESENTATION_CONTEXT() REPRESENTATION_CONTEXT('2D SPACE',''
  ) );
#6035 = PCURVE('',#5768,#6036);
#6036 = DEFINITIONAL_REPRESENTATION('',(#6037),#6041);
#6037 = LINE('',#6038,#6039);
#6038 = CARTESIAN_POINT('',(0.,0.));
#6039 = VECTOR('',#6040,1.);
#6040 = DIRECTION('',(0.,-1.));
#6041 = ( GEOMETRIC_REPRESENTATION_CONTEXT(2) 
PARAMETRIC_REPRESENTATION_CONTEXT() REPRESENTATION_CONTEXT('2D SPACE',''
  ) );
#6042 = ADVANCED_FACE('',(#6043),#5768,.T.);
#6043 = FACE_BOUND('',#6044,.T.);
#6044 = EDGE_LOOP('',(#6045,#6068,#6069,#6070));
#6045 = ORIENTED_EDGE('',*,*,#6046,.F.);
#6046 = EDGE_CURVE('',#5998,#6047,#6049,.T.);
#6047 = VERTEX_POINT('',#6048);
#6048 = CARTESIAN_POINT('',(171.90356586536,-93.53162138596,
    20.722799540297));
#6049 = SURFACE_CURVE('',#6050,(#6054,#6061),.PCURVE_S1.);
#6050 = LINE('',#6051,#6052);
#6051 = CARTESIAN_POINT('',(171.90356586536,-94.39764678975,
    20.722799540297));
#6052 = VECTOR('',#6053,1.);
#6053 = DIRECTION('',(-7.849833662531E-32,1.,6.409875621279E-16));
#6054 = PCURVE('',#5768,#6055);
#6055 = DEFINITIONAL_REPRESENTATION('',(#6056),#6060);
#6056 = LINE('',#6057,#6058);
#6057 = CARTESIAN_POINT('',(0.,0.));
#6058 = VECTOR('',#6059,1.);
#6059 = DIRECTION('',(1.,0.));
#6060 = ( GEOMETRIC_REPRESENTATION_CONTEXT(2) 
PARAMETRIC_REPRESENTATION_CONTEXT() REPRESENTATION_CONTEXT('2D SPACE',''
  ) );
#6061 = PCURVE('',#5890,#6062);
#6062 = DEFINITIONAL_REPRESENTATION('',(#6063),#6067);
#6063 = LINE('',#6064,#6065);
#6064 = CARTESIAN_POINT('',(-0.75,0.433012701892));
#6065 = VECTOR('',#6066,1.);
#6066 = DIRECTION('',(-6.409875621279E-16,-1.));
#6067 = ( GEOMETRIC_REPRESENTATION_CONTEXT(2) 
PARAMETRIC_REPRESENTATION_CONTEXT() REPRESENTATION_CONTEXT('2D SPACE',''
  ) );
#6068 = ORIENTED_EDGE('',*,*,#6022,.T.);
#6069 = ORIENTED_EDGE('',*,*,#5752,.F.);
#6070 = ORIENTED_EDGE('',*,*,#6071,.F.);
#6071 = EDGE_CURVE('',#6047,#5725,#6072,.T.);
#6072 = SURFACE_CURVE('',#6073,(#6077,#6084),.PCURVE_S1.);
#6073 = LINE('',#6074,#6075);
#6074 = CARTESIAN_POINT('',(171.90356586536,-93.53162138596,
    20.722799540297));
#6075 = VECTOR('',#6076,1.);
#6076 = DIRECTION('',(-1.,0.,-1.224646799147E-16));
#6077 = PCURVE('',#5768,#6078);
#6078 = DEFINITIONAL_REPRESENTATION('',(#6079),#6083);
#6079 = LINE('',#6080,#6081);
#6080 = CARTESIAN_POINT('',(0.866025403784,0.));
#6081 = VECTOR('',#6082,1.);
#6082 = DIRECTION('',(0.,-1.));
#6083 = ( GEOMETRIC_REPRESENTATION_CONTEXT(2) 
PARAMETRIC_REPRESENTATION_CONTEXT() REPRESENTATION_CONTEXT('2D SPACE',''
  ) );
#6084 = PCURVE('',#5740,#6085);
#6085 = DEFINITIONAL_REPRESENTATION('',(#6086),#6090);
#6086 = LINE('',#6087,#6088);
#6087 = CARTESIAN_POINT('',(0.,0.));
#6088 = VECTOR('',#6089,1.);
#6089 = DIRECTION('',(0.,-1.));
#6090 = ( GEOMETRIC_REPRESENTATION_CONTEXT(2) 
PARAMETRIC_REPRESENTATION_CONTEXT() REPRESENTATION_CONTEXT('2D SPACE',''
  ) );
#6091 = ADVANCED_FACE('',(#6092),#5740,.T.);
#6092 = FACE_BOUND('',#6093,.T.);
#6093 = EDGE_LOOP('',(#6094,#6117,#6118,#6119));
#6094 = ORIENTED_EDGE('',*,*,#6095,.F.);
#6095 = EDGE_CURVE('',#6047,#6096,#6098,.T.);
#6096 = VERTEX_POINT('',#6097);
#6097 = CARTESIAN_POINT('',(171.90356586536,-93.09860868407,
    19.972799540297));
#6098 = SURFACE_CURVE('',#6099,(#6103,#6110),.PCURVE_S1.);
#6099 = LINE('',#6100,#6101);
#6100 = CARTESIAN_POINT('',(171.90356586536,-93.53162138596,
    20.722799540297));
#6101 = VECTOR('',#6102,1.);
#6102 = DIRECTION('',(1.060575238725E-16,0.5,-0.866025403784));
#6103 = PCURVE('',#5740,#6104);
#6104 = DEFINITIONAL_REPRESENTATION('',(#6105),#6109);
#6105 = LINE('',#6106,#6107);
#6106 = CARTESIAN_POINT('',(0.,0.));
#6107 = VECTOR('',#6108,1.);
#6108 = DIRECTION('',(1.,0.));
#6109 = ( GEOMETRIC_REPRESENTATION_CONTEXT(2) 
PARAMETRIC_REPRESENTATION_CONTEXT() REPRESENTATION_CONTEXT('2D SPACE',''
  ) );
#6110 = PCURVE('',#5890,#6111);
#6111 = DEFINITIONAL_REPRESENTATION('',(#6112),#6116);
#6112 = LINE('',#6113,#6114);
#6113 = CARTESIAN_POINT('',(-0.75,-0.433012701892));
#6114 = VECTOR('',#6115,1.);
#6115 = DIRECTION('',(0.866025403784,-0.5));
#6116 = ( GEOMETRIC_REPRESENTATION_CONTEXT(2) 
PARAMETRIC_REPRESENTATION_CONTEXT() REPRESENTATION_CONTEXT('2D SPACE',''
  ) );
#6117 = ORIENTED_EDGE('',*,*,#6071,.T.);
#6118 = ORIENTED_EDGE('',*,*,#5724,.F.);
#6119 = ORIENTED_EDGE('',*,*,#6120,.F.);
#6120 = EDGE_CURVE('',#6096,#5697,#6121,.T.);
#6121 = SURFACE_CURVE('',#6122,(#6126,#6133),.PCURVE_S1.);
#6122 = LINE('',#6123,#6124);
#6123 = CARTESIAN_POINT('',(171.90356586536,-93.09860868407,
    19.972799540297));
#6124 = VECTOR('',#6125,1.);
#6125 = DIRECTION('',(-1.,0.,-1.224646799147E-16));
#6126 = PCURVE('',#5740,#6127);
#6127 = DEFINITIONAL_REPRESENTATION('',(#6128),#6132);
#6128 = LINE('',#6129,#6130);
#6129 = CARTESIAN_POINT('',(0.866025403784,-9.184850993605E-17));
#6130 = VECTOR('',#6131,1.);
#6131 = DIRECTION('',(0.,-1.));
#6132 = ( GEOMETRIC_REPRESENTATION_CONTEXT(2) 
PARAMETRIC_REPRESENTATION_CONTEXT() REPRESENTATION_CONTEXT('2D SPACE',''
  ) );
#6133 = PCURVE('',#5712,#6134);
#6134 = DEFINITIONAL_REPRESENTATION('',(#6135),#6139);
#6135 = LINE('',#6136,#6137);
#6136 = CARTESIAN_POINT('',(0.,0.));
#6137 = VECTOR('',#6138,1.);
#6138 = DIRECTION('',(0.,-1.));
#6139 = ( GEOMETRIC_REPRESENTATION_CONTEXT(2) 
PARAMETRIC_REPRESENTATION_CONTEXT() REPRESENTATION_CONTEXT('2D SPACE',''
  ) );
#6140 = ADVANCED_FACE('',(#6141),#5712,.T.);
#6141 = FACE_BOUND('',#6142,.T.);
#6142 = EDGE_LOOP('',(#6143,#6164,#6165,#6166));
#6143 = ORIENTED_EDGE('',*,*,#6144,.F.);
#6144 = EDGE_CURVE('',#6096,#5873,#6145,.T.);
#6145 = SURFACE_CURVE('',#6146,(#6150,#6157),.PCURVE_S1.);
#6146 = LINE('',#6147,#6148);
#6147 = CARTESIAN_POINT('',(171.90356586536,-93.09860868407,
    19.972799540297));
#6148 = VECTOR('',#6149,1.);
#6149 = DIRECTION('',(1.060575238725E-16,-0.5,-0.866025403784));
#6150 = PCURVE('',#5712,#6151);
#6151 = DEFINITIONAL_REPRESENTATION('',(#6152),#6156);
#6152 = LINE('',#6153,#6154);
#6153 = CARTESIAN_POINT('',(0.,0.));
#6154 = VECTOR('',#6155,1.);
#6155 = DIRECTION('',(1.,0.));
#6156 = ( GEOMETRIC_REPRESENTATION_CONTEXT(2) 
PARAMETRIC_REPRESENTATION_CONTEXT() REPRESENTATION_CONTEXT('2D SPACE',''
  ) );
#6157 = PCURVE('',#5890,#6158);
#6158 = DEFINITIONAL_REPRESENTATION('',(#6159),#6163);
#6159 = LINE('',#6160,#6161);
#6160 = CARTESIAN_POINT('',(0.,-0.866025403784));
#6161 = VECTOR('',#6162,1.);
#6162 = DIRECTION('',(0.866025403784,0.5));
#6163 = ( GEOMETRIC_REPRESENTATION_CONTEXT(2) 
PARAMETRIC_REPRESENTATION_CONTEXT() REPRESENTATION_CONTEXT('2D SPACE',''
  ) );
#6164 = ORIENTED_EDGE('',*,*,#6120,.T.);
#6165 = ORIENTED_EDGE('',*,*,#5696,.F.);
#6166 = ORIENTED_EDGE('',*,*,#5902,.F.);
#6167 = ADVANCED_FACE('',(#6168),#5857,.T.);
#6168 = FACE_BOUND('',#6169,.T.);
#6169 = EDGE_LOOP('',(#6170,#6171,#6194,#6221));
#6170 = ORIENTED_EDGE('',*,*,#5840,.F.);
#6171 = ORIENTED_EDGE('',*,*,#6172,.F.);
#6172 = EDGE_CURVE('',#6173,#5841,#6175,.T.);
#6173 = VERTEX_POINT('',#6174);
#6174 = CARTESIAN_POINT('',(180.70356586536,-93.96463408786,
    18.972799540297));
#6175 = SEAM_CURVE('',#6176,(#6180,#6187),.PCURVE_S1.);
#6176 = LINE('',#6177,#6178);
#6177 = CARTESIAN_POINT('',(180.70356586536,-93.96463408786,
    18.972799540297));
#6178 = VECTOR('',#6179,1.);
#6179 = DIRECTION('',(-1.,0.,-1.224646799147E-16));
#6180 = PCURVE('',#5857,#6181);
#6181 = DEFINITIONAL_REPRESENTATION('',(#6182),#6186);
#6182 = LINE('',#6183,#6184);
#6183 = CARTESIAN_POINT('',(6.28318530718,-0.));
#6184 = VECTOR('',#6185,1.);
#6185 = DIRECTION('',(0.,1.));
#6186 = ( GEOMETRIC_REPRESENTATION_CONTEXT(2) 
PARAMETRIC_REPRESENTATION_CONTEXT() REPRESENTATION_CONTEXT('2D SPACE',''
  ) );
#6187 = PCURVE('',#5857,#6188);
#6188 = DEFINITIONAL_REPRESENTATION('',(#6189),#6193);
#6189 = LINE('',#6190,#6191);
#6190 = CARTESIAN_POINT('',(0.,-0.));
#6191 = VECTOR('',#6192,1.);
#6192 = DIRECTION('',(0.,1.));
#6193 = ( GEOMETRIC_REPRESENTATION_CONTEXT(2) 
PARAMETRIC_REPRESENTATION_CONTEXT() REPRESENTATION_CONTEXT('2D SPACE',''
  ) );
#6194 = ORIENTED_EDGE('',*,*,#6195,.T.);
#6195 = EDGE_CURVE('',#6173,#6173,#6196,.T.);
#6196 = SURFACE_CURVE('',#6197,(#6202,#6209),.PCURVE_S1.);
#6197 = CIRCLE('',#6198,1.);
#6198 = AXIS2_PLACEMENT_3D('',#6199,#6200,#6201);
#6199 = CARTESIAN_POINT('',(180.70356586536,-93.96463408786,
    19.972799540297));
#6200 = DIRECTION('',(-1.,0.,-1.224646799147E-16));
#6201 = DIRECTION('',(1.224646799147E-16,0.,-1.));
#6202 = PCURVE('',#5857,#6203);
#6203 = DEFINITIONAL_REPRESENTATION('',(#6204),#6208);
#6204 = LINE('',#6205,#6206);
#6205 = CARTESIAN_POINT('',(0.,0.));
#6206 = VECTOR('',#6207,1.);
#6207 = DIRECTION('',(1.,0.));
#6208 = ( GEOMETRIC_REPRESENTATION_CONTEXT(2) 
PARAMETRIC_REPRESENTATION_CONTEXT() REPRESENTATION_CONTEXT('2D SPACE',''
  ) );
#6209 = PCURVE('',#6210,#6215);
#6210 = PLANE('',#6211);
#6211 = AXIS2_PLACEMENT_3D('',#6212,#6213,#6214);
#6212 = CARTESIAN_POINT('',(180.70356586536,-93.96463408786,
    19.972799540297));
#6213 = DIRECTION('',(-1.,0.,-1.224646799147E-16));
#6214 = DIRECTION('',(1.224646799147E-16,0.,-1.));
#6215 = DEFINITIONAL_REPRESENTATION('',(#6216),#6220);
#6216 = CIRCLE('',#6217,1.);
#6217 = AXIS2_PLACEMENT_2D('',#6218,#6219);
#6218 = CARTESIAN_POINT('',(0.,0.));
#6219 = DIRECTION('',(1.,0.));
#6220 = ( GEOMETRIC_REPRESENTATION_CONTEXT(2) 
PARAMETRIC_REPRESENTATION_CONTEXT() REPRESENTATION_CONTEXT('2D SPACE',''
  ) );
#6221 = ORIENTED_EDGE('',*,*,#6172,.T.);
#6222 = ADVANCED_FACE('',(#6223),#5890,.T.);
#6223 = FACE_BOUND('',#6224,.T.);
#6224 = EDGE_LOOP('',(#6225,#6226,#6227,#6228,#6229,#6230));
#6225 = ORIENTED_EDGE('',*,*,#6144,.T.);
#6226 = ORIENTED_EDGE('',*,*,#5872,.T.);
#6227 = ORIENTED_EDGE('',*,*,#5948,.T.);
#6228 = ORIENTED_EDGE('',*,*,#5997,.T.);
#6229 = ORIENTED_EDGE('',*,*,#6046,.T.);
#6230 = ORIENTED_EDGE('',*,*,#6095,.T.);
#6231 = ADVANCED_FACE('',(#6232),#6210,.F.);
#6232 = FACE_BOUND('',#6233,.T.);
#6233 = EDGE_LOOP('',(#6234));
#6234 = ORIENTED_EDGE('',*,*,#6195,.F.);
#6235 = ( GEOMETRIC_REPRESENTATION_CONTEXT(3) 
GLOBAL_UNCERTAINTY_ASSIGNED_CONTEXT((#6239)) 
GLOBAL_UNIT_ASSIGNED_CONTEXT((#6236,#6237,#6238)) REPRESENTATION_CONTEXT
('Context #1','3D Context with UNIT and UNCERTAINTY') );
#6236 = ( LENGTH_UNIT() NAMED_UNIT(*) SI_UNIT(.MILLI.,.METRE.) );
#6237 = ( NAMED_UNIT(*) PLANE_ANGLE_UNIT() SI_UNIT($,.RADIAN.) );
#6238 = ( NAMED_UNIT(*) SI_UNIT($,.STERADIAN.) SOLID_ANGLE_UNIT() );
#6239 = UNCERTAINTY_MEASURE_WITH_UNIT(LENGTH_MEASURE(1.E-07),#6236,
  'distance_accuracy_value','confusion accuracy');
#6240 = CONTEXT_DEPENDENT_SHAPE_REPRESENTATION(#6241,#6243);
#6241 = ( REPRESENTATION_RELATIONSHIP('','',#5568,#10) 
REPRESENTATION_RELATIONSHIP_WITH_TRANSFORMATION(#6242) 
SHAPE_REPRESENTATION_RELATIONSHIP() );
#6242 = ITEM_DEFINED_TRANSFORMATION('','',#11,#47);
#6243 = PRODUCT_DEFINITION_SHAPE('Placement','Placement of an item',
  #6244);
#6244 = NEXT_ASSEMBLY_USAGE_OCCURRENCE('57','','',#5,#5563,$);
#6245 = PRODUCT_RELATED_PRODUCT_CATEGORY('part',$,(#5565));
#6246 = SHAPE_DEFINITION_REPRESENTATION(#6247,#6253);
#6247 = PRODUCT_DEFINITION_SHAPE('','',#6248);
#6248 = PRODUCT_DEFINITION('design','',#6249,#6252);
#6249 = PRODUCT_DEFINITION_FORMATION('','',#6250);
#6250 = PRODUCT('Open CASCADE STEP translator 7.9 10.10',
  'Open CASCADE STEP translator 7.9 10.10','',(#6251));
#6251 = PRODUCT_CONTEXT('',#2,'mechanical');
#6252 = PRODUCT_DEFINITION_CONTEXT('part definition',#2,'design');
#6253 = ADVANCED_BREP_SHAPE_REPRESENTATION('',(#11,#6254),#6920);
#6254 = MANIFOLD_SOLID_BREP('',#6255);
#6255 = CLOSED_SHELL('',(#6256,#6344,#6518,#6553,#6629,#6678,#6727,#6776
    ,#6825,#6852,#6907,#6916));
#6256 = ADVANCED_FACE('',(#6257),#6270,.T.);
#6257 = FACE_BOUND('',#6258,.T.);
#6258 = EDGE_LOOP('',(#6259,#6293,#6316,#6343));
#6259 = ORIENTED_EDGE('',*,*,#6260,.F.);
#6260 = EDGE_CURVE('',#6261,#6261,#6263,.T.);
#6261 = VERTEX_POINT('',#6262);
#6262 = CARTESIAN_POINT('',(170.70356586536,-77.71729521216,
    54.564920133187));
#6263 = SURFACE_CURVE('',#6264,(#6269,#6281),.PCURVE_S1.);
#6264 = CIRCLE('',#6265,1.9);
#6265 = AXIS2_PLACEMENT_3D('',#6266,#6267,#6268);
#6266 = CARTESIAN_POINT('',(170.70356586536,-77.71729521216,
    56.464920133187));
#6267 = DIRECTION('',(-1.,0.,-1.224646799147E-16));
#6268 = DIRECTION('',(1.224646799147E-16,0.,-1.));
#6269 = PCURVE('',#6270,#6275);
#6270 = CYLINDRICAL_SURFACE('',#6271,1.9);
#6271 = AXIS2_PLACEMENT_3D('',#6272,#6273,#6274);
#6272 = CARTESIAN_POINT('',(172.70356586536,-77.71729521216,
    56.464920133187));
#6273 = DIRECTION('',(-1.,0.,-1.224646799147E-16));
#6274 = DIRECTION('',(1.224646799147E-16,0.,-1.));
#6275 = DEFINITIONAL_REPRESENTATION('',(#6276),#6280);
#6276 = LINE('',#6277,#6278);
#6277 = CARTESIAN_POINT('',(0.,2.));
#6278 = VECTOR('',#6279,1.);
#6279 = DIRECTION('',(1.,0.));
#6280 = ( GEOMETRIC_REPRESENTATION_CONTEXT(2) 
PARAMETRIC_REPRESENTATION_CONTEXT() REPRESENTATION_CONTEXT('2D SPACE',''
  ) );
#6281 = PCURVE('',#6282,#6287);
#6282 = PLANE('',#6283);
#6283 = AXIS2_PLACEMENT_3D('',#6284,#6285,#6286);
#6284 = CARTESIAN_POINT('',(170.70356586536,-77.71729521216,
    56.464920133187));
#6285 = DIRECTION('',(-1.,0.,-1.224646799147E-16));
#6286 = DIRECTION('',(1.224646799147E-16,0.,-1.));
#6287 = DEFINITIONAL_REPRESENTATION('',(#6288),#6292);
#6288 = CIRCLE('',#6289,1.9);
#6289 = AXIS2_PLACEMENT_2D('',#6290,#6291);
#6290 = CARTESIAN_POINT('',(0.,0.));
#6291 = DIRECTION('',(1.,0.));
#6292 = ( GEOMETRIC_REPRESENTATION_CONTEXT(2) 
PARAMETRIC_REPRESENTATION_CONTEXT() REPRESENTATION_CONTEXT('2D SPACE',''
  ) );
#6293 = ORIENTED_EDGE('',*,*,#6294,.F.);
#6294 = EDGE_CURVE('',#6295,#6261,#6297,.T.);
#6295 = VERTEX_POINT('',#6296);
#6296 = CARTESIAN_POINT('',(172.70356586536,-77.71729521216,
    54.564920133187));
#6297 = SEAM_CURVE('',#6298,(#6302,#6309),.PCURVE_S1.);
#6298 = LINE('',#6299,#6300);
#6299 = CARTESIAN_POINT('',(172.70356586536,-77.71729521216,
    54.564920133187));
#6300 = VECTOR('',#6301,1.);
#6301 = DIRECTION('',(-1.,0.,-1.224646799147E-16));
#6302 = PCURVE('',#6270,#6303);
#6303 = DEFINITIONAL_REPRESENTATION('',(#6304),#6308);
#6304 = LINE('',#6305,#6306);
#6305 = CARTESIAN_POINT('',(6.28318530718,-0.));
#6306 = VECTOR('',#6307,1.);
#6307 = DIRECTION('',(0.,1.));
#6308 = ( GEOMETRIC_REPRESENTATION_CONTEXT(2) 
PARAMETRIC_REPRESENTATION_CONTEXT() REPRESENTATION_CONTEXT('2D SPACE',''
  ) );
#6309 = PCURVE('',#6270,#6310);
#6310 = DEFINITIONAL_REPRESENTATION('',(#6311),#6315);
#6311 = LINE('',#6312,#6313);
#6312 = CARTESIAN_POINT('',(0.,-0.));
#6313 = VECTOR('',#6314,1.);
#6314 = DIRECTION('',(0.,1.));
#6315 = ( GEOMETRIC_REPRESENTATION_CONTEXT(2) 
PARAMETRIC_REPRESENTATION_CONTEXT() REPRESENTATION_CONTEXT('2D SPACE',''
  ) );
#6316 = ORIENTED_EDGE('',*,*,#6317,.T.);
#6317 = EDGE_CURVE('',#6295,#6295,#6318,.T.);
#6318 = SURFACE_CURVE('',#6319,(#6324,#6331),.PCURVE_S1.);
#6319 = CIRCLE('',#6320,1.9);
#6320 = AXIS2_PLACEMENT_3D('',#6321,#6322,#6323);
#6321 = CARTESIAN_POINT('',(172.70356586536,-77.71729521216,
    56.464920133187));
#6322 = DIRECTION('',(-1.,0.,-1.224646799147E-16));
#6323 = DIRECTION('',(1.224646799147E-16,0.,-1.));
#6324 = PCURVE('',#6270,#6325);
#6325 = DEFINITIONAL_REPRESENTATION('',(#6326),#6330);
#6326 = LINE('',#6327,#6328);
#6327 = CARTESIAN_POINT('',(0.,0.));
#6328 = VECTOR('',#6329,1.);
#6329 = DIRECTION('',(1.,0.));
#6330 = ( GEOMETRIC_REPRESENTATION_CONTEXT(2) 
PARAMETRIC_REPRESENTATION_CONTEXT() REPRESENTATION_CONTEXT('2D SPACE',''
  ) );
#6331 = PCURVE('',#6332,#6337);
#6332 = PLANE('',#6333);
#6333 = AXIS2_PLACEMENT_3D('',#6334,#6335,#6336);
#6334 = CARTESIAN_POINT('',(172.70356586536,-77.71729521216,
    56.464920133187));
#6335 = DIRECTION('',(-1.,0.,-1.224646799147E-16));
#6336 = DIRECTION('',(1.224646799147E-16,0.,-1.));
#6337 = DEFINITIONAL_REPRESENTATION('',(#6338),#6342);
#6338 = CIRCLE('',#6339,1.9);
#6339 = AXIS2_PLACEMENT_2D('',#6340,#6341);
#6340 = CARTESIAN_POINT('',(0.,0.));
#6341 = DIRECTION('',(1.,0.));
#6342 = ( GEOMETRIC_REPRESENTATION_CONTEXT(2) 
PARAMETRIC_REPRESENTATION_CONTEXT() REPRESENTATION_CONTEXT('2D SPACE',''
  ) );
#6343 = ORIENTED_EDGE('',*,*,#6294,.T.);
#6344 = ADVANCED_FACE('',(#6345,#6348),#6282,.T.);
#6345 = FACE_BOUND('',#6346,.T.);
#6346 = EDGE_LOOP('',(#6347));
#6347 = ORIENTED_EDGE('',*,*,#6260,.T.);
#6348 = FACE_BOUND('',#6349,.T.);
#6349 = EDGE_LOOP('',(#6350,#6380,#6408,#6436,#6464,#6492));
#6350 = ORIENTED_EDGE('',*,*,#6351,.T.);
#6351 = EDGE_CURVE('',#6352,#6354,#6356,.T.);
#6352 = VERTEX_POINT('',#6353);
#6353 = CARTESIAN_POINT('',(170.70356586536,-78.15030791406,
    55.714920133187));
#6354 = VERTEX_POINT('',#6355);
#6355 = CARTESIAN_POINT('',(170.70356586536,-77.28428251027,
    55.714920133187));
#6356 = SURFACE_CURVE('',#6357,(#6361,#6368),.PCURVE_S1.);
#6357 = LINE('',#6358,#6359);
#6358 = CARTESIAN_POINT('',(170.70356586536,-77.50078886122,
    55.714920133187));
#6359 = VECTOR('',#6360,1.);
#6360 = DIRECTION('',(-1.569966732506E-32,1.,1.281975124256E-16));
#6361 = PCURVE('',#6282,#6362);
#6362 = DEFINITIONAL_REPRESENTATION('',(#6363),#6367);
#6363 = LINE('',#6364,#6365);
#6364 = CARTESIAN_POINT('',(0.75,-0.216506350946));
#6365 = VECTOR('',#6366,1.);
#6366 = DIRECTION('',(-1.281975124256E-16,-1.));
#6367 = ( GEOMETRIC_REPRESENTATION_CONTEXT(2) 
PARAMETRIC_REPRESENTATION_CONTEXT() REPRESENTATION_CONTEXT('2D SPACE',''
  ) );
#6368 = PCURVE('',#6369,#6374);
#6369 = PLANE('',#6370);
#6370 = AXIS2_PLACEMENT_3D('',#6371,#6372,#6373);
#6371 = CARTESIAN_POINT('',(171.90356586536,-77.28428251027,
    55.714920133187));
#6372 = DIRECTION('',(-1.224646799147E-16,-1.281975124256E-16,1.));
#6373 = DIRECTION('',(1.569966732506E-32,-1.,-1.281975124256E-16));
#6374 = DEFINITIONAL_REPRESENTATION('',(#6375),#6379);
#6375 = LINE('',#6376,#6377);
#6376 = CARTESIAN_POINT('',(0.216506350946,-1.2));
#6377 = VECTOR('',#6378,1.);
#6378 = DIRECTION('',(-1.,0.));
#6379 = ( GEOMETRIC_REPRESENTATION_CONTEXT(2) 
PARAMETRIC_REPRESENTATION_CONTEXT() REPRESENTATION_CONTEXT('2D SPACE',''
  ) );
#6380 = ORIENTED_EDGE('',*,*,#6381,.T.);
#6381 = EDGE_CURVE('',#6354,#6382,#6384,.T.);
#6382 = VERTEX_POINT('',#6383);
#6383 = CARTESIAN_POINT('',(170.70356586536,-76.85126980838,
    56.464920133187));
#6384 = SURFACE_CURVE('',#6385,(#6389,#6396),.PCURVE_S1.);
#6385 = LINE('',#6386,#6387);
#6386 = CARTESIAN_POINT('',(170.70356586536,-76.95952298385,
    56.277420133187));
#6387 = VECTOR('',#6388,1.);
#6388 = DIRECTION('',(-1.060575238725E-16,0.5,0.866025403784));
#6389 = PCURVE('',#6282,#6390);
#6390 = DEFINITIONAL_REPRESENTATION('',(#6391),#6395);
#6391 = LINE('',#6392,#6393);
#6392 = CARTESIAN_POINT('',(0.1875,-0.757772228311));
#6393 = VECTOR('',#6394,1.);
#6394 = DIRECTION('',(-0.866025403784,-0.5));
#6395 = ( GEOMETRIC_REPRESENTATION_CONTEXT(2) 
PARAMETRIC_REPRESENTATION_CONTEXT() REPRESENTATION_CONTEXT('2D SPACE',''
  ) );
#6396 = PCURVE('',#6397,#6402);
#6397 = PLANE('',#6398);
#6398 = AXIS2_PLACEMENT_3D('',#6399,#6400,#6401);
#6399 = CARTESIAN_POINT('',(171.90356586536,-76.85126980838,
    56.464920133187));
#6400 = DIRECTION('',(-6.123233995737E-17,-0.866025403784,0.5));
#6401 = DIRECTION('',(1.060575238725E-16,-0.5,-0.866025403784));
#6402 = DEFINITIONAL_REPRESENTATION('',(#6403),#6407);
#6403 = LINE('',#6404,#6405);
#6404 = CARTESIAN_POINT('',(0.216506350946,-1.2));
#6405 = VECTOR('',#6406,1.);
#6406 = DIRECTION('',(-1.,0.));
#6407 = ( GEOMETRIC_REPRESENTATION_CONTEXT(2) 
PARAMETRIC_REPRESENTATION_CONTEXT() REPRESENTATION_CONTEXT('2D SPACE',''
  ) );
#6408 = ORIENTED_EDGE('',*,*,#6409,.T.);
#6409 = EDGE_CURVE('',#6382,#6410,#6412,.T.);
#6410 = VERTEX_POINT('',#6411);
#6411 = CARTESIAN_POINT('',(170.70356586536,-77.28428251027,
    57.214920133187));
#6412 = SURFACE_CURVE('',#6413,(#6417,#6424),.PCURVE_S1.);
#6413 = LINE('',#6414,#6415);
#6414 = CARTESIAN_POINT('',(170.70356586536,-77.1760293348,
    57.027420133187));
#6415 = VECTOR('',#6416,1.);
#6416 = DIRECTION('',(-1.060575238725E-16,-0.5,0.866025403784));
#6417 = PCURVE('',#6282,#6418);
#6418 = DEFINITIONAL_REPRESENTATION('',(#6419),#6423);
#6419 = LINE('',#6420,#6421);
#6420 = CARTESIAN_POINT('',(-0.5625,-0.541265877365));
#6421 = VECTOR('',#6422,1.);
#6422 = DIRECTION('',(-0.866025403784,0.5));
#6423 = ( GEOMETRIC_REPRESENTATION_CONTEXT(2) 
PARAMETRIC_REPRESENTATION_CONTEXT() REPRESENTATION_CONTEXT('2D SPACE',''
  ) );
#6424 = PCURVE('',#6425,#6430);
#6425 = PLANE('',#6426);
#6426 = AXIS2_PLACEMENT_3D('',#6427,#6428,#6429);
#6427 = CARTESIAN_POINT('',(171.90356586536,-77.28428251027,
    57.214920133187));
#6428 = DIRECTION('',(6.123233995737E-17,-0.866025403784,-0.5));
#6429 = DIRECTION('',(1.060575238725E-16,0.5,-0.866025403784));
#6430 = DEFINITIONAL_REPRESENTATION('',(#6431),#6435);
#6431 = LINE('',#6432,#6433);
#6432 = CARTESIAN_POINT('',(0.216506350946,-1.2));
#6433 = VECTOR('',#6434,1.);
#6434 = DIRECTION('',(-1.,0.));
#6435 = ( GEOMETRIC_REPRESENTATION_CONTEXT(2) 
PARAMETRIC_REPRESENTATION_CONTEXT() REPRESENTATION_CONTEXT('2D SPACE',''
  ) );
#6436 = ORIENTED_EDGE('',*,*,#6437,.T.);
#6437 = EDGE_CURVE('',#6410,#6438,#6440,.T.);
#6438 = VERTEX_POINT('',#6439);
#6439 = CARTESIAN_POINT('',(170.70356586536,-78.15030791406,
    57.214920133187));
#6440 = SURFACE_CURVE('',#6441,(#6445,#6452),.PCURVE_S1.);
#6441 = LINE('',#6442,#6443);
#6442 = CARTESIAN_POINT('',(170.70356586536,-77.93380156311,
    57.214920133187));
#6443 = VECTOR('',#6444,1.);
#6444 = DIRECTION('',(7.849833662531E-32,-1.,-6.409875621279E-16));
#6445 = PCURVE('',#6282,#6446);
#6446 = DEFINITIONAL_REPRESENTATION('',(#6447),#6451);
#6447 = LINE('',#6448,#6449);
#6448 = CARTESIAN_POINT('',(-0.75,0.216506350946));
#6449 = VECTOR('',#6450,1.);
#6450 = DIRECTION('',(6.409875621279E-16,1.));
#6451 = ( GEOMETRIC_REPRESENTATION_CONTEXT(2) 
PARAMETRIC_REPRESENTATION_CONTEXT() REPRESENTATION_CONTEXT('2D SPACE',''
  ) );
#6452 = PCURVE('',#6453,#6458);
#6453 = PLANE('',#6454);
#6454 = AXIS2_PLACEMENT_3D('',#6455,#6456,#6457);
#6455 = CARTESIAN_POINT('',(171.90356586536,-78.15030791406,
    57.214920133187));
#6456 = DIRECTION('',(1.224646799147E-16,6.409875621279E-16,-1.));
#6457 = DIRECTION('',(-7.849833662531E-32,1.,6.409875621279E-16));
#6458 = DEFINITIONAL_REPRESENTATION('',(#6459),#6463);
#6459 = LINE('',#6460,#6461);
#6460 = CARTESIAN_POINT('',(0.216506350946,-1.2));
#6461 = VECTOR('',#6462,1.);
#6462 = DIRECTION('',(-1.,0.));
#6463 = ( GEOMETRIC_REPRESENTATION_CONTEXT(2) 
PARAMETRIC_REPRESENTATION_CONTEXT() REPRESENTATION_CONTEXT('2D SPACE',''
  ) );
#6464 = ORIENTED_EDGE('',*,*,#6465,.T.);
#6465 = EDGE_CURVE('',#6438,#6466,#6468,.T.);
#6466 = VERTEX_POINT('',#6467);
#6467 = CARTESIAN_POINT('',(170.70356586536,-78.58332061595,
    56.464920133187));
#6468 = SURFACE_CURVE('',#6469,(#6473,#6480),.PCURVE_S1.);
#6469 = LINE('',#6470,#6471);
#6470 = CARTESIAN_POINT('',(170.70356586536,-78.47506744047,
    56.652420133187));
#6471 = VECTOR('',#6472,1.);
#6472 = DIRECTION('',(1.060575238725E-16,-0.5,-0.866025403784));
#6473 = PCURVE('',#6282,#6474);
#6474 = DEFINITIONAL_REPRESENTATION('',(#6475),#6479);
#6475 = LINE('',#6476,#6477);
#6476 = CARTESIAN_POINT('',(-0.1875,0.757772228311));
#6477 = VECTOR('',#6478,1.);
#6478 = DIRECTION('',(0.866025403784,0.5));
#6479 = ( GEOMETRIC_REPRESENTATION_CONTEXT(2) 
PARAMETRIC_REPRESENTATION_CONTEXT() REPRESENTATION_CONTEXT('2D SPACE',''
  ) );
#6480 = PCURVE('',#6481,#6486);
#6481 = PLANE('',#6482);
#6482 = AXIS2_PLACEMENT_3D('',#6483,#6484,#6485);
#6483 = CARTESIAN_POINT('',(171.90356586536,-78.58332061595,
    56.464920133187));
#6484 = DIRECTION('',(6.123233995737E-17,0.866025403784,-0.5));
#6485 = DIRECTION('',(-1.060575238725E-16,0.5,0.866025403784));
#6486 = DEFINITIONAL_REPRESENTATION('',(#6487),#6491);
#6487 = LINE('',#6488,#6489);
#6488 = CARTESIAN_POINT('',(0.216506350946,-1.2));
#6489 = VECTOR('',#6490,1.);
#6490 = DIRECTION('',(-1.,0.));
#6491 = ( GEOMETRIC_REPRESENTATION_CONTEXT(2) 
PARAMETRIC_REPRESENTATION_CONTEXT() REPRESENTATION_CONTEXT('2D SPACE',''
  ) );
#6492 = ORIENTED_EDGE('',*,*,#6493,.T.);
#6493 = EDGE_CURVE('',#6466,#6352,#6494,.T.);
#6494 = SURFACE_CURVE('',#6495,(#6499,#6506),.PCURVE_S1.);
#6495 = LINE('',#6496,#6497);
#6496 = CARTESIAN_POINT('',(170.70356586536,-78.25856108953,
    55.902420133187));
#6497 = VECTOR('',#6498,1.);
#6498 = DIRECTION('',(1.060575238725E-16,0.5,-0.866025403784));
#6499 = PCURVE('',#6282,#6500);
#6500 = DEFINITIONAL_REPRESENTATION('',(#6501),#6505);
#6501 = LINE('',#6502,#6503);
#6502 = CARTESIAN_POINT('',(0.5625,0.541265877365));
#6503 = VECTOR('',#6504,1.);
#6504 = DIRECTION('',(0.866025403784,-0.5));
#6505 = ( GEOMETRIC_REPRESENTATION_CONTEXT(2) 
PARAMETRIC_REPRESENTATION_CONTEXT() REPRESENTATION_CONTEXT('2D SPACE',''
  ) );
#6506 = PCURVE('',#6507,#6512);
#6507 = PLANE('',#6508);
#6508 = AXIS2_PLACEMENT_3D('',#6509,#6510,#6511);
#6509 = CARTESIAN_POINT('',(171.90356586536,-78.15030791406,
    55.714920133187));
#6510 = DIRECTION('',(-6.123233995737E-17,0.866025403784,0.5));
#6511 = DIRECTION('',(-1.060575238725E-16,-0.5,0.866025403784));
#6512 = DEFINITIONAL_REPRESENTATION('',(#6513),#6517);
#6513 = LINE('',#6514,#6515);
#6514 = CARTESIAN_POINT('',(0.216506350946,-1.2));
#6515 = VECTOR('',#6516,1.);
#6516 = DIRECTION('',(-1.,0.));
#6517 = ( GEOMETRIC_REPRESENTATION_CONTEXT(2) 
PARAMETRIC_REPRESENTATION_CONTEXT() REPRESENTATION_CONTEXT('2D SPACE',''
  ) );
#6518 = ADVANCED_FACE('',(#6519,#6522),#6332,.F.);
#6519 = FACE_BOUND('',#6520,.F.);
#6520 = EDGE_LOOP('',(#6521));
#6521 = ORIENTED_EDGE('',*,*,#6317,.T.);
#6522 = FACE_BOUND('',#6523,.F.);
#6523 = EDGE_LOOP('',(#6524));
#6524 = ORIENTED_EDGE('',*,*,#6525,.F.);
#6525 = EDGE_CURVE('',#6526,#6526,#6528,.T.);
#6526 = VERTEX_POINT('',#6527);
#6527 = CARTESIAN_POINT('',(172.70356586536,-77.71729521216,
    55.464920133187));
#6528 = SURFACE_CURVE('',#6529,(#6534,#6541),.PCURVE_S1.);
#6529 = CIRCLE('',#6530,1.);
#6530 = AXIS2_PLACEMENT_3D('',#6531,#6532,#6533);
#6531 = CARTESIAN_POINT('',(172.70356586536,-77.71729521216,
    56.464920133187));
#6532 = DIRECTION('',(-1.,0.,-1.224646799147E-16));
#6533 = DIRECTION('',(1.224646799147E-16,0.,-1.));
#6534 = PCURVE('',#6332,#6535);
#6535 = DEFINITIONAL_REPRESENTATION('',(#6536),#6540);
#6536 = CIRCLE('',#6537,1.);
#6537 = AXIS2_PLACEMENT_2D('',#6538,#6539);
#6538 = CARTESIAN_POINT('',(0.,0.));
#6539 = DIRECTION('',(1.,0.));
#6540 = ( GEOMETRIC_REPRESENTATION_CONTEXT(2) 
PARAMETRIC_REPRESENTATION_CONTEXT() REPRESENTATION_CONTEXT('2D SPACE',''
  ) );
#6541 = PCURVE('',#6542,#6547);
#6542 = CYLINDRICAL_SURFACE('',#6543,1.);
#6543 = AXIS2_PLACEMENT_3D('',#6544,#6545,#6546);
#6544 = CARTESIAN_POINT('',(180.70356586536,-77.71729521216,
    56.464920133187));
#6545 = DIRECTION('',(-1.,0.,-1.224646799147E-16));
#6546 = DIRECTION('',(1.224646799147E-16,0.,-1.));
#6547 = DEFINITIONAL_REPRESENTATION('',(#6548),#6552);
#6548 = LINE('',#6549,#6550);
#6549 = CARTESIAN_POINT('',(0.,8.));
#6550 = VECTOR('',#6551,1.);
#6551 = DIRECTION('',(1.,0.));
#6552 = ( GEOMETRIC_REPRESENTATION_CONTEXT(2) 
PARAMETRIC_REPRESENTATION_CONTEXT() REPRESENTATION_CONTEXT('2D SPACE',''
  ) );
#6553 = ADVANCED_FACE('',(#6554),#6369,.T.);
#6554 = FACE_BOUND('',#6555,.T.);
#6555 = EDGE_LOOP('',(#6556,#6586,#6607,#6608));
#6556 = ORIENTED_EDGE('',*,*,#6557,.F.);
#6557 = EDGE_CURVE('',#6558,#6560,#6562,.T.);
#6558 = VERTEX_POINT('',#6559);
#6559 = CARTESIAN_POINT('',(171.90356586536,-77.28428251027,
    55.714920133187));
#6560 = VERTEX_POINT('',#6561);
#6561 = CARTESIAN_POINT('',(171.90356586536,-78.15030791406,
    55.714920133187));
#6562 = SURFACE_CURVE('',#6563,(#6567,#6574),.PCURVE_S1.);
#6563 = LINE('',#6564,#6565);
#6564 = CARTESIAN_POINT('',(171.90356586536,-77.28428251027,
    55.714920133187));
#6565 = VECTOR('',#6566,1.);
#6566 = DIRECTION('',(1.569966732506E-32,-1.,-1.281975124256E-16));
#6567 = PCURVE('',#6369,#6568);
#6568 = DEFINITIONAL_REPRESENTATION('',(#6569),#6573);
#6569 = LINE('',#6570,#6571);
#6570 = CARTESIAN_POINT('',(0.,0.));
#6571 = VECTOR('',#6572,1.);
#6572 = DIRECTION('',(1.,0.));
#6573 = ( GEOMETRIC_REPRESENTATION_CONTEXT(2) 
PARAMETRIC_REPRESENTATION_CONTEXT() REPRESENTATION_CONTEXT('2D SPACE',''
  ) );
#6574 = PCURVE('',#6575,#6580);
#6575 = PLANE('',#6576);
#6576 = AXIS2_PLACEMENT_3D('',#6577,#6578,#6579);
#6577 = CARTESIAN_POINT('',(171.90356586536,-77.71729521216,
    56.464920133187));
#6578 = DIRECTION('',(-1.,0.,-1.224646799147E-16));
#6579 = DIRECTION('',(1.224646799147E-16,0.,-1.));
#6580 = DEFINITIONAL_REPRESENTATION('',(#6581),#6585);
#6581 = LINE('',#6582,#6583);
#6582 = CARTESIAN_POINT('',(0.75,-0.433012701892));
#6583 = VECTOR('',#6584,1.);
#6584 = DIRECTION('',(1.281975124256E-16,1.));
#6585 = ( GEOMETRIC_REPRESENTATION_CONTEXT(2) 
PARAMETRIC_REPRESENTATION_CONTEXT() REPRESENTATION_CONTEXT('2D SPACE',''
  ) );
#6586 = ORIENTED_EDGE('',*,*,#6587,.T.);
#6587 = EDGE_CURVE('',#6558,#6354,#6588,.T.);
#6588 = SURFACE_CURVE('',#6589,(#6593,#6600),.PCURVE_S1.);
#6589 = LINE('',#6590,#6591);
#6590 = CARTESIAN_POINT('',(171.90356586536,-77.28428251027,
    55.714920133187));
#6591 = VECTOR('',#6592,1.);
#6592 = DIRECTION('',(-1.,0.,-1.224646799147E-16));
#6593 = PCURVE('',#6369,#6594);
#6594 = DEFINITIONAL_REPRESENTATION('',(#6595),#6599);
#6595 = LINE('',#6596,#6597);
#6596 = CARTESIAN_POINT('',(0.,0.));
#6597 = VECTOR('',#6598,1.);
#6598 = DIRECTION('',(0.,-1.));
#6599 = ( GEOMETRIC_REPRESENTATION_CONTEXT(2) 
PARAMETRIC_REPRESENTATION_CONTEXT() REPRESENTATION_CONTEXT('2D SPACE',''
  ) );
#6600 = PCURVE('',#6397,#6601);
#6601 = DEFINITIONAL_REPRESENTATION('',(#6602),#6606);
#6602 = LINE('',#6603,#6604);
#6603 = CARTESIAN_POINT('',(0.866025403784,-9.184850993605E-17));
#6604 = VECTOR('',#6605,1.);
#6605 = DIRECTION('',(0.,-1.));
#6606 = ( GEOMETRIC_REPRESENTATION_CONTEXT(2) 
PARAMETRIC_REPRESENTATION_CONTEXT() REPRESENTATION_CONTEXT('2D SPACE',''
  ) );
#6607 = ORIENTED_EDGE('',*,*,#6351,.F.);
#6608 = ORIENTED_EDGE('',*,*,#6609,.F.);
#6609 = EDGE_CURVE('',#6560,#6352,#6610,.T.);
#6610 = SURFACE_CURVE('',#6611,(#6615,#6622),.PCURVE_S1.);
#6611 = LINE('',#6612,#6613);
#6612 = CARTESIAN_POINT('',(171.90356586536,-78.15030791406,
    55.714920133187));
#6613 = VECTOR('',#6614,1.);
#6614 = DIRECTION('',(-1.,0.,-1.224646799147E-16));
#6615 = PCURVE('',#6369,#6616);
#6616 = DEFINITIONAL_REPRESENTATION('',(#6617),#6621);
#6617 = LINE('',#6618,#6619);
#6618 = CARTESIAN_POINT('',(0.866025403784,0.));
#6619 = VECTOR('',#6620,1.);
#6620 = DIRECTION('',(0.,-1.));
#6621 = ( GEOMETRIC_REPRESENTATION_CONTEXT(2) 
PARAMETRIC_REPRESENTATION_CONTEXT() REPRESENTATION_CONTEXT('2D SPACE',''
  ) );
#6622 = PCURVE('',#6507,#6623);
#6623 = DEFINITIONAL_REPRESENTATION('',(#6624),#6628);
#6624 = LINE('',#6625,#6626);
#6625 = CARTESIAN_POINT('',(0.,0.));
#6626 = VECTOR('',#6627,1.);
#6627 = DIRECTION('',(0.,-1.));
#6628 = ( GEOMETRIC_REPRESENTATION_CONTEXT(2) 
PARAMETRIC_REPRESENTATION_CONTEXT() REPRESENTATION_CONTEXT('2D SPACE',''
  ) );
#6629 = ADVANCED_FACE('',(#6630),#6507,.T.);
#6630 = FACE_BOUND('',#6631,.T.);
#6631 = EDGE_LOOP('',(#6632,#6655,#6656,#6657));
#6632 = ORIENTED_EDGE('',*,*,#6633,.F.);
#6633 = EDGE_CURVE('',#6560,#6634,#6636,.T.);
#6634 = VERTEX_POINT('',#6635);
#6635 = CARTESIAN_POINT('',(171.90356586536,-78.58332061595,
    56.464920133187));
#6636 = SURFACE_CURVE('',#6637,(#6641,#6648),.PCURVE_S1.);
#6637 = LINE('',#6638,#6639);
#6638 = CARTESIAN_POINT('',(171.90356586536,-78.15030791406,
    55.714920133187));
#6639 = VECTOR('',#6640,1.);
#6640 = DIRECTION('',(-1.060575238725E-16,-0.5,0.866025403784));
#6641 = PCURVE('',#6507,#6642);
#6642 = DEFINITIONAL_REPRESENTATION('',(#6643),#6647);
#6643 = LINE('',#6644,#6645);
#6644 = CARTESIAN_POINT('',(0.,0.));
#6645 = VECTOR('',#6646,1.);
#6646 = DIRECTION('',(1.,0.));
#6647 = ( GEOMETRIC_REPRESENTATION_CONTEXT(2) 
PARAMETRIC_REPRESENTATION_CONTEXT() REPRESENTATION_CONTEXT('2D SPACE',''
  ) );
#6648 = PCURVE('',#6575,#6649);
#6649 = DEFINITIONAL_REPRESENTATION('',(#6650),#6654);
#6650 = LINE('',#6651,#6652);
#6651 = CARTESIAN_POINT('',(0.75,0.433012701892));
#6652 = VECTOR('',#6653,1.);
#6653 = DIRECTION('',(-0.866025403784,0.5));
#6654 = ( GEOMETRIC_REPRESENTATION_CONTEXT(2) 
PARAMETRIC_REPRESENTATION_CONTEXT() REPRESENTATION_CONTEXT('2D SPACE',''
  ) );
#6655 = ORIENTED_EDGE('',*,*,#6609,.T.);
#6656 = ORIENTED_EDGE('',*,*,#6493,.F.);
#6657 = ORIENTED_EDGE('',*,*,#6658,.F.);
#6658 = EDGE_CURVE('',#6634,#6466,#6659,.T.);
#6659 = SURFACE_CURVE('',#6660,(#6664,#6671),.PCURVE_S1.);
#6660 = LINE('',#6661,#6662);
#6661 = CARTESIAN_POINT('',(171.90356586536,-78.58332061595,
    56.464920133187));
#6662 = VECTOR('',#6663,1.);
#6663 = DIRECTION('',(-1.,0.,-1.224646799147E-16));
#6664 = PCURVE('',#6507,#6665);
#6665 = DEFINITIONAL_REPRESENTATION('',(#6666),#6670);
#6666 = LINE('',#6667,#6668);
#6667 = CARTESIAN_POINT('',(0.866025403784,9.184850993605E-17));
#6668 = VECTOR('',#6669,1.);
#6669 = DIRECTION('',(0.,-1.));
#6670 = ( GEOMETRIC_REPRESENTATION_CONTEXT(2) 
PARAMETRIC_REPRESENTATION_CONTEXT() REPRESENTATION_CONTEXT('2D SPACE',''
  ) );
#6671 = PCURVE('',#6481,#6672);
#6672 = DEFINITIONAL_REPRESENTATION('',(#6673),#6677);
#6673 = LINE('',#6674,#6675);
#6674 = CARTESIAN_POINT('',(0.,0.));
#6675 = VECTOR('',#6676,1.);
#6676 = DIRECTION('',(0.,-1.));
#6677 = ( GEOMETRIC_REPRESENTATION_CONTEXT(2) 
PARAMETRIC_REPRESENTATION_CONTEXT() REPRESENTATION_CONTEXT('2D SPACE',''
  ) );
#6678 = ADVANCED_FACE('',(#6679),#6481,.T.);
#6679 = FACE_BOUND('',#6680,.T.);
#6680 = EDGE_LOOP('',(#6681,#6704,#6705,#6706));
#6681 = ORIENTED_EDGE('',*,*,#6682,.F.);
#6682 = EDGE_CURVE('',#6634,#6683,#6685,.T.);
#6683 = VERTEX_POINT('',#6684);
#6684 = CARTESIAN_POINT('',(171.90356586536,-78.15030791406,
    57.214920133187));
#6685 = SURFACE_CURVE('',#6686,(#6690,#6697),.PCURVE_S1.);
#6686 = LINE('',#6687,#6688);
#6687 = CARTESIAN_POINT('',(171.90356586536,-78.58332061595,
    56.464920133187));
#6688 = VECTOR('',#6689,1.);
#6689 = DIRECTION('',(-1.060575238725E-16,0.5,0.866025403784));
#6690 = PCURVE('',#6481,#6691);
#6691 = DEFINITIONAL_REPRESENTATION('',(#6692),#6696);
#6692 = LINE('',#6693,#6694);
#6693 = CARTESIAN_POINT('',(0.,0.));
#6694 = VECTOR('',#6695,1.);
#6695 = DIRECTION('',(1.,0.));
#6696 = ( GEOMETRIC_REPRESENTATION_CONTEXT(2) 
PARAMETRIC_REPRESENTATION_CONTEXT() REPRESENTATION_CONTEXT('2D SPACE',''
  ) );
#6697 = PCURVE('',#6575,#6698);
#6698 = DEFINITIONAL_REPRESENTATION('',(#6699),#6703);
#6699 = LINE('',#6700,#6701);
#6700 = CARTESIAN_POINT('',(0.,0.866025403784));
#6701 = VECTOR('',#6702,1.);
#6702 = DIRECTION('',(-0.866025403784,-0.5));
#6703 = ( GEOMETRIC_REPRESENTATION_CONTEXT(2) 
PARAMETRIC_REPRESENTATION_CONTEXT() REPRESENTATION_CONTEXT('2D SPACE',''
  ) );
#6704 = ORIENTED_EDGE('',*,*,#6658,.T.);
#6705 = ORIENTED_EDGE('',*,*,#6465,.F.);
#6706 = ORIENTED_EDGE('',*,*,#6707,.F.);
#6707 = EDGE_CURVE('',#6683,#6438,#6708,.T.);
#6708 = SURFACE_CURVE('',#6709,(#6713,#6720),.PCURVE_S1.);
#6709 = LINE('',#6710,#6711);
#6710 = CARTESIAN_POINT('',(171.90356586536,-78.15030791406,
    57.214920133187));
#6711 = VECTOR('',#6712,1.);
#6712 = DIRECTION('',(-1.,0.,-1.224646799147E-16));
#6713 = PCURVE('',#6481,#6714);
#6714 = DEFINITIONAL_REPRESENTATION('',(#6715),#6719);
#6715 = LINE('',#6716,#6717);
#6716 = CARTESIAN_POINT('',(0.866025403784,9.184850993605E-17));
#6717 = VECTOR('',#6718,1.);
#6718 = DIRECTION('',(0.,-1.));
#6719 = ( GEOMETRIC_REPRESENTATION_CONTEXT(2) 
PARAMETRIC_REPRESENTATION_CONTEXT() REPRESENTATION_CONTEXT('2D SPACE',''
  ) );
#6720 = PCURVE('',#6453,#6721);
#6721 = DEFINITIONAL_REPRESENTATION('',(#6722),#6726);
#6722 = LINE('',#6723,#6724);
#6723 = CARTESIAN_POINT('',(0.,0.));
#6724 = VECTOR('',#6725,1.);
#6725 = DIRECTION('',(0.,-1.));
#6726 = ( GEOMETRIC_REPRESENTATION_CONTEXT(2) 
PARAMETRIC_REPRESENTATION_CONTEXT() REPRESENTATION_CONTEXT('2D SPACE',''
  ) );
#6727 = ADVANCED_FACE('',(#6728),#6453,.T.);
#6728 = FACE_BOUND('',#6729,.T.);
#6729 = EDGE_LOOP('',(#6730,#6753,#6754,#6755));
#6730 = ORIENTED_EDGE('',*,*,#6731,.F.);
#6731 = EDGE_CURVE('',#6683,#6732,#6734,.T.);
#6732 = VERTEX_POINT('',#6733);
#6733 = CARTESIAN_POINT('',(171.90356586536,-77.28428251027,
    57.214920133187));
#6734 = SURFACE_CURVE('',#6735,(#6739,#6746),.PCURVE_S1.);
#6735 = LINE('',#6736,#6737);
#6736 = CARTESIAN_POINT('',(171.90356586536,-78.15030791406,
    57.214920133187));
#6737 = VECTOR('',#6738,1.);
#6738 = DIRECTION('',(-7.849833662531E-32,1.,6.409875621279E-16));
#6739 = PCURVE('',#6453,#6740);
#6740 = DEFINITIONAL_REPRESENTATION('',(#6741),#6745);
#6741 = LINE('',#6742,#6743);
#6742 = CARTESIAN_POINT('',(0.,0.));
#6743 = VECTOR('',#6744,1.);
#6744 = DIRECTION('',(1.,0.));
#6745 = ( GEOMETRIC_REPRESENTATION_CONTEXT(2) 
PARAMETRIC_REPRESENTATION_CONTEXT() REPRESENTATION_CONTEXT('2D SPACE',''
  ) );
#6746 = PCURVE('',#6575,#6747);
#6747 = DEFINITIONAL_REPRESENTATION('',(#6748),#6752);
#6748 = LINE('',#6749,#6750);
#6749 = CARTESIAN_POINT('',(-0.75,0.433012701892));
#6750 = VECTOR('',#6751,1.);
#6751 = DIRECTION('',(-6.409875621279E-16,-1.));
#6752 = ( GEOMETRIC_REPRESENTATION_CONTEXT(2) 
PARAMETRIC_REPRESENTATION_CONTEXT() REPRESENTATION_CONTEXT('2D SPACE',''
  ) );
#6753 = ORIENTED_EDGE('',*,*,#6707,.T.);
#6754 = ORIENTED_EDGE('',*,*,#6437,.F.);
#6755 = ORIENTED_EDGE('',*,*,#6756,.F.);
#6756 = EDGE_CURVE('',#6732,#6410,#6757,.T.);
#6757 = SURFACE_CURVE('',#6758,(#6762,#6769),.PCURVE_S1.);
#6758 = LINE('',#6759,#6760);
#6759 = CARTESIAN_POINT('',(171.90356586536,-77.28428251027,
    57.214920133187));
#6760 = VECTOR('',#6761,1.);
#6761 = DIRECTION('',(-1.,0.,-1.224646799147E-16));
#6762 = PCURVE('',#6453,#6763);
#6763 = DEFINITIONAL_REPRESENTATION('',(#6764),#6768);
#6764 = LINE('',#6765,#6766);
#6765 = CARTESIAN_POINT('',(0.866025403784,0.));
#6766 = VECTOR('',#6767,1.);
#6767 = DIRECTION('',(0.,-1.));
#6768 = ( GEOMETRIC_REPRESENTATION_CONTEXT(2) 
PARAMETRIC_REPRESENTATION_CONTEXT() REPRESENTATION_CONTEXT('2D SPACE',''
  ) );
#6769 = PCURVE('',#6425,#6770);
#6770 = DEFINITIONAL_REPRESENTATION('',(#6771),#6775);
#6771 = LINE('',#6772,#6773);
#6772 = CARTESIAN_POINT('',(0.,0.));
#6773 = VECTOR('',#6774,1.);
#6774 = DIRECTION('',(0.,-1.));
#6775 = ( GEOMETRIC_REPRESENTATION_CONTEXT(2) 
PARAMETRIC_REPRESENTATION_CONTEXT() REPRESENTATION_CONTEXT('2D SPACE',''
  ) );
#6776 = ADVANCED_FACE('',(#6777),#6425,.T.);
#6777 = FACE_BOUND('',#6778,.T.);
#6778 = EDGE_LOOP('',(#6779,#6802,#6803,#6804));
#6779 = ORIENTED_EDGE('',*,*,#6780,.F.);
#6780 = EDGE_CURVE('',#6732,#6781,#6783,.T.);
#6781 = VERTEX_POINT('',#6782);
#6782 = CARTESIAN_POINT('',(171.90356586536,-76.85126980838,
    56.464920133187));
#6783 = SURFACE_CURVE('',#6784,(#6788,#6795),.PCURVE_S1.);
#6784 = LINE('',#6785,#6786);
#6785 = CARTESIAN_POINT('',(171.90356586536,-77.28428251027,
    57.214920133187));
#6786 = VECTOR('',#6787,1.);
#6787 = DIRECTION('',(1.060575238725E-16,0.5,-0.866025403784));
#6788 = PCURVE('',#6425,#6789);
#6789 = DEFINITIONAL_REPRESENTATION('',(#6790),#6794);
#6790 = LINE('',#6791,#6792);
#6791 = CARTESIAN_POINT('',(0.,0.));
#6792 = VECTOR('',#6793,1.);
#6793 = DIRECTION('',(1.,0.));
#6794 = ( GEOMETRIC_REPRESENTATION_CONTEXT(2) 
PARAMETRIC_REPRESENTATION_CONTEXT() REPRESENTATION_CONTEXT('2D SPACE',''
  ) );
#6795 = PCURVE('',#6575,#6796);
#6796 = DEFINITIONAL_REPRESENTATION('',(#6797),#6801);
#6797 = LINE('',#6798,#6799);
#6798 = CARTESIAN_POINT('',(-0.75,-0.433012701892));
#6799 = VECTOR('',#6800,1.);
#6800 = DIRECTION('',(0.866025403784,-0.5));
#6801 = ( GEOMETRIC_REPRESENTATION_CONTEXT(2) 
PARAMETRIC_REPRESENTATION_CONTEXT() REPRESENTATION_CONTEXT('2D SPACE',''
  ) );
#6802 = ORIENTED_EDGE('',*,*,#6756,.T.);
#6803 = ORIENTED_EDGE('',*,*,#6409,.F.);
#6804 = ORIENTED_EDGE('',*,*,#6805,.F.);
#6805 = EDGE_CURVE('',#6781,#6382,#6806,.T.);
#6806 = SURFACE_CURVE('',#6807,(#6811,#6818),.PCURVE_S1.);
#6807 = LINE('',#6808,#6809);
#6808 = CARTESIAN_POINT('',(171.90356586536,-76.85126980838,
    56.464920133187));
#6809 = VECTOR('',#6810,1.);
#6810 = DIRECTION('',(-1.,0.,-1.224646799147E-16));
#6811 = PCURVE('',#6425,#6812);
#6812 = DEFINITIONAL_REPRESENTATION('',(#6813),#6817);
#6813 = LINE('',#6814,#6815);
#6814 = CARTESIAN_POINT('',(0.866025403784,-9.184850993605E-17));
#6815 = VECTOR('',#6816,1.);
#6816 = DIRECTION('',(0.,-1.));
#6817 = ( GEOMETRIC_REPRESENTATION_CONTEXT(2) 
PARAMETRIC_REPRESENTATION_CONTEXT() REPRESENTATION_CONTEXT('2D SPACE',''
  ) );
#6818 = PCURVE('',#6397,#6819);
#6819 = DEFINITIONAL_REPRESENTATION('',(#6820),#6824);
#6820 = LINE('',#6821,#6822);
#6821 = CARTESIAN_POINT('',(0.,0.));
#6822 = VECTOR('',#6823,1.);
#6823 = DIRECTION('',(0.,-1.));
#6824 = ( GEOMETRIC_REPRESENTATION_CONTEXT(2) 
PARAMETRIC_REPRESENTATION_CONTEXT() REPRESENTATION_CONTEXT('2D SPACE',''
  ) );
#6825 = ADVANCED_FACE('',(#6826),#6397,.T.);
#6826 = FACE_BOUND('',#6827,.T.);
#6827 = EDGE_LOOP('',(#6828,#6849,#6850,#6851));
#6828 = ORIENTED_EDGE('',*,*,#6829,.F.);
#6829 = EDGE_CURVE('',#6781,#6558,#6830,.T.);
#6830 = SURFACE_CURVE('',#6831,(#6835,#6842),.PCURVE_S1.);
#6831 = LINE('',#6832,#6833);
#6832 = CARTESIAN_POINT('',(171.90356586536,-76.85126980838,
    56.464920133187));
#6833 = VECTOR('',#6834,1.);
#6834 = DIRECTION('',(1.060575238725E-16,-0.5,-0.866025403784));
#6835 = PCURVE('',#6397,#6836);
#6836 = DEFINITIONAL_REPRESENTATION('',(#6837),#6841);
#6837 = LINE('',#6838,#6839);
#6838 = CARTESIAN_POINT('',(0.,0.));
#6839 = VECTOR('',#6840,1.);
#6840 = DIRECTION('',(1.,0.));
#6841 = ( GEOMETRIC_REPRESENTATION_CONTEXT(2) 
PARAMETRIC_REPRESENTATION_CONTEXT() REPRESENTATION_CONTEXT('2D SPACE',''
  ) );
#6842 = PCURVE('',#6575,#6843);
#6843 = DEFINITIONAL_REPRESENTATION('',(#6844),#6848);
#6844 = LINE('',#6845,#6846);
#6845 = CARTESIAN_POINT('',(0.,-0.866025403784));
#6846 = VECTOR('',#6847,1.);
#6847 = DIRECTION('',(0.866025403784,0.5));
#6848 = ( GEOMETRIC_REPRESENTATION_CONTEXT(2) 
PARAMETRIC_REPRESENTATION_CONTEXT() REPRESENTATION_CONTEXT('2D SPACE',''
  ) );
#6849 = ORIENTED_EDGE('',*,*,#6805,.T.);
#6850 = ORIENTED_EDGE('',*,*,#6381,.F.);
#6851 = ORIENTED_EDGE('',*,*,#6587,.F.);
#6852 = ADVANCED_FACE('',(#6853),#6542,.T.);
#6853 = FACE_BOUND('',#6854,.T.);
#6854 = EDGE_LOOP('',(#6855,#6856,#6879,#6906));
#6855 = ORIENTED_EDGE('',*,*,#6525,.F.);
#6856 = ORIENTED_EDGE('',*,*,#6857,.F.);
#6857 = EDGE_CURVE('',#6858,#6526,#6860,.T.);
#6858 = VERTEX_POINT('',#6859);
#6859 = CARTESIAN_POINT('',(180.70356586536,-77.71729521216,
    55.464920133187));
#6860 = SEAM_CURVE('',#6861,(#6865,#6872),.PCURVE_S1.);
#6861 = LINE('',#6862,#6863);
#6862 = CARTESIAN_POINT('',(180.70356586536,-77.71729521216,
    55.464920133187));
#6863 = VECTOR('',#6864,1.);
#6864 = DIRECTION('',(-1.,0.,-1.224646799147E-16));
#6865 = PCURVE('',#6542,#6866);
#6866 = DEFINITIONAL_REPRESENTATION('',(#6867),#6871);
#6867 = LINE('',#6868,#6869);
#6868 = CARTESIAN_POINT('',(6.28318530718,-0.));
#6869 = VECTOR('',#6870,1.);
#6870 = DIRECTION('',(0.,1.));
#6871 = ( GEOMETRIC_REPRESENTATION_CONTEXT(2) 
PARAMETRIC_REPRESENTATION_CONTEXT() REPRESENTATION_CONTEXT('2D SPACE',''
  ) );
#6872 = PCURVE('',#6542,#6873);
#6873 = DEFINITIONAL_REPRESENTATION('',(#6874),#6878);
#6874 = LINE('',#6875,#6876);
#6875 = CARTESIAN_POINT('',(0.,-0.));
#6876 = VECTOR('',#6877,1.);
#6877 = DIRECTION('',(0.,1.));
#6878 = ( GEOMETRIC_REPRESENTATION_CONTEXT(2) 
PARAMETRIC_REPRESENTATION_CONTEXT() REPRESENTATION_CONTEXT('2D SPACE',''
  ) );
#6879 = ORIENTED_EDGE('',*,*,#6880,.T.);
#6880 = EDGE_CURVE('',#6858,#6858,#6881,.T.);
#6881 = SURFACE_CURVE('',#6882,(#6887,#6894),.PCURVE_S1.);
#6882 = CIRCLE('',#6883,1.);
#6883 = AXIS2_PLACEMENT_3D('',#6884,#6885,#6886);
#6884 = CARTESIAN_POINT('',(180.70356586536,-77.71729521216,
    56.464920133187));
#6885 = DIRECTION('',(-1.,0.,-1.224646799147E-16));
#6886 = DIRECTION('',(1.224646799147E-16,0.,-1.));
#6887 = PCURVE('',#6542,#6888);
#6888 = DEFINITIONAL_REPRESENTATION('',(#6889),#6893);
#6889 = LINE('',#6890,#6891);
#6890 = CARTESIAN_POINT('',(0.,0.));
#6891 = VECTOR('',#6892,1.);
#6892 = DIRECTION('',(1.,0.));
#6893 = ( GEOMETRIC_REPRESENTATION_CONTEXT(2) 
PARAMETRIC_REPRESENTATION_CONTEXT() REPRESENTATION_CONTEXT('2D SPACE',''
  ) );
#6894 = PCURVE('',#6895,#6900);
#6895 = PLANE('',#6896);
#6896 = AXIS2_PLACEMENT_3D('',#6897,#6898,#6899);
#6897 = CARTESIAN_POINT('',(180.70356586536,-77.71729521216,
    56.464920133187));
#6898 = DIRECTION('',(-1.,0.,-1.224646799147E-16));
#6899 = DIRECTION('',(1.224646799147E-16,0.,-1.));
#6900 = DEFINITIONAL_REPRESENTATION('',(#6901),#6905);
#6901 = CIRCLE('',#6902,1.);
#6902 = AXIS2_PLACEMENT_2D('',#6903,#6904);
#6903 = CARTESIAN_POINT('',(0.,0.));
#6904 = DIRECTION('',(1.,0.));
#6905 = ( GEOMETRIC_REPRESENTATION_CONTEXT(2) 
PARAMETRIC_REPRESENTATION_CONTEXT() REPRESENTATION_CONTEXT('2D SPACE',''
  ) );
#6906 = ORIENTED_EDGE('',*,*,#6857,.T.);
#6907 = ADVANCED_FACE('',(#6908),#6575,.T.);
#6908 = FACE_BOUND('',#6909,.T.);
#6909 = EDGE_LOOP('',(#6910,#6911,#6912,#6913,#6914,#6915));
#6910 = ORIENTED_EDGE('',*,*,#6829,.T.);
#6911 = ORIENTED_EDGE('',*,*,#6557,.T.);
#6912 = ORIENTED_EDGE('',*,*,#6633,.T.);
#6913 = ORIENTED_EDGE('',*,*,#6682,.T.);
#6914 = ORIENTED_EDGE('',*,*,#6731,.T.);
#6915 = ORIENTED_EDGE('',*,*,#6780,.T.);
#6916 = ADVANCED_FACE('',(#6917),#6895,.F.);
#6917 = FACE_BOUND('',#6918,.T.);
#6918 = EDGE_LOOP('',(#6919));
#6919 = ORIENTED_EDGE('',*,*,#6880,.F.);
#6920 = ( GEOMETRIC_REPRESENTATION_CONTEXT(3) 
GLOBAL_UNCERTAINTY_ASSIGNED_CONTEXT((#6924)) 
GLOBAL_UNIT_ASSIGNED_CONTEXT((#6921,#6922,#6923)) REPRESENTATION_CONTEXT
('Context #1','3D Context with UNIT and UNCERTAINTY') );
#6921 = ( LENGTH_UNIT() NAMED_UNIT(*) SI_UNIT(.MILLI.,.METRE.) );
#6922 = ( NAMED_UNIT(*) PLANE_ANGLE_UNIT() SI_UNIT($,.RADIAN.) );
#6923 = ( NAMED_UNIT(*) SI_UNIT($,.STERADIAN.) SOLID_ANGLE_UNIT() );
#6924 = UNCERTAINTY_MEASURE_WITH_UNIT(LENGTH_MEASURE(1.E-07),#6921,
  'distance_accuracy_value','confusion accuracy');
#6925 = CONTEXT_DEPENDENT_SHAPE_REPRESENTATION(#6926,#6928);
#6926 = ( REPRESENTATION_RELATIONSHIP('','',#6253,#10) 
REPRESENTATION_RELATIONSHIP_WITH_TRANSFORMATION(#6927) 
SHAPE_REPRESENTATION_RELATIONSHIP() );
#6927 = ITEM_DEFINED_TRANSFORMATION('','',#11,#51);
#6928 = PRODUCT_DEFINITION_SHAPE('Placement','Placement of an item',
  #6929);
#6929 = NEXT_ASSEMBLY_USAGE_OCCURRENCE('58','','',#5,#6248,$);
#6930 = PRODUCT_RELATED_PRODUCT_CATEGORY('part',$,(#6250));
#6931 = SHAPE_DEFINITION_REPRESENTATION(#6932,#6938);
#6932 = PRODUCT_DEFINITION_SHAPE('','',#6933);
#6933 = PRODUCT_DEFINITION('design','',#6934,#6937);
#6934 = PRODUCT_DEFINITION_FORMATION('','',#6935);
#6935 = PRODUCT('Open CASCADE STEP translator 7.9 10.11',
  'Open CASCADE STEP translator 7.9 10.11','',(#6936));
#6936 = PRODUCT_CONTEXT('',#2,'mechanical');
#6937 = PRODUCT_DEFINITION_CONTEXT('part definition',#2,'design');
#6938 = ADVANCED_BREP_SHAPE_REPRESENTATION('',(#11,#6939),#7605);
#6939 = MANIFOLD_SOLID_BREP('',#6940);
#6940 = CLOSED_SHELL('',(#6941,#7029,#7203,#7238,#7314,#7363,#7412,#7461
    ,#7510,#7537,#7592,#7601));
#6941 = ADVANCED_FACE('',(#6942),#6955,.T.);
#6942 = FACE_BOUND('',#6943,.T.);
#6943 = EDGE_LOOP('',(#6944,#6978,#7001,#7028));
#6944 = ORIENTED_EDGE('',*,*,#6945,.F.);
#6945 = EDGE_CURVE('',#6946,#6946,#6948,.T.);
#6946 = VERTEX_POINT('',#6947);
#6947 = CARTESIAN_POINT('',(170.70356586536,-48.03192995482,
    81.293743067354));
#6948 = SURFACE_CURVE('',#6949,(#6954,#6966),.PCURVE_S1.);
#6949 = CIRCLE('',#6950,1.9);
#6950 = AXIS2_PLACEMENT_3D('',#6951,#6952,#6953);
#6951 = CARTESIAN_POINT('',(170.70356586536,-48.03192995482,
    83.193743067354));
#6952 = DIRECTION('',(-1.,0.,-1.224646799147E-16));
#6953 = DIRECTION('',(1.224646799147E-16,0.,-1.));
#6954 = PCURVE('',#6955,#6960);
#6955 = CYLINDRICAL_SURFACE('',#6956,1.9);
#6956 = AXIS2_PLACEMENT_3D('',#6957,#6958,#6959);
#6957 = CARTESIAN_POINT('',(172.70356586536,-48.03192995482,
    83.193743067354));
#6958 = DIRECTION('',(-1.,0.,-1.224646799147E-16));
#6959 = DIRECTION('',(1.224646799147E-16,0.,-1.));
#6960 = DEFINITIONAL_REPRESENTATION('',(#6961),#6965);
#6961 = LINE('',#6962,#6963);
#6962 = CARTESIAN_POINT('',(0.,2.));
#6963 = VECTOR('',#6964,1.);
#6964 = DIRECTION('',(1.,0.));
#6965 = ( GEOMETRIC_REPRESENTATION_CONTEXT(2) 
PARAMETRIC_REPRESENTATION_CONTEXT() REPRESENTATION_CONTEXT('2D SPACE',''
  ) );
#6966 = PCURVE('',#6967,#6972);
#6967 = PLANE('',#6968);
#6968 = AXIS2_PLACEMENT_3D('',#6969,#6970,#6971);
#6969 = CARTESIAN_POINT('',(170.70356586536,-48.03192995482,
    83.193743067354));
#6970 = DIRECTION('',(-1.,0.,-1.224646799147E-16));
#6971 = DIRECTION('',(1.224646799147E-16,0.,-1.));
#6972 = DEFINITIONAL_REPRESENTATION('',(#6973),#6977);
#6973 = CIRCLE('',#6974,1.9);
#6974 = AXIS2_PLACEMENT_2D('',#6975,#6976);
#6975 = CARTESIAN_POINT('',(0.,0.));
#6976 = DIRECTION('',(1.,0.));
#6977 = ( GEOMETRIC_REPRESENTATION_CONTEXT(2) 
PARAMETRIC_REPRESENTATION_CONTEXT() REPRESENTATION_CONTEXT('2D SPACE',''
  ) );
#6978 = ORIENTED_EDGE('',*,*,#6979,.F.);
#6979 = EDGE_CURVE('',#6980,#6946,#6982,.T.);
#6980 = VERTEX_POINT('',#6981);
#6981 = CARTESIAN_POINT('',(172.70356586536,-48.03192995482,
    81.293743067354));
#6982 = SEAM_CURVE('',#6983,(#6987,#6994),.PCURVE_S1.);
#6983 = LINE('',#6984,#6985);
#6984 = CARTESIAN_POINT('',(172.70356586536,-48.03192995482,
    81.293743067354));
#6985 = VECTOR('',#6986,1.);
#6986 = DIRECTION('',(-1.,0.,-1.224646799147E-16));
#6987 = PCURVE('',#6955,#6988);
#6988 = DEFINITIONAL_REPRESENTATION('',(#6989),#6993);
#6989 = LINE('',#6990,#6991);
#6990 = CARTESIAN_POINT('',(6.28318530718,-0.));
#6991 = VECTOR('',#6992,1.);
#6992 = DIRECTION('',(0.,1.));
#6993 = ( GEOMETRIC_REPRESENTATION_CONTEXT(2) 
PARAMETRIC_REPRESENTATION_CONTEXT() REPRESENTATION_CONTEXT('2D SPACE',''
  ) );
#6994 = PCURVE('',#6955,#6995);
#6995 = DEFINITIONAL_REPRESENTATION('',(#6996),#7000);
#6996 = LINE('',#6997,#6998);
#6997 = CARTESIAN_POINT('',(0.,-0.));
#6998 = VECTOR('',#6999,1.);
#6999 = DIRECTION('',(0.,1.));
#7000 = ( GEOMETRIC_REPRESENTATION_CONTEXT(2) 
PARAMETRIC_REPRESENTATION_CONTEXT() REPRESENTATION_CONTEXT('2D SPACE',''
  ) );
#7001 = ORIENTED_EDGE('',*,*,#7002,.T.);
#7002 = EDGE_CURVE('',#6980,#6980,#7003,.T.);
#7003 = SURFACE_CURVE('',#7004,(#7009,#7016),.PCURVE_S1.);
#7004 = CIRCLE('',#7005,1.9);
#7005 = AXIS2_PLACEMENT_3D('',#7006,#7007,#7008);
#7006 = CARTESIAN_POINT('',(172.70356586536,-48.03192995482,
    83.193743067354));
#7007 = DIRECTION('',(-1.,0.,-1.224646799147E-16));
#7008 = DIRECTION('',(1.224646799147E-16,0.,-1.));
#7009 = PCURVE('',#6955,#7010);
#7010 = DEFINITIONAL_REPRESENTATION('',(#7011),#7015);
#7011 = LINE('',#7012,#7013);
#7012 = CARTESIAN_POINT('',(0.,0.));
#7013 = VECTOR('',#7014,1.);
#7014 = DIRECTION('',(1.,0.));
#7015 = ( GEOMETRIC_REPRESENTATION_CONTEXT(2) 
PARAMETRIC_REPRESENTATION_CONTEXT() REPRESENTATION_CONTEXT('2D SPACE',''
  ) );
#7016 = PCURVE('',#7017,#7022);
#7017 = PLANE('',#7018);
#7018 = AXIS2_PLACEMENT_3D('',#7019,#7020,#7021);
#7019 = CARTESIAN_POINT('',(172.70356586536,-48.03192995482,
    83.193743067354));
#7020 = DIRECTION('',(-1.,0.,-1.224646799147E-16));
#7021 = DIRECTION('',(1.224646799147E-16,0.,-1.));
#7022 = DEFINITIONAL_REPRESENTATION('',(#7023),#7027);
#7023 = CIRCLE('',#7024,1.9);
#7024 = AXIS2_PLACEMENT_2D('',#7025,#7026);
#7025 = CARTESIAN_POINT('',(0.,0.));
#7026 = DIRECTION('',(1.,0.));
#7027 = ( GEOMETRIC_REPRESENTATION_CONTEXT(2) 
PARAMETRIC_REPRESENTATION_CONTEXT() REPRESENTATION_CONTEXT('2D SPACE',''
  ) );
#7028 = ORIENTED_EDGE('',*,*,#6979,.T.);
#7029 = ADVANCED_FACE('',(#7030,#7033),#6967,.T.);
#7030 = FACE_BOUND('',#7031,.T.);
#7031 = EDGE_LOOP('',(#7032));
#7032 = ORIENTED_EDGE('',*,*,#6945,.T.);
#7033 = FACE_BOUND('',#7034,.T.);
#7034 = EDGE_LOOP('',(#7035,#7065,#7093,#7121,#7149,#7177));
#7035 = ORIENTED_EDGE('',*,*,#7036,.T.);
#7036 = EDGE_CURVE('',#7037,#7039,#7041,.T.);
#7037 = VERTEX_POINT('',#7038);
#7038 = CARTESIAN_POINT('',(170.70356586536,-48.46494265672,
    82.443743067354));
#7039 = VERTEX_POINT('',#7040);
#7040 = CARTESIAN_POINT('',(170.70356586536,-47.59891725293,
    82.443743067354));
#7041 = SURFACE_CURVE('',#7042,(#7046,#7053),.PCURVE_S1.);
#7042 = LINE('',#7043,#7044);
#7043 = CARTESIAN_POINT('',(170.70356586536,-47.81542360388,
    82.443743067354));
#7044 = VECTOR('',#7045,1.);
#7045 = DIRECTION('',(-1.569966732506E-32,1.,1.281975124256E-16));
#7046 = PCURVE('',#6967,#7047);
#7047 = DEFINITIONAL_REPRESENTATION('',(#7048),#7052);
#7048 = LINE('',#7049,#7050);
#7049 = CARTESIAN_POINT('',(0.75,-0.216506350946));
#7050 = VECTOR('',#7051,1.);
#7051 = DIRECTION('',(-1.281975124256E-16,-1.));
#7052 = ( GEOMETRIC_REPRESENTATION_CONTEXT(2) 
PARAMETRIC_REPRESENTATION_CONTEXT() REPRESENTATION_CONTEXT('2D SPACE',''
  ) );
#7053 = PCURVE('',#7054,#7059);
#7054 = PLANE('',#7055);
#7055 = AXIS2_PLACEMENT_3D('',#7056,#7057,#7058);
#7056 = CARTESIAN_POINT('',(171.90356586536,-47.59891725293,
    82.443743067354));
#7057 = DIRECTION('',(-1.224646799147E-16,-1.281975124256E-16,1.));
#7058 = DIRECTION('',(1.569966732506E-32,-1.,-1.281975124256E-16));
#7059 = DEFINITIONAL_REPRESENTATION('',(#7060),#7064);
#7060 = LINE('',#7061,#7062);
#7061 = CARTESIAN_POINT('',(0.216506350946,-1.2));
#7062 = VECTOR('',#7063,1.);
#7063 = DIRECTION('',(-1.,0.));
#7064 = ( GEOMETRIC_REPRESENTATION_CONTEXT(2) 
PARAMETRIC_REPRESENTATION_CONTEXT() REPRESENTATION_CONTEXT('2D SPACE',''
  ) );
#7065 = ORIENTED_EDGE('',*,*,#7066,.T.);
#7066 = EDGE_CURVE('',#7039,#7067,#7069,.T.);
#7067 = VERTEX_POINT('',#7068);
#7068 = CARTESIAN_POINT('',(170.70356586536,-47.16590455104,
    83.193743067354));
#7069 = SURFACE_CURVE('',#7070,(#7074,#7081),.PCURVE_S1.);
#7070 = LINE('',#7071,#7072);
#7071 = CARTESIAN_POINT('',(170.70356586536,-47.27415772651,
    83.006243067354));
#7072 = VECTOR('',#7073,1.);
#7073 = DIRECTION('',(-1.060575238725E-16,0.5,0.866025403784));
#7074 = PCURVE('',#6967,#7075);
#7075 = DEFINITIONAL_REPRESENTATION('',(#7076),#7080);
#7076 = LINE('',#7077,#7078);
#7077 = CARTESIAN_POINT('',(0.1875,-0.757772228311));
#7078 = VECTOR('',#7079,1.);
#7079 = DIRECTION('',(-0.866025403784,-0.5));
#7080 = ( GEOMETRIC_REPRESENTATION_CONTEXT(2) 
PARAMETRIC_REPRESENTATION_CONTEXT() REPRESENTATION_CONTEXT('2D SPACE',''
  ) );
#7081 = PCURVE('',#7082,#7087);
#7082 = PLANE('',#7083);
#7083 = AXIS2_PLACEMENT_3D('',#7084,#7085,#7086);
#7084 = CARTESIAN_POINT('',(171.90356586536,-47.16590455104,
    83.193743067354));
#7085 = DIRECTION('',(-6.123233995737E-17,-0.866025403784,0.5));
#7086 = DIRECTION('',(1.060575238725E-16,-0.5,-0.866025403784));
#7087 = DEFINITIONAL_REPRESENTATION('',(#7088),#7092);
#7088 = LINE('',#7089,#7090);
#7089 = CARTESIAN_POINT('',(0.216506350946,-1.2));
#7090 = VECTOR('',#7091,1.);
#7091 = DIRECTION('',(-1.,0.));
#7092 = ( GEOMETRIC_REPRESENTATION_CONTEXT(2) 
PARAMETRIC_REPRESENTATION_CONTEXT() REPRESENTATION_CONTEXT('2D SPACE',''
  ) );
#7093 = ORIENTED_EDGE('',*,*,#7094,.T.);
#7094 = EDGE_CURVE('',#7067,#7095,#7097,.T.);
#7095 = VERTEX_POINT('',#7096);
#7096 = CARTESIAN_POINT('',(170.70356586536,-47.59891725293,
    83.943743067354));
#7097 = SURFACE_CURVE('',#7098,(#7102,#7109),.PCURVE_S1.);
#7098 = LINE('',#7099,#7100);
#7099 = CARTESIAN_POINT('',(170.70356586536,-47.49066407746,
    83.756243067354));
#7100 = VECTOR('',#7101,1.);
#7101 = DIRECTION('',(-1.060575238725E-16,-0.5,0.866025403784));
#7102 = PCURVE('',#6967,#7103);
#7103 = DEFINITIONAL_REPRESENTATION('',(#7104),#7108);
#7104 = LINE('',#7105,#7106);
#7105 = CARTESIAN_POINT('',(-0.5625,-0.541265877365));
#7106 = VECTOR('',#7107,1.);
#7107 = DIRECTION('',(-0.866025403784,0.5));
#7108 = ( GEOMETRIC_REPRESENTATION_CONTEXT(2) 
PARAMETRIC_REPRESENTATION_CONTEXT() REPRESENTATION_CONTEXT('2D SPACE',''
  ) );
#7109 = PCURVE('',#7110,#7115);
#7110 = PLANE('',#7111);
#7111 = AXIS2_PLACEMENT_3D('',#7112,#7113,#7114);
#7112 = CARTESIAN_POINT('',(171.90356586536,-47.59891725293,
    83.943743067354));
#7113 = DIRECTION('',(6.123233995737E-17,-0.866025403784,-0.5));
#7114 = DIRECTION('',(1.060575238725E-16,0.5,-0.866025403784));
#7115 = DEFINITIONAL_REPRESENTATION('',(#7116),#7120);
#7116 = LINE('',#7117,#7118);
#7117 = CARTESIAN_POINT('',(0.216506350946,-1.2));
#7118 = VECTOR('',#7119,1.);
#7119 = DIRECTION('',(-1.,0.));
#7120 = ( GEOMETRIC_REPRESENTATION_CONTEXT(2) 
PARAMETRIC_REPRESENTATION_CONTEXT() REPRESENTATION_CONTEXT('2D SPACE',''
  ) );
#7121 = ORIENTED_EDGE('',*,*,#7122,.T.);
#7122 = EDGE_CURVE('',#7095,#7123,#7125,.T.);
#7123 = VERTEX_POINT('',#7124);
#7124 = CARTESIAN_POINT('',(170.70356586536,-48.46494265672,
    83.943743067354));
#7125 = SURFACE_CURVE('',#7126,(#7130,#7137),.PCURVE_S1.);
#7126 = LINE('',#7127,#7128);
#7127 = CARTESIAN_POINT('',(170.70356586536,-48.24843630577,
    83.943743067354));
#7128 = VECTOR('',#7129,1.);
#7129 = DIRECTION('',(7.849833662531E-32,-1.,-6.409875621279E-16));
#7130 = PCURVE('',#6967,#7131);
#7131 = DEFINITIONAL_REPRESENTATION('',(#7132),#7136);
#7132 = LINE('',#7133,#7134);
#7133 = CARTESIAN_POINT('',(-0.75,0.216506350946));
#7134 = VECTOR('',#7135,1.);
#7135 = DIRECTION('',(6.409875621279E-16,1.));
#7136 = ( GEOMETRIC_REPRESENTATION_CONTEXT(2) 
PARAMETRIC_REPRESENTATION_CONTEXT() REPRESENTATION_CONTEXT('2D SPACE',''
  ) );
#7137 = PCURVE('',#7138,#7143);
#7138 = PLANE('',#7139);
#7139 = AXIS2_PLACEMENT_3D('',#7140,#7141,#7142);
#7140 = CARTESIAN_POINT('',(171.90356586536,-48.46494265672,
    83.943743067354));
#7141 = DIRECTION('',(1.224646799147E-16,6.409875621279E-16,-1.));
#7142 = DIRECTION('',(-7.849833662531E-32,1.,6.409875621279E-16));
#7143 = DEFINITIONAL_REPRESENTATION('',(#7144),#7148);
#7144 = LINE('',#7145,#7146);
#7145 = CARTESIAN_POINT('',(0.216506350946,-1.2));
#7146 = VECTOR('',#7147,1.);
#7147 = DIRECTION('',(-1.,0.));
#7148 = ( GEOMETRIC_REPRESENTATION_CONTEXT(2) 
PARAMETRIC_REPRESENTATION_CONTEXT() REPRESENTATION_CONTEXT('2D SPACE',''
  ) );
#7149 = ORIENTED_EDGE('',*,*,#7150,.T.);
#7150 = EDGE_CURVE('',#7123,#7151,#7153,.T.);
#7151 = VERTEX_POINT('',#7152);
#7152 = CARTESIAN_POINT('',(170.70356586536,-48.89795535861,
    83.193743067354));
#7153 = SURFACE_CURVE('',#7154,(#7158,#7165),.PCURVE_S1.);
#7154 = LINE('',#7155,#7156);
#7155 = CARTESIAN_POINT('',(170.70356586536,-48.78970218314,
    83.381243067354));
#7156 = VECTOR('',#7157,1.);
#7157 = DIRECTION('',(1.060575238725E-16,-0.5,-0.866025403784));
#7158 = PCURVE('',#6967,#7159);
#7159 = DEFINITIONAL_REPRESENTATION('',(#7160),#7164);
#7160 = LINE('',#7161,#7162);
#7161 = CARTESIAN_POINT('',(-0.1875,0.757772228311));
#7162 = VECTOR('',#7163,1.);
#7163 = DIRECTION('',(0.866025403784,0.5));
#7164 = ( GEOMETRIC_REPRESENTATION_CONTEXT(2) 
PARAMETRIC_REPRESENTATION_CONTEXT() REPRESENTATION_CONTEXT('2D SPACE',''
  ) );
#7165 = PCURVE('',#7166,#7171);
#7166 = PLANE('',#7167);
#7167 = AXIS2_PLACEMENT_3D('',#7168,#7169,#7170);
#7168 = CARTESIAN_POINT('',(171.90356586536,-48.89795535861,
    83.193743067354));
#7169 = DIRECTION('',(6.123233995737E-17,0.866025403784,-0.5));
#7170 = DIRECTION('',(-1.060575238725E-16,0.5,0.866025403784));
#7171 = DEFINITIONAL_REPRESENTATION('',(#7172),#7176);
#7172 = LINE('',#7173,#7174);
#7173 = CARTESIAN_POINT('',(0.216506350946,-1.2));
#7174 = VECTOR('',#7175,1.);
#7175 = DIRECTION('',(-1.,0.));
#7176 = ( GEOMETRIC_REPRESENTATION_CONTEXT(2) 
PARAMETRIC_REPRESENTATION_CONTEXT() REPRESENTATION_CONTEXT('2D SPACE',''
  ) );
#7177 = ORIENTED_EDGE('',*,*,#7178,.T.);
#7178 = EDGE_CURVE('',#7151,#7037,#7179,.T.);
#7179 = SURFACE_CURVE('',#7180,(#7184,#7191),.PCURVE_S1.);
#7180 = LINE('',#7181,#7182);
#7181 = CARTESIAN_POINT('',(170.70356586536,-48.57319583219,
    82.631243067354));
#7182 = VECTOR('',#7183,1.);
#7183 = DIRECTION('',(1.060575238725E-16,0.5,-0.866025403784));
#7184 = PCURVE('',#6967,#7185);
#7185 = DEFINITIONAL_REPRESENTATION('',(#7186),#7190);
#7186 = LINE('',#7187,#7188);
#7187 = CARTESIAN_POINT('',(0.5625,0.541265877365));
#7188 = VECTOR('',#7189,1.);
#7189 = DIRECTION('',(0.866025403784,-0.5));
#7190 = ( GEOMETRIC_REPRESENTATION_CONTEXT(2) 
PARAMETRIC_REPRESENTATION_CONTEXT() REPRESENTATION_CONTEXT('2D SPACE',''
  ) );
#7191 = PCURVE('',#7192,#7197);
#7192 = PLANE('',#7193);
#7193 = AXIS2_PLACEMENT_3D('',#7194,#7195,#7196);
#7194 = CARTESIAN_POINT('',(171.90356586536,-48.46494265672,
    82.443743067354));
#7195 = DIRECTION('',(-6.123233995737E-17,0.866025403784,0.5));
#7196 = DIRECTION('',(-1.060575238725E-16,-0.5,0.866025403784));
#7197 = DEFINITIONAL_REPRESENTATION('',(#7198),#7202);
#7198 = LINE('',#7199,#7200);
#7199 = CARTESIAN_POINT('',(0.216506350946,-1.2));
#7200 = VECTOR('',#7201,1.);
#7201 = DIRECTION('',(-1.,0.));
#7202 = ( GEOMETRIC_REPRESENTATION_CONTEXT(2) 
PARAMETRIC_REPRESENTATION_CONTEXT() REPRESENTATION_CONTEXT('2D SPACE',''
  ) );
#7203 = ADVANCED_FACE('',(#7204,#7207),#7017,.F.);
#7204 = FACE_BOUND('',#7205,.F.);
#7205 = EDGE_LOOP('',(#7206));
#7206 = ORIENTED_EDGE('',*,*,#7002,.T.);
#7207 = FACE_BOUND('',#7208,.F.);
#7208 = EDGE_LOOP('',(#7209));
#7209 = ORIENTED_EDGE('',*,*,#7210,.F.);
#7210 = EDGE_CURVE('',#7211,#7211,#7213,.T.);
#7211 = VERTEX_POINT('',#7212);
#7212 = CARTESIAN_POINT('',(172.70356586536,-48.03192995482,
    82.193743067354));
#7213 = SURFACE_CURVE('',#7214,(#7219,#7226),.PCURVE_S1.);
#7214 = CIRCLE('',#7215,1.);
#7215 = AXIS2_PLACEMENT_3D('',#7216,#7217,#7218);
#7216 = CARTESIAN_POINT('',(172.70356586536,-48.03192995482,
    83.193743067354));
#7217 = DIRECTION('',(-1.,0.,-1.224646799147E-16));
#7218 = DIRECTION('',(1.224646799147E-16,0.,-1.));
#7219 = PCURVE('',#7017,#7220);
#7220 = DEFINITIONAL_REPRESENTATION('',(#7221),#7225);
#7221 = CIRCLE('',#7222,1.);
#7222 = AXIS2_PLACEMENT_2D('',#7223,#7224);
#7223 = CARTESIAN_POINT('',(0.,0.));
#7224 = DIRECTION('',(1.,0.));
#7225 = ( GEOMETRIC_REPRESENTATION_CONTEXT(2) 
PARAMETRIC_REPRESENTATION_CONTEXT() REPRESENTATION_CONTEXT('2D SPACE',''
  ) );
#7226 = PCURVE('',#7227,#7232);
#7227 = CYLINDRICAL_SURFACE('',#7228,1.);
#7228 = AXIS2_PLACEMENT_3D('',#7229,#7230,#7231);
#7229 = CARTESIAN_POINT('',(180.70356586536,-48.03192995482,
    83.193743067354));
#7230 = DIRECTION('',(-1.,0.,-1.224646799147E-16));
#7231 = DIRECTION('',(1.224646799147E-16,0.,-1.));
#7232 = DEFINITIONAL_REPRESENTATION('',(#7233),#7237);
#7233 = LINE('',#7234,#7235);
#7234 = CARTESIAN_POINT('',(0.,8.));
#7235 = VECTOR('',#7236,1.);
#7236 = DIRECTION('',(1.,0.));
#7237 = ( GEOMETRIC_REPRESENTATION_CONTEXT(2) 
PARAMETRIC_REPRESENTATION_CONTEXT() REPRESENTATION_CONTEXT('2D SPACE',''
  ) );
#7238 = ADVANCED_FACE('',(#7239),#7054,.T.);
#7239 = FACE_BOUND('',#7240,.T.);
#7240 = EDGE_LOOP('',(#7241,#7271,#7292,#7293));
#7241 = ORIENTED_EDGE('',*,*,#7242,.F.);
#7242 = EDGE_CURVE('',#7243,#7245,#7247,.T.);
#7243 = VERTEX_POINT('',#7244);
#7244 = CARTESIAN_POINT('',(171.90356586536,-47.59891725293,
    82.443743067354));
#7245 = VERTEX_POINT('',#7246);
#7246 = CARTESIAN_POINT('',(171.90356586536,-48.46494265672,
    82.443743067354));
#7247 = SURFACE_CURVE('',#7248,(#7252,#7259),.PCURVE_S1.);
#7248 = LINE('',#7249,#7250);
#7249 = CARTESIAN_POINT('',(171.90356586536,-47.59891725293,
    82.443743067354));
#7250 = VECTOR('',#7251,1.);
#7251 = DIRECTION('',(1.569966732506E-32,-1.,-1.281975124256E-16));
#7252 = PCURVE('',#7054,#7253);
#7253 = DEFINITIONAL_REPRESENTATION('',(#7254),#7258);
#7254 = LINE('',#7255,#7256);
#7255 = CARTESIAN_POINT('',(0.,0.));
#7256 = VECTOR('',#7257,1.);
#7257 = DIRECTION('',(1.,0.));
#7258 = ( GEOMETRIC_REPRESENTATION_CONTEXT(2) 
PARAMETRIC_REPRESENTATION_CONTEXT() REPRESENTATION_CONTEXT('2D SPACE',''
  ) );
#7259 = PCURVE('',#7260,#7265);
#7260 = PLANE('',#7261);
#7261 = AXIS2_PLACEMENT_3D('',#7262,#7263,#7264);
#7262 = CARTESIAN_POINT('',(171.90356586536,-48.03192995482,
    83.193743067354));
#7263 = DIRECTION('',(-1.,0.,-1.224646799147E-16));
#7264 = DIRECTION('',(1.224646799147E-16,0.,-1.));
#7265 = DEFINITIONAL_REPRESENTATION('',(#7266),#7270);
#7266 = LINE('',#7267,#7268);
#7267 = CARTESIAN_POINT('',(0.75,-0.433012701892));
#7268 = VECTOR('',#7269,1.);
#7269 = DIRECTION('',(1.281975124256E-16,1.));
#7270 = ( GEOMETRIC_REPRESENTATION_CONTEXT(2) 
PARAMETRIC_REPRESENTATION_CONTEXT() REPRESENTATION_CONTEXT('2D SPACE',''
  ) );
#7271 = ORIENTED_EDGE('',*,*,#7272,.T.);
#7272 = EDGE_CURVE('',#7243,#7039,#7273,.T.);
#7273 = SURFACE_CURVE('',#7274,(#7278,#7285),.PCURVE_S1.);
#7274 = LINE('',#7275,#7276);
#7275 = CARTESIAN_POINT('',(171.90356586536,-47.59891725293,
    82.443743067354));
#7276 = VECTOR('',#7277,1.);
#7277 = DIRECTION('',(-1.,0.,-1.224646799147E-16));
#7278 = PCURVE('',#7054,#7279);
#7279 = DEFINITIONAL_REPRESENTATION('',(#7280),#7284);
#7280 = LINE('',#7281,#7282);
#7281 = CARTESIAN_POINT('',(0.,0.));
#7282 = VECTOR('',#7283,1.);
#7283 = DIRECTION('',(0.,-1.));
#7284 = ( GEOMETRIC_REPRESENTATION_CONTEXT(2) 
PARAMETRIC_REPRESENTATION_CONTEXT() REPRESENTATION_CONTEXT('2D SPACE',''
  ) );
#7285 = PCURVE('',#7082,#7286);
#7286 = DEFINITIONAL_REPRESENTATION('',(#7287),#7291);
#7287 = LINE('',#7288,#7289);
#7288 = CARTESIAN_POINT('',(0.866025403784,-9.184850993605E-17));
#7289 = VECTOR('',#7290,1.);
#7290 = DIRECTION('',(0.,-1.));
#7291 = ( GEOMETRIC_REPRESENTATION_CONTEXT(2) 
PARAMETRIC_REPRESENTATION_CONTEXT() REPRESENTATION_CONTEXT('2D SPACE',''
  ) );
#7292 = ORIENTED_EDGE('',*,*,#7036,.F.);
#7293 = ORIENTED_EDGE('',*,*,#7294,.F.);
#7294 = EDGE_CURVE('',#7245,#7037,#7295,.T.);
#7295 = SURFACE_CURVE('',#7296,(#7300,#7307),.PCURVE_S1.);
#7296 = LINE('',#7297,#7298);
#7297 = CARTESIAN_POINT('',(171.90356586536,-48.46494265672,
    82.443743067354));
#7298 = VECTOR('',#7299,1.);
#7299 = DIRECTION('',(-1.,0.,-1.224646799147E-16));
#7300 = PCURVE('',#7054,#7301);
#7301 = DEFINITIONAL_REPRESENTATION('',(#7302),#7306);
#7302 = LINE('',#7303,#7304);
#7303 = CARTESIAN_POINT('',(0.866025403784,0.));
#7304 = VECTOR('',#7305,1.);
#7305 = DIRECTION('',(0.,-1.));
#7306 = ( GEOMETRIC_REPRESENTATION_CONTEXT(2) 
PARAMETRIC_REPRESENTATION_CONTEXT() REPRESENTATION_CONTEXT('2D SPACE',''
  ) );
#7307 = PCURVE('',#7192,#7308);
#7308 = DEFINITIONAL_REPRESENTATION('',(#7309),#7313);
#7309 = LINE('',#7310,#7311);
#7310 = CARTESIAN_POINT('',(0.,0.));
#7311 = VECTOR('',#7312,1.);
#7312 = DIRECTION('',(0.,-1.));
#7313 = ( GEOMETRIC_REPRESENTATION_CONTEXT(2) 
PARAMETRIC_REPRESENTATION_CONTEXT() REPRESENTATION_CONTEXT('2D SPACE',''
  ) );
#7314 = ADVANCED_FACE('',(#7315),#7192,.T.);
#7315 = FACE_BOUND('',#7316,.T.);
#7316 = EDGE_LOOP('',(#7317,#7340,#7341,#7342));
#7317 = ORIENTED_EDGE('',*,*,#7318,.F.);
#7318 = EDGE_CURVE('',#7245,#7319,#7321,.T.);
#7319 = VERTEX_POINT('',#7320);
#7320 = CARTESIAN_POINT('',(171.90356586536,-48.89795535861,
    83.193743067354));
#7321 = SURFACE_CURVE('',#7322,(#7326,#7333),.PCURVE_S1.);
#7322 = LINE('',#7323,#7324);
#7323 = CARTESIAN_POINT('',(171.90356586536,-48.46494265672,
    82.443743067354));
#7324 = VECTOR('',#7325,1.);
#7325 = DIRECTION('',(-1.060575238725E-16,-0.5,0.866025403784));
#7326 = PCURVE('',#7192,#7327);
#7327 = DEFINITIONAL_REPRESENTATION('',(#7328),#7332);
#7328 = LINE('',#7329,#7330);
#7329 = CARTESIAN_POINT('',(0.,0.));
#7330 = VECTOR('',#7331,1.);
#7331 = DIRECTION('',(1.,0.));
#7332 = ( GEOMETRIC_REPRESENTATION_CONTEXT(2) 
PARAMETRIC_REPRESENTATION_CONTEXT() REPRESENTATION_CONTEXT('2D SPACE',''
  ) );
#7333 = PCURVE('',#7260,#7334);
#7334 = DEFINITIONAL_REPRESENTATION('',(#7335),#7339);
#7335 = LINE('',#7336,#7337);
#7336 = CARTESIAN_POINT('',(0.75,0.433012701892));
#7337 = VECTOR('',#7338,1.);
#7338 = DIRECTION('',(-0.866025403784,0.5));
#7339 = ( GEOMETRIC_REPRESENTATION_CONTEXT(2) 
PARAMETRIC_REPRESENTATION_CONTEXT() REPRESENTATION_CONTEXT('2D SPACE',''
  ) );
#7340 = ORIENTED_EDGE('',*,*,#7294,.T.);
#7341 = ORIENTED_EDGE('',*,*,#7178,.F.);
#7342 = ORIENTED_EDGE('',*,*,#7343,.F.);
#7343 = EDGE_CURVE('',#7319,#7151,#7344,.T.);
#7344 = SURFACE_CURVE('',#7345,(#7349,#7356),.PCURVE_S1.);
#7345 = LINE('',#7346,#7347);
#7346 = CARTESIAN_POINT('',(171.90356586536,-48.89795535861,
    83.193743067354));
#7347 = VECTOR('',#7348,1.);
#7348 = DIRECTION('',(-1.,0.,-1.224646799147E-16));
#7349 = PCURVE('',#7192,#7350);
#7350 = DEFINITIONAL_REPRESENTATION('',(#7351),#7355);
#7351 = LINE('',#7352,#7353);
#7352 = CARTESIAN_POINT('',(0.866025403784,9.184850993605E-17));
#7353 = VECTOR('',#7354,1.);
#7354 = DIRECTION('',(0.,-1.));
#7355 = ( GEOMETRIC_REPRESENTATION_CONTEXT(2) 
PARAMETRIC_REPRESENTATION_CONTEXT() REPRESENTATION_CONTEXT('2D SPACE',''
  ) );
#7356 = PCURVE('',#7166,#7357);
#7357 = DEFINITIONAL_REPRESENTATION('',(#7358),#7362);
#7358 = LINE('',#7359,#7360);
#7359 = CARTESIAN_POINT('',(0.,0.));
#7360 = VECTOR('',#7361,1.);
#7361 = DIRECTION('',(0.,-1.));
#7362 = ( GEOMETRIC_REPRESENTATION_CONTEXT(2) 
PARAMETRIC_REPRESENTATION_CONTEXT() REPRESENTATION_CONTEXT('2D SPACE',''
  ) );
#7363 = ADVANCED_FACE('',(#7364),#7166,.T.);
#7364 = FACE_BOUND('',#7365,.T.);
#7365 = EDGE_LOOP('',(#7366,#7389,#7390,#7391));
#7366 = ORIENTED_EDGE('',*,*,#7367,.F.);
#7367 = EDGE_CURVE('',#7319,#7368,#7370,.T.);
#7368 = VERTEX_POINT('',#7369);
#7369 = CARTESIAN_POINT('',(171.90356586536,-48.46494265672,
    83.943743067354));
#7370 = SURFACE_CURVE('',#7371,(#7375,#7382),.PCURVE_S1.);
#7371 = LINE('',#7372,#7373);
#7372 = CARTESIAN_POINT('',(171.90356586536,-48.89795535861,
    83.193743067354));
#7373 = VECTOR('',#7374,1.);
#7374 = DIRECTION('',(-1.060575238725E-16,0.5,0.866025403784));
#7375 = PCURVE('',#7166,#7376);
#7376 = DEFINITIONAL_REPRESENTATION('',(#7377),#7381);
#7377 = LINE('',#7378,#7379);
#7378 = CARTESIAN_POINT('',(0.,0.));
#7379 = VECTOR('',#7380,1.);
#7380 = DIRECTION('',(1.,0.));
#7381 = ( GEOMETRIC_REPRESENTATION_CONTEXT(2) 
PARAMETRIC_REPRESENTATION_CONTEXT() REPRESENTATION_CONTEXT('2D SPACE',''
  ) );
#7382 = PCURVE('',#7260,#7383);
#7383 = DEFINITIONAL_REPRESENTATION('',(#7384),#7388);
#7384 = LINE('',#7385,#7386);
#7385 = CARTESIAN_POINT('',(0.,0.866025403784));
#7386 = VECTOR('',#7387,1.);
#7387 = DIRECTION('',(-0.866025403784,-0.5));
#7388 = ( GEOMETRIC_REPRESENTATION_CONTEXT(2) 
PARAMETRIC_REPRESENTATION_CONTEXT() REPRESENTATION_CONTEXT('2D SPACE',''
  ) );
#7389 = ORIENTED_EDGE('',*,*,#7343,.T.);
#7390 = ORIENTED_EDGE('',*,*,#7150,.F.);
#7391 = ORIENTED_EDGE('',*,*,#7392,.F.);
#7392 = EDGE_CURVE('',#7368,#7123,#7393,.T.);
#7393 = SURFACE_CURVE('',#7394,(#7398,#7405),.PCURVE_S1.);
#7394 = LINE('',#7395,#7396);
#7395 = CARTESIAN_POINT('',(171.90356586536,-48.46494265672,
    83.943743067354));
#7396 = VECTOR('',#7397,1.);
#7397 = DIRECTION('',(-1.,0.,-1.224646799147E-16));
#7398 = PCURVE('',#7166,#7399);
#7399 = DEFINITIONAL_REPRESENTATION('',(#7400),#7404);
#7400 = LINE('',#7401,#7402);
#7401 = CARTESIAN_POINT('',(0.866025403784,9.184850993605E-17));
#7402 = VECTOR('',#7403,1.);
#7403 = DIRECTION('',(0.,-1.));
#7404 = ( GEOMETRIC_REPRESENTATION_CONTEXT(2) 
PARAMETRIC_REPRESENTATION_CONTEXT() REPRESENTATION_CONTEXT('2D SPACE',''
  ) );
#7405 = PCURVE('',#7138,#7406);
#7406 = DEFINITIONAL_REPRESENTATION('',(#7407),#7411);
#7407 = LINE('',#7408,#7409);
#7408 = CARTESIAN_POINT('',(0.,0.));
#7409 = VECTOR('',#7410,1.);
#7410 = DIRECTION('',(0.,-1.));
#7411 = ( GEOMETRIC_REPRESENTATION_CONTEXT(2) 
PARAMETRIC_REPRESENTATION_CONTEXT() REPRESENTATION_CONTEXT('2D SPACE',''
  ) );
#7412 = ADVANCED_FACE('',(#7413),#7138,.T.);
#7413 = FACE_BOUND('',#7414,.T.);
#7414 = EDGE_LOOP('',(#7415,#7438,#7439,#7440));
#7415 = ORIENTED_EDGE('',*,*,#7416,.F.);
#7416 = EDGE_CURVE('',#7368,#7417,#7419,.T.);
#7417 = VERTEX_POINT('',#7418);
#7418 = CARTESIAN_POINT('',(171.90356586536,-47.59891725293,
    83.943743067354));
#7419 = SURFACE_CURVE('',#7420,(#7424,#7431),.PCURVE_S1.);
#7420 = LINE('',#7421,#7422);
#7421 = CARTESIAN_POINT('',(171.90356586536,-48.46494265672,
    83.943743067354));
#7422 = VECTOR('',#7423,1.);
#7423 = DIRECTION('',(-7.849833662531E-32,1.,6.409875621279E-16));
#7424 = PCURVE('',#7138,#7425);
#7425 = DEFINITIONAL_REPRESENTATION('',(#7426),#7430);
#7426 = LINE('',#7427,#7428);
#7427 = CARTESIAN_POINT('',(0.,0.));
#7428 = VECTOR('',#7429,1.);
#7429 = DIRECTION('',(1.,0.));
#7430 = ( GEOMETRIC_REPRESENTATION_CONTEXT(2) 
PARAMETRIC_REPRESENTATION_CONTEXT() REPRESENTATION_CONTEXT('2D SPACE',''
  ) );
#7431 = PCURVE('',#7260,#7432);
#7432 = DEFINITIONAL_REPRESENTATION('',(#7433),#7437);
#7433 = LINE('',#7434,#7435);
#7434 = CARTESIAN_POINT('',(-0.75,0.433012701892));
#7435 = VECTOR('',#7436,1.);
#7436 = DIRECTION('',(-6.409875621279E-16,-1.));
#7437 = ( GEOMETRIC_REPRESENTATION_CONTEXT(2) 
PARAMETRIC_REPRESENTATION_CONTEXT() REPRESENTATION_CONTEXT('2D SPACE',''
  ) );
#7438 = ORIENTED_EDGE('',*,*,#7392,.T.);
#7439 = ORIENTED_EDGE('',*,*,#7122,.F.);
#7440 = ORIENTED_EDGE('',*,*,#7441,.F.);
#7441 = EDGE_CURVE('',#7417,#7095,#7442,.T.);
#7442 = SURFACE_CURVE('',#7443,(#7447,#7454),.PCURVE_S1.);
#7443 = LINE('',#7444,#7445);
#7444 = CARTESIAN_POINT('',(171.90356586536,-47.59891725293,
    83.943743067354));
#7445 = VECTOR('',#7446,1.);
#7446 = DIRECTION('',(-1.,0.,-1.224646799147E-16));
#7447 = PCURVE('',#7138,#7448);
#7448 = DEFINITIONAL_REPRESENTATION('',(#7449),#7453);
#7449 = LINE('',#7450,#7451);
#7450 = CARTESIAN_POINT('',(0.866025403784,0.));
#7451 = VECTOR('',#7452,1.);
#7452 = DIRECTION('',(0.,-1.));
#7453 = ( GEOMETRIC_REPRESENTATION_CONTEXT(2) 
PARAMETRIC_REPRESENTATION_CONTEXT() REPRESENTATION_CONTEXT('2D SPACE',''
  ) );
#7454 = PCURVE('',#7110,#7455);
#7455 = DEFINITIONAL_REPRESENTATION('',(#7456),#7460);
#7456 = LINE('',#7457,#7458);
#7457 = CARTESIAN_POINT('',(0.,0.));
#7458 = VECTOR('',#7459,1.);
#7459 = DIRECTION('',(0.,-1.));
#7460 = ( GEOMETRIC_REPRESENTATION_CONTEXT(2) 
PARAMETRIC_REPRESENTATION_CONTEXT() REPRESENTATION_CONTEXT('2D SPACE',''
  ) );
#7461 = ADVANCED_FACE('',(#7462),#7110,.T.);
#7462 = FACE_BOUND('',#7463,.T.);
#7463 = EDGE_LOOP('',(#7464,#7487,#7488,#7489));
#7464 = ORIENTED_EDGE('',*,*,#7465,.F.);
#7465 = EDGE_CURVE('',#7417,#7466,#7468,.T.);
#7466 = VERTEX_POINT('',#7467);
#7467 = CARTESIAN_POINT('',(171.90356586536,-47.16590455104,
    83.193743067354));
#7468 = SURFACE_CURVE('',#7469,(#7473,#7480),.PCURVE_S1.);
#7469 = LINE('',#7470,#7471);
#7470 = CARTESIAN_POINT('',(171.90356586536,-47.59891725293,
    83.943743067354));
#7471 = VECTOR('',#7472,1.);
#7472 = DIRECTION('',(1.060575238725E-16,0.5,-0.866025403784));
#7473 = PCURVE('',#7110,#7474);
#7474 = DEFINITIONAL_REPRESENTATION('',(#7475),#7479);
#7475 = LINE('',#7476,#7477);
#7476 = CARTESIAN_POINT('',(0.,0.));
#7477 = VECTOR('',#7478,1.);
#7478 = DIRECTION('',(1.,0.));
#7479 = ( GEOMETRIC_REPRESENTATION_CONTEXT(2) 
PARAMETRIC_REPRESENTATION_CONTEXT() REPRESENTATION_CONTEXT('2D SPACE',''
  ) );
#7480 = PCURVE('',#7260,#7481);
#7481 = DEFINITIONAL_REPRESENTATION('',(#7482),#7486);
#7482 = LINE('',#7483,#7484);
#7483 = CARTESIAN_POINT('',(-0.75,-0.433012701892));
#7484 = VECTOR('',#7485,1.);
#7485 = DIRECTION('',(0.866025403784,-0.5));
#7486 = ( GEOMETRIC_REPRESENTATION_CONTEXT(2) 
PARAMETRIC_REPRESENTATION_CONTEXT() REPRESENTATION_CONTEXT('2D SPACE',''
  ) );
#7487 = ORIENTED_EDGE('',*,*,#7441,.T.);
#7488 = ORIENTED_EDGE('',*,*,#7094,.F.);
#7489 = ORIENTED_EDGE('',*,*,#7490,.F.);
#7490 = EDGE_CURVE('',#7466,#7067,#7491,.T.);
#7491 = SURFACE_CURVE('',#7492,(#7496,#7503),.PCURVE_S1.);
#7492 = LINE('',#7493,#7494);
#7493 = CARTESIAN_POINT('',(171.90356586536,-47.16590455104,
    83.193743067354));
#7494 = VECTOR('',#7495,1.);
#7495 = DIRECTION('',(-1.,0.,-1.224646799147E-16));
#7496 = PCURVE('',#7110,#7497);
#7497 = DEFINITIONAL_REPRESENTATION('',(#7498),#7502);
#7498 = LINE('',#7499,#7500);
#7499 = CARTESIAN_POINT('',(0.866025403784,-9.184850993605E-17));
#7500 = VECTOR('',#7501,1.);
#7501 = DIRECTION('',(0.,-1.));
#7502 = ( GEOMETRIC_REPRESENTATION_CONTEXT(2) 
PARAMETRIC_REPRESENTATION_CONTEXT() REPRESENTATION_CONTEXT('2D SPACE',''
  ) );
#7503 = PCURVE('',#7082,#7504);
#7504 = DEFINITIONAL_REPRESENTATION('',(#7505),#7509);
#7505 = LINE('',#7506,#7507);
#7506 = CARTESIAN_POINT('',(0.,0.));
#7507 = VECTOR('',#7508,1.);
#7508 = DIRECTION('',(0.,-1.));
#7509 = ( GEOMETRIC_REPRESENTATION_CONTEXT(2) 
PARAMETRIC_REPRESENTATION_CONTEXT() REPRESENTATION_CONTEXT('2D SPACE',''
  ) );
#7510 = ADVANCED_FACE('',(#7511),#7082,.T.);
#7511 = FACE_BOUND('',#7512,.T.);
#7512 = EDGE_LOOP('',(#7513,#7534,#7535,#7536));
#7513 = ORIENTED_EDGE('',*,*,#7514,.F.);
#7514 = EDGE_CURVE('',#7466,#7243,#7515,.T.);
#7515 = SURFACE_CURVE('',#7516,(#7520,#7527),.PCURVE_S1.);
#7516 = LINE('',#7517,#7518);
#7517 = CARTESIAN_POINT('',(171.90356586536,-47.16590455104,
    83.193743067354));
#7518 = VECTOR('',#7519,1.);
#7519 = DIRECTION('',(1.060575238725E-16,-0.5,-0.866025403784));
#7520 = PCURVE('',#7082,#7521);
#7521 = DEFINITIONAL_REPRESENTATION('',(#7522),#7526);
#7522 = LINE('',#7523,#7524);
#7523 = CARTESIAN_POINT('',(0.,0.));
#7524 = VECTOR('',#7525,1.);
#7525 = DIRECTION('',(1.,0.));
#7526 = ( GEOMETRIC_REPRESENTATION_CONTEXT(2) 
PARAMETRIC_REPRESENTATION_CONTEXT() REPRESENTATION_CONTEXT('2D SPACE',''
  ) );
#7527 = PCURVE('',#7260,#7528);
#7528 = DEFINITIONAL_REPRESENTATION('',(#7529),#7533);
#7529 = LINE('',#7530,#7531);
#7530 = CARTESIAN_POINT('',(0.,-0.866025403784));
#7531 = VECTOR('',#7532,1.);
#7532 = DIRECTION('',(0.866025403784,0.5));
#7533 = ( GEOMETRIC_REPRESENTATION_CONTEXT(2) 
PARAMETRIC_REPRESENTATION_CONTEXT() REPRESENTATION_CONTEXT('2D SPACE',''
  ) );
#7534 = ORIENTED_EDGE('',*,*,#7490,.T.);
#7535 = ORIENTED_EDGE('',*,*,#7066,.F.);
#7536 = ORIENTED_EDGE('',*,*,#7272,.F.);
#7537 = ADVANCED_FACE('',(#7538),#7227,.T.);
#7538 = FACE_BOUND('',#7539,.T.);
#7539 = EDGE_LOOP('',(#7540,#7541,#7564,#7591));
#7540 = ORIENTED_EDGE('',*,*,#7210,.F.);
#7541 = ORIENTED_EDGE('',*,*,#7542,.F.);
#7542 = EDGE_CURVE('',#7543,#7211,#7545,.T.);
#7543 = VERTEX_POINT('',#7544);
#7544 = CARTESIAN_POINT('',(180.70356586536,-48.03192995482,
    82.193743067354));
#7545 = SEAM_CURVE('',#7546,(#7550,#7557),.PCURVE_S1.);
#7546 = LINE('',#7547,#7548);
#7547 = CARTESIAN_POINT('',(180.70356586536,-48.03192995482,
    82.193743067354));
#7548 = VECTOR('',#7549,1.);
#7549 = DIRECTION('',(-1.,0.,-1.224646799147E-16));
#7550 = PCURVE('',#7227,#7551);
#7551 = DEFINITIONAL_REPRESENTATION('',(#7552),#7556);
#7552 = LINE('',#7553,#7554);
#7553 = CARTESIAN_POINT('',(6.28318530718,-0.));
#7554 = VECTOR('',#7555,1.);
#7555 = DIRECTION('',(0.,1.));
#7556 = ( GEOMETRIC_REPRESENTATION_CONTEXT(2) 
PARAMETRIC_REPRESENTATION_CONTEXT() REPRESENTATION_CONTEXT('2D SPACE',''
  ) );
#7557 = PCURVE('',#7227,#7558);
#7558 = DEFINITIONAL_REPRESENTATION('',(#7559),#7563);
#7559 = LINE('',#7560,#7561);
#7560 = CARTESIAN_POINT('',(0.,-0.));
#7561 = VECTOR('',#7562,1.);
#7562 = DIRECTION('',(0.,1.));
#7563 = ( GEOMETRIC_REPRESENTATION_CONTEXT(2) 
PARAMETRIC_REPRESENTATION_CONTEXT() REPRESENTATION_CONTEXT('2D SPACE',''
  ) );
#7564 = ORIENTED_EDGE('',*,*,#7565,.T.);
#7565 = EDGE_CURVE('',#7543,#7543,#7566,.T.);
#7566 = SURFACE_CURVE('',#7567,(#7572,#7579),.PCURVE_S1.);
#7567 = CIRCLE('',#7568,1.);
#7568 = AXIS2_PLACEMENT_3D('',#7569,#7570,#7571);
#7569 = CARTESIAN_POINT('',(180.70356586536,-48.03192995482,
    83.193743067354));
#7570 = DIRECTION('',(-1.,0.,-1.224646799147E-16));
#7571 = DIRECTION('',(1.224646799147E-16,0.,-1.));
#7572 = PCURVE('',#7227,#7573);
#7573 = DEFINITIONAL_REPRESENTATION('',(#7574),#7578);
#7574 = LINE('',#7575,#7576);
#7575 = CARTESIAN_POINT('',(0.,0.));
#7576 = VECTOR('',#7577,1.);
#7577 = DIRECTION('',(1.,0.));
#7578 = ( GEOMETRIC_REPRESENTATION_CONTEXT(2) 
PARAMETRIC_REPRESENTATION_CONTEXT() REPRESENTATION_CONTEXT('2D SPACE',''
  ) );
#7579 = PCURVE('',#7580,#7585);
#7580 = PLANE('',#7581);
#7581 = AXIS2_PLACEMENT_3D('',#7582,#7583,#7584);
#7582 = CARTESIAN_POINT('',(180.70356586536,-48.03192995482,
    83.193743067354));
#7583 = DIRECTION('',(-1.,0.,-1.224646799147E-16));
#7584 = DIRECTION('',(1.224646799147E-16,0.,-1.));
#7585 = DEFINITIONAL_REPRESENTATION('',(#7586),#7590);
#7586 = CIRCLE('',#7587,1.);
#7587 = AXIS2_PLACEMENT_2D('',#7588,#7589);
#7588 = CARTESIAN_POINT('',(0.,0.));
#7589 = DIRECTION('',(1.,0.));
#7590 = ( GEOMETRIC_REPRESENTATION_CONTEXT(2) 
PARAMETRIC_REPRESENTATION_CONTEXT() REPRESENTATION_CONTEXT('2D SPACE',''
  ) );
#7591 = ORIENTED_EDGE('',*,*,#7542,.T.);
#7592 = ADVANCED_FACE('',(#7593),#7260,.T.);
#7593 = FACE_BOUND('',#7594,.T.);
#7594 = EDGE_LOOP('',(#7595,#7596,#7597,#7598,#7599,#7600));
#7595 = ORIENTED_EDGE('',*,*,#7514,.T.);
#7596 = ORIENTED_EDGE('',*,*,#7242,.T.);
#7597 = ORIENTED_EDGE('',*,*,#7318,.T.);
#7598 = ORIENTED_EDGE('',*,*,#7367,.T.);
#7599 = ORIENTED_EDGE('',*,*,#7416,.T.);
#7600 = ORIENTED_EDGE('',*,*,#7465,.T.);
#7601 = ADVANCED_FACE('',(#7602),#7580,.F.);
#7602 = FACE_BOUND('',#7603,.T.);
#7603 = EDGE_LOOP('',(#7604));
#7604 = ORIENTED_EDGE('',*,*,#7565,.F.);
#7605 = ( GEOMETRIC_REPRESENTATION_CONTEXT(3) 
GLOBAL_UNCERTAINTY_ASSIGNED_CONTEXT((#7609)) 
GLOBAL_UNIT_ASSIGNED_CONTEXT((#7606,#7607,#7608)) REPRESENTATION_CONTEXT
('Context #1','3D Context with UNIT and UNCERTAINTY') );
#7606 = ( LENGTH_UNIT() NAMED_UNIT(*) SI_UNIT(.MILLI.,.METRE.) );
#7607 = ( NAMED_UNIT(*) PLANE_ANGLE_UNIT() SI_UNIT($,.RADIAN.) );
#7608 = ( NAMED_UNIT(*) SI_UNIT($,.STERADIAN.) SOLID_ANGLE_UNIT() );
#7609 = UNCERTAINTY_MEASURE_WITH_UNIT(LENGTH_MEASURE(1.E-07),#7606,
  'distance_accuracy_value','confusion accuracy');
#7610 = CONTEXT_DEPENDENT_SHAPE_REPRESENTATION(#7611,#7613);
#7611 = ( REPRESENTATION_RELATIONSHIP('','',#6938,#10) 
REPRESENTATION_RELATIONSHIP_WITH_TRANSFORMATION(#7612) 
SHAPE_REPRESENTATION_RELATIONSHIP() );
#7612 = ITEM_DEFINED_TRANSFORMATION('','',#11,#55);
#7613 = PRODUCT_DEFINITION_SHAPE('Placement','Placement of an item',
  #7614);
#7614 = NEXT_ASSEMBLY_USAGE_OCCURRENCE('59','','',#5,#6933,$);
#7615 = PRODUCT_RELATED_PRODUCT_CATEGORY('part',$,(#6935));
#7616 = SHAPE_DEFINITION_REPRESENTATION(#7617,#7623);
#7617 = PRODUCT_DEFINITION_SHAPE('','',#7618);
#7618 = PRODUCT_DEFINITION('design','',#7619,#7622);
#7619 = PRODUCT_DEFINITION_FORMATION('','',#7620);
#7620 = PRODUCT('Open CASCADE STEP translator 7.9 10.12',
  'Open CASCADE STEP translator 7.9 10.12','',(#7621));
#7621 = PRODUCT_CONTEXT('',#2,'mechanical');
#7622 = PRODUCT_DEFINITION_CONTEXT('part definition',#2,'design');
#7623 = ADVANCED_BREP_SHAPE_REPRESENTATION('',(#11,#7624),#8290);
#7624 = MANIFOLD_SOLID_BREP('',#7625);
#7625 = CLOSED_SHELL('',(#7626,#7714,#7888,#7923,#7999,#8048,#8097,#8146
    ,#8195,#8222,#8277,#8286));
#7626 = ADVANCED_FACE('',(#7627),#7640,.T.);
#7627 = FACE_BOUND('',#7628,.T.);
#7628 = EDGE_LOOP('',(#7629,#7663,#7686,#7713));
#7629 = ORIENTED_EDGE('',*,*,#7630,.F.);
#7630 = EDGE_CURVE('',#7631,#7631,#7633,.T.);
#7631 = VERTEX_POINT('',#7632);
#7632 = CARTESIAN_POINT('',(170.70356586536,-10.04140765191,
    93.637612033746));
#7633 = SURFACE_CURVE('',#7634,(#7639,#7651),.PCURVE_S1.);
#7634 = CIRCLE('',#7635,1.9);
#7635 = AXIS2_PLACEMENT_3D('',#7636,#7637,#7638);
#7636 = CARTESIAN_POINT('',(170.70356586536,-10.04140765191,
    95.537612033746));
#7637 = DIRECTION('',(-1.,0.,-1.224646799147E-16));
#7638 = DIRECTION('',(1.224646799147E-16,0.,-1.));
#7639 = PCURVE('',#7640,#7645);
#7640 = CYLINDRICAL_SURFACE('',#7641,1.9);
#7641 = AXIS2_PLACEMENT_3D('',#7642,#7643,#7644);
#7642 = CARTESIAN_POINT('',(172.70356586536,-10.04140765191,
    95.537612033746));
#7643 = DIRECTION('',(-1.,0.,-1.224646799147E-16));
#7644 = DIRECTION('',(1.224646799147E-16,0.,-1.));
#7645 = DEFINITIONAL_REPRESENTATION('',(#7646),#7650);
#7646 = LINE('',#7647,#7648);
#7647 = CARTESIAN_POINT('',(0.,2.));
#7648 = VECTOR('',#7649,1.);
#7649 = DIRECTION('',(1.,0.));
#7650 = ( GEOMETRIC_REPRESENTATION_CONTEXT(2) 
PARAMETRIC_REPRESENTATION_CONTEXT() REPRESENTATION_CONTEXT('2D SPACE',''
  ) );
#7651 = PCURVE('',#7652,#7657);
#7652 = PLANE('',#7653);
#7653 = AXIS2_PLACEMENT_3D('',#7654,#7655,#7656);
#7654 = CARTESIAN_POINT('',(170.70356586536,-10.04140765191,
    95.537612033746));
#7655 = DIRECTION('',(-1.,0.,-1.224646799147E-16));
#7656 = DIRECTION('',(1.224646799147E-16,0.,-1.));
#7657 = DEFINITIONAL_REPRESENTATION('',(#7658),#7662);
#7658 = CIRCLE('',#7659,1.9);
#7659 = AXIS2_PLACEMENT_2D('',#7660,#7661);
#7660 = CARTESIAN_POINT('',(0.,0.));
#7661 = DIRECTION('',(1.,0.));
#7662 = ( GEOMETRIC_REPRESENTATION_CONTEXT(2) 
PARAMETRIC_REPRESENTATION_CONTEXT() REPRESENTATION_CONTEXT('2D SPACE',''
  ) );
#7663 = ORIENTED_EDGE('',*,*,#7664,.F.);
#7664 = EDGE_CURVE('',#7665,#7631,#7667,.T.);
#7665 = VERTEX_POINT('',#7666);
#7666 = CARTESIAN_POINT('',(172.70356586536,-10.04140765191,
    93.637612033746));
#7667 = SEAM_CURVE('',#7668,(#7672,#7679),.PCURVE_S1.);
#7668 = LINE('',#7669,#7670);
#7669 = CARTESIAN_POINT('',(172.70356586536,-10.04140765191,
    93.637612033746));
#7670 = VECTOR('',#7671,1.);
#7671 = DIRECTION('',(-1.,0.,-1.224646799147E-16));
#7672 = PCURVE('',#7640,#7673);
#7673 = DEFINITIONAL_REPRESENTATION('',(#7674),#7678);
#7674 = LINE('',#7675,#7676);
#7675 = CARTESIAN_POINT('',(6.28318530718,-0.));
#7676 = VECTOR('',#7677,1.);
#7677 = DIRECTION('',(0.,1.));
#7678 = ( GEOMETRIC_REPRESENTATION_CONTEXT(2) 
PARAMETRIC_REPRESENTATION_CONTEXT() REPRESENTATION_CONTEXT('2D SPACE',''
  ) );
#7679 = PCURVE('',#7640,#7680);
#7680 = DEFINITIONAL_REPRESENTATION('',(#7681),#7685);
#7681 = LINE('',#7682,#7683);
#7682 = CARTESIAN_POINT('',(0.,-0.));
#7683 = VECTOR('',#7684,1.);
#7684 = DIRECTION('',(0.,1.));
#7685 = ( GEOMETRIC_REPRESENTATION_CONTEXT(2) 
PARAMETRIC_REPRESENTATION_CONTEXT() REPRESENTATION_CONTEXT('2D SPACE',''
  ) );
#7686 = ORIENTED_EDGE('',*,*,#7687,.T.);
#7687 = EDGE_CURVE('',#7665,#7665,#7688,.T.);
#7688 = SURFACE_CURVE('',#7689,(#7694,#7701),.PCURVE_S1.);
#7689 = CIRCLE('',#7690,1.9);
#7690 = AXIS2_PLACEMENT_3D('',#7691,#7692,#7693);
#7691 = CARTESIAN_POINT('',(172.70356586536,-10.04140765191,
    95.537612033746));
#7692 = DIRECTION('',(-1.,0.,-1.224646799147E-16));
#7693 = DIRECTION('',(1.224646799147E-16,0.,-1.));
#7694 = PCURVE('',#7640,#7695);
#7695 = DEFINITIONAL_REPRESENTATION('',(#7696),#7700);
#7696 = LINE('',#7697,#7698);
#7697 = CARTESIAN_POINT('',(0.,0.));
#7698 = VECTOR('',#7699,1.);
#7699 = DIRECTION('',(1.,0.));
#7700 = ( GEOMETRIC_REPRESENTATION_CONTEXT(2) 
PARAMETRIC_REPRESENTATION_CONTEXT() REPRESENTATION_CONTEXT('2D SPACE',''
  ) );
#7701 = PCURVE('',#7702,#7707);
#7702 = PLANE('',#7703);
#7703 = AXIS2_PLACEMENT_3D('',#7704,#7705,#7706);
#7704 = CARTESIAN_POINT('',(172.70356586536,-10.04140765191,
    95.537612033746));
#7705 = DIRECTION('',(-1.,0.,-1.224646799147E-16));
#7706 = DIRECTION('',(1.224646799147E-16,0.,-1.));
#7707 = DEFINITIONAL_REPRESENTATION('',(#7708),#7712);
#7708 = CIRCLE('',#7709,1.9);
#7709 = AXIS2_PLACEMENT_2D('',#7710,#7711);
#7710 = CARTESIAN_POINT('',(0.,0.));
#7711 = DIRECTION('',(1.,0.));
#7712 = ( GEOMETRIC_REPRESENTATION_CONTEXT(2) 
PARAMETRIC_REPRESENTATION_CONTEXT() REPRESENTATION_CONTEXT('2D SPACE',''
  ) );
#7713 = ORIENTED_EDGE('',*,*,#7664,.T.);
#7714 = ADVANCED_FACE('',(#7715,#7718),#7652,.T.);
#7715 = FACE_BOUND('',#7716,.T.);
#7716 = EDGE_LOOP('',(#7717));
#7717 = ORIENTED_EDGE('',*,*,#7630,.T.);
#7718 = FACE_BOUND('',#7719,.T.);
#7719 = EDGE_LOOP('',(#7720,#7750,#7778,#7806,#7834,#7862));
#7720 = ORIENTED_EDGE('',*,*,#7721,.T.);
#7721 = EDGE_CURVE('',#7722,#7724,#7726,.T.);
#7722 = VERTEX_POINT('',#7723);
#7723 = CARTESIAN_POINT('',(170.70356586536,-10.4744203538,
    94.787612033746));
#7724 = VERTEX_POINT('',#7725);
#7725 = CARTESIAN_POINT('',(170.70356586536,-9.608394950024,
    94.787612033746));
#7726 = SURFACE_CURVE('',#7727,(#7731,#7738),.PCURVE_S1.);
#7727 = LINE('',#7728,#7729);
#7728 = CARTESIAN_POINT('',(170.70356586536,-9.82490130097,
    94.787612033746));
#7729 = VECTOR('',#7730,1.);
#7730 = DIRECTION('',(-1.569966732506E-32,1.,1.281975124256E-16));
#7731 = PCURVE('',#7652,#7732);
#7732 = DEFINITIONAL_REPRESENTATION('',(#7733),#7737);
#7733 = LINE('',#7734,#7735);
#7734 = CARTESIAN_POINT('',(0.75,-0.216506350946));
#7735 = VECTOR('',#7736,1.);
#7736 = DIRECTION('',(-1.281975124256E-16,-1.));
#7737 = ( GEOMETRIC_REPRESENTATION_CONTEXT(2) 
PARAMETRIC_REPRESENTATION_CONTEXT() REPRESENTATION_CONTEXT('2D SPACE',''
  ) );
#7738 = PCURVE('',#7739,#7744);
#7739 = PLANE('',#7740);
#7740 = AXIS2_PLACEMENT_3D('',#7741,#7742,#7743);
#7741 = CARTESIAN_POINT('',(171.90356586536,-9.608394950024,
    94.787612033746));
#7742 = DIRECTION('',(-1.224646799147E-16,-1.281975124256E-16,1.));
#7743 = DIRECTION('',(1.569966732506E-32,-1.,-1.281975124256E-16));
#7744 = DEFINITIONAL_REPRESENTATION('',(#7745),#7749);
#7745 = LINE('',#7746,#7747);
#7746 = CARTESIAN_POINT('',(0.216506350946,-1.2));
#7747 = VECTOR('',#7748,1.);
#7748 = DIRECTION('',(-1.,0.));
#7749 = ( GEOMETRIC_REPRESENTATION_CONTEXT(2) 
PARAMETRIC_REPRESENTATION_CONTEXT() REPRESENTATION_CONTEXT('2D SPACE',''
  ) );
#7750 = ORIENTED_EDGE('',*,*,#7751,.T.);
#7751 = EDGE_CURVE('',#7724,#7752,#7754,.T.);
#7752 = VERTEX_POINT('',#7753);
#7753 = CARTESIAN_POINT('',(170.70356586536,-9.175382248131,
    95.537612033746));
#7754 = SURFACE_CURVE('',#7755,(#7759,#7766),.PCURVE_S1.);
#7755 = LINE('',#7756,#7757);
#7756 = CARTESIAN_POINT('',(170.70356586536,-9.283635423604,
    95.350112033746));
#7757 = VECTOR('',#7758,1.);
#7758 = DIRECTION('',(-1.060575238725E-16,0.5,0.866025403784));
#7759 = PCURVE('',#7652,#7760);
#7760 = DEFINITIONAL_REPRESENTATION('',(#7761),#7765);
#7761 = LINE('',#7762,#7763);
#7762 = CARTESIAN_POINT('',(0.1875,-0.757772228311));
#7763 = VECTOR('',#7764,1.);
#7764 = DIRECTION('',(-0.866025403784,-0.5));
#7765 = ( GEOMETRIC_REPRESENTATION_CONTEXT(2) 
PARAMETRIC_REPRESENTATION_CONTEXT() REPRESENTATION_CONTEXT('2D SPACE',''
  ) );
#7766 = PCURVE('',#7767,#7772);
#7767 = PLANE('',#7768);
#7768 = AXIS2_PLACEMENT_3D('',#7769,#7770,#7771);
#7769 = CARTESIAN_POINT('',(171.90356586536,-9.175382248131,
    95.537612033746));
#7770 = DIRECTION('',(-6.123233995737E-17,-0.866025403784,0.5));
#7771 = DIRECTION('',(1.060575238725E-16,-0.5,-0.866025403784));
#7772 = DEFINITIONAL_REPRESENTATION('',(#7773),#7777);
#7773 = LINE('',#7774,#7775);
#7774 = CARTESIAN_POINT('',(0.216506350946,-1.2));
#7775 = VECTOR('',#7776,1.);
#7776 = DIRECTION('',(-1.,0.));
#7777 = ( GEOMETRIC_REPRESENTATION_CONTEXT(2) 
PARAMETRIC_REPRESENTATION_CONTEXT() REPRESENTATION_CONTEXT('2D SPACE',''
  ) );
#7778 = ORIENTED_EDGE('',*,*,#7779,.T.);
#7779 = EDGE_CURVE('',#7752,#7780,#7782,.T.);
#7780 = VERTEX_POINT('',#7781);
#7781 = CARTESIAN_POINT('',(170.70356586536,-9.608394950024,
    96.287612033746));
#7782 = SURFACE_CURVE('',#7783,(#7787,#7794),.PCURVE_S1.);
#7783 = LINE('',#7784,#7785);
#7784 = CARTESIAN_POINT('',(170.70356586536,-9.50014177455,
    96.100112033746));
#7785 = VECTOR('',#7786,1.);
#7786 = DIRECTION('',(-1.060575238725E-16,-0.5,0.866025403784));
#7787 = PCURVE('',#7652,#7788);
#7788 = DEFINITIONAL_REPRESENTATION('',(#7789),#7793);
#7789 = LINE('',#7790,#7791);
#7790 = CARTESIAN_POINT('',(-0.5625,-0.541265877365));
#7791 = VECTOR('',#7792,1.);
#7792 = DIRECTION('',(-0.866025403784,0.5));
#7793 = ( GEOMETRIC_REPRESENTATION_CONTEXT(2) 
PARAMETRIC_REPRESENTATION_CONTEXT() REPRESENTATION_CONTEXT('2D SPACE',''
  ) );
#7794 = PCURVE('',#7795,#7800);
#7795 = PLANE('',#7796);
#7796 = AXIS2_PLACEMENT_3D('',#7797,#7798,#7799);
#7797 = CARTESIAN_POINT('',(171.90356586536,-9.608394950024,
    96.287612033746));
#7798 = DIRECTION('',(6.123233995737E-17,-0.866025403784,-0.5));
#7799 = DIRECTION('',(1.060575238725E-16,0.5,-0.866025403784));
#7800 = DEFINITIONAL_REPRESENTATION('',(#7801),#7805);
#7801 = LINE('',#7802,#7803);
#7802 = CARTESIAN_POINT('',(0.216506350946,-1.2));
#7803 = VECTOR('',#7804,1.);
#7804 = DIRECTION('',(-1.,0.));
#7805 = ( GEOMETRIC_REPRESENTATION_CONTEXT(2) 
PARAMETRIC_REPRESENTATION_CONTEXT() REPRESENTATION_CONTEXT('2D SPACE',''
  ) );
#7806 = ORIENTED_EDGE('',*,*,#7807,.T.);
#7807 = EDGE_CURVE('',#7780,#7808,#7810,.T.);
#7808 = VERTEX_POINT('',#7809);
#7809 = CARTESIAN_POINT('',(170.70356586536,-10.4744203538,
    96.287612033746));
#7810 = SURFACE_CURVE('',#7811,(#7815,#7822),.PCURVE_S1.);
#7811 = LINE('',#7812,#7813);
#7812 = CARTESIAN_POINT('',(170.70356586536,-10.25791400286,
    96.287612033746));
#7813 = VECTOR('',#7814,1.);
#7814 = DIRECTION('',(7.849833662531E-32,-1.,-6.409875621279E-16));
#7815 = PCURVE('',#7652,#7816);
#7816 = DEFINITIONAL_REPRESENTATION('',(#7817),#7821);
#7817 = LINE('',#7818,#7819);
#7818 = CARTESIAN_POINT('',(-0.75,0.216506350946));
#7819 = VECTOR('',#7820,1.);
#7820 = DIRECTION('',(6.409875621279E-16,1.));
#7821 = ( GEOMETRIC_REPRESENTATION_CONTEXT(2) 
PARAMETRIC_REPRESENTATION_CONTEXT() REPRESENTATION_CONTEXT('2D SPACE',''
  ) );
#7822 = PCURVE('',#7823,#7828);
#7823 = PLANE('',#7824);
#7824 = AXIS2_PLACEMENT_3D('',#7825,#7826,#7827);
#7825 = CARTESIAN_POINT('',(171.90356586536,-10.4744203538,
    96.287612033746));
#7826 = DIRECTION('',(1.224646799147E-16,6.409875621279E-16,-1.));
#7827 = DIRECTION('',(-7.849833662531E-32,1.,6.409875621279E-16));
#7828 = DEFINITIONAL_REPRESENTATION('',(#7829),#7833);
#7829 = LINE('',#7830,#7831);
#7830 = CARTESIAN_POINT('',(0.216506350946,-1.2));
#7831 = VECTOR('',#7832,1.);
#7832 = DIRECTION('',(-1.,0.));
#7833 = ( GEOMETRIC_REPRESENTATION_CONTEXT(2) 
PARAMETRIC_REPRESENTATION_CONTEXT() REPRESENTATION_CONTEXT('2D SPACE',''
  ) );
#7834 = ORIENTED_EDGE('',*,*,#7835,.T.);
#7835 = EDGE_CURVE('',#7808,#7836,#7838,.T.);
#7836 = VERTEX_POINT('',#7837);
#7837 = CARTESIAN_POINT('',(170.70356586536,-10.9074330557,
    95.537612033746));
#7838 = SURFACE_CURVE('',#7839,(#7843,#7850),.PCURVE_S1.);
#7839 = LINE('',#7840,#7841);
#7840 = CARTESIAN_POINT('',(170.70356586536,-10.79917988022,
    95.725112033746));
#7841 = VECTOR('',#7842,1.);
#7842 = DIRECTION('',(1.060575238725E-16,-0.5,-0.866025403784));
#7843 = PCURVE('',#7652,#7844);
#7844 = DEFINITIONAL_REPRESENTATION('',(#7845),#7849);
#7845 = LINE('',#7846,#7847);
#7846 = CARTESIAN_POINT('',(-0.1875,0.757772228311));
#7847 = VECTOR('',#7848,1.);
#7848 = DIRECTION('',(0.866025403784,0.5));
#7849 = ( GEOMETRIC_REPRESENTATION_CONTEXT(2) 
PARAMETRIC_REPRESENTATION_CONTEXT() REPRESENTATION_CONTEXT('2D SPACE',''
  ) );
#7850 = PCURVE('',#7851,#7856);
#7851 = PLANE('',#7852);
#7852 = AXIS2_PLACEMENT_3D('',#7853,#7854,#7855);
#7853 = CARTESIAN_POINT('',(171.90356586536,-10.9074330557,
    95.537612033746));
#7854 = DIRECTION('',(6.123233995737E-17,0.866025403784,-0.5));
#7855 = DIRECTION('',(-1.060575238725E-16,0.5,0.866025403784));
#7856 = DEFINITIONAL_REPRESENTATION('',(#7857),#7861);
#7857 = LINE('',#7858,#7859);
#7858 = CARTESIAN_POINT('',(0.216506350946,-1.2));
#7859 = VECTOR('',#7860,1.);
#7860 = DIRECTION('',(-1.,0.));
#7861 = ( GEOMETRIC_REPRESENTATION_CONTEXT(2) 
PARAMETRIC_REPRESENTATION_CONTEXT() REPRESENTATION_CONTEXT('2D SPACE',''
  ) );
#7862 = ORIENTED_EDGE('',*,*,#7863,.T.);
#7863 = EDGE_CURVE('',#7836,#7722,#7864,.T.);
#7864 = SURFACE_CURVE('',#7865,(#7869,#7876),.PCURVE_S1.);
#7865 = LINE('',#7866,#7867);
#7866 = CARTESIAN_POINT('',(170.70356586536,-10.58267352928,
    94.975112033746));
#7867 = VECTOR('',#7868,1.);
#7868 = DIRECTION('',(1.060575238725E-16,0.5,-0.866025403784));
#7869 = PCURVE('',#7652,#7870);
#7870 = DEFINITIONAL_REPRESENTATION('',(#7871),#7875);
#7871 = LINE('',#7872,#7873);
#7872 = CARTESIAN_POINT('',(0.5625,0.541265877365));
#7873 = VECTOR('',#7874,1.);
#7874 = DIRECTION('',(0.866025403784,-0.5));
#7875 = ( GEOMETRIC_REPRESENTATION_CONTEXT(2) 
PARAMETRIC_REPRESENTATION_CONTEXT() REPRESENTATION_CONTEXT('2D SPACE',''
  ) );
#7876 = PCURVE('',#7877,#7882);
#7877 = PLANE('',#7878);
#7878 = AXIS2_PLACEMENT_3D('',#7879,#7880,#7881);
#7879 = CARTESIAN_POINT('',(171.90356586536,-10.4744203538,
    94.787612033746));
#7880 = DIRECTION('',(-6.123233995737E-17,0.866025403784,0.5));
#7881 = DIRECTION('',(-1.060575238725E-16,-0.5,0.866025403784));
#7882 = DEFINITIONAL_REPRESENTATION('',(#7883),#7887);
#7883 = LINE('',#7884,#7885);
#7884 = CARTESIAN_POINT('',(0.216506350946,-1.2));
#7885 = VECTOR('',#7886,1.);
#7886 = DIRECTION('',(-1.,0.));
#7887 = ( GEOMETRIC_REPRESENTATION_CONTEXT(2) 
PARAMETRIC_REPRESENTATION_CONTEXT() REPRESENTATION_CONTEXT('2D SPACE',''
  ) );
#7888 = ADVANCED_FACE('',(#7889,#7892),#7702,.F.);
#7889 = FACE_BOUND('',#7890,.F.);
#7890 = EDGE_LOOP('',(#7891));
#7891 = ORIENTED_EDGE('',*,*,#7687,.T.);
#7892 = FACE_BOUND('',#7893,.F.);
#7893 = EDGE_LOOP('',(#7894));
#7894 = ORIENTED_EDGE('',*,*,#7895,.F.);
#7895 = EDGE_CURVE('',#7896,#7896,#7898,.T.);
#7896 = VERTEX_POINT('',#7897);
#7897 = CARTESIAN_POINT('',(172.70356586536,-10.04140765191,
    94.537612033746));
#7898 = SURFACE_CURVE('',#7899,(#7904,#7911),.PCURVE_S1.);
#7899 = CIRCLE('',#7900,1.);
#7900 = AXIS2_PLACEMENT_3D('',#7901,#7902,#7903);
#7901 = CARTESIAN_POINT('',(172.70356586536,-10.04140765191,
    95.537612033746));
#7902 = DIRECTION('',(-1.,0.,-1.224646799147E-16));
#7903 = DIRECTION('',(1.224646799147E-16,0.,-1.));
#7904 = PCURVE('',#7702,#7905);
#7905 = DEFINITIONAL_REPRESENTATION('',(#7906),#7910);
#7906 = CIRCLE('',#7907,1.);
#7907 = AXIS2_PLACEMENT_2D('',#7908,#7909);
#7908 = CARTESIAN_POINT('',(0.,0.));
#7909 = DIRECTION('',(1.,0.));
#7910 = ( GEOMETRIC_REPRESENTATION_CONTEXT(2) 
PARAMETRIC_REPRESENTATION_CONTEXT() REPRESENTATION_CONTEXT('2D SPACE',''
  ) );
#7911 = PCURVE('',#7912,#7917);
#7912 = CYLINDRICAL_SURFACE('',#7913,1.);
#7913 = AXIS2_PLACEMENT_3D('',#7914,#7915,#7916);
#7914 = CARTESIAN_POINT('',(180.70356586536,-10.04140765191,
    95.537612033746));
#7915 = DIRECTION('',(-1.,0.,-1.224646799147E-16));
#7916 = DIRECTION('',(1.224646799147E-16,0.,-1.));
#7917 = DEFINITIONAL_REPRESENTATION('',(#7918),#7922);
#7918 = LINE('',#7919,#7920);
#7919 = CARTESIAN_POINT('',(0.,8.));
#7920 = VECTOR('',#7921,1.);
#7921 = DIRECTION('',(1.,0.));
#7922 = ( GEOMETRIC_REPRESENTATION_CONTEXT(2) 
PARAMETRIC_REPRESENTATION_CONTEXT() REPRESENTATION_CONTEXT('2D SPACE',''
  ) );
#7923 = ADVANCED_FACE('',(#7924),#7739,.T.);
#7924 = FACE_BOUND('',#7925,.T.);
#7925 = EDGE_LOOP('',(#7926,#7956,#7977,#7978));
#7926 = ORIENTED_EDGE('',*,*,#7927,.F.);
#7927 = EDGE_CURVE('',#7928,#7930,#7932,.T.);
#7928 = VERTEX_POINT('',#7929);
#7929 = CARTESIAN_POINT('',(171.90356586536,-9.608394950024,
    94.787612033746));
#7930 = VERTEX_POINT('',#7931);
#7931 = CARTESIAN_POINT('',(171.90356586536,-10.4744203538,
    94.787612033746));
#7932 = SURFACE_CURVE('',#7933,(#7937,#7944),.PCURVE_S1.);
#7933 = LINE('',#7934,#7935);
#7934 = CARTESIAN_POINT('',(171.90356586536,-9.608394950024,
    94.787612033746));
#7935 = VECTOR('',#7936,1.);
#7936 = DIRECTION('',(1.569966732506E-32,-1.,-1.281975124256E-16));
#7937 = PCURVE('',#7739,#7938);
#7938 = DEFINITIONAL_REPRESENTATION('',(#7939),#7943);
#7939 = LINE('',#7940,#7941);
#7940 = CARTESIAN_POINT('',(0.,0.));
#7941 = VECTOR('',#7942,1.);
#7942 = DIRECTION('',(1.,0.));
#7943 = ( GEOMETRIC_REPRESENTATION_CONTEXT(2) 
PARAMETRIC_REPRESENTATION_CONTEXT() REPRESENTATION_CONTEXT('2D SPACE',''
  ) );
#7944 = PCURVE('',#7945,#7950);
#7945 = PLANE('',#7946);
#7946 = AXIS2_PLACEMENT_3D('',#7947,#7948,#7949);
#7947 = CARTESIAN_POINT('',(171.90356586536,-10.04140765191,
    95.537612033746));
#7948 = DIRECTION('',(-1.,0.,-1.224646799147E-16));
#7949 = DIRECTION('',(1.224646799147E-16,0.,-1.));
#7950 = DEFINITIONAL_REPRESENTATION('',(#7951),#7955);
#7951 = LINE('',#7952,#7953);
#7952 = CARTESIAN_POINT('',(0.75,-0.433012701892));
#7953 = VECTOR('',#7954,1.);
#7954 = DIRECTION('',(1.281975124256E-16,1.));
#7955 = ( GEOMETRIC_REPRESENTATION_CONTEXT(2) 
PARAMETRIC_REPRESENTATION_CONTEXT() REPRESENTATION_CONTEXT('2D SPACE',''
  ) );
#7956 = ORIENTED_EDGE('',*,*,#7957,.T.);
#7957 = EDGE_CURVE('',#7928,#7724,#7958,.T.);
#7958 = SURFACE_CURVE('',#7959,(#7963,#7970),.PCURVE_S1.);
#7959 = LINE('',#7960,#7961);
#7960 = CARTESIAN_POINT('',(171.90356586536,-9.608394950024,
    94.787612033746));
#7961 = VECTOR('',#7962,1.);
#7962 = DIRECTION('',(-1.,0.,-1.224646799147E-16));
#7963 = PCURVE('',#7739,#7964);
#7964 = DEFINITIONAL_REPRESENTATION('',(#7965),#7969);
#7965 = LINE('',#7966,#7967);
#7966 = CARTESIAN_POINT('',(0.,0.));
#7967 = VECTOR('',#7968,1.);
#7968 = DIRECTION('',(0.,-1.));
#7969 = ( GEOMETRIC_REPRESENTATION_CONTEXT(2) 
PARAMETRIC_REPRESENTATION_CONTEXT() REPRESENTATION_CONTEXT('2D SPACE',''
  ) );
#7970 = PCURVE('',#7767,#7971);
#7971 = DEFINITIONAL_REPRESENTATION('',(#7972),#7976);
#7972 = LINE('',#7973,#7974);
#7973 = CARTESIAN_POINT('',(0.866025403784,-9.184850993605E-17));
#7974 = VECTOR('',#7975,1.);
#7975 = DIRECTION('',(0.,-1.));
#7976 = ( GEOMETRIC_REPRESENTATION_CONTEXT(2) 
PARAMETRIC_REPRESENTATION_CONTEXT() REPRESENTATION_CONTEXT('2D SPACE',''
  ) );
#7977 = ORIENTED_EDGE('',*,*,#7721,.F.);
#7978 = ORIENTED_EDGE('',*,*,#7979,.F.);
#7979 = EDGE_CURVE('',#7930,#7722,#7980,.T.);
#7980 = SURFACE_CURVE('',#7981,(#7985,#7992),.PCURVE_S1.);
#7981 = LINE('',#7982,#7983);
#7982 = CARTESIAN_POINT('',(171.90356586536,-10.4744203538,
    94.787612033746));
#7983 = VECTOR('',#7984,1.);
#7984 = DIRECTION('',(-1.,0.,-1.224646799147E-16));
#7985 = PCURVE('',#7739,#7986);
#7986 = DEFINITIONAL_REPRESENTATION('',(#7987),#7991);
#7987 = LINE('',#7988,#7989);
#7988 = CARTESIAN_POINT('',(0.866025403784,0.));
#7989 = VECTOR('',#7990,1.);
#7990 = DIRECTION('',(0.,-1.));
#7991 = ( GEOMETRIC_REPRESENTATION_CONTEXT(2) 
PARAMETRIC_REPRESENTATION_CONTEXT() REPRESENTATION_CONTEXT('2D SPACE',''
  ) );
#7992 = PCURVE('',#7877,#7993);
#7993 = DEFINITIONAL_REPRESENTATION('',(#7994),#7998);
#7994 = LINE('',#7995,#7996);
#7995 = CARTESIAN_POINT('',(0.,0.));
#7996 = VECTOR('',#7997,1.);
#7997 = DIRECTION('',(0.,-1.));
#7998 = ( GEOMETRIC_REPRESENTATION_CONTEXT(2) 
PARAMETRIC_REPRESENTATION_CONTEXT() REPRESENTATION_CONTEXT('2D SPACE',''
  ) );
#7999 = ADVANCED_FACE('',(#8000),#7877,.T.);
#8000 = FACE_BOUND('',#8001,.T.);
#8001 = EDGE_LOOP('',(#8002,#8025,#8026,#8027));
#8002 = ORIENTED_EDGE('',*,*,#8003,.F.);
#8003 = EDGE_CURVE('',#7930,#8004,#8006,.T.);
#8004 = VERTEX_POINT('',#8005);
#8005 = CARTESIAN_POINT('',(171.90356586536,-10.9074330557,
    95.537612033746));
#8006 = SURFACE_CURVE('',#8007,(#8011,#8018),.PCURVE_S1.);
#8007 = LINE('',#8008,#8009);
#8008 = CARTESIAN_POINT('',(171.90356586536,-10.4744203538,
    94.787612033746));
#8009 = VECTOR('',#8010,1.);
#8010 = DIRECTION('',(-1.060575238725E-16,-0.5,0.866025403784));
#8011 = PCURVE('',#7877,#8012);
#8012 = DEFINITIONAL_REPRESENTATION('',(#8013),#8017);
#8013 = LINE('',#8014,#8015);
#8014 = CARTESIAN_POINT('',(0.,0.));
#8015 = VECTOR('',#8016,1.);
#8016 = DIRECTION('',(1.,0.));
#8017 = ( GEOMETRIC_REPRESENTATION_CONTEXT(2) 
PARAMETRIC_REPRESENTATION_CONTEXT() REPRESENTATION_CONTEXT('2D SPACE',''
  ) );
#8018 = PCURVE('',#7945,#8019);
#8019 = DEFINITIONAL_REPRESENTATION('',(#8020),#8024);
#8020 = LINE('',#8021,#8022);
#8021 = CARTESIAN_POINT('',(0.75,0.433012701892));
#8022 = VECTOR('',#8023,1.);
#8023 = DIRECTION('',(-0.866025403784,0.5));
#8024 = ( GEOMETRIC_REPRESENTATION_CONTEXT(2) 
PARAMETRIC_REPRESENTATION_CONTEXT() REPRESENTATION_CONTEXT('2D SPACE',''
  ) );
#8025 = ORIENTED_EDGE('',*,*,#7979,.T.);
#8026 = ORIENTED_EDGE('',*,*,#7863,.F.);
#8027 = ORIENTED_EDGE('',*,*,#8028,.F.);
#8028 = EDGE_CURVE('',#8004,#7836,#8029,.T.);
#8029 = SURFACE_CURVE('',#8030,(#8034,#8041),.PCURVE_S1.);
#8030 = LINE('',#8031,#8032);
#8031 = CARTESIAN_POINT('',(171.90356586536,-10.9074330557,
    95.537612033746));
#8032 = VECTOR('',#8033,1.);
#8033 = DIRECTION('',(-1.,0.,-1.224646799147E-16));
#8034 = PCURVE('',#7877,#8035);
#8035 = DEFINITIONAL_REPRESENTATION('',(#8036),#8040);
#8036 = LINE('',#8037,#8038);
#8037 = CARTESIAN_POINT('',(0.866025403784,9.184850993605E-17));
#8038 = VECTOR('',#8039,1.);
#8039 = DIRECTION('',(0.,-1.));
#8040 = ( GEOMETRIC_REPRESENTATION_CONTEXT(2) 
PARAMETRIC_REPRESENTATION_CONTEXT() REPRESENTATION_CONTEXT('2D SPACE',''
  ) );
#8041 = PCURVE('',#7851,#8042);
#8042 = DEFINITIONAL_REPRESENTATION('',(#8043),#8047);
#8043 = LINE('',#8044,#8045);
#8044 = CARTESIAN_POINT('',(0.,0.));
#8045 = VECTOR('',#8046,1.);
#8046 = DIRECTION('',(0.,-1.));
#8047 = ( GEOMETRIC_REPRESENTATION_CONTEXT(2) 
PARAMETRIC_REPRESENTATION_CONTEXT() REPRESENTATION_CONTEXT('2D SPACE',''
  ) );
#8048 = ADVANCED_FACE('',(#8049),#7851,.T.);
#8049 = FACE_BOUND('',#8050,.T.);
#8050 = EDGE_LOOP('',(#8051,#8074,#8075,#8076));
#8051 = ORIENTED_EDGE('',*,*,#8052,.F.);
#8052 = EDGE_CURVE('',#8004,#8053,#8055,.T.);
#8053 = VERTEX_POINT('',#8054);
#8054 = CARTESIAN_POINT('',(171.90356586536,-10.4744203538,
    96.287612033746));
#8055 = SURFACE_CURVE('',#8056,(#8060,#8067),.PCURVE_S1.);
#8056 = LINE('',#8057,#8058);
#8057 = CARTESIAN_POINT('',(171.90356586536,-10.9074330557,
    95.537612033746));
#8058 = VECTOR('',#8059,1.);
#8059 = DIRECTION('',(-1.060575238725E-16,0.5,0.866025403784));
#8060 = PCURVE('',#7851,#8061);
#8061 = DEFINITIONAL_REPRESENTATION('',(#8062),#8066);
#8062 = LINE('',#8063,#8064);
#8063 = CARTESIAN_POINT('',(0.,0.));
#8064 = VECTOR('',#8065,1.);
#8065 = DIRECTION('',(1.,0.));
#8066 = ( GEOMETRIC_REPRESENTATION_CONTEXT(2) 
PARAMETRIC_REPRESENTATION_CONTEXT() REPRESENTATION_CONTEXT('2D SPACE',''
  ) );
#8067 = PCURVE('',#7945,#8068);
#8068 = DEFINITIONAL_REPRESENTATION('',(#8069),#8073);
#8069 = LINE('',#8070,#8071);
#8070 = CARTESIAN_POINT('',(0.,0.866025403784));
#8071 = VECTOR('',#8072,1.);
#8072 = DIRECTION('',(-0.866025403784,-0.5));
#8073 = ( GEOMETRIC_REPRESENTATION_CONTEXT(2) 
PARAMETRIC_REPRESENTATION_CONTEXT() REPRESENTATION_CONTEXT('2D SPACE',''
  ) );
#8074 = ORIENTED_EDGE('',*,*,#8028,.T.);
#8075 = ORIENTED_EDGE('',*,*,#7835,.F.);
#8076 = ORIENTED_EDGE('',*,*,#8077,.F.);
#8077 = EDGE_CURVE('',#8053,#7808,#8078,.T.);
#8078 = SURFACE_CURVE('',#8079,(#8083,#8090),.PCURVE_S1.);
#8079 = LINE('',#8080,#8081);
#8080 = CARTESIAN_POINT('',(171.90356586536,-10.4744203538,
    96.287612033746));
#8081 = VECTOR('',#8082,1.);
#8082 = DIRECTION('',(-1.,0.,-1.224646799147E-16));
#8083 = PCURVE('',#7851,#8084);
#8084 = DEFINITIONAL_REPRESENTATION('',(#8085),#8089);
#8085 = LINE('',#8086,#8087);
#8086 = CARTESIAN_POINT('',(0.866025403784,9.184850993605E-17));
#8087 = VECTOR('',#8088,1.);
#8088 = DIRECTION('',(0.,-1.));
#8089 = ( GEOMETRIC_REPRESENTATION_CONTEXT(2) 
PARAMETRIC_REPRESENTATION_CONTEXT() REPRESENTATION_CONTEXT('2D SPACE',''
  ) );
#8090 = PCURVE('',#7823,#8091);
#8091 = DEFINITIONAL_REPRESENTATION('',(#8092),#8096);
#8092 = LINE('',#8093,#8094);
#8093 = CARTESIAN_POINT('',(0.,0.));
#8094 = VECTOR('',#8095,1.);
#8095 = DIRECTION('',(0.,-1.));
#8096 = ( GEOMETRIC_REPRESENTATION_CONTEXT(2) 
PARAMETRIC_REPRESENTATION_CONTEXT() REPRESENTATION_CONTEXT('2D SPACE',''
  ) );
#8097 = ADVANCED_FACE('',(#8098),#7823,.T.);
#8098 = FACE_BOUND('',#8099,.T.);
#8099 = EDGE_LOOP('',(#8100,#8123,#8124,#8125));
#8100 = ORIENTED_EDGE('',*,*,#8101,.F.);
#8101 = EDGE_CURVE('',#8053,#8102,#8104,.T.);
#8102 = VERTEX_POINT('',#8103);
#8103 = CARTESIAN_POINT('',(171.90356586536,-9.608394950024,
    96.287612033746));
#8104 = SURFACE_CURVE('',#8105,(#8109,#8116),.PCURVE_S1.);
#8105 = LINE('',#8106,#8107);
#8106 = CARTESIAN_POINT('',(171.90356586536,-10.4744203538,
    96.287612033746));
#8107 = VECTOR('',#8108,1.);
#8108 = DIRECTION('',(-7.849833662531E-32,1.,6.409875621279E-16));
#8109 = PCURVE('',#7823,#8110);
#8110 = DEFINITIONAL_REPRESENTATION('',(#8111),#8115);
#8111 = LINE('',#8112,#8113);
#8112 = CARTESIAN_POINT('',(0.,0.));
#8113 = VECTOR('',#8114,1.);
#8114 = DIRECTION('',(1.,0.));
#8115 = ( GEOMETRIC_REPRESENTATION_CONTEXT(2) 
PARAMETRIC_REPRESENTATION_CONTEXT() REPRESENTATION_CONTEXT('2D SPACE',''
  ) );
#8116 = PCURVE('',#7945,#8117);
#8117 = DEFINITIONAL_REPRESENTATION('',(#8118),#8122);
#8118 = LINE('',#8119,#8120);
#8119 = CARTESIAN_POINT('',(-0.75,0.433012701892));
#8120 = VECTOR('',#8121,1.);
#8121 = DIRECTION('',(-6.409875621279E-16,-1.));
#8122 = ( GEOMETRIC_REPRESENTATION_CONTEXT(2) 
PARAMETRIC_REPRESENTATION_CONTEXT() REPRESENTATION_CONTEXT('2D SPACE',''
  ) );
#8123 = ORIENTED_EDGE('',*,*,#8077,.T.);
#8124 = ORIENTED_EDGE('',*,*,#7807,.F.);
#8125 = ORIENTED_EDGE('',*,*,#8126,.F.);
#8126 = EDGE_CURVE('',#8102,#7780,#8127,.T.);
#8127 = SURFACE_CURVE('',#8128,(#8132,#8139),.PCURVE_S1.);
#8128 = LINE('',#8129,#8130);
#8129 = CARTESIAN_POINT('',(171.90356586536,-9.608394950024,
    96.287612033746));
#8130 = VECTOR('',#8131,1.);
#8131 = DIRECTION('',(-1.,0.,-1.224646799147E-16));
#8132 = PCURVE('',#7823,#8133);
#8133 = DEFINITIONAL_REPRESENTATION('',(#8134),#8138);
#8134 = LINE('',#8135,#8136);
#8135 = CARTESIAN_POINT('',(0.866025403784,0.));
#8136 = VECTOR('',#8137,1.);
#8137 = DIRECTION('',(0.,-1.));
#8138 = ( GEOMETRIC_REPRESENTATION_CONTEXT(2) 
PARAMETRIC_REPRESENTATION_CONTEXT() REPRESENTATION_CONTEXT('2D SPACE',''
  ) );
#8139 = PCURVE('',#7795,#8140);
#8140 = DEFINITIONAL_REPRESENTATION('',(#8141),#8145);
#8141 = LINE('',#8142,#8143);
#8142 = CARTESIAN_POINT('',(0.,0.));
#8143 = VECTOR('',#8144,1.);
#8144 = DIRECTION('',(0.,-1.));
#8145 = ( GEOMETRIC_REPRESENTATION_CONTEXT(2) 
PARAMETRIC_REPRESENTATION_CONTEXT() REPRESENTATION_CONTEXT('2D SPACE',''
  ) );
#8146 = ADVANCED_FACE('',(#8147),#7795,.T.);
#8147 = FACE_BOUND('',#8148,.T.);
#8148 = EDGE_LOOP('',(#8149,#8172,#8173,#8174));
#8149 = ORIENTED_EDGE('',*,*,#8150,.F.);
#8150 = EDGE_CURVE('',#8102,#8151,#8153,.T.);
#8151 = VERTEX_POINT('',#8152);
#8152 = CARTESIAN_POINT('',(171.90356586536,-9.175382248131,
    95.537612033746));
#8153 = SURFACE_CURVE('',#8154,(#8158,#8165),.PCURVE_S1.);
#8154 = LINE('',#8155,#8156);
#8155 = CARTESIAN_POINT('',(171.90356586536,-9.608394950024,
    96.287612033746));
#8156 = VECTOR('',#8157,1.);
#8157 = DIRECTION('',(1.060575238725E-16,0.5,-0.866025403784));
#8158 = PCURVE('',#7795,#8159);
#8159 = DEFINITIONAL_REPRESENTATION('',(#8160),#8164);
#8160 = LINE('',#8161,#8162);
#8161 = CARTESIAN_POINT('',(0.,0.));
#8162 = VECTOR('',#8163,1.);
#8163 = DIRECTION('',(1.,0.));
#8164 = ( GEOMETRIC_REPRESENTATION_CONTEXT(2) 
PARAMETRIC_REPRESENTATION_CONTEXT() REPRESENTATION_CONTEXT('2D SPACE',''
  ) );
#8165 = PCURVE('',#7945,#8166);
#8166 = DEFINITIONAL_REPRESENTATION('',(#8167),#8171);
#8167 = LINE('',#8168,#8169);
#8168 = CARTESIAN_POINT('',(-0.75,-0.433012701892));
#8169 = VECTOR('',#8170,1.);
#8170 = DIRECTION('',(0.866025403784,-0.5));
#8171 = ( GEOMETRIC_REPRESENTATION_CONTEXT(2) 
PARAMETRIC_REPRESENTATION_CONTEXT() REPRESENTATION_CONTEXT('2D SPACE',''
  ) );
#8172 = ORIENTED_EDGE('',*,*,#8126,.T.);
#8173 = ORIENTED_EDGE('',*,*,#7779,.F.);
#8174 = ORIENTED_EDGE('',*,*,#8175,.F.);
#8175 = EDGE_CURVE('',#8151,#7752,#8176,.T.);
#8176 = SURFACE_CURVE('',#8177,(#8181,#8188),.PCURVE_S1.);
#8177 = LINE('',#8178,#8179);
#8178 = CARTESIAN_POINT('',(171.90356586536,-9.175382248131,
    95.537612033746));
#8179 = VECTOR('',#8180,1.);
#8180 = DIRECTION('',(-1.,0.,-1.224646799147E-16));
#8181 = PCURVE('',#7795,#8182);
#8182 = DEFINITIONAL_REPRESENTATION('',(#8183),#8187);
#8183 = LINE('',#8184,#8185);
#8184 = CARTESIAN_POINT('',(0.866025403784,-9.184850993605E-17));
#8185 = VECTOR('',#8186,1.);
#8186 = DIRECTION('',(0.,-1.));
#8187 = ( GEOMETRIC_REPRESENTATION_CONTEXT(2) 
PARAMETRIC_REPRESENTATION_CONTEXT() REPRESENTATION_CONTEXT('2D SPACE',''
  ) );
#8188 = PCURVE('',#7767,#8189);
#8189 = DEFINITIONAL_REPRESENTATION('',(#8190),#8194);
#8190 = LINE('',#8191,#8192);
#8191 = CARTESIAN_POINT('',(0.,0.));
#8192 = VECTOR('',#8193,1.);
#8193 = DIRECTION('',(0.,-1.));
#8194 = ( GEOMETRIC_REPRESENTATION_CONTEXT(2) 
PARAMETRIC_REPRESENTATION_CONTEXT() REPRESENTATION_CONTEXT('2D SPACE',''
  ) );
#8195 = ADVANCED_FACE('',(#8196),#7767,.T.);
#8196 = FACE_BOUND('',#8197,.T.);
#8197 = EDGE_LOOP('',(#8198,#8219,#8220,#8221));
#8198 = ORIENTED_EDGE('',*,*,#8199,.F.);
#8199 = EDGE_CURVE('',#8151,#7928,#8200,.T.);
#8200 = SURFACE_CURVE('',#8201,(#8205,#8212),.PCURVE_S1.);
#8201 = LINE('',#8202,#8203);
#8202 = CARTESIAN_POINT('',(171.90356586536,-9.175382248131,
    95.537612033746));
#8203 = VECTOR('',#8204,1.);
#8204 = DIRECTION('',(1.060575238725E-16,-0.5,-0.866025403784));
#8205 = PCURVE('',#7767,#8206);
#8206 = DEFINITIONAL_REPRESENTATION('',(#8207),#8211);
#8207 = LINE('',#8208,#8209);
#8208 = CARTESIAN_POINT('',(0.,0.));
#8209 = VECTOR('',#8210,1.);
#8210 = DIRECTION('',(1.,0.));
#8211 = ( GEOMETRIC_REPRESENTATION_CONTEXT(2) 
PARAMETRIC_REPRESENTATION_CONTEXT() REPRESENTATION_CONTEXT('2D SPACE',''
  ) );
#8212 = PCURVE('',#7945,#8213);
#8213 = DEFINITIONAL_REPRESENTATION('',(#8214),#8218);
#8214 = LINE('',#8215,#8216);
#8215 = CARTESIAN_POINT('',(0.,-0.866025403784));
#8216 = VECTOR('',#8217,1.);
#8217 = DIRECTION('',(0.866025403784,0.5));
#8218 = ( GEOMETRIC_REPRESENTATION_CONTEXT(2) 
PARAMETRIC_REPRESENTATION_CONTEXT() REPRESENTATION_CONTEXT('2D SPACE',''
  ) );
#8219 = ORIENTED_EDGE('',*,*,#8175,.T.);
#8220 = ORIENTED_EDGE('',*,*,#7751,.F.);
#8221 = ORIENTED_EDGE('',*,*,#7957,.F.);
#8222 = ADVANCED_FACE('',(#8223),#7912,.T.);
#8223 = FACE_BOUND('',#8224,.T.);
#8224 = EDGE_LOOP('',(#8225,#8226,#8249,#8276));
#8225 = ORIENTED_EDGE('',*,*,#7895,.F.);
#8226 = ORIENTED_EDGE('',*,*,#8227,.F.);
#8227 = EDGE_CURVE('',#8228,#7896,#8230,.T.);
#8228 = VERTEX_POINT('',#8229);
#8229 = CARTESIAN_POINT('',(180.70356586536,-10.04140765191,
    94.537612033746));
#8230 = SEAM_CURVE('',#8231,(#8235,#8242),.PCURVE_S1.);
#8231 = LINE('',#8232,#8233);
#8232 = CARTESIAN_POINT('',(180.70356586536,-10.04140765191,
    94.537612033746));
#8233 = VECTOR('',#8234,1.);
#8234 = DIRECTION('',(-1.,0.,-1.224646799147E-16));
#8235 = PCURVE('',#7912,#8236);
#8236 = DEFINITIONAL_REPRESENTATION('',(#8237),#8241);
#8237 = LINE('',#8238,#8239);
#8238 = CARTESIAN_POINT('',(6.28318530718,-0.));
#8239 = VECTOR('',#8240,1.);
#8240 = DIRECTION('',(0.,1.));
#8241 = ( GEOMETRIC_REPRESENTATION_CONTEXT(2) 
PARAMETRIC_REPRESENTATION_CONTEXT() REPRESENTATION_CONTEXT('2D SPACE',''
  ) );
#8242 = PCURVE('',#7912,#8243);
#8243 = DEFINITIONAL_REPRESENTATION('',(#8244),#8248);
#8244 = LINE('',#8245,#8246);
#8245 = CARTESIAN_POINT('',(0.,-0.));
#8246 = VECTOR('',#8247,1.);
#8247 = DIRECTION('',(0.,1.));
#8248 = ( GEOMETRIC_REPRESENTATION_CONTEXT(2) 
PARAMETRIC_REPRESENTATION_CONTEXT() REPRESENTATION_CONTEXT('2D SPACE',''
  ) );
#8249 = ORIENTED_EDGE('',*,*,#8250,.T.);
#8250 = EDGE_CURVE('',#8228,#8228,#8251,.T.);
#8251 = SURFACE_CURVE('',#8252,(#8257,#8264),.PCURVE_S1.);
#8252 = CIRCLE('',#8253,1.);
#8253 = AXIS2_PLACEMENT_3D('',#8254,#8255,#8256);
#8254 = CARTESIAN_POINT('',(180.70356586536,-10.04140765191,
    95.537612033746));
#8255 = DIRECTION('',(-1.,0.,-1.224646799147E-16));
#8256 = DIRECTION('',(1.224646799147E-16,0.,-1.));
#8257 = PCURVE('',#7912,#8258);
#8258 = DEFINITIONAL_REPRESENTATION('',(#8259),#8263);
#8259 = LINE('',#8260,#8261);
#8260 = CARTESIAN_POINT('',(0.,0.));
#8261 = VECTOR('',#8262,1.);
#8262 = DIRECTION('',(1.,0.));
#8263 = ( GEOMETRIC_REPRESENTATION_CONTEXT(2) 
PARAMETRIC_REPRESENTATION_CONTEXT() REPRESENTATION_CONTEXT('2D SPACE',''
  ) );
#8264 = PCURVE('',#8265,#8270);
#8265 = PLANE('',#8266);
#8266 = AXIS2_PLACEMENT_3D('',#8267,#8268,#8269);
#8267 = CARTESIAN_POINT('',(180.70356586536,-10.04140765191,
    95.537612033746));
#8268 = DIRECTION('',(-1.,0.,-1.224646799147E-16));
#8269 = DIRECTION('',(1.224646799147E-16,0.,-1.));
#8270 = DEFINITIONAL_REPRESENTATION('',(#8271),#8275);
#8271 = CIRCLE('',#8272,1.);
#8272 = AXIS2_PLACEMENT_2D('',#8273,#8274);
#8273 = CARTESIAN_POINT('',(0.,0.));
#8274 = DIRECTION('',(1.,0.));
#8275 = ( GEOMETRIC_REPRESENTATION_CONTEXT(2) 
PARAMETRIC_REPRESENTATION_CONTEXT() REPRESENTATION_CONTEXT('2D SPACE',''
  ) );
#8276 = ORIENTED_EDGE('',*,*,#8227,.T.);
#8277 = ADVANCED_FACE('',(#8278),#7945,.T.);
#8278 = FACE_BOUND('',#8279,.T.);
#8279 = EDGE_LOOP('',(#8280,#8281,#8282,#8283,#8284,#8285));
#8280 = ORIENTED_EDGE('',*,*,#8199,.T.);
#8281 = ORIENTED_EDGE('',*,*,#7927,.T.);
#8282 = ORIENTED_EDGE('',*,*,#8003,.T.);
#8283 = ORIENTED_EDGE('',*,*,#8052,.T.);
#8284 = ORIENTED_EDGE('',*,*,#8101,.T.);
#8285 = ORIENTED_EDGE('',*,*,#8150,.T.);
#8286 = ADVANCED_FACE('',(#8287),#8265,.F.);
#8287 = FACE_BOUND('',#8288,.T.);
#8288 = EDGE_LOOP('',(#8289));
#8289 = ORIENTED_EDGE('',*,*,#8250,.F.);
#8290 = ( GEOMETRIC_REPRESENTATION_CONTEXT(3) 
GLOBAL_UNCERTAINTY_ASSIGNED_CONTEXT((#8294)) 
GLOBAL_UNIT_ASSIGNED_CONTEXT((#8291,#8292,#8293)) REPRESENTATION_CONTEXT
('Context #1','3D Context with UNIT and UNCERTAINTY') );
#8291 = ( LENGTH_UNIT() NAMED_UNIT(*) SI_UNIT(.MILLI.,.METRE.) );
#8292 = ( NAMED_UNIT(*) PLANE_ANGLE_UNIT() SI_UNIT($,.RADIAN.) );
#8293 = ( NAMED_UNIT(*) SI_UNIT($,.STERADIAN.) SOLID_ANGLE_UNIT() );
#8294 = UNCERTAINTY_MEASURE_WITH_UNIT(LENGTH_MEASURE(1.E-07),#8291,
  'distance_accuracy_value','confusion accuracy');
#8295 = CONTEXT_DEPENDENT_SHAPE_REPRESENTATION(#8296,#8298);
#8296 = ( REPRESENTATION_RELATIONSHIP('','',#7623,#10) 
REPRESENTATION_RELATIONSHIP_WITH_TRANSFORMATION(#8297) 
SHAPE_REPRESENTATION_RELATIONSHIP() );
#8297 = ITEM_DEFINED_TRANSFORMATION('','',#11,#59);
#8298 = PRODUCT_DEFINITION_SHAPE('Placement','Placement of an item',
  #8299);
#8299 = NEXT_ASSEMBLY_USAGE_OCCURRENCE('60','','',#5,#7618,$);
#8300 = PRODUCT_RELATED_PRODUCT_CATEGORY('part',$,(#7620));
#8301 = SHAPE_DEFINITION_REPRESENTATION(#8302,#8308);
#8302 = PRODUCT_DEFINITION_SHAPE('','',#8303);
#8303 = PRODUCT_DEFINITION('design','',#8304,#8307);
#8304 = PRODUCT_DEFINITION_FORMATION('','',#8305);
#8305 = PRODUCT('Open CASCADE STEP translator 7.9 10.13',
  'Open CASCADE STEP translator 7.9 10.13','',(#8306));
#8306 = PRODUCT_CONTEXT('',#2,'mechanical');
#8307 = PRODUCT_DEFINITION_CONTEXT('part definition',#2,'design');
#8308 = ADVANCED_BREP_SHAPE_REPRESENTATION('',(#11,#8309),#8975);
#8309 = MANIFOLD_SOLID_BREP('',#8310);
#8310 = CLOSED_SHELL('',(#8311,#8399,#8573,#8608,#8684,#8733,#8782,#8831
    ,#8880,#8907,#8962,#8971));
#8311 = ADVANCED_FACE('',(#8312),#8325,.T.);
#8312 = FACE_BOUND('',#8313,.T.);
#8313 = EDGE_LOOP('',(#8314,#8348,#8371,#8398));
#8314 = ORIENTED_EDGE('',*,*,#8315,.F.);
#8315 = EDGE_CURVE('',#8316,#8316,#8318,.T.);
#8316 = VERTEX_POINT('',#8317);
#8317 = CARTESIAN_POINT('',(170.70356586536,29.685365257339,
    89.462159947546));
#8318 = SURFACE_CURVE('',#8319,(#8324,#8336),.PCURVE_S1.);
#8319 = CIRCLE('',#8320,1.9);
#8320 = AXIS2_PLACEMENT_3D('',#8321,#8322,#8323);
#8321 = CARTESIAN_POINT('',(170.70356586536,29.685365257339,
    91.362159947546));
#8322 = DIRECTION('',(-1.,0.,-1.224646799147E-16));
#8323 = DIRECTION('',(1.224646799147E-16,0.,-1.));
#8324 = PCURVE('',#8325,#8330);
#8325 = CYLINDRICAL_SURFACE('',#8326,1.9);
#8326 = AXIS2_PLACEMENT_3D('',#8327,#8328,#8329);
#8327 = CARTESIAN_POINT('',(172.70356586536,29.685365257339,
    91.362159947546));
#8328 = DIRECTION('',(-1.,0.,-1.224646799147E-16));
#8329 = DIRECTION('',(1.224646799147E-16,0.,-1.));
#8330 = DEFINITIONAL_REPRESENTATION('',(#8331),#8335);
#8331 = LINE('',#8332,#8333);
#8332 = CARTESIAN_POINT('',(0.,2.));
#8333 = VECTOR('',#8334,1.);
#8334 = DIRECTION('',(1.,0.));
#8335 = ( GEOMETRIC_REPRESENTATION_CONTEXT(2) 
PARAMETRIC_REPRESENTATION_CONTEXT() REPRESENTATION_CONTEXT('2D SPACE',''
  ) );
#8336 = PCURVE('',#8337,#8342);
#8337 = PLANE('',#8338);
#8338 = AXIS2_PLACEMENT_3D('',#8339,#8340,#8341);
#8339 = CARTESIAN_POINT('',(170.70356586536,29.685365257339,
    91.362159947546));
#8340 = DIRECTION('',(-1.,0.,-1.224646799147E-16));
#8341 = DIRECTION('',(1.224646799147E-16,0.,-1.));
#8342 = DEFINITIONAL_REPRESENTATION('',(#8343),#8347);
#8343 = CIRCLE('',#8344,1.9);
#8344 = AXIS2_PLACEMENT_2D('',#8345,#8346);
#8345 = CARTESIAN_POINT('',(0.,0.));
#8346 = DIRECTION('',(1.,0.));
#8347 = ( GEOMETRIC_REPRESENTATION_CONTEXT(2) 
PARAMETRIC_REPRESENTATION_CONTEXT() REPRESENTATION_CONTEXT('2D SPACE',''
  ) );
#8348 = ORIENTED_EDGE('',*,*,#8349,.F.);
#8349 = EDGE_CURVE('',#8350,#8316,#8352,.T.);
#8350 = VERTEX_POINT('',#8351);
#8351 = CARTESIAN_POINT('',(172.70356586536,29.685365257339,
    89.462159947546));
#8352 = SEAM_CURVE('',#8353,(#8357,#8364),.PCURVE_S1.);
#8353 = LINE('',#8354,#8355);
#8354 = CARTESIAN_POINT('',(172.70356586536,29.685365257339,
    89.462159947546));
#8355 = VECTOR('',#8356,1.);
#8356 = DIRECTION('',(-1.,0.,-1.224646799147E-16));
#8357 = PCURVE('',#8325,#8358);
#8358 = DEFINITIONAL_REPRESENTATION('',(#8359),#8363);
#8359 = LINE('',#8360,#8361);
#8360 = CARTESIAN_POINT('',(6.28318530718,-0.));
#8361 = VECTOR('',#8362,1.);
#8362 = DIRECTION('',(0.,1.));
#8363 = ( GEOMETRIC_REPRESENTATION_CONTEXT(2) 
PARAMETRIC_REPRESENTATION_CONTEXT() REPRESENTATION_CONTEXT('2D SPACE',''
  ) );
#8364 = PCURVE('',#8325,#8365);
#8365 = DEFINITIONAL_REPRESENTATION('',(#8366),#8370);
#8366 = LINE('',#8367,#8368);
#8367 = CARTESIAN_POINT('',(0.,-0.));
#8368 = VECTOR('',#8369,1.);
#8369 = DIRECTION('',(0.,1.));
#8370 = ( GEOMETRIC_REPRESENTATION_CONTEXT(2) 
PARAMETRIC_REPRESENTATION_CONTEXT() REPRESENTATION_CONTEXT('2D SPACE',''
  ) );
#8371 = ORIENTED_EDGE('',*,*,#8372,.T.);
#8372 = EDGE_CURVE('',#8350,#8350,#8373,.T.);
#8373 = SURFACE_CURVE('',#8374,(#8379,#8386),.PCURVE_S1.);
#8374 = CIRCLE('',#8375,1.9);
#8375 = AXIS2_PLACEMENT_3D('',#8376,#8377,#8378);
#8376 = CARTESIAN_POINT('',(172.70356586536,29.685365257339,
    91.362159947546));
#8377 = DIRECTION('',(-1.,0.,-1.224646799147E-16));
#8378 = DIRECTION('',(1.224646799147E-16,0.,-1.));
#8379 = PCURVE('',#8325,#8380);
#8380 = DEFINITIONAL_REPRESENTATION('',(#8381),#8385);
#8381 = LINE('',#8382,#8383);
#8382 = CARTESIAN_POINT('',(0.,0.));
#8383 = VECTOR('',#8384,1.);
#8384 = DIRECTION('',(1.,0.));
#8385 = ( GEOMETRIC_REPRESENTATION_CONTEXT(2) 
PARAMETRIC_REPRESENTATION_CONTEXT() REPRESENTATION_CONTEXT('2D SPACE',''
  ) );
#8386 = PCURVE('',#8387,#8392);
#8387 = PLANE('',#8388);
#8388 = AXIS2_PLACEMENT_3D('',#8389,#8390,#8391);
#8389 = CARTESIAN_POINT('',(172.70356586536,29.685365257339,
    91.362159947546));
#8390 = DIRECTION('',(-1.,0.,-1.224646799147E-16));
#8391 = DIRECTION('',(1.224646799147E-16,0.,-1.));
#8392 = DEFINITIONAL_REPRESENTATION('',(#8393),#8397);
#8393 = CIRCLE('',#8394,1.9);
#8394 = AXIS2_PLACEMENT_2D('',#8395,#8396);
#8395 = CARTESIAN_POINT('',(0.,0.));
#8396 = DIRECTION('',(1.,0.));
#8397 = ( GEOMETRIC_REPRESENTATION_CONTEXT(2) 
PARAMETRIC_REPRESENTATION_CONTEXT() REPRESENTATION_CONTEXT('2D SPACE',''
  ) );
#8398 = ORIENTED_EDGE('',*,*,#8349,.T.);
#8399 = ADVANCED_FACE('',(#8400,#8403),#8337,.T.);
#8400 = FACE_BOUND('',#8401,.T.);
#8401 = EDGE_LOOP('',(#8402));
#8402 = ORIENTED_EDGE('',*,*,#8315,.T.);
#8403 = FACE_BOUND('',#8404,.T.);
#8404 = EDGE_LOOP('',(#8405,#8435,#8463,#8491,#8519,#8547));
#8405 = ORIENTED_EDGE('',*,*,#8406,.T.);
#8406 = EDGE_CURVE('',#8407,#8409,#8411,.T.);
#8407 = VERTEX_POINT('',#8408);
#8408 = CARTESIAN_POINT('',(170.70356586536,29.252352555446,
    90.612159947546));
#8409 = VERTEX_POINT('',#8410);
#8410 = CARTESIAN_POINT('',(170.70356586536,30.118377959231,
    90.612159947546));
#8411 = SURFACE_CURVE('',#8412,(#8416,#8423),.PCURVE_S1.);
#8412 = LINE('',#8413,#8414);
#8413 = CARTESIAN_POINT('',(170.70356586536,29.901871608285,
    90.612159947546));
#8414 = VECTOR('',#8415,1.);
#8415 = DIRECTION('',(-1.569966732506E-32,1.,1.281975124256E-16));
#8416 = PCURVE('',#8337,#8417);
#8417 = DEFINITIONAL_REPRESENTATION('',(#8418),#8422);
#8418 = LINE('',#8419,#8420);
#8419 = CARTESIAN_POINT('',(0.75,-0.216506350946));
#8420 = VECTOR('',#8421,1.);
#8421 = DIRECTION('',(-1.281975124256E-16,-1.));
#8422 = ( GEOMETRIC_REPRESENTATION_CONTEXT(2) 
PARAMETRIC_REPRESENTATION_CONTEXT() REPRESENTATION_CONTEXT('2D SPACE',''
  ) );
#8423 = PCURVE('',#8424,#8429);
#8424 = PLANE('',#8425);
#8425 = AXIS2_PLACEMENT_3D('',#8426,#8427,#8428);
#8426 = CARTESIAN_POINT('',(171.90356586536,30.118377959231,
    90.612159947546));
#8427 = DIRECTION('',(-1.224646799147E-16,-1.281975124256E-16,1.));
#8428 = DIRECTION('',(1.569966732506E-32,-1.,-1.281975124256E-16));
#8429 = DEFINITIONAL_REPRESENTATION('',(#8430),#8434);
#8430 = LINE('',#8431,#8432);
#8431 = CARTESIAN_POINT('',(0.216506350946,-1.2));
#8432 = VECTOR('',#8433,1.);
#8433 = DIRECTION('',(-1.,0.));
#8434 = ( GEOMETRIC_REPRESENTATION_CONTEXT(2) 
PARAMETRIC_REPRESENTATION_CONTEXT() REPRESENTATION_CONTEXT('2D SPACE',''
  ) );
#8435 = ORIENTED_EDGE('',*,*,#8436,.T.);
#8436 = EDGE_CURVE('',#8409,#8437,#8439,.T.);
#8437 = VERTEX_POINT('',#8438);
#8438 = CARTESIAN_POINT('',(170.70356586536,30.551390661123,
    91.362159947546));
#8439 = SURFACE_CURVE('',#8440,(#8444,#8451),.PCURVE_S1.);
#8440 = LINE('',#8441,#8442);
#8441 = CARTESIAN_POINT('',(170.70356586536,30.44313748565,
    91.174659947546));
#8442 = VECTOR('',#8443,1.);
#8443 = DIRECTION('',(-1.060575238725E-16,0.5,0.866025403784));
#8444 = PCURVE('',#8337,#8445);
#8445 = DEFINITIONAL_REPRESENTATION('',(#8446),#8450);
#8446 = LINE('',#8447,#8448);
#8447 = CARTESIAN_POINT('',(0.1875,-0.757772228311));
#8448 = VECTOR('',#8449,1.);
#8449 = DIRECTION('',(-0.866025403784,-0.5));
#8450 = ( GEOMETRIC_REPRESENTATION_CONTEXT(2) 
PARAMETRIC_REPRESENTATION_CONTEXT() REPRESENTATION_CONTEXT('2D SPACE',''
  ) );
#8451 = PCURVE('',#8452,#8457);
#8452 = PLANE('',#8453);
#8453 = AXIS2_PLACEMENT_3D('',#8454,#8455,#8456);
#8454 = CARTESIAN_POINT('',(171.90356586536,30.551390661123,
    91.362159947546));
#8455 = DIRECTION('',(-6.123233995737E-17,-0.866025403784,0.5));
#8456 = DIRECTION('',(1.060575238725E-16,-0.5,-0.866025403784));
#8457 = DEFINITIONAL_REPRESENTATION('',(#8458),#8462);
#8458 = LINE('',#8459,#8460);
#8459 = CARTESIAN_POINT('',(0.216506350946,-1.2));
#8460 = VECTOR('',#8461,1.);
#8461 = DIRECTION('',(-1.,0.));
#8462 = ( GEOMETRIC_REPRESENTATION_CONTEXT(2) 
PARAMETRIC_REPRESENTATION_CONTEXT() REPRESENTATION_CONTEXT('2D SPACE',''
  ) );
#8463 = ORIENTED_EDGE('',*,*,#8464,.T.);
#8464 = EDGE_CURVE('',#8437,#8465,#8467,.T.);
#8465 = VERTEX_POINT('',#8466);
#8466 = CARTESIAN_POINT('',(170.70356586536,30.118377959231,
    92.112159947546));
#8467 = SURFACE_CURVE('',#8468,(#8472,#8479),.PCURVE_S1.);
#8468 = LINE('',#8469,#8470);
#8469 = CARTESIAN_POINT('',(170.70356586536,30.226631134704,
    91.924659947546));
#8470 = VECTOR('',#8471,1.);
#8471 = DIRECTION('',(-1.060575238725E-16,-0.5,0.866025403784));
#8472 = PCURVE('',#8337,#8473);
#8473 = DEFINITIONAL_REPRESENTATION('',(#8474),#8478);
#8474 = LINE('',#8475,#8476);
#8475 = CARTESIAN_POINT('',(-0.5625,-0.541265877365));
#8476 = VECTOR('',#8477,1.);
#8477 = DIRECTION('',(-0.866025403784,0.5));
#8478 = ( GEOMETRIC_REPRESENTATION_CONTEXT(2) 
PARAMETRIC_REPRESENTATION_CONTEXT() REPRESENTATION_CONTEXT('2D SPACE',''
  ) );
#8479 = PCURVE('',#8480,#8485);
#8480 = PLANE('',#8481);
#8481 = AXIS2_PLACEMENT_3D('',#8482,#8483,#8484);
#8482 = CARTESIAN_POINT('',(171.90356586536,30.118377959231,
    92.112159947546));
#8483 = DIRECTION('',(6.123233995737E-17,-0.866025403784,-0.5));
#8484 = DIRECTION('',(1.060575238725E-16,0.5,-0.866025403784));
#8485 = DEFINITIONAL_REPRESENTATION('',(#8486),#8490);
#8486 = LINE('',#8487,#8488);
#8487 = CARTESIAN_POINT('',(0.216506350946,-1.2));
#8488 = VECTOR('',#8489,1.);
#8489 = DIRECTION('',(-1.,0.));
#8490 = ( GEOMETRIC_REPRESENTATION_CONTEXT(2) 
PARAMETRIC_REPRESENTATION_CONTEXT() REPRESENTATION_CONTEXT('2D SPACE',''
  ) );
#8491 = ORIENTED_EDGE('',*,*,#8492,.T.);
#8492 = EDGE_CURVE('',#8465,#8493,#8495,.T.);
#8493 = VERTEX_POINT('',#8494);
#8494 = CARTESIAN_POINT('',(170.70356586536,29.252352555446,
    92.112159947546));
#8495 = SURFACE_CURVE('',#8496,(#8500,#8507),.PCURVE_S1.);
#8496 = LINE('',#8497,#8498);
#8497 = CARTESIAN_POINT('',(170.70356586536,29.468858906393,
    92.112159947546));
#8498 = VECTOR('',#8499,1.);
#8499 = DIRECTION('',(7.849833662531E-32,-1.,-6.409875621279E-16));
#8500 = PCURVE('',#8337,#8501);
#8501 = DEFINITIONAL_REPRESENTATION('',(#8502),#8506);
#8502 = LINE('',#8503,#8504);
#8503 = CARTESIAN_POINT('',(-0.75,0.216506350946));
#8504 = VECTOR('',#8505,1.);
#8505 = DIRECTION('',(6.409875621279E-16,1.));
#8506 = ( GEOMETRIC_REPRESENTATION_CONTEXT(2) 
PARAMETRIC_REPRESENTATION_CONTEXT() REPRESENTATION_CONTEXT('2D SPACE',''
  ) );
#8507 = PCURVE('',#8508,#8513);
#8508 = PLANE('',#8509);
#8509 = AXIS2_PLACEMENT_3D('',#8510,#8511,#8512);
#8510 = CARTESIAN_POINT('',(171.90356586536,29.252352555446,
    92.112159947546));
#8511 = DIRECTION('',(1.224646799147E-16,6.409875621279E-16,-1.));
#8512 = DIRECTION('',(-7.849833662531E-32,1.,6.409875621279E-16));
#8513 = DEFINITIONAL_REPRESENTATION('',(#8514),#8518);
#8514 = LINE('',#8515,#8516);
#8515 = CARTESIAN_POINT('',(0.216506350946,-1.2));
#8516 = VECTOR('',#8517,1.);
#8517 = DIRECTION('',(-1.,0.));
#8518 = ( GEOMETRIC_REPRESENTATION_CONTEXT(2) 
PARAMETRIC_REPRESENTATION_CONTEXT() REPRESENTATION_CONTEXT('2D SPACE',''
  ) );
#8519 = ORIENTED_EDGE('',*,*,#8520,.T.);
#8520 = EDGE_CURVE('',#8493,#8521,#8523,.T.);
#8521 = VERTEX_POINT('',#8522);
#8522 = CARTESIAN_POINT('',(170.70356586536,28.819339853554,
    91.362159947546));
#8523 = SURFACE_CURVE('',#8524,(#8528,#8535),.PCURVE_S1.);
#8524 = LINE('',#8525,#8526);
#8525 = CARTESIAN_POINT('',(170.70356586536,28.927593029027,
    91.549659947546));
#8526 = VECTOR('',#8527,1.);
#8527 = DIRECTION('',(1.060575238725E-16,-0.5,-0.866025403784));
#8528 = PCURVE('',#8337,#8529);
#8529 = DEFINITIONAL_REPRESENTATION('',(#8530),#8534);
#8530 = LINE('',#8531,#8532);
#8531 = CARTESIAN_POINT('',(-0.1875,0.757772228311));
#8532 = VECTOR('',#8533,1.);
#8533 = DIRECTION('',(0.866025403784,0.5));
#8534 = ( GEOMETRIC_REPRESENTATION_CONTEXT(2) 
PARAMETRIC_REPRESENTATION_CONTEXT() REPRESENTATION_CONTEXT('2D SPACE',''
  ) );
#8535 = PCURVE('',#8536,#8541);
#8536 = PLANE('',#8537);
#8537 = AXIS2_PLACEMENT_3D('',#8538,#8539,#8540);
#8538 = CARTESIAN_POINT('',(171.90356586536,28.819339853554,
    91.362159947546));
#8539 = DIRECTION('',(6.123233995737E-17,0.866025403784,-0.5));
#8540 = DIRECTION('',(-1.060575238725E-16,0.5,0.866025403784));
#8541 = DEFINITIONAL_REPRESENTATION('',(#8542),#8546);
#8542 = LINE('',#8543,#8544);
#8543 = CARTESIAN_POINT('',(0.216506350946,-1.2));
#8544 = VECTOR('',#8545,1.);
#8545 = DIRECTION('',(-1.,0.));
#8546 = ( GEOMETRIC_REPRESENTATION_CONTEXT(2) 
PARAMETRIC_REPRESENTATION_CONTEXT() REPRESENTATION_CONTEXT('2D SPACE',''
  ) );
#8547 = ORIENTED_EDGE('',*,*,#8548,.T.);
#8548 = EDGE_CURVE('',#8521,#8407,#8549,.T.);
#8549 = SURFACE_CURVE('',#8550,(#8554,#8561),.PCURVE_S1.);
#8550 = LINE('',#8551,#8552);
#8551 = CARTESIAN_POINT('',(170.70356586536,29.144099379973,
    90.799659947546));
#8552 = VECTOR('',#8553,1.);
#8553 = DIRECTION('',(1.060575238725E-16,0.5,-0.866025403784));
#8554 = PCURVE('',#8337,#8555);
#8555 = DEFINITIONAL_REPRESENTATION('',(#8556),#8560);
#8556 = LINE('',#8557,#8558);
#8557 = CARTESIAN_POINT('',(0.5625,0.541265877365));
#8558 = VECTOR('',#8559,1.);
#8559 = DIRECTION('',(0.866025403784,-0.5));
#8560 = ( GEOMETRIC_REPRESENTATION_CONTEXT(2) 
PARAMETRIC_REPRESENTATION_CONTEXT() REPRESENTATION_CONTEXT('2D SPACE',''
  ) );
#8561 = PCURVE('',#8562,#8567);
#8562 = PLANE('',#8563);
#8563 = AXIS2_PLACEMENT_3D('',#8564,#8565,#8566);
#8564 = CARTESIAN_POINT('',(171.90356586536,29.252352555446,
    90.612159947546));
#8565 = DIRECTION('',(-6.123233995737E-17,0.866025403784,0.5));
#8566 = DIRECTION('',(-1.060575238725E-16,-0.5,0.866025403784));
#8567 = DEFINITIONAL_REPRESENTATION('',(#8568),#8572);
#8568 = LINE('',#8569,#8570);
#8569 = CARTESIAN_POINT('',(0.216506350946,-1.2));
#8570 = VECTOR('',#8571,1.);
#8571 = DIRECTION('',(-1.,0.));
#8572 = ( GEOMETRIC_REPRESENTATION_CONTEXT(2) 
PARAMETRIC_REPRESENTATION_CONTEXT() REPRESENTATION_CONTEXT('2D SPACE',''
  ) );
#8573 = ADVANCED_FACE('',(#8574,#8577),#8387,.F.);
#8574 = FACE_BOUND('',#8575,.F.);
#8575 = EDGE_LOOP('',(#8576));
#8576 = ORIENTED_EDGE('',*,*,#8372,.T.);
#8577 = FACE_BOUND('',#8578,.F.);
#8578 = EDGE_LOOP('',(#8579));
#8579 = ORIENTED_EDGE('',*,*,#8580,.F.);
#8580 = EDGE_CURVE('',#8581,#8581,#8583,.T.);
#8581 = VERTEX_POINT('',#8582);
#8582 = CARTESIAN_POINT('',(172.70356586536,29.685365257339,
    90.362159947546));
#8583 = SURFACE_CURVE('',#8584,(#8589,#8596),.PCURVE_S1.);
#8584 = CIRCLE('',#8585,1.);
#8585 = AXIS2_PLACEMENT_3D('',#8586,#8587,#8588);
#8586 = CARTESIAN_POINT('',(172.70356586536,29.685365257339,
    91.362159947546));
#8587 = DIRECTION('',(-1.,0.,-1.224646799147E-16));
#8588 = DIRECTION('',(1.224646799147E-16,0.,-1.));
#8589 = PCURVE('',#8387,#8590);
#8590 = DEFINITIONAL_REPRESENTATION('',(#8591),#8595);
#8591 = CIRCLE('',#8592,1.);
#8592 = AXIS2_PLACEMENT_2D('',#8593,#8594);
#8593 = CARTESIAN_POINT('',(0.,0.));
#8594 = DIRECTION('',(1.,0.));
#8595 = ( GEOMETRIC_REPRESENTATION_CONTEXT(2) 
PARAMETRIC_REPRESENTATION_CONTEXT() REPRESENTATION_CONTEXT('2D SPACE',''
  ) );
#8596 = PCURVE('',#8597,#8602);
#8597 = CYLINDRICAL_SURFACE('',#8598,1.);
#8598 = AXIS2_PLACEMENT_3D('',#8599,#8600,#8601);
#8599 = CARTESIAN_POINT('',(180.70356586536,29.685365257339,
    91.362159947546));
#8600 = DIRECTION('',(-1.,0.,-1.224646799147E-16));
#8601 = DIRECTION('',(1.224646799147E-16,0.,-1.));
#8602 = DEFINITIONAL_REPRESENTATION('',(#8603),#8607);
#8603 = LINE('',#8604,#8605);
#8604 = CARTESIAN_POINT('',(0.,8.));
#8605 = VECTOR('',#8606,1.);
#8606 = DIRECTION('',(1.,0.));
#8607 = ( GEOMETRIC_REPRESENTATION_CONTEXT(2) 
PARAMETRIC_REPRESENTATION_CONTEXT() REPRESENTATION_CONTEXT('2D SPACE',''
  ) );
#8608 = ADVANCED_FACE('',(#8609),#8424,.T.);
#8609 = FACE_BOUND('',#8610,.T.);
#8610 = EDGE_LOOP('',(#8611,#8641,#8662,#8663));
#8611 = ORIENTED_EDGE('',*,*,#8612,.F.);
#8612 = EDGE_CURVE('',#8613,#8615,#8617,.T.);
#8613 = VERTEX_POINT('',#8614);
#8614 = CARTESIAN_POINT('',(171.90356586536,30.118377959231,
    90.612159947546));
#8615 = VERTEX_POINT('',#8616);
#8616 = CARTESIAN_POINT('',(171.90356586536,29.252352555446,
    90.612159947546));
#8617 = SURFACE_CURVE('',#8618,(#8622,#8629),.PCURVE_S1.);
#8618 = LINE('',#8619,#8620);
#8619 = CARTESIAN_POINT('',(171.90356586536,30.118377959231,
    90.612159947546));
#8620 = VECTOR('',#8621,1.);
#8621 = DIRECTION('',(1.569966732506E-32,-1.,-1.281975124256E-16));
#8622 = PCURVE('',#8424,#8623);
#8623 = DEFINITIONAL_REPRESENTATION('',(#8624),#8628);
#8624 = LINE('',#8625,#8626);
#8625 = CARTESIAN_POINT('',(0.,0.));
#8626 = VECTOR('',#8627,1.);
#8627 = DIRECTION('',(1.,0.));
#8628 = ( GEOMETRIC_REPRESENTATION_CONTEXT(2) 
PARAMETRIC_REPRESENTATION_CONTEXT() REPRESENTATION_CONTEXT('2D SPACE',''
  ) );
#8629 = PCURVE('',#8630,#8635);
#8630 = PLANE('',#8631);
#8631 = AXIS2_PLACEMENT_3D('',#8632,#8633,#8634);
#8632 = CARTESIAN_POINT('',(171.90356586536,29.685365257339,
    91.362159947546));
#8633 = DIRECTION('',(-1.,0.,-1.224646799147E-16));
#8634 = DIRECTION('',(1.224646799147E-16,0.,-1.));
#8635 = DEFINITIONAL_REPRESENTATION('',(#8636),#8640);
#8636 = LINE('',#8637,#8638);
#8637 = CARTESIAN_POINT('',(0.75,-0.433012701892));
#8638 = VECTOR('',#8639,1.);
#8639 = DIRECTION('',(1.281975124256E-16,1.));
#8640 = ( GEOMETRIC_REPRESENTATION_CONTEXT(2) 
PARAMETRIC_REPRESENTATION_CONTEXT() REPRESENTATION_CONTEXT('2D SPACE',''
  ) );
#8641 = ORIENTED_EDGE('',*,*,#8642,.T.);
#8642 = EDGE_CURVE('',#8613,#8409,#8643,.T.);
#8643 = SURFACE_CURVE('',#8644,(#8648,#8655),.PCURVE_S1.);
#8644 = LINE('',#8645,#8646);
#8645 = CARTESIAN_POINT('',(171.90356586536,30.118377959231,
    90.612159947546));
#8646 = VECTOR('',#8647,1.);
#8647 = DIRECTION('',(-1.,0.,-1.224646799147E-16));
#8648 = PCURVE('',#8424,#8649);
#8649 = DEFINITIONAL_REPRESENTATION('',(#8650),#8654);
#8650 = LINE('',#8651,#8652);
#8651 = CARTESIAN_POINT('',(0.,0.));
#8652 = VECTOR('',#8653,1.);
#8653 = DIRECTION('',(0.,-1.));
#8654 = ( GEOMETRIC_REPRESENTATION_CONTEXT(2) 
PARAMETRIC_REPRESENTATION_CONTEXT() REPRESENTATION_CONTEXT('2D SPACE',''
  ) );
#8655 = PCURVE('',#8452,#8656);
#8656 = DEFINITIONAL_REPRESENTATION('',(#8657),#8661);
#8657 = LINE('',#8658,#8659);
#8658 = CARTESIAN_POINT('',(0.866025403784,-9.184850993605E-17));
#8659 = VECTOR('',#8660,1.);
#8660 = DIRECTION('',(0.,-1.));
#8661 = ( GEOMETRIC_REPRESENTATION_CONTEXT(2) 
PARAMETRIC_REPRESENTATION_CONTEXT() REPRESENTATION_CONTEXT('2D SPACE',''
  ) );
#8662 = ORIENTED_EDGE('',*,*,#8406,.F.);
#8663 = ORIENTED_EDGE('',*,*,#8664,.F.);
#8664 = EDGE_CURVE('',#8615,#8407,#8665,.T.);
#8665 = SURFACE_CURVE('',#8666,(#8670,#8677),.PCURVE_S1.);
#8666 = LINE('',#8667,#8668);
#8667 = CARTESIAN_POINT('',(171.90356586536,29.252352555446,
    90.612159947546));
#8668 = VECTOR('',#8669,1.);
#8669 = DIRECTION('',(-1.,0.,-1.224646799147E-16));
#8670 = PCURVE('',#8424,#8671);
#8671 = DEFINITIONAL_REPRESENTATION('',(#8672),#8676);
#8672 = LINE('',#8673,#8674);
#8673 = CARTESIAN_POINT('',(0.866025403784,0.));
#8674 = VECTOR('',#8675,1.);
#8675 = DIRECTION('',(0.,-1.));
#8676 = ( GEOMETRIC_REPRESENTATION_CONTEXT(2) 
PARAMETRIC_REPRESENTATION_CONTEXT() REPRESENTATION_CONTEXT('2D SPACE',''
  ) );
#8677 = PCURVE('',#8562,#8678);
#8678 = DEFINITIONAL_REPRESENTATION('',(#8679),#8683);
#8679 = LINE('',#8680,#8681);
#8680 = CARTESIAN_POINT('',(0.,0.));
#8681 = VECTOR('',#8682,1.);
#8682 = DIRECTION('',(0.,-1.));
#8683 = ( GEOMETRIC_REPRESENTATION_CONTEXT(2) 
PARAMETRIC_REPRESENTATION_CONTEXT() REPRESENTATION_CONTEXT('2D SPACE',''
  ) );
#8684 = ADVANCED_FACE('',(#8685),#8562,.T.);
#8685 = FACE_BOUND('',#8686,.T.);
#8686 = EDGE_LOOP('',(#8687,#8710,#8711,#8712));
#8687 = ORIENTED_EDGE('',*,*,#8688,.F.);
#8688 = EDGE_CURVE('',#8615,#8689,#8691,.T.);
#8689 = VERTEX_POINT('',#8690);
#8690 = CARTESIAN_POINT('',(171.90356586536,28.819339853554,
    91.362159947546));
#8691 = SURFACE_CURVE('',#8692,(#8696,#8703),.PCURVE_S1.);
#8692 = LINE('',#8693,#8694);
#8693 = CARTESIAN_POINT('',(171.90356586536,29.252352555446,
    90.612159947546));
#8694 = VECTOR('',#8695,1.);
#8695 = DIRECTION('',(-1.060575238725E-16,-0.5,0.866025403784));
#8696 = PCURVE('',#8562,#8697);
#8697 = DEFINITIONAL_REPRESENTATION('',(#8698),#8702);
#8698 = LINE('',#8699,#8700);
#8699 = CARTESIAN_POINT('',(0.,0.));
#8700 = VECTOR('',#8701,1.);
#8701 = DIRECTION('',(1.,0.));
#8702 = ( GEOMETRIC_REPRESENTATION_CONTEXT(2) 
PARAMETRIC_REPRESENTATION_CONTEXT() REPRESENTATION_CONTEXT('2D SPACE',''
  ) );
#8703 = PCURVE('',#8630,#8704);
#8704 = DEFINITIONAL_REPRESENTATION('',(#8705),#8709);
#8705 = LINE('',#8706,#8707);
#8706 = CARTESIAN_POINT('',(0.75,0.433012701892));
#8707 = VECTOR('',#8708,1.);
#8708 = DIRECTION('',(-0.866025403784,0.5));
#8709 = ( GEOMETRIC_REPRESENTATION_CONTEXT(2) 
PARAMETRIC_REPRESENTATION_CONTEXT() REPRESENTATION_CONTEXT('2D SPACE',''
  ) );
#8710 = ORIENTED_EDGE('',*,*,#8664,.T.);
#8711 = ORIENTED_EDGE('',*,*,#8548,.F.);
#8712 = ORIENTED_EDGE('',*,*,#8713,.F.);
#8713 = EDGE_CURVE('',#8689,#8521,#8714,.T.);
#8714 = SURFACE_CURVE('',#8715,(#8719,#8726),.PCURVE_S1.);
#8715 = LINE('',#8716,#8717);
#8716 = CARTESIAN_POINT('',(171.90356586536,28.819339853554,
    91.362159947546));
#8717 = VECTOR('',#8718,1.);
#8718 = DIRECTION('',(-1.,0.,-1.224646799147E-16));
#8719 = PCURVE('',#8562,#8720);
#8720 = DEFINITIONAL_REPRESENTATION('',(#8721),#8725);
#8721 = LINE('',#8722,#8723);
#8722 = CARTESIAN_POINT('',(0.866025403784,9.184850993605E-17));
#8723 = VECTOR('',#8724,1.);
#8724 = DIRECTION('',(0.,-1.));
#8725 = ( GEOMETRIC_REPRESENTATION_CONTEXT(2) 
PARAMETRIC_REPRESENTATION_CONTEXT() REPRESENTATION_CONTEXT('2D SPACE',''
  ) );
#8726 = PCURVE('',#8536,#8727);
#8727 = DEFINITIONAL_REPRESENTATION('',(#8728),#8732);
#8728 = LINE('',#8729,#8730);
#8729 = CARTESIAN_POINT('',(0.,0.));
#8730 = VECTOR('',#8731,1.);
#8731 = DIRECTION('',(0.,-1.));
#8732 = ( GEOMETRIC_REPRESENTATION_CONTEXT(2) 
PARAMETRIC_REPRESENTATION_CONTEXT() REPRESENTATION_CONTEXT('2D SPACE',''
  ) );
#8733 = ADVANCED_FACE('',(#8734),#8536,.T.);
#8734 = FACE_BOUND('',#8735,.T.);
#8735 = EDGE_LOOP('',(#8736,#8759,#8760,#8761));
#8736 = ORIENTED_EDGE('',*,*,#8737,.F.);
#8737 = EDGE_CURVE('',#8689,#8738,#8740,.T.);
#8738 = VERTEX_POINT('',#8739);
#8739 = CARTESIAN_POINT('',(171.90356586536,29.252352555446,
    92.112159947546));
#8740 = SURFACE_CURVE('',#8741,(#8745,#8752),.PCURVE_S1.);
#8741 = LINE('',#8742,#8743);
#8742 = CARTESIAN_POINT('',(171.90356586536,28.819339853554,
    91.362159947546));
#8743 = VECTOR('',#8744,1.);
#8744 = DIRECTION('',(-1.060575238725E-16,0.5,0.866025403784));
#8745 = PCURVE('',#8536,#8746);
#8746 = DEFINITIONAL_REPRESENTATION('',(#8747),#8751);
#8747 = LINE('',#8748,#8749);
#8748 = CARTESIAN_POINT('',(0.,0.));
#8749 = VECTOR('',#8750,1.);
#8750 = DIRECTION('',(1.,0.));
#8751 = ( GEOMETRIC_REPRESENTATION_CONTEXT(2) 
PARAMETRIC_REPRESENTATION_CONTEXT() REPRESENTATION_CONTEXT('2D SPACE',''
  ) );
#8752 = PCURVE('',#8630,#8753);
#8753 = DEFINITIONAL_REPRESENTATION('',(#8754),#8758);
#8754 = LINE('',#8755,#8756);
#8755 = CARTESIAN_POINT('',(0.,0.866025403784));
#8756 = VECTOR('',#8757,1.);
#8757 = DIRECTION('',(-0.866025403784,-0.5));
#8758 = ( GEOMETRIC_REPRESENTATION_CONTEXT(2) 
PARAMETRIC_REPRESENTATION_CONTEXT() REPRESENTATION_CONTEXT('2D SPACE',''
  ) );
#8759 = ORIENTED_EDGE('',*,*,#8713,.T.);
#8760 = ORIENTED_EDGE('',*,*,#8520,.F.);
#8761 = ORIENTED_EDGE('',*,*,#8762,.F.);
#8762 = EDGE_CURVE('',#8738,#8493,#8763,.T.);
#8763 = SURFACE_CURVE('',#8764,(#8768,#8775),.PCURVE_S1.);
#8764 = LINE('',#8765,#8766);
#8765 = CARTESIAN_POINT('',(171.90356586536,29.252352555446,
    92.112159947546));
#8766 = VECTOR('',#8767,1.);
#8767 = DIRECTION('',(-1.,0.,-1.224646799147E-16));
#8768 = PCURVE('',#8536,#8769);
#8769 = DEFINITIONAL_REPRESENTATION('',(#8770),#8774);
#8770 = LINE('',#8771,#8772);
#8771 = CARTESIAN_POINT('',(0.866025403784,9.184850993605E-17));
#8772 = VECTOR('',#8773,1.);
#8773 = DIRECTION('',(0.,-1.));
#8774 = ( GEOMETRIC_REPRESENTATION_CONTEXT(2) 
PARAMETRIC_REPRESENTATION_CONTEXT() REPRESENTATION_CONTEXT('2D SPACE',''
  ) );
#8775 = PCURVE('',#8508,#8776);
#8776 = DEFINITIONAL_REPRESENTATION('',(#8777),#8781);
#8777 = LINE('',#8778,#8779);
#8778 = CARTESIAN_POINT('',(0.,0.));
#8779 = VECTOR('',#8780,1.);
#8780 = DIRECTION('',(0.,-1.));
#8781 = ( GEOMETRIC_REPRESENTATION_CONTEXT(2) 
PARAMETRIC_REPRESENTATION_CONTEXT() REPRESENTATION_CONTEXT('2D SPACE',''
  ) );
#8782 = ADVANCED_FACE('',(#8783),#8508,.T.);
#8783 = FACE_BOUND('',#8784,.T.);
#8784 = EDGE_LOOP('',(#8785,#8808,#8809,#8810));
#8785 = ORIENTED_EDGE('',*,*,#8786,.F.);
#8786 = EDGE_CURVE('',#8738,#8787,#8789,.T.);
#8787 = VERTEX_POINT('',#8788);
#8788 = CARTESIAN_POINT('',(171.90356586536,30.118377959231,
    92.112159947546));
#8789 = SURFACE_CURVE('',#8790,(#8794,#8801),.PCURVE_S1.);
#8790 = LINE('',#8791,#8792);
#8791 = CARTESIAN_POINT('',(171.90356586536,29.252352555446,
    92.112159947546));
#8792 = VECTOR('',#8793,1.);
#8793 = DIRECTION('',(-7.849833662531E-32,1.,6.409875621279E-16));
#8794 = PCURVE('',#8508,#8795);
#8795 = DEFINITIONAL_REPRESENTATION('',(#8796),#8800);
#8796 = LINE('',#8797,#8798);
#8797 = CARTESIAN_POINT('',(0.,0.));
#8798 = VECTOR('',#8799,1.);
#8799 = DIRECTION('',(1.,0.));
#8800 = ( GEOMETRIC_REPRESENTATION_CONTEXT(2) 
PARAMETRIC_REPRESENTATION_CONTEXT() REPRESENTATION_CONTEXT('2D SPACE',''
  ) );
#8801 = PCURVE('',#8630,#8802);
#8802 = DEFINITIONAL_REPRESENTATION('',(#8803),#8807);
#8803 = LINE('',#8804,#8805);
#8804 = CARTESIAN_POINT('',(-0.75,0.433012701892));
#8805 = VECTOR('',#8806,1.);
#8806 = DIRECTION('',(-6.409875621279E-16,-1.));
#8807 = ( GEOMETRIC_REPRESENTATION_CONTEXT(2) 
PARAMETRIC_REPRESENTATION_CONTEXT() REPRESENTATION_CONTEXT('2D SPACE',''
  ) );
#8808 = ORIENTED_EDGE('',*,*,#8762,.T.);
#8809 = ORIENTED_EDGE('',*,*,#8492,.F.);
#8810 = ORIENTED_EDGE('',*,*,#8811,.F.);
#8811 = EDGE_CURVE('',#8787,#8465,#8812,.T.);
#8812 = SURFACE_CURVE('',#8813,(#8817,#8824),.PCURVE_S1.);
#8813 = LINE('',#8814,#8815);
#8814 = CARTESIAN_POINT('',(171.90356586536,30.118377959231,
    92.112159947546));
#8815 = VECTOR('',#8816,1.);
#8816 = DIRECTION('',(-1.,0.,-1.224646799147E-16));
#8817 = PCURVE('',#8508,#8818);
#8818 = DEFINITIONAL_REPRESENTATION('',(#8819),#8823);
#8819 = LINE('',#8820,#8821);
#8820 = CARTESIAN_POINT('',(0.866025403784,0.));
#8821 = VECTOR('',#8822,1.);
#8822 = DIRECTION('',(0.,-1.));
#8823 = ( GEOMETRIC_REPRESENTATION_CONTEXT(2) 
PARAMETRIC_REPRESENTATION_CONTEXT() REPRESENTATION_CONTEXT('2D SPACE',''
  ) );
#8824 = PCURVE('',#8480,#8825);
#8825 = DEFINITIONAL_REPRESENTATION('',(#8826),#8830);
#8826 = LINE('',#8827,#8828);
#8827 = CARTESIAN_POINT('',(0.,0.));
#8828 = VECTOR('',#8829,1.);
#8829 = DIRECTION('',(0.,-1.));
#8830 = ( GEOMETRIC_REPRESENTATION_CONTEXT(2) 
PARAMETRIC_REPRESENTATION_CONTEXT() REPRESENTATION_CONTEXT('2D SPACE',''
  ) );
#8831 = ADVANCED_FACE('',(#8832),#8480,.T.);
#8832 = FACE_BOUND('',#8833,.T.);
#8833 = EDGE_LOOP('',(#8834,#8857,#8858,#8859));
#8834 = ORIENTED_EDGE('',*,*,#8835,.F.);
#8835 = EDGE_CURVE('',#8787,#8836,#8838,.T.);
#8836 = VERTEX_POINT('',#8837);
#8837 = CARTESIAN_POINT('',(171.90356586536,30.551390661123,
    91.362159947546));
#8838 = SURFACE_CURVE('',#8839,(#8843,#8850),.PCURVE_S1.);
#8839 = LINE('',#8840,#8841);
#8840 = CARTESIAN_POINT('',(171.90356586536,30.118377959231,
    92.112159947546));
#8841 = VECTOR('',#8842,1.);
#8842 = DIRECTION('',(1.060575238725E-16,0.5,-0.866025403784));
#8843 = PCURVE('',#8480,#8844);
#8844 = DEFINITIONAL_REPRESENTATION('',(#8845),#8849);
#8845 = LINE('',#8846,#8847);
#8846 = CARTESIAN_POINT('',(0.,0.));
#8847 = VECTOR('',#8848,1.);
#8848 = DIRECTION('',(1.,0.));
#8849 = ( GEOMETRIC_REPRESENTATION_CONTEXT(2) 
PARAMETRIC_REPRESENTATION_CONTEXT() REPRESENTATION_CONTEXT('2D SPACE',''
  ) );
#8850 = PCURVE('',#8630,#8851);
#8851 = DEFINITIONAL_REPRESENTATION('',(#8852),#8856);
#8852 = LINE('',#8853,#8854);
#8853 = CARTESIAN_POINT('',(-0.75,-0.433012701892));
#8854 = VECTOR('',#8855,1.);
#8855 = DIRECTION('',(0.866025403784,-0.5));
#8856 = ( GEOMETRIC_REPRESENTATION_CONTEXT(2) 
PARAMETRIC_REPRESENTATION_CONTEXT() REPRESENTATION_CONTEXT('2D SPACE',''
  ) );
#8857 = ORIENTED_EDGE('',*,*,#8811,.T.);
#8858 = ORIENTED_EDGE('',*,*,#8464,.F.);
#8859 = ORIENTED_EDGE('',*,*,#8860,.F.);
#8860 = EDGE_CURVE('',#8836,#8437,#8861,.T.);
#8861 = SURFACE_CURVE('',#8862,(#8866,#8873),.PCURVE_S1.);
#8862 = LINE('',#8863,#8864);
#8863 = CARTESIAN_POINT('',(171.90356586536,30.551390661123,
    91.362159947546));
#8864 = VECTOR('',#8865,1.);
#8865 = DIRECTION('',(-1.,0.,-1.224646799147E-16));
#8866 = PCURVE('',#8480,#8867);
#8867 = DEFINITIONAL_REPRESENTATION('',(#8868),#8872);
#8868 = LINE('',#8869,#8870);
#8869 = CARTESIAN_POINT('',(0.866025403784,-9.184850993605E-17));
#8870 = VECTOR('',#8871,1.);
#8871 = DIRECTION('',(0.,-1.));
#8872 = ( GEOMETRIC_REPRESENTATION_CONTEXT(2) 
PARAMETRIC_REPRESENTATION_CONTEXT() REPRESENTATION_CONTEXT('2D SPACE',''
  ) );
#8873 = PCURVE('',#8452,#8874);
#8874 = DEFINITIONAL_REPRESENTATION('',(#8875),#8879);
#8875 = LINE('',#8876,#8877);
#8876 = CARTESIAN_POINT('',(0.,0.));
#8877 = VECTOR('',#8878,1.);
#8878 = DIRECTION('',(0.,-1.));
#8879 = ( GEOMETRIC_REPRESENTATION_CONTEXT(2) 
PARAMETRIC_REPRESENTATION_CONTEXT() REPRESENTATION_CONTEXT('2D SPACE',''
  ) );
#8880 = ADVANCED_FACE('',(#8881),#8452,.T.);
#8881 = FACE_BOUND('',#8882,.T.);
#8882 = EDGE_LOOP('',(#8883,#8904,#8905,#8906));
#8883 = ORIENTED_EDGE('',*,*,#8884,.F.);
#8884 = EDGE_CURVE('',#8836,#8613,#8885,.T.);
#8885 = SURFACE_CURVE('',#8886,(#8890,#8897),.PCURVE_S1.);
#8886 = LINE('',#8887,#8888);
#8887 = CARTESIAN_POINT('',(171.90356586536,30.551390661123,
    91.362159947546));
#8888 = VECTOR('',#8889,1.);
#8889 = DIRECTION('',(1.060575238725E-16,-0.5,-0.866025403784));
#8890 = PCURVE('',#8452,#8891);
#8891 = DEFINITIONAL_REPRESENTATION('',(#8892),#8896);
#8892 = LINE('',#8893,#8894);
#8893 = CARTESIAN_POINT('',(0.,0.));
#8894 = VECTOR('',#8895,1.);
#8895 = DIRECTION('',(1.,0.));
#8896 = ( GEOMETRIC_REPRESENTATION_CONTEXT(2) 
PARAMETRIC_REPRESENTATION_CONTEXT() REPRESENTATION_CONTEXT('2D SPACE',''
  ) );
#8897 = PCURVE('',#8630,#8898);
#8898 = DEFINITIONAL_REPRESENTATION('',(#8899),#8903);
#8899 = LINE('',#8900,#8901);
#8900 = CARTESIAN_POINT('',(0.,-0.866025403784));
#8901 = VECTOR('',#8902,1.);
#8902 = DIRECTION('',(0.866025403784,0.5));
#8903 = ( GEOMETRIC_REPRESENTATION_CONTEXT(2) 
PARAMETRIC_REPRESENTATION_CONTEXT() REPRESENTATION_CONTEXT('2D SPACE',''
  ) );
#8904 = ORIENTED_EDGE('',*,*,#8860,.T.);
#8905 = ORIENTED_EDGE('',*,*,#8436,.F.);
#8906 = ORIENTED_EDGE('',*,*,#8642,.F.);
#8907 = ADVANCED_FACE('',(#8908),#8597,.T.);
#8908 = FACE_BOUND('',#8909,.T.);
#8909 = EDGE_LOOP('',(#8910,#8911,#8934,#8961));
#8910 = ORIENTED_EDGE('',*,*,#8580,.F.);
#8911 = ORIENTED_EDGE('',*,*,#8912,.F.);
#8912 = EDGE_CURVE('',#8913,#8581,#8915,.T.);
#8913 = VERTEX_POINT('',#8914);
#8914 = CARTESIAN_POINT('',(180.70356586536,29.685365257339,
    90.362159947546));
#8915 = SEAM_CURVE('',#8916,(#8920,#8927),.PCURVE_S1.);
#8916 = LINE('',#8917,#8918);
#8917 = CARTESIAN_POINT('',(180.70356586536,29.685365257339,
    90.362159947546));
#8918 = VECTOR('',#8919,1.);
#8919 = DIRECTION('',(-1.,0.,-1.224646799147E-16));
#8920 = PCURVE('',#8597,#8921);
#8921 = DEFINITIONAL_REPRESENTATION('',(#8922),#8926);
#8922 = LINE('',#8923,#8924);
#8923 = CARTESIAN_POINT('',(6.28318530718,-0.));
#8924 = VECTOR('',#8925,1.);
#8925 = DIRECTION('',(0.,1.));
#8926 = ( GEOMETRIC_REPRESENTATION_CONTEXT(2) 
PARAMETRIC_REPRESENTATION_CONTEXT() REPRESENTATION_CONTEXT('2D SPACE',''
  ) );
#8927 = PCURVE('',#8597,#8928);
#8928 = DEFINITIONAL_REPRESENTATION('',(#8929),#8933);
#8929 = LINE('',#8930,#8931);
#8930 = CARTESIAN_POINT('',(0.,-0.));
#8931 = VECTOR('',#8932,1.);
#8932 = DIRECTION('',(0.,1.));
#8933 = ( GEOMETRIC_REPRESENTATION_CONTEXT(2) 
PARAMETRIC_REPRESENTATION_CONTEXT() REPRESENTATION_CONTEXT('2D SPACE',''
  ) );
#8934 = ORIENTED_EDGE('',*,*,#8935,.T.);
#8935 = EDGE_CURVE('',#8913,#8913,#8936,.T.);
#8936 = SURFACE_CURVE('',#8937,(#8942,#8949),.PCURVE_S1.);
#8937 = CIRCLE('',#8938,1.);
#8938 = AXIS2_PLACEMENT_3D('',#8939,#8940,#8941);
#8939 = CARTESIAN_POINT('',(180.70356586536,29.685365257339,
    91.362159947546));
#8940 = DIRECTION('',(-1.,0.,-1.224646799147E-16));
#8941 = DIRECTION('',(1.224646799147E-16,0.,-1.));
#8942 = PCURVE('',#8597,#8943);
#8943 = DEFINITIONAL_REPRESENTATION('',(#8944),#8948);
#8944 = LINE('',#8945,#8946);
#8945 = CARTESIAN_POINT('',(0.,0.));
#8946 = VECTOR('',#8947,1.);
#8947 = DIRECTION('',(1.,0.));
#8948 = ( GEOMETRIC_REPRESENTATION_CONTEXT(2) 
PARAMETRIC_REPRESENTATION_CONTEXT() REPRESENTATION_CONTEXT('2D SPACE',''
  ) );
#8949 = PCURVE('',#8950,#8955);
#8950 = PLANE('',#8951);
#8951 = AXIS2_PLACEMENT_3D('',#8952,#8953,#8954);
#8952 = CARTESIAN_POINT('',(180.70356586536,29.685365257339,
    91.362159947546));
#8953 = DIRECTION('',(-1.,0.,-1.224646799147E-16));
#8954 = DIRECTION('',(1.224646799147E-16,0.,-1.));
#8955 = DEFINITIONAL_REPRESENTATION('',(#8956),#8960);
#8956 = CIRCLE('',#8957,1.);
#8957 = AXIS2_PLACEMENT_2D('',#8958,#8959);
#8958 = CARTESIAN_POINT('',(0.,0.));
#8959 = DIRECTION('',(1.,0.));
#8960 = ( GEOMETRIC_REPRESENTATION_CONTEXT(2) 
PARAMETRIC_REPRESENTATION_CONTEXT() REPRESENTATION_CONTEXT('2D SPACE',''
  ) );
#8961 = ORIENTED_EDGE('',*,*,#8912,.T.);
#8962 = ADVANCED_FACE('',(#8963),#8630,.T.);
#8963 = FACE_BOUND('',#8964,.T.);
#8964 = EDGE_LOOP('',(#8965,#8966,#8967,#8968,#8969,#8970));
#8965 = ORIENTED_EDGE('',*,*,#8884,.T.);
#8966 = ORIENTED_EDGE('',*,*,#8612,.T.);
#8967 = ORIENTED_EDGE('',*,*,#8688,.T.);
#8968 = ORIENTED_EDGE('',*,*,#8737,.T.);
#8969 = ORIENTED_EDGE('',*,*,#8786,.T.);
#8970 = ORIENTED_EDGE('',*,*,#8835,.T.);
#8971 = ADVANCED_FACE('',(#8972),#8950,.F.);
#8972 = FACE_BOUND('',#8973,.T.);
#8973 = EDGE_LOOP('',(#8974));
#8974 = ORIENTED_EDGE('',*,*,#8935,.F.);
#8975 = ( GEOMETRIC_REPRESENTATION_CONTEXT(3) 
GLOBAL_UNCERTAINTY_ASSIGNED_CONTEXT((#8979)) 
GLOBAL_UNIT_ASSIGNED_CONTEXT((#8976,#8977,#8978)) REPRESENTATION_CONTEXT
('Context #1','3D Context with UNIT and UNCERTAINTY') );
#8976 = ( LENGTH_UNIT() NAMED_UNIT(*) SI_UNIT(.MILLI.,.METRE.) );
#8977 = ( NAMED_UNIT(*) PLANE_ANGLE_UNIT() SI_UNIT($,.RADIAN.) );
#8978 = ( NAMED_UNIT(*) SI_UNIT($,.STERADIAN.) SOLID_ANGLE_UNIT() );
#8979 = UNCERTAINTY_MEASURE_WITH_UNIT(LENGTH_MEASURE(1.E-07),#8976,
  'distance_accuracy_value','confusion accuracy');
#8980 = CONTEXT_DEPENDENT_SHAPE_REPRESENTATION(#8981,#8983);
#8981 = ( REPRESENTATION_RELATIONSHIP('','',#8308,#10) 
REPRESENTATION_RELATIONSHIP_WITH_TRANSFORMATION(#8982) 
SHAPE_REPRESENTATION_RELATIONSHIP() );
#8982 = ITEM_DEFINED_TRANSFORMATION('','',#11,#63);
#8983 = PRODUCT_DEFINITION_SHAPE('Placement','Placement of an item',
  #8984);
#8984 = NEXT_ASSEMBLY_USAGE_OCCURRENCE('61','','',#5,#8303,$);
#8985 = PRODUCT_RELATED_PRODUCT_CATEGORY('part',$,(#8305));
#8986 = SHAPE_DEFINITION_REPRESENTATION(#8987,#8993);
#8987 = PRODUCT_DEFINITION_SHAPE('','',#8988);
#8988 = PRODUCT_DEFINITION('design','',#8989,#8992);
#8989 = PRODUCT_DEFINITION_FORMATION('','',#8990);
#8990 = PRODUCT('Open CASCADE STEP translator 7.9 10.14',
  'Open CASCADE STEP translator 7.9 10.14','',(#8991));
#8991 = PRODUCT_CONTEXT('',#2,'mechanical');
#8992 = PRODUCT_DEFINITION_CONTEXT('part definition',#2,'design');
#8993 = ADVANCED_BREP_SHAPE_REPRESENTATION('',(#11,#8994),#9660);
#8994 = MANIFOLD_SOLID_BREP('',#8995);
#8995 = CLOSED_SHELL('',(#8996,#9084,#9258,#9293,#9369,#9418,#9467,#9516
    ,#9565,#9592,#9647,#9656));
#8996 = ADVANCED_FACE('',(#8997),#9010,.T.);
#8997 = FACE_BOUND('',#8998,.T.);
#8998 = EDGE_LOOP('',(#8999,#9033,#9056,#9083));
#8999 = ORIENTED_EDGE('',*,*,#9000,.F.);
#9000 = EDGE_CURVE('',#9001,#9001,#9003,.T.);
#9001 = VERTEX_POINT('',#9002);
#9002 = CARTESIAN_POINT('',(170.70356586536,64.279268830522,
    69.489360407248));
#9003 = SURFACE_CURVE('',#9004,(#9009,#9021),.PCURVE_S1.);
#9004 = CIRCLE('',#9005,1.9);
#9005 = AXIS2_PLACEMENT_3D('',#9006,#9007,#9008);
#9006 = CARTESIAN_POINT('',(170.70356586536,64.279268830522,
    71.389360407248));
#9007 = DIRECTION('',(-1.,0.,-1.224646799147E-16));
#9008 = DIRECTION('',(1.224646799147E-16,0.,-1.));
#9009 = PCURVE('',#9010,#9015);
#9010 = CYLINDRICAL_SURFACE('',#9011,1.9);
#9011 = AXIS2_PLACEMENT_3D('',#9012,#9013,#9014);
#9012 = CARTESIAN_POINT('',(172.70356586536,64.279268830522,
    71.389360407248));
#9013 = DIRECTION('',(-1.,0.,-1.224646799147E-16));
#9014 = DIRECTION('',(1.224646799147E-16,0.,-1.));
#9015 = DEFINITIONAL_REPRESENTATION('',(#9016),#9020);
#9016 = LINE('',#9017,#9018);
#9017 = CARTESIAN_POINT('',(0.,2.));
#9018 = VECTOR('',#9019,1.);
#9019 = DIRECTION('',(1.,0.));
#9020 = ( GEOMETRIC_REPRESENTATION_CONTEXT(2) 
PARAMETRIC_REPRESENTATION_CONTEXT() REPRESENTATION_CONTEXT('2D SPACE',''
  ) );
#9021 = PCURVE('',#9022,#9027);
#9022 = PLANE('',#9023);
#9023 = AXIS2_PLACEMENT_3D('',#9024,#9025,#9026);
#9024 = CARTESIAN_POINT('',(170.70356586536,64.279268830522,
    71.389360407248));
#9025 = DIRECTION('',(-1.,0.,-1.224646799147E-16));
#9026 = DIRECTION('',(1.224646799147E-16,0.,-1.));
#9027 = DEFINITIONAL_REPRESENTATION('',(#9028),#9032);
#9028 = CIRCLE('',#9029,1.9);
#9029 = AXIS2_PLACEMENT_2D('',#9030,#9031);
#9030 = CARTESIAN_POINT('',(0.,0.));
#9031 = DIRECTION('',(1.,0.));
#9032 = ( GEOMETRIC_REPRESENTATION_CONTEXT(2) 
PARAMETRIC_REPRESENTATION_CONTEXT() REPRESENTATION_CONTEXT('2D SPACE',''
  ) );
#9033 = ORIENTED_EDGE('',*,*,#9034,.F.);
#9034 = EDGE_CURVE('',#9035,#9001,#9037,.T.);
#9035 = VERTEX_POINT('',#9036);
#9036 = CARTESIAN_POINT('',(172.70356586536,64.279268830522,
    69.489360407248));
#9037 = SEAM_CURVE('',#9038,(#9042,#9049),.PCURVE_S1.);
#9038 = LINE('',#9039,#9040);
#9039 = CARTESIAN_POINT('',(172.70356586536,64.279268830522,
    69.489360407248));
#9040 = VECTOR('',#9041,1.);
#9041 = DIRECTION('',(-1.,0.,-1.224646799147E-16));
#9042 = PCURVE('',#9010,#9043);
#9043 = DEFINITIONAL_REPRESENTATION('',(#9044),#9048);
#9044 = LINE('',#9045,#9046);
#9045 = CARTESIAN_POINT('',(6.28318530718,-0.));
#9046 = VECTOR('',#9047,1.);
#9047 = DIRECTION('',(0.,1.));
#9048 = ( GEOMETRIC_REPRESENTATION_CONTEXT(2) 
PARAMETRIC_REPRESENTATION_CONTEXT() REPRESENTATION_CONTEXT('2D SPACE',''
  ) );
#9049 = PCURVE('',#9010,#9050);
#9050 = DEFINITIONAL_REPRESENTATION('',(#9051),#9055);
#9051 = LINE('',#9052,#9053);
#9052 = CARTESIAN_POINT('',(0.,-0.));
#9053 = VECTOR('',#9054,1.);
#9054 = DIRECTION('',(0.,1.));
#9055 = ( GEOMETRIC_REPRESENTATION_CONTEXT(2) 
PARAMETRIC_REPRESENTATION_CONTEXT() REPRESENTATION_CONTEXT('2D SPACE',''
  ) );
#9056 = ORIENTED_EDGE('',*,*,#9057,.T.);
#9057 = EDGE_CURVE('',#9035,#9035,#9058,.T.);
#9058 = SURFACE_CURVE('',#9059,(#9064,#9071),.PCURVE_S1.);
#9059 = CIRCLE('',#9060,1.9);
#9060 = AXIS2_PLACEMENT_3D('',#9061,#9062,#9063);
#9061 = CARTESIAN_POINT('',(172.70356586536,64.279268830522,
    71.389360407248));
#9062 = DIRECTION('',(-1.,0.,-1.224646799147E-16));
#9063 = DIRECTION('',(1.224646799147E-16,0.,-1.));
#9064 = PCURVE('',#9010,#9065);
#9065 = DEFINITIONAL_REPRESENTATION('',(#9066),#9070);
#9066 = LINE('',#9067,#9068);
#9067 = CARTESIAN_POINT('',(0.,0.));
#9068 = VECTOR('',#9069,1.);
#9069 = DIRECTION('',(1.,0.));
#9070 = ( GEOMETRIC_REPRESENTATION_CONTEXT(2) 
PARAMETRIC_REPRESENTATION_CONTEXT() REPRESENTATION_CONTEXT('2D SPACE',''
  ) );
#9071 = PCURVE('',#9072,#9077);
#9072 = PLANE('',#9073);
#9073 = AXIS2_PLACEMENT_3D('',#9074,#9075,#9076);
#9074 = CARTESIAN_POINT('',(172.70356586536,64.279268830522,
    71.389360407248));
#9075 = DIRECTION('',(-1.,0.,-1.224646799147E-16));
#9076 = DIRECTION('',(1.224646799147E-16,0.,-1.));
#9077 = DEFINITIONAL_REPRESENTATION('',(#9078),#9082);
#9078 = CIRCLE('',#9079,1.9);
#9079 = AXIS2_PLACEMENT_2D('',#9080,#9081);
#9080 = CARTESIAN_POINT('',(0.,0.));
#9081 = DIRECTION('',(1.,0.));
#9082 = ( GEOMETRIC_REPRESENTATION_CONTEXT(2) 
PARAMETRIC_REPRESENTATION_CONTEXT() REPRESENTATION_CONTEXT('2D SPACE',''
  ) );
#9083 = ORIENTED_EDGE('',*,*,#9034,.T.);
#9084 = ADVANCED_FACE('',(#9085,#9088),#9022,.T.);
#9085 = FACE_BOUND('',#9086,.T.);
#9086 = EDGE_LOOP('',(#9087));
#9087 = ORIENTED_EDGE('',*,*,#9000,.T.);
#9088 = FACE_BOUND('',#9089,.T.);
#9089 = EDGE_LOOP('',(#9090,#9120,#9148,#9176,#9204,#9232));
#9090 = ORIENTED_EDGE('',*,*,#9091,.T.);
#9091 = EDGE_CURVE('',#9092,#9094,#9096,.T.);
#9092 = VERTEX_POINT('',#9093);
#9093 = CARTESIAN_POINT('',(170.70356586536,63.84625612863,
    70.639360407248));
#9094 = VERTEX_POINT('',#9095);
#9095 = CARTESIAN_POINT('',(170.70356586536,64.712281532414,
    70.639360407248));
#9096 = SURFACE_CURVE('',#9097,(#9101,#9108),.PCURVE_S1.);
#9097 = LINE('',#9098,#9099);
#9098 = CARTESIAN_POINT('',(170.70356586536,64.495775181468,
    70.639360407248));
#9099 = VECTOR('',#9100,1.);
#9100 = DIRECTION('',(-1.569966732506E-32,1.,1.281975124256E-16));
#9101 = PCURVE('',#9022,#9102);
#9102 = DEFINITIONAL_REPRESENTATION('',(#9103),#9107);
#9103 = LINE('',#9104,#9105);
#9104 = CARTESIAN_POINT('',(0.75,-0.216506350946));
#9105 = VECTOR('',#9106,1.);
#9106 = DIRECTION('',(-1.281975124256E-16,-1.));
#9107 = ( GEOMETRIC_REPRESENTATION_CONTEXT(2) 
PARAMETRIC_REPRESENTATION_CONTEXT() REPRESENTATION_CONTEXT('2D SPACE',''
  ) );
#9108 = PCURVE('',#9109,#9114);
#9109 = PLANE('',#9110);
#9110 = AXIS2_PLACEMENT_3D('',#9111,#9112,#9113);
#9111 = CARTESIAN_POINT('',(171.90356586536,64.712281532414,
    70.639360407248));
#9112 = DIRECTION('',(-1.224646799147E-16,-1.281975124256E-16,1.));
#9113 = DIRECTION('',(1.569966732506E-32,-1.,-1.281975124256E-16));
#9114 = DEFINITIONAL_REPRESENTATION('',(#9115),#9119);
#9115 = LINE('',#9116,#9117);
#9116 = CARTESIAN_POINT('',(0.216506350946,-1.2));
#9117 = VECTOR('',#9118,1.);
#9118 = DIRECTION('',(-1.,0.));
#9119 = ( GEOMETRIC_REPRESENTATION_CONTEXT(2) 
PARAMETRIC_REPRESENTATION_CONTEXT() REPRESENTATION_CONTEXT('2D SPACE',''
  ) );
#9120 = ORIENTED_EDGE('',*,*,#9121,.T.);
#9121 = EDGE_CURVE('',#9094,#9122,#9124,.T.);
#9122 = VERTEX_POINT('',#9123);
#9123 = CARTESIAN_POINT('',(170.70356586536,65.145294234307,
    71.389360407248));
#9124 = SURFACE_CURVE('',#9125,(#9129,#9136),.PCURVE_S1.);
#9125 = LINE('',#9126,#9127);
#9126 = CARTESIAN_POINT('',(170.70356586536,65.037041058834,
    71.201860407248));
#9127 = VECTOR('',#9128,1.);
#9128 = DIRECTION('',(-1.060575238725E-16,0.5,0.866025403784));
#9129 = PCURVE('',#9022,#9130);
#9130 = DEFINITIONAL_REPRESENTATION('',(#9131),#9135);
#9131 = LINE('',#9132,#9133);
#9132 = CARTESIAN_POINT('',(0.1875,-0.757772228311));
#9133 = VECTOR('',#9134,1.);
#9134 = DIRECTION('',(-0.866025403784,-0.5));
#9135 = ( GEOMETRIC_REPRESENTATION_CONTEXT(2) 
PARAMETRIC_REPRESENTATION_CONTEXT() REPRESENTATION_CONTEXT('2D SPACE',''
  ) );
#9136 = PCURVE('',#9137,#9142);
#9137 = PLANE('',#9138);
#9138 = AXIS2_PLACEMENT_3D('',#9139,#9140,#9141);
#9139 = CARTESIAN_POINT('',(171.90356586536,65.145294234307,
    71.389360407248));
#9140 = DIRECTION('',(-6.123233995737E-17,-0.866025403784,0.5));
#9141 = DIRECTION('',(1.060575238725E-16,-0.5,-0.866025403784));
#9142 = DEFINITIONAL_REPRESENTATION('',(#9143),#9147);
#9143 = LINE('',#9144,#9145);
#9144 = CARTESIAN_POINT('',(0.216506350946,-1.2));
#9145 = VECTOR('',#9146,1.);
#9146 = DIRECTION('',(-1.,0.));
#9147 = ( GEOMETRIC_REPRESENTATION_CONTEXT(2) 
PARAMETRIC_REPRESENTATION_CONTEXT() REPRESENTATION_CONTEXT('2D SPACE',''
  ) );
#9148 = ORIENTED_EDGE('',*,*,#9149,.T.);
#9149 = EDGE_CURVE('',#9122,#9150,#9152,.T.);
#9150 = VERTEX_POINT('',#9151);
#9151 = CARTESIAN_POINT('',(170.70356586536,64.712281532414,
    72.139360407248));
#9152 = SURFACE_CURVE('',#9153,(#9157,#9164),.PCURVE_S1.);
#9153 = LINE('',#9154,#9155);
#9154 = CARTESIAN_POINT('',(170.70356586536,64.820534707888,
    71.951860407248));
#9155 = VECTOR('',#9156,1.);
#9156 = DIRECTION('',(-1.060575238725E-16,-0.5,0.866025403784));
#9157 = PCURVE('',#9022,#9158);
#9158 = DEFINITIONAL_REPRESENTATION('',(#9159),#9163);
#9159 = LINE('',#9160,#9161);
#9160 = CARTESIAN_POINT('',(-0.5625,-0.541265877365));
#9161 = VECTOR('',#9162,1.);
#9162 = DIRECTION('',(-0.866025403784,0.5));
#9163 = ( GEOMETRIC_REPRESENTATION_CONTEXT(2) 
PARAMETRIC_REPRESENTATION_CONTEXT() REPRESENTATION_CONTEXT('2D SPACE',''
  ) );
#9164 = PCURVE('',#9165,#9170);
#9165 = PLANE('',#9166);
#9166 = AXIS2_PLACEMENT_3D('',#9167,#9168,#9169);
#9167 = CARTESIAN_POINT('',(171.90356586536,64.712281532414,
    72.139360407248));
#9168 = DIRECTION('',(6.123233995737E-17,-0.866025403784,-0.5));
#9169 = DIRECTION('',(1.060575238725E-16,0.5,-0.866025403784));
#9170 = DEFINITIONAL_REPRESENTATION('',(#9171),#9175);
#9171 = LINE('',#9172,#9173);
#9172 = CARTESIAN_POINT('',(0.216506350946,-1.2));
#9173 = VECTOR('',#9174,1.);
#9174 = DIRECTION('',(-1.,0.));
#9175 = ( GEOMETRIC_REPRESENTATION_CONTEXT(2) 
PARAMETRIC_REPRESENTATION_CONTEXT() REPRESENTATION_CONTEXT('2D SPACE',''
  ) );
#9176 = ORIENTED_EDGE('',*,*,#9177,.T.);
#9177 = EDGE_CURVE('',#9150,#9178,#9180,.T.);
#9178 = VERTEX_POINT('',#9179);
#9179 = CARTESIAN_POINT('',(170.70356586536,63.84625612863,
    72.139360407248));
#9180 = SURFACE_CURVE('',#9181,(#9185,#9192),.PCURVE_S1.);
#9181 = LINE('',#9182,#9183);
#9182 = CARTESIAN_POINT('',(170.70356586536,64.062762479576,
    72.139360407248));
#9183 = VECTOR('',#9184,1.);
#9184 = DIRECTION('',(7.849833662531E-32,-1.,-6.409875621279E-16));
#9185 = PCURVE('',#9022,#9186);
#9186 = DEFINITIONAL_REPRESENTATION('',(#9187),#9191);
#9187 = LINE('',#9188,#9189);
#9188 = CARTESIAN_POINT('',(-0.75,0.216506350946));
#9189 = VECTOR('',#9190,1.);
#9190 = DIRECTION('',(6.409875621279E-16,1.));
#9191 = ( GEOMETRIC_REPRESENTATION_CONTEXT(2) 
PARAMETRIC_REPRESENTATION_CONTEXT() REPRESENTATION_CONTEXT('2D SPACE',''
  ) );
#9192 = PCURVE('',#9193,#9198);
#9193 = PLANE('',#9194);
#9194 = AXIS2_PLACEMENT_3D('',#9195,#9196,#9197);
#9195 = CARTESIAN_POINT('',(171.90356586536,63.84625612863,
    72.139360407248));
#9196 = DIRECTION('',(1.224646799147E-16,6.409875621279E-16,-1.));
#9197 = DIRECTION('',(-7.849833662531E-32,1.,6.409875621279E-16));
#9198 = DEFINITIONAL_REPRESENTATION('',(#9199),#9203);
#9199 = LINE('',#9200,#9201);
#9200 = CARTESIAN_POINT('',(0.216506350946,-1.2));
#9201 = VECTOR('',#9202,1.);
#9202 = DIRECTION('',(-1.,0.));
#9203 = ( GEOMETRIC_REPRESENTATION_CONTEXT(2) 
PARAMETRIC_REPRESENTATION_CONTEXT() REPRESENTATION_CONTEXT('2D SPACE',''
  ) );
#9204 = ORIENTED_EDGE('',*,*,#9205,.T.);
#9205 = EDGE_CURVE('',#9178,#9206,#9208,.T.);
#9206 = VERTEX_POINT('',#9207);
#9207 = CARTESIAN_POINT('',(170.70356586536,63.413243426738,
    71.389360407248));
#9208 = SURFACE_CURVE('',#9209,(#9213,#9220),.PCURVE_S1.);
#9209 = LINE('',#9210,#9211);
#9210 = CARTESIAN_POINT('',(170.70356586536,63.521496602211,
    71.576860407248));
#9211 = VECTOR('',#9212,1.);
#9212 = DIRECTION('',(1.060575238725E-16,-0.5,-0.866025403784));
#9213 = PCURVE('',#9022,#9214);
#9214 = DEFINITIONAL_REPRESENTATION('',(#9215),#9219);
#9215 = LINE('',#9216,#9217);
#9216 = CARTESIAN_POINT('',(-0.1875,0.757772228311));
#9217 = VECTOR('',#9218,1.);
#9218 = DIRECTION('',(0.866025403784,0.5));
#9219 = ( GEOMETRIC_REPRESENTATION_CONTEXT(2) 
PARAMETRIC_REPRESENTATION_CONTEXT() REPRESENTATION_CONTEXT('2D SPACE',''
  ) );
#9220 = PCURVE('',#9221,#9226);
#9221 = PLANE('',#9222);
#9222 = AXIS2_PLACEMENT_3D('',#9223,#9224,#9225);
#9223 = CARTESIAN_POINT('',(171.90356586536,63.413243426738,
    71.389360407248));
#9224 = DIRECTION('',(6.123233995737E-17,0.866025403784,-0.5));
#9225 = DIRECTION('',(-1.060575238725E-16,0.5,0.866025403784));
#9226 = DEFINITIONAL_REPRESENTATION('',(#9227),#9231);
#9227 = LINE('',#9228,#9229);
#9228 = CARTESIAN_POINT('',(0.216506350946,-1.2));
#9229 = VECTOR('',#9230,1.);
#9230 = DIRECTION('',(-1.,0.));
#9231 = ( GEOMETRIC_REPRESENTATION_CONTEXT(2) 
PARAMETRIC_REPRESENTATION_CONTEXT() REPRESENTATION_CONTEXT('2D SPACE',''
  ) );
#9232 = ORIENTED_EDGE('',*,*,#9233,.T.);
#9233 = EDGE_CURVE('',#9206,#9092,#9234,.T.);
#9234 = SURFACE_CURVE('',#9235,(#9239,#9246),.PCURVE_S1.);
#9235 = LINE('',#9236,#9237);
#9236 = CARTESIAN_POINT('',(170.70356586536,63.738002953157,
    70.826860407248));
#9237 = VECTOR('',#9238,1.);
#9238 = DIRECTION('',(1.060575238725E-16,0.5,-0.866025403784));
#9239 = PCURVE('',#9022,#9240);
#9240 = DEFINITIONAL_REPRESENTATION('',(#9241),#9245);
#9241 = LINE('',#9242,#9243);
#9242 = CARTESIAN_POINT('',(0.5625,0.541265877365));
#9243 = VECTOR('',#9244,1.);
#9244 = DIRECTION('',(0.866025403784,-0.5));
#9245 = ( GEOMETRIC_REPRESENTATION_CONTEXT(2) 
PARAMETRIC_REPRESENTATION_CONTEXT() REPRESENTATION_CONTEXT('2D SPACE',''
  ) );
#9246 = PCURVE('',#9247,#9252);
#9247 = PLANE('',#9248);
#9248 = AXIS2_PLACEMENT_3D('',#9249,#9250,#9251);
#9249 = CARTESIAN_POINT('',(171.90356586536,63.84625612863,
    70.639360407248));
#9250 = DIRECTION('',(-6.123233995737E-17,0.866025403784,0.5));
#9251 = DIRECTION('',(-1.060575238725E-16,-0.5,0.866025403784));
#9252 = DEFINITIONAL_REPRESENTATION('',(#9253),#9257);
#9253 = LINE('',#9254,#9255);
#9254 = CARTESIAN_POINT('',(0.216506350946,-1.2));
#9255 = VECTOR('',#9256,1.);
#9256 = DIRECTION('',(-1.,0.));
#9257 = ( GEOMETRIC_REPRESENTATION_CONTEXT(2) 
PARAMETRIC_REPRESENTATION_CONTEXT() REPRESENTATION_CONTEXT('2D SPACE',''
  ) );
#9258 = ADVANCED_FACE('',(#9259,#9262),#9072,.F.);
#9259 = FACE_BOUND('',#9260,.F.);
#9260 = EDGE_LOOP('',(#9261));
#9261 = ORIENTED_EDGE('',*,*,#9057,.T.);
#9262 = FACE_BOUND('',#9263,.F.);
#9263 = EDGE_LOOP('',(#9264));
#9264 = ORIENTED_EDGE('',*,*,#9265,.F.);
#9265 = EDGE_CURVE('',#9266,#9266,#9268,.T.);
#9266 = VERTEX_POINT('',#9267);
#9267 = CARTESIAN_POINT('',(172.70356586536,64.279268830522,
    70.389360407248));
#9268 = SURFACE_CURVE('',#9269,(#9274,#9281),.PCURVE_S1.);
#9269 = CIRCLE('',#9270,1.);
#9270 = AXIS2_PLACEMENT_3D('',#9271,#9272,#9273);
#9271 = CARTESIAN_POINT('',(172.70356586536,64.279268830522,
    71.389360407248));
#9272 = DIRECTION('',(-1.,0.,-1.224646799147E-16));
#9273 = DIRECTION('',(1.224646799147E-16,0.,-1.));
#9274 = PCURVE('',#9072,#9275);
#9275 = DEFINITIONAL_REPRESENTATION('',(#9276),#9280);
#9276 = CIRCLE('',#9277,1.);
#9277 = AXIS2_PLACEMENT_2D('',#9278,#9279);
#9278 = CARTESIAN_POINT('',(0.,0.));
#9279 = DIRECTION('',(1.,0.));
#9280 = ( GEOMETRIC_REPRESENTATION_CONTEXT(2) 
PARAMETRIC_REPRESENTATION_CONTEXT() REPRESENTATION_CONTEXT('2D SPACE',''
  ) );
#9281 = PCURVE('',#9282,#9287);
#9282 = CYLINDRICAL_SURFACE('',#9283,1.);
#9283 = AXIS2_PLACEMENT_3D('',#9284,#9285,#9286);
#9284 = CARTESIAN_POINT('',(180.70356586536,64.279268830522,
    71.389360407248));
#9285 = DIRECTION('',(-1.,0.,-1.224646799147E-16));
#9286 = DIRECTION('',(1.224646799147E-16,0.,-1.));
#9287 = DEFINITIONAL_REPRESENTATION('',(#9288),#9292);
#9288 = LINE('',#9289,#9290);
#9289 = CARTESIAN_POINT('',(0.,8.));
#9290 = VECTOR('',#9291,1.);
#9291 = DIRECTION('',(1.,0.));
#9292 = ( GEOMETRIC_REPRESENTATION_CONTEXT(2) 
PARAMETRIC_REPRESENTATION_CONTEXT() REPRESENTATION_CONTEXT('2D SPACE',''
  ) );
#9293 = ADVANCED_FACE('',(#9294),#9109,.T.);
#9294 = FACE_BOUND('',#9295,.T.);
#9295 = EDGE_LOOP('',(#9296,#9326,#9347,#9348));
#9296 = ORIENTED_EDGE('',*,*,#9297,.F.);
#9297 = EDGE_CURVE('',#9298,#9300,#9302,.T.);
#9298 = VERTEX_POINT('',#9299);
#9299 = CARTESIAN_POINT('',(171.90356586536,64.712281532414,
    70.639360407248));
#9300 = VERTEX_POINT('',#9301);
#9301 = CARTESIAN_POINT('',(171.90356586536,63.84625612863,
    70.639360407248));
#9302 = SURFACE_CURVE('',#9303,(#9307,#9314),.PCURVE_S1.);
#9303 = LINE('',#9304,#9305);
#9304 = CARTESIAN_POINT('',(171.90356586536,64.712281532414,
    70.639360407248));
#9305 = VECTOR('',#9306,1.);
#9306 = DIRECTION('',(1.569966732506E-32,-1.,-1.281975124256E-16));
#9307 = PCURVE('',#9109,#9308);
#9308 = DEFINITIONAL_REPRESENTATION('',(#9309),#9313);
#9309 = LINE('',#9310,#9311);
#9310 = CARTESIAN_POINT('',(0.,0.));
#9311 = VECTOR('',#9312,1.);
#9312 = DIRECTION('',(1.,0.));
#9313 = ( GEOMETRIC_REPRESENTATION_CONTEXT(2) 
PARAMETRIC_REPRESENTATION_CONTEXT() REPRESENTATION_CONTEXT('2D SPACE',''
  ) );
#9314 = PCURVE('',#9315,#9320);
#9315 = PLANE('',#9316);
#9316 = AXIS2_PLACEMENT_3D('',#9317,#9318,#9319);
#9317 = CARTESIAN_POINT('',(171.90356586536,64.279268830522,
    71.389360407248));
#9318 = DIRECTION('',(-1.,0.,-1.224646799147E-16));
#9319 = DIRECTION('',(1.224646799147E-16,0.,-1.));
#9320 = DEFINITIONAL_REPRESENTATION('',(#9321),#9325);
#9321 = LINE('',#9322,#9323);
#9322 = CARTESIAN_POINT('',(0.75,-0.433012701892));
#9323 = VECTOR('',#9324,1.);
#9324 = DIRECTION('',(1.281975124256E-16,1.));
#9325 = ( GEOMETRIC_REPRESENTATION_CONTEXT(2) 
PARAMETRIC_REPRESENTATION_CONTEXT() REPRESENTATION_CONTEXT('2D SPACE',''
  ) );
#9326 = ORIENTED_EDGE('',*,*,#9327,.T.);
#9327 = EDGE_CURVE('',#9298,#9094,#9328,.T.);
#9328 = SURFACE_CURVE('',#9329,(#9333,#9340),.PCURVE_S1.);
#9329 = LINE('',#9330,#9331);
#9330 = CARTESIAN_POINT('',(171.90356586536,64.712281532414,
    70.639360407248));
#9331 = VECTOR('',#9332,1.);
#9332 = DIRECTION('',(-1.,0.,-1.224646799147E-16));
#9333 = PCURVE('',#9109,#9334);
#9334 = DEFINITIONAL_REPRESENTATION('',(#9335),#9339);
#9335 = LINE('',#9336,#9337);
#9336 = CARTESIAN_POINT('',(0.,0.));
#9337 = VECTOR('',#9338,1.);
#9338 = DIRECTION('',(0.,-1.));
#9339 = ( GEOMETRIC_REPRESENTATION_CONTEXT(2) 
PARAMETRIC_REPRESENTATION_CONTEXT() REPRESENTATION_CONTEXT('2D SPACE',''
  ) );
#9340 = PCURVE('',#9137,#9341);
#9341 = DEFINITIONAL_REPRESENTATION('',(#9342),#9346);
#9342 = LINE('',#9343,#9344);
#9343 = CARTESIAN_POINT('',(0.866025403784,-9.184850993605E-17));
#9344 = VECTOR('',#9345,1.);
#9345 = DIRECTION('',(0.,-1.));
#9346 = ( GEOMETRIC_REPRESENTATION_CONTEXT(2) 
PARAMETRIC_REPRESENTATION_CONTEXT() REPRESENTATION_CONTEXT('2D SPACE',''
  ) );
#9347 = ORIENTED_EDGE('',*,*,#9091,.F.);
#9348 = ORIENTED_EDGE('',*,*,#9349,.F.);
#9349 = EDGE_CURVE('',#9300,#9092,#9350,.T.);
#9350 = SURFACE_CURVE('',#9351,(#9355,#9362),.PCURVE_S1.);
#9351 = LINE('',#9352,#9353);
#9352 = CARTESIAN_POINT('',(171.90356586536,63.84625612863,
    70.639360407248));
#9353 = VECTOR('',#9354,1.);
#9354 = DIRECTION('',(-1.,0.,-1.224646799147E-16));
#9355 = PCURVE('',#9109,#9356);
#9356 = DEFINITIONAL_REPRESENTATION('',(#9357),#9361);
#9357 = LINE('',#9358,#9359);
#9358 = CARTESIAN_POINT('',(0.866025403784,0.));
#9359 = VECTOR('',#9360,1.);
#9360 = DIRECTION('',(0.,-1.));
#9361 = ( GEOMETRIC_REPRESENTATION_CONTEXT(2) 
PARAMETRIC_REPRESENTATION_CONTEXT() REPRESENTATION_CONTEXT('2D SPACE',''
  ) );
#9362 = PCURVE('',#9247,#9363);
#9363 = DEFINITIONAL_REPRESENTATION('',(#9364),#9368);
#9364 = LINE('',#9365,#9366);
#9365 = CARTESIAN_POINT('',(0.,0.));
#9366 = VECTOR('',#9367,1.);
#9367 = DIRECTION('',(0.,-1.));
#9368 = ( GEOMETRIC_REPRESENTATION_CONTEXT(2) 
PARAMETRIC_REPRESENTATION_CONTEXT() REPRESENTATION_CONTEXT('2D SPACE',''
  ) );
#9369 = ADVANCED_FACE('',(#9370),#9247,.T.);
#9370 = FACE_BOUND('',#9371,.T.);
#9371 = EDGE_LOOP('',(#9372,#9395,#9396,#9397));
#9372 = ORIENTED_EDGE('',*,*,#9373,.F.);
#9373 = EDGE_CURVE('',#9300,#9374,#9376,.T.);
#9374 = VERTEX_POINT('',#9375);
#9375 = CARTESIAN_POINT('',(171.90356586536,63.413243426738,
    71.389360407248));
#9376 = SURFACE_CURVE('',#9377,(#9381,#9388),.PCURVE_S1.);
#9377 = LINE('',#9378,#9379);
#9378 = CARTESIAN_POINT('',(171.90356586536,63.84625612863,
    70.639360407248));
#9379 = VECTOR('',#9380,1.);
#9380 = DIRECTION('',(-1.060575238725E-16,-0.5,0.866025403784));
#9381 = PCURVE('',#9247,#9382);
#9382 = DEFINITIONAL_REPRESENTATION('',(#9383),#9387);
#9383 = LINE('',#9384,#9385);
#9384 = CARTESIAN_POINT('',(0.,0.));
#9385 = VECTOR('',#9386,1.);
#9386 = DIRECTION('',(1.,0.));
#9387 = ( GEOMETRIC_REPRESENTATION_CONTEXT(2) 
PARAMETRIC_REPRESENTATION_CONTEXT() REPRESENTATION_CONTEXT('2D SPACE',''
  ) );
#9388 = PCURVE('',#9315,#9389);
#9389 = DEFINITIONAL_REPRESENTATION('',(#9390),#9394);
#9390 = LINE('',#9391,#9392);
#9391 = CARTESIAN_POINT('',(0.75,0.433012701892));
#9392 = VECTOR('',#9393,1.);
#9393 = DIRECTION('',(-0.866025403784,0.5));
#9394 = ( GEOMETRIC_REPRESENTATION_CONTEXT(2) 
PARAMETRIC_REPRESENTATION_CONTEXT() REPRESENTATION_CONTEXT('2D SPACE',''
  ) );
#9395 = ORIENTED_EDGE('',*,*,#9349,.T.);
#9396 = ORIENTED_EDGE('',*,*,#9233,.F.);
#9397 = ORIENTED_EDGE('',*,*,#9398,.F.);
#9398 = EDGE_CURVE('',#9374,#9206,#9399,.T.);
#9399 = SURFACE_CURVE('',#9400,(#9404,#9411),.PCURVE_S1.);
#9400 = LINE('',#9401,#9402);
#9401 = CARTESIAN_POINT('',(171.90356586536,63.413243426738,
    71.389360407248));
#9402 = VECTOR('',#9403,1.);
#9403 = DIRECTION('',(-1.,0.,-1.224646799147E-16));
#9404 = PCURVE('',#9247,#9405);
#9405 = DEFINITIONAL_REPRESENTATION('',(#9406),#9410);
#9406 = LINE('',#9407,#9408);
#9407 = CARTESIAN_POINT('',(0.866025403784,9.184850993605E-17));
#9408 = VECTOR('',#9409,1.);
#9409 = DIRECTION('',(0.,-1.));
#9410 = ( GEOMETRIC_REPRESENTATION_CONTEXT(2) 
PARAMETRIC_REPRESENTATION_CONTEXT() REPRESENTATION_CONTEXT('2D SPACE',''
  ) );
#9411 = PCURVE('',#9221,#9412);
#9412 = DEFINITIONAL_REPRESENTATION('',(#9413),#9417);
#9413 = LINE('',#9414,#9415);
#9414 = CARTESIAN_POINT('',(0.,0.));
#9415 = VECTOR('',#9416,1.);
#9416 = DIRECTION('',(0.,-1.));
#9417 = ( GEOMETRIC_REPRESENTATION_CONTEXT(2) 
PARAMETRIC_REPRESENTATION_CONTEXT() REPRESENTATION_CONTEXT('2D SPACE',''
  ) );
#9418 = ADVANCED_FACE('',(#9419),#9221,.T.);
#9419 = FACE_BOUND('',#9420,.T.);
#9420 = EDGE_LOOP('',(#9421,#9444,#9445,#9446));
#9421 = ORIENTED_EDGE('',*,*,#9422,.F.);
#9422 = EDGE_CURVE('',#9374,#9423,#9425,.T.);
#9423 = VERTEX_POINT('',#9424);
#9424 = CARTESIAN_POINT('',(171.90356586536,63.84625612863,
    72.139360407248));
#9425 = SURFACE_CURVE('',#9426,(#9430,#9437),.PCURVE_S1.);
#9426 = LINE('',#9427,#9428);
#9427 = CARTESIAN_POINT('',(171.90356586536,63.413243426738,
    71.389360407248));
#9428 = VECTOR('',#9429,1.);
#9429 = DIRECTION('',(-1.060575238725E-16,0.5,0.866025403784));
#9430 = PCURVE('',#9221,#9431);
#9431 = DEFINITIONAL_REPRESENTATION('',(#9432),#9436);
#9432 = LINE('',#9433,#9434);
#9433 = CARTESIAN_POINT('',(0.,0.));
#9434 = VECTOR('',#9435,1.);
#9435 = DIRECTION('',(1.,0.));
#9436 = ( GEOMETRIC_REPRESENTATION_CONTEXT(2) 
PARAMETRIC_REPRESENTATION_CONTEXT() REPRESENTATION_CONTEXT('2D SPACE',''
  ) );
#9437 = PCURVE('',#9315,#9438);
#9438 = DEFINITIONAL_REPRESENTATION('',(#9439),#9443);
#9439 = LINE('',#9440,#9441);
#9440 = CARTESIAN_POINT('',(0.,0.866025403784));
#9441 = VECTOR('',#9442,1.);
#9442 = DIRECTION('',(-0.866025403784,-0.5));
#9443 = ( GEOMETRIC_REPRESENTATION_CONTEXT(2) 
PARAMETRIC_REPRESENTATION_CONTEXT() REPRESENTATION_CONTEXT('2D SPACE',''
  ) );
#9444 = ORIENTED_EDGE('',*,*,#9398,.T.);
#9445 = ORIENTED_EDGE('',*,*,#9205,.F.);
#9446 = ORIENTED_EDGE('',*,*,#9447,.F.);
#9447 = EDGE_CURVE('',#9423,#9178,#9448,.T.);
#9448 = SURFACE_CURVE('',#9449,(#9453,#9460),.PCURVE_S1.);
#9449 = LINE('',#9450,#9451);
#9450 = CARTESIAN_POINT('',(171.90356586536,63.84625612863,
    72.139360407248));
#9451 = VECTOR('',#9452,1.);
#9452 = DIRECTION('',(-1.,0.,-1.224646799147E-16));
#9453 = PCURVE('',#9221,#9454);
#9454 = DEFINITIONAL_REPRESENTATION('',(#9455),#9459);
#9455 = LINE('',#9456,#9457);
#9456 = CARTESIAN_POINT('',(0.866025403784,9.184850993605E-17));
#9457 = VECTOR('',#9458,1.);
#9458 = DIRECTION('',(0.,-1.));
#9459 = ( GEOMETRIC_REPRESENTATION_CONTEXT(2) 
PARAMETRIC_REPRESENTATION_CONTEXT() REPRESENTATION_CONTEXT('2D SPACE',''
  ) );
#9460 = PCURVE('',#9193,#9461);
#9461 = DEFINITIONAL_REPRESENTATION('',(#9462),#9466);
#9462 = LINE('',#9463,#9464);
#9463 = CARTESIAN_POINT('',(0.,0.));
#9464 = VECTOR('',#9465,1.);
#9465 = DIRECTION('',(0.,-1.));
#9466 = ( GEOMETRIC_REPRESENTATION_CONTEXT(2) 
PARAMETRIC_REPRESENTATION_CONTEXT() REPRESENTATION_CONTEXT('2D SPACE',''
  ) );
#9467 = ADVANCED_FACE('',(#9468),#9193,.T.);
#9468 = FACE_BOUND('',#9469,.T.);
#9469 = EDGE_LOOP('',(#9470,#9493,#9494,#9495));
#9470 = ORIENTED_EDGE('',*,*,#9471,.F.);
#9471 = EDGE_CURVE('',#9423,#9472,#9474,.T.);
#9472 = VERTEX_POINT('',#9473);
#9473 = CARTESIAN_POINT('',(171.90356586536,64.712281532414,
    72.139360407248));
#9474 = SURFACE_CURVE('',#9475,(#9479,#9486),.PCURVE_S1.);
#9475 = LINE('',#9476,#9477);
#9476 = CARTESIAN_POINT('',(171.90356586536,63.84625612863,
    72.139360407248));
#9477 = VECTOR('',#9478,1.);
#9478 = DIRECTION('',(-7.849833662531E-32,1.,6.409875621279E-16));
#9479 = PCURVE('',#9193,#9480);
#9480 = DEFINITIONAL_REPRESENTATION('',(#9481),#9485);
#9481 = LINE('',#9482,#9483);
#9482 = CARTESIAN_POINT('',(0.,0.));
#9483 = VECTOR('',#9484,1.);
#9484 = DIRECTION('',(1.,0.));
#9485 = ( GEOMETRIC_REPRESENTATION_CONTEXT(2) 
PARAMETRIC_REPRESENTATION_CONTEXT() REPRESENTATION_CONTEXT('2D SPACE',''
  ) );
#9486 = PCURVE('',#9315,#9487);
#9487 = DEFINITIONAL_REPRESENTATION('',(#9488),#9492);
#9488 = LINE('',#9489,#9490);
#9489 = CARTESIAN_POINT('',(-0.75,0.433012701892));
#9490 = VECTOR('',#9491,1.);
#9491 = DIRECTION('',(-6.409875621279E-16,-1.));
#9492 = ( GEOMETRIC_REPRESENTATION_CONTEXT(2) 
PARAMETRIC_REPRESENTATION_CONTEXT() REPRESENTATION_CONTEXT('2D SPACE',''
  ) );
#9493 = ORIENTED_EDGE('',*,*,#9447,.T.);
#9494 = ORIENTED_EDGE('',*,*,#9177,.F.);
#9495 = ORIENTED_EDGE('',*,*,#9496,.F.);
#9496 = EDGE_CURVE('',#9472,#9150,#9497,.T.);
#9497 = SURFACE_CURVE('',#9498,(#9502,#9509),.PCURVE_S1.);
#9498 = LINE('',#9499,#9500);
#9499 = CARTESIAN_POINT('',(171.90356586536,64.712281532414,
    72.139360407248));
#9500 = VECTOR('',#9501,1.);
#9501 = DIRECTION('',(-1.,0.,-1.224646799147E-16));
#9502 = PCURVE('',#9193,#9503);
#9503 = DEFINITIONAL_REPRESENTATION('',(#9504),#9508);
#9504 = LINE('',#9505,#9506);
#9505 = CARTESIAN_POINT('',(0.866025403784,0.));
#9506 = VECTOR('',#9507,1.);
#9507 = DIRECTION('',(0.,-1.));
#9508 = ( GEOMETRIC_REPRESENTATION_CONTEXT(2) 
PARAMETRIC_REPRESENTATION_CONTEXT() REPRESENTATION_CONTEXT('2D SPACE',''
  ) );
#9509 = PCURVE('',#9165,#9510);
#9510 = DEFINITIONAL_REPRESENTATION('',(#9511),#9515);
#9511 = LINE('',#9512,#9513);
#9512 = CARTESIAN_POINT('',(0.,0.));
#9513 = VECTOR('',#9514,1.);
#9514 = DIRECTION('',(0.,-1.));
#9515 = ( GEOMETRIC_REPRESENTATION_CONTEXT(2) 
PARAMETRIC_REPRESENTATION_CONTEXT() REPRESENTATION_CONTEXT('2D SPACE',''
  ) );
#9516 = ADVANCED_FACE('',(#9517),#9165,.T.);
#9517 = FACE_BOUND('',#9518,.T.);
#9518 = EDGE_LOOP('',(#9519,#9542,#9543,#9544));
#9519 = ORIENTED_EDGE('',*,*,#9520,.F.);
#9520 = EDGE_CURVE('',#9472,#9521,#9523,.T.);
#9521 = VERTEX_POINT('',#9522);
#9522 = CARTESIAN_POINT('',(171.90356586536,65.145294234307,
    71.389360407248));
#9523 = SURFACE_CURVE('',#9524,(#9528,#9535),.PCURVE_S1.);
#9524 = LINE('',#9525,#9526);
#9525 = CARTESIAN_POINT('',(171.90356586536,64.712281532414,
    72.139360407248));
#9526 = VECTOR('',#9527,1.);
#9527 = DIRECTION('',(1.060575238725E-16,0.5,-0.866025403784));
#9528 = PCURVE('',#9165,#9529);
#9529 = DEFINITIONAL_REPRESENTATION('',(#9530),#9534);
#9530 = LINE('',#9531,#9532);
#9531 = CARTESIAN_POINT('',(0.,0.));
#9532 = VECTOR('',#9533,1.);
#9533 = DIRECTION('',(1.,0.));
#9534 = ( GEOMETRIC_REPRESENTATION_CONTEXT(2) 
PARAMETRIC_REPRESENTATION_CONTEXT() REPRESENTATION_CONTEXT('2D SPACE',''
  ) );
#9535 = PCURVE('',#9315,#9536);
#9536 = DEFINITIONAL_REPRESENTATION('',(#9537),#9541);
#9537 = LINE('',#9538,#9539);
#9538 = CARTESIAN_POINT('',(-0.75,-0.433012701892));
#9539 = VECTOR('',#9540,1.);
#9540 = DIRECTION('',(0.866025403784,-0.5));
#9541 = ( GEOMETRIC_REPRESENTATION_CONTEXT(2) 
PARAMETRIC_REPRESENTATION_CONTEXT() REPRESENTATION_CONTEXT('2D SPACE',''
  ) );
#9542 = ORIENTED_EDGE('',*,*,#9496,.T.);
#9543 = ORIENTED_EDGE('',*,*,#9149,.F.);
#9544 = ORIENTED_EDGE('',*,*,#9545,.F.);
#9545 = EDGE_CURVE('',#9521,#9122,#9546,.T.);
#9546 = SURFACE_CURVE('',#9547,(#9551,#9558),.PCURVE_S1.);
#9547 = LINE('',#9548,#9549);
#9548 = CARTESIAN_POINT('',(171.90356586536,65.145294234307,
    71.389360407248));
#9549 = VECTOR('',#9550,1.);
#9550 = DIRECTION('',(-1.,0.,-1.224646799147E-16));
#9551 = PCURVE('',#9165,#9552);
#9552 = DEFINITIONAL_REPRESENTATION('',(#9553),#9557);
#9553 = LINE('',#9554,#9555);
#9554 = CARTESIAN_POINT('',(0.866025403784,-9.184850993605E-17));
#9555 = VECTOR('',#9556,1.);
#9556 = DIRECTION('',(0.,-1.));
#9557 = ( GEOMETRIC_REPRESENTATION_CONTEXT(2) 
PARAMETRIC_REPRESENTATION_CONTEXT() REPRESENTATION_CONTEXT('2D SPACE',''
  ) );
#9558 = PCURVE('',#9137,#9559);
#9559 = DEFINITIONAL_REPRESENTATION('',(#9560),#9564);
#9560 = LINE('',#9561,#9562);
#9561 = CARTESIAN_POINT('',(0.,0.));
#9562 = VECTOR('',#9563,1.);
#9563 = DIRECTION('',(0.,-1.));
#9564 = ( GEOMETRIC_REPRESENTATION_CONTEXT(2) 
PARAMETRIC_REPRESENTATION_CONTEXT() REPRESENTATION_CONTEXT('2D SPACE',''
  ) );
#9565 = ADVANCED_FACE('',(#9566),#9137,.T.);
#9566 = FACE_BOUND('',#9567,.T.);
#9567 = EDGE_LOOP('',(#9568,#9589,#9590,#9591));
#9568 = ORIENTED_EDGE('',*,*,#9569,.F.);
#9569 = EDGE_CURVE('',#9521,#9298,#9570,.T.);
#9570 = SURFACE_CURVE('',#9571,(#9575,#9582),.PCURVE_S1.);
#9571 = LINE('',#9572,#9573);
#9572 = CARTESIAN_POINT('',(171.90356586536,65.145294234307,
    71.389360407248));
#9573 = VECTOR('',#9574,1.);
#9574 = DIRECTION('',(1.060575238725E-16,-0.5,-0.866025403784));
#9575 = PCURVE('',#9137,#9576);
#9576 = DEFINITIONAL_REPRESENTATION('',(#9577),#9581);
#9577 = LINE('',#9578,#9579);
#9578 = CARTESIAN_POINT('',(0.,0.));
#9579 = VECTOR('',#9580,1.);
#9580 = DIRECTION('',(1.,0.));
#9581 = ( GEOMETRIC_REPRESENTATION_CONTEXT(2) 
PARAMETRIC_REPRESENTATION_CONTEXT() REPRESENTATION_CONTEXT('2D SPACE',''
  ) );
#9582 = PCURVE('',#9315,#9583);
#9583 = DEFINITIONAL_REPRESENTATION('',(#9584),#9588);
#9584 = LINE('',#9585,#9586);
#9585 = CARTESIAN_POINT('',(0.,-0.866025403784));
#9586 = VECTOR('',#9587,1.);
#9587 = DIRECTION('',(0.866025403784,0.5));
#9588 = ( GEOMETRIC_REPRESENTATION_CONTEXT(2) 
PARAMETRIC_REPRESENTATION_CONTEXT() REPRESENTATION_CONTEXT('2D SPACE',''
  ) );
#9589 = ORIENTED_EDGE('',*,*,#9545,.T.);
#9590 = ORIENTED_EDGE('',*,*,#9121,.F.);
#9591 = ORIENTED_EDGE('',*,*,#9327,.F.);
#9592 = ADVANCED_FACE('',(#9593),#9282,.T.);
#9593 = FACE_BOUND('',#9594,.T.);
#9594 = EDGE_LOOP('',(#9595,#9596,#9619,#9646));
#9595 = ORIENTED_EDGE('',*,*,#9265,.F.);
#9596 = ORIENTED_EDGE('',*,*,#9597,.F.);
#9597 = EDGE_CURVE('',#9598,#9266,#9600,.T.);
#9598 = VERTEX_POINT('',#9599);
#9599 = CARTESIAN_POINT('',(180.70356586536,64.279268830522,
    70.389360407248));
#9600 = SEAM_CURVE('',#9601,(#9605,#9612),.PCURVE_S1.);
#9601 = LINE('',#9602,#9603);
#9602 = CARTESIAN_POINT('',(180.70356586536,64.279268830522,
    70.389360407248));
#9603 = VECTOR('',#9604,1.);
#9604 = DIRECTION('',(-1.,0.,-1.224646799147E-16));
#9605 = PCURVE('',#9282,#9606);
#9606 = DEFINITIONAL_REPRESENTATION('',(#9607),#9611);
#9607 = LINE('',#9608,#9609);
#9608 = CARTESIAN_POINT('',(6.28318530718,-0.));
#9609 = VECTOR('',#9610,1.);
#9610 = DIRECTION('',(0.,1.));
#9611 = ( GEOMETRIC_REPRESENTATION_CONTEXT(2) 
PARAMETRIC_REPRESENTATION_CONTEXT() REPRESENTATION_CONTEXT('2D SPACE',''
  ) );
#9612 = PCURVE('',#9282,#9613);
#9613 = DEFINITIONAL_REPRESENTATION('',(#9614),#9618);
#9614 = LINE('',#9615,#9616);
#9615 = CARTESIAN_POINT('',(0.,-0.));
#9616 = VECTOR('',#9617,1.);
#9617 = DIRECTION('',(0.,1.));
#9618 = ( GEOMETRIC_REPRESENTATION_CONTEXT(2) 
PARAMETRIC_REPRESENTATION_CONTEXT() REPRESENTATION_CONTEXT('2D SPACE',''
  ) );
#9619 = ORIENTED_EDGE('',*,*,#9620,.T.);
#9620 = EDGE_CURVE('',#9598,#9598,#9621,.T.);
#9621 = SURFACE_CURVE('',#9622,(#9627,#9634),.PCURVE_S1.);
#9622 = CIRCLE('',#9623,1.);
#9623 = AXIS2_PLACEMENT_3D('',#9624,#9625,#9626);
#9624 = CARTESIAN_POINT('',(180.70356586536,64.279268830522,
    71.389360407248));
#9625 = DIRECTION('',(-1.,0.,-1.224646799147E-16));
#9626 = DIRECTION('',(1.224646799147E-16,0.,-1.));
#9627 = PCURVE('',#9282,#9628);
#9628 = DEFINITIONAL_REPRESENTATION('',(#9629),#9633);
#9629 = LINE('',#9630,#9631);
#9630 = CARTESIAN_POINT('',(0.,0.));
#9631 = VECTOR('',#9632,1.);
#9632 = DIRECTION('',(1.,0.));
#9633 = ( GEOMETRIC_REPRESENTATION_CONTEXT(2) 
PARAMETRIC_REPRESENTATION_CONTEXT() REPRESENTATION_CONTEXT('2D SPACE',''
  ) );
#9634 = PCURVE('',#9635,#9640);
#9635 = PLANE('',#9636);
#9636 = AXIS2_PLACEMENT_3D('',#9637,#9638,#9639);
#9637 = CARTESIAN_POINT('',(180.70356586536,64.279268830522,
    71.389360407248));
#9638 = DIRECTION('',(-1.,0.,-1.224646799147E-16));
#9639 = DIRECTION('',(1.224646799147E-16,0.,-1.));
#9640 = DEFINITIONAL_REPRESENTATION('',(#9641),#9645);
#9641 = CIRCLE('',#9642,1.);
#9642 = AXIS2_PLACEMENT_2D('',#9643,#9644);
#9643 = CARTESIAN_POINT('',(0.,0.));
#9644 = DIRECTION('',(1.,0.));
#9645 = ( GEOMETRIC_REPRESENTATION_CONTEXT(2) 
PARAMETRIC_REPRESENTATION_CONTEXT() REPRESENTATION_CONTEXT('2D SPACE',''
  ) );
#9646 = ORIENTED_EDGE('',*,*,#9597,.T.);
#9647 = ADVANCED_FACE('',(#9648),#9315,.T.);
#9648 = FACE_BOUND('',#9649,.T.);
#9649 = EDGE_LOOP('',(#9650,#9651,#9652,#9653,#9654,#9655));
#9650 = ORIENTED_EDGE('',*,*,#9569,.T.);
#9651 = ORIENTED_EDGE('',*,*,#9297,.T.);
#9652 = ORIENTED_EDGE('',*,*,#9373,.T.);
#9653 = ORIENTED_EDGE('',*,*,#9422,.T.);
#9654 = ORIENTED_EDGE('',*,*,#9471,.T.);
#9655 = ORIENTED_EDGE('',*,*,#9520,.T.);
#9656 = ADVANCED_FACE('',(#9657),#9635,.F.);
#9657 = FACE_BOUND('',#9658,.T.);
#9658 = EDGE_LOOP('',(#9659));
#9659 = ORIENTED_EDGE('',*,*,#9620,.F.);
#9660 = ( GEOMETRIC_REPRESENTATION_CONTEXT(3) 
GLOBAL_UNCERTAINTY_ASSIGNED_CONTEXT((#9664)) 
GLOBAL_UNIT_ASSIGNED_CONTEXT((#9661,#9662,#9663)) REPRESENTATION_CONTEXT
('Context #1','3D Context with UNIT and UNCERTAINTY') );
#9661 = ( LENGTH_UNIT() NAMED_UNIT(*) SI_UNIT(.MILLI.,.METRE.) );
#9662 = ( NAMED_UNIT(*) PLANE_ANGLE_UNIT() SI_UNIT($,.RADIAN.) );
#9663 = ( NAMED_UNIT(*) SI_UNIT($,.STERADIAN.) SOLID_ANGLE_UNIT() );
#9664 = UNCERTAINTY_MEASURE_WITH_UNIT(LENGTH_MEASURE(1.E-07),#9661,
  'distance_accuracy_value','confusion accuracy');
#9665 = CONTEXT_DEPENDENT_SHAPE_REPRESENTATION(#9666,#9668);
#9666 = ( REPRESENTATION_RELATIONSHIP('','',#8993,#10) 
REPRESENTATION_RELATIONSHIP_WITH_TRANSFORMATION(#9667) 
SHAPE_REPRESENTATION_RELATIONSHIP() );
#9667 = ITEM_DEFINED_TRANSFORMATION('','',#11,#67);
#9668 = PRODUCT_DEFINITION_SHAPE('Placement','Placement of an item',
  #9669);
#9669 = NEXT_ASSEMBLY_USAGE_OCCURRENCE('62','','',#5,#8988,$);
#9670 = PRODUCT_RELATED_PRODUCT_CATEGORY('part',$,(#8990));
#9671 = SHAPE_DEFINITION_REPRESENTATION(#9672,#9678);
#9672 = PRODUCT_DEFINITION_SHAPE('','',#9673);
#9673 = PRODUCT_DEFINITION('design','',#9674,#9677);
#9674 = PRODUCT_DEFINITION_FORMATION('','',#9675);
#9675 = PRODUCT('Open CASCADE STEP translator 7.9 10.15',
  'Open CASCADE STEP translator 7.9 10.15','',(#9676));
#9676 = PRODUCT_CONTEXT('',#2,'mechanical');
#9677 = PRODUCT_DEFINITION_CONTEXT('part definition',#2,'design');
#9678 = ADVANCED_BREP_SHAPE_REPRESENTATION('',(#11,#9679),#10345);
#9679 = MANIFOLD_SOLID_BREP('',#9680);
#9680 = CLOSED_SHELL('',(#9681,#9769,#9943,#9978,#10054,#10103,#10152,
    #10201,#10250,#10277,#10332,#10341));
#9681 = ADVANCED_FACE('',(#9682),#9695,.T.);
#9682 = FACE_BOUND('',#9683,.T.);
#9683 = EDGE_LOOP('',(#9684,#9718,#9741,#9768));
#9684 = ORIENTED_EDGE('',*,*,#9685,.F.);
#9685 = EDGE_CURVE('',#9686,#9686,#9688,.T.);
#9686 = VERTEX_POINT('',#9687);
#9687 = CARTESIAN_POINT('',(170.70356586536,87.758702864084,
    37.172691900558));
#9688 = SURFACE_CURVE('',#9689,(#9694,#9706),.PCURVE_S1.);
#9689 = CIRCLE('',#9690,1.9);
#9690 = AXIS2_PLACEMENT_3D('',#9691,#9692,#9693);
#9691 = CARTESIAN_POINT('',(170.70356586536,87.758702864084,
    39.072691900558));
#9692 = DIRECTION('',(-1.,0.,-1.224646799147E-16));
#9693 = DIRECTION('',(1.224646799147E-16,0.,-1.));
#9694 = PCURVE('',#9695,#9700);
#9695 = CYLINDRICAL_SURFACE('',#9696,1.9);
#9696 = AXIS2_PLACEMENT_3D('',#9697,#9698,#9699);
#9697 = CARTESIAN_POINT('',(172.70356586536,87.758702864084,
    39.072691900558));
#9698 = DIRECTION('',(-1.,0.,-1.224646799147E-16));
#9699 = DIRECTION('',(1.224646799147E-16,0.,-1.));
#9700 = DEFINITIONAL_REPRESENTATION('',(#9701),#9705);
#9701 = LINE('',#9702,#9703);
#9702 = CARTESIAN_POINT('',(0.,2.));
#9703 = VECTOR('',#9704,1.);
#9704 = DIRECTION('',(1.,0.));
#9705 = ( GEOMETRIC_REPRESENTATION_CONTEXT(2) 
PARAMETRIC_REPRESENTATION_CONTEXT() REPRESENTATION_CONTEXT('2D SPACE',''
  ) );
#9706 = PCURVE('',#9707,#9712);
#9707 = PLANE('',#9708);
#9708 = AXIS2_PLACEMENT_3D('',#9709,#9710,#9711);
#9709 = CARTESIAN_POINT('',(170.70356586536,87.758702864084,
    39.072691900558));
#9710 = DIRECTION('',(-1.,0.,-1.224646799147E-16));
#9711 = DIRECTION('',(1.224646799147E-16,0.,-1.));
#9712 = DEFINITIONAL_REPRESENTATION('',(#9713),#9717);
#9713 = CIRCLE('',#9714,1.9);
#9714 = AXIS2_PLACEMENT_2D('',#9715,#9716);
#9715 = CARTESIAN_POINT('',(0.,0.));
#9716 = DIRECTION('',(1.,0.));
#9717 = ( GEOMETRIC_REPRESENTATION_CONTEXT(2) 
PARAMETRIC_REPRESENTATION_CONTEXT() REPRESENTATION_CONTEXT('2D SPACE',''
  ) );
#9718 = ORIENTED_EDGE('',*,*,#9719,.F.);
#9719 = EDGE_CURVE('',#9720,#9686,#9722,.T.);
#9720 = VERTEX_POINT('',#9721);
#9721 = CARTESIAN_POINT('',(172.70356586536,87.758702864084,
    37.172691900558));
#9722 = SEAM_CURVE('',#9723,(#9727,#9734),.PCURVE_S1.);
#9723 = LINE('',#9724,#9725);
#9724 = CARTESIAN_POINT('',(172.70356586536,87.758702864084,
    37.172691900558));
#9725 = VECTOR('',#9726,1.);
#9726 = DIRECTION('',(-1.,0.,-1.224646799147E-16));
#9727 = PCURVE('',#9695,#9728);
#9728 = DEFINITIONAL_REPRESENTATION('',(#9729),#9733);
#9729 = LINE('',#9730,#9731);
#9730 = CARTESIAN_POINT('',(6.28318530718,-0.));
#9731 = VECTOR('',#9732,1.);
#9732 = DIRECTION('',(0.,1.));
#9733 = ( GEOMETRIC_REPRESENTATION_CONTEXT(2) 
PARAMETRIC_REPRESENTATION_CONTEXT() REPRESENTATION_CONTEXT('2D SPACE',''
  ) );
#9734 = PCURVE('',#9695,#9735);
#9735 = DEFINITIONAL_REPRESENTATION('',(#9736),#9740);
#9736 = LINE('',#9737,#9738);
#9737 = CARTESIAN_POINT('',(0.,-0.));
#9738 = VECTOR('',#9739,1.);
#9739 = DIRECTION('',(0.,1.));
#9740 = ( GEOMETRIC_REPRESENTATION_CONTEXT(2) 
PARAMETRIC_REPRESENTATION_CONTEXT() REPRESENTATION_CONTEXT('2D SPACE',''
  ) );
#9741 = ORIENTED_EDGE('',*,*,#9742,.T.);
#9742 = EDGE_CURVE('',#9720,#9720,#9743,.T.);
#9743 = SURFACE_CURVE('',#9744,(#9749,#9756),.PCURVE_S1.);
#9744 = CIRCLE('',#9745,1.9);
#9745 = AXIS2_PLACEMENT_3D('',#9746,#9747,#9748);
#9746 = CARTESIAN_POINT('',(172.70356586536,87.758702864084,
    39.072691900558));
#9747 = DIRECTION('',(-1.,0.,-1.224646799147E-16));
#9748 = DIRECTION('',(1.224646799147E-16,0.,-1.));
#9749 = PCURVE('',#9695,#9750);
#9750 = DEFINITIONAL_REPRESENTATION('',(#9751),#9755);
#9751 = LINE('',#9752,#9753);
#9752 = CARTESIAN_POINT('',(0.,0.));
#9753 = VECTOR('',#9754,1.);
#9754 = DIRECTION('',(1.,0.));
#9755 = ( GEOMETRIC_REPRESENTATION_CONTEXT(2) 
PARAMETRIC_REPRESENTATION_CONTEXT() REPRESENTATION_CONTEXT('2D SPACE',''
  ) );
#9756 = PCURVE('',#9757,#9762);
#9757 = PLANE('',#9758);
#9758 = AXIS2_PLACEMENT_3D('',#9759,#9760,#9761);
#9759 = CARTESIAN_POINT('',(172.70356586536,87.758702864084,
    39.072691900558));
#9760 = DIRECTION('',(-1.,0.,-1.224646799147E-16));
#9761 = DIRECTION('',(1.224646799147E-16,0.,-1.));
#9762 = DEFINITIONAL_REPRESENTATION('',(#9763),#9767);
#9763 = CIRCLE('',#9764,1.9);
#9764 = AXIS2_PLACEMENT_2D('',#9765,#9766);
#9765 = CARTESIAN_POINT('',(0.,0.));
#9766 = DIRECTION('',(1.,0.));
#9767 = ( GEOMETRIC_REPRESENTATION_CONTEXT(2) 
PARAMETRIC_REPRESENTATION_CONTEXT() REPRESENTATION_CONTEXT('2D SPACE',''
  ) );
#9768 = ORIENTED_EDGE('',*,*,#9719,.T.);
#9769 = ADVANCED_FACE('',(#9770,#9773),#9707,.T.);
#9770 = FACE_BOUND('',#9771,.T.);
#9771 = EDGE_LOOP('',(#9772));
#9772 = ORIENTED_EDGE('',*,*,#9685,.T.);
#9773 = FACE_BOUND('',#9774,.T.);
#9774 = EDGE_LOOP('',(#9775,#9805,#9833,#9861,#9889,#9917));
#9775 = ORIENTED_EDGE('',*,*,#9776,.T.);
#9776 = EDGE_CURVE('',#9777,#9779,#9781,.T.);
#9777 = VERTEX_POINT('',#9778);
#9778 = CARTESIAN_POINT('',(170.70356586536,87.325690162192,
    38.322691900558));
#9779 = VERTEX_POINT('',#9780);
#9780 = CARTESIAN_POINT('',(170.70356586536,88.191715565976,
    38.322691900558));
#9781 = SURFACE_CURVE('',#9782,(#9786,#9793),.PCURVE_S1.);
#9782 = LINE('',#9783,#9784);
#9783 = CARTESIAN_POINT('',(170.70356586536,87.97520921503,
    38.322691900558));
#9784 = VECTOR('',#9785,1.);
#9785 = DIRECTION('',(-1.569966732506E-32,1.,1.281975124256E-16));
#9786 = PCURVE('',#9707,#9787);
#9787 = DEFINITIONAL_REPRESENTATION('',(#9788),#9792);
#9788 = LINE('',#9789,#9790);
#9789 = CARTESIAN_POINT('',(0.75,-0.216506350946));
#9790 = VECTOR('',#9791,1.);
#9791 = DIRECTION('',(-1.281975124256E-16,-1.));
#9792 = ( GEOMETRIC_REPRESENTATION_CONTEXT(2) 
PARAMETRIC_REPRESENTATION_CONTEXT() REPRESENTATION_CONTEXT('2D SPACE',''
  ) );
#9793 = PCURVE('',#9794,#9799);
#9794 = PLANE('',#9795);
#9795 = AXIS2_PLACEMENT_3D('',#9796,#9797,#9798);
#9796 = CARTESIAN_POINT('',(171.90356586536,88.191715565976,
    38.322691900558));
#9797 = DIRECTION('',(-1.224646799147E-16,-1.281975124256E-16,1.));
#9798 = DIRECTION('',(1.569966732506E-32,-1.,-1.281975124256E-16));
#9799 = DEFINITIONAL_REPRESENTATION('',(#9800),#9804);
#9800 = LINE('',#9801,#9802);
#9801 = CARTESIAN_POINT('',(0.216506350946,-1.2));
#9802 = VECTOR('',#9803,1.);
#9803 = DIRECTION('',(-1.,0.));
#9804 = ( GEOMETRIC_REPRESENTATION_CONTEXT(2) 
PARAMETRIC_REPRESENTATION_CONTEXT() REPRESENTATION_CONTEXT('2D SPACE',''
  ) );
#9805 = ORIENTED_EDGE('',*,*,#9806,.T.);
#9806 = EDGE_CURVE('',#9779,#9807,#9809,.T.);
#9807 = VERTEX_POINT('',#9808);
#9808 = CARTESIAN_POINT('',(170.70356586536,88.624728267868,
    39.072691900558));
#9809 = SURFACE_CURVE('',#9810,(#9814,#9821),.PCURVE_S1.);
#9810 = LINE('',#9811,#9812);
#9811 = CARTESIAN_POINT('',(170.70356586536,88.516475092395,
    38.885191900558));
#9812 = VECTOR('',#9813,1.);
#9813 = DIRECTION('',(-1.060575238725E-16,0.5,0.866025403784));
#9814 = PCURVE('',#9707,#9815);
#9815 = DEFINITIONAL_REPRESENTATION('',(#9816),#9820);
#9816 = LINE('',#9817,#9818);
#9817 = CARTESIAN_POINT('',(0.1875,-0.757772228311));
#9818 = VECTOR('',#9819,1.);
#9819 = DIRECTION('',(-0.866025403784,-0.5));
#9820 = ( GEOMETRIC_REPRESENTATION_CONTEXT(2) 
PARAMETRIC_REPRESENTATION_CONTEXT() REPRESENTATION_CONTEXT('2D SPACE',''
  ) );
#9821 = PCURVE('',#9822,#9827);
#9822 = PLANE('',#9823);
#9823 = AXIS2_PLACEMENT_3D('',#9824,#9825,#9826);
#9824 = CARTESIAN_POINT('',(171.90356586536,88.624728267868,
    39.072691900558));
#9825 = DIRECTION('',(-6.123233995737E-17,-0.866025403784,0.5));
#9826 = DIRECTION('',(1.060575238725E-16,-0.5,-0.866025403784));
#9827 = DEFINITIONAL_REPRESENTATION('',(#9828),#9832);
#9828 = LINE('',#9829,#9830);
#9829 = CARTESIAN_POINT('',(0.216506350946,-1.2));
#9830 = VECTOR('',#9831,1.);
#9831 = DIRECTION('',(-1.,0.));
#9832 = ( GEOMETRIC_REPRESENTATION_CONTEXT(2) 
PARAMETRIC_REPRESENTATION_CONTEXT() REPRESENTATION_CONTEXT('2D SPACE',''
  ) );
#9833 = ORIENTED_EDGE('',*,*,#9834,.T.);
#9834 = EDGE_CURVE('',#9807,#9835,#9837,.T.);
#9835 = VERTEX_POINT('',#9836);
#9836 = CARTESIAN_POINT('',(170.70356586536,88.191715565976,
    39.822691900558));
#9837 = SURFACE_CURVE('',#9838,(#9842,#9849),.PCURVE_S1.);
#9838 = LINE('',#9839,#9840);
#9839 = CARTESIAN_POINT('',(170.70356586536,88.299968741449,
    39.635191900558));
#9840 = VECTOR('',#9841,1.);
#9841 = DIRECTION('',(-1.060575238725E-16,-0.5,0.866025403784));
#9842 = PCURVE('',#9707,#9843);
#9843 = DEFINITIONAL_REPRESENTATION('',(#9844),#9848);
#9844 = LINE('',#9845,#9846);
#9845 = CARTESIAN_POINT('',(-0.5625,-0.541265877365));
#9846 = VECTOR('',#9847,1.);
#9847 = DIRECTION('',(-0.866025403784,0.5));
#9848 = ( GEOMETRIC_REPRESENTATION_CONTEXT(2) 
PARAMETRIC_REPRESENTATION_CONTEXT() REPRESENTATION_CONTEXT('2D SPACE',''
  ) );
#9849 = PCURVE('',#9850,#9855);
#9850 = PLANE('',#9851);
#9851 = AXIS2_PLACEMENT_3D('',#9852,#9853,#9854);
#9852 = CARTESIAN_POINT('',(171.90356586536,88.191715565976,
    39.822691900558));
#9853 = DIRECTION('',(6.123233995737E-17,-0.866025403784,-0.5));
#9854 = DIRECTION('',(1.060575238725E-16,0.5,-0.866025403784));
#9855 = DEFINITIONAL_REPRESENTATION('',(#9856),#9860);
#9856 = LINE('',#9857,#9858);
#9857 = CARTESIAN_POINT('',(0.216506350946,-1.2));
#9858 = VECTOR('',#9859,1.);
#9859 = DIRECTION('',(-1.,0.));
#9860 = ( GEOMETRIC_REPRESENTATION_CONTEXT(2) 
PARAMETRIC_REPRESENTATION_CONTEXT() REPRESENTATION_CONTEXT('2D SPACE',''
  ) );
#9861 = ORIENTED_EDGE('',*,*,#9862,.T.);
#9862 = EDGE_CURVE('',#9835,#9863,#9865,.T.);
#9863 = VERTEX_POINT('',#9864);
#9864 = CARTESIAN_POINT('',(170.70356586536,87.325690162192,
    39.822691900558));
#9865 = SURFACE_CURVE('',#9866,(#9870,#9877),.PCURVE_S1.);
#9866 = LINE('',#9867,#9868);
#9867 = CARTESIAN_POINT('',(170.70356586536,87.542196513138,
    39.822691900558));
#9868 = VECTOR('',#9869,1.);
#9869 = DIRECTION('',(7.849833662531E-32,-1.,-6.409875621279E-16));
#9870 = PCURVE('',#9707,#9871);
#9871 = DEFINITIONAL_REPRESENTATION('',(#9872),#9876);
#9872 = LINE('',#9873,#9874);
#9873 = CARTESIAN_POINT('',(-0.75,0.216506350946));
#9874 = VECTOR('',#9875,1.);
#9875 = DIRECTION('',(6.409875621279E-16,1.));
#9876 = ( GEOMETRIC_REPRESENTATION_CONTEXT(2) 
PARAMETRIC_REPRESENTATION_CONTEXT() REPRESENTATION_CONTEXT('2D SPACE',''
  ) );
#9877 = PCURVE('',#9878,#9883);
#9878 = PLANE('',#9879);
#9879 = AXIS2_PLACEMENT_3D('',#9880,#9881,#9882);
#9880 = CARTESIAN_POINT('',(171.90356586536,87.325690162192,
    39.822691900558));
#9881 = DIRECTION('',(1.224646799147E-16,6.409875621279E-16,-1.));
#9882 = DIRECTION('',(-7.849833662531E-32,1.,6.409875621279E-16));
#9883 = DEFINITIONAL_REPRESENTATION('',(#9884),#9888);
#9884 = LINE('',#9885,#9886);
#9885 = CARTESIAN_POINT('',(0.216506350946,-1.2));
#9886 = VECTOR('',#9887,1.);
#9887 = DIRECTION('',(-1.,0.));
#9888 = ( GEOMETRIC_REPRESENTATION_CONTEXT(2) 
PARAMETRIC_REPRESENTATION_CONTEXT() REPRESENTATION_CONTEXT('2D SPACE',''
  ) );
#9889 = ORIENTED_EDGE('',*,*,#9890,.T.);
#9890 = EDGE_CURVE('',#9863,#9891,#9893,.T.);
#9891 = VERTEX_POINT('',#9892);
#9892 = CARTESIAN_POINT('',(170.70356586536,86.892677460299,
    39.072691900558));
#9893 = SURFACE_CURVE('',#9894,(#9898,#9905),.PCURVE_S1.);
#9894 = LINE('',#9895,#9896);
#9895 = CARTESIAN_POINT('',(170.70356586536,87.000930635772,
    39.260191900558));
#9896 = VECTOR('',#9897,1.);
#9897 = DIRECTION('',(1.060575238725E-16,-0.5,-0.866025403784));
#9898 = PCURVE('',#9707,#9899);
#9899 = DEFINITIONAL_REPRESENTATION('',(#9900),#9904);
#9900 = LINE('',#9901,#9902);
#9901 = CARTESIAN_POINT('',(-0.1875,0.757772228311));
#9902 = VECTOR('',#9903,1.);
#9903 = DIRECTION('',(0.866025403784,0.5));
#9904 = ( GEOMETRIC_REPRESENTATION_CONTEXT(2) 
PARAMETRIC_REPRESENTATION_CONTEXT() REPRESENTATION_CONTEXT('2D SPACE',''
  ) );
#9905 = PCURVE('',#9906,#9911);
#9906 = PLANE('',#9907);
#9907 = AXIS2_PLACEMENT_3D('',#9908,#9909,#9910);
#9908 = CARTESIAN_POINT('',(171.90356586536,86.892677460299,
    39.072691900558));
#9909 = DIRECTION('',(6.123233995737E-17,0.866025403784,-0.5));
#9910 = DIRECTION('',(-1.060575238725E-16,0.5,0.866025403784));
#9911 = DEFINITIONAL_REPRESENTATION('',(#9912),#9916);
#9912 = LINE('',#9913,#9914);
#9913 = CARTESIAN_POINT('',(0.216506350946,-1.2));
#9914 = VECTOR('',#9915,1.);
#9915 = DIRECTION('',(-1.,0.));
#9916 = ( GEOMETRIC_REPRESENTATION_CONTEXT(2) 
PARAMETRIC_REPRESENTATION_CONTEXT() REPRESENTATION_CONTEXT('2D SPACE',''
  ) );
#9917 = ORIENTED_EDGE('',*,*,#9918,.T.);
#9918 = EDGE_CURVE('',#9891,#9777,#9919,.T.);
#9919 = SURFACE_CURVE('',#9920,(#9924,#9931),.PCURVE_S1.);
#9920 = LINE('',#9921,#9922);
#9921 = CARTESIAN_POINT('',(170.70356586536,87.217436986719,
    38.510191900558));
#9922 = VECTOR('',#9923,1.);
#9923 = DIRECTION('',(1.060575238725E-16,0.5,-0.866025403784));
#9924 = PCURVE('',#9707,#9925);
#9925 = DEFINITIONAL_REPRESENTATION('',(#9926),#9930);
#9926 = LINE('',#9927,#9928);
#9927 = CARTESIAN_POINT('',(0.5625,0.541265877365));
#9928 = VECTOR('',#9929,1.);
#9929 = DIRECTION('',(0.866025403784,-0.5));
#9930 = ( GEOMETRIC_REPRESENTATION_CONTEXT(2) 
PARAMETRIC_REPRESENTATION_CONTEXT() REPRESENTATION_CONTEXT('2D SPACE',''
  ) );
#9931 = PCURVE('',#9932,#9937);
#9932 = PLANE('',#9933);
#9933 = AXIS2_PLACEMENT_3D('',#9934,#9935,#9936);
#9934 = CARTESIAN_POINT('',(171.90356586536,87.325690162192,
    38.322691900558));
#9935 = DIRECTION('',(-6.123233995737E-17,0.866025403784,0.5));
#9936 = DIRECTION('',(-1.060575238725E-16,-0.5,0.866025403784));
#9937 = DEFINITIONAL_REPRESENTATION('',(#9938),#9942);
#9938 = LINE('',#9939,#9940);
#9939 = CARTESIAN_POINT('',(0.216506350946,-1.2));
#9940 = VECTOR('',#9941,1.);
#9941 = DIRECTION('',(-1.,0.));
#9942 = ( GEOMETRIC_REPRESENTATION_CONTEXT(2) 
PARAMETRIC_REPRESENTATION_CONTEXT() REPRESENTATION_CONTEXT('2D SPACE',''
  ) );
#9943 = ADVANCED_FACE('',(#9944,#9947),#9757,.F.);
#9944 = FACE_BOUND('',#9945,.F.);
#9945 = EDGE_LOOP('',(#9946));
#9946 = ORIENTED_EDGE('',*,*,#9742,.T.);
#9947 = FACE_BOUND('',#9948,.F.);
#9948 = EDGE_LOOP('',(#9949));
#9949 = ORIENTED_EDGE('',*,*,#9950,.F.);
#9950 = EDGE_CURVE('',#9951,#9951,#9953,.T.);
#9951 = VERTEX_POINT('',#9952);
#9952 = CARTESIAN_POINT('',(172.70356586536,87.758702864084,
    38.072691900558));
#9953 = SURFACE_CURVE('',#9954,(#9959,#9966),.PCURVE_S1.);
#9954 = CIRCLE('',#9955,1.);
#9955 = AXIS2_PLACEMENT_3D('',#9956,#9957,#9958);
#9956 = CARTESIAN_POINT('',(172.70356586536,87.758702864084,
    39.072691900558));
#9957 = DIRECTION('',(-1.,0.,-1.224646799147E-16));
#9958 = DIRECTION('',(1.224646799147E-16,0.,-1.));
#9959 = PCURVE('',#9757,#9960);
#9960 = DEFINITIONAL_REPRESENTATION('',(#9961),#9965);
#9961 = CIRCLE('',#9962,1.);
#9962 = AXIS2_PLACEMENT_2D('',#9963,#9964);
#9963 = CARTESIAN_POINT('',(0.,0.));
#9964 = DIRECTION('',(1.,0.));
#9965 = ( GEOMETRIC_REPRESENTATION_CONTEXT(2) 
PARAMETRIC_REPRESENTATION_CONTEXT() REPRESENTATION_CONTEXT('2D SPACE',''
  ) );
#9966 = PCURVE('',#9967,#9972);
#9967 = CYLINDRICAL_SURFACE('',#9968,1.);
#9968 = AXIS2_PLACEMENT_3D('',#9969,#9970,#9971);
#9969 = CARTESIAN_POINT('',(180.70356586536,87.758702864084,
    39.072691900558));
#9970 = DIRECTION('',(-1.,0.,-1.224646799147E-16));
#9971 = DIRECTION('',(1.224646799147E-16,0.,-1.));
#9972 = DEFINITIONAL_REPRESENTATION('',(#9973),#9977);
#9973 = LINE('',#9974,#9975);
#9974 = CARTESIAN_POINT('',(0.,8.));
#9975 = VECTOR('',#9976,1.);
#9976 = DIRECTION('',(1.,0.));
#9977 = ( GEOMETRIC_REPRESENTATION_CONTEXT(2) 
PARAMETRIC_REPRESENTATION_CONTEXT() REPRESENTATION_CONTEXT('2D SPACE',''
  ) );
#9978 = ADVANCED_FACE('',(#9979),#9794,.T.);
#9979 = FACE_BOUND('',#9980,.T.);
#9980 = EDGE_LOOP('',(#9981,#10011,#10032,#10033));
#9981 = ORIENTED_EDGE('',*,*,#9982,.F.);
#9982 = EDGE_CURVE('',#9983,#9985,#9987,.T.);
#9983 = VERTEX_POINT('',#9984);
#9984 = CARTESIAN_POINT('',(171.90356586536,88.191715565976,
    38.322691900558));
#9985 = VERTEX_POINT('',#9986);
#9986 = CARTESIAN_POINT('',(171.90356586536,87.325690162192,
    38.322691900558));
#9987 = SURFACE_CURVE('',#9988,(#9992,#9999),.PCURVE_S1.);
#9988 = LINE('',#9989,#9990);
#9989 = CARTESIAN_POINT('',(171.90356586536,88.191715565976,
    38.322691900558));
#9990 = VECTOR('',#9991,1.);
#9991 = DIRECTION('',(1.569966732506E-32,-1.,-1.281975124256E-16));
#9992 = PCURVE('',#9794,#9993);
#9993 = DEFINITIONAL_REPRESENTATION('',(#9994),#9998);
#9994 = LINE('',#9995,#9996);
#9995 = CARTESIAN_POINT('',(0.,0.));
#9996 = VECTOR('',#9997,1.);
#9997 = DIRECTION('',(1.,0.));
#9998 = ( GEOMETRIC_REPRESENTATION_CONTEXT(2) 
PARAMETRIC_REPRESENTATION_CONTEXT() REPRESENTATION_CONTEXT('2D SPACE',''
  ) );
#9999 = PCURVE('',#10000,#10005);
#10000 = PLANE('',#10001);
#10001 = AXIS2_PLACEMENT_3D('',#10002,#10003,#10004);
#10002 = CARTESIAN_POINT('',(171.90356586536,87.758702864084,
    39.072691900558));
#10003 = DIRECTION('',(-1.,0.,-1.224646799147E-16));
#10004 = DIRECTION('',(1.224646799147E-16,0.,-1.));
#10005 = DEFINITIONAL_REPRESENTATION('',(#10006),#10010);
#10006 = LINE('',#10007,#10008);
#10007 = CARTESIAN_POINT('',(0.75,-0.433012701892));
#10008 = VECTOR('',#10009,1.);
#10009 = DIRECTION('',(1.281975124256E-16,1.));
#10010 = ( GEOMETRIC_REPRESENTATION_CONTEXT(2) 
PARAMETRIC_REPRESENTATION_CONTEXT() REPRESENTATION_CONTEXT('2D SPACE',''
  ) );
#10011 = ORIENTED_EDGE('',*,*,#10012,.T.);
#10012 = EDGE_CURVE('',#9983,#9779,#10013,.T.);
#10013 = SURFACE_CURVE('',#10014,(#10018,#10025),.PCURVE_S1.);
#10014 = LINE('',#10015,#10016);
#10015 = CARTESIAN_POINT('',(171.90356586536,88.191715565976,
    38.322691900558));
#10016 = VECTOR('',#10017,1.);
#10017 = DIRECTION('',(-1.,0.,-1.224646799147E-16));
#10018 = PCURVE('',#9794,#10019);
#10019 = DEFINITIONAL_REPRESENTATION('',(#10020),#10024);
#10020 = LINE('',#10021,#10022);
#10021 = CARTESIAN_POINT('',(0.,0.));
#10022 = VECTOR('',#10023,1.);
#10023 = DIRECTION('',(0.,-1.));
#10024 = ( GEOMETRIC_REPRESENTATION_CONTEXT(2) 
PARAMETRIC_REPRESENTATION_CONTEXT() REPRESENTATION_CONTEXT('2D SPACE',''
  ) );
#10025 = PCURVE('',#9822,#10026);
#10026 = DEFINITIONAL_REPRESENTATION('',(#10027),#10031);
#10027 = LINE('',#10028,#10029);
#10028 = CARTESIAN_POINT('',(0.866025403784,-9.184850993605E-17));
#10029 = VECTOR('',#10030,1.);
#10030 = DIRECTION('',(0.,-1.));
#10031 = ( GEOMETRIC_REPRESENTATION_CONTEXT(2) 
PARAMETRIC_REPRESENTATION_CONTEXT() REPRESENTATION_CONTEXT('2D SPACE',''
  ) );
#10032 = ORIENTED_EDGE('',*,*,#9776,.F.);
#10033 = ORIENTED_EDGE('',*,*,#10034,.F.);
#10034 = EDGE_CURVE('',#9985,#9777,#10035,.T.);
#10035 = SURFACE_CURVE('',#10036,(#10040,#10047),.PCURVE_S1.);
#10036 = LINE('',#10037,#10038);
#10037 = CARTESIAN_POINT('',(171.90356586536,87.325690162192,
    38.322691900558));
#10038 = VECTOR('',#10039,1.);
#10039 = DIRECTION('',(-1.,0.,-1.224646799147E-16));
#10040 = PCURVE('',#9794,#10041);
#10041 = DEFINITIONAL_REPRESENTATION('',(#10042),#10046);
#10042 = LINE('',#10043,#10044);
#10043 = CARTESIAN_POINT('',(0.866025403784,0.));
#10044 = VECTOR('',#10045,1.);
#10045 = DIRECTION('',(0.,-1.));
#10046 = ( GEOMETRIC_REPRESENTATION_CONTEXT(2) 
PARAMETRIC_REPRESENTATION_CONTEXT() REPRESENTATION_CONTEXT('2D SPACE',''
  ) );
#10047 = PCURVE('',#9932,#10048);
#10048 = DEFINITIONAL_REPRESENTATION('',(#10049),#10053);
#10049 = LINE('',#10050,#10051);
#10050 = CARTESIAN_POINT('',(0.,0.));
#10051 = VECTOR('',#10052,1.);
#10052 = DIRECTION('',(0.,-1.));
#10053 = ( GEOMETRIC_REPRESENTATION_CONTEXT(2) 
PARAMETRIC_REPRESENTATION_CONTEXT() REPRESENTATION_CONTEXT('2D SPACE',''
  ) );
#10054 = ADVANCED_FACE('',(#10055),#9932,.T.);
#10055 = FACE_BOUND('',#10056,.T.);
#10056 = EDGE_LOOP('',(#10057,#10080,#10081,#10082));
#10057 = ORIENTED_EDGE('',*,*,#10058,.F.);
#10058 = EDGE_CURVE('',#9985,#10059,#10061,.T.);
#10059 = VERTEX_POINT('',#10060);
#10060 = CARTESIAN_POINT('',(171.90356586536,86.892677460299,
    39.072691900558));
#10061 = SURFACE_CURVE('',#10062,(#10066,#10073),.PCURVE_S1.);
#10062 = LINE('',#10063,#10064);
#10063 = CARTESIAN_POINT('',(171.90356586536,87.325690162192,
    38.322691900558));
#10064 = VECTOR('',#10065,1.);
#10065 = DIRECTION('',(-1.060575238725E-16,-0.5,0.866025403784));
#10066 = PCURVE('',#9932,#10067);
#10067 = DEFINITIONAL_REPRESENTATION('',(#10068),#10072);
#10068 = LINE('',#10069,#10070);
#10069 = CARTESIAN_POINT('',(0.,0.));
#10070 = VECTOR('',#10071,1.);
#10071 = DIRECTION('',(1.,0.));
#10072 = ( GEOMETRIC_REPRESENTATION_CONTEXT(2) 
PARAMETRIC_REPRESENTATION_CONTEXT() REPRESENTATION_CONTEXT('2D SPACE',''
  ) );
#10073 = PCURVE('',#10000,#10074);
#10074 = DEFINITIONAL_REPRESENTATION('',(#10075),#10079);
#10075 = LINE('',#10076,#10077);
#10076 = CARTESIAN_POINT('',(0.75,0.433012701892));
#10077 = VECTOR('',#10078,1.);
#10078 = DIRECTION('',(-0.866025403784,0.5));
#10079 = ( GEOMETRIC_REPRESENTATION_CONTEXT(2) 
PARAMETRIC_REPRESENTATION_CONTEXT() REPRESENTATION_CONTEXT('2D SPACE',''
  ) );
#10080 = ORIENTED_EDGE('',*,*,#10034,.T.);
#10081 = ORIENTED_EDGE('',*,*,#9918,.F.);
#10082 = ORIENTED_EDGE('',*,*,#10083,.F.);
#10083 = EDGE_CURVE('',#10059,#9891,#10084,.T.);
#10084 = SURFACE_CURVE('',#10085,(#10089,#10096),.PCURVE_S1.);
#10085 = LINE('',#10086,#10087);
#10086 = CARTESIAN_POINT('',(171.90356586536,86.892677460299,
    39.072691900558));
#10087 = VECTOR('',#10088,1.);
#10088 = DIRECTION('',(-1.,0.,-1.224646799147E-16));
#10089 = PCURVE('',#9932,#10090);
#10090 = DEFINITIONAL_REPRESENTATION('',(#10091),#10095);
#10091 = LINE('',#10092,#10093);
#10092 = CARTESIAN_POINT('',(0.866025403784,9.184850993605E-17));
#10093 = VECTOR('',#10094,1.);
#10094 = DIRECTION('',(0.,-1.));
#10095 = ( GEOMETRIC_REPRESENTATION_CONTEXT(2) 
PARAMETRIC_REPRESENTATION_CONTEXT() REPRESENTATION_CONTEXT('2D SPACE',''
  ) );
#10096 = PCURVE('',#9906,#10097);
#10097 = DEFINITIONAL_REPRESENTATION('',(#10098),#10102);
#10098 = LINE('',#10099,#10100);
#10099 = CARTESIAN_POINT('',(0.,0.));
#10100 = VECTOR('',#10101,1.);
#10101 = DIRECTION('',(0.,-1.));
#10102 = ( GEOMETRIC_REPRESENTATION_CONTEXT(2) 
PARAMETRIC_REPRESENTATION_CONTEXT() REPRESENTATION_CONTEXT('2D SPACE',''
  ) );
#10103 = ADVANCED_FACE('',(#10104),#9906,.T.);
#10104 = FACE_BOUND('',#10105,.T.);
#10105 = EDGE_LOOP('',(#10106,#10129,#10130,#10131));
#10106 = ORIENTED_EDGE('',*,*,#10107,.F.);
#10107 = EDGE_CURVE('',#10059,#10108,#10110,.T.);
#10108 = VERTEX_POINT('',#10109);
#10109 = CARTESIAN_POINT('',(171.90356586536,87.325690162192,
    39.822691900558));
#10110 = SURFACE_CURVE('',#10111,(#10115,#10122),.PCURVE_S1.);
#10111 = LINE('',#10112,#10113);
#10112 = CARTESIAN_POINT('',(171.90356586536,86.892677460299,
    39.072691900558));
#10113 = VECTOR('',#10114,1.);
#10114 = DIRECTION('',(-1.060575238725E-16,0.5,0.866025403784));
#10115 = PCURVE('',#9906,#10116);
#10116 = DEFINITIONAL_REPRESENTATION('',(#10117),#10121);
#10117 = LINE('',#10118,#10119);
#10118 = CARTESIAN_POINT('',(0.,0.));
#10119 = VECTOR('',#10120,1.);
#10120 = DIRECTION('',(1.,0.));
#10121 = ( GEOMETRIC_REPRESENTATION_CONTEXT(2) 
PARAMETRIC_REPRESENTATION_CONTEXT() REPRESENTATION_CONTEXT('2D SPACE',''
  ) );
#10122 = PCURVE('',#10000,#10123);
#10123 = DEFINITIONAL_REPRESENTATION('',(#10124),#10128);
#10124 = LINE('',#10125,#10126);
#10125 = CARTESIAN_POINT('',(0.,0.866025403784));
#10126 = VECTOR('',#10127,1.);
#10127 = DIRECTION('',(-0.866025403784,-0.5));
#10128 = ( GEOMETRIC_REPRESENTATION_CONTEXT(2) 
PARAMETRIC_REPRESENTATION_CONTEXT() REPRESENTATION_CONTEXT('2D SPACE',''
  ) );
#10129 = ORIENTED_EDGE('',*,*,#10083,.T.);
#10130 = ORIENTED_EDGE('',*,*,#9890,.F.);
#10131 = ORIENTED_EDGE('',*,*,#10132,.F.);
#10132 = EDGE_CURVE('',#10108,#9863,#10133,.T.);
#10133 = SURFACE_CURVE('',#10134,(#10138,#10145),.PCURVE_S1.);
#10134 = LINE('',#10135,#10136);
#10135 = CARTESIAN_POINT('',(171.90356586536,87.325690162192,
    39.822691900558));
#10136 = VECTOR('',#10137,1.);
#10137 = DIRECTION('',(-1.,0.,-1.224646799147E-16));
#10138 = PCURVE('',#9906,#10139);
#10139 = DEFINITIONAL_REPRESENTATION('',(#10140),#10144);
#10140 = LINE('',#10141,#10142);
#10141 = CARTESIAN_POINT('',(0.866025403784,9.184850993605E-17));
#10142 = VECTOR('',#10143,1.);
#10143 = DIRECTION('',(0.,-1.));
#10144 = ( GEOMETRIC_REPRESENTATION_CONTEXT(2) 
PARAMETRIC_REPRESENTATION_CONTEXT() REPRESENTATION_CONTEXT('2D SPACE',''
  ) );
#10145 = PCURVE('',#9878,#10146);
#10146 = DEFINITIONAL_REPRESENTATION('',(#10147),#10151);
#10147 = LINE('',#10148,#10149);
#10148 = CARTESIAN_POINT('',(0.,0.));
#10149 = VECTOR('',#10150,1.);
#10150 = DIRECTION('',(0.,-1.));
#10151 = ( GEOMETRIC_REPRESENTATION_CONTEXT(2) 
PARAMETRIC_REPRESENTATION_CONTEXT() REPRESENTATION_CONTEXT('2D SPACE',''
  ) );
#10152 = ADVANCED_FACE('',(#10153),#9878,.T.);
#10153 = FACE_BOUND('',#10154,.T.);
#10154 = EDGE_LOOP('',(#10155,#10178,#10179,#10180));
#10155 = ORIENTED_EDGE('',*,*,#10156,.F.);
#10156 = EDGE_CURVE('',#10108,#10157,#10159,.T.);
#10157 = VERTEX_POINT('',#10158);
#10158 = CARTESIAN_POINT('',(171.90356586536,88.191715565976,
    39.822691900558));
#10159 = SURFACE_CURVE('',#10160,(#10164,#10171),.PCURVE_S1.);
#10160 = LINE('',#10161,#10162);
#10161 = CARTESIAN_POINT('',(171.90356586536,87.325690162192,
    39.822691900558));
#10162 = VECTOR('',#10163,1.);
#10163 = DIRECTION('',(-7.849833662531E-32,1.,6.409875621279E-16));
#10164 = PCURVE('',#9878,#10165);
#10165 = DEFINITIONAL_REPRESENTATION('',(#10166),#10170);
#10166 = LINE('',#10167,#10168);
#10167 = CARTESIAN_POINT('',(0.,0.));
#10168 = VECTOR('',#10169,1.);
#10169 = DIRECTION('',(1.,0.));
#10170 = ( GEOMETRIC_REPRESENTATION_CONTEXT(2) 
PARAMETRIC_REPRESENTATION_CONTEXT() REPRESENTATION_CONTEXT('2D SPACE',''
  ) );
#10171 = PCURVE('',#10000,#10172);
#10172 = DEFINITIONAL_REPRESENTATION('',(#10173),#10177);
#10173 = LINE('',#10174,#10175);
#10174 = CARTESIAN_POINT('',(-0.75,0.433012701892));
#10175 = VECTOR('',#10176,1.);
#10176 = DIRECTION('',(-6.409875621279E-16,-1.));
#10177 = ( GEOMETRIC_REPRESENTATION_CONTEXT(2) 
PARAMETRIC_REPRESENTATION_CONTEXT() REPRESENTATION_CONTEXT('2D SPACE',''
  ) );
#10178 = ORIENTED_EDGE('',*,*,#10132,.T.);
#10179 = ORIENTED_EDGE('',*,*,#9862,.F.);
#10180 = ORIENTED_EDGE('',*,*,#10181,.F.);
#10181 = EDGE_CURVE('',#10157,#9835,#10182,.T.);
#10182 = SURFACE_CURVE('',#10183,(#10187,#10194),.PCURVE_S1.);
#10183 = LINE('',#10184,#10185);
#10184 = CARTESIAN_POINT('',(171.90356586536,88.191715565976,
    39.822691900558));
#10185 = VECTOR('',#10186,1.);
#10186 = DIRECTION('',(-1.,0.,-1.224646799147E-16));
#10187 = PCURVE('',#9878,#10188);
#10188 = DEFINITIONAL_REPRESENTATION('',(#10189),#10193);
#10189 = LINE('',#10190,#10191);
#10190 = CARTESIAN_POINT('',(0.866025403784,0.));
#10191 = VECTOR('',#10192,1.);
#10192 = DIRECTION('',(0.,-1.));
#10193 = ( GEOMETRIC_REPRESENTATION_CONTEXT(2) 
PARAMETRIC_REPRESENTATION_CONTEXT() REPRESENTATION_CONTEXT('2D SPACE',''
  ) );
#10194 = PCURVE('',#9850,#10195);
#10195 = DEFINITIONAL_REPRESENTATION('',(#10196),#10200);
#10196 = LINE('',#10197,#10198);
#10197 = CARTESIAN_POINT('',(0.,0.));
#10198 = VECTOR('',#10199,1.);
#10199 = DIRECTION('',(0.,-1.));
#10200 = ( GEOMETRIC_REPRESENTATION_CONTEXT(2) 
PARAMETRIC_REPRESENTATION_CONTEXT() REPRESENTATION_CONTEXT('2D SPACE',''
  ) );
#10201 = ADVANCED_FACE('',(#10202),#9850,.T.);
#10202 = FACE_BOUND('',#10203,.T.);
#10203 = EDGE_LOOP('',(#10204,#10227,#10228,#10229));
#10204 = ORIENTED_EDGE('',*,*,#10205,.F.);
#10205 = EDGE_CURVE('',#10157,#10206,#10208,.T.);
#10206 = VERTEX_POINT('',#10207);
#10207 = CARTESIAN_POINT('',(171.90356586536,88.624728267868,
    39.072691900558));
#10208 = SURFACE_CURVE('',#10209,(#10213,#10220),.PCURVE_S1.);
#10209 = LINE('',#10210,#10211);
#10210 = CARTESIAN_POINT('',(171.90356586536,88.191715565976,
    39.822691900558));
#10211 = VECTOR('',#10212,1.);
#10212 = DIRECTION('',(1.060575238725E-16,0.5,-0.866025403784));
#10213 = PCURVE('',#9850,#10214);
#10214 = DEFINITIONAL_REPRESENTATION('',(#10215),#10219);
#10215 = LINE('',#10216,#10217);
#10216 = CARTESIAN_POINT('',(0.,0.));
#10217 = VECTOR('',#10218,1.);
#10218 = DIRECTION('',(1.,0.));
#10219 = ( GEOMETRIC_REPRESENTATION_CONTEXT(2) 
PARAMETRIC_REPRESENTATION_CONTEXT() REPRESENTATION_CONTEXT('2D SPACE',''
  ) );
#10220 = PCURVE('',#10000,#10221);
#10221 = DEFINITIONAL_REPRESENTATION('',(#10222),#10226);
#10222 = LINE('',#10223,#10224);
#10223 = CARTESIAN_POINT('',(-0.75,-0.433012701892));
#10224 = VECTOR('',#10225,1.);
#10225 = DIRECTION('',(0.866025403784,-0.5));
#10226 = ( GEOMETRIC_REPRESENTATION_CONTEXT(2) 
PARAMETRIC_REPRESENTATION_CONTEXT() REPRESENTATION_CONTEXT('2D SPACE',''
  ) );
#10227 = ORIENTED_EDGE('',*,*,#10181,.T.);
#10228 = ORIENTED_EDGE('',*,*,#9834,.F.);
#10229 = ORIENTED_EDGE('',*,*,#10230,.F.);
#10230 = EDGE_CURVE('',#10206,#9807,#10231,.T.);
#10231 = SURFACE_CURVE('',#10232,(#10236,#10243),.PCURVE_S1.);
#10232 = LINE('',#10233,#10234);
#10233 = CARTESIAN_POINT('',(171.90356586536,88.624728267868,
    39.072691900558));
#10234 = VECTOR('',#10235,1.);
#10235 = DIRECTION('',(-1.,0.,-1.224646799147E-16));
#10236 = PCURVE('',#9850,#10237);
#10237 = DEFINITIONAL_REPRESENTATION('',(#10238),#10242);
#10238 = LINE('',#10239,#10240);
#10239 = CARTESIAN_POINT('',(0.866025403784,-9.184850993605E-17));
#10240 = VECTOR('',#10241,1.);
#10241 = DIRECTION('',(0.,-1.));
#10242 = ( GEOMETRIC_REPRESENTATION_CONTEXT(2) 
PARAMETRIC_REPRESENTATION_CONTEXT() REPRESENTATION_CONTEXT('2D SPACE',''
  ) );
#10243 = PCURVE('',#9822,#10244);
#10244 = DEFINITIONAL_REPRESENTATION('',(#10245),#10249);
#10245 = LINE('',#10246,#10247);
#10246 = CARTESIAN_POINT('',(0.,0.));
#10247 = VECTOR('',#10248,1.);
#10248 = DIRECTION('',(0.,-1.));
#10249 = ( GEOMETRIC_REPRESENTATION_CONTEXT(2) 
PARAMETRIC_REPRESENTATION_CONTEXT() REPRESENTATION_CONTEXT('2D SPACE',''
  ) );
#10250 = ADVANCED_FACE('',(#10251),#9822,.T.);
#10251 = FACE_BOUND('',#10252,.T.);
#10252 = EDGE_LOOP('',(#10253,#10274,#10275,#10276));
#10253 = ORIENTED_EDGE('',*,*,#10254,.F.);
#10254 = EDGE_CURVE('',#10206,#9983,#10255,.T.);
#10255 = SURFACE_CURVE('',#10256,(#10260,#10267),.PCURVE_S1.);
#10256 = LINE('',#10257,#10258);
#10257 = CARTESIAN_POINT('',(171.90356586536,88.624728267868,
    39.072691900558));
#10258 = VECTOR('',#10259,1.);
#10259 = DIRECTION('',(1.060575238725E-16,-0.5,-0.866025403784));
#10260 = PCURVE('',#9822,#10261);
#10261 = DEFINITIONAL_REPRESENTATION('',(#10262),#10266);
#10262 = LINE('',#10263,#10264);
#10263 = CARTESIAN_POINT('',(0.,0.));
#10264 = VECTOR('',#10265,1.);
#10265 = DIRECTION('',(1.,0.));
#10266 = ( GEOMETRIC_REPRESENTATION_CONTEXT(2) 
PARAMETRIC_REPRESENTATION_CONTEXT() REPRESENTATION_CONTEXT('2D SPACE',''
  ) );
#10267 = PCURVE('',#10000,#10268);
#10268 = DEFINITIONAL_REPRESENTATION('',(#10269),#10273);
#10269 = LINE('',#10270,#10271);
#10270 = CARTESIAN_POINT('',(0.,-0.866025403784));
#10271 = VECTOR('',#10272,1.);
#10272 = DIRECTION('',(0.866025403784,0.5));
#10273 = ( GEOMETRIC_REPRESENTATION_CONTEXT(2) 
PARAMETRIC_REPRESENTATION_CONTEXT() REPRESENTATION_CONTEXT('2D SPACE',''
  ) );
#10274 = ORIENTED_EDGE('',*,*,#10230,.T.);
#10275 = ORIENTED_EDGE('',*,*,#9806,.F.);
#10276 = ORIENTED_EDGE('',*,*,#10012,.F.);
#10277 = ADVANCED_FACE('',(#10278),#9967,.T.);
#10278 = FACE_BOUND('',#10279,.T.);
#10279 = EDGE_LOOP('',(#10280,#10281,#10304,#10331));
#10280 = ORIENTED_EDGE('',*,*,#9950,.F.);
#10281 = ORIENTED_EDGE('',*,*,#10282,.F.);
#10282 = EDGE_CURVE('',#10283,#9951,#10285,.T.);
#10283 = VERTEX_POINT('',#10284);
#10284 = CARTESIAN_POINT('',(180.70356586536,87.758702864084,
    38.072691900558));
#10285 = SEAM_CURVE('',#10286,(#10290,#10297),.PCURVE_S1.);
#10286 = LINE('',#10287,#10288);
#10287 = CARTESIAN_POINT('',(180.70356586536,87.758702864084,
    38.072691900558));
#10288 = VECTOR('',#10289,1.);
#10289 = DIRECTION('',(-1.,0.,-1.224646799147E-16));
#10290 = PCURVE('',#9967,#10291);
#10291 = DEFINITIONAL_REPRESENTATION('',(#10292),#10296);
#10292 = LINE('',#10293,#10294);
#10293 = CARTESIAN_POINT('',(6.28318530718,-0.));
#10294 = VECTOR('',#10295,1.);
#10295 = DIRECTION('',(0.,1.));
#10296 = ( GEOMETRIC_REPRESENTATION_CONTEXT(2) 
PARAMETRIC_REPRESENTATION_CONTEXT() REPRESENTATION_CONTEXT('2D SPACE',''
  ) );
#10297 = PCURVE('',#9967,#10298);
#10298 = DEFINITIONAL_REPRESENTATION('',(#10299),#10303);
#10299 = LINE('',#10300,#10301);
#10300 = CARTESIAN_POINT('',(0.,-0.));
#10301 = VECTOR('',#10302,1.);
#10302 = DIRECTION('',(0.,1.));
#10303 = ( GEOMETRIC_REPRESENTATION_CONTEXT(2) 
PARAMETRIC_REPRESENTATION_CONTEXT() REPRESENTATION_CONTEXT('2D SPACE',''
  ) );
#10304 = ORIENTED_EDGE('',*,*,#10305,.T.);
#10305 = EDGE_CURVE('',#10283,#10283,#10306,.T.);
#10306 = SURFACE_CURVE('',#10307,(#10312,#10319),.PCURVE_S1.);
#10307 = CIRCLE('',#10308,1.);
#10308 = AXIS2_PLACEMENT_3D('',#10309,#10310,#10311);
#10309 = CARTESIAN_POINT('',(180.70356586536,87.758702864084,
    39.072691900558));
#10310 = DIRECTION('',(-1.,0.,-1.224646799147E-16));
#10311 = DIRECTION('',(1.224646799147E-16,0.,-1.));
#10312 = PCURVE('',#9967,#10313);
#10313 = DEFINITIONAL_REPRESENTATION('',(#10314),#10318);
#10314 = LINE('',#10315,#10316);
#10315 = CARTESIAN_POINT('',(0.,0.));
#10316 = VECTOR('',#10317,1.);
#10317 = DIRECTION('',(1.,0.));
#10318 = ( GEOMETRIC_REPRESENTATION_CONTEXT(2) 
PARAMETRIC_REPRESENTATION_CONTEXT() REPRESENTATION_CONTEXT('2D SPACE',''
  ) );
#10319 = PCURVE('',#10320,#10325);
#10320 = PLANE('',#10321);
#10321 = AXIS2_PLACEMENT_3D('',#10322,#10323,#10324);
#10322 = CARTESIAN_POINT('',(180.70356586536,87.758702864084,
    39.072691900558));
#10323 = DIRECTION('',(-1.,0.,-1.224646799147E-16));
#10324 = DIRECTION('',(1.224646799147E-16,0.,-1.));
#10325 = DEFINITIONAL_REPRESENTATION('',(#10326),#10330);
#10326 = CIRCLE('',#10327,1.);
#10327 = AXIS2_PLACEMENT_2D('',#10328,#10329);
#10328 = CARTESIAN_POINT('',(0.,0.));
#10329 = DIRECTION('',(1.,0.));
#10330 = ( GEOMETRIC_REPRESENTATION_CONTEXT(2) 
PARAMETRIC_REPRESENTATION_CONTEXT() REPRESENTATION_CONTEXT('2D SPACE',''
  ) );
#10331 = ORIENTED_EDGE('',*,*,#10282,.T.);
#10332 = ADVANCED_FACE('',(#10333),#10000,.T.);
#10333 = FACE_BOUND('',#10334,.T.);
#10334 = EDGE_LOOP('',(#10335,#10336,#10337,#10338,#10339,#10340));
#10335 = ORIENTED_EDGE('',*,*,#10254,.T.);
#10336 = ORIENTED_EDGE('',*,*,#9982,.T.);
#10337 = ORIENTED_EDGE('',*,*,#10058,.T.);
#10338 = ORIENTED_EDGE('',*,*,#10107,.T.);
#10339 = ORIENTED_EDGE('',*,*,#10156,.T.);
#10340 = ORIENTED_EDGE('',*,*,#10205,.T.);
#10341 = ADVANCED_FACE('',(#10342),#10320,.F.);
#10342 = FACE_BOUND('',#10343,.T.);
#10343 = EDGE_LOOP('',(#10344));
#10344 = ORIENTED_EDGE('',*,*,#10305,.F.);
#10345 = ( GEOMETRIC_REPRESENTATION_CONTEXT(3) 
GLOBAL_UNCERTAINTY_ASSIGNED_CONTEXT((#10349)) 
GLOBAL_UNIT_ASSIGNED_CONTEXT((#10346,#10347,#10348)) 
REPRESENTATION_CONTEXT('Context #1',
  '3D Context with UNIT and UNCERTAINTY') );
#10346 = ( LENGTH_UNIT() NAMED_UNIT(*) SI_UNIT(.MILLI.,.METRE.) );
#10347 = ( NAMED_UNIT(*) PLANE_ANGLE_UNIT() SI_UNIT($,.RADIAN.) );
#10348 = ( NAMED_UNIT(*) SI_UNIT($,.STERADIAN.) SOLID_ANGLE_UNIT() );
#10349 = UNCERTAINTY_MEASURE_WITH_UNIT(LENGTH_MEASURE(1.E-07),#10346,
  'distance_accuracy_value','confusion accuracy');
#10350 = CONTEXT_DEPENDENT_SHAPE_REPRESENTATION(#10351,#10353);
#10351 = ( REPRESENTATION_RELATIONSHIP('','',#9678,#10) 
REPRESENTATION_RELATIONSHIP_WITH_TRANSFORMATION(#10352) 
SHAPE_REPRESENTATION_RELATIONSHIP() );
#10352 = ITEM_DEFINED_TRANSFORMATION('','',#11,#71);
#10353 = PRODUCT_DEFINITION_SHAPE('Placement','Placement of an item',
  #10354);
#10354 = NEXT_ASSEMBLY_USAGE_OCCURRENCE('63','','',#5,#9673,$);
#10355 = PRODUCT_RELATED_PRODUCT_CATEGORY('part',$,(#9675));
ENDSEC;
END-ISO-10303-21;
