ISO-10303-21;
HEADER;
FILE_DESCRIPTION(('Open CASCADE Model'),'2;1');
FILE_NAME('Open CASCADE Shape Model','2026-09-16T14:42:14',('Author'),(
    'Open CASCADE'),'Open CASCADE STEP processor 7.9','Open CASCADE 7.9'
  ,'Unknown');
FILE_SCHEMA(('AUTOMOTIVE_DESIGN { 1 0 10303 214 1 1 1 1 }'));
ENDSEC;
DATA;
#1 = APPLICATION_PROTOCOL_DEFINITION('international standard',
  'automotive_design',2000,#2);
#2 = APPLICATION_CONTEXT(
  'core data for automotive mechanical design processes');
#3 = SHAPE_DEFINITION_REPRESENTATION(#4,#10);
#4 = PRODUCT_DEFINITION_SHAPE('','',#5);
#5 = PRODUCT_DEFINITION('design','',#6,#9);
#6 = PRODUCT_DEFINITION_FORMATION('','',#7);
#7 = PRODUCT('Open CASCADE STEP translator 7.9 8',
  'Open CASCADE STEP translator 7.9 8','',(#8));
#8 = PRODUCT_CONTEXT('',#2,'mechanical');
#9 = PRODUCT_DEFINITION_CONTEXT('part definition',#2,'design');
#10 = ADVANCED_BREP_SHAPE_REPRESENTATION('',(#11,#15),#2897);
#11 = AXIS2_PLACEMENT_3D('',#12,#13,#14);
#12 = CARTESIAN_POINT('',(0.,0.,0.));
#13 = DIRECTION('',(0.,0.,1.));
#14 = DIRECTION('',(1.,0.,-0.));
#15 = MANIFOLD_SOLID_BREP('',#16);
#16 = CLOSED_SHELL('',(#17,#550,#605,#655,#705,#755,#805,#855,#905,#955,
    #1010,#1060,#1110,#1160,#1210,#1260,#1310,#1360,#1410,#1490,#1990,
    #2045,#2095,#2145,#2195,#2245,#2295,#2345,#2395,#2445,#2495,#2545,
    #2595,#2645,#2695,#2745,#2795,#2845));
#17 = ADVANCED_FACE('',(#18,#54,#85,#116,#147,#178,#209,#240,#271,#302,
    #333,#364,#395,#426,#457,#488,#519),#31,.F.);
#18 = FACE_BOUND('',#19,.T.);
#19 = EDGE_LOOP('',(#20));
#20 = ORIENTED_EDGE('',*,*,#21,.F.);
#21 = EDGE_CURVE('',#22,#22,#24,.T.);
#22 = VERTEX_POINT('',#23);
#23 = CARTESIAN_POINT('',(51.63279758958,99.463859909659,0.));
#24 = SURFACE_CURVE('',#25,(#30,#42),.PCURVE_S1.);
#25 = CIRCLE('',#26,99.463859909659);
#26 = AXIS2_PLACEMENT_3D('',#27,#28,#29);
#27 = CARTESIAN_POINT('',(51.63279758958,0.,0.));
#28 = DIRECTION('',(1.,0.,0.));
#29 = DIRECTION('',(-0.,1.,0.));
#30 = PCURVE('',#31,#36);
#31 = PLANE('',#32);
#32 = AXIS2_PLACEMENT_3D('',#33,#34,#35);
#33 = CARTESIAN_POINT('',(51.63279758958,0.,0.));
#34 = DIRECTION('',(1.,0.,0.));
#35 = DIRECTION('',(-0.,1.,0.));
#36 = DEFINITIONAL_REPRESENTATION('',(#37),#41);
#37 = CIRCLE('',#38,99.463859909659);
#38 = AXIS2_PLACEMENT_2D('',#39,#40);
#39 = CARTESIAN_POINT('',(0.,0.));
#40 = DIRECTION('',(1.,-0.));
#41 = ( GEOMETRIC_REPRESENTATION_CONTEXT(2) 
PARAMETRIC_REPRESENTATION_CONTEXT() REPRESENTATION_CONTEXT('2D SPACE',''
  ) );
#42 = PCURVE('',#43,#48);
#43 = CYLINDRICAL_SURFACE('',#44,99.463859909659);
#44 = AXIS2_PLACEMENT_3D('',#45,#46,#47);
#45 = CARTESIAN_POINT('',(51.63279758958,0.,0.));
#46 = DIRECTION('',(1.,0.,0.));
#47 = DIRECTION('',(-0.,1.,0.));
#48 = DEFINITIONAL_REPRESENTATION('',(#49),#53);
#49 = LINE('',#50,#51);
#50 = CARTESIAN_POINT('',(0.,0.));
#51 = VECTOR('',#52,1.);
#52 = DIRECTION('',(1.,0.));
#53 = ( GEOMETRIC_REPRESENTATION_CONTEXT(2) 
PARAMETRIC_REPRESENTATION_CONTEXT() REPRESENTATION_CONTEXT('2D SPACE',''
  ) );
#54 = FACE_BOUND('',#55,.T.);
#55 = EDGE_LOOP('',(#56));
#56 = ORIENTED_EDGE('',*,*,#57,.T.);
#57 = EDGE_CURVE('',#58,#58,#60,.T.);
#58 = VERTEX_POINT('',#59);
#59 = CARTESIAN_POINT('',(51.63279758958,64.279268830522,-70.08936040724
    ));
#60 = SURFACE_CURVE('',#61,(#66,#73),.PCURVE_S1.);
#61 = CIRCLE('',#62,1.3);
#62 = AXIS2_PLACEMENT_3D('',#63,#64,#65);
#63 = CARTESIAN_POINT('',(51.63279758958,64.279268830522,-71.38936040724
    ));
#64 = DIRECTION('',(1.,0.,0.));
#65 = DIRECTION('',(-0.,0.,1.));
#66 = PCURVE('',#31,#67);
#67 = DEFINITIONAL_REPRESENTATION('',(#68),#72);
#68 = CIRCLE('',#69,1.3);
#69 = AXIS2_PLACEMENT_2D('',#70,#71);
#70 = CARTESIAN_POINT('',(64.279268830522,-71.38936040724));
#71 = DIRECTION('',(0.,1.));
#72 = ( GEOMETRIC_REPRESENTATION_CONTEXT(2) 
PARAMETRIC_REPRESENTATION_CONTEXT() REPRESENTATION_CONTEXT('2D SPACE',''
  ) );
#73 = PCURVE('',#74,#79);
#74 = CYLINDRICAL_SURFACE('',#75,1.3);
#75 = AXIS2_PLACEMENT_3D('',#76,#77,#78);
#76 = CARTESIAN_POINT('',(50.63279758958,64.279268830522,-71.38936040724
    ));
#77 = DIRECTION('',(1.,0.,0.));
#78 = DIRECTION('',(-0.,0.,1.));
#79 = DEFINITIONAL_REPRESENTATION('',(#80),#84);
#80 = LINE('',#81,#82);
#81 = CARTESIAN_POINT('',(0.,1.));
#82 = VECTOR('',#83,1.);
#83 = DIRECTION('',(1.,0.));
#84 = ( GEOMETRIC_REPRESENTATION_CONTEXT(2) 
PARAMETRIC_REPRESENTATION_CONTEXT() REPRESENTATION_CONTEXT('2D SPACE',''
  ) );
#85 = FACE_BOUND('',#86,.T.);
#86 = EDGE_LOOP('',(#87));
#87 = ORIENTED_EDGE('',*,*,#88,.T.);
#88 = EDGE_CURVE('',#89,#89,#91,.T.);
#89 = VERTEX_POINT('',#90);
#90 = CARTESIAN_POINT('',(51.63279758958,29.685365257339,-90.06215994754
    ));
#91 = SURFACE_CURVE('',#92,(#97,#104),.PCURVE_S1.);
#92 = CIRCLE('',#93,1.3);
#93 = AXIS2_PLACEMENT_3D('',#94,#95,#96);
#94 = CARTESIAN_POINT('',(51.63279758958,29.685365257339,-91.36215994754
    ));
#95 = DIRECTION('',(1.,0.,0.));
#96 = DIRECTION('',(-0.,0.,1.));
#97 = PCURVE('',#31,#98);
#98 = DEFINITIONAL_REPRESENTATION('',(#99),#103);
#99 = CIRCLE('',#100,1.3);
#100 = AXIS2_PLACEMENT_2D('',#101,#102);
#101 = CARTESIAN_POINT('',(29.685365257339,-91.36215994754));
#102 = DIRECTION('',(0.,1.));
#103 = ( GEOMETRIC_REPRESENTATION_CONTEXT(2) 
PARAMETRIC_REPRESENTATION_CONTEXT() REPRESENTATION_CONTEXT('2D SPACE',''
  ) );
#104 = PCURVE('',#105,#110);
#105 = CYLINDRICAL_SURFACE('',#106,1.3);
#106 = AXIS2_PLACEMENT_3D('',#107,#108,#109);
#107 = CARTESIAN_POINT('',(50.63279758958,29.685365257339,
    -91.36215994754));
#108 = DIRECTION('',(1.,0.,0.));
#109 = DIRECTION('',(-0.,0.,1.));
#110 = DEFINITIONAL_REPRESENTATION('',(#111),#115);
#111 = LINE('',#112,#113);
#112 = CARTESIAN_POINT('',(0.,1.));
#113 = VECTOR('',#114,1.);
#114 = DIRECTION('',(1.,0.));
#115 = ( GEOMETRIC_REPRESENTATION_CONTEXT(2) 
PARAMETRIC_REPRESENTATION_CONTEXT() REPRESENTATION_CONTEXT('2D SPACE',''
  ) );
#116 = FACE_BOUND('',#117,.T.);
#117 = EDGE_LOOP('',(#118));
#118 = ORIENTED_EDGE('',*,*,#119,.T.);
#119 = EDGE_CURVE('',#120,#120,#122,.T.);
#120 = VERTEX_POINT('',#121);
#121 = CARTESIAN_POINT('',(51.63279758958,87.758702864084,
    -37.77269190055));
#122 = SURFACE_CURVE('',#123,(#128,#135),.PCURVE_S1.);
#123 = CIRCLE('',#124,1.3);
#124 = AXIS2_PLACEMENT_3D('',#125,#126,#127);
#125 = CARTESIAN_POINT('',(51.63279758958,87.758702864084,
    -39.07269190055));
#126 = DIRECTION('',(1.,0.,0.));
#127 = DIRECTION('',(-0.,0.,1.));
#128 = PCURVE('',#31,#129);
#129 = DEFINITIONAL_REPRESENTATION('',(#130),#134);
#130 = CIRCLE('',#131,1.3);
#131 = AXIS2_PLACEMENT_2D('',#132,#133);
#132 = CARTESIAN_POINT('',(87.758702864084,-39.07269190055));
#133 = DIRECTION('',(0.,1.));
#134 = ( GEOMETRIC_REPRESENTATION_CONTEXT(2) 
PARAMETRIC_REPRESENTATION_CONTEXT() REPRESENTATION_CONTEXT('2D SPACE',''
  ) );
#135 = PCURVE('',#136,#141);
#136 = CYLINDRICAL_SURFACE('',#137,1.3);
#137 = AXIS2_PLACEMENT_3D('',#138,#139,#140);
#138 = CARTESIAN_POINT('',(50.63279758958,87.758702864084,
    -39.07269190055));
#139 = DIRECTION('',(1.,0.,0.));
#140 = DIRECTION('',(-0.,0.,1.));
#141 = DEFINITIONAL_REPRESENTATION('',(#142),#146);
#142 = LINE('',#143,#144);
#143 = CARTESIAN_POINT('',(0.,1.));
#144 = VECTOR('',#145,1.);
#145 = DIRECTION('',(1.,0.));
#146 = ( GEOMETRIC_REPRESENTATION_CONTEXT(2) 
PARAMETRIC_REPRESENTATION_CONTEXT() REPRESENTATION_CONTEXT('2D SPACE',''
  ) );
#147 = FACE_BOUND('',#148,.T.);
#148 = EDGE_LOOP('',(#149));
#149 = ORIENTED_EDGE('',*,*,#150,.T.);
#150 = EDGE_CURVE('',#151,#151,#153,.T.);
#151 = VERTEX_POINT('',#152);
#152 = CARTESIAN_POINT('',(51.63279758958,96.063859909659,1.3));
#153 = SURFACE_CURVE('',#154,(#159,#166),.PCURVE_S1.);
#154 = CIRCLE('',#155,1.3);
#155 = AXIS2_PLACEMENT_3D('',#156,#157,#158);
#156 = CARTESIAN_POINT('',(51.63279758958,96.063859909659,0.));
#157 = DIRECTION('',(1.,0.,0.));
#158 = DIRECTION('',(-0.,0.,1.));
#159 = PCURVE('',#31,#160);
#160 = DEFINITIONAL_REPRESENTATION('',(#161),#165);
#161 = CIRCLE('',#162,1.3);
#162 = AXIS2_PLACEMENT_2D('',#163,#164);
#163 = CARTESIAN_POINT('',(96.063859909659,0.));
#164 = DIRECTION('',(0.,1.));
#165 = ( GEOMETRIC_REPRESENTATION_CONTEXT(2) 
PARAMETRIC_REPRESENTATION_CONTEXT() REPRESENTATION_CONTEXT('2D SPACE',''
  ) );
#166 = PCURVE('',#167,#172);
#167 = CYLINDRICAL_SURFACE('',#168,1.3);
#168 = AXIS2_PLACEMENT_3D('',#169,#170,#171);
#169 = CARTESIAN_POINT('',(50.63279758958,96.063859909659,0.));
#170 = DIRECTION('',(1.,0.,0.));
#171 = DIRECTION('',(-0.,0.,1.));
#172 = DEFINITIONAL_REPRESENTATION('',(#173),#177);
#173 = LINE('',#174,#175);
#174 = CARTESIAN_POINT('',(0.,1.));
#175 = VECTOR('',#176,1.);
#176 = DIRECTION('',(1.,0.));
#177 = ( GEOMETRIC_REPRESENTATION_CONTEXT(2) 
PARAMETRIC_REPRESENTATION_CONTEXT() REPRESENTATION_CONTEXT('2D SPACE',''
  ) );
#178 = FACE_BOUND('',#179,.T.);
#179 = EDGE_LOOP('',(#180));
#180 = ORIENTED_EDGE('',*,*,#181,.T.);
#181 = EDGE_CURVE('',#182,#182,#184,.T.);
#182 = VERTEX_POINT('',#183);
#183 = CARTESIAN_POINT('',(51.63279758958,-10.04140765191,
    -94.23761203374));
#184 = SURFACE_CURVE('',#185,(#190,#197),.PCURVE_S1.);
#185 = CIRCLE('',#186,1.3);
#186 = AXIS2_PLACEMENT_3D('',#187,#188,#189);
#187 = CARTESIAN_POINT('',(51.63279758958,-10.04140765191,
    -95.53761203374));
#188 = DIRECTION('',(1.,0.,0.));
#189 = DIRECTION('',(-0.,0.,1.));
#190 = PCURVE('',#31,#191);
#191 = DEFINITIONAL_REPRESENTATION('',(#192),#196);
#192 = CIRCLE('',#193,1.3);
#193 = AXIS2_PLACEMENT_2D('',#194,#195);
#194 = CARTESIAN_POINT('',(-10.04140765191,-95.53761203374));
#195 = DIRECTION('',(0.,1.));
#196 = ( GEOMETRIC_REPRESENTATION_CONTEXT(2) 
PARAMETRIC_REPRESENTATION_CONTEXT() REPRESENTATION_CONTEXT('2D SPACE',''
  ) );
#197 = PCURVE('',#198,#203);
#198 = CYLINDRICAL_SURFACE('',#199,1.3);
#199 = AXIS2_PLACEMENT_3D('',#200,#201,#202);
#200 = CARTESIAN_POINT('',(50.63279758958,-10.04140765191,
    -95.53761203374));
#201 = DIRECTION('',(1.,0.,0.));
#202 = DIRECTION('',(-0.,0.,1.));
#203 = DEFINITIONAL_REPRESENTATION('',(#204),#208);
#204 = LINE('',#205,#206);
#205 = CARTESIAN_POINT('',(0.,1.));
#206 = VECTOR('',#207,1.);
#207 = DIRECTION('',(1.,0.));
#208 = ( GEOMETRIC_REPRESENTATION_CONTEXT(2) 
PARAMETRIC_REPRESENTATION_CONTEXT() REPRESENTATION_CONTEXT('2D SPACE',''
  ) );
#209 = FACE_BOUND('',#210,.T.);
#210 = EDGE_LOOP('',(#211));
#211 = ORIENTED_EDGE('',*,*,#212,.T.);
#212 = EDGE_CURVE('',#213,#213,#215,.T.);
#213 = VERTEX_POINT('',#214);
#214 = CARTESIAN_POINT('',(51.63279758958,-48.03192995482,
    -81.89374306735));
#215 = SURFACE_CURVE('',#216,(#221,#228),.PCURVE_S1.);
#216 = CIRCLE('',#217,1.3);
#217 = AXIS2_PLACEMENT_3D('',#218,#219,#220);
#218 = CARTESIAN_POINT('',(51.63279758958,-48.03192995482,
    -83.19374306735));
#219 = DIRECTION('',(1.,0.,0.));
#220 = DIRECTION('',(-0.,0.,1.));
#221 = PCURVE('',#31,#222);
#222 = DEFINITIONAL_REPRESENTATION('',(#223),#227);
#223 = CIRCLE('',#224,1.3);
#224 = AXIS2_PLACEMENT_2D('',#225,#226);
#225 = CARTESIAN_POINT('',(-48.03192995482,-83.19374306735));
#226 = DIRECTION('',(0.,1.));
#227 = ( GEOMETRIC_REPRESENTATION_CONTEXT(2) 
PARAMETRIC_REPRESENTATION_CONTEXT() REPRESENTATION_CONTEXT('2D SPACE',''
  ) );
#228 = PCURVE('',#229,#234);
#229 = CYLINDRICAL_SURFACE('',#230,1.3);
#230 = AXIS2_PLACEMENT_3D('',#231,#232,#233);
#231 = CARTESIAN_POINT('',(50.63279758958,-48.03192995482,
    -83.19374306735));
#232 = DIRECTION('',(1.,0.,0.));
#233 = DIRECTION('',(-0.,0.,1.));
#234 = DEFINITIONAL_REPRESENTATION('',(#235),#239);
#235 = LINE('',#236,#237);
#236 = CARTESIAN_POINT('',(0.,1.));
#237 = VECTOR('',#238,1.);
#238 = DIRECTION('',(1.,0.));
#239 = ( GEOMETRIC_REPRESENTATION_CONTEXT(2) 
PARAMETRIC_REPRESENTATION_CONTEXT() REPRESENTATION_CONTEXT('2D SPACE',''
  ) );
#240 = FACE_BOUND('',#241,.T.);
#241 = EDGE_LOOP('',(#242));
#242 = ORIENTED_EDGE('',*,*,#243,.T.);
#243 = EDGE_CURVE('',#244,#244,#246,.T.);
#244 = VERTEX_POINT('',#245);
#245 = CARTESIAN_POINT('',(51.63279758958,-77.71729521216,
    -55.16492013318));
#246 = SURFACE_CURVE('',#247,(#252,#259),.PCURVE_S1.);
#247 = CIRCLE('',#248,1.3);
#248 = AXIS2_PLACEMENT_3D('',#249,#250,#251);
#249 = CARTESIAN_POINT('',(51.63279758958,-77.71729521216,
    -56.46492013318));
#250 = DIRECTION('',(1.,0.,0.));
#251 = DIRECTION('',(-0.,0.,1.));
#252 = PCURVE('',#31,#253);
#253 = DEFINITIONAL_REPRESENTATION('',(#254),#258);
#254 = CIRCLE('',#255,1.3);
#255 = AXIS2_PLACEMENT_2D('',#256,#257);
#256 = CARTESIAN_POINT('',(-77.71729521216,-56.46492013318));
#257 = DIRECTION('',(0.,1.));
#258 = ( GEOMETRIC_REPRESENTATION_CONTEXT(2) 
PARAMETRIC_REPRESENTATION_CONTEXT() REPRESENTATION_CONTEXT('2D SPACE',''
  ) );
#259 = PCURVE('',#260,#265);
#260 = CYLINDRICAL_SURFACE('',#261,1.3);
#261 = AXIS2_PLACEMENT_3D('',#262,#263,#264);
#262 = CARTESIAN_POINT('',(50.63279758958,-77.71729521216,
    -56.46492013318));
#263 = DIRECTION('',(1.,0.,0.));
#264 = DIRECTION('',(-0.,0.,1.));
#265 = DEFINITIONAL_REPRESENTATION('',(#266),#270);
#266 = LINE('',#267,#268);
#267 = CARTESIAN_POINT('',(0.,1.));
#268 = VECTOR('',#269,1.);
#269 = DIRECTION('',(1.,0.));
#270 = ( GEOMETRIC_REPRESENTATION_CONTEXT(2) 
PARAMETRIC_REPRESENTATION_CONTEXT() REPRESENTATION_CONTEXT('2D SPACE',''
  ) );
#271 = FACE_BOUND('',#272,.T.);
#272 = EDGE_LOOP('',(#273));
#273 = ORIENTED_EDGE('',*,*,#274,.T.);
#274 = EDGE_CURVE('',#275,#275,#277,.T.);
#275 = VERTEX_POINT('',#276);
#276 = CARTESIAN_POINT('',(51.63279758958,90.663859909659,0.));
#277 = SURFACE_CURVE('',#278,(#283,#290),.PCURVE_S1.);
#278 = CIRCLE('',#279,90.663859909659);
#279 = AXIS2_PLACEMENT_3D('',#280,#281,#282);
#280 = CARTESIAN_POINT('',(51.63279758958,0.,0.));
#281 = DIRECTION('',(1.,0.,0.));
#282 = DIRECTION('',(-0.,1.,0.));
#283 = PCURVE('',#31,#284);
#284 = DEFINITIONAL_REPRESENTATION('',(#285),#289);
#285 = CIRCLE('',#286,90.663859909659);
#286 = AXIS2_PLACEMENT_2D('',#287,#288);
#287 = CARTESIAN_POINT('',(0.,0.));
#288 = DIRECTION('',(1.,-0.));
#289 = ( GEOMETRIC_REPRESENTATION_CONTEXT(2) 
PARAMETRIC_REPRESENTATION_CONTEXT() REPRESENTATION_CONTEXT('2D SPACE',''
  ) );
#290 = PCURVE('',#291,#296);
#291 = CYLINDRICAL_SURFACE('',#292,90.663859909659);
#292 = AXIS2_PLACEMENT_3D('',#293,#294,#295);
#293 = CARTESIAN_POINT('',(172.70356586536,0.,0.));
#294 = DIRECTION('',(-1.,-0.,-0.));
#295 = DIRECTION('',(0.,1.,0.));
#296 = DEFINITIONAL_REPRESENTATION('',(#297),#301);
#297 = LINE('',#298,#299);
#298 = CARTESIAN_POINT('',(-0.,121.07076827578));
#299 = VECTOR('',#300,1.);
#300 = DIRECTION('',(-1.,0.));
#301 = ( GEOMETRIC_REPRESENTATION_CONTEXT(2) 
PARAMETRIC_REPRESENTATION_CONTEXT() REPRESENTATION_CONTEXT('2D SPACE',''
  ) );
#302 = FACE_BOUND('',#303,.T.);
#303 = EDGE_LOOP('',(#304));
#304 = ORIENTED_EDGE('',*,*,#305,.T.);
#305 = EDGE_CURVE('',#306,#306,#308,.T.);
#306 = VERTEX_POINT('',#307);
#307 = CARTESIAN_POINT('',(51.63279758958,-93.96463408786,
    -18.67279954029));
#308 = SURFACE_CURVE('',#309,(#314,#321),.PCURVE_S1.);
#309 = CIRCLE('',#310,1.3);
#310 = AXIS2_PLACEMENT_3D('',#311,#312,#313);
#311 = CARTESIAN_POINT('',(51.63279758958,-93.96463408786,
    -19.97279954029));
#312 = DIRECTION('',(1.,0.,0.));
#313 = DIRECTION('',(-0.,0.,1.));
#314 = PCURVE('',#31,#315);
#315 = DEFINITIONAL_REPRESENTATION('',(#316),#320);
#316 = CIRCLE('',#317,1.3);
#317 = AXIS2_PLACEMENT_2D('',#318,#319);
#318 = CARTESIAN_POINT('',(-93.96463408786,-19.97279954029));
#319 = DIRECTION('',(0.,1.));
#320 = ( GEOMETRIC_REPRESENTATION_CONTEXT(2) 
PARAMETRIC_REPRESENTATION_CONTEXT() REPRESENTATION_CONTEXT('2D SPACE',''
  ) );
#321 = PCURVE('',#322,#327);
#322 = CYLINDRICAL_SURFACE('',#323,1.3);
#323 = AXIS2_PLACEMENT_3D('',#324,#325,#326);
#324 = CARTESIAN_POINT('',(50.63279758958,-93.96463408786,
    -19.97279954029));
#325 = DIRECTION('',(1.,0.,0.));
#326 = DIRECTION('',(-0.,0.,1.));
#327 = DEFINITIONAL_REPRESENTATION('',(#328),#332);
#328 = LINE('',#329,#330);
#329 = CARTESIAN_POINT('',(0.,1.));
#330 = VECTOR('',#331,1.);
#331 = DIRECTION('',(1.,0.));
#332 = ( GEOMETRIC_REPRESENTATION_CONTEXT(2) 
PARAMETRIC_REPRESENTATION_CONTEXT() REPRESENTATION_CONTEXT('2D SPACE',''
  ) );
#333 = FACE_BOUND('',#334,.T.);
#334 = EDGE_LOOP('',(#335));
#335 = ORIENTED_EDGE('',*,*,#336,.T.);
#336 = EDGE_CURVE('',#337,#337,#339,.T.);
#337 = VERTEX_POINT('',#338);
#338 = CARTESIAN_POINT('',(51.63279758958,87.758702864084,
    40.372691900558));
#339 = SURFACE_CURVE('',#340,(#345,#352),.PCURVE_S1.);
#340 = CIRCLE('',#341,1.3);
#341 = AXIS2_PLACEMENT_3D('',#342,#343,#344);
#342 = CARTESIAN_POINT('',(51.63279758958,87.758702864084,
    39.072691900558));
#343 = DIRECTION('',(1.,0.,0.));
#344 = DIRECTION('',(-0.,0.,1.));
#345 = PCURVE('',#31,#346);
#346 = DEFINITIONAL_REPRESENTATION('',(#347),#351);
#347 = CIRCLE('',#348,1.3);
#348 = AXIS2_PLACEMENT_2D('',#349,#350);
#349 = CARTESIAN_POINT('',(87.758702864084,39.072691900558));
#350 = DIRECTION('',(0.,1.));
#351 = ( GEOMETRIC_REPRESENTATION_CONTEXT(2) 
PARAMETRIC_REPRESENTATION_CONTEXT() REPRESENTATION_CONTEXT('2D SPACE',''
  ) );
#352 = PCURVE('',#353,#358);
#353 = CYLINDRICAL_SURFACE('',#354,1.3);
#354 = AXIS2_PLACEMENT_3D('',#355,#356,#357);
#355 = CARTESIAN_POINT('',(50.63279758958,87.758702864084,
    39.072691900558));
#356 = DIRECTION('',(1.,0.,0.));
#357 = DIRECTION('',(-0.,0.,1.));
#358 = DEFINITIONAL_REPRESENTATION('',(#359),#363);
#359 = LINE('',#360,#361);
#360 = CARTESIAN_POINT('',(0.,1.));
#361 = VECTOR('',#362,1.);
#362 = DIRECTION('',(1.,0.));
#363 = ( GEOMETRIC_REPRESENTATION_CONTEXT(2) 
PARAMETRIC_REPRESENTATION_CONTEXT() REPRESENTATION_CONTEXT('2D SPACE',''
  ) );
#364 = FACE_BOUND('',#365,.T.);
#365 = EDGE_LOOP('',(#366));
#366 = ORIENTED_EDGE('',*,*,#367,.T.);
#367 = EDGE_CURVE('',#368,#368,#370,.T.);
#368 = VERTEX_POINT('',#369);
#369 = CARTESIAN_POINT('',(51.63279758958,64.279268830522,
    72.689360407248));
#370 = SURFACE_CURVE('',#371,(#376,#383),.PCURVE_S1.);
#371 = CIRCLE('',#372,1.3);
#372 = AXIS2_PLACEMENT_3D('',#373,#374,#375);
#373 = CARTESIAN_POINT('',(51.63279758958,64.279268830522,
    71.389360407248));
#374 = DIRECTION('',(1.,0.,0.));
#375 = DIRECTION('',(-0.,0.,1.));
#376 = PCURVE('',#31,#377);
#377 = DEFINITIONAL_REPRESENTATION('',(#378),#382);
#378 = CIRCLE('',#379,1.3);
#379 = AXIS2_PLACEMENT_2D('',#380,#381);
#380 = CARTESIAN_POINT('',(64.279268830522,71.389360407248));
#381 = DIRECTION('',(0.,1.));
#382 = ( GEOMETRIC_REPRESENTATION_CONTEXT(2) 
PARAMETRIC_REPRESENTATION_CONTEXT() REPRESENTATION_CONTEXT('2D SPACE',''
  ) );
#383 = PCURVE('',#384,#389);
#384 = CYLINDRICAL_SURFACE('',#385,1.3);
#385 = AXIS2_PLACEMENT_3D('',#386,#387,#388);
#386 = CARTESIAN_POINT('',(50.63279758958,64.279268830522,
    71.389360407248));
#387 = DIRECTION('',(1.,0.,0.));
#388 = DIRECTION('',(-0.,0.,1.));
#389 = DEFINITIONAL_REPRESENTATION('',(#390),#394);
#390 = LINE('',#391,#392);
#391 = CARTESIAN_POINT('',(0.,1.));
#392 = VECTOR('',#393,1.);
#393 = DIRECTION('',(1.,0.));
#394 = ( GEOMETRIC_REPRESENTATION_CONTEXT(2) 
PARAMETRIC_REPRESENTATION_CONTEXT() REPRESENTATION_CONTEXT('2D SPACE',''
  ) );
#395 = FACE_BOUND('',#396,.T.);
#396 = EDGE_LOOP('',(#397));
#397 = ORIENTED_EDGE('',*,*,#398,.T.);
#398 = EDGE_CURVE('',#399,#399,#401,.T.);
#399 = VERTEX_POINT('',#400);
#400 = CARTESIAN_POINT('',(51.63279758958,29.685365257339,
    92.662159947546));
#401 = SURFACE_CURVE('',#402,(#407,#414),.PCURVE_S1.);
#402 = CIRCLE('',#403,1.3);
#403 = AXIS2_PLACEMENT_3D('',#404,#405,#406);
#404 = CARTESIAN_POINT('',(51.63279758958,29.685365257339,
    91.362159947546));
#405 = DIRECTION('',(1.,0.,0.));
#406 = DIRECTION('',(-0.,0.,1.));
#407 = PCURVE('',#31,#408);
#408 = DEFINITIONAL_REPRESENTATION('',(#409),#413);
#409 = CIRCLE('',#410,1.3);
#410 = AXIS2_PLACEMENT_2D('',#411,#412);
#411 = CARTESIAN_POINT('',(29.685365257339,91.362159947546));
#412 = DIRECTION('',(0.,1.));
#413 = ( GEOMETRIC_REPRESENTATION_CONTEXT(2) 
PARAMETRIC_REPRESENTATION_CONTEXT() REPRESENTATION_CONTEXT('2D SPACE',''
  ) );
#414 = PCURVE('',#415,#420);
#415 = CYLINDRICAL_SURFACE('',#416,1.3);
#416 = AXIS2_PLACEMENT_3D('',#417,#418,#419);
#417 = CARTESIAN_POINT('',(50.63279758958,29.685365257339,
    91.362159947546));
#418 = DIRECTION('',(1.,0.,0.));
#419 = DIRECTION('',(-0.,0.,1.));
#420 = DEFINITIONAL_REPRESENTATION('',(#421),#425);
#421 = LINE('',#422,#423);
#422 = CARTESIAN_POINT('',(0.,1.));
#423 = VECTOR('',#424,1.);
#424 = DIRECTION('',(1.,0.));
#425 = ( GEOMETRIC_REPRESENTATION_CONTEXT(2) 
PARAMETRIC_REPRESENTATION_CONTEXT() REPRESENTATION_CONTEXT('2D SPACE',''
  ) );
#426 = FACE_BOUND('',#427,.T.);
#427 = EDGE_LOOP('',(#428));
#428 = ORIENTED_EDGE('',*,*,#429,.T.);
#429 = EDGE_CURVE('',#430,#430,#432,.T.);
#430 = VERTEX_POINT('',#431);
#431 = CARTESIAN_POINT('',(51.63279758958,-93.96463408786,
    21.272799540297));
#432 = SURFACE_CURVE('',#433,(#438,#445),.PCURVE_S1.);
#433 = CIRCLE('',#434,1.3);
#434 = AXIS2_PLACEMENT_3D('',#435,#436,#437);
#435 = CARTESIAN_POINT('',(51.63279758958,-93.96463408786,
    19.972799540297));
#436 = DIRECTION('',(1.,0.,0.));
#437 = DIRECTION('',(-0.,0.,1.));
#438 = PCURVE('',#31,#439);
#439 = DEFINITIONAL_REPRESENTATION('',(#440),#444);
#440 = CIRCLE('',#441,1.3);
#441 = AXIS2_PLACEMENT_2D('',#442,#443);
#442 = CARTESIAN_POINT('',(-93.96463408786,19.972799540297));
#443 = DIRECTION('',(0.,1.));
#444 = ( GEOMETRIC_REPRESENTATION_CONTEXT(2) 
PARAMETRIC_REPRESENTATION_CONTEXT() REPRESENTATION_CONTEXT('2D SPACE',''
  ) );
#445 = PCURVE('',#446,#451);
#446 = CYLINDRICAL_SURFACE('',#447,1.3);
#447 = AXIS2_PLACEMENT_3D('',#448,#449,#450);
#448 = CARTESIAN_POINT('',(50.63279758958,-93.96463408786,
    19.972799540297));
#449 = DIRECTION('',(1.,0.,0.));
#450 = DIRECTION('',(-0.,0.,1.));
#451 = DEFINITIONAL_REPRESENTATION('',(#452),#456);
#452 = LINE('',#453,#454);
#453 = CARTESIAN_POINT('',(0.,1.));
#454 = VECTOR('',#455,1.);
#455 = DIRECTION('',(1.,0.));
#456 = ( GEOMETRIC_REPRESENTATION_CONTEXT(2) 
PARAMETRIC_REPRESENTATION_CONTEXT() REPRESENTATION_CONTEXT('2D SPACE',''
  ) );
#457 = FACE_BOUND('',#458,.T.);
#458 = EDGE_LOOP('',(#459));
#459 = ORIENTED_EDGE('',*,*,#460,.T.);
#460 = EDGE_CURVE('',#461,#461,#463,.T.);
#461 = VERTEX_POINT('',#462);
#462 = CARTESIAN_POINT('',(51.63279758958,-10.04140765191,
    96.837612033746));
#463 = SURFACE_CURVE('',#464,(#469,#476),.PCURVE_S1.);
#464 = CIRCLE('',#465,1.3);
#465 = AXIS2_PLACEMENT_3D('',#466,#467,#468);
#466 = CARTESIAN_POINT('',(51.63279758958,-10.04140765191,
    95.537612033746));
#467 = DIRECTION('',(1.,0.,0.));
#468 = DIRECTION('',(-0.,0.,1.));
#469 = PCURVE('',#31,#470);
#470 = DEFINITIONAL_REPRESENTATION('',(#471),#475);
#471 = CIRCLE('',#472,1.3);
#472 = AXIS2_PLACEMENT_2D('',#473,#474);
#473 = CARTESIAN_POINT('',(-10.04140765191,95.537612033746));
#474 = DIRECTION('',(0.,1.));
#475 = ( GEOMETRIC_REPRESENTATION_CONTEXT(2) 
PARAMETRIC_REPRESENTATION_CONTEXT() REPRESENTATION_CONTEXT('2D SPACE',''
  ) );
#476 = PCURVE('',#477,#482);
#477 = CYLINDRICAL_SURFACE('',#478,1.3);
#478 = AXIS2_PLACEMENT_3D('',#479,#480,#481);
#479 = CARTESIAN_POINT('',(50.63279758958,-10.04140765191,
    95.537612033746));
#480 = DIRECTION('',(1.,0.,0.));
#481 = DIRECTION('',(-0.,0.,1.));
#482 = DEFINITIONAL_REPRESENTATION('',(#483),#487);
#483 = LINE('',#484,#485);
#484 = CARTESIAN_POINT('',(0.,1.));
#485 = VECTOR('',#486,1.);
#486 = DIRECTION('',(1.,0.));
#487 = ( GEOMETRIC_REPRESENTATION_CONTEXT(2) 
PARAMETRIC_REPRESENTATION_CONTEXT() REPRESENTATION_CONTEXT('2D SPACE',''
  ) );
#488 = FACE_BOUND('',#489,.T.);
#489 = EDGE_LOOP('',(#490));
#490 = ORIENTED_EDGE('',*,*,#491,.T.);
#491 = EDGE_CURVE('',#492,#492,#494,.T.);
#492 = VERTEX_POINT('',#493);
#493 = CARTESIAN_POINT('',(51.63279758958,-77.71729521216,
    57.764920133187));
#494 = SURFACE_CURVE('',#495,(#500,#507),.PCURVE_S1.);
#495 = CIRCLE('',#496,1.3);
#496 = AXIS2_PLACEMENT_3D('',#497,#498,#499);
#497 = CARTESIAN_POINT('',(51.63279758958,-77.71729521216,
    56.464920133187));
#498 = DIRECTION('',(1.,0.,0.));
#499 = DIRECTION('',(-0.,0.,1.));
#500 = PCURVE('',#31,#501);
#501 = DEFINITIONAL_REPRESENTATION('',(#502),#506);
#502 = CIRCLE('',#503,1.3);
#503 = AXIS2_PLACEMENT_2D('',#504,#505);
#504 = CARTESIAN_POINT('',(-77.71729521216,56.464920133187));
#505 = DIRECTION('',(0.,1.));
#506 = ( GEOMETRIC_REPRESENTATION_CONTEXT(2) 
PARAMETRIC_REPRESENTATION_CONTEXT() REPRESENTATION_CONTEXT('2D SPACE',''
  ) );
#507 = PCURVE('',#508,#513);
#508 = CYLINDRICAL_SURFACE('',#509,1.3);
#509 = AXIS2_PLACEMENT_3D('',#510,#511,#512);
#510 = CARTESIAN_POINT('',(50.63279758958,-77.71729521216,
    56.464920133187));
#511 = DIRECTION('',(1.,0.,0.));
#512 = DIRECTION('',(-0.,0.,1.));
#513 = DEFINITIONAL_REPRESENTATION('',(#514),#518);
#514 = LINE('',#515,#516);
#515 = CARTESIAN_POINT('',(0.,1.));
#516 = VECTOR('',#517,1.);
#517 = DIRECTION('',(1.,0.));
#518 = ( GEOMETRIC_REPRESENTATION_CONTEXT(2) 
PARAMETRIC_REPRESENTATION_CONTEXT() REPRESENTATION_CONTEXT('2D SPACE',''
  ) );
#519 = FACE_BOUND('',#520,.T.);
#520 = EDGE_LOOP('',(#521));
#521 = ORIENTED_EDGE('',*,*,#522,.T.);
#522 = EDGE_CURVE('',#523,#523,#525,.T.);
#523 = VERTEX_POINT('',#524);
#524 = CARTESIAN_POINT('',(51.63279758958,-48.03192995482,
    84.493743067354));
#525 = SURFACE_CURVE('',#526,(#531,#538),.PCURVE_S1.);
#526 = CIRCLE('',#527,1.3);
#527 = AXIS2_PLACEMENT_3D('',#528,#529,#530);
#528 = CARTESIAN_POINT('',(51.63279758958,-48.03192995482,
    83.193743067354));
#529 = DIRECTION('',(1.,0.,0.));
#530 = DIRECTION('',(-0.,0.,1.));
#531 = PCURVE('',#31,#532);
#532 = DEFINITIONAL_REPRESENTATION('',(#533),#537);
#533 = CIRCLE('',#534,1.3);
#534 = AXIS2_PLACEMENT_2D('',#535,#536);
#535 = CARTESIAN_POINT('',(-48.03192995482,83.193743067354));
#536 = DIRECTION('',(0.,1.));
#537 = ( GEOMETRIC_REPRESENTATION_CONTEXT(2) 
PARAMETRIC_REPRESENTATION_CONTEXT() REPRESENTATION_CONTEXT('2D SPACE',''
  ) );
#538 = PCURVE('',#539,#544);
#539 = CYLINDRICAL_SURFACE('',#540,1.3);
#540 = AXIS2_PLACEMENT_3D('',#541,#542,#543);
#541 = CARTESIAN_POINT('',(50.63279758958,-48.03192995482,
    83.193743067354));
#542 = DIRECTION('',(1.,0.,0.));
#543 = DIRECTION('',(-0.,0.,1.));
#544 = DEFINITIONAL_REPRESENTATION('',(#545),#549);
#545 = LINE('',#546,#547);
#546 = CARTESIAN_POINT('',(0.,1.));
#547 = VECTOR('',#548,1.);
#548 = DIRECTION('',(1.,0.));
#549 = ( GEOMETRIC_REPRESENTATION_CONTEXT(2) 
PARAMETRIC_REPRESENTATION_CONTEXT() REPRESENTATION_CONTEXT('2D SPACE',''
  ) );
#550 = ADVANCED_FACE('',(#551),#43,.T.);
#551 = FACE_BOUND('',#552,.T.);
#552 = EDGE_LOOP('',(#553,#554,#577,#604));
#553 = ORIENTED_EDGE('',*,*,#21,.T.);
#554 = ORIENTED_EDGE('',*,*,#555,.T.);
#555 = EDGE_CURVE('',#22,#556,#558,.T.);
#556 = VERTEX_POINT('',#557);
#557 = CARTESIAN_POINT('',(54.63279758958,99.463859909659,0.));
#558 = SEAM_CURVE('',#559,(#563,#570),.PCURVE_S1.);
#559 = LINE('',#560,#561);
#560 = CARTESIAN_POINT('',(51.63279758958,99.463859909659,0.));
#561 = VECTOR('',#562,1.);
#562 = DIRECTION('',(1.,0.,0.));
#563 = PCURVE('',#43,#564);
#564 = DEFINITIONAL_REPRESENTATION('',(#565),#569);
#565 = LINE('',#566,#567);
#566 = CARTESIAN_POINT('',(0.,0.));
#567 = VECTOR('',#568,1.);
#568 = DIRECTION('',(0.,1.));
#569 = ( GEOMETRIC_REPRESENTATION_CONTEXT(2) 
PARAMETRIC_REPRESENTATION_CONTEXT() REPRESENTATION_CONTEXT('2D SPACE',''
  ) );
#570 = PCURVE('',#43,#571);
#571 = DEFINITIONAL_REPRESENTATION('',(#572),#576);
#572 = LINE('',#573,#574);
#573 = CARTESIAN_POINT('',(6.28318530718,0.));
#574 = VECTOR('',#575,1.);
#575 = DIRECTION('',(0.,1.));
#576 = ( GEOMETRIC_REPRESENTATION_CONTEXT(2) 
PARAMETRIC_REPRESENTATION_CONTEXT() REPRESENTATION_CONTEXT('2D SPACE',''
  ) );
#577 = ORIENTED_EDGE('',*,*,#578,.F.);
#578 = EDGE_CURVE('',#556,#556,#579,.T.);
#579 = SURFACE_CURVE('',#580,(#585,#592),.PCURVE_S1.);
#580 = CIRCLE('',#581,99.463859909659);
#581 = AXIS2_PLACEMENT_3D('',#582,#583,#584);
#582 = CARTESIAN_POINT('',(54.63279758958,0.,0.));
#583 = DIRECTION('',(1.,0.,0.));
#584 = DIRECTION('',(-0.,1.,0.));
#585 = PCURVE('',#43,#586);
#586 = DEFINITIONAL_REPRESENTATION('',(#587),#591);
#587 = LINE('',#588,#589);
#588 = CARTESIAN_POINT('',(0.,3.));
#589 = VECTOR('',#590,1.);
#590 = DIRECTION('',(1.,0.));
#591 = ( GEOMETRIC_REPRESENTATION_CONTEXT(2) 
PARAMETRIC_REPRESENTATION_CONTEXT() REPRESENTATION_CONTEXT('2D SPACE',''
  ) );
#592 = PCURVE('',#593,#598);
#593 = PLANE('',#594);
#594 = AXIS2_PLACEMENT_3D('',#595,#596,#597);
#595 = CARTESIAN_POINT('',(54.63279758958,0.,0.));
#596 = DIRECTION('',(1.,0.,0.));
#597 = DIRECTION('',(-0.,1.,0.));
#598 = DEFINITIONAL_REPRESENTATION('',(#599),#603);
#599 = CIRCLE('',#600,99.463859909659);
#600 = AXIS2_PLACEMENT_2D('',#601,#602);
#601 = CARTESIAN_POINT('',(0.,0.));
#602 = DIRECTION('',(1.,0.));
#603 = ( GEOMETRIC_REPRESENTATION_CONTEXT(2) 
PARAMETRIC_REPRESENTATION_CONTEXT() REPRESENTATION_CONTEXT('2D SPACE',''
  ) );
#604 = ORIENTED_EDGE('',*,*,#555,.F.);
#605 = ADVANCED_FACE('',(#606),#74,.F.);
#606 = FACE_BOUND('',#607,.F.);
#607 = EDGE_LOOP('',(#608,#632,#653,#654));
#608 = ORIENTED_EDGE('',*,*,#609,.F.);
#609 = EDGE_CURVE('',#610,#610,#612,.T.);
#610 = VERTEX_POINT('',#611);
#611 = CARTESIAN_POINT('',(54.63279758958,64.279268830522,
    -70.08936040724));
#612 = SURFACE_CURVE('',#613,(#618,#625),.PCURVE_S1.);
#613 = CIRCLE('',#614,1.3);
#614 = AXIS2_PLACEMENT_3D('',#615,#616,#617);
#615 = CARTESIAN_POINT('',(54.63279758958,64.279268830522,
    -71.38936040724));
#616 = DIRECTION('',(1.,0.,0.));
#617 = DIRECTION('',(-0.,0.,1.));
#618 = PCURVE('',#74,#619);
#619 = DEFINITIONAL_REPRESENTATION('',(#620),#624);
#620 = LINE('',#621,#622);
#621 = CARTESIAN_POINT('',(0.,4.));
#622 = VECTOR('',#623,1.);
#623 = DIRECTION('',(1.,0.));
#624 = ( GEOMETRIC_REPRESENTATION_CONTEXT(2) 
PARAMETRIC_REPRESENTATION_CONTEXT() REPRESENTATION_CONTEXT('2D SPACE',''
  ) );
#625 = PCURVE('',#593,#626);
#626 = DEFINITIONAL_REPRESENTATION('',(#627),#631);
#627 = CIRCLE('',#628,1.3);
#628 = AXIS2_PLACEMENT_2D('',#629,#630);
#629 = CARTESIAN_POINT('',(64.279268830522,-71.38936040724));
#630 = DIRECTION('',(0.,1.));
#631 = ( GEOMETRIC_REPRESENTATION_CONTEXT(2) 
PARAMETRIC_REPRESENTATION_CONTEXT() REPRESENTATION_CONTEXT('2D SPACE',''
  ) );
#632 = ORIENTED_EDGE('',*,*,#633,.F.);
#633 = EDGE_CURVE('',#58,#610,#634,.T.);
#634 = SEAM_CURVE('',#635,(#639,#646),.PCURVE_S1.);
#635 = LINE('',#636,#637);
#636 = CARTESIAN_POINT('',(50.63279758958,64.279268830522,
    -70.08936040724));
#637 = VECTOR('',#638,1.);
#638 = DIRECTION('',(1.,0.,0.));
#639 = PCURVE('',#74,#640);
#640 = DEFINITIONAL_REPRESENTATION('',(#641),#645);
#641 = LINE('',#642,#643);
#642 = CARTESIAN_POINT('',(6.28318530718,-0.));
#643 = VECTOR('',#644,1.);
#644 = DIRECTION('',(0.,1.));
#645 = ( GEOMETRIC_REPRESENTATION_CONTEXT(2) 
PARAMETRIC_REPRESENTATION_CONTEXT() REPRESENTATION_CONTEXT('2D SPACE',''
  ) );
#646 = PCURVE('',#74,#647);
#647 = DEFINITIONAL_REPRESENTATION('',(#648),#652);
#648 = LINE('',#649,#650);
#649 = CARTESIAN_POINT('',(0.,-0.));
#650 = VECTOR('',#651,1.);
#651 = DIRECTION('',(0.,1.));
#652 = ( GEOMETRIC_REPRESENTATION_CONTEXT(2) 
PARAMETRIC_REPRESENTATION_CONTEXT() REPRESENTATION_CONTEXT('2D SPACE',''
  ) );
#653 = ORIENTED_EDGE('',*,*,#57,.T.);
#654 = ORIENTED_EDGE('',*,*,#633,.T.);
#655 = ADVANCED_FACE('',(#656),#105,.F.);
#656 = FACE_BOUND('',#657,.F.);
#657 = EDGE_LOOP('',(#658,#682,#703,#704));
#658 = ORIENTED_EDGE('',*,*,#659,.F.);
#659 = EDGE_CURVE('',#660,#660,#662,.T.);
#660 = VERTEX_POINT('',#661);
#661 = CARTESIAN_POINT('',(54.63279758958,29.685365257339,
    -90.06215994754));
#662 = SURFACE_CURVE('',#663,(#668,#675),.PCURVE_S1.);
#663 = CIRCLE('',#664,1.3);
#664 = AXIS2_PLACEMENT_3D('',#665,#666,#667);
#665 = CARTESIAN_POINT('',(54.63279758958,29.685365257339,
    -91.36215994754));
#666 = DIRECTION('',(1.,0.,0.));
#667 = DIRECTION('',(-0.,0.,1.));
#668 = PCURVE('',#105,#669);
#669 = DEFINITIONAL_REPRESENTATION('',(#670),#674);
#670 = LINE('',#671,#672);
#671 = CARTESIAN_POINT('',(0.,4.));
#672 = VECTOR('',#673,1.);
#673 = DIRECTION('',(1.,0.));
#674 = ( GEOMETRIC_REPRESENTATION_CONTEXT(2) 
PARAMETRIC_REPRESENTATION_CONTEXT() REPRESENTATION_CONTEXT('2D SPACE',''
  ) );
#675 = PCURVE('',#593,#676);
#676 = DEFINITIONAL_REPRESENTATION('',(#677),#681);
#677 = CIRCLE('',#678,1.3);
#678 = AXIS2_PLACEMENT_2D('',#679,#680);
#679 = CARTESIAN_POINT('',(29.685365257339,-91.36215994754));
#680 = DIRECTION('',(0.,1.));
#681 = ( GEOMETRIC_REPRESENTATION_CONTEXT(2) 
PARAMETRIC_REPRESENTATION_CONTEXT() REPRESENTATION_CONTEXT('2D SPACE',''
  ) );
#682 = ORIENTED_EDGE('',*,*,#683,.F.);
#683 = EDGE_CURVE('',#89,#660,#684,.T.);
#684 = SEAM_CURVE('',#685,(#689,#696),.PCURVE_S1.);
#685 = LINE('',#686,#687);
#686 = CARTESIAN_POINT('',(50.63279758958,29.685365257339,
    -90.06215994754));
#687 = VECTOR('',#688,1.);
#688 = DIRECTION('',(1.,0.,0.));
#689 = PCURVE('',#105,#690);
#690 = DEFINITIONAL_REPRESENTATION('',(#691),#695);
#691 = LINE('',#692,#693);
#692 = CARTESIAN_POINT('',(6.28318530718,-0.));
#693 = VECTOR('',#694,1.);
#694 = DIRECTION('',(0.,1.));
#695 = ( GEOMETRIC_REPRESENTATION_CONTEXT(2) 
PARAMETRIC_REPRESENTATION_CONTEXT() REPRESENTATION_CONTEXT('2D SPACE',''
  ) );
#696 = PCURVE('',#105,#697);
#697 = DEFINITIONAL_REPRESENTATION('',(#698),#702);
#698 = LINE('',#699,#700);
#699 = CARTESIAN_POINT('',(0.,-0.));
#700 = VECTOR('',#701,1.);
#701 = DIRECTION('',(0.,1.));
#702 = ( GEOMETRIC_REPRESENTATION_CONTEXT(2) 
PARAMETRIC_REPRESENTATION_CONTEXT() REPRESENTATION_CONTEXT('2D SPACE',''
  ) );
#703 = ORIENTED_EDGE('',*,*,#88,.T.);
#704 = ORIENTED_EDGE('',*,*,#683,.T.);
#705 = ADVANCED_FACE('',(#706),#136,.F.);
#706 = FACE_BOUND('',#707,.F.);
#707 = EDGE_LOOP('',(#708,#732,#753,#754));
#708 = ORIENTED_EDGE('',*,*,#709,.F.);
#709 = EDGE_CURVE('',#710,#710,#712,.T.);
#710 = VERTEX_POINT('',#711);
#711 = CARTESIAN_POINT('',(54.63279758958,87.758702864084,
    -37.77269190055));
#712 = SURFACE_CURVE('',#713,(#718,#725),.PCURVE_S1.);
#713 = CIRCLE('',#714,1.3);
#714 = AXIS2_PLACEMENT_3D('',#715,#716,#717);
#715 = CARTESIAN_POINT('',(54.63279758958,87.758702864084,
    -39.07269190055));
#716 = DIRECTION('',(1.,0.,0.));
#717 = DIRECTION('',(-0.,0.,1.));
#718 = PCURVE('',#136,#719);
#719 = DEFINITIONAL_REPRESENTATION('',(#720),#724);
#720 = LINE('',#721,#722);
#721 = CARTESIAN_POINT('',(0.,4.));
#722 = VECTOR('',#723,1.);
#723 = DIRECTION('',(1.,0.));
#724 = ( GEOMETRIC_REPRESENTATION_CONTEXT(2) 
PARAMETRIC_REPRESENTATION_CONTEXT() REPRESENTATION_CONTEXT('2D SPACE',''
  ) );
#725 = PCURVE('',#593,#726);
#726 = DEFINITIONAL_REPRESENTATION('',(#727),#731);
#727 = CIRCLE('',#728,1.3);
#728 = AXIS2_PLACEMENT_2D('',#729,#730);
#729 = CARTESIAN_POINT('',(87.758702864084,-39.07269190055));
#730 = DIRECTION('',(0.,1.));
#731 = ( GEOMETRIC_REPRESENTATION_CONTEXT(2) 
PARAMETRIC_REPRESENTATION_CONTEXT() REPRESENTATION_CONTEXT('2D SPACE',''
  ) );
#732 = ORIENTED_EDGE('',*,*,#733,.F.);
#733 = EDGE_CURVE('',#120,#710,#734,.T.);
#734 = SEAM_CURVE('',#735,(#739,#746),.PCURVE_S1.);
#735 = LINE('',#736,#737);
#736 = CARTESIAN_POINT('',(50.63279758958,87.758702864084,
    -37.77269190055));
#737 = VECTOR('',#738,1.);
#738 = DIRECTION('',(1.,0.,0.));
#739 = PCURVE('',#136,#740);
#740 = DEFINITIONAL_REPRESENTATION('',(#741),#745);
#741 = LINE('',#742,#743);
#742 = CARTESIAN_POINT('',(6.28318530718,-0.));
#743 = VECTOR('',#744,1.);
#744 = DIRECTION('',(0.,1.));
#745 = ( GEOMETRIC_REPRESENTATION_CONTEXT(2) 
PARAMETRIC_REPRESENTATION_CONTEXT() REPRESENTATION_CONTEXT('2D SPACE',''
  ) );
#746 = PCURVE('',#136,#747);
#747 = DEFINITIONAL_REPRESENTATION('',(#748),#752);
#748 = LINE('',#749,#750);
#749 = CARTESIAN_POINT('',(0.,-0.));
#750 = VECTOR('',#751,1.);
#751 = DIRECTION('',(0.,1.));
#752 = ( GEOMETRIC_REPRESENTATION_CONTEXT(2) 
PARAMETRIC_REPRESENTATION_CONTEXT() REPRESENTATION_CONTEXT('2D SPACE',''
  ) );
#753 = ORIENTED_EDGE('',*,*,#119,.T.);
#754 = ORIENTED_EDGE('',*,*,#733,.T.);
#755 = ADVANCED_FACE('',(#756),#167,.F.);
#756 = FACE_BOUND('',#757,.F.);
#757 = EDGE_LOOP('',(#758,#782,#803,#804));
#758 = ORIENTED_EDGE('',*,*,#759,.F.);
#759 = EDGE_CURVE('',#760,#760,#762,.T.);
#760 = VERTEX_POINT('',#761);
#761 = CARTESIAN_POINT('',(54.63279758958,96.063859909659,1.3));
#762 = SURFACE_CURVE('',#763,(#768,#775),.PCURVE_S1.);
#763 = CIRCLE('',#764,1.3);
#764 = AXIS2_PLACEMENT_3D('',#765,#766,#767);
#765 = CARTESIAN_POINT('',(54.63279758958,96.063859909659,0.));
#766 = DIRECTION('',(1.,0.,0.));
#767 = DIRECTION('',(-0.,0.,1.));
#768 = PCURVE('',#167,#769);
#769 = DEFINITIONAL_REPRESENTATION('',(#770),#774);
#770 = LINE('',#771,#772);
#771 = CARTESIAN_POINT('',(0.,4.));
#772 = VECTOR('',#773,1.);
#773 = DIRECTION('',(1.,0.));
#774 = ( GEOMETRIC_REPRESENTATION_CONTEXT(2) 
PARAMETRIC_REPRESENTATION_CONTEXT() REPRESENTATION_CONTEXT('2D SPACE',''
  ) );
#775 = PCURVE('',#593,#776);
#776 = DEFINITIONAL_REPRESENTATION('',(#777),#781);
#777 = CIRCLE('',#778,1.3);
#778 = AXIS2_PLACEMENT_2D('',#779,#780);
#779 = CARTESIAN_POINT('',(96.063859909659,0.));
#780 = DIRECTION('',(0.,1.));
#781 = ( GEOMETRIC_REPRESENTATION_CONTEXT(2) 
PARAMETRIC_REPRESENTATION_CONTEXT() REPRESENTATION_CONTEXT('2D SPACE',''
  ) );
#782 = ORIENTED_EDGE('',*,*,#783,.F.);
#783 = EDGE_CURVE('',#151,#760,#784,.T.);
#784 = SEAM_CURVE('',#785,(#789,#796),.PCURVE_S1.);
#785 = LINE('',#786,#787);
#786 = CARTESIAN_POINT('',(50.63279758958,96.063859909659,1.3));
#787 = VECTOR('',#788,1.);
#788 = DIRECTION('',(1.,0.,0.));
#789 = PCURVE('',#167,#790);
#790 = DEFINITIONAL_REPRESENTATION('',(#791),#795);
#791 = LINE('',#792,#793);
#792 = CARTESIAN_POINT('',(6.28318530718,-0.));
#793 = VECTOR('',#794,1.);
#794 = DIRECTION('',(0.,1.));
#795 = ( GEOMETRIC_REPRESENTATION_CONTEXT(2) 
PARAMETRIC_REPRESENTATION_CONTEXT() REPRESENTATION_CONTEXT('2D SPACE',''
  ) );
#796 = PCURVE('',#167,#797);
#797 = DEFINITIONAL_REPRESENTATION('',(#798),#802);
#798 = LINE('',#799,#800);
#799 = CARTESIAN_POINT('',(0.,-0.));
#800 = VECTOR('',#801,1.);
#801 = DIRECTION('',(0.,1.));
#802 = ( GEOMETRIC_REPRESENTATION_CONTEXT(2) 
PARAMETRIC_REPRESENTATION_CONTEXT() REPRESENTATION_CONTEXT('2D SPACE',''
  ) );
#803 = ORIENTED_EDGE('',*,*,#150,.T.);
#804 = ORIENTED_EDGE('',*,*,#783,.T.);
#805 = ADVANCED_FACE('',(#806),#198,.F.);
#806 = FACE_BOUND('',#807,.F.);
#807 = EDGE_LOOP('',(#808,#832,#853,#854));
#808 = ORIENTED_EDGE('',*,*,#809,.F.);
#809 = EDGE_CURVE('',#810,#810,#812,.T.);
#810 = VERTEX_POINT('',#811);
#811 = CARTESIAN_POINT('',(54.63279758958,-10.04140765191,
    -94.23761203374));
#812 = SURFACE_CURVE('',#813,(#818,#825),.PCURVE_S1.);
#813 = CIRCLE('',#814,1.3);
#814 = AXIS2_PLACEMENT_3D('',#815,#816,#817);
#815 = CARTESIAN_POINT('',(54.63279758958,-10.04140765191,
    -95.53761203374));
#816 = DIRECTION('',(1.,0.,0.));
#817 = DIRECTION('',(-0.,0.,1.));
#818 = PCURVE('',#198,#819);
#819 = DEFINITIONAL_REPRESENTATION('',(#820),#824);
#820 = LINE('',#821,#822);
#821 = CARTESIAN_POINT('',(0.,4.));
#822 = VECTOR('',#823,1.);
#823 = DIRECTION('',(1.,0.));
#824 = ( GEOMETRIC_REPRESENTATION_CONTEXT(2) 
PARAMETRIC_REPRESENTATION_CONTEXT() REPRESENTATION_CONTEXT('2D SPACE',''
  ) );
#825 = PCURVE('',#593,#826);
#826 = DEFINITIONAL_REPRESENTATION('',(#827),#831);
#827 = CIRCLE('',#828,1.3);
#828 = AXIS2_PLACEMENT_2D('',#829,#830);
#829 = CARTESIAN_POINT('',(-10.04140765191,-95.53761203374));
#830 = DIRECTION('',(0.,1.));
#831 = ( GEOMETRIC_REPRESENTATION_CONTEXT(2) 
PARAMETRIC_REPRESENTATION_CONTEXT() REPRESENTATION_CONTEXT('2D SPACE',''
  ) );
#832 = ORIENTED_EDGE('',*,*,#833,.F.);
#833 = EDGE_CURVE('',#182,#810,#834,.T.);
#834 = SEAM_CURVE('',#835,(#839,#846),.PCURVE_S1.);
#835 = LINE('',#836,#837);
#836 = CARTESIAN_POINT('',(50.63279758958,-10.04140765191,
    -94.23761203374));
#837 = VECTOR('',#838,1.);
#838 = DIRECTION('',(1.,0.,0.));
#839 = PCURVE('',#198,#840);
#840 = DEFINITIONAL_REPRESENTATION('',(#841),#845);
#841 = LINE('',#842,#843);
#842 = CARTESIAN_POINT('',(6.28318530718,-0.));
#843 = VECTOR('',#844,1.);
#844 = DIRECTION('',(0.,1.));
#845 = ( GEOMETRIC_REPRESENTATION_CONTEXT(2) 
PARAMETRIC_REPRESENTATION_CONTEXT() REPRESENTATION_CONTEXT('2D SPACE',''
  ) );
#846 = PCURVE('',#198,#847);
#847 = DEFINITIONAL_REPRESENTATION('',(#848),#852);
#848 = LINE('',#849,#850);
#849 = CARTESIAN_POINT('',(0.,-0.));
#850 = VECTOR('',#851,1.);
#851 = DIRECTION('',(0.,1.));
#852 = ( GEOMETRIC_REPRESENTATION_CONTEXT(2) 
PARAMETRIC_REPRESENTATION_CONTEXT() REPRESENTATION_CONTEXT('2D SPACE',''
  ) );
#853 = ORIENTED_EDGE('',*,*,#181,.T.);
#854 = ORIENTED_EDGE('',*,*,#833,.T.);
#855 = ADVANCED_FACE('',(#856),#229,.F.);
#856 = FACE_BOUND('',#857,.F.);
#857 = EDGE_LOOP('',(#858,#882,#903,#904));
#858 = ORIENTED_EDGE('',*,*,#859,.F.);
#859 = EDGE_CURVE('',#860,#860,#862,.T.);
#860 = VERTEX_POINT('',#861);
#861 = CARTESIAN_POINT('',(54.63279758958,-48.03192995482,
    -81.89374306735));
#862 = SURFACE_CURVE('',#863,(#868,#875),.PCURVE_S1.);
#863 = CIRCLE('',#864,1.3);
#864 = AXIS2_PLACEMENT_3D('',#865,#866,#867);
#865 = CARTESIAN_POINT('',(54.63279758958,-48.03192995482,
    -83.19374306735));
#866 = DIRECTION('',(1.,0.,0.));
#867 = DIRECTION('',(-0.,0.,1.));
#868 = PCURVE('',#229,#869);
#869 = DEFINITIONAL_REPRESENTATION('',(#870),#874);
#870 = LINE('',#871,#872);
#871 = CARTESIAN_POINT('',(0.,4.));
#872 = VECTOR('',#873,1.);
#873 = DIRECTION('',(1.,0.));
#874 = ( GEOMETRIC_REPRESENTATION_CONTEXT(2) 
PARAMETRIC_REPRESENTATION_CONTEXT() REPRESENTATION_CONTEXT('2D SPACE',''
  ) );
#875 = PCURVE('',#593,#876);
#876 = DEFINITIONAL_REPRESENTATION('',(#877),#881);
#877 = CIRCLE('',#878,1.3);
#878 = AXIS2_PLACEMENT_2D('',#879,#880);
#879 = CARTESIAN_POINT('',(-48.03192995482,-83.19374306735));
#880 = DIRECTION('',(0.,1.));
#881 = ( GEOMETRIC_REPRESENTATION_CONTEXT(2) 
PARAMETRIC_REPRESENTATION_CONTEXT() REPRESENTATION_CONTEXT('2D SPACE',''
  ) );
#882 = ORIENTED_EDGE('',*,*,#883,.F.);
#883 = EDGE_CURVE('',#213,#860,#884,.T.);
#884 = SEAM_CURVE('',#885,(#889,#896),.PCURVE_S1.);
#885 = LINE('',#886,#887);
#886 = CARTESIAN_POINT('',(50.63279758958,-48.03192995482,
    -81.89374306735));
#887 = VECTOR('',#888,1.);
#888 = DIRECTION('',(1.,0.,0.));
#889 = PCURVE('',#229,#890);
#890 = DEFINITIONAL_REPRESENTATION('',(#891),#895);
#891 = LINE('',#892,#893);
#892 = CARTESIAN_POINT('',(6.28318530718,-0.));
#893 = VECTOR('',#894,1.);
#894 = DIRECTION('',(0.,1.));
#895 = ( GEOMETRIC_REPRESENTATION_CONTEXT(2) 
PARAMETRIC_REPRESENTATION_CONTEXT() REPRESENTATION_CONTEXT('2D SPACE',''
  ) );
#896 = PCURVE('',#229,#897);
#897 = DEFINITIONAL_REPRESENTATION('',(#898),#902);
#898 = LINE('',#899,#900);
#899 = CARTESIAN_POINT('',(0.,-0.));
#900 = VECTOR('',#901,1.);
#901 = DIRECTION('',(0.,1.));
#902 = ( GEOMETRIC_REPRESENTATION_CONTEXT(2) 
PARAMETRIC_REPRESENTATION_CONTEXT() REPRESENTATION_CONTEXT('2D SPACE',''
  ) );
#903 = ORIENTED_EDGE('',*,*,#212,.T.);
#904 = ORIENTED_EDGE('',*,*,#883,.T.);
#905 = ADVANCED_FACE('',(#906),#260,.F.);
#906 = FACE_BOUND('',#907,.F.);
#907 = EDGE_LOOP('',(#908,#932,#953,#954));
#908 = ORIENTED_EDGE('',*,*,#909,.F.);
#909 = EDGE_CURVE('',#910,#910,#912,.T.);
#910 = VERTEX_POINT('',#911);
#911 = CARTESIAN_POINT('',(54.63279758958,-77.71729521216,
    -55.16492013318));
#912 = SURFACE_CURVE('',#913,(#918,#925),.PCURVE_S1.);
#913 = CIRCLE('',#914,1.3);
#914 = AXIS2_PLACEMENT_3D('',#915,#916,#917);
#915 = CARTESIAN_POINT('',(54.63279758958,-77.71729521216,
    -56.46492013318));
#916 = DIRECTION('',(1.,0.,0.));
#917 = DIRECTION('',(-0.,0.,1.));
#918 = PCURVE('',#260,#919);
#919 = DEFINITIONAL_REPRESENTATION('',(#920),#924);
#920 = LINE('',#921,#922);
#921 = CARTESIAN_POINT('',(0.,4.));
#922 = VECTOR('',#923,1.);
#923 = DIRECTION('',(1.,0.));
#924 = ( GEOMETRIC_REPRESENTATION_CONTEXT(2) 
PARAMETRIC_REPRESENTATION_CONTEXT() REPRESENTATION_CONTEXT('2D SPACE',''
  ) );
#925 = PCURVE('',#593,#926);
#926 = DEFINITIONAL_REPRESENTATION('',(#927),#931);
#927 = CIRCLE('',#928,1.3);
#928 = AXIS2_PLACEMENT_2D('',#929,#930);
#929 = CARTESIAN_POINT('',(-77.71729521216,-56.46492013318));
#930 = DIRECTION('',(0.,1.));
#931 = ( GEOMETRIC_REPRESENTATION_CONTEXT(2) 
PARAMETRIC_REPRESENTATION_CONTEXT() REPRESENTATION_CONTEXT('2D SPACE',''
  ) );
#932 = ORIENTED_EDGE('',*,*,#933,.F.);
#933 = EDGE_CURVE('',#244,#910,#934,.T.);
#934 = SEAM_CURVE('',#935,(#939,#946),.PCURVE_S1.);
#935 = LINE('',#936,#937);
#936 = CARTESIAN_POINT('',(50.63279758958,-77.71729521216,
    -55.16492013318));
#937 = VECTOR('',#938,1.);
#938 = DIRECTION('',(1.,0.,0.));
#939 = PCURVE('',#260,#940);
#940 = DEFINITIONAL_REPRESENTATION('',(#941),#945);
#941 = LINE('',#942,#943);
#942 = CARTESIAN_POINT('',(6.28318530718,-0.));
#943 = VECTOR('',#944,1.);
#944 = DIRECTION('',(0.,1.));
#945 = ( GEOMETRIC_REPRESENTATION_CONTEXT(2) 
PARAMETRIC_REPRESENTATION_CONTEXT() REPRESENTATION_CONTEXT('2D SPACE',''
  ) );
#946 = PCURVE('',#260,#947);
#947 = DEFINITIONAL_REPRESENTATION('',(#948),#952);
#948 = LINE('',#949,#950);
#949 = CARTESIAN_POINT('',(0.,-0.));
#950 = VECTOR('',#951,1.);
#951 = DIRECTION('',(0.,1.));
#952 = ( GEOMETRIC_REPRESENTATION_CONTEXT(2) 
PARAMETRIC_REPRESENTATION_CONTEXT() REPRESENTATION_CONTEXT('2D SPACE',''
  ) );
#953 = ORIENTED_EDGE('',*,*,#243,.T.);
#954 = ORIENTED_EDGE('',*,*,#933,.T.);
#955 = ADVANCED_FACE('',(#956),#291,.F.);
#956 = FACE_BOUND('',#957,.T.);
#957 = EDGE_LOOP('',(#958,#987,#1008,#1009));
#958 = ORIENTED_EDGE('',*,*,#959,.T.);
#959 = EDGE_CURVE('',#960,#960,#962,.T.);
#960 = VERTEX_POINT('',#961);
#961 = CARTESIAN_POINT('',(172.70356586536,90.663859909659,0.));
#962 = SURFACE_CURVE('',#963,(#968,#975),.PCURVE_S1.);
#963 = CIRCLE('',#964,90.663859909659);
#964 = AXIS2_PLACEMENT_3D('',#965,#966,#967);
#965 = CARTESIAN_POINT('',(172.70356586536,0.,0.));
#966 = DIRECTION('',(1.,0.,0.));
#967 = DIRECTION('',(-0.,1.,0.));
#968 = PCURVE('',#291,#969);
#969 = DEFINITIONAL_REPRESENTATION('',(#970),#974);
#970 = LINE('',#971,#972);
#971 = CARTESIAN_POINT('',(-0.,0.));
#972 = VECTOR('',#973,1.);
#973 = DIRECTION('',(-1.,0.));
#974 = ( GEOMETRIC_REPRESENTATION_CONTEXT(2) 
PARAMETRIC_REPRESENTATION_CONTEXT() REPRESENTATION_CONTEXT('2D SPACE',''
  ) );
#975 = PCURVE('',#976,#981);
#976 = PLANE('',#977);
#977 = AXIS2_PLACEMENT_3D('',#978,#979,#980);
#978 = CARTESIAN_POINT('',(172.70356586536,0.,0.));
#979 = DIRECTION('',(1.,0.,0.));
#980 = DIRECTION('',(-0.,1.,0.));
#981 = DEFINITIONAL_REPRESENTATION('',(#982),#986);
#982 = CIRCLE('',#983,90.663859909659);
#983 = AXIS2_PLACEMENT_2D('',#984,#985);
#984 = CARTESIAN_POINT('',(0.,0.));
#985 = DIRECTION('',(1.,0.));
#986 = ( GEOMETRIC_REPRESENTATION_CONTEXT(2) 
PARAMETRIC_REPRESENTATION_CONTEXT() REPRESENTATION_CONTEXT('2D SPACE',''
  ) );
#987 = ORIENTED_EDGE('',*,*,#988,.T.);
#988 = EDGE_CURVE('',#960,#275,#989,.T.);
#989 = SEAM_CURVE('',#990,(#994,#1001),.PCURVE_S1.);
#990 = LINE('',#991,#992);
#991 = CARTESIAN_POINT('',(172.70356586536,90.663859909659,0.));
#992 = VECTOR('',#993,1.);
#993 = DIRECTION('',(-1.,0.,0.));
#994 = PCURVE('',#291,#995);
#995 = DEFINITIONAL_REPRESENTATION('',(#996),#1000);
#996 = LINE('',#997,#998);
#997 = CARTESIAN_POINT('',(-0.,0.));
#998 = VECTOR('',#999,1.);
#999 = DIRECTION('',(-0.,1.));
#1000 = ( GEOMETRIC_REPRESENTATION_CONTEXT(2) 
PARAMETRIC_REPRESENTATION_CONTEXT() REPRESENTATION_CONTEXT('2D SPACE',''
  ) );
#1001 = PCURVE('',#291,#1002);
#1002 = DEFINITIONAL_REPRESENTATION('',(#1003),#1007);
#1003 = LINE('',#1004,#1005);
#1004 = CARTESIAN_POINT('',(-6.28318530718,0.));
#1005 = VECTOR('',#1006,1.);
#1006 = DIRECTION('',(-0.,1.));
#1007 = ( GEOMETRIC_REPRESENTATION_CONTEXT(2) 
PARAMETRIC_REPRESENTATION_CONTEXT() REPRESENTATION_CONTEXT('2D SPACE',''
  ) );
#1008 = ORIENTED_EDGE('',*,*,#274,.F.);
#1009 = ORIENTED_EDGE('',*,*,#988,.F.);
#1010 = ADVANCED_FACE('',(#1011),#322,.F.);
#1011 = FACE_BOUND('',#1012,.F.);
#1012 = EDGE_LOOP('',(#1013,#1037,#1058,#1059));
#1013 = ORIENTED_EDGE('',*,*,#1014,.F.);
#1014 = EDGE_CURVE('',#1015,#1015,#1017,.T.);
#1015 = VERTEX_POINT('',#1016);
#1016 = CARTESIAN_POINT('',(54.63279758958,-93.96463408786,
    -18.67279954029));
#1017 = SURFACE_CURVE('',#1018,(#1023,#1030),.PCURVE_S1.);
#1018 = CIRCLE('',#1019,1.3);
#1019 = AXIS2_PLACEMENT_3D('',#1020,#1021,#1022);
#1020 = CARTESIAN_POINT('',(54.63279758958,-93.96463408786,
    -19.97279954029));
#1021 = DIRECTION('',(1.,0.,0.));
#1022 = DIRECTION('',(-0.,0.,1.));
#1023 = PCURVE('',#322,#1024);
#1024 = DEFINITIONAL_REPRESENTATION('',(#1025),#1029);
#1025 = LINE('',#1026,#1027);
#1026 = CARTESIAN_POINT('',(0.,4.));
#1027 = VECTOR('',#1028,1.);
#1028 = DIRECTION('',(1.,0.));
#1029 = ( GEOMETRIC_REPRESENTATION_CONTEXT(2) 
PARAMETRIC_REPRESENTATION_CONTEXT() REPRESENTATION_CONTEXT('2D SPACE',''
  ) );
#1030 = PCURVE('',#593,#1031);
#1031 = DEFINITIONAL_REPRESENTATION('',(#1032),#1036);
#1032 = CIRCLE('',#1033,1.3);
#1033 = AXIS2_PLACEMENT_2D('',#1034,#1035);
#1034 = CARTESIAN_POINT('',(-93.96463408786,-19.97279954029));
#1035 = DIRECTION('',(0.,1.));
#1036 = ( GEOMETRIC_REPRESENTATION_CONTEXT(2) 
PARAMETRIC_REPRESENTATION_CONTEXT() REPRESENTATION_CONTEXT('2D SPACE',''
  ) );
#1037 = ORIENTED_EDGE('',*,*,#1038,.F.);
#1038 = EDGE_CURVE('',#306,#1015,#1039,.T.);
#1039 = SEAM_CURVE('',#1040,(#1044,#1051),.PCURVE_S1.);
#1040 = LINE('',#1041,#1042);
#1041 = CARTESIAN_POINT('',(50.63279758958,-93.96463408786,
    -18.67279954029));
#1042 = VECTOR('',#1043,1.);
#1043 = DIRECTION('',(1.,0.,0.));
#1044 = PCURVE('',#322,#1045);
#1045 = DEFINITIONAL_REPRESENTATION('',(#1046),#1050);
#1046 = LINE('',#1047,#1048);
#1047 = CARTESIAN_POINT('',(6.28318530718,-0.));
#1048 = VECTOR('',#1049,1.);
#1049 = DIRECTION('',(0.,1.));
#1050 = ( GEOMETRIC_REPRESENTATION_CONTEXT(2) 
PARAMETRIC_REPRESENTATION_CONTEXT() REPRESENTATION_CONTEXT('2D SPACE',''
  ) );
#1051 = PCURVE('',#322,#1052);
#1052 = DEFINITIONAL_REPRESENTATION('',(#1053),#1057);
#1053 = LINE('',#1054,#1055);
#1054 = CARTESIAN_POINT('',(0.,-0.));
#1055 = VECTOR('',#1056,1.);
#1056 = DIRECTION('',(0.,1.));
#1057 = ( GEOMETRIC_REPRESENTATION_CONTEXT(2) 
PARAMETRIC_REPRESENTATION_CONTEXT() REPRESENTATION_CONTEXT('2D SPACE',''
  ) );
#1058 = ORIENTED_EDGE('',*,*,#305,.T.);
#1059 = ORIENTED_EDGE('',*,*,#1038,.T.);
#1060 = ADVANCED_FACE('',(#1061),#353,.F.);
#1061 = FACE_BOUND('',#1062,.F.);
#1062 = EDGE_LOOP('',(#1063,#1087,#1108,#1109));
#1063 = ORIENTED_EDGE('',*,*,#1064,.F.);
#1064 = EDGE_CURVE('',#1065,#1065,#1067,.T.);
#1065 = VERTEX_POINT('',#1066);
#1066 = CARTESIAN_POINT('',(54.63279758958,87.758702864084,
    40.372691900558));
#1067 = SURFACE_CURVE('',#1068,(#1073,#1080),.PCURVE_S1.);
#1068 = CIRCLE('',#1069,1.3);
#1069 = AXIS2_PLACEMENT_3D('',#1070,#1071,#1072);
#1070 = CARTESIAN_POINT('',(54.63279758958,87.758702864084,
    39.072691900558));
#1071 = DIRECTION('',(1.,0.,0.));
#1072 = DIRECTION('',(-0.,0.,1.));
#1073 = PCURVE('',#353,#1074);
#1074 = DEFINITIONAL_REPRESENTATION('',(#1075),#1079);
#1075 = LINE('',#1076,#1077);
#1076 = CARTESIAN_POINT('',(0.,4.));
#1077 = VECTOR('',#1078,1.);
#1078 = DIRECTION('',(1.,0.));
#1079 = ( GEOMETRIC_REPRESENTATION_CONTEXT(2) 
PARAMETRIC_REPRESENTATION_CONTEXT() REPRESENTATION_CONTEXT('2D SPACE',''
  ) );
#1080 = PCURVE('',#593,#1081);
#1081 = DEFINITIONAL_REPRESENTATION('',(#1082),#1086);
#1082 = CIRCLE('',#1083,1.3);
#1083 = AXIS2_PLACEMENT_2D('',#1084,#1085);
#1084 = CARTESIAN_POINT('',(87.758702864084,39.072691900558));
#1085 = DIRECTION('',(0.,1.));
#1086 = ( GEOMETRIC_REPRESENTATION_CONTEXT(2) 
PARAMETRIC_REPRESENTATION_CONTEXT() REPRESENTATION_CONTEXT('2D SPACE',''
  ) );
#1087 = ORIENTED_EDGE('',*,*,#1088,.F.);
#1088 = EDGE_CURVE('',#337,#1065,#1089,.T.);
#1089 = SEAM_CURVE('',#1090,(#1094,#1101),.PCURVE_S1.);
#1090 = LINE('',#1091,#1092);
#1091 = CARTESIAN_POINT('',(50.63279758958,87.758702864084,
    40.372691900558));
#1092 = VECTOR('',#1093,1.);
#1093 = DIRECTION('',(1.,0.,0.));
#1094 = PCURVE('',#353,#1095);
#1095 = DEFINITIONAL_REPRESENTATION('',(#1096),#1100);
#1096 = LINE('',#1097,#1098);
#1097 = CARTESIAN_POINT('',(6.28318530718,-0.));
#1098 = VECTOR('',#1099,1.);
#1099 = DIRECTION('',(0.,1.));
#1100 = ( GEOMETRIC_REPRESENTATION_CONTEXT(2) 
PARAMETRIC_REPRESENTATION_CONTEXT() REPRESENTATION_CONTEXT('2D SPACE',''
  ) );
#1101 = PCURVE('',#353,#1102);
#1102 = DEFINITIONAL_REPRESENTATION('',(#1103),#1107);
#1103 = LINE('',#1104,#1105);
#1104 = CARTESIAN_POINT('',(0.,-0.));
#1105 = VECTOR('',#1106,1.);
#1106 = DIRECTION('',(0.,1.));
#1107 = ( GEOMETRIC_REPRESENTATION_CONTEXT(2) 
PARAMETRIC_REPRESENTATION_CONTEXT() REPRESENTATION_CONTEXT('2D SPACE',''
  ) );
#1108 = ORIENTED_EDGE('',*,*,#336,.T.);
#1109 = ORIENTED_EDGE('',*,*,#1088,.T.);
#1110 = ADVANCED_FACE('',(#1111),#384,.F.);
#1111 = FACE_BOUND('',#1112,.F.);
#1112 = EDGE_LOOP('',(#1113,#1137,#1158,#1159));
#1113 = ORIENTED_EDGE('',*,*,#1114,.F.);
#1114 = EDGE_CURVE('',#1115,#1115,#1117,.T.);
#1115 = VERTEX_POINT('',#1116);
#1116 = CARTESIAN_POINT('',(54.63279758958,64.279268830522,
    72.689360407248));
#1117 = SURFACE_CURVE('',#1118,(#1123,#1130),.PCURVE_S1.);
#1118 = CIRCLE('',#1119,1.3);
#1119 = AXIS2_PLACEMENT_3D('',#1120,#1121,#1122);
#1120 = CARTESIAN_POINT('',(54.63279758958,64.279268830522,
    71.389360407248));
#1121 = DIRECTION('',(1.,0.,0.));
#1122 = DIRECTION('',(-0.,0.,1.));
#1123 = PCURVE('',#384,#1124);
#1124 = DEFINITIONAL_REPRESENTATION('',(#1125),#1129);
#1125 = LINE('',#1126,#1127);
#1126 = CARTESIAN_POINT('',(0.,4.));
#1127 = VECTOR('',#1128,1.);
#1128 = DIRECTION('',(1.,0.));
#1129 = ( GEOMETRIC_REPRESENTATION_CONTEXT(2) 
PARAMETRIC_REPRESENTATION_CONTEXT() REPRESENTATION_CONTEXT('2D SPACE',''
  ) );
#1130 = PCURVE('',#593,#1131);
#1131 = DEFINITIONAL_REPRESENTATION('',(#1132),#1136);
#1132 = CIRCLE('',#1133,1.3);
#1133 = AXIS2_PLACEMENT_2D('',#1134,#1135);
#1134 = CARTESIAN_POINT('',(64.279268830522,71.389360407248));
#1135 = DIRECTION('',(0.,1.));
#1136 = ( GEOMETRIC_REPRESENTATION_CONTEXT(2) 
PARAMETRIC_REPRESENTATION_CONTEXT() REPRESENTATION_CONTEXT('2D SPACE',''
  ) );
#1137 = ORIENTED_EDGE('',*,*,#1138,.F.);
#1138 = EDGE_CURVE('',#368,#1115,#1139,.T.);
#1139 = SEAM_CURVE('',#1140,(#1144,#1151),.PCURVE_S1.);
#1140 = LINE('',#1141,#1142);
#1141 = CARTESIAN_POINT('',(50.63279758958,64.279268830522,
    72.689360407248));
#1142 = VECTOR('',#1143,1.);
#1143 = DIRECTION('',(1.,0.,0.));
#1144 = PCURVE('',#384,#1145);
#1145 = DEFINITIONAL_REPRESENTATION('',(#1146),#1150);
#1146 = LINE('',#1147,#1148);
#1147 = CARTESIAN_POINT('',(6.28318530718,-0.));
#1148 = VECTOR('',#1149,1.);
#1149 = DIRECTION('',(0.,1.));
#1150 = ( GEOMETRIC_REPRESENTATION_CONTEXT(2) 
PARAMETRIC_REPRESENTATION_CONTEXT() REPRESENTATION_CONTEXT('2D SPACE',''
  ) );
#1151 = PCURVE('',#384,#1152);
#1152 = DEFINITIONAL_REPRESENTATION('',(#1153),#1157);
#1153 = LINE('',#1154,#1155);
#1154 = CARTESIAN_POINT('',(0.,-0.));
#1155 = VECTOR('',#1156,1.);
#1156 = DIRECTION('',(0.,1.));
#1157 = ( GEOMETRIC_REPRESENTATION_CONTEXT(2) 
PARAMETRIC_REPRESENTATION_CONTEXT() REPRESENTATION_CONTEXT('2D SPACE',''
  ) );
#1158 = ORIENTED_EDGE('',*,*,#367,.T.);
#1159 = ORIENTED_EDGE('',*,*,#1138,.T.);
#1160 = ADVANCED_FACE('',(#1161),#415,.F.);
#1161 = FACE_BOUND('',#1162,.F.);
#1162 = EDGE_LOOP('',(#1163,#1187,#1208,#1209));
#1163 = ORIENTED_EDGE('',*,*,#1164,.F.);
#1164 = EDGE_CURVE('',#1165,#1165,#1167,.T.);
#1165 = VERTEX_POINT('',#1166);
#1166 = CARTESIAN_POINT('',(54.63279758958,29.685365257339,
    92.662159947546));
#1167 = SURFACE_CURVE('',#1168,(#1173,#1180),.PCURVE_S1.);
#1168 = CIRCLE('',#1169,1.3);
#1169 = AXIS2_PLACEMENT_3D('',#1170,#1171,#1172);
#1170 = CARTESIAN_POINT('',(54.63279758958,29.685365257339,
    91.362159947546));
#1171 = DIRECTION('',(1.,0.,0.));
#1172 = DIRECTION('',(-0.,0.,1.));
#1173 = PCURVE('',#415,#1174);
#1174 = DEFINITIONAL_REPRESENTATION('',(#1175),#1179);
#1175 = LINE('',#1176,#1177);
#1176 = CARTESIAN_POINT('',(0.,4.));
#1177 = VECTOR('',#1178,1.);
#1178 = DIRECTION('',(1.,0.));
#1179 = ( GEOMETRIC_REPRESENTATION_CONTEXT(2) 
PARAMETRIC_REPRESENTATION_CONTEXT() REPRESENTATION_CONTEXT('2D SPACE',''
  ) );
#1180 = PCURVE('',#593,#1181);
#1181 = DEFINITIONAL_REPRESENTATION('',(#1182),#1186);
#1182 = CIRCLE('',#1183,1.3);
#1183 = AXIS2_PLACEMENT_2D('',#1184,#1185);
#1184 = CARTESIAN_POINT('',(29.685365257339,91.362159947546));
#1185 = DIRECTION('',(0.,1.));
#1186 = ( GEOMETRIC_REPRESENTATION_CONTEXT(2) 
PARAMETRIC_REPRESENTATION_CONTEXT() REPRESENTATION_CONTEXT('2D SPACE',''
  ) );
#1187 = ORIENTED_EDGE('',*,*,#1188,.F.);
#1188 = EDGE_CURVE('',#399,#1165,#1189,.T.);
#1189 = SEAM_CURVE('',#1190,(#1194,#1201),.PCURVE_S1.);
#1190 = LINE('',#1191,#1192);
#1191 = CARTESIAN_POINT('',(50.63279758958,29.685365257339,
    92.662159947546));
#1192 = VECTOR('',#1193,1.);
#1193 = DIRECTION('',(1.,0.,0.));
#1194 = PCURVE('',#415,#1195);
#1195 = DEFINITIONAL_REPRESENTATION('',(#1196),#1200);
#1196 = LINE('',#1197,#1198);
#1197 = CARTESIAN_POINT('',(6.28318530718,-0.));
#1198 = VECTOR('',#1199,1.);
#1199 = DIRECTION('',(0.,1.));
#1200 = ( GEOMETRIC_REPRESENTATION_CONTEXT(2) 
PARAMETRIC_REPRESENTATION_CONTEXT() REPRESENTATION_CONTEXT('2D SPACE',''
  ) );
#1201 = PCURVE('',#415,#1202);
#1202 = DEFINITIONAL_REPRESENTATION('',(#1203),#1207);
#1203 = LINE('',#1204,#1205);
#1204 = CARTESIAN_POINT('',(0.,-0.));
#1205 = VECTOR('',#1206,1.);
#1206 = DIRECTION('',(0.,1.));
#1207 = ( GEOMETRIC_REPRESENTATION_CONTEXT(2) 
PARAMETRIC_REPRESENTATION_CONTEXT() REPRESENTATION_CONTEXT('2D SPACE',''
  ) );
#1208 = ORIENTED_EDGE('',*,*,#398,.T.);
#1209 = ORIENTED_EDGE('',*,*,#1188,.T.);
#1210 = ADVANCED_FACE('',(#1211),#446,.F.);
#1211 = FACE_BOUND('',#1212,.F.);
#1212 = EDGE_LOOP('',(#1213,#1237,#1258,#1259));
#1213 = ORIENTED_EDGE('',*,*,#1214,.F.);
#1214 = EDGE_CURVE('',#1215,#1215,#1217,.T.);
#1215 = VERTEX_POINT('',#1216);
#1216 = CARTESIAN_POINT('',(54.63279758958,-93.96463408786,
    21.272799540297));
#1217 = SURFACE_CURVE('',#1218,(#1223,#1230),.PCURVE_S1.);
#1218 = CIRCLE('',#1219,1.3);
#1219 = AXIS2_PLACEMENT_3D('',#1220,#1221,#1222);
#1220 = CARTESIAN_POINT('',(54.63279758958,-93.96463408786,
    19.972799540297));
#1221 = DIRECTION('',(1.,0.,0.));
#1222 = DIRECTION('',(-0.,0.,1.));
#1223 = PCURVE('',#446,#1224);
#1224 = DEFINITIONAL_REPRESENTATION('',(#1225),#1229);
#1225 = LINE('',#1226,#1227);
#1226 = CARTESIAN_POINT('',(0.,4.));
#1227 = VECTOR('',#1228,1.);
#1228 = DIRECTION('',(1.,0.));
#1229 = ( GEOMETRIC_REPRESENTATION_CONTEXT(2) 
PARAMETRIC_REPRESENTATION_CONTEXT() REPRESENTATION_CONTEXT('2D SPACE',''
  ) );
#1230 = PCURVE('',#593,#1231);
#1231 = DEFINITIONAL_REPRESENTATION('',(#1232),#1236);
#1232 = CIRCLE('',#1233,1.3);
#1233 = AXIS2_PLACEMENT_2D('',#1234,#1235);
#1234 = CARTESIAN_POINT('',(-93.96463408786,19.972799540297));
#1235 = DIRECTION('',(0.,1.));
#1236 = ( GEOMETRIC_REPRESENTATION_CONTEXT(2) 
PARAMETRIC_REPRESENTATION_CONTEXT() REPRESENTATION_CONTEXT('2D SPACE',''
  ) );
#1237 = ORIENTED_EDGE('',*,*,#1238,.F.);
#1238 = EDGE_CURVE('',#430,#1215,#1239,.T.);
#1239 = SEAM_CURVE('',#1240,(#1244,#1251),.PCURVE_S1.);
#1240 = LINE('',#1241,#1242);
#1241 = CARTESIAN_POINT('',(50.63279758958,-93.96463408786,
    21.272799540297));
#1242 = VECTOR('',#1243,1.);
#1243 = DIRECTION('',(1.,0.,0.));
#1244 = PCURVE('',#446,#1245);
#1245 = DEFINITIONAL_REPRESENTATION('',(#1246),#1250);
#1246 = LINE('',#1247,#1248);
#1247 = CARTESIAN_POINT('',(6.28318530718,-0.));
#1248 = VECTOR('',#1249,1.);
#1249 = DIRECTION('',(0.,1.));
#1250 = ( GEOMETRIC_REPRESENTATION_CONTEXT(2) 
PARAMETRIC_REPRESENTATION_CONTEXT() REPRESENTATION_CONTEXT('2D SPACE',''
  ) );
#1251 = PCURVE('',#446,#1252);
#1252 = DEFINITIONAL_REPRESENTATION('',(#1253),#1257);
#1253 = LINE('',#1254,#1255);
#1254 = CARTESIAN_POINT('',(0.,-0.));
#1255 = VECTOR('',#1256,1.);
#1256 = DIRECTION('',(0.,1.));
#1257 = ( GEOMETRIC_REPRESENTATION_CONTEXT(2) 
PARAMETRIC_REPRESENTATION_CONTEXT() REPRESENTATION_CONTEXT('2D SPACE',''
  ) );
#1258 = ORIENTED_EDGE('',*,*,#429,.T.);
#1259 = ORIENTED_EDGE('',*,*,#1238,.T.);
#1260 = ADVANCED_FACE('',(#1261),#477,.F.);
#1261 = FACE_BOUND('',#1262,.F.);
#1262 = EDGE_LOOP('',(#1263,#1287,#1308,#1309));
#1263 = ORIENTED_EDGE('',*,*,#1264,.F.);
#1264 = EDGE_CURVE('',#1265,#1265,#1267,.T.);
#1265 = VERTEX_POINT('',#1266);
#1266 = CARTESIAN_POINT('',(54.63279758958,-10.04140765191,
    96.837612033746));
#1267 = SURFACE_CURVE('',#1268,(#1273,#1280),.PCURVE_S1.);
#1268 = CIRCLE('',#1269,1.3);
#1269 = AXIS2_PLACEMENT_3D('',#1270,#1271,#1272);
#1270 = CARTESIAN_POINT('',(54.63279758958,-10.04140765191,
    95.537612033746));
#1271 = DIRECTION('',(1.,0.,0.));
#1272 = DIRECTION('',(-0.,0.,1.));
#1273 = PCURVE('',#477,#1274);
#1274 = DEFINITIONAL_REPRESENTATION('',(#1275),#1279);
#1275 = LINE('',#1276,#1277);
#1276 = CARTESIAN_POINT('',(0.,4.));
#1277 = VECTOR('',#1278,1.);
#1278 = DIRECTION('',(1.,0.));
#1279 = ( GEOMETRIC_REPRESENTATION_CONTEXT(2) 
PARAMETRIC_REPRESENTATION_CONTEXT() REPRESENTATION_CONTEXT('2D SPACE',''
  ) );
#1280 = PCURVE('',#593,#1281);
#1281 = DEFINITIONAL_REPRESENTATION('',(#1282),#1286);
#1282 = CIRCLE('',#1283,1.3);
#1283 = AXIS2_PLACEMENT_2D('',#1284,#1285);
#1284 = CARTESIAN_POINT('',(-10.04140765191,95.537612033746));
#1285 = DIRECTION('',(0.,1.));
#1286 = ( GEOMETRIC_REPRESENTATION_CONTEXT(2) 
PARAMETRIC_REPRESENTATION_CONTEXT() REPRESENTATION_CONTEXT('2D SPACE',''
  ) );
#1287 = ORIENTED_EDGE('',*,*,#1288,.F.);
#1288 = EDGE_CURVE('',#461,#1265,#1289,.T.);
#1289 = SEAM_CURVE('',#1290,(#1294,#1301),.PCURVE_S1.);
#1290 = LINE('',#1291,#1292);
#1291 = CARTESIAN_POINT('',(50.63279758958,-10.04140765191,
    96.837612033746));
#1292 = VECTOR('',#1293,1.);
#1293 = DIRECTION('',(1.,0.,0.));
#1294 = PCURVE('',#477,#1295);
#1295 = DEFINITIONAL_REPRESENTATION('',(#1296),#1300);
#1296 = LINE('',#1297,#1298);
#1297 = CARTESIAN_POINT('',(6.28318530718,-0.));
#1298 = VECTOR('',#1299,1.);
#1299 = DIRECTION('',(0.,1.));
#1300 = ( GEOMETRIC_REPRESENTATION_CONTEXT(2) 
PARAMETRIC_REPRESENTATION_CONTEXT() REPRESENTATION_CONTEXT('2D SPACE',''
  ) );
#1301 = PCURVE('',#477,#1302);
#1302 = DEFINITIONAL_REPRESENTATION('',(#1303),#1307);
#1303 = LINE('',#1304,#1305);
#1304 = CARTESIAN_POINT('',(0.,-0.));
#1305 = VECTOR('',#1306,1.);
#1306 = DIRECTION('',(0.,1.));
#1307 = ( GEOMETRIC_REPRESENTATION_CONTEXT(2) 
PARAMETRIC_REPRESENTATION_CONTEXT() REPRESENTATION_CONTEXT('2D SPACE',''
  ) );
#1308 = ORIENTED_EDGE('',*,*,#460,.T.);
#1309 = ORIENTED_EDGE('',*,*,#1288,.T.);
#1310 = ADVANCED_FACE('',(#1311),#508,.F.);
#1311 = FACE_BOUND('',#1312,.F.);
#1312 = EDGE_LOOP('',(#1313,#1337,#1358,#1359));
#1313 = ORIENTED_EDGE('',*,*,#1314,.F.);
#1314 = EDGE_CURVE('',#1315,#1315,#1317,.T.);
#1315 = VERTEX_POINT('',#1316);
#1316 = CARTESIAN_POINT('',(54.63279758958,-77.71729521216,
    57.764920133187));
#1317 = SURFACE_CURVE('',#1318,(#1323,#1330),.PCURVE_S1.);
#1318 = CIRCLE('',#1319,1.3);
#1319 = AXIS2_PLACEMENT_3D('',#1320,#1321,#1322);
#1320 = CARTESIAN_POINT('',(54.63279758958,-77.71729521216,
    56.464920133187));
#1321 = DIRECTION('',(1.,0.,0.));
#1322 = DIRECTION('',(-0.,0.,1.));
#1323 = PCURVE('',#508,#1324);
#1324 = DEFINITIONAL_REPRESENTATION('',(#1325),#1329);
#1325 = LINE('',#1326,#1327);
#1326 = CARTESIAN_POINT('',(0.,4.));
#1327 = VECTOR('',#1328,1.);
#1328 = DIRECTION('',(1.,0.));
#1329 = ( GEOMETRIC_REPRESENTATION_CONTEXT(2) 
PARAMETRIC_REPRESENTATION_CONTEXT() REPRESENTATION_CONTEXT('2D SPACE',''
  ) );
#1330 = PCURVE('',#593,#1331);
#1331 = DEFINITIONAL_REPRESENTATION('',(#1332),#1336);
#1332 = CIRCLE('',#1333,1.3);
#1333 = AXIS2_PLACEMENT_2D('',#1334,#1335);
#1334 = CARTESIAN_POINT('',(-77.71729521216,56.464920133187));
#1335 = DIRECTION('',(0.,1.));
#1336 = ( GEOMETRIC_REPRESENTATION_CONTEXT(2) 
PARAMETRIC_REPRESENTATION_CONTEXT() REPRESENTATION_CONTEXT('2D SPACE',''
  ) );
#1337 = ORIENTED_EDGE('',*,*,#1338,.F.);
#1338 = EDGE_CURVE('',#492,#1315,#1339,.T.);
#1339 = SEAM_CURVE('',#1340,(#1344,#1351),.PCURVE_S1.);
#1340 = LINE('',#1341,#1342);
#1341 = CARTESIAN_POINT('',(50.63279758958,-77.71729521216,
    57.764920133187));
#1342 = VECTOR('',#1343,1.);
#1343 = DIRECTION('',(1.,0.,0.));
#1344 = PCURVE('',#508,#1345);
#1345 = DEFINITIONAL_REPRESENTATION('',(#1346),#1350);
#1346 = LINE('',#1347,#1348);
#1347 = CARTESIAN_POINT('',(6.28318530718,-0.));
#1348 = VECTOR('',#1349,1.);
#1349 = DIRECTION('',(0.,1.));
#1350 = ( GEOMETRIC_REPRESENTATION_CONTEXT(2) 
PARAMETRIC_REPRESENTATION_CONTEXT() REPRESENTATION_CONTEXT('2D SPACE',''
  ) );
#1351 = PCURVE('',#508,#1352);
#1352 = DEFINITIONAL_REPRESENTATION('',(#1353),#1357);
#1353 = LINE('',#1354,#1355);
#1354 = CARTESIAN_POINT('',(0.,-0.));
#1355 = VECTOR('',#1356,1.);
#1356 = DIRECTION('',(0.,1.));
#1357 = ( GEOMETRIC_REPRESENTATION_CONTEXT(2) 
PARAMETRIC_REPRESENTATION_CONTEXT() REPRESENTATION_CONTEXT('2D SPACE',''
  ) );
#1358 = ORIENTED_EDGE('',*,*,#491,.T.);
#1359 = ORIENTED_EDGE('',*,*,#1338,.T.);
#1360 = ADVANCED_FACE('',(#1361),#539,.F.);
#1361 = FACE_BOUND('',#1362,.F.);
#1362 = EDGE_LOOP('',(#1363,#1387,#1408,#1409));
#1363 = ORIENTED_EDGE('',*,*,#1364,.F.);
#1364 = EDGE_CURVE('',#1365,#1365,#1367,.T.);
#1365 = VERTEX_POINT('',#1366);
#1366 = CARTESIAN_POINT('',(54.63279758958,-48.03192995482,
    84.493743067354));
#1367 = SURFACE_CURVE('',#1368,(#1373,#1380),.PCURVE_S1.);
#1368 = CIRCLE('',#1369,1.3);
#1369 = AXIS2_PLACEMENT_3D('',#1370,#1371,#1372);
#1370 = CARTESIAN_POINT('',(54.63279758958,-48.03192995482,
    83.193743067354));
#1371 = DIRECTION('',(1.,0.,0.));
#1372 = DIRECTION('',(-0.,0.,1.));
#1373 = PCURVE('',#539,#1374);
#1374 = DEFINITIONAL_REPRESENTATION('',(#1375),#1379);
#1375 = LINE('',#1376,#1377);
#1376 = CARTESIAN_POINT('',(0.,4.));
#1377 = VECTOR('',#1378,1.);
#1378 = DIRECTION('',(1.,0.));
#1379 = ( GEOMETRIC_REPRESENTATION_CONTEXT(2) 
PARAMETRIC_REPRESENTATION_CONTEXT() REPRESENTATION_CONTEXT('2D SPACE',''
  ) );
#1380 = PCURVE('',#593,#1381);
#1381 = DEFINITIONAL_REPRESENTATION('',(#1382),#1386);
#1382 = CIRCLE('',#1383,1.3);
#1383 = AXIS2_PLACEMENT_2D('',#1384,#1385);
#1384 = CARTESIAN_POINT('',(-48.03192995482,83.193743067354));
#1385 = DIRECTION('',(0.,1.));
#1386 = ( GEOMETRIC_REPRESENTATION_CONTEXT(2) 
PARAMETRIC_REPRESENTATION_CONTEXT() REPRESENTATION_CONTEXT('2D SPACE',''
  ) );
#1387 = ORIENTED_EDGE('',*,*,#1388,.F.);
#1388 = EDGE_CURVE('',#523,#1365,#1389,.T.);
#1389 = SEAM_CURVE('',#1390,(#1394,#1401),.PCURVE_S1.);
#1390 = LINE('',#1391,#1392);
#1391 = CARTESIAN_POINT('',(50.63279758958,-48.03192995482,
    84.493743067354));
#1392 = VECTOR('',#1393,1.);
#1393 = DIRECTION('',(1.,0.,0.));
#1394 = PCURVE('',#539,#1395);
#1395 = DEFINITIONAL_REPRESENTATION('',(#1396),#1400);
#1396 = LINE('',#1397,#1398);
#1397 = CARTESIAN_POINT('',(6.28318530718,-0.));
#1398 = VECTOR('',#1399,1.);
#1399 = DIRECTION('',(0.,1.));
#1400 = ( GEOMETRIC_REPRESENTATION_CONTEXT(2) 
PARAMETRIC_REPRESENTATION_CONTEXT() REPRESENTATION_CONTEXT('2D SPACE',''
  ) );
#1401 = PCURVE('',#539,#1402);
#1402 = DEFINITIONAL_REPRESENTATION('',(#1403),#1407);
#1403 = LINE('',#1404,#1405);
#1404 = CARTESIAN_POINT('',(0.,-0.));
#1405 = VECTOR('',#1406,1.);
#1406 = DIRECTION('',(0.,1.));
#1407 = ( GEOMETRIC_REPRESENTATION_CONTEXT(2) 
PARAMETRIC_REPRESENTATION_CONTEXT() REPRESENTATION_CONTEXT('2D SPACE',''
  ) );
#1408 = ORIENTED_EDGE('',*,*,#522,.T.);
#1409 = ORIENTED_EDGE('',*,*,#1388,.T.);
#1410 = ADVANCED_FACE('',(#1411,#1414,#1417,#1420,#1423,#1426,#1457,
    #1460,#1463,#1466,#1469,#1472,#1475,#1478,#1481,#1484,#1487),#593,
  .T.);
#1411 = FACE_BOUND('',#1412,.T.);
#1412 = EDGE_LOOP('',(#1413));
#1413 = ORIENTED_EDGE('',*,*,#578,.T.);
#1414 = FACE_BOUND('',#1415,.T.);
#1415 = EDGE_LOOP('',(#1416));
#1416 = ORIENTED_EDGE('',*,*,#859,.F.);
#1417 = FACE_BOUND('',#1418,.T.);
#1418 = EDGE_LOOP('',(#1419));
#1419 = ORIENTED_EDGE('',*,*,#909,.F.);
#1420 = FACE_BOUND('',#1421,.T.);
#1421 = EDGE_LOOP('',(#1422));
#1422 = ORIENTED_EDGE('',*,*,#809,.F.);
#1423 = FACE_BOUND('',#1424,.T.);
#1424 = EDGE_LOOP('',(#1425));
#1425 = ORIENTED_EDGE('',*,*,#1014,.F.);
#1426 = FACE_BOUND('',#1427,.T.);
#1427 = EDGE_LOOP('',(#1428));
#1428 = ORIENTED_EDGE('',*,*,#1429,.F.);
#1429 = EDGE_CURVE('',#1430,#1430,#1432,.T.);
#1430 = VERTEX_POINT('',#1431);
#1431 = CARTESIAN_POINT('',(54.63279758958,91.663859909659,0.));
#1432 = SURFACE_CURVE('',#1433,(#1438,#1445),.PCURVE_S1.);
#1433 = CIRCLE('',#1434,91.663859909659);
#1434 = AXIS2_PLACEMENT_3D('',#1435,#1436,#1437);
#1435 = CARTESIAN_POINT('',(54.63279758958,0.,0.));
#1436 = DIRECTION('',(1.,0.,0.));
#1437 = DIRECTION('',(-0.,1.,0.));
#1438 = PCURVE('',#593,#1439);
#1439 = DEFINITIONAL_REPRESENTATION('',(#1440),#1444);
#1440 = CIRCLE('',#1441,91.663859909659);
#1441 = AXIS2_PLACEMENT_2D('',#1442,#1443);
#1442 = CARTESIAN_POINT('',(0.,0.));
#1443 = DIRECTION('',(1.,0.));
#1444 = ( GEOMETRIC_REPRESENTATION_CONTEXT(2) 
PARAMETRIC_REPRESENTATION_CONTEXT() REPRESENTATION_CONTEXT('2D SPACE',''
  ) );
#1445 = PCURVE('',#1446,#1451);
#1446 = CYLINDRICAL_SURFACE('',#1447,91.663859909659);
#1447 = AXIS2_PLACEMENT_3D('',#1448,#1449,#1450);
#1448 = CARTESIAN_POINT('',(54.63279758958,0.,0.));
#1449 = DIRECTION('',(1.,0.,0.));
#1450 = DIRECTION('',(-0.,1.,0.));
#1451 = DEFINITIONAL_REPRESENTATION('',(#1452),#1456);
#1452 = LINE('',#1453,#1454);
#1453 = CARTESIAN_POINT('',(0.,0.));
#1454 = VECTOR('',#1455,1.);
#1455 = DIRECTION('',(1.,0.));
#1456 = ( GEOMETRIC_REPRESENTATION_CONTEXT(2) 
PARAMETRIC_REPRESENTATION_CONTEXT() REPRESENTATION_CONTEXT('2D SPACE',''
  ) );
#1457 = FACE_BOUND('',#1458,.T.);
#1458 = EDGE_LOOP('',(#1459));
#1459 = ORIENTED_EDGE('',*,*,#659,.F.);
#1460 = FACE_BOUND('',#1461,.T.);
#1461 = EDGE_LOOP('',(#1462));
#1462 = ORIENTED_EDGE('',*,*,#609,.F.);
#1463 = FACE_BOUND('',#1464,.T.);
#1464 = EDGE_LOOP('',(#1465));
#1465 = ORIENTED_EDGE('',*,*,#709,.F.);
#1466 = FACE_BOUND('',#1467,.T.);
#1467 = EDGE_LOOP('',(#1468));
#1468 = ORIENTED_EDGE('',*,*,#759,.F.);
#1469 = FACE_BOUND('',#1470,.T.);
#1470 = EDGE_LOOP('',(#1471));
#1471 = ORIENTED_EDGE('',*,*,#1214,.F.);
#1472 = FACE_BOUND('',#1473,.T.);
#1473 = EDGE_LOOP('',(#1474));
#1474 = ORIENTED_EDGE('',*,*,#1314,.F.);
#1475 = FACE_BOUND('',#1476,.T.);
#1476 = EDGE_LOOP('',(#1477));
#1477 = ORIENTED_EDGE('',*,*,#1364,.F.);
#1478 = FACE_BOUND('',#1479,.T.);
#1479 = EDGE_LOOP('',(#1480));
#1480 = ORIENTED_EDGE('',*,*,#1264,.F.);
#1481 = FACE_BOUND('',#1482,.T.);
#1482 = EDGE_LOOP('',(#1483));
#1483 = ORIENTED_EDGE('',*,*,#1064,.F.);
#1484 = FACE_BOUND('',#1485,.T.);
#1485 = EDGE_LOOP('',(#1486));
#1486 = ORIENTED_EDGE('',*,*,#1164,.F.);
#1487 = FACE_BOUND('',#1488,.T.);
#1488 = EDGE_LOOP('',(#1489));
#1489 = ORIENTED_EDGE('',*,*,#1114,.F.);
#1490 = ADVANCED_FACE('',(#1491,#1522,#1553,#1584,#1615,#1646,#1649,
    #1680,#1711,#1742,#1773,#1804,#1835,#1866,#1897,#1928,#1959),#976,
  .T.);
#1491 = FACE_BOUND('',#1492,.T.);
#1492 = EDGE_LOOP('',(#1493));
#1493 = ORIENTED_EDGE('',*,*,#1494,.T.);
#1494 = EDGE_CURVE('',#1495,#1495,#1497,.T.);
#1495 = VERTEX_POINT('',#1496);
#1496 = CARTESIAN_POINT('',(172.70356586536,99.463859909659,0.));
#1497 = SURFACE_CURVE('',#1498,(#1503,#1510),.PCURVE_S1.);
#1498 = CIRCLE('',#1499,99.463859909659);
#1499 = AXIS2_PLACEMENT_3D('',#1500,#1501,#1502);
#1500 = CARTESIAN_POINT('',(172.70356586536,0.,0.));
#1501 = DIRECTION('',(1.,0.,0.));
#1502 = DIRECTION('',(-0.,1.,0.));
#1503 = PCURVE('',#976,#1504);
#1504 = DEFINITIONAL_REPRESENTATION('',(#1505),#1509);
#1505 = CIRCLE('',#1506,99.463859909659);
#1506 = AXIS2_PLACEMENT_2D('',#1507,#1508);
#1507 = CARTESIAN_POINT('',(0.,0.));
#1508 = DIRECTION('',(1.,0.));
#1509 = ( GEOMETRIC_REPRESENTATION_CONTEXT(2) 
PARAMETRIC_REPRESENTATION_CONTEXT() REPRESENTATION_CONTEXT('2D SPACE',''
  ) );
#1510 = PCURVE('',#1511,#1516);
#1511 = CYLINDRICAL_SURFACE('',#1512,99.463859909659);
#1512 = AXIS2_PLACEMENT_3D('',#1513,#1514,#1515);
#1513 = CARTESIAN_POINT('',(169.70356586536,0.,0.));
#1514 = DIRECTION('',(1.,0.,0.));
#1515 = DIRECTION('',(-0.,1.,0.));
#1516 = DEFINITIONAL_REPRESENTATION('',(#1517),#1521);
#1517 = LINE('',#1518,#1519);
#1518 = CARTESIAN_POINT('',(0.,3.));
#1519 = VECTOR('',#1520,1.);
#1520 = DIRECTION('',(1.,0.));
#1521 = ( GEOMETRIC_REPRESENTATION_CONTEXT(2) 
PARAMETRIC_REPRESENTATION_CONTEXT() REPRESENTATION_CONTEXT('2D SPACE',''
  ) );
#1522 = FACE_BOUND('',#1523,.T.);
#1523 = EDGE_LOOP('',(#1524));
#1524 = ORIENTED_EDGE('',*,*,#1525,.F.);
#1525 = EDGE_CURVE('',#1526,#1526,#1528,.T.);
#1526 = VERTEX_POINT('',#1527);
#1527 = CARTESIAN_POINT('',(172.70356586536,-48.03192995482,
    -81.89374306735));
#1528 = SURFACE_CURVE('',#1529,(#1534,#1541),.PCURVE_S1.);
#1529 = CIRCLE('',#1530,1.3);
#1530 = AXIS2_PLACEMENT_3D('',#1531,#1532,#1533);
#1531 = CARTESIAN_POINT('',(172.70356586536,-48.03192995482,
    -83.19374306735));
#1532 = DIRECTION('',(1.,0.,0.));
#1533 = DIRECTION('',(-0.,0.,1.));
#1534 = PCURVE('',#976,#1535);
#1535 = DEFINITIONAL_REPRESENTATION('',(#1536),#1540);
#1536 = CIRCLE('',#1537,1.3);
#1537 = AXIS2_PLACEMENT_2D('',#1538,#1539);
#1538 = CARTESIAN_POINT('',(-48.03192995482,-83.19374306735));
#1539 = DIRECTION('',(0.,1.));
#1540 = ( GEOMETRIC_REPRESENTATION_CONTEXT(2) 
PARAMETRIC_REPRESENTATION_CONTEXT() REPRESENTATION_CONTEXT('2D SPACE',''
  ) );
#1541 = PCURVE('',#1542,#1547);
#1542 = CYLINDRICAL_SURFACE('',#1543,1.3);
#1543 = AXIS2_PLACEMENT_3D('',#1544,#1545,#1546);
#1544 = CARTESIAN_POINT('',(168.70356586536,-48.03192995482,
    -83.19374306735));
#1545 = DIRECTION('',(1.,0.,0.));
#1546 = DIRECTION('',(-0.,0.,1.));
#1547 = DEFINITIONAL_REPRESENTATION('',(#1548),#1552);
#1548 = LINE('',#1549,#1550);
#1549 = CARTESIAN_POINT('',(0.,4.));
#1550 = VECTOR('',#1551,1.);
#1551 = DIRECTION('',(1.,0.));
#1552 = ( GEOMETRIC_REPRESENTATION_CONTEXT(2) 
PARAMETRIC_REPRESENTATION_CONTEXT() REPRESENTATION_CONTEXT('2D SPACE',''
  ) );
#1553 = FACE_BOUND('',#1554,.T.);
#1554 = EDGE_LOOP('',(#1555));
#1555 = ORIENTED_EDGE('',*,*,#1556,.F.);
#1556 = EDGE_CURVE('',#1557,#1557,#1559,.T.);
#1557 = VERTEX_POINT('',#1558);
#1558 = CARTESIAN_POINT('',(172.70356586536,-77.71729521216,
    -55.16492013318));
#1559 = SURFACE_CURVE('',#1560,(#1565,#1572),.PCURVE_S1.);
#1560 = CIRCLE('',#1561,1.3);
#1561 = AXIS2_PLACEMENT_3D('',#1562,#1563,#1564);
#1562 = CARTESIAN_POINT('',(172.70356586536,-77.71729521216,
    -56.46492013318));
#1563 = DIRECTION('',(1.,0.,0.));
#1564 = DIRECTION('',(-0.,0.,1.));
#1565 = PCURVE('',#976,#1566);
#1566 = DEFINITIONAL_REPRESENTATION('',(#1567),#1571);
#1567 = CIRCLE('',#1568,1.3);
#1568 = AXIS2_PLACEMENT_2D('',#1569,#1570);
#1569 = CARTESIAN_POINT('',(-77.71729521216,-56.46492013318));
#1570 = DIRECTION('',(0.,1.));
#1571 = ( GEOMETRIC_REPRESENTATION_CONTEXT(2) 
PARAMETRIC_REPRESENTATION_CONTEXT() REPRESENTATION_CONTEXT('2D SPACE',''
  ) );
#1572 = PCURVE('',#1573,#1578);
#1573 = CYLINDRICAL_SURFACE('',#1574,1.3);
#1574 = AXIS2_PLACEMENT_3D('',#1575,#1576,#1577);
#1575 = CARTESIAN_POINT('',(168.70356586536,-77.71729521216,
    -56.46492013318));
#1576 = DIRECTION('',(1.,0.,0.));
#1577 = DIRECTION('',(-0.,0.,1.));
#1578 = DEFINITIONAL_REPRESENTATION('',(#1579),#1583);
#1579 = LINE('',#1580,#1581);
#1580 = CARTESIAN_POINT('',(0.,4.));
#1581 = VECTOR('',#1582,1.);
#1582 = DIRECTION('',(1.,0.));
#1583 = ( GEOMETRIC_REPRESENTATION_CONTEXT(2) 
PARAMETRIC_REPRESENTATION_CONTEXT() REPRESENTATION_CONTEXT('2D SPACE',''
  ) );
#1584 = FACE_BOUND('',#1585,.T.);
#1585 = EDGE_LOOP('',(#1586));
#1586 = ORIENTED_EDGE('',*,*,#1587,.F.);
#1587 = EDGE_CURVE('',#1588,#1588,#1590,.T.);
#1588 = VERTEX_POINT('',#1589);
#1589 = CARTESIAN_POINT('',(172.70356586536,-10.04140765191,
    -94.23761203374));
#1590 = SURFACE_CURVE('',#1591,(#1596,#1603),.PCURVE_S1.);
#1591 = CIRCLE('',#1592,1.3);
#1592 = AXIS2_PLACEMENT_3D('',#1593,#1594,#1595);
#1593 = CARTESIAN_POINT('',(172.70356586536,-10.04140765191,
    -95.53761203374));
#1594 = DIRECTION('',(1.,0.,0.));
#1595 = DIRECTION('',(-0.,0.,1.));
#1596 = PCURVE('',#976,#1597);
#1597 = DEFINITIONAL_REPRESENTATION('',(#1598),#1602);
#1598 = CIRCLE('',#1599,1.3);
#1599 = AXIS2_PLACEMENT_2D('',#1600,#1601);
#1600 = CARTESIAN_POINT('',(-10.04140765191,-95.53761203374));
#1601 = DIRECTION('',(0.,1.));
#1602 = ( GEOMETRIC_REPRESENTATION_CONTEXT(2) 
PARAMETRIC_REPRESENTATION_CONTEXT() REPRESENTATION_CONTEXT('2D SPACE',''
  ) );
#1603 = PCURVE('',#1604,#1609);
#1604 = CYLINDRICAL_SURFACE('',#1605,1.3);
#1605 = AXIS2_PLACEMENT_3D('',#1606,#1607,#1608);
#1606 = CARTESIAN_POINT('',(168.70356586536,-10.04140765191,
    -95.53761203374));
#1607 = DIRECTION('',(1.,0.,0.));
#1608 = DIRECTION('',(-0.,0.,1.));
#1609 = DEFINITIONAL_REPRESENTATION('',(#1610),#1614);
#1610 = LINE('',#1611,#1612);
#1611 = CARTESIAN_POINT('',(0.,4.));
#1612 = VECTOR('',#1613,1.);
#1613 = DIRECTION('',(1.,0.));
#1614 = ( GEOMETRIC_REPRESENTATION_CONTEXT(2) 
PARAMETRIC_REPRESENTATION_CONTEXT() REPRESENTATION_CONTEXT('2D SPACE',''
  ) );
#1615 = FACE_BOUND('',#1616,.T.);
#1616 = EDGE_LOOP('',(#1617));
#1617 = ORIENTED_EDGE('',*,*,#1618,.F.);
#1618 = EDGE_CURVE('',#1619,#1619,#1621,.T.);
#1619 = VERTEX_POINT('',#1620);
#1620 = CARTESIAN_POINT('',(172.70356586536,-93.96463408786,
    -18.67279954029));
#1621 = SURFACE_CURVE('',#1622,(#1627,#1634),.PCURVE_S1.);
#1622 = CIRCLE('',#1623,1.3);
#1623 = AXIS2_PLACEMENT_3D('',#1624,#1625,#1626);
#1624 = CARTESIAN_POINT('',(172.70356586536,-93.96463408786,
    -19.97279954029));
#1625 = DIRECTION('',(1.,0.,0.));
#1626 = DIRECTION('',(-0.,0.,1.));
#1627 = PCURVE('',#976,#1628);
#1628 = DEFINITIONAL_REPRESENTATION('',(#1629),#1633);
#1629 = CIRCLE('',#1630,1.3);
#1630 = AXIS2_PLACEMENT_2D('',#1631,#1632);
#1631 = CARTESIAN_POINT('',(-93.96463408786,-19.97279954029));
#1632 = DIRECTION('',(0.,1.));
#1633 = ( GEOMETRIC_REPRESENTATION_CONTEXT(2) 
PARAMETRIC_REPRESENTATION_CONTEXT() REPRESENTATION_CONTEXT('2D SPACE',''
  ) );
#1634 = PCURVE('',#1635,#1640);
#1635 = CYLINDRICAL_SURFACE('',#1636,1.3);
#1636 = AXIS2_PLACEMENT_3D('',#1637,#1638,#1639);
#1637 = CARTESIAN_POINT('',(168.70356586536,-93.96463408786,
    -19.97279954029));
#1638 = DIRECTION('',(1.,0.,0.));
#1639 = DIRECTION('',(-0.,0.,1.));
#1640 = DEFINITIONAL_REPRESENTATION('',(#1641),#1645);
#1641 = LINE('',#1642,#1643);
#1642 = CARTESIAN_POINT('',(0.,4.));
#1643 = VECTOR('',#1644,1.);
#1644 = DIRECTION('',(1.,0.));
#1645 = ( GEOMETRIC_REPRESENTATION_CONTEXT(2) 
PARAMETRIC_REPRESENTATION_CONTEXT() REPRESENTATION_CONTEXT('2D SPACE',''
  ) );
#1646 = FACE_BOUND('',#1647,.T.);
#1647 = EDGE_LOOP('',(#1648));
#1648 = ORIENTED_EDGE('',*,*,#959,.F.);
#1649 = FACE_BOUND('',#1650,.T.);
#1650 = EDGE_LOOP('',(#1651));
#1651 = ORIENTED_EDGE('',*,*,#1652,.F.);
#1652 = EDGE_CURVE('',#1653,#1653,#1655,.T.);
#1653 = VERTEX_POINT('',#1654);
#1654 = CARTESIAN_POINT('',(172.70356586536,29.685365257339,
    -90.06215994754));
#1655 = SURFACE_CURVE('',#1656,(#1661,#1668),.PCURVE_S1.);
#1656 = CIRCLE('',#1657,1.3);
#1657 = AXIS2_PLACEMENT_3D('',#1658,#1659,#1660);
#1658 = CARTESIAN_POINT('',(172.70356586536,29.685365257339,
    -91.36215994754));
#1659 = DIRECTION('',(1.,0.,0.));
#1660 = DIRECTION('',(-0.,0.,1.));
#1661 = PCURVE('',#976,#1662);
#1662 = DEFINITIONAL_REPRESENTATION('',(#1663),#1667);
#1663 = CIRCLE('',#1664,1.3);
#1664 = AXIS2_PLACEMENT_2D('',#1665,#1666);
#1665 = CARTESIAN_POINT('',(29.685365257339,-91.36215994754));
#1666 = DIRECTION('',(0.,1.));
#1667 = ( GEOMETRIC_REPRESENTATION_CONTEXT(2) 
PARAMETRIC_REPRESENTATION_CONTEXT() REPRESENTATION_CONTEXT('2D SPACE',''
  ) );
#1668 = PCURVE('',#1669,#1674);
#1669 = CYLINDRICAL_SURFACE('',#1670,1.3);
#1670 = AXIS2_PLACEMENT_3D('',#1671,#1672,#1673);
#1671 = CARTESIAN_POINT('',(168.70356586536,29.685365257339,
    -91.36215994754));
#1672 = DIRECTION('',(1.,0.,0.));
#1673 = DIRECTION('',(-0.,0.,1.));
#1674 = DEFINITIONAL_REPRESENTATION('',(#1675),#1679);
#1675 = LINE('',#1676,#1677);
#1676 = CARTESIAN_POINT('',(0.,4.));
#1677 = VECTOR('',#1678,1.);
#1678 = DIRECTION('',(1.,0.));
#1679 = ( GEOMETRIC_REPRESENTATION_CONTEXT(2) 
PARAMETRIC_REPRESENTATION_CONTEXT() REPRESENTATION_CONTEXT('2D SPACE',''
  ) );
#1680 = FACE_BOUND('',#1681,.T.);
#1681 = EDGE_LOOP('',(#1682));
#1682 = ORIENTED_EDGE('',*,*,#1683,.F.);
#1683 = EDGE_CURVE('',#1684,#1684,#1686,.T.);
#1684 = VERTEX_POINT('',#1685);
#1685 = CARTESIAN_POINT('',(172.70356586536,64.279268830522,
    -70.08936040724));
#1686 = SURFACE_CURVE('',#1687,(#1692,#1699),.PCURVE_S1.);
#1687 = CIRCLE('',#1688,1.3);
#1688 = AXIS2_PLACEMENT_3D('',#1689,#1690,#1691);
#1689 = CARTESIAN_POINT('',(172.70356586536,64.279268830522,
    -71.38936040724));
#1690 = DIRECTION('',(1.,0.,0.));
#1691 = DIRECTION('',(-0.,0.,1.));
#1692 = PCURVE('',#976,#1693);
#1693 = DEFINITIONAL_REPRESENTATION('',(#1694),#1698);
#1694 = CIRCLE('',#1695,1.3);
#1695 = AXIS2_PLACEMENT_2D('',#1696,#1697);
#1696 = CARTESIAN_POINT('',(64.279268830522,-71.38936040724));
#1697 = DIRECTION('',(0.,1.));
#1698 = ( GEOMETRIC_REPRESENTATION_CONTEXT(2) 
PARAMETRIC_REPRESENTATION_CONTEXT() REPRESENTATION_CONTEXT('2D SPACE',''
  ) );
#1699 = PCURVE('',#1700,#1705);
#1700 = CYLINDRICAL_SURFACE('',#1701,1.3);
#1701 = AXIS2_PLACEMENT_3D('',#1702,#1703,#1704);
#1702 = CARTESIAN_POINT('',(168.70356586536,64.279268830522,
    -71.38936040724));
#1703 = DIRECTION('',(1.,0.,0.));
#1704 = DIRECTION('',(-0.,0.,1.));
#1705 = DEFINITIONAL_REPRESENTATION('',(#1706),#1710);
#1706 = LINE('',#1707,#1708);
#1707 = CARTESIAN_POINT('',(0.,4.));
#1708 = VECTOR('',#1709,1.);
#1709 = DIRECTION('',(1.,0.));
#1710 = ( GEOMETRIC_REPRESENTATION_CONTEXT(2) 
PARAMETRIC_REPRESENTATION_CONTEXT() REPRESENTATION_CONTEXT('2D SPACE',''
  ) );
#1711 = FACE_BOUND('',#1712,.T.);
#1712 = EDGE_LOOP('',(#1713));
#1713 = ORIENTED_EDGE('',*,*,#1714,.F.);
#1714 = EDGE_CURVE('',#1715,#1715,#1717,.T.);
#1715 = VERTEX_POINT('',#1716);
#1716 = CARTESIAN_POINT('',(172.70356586536,87.758702864084,
    -37.77269190055));
#1717 = SURFACE_CURVE('',#1718,(#1723,#1730),.PCURVE_S1.);
#1718 = CIRCLE('',#1719,1.3);
#1719 = AXIS2_PLACEMENT_3D('',#1720,#1721,#1722);
#1720 = CARTESIAN_POINT('',(172.70356586536,87.758702864084,
    -39.07269190055));
#1721 = DIRECTION('',(1.,0.,0.));
#1722 = DIRECTION('',(-0.,0.,1.));
#1723 = PCURVE('',#976,#1724);
#1724 = DEFINITIONAL_REPRESENTATION('',(#1725),#1729);
#1725 = CIRCLE('',#1726,1.3);
#1726 = AXIS2_PLACEMENT_2D('',#1727,#1728);
#1727 = CARTESIAN_POINT('',(87.758702864084,-39.07269190055));
#1728 = DIRECTION('',(0.,1.));
#1729 = ( GEOMETRIC_REPRESENTATION_CONTEXT(2) 
PARAMETRIC_REPRESENTATION_CONTEXT() REPRESENTATION_CONTEXT('2D SPACE',''
  ) );
#1730 = PCURVE('',#1731,#1736);
#1731 = CYLINDRICAL_SURFACE('',#1732,1.3);
#1732 = AXIS2_PLACEMENT_3D('',#1733,#1734,#1735);
#1733 = CARTESIAN_POINT('',(168.70356586536,87.758702864084,
    -39.07269190055));
#1734 = DIRECTION('',(1.,0.,0.));
#1735 = DIRECTION('',(-0.,0.,1.));
#1736 = DEFINITIONAL_REPRESENTATION('',(#1737),#1741);
#1737 = LINE('',#1738,#1739);
#1738 = CARTESIAN_POINT('',(0.,4.));
#1739 = VECTOR('',#1740,1.);
#1740 = DIRECTION('',(1.,0.));
#1741 = ( GEOMETRIC_REPRESENTATION_CONTEXT(2) 
PARAMETRIC_REPRESENTATION_CONTEXT() REPRESENTATION_CONTEXT('2D SPACE',''
  ) );
#1742 = FACE_BOUND('',#1743,.T.);
#1743 = EDGE_LOOP('',(#1744));
#1744 = ORIENTED_EDGE('',*,*,#1745,.F.);
#1745 = EDGE_CURVE('',#1746,#1746,#1748,.T.);
#1746 = VERTEX_POINT('',#1747);
#1747 = CARTESIAN_POINT('',(172.70356586536,96.063859909659,1.3));
#1748 = SURFACE_CURVE('',#1749,(#1754,#1761),.PCURVE_S1.);
#1749 = CIRCLE('',#1750,1.3);
#1750 = AXIS2_PLACEMENT_3D('',#1751,#1752,#1753);
#1751 = CARTESIAN_POINT('',(172.70356586536,96.063859909659,0.));
#1752 = DIRECTION('',(1.,0.,0.));
#1753 = DIRECTION('',(-0.,0.,1.));
#1754 = PCURVE('',#976,#1755);
#1755 = DEFINITIONAL_REPRESENTATION('',(#1756),#1760);
#1756 = CIRCLE('',#1757,1.3);
#1757 = AXIS2_PLACEMENT_2D('',#1758,#1759);
#1758 = CARTESIAN_POINT('',(96.063859909659,0.));
#1759 = DIRECTION('',(0.,1.));
#1760 = ( GEOMETRIC_REPRESENTATION_CONTEXT(2) 
PARAMETRIC_REPRESENTATION_CONTEXT() REPRESENTATION_CONTEXT('2D SPACE',''
  ) );
#1761 = PCURVE('',#1762,#1767);
#1762 = CYLINDRICAL_SURFACE('',#1763,1.3);
#1763 = AXIS2_PLACEMENT_3D('',#1764,#1765,#1766);
#1764 = CARTESIAN_POINT('',(168.70356586536,96.063859909659,0.));
#1765 = DIRECTION('',(1.,0.,0.));
#1766 = DIRECTION('',(-0.,0.,1.));
#1767 = DEFINITIONAL_REPRESENTATION('',(#1768),#1772);
#1768 = LINE('',#1769,#1770);
#1769 = CARTESIAN_POINT('',(0.,4.));
#1770 = VECTOR('',#1771,1.);
#1771 = DIRECTION('',(1.,0.));
#1772 = ( GEOMETRIC_REPRESENTATION_CONTEXT(2) 
PARAMETRIC_REPRESENTATION_CONTEXT() REPRESENTATION_CONTEXT('2D SPACE',''
  ) );
#1773 = FACE_BOUND('',#1774,.T.);
#1774 = EDGE_LOOP('',(#1775));
#1775 = ORIENTED_EDGE('',*,*,#1776,.F.);
#1776 = EDGE_CURVE('',#1777,#1777,#1779,.T.);
#1777 = VERTEX_POINT('',#1778);
#1778 = CARTESIAN_POINT('',(172.70356586536,-93.96463408786,
    21.272799540297));
#1779 = SURFACE_CURVE('',#1780,(#1785,#1792),.PCURVE_S1.);
#1780 = CIRCLE('',#1781,1.3);
#1781 = AXIS2_PLACEMENT_3D('',#1782,#1783,#1784);
#1782 = CARTESIAN_POINT('',(172.70356586536,-93.96463408786,
    19.972799540297));
#1783 = DIRECTION('',(1.,0.,0.));
#1784 = DIRECTION('',(-0.,0.,1.));
#1785 = PCURVE('',#976,#1786);
#1786 = DEFINITIONAL_REPRESENTATION('',(#1787),#1791);
#1787 = CIRCLE('',#1788,1.3);
#1788 = AXIS2_PLACEMENT_2D('',#1789,#1790);
#1789 = CARTESIAN_POINT('',(-93.96463408786,19.972799540297));
#1790 = DIRECTION('',(0.,1.));
#1791 = ( GEOMETRIC_REPRESENTATION_CONTEXT(2) 
PARAMETRIC_REPRESENTATION_CONTEXT() REPRESENTATION_CONTEXT('2D SPACE',''
  ) );
#1792 = PCURVE('',#1793,#1798);
#1793 = CYLINDRICAL_SURFACE('',#1794,1.3);
#1794 = AXIS2_PLACEMENT_3D('',#1795,#1796,#1797);
#1795 = CARTESIAN_POINT('',(168.70356586536,-93.96463408786,
    19.972799540297));
#1796 = DIRECTION('',(1.,0.,0.));
#1797 = DIRECTION('',(-0.,0.,1.));
#1798 = DEFINITIONAL_REPRESENTATION('',(#1799),#1803);
#1799 = LINE('',#1800,#1801);
#1800 = CARTESIAN_POINT('',(0.,4.));
#1801 = VECTOR('',#1802,1.);
#1802 = DIRECTION('',(1.,0.));
#1803 = ( GEOMETRIC_REPRESENTATION_CONTEXT(2) 
PARAMETRIC_REPRESENTATION_CONTEXT() REPRESENTATION_CONTEXT('2D SPACE',''
  ) );
#1804 = FACE_BOUND('',#1805,.T.);
#1805 = EDGE_LOOP('',(#1806));
#1806 = ORIENTED_EDGE('',*,*,#1807,.F.);
#1807 = EDGE_CURVE('',#1808,#1808,#1810,.T.);
#1808 = VERTEX_POINT('',#1809);
#1809 = CARTESIAN_POINT('',(172.70356586536,-77.71729521216,
    57.764920133187));
#1810 = SURFACE_CURVE('',#1811,(#1816,#1823),.PCURVE_S1.);
#1811 = CIRCLE('',#1812,1.3);
#1812 = AXIS2_PLACEMENT_3D('',#1813,#1814,#1815);
#1813 = CARTESIAN_POINT('',(172.70356586536,-77.71729521216,
    56.464920133187));
#1814 = DIRECTION('',(1.,0.,0.));
#1815 = DIRECTION('',(-0.,0.,1.));
#1816 = PCURVE('',#976,#1817);
#1817 = DEFINITIONAL_REPRESENTATION('',(#1818),#1822);
#1818 = CIRCLE('',#1819,1.3);
#1819 = AXIS2_PLACEMENT_2D('',#1820,#1821);
#1820 = CARTESIAN_POINT('',(-77.71729521216,56.464920133187));
#1821 = DIRECTION('',(0.,1.));
#1822 = ( GEOMETRIC_REPRESENTATION_CONTEXT(2) 
PARAMETRIC_REPRESENTATION_CONTEXT() REPRESENTATION_CONTEXT('2D SPACE',''
  ) );
#1823 = PCURVE('',#1824,#1829);
#1824 = CYLINDRICAL_SURFACE('',#1825,1.3);
#1825 = AXIS2_PLACEMENT_3D('',#1826,#1827,#1828);
#1826 = CARTESIAN_POINT('',(168.70356586536,-77.71729521216,
    56.464920133187));
#1827 = DIRECTION('',(1.,0.,0.));
#1828 = DIRECTION('',(-0.,0.,1.));
#1829 = DEFINITIONAL_REPRESENTATION('',(#1830),#1834);
#1830 = LINE('',#1831,#1832);
#1831 = CARTESIAN_POINT('',(0.,4.));
#1832 = VECTOR('',#1833,1.);
#1833 = DIRECTION('',(1.,0.));
#1834 = ( GEOMETRIC_REPRESENTATION_CONTEXT(2) 
PARAMETRIC_REPRESENTATION_CONTEXT() REPRESENTATION_CONTEXT('2D SPACE',''
  ) );
#1835 = FACE_BOUND('',#1836,.T.);
#1836 = EDGE_LOOP('',(#1837));
#1837 = ORIENTED_EDGE('',*,*,#1838,.F.);
#1838 = EDGE_CURVE('',#1839,#1839,#1841,.T.);
#1839 = VERTEX_POINT('',#1840);
#1840 = CARTESIAN_POINT('',(172.70356586536,-48.03192995482,
    84.493743067354));
#1841 = SURFACE_CURVE('',#1842,(#1847,#1854),.PCURVE_S1.);
#1842 = CIRCLE('',#1843,1.3);
#1843 = AXIS2_PLACEMENT_3D('',#1844,#1845,#1846);
#1844 = CARTESIAN_POINT('',(172.70356586536,-48.03192995482,
    83.193743067354));
#1845 = DIRECTION('',(1.,0.,0.));
#1846 = DIRECTION('',(-0.,0.,1.));
#1847 = PCURVE('',#976,#1848);
#1848 = DEFINITIONAL_REPRESENTATION('',(#1849),#1853);
#1849 = CIRCLE('',#1850,1.3);
#1850 = AXIS2_PLACEMENT_2D('',#1851,#1852);
#1851 = CARTESIAN_POINT('',(-48.03192995482,83.193743067354));
#1852 = DIRECTION('',(0.,1.));
#1853 = ( GEOMETRIC_REPRESENTATION_CONTEXT(2) 
PARAMETRIC_REPRESENTATION_CONTEXT() REPRESENTATION_CONTEXT('2D SPACE',''
  ) );
#1854 = PCURVE('',#1855,#1860);
#1855 = CYLINDRICAL_SURFACE('',#1856,1.3);
#1856 = AXIS2_PLACEMENT_3D('',#1857,#1858,#1859);
#1857 = CARTESIAN_POINT('',(168.70356586536,-48.03192995482,
    83.193743067354));
#1858 = DIRECTION('',(1.,0.,0.));
#1859 = DIRECTION('',(-0.,0.,1.));
#1860 = DEFINITIONAL_REPRESENTATION('',(#1861),#1865);
#1861 = LINE('',#1862,#1863);
#1862 = CARTESIAN_POINT('',(0.,4.));
#1863 = VECTOR('',#1864,1.);
#1864 = DIRECTION('',(1.,0.));
#1865 = ( GEOMETRIC_REPRESENTATION_CONTEXT(2) 
PARAMETRIC_REPRESENTATION_CONTEXT() REPRESENTATION_CONTEXT('2D SPACE',''
  ) );
#1866 = FACE_BOUND('',#1867,.T.);
#1867 = EDGE_LOOP('',(#1868));
#1868 = ORIENTED_EDGE('',*,*,#1869,.F.);
#1869 = EDGE_CURVE('',#1870,#1870,#1872,.T.);
#1870 = VERTEX_POINT('',#1871);
#1871 = CARTESIAN_POINT('',(172.70356586536,-10.04140765191,
    96.837612033746));
#1872 = SURFACE_CURVE('',#1873,(#1878,#1885),.PCURVE_S1.);
#1873 = CIRCLE('',#1874,1.3);
#1874 = AXIS2_PLACEMENT_3D('',#1875,#1876,#1877);
#1875 = CARTESIAN_POINT('',(172.70356586536,-10.04140765191,
    95.537612033746));
#1876 = DIRECTION('',(1.,0.,0.));
#1877 = DIRECTION('',(-0.,0.,1.));
#1878 = PCURVE('',#976,#1879);
#1879 = DEFINITIONAL_REPRESENTATION('',(#1880),#1884);
#1880 = CIRCLE('',#1881,1.3);
#1881 = AXIS2_PLACEMENT_2D('',#1882,#1883);
#1882 = CARTESIAN_POINT('',(-10.04140765191,95.537612033746));
#1883 = DIRECTION('',(0.,1.));
#1884 = ( GEOMETRIC_REPRESENTATION_CONTEXT(2) 
PARAMETRIC_REPRESENTATION_CONTEXT() REPRESENTATION_CONTEXT('2D SPACE',''
  ) );
#1885 = PCURVE('',#1886,#1891);
#1886 = CYLINDRICAL_SURFACE('',#1887,1.3);
#1887 = AXIS2_PLACEMENT_3D('',#1888,#1889,#1890);
#1888 = CARTESIAN_POINT('',(168.70356586536,-10.04140765191,
    95.537612033746));
#1889 = DIRECTION('',(1.,0.,0.));
#1890 = DIRECTION('',(-0.,0.,1.));
#1891 = DEFINITIONAL_REPRESENTATION('',(#1892),#1896);
#1892 = LINE('',#1893,#1894);
#1893 = CARTESIAN_POINT('',(0.,4.));
#1894 = VECTOR('',#1895,1.);
#1895 = DIRECTION('',(1.,0.));
#1896 = ( GEOMETRIC_REPRESENTATION_CONTEXT(2) 
PARAMETRIC_REPRESENTATION_CONTEXT() REPRESENTATION_CONTEXT('2D SPACE',''
  ) );
#1897 = FACE_BOUND('',#1898,.T.);
#1898 = EDGE_LOOP('',(#1899));
#1899 = ORIENTED_EDGE('',*,*,#1900,.F.);
#1900 = EDGE_CURVE('',#1901,#1901,#1903,.T.);
#1901 = VERTEX_POINT('',#1902);
#1902 = CARTESIAN_POINT('',(172.70356586536,87.758702864084,
    40.372691900558));
#1903 = SURFACE_CURVE('',#1904,(#1909,#1916),.PCURVE_S1.);
#1904 = CIRCLE('',#1905,1.3);
#1905 = AXIS2_PLACEMENT_3D('',#1906,#1907,#1908);
#1906 = CARTESIAN_POINT('',(172.70356586536,87.758702864084,
    39.072691900558));
#1907 = DIRECTION('',(1.,0.,0.));
#1908 = DIRECTION('',(-0.,0.,1.));
#1909 = PCURVE('',#976,#1910);
#1910 = DEFINITIONAL_REPRESENTATION('',(#1911),#1915);
#1911 = CIRCLE('',#1912,1.3);
#1912 = AXIS2_PLACEMENT_2D('',#1913,#1914);
#1913 = CARTESIAN_POINT('',(87.758702864084,39.072691900558));
#1914 = DIRECTION('',(0.,1.));
#1915 = ( GEOMETRIC_REPRESENTATION_CONTEXT(2) 
PARAMETRIC_REPRESENTATION_CONTEXT() REPRESENTATION_CONTEXT('2D SPACE',''
  ) );
#1916 = PCURVE('',#1917,#1922);
#1917 = CYLINDRICAL_SURFACE('',#1918,1.3);
#1918 = AXIS2_PLACEMENT_3D('',#1919,#1920,#1921);
#1919 = CARTESIAN_POINT('',(168.70356586536,87.758702864084,
    39.072691900558));
#1920 = DIRECTION('',(1.,0.,0.));
#1921 = DIRECTION('',(-0.,0.,1.));
#1922 = DEFINITIONAL_REPRESENTATION('',(#1923),#1927);
#1923 = LINE('',#1924,#1925);
#1924 = CARTESIAN_POINT('',(0.,4.));
#1925 = VECTOR('',#1926,1.);
#1926 = DIRECTION('',(1.,0.));
#1927 = ( GEOMETRIC_REPRESENTATION_CONTEXT(2) 
PARAMETRIC_REPRESENTATION_CONTEXT() REPRESENTATION_CONTEXT('2D SPACE',''
  ) );
#1928 = FACE_BOUND('',#1929,.T.);
#1929 = EDGE_LOOP('',(#1930));
#1930 = ORIENTED_EDGE('',*,*,#1931,.F.);
#1931 = EDGE_CURVE('',#1932,#1932,#1934,.T.);
#1932 = VERTEX_POINT('',#1933);
#1933 = CARTESIAN_POINT('',(172.70356586536,29.685365257339,
    92.662159947546));
#1934 = SURFACE_CURVE('',#1935,(#1940,#1947),.PCURVE_S1.);
#1935 = CIRCLE('',#1936,1.3);
#1936 = AXIS2_PLACEMENT_3D('',#1937,#1938,#1939);
#1937 = CARTESIAN_POINT('',(172.70356586536,29.685365257339,
    91.362159947546));
#1938 = DIRECTION('',(1.,0.,0.));
#1939 = DIRECTION('',(-0.,0.,1.));
#1940 = PCURVE('',#976,#1941);
#1941 = DEFINITIONAL_REPRESENTATION('',(#1942),#1946);
#1942 = CIRCLE('',#1943,1.3);
#1943 = AXIS2_PLACEMENT_2D('',#1944,#1945);
#1944 = CARTESIAN_POINT('',(29.685365257339,91.362159947546));
#1945 = DIRECTION('',(0.,1.));
#1946 = ( GEOMETRIC_REPRESENTATION_CONTEXT(2) 
PARAMETRIC_REPRESENTATION_CONTEXT() REPRESENTATION_CONTEXT('2D SPACE',''
  ) );
#1947 = PCURVE('',#1948,#1953);
#1948 = CYLINDRICAL_SURFACE('',#1949,1.3);
#1949 = AXIS2_PLACEMENT_3D('',#1950,#1951,#1952);
#1950 = CARTESIAN_POINT('',(168.70356586536,29.685365257339,
    91.362159947546));
#1951 = DIRECTION('',(1.,0.,0.));
#1952 = DIRECTION('',(-0.,0.,1.));
#1953 = DEFINITIONAL_REPRESENTATION('',(#1954),#1958);
#1954 = LINE('',#1955,#1956);
#1955 = CARTESIAN_POINT('',(0.,4.));
#1956 = VECTOR('',#1957,1.);
#1957 = DIRECTION('',(1.,0.));
#1958 = ( GEOMETRIC_REPRESENTATION_CONTEXT(2) 
PARAMETRIC_REPRESENTATION_CONTEXT() REPRESENTATION_CONTEXT('2D SPACE',''
  ) );
#1959 = FACE_BOUND('',#1960,.T.);
#1960 = EDGE_LOOP('',(#1961));
#1961 = ORIENTED_EDGE('',*,*,#1962,.F.);
#1962 = EDGE_CURVE('',#1963,#1963,#1965,.T.);
#1963 = VERTEX_POINT('',#1964);
#1964 = CARTESIAN_POINT('',(172.70356586536,64.279268830522,
    72.689360407248));
#1965 = SURFACE_CURVE('',#1966,(#1971,#1978),.PCURVE_S1.);
#1966 = CIRCLE('',#1967,1.3);
#1967 = AXIS2_PLACEMENT_3D('',#1968,#1969,#1970);
#1968 = CARTESIAN_POINT('',(172.70356586536,64.279268830522,
    71.389360407248));
#1969 = DIRECTION('',(1.,0.,0.));
#1970 = DIRECTION('',(-0.,0.,1.));
#1971 = PCURVE('',#976,#1972);
#1972 = DEFINITIONAL_REPRESENTATION('',(#1973),#1977);
#1973 = CIRCLE('',#1974,1.3);
#1974 = AXIS2_PLACEMENT_2D('',#1975,#1976);
#1975 = CARTESIAN_POINT('',(64.279268830522,71.389360407248));
#1976 = DIRECTION('',(0.,1.));
#1977 = ( GEOMETRIC_REPRESENTATION_CONTEXT(2) 
PARAMETRIC_REPRESENTATION_CONTEXT() REPRESENTATION_CONTEXT('2D SPACE',''
  ) );
#1978 = PCURVE('',#1979,#1984);
#1979 = CYLINDRICAL_SURFACE('',#1980,1.3);
#1980 = AXIS2_PLACEMENT_3D('',#1981,#1982,#1983);
#1981 = CARTESIAN_POINT('',(168.70356586536,64.279268830522,
    71.389360407248));
#1982 = DIRECTION('',(1.,0.,0.));
#1983 = DIRECTION('',(-0.,0.,1.));
#1984 = DEFINITIONAL_REPRESENTATION('',(#1985),#1989);
#1985 = LINE('',#1986,#1987);
#1986 = CARTESIAN_POINT('',(0.,4.));
#1987 = VECTOR('',#1988,1.);
#1988 = DIRECTION('',(1.,0.));
#1989 = ( GEOMETRIC_REPRESENTATION_CONTEXT(2) 
PARAMETRIC_REPRESENTATION_CONTEXT() REPRESENTATION_CONTEXT('2D SPACE',''
  ) );
#1990 = ADVANCED_FACE('',(#1991),#1446,.T.);
#1991 = FACE_BOUND('',#1992,.T.);
#1992 = EDGE_LOOP('',(#1993,#1994,#2017,#2044));
#1993 = ORIENTED_EDGE('',*,*,#1429,.T.);
#1994 = ORIENTED_EDGE('',*,*,#1995,.T.);
#1995 = EDGE_CURVE('',#1430,#1996,#1998,.T.);
#1996 = VERTEX_POINT('',#1997);
#1997 = CARTESIAN_POINT('',(169.70356586536,91.663859909659,0.));
#1998 = SEAM_CURVE('',#1999,(#2003,#2010),.PCURVE_S1.);
#1999 = LINE('',#2000,#2001);
#2000 = CARTESIAN_POINT('',(54.63279758958,91.663859909659,0.));
#2001 = VECTOR('',#2002,1.);
#2002 = DIRECTION('',(1.,0.,0.));
#2003 = PCURVE('',#1446,#2004);
#2004 = DEFINITIONAL_REPRESENTATION('',(#2005),#2009);
#2005 = LINE('',#2006,#2007);
#2006 = CARTESIAN_POINT('',(0.,0.));
#2007 = VECTOR('',#2008,1.);
#2008 = DIRECTION('',(0.,1.));
#2009 = ( GEOMETRIC_REPRESENTATION_CONTEXT(2) 
PARAMETRIC_REPRESENTATION_CONTEXT() REPRESENTATION_CONTEXT('2D SPACE',''
  ) );
#2010 = PCURVE('',#1446,#2011);
#2011 = DEFINITIONAL_REPRESENTATION('',(#2012),#2016);
#2012 = LINE('',#2013,#2014);
#2013 = CARTESIAN_POINT('',(6.28318530718,0.));
#2014 = VECTOR('',#2015,1.);
#2015 = DIRECTION('',(0.,1.));
#2016 = ( GEOMETRIC_REPRESENTATION_CONTEXT(2) 
PARAMETRIC_REPRESENTATION_CONTEXT() REPRESENTATION_CONTEXT('2D SPACE',''
  ) );
#2017 = ORIENTED_EDGE('',*,*,#2018,.F.);
#2018 = EDGE_CURVE('',#1996,#1996,#2019,.T.);
#2019 = SURFACE_CURVE('',#2020,(#2025,#2032),.PCURVE_S1.);
#2020 = CIRCLE('',#2021,91.663859909659);
#2021 = AXIS2_PLACEMENT_3D('',#2022,#2023,#2024);
#2022 = CARTESIAN_POINT('',(169.70356586536,0.,0.));
#2023 = DIRECTION('',(1.,0.,0.));
#2024 = DIRECTION('',(-0.,1.,0.));
#2025 = PCURVE('',#1446,#2026);
#2026 = DEFINITIONAL_REPRESENTATION('',(#2027),#2031);
#2027 = LINE('',#2028,#2029);
#2028 = CARTESIAN_POINT('',(0.,115.07076827578));
#2029 = VECTOR('',#2030,1.);
#2030 = DIRECTION('',(1.,0.));
#2031 = ( GEOMETRIC_REPRESENTATION_CONTEXT(2) 
PARAMETRIC_REPRESENTATION_CONTEXT() REPRESENTATION_CONTEXT('2D SPACE',''
  ) );
#2032 = PCURVE('',#2033,#2038);
#2033 = PLANE('',#2034);
#2034 = AXIS2_PLACEMENT_3D('',#2035,#2036,#2037);
#2035 = CARTESIAN_POINT('',(169.70356586536,0.,0.));
#2036 = DIRECTION('',(1.,0.,0.));
#2037 = DIRECTION('',(-0.,1.,0.));
#2038 = DEFINITIONAL_REPRESENTATION('',(#2039),#2043);
#2039 = CIRCLE('',#2040,91.663859909659);
#2040 = AXIS2_PLACEMENT_2D('',#2041,#2042);
#2041 = CARTESIAN_POINT('',(0.,0.));
#2042 = DIRECTION('',(1.,-0.));
#2043 = ( GEOMETRIC_REPRESENTATION_CONTEXT(2) 
PARAMETRIC_REPRESENTATION_CONTEXT() REPRESENTATION_CONTEXT('2D SPACE',''
  ) );
#2044 = ORIENTED_EDGE('',*,*,#1995,.F.);
#2045 = ADVANCED_FACE('',(#2046),#1511,.T.);
#2046 = FACE_BOUND('',#2047,.T.);
#2047 = EDGE_LOOP('',(#2048,#2072,#2093,#2094));
#2048 = ORIENTED_EDGE('',*,*,#2049,.T.);
#2049 = EDGE_CURVE('',#2050,#2050,#2052,.T.);
#2050 = VERTEX_POINT('',#2051);
#2051 = CARTESIAN_POINT('',(169.70356586536,99.463859909659,0.));
#2052 = SURFACE_CURVE('',#2053,(#2058,#2065),.PCURVE_S1.);
#2053 = CIRCLE('',#2054,99.463859909659);
#2054 = AXIS2_PLACEMENT_3D('',#2055,#2056,#2057);
#2055 = CARTESIAN_POINT('',(169.70356586536,0.,0.));
#2056 = DIRECTION('',(1.,0.,0.));
#2057 = DIRECTION('',(-0.,1.,0.));
#2058 = PCURVE('',#1511,#2059);
#2059 = DEFINITIONAL_REPRESENTATION('',(#2060),#2064);
#2060 = LINE('',#2061,#2062);
#2061 = CARTESIAN_POINT('',(0.,0.));
#2062 = VECTOR('',#2063,1.);
#2063 = DIRECTION('',(1.,0.));
#2064 = ( GEOMETRIC_REPRESENTATION_CONTEXT(2) 
PARAMETRIC_REPRESENTATION_CONTEXT() REPRESENTATION_CONTEXT('2D SPACE',''
  ) );
#2065 = PCURVE('',#2033,#2066);
#2066 = DEFINITIONAL_REPRESENTATION('',(#2067),#2071);
#2067 = CIRCLE('',#2068,99.463859909659);
#2068 = AXIS2_PLACEMENT_2D('',#2069,#2070);
#2069 = CARTESIAN_POINT('',(0.,0.));
#2070 = DIRECTION('',(1.,-0.));
#2071 = ( GEOMETRIC_REPRESENTATION_CONTEXT(2) 
PARAMETRIC_REPRESENTATION_CONTEXT() REPRESENTATION_CONTEXT('2D SPACE',''
  ) );
#2072 = ORIENTED_EDGE('',*,*,#2073,.T.);
#2073 = EDGE_CURVE('',#2050,#1495,#2074,.T.);
#2074 = SEAM_CURVE('',#2075,(#2079,#2086),.PCURVE_S1.);
#2075 = LINE('',#2076,#2077);
#2076 = CARTESIAN_POINT('',(169.70356586536,99.463859909659,0.));
#2077 = VECTOR('',#2078,1.);
#2078 = DIRECTION('',(1.,0.,0.));
#2079 = PCURVE('',#1511,#2080);
#2080 = DEFINITIONAL_REPRESENTATION('',(#2081),#2085);
#2081 = LINE('',#2082,#2083);
#2082 = CARTESIAN_POINT('',(0.,0.));
#2083 = VECTOR('',#2084,1.);
#2084 = DIRECTION('',(0.,1.));
#2085 = ( GEOMETRIC_REPRESENTATION_CONTEXT(2) 
PARAMETRIC_REPRESENTATION_CONTEXT() REPRESENTATION_CONTEXT('2D SPACE',''
  ) );
#2086 = PCURVE('',#1511,#2087);
#2087 = DEFINITIONAL_REPRESENTATION('',(#2088),#2092);
#2088 = LINE('',#2089,#2090);
#2089 = CARTESIAN_POINT('',(6.28318530718,0.));
#2090 = VECTOR('',#2091,1.);
#2091 = DIRECTION('',(0.,1.));
#2092 = ( GEOMETRIC_REPRESENTATION_CONTEXT(2) 
PARAMETRIC_REPRESENTATION_CONTEXT() REPRESENTATION_CONTEXT('2D SPACE',''
  ) );
#2093 = ORIENTED_EDGE('',*,*,#1494,.F.);
#2094 = ORIENTED_EDGE('',*,*,#2073,.F.);
#2095 = ADVANCED_FACE('',(#2096),#1542,.F.);
#2096 = FACE_BOUND('',#2097,.F.);
#2097 = EDGE_LOOP('',(#2098,#2099,#2122,#2144));
#2098 = ORIENTED_EDGE('',*,*,#1525,.F.);
#2099 = ORIENTED_EDGE('',*,*,#2100,.F.);
#2100 = EDGE_CURVE('',#2101,#1526,#2103,.T.);
#2101 = VERTEX_POINT('',#2102);
#2102 = CARTESIAN_POINT('',(169.70356586536,-48.03192995482,
    -81.89374306735));
#2103 = SEAM_CURVE('',#2104,(#2108,#2115),.PCURVE_S1.);
#2104 = LINE('',#2105,#2106);
#2105 = CARTESIAN_POINT('',(168.70356586536,-48.03192995482,
    -81.89374306735));
#2106 = VECTOR('',#2107,1.);
#2107 = DIRECTION('',(1.,0.,0.));
#2108 = PCURVE('',#1542,#2109);
#2109 = DEFINITIONAL_REPRESENTATION('',(#2110),#2114);
#2110 = LINE('',#2111,#2112);
#2111 = CARTESIAN_POINT('',(6.28318530718,-0.));
#2112 = VECTOR('',#2113,1.);
#2113 = DIRECTION('',(0.,1.));
#2114 = ( GEOMETRIC_REPRESENTATION_CONTEXT(2) 
PARAMETRIC_REPRESENTATION_CONTEXT() REPRESENTATION_CONTEXT('2D SPACE',''
  ) );
#2115 = PCURVE('',#1542,#2116);
#2116 = DEFINITIONAL_REPRESENTATION('',(#2117),#2121);
#2117 = LINE('',#2118,#2119);
#2118 = CARTESIAN_POINT('',(0.,-0.));
#2119 = VECTOR('',#2120,1.);
#2120 = DIRECTION('',(0.,1.));
#2121 = ( GEOMETRIC_REPRESENTATION_CONTEXT(2) 
PARAMETRIC_REPRESENTATION_CONTEXT() REPRESENTATION_CONTEXT('2D SPACE',''
  ) );
#2122 = ORIENTED_EDGE('',*,*,#2123,.T.);
#2123 = EDGE_CURVE('',#2101,#2101,#2124,.T.);
#2124 = SURFACE_CURVE('',#2125,(#2130,#2137),.PCURVE_S1.);
#2125 = CIRCLE('',#2126,1.3);
#2126 = AXIS2_PLACEMENT_3D('',#2127,#2128,#2129);
#2127 = CARTESIAN_POINT('',(169.70356586536,-48.03192995482,
    -83.19374306735));
#2128 = DIRECTION('',(1.,0.,0.));
#2129 = DIRECTION('',(-0.,0.,1.));
#2130 = PCURVE('',#1542,#2131);
#2131 = DEFINITIONAL_REPRESENTATION('',(#2132),#2136);
#2132 = LINE('',#2133,#2134);
#2133 = CARTESIAN_POINT('',(0.,1.));
#2134 = VECTOR('',#2135,1.);
#2135 = DIRECTION('',(1.,0.));
#2136 = ( GEOMETRIC_REPRESENTATION_CONTEXT(2) 
PARAMETRIC_REPRESENTATION_CONTEXT() REPRESENTATION_CONTEXT('2D SPACE',''
  ) );
#2137 = PCURVE('',#2033,#2138);
#2138 = DEFINITIONAL_REPRESENTATION('',(#2139),#2143);
#2139 = CIRCLE('',#2140,1.3);
#2140 = AXIS2_PLACEMENT_2D('',#2141,#2142);
#2141 = CARTESIAN_POINT('',(-48.03192995482,-83.19374306735));
#2142 = DIRECTION('',(0.,1.));
#2143 = ( GEOMETRIC_REPRESENTATION_CONTEXT(2) 
PARAMETRIC_REPRESENTATION_CONTEXT() REPRESENTATION_CONTEXT('2D SPACE',''
  ) );
#2144 = ORIENTED_EDGE('',*,*,#2100,.T.);
#2145 = ADVANCED_FACE('',(#2146),#1573,.F.);
#2146 = FACE_BOUND('',#2147,.F.);
#2147 = EDGE_LOOP('',(#2148,#2149,#2172,#2194));
#2148 = ORIENTED_EDGE('',*,*,#1556,.F.);
#2149 = ORIENTED_EDGE('',*,*,#2150,.F.);
#2150 = EDGE_CURVE('',#2151,#1557,#2153,.T.);
#2151 = VERTEX_POINT('',#2152);
#2152 = CARTESIAN_POINT('',(169.70356586536,-77.71729521216,
    -55.16492013318));
#2153 = SEAM_CURVE('',#2154,(#2158,#2165),.PCURVE_S1.);
#2154 = LINE('',#2155,#2156);
#2155 = CARTESIAN_POINT('',(168.70356586536,-77.71729521216,
    -55.16492013318));
#2156 = VECTOR('',#2157,1.);
#2157 = DIRECTION('',(1.,0.,0.));
#2158 = PCURVE('',#1573,#2159);
#2159 = DEFINITIONAL_REPRESENTATION('',(#2160),#2164);
#2160 = LINE('',#2161,#2162);
#2161 = CARTESIAN_POINT('',(6.28318530718,-0.));
#2162 = VECTOR('',#2163,1.);
#2163 = DIRECTION('',(0.,1.));
#2164 = ( GEOMETRIC_REPRESENTATION_CONTEXT(2) 
PARAMETRIC_REPRESENTATION_CONTEXT() REPRESENTATION_CONTEXT('2D SPACE',''
  ) );
#2165 = PCURVE('',#1573,#2166);
#2166 = DEFINITIONAL_REPRESENTATION('',(#2167),#2171);
#2167 = LINE('',#2168,#2169);
#2168 = CARTESIAN_POINT('',(0.,-0.));
#2169 = VECTOR('',#2170,1.);
#2170 = DIRECTION('',(0.,1.));
#2171 = ( GEOMETRIC_REPRESENTATION_CONTEXT(2) 
PARAMETRIC_REPRESENTATION_CONTEXT() REPRESENTATION_CONTEXT('2D SPACE',''
  ) );
#2172 = ORIENTED_EDGE('',*,*,#2173,.T.);
#2173 = EDGE_CURVE('',#2151,#2151,#2174,.T.);
#2174 = SURFACE_CURVE('',#2175,(#2180,#2187),.PCURVE_S1.);
#2175 = CIRCLE('',#2176,1.3);
#2176 = AXIS2_PLACEMENT_3D('',#2177,#2178,#2179);
#2177 = CARTESIAN_POINT('',(169.70356586536,-77.71729521216,
    -56.46492013318));
#2178 = DIRECTION('',(1.,0.,0.));
#2179 = DIRECTION('',(-0.,0.,1.));
#2180 = PCURVE('',#1573,#2181);
#2181 = DEFINITIONAL_REPRESENTATION('',(#2182),#2186);
#2182 = LINE('',#2183,#2184);
#2183 = CARTESIAN_POINT('',(0.,1.));
#2184 = VECTOR('',#2185,1.);
#2185 = DIRECTION('',(1.,0.));
#2186 = ( GEOMETRIC_REPRESENTATION_CONTEXT(2) 
PARAMETRIC_REPRESENTATION_CONTEXT() REPRESENTATION_CONTEXT('2D SPACE',''
  ) );
#2187 = PCURVE('',#2033,#2188);
#2188 = DEFINITIONAL_REPRESENTATION('',(#2189),#2193);
#2189 = CIRCLE('',#2190,1.3);
#2190 = AXIS2_PLACEMENT_2D('',#2191,#2192);
#2191 = CARTESIAN_POINT('',(-77.71729521216,-56.46492013318));
#2192 = DIRECTION('',(0.,1.));
#2193 = ( GEOMETRIC_REPRESENTATION_CONTEXT(2) 
PARAMETRIC_REPRESENTATION_CONTEXT() REPRESENTATION_CONTEXT('2D SPACE',''
  ) );
#2194 = ORIENTED_EDGE('',*,*,#2150,.T.);
#2195 = ADVANCED_FACE('',(#2196),#1604,.F.);
#2196 = FACE_BOUND('',#2197,.F.);
#2197 = EDGE_LOOP('',(#2198,#2199,#2222,#2244));
#2198 = ORIENTED_EDGE('',*,*,#1587,.F.);
#2199 = ORIENTED_EDGE('',*,*,#2200,.F.);
#2200 = EDGE_CURVE('',#2201,#1588,#2203,.T.);
#2201 = VERTEX_POINT('',#2202);
#2202 = CARTESIAN_POINT('',(169.70356586536,-10.04140765191,
    -94.23761203374));
#2203 = SEAM_CURVE('',#2204,(#2208,#2215),.PCURVE_S1.);
#2204 = LINE('',#2205,#2206);
#2205 = CARTESIAN_POINT('',(168.70356586536,-10.04140765191,
    -94.23761203374));
#2206 = VECTOR('',#2207,1.);
#2207 = DIRECTION('',(1.,0.,0.));
#2208 = PCURVE('',#1604,#2209);
#2209 = DEFINITIONAL_REPRESENTATION('',(#2210),#2214);
#2210 = LINE('',#2211,#2212);
#2211 = CARTESIAN_POINT('',(6.28318530718,-0.));
#2212 = VECTOR('',#2213,1.);
#2213 = DIRECTION('',(0.,1.));
#2214 = ( GEOMETRIC_REPRESENTATION_CONTEXT(2) 
PARAMETRIC_REPRESENTATION_CONTEXT() REPRESENTATION_CONTEXT('2D SPACE',''
  ) );
#2215 = PCURVE('',#1604,#2216);
#2216 = DEFINITIONAL_REPRESENTATION('',(#2217),#2221);
#2217 = LINE('',#2218,#2219);
#2218 = CARTESIAN_POINT('',(0.,-0.));
#2219 = VECTOR('',#2220,1.);
#2220 = DIRECTION('',(0.,1.));
#2221 = ( GEOMETRIC_REPRESENTATION_CONTEXT(2) 
PARAMETRIC_REPRESENTATION_CONTEXT() REPRESENTATION_CONTEXT('2D SPACE',''
  ) );
#2222 = ORIENTED_EDGE('',*,*,#2223,.T.);
#2223 = EDGE_CURVE('',#2201,#2201,#2224,.T.);
#2224 = SURFACE_CURVE('',#2225,(#2230,#2237),.PCURVE_S1.);
#2225 = CIRCLE('',#2226,1.3);
#2226 = AXIS2_PLACEMENT_3D('',#2227,#2228,#2229);
#2227 = CARTESIAN_POINT('',(169.70356586536,-10.04140765191,
    -95.53761203374));
#2228 = DIRECTION('',(1.,0.,0.));
#2229 = DIRECTION('',(-0.,0.,1.));
#2230 = PCURVE('',#1604,#2231);
#2231 = DEFINITIONAL_REPRESENTATION('',(#2232),#2236);
#2232 = LINE('',#2233,#2234);
#2233 = CARTESIAN_POINT('',(0.,1.));
#2234 = VECTOR('',#2235,1.);
#2235 = DIRECTION('',(1.,0.));
#2236 = ( GEOMETRIC_REPRESENTATION_CONTEXT(2) 
PARAMETRIC_REPRESENTATION_CONTEXT() REPRESENTATION_CONTEXT('2D SPACE',''
  ) );
#2237 = PCURVE('',#2033,#2238);
#2238 = DEFINITIONAL_REPRESENTATION('',(#2239),#2243);
#2239 = CIRCLE('',#2240,1.3);
#2240 = AXIS2_PLACEMENT_2D('',#2241,#2242);
#2241 = CARTESIAN_POINT('',(-10.04140765191,-95.53761203374));
#2242 = DIRECTION('',(0.,1.));
#2243 = ( GEOMETRIC_REPRESENTATION_CONTEXT(2) 
PARAMETRIC_REPRESENTATION_CONTEXT() REPRESENTATION_CONTEXT('2D SPACE',''
  ) );
#2244 = ORIENTED_EDGE('',*,*,#2200,.T.);
#2245 = ADVANCED_FACE('',(#2246),#1635,.F.);
#2246 = FACE_BOUND('',#2247,.F.);
#2247 = EDGE_LOOP('',(#2248,#2249,#2272,#2294));
#2248 = ORIENTED_EDGE('',*,*,#1618,.F.);
#2249 = ORIENTED_EDGE('',*,*,#2250,.F.);
#2250 = EDGE_CURVE('',#2251,#1619,#2253,.T.);
#2251 = VERTEX_POINT('',#2252);
#2252 = CARTESIAN_POINT('',(169.70356586536,-93.96463408786,
    -18.67279954029));
#2253 = SEAM_CURVE('',#2254,(#2258,#2265),.PCURVE_S1.);
#2254 = LINE('',#2255,#2256);
#2255 = CARTESIAN_POINT('',(168.70356586536,-93.96463408786,
    -18.67279954029));
#2256 = VECTOR('',#2257,1.);
#2257 = DIRECTION('',(1.,0.,0.));
#2258 = PCURVE('',#1635,#2259);
#2259 = DEFINITIONAL_REPRESENTATION('',(#2260),#2264);
#2260 = LINE('',#2261,#2262);
#2261 = CARTESIAN_POINT('',(6.28318530718,-0.));
#2262 = VECTOR('',#2263,1.);
#2263 = DIRECTION('',(0.,1.));
#2264 = ( GEOMETRIC_REPRESENTATION_CONTEXT(2) 
PARAMETRIC_REPRESENTATION_CONTEXT() REPRESENTATION_CONTEXT('2D SPACE',''
  ) );
#2265 = PCURVE('',#1635,#2266);
#2266 = DEFINITIONAL_REPRESENTATION('',(#2267),#2271);
#2267 = LINE('',#2268,#2269);
#2268 = CARTESIAN_POINT('',(0.,-0.));
#2269 = VECTOR('',#2270,1.);
#2270 = DIRECTION('',(0.,1.));
#2271 = ( GEOMETRIC_REPRESENTATION_CONTEXT(2) 
PARAMETRIC_REPRESENTATION_CONTEXT() REPRESENTATION_CONTEXT('2D SPACE',''
  ) );
#2272 = ORIENTED_EDGE('',*,*,#2273,.T.);
#2273 = EDGE_CURVE('',#2251,#2251,#2274,.T.);
#2274 = SURFACE_CURVE('',#2275,(#2280,#2287),.PCURVE_S1.);
#2275 = CIRCLE('',#2276,1.3);
#2276 = AXIS2_PLACEMENT_3D('',#2277,#2278,#2279);
#2277 = CARTESIAN_POINT('',(169.70356586536,-93.96463408786,
    -19.97279954029));
#2278 = DIRECTION('',(1.,0.,0.));
#2279 = DIRECTION('',(-0.,0.,1.));
#2280 = PCURVE('',#1635,#2281);
#2281 = DEFINITIONAL_REPRESENTATION('',(#2282),#2286);
#2282 = LINE('',#2283,#2284);
#2283 = CARTESIAN_POINT('',(0.,1.));
#2284 = VECTOR('',#2285,1.);
#2285 = DIRECTION('',(1.,0.));
#2286 = ( GEOMETRIC_REPRESENTATION_CONTEXT(2) 
PARAMETRIC_REPRESENTATION_CONTEXT() REPRESENTATION_CONTEXT('2D SPACE',''
  ) );
#2287 = PCURVE('',#2033,#2288);
#2288 = DEFINITIONAL_REPRESENTATION('',(#2289),#2293);
#2289 = CIRCLE('',#2290,1.3);
#2290 = AXIS2_PLACEMENT_2D('',#2291,#2292);
#2291 = CARTESIAN_POINT('',(-93.96463408786,-19.97279954029));
#2292 = DIRECTION('',(0.,1.));
#2293 = ( GEOMETRIC_REPRESENTATION_CONTEXT(2) 
PARAMETRIC_REPRESENTATION_CONTEXT() REPRESENTATION_CONTEXT('2D SPACE',''
  ) );
#2294 = ORIENTED_EDGE('',*,*,#2250,.T.);
#2295 = ADVANCED_FACE('',(#2296),#1669,.F.);
#2296 = FACE_BOUND('',#2297,.F.);
#2297 = EDGE_LOOP('',(#2298,#2299,#2322,#2344));
#2298 = ORIENTED_EDGE('',*,*,#1652,.F.);
#2299 = ORIENTED_EDGE('',*,*,#2300,.F.);
#2300 = EDGE_CURVE('',#2301,#1653,#2303,.T.);
#2301 = VERTEX_POINT('',#2302);
#2302 = CARTESIAN_POINT('',(169.70356586536,29.685365257339,
    -90.06215994754));
#2303 = SEAM_CURVE('',#2304,(#2308,#2315),.PCURVE_S1.);
#2304 = LINE('',#2305,#2306);
#2305 = CARTESIAN_POINT('',(168.70356586536,29.685365257339,
    -90.06215994754));
#2306 = VECTOR('',#2307,1.);
#2307 = DIRECTION('',(1.,0.,0.));
#2308 = PCURVE('',#1669,#2309);
#2309 = DEFINITIONAL_REPRESENTATION('',(#2310),#2314);
#2310 = LINE('',#2311,#2312);
#2311 = CARTESIAN_POINT('',(6.28318530718,-0.));
#2312 = VECTOR('',#2313,1.);
#2313 = DIRECTION('',(0.,1.));
#2314 = ( GEOMETRIC_REPRESENTATION_CONTEXT(2) 
PARAMETRIC_REPRESENTATION_CONTEXT() REPRESENTATION_CONTEXT('2D SPACE',''
  ) );
#2315 = PCURVE('',#1669,#2316);
#2316 = DEFINITIONAL_REPRESENTATION('',(#2317),#2321);
#2317 = LINE('',#2318,#2319);
#2318 = CARTESIAN_POINT('',(0.,-0.));
#2319 = VECTOR('',#2320,1.);
#2320 = DIRECTION('',(0.,1.));
#2321 = ( GEOMETRIC_REPRESENTATION_CONTEXT(2) 
PARAMETRIC_REPRESENTATION_CONTEXT() REPRESENTATION_CONTEXT('2D SPACE',''
  ) );
#2322 = ORIENTED_EDGE('',*,*,#2323,.T.);
#2323 = EDGE_CURVE('',#2301,#2301,#2324,.T.);
#2324 = SURFACE_CURVE('',#2325,(#2330,#2337),.PCURVE_S1.);
#2325 = CIRCLE('',#2326,1.3);
#2326 = AXIS2_PLACEMENT_3D('',#2327,#2328,#2329);
#2327 = CARTESIAN_POINT('',(169.70356586536,29.685365257339,
    -91.36215994754));
#2328 = DIRECTION('',(1.,0.,0.));
#2329 = DIRECTION('',(-0.,0.,1.));
#2330 = PCURVE('',#1669,#2331);
#2331 = DEFINITIONAL_REPRESENTATION('',(#2332),#2336);
#2332 = LINE('',#2333,#2334);
#2333 = CARTESIAN_POINT('',(0.,1.));
#2334 = VECTOR('',#2335,1.);
#2335 = DIRECTION('',(1.,0.));
#2336 = ( GEOMETRIC_REPRESENTATION_CONTEXT(2) 
PARAMETRIC_REPRESENTATION_CONTEXT() REPRESENTATION_CONTEXT('2D SPACE',''
  ) );
#2337 = PCURVE('',#2033,#2338);
#2338 = DEFINITIONAL_REPRESENTATION('',(#2339),#2343);
#2339 = CIRCLE('',#2340,1.3);
#2340 = AXIS2_PLACEMENT_2D('',#2341,#2342);
#2341 = CARTESIAN_POINT('',(29.685365257339,-91.36215994754));
#2342 = DIRECTION('',(0.,1.));
#2343 = ( GEOMETRIC_REPRESENTATION_CONTEXT(2) 
PARAMETRIC_REPRESENTATION_CONTEXT() REPRESENTATION_CONTEXT('2D SPACE',''
  ) );
#2344 = ORIENTED_EDGE('',*,*,#2300,.T.);
#2345 = ADVANCED_FACE('',(#2346),#1700,.F.);
#2346 = FACE_BOUND('',#2347,.F.);
#2347 = EDGE_LOOP('',(#2348,#2349,#2372,#2394));
#2348 = ORIENTED_EDGE('',*,*,#1683,.F.);
#2349 = ORIENTED_EDGE('',*,*,#2350,.F.);
#2350 = EDGE_CURVE('',#2351,#1684,#2353,.T.);
#2351 = VERTEX_POINT('',#2352);
#2352 = CARTESIAN_POINT('',(169.70356586536,64.279268830522,
    -70.08936040724));
#2353 = SEAM_CURVE('',#2354,(#2358,#2365),.PCURVE_S1.);
#2354 = LINE('',#2355,#2356);
#2355 = CARTESIAN_POINT('',(168.70356586536,64.279268830522,
    -70.08936040724));
#2356 = VECTOR('',#2357,1.);
#2357 = DIRECTION('',(1.,0.,0.));
#2358 = PCURVE('',#1700,#2359);
#2359 = DEFINITIONAL_REPRESENTATION('',(#2360),#2364);
#2360 = LINE('',#2361,#2362);
#2361 = CARTESIAN_POINT('',(6.28318530718,-0.));
#2362 = VECTOR('',#2363,1.);
#2363 = DIRECTION('',(0.,1.));
#2364 = ( GEOMETRIC_REPRESENTATION_CONTEXT(2) 
PARAMETRIC_REPRESENTATION_CONTEXT() REPRESENTATION_CONTEXT('2D SPACE',''
  ) );
#2365 = PCURVE('',#1700,#2366);
#2366 = DEFINITIONAL_REPRESENTATION('',(#2367),#2371);
#2367 = LINE('',#2368,#2369);
#2368 = CARTESIAN_POINT('',(0.,-0.));
#2369 = VECTOR('',#2370,1.);
#2370 = DIRECTION('',(0.,1.));
#2371 = ( GEOMETRIC_REPRESENTATION_CONTEXT(2) 
PARAMETRIC_REPRESENTATION_CONTEXT() REPRESENTATION_CONTEXT('2D SPACE',''
  ) );
#2372 = ORIENTED_EDGE('',*,*,#2373,.T.);
#2373 = EDGE_CURVE('',#2351,#2351,#2374,.T.);
#2374 = SURFACE_CURVE('',#2375,(#2380,#2387),.PCURVE_S1.);
#2375 = CIRCLE('',#2376,1.3);
#2376 = AXIS2_PLACEMENT_3D('',#2377,#2378,#2379);
#2377 = CARTESIAN_POINT('',(169.70356586536,64.279268830522,
    -71.38936040724));
#2378 = DIRECTION('',(1.,0.,0.));
#2379 = DIRECTION('',(-0.,0.,1.));
#2380 = PCURVE('',#1700,#2381);
#2381 = DEFINITIONAL_REPRESENTATION('',(#2382),#2386);
#2382 = LINE('',#2383,#2384);
#2383 = CARTESIAN_POINT('',(0.,1.));
#2384 = VECTOR('',#2385,1.);
#2385 = DIRECTION('',(1.,0.));
#2386 = ( GEOMETRIC_REPRESENTATION_CONTEXT(2) 
PARAMETRIC_REPRESENTATION_CONTEXT() REPRESENTATION_CONTEXT('2D SPACE',''
  ) );
#2387 = PCURVE('',#2033,#2388);
#2388 = DEFINITIONAL_REPRESENTATION('',(#2389),#2393);
#2389 = CIRCLE('',#2390,1.3);
#2390 = AXIS2_PLACEMENT_2D('',#2391,#2392);
#2391 = CARTESIAN_POINT('',(64.279268830522,-71.38936040724));
#2392 = DIRECTION('',(0.,1.));
#2393 = ( GEOMETRIC_REPRESENTATION_CONTEXT(2) 
PARAMETRIC_REPRESENTATION_CONTEXT() REPRESENTATION_CONTEXT('2D SPACE',''
  ) );
#2394 = ORIENTED_EDGE('',*,*,#2350,.T.);
#2395 = ADVANCED_FACE('',(#2396),#1731,.F.);
#2396 = FACE_BOUND('',#2397,.F.);
#2397 = EDGE_LOOP('',(#2398,#2399,#2422,#2444));
#2398 = ORIENTED_EDGE('',*,*,#1714,.F.);
#2399 = ORIENTED_EDGE('',*,*,#2400,.F.);
#2400 = EDGE_CURVE('',#2401,#1715,#2403,.T.);
#2401 = VERTEX_POINT('',#2402);
#2402 = CARTESIAN_POINT('',(169.70356586536,87.758702864084,
    -37.77269190055));
#2403 = SEAM_CURVE('',#2404,(#2408,#2415),.PCURVE_S1.);
#2404 = LINE('',#2405,#2406);
#2405 = CARTESIAN_POINT('',(168.70356586536,87.758702864084,
    -37.77269190055));
#2406 = VECTOR('',#2407,1.);
#2407 = DIRECTION('',(1.,0.,0.));
#2408 = PCURVE('',#1731,#2409);
#2409 = DEFINITIONAL_REPRESENTATION('',(#2410),#2414);
#2410 = LINE('',#2411,#2412);
#2411 = CARTESIAN_POINT('',(6.28318530718,-0.));
#2412 = VECTOR('',#2413,1.);
#2413 = DIRECTION('',(0.,1.));
#2414 = ( GEOMETRIC_REPRESENTATION_CONTEXT(2) 
PARAMETRIC_REPRESENTATION_CONTEXT() REPRESENTATION_CONTEXT('2D SPACE',''
  ) );
#2415 = PCURVE('',#1731,#2416);
#2416 = DEFINITIONAL_REPRESENTATION('',(#2417),#2421);
#2417 = LINE('',#2418,#2419);
#2418 = CARTESIAN_POINT('',(0.,-0.));
#2419 = VECTOR('',#2420,1.);
#2420 = DIRECTION('',(0.,1.));
#2421 = ( GEOMETRIC_REPRESENTATION_CONTEXT(2) 
PARAMETRIC_REPRESENTATION_CONTEXT() REPRESENTATION_CONTEXT('2D SPACE',''
  ) );
#2422 = ORIENTED_EDGE('',*,*,#2423,.T.);
#2423 = EDGE_CURVE('',#2401,#2401,#2424,.T.);
#2424 = SURFACE_CURVE('',#2425,(#2430,#2437),.PCURVE_S1.);
#2425 = CIRCLE('',#2426,1.3);
#2426 = AXIS2_PLACEMENT_3D('',#2427,#2428,#2429);
#2427 = CARTESIAN_POINT('',(169.70356586536,87.758702864084,
    -39.07269190055));
#2428 = DIRECTION('',(1.,0.,0.));
#2429 = DIRECTION('',(-0.,0.,1.));
#2430 = PCURVE('',#1731,#2431);
#2431 = DEFINITIONAL_REPRESENTATION('',(#2432),#2436);
#2432 = LINE('',#2433,#2434);
#2433 = CARTESIAN_POINT('',(0.,1.));
#2434 = VECTOR('',#2435,1.);
#2435 = DIRECTION('',(1.,0.));
#2436 = ( GEOMETRIC_REPRESENTATION_CONTEXT(2) 
PARAMETRIC_REPRESENTATION_CONTEXT() REPRESENTATION_CONTEXT('2D SPACE',''
  ) );
#2437 = PCURVE('',#2033,#2438);
#2438 = DEFINITIONAL_REPRESENTATION('',(#2439),#2443);
#2439 = CIRCLE('',#2440,1.3);
#2440 = AXIS2_PLACEMENT_2D('',#2441,#2442);
#2441 = CARTESIAN_POINT('',(87.758702864084,-39.07269190055));
#2442 = DIRECTION('',(0.,1.));
#2443 = ( GEOMETRIC_REPRESENTATION_CONTEXT(2) 
PARAMETRIC_REPRESENTATION_CONTEXT() REPRESENTATION_CONTEXT('2D SPACE',''
  ) );
#2444 = ORIENTED_EDGE('',*,*,#2400,.T.);
#2445 = ADVANCED_FACE('',(#2446),#1762,.F.);
#2446 = FACE_BOUND('',#2447,.F.);
#2447 = EDGE_LOOP('',(#2448,#2449,#2472,#2494));
#2448 = ORIENTED_EDGE('',*,*,#1745,.F.);
#2449 = ORIENTED_EDGE('',*,*,#2450,.F.);
#2450 = EDGE_CURVE('',#2451,#1746,#2453,.T.);
#2451 = VERTEX_POINT('',#2452);
#2452 = CARTESIAN_POINT('',(169.70356586536,96.063859909659,1.3));
#2453 = SEAM_CURVE('',#2454,(#2458,#2465),.PCURVE_S1.);
#2454 = LINE('',#2455,#2456);
#2455 = CARTESIAN_POINT('',(168.70356586536,96.063859909659,1.3));
#2456 = VECTOR('',#2457,1.);
#2457 = DIRECTION('',(1.,0.,0.));
#2458 = PCURVE('',#1762,#2459);
#2459 = DEFINITIONAL_REPRESENTATION('',(#2460),#2464);
#2460 = LINE('',#2461,#2462);
#2461 = CARTESIAN_POINT('',(6.28318530718,-0.));
#2462 = VECTOR('',#2463,1.);
#2463 = DIRECTION('',(0.,1.));
#2464 = ( GEOMETRIC_REPRESENTATION_CONTEXT(2) 
PARAMETRIC_REPRESENTATION_CONTEXT() REPRESENTATION_CONTEXT('2D SPACE',''
  ) );
#2465 = PCURVE('',#1762,#2466);
#2466 = DEFINITIONAL_REPRESENTATION('',(#2467),#2471);
#2467 = LINE('',#2468,#2469);
#2468 = CARTESIAN_POINT('',(0.,-0.));
#2469 = VECTOR('',#2470,1.);
#2470 = DIRECTION('',(0.,1.));
#2471 = ( GEOMETRIC_REPRESENTATION_CONTEXT(2) 
PARAMETRIC_REPRESENTATION_CONTEXT() REPRESENTATION_CONTEXT('2D SPACE',''
  ) );
#2472 = ORIENTED_EDGE('',*,*,#2473,.T.);
#2473 = EDGE_CURVE('',#2451,#2451,#2474,.T.);
#2474 = SURFACE_CURVE('',#2475,(#2480,#2487),.PCURVE_S1.);
#2475 = CIRCLE('',#2476,1.3);
#2476 = AXIS2_PLACEMENT_3D('',#2477,#2478,#2479);
#2477 = CARTESIAN_POINT('',(169.70356586536,96.063859909659,0.));
#2478 = DIRECTION('',(1.,0.,0.));
#2479 = DIRECTION('',(-0.,0.,1.));
#2480 = PCURVE('',#1762,#2481);
#2481 = DEFINITIONAL_REPRESENTATION('',(#2482),#2486);
#2482 = LINE('',#2483,#2484);
#2483 = CARTESIAN_POINT('',(0.,1.));
#2484 = VECTOR('',#2485,1.);
#2485 = DIRECTION('',(1.,0.));
#2486 = ( GEOMETRIC_REPRESENTATION_CONTEXT(2) 
PARAMETRIC_REPRESENTATION_CONTEXT() REPRESENTATION_CONTEXT('2D SPACE',''
  ) );
#2487 = PCURVE('',#2033,#2488);
#2488 = DEFINITIONAL_REPRESENTATION('',(#2489),#2493);
#2489 = CIRCLE('',#2490,1.3);
#2490 = AXIS2_PLACEMENT_2D('',#2491,#2492);
#2491 = CARTESIAN_POINT('',(96.063859909659,0.));
#2492 = DIRECTION('',(0.,1.));
#2493 = ( GEOMETRIC_REPRESENTATION_CONTEXT(2) 
PARAMETRIC_REPRESENTATION_CONTEXT() REPRESENTATION_CONTEXT('2D SPACE',''
  ) );
#2494 = ORIENTED_EDGE('',*,*,#2450,.T.);
#2495 = ADVANCED_FACE('',(#2496),#1793,.F.);
#2496 = FACE_BOUND('',#2497,.F.);
#2497 = EDGE_LOOP('',(#2498,#2499,#2522,#2544));
#2498 = ORIENTED_EDGE('',*,*,#1776,.F.);
#2499 = ORIENTED_EDGE('',*,*,#2500,.F.);
#2500 = EDGE_CURVE('',#2501,#1777,#2503,.T.);
#2501 = VERTEX_POINT('',#2502);
#2502 = CARTESIAN_POINT('',(169.70356586536,-93.96463408786,
    21.272799540297));
#2503 = SEAM_CURVE('',#2504,(#2508,#2515),.PCURVE_S1.);
#2504 = LINE('',#2505,#2506);
#2505 = CARTESIAN_POINT('',(168.70356586536,-93.96463408786,
    21.272799540297));
#2506 = VECTOR('',#2507,1.);
#2507 = DIRECTION('',(1.,0.,0.));
#2508 = PCURVE('',#1793,#2509);
#2509 = DEFINITIONAL_REPRESENTATION('',(#2510),#2514);
#2510 = LINE('',#2511,#2512);
#2511 = CARTESIAN_POINT('',(6.28318530718,-0.));
#2512 = VECTOR('',#2513,1.);
#2513 = DIRECTION('',(0.,1.));
#2514 = ( GEOMETRIC_REPRESENTATION_CONTEXT(2) 
PARAMETRIC_REPRESENTATION_CONTEXT() REPRESENTATION_CONTEXT('2D SPACE',''
  ) );
#2515 = PCURVE('',#1793,#2516);
#2516 = DEFINITIONAL_REPRESENTATION('',(#2517),#2521);
#2517 = LINE('',#2518,#2519);
#2518 = CARTESIAN_POINT('',(0.,-0.));
#2519 = VECTOR('',#2520,1.);
#2520 = DIRECTION('',(0.,1.));
#2521 = ( GEOMETRIC_REPRESENTATION_CONTEXT(2) 
PARAMETRIC_REPRESENTATION_CONTEXT() REPRESENTATION_CONTEXT('2D SPACE',''
  ) );
#2522 = ORIENTED_EDGE('',*,*,#2523,.T.);
#2523 = EDGE_CURVE('',#2501,#2501,#2524,.T.);
#2524 = SURFACE_CURVE('',#2525,(#2530,#2537),.PCURVE_S1.);
#2525 = CIRCLE('',#2526,1.3);
#2526 = AXIS2_PLACEMENT_3D('',#2527,#2528,#2529);
#2527 = CARTESIAN_POINT('',(169.70356586536,-93.96463408786,
    19.972799540297));
#2528 = DIRECTION('',(1.,0.,0.));
#2529 = DIRECTION('',(-0.,0.,1.));
#2530 = PCURVE('',#1793,#2531);
#2531 = DEFINITIONAL_REPRESENTATION('',(#2532),#2536);
#2532 = LINE('',#2533,#2534);
#2533 = CARTESIAN_POINT('',(0.,1.));
#2534 = VECTOR('',#2535,1.);
#2535 = DIRECTION('',(1.,0.));
#2536 = ( GEOMETRIC_REPRESENTATION_CONTEXT(2) 
PARAMETRIC_REPRESENTATION_CONTEXT() REPRESENTATION_CONTEXT('2D SPACE',''
  ) );
#2537 = PCURVE('',#2033,#2538);
#2538 = DEFINITIONAL_REPRESENTATION('',(#2539),#2543);
#2539 = CIRCLE('',#2540,1.3);
#2540 = AXIS2_PLACEMENT_2D('',#2541,#2542);
#2541 = CARTESIAN_POINT('',(-93.96463408786,19.972799540297));
#2542 = DIRECTION('',(0.,1.));
#2543 = ( GEOMETRIC_REPRESENTATION_CONTEXT(2) 
PARAMETRIC_REPRESENTATION_CONTEXT() REPRESENTATION_CONTEXT('2D SPACE',''
  ) );
#2544 = ORIENTED_EDGE('',*,*,#2500,.T.);
#2545 = ADVANCED_FACE('',(#2546),#1824,.F.);
#2546 = FACE_BOUND('',#2547,.F.);
#2547 = EDGE_LOOP('',(#2548,#2549,#2572,#2594));
#2548 = ORIENTED_EDGE('',*,*,#1807,.F.);
#2549 = ORIENTED_EDGE('',*,*,#2550,.F.);
#2550 = EDGE_CURVE('',#2551,#1808,#2553,.T.);
#2551 = VERTEX_POINT('',#2552);
#2552 = CARTESIAN_POINT('',(169.70356586536,-77.71729521216,
    57.764920133187));
#2553 = SEAM_CURVE('',#2554,(#2558,#2565),.PCURVE_S1.);
#2554 = LINE('',#2555,#2556);
#2555 = CARTESIAN_POINT('',(168.70356586536,-77.71729521216,
    57.764920133187));
#2556 = VECTOR('',#2557,1.);
#2557 = DIRECTION('',(1.,0.,0.));
#2558 = PCURVE('',#1824,#2559);
#2559 = DEFINITIONAL_REPRESENTATION('',(#2560),#2564);
#2560 = LINE('',#2561,#2562);
#2561 = CARTESIAN_POINT('',(6.28318530718,-0.));
#2562 = VECTOR('',#2563,1.);
#2563 = DIRECTION('',(0.,1.));
#2564 = ( GEOMETRIC_REPRESENTATION_CONTEXT(2) 
PARAMETRIC_REPRESENTATION_CONTEXT() REPRESENTATION_CONTEXT('2D SPACE',''
  ) );
#2565 = PCURVE('',#1824,#2566);
#2566 = DEFINITIONAL_REPRESENTATION('',(#2567),#2571);
#2567 = LINE('',#2568,#2569);
#2568 = CARTESIAN_POINT('',(0.,-0.));
#2569 = VECTOR('',#2570,1.);
#2570 = DIRECTION('',(0.,1.));
#2571 = ( GEOMETRIC_REPRESENTATION_CONTEXT(2) 
PARAMETRIC_REPRESENTATION_CONTEXT() REPRESENTATION_CONTEXT('2D SPACE',''
  ) );
#2572 = ORIENTED_EDGE('',*,*,#2573,.T.);
#2573 = EDGE_CURVE('',#2551,#2551,#2574,.T.);
#2574 = SURFACE_CURVE('',#2575,(#2580,#2587),.PCURVE_S1.);
#2575 = CIRCLE('',#2576,1.3);
#2576 = AXIS2_PLACEMENT_3D('',#2577,#2578,#2579);
#2577 = CARTESIAN_POINT('',(169.70356586536,-77.71729521216,
    56.464920133187));
#2578 = DIRECTION('',(1.,0.,0.));
#2579 = DIRECTION('',(-0.,0.,1.));
#2580 = PCURVE('',#1824,#2581);
#2581 = DEFINITIONAL_REPRESENTATION('',(#2582),#2586);
#2582 = LINE('',#2583,#2584);
#2583 = CARTESIAN_POINT('',(0.,1.));
#2584 = VECTOR('',#2585,1.);
#2585 = DIRECTION('',(1.,0.));
#2586 = ( GEOMETRIC_REPRESENTATION_CONTEXT(2) 
PARAMETRIC_REPRESENTATION_CONTEXT() REPRESENTATION_CONTEXT('2D SPACE',''
  ) );
#2587 = PCURVE('',#2033,#2588);
#2588 = DEFINITIONAL_REPRESENTATION('',(#2589),#2593);
#2589 = CIRCLE('',#2590,1.3);
#2590 = AXIS2_PLACEMENT_2D('',#2591,#2592);
#2591 = CARTESIAN_POINT('',(-77.71729521216,56.464920133187));
#2592 = DIRECTION('',(0.,1.));
#2593 = ( GEOMETRIC_REPRESENTATION_CONTEXT(2) 
PARAMETRIC_REPRESENTATION_CONTEXT() REPRESENTATION_CONTEXT('2D SPACE',''
  ) );
#2594 = ORIENTED_EDGE('',*,*,#2550,.T.);
#2595 = ADVANCED_FACE('',(#2596),#1855,.F.);
#2596 = FACE_BOUND('',#2597,.F.);
#2597 = EDGE_LOOP('',(#2598,#2599,#2622,#2644));
#2598 = ORIENTED_EDGE('',*,*,#1838,.F.);
#2599 = ORIENTED_EDGE('',*,*,#2600,.F.);
#2600 = EDGE_CURVE('',#2601,#1839,#2603,.T.);
#2601 = VERTEX_POINT('',#2602);
#2602 = CARTESIAN_POINT('',(169.70356586536,-48.03192995482,
    84.493743067354));
#2603 = SEAM_CURVE('',#2604,(#2608,#2615),.PCURVE_S1.);
#2604 = LINE('',#2605,#2606);
#2605 = CARTESIAN_POINT('',(168.70356586536,-48.03192995482,
    84.493743067354));
#2606 = VECTOR('',#2607,1.);
#2607 = DIRECTION('',(1.,0.,0.));
#2608 = PCURVE('',#1855,#2609);
#2609 = DEFINITIONAL_REPRESENTATION('',(#2610),#2614);
#2610 = LINE('',#2611,#2612);
#2611 = CARTESIAN_POINT('',(6.28318530718,-0.));
#2612 = VECTOR('',#2613,1.);
#2613 = DIRECTION('',(0.,1.));
#2614 = ( GEOMETRIC_REPRESENTATION_CONTEXT(2) 
PARAMETRIC_REPRESENTATION_CONTEXT() REPRESENTATION_CONTEXT('2D SPACE',''
  ) );
#2615 = PCURVE('',#1855,#2616);
#2616 = DEFINITIONAL_REPRESENTATION('',(#2617),#2621);
#2617 = LINE('',#2618,#2619);
#2618 = CARTESIAN_POINT('',(0.,-0.));
#2619 = VECTOR('',#2620,1.);
#2620 = DIRECTION('',(0.,1.));
#2621 = ( GEOMETRIC_REPRESENTATION_CONTEXT(2) 
PARAMETRIC_REPRESENTATION_CONTEXT() REPRESENTATION_CONTEXT('2D SPACE',''
  ) );
#2622 = ORIENTED_EDGE('',*,*,#2623,.T.);
#2623 = EDGE_CURVE('',#2601,#2601,#2624,.T.);
#2624 = SURFACE_CURVE('',#2625,(#2630,#2637),.PCURVE_S1.);
#2625 = CIRCLE('',#2626,1.3);
#2626 = AXIS2_PLACEMENT_3D('',#2627,#2628,#2629);
#2627 = CARTESIAN_POINT('',(169.70356586536,-48.03192995482,
    83.193743067354));
#2628 = DIRECTION('',(1.,0.,0.));
#2629 = DIRECTION('',(-0.,0.,1.));
#2630 = PCURVE('',#1855,#2631);
#2631 = DEFINITIONAL_REPRESENTATION('',(#2632),#2636);
#2632 = LINE('',#2633,#2634);
#2633 = CARTESIAN_POINT('',(0.,1.));
#2634 = VECTOR('',#2635,1.);
#2635 = DIRECTION('',(1.,0.));
#2636 = ( GEOMETRIC_REPRESENTATION_CONTEXT(2) 
PARAMETRIC_REPRESENTATION_CONTEXT() REPRESENTATION_CONTEXT('2D SPACE',''
  ) );
#2637 = PCURVE('',#2033,#2638);
#2638 = DEFINITIONAL_REPRESENTATION('',(#2639),#2643);
#2639 = CIRCLE('',#2640,1.3);
#2640 = AXIS2_PLACEMENT_2D('',#2641,#2642);
#2641 = CARTESIAN_POINT('',(-48.03192995482,83.193743067354));
#2642 = DIRECTION('',(0.,1.));
#2643 = ( GEOMETRIC_REPRESENTATION_CONTEXT(2) 
PARAMETRIC_REPRESENTATION_CONTEXT() REPRESENTATION_CONTEXT('2D SPACE',''
  ) );
#2644 = ORIENTED_EDGE('',*,*,#2600,.T.);
#2645 = ADVANCED_FACE('',(#2646),#1886,.F.);
#2646 = FACE_BOUND('',#2647,.F.);
#2647 = EDGE_LOOP('',(#2648,#2649,#2672,#2694));
#2648 = ORIENTED_EDGE('',*,*,#1869,.F.);
#2649 = ORIENTED_EDGE('',*,*,#2650,.F.);
#2650 = EDGE_CURVE('',#2651,#1870,#2653,.T.);
#2651 = VERTEX_POINT('',#2652);
#2652 = CARTESIAN_POINT('',(169.70356586536,-10.04140765191,
    96.837612033746));
#2653 = SEAM_CURVE('',#2654,(#2658,#2665),.PCURVE_S1.);
#2654 = LINE('',#2655,#2656);
#2655 = CARTESIAN_POINT('',(168.70356586536,-10.04140765191,
    96.837612033746));
#2656 = VECTOR('',#2657,1.);
#2657 = DIRECTION('',(1.,0.,0.));
#2658 = PCURVE('',#1886,#2659);
#2659 = DEFINITIONAL_REPRESENTATION('',(#2660),#2664);
#2660 = LINE('',#2661,#2662);
#2661 = CARTESIAN_POINT('',(6.28318530718,-0.));
#2662 = VECTOR('',#2663,1.);
#2663 = DIRECTION('',(0.,1.));
#2664 = ( GEOMETRIC_REPRESENTATION_CONTEXT(2) 
PARAMETRIC_REPRESENTATION_CONTEXT() REPRESENTATION_CONTEXT('2D SPACE',''
  ) );
#2665 = PCURVE('',#1886,#2666);
#2666 = DEFINITIONAL_REPRESENTATION('',(#2667),#2671);
#2667 = LINE('',#2668,#2669);
#2668 = CARTESIAN_POINT('',(0.,-0.));
#2669 = VECTOR('',#2670,1.);
#2670 = DIRECTION('',(0.,1.));
#2671 = ( GEOMETRIC_REPRESENTATION_CONTEXT(2) 
PARAMETRIC_REPRESENTATION_CONTEXT() REPRESENTATION_CONTEXT('2D SPACE',''
  ) );
#2672 = ORIENTED_EDGE('',*,*,#2673,.T.);
#2673 = EDGE_CURVE('',#2651,#2651,#2674,.T.);
#2674 = SURFACE_CURVE('',#2675,(#2680,#2687),.PCURVE_S1.);
#2675 = CIRCLE('',#2676,1.3);
#2676 = AXIS2_PLACEMENT_3D('',#2677,#2678,#2679);
#2677 = CARTESIAN_POINT('',(169.70356586536,-10.04140765191,
    95.537612033746));
#2678 = DIRECTION('',(1.,0.,0.));
#2679 = DIRECTION('',(-0.,0.,1.));
#2680 = PCURVE('',#1886,#2681);
#2681 = DEFINITIONAL_REPRESENTATION('',(#2682),#2686);
#2682 = LINE('',#2683,#2684);
#2683 = CARTESIAN_POINT('',(0.,1.));
#2684 = VECTOR('',#2685,1.);
#2685 = DIRECTION('',(1.,0.));
#2686 = ( GEOMETRIC_REPRESENTATION_CONTEXT(2) 
PARAMETRIC_REPRESENTATION_CONTEXT() REPRESENTATION_CONTEXT('2D SPACE',''
  ) );
#2687 = PCURVE('',#2033,#2688);
#2688 = DEFINITIONAL_REPRESENTATION('',(#2689),#2693);
#2689 = CIRCLE('',#2690,1.3);
#2690 = AXIS2_PLACEMENT_2D('',#2691,#2692);
#2691 = CARTESIAN_POINT('',(-10.04140765191,95.537612033746));
#2692 = DIRECTION('',(0.,1.));
#2693 = ( GEOMETRIC_REPRESENTATION_CONTEXT(2) 
PARAMETRIC_REPRESENTATION_CONTEXT() REPRESENTATION_CONTEXT('2D SPACE',''
  ) );
#2694 = ORIENTED_EDGE('',*,*,#2650,.T.);
#2695 = ADVANCED_FACE('',(#2696),#1917,.F.);
#2696 = FACE_BOUND('',#2697,.F.);
#2697 = EDGE_LOOP('',(#2698,#2699,#2722,#2744));
#2698 = ORIENTED_EDGE('',*,*,#1900,.F.);
#2699 = ORIENTED_EDGE('',*,*,#2700,.F.);
#2700 = EDGE_CURVE('',#2701,#1901,#2703,.T.);
#2701 = VERTEX_POINT('',#2702);
#2702 = CARTESIAN_POINT('',(169.70356586536,87.758702864084,
    40.372691900558));
#2703 = SEAM_CURVE('',#2704,(#2708,#2715),.PCURVE_S1.);
#2704 = LINE('',#2705,#2706);
#2705 = CARTESIAN_POINT('',(168.70356586536,87.758702864084,
    40.372691900558));
#2706 = VECTOR('',#2707,1.);
#2707 = DIRECTION('',(1.,0.,0.));
#2708 = PCURVE('',#1917,#2709);
#2709 = DEFINITIONAL_REPRESENTATION('',(#2710),#2714);
#2710 = LINE('',#2711,#2712);
#2711 = CARTESIAN_POINT('',(6.28318530718,-0.));
#2712 = VECTOR('',#2713,1.);
#2713 = DIRECTION('',(0.,1.));
#2714 = ( GEOMETRIC_REPRESENTATION_CONTEXT(2) 
PARAMETRIC_REPRESENTATION_CONTEXT() REPRESENTATION_CONTEXT('2D SPACE',''
  ) );
#2715 = PCURVE('',#1917,#2716);
#2716 = DEFINITIONAL_REPRESENTATION('',(#2717),#2721);
#2717 = LINE('',#2718,#2719);
#2718 = CARTESIAN_POINT('',(0.,-0.));
#2719 = VECTOR('',#2720,1.);
#2720 = DIRECTION('',(0.,1.));
#2721 = ( GEOMETRIC_REPRESENTATION_CONTEXT(2) 
PARAMETRIC_REPRESENTATION_CONTEXT() REPRESENTATION_CONTEXT('2D SPACE',''
  ) );
#2722 = ORIENTED_EDGE('',*,*,#2723,.T.);
#2723 = EDGE_CURVE('',#2701,#2701,#2724,.T.);
#2724 = SURFACE_CURVE('',#2725,(#2730,#2737),.PCURVE_S1.);
#2725 = CIRCLE('',#2726,1.3);
#2726 = AXIS2_PLACEMENT_3D('',#2727,#2728,#2729);
#2727 = CARTESIAN_POINT('',(169.70356586536,87.758702864084,
    39.072691900558));
#2728 = DIRECTION('',(1.,0.,0.));
#2729 = DIRECTION('',(-0.,0.,1.));
#2730 = PCURVE('',#1917,#2731);
#2731 = DEFINITIONAL_REPRESENTATION('',(#2732),#2736);
#2732 = LINE('',#2733,#2734);
#2733 = CARTESIAN_POINT('',(0.,1.));
#2734 = VECTOR('',#2735,1.);
#2735 = DIRECTION('',(1.,0.));
#2736 = ( GEOMETRIC_REPRESENTATION_CONTEXT(2) 
PARAMETRIC_REPRESENTATION_CONTEXT() REPRESENTATION_CONTEXT('2D SPACE',''
  ) );
#2737 = PCURVE('',#2033,#2738);
#2738 = DEFINITIONAL_REPRESENTATION('',(#2739),#2743);
#2739 = CIRCLE('',#2740,1.3);
#2740 = AXIS2_PLACEMENT_2D('',#2741,#2742);
#2741 = CARTESIAN_POINT('',(87.758702864084,39.072691900558));
#2742 = DIRECTION('',(0.,1.));
#2743 = ( GEOMETRIC_REPRESENTATION_CONTEXT(2) 
PARAMETRIC_REPRESENTATION_CONTEXT() REPRESENTATION_CONTEXT('2D SPACE',''
  ) );
#2744 = ORIENTED_EDGE('',*,*,#2700,.T.);
#2745 = ADVANCED_FACE('',(#2746),#1948,.F.);
#2746 = FACE_BOUND('',#2747,.F.);
#2747 = EDGE_LOOP('',(#2748,#2749,#2772,#2794));
#2748 = ORIENTED_EDGE('',*,*,#1931,.F.);
#2749 = ORIENTED_EDGE('',*,*,#2750,.F.);
#2750 = EDGE_CURVE('',#2751,#1932,#2753,.T.);
#2751 = VERTEX_POINT('',#2752);
#2752 = CARTESIAN_POINT('',(169.70356586536,29.685365257339,
    92.662159947546));
#2753 = SEAM_CURVE('',#2754,(#2758,#2765),.PCURVE_S1.);
#2754 = LINE('',#2755,#2756);
#2755 = CARTESIAN_POINT('',(168.70356586536,29.685365257339,
    92.662159947546));
#2756 = VECTOR('',#2757,1.);
#2757 = DIRECTION('',(1.,0.,0.));
#2758 = PCURVE('',#1948,#2759);
#2759 = DEFINITIONAL_REPRESENTATION('',(#2760),#2764);
#2760 = LINE('',#2761,#2762);
#2761 = CARTESIAN_POINT('',(6.28318530718,-0.));
#2762 = VECTOR('',#2763,1.);
#2763 = DIRECTION('',(0.,1.));
#2764 = ( GEOMETRIC_REPRESENTATION_CONTEXT(2) 
PARAMETRIC_REPRESENTATION_CONTEXT() REPRESENTATION_CONTEXT('2D SPACE',''
  ) );
#2765 = PCURVE('',#1948,#2766);
#2766 = DEFINITIONAL_REPRESENTATION('',(#2767),#2771);
#2767 = LINE('',#2768,#2769);
#2768 = CARTESIAN_POINT('',(0.,-0.));
#2769 = VECTOR('',#2770,1.);
#2770 = DIRECTION('',(0.,1.));
#2771 = ( GEOMETRIC_REPRESENTATION_CONTEXT(2) 
PARAMETRIC_REPRESENTATION_CONTEXT() REPRESENTATION_CONTEXT('2D SPACE',''
  ) );
#2772 = ORIENTED_EDGE('',*,*,#2773,.T.);
#2773 = EDGE_CURVE('',#2751,#2751,#2774,.T.);
#2774 = SURFACE_CURVE('',#2775,(#2780,#2787),.PCURVE_S1.);
#2775 = CIRCLE('',#2776,1.3);
#2776 = AXIS2_PLACEMENT_3D('',#2777,#2778,#2779);
#2777 = CARTESIAN_POINT('',(169.70356586536,29.685365257339,
    91.362159947546));
#2778 = DIRECTION('',(1.,0.,0.));
#2779 = DIRECTION('',(-0.,0.,1.));
#2780 = PCURVE('',#1948,#2781);
#2781 = DEFINITIONAL_REPRESENTATION('',(#2782),#2786);
#2782 = LINE('',#2783,#2784);
#2783 = CARTESIAN_POINT('',(0.,1.));
#2784 = VECTOR('',#2785,1.);
#2785 = DIRECTION('',(1.,0.));
#2786 = ( GEOMETRIC_REPRESENTATION_CONTEXT(2) 
PARAMETRIC_REPRESENTATION_CONTEXT() REPRESENTATION_CONTEXT('2D SPACE',''
  ) );
#2787 = PCURVE('',#2033,#2788);
#2788 = DEFINITIONAL_REPRESENTATION('',(#2789),#2793);
#2789 = CIRCLE('',#2790,1.3);
#2790 = AXIS2_PLACEMENT_2D('',#2791,#2792);
#2791 = CARTESIAN_POINT('',(29.685365257339,91.362159947546));
#2792 = DIRECTION('',(0.,1.));
#2793 = ( GEOMETRIC_REPRESENTATION_CONTEXT(2) 
PARAMETRIC_REPRESENTATION_CONTEXT() REPRESENTATION_CONTEXT('2D SPACE',''
  ) );
#2794 = ORIENTED_EDGE('',*,*,#2750,.T.);
#2795 = ADVANCED_FACE('',(#2796),#1979,.F.);
#2796 = FACE_BOUND('',#2797,.F.);
#2797 = EDGE_LOOP('',(#2798,#2799,#2822,#2844));
#2798 = ORIENTED_EDGE('',*,*,#1962,.F.);
#2799 = ORIENTED_EDGE('',*,*,#2800,.F.);
#2800 = EDGE_CURVE('',#2801,#1963,#2803,.T.);
#2801 = VERTEX_POINT('',#2802);
#2802 = CARTESIAN_POINT('',(169.70356586536,64.279268830522,
    72.689360407248));
#2803 = SEAM_CURVE('',#2804,(#2808,#2815),.PCURVE_S1.);
#2804 = LINE('',#2805,#2806);
#2805 = CARTESIAN_POINT('',(168.70356586536,64.279268830522,
    72.689360407248));
#2806 = VECTOR('',#2807,1.);
#2807 = DIRECTION('',(1.,0.,0.));
#2808 = PCURVE('',#1979,#2809);
#2809 = DEFINITIONAL_REPRESENTATION('',(#2810),#2814);
#2810 = LINE('',#2811,#2812);
#2811 = CARTESIAN_POINT('',(6.28318530718,-0.));
#2812 = VECTOR('',#2813,1.);
#2813 = DIRECTION('',(0.,1.));
#2814 = ( GEOMETRIC_REPRESENTATION_CONTEXT(2) 
PARAMETRIC_REPRESENTATION_CONTEXT() REPRESENTATION_CONTEXT('2D SPACE',''
  ) );
#2815 = PCURVE('',#1979,#2816);
#2816 = DEFINITIONAL_REPRESENTATION('',(#2817),#2821);
#2817 = LINE('',#2818,#2819);
#2818 = CARTESIAN_POINT('',(0.,-0.));
#2819 = VECTOR('',#2820,1.);
#2820 = DIRECTION('',(0.,1.));
#2821 = ( GEOMETRIC_REPRESENTATION_CONTEXT(2) 
PARAMETRIC_REPRESENTATION_CONTEXT() REPRESENTATION_CONTEXT('2D SPACE',''
  ) );
#2822 = ORIENTED_EDGE('',*,*,#2823,.T.);
#2823 = EDGE_CURVE('',#2801,#2801,#2824,.T.);
#2824 = SURFACE_CURVE('',#2825,(#2830,#2837),.PCURVE_S1.);
#2825 = CIRCLE('',#2826,1.3);
#2826 = AXIS2_PLACEMENT_3D('',#2827,#2828,#2829);
#2827 = CARTESIAN_POINT('',(169.70356586536,64.279268830522,
    71.389360407248));
#2828 = DIRECTION('',(1.,0.,0.));
#2829 = DIRECTION('',(-0.,0.,1.));
#2830 = PCURVE('',#1979,#2831);
#2831 = DEFINITIONAL_REPRESENTATION('',(#2832),#2836);
#2832 = LINE('',#2833,#2834);
#2833 = CARTESIAN_POINT('',(0.,1.));
#2834 = VECTOR('',#2835,1.);
#2835 = DIRECTION('',(1.,0.));
#2836 = ( GEOMETRIC_REPRESENTATION_CONTEXT(2) 
PARAMETRIC_REPRESENTATION_CONTEXT() REPRESENTATION_CONTEXT('2D SPACE',''
  ) );
#2837 = PCURVE('',#2033,#2838);
#2838 = DEFINITIONAL_REPRESENTATION('',(#2839),#2843);
#2839 = CIRCLE('',#2840,1.3);
#2840 = AXIS2_PLACEMENT_2D('',#2841,#2842);
#2841 = CARTESIAN_POINT('',(64.279268830522,71.389360407248));
#2842 = DIRECTION('',(0.,1.));
#2843 = ( GEOMETRIC_REPRESENTATION_CONTEXT(2) 
PARAMETRIC_REPRESENTATION_CONTEXT() REPRESENTATION_CONTEXT('2D SPACE',''
  ) );
#2844 = ORIENTED_EDGE('',*,*,#2800,.T.);
#2845 = ADVANCED_FACE('',(#2846,#2849,#2852,#2855,#2858,#2861,#2864,
    #2867,#2870,#2873,#2876,#2879,#2882,#2885,#2888,#2891,#2894),#2033,
  .F.);
#2846 = FACE_BOUND('',#2847,.T.);
#2847 = EDGE_LOOP('',(#2848));
#2848 = ORIENTED_EDGE('',*,*,#2049,.F.);
#2849 = FACE_BOUND('',#2850,.T.);
#2850 = EDGE_LOOP('',(#2851));
#2851 = ORIENTED_EDGE('',*,*,#2373,.T.);
#2852 = FACE_BOUND('',#2853,.T.);
#2853 = EDGE_LOOP('',(#2854));
#2854 = ORIENTED_EDGE('',*,*,#2323,.T.);
#2855 = FACE_BOUND('',#2856,.T.);
#2856 = EDGE_LOOP('',(#2857));
#2857 = ORIENTED_EDGE('',*,*,#2423,.T.);
#2858 = FACE_BOUND('',#2859,.T.);
#2859 = EDGE_LOOP('',(#2860));
#2860 = ORIENTED_EDGE('',*,*,#2473,.T.);
#2861 = FACE_BOUND('',#2862,.T.);
#2862 = EDGE_LOOP('',(#2863));
#2863 = ORIENTED_EDGE('',*,*,#2223,.T.);
#2864 = FACE_BOUND('',#2865,.T.);
#2865 = EDGE_LOOP('',(#2866));
#2866 = ORIENTED_EDGE('',*,*,#2123,.T.);
#2867 = FACE_BOUND('',#2868,.T.);
#2868 = EDGE_LOOP('',(#2869));
#2869 = ORIENTED_EDGE('',*,*,#2173,.T.);
#2870 = FACE_BOUND('',#2871,.T.);
#2871 = EDGE_LOOP('',(#2872));
#2872 = ORIENTED_EDGE('',*,*,#2018,.T.);
#2873 = FACE_BOUND('',#2874,.T.);
#2874 = EDGE_LOOP('',(#2875));
#2875 = ORIENTED_EDGE('',*,*,#2273,.T.);
#2876 = FACE_BOUND('',#2877,.T.);
#2877 = EDGE_LOOP('',(#2878));
#2878 = ORIENTED_EDGE('',*,*,#2723,.T.);
#2879 = FACE_BOUND('',#2880,.T.);
#2880 = EDGE_LOOP('',(#2881));
#2881 = ORIENTED_EDGE('',*,*,#2823,.T.);
#2882 = FACE_BOUND('',#2883,.T.);
#2883 = EDGE_LOOP('',(#2884));
#2884 = ORIENTED_EDGE('',*,*,#2773,.T.);
#2885 = FACE_BOUND('',#2886,.T.);
#2886 = EDGE_LOOP('',(#2887));
#2887 = ORIENTED_EDGE('',*,*,#2523,.T.);
#2888 = FACE_BOUND('',#2889,.T.);
#2889 = EDGE_LOOP('',(#2890));
#2890 = ORIENTED_EDGE('',*,*,#2673,.T.);
#2891 = FACE_BOUND('',#2892,.T.);
#2892 = EDGE_LOOP('',(#2893));
#2893 = ORIENTED_EDGE('',*,*,#2573,.T.);
#2894 = FACE_BOUND('',#2895,.T.);
#2895 = EDGE_LOOP('',(#2896));
#2896 = ORIENTED_EDGE('',*,*,#2623,.T.);
#2897 = ( GEOMETRIC_REPRESENTATION_CONTEXT(3) 
GLOBAL_UNCERTAINTY_ASSIGNED_CONTEXT((#2901)) 
GLOBAL_UNIT_ASSIGNED_CONTEXT((#2898,#2899,#2900)) REPRESENTATION_CONTEXT
('Context #1','3D Context with UNIT and UNCERTAINTY') );
#2898 = ( LENGTH_UNIT() NAMED_UNIT(*) SI_UNIT(.MILLI.,.METRE.) );
#2899 = ( NAMED_UNIT(*) PLANE_ANGLE_UNIT() SI_UNIT($,.RADIAN.) );
#2900 = ( NAMED_UNIT(*) SI_UNIT($,.STERADIAN.) SOLID_ANGLE_UNIT() );
#2901 = UNCERTAINTY_MEASURE_WITH_UNIT(LENGTH_MEASURE(1.E-07),#2898,
  'distance_accuracy_value','confusion accuracy');
#2902 = PRODUCT_RELATED_PRODUCT_CATEGORY('part',$,(#7));
ENDSEC;
END-ISO-10303-21;
