ISO-10303-21;
HEADER;
FILE_DESCRIPTION(('Open CASCADE Model'),'2;1');
FILE_NAME('Open CASCADE Shape Model','2026-09-16T14:42:24',('Author'),(
    'Open CASCADE'),'Open CASCADE STEP processor 7.9','Open CASCADE 7.9'
  ,'Unknown');
FILE_SCHEMA(('AUTOMOTIVE_DESIGN { 1 0 10303 214 1 1 1 1 }'));
ENDSEC;
DATA;
#1 = APPLICATION_PROTOCOL_DEFINITION('international standard',
  'automotive_design',2000,#2);
#2 = APPLICATION_CONTEXT(
  'core data for automotive mechanical design processes');
#3 = SHAPE_DEFINITION_REPRESENTATION(#4,#10);
#4 = PRODUCT_DEFINITION_SHAPE('','',#5);
#5 = PRODUCT_DEFINITION('design','',#6,#9);
#6 = PRODUCT_DEFINITION_FORMATION('','',#7);
#7 = PRODUCT('Open CASCADE STEP translator 7.9 14',
  'Open CASCADE STEP translator 7.9 14','',(#8));
#8 = PRODUCT_CONTEXT('',#2,'mechanical');
#9 = PRODUCT_DEFINITION_CONTEXT('part definition',#2,'design');
#10 = SHAPE_REPRESENTATION('',(#11,#15,#19,#23,#27,#31,#35,#39,#43,#47,
    #51,#55,#59,#63,#67),#71);
#11 = AXIS2_PLACEMENT_3D('',#12,#13,#14);
#12 = CARTESIAN_POINT('',(0.,0.,0.));
#13 = DIRECTION('',(0.,0.,1.));
#14 = DIRECTION('',(1.,0.,-0.));
#15 = AXIS2_PLACEMENT_3D('',#16,#17,#18);
#16 = CARTESIAN_POINT('',(0.,0.,0.));
#17 = DIRECTION('',(0.,0.,1.));
#18 = DIRECTION('',(1.,0.,-0.));
#19 = AXIS2_PLACEMENT_3D('',#20,#21,#22);
#20 = CARTESIAN_POINT('',(0.,0.,0.));
#21 = DIRECTION('',(0.,0.,1.));
#22 = DIRECTION('',(1.,0.,-0.));
#23 = AXIS2_PLACEMENT_3D('',#24,#25,#26);
#24 = CARTESIAN_POINT('',(0.,0.,0.));
#25 = DIRECTION('',(0.,0.,1.));
#26 = DIRECTION('',(1.,0.,-0.));
#27 = AXIS2_PLACEMENT_3D('',#28,#29,#30);
#28 = CARTESIAN_POINT('',(0.,0.,0.));
#29 = DIRECTION('',(0.,0.,1.));
#30 = DIRECTION('',(1.,0.,-0.));
#31 = AXIS2_PLACEMENT_3D('',#32,#33,#34);
#32 = CARTESIAN_POINT('',(0.,0.,0.));
#33 = DIRECTION('',(0.,0.,1.));
#34 = DIRECTION('',(1.,0.,-0.));
#35 = AXIS2_PLACEMENT_3D('',#36,#37,#38);
#36 = CARTESIAN_POINT('',(0.,0.,0.));
#37 = DIRECTION('',(0.,0.,1.));
#38 = DIRECTION('',(1.,0.,-0.));
#39 = AXIS2_PLACEMENT_3D('',#40,#41,#42);
#40 = CARTESIAN_POINT('',(0.,0.,0.));
#41 = DIRECTION('',(0.,0.,1.));
#42 = DIRECTION('',(1.,0.,-0.));
#43 = AXIS2_PLACEMENT_3D('',#44,#45,#46);
#44 = CARTESIAN_POINT('',(0.,0.,0.));
#45 = DIRECTION('',(0.,0.,1.));
#46 = DIRECTION('',(1.,0.,-0.));
#47 = AXIS2_PLACEMENT_3D('',#48,#49,#50);
#48 = CARTESIAN_POINT('',(0.,0.,0.));
#49 = DIRECTION('',(0.,0.,1.));
#50 = DIRECTION('',(1.,0.,-0.));
#51 = AXIS2_PLACEMENT_3D('',#52,#53,#54);
#52 = CARTESIAN_POINT('',(0.,0.,0.));
#53 = DIRECTION('',(0.,0.,1.));
#54 = DIRECTION('',(1.,0.,-0.));
#55 = AXIS2_PLACEMENT_3D('',#56,#57,#58);
#56 = CARTESIAN_POINT('',(0.,0.,0.));
#57 = DIRECTION('',(0.,0.,1.));
#58 = DIRECTION('',(1.,0.,-0.));
#59 = AXIS2_PLACEMENT_3D('',#60,#61,#62);
#60 = CARTESIAN_POINT('',(0.,0.,0.));
#61 = DIRECTION('',(0.,0.,1.));
#62 = DIRECTION('',(1.,0.,-0.));
#63 = AXIS2_PLACEMENT_3D('',#64,#65,#66);
#64 = CARTESIAN_POINT('',(0.,0.,0.));
#65 = DIRECTION('',(0.,0.,1.));
#66 = DIRECTION('',(1.,0.,-0.));
#67 = AXIS2_PLACEMENT_3D('',#68,#69,#70);
#68 = CARTESIAN_POINT('',(0.,0.,0.));
#69 = DIRECTION('',(0.,0.,1.));
#70 = DIRECTION('',(1.,0.,-0.));
#71 = ( GEOMETRIC_REPRESENTATION_CONTEXT(3) 
GLOBAL_UNCERTAINTY_ASSIGNED_CONTEXT((#75)) GLOBAL_UNIT_ASSIGNED_CONTEXT(
(#72,#73,#74)) REPRESENTATION_CONTEXT('Context #1',
  '3D Context with UNIT and UNCERTAINTY') );
#72 = ( LENGTH_UNIT() NAMED_UNIT(*) SI_UNIT(.MILLI.,.METRE.) );
#73 = ( NAMED_UNIT(*) PLANE_ANGLE_UNIT() SI_UNIT($,.RADIAN.) );
#74 = ( NAMED_UNIT(*) SI_UNIT($,.STERADIAN.) SOLID_ANGLE_UNIT() );
#75 = UNCERTAINTY_MEASURE_WITH_UNIT(LENGTH_MEASURE(1.E-07),#72,
  'distance_accuracy_value','confusion accuracy');
#76 = PRODUCT_RELATED_PRODUCT_CATEGORY('part',$,(#7));
#77 = SHAPE_DEFINITION_REPRESENTATION(#78,#84);
#78 = PRODUCT_DEFINITION_SHAPE('','',#79);
#79 = PRODUCT_DEFINITION('design','',#80,#83);
#80 = PRODUCT_DEFINITION_FORMATION('','',#81);
#81 = PRODUCT('Open CASCADE STEP translator 7.9 14.1',
  'Open CASCADE STEP translator 7.9 14.1','',(#82));
#82 = PRODUCT_CONTEXT('',#2,'mechanical');
#83 = PRODUCT_DEFINITION_CONTEXT('part definition',#2,'design');
#84 = SHAPE_REPRESENTATION('',(#11,#85,#89,#93),#97);
#85 = AXIS2_PLACEMENT_3D('',#86,#87,#88);
#86 = CARTESIAN_POINT('',(0.,0.,0.));
#87 = DIRECTION('',(0.,0.,1.));
#88 = DIRECTION('',(1.,0.,-0.));
#89 = AXIS2_PLACEMENT_3D('',#90,#91,#92);
#90 = CARTESIAN_POINT('',(0.,0.,0.));
#91 = DIRECTION('',(0.,0.,1.));
#92 = DIRECTION('',(1.,0.,-0.));
#93 = AXIS2_PLACEMENT_3D('',#94,#95,#96);
#94 = CARTESIAN_POINT('',(0.,0.,0.));
#95 = DIRECTION('',(0.,0.,1.));
#96 = DIRECTION('',(1.,0.,-0.));
#97 = ( GEOMETRIC_REPRESENTATION_CONTEXT(3) 
GLOBAL_UNCERTAINTY_ASSIGNED_CONTEXT((#101)) GLOBAL_UNIT_ASSIGNED_CONTEXT
((#98,#99,#100)) REPRESENTATION_CONTEXT('Context #1',
  '3D Context with UNIT and UNCERTAINTY') );
#98 = ( LENGTH_UNIT() NAMED_UNIT(*) SI_UNIT(.MILLI.,.METRE.) );
#99 = ( NAMED_UNIT(*) PLANE_ANGLE_UNIT() SI_UNIT($,.RADIAN.) );
#100 = ( NAMED_UNIT(*) SI_UNIT($,.STERADIAN.) SOLID_ANGLE_UNIT() );
#101 = UNCERTAINTY_MEASURE_WITH_UNIT(LENGTH_MEASURE(1.E-07),#98,
  'distance_accuracy_value','confusion accuracy');
#102 = CONTEXT_DEPENDENT_SHAPE_REPRESENTATION(#103,#105);
#103 = ( REPRESENTATION_RELATIONSHIP('','',#84,#10) 
REPRESENTATION_RELATIONSHIP_WITH_TRANSFORMATION(#104) 
SHAPE_REPRESENTATION_RELATIONSHIP() );
#104 = ITEM_DEFINED_TRANSFORMATION('','',#11,#15);
#105 = PRODUCT_DEFINITION_SHAPE('Placement','Placement of an item',#106
  );
#106 = NEXT_ASSEMBLY_USAGE_OCCURRENCE('67','','',#5,#79,$);
#107 = PRODUCT_RELATED_PRODUCT_CATEGORY('part',$,(#81));
#108 = SHAPE_DEFINITION_REPRESENTATION(#109,#115);
#109 = PRODUCT_DEFINITION_SHAPE('','',#110);
#110 = PRODUCT_DEFINITION('design','',#111,#114);
#111 = PRODUCT_DEFINITION_FORMATION('','',#112);
#112 = PRODUCT('Open CASCADE STEP translator 7.9 14.1.1',
  'Open CASCADE STEP translator 7.9 14.1.1','',(#113));
#113 = PRODUCT_CONTEXT('',#2,'mechanical');
#114 = PRODUCT_DEFINITION_CONTEXT('part definition',#2,'design');
#115 = ADVANCED_BREP_SHAPE_REPRESENTATION('',(#11,#116),#298);
#116 = MANIFOLD_SOLID_BREP('',#117);
#117 = CLOSED_SHELL('',(#118,#186,#241,#271));
#118 = ADVANCED_FACE('',(#119,#155),#132,.F.);
#119 = FACE_BOUND('',#120,.T.);
#120 = EDGE_LOOP('',(#121));
#121 = ORIENTED_EDGE('',*,*,#122,.T.);
#122 = EDGE_CURVE('',#123,#123,#125,.T.);
#123 = VERTEX_POINT('',#124);
#124 = CARTESIAN_POINT('',(53.63279758958,69.837842004362,0.));
#125 = SURFACE_CURVE('',#126,(#131,#143),.PCURVE_S1.);
#126 = CIRCLE('',#127,4.4);
#127 = AXIS2_PLACEMENT_3D('',#128,#129,#130);
#128 = CARTESIAN_POINT('',(53.63279758958,65.437842004362,0.));
#129 = DIRECTION('',(1.,0.,0.));
#130 = DIRECTION('',(0.,1.,0.));
#131 = PCURVE('',#132,#137);
#132 = PLANE('',#133);
#133 = AXIS2_PLACEMENT_3D('',#134,#135,#136);
#134 = CARTESIAN_POINT('',(53.63279758958,65.437842004362,0.));
#135 = DIRECTION('',(1.,0.,0.));
#136 = DIRECTION('',(-0.,1.,-0.));
#137 = DEFINITIONAL_REPRESENTATION('',(#138),#142);
#138 = CIRCLE('',#139,4.4);
#139 = AXIS2_PLACEMENT_2D('',#140,#141);
#140 = CARTESIAN_POINT('',(0.,0.));
#141 = DIRECTION('',(1.,-0.));
#142 = ( GEOMETRIC_REPRESENTATION_CONTEXT(2) 
PARAMETRIC_REPRESENTATION_CONTEXT() REPRESENTATION_CONTEXT('2D SPACE',''
  ) );
#143 = PCURVE('',#144,#149);
#144 = CYLINDRICAL_SURFACE('',#145,4.4);
#145 = AXIS2_PLACEMENT_3D('',#146,#147,#148);
#146 = CARTESIAN_POINT('',(103.14661005817,65.437842004362,0.));
#147 = DIRECTION('',(-1.,-0.,-0.));
#148 = DIRECTION('',(0.,1.,0.));
#149 = DEFINITIONAL_REPRESENTATION('',(#150),#154);
#150 = LINE('',#151,#152);
#151 = CARTESIAN_POINT('',(-0.,49.513812468599));
#152 = VECTOR('',#153,1.);
#153 = DIRECTION('',(-1.,0.));
#154 = ( GEOMETRIC_REPRESENTATION_CONTEXT(2) 
PARAMETRIC_REPRESENTATION_CONTEXT() REPRESENTATION_CONTEXT('2D SPACE',''
  ) );
#155 = FACE_BOUND('',#156,.T.);
#156 = EDGE_LOOP('',(#157));
#157 = ORIENTED_EDGE('',*,*,#158,.F.);
#158 = EDGE_CURVE('',#159,#159,#161,.T.);
#159 = VERTEX_POINT('',#160);
#160 = CARTESIAN_POINT('',(53.63279758958,70.437842004362,0.));
#161 = SURFACE_CURVE('',#162,(#167,#174),.PCURVE_S1.);
#162 = CIRCLE('',#163,5.);
#163 = AXIS2_PLACEMENT_3D('',#164,#165,#166);
#164 = CARTESIAN_POINT('',(53.63279758958,65.437842004362,0.));
#165 = DIRECTION('',(1.,0.,0.));
#166 = DIRECTION('',(0.,1.,0.));
#167 = PCURVE('',#132,#168);
#168 = DEFINITIONAL_REPRESENTATION('',(#169),#173);
#169 = CIRCLE('',#170,5.);
#170 = AXIS2_PLACEMENT_2D('',#171,#172);
#171 = CARTESIAN_POINT('',(0.,0.));
#172 = DIRECTION('',(1.,-0.));
#173 = ( GEOMETRIC_REPRESENTATION_CONTEXT(2) 
PARAMETRIC_REPRESENTATION_CONTEXT() REPRESENTATION_CONTEXT('2D SPACE',''
  ) );
#174 = PCURVE('',#175,#180);
#175 = CYLINDRICAL_SURFACE('',#176,5.);
#176 = AXIS2_PLACEMENT_3D('',#177,#178,#179);
#177 = CARTESIAN_POINT('',(53.63279758958,65.437842004362,0.));
#178 = DIRECTION('',(1.,0.,0.));
#179 = DIRECTION('',(0.,1.,0.));
#180 = DEFINITIONAL_REPRESENTATION('',(#181),#185);
#181 = LINE('',#182,#183);
#182 = CARTESIAN_POINT('',(0.,0.));
#183 = VECTOR('',#184,1.);
#184 = DIRECTION('',(1.,0.));
#185 = ( GEOMETRIC_REPRESENTATION_CONTEXT(2) 
PARAMETRIC_REPRESENTATION_CONTEXT() REPRESENTATION_CONTEXT('2D SPACE',''
  ) );
#186 = ADVANCED_FACE('',(#187),#175,.T.);
#187 = FACE_BOUND('',#188,.T.);
#188 = EDGE_LOOP('',(#189,#190,#213,#240));
#189 = ORIENTED_EDGE('',*,*,#158,.T.);
#190 = ORIENTED_EDGE('',*,*,#191,.T.);
#191 = EDGE_CURVE('',#159,#192,#194,.T.);
#192 = VERTEX_POINT('',#193);
#193 = CARTESIAN_POINT('',(103.14661005817,70.437842004362,0.));
#194 = SEAM_CURVE('',#195,(#199,#206),.PCURVE_S1.);
#195 = LINE('',#196,#197);
#196 = CARTESIAN_POINT('',(53.63279758958,70.437842004362,0.));
#197 = VECTOR('',#198,1.);
#198 = DIRECTION('',(1.,0.,0.));
#199 = PCURVE('',#175,#200);
#200 = DEFINITIONAL_REPRESENTATION('',(#201),#205);
#201 = LINE('',#202,#203);
#202 = CARTESIAN_POINT('',(0.,0.));
#203 = VECTOR('',#204,1.);
#204 = DIRECTION('',(0.,1.));
#205 = ( GEOMETRIC_REPRESENTATION_CONTEXT(2) 
PARAMETRIC_REPRESENTATION_CONTEXT() REPRESENTATION_CONTEXT('2D SPACE',''
  ) );
#206 = PCURVE('',#175,#207);
#207 = DEFINITIONAL_REPRESENTATION('',(#208),#212);
#208 = LINE('',#209,#210);
#209 = CARTESIAN_POINT('',(6.28318530718,0.));
#210 = VECTOR('',#211,1.);
#211 = DIRECTION('',(0.,1.));
#212 = ( GEOMETRIC_REPRESENTATION_CONTEXT(2) 
PARAMETRIC_REPRESENTATION_CONTEXT() REPRESENTATION_CONTEXT('2D SPACE',''
  ) );
#213 = ORIENTED_EDGE('',*,*,#214,.F.);
#214 = EDGE_CURVE('',#192,#192,#215,.T.);
#215 = SURFACE_CURVE('',#216,(#221,#228),.PCURVE_S1.);
#216 = CIRCLE('',#217,5.);
#217 = AXIS2_PLACEMENT_3D('',#218,#219,#220);
#218 = CARTESIAN_POINT('',(103.14661005817,65.437842004362,0.));
#219 = DIRECTION('',(1.,0.,0.));
#220 = DIRECTION('',(0.,1.,0.));
#221 = PCURVE('',#175,#222);
#222 = DEFINITIONAL_REPRESENTATION('',(#223),#227);
#223 = LINE('',#224,#225);
#224 = CARTESIAN_POINT('',(0.,49.513812468599));
#225 = VECTOR('',#226,1.);
#226 = DIRECTION('',(1.,0.));
#227 = ( GEOMETRIC_REPRESENTATION_CONTEXT(2) 
PARAMETRIC_REPRESENTATION_CONTEXT() REPRESENTATION_CONTEXT('2D SPACE',''
  ) );
#228 = PCURVE('',#229,#234);
#229 = PLANE('',#230);
#230 = AXIS2_PLACEMENT_3D('',#231,#232,#233);
#231 = CARTESIAN_POINT('',(103.14661005817,65.437842004362,0.));
#232 = DIRECTION('',(1.,0.,0.));
#233 = DIRECTION('',(0.,1.,0.));
#234 = DEFINITIONAL_REPRESENTATION('',(#235),#239);
#235 = CIRCLE('',#236,5.);
#236 = AXIS2_PLACEMENT_2D('',#237,#238);
#237 = CARTESIAN_POINT('',(0.,0.));
#238 = DIRECTION('',(1.,0.));
#239 = ( GEOMETRIC_REPRESENTATION_CONTEXT(2) 
PARAMETRIC_REPRESENTATION_CONTEXT() REPRESENTATION_CONTEXT('2D SPACE',''
  ) );
#240 = ORIENTED_EDGE('',*,*,#191,.F.);
#241 = ADVANCED_FACE('',(#242,#245),#229,.T.);
#242 = FACE_BOUND('',#243,.T.);
#243 = EDGE_LOOP('',(#244));
#244 = ORIENTED_EDGE('',*,*,#214,.T.);
#245 = FACE_BOUND('',#246,.T.);
#246 = EDGE_LOOP('',(#247));
#247 = ORIENTED_EDGE('',*,*,#248,.F.);
#248 = EDGE_CURVE('',#249,#249,#251,.T.);
#249 = VERTEX_POINT('',#250);
#250 = CARTESIAN_POINT('',(103.14661005817,69.837842004362,0.));
#251 = SURFACE_CURVE('',#252,(#257,#264),.PCURVE_S1.);
#252 = CIRCLE('',#253,4.4);
#253 = AXIS2_PLACEMENT_3D('',#254,#255,#256);
#254 = CARTESIAN_POINT('',(103.14661005817,65.437842004362,0.));
#255 = DIRECTION('',(1.,0.,0.));
#256 = DIRECTION('',(0.,1.,0.));
#257 = PCURVE('',#229,#258);
#258 = DEFINITIONAL_REPRESENTATION('',(#259),#263);
#259 = CIRCLE('',#260,4.4);
#260 = AXIS2_PLACEMENT_2D('',#261,#262);
#261 = CARTESIAN_POINT('',(0.,0.));
#262 = DIRECTION('',(1.,0.));
#263 = ( GEOMETRIC_REPRESENTATION_CONTEXT(2) 
PARAMETRIC_REPRESENTATION_CONTEXT() REPRESENTATION_CONTEXT('2D SPACE',''
  ) );
#264 = PCURVE('',#144,#265);
#265 = DEFINITIONAL_REPRESENTATION('',(#266),#270);
#266 = LINE('',#267,#268);
#267 = CARTESIAN_POINT('',(-0.,0.));
#268 = VECTOR('',#269,1.);
#269 = DIRECTION('',(-1.,0.));
#270 = ( GEOMETRIC_REPRESENTATION_CONTEXT(2) 
PARAMETRIC_REPRESENTATION_CONTEXT() REPRESENTATION_CONTEXT('2D SPACE',''
  ) );
#271 = ADVANCED_FACE('',(#272),#144,.F.);
#272 = FACE_BOUND('',#273,.T.);
#273 = EDGE_LOOP('',(#274,#275,#296,#297));
#274 = ORIENTED_EDGE('',*,*,#248,.T.);
#275 = ORIENTED_EDGE('',*,*,#276,.T.);
#276 = EDGE_CURVE('',#249,#123,#277,.T.);
#277 = SEAM_CURVE('',#278,(#282,#289),.PCURVE_S1.);
#278 = LINE('',#279,#280);
#279 = CARTESIAN_POINT('',(103.14661005817,69.837842004362,0.));
#280 = VECTOR('',#281,1.);
#281 = DIRECTION('',(-1.,0.,0.));
#282 = PCURVE('',#144,#283);
#283 = DEFINITIONAL_REPRESENTATION('',(#284),#288);
#284 = LINE('',#285,#286);
#285 = CARTESIAN_POINT('',(-0.,0.));
#286 = VECTOR('',#287,1.);
#287 = DIRECTION('',(-0.,1.));
#288 = ( GEOMETRIC_REPRESENTATION_CONTEXT(2) 
PARAMETRIC_REPRESENTATION_CONTEXT() REPRESENTATION_CONTEXT('2D SPACE',''
  ) );
#289 = PCURVE('',#144,#290);
#290 = DEFINITIONAL_REPRESENTATION('',(#291),#295);
#291 = LINE('',#292,#293);
#292 = CARTESIAN_POINT('',(-6.28318530718,0.));
#293 = VECTOR('',#294,1.);
#294 = DIRECTION('',(-0.,1.));
#295 = ( GEOMETRIC_REPRESENTATION_CONTEXT(2) 
PARAMETRIC_REPRESENTATION_CONTEXT() REPRESENTATION_CONTEXT('2D SPACE',''
  ) );
#296 = ORIENTED_EDGE('',*,*,#122,.F.);
#297 = ORIENTED_EDGE('',*,*,#276,.F.);
#298 = ( GEOMETRIC_REPRESENTATION_CONTEXT(3) 
GLOBAL_UNCERTAINTY_ASSIGNED_CONTEXT((#302)) GLOBAL_UNIT_ASSIGNED_CONTEXT
((#299,#300,#301)) REPRESENTATION_CONTEXT('Context #1',
  '3D Context with UNIT and UNCERTAINTY') );
#299 = ( LENGTH_UNIT() NAMED_UNIT(*) SI_UNIT(.MILLI.,.METRE.) );
#300 = ( NAMED_UNIT(*) PLANE_ANGLE_UNIT() SI_UNIT($,.RADIAN.) );
#301 = ( NAMED_UNIT(*) SI_UNIT($,.STERADIAN.) SOLID_ANGLE_UNIT() );
#302 = UNCERTAINTY_MEASURE_WITH_UNIT(LENGTH_MEASURE(1.E-07),#299,
  'distance_accuracy_value','confusion accuracy');
#303 = CONTEXT_DEPENDENT_SHAPE_REPRESENTATION(#304,#306);
#304 = ( REPRESENTATION_RELATIONSHIP('','',#115,#84) 
REPRESENTATION_RELATIONSHIP_WITH_TRANSFORMATION(#305) 
SHAPE_REPRESENTATION_RELATIONSHIP() );
#305 = ITEM_DEFINED_TRANSFORMATION('','',#11,#85);
#306 = PRODUCT_DEFINITION_SHAPE('Placement','Placement of an item',#307
  );
#307 = NEXT_ASSEMBLY_USAGE_OCCURRENCE('64','','',#79,#110,$);
#308 = PRODUCT_RELATED_PRODUCT_CATEGORY('part',$,(#112));
#309 = SHAPE_DEFINITION_REPRESENTATION(#310,#316);
#310 = PRODUCT_DEFINITION_SHAPE('','',#311);
#311 = PRODUCT_DEFINITION('design','',#312,#315);
#312 = PRODUCT_DEFINITION_FORMATION('','',#313);
#313 = PRODUCT('Open CASCADE STEP translator 7.9 14.1.2',
  'Open CASCADE STEP translator 7.9 14.1.2','',(#314));
#314 = PRODUCT_CONTEXT('',#2,'mechanical');
#315 = PRODUCT_DEFINITION_CONTEXT('part definition',#2,'design');
#316 = ADVANCED_BREP_SHAPE_REPRESENTATION('',(#11,#317),#501);
#317 = MANIFOLD_SOLID_BREP('',#318);
#318 = CLOSED_SHELL('',(#319,#408,#443,#473));
#319 = ADVANCED_FACE('',(#320),#333,.T.);
#320 = FACE_BOUND('',#321,.T.);
#321 = EDGE_LOOP('',(#322,#356,#380,#407));
#322 = ORIENTED_EDGE('',*,*,#323,.F.);
#323 = EDGE_CURVE('',#324,#324,#326,.T.);
#324 = VERTEX_POINT('',#325);
#325 = CARTESIAN_POINT('',(105.64661005817,57.937842004362,
    6.123233995737E-16));
#326 = SURFACE_CURVE('',#327,(#332,#344),.PCURVE_S1.);
#327 = CIRCLE('',#328,2.5);
#328 = AXIS2_PLACEMENT_3D('',#329,#330,#331);
#329 = CARTESIAN_POINT('',(103.14661005817,57.937842004362,
    6.123233995737E-16));
#330 = DIRECTION('',(0.,0.,1.));
#331 = DIRECTION('',(1.,0.,0.));
#332 = PCURVE('',#333,#338);
#333 = TOROIDAL_SURFACE('',#334,7.5,5.);
#334 = AXIS2_PLACEMENT_3D('',#335,#336,#337);
#335 = CARTESIAN_POINT('',(103.14661005817,57.937842004362,0.));
#336 = DIRECTION('',(0.,0.,1.));
#337 = DIRECTION('',(1.,0.,0.));
#338 = DEFINITIONAL_REPRESENTATION('',(#339),#343);
#339 = LINE('',#340,#341);
#340 = CARTESIAN_POINT('',(0.,3.14159265359));
#341 = VECTOR('',#342,1.);
#342 = DIRECTION('',(1.,0.));
#343 = ( GEOMETRIC_REPRESENTATION_CONTEXT(2) 
PARAMETRIC_REPRESENTATION_CONTEXT() REPRESENTATION_CONTEXT('2D SPACE',''
  ) );
#344 = PCURVE('',#345,#350);
#345 = PLANE('',#346);
#346 = AXIS2_PLACEMENT_3D('',#347,#348,#349);
#347 = CARTESIAN_POINT('',(103.14661005817,57.937842004362,
    5.388445916248E-16));
#348 = DIRECTION('',(0.,0.,1.));
#349 = DIRECTION('',(1.,0.,0.));
#350 = DEFINITIONAL_REPRESENTATION('',(#351),#355);
#351 = CIRCLE('',#352,2.5);
#352 = AXIS2_PLACEMENT_2D('',#353,#354);
#353 = CARTESIAN_POINT('',(0.,0.));
#354 = DIRECTION('',(1.,0.));
#355 = ( GEOMETRIC_REPRESENTATION_CONTEXT(2) 
PARAMETRIC_REPRESENTATION_CONTEXT() REPRESENTATION_CONTEXT('2D SPACE',''
  ) );
#356 = ORIENTED_EDGE('',*,*,#357,.F.);
#357 = EDGE_CURVE('',#358,#324,#360,.T.);
#358 = VERTEX_POINT('',#359);
#359 = CARTESIAN_POINT('',(115.64661005817,57.937842004362,0.));
#360 = SEAM_CURVE('',#361,(#366,#373),.PCURVE_S1.);
#361 = CIRCLE('',#362,5.);
#362 = AXIS2_PLACEMENT_3D('',#363,#364,#365);
#363 = CARTESIAN_POINT('',(110.64661005817,57.937842004362,0.));
#364 = DIRECTION('',(-2.449293598295E-16,-1.,0.));
#365 = DIRECTION('',(1.,-2.449293598295E-16,0.));
#366 = PCURVE('',#333,#367);
#367 = DEFINITIONAL_REPRESENTATION('',(#368),#372);
#368 = LINE('',#369,#370);
#369 = CARTESIAN_POINT('',(6.28318530718,-0.));
#370 = VECTOR('',#371,1.);
#371 = DIRECTION('',(0.,1.));
#372 = ( GEOMETRIC_REPRESENTATION_CONTEXT(2) 
PARAMETRIC_REPRESENTATION_CONTEXT() REPRESENTATION_CONTEXT('2D SPACE',''
  ) );
#373 = PCURVE('',#333,#374);
#374 = DEFINITIONAL_REPRESENTATION('',(#375),#379);
#375 = LINE('',#376,#377);
#376 = CARTESIAN_POINT('',(0.,-0.));
#377 = VECTOR('',#378,1.);
#378 = DIRECTION('',(0.,1.));
#379 = ( GEOMETRIC_REPRESENTATION_CONTEXT(2) 
PARAMETRIC_REPRESENTATION_CONTEXT() REPRESENTATION_CONTEXT('2D SPACE',''
  ) );
#380 = ORIENTED_EDGE('',*,*,#381,.T.);
#381 = EDGE_CURVE('',#358,#358,#382,.T.);
#382 = SURFACE_CURVE('',#383,(#388,#395),.PCURVE_S1.);
#383 = CIRCLE('',#384,12.5);
#384 = AXIS2_PLACEMENT_3D('',#385,#386,#387);
#385 = CARTESIAN_POINT('',(103.14661005817,57.937842004362,0.));
#386 = DIRECTION('',(0.,0.,1.));
#387 = DIRECTION('',(1.,0.,0.));
#388 = PCURVE('',#333,#389);
#389 = DEFINITIONAL_REPRESENTATION('',(#390),#394);
#390 = LINE('',#391,#392);
#391 = CARTESIAN_POINT('',(0.,0.));
#392 = VECTOR('',#393,1.);
#393 = DIRECTION('',(1.,0.));
#394 = ( GEOMETRIC_REPRESENTATION_CONTEXT(2) 
PARAMETRIC_REPRESENTATION_CONTEXT() REPRESENTATION_CONTEXT('2D SPACE',''
  ) );
#395 = PCURVE('',#396,#401);
#396 = PLANE('',#397);
#397 = AXIS2_PLACEMENT_3D('',#398,#399,#400);
#398 = CARTESIAN_POINT('',(103.14661005817,57.937842004362,0.));
#399 = DIRECTION('',(0.,0.,1.));
#400 = DIRECTION('',(1.,0.,0.));
#401 = DEFINITIONAL_REPRESENTATION('',(#402),#406);
#402 = CIRCLE('',#403,12.5);
#403 = AXIS2_PLACEMENT_2D('',#404,#405);
#404 = CARTESIAN_POINT('',(0.,0.));
#405 = DIRECTION('',(1.,0.));
#406 = ( GEOMETRIC_REPRESENTATION_CONTEXT(2) 
PARAMETRIC_REPRESENTATION_CONTEXT() REPRESENTATION_CONTEXT('2D SPACE',''
  ) );
#407 = ORIENTED_EDGE('',*,*,#357,.T.);
#408 = ADVANCED_FACE('',(#409,#440),#345,.F.);
#409 = FACE_BOUND('',#410,.F.);
#410 = EDGE_LOOP('',(#411));
#411 = ORIENTED_EDGE('',*,*,#412,.T.);
#412 = EDGE_CURVE('',#413,#413,#415,.T.);
#413 = VERTEX_POINT('',#414);
#414 = CARTESIAN_POINT('',(106.24661005817,57.937842004362,
    5.388445916248E-16));
#415 = SURFACE_CURVE('',#416,(#421,#428),.PCURVE_S1.);
#416 = CIRCLE('',#417,3.1);
#417 = AXIS2_PLACEMENT_3D('',#418,#419,#420);
#418 = CARTESIAN_POINT('',(103.14661005817,57.937842004362,
    5.388445916248E-16));
#419 = DIRECTION('',(0.,0.,1.));
#420 = DIRECTION('',(1.,0.,0.));
#421 = PCURVE('',#345,#422);
#422 = DEFINITIONAL_REPRESENTATION('',(#423),#427);
#423 = CIRCLE('',#424,3.1);
#424 = AXIS2_PLACEMENT_2D('',#425,#426);
#425 = CARTESIAN_POINT('',(0.,0.));
#426 = DIRECTION('',(1.,0.));
#427 = ( GEOMETRIC_REPRESENTATION_CONTEXT(2) 
PARAMETRIC_REPRESENTATION_CONTEXT() REPRESENTATION_CONTEXT('2D SPACE',''
  ) );
#428 = PCURVE('',#429,#434);
#429 = TOROIDAL_SURFACE('',#430,7.5,4.4);
#430 = AXIS2_PLACEMENT_3D('',#431,#432,#433);
#431 = CARTESIAN_POINT('',(103.14661005817,57.937842004362,0.));
#432 = DIRECTION('',(0.,0.,1.));
#433 = DIRECTION('',(1.,0.,0.));
#434 = DEFINITIONAL_REPRESENTATION('',(#435),#439);
#435 = LINE('',#436,#437);
#436 = CARTESIAN_POINT('',(0.,3.14159265359));
#437 = VECTOR('',#438,1.);
#438 = DIRECTION('',(1.,0.));
#439 = ( GEOMETRIC_REPRESENTATION_CONTEXT(2) 
PARAMETRIC_REPRESENTATION_CONTEXT() REPRESENTATION_CONTEXT('2D SPACE',''
  ) );
#440 = FACE_BOUND('',#441,.F.);
#441 = EDGE_LOOP('',(#442));
#442 = ORIENTED_EDGE('',*,*,#323,.F.);
#443 = ADVANCED_FACE('',(#444,#447),#396,.F.);
#444 = FACE_BOUND('',#445,.F.);
#445 = EDGE_LOOP('',(#446));
#446 = ORIENTED_EDGE('',*,*,#381,.T.);
#447 = FACE_BOUND('',#448,.F.);
#448 = EDGE_LOOP('',(#449));
#449 = ORIENTED_EDGE('',*,*,#450,.F.);
#450 = EDGE_CURVE('',#451,#451,#453,.T.);
#451 = VERTEX_POINT('',#452);
#452 = CARTESIAN_POINT('',(115.04661005817,57.937842004362,0.));
#453 = SURFACE_CURVE('',#454,(#459,#466),.PCURVE_S1.);
#454 = CIRCLE('',#455,11.9);
#455 = AXIS2_PLACEMENT_3D('',#456,#457,#458);
#456 = CARTESIAN_POINT('',(103.14661005817,57.937842004362,0.));
#457 = DIRECTION('',(0.,0.,1.));
#458 = DIRECTION('',(1.,0.,0.));
#459 = PCURVE('',#396,#460);
#460 = DEFINITIONAL_REPRESENTATION('',(#461),#465);
#461 = CIRCLE('',#462,11.9);
#462 = AXIS2_PLACEMENT_2D('',#463,#464);
#463 = CARTESIAN_POINT('',(0.,0.));
#464 = DIRECTION('',(1.,0.));
#465 = ( GEOMETRIC_REPRESENTATION_CONTEXT(2) 
PARAMETRIC_REPRESENTATION_CONTEXT() REPRESENTATION_CONTEXT('2D SPACE',''
  ) );
#466 = PCURVE('',#429,#467);
#467 = DEFINITIONAL_REPRESENTATION('',(#468),#472);
#468 = LINE('',#469,#470);
#469 = CARTESIAN_POINT('',(0.,0.));
#470 = VECTOR('',#471,1.);
#471 = DIRECTION('',(1.,0.));
#472 = ( GEOMETRIC_REPRESENTATION_CONTEXT(2) 
PARAMETRIC_REPRESENTATION_CONTEXT() REPRESENTATION_CONTEXT('2D SPACE',''
  ) );
#473 = ADVANCED_FACE('',(#474),#429,.F.);
#474 = FACE_BOUND('',#475,.F.);
#475 = EDGE_LOOP('',(#476,#477,#499,#500));
#476 = ORIENTED_EDGE('',*,*,#412,.F.);
#477 = ORIENTED_EDGE('',*,*,#478,.F.);
#478 = EDGE_CURVE('',#451,#413,#479,.T.);
#479 = SEAM_CURVE('',#480,(#485,#492),.PCURVE_S1.);
#480 = CIRCLE('',#481,4.4);
#481 = AXIS2_PLACEMENT_3D('',#482,#483,#484);
#482 = CARTESIAN_POINT('',(110.64661005817,57.937842004362,0.));
#483 = DIRECTION('',(-2.449293598295E-16,-1.,0.));
#484 = DIRECTION('',(1.,-2.449293598295E-16,0.));
#485 = PCURVE('',#429,#486);
#486 = DEFINITIONAL_REPRESENTATION('',(#487),#491);
#487 = LINE('',#488,#489);
#488 = CARTESIAN_POINT('',(6.28318530718,-0.));
#489 = VECTOR('',#490,1.);
#490 = DIRECTION('',(0.,1.));
#491 = ( GEOMETRIC_REPRESENTATION_CONTEXT(2) 
PARAMETRIC_REPRESENTATION_CONTEXT() REPRESENTATION_CONTEXT('2D SPACE',''
  ) );
#492 = PCURVE('',#429,#493);
#493 = DEFINITIONAL_REPRESENTATION('',(#494),#498);
#494 = LINE('',#495,#496);
#495 = CARTESIAN_POINT('',(0.,-0.));
#496 = VECTOR('',#497,1.);
#497 = DIRECTION('',(0.,1.));
#498 = ( GEOMETRIC_REPRESENTATION_CONTEXT(2) 
PARAMETRIC_REPRESENTATION_CONTEXT() REPRESENTATION_CONTEXT('2D SPACE',''
  ) );
#499 = ORIENTED_EDGE('',*,*,#450,.T.);
#500 = ORIENTED_EDGE('',*,*,#478,.T.);
#501 = ( GEOMETRIC_REPRESENTATION_CONTEXT(3) 
GLOBAL_UNCERTAINTY_ASSIGNED_CONTEXT((#505)) GLOBAL_UNIT_ASSIGNED_CONTEXT
((#502,#503,#504)) REPRESENTATION_CONTEXT('Context #1',
  '3D Context with UNIT and UNCERTAINTY') );
#502 = ( LENGTH_UNIT() NAMED_UNIT(*) SI_UNIT(.MILLI.,.METRE.) );
#503 = ( NAMED_UNIT(*) PLANE_ANGLE_UNIT() SI_UNIT($,.RADIAN.) );
#504 = ( NAMED_UNIT(*) SI_UNIT($,.STERADIAN.) SOLID_ANGLE_UNIT() );
#505 = UNCERTAINTY_MEASURE_WITH_UNIT(LENGTH_MEASURE(1.E-07),#502,
  'distance_accuracy_value','confusion accuracy');
#506 = CONTEXT_DEPENDENT_SHAPE_REPRESENTATION(#507,#509);
#507 = ( REPRESENTATION_RELATIONSHIP('','',#316,#84) 
REPRESENTATION_RELATIONSHIP_WITH_TRANSFORMATION(#508) 
SHAPE_REPRESENTATION_RELATIONSHIP() );
#508 = ITEM_DEFINED_TRANSFORMATION('','',#11,#89);
#509 = PRODUCT_DEFINITION_SHAPE('Placement','Placement of an item',#510
  );
#510 = NEXT_ASSEMBLY_USAGE_OCCURRENCE('65','','',#79,#311,$);
#511 = PRODUCT_RELATED_PRODUCT_CATEGORY('part',$,(#313));
#512 = SHAPE_DEFINITION_REPRESENTATION(#513,#519);
#513 = PRODUCT_DEFINITION_SHAPE('','',#514);
#514 = PRODUCT_DEFINITION('design','',#515,#518);
#515 = PRODUCT_DEFINITION_FORMATION('','',#516);
#516 = PRODUCT('Open CASCADE STEP translator 7.9 14.1.3',
  'Open CASCADE STEP translator 7.9 14.1.3','',(#517));
#517 = PRODUCT_CONTEXT('',#2,'mechanical');
#518 = PRODUCT_DEFINITION_CONTEXT('part definition',#2,'design');
#519 = ADVANCED_BREP_SHAPE_REPRESENTATION('',(#11,#520),#702);
#520 = MANIFOLD_SOLID_BREP('',#521);
#521 = CLOSED_SHELL('',(#522,#590,#645,#675));
#522 = ADVANCED_FACE('',(#523,#559),#536,.F.);
#523 = FACE_BOUND('',#524,.T.);
#524 = EDGE_LOOP('',(#525));
#525 = ORIENTED_EDGE('',*,*,#526,.T.);
#526 = EDGE_CURVE('',#527,#527,#529,.T.);
#527 = VERTEX_POINT('',#528);
#528 = CARTESIAN_POINT('',(88.616775694169,54.837842004362,0.));
#529 = SURFACE_CURVE('',#530,(#535,#547),.PCURVE_S1.);
#530 = CIRCLE('',#531,4.4);
#531 = AXIS2_PLACEMENT_3D('',#532,#533,#534);
#532 = CARTESIAN_POINT('',(88.616775694169,50.437842004362,0.));
#533 = DIRECTION('',(1.,0.,0.));
#534 = DIRECTION('',(0.,1.,0.));
#535 = PCURVE('',#536,#541);
#536 = PLANE('',#537);
#537 = AXIS2_PLACEMENT_3D('',#538,#539,#540);
#538 = CARTESIAN_POINT('',(88.616775694169,50.437842004362,0.));
#539 = DIRECTION('',(1.,0.,0.));
#540 = DIRECTION('',(-0.,1.,-0.));
#541 = DEFINITIONAL_REPRESENTATION('',(#542),#546);
#542 = CIRCLE('',#543,4.4);
#543 = AXIS2_PLACEMENT_2D('',#544,#545);
#544 = CARTESIAN_POINT('',(0.,0.));
#545 = DIRECTION('',(1.,-0.));
#546 = ( GEOMETRIC_REPRESENTATION_CONTEXT(2) 
PARAMETRIC_REPRESENTATION_CONTEXT() REPRESENTATION_CONTEXT('2D SPACE',''
  ) );
#547 = PCURVE('',#548,#553);
#548 = CYLINDRICAL_SURFACE('',#549,4.4);
#549 = AXIS2_PLACEMENT_3D('',#550,#551,#552);
#550 = CARTESIAN_POINT('',(103.14661005817,50.437842004362,0.));
#551 = DIRECTION('',(-1.,-0.,-0.));
#552 = DIRECTION('',(0.,1.,0.));
#553 = DEFINITIONAL_REPRESENTATION('',(#554),#558);
#554 = LINE('',#555,#556);
#555 = CARTESIAN_POINT('',(-0.,14.52983436401));
#556 = VECTOR('',#557,1.);
#557 = DIRECTION('',(-1.,0.));
#558 = ( GEOMETRIC_REPRESENTATION_CONTEXT(2) 
PARAMETRIC_REPRESENTATION_CONTEXT() REPRESENTATION_CONTEXT('2D SPACE',''
  ) );
#559 = FACE_BOUND('',#560,.T.);
#560 = EDGE_LOOP('',(#561));
#561 = ORIENTED_EDGE('',*,*,#562,.F.);
#562 = EDGE_CURVE('',#563,#563,#565,.T.);
#563 = VERTEX_POINT('',#564);
#564 = CARTESIAN_POINT('',(88.616775694169,55.437842004362,0.));
#565 = SURFACE_CURVE('',#566,(#571,#578),.PCURVE_S1.);
#566 = CIRCLE('',#567,5.);
#567 = AXIS2_PLACEMENT_3D('',#568,#569,#570);
#568 = CARTESIAN_POINT('',(88.616775694169,50.437842004362,0.));
#569 = DIRECTION('',(1.,0.,0.));
#570 = DIRECTION('',(0.,1.,0.));
#571 = PCURVE('',#536,#572);
#572 = DEFINITIONAL_REPRESENTATION('',(#573),#577);
#573 = CIRCLE('',#574,5.);
#574 = AXIS2_PLACEMENT_2D('',#575,#576);
#575 = CARTESIAN_POINT('',(0.,0.));
#576 = DIRECTION('',(1.,-0.));
#577 = ( GEOMETRIC_REPRESENTATION_CONTEXT(2) 
PARAMETRIC_REPRESENTATION_CONTEXT() REPRESENTATION_CONTEXT('2D SPACE',''
  ) );
#578 = PCURVE('',#579,#584);
#579 = CYLINDRICAL_SURFACE('',#580,5.);
#580 = AXIS2_PLACEMENT_3D('',#581,#582,#583);
#581 = CARTESIAN_POINT('',(88.616775694169,50.437842004362,0.));
#582 = DIRECTION('',(1.,0.,0.));
#583 = DIRECTION('',(0.,1.,0.));
#584 = DEFINITIONAL_REPRESENTATION('',(#585),#589);
#585 = LINE('',#586,#587);
#586 = CARTESIAN_POINT('',(0.,0.));
#587 = VECTOR('',#588,1.);
#588 = DIRECTION('',(1.,0.));
#589 = ( GEOMETRIC_REPRESENTATION_CONTEXT(2) 
PARAMETRIC_REPRESENTATION_CONTEXT() REPRESENTATION_CONTEXT('2D SPACE',''
  ) );
#590 = ADVANCED_FACE('',(#591),#579,.T.);
#591 = FACE_BOUND('',#592,.T.);
#592 = EDGE_LOOP('',(#593,#594,#617,#644));
#593 = ORIENTED_EDGE('',*,*,#562,.T.);
#594 = ORIENTED_EDGE('',*,*,#595,.T.);
#595 = EDGE_CURVE('',#563,#596,#598,.T.);
#596 = VERTEX_POINT('',#597);
#597 = CARTESIAN_POINT('',(103.14661005817,55.437842004362,0.));
#598 = SEAM_CURVE('',#599,(#603,#610),.PCURVE_S1.);
#599 = LINE('',#600,#601);
#600 = CARTESIAN_POINT('',(88.616775694169,55.437842004362,0.));
#601 = VECTOR('',#602,1.);
#602 = DIRECTION('',(1.,0.,0.));
#603 = PCURVE('',#579,#604);
#604 = DEFINITIONAL_REPRESENTATION('',(#605),#609);
#605 = LINE('',#606,#607);
#606 = CARTESIAN_POINT('',(0.,0.));
#607 = VECTOR('',#608,1.);
#608 = DIRECTION('',(0.,1.));
#609 = ( GEOMETRIC_REPRESENTATION_CONTEXT(2) 
PARAMETRIC_REPRESENTATION_CONTEXT() REPRESENTATION_CONTEXT('2D SPACE',''
  ) );
#610 = PCURVE('',#579,#611);
#611 = DEFINITIONAL_REPRESENTATION('',(#612),#616);
#612 = LINE('',#613,#614);
#613 = CARTESIAN_POINT('',(6.28318530718,0.));
#614 = VECTOR('',#615,1.);
#615 = DIRECTION('',(0.,1.));
#616 = ( GEOMETRIC_REPRESENTATION_CONTEXT(2) 
PARAMETRIC_REPRESENTATION_CONTEXT() REPRESENTATION_CONTEXT('2D SPACE',''
  ) );
#617 = ORIENTED_EDGE('',*,*,#618,.F.);
#618 = EDGE_CURVE('',#596,#596,#619,.T.);
#619 = SURFACE_CURVE('',#620,(#625,#632),.PCURVE_S1.);
#620 = CIRCLE('',#621,5.);
#621 = AXIS2_PLACEMENT_3D('',#622,#623,#624);
#622 = CARTESIAN_POINT('',(103.14661005817,50.437842004362,0.));
#623 = DIRECTION('',(1.,0.,0.));
#624 = DIRECTION('',(0.,1.,0.));
#625 = PCURVE('',#579,#626);
#626 = DEFINITIONAL_REPRESENTATION('',(#627),#631);
#627 = LINE('',#628,#629);
#628 = CARTESIAN_POINT('',(0.,14.52983436401));
#629 = VECTOR('',#630,1.);
#630 = DIRECTION('',(1.,0.));
#631 = ( GEOMETRIC_REPRESENTATION_CONTEXT(2) 
PARAMETRIC_REPRESENTATION_CONTEXT() REPRESENTATION_CONTEXT('2D SPACE',''
  ) );
#632 = PCURVE('',#633,#638);
#633 = PLANE('',#634);
#634 = AXIS2_PLACEMENT_3D('',#635,#636,#637);
#635 = CARTESIAN_POINT('',(103.14661005817,50.437842004362,0.));
#636 = DIRECTION('',(1.,0.,0.));
#637 = DIRECTION('',(0.,1.,0.));
#638 = DEFINITIONAL_REPRESENTATION('',(#639),#643);
#639 = CIRCLE('',#640,5.);
#640 = AXIS2_PLACEMENT_2D('',#641,#642);
#641 = CARTESIAN_POINT('',(0.,0.));
#642 = DIRECTION('',(1.,0.));
#643 = ( GEOMETRIC_REPRESENTATION_CONTEXT(2) 
PARAMETRIC_REPRESENTATION_CONTEXT() REPRESENTATION_CONTEXT('2D SPACE',''
  ) );
#644 = ORIENTED_EDGE('',*,*,#595,.F.);
#645 = ADVANCED_FACE('',(#646,#649),#633,.T.);
#646 = FACE_BOUND('',#647,.T.);
#647 = EDGE_LOOP('',(#648));
#648 = ORIENTED_EDGE('',*,*,#618,.T.);
#649 = FACE_BOUND('',#650,.T.);
#650 = EDGE_LOOP('',(#651));
#651 = ORIENTED_EDGE('',*,*,#652,.F.);
#652 = EDGE_CURVE('',#653,#653,#655,.T.);
#653 = VERTEX_POINT('',#654);
#654 = CARTESIAN_POINT('',(103.14661005817,54.837842004362,0.));
#655 = SURFACE_CURVE('',#656,(#661,#668),.PCURVE_S1.);
#656 = CIRCLE('',#657,4.4);
#657 = AXIS2_PLACEMENT_3D('',#658,#659,#660);
#658 = CARTESIAN_POINT('',(103.14661005817,50.437842004362,0.));
#659 = DIRECTION('',(1.,0.,0.));
#660 = DIRECTION('',(0.,1.,0.));
#661 = PCURVE('',#633,#662);
#662 = DEFINITIONAL_REPRESENTATION('',(#663),#667);
#663 = CIRCLE('',#664,4.4);
#664 = AXIS2_PLACEMENT_2D('',#665,#666);
#665 = CARTESIAN_POINT('',(0.,0.));
#666 = DIRECTION('',(1.,0.));
#667 = ( GEOMETRIC_REPRESENTATION_CONTEXT(2) 
PARAMETRIC_REPRESENTATION_CONTEXT() REPRESENTATION_CONTEXT('2D SPACE',''
  ) );
#668 = PCURVE('',#548,#669);
#669 = DEFINITIONAL_REPRESENTATION('',(#670),#674);
#670 = LINE('',#671,#672);
#671 = CARTESIAN_POINT('',(-0.,0.));
#672 = VECTOR('',#673,1.);
#673 = DIRECTION('',(-1.,0.));
#674 = ( GEOMETRIC_REPRESENTATION_CONTEXT(2) 
PARAMETRIC_REPRESENTATION_CONTEXT() REPRESENTATION_CONTEXT('2D SPACE',''
  ) );
#675 = ADVANCED_FACE('',(#676),#548,.F.);
#676 = FACE_BOUND('',#677,.T.);
#677 = EDGE_LOOP('',(#678,#679,#700,#701));
#678 = ORIENTED_EDGE('',*,*,#652,.T.);
#679 = ORIENTED_EDGE('',*,*,#680,.T.);
#680 = EDGE_CURVE('',#653,#527,#681,.T.);
#681 = SEAM_CURVE('',#682,(#686,#693),.PCURVE_S1.);
#682 = LINE('',#683,#684);
#683 = CARTESIAN_POINT('',(103.14661005817,54.837842004362,0.));
#684 = VECTOR('',#685,1.);
#685 = DIRECTION('',(-1.,0.,0.));
#686 = PCURVE('',#548,#687);
#687 = DEFINITIONAL_REPRESENTATION('',(#688),#692);
#688 = LINE('',#689,#690);
#689 = CARTESIAN_POINT('',(-0.,0.));
#690 = VECTOR('',#691,1.);
#691 = DIRECTION('',(-0.,1.));
#692 = ( GEOMETRIC_REPRESENTATION_CONTEXT(2) 
PARAMETRIC_REPRESENTATION_CONTEXT() REPRESENTATION_CONTEXT('2D SPACE',''
  ) );
#693 = PCURVE('',#548,#694);
#694 = DEFINITIONAL_REPRESENTATION('',(#695),#699);
#695 = LINE('',#696,#697);
#696 = CARTESIAN_POINT('',(-6.28318530718,0.));
#697 = VECTOR('',#698,1.);
#698 = DIRECTION('',(-0.,1.));
#699 = ( GEOMETRIC_REPRESENTATION_CONTEXT(2) 
PARAMETRIC_REPRESENTATION_CONTEXT() REPRESENTATION_CONTEXT('2D SPACE',''
  ) );
#700 = ORIENTED_EDGE('',*,*,#526,.F.);
#701 = ORIENTED_EDGE('',*,*,#680,.F.);
#702 = ( GEOMETRIC_REPRESENTATION_CONTEXT(3) 
GLOBAL_UNCERTAINTY_ASSIGNED_CONTEXT((#706)) GLOBAL_UNIT_ASSIGNED_CONTEXT
((#703,#704,#705)) REPRESENTATION_CONTEXT('Context #1',
  '3D Context with UNIT and UNCERTAINTY') );
#703 = ( LENGTH_UNIT() NAMED_UNIT(*) SI_UNIT(.MILLI.,.METRE.) );
#704 = ( NAMED_UNIT(*) PLANE_ANGLE_UNIT() SI_UNIT($,.RADIAN.) );
#705 = ( NAMED_UNIT(*) SI_UNIT($,.STERADIAN.) SOLID_ANGLE_UNIT() );
#706 = UNCERTAINTY_MEASURE_WITH_UNIT(LENGTH_MEASURE(1.E-07),#703,
  'distance_accuracy_value','confusion accuracy');
#707 = CONTEXT_DEPENDENT_SHAPE_REPRESENTATION(#708,#710);
#708 = ( REPRESENTATION_RELATIONSHIP('','',#519,#84) 
REPRESENTATION_RELATIONSHIP_WITH_TRANSFORMATION(#709) 
SHAPE_REPRESENTATION_RELATIONSHIP() );
#709 = ITEM_DEFINED_TRANSFORMATION('','',#11,#93);
#710 = PRODUCT_DEFINITION_SHAPE('Placement','Placement of an item',#711
  );
#711 = NEXT_ASSEMBLY_USAGE_OCCURRENCE('66','','',#79,#514,$);
#712 = PRODUCT_RELATED_PRODUCT_CATEGORY('part',$,(#516));
#713 = SHAPE_DEFINITION_REPRESENTATION(#714,#720);
#714 = PRODUCT_DEFINITION_SHAPE('','',#715);
#715 = PRODUCT_DEFINITION('design','',#716,#719);
#716 = PRODUCT_DEFINITION_FORMATION('','',#717);
#717 = PRODUCT('Open CASCADE STEP translator 7.9 14.2',
  'Open CASCADE STEP translator 7.9 14.2','',(#718));
#718 = PRODUCT_CONTEXT('',#2,'mechanical');
#719 = PRODUCT_DEFINITION_CONTEXT('part definition',#2,'design');
#720 = SHAPE_REPRESENTATION('',(#11,#721,#725,#729),#733);
#721 = AXIS2_PLACEMENT_3D('',#722,#723,#724);
#722 = CARTESIAN_POINT('',(0.,0.,0.));
#723 = DIRECTION('',(0.,0.,1.));
#724 = DIRECTION('',(1.,0.,-0.));
#725 = AXIS2_PLACEMENT_3D('',#726,#727,#728);
#726 = CARTESIAN_POINT('',(0.,0.,0.));
#727 = DIRECTION('',(0.,0.,1.));
#728 = DIRECTION('',(1.,0.,-0.));
#729 = AXIS2_PLACEMENT_3D('',#730,#731,#732);
#730 = CARTESIAN_POINT('',(0.,0.,0.));
#731 = DIRECTION('',(0.,0.,1.));
#732 = DIRECTION('',(1.,0.,-0.));
#733 = ( GEOMETRIC_REPRESENTATION_CONTEXT(3) 
GLOBAL_UNCERTAINTY_ASSIGNED_CONTEXT((#737)) GLOBAL_UNIT_ASSIGNED_CONTEXT
((#734,#735,#736)) REPRESENTATION_CONTEXT('Context #1',
  '3D Context with UNIT and UNCERTAINTY') );
#734 = ( LENGTH_UNIT() NAMED_UNIT(*) SI_UNIT(.MILLI.,.METRE.) );
#735 = ( NAMED_UNIT(*) PLANE_ANGLE_UNIT() SI_UNIT($,.RADIAN.) );
#736 = ( NAMED_UNIT(*) SI_UNIT($,.STERADIAN.) SOLID_ANGLE_UNIT() );
#737 = UNCERTAINTY_MEASURE_WITH_UNIT(LENGTH_MEASURE(1.E-07),#734,
  'distance_accuracy_value','confusion accuracy');
#738 = CONTEXT_DEPENDENT_SHAPE_REPRESENTATION(#739,#741);
#739 = ( REPRESENTATION_RELATIONSHIP('','',#720,#10) 
REPRESENTATION_RELATIONSHIP_WITH_TRANSFORMATION(#740) 
SHAPE_REPRESENTATION_RELATIONSHIP() );
#740 = ITEM_DEFINED_TRANSFORMATION('','',#11,#19);
#741 = PRODUCT_DEFINITION_SHAPE('Placement','Placement of an item',#742
  );
#742 = NEXT_ASSEMBLY_USAGE_OCCURRENCE('71','','',#5,#715,$);
#743 = PRODUCT_RELATED_PRODUCT_CATEGORY('part',$,(#717));
#744 = SHAPE_DEFINITION_REPRESENTATION(#745,#751);
#745 = PRODUCT_DEFINITION_SHAPE('','',#746);
#746 = PRODUCT_DEFINITION('design','',#747,#750);
#747 = PRODUCT_DEFINITION_FORMATION('','',#748);
#748 = PRODUCT('Open CASCADE STEP translator 7.9 14.2.1',
  'Open CASCADE STEP translator 7.9 14.2.1','',(#749));
#749 = PRODUCT_CONTEXT('',#2,'mechanical');
#750 = PRODUCT_DEFINITION_CONTEXT('part definition',#2,'design');
#751 = ADVANCED_BREP_SHAPE_REPRESENTATION('',(#11,#752),#934);
#752 = MANIFOLD_SOLID_BREP('',#753);
#753 = CLOSED_SHELL('',(#754,#822,#877,#907));
#754 = ADVANCED_FACE('',(#755,#791),#768,.F.);
#755 = FACE_BOUND('',#756,.T.);
#756 = EDGE_LOOP('',(#757));
#757 = ORIENTED_EDGE('',*,*,#758,.T.);
#758 = EDGE_CURVE('',#759,#759,#761,.T.);
#759 = VERTEX_POINT('',#760);
#760 = CARTESIAN_POINT('',(53.63279758958,62.921721447418,
    30.301504020754));
#761 = SURFACE_CURVE('',#762,(#767,#779),.PCURVE_S1.);
#762 = CIRCLE('',#763,4.4);
#763 = AXIS2_PLACEMENT_3D('',#764,#765,#766);
#764 = CARTESIAN_POINT('',(53.63279758958,58.957458428648,
    28.392415568637));
#765 = DIRECTION('',(1.,0.,-0.));
#766 = DIRECTION('',(0.,0.900968867902,0.433883739118));
#767 = PCURVE('',#768,#773);
#768 = PLANE('',#769);
#769 = AXIS2_PLACEMENT_3D('',#770,#771,#772);
#770 = CARTESIAN_POINT('',(53.63279758958,58.957458428648,
    28.392415568637));
#771 = DIRECTION('',(1.,0.,0.));
#772 = DIRECTION('',(-0.,0.900968867902,0.433883739118));
#773 = DEFINITIONAL_REPRESENTATION('',(#774),#778);
#774 = CIRCLE('',#775,4.4);
#775 = AXIS2_PLACEMENT_2D('',#776,#777);
#776 = CARTESIAN_POINT('',(0.,0.));
#777 = DIRECTION('',(1.,-0.));
#778 = ( GEOMETRIC_REPRESENTATION_CONTEXT(2) 
PARAMETRIC_REPRESENTATION_CONTEXT() REPRESENTATION_CONTEXT('2D SPACE',''
  ) );
#779 = PCURVE('',#780,#785);
#780 = CYLINDRICAL_SURFACE('',#781,4.4);
#781 = AXIS2_PLACEMENT_3D('',#782,#783,#784);
#782 = CARTESIAN_POINT('',(103.14661005817,58.957458428648,
    28.392415568637));
#783 = DIRECTION('',(-1.,0.,-0.));
#784 = DIRECTION('',(0.,0.900968867902,0.433883739118));
#785 = DEFINITIONAL_REPRESENTATION('',(#786),#790);
#786 = LINE('',#787,#788);
#787 = CARTESIAN_POINT('',(-0.,49.513812468599));
#788 = VECTOR('',#789,1.);
#789 = DIRECTION('',(-1.,0.));
#790 = ( GEOMETRIC_REPRESENTATION_CONTEXT(2) 
PARAMETRIC_REPRESENTATION_CONTEXT() REPRESENTATION_CONTEXT('2D SPACE',''
  ) );
#791 = FACE_BOUND('',#792,.T.);
#792 = EDGE_LOOP('',(#793));
#793 = ORIENTED_EDGE('',*,*,#794,.F.);
#794 = EDGE_CURVE('',#795,#795,#797,.T.);
#795 = VERTEX_POINT('',#796);
#796 = CARTESIAN_POINT('',(53.63279758958,63.46230276816,30.561834264225
    ));
#797 = SURFACE_CURVE('',#798,(#803,#810),.PCURVE_S1.);
#798 = CIRCLE('',#799,5.);
#799 = AXIS2_PLACEMENT_3D('',#800,#801,#802);
#800 = CARTESIAN_POINT('',(53.63279758958,58.957458428648,
    28.392415568637));
#801 = DIRECTION('',(1.,0.,-0.));
#802 = DIRECTION('',(0.,0.900968867902,0.433883739118));
#803 = PCURVE('',#768,#804);
#804 = DEFINITIONAL_REPRESENTATION('',(#805),#809);
#805 = CIRCLE('',#806,5.);
#806 = AXIS2_PLACEMENT_2D('',#807,#808);
#807 = CARTESIAN_POINT('',(0.,0.));
#808 = DIRECTION('',(1.,-0.));
#809 = ( GEOMETRIC_REPRESENTATION_CONTEXT(2) 
PARAMETRIC_REPRESENTATION_CONTEXT() REPRESENTATION_CONTEXT('2D SPACE',''
  ) );
#810 = PCURVE('',#811,#816);
#811 = CYLINDRICAL_SURFACE('',#812,5.);
#812 = AXIS2_PLACEMENT_3D('',#813,#814,#815);
#813 = CARTESIAN_POINT('',(53.63279758958,58.957458428648,
    28.392415568637));
#814 = DIRECTION('',(1.,0.,0.));
#815 = DIRECTION('',(0.,0.900968867902,0.433883739118));
#816 = DEFINITIONAL_REPRESENTATION('',(#817),#821);
#817 = LINE('',#818,#819);
#818 = CARTESIAN_POINT('',(0.,0.));
#819 = VECTOR('',#820,1.);
#820 = DIRECTION('',(1.,0.));
#821 = ( GEOMETRIC_REPRESENTATION_CONTEXT(2) 
PARAMETRIC_REPRESENTATION_CONTEXT() REPRESENTATION_CONTEXT('2D SPACE',''
  ) );
#822 = ADVANCED_FACE('',(#823),#811,.T.);
#823 = FACE_BOUND('',#824,.T.);
#824 = EDGE_LOOP('',(#825,#826,#849,#876));
#825 = ORIENTED_EDGE('',*,*,#794,.T.);
#826 = ORIENTED_EDGE('',*,*,#827,.T.);
#827 = EDGE_CURVE('',#795,#828,#830,.T.);
#828 = VERTEX_POINT('',#829);
#829 = CARTESIAN_POINT('',(103.14661005817,63.46230276816,
    30.561834264225));
#830 = SEAM_CURVE('',#831,(#835,#842),.PCURVE_S1.);
#831 = LINE('',#832,#833);
#832 = CARTESIAN_POINT('',(53.63279758958,63.46230276816,30.561834264225
    ));
#833 = VECTOR('',#834,1.);
#834 = DIRECTION('',(1.,0.,0.));
#835 = PCURVE('',#811,#836);
#836 = DEFINITIONAL_REPRESENTATION('',(#837),#841);
#837 = LINE('',#838,#839);
#838 = CARTESIAN_POINT('',(0.,0.));
#839 = VECTOR('',#840,1.);
#840 = DIRECTION('',(0.,1.));
#841 = ( GEOMETRIC_REPRESENTATION_CONTEXT(2) 
PARAMETRIC_REPRESENTATION_CONTEXT() REPRESENTATION_CONTEXT('2D SPACE',''
  ) );
#842 = PCURVE('',#811,#843);
#843 = DEFINITIONAL_REPRESENTATION('',(#844),#848);
#844 = LINE('',#845,#846);
#845 = CARTESIAN_POINT('',(6.28318530718,0.));
#846 = VECTOR('',#847,1.);
#847 = DIRECTION('',(0.,1.));
#848 = ( GEOMETRIC_REPRESENTATION_CONTEXT(2) 
PARAMETRIC_REPRESENTATION_CONTEXT() REPRESENTATION_CONTEXT('2D SPACE',''
  ) );
#849 = ORIENTED_EDGE('',*,*,#850,.F.);
#850 = EDGE_CURVE('',#828,#828,#851,.T.);
#851 = SURFACE_CURVE('',#852,(#857,#864),.PCURVE_S1.);
#852 = CIRCLE('',#853,5.);
#853 = AXIS2_PLACEMENT_3D('',#854,#855,#856);
#854 = CARTESIAN_POINT('',(103.14661005817,58.957458428648,
    28.392415568637));
#855 = DIRECTION('',(1.,0.,-0.));
#856 = DIRECTION('',(0.,0.900968867902,0.433883739118));
#857 = PCURVE('',#811,#858);
#858 = DEFINITIONAL_REPRESENTATION('',(#859),#863);
#859 = LINE('',#860,#861);
#860 = CARTESIAN_POINT('',(0.,49.513812468599));
#861 = VECTOR('',#862,1.);
#862 = DIRECTION('',(1.,0.));
#863 = ( GEOMETRIC_REPRESENTATION_CONTEXT(2) 
PARAMETRIC_REPRESENTATION_CONTEXT() REPRESENTATION_CONTEXT('2D SPACE',''
  ) );
#864 = PCURVE('',#865,#870);
#865 = PLANE('',#866);
#866 = AXIS2_PLACEMENT_3D('',#867,#868,#869);
#867 = CARTESIAN_POINT('',(103.14661005817,58.957458428648,
    28.392415568637));
#868 = DIRECTION('',(1.,0.,0.));
#869 = DIRECTION('',(0.,0.900968867902,0.433883739118));
#870 = DEFINITIONAL_REPRESENTATION('',(#871),#875);
#871 = CIRCLE('',#872,5.);
#872 = AXIS2_PLACEMENT_2D('',#873,#874);
#873 = CARTESIAN_POINT('',(0.,0.));
#874 = DIRECTION('',(1.,0.));
#875 = ( GEOMETRIC_REPRESENTATION_CONTEXT(2) 
PARAMETRIC_REPRESENTATION_CONTEXT() REPRESENTATION_CONTEXT('2D SPACE',''
  ) );
#876 = ORIENTED_EDGE('',*,*,#827,.F.);
#877 = ADVANCED_FACE('',(#878,#881),#865,.T.);
#878 = FACE_BOUND('',#879,.T.);
#879 = EDGE_LOOP('',(#880));
#880 = ORIENTED_EDGE('',*,*,#850,.T.);
#881 = FACE_BOUND('',#882,.T.);
#882 = EDGE_LOOP('',(#883));
#883 = ORIENTED_EDGE('',*,*,#884,.F.);
#884 = EDGE_CURVE('',#885,#885,#887,.T.);
#885 = VERTEX_POINT('',#886);
#886 = CARTESIAN_POINT('',(103.14661005817,62.921721447418,
    30.301504020754));
#887 = SURFACE_CURVE('',#888,(#893,#900),.PCURVE_S1.);
#888 = CIRCLE('',#889,4.4);
#889 = AXIS2_PLACEMENT_3D('',#890,#891,#892);
#890 = CARTESIAN_POINT('',(103.14661005817,58.957458428648,
    28.392415568637));
#891 = DIRECTION('',(1.,0.,-0.));
#892 = DIRECTION('',(0.,0.900968867902,0.433883739118));
#893 = PCURVE('',#865,#894);
#894 = DEFINITIONAL_REPRESENTATION('',(#895),#899);
#895 = CIRCLE('',#896,4.4);
#896 = AXIS2_PLACEMENT_2D('',#897,#898);
#897 = CARTESIAN_POINT('',(0.,0.));
#898 = DIRECTION('',(1.,0.));
#899 = ( GEOMETRIC_REPRESENTATION_CONTEXT(2) 
PARAMETRIC_REPRESENTATION_CONTEXT() REPRESENTATION_CONTEXT('2D SPACE',''
  ) );
#900 = PCURVE('',#780,#901);
#901 = DEFINITIONAL_REPRESENTATION('',(#902),#906);
#902 = LINE('',#903,#904);
#903 = CARTESIAN_POINT('',(-0.,0.));
#904 = VECTOR('',#905,1.);
#905 = DIRECTION('',(-1.,0.));
#906 = ( GEOMETRIC_REPRESENTATION_CONTEXT(2) 
PARAMETRIC_REPRESENTATION_CONTEXT() REPRESENTATION_CONTEXT('2D SPACE',''
  ) );
#907 = ADVANCED_FACE('',(#908),#780,.F.);
#908 = FACE_BOUND('',#909,.T.);
#909 = EDGE_LOOP('',(#910,#911,#932,#933));
#910 = ORIENTED_EDGE('',*,*,#884,.T.);
#911 = ORIENTED_EDGE('',*,*,#912,.T.);
#912 = EDGE_CURVE('',#885,#759,#913,.T.);
#913 = SEAM_CURVE('',#914,(#918,#925),.PCURVE_S1.);
#914 = LINE('',#915,#916);
#915 = CARTESIAN_POINT('',(103.14661005817,62.921721447418,
    30.301504020754));
#916 = VECTOR('',#917,1.);
#917 = DIRECTION('',(-1.,0.,0.));
#918 = PCURVE('',#780,#919);
#919 = DEFINITIONAL_REPRESENTATION('',(#920),#924);
#920 = LINE('',#921,#922);
#921 = CARTESIAN_POINT('',(-0.,0.));
#922 = VECTOR('',#923,1.);
#923 = DIRECTION('',(-0.,1.));
#924 = ( GEOMETRIC_REPRESENTATION_CONTEXT(2) 
PARAMETRIC_REPRESENTATION_CONTEXT() REPRESENTATION_CONTEXT('2D SPACE',''
  ) );
#925 = PCURVE('',#780,#926);
#926 = DEFINITIONAL_REPRESENTATION('',(#927),#931);
#927 = LINE('',#928,#929);
#928 = CARTESIAN_POINT('',(-6.28318530718,0.));
#929 = VECTOR('',#930,1.);
#930 = DIRECTION('',(-0.,1.));
#931 = ( GEOMETRIC_REPRESENTATION_CONTEXT(2) 
PARAMETRIC_REPRESENTATION_CONTEXT() REPRESENTATION_CONTEXT('2D SPACE',''
  ) );
#932 = ORIENTED_EDGE('',*,*,#758,.F.);
#933 = ORIENTED_EDGE('',*,*,#912,.F.);
#934 = ( GEOMETRIC_REPRESENTATION_CONTEXT(3) 
GLOBAL_UNCERTAINTY_ASSIGNED_CONTEXT((#938)) GLOBAL_UNIT_ASSIGNED_CONTEXT
((#935,#936,#937)) REPRESENTATION_CONTEXT('Context #1',
  '3D Context with UNIT and UNCERTAINTY') );
#935 = ( LENGTH_UNIT() NAMED_UNIT(*) SI_UNIT(.MILLI.,.METRE.) );
#936 = ( NAMED_UNIT(*) PLANE_ANGLE_UNIT() SI_UNIT($,.RADIAN.) );
#937 = ( NAMED_UNIT(*) SI_UNIT($,.STERADIAN.) SOLID_ANGLE_UNIT() );
#938 = UNCERTAINTY_MEASURE_WITH_UNIT(LENGTH_MEASURE(1.E-07),#935,
  'distance_accuracy_value','confusion accuracy');
#939 = CONTEXT_DEPENDENT_SHAPE_REPRESENTATION(#940,#942);
#940 = ( REPRESENTATION_RELATIONSHIP('','',#751,#720) 
REPRESENTATION_RELATIONSHIP_WITH_TRANSFORMATION(#941) 
SHAPE_REPRESENTATION_RELATIONSHIP() );
#941 = ITEM_DEFINED_TRANSFORMATION('','',#11,#721);
#942 = PRODUCT_DEFINITION_SHAPE('Placement','Placement of an item',#943
  );
#943 = NEXT_ASSEMBLY_USAGE_OCCURRENCE('68','','',#715,#746,$);
#944 = PRODUCT_RELATED_PRODUCT_CATEGORY('part',$,(#748));
#945 = SHAPE_DEFINITION_REPRESENTATION(#946,#952);
#946 = PRODUCT_DEFINITION_SHAPE('','',#947);
#947 = PRODUCT_DEFINITION('design','',#948,#951);
#948 = PRODUCT_DEFINITION_FORMATION('','',#949);
#949 = PRODUCT('Open CASCADE STEP translator 7.9 14.2.2',
  'Open CASCADE STEP translator 7.9 14.2.2','',(#950));
#950 = PRODUCT_CONTEXT('',#2,'mechanical');
#951 = PRODUCT_DEFINITION_CONTEXT('part definition',#2,'design');
#952 = ADVANCED_BREP_SHAPE_REPRESENTATION('',(#11,#953),#1137);
#953 = MANIFOLD_SOLID_BREP('',#954);
#954 = CLOSED_SHELL('',(#955,#1044,#1079,#1109));
#955 = ADVANCED_FACE('',(#956),#969,.T.);
#956 = FACE_BOUND('',#957,.T.);
#957 = EDGE_LOOP('',(#958,#992,#1016,#1043));
#958 = ORIENTED_EDGE('',*,*,#959,.F.);
#959 = EDGE_CURVE('',#960,#960,#962,.T.);
#960 = VERTEX_POINT('',#961);
#961 = CARTESIAN_POINT('',(105.64661005817,52.20019191938,
    25.138287525255));
#962 = SURFACE_CURVE('',#963,(#968,#980),.PCURVE_S1.);
#963 = CIRCLE('',#964,2.5);
#964 = AXIS2_PLACEMENT_3D('',#965,#966,#967);
#965 = CARTESIAN_POINT('',(103.14661005817,52.20019191938,
    25.138287525255));
#966 = DIRECTION('',(0.,-0.433883739118,0.900968867902));
#967 = DIRECTION('',(1.,0.,0.));
#968 = PCURVE('',#969,#974);
#969 = TOROIDAL_SURFACE('',#970,7.5,5.);
#970 = AXIS2_PLACEMENT_3D('',#971,#972,#973);
#971 = CARTESIAN_POINT('',(103.14661005817,52.20019191938,
    25.138287525255));
#972 = DIRECTION('',(0.,-0.433883739118,0.900968867902));
#973 = DIRECTION('',(1.,0.,0.));
#974 = DEFINITIONAL_REPRESENTATION('',(#975),#979);
#975 = LINE('',#976,#977);
#976 = CARTESIAN_POINT('',(0.,3.14159265359));
#977 = VECTOR('',#978,1.);
#978 = DIRECTION('',(1.,0.));
#979 = ( GEOMETRIC_REPRESENTATION_CONTEXT(2) 
PARAMETRIC_REPRESENTATION_CONTEXT() REPRESENTATION_CONTEXT('2D SPACE',''
  ) );
#980 = PCURVE('',#981,#986);
#981 = PLANE('',#982);
#982 = AXIS2_PLACEMENT_3D('',#983,#984,#985);
#983 = CARTESIAN_POINT('',(103.14661005817,52.20019191938,
    25.138287525255));
#984 = DIRECTION('',(0.,-0.433883739118,0.900968867902));
#985 = DIRECTION('',(1.,0.,0.));
#986 = DEFINITIONAL_REPRESENTATION('',(#987),#991);
#987 = CIRCLE('',#988,2.5);
#988 = AXIS2_PLACEMENT_2D('',#989,#990);
#989 = CARTESIAN_POINT('',(0.,0.));
#990 = DIRECTION('',(1.,0.));
#991 = ( GEOMETRIC_REPRESENTATION_CONTEXT(2) 
PARAMETRIC_REPRESENTATION_CONTEXT() REPRESENTATION_CONTEXT('2D SPACE',''
  ) );
#992 = ORIENTED_EDGE('',*,*,#993,.F.);
#993 = EDGE_CURVE('',#994,#960,#996,.T.);
#994 = VERTEX_POINT('',#995);
#995 = CARTESIAN_POINT('',(115.64661005817,52.20019191938,
    25.138287525255));
#996 = SEAM_CURVE('',#997,(#1002,#1009),.PCURVE_S1.);
#997 = CIRCLE('',#998,5.);
#998 = AXIS2_PLACEMENT_3D('',#999,#1000,#1001);
#999 = CARTESIAN_POINT('',(110.64661005817,52.20019191938,
    25.138287525255));
#1000 = DIRECTION('',(-2.449293598295E-16,-0.900968867902,
    -0.433883739118));
#1001 = DIRECTION('',(1.,-2.206737280416E-16,-1.062708664625E-16));
#1002 = PCURVE('',#969,#1003);
#1003 = DEFINITIONAL_REPRESENTATION('',(#1004),#1008);
#1004 = LINE('',#1005,#1006);
#1005 = CARTESIAN_POINT('',(6.28318530718,-0.));
#1006 = VECTOR('',#1007,1.);
#1007 = DIRECTION('',(0.,1.));
#1008 = ( GEOMETRIC_REPRESENTATION_CONTEXT(2) 
PARAMETRIC_REPRESENTATION_CONTEXT() REPRESENTATION_CONTEXT('2D SPACE',''
  ) );
#1009 = PCURVE('',#969,#1010);
#1010 = DEFINITIONAL_REPRESENTATION('',(#1011),#1015);
#1011 = LINE('',#1012,#1013);
#1012 = CARTESIAN_POINT('',(0.,-0.));
#1013 = VECTOR('',#1014,1.);
#1014 = DIRECTION('',(0.,1.));
#1015 = ( GEOMETRIC_REPRESENTATION_CONTEXT(2) 
PARAMETRIC_REPRESENTATION_CONTEXT() REPRESENTATION_CONTEXT('2D SPACE',''
  ) );
#1016 = ORIENTED_EDGE('',*,*,#1017,.T.);
#1017 = EDGE_CURVE('',#994,#994,#1018,.T.);
#1018 = SURFACE_CURVE('',#1019,(#1024,#1031),.PCURVE_S1.);
#1019 = CIRCLE('',#1020,12.5);
#1020 = AXIS2_PLACEMENT_3D('',#1021,#1022,#1023);
#1021 = CARTESIAN_POINT('',(103.14661005817,52.20019191938,
    25.138287525255));
#1022 = DIRECTION('',(0.,-0.433883739118,0.900968867902));
#1023 = DIRECTION('',(1.,0.,0.));
#1024 = PCURVE('',#969,#1025);
#1025 = DEFINITIONAL_REPRESENTATION('',(#1026),#1030);
#1026 = LINE('',#1027,#1028);
#1027 = CARTESIAN_POINT('',(0.,0.));
#1028 = VECTOR('',#1029,1.);
#1029 = DIRECTION('',(1.,0.));
#1030 = ( GEOMETRIC_REPRESENTATION_CONTEXT(2) 
PARAMETRIC_REPRESENTATION_CONTEXT() REPRESENTATION_CONTEXT('2D SPACE',''
  ) );
#1031 = PCURVE('',#1032,#1037);
#1032 = PLANE('',#1033);
#1033 = AXIS2_PLACEMENT_3D('',#1034,#1035,#1036);
#1034 = CARTESIAN_POINT('',(103.14661005817,52.20019191938,
    25.138287525255));
#1035 = DIRECTION('',(0.,-0.433883739118,0.900968867902));
#1036 = DIRECTION('',(1.,0.,0.));
#1037 = DEFINITIONAL_REPRESENTATION('',(#1038),#1042);
#1038 = CIRCLE('',#1039,12.5);
#1039 = AXIS2_PLACEMENT_2D('',#1040,#1041);
#1040 = CARTESIAN_POINT('',(0.,0.));
#1041 = DIRECTION('',(1.,0.));
#1042 = ( GEOMETRIC_REPRESENTATION_CONTEXT(2) 
PARAMETRIC_REPRESENTATION_CONTEXT() REPRESENTATION_CONTEXT('2D SPACE',''
  ) );
#1043 = ORIENTED_EDGE('',*,*,#993,.T.);
#1044 = ADVANCED_FACE('',(#1045,#1076),#981,.F.);
#1045 = FACE_BOUND('',#1046,.F.);
#1046 = EDGE_LOOP('',(#1047));
#1047 = ORIENTED_EDGE('',*,*,#1048,.T.);
#1048 = EDGE_CURVE('',#1049,#1049,#1051,.T.);
#1049 = VERTEX_POINT('',#1050);
#1050 = CARTESIAN_POINT('',(106.24661005817,52.20019191938,
    25.138287525255));
#1051 = SURFACE_CURVE('',#1052,(#1057,#1064),.PCURVE_S1.);
#1052 = CIRCLE('',#1053,3.1);
#1053 = AXIS2_PLACEMENT_3D('',#1054,#1055,#1056);
#1054 = CARTESIAN_POINT('',(103.14661005817,52.20019191938,
    25.138287525255));
#1055 = DIRECTION('',(0.,-0.433883739118,0.900968867902));
#1056 = DIRECTION('',(1.,0.,0.));
#1057 = PCURVE('',#981,#1058);
#1058 = DEFINITIONAL_REPRESENTATION('',(#1059),#1063);
#1059 = CIRCLE('',#1060,3.1);
#1060 = AXIS2_PLACEMENT_2D('',#1061,#1062);
#1061 = CARTESIAN_POINT('',(0.,0.));
#1062 = DIRECTION('',(1.,0.));
#1063 = ( GEOMETRIC_REPRESENTATION_CONTEXT(2) 
PARAMETRIC_REPRESENTATION_CONTEXT() REPRESENTATION_CONTEXT('2D SPACE',''
  ) );
#1064 = PCURVE('',#1065,#1070);
#1065 = TOROIDAL_SURFACE('',#1066,7.5,4.4);
#1066 = AXIS2_PLACEMENT_3D('',#1067,#1068,#1069);
#1067 = CARTESIAN_POINT('',(103.14661005817,52.20019191938,
    25.138287525255));
#1068 = DIRECTION('',(0.,-0.433883739118,0.900968867902));
#1069 = DIRECTION('',(1.,0.,0.));
#1070 = DEFINITIONAL_REPRESENTATION('',(#1071),#1075);
#1071 = LINE('',#1072,#1073);
#1072 = CARTESIAN_POINT('',(0.,3.14159265359));
#1073 = VECTOR('',#1074,1.);
#1074 = DIRECTION('',(1.,0.));
#1075 = ( GEOMETRIC_REPRESENTATION_CONTEXT(2) 
PARAMETRIC_REPRESENTATION_CONTEXT() REPRESENTATION_CONTEXT('2D SPACE',''
  ) );
#1076 = FACE_BOUND('',#1077,.F.);
#1077 = EDGE_LOOP('',(#1078));
#1078 = ORIENTED_EDGE('',*,*,#959,.F.);
#1079 = ADVANCED_FACE('',(#1080,#1083),#1032,.F.);
#1080 = FACE_BOUND('',#1081,.F.);
#1081 = EDGE_LOOP('',(#1082));
#1082 = ORIENTED_EDGE('',*,*,#1017,.T.);
#1083 = FACE_BOUND('',#1084,.F.);
#1084 = EDGE_LOOP('',(#1085));
#1085 = ORIENTED_EDGE('',*,*,#1086,.F.);
#1086 = EDGE_CURVE('',#1087,#1087,#1089,.T.);
#1087 = VERTEX_POINT('',#1088);
#1088 = CARTESIAN_POINT('',(115.04661005817,52.20019191938,
    25.138287525255));
#1089 = SURFACE_CURVE('',#1090,(#1095,#1102),.PCURVE_S1.);
#1090 = CIRCLE('',#1091,11.9);
#1091 = AXIS2_PLACEMENT_3D('',#1092,#1093,#1094);
#1092 = CARTESIAN_POINT('',(103.14661005817,52.20019191938,
    25.138287525255));
#1093 = DIRECTION('',(0.,-0.433883739118,0.900968867902));
#1094 = DIRECTION('',(1.,0.,0.));
#1095 = PCURVE('',#1032,#1096);
#1096 = DEFINITIONAL_REPRESENTATION('',(#1097),#1101);
#1097 = CIRCLE('',#1098,11.9);
#1098 = AXIS2_PLACEMENT_2D('',#1099,#1100);
#1099 = CARTESIAN_POINT('',(0.,0.));
#1100 = DIRECTION('',(1.,0.));
#1101 = ( GEOMETRIC_REPRESENTATION_CONTEXT(2) 
PARAMETRIC_REPRESENTATION_CONTEXT() REPRESENTATION_CONTEXT('2D SPACE',''
  ) );
#1102 = PCURVE('',#1065,#1103);
#1103 = DEFINITIONAL_REPRESENTATION('',(#1104),#1108);
#1104 = LINE('',#1105,#1106);
#1105 = CARTESIAN_POINT('',(0.,0.));
#1106 = VECTOR('',#1107,1.);
#1107 = DIRECTION('',(1.,0.));
#1108 = ( GEOMETRIC_REPRESENTATION_CONTEXT(2) 
PARAMETRIC_REPRESENTATION_CONTEXT() REPRESENTATION_CONTEXT('2D SPACE',''
  ) );
#1109 = ADVANCED_FACE('',(#1110),#1065,.F.);
#1110 = FACE_BOUND('',#1111,.F.);
#1111 = EDGE_LOOP('',(#1112,#1113,#1135,#1136));
#1112 = ORIENTED_EDGE('',*,*,#1048,.F.);
#1113 = ORIENTED_EDGE('',*,*,#1114,.F.);
#1114 = EDGE_CURVE('',#1087,#1049,#1115,.T.);
#1115 = SEAM_CURVE('',#1116,(#1121,#1128),.PCURVE_S1.);
#1116 = CIRCLE('',#1117,4.4);
#1117 = AXIS2_PLACEMENT_3D('',#1118,#1119,#1120);
#1118 = CARTESIAN_POINT('',(110.64661005817,52.20019191938,
    25.138287525255));
#1119 = DIRECTION('',(-2.449293598295E-16,-0.900968867902,
    -0.433883739118));
#1120 = DIRECTION('',(1.,-2.206737280416E-16,-1.062708664625E-16));
#1121 = PCURVE('',#1065,#1122);
#1122 = DEFINITIONAL_REPRESENTATION('',(#1123),#1127);
#1123 = LINE('',#1124,#1125);
#1124 = CARTESIAN_POINT('',(6.28318530718,-0.));
#1125 = VECTOR('',#1126,1.);
#1126 = DIRECTION('',(0.,1.));
#1127 = ( GEOMETRIC_REPRESENTATION_CONTEXT(2) 
PARAMETRIC_REPRESENTATION_CONTEXT() REPRESENTATION_CONTEXT('2D SPACE',''
  ) );
#1128 = PCURVE('',#1065,#1129);
#1129 = DEFINITIONAL_REPRESENTATION('',(#1130),#1134);
#1130 = LINE('',#1131,#1132);
#1131 = CARTESIAN_POINT('',(0.,-0.));
#1132 = VECTOR('',#1133,1.);
#1133 = DIRECTION('',(0.,1.));
#1134 = ( GEOMETRIC_REPRESENTATION_CONTEXT(2) 
PARAMETRIC_REPRESENTATION_CONTEXT() REPRESENTATION_CONTEXT('2D SPACE',''
  ) );
#1135 = ORIENTED_EDGE('',*,*,#1086,.T.);
#1136 = ORIENTED_EDGE('',*,*,#1114,.T.);
#1137 = ( GEOMETRIC_REPRESENTATION_CONTEXT(3) 
GLOBAL_UNCERTAINTY_ASSIGNED_CONTEXT((#1141)) 
GLOBAL_UNIT_ASSIGNED_CONTEXT((#1138,#1139,#1140)) REPRESENTATION_CONTEXT
('Context #1','3D Context with UNIT and UNCERTAINTY') );
#1138 = ( LENGTH_UNIT() NAMED_UNIT(*) SI_UNIT(.MILLI.,.METRE.) );
#1139 = ( NAMED_UNIT(*) PLANE_ANGLE_UNIT() SI_UNIT($,.RADIAN.) );
#1140 = ( NAMED_UNIT(*) SI_UNIT($,.STERADIAN.) SOLID_ANGLE_UNIT() );
#1141 = UNCERTAINTY_MEASURE_WITH_UNIT(LENGTH_MEASURE(1.E-07),#1138,
  'distance_accuracy_value','confusion accuracy');
#1142 = CONTEXT_DEPENDENT_SHAPE_REPRESENTATION(#1143,#1145);
#1143 = ( REPRESENTATION_RELATIONSHIP('','',#952,#720) 
REPRESENTATION_RELATIONSHIP_WITH_TRANSFORMATION(#1144) 
SHAPE_REPRESENTATION_RELATIONSHIP() );
#1144 = ITEM_DEFINED_TRANSFORMATION('','',#11,#725);
#1145 = PRODUCT_DEFINITION_SHAPE('Placement','Placement of an item',
  #1146);
#1146 = NEXT_ASSEMBLY_USAGE_OCCURRENCE('69','','',#715,#947,$);
#1147 = PRODUCT_RELATED_PRODUCT_CATEGORY('part',$,(#949));
#1148 = SHAPE_DEFINITION_REPRESENTATION(#1149,#1155);
#1149 = PRODUCT_DEFINITION_SHAPE('','',#1150);
#1150 = PRODUCT_DEFINITION('design','',#1151,#1154);
#1151 = PRODUCT_DEFINITION_FORMATION('','',#1152);
#1152 = PRODUCT('Open CASCADE STEP translator 7.9 14.2.3',
  'Open CASCADE STEP translator 7.9 14.2.3','',(#1153));
#1153 = PRODUCT_CONTEXT('',#2,'mechanical');
#1154 = PRODUCT_DEFINITION_CONTEXT('part definition',#2,'design');
#1155 = ADVANCED_BREP_SHAPE_REPRESENTATION('',(#11,#1156),#1338);
#1156 = MANIFOLD_SOLID_BREP('',#1157);
#1157 = CLOSED_SHELL('',(#1158,#1226,#1281,#1311));
#1158 = ADVANCED_FACE('',(#1159,#1195),#1172,.F.);
#1159 = FACE_BOUND('',#1160,.T.);
#1160 = EDGE_LOOP('',(#1161));
#1161 = ORIENTED_EDGE('',*,*,#1162,.T.);
#1162 = EDGE_CURVE('',#1163,#1163,#1165,.T.);
#1163 = VERTEX_POINT('',#1164);
#1164 = CARTESIAN_POINT('',(88.616775694169,49.407188428882,
    23.793247933991));
#1165 = SURFACE_CURVE('',#1166,(#1171,#1183),.PCURVE_S1.);
#1166 = CIRCLE('',#1167,4.4);
#1167 = AXIS2_PLACEMENT_3D('',#1168,#1169,#1170);
#1168 = CARTESIAN_POINT('',(88.616775694169,45.442925410111,
    21.884159481873));
#1169 = DIRECTION('',(1.,0.,-0.));
#1170 = DIRECTION('',(0.,0.900968867902,0.433883739118));
#1171 = PCURVE('',#1172,#1177);
#1172 = PLANE('',#1173);
#1173 = AXIS2_PLACEMENT_3D('',#1174,#1175,#1176);
#1174 = CARTESIAN_POINT('',(88.616775694169,45.442925410111,
    21.884159481873));
#1175 = DIRECTION('',(1.,0.,0.));
#1176 = DIRECTION('',(-0.,0.900968867902,0.433883739118));
#1177 = DEFINITIONAL_REPRESENTATION('',(#1178),#1182);
#1178 = CIRCLE('',#1179,4.4);
#1179 = AXIS2_PLACEMENT_2D('',#1180,#1181);
#1180 = CARTESIAN_POINT('',(0.,0.));
#1181 = DIRECTION('',(1.,-0.));
#1182 = ( GEOMETRIC_REPRESENTATION_CONTEXT(2) 
PARAMETRIC_REPRESENTATION_CONTEXT() REPRESENTATION_CONTEXT('2D SPACE',''
  ) );
#1183 = PCURVE('',#1184,#1189);
#1184 = CYLINDRICAL_SURFACE('',#1185,4.4);
#1185 = AXIS2_PLACEMENT_3D('',#1186,#1187,#1188);
#1186 = CARTESIAN_POINT('',(103.14661005817,45.442925410111,
    21.884159481873));
#1187 = DIRECTION('',(-1.,0.,-0.));
#1188 = DIRECTION('',(0.,0.900968867902,0.433883739118));
#1189 = DEFINITIONAL_REPRESENTATION('',(#1190),#1194);
#1190 = LINE('',#1191,#1192);
#1191 = CARTESIAN_POINT('',(-0.,14.52983436401));
#1192 = VECTOR('',#1193,1.);
#1193 = DIRECTION('',(-1.,0.));
#1194 = ( GEOMETRIC_REPRESENTATION_CONTEXT(2) 
PARAMETRIC_REPRESENTATION_CONTEXT() REPRESENTATION_CONTEXT('2D SPACE',''
  ) );
#1195 = FACE_BOUND('',#1196,.T.);
#1196 = EDGE_LOOP('',(#1197));
#1197 = ORIENTED_EDGE('',*,*,#1198,.F.);
#1198 = EDGE_CURVE('',#1199,#1199,#1201,.T.);
#1199 = VERTEX_POINT('',#1200);
#1200 = CARTESIAN_POINT('',(88.616775694169,49.947769749624,
    24.053578177461));
#1201 = SURFACE_CURVE('',#1202,(#1207,#1214),.PCURVE_S1.);
#1202 = CIRCLE('',#1203,5.);
#1203 = AXIS2_PLACEMENT_3D('',#1204,#1205,#1206);
#1204 = CARTESIAN_POINT('',(88.616775694169,45.442925410111,
    21.884159481873));
#1205 = DIRECTION('',(1.,0.,-0.));
#1206 = DIRECTION('',(0.,0.900968867902,0.433883739118));
#1207 = PCURVE('',#1172,#1208);
#1208 = DEFINITIONAL_REPRESENTATION('',(#1209),#1213);
#1209 = CIRCLE('',#1210,5.);
#1210 = AXIS2_PLACEMENT_2D('',#1211,#1212);
#1211 = CARTESIAN_POINT('',(0.,0.));
#1212 = DIRECTION('',(1.,-0.));
#1213 = ( GEOMETRIC_REPRESENTATION_CONTEXT(2) 
PARAMETRIC_REPRESENTATION_CONTEXT() REPRESENTATION_CONTEXT('2D SPACE',''
  ) );
#1214 = PCURVE('',#1215,#1220);
#1215 = CYLINDRICAL_SURFACE('',#1216,5.);
#1216 = AXIS2_PLACEMENT_3D('',#1217,#1218,#1219);
#1217 = CARTESIAN_POINT('',(88.616775694169,45.442925410111,
    21.884159481873));
#1218 = DIRECTION('',(1.,0.,0.));
#1219 = DIRECTION('',(0.,0.900968867902,0.433883739118));
#1220 = DEFINITIONAL_REPRESENTATION('',(#1221),#1225);
#1221 = LINE('',#1222,#1223);
#1222 = CARTESIAN_POINT('',(0.,0.));
#1223 = VECTOR('',#1224,1.);
#1224 = DIRECTION('',(1.,0.));
#1225 = ( GEOMETRIC_REPRESENTATION_CONTEXT(2) 
PARAMETRIC_REPRESENTATION_CONTEXT() REPRESENTATION_CONTEXT('2D SPACE',''
  ) );
#1226 = ADVANCED_FACE('',(#1227),#1215,.T.);
#1227 = FACE_BOUND('',#1228,.T.);
#1228 = EDGE_LOOP('',(#1229,#1230,#1253,#1280));
#1229 = ORIENTED_EDGE('',*,*,#1198,.T.);
#1230 = ORIENTED_EDGE('',*,*,#1231,.T.);
#1231 = EDGE_CURVE('',#1199,#1232,#1234,.T.);
#1232 = VERTEX_POINT('',#1233);
#1233 = CARTESIAN_POINT('',(103.14661005817,49.947769749624,
    24.053578177461));
#1234 = SEAM_CURVE('',#1235,(#1239,#1246),.PCURVE_S1.);
#1235 = LINE('',#1236,#1237);
#1236 = CARTESIAN_POINT('',(88.616775694169,49.947769749624,
    24.053578177461));
#1237 = VECTOR('',#1238,1.);
#1238 = DIRECTION('',(1.,0.,0.));
#1239 = PCURVE('',#1215,#1240);
#1240 = DEFINITIONAL_REPRESENTATION('',(#1241),#1245);
#1241 = LINE('',#1242,#1243);
#1242 = CARTESIAN_POINT('',(0.,0.));
#1243 = VECTOR('',#1244,1.);
#1244 = DIRECTION('',(0.,1.));
#1245 = ( GEOMETRIC_REPRESENTATION_CONTEXT(2) 
PARAMETRIC_REPRESENTATION_CONTEXT() REPRESENTATION_CONTEXT('2D SPACE',''
  ) );
#1246 = PCURVE('',#1215,#1247);
#1247 = DEFINITIONAL_REPRESENTATION('',(#1248),#1252);
#1248 = LINE('',#1249,#1250);
#1249 = CARTESIAN_POINT('',(6.28318530718,0.));
#1250 = VECTOR('',#1251,1.);
#1251 = DIRECTION('',(0.,1.));
#1252 = ( GEOMETRIC_REPRESENTATION_CONTEXT(2) 
PARAMETRIC_REPRESENTATION_CONTEXT() REPRESENTATION_CONTEXT('2D SPACE',''
  ) );
#1253 = ORIENTED_EDGE('',*,*,#1254,.F.);
#1254 = EDGE_CURVE('',#1232,#1232,#1255,.T.);
#1255 = SURFACE_CURVE('',#1256,(#1261,#1268),.PCURVE_S1.);
#1256 = CIRCLE('',#1257,5.);
#1257 = AXIS2_PLACEMENT_3D('',#1258,#1259,#1260);
#1258 = CARTESIAN_POINT('',(103.14661005817,45.442925410111,
    21.884159481873));
#1259 = DIRECTION('',(1.,0.,-0.));
#1260 = DIRECTION('',(0.,0.900968867902,0.433883739118));
#1261 = PCURVE('',#1215,#1262);
#1262 = DEFINITIONAL_REPRESENTATION('',(#1263),#1267);
#1263 = LINE('',#1264,#1265);
#1264 = CARTESIAN_POINT('',(0.,14.52983436401));
#1265 = VECTOR('',#1266,1.);
#1266 = DIRECTION('',(1.,0.));
#1267 = ( GEOMETRIC_REPRESENTATION_CONTEXT(2) 
PARAMETRIC_REPRESENTATION_CONTEXT() REPRESENTATION_CONTEXT('2D SPACE',''
  ) );
#1268 = PCURVE('',#1269,#1274);
#1269 = PLANE('',#1270);
#1270 = AXIS2_PLACEMENT_3D('',#1271,#1272,#1273);
#1271 = CARTESIAN_POINT('',(103.14661005817,45.442925410111,
    21.884159481873));
#1272 = DIRECTION('',(1.,0.,0.));
#1273 = DIRECTION('',(0.,0.900968867902,0.433883739118));
#1274 = DEFINITIONAL_REPRESENTATION('',(#1275),#1279);
#1275 = CIRCLE('',#1276,5.);
#1276 = AXIS2_PLACEMENT_2D('',#1277,#1278);
#1277 = CARTESIAN_POINT('',(0.,0.));
#1278 = DIRECTION('',(1.,0.));
#1279 = ( GEOMETRIC_REPRESENTATION_CONTEXT(2) 
PARAMETRIC_REPRESENTATION_CONTEXT() REPRESENTATION_CONTEXT('2D SPACE',''
  ) );
#1280 = ORIENTED_EDGE('',*,*,#1231,.F.);
#1281 = ADVANCED_FACE('',(#1282,#1285),#1269,.T.);
#1282 = FACE_BOUND('',#1283,.T.);
#1283 = EDGE_LOOP('',(#1284));
#1284 = ORIENTED_EDGE('',*,*,#1254,.T.);
#1285 = FACE_BOUND('',#1286,.T.);
#1286 = EDGE_LOOP('',(#1287));
#1287 = ORIENTED_EDGE('',*,*,#1288,.F.);
#1288 = EDGE_CURVE('',#1289,#1289,#1291,.T.);
#1289 = VERTEX_POINT('',#1290);
#1290 = CARTESIAN_POINT('',(103.14661005817,49.407188428882,
    23.793247933991));
#1291 = SURFACE_CURVE('',#1292,(#1297,#1304),.PCURVE_S1.);
#1292 = CIRCLE('',#1293,4.4);
#1293 = AXIS2_PLACEMENT_3D('',#1294,#1295,#1296);
#1294 = CARTESIAN_POINT('',(103.14661005817,45.442925410111,
    21.884159481873));
#1295 = DIRECTION('',(1.,0.,-0.));
#1296 = DIRECTION('',(0.,0.900968867902,0.433883739118));
#1297 = PCURVE('',#1269,#1298);
#1298 = DEFINITIONAL_REPRESENTATION('',(#1299),#1303);
#1299 = CIRCLE('',#1300,4.4);
#1300 = AXIS2_PLACEMENT_2D('',#1301,#1302);
#1301 = CARTESIAN_POINT('',(0.,0.));
#1302 = DIRECTION('',(1.,0.));
#1303 = ( GEOMETRIC_REPRESENTATION_CONTEXT(2) 
PARAMETRIC_REPRESENTATION_CONTEXT() REPRESENTATION_CONTEXT('2D SPACE',''
  ) );
#1304 = PCURVE('',#1184,#1305);
#1305 = DEFINITIONAL_REPRESENTATION('',(#1306),#1310);
#1306 = LINE('',#1307,#1308);
#1307 = CARTESIAN_POINT('',(-0.,0.));
#1308 = VECTOR('',#1309,1.);
#1309 = DIRECTION('',(-1.,0.));
#1310 = ( GEOMETRIC_REPRESENTATION_CONTEXT(2) 
PARAMETRIC_REPRESENTATION_CONTEXT() REPRESENTATION_CONTEXT('2D SPACE',''
  ) );
#1311 = ADVANCED_FACE('',(#1312),#1184,.F.);
#1312 = FACE_BOUND('',#1313,.T.);
#1313 = EDGE_LOOP('',(#1314,#1315,#1336,#1337));
#1314 = ORIENTED_EDGE('',*,*,#1288,.T.);
#1315 = ORIENTED_EDGE('',*,*,#1316,.T.);
#1316 = EDGE_CURVE('',#1289,#1163,#1317,.T.);
#1317 = SEAM_CURVE('',#1318,(#1322,#1329),.PCURVE_S1.);
#1318 = LINE('',#1319,#1320);
#1319 = CARTESIAN_POINT('',(103.14661005817,49.407188428882,
    23.793247933991));
#1320 = VECTOR('',#1321,1.);
#1321 = DIRECTION('',(-1.,0.,0.));
#1322 = PCURVE('',#1184,#1323);
#1323 = DEFINITIONAL_REPRESENTATION('',(#1324),#1328);
#1324 = LINE('',#1325,#1326);
#1325 = CARTESIAN_POINT('',(-0.,0.));
#1326 = VECTOR('',#1327,1.);
#1327 = DIRECTION('',(-0.,1.));
#1328 = ( GEOMETRIC_REPRESENTATION_CONTEXT(2) 
PARAMETRIC_REPRESENTATION_CONTEXT() REPRESENTATION_CONTEXT('2D SPACE',''
  ) );
#1329 = PCURVE('',#1184,#1330);
#1330 = DEFINITIONAL_REPRESENTATION('',(#1331),#1335);
#1331 = LINE('',#1332,#1333);
#1332 = CARTESIAN_POINT('',(-6.28318530718,0.));
#1333 = VECTOR('',#1334,1.);
#1334 = DIRECTION('',(-0.,1.));
#1335 = ( GEOMETRIC_REPRESENTATION_CONTEXT(2) 
PARAMETRIC_REPRESENTATION_CONTEXT() REPRESENTATION_CONTEXT('2D SPACE',''
  ) );
#1336 = ORIENTED_EDGE('',*,*,#1162,.F.);
#1337 = ORIENTED_EDGE('',*,*,#1316,.F.);
#1338 = ( GEOMETRIC_REPRESENTATION_CONTEXT(3) 
GLOBAL_UNCERTAINTY_ASSIGNED_CONTEXT((#1342)) 
GLOBAL_UNIT_ASSIGNED_CONTEXT((#1339,#1340,#1341)) REPRESENTATION_CONTEXT
('Context #1','3D Context with UNIT and UNCERTAINTY') );
#1339 = ( LENGTH_UNIT() NAMED_UNIT(*) SI_UNIT(.MILLI.,.METRE.) );
#1340 = ( NAMED_UNIT(*) PLANE_ANGLE_UNIT() SI_UNIT($,.RADIAN.) );
#1341 = ( NAMED_UNIT(*) SI_UNIT($,.STERADIAN.) SOLID_ANGLE_UNIT() );
#1342 = UNCERTAINTY_MEASURE_WITH_UNIT(LENGTH_MEASURE(1.E-07),#1339,
  'distance_accuracy_value','confusion accuracy');
#1343 = CONTEXT_DEPENDENT_SHAPE_REPRESENTATION(#1344,#1346);
#1344 = ( REPRESENTATION_RELATIONSHIP('','',#1155,#720) 
REPRESENTATION_RELATIONSHIP_WITH_TRANSFORMATION(#1345) 
SHAPE_REPRESENTATION_RELATIONSHIP() );
#1345 = ITEM_DEFINED_TRANSFORMATION('','',#11,#729);
#1346 = PRODUCT_DEFINITION_SHAPE('Placement','Placement of an item',
  #1347);
#1347 = NEXT_ASSEMBLY_USAGE_OCCURRENCE('70','','',#715,#1150,$);
#1348 = PRODUCT_RELATED_PRODUCT_CATEGORY('part',$,(#1152));
#1349 = SHAPE_DEFINITION_REPRESENTATION(#1350,#1356);
#1350 = PRODUCT_DEFINITION_SHAPE('','',#1351);
#1351 = PRODUCT_DEFINITION('design','',#1352,#1355);
#1352 = PRODUCT_DEFINITION_FORMATION('','',#1353);
#1353 = PRODUCT('Open CASCADE STEP translator 7.9 14.3',
  'Open CASCADE STEP translator 7.9 14.3','',(#1354));
#1354 = PRODUCT_CONTEXT('',#2,'mechanical');
#1355 = PRODUCT_DEFINITION_CONTEXT('part definition',#2,'design');
#1356 = SHAPE_REPRESENTATION('',(#11,#1357,#1361,#1365),#1369);
#1357 = AXIS2_PLACEMENT_3D('',#1358,#1359,#1360);
#1358 = CARTESIAN_POINT('',(0.,0.,0.));
#1359 = DIRECTION('',(0.,0.,1.));
#1360 = DIRECTION('',(1.,0.,-0.));
#1361 = AXIS2_PLACEMENT_3D('',#1362,#1363,#1364);
#1362 = CARTESIAN_POINT('',(0.,0.,0.));
#1363 = DIRECTION('',(0.,0.,1.));
#1364 = DIRECTION('',(1.,0.,-0.));
#1365 = AXIS2_PLACEMENT_3D('',#1366,#1367,#1368);
#1366 = CARTESIAN_POINT('',(0.,0.,0.));
#1367 = DIRECTION('',(0.,0.,1.));
#1368 = DIRECTION('',(1.,0.,-0.));
#1369 = ( GEOMETRIC_REPRESENTATION_CONTEXT(3) 
GLOBAL_UNCERTAINTY_ASSIGNED_CONTEXT((#1373)) 
GLOBAL_UNIT_ASSIGNED_CONTEXT((#1370,#1371,#1372)) REPRESENTATION_CONTEXT
('Context #1','3D Context with UNIT and UNCERTAINTY') );
#1370 = ( LENGTH_UNIT() NAMED_UNIT(*) SI_UNIT(.MILLI.,.METRE.) );
#1371 = ( NAMED_UNIT(*) PLANE_ANGLE_UNIT() SI_UNIT($,.RADIAN.) );
#1372 = ( NAMED_UNIT(*) SI_UNIT($,.STERADIAN.) SOLID_ANGLE_UNIT() );
#1373 = UNCERTAINTY_MEASURE_WITH_UNIT(LENGTH_MEASURE(1.E-07),#1370,
  'distance_accuracy_value','confusion accuracy');
#1374 = CONTEXT_DEPENDENT_SHAPE_REPRESENTATION(#1375,#1377);
#1375 = ( REPRESENTATION_RELATIONSHIP('','',#1356,#10) 
REPRESENTATION_RELATIONSHIP_WITH_TRANSFORMATION(#1376) 
SHAPE_REPRESENTATION_RELATIONSHIP() );
#1376 = ITEM_DEFINED_TRANSFORMATION('','',#11,#23);
#1377 = PRODUCT_DEFINITION_SHAPE('Placement','Placement of an item',
  #1378);
#1378 = NEXT_ASSEMBLY_USAGE_OCCURRENCE('75','','',#5,#1351,$);
#1379 = PRODUCT_RELATED_PRODUCT_CATEGORY('part',$,(#1353));
#1380 = SHAPE_DEFINITION_REPRESENTATION(#1381,#1387);
#1381 = PRODUCT_DEFINITION_SHAPE('','',#1382);
#1382 = PRODUCT_DEFINITION('design','',#1383,#1386);
#1383 = PRODUCT_DEFINITION_FORMATION('','',#1384);
#1384 = PRODUCT('Open CASCADE STEP translator 7.9 14.3.1',
  'Open CASCADE STEP translator 7.9 14.3.1','',(#1385));
#1385 = PRODUCT_CONTEXT('',#2,'mechanical');
#1386 = PRODUCT_DEFINITION_CONTEXT('part definition',#2,'design');
#1387 = ADVANCED_BREP_SHAPE_REPRESENTATION('',(#11,#1388),#1570);
#1388 = MANIFOLD_SOLID_BREP('',#1389);
#1389 = CLOSED_SHELL('',(#1390,#1458,#1513,#1543));
#1390 = ADVANCED_FACE('',(#1391,#1427),#1404,.F.);
#1391 = FACE_BOUND('',#1392,.T.);
#1392 = EDGE_LOOP('',(#1393));
#1393 = ORIENTED_EDGE('',*,*,#1394,.T.);
#1394 = EDGE_CURVE('',#1395,#1395,#1397,.T.);
#1395 = VERTEX_POINT('',#1396);
#1396 = CARTESIAN_POINT('',(53.63279758958,43.543182273541,
    54.601423546639));
#1397 = SURFACE_CURVE('',#1398,(#1403,#1415),.PCURVE_S1.);
#1398 = CIRCLE('',#1399,4.4);
#1399 = AXIS2_PLACEMENT_3D('',#1400,#1401,#1402);
#1400 = CARTESIAN_POINT('',(53.63279758958,40.799827145363,
    51.161365023779));
#1401 = DIRECTION('',(1.,0.,-0.));
#1402 = DIRECTION('',(0.,0.623489801859,0.781831482468));
#1403 = PCURVE('',#1404,#1409);
#1404 = PLANE('',#1405);
#1405 = AXIS2_PLACEMENT_3D('',#1406,#1407,#1408);
#1406 = CARTESIAN_POINT('',(53.63279758958,40.799827145363,
    51.161365023779));
#1407 = DIRECTION('',(1.,0.,0.));
#1408 = DIRECTION('',(-0.,0.623489801859,0.781831482468));
#1409 = DEFINITIONAL_REPRESENTATION('',(#1410),#1414);
#1410 = CIRCLE('',#1411,4.4);
#1411 = AXIS2_PLACEMENT_2D('',#1412,#1413);
#1412 = CARTESIAN_POINT('',(0.,0.));
#1413 = DIRECTION('',(1.,-0.));
#1414 = ( GEOMETRIC_REPRESENTATION_CONTEXT(2) 
PARAMETRIC_REPRESENTATION_CONTEXT() REPRESENTATION_CONTEXT('2D SPACE',''
  ) );
#1415 = PCURVE('',#1416,#1421);
#1416 = CYLINDRICAL_SURFACE('',#1417,4.4);
#1417 = AXIS2_PLACEMENT_3D('',#1418,#1419,#1420);
#1418 = CARTESIAN_POINT('',(103.14661005817,40.799827145363,
    51.161365023779));
#1419 = DIRECTION('',(-1.,0.,-0.));
#1420 = DIRECTION('',(0.,0.623489801859,0.781831482468));
#1421 = DEFINITIONAL_REPRESENTATION('',(#1422),#1426);
#1422 = LINE('',#1423,#1424);
#1423 = CARTESIAN_POINT('',(-0.,49.513812468599));
#1424 = VECTOR('',#1425,1.);
#1425 = DIRECTION('',(-1.,0.));
#1426 = ( GEOMETRIC_REPRESENTATION_CONTEXT(2) 
PARAMETRIC_REPRESENTATION_CONTEXT() REPRESENTATION_CONTEXT('2D SPACE',''
  ) );
#1427 = FACE_BOUND('',#1428,.T.);
#1428 = EDGE_LOOP('',(#1429));
#1429 = ORIENTED_EDGE('',*,*,#1430,.F.);
#1430 = EDGE_CURVE('',#1431,#1431,#1433,.T.);
#1431 = VERTEX_POINT('',#1432);
#1432 = CARTESIAN_POINT('',(53.63279758958,43.917276154657,
    55.070522436119));
#1433 = SURFACE_CURVE('',#1434,(#1439,#1446),.PCURVE_S1.);
#1434 = CIRCLE('',#1435,5.);
#1435 = AXIS2_PLACEMENT_3D('',#1436,#1437,#1438);
#1436 = CARTESIAN_POINT('',(53.63279758958,40.799827145363,
    51.161365023779));
#1437 = DIRECTION('',(1.,0.,-0.));
#1438 = DIRECTION('',(0.,0.623489801859,0.781831482468));
#1439 = PCURVE('',#1404,#1440);
#1440 = DEFINITIONAL_REPRESENTATION('',(#1441),#1445);
#1441 = CIRCLE('',#1442,5.);
#1442 = AXIS2_PLACEMENT_2D('',#1443,#1444);
#1443 = CARTESIAN_POINT('',(0.,0.));
#1444 = DIRECTION('',(1.,-0.));
#1445 = ( GEOMETRIC_REPRESENTATION_CONTEXT(2) 
PARAMETRIC_REPRESENTATION_CONTEXT() REPRESENTATION_CONTEXT('2D SPACE',''
  ) );
#1446 = PCURVE('',#1447,#1452);
#1447 = CYLINDRICAL_SURFACE('',#1448,5.);
#1448 = AXIS2_PLACEMENT_3D('',#1449,#1450,#1451);
#1449 = CARTESIAN_POINT('',(53.63279758958,40.799827145363,
    51.161365023779));
#1450 = DIRECTION('',(1.,0.,0.));
#1451 = DIRECTION('',(0.,0.623489801859,0.781831482468));
#1452 = DEFINITIONAL_REPRESENTATION('',(#1453),#1457);
#1453 = LINE('',#1454,#1455);
#1454 = CARTESIAN_POINT('',(0.,0.));
#1455 = VECTOR('',#1456,1.);
#1456 = DIRECTION('',(1.,0.));
#1457 = ( GEOMETRIC_REPRESENTATION_CONTEXT(2) 
PARAMETRIC_REPRESENTATION_CONTEXT() REPRESENTATION_CONTEXT('2D SPACE',''
  ) );
#1458 = ADVANCED_FACE('',(#1459),#1447,.T.);
#1459 = FACE_BOUND('',#1460,.T.);
#1460 = EDGE_LOOP('',(#1461,#1462,#1485,#1512));
#1461 = ORIENTED_EDGE('',*,*,#1430,.T.);
#1462 = ORIENTED_EDGE('',*,*,#1463,.T.);
#1463 = EDGE_CURVE('',#1431,#1464,#1466,.T.);
#1464 = VERTEX_POINT('',#1465);
#1465 = CARTESIAN_POINT('',(103.14661005817,43.917276154657,
    55.070522436119));
#1466 = SEAM_CURVE('',#1467,(#1471,#1478),.PCURVE_S1.);
#1467 = LINE('',#1468,#1469);
#1468 = CARTESIAN_POINT('',(53.63279758958,43.917276154657,
    55.070522436119));
#1469 = VECTOR('',#1470,1.);
#1470 = DIRECTION('',(1.,0.,0.));
#1471 = PCURVE('',#1447,#1472);
#1472 = DEFINITIONAL_REPRESENTATION('',(#1473),#1477);
#1473 = LINE('',#1474,#1475);
#1474 = CARTESIAN_POINT('',(0.,0.));
#1475 = VECTOR('',#1476,1.);
#1476 = DIRECTION('',(0.,1.));
#1477 = ( GEOMETRIC_REPRESENTATION_CONTEXT(2) 
PARAMETRIC_REPRESENTATION_CONTEXT() REPRESENTATION_CONTEXT('2D SPACE',''
  ) );
#1478 = PCURVE('',#1447,#1479);
#1479 = DEFINITIONAL_REPRESENTATION('',(#1480),#1484);
#1480 = LINE('',#1481,#1482);
#1481 = CARTESIAN_POINT('',(6.28318530718,0.));
#1482 = VECTOR('',#1483,1.);
#1483 = DIRECTION('',(0.,1.));
#1484 = ( GEOMETRIC_REPRESENTATION_CONTEXT(2) 
PARAMETRIC_REPRESENTATION_CONTEXT() REPRESENTATION_CONTEXT('2D SPACE',''
  ) );
#1485 = ORIENTED_EDGE('',*,*,#1486,.F.);
#1486 = EDGE_CURVE('',#1464,#1464,#1487,.T.);
#1487 = SURFACE_CURVE('',#1488,(#1493,#1500),.PCURVE_S1.);
#1488 = CIRCLE('',#1489,5.);
#1489 = AXIS2_PLACEMENT_3D('',#1490,#1491,#1492);
#1490 = CARTESIAN_POINT('',(103.14661005817,40.799827145363,
    51.161365023779));
#1491 = DIRECTION('',(1.,0.,-0.));
#1492 = DIRECTION('',(0.,0.623489801859,0.781831482468));
#1493 = PCURVE('',#1447,#1494);
#1494 = DEFINITIONAL_REPRESENTATION('',(#1495),#1499);
#1495 = LINE('',#1496,#1497);
#1496 = CARTESIAN_POINT('',(0.,49.513812468599));
#1497 = VECTOR('',#1498,1.);
#1498 = DIRECTION('',(1.,0.));
#1499 = ( GEOMETRIC_REPRESENTATION_CONTEXT(2) 
PARAMETRIC_REPRESENTATION_CONTEXT() REPRESENTATION_CONTEXT('2D SPACE',''
  ) );
#1500 = PCURVE('',#1501,#1506);
#1501 = PLANE('',#1502);
#1502 = AXIS2_PLACEMENT_3D('',#1503,#1504,#1505);
#1503 = CARTESIAN_POINT('',(103.14661005817,40.799827145363,
    51.161365023779));
#1504 = DIRECTION('',(1.,0.,0.));
#1505 = DIRECTION('',(0.,0.623489801859,0.781831482468));
#1506 = DEFINITIONAL_REPRESENTATION('',(#1507),#1511);
#1507 = CIRCLE('',#1508,5.);
#1508 = AXIS2_PLACEMENT_2D('',#1509,#1510);
#1509 = CARTESIAN_POINT('',(0.,0.));
#1510 = DIRECTION('',(1.,0.));
#1511 = ( GEOMETRIC_REPRESENTATION_CONTEXT(2) 
PARAMETRIC_REPRESENTATION_CONTEXT() REPRESENTATION_CONTEXT('2D SPACE',''
  ) );
#1512 = ORIENTED_EDGE('',*,*,#1463,.F.);
#1513 = ADVANCED_FACE('',(#1514,#1517),#1501,.T.);
#1514 = FACE_BOUND('',#1515,.T.);
#1515 = EDGE_LOOP('',(#1516));
#1516 = ORIENTED_EDGE('',*,*,#1486,.T.);
#1517 = FACE_BOUND('',#1518,.T.);
#1518 = EDGE_LOOP('',(#1519));
#1519 = ORIENTED_EDGE('',*,*,#1520,.F.);
#1520 = EDGE_CURVE('',#1521,#1521,#1523,.T.);
#1521 = VERTEX_POINT('',#1522);
#1522 = CARTESIAN_POINT('',(103.14661005817,43.543182273541,
    54.601423546639));
#1523 = SURFACE_CURVE('',#1524,(#1529,#1536),.PCURVE_S1.);
#1524 = CIRCLE('',#1525,4.4);
#1525 = AXIS2_PLACEMENT_3D('',#1526,#1527,#1528);
#1526 = CARTESIAN_POINT('',(103.14661005817,40.799827145363,
    51.161365023779));
#1527 = DIRECTION('',(1.,0.,-0.));
#1528 = DIRECTION('',(0.,0.623489801859,0.781831482468));
#1529 = PCURVE('',#1501,#1530);
#1530 = DEFINITIONAL_REPRESENTATION('',(#1531),#1535);
#1531 = CIRCLE('',#1532,4.4);
#1532 = AXIS2_PLACEMENT_2D('',#1533,#1534);
#1533 = CARTESIAN_POINT('',(0.,0.));
#1534 = DIRECTION('',(1.,0.));
#1535 = ( GEOMETRIC_REPRESENTATION_CONTEXT(2) 
PARAMETRIC_REPRESENTATION_CONTEXT() REPRESENTATION_CONTEXT('2D SPACE',''
  ) );
#1536 = PCURVE('',#1416,#1537);
#1537 = DEFINITIONAL_REPRESENTATION('',(#1538),#1542);
#1538 = LINE('',#1539,#1540);
#1539 = CARTESIAN_POINT('',(-0.,0.));
#1540 = VECTOR('',#1541,1.);
#1541 = DIRECTION('',(-1.,0.));
#1542 = ( GEOMETRIC_REPRESENTATION_CONTEXT(2) 
PARAMETRIC_REPRESENTATION_CONTEXT() REPRESENTATION_CONTEXT('2D SPACE',''
  ) );
#1543 = ADVANCED_FACE('',(#1544),#1416,.F.);
#1544 = FACE_BOUND('',#1545,.T.);
#1545 = EDGE_LOOP('',(#1546,#1547,#1568,#1569));
#1546 = ORIENTED_EDGE('',*,*,#1520,.T.);
#1547 = ORIENTED_EDGE('',*,*,#1548,.T.);
#1548 = EDGE_CURVE('',#1521,#1395,#1549,.T.);
#1549 = SEAM_CURVE('',#1550,(#1554,#1561),.PCURVE_S1.);
#1550 = LINE('',#1551,#1552);
#1551 = CARTESIAN_POINT('',(103.14661005817,43.543182273541,
    54.601423546639));
#1552 = VECTOR('',#1553,1.);
#1553 = DIRECTION('',(-1.,0.,0.));
#1554 = PCURVE('',#1416,#1555);
#1555 = DEFINITIONAL_REPRESENTATION('',(#1556),#1560);
#1556 = LINE('',#1557,#1558);
#1557 = CARTESIAN_POINT('',(-0.,0.));
#1558 = VECTOR('',#1559,1.);
#1559 = DIRECTION('',(-0.,1.));
#1560 = ( GEOMETRIC_REPRESENTATION_CONTEXT(2) 
PARAMETRIC_REPRESENTATION_CONTEXT() REPRESENTATION_CONTEXT('2D SPACE',''
  ) );
#1561 = PCURVE('',#1416,#1562);
#1562 = DEFINITIONAL_REPRESENTATION('',(#1563),#1567);
#1563 = LINE('',#1564,#1565);
#1564 = CARTESIAN_POINT('',(-6.28318530718,0.));
#1565 = VECTOR('',#1566,1.);
#1566 = DIRECTION('',(-0.,1.));
#1567 = ( GEOMETRIC_REPRESENTATION_CONTEXT(2) 
PARAMETRIC_REPRESENTATION_CONTEXT() REPRESENTATION_CONTEXT('2D SPACE',''
  ) );
#1568 = ORIENTED_EDGE('',*,*,#1394,.F.);
#1569 = ORIENTED_EDGE('',*,*,#1548,.F.);
#1570 = ( GEOMETRIC_REPRESENTATION_CONTEXT(3) 
GLOBAL_UNCERTAINTY_ASSIGNED_CONTEXT((#1574)) 
GLOBAL_UNIT_ASSIGNED_CONTEXT((#1571,#1572,#1573)) REPRESENTATION_CONTEXT
('Context #1','3D Context with UNIT and UNCERTAINTY') );
#1571 = ( LENGTH_UNIT() NAMED_UNIT(*) SI_UNIT(.MILLI.,.METRE.) );
#1572 = ( NAMED_UNIT(*) PLANE_ANGLE_UNIT() SI_UNIT($,.RADIAN.) );
#1573 = ( NAMED_UNIT(*) SI_UNIT($,.STERADIAN.) SOLID_ANGLE_UNIT() );
#1574 = UNCERTAINTY_MEASURE_WITH_UNIT(LENGTH_MEASURE(1.E-07),#1571,
  'distance_accuracy_value','confusion accuracy');
#1575 = CONTEXT_DEPENDENT_SHAPE_REPRESENTATION(#1576,#1578);
#1576 = ( REPRESENTATION_RELATIONSHIP('','',#1387,#1356) 
REPRESENTATION_RELATIONSHIP_WITH_TRANSFORMATION(#1577) 
SHAPE_REPRESENTATION_RELATIONSHIP() );
#1577 = ITEM_DEFINED_TRANSFORMATION('','',#11,#1357);
#1578 = PRODUCT_DEFINITION_SHAPE('Placement','Placement of an item',
  #1579);
#1579 = NEXT_ASSEMBLY_USAGE_OCCURRENCE('72','','',#1351,#1382,$);
#1580 = PRODUCT_RELATED_PRODUCT_CATEGORY('part',$,(#1384));
#1581 = SHAPE_DEFINITION_REPRESENTATION(#1582,#1588);
#1582 = PRODUCT_DEFINITION_SHAPE('','',#1583);
#1583 = PRODUCT_DEFINITION('design','',#1584,#1587);
#1584 = PRODUCT_DEFINITION_FORMATION('','',#1585);
#1585 = PRODUCT('Open CASCADE STEP translator 7.9 14.3.2',
  'Open CASCADE STEP translator 7.9 14.3.2','',(#1586));
#1586 = PRODUCT_CONTEXT('',#2,'mechanical');
#1587 = PRODUCT_DEFINITION_CONTEXT('part definition',#2,'design');
#1588 = ADVANCED_BREP_SHAPE_REPRESENTATION('',(#11,#1589),#1773);
#1589 = MANIFOLD_SOLID_BREP('',#1590);
#1590 = CLOSED_SHELL('',(#1591,#1680,#1715,#1745));
#1591 = ADVANCED_FACE('',(#1592),#1605,.T.);
#1592 = FACE_BOUND('',#1593,.T.);
#1593 = EDGE_LOOP('',(#1594,#1628,#1652,#1679));
#1594 = ORIENTED_EDGE('',*,*,#1595,.F.);
#1595 = EDGE_CURVE('',#1596,#1596,#1598,.T.);
#1596 = VERTEX_POINT('',#1597);
#1597 = CARTESIAN_POINT('',(105.64661005817,36.123653631422,
    45.297628905269));
#1598 = SURFACE_CURVE('',#1599,(#1604,#1616),.PCURVE_S1.);
#1599 = CIRCLE('',#1600,2.5);
#1600 = AXIS2_PLACEMENT_3D('',#1601,#1602,#1603);
#1601 = CARTESIAN_POINT('',(103.14661005817,36.123653631422,
    45.297628905269));
#1602 = DIRECTION('',(0.,-0.781831482468,0.623489801859));
#1603 = DIRECTION('',(1.,0.,0.));
#1604 = PCURVE('',#1605,#1610);
#1605 = TOROIDAL_SURFACE('',#1606,7.5,5.);
#1606 = AXIS2_PLACEMENT_3D('',#1607,#1608,#1609);
#1607 = CARTESIAN_POINT('',(103.14661005817,36.123653631422,
    45.297628905269));
#1608 = DIRECTION('',(0.,-0.781831482468,0.623489801859));
#1609 = DIRECTION('',(1.,0.,0.));
#1610 = DEFINITIONAL_REPRESENTATION('',(#1611),#1615);
#1611 = LINE('',#1612,#1613);
#1612 = CARTESIAN_POINT('',(0.,3.14159265359));
#1613 = VECTOR('',#1614,1.);
#1614 = DIRECTION('',(1.,0.));
#1615 = ( GEOMETRIC_REPRESENTATION_CONTEXT(2) 
PARAMETRIC_REPRESENTATION_CONTEXT() REPRESENTATION_CONTEXT('2D SPACE',''
  ) );
#1616 = PCURVE('',#1617,#1622);
#1617 = PLANE('',#1618);
#1618 = AXIS2_PLACEMENT_3D('',#1619,#1620,#1621);
#1619 = CARTESIAN_POINT('',(103.14661005817,36.123653631422,
    45.297628905269));
#1620 = DIRECTION('',(0.,-0.781831482468,0.623489801859));
#1621 = DIRECTION('',(1.,0.,0.));
#1622 = DEFINITIONAL_REPRESENTATION('',(#1623),#1627);
#1623 = CIRCLE('',#1624,2.5);
#1624 = AXIS2_PLACEMENT_2D('',#1625,#1626);
#1625 = CARTESIAN_POINT('',(0.,0.));
#1626 = DIRECTION('',(1.,0.));
#1627 = ( GEOMETRIC_REPRESENTATION_CONTEXT(2) 
PARAMETRIC_REPRESENTATION_CONTEXT() REPRESENTATION_CONTEXT('2D SPACE',''
  ) );
#1628 = ORIENTED_EDGE('',*,*,#1629,.F.);
#1629 = EDGE_CURVE('',#1630,#1596,#1632,.T.);
#1630 = VERTEX_POINT('',#1631);
#1631 = CARTESIAN_POINT('',(115.64661005817,36.123653631422,
    45.297628905269));
#1632 = SEAM_CURVE('',#1633,(#1638,#1645),.PCURVE_S1.);
#1633 = CIRCLE('',#1634,5.);
#1634 = AXIS2_PLACEMENT_3D('',#1635,#1636,#1637);
#1635 = CARTESIAN_POINT('',(110.64661005817,36.123653631422,
    45.297628905269));
#1636 = DIRECTION('',(-2.449293598295E-16,-0.623489801859,
    -0.781831482468));
#1637 = DIRECTION('',(1.,-1.527109580295E-16,-1.914934844954E-16));
#1638 = PCURVE('',#1605,#1639);
#1639 = DEFINITIONAL_REPRESENTATION('',(#1640),#1644);
#1640 = LINE('',#1641,#1642);
#1641 = CARTESIAN_POINT('',(6.28318530718,-0.));
#1642 = VECTOR('',#1643,1.);
#1643 = DIRECTION('',(0.,1.));
#1644 = ( GEOMETRIC_REPRESENTATION_CONTEXT(2) 
PARAMETRIC_REPRESENTATION_CONTEXT() REPRESENTATION_CONTEXT('2D SPACE',''
  ) );
#1645 = PCURVE('',#1605,#1646);
#1646 = DEFINITIONAL_REPRESENTATION('',(#1647),#1651);
#1647 = LINE('',#1648,#1649);
#1648 = CARTESIAN_POINT('',(0.,-0.));
#1649 = VECTOR('',#1650,1.);
#1650 = DIRECTION('',(0.,1.));
#1651 = ( GEOMETRIC_REPRESENTATION_CONTEXT(2) 
PARAMETRIC_REPRESENTATION_CONTEXT() REPRESENTATION_CONTEXT('2D SPACE',''
  ) );
#1652 = ORIENTED_EDGE('',*,*,#1653,.T.);
#1653 = EDGE_CURVE('',#1630,#1630,#1654,.T.);
#1654 = SURFACE_CURVE('',#1655,(#1660,#1667),.PCURVE_S1.);
#1655 = CIRCLE('',#1656,12.5);
#1656 = AXIS2_PLACEMENT_3D('',#1657,#1658,#1659);
#1657 = CARTESIAN_POINT('',(103.14661005817,36.123653631422,
    45.297628905269));
#1658 = DIRECTION('',(0.,-0.781831482468,0.623489801859));
#1659 = DIRECTION('',(1.,0.,0.));
#1660 = PCURVE('',#1605,#1661);
#1661 = DEFINITIONAL_REPRESENTATION('',(#1662),#1666);
#1662 = LINE('',#1663,#1664);
#1663 = CARTESIAN_POINT('',(0.,0.));
#1664 = VECTOR('',#1665,1.);
#1665 = DIRECTION('',(1.,0.));
#1666 = ( GEOMETRIC_REPRESENTATION_CONTEXT(2) 
PARAMETRIC_REPRESENTATION_CONTEXT() REPRESENTATION_CONTEXT('2D SPACE',''
  ) );
#1667 = PCURVE('',#1668,#1673);
#1668 = PLANE('',#1669);
#1669 = AXIS2_PLACEMENT_3D('',#1670,#1671,#1672);
#1670 = CARTESIAN_POINT('',(103.14661005817,36.123653631422,
    45.297628905269));
#1671 = DIRECTION('',(0.,-0.781831482468,0.623489801859));
#1672 = DIRECTION('',(1.,0.,0.));
#1673 = DEFINITIONAL_REPRESENTATION('',(#1674),#1678);
#1674 = CIRCLE('',#1675,12.5);
#1675 = AXIS2_PLACEMENT_2D('',#1676,#1677);
#1676 = CARTESIAN_POINT('',(0.,0.));
#1677 = DIRECTION('',(1.,0.));
#1678 = ( GEOMETRIC_REPRESENTATION_CONTEXT(2) 
PARAMETRIC_REPRESENTATION_CONTEXT() REPRESENTATION_CONTEXT('2D SPACE',''
  ) );
#1679 = ORIENTED_EDGE('',*,*,#1629,.T.);
#1680 = ADVANCED_FACE('',(#1681,#1712),#1617,.F.);
#1681 = FACE_BOUND('',#1682,.F.);
#1682 = EDGE_LOOP('',(#1683));
#1683 = ORIENTED_EDGE('',*,*,#1684,.T.);
#1684 = EDGE_CURVE('',#1685,#1685,#1687,.T.);
#1685 = VERTEX_POINT('',#1686);
#1686 = CARTESIAN_POINT('',(106.24661005817,36.123653631422,
    45.297628905269));
#1687 = SURFACE_CURVE('',#1688,(#1693,#1700),.PCURVE_S1.);
#1688 = CIRCLE('',#1689,3.1);
#1689 = AXIS2_PLACEMENT_3D('',#1690,#1691,#1692);
#1690 = CARTESIAN_POINT('',(103.14661005817,36.123653631422,
    45.297628905269));
#1691 = DIRECTION('',(0.,-0.781831482468,0.623489801859));
#1692 = DIRECTION('',(1.,0.,0.));
#1693 = PCURVE('',#1617,#1694);
#1694 = DEFINITIONAL_REPRESENTATION('',(#1695),#1699);
#1695 = CIRCLE('',#1696,3.1);
#1696 = AXIS2_PLACEMENT_2D('',#1697,#1698);
#1697 = CARTESIAN_POINT('',(0.,0.));
#1698 = DIRECTION('',(1.,0.));
#1699 = ( GEOMETRIC_REPRESENTATION_CONTEXT(2) 
PARAMETRIC_REPRESENTATION_CONTEXT() REPRESENTATION_CONTEXT('2D SPACE',''
  ) );
#1700 = PCURVE('',#1701,#1706);
#1701 = TOROIDAL_SURFACE('',#1702,7.5,4.4);
#1702 = AXIS2_PLACEMENT_3D('',#1703,#1704,#1705);
#1703 = CARTESIAN_POINT('',(103.14661005817,36.123653631422,
    45.297628905269));
#1704 = DIRECTION('',(0.,-0.781831482468,0.623489801859));
#1705 = DIRECTION('',(1.,0.,0.));
#1706 = DEFINITIONAL_REPRESENTATION('',(#1707),#1711);
#1707 = LINE('',#1708,#1709);
#1708 = CARTESIAN_POINT('',(0.,3.14159265359));
#1709 = VECTOR('',#1710,1.);
#1710 = DIRECTION('',(1.,0.));
#1711 = ( GEOMETRIC_REPRESENTATION_CONTEXT(2) 
PARAMETRIC_REPRESENTATION_CONTEXT() REPRESENTATION_CONTEXT('2D SPACE',''
  ) );
#1712 = FACE_BOUND('',#1713,.F.);
#1713 = EDGE_LOOP('',(#1714));
#1714 = ORIENTED_EDGE('',*,*,#1595,.F.);
#1715 = ADVANCED_FACE('',(#1716,#1719),#1668,.F.);
#1716 = FACE_BOUND('',#1717,.F.);
#1717 = EDGE_LOOP('',(#1718));
#1718 = ORIENTED_EDGE('',*,*,#1653,.T.);
#1719 = FACE_BOUND('',#1720,.F.);
#1720 = EDGE_LOOP('',(#1721));
#1721 = ORIENTED_EDGE('',*,*,#1722,.F.);
#1722 = EDGE_CURVE('',#1723,#1723,#1725,.T.);
#1723 = VERTEX_POINT('',#1724);
#1724 = CARTESIAN_POINT('',(115.04661005817,36.123653631422,
    45.297628905269));
#1725 = SURFACE_CURVE('',#1726,(#1731,#1738),.PCURVE_S1.);
#1726 = CIRCLE('',#1727,11.9);
#1727 = AXIS2_PLACEMENT_3D('',#1728,#1729,#1730);
#1728 = CARTESIAN_POINT('',(103.14661005817,36.123653631422,
    45.297628905269));
#1729 = DIRECTION('',(0.,-0.781831482468,0.623489801859));
#1730 = DIRECTION('',(1.,0.,0.));
#1731 = PCURVE('',#1668,#1732);
#1732 = DEFINITIONAL_REPRESENTATION('',(#1733),#1737);
#1733 = CIRCLE('',#1734,11.9);
#1734 = AXIS2_PLACEMENT_2D('',#1735,#1736);
#1735 = CARTESIAN_POINT('',(0.,0.));
#1736 = DIRECTION('',(1.,0.));
#1737 = ( GEOMETRIC_REPRESENTATION_CONTEXT(2) 
PARAMETRIC_REPRESENTATION_CONTEXT() REPRESENTATION_CONTEXT('2D SPACE',''
  ) );
#1738 = PCURVE('',#1701,#1739);
#1739 = DEFINITIONAL_REPRESENTATION('',(#1740),#1744);
#1740 = LINE('',#1741,#1742);
#1741 = CARTESIAN_POINT('',(0.,0.));
#1742 = VECTOR('',#1743,1.);
#1743 = DIRECTION('',(1.,0.));
#1744 = ( GEOMETRIC_REPRESENTATION_CONTEXT(2) 
PARAMETRIC_REPRESENTATION_CONTEXT() REPRESENTATION_CONTEXT('2D SPACE',''
  ) );
#1745 = ADVANCED_FACE('',(#1746),#1701,.F.);
#1746 = FACE_BOUND('',#1747,.F.);
#1747 = EDGE_LOOP('',(#1748,#1749,#1771,#1772));
#1748 = ORIENTED_EDGE('',*,*,#1684,.F.);
#1749 = ORIENTED_EDGE('',*,*,#1750,.F.);
#1750 = EDGE_CURVE('',#1723,#1685,#1751,.T.);
#1751 = SEAM_CURVE('',#1752,(#1757,#1764),.PCURVE_S1.);
#1752 = CIRCLE('',#1753,4.4);
#1753 = AXIS2_PLACEMENT_3D('',#1754,#1755,#1756);
#1754 = CARTESIAN_POINT('',(110.64661005817,36.123653631422,
    45.297628905269));
#1755 = DIRECTION('',(-2.449293598295E-16,-0.623489801859,
    -0.781831482468));
#1756 = DIRECTION('',(1.,-1.527109580295E-16,-1.914934844954E-16));
#1757 = PCURVE('',#1701,#1758);
#1758 = DEFINITIONAL_REPRESENTATION('',(#1759),#1763);
#1759 = LINE('',#1760,#1761);
#1760 = CARTESIAN_POINT('',(6.28318530718,-0.));
#1761 = VECTOR('',#1762,1.);
#1762 = DIRECTION('',(0.,1.));
#1763 = ( GEOMETRIC_REPRESENTATION_CONTEXT(2) 
PARAMETRIC_REPRESENTATION_CONTEXT() REPRESENTATION_CONTEXT('2D SPACE',''
  ) );
#1764 = PCURVE('',#1701,#1765);
#1765 = DEFINITIONAL_REPRESENTATION('',(#1766),#1770);
#1766 = LINE('',#1767,#1768);
#1767 = CARTESIAN_POINT('',(0.,-0.));
#1768 = VECTOR('',#1769,1.);
#1769 = DIRECTION('',(0.,1.));
#1770 = ( GEOMETRIC_REPRESENTATION_CONTEXT(2) 
PARAMETRIC_REPRESENTATION_CONTEXT() REPRESENTATION_CONTEXT('2D SPACE',''
  ) );
#1771 = ORIENTED_EDGE('',*,*,#1722,.T.);
#1772 = ORIENTED_EDGE('',*,*,#1750,.T.);
#1773 = ( GEOMETRIC_REPRESENTATION_CONTEXT(3) 
GLOBAL_UNCERTAINTY_ASSIGNED_CONTEXT((#1777)) 
GLOBAL_UNIT_ASSIGNED_CONTEXT((#1774,#1775,#1776)) REPRESENTATION_CONTEXT
('Context #1','3D Context with UNIT and UNCERTAINTY') );
#1774 = ( LENGTH_UNIT() NAMED_UNIT(*) SI_UNIT(.MILLI.,.METRE.) );
#1775 = ( NAMED_UNIT(*) PLANE_ANGLE_UNIT() SI_UNIT($,.RADIAN.) );
#1776 = ( NAMED_UNIT(*) SI_UNIT($,.STERADIAN.) SOLID_ANGLE_UNIT() );
#1777 = UNCERTAINTY_MEASURE_WITH_UNIT(LENGTH_MEASURE(1.E-07),#1774,
  'distance_accuracy_value','confusion accuracy');
#1778 = CONTEXT_DEPENDENT_SHAPE_REPRESENTATION(#1779,#1781);
#1779 = ( REPRESENTATION_RELATIONSHIP('','',#1588,#1356) 
REPRESENTATION_RELATIONSHIP_WITH_TRANSFORMATION(#1780) 
SHAPE_REPRESENTATION_RELATIONSHIP() );
#1780 = ITEM_DEFINED_TRANSFORMATION('','',#11,#1361);
#1781 = PRODUCT_DEFINITION_SHAPE('Placement','Placement of an item',
  #1782);
#1782 = NEXT_ASSEMBLY_USAGE_OCCURRENCE('73','','',#1351,#1583,$);
#1783 = PRODUCT_RELATED_PRODUCT_CATEGORY('part',$,(#1585));
#1784 = SHAPE_DEFINITION_REPRESENTATION(#1785,#1791);
#1785 = PRODUCT_DEFINITION_SHAPE('','',#1786);
#1786 = PRODUCT_DEFINITION('design','',#1787,#1790);
#1787 = PRODUCT_DEFINITION_FORMATION('','',#1788);
#1788 = PRODUCT('Open CASCADE STEP translator 7.9 14.3.3',
  'Open CASCADE STEP translator 7.9 14.3.3','',(#1789));
#1789 = PRODUCT_CONTEXT('',#2,'mechanical');
#1790 = PRODUCT_DEFINITION_CONTEXT('part definition',#2,'design');
#1791 = ADVANCED_BREP_SHAPE_REPRESENTATION('',(#11,#1792),#1974);
#1792 = MANIFOLD_SOLID_BREP('',#1793);
#1793 = CLOSED_SHELL('',(#1794,#1862,#1917,#1947));
#1794 = ADVANCED_FACE('',(#1795,#1831),#1808,.F.);
#1795 = FACE_BOUND('',#1796,.T.);
#1796 = EDGE_LOOP('',(#1797));
#1797 = ORIENTED_EDGE('',*,*,#1798,.T.);
#1798 = EDGE_CURVE('',#1799,#1799,#1801,.T.);
#1799 = VERTEX_POINT('',#1800);
#1800 = CARTESIAN_POINT('',(88.616775694169,34.19083524566,
    42.873951309618));
#1801 = SURFACE_CURVE('',#1802,(#1807,#1819),.PCURVE_S1.);
#1802 = CIRCLE('',#1803,4.4);
#1803 = AXIS2_PLACEMENT_3D('',#1804,#1805,#1806);
#1804 = CARTESIAN_POINT('',(88.616775694169,31.447480117482,
    39.433892786759));
#1805 = DIRECTION('',(1.,0.,-0.));
#1806 = DIRECTION('',(0.,0.623489801859,0.781831482468));
#1807 = PCURVE('',#1808,#1813);
#1808 = PLANE('',#1809);
#1809 = AXIS2_PLACEMENT_3D('',#1810,#1811,#1812);
#1810 = CARTESIAN_POINT('',(88.616775694169,31.447480117482,
    39.433892786759));
#1811 = DIRECTION('',(1.,0.,0.));
#1812 = DIRECTION('',(-0.,0.623489801859,0.781831482468));
#1813 = DEFINITIONAL_REPRESENTATION('',(#1814),#1818);
#1814 = CIRCLE('',#1815,4.4);
#1815 = AXIS2_PLACEMENT_2D('',#1816,#1817);
#1816 = CARTESIAN_POINT('',(0.,0.));
#1817 = DIRECTION('',(1.,-0.));
#1818 = ( GEOMETRIC_REPRESENTATION_CONTEXT(2) 
PARAMETRIC_REPRESENTATION_CONTEXT() REPRESENTATION_CONTEXT('2D SPACE',''
  ) );
#1819 = PCURVE('',#1820,#1825);
#1820 = CYLINDRICAL_SURFACE('',#1821,4.4);
#1821 = AXIS2_PLACEMENT_3D('',#1822,#1823,#1824);
#1822 = CARTESIAN_POINT('',(103.14661005817,31.447480117482,
    39.433892786759));
#1823 = DIRECTION('',(-1.,0.,-0.));
#1824 = DIRECTION('',(0.,0.623489801859,0.781831482468));
#1825 = DEFINITIONAL_REPRESENTATION('',(#1826),#1830);
#1826 = LINE('',#1827,#1828);
#1827 = CARTESIAN_POINT('',(-0.,14.52983436401));
#1828 = VECTOR('',#1829,1.);
#1829 = DIRECTION('',(-1.,0.));
#1830 = ( GEOMETRIC_REPRESENTATION_CONTEXT(2) 
PARAMETRIC_REPRESENTATION_CONTEXT() REPRESENTATION_CONTEXT('2D SPACE',''
  ) );
#1831 = FACE_BOUND('',#1832,.T.);
#1832 = EDGE_LOOP('',(#1833));
#1833 = ORIENTED_EDGE('',*,*,#1834,.F.);
#1834 = EDGE_CURVE('',#1835,#1835,#1837,.T.);
#1835 = VERTEX_POINT('',#1836);
#1836 = CARTESIAN_POINT('',(88.616775694169,34.564929126776,
    43.343050199099));
#1837 = SURFACE_CURVE('',#1838,(#1843,#1850),.PCURVE_S1.);
#1838 = CIRCLE('',#1839,5.);
#1839 = AXIS2_PLACEMENT_3D('',#1840,#1841,#1842);
#1840 = CARTESIAN_POINT('',(88.616775694169,31.447480117482,
    39.433892786759));
#1841 = DIRECTION('',(1.,0.,-0.));
#1842 = DIRECTION('',(0.,0.623489801859,0.781831482468));
#1843 = PCURVE('',#1808,#1844);
#1844 = DEFINITIONAL_REPRESENTATION('',(#1845),#1849);
#1845 = CIRCLE('',#1846,5.);
#1846 = AXIS2_PLACEMENT_2D('',#1847,#1848);
#1847 = CARTESIAN_POINT('',(0.,0.));
#1848 = DIRECTION('',(1.,-0.));
#1849 = ( GEOMETRIC_REPRESENTATION_CONTEXT(2) 
PARAMETRIC_REPRESENTATION_CONTEXT() REPRESENTATION_CONTEXT('2D SPACE',''
  ) );
#1850 = PCURVE('',#1851,#1856);
#1851 = CYLINDRICAL_SURFACE('',#1852,5.);
#1852 = AXIS2_PLACEMENT_3D('',#1853,#1854,#1855);
#1853 = CARTESIAN_POINT('',(88.616775694169,31.447480117482,
    39.433892786759));
#1854 = DIRECTION('',(1.,0.,0.));
#1855 = DIRECTION('',(0.,0.623489801859,0.781831482468));
#1856 = DEFINITIONAL_REPRESENTATION('',(#1857),#1861);
#1857 = LINE('',#1858,#1859);
#1858 = CARTESIAN_POINT('',(0.,0.));
#1859 = VECTOR('',#1860,1.);
#1860 = DIRECTION('',(1.,0.));
#1861 = ( GEOMETRIC_REPRESENTATION_CONTEXT(2) 
PARAMETRIC_REPRESENTATION_CONTEXT() REPRESENTATION_CONTEXT('2D SPACE',''
  ) );
#1862 = ADVANCED_FACE('',(#1863),#1851,.T.);
#1863 = FACE_BOUND('',#1864,.T.);
#1864 = EDGE_LOOP('',(#1865,#1866,#1889,#1916));
#1865 = ORIENTED_EDGE('',*,*,#1834,.T.);
#1866 = ORIENTED_EDGE('',*,*,#1867,.T.);
#1867 = EDGE_CURVE('',#1835,#1868,#1870,.T.);
#1868 = VERTEX_POINT('',#1869);
#1869 = CARTESIAN_POINT('',(103.14661005817,34.564929126776,
    43.343050199099));
#1870 = SEAM_CURVE('',#1871,(#1875,#1882),.PCURVE_S1.);
#1871 = LINE('',#1872,#1873);
#1872 = CARTESIAN_POINT('',(88.616775694169,34.564929126776,
    43.343050199099));
#1873 = VECTOR('',#1874,1.);
#1874 = DIRECTION('',(1.,0.,0.));
#1875 = PCURVE('',#1851,#1876);
#1876 = DEFINITIONAL_REPRESENTATION('',(#1877),#1881);
#1877 = LINE('',#1878,#1879);
#1878 = CARTESIAN_POINT('',(0.,0.));
#1879 = VECTOR('',#1880,1.);
#1880 = DIRECTION('',(0.,1.));
#1881 = ( GEOMETRIC_REPRESENTATION_CONTEXT(2) 
PARAMETRIC_REPRESENTATION_CONTEXT() REPRESENTATION_CONTEXT('2D SPACE',''
  ) );
#1882 = PCURVE('',#1851,#1883);
#1883 = DEFINITIONAL_REPRESENTATION('',(#1884),#1888);
#1884 = LINE('',#1885,#1886);
#1885 = CARTESIAN_POINT('',(6.28318530718,0.));
#1886 = VECTOR('',#1887,1.);
#1887 = DIRECTION('',(0.,1.));
#1888 = ( GEOMETRIC_REPRESENTATION_CONTEXT(2) 
PARAMETRIC_REPRESENTATION_CONTEXT() REPRESENTATION_CONTEXT('2D SPACE',''
  ) );
#1889 = ORIENTED_EDGE('',*,*,#1890,.F.);
#1890 = EDGE_CURVE('',#1868,#1868,#1891,.T.);
#1891 = SURFACE_CURVE('',#1892,(#1897,#1904),.PCURVE_S1.);
#1892 = CIRCLE('',#1893,5.);
#1893 = AXIS2_PLACEMENT_3D('',#1894,#1895,#1896);
#1894 = CARTESIAN_POINT('',(103.14661005817,31.447480117482,
    39.433892786759));
#1895 = DIRECTION('',(1.,0.,-0.));
#1896 = DIRECTION('',(0.,0.623489801859,0.781831482468));
#1897 = PCURVE('',#1851,#1898);
#1898 = DEFINITIONAL_REPRESENTATION('',(#1899),#1903);
#1899 = LINE('',#1900,#1901);
#1900 = CARTESIAN_POINT('',(0.,14.52983436401));
#1901 = VECTOR('',#1902,1.);
#1902 = DIRECTION('',(1.,0.));
#1903 = ( GEOMETRIC_REPRESENTATION_CONTEXT(2) 
PARAMETRIC_REPRESENTATION_CONTEXT() REPRESENTATION_CONTEXT('2D SPACE',''
  ) );
#1904 = PCURVE('',#1905,#1910);
#1905 = PLANE('',#1906);
#1906 = AXIS2_PLACEMENT_3D('',#1907,#1908,#1909);
#1907 = CARTESIAN_POINT('',(103.14661005817,31.447480117482,
    39.433892786759));
#1908 = DIRECTION('',(1.,0.,0.));
#1909 = DIRECTION('',(0.,0.623489801859,0.781831482468));
#1910 = DEFINITIONAL_REPRESENTATION('',(#1911),#1915);
#1911 = CIRCLE('',#1912,5.);
#1912 = AXIS2_PLACEMENT_2D('',#1913,#1914);
#1913 = CARTESIAN_POINT('',(0.,0.));
#1914 = DIRECTION('',(1.,0.));
#1915 = ( GEOMETRIC_REPRESENTATION_CONTEXT(2) 
PARAMETRIC_REPRESENTATION_CONTEXT() REPRESENTATION_CONTEXT('2D SPACE',''
  ) );
#1916 = ORIENTED_EDGE('',*,*,#1867,.F.);
#1917 = ADVANCED_FACE('',(#1918,#1921),#1905,.T.);
#1918 = FACE_BOUND('',#1919,.T.);
#1919 = EDGE_LOOP('',(#1920));
#1920 = ORIENTED_EDGE('',*,*,#1890,.T.);
#1921 = FACE_BOUND('',#1922,.T.);
#1922 = EDGE_LOOP('',(#1923));
#1923 = ORIENTED_EDGE('',*,*,#1924,.F.);
#1924 = EDGE_CURVE('',#1925,#1925,#1927,.T.);
#1925 = VERTEX_POINT('',#1926);
#1926 = CARTESIAN_POINT('',(103.14661005817,34.19083524566,
    42.873951309618));
#1927 = SURFACE_CURVE('',#1928,(#1933,#1940),.PCURVE_S1.);
#1928 = CIRCLE('',#1929,4.4);
#1929 = AXIS2_PLACEMENT_3D('',#1930,#1931,#1932);
#1930 = CARTESIAN_POINT('',(103.14661005817,31.447480117482,
    39.433892786759));
#1931 = DIRECTION('',(1.,0.,-0.));
#1932 = DIRECTION('',(0.,0.623489801859,0.781831482468));
#1933 = PCURVE('',#1905,#1934);
#1934 = DEFINITIONAL_REPRESENTATION('',(#1935),#1939);
#1935 = CIRCLE('',#1936,4.4);
#1936 = AXIS2_PLACEMENT_2D('',#1937,#1938);
#1937 = CARTESIAN_POINT('',(0.,0.));
#1938 = DIRECTION('',(1.,0.));
#1939 = ( GEOMETRIC_REPRESENTATION_CONTEXT(2) 
PARAMETRIC_REPRESENTATION_CONTEXT() REPRESENTATION_CONTEXT('2D SPACE',''
  ) );
#1940 = PCURVE('',#1820,#1941);
#1941 = DEFINITIONAL_REPRESENTATION('',(#1942),#1946);
#1942 = LINE('',#1943,#1944);
#1943 = CARTESIAN_POINT('',(-0.,0.));
#1944 = VECTOR('',#1945,1.);
#1945 = DIRECTION('',(-1.,0.));
#1946 = ( GEOMETRIC_REPRESENTATION_CONTEXT(2) 
PARAMETRIC_REPRESENTATION_CONTEXT() REPRESENTATION_CONTEXT('2D SPACE',''
  ) );
#1947 = ADVANCED_FACE('',(#1948),#1820,.F.);
#1948 = FACE_BOUND('',#1949,.T.);
#1949 = EDGE_LOOP('',(#1950,#1951,#1972,#1973));
#1950 = ORIENTED_EDGE('',*,*,#1924,.T.);
#1951 = ORIENTED_EDGE('',*,*,#1952,.T.);
#1952 = EDGE_CURVE('',#1925,#1799,#1953,.T.);
#1953 = SEAM_CURVE('',#1954,(#1958,#1965),.PCURVE_S1.);
#1954 = LINE('',#1955,#1956);
#1955 = CARTESIAN_POINT('',(103.14661005817,34.19083524566,
    42.873951309618));
#1956 = VECTOR('',#1957,1.);
#1957 = DIRECTION('',(-1.,0.,0.));
#1958 = PCURVE('',#1820,#1959);
#1959 = DEFINITIONAL_REPRESENTATION('',(#1960),#1964);
#1960 = LINE('',#1961,#1962);
#1961 = CARTESIAN_POINT('',(-0.,0.));
#1962 = VECTOR('',#1963,1.);
#1963 = DIRECTION('',(-0.,1.));
#1964 = ( GEOMETRIC_REPRESENTATION_CONTEXT(2) 
PARAMETRIC_REPRESENTATION_CONTEXT() REPRESENTATION_CONTEXT('2D SPACE',''
  ) );
#1965 = PCURVE('',#1820,#1966);
#1966 = DEFINITIONAL_REPRESENTATION('',(#1967),#1971);
#1967 = LINE('',#1968,#1969);
#1968 = CARTESIAN_POINT('',(-6.28318530718,0.));
#1969 = VECTOR('',#1970,1.);
#1970 = DIRECTION('',(-0.,1.));
#1971 = ( GEOMETRIC_REPRESENTATION_CONTEXT(2) 
PARAMETRIC_REPRESENTATION_CONTEXT() REPRESENTATION_CONTEXT('2D SPACE',''
  ) );
#1972 = ORIENTED_EDGE('',*,*,#1798,.F.);
#1973 = ORIENTED_EDGE('',*,*,#1952,.F.);
#1974 = ( GEOMETRIC_REPRESENTATION_CONTEXT(3) 
GLOBAL_UNCERTAINTY_ASSIGNED_CONTEXT((#1978)) 
GLOBAL_UNIT_ASSIGNED_CONTEXT((#1975,#1976,#1977)) REPRESENTATION_CONTEXT
('Context #1','3D Context with UNIT and UNCERTAINTY') );
#1975 = ( LENGTH_UNIT() NAMED_UNIT(*) SI_UNIT(.MILLI.,.METRE.) );
#1976 = ( NAMED_UNIT(*) PLANE_ANGLE_UNIT() SI_UNIT($,.RADIAN.) );
#1977 = ( NAMED_UNIT(*) SI_UNIT($,.STERADIAN.) SOLID_ANGLE_UNIT() );
#1978 = UNCERTAINTY_MEASURE_WITH_UNIT(LENGTH_MEASURE(1.E-07),#1975,
  'distance_accuracy_value','confusion accuracy');
#1979 = CONTEXT_DEPENDENT_SHAPE_REPRESENTATION(#1980,#1982);
#1980 = ( REPRESENTATION_RELATIONSHIP('','',#1791,#1356) 
REPRESENTATION_RELATIONSHIP_WITH_TRANSFORMATION(#1981) 
SHAPE_REPRESENTATION_RELATIONSHIP() );
#1981 = ITEM_DEFINED_TRANSFORMATION('','',#11,#1365);
#1982 = PRODUCT_DEFINITION_SHAPE('Placement','Placement of an item',
  #1983);
#1983 = NEXT_ASSEMBLY_USAGE_OCCURRENCE('74','','',#1351,#1786,$);
#1984 = PRODUCT_RELATED_PRODUCT_CATEGORY('part',$,(#1788));
#1985 = SHAPE_DEFINITION_REPRESENTATION(#1986,#1992);
#1986 = PRODUCT_DEFINITION_SHAPE('','',#1987);
#1987 = PRODUCT_DEFINITION('design','',#1988,#1991);
#1988 = PRODUCT_DEFINITION_FORMATION('','',#1989);
#1989 = PRODUCT('Open CASCADE STEP translator 7.9 14.4',
  'Open CASCADE STEP translator 7.9 14.4','',(#1990));
#1990 = PRODUCT_CONTEXT('',#2,'mechanical');
#1991 = PRODUCT_DEFINITION_CONTEXT('part definition',#2,'design');
#1992 = SHAPE_REPRESENTATION('',(#11,#1993,#1997,#2001),#2005);
#1993 = AXIS2_PLACEMENT_3D('',#1994,#1995,#1996);
#1994 = CARTESIAN_POINT('',(0.,0.,0.));
#1995 = DIRECTION('',(0.,0.,1.));
#1996 = DIRECTION('',(1.,0.,-0.));
#1997 = AXIS2_PLACEMENT_3D('',#1998,#1999,#2000);
#1998 = CARTESIAN_POINT('',(0.,0.,0.));
#1999 = DIRECTION('',(0.,0.,1.));
#2000 = DIRECTION('',(1.,0.,-0.));
#2001 = AXIS2_PLACEMENT_3D('',#2002,#2003,#2004);
#2002 = CARTESIAN_POINT('',(0.,0.,0.));
#2003 = DIRECTION('',(0.,0.,1.));
#2004 = DIRECTION('',(1.,0.,-0.));
#2005 = ( GEOMETRIC_REPRESENTATION_CONTEXT(3) 
GLOBAL_UNCERTAINTY_ASSIGNED_CONTEXT((#2009)) 
GLOBAL_UNIT_ASSIGNED_CONTEXT((#2006,#2007,#2008)) REPRESENTATION_CONTEXT
('Context #1','3D Context with UNIT and UNCERTAINTY') );
#2006 = ( LENGTH_UNIT() NAMED_UNIT(*) SI_UNIT(.MILLI.,.METRE.) );
#2007 = ( NAMED_UNIT(*) PLANE_ANGLE_UNIT() SI_UNIT($,.RADIAN.) );
#2008 = ( NAMED_UNIT(*) SI_UNIT($,.STERADIAN.) SOLID_ANGLE_UNIT() );
#2009 = UNCERTAINTY_MEASURE_WITH_UNIT(LENGTH_MEASURE(1.E-07),#2006,
  'distance_accuracy_value','confusion accuracy');
#2010 = CONTEXT_DEPENDENT_SHAPE_REPRESENTATION(#2011,#2013);
#2011 = ( REPRESENTATION_RELATIONSHIP('','',#1992,#10) 
REPRESENTATION_RELATIONSHIP_WITH_TRANSFORMATION(#2012) 
SHAPE_REPRESENTATION_RELATIONSHIP() );
#2012 = ITEM_DEFINED_TRANSFORMATION('','',#11,#27);
#2013 = PRODUCT_DEFINITION_SHAPE('Placement','Placement of an item',
  #2014);
#2014 = NEXT_ASSEMBLY_USAGE_OCCURRENCE('79','','',#5,#1987,$);
#2015 = PRODUCT_RELATED_PRODUCT_CATEGORY('part',$,(#1989));
#2016 = SHAPE_DEFINITION_REPRESENTATION(#2017,#2023);
#2017 = PRODUCT_DEFINITION_SHAPE('','',#2018);
#2018 = PRODUCT_DEFINITION('design','',#2019,#2022);
#2019 = PRODUCT_DEFINITION_FORMATION('','',#2020);
#2020 = PRODUCT('Open CASCADE STEP translator 7.9 14.4.1',
  'Open CASCADE STEP translator 7.9 14.4.1','',(#2021));
#2021 = PRODUCT_CONTEXT('',#2,'mechanical');
#2022 = PRODUCT_DEFINITION_CONTEXT('part definition',#2,'design');
#2023 = ADVANCED_BREP_SHAPE_REPRESENTATION('',(#11,#2024),#2206);
#2024 = MANIFOLD_SOLID_BREP('',#2025);
#2025 = CLOSED_SHELL('',(#2026,#2094,#2149,#2179));
#2026 = ADVANCED_FACE('',(#2027,#2063),#2040,.F.);
#2027 = FACE_BOUND('',#2028,.T.);
#2028 = EDGE_LOOP('',(#2029));
#2029 = ORIENTED_EDGE('',*,*,#2030,.T.);
#2030 = EDGE_CURVE('',#2031,#2031,#2033,.T.);
#2031 = VERTEX_POINT('',#2032);
#2032 = CARTESIAN_POINT('',(53.63279758958,15.540381828304,
    68.086861496597));
#2033 = SURFACE_CURVE('',#2034,(#2039,#2051),.PCURVE_S1.);
#2034 = CIRCLE('',#2035,4.4);
#2035 = AXIS2_PLACEMENT_3D('',#2036,#2037,#2038);
#2036 = CARTESIAN_POINT('',(53.63279758958,14.561289718896,
    63.797178682997));
#2037 = DIRECTION('',(1.,0.,-0.));
#2038 = DIRECTION('',(0.,0.222520933956,0.974927912182));
#2039 = PCURVE('',#2040,#2045);
#2040 = PLANE('',#2041);
#2041 = AXIS2_PLACEMENT_3D('',#2042,#2043,#2044);
#2042 = CARTESIAN_POINT('',(53.63279758958,14.561289718896,
    63.797178682997));
#2043 = DIRECTION('',(1.,0.,0.));
#2044 = DIRECTION('',(-0.,0.222520933956,0.974927912182));
#2045 = DEFINITIONAL_REPRESENTATION('',(#2046),#2050);
#2046 = CIRCLE('',#2047,4.4);
#2047 = AXIS2_PLACEMENT_2D('',#2048,#2049);
#2048 = CARTESIAN_POINT('',(0.,0.));
#2049 = DIRECTION('',(1.,-0.));
#2050 = ( GEOMETRIC_REPRESENTATION_CONTEXT(2) 
PARAMETRIC_REPRESENTATION_CONTEXT() REPRESENTATION_CONTEXT('2D SPACE',''
  ) );
#2051 = PCURVE('',#2052,#2057);
#2052 = CYLINDRICAL_SURFACE('',#2053,4.4);
#2053 = AXIS2_PLACEMENT_3D('',#2054,#2055,#2056);
#2054 = CARTESIAN_POINT('',(103.14661005817,14.561289718896,
    63.797178682997));
#2055 = DIRECTION('',(-1.,0.,-0.));
#2056 = DIRECTION('',(0.,0.222520933956,0.974927912182));
#2057 = DEFINITIONAL_REPRESENTATION('',(#2058),#2062);
#2058 = LINE('',#2059,#2060);
#2059 = CARTESIAN_POINT('',(-0.,49.513812468599));
#2060 = VECTOR('',#2061,1.);
#2061 = DIRECTION('',(-1.,0.));
#2062 = ( GEOMETRIC_REPRESENTATION_CONTEXT(2) 
PARAMETRIC_REPRESENTATION_CONTEXT() REPRESENTATION_CONTEXT('2D SPACE',''
  ) );
#2063 = FACE_BOUND('',#2064,.T.);
#2064 = EDGE_LOOP('',(#2065));
#2065 = ORIENTED_EDGE('',*,*,#2066,.F.);
#2066 = EDGE_CURVE('',#2067,#2067,#2069,.T.);
#2067 = VERTEX_POINT('',#2068);
#2068 = CARTESIAN_POINT('',(53.63279758958,15.673894388678,
    68.671818243906));
#2069 = SURFACE_CURVE('',#2070,(#2075,#2082),.PCURVE_S1.);
#2070 = CIRCLE('',#2071,5.);
#2071 = AXIS2_PLACEMENT_3D('',#2072,#2073,#2074);
#2072 = CARTESIAN_POINT('',(53.63279758958,14.561289718896,
    63.797178682997));
#2073 = DIRECTION('',(1.,0.,-0.));
#2074 = DIRECTION('',(0.,0.222520933956,0.974927912182));
#2075 = PCURVE('',#2040,#2076);
#2076 = DEFINITIONAL_REPRESENTATION('',(#2077),#2081);
#2077 = CIRCLE('',#2078,5.);
#2078 = AXIS2_PLACEMENT_2D('',#2079,#2080);
#2079 = CARTESIAN_POINT('',(0.,0.));
#2080 = DIRECTION('',(1.,-0.));
#2081 = ( GEOMETRIC_REPRESENTATION_CONTEXT(2) 
PARAMETRIC_REPRESENTATION_CONTEXT() REPRESENTATION_CONTEXT('2D SPACE',''
  ) );
#2082 = PCURVE('',#2083,#2088);
#2083 = CYLINDRICAL_SURFACE('',#2084,5.);
#2084 = AXIS2_PLACEMENT_3D('',#2085,#2086,#2087);
#2085 = CARTESIAN_POINT('',(53.63279758958,14.561289718896,
    63.797178682997));
#2086 = DIRECTION('',(1.,0.,0.));
#2087 = DIRECTION('',(0.,0.222520933956,0.974927912182));
#2088 = DEFINITIONAL_REPRESENTATION('',(#2089),#2093);
#2089 = LINE('',#2090,#2091);
#2090 = CARTESIAN_POINT('',(0.,0.));
#2091 = VECTOR('',#2092,1.);
#2092 = DIRECTION('',(1.,0.));
#2093 = ( GEOMETRIC_REPRESENTATION_CONTEXT(2) 
PARAMETRIC_REPRESENTATION_CONTEXT() REPRESENTATION_CONTEXT('2D SPACE',''
  ) );
#2094 = ADVANCED_FACE('',(#2095),#2083,.T.);
#2095 = FACE_BOUND('',#2096,.T.);
#2096 = EDGE_LOOP('',(#2097,#2098,#2121,#2148));
#2097 = ORIENTED_EDGE('',*,*,#2066,.T.);
#2098 = ORIENTED_EDGE('',*,*,#2099,.T.);
#2099 = EDGE_CURVE('',#2067,#2100,#2102,.T.);
#2100 = VERTEX_POINT('',#2101);
#2101 = CARTESIAN_POINT('',(103.14661005817,15.673894388678,
    68.671818243906));
#2102 = SEAM_CURVE('',#2103,(#2107,#2114),.PCURVE_S1.);
#2103 = LINE('',#2104,#2105);
#2104 = CARTESIAN_POINT('',(53.63279758958,15.673894388678,
    68.671818243906));
#2105 = VECTOR('',#2106,1.);
#2106 = DIRECTION('',(1.,0.,0.));
#2107 = PCURVE('',#2083,#2108);
#2108 = DEFINITIONAL_REPRESENTATION('',(#2109),#2113);
#2109 = LINE('',#2110,#2111);
#2110 = CARTESIAN_POINT('',(0.,0.));
#2111 = VECTOR('',#2112,1.);
#2112 = DIRECTION('',(0.,1.));
#2113 = ( GEOMETRIC_REPRESENTATION_CONTEXT(2) 
PARAMETRIC_REPRESENTATION_CONTEXT() REPRESENTATION_CONTEXT('2D SPACE',''
  ) );
#2114 = PCURVE('',#2083,#2115);
#2115 = DEFINITIONAL_REPRESENTATION('',(#2116),#2120);
#2116 = LINE('',#2117,#2118);
#2117 = CARTESIAN_POINT('',(6.28318530718,0.));
#2118 = VECTOR('',#2119,1.);
#2119 = DIRECTION('',(0.,1.));
#2120 = ( GEOMETRIC_REPRESENTATION_CONTEXT(2) 
PARAMETRIC_REPRESENTATION_CONTEXT() REPRESENTATION_CONTEXT('2D SPACE',''
  ) );
#2121 = ORIENTED_EDGE('',*,*,#2122,.F.);
#2122 = EDGE_CURVE('',#2100,#2100,#2123,.T.);
#2123 = SURFACE_CURVE('',#2124,(#2129,#2136),.PCURVE_S1.);
#2124 = CIRCLE('',#2125,5.);
#2125 = AXIS2_PLACEMENT_3D('',#2126,#2127,#2128);
#2126 = CARTESIAN_POINT('',(103.14661005817,14.561289718896,
    63.797178682997));
#2127 = DIRECTION('',(1.,0.,-0.));
#2128 = DIRECTION('',(0.,0.222520933956,0.974927912182));
#2129 = PCURVE('',#2083,#2130);
#2130 = DEFINITIONAL_REPRESENTATION('',(#2131),#2135);
#2131 = LINE('',#2132,#2133);
#2132 = CARTESIAN_POINT('',(0.,49.513812468599));
#2133 = VECTOR('',#2134,1.);
#2134 = DIRECTION('',(1.,0.));
#2135 = ( GEOMETRIC_REPRESENTATION_CONTEXT(2) 
PARAMETRIC_REPRESENTATION_CONTEXT() REPRESENTATION_CONTEXT('2D SPACE',''
  ) );
#2136 = PCURVE('',#2137,#2142);
#2137 = PLANE('',#2138);
#2138 = AXIS2_PLACEMENT_3D('',#2139,#2140,#2141);
#2139 = CARTESIAN_POINT('',(103.14661005817,14.561289718896,
    63.797178682997));
#2140 = DIRECTION('',(1.,0.,0.));
#2141 = DIRECTION('',(0.,0.222520933956,0.974927912182));
#2142 = DEFINITIONAL_REPRESENTATION('',(#2143),#2147);
#2143 = CIRCLE('',#2144,5.);
#2144 = AXIS2_PLACEMENT_2D('',#2145,#2146);
#2145 = CARTESIAN_POINT('',(0.,0.));
#2146 = DIRECTION('',(1.,0.));
#2147 = ( GEOMETRIC_REPRESENTATION_CONTEXT(2) 
PARAMETRIC_REPRESENTATION_CONTEXT() REPRESENTATION_CONTEXT('2D SPACE',''
  ) );
#2148 = ORIENTED_EDGE('',*,*,#2099,.F.);
#2149 = ADVANCED_FACE('',(#2150,#2153),#2137,.T.);
#2150 = FACE_BOUND('',#2151,.T.);
#2151 = EDGE_LOOP('',(#2152));
#2152 = ORIENTED_EDGE('',*,*,#2122,.T.);
#2153 = FACE_BOUND('',#2154,.T.);
#2154 = EDGE_LOOP('',(#2155));
#2155 = ORIENTED_EDGE('',*,*,#2156,.F.);
#2156 = EDGE_CURVE('',#2157,#2157,#2159,.T.);
#2157 = VERTEX_POINT('',#2158);
#2158 = CARTESIAN_POINT('',(103.14661005817,15.540381828304,
    68.086861496597));
#2159 = SURFACE_CURVE('',#2160,(#2165,#2172),.PCURVE_S1.);
#2160 = CIRCLE('',#2161,4.4);
#2161 = AXIS2_PLACEMENT_3D('',#2162,#2163,#2164);
#2162 = CARTESIAN_POINT('',(103.14661005817,14.561289718896,
    63.797178682997));
#2163 = DIRECTION('',(1.,0.,-0.));
#2164 = DIRECTION('',(0.,0.222520933956,0.974927912182));
#2165 = PCURVE('',#2137,#2166);
#2166 = DEFINITIONAL_REPRESENTATION('',(#2167),#2171);
#2167 = CIRCLE('',#2168,4.4);
#2168 = AXIS2_PLACEMENT_2D('',#2169,#2170);
#2169 = CARTESIAN_POINT('',(0.,0.));
#2170 = DIRECTION('',(1.,0.));
#2171 = ( GEOMETRIC_REPRESENTATION_CONTEXT(2) 
PARAMETRIC_REPRESENTATION_CONTEXT() REPRESENTATION_CONTEXT('2D SPACE',''
  ) );
#2172 = PCURVE('',#2052,#2173);
#2173 = DEFINITIONAL_REPRESENTATION('',(#2174),#2178);
#2174 = LINE('',#2175,#2176);
#2175 = CARTESIAN_POINT('',(-0.,0.));
#2176 = VECTOR('',#2177,1.);
#2177 = DIRECTION('',(-1.,0.));
#2178 = ( GEOMETRIC_REPRESENTATION_CONTEXT(2) 
PARAMETRIC_REPRESENTATION_CONTEXT() REPRESENTATION_CONTEXT('2D SPACE',''
  ) );
#2179 = ADVANCED_FACE('',(#2180),#2052,.F.);
#2180 = FACE_BOUND('',#2181,.T.);
#2181 = EDGE_LOOP('',(#2182,#2183,#2204,#2205));
#2182 = ORIENTED_EDGE('',*,*,#2156,.T.);
#2183 = ORIENTED_EDGE('',*,*,#2184,.T.);
#2184 = EDGE_CURVE('',#2157,#2031,#2185,.T.);
#2185 = SEAM_CURVE('',#2186,(#2190,#2197),.PCURVE_S1.);
#2186 = LINE('',#2187,#2188);
#2187 = CARTESIAN_POINT('',(103.14661005817,15.540381828304,
    68.086861496597));
#2188 = VECTOR('',#2189,1.);
#2189 = DIRECTION('',(-1.,0.,0.));
#2190 = PCURVE('',#2052,#2191);
#2191 = DEFINITIONAL_REPRESENTATION('',(#2192),#2196);
#2192 = LINE('',#2193,#2194);
#2193 = CARTESIAN_POINT('',(-0.,0.));
#2194 = VECTOR('',#2195,1.);
#2195 = DIRECTION('',(-0.,1.));
#2196 = ( GEOMETRIC_REPRESENTATION_CONTEXT(2) 
PARAMETRIC_REPRESENTATION_CONTEXT() REPRESENTATION_CONTEXT('2D SPACE',''
  ) );
#2197 = PCURVE('',#2052,#2198);
#2198 = DEFINITIONAL_REPRESENTATION('',(#2199),#2203);
#2199 = LINE('',#2200,#2201);
#2200 = CARTESIAN_POINT('',(-6.28318530718,0.));
#2201 = VECTOR('',#2202,1.);
#2202 = DIRECTION('',(-0.,1.));
#2203 = ( GEOMETRIC_REPRESENTATION_CONTEXT(2) 
PARAMETRIC_REPRESENTATION_CONTEXT() REPRESENTATION_CONTEXT('2D SPACE',''
  ) );
#2204 = ORIENTED_EDGE('',*,*,#2030,.F.);
#2205 = ORIENTED_EDGE('',*,*,#2184,.F.);
#2206 = ( GEOMETRIC_REPRESENTATION_CONTEXT(3) 
GLOBAL_UNCERTAINTY_ASSIGNED_CONTEXT((#2210)) 
GLOBAL_UNIT_ASSIGNED_CONTEXT((#2207,#2208,#2209)) REPRESENTATION_CONTEXT
('Context #1','3D Context with UNIT and UNCERTAINTY') );
#2207 = ( LENGTH_UNIT() NAMED_UNIT(*) SI_UNIT(.MILLI.,.METRE.) );
#2208 = ( NAMED_UNIT(*) PLANE_ANGLE_UNIT() SI_UNIT($,.RADIAN.) );
#2209 = ( NAMED_UNIT(*) SI_UNIT($,.STERADIAN.) SOLID_ANGLE_UNIT() );
#2210 = UNCERTAINTY_MEASURE_WITH_UNIT(LENGTH_MEASURE(1.E-07),#2207,
  'distance_accuracy_value','confusion accuracy');
#2211 = CONTEXT_DEPENDENT_SHAPE_REPRESENTATION(#2212,#2214);
#2212 = ( REPRESENTATION_RELATIONSHIP('','',#2023,#1992) 
REPRESENTATION_RELATIONSHIP_WITH_TRANSFORMATION(#2213) 
SHAPE_REPRESENTATION_RELATIONSHIP() );
#2213 = ITEM_DEFINED_TRANSFORMATION('','',#11,#1993);
#2214 = PRODUCT_DEFINITION_SHAPE('Placement','Placement of an item',
  #2215);
#2215 = NEXT_ASSEMBLY_USAGE_OCCURRENCE('76','','',#1987,#2018,$);
#2216 = PRODUCT_RELATED_PRODUCT_CATEGORY('part',$,(#2020));
#2217 = SHAPE_DEFINITION_REPRESENTATION(#2218,#2224);
#2218 = PRODUCT_DEFINITION_SHAPE('','',#2219);
#2219 = PRODUCT_DEFINITION('design','',#2220,#2223);
#2220 = PRODUCT_DEFINITION_FORMATION('','',#2221);
#2221 = PRODUCT('Open CASCADE STEP translator 7.9 14.4.2',
  'Open CASCADE STEP translator 7.9 14.4.2','',(#2222));
#2222 = PRODUCT_CONTEXT('',#2,'mechanical');
#2223 = PRODUCT_DEFINITION_CONTEXT('part definition',#2,'design');
#2224 = ADVANCED_BREP_SHAPE_REPRESENTATION('',(#11,#2225),#2409);
#2225 = MANIFOLD_SOLID_BREP('',#2226);
#2226 = CLOSED_SHELL('',(#2227,#2316,#2351,#2381));
#2227 = ADVANCED_FACE('',(#2228),#2241,.T.);
#2228 = FACE_BOUND('',#2229,.T.);
#2229 = EDGE_LOOP('',(#2230,#2264,#2288,#2315));
#2230 = ORIENTED_EDGE('',*,*,#2231,.F.);
#2231 = EDGE_CURVE('',#2232,#2232,#2234,.T.);
#2232 = VERTEX_POINT('',#2233);
#2233 = CARTESIAN_POINT('',(105.64661005817,12.892382714224,
    56.485219341633));
#2234 = SURFACE_CURVE('',#2235,(#2240,#2252),.PCURVE_S1.);
#2235 = CIRCLE('',#2236,2.5);
#2236 = AXIS2_PLACEMENT_3D('',#2237,#2238,#2239);
#2237 = CARTESIAN_POINT('',(103.14661005817,12.892382714224,
    56.485219341633));
#2238 = DIRECTION('',(0.,-0.974927912182,0.222520933956));
#2239 = DIRECTION('',(1.,0.,0.));
#2240 = PCURVE('',#2241,#2246);
#2241 = TOROIDAL_SURFACE('',#2242,7.5,5.);
#2242 = AXIS2_PLACEMENT_3D('',#2243,#2244,#2245);
#2243 = CARTESIAN_POINT('',(103.14661005817,12.892382714224,
    56.485219341633));
#2244 = DIRECTION('',(0.,-0.974927912182,0.222520933956));
#2245 = DIRECTION('',(1.,0.,0.));
#2246 = DEFINITIONAL_REPRESENTATION('',(#2247),#2251);
#2247 = LINE('',#2248,#2249);
#2248 = CARTESIAN_POINT('',(0.,3.14159265359));
#2249 = VECTOR('',#2250,1.);
#2250 = DIRECTION('',(1.,0.));
#2251 = ( GEOMETRIC_REPRESENTATION_CONTEXT(2) 
PARAMETRIC_REPRESENTATION_CONTEXT() REPRESENTATION_CONTEXT('2D SPACE',''
  ) );
#2252 = PCURVE('',#2253,#2258);
#2253 = PLANE('',#2254);
#2254 = AXIS2_PLACEMENT_3D('',#2255,#2256,#2257);
#2255 = CARTESIAN_POINT('',(103.14661005817,12.892382714224,
    56.485219341633));
#2256 = DIRECTION('',(0.,-0.974927912182,0.222520933956));
#2257 = DIRECTION('',(1.,0.,0.));
#2258 = DEFINITIONAL_REPRESENTATION('',(#2259),#2263);
#2259 = CIRCLE('',#2260,2.5);
#2260 = AXIS2_PLACEMENT_2D('',#2261,#2262);
#2261 = CARTESIAN_POINT('',(0.,0.));
#2262 = DIRECTION('',(1.,0.));
#2263 = ( GEOMETRIC_REPRESENTATION_CONTEXT(2) 
PARAMETRIC_REPRESENTATION_CONTEXT() REPRESENTATION_CONTEXT('2D SPACE',''
  ) );
#2264 = ORIENTED_EDGE('',*,*,#2265,.F.);
#2265 = EDGE_CURVE('',#2266,#2232,#2268,.T.);
#2266 = VERTEX_POINT('',#2267);
#2267 = CARTESIAN_POINT('',(115.64661005817,12.892382714224,
    56.485219341633));
#2268 = SEAM_CURVE('',#2269,(#2274,#2281),.PCURVE_S1.);
#2269 = CIRCLE('',#2270,5.);
#2270 = AXIS2_PLACEMENT_3D('',#2271,#2272,#2273);
#2271 = CARTESIAN_POINT('',(110.64661005817,12.892382714224,
    56.485219341633));
#2272 = DIRECTION('',(-2.449293598295E-16,-0.222520933956,
    -0.974927912182));
#2273 = DIRECTION('',(1.,-5.450190990258E-17,-2.387884694106E-16));
#2274 = PCURVE('',#2241,#2275);
#2275 = DEFINITIONAL_REPRESENTATION('',(#2276),#2280);
#2276 = LINE('',#2277,#2278);
#2277 = CARTESIAN_POINT('',(6.28318530718,-0.));
#2278 = VECTOR('',#2279,1.);
#2279 = DIRECTION('',(0.,1.));
#2280 = ( GEOMETRIC_REPRESENTATION_CONTEXT(2) 
PARAMETRIC_REPRESENTATION_CONTEXT() REPRESENTATION_CONTEXT('2D SPACE',''
  ) );
#2281 = PCURVE('',#2241,#2282);
#2282 = DEFINITIONAL_REPRESENTATION('',(#2283),#2287);
#2283 = LINE('',#2284,#2285);
#2284 = CARTESIAN_POINT('',(0.,-0.));
#2285 = VECTOR('',#2286,1.);
#2286 = DIRECTION('',(0.,1.));
#2287 = ( GEOMETRIC_REPRESENTATION_CONTEXT(2) 
PARAMETRIC_REPRESENTATION_CONTEXT() REPRESENTATION_CONTEXT('2D SPACE',''
  ) );
#2288 = ORIENTED_EDGE('',*,*,#2289,.T.);
#2289 = EDGE_CURVE('',#2266,#2266,#2290,.T.);
#2290 = SURFACE_CURVE('',#2291,(#2296,#2303),.PCURVE_S1.);
#2291 = CIRCLE('',#2292,12.5);
#2292 = AXIS2_PLACEMENT_3D('',#2293,#2294,#2295);
#2293 = CARTESIAN_POINT('',(103.14661005817,12.892382714224,
    56.485219341633));
#2294 = DIRECTION('',(0.,-0.974927912182,0.222520933956));
#2295 = DIRECTION('',(1.,0.,0.));
#2296 = PCURVE('',#2241,#2297);
#2297 = DEFINITIONAL_REPRESENTATION('',(#2298),#2302);
#2298 = LINE('',#2299,#2300);
#2299 = CARTESIAN_POINT('',(0.,0.));
#2300 = VECTOR('',#2301,1.);
#2301 = DIRECTION('',(1.,0.));
#2302 = ( GEOMETRIC_REPRESENTATION_CONTEXT(2) 
PARAMETRIC_REPRESENTATION_CONTEXT() REPRESENTATION_CONTEXT('2D SPACE',''
  ) );
#2303 = PCURVE('',#2304,#2309);
#2304 = PLANE('',#2305);
#2305 = AXIS2_PLACEMENT_3D('',#2306,#2307,#2308);
#2306 = CARTESIAN_POINT('',(103.14661005817,12.892382714224,
    56.485219341633));
#2307 = DIRECTION('',(0.,-0.974927912182,0.222520933956));
#2308 = DIRECTION('',(1.,0.,0.));
#2309 = DEFINITIONAL_REPRESENTATION('',(#2310),#2314);
#2310 = CIRCLE('',#2311,12.5);
#2311 = AXIS2_PLACEMENT_2D('',#2312,#2313);
#2312 = CARTESIAN_POINT('',(0.,0.));
#2313 = DIRECTION('',(1.,0.));
#2314 = ( GEOMETRIC_REPRESENTATION_CONTEXT(2) 
PARAMETRIC_REPRESENTATION_CONTEXT() REPRESENTATION_CONTEXT('2D SPACE',''
  ) );
#2315 = ORIENTED_EDGE('',*,*,#2265,.T.);
#2316 = ADVANCED_FACE('',(#2317,#2348),#2253,.F.);
#2317 = FACE_BOUND('',#2318,.F.);
#2318 = EDGE_LOOP('',(#2319));
#2319 = ORIENTED_EDGE('',*,*,#2320,.T.);
#2320 = EDGE_CURVE('',#2321,#2321,#2323,.T.);
#2321 = VERTEX_POINT('',#2322);
#2322 = CARTESIAN_POINT('',(106.24661005817,12.892382714224,
    56.485219341633));
#2323 = SURFACE_CURVE('',#2324,(#2329,#2336),.PCURVE_S1.);
#2324 = CIRCLE('',#2325,3.1);
#2325 = AXIS2_PLACEMENT_3D('',#2326,#2327,#2328);
#2326 = CARTESIAN_POINT('',(103.14661005817,12.892382714224,
    56.485219341633));
#2327 = DIRECTION('',(0.,-0.974927912182,0.222520933956));
#2328 = DIRECTION('',(1.,0.,0.));
#2329 = PCURVE('',#2253,#2330);
#2330 = DEFINITIONAL_REPRESENTATION('',(#2331),#2335);
#2331 = CIRCLE('',#2332,3.1);
#2332 = AXIS2_PLACEMENT_2D('',#2333,#2334);
#2333 = CARTESIAN_POINT('',(0.,0.));
#2334 = DIRECTION('',(1.,0.));
#2335 = ( GEOMETRIC_REPRESENTATION_CONTEXT(2) 
PARAMETRIC_REPRESENTATION_CONTEXT() REPRESENTATION_CONTEXT('2D SPACE',''
  ) );
#2336 = PCURVE('',#2337,#2342);
#2337 = TOROIDAL_SURFACE('',#2338,7.5,4.4);
#2338 = AXIS2_PLACEMENT_3D('',#2339,#2340,#2341);
#2339 = CARTESIAN_POINT('',(103.14661005817,12.892382714224,
    56.485219341633));
#2340 = DIRECTION('',(0.,-0.974927912182,0.222520933956));
#2341 = DIRECTION('',(1.,0.,0.));
#2342 = DEFINITIONAL_REPRESENTATION('',(#2343),#2347);
#2343 = LINE('',#2344,#2345);
#2344 = CARTESIAN_POINT('',(0.,3.14159265359));
#2345 = VECTOR('',#2346,1.);
#2346 = DIRECTION('',(1.,0.));
#2347 = ( GEOMETRIC_REPRESENTATION_CONTEXT(2) 
PARAMETRIC_REPRESENTATION_CONTEXT() REPRESENTATION_CONTEXT('2D SPACE',''
  ) );
#2348 = FACE_BOUND('',#2349,.F.);
#2349 = EDGE_LOOP('',(#2350));
#2350 = ORIENTED_EDGE('',*,*,#2231,.F.);
#2351 = ADVANCED_FACE('',(#2352,#2355),#2304,.F.);
#2352 = FACE_BOUND('',#2353,.F.);
#2353 = EDGE_LOOP('',(#2354));
#2354 = ORIENTED_EDGE('',*,*,#2289,.T.);
#2355 = FACE_BOUND('',#2356,.F.);
#2356 = EDGE_LOOP('',(#2357));
#2357 = ORIENTED_EDGE('',*,*,#2358,.F.);
#2358 = EDGE_CURVE('',#2359,#2359,#2361,.T.);
#2359 = VERTEX_POINT('',#2360);
#2360 = CARTESIAN_POINT('',(115.04661005817,12.892382714224,
    56.485219341633));
#2361 = SURFACE_CURVE('',#2362,(#2367,#2374),.PCURVE_S1.);
#2362 = CIRCLE('',#2363,11.9);
#2363 = AXIS2_PLACEMENT_3D('',#2364,#2365,#2366);
#2364 = CARTESIAN_POINT('',(103.14661005817,12.892382714224,
    56.485219341633));
#2365 = DIRECTION('',(0.,-0.974927912182,0.222520933956));
#2366 = DIRECTION('',(1.,0.,0.));
#2367 = PCURVE('',#2304,#2368);
#2368 = DEFINITIONAL_REPRESENTATION('',(#2369),#2373);
#2369 = CIRCLE('',#2370,11.9);
#2370 = AXIS2_PLACEMENT_2D('',#2371,#2372);
#2371 = CARTESIAN_POINT('',(0.,0.));
#2372 = DIRECTION('',(1.,0.));
#2373 = ( GEOMETRIC_REPRESENTATION_CONTEXT(2) 
PARAMETRIC_REPRESENTATION_CONTEXT() REPRESENTATION_CONTEXT('2D SPACE',''
  ) );
#2374 = PCURVE('',#2337,#2375);
#2375 = DEFINITIONAL_REPRESENTATION('',(#2376),#2380);
#2376 = LINE('',#2377,#2378);
#2377 = CARTESIAN_POINT('',(0.,0.));
#2378 = VECTOR('',#2379,1.);
#2379 = DIRECTION('',(1.,0.));
#2380 = ( GEOMETRIC_REPRESENTATION_CONTEXT(2) 
PARAMETRIC_REPRESENTATION_CONTEXT() REPRESENTATION_CONTEXT('2D SPACE',''
  ) );
#2381 = ADVANCED_FACE('',(#2382),#2337,.F.);
#2382 = FACE_BOUND('',#2383,.F.);
#2383 = EDGE_LOOP('',(#2384,#2385,#2407,#2408));
#2384 = ORIENTED_EDGE('',*,*,#2320,.F.);
#2385 = ORIENTED_EDGE('',*,*,#2386,.F.);
#2386 = EDGE_CURVE('',#2359,#2321,#2387,.T.);
#2387 = SEAM_CURVE('',#2388,(#2393,#2400),.PCURVE_S1.);
#2388 = CIRCLE('',#2389,4.4);
#2389 = AXIS2_PLACEMENT_3D('',#2390,#2391,#2392);
#2390 = CARTESIAN_POINT('',(110.64661005817,12.892382714224,
    56.485219341633));
#2391 = DIRECTION('',(-2.449293598295E-16,-0.222520933956,
    -0.974927912182));
#2392 = DIRECTION('',(1.,-5.450190990258E-17,-2.387884694106E-16));
#2393 = PCURVE('',#2337,#2394);
#2394 = DEFINITIONAL_REPRESENTATION('',(#2395),#2399);
#2395 = LINE('',#2396,#2397);
#2396 = CARTESIAN_POINT('',(6.28318530718,-0.));
#2397 = VECTOR('',#2398,1.);
#2398 = DIRECTION('',(0.,1.));
#2399 = ( GEOMETRIC_REPRESENTATION_CONTEXT(2) 
PARAMETRIC_REPRESENTATION_CONTEXT() REPRESENTATION_CONTEXT('2D SPACE',''
  ) );
#2400 = PCURVE('',#2337,#2401);
#2401 = DEFINITIONAL_REPRESENTATION('',(#2402),#2406);
#2402 = LINE('',#2403,#2404);
#2403 = CARTESIAN_POINT('',(0.,-0.));
#2404 = VECTOR('',#2405,1.);
#2405 = DIRECTION('',(0.,1.));
#2406 = ( GEOMETRIC_REPRESENTATION_CONTEXT(2) 
PARAMETRIC_REPRESENTATION_CONTEXT() REPRESENTATION_CONTEXT('2D SPACE',''
  ) );
#2407 = ORIENTED_EDGE('',*,*,#2358,.T.);
#2408 = ORIENTED_EDGE('',*,*,#2386,.T.);
#2409 = ( GEOMETRIC_REPRESENTATION_CONTEXT(3) 
GLOBAL_UNCERTAINTY_ASSIGNED_CONTEXT((#2413)) 
GLOBAL_UNIT_ASSIGNED_CONTEXT((#2410,#2411,#2412)) REPRESENTATION_CONTEXT
('Context #1','3D Context with UNIT and UNCERTAINTY') );
#2410 = ( LENGTH_UNIT() NAMED_UNIT(*) SI_UNIT(.MILLI.,.METRE.) );
#2411 = ( NAMED_UNIT(*) PLANE_ANGLE_UNIT() SI_UNIT($,.RADIAN.) );
#2412 = ( NAMED_UNIT(*) SI_UNIT($,.STERADIAN.) SOLID_ANGLE_UNIT() );
#2413 = UNCERTAINTY_MEASURE_WITH_UNIT(LENGTH_MEASURE(1.E-07),#2410,
  'distance_accuracy_value','confusion accuracy');
#2414 = CONTEXT_DEPENDENT_SHAPE_REPRESENTATION(#2415,#2417);
#2415 = ( REPRESENTATION_RELATIONSHIP('','',#2224,#1992) 
REPRESENTATION_RELATIONSHIP_WITH_TRANSFORMATION(#2416) 
SHAPE_REPRESENTATION_RELATIONSHIP() );
#2416 = ITEM_DEFINED_TRANSFORMATION('','',#11,#1997);
#2417 = PRODUCT_DEFINITION_SHAPE('Placement','Placement of an item',
  #2418);
#2418 = NEXT_ASSEMBLY_USAGE_OCCURRENCE('77','','',#1987,#2219,$);
#2419 = PRODUCT_RELATED_PRODUCT_CATEGORY('part',$,(#2221));
#2420 = SHAPE_DEFINITION_REPRESENTATION(#2421,#2427);
#2421 = PRODUCT_DEFINITION_SHAPE('','',#2422);
#2422 = PRODUCT_DEFINITION('design','',#2423,#2426);
#2423 = PRODUCT_DEFINITION_FORMATION('','',#2424);
#2424 = PRODUCT('Open CASCADE STEP translator 7.9 14.4.3',
  'Open CASCADE STEP translator 7.9 14.4.3','',(#2425));
#2425 = PRODUCT_CONTEXT('',#2,'mechanical');
#2426 = PRODUCT_DEFINITION_CONTEXT('part definition',#2,'design');
#2427 = ADVANCED_BREP_SHAPE_REPRESENTATION('',(#11,#2428),#2610);
#2428 = MANIFOLD_SOLID_BREP('',#2429);
#2429 = CLOSED_SHELL('',(#2430,#2498,#2553,#2583));
#2430 = ADVANCED_FACE('',(#2431,#2467),#2444,.F.);
#2431 = FACE_BOUND('',#2432,.T.);
#2432 = EDGE_LOOP('',(#2433));
#2433 = ORIENTED_EDGE('',*,*,#2434,.T.);
#2434 = EDGE_CURVE('',#2435,#2435,#2437,.T.);
#2435 = VERTEX_POINT('',#2436);
#2436 = CARTESIAN_POINT('',(88.616775694169,12.20256781896,
    53.46294281387));
#2437 = SURFACE_CURVE('',#2438,(#2443,#2455),.PCURVE_S1.);
#2438 = CIRCLE('',#2439,4.4);
#2439 = AXIS2_PLACEMENT_3D('',#2440,#2441,#2442);
#2440 = CARTESIAN_POINT('',(88.616775694169,11.223475709552,
    49.17326000027));
#2441 = DIRECTION('',(1.,0.,-0.));
#2442 = DIRECTION('',(0.,0.222520933956,0.974927912182));
#2443 = PCURVE('',#2444,#2449);
#2444 = PLANE('',#2445);
#2445 = AXIS2_PLACEMENT_3D('',#2446,#2447,#2448);
#2446 = CARTESIAN_POINT('',(88.616775694169,11.223475709552,
    49.17326000027));
#2447 = DIRECTION('',(1.,0.,0.));
#2448 = DIRECTION('',(-0.,0.222520933956,0.974927912182));
#2449 = DEFINITIONAL_REPRESENTATION('',(#2450),#2454);
#2450 = CIRCLE('',#2451,4.4);
#2451 = AXIS2_PLACEMENT_2D('',#2452,#2453);
#2452 = CARTESIAN_POINT('',(0.,0.));
#2453 = DIRECTION('',(1.,-0.));
#2454 = ( GEOMETRIC_REPRESENTATION_CONTEXT(2) 
PARAMETRIC_REPRESENTATION_CONTEXT() REPRESENTATION_CONTEXT('2D SPACE',''
  ) );
#2455 = PCURVE('',#2456,#2461);
#2456 = CYLINDRICAL_SURFACE('',#2457,4.4);
#2457 = AXIS2_PLACEMENT_3D('',#2458,#2459,#2460);
#2458 = CARTESIAN_POINT('',(103.14661005817,11.223475709552,
    49.17326000027));
#2459 = DIRECTION('',(-1.,0.,-0.));
#2460 = DIRECTION('',(0.,0.222520933956,0.974927912182));
#2461 = DEFINITIONAL_REPRESENTATION('',(#2462),#2466);
#2462 = LINE('',#2463,#2464);
#2463 = CARTESIAN_POINT('',(-0.,14.52983436401));
#2464 = VECTOR('',#2465,1.);
#2465 = DIRECTION('',(-1.,0.));
#2466 = ( GEOMETRIC_REPRESENTATION_CONTEXT(2) 
PARAMETRIC_REPRESENTATION_CONTEXT() REPRESENTATION_CONTEXT('2D SPACE',''
  ) );
#2467 = FACE_BOUND('',#2468,.T.);
#2468 = EDGE_LOOP('',(#2469));
#2469 = ORIENTED_EDGE('',*,*,#2470,.F.);
#2470 = EDGE_CURVE('',#2471,#2471,#2473,.T.);
#2471 = VERTEX_POINT('',#2472);
#2472 = CARTESIAN_POINT('',(88.616775694169,12.336080379333,
    54.047899561179));
#2473 = SURFACE_CURVE('',#2474,(#2479,#2486),.PCURVE_S1.);
#2474 = CIRCLE('',#2475,5.);
#2475 = AXIS2_PLACEMENT_3D('',#2476,#2477,#2478);
#2476 = CARTESIAN_POINT('',(88.616775694169,11.223475709552,
    49.17326000027));
#2477 = DIRECTION('',(1.,0.,-0.));
#2478 = DIRECTION('',(0.,0.222520933956,0.974927912182));
#2479 = PCURVE('',#2444,#2480);
#2480 = DEFINITIONAL_REPRESENTATION('',(#2481),#2485);
#2481 = CIRCLE('',#2482,5.);
#2482 = AXIS2_PLACEMENT_2D('',#2483,#2484);
#2483 = CARTESIAN_POINT('',(0.,0.));
#2484 = DIRECTION('',(1.,-0.));
#2485 = ( GEOMETRIC_REPRESENTATION_CONTEXT(2) 
PARAMETRIC_REPRESENTATION_CONTEXT() REPRESENTATION_CONTEXT('2D SPACE',''
  ) );
#2486 = PCURVE('',#2487,#2492);
#2487 = CYLINDRICAL_SURFACE('',#2488,5.);
#2488 = AXIS2_PLACEMENT_3D('',#2489,#2490,#2491);
#2489 = CARTESIAN_POINT('',(88.616775694169,11.223475709552,
    49.17326000027));
#2490 = DIRECTION('',(1.,0.,0.));
#2491 = DIRECTION('',(0.,0.222520933956,0.974927912182));
#2492 = DEFINITIONAL_REPRESENTATION('',(#2493),#2497);
#2493 = LINE('',#2494,#2495);
#2494 = CARTESIAN_POINT('',(0.,0.));
#2495 = VECTOR('',#2496,1.);
#2496 = DIRECTION('',(1.,0.));
#2497 = ( GEOMETRIC_REPRESENTATION_CONTEXT(2) 
PARAMETRIC_REPRESENTATION_CONTEXT() REPRESENTATION_CONTEXT('2D SPACE',''
  ) );
#2498 = ADVANCED_FACE('',(#2499),#2487,.T.);
#2499 = FACE_BOUND('',#2500,.T.);
#2500 = EDGE_LOOP('',(#2501,#2502,#2525,#2552));
#2501 = ORIENTED_EDGE('',*,*,#2470,.T.);
#2502 = ORIENTED_EDGE('',*,*,#2503,.T.);
#2503 = EDGE_CURVE('',#2471,#2504,#2506,.T.);
#2504 = VERTEX_POINT('',#2505);
#2505 = CARTESIAN_POINT('',(103.14661005817,12.336080379333,
    54.047899561179));
#2506 = SEAM_CURVE('',#2507,(#2511,#2518),.PCURVE_S1.);
#2507 = LINE('',#2508,#2509);
#2508 = CARTESIAN_POINT('',(88.616775694169,12.336080379333,
    54.047899561179));
#2509 = VECTOR('',#2510,1.);
#2510 = DIRECTION('',(1.,0.,0.));
#2511 = PCURVE('',#2487,#2512);
#2512 = DEFINITIONAL_REPRESENTATION('',(#2513),#2517);
#2513 = LINE('',#2514,#2515);
#2514 = CARTESIAN_POINT('',(0.,0.));
#2515 = VECTOR('',#2516,1.);
#2516 = DIRECTION('',(0.,1.));
#2517 = ( GEOMETRIC_REPRESENTATION_CONTEXT(2) 
PARAMETRIC_REPRESENTATION_CONTEXT() REPRESENTATION_CONTEXT('2D SPACE',''
  ) );
#2518 = PCURVE('',#2487,#2519);
#2519 = DEFINITIONAL_REPRESENTATION('',(#2520),#2524);
#2520 = LINE('',#2521,#2522);
#2521 = CARTESIAN_POINT('',(6.28318530718,0.));
#2522 = VECTOR('',#2523,1.);
#2523 = DIRECTION('',(0.,1.));
#2524 = ( GEOMETRIC_REPRESENTATION_CONTEXT(2) 
PARAMETRIC_REPRESENTATION_CONTEXT() REPRESENTATION_CONTEXT('2D SPACE',''
  ) );
#2525 = ORIENTED_EDGE('',*,*,#2526,.F.);
#2526 = EDGE_CURVE('',#2504,#2504,#2527,.T.);
#2527 = SURFACE_CURVE('',#2528,(#2533,#2540),.PCURVE_S1.);
#2528 = CIRCLE('',#2529,5.);
#2529 = AXIS2_PLACEMENT_3D('',#2530,#2531,#2532);
#2530 = CARTESIAN_POINT('',(103.14661005817,11.223475709552,
    49.17326000027));
#2531 = DIRECTION('',(1.,0.,-0.));
#2532 = DIRECTION('',(0.,0.222520933956,0.974927912182));
#2533 = PCURVE('',#2487,#2534);
#2534 = DEFINITIONAL_REPRESENTATION('',(#2535),#2539);
#2535 = LINE('',#2536,#2537);
#2536 = CARTESIAN_POINT('',(0.,14.52983436401));
#2537 = VECTOR('',#2538,1.);
#2538 = DIRECTION('',(1.,0.));
#2539 = ( GEOMETRIC_REPRESENTATION_CONTEXT(2) 
PARAMETRIC_REPRESENTATION_CONTEXT() REPRESENTATION_CONTEXT('2D SPACE',''
  ) );
#2540 = PCURVE('',#2541,#2546);
#2541 = PLANE('',#2542);
#2542 = AXIS2_PLACEMENT_3D('',#2543,#2544,#2545);
#2543 = CARTESIAN_POINT('',(103.14661005817,11.223475709552,
    49.17326000027));
#2544 = DIRECTION('',(1.,0.,0.));
#2545 = DIRECTION('',(0.,0.222520933956,0.974927912182));
#2546 = DEFINITIONAL_REPRESENTATION('',(#2547),#2551);
#2547 = CIRCLE('',#2548,5.);
#2548 = AXIS2_PLACEMENT_2D('',#2549,#2550);
#2549 = CARTESIAN_POINT('',(0.,0.));
#2550 = DIRECTION('',(1.,0.));
#2551 = ( GEOMETRIC_REPRESENTATION_CONTEXT(2) 
PARAMETRIC_REPRESENTATION_CONTEXT() REPRESENTATION_CONTEXT('2D SPACE',''
  ) );
#2552 = ORIENTED_EDGE('',*,*,#2503,.F.);
#2553 = ADVANCED_FACE('',(#2554,#2557),#2541,.T.);
#2554 = FACE_BOUND('',#2555,.T.);
#2555 = EDGE_LOOP('',(#2556));
#2556 = ORIENTED_EDGE('',*,*,#2526,.T.);
#2557 = FACE_BOUND('',#2558,.T.);
#2558 = EDGE_LOOP('',(#2559));
#2559 = ORIENTED_EDGE('',*,*,#2560,.F.);
#2560 = EDGE_CURVE('',#2561,#2561,#2563,.T.);
#2561 = VERTEX_POINT('',#2562);
#2562 = CARTESIAN_POINT('',(103.14661005817,12.20256781896,
    53.46294281387));
#2563 = SURFACE_CURVE('',#2564,(#2569,#2576),.PCURVE_S1.);
#2564 = CIRCLE('',#2565,4.4);
#2565 = AXIS2_PLACEMENT_3D('',#2566,#2567,#2568);
#2566 = CARTESIAN_POINT('',(103.14661005817,11.223475709552,
    49.17326000027));
#2567 = DIRECTION('',(1.,0.,-0.));
#2568 = DIRECTION('',(0.,0.222520933956,0.974927912182));
#2569 = PCURVE('',#2541,#2570);
#2570 = DEFINITIONAL_REPRESENTATION('',(#2571),#2575);
#2571 = CIRCLE('',#2572,4.4);
#2572 = AXIS2_PLACEMENT_2D('',#2573,#2574);
#2573 = CARTESIAN_POINT('',(0.,0.));
#2574 = DIRECTION('',(1.,0.));
#2575 = ( GEOMETRIC_REPRESENTATION_CONTEXT(2) 
PARAMETRIC_REPRESENTATION_CONTEXT() REPRESENTATION_CONTEXT('2D SPACE',''
  ) );
#2576 = PCURVE('',#2456,#2577);
#2577 = DEFINITIONAL_REPRESENTATION('',(#2578),#2582);
#2578 = LINE('',#2579,#2580);
#2579 = CARTESIAN_POINT('',(-0.,0.));
#2580 = VECTOR('',#2581,1.);
#2581 = DIRECTION('',(-1.,0.));
#2582 = ( GEOMETRIC_REPRESENTATION_CONTEXT(2) 
PARAMETRIC_REPRESENTATION_CONTEXT() REPRESENTATION_CONTEXT('2D SPACE',''
  ) );
#2583 = ADVANCED_FACE('',(#2584),#2456,.F.);
#2584 = FACE_BOUND('',#2585,.T.);
#2585 = EDGE_LOOP('',(#2586,#2587,#2608,#2609));
#2586 = ORIENTED_EDGE('',*,*,#2560,.T.);
#2587 = ORIENTED_EDGE('',*,*,#2588,.T.);
#2588 = EDGE_CURVE('',#2561,#2435,#2589,.T.);
#2589 = SEAM_CURVE('',#2590,(#2594,#2601),.PCURVE_S1.);
#2590 = LINE('',#2591,#2592);
#2591 = CARTESIAN_POINT('',(103.14661005817,12.20256781896,
    53.46294281387));
#2592 = VECTOR('',#2593,1.);
#2593 = DIRECTION('',(-1.,0.,0.));
#2594 = PCURVE('',#2456,#2595);
#2595 = DEFINITIONAL_REPRESENTATION('',(#2596),#2600);
#2596 = LINE('',#2597,#2598);
#2597 = CARTESIAN_POINT('',(-0.,0.));
#2598 = VECTOR('',#2599,1.);
#2599 = DIRECTION('',(-0.,1.));
#2600 = ( GEOMETRIC_REPRESENTATION_CONTEXT(2) 
PARAMETRIC_REPRESENTATION_CONTEXT() REPRESENTATION_CONTEXT('2D SPACE',''
  ) );
#2601 = PCURVE('',#2456,#2602);
#2602 = DEFINITIONAL_REPRESENTATION('',(#2603),#2607);
#2603 = LINE('',#2604,#2605);
#2604 = CARTESIAN_POINT('',(-6.28318530718,0.));
#2605 = VECTOR('',#2606,1.);
#2606 = DIRECTION('',(-0.,1.));
#2607 = ( GEOMETRIC_REPRESENTATION_CONTEXT(2) 
PARAMETRIC_REPRESENTATION_CONTEXT() REPRESENTATION_CONTEXT('2D SPACE',''
  ) );
#2608 = ORIENTED_EDGE('',*,*,#2434,.F.);
#2609 = ORIENTED_EDGE('',*,*,#2588,.F.);
#2610 = ( GEOMETRIC_REPRESENTATION_CONTEXT(3) 
GLOBAL_UNCERTAINTY_ASSIGNED_CONTEXT((#2614)) 
GLOBAL_UNIT_ASSIGNED_CONTEXT((#2611,#2612,#2613)) REPRESENTATION_CONTEXT
('Context #1','3D Context with UNIT and UNCERTAINTY') );
#2611 = ( LENGTH_UNIT() NAMED_UNIT(*) SI_UNIT(.MILLI.,.METRE.) );
#2612 = ( NAMED_UNIT(*) PLANE_ANGLE_UNIT() SI_UNIT($,.RADIAN.) );
#2613 = ( NAMED_UNIT(*) SI_UNIT($,.STERADIAN.) SOLID_ANGLE_UNIT() );
#2614 = UNCERTAINTY_MEASURE_WITH_UNIT(LENGTH_MEASURE(1.E-07),#2611,
  'distance_accuracy_value','confusion accuracy');
#2615 = CONTEXT_DEPENDENT_SHAPE_REPRESENTATION(#2616,#2618);
#2616 = ( REPRESENTATION_RELATIONSHIP('','',#2427,#1992) 
REPRESENTATION_RELATIONSHIP_WITH_TRANSFORMATION(#2617) 
SHAPE_REPRESENTATION_RELATIONSHIP() );
#2617 = ITEM_DEFINED_TRANSFORMATION('','',#11,#2001);
#2618 = PRODUCT_DEFINITION_SHAPE('Placement','Placement of an item',
  #2619);
#2619 = NEXT_ASSEMBLY_USAGE_OCCURRENCE('78','','',#1987,#2422,$);
#2620 = PRODUCT_RELATED_PRODUCT_CATEGORY('part',$,(#2424));
#2621 = SHAPE_DEFINITION_REPRESENTATION(#2622,#2628);
#2622 = PRODUCT_DEFINITION_SHAPE('','',#2623);
#2623 = PRODUCT_DEFINITION('design','',#2624,#2627);
#2624 = PRODUCT_DEFINITION_FORMATION('','',#2625);
#2625 = PRODUCT('Open CASCADE STEP translator 7.9 14.5',
  'Open CASCADE STEP translator 7.9 14.5','',(#2626));
#2626 = PRODUCT_CONTEXT('',#2,'mechanical');
#2627 = PRODUCT_DEFINITION_CONTEXT('part definition',#2,'design');
#2628 = SHAPE_REPRESENTATION('',(#11,#2629,#2633,#2637),#2641);
#2629 = AXIS2_PLACEMENT_3D('',#2630,#2631,#2632);
#2630 = CARTESIAN_POINT('',(0.,0.,0.));
#2631 = DIRECTION('',(0.,0.,1.));
#2632 = DIRECTION('',(1.,0.,-0.));
#2633 = AXIS2_PLACEMENT_3D('',#2634,#2635,#2636);
#2634 = CARTESIAN_POINT('',(0.,0.,0.));
#2635 = DIRECTION('',(0.,0.,1.));
#2636 = DIRECTION('',(1.,0.,-0.));
#2637 = AXIS2_PLACEMENT_3D('',#2638,#2639,#2640);
#2638 = CARTESIAN_POINT('',(0.,0.,0.));
#2639 = DIRECTION('',(0.,0.,1.));
#2640 = DIRECTION('',(1.,0.,-0.));
#2641 = ( GEOMETRIC_REPRESENTATION_CONTEXT(3) 
GLOBAL_UNCERTAINTY_ASSIGNED_CONTEXT((#2645)) 
GLOBAL_UNIT_ASSIGNED_CONTEXT((#2642,#2643,#2644)) REPRESENTATION_CONTEXT
('Context #1','3D Context with UNIT and UNCERTAINTY') );
#2642 = ( LENGTH_UNIT() NAMED_UNIT(*) SI_UNIT(.MILLI.,.METRE.) );
#2643 = ( NAMED_UNIT(*) PLANE_ANGLE_UNIT() SI_UNIT($,.RADIAN.) );
#2644 = ( NAMED_UNIT(*) SI_UNIT($,.STERADIAN.) SOLID_ANGLE_UNIT() );
#2645 = UNCERTAINTY_MEASURE_WITH_UNIT(LENGTH_MEASURE(1.E-07),#2642,
  'distance_accuracy_value','confusion accuracy');
#2646 = CONTEXT_DEPENDENT_SHAPE_REPRESENTATION(#2647,#2649);
#2647 = ( REPRESENTATION_RELATIONSHIP('','',#2628,#10) 
REPRESENTATION_RELATIONSHIP_WITH_TRANSFORMATION(#2648) 
SHAPE_REPRESENTATION_RELATIONSHIP() );
#2648 = ITEM_DEFINED_TRANSFORMATION('','',#11,#31);
#2649 = PRODUCT_DEFINITION_SHAPE('Placement','Placement of an item',
  #2650);
#2650 = NEXT_ASSEMBLY_USAGE_OCCURRENCE('83','','',#5,#2623,$);
#2651 = PRODUCT_RELATED_PRODUCT_CATEGORY('part',$,(#2625));
#2652 = SHAPE_DEFINITION_REPRESENTATION(#2653,#2659);
#2653 = PRODUCT_DEFINITION_SHAPE('','',#2654);
#2654 = PRODUCT_DEFINITION('design','',#2655,#2658);
#2655 = PRODUCT_DEFINITION_FORMATION('','',#2656);
#2656 = PRODUCT('Open CASCADE STEP translator 7.9 14.5.1',
  'Open CASCADE STEP translator 7.9 14.5.1','',(#2657));
#2657 = PRODUCT_CONTEXT('',#2,'mechanical');
#2658 = PRODUCT_DEFINITION_CONTEXT('part definition',#2,'design');
#2659 = ADVANCED_BREP_SHAPE_REPRESENTATION('',(#11,#2660),#2842);
#2660 = MANIFOLD_SOLID_BREP('',#2661);
#2661 = CLOSED_SHELL('',(#2662,#2730,#2785,#2815));
#2662 = ADVANCED_FACE('',(#2663,#2699),#2676,.F.);
#2663 = FACE_BOUND('',#2664,.T.);
#2664 = EDGE_LOOP('',(#2665));
#2665 = ORIENTED_EDGE('',*,*,#2666,.T.);
#2666 = EDGE_CURVE('',#2667,#2667,#2669,.T.);
#2667 = VERTEX_POINT('',#2668);
#2668 = CARTESIAN_POINT('',(53.63279758958,-15.5403818283,
    68.086861496597));
#2669 = SURFACE_CURVE('',#2670,(#2675,#2687),.PCURVE_S1.);
#2670 = CIRCLE('',#2671,4.4);
#2671 = AXIS2_PLACEMENT_3D('',#2672,#2673,#2674);
#2672 = CARTESIAN_POINT('',(53.63279758958,-14.56128971889,
    63.797178682997));
#2673 = DIRECTION('',(1.,0.,0.));
#2674 = DIRECTION('',(0.,-0.222520933956,0.974927912182));
#2675 = PCURVE('',#2676,#2681);
#2676 = PLANE('',#2677);
#2677 = AXIS2_PLACEMENT_3D('',#2678,#2679,#2680);
#2678 = CARTESIAN_POINT('',(53.63279758958,-14.56128971889,
    63.797178682997));
#2679 = DIRECTION('',(1.,0.,0.));
#2680 = DIRECTION('',(-0.,-0.222520933956,0.974927912182));
#2681 = DEFINITIONAL_REPRESENTATION('',(#2682),#2686);
#2682 = CIRCLE('',#2683,4.4);
#2683 = AXIS2_PLACEMENT_2D('',#2684,#2685);
#2684 = CARTESIAN_POINT('',(0.,0.));
#2685 = DIRECTION('',(1.,-0.));
#2686 = ( GEOMETRIC_REPRESENTATION_CONTEXT(2) 
PARAMETRIC_REPRESENTATION_CONTEXT() REPRESENTATION_CONTEXT('2D SPACE',''
  ) );
#2687 = PCURVE('',#2688,#2693);
#2688 = CYLINDRICAL_SURFACE('',#2689,4.4);
#2689 = AXIS2_PLACEMENT_3D('',#2690,#2691,#2692);
#2690 = CARTESIAN_POINT('',(103.14661005817,-14.56128971889,
    63.797178682997));
#2691 = DIRECTION('',(-1.,0.,0.));
#2692 = DIRECTION('',(0.,-0.222520933956,0.974927912182));
#2693 = DEFINITIONAL_REPRESENTATION('',(#2694),#2698);
#2694 = LINE('',#2695,#2696);
#2695 = CARTESIAN_POINT('',(-0.,49.513812468599));
#2696 = VECTOR('',#2697,1.);
#2697 = DIRECTION('',(-1.,0.));
#2698 = ( GEOMETRIC_REPRESENTATION_CONTEXT(2) 
PARAMETRIC_REPRESENTATION_CONTEXT() REPRESENTATION_CONTEXT('2D SPACE',''
  ) );
#2699 = FACE_BOUND('',#2700,.T.);
#2700 = EDGE_LOOP('',(#2701));
#2701 = ORIENTED_EDGE('',*,*,#2702,.F.);
#2702 = EDGE_CURVE('',#2703,#2703,#2705,.T.);
#2703 = VERTEX_POINT('',#2704);
#2704 = CARTESIAN_POINT('',(53.63279758958,-15.67389438867,
    68.671818243906));
#2705 = SURFACE_CURVE('',#2706,(#2711,#2718),.PCURVE_S1.);
#2706 = CIRCLE('',#2707,5.);
#2707 = AXIS2_PLACEMENT_3D('',#2708,#2709,#2710);
#2708 = CARTESIAN_POINT('',(53.63279758958,-14.56128971889,
    63.797178682997));
#2709 = DIRECTION('',(1.,0.,0.));
#2710 = DIRECTION('',(0.,-0.222520933956,0.974927912182));
#2711 = PCURVE('',#2676,#2712);
#2712 = DEFINITIONAL_REPRESENTATION('',(#2713),#2717);
#2713 = CIRCLE('',#2714,5.);
#2714 = AXIS2_PLACEMENT_2D('',#2715,#2716);
#2715 = CARTESIAN_POINT('',(0.,0.));
#2716 = DIRECTION('',(1.,-0.));
#2717 = ( GEOMETRIC_REPRESENTATION_CONTEXT(2) 
PARAMETRIC_REPRESENTATION_CONTEXT() REPRESENTATION_CONTEXT('2D SPACE',''
  ) );
#2718 = PCURVE('',#2719,#2724);
#2719 = CYLINDRICAL_SURFACE('',#2720,5.);
#2720 = AXIS2_PLACEMENT_3D('',#2721,#2722,#2723);
#2721 = CARTESIAN_POINT('',(53.63279758958,-14.56128971889,
    63.797178682997));
#2722 = DIRECTION('',(1.,0.,0.));
#2723 = DIRECTION('',(0.,-0.222520933956,0.974927912182));
#2724 = DEFINITIONAL_REPRESENTATION('',(#2725),#2729);
#2725 = LINE('',#2726,#2727);
#2726 = CARTESIAN_POINT('',(0.,0.));
#2727 = VECTOR('',#2728,1.);
#2728 = DIRECTION('',(1.,0.));
#2729 = ( GEOMETRIC_REPRESENTATION_CONTEXT(2) 
PARAMETRIC_REPRESENTATION_CONTEXT() REPRESENTATION_CONTEXT('2D SPACE',''
  ) );
#2730 = ADVANCED_FACE('',(#2731),#2719,.T.);
#2731 = FACE_BOUND('',#2732,.T.);
#2732 = EDGE_LOOP('',(#2733,#2734,#2757,#2784));
#2733 = ORIENTED_EDGE('',*,*,#2702,.T.);
#2734 = ORIENTED_EDGE('',*,*,#2735,.T.);
#2735 = EDGE_CURVE('',#2703,#2736,#2738,.T.);
#2736 = VERTEX_POINT('',#2737);
#2737 = CARTESIAN_POINT('',(103.14661005817,-15.67389438867,
    68.671818243906));
#2738 = SEAM_CURVE('',#2739,(#2743,#2750),.PCURVE_S1.);
#2739 = LINE('',#2740,#2741);
#2740 = CARTESIAN_POINT('',(53.63279758958,-15.67389438867,
    68.671818243906));
#2741 = VECTOR('',#2742,1.);
#2742 = DIRECTION('',(1.,0.,0.));
#2743 = PCURVE('',#2719,#2744);
#2744 = DEFINITIONAL_REPRESENTATION('',(#2745),#2749);
#2745 = LINE('',#2746,#2747);
#2746 = CARTESIAN_POINT('',(0.,0.));
#2747 = VECTOR('',#2748,1.);
#2748 = DIRECTION('',(0.,1.));
#2749 = ( GEOMETRIC_REPRESENTATION_CONTEXT(2) 
PARAMETRIC_REPRESENTATION_CONTEXT() REPRESENTATION_CONTEXT('2D SPACE',''
  ) );
#2750 = PCURVE('',#2719,#2751);
#2751 = DEFINITIONAL_REPRESENTATION('',(#2752),#2756);
#2752 = LINE('',#2753,#2754);
#2753 = CARTESIAN_POINT('',(6.28318530718,0.));
#2754 = VECTOR('',#2755,1.);
#2755 = DIRECTION('',(0.,1.));
#2756 = ( GEOMETRIC_REPRESENTATION_CONTEXT(2) 
PARAMETRIC_REPRESENTATION_CONTEXT() REPRESENTATION_CONTEXT('2D SPACE',''
  ) );
#2757 = ORIENTED_EDGE('',*,*,#2758,.F.);
#2758 = EDGE_CURVE('',#2736,#2736,#2759,.T.);
#2759 = SURFACE_CURVE('',#2760,(#2765,#2772),.PCURVE_S1.);
#2760 = CIRCLE('',#2761,5.);
#2761 = AXIS2_PLACEMENT_3D('',#2762,#2763,#2764);
#2762 = CARTESIAN_POINT('',(103.14661005817,-14.56128971889,
    63.797178682997));
#2763 = DIRECTION('',(1.,0.,0.));
#2764 = DIRECTION('',(0.,-0.222520933956,0.974927912182));
#2765 = PCURVE('',#2719,#2766);
#2766 = DEFINITIONAL_REPRESENTATION('',(#2767),#2771);
#2767 = LINE('',#2768,#2769);
#2768 = CARTESIAN_POINT('',(0.,49.513812468599));
#2769 = VECTOR('',#2770,1.);
#2770 = DIRECTION('',(1.,0.));
#2771 = ( GEOMETRIC_REPRESENTATION_CONTEXT(2) 
PARAMETRIC_REPRESENTATION_CONTEXT() REPRESENTATION_CONTEXT('2D SPACE',''
  ) );
#2772 = PCURVE('',#2773,#2778);
#2773 = PLANE('',#2774);
#2774 = AXIS2_PLACEMENT_3D('',#2775,#2776,#2777);
#2775 = CARTESIAN_POINT('',(103.14661005817,-14.56128971889,
    63.797178682997));
#2776 = DIRECTION('',(1.,0.,0.));
#2777 = DIRECTION('',(0.,-0.222520933956,0.974927912182));
#2778 = DEFINITIONAL_REPRESENTATION('',(#2779),#2783);
#2779 = CIRCLE('',#2780,5.);
#2780 = AXIS2_PLACEMENT_2D('',#2781,#2782);
#2781 = CARTESIAN_POINT('',(0.,0.));
#2782 = DIRECTION('',(1.,0.));
#2783 = ( GEOMETRIC_REPRESENTATION_CONTEXT(2) 
PARAMETRIC_REPRESENTATION_CONTEXT() REPRESENTATION_CONTEXT('2D SPACE',''
  ) );
#2784 = ORIENTED_EDGE('',*,*,#2735,.F.);
#2785 = ADVANCED_FACE('',(#2786,#2789),#2773,.T.);
#2786 = FACE_BOUND('',#2787,.T.);
#2787 = EDGE_LOOP('',(#2788));
#2788 = ORIENTED_EDGE('',*,*,#2758,.T.);
#2789 = FACE_BOUND('',#2790,.T.);
#2790 = EDGE_LOOP('',(#2791));
#2791 = ORIENTED_EDGE('',*,*,#2792,.F.);
#2792 = EDGE_CURVE('',#2793,#2793,#2795,.T.);
#2793 = VERTEX_POINT('',#2794);
#2794 = CARTESIAN_POINT('',(103.14661005817,-15.5403818283,
    68.086861496597));
#2795 = SURFACE_CURVE('',#2796,(#2801,#2808),.PCURVE_S1.);
#2796 = CIRCLE('',#2797,4.4);
#2797 = AXIS2_PLACEMENT_3D('',#2798,#2799,#2800);
#2798 = CARTESIAN_POINT('',(103.14661005817,-14.56128971889,
    63.797178682997));
#2799 = DIRECTION('',(1.,0.,0.));
#2800 = DIRECTION('',(0.,-0.222520933956,0.974927912182));
#2801 = PCURVE('',#2773,#2802);
#2802 = DEFINITIONAL_REPRESENTATION('',(#2803),#2807);
#2803 = CIRCLE('',#2804,4.4);
#2804 = AXIS2_PLACEMENT_2D('',#2805,#2806);
#2805 = CARTESIAN_POINT('',(0.,0.));
#2806 = DIRECTION('',(1.,0.));
#2807 = ( GEOMETRIC_REPRESENTATION_CONTEXT(2) 
PARAMETRIC_REPRESENTATION_CONTEXT() REPRESENTATION_CONTEXT('2D SPACE',''
  ) );
#2808 = PCURVE('',#2688,#2809);
#2809 = DEFINITIONAL_REPRESENTATION('',(#2810),#2814);
#2810 = LINE('',#2811,#2812);
#2811 = CARTESIAN_POINT('',(-0.,0.));
#2812 = VECTOR('',#2813,1.);
#2813 = DIRECTION('',(-1.,0.));
#2814 = ( GEOMETRIC_REPRESENTATION_CONTEXT(2) 
PARAMETRIC_REPRESENTATION_CONTEXT() REPRESENTATION_CONTEXT('2D SPACE',''
  ) );
#2815 = ADVANCED_FACE('',(#2816),#2688,.F.);
#2816 = FACE_BOUND('',#2817,.T.);
#2817 = EDGE_LOOP('',(#2818,#2819,#2840,#2841));
#2818 = ORIENTED_EDGE('',*,*,#2792,.T.);
#2819 = ORIENTED_EDGE('',*,*,#2820,.T.);
#2820 = EDGE_CURVE('',#2793,#2667,#2821,.T.);
#2821 = SEAM_CURVE('',#2822,(#2826,#2833),.PCURVE_S1.);
#2822 = LINE('',#2823,#2824);
#2823 = CARTESIAN_POINT('',(103.14661005817,-15.5403818283,
    68.086861496597));
#2824 = VECTOR('',#2825,1.);
#2825 = DIRECTION('',(-1.,-0.,0.));
#2826 = PCURVE('',#2688,#2827);
#2827 = DEFINITIONAL_REPRESENTATION('',(#2828),#2832);
#2828 = LINE('',#2829,#2830);
#2829 = CARTESIAN_POINT('',(-0.,0.));
#2830 = VECTOR('',#2831,1.);
#2831 = DIRECTION('',(-0.,1.));
#2832 = ( GEOMETRIC_REPRESENTATION_CONTEXT(2) 
PARAMETRIC_REPRESENTATION_CONTEXT() REPRESENTATION_CONTEXT('2D SPACE',''
  ) );
#2833 = PCURVE('',#2688,#2834);
#2834 = DEFINITIONAL_REPRESENTATION('',(#2835),#2839);
#2835 = LINE('',#2836,#2837);
#2836 = CARTESIAN_POINT('',(-6.28318530718,0.));
#2837 = VECTOR('',#2838,1.);
#2838 = DIRECTION('',(-0.,1.));
#2839 = ( GEOMETRIC_REPRESENTATION_CONTEXT(2) 
PARAMETRIC_REPRESENTATION_CONTEXT() REPRESENTATION_CONTEXT('2D SPACE',''
  ) );
#2840 = ORIENTED_EDGE('',*,*,#2666,.F.);
#2841 = ORIENTED_EDGE('',*,*,#2820,.F.);
#2842 = ( GEOMETRIC_REPRESENTATION_CONTEXT(3) 
GLOBAL_UNCERTAINTY_ASSIGNED_CONTEXT((#2846)) 
GLOBAL_UNIT_ASSIGNED_CONTEXT((#2843,#2844,#2845)) REPRESENTATION_CONTEXT
('Context #1','3D Context with UNIT and UNCERTAINTY') );
#2843 = ( LENGTH_UNIT() NAMED_UNIT(*) SI_UNIT(.MILLI.,.METRE.) );
#2844 = ( NAMED_UNIT(*) PLANE_ANGLE_UNIT() SI_UNIT($,.RADIAN.) );
#2845 = ( NAMED_UNIT(*) SI_UNIT($,.STERADIAN.) SOLID_ANGLE_UNIT() );
#2846 = UNCERTAINTY_MEASURE_WITH_UNIT(LENGTH_MEASURE(1.E-07),#2843,
  'distance_accuracy_value','confusion accuracy');
#2847 = CONTEXT_DEPENDENT_SHAPE_REPRESENTATION(#2848,#2850);
#2848 = ( REPRESENTATION_RELATIONSHIP('','',#2659,#2628) 
REPRESENTATION_RELATIONSHIP_WITH_TRANSFORMATION(#2849) 
SHAPE_REPRESENTATION_RELATIONSHIP() );
#2849 = ITEM_DEFINED_TRANSFORMATION('','',#11,#2629);
#2850 = PRODUCT_DEFINITION_SHAPE('Placement','Placement of an item',
  #2851);
#2851 = NEXT_ASSEMBLY_USAGE_OCCURRENCE('80','','',#2623,#2654,$);
#2852 = PRODUCT_RELATED_PRODUCT_CATEGORY('part',$,(#2656));
#2853 = SHAPE_DEFINITION_REPRESENTATION(#2854,#2860);
#2854 = PRODUCT_DEFINITION_SHAPE('','',#2855);
#2855 = PRODUCT_DEFINITION('design','',#2856,#2859);
#2856 = PRODUCT_DEFINITION_FORMATION('','',#2857);
#2857 = PRODUCT('Open CASCADE STEP translator 7.9 14.5.2',
  'Open CASCADE STEP translator 7.9 14.5.2','',(#2858));
#2858 = PRODUCT_CONTEXT('',#2,'mechanical');
#2859 = PRODUCT_DEFINITION_CONTEXT('part definition',#2,'design');
#2860 = ADVANCED_BREP_SHAPE_REPRESENTATION('',(#11,#2861),#3045);
#2861 = MANIFOLD_SOLID_BREP('',#2862);
#2862 = CLOSED_SHELL('',(#2863,#2952,#2987,#3017));
#2863 = ADVANCED_FACE('',(#2864),#2877,.T.);
#2864 = FACE_BOUND('',#2865,.T.);
#2865 = EDGE_LOOP('',(#2866,#2900,#2924,#2951));
#2866 = ORIENTED_EDGE('',*,*,#2867,.F.);
#2867 = EDGE_CURVE('',#2868,#2868,#2870,.T.);
#2868 = VERTEX_POINT('',#2869);
#2869 = CARTESIAN_POINT('',(105.64661005817,-12.89238271422,
    56.485219341633));
#2870 = SURFACE_CURVE('',#2871,(#2876,#2888),.PCURVE_S1.);
#2871 = CIRCLE('',#2872,2.5);
#2872 = AXIS2_PLACEMENT_3D('',#2873,#2874,#2875);
#2873 = CARTESIAN_POINT('',(103.14661005817,-12.89238271422,
    56.485219341633));
#2874 = DIRECTION('',(0.,-0.974927912182,-0.222520933956));
#2875 = DIRECTION('',(1.,0.,0.));
#2876 = PCURVE('',#2877,#2882);
#2877 = TOROIDAL_SURFACE('',#2878,7.5,5.);
#2878 = AXIS2_PLACEMENT_3D('',#2879,#2880,#2881);
#2879 = CARTESIAN_POINT('',(103.14661005817,-12.89238271422,
    56.485219341633));
#2880 = DIRECTION('',(0.,-0.974927912182,-0.222520933956));
#2881 = DIRECTION('',(1.,0.,0.));
#2882 = DEFINITIONAL_REPRESENTATION('',(#2883),#2887);
#2883 = LINE('',#2884,#2885);
#2884 = CARTESIAN_POINT('',(0.,3.14159265359));
#2885 = VECTOR('',#2886,1.);
#2886 = DIRECTION('',(1.,0.));
#2887 = ( GEOMETRIC_REPRESENTATION_CONTEXT(2) 
PARAMETRIC_REPRESENTATION_CONTEXT() REPRESENTATION_CONTEXT('2D SPACE',''
  ) );
#2888 = PCURVE('',#2889,#2894);
#2889 = PLANE('',#2890);
#2890 = AXIS2_PLACEMENT_3D('',#2891,#2892,#2893);
#2891 = CARTESIAN_POINT('',(103.14661005817,-12.89238271422,
    56.485219341633));
#2892 = DIRECTION('',(0.,-0.974927912182,-0.222520933956));
#2893 = DIRECTION('',(1.,0.,0.));
#2894 = DEFINITIONAL_REPRESENTATION('',(#2895),#2899);
#2895 = CIRCLE('',#2896,2.5);
#2896 = AXIS2_PLACEMENT_2D('',#2897,#2898);
#2897 = CARTESIAN_POINT('',(0.,0.));
#2898 = DIRECTION('',(1.,0.));
#2899 = ( GEOMETRIC_REPRESENTATION_CONTEXT(2) 
PARAMETRIC_REPRESENTATION_CONTEXT() REPRESENTATION_CONTEXT('2D SPACE',''
  ) );
#2900 = ORIENTED_EDGE('',*,*,#2901,.F.);
#2901 = EDGE_CURVE('',#2902,#2868,#2904,.T.);
#2902 = VERTEX_POINT('',#2903);
#2903 = CARTESIAN_POINT('',(115.64661005817,-12.89238271422,
    56.485219341633));
#2904 = SEAM_CURVE('',#2905,(#2910,#2917),.PCURVE_S1.);
#2905 = CIRCLE('',#2906,5.);
#2906 = AXIS2_PLACEMENT_3D('',#2907,#2908,#2909);
#2907 = CARTESIAN_POINT('',(110.64661005817,-12.89238271422,
    56.485219341633));
#2908 = DIRECTION('',(-2.449293598295E-16,0.222520933956,-0.974927912182
    ));
#2909 = DIRECTION('',(1.,5.450190990258E-17,-2.387884694106E-16));
#2910 = PCURVE('',#2877,#2911);
#2911 = DEFINITIONAL_REPRESENTATION('',(#2912),#2916);
#2912 = LINE('',#2913,#2914);
#2913 = CARTESIAN_POINT('',(6.28318530718,-0.));
#2914 = VECTOR('',#2915,1.);
#2915 = DIRECTION('',(0.,1.));
#2916 = ( GEOMETRIC_REPRESENTATION_CONTEXT(2) 
PARAMETRIC_REPRESENTATION_CONTEXT() REPRESENTATION_CONTEXT('2D SPACE',''
  ) );
#2917 = PCURVE('',#2877,#2918);
#2918 = DEFINITIONAL_REPRESENTATION('',(#2919),#2923);
#2919 = LINE('',#2920,#2921);
#2920 = CARTESIAN_POINT('',(0.,-0.));
#2921 = VECTOR('',#2922,1.);
#2922 = DIRECTION('',(0.,1.));
#2923 = ( GEOMETRIC_REPRESENTATION_CONTEXT(2) 
PARAMETRIC_REPRESENTATION_CONTEXT() REPRESENTATION_CONTEXT('2D SPACE',''
  ) );
#2924 = ORIENTED_EDGE('',*,*,#2925,.T.);
#2925 = EDGE_CURVE('',#2902,#2902,#2926,.T.);
#2926 = SURFACE_CURVE('',#2927,(#2932,#2939),.PCURVE_S1.);
#2927 = CIRCLE('',#2928,12.5);
#2928 = AXIS2_PLACEMENT_3D('',#2929,#2930,#2931);
#2929 = CARTESIAN_POINT('',(103.14661005817,-12.89238271422,
    56.485219341633));
#2930 = DIRECTION('',(0.,-0.974927912182,-0.222520933956));
#2931 = DIRECTION('',(1.,0.,0.));
#2932 = PCURVE('',#2877,#2933);
#2933 = DEFINITIONAL_REPRESENTATION('',(#2934),#2938);
#2934 = LINE('',#2935,#2936);
#2935 = CARTESIAN_POINT('',(0.,0.));
#2936 = VECTOR('',#2937,1.);
#2937 = DIRECTION('',(1.,0.));
#2938 = ( GEOMETRIC_REPRESENTATION_CONTEXT(2) 
PARAMETRIC_REPRESENTATION_CONTEXT() REPRESENTATION_CONTEXT('2D SPACE',''
  ) );
#2939 = PCURVE('',#2940,#2945);
#2940 = PLANE('',#2941);
#2941 = AXIS2_PLACEMENT_3D('',#2942,#2943,#2944);
#2942 = CARTESIAN_POINT('',(103.14661005817,-12.89238271422,
    56.485219341633));
#2943 = DIRECTION('',(0.,-0.974927912182,-0.222520933956));
#2944 = DIRECTION('',(1.,0.,0.));
#2945 = DEFINITIONAL_REPRESENTATION('',(#2946),#2950);
#2946 = CIRCLE('',#2947,12.5);
#2947 = AXIS2_PLACEMENT_2D('',#2948,#2949);
#2948 = CARTESIAN_POINT('',(0.,0.));
#2949 = DIRECTION('',(1.,0.));
#2950 = ( GEOMETRIC_REPRESENTATION_CONTEXT(2) 
PARAMETRIC_REPRESENTATION_CONTEXT() REPRESENTATION_CONTEXT('2D SPACE',''
  ) );
#2951 = ORIENTED_EDGE('',*,*,#2901,.T.);
#2952 = ADVANCED_FACE('',(#2953,#2984),#2889,.F.);
#2953 = FACE_BOUND('',#2954,.F.);
#2954 = EDGE_LOOP('',(#2955));
#2955 = ORIENTED_EDGE('',*,*,#2956,.T.);
#2956 = EDGE_CURVE('',#2957,#2957,#2959,.T.);
#2957 = VERTEX_POINT('',#2958);
#2958 = CARTESIAN_POINT('',(106.24661005817,-12.89238271422,
    56.485219341633));
#2959 = SURFACE_CURVE('',#2960,(#2965,#2972),.PCURVE_S1.);
#2960 = CIRCLE('',#2961,3.1);
#2961 = AXIS2_PLACEMENT_3D('',#2962,#2963,#2964);
#2962 = CARTESIAN_POINT('',(103.14661005817,-12.89238271422,
    56.485219341633));
#2963 = DIRECTION('',(0.,-0.974927912182,-0.222520933956));
#2964 = DIRECTION('',(1.,0.,0.));
#2965 = PCURVE('',#2889,#2966);
#2966 = DEFINITIONAL_REPRESENTATION('',(#2967),#2971);
#2967 = CIRCLE('',#2968,3.1);
#2968 = AXIS2_PLACEMENT_2D('',#2969,#2970);
#2969 = CARTESIAN_POINT('',(0.,0.));
#2970 = DIRECTION('',(1.,0.));
#2971 = ( GEOMETRIC_REPRESENTATION_CONTEXT(2) 
PARAMETRIC_REPRESENTATION_CONTEXT() REPRESENTATION_CONTEXT('2D SPACE',''
  ) );
#2972 = PCURVE('',#2973,#2978);
#2973 = TOROIDAL_SURFACE('',#2974,7.5,4.4);
#2974 = AXIS2_PLACEMENT_3D('',#2975,#2976,#2977);
#2975 = CARTESIAN_POINT('',(103.14661005817,-12.89238271422,
    56.485219341633));
#2976 = DIRECTION('',(0.,-0.974927912182,-0.222520933956));
#2977 = DIRECTION('',(1.,0.,0.));
#2978 = DEFINITIONAL_REPRESENTATION('',(#2979),#2983);
#2979 = LINE('',#2980,#2981);
#2980 = CARTESIAN_POINT('',(0.,3.14159265359));
#2981 = VECTOR('',#2982,1.);
#2982 = DIRECTION('',(1.,0.));
#2983 = ( GEOMETRIC_REPRESENTATION_CONTEXT(2) 
PARAMETRIC_REPRESENTATION_CONTEXT() REPRESENTATION_CONTEXT('2D SPACE',''
  ) );
#2984 = FACE_BOUND('',#2985,.F.);
#2985 = EDGE_LOOP('',(#2986));
#2986 = ORIENTED_EDGE('',*,*,#2867,.F.);
#2987 = ADVANCED_FACE('',(#2988,#2991),#2940,.F.);
#2988 = FACE_BOUND('',#2989,.F.);
#2989 = EDGE_LOOP('',(#2990));
#2990 = ORIENTED_EDGE('',*,*,#2925,.T.);
#2991 = FACE_BOUND('',#2992,.F.);
#2992 = EDGE_LOOP('',(#2993));
#2993 = ORIENTED_EDGE('',*,*,#2994,.F.);
#2994 = EDGE_CURVE('',#2995,#2995,#2997,.T.);
#2995 = VERTEX_POINT('',#2996);
#2996 = CARTESIAN_POINT('',(115.04661005817,-12.89238271422,
    56.485219341633));
#2997 = SURFACE_CURVE('',#2998,(#3003,#3010),.PCURVE_S1.);
#2998 = CIRCLE('',#2999,11.9);
#2999 = AXIS2_PLACEMENT_3D('',#3000,#3001,#3002);
#3000 = CARTESIAN_POINT('',(103.14661005817,-12.89238271422,
    56.485219341633));
#3001 = DIRECTION('',(0.,-0.974927912182,-0.222520933956));
#3002 = DIRECTION('',(1.,0.,0.));
#3003 = PCURVE('',#2940,#3004);
#3004 = DEFINITIONAL_REPRESENTATION('',(#3005),#3009);
#3005 = CIRCLE('',#3006,11.9);
#3006 = AXIS2_PLACEMENT_2D('',#3007,#3008);
#3007 = CARTESIAN_POINT('',(0.,0.));
#3008 = DIRECTION('',(1.,0.));
#3009 = ( GEOMETRIC_REPRESENTATION_CONTEXT(2) 
PARAMETRIC_REPRESENTATION_CONTEXT() REPRESENTATION_CONTEXT('2D SPACE',''
  ) );
#3010 = PCURVE('',#2973,#3011);
#3011 = DEFINITIONAL_REPRESENTATION('',(#3012),#3016);
#3012 = LINE('',#3013,#3014);
#3013 = CARTESIAN_POINT('',(0.,0.));
#3014 = VECTOR('',#3015,1.);
#3015 = DIRECTION('',(1.,0.));
#3016 = ( GEOMETRIC_REPRESENTATION_CONTEXT(2) 
PARAMETRIC_REPRESENTATION_CONTEXT() REPRESENTATION_CONTEXT('2D SPACE',''
  ) );
#3017 = ADVANCED_FACE('',(#3018),#2973,.F.);
#3018 = FACE_BOUND('',#3019,.F.);
#3019 = EDGE_LOOP('',(#3020,#3021,#3043,#3044));
#3020 = ORIENTED_EDGE('',*,*,#2956,.F.);
#3021 = ORIENTED_EDGE('',*,*,#3022,.F.);
#3022 = EDGE_CURVE('',#2995,#2957,#3023,.T.);
#3023 = SEAM_CURVE('',#3024,(#3029,#3036),.PCURVE_S1.);
#3024 = CIRCLE('',#3025,4.4);
#3025 = AXIS2_PLACEMENT_3D('',#3026,#3027,#3028);
#3026 = CARTESIAN_POINT('',(110.64661005817,-12.89238271422,
    56.485219341633));
#3027 = DIRECTION('',(-2.449293598295E-16,0.222520933956,-0.974927912182
    ));
#3028 = DIRECTION('',(1.,5.450190990258E-17,-2.387884694106E-16));
#3029 = PCURVE('',#2973,#3030);
#3030 = DEFINITIONAL_REPRESENTATION('',(#3031),#3035);
#3031 = LINE('',#3032,#3033);
#3032 = CARTESIAN_POINT('',(6.28318530718,-0.));
#3033 = VECTOR('',#3034,1.);
#3034 = DIRECTION('',(0.,1.));
#3035 = ( GEOMETRIC_REPRESENTATION_CONTEXT(2) 
PARAMETRIC_REPRESENTATION_CONTEXT() REPRESENTATION_CONTEXT('2D SPACE',''
  ) );
#3036 = PCURVE('',#2973,#3037);
#3037 = DEFINITIONAL_REPRESENTATION('',(#3038),#3042);
#3038 = LINE('',#3039,#3040);
#3039 = CARTESIAN_POINT('',(0.,-0.));
#3040 = VECTOR('',#3041,1.);
#3041 = DIRECTION('',(0.,1.));
#3042 = ( GEOMETRIC_REPRESENTATION_CONTEXT(2) 
PARAMETRIC_REPRESENTATION_CONTEXT() REPRESENTATION_CONTEXT('2D SPACE',''
  ) );
#3043 = ORIENTED_EDGE('',*,*,#2994,.T.);
#3044 = ORIENTED_EDGE('',*,*,#3022,.T.);
#3045 = ( GEOMETRIC_REPRESENTATION_CONTEXT(3) 
GLOBAL_UNCERTAINTY_ASSIGNED_CONTEXT((#3049)) 
GLOBAL_UNIT_ASSIGNED_CONTEXT((#3046,#3047,#3048)) REPRESENTATION_CONTEXT
('Context #1','3D Context with UNIT and UNCERTAINTY') );
#3046 = ( LENGTH_UNIT() NAMED_UNIT(*) SI_UNIT(.MILLI.,.METRE.) );
#3047 = ( NAMED_UNIT(*) PLANE_ANGLE_UNIT() SI_UNIT($,.RADIAN.) );
#3048 = ( NAMED_UNIT(*) SI_UNIT($,.STERADIAN.) SOLID_ANGLE_UNIT() );
#3049 = UNCERTAINTY_MEASURE_WITH_UNIT(LENGTH_MEASURE(1.E-07),#3046,
  'distance_accuracy_value','confusion accuracy');
#3050 = CONTEXT_DEPENDENT_SHAPE_REPRESENTATION(#3051,#3053);
#3051 = ( REPRESENTATION_RELATIONSHIP('','',#2860,#2628) 
REPRESENTATION_RELATIONSHIP_WITH_TRANSFORMATION(#3052) 
SHAPE_REPRESENTATION_RELATIONSHIP() );
#3052 = ITEM_DEFINED_TRANSFORMATION('','',#11,#2633);
#3053 = PRODUCT_DEFINITION_SHAPE('Placement','Placement of an item',
  #3054);
#3054 = NEXT_ASSEMBLY_USAGE_OCCURRENCE('81','','',#2623,#2855,$);
#3055 = PRODUCT_RELATED_PRODUCT_CATEGORY('part',$,(#2857));
#3056 = SHAPE_DEFINITION_REPRESENTATION(#3057,#3063);
#3057 = PRODUCT_DEFINITION_SHAPE('','',#3058);
#3058 = PRODUCT_DEFINITION('design','',#3059,#3062);
#3059 = PRODUCT_DEFINITION_FORMATION('','',#3060);
#3060 = PRODUCT('Open CASCADE STEP translator 7.9 14.5.3',
  'Open CASCADE STEP translator 7.9 14.5.3','',(#3061));
#3061 = PRODUCT_CONTEXT('',#2,'mechanical');
#3062 = PRODUCT_DEFINITION_CONTEXT('part definition',#2,'design');
#3063 = ADVANCED_BREP_SHAPE_REPRESENTATION('',(#11,#3064),#3246);
#3064 = MANIFOLD_SOLID_BREP('',#3065);
#3065 = CLOSED_SHELL('',(#3066,#3134,#3189,#3219));
#3066 = ADVANCED_FACE('',(#3067,#3103),#3080,.F.);
#3067 = FACE_BOUND('',#3068,.T.);
#3068 = EDGE_LOOP('',(#3069));
#3069 = ORIENTED_EDGE('',*,*,#3070,.T.);
#3070 = EDGE_CURVE('',#3071,#3071,#3073,.T.);
#3071 = VERTEX_POINT('',#3072);
#3072 = CARTESIAN_POINT('',(88.616775694169,-12.20256781896,
    53.46294281387));
#3073 = SURFACE_CURVE('',#3074,(#3079,#3091),.PCURVE_S1.);
#3074 = CIRCLE('',#3075,4.4);
#3075 = AXIS2_PLACEMENT_3D('',#3076,#3077,#3078);
#3076 = CARTESIAN_POINT('',(88.616775694169,-11.22347570955,
    49.17326000027));
#3077 = DIRECTION('',(1.,0.,0.));
#3078 = DIRECTION('',(0.,-0.222520933956,0.974927912182));
#3079 = PCURVE('',#3080,#3085);
#3080 = PLANE('',#3081);
#3081 = AXIS2_PLACEMENT_3D('',#3082,#3083,#3084);
#3082 = CARTESIAN_POINT('',(88.616775694169,-11.22347570955,
    49.17326000027));
#3083 = DIRECTION('',(1.,0.,0.));
#3084 = DIRECTION('',(-0.,-0.222520933956,0.974927912182));
#3085 = DEFINITIONAL_REPRESENTATION('',(#3086),#3090);
#3086 = CIRCLE('',#3087,4.4);
#3087 = AXIS2_PLACEMENT_2D('',#3088,#3089);
#3088 = CARTESIAN_POINT('',(0.,0.));
#3089 = DIRECTION('',(1.,-0.));
#3090 = ( GEOMETRIC_REPRESENTATION_CONTEXT(2) 
PARAMETRIC_REPRESENTATION_CONTEXT() REPRESENTATION_CONTEXT('2D SPACE',''
  ) );
#3091 = PCURVE('',#3092,#3097);
#3092 = CYLINDRICAL_SURFACE('',#3093,4.4);
#3093 = AXIS2_PLACEMENT_3D('',#3094,#3095,#3096);
#3094 = CARTESIAN_POINT('',(103.14661005817,-11.22347570955,
    49.17326000027));
#3095 = DIRECTION('',(-1.,0.,0.));
#3096 = DIRECTION('',(0.,-0.222520933956,0.974927912182));
#3097 = DEFINITIONAL_REPRESENTATION('',(#3098),#3102);
#3098 = LINE('',#3099,#3100);
#3099 = CARTESIAN_POINT('',(-0.,14.52983436401));
#3100 = VECTOR('',#3101,1.);
#3101 = DIRECTION('',(-1.,0.));
#3102 = ( GEOMETRIC_REPRESENTATION_CONTEXT(2) 
PARAMETRIC_REPRESENTATION_CONTEXT() REPRESENTATION_CONTEXT('2D SPACE',''
  ) );
#3103 = FACE_BOUND('',#3104,.T.);
#3104 = EDGE_LOOP('',(#3105));
#3105 = ORIENTED_EDGE('',*,*,#3106,.F.);
#3106 = EDGE_CURVE('',#3107,#3107,#3109,.T.);
#3107 = VERTEX_POINT('',#3108);
#3108 = CARTESIAN_POINT('',(88.616775694169,-12.33608037933,
    54.047899561179));
#3109 = SURFACE_CURVE('',#3110,(#3115,#3122),.PCURVE_S1.);
#3110 = CIRCLE('',#3111,5.);
#3111 = AXIS2_PLACEMENT_3D('',#3112,#3113,#3114);
#3112 = CARTESIAN_POINT('',(88.616775694169,-11.22347570955,
    49.17326000027));
#3113 = DIRECTION('',(1.,0.,0.));
#3114 = DIRECTION('',(0.,-0.222520933956,0.974927912182));
#3115 = PCURVE('',#3080,#3116);
#3116 = DEFINITIONAL_REPRESENTATION('',(#3117),#3121);
#3117 = CIRCLE('',#3118,5.);
#3118 = AXIS2_PLACEMENT_2D('',#3119,#3120);
#3119 = CARTESIAN_POINT('',(0.,0.));
#3120 = DIRECTION('',(1.,-0.));
#3121 = ( GEOMETRIC_REPRESENTATION_CONTEXT(2) 
PARAMETRIC_REPRESENTATION_CONTEXT() REPRESENTATION_CONTEXT('2D SPACE',''
  ) );
#3122 = PCURVE('',#3123,#3128);
#3123 = CYLINDRICAL_SURFACE('',#3124,5.);
#3124 = AXIS2_PLACEMENT_3D('',#3125,#3126,#3127);
#3125 = CARTESIAN_POINT('',(88.616775694169,-11.22347570955,
    49.17326000027));
#3126 = DIRECTION('',(1.,0.,0.));
#3127 = DIRECTION('',(0.,-0.222520933956,0.974927912182));
#3128 = DEFINITIONAL_REPRESENTATION('',(#3129),#3133);
#3129 = LINE('',#3130,#3131);
#3130 = CARTESIAN_POINT('',(0.,0.));
#3131 = VECTOR('',#3132,1.);
#3132 = DIRECTION('',(1.,0.));
#3133 = ( GEOMETRIC_REPRESENTATION_CONTEXT(2) 
PARAMETRIC_REPRESENTATION_CONTEXT() REPRESENTATION_CONTEXT('2D SPACE',''
  ) );
#3134 = ADVANCED_FACE('',(#3135),#3123,.T.);
#3135 = FACE_BOUND('',#3136,.T.);
#3136 = EDGE_LOOP('',(#3137,#3138,#3161,#3188));
#3137 = ORIENTED_EDGE('',*,*,#3106,.T.);
#3138 = ORIENTED_EDGE('',*,*,#3139,.T.);
#3139 = EDGE_CURVE('',#3107,#3140,#3142,.T.);
#3140 = VERTEX_POINT('',#3141);
#3141 = CARTESIAN_POINT('',(103.14661005817,-12.33608037933,
    54.047899561179));
#3142 = SEAM_CURVE('',#3143,(#3147,#3154),.PCURVE_S1.);
#3143 = LINE('',#3144,#3145);
#3144 = CARTESIAN_POINT('',(88.616775694169,-12.33608037933,
    54.047899561179));
#3145 = VECTOR('',#3146,1.);
#3146 = DIRECTION('',(1.,0.,0.));
#3147 = PCURVE('',#3123,#3148);
#3148 = DEFINITIONAL_REPRESENTATION('',(#3149),#3153);
#3149 = LINE('',#3150,#3151);
#3150 = CARTESIAN_POINT('',(0.,0.));
#3151 = VECTOR('',#3152,1.);
#3152 = DIRECTION('',(0.,1.));
#3153 = ( GEOMETRIC_REPRESENTATION_CONTEXT(2) 
PARAMETRIC_REPRESENTATION_CONTEXT() REPRESENTATION_CONTEXT('2D SPACE',''
  ) );
#3154 = PCURVE('',#3123,#3155);
#3155 = DEFINITIONAL_REPRESENTATION('',(#3156),#3160);
#3156 = LINE('',#3157,#3158);
#3157 = CARTESIAN_POINT('',(6.28318530718,0.));
#3158 = VECTOR('',#3159,1.);
#3159 = DIRECTION('',(0.,1.));
#3160 = ( GEOMETRIC_REPRESENTATION_CONTEXT(2) 
PARAMETRIC_REPRESENTATION_CONTEXT() REPRESENTATION_CONTEXT('2D SPACE',''
  ) );
#3161 = ORIENTED_EDGE('',*,*,#3162,.F.);
#3162 = EDGE_CURVE('',#3140,#3140,#3163,.T.);
#3163 = SURFACE_CURVE('',#3164,(#3169,#3176),.PCURVE_S1.);
#3164 = CIRCLE('',#3165,5.);
#3165 = AXIS2_PLACEMENT_3D('',#3166,#3167,#3168);
#3166 = CARTESIAN_POINT('',(103.14661005817,-11.22347570955,
    49.17326000027));
#3167 = DIRECTION('',(1.,0.,0.));
#3168 = DIRECTION('',(0.,-0.222520933956,0.974927912182));
#3169 = PCURVE('',#3123,#3170);
#3170 = DEFINITIONAL_REPRESENTATION('',(#3171),#3175);
#3171 = LINE('',#3172,#3173);
#3172 = CARTESIAN_POINT('',(0.,14.52983436401));
#3173 = VECTOR('',#3174,1.);
#3174 = DIRECTION('',(1.,0.));
#3175 = ( GEOMETRIC_REPRESENTATION_CONTEXT(2) 
PARAMETRIC_REPRESENTATION_CONTEXT() REPRESENTATION_CONTEXT('2D SPACE',''
  ) );
#3176 = PCURVE('',#3177,#3182);
#3177 = PLANE('',#3178);
#3178 = AXIS2_PLACEMENT_3D('',#3179,#3180,#3181);
#3179 = CARTESIAN_POINT('',(103.14661005817,-11.22347570955,
    49.17326000027));
#3180 = DIRECTION('',(1.,0.,0.));
#3181 = DIRECTION('',(0.,-0.222520933956,0.974927912182));
#3182 = DEFINITIONAL_REPRESENTATION('',(#3183),#3187);
#3183 = CIRCLE('',#3184,5.);
#3184 = AXIS2_PLACEMENT_2D('',#3185,#3186);
#3185 = CARTESIAN_POINT('',(0.,0.));
#3186 = DIRECTION('',(1.,0.));
#3187 = ( GEOMETRIC_REPRESENTATION_CONTEXT(2) 
PARAMETRIC_REPRESENTATION_CONTEXT() REPRESENTATION_CONTEXT('2D SPACE',''
  ) );
#3188 = ORIENTED_EDGE('',*,*,#3139,.F.);
#3189 = ADVANCED_FACE('',(#3190,#3193),#3177,.T.);
#3190 = FACE_BOUND('',#3191,.T.);
#3191 = EDGE_LOOP('',(#3192));
#3192 = ORIENTED_EDGE('',*,*,#3162,.T.);
#3193 = FACE_BOUND('',#3194,.T.);
#3194 = EDGE_LOOP('',(#3195));
#3195 = ORIENTED_EDGE('',*,*,#3196,.F.);
#3196 = EDGE_CURVE('',#3197,#3197,#3199,.T.);
#3197 = VERTEX_POINT('',#3198);
#3198 = CARTESIAN_POINT('',(103.14661005817,-12.20256781896,
    53.46294281387));
#3199 = SURFACE_CURVE('',#3200,(#3205,#3212),.PCURVE_S1.);
#3200 = CIRCLE('',#3201,4.4);
#3201 = AXIS2_PLACEMENT_3D('',#3202,#3203,#3204);
#3202 = CARTESIAN_POINT('',(103.14661005817,-11.22347570955,
    49.17326000027));
#3203 = DIRECTION('',(1.,0.,0.));
#3204 = DIRECTION('',(0.,-0.222520933956,0.974927912182));
#3205 = PCURVE('',#3177,#3206);
#3206 = DEFINITIONAL_REPRESENTATION('',(#3207),#3211);
#3207 = CIRCLE('',#3208,4.4);
#3208 = AXIS2_PLACEMENT_2D('',#3209,#3210);
#3209 = CARTESIAN_POINT('',(0.,0.));
#3210 = DIRECTION('',(1.,0.));
#3211 = ( GEOMETRIC_REPRESENTATION_CONTEXT(2) 
PARAMETRIC_REPRESENTATION_CONTEXT() REPRESENTATION_CONTEXT('2D SPACE',''
  ) );
#3212 = PCURVE('',#3092,#3213);
#3213 = DEFINITIONAL_REPRESENTATION('',(#3214),#3218);
#3214 = LINE('',#3215,#3216);
#3215 = CARTESIAN_POINT('',(-0.,0.));
#3216 = VECTOR('',#3217,1.);
#3217 = DIRECTION('',(-1.,0.));
#3218 = ( GEOMETRIC_REPRESENTATION_CONTEXT(2) 
PARAMETRIC_REPRESENTATION_CONTEXT() REPRESENTATION_CONTEXT('2D SPACE',''
  ) );
#3219 = ADVANCED_FACE('',(#3220),#3092,.F.);
#3220 = FACE_BOUND('',#3221,.T.);
#3221 = EDGE_LOOP('',(#3222,#3223,#3244,#3245));
#3222 = ORIENTED_EDGE('',*,*,#3196,.T.);
#3223 = ORIENTED_EDGE('',*,*,#3224,.T.);
#3224 = EDGE_CURVE('',#3197,#3071,#3225,.T.);
#3225 = SEAM_CURVE('',#3226,(#3230,#3237),.PCURVE_S1.);
#3226 = LINE('',#3227,#3228);
#3227 = CARTESIAN_POINT('',(103.14661005817,-12.20256781896,
    53.46294281387));
#3228 = VECTOR('',#3229,1.);
#3229 = DIRECTION('',(-1.,-0.,0.));
#3230 = PCURVE('',#3092,#3231);
#3231 = DEFINITIONAL_REPRESENTATION('',(#3232),#3236);
#3232 = LINE('',#3233,#3234);
#3233 = CARTESIAN_POINT('',(-0.,0.));
#3234 = VECTOR('',#3235,1.);
#3235 = DIRECTION('',(-0.,1.));
#3236 = ( GEOMETRIC_REPRESENTATION_CONTEXT(2) 
PARAMETRIC_REPRESENTATION_CONTEXT() REPRESENTATION_CONTEXT('2D SPACE',''
  ) );
#3237 = PCURVE('',#3092,#3238);
#3238 = DEFINITIONAL_REPRESENTATION('',(#3239),#3243);
#3239 = LINE('',#3240,#3241);
#3240 = CARTESIAN_POINT('',(-6.28318530718,0.));
#3241 = VECTOR('',#3242,1.);
#3242 = DIRECTION('',(-0.,1.));
#3243 = ( GEOMETRIC_REPRESENTATION_CONTEXT(2) 
PARAMETRIC_REPRESENTATION_CONTEXT() REPRESENTATION_CONTEXT('2D SPACE',''
  ) );
#3244 = ORIENTED_EDGE('',*,*,#3070,.F.);
#3245 = ORIENTED_EDGE('',*,*,#3224,.F.);
#3246 = ( GEOMETRIC_REPRESENTATION_CONTEXT(3) 
GLOBAL_UNCERTAINTY_ASSIGNED_CONTEXT((#3250)) 
GLOBAL_UNIT_ASSIGNED_CONTEXT((#3247,#3248,#3249)) REPRESENTATION_CONTEXT
('Context #1','3D Context with UNIT and UNCERTAINTY') );
#3247 = ( LENGTH_UNIT() NAMED_UNIT(*) SI_UNIT(.MILLI.,.METRE.) );
#3248 = ( NAMED_UNIT(*) PLANE_ANGLE_UNIT() SI_UNIT($,.RADIAN.) );
#3249 = ( NAMED_UNIT(*) SI_UNIT($,.STERADIAN.) SOLID_ANGLE_UNIT() );
#3250 = UNCERTAINTY_MEASURE_WITH_UNIT(LENGTH_MEASURE(1.E-07),#3247,
  'distance_accuracy_value','confusion accuracy');
#3251 = CONTEXT_DEPENDENT_SHAPE_REPRESENTATION(#3252,#3254);
#3252 = ( REPRESENTATION_RELATIONSHIP('','',#3063,#2628) 
REPRESENTATION_RELATIONSHIP_WITH_TRANSFORMATION(#3253) 
SHAPE_REPRESENTATION_RELATIONSHIP() );
#3253 = ITEM_DEFINED_TRANSFORMATION('','',#11,#2637);
#3254 = PRODUCT_DEFINITION_SHAPE('Placement','Placement of an item',
  #3255);
#3255 = NEXT_ASSEMBLY_USAGE_OCCURRENCE('82','','',#2623,#3058,$);
#3256 = PRODUCT_RELATED_PRODUCT_CATEGORY('part',$,(#3060));
#3257 = SHAPE_DEFINITION_REPRESENTATION(#3258,#3264);
#3258 = PRODUCT_DEFINITION_SHAPE('','',#3259);
#3259 = PRODUCT_DEFINITION('design','',#3260,#3263);
#3260 = PRODUCT_DEFINITION_FORMATION('','',#3261);
#3261 = PRODUCT('Open CASCADE STEP translator 7.9 14.6',
  'Open CASCADE STEP translator 7.9 14.6','',(#3262));
#3262 = PRODUCT_CONTEXT('',#2,'mechanical');
#3263 = PRODUCT_DEFINITION_CONTEXT('part definition',#2,'design');
#3264 = SHAPE_REPRESENTATION('',(#11,#3265,#3269,#3273),#3277);
#3265 = AXIS2_PLACEMENT_3D('',#3266,#3267,#3268);
#3266 = CARTESIAN_POINT('',(0.,0.,0.));
#3267 = DIRECTION('',(0.,0.,1.));
#3268 = DIRECTION('',(1.,0.,-0.));
#3269 = AXIS2_PLACEMENT_3D('',#3270,#3271,#3272);
#3270 = CARTESIAN_POINT('',(0.,0.,0.));
#3271 = DIRECTION('',(0.,0.,1.));
#3272 = DIRECTION('',(1.,0.,-0.));
#3273 = AXIS2_PLACEMENT_3D('',#3274,#3275,#3276);
#3274 = CARTESIAN_POINT('',(0.,0.,0.));
#3275 = DIRECTION('',(0.,0.,1.));
#3276 = DIRECTION('',(1.,0.,-0.));
#3277 = ( GEOMETRIC_REPRESENTATION_CONTEXT(3) 
GLOBAL_UNCERTAINTY_ASSIGNED_CONTEXT((#3281)) 
GLOBAL_UNIT_ASSIGNED_CONTEXT((#3278,#3279,#3280)) REPRESENTATION_CONTEXT
('Context #1','3D Context with UNIT and UNCERTAINTY') );
#3278 = ( LENGTH_UNIT() NAMED_UNIT(*) SI_UNIT(.MILLI.,.METRE.) );
#3279 = ( NAMED_UNIT(*) PLANE_ANGLE_UNIT() SI_UNIT($,.RADIAN.) );
#3280 = ( NAMED_UNIT(*) SI_UNIT($,.STERADIAN.) SOLID_ANGLE_UNIT() );
#3281 = UNCERTAINTY_MEASURE_WITH_UNIT(LENGTH_MEASURE(1.E-07),#3278,
  'distance_accuracy_value','confusion accuracy');
#3282 = CONTEXT_DEPENDENT_SHAPE_REPRESENTATION(#3283,#3285);
#3283 = ( REPRESENTATION_RELATIONSHIP('','',#3264,#10) 
REPRESENTATION_RELATIONSHIP_WITH_TRANSFORMATION(#3284) 
SHAPE_REPRESENTATION_RELATIONSHIP() );
#3284 = ITEM_DEFINED_TRANSFORMATION('','',#11,#35);
#3285 = PRODUCT_DEFINITION_SHAPE('Placement','Placement of an item',
  #3286);
#3286 = NEXT_ASSEMBLY_USAGE_OCCURRENCE('87','','',#5,#3259,$);
#3287 = PRODUCT_RELATED_PRODUCT_CATEGORY('part',$,(#3261));
#3288 = SHAPE_DEFINITION_REPRESENTATION(#3289,#3295);
#3289 = PRODUCT_DEFINITION_SHAPE('','',#3290);
#3290 = PRODUCT_DEFINITION('design','',#3291,#3294);
#3291 = PRODUCT_DEFINITION_FORMATION('','',#3292);
#3292 = PRODUCT('Open CASCADE STEP translator 7.9 14.6.1',
  'Open CASCADE STEP translator 7.9 14.6.1','',(#3293));
#3293 = PRODUCT_CONTEXT('',#2,'mechanical');
#3294 = PRODUCT_DEFINITION_CONTEXT('part definition',#2,'design');
#3295 = ADVANCED_BREP_SHAPE_REPRESENTATION('',(#11,#3296),#3478);
#3296 = MANIFOLD_SOLID_BREP('',#3297);
#3297 = CLOSED_SHELL('',(#3298,#3366,#3421,#3451));
#3298 = ADVANCED_FACE('',(#3299,#3335),#3312,.F.);
#3299 = FACE_BOUND('',#3300,.T.);
#3300 = EDGE_LOOP('',(#3301));
#3301 = ORIENTED_EDGE('',*,*,#3302,.T.);
#3302 = EDGE_CURVE('',#3303,#3303,#3305,.T.);
#3303 = VERTEX_POINT('',#3304);
#3304 = CARTESIAN_POINT('',(53.63279758958,-43.54318227354,
    54.601423546639));
#3305 = SURFACE_CURVE('',#3306,(#3311,#3323),.PCURVE_S1.);
#3306 = CIRCLE('',#3307,4.4);
#3307 = AXIS2_PLACEMENT_3D('',#3308,#3309,#3310);
#3308 = CARTESIAN_POINT('',(53.63279758958,-40.79982714536,
    51.161365023779));
#3309 = DIRECTION('',(1.,0.,0.));
#3310 = DIRECTION('',(0.,-0.623489801859,0.781831482468));
#3311 = PCURVE('',#3312,#3317);
#3312 = PLANE('',#3313);
#3313 = AXIS2_PLACEMENT_3D('',#3314,#3315,#3316);
#3314 = CARTESIAN_POINT('',(53.63279758958,-40.79982714536,
    51.161365023779));
#3315 = DIRECTION('',(1.,0.,0.));
#3316 = DIRECTION('',(-0.,-0.623489801859,0.781831482468));
#3317 = DEFINITIONAL_REPRESENTATION('',(#3318),#3322);
#3318 = CIRCLE('',#3319,4.4);
#3319 = AXIS2_PLACEMENT_2D('',#3320,#3321);
#3320 = CARTESIAN_POINT('',(0.,0.));
#3321 = DIRECTION('',(1.,-0.));
#3322 = ( GEOMETRIC_REPRESENTATION_CONTEXT(2) 
PARAMETRIC_REPRESENTATION_CONTEXT() REPRESENTATION_CONTEXT('2D SPACE',''
  ) );
#3323 = PCURVE('',#3324,#3329);
#3324 = CYLINDRICAL_SURFACE('',#3325,4.4);
#3325 = AXIS2_PLACEMENT_3D('',#3326,#3327,#3328);
#3326 = CARTESIAN_POINT('',(103.14661005817,-40.79982714536,
    51.161365023779));
#3327 = DIRECTION('',(-1.,0.,0.));
#3328 = DIRECTION('',(0.,-0.623489801859,0.781831482468));
#3329 = DEFINITIONAL_REPRESENTATION('',(#3330),#3334);
#3330 = LINE('',#3331,#3332);
#3331 = CARTESIAN_POINT('',(-0.,49.513812468599));
#3332 = VECTOR('',#3333,1.);
#3333 = DIRECTION('',(-1.,0.));
#3334 = ( GEOMETRIC_REPRESENTATION_CONTEXT(2) 
PARAMETRIC_REPRESENTATION_CONTEXT() REPRESENTATION_CONTEXT('2D SPACE',''
  ) );
#3335 = FACE_BOUND('',#3336,.T.);
#3336 = EDGE_LOOP('',(#3337));
#3337 = ORIENTED_EDGE('',*,*,#3338,.F.);
#3338 = EDGE_CURVE('',#3339,#3339,#3341,.T.);
#3339 = VERTEX_POINT('',#3340);
#3340 = CARTESIAN_POINT('',(53.63279758958,-43.91727615465,
    55.070522436119));
#3341 = SURFACE_CURVE('',#3342,(#3347,#3354),.PCURVE_S1.);
#3342 = CIRCLE('',#3343,5.);
#3343 = AXIS2_PLACEMENT_3D('',#3344,#3345,#3346);
#3344 = CARTESIAN_POINT('',(53.63279758958,-40.79982714536,
    51.161365023779));
#3345 = DIRECTION('',(1.,0.,0.));
#3346 = DIRECTION('',(0.,-0.623489801859,0.781831482468));
#3347 = PCURVE('',#3312,#3348);
#3348 = DEFINITIONAL_REPRESENTATION('',(#3349),#3353);
#3349 = CIRCLE('',#3350,5.);
#3350 = AXIS2_PLACEMENT_2D('',#3351,#3352);
#3351 = CARTESIAN_POINT('',(0.,0.));
#3352 = DIRECTION('',(1.,-0.));
#3353 = ( GEOMETRIC_REPRESENTATION_CONTEXT(2) 
PARAMETRIC_REPRESENTATION_CONTEXT() REPRESENTATION_CONTEXT('2D SPACE',''
  ) );
#3354 = PCURVE('',#3355,#3360);
#3355 = CYLINDRICAL_SURFACE('',#3356,5.);
#3356 = AXIS2_PLACEMENT_3D('',#3357,#3358,#3359);
#3357 = CARTESIAN_POINT('',(53.63279758958,-40.79982714536,
    51.161365023779));
#3358 = DIRECTION('',(1.,0.,0.));
#3359 = DIRECTION('',(0.,-0.623489801859,0.781831482468));
#3360 = DEFINITIONAL_REPRESENTATION('',(#3361),#3365);
#3361 = LINE('',#3362,#3363);
#3362 = CARTESIAN_POINT('',(0.,0.));
#3363 = VECTOR('',#3364,1.);
#3364 = DIRECTION('',(1.,0.));
#3365 = ( GEOMETRIC_REPRESENTATION_CONTEXT(2) 
PARAMETRIC_REPRESENTATION_CONTEXT() REPRESENTATION_CONTEXT('2D SPACE',''
  ) );
#3366 = ADVANCED_FACE('',(#3367),#3355,.T.);
#3367 = FACE_BOUND('',#3368,.T.);
#3368 = EDGE_LOOP('',(#3369,#3370,#3393,#3420));
#3369 = ORIENTED_EDGE('',*,*,#3338,.T.);
#3370 = ORIENTED_EDGE('',*,*,#3371,.T.);
#3371 = EDGE_CURVE('',#3339,#3372,#3374,.T.);
#3372 = VERTEX_POINT('',#3373);
#3373 = CARTESIAN_POINT('',(103.14661005817,-43.91727615465,
    55.070522436119));
#3374 = SEAM_CURVE('',#3375,(#3379,#3386),.PCURVE_S1.);
#3375 = LINE('',#3376,#3377);
#3376 = CARTESIAN_POINT('',(53.63279758958,-43.91727615465,
    55.070522436119));
#3377 = VECTOR('',#3378,1.);
#3378 = DIRECTION('',(1.,0.,0.));
#3379 = PCURVE('',#3355,#3380);
#3380 = DEFINITIONAL_REPRESENTATION('',(#3381),#3385);
#3381 = LINE('',#3382,#3383);
#3382 = CARTESIAN_POINT('',(0.,0.));
#3383 = VECTOR('',#3384,1.);
#3384 = DIRECTION('',(0.,1.));
#3385 = ( GEOMETRIC_REPRESENTATION_CONTEXT(2) 
PARAMETRIC_REPRESENTATION_CONTEXT() REPRESENTATION_CONTEXT('2D SPACE',''
  ) );
#3386 = PCURVE('',#3355,#3387);
#3387 = DEFINITIONAL_REPRESENTATION('',(#3388),#3392);
#3388 = LINE('',#3389,#3390);
#3389 = CARTESIAN_POINT('',(6.28318530718,0.));
#3390 = VECTOR('',#3391,1.);
#3391 = DIRECTION('',(0.,1.));
#3392 = ( GEOMETRIC_REPRESENTATION_CONTEXT(2) 
PARAMETRIC_REPRESENTATION_CONTEXT() REPRESENTATION_CONTEXT('2D SPACE',''
  ) );
#3393 = ORIENTED_EDGE('',*,*,#3394,.F.);
#3394 = EDGE_CURVE('',#3372,#3372,#3395,.T.);
#3395 = SURFACE_CURVE('',#3396,(#3401,#3408),.PCURVE_S1.);
#3396 = CIRCLE('',#3397,5.);
#3397 = AXIS2_PLACEMENT_3D('',#3398,#3399,#3400);
#3398 = CARTESIAN_POINT('',(103.14661005817,-40.79982714536,
    51.161365023779));
#3399 = DIRECTION('',(1.,0.,0.));
#3400 = DIRECTION('',(0.,-0.623489801859,0.781831482468));
#3401 = PCURVE('',#3355,#3402);
#3402 = DEFINITIONAL_REPRESENTATION('',(#3403),#3407);
#3403 = LINE('',#3404,#3405);
#3404 = CARTESIAN_POINT('',(0.,49.513812468599));
#3405 = VECTOR('',#3406,1.);
#3406 = DIRECTION('',(1.,0.));
#3407 = ( GEOMETRIC_REPRESENTATION_CONTEXT(2) 
PARAMETRIC_REPRESENTATION_CONTEXT() REPRESENTATION_CONTEXT('2D SPACE',''
  ) );
#3408 = PCURVE('',#3409,#3414);
#3409 = PLANE('',#3410);
#3410 = AXIS2_PLACEMENT_3D('',#3411,#3412,#3413);
#3411 = CARTESIAN_POINT('',(103.14661005817,-40.79982714536,
    51.161365023779));
#3412 = DIRECTION('',(1.,0.,0.));
#3413 = DIRECTION('',(0.,-0.623489801859,0.781831482468));
#3414 = DEFINITIONAL_REPRESENTATION('',(#3415),#3419);
#3415 = CIRCLE('',#3416,5.);
#3416 = AXIS2_PLACEMENT_2D('',#3417,#3418);
#3417 = CARTESIAN_POINT('',(0.,0.));
#3418 = DIRECTION('',(1.,0.));
#3419 = ( GEOMETRIC_REPRESENTATION_CONTEXT(2) 
PARAMETRIC_REPRESENTATION_CONTEXT() REPRESENTATION_CONTEXT('2D SPACE',''
  ) );
#3420 = ORIENTED_EDGE('',*,*,#3371,.F.);
#3421 = ADVANCED_FACE('',(#3422,#3425),#3409,.T.);
#3422 = FACE_BOUND('',#3423,.T.);
#3423 = EDGE_LOOP('',(#3424));
#3424 = ORIENTED_EDGE('',*,*,#3394,.T.);
#3425 = FACE_BOUND('',#3426,.T.);
#3426 = EDGE_LOOP('',(#3427));
#3427 = ORIENTED_EDGE('',*,*,#3428,.F.);
#3428 = EDGE_CURVE('',#3429,#3429,#3431,.T.);
#3429 = VERTEX_POINT('',#3430);
#3430 = CARTESIAN_POINT('',(103.14661005817,-43.54318227354,
    54.601423546639));
#3431 = SURFACE_CURVE('',#3432,(#3437,#3444),.PCURVE_S1.);
#3432 = CIRCLE('',#3433,4.4);
#3433 = AXIS2_PLACEMENT_3D('',#3434,#3435,#3436);
#3434 = CARTESIAN_POINT('',(103.14661005817,-40.79982714536,
    51.161365023779));
#3435 = DIRECTION('',(1.,0.,0.));
#3436 = DIRECTION('',(0.,-0.623489801859,0.781831482468));
#3437 = PCURVE('',#3409,#3438);
#3438 = DEFINITIONAL_REPRESENTATION('',(#3439),#3443);
#3439 = CIRCLE('',#3440,4.4);
#3440 = AXIS2_PLACEMENT_2D('',#3441,#3442);
#3441 = CARTESIAN_POINT('',(0.,0.));
#3442 = DIRECTION('',(1.,0.));
#3443 = ( GEOMETRIC_REPRESENTATION_CONTEXT(2) 
PARAMETRIC_REPRESENTATION_CONTEXT() REPRESENTATION_CONTEXT('2D SPACE',''
  ) );
#3444 = PCURVE('',#3324,#3445);
#3445 = DEFINITIONAL_REPRESENTATION('',(#3446),#3450);
#3446 = LINE('',#3447,#3448);
#3447 = CARTESIAN_POINT('',(-0.,0.));
#3448 = VECTOR('',#3449,1.);
#3449 = DIRECTION('',(-1.,0.));
#3450 = ( GEOMETRIC_REPRESENTATION_CONTEXT(2) 
PARAMETRIC_REPRESENTATION_CONTEXT() REPRESENTATION_CONTEXT('2D SPACE',''
  ) );
#3451 = ADVANCED_FACE('',(#3452),#3324,.F.);
#3452 = FACE_BOUND('',#3453,.T.);
#3453 = EDGE_LOOP('',(#3454,#3455,#3476,#3477));
#3454 = ORIENTED_EDGE('',*,*,#3428,.T.);
#3455 = ORIENTED_EDGE('',*,*,#3456,.T.);
#3456 = EDGE_CURVE('',#3429,#3303,#3457,.T.);
#3457 = SEAM_CURVE('',#3458,(#3462,#3469),.PCURVE_S1.);
#3458 = LINE('',#3459,#3460);
#3459 = CARTESIAN_POINT('',(103.14661005817,-43.54318227354,
    54.601423546639));
#3460 = VECTOR('',#3461,1.);
#3461 = DIRECTION('',(-1.,-0.,0.));
#3462 = PCURVE('',#3324,#3463);
#3463 = DEFINITIONAL_REPRESENTATION('',(#3464),#3468);
#3464 = LINE('',#3465,#3466);
#3465 = CARTESIAN_POINT('',(-0.,0.));
#3466 = VECTOR('',#3467,1.);
#3467 = DIRECTION('',(-0.,1.));
#3468 = ( GEOMETRIC_REPRESENTATION_CONTEXT(2) 
PARAMETRIC_REPRESENTATION_CONTEXT() REPRESENTATION_CONTEXT('2D SPACE',''
  ) );
#3469 = PCURVE('',#3324,#3470);
#3470 = DEFINITIONAL_REPRESENTATION('',(#3471),#3475);
#3471 = LINE('',#3472,#3473);
#3472 = CARTESIAN_POINT('',(-6.28318530718,0.));
#3473 = VECTOR('',#3474,1.);
#3474 = DIRECTION('',(-0.,1.));
#3475 = ( GEOMETRIC_REPRESENTATION_CONTEXT(2) 
PARAMETRIC_REPRESENTATION_CONTEXT() REPRESENTATION_CONTEXT('2D SPACE',''
  ) );
#3476 = ORIENTED_EDGE('',*,*,#3302,.F.);
#3477 = ORIENTED_EDGE('',*,*,#3456,.F.);
#3478 = ( GEOMETRIC_REPRESENTATION_CONTEXT(3) 
GLOBAL_UNCERTAINTY_ASSIGNED_CONTEXT((#3482)) 
GLOBAL_UNIT_ASSIGNED_CONTEXT((#3479,#3480,#3481)) REPRESENTATION_CONTEXT
('Context #1','3D Context with UNIT and UNCERTAINTY') );
#3479 = ( LENGTH_UNIT() NAMED_UNIT(*) SI_UNIT(.MILLI.,.METRE.) );
#3480 = ( NAMED_UNIT(*) PLANE_ANGLE_UNIT() SI_UNIT($,.RADIAN.) );
#3481 = ( NAMED_UNIT(*) SI_UNIT($,.STERADIAN.) SOLID_ANGLE_UNIT() );
#3482 = UNCERTAINTY_MEASURE_WITH_UNIT(LENGTH_MEASURE(1.E-07),#3479,
  'distance_accuracy_value','confusion accuracy');
#3483 = CONTEXT_DEPENDENT_SHAPE_REPRESENTATION(#3484,#3486);
#3484 = ( REPRESENTATION_RELATIONSHIP('','',#3295,#3264) 
REPRESENTATION_RELATIONSHIP_WITH_TRANSFORMATION(#3485) 
SHAPE_REPRESENTATION_RELATIONSHIP() );
#3485 = ITEM_DEFINED_TRANSFORMATION('','',#11,#3265);
#3486 = PRODUCT_DEFINITION_SHAPE('Placement','Placement of an item',
  #3487);
#3487 = NEXT_ASSEMBLY_USAGE_OCCURRENCE('84','','',#3259,#3290,$);
#3488 = PRODUCT_RELATED_PRODUCT_CATEGORY('part',$,(#3292));
#3489 = SHAPE_DEFINITION_REPRESENTATION(#3490,#3496);
#3490 = PRODUCT_DEFINITION_SHAPE('','',#3491);
#3491 = PRODUCT_DEFINITION('design','',#3492,#3495);
#3492 = PRODUCT_DEFINITION_FORMATION('','',#3493);
#3493 = PRODUCT('Open CASCADE STEP translator 7.9 14.6.2',
  'Open CASCADE STEP translator 7.9 14.6.2','',(#3494));
#3494 = PRODUCT_CONTEXT('',#2,'mechanical');
#3495 = PRODUCT_DEFINITION_CONTEXT('part definition',#2,'design');
#3496 = ADVANCED_BREP_SHAPE_REPRESENTATION('',(#11,#3497),#3681);
#3497 = MANIFOLD_SOLID_BREP('',#3498);
#3498 = CLOSED_SHELL('',(#3499,#3588,#3623,#3653));
#3499 = ADVANCED_FACE('',(#3500),#3513,.T.);
#3500 = FACE_BOUND('',#3501,.T.);
#3501 = EDGE_LOOP('',(#3502,#3536,#3560,#3587));
#3502 = ORIENTED_EDGE('',*,*,#3503,.F.);
#3503 = EDGE_CURVE('',#3504,#3504,#3506,.T.);
#3504 = VERTEX_POINT('',#3505);
#3505 = CARTESIAN_POINT('',(105.64661005817,-36.12365363142,
    45.297628905269));
#3506 = SURFACE_CURVE('',#3507,(#3512,#3524),.PCURVE_S1.);
#3507 = CIRCLE('',#3508,2.5);
#3508 = AXIS2_PLACEMENT_3D('',#3509,#3510,#3511);
#3509 = CARTESIAN_POINT('',(103.14661005817,-36.12365363142,
    45.297628905269));
#3510 = DIRECTION('',(0.,-0.781831482468,-0.623489801859));
#3511 = DIRECTION('',(1.,0.,0.));
#3512 = PCURVE('',#3513,#3518);
#3513 = TOROIDAL_SURFACE('',#3514,7.5,5.);
#3514 = AXIS2_PLACEMENT_3D('',#3515,#3516,#3517);
#3515 = CARTESIAN_POINT('',(103.14661005817,-36.12365363142,
    45.297628905269));
#3516 = DIRECTION('',(0.,-0.781831482468,-0.623489801859));
#3517 = DIRECTION('',(1.,0.,0.));
#3518 = DEFINITIONAL_REPRESENTATION('',(#3519),#3523);
#3519 = LINE('',#3520,#3521);
#3520 = CARTESIAN_POINT('',(0.,3.14159265359));
#3521 = VECTOR('',#3522,1.);
#3522 = DIRECTION('',(1.,0.));
#3523 = ( GEOMETRIC_REPRESENTATION_CONTEXT(2) 
PARAMETRIC_REPRESENTATION_CONTEXT() REPRESENTATION_CONTEXT('2D SPACE',''
  ) );
#3524 = PCURVE('',#3525,#3530);
#3525 = PLANE('',#3526);
#3526 = AXIS2_PLACEMENT_3D('',#3527,#3528,#3529);
#3527 = CARTESIAN_POINT('',(103.14661005817,-36.12365363142,
    45.297628905269));
#3528 = DIRECTION('',(0.,-0.781831482468,-0.623489801859));
#3529 = DIRECTION('',(1.,0.,0.));
#3530 = DEFINITIONAL_REPRESENTATION('',(#3531),#3535);
#3531 = CIRCLE('',#3532,2.5);
#3532 = AXIS2_PLACEMENT_2D('',#3533,#3534);
#3533 = CARTESIAN_POINT('',(0.,0.));
#3534 = DIRECTION('',(1.,0.));
#3535 = ( GEOMETRIC_REPRESENTATION_CONTEXT(2) 
PARAMETRIC_REPRESENTATION_CONTEXT() REPRESENTATION_CONTEXT('2D SPACE',''
  ) );
#3536 = ORIENTED_EDGE('',*,*,#3537,.F.);
#3537 = EDGE_CURVE('',#3538,#3504,#3540,.T.);
#3538 = VERTEX_POINT('',#3539);
#3539 = CARTESIAN_POINT('',(115.64661005817,-36.12365363142,
    45.297628905269));
#3540 = SEAM_CURVE('',#3541,(#3546,#3553),.PCURVE_S1.);
#3541 = CIRCLE('',#3542,5.);
#3542 = AXIS2_PLACEMENT_3D('',#3543,#3544,#3545);
#3543 = CARTESIAN_POINT('',(110.64661005817,-36.12365363142,
    45.297628905269));
#3544 = DIRECTION('',(-2.449293598295E-16,0.623489801859,-0.781831482468
    ));
#3545 = DIRECTION('',(1.,1.527109580295E-16,-1.914934844954E-16));
#3546 = PCURVE('',#3513,#3547);
#3547 = DEFINITIONAL_REPRESENTATION('',(#3548),#3552);
#3548 = LINE('',#3549,#3550);
#3549 = CARTESIAN_POINT('',(6.28318530718,-0.));
#3550 = VECTOR('',#3551,1.);
#3551 = DIRECTION('',(0.,1.));
#3552 = ( GEOMETRIC_REPRESENTATION_CONTEXT(2) 
PARAMETRIC_REPRESENTATION_CONTEXT() REPRESENTATION_CONTEXT('2D SPACE',''
  ) );
#3553 = PCURVE('',#3513,#3554);
#3554 = DEFINITIONAL_REPRESENTATION('',(#3555),#3559);
#3555 = LINE('',#3556,#3557);
#3556 = CARTESIAN_POINT('',(0.,-0.));
#3557 = VECTOR('',#3558,1.);
#3558 = DIRECTION('',(0.,1.));
#3559 = ( GEOMETRIC_REPRESENTATION_CONTEXT(2) 
PARAMETRIC_REPRESENTATION_CONTEXT() REPRESENTATION_CONTEXT('2D SPACE',''
  ) );
#3560 = ORIENTED_EDGE('',*,*,#3561,.T.);
#3561 = EDGE_CURVE('',#3538,#3538,#3562,.T.);
#3562 = SURFACE_CURVE('',#3563,(#3568,#3575),.PCURVE_S1.);
#3563 = CIRCLE('',#3564,12.5);
#3564 = AXIS2_PLACEMENT_3D('',#3565,#3566,#3567);
#3565 = CARTESIAN_POINT('',(103.14661005817,-36.12365363142,
    45.297628905269));
#3566 = DIRECTION('',(0.,-0.781831482468,-0.623489801859));
#3567 = DIRECTION('',(1.,0.,0.));
#3568 = PCURVE('',#3513,#3569);
#3569 = DEFINITIONAL_REPRESENTATION('',(#3570),#3574);
#3570 = LINE('',#3571,#3572);
#3571 = CARTESIAN_POINT('',(0.,0.));
#3572 = VECTOR('',#3573,1.);
#3573 = DIRECTION('',(1.,0.));
#3574 = ( GEOMETRIC_REPRESENTATION_CONTEXT(2) 
PARAMETRIC_REPRESENTATION_CONTEXT() REPRESENTATION_CONTEXT('2D SPACE',''
  ) );
#3575 = PCURVE('',#3576,#3581);
#3576 = PLANE('',#3577);
#3577 = AXIS2_PLACEMENT_3D('',#3578,#3579,#3580);
#3578 = CARTESIAN_POINT('',(103.14661005817,-36.12365363142,
    45.297628905269));
#3579 = DIRECTION('',(0.,-0.781831482468,-0.623489801859));
#3580 = DIRECTION('',(1.,0.,0.));
#3581 = DEFINITIONAL_REPRESENTATION('',(#3582),#3586);
#3582 = CIRCLE('',#3583,12.5);
#3583 = AXIS2_PLACEMENT_2D('',#3584,#3585);
#3584 = CARTESIAN_POINT('',(0.,0.));
#3585 = DIRECTION('',(1.,0.));
#3586 = ( GEOMETRIC_REPRESENTATION_CONTEXT(2) 
PARAMETRIC_REPRESENTATION_CONTEXT() REPRESENTATION_CONTEXT('2D SPACE',''
  ) );
#3587 = ORIENTED_EDGE('',*,*,#3537,.T.);
#3588 = ADVANCED_FACE('',(#3589,#3620),#3525,.F.);
#3589 = FACE_BOUND('',#3590,.F.);
#3590 = EDGE_LOOP('',(#3591));
#3591 = ORIENTED_EDGE('',*,*,#3592,.T.);
#3592 = EDGE_CURVE('',#3593,#3593,#3595,.T.);
#3593 = VERTEX_POINT('',#3594);
#3594 = CARTESIAN_POINT('',(106.24661005817,-36.12365363142,
    45.297628905269));
#3595 = SURFACE_CURVE('',#3596,(#3601,#3608),.PCURVE_S1.);
#3596 = CIRCLE('',#3597,3.1);
#3597 = AXIS2_PLACEMENT_3D('',#3598,#3599,#3600);
#3598 = CARTESIAN_POINT('',(103.14661005817,-36.12365363142,
    45.297628905269));
#3599 = DIRECTION('',(0.,-0.781831482468,-0.623489801859));
#3600 = DIRECTION('',(1.,0.,0.));
#3601 = PCURVE('',#3525,#3602);
#3602 = DEFINITIONAL_REPRESENTATION('',(#3603),#3607);
#3603 = CIRCLE('',#3604,3.1);
#3604 = AXIS2_PLACEMENT_2D('',#3605,#3606);
#3605 = CARTESIAN_POINT('',(0.,0.));
#3606 = DIRECTION('',(1.,0.));
#3607 = ( GEOMETRIC_REPRESENTATION_CONTEXT(2) 
PARAMETRIC_REPRESENTATION_CONTEXT() REPRESENTATION_CONTEXT('2D SPACE',''
  ) );
#3608 = PCURVE('',#3609,#3614);
#3609 = TOROIDAL_SURFACE('',#3610,7.5,4.4);
#3610 = AXIS2_PLACEMENT_3D('',#3611,#3612,#3613);
#3611 = CARTESIAN_POINT('',(103.14661005817,-36.12365363142,
    45.297628905269));
#3612 = DIRECTION('',(0.,-0.781831482468,-0.623489801859));
#3613 = DIRECTION('',(1.,0.,0.));
#3614 = DEFINITIONAL_REPRESENTATION('',(#3615),#3619);
#3615 = LINE('',#3616,#3617);
#3616 = CARTESIAN_POINT('',(0.,3.14159265359));
#3617 = VECTOR('',#3618,1.);
#3618 = DIRECTION('',(1.,0.));
#3619 = ( GEOMETRIC_REPRESENTATION_CONTEXT(2) 
PARAMETRIC_REPRESENTATION_CONTEXT() REPRESENTATION_CONTEXT('2D SPACE',''
  ) );
#3620 = FACE_BOUND('',#3621,.F.);
#3621 = EDGE_LOOP('',(#3622));
#3622 = ORIENTED_EDGE('',*,*,#3503,.F.);
#3623 = ADVANCED_FACE('',(#3624,#3627),#3576,.F.);
#3624 = FACE_BOUND('',#3625,.F.);
#3625 = EDGE_LOOP('',(#3626));
#3626 = ORIENTED_EDGE('',*,*,#3561,.T.);
#3627 = FACE_BOUND('',#3628,.F.);
#3628 = EDGE_LOOP('',(#3629));
#3629 = ORIENTED_EDGE('',*,*,#3630,.F.);
#3630 = EDGE_CURVE('',#3631,#3631,#3633,.T.);
#3631 = VERTEX_POINT('',#3632);
#3632 = CARTESIAN_POINT('',(115.04661005817,-36.12365363142,
    45.297628905269));
#3633 = SURFACE_CURVE('',#3634,(#3639,#3646),.PCURVE_S1.);
#3634 = CIRCLE('',#3635,11.9);
#3635 = AXIS2_PLACEMENT_3D('',#3636,#3637,#3638);
#3636 = CARTESIAN_POINT('',(103.14661005817,-36.12365363142,
    45.297628905269));
#3637 = DIRECTION('',(0.,-0.781831482468,-0.623489801859));
#3638 = DIRECTION('',(1.,0.,0.));
#3639 = PCURVE('',#3576,#3640);
#3640 = DEFINITIONAL_REPRESENTATION('',(#3641),#3645);
#3641 = CIRCLE('',#3642,11.9);
#3642 = AXIS2_PLACEMENT_2D('',#3643,#3644);
#3643 = CARTESIAN_POINT('',(0.,0.));
#3644 = DIRECTION('',(1.,0.));
#3645 = ( GEOMETRIC_REPRESENTATION_CONTEXT(2) 
PARAMETRIC_REPRESENTATION_CONTEXT() REPRESENTATION_CONTEXT('2D SPACE',''
  ) );
#3646 = PCURVE('',#3609,#3647);
#3647 = DEFINITIONAL_REPRESENTATION('',(#3648),#3652);
#3648 = LINE('',#3649,#3650);
#3649 = CARTESIAN_POINT('',(0.,0.));
#3650 = VECTOR('',#3651,1.);
#3651 = DIRECTION('',(1.,0.));
#3652 = ( GEOMETRIC_REPRESENTATION_CONTEXT(2) 
PARAMETRIC_REPRESENTATION_CONTEXT() REPRESENTATION_CONTEXT('2D SPACE',''
  ) );
#3653 = ADVANCED_FACE('',(#3654),#3609,.F.);
#3654 = FACE_BOUND('',#3655,.F.);
#3655 = EDGE_LOOP('',(#3656,#3657,#3679,#3680));
#3656 = ORIENTED_EDGE('',*,*,#3592,.F.);
#3657 = ORIENTED_EDGE('',*,*,#3658,.F.);
#3658 = EDGE_CURVE('',#3631,#3593,#3659,.T.);
#3659 = SEAM_CURVE('',#3660,(#3665,#3672),.PCURVE_S1.);
#3660 = CIRCLE('',#3661,4.4);
#3661 = AXIS2_PLACEMENT_3D('',#3662,#3663,#3664);
#3662 = CARTESIAN_POINT('',(110.64661005817,-36.12365363142,
    45.297628905269));
#3663 = DIRECTION('',(-2.449293598295E-16,0.623489801859,-0.781831482468
    ));
#3664 = DIRECTION('',(1.,1.527109580295E-16,-1.914934844954E-16));
#3665 = PCURVE('',#3609,#3666);
#3666 = DEFINITIONAL_REPRESENTATION('',(#3667),#3671);
#3667 = LINE('',#3668,#3669);
#3668 = CARTESIAN_POINT('',(6.28318530718,-0.));
#3669 = VECTOR('',#3670,1.);
#3670 = DIRECTION('',(0.,1.));
#3671 = ( GEOMETRIC_REPRESENTATION_CONTEXT(2) 
PARAMETRIC_REPRESENTATION_CONTEXT() REPRESENTATION_CONTEXT('2D SPACE',''
  ) );
#3672 = PCURVE('',#3609,#3673);
#3673 = DEFINITIONAL_REPRESENTATION('',(#3674),#3678);
#3674 = LINE('',#3675,#3676);
#3675 = CARTESIAN_POINT('',(0.,-0.));
#3676 = VECTOR('',#3677,1.);
#3677 = DIRECTION('',(0.,1.));
#3678 = ( GEOMETRIC_REPRESENTATION_CONTEXT(2) 
PARAMETRIC_REPRESENTATION_CONTEXT() REPRESENTATION_CONTEXT('2D SPACE',''
  ) );
#3679 = ORIENTED_EDGE('',*,*,#3630,.T.);
#3680 = ORIENTED_EDGE('',*,*,#3658,.T.);
#3681 = ( GEOMETRIC_REPRESENTATION_CONTEXT(3) 
GLOBAL_UNCERTAINTY_ASSIGNED_CONTEXT((#3685)) 
GLOBAL_UNIT_ASSIGNED_CONTEXT((#3682,#3683,#3684)) REPRESENTATION_CONTEXT
('Context #1','3D Context with UNIT and UNCERTAINTY') );
#3682 = ( LENGTH_UNIT() NAMED_UNIT(*) SI_UNIT(.MILLI.,.METRE.) );
#3683 = ( NAMED_UNIT(*) PLANE_ANGLE_UNIT() SI_UNIT($,.RADIAN.) );
#3684 = ( NAMED_UNIT(*) SI_UNIT($,.STERADIAN.) SOLID_ANGLE_UNIT() );
#3685 = UNCERTAINTY_MEASURE_WITH_UNIT(LENGTH_MEASURE(1.E-07),#3682,
  'distance_accuracy_value','confusion accuracy');
#3686 = CONTEXT_DEPENDENT_SHAPE_REPRESENTATION(#3687,#3689);
#3687 = ( REPRESENTATION_RELATIONSHIP('','',#3496,#3264) 
REPRESENTATION_RELATIONSHIP_WITH_TRANSFORMATION(#3688) 
SHAPE_REPRESENTATION_RELATIONSHIP() );
#3688 = ITEM_DEFINED_TRANSFORMATION('','',#11,#3269);
#3689 = PRODUCT_DEFINITION_SHAPE('Placement','Placement of an item',
  #3690);
#3690 = NEXT_ASSEMBLY_USAGE_OCCURRENCE('85','','',#3259,#3491,$);
#3691 = PRODUCT_RELATED_PRODUCT_CATEGORY('part',$,(#3493));
#3692 = SHAPE_DEFINITION_REPRESENTATION(#3693,#3699);
#3693 = PRODUCT_DEFINITION_SHAPE('','',#3694);
#3694 = PRODUCT_DEFINITION('design','',#3695,#3698);
#3695 = PRODUCT_DEFINITION_FORMATION('','',#3696);
#3696 = PRODUCT('Open CASCADE STEP translator 7.9 14.6.3',
  'Open CASCADE STEP translator 7.9 14.6.3','',(#3697));
#3697 = PRODUCT_CONTEXT('',#2,'mechanical');
#3698 = PRODUCT_DEFINITION_CONTEXT('part definition',#2,'design');
#3699 = ADVANCED_BREP_SHAPE_REPRESENTATION('',(#11,#3700),#3882);
#3700 = MANIFOLD_SOLID_BREP('',#3701);
#3701 = CLOSED_SHELL('',(#3702,#3770,#3825,#3855));
#3702 = ADVANCED_FACE('',(#3703,#3739),#3716,.F.);
#3703 = FACE_BOUND('',#3704,.T.);
#3704 = EDGE_LOOP('',(#3705));
#3705 = ORIENTED_EDGE('',*,*,#3706,.T.);
#3706 = EDGE_CURVE('',#3707,#3707,#3709,.T.);
#3707 = VERTEX_POINT('',#3708);
#3708 = CARTESIAN_POINT('',(88.616775694169,-34.19083524566,
    42.873951309618));
#3709 = SURFACE_CURVE('',#3710,(#3715,#3727),.PCURVE_S1.);
#3710 = CIRCLE('',#3711,4.4);
#3711 = AXIS2_PLACEMENT_3D('',#3712,#3713,#3714);
#3712 = CARTESIAN_POINT('',(88.616775694169,-31.44748011748,
    39.433892786759));
#3713 = DIRECTION('',(1.,0.,0.));
#3714 = DIRECTION('',(0.,-0.623489801859,0.781831482468));
#3715 = PCURVE('',#3716,#3721);
#3716 = PLANE('',#3717);
#3717 = AXIS2_PLACEMENT_3D('',#3718,#3719,#3720);
#3718 = CARTESIAN_POINT('',(88.616775694169,-31.44748011748,
    39.433892786759));
#3719 = DIRECTION('',(1.,0.,0.));
#3720 = DIRECTION('',(-0.,-0.623489801859,0.781831482468));
#3721 = DEFINITIONAL_REPRESENTATION('',(#3722),#3726);
#3722 = CIRCLE('',#3723,4.4);
#3723 = AXIS2_PLACEMENT_2D('',#3724,#3725);
#3724 = CARTESIAN_POINT('',(0.,0.));
#3725 = DIRECTION('',(1.,-0.));
#3726 = ( GEOMETRIC_REPRESENTATION_CONTEXT(2) 
PARAMETRIC_REPRESENTATION_CONTEXT() REPRESENTATION_CONTEXT('2D SPACE',''
  ) );
#3727 = PCURVE('',#3728,#3733);
#3728 = CYLINDRICAL_SURFACE('',#3729,4.4);
#3729 = AXIS2_PLACEMENT_3D('',#3730,#3731,#3732);
#3730 = CARTESIAN_POINT('',(103.14661005817,-31.44748011748,
    39.433892786759));
#3731 = DIRECTION('',(-1.,0.,0.));
#3732 = DIRECTION('',(0.,-0.623489801859,0.781831482468));
#3733 = DEFINITIONAL_REPRESENTATION('',(#3734),#3738);
#3734 = LINE('',#3735,#3736);
#3735 = CARTESIAN_POINT('',(-0.,14.52983436401));
#3736 = VECTOR('',#3737,1.);
#3737 = DIRECTION('',(-1.,0.));
#3738 = ( GEOMETRIC_REPRESENTATION_CONTEXT(2) 
PARAMETRIC_REPRESENTATION_CONTEXT() REPRESENTATION_CONTEXT('2D SPACE',''
  ) );
#3739 = FACE_BOUND('',#3740,.T.);
#3740 = EDGE_LOOP('',(#3741));
#3741 = ORIENTED_EDGE('',*,*,#3742,.F.);
#3742 = EDGE_CURVE('',#3743,#3743,#3745,.T.);
#3743 = VERTEX_POINT('',#3744);
#3744 = CARTESIAN_POINT('',(88.616775694169,-34.56492912677,
    43.343050199099));
#3745 = SURFACE_CURVE('',#3746,(#3751,#3758),.PCURVE_S1.);
#3746 = CIRCLE('',#3747,5.);
#3747 = AXIS2_PLACEMENT_3D('',#3748,#3749,#3750);
#3748 = CARTESIAN_POINT('',(88.616775694169,-31.44748011748,
    39.433892786759));
#3749 = DIRECTION('',(1.,0.,0.));
#3750 = DIRECTION('',(0.,-0.623489801859,0.781831482468));
#3751 = PCURVE('',#3716,#3752);
#3752 = DEFINITIONAL_REPRESENTATION('',(#3753),#3757);
#3753 = CIRCLE('',#3754,5.);
#3754 = AXIS2_PLACEMENT_2D('',#3755,#3756);
#3755 = CARTESIAN_POINT('',(0.,0.));
#3756 = DIRECTION('',(1.,-0.));
#3757 = ( GEOMETRIC_REPRESENTATION_CONTEXT(2) 
PARAMETRIC_REPRESENTATION_CONTEXT() REPRESENTATION_CONTEXT('2D SPACE',''
  ) );
#3758 = PCURVE('',#3759,#3764);
#3759 = CYLINDRICAL_SURFACE('',#3760,5.);
#3760 = AXIS2_PLACEMENT_3D('',#3761,#3762,#3763);
#3761 = CARTESIAN_POINT('',(88.616775694169,-31.44748011748,
    39.433892786759));
#3762 = DIRECTION('',(1.,0.,0.));
#3763 = DIRECTION('',(0.,-0.623489801859,0.781831482468));
#3764 = DEFINITIONAL_REPRESENTATION('',(#3765),#3769);
#3765 = LINE('',#3766,#3767);
#3766 = CARTESIAN_POINT('',(0.,0.));
#3767 = VECTOR('',#3768,1.);
#3768 = DIRECTION('',(1.,0.));
#3769 = ( GEOMETRIC_REPRESENTATION_CONTEXT(2) 
PARAMETRIC_REPRESENTATION_CONTEXT() REPRESENTATION_CONTEXT('2D SPACE',''
  ) );
#3770 = ADVANCED_FACE('',(#3771),#3759,.T.);
#3771 = FACE_BOUND('',#3772,.T.);
#3772 = EDGE_LOOP('',(#3773,#3774,#3797,#3824));
#3773 = ORIENTED_EDGE('',*,*,#3742,.T.);
#3774 = ORIENTED_EDGE('',*,*,#3775,.T.);
#3775 = EDGE_CURVE('',#3743,#3776,#3778,.T.);
#3776 = VERTEX_POINT('',#3777);
#3777 = CARTESIAN_POINT('',(103.14661005817,-34.56492912677,
    43.343050199099));
#3778 = SEAM_CURVE('',#3779,(#3783,#3790),.PCURVE_S1.);
#3779 = LINE('',#3780,#3781);
#3780 = CARTESIAN_POINT('',(88.616775694169,-34.56492912677,
    43.343050199099));
#3781 = VECTOR('',#3782,1.);
#3782 = DIRECTION('',(1.,0.,0.));
#3783 = PCURVE('',#3759,#3784);
#3784 = DEFINITIONAL_REPRESENTATION('',(#3785),#3789);
#3785 = LINE('',#3786,#3787);
#3786 = CARTESIAN_POINT('',(0.,0.));
#3787 = VECTOR('',#3788,1.);
#3788 = DIRECTION('',(0.,1.));
#3789 = ( GEOMETRIC_REPRESENTATION_CONTEXT(2) 
PARAMETRIC_REPRESENTATION_CONTEXT() REPRESENTATION_CONTEXT('2D SPACE',''
  ) );
#3790 = PCURVE('',#3759,#3791);
#3791 = DEFINITIONAL_REPRESENTATION('',(#3792),#3796);
#3792 = LINE('',#3793,#3794);
#3793 = CARTESIAN_POINT('',(6.28318530718,0.));
#3794 = VECTOR('',#3795,1.);
#3795 = DIRECTION('',(0.,1.));
#3796 = ( GEOMETRIC_REPRESENTATION_CONTEXT(2) 
PARAMETRIC_REPRESENTATION_CONTEXT() REPRESENTATION_CONTEXT('2D SPACE',''
  ) );
#3797 = ORIENTED_EDGE('',*,*,#3798,.F.);
#3798 = EDGE_CURVE('',#3776,#3776,#3799,.T.);
#3799 = SURFACE_CURVE('',#3800,(#3805,#3812),.PCURVE_S1.);
#3800 = CIRCLE('',#3801,5.);
#3801 = AXIS2_PLACEMENT_3D('',#3802,#3803,#3804);
#3802 = CARTESIAN_POINT('',(103.14661005817,-31.44748011748,
    39.433892786759));
#3803 = DIRECTION('',(1.,0.,0.));
#3804 = DIRECTION('',(0.,-0.623489801859,0.781831482468));
#3805 = PCURVE('',#3759,#3806);
#3806 = DEFINITIONAL_REPRESENTATION('',(#3807),#3811);
#3807 = LINE('',#3808,#3809);
#3808 = CARTESIAN_POINT('',(0.,14.52983436401));
#3809 = VECTOR('',#3810,1.);
#3810 = DIRECTION('',(1.,0.));
#3811 = ( GEOMETRIC_REPRESENTATION_CONTEXT(2) 
PARAMETRIC_REPRESENTATION_CONTEXT() REPRESENTATION_CONTEXT('2D SPACE',''
  ) );
#3812 = PCURVE('',#3813,#3818);
#3813 = PLANE('',#3814);
#3814 = AXIS2_PLACEMENT_3D('',#3815,#3816,#3817);
#3815 = CARTESIAN_POINT('',(103.14661005817,-31.44748011748,
    39.433892786759));
#3816 = DIRECTION('',(1.,0.,0.));
#3817 = DIRECTION('',(0.,-0.623489801859,0.781831482468));
#3818 = DEFINITIONAL_REPRESENTATION('',(#3819),#3823);
#3819 = CIRCLE('',#3820,5.);
#3820 = AXIS2_PLACEMENT_2D('',#3821,#3822);
#3821 = CARTESIAN_POINT('',(0.,0.));
#3822 = DIRECTION('',(1.,0.));
#3823 = ( GEOMETRIC_REPRESENTATION_CONTEXT(2) 
PARAMETRIC_REPRESENTATION_CONTEXT() REPRESENTATION_CONTEXT('2D SPACE',''
  ) );
#3824 = ORIENTED_EDGE('',*,*,#3775,.F.);
#3825 = ADVANCED_FACE('',(#3826,#3829),#3813,.T.);
#3826 = FACE_BOUND('',#3827,.T.);
#3827 = EDGE_LOOP('',(#3828));
#3828 = ORIENTED_EDGE('',*,*,#3798,.T.);
#3829 = FACE_BOUND('',#3830,.T.);
#3830 = EDGE_LOOP('',(#3831));
#3831 = ORIENTED_EDGE('',*,*,#3832,.F.);
#3832 = EDGE_CURVE('',#3833,#3833,#3835,.T.);
#3833 = VERTEX_POINT('',#3834);
#3834 = CARTESIAN_POINT('',(103.14661005817,-34.19083524566,
    42.873951309618));
#3835 = SURFACE_CURVE('',#3836,(#3841,#3848),.PCURVE_S1.);
#3836 = CIRCLE('',#3837,4.4);
#3837 = AXIS2_PLACEMENT_3D('',#3838,#3839,#3840);
#3838 = CARTESIAN_POINT('',(103.14661005817,-31.44748011748,
    39.433892786759));
#3839 = DIRECTION('',(1.,0.,0.));
#3840 = DIRECTION('',(0.,-0.623489801859,0.781831482468));
#3841 = PCURVE('',#3813,#3842);
#3842 = DEFINITIONAL_REPRESENTATION('',(#3843),#3847);
#3843 = CIRCLE('',#3844,4.4);
#3844 = AXIS2_PLACEMENT_2D('',#3845,#3846);
#3845 = CARTESIAN_POINT('',(0.,0.));
#3846 = DIRECTION('',(1.,0.));
#3847 = ( GEOMETRIC_REPRESENTATION_CONTEXT(2) 
PARAMETRIC_REPRESENTATION_CONTEXT() REPRESENTATION_CONTEXT('2D SPACE',''
  ) );
#3848 = PCURVE('',#3728,#3849);
#3849 = DEFINITIONAL_REPRESENTATION('',(#3850),#3854);
#3850 = LINE('',#3851,#3852);
#3851 = CARTESIAN_POINT('',(-0.,0.));
#3852 = VECTOR('',#3853,1.);
#3853 = DIRECTION('',(-1.,0.));
#3854 = ( GEOMETRIC_REPRESENTATION_CONTEXT(2) 
PARAMETRIC_REPRESENTATION_CONTEXT() REPRESENTATION_CONTEXT('2D SPACE',''
  ) );
#3855 = ADVANCED_FACE('',(#3856),#3728,.F.);
#3856 = FACE_BOUND('',#3857,.T.);
#3857 = EDGE_LOOP('',(#3858,#3859,#3880,#3881));
#3858 = ORIENTED_EDGE('',*,*,#3832,.T.);
#3859 = ORIENTED_EDGE('',*,*,#3860,.T.);
#3860 = EDGE_CURVE('',#3833,#3707,#3861,.T.);
#3861 = SEAM_CURVE('',#3862,(#3866,#3873),.PCURVE_S1.);
#3862 = LINE('',#3863,#3864);
#3863 = CARTESIAN_POINT('',(103.14661005817,-34.19083524566,
    42.873951309618));
#3864 = VECTOR('',#3865,1.);
#3865 = DIRECTION('',(-1.,-0.,0.));
#3866 = PCURVE('',#3728,#3867);
#3867 = DEFINITIONAL_REPRESENTATION('',(#3868),#3872);
#3868 = LINE('',#3869,#3870);
#3869 = CARTESIAN_POINT('',(-0.,0.));
#3870 = VECTOR('',#3871,1.);
#3871 = DIRECTION('',(-0.,1.));
#3872 = ( GEOMETRIC_REPRESENTATION_CONTEXT(2) 
PARAMETRIC_REPRESENTATION_CONTEXT() REPRESENTATION_CONTEXT('2D SPACE',''
  ) );
#3873 = PCURVE('',#3728,#3874);
#3874 = DEFINITIONAL_REPRESENTATION('',(#3875),#3879);
#3875 = LINE('',#3876,#3877);
#3876 = CARTESIAN_POINT('',(-6.28318530718,0.));
#3877 = VECTOR('',#3878,1.);
#3878 = DIRECTION('',(-0.,1.));
#3879 = ( GEOMETRIC_REPRESENTATION_CONTEXT(2) 
PARAMETRIC_REPRESENTATION_CONTEXT() REPRESENTATION_CONTEXT('2D SPACE',''
  ) );
#3880 = ORIENTED_EDGE('',*,*,#3706,.F.);
#3881 = ORIENTED_EDGE('',*,*,#3860,.F.);
#3882 = ( GEOMETRIC_REPRESENTATION_CONTEXT(3) 
GLOBAL_UNCERTAINTY_ASSIGNED_CONTEXT((#3886)) 
GLOBAL_UNIT_ASSIGNED_CONTEXT((#3883,#3884,#3885)) REPRESENTATION_CONTEXT
('Context #1','3D Context with UNIT and UNCERTAINTY') );
#3883 = ( LENGTH_UNIT() NAMED_UNIT(*) SI_UNIT(.MILLI.,.METRE.) );
#3884 = ( NAMED_UNIT(*) PLANE_ANGLE_UNIT() SI_UNIT($,.RADIAN.) );
#3885 = ( NAMED_UNIT(*) SI_UNIT($,.STERADIAN.) SOLID_ANGLE_UNIT() );
#3886 = UNCERTAINTY_MEASURE_WITH_UNIT(LENGTH_MEASURE(1.E-07),#3883,
  'distance_accuracy_value','confusion accuracy');
#3887 = CONTEXT_DEPENDENT_SHAPE_REPRESENTATION(#3888,#3890);
#3888 = ( REPRESENTATION_RELATIONSHIP('','',#3699,#3264) 
REPRESENTATION_RELATIONSHIP_WITH_TRANSFORMATION(#3889) 
SHAPE_REPRESENTATION_RELATIONSHIP() );
#3889 = ITEM_DEFINED_TRANSFORMATION('','',#11,#3273);
#3890 = PRODUCT_DEFINITION_SHAPE('Placement','Placement of an item',
  #3891);
#3891 = NEXT_ASSEMBLY_USAGE_OCCURRENCE('86','','',#3259,#3694,$);
#3892 = PRODUCT_RELATED_PRODUCT_CATEGORY('part',$,(#3696));
#3893 = SHAPE_DEFINITION_REPRESENTATION(#3894,#3900);
#3894 = PRODUCT_DEFINITION_SHAPE('','',#3895);
#3895 = PRODUCT_DEFINITION('design','',#3896,#3899);
#3896 = PRODUCT_DEFINITION_FORMATION('','',#3897);
#3897 = PRODUCT('Open CASCADE STEP translator 7.9 14.7',
  'Open CASCADE STEP translator 7.9 14.7','',(#3898));
#3898 = PRODUCT_CONTEXT('',#2,'mechanical');
#3899 = PRODUCT_DEFINITION_CONTEXT('part definition',#2,'design');
#3900 = SHAPE_REPRESENTATION('',(#11,#3901,#3905,#3909),#3913);
#3901 = AXIS2_PLACEMENT_3D('',#3902,#3903,#3904);
#3902 = CARTESIAN_POINT('',(0.,0.,0.));
#3903 = DIRECTION('',(0.,0.,1.));
#3904 = DIRECTION('',(1.,0.,-0.));
#3905 = AXIS2_PLACEMENT_3D('',#3906,#3907,#3908);
#3906 = CARTESIAN_POINT('',(0.,0.,0.));
#3907 = DIRECTION('',(0.,0.,1.));
#3908 = DIRECTION('',(1.,0.,-0.));
#3909 = AXIS2_PLACEMENT_3D('',#3910,#3911,#3912);
#3910 = CARTESIAN_POINT('',(0.,0.,0.));
#3911 = DIRECTION('',(0.,0.,1.));
#3912 = DIRECTION('',(1.,0.,-0.));
#3913 = ( GEOMETRIC_REPRESENTATION_CONTEXT(3) 
GLOBAL_UNCERTAINTY_ASSIGNED_CONTEXT((#3917)) 
GLOBAL_UNIT_ASSIGNED_CONTEXT((#3914,#3915,#3916)) REPRESENTATION_CONTEXT
('Context #1','3D Context with UNIT and UNCERTAINTY') );
#3914 = ( LENGTH_UNIT() NAMED_UNIT(*) SI_UNIT(.MILLI.,.METRE.) );
#3915 = ( NAMED_UNIT(*) PLANE_ANGLE_UNIT() SI_UNIT($,.RADIAN.) );
#3916 = ( NAMED_UNIT(*) SI_UNIT($,.STERADIAN.) SOLID_ANGLE_UNIT() );
#3917 = UNCERTAINTY_MEASURE_WITH_UNIT(LENGTH_MEASURE(1.E-07),#3914,
  'distance_accuracy_value','confusion accuracy');
#3918 = CONTEXT_DEPENDENT_SHAPE_REPRESENTATION(#3919,#3921);
#3919 = ( REPRESENTATION_RELATIONSHIP('','',#3900,#10) 
REPRESENTATION_RELATIONSHIP_WITH_TRANSFORMATION(#3920) 
SHAPE_REPRESENTATION_RELATIONSHIP() );
#3920 = ITEM_DEFINED_TRANSFORMATION('','',#11,#39);
#3921 = PRODUCT_DEFINITION_SHAPE('Placement','Placement of an item',
  #3922);
#3922 = NEXT_ASSEMBLY_USAGE_OCCURRENCE('91','','',#5,#3895,$);
#3923 = PRODUCT_RELATED_PRODUCT_CATEGORY('part',$,(#3897));
#3924 = SHAPE_DEFINITION_REPRESENTATION(#3925,#3931);
#3925 = PRODUCT_DEFINITION_SHAPE('','',#3926);
#3926 = PRODUCT_DEFINITION('design','',#3927,#3930);
#3927 = PRODUCT_DEFINITION_FORMATION('','',#3928);
#3928 = PRODUCT('Open CASCADE STEP translator 7.9 14.7.1',
  'Open CASCADE STEP translator 7.9 14.7.1','',(#3929));
#3929 = PRODUCT_CONTEXT('',#2,'mechanical');
#3930 = PRODUCT_DEFINITION_CONTEXT('part definition',#2,'design');
#3931 = ADVANCED_BREP_SHAPE_REPRESENTATION('',(#11,#3932),#4114);
#3932 = MANIFOLD_SOLID_BREP('',#3933);
#3933 = CLOSED_SHELL('',(#3934,#4002,#4057,#4087));
#3934 = ADVANCED_FACE('',(#3935,#3971),#3948,.F.);
#3935 = FACE_BOUND('',#3936,.T.);
#3936 = EDGE_LOOP('',(#3937));
#3937 = ORIENTED_EDGE('',*,*,#3938,.T.);
#3938 = EDGE_CURVE('',#3939,#3939,#3941,.T.);
#3939 = VERTEX_POINT('',#3940);
#3940 = CARTESIAN_POINT('',(53.63279758958,-62.92172144741,
    30.301504020754));
#3941 = SURFACE_CURVE('',#3942,(#3947,#3959),.PCURVE_S1.);
#3942 = CIRCLE('',#3943,4.4);
#3943 = AXIS2_PLACEMENT_3D('',#3944,#3945,#3946);
#3944 = CARTESIAN_POINT('',(53.63279758958,-58.95745842864,
    28.392415568637));
#3945 = DIRECTION('',(1.,0.,0.));
#3946 = DIRECTION('',(0.,-0.900968867902,0.433883739118));
#3947 = PCURVE('',#3948,#3953);
#3948 = PLANE('',#3949);
#3949 = AXIS2_PLACEMENT_3D('',#3950,#3951,#3952);
#3950 = CARTESIAN_POINT('',(53.63279758958,-58.95745842864,
    28.392415568637));
#3951 = DIRECTION('',(1.,0.,0.));
#3952 = DIRECTION('',(-0.,-0.900968867902,0.433883739118));
#3953 = DEFINITIONAL_REPRESENTATION('',(#3954),#3958);
#3954 = CIRCLE('',#3955,4.4);
#3955 = AXIS2_PLACEMENT_2D('',#3956,#3957);
#3956 = CARTESIAN_POINT('',(0.,0.));
#3957 = DIRECTION('',(1.,-0.));
#3958 = ( GEOMETRIC_REPRESENTATION_CONTEXT(2) 
PARAMETRIC_REPRESENTATION_CONTEXT() REPRESENTATION_CONTEXT('2D SPACE',''
  ) );
#3959 = PCURVE('',#3960,#3965);
#3960 = CYLINDRICAL_SURFACE('',#3961,4.4);
#3961 = AXIS2_PLACEMENT_3D('',#3962,#3963,#3964);
#3962 = CARTESIAN_POINT('',(103.14661005817,-58.95745842864,
    28.392415568637));
#3963 = DIRECTION('',(-1.,0.,0.));
#3964 = DIRECTION('',(0.,-0.900968867902,0.433883739118));
#3965 = DEFINITIONAL_REPRESENTATION('',(#3966),#3970);
#3966 = LINE('',#3967,#3968);
#3967 = CARTESIAN_POINT('',(-0.,49.513812468599));
#3968 = VECTOR('',#3969,1.);
#3969 = DIRECTION('',(-1.,0.));
#3970 = ( GEOMETRIC_REPRESENTATION_CONTEXT(2) 
PARAMETRIC_REPRESENTATION_CONTEXT() REPRESENTATION_CONTEXT('2D SPACE',''
  ) );
#3971 = FACE_BOUND('',#3972,.T.);
#3972 = EDGE_LOOP('',(#3973));
#3973 = ORIENTED_EDGE('',*,*,#3974,.F.);
#3974 = EDGE_CURVE('',#3975,#3975,#3977,.T.);
#3975 = VERTEX_POINT('',#3976);
#3976 = CARTESIAN_POINT('',(53.63279758958,-63.46230276816,
    30.561834264225));
#3977 = SURFACE_CURVE('',#3978,(#3983,#3990),.PCURVE_S1.);
#3978 = CIRCLE('',#3979,5.);
#3979 = AXIS2_PLACEMENT_3D('',#3980,#3981,#3982);
#3980 = CARTESIAN_POINT('',(53.63279758958,-58.95745842864,
    28.392415568637));
#3981 = DIRECTION('',(1.,0.,0.));
#3982 = DIRECTION('',(0.,-0.900968867902,0.433883739118));
#3983 = PCURVE('',#3948,#3984);
#3984 = DEFINITIONAL_REPRESENTATION('',(#3985),#3989);
#3985 = CIRCLE('',#3986,5.);
#3986 = AXIS2_PLACEMENT_2D('',#3987,#3988);
#3987 = CARTESIAN_POINT('',(0.,0.));
#3988 = DIRECTION('',(1.,-0.));
#3989 = ( GEOMETRIC_REPRESENTATION_CONTEXT(2) 
PARAMETRIC_REPRESENTATION_CONTEXT() REPRESENTATION_CONTEXT('2D SPACE',''
  ) );
#3990 = PCURVE('',#3991,#3996);
#3991 = CYLINDRICAL_SURFACE('',#3992,5.);
#3992 = AXIS2_PLACEMENT_3D('',#3993,#3994,#3995);
#3993 = CARTESIAN_POINT('',(53.63279758958,-58.95745842864,
    28.392415568637));
#3994 = DIRECTION('',(1.,0.,0.));
#3995 = DIRECTION('',(0.,-0.900968867902,0.433883739118));
#3996 = DEFINITIONAL_REPRESENTATION('',(#3997),#4001);
#3997 = LINE('',#3998,#3999);
#3998 = CARTESIAN_POINT('',(0.,0.));
#3999 = VECTOR('',#4000,1.);
#4000 = DIRECTION('',(1.,0.));
#4001 = ( GEOMETRIC_REPRESENTATION_CONTEXT(2) 
PARAMETRIC_REPRESENTATION_CONTEXT() REPRESENTATION_CONTEXT('2D SPACE',''
  ) );
#4002 = ADVANCED_FACE('',(#4003),#3991,.T.);
#4003 = FACE_BOUND('',#4004,.T.);
#4004 = EDGE_LOOP('',(#4005,#4006,#4029,#4056));
#4005 = ORIENTED_EDGE('',*,*,#3974,.T.);
#4006 = ORIENTED_EDGE('',*,*,#4007,.T.);
#4007 = EDGE_CURVE('',#3975,#4008,#4010,.T.);
#4008 = VERTEX_POINT('',#4009);
#4009 = CARTESIAN_POINT('',(103.14661005817,-63.46230276816,
    30.561834264225));
#4010 = SEAM_CURVE('',#4011,(#4015,#4022),.PCURVE_S1.);
#4011 = LINE('',#4012,#4013);
#4012 = CARTESIAN_POINT('',(53.63279758958,-63.46230276816,
    30.561834264225));
#4013 = VECTOR('',#4014,1.);
#4014 = DIRECTION('',(1.,0.,0.));
#4015 = PCURVE('',#3991,#4016);
#4016 = DEFINITIONAL_REPRESENTATION('',(#4017),#4021);
#4017 = LINE('',#4018,#4019);
#4018 = CARTESIAN_POINT('',(0.,0.));
#4019 = VECTOR('',#4020,1.);
#4020 = DIRECTION('',(0.,1.));
#4021 = ( GEOMETRIC_REPRESENTATION_CONTEXT(2) 
PARAMETRIC_REPRESENTATION_CONTEXT() REPRESENTATION_CONTEXT('2D SPACE',''
  ) );
#4022 = PCURVE('',#3991,#4023);
#4023 = DEFINITIONAL_REPRESENTATION('',(#4024),#4028);
#4024 = LINE('',#4025,#4026);
#4025 = CARTESIAN_POINT('',(6.28318530718,0.));
#4026 = VECTOR('',#4027,1.);
#4027 = DIRECTION('',(0.,1.));
#4028 = ( GEOMETRIC_REPRESENTATION_CONTEXT(2) 
PARAMETRIC_REPRESENTATION_CONTEXT() REPRESENTATION_CONTEXT('2D SPACE',''
  ) );
#4029 = ORIENTED_EDGE('',*,*,#4030,.F.);
#4030 = EDGE_CURVE('',#4008,#4008,#4031,.T.);
#4031 = SURFACE_CURVE('',#4032,(#4037,#4044),.PCURVE_S1.);
#4032 = CIRCLE('',#4033,5.);
#4033 = AXIS2_PLACEMENT_3D('',#4034,#4035,#4036);
#4034 = CARTESIAN_POINT('',(103.14661005817,-58.95745842864,
    28.392415568637));
#4035 = DIRECTION('',(1.,0.,0.));
#4036 = DIRECTION('',(0.,-0.900968867902,0.433883739118));
#4037 = PCURVE('',#3991,#4038);
#4038 = DEFINITIONAL_REPRESENTATION('',(#4039),#4043);
#4039 = LINE('',#4040,#4041);
#4040 = CARTESIAN_POINT('',(0.,49.513812468599));
#4041 = VECTOR('',#4042,1.);
#4042 = DIRECTION('',(1.,0.));
#4043 = ( GEOMETRIC_REPRESENTATION_CONTEXT(2) 
PARAMETRIC_REPRESENTATION_CONTEXT() REPRESENTATION_CONTEXT('2D SPACE',''
  ) );
#4044 = PCURVE('',#4045,#4050);
#4045 = PLANE('',#4046);
#4046 = AXIS2_PLACEMENT_3D('',#4047,#4048,#4049);
#4047 = CARTESIAN_POINT('',(103.14661005817,-58.95745842864,
    28.392415568637));
#4048 = DIRECTION('',(1.,0.,0.));
#4049 = DIRECTION('',(0.,-0.900968867902,0.433883739118));
#4050 = DEFINITIONAL_REPRESENTATION('',(#4051),#4055);
#4051 = CIRCLE('',#4052,5.);
#4052 = AXIS2_PLACEMENT_2D('',#4053,#4054);
#4053 = CARTESIAN_POINT('',(0.,0.));
#4054 = DIRECTION('',(1.,0.));
#4055 = ( GEOMETRIC_REPRESENTATION_CONTEXT(2) 
PARAMETRIC_REPRESENTATION_CONTEXT() REPRESENTATION_CONTEXT('2D SPACE',''
  ) );
#4056 = ORIENTED_EDGE('',*,*,#4007,.F.);
#4057 = ADVANCED_FACE('',(#4058,#4061),#4045,.T.);
#4058 = FACE_BOUND('',#4059,.T.);
#4059 = EDGE_LOOP('',(#4060));
#4060 = ORIENTED_EDGE('',*,*,#4030,.T.);
#4061 = FACE_BOUND('',#4062,.T.);
#4062 = EDGE_LOOP('',(#4063));
#4063 = ORIENTED_EDGE('',*,*,#4064,.F.);
#4064 = EDGE_CURVE('',#4065,#4065,#4067,.T.);
#4065 = VERTEX_POINT('',#4066);
#4066 = CARTESIAN_POINT('',(103.14661005817,-62.92172144741,
    30.301504020754));
#4067 = SURFACE_CURVE('',#4068,(#4073,#4080),.PCURVE_S1.);
#4068 = CIRCLE('',#4069,4.4);
#4069 = AXIS2_PLACEMENT_3D('',#4070,#4071,#4072);
#4070 = CARTESIAN_POINT('',(103.14661005817,-58.95745842864,
    28.392415568637));
#4071 = DIRECTION('',(1.,0.,0.));
#4072 = DIRECTION('',(0.,-0.900968867902,0.433883739118));
#4073 = PCURVE('',#4045,#4074);
#4074 = DEFINITIONAL_REPRESENTATION('',(#4075),#4079);
#4075 = CIRCLE('',#4076,4.4);
#4076 = AXIS2_PLACEMENT_2D('',#4077,#4078);
#4077 = CARTESIAN_POINT('',(0.,0.));
#4078 = DIRECTION('',(1.,0.));
#4079 = ( GEOMETRIC_REPRESENTATION_CONTEXT(2) 
PARAMETRIC_REPRESENTATION_CONTEXT() REPRESENTATION_CONTEXT('2D SPACE',''
  ) );
#4080 = PCURVE('',#3960,#4081);
#4081 = DEFINITIONAL_REPRESENTATION('',(#4082),#4086);
#4082 = LINE('',#4083,#4084);
#4083 = CARTESIAN_POINT('',(-0.,0.));
#4084 = VECTOR('',#4085,1.);
#4085 = DIRECTION('',(-1.,0.));
#4086 = ( GEOMETRIC_REPRESENTATION_CONTEXT(2) 
PARAMETRIC_REPRESENTATION_CONTEXT() REPRESENTATION_CONTEXT('2D SPACE',''
  ) );
#4087 = ADVANCED_FACE('',(#4088),#3960,.F.);
#4088 = FACE_BOUND('',#4089,.T.);
#4089 = EDGE_LOOP('',(#4090,#4091,#4112,#4113));
#4090 = ORIENTED_EDGE('',*,*,#4064,.T.);
#4091 = ORIENTED_EDGE('',*,*,#4092,.T.);
#4092 = EDGE_CURVE('',#4065,#3939,#4093,.T.);
#4093 = SEAM_CURVE('',#4094,(#4098,#4105),.PCURVE_S1.);
#4094 = LINE('',#4095,#4096);
#4095 = CARTESIAN_POINT('',(103.14661005817,-62.92172144741,
    30.301504020754));
#4096 = VECTOR('',#4097,1.);
#4097 = DIRECTION('',(-1.,-0.,0.));
#4098 = PCURVE('',#3960,#4099);
#4099 = DEFINITIONAL_REPRESENTATION('',(#4100),#4104);
#4100 = LINE('',#4101,#4102);
#4101 = CARTESIAN_POINT('',(-0.,0.));
#4102 = VECTOR('',#4103,1.);
#4103 = DIRECTION('',(-0.,1.));
#4104 = ( GEOMETRIC_REPRESENTATION_CONTEXT(2) 
PARAMETRIC_REPRESENTATION_CONTEXT() REPRESENTATION_CONTEXT('2D SPACE',''
  ) );
#4105 = PCURVE('',#3960,#4106);
#4106 = DEFINITIONAL_REPRESENTATION('',(#4107),#4111);
#4107 = LINE('',#4108,#4109);
#4108 = CARTESIAN_POINT('',(-6.28318530718,0.));
#4109 = VECTOR('',#4110,1.);
#4110 = DIRECTION('',(-0.,1.));
#4111 = ( GEOMETRIC_REPRESENTATION_CONTEXT(2) 
PARAMETRIC_REPRESENTATION_CONTEXT() REPRESENTATION_CONTEXT('2D SPACE',''
  ) );
#4112 = ORIENTED_EDGE('',*,*,#3938,.F.);
#4113 = ORIENTED_EDGE('',*,*,#4092,.F.);
#4114 = ( GEOMETRIC_REPRESENTATION_CONTEXT(3) 
GLOBAL_UNCERTAINTY_ASSIGNED_CONTEXT((#4118)) 
GLOBAL_UNIT_ASSIGNED_CONTEXT((#4115,#4116,#4117)) REPRESENTATION_CONTEXT
('Context #1','3D Context with UNIT and UNCERTAINTY') );
#4115 = ( LENGTH_UNIT() NAMED_UNIT(*) SI_UNIT(.MILLI.,.METRE.) );
#4116 = ( NAMED_UNIT(*) PLANE_ANGLE_UNIT() SI_UNIT($,.RADIAN.) );
#4117 = ( NAMED_UNIT(*) SI_UNIT($,.STERADIAN.) SOLID_ANGLE_UNIT() );
#4118 = UNCERTAINTY_MEASURE_WITH_UNIT(LENGTH_MEASURE(1.E-07),#4115,
  'distance_accuracy_value','confusion accuracy');
#4119 = CONTEXT_DEPENDENT_SHAPE_REPRESENTATION(#4120,#4122);
#4120 = ( REPRESENTATION_RELATIONSHIP('','',#3931,#3900) 
REPRESENTATION_RELATIONSHIP_WITH_TRANSFORMATION(#4121) 
SHAPE_REPRESENTATION_RELATIONSHIP() );
#4121 = ITEM_DEFINED_TRANSFORMATION('','',#11,#3901);
#4122 = PRODUCT_DEFINITION_SHAPE('Placement','Placement of an item',
  #4123);
#4123 = NEXT_ASSEMBLY_USAGE_OCCURRENCE('88','','',#3895,#3926,$);
#4124 = PRODUCT_RELATED_PRODUCT_CATEGORY('part',$,(#3928));
#4125 = SHAPE_DEFINITION_REPRESENTATION(#4126,#4132);
#4126 = PRODUCT_DEFINITION_SHAPE('','',#4127);
#4127 = PRODUCT_DEFINITION('design','',#4128,#4131);
#4128 = PRODUCT_DEFINITION_FORMATION('','',#4129);
#4129 = PRODUCT('Open CASCADE STEP translator 7.9 14.7.2',
  'Open CASCADE STEP translator 7.9 14.7.2','',(#4130));
#4130 = PRODUCT_CONTEXT('',#2,'mechanical');
#4131 = PRODUCT_DEFINITION_CONTEXT('part definition',#2,'design');
#4132 = ADVANCED_BREP_SHAPE_REPRESENTATION('',(#11,#4133),#4317);
#4133 = MANIFOLD_SOLID_BREP('',#4134);
#4134 = CLOSED_SHELL('',(#4135,#4224,#4259,#4289));
#4135 = ADVANCED_FACE('',(#4136),#4149,.T.);
#4136 = FACE_BOUND('',#4137,.T.);
#4137 = EDGE_LOOP('',(#4138,#4172,#4196,#4223));
#4138 = ORIENTED_EDGE('',*,*,#4139,.F.);
#4139 = EDGE_CURVE('',#4140,#4140,#4142,.T.);
#4140 = VERTEX_POINT('',#4141);
#4141 = CARTESIAN_POINT('',(105.64661005817,-52.20019191938,
    25.138287525255));
#4142 = SURFACE_CURVE('',#4143,(#4148,#4160),.PCURVE_S1.);
#4143 = CIRCLE('',#4144,2.5);
#4144 = AXIS2_PLACEMENT_3D('',#4145,#4146,#4147);
#4145 = CARTESIAN_POINT('',(103.14661005817,-52.20019191938,
    25.138287525255));
#4146 = DIRECTION('',(0.,-0.433883739118,-0.900968867902));
#4147 = DIRECTION('',(1.,0.,0.));
#4148 = PCURVE('',#4149,#4154);
#4149 = TOROIDAL_SURFACE('',#4150,7.5,5.);
#4150 = AXIS2_PLACEMENT_3D('',#4151,#4152,#4153);
#4151 = CARTESIAN_POINT('',(103.14661005817,-52.20019191938,
    25.138287525255));
#4152 = DIRECTION('',(0.,-0.433883739118,-0.900968867902));
#4153 = DIRECTION('',(1.,0.,0.));
#4154 = DEFINITIONAL_REPRESENTATION('',(#4155),#4159);
#4155 = LINE('',#4156,#4157);
#4156 = CARTESIAN_POINT('',(0.,3.14159265359));
#4157 = VECTOR('',#4158,1.);
#4158 = DIRECTION('',(1.,0.));
#4159 = ( GEOMETRIC_REPRESENTATION_CONTEXT(2) 
PARAMETRIC_REPRESENTATION_CONTEXT() REPRESENTATION_CONTEXT('2D SPACE',''
  ) );
#4160 = PCURVE('',#4161,#4166);
#4161 = PLANE('',#4162);
#4162 = AXIS2_PLACEMENT_3D('',#4163,#4164,#4165);
#4163 = CARTESIAN_POINT('',(103.14661005817,-52.20019191938,
    25.138287525255));
#4164 = DIRECTION('',(0.,-0.433883739118,-0.900968867902));
#4165 = DIRECTION('',(1.,0.,0.));
#4166 = DEFINITIONAL_REPRESENTATION('',(#4167),#4171);
#4167 = CIRCLE('',#4168,2.5);
#4168 = AXIS2_PLACEMENT_2D('',#4169,#4170);
#4169 = CARTESIAN_POINT('',(0.,0.));
#4170 = DIRECTION('',(1.,0.));
#4171 = ( GEOMETRIC_REPRESENTATION_CONTEXT(2) 
PARAMETRIC_REPRESENTATION_CONTEXT() REPRESENTATION_CONTEXT('2D SPACE',''
  ) );
#4172 = ORIENTED_EDGE('',*,*,#4173,.F.);
#4173 = EDGE_CURVE('',#4174,#4140,#4176,.T.);
#4174 = VERTEX_POINT('',#4175);
#4175 = CARTESIAN_POINT('',(115.64661005817,-52.20019191938,
    25.138287525255));
#4176 = SEAM_CURVE('',#4177,(#4182,#4189),.PCURVE_S1.);
#4177 = CIRCLE('',#4178,5.);
#4178 = AXIS2_PLACEMENT_3D('',#4179,#4180,#4181);
#4179 = CARTESIAN_POINT('',(110.64661005817,-52.20019191938,
    25.138287525255));
#4180 = DIRECTION('',(-2.449293598295E-16,0.900968867902,-0.433883739118
    ));
#4181 = DIRECTION('',(1.,2.206737280416E-16,-1.062708664625E-16));
#4182 = PCURVE('',#4149,#4183);
#4183 = DEFINITIONAL_REPRESENTATION('',(#4184),#4188);
#4184 = LINE('',#4185,#4186);
#4185 = CARTESIAN_POINT('',(6.28318530718,-0.));
#4186 = VECTOR('',#4187,1.);
#4187 = DIRECTION('',(0.,1.));
#4188 = ( GEOMETRIC_REPRESENTATION_CONTEXT(2) 
PARAMETRIC_REPRESENTATION_CONTEXT() REPRESENTATION_CONTEXT('2D SPACE',''
  ) );
#4189 = PCURVE('',#4149,#4190);
#4190 = DEFINITIONAL_REPRESENTATION('',(#4191),#4195);
#4191 = LINE('',#4192,#4193);
#4192 = CARTESIAN_POINT('',(0.,-0.));
#4193 = VECTOR('',#4194,1.);
#4194 = DIRECTION('',(0.,1.));
#4195 = ( GEOMETRIC_REPRESENTATION_CONTEXT(2) 
PARAMETRIC_REPRESENTATION_CONTEXT() REPRESENTATION_CONTEXT('2D SPACE',''
  ) );
#4196 = ORIENTED_EDGE('',*,*,#4197,.T.);
#4197 = EDGE_CURVE('',#4174,#4174,#4198,.T.);
#4198 = SURFACE_CURVE('',#4199,(#4204,#4211),.PCURVE_S1.);
#4199 = CIRCLE('',#4200,12.5);
#4200 = AXIS2_PLACEMENT_3D('',#4201,#4202,#4203);
#4201 = CARTESIAN_POINT('',(103.14661005817,-52.20019191938,
    25.138287525255));
#4202 = DIRECTION('',(0.,-0.433883739118,-0.900968867902));
#4203 = DIRECTION('',(1.,0.,0.));
#4204 = PCURVE('',#4149,#4205);
#4205 = DEFINITIONAL_REPRESENTATION('',(#4206),#4210);
#4206 = LINE('',#4207,#4208);
#4207 = CARTESIAN_POINT('',(0.,0.));
#4208 = VECTOR('',#4209,1.);
#4209 = DIRECTION('',(1.,0.));
#4210 = ( GEOMETRIC_REPRESENTATION_CONTEXT(2) 
PARAMETRIC_REPRESENTATION_CONTEXT() REPRESENTATION_CONTEXT('2D SPACE',''
  ) );
#4211 = PCURVE('',#4212,#4217);
#4212 = PLANE('',#4213);
#4213 = AXIS2_PLACEMENT_3D('',#4214,#4215,#4216);
#4214 = CARTESIAN_POINT('',(103.14661005817,-52.20019191938,
    25.138287525255));
#4215 = DIRECTION('',(0.,-0.433883739118,-0.900968867902));
#4216 = DIRECTION('',(1.,0.,0.));
#4217 = DEFINITIONAL_REPRESENTATION('',(#4218),#4222);
#4218 = CIRCLE('',#4219,12.5);
#4219 = AXIS2_PLACEMENT_2D('',#4220,#4221);
#4220 = CARTESIAN_POINT('',(0.,0.));
#4221 = DIRECTION('',(1.,0.));
#4222 = ( GEOMETRIC_REPRESENTATION_CONTEXT(2) 
PARAMETRIC_REPRESENTATION_CONTEXT() REPRESENTATION_CONTEXT('2D SPACE',''
  ) );
#4223 = ORIENTED_EDGE('',*,*,#4173,.T.);
#4224 = ADVANCED_FACE('',(#4225,#4256),#4161,.F.);
#4225 = FACE_BOUND('',#4226,.F.);
#4226 = EDGE_LOOP('',(#4227));
#4227 = ORIENTED_EDGE('',*,*,#4228,.T.);
#4228 = EDGE_CURVE('',#4229,#4229,#4231,.T.);
#4229 = VERTEX_POINT('',#4230);
#4230 = CARTESIAN_POINT('',(106.24661005817,-52.20019191938,
    25.138287525255));
#4231 = SURFACE_CURVE('',#4232,(#4237,#4244),.PCURVE_S1.);
#4232 = CIRCLE('',#4233,3.1);
#4233 = AXIS2_PLACEMENT_3D('',#4234,#4235,#4236);
#4234 = CARTESIAN_POINT('',(103.14661005817,-52.20019191938,
    25.138287525255));
#4235 = DIRECTION('',(0.,-0.433883739118,-0.900968867902));
#4236 = DIRECTION('',(1.,0.,0.));
#4237 = PCURVE('',#4161,#4238);
#4238 = DEFINITIONAL_REPRESENTATION('',(#4239),#4243);
#4239 = CIRCLE('',#4240,3.1);
#4240 = AXIS2_PLACEMENT_2D('',#4241,#4242);
#4241 = CARTESIAN_POINT('',(0.,0.));
#4242 = DIRECTION('',(1.,0.));
#4243 = ( GEOMETRIC_REPRESENTATION_CONTEXT(2) 
PARAMETRIC_REPRESENTATION_CONTEXT() REPRESENTATION_CONTEXT('2D SPACE',''
  ) );
#4244 = PCURVE('',#4245,#4250);
#4245 = TOROIDAL_SURFACE('',#4246,7.5,4.4);
#4246 = AXIS2_PLACEMENT_3D('',#4247,#4248,#4249);
#4247 = CARTESIAN_POINT('',(103.14661005817,-52.20019191938,
    25.138287525255));
#4248 = DIRECTION('',(0.,-0.433883739118,-0.900968867902));
#4249 = DIRECTION('',(1.,0.,0.));
#4250 = DEFINITIONAL_REPRESENTATION('',(#4251),#4255);
#4251 = LINE('',#4252,#4253);
#4252 = CARTESIAN_POINT('',(0.,3.14159265359));
#4253 = VECTOR('',#4254,1.);
#4254 = DIRECTION('',(1.,0.));
#4255 = ( GEOMETRIC_REPRESENTATION_CONTEXT(2) 
PARAMETRIC_REPRESENTATION_CONTEXT() REPRESENTATION_CONTEXT('2D SPACE',''
  ) );
#4256 = FACE_BOUND('',#4257,.F.);
#4257 = EDGE_LOOP('',(#4258));
#4258 = ORIENTED_EDGE('',*,*,#4139,.F.);
#4259 = ADVANCED_FACE('',(#4260,#4263),#4212,.F.);
#4260 = FACE_BOUND('',#4261,.F.);
#4261 = EDGE_LOOP('',(#4262));
#4262 = ORIENTED_EDGE('',*,*,#4197,.T.);
#4263 = FACE_BOUND('',#4264,.F.);
#4264 = EDGE_LOOP('',(#4265));
#4265 = ORIENTED_EDGE('',*,*,#4266,.F.);
#4266 = EDGE_CURVE('',#4267,#4267,#4269,.T.);
#4267 = VERTEX_POINT('',#4268);
#4268 = CARTESIAN_POINT('',(115.04661005817,-52.20019191938,
    25.138287525255));
#4269 = SURFACE_CURVE('',#4270,(#4275,#4282),.PCURVE_S1.);
#4270 = CIRCLE('',#4271,11.9);
#4271 = AXIS2_PLACEMENT_3D('',#4272,#4273,#4274);
#4272 = CARTESIAN_POINT('',(103.14661005817,-52.20019191938,
    25.138287525255));
#4273 = DIRECTION('',(0.,-0.433883739118,-0.900968867902));
#4274 = DIRECTION('',(1.,0.,0.));
#4275 = PCURVE('',#4212,#4276);
#4276 = DEFINITIONAL_REPRESENTATION('',(#4277),#4281);
#4277 = CIRCLE('',#4278,11.9);
#4278 = AXIS2_PLACEMENT_2D('',#4279,#4280);
#4279 = CARTESIAN_POINT('',(0.,0.));
#4280 = DIRECTION('',(1.,0.));
#4281 = ( GEOMETRIC_REPRESENTATION_CONTEXT(2) 
PARAMETRIC_REPRESENTATION_CONTEXT() REPRESENTATION_CONTEXT('2D SPACE',''
  ) );
#4282 = PCURVE('',#4245,#4283);
#4283 = DEFINITIONAL_REPRESENTATION('',(#4284),#4288);
#4284 = LINE('',#4285,#4286);
#4285 = CARTESIAN_POINT('',(0.,0.));
#4286 = VECTOR('',#4287,1.);
#4287 = DIRECTION('',(1.,0.));
#4288 = ( GEOMETRIC_REPRESENTATION_CONTEXT(2) 
PARAMETRIC_REPRESENTATION_CONTEXT() REPRESENTATION_CONTEXT('2D SPACE',''
  ) );
#4289 = ADVANCED_FACE('',(#4290),#4245,.F.);
#4290 = FACE_BOUND('',#4291,.F.);
#4291 = EDGE_LOOP('',(#4292,#4293,#4315,#4316));
#4292 = ORIENTED_EDGE('',*,*,#4228,.F.);
#4293 = ORIENTED_EDGE('',*,*,#4294,.F.);
#4294 = EDGE_CURVE('',#4267,#4229,#4295,.T.);
#4295 = SEAM_CURVE('',#4296,(#4301,#4308),.PCURVE_S1.);
#4296 = CIRCLE('',#4297,4.4);
#4297 = AXIS2_PLACEMENT_3D('',#4298,#4299,#4300);
#4298 = CARTESIAN_POINT('',(110.64661005817,-52.20019191938,
    25.138287525255));
#4299 = DIRECTION('',(-2.449293598295E-16,0.900968867902,-0.433883739118
    ));
#4300 = DIRECTION('',(1.,2.206737280416E-16,-1.062708664625E-16));
#4301 = PCURVE('',#4245,#4302);
#4302 = DEFINITIONAL_REPRESENTATION('',(#4303),#4307);
#4303 = LINE('',#4304,#4305);
#4304 = CARTESIAN_POINT('',(6.28318530718,-0.));
#4305 = VECTOR('',#4306,1.);
#4306 = DIRECTION('',(0.,1.));
#4307 = ( GEOMETRIC_REPRESENTATION_CONTEXT(2) 
PARAMETRIC_REPRESENTATION_CONTEXT() REPRESENTATION_CONTEXT('2D SPACE',''
  ) );
#4308 = PCURVE('',#4245,#4309);
#4309 = DEFINITIONAL_REPRESENTATION('',(#4310),#4314);
#4310 = LINE('',#4311,#4312);
#4311 = CARTESIAN_POINT('',(0.,-0.));
#4312 = VECTOR('',#4313,1.);
#4313 = DIRECTION('',(0.,1.));
#4314 = ( GEOMETRIC_REPRESENTATION_CONTEXT(2) 
PARAMETRIC_REPRESENTATION_CONTEXT() REPRESENTATION_CONTEXT('2D SPACE',''
  ) );
#4315 = ORIENTED_EDGE('',*,*,#4266,.T.);
#4316 = ORIENTED_EDGE('',*,*,#4294,.T.);
#4317 = ( GEOMETRIC_REPRESENTATION_CONTEXT(3) 
GLOBAL_UNCERTAINTY_ASSIGNED_CONTEXT((#4321)) 
GLOBAL_UNIT_ASSIGNED_CONTEXT((#4318,#4319,#4320)) REPRESENTATION_CONTEXT
('Context #1','3D Context with UNIT and UNCERTAINTY') );
#4318 = ( LENGTH_UNIT() NAMED_UNIT(*) SI_UNIT(.MILLI.,.METRE.) );
#4319 = ( NAMED_UNIT(*) PLANE_ANGLE_UNIT() SI_UNIT($,.RADIAN.) );
#4320 = ( NAMED_UNIT(*) SI_UNIT($,.STERADIAN.) SOLID_ANGLE_UNIT() );
#4321 = UNCERTAINTY_MEASURE_WITH_UNIT(LENGTH_MEASURE(1.E-07),#4318,
  'distance_accuracy_value','confusion accuracy');
#4322 = CONTEXT_DEPENDENT_SHAPE_REPRESENTATION(#4323,#4325);
#4323 = ( REPRESENTATION_RELATIONSHIP('','',#4132,#3900) 
REPRESENTATION_RELATIONSHIP_WITH_TRANSFORMATION(#4324) 
SHAPE_REPRESENTATION_RELATIONSHIP() );
#4324 = ITEM_DEFINED_TRANSFORMATION('','',#11,#3905);
#4325 = PRODUCT_DEFINITION_SHAPE('Placement','Placement of an item',
  #4326);
#4326 = NEXT_ASSEMBLY_USAGE_OCCURRENCE('89','','',#3895,#4127,$);
#4327 = PRODUCT_RELATED_PRODUCT_CATEGORY('part',$,(#4129));
#4328 = SHAPE_DEFINITION_REPRESENTATION(#4329,#4335);
#4329 = PRODUCT_DEFINITION_SHAPE('','',#4330);
#4330 = PRODUCT_DEFINITION('design','',#4331,#4334);
#4331 = PRODUCT_DEFINITION_FORMATION('','',#4332);
#4332 = PRODUCT('Open CASCADE STEP translator 7.9 14.7.3',
  'Open CASCADE STEP translator 7.9 14.7.3','',(#4333));
#4333 = PRODUCT_CONTEXT('',#2,'mechanical');
#4334 = PRODUCT_DEFINITION_CONTEXT('part definition',#2,'design');
#4335 = ADVANCED_BREP_SHAPE_REPRESENTATION('',(#11,#4336),#4518);
#4336 = MANIFOLD_SOLID_BREP('',#4337);
#4337 = CLOSED_SHELL('',(#4338,#4406,#4461,#4491));
#4338 = ADVANCED_FACE('',(#4339,#4375),#4352,.F.);
#4339 = FACE_BOUND('',#4340,.T.);
#4340 = EDGE_LOOP('',(#4341));
#4341 = ORIENTED_EDGE('',*,*,#4342,.T.);
#4342 = EDGE_CURVE('',#4343,#4343,#4345,.T.);
#4343 = VERTEX_POINT('',#4344);
#4344 = CARTESIAN_POINT('',(88.616775694169,-49.40718842888,
    23.793247933991));
#4345 = SURFACE_CURVE('',#4346,(#4351,#4363),.PCURVE_S1.);
#4346 = CIRCLE('',#4347,4.4);
#4347 = AXIS2_PLACEMENT_3D('',#4348,#4349,#4350);
#4348 = CARTESIAN_POINT('',(88.616775694169,-45.44292541011,
    21.884159481873));
#4349 = DIRECTION('',(1.,0.,0.));
#4350 = DIRECTION('',(0.,-0.900968867902,0.433883739118));
#4351 = PCURVE('',#4352,#4357);
#4352 = PLANE('',#4353);
#4353 = AXIS2_PLACEMENT_3D('',#4354,#4355,#4356);
#4354 = CARTESIAN_POINT('',(88.616775694169,-45.44292541011,
    21.884159481873));
#4355 = DIRECTION('',(1.,0.,0.));
#4356 = DIRECTION('',(-0.,-0.900968867902,0.433883739118));
#4357 = DEFINITIONAL_REPRESENTATION('',(#4358),#4362);
#4358 = CIRCLE('',#4359,4.4);
#4359 = AXIS2_PLACEMENT_2D('',#4360,#4361);
#4360 = CARTESIAN_POINT('',(0.,0.));
#4361 = DIRECTION('',(1.,-0.));
#4362 = ( GEOMETRIC_REPRESENTATION_CONTEXT(2) 
PARAMETRIC_REPRESENTATION_CONTEXT() REPRESENTATION_CONTEXT('2D SPACE',''
  ) );
#4363 = PCURVE('',#4364,#4369);
#4364 = CYLINDRICAL_SURFACE('',#4365,4.4);
#4365 = AXIS2_PLACEMENT_3D('',#4366,#4367,#4368);
#4366 = CARTESIAN_POINT('',(103.14661005817,-45.44292541011,
    21.884159481873));
#4367 = DIRECTION('',(-1.,0.,0.));
#4368 = DIRECTION('',(0.,-0.900968867902,0.433883739118));
#4369 = DEFINITIONAL_REPRESENTATION('',(#4370),#4374);
#4370 = LINE('',#4371,#4372);
#4371 = CARTESIAN_POINT('',(-0.,14.52983436401));
#4372 = VECTOR('',#4373,1.);
#4373 = DIRECTION('',(-1.,0.));
#4374 = ( GEOMETRIC_REPRESENTATION_CONTEXT(2) 
PARAMETRIC_REPRESENTATION_CONTEXT() REPRESENTATION_CONTEXT('2D SPACE',''
  ) );
#4375 = FACE_BOUND('',#4376,.T.);
#4376 = EDGE_LOOP('',(#4377));
#4377 = ORIENTED_EDGE('',*,*,#4378,.F.);
#4378 = EDGE_CURVE('',#4379,#4379,#4381,.T.);
#4379 = VERTEX_POINT('',#4380);
#4380 = CARTESIAN_POINT('',(88.616775694169,-49.94776974962,
    24.053578177461));
#4381 = SURFACE_CURVE('',#4382,(#4387,#4394),.PCURVE_S1.);
#4382 = CIRCLE('',#4383,5.);
#4383 = AXIS2_PLACEMENT_3D('',#4384,#4385,#4386);
#4384 = CARTESIAN_POINT('',(88.616775694169,-45.44292541011,
    21.884159481873));
#4385 = DIRECTION('',(1.,0.,0.));
#4386 = DIRECTION('',(0.,-0.900968867902,0.433883739118));
#4387 = PCURVE('',#4352,#4388);
#4388 = DEFINITIONAL_REPRESENTATION('',(#4389),#4393);
#4389 = CIRCLE('',#4390,5.);
#4390 = AXIS2_PLACEMENT_2D('',#4391,#4392);
#4391 = CARTESIAN_POINT('',(0.,0.));
#4392 = DIRECTION('',(1.,-0.));
#4393 = ( GEOMETRIC_REPRESENTATION_CONTEXT(2) 
PARAMETRIC_REPRESENTATION_CONTEXT() REPRESENTATION_CONTEXT('2D SPACE',''
  ) );
#4394 = PCURVE('',#4395,#4400);
#4395 = CYLINDRICAL_SURFACE('',#4396,5.);
#4396 = AXIS2_PLACEMENT_3D('',#4397,#4398,#4399);
#4397 = CARTESIAN_POINT('',(88.616775694169,-45.44292541011,
    21.884159481873));
#4398 = DIRECTION('',(1.,0.,0.));
#4399 = DIRECTION('',(0.,-0.900968867902,0.433883739118));
#4400 = DEFINITIONAL_REPRESENTATION('',(#4401),#4405);
#4401 = LINE('',#4402,#4403);
#4402 = CARTESIAN_POINT('',(0.,0.));
#4403 = VECTOR('',#4404,1.);
#4404 = DIRECTION('',(1.,0.));
#4405 = ( GEOMETRIC_REPRESENTATION_CONTEXT(2) 
PARAMETRIC_REPRESENTATION_CONTEXT() REPRESENTATION_CONTEXT('2D SPACE',''
  ) );
#4406 = ADVANCED_FACE('',(#4407),#4395,.T.);
#4407 = FACE_BOUND('',#4408,.T.);
#4408 = EDGE_LOOP('',(#4409,#4410,#4433,#4460));
#4409 = ORIENTED_EDGE('',*,*,#4378,.T.);
#4410 = ORIENTED_EDGE('',*,*,#4411,.T.);
#4411 = EDGE_CURVE('',#4379,#4412,#4414,.T.);
#4412 = VERTEX_POINT('',#4413);
#4413 = CARTESIAN_POINT('',(103.14661005817,-49.94776974962,
    24.053578177461));
#4414 = SEAM_CURVE('',#4415,(#4419,#4426),.PCURVE_S1.);
#4415 = LINE('',#4416,#4417);
#4416 = CARTESIAN_POINT('',(88.616775694169,-49.94776974962,
    24.053578177461));
#4417 = VECTOR('',#4418,1.);
#4418 = DIRECTION('',(1.,0.,0.));
#4419 = PCURVE('',#4395,#4420);
#4420 = DEFINITIONAL_REPRESENTATION('',(#4421),#4425);
#4421 = LINE('',#4422,#4423);
#4422 = CARTESIAN_POINT('',(0.,0.));
#4423 = VECTOR('',#4424,1.);
#4424 = DIRECTION('',(0.,1.));
#4425 = ( GEOMETRIC_REPRESENTATION_CONTEXT(2) 
PARAMETRIC_REPRESENTATION_CONTEXT() REPRESENTATION_CONTEXT('2D SPACE',''
  ) );
#4426 = PCURVE('',#4395,#4427);
#4427 = DEFINITIONAL_REPRESENTATION('',(#4428),#4432);
#4428 = LINE('',#4429,#4430);
#4429 = CARTESIAN_POINT('',(6.28318530718,0.));
#4430 = VECTOR('',#4431,1.);
#4431 = DIRECTION('',(0.,1.));
#4432 = ( GEOMETRIC_REPRESENTATION_CONTEXT(2) 
PARAMETRIC_REPRESENTATION_CONTEXT() REPRESENTATION_CONTEXT('2D SPACE',''
  ) );
#4433 = ORIENTED_EDGE('',*,*,#4434,.F.);
#4434 = EDGE_CURVE('',#4412,#4412,#4435,.T.);
#4435 = SURFACE_CURVE('',#4436,(#4441,#4448),.PCURVE_S1.);
#4436 = CIRCLE('',#4437,5.);
#4437 = AXIS2_PLACEMENT_3D('',#4438,#4439,#4440);
#4438 = CARTESIAN_POINT('',(103.14661005817,-45.44292541011,
    21.884159481873));
#4439 = DIRECTION('',(1.,0.,0.));
#4440 = DIRECTION('',(0.,-0.900968867902,0.433883739118));
#4441 = PCURVE('',#4395,#4442);
#4442 = DEFINITIONAL_REPRESENTATION('',(#4443),#4447);
#4443 = LINE('',#4444,#4445);
#4444 = CARTESIAN_POINT('',(0.,14.52983436401));
#4445 = VECTOR('',#4446,1.);
#4446 = DIRECTION('',(1.,0.));
#4447 = ( GEOMETRIC_REPRESENTATION_CONTEXT(2) 
PARAMETRIC_REPRESENTATION_CONTEXT() REPRESENTATION_CONTEXT('2D SPACE',''
  ) );
#4448 = PCURVE('',#4449,#4454);
#4449 = PLANE('',#4450);
#4450 = AXIS2_PLACEMENT_3D('',#4451,#4452,#4453);
#4451 = CARTESIAN_POINT('',(103.14661005817,-45.44292541011,
    21.884159481873));
#4452 = DIRECTION('',(1.,0.,0.));
#4453 = DIRECTION('',(0.,-0.900968867902,0.433883739118));
#4454 = DEFINITIONAL_REPRESENTATION('',(#4455),#4459);
#4455 = CIRCLE('',#4456,5.);
#4456 = AXIS2_PLACEMENT_2D('',#4457,#4458);
#4457 = CARTESIAN_POINT('',(0.,0.));
#4458 = DIRECTION('',(1.,0.));
#4459 = ( GEOMETRIC_REPRESENTATION_CONTEXT(2) 
PARAMETRIC_REPRESENTATION_CONTEXT() REPRESENTATION_CONTEXT('2D SPACE',''
  ) );
#4460 = ORIENTED_EDGE('',*,*,#4411,.F.);
#4461 = ADVANCED_FACE('',(#4462,#4465),#4449,.T.);
#4462 = FACE_BOUND('',#4463,.T.);
#4463 = EDGE_LOOP('',(#4464));
#4464 = ORIENTED_EDGE('',*,*,#4434,.T.);
#4465 = FACE_BOUND('',#4466,.T.);
#4466 = EDGE_LOOP('',(#4467));
#4467 = ORIENTED_EDGE('',*,*,#4468,.F.);
#4468 = EDGE_CURVE('',#4469,#4469,#4471,.T.);
#4469 = VERTEX_POINT('',#4470);
#4470 = CARTESIAN_POINT('',(103.14661005817,-49.40718842888,
    23.793247933991));
#4471 = SURFACE_CURVE('',#4472,(#4477,#4484),.PCURVE_S1.);
#4472 = CIRCLE('',#4473,4.4);
#4473 = AXIS2_PLACEMENT_3D('',#4474,#4475,#4476);
#4474 = CARTESIAN_POINT('',(103.14661005817,-45.44292541011,
    21.884159481873));
#4475 = DIRECTION('',(1.,0.,0.));
#4476 = DIRECTION('',(0.,-0.900968867902,0.433883739118));
#4477 = PCURVE('',#4449,#4478);
#4478 = DEFINITIONAL_REPRESENTATION('',(#4479),#4483);
#4479 = CIRCLE('',#4480,4.4);
#4480 = AXIS2_PLACEMENT_2D('',#4481,#4482);
#4481 = CARTESIAN_POINT('',(0.,0.));
#4482 = DIRECTION('',(1.,0.));
#4483 = ( GEOMETRIC_REPRESENTATION_CONTEXT(2) 
PARAMETRIC_REPRESENTATION_CONTEXT() REPRESENTATION_CONTEXT('2D SPACE',''
  ) );
#4484 = PCURVE('',#4364,#4485);
#4485 = DEFINITIONAL_REPRESENTATION('',(#4486),#4490);
#4486 = LINE('',#4487,#4488);
#4487 = CARTESIAN_POINT('',(-0.,0.));
#4488 = VECTOR('',#4489,1.);
#4489 = DIRECTION('',(-1.,0.));
#4490 = ( GEOMETRIC_REPRESENTATION_CONTEXT(2) 
PARAMETRIC_REPRESENTATION_CONTEXT() REPRESENTATION_CONTEXT('2D SPACE',''
  ) );
#4491 = ADVANCED_FACE('',(#4492),#4364,.F.);
#4492 = FACE_BOUND('',#4493,.T.);
#4493 = EDGE_LOOP('',(#4494,#4495,#4516,#4517));
#4494 = ORIENTED_EDGE('',*,*,#4468,.T.);
#4495 = ORIENTED_EDGE('',*,*,#4496,.T.);
#4496 = EDGE_CURVE('',#4469,#4343,#4497,.T.);
#4497 = SEAM_CURVE('',#4498,(#4502,#4509),.PCURVE_S1.);
#4498 = LINE('',#4499,#4500);
#4499 = CARTESIAN_POINT('',(103.14661005817,-49.40718842888,
    23.793247933991));
#4500 = VECTOR('',#4501,1.);
#4501 = DIRECTION('',(-1.,-0.,0.));
#4502 = PCURVE('',#4364,#4503);
#4503 = DEFINITIONAL_REPRESENTATION('',(#4504),#4508);
#4504 = LINE('',#4505,#4506);
#4505 = CARTESIAN_POINT('',(-0.,0.));
#4506 = VECTOR('',#4507,1.);
#4507 = DIRECTION('',(-0.,1.));
#4508 = ( GEOMETRIC_REPRESENTATION_CONTEXT(2) 
PARAMETRIC_REPRESENTATION_CONTEXT() REPRESENTATION_CONTEXT('2D SPACE',''
  ) );
#4509 = PCURVE('',#4364,#4510);
#4510 = DEFINITIONAL_REPRESENTATION('',(#4511),#4515);
#4511 = LINE('',#4512,#4513);
#4512 = CARTESIAN_POINT('',(-6.28318530718,0.));
#4513 = VECTOR('',#4514,1.);
#4514 = DIRECTION('',(-0.,1.));
#4515 = ( GEOMETRIC_REPRESENTATION_CONTEXT(2) 
PARAMETRIC_REPRESENTATION_CONTEXT() REPRESENTATION_CONTEXT('2D SPACE',''
  ) );
#4516 = ORIENTED_EDGE('',*,*,#4342,.F.);
#4517 = ORIENTED_EDGE('',*,*,#4496,.F.);
#4518 = ( GEOMETRIC_REPRESENTATION_CONTEXT(3) 
GLOBAL_UNCERTAINTY_ASSIGNED_CONTEXT((#4522)) 
GLOBAL_UNIT_ASSIGNED_CONTEXT((#4519,#4520,#4521)) REPRESENTATION_CONTEXT
('Context #1','3D Context with UNIT and UNCERTAINTY') );
#4519 = ( LENGTH_UNIT() NAMED_UNIT(*) SI_UNIT(.MILLI.,.METRE.) );
#4520 = ( NAMED_UNIT(*) PLANE_ANGLE_UNIT() SI_UNIT($,.RADIAN.) );
#4521 = ( NAMED_UNIT(*) SI_UNIT($,.STERADIAN.) SOLID_ANGLE_UNIT() );
#4522 = UNCERTAINTY_MEASURE_WITH_UNIT(LENGTH_MEASURE(1.E-07),#4519,
  'distance_accuracy_value','confusion accuracy');
#4523 = CONTEXT_DEPENDENT_SHAPE_REPRESENTATION(#4524,#4526);
#4524 = ( REPRESENTATION_RELATIONSHIP('','',#4335,#3900) 
REPRESENTATION_RELATIONSHIP_WITH_TRANSFORMATION(#4525) 
SHAPE_REPRESENTATION_RELATIONSHIP() );
#4525 = ITEM_DEFINED_TRANSFORMATION('','',#11,#3909);
#4526 = PRODUCT_DEFINITION_SHAPE('Placement','Placement of an item',
  #4527);
#4527 = NEXT_ASSEMBLY_USAGE_OCCURRENCE('90','','',#3895,#4330,$);
#4528 = PRODUCT_RELATED_PRODUCT_CATEGORY('part',$,(#4332));
#4529 = SHAPE_DEFINITION_REPRESENTATION(#4530,#4536);
#4530 = PRODUCT_DEFINITION_SHAPE('','',#4531);
#4531 = PRODUCT_DEFINITION('design','',#4532,#4535);
#4532 = PRODUCT_DEFINITION_FORMATION('','',#4533);
#4533 = PRODUCT('Open CASCADE STEP translator 7.9 14.8',
  'Open CASCADE STEP translator 7.9 14.8','',(#4534));
#4534 = PRODUCT_CONTEXT('',#2,'mechanical');
#4535 = PRODUCT_DEFINITION_CONTEXT('part definition',#2,'design');
#4536 = SHAPE_REPRESENTATION('',(#11,#4537,#4541,#4545),#4549);
#4537 = AXIS2_PLACEMENT_3D('',#4538,#4539,#4540);
#4538 = CARTESIAN_POINT('',(0.,0.,0.));
#4539 = DIRECTION('',(0.,0.,1.));
#4540 = DIRECTION('',(1.,0.,-0.));
#4541 = AXIS2_PLACEMENT_3D('',#4542,#4543,#4544);
#4542 = CARTESIAN_POINT('',(0.,0.,0.));
#4543 = DIRECTION('',(0.,0.,1.));
#4544 = DIRECTION('',(1.,0.,-0.));
#4545 = AXIS2_PLACEMENT_3D('',#4546,#4547,#4548);
#4546 = CARTESIAN_POINT('',(0.,0.,0.));
#4547 = DIRECTION('',(0.,0.,1.));
#4548 = DIRECTION('',(1.,0.,-0.));
#4549 = ( GEOMETRIC_REPRESENTATION_CONTEXT(3) 
GLOBAL_UNCERTAINTY_ASSIGNED_CONTEXT((#4553)) 
GLOBAL_UNIT_ASSIGNED_CONTEXT((#4550,#4551,#4552)) REPRESENTATION_CONTEXT
('Context #1','3D Context with UNIT and UNCERTAINTY') );
#4550 = ( LENGTH_UNIT() NAMED_UNIT(*) SI_UNIT(.MILLI.,.METRE.) );
#4551 = ( NAMED_UNIT(*) PLANE_ANGLE_UNIT() SI_UNIT($,.RADIAN.) );
#4552 = ( NAMED_UNIT(*) SI_UNIT($,.STERADIAN.) SOLID_ANGLE_UNIT() );
#4553 = UNCERTAINTY_MEASURE_WITH_UNIT(LENGTH_MEASURE(1.E-07),#4550,
  'distance_accuracy_value','confusion accuracy');
#4554 = CONTEXT_DEPENDENT_SHAPE_REPRESENTATION(#4555,#4557);
#4555 = ( REPRESENTATION_RELATIONSHIP('','',#4536,#10) 
REPRESENTATION_RELATIONSHIP_WITH_TRANSFORMATION(#4556) 
SHAPE_REPRESENTATION_RELATIONSHIP() );
#4556 = ITEM_DEFINED_TRANSFORMATION('','',#11,#43);
#4557 = PRODUCT_DEFINITION_SHAPE('Placement','Placement of an item',
  #4558);
#4558 = NEXT_ASSEMBLY_USAGE_OCCURRENCE('95','','',#5,#4531,$);
#4559 = PRODUCT_RELATED_PRODUCT_CATEGORY('part',$,(#4533));
#4560 = SHAPE_DEFINITION_REPRESENTATION(#4561,#4567);
#4561 = PRODUCT_DEFINITION_SHAPE('','',#4562);
#4562 = PRODUCT_DEFINITION('design','',#4563,#4566);
#4563 = PRODUCT_DEFINITION_FORMATION('','',#4564);
#4564 = PRODUCT('Open CASCADE STEP translator 7.9 14.8.1',
  'Open CASCADE STEP translator 7.9 14.8.1','',(#4565));
#4565 = PRODUCT_CONTEXT('',#2,'mechanical');
#4566 = PRODUCT_DEFINITION_CONTEXT('part definition',#2,'design');
#4567 = ADVANCED_BREP_SHAPE_REPRESENTATION('',(#11,#4568),#4750);
#4568 = MANIFOLD_SOLID_BREP('',#4569);
#4569 = CLOSED_SHELL('',(#4570,#4638,#4693,#4723));
#4570 = ADVANCED_FACE('',(#4571,#4607),#4584,.F.);
#4571 = FACE_BOUND('',#4572,.T.);
#4572 = EDGE_LOOP('',(#4573));
#4573 = ORIENTED_EDGE('',*,*,#4574,.T.);
#4574 = EDGE_CURVE('',#4575,#4575,#4577,.T.);
#4575 = VERTEX_POINT('',#4576);
#4576 = CARTESIAN_POINT('',(53.63279758958,-69.83784200436,
    8.552668967E-15));
#4577 = SURFACE_CURVE('',#4578,(#4583,#4595),.PCURVE_S1.);
#4578 = CIRCLE('',#4579,4.4);
#4579 = AXIS2_PLACEMENT_3D('',#4580,#4581,#4582);
#4580 = CARTESIAN_POINT('',(53.63279758958,-65.43784200436,
    8.013824375375E-15));
#4581 = DIRECTION('',(1.,0.,0.));
#4582 = DIRECTION('',(0.,-1.,1.224646799147E-16));
#4583 = PCURVE('',#4584,#4589);
#4584 = PLANE('',#4585);
#4585 = AXIS2_PLACEMENT_3D('',#4586,#4587,#4588);
#4586 = CARTESIAN_POINT('',(53.63279758958,-65.43784200436,
    8.013824375375E-15));
#4587 = DIRECTION('',(1.,0.,0.));
#4588 = DIRECTION('',(-0.,-1.,1.224646799147E-16));
#4589 = DEFINITIONAL_REPRESENTATION('',(#4590),#4594);
#4590 = CIRCLE('',#4591,4.4);
#4591 = AXIS2_PLACEMENT_2D('',#4592,#4593);
#4592 = CARTESIAN_POINT('',(0.,0.));
#4593 = DIRECTION('',(1.,-0.));
#4594 = ( GEOMETRIC_REPRESENTATION_CONTEXT(2) 
PARAMETRIC_REPRESENTATION_CONTEXT() REPRESENTATION_CONTEXT('2D SPACE',''
  ) );
#4595 = PCURVE('',#4596,#4601);
#4596 = CYLINDRICAL_SURFACE('',#4597,4.4);
#4597 = AXIS2_PLACEMENT_3D('',#4598,#4599,#4600);
#4598 = CARTESIAN_POINT('',(103.14661005817,-65.43784200436,
    8.013824375375E-15));
#4599 = DIRECTION('',(-1.,0.,0.));
#4600 = DIRECTION('',(0.,-1.,1.224646799147E-16));
#4601 = DEFINITIONAL_REPRESENTATION('',(#4602),#4606);
#4602 = LINE('',#4603,#4604);
#4603 = CARTESIAN_POINT('',(-0.,49.513812468599));
#4604 = VECTOR('',#4605,1.);
#4605 = DIRECTION('',(-1.,0.));
#4606 = ( GEOMETRIC_REPRESENTATION_CONTEXT(2) 
PARAMETRIC_REPRESENTATION_CONTEXT() REPRESENTATION_CONTEXT('2D SPACE',''
  ) );
#4607 = FACE_BOUND('',#4608,.T.);
#4608 = EDGE_LOOP('',(#4609));
#4609 = ORIENTED_EDGE('',*,*,#4610,.F.);
#4610 = EDGE_CURVE('',#4611,#4611,#4613,.T.);
#4611 = VERTEX_POINT('',#4612);
#4612 = CARTESIAN_POINT('',(53.63279758958,-70.43784200436,
    8.626147774949E-15));
#4613 = SURFACE_CURVE('',#4614,(#4619,#4626),.PCURVE_S1.);
#4614 = CIRCLE('',#4615,5.);
#4615 = AXIS2_PLACEMENT_3D('',#4616,#4617,#4618);
#4616 = CARTESIAN_POINT('',(53.63279758958,-65.43784200436,
    8.013824375375E-15));
#4617 = DIRECTION('',(1.,0.,0.));
#4618 = DIRECTION('',(0.,-1.,1.224646799147E-16));
#4619 = PCURVE('',#4584,#4620);
#4620 = DEFINITIONAL_REPRESENTATION('',(#4621),#4625);
#4621 = CIRCLE('',#4622,5.);
#4622 = AXIS2_PLACEMENT_2D('',#4623,#4624);
#4623 = CARTESIAN_POINT('',(0.,0.));
#4624 = DIRECTION('',(1.,-0.));
#4625 = ( GEOMETRIC_REPRESENTATION_CONTEXT(2) 
PARAMETRIC_REPRESENTATION_CONTEXT() REPRESENTATION_CONTEXT('2D SPACE',''
  ) );
#4626 = PCURVE('',#4627,#4632);
#4627 = CYLINDRICAL_SURFACE('',#4628,5.);
#4628 = AXIS2_PLACEMENT_3D('',#4629,#4630,#4631);
#4629 = CARTESIAN_POINT('',(53.63279758958,-65.43784200436,
    8.013824375375E-15));
#4630 = DIRECTION('',(1.,0.,0.));
#4631 = DIRECTION('',(0.,-1.,1.224646799147E-16));
#4632 = DEFINITIONAL_REPRESENTATION('',(#4633),#4637);
#4633 = LINE('',#4634,#4635);
#4634 = CARTESIAN_POINT('',(0.,0.));
#4635 = VECTOR('',#4636,1.);
#4636 = DIRECTION('',(1.,0.));
#4637 = ( GEOMETRIC_REPRESENTATION_CONTEXT(2) 
PARAMETRIC_REPRESENTATION_CONTEXT() REPRESENTATION_CONTEXT('2D SPACE',''
  ) );
#4638 = ADVANCED_FACE('',(#4639),#4627,.T.);
#4639 = FACE_BOUND('',#4640,.T.);
#4640 = EDGE_LOOP('',(#4641,#4642,#4665,#4692));
#4641 = ORIENTED_EDGE('',*,*,#4610,.T.);
#4642 = ORIENTED_EDGE('',*,*,#4643,.T.);
#4643 = EDGE_CURVE('',#4611,#4644,#4646,.T.);
#4644 = VERTEX_POINT('',#4645);
#4645 = CARTESIAN_POINT('',(103.14661005817,-70.43784200436,
    8.626147774949E-15));
#4646 = SEAM_CURVE('',#4647,(#4651,#4658),.PCURVE_S1.);
#4647 = LINE('',#4648,#4649);
#4648 = CARTESIAN_POINT('',(53.63279758958,-70.43784200436,
    8.626147774949E-15));
#4649 = VECTOR('',#4650,1.);
#4650 = DIRECTION('',(1.,0.,0.));
#4651 = PCURVE('',#4627,#4652);
#4652 = DEFINITIONAL_REPRESENTATION('',(#4653),#4657);
#4653 = LINE('',#4654,#4655);
#4654 = CARTESIAN_POINT('',(0.,0.));
#4655 = VECTOR('',#4656,1.);
#4656 = DIRECTION('',(0.,1.));
#4657 = ( GEOMETRIC_REPRESENTATION_CONTEXT(2) 
PARAMETRIC_REPRESENTATION_CONTEXT() REPRESENTATION_CONTEXT('2D SPACE',''
  ) );
#4658 = PCURVE('',#4627,#4659);
#4659 = DEFINITIONAL_REPRESENTATION('',(#4660),#4664);
#4660 = LINE('',#4661,#4662);
#4661 = CARTESIAN_POINT('',(6.28318530718,0.));
#4662 = VECTOR('',#4663,1.);
#4663 = DIRECTION('',(0.,1.));
#4664 = ( GEOMETRIC_REPRESENTATION_CONTEXT(2) 
PARAMETRIC_REPRESENTATION_CONTEXT() REPRESENTATION_CONTEXT('2D SPACE',''
  ) );
#4665 = ORIENTED_EDGE('',*,*,#4666,.F.);
#4666 = EDGE_CURVE('',#4644,#4644,#4667,.T.);
#4667 = SURFACE_CURVE('',#4668,(#4673,#4680),.PCURVE_S1.);
#4668 = CIRCLE('',#4669,5.);
#4669 = AXIS2_PLACEMENT_3D('',#4670,#4671,#4672);
#4670 = CARTESIAN_POINT('',(103.14661005817,-65.43784200436,
    8.013824375375E-15));
#4671 = DIRECTION('',(1.,0.,0.));
#4672 = DIRECTION('',(0.,-1.,1.224646799147E-16));
#4673 = PCURVE('',#4627,#4674);
#4674 = DEFINITIONAL_REPRESENTATION('',(#4675),#4679);
#4675 = LINE('',#4676,#4677);
#4676 = CARTESIAN_POINT('',(0.,49.513812468599));
#4677 = VECTOR('',#4678,1.);
#4678 = DIRECTION('',(1.,0.));
#4679 = ( GEOMETRIC_REPRESENTATION_CONTEXT(2) 
PARAMETRIC_REPRESENTATION_CONTEXT() REPRESENTATION_CONTEXT('2D SPACE',''
  ) );
#4680 = PCURVE('',#4681,#4686);
#4681 = PLANE('',#4682);
#4682 = AXIS2_PLACEMENT_3D('',#4683,#4684,#4685);
#4683 = CARTESIAN_POINT('',(103.14661005817,-65.43784200436,
    8.013824375375E-15));
#4684 = DIRECTION('',(1.,0.,0.));
#4685 = DIRECTION('',(0.,-1.,1.224646799147E-16));
#4686 = DEFINITIONAL_REPRESENTATION('',(#4687),#4691);
#4687 = CIRCLE('',#4688,5.);
#4688 = AXIS2_PLACEMENT_2D('',#4689,#4690);
#4689 = CARTESIAN_POINT('',(0.,0.));
#4690 = DIRECTION('',(1.,0.));
#4691 = ( GEOMETRIC_REPRESENTATION_CONTEXT(2) 
PARAMETRIC_REPRESENTATION_CONTEXT() REPRESENTATION_CONTEXT('2D SPACE',''
  ) );
#4692 = ORIENTED_EDGE('',*,*,#4643,.F.);
#4693 = ADVANCED_FACE('',(#4694,#4697),#4681,.T.);
#4694 = FACE_BOUND('',#4695,.T.);
#4695 = EDGE_LOOP('',(#4696));
#4696 = ORIENTED_EDGE('',*,*,#4666,.T.);
#4697 = FACE_BOUND('',#4698,.T.);
#4698 = EDGE_LOOP('',(#4699));
#4699 = ORIENTED_EDGE('',*,*,#4700,.F.);
#4700 = EDGE_CURVE('',#4701,#4701,#4703,.T.);
#4701 = VERTEX_POINT('',#4702);
#4702 = CARTESIAN_POINT('',(103.14661005817,-69.83784200436,
    8.552668967E-15));
#4703 = SURFACE_CURVE('',#4704,(#4709,#4716),.PCURVE_S1.);
#4704 = CIRCLE('',#4705,4.4);
#4705 = AXIS2_PLACEMENT_3D('',#4706,#4707,#4708);
#4706 = CARTESIAN_POINT('',(103.14661005817,-65.43784200436,
    8.013824375375E-15));
#4707 = DIRECTION('',(1.,0.,0.));
#4708 = DIRECTION('',(0.,-1.,1.224646799147E-16));
#4709 = PCURVE('',#4681,#4710);
#4710 = DEFINITIONAL_REPRESENTATION('',(#4711),#4715);
#4711 = CIRCLE('',#4712,4.4);
#4712 = AXIS2_PLACEMENT_2D('',#4713,#4714);
#4713 = CARTESIAN_POINT('',(0.,0.));
#4714 = DIRECTION('',(1.,0.));
#4715 = ( GEOMETRIC_REPRESENTATION_CONTEXT(2) 
PARAMETRIC_REPRESENTATION_CONTEXT() REPRESENTATION_CONTEXT('2D SPACE',''
  ) );
#4716 = PCURVE('',#4596,#4717);
#4717 = DEFINITIONAL_REPRESENTATION('',(#4718),#4722);
#4718 = LINE('',#4719,#4720);
#4719 = CARTESIAN_POINT('',(-0.,0.));
#4720 = VECTOR('',#4721,1.);
#4721 = DIRECTION('',(-1.,0.));
#4722 = ( GEOMETRIC_REPRESENTATION_CONTEXT(2) 
PARAMETRIC_REPRESENTATION_CONTEXT() REPRESENTATION_CONTEXT('2D SPACE',''
  ) );
#4723 = ADVANCED_FACE('',(#4724),#4596,.F.);
#4724 = FACE_BOUND('',#4725,.T.);
#4725 = EDGE_LOOP('',(#4726,#4727,#4748,#4749));
#4726 = ORIENTED_EDGE('',*,*,#4700,.T.);
#4727 = ORIENTED_EDGE('',*,*,#4728,.T.);
#4728 = EDGE_CURVE('',#4701,#4575,#4729,.T.);
#4729 = SEAM_CURVE('',#4730,(#4734,#4741),.PCURVE_S1.);
#4730 = LINE('',#4731,#4732);
#4731 = CARTESIAN_POINT('',(103.14661005817,-69.83784200436,
    8.552668967E-15));
#4732 = VECTOR('',#4733,1.);
#4733 = DIRECTION('',(-1.,-0.,0.));
#4734 = PCURVE('',#4596,#4735);
#4735 = DEFINITIONAL_REPRESENTATION('',(#4736),#4740);
#4736 = LINE('',#4737,#4738);
#4737 = CARTESIAN_POINT('',(-0.,0.));
#4738 = VECTOR('',#4739,1.);
#4739 = DIRECTION('',(-0.,1.));
#4740 = ( GEOMETRIC_REPRESENTATION_CONTEXT(2) 
PARAMETRIC_REPRESENTATION_CONTEXT() REPRESENTATION_CONTEXT('2D SPACE',''
  ) );
#4741 = PCURVE('',#4596,#4742);
#4742 = DEFINITIONAL_REPRESENTATION('',(#4743),#4747);
#4743 = LINE('',#4744,#4745);
#4744 = CARTESIAN_POINT('',(-6.28318530718,0.));
#4745 = VECTOR('',#4746,1.);
#4746 = DIRECTION('',(-0.,1.));
#4747 = ( GEOMETRIC_REPRESENTATION_CONTEXT(2) 
PARAMETRIC_REPRESENTATION_CONTEXT() REPRESENTATION_CONTEXT('2D SPACE',''
  ) );
#4748 = ORIENTED_EDGE('',*,*,#4574,.F.);
#4749 = ORIENTED_EDGE('',*,*,#4728,.F.);
#4750 = ( GEOMETRIC_REPRESENTATION_CONTEXT(3) 
GLOBAL_UNCERTAINTY_ASSIGNED_CONTEXT((#4754)) 
GLOBAL_UNIT_ASSIGNED_CONTEXT((#4751,#4752,#4753)) REPRESENTATION_CONTEXT
('Context #1','3D Context with UNIT and UNCERTAINTY') );
#4751 = ( LENGTH_UNIT() NAMED_UNIT(*) SI_UNIT(.MILLI.,.METRE.) );
#4752 = ( NAMED_UNIT(*) PLANE_ANGLE_UNIT() SI_UNIT($,.RADIAN.) );
#4753 = ( NAMED_UNIT(*) SI_UNIT($,.STERADIAN.) SOLID_ANGLE_UNIT() );
#4754 = UNCERTAINTY_MEASURE_WITH_UNIT(LENGTH_MEASURE(1.E-07),#4751,
  'distance_accuracy_value','confusion accuracy');
#4755 = CONTEXT_DEPENDENT_SHAPE_REPRESENTATION(#4756,#4758);
#4756 = ( REPRESENTATION_RELATIONSHIP('','',#4567,#4536) 
REPRESENTATION_RELATIONSHIP_WITH_TRANSFORMATION(#4757) 
SHAPE_REPRESENTATION_RELATIONSHIP() );
#4757 = ITEM_DEFINED_TRANSFORMATION('','',#11,#4537);
#4758 = PRODUCT_DEFINITION_SHAPE('Placement','Placement of an item',
  #4759);
#4759 = NEXT_ASSEMBLY_USAGE_OCCURRENCE('92','','',#4531,#4562,$);
#4760 = PRODUCT_RELATED_PRODUCT_CATEGORY('part',$,(#4564));
#4761 = SHAPE_DEFINITION_REPRESENTATION(#4762,#4768);
#4762 = PRODUCT_DEFINITION_SHAPE('','',#4763);
#4763 = PRODUCT_DEFINITION('design','',#4764,#4767);
#4764 = PRODUCT_DEFINITION_FORMATION('','',#4765);
#4765 = PRODUCT('Open CASCADE STEP translator 7.9 14.8.2',
  'Open CASCADE STEP translator 7.9 14.8.2','',(#4766));
#4766 = PRODUCT_CONTEXT('',#2,'mechanical');
#4767 = PRODUCT_DEFINITION_CONTEXT('part definition',#2,'design');
#4768 = ADVANCED_BREP_SHAPE_REPRESENTATION('',(#11,#4769),#4953);
#4769 = MANIFOLD_SOLID_BREP('',#4770);
#4770 = CLOSED_SHELL('',(#4771,#4860,#4895,#4925));
#4771 = ADVANCED_FACE('',(#4772),#4785,.T.);
#4772 = FACE_BOUND('',#4773,.T.);
#4773 = EDGE_LOOP('',(#4774,#4808,#4832,#4859));
#4774 = ORIENTED_EDGE('',*,*,#4775,.F.);
#4775 = EDGE_CURVE('',#4776,#4776,#4778,.T.);
#4776 = VERTEX_POINT('',#4777);
#4777 = CARTESIAN_POINT('',(105.64661005817,-57.93784200436,
    6.483015876441E-15));
#4778 = SURFACE_CURVE('',#4779,(#4784,#4796),.PCURVE_S1.);
#4779 = CIRCLE('',#4780,2.5);
#4780 = AXIS2_PLACEMENT_3D('',#4781,#4782,#4783);
#4781 = CARTESIAN_POINT('',(103.14661005817,-57.93784200436,
    6.483015876441E-15));
#4782 = DIRECTION('',(0.,-1.224646799147E-16,-1.));
#4783 = DIRECTION('',(1.,0.,0.));
#4784 = PCURVE('',#4785,#4790);
#4785 = TOROIDAL_SURFACE('',#4786,7.5,5.);
#4786 = AXIS2_PLACEMENT_3D('',#4787,#4788,#4789);
#4787 = CARTESIAN_POINT('',(103.14661005817,-57.93784200436,
    7.095339276015E-15));
#4788 = DIRECTION('',(0.,-1.224646799147E-16,-1.));
#4789 = DIRECTION('',(1.,0.,0.));
#4790 = DEFINITIONAL_REPRESENTATION('',(#4791),#4795);
#4791 = LINE('',#4792,#4793);
#4792 = CARTESIAN_POINT('',(0.,3.14159265359));
#4793 = VECTOR('',#4794,1.);
#4794 = DIRECTION('',(1.,0.));
#4795 = ( GEOMETRIC_REPRESENTATION_CONTEXT(2) 
PARAMETRIC_REPRESENTATION_CONTEXT() REPRESENTATION_CONTEXT('2D SPACE',''
  ) );
#4796 = PCURVE('',#4797,#4802);
#4797 = PLANE('',#4798);
#4798 = AXIS2_PLACEMENT_3D('',#4799,#4800,#4801);
#4799 = CARTESIAN_POINT('',(103.14661005817,-57.93784200436,
    6.55649468439E-15));
#4800 = DIRECTION('',(0.,-1.224646799147E-16,-1.));
#4801 = DIRECTION('',(1.,0.,0.));
#4802 = DEFINITIONAL_REPRESENTATION('',(#4803),#4807);
#4803 = CIRCLE('',#4804,2.5);
#4804 = AXIS2_PLACEMENT_2D('',#4805,#4806);
#4805 = CARTESIAN_POINT('',(0.,0.));
#4806 = DIRECTION('',(1.,0.));
#4807 = ( GEOMETRIC_REPRESENTATION_CONTEXT(2) 
PARAMETRIC_REPRESENTATION_CONTEXT() REPRESENTATION_CONTEXT('2D SPACE',''
  ) );
#4808 = ORIENTED_EDGE('',*,*,#4809,.F.);
#4809 = EDGE_CURVE('',#4810,#4776,#4812,.T.);
#4810 = VERTEX_POINT('',#4811);
#4811 = CARTESIAN_POINT('',(115.64661005817,-57.93784200436,
    7.095339276015E-15));
#4812 = SEAM_CURVE('',#4813,(#4818,#4825),.PCURVE_S1.);
#4813 = CIRCLE('',#4814,5.);
#4814 = AXIS2_PLACEMENT_3D('',#4815,#4816,#4817);
#4815 = CARTESIAN_POINT('',(110.64661005817,-57.93784200436,
    7.095339276015E-15));
#4816 = DIRECTION('',(-2.449293598295E-16,1.,-1.224646799147E-16));
#4817 = DIRECTION('',(1.,2.449293598295E-16,-2.999519565324E-32));
#4818 = PCURVE('',#4785,#4819);
#4819 = DEFINITIONAL_REPRESENTATION('',(#4820),#4824);
#4820 = LINE('',#4821,#4822);
#4821 = CARTESIAN_POINT('',(6.28318530718,-0.));
#4822 = VECTOR('',#4823,1.);
#4823 = DIRECTION('',(0.,1.));
#4824 = ( GEOMETRIC_REPRESENTATION_CONTEXT(2) 
PARAMETRIC_REPRESENTATION_CONTEXT() REPRESENTATION_CONTEXT('2D SPACE',''
  ) );
#4825 = PCURVE('',#4785,#4826);
#4826 = DEFINITIONAL_REPRESENTATION('',(#4827),#4831);
#4827 = LINE('',#4828,#4829);
#4828 = CARTESIAN_POINT('',(0.,-0.));
#4829 = VECTOR('',#4830,1.);
#4830 = DIRECTION('',(0.,1.));
#4831 = ( GEOMETRIC_REPRESENTATION_CONTEXT(2) 
PARAMETRIC_REPRESENTATION_CONTEXT() REPRESENTATION_CONTEXT('2D SPACE',''
  ) );
#4832 = ORIENTED_EDGE('',*,*,#4833,.T.);
#4833 = EDGE_CURVE('',#4810,#4810,#4834,.T.);
#4834 = SURFACE_CURVE('',#4835,(#4840,#4847),.PCURVE_S1.);
#4835 = CIRCLE('',#4836,12.5);
#4836 = AXIS2_PLACEMENT_3D('',#4837,#4838,#4839);
#4837 = CARTESIAN_POINT('',(103.14661005817,-57.93784200436,
    7.095339276015E-15));
#4838 = DIRECTION('',(0.,-1.224646799147E-16,-1.));
#4839 = DIRECTION('',(1.,0.,0.));
#4840 = PCURVE('',#4785,#4841);
#4841 = DEFINITIONAL_REPRESENTATION('',(#4842),#4846);
#4842 = LINE('',#4843,#4844);
#4843 = CARTESIAN_POINT('',(0.,0.));
#4844 = VECTOR('',#4845,1.);
#4845 = DIRECTION('',(1.,0.));
#4846 = ( GEOMETRIC_REPRESENTATION_CONTEXT(2) 
PARAMETRIC_REPRESENTATION_CONTEXT() REPRESENTATION_CONTEXT('2D SPACE',''
  ) );
#4847 = PCURVE('',#4848,#4853);
#4848 = PLANE('',#4849);
#4849 = AXIS2_PLACEMENT_3D('',#4850,#4851,#4852);
#4850 = CARTESIAN_POINT('',(103.14661005817,-57.93784200436,
    7.095339276015E-15));
#4851 = DIRECTION('',(0.,-1.224646799147E-16,-1.));
#4852 = DIRECTION('',(1.,0.,0.));
#4853 = DEFINITIONAL_REPRESENTATION('',(#4854),#4858);
#4854 = CIRCLE('',#4855,12.5);
#4855 = AXIS2_PLACEMENT_2D('',#4856,#4857);
#4856 = CARTESIAN_POINT('',(0.,0.));
#4857 = DIRECTION('',(1.,0.));
#4858 = ( GEOMETRIC_REPRESENTATION_CONTEXT(2) 
PARAMETRIC_REPRESENTATION_CONTEXT() REPRESENTATION_CONTEXT('2D SPACE',''
  ) );
#4859 = ORIENTED_EDGE('',*,*,#4809,.T.);
#4860 = ADVANCED_FACE('',(#4861,#4892),#4797,.F.);
#4861 = FACE_BOUND('',#4862,.F.);
#4862 = EDGE_LOOP('',(#4863));
#4863 = ORIENTED_EDGE('',*,*,#4864,.T.);
#4864 = EDGE_CURVE('',#4865,#4865,#4867,.T.);
#4865 = VERTEX_POINT('',#4866);
#4866 = CARTESIAN_POINT('',(106.24661005817,-57.93784200436,
    6.55649468439E-15));
#4867 = SURFACE_CURVE('',#4868,(#4873,#4880),.PCURVE_S1.);
#4868 = CIRCLE('',#4869,3.1);
#4869 = AXIS2_PLACEMENT_3D('',#4870,#4871,#4872);
#4870 = CARTESIAN_POINT('',(103.14661005817,-57.93784200436,
    6.55649468439E-15));
#4871 = DIRECTION('',(0.,-1.224646799147E-16,-1.));
#4872 = DIRECTION('',(1.,0.,0.));
#4873 = PCURVE('',#4797,#4874);
#4874 = DEFINITIONAL_REPRESENTATION('',(#4875),#4879);
#4875 = CIRCLE('',#4876,3.1);
#4876 = AXIS2_PLACEMENT_2D('',#4877,#4878);
#4877 = CARTESIAN_POINT('',(0.,0.));
#4878 = DIRECTION('',(1.,0.));
#4879 = ( GEOMETRIC_REPRESENTATION_CONTEXT(2) 
PARAMETRIC_REPRESENTATION_CONTEXT() REPRESENTATION_CONTEXT('2D SPACE',''
  ) );
#4880 = PCURVE('',#4881,#4886);
#4881 = TOROIDAL_SURFACE('',#4882,7.5,4.4);
#4882 = AXIS2_PLACEMENT_3D('',#4883,#4884,#4885);
#4883 = CARTESIAN_POINT('',(103.14661005817,-57.93784200436,
    7.095339276015E-15));
#4884 = DIRECTION('',(0.,-1.224646799147E-16,-1.));
#4885 = DIRECTION('',(1.,0.,0.));
#4886 = DEFINITIONAL_REPRESENTATION('',(#4887),#4891);
#4887 = LINE('',#4888,#4889);
#4888 = CARTESIAN_POINT('',(0.,3.14159265359));
#4889 = VECTOR('',#4890,1.);
#4890 = DIRECTION('',(1.,0.));
#4891 = ( GEOMETRIC_REPRESENTATION_CONTEXT(2) 
PARAMETRIC_REPRESENTATION_CONTEXT() REPRESENTATION_CONTEXT('2D SPACE',''
  ) );
#4892 = FACE_BOUND('',#4893,.F.);
#4893 = EDGE_LOOP('',(#4894));
#4894 = ORIENTED_EDGE('',*,*,#4775,.F.);
#4895 = ADVANCED_FACE('',(#4896,#4899),#4848,.F.);
#4896 = FACE_BOUND('',#4897,.F.);
#4897 = EDGE_LOOP('',(#4898));
#4898 = ORIENTED_EDGE('',*,*,#4833,.T.);
#4899 = FACE_BOUND('',#4900,.F.);
#4900 = EDGE_LOOP('',(#4901));
#4901 = ORIENTED_EDGE('',*,*,#4902,.F.);
#4902 = EDGE_CURVE('',#4903,#4903,#4905,.T.);
#4903 = VERTEX_POINT('',#4904);
#4904 = CARTESIAN_POINT('',(115.04661005817,-57.93784200436,
    7.095339276015E-15));
#4905 = SURFACE_CURVE('',#4906,(#4911,#4918),.PCURVE_S1.);
#4906 = CIRCLE('',#4907,11.9);
#4907 = AXIS2_PLACEMENT_3D('',#4908,#4909,#4910);
#4908 = CARTESIAN_POINT('',(103.14661005817,-57.93784200436,
    7.095339276015E-15));
#4909 = DIRECTION('',(0.,-1.224646799147E-16,-1.));
#4910 = DIRECTION('',(1.,0.,0.));
#4911 = PCURVE('',#4848,#4912);
#4912 = DEFINITIONAL_REPRESENTATION('',(#4913),#4917);
#4913 = CIRCLE('',#4914,11.9);
#4914 = AXIS2_PLACEMENT_2D('',#4915,#4916);
#4915 = CARTESIAN_POINT('',(0.,0.));
#4916 = DIRECTION('',(1.,0.));
#4917 = ( GEOMETRIC_REPRESENTATION_CONTEXT(2) 
PARAMETRIC_REPRESENTATION_CONTEXT() REPRESENTATION_CONTEXT('2D SPACE',''
  ) );
#4918 = PCURVE('',#4881,#4919);
#4919 = DEFINITIONAL_REPRESENTATION('',(#4920),#4924);
#4920 = LINE('',#4921,#4922);
#4921 = CARTESIAN_POINT('',(0.,0.));
#4922 = VECTOR('',#4923,1.);
#4923 = DIRECTION('',(1.,0.));
#4924 = ( GEOMETRIC_REPRESENTATION_CONTEXT(2) 
PARAMETRIC_REPRESENTATION_CONTEXT() REPRESENTATION_CONTEXT('2D SPACE',''
  ) );
#4925 = ADVANCED_FACE('',(#4926),#4881,.F.);
#4926 = FACE_BOUND('',#4927,.F.);
#4927 = EDGE_LOOP('',(#4928,#4929,#4951,#4952));
#4928 = ORIENTED_EDGE('',*,*,#4864,.F.);
#4929 = ORIENTED_EDGE('',*,*,#4930,.F.);
#4930 = EDGE_CURVE('',#4903,#4865,#4931,.T.);
#4931 = SEAM_CURVE('',#4932,(#4937,#4944),.PCURVE_S1.);
#4932 = CIRCLE('',#4933,4.4);
#4933 = AXIS2_PLACEMENT_3D('',#4934,#4935,#4936);
#4934 = CARTESIAN_POINT('',(110.64661005817,-57.93784200436,
    7.095339276015E-15));
#4935 = DIRECTION('',(-2.449293598295E-16,1.,-1.224646799147E-16));
#4936 = DIRECTION('',(1.,2.449293598295E-16,-2.999519565324E-32));
#4937 = PCURVE('',#4881,#4938);
#4938 = DEFINITIONAL_REPRESENTATION('',(#4939),#4943);
#4939 = LINE('',#4940,#4941);
#4940 = CARTESIAN_POINT('',(6.28318530718,-0.));
#4941 = VECTOR('',#4942,1.);
#4942 = DIRECTION('',(0.,1.));
#4943 = ( GEOMETRIC_REPRESENTATION_CONTEXT(2) 
PARAMETRIC_REPRESENTATION_CONTEXT() REPRESENTATION_CONTEXT('2D SPACE',''
  ) );
#4944 = PCURVE('',#4881,#4945);
#4945 = DEFINITIONAL_REPRESENTATION('',(#4946),#4950);
#4946 = LINE('',#4947,#4948);
#4947 = CARTESIAN_POINT('',(0.,-0.));
#4948 = VECTOR('',#4949,1.);
#4949 = DIRECTION('',(0.,1.));
#4950 = ( GEOMETRIC_REPRESENTATION_CONTEXT(2) 
PARAMETRIC_REPRESENTATION_CONTEXT() REPRESENTATION_CONTEXT('2D SPACE',''
  ) );
#4951 = ORIENTED_EDGE('',*,*,#4902,.T.);
#4952 = ORIENTED_EDGE('',*,*,#4930,.T.);
#4953 = ( GEOMETRIC_REPRESENTATION_CONTEXT(3) 
GLOBAL_UNCERTAINTY_ASSIGNED_CONTEXT((#4957)) 
GLOBAL_UNIT_ASSIGNED_CONTEXT((#4954,#4955,#4956)) REPRESENTATION_CONTEXT
('Context #1','3D Context with UNIT and UNCERTAINTY') );
#4954 = ( LENGTH_UNIT() NAMED_UNIT(*) SI_UNIT(.MILLI.,.METRE.) );
#4955 = ( NAMED_UNIT(*) PLANE_ANGLE_UNIT() SI_UNIT($,.RADIAN.) );
#4956 = ( NAMED_UNIT(*) SI_UNIT($,.STERADIAN.) SOLID_ANGLE_UNIT() );
#4957 = UNCERTAINTY_MEASURE_WITH_UNIT(LENGTH_MEASURE(1.E-07),#4954,
  'distance_accuracy_value','confusion accuracy');
#4958 = CONTEXT_DEPENDENT_SHAPE_REPRESENTATION(#4959,#4961);
#4959 = ( REPRESENTATION_RELATIONSHIP('','',#4768,#4536) 
REPRESENTATION_RELATIONSHIP_WITH_TRANSFORMATION(#4960) 
SHAPE_REPRESENTATION_RELATIONSHIP() );
#4960 = ITEM_DEFINED_TRANSFORMATION('','',#11,#4541);
#4961 = PRODUCT_DEFINITION_SHAPE('Placement','Placement of an item',
  #4962);
#4962 = NEXT_ASSEMBLY_USAGE_OCCURRENCE('93','','',#4531,#4763,$);
#4963 = PRODUCT_RELATED_PRODUCT_CATEGORY('part',$,(#4765));
#4964 = SHAPE_DEFINITION_REPRESENTATION(#4965,#4971);
#4965 = PRODUCT_DEFINITION_SHAPE('','',#4966);
#4966 = PRODUCT_DEFINITION('design','',#4967,#4970);
#4967 = PRODUCT_DEFINITION_FORMATION('','',#4968);
#4968 = PRODUCT('Open CASCADE STEP translator 7.9 14.8.3',
  'Open CASCADE STEP translator 7.9 14.8.3','',(#4969));
#4969 = PRODUCT_CONTEXT('',#2,'mechanical');
#4970 = PRODUCT_DEFINITION_CONTEXT('part definition',#2,'design');
#4971 = ADVANCED_BREP_SHAPE_REPRESENTATION('',(#11,#4972),#5154);
#4972 = MANIFOLD_SOLID_BREP('',#4973);
#4973 = CLOSED_SHELL('',(#4974,#5042,#5097,#5127));
#4974 = ADVANCED_FACE('',(#4975,#5011),#4988,.F.);
#4975 = FACE_BOUND('',#4976,.T.);
#4976 = EDGE_LOOP('',(#4977));
#4977 = ORIENTED_EDGE('',*,*,#4978,.T.);
#4978 = EDGE_CURVE('',#4979,#4979,#4981,.T.);
#4979 = VERTEX_POINT('',#4980);
#4980 = CARTESIAN_POINT('',(88.616775694169,-54.83784200436,
    6.715698768279E-15));
#4981 = SURFACE_CURVE('',#4982,(#4987,#4999),.PCURVE_S1.);
#4982 = CIRCLE('',#4983,4.4);
#4983 = AXIS2_PLACEMENT_3D('',#4984,#4985,#4986);
#4984 = CARTESIAN_POINT('',(88.616775694169,-50.43784200436,
    6.176854176654E-15));
#4985 = DIRECTION('',(1.,0.,0.));
#4986 = DIRECTION('',(0.,-1.,1.224646799147E-16));
#4987 = PCURVE('',#4988,#4993);
#4988 = PLANE('',#4989);
#4989 = AXIS2_PLACEMENT_3D('',#4990,#4991,#4992);
#4990 = CARTESIAN_POINT('',(88.616775694169,-50.43784200436,
    6.176854176654E-15));
#4991 = DIRECTION('',(1.,0.,0.));
#4992 = DIRECTION('',(-0.,-1.,1.224646799147E-16));
#4993 = DEFINITIONAL_REPRESENTATION('',(#4994),#4998);
#4994 = CIRCLE('',#4995,4.4);
#4995 = AXIS2_PLACEMENT_2D('',#4996,#4997);
#4996 = CARTESIAN_POINT('',(0.,0.));
#4997 = DIRECTION('',(1.,-0.));
#4998 = ( GEOMETRIC_REPRESENTATION_CONTEXT(2) 
PARAMETRIC_REPRESENTATION_CONTEXT() REPRESENTATION_CONTEXT('2D SPACE',''
  ) );
#4999 = PCURVE('',#5000,#5005);
#5000 = CYLINDRICAL_SURFACE('',#5001,4.4);
#5001 = AXIS2_PLACEMENT_3D('',#5002,#5003,#5004);
#5002 = CARTESIAN_POINT('',(103.14661005817,-50.43784200436,
    6.176854176654E-15));
#5003 = DIRECTION('',(-1.,0.,0.));
#5004 = DIRECTION('',(0.,-1.,1.224646799147E-16));
#5005 = DEFINITIONAL_REPRESENTATION('',(#5006),#5010);
#5006 = LINE('',#5007,#5008);
#5007 = CARTESIAN_POINT('',(-0.,14.52983436401));
#5008 = VECTOR('',#5009,1.);
#5009 = DIRECTION('',(-1.,0.));
#5010 = ( GEOMETRIC_REPRESENTATION_CONTEXT(2) 
PARAMETRIC_REPRESENTATION_CONTEXT() REPRESENTATION_CONTEXT('2D SPACE',''
  ) );
#5011 = FACE_BOUND('',#5012,.T.);
#5012 = EDGE_LOOP('',(#5013));
#5013 = ORIENTED_EDGE('',*,*,#5014,.F.);
#5014 = EDGE_CURVE('',#5015,#5015,#5017,.T.);
#5015 = VERTEX_POINT('',#5016);
#5016 = CARTESIAN_POINT('',(88.616775694169,-55.43784200436,
    6.789177576228E-15));
#5017 = SURFACE_CURVE('',#5018,(#5023,#5030),.PCURVE_S1.);
#5018 = CIRCLE('',#5019,5.);
#5019 = AXIS2_PLACEMENT_3D('',#5020,#5021,#5022);
#5020 = CARTESIAN_POINT('',(88.616775694169,-50.43784200436,
    6.176854176654E-15));
#5021 = DIRECTION('',(1.,0.,0.));
#5022 = DIRECTION('',(0.,-1.,1.224646799147E-16));
#5023 = PCURVE('',#4988,#5024);
#5024 = DEFINITIONAL_REPRESENTATION('',(#5025),#5029);
#5025 = CIRCLE('',#5026,5.);
#5026 = AXIS2_PLACEMENT_2D('',#5027,#5028);
#5027 = CARTESIAN_POINT('',(0.,0.));
#5028 = DIRECTION('',(1.,-0.));
#5029 = ( GEOMETRIC_REPRESENTATION_CONTEXT(2) 
PARAMETRIC_REPRESENTATION_CONTEXT() REPRESENTATION_CONTEXT('2D SPACE',''
  ) );
#5030 = PCURVE('',#5031,#5036);
#5031 = CYLINDRICAL_SURFACE('',#5032,5.);
#5032 = AXIS2_PLACEMENT_3D('',#5033,#5034,#5035);
#5033 = CARTESIAN_POINT('',(88.616775694169,-50.43784200436,
    6.176854176654E-15));
#5034 = DIRECTION('',(1.,0.,0.));
#5035 = DIRECTION('',(0.,-1.,1.224646799147E-16));
#5036 = DEFINITIONAL_REPRESENTATION('',(#5037),#5041);
#5037 = LINE('',#5038,#5039);
#5038 = CARTESIAN_POINT('',(0.,0.));
#5039 = VECTOR('',#5040,1.);
#5040 = DIRECTION('',(1.,0.));
#5041 = ( GEOMETRIC_REPRESENTATION_CONTEXT(2) 
PARAMETRIC_REPRESENTATION_CONTEXT() REPRESENTATION_CONTEXT('2D SPACE',''
  ) );
#5042 = ADVANCED_FACE('',(#5043),#5031,.T.);
#5043 = FACE_BOUND('',#5044,.T.);
#5044 = EDGE_LOOP('',(#5045,#5046,#5069,#5096));
#5045 = ORIENTED_EDGE('',*,*,#5014,.T.);
#5046 = ORIENTED_EDGE('',*,*,#5047,.T.);
#5047 = EDGE_CURVE('',#5015,#5048,#5050,.T.);
#5048 = VERTEX_POINT('',#5049);
#5049 = CARTESIAN_POINT('',(103.14661005817,-55.43784200436,
    6.789177576228E-15));
#5050 = SEAM_CURVE('',#5051,(#5055,#5062),.PCURVE_S1.);
#5051 = LINE('',#5052,#5053);
#5052 = CARTESIAN_POINT('',(88.616775694169,-55.43784200436,
    6.789177576228E-15));
#5053 = VECTOR('',#5054,1.);
#5054 = DIRECTION('',(1.,0.,0.));
#5055 = PCURVE('',#5031,#5056);
#5056 = DEFINITIONAL_REPRESENTATION('',(#5057),#5061);
#5057 = LINE('',#5058,#5059);
#5058 = CARTESIAN_POINT('',(0.,0.));
#5059 = VECTOR('',#5060,1.);
#5060 = DIRECTION('',(0.,1.));
#5061 = ( GEOMETRIC_REPRESENTATION_CONTEXT(2) 
PARAMETRIC_REPRESENTATION_CONTEXT() REPRESENTATION_CONTEXT('2D SPACE',''
  ) );
#5062 = PCURVE('',#5031,#5063);
#5063 = DEFINITIONAL_REPRESENTATION('',(#5064),#5068);
#5064 = LINE('',#5065,#5066);
#5065 = CARTESIAN_POINT('',(6.28318530718,0.));
#5066 = VECTOR('',#5067,1.);
#5067 = DIRECTION('',(0.,1.));
#5068 = ( GEOMETRIC_REPRESENTATION_CONTEXT(2) 
PARAMETRIC_REPRESENTATION_CONTEXT() REPRESENTATION_CONTEXT('2D SPACE',''
  ) );
#5069 = ORIENTED_EDGE('',*,*,#5070,.F.);
#5070 = EDGE_CURVE('',#5048,#5048,#5071,.T.);
#5071 = SURFACE_CURVE('',#5072,(#5077,#5084),.PCURVE_S1.);
#5072 = CIRCLE('',#5073,5.);
#5073 = AXIS2_PLACEMENT_3D('',#5074,#5075,#5076);
#5074 = CARTESIAN_POINT('',(103.14661005817,-50.43784200436,
    6.176854176654E-15));
#5075 = DIRECTION('',(1.,0.,0.));
#5076 = DIRECTION('',(0.,-1.,1.224646799147E-16));
#5077 = PCURVE('',#5031,#5078);
#5078 = DEFINITIONAL_REPRESENTATION('',(#5079),#5083);
#5079 = LINE('',#5080,#5081);
#5080 = CARTESIAN_POINT('',(0.,14.52983436401));
#5081 = VECTOR('',#5082,1.);
#5082 = DIRECTION('',(1.,0.));
#5083 = ( GEOMETRIC_REPRESENTATION_CONTEXT(2) 
PARAMETRIC_REPRESENTATION_CONTEXT() REPRESENTATION_CONTEXT('2D SPACE',''
  ) );
#5084 = PCURVE('',#5085,#5090);
#5085 = PLANE('',#5086);
#5086 = AXIS2_PLACEMENT_3D('',#5087,#5088,#5089);
#5087 = CARTESIAN_POINT('',(103.14661005817,-50.43784200436,
    6.176854176654E-15));
#5088 = DIRECTION('',(1.,0.,0.));
#5089 = DIRECTION('',(0.,-1.,1.224646799147E-16));
#5090 = DEFINITIONAL_REPRESENTATION('',(#5091),#5095);
#5091 = CIRCLE('',#5092,5.);
#5092 = AXIS2_PLACEMENT_2D('',#5093,#5094);
#5093 = CARTESIAN_POINT('',(0.,0.));
#5094 = DIRECTION('',(1.,0.));
#5095 = ( GEOMETRIC_REPRESENTATION_CONTEXT(2) 
PARAMETRIC_REPRESENTATION_CONTEXT() REPRESENTATION_CONTEXT('2D SPACE',''
  ) );
#5096 = ORIENTED_EDGE('',*,*,#5047,.F.);
#5097 = ADVANCED_FACE('',(#5098,#5101),#5085,.T.);
#5098 = FACE_BOUND('',#5099,.T.);
#5099 = EDGE_LOOP('',(#5100));
#5100 = ORIENTED_EDGE('',*,*,#5070,.T.);
#5101 = FACE_BOUND('',#5102,.T.);
#5102 = EDGE_LOOP('',(#5103));
#5103 = ORIENTED_EDGE('',*,*,#5104,.F.);
#5104 = EDGE_CURVE('',#5105,#5105,#5107,.T.);
#5105 = VERTEX_POINT('',#5106);
#5106 = CARTESIAN_POINT('',(103.14661005817,-54.83784200436,
    6.715698768279E-15));
#5107 = SURFACE_CURVE('',#5108,(#5113,#5120),.PCURVE_S1.);
#5108 = CIRCLE('',#5109,4.4);
#5109 = AXIS2_PLACEMENT_3D('',#5110,#5111,#5112);
#5110 = CARTESIAN_POINT('',(103.14661005817,-50.43784200436,
    6.176854176654E-15));
#5111 = DIRECTION('',(1.,0.,0.));
#5112 = DIRECTION('',(0.,-1.,1.224646799147E-16));
#5113 = PCURVE('',#5085,#5114);
#5114 = DEFINITIONAL_REPRESENTATION('',(#5115),#5119);
#5115 = CIRCLE('',#5116,4.4);
#5116 = AXIS2_PLACEMENT_2D('',#5117,#5118);
#5117 = CARTESIAN_POINT('',(0.,0.));
#5118 = DIRECTION('',(1.,0.));
#5119 = ( GEOMETRIC_REPRESENTATION_CONTEXT(2) 
PARAMETRIC_REPRESENTATION_CONTEXT() REPRESENTATION_CONTEXT('2D SPACE',''
  ) );
#5120 = PCURVE('',#5000,#5121);
#5121 = DEFINITIONAL_REPRESENTATION('',(#5122),#5126);
#5122 = LINE('',#5123,#5124);
#5123 = CARTESIAN_POINT('',(-0.,0.));
#5124 = VECTOR('',#5125,1.);
#5125 = DIRECTION('',(-1.,0.));
#5126 = ( GEOMETRIC_REPRESENTATION_CONTEXT(2) 
PARAMETRIC_REPRESENTATION_CONTEXT() REPRESENTATION_CONTEXT('2D SPACE',''
  ) );
#5127 = ADVANCED_FACE('',(#5128),#5000,.F.);
#5128 = FACE_BOUND('',#5129,.T.);
#5129 = EDGE_LOOP('',(#5130,#5131,#5152,#5153));
#5130 = ORIENTED_EDGE('',*,*,#5104,.T.);
#5131 = ORIENTED_EDGE('',*,*,#5132,.T.);
#5132 = EDGE_CURVE('',#5105,#4979,#5133,.T.);
#5133 = SEAM_CURVE('',#5134,(#5138,#5145),.PCURVE_S1.);
#5134 = LINE('',#5135,#5136);
#5135 = CARTESIAN_POINT('',(103.14661005817,-54.83784200436,
    6.715698768279E-15));
#5136 = VECTOR('',#5137,1.);
#5137 = DIRECTION('',(-1.,-0.,0.));
#5138 = PCURVE('',#5000,#5139);
#5139 = DEFINITIONAL_REPRESENTATION('',(#5140),#5144);
#5140 = LINE('',#5141,#5142);
#5141 = CARTESIAN_POINT('',(-0.,0.));
#5142 = VECTOR('',#5143,1.);
#5143 = DIRECTION('',(-0.,1.));
#5144 = ( GEOMETRIC_REPRESENTATION_CONTEXT(2) 
PARAMETRIC_REPRESENTATION_CONTEXT() REPRESENTATION_CONTEXT('2D SPACE',''
  ) );
#5145 = PCURVE('',#5000,#5146);
#5146 = DEFINITIONAL_REPRESENTATION('',(#5147),#5151);
#5147 = LINE('',#5148,#5149);
#5148 = CARTESIAN_POINT('',(-6.28318530718,0.));
#5149 = VECTOR('',#5150,1.);
#5150 = DIRECTION('',(-0.,1.));
#5151 = ( GEOMETRIC_REPRESENTATION_CONTEXT(2) 
PARAMETRIC_REPRESENTATION_CONTEXT() REPRESENTATION_CONTEXT('2D SPACE',''
  ) );
#5152 = ORIENTED_EDGE('',*,*,#4978,.F.);
#5153 = ORIENTED_EDGE('',*,*,#5132,.F.);
#5154 = ( GEOMETRIC_REPRESENTATION_CONTEXT(3) 
GLOBAL_UNCERTAINTY_ASSIGNED_CONTEXT((#5158)) 
GLOBAL_UNIT_ASSIGNED_CONTEXT((#5155,#5156,#5157)) REPRESENTATION_CONTEXT
('Context #1','3D Context with UNIT and UNCERTAINTY') );
#5155 = ( LENGTH_UNIT() NAMED_UNIT(*) SI_UNIT(.MILLI.,.METRE.) );
#5156 = ( NAMED_UNIT(*) PLANE_ANGLE_UNIT() SI_UNIT($,.RADIAN.) );
#5157 = ( NAMED_UNIT(*) SI_UNIT($,.STERADIAN.) SOLID_ANGLE_UNIT() );
#5158 = UNCERTAINTY_MEASURE_WITH_UNIT(LENGTH_MEASURE(1.E-07),#5155,
  'distance_accuracy_value','confusion accuracy');
#5159 = CONTEXT_DEPENDENT_SHAPE_REPRESENTATION(#5160,#5162);
#5160 = ( REPRESENTATION_RELATIONSHIP('','',#4971,#4536) 
REPRESENTATION_RELATIONSHIP_WITH_TRANSFORMATION(#5161) 
SHAPE_REPRESENTATION_RELATIONSHIP() );
#5161 = ITEM_DEFINED_TRANSFORMATION('','',#11,#4545);
#5162 = PRODUCT_DEFINITION_SHAPE('Placement','Placement of an item',
  #5163);
#5163 = NEXT_ASSEMBLY_USAGE_OCCURRENCE('94','','',#4531,#4966,$);
#5164 = PRODUCT_RELATED_PRODUCT_CATEGORY('part',$,(#4968));
#5165 = SHAPE_DEFINITION_REPRESENTATION(#5166,#5172);
#5166 = PRODUCT_DEFINITION_SHAPE('','',#5167);
#5167 = PRODUCT_DEFINITION('design','',#5168,#5171);
#5168 = PRODUCT_DEFINITION_FORMATION('','',#5169);
#5169 = PRODUCT('Open CASCADE STEP translator 7.9 14.9',
  'Open CASCADE STEP translator 7.9 14.9','',(#5170));
#5170 = PRODUCT_CONTEXT('',#2,'mechanical');
#5171 = PRODUCT_DEFINITION_CONTEXT('part definition',#2,'design');
#5172 = SHAPE_REPRESENTATION('',(#11,#5173,#5177,#5181),#5185);
#5173 = AXIS2_PLACEMENT_3D('',#5174,#5175,#5176);
#5174 = CARTESIAN_POINT('',(0.,0.,0.));
#5175 = DIRECTION('',(0.,0.,1.));
#5176 = DIRECTION('',(1.,0.,-0.));
#5177 = AXIS2_PLACEMENT_3D('',#5178,#5179,#5180);
#5178 = CARTESIAN_POINT('',(0.,0.,0.));
#5179 = DIRECTION('',(0.,0.,1.));
#5180 = DIRECTION('',(1.,0.,-0.));
#5181 = AXIS2_PLACEMENT_3D('',#5182,#5183,#5184);
#5182 = CARTESIAN_POINT('',(0.,0.,0.));
#5183 = DIRECTION('',(0.,0.,1.));
#5184 = DIRECTION('',(1.,0.,-0.));
#5185 = ( GEOMETRIC_REPRESENTATION_CONTEXT(3) 
GLOBAL_UNCERTAINTY_ASSIGNED_CONTEXT((#5189)) 
GLOBAL_UNIT_ASSIGNED_CONTEXT((#5186,#5187,#5188)) REPRESENTATION_CONTEXT
('Context #1','3D Context with UNIT and UNCERTAINTY') );
#5186 = ( LENGTH_UNIT() NAMED_UNIT(*) SI_UNIT(.MILLI.,.METRE.) );
#5187 = ( NAMED_UNIT(*) PLANE_ANGLE_UNIT() SI_UNIT($,.RADIAN.) );
#5188 = ( NAMED_UNIT(*) SI_UNIT($,.STERADIAN.) SOLID_ANGLE_UNIT() );
#5189 = UNCERTAINTY_MEASURE_WITH_UNIT(LENGTH_MEASURE(1.E-07),#5186,
  'distance_accuracy_value','confusion accuracy');
#5190 = CONTEXT_DEPENDENT_SHAPE_REPRESENTATION(#5191,#5193);
#5191 = ( REPRESENTATION_RELATIONSHIP('','',#5172,#10) 
REPRESENTATION_RELATIONSHIP_WITH_TRANSFORMATION(#5192) 
SHAPE_REPRESENTATION_RELATIONSHIP() );
#5192 = ITEM_DEFINED_TRANSFORMATION('','',#11,#47);
#5193 = PRODUCT_DEFINITION_SHAPE('Placement','Placement of an item',
  #5194);
#5194 = NEXT_ASSEMBLY_USAGE_OCCURRENCE('99','','',#5,#5167,$);
#5195 = PRODUCT_RELATED_PRODUCT_CATEGORY('part',$,(#5169));
#5196 = SHAPE_DEFINITION_REPRESENTATION(#5197,#5203);
#5197 = PRODUCT_DEFINITION_SHAPE('','',#5198);
#5198 = PRODUCT_DEFINITION('design','',#5199,#5202);
#5199 = PRODUCT_DEFINITION_FORMATION('','',#5200);
#5200 = PRODUCT('Open CASCADE STEP translator 7.9 14.9.1',
  'Open CASCADE STEP translator 7.9 14.9.1','',(#5201));
#5201 = PRODUCT_CONTEXT('',#2,'mechanical');
#5202 = PRODUCT_DEFINITION_CONTEXT('part definition',#2,'design');
#5203 = ADVANCED_BREP_SHAPE_REPRESENTATION('',(#11,#5204),#5386);
#5204 = MANIFOLD_SOLID_BREP('',#5205);
#5205 = CLOSED_SHELL('',(#5206,#5274,#5329,#5359));
#5206 = ADVANCED_FACE('',(#5207,#5243),#5220,.F.);
#5207 = FACE_BOUND('',#5208,.T.);
#5208 = EDGE_LOOP('',(#5209));
#5209 = ORIENTED_EDGE('',*,*,#5210,.T.);
#5210 = EDGE_CURVE('',#5211,#5211,#5213,.T.);
#5211 = VERTEX_POINT('',#5212);
#5212 = CARTESIAN_POINT('',(53.63279758958,-62.92172144741,
    -30.30150402075));
#5213 = SURFACE_CURVE('',#5214,(#5219,#5231),.PCURVE_S1.);
#5214 = CIRCLE('',#5215,4.4);
#5215 = AXIS2_PLACEMENT_3D('',#5216,#5217,#5218);
#5216 = CARTESIAN_POINT('',(53.63279758958,-58.95745842864,
    -28.39241556863));
#5217 = DIRECTION('',(1.,0.,0.));
#5218 = DIRECTION('',(0.,-0.900968867902,-0.433883739118));
#5219 = PCURVE('',#5220,#5225);
#5220 = PLANE('',#5221);
#5221 = AXIS2_PLACEMENT_3D('',#5222,#5223,#5224);
#5222 = CARTESIAN_POINT('',(53.63279758958,-58.95745842864,
    -28.39241556863));
#5223 = DIRECTION('',(1.,0.,0.));
#5224 = DIRECTION('',(-0.,-0.900968867902,-0.433883739118));
#5225 = DEFINITIONAL_REPRESENTATION('',(#5226),#5230);
#5226 = CIRCLE('',#5227,4.4);
#5227 = AXIS2_PLACEMENT_2D('',#5228,#5229);
#5228 = CARTESIAN_POINT('',(0.,0.));
#5229 = DIRECTION('',(1.,-0.));
#5230 = ( GEOMETRIC_REPRESENTATION_CONTEXT(2) 
PARAMETRIC_REPRESENTATION_CONTEXT() REPRESENTATION_CONTEXT('2D SPACE',''
  ) );
#5231 = PCURVE('',#5232,#5237);
#5232 = CYLINDRICAL_SURFACE('',#5233,4.4);
#5233 = AXIS2_PLACEMENT_3D('',#5234,#5235,#5236);
#5234 = CARTESIAN_POINT('',(103.14661005817,-58.95745842864,
    -28.39241556863));
#5235 = DIRECTION('',(-1.,0.,0.));
#5236 = DIRECTION('',(0.,-0.900968867902,-0.433883739118));
#5237 = DEFINITIONAL_REPRESENTATION('',(#5238),#5242);
#5238 = LINE('',#5239,#5240);
#5239 = CARTESIAN_POINT('',(-0.,49.513812468599));
#5240 = VECTOR('',#5241,1.);
#5241 = DIRECTION('',(-1.,0.));
#5242 = ( GEOMETRIC_REPRESENTATION_CONTEXT(2) 
PARAMETRIC_REPRESENTATION_CONTEXT() REPRESENTATION_CONTEXT('2D SPACE',''
  ) );
#5243 = FACE_BOUND('',#5244,.T.);
#5244 = EDGE_LOOP('',(#5245));
#5245 = ORIENTED_EDGE('',*,*,#5246,.F.);
#5246 = EDGE_CURVE('',#5247,#5247,#5249,.T.);
#5247 = VERTEX_POINT('',#5248);
#5248 = CARTESIAN_POINT('',(53.63279758958,-63.46230276816,
    -30.56183426422));
#5249 = SURFACE_CURVE('',#5250,(#5255,#5262),.PCURVE_S1.);
#5250 = CIRCLE('',#5251,5.);
#5251 = AXIS2_PLACEMENT_3D('',#5252,#5253,#5254);
#5252 = CARTESIAN_POINT('',(53.63279758958,-58.95745842864,
    -28.39241556863));
#5253 = DIRECTION('',(1.,0.,0.));
#5254 = DIRECTION('',(0.,-0.900968867902,-0.433883739118));
#5255 = PCURVE('',#5220,#5256);
#5256 = DEFINITIONAL_REPRESENTATION('',(#5257),#5261);
#5257 = CIRCLE('',#5258,5.);
#5258 = AXIS2_PLACEMENT_2D('',#5259,#5260);
#5259 = CARTESIAN_POINT('',(0.,0.));
#5260 = DIRECTION('',(1.,-0.));
#5261 = ( GEOMETRIC_REPRESENTATION_CONTEXT(2) 
PARAMETRIC_REPRESENTATION_CONTEXT() REPRESENTATION_CONTEXT('2D SPACE',''
  ) );
#5262 = PCURVE('',#5263,#5268);
#5263 = CYLINDRICAL_SURFACE('',#5264,5.);
#5264 = AXIS2_PLACEMENT_3D('',#5265,#5266,#5267);
#5265 = CARTESIAN_POINT('',(53.63279758958,-58.95745842864,
    -28.39241556863));
#5266 = DIRECTION('',(1.,0.,0.));
#5267 = DIRECTION('',(0.,-0.900968867902,-0.433883739118));
#5268 = DEFINITIONAL_REPRESENTATION('',(#5269),#5273);
#5269 = LINE('',#5270,#5271);
#5270 = CARTESIAN_POINT('',(0.,0.));
#5271 = VECTOR('',#5272,1.);
#5272 = DIRECTION('',(1.,0.));
#5273 = ( GEOMETRIC_REPRESENTATION_CONTEXT(2) 
PARAMETRIC_REPRESENTATION_CONTEXT() REPRESENTATION_CONTEXT('2D SPACE',''
  ) );
#5274 = ADVANCED_FACE('',(#5275),#5263,.T.);
#5275 = FACE_BOUND('',#5276,.T.);
#5276 = EDGE_LOOP('',(#5277,#5278,#5301,#5328));
#5277 = ORIENTED_EDGE('',*,*,#5246,.T.);
#5278 = ORIENTED_EDGE('',*,*,#5279,.T.);
#5279 = EDGE_CURVE('',#5247,#5280,#5282,.T.);
#5280 = VERTEX_POINT('',#5281);
#5281 = CARTESIAN_POINT('',(103.14661005817,-63.46230276816,
    -30.56183426422));
#5282 = SEAM_CURVE('',#5283,(#5287,#5294),.PCURVE_S1.);
#5283 = LINE('',#5284,#5285);
#5284 = CARTESIAN_POINT('',(53.63279758958,-63.46230276816,
    -30.56183426422));
#5285 = VECTOR('',#5286,1.);
#5286 = DIRECTION('',(1.,0.,0.));
#5287 = PCURVE('',#5263,#5288);
#5288 = DEFINITIONAL_REPRESENTATION('',(#5289),#5293);
#5289 = LINE('',#5290,#5291);
#5290 = CARTESIAN_POINT('',(0.,0.));
#5291 = VECTOR('',#5292,1.);
#5292 = DIRECTION('',(0.,1.));
#5293 = ( GEOMETRIC_REPRESENTATION_CONTEXT(2) 
PARAMETRIC_REPRESENTATION_CONTEXT() REPRESENTATION_CONTEXT('2D SPACE',''
  ) );
#5294 = PCURVE('',#5263,#5295);
#5295 = DEFINITIONAL_REPRESENTATION('',(#5296),#5300);
#5296 = LINE('',#5297,#5298);
#5297 = CARTESIAN_POINT('',(6.28318530718,0.));
#5298 = VECTOR('',#5299,1.);
#5299 = DIRECTION('',(0.,1.));
#5300 = ( GEOMETRIC_REPRESENTATION_CONTEXT(2) 
PARAMETRIC_REPRESENTATION_CONTEXT() REPRESENTATION_CONTEXT('2D SPACE',''
  ) );
#5301 = ORIENTED_EDGE('',*,*,#5302,.F.);
#5302 = EDGE_CURVE('',#5280,#5280,#5303,.T.);
#5303 = SURFACE_CURVE('',#5304,(#5309,#5316),.PCURVE_S1.);
#5304 = CIRCLE('',#5305,5.);
#5305 = AXIS2_PLACEMENT_3D('',#5306,#5307,#5308);
#5306 = CARTESIAN_POINT('',(103.14661005817,-58.95745842864,
    -28.39241556863));
#5307 = DIRECTION('',(1.,0.,0.));
#5308 = DIRECTION('',(0.,-0.900968867902,-0.433883739118));
#5309 = PCURVE('',#5263,#5310);
#5310 = DEFINITIONAL_REPRESENTATION('',(#5311),#5315);
#5311 = LINE('',#5312,#5313);
#5312 = CARTESIAN_POINT('',(0.,49.513812468599));
#5313 = VECTOR('',#5314,1.);
#5314 = DIRECTION('',(1.,0.));
#5315 = ( GEOMETRIC_REPRESENTATION_CONTEXT(2) 
PARAMETRIC_REPRESENTATION_CONTEXT() REPRESENTATION_CONTEXT('2D SPACE',''
  ) );
#5316 = PCURVE('',#5317,#5322);
#5317 = PLANE('',#5318);
#5318 = AXIS2_PLACEMENT_3D('',#5319,#5320,#5321);
#5319 = CARTESIAN_POINT('',(103.14661005817,-58.95745842864,
    -28.39241556863));
#5320 = DIRECTION('',(1.,0.,0.));
#5321 = DIRECTION('',(0.,-0.900968867902,-0.433883739118));
#5322 = DEFINITIONAL_REPRESENTATION('',(#5323),#5327);
#5323 = CIRCLE('',#5324,5.);
#5324 = AXIS2_PLACEMENT_2D('',#5325,#5326);
#5325 = CARTESIAN_POINT('',(0.,0.));
#5326 = DIRECTION('',(1.,0.));
#5327 = ( GEOMETRIC_REPRESENTATION_CONTEXT(2) 
PARAMETRIC_REPRESENTATION_CONTEXT() REPRESENTATION_CONTEXT('2D SPACE',''
  ) );
#5328 = ORIENTED_EDGE('',*,*,#5279,.F.);
#5329 = ADVANCED_FACE('',(#5330,#5333),#5317,.T.);
#5330 = FACE_BOUND('',#5331,.T.);
#5331 = EDGE_LOOP('',(#5332));
#5332 = ORIENTED_EDGE('',*,*,#5302,.T.);
#5333 = FACE_BOUND('',#5334,.T.);
#5334 = EDGE_LOOP('',(#5335));
#5335 = ORIENTED_EDGE('',*,*,#5336,.F.);
#5336 = EDGE_CURVE('',#5337,#5337,#5339,.T.);
#5337 = VERTEX_POINT('',#5338);
#5338 = CARTESIAN_POINT('',(103.14661005817,-62.92172144741,
    -30.30150402075));
#5339 = SURFACE_CURVE('',#5340,(#5345,#5352),.PCURVE_S1.);
#5340 = CIRCLE('',#5341,4.4);
#5341 = AXIS2_PLACEMENT_3D('',#5342,#5343,#5344);
#5342 = CARTESIAN_POINT('',(103.14661005817,-58.95745842864,
    -28.39241556863));
#5343 = DIRECTION('',(1.,0.,0.));
#5344 = DIRECTION('',(0.,-0.900968867902,-0.433883739118));
#5345 = PCURVE('',#5317,#5346);
#5346 = DEFINITIONAL_REPRESENTATION('',(#5347),#5351);
#5347 = CIRCLE('',#5348,4.4);
#5348 = AXIS2_PLACEMENT_2D('',#5349,#5350);
#5349 = CARTESIAN_POINT('',(0.,0.));
#5350 = DIRECTION('',(1.,0.));
#5351 = ( GEOMETRIC_REPRESENTATION_CONTEXT(2) 
PARAMETRIC_REPRESENTATION_CONTEXT() REPRESENTATION_CONTEXT('2D SPACE',''
  ) );
#5352 = PCURVE('',#5232,#5353);
#5353 = DEFINITIONAL_REPRESENTATION('',(#5354),#5358);
#5354 = LINE('',#5355,#5356);
#5355 = CARTESIAN_POINT('',(-0.,0.));
#5356 = VECTOR('',#5357,1.);
#5357 = DIRECTION('',(-1.,0.));
#5358 = ( GEOMETRIC_REPRESENTATION_CONTEXT(2) 
PARAMETRIC_REPRESENTATION_CONTEXT() REPRESENTATION_CONTEXT('2D SPACE',''
  ) );
#5359 = ADVANCED_FACE('',(#5360),#5232,.F.);
#5360 = FACE_BOUND('',#5361,.T.);
#5361 = EDGE_LOOP('',(#5362,#5363,#5384,#5385));
#5362 = ORIENTED_EDGE('',*,*,#5336,.T.);
#5363 = ORIENTED_EDGE('',*,*,#5364,.T.);
#5364 = EDGE_CURVE('',#5337,#5211,#5365,.T.);
#5365 = SEAM_CURVE('',#5366,(#5370,#5377),.PCURVE_S1.);
#5366 = LINE('',#5367,#5368);
#5367 = CARTESIAN_POINT('',(103.14661005817,-62.92172144741,
    -30.30150402075));
#5368 = VECTOR('',#5369,1.);
#5369 = DIRECTION('',(-1.,0.,-0.));
#5370 = PCURVE('',#5232,#5371);
#5371 = DEFINITIONAL_REPRESENTATION('',(#5372),#5376);
#5372 = LINE('',#5373,#5374);
#5373 = CARTESIAN_POINT('',(-0.,0.));
#5374 = VECTOR('',#5375,1.);
#5375 = DIRECTION('',(-0.,1.));
#5376 = ( GEOMETRIC_REPRESENTATION_CONTEXT(2) 
PARAMETRIC_REPRESENTATION_CONTEXT() REPRESENTATION_CONTEXT('2D SPACE',''
  ) );
#5377 = PCURVE('',#5232,#5378);
#5378 = DEFINITIONAL_REPRESENTATION('',(#5379),#5383);
#5379 = LINE('',#5380,#5381);
#5380 = CARTESIAN_POINT('',(-6.28318530718,0.));
#5381 = VECTOR('',#5382,1.);
#5382 = DIRECTION('',(-0.,1.));
#5383 = ( GEOMETRIC_REPRESENTATION_CONTEXT(2) 
PARAMETRIC_REPRESENTATION_CONTEXT() REPRESENTATION_CONTEXT('2D SPACE',''
  ) );
#5384 = ORIENTED_EDGE('',*,*,#5210,.F.);
#5385 = ORIENTED_EDGE('',*,*,#5364,.F.);
#5386 = ( GEOMETRIC_REPRESENTATION_CONTEXT(3) 
GLOBAL_UNCERTAINTY_ASSIGNED_CONTEXT((#5390)) 
GLOBAL_UNIT_ASSIGNED_CONTEXT((#5387,#5388,#5389)) REPRESENTATION_CONTEXT
('Context #1','3D Context with UNIT and UNCERTAINTY') );
#5387 = ( LENGTH_UNIT() NAMED_UNIT(*) SI_UNIT(.MILLI.,.METRE.) );
#5388 = ( NAMED_UNIT(*) PLANE_ANGLE_UNIT() SI_UNIT($,.RADIAN.) );
#5389 = ( NAMED_UNIT(*) SI_UNIT($,.STERADIAN.) SOLID_ANGLE_UNIT() );
#5390 = UNCERTAINTY_MEASURE_WITH_UNIT(LENGTH_MEASURE(1.E-07),#5387,
  'distance_accuracy_value','confusion accuracy');
#5391 = CONTEXT_DEPENDENT_SHAPE_REPRESENTATION(#5392,#5394);
#5392 = ( REPRESENTATION_RELATIONSHIP('','',#5203,#5172) 
REPRESENTATION_RELATIONSHIP_WITH_TRANSFORMATION(#5393) 
SHAPE_REPRESENTATION_RELATIONSHIP() );
#5393 = ITEM_DEFINED_TRANSFORMATION('','',#11,#5173);
#5394 = PRODUCT_DEFINITION_SHAPE('Placement','Placement of an item',
  #5395);
#5395 = NEXT_ASSEMBLY_USAGE_OCCURRENCE('96','','',#5167,#5198,$);
#5396 = PRODUCT_RELATED_PRODUCT_CATEGORY('part',$,(#5200));
#5397 = SHAPE_DEFINITION_REPRESENTATION(#5398,#5404);
#5398 = PRODUCT_DEFINITION_SHAPE('','',#5399);
#5399 = PRODUCT_DEFINITION('design','',#5400,#5403);
#5400 = PRODUCT_DEFINITION_FORMATION('','',#5401);
#5401 = PRODUCT('Open CASCADE STEP translator 7.9 14.9.2',
  'Open CASCADE STEP translator 7.9 14.9.2','',(#5402));
#5402 = PRODUCT_CONTEXT('',#2,'mechanical');
#5403 = PRODUCT_DEFINITION_CONTEXT('part definition',#2,'design');
#5404 = ADVANCED_BREP_SHAPE_REPRESENTATION('',(#11,#5405),#5589);
#5405 = MANIFOLD_SOLID_BREP('',#5406);
#5406 = CLOSED_SHELL('',(#5407,#5496,#5531,#5561));
#5407 = ADVANCED_FACE('',(#5408),#5421,.T.);
#5408 = FACE_BOUND('',#5409,.T.);
#5409 = EDGE_LOOP('',(#5410,#5444,#5468,#5495));
#5410 = ORIENTED_EDGE('',*,*,#5411,.F.);
#5411 = EDGE_CURVE('',#5412,#5412,#5414,.T.);
#5412 = VERTEX_POINT('',#5413);
#5413 = CARTESIAN_POINT('',(105.64661005817,-52.20019191938,
    -25.13828752525));
#5414 = SURFACE_CURVE('',#5415,(#5420,#5432),.PCURVE_S1.);
#5415 = CIRCLE('',#5416,2.5);
#5416 = AXIS2_PLACEMENT_3D('',#5417,#5418,#5419);
#5417 = CARTESIAN_POINT('',(103.14661005817,-52.20019191938,
    -25.13828752525));
#5418 = DIRECTION('',(0.,0.433883739118,-0.900968867902));
#5419 = DIRECTION('',(1.,0.,0.));
#5420 = PCURVE('',#5421,#5426);
#5421 = TOROIDAL_SURFACE('',#5422,7.5,5.);
#5422 = AXIS2_PLACEMENT_3D('',#5423,#5424,#5425);
#5423 = CARTESIAN_POINT('',(103.14661005817,-52.20019191938,
    -25.13828752525));
#5424 = DIRECTION('',(0.,0.433883739118,-0.900968867902));
#5425 = DIRECTION('',(1.,0.,0.));
#5426 = DEFINITIONAL_REPRESENTATION('',(#5427),#5431);
#5427 = LINE('',#5428,#5429);
#5428 = CARTESIAN_POINT('',(0.,3.14159265359));
#5429 = VECTOR('',#5430,1.);
#5430 = DIRECTION('',(1.,0.));
#5431 = ( GEOMETRIC_REPRESENTATION_CONTEXT(2) 
PARAMETRIC_REPRESENTATION_CONTEXT() REPRESENTATION_CONTEXT('2D SPACE',''
  ) );
#5432 = PCURVE('',#5433,#5438);
#5433 = PLANE('',#5434);
#5434 = AXIS2_PLACEMENT_3D('',#5435,#5436,#5437);
#5435 = CARTESIAN_POINT('',(103.14661005817,-52.20019191938,
    -25.13828752525));
#5436 = DIRECTION('',(0.,0.433883739118,-0.900968867902));
#5437 = DIRECTION('',(1.,0.,0.));
#5438 = DEFINITIONAL_REPRESENTATION('',(#5439),#5443);
#5439 = CIRCLE('',#5440,2.5);
#5440 = AXIS2_PLACEMENT_2D('',#5441,#5442);
#5441 = CARTESIAN_POINT('',(0.,0.));
#5442 = DIRECTION('',(1.,0.));
#5443 = ( GEOMETRIC_REPRESENTATION_CONTEXT(2) 
PARAMETRIC_REPRESENTATION_CONTEXT() REPRESENTATION_CONTEXT('2D SPACE',''
  ) );
#5444 = ORIENTED_EDGE('',*,*,#5445,.F.);
#5445 = EDGE_CURVE('',#5446,#5412,#5448,.T.);
#5446 = VERTEX_POINT('',#5447);
#5447 = CARTESIAN_POINT('',(115.64661005817,-52.20019191938,
    -25.13828752525));
#5448 = SEAM_CURVE('',#5449,(#5454,#5461),.PCURVE_S1.);
#5449 = CIRCLE('',#5450,5.);
#5450 = AXIS2_PLACEMENT_3D('',#5451,#5452,#5453);
#5451 = CARTESIAN_POINT('',(110.64661005817,-52.20019191938,
    -25.13828752525));
#5452 = DIRECTION('',(-2.449293598295E-16,0.900968867902,0.433883739118)
  );
#5453 = DIRECTION('',(1.,2.206737280416E-16,1.062708664625E-16));
#5454 = PCURVE('',#5421,#5455);
#5455 = DEFINITIONAL_REPRESENTATION('',(#5456),#5460);
#5456 = LINE('',#5457,#5458);
#5457 = CARTESIAN_POINT('',(6.28318530718,-0.));
#5458 = VECTOR('',#5459,1.);
#5459 = DIRECTION('',(0.,1.));
#5460 = ( GEOMETRIC_REPRESENTATION_CONTEXT(2) 
PARAMETRIC_REPRESENTATION_CONTEXT() REPRESENTATION_CONTEXT('2D SPACE',''
  ) );
#5461 = PCURVE('',#5421,#5462);
#5462 = DEFINITIONAL_REPRESENTATION('',(#5463),#5467);
#5463 = LINE('',#5464,#5465);
#5464 = CARTESIAN_POINT('',(0.,-0.));
#5465 = VECTOR('',#5466,1.);
#5466 = DIRECTION('',(0.,1.));
#5467 = ( GEOMETRIC_REPRESENTATION_CONTEXT(2) 
PARAMETRIC_REPRESENTATION_CONTEXT() REPRESENTATION_CONTEXT('2D SPACE',''
  ) );
#5468 = ORIENTED_EDGE('',*,*,#5469,.T.);
#5469 = EDGE_CURVE('',#5446,#5446,#5470,.T.);
#5470 = SURFACE_CURVE('',#5471,(#5476,#5483),.PCURVE_S1.);
#5471 = CIRCLE('',#5472,12.5);
#5472 = AXIS2_PLACEMENT_3D('',#5473,#5474,#5475);
#5473 = CARTESIAN_POINT('',(103.14661005817,-52.20019191938,
    -25.13828752525));
#5474 = DIRECTION('',(0.,0.433883739118,-0.900968867902));
#5475 = DIRECTION('',(1.,0.,0.));
#5476 = PCURVE('',#5421,#5477);
#5477 = DEFINITIONAL_REPRESENTATION('',(#5478),#5482);
#5478 = LINE('',#5479,#5480);
#5479 = CARTESIAN_POINT('',(0.,0.));
#5480 = VECTOR('',#5481,1.);
#5481 = DIRECTION('',(1.,0.));
#5482 = ( GEOMETRIC_REPRESENTATION_CONTEXT(2) 
PARAMETRIC_REPRESENTATION_CONTEXT() REPRESENTATION_CONTEXT('2D SPACE',''
  ) );
#5483 = PCURVE('',#5484,#5489);
#5484 = PLANE('',#5485);
#5485 = AXIS2_PLACEMENT_3D('',#5486,#5487,#5488);
#5486 = CARTESIAN_POINT('',(103.14661005817,-52.20019191938,
    -25.13828752525));
#5487 = DIRECTION('',(0.,0.433883739118,-0.900968867902));
#5488 = DIRECTION('',(1.,0.,0.));
#5489 = DEFINITIONAL_REPRESENTATION('',(#5490),#5494);
#5490 = CIRCLE('',#5491,12.5);
#5491 = AXIS2_PLACEMENT_2D('',#5492,#5493);
#5492 = CARTESIAN_POINT('',(0.,0.));
#5493 = DIRECTION('',(1.,0.));
#5494 = ( GEOMETRIC_REPRESENTATION_CONTEXT(2) 
PARAMETRIC_REPRESENTATION_CONTEXT() REPRESENTATION_CONTEXT('2D SPACE',''
  ) );
#5495 = ORIENTED_EDGE('',*,*,#5445,.T.);
#5496 = ADVANCED_FACE('',(#5497,#5528),#5433,.F.);
#5497 = FACE_BOUND('',#5498,.F.);
#5498 = EDGE_LOOP('',(#5499));
#5499 = ORIENTED_EDGE('',*,*,#5500,.T.);
#5500 = EDGE_CURVE('',#5501,#5501,#5503,.T.);
#5501 = VERTEX_POINT('',#5502);
#5502 = CARTESIAN_POINT('',(106.24661005817,-52.20019191938,
    -25.13828752525));
#5503 = SURFACE_CURVE('',#5504,(#5509,#5516),.PCURVE_S1.);
#5504 = CIRCLE('',#5505,3.1);
#5505 = AXIS2_PLACEMENT_3D('',#5506,#5507,#5508);
#5506 = CARTESIAN_POINT('',(103.14661005817,-52.20019191938,
    -25.13828752525));
#5507 = DIRECTION('',(0.,0.433883739118,-0.900968867902));
#5508 = DIRECTION('',(1.,0.,0.));
#5509 = PCURVE('',#5433,#5510);
#5510 = DEFINITIONAL_REPRESENTATION('',(#5511),#5515);
#5511 = CIRCLE('',#5512,3.1);
#5512 = AXIS2_PLACEMENT_2D('',#5513,#5514);
#5513 = CARTESIAN_POINT('',(0.,0.));
#5514 = DIRECTION('',(1.,0.));
#5515 = ( GEOMETRIC_REPRESENTATION_CONTEXT(2) 
PARAMETRIC_REPRESENTATION_CONTEXT() REPRESENTATION_CONTEXT('2D SPACE',''
  ) );
#5516 = PCURVE('',#5517,#5522);
#5517 = TOROIDAL_SURFACE('',#5518,7.5,4.4);
#5518 = AXIS2_PLACEMENT_3D('',#5519,#5520,#5521);
#5519 = CARTESIAN_POINT('',(103.14661005817,-52.20019191938,
    -25.13828752525));
#5520 = DIRECTION('',(0.,0.433883739118,-0.900968867902));
#5521 = DIRECTION('',(1.,0.,0.));
#5522 = DEFINITIONAL_REPRESENTATION('',(#5523),#5527);
#5523 = LINE('',#5524,#5525);
#5524 = CARTESIAN_POINT('',(0.,3.14159265359));
#5525 = VECTOR('',#5526,1.);
#5526 = DIRECTION('',(1.,0.));
#5527 = ( GEOMETRIC_REPRESENTATION_CONTEXT(2) 
PARAMETRIC_REPRESENTATION_CONTEXT() REPRESENTATION_CONTEXT('2D SPACE',''
  ) );
#5528 = FACE_BOUND('',#5529,.F.);
#5529 = EDGE_LOOP('',(#5530));
#5530 = ORIENTED_EDGE('',*,*,#5411,.F.);
#5531 = ADVANCED_FACE('',(#5532,#5535),#5484,.F.);
#5532 = FACE_BOUND('',#5533,.F.);
#5533 = EDGE_LOOP('',(#5534));
#5534 = ORIENTED_EDGE('',*,*,#5469,.T.);
#5535 = FACE_BOUND('',#5536,.F.);
#5536 = EDGE_LOOP('',(#5537));
#5537 = ORIENTED_EDGE('',*,*,#5538,.F.);
#5538 = EDGE_CURVE('',#5539,#5539,#5541,.T.);
#5539 = VERTEX_POINT('',#5540);
#5540 = CARTESIAN_POINT('',(115.04661005817,-52.20019191938,
    -25.13828752525));
#5541 = SURFACE_CURVE('',#5542,(#5547,#5554),.PCURVE_S1.);
#5542 = CIRCLE('',#5543,11.9);
#5543 = AXIS2_PLACEMENT_3D('',#5544,#5545,#5546);
#5544 = CARTESIAN_POINT('',(103.14661005817,-52.20019191938,
    -25.13828752525));
#5545 = DIRECTION('',(0.,0.433883739118,-0.900968867902));
#5546 = DIRECTION('',(1.,0.,0.));
#5547 = PCURVE('',#5484,#5548);
#5548 = DEFINITIONAL_REPRESENTATION('',(#5549),#5553);
#5549 = CIRCLE('',#5550,11.9);
#5550 = AXIS2_PLACEMENT_2D('',#5551,#5552);
#5551 = CARTESIAN_POINT('',(0.,0.));
#5552 = DIRECTION('',(1.,0.));
#5553 = ( GEOMETRIC_REPRESENTATION_CONTEXT(2) 
PARAMETRIC_REPRESENTATION_CONTEXT() REPRESENTATION_CONTEXT('2D SPACE',''
  ) );
#5554 = PCURVE('',#5517,#5555);
#5555 = DEFINITIONAL_REPRESENTATION('',(#5556),#5560);
#5556 = LINE('',#5557,#5558);
#5557 = CARTESIAN_POINT('',(0.,0.));
#5558 = VECTOR('',#5559,1.);
#5559 = DIRECTION('',(1.,0.));
#5560 = ( GEOMETRIC_REPRESENTATION_CONTEXT(2) 
PARAMETRIC_REPRESENTATION_CONTEXT() REPRESENTATION_CONTEXT('2D SPACE',''
  ) );
#5561 = ADVANCED_FACE('',(#5562),#5517,.F.);
#5562 = FACE_BOUND('',#5563,.F.);
#5563 = EDGE_LOOP('',(#5564,#5565,#5587,#5588));
#5564 = ORIENTED_EDGE('',*,*,#5500,.F.);
#5565 = ORIENTED_EDGE('',*,*,#5566,.F.);
#5566 = EDGE_CURVE('',#5539,#5501,#5567,.T.);
#5567 = SEAM_CURVE('',#5568,(#5573,#5580),.PCURVE_S1.);
#5568 = CIRCLE('',#5569,4.4);
#5569 = AXIS2_PLACEMENT_3D('',#5570,#5571,#5572);
#5570 = CARTESIAN_POINT('',(110.64661005817,-52.20019191938,
    -25.13828752525));
#5571 = DIRECTION('',(-2.449293598295E-16,0.900968867902,0.433883739118)
  );
#5572 = DIRECTION('',(1.,2.206737280416E-16,1.062708664625E-16));
#5573 = PCURVE('',#5517,#5574);
#5574 = DEFINITIONAL_REPRESENTATION('',(#5575),#5579);
#5575 = LINE('',#5576,#5577);
#5576 = CARTESIAN_POINT('',(6.28318530718,-0.));
#5577 = VECTOR('',#5578,1.);
#5578 = DIRECTION('',(0.,1.));
#5579 = ( GEOMETRIC_REPRESENTATION_CONTEXT(2) 
PARAMETRIC_REPRESENTATION_CONTEXT() REPRESENTATION_CONTEXT('2D SPACE',''
  ) );
#5580 = PCURVE('',#5517,#5581);
#5581 = DEFINITIONAL_REPRESENTATION('',(#5582),#5586);
#5582 = LINE('',#5583,#5584);
#5583 = CARTESIAN_POINT('',(0.,-0.));
#5584 = VECTOR('',#5585,1.);
#5585 = DIRECTION('',(0.,1.));
#5586 = ( GEOMETRIC_REPRESENTATION_CONTEXT(2) 
PARAMETRIC_REPRESENTATION_CONTEXT() REPRESENTATION_CONTEXT('2D SPACE',''
  ) );
#5587 = ORIENTED_EDGE('',*,*,#5538,.T.);
#5588 = ORIENTED_EDGE('',*,*,#5566,.T.);
#5589 = ( GEOMETRIC_REPRESENTATION_CONTEXT(3) 
GLOBAL_UNCERTAINTY_ASSIGNED_CONTEXT((#5593)) 
GLOBAL_UNIT_ASSIGNED_CONTEXT((#5590,#5591,#5592)) REPRESENTATION_CONTEXT
('Context #1','3D Context with UNIT and UNCERTAINTY') );
#5590 = ( LENGTH_UNIT() NAMED_UNIT(*) SI_UNIT(.MILLI.,.METRE.) );
#5591 = ( NAMED_UNIT(*) PLANE_ANGLE_UNIT() SI_UNIT($,.RADIAN.) );
#5592 = ( NAMED_UNIT(*) SI_UNIT($,.STERADIAN.) SOLID_ANGLE_UNIT() );
#5593 = UNCERTAINTY_MEASURE_WITH_UNIT(LENGTH_MEASURE(1.E-07),#5590,
  'distance_accuracy_value','confusion accuracy');
#5594 = CONTEXT_DEPENDENT_SHAPE_REPRESENTATION(#5595,#5597);
#5595 = ( REPRESENTATION_RELATIONSHIP('','',#5404,#5172) 
REPRESENTATION_RELATIONSHIP_WITH_TRANSFORMATION(#5596) 
SHAPE_REPRESENTATION_RELATIONSHIP() );
#5596 = ITEM_DEFINED_TRANSFORMATION('','',#11,#5177);
#5597 = PRODUCT_DEFINITION_SHAPE('Placement','Placement of an item',
  #5598);
#5598 = NEXT_ASSEMBLY_USAGE_OCCURRENCE('97','','',#5167,#5399,$);
#5599 = PRODUCT_RELATED_PRODUCT_CATEGORY('part',$,(#5401));
#5600 = SHAPE_DEFINITION_REPRESENTATION(#5601,#5607);
#5601 = PRODUCT_DEFINITION_SHAPE('','',#5602);
#5602 = PRODUCT_DEFINITION('design','',#5603,#5606);
#5603 = PRODUCT_DEFINITION_FORMATION('','',#5604);
#5604 = PRODUCT('Open CASCADE STEP translator 7.9 14.9.3',
  'Open CASCADE STEP translator 7.9 14.9.3','',(#5605));
#5605 = PRODUCT_CONTEXT('',#2,'mechanical');
#5606 = PRODUCT_DEFINITION_CONTEXT('part definition',#2,'design');
#5607 = ADVANCED_BREP_SHAPE_REPRESENTATION('',(#11,#5608),#5790);
#5608 = MANIFOLD_SOLID_BREP('',#5609);
#5609 = CLOSED_SHELL('',(#5610,#5678,#5733,#5763));
#5610 = ADVANCED_FACE('',(#5611,#5647),#5624,.F.);
#5611 = FACE_BOUND('',#5612,.T.);
#5612 = EDGE_LOOP('',(#5613));
#5613 = ORIENTED_EDGE('',*,*,#5614,.T.);
#5614 = EDGE_CURVE('',#5615,#5615,#5617,.T.);
#5615 = VERTEX_POINT('',#5616);
#5616 = CARTESIAN_POINT('',(88.616775694169,-49.40718842888,
    -23.79324793399));
#5617 = SURFACE_CURVE('',#5618,(#5623,#5635),.PCURVE_S1.);
#5618 = CIRCLE('',#5619,4.4);
#5619 = AXIS2_PLACEMENT_3D('',#5620,#5621,#5622);
#5620 = CARTESIAN_POINT('',(88.616775694169,-45.44292541011,
    -21.88415948187));
#5621 = DIRECTION('',(1.,0.,0.));
#5622 = DIRECTION('',(0.,-0.900968867902,-0.433883739118));
#5623 = PCURVE('',#5624,#5629);
#5624 = PLANE('',#5625);
#5625 = AXIS2_PLACEMENT_3D('',#5626,#5627,#5628);
#5626 = CARTESIAN_POINT('',(88.616775694169,-45.44292541011,
    -21.88415948187));
#5627 = DIRECTION('',(1.,0.,0.));
#5628 = DIRECTION('',(-0.,-0.900968867902,-0.433883739118));
#5629 = DEFINITIONAL_REPRESENTATION('',(#5630),#5634);
#5630 = CIRCLE('',#5631,4.4);
#5631 = AXIS2_PLACEMENT_2D('',#5632,#5633);
#5632 = CARTESIAN_POINT('',(0.,0.));
#5633 = DIRECTION('',(1.,-0.));
#5634 = ( GEOMETRIC_REPRESENTATION_CONTEXT(2) 
PARAMETRIC_REPRESENTATION_CONTEXT() REPRESENTATION_CONTEXT('2D SPACE',''
  ) );
#5635 = PCURVE('',#5636,#5641);
#5636 = CYLINDRICAL_SURFACE('',#5637,4.4);
#5637 = AXIS2_PLACEMENT_3D('',#5638,#5639,#5640);
#5638 = CARTESIAN_POINT('',(103.14661005817,-45.44292541011,
    -21.88415948187));
#5639 = DIRECTION('',(-1.,0.,0.));
#5640 = DIRECTION('',(0.,-0.900968867902,-0.433883739118));
#5641 = DEFINITIONAL_REPRESENTATION('',(#5642),#5646);
#5642 = LINE('',#5643,#5644);
#5643 = CARTESIAN_POINT('',(-0.,14.52983436401));
#5644 = VECTOR('',#5645,1.);
#5645 = DIRECTION('',(-1.,0.));
#5646 = ( GEOMETRIC_REPRESENTATION_CONTEXT(2) 
PARAMETRIC_REPRESENTATION_CONTEXT() REPRESENTATION_CONTEXT('2D SPACE',''
  ) );
#5647 = FACE_BOUND('',#5648,.T.);
#5648 = EDGE_LOOP('',(#5649));
#5649 = ORIENTED_EDGE('',*,*,#5650,.F.);
#5650 = EDGE_CURVE('',#5651,#5651,#5653,.T.);
#5651 = VERTEX_POINT('',#5652);
#5652 = CARTESIAN_POINT('',(88.616775694169,-49.94776974962,
    -24.05357817746));
#5653 = SURFACE_CURVE('',#5654,(#5659,#5666),.PCURVE_S1.);
#5654 = CIRCLE('',#5655,5.);
#5655 = AXIS2_PLACEMENT_3D('',#5656,#5657,#5658);
#5656 = CARTESIAN_POINT('',(88.616775694169,-45.44292541011,
    -21.88415948187));
#5657 = DIRECTION('',(1.,0.,0.));
#5658 = DIRECTION('',(0.,-0.900968867902,-0.433883739118));
#5659 = PCURVE('',#5624,#5660);
#5660 = DEFINITIONAL_REPRESENTATION('',(#5661),#5665);
#5661 = CIRCLE('',#5662,5.);
#5662 = AXIS2_PLACEMENT_2D('',#5663,#5664);
#5663 = CARTESIAN_POINT('',(0.,0.));
#5664 = DIRECTION('',(1.,-0.));
#5665 = ( GEOMETRIC_REPRESENTATION_CONTEXT(2) 
PARAMETRIC_REPRESENTATION_CONTEXT() REPRESENTATION_CONTEXT('2D SPACE',''
  ) );
#5666 = PCURVE('',#5667,#5672);
#5667 = CYLINDRICAL_SURFACE('',#5668,5.);
#5668 = AXIS2_PLACEMENT_3D('',#5669,#5670,#5671);
#5669 = CARTESIAN_POINT('',(88.616775694169,-45.44292541011,
    -21.88415948187));
#5670 = DIRECTION('',(1.,0.,0.));
#5671 = DIRECTION('',(0.,-0.900968867902,-0.433883739118));
#5672 = DEFINITIONAL_REPRESENTATION('',(#5673),#5677);
#5673 = LINE('',#5674,#5675);
#5674 = CARTESIAN_POINT('',(0.,0.));
#5675 = VECTOR('',#5676,1.);
#5676 = DIRECTION('',(1.,0.));
#5677 = ( GEOMETRIC_REPRESENTATION_CONTEXT(2) 
PARAMETRIC_REPRESENTATION_CONTEXT() REPRESENTATION_CONTEXT('2D SPACE',''
  ) );
#5678 = ADVANCED_FACE('',(#5679),#5667,.T.);
#5679 = FACE_BOUND('',#5680,.T.);
#5680 = EDGE_LOOP('',(#5681,#5682,#5705,#5732));
#5681 = ORIENTED_EDGE('',*,*,#5650,.T.);
#5682 = ORIENTED_EDGE('',*,*,#5683,.T.);
#5683 = EDGE_CURVE('',#5651,#5684,#5686,.T.);
#5684 = VERTEX_POINT('',#5685);
#5685 = CARTESIAN_POINT('',(103.14661005817,-49.94776974962,
    -24.05357817746));
#5686 = SEAM_CURVE('',#5687,(#5691,#5698),.PCURVE_S1.);
#5687 = LINE('',#5688,#5689);
#5688 = CARTESIAN_POINT('',(88.616775694169,-49.94776974962,
    -24.05357817746));
#5689 = VECTOR('',#5690,1.);
#5690 = DIRECTION('',(1.,0.,0.));
#5691 = PCURVE('',#5667,#5692);
#5692 = DEFINITIONAL_REPRESENTATION('',(#5693),#5697);
#5693 = LINE('',#5694,#5695);
#5694 = CARTESIAN_POINT('',(0.,0.));
#5695 = VECTOR('',#5696,1.);
#5696 = DIRECTION('',(0.,1.));
#5697 = ( GEOMETRIC_REPRESENTATION_CONTEXT(2) 
PARAMETRIC_REPRESENTATION_CONTEXT() REPRESENTATION_CONTEXT('2D SPACE',''
  ) );
#5698 = PCURVE('',#5667,#5699);
#5699 = DEFINITIONAL_REPRESENTATION('',(#5700),#5704);
#5700 = LINE('',#5701,#5702);
#5701 = CARTESIAN_POINT('',(6.28318530718,0.));
#5702 = VECTOR('',#5703,1.);
#5703 = DIRECTION('',(0.,1.));
#5704 = ( GEOMETRIC_REPRESENTATION_CONTEXT(2) 
PARAMETRIC_REPRESENTATION_CONTEXT() REPRESENTATION_CONTEXT('2D SPACE',''
  ) );
#5705 = ORIENTED_EDGE('',*,*,#5706,.F.);
#5706 = EDGE_CURVE('',#5684,#5684,#5707,.T.);
#5707 = SURFACE_CURVE('',#5708,(#5713,#5720),.PCURVE_S1.);
#5708 = CIRCLE('',#5709,5.);
#5709 = AXIS2_PLACEMENT_3D('',#5710,#5711,#5712);
#5710 = CARTESIAN_POINT('',(103.14661005817,-45.44292541011,
    -21.88415948187));
#5711 = DIRECTION('',(1.,0.,0.));
#5712 = DIRECTION('',(0.,-0.900968867902,-0.433883739118));
#5713 = PCURVE('',#5667,#5714);
#5714 = DEFINITIONAL_REPRESENTATION('',(#5715),#5719);
#5715 = LINE('',#5716,#5717);
#5716 = CARTESIAN_POINT('',(0.,14.52983436401));
#5717 = VECTOR('',#5718,1.);
#5718 = DIRECTION('',(1.,0.));
#5719 = ( GEOMETRIC_REPRESENTATION_CONTEXT(2) 
PARAMETRIC_REPRESENTATION_CONTEXT() REPRESENTATION_CONTEXT('2D SPACE',''
  ) );
#5720 = PCURVE('',#5721,#5726);
#5721 = PLANE('',#5722);
#5722 = AXIS2_PLACEMENT_3D('',#5723,#5724,#5725);
#5723 = CARTESIAN_POINT('',(103.14661005817,-45.44292541011,
    -21.88415948187));
#5724 = DIRECTION('',(1.,0.,0.));
#5725 = DIRECTION('',(0.,-0.900968867902,-0.433883739118));
#5726 = DEFINITIONAL_REPRESENTATION('',(#5727),#5731);
#5727 = CIRCLE('',#5728,5.);
#5728 = AXIS2_PLACEMENT_2D('',#5729,#5730);
#5729 = CARTESIAN_POINT('',(0.,0.));
#5730 = DIRECTION('',(1.,0.));
#5731 = ( GEOMETRIC_REPRESENTATION_CONTEXT(2) 
PARAMETRIC_REPRESENTATION_CONTEXT() REPRESENTATION_CONTEXT('2D SPACE',''
  ) );
#5732 = ORIENTED_EDGE('',*,*,#5683,.F.);
#5733 = ADVANCED_FACE('',(#5734,#5737),#5721,.T.);
#5734 = FACE_BOUND('',#5735,.T.);
#5735 = EDGE_LOOP('',(#5736));
#5736 = ORIENTED_EDGE('',*,*,#5706,.T.);
#5737 = FACE_BOUND('',#5738,.T.);
#5738 = EDGE_LOOP('',(#5739));
#5739 = ORIENTED_EDGE('',*,*,#5740,.F.);
#5740 = EDGE_CURVE('',#5741,#5741,#5743,.T.);
#5741 = VERTEX_POINT('',#5742);
#5742 = CARTESIAN_POINT('',(103.14661005817,-49.40718842888,
    -23.79324793399));
#5743 = SURFACE_CURVE('',#5744,(#5749,#5756),.PCURVE_S1.);
#5744 = CIRCLE('',#5745,4.4);
#5745 = AXIS2_PLACEMENT_3D('',#5746,#5747,#5748);
#5746 = CARTESIAN_POINT('',(103.14661005817,-45.44292541011,
    -21.88415948187));
#5747 = DIRECTION('',(1.,0.,0.));
#5748 = DIRECTION('',(0.,-0.900968867902,-0.433883739118));
#5749 = PCURVE('',#5721,#5750);
#5750 = DEFINITIONAL_REPRESENTATION('',(#5751),#5755);
#5751 = CIRCLE('',#5752,4.4);
#5752 = AXIS2_PLACEMENT_2D('',#5753,#5754);
#5753 = CARTESIAN_POINT('',(0.,0.));
#5754 = DIRECTION('',(1.,0.));
#5755 = ( GEOMETRIC_REPRESENTATION_CONTEXT(2) 
PARAMETRIC_REPRESENTATION_CONTEXT() REPRESENTATION_CONTEXT('2D SPACE',''
  ) );
#5756 = PCURVE('',#5636,#5757);
#5757 = DEFINITIONAL_REPRESENTATION('',(#5758),#5762);
#5758 = LINE('',#5759,#5760);
#5759 = CARTESIAN_POINT('',(-0.,0.));
#5760 = VECTOR('',#5761,1.);
#5761 = DIRECTION('',(-1.,0.));
#5762 = ( GEOMETRIC_REPRESENTATION_CONTEXT(2) 
PARAMETRIC_REPRESENTATION_CONTEXT() REPRESENTATION_CONTEXT('2D SPACE',''
  ) );
#5763 = ADVANCED_FACE('',(#5764),#5636,.F.);
#5764 = FACE_BOUND('',#5765,.T.);
#5765 = EDGE_LOOP('',(#5766,#5767,#5788,#5789));
#5766 = ORIENTED_EDGE('',*,*,#5740,.T.);
#5767 = ORIENTED_EDGE('',*,*,#5768,.T.);
#5768 = EDGE_CURVE('',#5741,#5615,#5769,.T.);
#5769 = SEAM_CURVE('',#5770,(#5774,#5781),.PCURVE_S1.);
#5770 = LINE('',#5771,#5772);
#5771 = CARTESIAN_POINT('',(103.14661005817,-49.40718842888,
    -23.79324793399));
#5772 = VECTOR('',#5773,1.);
#5773 = DIRECTION('',(-1.,0.,-0.));
#5774 = PCURVE('',#5636,#5775);
#5775 = DEFINITIONAL_REPRESENTATION('',(#5776),#5780);
#5776 = LINE('',#5777,#5778);
#5777 = CARTESIAN_POINT('',(-0.,0.));
#5778 = VECTOR('',#5779,1.);
#5779 = DIRECTION('',(-0.,1.));
#5780 = ( GEOMETRIC_REPRESENTATION_CONTEXT(2) 
PARAMETRIC_REPRESENTATION_CONTEXT() REPRESENTATION_CONTEXT('2D SPACE',''
  ) );
#5781 = PCURVE('',#5636,#5782);
#5782 = DEFINITIONAL_REPRESENTATION('',(#5783),#5787);
#5783 = LINE('',#5784,#5785);
#5784 = CARTESIAN_POINT('',(-6.28318530718,0.));
#5785 = VECTOR('',#5786,1.);
#5786 = DIRECTION('',(-0.,1.));
#5787 = ( GEOMETRIC_REPRESENTATION_CONTEXT(2) 
PARAMETRIC_REPRESENTATION_CONTEXT() REPRESENTATION_CONTEXT('2D SPACE',''
  ) );
#5788 = ORIENTED_EDGE('',*,*,#5614,.F.);
#5789 = ORIENTED_EDGE('',*,*,#5768,.F.);
#5790 = ( GEOMETRIC_REPRESENTATION_CONTEXT(3) 
GLOBAL_UNCERTAINTY_ASSIGNED_CONTEXT((#5794)) 
GLOBAL_UNIT_ASSIGNED_CONTEXT((#5791,#5792,#5793)) REPRESENTATION_CONTEXT
('Context #1','3D Context with UNIT and UNCERTAINTY') );
#5791 = ( LENGTH_UNIT() NAMED_UNIT(*) SI_UNIT(.MILLI.,.METRE.) );
#5792 = ( NAMED_UNIT(*) PLANE_ANGLE_UNIT() SI_UNIT($,.RADIAN.) );
#5793 = ( NAMED_UNIT(*) SI_UNIT($,.STERADIAN.) SOLID_ANGLE_UNIT() );
#5794 = UNCERTAINTY_MEASURE_WITH_UNIT(LENGTH_MEASURE(1.E-07),#5791,
  'distance_accuracy_value','confusion accuracy');
#5795 = CONTEXT_DEPENDENT_SHAPE_REPRESENTATION(#5796,#5798);
#5796 = ( REPRESENTATION_RELATIONSHIP('','',#5607,#5172) 
REPRESENTATION_RELATIONSHIP_WITH_TRANSFORMATION(#5797) 
SHAPE_REPRESENTATION_RELATIONSHIP() );
#5797 = ITEM_DEFINED_TRANSFORMATION('','',#11,#5181);
#5798 = PRODUCT_DEFINITION_SHAPE('Placement','Placement of an item',
  #5799);
#5799 = NEXT_ASSEMBLY_USAGE_OCCURRENCE('98','','',#5167,#5602,$);
#5800 = PRODUCT_RELATED_PRODUCT_CATEGORY('part',$,(#5604));
#5801 = SHAPE_DEFINITION_REPRESENTATION(#5802,#5808);
#5802 = PRODUCT_DEFINITION_SHAPE('','',#5803);
#5803 = PRODUCT_DEFINITION('design','',#5804,#5807);
#5804 = PRODUCT_DEFINITION_FORMATION('','',#5805);
#5805 = PRODUCT('Open CASCADE STEP translator 7.9 14.10',
  'Open CASCADE STEP translator 7.9 14.10','',(#5806));
#5806 = PRODUCT_CONTEXT('',#2,'mechanical');
#5807 = PRODUCT_DEFINITION_CONTEXT('part definition',#2,'design');
#5808 = SHAPE_REPRESENTATION('',(#11,#5809,#5813,#5817),#5821);
#5809 = AXIS2_PLACEMENT_3D('',#5810,#5811,#5812);
#5810 = CARTESIAN_POINT('',(0.,0.,0.));
#5811 = DIRECTION('',(0.,0.,1.));
#5812 = DIRECTION('',(1.,0.,-0.));
#5813 = AXIS2_PLACEMENT_3D('',#5814,#5815,#5816);
#5814 = CARTESIAN_POINT('',(0.,0.,0.));
#5815 = DIRECTION('',(0.,0.,1.));
#5816 = DIRECTION('',(1.,0.,-0.));
#5817 = AXIS2_PLACEMENT_3D('',#5818,#5819,#5820);
#5818 = CARTESIAN_POINT('',(0.,0.,0.));
#5819 = DIRECTION('',(0.,0.,1.));
#5820 = DIRECTION('',(1.,0.,-0.));
#5821 = ( GEOMETRIC_REPRESENTATION_CONTEXT(3) 
GLOBAL_UNCERTAINTY_ASSIGNED_CONTEXT((#5825)) 
GLOBAL_UNIT_ASSIGNED_CONTEXT((#5822,#5823,#5824)) REPRESENTATION_CONTEXT
('Context #1','3D Context with UNIT and UNCERTAINTY') );
#5822 = ( LENGTH_UNIT() NAMED_UNIT(*) SI_UNIT(.MILLI.,.METRE.) );
#5823 = ( NAMED_UNIT(*) PLANE_ANGLE_UNIT() SI_UNIT($,.RADIAN.) );
#5824 = ( NAMED_UNIT(*) SI_UNIT($,.STERADIAN.) SOLID_ANGLE_UNIT() );
#5825 = UNCERTAINTY_MEASURE_WITH_UNIT(LENGTH_MEASURE(1.E-07),#5822,
  'distance_accuracy_value','confusion accuracy');
#5826 = CONTEXT_DEPENDENT_SHAPE_REPRESENTATION(#5827,#5829);
#5827 = ( REPRESENTATION_RELATIONSHIP('','',#5808,#10) 
REPRESENTATION_RELATIONSHIP_WITH_TRANSFORMATION(#5828) 
SHAPE_REPRESENTATION_RELATIONSHIP() );
#5828 = ITEM_DEFINED_TRANSFORMATION('','',#11,#51);
#5829 = PRODUCT_DEFINITION_SHAPE('Placement','Placement of an item',
  #5830);
#5830 = NEXT_ASSEMBLY_USAGE_OCCURRENCE('103','','',#5,#5803,$);
#5831 = PRODUCT_RELATED_PRODUCT_CATEGORY('part',$,(#5805));
#5832 = SHAPE_DEFINITION_REPRESENTATION(#5833,#5839);
#5833 = PRODUCT_DEFINITION_SHAPE('','',#5834);
#5834 = PRODUCT_DEFINITION('design','',#5835,#5838);
#5835 = PRODUCT_DEFINITION_FORMATION('','',#5836);
#5836 = PRODUCT('Open CASCADE STEP translator 7.9 14.10.1',
  'Open CASCADE STEP translator 7.9 14.10.1','',(#5837));
#5837 = PRODUCT_CONTEXT('',#2,'mechanical');
#5838 = PRODUCT_DEFINITION_CONTEXT('part definition',#2,'design');
#5839 = ADVANCED_BREP_SHAPE_REPRESENTATION('',(#11,#5840),#6022);
#5840 = MANIFOLD_SOLID_BREP('',#5841);
#5841 = CLOSED_SHELL('',(#5842,#5910,#5965,#5995));
#5842 = ADVANCED_FACE('',(#5843,#5879),#5856,.F.);
#5843 = FACE_BOUND('',#5844,.T.);
#5844 = EDGE_LOOP('',(#5845));
#5845 = ORIENTED_EDGE('',*,*,#5846,.T.);
#5846 = EDGE_CURVE('',#5847,#5847,#5849,.T.);
#5847 = VERTEX_POINT('',#5848);
#5848 = CARTESIAN_POINT('',(53.63279758958,-43.54318227354,
    -54.60142354663));
#5849 = SURFACE_CURVE('',#5850,(#5855,#5867),.PCURVE_S1.);
#5850 = CIRCLE('',#5851,4.4);
#5851 = AXIS2_PLACEMENT_3D('',#5852,#5853,#5854);
#5852 = CARTESIAN_POINT('',(53.63279758958,-40.79982714536,
    -51.16136502377));
#5853 = DIRECTION('',(1.,0.,0.));
#5854 = DIRECTION('',(0.,-0.623489801859,-0.781831482468));
#5855 = PCURVE('',#5856,#5861);
#5856 = PLANE('',#5857);
#5857 = AXIS2_PLACEMENT_3D('',#5858,#5859,#5860);
#5858 = CARTESIAN_POINT('',(53.63279758958,-40.79982714536,
    -51.16136502377));
#5859 = DIRECTION('',(1.,0.,0.));
#5860 = DIRECTION('',(-0.,-0.623489801859,-0.781831482468));
#5861 = DEFINITIONAL_REPRESENTATION('',(#5862),#5866);
#5862 = CIRCLE('',#5863,4.4);
#5863 = AXIS2_PLACEMENT_2D('',#5864,#5865);
#5864 = CARTESIAN_POINT('',(0.,0.));
#5865 = DIRECTION('',(1.,-0.));
#5866 = ( GEOMETRIC_REPRESENTATION_CONTEXT(2) 
PARAMETRIC_REPRESENTATION_CONTEXT() REPRESENTATION_CONTEXT('2D SPACE',''
  ) );
#5867 = PCURVE('',#5868,#5873);
#5868 = CYLINDRICAL_SURFACE('',#5869,4.4);
#5869 = AXIS2_PLACEMENT_3D('',#5870,#5871,#5872);
#5870 = CARTESIAN_POINT('',(103.14661005817,-40.79982714536,
    -51.16136502377));
#5871 = DIRECTION('',(-1.,0.,0.));
#5872 = DIRECTION('',(0.,-0.623489801859,-0.781831482468));
#5873 = DEFINITIONAL_REPRESENTATION('',(#5874),#5878);
#5874 = LINE('',#5875,#5876);
#5875 = CARTESIAN_POINT('',(-0.,49.513812468599));
#5876 = VECTOR('',#5877,1.);
#5877 = DIRECTION('',(-1.,0.));
#5878 = ( GEOMETRIC_REPRESENTATION_CONTEXT(2) 
PARAMETRIC_REPRESENTATION_CONTEXT() REPRESENTATION_CONTEXT('2D SPACE',''
  ) );
#5879 = FACE_BOUND('',#5880,.T.);
#5880 = EDGE_LOOP('',(#5881));
#5881 = ORIENTED_EDGE('',*,*,#5882,.F.);
#5882 = EDGE_CURVE('',#5883,#5883,#5885,.T.);
#5883 = VERTEX_POINT('',#5884);
#5884 = CARTESIAN_POINT('',(53.63279758958,-43.91727615465,
    -55.07052243611));
#5885 = SURFACE_CURVE('',#5886,(#5891,#5898),.PCURVE_S1.);
#5886 = CIRCLE('',#5887,5.);
#5887 = AXIS2_PLACEMENT_3D('',#5888,#5889,#5890);
#5888 = CARTESIAN_POINT('',(53.63279758958,-40.79982714536,
    -51.16136502377));
#5889 = DIRECTION('',(1.,0.,0.));
#5890 = DIRECTION('',(0.,-0.623489801859,-0.781831482468));
#5891 = PCURVE('',#5856,#5892);
#5892 = DEFINITIONAL_REPRESENTATION('',(#5893),#5897);
#5893 = CIRCLE('',#5894,5.);
#5894 = AXIS2_PLACEMENT_2D('',#5895,#5896);
#5895 = CARTESIAN_POINT('',(0.,0.));
#5896 = DIRECTION('',(1.,-0.));
#5897 = ( GEOMETRIC_REPRESENTATION_CONTEXT(2) 
PARAMETRIC_REPRESENTATION_CONTEXT() REPRESENTATION_CONTEXT('2D SPACE',''
  ) );
#5898 = PCURVE('',#5899,#5904);
#5899 = CYLINDRICAL_SURFACE('',#5900,5.);
#5900 = AXIS2_PLACEMENT_3D('',#5901,#5902,#5903);
#5901 = CARTESIAN_POINT('',(53.63279758958,-40.79982714536,
    -51.16136502377));
#5902 = DIRECTION('',(1.,0.,0.));
#5903 = DIRECTION('',(0.,-0.623489801859,-0.781831482468));
#5904 = DEFINITIONAL_REPRESENTATION('',(#5905),#5909);
#5905 = LINE('',#5906,#5907);
#5906 = CARTESIAN_POINT('',(0.,0.));
#5907 = VECTOR('',#5908,1.);
#5908 = DIRECTION('',(1.,0.));
#5909 = ( GEOMETRIC_REPRESENTATION_CONTEXT(2) 
PARAMETRIC_REPRESENTATION_CONTEXT() REPRESENTATION_CONTEXT('2D SPACE',''
  ) );
#5910 = ADVANCED_FACE('',(#5911),#5899,.T.);
#5911 = FACE_BOUND('',#5912,.T.);
#5912 = EDGE_LOOP('',(#5913,#5914,#5937,#5964));
#5913 = ORIENTED_EDGE('',*,*,#5882,.T.);
#5914 = ORIENTED_EDGE('',*,*,#5915,.T.);
#5915 = EDGE_CURVE('',#5883,#5916,#5918,.T.);
#5916 = VERTEX_POINT('',#5917);
#5917 = CARTESIAN_POINT('',(103.14661005817,-43.91727615465,
    -55.07052243611));
#5918 = SEAM_CURVE('',#5919,(#5923,#5930),.PCURVE_S1.);
#5919 = LINE('',#5920,#5921);
#5920 = CARTESIAN_POINT('',(53.63279758958,-43.91727615465,
    -55.07052243611));
#5921 = VECTOR('',#5922,1.);
#5922 = DIRECTION('',(1.,0.,0.));
#5923 = PCURVE('',#5899,#5924);
#5924 = DEFINITIONAL_REPRESENTATION('',(#5925),#5929);
#5925 = LINE('',#5926,#5927);
#5926 = CARTESIAN_POINT('',(0.,0.));
#5927 = VECTOR('',#5928,1.);
#5928 = DIRECTION('',(0.,1.));
#5929 = ( GEOMETRIC_REPRESENTATION_CONTEXT(2) 
PARAMETRIC_REPRESENTATION_CONTEXT() REPRESENTATION_CONTEXT('2D SPACE',''
  ) );
#5930 = PCURVE('',#5899,#5931);
#5931 = DEFINITIONAL_REPRESENTATION('',(#5932),#5936);
#5932 = LINE('',#5933,#5934);
#5933 = CARTESIAN_POINT('',(6.28318530718,0.));
#5934 = VECTOR('',#5935,1.);
#5935 = DIRECTION('',(0.,1.));
#5936 = ( GEOMETRIC_REPRESENTATION_CONTEXT(2) 
PARAMETRIC_REPRESENTATION_CONTEXT() REPRESENTATION_CONTEXT('2D SPACE',''
  ) );
#5937 = ORIENTED_EDGE('',*,*,#5938,.F.);
#5938 = EDGE_CURVE('',#5916,#5916,#5939,.T.);
#5939 = SURFACE_CURVE('',#5940,(#5945,#5952),.PCURVE_S1.);
#5940 = CIRCLE('',#5941,5.);
#5941 = AXIS2_PLACEMENT_3D('',#5942,#5943,#5944);
#5942 = CARTESIAN_POINT('',(103.14661005817,-40.79982714536,
    -51.16136502377));
#5943 = DIRECTION('',(1.,0.,0.));
#5944 = DIRECTION('',(0.,-0.623489801859,-0.781831482468));
#5945 = PCURVE('',#5899,#5946);
#5946 = DEFINITIONAL_REPRESENTATION('',(#5947),#5951);
#5947 = LINE('',#5948,#5949);
#5948 = CARTESIAN_POINT('',(0.,49.513812468599));
#5949 = VECTOR('',#5950,1.);
#5950 = DIRECTION('',(1.,0.));
#5951 = ( GEOMETRIC_REPRESENTATION_CONTEXT(2) 
PARAMETRIC_REPRESENTATION_CONTEXT() REPRESENTATION_CONTEXT('2D SPACE',''
  ) );
#5952 = PCURVE('',#5953,#5958);
#5953 = PLANE('',#5954);
#5954 = AXIS2_PLACEMENT_3D('',#5955,#5956,#5957);
#5955 = CARTESIAN_POINT('',(103.14661005817,-40.79982714536,
    -51.16136502377));
#5956 = DIRECTION('',(1.,0.,0.));
#5957 = DIRECTION('',(0.,-0.623489801859,-0.781831482468));
#5958 = DEFINITIONAL_REPRESENTATION('',(#5959),#5963);
#5959 = CIRCLE('',#5960,5.);
#5960 = AXIS2_PLACEMENT_2D('',#5961,#5962);
#5961 = CARTESIAN_POINT('',(0.,0.));
#5962 = DIRECTION('',(1.,0.));
#5963 = ( GEOMETRIC_REPRESENTATION_CONTEXT(2) 
PARAMETRIC_REPRESENTATION_CONTEXT() REPRESENTATION_CONTEXT('2D SPACE',''
  ) );
#5964 = ORIENTED_EDGE('',*,*,#5915,.F.);
#5965 = ADVANCED_FACE('',(#5966,#5969),#5953,.T.);
#5966 = FACE_BOUND('',#5967,.T.);
#5967 = EDGE_LOOP('',(#5968));
#5968 = ORIENTED_EDGE('',*,*,#5938,.T.);
#5969 = FACE_BOUND('',#5970,.T.);
#5970 = EDGE_LOOP('',(#5971));
#5971 = ORIENTED_EDGE('',*,*,#5972,.F.);
#5972 = EDGE_CURVE('',#5973,#5973,#5975,.T.);
#5973 = VERTEX_POINT('',#5974);
#5974 = CARTESIAN_POINT('',(103.14661005817,-43.54318227354,
    -54.60142354663));
#5975 = SURFACE_CURVE('',#5976,(#5981,#5988),.PCURVE_S1.);
#5976 = CIRCLE('',#5977,4.4);
#5977 = AXIS2_PLACEMENT_3D('',#5978,#5979,#5980);
#5978 = CARTESIAN_POINT('',(103.14661005817,-40.79982714536,
    -51.16136502377));
#5979 = DIRECTION('',(1.,0.,0.));
#5980 = DIRECTION('',(0.,-0.623489801859,-0.781831482468));
#5981 = PCURVE('',#5953,#5982);
#5982 = DEFINITIONAL_REPRESENTATION('',(#5983),#5987);
#5983 = CIRCLE('',#5984,4.4);
#5984 = AXIS2_PLACEMENT_2D('',#5985,#5986);
#5985 = CARTESIAN_POINT('',(0.,0.));
#5986 = DIRECTION('',(1.,0.));
#5987 = ( GEOMETRIC_REPRESENTATION_CONTEXT(2) 
PARAMETRIC_REPRESENTATION_CONTEXT() REPRESENTATION_CONTEXT('2D SPACE',''
  ) );
#5988 = PCURVE('',#5868,#5989);
#5989 = DEFINITIONAL_REPRESENTATION('',(#5990),#5994);
#5990 = LINE('',#5991,#5992);
#5991 = CARTESIAN_POINT('',(-0.,0.));
#5992 = VECTOR('',#5993,1.);
#5993 = DIRECTION('',(-1.,0.));
#5994 = ( GEOMETRIC_REPRESENTATION_CONTEXT(2) 
PARAMETRIC_REPRESENTATION_CONTEXT() REPRESENTATION_CONTEXT('2D SPACE',''
  ) );
#5995 = ADVANCED_FACE('',(#5996),#5868,.F.);
#5996 = FACE_BOUND('',#5997,.T.);
#5997 = EDGE_LOOP('',(#5998,#5999,#6020,#6021));
#5998 = ORIENTED_EDGE('',*,*,#5972,.T.);
#5999 = ORIENTED_EDGE('',*,*,#6000,.T.);
#6000 = EDGE_CURVE('',#5973,#5847,#6001,.T.);
#6001 = SEAM_CURVE('',#6002,(#6006,#6013),.PCURVE_S1.);
#6002 = LINE('',#6003,#6004);
#6003 = CARTESIAN_POINT('',(103.14661005817,-43.54318227354,
    -54.60142354663));
#6004 = VECTOR('',#6005,1.);
#6005 = DIRECTION('',(-1.,0.,-0.));
#6006 = PCURVE('',#5868,#6007);
#6007 = DEFINITIONAL_REPRESENTATION('',(#6008),#6012);
#6008 = LINE('',#6009,#6010);
#6009 = CARTESIAN_POINT('',(-0.,0.));
#6010 = VECTOR('',#6011,1.);
#6011 = DIRECTION('',(-0.,1.));
#6012 = ( GEOMETRIC_REPRESENTATION_CONTEXT(2) 
PARAMETRIC_REPRESENTATION_CONTEXT() REPRESENTATION_CONTEXT('2D SPACE',''
  ) );
#6013 = PCURVE('',#5868,#6014);
#6014 = DEFINITIONAL_REPRESENTATION('',(#6015),#6019);
#6015 = LINE('',#6016,#6017);
#6016 = CARTESIAN_POINT('',(-6.28318530718,0.));
#6017 = VECTOR('',#6018,1.);
#6018 = DIRECTION('',(-0.,1.));
#6019 = ( GEOMETRIC_REPRESENTATION_CONTEXT(2) 
PARAMETRIC_REPRESENTATION_CONTEXT() REPRESENTATION_CONTEXT('2D SPACE',''
  ) );
#6020 = ORIENTED_EDGE('',*,*,#5846,.F.);
#6021 = ORIENTED_EDGE('',*,*,#6000,.F.);
#6022 = ( GEOMETRIC_REPRESENTATION_CONTEXT(3) 
GLOBAL_UNCERTAINTY_ASSIGNED_CONTEXT((#6026)) 
GLOBAL_UNIT_ASSIGNED_CONTEXT((#6023,#6024,#6025)) REPRESENTATION_CONTEXT
('Context #1','3D Context with UNIT and UNCERTAINTY') );
#6023 = ( LENGTH_UNIT() NAMED_UNIT(*) SI_UNIT(.MILLI.,.METRE.) );
#6024 = ( NAMED_UNIT(*) PLANE_ANGLE_UNIT() SI_UNIT($,.RADIAN.) );
#6025 = ( NAMED_UNIT(*) SI_UNIT($,.STERADIAN.) SOLID_ANGLE_UNIT() );
#6026 = UNCERTAINTY_MEASURE_WITH_UNIT(LENGTH_MEASURE(1.E-07),#6023,
  'distance_accuracy_value','confusion accuracy');
#6027 = CONTEXT_DEPENDENT_SHAPE_REPRESENTATION(#6028,#6030);
#6028 = ( REPRESENTATION_RELATIONSHIP('','',#5839,#5808) 
REPRESENTATION_RELATIONSHIP_WITH_TRANSFORMATION(#6029) 
SHAPE_REPRESENTATION_RELATIONSHIP() );
#6029 = ITEM_DEFINED_TRANSFORMATION('','',#11,#5809);
#6030 = PRODUCT_DEFINITION_SHAPE('Placement','Placement of an item',
  #6031);
#6031 = NEXT_ASSEMBLY_USAGE_OCCURRENCE('100','','',#5803,#5834,$);
#6032 = PRODUCT_RELATED_PRODUCT_CATEGORY('part',$,(#5836));
#6033 = SHAPE_DEFINITION_REPRESENTATION(#6034,#6040);
#6034 = PRODUCT_DEFINITION_SHAPE('','',#6035);
#6035 = PRODUCT_DEFINITION('design','',#6036,#6039);
#6036 = PRODUCT_DEFINITION_FORMATION('','',#6037);
#6037 = PRODUCT('Open CASCADE STEP translator 7.9 14.10.2',
  'Open CASCADE STEP translator 7.9 14.10.2','',(#6038));
#6038 = PRODUCT_CONTEXT('',#2,'mechanical');
#6039 = PRODUCT_DEFINITION_CONTEXT('part definition',#2,'design');
#6040 = ADVANCED_BREP_SHAPE_REPRESENTATION('',(#11,#6041),#6225);
#6041 = MANIFOLD_SOLID_BREP('',#6042);
#6042 = CLOSED_SHELL('',(#6043,#6132,#6167,#6197));
#6043 = ADVANCED_FACE('',(#6044),#6057,.T.);
#6044 = FACE_BOUND('',#6045,.T.);
#6045 = EDGE_LOOP('',(#6046,#6080,#6104,#6131));
#6046 = ORIENTED_EDGE('',*,*,#6047,.F.);
#6047 = EDGE_CURVE('',#6048,#6048,#6050,.T.);
#6048 = VERTEX_POINT('',#6049);
#6049 = CARTESIAN_POINT('',(105.64661005817,-36.12365363142,
    -45.29762890526));
#6050 = SURFACE_CURVE('',#6051,(#6056,#6068),.PCURVE_S1.);
#6051 = CIRCLE('',#6052,2.5);
#6052 = AXIS2_PLACEMENT_3D('',#6053,#6054,#6055);
#6053 = CARTESIAN_POINT('',(103.14661005817,-36.12365363142,
    -45.29762890526));
#6054 = DIRECTION('',(0.,0.781831482468,-0.623489801859));
#6055 = DIRECTION('',(1.,0.,0.));
#6056 = PCURVE('',#6057,#6062);
#6057 = TOROIDAL_SURFACE('',#6058,7.5,5.);
#6058 = AXIS2_PLACEMENT_3D('',#6059,#6060,#6061);
#6059 = CARTESIAN_POINT('',(103.14661005817,-36.12365363142,
    -45.29762890526));
#6060 = DIRECTION('',(0.,0.781831482468,-0.623489801859));
#6061 = DIRECTION('',(1.,0.,0.));
#6062 = DEFINITIONAL_REPRESENTATION('',(#6063),#6067);
#6063 = LINE('',#6064,#6065);
#6064 = CARTESIAN_POINT('',(0.,3.14159265359));
#6065 = VECTOR('',#6066,1.);
#6066 = DIRECTION('',(1.,0.));
#6067 = ( GEOMETRIC_REPRESENTATION_CONTEXT(2) 
PARAMETRIC_REPRESENTATION_CONTEXT() REPRESENTATION_CONTEXT('2D SPACE',''
  ) );
#6068 = PCURVE('',#6069,#6074);
#6069 = PLANE('',#6070);
#6070 = AXIS2_PLACEMENT_3D('',#6071,#6072,#6073);
#6071 = CARTESIAN_POINT('',(103.14661005817,-36.12365363142,
    -45.29762890526));
#6072 = DIRECTION('',(0.,0.781831482468,-0.623489801859));
#6073 = DIRECTION('',(1.,0.,0.));
#6074 = DEFINITIONAL_REPRESENTATION('',(#6075),#6079);
#6075 = CIRCLE('',#6076,2.5);
#6076 = AXIS2_PLACEMENT_2D('',#6077,#6078);
#6077 = CARTESIAN_POINT('',(0.,0.));
#6078 = DIRECTION('',(1.,0.));
#6079 = ( GEOMETRIC_REPRESENTATION_CONTEXT(2) 
PARAMETRIC_REPRESENTATION_CONTEXT() REPRESENTATION_CONTEXT('2D SPACE',''
  ) );
#6080 = ORIENTED_EDGE('',*,*,#6081,.F.);
#6081 = EDGE_CURVE('',#6082,#6048,#6084,.T.);
#6082 = VERTEX_POINT('',#6083);
#6083 = CARTESIAN_POINT('',(115.64661005817,-36.12365363142,
    -45.29762890526));
#6084 = SEAM_CURVE('',#6085,(#6090,#6097),.PCURVE_S1.);
#6085 = CIRCLE('',#6086,5.);
#6086 = AXIS2_PLACEMENT_3D('',#6087,#6088,#6089);
#6087 = CARTESIAN_POINT('',(110.64661005817,-36.12365363142,
    -45.29762890526));
#6088 = DIRECTION('',(-2.449293598295E-16,0.623489801859,0.781831482468)
  );
#6089 = DIRECTION('',(1.,1.527109580295E-16,1.914934844954E-16));
#6090 = PCURVE('',#6057,#6091);
#6091 = DEFINITIONAL_REPRESENTATION('',(#6092),#6096);
#6092 = LINE('',#6093,#6094);
#6093 = CARTESIAN_POINT('',(6.28318530718,-0.));
#6094 = VECTOR('',#6095,1.);
#6095 = DIRECTION('',(0.,1.));
#6096 = ( GEOMETRIC_REPRESENTATION_CONTEXT(2) 
PARAMETRIC_REPRESENTATION_CONTEXT() REPRESENTATION_CONTEXT('2D SPACE',''
  ) );
#6097 = PCURVE('',#6057,#6098);
#6098 = DEFINITIONAL_REPRESENTATION('',(#6099),#6103);
#6099 = LINE('',#6100,#6101);
#6100 = CARTESIAN_POINT('',(0.,-0.));
#6101 = VECTOR('',#6102,1.);
#6102 = DIRECTION('',(0.,1.));
#6103 = ( GEOMETRIC_REPRESENTATION_CONTEXT(2) 
PARAMETRIC_REPRESENTATION_CONTEXT() REPRESENTATION_CONTEXT('2D SPACE',''
  ) );
#6104 = ORIENTED_EDGE('',*,*,#6105,.T.);
#6105 = EDGE_CURVE('',#6082,#6082,#6106,.T.);
#6106 = SURFACE_CURVE('',#6107,(#6112,#6119),.PCURVE_S1.);
#6107 = CIRCLE('',#6108,12.5);
#6108 = AXIS2_PLACEMENT_3D('',#6109,#6110,#6111);
#6109 = CARTESIAN_POINT('',(103.14661005817,-36.12365363142,
    -45.29762890526));
#6110 = DIRECTION('',(0.,0.781831482468,-0.623489801859));
#6111 = DIRECTION('',(1.,0.,0.));
#6112 = PCURVE('',#6057,#6113);
#6113 = DEFINITIONAL_REPRESENTATION('',(#6114),#6118);
#6114 = LINE('',#6115,#6116);
#6115 = CARTESIAN_POINT('',(0.,0.));
#6116 = VECTOR('',#6117,1.);
#6117 = DIRECTION('',(1.,0.));
#6118 = ( GEOMETRIC_REPRESENTATION_CONTEXT(2) 
PARAMETRIC_REPRESENTATION_CONTEXT() REPRESENTATION_CONTEXT('2D SPACE',''
  ) );
#6119 = PCURVE('',#6120,#6125);
#6120 = PLANE('',#6121);
#6121 = AXIS2_PLACEMENT_3D('',#6122,#6123,#6124);
#6122 = CARTESIAN_POINT('',(103.14661005817,-36.12365363142,
    -45.29762890526));
#6123 = DIRECTION('',(0.,0.781831482468,-0.623489801859));
#6124 = DIRECTION('',(1.,0.,0.));
#6125 = DEFINITIONAL_REPRESENTATION('',(#6126),#6130);
#6126 = CIRCLE('',#6127,12.5);
#6127 = AXIS2_PLACEMENT_2D('',#6128,#6129);
#6128 = CARTESIAN_POINT('',(0.,0.));
#6129 = DIRECTION('',(1.,0.));
#6130 = ( GEOMETRIC_REPRESENTATION_CONTEXT(2) 
PARAMETRIC_REPRESENTATION_CONTEXT() REPRESENTATION_CONTEXT('2D SPACE',''
  ) );
#6131 = ORIENTED_EDGE('',*,*,#6081,.T.);
#6132 = ADVANCED_FACE('',(#6133,#6164),#6069,.F.);
#6133 = FACE_BOUND('',#6134,.F.);
#6134 = EDGE_LOOP('',(#6135));
#6135 = ORIENTED_EDGE('',*,*,#6136,.T.);
#6136 = EDGE_CURVE('',#6137,#6137,#6139,.T.);
#6137 = VERTEX_POINT('',#6138);
#6138 = CARTESIAN_POINT('',(106.24661005817,-36.12365363142,
    -45.29762890526));
#6139 = SURFACE_CURVE('',#6140,(#6145,#6152),.PCURVE_S1.);
#6140 = CIRCLE('',#6141,3.1);
#6141 = AXIS2_PLACEMENT_3D('',#6142,#6143,#6144);
#6142 = CARTESIAN_POINT('',(103.14661005817,-36.12365363142,
    -45.29762890526));
#6143 = DIRECTION('',(0.,0.781831482468,-0.623489801859));
#6144 = DIRECTION('',(1.,0.,0.));
#6145 = PCURVE('',#6069,#6146);
#6146 = DEFINITIONAL_REPRESENTATION('',(#6147),#6151);
#6147 = CIRCLE('',#6148,3.1);
#6148 = AXIS2_PLACEMENT_2D('',#6149,#6150);
#6149 = CARTESIAN_POINT('',(0.,0.));
#6150 = DIRECTION('',(1.,0.));
#6151 = ( GEOMETRIC_REPRESENTATION_CONTEXT(2) 
PARAMETRIC_REPRESENTATION_CONTEXT() REPRESENTATION_CONTEXT('2D SPACE',''
  ) );
#6152 = PCURVE('',#6153,#6158);
#6153 = TOROIDAL_SURFACE('',#6154,7.5,4.4);
#6154 = AXIS2_PLACEMENT_3D('',#6155,#6156,#6157);
#6155 = CARTESIAN_POINT('',(103.14661005817,-36.12365363142,
    -45.29762890526));
#6156 = DIRECTION('',(0.,0.781831482468,-0.623489801859));
#6157 = DIRECTION('',(1.,0.,0.));
#6158 = DEFINITIONAL_REPRESENTATION('',(#6159),#6163);
#6159 = LINE('',#6160,#6161);
#6160 = CARTESIAN_POINT('',(0.,3.14159265359));
#6161 = VECTOR('',#6162,1.);
#6162 = DIRECTION('',(1.,0.));
#6163 = ( GEOMETRIC_REPRESENTATION_CONTEXT(2) 
PARAMETRIC_REPRESENTATION_CONTEXT() REPRESENTATION_CONTEXT('2D SPACE',''
  ) );
#6164 = FACE_BOUND('',#6165,.F.);
#6165 = EDGE_LOOP('',(#6166));
#6166 = ORIENTED_EDGE('',*,*,#6047,.F.);
#6167 = ADVANCED_FACE('',(#6168,#6171),#6120,.F.);
#6168 = FACE_BOUND('',#6169,.F.);
#6169 = EDGE_LOOP('',(#6170));
#6170 = ORIENTED_EDGE('',*,*,#6105,.T.);
#6171 = FACE_BOUND('',#6172,.F.);
#6172 = EDGE_LOOP('',(#6173));
#6173 = ORIENTED_EDGE('',*,*,#6174,.F.);
#6174 = EDGE_CURVE('',#6175,#6175,#6177,.T.);
#6175 = VERTEX_POINT('',#6176);
#6176 = CARTESIAN_POINT('',(115.04661005817,-36.12365363142,
    -45.29762890526));
#6177 = SURFACE_CURVE('',#6178,(#6183,#6190),.PCURVE_S1.);
#6178 = CIRCLE('',#6179,11.9);
#6179 = AXIS2_PLACEMENT_3D('',#6180,#6181,#6182);
#6180 = CARTESIAN_POINT('',(103.14661005817,-36.12365363142,
    -45.29762890526));
#6181 = DIRECTION('',(0.,0.781831482468,-0.623489801859));
#6182 = DIRECTION('',(1.,0.,0.));
#6183 = PCURVE('',#6120,#6184);
#6184 = DEFINITIONAL_REPRESENTATION('',(#6185),#6189);
#6185 = CIRCLE('',#6186,11.9);
#6186 = AXIS2_PLACEMENT_2D('',#6187,#6188);
#6187 = CARTESIAN_POINT('',(0.,0.));
#6188 = DIRECTION('',(1.,0.));
#6189 = ( GEOMETRIC_REPRESENTATION_CONTEXT(2) 
PARAMETRIC_REPRESENTATION_CONTEXT() REPRESENTATION_CONTEXT('2D SPACE',''
  ) );
#6190 = PCURVE('',#6153,#6191);
#6191 = DEFINITIONAL_REPRESENTATION('',(#6192),#6196);
#6192 = LINE('',#6193,#6194);
#6193 = CARTESIAN_POINT('',(0.,0.));
#6194 = VECTOR('',#6195,1.);
#6195 = DIRECTION('',(1.,0.));
#6196 = ( GEOMETRIC_REPRESENTATION_CONTEXT(2) 
PARAMETRIC_REPRESENTATION_CONTEXT() REPRESENTATION_CONTEXT('2D SPACE',''
  ) );
#6197 = ADVANCED_FACE('',(#6198),#6153,.F.);
#6198 = FACE_BOUND('',#6199,.F.);
#6199 = EDGE_LOOP('',(#6200,#6201,#6223,#6224));
#6200 = ORIENTED_EDGE('',*,*,#6136,.F.);
#6201 = ORIENTED_EDGE('',*,*,#6202,.F.);
#6202 = EDGE_CURVE('',#6175,#6137,#6203,.T.);
#6203 = SEAM_CURVE('',#6204,(#6209,#6216),.PCURVE_S1.);
#6204 = CIRCLE('',#6205,4.4);
#6205 = AXIS2_PLACEMENT_3D('',#6206,#6207,#6208);
#6206 = CARTESIAN_POINT('',(110.64661005817,-36.12365363142,
    -45.29762890526));
#6207 = DIRECTION('',(-2.449293598295E-16,0.623489801859,0.781831482468)
  );
#6208 = DIRECTION('',(1.,1.527109580295E-16,1.914934844954E-16));
#6209 = PCURVE('',#6153,#6210);
#6210 = DEFINITIONAL_REPRESENTATION('',(#6211),#6215);
#6211 = LINE('',#6212,#6213);
#6212 = CARTESIAN_POINT('',(6.28318530718,-0.));
#6213 = VECTOR('',#6214,1.);
#6214 = DIRECTION('',(0.,1.));
#6215 = ( GEOMETRIC_REPRESENTATION_CONTEXT(2) 
PARAMETRIC_REPRESENTATION_CONTEXT() REPRESENTATION_CONTEXT('2D SPACE',''
  ) );
#6216 = PCURVE('',#6153,#6217);
#6217 = DEFINITIONAL_REPRESENTATION('',(#6218),#6222);
#6218 = LINE('',#6219,#6220);
#6219 = CARTESIAN_POINT('',(0.,-0.));
#6220 = VECTOR('',#6221,1.);
#6221 = DIRECTION('',(0.,1.));
#6222 = ( GEOMETRIC_REPRESENTATION_CONTEXT(2) 
PARAMETRIC_REPRESENTATION_CONTEXT() REPRESENTATION_CONTEXT('2D SPACE',''
  ) );
#6223 = ORIENTED_EDGE('',*,*,#6174,.T.);
#6224 = ORIENTED_EDGE('',*,*,#6202,.T.);
#6225 = ( GEOMETRIC_REPRESENTATION_CONTEXT(3) 
GLOBAL_UNCERTAINTY_ASSIGNED_CONTEXT((#6229)) 
GLOBAL_UNIT_ASSIGNED_CONTEXT((#6226,#6227,#6228)) REPRESENTATION_CONTEXT
('Context #1','3D Context with UNIT and UNCERTAINTY') );
#6226 = ( LENGTH_UNIT() NAMED_UNIT(*) SI_UNIT(.MILLI.,.METRE.) );
#6227 = ( NAMED_UNIT(*) PLANE_ANGLE_UNIT() SI_UNIT($,.RADIAN.) );
#6228 = ( NAMED_UNIT(*) SI_UNIT($,.STERADIAN.) SOLID_ANGLE_UNIT() );
#6229 = UNCERTAINTY_MEASURE_WITH_UNIT(LENGTH_MEASURE(1.E-07),#6226,
  'distance_accuracy_value','confusion accuracy');
#6230 = CONTEXT_DEPENDENT_SHAPE_REPRESENTATION(#6231,#6233);
#6231 = ( REPRESENTATION_RELATIONSHIP('','',#6040,#5808) 
REPRESENTATION_RELATIONSHIP_WITH_TRANSFORMATION(#6232) 
SHAPE_REPRESENTATION_RELATIONSHIP() );
#6232 = ITEM_DEFINED_TRANSFORMATION('','',#11,#5813);
#6233 = PRODUCT_DEFINITION_SHAPE('Placement','Placement of an item',
  #6234);
#6234 = NEXT_ASSEMBLY_USAGE_OCCURRENCE('101','','',#5803,#6035,$);
#6235 = PRODUCT_RELATED_PRODUCT_CATEGORY('part',$,(#6037));
#6236 = SHAPE_DEFINITION_REPRESENTATION(#6237,#6243);
#6237 = PRODUCT_DEFINITION_SHAPE('','',#6238);
#6238 = PRODUCT_DEFINITION('design','',#6239,#6242);
#6239 = PRODUCT_DEFINITION_FORMATION('','',#6240);
#6240 = PRODUCT('Open CASCADE STEP translator 7.9 14.10.3',
  'Open CASCADE STEP translator 7.9 14.10.3','',(#6241));
#6241 = PRODUCT_CONTEXT('',#2,'mechanical');
#6242 = PRODUCT_DEFINITION_CONTEXT('part definition',#2,'design');
#6243 = ADVANCED_BREP_SHAPE_REPRESENTATION('',(#11,#6244),#6426);
#6244 = MANIFOLD_SOLID_BREP('',#6245);
#6245 = CLOSED_SHELL('',(#6246,#6314,#6369,#6399));
#6246 = ADVANCED_FACE('',(#6247,#6283),#6260,.F.);
#6247 = FACE_BOUND('',#6248,.T.);
#6248 = EDGE_LOOP('',(#6249));
#6249 = ORIENTED_EDGE('',*,*,#6250,.T.);
#6250 = EDGE_CURVE('',#6251,#6251,#6253,.T.);
#6251 = VERTEX_POINT('',#6252);
#6252 = CARTESIAN_POINT('',(88.616775694169,-34.19083524566,
    -42.87395130961));
#6253 = SURFACE_CURVE('',#6254,(#6259,#6271),.PCURVE_S1.);
#6254 = CIRCLE('',#6255,4.4);
#6255 = AXIS2_PLACEMENT_3D('',#6256,#6257,#6258);
#6256 = CARTESIAN_POINT('',(88.616775694169,-31.44748011748,
    -39.43389278675));
#6257 = DIRECTION('',(1.,0.,0.));
#6258 = DIRECTION('',(0.,-0.623489801859,-0.781831482468));
#6259 = PCURVE('',#6260,#6265);
#6260 = PLANE('',#6261);
#6261 = AXIS2_PLACEMENT_3D('',#6262,#6263,#6264);
#6262 = CARTESIAN_POINT('',(88.616775694169,-31.44748011748,
    -39.43389278675));
#6263 = DIRECTION('',(1.,0.,0.));
#6264 = DIRECTION('',(-0.,-0.623489801859,-0.781831482468));
#6265 = DEFINITIONAL_REPRESENTATION('',(#6266),#6270);
#6266 = CIRCLE('',#6267,4.4);
#6267 = AXIS2_PLACEMENT_2D('',#6268,#6269);
#6268 = CARTESIAN_POINT('',(0.,0.));
#6269 = DIRECTION('',(1.,-0.));
#6270 = ( GEOMETRIC_REPRESENTATION_CONTEXT(2) 
PARAMETRIC_REPRESENTATION_CONTEXT() REPRESENTATION_CONTEXT('2D SPACE',''
  ) );
#6271 = PCURVE('',#6272,#6277);
#6272 = CYLINDRICAL_SURFACE('',#6273,4.4);
#6273 = AXIS2_PLACEMENT_3D('',#6274,#6275,#6276);
#6274 = CARTESIAN_POINT('',(103.14661005817,-31.44748011748,
    -39.43389278675));
#6275 = DIRECTION('',(-1.,0.,0.));
#6276 = DIRECTION('',(0.,-0.623489801859,-0.781831482468));
#6277 = DEFINITIONAL_REPRESENTATION('',(#6278),#6282);
#6278 = LINE('',#6279,#6280);
#6279 = CARTESIAN_POINT('',(-0.,14.52983436401));
#6280 = VECTOR('',#6281,1.);
#6281 = DIRECTION('',(-1.,0.));
#6282 = ( GEOMETRIC_REPRESENTATION_CONTEXT(2) 
PARAMETRIC_REPRESENTATION_CONTEXT() REPRESENTATION_CONTEXT('2D SPACE',''
  ) );
#6283 = FACE_BOUND('',#6284,.T.);
#6284 = EDGE_LOOP('',(#6285));
#6285 = ORIENTED_EDGE('',*,*,#6286,.F.);
#6286 = EDGE_CURVE('',#6287,#6287,#6289,.T.);
#6287 = VERTEX_POINT('',#6288);
#6288 = CARTESIAN_POINT('',(88.616775694169,-34.56492912677,
    -43.34305019909));
#6289 = SURFACE_CURVE('',#6290,(#6295,#6302),.PCURVE_S1.);
#6290 = CIRCLE('',#6291,5.);
#6291 = AXIS2_PLACEMENT_3D('',#6292,#6293,#6294);
#6292 = CARTESIAN_POINT('',(88.616775694169,-31.44748011748,
    -39.43389278675));
#6293 = DIRECTION('',(1.,0.,0.));
#6294 = DIRECTION('',(0.,-0.623489801859,-0.781831482468));
#6295 = PCURVE('',#6260,#6296);
#6296 = DEFINITIONAL_REPRESENTATION('',(#6297),#6301);
#6297 = CIRCLE('',#6298,5.);
#6298 = AXIS2_PLACEMENT_2D('',#6299,#6300);
#6299 = CARTESIAN_POINT('',(0.,0.));
#6300 = DIRECTION('',(1.,-0.));
#6301 = ( GEOMETRIC_REPRESENTATION_CONTEXT(2) 
PARAMETRIC_REPRESENTATION_CONTEXT() REPRESENTATION_CONTEXT('2D SPACE',''
  ) );
#6302 = PCURVE('',#6303,#6308);
#6303 = CYLINDRICAL_SURFACE('',#6304,5.);
#6304 = AXIS2_PLACEMENT_3D('',#6305,#6306,#6307);
#6305 = CARTESIAN_POINT('',(88.616775694169,-31.44748011748,
    -39.43389278675));
#6306 = DIRECTION('',(1.,0.,0.));
#6307 = DIRECTION('',(0.,-0.623489801859,-0.781831482468));
#6308 = DEFINITIONAL_REPRESENTATION('',(#6309),#6313);
#6309 = LINE('',#6310,#6311);
#6310 = CARTESIAN_POINT('',(0.,0.));
#6311 = VECTOR('',#6312,1.);
#6312 = DIRECTION('',(1.,0.));
#6313 = ( GEOMETRIC_REPRESENTATION_CONTEXT(2) 
PARAMETRIC_REPRESENTATION_CONTEXT() REPRESENTATION_CONTEXT('2D SPACE',''
  ) );
#6314 = ADVANCED_FACE('',(#6315),#6303,.T.);
#6315 = FACE_BOUND('',#6316,.T.);
#6316 = EDGE_LOOP('',(#6317,#6318,#6341,#6368));
#6317 = ORIENTED_EDGE('',*,*,#6286,.T.);
#6318 = ORIENTED_EDGE('',*,*,#6319,.T.);
#6319 = EDGE_CURVE('',#6287,#6320,#6322,.T.);
#6320 = VERTEX_POINT('',#6321);
#6321 = CARTESIAN_POINT('',(103.14661005817,-34.56492912677,
    -43.34305019909));
#6322 = SEAM_CURVE('',#6323,(#6327,#6334),.PCURVE_S1.);
#6323 = LINE('',#6324,#6325);
#6324 = CARTESIAN_POINT('',(88.616775694169,-34.56492912677,
    -43.34305019909));
#6325 = VECTOR('',#6326,1.);
#6326 = DIRECTION('',(1.,0.,0.));
#6327 = PCURVE('',#6303,#6328);
#6328 = DEFINITIONAL_REPRESENTATION('',(#6329),#6333);
#6329 = LINE('',#6330,#6331);
#6330 = CARTESIAN_POINT('',(0.,0.));
#6331 = VECTOR('',#6332,1.);
#6332 = DIRECTION('',(0.,1.));
#6333 = ( GEOMETRIC_REPRESENTATION_CONTEXT(2) 
PARAMETRIC_REPRESENTATION_CONTEXT() REPRESENTATION_CONTEXT('2D SPACE',''
  ) );
#6334 = PCURVE('',#6303,#6335);
#6335 = DEFINITIONAL_REPRESENTATION('',(#6336),#6340);
#6336 = LINE('',#6337,#6338);
#6337 = CARTESIAN_POINT('',(6.28318530718,0.));
#6338 = VECTOR('',#6339,1.);
#6339 = DIRECTION('',(0.,1.));
#6340 = ( GEOMETRIC_REPRESENTATION_CONTEXT(2) 
PARAMETRIC_REPRESENTATION_CONTEXT() REPRESENTATION_CONTEXT('2D SPACE',''
  ) );
#6341 = ORIENTED_EDGE('',*,*,#6342,.F.);
#6342 = EDGE_CURVE('',#6320,#6320,#6343,.T.);
#6343 = SURFACE_CURVE('',#6344,(#6349,#6356),.PCURVE_S1.);
#6344 = CIRCLE('',#6345,5.);
#6345 = AXIS2_PLACEMENT_3D('',#6346,#6347,#6348);
#6346 = CARTESIAN_POINT('',(103.14661005817,-31.44748011748,
    -39.43389278675));
#6347 = DIRECTION('',(1.,0.,0.));
#6348 = DIRECTION('',(0.,-0.623489801859,-0.781831482468));
#6349 = PCURVE('',#6303,#6350);
#6350 = DEFINITIONAL_REPRESENTATION('',(#6351),#6355);
#6351 = LINE('',#6352,#6353);
#6352 = CARTESIAN_POINT('',(0.,14.52983436401));
#6353 = VECTOR('',#6354,1.);
#6354 = DIRECTION('',(1.,0.));
#6355 = ( GEOMETRIC_REPRESENTATION_CONTEXT(2) 
PARAMETRIC_REPRESENTATION_CONTEXT() REPRESENTATION_CONTEXT('2D SPACE',''
  ) );
#6356 = PCURVE('',#6357,#6362);
#6357 = PLANE('',#6358);
#6358 = AXIS2_PLACEMENT_3D('',#6359,#6360,#6361);
#6359 = CARTESIAN_POINT('',(103.14661005817,-31.44748011748,
    -39.43389278675));
#6360 = DIRECTION('',(1.,0.,0.));
#6361 = DIRECTION('',(0.,-0.623489801859,-0.781831482468));
#6362 = DEFINITIONAL_REPRESENTATION('',(#6363),#6367);
#6363 = CIRCLE('',#6364,5.);
#6364 = AXIS2_PLACEMENT_2D('',#6365,#6366);
#6365 = CARTESIAN_POINT('',(0.,0.));
#6366 = DIRECTION('',(1.,0.));
#6367 = ( GEOMETRIC_REPRESENTATION_CONTEXT(2) 
PARAMETRIC_REPRESENTATION_CONTEXT() REPRESENTATION_CONTEXT('2D SPACE',''
  ) );
#6368 = ORIENTED_EDGE('',*,*,#6319,.F.);
#6369 = ADVANCED_FACE('',(#6370,#6373),#6357,.T.);
#6370 = FACE_BOUND('',#6371,.T.);
#6371 = EDGE_LOOP('',(#6372));
#6372 = ORIENTED_EDGE('',*,*,#6342,.T.);
#6373 = FACE_BOUND('',#6374,.T.);
#6374 = EDGE_LOOP('',(#6375));
#6375 = ORIENTED_EDGE('',*,*,#6376,.F.);
#6376 = EDGE_CURVE('',#6377,#6377,#6379,.T.);
#6377 = VERTEX_POINT('',#6378);
#6378 = CARTESIAN_POINT('',(103.14661005817,-34.19083524566,
    -42.87395130961));
#6379 = SURFACE_CURVE('',#6380,(#6385,#6392),.PCURVE_S1.);
#6380 = CIRCLE('',#6381,4.4);
#6381 = AXIS2_PLACEMENT_3D('',#6382,#6383,#6384);
#6382 = CARTESIAN_POINT('',(103.14661005817,-31.44748011748,
    -39.43389278675));
#6383 = DIRECTION('',(1.,0.,0.));
#6384 = DIRECTION('',(0.,-0.623489801859,-0.781831482468));
#6385 = PCURVE('',#6357,#6386);
#6386 = DEFINITIONAL_REPRESENTATION('',(#6387),#6391);
#6387 = CIRCLE('',#6388,4.4);
#6388 = AXIS2_PLACEMENT_2D('',#6389,#6390);
#6389 = CARTESIAN_POINT('',(0.,0.));
#6390 = DIRECTION('',(1.,0.));
#6391 = ( GEOMETRIC_REPRESENTATION_CONTEXT(2) 
PARAMETRIC_REPRESENTATION_CONTEXT() REPRESENTATION_CONTEXT('2D SPACE',''
  ) );
#6392 = PCURVE('',#6272,#6393);
#6393 = DEFINITIONAL_REPRESENTATION('',(#6394),#6398);
#6394 = LINE('',#6395,#6396);
#6395 = CARTESIAN_POINT('',(-0.,0.));
#6396 = VECTOR('',#6397,1.);
#6397 = DIRECTION('',(-1.,0.));
#6398 = ( GEOMETRIC_REPRESENTATION_CONTEXT(2) 
PARAMETRIC_REPRESENTATION_CONTEXT() REPRESENTATION_CONTEXT('2D SPACE',''
  ) );
#6399 = ADVANCED_FACE('',(#6400),#6272,.F.);
#6400 = FACE_BOUND('',#6401,.T.);
#6401 = EDGE_LOOP('',(#6402,#6403,#6424,#6425));
#6402 = ORIENTED_EDGE('',*,*,#6376,.T.);
#6403 = ORIENTED_EDGE('',*,*,#6404,.T.);
#6404 = EDGE_CURVE('',#6377,#6251,#6405,.T.);
#6405 = SEAM_CURVE('',#6406,(#6410,#6417),.PCURVE_S1.);
#6406 = LINE('',#6407,#6408);
#6407 = CARTESIAN_POINT('',(103.14661005817,-34.19083524566,
    -42.87395130961));
#6408 = VECTOR('',#6409,1.);
#6409 = DIRECTION('',(-1.,0.,-0.));
#6410 = PCURVE('',#6272,#6411);
#6411 = DEFINITIONAL_REPRESENTATION('',(#6412),#6416);
#6412 = LINE('',#6413,#6414);
#6413 = CARTESIAN_POINT('',(-0.,0.));
#6414 = VECTOR('',#6415,1.);
#6415 = DIRECTION('',(-0.,1.));
#6416 = ( GEOMETRIC_REPRESENTATION_CONTEXT(2) 
PARAMETRIC_REPRESENTATION_CONTEXT() REPRESENTATION_CONTEXT('2D SPACE',''
  ) );
#6417 = PCURVE('',#6272,#6418);
#6418 = DEFINITIONAL_REPRESENTATION('',(#6419),#6423);
#6419 = LINE('',#6420,#6421);
#6420 = CARTESIAN_POINT('',(-6.28318530718,0.));
#6421 = VECTOR('',#6422,1.);
#6422 = DIRECTION('',(-0.,1.));
#6423 = ( GEOMETRIC_REPRESENTATION_CONTEXT(2) 
PARAMETRIC_REPRESENTATION_CONTEXT() REPRESENTATION_CONTEXT('2D SPACE',''
  ) );
#6424 = ORIENTED_EDGE('',*,*,#6250,.F.);
#6425 = ORIENTED_EDGE('',*,*,#6404,.F.);
#6426 = ( GEOMETRIC_REPRESENTATION_CONTEXT(3) 
GLOBAL_UNCERTAINTY_ASSIGNED_CONTEXT((#6430)) 
GLOBAL_UNIT_ASSIGNED_CONTEXT((#6427,#6428,#6429)) REPRESENTATION_CONTEXT
('Context #1','3D Context with UNIT and UNCERTAINTY') );
#6427 = ( LENGTH_UNIT() NAMED_UNIT(*) SI_UNIT(.MILLI.,.METRE.) );
#6428 = ( NAMED_UNIT(*) PLANE_ANGLE_UNIT() SI_UNIT($,.RADIAN.) );
#6429 = ( NAMED_UNIT(*) SI_UNIT($,.STERADIAN.) SOLID_ANGLE_UNIT() );
#6430 = UNCERTAINTY_MEASURE_WITH_UNIT(LENGTH_MEASURE(1.E-07),#6427,
  'distance_accuracy_value','confusion accuracy');
#6431 = CONTEXT_DEPENDENT_SHAPE_REPRESENTATION(#6432,#6434);
#6432 = ( REPRESENTATION_RELATIONSHIP('','',#6243,#5808) 
REPRESENTATION_RELATIONSHIP_WITH_TRANSFORMATION(#6433) 
SHAPE_REPRESENTATION_RELATIONSHIP() );
#6433 = ITEM_DEFINED_TRANSFORMATION('','',#11,#5817);
#6434 = PRODUCT_DEFINITION_SHAPE('Placement','Placement of an item',
  #6435);
#6435 = NEXT_ASSEMBLY_USAGE_OCCURRENCE('102','','',#5803,#6238,$);
#6436 = PRODUCT_RELATED_PRODUCT_CATEGORY('part',$,(#6240));
#6437 = SHAPE_DEFINITION_REPRESENTATION(#6438,#6444);
#6438 = PRODUCT_DEFINITION_SHAPE('','',#6439);
#6439 = PRODUCT_DEFINITION('design','',#6440,#6443);
#6440 = PRODUCT_DEFINITION_FORMATION('','',#6441);
#6441 = PRODUCT('Open CASCADE STEP translator 7.9 14.11',
  'Open CASCADE STEP translator 7.9 14.11','',(#6442));
#6442 = PRODUCT_CONTEXT('',#2,'mechanical');
#6443 = PRODUCT_DEFINITION_CONTEXT('part definition',#2,'design');
#6444 = SHAPE_REPRESENTATION('',(#11,#6445,#6449,#6453),#6457);
#6445 = AXIS2_PLACEMENT_3D('',#6446,#6447,#6448);
#6446 = CARTESIAN_POINT('',(0.,0.,0.));
#6447 = DIRECTION('',(0.,0.,1.));
#6448 = DIRECTION('',(1.,0.,-0.));
#6449 = AXIS2_PLACEMENT_3D('',#6450,#6451,#6452);
#6450 = CARTESIAN_POINT('',(0.,0.,0.));
#6451 = DIRECTION('',(0.,0.,1.));
#6452 = DIRECTION('',(1.,0.,-0.));
#6453 = AXIS2_PLACEMENT_3D('',#6454,#6455,#6456);
#6454 = CARTESIAN_POINT('',(0.,0.,0.));
#6455 = DIRECTION('',(0.,0.,1.));
#6456 = DIRECTION('',(1.,0.,-0.));
#6457 = ( GEOMETRIC_REPRESENTATION_CONTEXT(3) 
GLOBAL_UNCERTAINTY_ASSIGNED_CONTEXT((#6461)) 
GLOBAL_UNIT_ASSIGNED_CONTEXT((#6458,#6459,#6460)) REPRESENTATION_CONTEXT
('Context #1','3D Context with UNIT and UNCERTAINTY') );
#6458 = ( LENGTH_UNIT() NAMED_UNIT(*) SI_UNIT(.MILLI.,.METRE.) );
#6459 = ( NAMED_UNIT(*) PLANE_ANGLE_UNIT() SI_UNIT($,.RADIAN.) );
#6460 = ( NAMED_UNIT(*) SI_UNIT($,.STERADIAN.) SOLID_ANGLE_UNIT() );
#6461 = UNCERTAINTY_MEASURE_WITH_UNIT(LENGTH_MEASURE(1.E-07),#6458,
  'distance_accuracy_value','confusion accuracy');
#6462 = CONTEXT_DEPENDENT_SHAPE_REPRESENTATION(#6463,#6465);
#6463 = ( REPRESENTATION_RELATIONSHIP('','',#6444,#10) 
REPRESENTATION_RELATIONSHIP_WITH_TRANSFORMATION(#6464) 
SHAPE_REPRESENTATION_RELATIONSHIP() );
#6464 = ITEM_DEFINED_TRANSFORMATION('','',#11,#55);
#6465 = PRODUCT_DEFINITION_SHAPE('Placement','Placement of an item',
  #6466);
#6466 = NEXT_ASSEMBLY_USAGE_OCCURRENCE('107','','',#5,#6439,$);
#6467 = PRODUCT_RELATED_PRODUCT_CATEGORY('part',$,(#6441));
#6468 = SHAPE_DEFINITION_REPRESENTATION(#6469,#6475);
#6469 = PRODUCT_DEFINITION_SHAPE('','',#6470);
#6470 = PRODUCT_DEFINITION('design','',#6471,#6474);
#6471 = PRODUCT_DEFINITION_FORMATION('','',#6472);
#6472 = PRODUCT('Open CASCADE STEP translator 7.9 14.11.1',
  'Open CASCADE STEP translator 7.9 14.11.1','',(#6473));
#6473 = PRODUCT_CONTEXT('',#2,'mechanical');
#6474 = PRODUCT_DEFINITION_CONTEXT('part definition',#2,'design');
#6475 = ADVANCED_BREP_SHAPE_REPRESENTATION('',(#11,#6476),#6658);
#6476 = MANIFOLD_SOLID_BREP('',#6477);
#6477 = CLOSED_SHELL('',(#6478,#6546,#6601,#6631));
#6478 = ADVANCED_FACE('',(#6479,#6515),#6492,.F.);
#6479 = FACE_BOUND('',#6480,.T.);
#6480 = EDGE_LOOP('',(#6481));
#6481 = ORIENTED_EDGE('',*,*,#6482,.T.);
#6482 = EDGE_CURVE('',#6483,#6483,#6485,.T.);
#6483 = VERTEX_POINT('',#6484);
#6484 = CARTESIAN_POINT('',(53.63279758958,-15.5403818283,
    -68.08686149659));
#6485 = SURFACE_CURVE('',#6486,(#6491,#6503),.PCURVE_S1.);
#6486 = CIRCLE('',#6487,4.4);
#6487 = AXIS2_PLACEMENT_3D('',#6488,#6489,#6490);
#6488 = CARTESIAN_POINT('',(53.63279758958,-14.56128971889,
    -63.79717868299));
#6489 = DIRECTION('',(1.,0.,0.));
#6490 = DIRECTION('',(0.,-0.222520933956,-0.974927912182));
#6491 = PCURVE('',#6492,#6497);
#6492 = PLANE('',#6493);
#6493 = AXIS2_PLACEMENT_3D('',#6494,#6495,#6496);
#6494 = CARTESIAN_POINT('',(53.63279758958,-14.56128971889,
    -63.79717868299));
#6495 = DIRECTION('',(1.,0.,0.));
#6496 = DIRECTION('',(-0.,-0.222520933956,-0.974927912182));
#6497 = DEFINITIONAL_REPRESENTATION('',(#6498),#6502);
#6498 = CIRCLE('',#6499,4.4);
#6499 = AXIS2_PLACEMENT_2D('',#6500,#6501);
#6500 = CARTESIAN_POINT('',(0.,0.));
#6501 = DIRECTION('',(1.,-0.));
#6502 = ( GEOMETRIC_REPRESENTATION_CONTEXT(2) 
PARAMETRIC_REPRESENTATION_CONTEXT() REPRESENTATION_CONTEXT('2D SPACE',''
  ) );
#6503 = PCURVE('',#6504,#6509);
#6504 = CYLINDRICAL_SURFACE('',#6505,4.4);
#6505 = AXIS2_PLACEMENT_3D('',#6506,#6507,#6508);
#6506 = CARTESIAN_POINT('',(103.14661005817,-14.56128971889,
    -63.79717868299));
#6507 = DIRECTION('',(-1.,0.,0.));
#6508 = DIRECTION('',(0.,-0.222520933956,-0.974927912182));
#6509 = DEFINITIONAL_REPRESENTATION('',(#6510),#6514);
#6510 = LINE('',#6511,#6512);
#6511 = CARTESIAN_POINT('',(-0.,49.513812468599));
#6512 = VECTOR('',#6513,1.);
#6513 = DIRECTION('',(-1.,0.));
#6514 = ( GEOMETRIC_REPRESENTATION_CONTEXT(2) 
PARAMETRIC_REPRESENTATION_CONTEXT() REPRESENTATION_CONTEXT('2D SPACE',''
  ) );
#6515 = FACE_BOUND('',#6516,.T.);
#6516 = EDGE_LOOP('',(#6517));
#6517 = ORIENTED_EDGE('',*,*,#6518,.F.);
#6518 = EDGE_CURVE('',#6519,#6519,#6521,.T.);
#6519 = VERTEX_POINT('',#6520);
#6520 = CARTESIAN_POINT('',(53.63279758958,-15.67389438867,
    -68.6718182439));
#6521 = SURFACE_CURVE('',#6522,(#6527,#6534),.PCURVE_S1.);
#6522 = CIRCLE('',#6523,5.);
#6523 = AXIS2_PLACEMENT_3D('',#6524,#6525,#6526);
#6524 = CARTESIAN_POINT('',(53.63279758958,-14.56128971889,
    -63.79717868299));
#6525 = DIRECTION('',(1.,0.,0.));
#6526 = DIRECTION('',(0.,-0.222520933956,-0.974927912182));
#6527 = PCURVE('',#6492,#6528);
#6528 = DEFINITIONAL_REPRESENTATION('',(#6529),#6533);
#6529 = CIRCLE('',#6530,5.);
#6530 = AXIS2_PLACEMENT_2D('',#6531,#6532);
#6531 = CARTESIAN_POINT('',(0.,0.));
#6532 = DIRECTION('',(1.,-0.));
#6533 = ( GEOMETRIC_REPRESENTATION_CONTEXT(2) 
PARAMETRIC_REPRESENTATION_CONTEXT() REPRESENTATION_CONTEXT('2D SPACE',''
  ) );
#6534 = PCURVE('',#6535,#6540);
#6535 = CYLINDRICAL_SURFACE('',#6536,5.);
#6536 = AXIS2_PLACEMENT_3D('',#6537,#6538,#6539);
#6537 = CARTESIAN_POINT('',(53.63279758958,-14.56128971889,
    -63.79717868299));
#6538 = DIRECTION('',(1.,0.,0.));
#6539 = DIRECTION('',(0.,-0.222520933956,-0.974927912182));
#6540 = DEFINITIONAL_REPRESENTATION('',(#6541),#6545);
#6541 = LINE('',#6542,#6543);
#6542 = CARTESIAN_POINT('',(0.,0.));
#6543 = VECTOR('',#6544,1.);
#6544 = DIRECTION('',(1.,0.));
#6545 = ( GEOMETRIC_REPRESENTATION_CONTEXT(2) 
PARAMETRIC_REPRESENTATION_CONTEXT() REPRESENTATION_CONTEXT('2D SPACE',''
  ) );
#6546 = ADVANCED_FACE('',(#6547),#6535,.T.);
#6547 = FACE_BOUND('',#6548,.T.);
#6548 = EDGE_LOOP('',(#6549,#6550,#6573,#6600));
#6549 = ORIENTED_EDGE('',*,*,#6518,.T.);
#6550 = ORIENTED_EDGE('',*,*,#6551,.T.);
#6551 = EDGE_CURVE('',#6519,#6552,#6554,.T.);
#6552 = VERTEX_POINT('',#6553);
#6553 = CARTESIAN_POINT('',(103.14661005817,-15.67389438867,
    -68.6718182439));
#6554 = SEAM_CURVE('',#6555,(#6559,#6566),.PCURVE_S1.);
#6555 = LINE('',#6556,#6557);
#6556 = CARTESIAN_POINT('',(53.63279758958,-15.67389438867,
    -68.6718182439));
#6557 = VECTOR('',#6558,1.);
#6558 = DIRECTION('',(1.,0.,0.));
#6559 = PCURVE('',#6535,#6560);
#6560 = DEFINITIONAL_REPRESENTATION('',(#6561),#6565);
#6561 = LINE('',#6562,#6563);
#6562 = CARTESIAN_POINT('',(0.,0.));
#6563 = VECTOR('',#6564,1.);
#6564 = DIRECTION('',(0.,1.));
#6565 = ( GEOMETRIC_REPRESENTATION_CONTEXT(2) 
PARAMETRIC_REPRESENTATION_CONTEXT() REPRESENTATION_CONTEXT('2D SPACE',''
  ) );
#6566 = PCURVE('',#6535,#6567);
#6567 = DEFINITIONAL_REPRESENTATION('',(#6568),#6572);
#6568 = LINE('',#6569,#6570);
#6569 = CARTESIAN_POINT('',(6.28318530718,0.));
#6570 = VECTOR('',#6571,1.);
#6571 = DIRECTION('',(0.,1.));
#6572 = ( GEOMETRIC_REPRESENTATION_CONTEXT(2) 
PARAMETRIC_REPRESENTATION_CONTEXT() REPRESENTATION_CONTEXT('2D SPACE',''
  ) );
#6573 = ORIENTED_EDGE('',*,*,#6574,.F.);
#6574 = EDGE_CURVE('',#6552,#6552,#6575,.T.);
#6575 = SURFACE_CURVE('',#6576,(#6581,#6588),.PCURVE_S1.);
#6576 = CIRCLE('',#6577,5.);
#6577 = AXIS2_PLACEMENT_3D('',#6578,#6579,#6580);
#6578 = CARTESIAN_POINT('',(103.14661005817,-14.56128971889,
    -63.79717868299));
#6579 = DIRECTION('',(1.,0.,0.));
#6580 = DIRECTION('',(0.,-0.222520933956,-0.974927912182));
#6581 = PCURVE('',#6535,#6582);
#6582 = DEFINITIONAL_REPRESENTATION('',(#6583),#6587);
#6583 = LINE('',#6584,#6585);
#6584 = CARTESIAN_POINT('',(0.,49.513812468599));
#6585 = VECTOR('',#6586,1.);
#6586 = DIRECTION('',(1.,0.));
#6587 = ( GEOMETRIC_REPRESENTATION_CONTEXT(2) 
PARAMETRIC_REPRESENTATION_CONTEXT() REPRESENTATION_CONTEXT('2D SPACE',''
  ) );
#6588 = PCURVE('',#6589,#6594);
#6589 = PLANE('',#6590);
#6590 = AXIS2_PLACEMENT_3D('',#6591,#6592,#6593);
#6591 = CARTESIAN_POINT('',(103.14661005817,-14.56128971889,
    -63.79717868299));
#6592 = DIRECTION('',(1.,0.,0.));
#6593 = DIRECTION('',(0.,-0.222520933956,-0.974927912182));
#6594 = DEFINITIONAL_REPRESENTATION('',(#6595),#6599);
#6595 = CIRCLE('',#6596,5.);
#6596 = AXIS2_PLACEMENT_2D('',#6597,#6598);
#6597 = CARTESIAN_POINT('',(0.,0.));
#6598 = DIRECTION('',(1.,0.));
#6599 = ( GEOMETRIC_REPRESENTATION_CONTEXT(2) 
PARAMETRIC_REPRESENTATION_CONTEXT() REPRESENTATION_CONTEXT('2D SPACE',''
  ) );
#6600 = ORIENTED_EDGE('',*,*,#6551,.F.);
#6601 = ADVANCED_FACE('',(#6602,#6605),#6589,.T.);
#6602 = FACE_BOUND('',#6603,.T.);
#6603 = EDGE_LOOP('',(#6604));
#6604 = ORIENTED_EDGE('',*,*,#6574,.T.);
#6605 = FACE_BOUND('',#6606,.T.);
#6606 = EDGE_LOOP('',(#6607));
#6607 = ORIENTED_EDGE('',*,*,#6608,.F.);
#6608 = EDGE_CURVE('',#6609,#6609,#6611,.T.);
#6609 = VERTEX_POINT('',#6610);
#6610 = CARTESIAN_POINT('',(103.14661005817,-15.5403818283,
    -68.08686149659));
#6611 = SURFACE_CURVE('',#6612,(#6617,#6624),.PCURVE_S1.);
#6612 = CIRCLE('',#6613,4.4);
#6613 = AXIS2_PLACEMENT_3D('',#6614,#6615,#6616);
#6614 = CARTESIAN_POINT('',(103.14661005817,-14.56128971889,
    -63.79717868299));
#6615 = DIRECTION('',(1.,0.,0.));
#6616 = DIRECTION('',(0.,-0.222520933956,-0.974927912182));
#6617 = PCURVE('',#6589,#6618);
#6618 = DEFINITIONAL_REPRESENTATION('',(#6619),#6623);
#6619 = CIRCLE('',#6620,4.4);
#6620 = AXIS2_PLACEMENT_2D('',#6621,#6622);
#6621 = CARTESIAN_POINT('',(0.,0.));
#6622 = DIRECTION('',(1.,0.));
#6623 = ( GEOMETRIC_REPRESENTATION_CONTEXT(2) 
PARAMETRIC_REPRESENTATION_CONTEXT() REPRESENTATION_CONTEXT('2D SPACE',''
  ) );
#6624 = PCURVE('',#6504,#6625);
#6625 = DEFINITIONAL_REPRESENTATION('',(#6626),#6630);
#6626 = LINE('',#6627,#6628);
#6627 = CARTESIAN_POINT('',(-0.,0.));
#6628 = VECTOR('',#6629,1.);
#6629 = DIRECTION('',(-1.,0.));
#6630 = ( GEOMETRIC_REPRESENTATION_CONTEXT(2) 
PARAMETRIC_REPRESENTATION_CONTEXT() REPRESENTATION_CONTEXT('2D SPACE',''
  ) );
#6631 = ADVANCED_FACE('',(#6632),#6504,.F.);
#6632 = FACE_BOUND('',#6633,.T.);
#6633 = EDGE_LOOP('',(#6634,#6635,#6656,#6657));
#6634 = ORIENTED_EDGE('',*,*,#6608,.T.);
#6635 = ORIENTED_EDGE('',*,*,#6636,.T.);
#6636 = EDGE_CURVE('',#6609,#6483,#6637,.T.);
#6637 = SEAM_CURVE('',#6638,(#6642,#6649),.PCURVE_S1.);
#6638 = LINE('',#6639,#6640);
#6639 = CARTESIAN_POINT('',(103.14661005817,-15.5403818283,
    -68.08686149659));
#6640 = VECTOR('',#6641,1.);
#6641 = DIRECTION('',(-1.,0.,-0.));
#6642 = PCURVE('',#6504,#6643);
#6643 = DEFINITIONAL_REPRESENTATION('',(#6644),#6648);
#6644 = LINE('',#6645,#6646);
#6645 = CARTESIAN_POINT('',(-0.,0.));
#6646 = VECTOR('',#6647,1.);
#6647 = DIRECTION('',(-0.,1.));
#6648 = ( GEOMETRIC_REPRESENTATION_CONTEXT(2) 
PARAMETRIC_REPRESENTATION_CONTEXT() REPRESENTATION_CONTEXT('2D SPACE',''
  ) );
#6649 = PCURVE('',#6504,#6650);
#6650 = DEFINITIONAL_REPRESENTATION('',(#6651),#6655);
#6651 = LINE('',#6652,#6653);
#6652 = CARTESIAN_POINT('',(-6.28318530718,0.));
#6653 = VECTOR('',#6654,1.);
#6654 = DIRECTION('',(-0.,1.));
#6655 = ( GEOMETRIC_REPRESENTATION_CONTEXT(2) 
PARAMETRIC_REPRESENTATION_CONTEXT() REPRESENTATION_CONTEXT('2D SPACE',''
  ) );
#6656 = ORIENTED_EDGE('',*,*,#6482,.F.);
#6657 = ORIENTED_EDGE('',*,*,#6636,.F.);
#6658 = ( GEOMETRIC_REPRESENTATION_CONTEXT(3) 
GLOBAL_UNCERTAINTY_ASSIGNED_CONTEXT((#6662)) 
GLOBAL_UNIT_ASSIGNED_CONTEXT((#6659,#6660,#6661)) REPRESENTATION_CONTEXT
('Context #1','3D Context with UNIT and UNCERTAINTY') );
#6659 = ( LENGTH_UNIT() NAMED_UNIT(*) SI_UNIT(.MILLI.,.METRE.) );
#6660 = ( NAMED_UNIT(*) PLANE_ANGLE_UNIT() SI_UNIT($,.RADIAN.) );
#6661 = ( NAMED_UNIT(*) SI_UNIT($,.STERADIAN.) SOLID_ANGLE_UNIT() );
#6662 = UNCERTAINTY_MEASURE_WITH_UNIT(LENGTH_MEASURE(1.E-07),#6659,
  'distance_accuracy_value','confusion accuracy');
#6663 = CONTEXT_DEPENDENT_SHAPE_REPRESENTATION(#6664,#6666);
#6664 = ( REPRESENTATION_RELATIONSHIP('','',#6475,#6444) 
REPRESENTATION_RELATIONSHIP_WITH_TRANSFORMATION(#6665) 
SHAPE_REPRESENTATION_RELATIONSHIP() );
#6665 = ITEM_DEFINED_TRANSFORMATION('','',#11,#6445);
#6666 = PRODUCT_DEFINITION_SHAPE('Placement','Placement of an item',
  #6667);
#6667 = NEXT_ASSEMBLY_USAGE_OCCURRENCE('104','','',#6439,#6470,$);
#6668 = PRODUCT_RELATED_PRODUCT_CATEGORY('part',$,(#6472));
#6669 = SHAPE_DEFINITION_REPRESENTATION(#6670,#6676);
#6670 = PRODUCT_DEFINITION_SHAPE('','',#6671);
#6671 = PRODUCT_DEFINITION('design','',#6672,#6675);
#6672 = PRODUCT_DEFINITION_FORMATION('','',#6673);
#6673 = PRODUCT('Open CASCADE STEP translator 7.9 14.11.2',
  'Open CASCADE STEP translator 7.9 14.11.2','',(#6674));
#6674 = PRODUCT_CONTEXT('',#2,'mechanical');
#6675 = PRODUCT_DEFINITION_CONTEXT('part definition',#2,'design');
#6676 = ADVANCED_BREP_SHAPE_REPRESENTATION('',(#11,#6677),#6861);
#6677 = MANIFOLD_SOLID_BREP('',#6678);
#6678 = CLOSED_SHELL('',(#6679,#6768,#6803,#6833));
#6679 = ADVANCED_FACE('',(#6680),#6693,.T.);
#6680 = FACE_BOUND('',#6681,.T.);
#6681 = EDGE_LOOP('',(#6682,#6716,#6740,#6767));
#6682 = ORIENTED_EDGE('',*,*,#6683,.F.);
#6683 = EDGE_CURVE('',#6684,#6684,#6686,.T.);
#6684 = VERTEX_POINT('',#6685);
#6685 = CARTESIAN_POINT('',(105.64661005817,-12.89238271422,
    -56.48521934163));
#6686 = SURFACE_CURVE('',#6687,(#6692,#6704),.PCURVE_S1.);
#6687 = CIRCLE('',#6688,2.5);
#6688 = AXIS2_PLACEMENT_3D('',#6689,#6690,#6691);
#6689 = CARTESIAN_POINT('',(103.14661005817,-12.89238271422,
    -56.48521934163));
#6690 = DIRECTION('',(0.,0.974927912182,-0.222520933956));
#6691 = DIRECTION('',(1.,0.,0.));
#6692 = PCURVE('',#6693,#6698);
#6693 = TOROIDAL_SURFACE('',#6694,7.5,5.);
#6694 = AXIS2_PLACEMENT_3D('',#6695,#6696,#6697);
#6695 = CARTESIAN_POINT('',(103.14661005817,-12.89238271422,
    -56.48521934163));
#6696 = DIRECTION('',(0.,0.974927912182,-0.222520933956));
#6697 = DIRECTION('',(1.,0.,0.));
#6698 = DEFINITIONAL_REPRESENTATION('',(#6699),#6703);
#6699 = LINE('',#6700,#6701);
#6700 = CARTESIAN_POINT('',(0.,3.14159265359));
#6701 = VECTOR('',#6702,1.);
#6702 = DIRECTION('',(1.,0.));
#6703 = ( GEOMETRIC_REPRESENTATION_CONTEXT(2) 
PARAMETRIC_REPRESENTATION_CONTEXT() REPRESENTATION_CONTEXT('2D SPACE',''
  ) );
#6704 = PCURVE('',#6705,#6710);
#6705 = PLANE('',#6706);
#6706 = AXIS2_PLACEMENT_3D('',#6707,#6708,#6709);
#6707 = CARTESIAN_POINT('',(103.14661005817,-12.89238271422,
    -56.48521934163));
#6708 = DIRECTION('',(0.,0.974927912182,-0.222520933956));
#6709 = DIRECTION('',(1.,0.,0.));
#6710 = DEFINITIONAL_REPRESENTATION('',(#6711),#6715);
#6711 = CIRCLE('',#6712,2.5);
#6712 = AXIS2_PLACEMENT_2D('',#6713,#6714);
#6713 = CARTESIAN_POINT('',(0.,0.));
#6714 = DIRECTION('',(1.,0.));
#6715 = ( GEOMETRIC_REPRESENTATION_CONTEXT(2) 
PARAMETRIC_REPRESENTATION_CONTEXT() REPRESENTATION_CONTEXT('2D SPACE',''
  ) );
#6716 = ORIENTED_EDGE('',*,*,#6717,.F.);
#6717 = EDGE_CURVE('',#6718,#6684,#6720,.T.);
#6718 = VERTEX_POINT('',#6719);
#6719 = CARTESIAN_POINT('',(115.64661005817,-12.89238271422,
    -56.48521934163));
#6720 = SEAM_CURVE('',#6721,(#6726,#6733),.PCURVE_S1.);
#6721 = CIRCLE('',#6722,5.);
#6722 = AXIS2_PLACEMENT_3D('',#6723,#6724,#6725);
#6723 = CARTESIAN_POINT('',(110.64661005817,-12.89238271422,
    -56.48521934163));
#6724 = DIRECTION('',(-2.449293598295E-16,0.222520933956,0.974927912182)
  );
#6725 = DIRECTION('',(1.,5.450190990258E-17,2.387884694106E-16));
#6726 = PCURVE('',#6693,#6727);
#6727 = DEFINITIONAL_REPRESENTATION('',(#6728),#6732);
#6728 = LINE('',#6729,#6730);
#6729 = CARTESIAN_POINT('',(6.28318530718,-0.));
#6730 = VECTOR('',#6731,1.);
#6731 = DIRECTION('',(0.,1.));
#6732 = ( GEOMETRIC_REPRESENTATION_CONTEXT(2) 
PARAMETRIC_REPRESENTATION_CONTEXT() REPRESENTATION_CONTEXT('2D SPACE',''
  ) );
#6733 = PCURVE('',#6693,#6734);
#6734 = DEFINITIONAL_REPRESENTATION('',(#6735),#6739);
#6735 = LINE('',#6736,#6737);
#6736 = CARTESIAN_POINT('',(0.,-0.));
#6737 = VECTOR('',#6738,1.);
#6738 = DIRECTION('',(0.,1.));
#6739 = ( GEOMETRIC_REPRESENTATION_CONTEXT(2) 
PARAMETRIC_REPRESENTATION_CONTEXT() REPRESENTATION_CONTEXT('2D SPACE',''
  ) );
#6740 = ORIENTED_EDGE('',*,*,#6741,.T.);
#6741 = EDGE_CURVE('',#6718,#6718,#6742,.T.);
#6742 = SURFACE_CURVE('',#6743,(#6748,#6755),.PCURVE_S1.);
#6743 = CIRCLE('',#6744,12.5);
#6744 = AXIS2_PLACEMENT_3D('',#6745,#6746,#6747);
#6745 = CARTESIAN_POINT('',(103.14661005817,-12.89238271422,
    -56.48521934163));
#6746 = DIRECTION('',(0.,0.974927912182,-0.222520933956));
#6747 = DIRECTION('',(1.,0.,0.));
#6748 = PCURVE('',#6693,#6749);
#6749 = DEFINITIONAL_REPRESENTATION('',(#6750),#6754);
#6750 = LINE('',#6751,#6752);
#6751 = CARTESIAN_POINT('',(0.,0.));
#6752 = VECTOR('',#6753,1.);
#6753 = DIRECTION('',(1.,0.));
#6754 = ( GEOMETRIC_REPRESENTATION_CONTEXT(2) 
PARAMETRIC_REPRESENTATION_CONTEXT() REPRESENTATION_CONTEXT('2D SPACE',''
  ) );
#6755 = PCURVE('',#6756,#6761);
#6756 = PLANE('',#6757);
#6757 = AXIS2_PLACEMENT_3D('',#6758,#6759,#6760);
#6758 = CARTESIAN_POINT('',(103.14661005817,-12.89238271422,
    -56.48521934163));
#6759 = DIRECTION('',(0.,0.974927912182,-0.222520933956));
#6760 = DIRECTION('',(1.,0.,0.));
#6761 = DEFINITIONAL_REPRESENTATION('',(#6762),#6766);
#6762 = CIRCLE('',#6763,12.5);
#6763 = AXIS2_PLACEMENT_2D('',#6764,#6765);
#6764 = CARTESIAN_POINT('',(0.,0.));
#6765 = DIRECTION('',(1.,0.));
#6766 = ( GEOMETRIC_REPRESENTATION_CONTEXT(2) 
PARAMETRIC_REPRESENTATION_CONTEXT() REPRESENTATION_CONTEXT('2D SPACE',''
  ) );
#6767 = ORIENTED_EDGE('',*,*,#6717,.T.);
#6768 = ADVANCED_FACE('',(#6769,#6800),#6705,.F.);
#6769 = FACE_BOUND('',#6770,.F.);
#6770 = EDGE_LOOP('',(#6771));
#6771 = ORIENTED_EDGE('',*,*,#6772,.T.);
#6772 = EDGE_CURVE('',#6773,#6773,#6775,.T.);
#6773 = VERTEX_POINT('',#6774);
#6774 = CARTESIAN_POINT('',(106.24661005817,-12.89238271422,
    -56.48521934163));
#6775 = SURFACE_CURVE('',#6776,(#6781,#6788),.PCURVE_S1.);
#6776 = CIRCLE('',#6777,3.1);
#6777 = AXIS2_PLACEMENT_3D('',#6778,#6779,#6780);
#6778 = CARTESIAN_POINT('',(103.14661005817,-12.89238271422,
    -56.48521934163));
#6779 = DIRECTION('',(0.,0.974927912182,-0.222520933956));
#6780 = DIRECTION('',(1.,0.,0.));
#6781 = PCURVE('',#6705,#6782);
#6782 = DEFINITIONAL_REPRESENTATION('',(#6783),#6787);
#6783 = CIRCLE('',#6784,3.1);
#6784 = AXIS2_PLACEMENT_2D('',#6785,#6786);
#6785 = CARTESIAN_POINT('',(0.,0.));
#6786 = DIRECTION('',(1.,0.));
#6787 = ( GEOMETRIC_REPRESENTATION_CONTEXT(2) 
PARAMETRIC_REPRESENTATION_CONTEXT() REPRESENTATION_CONTEXT('2D SPACE',''
  ) );
#6788 = PCURVE('',#6789,#6794);
#6789 = TOROIDAL_SURFACE('',#6790,7.5,4.4);
#6790 = AXIS2_PLACEMENT_3D('',#6791,#6792,#6793);
#6791 = CARTESIAN_POINT('',(103.14661005817,-12.89238271422,
    -56.48521934163));
#6792 = DIRECTION('',(0.,0.974927912182,-0.222520933956));
#6793 = DIRECTION('',(1.,0.,0.));
#6794 = DEFINITIONAL_REPRESENTATION('',(#6795),#6799);
#6795 = LINE('',#6796,#6797);
#6796 = CARTESIAN_POINT('',(0.,3.14159265359));
#6797 = VECTOR('',#6798,1.);
#6798 = DIRECTION('',(1.,0.));
#6799 = ( GEOMETRIC_REPRESENTATION_CONTEXT(2) 
PARAMETRIC_REPRESENTATION_CONTEXT() REPRESENTATION_CONTEXT('2D SPACE',''
  ) );
#6800 = FACE_BOUND('',#6801,.F.);
#6801 = EDGE_LOOP('',(#6802));
#6802 = ORIENTED_EDGE('',*,*,#6683,.F.);
#6803 = ADVANCED_FACE('',(#6804,#6807),#6756,.F.);
#6804 = FACE_BOUND('',#6805,.F.);
#6805 = EDGE_LOOP('',(#6806));
#6806 = ORIENTED_EDGE('',*,*,#6741,.T.);
#6807 = FACE_BOUND('',#6808,.F.);
#6808 = EDGE_LOOP('',(#6809));
#6809 = ORIENTED_EDGE('',*,*,#6810,.F.);
#6810 = EDGE_CURVE('',#6811,#6811,#6813,.T.);
#6811 = VERTEX_POINT('',#6812);
#6812 = CARTESIAN_POINT('',(115.04661005817,-12.89238271422,
    -56.48521934163));
#6813 = SURFACE_CURVE('',#6814,(#6819,#6826),.PCURVE_S1.);
#6814 = CIRCLE('',#6815,11.9);
#6815 = AXIS2_PLACEMENT_3D('',#6816,#6817,#6818);
#6816 = CARTESIAN_POINT('',(103.14661005817,-12.89238271422,
    -56.48521934163));
#6817 = DIRECTION('',(0.,0.974927912182,-0.222520933956));
#6818 = DIRECTION('',(1.,0.,0.));
#6819 = PCURVE('',#6756,#6820);
#6820 = DEFINITIONAL_REPRESENTATION('',(#6821),#6825);
#6821 = CIRCLE('',#6822,11.9);
#6822 = AXIS2_PLACEMENT_2D('',#6823,#6824);
#6823 = CARTESIAN_POINT('',(0.,0.));
#6824 = DIRECTION('',(1.,0.));
#6825 = ( GEOMETRIC_REPRESENTATION_CONTEXT(2) 
PARAMETRIC_REPRESENTATION_CONTEXT() REPRESENTATION_CONTEXT('2D SPACE',''
  ) );
#6826 = PCURVE('',#6789,#6827);
#6827 = DEFINITIONAL_REPRESENTATION('',(#6828),#6832);
#6828 = LINE('',#6829,#6830);
#6829 = CARTESIAN_POINT('',(0.,0.));
#6830 = VECTOR('',#6831,1.);
#6831 = DIRECTION('',(1.,0.));
#6832 = ( GEOMETRIC_REPRESENTATION_CONTEXT(2) 
PARAMETRIC_REPRESENTATION_CONTEXT() REPRESENTATION_CONTEXT('2D SPACE',''
  ) );
#6833 = ADVANCED_FACE('',(#6834),#6789,.F.);
#6834 = FACE_BOUND('',#6835,.F.);
#6835 = EDGE_LOOP('',(#6836,#6837,#6859,#6860));
#6836 = ORIENTED_EDGE('',*,*,#6772,.F.);
#6837 = ORIENTED_EDGE('',*,*,#6838,.F.);
#6838 = EDGE_CURVE('',#6811,#6773,#6839,.T.);
#6839 = SEAM_CURVE('',#6840,(#6845,#6852),.PCURVE_S1.);
#6840 = CIRCLE('',#6841,4.4);
#6841 = AXIS2_PLACEMENT_3D('',#6842,#6843,#6844);
#6842 = CARTESIAN_POINT('',(110.64661005817,-12.89238271422,
    -56.48521934163));
#6843 = DIRECTION('',(-2.449293598295E-16,0.222520933956,0.974927912182)
  );
#6844 = DIRECTION('',(1.,5.450190990258E-17,2.387884694106E-16));
#6845 = PCURVE('',#6789,#6846);
#6846 = DEFINITIONAL_REPRESENTATION('',(#6847),#6851);
#6847 = LINE('',#6848,#6849);
#6848 = CARTESIAN_POINT('',(6.28318530718,-0.));
#6849 = VECTOR('',#6850,1.);
#6850 = DIRECTION('',(0.,1.));
#6851 = ( GEOMETRIC_REPRESENTATION_CONTEXT(2) 
PARAMETRIC_REPRESENTATION_CONTEXT() REPRESENTATION_CONTEXT('2D SPACE',''
  ) );
#6852 = PCURVE('',#6789,#6853);
#6853 = DEFINITIONAL_REPRESENTATION('',(#6854),#6858);
#6854 = LINE('',#6855,#6856);
#6855 = CARTESIAN_POINT('',(0.,-0.));
#6856 = VECTOR('',#6857,1.);
#6857 = DIRECTION('',(0.,1.));
#6858 = ( GEOMETRIC_REPRESENTATION_CONTEXT(2) 
PARAMETRIC_REPRESENTATION_CONTEXT() REPRESENTATION_CONTEXT('2D SPACE',''
  ) );
#6859 = ORIENTED_EDGE('',*,*,#6810,.T.);
#6860 = ORIENTED_EDGE('',*,*,#6838,.T.);
#6861 = ( GEOMETRIC_REPRESENTATION_CONTEXT(3) 
GLOBAL_UNCERTAINTY_ASSIGNED_CONTEXT((#6865)) 
GLOBAL_UNIT_ASSIGNED_CONTEXT((#6862,#6863,#6864)) REPRESENTATION_CONTEXT
('Context #1','3D Context with UNIT and UNCERTAINTY') );
#6862 = ( LENGTH_UNIT() NAMED_UNIT(*) SI_UNIT(.MILLI.,.METRE.) );
#6863 = ( NAMED_UNIT(*) PLANE_ANGLE_UNIT() SI_UNIT($,.RADIAN.) );
#6864 = ( NAMED_UNIT(*) SI_UNIT($,.STERADIAN.) SOLID_ANGLE_UNIT() );
#6865 = UNCERTAINTY_MEASURE_WITH_UNIT(LENGTH_MEASURE(1.E-07),#6862,
  'distance_accuracy_value','confusion accuracy');
#6866 = CONTEXT_DEPENDENT_SHAPE_REPRESENTATION(#6867,#6869);
#6867 = ( REPRESENTATION_RELATIONSHIP('','',#6676,#6444) 
REPRESENTATION_RELATIONSHIP_WITH_TRANSFORMATION(#6868) 
SHAPE_REPRESENTATION_RELATIONSHIP() );
#6868 = ITEM_DEFINED_TRANSFORMATION('','',#11,#6449);
#6869 = PRODUCT_DEFINITION_SHAPE('Placement','Placement of an item',
  #6870);
#6870 = NEXT_ASSEMBLY_USAGE_OCCURRENCE('105','','',#6439,#6671,$);
#6871 = PRODUCT_RELATED_PRODUCT_CATEGORY('part',$,(#6673));
#6872 = SHAPE_DEFINITION_REPRESENTATION(#6873,#6879);
#6873 = PRODUCT_DEFINITION_SHAPE('','',#6874);
#6874 = PRODUCT_DEFINITION('design','',#6875,#6878);
#6875 = PRODUCT_DEFINITION_FORMATION('','',#6876);
#6876 = PRODUCT('Open CASCADE STEP translator 7.9 14.11.3',
  'Open CASCADE STEP translator 7.9 14.11.3','',(#6877));
#6877 = PRODUCT_CONTEXT('',#2,'mechanical');
#6878 = PRODUCT_DEFINITION_CONTEXT('part definition',#2,'design');
#6879 = ADVANCED_BREP_SHAPE_REPRESENTATION('',(#11,#6880),#7062);
#6880 = MANIFOLD_SOLID_BREP('',#6881);
#6881 = CLOSED_SHELL('',(#6882,#6950,#7005,#7035));
#6882 = ADVANCED_FACE('',(#6883,#6919),#6896,.F.);
#6883 = FACE_BOUND('',#6884,.T.);
#6884 = EDGE_LOOP('',(#6885));
#6885 = ORIENTED_EDGE('',*,*,#6886,.T.);
#6886 = EDGE_CURVE('',#6887,#6887,#6889,.T.);
#6887 = VERTEX_POINT('',#6888);
#6888 = CARTESIAN_POINT('',(88.616775694169,-12.20256781895,
    -53.46294281387));
#6889 = SURFACE_CURVE('',#6890,(#6895,#6907),.PCURVE_S1.);
#6890 = CIRCLE('',#6891,4.4);
#6891 = AXIS2_PLACEMENT_3D('',#6892,#6893,#6894);
#6892 = CARTESIAN_POINT('',(88.616775694169,-11.22347570955,
    -49.17326000027));
#6893 = DIRECTION('',(1.,0.,0.));
#6894 = DIRECTION('',(0.,-0.222520933956,-0.974927912182));
#6895 = PCURVE('',#6896,#6901);
#6896 = PLANE('',#6897);
#6897 = AXIS2_PLACEMENT_3D('',#6898,#6899,#6900);
#6898 = CARTESIAN_POINT('',(88.616775694169,-11.22347570955,
    -49.17326000027));
#6899 = DIRECTION('',(1.,0.,0.));
#6900 = DIRECTION('',(-0.,-0.222520933956,-0.974927912182));
#6901 = DEFINITIONAL_REPRESENTATION('',(#6902),#6906);
#6902 = CIRCLE('',#6903,4.4);
#6903 = AXIS2_PLACEMENT_2D('',#6904,#6905);
#6904 = CARTESIAN_POINT('',(0.,0.));
#6905 = DIRECTION('',(1.,-0.));
#6906 = ( GEOMETRIC_REPRESENTATION_CONTEXT(2) 
PARAMETRIC_REPRESENTATION_CONTEXT() REPRESENTATION_CONTEXT('2D SPACE',''
  ) );
#6907 = PCURVE('',#6908,#6913);
#6908 = CYLINDRICAL_SURFACE('',#6909,4.4);
#6909 = AXIS2_PLACEMENT_3D('',#6910,#6911,#6912);
#6910 = CARTESIAN_POINT('',(103.14661005817,-11.22347570955,
    -49.17326000027));
#6911 = DIRECTION('',(-1.,0.,0.));
#6912 = DIRECTION('',(0.,-0.222520933956,-0.974927912182));
#6913 = DEFINITIONAL_REPRESENTATION('',(#6914),#6918);
#6914 = LINE('',#6915,#6916);
#6915 = CARTESIAN_POINT('',(-0.,14.52983436401));
#6916 = VECTOR('',#6917,1.);
#6917 = DIRECTION('',(-1.,0.));
#6918 = ( GEOMETRIC_REPRESENTATION_CONTEXT(2) 
PARAMETRIC_REPRESENTATION_CONTEXT() REPRESENTATION_CONTEXT('2D SPACE',''
  ) );
#6919 = FACE_BOUND('',#6920,.T.);
#6920 = EDGE_LOOP('',(#6921));
#6921 = ORIENTED_EDGE('',*,*,#6922,.F.);
#6922 = EDGE_CURVE('',#6923,#6923,#6925,.T.);
#6923 = VERTEX_POINT('',#6924);
#6924 = CARTESIAN_POINT('',(88.616775694169,-12.33608037933,
    -54.04789956117));
#6925 = SURFACE_CURVE('',#6926,(#6931,#6938),.PCURVE_S1.);
#6926 = CIRCLE('',#6927,5.);
#6927 = AXIS2_PLACEMENT_3D('',#6928,#6929,#6930);
#6928 = CARTESIAN_POINT('',(88.616775694169,-11.22347570955,
    -49.17326000027));
#6929 = DIRECTION('',(1.,0.,0.));
#6930 = DIRECTION('',(0.,-0.222520933956,-0.974927912182));
#6931 = PCURVE('',#6896,#6932);
#6932 = DEFINITIONAL_REPRESENTATION('',(#6933),#6937);
#6933 = CIRCLE('',#6934,5.);
#6934 = AXIS2_PLACEMENT_2D('',#6935,#6936);
#6935 = CARTESIAN_POINT('',(0.,0.));
#6936 = DIRECTION('',(1.,-0.));
#6937 = ( GEOMETRIC_REPRESENTATION_CONTEXT(2) 
PARAMETRIC_REPRESENTATION_CONTEXT() REPRESENTATION_CONTEXT('2D SPACE',''
  ) );
#6938 = PCURVE('',#6939,#6944);
#6939 = CYLINDRICAL_SURFACE('',#6940,5.);
#6940 = AXIS2_PLACEMENT_3D('',#6941,#6942,#6943);
#6941 = CARTESIAN_POINT('',(88.616775694169,-11.22347570955,
    -49.17326000027));
#6942 = DIRECTION('',(1.,0.,0.));
#6943 = DIRECTION('',(0.,-0.222520933956,-0.974927912182));
#6944 = DEFINITIONAL_REPRESENTATION('',(#6945),#6949);
#6945 = LINE('',#6946,#6947);
#6946 = CARTESIAN_POINT('',(0.,0.));
#6947 = VECTOR('',#6948,1.);
#6948 = DIRECTION('',(1.,0.));
#6949 = ( GEOMETRIC_REPRESENTATION_CONTEXT(2) 
PARAMETRIC_REPRESENTATION_CONTEXT() REPRESENTATION_CONTEXT('2D SPACE',''
  ) );
#6950 = ADVANCED_FACE('',(#6951),#6939,.T.);
#6951 = FACE_BOUND('',#6952,.T.);
#6952 = EDGE_LOOP('',(#6953,#6954,#6977,#7004));
#6953 = ORIENTED_EDGE('',*,*,#6922,.T.);
#6954 = ORIENTED_EDGE('',*,*,#6955,.T.);
#6955 = EDGE_CURVE('',#6923,#6956,#6958,.T.);
#6956 = VERTEX_POINT('',#6957);
#6957 = CARTESIAN_POINT('',(103.14661005817,-12.33608037933,
    -54.04789956117));
#6958 = SEAM_CURVE('',#6959,(#6963,#6970),.PCURVE_S1.);
#6959 = LINE('',#6960,#6961);
#6960 = CARTESIAN_POINT('',(88.616775694169,-12.33608037933,
    -54.04789956117));
#6961 = VECTOR('',#6962,1.);
#6962 = DIRECTION('',(1.,0.,0.));
#6963 = PCURVE('',#6939,#6964);
#6964 = DEFINITIONAL_REPRESENTATION('',(#6965),#6969);
#6965 = LINE('',#6966,#6967);
#6966 = CARTESIAN_POINT('',(0.,0.));
#6967 = VECTOR('',#6968,1.);
#6968 = DIRECTION('',(0.,1.));
#6969 = ( GEOMETRIC_REPRESENTATION_CONTEXT(2) 
PARAMETRIC_REPRESENTATION_CONTEXT() REPRESENTATION_CONTEXT('2D SPACE',''
  ) );
#6970 = PCURVE('',#6939,#6971);
#6971 = DEFINITIONAL_REPRESENTATION('',(#6972),#6976);
#6972 = LINE('',#6973,#6974);
#6973 = CARTESIAN_POINT('',(6.28318530718,0.));
#6974 = VECTOR('',#6975,1.);
#6975 = DIRECTION('',(0.,1.));
#6976 = ( GEOMETRIC_REPRESENTATION_CONTEXT(2) 
PARAMETRIC_REPRESENTATION_CONTEXT() REPRESENTATION_CONTEXT('2D SPACE',''
  ) );
#6977 = ORIENTED_EDGE('',*,*,#6978,.F.);
#6978 = EDGE_CURVE('',#6956,#6956,#6979,.T.);
#6979 = SURFACE_CURVE('',#6980,(#6985,#6992),.PCURVE_S1.);
#6980 = CIRCLE('',#6981,5.);
#6981 = AXIS2_PLACEMENT_3D('',#6982,#6983,#6984);
#6982 = CARTESIAN_POINT('',(103.14661005817,-11.22347570955,
    -49.17326000027));
#6983 = DIRECTION('',(1.,0.,0.));
#6984 = DIRECTION('',(0.,-0.222520933956,-0.974927912182));
#6985 = PCURVE('',#6939,#6986);
#6986 = DEFINITIONAL_REPRESENTATION('',(#6987),#6991);
#6987 = LINE('',#6988,#6989);
#6988 = CARTESIAN_POINT('',(0.,14.52983436401));
#6989 = VECTOR('',#6990,1.);
#6990 = DIRECTION('',(1.,0.));
#6991 = ( GEOMETRIC_REPRESENTATION_CONTEXT(2) 
PARAMETRIC_REPRESENTATION_CONTEXT() REPRESENTATION_CONTEXT('2D SPACE',''
  ) );
#6992 = PCURVE('',#6993,#6998);
#6993 = PLANE('',#6994);
#6994 = AXIS2_PLACEMENT_3D('',#6995,#6996,#6997);
#6995 = CARTESIAN_POINT('',(103.14661005817,-11.22347570955,
    -49.17326000027));
#6996 = DIRECTION('',(1.,0.,0.));
#6997 = DIRECTION('',(0.,-0.222520933956,-0.974927912182));
#6998 = DEFINITIONAL_REPRESENTATION('',(#6999),#7003);
#6999 = CIRCLE('',#7000,5.);
#7000 = AXIS2_PLACEMENT_2D('',#7001,#7002);
#7001 = CARTESIAN_POINT('',(0.,0.));
#7002 = DIRECTION('',(1.,0.));
#7003 = ( GEOMETRIC_REPRESENTATION_CONTEXT(2) 
PARAMETRIC_REPRESENTATION_CONTEXT() REPRESENTATION_CONTEXT('2D SPACE',''
  ) );
#7004 = ORIENTED_EDGE('',*,*,#6955,.F.);
#7005 = ADVANCED_FACE('',(#7006,#7009),#6993,.T.);
#7006 = FACE_BOUND('',#7007,.T.);
#7007 = EDGE_LOOP('',(#7008));
#7008 = ORIENTED_EDGE('',*,*,#6978,.T.);
#7009 = FACE_BOUND('',#7010,.T.);
#7010 = EDGE_LOOP('',(#7011));
#7011 = ORIENTED_EDGE('',*,*,#7012,.F.);
#7012 = EDGE_CURVE('',#7013,#7013,#7015,.T.);
#7013 = VERTEX_POINT('',#7014);
#7014 = CARTESIAN_POINT('',(103.14661005817,-12.20256781895,
    -53.46294281387));
#7015 = SURFACE_CURVE('',#7016,(#7021,#7028),.PCURVE_S1.);
#7016 = CIRCLE('',#7017,4.4);
#7017 = AXIS2_PLACEMENT_3D('',#7018,#7019,#7020);
#7018 = CARTESIAN_POINT('',(103.14661005817,-11.22347570955,
    -49.17326000027));
#7019 = DIRECTION('',(1.,0.,0.));
#7020 = DIRECTION('',(0.,-0.222520933956,-0.974927912182));
#7021 = PCURVE('',#6993,#7022);
#7022 = DEFINITIONAL_REPRESENTATION('',(#7023),#7027);
#7023 = CIRCLE('',#7024,4.4);
#7024 = AXIS2_PLACEMENT_2D('',#7025,#7026);
#7025 = CARTESIAN_POINT('',(0.,0.));
#7026 = DIRECTION('',(1.,0.));
#7027 = ( GEOMETRIC_REPRESENTATION_CONTEXT(2) 
PARAMETRIC_REPRESENTATION_CONTEXT() REPRESENTATION_CONTEXT('2D SPACE',''
  ) );
#7028 = PCURVE('',#6908,#7029);
#7029 = DEFINITIONAL_REPRESENTATION('',(#7030),#7034);
#7030 = LINE('',#7031,#7032);
#7031 = CARTESIAN_POINT('',(-0.,0.));
#7032 = VECTOR('',#7033,1.);
#7033 = DIRECTION('',(-1.,0.));
#7034 = ( GEOMETRIC_REPRESENTATION_CONTEXT(2) 
PARAMETRIC_REPRESENTATION_CONTEXT() REPRESENTATION_CONTEXT('2D SPACE',''
  ) );
#7035 = ADVANCED_FACE('',(#7036),#6908,.F.);
#7036 = FACE_BOUND('',#7037,.T.);
#7037 = EDGE_LOOP('',(#7038,#7039,#7060,#7061));
#7038 = ORIENTED_EDGE('',*,*,#7012,.T.);
#7039 = ORIENTED_EDGE('',*,*,#7040,.T.);
#7040 = EDGE_CURVE('',#7013,#6887,#7041,.T.);
#7041 = SEAM_CURVE('',#7042,(#7046,#7053),.PCURVE_S1.);
#7042 = LINE('',#7043,#7044);
#7043 = CARTESIAN_POINT('',(103.14661005817,-12.20256781895,
    -53.46294281387));
#7044 = VECTOR('',#7045,1.);
#7045 = DIRECTION('',(-1.,0.,-0.));
#7046 = PCURVE('',#6908,#7047);
#7047 = DEFINITIONAL_REPRESENTATION('',(#7048),#7052);
#7048 = LINE('',#7049,#7050);
#7049 = CARTESIAN_POINT('',(-0.,0.));
#7050 = VECTOR('',#7051,1.);
#7051 = DIRECTION('',(-0.,1.));
#7052 = ( GEOMETRIC_REPRESENTATION_CONTEXT(2) 
PARAMETRIC_REPRESENTATION_CONTEXT() REPRESENTATION_CONTEXT('2D SPACE',''
  ) );
#7053 = PCURVE('',#6908,#7054);
#7054 = DEFINITIONAL_REPRESENTATION('',(#7055),#7059);
#7055 = LINE('',#7056,#7057);
#7056 = CARTESIAN_POINT('',(-6.28318530718,0.));
#7057 = VECTOR('',#7058,1.);
#7058 = DIRECTION('',(-0.,1.));
#7059 = ( GEOMETRIC_REPRESENTATION_CONTEXT(2) 
PARAMETRIC_REPRESENTATION_CONTEXT() REPRESENTATION_CONTEXT('2D SPACE',''
  ) );
#7060 = ORIENTED_EDGE('',*,*,#6886,.F.);
#7061 = ORIENTED_EDGE('',*,*,#7040,.F.);
#7062 = ( GEOMETRIC_REPRESENTATION_CONTEXT(3) 
GLOBAL_UNCERTAINTY_ASSIGNED_CONTEXT((#7066)) 
GLOBAL_UNIT_ASSIGNED_CONTEXT((#7063,#7064,#7065)) REPRESENTATION_CONTEXT
('Context #1','3D Context with UNIT and UNCERTAINTY') );
#7063 = ( LENGTH_UNIT() NAMED_UNIT(*) SI_UNIT(.MILLI.,.METRE.) );
#7064 = ( NAMED_UNIT(*) PLANE_ANGLE_UNIT() SI_UNIT($,.RADIAN.) );
#7065 = ( NAMED_UNIT(*) SI_UNIT($,.STERADIAN.) SOLID_ANGLE_UNIT() );
#7066 = UNCERTAINTY_MEASURE_WITH_UNIT(LENGTH_MEASURE(1.E-07),#7063,
  'distance_accuracy_value','confusion accuracy');
#7067 = CONTEXT_DEPENDENT_SHAPE_REPRESENTATION(#7068,#7070);
#7068 = ( REPRESENTATION_RELATIONSHIP('','',#6879,#6444) 
REPRESENTATION_RELATIONSHIP_WITH_TRANSFORMATION(#7069) 
SHAPE_REPRESENTATION_RELATIONSHIP() );
#7069 = ITEM_DEFINED_TRANSFORMATION('','',#11,#6453);
#7070 = PRODUCT_DEFINITION_SHAPE('Placement','Placement of an item',
  #7071);
#7071 = NEXT_ASSEMBLY_USAGE_OCCURRENCE('106','','',#6439,#6874,$);
#7072 = PRODUCT_RELATED_PRODUCT_CATEGORY('part',$,(#6876));
#7073 = SHAPE_DEFINITION_REPRESENTATION(#7074,#7080);
#7074 = PRODUCT_DEFINITION_SHAPE('','',#7075);
#7075 = PRODUCT_DEFINITION('design','',#7076,#7079);
#7076 = PRODUCT_DEFINITION_FORMATION('','',#7077);
#7077 = PRODUCT('Open CASCADE STEP translator 7.9 14.12',
  'Open CASCADE STEP translator 7.9 14.12','',(#7078));
#7078 = PRODUCT_CONTEXT('',#2,'mechanical');
#7079 = PRODUCT_DEFINITION_CONTEXT('part definition',#2,'design');
#7080 = SHAPE_REPRESENTATION('',(#11,#7081,#7085,#7089),#7093);
#7081 = AXIS2_PLACEMENT_3D('',#7082,#7083,#7084);
#7082 = CARTESIAN_POINT('',(0.,0.,0.));
#7083 = DIRECTION('',(0.,0.,1.));
#7084 = DIRECTION('',(1.,0.,-0.));
#7085 = AXIS2_PLACEMENT_3D('',#7086,#7087,#7088);
#7086 = CARTESIAN_POINT('',(0.,0.,0.));
#7087 = DIRECTION('',(0.,0.,1.));
#7088 = DIRECTION('',(1.,0.,-0.));
#7089 = AXIS2_PLACEMENT_3D('',#7090,#7091,#7092);
#7090 = CARTESIAN_POINT('',(0.,0.,0.));
#7091 = DIRECTION('',(0.,0.,1.));
#7092 = DIRECTION('',(1.,0.,-0.));
#7093 = ( GEOMETRIC_REPRESENTATION_CONTEXT(3) 
GLOBAL_UNCERTAINTY_ASSIGNED_CONTEXT((#7097)) 
GLOBAL_UNIT_ASSIGNED_CONTEXT((#7094,#7095,#7096)) REPRESENTATION_CONTEXT
('Context #1','3D Context with UNIT and UNCERTAINTY') );
#7094 = ( LENGTH_UNIT() NAMED_UNIT(*) SI_UNIT(.MILLI.,.METRE.) );
#7095 = ( NAMED_UNIT(*) PLANE_ANGLE_UNIT() SI_UNIT($,.RADIAN.) );
#7096 = ( NAMED_UNIT(*) SI_UNIT($,.STERADIAN.) SOLID_ANGLE_UNIT() );
#7097 = UNCERTAINTY_MEASURE_WITH_UNIT(LENGTH_MEASURE(1.E-07),#7094,
  'distance_accuracy_value','confusion accuracy');
#7098 = CONTEXT_DEPENDENT_SHAPE_REPRESENTATION(#7099,#7101);
#7099 = ( REPRESENTATION_RELATIONSHIP('','',#7080,#10) 
REPRESENTATION_RELATIONSHIP_WITH_TRANSFORMATION(#7100) 
SHAPE_REPRESENTATION_RELATIONSHIP() );
#7100 = ITEM_DEFINED_TRANSFORMATION('','',#11,#59);
#7101 = PRODUCT_DEFINITION_SHAPE('Placement','Placement of an item',
  #7102);
#7102 = NEXT_ASSEMBLY_USAGE_OCCURRENCE('111','','',#5,#7075,$);
#7103 = PRODUCT_RELATED_PRODUCT_CATEGORY('part',$,(#7077));
#7104 = SHAPE_DEFINITION_REPRESENTATION(#7105,#7111);
#7105 = PRODUCT_DEFINITION_SHAPE('','',#7106);
#7106 = PRODUCT_DEFINITION('design','',#7107,#7110);
#7107 = PRODUCT_DEFINITION_FORMATION('','',#7108);
#7108 = PRODUCT('Open CASCADE STEP translator 7.9 14.12.1',
  'Open CASCADE STEP translator 7.9 14.12.1','',(#7109));
#7109 = PRODUCT_CONTEXT('',#2,'mechanical');
#7110 = PRODUCT_DEFINITION_CONTEXT('part definition',#2,'design');
#7111 = ADVANCED_BREP_SHAPE_REPRESENTATION('',(#11,#7112),#7294);
#7112 = MANIFOLD_SOLID_BREP('',#7113);
#7113 = CLOSED_SHELL('',(#7114,#7182,#7237,#7267));
#7114 = ADVANCED_FACE('',(#7115,#7151),#7128,.F.);
#7115 = FACE_BOUND('',#7116,.T.);
#7116 = EDGE_LOOP('',(#7117));
#7117 = ORIENTED_EDGE('',*,*,#7118,.T.);
#7118 = EDGE_CURVE('',#7119,#7119,#7121,.T.);
#7119 = VERTEX_POINT('',#7120);
#7120 = CARTESIAN_POINT('',(53.63279758958,15.540381828304,
    -68.08686149659));
#7121 = SURFACE_CURVE('',#7122,(#7127,#7139),.PCURVE_S1.);
#7122 = CIRCLE('',#7123,4.4);
#7123 = AXIS2_PLACEMENT_3D('',#7124,#7125,#7126);
#7124 = CARTESIAN_POINT('',(53.63279758958,14.561289718896,
    -63.79717868299));
#7125 = DIRECTION('',(1.,-0.,0.));
#7126 = DIRECTION('',(0.,0.222520933956,-0.974927912182));
#7127 = PCURVE('',#7128,#7133);
#7128 = PLANE('',#7129);
#7129 = AXIS2_PLACEMENT_3D('',#7130,#7131,#7132);
#7130 = CARTESIAN_POINT('',(53.63279758958,14.561289718896,
    -63.79717868299));
#7131 = DIRECTION('',(1.,0.,0.));
#7132 = DIRECTION('',(-0.,0.222520933956,-0.974927912182));
#7133 = DEFINITIONAL_REPRESENTATION('',(#7134),#7138);
#7134 = CIRCLE('',#7135,4.4);
#7135 = AXIS2_PLACEMENT_2D('',#7136,#7137);
#7136 = CARTESIAN_POINT('',(0.,0.));
#7137 = DIRECTION('',(1.,-0.));
#7138 = ( GEOMETRIC_REPRESENTATION_CONTEXT(2) 
PARAMETRIC_REPRESENTATION_CONTEXT() REPRESENTATION_CONTEXT('2D SPACE',''
  ) );
#7139 = PCURVE('',#7140,#7145);
#7140 = CYLINDRICAL_SURFACE('',#7141,4.4);
#7141 = AXIS2_PLACEMENT_3D('',#7142,#7143,#7144);
#7142 = CARTESIAN_POINT('',(103.14661005817,14.561289718896,
    -63.79717868299));
#7143 = DIRECTION('',(-1.,-0.,0.));
#7144 = DIRECTION('',(0.,0.222520933956,-0.974927912182));
#7145 = DEFINITIONAL_REPRESENTATION('',(#7146),#7150);
#7146 = LINE('',#7147,#7148);
#7147 = CARTESIAN_POINT('',(-0.,49.513812468599));
#7148 = VECTOR('',#7149,1.);
#7149 = DIRECTION('',(-1.,0.));
#7150 = ( GEOMETRIC_REPRESENTATION_CONTEXT(2) 
PARAMETRIC_REPRESENTATION_CONTEXT() REPRESENTATION_CONTEXT('2D SPACE',''
  ) );
#7151 = FACE_BOUND('',#7152,.T.);
#7152 = EDGE_LOOP('',(#7153));
#7153 = ORIENTED_EDGE('',*,*,#7154,.F.);
#7154 = EDGE_CURVE('',#7155,#7155,#7157,.T.);
#7155 = VERTEX_POINT('',#7156);
#7156 = CARTESIAN_POINT('',(53.63279758958,15.673894388678,
    -68.6718182439));
#7157 = SURFACE_CURVE('',#7158,(#7163,#7170),.PCURVE_S1.);
#7158 = CIRCLE('',#7159,5.);
#7159 = AXIS2_PLACEMENT_3D('',#7160,#7161,#7162);
#7160 = CARTESIAN_POINT('',(53.63279758958,14.561289718896,
    -63.79717868299));
#7161 = DIRECTION('',(1.,-0.,0.));
#7162 = DIRECTION('',(0.,0.222520933956,-0.974927912182));
#7163 = PCURVE('',#7128,#7164);
#7164 = DEFINITIONAL_REPRESENTATION('',(#7165),#7169);
#7165 = CIRCLE('',#7166,5.);
#7166 = AXIS2_PLACEMENT_2D('',#7167,#7168);
#7167 = CARTESIAN_POINT('',(0.,0.));
#7168 = DIRECTION('',(1.,-0.));
#7169 = ( GEOMETRIC_REPRESENTATION_CONTEXT(2) 
PARAMETRIC_REPRESENTATION_CONTEXT() REPRESENTATION_CONTEXT('2D SPACE',''
  ) );
#7170 = PCURVE('',#7171,#7176);
#7171 = CYLINDRICAL_SURFACE('',#7172,5.);
#7172 = AXIS2_PLACEMENT_3D('',#7173,#7174,#7175);
#7173 = CARTESIAN_POINT('',(53.63279758958,14.561289718896,
    -63.79717868299));
#7174 = DIRECTION('',(1.,0.,0.));
#7175 = DIRECTION('',(0.,0.222520933956,-0.974927912182));
#7176 = DEFINITIONAL_REPRESENTATION('',(#7177),#7181);
#7177 = LINE('',#7178,#7179);
#7178 = CARTESIAN_POINT('',(0.,0.));
#7179 = VECTOR('',#7180,1.);
#7180 = DIRECTION('',(1.,0.));
#7181 = ( GEOMETRIC_REPRESENTATION_CONTEXT(2) 
PARAMETRIC_REPRESENTATION_CONTEXT() REPRESENTATION_CONTEXT('2D SPACE',''
  ) );
#7182 = ADVANCED_FACE('',(#7183),#7171,.T.);
#7183 = FACE_BOUND('',#7184,.T.);
#7184 = EDGE_LOOP('',(#7185,#7186,#7209,#7236));
#7185 = ORIENTED_EDGE('',*,*,#7154,.T.);
#7186 = ORIENTED_EDGE('',*,*,#7187,.T.);
#7187 = EDGE_CURVE('',#7155,#7188,#7190,.T.);
#7188 = VERTEX_POINT('',#7189);
#7189 = CARTESIAN_POINT('',(103.14661005817,15.673894388678,
    -68.6718182439));
#7190 = SEAM_CURVE('',#7191,(#7195,#7202),.PCURVE_S1.);
#7191 = LINE('',#7192,#7193);
#7192 = CARTESIAN_POINT('',(53.63279758958,15.673894388678,
    -68.6718182439));
#7193 = VECTOR('',#7194,1.);
#7194 = DIRECTION('',(1.,0.,0.));
#7195 = PCURVE('',#7171,#7196);
#7196 = DEFINITIONAL_REPRESENTATION('',(#7197),#7201);
#7197 = LINE('',#7198,#7199);
#7198 = CARTESIAN_POINT('',(0.,0.));
#7199 = VECTOR('',#7200,1.);
#7200 = DIRECTION('',(0.,1.));
#7201 = ( GEOMETRIC_REPRESENTATION_CONTEXT(2) 
PARAMETRIC_REPRESENTATION_CONTEXT() REPRESENTATION_CONTEXT('2D SPACE',''
  ) );
#7202 = PCURVE('',#7171,#7203);
#7203 = DEFINITIONAL_REPRESENTATION('',(#7204),#7208);
#7204 = LINE('',#7205,#7206);
#7205 = CARTESIAN_POINT('',(6.28318530718,0.));
#7206 = VECTOR('',#7207,1.);
#7207 = DIRECTION('',(0.,1.));
#7208 = ( GEOMETRIC_REPRESENTATION_CONTEXT(2) 
PARAMETRIC_REPRESENTATION_CONTEXT() REPRESENTATION_CONTEXT('2D SPACE',''
  ) );
#7209 = ORIENTED_EDGE('',*,*,#7210,.F.);
#7210 = EDGE_CURVE('',#7188,#7188,#7211,.T.);
#7211 = SURFACE_CURVE('',#7212,(#7217,#7224),.PCURVE_S1.);
#7212 = CIRCLE('',#7213,5.);
#7213 = AXIS2_PLACEMENT_3D('',#7214,#7215,#7216);
#7214 = CARTESIAN_POINT('',(103.14661005817,14.561289718896,
    -63.79717868299));
#7215 = DIRECTION('',(1.,-0.,0.));
#7216 = DIRECTION('',(0.,0.222520933956,-0.974927912182));
#7217 = PCURVE('',#7171,#7218);
#7218 = DEFINITIONAL_REPRESENTATION('',(#7219),#7223);
#7219 = LINE('',#7220,#7221);
#7220 = CARTESIAN_POINT('',(0.,49.513812468599));
#7221 = VECTOR('',#7222,1.);
#7222 = DIRECTION('',(1.,0.));
#7223 = ( GEOMETRIC_REPRESENTATION_CONTEXT(2) 
PARAMETRIC_REPRESENTATION_CONTEXT() REPRESENTATION_CONTEXT('2D SPACE',''
  ) );
#7224 = PCURVE('',#7225,#7230);
#7225 = PLANE('',#7226);
#7226 = AXIS2_PLACEMENT_3D('',#7227,#7228,#7229);
#7227 = CARTESIAN_POINT('',(103.14661005817,14.561289718896,
    -63.79717868299));
#7228 = DIRECTION('',(1.,0.,0.));
#7229 = DIRECTION('',(0.,0.222520933956,-0.974927912182));
#7230 = DEFINITIONAL_REPRESENTATION('',(#7231),#7235);
#7231 = CIRCLE('',#7232,5.);
#7232 = AXIS2_PLACEMENT_2D('',#7233,#7234);
#7233 = CARTESIAN_POINT('',(0.,0.));
#7234 = DIRECTION('',(1.,0.));
#7235 = ( GEOMETRIC_REPRESENTATION_CONTEXT(2) 
PARAMETRIC_REPRESENTATION_CONTEXT() REPRESENTATION_CONTEXT('2D SPACE',''
  ) );
#7236 = ORIENTED_EDGE('',*,*,#7187,.F.);
#7237 = ADVANCED_FACE('',(#7238,#7241),#7225,.T.);
#7238 = FACE_BOUND('',#7239,.T.);
#7239 = EDGE_LOOP('',(#7240));
#7240 = ORIENTED_EDGE('',*,*,#7210,.T.);
#7241 = FACE_BOUND('',#7242,.T.);
#7242 = EDGE_LOOP('',(#7243));
#7243 = ORIENTED_EDGE('',*,*,#7244,.F.);
#7244 = EDGE_CURVE('',#7245,#7245,#7247,.T.);
#7245 = VERTEX_POINT('',#7246);
#7246 = CARTESIAN_POINT('',(103.14661005817,15.540381828304,
    -68.08686149659));
#7247 = SURFACE_CURVE('',#7248,(#7253,#7260),.PCURVE_S1.);
#7248 = CIRCLE('',#7249,4.4);
#7249 = AXIS2_PLACEMENT_3D('',#7250,#7251,#7252);
#7250 = CARTESIAN_POINT('',(103.14661005817,14.561289718896,
    -63.79717868299));
#7251 = DIRECTION('',(1.,-0.,0.));
#7252 = DIRECTION('',(0.,0.222520933956,-0.974927912182));
#7253 = PCURVE('',#7225,#7254);
#7254 = DEFINITIONAL_REPRESENTATION('',(#7255),#7259);
#7255 = CIRCLE('',#7256,4.4);
#7256 = AXIS2_PLACEMENT_2D('',#7257,#7258);
#7257 = CARTESIAN_POINT('',(0.,0.));
#7258 = DIRECTION('',(1.,0.));
#7259 = ( GEOMETRIC_REPRESENTATION_CONTEXT(2) 
PARAMETRIC_REPRESENTATION_CONTEXT() REPRESENTATION_CONTEXT('2D SPACE',''
  ) );
#7260 = PCURVE('',#7140,#7261);
#7261 = DEFINITIONAL_REPRESENTATION('',(#7262),#7266);
#7262 = LINE('',#7263,#7264);
#7263 = CARTESIAN_POINT('',(-0.,0.));
#7264 = VECTOR('',#7265,1.);
#7265 = DIRECTION('',(-1.,0.));
#7266 = ( GEOMETRIC_REPRESENTATION_CONTEXT(2) 
PARAMETRIC_REPRESENTATION_CONTEXT() REPRESENTATION_CONTEXT('2D SPACE',''
  ) );
#7267 = ADVANCED_FACE('',(#7268),#7140,.F.);
#7268 = FACE_BOUND('',#7269,.T.);
#7269 = EDGE_LOOP('',(#7270,#7271,#7292,#7293));
#7270 = ORIENTED_EDGE('',*,*,#7244,.T.);
#7271 = ORIENTED_EDGE('',*,*,#7272,.T.);
#7272 = EDGE_CURVE('',#7245,#7119,#7273,.T.);
#7273 = SEAM_CURVE('',#7274,(#7278,#7285),.PCURVE_S1.);
#7274 = LINE('',#7275,#7276);
#7275 = CARTESIAN_POINT('',(103.14661005817,15.540381828304,
    -68.08686149659));
#7276 = VECTOR('',#7277,1.);
#7277 = DIRECTION('',(-1.,0.,0.));
#7278 = PCURVE('',#7140,#7279);
#7279 = DEFINITIONAL_REPRESENTATION('',(#7280),#7284);
#7280 = LINE('',#7281,#7282);
#7281 = CARTESIAN_POINT('',(-0.,0.));
#7282 = VECTOR('',#7283,1.);
#7283 = DIRECTION('',(-0.,1.));
#7284 = ( GEOMETRIC_REPRESENTATION_CONTEXT(2) 
PARAMETRIC_REPRESENTATION_CONTEXT() REPRESENTATION_CONTEXT('2D SPACE',''
  ) );
#7285 = PCURVE('',#7140,#7286);
#7286 = DEFINITIONAL_REPRESENTATION('',(#7287),#7291);
#7287 = LINE('',#7288,#7289);
#7288 = CARTESIAN_POINT('',(-6.28318530718,0.));
#7289 = VECTOR('',#7290,1.);
#7290 = DIRECTION('',(-0.,1.));
#7291 = ( GEOMETRIC_REPRESENTATION_CONTEXT(2) 
PARAMETRIC_REPRESENTATION_CONTEXT() REPRESENTATION_CONTEXT('2D SPACE',''
  ) );
#7292 = ORIENTED_EDGE('',*,*,#7118,.F.);
#7293 = ORIENTED_EDGE('',*,*,#7272,.F.);
#7294 = ( GEOMETRIC_REPRESENTATION_CONTEXT(3) 
GLOBAL_UNCERTAINTY_ASSIGNED_CONTEXT((#7298)) 
GLOBAL_UNIT_ASSIGNED_CONTEXT((#7295,#7296,#7297)) REPRESENTATION_CONTEXT
('Context #1','3D Context with UNIT and UNCERTAINTY') );
#7295 = ( LENGTH_UNIT() NAMED_UNIT(*) SI_UNIT(.MILLI.,.METRE.) );
#7296 = ( NAMED_UNIT(*) PLANE_ANGLE_UNIT() SI_UNIT($,.RADIAN.) );
#7297 = ( NAMED_UNIT(*) SI_UNIT($,.STERADIAN.) SOLID_ANGLE_UNIT() );
#7298 = UNCERTAINTY_MEASURE_WITH_UNIT(LENGTH_MEASURE(1.E-07),#7295,
  'distance_accuracy_value','confusion accuracy');
#7299 = CONTEXT_DEPENDENT_SHAPE_REPRESENTATION(#7300,#7302);
#7300 = ( REPRESENTATION_RELATIONSHIP('','',#7111,#7080) 
REPRESENTATION_RELATIONSHIP_WITH_TRANSFORMATION(#7301) 
SHAPE_REPRESENTATION_RELATIONSHIP() );
#7301 = ITEM_DEFINED_TRANSFORMATION('','',#11,#7081);
#7302 = PRODUCT_DEFINITION_SHAPE('Placement','Placement of an item',
  #7303);
#7303 = NEXT_ASSEMBLY_USAGE_OCCURRENCE('108','','',#7075,#7106,$);
#7304 = PRODUCT_RELATED_PRODUCT_CATEGORY('part',$,(#7108));
#7305 = SHAPE_DEFINITION_REPRESENTATION(#7306,#7312);
#7306 = PRODUCT_DEFINITION_SHAPE('','',#7307);
#7307 = PRODUCT_DEFINITION('design','',#7308,#7311);
#7308 = PRODUCT_DEFINITION_FORMATION('','',#7309);
#7309 = PRODUCT('Open CASCADE STEP translator 7.9 14.12.2',
  'Open CASCADE STEP translator 7.9 14.12.2','',(#7310));
#7310 = PRODUCT_CONTEXT('',#2,'mechanical');
#7311 = PRODUCT_DEFINITION_CONTEXT('part definition',#2,'design');
#7312 = ADVANCED_BREP_SHAPE_REPRESENTATION('',(#11,#7313),#7497);
#7313 = MANIFOLD_SOLID_BREP('',#7314);
#7314 = CLOSED_SHELL('',(#7315,#7404,#7439,#7469));
#7315 = ADVANCED_FACE('',(#7316),#7329,.T.);
#7316 = FACE_BOUND('',#7317,.T.);
#7317 = EDGE_LOOP('',(#7318,#7352,#7376,#7403));
#7318 = ORIENTED_EDGE('',*,*,#7319,.F.);
#7319 = EDGE_CURVE('',#7320,#7320,#7322,.T.);
#7320 = VERTEX_POINT('',#7321);
#7321 = CARTESIAN_POINT('',(105.64661005817,12.892382714224,
    -56.48521934163));
#7322 = SURFACE_CURVE('',#7323,(#7328,#7340),.PCURVE_S1.);
#7323 = CIRCLE('',#7324,2.5);
#7324 = AXIS2_PLACEMENT_3D('',#7325,#7326,#7327);
#7325 = CARTESIAN_POINT('',(103.14661005817,12.892382714224,
    -56.48521934163));
#7326 = DIRECTION('',(-0.,0.974927912182,0.222520933956));
#7327 = DIRECTION('',(1.,0.,0.));
#7328 = PCURVE('',#7329,#7334);
#7329 = TOROIDAL_SURFACE('',#7330,7.5,5.);
#7330 = AXIS2_PLACEMENT_3D('',#7331,#7332,#7333);
#7331 = CARTESIAN_POINT('',(103.14661005817,12.892382714224,
    -56.48521934163));
#7332 = DIRECTION('',(0.,0.974927912182,0.222520933956));
#7333 = DIRECTION('',(1.,0.,0.));
#7334 = DEFINITIONAL_REPRESENTATION('',(#7335),#7339);
#7335 = LINE('',#7336,#7337);
#7336 = CARTESIAN_POINT('',(0.,3.14159265359));
#7337 = VECTOR('',#7338,1.);
#7338 = DIRECTION('',(1.,0.));
#7339 = ( GEOMETRIC_REPRESENTATION_CONTEXT(2) 
PARAMETRIC_REPRESENTATION_CONTEXT() REPRESENTATION_CONTEXT('2D SPACE',''
  ) );
#7340 = PCURVE('',#7341,#7346);
#7341 = PLANE('',#7342);
#7342 = AXIS2_PLACEMENT_3D('',#7343,#7344,#7345);
#7343 = CARTESIAN_POINT('',(103.14661005817,12.892382714224,
    -56.48521934163));
#7344 = DIRECTION('',(0.,0.974927912182,0.222520933956));
#7345 = DIRECTION('',(1.,0.,0.));
#7346 = DEFINITIONAL_REPRESENTATION('',(#7347),#7351);
#7347 = CIRCLE('',#7348,2.5);
#7348 = AXIS2_PLACEMENT_2D('',#7349,#7350);
#7349 = CARTESIAN_POINT('',(0.,0.));
#7350 = DIRECTION('',(1.,0.));
#7351 = ( GEOMETRIC_REPRESENTATION_CONTEXT(2) 
PARAMETRIC_REPRESENTATION_CONTEXT() REPRESENTATION_CONTEXT('2D SPACE',''
  ) );
#7352 = ORIENTED_EDGE('',*,*,#7353,.F.);
#7353 = EDGE_CURVE('',#7354,#7320,#7356,.T.);
#7354 = VERTEX_POINT('',#7355);
#7355 = CARTESIAN_POINT('',(115.64661005817,12.892382714224,
    -56.48521934163));
#7356 = SEAM_CURVE('',#7357,(#7362,#7369),.PCURVE_S1.);
#7357 = CIRCLE('',#7358,5.);
#7358 = AXIS2_PLACEMENT_3D('',#7359,#7360,#7361);
#7359 = CARTESIAN_POINT('',(110.64661005817,12.892382714224,
    -56.48521934163));
#7360 = DIRECTION('',(-2.449293598295E-16,-0.222520933956,0.974927912182
    ));
#7361 = DIRECTION('',(1.,-5.450190990258E-17,2.387884694106E-16));
#7362 = PCURVE('',#7329,#7363);
#7363 = DEFINITIONAL_REPRESENTATION('',(#7364),#7368);
#7364 = LINE('',#7365,#7366);
#7365 = CARTESIAN_POINT('',(6.28318530718,-0.));
#7366 = VECTOR('',#7367,1.);
#7367 = DIRECTION('',(0.,1.));
#7368 = ( GEOMETRIC_REPRESENTATION_CONTEXT(2) 
PARAMETRIC_REPRESENTATION_CONTEXT() REPRESENTATION_CONTEXT('2D SPACE',''
  ) );
#7369 = PCURVE('',#7329,#7370);
#7370 = DEFINITIONAL_REPRESENTATION('',(#7371),#7375);
#7371 = LINE('',#7372,#7373);
#7372 = CARTESIAN_POINT('',(0.,-0.));
#7373 = VECTOR('',#7374,1.);
#7374 = DIRECTION('',(0.,1.));
#7375 = ( GEOMETRIC_REPRESENTATION_CONTEXT(2) 
PARAMETRIC_REPRESENTATION_CONTEXT() REPRESENTATION_CONTEXT('2D SPACE',''
  ) );
#7376 = ORIENTED_EDGE('',*,*,#7377,.T.);
#7377 = EDGE_CURVE('',#7354,#7354,#7378,.T.);
#7378 = SURFACE_CURVE('',#7379,(#7384,#7391),.PCURVE_S1.);
#7379 = CIRCLE('',#7380,12.5);
#7380 = AXIS2_PLACEMENT_3D('',#7381,#7382,#7383);
#7381 = CARTESIAN_POINT('',(103.14661005817,12.892382714224,
    -56.48521934163));
#7382 = DIRECTION('',(-0.,0.974927912182,0.222520933956));
#7383 = DIRECTION('',(1.,0.,0.));
#7384 = PCURVE('',#7329,#7385);
#7385 = DEFINITIONAL_REPRESENTATION('',(#7386),#7390);
#7386 = LINE('',#7387,#7388);
#7387 = CARTESIAN_POINT('',(0.,0.));
#7388 = VECTOR('',#7389,1.);
#7389 = DIRECTION('',(1.,0.));
#7390 = ( GEOMETRIC_REPRESENTATION_CONTEXT(2) 
PARAMETRIC_REPRESENTATION_CONTEXT() REPRESENTATION_CONTEXT('2D SPACE',''
  ) );
#7391 = PCURVE('',#7392,#7397);
#7392 = PLANE('',#7393);
#7393 = AXIS2_PLACEMENT_3D('',#7394,#7395,#7396);
#7394 = CARTESIAN_POINT('',(103.14661005817,12.892382714224,
    -56.48521934163));
#7395 = DIRECTION('',(0.,0.974927912182,0.222520933956));
#7396 = DIRECTION('',(1.,0.,0.));
#7397 = DEFINITIONAL_REPRESENTATION('',(#7398),#7402);
#7398 = CIRCLE('',#7399,12.5);
#7399 = AXIS2_PLACEMENT_2D('',#7400,#7401);
#7400 = CARTESIAN_POINT('',(0.,0.));
#7401 = DIRECTION('',(1.,0.));
#7402 = ( GEOMETRIC_REPRESENTATION_CONTEXT(2) 
PARAMETRIC_REPRESENTATION_CONTEXT() REPRESENTATION_CONTEXT('2D SPACE',''
  ) );
#7403 = ORIENTED_EDGE('',*,*,#7353,.T.);
#7404 = ADVANCED_FACE('',(#7405,#7436),#7341,.F.);
#7405 = FACE_BOUND('',#7406,.F.);
#7406 = EDGE_LOOP('',(#7407));
#7407 = ORIENTED_EDGE('',*,*,#7408,.T.);
#7408 = EDGE_CURVE('',#7409,#7409,#7411,.T.);
#7409 = VERTEX_POINT('',#7410);
#7410 = CARTESIAN_POINT('',(106.24661005817,12.892382714224,
    -56.48521934163));
#7411 = SURFACE_CURVE('',#7412,(#7417,#7424),.PCURVE_S1.);
#7412 = CIRCLE('',#7413,3.1);
#7413 = AXIS2_PLACEMENT_3D('',#7414,#7415,#7416);
#7414 = CARTESIAN_POINT('',(103.14661005817,12.892382714224,
    -56.48521934163));
#7415 = DIRECTION('',(-0.,0.974927912182,0.222520933956));
#7416 = DIRECTION('',(1.,0.,0.));
#7417 = PCURVE('',#7341,#7418);
#7418 = DEFINITIONAL_REPRESENTATION('',(#7419),#7423);
#7419 = CIRCLE('',#7420,3.1);
#7420 = AXIS2_PLACEMENT_2D('',#7421,#7422);
#7421 = CARTESIAN_POINT('',(0.,0.));
#7422 = DIRECTION('',(1.,0.));
#7423 = ( GEOMETRIC_REPRESENTATION_CONTEXT(2) 
PARAMETRIC_REPRESENTATION_CONTEXT() REPRESENTATION_CONTEXT('2D SPACE',''
  ) );
#7424 = PCURVE('',#7425,#7430);
#7425 = TOROIDAL_SURFACE('',#7426,7.5,4.4);
#7426 = AXIS2_PLACEMENT_3D('',#7427,#7428,#7429);
#7427 = CARTESIAN_POINT('',(103.14661005817,12.892382714224,
    -56.48521934163));
#7428 = DIRECTION('',(0.,0.974927912182,0.222520933956));
#7429 = DIRECTION('',(1.,0.,0.));
#7430 = DEFINITIONAL_REPRESENTATION('',(#7431),#7435);
#7431 = LINE('',#7432,#7433);
#7432 = CARTESIAN_POINT('',(0.,3.14159265359));
#7433 = VECTOR('',#7434,1.);
#7434 = DIRECTION('',(1.,0.));
#7435 = ( GEOMETRIC_REPRESENTATION_CONTEXT(2) 
PARAMETRIC_REPRESENTATION_CONTEXT() REPRESENTATION_CONTEXT('2D SPACE',''
  ) );
#7436 = FACE_BOUND('',#7437,.F.);
#7437 = EDGE_LOOP('',(#7438));
#7438 = ORIENTED_EDGE('',*,*,#7319,.F.);
#7439 = ADVANCED_FACE('',(#7440,#7443),#7392,.F.);
#7440 = FACE_BOUND('',#7441,.F.);
#7441 = EDGE_LOOP('',(#7442));
#7442 = ORIENTED_EDGE('',*,*,#7377,.T.);
#7443 = FACE_BOUND('',#7444,.F.);
#7444 = EDGE_LOOP('',(#7445));
#7445 = ORIENTED_EDGE('',*,*,#7446,.F.);
#7446 = EDGE_CURVE('',#7447,#7447,#7449,.T.);
#7447 = VERTEX_POINT('',#7448);
#7448 = CARTESIAN_POINT('',(115.04661005817,12.892382714224,
    -56.48521934163));
#7449 = SURFACE_CURVE('',#7450,(#7455,#7462),.PCURVE_S1.);
#7450 = CIRCLE('',#7451,11.9);
#7451 = AXIS2_PLACEMENT_3D('',#7452,#7453,#7454);
#7452 = CARTESIAN_POINT('',(103.14661005817,12.892382714224,
    -56.48521934163));
#7453 = DIRECTION('',(-0.,0.974927912182,0.222520933956));
#7454 = DIRECTION('',(1.,0.,0.));
#7455 = PCURVE('',#7392,#7456);
#7456 = DEFINITIONAL_REPRESENTATION('',(#7457),#7461);
#7457 = CIRCLE('',#7458,11.9);
#7458 = AXIS2_PLACEMENT_2D('',#7459,#7460);
#7459 = CARTESIAN_POINT('',(0.,0.));
#7460 = DIRECTION('',(1.,0.));
#7461 = ( GEOMETRIC_REPRESENTATION_CONTEXT(2) 
PARAMETRIC_REPRESENTATION_CONTEXT() REPRESENTATION_CONTEXT('2D SPACE',''
  ) );
#7462 = PCURVE('',#7425,#7463);
#7463 = DEFINITIONAL_REPRESENTATION('',(#7464),#7468);
#7464 = LINE('',#7465,#7466);
#7465 = CARTESIAN_POINT('',(0.,0.));
#7466 = VECTOR('',#7467,1.);
#7467 = DIRECTION('',(1.,0.));
#7468 = ( GEOMETRIC_REPRESENTATION_CONTEXT(2) 
PARAMETRIC_REPRESENTATION_CONTEXT() REPRESENTATION_CONTEXT('2D SPACE',''
  ) );
#7469 = ADVANCED_FACE('',(#7470),#7425,.F.);
#7470 = FACE_BOUND('',#7471,.F.);
#7471 = EDGE_LOOP('',(#7472,#7473,#7495,#7496));
#7472 = ORIENTED_EDGE('',*,*,#7408,.F.);
#7473 = ORIENTED_EDGE('',*,*,#7474,.F.);
#7474 = EDGE_CURVE('',#7447,#7409,#7475,.T.);
#7475 = SEAM_CURVE('',#7476,(#7481,#7488),.PCURVE_S1.);
#7476 = CIRCLE('',#7477,4.4);
#7477 = AXIS2_PLACEMENT_3D('',#7478,#7479,#7480);
#7478 = CARTESIAN_POINT('',(110.64661005817,12.892382714224,
    -56.48521934163));
#7479 = DIRECTION('',(-2.449293598295E-16,-0.222520933956,0.974927912182
    ));
#7480 = DIRECTION('',(1.,-5.450190990258E-17,2.387884694106E-16));
#7481 = PCURVE('',#7425,#7482);
#7482 = DEFINITIONAL_REPRESENTATION('',(#7483),#7487);
#7483 = LINE('',#7484,#7485);
#7484 = CARTESIAN_POINT('',(6.28318530718,-0.));
#7485 = VECTOR('',#7486,1.);
#7486 = DIRECTION('',(0.,1.));
#7487 = ( GEOMETRIC_REPRESENTATION_CONTEXT(2) 
PARAMETRIC_REPRESENTATION_CONTEXT() REPRESENTATION_CONTEXT('2D SPACE',''
  ) );
#7488 = PCURVE('',#7425,#7489);
#7489 = DEFINITIONAL_REPRESENTATION('',(#7490),#7494);
#7490 = LINE('',#7491,#7492);
#7491 = CARTESIAN_POINT('',(0.,-0.));
#7492 = VECTOR('',#7493,1.);
#7493 = DIRECTION('',(0.,1.));
#7494 = ( GEOMETRIC_REPRESENTATION_CONTEXT(2) 
PARAMETRIC_REPRESENTATION_CONTEXT() REPRESENTATION_CONTEXT('2D SPACE',''
  ) );
#7495 = ORIENTED_EDGE('',*,*,#7446,.T.);
#7496 = ORIENTED_EDGE('',*,*,#7474,.T.);
#7497 = ( GEOMETRIC_REPRESENTATION_CONTEXT(3) 
GLOBAL_UNCERTAINTY_ASSIGNED_CONTEXT((#7501)) 
GLOBAL_UNIT_ASSIGNED_CONTEXT((#7498,#7499,#7500)) REPRESENTATION_CONTEXT
('Context #1','3D Context with UNIT and UNCERTAINTY') );
#7498 = ( LENGTH_UNIT() NAMED_UNIT(*) SI_UNIT(.MILLI.,.METRE.) );
#7499 = ( NAMED_UNIT(*) PLANE_ANGLE_UNIT() SI_UNIT($,.RADIAN.) );
#7500 = ( NAMED_UNIT(*) SI_UNIT($,.STERADIAN.) SOLID_ANGLE_UNIT() );
#7501 = UNCERTAINTY_MEASURE_WITH_UNIT(LENGTH_MEASURE(1.E-07),#7498,
  'distance_accuracy_value','confusion accuracy');
#7502 = CONTEXT_DEPENDENT_SHAPE_REPRESENTATION(#7503,#7505);
#7503 = ( REPRESENTATION_RELATIONSHIP('','',#7312,#7080) 
REPRESENTATION_RELATIONSHIP_WITH_TRANSFORMATION(#7504) 
SHAPE_REPRESENTATION_RELATIONSHIP() );
#7504 = ITEM_DEFINED_TRANSFORMATION('','',#11,#7085);
#7505 = PRODUCT_DEFINITION_SHAPE('Placement','Placement of an item',
  #7506);
#7506 = NEXT_ASSEMBLY_USAGE_OCCURRENCE('109','','',#7075,#7307,$);
#7507 = PRODUCT_RELATED_PRODUCT_CATEGORY('part',$,(#7309));
#7508 = SHAPE_DEFINITION_REPRESENTATION(#7509,#7515);
#7509 = PRODUCT_DEFINITION_SHAPE('','',#7510);
#7510 = PRODUCT_DEFINITION('design','',#7511,#7514);
#7511 = PRODUCT_DEFINITION_FORMATION('','',#7512);
#7512 = PRODUCT('Open CASCADE STEP translator 7.9 14.12.3',
  'Open CASCADE STEP translator 7.9 14.12.3','',(#7513));
#7513 = PRODUCT_CONTEXT('',#2,'mechanical');
#7514 = PRODUCT_DEFINITION_CONTEXT('part definition',#2,'design');
#7515 = ADVANCED_BREP_SHAPE_REPRESENTATION('',(#11,#7516),#7698);
#7516 = MANIFOLD_SOLID_BREP('',#7517);
#7517 = CLOSED_SHELL('',(#7518,#7586,#7641,#7671));
#7518 = ADVANCED_FACE('',(#7519,#7555),#7532,.F.);
#7519 = FACE_BOUND('',#7520,.T.);
#7520 = EDGE_LOOP('',(#7521));
#7521 = ORIENTED_EDGE('',*,*,#7522,.T.);
#7522 = EDGE_CURVE('',#7523,#7523,#7525,.T.);
#7523 = VERTEX_POINT('',#7524);
#7524 = CARTESIAN_POINT('',(88.616775694169,12.20256781896,
    -53.46294281387));
#7525 = SURFACE_CURVE('',#7526,(#7531,#7543),.PCURVE_S1.);
#7526 = CIRCLE('',#7527,4.4);
#7527 = AXIS2_PLACEMENT_3D('',#7528,#7529,#7530);
#7528 = CARTESIAN_POINT('',(88.616775694169,11.223475709552,
    -49.17326000027));
#7529 = DIRECTION('',(1.,-0.,0.));
#7530 = DIRECTION('',(0.,0.222520933956,-0.974927912182));
#7531 = PCURVE('',#7532,#7537);
#7532 = PLANE('',#7533);
#7533 = AXIS2_PLACEMENT_3D('',#7534,#7535,#7536);
#7534 = CARTESIAN_POINT('',(88.616775694169,11.223475709552,
    -49.17326000027));
#7535 = DIRECTION('',(1.,0.,0.));
#7536 = DIRECTION('',(-0.,0.222520933956,-0.974927912182));
#7537 = DEFINITIONAL_REPRESENTATION('',(#7538),#7542);
#7538 = CIRCLE('',#7539,4.4);
#7539 = AXIS2_PLACEMENT_2D('',#7540,#7541);
#7540 = CARTESIAN_POINT('',(0.,0.));
#7541 = DIRECTION('',(1.,-0.));
#7542 = ( GEOMETRIC_REPRESENTATION_CONTEXT(2) 
PARAMETRIC_REPRESENTATION_CONTEXT() REPRESENTATION_CONTEXT('2D SPACE',''
  ) );
#7543 = PCURVE('',#7544,#7549);
#7544 = CYLINDRICAL_SURFACE('',#7545,4.4);
#7545 = AXIS2_PLACEMENT_3D('',#7546,#7547,#7548);
#7546 = CARTESIAN_POINT('',(103.14661005817,11.223475709552,
    -49.17326000027));
#7547 = DIRECTION('',(-1.,-0.,0.));
#7548 = DIRECTION('',(0.,0.222520933956,-0.974927912182));
#7549 = DEFINITIONAL_REPRESENTATION('',(#7550),#7554);
#7550 = LINE('',#7551,#7552);
#7551 = CARTESIAN_POINT('',(-0.,14.52983436401));
#7552 = VECTOR('',#7553,1.);
#7553 = DIRECTION('',(-1.,0.));
#7554 = ( GEOMETRIC_REPRESENTATION_CONTEXT(2) 
PARAMETRIC_REPRESENTATION_CONTEXT() REPRESENTATION_CONTEXT('2D SPACE',''
  ) );
#7555 = FACE_BOUND('',#7556,.T.);
#7556 = EDGE_LOOP('',(#7557));
#7557 = ORIENTED_EDGE('',*,*,#7558,.F.);
#7558 = EDGE_CURVE('',#7559,#7559,#7561,.T.);
#7559 = VERTEX_POINT('',#7560);
#7560 = CARTESIAN_POINT('',(88.616775694169,12.336080379333,
    -54.04789956117));
#7561 = SURFACE_CURVE('',#7562,(#7567,#7574),.PCURVE_S1.);
#7562 = CIRCLE('',#7563,5.);
#7563 = AXIS2_PLACEMENT_3D('',#7564,#7565,#7566);
#7564 = CARTESIAN_POINT('',(88.616775694169,11.223475709552,
    -49.17326000027));
#7565 = DIRECTION('',(1.,-0.,0.));
#7566 = DIRECTION('',(0.,0.222520933956,-0.974927912182));
#7567 = PCURVE('',#7532,#7568);
#7568 = DEFINITIONAL_REPRESENTATION('',(#7569),#7573);
#7569 = CIRCLE('',#7570,5.);
#7570 = AXIS2_PLACEMENT_2D('',#7571,#7572);
#7571 = CARTESIAN_POINT('',(0.,0.));
#7572 = DIRECTION('',(1.,-0.));
#7573 = ( GEOMETRIC_REPRESENTATION_CONTEXT(2) 
PARAMETRIC_REPRESENTATION_CONTEXT() REPRESENTATION_CONTEXT('2D SPACE',''
  ) );
#7574 = PCURVE('',#7575,#7580);
#7575 = CYLINDRICAL_SURFACE('',#7576,5.);
#7576 = AXIS2_PLACEMENT_3D('',#7577,#7578,#7579);
#7577 = CARTESIAN_POINT('',(88.616775694169,11.223475709552,
    -49.17326000027));
#7578 = DIRECTION('',(1.,0.,0.));
#7579 = DIRECTION('',(0.,0.222520933956,-0.974927912182));
#7580 = DEFINITIONAL_REPRESENTATION('',(#7581),#7585);
#7581 = LINE('',#7582,#7583);
#7582 = CARTESIAN_POINT('',(0.,0.));
#7583 = VECTOR('',#7584,1.);
#7584 = DIRECTION('',(1.,0.));
#7585 = ( GEOMETRIC_REPRESENTATION_CONTEXT(2) 
PARAMETRIC_REPRESENTATION_CONTEXT() REPRESENTATION_CONTEXT('2D SPACE',''
  ) );
#7586 = ADVANCED_FACE('',(#7587),#7575,.T.);
#7587 = FACE_BOUND('',#7588,.T.);
#7588 = EDGE_LOOP('',(#7589,#7590,#7613,#7640));
#7589 = ORIENTED_EDGE('',*,*,#7558,.T.);
#7590 = ORIENTED_EDGE('',*,*,#7591,.T.);
#7591 = EDGE_CURVE('',#7559,#7592,#7594,.T.);
#7592 = VERTEX_POINT('',#7593);
#7593 = CARTESIAN_POINT('',(103.14661005817,12.336080379333,
    -54.04789956117));
#7594 = SEAM_CURVE('',#7595,(#7599,#7606),.PCURVE_S1.);
#7595 = LINE('',#7596,#7597);
#7596 = CARTESIAN_POINT('',(88.616775694169,12.336080379333,
    -54.04789956117));
#7597 = VECTOR('',#7598,1.);
#7598 = DIRECTION('',(1.,0.,0.));
#7599 = PCURVE('',#7575,#7600);
#7600 = DEFINITIONAL_REPRESENTATION('',(#7601),#7605);
#7601 = LINE('',#7602,#7603);
#7602 = CARTESIAN_POINT('',(0.,0.));
#7603 = VECTOR('',#7604,1.);
#7604 = DIRECTION('',(0.,1.));
#7605 = ( GEOMETRIC_REPRESENTATION_CONTEXT(2) 
PARAMETRIC_REPRESENTATION_CONTEXT() REPRESENTATION_CONTEXT('2D SPACE',''
  ) );
#7606 = PCURVE('',#7575,#7607);
#7607 = DEFINITIONAL_REPRESENTATION('',(#7608),#7612);
#7608 = LINE('',#7609,#7610);
#7609 = CARTESIAN_POINT('',(6.28318530718,0.));
#7610 = VECTOR('',#7611,1.);
#7611 = DIRECTION('',(0.,1.));
#7612 = ( GEOMETRIC_REPRESENTATION_CONTEXT(2) 
PARAMETRIC_REPRESENTATION_CONTEXT() REPRESENTATION_CONTEXT('2D SPACE',''
  ) );
#7613 = ORIENTED_EDGE('',*,*,#7614,.F.);
#7614 = EDGE_CURVE('',#7592,#7592,#7615,.T.);
#7615 = SURFACE_CURVE('',#7616,(#7621,#7628),.PCURVE_S1.);
#7616 = CIRCLE('',#7617,5.);
#7617 = AXIS2_PLACEMENT_3D('',#7618,#7619,#7620);
#7618 = CARTESIAN_POINT('',(103.14661005817,11.223475709552,
    -49.17326000027));
#7619 = DIRECTION('',(1.,-0.,0.));
#7620 = DIRECTION('',(0.,0.222520933956,-0.974927912182));
#7621 = PCURVE('',#7575,#7622);
#7622 = DEFINITIONAL_REPRESENTATION('',(#7623),#7627);
#7623 = LINE('',#7624,#7625);
#7624 = CARTESIAN_POINT('',(0.,14.52983436401));
#7625 = VECTOR('',#7626,1.);
#7626 = DIRECTION('',(1.,0.));
#7627 = ( GEOMETRIC_REPRESENTATION_CONTEXT(2) 
PARAMETRIC_REPRESENTATION_CONTEXT() REPRESENTATION_CONTEXT('2D SPACE',''
  ) );
#7628 = PCURVE('',#7629,#7634);
#7629 = PLANE('',#7630);
#7630 = AXIS2_PLACEMENT_3D('',#7631,#7632,#7633);
#7631 = CARTESIAN_POINT('',(103.14661005817,11.223475709552,
    -49.17326000027));
#7632 = DIRECTION('',(1.,0.,0.));
#7633 = DIRECTION('',(0.,0.222520933956,-0.974927912182));
#7634 = DEFINITIONAL_REPRESENTATION('',(#7635),#7639);
#7635 = CIRCLE('',#7636,5.);
#7636 = AXIS2_PLACEMENT_2D('',#7637,#7638);
#7637 = CARTESIAN_POINT('',(0.,0.));
#7638 = DIRECTION('',(1.,0.));
#7639 = ( GEOMETRIC_REPRESENTATION_CONTEXT(2) 
PARAMETRIC_REPRESENTATION_CONTEXT() REPRESENTATION_CONTEXT('2D SPACE',''
  ) );
#7640 = ORIENTED_EDGE('',*,*,#7591,.F.);
#7641 = ADVANCED_FACE('',(#7642,#7645),#7629,.T.);
#7642 = FACE_BOUND('',#7643,.T.);
#7643 = EDGE_LOOP('',(#7644));
#7644 = ORIENTED_EDGE('',*,*,#7614,.T.);
#7645 = FACE_BOUND('',#7646,.T.);
#7646 = EDGE_LOOP('',(#7647));
#7647 = ORIENTED_EDGE('',*,*,#7648,.F.);
#7648 = EDGE_CURVE('',#7649,#7649,#7651,.T.);
#7649 = VERTEX_POINT('',#7650);
#7650 = CARTESIAN_POINT('',(103.14661005817,12.20256781896,
    -53.46294281387));
#7651 = SURFACE_CURVE('',#7652,(#7657,#7664),.PCURVE_S1.);
#7652 = CIRCLE('',#7653,4.4);
#7653 = AXIS2_PLACEMENT_3D('',#7654,#7655,#7656);
#7654 = CARTESIAN_POINT('',(103.14661005817,11.223475709552,
    -49.17326000027));
#7655 = DIRECTION('',(1.,-0.,0.));
#7656 = DIRECTION('',(0.,0.222520933956,-0.974927912182));
#7657 = PCURVE('',#7629,#7658);
#7658 = DEFINITIONAL_REPRESENTATION('',(#7659),#7663);
#7659 = CIRCLE('',#7660,4.4);
#7660 = AXIS2_PLACEMENT_2D('',#7661,#7662);
#7661 = CARTESIAN_POINT('',(0.,0.));
#7662 = DIRECTION('',(1.,0.));
#7663 = ( GEOMETRIC_REPRESENTATION_CONTEXT(2) 
PARAMETRIC_REPRESENTATION_CONTEXT() REPRESENTATION_CONTEXT('2D SPACE',''
  ) );
#7664 = PCURVE('',#7544,#7665);
#7665 = DEFINITIONAL_REPRESENTATION('',(#7666),#7670);
#7666 = LINE('',#7667,#7668);
#7667 = CARTESIAN_POINT('',(-0.,0.));
#7668 = VECTOR('',#7669,1.);
#7669 = DIRECTION('',(-1.,0.));
#7670 = ( GEOMETRIC_REPRESENTATION_CONTEXT(2) 
PARAMETRIC_REPRESENTATION_CONTEXT() REPRESENTATION_CONTEXT('2D SPACE',''
  ) );
#7671 = ADVANCED_FACE('',(#7672),#7544,.F.);
#7672 = FACE_BOUND('',#7673,.T.);
#7673 = EDGE_LOOP('',(#7674,#7675,#7696,#7697));
#7674 = ORIENTED_EDGE('',*,*,#7648,.T.);
#7675 = ORIENTED_EDGE('',*,*,#7676,.T.);
#7676 = EDGE_CURVE('',#7649,#7523,#7677,.T.);
#7677 = SEAM_CURVE('',#7678,(#7682,#7689),.PCURVE_S1.);
#7678 = LINE('',#7679,#7680);
#7679 = CARTESIAN_POINT('',(103.14661005817,12.20256781896,
    -53.46294281387));
#7680 = VECTOR('',#7681,1.);
#7681 = DIRECTION('',(-1.,0.,0.));
#7682 = PCURVE('',#7544,#7683);
#7683 = DEFINITIONAL_REPRESENTATION('',(#7684),#7688);
#7684 = LINE('',#7685,#7686);
#7685 = CARTESIAN_POINT('',(-0.,0.));
#7686 = VECTOR('',#7687,1.);
#7687 = DIRECTION('',(-0.,1.));
#7688 = ( GEOMETRIC_REPRESENTATION_CONTEXT(2) 
PARAMETRIC_REPRESENTATION_CONTEXT() REPRESENTATION_CONTEXT('2D SPACE',''
  ) );
#7689 = PCURVE('',#7544,#7690);
#7690 = DEFINITIONAL_REPRESENTATION('',(#7691),#7695);
#7691 = LINE('',#7692,#7693);
#7692 = CARTESIAN_POINT('',(-6.28318530718,0.));
#7693 = VECTOR('',#7694,1.);
#7694 = DIRECTION('',(-0.,1.));
#7695 = ( GEOMETRIC_REPRESENTATION_CONTEXT(2) 
PARAMETRIC_REPRESENTATION_CONTEXT() REPRESENTATION_CONTEXT('2D SPACE',''
  ) );
#7696 = ORIENTED_EDGE('',*,*,#7522,.F.);
#7697 = ORIENTED_EDGE('',*,*,#7676,.F.);
#7698 = ( GEOMETRIC_REPRESENTATION_CONTEXT(3) 
GLOBAL_UNCERTAINTY_ASSIGNED_CONTEXT((#7702)) 
GLOBAL_UNIT_ASSIGNED_CONTEXT((#7699,#7700,#7701)) REPRESENTATION_CONTEXT
('Context #1','3D Context with UNIT and UNCERTAINTY') );
#7699 = ( LENGTH_UNIT() NAMED_UNIT(*) SI_UNIT(.MILLI.,.METRE.) );
#7700 = ( NAMED_UNIT(*) PLANE_ANGLE_UNIT() SI_UNIT($,.RADIAN.) );
#7701 = ( NAMED_UNIT(*) SI_UNIT($,.STERADIAN.) SOLID_ANGLE_UNIT() );
#7702 = UNCERTAINTY_MEASURE_WITH_UNIT(LENGTH_MEASURE(1.E-07),#7699,
  'distance_accuracy_value','confusion accuracy');
#7703 = CONTEXT_DEPENDENT_SHAPE_REPRESENTATION(#7704,#7706);
#7704 = ( REPRESENTATION_RELATIONSHIP('','',#7515,#7080) 
REPRESENTATION_RELATIONSHIP_WITH_TRANSFORMATION(#7705) 
SHAPE_REPRESENTATION_RELATIONSHIP() );
#7705 = ITEM_DEFINED_TRANSFORMATION('','',#11,#7089);
#7706 = PRODUCT_DEFINITION_SHAPE('Placement','Placement of an item',
  #7707);
#7707 = NEXT_ASSEMBLY_USAGE_OCCURRENCE('110','','',#7075,#7510,$);
#7708 = PRODUCT_RELATED_PRODUCT_CATEGORY('part',$,(#7512));
#7709 = SHAPE_DEFINITION_REPRESENTATION(#7710,#7716);
#7710 = PRODUCT_DEFINITION_SHAPE('','',#7711);
#7711 = PRODUCT_DEFINITION('design','',#7712,#7715);
#7712 = PRODUCT_DEFINITION_FORMATION('','',#7713);
#7713 = PRODUCT('Open CASCADE STEP translator 7.9 14.13',
  'Open CASCADE STEP translator 7.9 14.13','',(#7714));
#7714 = PRODUCT_CONTEXT('',#2,'mechanical');
#7715 = PRODUCT_DEFINITION_CONTEXT('part definition',#2,'design');
#7716 = SHAPE_REPRESENTATION('',(#11,#7717,#7721,#7725),#7729);
#7717 = AXIS2_PLACEMENT_3D('',#7718,#7719,#7720);
#7718 = CARTESIAN_POINT('',(0.,0.,0.));
#7719 = DIRECTION('',(0.,0.,1.));
#7720 = DIRECTION('',(1.,0.,-0.));
#7721 = AXIS2_PLACEMENT_3D('',#7722,#7723,#7724);
#7722 = CARTESIAN_POINT('',(0.,0.,0.));
#7723 = DIRECTION('',(0.,0.,1.));
#7724 = DIRECTION('',(1.,0.,-0.));
#7725 = AXIS2_PLACEMENT_3D('',#7726,#7727,#7728);
#7726 = CARTESIAN_POINT('',(0.,0.,0.));
#7727 = DIRECTION('',(0.,0.,1.));
#7728 = DIRECTION('',(1.,0.,-0.));
#7729 = ( GEOMETRIC_REPRESENTATION_CONTEXT(3) 
GLOBAL_UNCERTAINTY_ASSIGNED_CONTEXT((#7733)) 
GLOBAL_UNIT_ASSIGNED_CONTEXT((#7730,#7731,#7732)) REPRESENTATION_CONTEXT
('Context #1','3D Context with UNIT and UNCERTAINTY') );
#7730 = ( LENGTH_UNIT() NAMED_UNIT(*) SI_UNIT(.MILLI.,.METRE.) );
#7731 = ( NAMED_UNIT(*) PLANE_ANGLE_UNIT() SI_UNIT($,.RADIAN.) );
#7732 = ( NAMED_UNIT(*) SI_UNIT($,.STERADIAN.) SOLID_ANGLE_UNIT() );
#7733 = UNCERTAINTY_MEASURE_WITH_UNIT(LENGTH_MEASURE(1.E-07),#7730,
  'distance_accuracy_value','confusion accuracy');
#7734 = CONTEXT_DEPENDENT_SHAPE_REPRESENTATION(#7735,#7737);
#7735 = ( REPRESENTATION_RELATIONSHIP('','',#7716,#10) 
REPRESENTATION_RELATIONSHIP_WITH_TRANSFORMATION(#7736) 
SHAPE_REPRESENTATION_RELATIONSHIP() );
#7736 = ITEM_DEFINED_TRANSFORMATION('','',#11,#63);
#7737 = PRODUCT_DEFINITION_SHAPE('Placement','Placement of an item',
  #7738);
#7738 = NEXT_ASSEMBLY_USAGE_OCCURRENCE('115','','',#5,#7711,$);
#7739 = PRODUCT_RELATED_PRODUCT_CATEGORY('part',$,(#7713));
#7740 = SHAPE_DEFINITION_REPRESENTATION(#7741,#7747);
#7741 = PRODUCT_DEFINITION_SHAPE('','',#7742);
#7742 = PRODUCT_DEFINITION('design','',#7743,#7746);
#7743 = PRODUCT_DEFINITION_FORMATION('','',#7744);
#7744 = PRODUCT('Open CASCADE STEP translator 7.9 14.13.1',
  'Open CASCADE STEP translator 7.9 14.13.1','',(#7745));
#7745 = PRODUCT_CONTEXT('',#2,'mechanical');
#7746 = PRODUCT_DEFINITION_CONTEXT('part definition',#2,'design');
#7747 = ADVANCED_BREP_SHAPE_REPRESENTATION('',(#11,#7748),#7930);
#7748 = MANIFOLD_SOLID_BREP('',#7749);
#7749 = CLOSED_SHELL('',(#7750,#7818,#7873,#7903));
#7750 = ADVANCED_FACE('',(#7751,#7787),#7764,.F.);
#7751 = FACE_BOUND('',#7752,.T.);
#7752 = EDGE_LOOP('',(#7753));
#7753 = ORIENTED_EDGE('',*,*,#7754,.T.);
#7754 = EDGE_CURVE('',#7755,#7755,#7757,.T.);
#7755 = VERTEX_POINT('',#7756);
#7756 = CARTESIAN_POINT('',(53.63279758958,43.543182273541,
    -54.60142354663));
#7757 = SURFACE_CURVE('',#7758,(#7763,#7775),.PCURVE_S1.);
#7758 = CIRCLE('',#7759,4.4);
#7759 = AXIS2_PLACEMENT_3D('',#7760,#7761,#7762);
#7760 = CARTESIAN_POINT('',(53.63279758958,40.799827145363,
    -51.16136502377));
#7761 = DIRECTION('',(1.,-0.,0.));
#7762 = DIRECTION('',(0.,0.623489801859,-0.781831482468));
#7763 = PCURVE('',#7764,#7769);
#7764 = PLANE('',#7765);
#7765 = AXIS2_PLACEMENT_3D('',#7766,#7767,#7768);
#7766 = CARTESIAN_POINT('',(53.63279758958,40.799827145363,
    -51.16136502377));
#7767 = DIRECTION('',(1.,0.,0.));
#7768 = DIRECTION('',(-0.,0.623489801859,-0.781831482468));
#7769 = DEFINITIONAL_REPRESENTATION('',(#7770),#7774);
#7770 = CIRCLE('',#7771,4.4);
#7771 = AXIS2_PLACEMENT_2D('',#7772,#7773);
#7772 = CARTESIAN_POINT('',(0.,0.));
#7773 = DIRECTION('',(1.,-0.));
#7774 = ( GEOMETRIC_REPRESENTATION_CONTEXT(2) 
PARAMETRIC_REPRESENTATION_CONTEXT() REPRESENTATION_CONTEXT('2D SPACE',''
  ) );
#7775 = PCURVE('',#7776,#7781);
#7776 = CYLINDRICAL_SURFACE('',#7777,4.4);
#7777 = AXIS2_PLACEMENT_3D('',#7778,#7779,#7780);
#7778 = CARTESIAN_POINT('',(103.14661005817,40.799827145363,
    -51.16136502377));
#7779 = DIRECTION('',(-1.,-0.,0.));
#7780 = DIRECTION('',(0.,0.623489801859,-0.781831482468));
#7781 = DEFINITIONAL_REPRESENTATION('',(#7782),#7786);
#7782 = LINE('',#7783,#7784);
#7783 = CARTESIAN_POINT('',(-0.,49.513812468599));
#7784 = VECTOR('',#7785,1.);
#7785 = DIRECTION('',(-1.,0.));
#7786 = ( GEOMETRIC_REPRESENTATION_CONTEXT(2) 
PARAMETRIC_REPRESENTATION_CONTEXT() REPRESENTATION_CONTEXT('2D SPACE',''
  ) );
#7787 = FACE_BOUND('',#7788,.T.);
#7788 = EDGE_LOOP('',(#7789));
#7789 = ORIENTED_EDGE('',*,*,#7790,.F.);
#7790 = EDGE_CURVE('',#7791,#7791,#7793,.T.);
#7791 = VERTEX_POINT('',#7792);
#7792 = CARTESIAN_POINT('',(53.63279758958,43.917276154657,
    -55.07052243611));
#7793 = SURFACE_CURVE('',#7794,(#7799,#7806),.PCURVE_S1.);
#7794 = CIRCLE('',#7795,5.);
#7795 = AXIS2_PLACEMENT_3D('',#7796,#7797,#7798);
#7796 = CARTESIAN_POINT('',(53.63279758958,40.799827145363,
    -51.16136502377));
#7797 = DIRECTION('',(1.,-0.,0.));
#7798 = DIRECTION('',(0.,0.623489801859,-0.781831482468));
#7799 = PCURVE('',#7764,#7800);
#7800 = DEFINITIONAL_REPRESENTATION('',(#7801),#7805);
#7801 = CIRCLE('',#7802,5.);
#7802 = AXIS2_PLACEMENT_2D('',#7803,#7804);
#7803 = CARTESIAN_POINT('',(0.,0.));
#7804 = DIRECTION('',(1.,-0.));
#7805 = ( GEOMETRIC_REPRESENTATION_CONTEXT(2) 
PARAMETRIC_REPRESENTATION_CONTEXT() REPRESENTATION_CONTEXT('2D SPACE',''
  ) );
#7806 = PCURVE('',#7807,#7812);
#7807 = CYLINDRICAL_SURFACE('',#7808,5.);
#7808 = AXIS2_PLACEMENT_3D('',#7809,#7810,#7811);
#7809 = CARTESIAN_POINT('',(53.63279758958,40.799827145363,
    -51.16136502377));
#7810 = DIRECTION('',(1.,0.,0.));
#7811 = DIRECTION('',(0.,0.623489801859,-0.781831482468));
#7812 = DEFINITIONAL_REPRESENTATION('',(#7813),#7817);
#7813 = LINE('',#7814,#7815);
#7814 = CARTESIAN_POINT('',(0.,0.));
#7815 = VECTOR('',#7816,1.);
#7816 = DIRECTION('',(1.,0.));
#7817 = ( GEOMETRIC_REPRESENTATION_CONTEXT(2) 
PARAMETRIC_REPRESENTATION_CONTEXT() REPRESENTATION_CONTEXT('2D SPACE',''
  ) );
#7818 = ADVANCED_FACE('',(#7819),#7807,.T.);
#7819 = FACE_BOUND('',#7820,.T.);
#7820 = EDGE_LOOP('',(#7821,#7822,#7845,#7872));
#7821 = ORIENTED_EDGE('',*,*,#7790,.T.);
#7822 = ORIENTED_EDGE('',*,*,#7823,.T.);
#7823 = EDGE_CURVE('',#7791,#7824,#7826,.T.);
#7824 = VERTEX_POINT('',#7825);
#7825 = CARTESIAN_POINT('',(103.14661005817,43.917276154657,
    -55.07052243611));
#7826 = SEAM_CURVE('',#7827,(#7831,#7838),.PCURVE_S1.);
#7827 = LINE('',#7828,#7829);
#7828 = CARTESIAN_POINT('',(53.63279758958,43.917276154657,
    -55.07052243611));
#7829 = VECTOR('',#7830,1.);
#7830 = DIRECTION('',(1.,0.,0.));
#7831 = PCURVE('',#7807,#7832);
#7832 = DEFINITIONAL_REPRESENTATION('',(#7833),#7837);
#7833 = LINE('',#7834,#7835);
#7834 = CARTESIAN_POINT('',(0.,0.));
#7835 = VECTOR('',#7836,1.);
#7836 = DIRECTION('',(0.,1.));
#7837 = ( GEOMETRIC_REPRESENTATION_CONTEXT(2) 
PARAMETRIC_REPRESENTATION_CONTEXT() REPRESENTATION_CONTEXT('2D SPACE',''
  ) );
#7838 = PCURVE('',#7807,#7839);
#7839 = DEFINITIONAL_REPRESENTATION('',(#7840),#7844);
#7840 = LINE('',#7841,#7842);
#7841 = CARTESIAN_POINT('',(6.28318530718,0.));
#7842 = VECTOR('',#7843,1.);
#7843 = DIRECTION('',(0.,1.));
#7844 = ( GEOMETRIC_REPRESENTATION_CONTEXT(2) 
PARAMETRIC_REPRESENTATION_CONTEXT() REPRESENTATION_CONTEXT('2D SPACE',''
  ) );
#7845 = ORIENTED_EDGE('',*,*,#7846,.F.);
#7846 = EDGE_CURVE('',#7824,#7824,#7847,.T.);
#7847 = SURFACE_CURVE('',#7848,(#7853,#7860),.PCURVE_S1.);
#7848 = CIRCLE('',#7849,5.);
#7849 = AXIS2_PLACEMENT_3D('',#7850,#7851,#7852);
#7850 = CARTESIAN_POINT('',(103.14661005817,40.799827145363,
    -51.16136502377));
#7851 = DIRECTION('',(1.,-0.,0.));
#7852 = DIRECTION('',(0.,0.623489801859,-0.781831482468));
#7853 = PCURVE('',#7807,#7854);
#7854 = DEFINITIONAL_REPRESENTATION('',(#7855),#7859);
#7855 = LINE('',#7856,#7857);
#7856 = CARTESIAN_POINT('',(0.,49.513812468599));
#7857 = VECTOR('',#7858,1.);
#7858 = DIRECTION('',(1.,0.));
#7859 = ( GEOMETRIC_REPRESENTATION_CONTEXT(2) 
PARAMETRIC_REPRESENTATION_CONTEXT() REPRESENTATION_CONTEXT('2D SPACE',''
  ) );
#7860 = PCURVE('',#7861,#7866);
#7861 = PLANE('',#7862);
#7862 = AXIS2_PLACEMENT_3D('',#7863,#7864,#7865);
#7863 = CARTESIAN_POINT('',(103.14661005817,40.799827145363,
    -51.16136502377));
#7864 = DIRECTION('',(1.,0.,0.));
#7865 = DIRECTION('',(0.,0.623489801859,-0.781831482468));
#7866 = DEFINITIONAL_REPRESENTATION('',(#7867),#7871);
#7867 = CIRCLE('',#7868,5.);
#7868 = AXIS2_PLACEMENT_2D('',#7869,#7870);
#7869 = CARTESIAN_POINT('',(0.,0.));
#7870 = DIRECTION('',(1.,0.));
#7871 = ( GEOMETRIC_REPRESENTATION_CONTEXT(2) 
PARAMETRIC_REPRESENTATION_CONTEXT() REPRESENTATION_CONTEXT('2D SPACE',''
  ) );
#7872 = ORIENTED_EDGE('',*,*,#7823,.F.);
#7873 = ADVANCED_FACE('',(#7874,#7877),#7861,.T.);
#7874 = FACE_BOUND('',#7875,.T.);
#7875 = EDGE_LOOP('',(#7876));
#7876 = ORIENTED_EDGE('',*,*,#7846,.T.);
#7877 = FACE_BOUND('',#7878,.T.);
#7878 = EDGE_LOOP('',(#7879));
#7879 = ORIENTED_EDGE('',*,*,#7880,.F.);
#7880 = EDGE_CURVE('',#7881,#7881,#7883,.T.);
#7881 = VERTEX_POINT('',#7882);
#7882 = CARTESIAN_POINT('',(103.14661005817,43.543182273541,
    -54.60142354663));
#7883 = SURFACE_CURVE('',#7884,(#7889,#7896),.PCURVE_S1.);
#7884 = CIRCLE('',#7885,4.4);
#7885 = AXIS2_PLACEMENT_3D('',#7886,#7887,#7888);
#7886 = CARTESIAN_POINT('',(103.14661005817,40.799827145363,
    -51.16136502377));
#7887 = DIRECTION('',(1.,-0.,0.));
#7888 = DIRECTION('',(0.,0.623489801859,-0.781831482468));
#7889 = PCURVE('',#7861,#7890);
#7890 = DEFINITIONAL_REPRESENTATION('',(#7891),#7895);
#7891 = CIRCLE('',#7892,4.4);
#7892 = AXIS2_PLACEMENT_2D('',#7893,#7894);
#7893 = CARTESIAN_POINT('',(0.,0.));
#7894 = DIRECTION('',(1.,0.));
#7895 = ( GEOMETRIC_REPRESENTATION_CONTEXT(2) 
PARAMETRIC_REPRESENTATION_CONTEXT() REPRESENTATION_CONTEXT('2D SPACE',''
  ) );
#7896 = PCURVE('',#7776,#7897);
#7897 = DEFINITIONAL_REPRESENTATION('',(#7898),#7902);
#7898 = LINE('',#7899,#7900);
#7899 = CARTESIAN_POINT('',(-0.,0.));
#7900 = VECTOR('',#7901,1.);
#7901 = DIRECTION('',(-1.,0.));
#7902 = ( GEOMETRIC_REPRESENTATION_CONTEXT(2) 
PARAMETRIC_REPRESENTATION_CONTEXT() REPRESENTATION_CONTEXT('2D SPACE',''
  ) );
#7903 = ADVANCED_FACE('',(#7904),#7776,.F.);
#7904 = FACE_BOUND('',#7905,.T.);
#7905 = EDGE_LOOP('',(#7906,#7907,#7928,#7929));
#7906 = ORIENTED_EDGE('',*,*,#7880,.T.);
#7907 = ORIENTED_EDGE('',*,*,#7908,.T.);
#7908 = EDGE_CURVE('',#7881,#7755,#7909,.T.);
#7909 = SEAM_CURVE('',#7910,(#7914,#7921),.PCURVE_S1.);
#7910 = LINE('',#7911,#7912);
#7911 = CARTESIAN_POINT('',(103.14661005817,43.543182273541,
    -54.60142354663));
#7912 = VECTOR('',#7913,1.);
#7913 = DIRECTION('',(-1.,0.,0.));
#7914 = PCURVE('',#7776,#7915);
#7915 = DEFINITIONAL_REPRESENTATION('',(#7916),#7920);
#7916 = LINE('',#7917,#7918);
#7917 = CARTESIAN_POINT('',(-0.,0.));
#7918 = VECTOR('',#7919,1.);
#7919 = DIRECTION('',(-0.,1.));
#7920 = ( GEOMETRIC_REPRESENTATION_CONTEXT(2) 
PARAMETRIC_REPRESENTATION_CONTEXT() REPRESENTATION_CONTEXT('2D SPACE',''
  ) );
#7921 = PCURVE('',#7776,#7922);
#7922 = DEFINITIONAL_REPRESENTATION('',(#7923),#7927);
#7923 = LINE('',#7924,#7925);
#7924 = CARTESIAN_POINT('',(-6.28318530718,0.));
#7925 = VECTOR('',#7926,1.);
#7926 = DIRECTION('',(-0.,1.));
#7927 = ( GEOMETRIC_REPRESENTATION_CONTEXT(2) 
PARAMETRIC_REPRESENTATION_CONTEXT() REPRESENTATION_CONTEXT('2D SPACE',''
  ) );
#7928 = ORIENTED_EDGE('',*,*,#7754,.F.);
#7929 = ORIENTED_EDGE('',*,*,#7908,.F.);
#7930 = ( GEOMETRIC_REPRESENTATION_CONTEXT(3) 
GLOBAL_UNCERTAINTY_ASSIGNED_CONTEXT((#7934)) 
GLOBAL_UNIT_ASSIGNED_CONTEXT((#7931,#7932,#7933)) REPRESENTATION_CONTEXT
('Context #1','3D Context with UNIT and UNCERTAINTY') );
#7931 = ( LENGTH_UNIT() NAMED_UNIT(*) SI_UNIT(.MILLI.,.METRE.) );
#7932 = ( NAMED_UNIT(*) PLANE_ANGLE_UNIT() SI_UNIT($,.RADIAN.) );
#7933 = ( NAMED_UNIT(*) SI_UNIT($,.STERADIAN.) SOLID_ANGLE_UNIT() );
#7934 = UNCERTAINTY_MEASURE_WITH_UNIT(LENGTH_MEASURE(1.E-07),#7931,
  'distance_accuracy_value','confusion accuracy');
#7935 = CONTEXT_DEPENDENT_SHAPE_REPRESENTATION(#7936,#7938);
#7936 = ( REPRESENTATION_RELATIONSHIP('','',#7747,#7716) 
REPRESENTATION_RELATIONSHIP_WITH_TRANSFORMATION(#7937) 
SHAPE_REPRESENTATION_RELATIONSHIP() );
#7937 = ITEM_DEFINED_TRANSFORMATION('','',#11,#7717);
#7938 = PRODUCT_DEFINITION_SHAPE('Placement','Placement of an item',
  #7939);
#7939 = NEXT_ASSEMBLY_USAGE_OCCURRENCE('112','','',#7711,#7742,$);
#7940 = PRODUCT_RELATED_PRODUCT_CATEGORY('part',$,(#7744));
#7941 = SHAPE_DEFINITION_REPRESENTATION(#7942,#7948);
#7942 = PRODUCT_DEFINITION_SHAPE('','',#7943);
#7943 = PRODUCT_DEFINITION('design','',#7944,#7947);
#7944 = PRODUCT_DEFINITION_FORMATION('','',#7945);
#7945 = PRODUCT('Open CASCADE STEP translator 7.9 14.13.2',
  'Open CASCADE STEP translator 7.9 14.13.2','',(#7946));
#7946 = PRODUCT_CONTEXT('',#2,'mechanical');
#7947 = PRODUCT_DEFINITION_CONTEXT('part definition',#2,'design');
#7948 = ADVANCED_BREP_SHAPE_REPRESENTATION('',(#11,#7949),#8133);
#7949 = MANIFOLD_SOLID_BREP('',#7950);
#7950 = CLOSED_SHELL('',(#7951,#8040,#8075,#8105));
#7951 = ADVANCED_FACE('',(#7952),#7965,.T.);
#7952 = FACE_BOUND('',#7953,.T.);
#7953 = EDGE_LOOP('',(#7954,#7988,#8012,#8039));
#7954 = ORIENTED_EDGE('',*,*,#7955,.F.);
#7955 = EDGE_CURVE('',#7956,#7956,#7958,.T.);
#7956 = VERTEX_POINT('',#7957);
#7957 = CARTESIAN_POINT('',(105.64661005817,36.123653631422,
    -45.29762890526));
#7958 = SURFACE_CURVE('',#7959,(#7964,#7976),.PCURVE_S1.);
#7959 = CIRCLE('',#7960,2.5);
#7960 = AXIS2_PLACEMENT_3D('',#7961,#7962,#7963);
#7961 = CARTESIAN_POINT('',(103.14661005817,36.123653631422,
    -45.29762890526));
#7962 = DIRECTION('',(-0.,0.781831482468,0.623489801859));
#7963 = DIRECTION('',(1.,0.,0.));
#7964 = PCURVE('',#7965,#7970);
#7965 = TOROIDAL_SURFACE('',#7966,7.5,5.);
#7966 = AXIS2_PLACEMENT_3D('',#7967,#7968,#7969);
#7967 = CARTESIAN_POINT('',(103.14661005817,36.123653631422,
    -45.29762890526));
#7968 = DIRECTION('',(0.,0.781831482468,0.623489801859));
#7969 = DIRECTION('',(1.,0.,0.));
#7970 = DEFINITIONAL_REPRESENTATION('',(#7971),#7975);
#7971 = LINE('',#7972,#7973);
#7972 = CARTESIAN_POINT('',(0.,3.14159265359));
#7973 = VECTOR('',#7974,1.);
#7974 = DIRECTION('',(1.,0.));
#7975 = ( GEOMETRIC_REPRESENTATION_CONTEXT(2) 
PARAMETRIC_REPRESENTATION_CONTEXT() REPRESENTATION_CONTEXT('2D SPACE',''
  ) );
#7976 = PCURVE('',#7977,#7982);
#7977 = PLANE('',#7978);
#7978 = AXIS2_PLACEMENT_3D('',#7979,#7980,#7981);
#7979 = CARTESIAN_POINT('',(103.14661005817,36.123653631422,
    -45.29762890526));
#7980 = DIRECTION('',(0.,0.781831482468,0.623489801859));
#7981 = DIRECTION('',(1.,0.,0.));
#7982 = DEFINITIONAL_REPRESENTATION('',(#7983),#7987);
#7983 = CIRCLE('',#7984,2.5);
#7984 = AXIS2_PLACEMENT_2D('',#7985,#7986);
#7985 = CARTESIAN_POINT('',(0.,0.));
#7986 = DIRECTION('',(1.,0.));
#7987 = ( GEOMETRIC_REPRESENTATION_CONTEXT(2) 
PARAMETRIC_REPRESENTATION_CONTEXT() REPRESENTATION_CONTEXT('2D SPACE',''
  ) );
#7988 = ORIENTED_EDGE('',*,*,#7989,.F.);
#7989 = EDGE_CURVE('',#7990,#7956,#7992,.T.);
#7990 = VERTEX_POINT('',#7991);
#7991 = CARTESIAN_POINT('',(115.64661005817,36.123653631422,
    -45.29762890526));
#7992 = SEAM_CURVE('',#7993,(#7998,#8005),.PCURVE_S1.);
#7993 = CIRCLE('',#7994,5.);
#7994 = AXIS2_PLACEMENT_3D('',#7995,#7996,#7997);
#7995 = CARTESIAN_POINT('',(110.64661005817,36.123653631422,
    -45.29762890526));
#7996 = DIRECTION('',(-2.449293598295E-16,-0.623489801859,0.781831482468
    ));
#7997 = DIRECTION('',(1.,-1.527109580295E-16,1.914934844954E-16));
#7998 = PCURVE('',#7965,#7999);
#7999 = DEFINITIONAL_REPRESENTATION('',(#8000),#8004);
#8000 = LINE('',#8001,#8002);
#8001 = CARTESIAN_POINT('',(6.28318530718,-0.));
#8002 = VECTOR('',#8003,1.);
#8003 = DIRECTION('',(0.,1.));
#8004 = ( GEOMETRIC_REPRESENTATION_CONTEXT(2) 
PARAMETRIC_REPRESENTATION_CONTEXT() REPRESENTATION_CONTEXT('2D SPACE',''
  ) );
#8005 = PCURVE('',#7965,#8006);
#8006 = DEFINITIONAL_REPRESENTATION('',(#8007),#8011);
#8007 = LINE('',#8008,#8009);
#8008 = CARTESIAN_POINT('',(0.,-0.));
#8009 = VECTOR('',#8010,1.);
#8010 = DIRECTION('',(0.,1.));
#8011 = ( GEOMETRIC_REPRESENTATION_CONTEXT(2) 
PARAMETRIC_REPRESENTATION_CONTEXT() REPRESENTATION_CONTEXT('2D SPACE',''
  ) );
#8012 = ORIENTED_EDGE('',*,*,#8013,.T.);
#8013 = EDGE_CURVE('',#7990,#7990,#8014,.T.);
#8014 = SURFACE_CURVE('',#8015,(#8020,#8027),.PCURVE_S1.);
#8015 = CIRCLE('',#8016,12.5);
#8016 = AXIS2_PLACEMENT_3D('',#8017,#8018,#8019);
#8017 = CARTESIAN_POINT('',(103.14661005817,36.123653631422,
    -45.29762890526));
#8018 = DIRECTION('',(-0.,0.781831482468,0.623489801859));
#8019 = DIRECTION('',(1.,0.,0.));
#8020 = PCURVE('',#7965,#8021);
#8021 = DEFINITIONAL_REPRESENTATION('',(#8022),#8026);
#8022 = LINE('',#8023,#8024);
#8023 = CARTESIAN_POINT('',(0.,0.));
#8024 = VECTOR('',#8025,1.);
#8025 = DIRECTION('',(1.,0.));
#8026 = ( GEOMETRIC_REPRESENTATION_CONTEXT(2) 
PARAMETRIC_REPRESENTATION_CONTEXT() REPRESENTATION_CONTEXT('2D SPACE',''
  ) );
#8027 = PCURVE('',#8028,#8033);
#8028 = PLANE('',#8029);
#8029 = AXIS2_PLACEMENT_3D('',#8030,#8031,#8032);
#8030 = CARTESIAN_POINT('',(103.14661005817,36.123653631422,
    -45.29762890526));
#8031 = DIRECTION('',(0.,0.781831482468,0.623489801859));
#8032 = DIRECTION('',(1.,0.,0.));
#8033 = DEFINITIONAL_REPRESENTATION('',(#8034),#8038);
#8034 = CIRCLE('',#8035,12.5);
#8035 = AXIS2_PLACEMENT_2D('',#8036,#8037);
#8036 = CARTESIAN_POINT('',(0.,0.));
#8037 = DIRECTION('',(1.,0.));
#8038 = ( GEOMETRIC_REPRESENTATION_CONTEXT(2) 
PARAMETRIC_REPRESENTATION_CONTEXT() REPRESENTATION_CONTEXT('2D SPACE',''
  ) );
#8039 = ORIENTED_EDGE('',*,*,#7989,.T.);
#8040 = ADVANCED_FACE('',(#8041,#8072),#7977,.F.);
#8041 = FACE_BOUND('',#8042,.F.);
#8042 = EDGE_LOOP('',(#8043));
#8043 = ORIENTED_EDGE('',*,*,#8044,.T.);
#8044 = EDGE_CURVE('',#8045,#8045,#8047,.T.);
#8045 = VERTEX_POINT('',#8046);
#8046 = CARTESIAN_POINT('',(106.24661005817,36.123653631422,
    -45.29762890526));
#8047 = SURFACE_CURVE('',#8048,(#8053,#8060),.PCURVE_S1.);
#8048 = CIRCLE('',#8049,3.1);
#8049 = AXIS2_PLACEMENT_3D('',#8050,#8051,#8052);
#8050 = CARTESIAN_POINT('',(103.14661005817,36.123653631422,
    -45.29762890526));
#8051 = DIRECTION('',(-0.,0.781831482468,0.623489801859));
#8052 = DIRECTION('',(1.,0.,0.));
#8053 = PCURVE('',#7977,#8054);
#8054 = DEFINITIONAL_REPRESENTATION('',(#8055),#8059);
#8055 = CIRCLE('',#8056,3.1);
#8056 = AXIS2_PLACEMENT_2D('',#8057,#8058);
#8057 = CARTESIAN_POINT('',(0.,0.));
#8058 = DIRECTION('',(1.,0.));
#8059 = ( GEOMETRIC_REPRESENTATION_CONTEXT(2) 
PARAMETRIC_REPRESENTATION_CONTEXT() REPRESENTATION_CONTEXT('2D SPACE',''
  ) );
#8060 = PCURVE('',#8061,#8066);
#8061 = TOROIDAL_SURFACE('',#8062,7.5,4.4);
#8062 = AXIS2_PLACEMENT_3D('',#8063,#8064,#8065);
#8063 = CARTESIAN_POINT('',(103.14661005817,36.123653631422,
    -45.29762890526));
#8064 = DIRECTION('',(0.,0.781831482468,0.623489801859));
#8065 = DIRECTION('',(1.,0.,0.));
#8066 = DEFINITIONAL_REPRESENTATION('',(#8067),#8071);
#8067 = LINE('',#8068,#8069);
#8068 = CARTESIAN_POINT('',(0.,3.14159265359));
#8069 = VECTOR('',#8070,1.);
#8070 = DIRECTION('',(1.,0.));
#8071 = ( GEOMETRIC_REPRESENTATION_CONTEXT(2) 
PARAMETRIC_REPRESENTATION_CONTEXT() REPRESENTATION_CONTEXT('2D SPACE',''
  ) );
#8072 = FACE_BOUND('',#8073,.F.);
#8073 = EDGE_LOOP('',(#8074));
#8074 = ORIENTED_EDGE('',*,*,#7955,.F.);
#8075 = ADVANCED_FACE('',(#8076,#8079),#8028,.F.);
#8076 = FACE_BOUND('',#8077,.F.);
#8077 = EDGE_LOOP('',(#8078));
#8078 = ORIENTED_EDGE('',*,*,#8013,.T.);
#8079 = FACE_BOUND('',#8080,.F.);
#8080 = EDGE_LOOP('',(#8081));
#8081 = ORIENTED_EDGE('',*,*,#8082,.F.);
#8082 = EDGE_CURVE('',#8083,#8083,#8085,.T.);
#8083 = VERTEX_POINT('',#8084);
#8084 = CARTESIAN_POINT('',(115.04661005817,36.123653631422,
    -45.29762890526));
#8085 = SURFACE_CURVE('',#8086,(#8091,#8098),.PCURVE_S1.);
#8086 = CIRCLE('',#8087,11.9);
#8087 = AXIS2_PLACEMENT_3D('',#8088,#8089,#8090);
#8088 = CARTESIAN_POINT('',(103.14661005817,36.123653631422,
    -45.29762890526));
#8089 = DIRECTION('',(-0.,0.781831482468,0.623489801859));
#8090 = DIRECTION('',(1.,0.,0.));
#8091 = PCURVE('',#8028,#8092);
#8092 = DEFINITIONAL_REPRESENTATION('',(#8093),#8097);
#8093 = CIRCLE('',#8094,11.9);
#8094 = AXIS2_PLACEMENT_2D('',#8095,#8096);
#8095 = CARTESIAN_POINT('',(0.,0.));
#8096 = DIRECTION('',(1.,0.));
#8097 = ( GEOMETRIC_REPRESENTATION_CONTEXT(2) 
PARAMETRIC_REPRESENTATION_CONTEXT() REPRESENTATION_CONTEXT('2D SPACE',''
  ) );
#8098 = PCURVE('',#8061,#8099);
#8099 = DEFINITIONAL_REPRESENTATION('',(#8100),#8104);
#8100 = LINE('',#8101,#8102);
#8101 = CARTESIAN_POINT('',(0.,0.));
#8102 = VECTOR('',#8103,1.);
#8103 = DIRECTION('',(1.,0.));
#8104 = ( GEOMETRIC_REPRESENTATION_CONTEXT(2) 
PARAMETRIC_REPRESENTATION_CONTEXT() REPRESENTATION_CONTEXT('2D SPACE',''
  ) );
#8105 = ADVANCED_FACE('',(#8106),#8061,.F.);
#8106 = FACE_BOUND('',#8107,.F.);
#8107 = EDGE_LOOP('',(#8108,#8109,#8131,#8132));
#8108 = ORIENTED_EDGE('',*,*,#8044,.F.);
#8109 = ORIENTED_EDGE('',*,*,#8110,.F.);
#8110 = EDGE_CURVE('',#8083,#8045,#8111,.T.);
#8111 = SEAM_CURVE('',#8112,(#8117,#8124),.PCURVE_S1.);
#8112 = CIRCLE('',#8113,4.4);
#8113 = AXIS2_PLACEMENT_3D('',#8114,#8115,#8116);
#8114 = CARTESIAN_POINT('',(110.64661005817,36.123653631422,
    -45.29762890526));
#8115 = DIRECTION('',(-2.449293598295E-16,-0.623489801859,0.781831482468
    ));
#8116 = DIRECTION('',(1.,-1.527109580295E-16,1.914934844954E-16));
#8117 = PCURVE('',#8061,#8118);
#8118 = DEFINITIONAL_REPRESENTATION('',(#8119),#8123);
#8119 = LINE('',#8120,#8121);
#8120 = CARTESIAN_POINT('',(6.28318530718,-0.));
#8121 = VECTOR('',#8122,1.);
#8122 = DIRECTION('',(0.,1.));
#8123 = ( GEOMETRIC_REPRESENTATION_CONTEXT(2) 
PARAMETRIC_REPRESENTATION_CONTEXT() REPRESENTATION_CONTEXT('2D SPACE',''
  ) );
#8124 = PCURVE('',#8061,#8125);
#8125 = DEFINITIONAL_REPRESENTATION('',(#8126),#8130);
#8126 = LINE('',#8127,#8128);
#8127 = CARTESIAN_POINT('',(0.,-0.));
#8128 = VECTOR('',#8129,1.);
#8129 = DIRECTION('',(0.,1.));
#8130 = ( GEOMETRIC_REPRESENTATION_CONTEXT(2) 
PARAMETRIC_REPRESENTATION_CONTEXT() REPRESENTATION_CONTEXT('2D SPACE',''
  ) );
#8131 = ORIENTED_EDGE('',*,*,#8082,.T.);
#8132 = ORIENTED_EDGE('',*,*,#8110,.T.);
#8133 = ( GEOMETRIC_REPRESENTATION_CONTEXT(3) 
GLOBAL_UNCERTAINTY_ASSIGNED_CONTEXT((#8137)) 
GLOBAL_UNIT_ASSIGNED_CONTEXT((#8134,#8135,#8136)) REPRESENTATION_CONTEXT
('Context #1','3D Context with UNIT and UNCERTAINTY') );
#8134 = ( LENGTH_UNIT() NAMED_UNIT(*) SI_UNIT(.MILLI.,.METRE.) );
#8135 = ( NAMED_UNIT(*) PLANE_ANGLE_UNIT() SI_UNIT($,.RADIAN.) );
#8136 = ( NAMED_UNIT(*) SI_UNIT($,.STERADIAN.) SOLID_ANGLE_UNIT() );
#8137 = UNCERTAINTY_MEASURE_WITH_UNIT(LENGTH_MEASURE(1.E-07),#8134,
  'distance_accuracy_value','confusion accuracy');
#8138 = CONTEXT_DEPENDENT_SHAPE_REPRESENTATION(#8139,#8141);
#8139 = ( REPRESENTATION_RELATIONSHIP('','',#7948,#7716) 
REPRESENTATION_RELATIONSHIP_WITH_TRANSFORMATION(#8140) 
SHAPE_REPRESENTATION_RELATIONSHIP() );
#8140 = ITEM_DEFINED_TRANSFORMATION('','',#11,#7721);
#8141 = PRODUCT_DEFINITION_SHAPE('Placement','Placement of an item',
  #8142);
#8142 = NEXT_ASSEMBLY_USAGE_OCCURRENCE('113','','',#7711,#7943,$);
#8143 = PRODUCT_RELATED_PRODUCT_CATEGORY('part',$,(#7945));
#8144 = SHAPE_DEFINITION_REPRESENTATION(#8145,#8151);
#8145 = PRODUCT_DEFINITION_SHAPE('','',#8146);
#8146 = PRODUCT_DEFINITION('design','',#8147,#8150);
#8147 = PRODUCT_DEFINITION_FORMATION('','',#8148);
#8148 = PRODUCT('Open CASCADE STEP translator 7.9 14.13.3',
  'Open CASCADE STEP translator 7.9 14.13.3','',(#8149));
#8149 = PRODUCT_CONTEXT('',#2,'mechanical');
#8150 = PRODUCT_DEFINITION_CONTEXT('part definition',#2,'design');
#8151 = ADVANCED_BREP_SHAPE_REPRESENTATION('',(#11,#8152),#8334);
#8152 = MANIFOLD_SOLID_BREP('',#8153);
#8153 = CLOSED_SHELL('',(#8154,#8222,#8277,#8307));
#8154 = ADVANCED_FACE('',(#8155,#8191),#8168,.F.);
#8155 = FACE_BOUND('',#8156,.T.);
#8156 = EDGE_LOOP('',(#8157));
#8157 = ORIENTED_EDGE('',*,*,#8158,.T.);
#8158 = EDGE_CURVE('',#8159,#8159,#8161,.T.);
#8159 = VERTEX_POINT('',#8160);
#8160 = CARTESIAN_POINT('',(88.616775694169,34.19083524566,
    -42.87395130961));
#8161 = SURFACE_CURVE('',#8162,(#8167,#8179),.PCURVE_S1.);
#8162 = CIRCLE('',#8163,4.4);
#8163 = AXIS2_PLACEMENT_3D('',#8164,#8165,#8166);
#8164 = CARTESIAN_POINT('',(88.616775694169,31.447480117482,
    -39.43389278675));
#8165 = DIRECTION('',(1.,-0.,0.));
#8166 = DIRECTION('',(0.,0.623489801859,-0.781831482468));
#8167 = PCURVE('',#8168,#8173);
#8168 = PLANE('',#8169);
#8169 = AXIS2_PLACEMENT_3D('',#8170,#8171,#8172);
#8170 = CARTESIAN_POINT('',(88.616775694169,31.447480117482,
    -39.43389278675));
#8171 = DIRECTION('',(1.,0.,0.));
#8172 = DIRECTION('',(-0.,0.623489801859,-0.781831482468));
#8173 = DEFINITIONAL_REPRESENTATION('',(#8174),#8178);
#8174 = CIRCLE('',#8175,4.4);
#8175 = AXIS2_PLACEMENT_2D('',#8176,#8177);
#8176 = CARTESIAN_POINT('',(0.,0.));
#8177 = DIRECTION('',(1.,-0.));
#8178 = ( GEOMETRIC_REPRESENTATION_CONTEXT(2) 
PARAMETRIC_REPRESENTATION_CONTEXT() REPRESENTATION_CONTEXT('2D SPACE',''
  ) );
#8179 = PCURVE('',#8180,#8185);
#8180 = CYLINDRICAL_SURFACE('',#8181,4.4);
#8181 = AXIS2_PLACEMENT_3D('',#8182,#8183,#8184);
#8182 = CARTESIAN_POINT('',(103.14661005817,31.447480117482,
    -39.43389278675));
#8183 = DIRECTION('',(-1.,-0.,0.));
#8184 = DIRECTION('',(0.,0.623489801859,-0.781831482468));
#8185 = DEFINITIONAL_REPRESENTATION('',(#8186),#8190);
#8186 = LINE('',#8187,#8188);
#8187 = CARTESIAN_POINT('',(-0.,14.52983436401));
#8188 = VECTOR('',#8189,1.);
#8189 = DIRECTION('',(-1.,0.));
#8190 = ( GEOMETRIC_REPRESENTATION_CONTEXT(2) 
PARAMETRIC_REPRESENTATION_CONTEXT() REPRESENTATION_CONTEXT('2D SPACE',''
  ) );
#8191 = FACE_BOUND('',#8192,.T.);
#8192 = EDGE_LOOP('',(#8193));
#8193 = ORIENTED_EDGE('',*,*,#8194,.F.);
#8194 = EDGE_CURVE('',#8195,#8195,#8197,.T.);
#8195 = VERTEX_POINT('',#8196);
#8196 = CARTESIAN_POINT('',(88.616775694169,34.564929126776,
    -43.34305019909));
#8197 = SURFACE_CURVE('',#8198,(#8203,#8210),.PCURVE_S1.);
#8198 = CIRCLE('',#8199,5.);
#8199 = AXIS2_PLACEMENT_3D('',#8200,#8201,#8202);
#8200 = CARTESIAN_POINT('',(88.616775694169,31.447480117482,
    -39.43389278675));
#8201 = DIRECTION('',(1.,-0.,0.));
#8202 = DIRECTION('',(0.,0.623489801859,-0.781831482468));
#8203 = PCURVE('',#8168,#8204);
#8204 = DEFINITIONAL_REPRESENTATION('',(#8205),#8209);
#8205 = CIRCLE('',#8206,5.);
#8206 = AXIS2_PLACEMENT_2D('',#8207,#8208);
#8207 = CARTESIAN_POINT('',(0.,0.));
#8208 = DIRECTION('',(1.,-0.));
#8209 = ( GEOMETRIC_REPRESENTATION_CONTEXT(2) 
PARAMETRIC_REPRESENTATION_CONTEXT() REPRESENTATION_CONTEXT('2D SPACE',''
  ) );
#8210 = PCURVE('',#8211,#8216);
#8211 = CYLINDRICAL_SURFACE('',#8212,5.);
#8212 = AXIS2_PLACEMENT_3D('',#8213,#8214,#8215);
#8213 = CARTESIAN_POINT('',(88.616775694169,31.447480117482,
    -39.43389278675));
#8214 = DIRECTION('',(1.,0.,0.));
#8215 = DIRECTION('',(0.,0.623489801859,-0.781831482468));
#8216 = DEFINITIONAL_REPRESENTATION('',(#8217),#8221);
#8217 = LINE('',#8218,#8219);
#8218 = CARTESIAN_POINT('',(0.,0.));
#8219 = VECTOR('',#8220,1.);
#8220 = DIRECTION('',(1.,0.));
#8221 = ( GEOMETRIC_REPRESENTATION_CONTEXT(2) 
PARAMETRIC_REPRESENTATION_CONTEXT() REPRESENTATION_CONTEXT('2D SPACE',''
  ) );
#8222 = ADVANCED_FACE('',(#8223),#8211,.T.);
#8223 = FACE_BOUND('',#8224,.T.);
#8224 = EDGE_LOOP('',(#8225,#8226,#8249,#8276));
#8225 = ORIENTED_EDGE('',*,*,#8194,.T.);
#8226 = ORIENTED_EDGE('',*,*,#8227,.T.);
#8227 = EDGE_CURVE('',#8195,#8228,#8230,.T.);
#8228 = VERTEX_POINT('',#8229);
#8229 = CARTESIAN_POINT('',(103.14661005817,34.564929126776,
    -43.34305019909));
#8230 = SEAM_CURVE('',#8231,(#8235,#8242),.PCURVE_S1.);
#8231 = LINE('',#8232,#8233);
#8232 = CARTESIAN_POINT('',(88.616775694169,34.564929126776,
    -43.34305019909));
#8233 = VECTOR('',#8234,1.);
#8234 = DIRECTION('',(1.,0.,0.));
#8235 = PCURVE('',#8211,#8236);
#8236 = DEFINITIONAL_REPRESENTATION('',(#8237),#8241);
#8237 = LINE('',#8238,#8239);
#8238 = CARTESIAN_POINT('',(0.,0.));
#8239 = VECTOR('',#8240,1.);
#8240 = DIRECTION('',(0.,1.));
#8241 = ( GEOMETRIC_REPRESENTATION_CONTEXT(2) 
PARAMETRIC_REPRESENTATION_CONTEXT() REPRESENTATION_CONTEXT('2D SPACE',''
  ) );
#8242 = PCURVE('',#8211,#8243);
#8243 = DEFINITIONAL_REPRESENTATION('',(#8244),#8248);
#8244 = LINE('',#8245,#8246);
#8245 = CARTESIAN_POINT('',(6.28318530718,0.));
#8246 = VECTOR('',#8247,1.);
#8247 = DIRECTION('',(0.,1.));
#8248 = ( GEOMETRIC_REPRESENTATION_CONTEXT(2) 
PARAMETRIC_REPRESENTATION_CONTEXT() REPRESENTATION_CONTEXT('2D SPACE',''
  ) );
#8249 = ORIENTED_EDGE('',*,*,#8250,.F.);
#8250 = EDGE_CURVE('',#8228,#8228,#8251,.T.);
#8251 = SURFACE_CURVE('',#8252,(#8257,#8264),.PCURVE_S1.);
#8252 = CIRCLE('',#8253,5.);
#8253 = AXIS2_PLACEMENT_3D('',#8254,#8255,#8256);
#8254 = CARTESIAN_POINT('',(103.14661005817,31.447480117482,
    -39.43389278675));
#8255 = DIRECTION('',(1.,-0.,0.));
#8256 = DIRECTION('',(0.,0.623489801859,-0.781831482468));
#8257 = PCURVE('',#8211,#8258);
#8258 = DEFINITIONAL_REPRESENTATION('',(#8259),#8263);
#8259 = LINE('',#8260,#8261);
#8260 = CARTESIAN_POINT('',(0.,14.52983436401));
#8261 = VECTOR('',#8262,1.);
#8262 = DIRECTION('',(1.,0.));
#8263 = ( GEOMETRIC_REPRESENTATION_CONTEXT(2) 
PARAMETRIC_REPRESENTATION_CONTEXT() REPRESENTATION_CONTEXT('2D SPACE',''
  ) );
#8264 = PCURVE('',#8265,#8270);
#8265 = PLANE('',#8266);
#8266 = AXIS2_PLACEMENT_3D('',#8267,#8268,#8269);
#8267 = CARTESIAN_POINT('',(103.14661005817,31.447480117482,
    -39.43389278675));
#8268 = DIRECTION('',(1.,0.,0.));
#8269 = DIRECTION('',(0.,0.623489801859,-0.781831482468));
#8270 = DEFINITIONAL_REPRESENTATION('',(#8271),#8275);
#8271 = CIRCLE('',#8272,5.);
#8272 = AXIS2_PLACEMENT_2D('',#8273,#8274);
#8273 = CARTESIAN_POINT('',(0.,0.));
#8274 = DIRECTION('',(1.,0.));
#8275 = ( GEOMETRIC_REPRESENTATION_CONTEXT(2) 
PARAMETRIC_REPRESENTATION_CONTEXT() REPRESENTATION_CONTEXT('2D SPACE',''
  ) );
#8276 = ORIENTED_EDGE('',*,*,#8227,.F.);
#8277 = ADVANCED_FACE('',(#8278,#8281),#8265,.T.);
#8278 = FACE_BOUND('',#8279,.T.);
#8279 = EDGE_LOOP('',(#8280));
#8280 = ORIENTED_EDGE('',*,*,#8250,.T.);
#8281 = FACE_BOUND('',#8282,.T.);
#8282 = EDGE_LOOP('',(#8283));
#8283 = ORIENTED_EDGE('',*,*,#8284,.F.);
#8284 = EDGE_CURVE('',#8285,#8285,#8287,.T.);
#8285 = VERTEX_POINT('',#8286);
#8286 = CARTESIAN_POINT('',(103.14661005817,34.19083524566,
    -42.87395130961));
#8287 = SURFACE_CURVE('',#8288,(#8293,#8300),.PCURVE_S1.);
#8288 = CIRCLE('',#8289,4.4);
#8289 = AXIS2_PLACEMENT_3D('',#8290,#8291,#8292);
#8290 = CARTESIAN_POINT('',(103.14661005817,31.447480117482,
    -39.43389278675));
#8291 = DIRECTION('',(1.,-0.,0.));
#8292 = DIRECTION('',(0.,0.623489801859,-0.781831482468));
#8293 = PCURVE('',#8265,#8294);
#8294 = DEFINITIONAL_REPRESENTATION('',(#8295),#8299);
#8295 = CIRCLE('',#8296,4.4);
#8296 = AXIS2_PLACEMENT_2D('',#8297,#8298);
#8297 = CARTESIAN_POINT('',(0.,0.));
#8298 = DIRECTION('',(1.,0.));
#8299 = ( GEOMETRIC_REPRESENTATION_CONTEXT(2) 
PARAMETRIC_REPRESENTATION_CONTEXT() REPRESENTATION_CONTEXT('2D SPACE',''
  ) );
#8300 = PCURVE('',#8180,#8301);
#8301 = DEFINITIONAL_REPRESENTATION('',(#8302),#8306);
#8302 = LINE('',#8303,#8304);
#8303 = CARTESIAN_POINT('',(-0.,0.));
#8304 = VECTOR('',#8305,1.);
#8305 = DIRECTION('',(-1.,0.));
#8306 = ( GEOMETRIC_REPRESENTATION_CONTEXT(2) 
PARAMETRIC_REPRESENTATION_CONTEXT() REPRESENTATION_CONTEXT('2D SPACE',''
  ) );
#8307 = ADVANCED_FACE('',(#8308),#8180,.F.);
#8308 = FACE_BOUND('',#8309,.T.);
#8309 = EDGE_LOOP('',(#8310,#8311,#8332,#8333));
#8310 = ORIENTED_EDGE('',*,*,#8284,.T.);
#8311 = ORIENTED_EDGE('',*,*,#8312,.T.);
#8312 = EDGE_CURVE('',#8285,#8159,#8313,.T.);
#8313 = SEAM_CURVE('',#8314,(#8318,#8325),.PCURVE_S1.);
#8314 = LINE('',#8315,#8316);
#8315 = CARTESIAN_POINT('',(103.14661005817,34.19083524566,
    -42.87395130961));
#8316 = VECTOR('',#8317,1.);
#8317 = DIRECTION('',(-1.,0.,0.));
#8318 = PCURVE('',#8180,#8319);
#8319 = DEFINITIONAL_REPRESENTATION('',(#8320),#8324);
#8320 = LINE('',#8321,#8322);
#8321 = CARTESIAN_POINT('',(-0.,0.));
#8322 = VECTOR('',#8323,1.);
#8323 = DIRECTION('',(-0.,1.));
#8324 = ( GEOMETRIC_REPRESENTATION_CONTEXT(2) 
PARAMETRIC_REPRESENTATION_CONTEXT() REPRESENTATION_CONTEXT('2D SPACE',''
  ) );
#8325 = PCURVE('',#8180,#8326);
#8326 = DEFINITIONAL_REPRESENTATION('',(#8327),#8331);
#8327 = LINE('',#8328,#8329);
#8328 = CARTESIAN_POINT('',(-6.28318530718,0.));
#8329 = VECTOR('',#8330,1.);
#8330 = DIRECTION('',(-0.,1.));
#8331 = ( GEOMETRIC_REPRESENTATION_CONTEXT(2) 
PARAMETRIC_REPRESENTATION_CONTEXT() REPRESENTATION_CONTEXT('2D SPACE',''
  ) );
#8332 = ORIENTED_EDGE('',*,*,#8158,.F.);
#8333 = ORIENTED_EDGE('',*,*,#8312,.F.);
#8334 = ( GEOMETRIC_REPRESENTATION_CONTEXT(3) 
GLOBAL_UNCERTAINTY_ASSIGNED_CONTEXT((#8338)) 
GLOBAL_UNIT_ASSIGNED_CONTEXT((#8335,#8336,#8337)) REPRESENTATION_CONTEXT
('Context #1','3D Context with UNIT and UNCERTAINTY') );
#8335 = ( LENGTH_UNIT() NAMED_UNIT(*) SI_UNIT(.MILLI.,.METRE.) );
#8336 = ( NAMED_UNIT(*) PLANE_ANGLE_UNIT() SI_UNIT($,.RADIAN.) );
#8337 = ( NAMED_UNIT(*) SI_UNIT($,.STERADIAN.) SOLID_ANGLE_UNIT() );
#8338 = UNCERTAINTY_MEASURE_WITH_UNIT(LENGTH_MEASURE(1.E-07),#8335,
  'distance_accuracy_value','confusion accuracy');
#8339 = CONTEXT_DEPENDENT_SHAPE_REPRESENTATION(#8340,#8342);
#8340 = ( REPRESENTATION_RELATIONSHIP('','',#8151,#7716) 
REPRESENTATION_RELATIONSHIP_WITH_TRANSFORMATION(#8341) 
SHAPE_REPRESENTATION_RELATIONSHIP() );
#8341 = ITEM_DEFINED_TRANSFORMATION('','',#11,#7725);
#8342 = PRODUCT_DEFINITION_SHAPE('Placement','Placement of an item',
  #8343);
#8343 = NEXT_ASSEMBLY_USAGE_OCCURRENCE('114','','',#7711,#8146,$);
#8344 = PRODUCT_RELATED_PRODUCT_CATEGORY('part',$,(#8148));
#8345 = SHAPE_DEFINITION_REPRESENTATION(#8346,#8352);
#8346 = PRODUCT_DEFINITION_SHAPE('','',#8347);
#8347 = PRODUCT_DEFINITION('design','',#8348,#8351);
#8348 = PRODUCT_DEFINITION_FORMATION('','',#8349);
#8349 = PRODUCT('Open CASCADE STEP translator 7.9 14.14',
  'Open CASCADE STEP translator 7.9 14.14','',(#8350));
#8350 = PRODUCT_CONTEXT('',#2,'mechanical');
#8351 = PRODUCT_DEFINITION_CONTEXT('part definition',#2,'design');
#8352 = SHAPE_REPRESENTATION('',(#11,#8353,#8357,#8361),#8365);
#8353 = AXIS2_PLACEMENT_3D('',#8354,#8355,#8356);
#8354 = CARTESIAN_POINT('',(0.,0.,0.));
#8355 = DIRECTION('',(0.,0.,1.));
#8356 = DIRECTION('',(1.,0.,-0.));
#8357 = AXIS2_PLACEMENT_3D('',#8358,#8359,#8360);
#8358 = CARTESIAN_POINT('',(0.,0.,0.));
#8359 = DIRECTION('',(0.,0.,1.));
#8360 = DIRECTION('',(1.,0.,-0.));
#8361 = AXIS2_PLACEMENT_3D('',#8362,#8363,#8364);
#8362 = CARTESIAN_POINT('',(0.,0.,0.));
#8363 = DIRECTION('',(0.,0.,1.));
#8364 = DIRECTION('',(1.,0.,-0.));
#8365 = ( GEOMETRIC_REPRESENTATION_CONTEXT(3) 
GLOBAL_UNCERTAINTY_ASSIGNED_CONTEXT((#8369)) 
GLOBAL_UNIT_ASSIGNED_CONTEXT((#8366,#8367,#8368)) REPRESENTATION_CONTEXT
('Context #1','3D Context with UNIT and UNCERTAINTY') );
#8366 = ( LENGTH_UNIT() NAMED_UNIT(*) SI_UNIT(.MILLI.,.METRE.) );
#8367 = ( NAMED_UNIT(*) PLANE_ANGLE_UNIT() SI_UNIT($,.RADIAN.) );
#8368 = ( NAMED_UNIT(*) SI_UNIT($,.STERADIAN.) SOLID_ANGLE_UNIT() );
#8369 = UNCERTAINTY_MEASURE_WITH_UNIT(LENGTH_MEASURE(1.E-07),#8366,
  'distance_accuracy_value','confusion accuracy');
#8370 = CONTEXT_DEPENDENT_SHAPE_REPRESENTATION(#8371,#8373);
#8371 = ( REPRESENTATION_RELATIONSHIP('','',#8352,#10) 
REPRESENTATION_RELATIONSHIP_WITH_TRANSFORMATION(#8372) 
SHAPE_REPRESENTATION_RELATIONSHIP() );
#8372 = ITEM_DEFINED_TRANSFORMATION('','',#11,#67);
#8373 = PRODUCT_DEFINITION_SHAPE('Placement','Placement of an item',
  #8374);
#8374 = NEXT_ASSEMBLY_USAGE_OCCURRENCE('119','','',#5,#8347,$);
#8375 = PRODUCT_RELATED_PRODUCT_CATEGORY('part',$,(#8349));
#8376 = SHAPE_DEFINITION_REPRESENTATION(#8377,#8383);
#8377 = PRODUCT_DEFINITION_SHAPE('','',#8378);
#8378 = PRODUCT_DEFINITION('design','',#8379,#8382);
#8379 = PRODUCT_DEFINITION_FORMATION('','',#8380);
#8380 = PRODUCT('Open CASCADE STEP translator 7.9 14.14.1',
  'Open CASCADE STEP translator 7.9 14.14.1','',(#8381));
#8381 = PRODUCT_CONTEXT('',#2,'mechanical');
#8382 = PRODUCT_DEFINITION_CONTEXT('part definition',#2,'design');
#8383 = ADVANCED_BREP_SHAPE_REPRESENTATION('',(#11,#8384),#8566);
#8384 = MANIFOLD_SOLID_BREP('',#8385);
#8385 = CLOSED_SHELL('',(#8386,#8454,#8509,#8539));
#8386 = ADVANCED_FACE('',(#8387,#8423),#8400,.F.);
#8387 = FACE_BOUND('',#8388,.T.);
#8388 = EDGE_LOOP('',(#8389));
#8389 = ORIENTED_EDGE('',*,*,#8390,.T.);
#8390 = EDGE_CURVE('',#8391,#8391,#8393,.T.);
#8391 = VERTEX_POINT('',#8392);
#8392 = CARTESIAN_POINT('',(53.63279758958,62.921721447418,
    -30.30150402075));
#8393 = SURFACE_CURVE('',#8394,(#8399,#8411),.PCURVE_S1.);
#8394 = CIRCLE('',#8395,4.4);
#8395 = AXIS2_PLACEMENT_3D('',#8396,#8397,#8398);
#8396 = CARTESIAN_POINT('',(53.63279758958,58.957458428648,
    -28.39241556863));
#8397 = DIRECTION('',(1.,-0.,0.));
#8398 = DIRECTION('',(0.,0.900968867902,-0.433883739118));
#8399 = PCURVE('',#8400,#8405);
#8400 = PLANE('',#8401);
#8401 = AXIS2_PLACEMENT_3D('',#8402,#8403,#8404);
#8402 = CARTESIAN_POINT('',(53.63279758958,58.957458428648,
    -28.39241556863));
#8403 = DIRECTION('',(1.,0.,0.));
#8404 = DIRECTION('',(-0.,0.900968867902,-0.433883739118));
#8405 = DEFINITIONAL_REPRESENTATION('',(#8406),#8410);
#8406 = CIRCLE('',#8407,4.4);
#8407 = AXIS2_PLACEMENT_2D('',#8408,#8409);
#8408 = CARTESIAN_POINT('',(0.,0.));
#8409 = DIRECTION('',(1.,-0.));
#8410 = ( GEOMETRIC_REPRESENTATION_CONTEXT(2) 
PARAMETRIC_REPRESENTATION_CONTEXT() REPRESENTATION_CONTEXT('2D SPACE',''
  ) );
#8411 = PCURVE('',#8412,#8417);
#8412 = CYLINDRICAL_SURFACE('',#8413,4.4);
#8413 = AXIS2_PLACEMENT_3D('',#8414,#8415,#8416);
#8414 = CARTESIAN_POINT('',(103.14661005817,58.957458428648,
    -28.39241556863));
#8415 = DIRECTION('',(-1.,-0.,0.));
#8416 = DIRECTION('',(0.,0.900968867902,-0.433883739118));
#8417 = DEFINITIONAL_REPRESENTATION('',(#8418),#8422);
#8418 = LINE('',#8419,#8420);
#8419 = CARTESIAN_POINT('',(-0.,49.513812468599));
#8420 = VECTOR('',#8421,1.);
#8421 = DIRECTION('',(-1.,0.));
#8422 = ( GEOMETRIC_REPRESENTATION_CONTEXT(2) 
PARAMETRIC_REPRESENTATION_CONTEXT() REPRESENTATION_CONTEXT('2D SPACE',''
  ) );
#8423 = FACE_BOUND('',#8424,.T.);
#8424 = EDGE_LOOP('',(#8425));
#8425 = ORIENTED_EDGE('',*,*,#8426,.F.);
#8426 = EDGE_CURVE('',#8427,#8427,#8429,.T.);
#8427 = VERTEX_POINT('',#8428);
#8428 = CARTESIAN_POINT('',(53.63279758958,63.46230276816,
    -30.56183426422));
#8429 = SURFACE_CURVE('',#8430,(#8435,#8442),.PCURVE_S1.);
#8430 = CIRCLE('',#8431,5.);
#8431 = AXIS2_PLACEMENT_3D('',#8432,#8433,#8434);
#8432 = CARTESIAN_POINT('',(53.63279758958,58.957458428648,
    -28.39241556863));
#8433 = DIRECTION('',(1.,-0.,0.));
#8434 = DIRECTION('',(0.,0.900968867902,-0.433883739118));
#8435 = PCURVE('',#8400,#8436);
#8436 = DEFINITIONAL_REPRESENTATION('',(#8437),#8441);
#8437 = CIRCLE('',#8438,5.);
#8438 = AXIS2_PLACEMENT_2D('',#8439,#8440);
#8439 = CARTESIAN_POINT('',(0.,0.));
#8440 = DIRECTION('',(1.,-0.));
#8441 = ( GEOMETRIC_REPRESENTATION_CONTEXT(2) 
PARAMETRIC_REPRESENTATION_CONTEXT() REPRESENTATION_CONTEXT('2D SPACE',''
  ) );
#8442 = PCURVE('',#8443,#8448);
#8443 = CYLINDRICAL_SURFACE('',#8444,5.);
#8444 = AXIS2_PLACEMENT_3D('',#8445,#8446,#8447);
#8445 = CARTESIAN_POINT('',(53.63279758958,58.957458428648,
    -28.39241556863));
#8446 = DIRECTION('',(1.,0.,0.));
#8447 = DIRECTION('',(0.,0.900968867902,-0.433883739118));
#8448 = DEFINITIONAL_REPRESENTATION('',(#8449),#8453);
#8449 = LINE('',#8450,#8451);
#8450 = CARTESIAN_POINT('',(0.,0.));
#8451 = VECTOR('',#8452,1.);
#8452 = DIRECTION('',(1.,0.));
#8453 = ( GEOMETRIC_REPRESENTATION_CONTEXT(2) 
PARAMETRIC_REPRESENTATION_CONTEXT() REPRESENTATION_CONTEXT('2D SPACE',''
  ) );
#8454 = ADVANCED_FACE('',(#8455),#8443,.T.);
#8455 = FACE_BOUND('',#8456,.T.);
#8456 = EDGE_LOOP('',(#8457,#8458,#8481,#8508));
#8457 = ORIENTED_EDGE('',*,*,#8426,.T.);
#8458 = ORIENTED_EDGE('',*,*,#8459,.T.);
#8459 = EDGE_CURVE('',#8427,#8460,#8462,.T.);
#8460 = VERTEX_POINT('',#8461);
#8461 = CARTESIAN_POINT('',(103.14661005817,63.46230276816,
    -30.56183426422));
#8462 = SEAM_CURVE('',#8463,(#8467,#8474),.PCURVE_S1.);
#8463 = LINE('',#8464,#8465);
#8464 = CARTESIAN_POINT('',(53.63279758958,63.46230276816,
    -30.56183426422));
#8465 = VECTOR('',#8466,1.);
#8466 = DIRECTION('',(1.,0.,0.));
#8467 = PCURVE('',#8443,#8468);
#8468 = DEFINITIONAL_REPRESENTATION('',(#8469),#8473);
#8469 = LINE('',#8470,#8471);
#8470 = CARTESIAN_POINT('',(0.,0.));
#8471 = VECTOR('',#8472,1.);
#8472 = DIRECTION('',(0.,1.));
#8473 = ( GEOMETRIC_REPRESENTATION_CONTEXT(2) 
PARAMETRIC_REPRESENTATION_CONTEXT() REPRESENTATION_CONTEXT('2D SPACE',''
  ) );
#8474 = PCURVE('',#8443,#8475);
#8475 = DEFINITIONAL_REPRESENTATION('',(#8476),#8480);
#8476 = LINE('',#8477,#8478);
#8477 = CARTESIAN_POINT('',(6.28318530718,0.));
#8478 = VECTOR('',#8479,1.);
#8479 = DIRECTION('',(0.,1.));
#8480 = ( GEOMETRIC_REPRESENTATION_CONTEXT(2) 
PARAMETRIC_REPRESENTATION_CONTEXT() REPRESENTATION_CONTEXT('2D SPACE',''
  ) );
#8481 = ORIENTED_EDGE('',*,*,#8482,.F.);
#8482 = EDGE_CURVE('',#8460,#8460,#8483,.T.);
#8483 = SURFACE_CURVE('',#8484,(#8489,#8496),.PCURVE_S1.);
#8484 = CIRCLE('',#8485,5.);
#8485 = AXIS2_PLACEMENT_3D('',#8486,#8487,#8488);
#8486 = CARTESIAN_POINT('',(103.14661005817,58.957458428648,
    -28.39241556863));
#8487 = DIRECTION('',(1.,-0.,0.));
#8488 = DIRECTION('',(0.,0.900968867902,-0.433883739118));
#8489 = PCURVE('',#8443,#8490);
#8490 = DEFINITIONAL_REPRESENTATION('',(#8491),#8495);
#8491 = LINE('',#8492,#8493);
#8492 = CARTESIAN_POINT('',(0.,49.513812468599));
#8493 = VECTOR('',#8494,1.);
#8494 = DIRECTION('',(1.,0.));
#8495 = ( GEOMETRIC_REPRESENTATION_CONTEXT(2) 
PARAMETRIC_REPRESENTATION_CONTEXT() REPRESENTATION_CONTEXT('2D SPACE',''
  ) );
#8496 = PCURVE('',#8497,#8502);
#8497 = PLANE('',#8498);
#8498 = AXIS2_PLACEMENT_3D('',#8499,#8500,#8501);
#8499 = CARTESIAN_POINT('',(103.14661005817,58.957458428648,
    -28.39241556863));
#8500 = DIRECTION('',(1.,0.,0.));
#8501 = DIRECTION('',(0.,0.900968867902,-0.433883739118));
#8502 = DEFINITIONAL_REPRESENTATION('',(#8503),#8507);
#8503 = CIRCLE('',#8504,5.);
#8504 = AXIS2_PLACEMENT_2D('',#8505,#8506);
#8505 = CARTESIAN_POINT('',(0.,0.));
#8506 = DIRECTION('',(1.,0.));
#8507 = ( GEOMETRIC_REPRESENTATION_CONTEXT(2) 
PARAMETRIC_REPRESENTATION_CONTEXT() REPRESENTATION_CONTEXT('2D SPACE',''
  ) );
#8508 = ORIENTED_EDGE('',*,*,#8459,.F.);
#8509 = ADVANCED_FACE('',(#8510,#8513),#8497,.T.);
#8510 = FACE_BOUND('',#8511,.T.);
#8511 = EDGE_LOOP('',(#8512));
#8512 = ORIENTED_EDGE('',*,*,#8482,.T.);
#8513 = FACE_BOUND('',#8514,.T.);
#8514 = EDGE_LOOP('',(#8515));
#8515 = ORIENTED_EDGE('',*,*,#8516,.F.);
#8516 = EDGE_CURVE('',#8517,#8517,#8519,.T.);
#8517 = VERTEX_POINT('',#8518);
#8518 = CARTESIAN_POINT('',(103.14661005817,62.921721447418,
    -30.30150402075));
#8519 = SURFACE_CURVE('',#8520,(#8525,#8532),.PCURVE_S1.);
#8520 = CIRCLE('',#8521,4.4);
#8521 = AXIS2_PLACEMENT_3D('',#8522,#8523,#8524);
#8522 = CARTESIAN_POINT('',(103.14661005817,58.957458428648,
    -28.39241556863));
#8523 = DIRECTION('',(1.,-0.,0.));
#8524 = DIRECTION('',(0.,0.900968867902,-0.433883739118));
#8525 = PCURVE('',#8497,#8526);
#8526 = DEFINITIONAL_REPRESENTATION('',(#8527),#8531);
#8527 = CIRCLE('',#8528,4.4);
#8528 = AXIS2_PLACEMENT_2D('',#8529,#8530);
#8529 = CARTESIAN_POINT('',(0.,0.));
#8530 = DIRECTION('',(1.,0.));
#8531 = ( GEOMETRIC_REPRESENTATION_CONTEXT(2) 
PARAMETRIC_REPRESENTATION_CONTEXT() REPRESENTATION_CONTEXT('2D SPACE',''
  ) );
#8532 = PCURVE('',#8412,#8533);
#8533 = DEFINITIONAL_REPRESENTATION('',(#8534),#8538);
#8534 = LINE('',#8535,#8536);
#8535 = CARTESIAN_POINT('',(-0.,0.));
#8536 = VECTOR('',#8537,1.);
#8537 = DIRECTION('',(-1.,0.));
#8538 = ( GEOMETRIC_REPRESENTATION_CONTEXT(2) 
PARAMETRIC_REPRESENTATION_CONTEXT() REPRESENTATION_CONTEXT('2D SPACE',''
  ) );
#8539 = ADVANCED_FACE('',(#8540),#8412,.F.);
#8540 = FACE_BOUND('',#8541,.T.);
#8541 = EDGE_LOOP('',(#8542,#8543,#8564,#8565));
#8542 = ORIENTED_EDGE('',*,*,#8516,.T.);
#8543 = ORIENTED_EDGE('',*,*,#8544,.T.);
#8544 = EDGE_CURVE('',#8517,#8391,#8545,.T.);
#8545 = SEAM_CURVE('',#8546,(#8550,#8557),.PCURVE_S1.);
#8546 = LINE('',#8547,#8548);
#8547 = CARTESIAN_POINT('',(103.14661005817,62.921721447418,
    -30.30150402075));
#8548 = VECTOR('',#8549,1.);
#8549 = DIRECTION('',(-1.,0.,0.));
#8550 = PCURVE('',#8412,#8551);
#8551 = DEFINITIONAL_REPRESENTATION('',(#8552),#8556);
#8552 = LINE('',#8553,#8554);
#8553 = CARTESIAN_POINT('',(-0.,0.));
#8554 = VECTOR('',#8555,1.);
#8555 = DIRECTION('',(-0.,1.));
#8556 = ( GEOMETRIC_REPRESENTATION_CONTEXT(2) 
PARAMETRIC_REPRESENTATION_CONTEXT() REPRESENTATION_CONTEXT('2D SPACE',''
  ) );
#8557 = PCURVE('',#8412,#8558);
#8558 = DEFINITIONAL_REPRESENTATION('',(#8559),#8563);
#8559 = LINE('',#8560,#8561);
#8560 = CARTESIAN_POINT('',(-6.28318530718,0.));
#8561 = VECTOR('',#8562,1.);
#8562 = DIRECTION('',(-0.,1.));
#8563 = ( GEOMETRIC_REPRESENTATION_CONTEXT(2) 
PARAMETRIC_REPRESENTATION_CONTEXT() REPRESENTATION_CONTEXT('2D SPACE',''
  ) );
#8564 = ORIENTED_EDGE('',*,*,#8390,.F.);
#8565 = ORIENTED_EDGE('',*,*,#8544,.F.);
#8566 = ( GEOMETRIC_REPRESENTATION_CONTEXT(3) 
GLOBAL_UNCERTAINTY_ASSIGNED_CONTEXT((#8570)) 
GLOBAL_UNIT_ASSIGNED_CONTEXT((#8567,#8568,#8569)) REPRESENTATION_CONTEXT
('Context #1','3D Context with UNIT and UNCERTAINTY') );
#8567 = ( LENGTH_UNIT() NAMED_UNIT(*) SI_UNIT(.MILLI.,.METRE.) );
#8568 = ( NAMED_UNIT(*) PLANE_ANGLE_UNIT() SI_UNIT($,.RADIAN.) );
#8569 = ( NAMED_UNIT(*) SI_UNIT($,.STERADIAN.) SOLID_ANGLE_UNIT() );
#8570 = UNCERTAINTY_MEASURE_WITH_UNIT(LENGTH_MEASURE(1.E-07),#8567,
  'distance_accuracy_value','confusion accuracy');
#8571 = CONTEXT_DEPENDENT_SHAPE_REPRESENTATION(#8572,#8574);
#8572 = ( REPRESENTATION_RELATIONSHIP('','',#8383,#8352) 
REPRESENTATION_RELATIONSHIP_WITH_TRANSFORMATION(#8573) 
SHAPE_REPRESENTATION_RELATIONSHIP() );
#8573 = ITEM_DEFINED_TRANSFORMATION('','',#11,#8353);
#8574 = PRODUCT_DEFINITION_SHAPE('Placement','Placement of an item',
  #8575);
#8575 = NEXT_ASSEMBLY_USAGE_OCCURRENCE('116','','',#8347,#8378,$);
#8576 = PRODUCT_RELATED_PRODUCT_CATEGORY('part',$,(#8380));
#8577 = SHAPE_DEFINITION_REPRESENTATION(#8578,#8584);
#8578 = PRODUCT_DEFINITION_SHAPE('','',#8579);
#8579 = PRODUCT_DEFINITION('design','',#8580,#8583);
#8580 = PRODUCT_DEFINITION_FORMATION('','',#8581);
#8581 = PRODUCT('Open CASCADE STEP translator 7.9 14.14.2',
  'Open CASCADE STEP translator 7.9 14.14.2','',(#8582));
#8582 = PRODUCT_CONTEXT('',#2,'mechanical');
#8583 = PRODUCT_DEFINITION_CONTEXT('part definition',#2,'design');
#8584 = ADVANCED_BREP_SHAPE_REPRESENTATION('',(#11,#8585),#8769);
#8585 = MANIFOLD_SOLID_BREP('',#8586);
#8586 = CLOSED_SHELL('',(#8587,#8676,#8711,#8741));
#8587 = ADVANCED_FACE('',(#8588),#8601,.T.);
#8588 = FACE_BOUND('',#8589,.T.);
#8589 = EDGE_LOOP('',(#8590,#8624,#8648,#8675));
#8590 = ORIENTED_EDGE('',*,*,#8591,.F.);
#8591 = EDGE_CURVE('',#8592,#8592,#8594,.T.);
#8592 = VERTEX_POINT('',#8593);
#8593 = CARTESIAN_POINT('',(105.64661005817,52.20019191938,
    -25.13828752525));
#8594 = SURFACE_CURVE('',#8595,(#8600,#8612),.PCURVE_S1.);
#8595 = CIRCLE('',#8596,2.5);
#8596 = AXIS2_PLACEMENT_3D('',#8597,#8598,#8599);
#8597 = CARTESIAN_POINT('',(103.14661005817,52.20019191938,
    -25.13828752525));
#8598 = DIRECTION('',(-0.,0.433883739118,0.900968867902));
#8599 = DIRECTION('',(1.,0.,0.));
#8600 = PCURVE('',#8601,#8606);
#8601 = TOROIDAL_SURFACE('',#8602,7.5,5.);
#8602 = AXIS2_PLACEMENT_3D('',#8603,#8604,#8605);
#8603 = CARTESIAN_POINT('',(103.14661005817,52.20019191938,
    -25.13828752525));
#8604 = DIRECTION('',(0.,0.433883739118,0.900968867902));
#8605 = DIRECTION('',(1.,0.,0.));
#8606 = DEFINITIONAL_REPRESENTATION('',(#8607),#8611);
#8607 = LINE('',#8608,#8609);
#8608 = CARTESIAN_POINT('',(0.,3.14159265359));
#8609 = VECTOR('',#8610,1.);
#8610 = DIRECTION('',(1.,0.));
#8611 = ( GEOMETRIC_REPRESENTATION_CONTEXT(2) 
PARAMETRIC_REPRESENTATION_CONTEXT() REPRESENTATION_CONTEXT('2D SPACE',''
  ) );
#8612 = PCURVE('',#8613,#8618);
#8613 = PLANE('',#8614);
#8614 = AXIS2_PLACEMENT_3D('',#8615,#8616,#8617);
#8615 = CARTESIAN_POINT('',(103.14661005817,52.20019191938,
    -25.13828752525));
#8616 = DIRECTION('',(0.,0.433883739118,0.900968867902));
#8617 = DIRECTION('',(1.,0.,0.));
#8618 = DEFINITIONAL_REPRESENTATION('',(#8619),#8623);
#8619 = CIRCLE('',#8620,2.5);
#8620 = AXIS2_PLACEMENT_2D('',#8621,#8622);
#8621 = CARTESIAN_POINT('',(0.,0.));
#8622 = DIRECTION('',(1.,0.));
#8623 = ( GEOMETRIC_REPRESENTATION_CONTEXT(2) 
PARAMETRIC_REPRESENTATION_CONTEXT() REPRESENTATION_CONTEXT('2D SPACE',''
  ) );
#8624 = ORIENTED_EDGE('',*,*,#8625,.F.);
#8625 = EDGE_CURVE('',#8626,#8592,#8628,.T.);
#8626 = VERTEX_POINT('',#8627);
#8627 = CARTESIAN_POINT('',(115.64661005817,52.20019191938,
    -25.13828752525));
#8628 = SEAM_CURVE('',#8629,(#8634,#8641),.PCURVE_S1.);
#8629 = CIRCLE('',#8630,5.);
#8630 = AXIS2_PLACEMENT_3D('',#8631,#8632,#8633);
#8631 = CARTESIAN_POINT('',(110.64661005817,52.20019191938,
    -25.13828752525));
#8632 = DIRECTION('',(-2.449293598295E-16,-0.900968867902,0.433883739118
    ));
#8633 = DIRECTION('',(1.,-2.206737280416E-16,1.062708664625E-16));
#8634 = PCURVE('',#8601,#8635);
#8635 = DEFINITIONAL_REPRESENTATION('',(#8636),#8640);
#8636 = LINE('',#8637,#8638);
#8637 = CARTESIAN_POINT('',(6.28318530718,-0.));
#8638 = VECTOR('',#8639,1.);
#8639 = DIRECTION('',(0.,1.));
#8640 = ( GEOMETRIC_REPRESENTATION_CONTEXT(2) 
PARAMETRIC_REPRESENTATION_CONTEXT() REPRESENTATION_CONTEXT('2D SPACE',''
  ) );
#8641 = PCURVE('',#8601,#8642);
#8642 = DEFINITIONAL_REPRESENTATION('',(#8643),#8647);
#8643 = LINE('',#8644,#8645);
#8644 = CARTESIAN_POINT('',(0.,-0.));
#8645 = VECTOR('',#8646,1.);
#8646 = DIRECTION('',(0.,1.));
#8647 = ( GEOMETRIC_REPRESENTATION_CONTEXT(2) 
PARAMETRIC_REPRESENTATION_CONTEXT() REPRESENTATION_CONTEXT('2D SPACE',''
  ) );
#8648 = ORIENTED_EDGE('',*,*,#8649,.T.);
#8649 = EDGE_CURVE('',#8626,#8626,#8650,.T.);
#8650 = SURFACE_CURVE('',#8651,(#8656,#8663),.PCURVE_S1.);
#8651 = CIRCLE('',#8652,12.5);
#8652 = AXIS2_PLACEMENT_3D('',#8653,#8654,#8655);
#8653 = CARTESIAN_POINT('',(103.14661005817,52.20019191938,
    -25.13828752525));
#8654 = DIRECTION('',(-0.,0.433883739118,0.900968867902));
#8655 = DIRECTION('',(1.,0.,0.));
#8656 = PCURVE('',#8601,#8657);
#8657 = DEFINITIONAL_REPRESENTATION('',(#8658),#8662);
#8658 = LINE('',#8659,#8660);
#8659 = CARTESIAN_POINT('',(0.,0.));
#8660 = VECTOR('',#8661,1.);
#8661 = DIRECTION('',(1.,0.));
#8662 = ( GEOMETRIC_REPRESENTATION_CONTEXT(2) 
PARAMETRIC_REPRESENTATION_CONTEXT() REPRESENTATION_CONTEXT('2D SPACE',''
  ) );
#8663 = PCURVE('',#8664,#8669);
#8664 = PLANE('',#8665);
#8665 = AXIS2_PLACEMENT_3D('',#8666,#8667,#8668);
#8666 = CARTESIAN_POINT('',(103.14661005817,52.20019191938,
    -25.13828752525));
#8667 = DIRECTION('',(0.,0.433883739118,0.900968867902));
#8668 = DIRECTION('',(1.,0.,0.));
#8669 = DEFINITIONAL_REPRESENTATION('',(#8670),#8674);
#8670 = CIRCLE('',#8671,12.5);
#8671 = AXIS2_PLACEMENT_2D('',#8672,#8673);
#8672 = CARTESIAN_POINT('',(0.,0.));
#8673 = DIRECTION('',(1.,0.));
#8674 = ( GEOMETRIC_REPRESENTATION_CONTEXT(2) 
PARAMETRIC_REPRESENTATION_CONTEXT() REPRESENTATION_CONTEXT('2D SPACE',''
  ) );
#8675 = ORIENTED_EDGE('',*,*,#8625,.T.);
#8676 = ADVANCED_FACE('',(#8677,#8708),#8613,.F.);
#8677 = FACE_BOUND('',#8678,.F.);
#8678 = EDGE_LOOP('',(#8679));
#8679 = ORIENTED_EDGE('',*,*,#8680,.T.);
#8680 = EDGE_CURVE('',#8681,#8681,#8683,.T.);
#8681 = VERTEX_POINT('',#8682);
#8682 = CARTESIAN_POINT('',(106.24661005817,52.20019191938,
    -25.13828752525));
#8683 = SURFACE_CURVE('',#8684,(#8689,#8696),.PCURVE_S1.);
#8684 = CIRCLE('',#8685,3.1);
#8685 = AXIS2_PLACEMENT_3D('',#8686,#8687,#8688);
#8686 = CARTESIAN_POINT('',(103.14661005817,52.20019191938,
    -25.13828752525));
#8687 = DIRECTION('',(-0.,0.433883739118,0.900968867902));
#8688 = DIRECTION('',(1.,0.,0.));
#8689 = PCURVE('',#8613,#8690);
#8690 = DEFINITIONAL_REPRESENTATION('',(#8691),#8695);
#8691 = CIRCLE('',#8692,3.1);
#8692 = AXIS2_PLACEMENT_2D('',#8693,#8694);
#8693 = CARTESIAN_POINT('',(0.,0.));
#8694 = DIRECTION('',(1.,0.));
#8695 = ( GEOMETRIC_REPRESENTATION_CONTEXT(2) 
PARAMETRIC_REPRESENTATION_CONTEXT() REPRESENTATION_CONTEXT('2D SPACE',''
  ) );
#8696 = PCURVE('',#8697,#8702);
#8697 = TOROIDAL_SURFACE('',#8698,7.5,4.4);
#8698 = AXIS2_PLACEMENT_3D('',#8699,#8700,#8701);
#8699 = CARTESIAN_POINT('',(103.14661005817,52.20019191938,
    -25.13828752525));
#8700 = DIRECTION('',(0.,0.433883739118,0.900968867902));
#8701 = DIRECTION('',(1.,0.,0.));
#8702 = DEFINITIONAL_REPRESENTATION('',(#8703),#8707);
#8703 = LINE('',#8704,#8705);
#8704 = CARTESIAN_POINT('',(0.,3.14159265359));
#8705 = VECTOR('',#8706,1.);
#8706 = DIRECTION('',(1.,0.));
#8707 = ( GEOMETRIC_REPRESENTATION_CONTEXT(2) 
PARAMETRIC_REPRESENTATION_CONTEXT() REPRESENTATION_CONTEXT('2D SPACE',''
  ) );
#8708 = FACE_BOUND('',#8709,.F.);
#8709 = EDGE_LOOP('',(#8710));
#8710 = ORIENTED_EDGE('',*,*,#8591,.F.);
#8711 = ADVANCED_FACE('',(#8712,#8715),#8664,.F.);
#8712 = FACE_BOUND('',#8713,.F.);
#8713 = EDGE_LOOP('',(#8714));
#8714 = ORIENTED_EDGE('',*,*,#8649,.T.);
#8715 = FACE_BOUND('',#8716,.F.);
#8716 = EDGE_LOOP('',(#8717));
#8717 = ORIENTED_EDGE('',*,*,#8718,.F.);
#8718 = EDGE_CURVE('',#8719,#8719,#8721,.T.);
#8719 = VERTEX_POINT('',#8720);
#8720 = CARTESIAN_POINT('',(115.04661005817,52.20019191938,
    -25.13828752525));
#8721 = SURFACE_CURVE('',#8722,(#8727,#8734),.PCURVE_S1.);
#8722 = CIRCLE('',#8723,11.9);
#8723 = AXIS2_PLACEMENT_3D('',#8724,#8725,#8726);
#8724 = CARTESIAN_POINT('',(103.14661005817,52.20019191938,
    -25.13828752525));
#8725 = DIRECTION('',(-0.,0.433883739118,0.900968867902));
#8726 = DIRECTION('',(1.,0.,0.));
#8727 = PCURVE('',#8664,#8728);
#8728 = DEFINITIONAL_REPRESENTATION('',(#8729),#8733);
#8729 = CIRCLE('',#8730,11.9);
#8730 = AXIS2_PLACEMENT_2D('',#8731,#8732);
#8731 = CARTESIAN_POINT('',(0.,0.));
#8732 = DIRECTION('',(1.,0.));
#8733 = ( GEOMETRIC_REPRESENTATION_CONTEXT(2) 
PARAMETRIC_REPRESENTATION_CONTEXT() REPRESENTATION_CONTEXT('2D SPACE',''
  ) );
#8734 = PCURVE('',#8697,#8735);
#8735 = DEFINITIONAL_REPRESENTATION('',(#8736),#8740);
#8736 = LINE('',#8737,#8738);
#8737 = CARTESIAN_POINT('',(0.,0.));
#8738 = VECTOR('',#8739,1.);
#8739 = DIRECTION('',(1.,0.));
#8740 = ( GEOMETRIC_REPRESENTATION_CONTEXT(2) 
PARAMETRIC_REPRESENTATION_CONTEXT() REPRESENTATION_CONTEXT('2D SPACE',''
  ) );
#8741 = ADVANCED_FACE('',(#8742),#8697,.F.);
#8742 = FACE_BOUND('',#8743,.F.);
#8743 = EDGE_LOOP('',(#8744,#8745,#8767,#8768));
#8744 = ORIENTED_EDGE('',*,*,#8680,.F.);
#8745 = ORIENTED_EDGE('',*,*,#8746,.F.);
#8746 = EDGE_CURVE('',#8719,#8681,#8747,.T.);
#8747 = SEAM_CURVE('',#8748,(#8753,#8760),.PCURVE_S1.);
#8748 = CIRCLE('',#8749,4.4);
#8749 = AXIS2_PLACEMENT_3D('',#8750,#8751,#8752);
#8750 = CARTESIAN_POINT('',(110.64661005817,52.20019191938,
    -25.13828752525));
#8751 = DIRECTION('',(-2.449293598295E-16,-0.900968867902,0.433883739118
    ));
#8752 = DIRECTION('',(1.,-2.206737280416E-16,1.062708664625E-16));
#8753 = PCURVE('',#8697,#8754);
#8754 = DEFINITIONAL_REPRESENTATION('',(#8755),#8759);
#8755 = LINE('',#8756,#8757);
#8756 = CARTESIAN_POINT('',(6.28318530718,-0.));
#8757 = VECTOR('',#8758,1.);
#8758 = DIRECTION('',(0.,1.));
#8759 = ( GEOMETRIC_REPRESENTATION_CONTEXT(2) 
PARAMETRIC_REPRESENTATION_CONTEXT() REPRESENTATION_CONTEXT('2D SPACE',''
  ) );
#8760 = PCURVE('',#8697,#8761);
#8761 = DEFINITIONAL_REPRESENTATION('',(#8762),#8766);
#8762 = LINE('',#8763,#8764);
#8763 = CARTESIAN_POINT('',(0.,-0.));
#8764 = VECTOR('',#8765,1.);
#8765 = DIRECTION('',(0.,1.));
#8766 = ( GEOMETRIC_REPRESENTATION_CONTEXT(2) 
PARAMETRIC_REPRESENTATION_CONTEXT() REPRESENTATION_CONTEXT('2D SPACE',''
  ) );
#8767 = ORIENTED_EDGE('',*,*,#8718,.T.);
#8768 = ORIENTED_EDGE('',*,*,#8746,.T.);
#8769 = ( GEOMETRIC_REPRESENTATION_CONTEXT(3) 
GLOBAL_UNCERTAINTY_ASSIGNED_CONTEXT((#8773)) 
GLOBAL_UNIT_ASSIGNED_CONTEXT((#8770,#8771,#8772)) REPRESENTATION_CONTEXT
('Context #1','3D Context with UNIT and UNCERTAINTY') );
#8770 = ( LENGTH_UNIT() NAMED_UNIT(*) SI_UNIT(.MILLI.,.METRE.) );
#8771 = ( NAMED_UNIT(*) PLANE_ANGLE_UNIT() SI_UNIT($,.RADIAN.) );
#8772 = ( NAMED_UNIT(*) SI_UNIT($,.STERADIAN.) SOLID_ANGLE_UNIT() );
#8773 = UNCERTAINTY_MEASURE_WITH_UNIT(LENGTH_MEASURE(1.E-07),#8770,
  'distance_accuracy_value','confusion accuracy');
#8774 = CONTEXT_DEPENDENT_SHAPE_REPRESENTATION(#8775,#8777);
#8775 = ( REPRESENTATION_RELATIONSHIP('','',#8584,#8352) 
REPRESENTATION_RELATIONSHIP_WITH_TRANSFORMATION(#8776) 
SHAPE_REPRESENTATION_RELATIONSHIP() );
#8776 = ITEM_DEFINED_TRANSFORMATION('','',#11,#8357);
#8777 = PRODUCT_DEFINITION_SHAPE('Placement','Placement of an item',
  #8778);
#8778 = NEXT_ASSEMBLY_USAGE_OCCURRENCE('117','','',#8347,#8579,$);
#8779 = PRODUCT_RELATED_PRODUCT_CATEGORY('part',$,(#8581));
#8780 = SHAPE_DEFINITION_REPRESENTATION(#8781,#8787);
#8781 = PRODUCT_DEFINITION_SHAPE('','',#8782);
#8782 = PRODUCT_DEFINITION('design','',#8783,#8786);
#8783 = PRODUCT_DEFINITION_FORMATION('','',#8784);
#8784 = PRODUCT('Open CASCADE STEP translator 7.9 14.14.3',
  'Open CASCADE STEP translator 7.9 14.14.3','',(#8785));
#8785 = PRODUCT_CONTEXT('',#2,'mechanical');
#8786 = PRODUCT_DEFINITION_CONTEXT('part definition',#2,'design');
#8787 = ADVANCED_BREP_SHAPE_REPRESENTATION('',(#11,#8788),#8970);
#8788 = MANIFOLD_SOLID_BREP('',#8789);
#8789 = CLOSED_SHELL('',(#8790,#8858,#8913,#8943));
#8790 = ADVANCED_FACE('',(#8791,#8827),#8804,.F.);
#8791 = FACE_BOUND('',#8792,.T.);
#8792 = EDGE_LOOP('',(#8793));
#8793 = ORIENTED_EDGE('',*,*,#8794,.T.);
#8794 = EDGE_CURVE('',#8795,#8795,#8797,.T.);
#8795 = VERTEX_POINT('',#8796);
#8796 = CARTESIAN_POINT('',(88.616775694169,49.407188428882,
    -23.79324793399));
#8797 = SURFACE_CURVE('',#8798,(#8803,#8815),.PCURVE_S1.);
#8798 = CIRCLE('',#8799,4.4);
#8799 = AXIS2_PLACEMENT_3D('',#8800,#8801,#8802);
#8800 = CARTESIAN_POINT('',(88.616775694169,45.442925410111,
    -21.88415948187));
#8801 = DIRECTION('',(1.,-0.,0.));
#8802 = DIRECTION('',(0.,0.900968867902,-0.433883739118));
#8803 = PCURVE('',#8804,#8809);
#8804 = PLANE('',#8805);
#8805 = AXIS2_PLACEMENT_3D('',#8806,#8807,#8808);
#8806 = CARTESIAN_POINT('',(88.616775694169,45.442925410111,
    -21.88415948187));
#8807 = DIRECTION('',(1.,0.,0.));
#8808 = DIRECTION('',(-0.,0.900968867902,-0.433883739118));
#8809 = DEFINITIONAL_REPRESENTATION('',(#8810),#8814);
#8810 = CIRCLE('',#8811,4.4);
#8811 = AXIS2_PLACEMENT_2D('',#8812,#8813);
#8812 = CARTESIAN_POINT('',(0.,0.));
#8813 = DIRECTION('',(1.,-0.));
#8814 = ( GEOMETRIC_REPRESENTATION_CONTEXT(2) 
PARAMETRIC_REPRESENTATION_CONTEXT() REPRESENTATION_CONTEXT('2D SPACE',''
  ) );
#8815 = PCURVE('',#8816,#8821);
#8816 = CYLINDRICAL_SURFACE('',#8817,4.4);
#8817 = AXIS2_PLACEMENT_3D('',#8818,#8819,#8820);
#8818 = CARTESIAN_POINT('',(103.14661005817,45.442925410111,
    -21.88415948187));
#8819 = DIRECTION('',(-1.,-0.,0.));
#8820 = DIRECTION('',(0.,0.900968867902,-0.433883739118));
#8821 = DEFINITIONAL_REPRESENTATION('',(#8822),#8826);
#8822 = LINE('',#8823,#8824);
#8823 = CARTESIAN_POINT('',(-0.,14.52983436401));
#8824 = VECTOR('',#8825,1.);
#8825 = DIRECTION('',(-1.,0.));
#8826 = ( GEOMETRIC_REPRESENTATION_CONTEXT(2) 
PARAMETRIC_REPRESENTATION_CONTEXT() REPRESENTATION_CONTEXT('2D SPACE',''
  ) );
#8827 = FACE_BOUND('',#8828,.T.);
#8828 = EDGE_LOOP('',(#8829));
#8829 = ORIENTED_EDGE('',*,*,#8830,.F.);
#8830 = EDGE_CURVE('',#8831,#8831,#8833,.T.);
#8831 = VERTEX_POINT('',#8832);
#8832 = CARTESIAN_POINT('',(88.616775694169,49.947769749624,
    -24.05357817746));
#8833 = SURFACE_CURVE('',#8834,(#8839,#8846),.PCURVE_S1.);
#8834 = CIRCLE('',#8835,5.);
#8835 = AXIS2_PLACEMENT_3D('',#8836,#8837,#8838);
#8836 = CARTESIAN_POINT('',(88.616775694169,45.442925410111,
    -21.88415948187));
#8837 = DIRECTION('',(1.,-0.,0.));
#8838 = DIRECTION('',(0.,0.900968867902,-0.433883739118));
#8839 = PCURVE('',#8804,#8840);
#8840 = DEFINITIONAL_REPRESENTATION('',(#8841),#8845);
#8841 = CIRCLE('',#8842,5.);
#8842 = AXIS2_PLACEMENT_2D('',#8843,#8844);
#8843 = CARTESIAN_POINT('',(0.,0.));
#8844 = DIRECTION('',(1.,-0.));
#8845 = ( GEOMETRIC_REPRESENTATION_CONTEXT(2) 
PARAMETRIC_REPRESENTATION_CONTEXT() REPRESENTATION_CONTEXT('2D SPACE',''
  ) );
#8846 = PCURVE('',#8847,#8852);
#8847 = CYLINDRICAL_SURFACE('',#8848,5.);
#8848 = AXIS2_PLACEMENT_3D('',#8849,#8850,#8851);
#8849 = CARTESIAN_POINT('',(88.616775694169,45.442925410111,
    -21.88415948187));
#8850 = DIRECTION('',(1.,0.,0.));
#8851 = DIRECTION('',(0.,0.900968867902,-0.433883739118));
#8852 = DEFINITIONAL_REPRESENTATION('',(#8853),#8857);
#8853 = LINE('',#8854,#8855);
#8854 = CARTESIAN_POINT('',(0.,0.));
#8855 = VECTOR('',#8856,1.);
#8856 = DIRECTION('',(1.,0.));
#8857 = ( GEOMETRIC_REPRESENTATION_CONTEXT(2) 
PARAMETRIC_REPRESENTATION_CONTEXT() REPRESENTATION_CONTEXT('2D SPACE',''
  ) );
#8858 = ADVANCED_FACE('',(#8859),#8847,.T.);
#8859 = FACE_BOUND('',#8860,.T.);
#8860 = EDGE_LOOP('',(#8861,#8862,#8885,#8912));
#8861 = ORIENTED_EDGE('',*,*,#8830,.T.);
#8862 = ORIENTED_EDGE('',*,*,#8863,.T.);
#8863 = EDGE_CURVE('',#8831,#8864,#8866,.T.);
#8864 = VERTEX_POINT('',#8865);
#8865 = CARTESIAN_POINT('',(103.14661005817,49.947769749624,
    -24.05357817746));
#8866 = SEAM_CURVE('',#8867,(#8871,#8878),.PCURVE_S1.);
#8867 = LINE('',#8868,#8869);
#8868 = CARTESIAN_POINT('',(88.616775694169,49.947769749624,
    -24.05357817746));
#8869 = VECTOR('',#8870,1.);
#8870 = DIRECTION('',(1.,0.,0.));
#8871 = PCURVE('',#8847,#8872);
#8872 = DEFINITIONAL_REPRESENTATION('',(#8873),#8877);
#8873 = LINE('',#8874,#8875);
#8874 = CARTESIAN_POINT('',(0.,0.));
#8875 = VECTOR('',#8876,1.);
#8876 = DIRECTION('',(0.,1.));
#8877 = ( GEOMETRIC_REPRESENTATION_CONTEXT(2) 
PARAMETRIC_REPRESENTATION_CONTEXT() REPRESENTATION_CONTEXT('2D SPACE',''
  ) );
#8878 = PCURVE('',#8847,#8879);
#8879 = DEFINITIONAL_REPRESENTATION('',(#8880),#8884);
#8880 = LINE('',#8881,#8882);
#8881 = CARTESIAN_POINT('',(6.28318530718,0.));
#8882 = VECTOR('',#8883,1.);
#8883 = DIRECTION('',(0.,1.));
#8884 = ( GEOMETRIC_REPRESENTATION_CONTEXT(2) 
PARAMETRIC_REPRESENTATION_CONTEXT() REPRESENTATION_CONTEXT('2D SPACE',''
  ) );
#8885 = ORIENTED_EDGE('',*,*,#8886,.F.);
#8886 = EDGE_CURVE('',#8864,#8864,#8887,.T.);
#8887 = SURFACE_CURVE('',#8888,(#8893,#8900),.PCURVE_S1.);
#8888 = CIRCLE('',#8889,5.);
#8889 = AXIS2_PLACEMENT_3D('',#8890,#8891,#8892);
#8890 = CARTESIAN_POINT('',(103.14661005817,45.442925410111,
    -21.88415948187));
#8891 = DIRECTION('',(1.,-0.,0.));
#8892 = DIRECTION('',(0.,0.900968867902,-0.433883739118));
#8893 = PCURVE('',#8847,#8894);
#8894 = DEFINITIONAL_REPRESENTATION('',(#8895),#8899);
#8895 = LINE('',#8896,#8897);
#8896 = CARTESIAN_POINT('',(0.,14.52983436401));
#8897 = VECTOR('',#8898,1.);
#8898 = DIRECTION('',(1.,0.));
#8899 = ( GEOMETRIC_REPRESENTATION_CONTEXT(2) 
PARAMETRIC_REPRESENTATION_CONTEXT() REPRESENTATION_CONTEXT('2D SPACE',''
  ) );
#8900 = PCURVE('',#8901,#8906);
#8901 = PLANE('',#8902);
#8902 = AXIS2_PLACEMENT_3D('',#8903,#8904,#8905);
#8903 = CARTESIAN_POINT('',(103.14661005817,45.442925410111,
    -21.88415948187));
#8904 = DIRECTION('',(1.,0.,0.));
#8905 = DIRECTION('',(0.,0.900968867902,-0.433883739118));
#8906 = DEFINITIONAL_REPRESENTATION('',(#8907),#8911);
#8907 = CIRCLE('',#8908,5.);
#8908 = AXIS2_PLACEMENT_2D('',#8909,#8910);
#8909 = CARTESIAN_POINT('',(0.,0.));
#8910 = DIRECTION('',(1.,0.));
#8911 = ( GEOMETRIC_REPRESENTATION_CONTEXT(2) 
PARAMETRIC_REPRESENTATION_CONTEXT() REPRESENTATION_CONTEXT('2D SPACE',''
  ) );
#8912 = ORIENTED_EDGE('',*,*,#8863,.F.);
#8913 = ADVANCED_FACE('',(#8914,#8917),#8901,.T.);
#8914 = FACE_BOUND('',#8915,.T.);
#8915 = EDGE_LOOP('',(#8916));
#8916 = ORIENTED_EDGE('',*,*,#8886,.T.);
#8917 = FACE_BOUND('',#8918,.T.);
#8918 = EDGE_LOOP('',(#8919));
#8919 = ORIENTED_EDGE('',*,*,#8920,.F.);
#8920 = EDGE_CURVE('',#8921,#8921,#8923,.T.);
#8921 = VERTEX_POINT('',#8922);
#8922 = CARTESIAN_POINT('',(103.14661005817,49.407188428882,
    -23.79324793399));
#8923 = SURFACE_CURVE('',#8924,(#8929,#8936),.PCURVE_S1.);
#8924 = CIRCLE('',#8925,4.4);
#8925 = AXIS2_PLACEMENT_3D('',#8926,#8927,#8928);
#8926 = CARTESIAN_POINT('',(103.14661005817,45.442925410111,
    -21.88415948187));
#8927 = DIRECTION('',(1.,-0.,0.));
#8928 = DIRECTION('',(0.,0.900968867902,-0.433883739118));
#8929 = PCURVE('',#8901,#8930);
#8930 = DEFINITIONAL_REPRESENTATION('',(#8931),#8935);
#8931 = CIRCLE('',#8932,4.4);
#8932 = AXIS2_PLACEMENT_2D('',#8933,#8934);
#8933 = CARTESIAN_POINT('',(0.,0.));
#8934 = DIRECTION('',(1.,0.));
#8935 = ( GEOMETRIC_REPRESENTATION_CONTEXT(2) 
PARAMETRIC_REPRESENTATION_CONTEXT() REPRESENTATION_CONTEXT('2D SPACE',''
  ) );
#8936 = PCURVE('',#8816,#8937);
#8937 = DEFINITIONAL_REPRESENTATION('',(#8938),#8942);
#8938 = LINE('',#8939,#8940);
#8939 = CARTESIAN_POINT('',(-0.,0.));
#8940 = VECTOR('',#8941,1.);
#8941 = DIRECTION('',(-1.,0.));
#8942 = ( GEOMETRIC_REPRESENTATION_CONTEXT(2) 
PARAMETRIC_REPRESENTATION_CONTEXT() REPRESENTATION_CONTEXT('2D SPACE',''
  ) );
#8943 = ADVANCED_FACE('',(#8944),#8816,.F.);
#8944 = FACE_BOUND('',#8945,.T.);
#8945 = EDGE_LOOP('',(#8946,#8947,#8968,#8969));
#8946 = ORIENTED_EDGE('',*,*,#8920,.T.);
#8947 = ORIENTED_EDGE('',*,*,#8948,.T.);
#8948 = EDGE_CURVE('',#8921,#8795,#8949,.T.);
#8949 = SEAM_CURVE('',#8950,(#8954,#8961),.PCURVE_S1.);
#8950 = LINE('',#8951,#8952);
#8951 = CARTESIAN_POINT('',(103.14661005817,49.407188428882,
    -23.79324793399));
#8952 = VECTOR('',#8953,1.);
#8953 = DIRECTION('',(-1.,0.,0.));
#8954 = PCURVE('',#8816,#8955);
#8955 = DEFINITIONAL_REPRESENTATION('',(#8956),#8960);
#8956 = LINE('',#8957,#8958);
#8957 = CARTESIAN_POINT('',(-0.,0.));
#8958 = VECTOR('',#8959,1.);
#8959 = DIRECTION('',(-0.,1.));
#8960 = ( GEOMETRIC_REPRESENTATION_CONTEXT(2) 
PARAMETRIC_REPRESENTATION_CONTEXT() REPRESENTATION_CONTEXT('2D SPACE',''
  ) );
#8961 = PCURVE('',#8816,#8962);
#8962 = DEFINITIONAL_REPRESENTATION('',(#8963),#8967);
#8963 = LINE('',#8964,#8965);
#8964 = CARTESIAN_POINT('',(-6.28318530718,0.));
#8965 = VECTOR('',#8966,1.);
#8966 = DIRECTION('',(-0.,1.));
#8967 = ( GEOMETRIC_REPRESENTATION_CONTEXT(2) 
PARAMETRIC_REPRESENTATION_CONTEXT() REPRESENTATION_CONTEXT('2D SPACE',''
  ) );
#8968 = ORIENTED_EDGE('',*,*,#8794,.F.);
#8969 = ORIENTED_EDGE('',*,*,#8948,.F.);
#8970 = ( GEOMETRIC_REPRESENTATION_CONTEXT(3) 
GLOBAL_UNCERTAINTY_ASSIGNED_CONTEXT((#8974)) 
GLOBAL_UNIT_ASSIGNED_CONTEXT((#8971,#8972,#8973)) REPRESENTATION_CONTEXT
('Context #1','3D Context with UNIT and UNCERTAINTY') );
#8971 = ( LENGTH_UNIT() NAMED_UNIT(*) SI_UNIT(.MILLI.,.METRE.) );
#8972 = ( NAMED_UNIT(*) PLANE_ANGLE_UNIT() SI_UNIT($,.RADIAN.) );
#8973 = ( NAMED_UNIT(*) SI_UNIT($,.STERADIAN.) SOLID_ANGLE_UNIT() );
#8974 = UNCERTAINTY_MEASURE_WITH_UNIT(LENGTH_MEASURE(1.E-07),#8971,
  'distance_accuracy_value','confusion accuracy');
#8975 = CONTEXT_DEPENDENT_SHAPE_REPRESENTATION(#8976,#8978);
#8976 = ( REPRESENTATION_RELATIONSHIP('','',#8787,#8352) 
REPRESENTATION_RELATIONSHIP_WITH_TRANSFORMATION(#8977) 
SHAPE_REPRESENTATION_RELATIONSHIP() );
#8977 = ITEM_DEFINED_TRANSFORMATION('','',#11,#8361);
#8978 = PRODUCT_DEFINITION_SHAPE('Placement','Placement of an item',
  #8979);
#8979 = NEXT_ASSEMBLY_USAGE_OCCURRENCE('118','','',#8347,#8782,$);
#8980 = PRODUCT_RELATED_PRODUCT_CATEGORY('part',$,(#8784));
ENDSEC;
END-ISO-10303-21;
