ISO-10303-21;
HEADER;
FILE_DESCRIPTION(('Open CASCADE Model'),'2;1');
FILE_NAME('Open CASCADE Shape Model','2026-09-17T10:17:01',('Author'),(
    'Open CASCADE'),'Open CASCADE STEP processor 7.9','Open CASCADE 7.9'
  ,'Unknown');
FILE_SCHEMA(('AUTOMOTIVE_DESIGN { 1 0 10303 214 1 1 1 1 }'));
ENDSEC;
DATA;
#1 = APPLICATION_PROTOCOL_DEFINITION('international standard',
  'automotive_design',2000,#2);
#2 = APPLICATION_CONTEXT(
  'core data for automotive mechanical design processes');
#3 = SHAPE_DEFINITION_REPRESENTATION(#4,#10);
#4 = PRODUCT_DEFINITION_SHAPE('','',#5);
#5 = PRODUCT_DEFINITION('design','',#6,#9);
#6 = PRODUCT_DEFINITION_FORMATION('','',#7);
#7 = PRODUCT('Open CASCADE STEP translator 7.9 2',
  'Open CASCADE STEP translator 7.9 2','',(#8));
#8 = PRODUCT_CONTEXT('',#2,'mechanical');
#9 = PRODUCT_DEFINITION_CONTEXT('part definition',#2,'design');
#10 = ADVANCED_BREP_SHAPE_REPRESENTATION('',(#11,#15),#1451);
#11 = AXIS2_PLACEMENT_3D('',#12,#13,#14);
#12 = CARTESIAN_POINT('',(0.,0.,0.));
#13 = DIRECTION('',(0.,0.,1.));
#14 = DIRECTION('',(1.,0.,-0.));
#15 = MANIFOLD_SOLID_BREP('',#16);
#16 = CLOSED_SHELL('',(#17,#862,#1273,#1392,#1437,#1444));
#17 = ADVANCED_FACE('',(#18),#72,.F.);
#18 = FACE_BOUND('',#19,.F.);
#19 = EDGE_LOOP('',(#20,#552,#594,#822));
#20 = ORIENTED_EDGE('',*,*,#21,.F.);
#21 = EDGE_CURVE('',#22,#24,#26,.T.);
#22 = VERTEX_POINT('',#23);
#23 = CARTESIAN_POINT('',(6.193228784715,14.101384407157,0.275246423222)
  );
#24 = VERTEX_POINT('',#25);
#25 = CARTESIAN_POINT('',(42.640622419732,20.268561571897,
    62.230248228739));
#26 = SURFACE_CURVE('',#27,(#71,#380),.PCURVE_S1.);
#27 = B_SPLINE_CURVE_WITH_KNOTS('',3,(#28,#29,#30,#31,#32,#33,#34,#35,
    #36,#37,#38,#39,#40,#41,#42,#43,#44,#45,#46,#47,#48,#49,#50,#51,#52,
    #53,#54,#55,#56,#57,#58,#59,#60,#61,#62,#63,#64,#65,#66,#67,#68,#69,
    #70),.UNSPECIFIED.,.F.,.F.,(4,1,1,1,1,1,1,1,1,1,1,1,1,1,1,1,1,1,1,1,
    1,1,1,1,1,1,1,1,1,1,1,1,1,1,1,1,1,1,1,1,4),(0.,2.065436654803E-02,
    4.233385943601E-02,6.499291827459E-02,8.860750045796E-02,
    0.113133973984,0.138560963616,0.164758094624,0.191725250749,
    0.219309961912,0.247488786683,0.276139354687,0.305159700574,
    0.334511164597,0.364033495192,0.393705088314,0.423405849637,
    0.453054766503,0.4826064957,0.511950214341,0.541060607237,
    0.569831410165,0.598245835998,0.626210441057,0.653717040891,
    0.680682040418,0.707091344305,0.732880735351,0.758049034342,
    0.782496620014,0.806276928119,0.829280948443,0.851537244528,
    0.873031078598,0.893660335903,0.91349503062,0.932518239572,
    0.950645268125,0.967923449359,0.984340562558,1.),.UNSPECIFIED.);
#28 = CARTESIAN_POINT('',(6.193228784715,14.101384407157,0.275246423222)
  );
#29 = CARTESIAN_POINT('',(6.568101222781,14.166241871378,0.567180267522)
  );
#30 = CARTESIAN_POINT('',(7.335510512999,14.12047895531,1.16500256398));
#31 = CARTESIAN_POINT('',(8.579477917396,14.120230867413,2.02245616827)
  );
#32 = CARTESIAN_POINT('',(9.926939682676,14.175485884758,2.846776497116)
  );
#33 = CARTESIAN_POINT('',(11.352714483715,14.229079919545,3.654166184543
    ));
#34 = CARTESIAN_POINT('',(12.845229547872,14.334448560934,4.481040752448
    ));
#35 = CARTESIAN_POINT('',(14.376136421115,14.455009479371,5.371887640786
    ));
#36 = CARTESIAN_POINT('',(15.925863519633,14.637667704471,6.334408300042
    ));
#37 = CARTESIAN_POINT('',(17.5233110709,14.796749066963,7.34791060527));
#38 = CARTESIAN_POINT('',(19.085380332187,15.075947438281,8.480720264562
    ));
#39 = CARTESIAN_POINT('',(20.712837561217,15.263085543577,9.632547258308
    ));
#40 = CARTESIAN_POINT('',(22.253979577021,15.603712956278,
    10.953943241994));
#41 = CARTESIAN_POINT('',(23.815717890861,15.881208996055,
    12.303510141575));
#42 = CARTESIAN_POINT('',(25.342104809694,16.190641585106,13.76223455021
    ));
#43 = CARTESIAN_POINT('',(26.780872810072,16.540405720262,
    15.333378868519));
#44 = CARTESIAN_POINT('',(28.246318516433,16.82774479178,16.931918340885
    ));
#45 = CARTESIAN_POINT('',(29.557616495017,17.181248247694,
    18.682758626537));
#46 = CARTESIAN_POINT('',(30.851426227334,17.490336236844,
    20.459082930849));
#47 = CARTESIAN_POINT('',(32.084522387458,17.784101077562,
    22.305112016271));
#48 = CARTESIAN_POINT('',(33.171384107991,18.092816771885,24.23775173338
    ));
#49 = CARTESIAN_POINT('',(34.304650750879,18.33350697599,26.155121661492
    ));
#50 = CARTESIAN_POINT('',(35.200507660709,18.608706992188,
    28.188247567192));
#51 = CARTESIAN_POINT('',(36.158266946107,18.820401425137,30.17551335426
    ));
#52 = CARTESIAN_POINT('',(36.924128004373,19.039706644555,
    32.235618371081));
#53 = CARTESIAN_POINT('',(37.71177739004,19.214953913135,34.256580600531
    ));
#54 = CARTESIAN_POINT('',(38.337156913817,19.386466916125,
    36.313102421286));
#55 = CARTESIAN_POINT('',(38.988903241061,19.520645403552,
    38.323704724576));
#56 = CARTESIAN_POINT('',(39.464274701208,19.652074284784,
    40.350827695662));
#57 = CARTESIAN_POINT('',(40.016307905206,19.746940346701,
    42.311268459877));
#58 = CARTESIAN_POINT('',(40.360160352754,19.840839773323,
    44.282633589901));
#59 = CARTESIAN_POINT('',(40.774394191054,19.909299525304,
    46.177245793208));
#60 = CARTESIAN_POINT('',(41.076606496738,19.96702515392,48.051092543739
    ));
#61 = CARTESIAN_POINT('',(41.332035334578,20.014652587803,
    49.867011936656));
#62 = CARTESIAN_POINT('',(41.638763557006,20.045328063171,
    51.617794831538));
#63 = CARTESIAN_POINT('',(41.796372982377,20.073023179156,
    53.338046841395));
#64 = CARTESIAN_POINT('',(41.976111141755,20.09314143459,54.97392196277)
  );
#65 = CARTESIAN_POINT('',(42.18265055318,20.107555612943,56.550222909253
    ));
#66 = CARTESIAN_POINT('',(42.291363738013,20.121673342281,
    58.079327482177));
#67 = CARTESIAN_POINT('',(42.402208957077,20.13961341046,59.524979598459
    ));
#68 = CARTESIAN_POINT('',(42.528600275246,20.148325305469,
    60.900446144859));
#69 = CARTESIAN_POINT('',(42.584933645494,20.186422665306,
    61.807245749225));
#70 = CARTESIAN_POINT('',(42.640622419732,20.268561571897,
    62.230248228739));
#71 = PCURVE('',#72,#374);
#72 = B_SPLINE_SURFACE_WITH_KNOTS('',6,3,(
    (#73,#74,#75,#76,#77,#78,#79,#80,#81,#82,#83,#84,#85,#86,#87,#88,#89
      ,#90,#91,#92,#93,#94,#95,#96,#97,#98,#99,#100,#101,#102,#103,#104
      ,#105,#106,#107,#108,#109,#110,#111,#112,#113,#114,#115)
    ,(#116,#117,#118,#119,#120,#121,#122,#123,#124,#125,#126,#127,#128
      ,#129,#130,#131,#132,#133,#134,#135,#136,#137,#138,#139,#140,#141
      ,#142,#143,#144,#145,#146,#147,#148,#149,#150,#151,#152,#153,#154
      ,#155,#156,#157,#158)
    ,(#159,#160,#161,#162,#163,#164,#165,#166,#167,#168,#169,#170,#171
      ,#172,#173,#174,#175,#176,#177,#178,#179,#180,#181,#182,#183,#184
      ,#185,#186,#187,#188,#189,#190,#191,#192,#193,#194,#195,#196,#197
      ,#198,#199,#200,#201)
    ,(#202,#203,#204,#205,#206,#207,#208,#209,#210,#211,#212,#213,#214
      ,#215,#216,#217,#218,#219,#220,#221,#222,#223,#224,#225,#226,#227
      ,#228,#229,#230,#231,#232,#233,#234,#235,#236,#237,#238,#239,#240
      ,#241,#242,#243,#244)
    ,(#245,#246,#247,#248,#249,#250,#251,#252,#253,#254,#255,#256,#257
      ,#258,#259,#260,#261,#262,#263,#264,#265,#266,#267,#268,#269,#270
      ,#271,#272,#273,#274,#275,#276,#277,#278,#279,#280,#281,#282,#283
      ,#284,#285,#286,#287)
    ,(#288,#289,#290,#291,#292,#293,#294,#295,#296,#297,#298,#299,#300
      ,#301,#302,#303,#304,#305,#306,#307,#308,#309,#310,#311,#312,#313
      ,#314,#315,#316,#317,#318,#319,#320,#321,#322,#323,#324,#325,#326
      ,#327,#328,#329,#330)
    ,(#331,#332,#333,#334,#335,#336,#337,#338,#339,#340,#341,#342,#343
      ,#344,#345,#346,#347,#348,#349,#350,#351,#352,#353,#354,#355,#356
      ,#357,#358,#359,#360,#361,#362,#363,#364,#365,#366,#367,#368,#369
      ,#370,#371,#372,#373
    )),.UNSPECIFIED.,.F.,.F.,.F.,(7,7),(4,1,1,1,1,1,1,1,1,1,1,1,1,1,1,1,
    1,1,1,1,1,1,1,1,1,1,1,1,1,1,1,1,1,1,1,1,1,1,1,1,4),(0.,1.),(0.,
    2.065436654803E-02,4.233385943601E-02,6.499291827459E-02,
    8.860750045796E-02,0.113133973984,0.138560963616,0.164758094624,
    0.191725250749,0.219309961912,0.247488786683,0.276139354687,
    0.305159700574,0.334511164597,0.364033495192,0.393705088314,
    0.423405849637,0.453054766503,0.4826064957,0.511950214341,
    0.541060607237,0.569831410165,0.598245835998,0.626210441057,
    0.653717040891,0.680682040418,0.707091344305,0.732880735351,
    0.758049034342,0.782496620014,0.806276928119,0.829280948443,
    0.851537244528,0.873031078598,0.893660335903,0.91349503062,
    0.932518239572,0.950645268125,0.967923449359,0.984340562558,1.),
  .UNSPECIFIED.);
#73 = CARTESIAN_POINT('',(6.193228784715,14.101384407157,0.275246423222)
  );
#74 = CARTESIAN_POINT('',(6.568101222781,14.166241871378,0.567180267522)
  );
#75 = CARTESIAN_POINT('',(7.335510512999,14.12047895531,1.16500256398));
#76 = CARTESIAN_POINT('',(8.579477917396,14.120230867413,2.02245616827)
  );
#77 = CARTESIAN_POINT('',(9.926939682676,14.175485884758,2.846776497116)
  );
#78 = CARTESIAN_POINT('',(11.352714483715,14.229079919545,3.654166184543
    ));
#79 = CARTESIAN_POINT('',(12.845229547872,14.334448560934,4.481040752448
    ));
#80 = CARTESIAN_POINT('',(14.376136421115,14.455009479371,5.371887640786
    ));
#81 = CARTESIAN_POINT('',(15.925863519633,14.637667704471,6.334408300042
    ));
#82 = CARTESIAN_POINT('',(17.5233110709,14.796749066963,7.34791060527));
#83 = CARTESIAN_POINT('',(19.085380332187,15.075947438281,8.480720264562
    ));
#84 = CARTESIAN_POINT('',(20.712837561217,15.263085543577,9.632547258308
    ));
#85 = CARTESIAN_POINT('',(22.253979577021,15.603712956278,
    10.953943241994));
#86 = CARTESIAN_POINT('',(23.815717890861,15.881208996055,
    12.303510141575));
#87 = CARTESIAN_POINT('',(25.342104809694,16.190641585106,13.76223455021
    ));
#88 = CARTESIAN_POINT('',(26.780872810072,16.540405720262,
    15.333378868519));
#89 = CARTESIAN_POINT('',(28.246318516433,16.82774479178,16.931918340885
    ));
#90 = CARTESIAN_POINT('',(29.557616495017,17.181248247694,
    18.682758626537));
#91 = CARTESIAN_POINT('',(30.851426227334,17.490336236844,
    20.459082930849));
#92 = CARTESIAN_POINT('',(32.084522387458,17.784101077562,
    22.305112016271));
#93 = CARTESIAN_POINT('',(33.171384107991,18.092816771885,24.23775173338
    ));
#94 = CARTESIAN_POINT('',(34.304650750879,18.33350697599,26.155121661492
    ));
#95 = CARTESIAN_POINT('',(35.200507660709,18.608706992188,
    28.188247567192));
#96 = CARTESIAN_POINT('',(36.158266946107,18.820401425137,30.17551335426
    ));
#97 = CARTESIAN_POINT('',(36.924128004373,19.039706644555,
    32.235618371081));
#98 = CARTESIAN_POINT('',(37.71177739004,19.214953913135,34.256580600531
    ));
#99 = CARTESIAN_POINT('',(38.337156913817,19.386466916125,
    36.313102421286));
#100 = CARTESIAN_POINT('',(38.988903241061,19.520645403552,
    38.323704724576));
#101 = CARTESIAN_POINT('',(39.464274701208,19.652074284784,
    40.350827695662));
#102 = CARTESIAN_POINT('',(40.016307905206,19.746940346701,
    42.311268459877));
#103 = CARTESIAN_POINT('',(40.360160352754,19.840839773323,
    44.282633589901));
#104 = CARTESIAN_POINT('',(40.774394191054,19.909299525304,
    46.177245793208));
#105 = CARTESIAN_POINT('',(41.076606496738,19.96702515392,
    48.051092543739));
#106 = CARTESIAN_POINT('',(41.332035334578,20.014652587803,
    49.867011936656));
#107 = CARTESIAN_POINT('',(41.638763557006,20.045328063171,
    51.617794831538));
#108 = CARTESIAN_POINT('',(41.796372982377,20.073023179156,
    53.338046841395));
#109 = CARTESIAN_POINT('',(41.976111141755,20.09314143459,54.97392196277
    ));
#110 = CARTESIAN_POINT('',(42.18265055318,20.107555612943,
    56.550222909253));
#111 = CARTESIAN_POINT('',(42.291363738013,20.121673342281,
    58.079327482177));
#112 = CARTESIAN_POINT('',(42.402208957077,20.13961341046,
    59.524979598459));
#113 = CARTESIAN_POINT('',(42.528600275246,20.148325305469,
    60.900446144859));
#114 = CARTESIAN_POINT('',(42.584933645494,20.186422665306,
    61.807245749225));
#115 = CARTESIAN_POINT('',(42.640622419732,20.268561571897,
    62.230248228739));
#116 = CARTESIAN_POINT('',(6.183250015093,18.415393680119,0.269394941737
    ));
#117 = CARTESIAN_POINT('',(6.545416827059,18.406077126561,0.597271892585
    ));
#118 = CARTESIAN_POINT('',(7.383069733075,18.134159653298,1.256721037873
    ));
#119 = CARTESIAN_POINT('',(8.466746884841,17.796578261718,2.002509350867
    ));
#120 = CARTESIAN_POINT('',(9.60361489219,17.555300875434,2.678459046399)
  );
#121 = CARTESIAN_POINT('',(10.895087565979,17.372792341478,
    3.377887950327));
#122 = CARTESIAN_POINT('',(12.209055601486,17.316822039776,
    4.060977882084));
#123 = CARTESIAN_POINT('',(13.563341562643,17.27014161176,4.781744623378
    ));
#124 = CARTESIAN_POINT('',(14.999628343804,17.312142988968,
    5.588401397636));
#125 = CARTESIAN_POINT('',(16.412236795684,17.351856239809,
    6.381307661635));
#126 = CARTESIAN_POINT('',(17.895951559833,17.539183106845,
    7.330968404305));
#127 = CARTESIAN_POINT('',(19.388630011285,17.671574572311,
    8.260128680643));
#128 = CARTESIAN_POINT('',(20.788552661064,17.994193073191,
    9.313553265024));
#129 = CARTESIAN_POINT('',(22.338305453382,18.277823038728,
    10.504693302805));
#130 = CARTESIAN_POINT('',(23.732413687365,18.644414224956,
    11.695776019337));
#131 = CARTESIAN_POINT('',(25.159980469078,19.063908364848,
    13.103306326485));
#132 = CARTESIAN_POINT('',(26.560558296567,19.454766814334,
    14.508262197938));
#133 = CARTESIAN_POINT('',(27.795139049724,19.949548524659,
    16.059434236013));
#134 = CARTESIAN_POINT('',(29.114311979476,20.364941350628,
    17.756064295347));
#135 = CARTESIAN_POINT('',(30.27395844234,20.815057737539,
    19.448488743837));
#136 = CARTESIAN_POINT('',(31.380772034263,21.235182395758,
    21.348060150291));
#137 = CARTESIAN_POINT('',(32.474130949064,21.601367199697,
    23.195393910358));
#138 = CARTESIAN_POINT('',(33.333358613938,21.992090882887,
    25.204056450514));
#139 = CARTESIAN_POINT('',(34.29957303741,22.26185297895,27.22685036715)
  );
#140 = CARTESIAN_POINT('',(35.022631595028,22.545209395995,
    29.320221861461));
#141 = CARTESIAN_POINT('',(35.797512561751,22.731760818725,
    31.416693165468));
#142 = CARTESIAN_POINT('',(36.383607465344,22.895990564788,
    33.573170681011));
#143 = CARTESIAN_POINT('',(36.99010465547,22.990249513438,
    35.686180241995));
#144 = CARTESIAN_POINT('',(37.414040231281,23.045882305051,
    37.869638583487));
#145 = CARTESIAN_POINT('',(37.896131492034,23.042488803907,
    39.96483138272));
#146 = CARTESIAN_POINT('',(38.116555601102,23.024657349734,
    42.074805884986));
#147 = CARTESIAN_POINT('',(38.4534424806,22.92626527031,44.189809543653)
  );
#148 = CARTESIAN_POINT('',(38.569189012398,22.832984063685,
    46.173140791935));
#149 = CARTESIAN_POINT('',(38.682066227357,22.673384941671,
    48.25523607217));
#150 = CARTESIAN_POINT('',(38.768027123415,22.500934379569,
    50.15733940476));
#151 = CARTESIAN_POINT('',(38.632902040036,22.30517484667,
    51.972756636497));
#152 = CARTESIAN_POINT('',(38.545119168636,22.058068335243,
    53.916818008931));
#153 = CARTESIAN_POINT('',(38.408192932739,21.785435040373,
    55.626291006494));
#154 = CARTESIAN_POINT('',(38.127007056655,21.467951537909,
    57.221428446623));
#155 = CARTESIAN_POINT('',(37.847267297759,21.105133706834,
    58.878190365913));
#156 = CARTESIAN_POINT('',(37.584431632686,20.678867809822,
    60.496615622613));
#157 = CARTESIAN_POINT('',(37.372544809974,20.383818542507,
    61.47584781631));
#158 = CARTESIAN_POINT('',(37.318512839184,20.294349726896,
    62.055142013878));
#159 = CARTESIAN_POINT('',(1.894677781084,24.454635440823,
    9.623377639249E-02));
#160 = CARTESIAN_POINT('',(2.168106738949,24.613649583428,0.476566755612
    ));
#161 = CARTESIAN_POINT('',(2.540167015988,24.994094843371,1.266879244894
    ));
#162 = CARTESIAN_POINT('',(3.712023149342,25.549280041622,2.855427074359
    ));
#163 = CARTESIAN_POINT('',(5.092849841494,26.043743323065,4.551730547066
    ));
#164 = CARTESIAN_POINT('',(6.411550841325,26.41207412845,6.207904759051)
  );
#165 = CARTESIAN_POINT('',(7.881711734533,26.614672688007,7.983011897577
    ));
#166 = CARTESIAN_POINT('',(9.373361727125,26.826679044809,9.871800072383
    ));
#167 = CARTESIAN_POINT('',(10.774229226727,26.951359945588,
    11.774708189655));
#168 = CARTESIAN_POINT('',(12.34359732523,27.014414439883,
    13.856140439477));
#169 = CARTESIAN_POINT('',(13.707640265171,27.022683646355,
    15.907905500447));
#170 = CARTESIAN_POINT('',(15.219671386965,26.890218473742,
    18.064487670403));
#171 = CARTESIAN_POINT('',(16.716599014786,26.726821078681,
    20.369181924826));
#172 = CARTESIAN_POINT('',(17.983703550867,26.433305322946,
    22.455883161637));
#173 = CARTESIAN_POINT('',(19.463702488502,26.054776378984,
    24.812604135917));
#174 = CARTESIAN_POINT('',(20.686250621973,25.620053544757,
    26.971394183679));
#175 = CARTESIAN_POINT('',(22.021238525507,25.0729126807,29.19579915081)
  );
#176 = CARTESIAN_POINT('',(23.319190037385,24.467117765439,
    31.468147407894));
#177 = CARTESIAN_POINT('',(24.409290525011,23.879868511631,
    33.477839871247));
#178 = CARTESIAN_POINT('',(25.663543806372,23.184383531428,
    35.649105151525));
#179 = CARTESIAN_POINT('',(26.6727731388,22.571538588493,37.572792652787
    ));
#180 = CARTESIAN_POINT('',(27.812754505145,21.891761732801,
    39.540975505686));
#181 = CARTESIAN_POINT('',(28.848515866631,21.25507191211,
    41.427707919413));
#182 = CARTESIAN_POINT('',(29.801552292677,20.698345424861,
    43.145545879134));
#183 = CARTESIAN_POINT('',(30.786446822546,20.143666585807,
    44.854012528052));
#184 = CARTESIAN_POINT('',(31.691007527939,19.681708764028,46.4397628495
    ));
#185 = CARTESIAN_POINT('',(32.586489254487,19.268547863242,
    47.945174138903));
#186 = CARTESIAN_POINT('',(33.481401547182,18.913649060722,
    49.400293261319));
#187 = CARTESIAN_POINT('',(34.311104519303,18.64885565095,
    50.711700030088));
#188 = CARTESIAN_POINT('',(35.183861974885,18.42091237022,
    52.012049286592));
#189 = CARTESIAN_POINT('',(36.074655942838,18.244534797572,
    53.272638344487));
#190 = CARTESIAN_POINT('',(36.873221431419,18.173329620707,
    54.297723634018));
#191 = CARTESIAN_POINT('',(37.831680572751,18.086764970853,
    55.515045065624));
#192 = CARTESIAN_POINT('',(38.665068266951,18.120079396986,
    56.343920750536));
#193 = CARTESIAN_POINT('',(39.645379057913,18.145431493808,
    57.357947773795));
#194 = CARTESIAN_POINT('',(40.699912596857,18.229688686916,
    58.433151061065));
#195 = CARTESIAN_POINT('',(41.687453232375,18.402104628172,
    59.005690925105));
#196 = CARTESIAN_POINT('',(42.809094996586,18.615019713216,
    59.88154097501));
#197 = CARTESIAN_POINT('',(43.975999856158,18.927921983098,
    60.824753499183));
#198 = CARTESIAN_POINT('',(45.116728781029,19.341685892962,
    61.420692887812));
#199 = CARTESIAN_POINT('',(46.250965525731,19.854921375082,
    61.883920217962));
#200 = CARTESIAN_POINT('',(47.023343956289,20.296152797099,
    62.348092583295));
#201 = CARTESIAN_POINT('',(47.350351363368,20.560164525335,
    62.361588171634));
#202 = CARTESIAN_POINT('',(5.709268321366,26.955993818486,0.222079969707
    ));
#203 = CARTESIAN_POINT('',(6.039709138674,26.836681023451,0.67467761443)
  );
#204 = CARTESIAN_POINT('',(6.967154271804,26.239615812521,1.586479396899
    ));
#205 = CARTESIAN_POINT('',(7.77431527595,25.388451526793,2.409240525362)
  );
#206 = CARTESIAN_POINT('',(8.55122550434,24.66534842481,3.128818675038)
  );
#207 = CARTESIAN_POINT('',(9.595248509249,24.062378966961,3.955601332833
    ));
#208 = CARTESIAN_POINT('',(10.588998221368,23.65827231318,4.717524030411
    ));
#209 = CARTESIAN_POINT('',(11.622668460018,23.226668453576,
    5.480791242893));
#210 = CARTESIAN_POINT('',(12.833838920404,22.883882041032,
    6.352870208982));
#211 = CARTESIAN_POINT('',(13.906530187751,22.542746278311,
    7.103221180679));
#212 = CARTESIAN_POINT('',(15.215604568402,22.346975679021,
    8.065714771019));
#213 = CARTESIAN_POINT('',(16.441045631338,22.132714512301,8.92126439348
    ));
#214 = CARTESIAN_POINT('',(17.565905917934,22.121073002659,
    9.822743436203));
#215 = CARTESIAN_POINT('',(19.039951107143,22.09429742759,
    10.996715371726));
#216 = CARTESIAN_POINT('',(20.168778115014,22.208165964361,
    11.974457950279));
#217 = CARTESIAN_POINT('',(21.525674763054,22.379962145061,
    13.298878899666));
#218 = CARTESIAN_POINT('',(22.767971819688,22.581662550671,
    14.531149525275));
#219 = CARTESIAN_POINT('',(23.832005544853,22.939633518126,
    15.865119966752));
#220 = CARTESIAN_POINT('',(25.14291406345,23.188121649148,
    17.492801129488));
#221 = CARTESIAN_POINT('',(26.140197007068,23.566681111517,
    18.958041064095));
#222 = CARTESIAN_POINT('',(27.240776890349,23.87359768333,
    20.786833720488));
#223 = CARTESIAN_POINT('',(28.23193615031,24.187327777542,
    22.465560643183));
#224 = CARTESIAN_POINT('',(29.007880489248,24.542054493819,
    24.344699167653));
#225 = CARTESIAN_POINT('',(29.961302210939,24.736187118604,
    26.308519428519));
#226 = CARTESIAN_POINT('',(30.604817305608,24.992637539015,
    28.307788753642));
#227 = CARTESIAN_POINT('',(31.348746490351,25.119264443754,
    30.360864568078));
#228 = CARTESIAN_POINT('',(31.877576142499,25.237196046627,
    32.491265872362));
#229 = CARTESIAN_POINT('',(32.420221462872,25.280121842629,
    34.569189783359));
#230 = CARTESIAN_POINT('',(32.788247427252,25.269672081635,
    36.792336438509));
#231 = CARTESIAN_POINT('',(33.186685831174,25.20556822445,
    38.885370613514));
#232 = CARTESIAN_POINT('',(33.261383178415,25.141224531172,
    40.990529285626));
#233 = CARTESIAN_POINT('',(33.527625025925,24.945556408932,
    43.23632006139));
#234 = CARTESIAN_POINT('',(33.418557199355,24.807498603286,
    45.166257499591));
#235 = CARTESIAN_POINT('',(33.388010620184,24.543458573071,
    47.45395428926));
#236 = CARTESIAN_POINT('',(33.212440419564,24.294994104194,
    49.379556546512));
#237 = CARTESIAN_POINT('',(32.726209387571,24.010424246723,
    51.13567832818));
#238 = CARTESIAN_POINT('',(32.331599757111,23.624826979826,
    53.367586633732));
#239 = CARTESIAN_POINT('',(31.774577724366,23.195765937689,
    55.097095647116));
#240 = CARTESIAN_POINT('',(31.01758634637,22.664139048505,
    56.620768221322));
#241 = CARTESIAN_POINT('',(30.261632389587,22.020632690463,
    58.44217025666));
#242 = CARTESIAN_POINT('',(29.523490455958,21.237738461173,
    60.286837662423));
#243 = CARTESIAN_POINT('',(28.982959224744,20.644051269739,
    61.274247053896));
#244 = CARTESIAN_POINT('',(28.792388158683,20.394682438832,
    62.030190955167));
#245 = CARTESIAN_POINT('',(-4.651933959794E-03,33.740650931922,
    2.978205898278E-02));
#246 = CARTESIAN_POINT('',(0.229893916901,33.871186713618,0.516182741012
    ));
#247 = CARTESIAN_POINT('',(0.534099135436,34.225091953986,1.513192983991
    ));
#248 = CARTESIAN_POINT('',(1.537557079244,34.701440512401,3.41208732915)
  );
#249 = CARTESIAN_POINT('',(2.72144251759,35.09765308152,5.448518453578)
  );
#250 = CARTESIAN_POINT('',(3.842307380703,35.362176001262,7.471009060607
    ));
#251 = CARTESIAN_POINT('',(5.097712536352,35.429006614461,9.615349024594
    ));
#252 = CARTESIAN_POINT('',(6.366132068016,35.490886669068,
    11.862978826625));
#253 = CARTESIAN_POINT('',(7.5604579235,35.42071194365,14.109055659188)
  );
#254 = CARTESIAN_POINT('',(8.895910853047,35.287807267991,
    16.513573808806));
#255 = CARTESIAN_POINT('',(10.061850521314,35.051415472401,
    18.84895880436));
#256 = CARTESIAN_POINT('',(11.349584076872,34.68757760562,
    21.275137698635));
#257 = CARTESIAN_POINT('',(12.638917743542,34.255705897418,
    23.769178051391));
#258 = CARTESIAN_POINT('',(13.731058872086,33.693460229163,
    26.04654871212));
#259 = CARTESIAN_POINT('',(15.008389662603,33.054325389112,
    28.525635893235));
#260 = CARTESIAN_POINT('',(16.08263365289,32.344717050849,
    30.764250307592));
#261 = CARTESIAN_POINT('',(17.24863780227,31.542411858711,
    33.039926989055));
#262 = CARTESIAN_POINT('',(18.411471234706,30.682995400169,
    35.290705349159));
#263 = CARTESIAN_POINT('',(19.396260213058,29.844834584906,
    37.277372805338));
#264 = CARTESIAN_POINT('',(20.533841804766,28.918937920646,
    39.368527342603));
#265 = CARTESIAN_POINT('',(21.485617647256,28.072270784984,
    41.194131397856));
#266 = CARTESIAN_POINT('',(22.540274938346,27.175052338404,
    43.039651103553));
#267 = CARTESIAN_POINT('',(23.554319412948,26.323569863472,
    44.764522625878));
#268 = CARTESIAN_POINT('',(24.473348240943,25.551156235161,
    46.33330973093));
#269 = CARTESIAN_POINT('',(25.469546439236,24.785399976192,
    47.851632369024));
#270 = CARTESIAN_POINT('',(26.377457760296,24.107429867025,
    49.26061979719));
#271 = CARTESIAN_POINT('',(27.318244917269,23.4772616243,50.567028999754
    ));
#272 = CARTESIAN_POINT('',(28.246124703335,22.898611883268,
    51.82554479535));
#273 = CARTESIAN_POINT('',(29.156985401713,22.404133782208,
    52.937378441279));
#274 = CARTESIAN_POINT('',(30.083047768698,21.93794929344,
    54.037476003179));
#275 = CARTESIAN_POINT('',(31.075541915938,21.522326133141,
    55.083847175508));
#276 = CARTESIAN_POINT('',(31.965126639224,21.193076753037,
    55.926045507667));
#277 = CARTESIAN_POINT('',(33.023177548488,20.852524307283,
    56.923161172687));
#278 = CARTESIAN_POINT('',(33.982280522182,20.615117028677,
    57.578093151479));
#279 = CARTESIAN_POINT('',(35.056784761386,20.366344556938,
    58.390437367957));
#280 = CARTESIAN_POINT('',(36.236850157667,20.175246979685,
    59.245047833771));
#281 = CARTESIAN_POINT('',(37.354974910321,20.056992554182,
    59.661667751758));
#282 = CARTESIAN_POINT('',(38.586140400248,19.975638532748,
    60.336128586653));
#283 = CARTESIAN_POINT('',(39.89117095847,19.988512718338,
    61.058943353058));
#284 = CARTESIAN_POINT('',(41.174825033554,20.094230249559,
    61.478700595922));
#285 = CARTESIAN_POINT('',(42.461125503276,20.2939761092,61.767274026727
    ));
#286 = CARTESIAN_POINT('',(43.362773734898,20.51528479231,
    62.084322925801));
#287 = CARTESIAN_POINT('',(43.753201983968,20.660191872087,
    62.074801212704));
#288 = CARTESIAN_POINT('',(1.798033019415,36.621013656607,0.103301930584
    ));
#289 = CARTESIAN_POINT('',(2.055768934855,36.598865093482,0.568389762563
    ));
#290 = CARTESIAN_POINT('',(2.664610850849,36.423275229659,1.556165019973
    ));
#291 = CARTESIAN_POINT('',(3.445803149362,36.145663612692,2.858111763869
    ));
#292 = CARTESIAN_POINT('',(4.266450016208,35.904391042947,4.162409244749
    ));
#293 = CARTESIAN_POINT('',(5.207450968112,35.684326538063,5.550143433811
    ));
#294 = CARTESIAN_POINT('',(6.167594751482,35.484126103793,6.945483199199
    ));
#295 = CARTESIAN_POINT('',(7.152927099509,35.279597456662,8.393841827047
    ));
#296 = CARTESIAN_POINT('',(8.212370515768,35.052105951282,9.905848969157
    ));
#297 = CARTESIAN_POINT('',(9.242078320216,34.817848479667,
    11.418468535184));
#298 = CARTESIAN_POINT('',(10.352219490139,34.592329174183,
    13.025587056799));
#299 = CARTESIAN_POINT('',(11.449916071533,34.324009054183,
    14.615829028502));
#300 = CARTESIAN_POINT('',(12.516892680048,34.108238621907,
    16.25748659882));
#301 = CARTESIAN_POINT('',(13.695631451982,33.827098700301,
    17.965006489623));
#302 = CARTESIAN_POINT('',(14.759297098265,33.589787535089,
    19.645591758639));
#303 = CARTESIAN_POINT('',(15.896554352319,33.321992149502,
    21.422410649688));
#304 = CARTESIAN_POINT('',(16.994665666653,33.034338872946,
    23.162588184064));
#305 = CARTESIAN_POINT('',(18.025870940246,32.778923974113,
    24.938051740733));
#306 = CARTESIAN_POINT('',(19.126677226971,32.454855141119,
    26.770479595634));
#307 = CARTESIAN_POINT('',(20.122308392352,32.15239166631,
    28.548257028542));
#308 = CARTESIAN_POINT('',(21.131433763491,31.813658389225,
    30.40927042983));
#309 = CARTESIAN_POINT('',(22.109388656683,31.446142136572,
    32.199008615998));
#310 = CARTESIAN_POINT('',(22.996428808147,31.092741011632,
    34.023774384184));
#311 = CARTESIAN_POINT('',(23.928437111371,30.668139191741,
    35.844911554779));
#312 = CARTESIAN_POINT('',(24.758809222866,30.257096205409,
    37.636772882607));
#313 = CARTESIAN_POINT('',(25.595357493982,29.7987282985,39.420393863304
    ));
#314 = CARTESIAN_POINT('',(26.361883771358,29.33336915925,
    41.186486371673));
#315 = CARTESIAN_POINT('',(27.117478005915,28.836977565316,
    42.903591655095));
#316 = CARTESIAN_POINT('',(27.804028836303,28.330508363,44.623333985063)
  );
#317 = CARTESIAN_POINT('',(28.491398257578,27.796464525021,
    46.269638612319));
#318 = CARTESIAN_POINT('',(29.068532490039,27.272870426222,
    47.881586079968));
#319 = CARTESIAN_POINT('',(29.68682531103,26.706172713358,
    49.486349540166));
#320 = CARTESIAN_POINT('',(30.187762504406,26.160469098884,
    50.972017976169));
#321 = CARTESIAN_POINT('',(30.696186587828,25.585497090086,
    52.502445597512));
#322 = CARTESIAN_POINT('',(31.153371921609,25.012530767378,
    53.898787625357));
#323 = CARTESIAN_POINT('',(31.514255308714,24.443913985643,
    55.205014289685));
#324 = CARTESIAN_POINT('',(31.887649798249,23.853942749658,
    56.585017801642));
#325 = CARTESIAN_POINT('',(32.207154636461,23.2559358586,57.79439927543)
  );
#326 = CARTESIAN_POINT('',(32.468790916434,22.650033991684,
    58.890982098316));
#327 = CARTESIAN_POINT('',(32.715578947165,22.027804942557,
    60.027639669377));
#328 = CARTESIAN_POINT('',(32.972322987256,21.382802348518,
    61.112663595628));
#329 = CARTESIAN_POINT('',(33.141701582023,20.955060935821,
    61.745013080301));
#330 = CARTESIAN_POINT('',(33.221192312328,20.771535048374,
    62.161495589418));
#331 = CARTESIAN_POINT('',(-8.758826910959E-02,41.73513225495,
    5.196676408057E-02));
#332 = CARTESIAN_POINT('',(0.146434141649,41.744337598371,0.563635877977
    ));
#333 = CARTESIAN_POINT('',(0.605225731097,41.728250377458,1.596291091901
    ));
#334 = CARTESIAN_POINT('',(1.36468115623,41.649961745903,3.194320338727)
  );
#335 = CARTESIAN_POINT('',(2.193160599429,41.561604729008,4.858357645922
    ));
#336 = CARTESIAN_POINT('',(3.069763740742,41.45040750605,6.570922548685)
  );
#337 = CARTESIAN_POINT('',(4.000464607534,41.276359806902,8.340140595945
    ));
#338 = CARTESIAN_POINT('',(4.945293297195,41.098601296394,
    10.169165390185));
#339 = CARTESIAN_POINT('',(5.925424513342,40.839796573352,
    12.035906499716));
#340 = CARTESIAN_POINT('',(6.918583317298,40.564805685053,
    13.951569946808));
#341 = CARTESIAN_POINT('',(7.92828668821,40.232372967163,15.887521969166
    ));
#342 = CARTESIAN_POINT('',(8.958531031119,39.846067788347,17.84894812697
    ));
#343 = CARTESIAN_POINT('',(9.976541800481,39.444999667249,
    19.825686100217));
#344 = CARTESIAN_POINT('',(11.027268601586,38.956980492091,
    21.793876443549));
#345 = CARTESIAN_POINT('',(12.047571743689,38.477258605815,
    23.781691302922));
#346 = CARTESIAN_POINT('',(13.079466170105,37.933999528174,
    25.736351743119));
#347 = CARTESIAN_POINT('',(14.108269868785,37.358230152416,
    27.680169036505));
#348 = CARTESIAN_POINT('',(15.112353055883,36.769088349898,
    29.60785095148));
#349 = CARTESIAN_POINT('',(16.122356543929,36.136191787956,
    31.492794873968));
#350 = CARTESIAN_POINT('',(17.108949730418,35.492785276816,
    33.355602127378));
#351 = CARTESIAN_POINT('',(18.079215300174,34.83196928384,
    35.180136144473));
#352 = CARTESIAN_POINT('',(19.045395033566,34.147421150293,
    36.953494700044));
#353 = CARTESIAN_POINT('',(19.982337259096,33.461735066864,
    38.70263890959));
#354 = CARTESIAN_POINT('',(20.904319563552,32.765512188721,
    40.392571830723));
#355 = CARTESIAN_POINT('',(21.818426175051,32.057210427873,
    42.039090021224));
#356 = CARTESIAN_POINT('',(22.69927191259,31.354973579196,
    43.643227602535));
#357 = CARTESIAN_POINT('',(23.571394511561,30.645524770423,
    45.191777671407));
#358 = CARTESIAN_POINT('',(24.422710301492,29.937802031677,
    46.690332342657));
#359 = CARTESIAN_POINT('',(25.253773599867,29.232425693996,
    48.141529514288));
#360 = CARTESIAN_POINT('',(26.068048946354,28.530152797697,
    49.531466300822));
#361 = CARTESIAN_POINT('',(26.863888168719,27.830765547559,
    50.877663688033));
#362 = CARTESIAN_POINT('',(27.640642668974,27.13874012882,
    52.159089808176));
#363 = CARTESIAN_POINT('',(28.399421617002,26.451712168379,
    53.392519402367));
#364 = CARTESIAN_POINT('',(29.143945622928,25.770949098678,
    54.564028759779));
#365 = CARTESIAN_POINT('',(29.865791487614,25.101940610011,
    55.67753330162));
#366 = CARTESIAN_POINT('',(30.577219332102,24.438318100559,
    56.734908336993));
#367 = CARTESIAN_POINT('',(31.273035325912,23.786150662807,
    57.730051287305));
#368 = CARTESIAN_POINT('',(31.946661885066,23.151687552901,
    58.664379330211));
#369 = CARTESIAN_POINT('',(32.621921115562,22.524027732515,
    59.534233645206));
#370 = CARTESIAN_POINT('',(33.26972313797,21.923801330968,60.35137507746
    ));
#371 = CARTESIAN_POINT('',(33.91784029248,21.339654154535,
    61.097884738055));
#372 = CARTESIAN_POINT('',(34.371521331511,20.954048462709,
    61.571198571208));
#373 = CARTESIAN_POINT('',(34.56247672328,20.79260598966,61.839598214269
    ));
#374 = DEFINITIONAL_REPRESENTATION('',(#375),#379);
#375 = LINE('',#376,#377);
#376 = CARTESIAN_POINT('',(0.,0.));
#377 = VECTOR('',#378,1.);
#378 = DIRECTION('',(0.,1.));
#379 = ( GEOMETRIC_REPRESENTATION_CONTEXT(2) 
PARAMETRIC_REPRESENTATION_CONTEXT() REPRESENTATION_CONTEXT('2D SPACE',''
  ) );
#380 = PCURVE('',#381,#546);
#381 = B_SPLINE_SURFACE_WITH_KNOTS('',3,1,(
    (#382,#383)
    ,(#384,#385)
    ,(#386,#387)
    ,(#388,#389)
    ,(#390,#391)
    ,(#392,#393)
    ,(#394,#395)
    ,(#396,#397)
    ,(#398,#399)
    ,(#400,#401)
    ,(#402,#403)
    ,(#404,#405)
    ,(#406,#407)
    ,(#408,#409)
    ,(#410,#411)
    ,(#412,#413)
    ,(#414,#415)
    ,(#416,#417)
    ,(#418,#419)
    ,(#420,#421)
    ,(#422,#423)
    ,(#424,#425)
    ,(#426,#427)
    ,(#428,#429)
    ,(#430,#431)
    ,(#432,#433)
    ,(#434,#435)
    ,(#436,#437)
    ,(#438,#439)
    ,(#440,#441)
    ,(#442,#443)
    ,(#444,#445)
    ,(#446,#447)
    ,(#448,#449)
    ,(#450,#451)
    ,(#452,#453)
    ,(#454,#455)
    ,(#456,#457)
    ,(#458,#459)
    ,(#460,#461)
    ,(#462,#463)
    ,(#464,#465)
    ,(#466,#467)
    ,(#468,#469)
    ,(#470,#471)
    ,(#472,#473)
    ,(#474,#475)
    ,(#476,#477)
    ,(#478,#479)
    ,(#480,#481)
    ,(#482,#483)
    ,(#484,#485)
    ,(#486,#487)
    ,(#488,#489)
    ,(#490,#491)
    ,(#492,#493)
    ,(#494,#495)
    ,(#496,#497)
    ,(#498,#499)
    ,(#500,#501)
    ,(#502,#503)
    ,(#504,#505)
    ,(#506,#507)
    ,(#508,#509)
    ,(#510,#511)
    ,(#512,#513)
    ,(#514,#515)
    ,(#516,#517)
    ,(#518,#519)
    ,(#520,#521)
    ,(#522,#523)
    ,(#524,#525)
    ,(#526,#527)
    ,(#528,#529)
    ,(#530,#531)
    ,(#532,#533)
    ,(#534,#535)
    ,(#536,#537)
    ,(#538,#539)
    ,(#540,#541)
    ,(#542,#543)
    ,(#544,#545
    )),.UNSPECIFIED.,.F.,.F.,.F.,(4,1,1,1,1,1,1,1,1,1,1,1,1,1,1,1,1,1,1,
    1,1,1,1,1,1,1,1,1,1,1,1,1,1,1,1,1,1,1,1,1,1,1,1,1,1,1,1,1,1,1,1,1,1,
    1,1,1,1,1,1,1,1,1,1,1,1,1,1,1,1,1,1,1,1,1,1,1,1,1,1,4),(2,2),(0.,
    2.047061737122E-02,2.065436654803E-02,4.197953187229E-02,
    4.233385943601E-02,6.448046256563E-02,6.499291827459E-02,
    8.797015038157E-02,8.860750045796E-02,0.112398016547,0.113133973984,
    0.137756697501,0.138560963616,0.163910053986,0.164758094624,
    0.190878271418,0.191725250749,0.218473033848,0.219309961912,
    0.246718584775,0.247488786683,0.275460500333,0.276139354687,
    0.304560882848,0.305159700574,0.334054040894,0.334511164597,
    0.363683404588,0.364033495192,0.393508644468,0.393705088314,
    0.423371695578,0.423405849637,0.453054766503,0.453124405974,
    0.4826064957,0.482832235098,0.511950214341,0.512266552622,
    0.541060607237,0.541505423549,0.569831410165,0.570385418956,
    0.598245835998,0.598856743315,0.626210441057,0.626890813843,
    0.653717040891,0.654436290092,0.680682040418,0.681425169793,
    0.707091344305,0.707851651901,0.732880735351,0.733624937129,
    0.758049034342,0.758789141573,0.782496620014,0.783227363615,
    0.806276928119,0.806943710526,0.829280948443,0.829930461877,
    0.851537244528,0.852090358225,0.873031078598,0.873541940638,
    0.893660335903,0.894143848628,0.91349503062,0.913864045087,
    0.932518239572,0.93282412052,0.950645268125,0.950908814877,
    0.967923449359,0.968112906134,0.984340562558,0.984456303694,1.),(0.,
    1.),.UNSPECIFIED.);
#382 = CARTESIAN_POINT('',(6.193228784715,14.101384407157,0.275246423222
    ));
#383 = CARTESIAN_POINT('',(6.478591621945,14.115125826013,
    -0.275246423222));
#384 = CARTESIAN_POINT('',(6.564766213608,14.165664874469,0.56458311193)
  );
#385 = CARTESIAN_POINT('',(6.926972171125,14.185098693668,
    -0.124789970538));
#386 = CARTESIAN_POINT('',(6.939183428761,14.144113127222,0.856258363633
    ));
#387 = CARTESIAN_POINT('',(7.388764476694,14.173972587861,
    6.527833072891E-03));
#388 = CARTESIAN_POINT('',(7.720722490321,14.120599284052,1.430227482325
    ));
#389 = CARTESIAN_POINT('',(8.320770597493,14.17519772779,0.31203427561)
  );
#390 = CARTESIAN_POINT('',(8.139000657577,14.120318713025,1.718839841423
    ));
#391 = CARTESIAN_POINT('',(8.802574430187,14.188728085811,0.492047861677
    ));
#392 = CARTESIAN_POINT('',(8.992362303538,14.137371689361,2.274646728687
    ));
#393 = CARTESIAN_POINT('',(9.755262449641,14.233284035933,0.887037710318
    ));
#394 = CARTESIAN_POINT('',(9.44851787637,14.155867365044,2.554098195688)
  );
#395 = CARTESIAN_POINT('',(10.248394846967,14.266009516061,
    1.112933624306));
#396 = CARTESIAN_POINT('',(10.360196258429,14.191749225536,
    3.091821948831));
#397 = CARTESIAN_POINT('',(11.21416670087,14.328001181643,1.582356002317
    ));
#398 = CARTESIAN_POINT('',(10.845964659666,14.210031492207,
    3.367203207119));
#399 = CARTESIAN_POINT('',(11.718152476581,14.359364000906,
    1.842276213224));
#400 = CARTESIAN_POINT('',(11.803992872282,14.261195006418,
    3.904085795743));
#401 = CARTESIAN_POINT('',(12.699445883635,14.43419286876,2.37459905221)
  );
#402 = CARTESIAN_POINT('',(12.314447569885,14.296976392487,
    4.186979989351));
#403 = CARTESIAN_POINT('',(13.215564863298,14.481038145311,
    2.668813930982));
#404 = CARTESIAN_POINT('',(13.307260218484,14.370903756299,
    4.750138448242));
#405 = CARTESIAN_POINT('',(14.224137458956,14.577155886155,
    3.249328820324));
#406 = CARTESIAN_POINT('',(13.833309081478,14.412261116448,
    5.056012093506));
#407 = CARTESIAN_POINT('',(14.761109634724,14.631049431222,
    3.561706073202));
#408 = CARTESIAN_POINT('',(14.844774363847,14.51059416212,5.663303574554
    ));
#409 = CARTESIAN_POINT('',(15.79131338285,14.753007764298,4.183101227147
    ));
#410 = CARTESIAN_POINT('',(15.377380711506,14.573020905479,
    5.993750880698));
#411 = CARTESIAN_POINT('',(16.332911664051,14.826953475091,
    4.521740110559));
#412 = CARTESIAN_POINT('',(16.41061417065,14.68578172844,6.642075614708)
  );
#413 = CARTESIAN_POINT('',(17.387881931439,14.963043839411,
    5.188489289728));
#414 = CARTESIAN_POINT('',(16.960850417305,14.740736581889,6.9910568428)
  );
#415 = CARTESIAN_POINT('',(17.951283051094,15.032148087314,5.5490616367)
  );
#416 = CARTESIAN_POINT('',(18.000300352583,14.882687347522,
    7.694605400245));
#417 = CARTESIAN_POINT('',(19.011857353356,15.19991758963,6.273737657342
    ));
#418 = CARTESIAN_POINT('',(18.537523007803,14.978025485347,8.08341517422
    ));
#419 = CARTESIAN_POINT('',(19.559052303638,15.306293220468,
    6.672245582717));
#420 = CARTESIAN_POINT('',(19.586373260129,15.133073249116,
    8.835164148939));
#421 = CARTESIAN_POINT('',(20.631716151746,15.484087552385,
    7.445695000135));
#422 = CARTESIAN_POINT('',(20.145621391841,15.197862472066,
    9.231102056847));
#423 = CARTESIAN_POINT('',(21.204595902091,15.563958509592,
    7.855935289354));
#424 = CARTESIAN_POINT('',(21.19221359089,15.369756997453,
    10.044584836881));
#425 = CARTESIAN_POINT('',(22.276675494047,15.765491321453,
    8.699600254385));
#426 = CARTESIAN_POINT('',(21.720830774933,15.485874953565,
    10.496814256759));
#427 = CARTESIAN_POINT('',(22.819329543526,15.895187957497,
    9.167537552669));
#428 = CARTESIAN_POINT('',(22.745222877881,15.690759154284,
    11.378485485878));
#429 = CARTESIAN_POINT('',(23.867012712849,16.123121598162,
    10.075141114407));
#430 = CARTESIAN_POINT('',(23.278218185171,15.785703853875,
    11.839032959383));
#431 = CARTESIAN_POINT('',(24.409491990995,16.229681812207,
    10.547833859897));
#432 = CARTESIAN_POINT('',(24.301217149589,15.979735890573,
    12.767873190177));
#433 = CARTESIAN_POINT('',(25.455723270442,16.450936898778,
    11.507929193723));
#434 = CARTESIAN_POINT('',(24.821475714152,16.085098483955,
    13.26468418461));
#435 = CARTESIAN_POINT('',(25.990396478652,16.572370078967,
    12.024465975157));
#436 = CARTESIAN_POINT('',(25.80571921099,16.303471132884,
    14.268926670049));
#437 = CARTESIAN_POINT('',(26.997459632159,16.817568339265,
    13.062055923552));
#438 = CARTESIAN_POINT('',(26.293052507222,16.421816728643,14.8006758219
    ));
#439 = CARTESIAN_POINT('',(27.494211616433,16.947069087163,
    13.608056404245));
#440 = CARTESIAN_POINT('',(27.258567831852,16.633994233352,
    15.854456880886));
#441 = CARTESIAN_POINT('',(28.48045353292,17.18483477431,14.694434415496
    ));
#442 = CARTESIAN_POINT('',(27.753457431113,16.731106447535,
    16.394294943541));
#443 = CARTESIAN_POINT('',(28.986409353636,17.297274046213,
    15.253599917036));
#444 = CARTESIAN_POINT('',(28.679959038064,16.944667683212,
    17.510982871201));
#445 = CARTESIAN_POINT('',(29.934322572643,17.540924617703,
    16.410357935775));
#446 = CARTESIAN_POINT('',(29.120379974706,17.063376777207,
    18.098962016902));
#447 = CARTESIAN_POINT('',(30.385637137795,17.674412328015,
    17.019168259493));
#448 = CARTESIAN_POINT('',(29.989363824237,17.284391631514,
    19.27552219529));
#449 = CARTESIAN_POINT('',(31.271670456081,17.921021495338,
    18.230795946565));
#450 = CARTESIAN_POINT('',(30.422364239029,17.387834374419,
    19.870006176481));
#451 = CARTESIAN_POINT('',(31.710894825008,18.035451716198,
    18.839752350723));
#452 = CARTESIAN_POINT('',(31.265296018216,17.588933894617,
    21.078674245989));
#453 = CARTESIAN_POINT('',(32.568663774737,18.263808870695,
    20.085730809272));
#454 = CARTESIAN_POINT('',(31.679930733977,17.687733702785,
    21.699532944627));
#455 = CARTESIAN_POINT('',(32.992014525668,18.379027628949,
    20.729642598353));
#456 = CARTESIAN_POINT('',(32.45227060145,17.888557461547,
    22.959035869536));
#457 = CARTESIAN_POINT('',(33.777979697929,18.606928630521,
    22.026960023932));
#458 = CARTESIAN_POINT('',(32.818642397854,17.992516244846,
    23.610383788774));
#459 = CARTESIAN_POINT('',(34.149048280924,18.721976823578,
    22.693615783663));
#460 = CARTESIAN_POINT('',(33.5567413576,18.174661336572,24.889736336137
    ));
#461 = CARTESIAN_POINT('',(34.895994066409,18.931094503121,
    24.010149905164));
#462 = CARTESIAN_POINT('',(33.940314593085,18.256285977699,
    25.539671094757));
#463 = CARTESIAN_POINT('',(35.284766128866,19.028739116482,
    24.682192036757));
#464 = CARTESIAN_POINT('',(34.61147093343,18.42775966108,26.851442753277
    ));
#465 = CARTESIAN_POINT('',(35.965988616914,19.22922921447,
    26.034343706446));
#466 = CARTESIAN_POINT('',(34.916096992037,18.521117266355,27.54228514)
  );
#467 = CARTESIAN_POINT('',(36.27419202935,19.336738467653,
    26.745097017628));
#468 = CARTESIAN_POINT('',(35.530351060948,18.68161258824,
    28.872643442418));
#469 = CARTESIAN_POINT('',(36.891248240339,19.524871851219,
    28.112882794644));
#470 = CARTESIAN_POINT('',(35.856221826797,18.753810202201,
    29.550397926417));
#471 = CARTESIAN_POINT('',(37.218273062111,19.610803779167,
    28.808327505108));
#472 = CARTESIAN_POINT('',(36.423263134015,18.896283396817,
    30.888331913522));
#473 = CARTESIAN_POINT('',(37.788484628704,19.780773770889,30.1817508145
    ));
#474 = CARTESIAN_POINT('',(36.684920765272,18.971016890956,
    31.591795944185));
#475 = CARTESIAN_POINT('',(38.050565052807,19.870626702164,
    30.905042543446));
#476 = CARTESIAN_POINT('',(37.197820847957,19.100601662238,
    32.937863442833));
#477 = CARTESIAN_POINT('',(38.560485300953,20.029680119401,
    32.288487457003));
#478 = CARTESIAN_POINT('',(37.466866516287,19.160603808322,
    33.630154576792));
#479 = CARTESIAN_POINT('',(38.827710163926,20.104708109576,
    32.998902450294));
#480 = CARTESIAN_POINT('',(37.93002257919,19.274808587546,34.97426638444
    ));
#481 = CARTESIAN_POINT('',(39.287428915661,20.247971294282,
    34.376899573936));
#482 = CARTESIAN_POINT('',(38.144451689283,19.333406487654,
    35.678777690207));
#483 = CARTESIAN_POINT('',(39.498454709767,20.322086971701,
    35.099241147457));
#484 = CARTESIAN_POINT('',(38.565275009747,19.433430803434,
    37.016834456169));
#485 = CARTESIAN_POINT('',(39.908967973369,20.453618965402,
    36.473228000703));
#486 = CARTESIAN_POINT('',(38.788151704372,19.479483409182,
    37.707199946455));
#487 = CARTESIAN_POINT('',(40.126418505663,20.516644138102,
    37.182522604912));
#488 = CARTESIAN_POINT('',(39.155843395088,19.566800378169,
    39.035586377969));
#489 = CARTESIAN_POINT('',(40.483544267354,20.635644712777,
    38.542963031116));
#490 = CARTESIAN_POINT('',(39.31934138579,19.611700437124,
    39.730723221279));
#491 = CARTESIAN_POINT('',(40.639200819183,20.696958616833,
    39.253355854872));
#492 = CARTESIAN_POINT('',(39.658524030886,19.685455735036,
    41.040667186411));
#493 = CARTESIAN_POINT('',(40.958588956656,20.804754248449,
    40.596040856347));
#494 = CARTESIAN_POINT('',(39.847172073718,19.718058913647,
    41.714587023927));
#495 = CARTESIAN_POINT('',(41.137170988352,20.856136153691,
    41.288133163945));
#496 = CARTESIAN_POINT('',(40.137685711812,19.780086268814,
    43.007148268812));
#497 = CARTESIAN_POINT('',(41.408212422648,20.954616033359,
    42.614205633843));
#498 = CARTESIAN_POINT('',(40.256079968444,19.812175192265,
    43.683317761143));
#499 = CARTESIAN_POINT('',(41.513514229146,21.006276715178,
    43.308017519244));
#500 = CARTESIAN_POINT('',(40.506579497997,19.86503822705,
    44.952321755683));
#501 = CARTESIAN_POINT('',(41.733772687899,21.096381091135,
    44.605937556059));
#502 = CARTESIAN_POINT('',(40.648197193119,19.888486179669,
    45.602768083483));
#503 = CARTESIAN_POINT('',(41.859344543697,21.13895514968,
    45.268308485323));
#504 = CARTESIAN_POINT('',(40.88140671655,19.929740007666,
    46.840769645134));
#505 = CARTESIAN_POINT('',(42.059183716258,21.219833988593,
    46.535690714911));
#506 = CARTESIAN_POINT('',(40.984753626236,19.949474253844,
    47.482776959986));
#507 = CARTESIAN_POINT('',(42.142673774367,21.261824618596,
    47.196835571669));
#508 = CARTESIAN_POINT('',(41.16711464635,19.983901364719,
    48.694541832733));
#509 = CARTESIAN_POINT('',(42.283306519766,21.337331182372,
    48.43485335896));
#510 = CARTESIAN_POINT('',(41.254710454719,20.000095060656,
    49.315025521135));
#511 = CARTESIAN_POINT('',(42.347212686512,21.374076224866,
    49.063523573766));
#512 = CARTESIAN_POINT('',(41.440708156627,20.025520810002,
    50.487308681691));
#513 = CARTESIAN_POINT('',(42.481856762568,21.441533463007,
    50.258862106565));
#514 = CARTESIAN_POINT('',(41.544905399365,20.035997084432,
    51.085886154429));
#515 = CARTESIAN_POINT('',(42.557842620657,21.475014376798,
    50.873002783163));
#516 = CARTESIAN_POINT('',(41.694739532392,20.055164157218,
    52.228753116145));
#517 = CARTESIAN_POINT('',(42.649482086816,21.538256763729,
    52.04503680145));
#518 = CARTESIAN_POINT('',(41.748573924797,20.064572558458,
    52.814876450097));
#519 = CARTESIAN_POINT('',(42.669890200395,21.57039427197,
    52.646130125892));
#520 = CARTESIAN_POINT('',(41.860164401607,20.080163410651,
    53.918640278191));
#521 = CARTESIAN_POINT('',(42.711411869252,21.628207861145,
    53.769179939258));
#522 = CARTESIAN_POINT('',(41.921360719628,20.086974771389,
    54.474275621686));
#523 = CARTESIAN_POINT('',(42.734433514461,21.655946148644,
    54.32976269183));
#524 = CARTESIAN_POINT('',(42.049338608048,20.098251906011,
    55.532791205346));
#525 = CARTESIAN_POINT('',(42.782408954,21.707039642182,55.40457890735)
  );
#526 = CARTESIAN_POINT('',(42.119083658106,20.103142380325,
    56.067549949701));
#527 = CARTESIAN_POINT('',(42.808642448723,21.732013276925,
    55.951070900897));
#528 = CARTESIAN_POINT('',(42.221257717813,20.112569222853,
    57.093251724734));
#529 = CARTESIAN_POINT('',(42.821417950645,21.778315978,56.997231171109)
  );
#530 = CARTESIAN_POINT('',(42.25801282614,20.117353190919,
    57.609882652655));
#531 = CARTESIAN_POINT('',(42.809727781353,21.800886095953,
    57.523267859891));
#532 = CARTESIAN_POINT('',(42.330700209844,20.128039868439,
    58.592356859809));
#533 = CARTESIAN_POINT('',(42.783069897781,21.840017011767,
    58.519190251851));
#534 = CARTESIAN_POINT('',(42.368120212332,20.134063707785,
    59.079635949215));
#535 = CARTESIAN_POINT('',(42.767948048285,21.857595204164,
    59.010902767886));
#536 = CARTESIAN_POINT('',(42.44694140135,20.142696726337,
    60.011785033573));
#537 = CARTESIAN_POINT('',(42.740366470301,21.892360012539,
    59.950502770577));
#538 = CARTESIAN_POINT('',(42.489201406535,20.145713779842,
    60.472578136272));
#539 = CARTESIAN_POINT('',(42.727394429912,21.910106202127,
    60.414482134439));
#540 = CARTESIAN_POINT('',(42.557635548238,20.167961397509,
    61.367827626659));
#541 = CARTESIAN_POINT('',(42.684737880672,21.927603737763,
    61.320187514481));
#542 = CARTESIAN_POINT('',(42.585345249169,20.187029765682,
    61.810372220896));
#543 = CARTESIAN_POINT('',(42.655427180036,21.928264908844,
    61.77010400496));
#544 = CARTESIAN_POINT('',(42.640622419732,20.268561571897,
    62.230248228739));
#545 = CARTESIAN_POINT('',(42.65299277379,21.862981274369,
    62.196193359796));
#546 = DEFINITIONAL_REPRESENTATION('',(#547),#551);
#547 = LINE('',#548,#549);
#548 = CARTESIAN_POINT('',(0.,0.));
#549 = VECTOR('',#550,1.);
#550 = DIRECTION('',(1.,0.));
#551 = ( GEOMETRIC_REPRESENTATION_CONTEXT(2) 
PARAMETRIC_REPRESENTATION_CONTEXT() REPRESENTATION_CONTEXT('2D SPACE',''
  ) );
#552 = ORIENTED_EDGE('',*,*,#553,.T.);
#553 = EDGE_CURVE('',#22,#554,#556,.T.);
#554 = VERTEX_POINT('',#555);
#555 = CARTESIAN_POINT('',(-8.758826910959E-02,41.73513225495,
    5.196676408057E-02));
#556 = SURFACE_CURVE('',#557,(#565,#572),.PCURVE_S1.);
#557 = B_SPLINE_CURVE_WITH_KNOTS('',6,(#558,#559,#560,#561,#562,#563,
    #564),.UNSPECIFIED.,.F.,.F.,(7,7),(0.,1.),.PIECEWISE_BEZIER_KNOTS.);
#558 = CARTESIAN_POINT('',(6.193228784715,14.101384407157,0.275246423222
    ));
#559 = CARTESIAN_POINT('',(6.183250015093,18.415393680119,0.269394941737
    ));
#560 = CARTESIAN_POINT('',(1.894677781084,24.454635440823,
    9.623377639249E-02));
#561 = CARTESIAN_POINT('',(5.709268321366,26.955993818486,0.222079969707
    ));
#562 = CARTESIAN_POINT('',(-4.651933959794E-03,33.740650931922,
    2.978205898278E-02));
#563 = CARTESIAN_POINT('',(1.798033019415,36.621013656607,0.103301930584
    ));
#564 = CARTESIAN_POINT('',(-8.758826910959E-02,41.73513225495,
    5.196676408057E-02));
#565 = PCURVE('',#72,#566);
#566 = DEFINITIONAL_REPRESENTATION('',(#567),#571);
#567 = LINE('',#568,#569);
#568 = CARTESIAN_POINT('',(0.,0.));
#569 = VECTOR('',#570,1.);
#570 = DIRECTION('',(1.,0.));
#571 = ( GEOMETRIC_REPRESENTATION_CONTEXT(2) 
PARAMETRIC_REPRESENTATION_CONTEXT() REPRESENTATION_CONTEXT('2D SPACE',''
  ) );
#572 = PCURVE('',#573,#588);
#573 = B_SPLINE_SURFACE_WITH_KNOTS('',6,1,(
    (#574,#575)
    ,(#576,#577)
    ,(#578,#579)
    ,(#580,#581)
    ,(#582,#583)
    ,(#584,#585)
    ,(#586,#587)),.UNSPECIFIED.,.F.,.F.,.F.,(7,7),(2,2),(0.,1.),(0.,1.),
  .PIECEWISE_BEZIER_KNOTS.);
#574 = CARTESIAN_POINT('',(6.193228784715,14.101384407157,0.275246423222
    ));
#575 = CARTESIAN_POINT('',(6.478591621945,14.115125826013,
    -0.275246423222));
#576 = CARTESIAN_POINT('',(6.183250015093,18.415393680119,0.269394941737
    ));
#577 = CARTESIAN_POINT('',(6.804077077198,15.451179443778,
    -0.286615209099));
#578 = CARTESIAN_POINT('',(1.894677781084,24.454635440823,
    9.623377639249E-02));
#579 = CARTESIAN_POINT('',(2.479764694555,27.995210757656,
    -0.101026792622));
#580 = CARTESIAN_POINT('',(5.709268321366,26.955993818486,0.222079969707
    ));
#581 = CARTESIAN_POINT('',(5.895199749326,21.887691722326,
    -0.220313782659));
#582 = CARTESIAN_POINT('',(-4.651933959794E-03,33.740650931922,
    2.978205898278E-02));
#583 = CARTESIAN_POINT('',(0.552427368273,37.033025915714,
    -3.528601754902E-02));
#584 = CARTESIAN_POINT('',(1.798033019415,36.621013656607,0.103301930584
    ));
#585 = CARTESIAN_POINT('',(1.96848485901,35.4151897798,-0.101292331467)
  );
#586 = CARTESIAN_POINT('',(-8.758826910959E-02,41.73513225495,
    5.196676408057E-02));
#587 = CARTESIAN_POINT('',(0.111852831492,41.783044418491,
    -5.196676408057E-02));
#588 = DEFINITIONAL_REPRESENTATION('',(#589),#593);
#589 = LINE('',#590,#591);
#590 = CARTESIAN_POINT('',(0.,0.));
#591 = VECTOR('',#592,1.);
#592 = DIRECTION('',(1.,0.));
#593 = ( GEOMETRIC_REPRESENTATION_CONTEXT(2) 
PARAMETRIC_REPRESENTATION_CONTEXT() REPRESENTATION_CONTEXT('2D SPACE',''
  ) );
#594 = ORIENTED_EDGE('',*,*,#595,.T.);
#595 = EDGE_CURVE('',#554,#596,#598,.T.);
#596 = VERTEX_POINT('',#597);
#597 = CARTESIAN_POINT('',(34.56247672328,20.79260598966,61.839598214269
    ));
#598 = SURFACE_CURVE('',#599,(#643,#650),.PCURVE_S1.);
#599 = B_SPLINE_CURVE_WITH_KNOTS('',3,(#600,#601,#602,#603,#604,#605,
    #606,#607,#608,#609,#610,#611,#612,#613,#614,#615,#616,#617,#618,
    #619,#620,#621,#622,#623,#624,#625,#626,#627,#628,#629,#630,#631,
    #632,#633,#634,#635,#636,#637,#638,#639,#640,#641,#642),
  .UNSPECIFIED.,.F.,.F.,(4,1,1,1,1,1,1,1,1,1,1,1,1,1,1,1,1,1,1,1,1,1,1,1
    ,1,1,1,1,1,1,1,1,1,1,1,1,1,1,1,1,4),(0.,2.065436654803E-02,
    4.233385943601E-02,6.499291827459E-02,8.860750045796E-02,
    0.113133973984,0.138560963616,0.164758094624,0.191725250749,
    0.219309961912,0.247488786683,0.276139354687,0.305159700574,
    0.334511164597,0.364033495192,0.393705088314,0.423405849637,
    0.453054766503,0.4826064957,0.511950214341,0.541060607237,
    0.569831410165,0.598245835998,0.626210441057,0.653717040891,
    0.680682040418,0.707091344305,0.732880735351,0.758049034342,
    0.782496620014,0.806276928119,0.829280948443,0.851537244528,
    0.873031078598,0.893660335903,0.91349503062,0.932518239572,
    0.950645268125,0.967923449359,0.984340562558,1.),.UNSPECIFIED.);
#600 = CARTESIAN_POINT('',(-8.758826910959E-02,41.73513225495,
    5.196676408057E-02));
#601 = CARTESIAN_POINT('',(0.146434141649,41.744337598371,0.563635877977
    ));
#602 = CARTESIAN_POINT('',(0.605225731097,41.728250377458,1.596291091901
    ));
#603 = CARTESIAN_POINT('',(1.36468115623,41.649961745903,3.194320338727)
  );
#604 = CARTESIAN_POINT('',(2.193160599429,41.561604729008,4.858357645922
    ));
#605 = CARTESIAN_POINT('',(3.069763740742,41.45040750605,6.570922548685)
  );
#606 = CARTESIAN_POINT('',(4.000464607534,41.276359806902,8.340140595945
    ));
#607 = CARTESIAN_POINT('',(4.945293297195,41.098601296394,
    10.169165390185));
#608 = CARTESIAN_POINT('',(5.925424513342,40.839796573352,
    12.035906499716));
#609 = CARTESIAN_POINT('',(6.918583317298,40.564805685053,
    13.951569946808));
#610 = CARTESIAN_POINT('',(7.92828668821,40.232372967163,15.887521969166
    ));
#611 = CARTESIAN_POINT('',(8.958531031119,39.846067788347,17.84894812697
    ));
#612 = CARTESIAN_POINT('',(9.976541800481,39.444999667249,
    19.825686100217));
#613 = CARTESIAN_POINT('',(11.027268601586,38.956980492091,
    21.793876443549));
#614 = CARTESIAN_POINT('',(12.047571743689,38.477258605815,
    23.781691302922));
#615 = CARTESIAN_POINT('',(13.079466170105,37.933999528174,
    25.736351743119));
#616 = CARTESIAN_POINT('',(14.108269868785,37.358230152416,
    27.680169036505));
#617 = CARTESIAN_POINT('',(15.112353055883,36.769088349898,
    29.60785095148));
#618 = CARTESIAN_POINT('',(16.122356543929,36.136191787956,
    31.492794873968));
#619 = CARTESIAN_POINT('',(17.108949730418,35.492785276816,
    33.355602127378));
#620 = CARTESIAN_POINT('',(18.079215300174,34.83196928384,
    35.180136144473));
#621 = CARTESIAN_POINT('',(19.045395033566,34.147421150293,
    36.953494700044));
#622 = CARTESIAN_POINT('',(19.982337259096,33.461735066864,
    38.70263890959));
#623 = CARTESIAN_POINT('',(20.904319563552,32.765512188721,
    40.392571830723));
#624 = CARTESIAN_POINT('',(21.818426175051,32.057210427873,
    42.039090021224));
#625 = CARTESIAN_POINT('',(22.69927191259,31.354973579196,
    43.643227602535));
#626 = CARTESIAN_POINT('',(23.571394511561,30.645524770423,
    45.191777671407));
#627 = CARTESIAN_POINT('',(24.422710301492,29.937802031677,
    46.690332342657));
#628 = CARTESIAN_POINT('',(25.253773599867,29.232425693996,
    48.141529514288));
#629 = CARTESIAN_POINT('',(26.068048946354,28.530152797697,
    49.531466300822));
#630 = CARTESIAN_POINT('',(26.863888168719,27.830765547559,
    50.877663688033));
#631 = CARTESIAN_POINT('',(27.640642668974,27.13874012882,
    52.159089808176));
#632 = CARTESIAN_POINT('',(28.399421617002,26.451712168379,
    53.392519402367));
#633 = CARTESIAN_POINT('',(29.143945622928,25.770949098678,
    54.564028759779));
#634 = CARTESIAN_POINT('',(29.865791487614,25.101940610011,
    55.67753330162));
#635 = CARTESIAN_POINT('',(30.577219332102,24.438318100559,
    56.734908336993));
#636 = CARTESIAN_POINT('',(31.273035325912,23.786150662807,
    57.730051287305));
#637 = CARTESIAN_POINT('',(31.946661885066,23.151687552901,
    58.664379330211));
#638 = CARTESIAN_POINT('',(32.621921115562,22.524027732515,
    59.534233645206));
#639 = CARTESIAN_POINT('',(33.26972313797,21.923801330968,60.35137507746
    ));
#640 = CARTESIAN_POINT('',(33.91784029248,21.339654154535,
    61.097884738055));
#641 = CARTESIAN_POINT('',(34.371521331511,20.954048462709,
    61.571198571208));
#642 = CARTESIAN_POINT('',(34.56247672328,20.79260598966,61.839598214269
    ));
#643 = PCURVE('',#72,#644);
#644 = DEFINITIONAL_REPRESENTATION('',(#645),#649);
#645 = LINE('',#646,#647);
#646 = CARTESIAN_POINT('',(1.,0.));
#647 = VECTOR('',#648,1.);
#648 = DIRECTION('',(0.,1.));
#649 = ( GEOMETRIC_REPRESENTATION_CONTEXT(2) 
PARAMETRIC_REPRESENTATION_CONTEXT() REPRESENTATION_CONTEXT('2D SPACE',''
  ) );
#650 = PCURVE('',#651,#816);
#651 = B_SPLINE_SURFACE_WITH_KNOTS('',3,1,(
    (#652,#653)
    ,(#654,#655)
    ,(#656,#657)
    ,(#658,#659)
    ,(#660,#661)
    ,(#662,#663)
    ,(#664,#665)
    ,(#666,#667)
    ,(#668,#669)
    ,(#670,#671)
    ,(#672,#673)
    ,(#674,#675)
    ,(#676,#677)
    ,(#678,#679)
    ,(#680,#681)
    ,(#682,#683)
    ,(#684,#685)
    ,(#686,#687)
    ,(#688,#689)
    ,(#690,#691)
    ,(#692,#693)
    ,(#694,#695)
    ,(#696,#697)
    ,(#698,#699)
    ,(#700,#701)
    ,(#702,#703)
    ,(#704,#705)
    ,(#706,#707)
    ,(#708,#709)
    ,(#710,#711)
    ,(#712,#713)
    ,(#714,#715)
    ,(#716,#717)
    ,(#718,#719)
    ,(#720,#721)
    ,(#722,#723)
    ,(#724,#725)
    ,(#726,#727)
    ,(#728,#729)
    ,(#730,#731)
    ,(#732,#733)
    ,(#734,#735)
    ,(#736,#737)
    ,(#738,#739)
    ,(#740,#741)
    ,(#742,#743)
    ,(#744,#745)
    ,(#746,#747)
    ,(#748,#749)
    ,(#750,#751)
    ,(#752,#753)
    ,(#754,#755)
    ,(#756,#757)
    ,(#758,#759)
    ,(#760,#761)
    ,(#762,#763)
    ,(#764,#765)
    ,(#766,#767)
    ,(#768,#769)
    ,(#770,#771)
    ,(#772,#773)
    ,(#774,#775)
    ,(#776,#777)
    ,(#778,#779)
    ,(#780,#781)
    ,(#782,#783)
    ,(#784,#785)
    ,(#786,#787)
    ,(#788,#789)
    ,(#790,#791)
    ,(#792,#793)
    ,(#794,#795)
    ,(#796,#797)
    ,(#798,#799)
    ,(#800,#801)
    ,(#802,#803)
    ,(#804,#805)
    ,(#806,#807)
    ,(#808,#809)
    ,(#810,#811)
    ,(#812,#813)
    ,(#814,#815
    )),.UNSPECIFIED.,.F.,.F.,.F.,(4,1,1,1,1,1,1,1,1,1,1,1,1,1,1,1,1,1,1,
    1,1,1,1,1,1,1,1,1,1,1,1,1,1,1,1,1,1,1,1,1,1,1,1,1,1,1,1,1,1,1,1,1,1,
    1,1,1,1,1,1,1,1,1,1,1,1,1,1,1,1,1,1,1,1,1,1,1,1,1,1,4),(2,2),(0.,
    2.047061737122E-02,2.065436654803E-02,4.197953187229E-02,
    4.233385943601E-02,6.448046256563E-02,6.499291827459E-02,
    8.797015038157E-02,8.860750045796E-02,0.112398016547,0.113133973984,
    0.137756697501,0.138560963616,0.163910053986,0.164758094624,
    0.190878271418,0.191725250749,0.218473033848,0.219309961912,
    0.246718584775,0.247488786683,0.275460500333,0.276139354687,
    0.304560882848,0.305159700574,0.334054040894,0.334511164597,
    0.363683404588,0.364033495192,0.393508644468,0.393705088314,
    0.423371695578,0.423405849637,0.453054766503,0.453124405974,
    0.4826064957,0.482832235098,0.511950214341,0.512266552622,
    0.541060607237,0.541505423549,0.569831410165,0.570385418956,
    0.598245835998,0.598856743315,0.626210441057,0.626890813843,
    0.653717040891,0.654436290092,0.680682040418,0.681425169793,
    0.707091344305,0.707851651901,0.732880735351,0.733624937129,
    0.758049034342,0.758789141573,0.782496620014,0.783227363615,
    0.806276928119,0.806943710526,0.829280948443,0.829930461877,
    0.851537244528,0.852090358225,0.873031078598,0.873541940638,
    0.893660335903,0.894143848628,0.91349503062,0.913864045087,
    0.932518239572,0.93282412052,0.950645268125,0.950908814877,
    0.967923449359,0.968112906134,0.984340562558,0.984456303694,1.),(0.,
    1.),.UNSPECIFIED.);
#652 = CARTESIAN_POINT('',(-8.758826910959E-02,41.73513225495,
    5.196676408057E-02));
#653 = CARTESIAN_POINT('',(0.111852831492,41.783044418491,
    -5.196676408057E-02));
#654 = CARTESIAN_POINT('',(0.14435218841,41.744255704101,0.559083873041)
  );
#655 = CARTESIAN_POINT('',(0.398502005522,41.80647251291,0.432400498937)
  );
#656 = CARTESIAN_POINT('',(0.368283677832,41.736558592434,1.062978249362
    ));
#657 = CARTESIAN_POINT('',(0.682871998717,41.816431894311,0.910985484456
    ));
#658 = CARTESIAN_POINT('',(0.840443785006,41.703867975247,2.090940892488
    ));
#659 = CARTESIAN_POINT('',(1.257377909786,41.816542499899,1.898866232345
    ));
#660 = CARTESIAN_POINT('',(1.095765070941,41.677683020416,2.628473081584
    ));
#661 = CARTESIAN_POINT('',(1.554677309342,41.805747640684,2.421551637621
    ));
#662 = CARTESIAN_POINT('',(1.618562909493,41.622874275254,3.703955740475
    ));
#663 = CARTESIAN_POINT('',(2.140767950429,41.777661420658,3.477358128316
    ));
#664 = CARTESIAN_POINT('',(1.899005587453,41.592976248936,4.267534399739
    ));
#665 = CARTESIAN_POINT('',(2.443159898272,41.759376846484,4.036086542954
    ));
#666 = CARTESIAN_POINT('',(2.459537799723,41.527732903089,5.378539719071
    ));
#667 = CARTESIAN_POINT('',(3.032953288146,41.713248194082,5.14363782052)
  );
#668 = CARTESIAN_POINT('',(2.758200871699,41.489929296678,5.962241596746
    ));
#669 = CARTESIAN_POINT('',(3.339449445987,41.683328880017,5.728958327475
    ));
#670 = CARTESIAN_POINT('',(3.35123922084,41.397483054754,7.105743097254)
  );
#671 = CARTESIAN_POINT('',(3.938888435212,41.602744745118,6.879657851796
    ));
#672 = CARTESIAN_POINT('',(3.669480178061,41.338256255545,7.710954950073
    ));
#673 = CARTESIAN_POINT('',(4.255549675936,41.548331111221,7.490791281902
    ));
#674 = CARTESIAN_POINT('',(4.285560968089,41.222716219887,8.892223644577
    ));
#675 = CARTESIAN_POINT('',(4.869861175717,41.443537053193,8.681654094791
    ));
#676 = CARTESIAN_POINT('',(4.610276939907,41.161630721007,9.520631713487
    ));
#677 = CARTESIAN_POINT('',(5.194647339801,41.388182585311,9.313990161373
    ));
#678 = CARTESIAN_POINT('',(5.241821569735,41.019884903489,
    10.733756105908));
#679 = CARTESIAN_POINT('',(5.825807668101,41.256319264788,
    10.535000199569));
#680 = CARTESIAN_POINT('',(5.578534327141,40.931393307632,11.37522539865
    ));
#681 = CARTESIAN_POINT('',(6.161797919562,41.173199646881,11.18097344371
    ));
#682 = CARTESIAN_POINT('',(6.226707950547,40.756304748283,
    12.617173975819));
#683 = CARTESIAN_POINT('',(6.807567319334,41.009315864456,
    12.430144201063));
#684 = CARTESIAN_POINT('',(6.568892493612,40.661629868509,
    13.277065601633));
#685 = CARTESIAN_POINT('',(7.148085492201,40.920412187316,
    13.092856216521));
#686 = CARTESIAN_POINT('',(7.227116533744,40.462943957384,
    14.543073513232));
#687 = CARTESIAN_POINT('',(7.803389685716,40.732093598208,
    14.364895430375));
#688 = CARTESIAN_POINT('',(7.574158096783,40.348965556157,15.20853447393
    ));
#689 = CARTESIAN_POINT('',(8.149031955344,40.623444705143,15.03403004784
    ));
#690 = CARTESIAN_POINT('',(8.245333875657,40.113267830943,
    16.491064822107));
#691 = CARTESIAN_POINT('',(8.816555988776,40.398302325216,
    16.322188929436));
#692 = CARTESIAN_POINT('',(8.599460918994,39.980706376587,
    17.165334074387));
#693 = CARTESIAN_POINT('',(9.168065103243,40.271608763825,
    16.998552347462));
#694 = CARTESIAN_POINT('',(9.275372239732,39.721159575437,
    18.464342034772));
#695 = CARTESIAN_POINT('',(9.838272200703,40.023551807808,18.30082358312
    ));
#696 = CARTESIAN_POINT('',(9.624367103644,39.583746769156,19.14184549911
    ));
#697 = CARTESIAN_POINT('',(10.18431569727,39.891707688345,
    18.979591440887));
#698 = CARTESIAN_POINT('',(10.307114658764,39.291204485162,
    20.444654558967));
#699 = CARTESIAN_POINT('',(10.862369417991,39.609090086455,
    20.28653201428));
#700 = CARTESIAN_POINT('',(10.665642494735,39.124940873606,
    21.116489123979));
#701 = CARTESIAN_POINT('',(11.218535562851,39.448212302686,
    20.961557208431));
#702 = CARTESIAN_POINT('',(11.351779029151,38.804387338509,
    22.426319479823));
#703 = CARTESIAN_POINT('',(11.898150259411,39.139157715532,
    22.274846924838));
#704 = CARTESIAN_POINT('',(11.699560701733,38.640884989586,
    23.10367563103));
#705 = CARTESIAN_POINT('',(12.241950770598,38.981518888911,
    22.952303389935));
#706 = CARTESIAN_POINT('',(12.380230187263,38.302008190376,
    24.411715982382));
#707 = CARTESIAN_POINT('',(12.916212614111,38.652968023529,
    24.262622928079));
#708 = CARTESIAN_POINT('',(12.72959805275,38.118193788618,
    25.073615952737));
#709 = CARTESIAN_POINT('',(13.262839936957,38.474141028532,
    24.926941766663));
#710 = CARTESIAN_POINT('',(13.414803347266,37.746289750243,
    26.369930736625));
#711 = CARTESIAN_POINT('',(13.941589169012,38.112629064856,
    26.226645799542));
#712 = CARTESIAN_POINT('',(13.762260934226,37.551873846071,
    27.026421240375));
#713 = CARTESIAN_POINT('',(14.285205020765,37.923768783606,
    26.884099813153));
#714 = CARTESIAN_POINT('',(14.440333852183,37.163387542126,
    28.31768575688));
#715 = CARTESIAN_POINT('',(14.955455511865,37.546087170674,
    28.176473221392));
#716 = CARTESIAN_POINT('',(14.777553608313,36.965530589503,
    28.965088630074));
#717 = CARTESIAN_POINT('',(15.288681163483,37.3535269866,28.824020613392
    ));
#718 = CARTESIAN_POINT('',(15.449393578593,36.55788928912,
    30.236861140487));
#719 = CARTESIAN_POINT('',(15.953909262902,36.955536281334,
    30.099052320121));
#720 = CARTESIAN_POINT('',(15.78741231376,36.346077252932,
    30.867696942622));
#721 = CARTESIAN_POINT('',(16.289259928521,36.748142440582,
    30.733016721335));
#722 = CARTESIAN_POINT('',(16.453491396977,35.920242272558,
    32.11801752355));
#723 = CARTESIAN_POINT('',(16.94843697825,36.331935618517,
    31.986574890776));
#724 = CARTESIAN_POINT('',(16.785278539886,35.703856141144,
    32.744468796768));
#725 = CARTESIAN_POINT('',(17.27593818057,36.120828668425,
    32.613168352071));
#726 = CARTESIAN_POINT('',(17.437246719478,35.269192986644,
    33.972947566525));
#727 = CARTESIAN_POINT('',(17.921111848171,35.695253948145,
    33.844883284653));
#728 = CARTESIAN_POINT('',(17.764255183937,35.046443449478,
    34.587812888981));
#729 = CARTESIAN_POINT('',(18.24553197652,35.476411241195,
    34.462869649164));
#730 = CARTESIAN_POINT('',(18.407756131252,34.599194775189,
    35.783150959949));
#731 = CARTESIAN_POINT('',(18.882561022575,35.037785189403,
    35.662762523691));
#732 = CARTESIAN_POINT('',(18.735100117903,34.367227338454,
    36.384024170118));
#733 = CARTESIAN_POINT('',(19.205975911903,34.810630929383,
    36.265064116745));
#734 = CARTESIAN_POINT('',(19.366286441024,33.912581939944,
    37.55255548731));
#735 = CARTESIAN_POINT('',(19.830207300913,34.364577739509,
    37.436647440277));
#736 = CARTESIAN_POINT('',(19.684669591207,33.679520802299,
    38.14684989521));
#737 = CARTESIAN_POINT('',(20.14530934014,34.135572446921,
    38.032804627716));
#738 = CARTESIAN_POINT('',(20.299859399469,33.221962375592,
    39.284636108031));
#739 = CARTESIAN_POINT('',(20.75445112803,33.685609577416,
    39.176060660204));
#740 = CARTESIAN_POINT('',(20.614158620532,32.984562139532,
    39.860627376192));
#741 = CARTESIAN_POINT('',(21.065829671746,33.451945710388,
    39.75564440179));
#742 = CARTESIAN_POINT('',(21.220610312082,32.520432138642,
    40.962284886498));
#743 = CARTESIAN_POINT('',(21.666219073555,32.99512164191,40.86328361624
    ));
#744 = CARTESIAN_POINT('',(21.532689465899,32.278540054433,
    41.524478966573));
#745 = CARTESIAN_POINT('',(21.975073144966,32.756971732604,
    41.428098334763));
#746 = CARTESIAN_POINT('',(22.12450293846,31.81319677982,42.596496634011
    ));
#747 = CARTESIAN_POINT('',(22.561103302731,32.298438222819,
    42.506390034767));
#748 = CARTESIAN_POINT('',(22.426135650743,31.572664314001,
    43.145636981626));
#749 = CARTESIAN_POINT('',(22.859763583693,32.061352062593,
    43.059486064005));
#750 = CARTESIAN_POINT('',(23.003625595974,31.107389858309,
    44.183641207139));
#751 = CARTESIAN_POINT('',(23.431405786771,31.60254683231,
    44.105204669859));
#752 = CARTESIAN_POINT('',(23.302386003432,30.864284429469,
    44.714061777722));
#753 = CARTESIAN_POINT('',(23.727215287285,31.36263018049,
    44.639584657673));
#754 = CARTESIAN_POINT('',(23.869364026564,30.397814339446,
    45.716287628675));
#755 = CARTESIAN_POINT('',(24.288177324655,30.902448081494,
    45.649777835335));
#756 = CARTESIAN_POINT('',(24.161537742543,30.154849675002,
    46.230536821244));
#757 = CARTESIAN_POINT('',(24.576980761613,30.662884632017,
    46.168387014379));
#758 = CARTESIAN_POINT('',(24.714561720157,29.69008914958,
    47.199961337382));
#759 = CARTESIAN_POINT('',(25.124111244628,30.203933747839,
    47.147103091153));
#760 = CARTESIAN_POINT('',(24.999603627223,29.448097417388,
    47.69753188964));
#761 = CARTESIAN_POINT('',(25.40635417335,29.964610395938,
    47.650070301551));
#762 = CARTESIAN_POINT('',(25.54030064042,28.985310052456,
    48.630620183334));
#763 = CARTESIAN_POINT('',(25.940707123684,29.507475973047,
    48.59378345418));
#764 = CARTESIAN_POINT('',(25.82009376494,28.743933178284,
    49.108151352535));
#765 = CARTESIAN_POINT('',(26.216704295396,29.26934105381,
    49.076851927571));
#766 = CARTESIAN_POINT('',(26.348975314366,28.283273384753,
    50.006665728028));
#767 = CARTESIAN_POINT('',(26.738075516578,28.814838194034,
    49.985536880207));
#768 = CARTESIAN_POINT('',(26.622009188444,28.043278889816,
    50.468338421261));
#769 = CARTESIAN_POINT('',(27.00706351452,28.578009782587,
    50.452489861316));
#770 = CARTESIAN_POINT('',(27.138447413946,27.586155472452,
    51.330609101604));
#771 = CARTESIAN_POINT('',(27.51619111068,28.126033316445,
    51.328124439984));
#772 = CARTESIAN_POINT('',(27.405065543359,27.348559354697,
    51.770352465691));
#773 = CARTESIAN_POINT('',(27.779212788842,27.89069089447,51.77632695989
    ));
#774 = CARTESIAN_POINT('',(27.909324155447,26.895465464783,52.5958437504
    ));
#775 = CARTESIAN_POINT('',(28.27447089951,27.443268955254,
    52.615783699856));
#776 = CARTESIAN_POINT('',(28.169340959634,26.660001468164,
    53.018310586645));
#777 = CARTESIAN_POINT('',(28.528700307213,27.211448489133,
    53.044509743012));
#778 = CARTESIAN_POINT('',(28.663234781904,26.210491927612,
    53.807629712889));
#779 = CARTESIAN_POINT('',(29.01241739026,26.767194128264,53.85012871844
    ));
#780 = CARTESIAN_POINT('',(28.917653273128,25.977814560785,
    54.207840089423));
#781 = CARTESIAN_POINT('',(29.262094867984,26.536341220609,
    54.260914969444));
#782 = CARTESIAN_POINT('',(29.399693289638,25.533921544243,
    54.958539835312));
#783 = CARTESIAN_POINT('',(29.732429811271,26.097036516404,
    55.031231745149));
#784 = CARTESIAN_POINT('',(29.646496243276,25.305164060723,
    55.339066165632));
#785 = CARTESIAN_POINT('',(29.971762900643,25.871272061676,
    55.421543272145));
#786 = CARTESIAN_POINT('',(30.118459546131,24.866250915897,
    56.053066673531));
#787 = CARTESIAN_POINT('',(30.42729563751,25.438343268601,
    56.154966817427));
#788 = CARTESIAN_POINT('',(30.360943260299,24.640047290514,
    56.413288462967));
#789 = CARTESIAN_POINT('',(30.66037221028,25.215282414394,
    56.525562025168));
#790 = CARTESIAN_POINT('',(30.824173512128,24.206855362906,
    57.088097561571));
#791 = CARTESIAN_POINT('',(31.104856159169,24.785879419762,
    57.225345778832));
#792 = CARTESIAN_POINT('',(31.060525718435,23.985315890968,
    57.425995752358));
#793 = CARTESIAN_POINT('',(31.331291306215,24.565172250972,
    57.578501642743));
#794 = CARTESIAN_POINT('',(31.511866093433,23.561205091045,
    58.061312400116));
#795 = CARTESIAN_POINT('',(31.759246020337,24.142594399694,
    58.243770047167));
#796 = CARTESIAN_POINT('',(31.740470232152,23.345921013139,
    58.378153637772));
#797 = CARTESIAN_POINT('',(31.973721847985,23.928135374889,
    58.576150070889));
#798 = CARTESIAN_POINT('',(32.186465771976,22.928787579397,
    58.973289503313));
#799 = CARTESIAN_POINT('',(32.387454726742,23.511131900784,
    59.203791381743));
#800 = CARTESIAN_POINT('',(32.414641043756,22.716702374391,
    59.267166773358));
#801 = CARTESIAN_POINT('',(32.597061607266,23.298325122214,
    59.515298762063));
#802 = CARTESIAN_POINT('',(32.85181146376,22.31102090068,59.824218736159
    ));
#803 = CARTESIAN_POINT('',(32.993883445051,22.886032323778,
    60.109769074385));
#804 = CARTESIAN_POINT('',(33.070250945872,22.108669283347,
    60.099563013016));
#805 = CARTESIAN_POINT('',(33.189775044245,22.677944311503,
    60.40561840856));
#806 = CARTESIAN_POINT('',(33.499104909727,21.717059828503,
    60.615579947505));
#807 = CARTESIAN_POINT('',(33.56780191715,22.270738215452,
    60.965709993083));
#808 = CARTESIAN_POINT('',(33.716310086258,21.52136399663,
    60.865609753618));
#809 = CARTESIAN_POINT('',(33.756243422869,22.065127074461,
    61.239758945417));
#810 = CARTESIAN_POINT('',(34.151675988114,21.140905766503,
    61.341839543097));
#811 = CARTESIAN_POINT('',(34.130509556582,21.651369812373,
    61.752434612618));
#812 = CARTESIAN_POINT('',(34.372932710053,20.95285521836,
    61.573182351259));
#813 = CARTESIAN_POINT('',(34.319424419629,21.440057411678,
    61.996695417139));
#814 = CARTESIAN_POINT('',(34.56247672328,20.79260598966,61.839598214269
    ));
#815 = CARTESIAN_POINT('',(34.48738158132,21.22140474976,62.239737599367
    ));
#816 = DEFINITIONAL_REPRESENTATION('',(#817),#821);
#817 = LINE('',#818,#819);
#818 = CARTESIAN_POINT('',(0.,0.));
#819 = VECTOR('',#820,1.);
#820 = DIRECTION('',(1.,0.));
#821 = ( GEOMETRIC_REPRESENTATION_CONTEXT(2) 
PARAMETRIC_REPRESENTATION_CONTEXT() REPRESENTATION_CONTEXT('2D SPACE',''
  ) );
#822 = ORIENTED_EDGE('',*,*,#823,.F.);
#823 = EDGE_CURVE('',#24,#596,#824,.T.);
#824 = SURFACE_CURVE('',#825,(#833,#840),.PCURVE_S1.);
#825 = B_SPLINE_CURVE_WITH_KNOTS('',6,(#826,#827,#828,#829,#830,#831,
    #832),.UNSPECIFIED.,.F.,.F.,(7,7),(0.,1.),.PIECEWISE_BEZIER_KNOTS.);
#826 = CARTESIAN_POINT('',(42.640622419732,20.268561571897,
    62.230248228739));
#827 = CARTESIAN_POINT('',(37.318512839184,20.294349726896,
    62.055142013878));
#828 = CARTESIAN_POINT('',(47.350351363368,20.560164525335,
    62.361588171634));
#829 = CARTESIAN_POINT('',(28.792388158683,20.394682438832,
    62.030190955167));
#830 = CARTESIAN_POINT('',(43.753201983968,20.660191872087,
    62.074801212704));
#831 = CARTESIAN_POINT('',(33.221192312328,20.771535048374,
    62.161495589418));
#832 = CARTESIAN_POINT('',(34.56247672328,20.79260598966,61.839598214269
    ));
#833 = PCURVE('',#72,#834);
#834 = DEFINITIONAL_REPRESENTATION('',(#835),#839);
#835 = LINE('',#836,#837);
#836 = CARTESIAN_POINT('',(0.,1.));
#837 = VECTOR('',#838,1.);
#838 = DIRECTION('',(1.,0.));
#839 = ( GEOMETRIC_REPRESENTATION_CONTEXT(2) 
PARAMETRIC_REPRESENTATION_CONTEXT() REPRESENTATION_CONTEXT('2D SPACE',''
  ) );
#840 = PCURVE('',#841,#856);
#841 = B_SPLINE_SURFACE_WITH_KNOTS('',6,1,(
    (#842,#843)
    ,(#844,#845)
    ,(#846,#847)
    ,(#848,#849)
    ,(#850,#851)
    ,(#852,#853)
    ,(#854,#855)),.UNSPECIFIED.,.F.,.F.,.F.,(7,7),(2,2),(0.,1.),(0.,1.),
  .PIECEWISE_BEZIER_KNOTS.);
#842 = CARTESIAN_POINT('',(42.640622419732,20.268561571897,
    62.230248228739));
#843 = CARTESIAN_POINT('',(42.65299277379,21.862981274369,
    62.196193359796));
#844 = CARTESIAN_POINT('',(37.318512839184,20.294349726896,
    62.055142013878));
#845 = CARTESIAN_POINT('',(39.892702256949,21.931312915847,
    62.44926568117));
#846 = CARTESIAN_POINT('',(47.350351363368,20.560164525335,
    62.361588171634));
#847 = CARTESIAN_POINT('',(41.962497376086,21.469811048779,
    62.007399483445));
#848 = CARTESIAN_POINT('',(28.792388158683,20.394682438832,
    62.030190955167));
#849 = CARTESIAN_POINT('',(35.951129358688,21.920531916739,
    62.600960077512));
#850 = CARTESIAN_POINT('',(43.753201983968,20.660191872087,
    62.074801212704));
#851 = CARTESIAN_POINT('',(38.641069295921,21.301526669555,
    62.041546536858));
#852 = CARTESIAN_POINT('',(33.221192312328,20.771535048374,
    62.161495589418));
#853 = CARTESIAN_POINT('',(35.09541677252,21.5434692205,62.7305291156));
#854 = CARTESIAN_POINT('',(34.56247672328,20.79260598966,61.839598214269
    ));
#855 = CARTESIAN_POINT('',(34.48738158132,21.22140474976,62.239737599367
    ));
#856 = DEFINITIONAL_REPRESENTATION('',(#857),#861);
#857 = LINE('',#858,#859);
#858 = CARTESIAN_POINT('',(0.,0.));
#859 = VECTOR('',#860,1.);
#860 = DIRECTION('',(1.,0.));
#861 = ( GEOMETRIC_REPRESENTATION_CONTEXT(2) 
PARAMETRIC_REPRESENTATION_CONTEXT() REPRESENTATION_CONTEXT('2D SPACE',''
  ) );
#862 = ADVANCED_FACE('',(#863),#381,.F.);
#863 = FACE_BOUND('',#864,.F.);
#864 = EDGE_LOOP('',(#865,#866,#888,#1253));
#865 = ORIENTED_EDGE('',*,*,#21,.T.);
#866 = ORIENTED_EDGE('',*,*,#867,.T.);
#867 = EDGE_CURVE('',#24,#868,#870,.T.);
#868 = VERTEX_POINT('',#869);
#869 = CARTESIAN_POINT('',(42.65299277379,21.862981274369,
    62.196193359796));
#870 = SURFACE_CURVE('',#871,(#874,#881),.PCURVE_S1.);
#871 = B_SPLINE_CURVE_WITH_KNOTS('',1,(#872,#873),.UNSPECIFIED.,.F.,.F.,
  (2,2),(0.,1.),.PIECEWISE_BEZIER_KNOTS.);
#872 = CARTESIAN_POINT('',(42.640622419732,20.268561571897,
    62.230248228739));
#873 = CARTESIAN_POINT('',(42.65299277379,21.862981274369,
    62.196193359796));
#874 = PCURVE('',#381,#875);
#875 = DEFINITIONAL_REPRESENTATION('',(#876),#880);
#876 = LINE('',#877,#878);
#877 = CARTESIAN_POINT('',(1.,0.));
#878 = VECTOR('',#879,1.);
#879 = DIRECTION('',(0.,1.));
#880 = ( GEOMETRIC_REPRESENTATION_CONTEXT(2) 
PARAMETRIC_REPRESENTATION_CONTEXT() REPRESENTATION_CONTEXT('2D SPACE',''
  ) );
#881 = PCURVE('',#841,#882);
#882 = DEFINITIONAL_REPRESENTATION('',(#883),#887);
#883 = LINE('',#884,#885);
#884 = CARTESIAN_POINT('',(0.,0.));
#885 = VECTOR('',#886,1.);
#886 = DIRECTION('',(0.,1.));
#887 = ( GEOMETRIC_REPRESENTATION_CONTEXT(2) 
PARAMETRIC_REPRESENTATION_CONTEXT() REPRESENTATION_CONTEXT('2D SPACE',''
  ) );
#888 = ORIENTED_EDGE('',*,*,#889,.F.);
#889 = EDGE_CURVE('',#890,#868,#892,.T.);
#890 = VERTEX_POINT('',#891);
#891 = CARTESIAN_POINT('',(6.478591621945,14.115125826013,
    -0.275246423222));
#892 = SURFACE_CURVE('',#893,(#937,#944),.PCURVE_S1.);
#893 = B_SPLINE_CURVE_WITH_KNOTS('',3,(#894,#895,#896,#897,#898,#899,
    #900,#901,#902,#903,#904,#905,#906,#907,#908,#909,#910,#911,#912,
    #913,#914,#915,#916,#917,#918,#919,#920,#921,#922,#923,#924,#925,
    #926,#927,#928,#929,#930,#931,#932,#933,#934,#935,#936),
  .UNSPECIFIED.,.F.,.F.,(4,1,1,1,1,1,1,1,1,1,1,1,1,1,1,1,1,1,1,1,1,1,1,1
    ,1,1,1,1,1,1,1,1,1,1,1,1,1,1,1,1,4),(0.,2.047061737122E-02,
    4.197953187229E-02,6.448046256563E-02,8.797015038157E-02,
    0.112398016547,0.137756697501,0.163910053986,0.190878271418,
    0.218473033848,0.246718584775,0.275460500333,0.304560882848,
    0.334054040894,0.363683404588,0.393508644468,0.423371695578,
    0.453124405974,0.482832235098,0.512266552622,0.541505423549,
    0.570385418956,0.598856743315,0.626890813843,0.654436290092,
    0.681425169793,0.707851651901,0.733624937129,0.758789141573,
    0.783227363615,0.806943710526,0.829930461877,0.852090358225,
    0.873541940638,0.894143848628,0.913864045087,0.93282412052,
    0.950908814877,0.968112906134,0.984456303694,1.),.UNSPECIFIED.);
#894 = CARTESIAN_POINT('',(6.478591621945,14.115125826013,
    -0.275246423222));
#895 = CARTESIAN_POINT('',(6.926972171125,14.185098693668,
    -0.124789970538));
#896 = CARTESIAN_POINT('',(7.865554565553,14.162485135792,0.142110488949
    ));
#897 = CARTESIAN_POINT('',(9.28668458368,14.20217232787,0.672592231846)
  );
#898 = CARTESIAN_POINT('',(10.733349585953,14.298225134639,
    1.334660995947));
#899 = CARTESIAN_POINT('',(12.204598190837,14.389336632658,
    2.092581047571));
#900 = CARTESIAN_POINT('',(13.707500285836,14.525569522478,
    2.949098024753));
#901 = CARTESIAN_POINT('',(15.266618556001,14.681247910105,
    3.855140684857));
#902 = CARTESIAN_POINT('',(16.840530838602,14.896503922043,
    4.838914679389));
#903 = CARTESIAN_POINT('',(18.476748946441,15.095414309026,
    5.883911784469));
#904 = CARTESIAN_POINT('',(20.069818424485,15.406530681961,
    7.044461108305));
#905 = CARTESIAN_POINT('',(21.741423642735,15.637256778584,
    8.238103002161));
#906 = CARTESIAN_POINT('',(23.329481027137,16.017720315962,9.60733529436
    ));
#907 = CARTESIAN_POINT('',(24.925142020733,16.330603666195,
    10.996015291221));
#908 = CARTESIAN_POINT('',(26.501259169083,16.688059327311,
    12.516680185909));
#909 = CARTESIAN_POINT('',(27.974898745334,17.072681309147,
    14.13636281566));
#910 = CARTESIAN_POINT('',(29.481095872623,17.40681962846,
    15.799023047816));
#911 = CARTESIAN_POINT('',(30.831354914521,17.806347004675,
    17.620320116276));
#912 = CARTESIAN_POINT('',(32.149987550197,18.149823404593,
    19.448480431029));
#913 = CARTESIAN_POINT('',(33.413634383772,18.493794798369,
    21.371146287583));
#914 = CARTESIAN_POINT('',(34.518534263154,18.836619829425,
    23.358049706682));
#915 = CARTESIAN_POINT('',(35.670653701718,19.125493700437,
    25.349052934519));
#916 = CARTESIAN_POINT('',(36.578507922341,19.443252233278,
    27.449009896655));
#917 = CARTESIAN_POINT('',(37.541253764281,19.695390938699,
    29.494568952724));
#918 = CARTESIAN_POINT('',(38.308079389589,19.959228157552,
    31.618196128384));
#919 = CARTESIAN_POINT('',(39.090158548519,20.178185240425,
    33.696251725354));
#920 = CARTESIAN_POINT('',(39.7046825424,20.39477083447,35.807882313326)
  );
#921 = CARTESIAN_POINT('',(40.338936952299,20.578057741471,
    37.875222409765));
#922 = CARTESIAN_POINT('',(40.790386762872,20.756826429879,
    39.947260211696));
#923 = CARTESIAN_POINT('',(41.311113273611,20.905948570286,
    41.960696932477));
#924 = CARTESIAN_POINT('',(41.614761294681,21.056463880719,
    43.981987932997));
#925 = CARTESIAN_POINT('',(41.981170776466,21.180043820202,
    45.909021157401));
#926 = CARTESIAN_POINT('',(42.22266294511,21.302328995178,
    47.834664023197));
#927 = CARTESIAN_POINT('',(42.408671803208,21.409479922315,
    49.669904780755));
#928 = CARTESIAN_POINT('',(42.630913713453,21.507116327346,
    51.462338467449));
#929 = CARTESIAN_POINT('',(42.688833429408,21.601148418649,
    53.221472806778));
#930 = CARTESIAN_POINT('',(42.756494590183,21.682456995486,
    54.865947373229));
#931 = CARTESIAN_POINT('',(42.833633832191,21.755762670809,
    56.471106410493));
#932 = CARTESIAN_POINT('',(42.79837464495,21.822315499084,
    58.022946059972));
#933 = CARTESIAN_POINT('',(42.753616193312,21.874213021209,
    59.476260507791));
#934 = CARTESIAN_POINT('',(42.715112150579,21.926918575401,
    60.853945336005));
#935 = CARTESIAN_POINT('',(42.655427180036,21.928264908844,
    61.77010400496));
#936 = CARTESIAN_POINT('',(42.65299277379,21.862981274369,
    62.196193359796));
#937 = PCURVE('',#381,#938);
#938 = DEFINITIONAL_REPRESENTATION('',(#939),#943);
#939 = LINE('',#940,#941);
#940 = CARTESIAN_POINT('',(0.,1.));
#941 = VECTOR('',#942,1.);
#942 = DIRECTION('',(1.,0.));
#943 = ( GEOMETRIC_REPRESENTATION_CONTEXT(2) 
PARAMETRIC_REPRESENTATION_CONTEXT() REPRESENTATION_CONTEXT('2D SPACE',''
  ) );
#944 = PCURVE('',#945,#1247);
#945 = B_SPLINE_SURFACE_WITH_KNOTS('',6,3,(
    (#946,#947,#948,#949,#950,#951,#952,#953,#954,#955,#956,#957,#958
      ,#959,#960,#961,#962,#963,#964,#965,#966,#967,#968,#969,#970,#971
      ,#972,#973,#974,#975,#976,#977,#978,#979,#980,#981,#982,#983,#984
      ,#985,#986,#987,#988)
    ,(#989,#990,#991,#992,#993,#994,#995,#996,#997,#998,#999,#1000,#1001
      ,#1002,#1003,#1004,#1005,#1006,#1007,#1008,#1009,#1010,#1011,#1012
      ,#1013,#1014,#1015,#1016,#1017,#1018,#1019,#1020,#1021,#1022,#1023
      ,#1024,#1025,#1026,#1027,#1028,#1029,#1030,#1031)
    ,(#1032,#1033,#1034,#1035,#1036,#1037,#1038,#1039,#1040,#1041,#1042
      ,#1043,#1044,#1045,#1046,#1047,#1048,#1049,#1050,#1051,#1052,#1053
      ,#1054,#1055,#1056,#1057,#1058,#1059,#1060,#1061,#1062,#1063,#1064
      ,#1065,#1066,#1067,#1068,#1069,#1070,#1071,#1072,#1073,#1074)
    ,(#1075,#1076,#1077,#1078,#1079,#1080,#1081,#1082,#1083,#1084,#1085
      ,#1086,#1087,#1088,#1089,#1090,#1091,#1092,#1093,#1094,#1095,#1096
      ,#1097,#1098,#1099,#1100,#1101,#1102,#1103,#1104,#1105,#1106,#1107
      ,#1108,#1109,#1110,#1111,#1112,#1113,#1114,#1115,#1116,#1117)
    ,(#1118,#1119,#1120,#1121,#1122,#1123,#1124,#1125,#1126,#1127,#1128
      ,#1129,#1130,#1131,#1132,#1133,#1134,#1135,#1136,#1137,#1138,#1139
      ,#1140,#1141,#1142,#1143,#1144,#1145,#1146,#1147,#1148,#1149,#1150
      ,#1151,#1152,#1153,#1154,#1155,#1156,#1157,#1158,#1159,#1160)
    ,(#1161,#1162,#1163,#1164,#1165,#1166,#1167,#1168,#1169,#1170,#1171
      ,#1172,#1173,#1174,#1175,#1176,#1177,#1178,#1179,#1180,#1181,#1182
      ,#1183,#1184,#1185,#1186,#1187,#1188,#1189,#1190,#1191,#1192,#1193
      ,#1194,#1195,#1196,#1197,#1198,#1199,#1200,#1201,#1202,#1203)
    ,(#1204,#1205,#1206,#1207,#1208,#1209,#1210,#1211,#1212,#1213,#1214
      ,#1215,#1216,#1217,#1218,#1219,#1220,#1221,#1222,#1223,#1224,#1225
      ,#1226,#1227,#1228,#1229,#1230,#1231,#1232,#1233,#1234,#1235,#1236
      ,#1237,#1238,#1239,#1240,#1241,#1242,#1243,#1244,#1245,#1246
  )),.UNSPECIFIED.,.F.,.F.,.F.,(7,7),(4,1,1,1,1,1,1,1,1,1,1,1,1,1,1,1,1,
    1,1,1,1,1,1,1,1,1,1,1,1,1,1,1,1,1,1,1,1,1,1,1,4),(0.,1.),(0.,
    2.047061737122E-02,4.197953187229E-02,6.448046256563E-02,
    8.797015038157E-02,0.112398016547,0.137756697501,0.163910053986,
    0.190878271418,0.218473033848,0.246718584775,0.275460500333,
    0.304560882848,0.334054040894,0.363683404588,0.393508644468,
    0.423371695578,0.453124405974,0.482832235098,0.512266552622,
    0.541505423549,0.570385418956,0.598856743315,0.626890813843,
    0.654436290092,0.681425169793,0.707851651901,0.733624937129,
    0.758789141573,0.783227363615,0.806943710526,0.829930461877,
    0.852090358225,0.873541940638,0.894143848628,0.913864045087,
    0.93282412052,0.950908814877,0.968112906134,0.984456303694,1.),
  .UNSPECIFIED.);
#946 = CARTESIAN_POINT('',(6.478591621945,14.115125826013,
    -0.275246423222));
#947 = CARTESIAN_POINT('',(6.926972171125,14.185098693668,
    -0.124789970538));
#948 = CARTESIAN_POINT('',(7.865554565553,14.162485135792,0.142110488949
    ));
#949 = CARTESIAN_POINT('',(9.28668458368,14.20217232787,0.672592231846)
  );
#950 = CARTESIAN_POINT('',(10.733349585953,14.298225134639,
    1.334660995947));
#951 = CARTESIAN_POINT('',(12.204598190837,14.389336632658,
    2.092581047571));
#952 = CARTESIAN_POINT('',(13.707500285836,14.525569522478,
    2.949098024753));
#953 = CARTESIAN_POINT('',(15.266618556001,14.681247910105,
    3.855140684857));
#954 = CARTESIAN_POINT('',(16.840530838602,14.896503922043,
    4.838914679389));
#955 = CARTESIAN_POINT('',(18.476748946441,15.095414309026,
    5.883911784469));
#956 = CARTESIAN_POINT('',(20.069818424485,15.406530681961,
    7.044461108305));
#957 = CARTESIAN_POINT('',(21.741423642735,15.637256778584,
    8.238103002161));
#958 = CARTESIAN_POINT('',(23.329481027137,16.017720315962,9.60733529436
    ));
#959 = CARTESIAN_POINT('',(24.925142020733,16.330603666195,
    10.996015291221));
#960 = CARTESIAN_POINT('',(26.501259169083,16.688059327311,
    12.516680185909));
#961 = CARTESIAN_POINT('',(27.974898745334,17.072681309147,
    14.13636281566));
#962 = CARTESIAN_POINT('',(29.481095872623,17.40681962846,
    15.799023047816));
#963 = CARTESIAN_POINT('',(30.831354914521,17.806347004675,
    17.620320116276));
#964 = CARTESIAN_POINT('',(32.149987550197,18.149823404593,
    19.448480431029));
#965 = CARTESIAN_POINT('',(33.413634383772,18.493794798369,
    21.371146287583));
#966 = CARTESIAN_POINT('',(34.518534263154,18.836619829425,
    23.358049706682));
#967 = CARTESIAN_POINT('',(35.670653701718,19.125493700437,
    25.349052934519));
#968 = CARTESIAN_POINT('',(36.578507922341,19.443252233278,
    27.449009896655));
#969 = CARTESIAN_POINT('',(37.541253764281,19.695390938699,
    29.494568952724));
#970 = CARTESIAN_POINT('',(38.308079389589,19.959228157552,
    31.618196128384));
#971 = CARTESIAN_POINT('',(39.090158548519,20.178185240425,
    33.696251725354));
#972 = CARTESIAN_POINT('',(39.7046825424,20.39477083447,35.807882313326)
  );
#973 = CARTESIAN_POINT('',(40.338936952299,20.578057741471,
    37.875222409765));
#974 = CARTESIAN_POINT('',(40.790386762872,20.756826429879,
    39.947260211696));
#975 = CARTESIAN_POINT('',(41.311113273611,20.905948570286,
    41.960696932477));
#976 = CARTESIAN_POINT('',(41.614761294681,21.056463880719,
    43.981987932997));
#977 = CARTESIAN_POINT('',(41.981170776466,21.180043820202,
    45.909021157401));
#978 = CARTESIAN_POINT('',(42.22266294511,21.302328995178,
    47.834664023197));
#979 = CARTESIAN_POINT('',(42.408671803208,21.409479922315,
    49.669904780755));
#980 = CARTESIAN_POINT('',(42.630913713453,21.507116327346,
    51.462338467449));
#981 = CARTESIAN_POINT('',(42.688833429408,21.601148418649,
    53.221472806778));
#982 = CARTESIAN_POINT('',(42.756494590183,21.682456995486,
    54.865947373229));
#983 = CARTESIAN_POINT('',(42.833633832191,21.755762670809,
    56.471106410493));
#984 = CARTESIAN_POINT('',(42.79837464495,21.822315499084,
    58.022946059972));
#985 = CARTESIAN_POINT('',(42.753616193312,21.874213021209,
    59.476260507791));
#986 = CARTESIAN_POINT('',(42.715112150579,21.926918575401,
    60.853945336005));
#987 = CARTESIAN_POINT('',(42.655427180036,21.928264908844,
    61.77010400496));
#988 = CARTESIAN_POINT('',(42.65299277379,21.862981274369,
    62.196193359796));
#989 = CARTESIAN_POINT('',(6.804077077198,15.451179443778,
    -0.286615209099));
#990 = CARTESIAN_POINT('',(7.253716823346,15.567578814842,
    -0.165297211115));
#991 = CARTESIAN_POINT('',(8.265180908502,15.676929706669,0.121397055476
    ));
#992 = CARTESIAN_POINT('',(9.564792710862,15.920859081189,0.598041233713
    ));
#993 = CARTESIAN_POINT('',(10.834111302935,16.210121444055,
    1.181666059101));
#994 = CARTESIAN_POINT('',(12.179017337162,16.474100798686,
    1.886742613847));
#995 = CARTESIAN_POINT('',(13.509363059333,16.758355673632,
    2.669259718707));
#996 = CARTESIAN_POINT('',(14.870488516544,17.074423791389,
    3.490964463585));
#997 = CARTESIAN_POINT('',(16.285635548931,17.473510341637,
    4.421048819773));
#998 = CARTESIAN_POINT('',(17.669949413967,17.835962295585,5.3543556143)
  );
#999 = CARTESIAN_POINT('',(19.093406605676,18.356407548451,
    6.460506025149));
#1000 = CARTESIAN_POINT('',(20.524728802374,18.758542441137,
    7.55455512371));
#1001 = CARTESIAN_POINT('',(21.832263308876,19.326272938206,
    8.773719021691));
#1002 = CARTESIAN_POINT('',(23.290967448096,19.858427497885,
    10.15164237927));
#1003 = CARTESIAN_POINT('',(24.580348126514,20.374779990639,
    11.502169692502));
#1004 = CARTESIAN_POINT('',(25.894819698929,20.975272204511,
    13.088274046258));
#1005 = CARTESIAN_POINT('',(27.185584822948,21.467140785584,
    14.648496628684));
#1006 = CARTESIAN_POINT('',(28.30987778968,22.015711746029,
    16.326640933133));
#1007 = CARTESIAN_POINT('',(29.507467002316,22.542183928875,
    18.182859925265));
#1008 = CARTESIAN_POINT('',(30.568018790114,22.983128816921,
    19.968295985068));
#1009 = CARTESIAN_POINT('',(31.556284758569,23.466469841197,
    21.990004498718));
#1010 = CARTESIAN_POINT('',(32.55556372464,23.813489860558,
    23.912522763799));
#1011 = CARTESIAN_POINT('',(33.331345571614,24.181547497616,
    25.975305128442));
#1012 = CARTESIAN_POINT('',(34.196425061423,24.464084635975,
    28.070310551953));
#1013 = CARTESIAN_POINT('',(34.855716027604,24.707295840885,
    30.187597875087));
#1014 = CARTESIAN_POINT('',(35.554521825524,24.87937980576,32.3165463171
    ));
#1015 = CARTESIAN_POINT('',(36.091978811772,25.008916397974,
    34.481973269963));
#1016 = CARTESIAN_POINT('',(36.660578497395,25.060901122111,
    36.591814723206));
#1017 = CARTESIAN_POINT('',(37.062448899859,25.081423874286,
    38.770537897659));
#1018 = CARTESIAN_POINT('',(37.541983094283,25.022517118533,
    40.843783105299));
#1019 = CARTESIAN_POINT('',(37.821974087718,24.923001778422,
    42.910748745448));
#1020 = CARTESIAN_POINT('',(38.180577322229,24.784486236207,
    45.013572827735));
#1021 = CARTESIAN_POINT('',(38.433151004979,24.582744222219,
    46.93498698811));
#1022 = CARTESIAN_POINT('',(38.650594178047,24.366614095207,
    48.997095717237));
#1023 = CARTESIAN_POINT('',(38.925438578918,24.098216425406,
    50.846916527914));
#1024 = CARTESIAN_POINT('',(39.066392010827,23.805067020696,
    52.61876820677));
#1025 = CARTESIAN_POINT('',(39.237433080161,23.507586991975,
    54.525174061327));
#1026 = CARTESIAN_POINT('',(39.443105018045,23.191558475499,
    56.196192193432));
#1027 = CARTESIAN_POINT('',(39.557898698644,22.877392226531,
    57.787995215029));
#1028 = CARTESIAN_POINT('',(39.675618284082,22.573492379109,
    59.413090672376));
#1029 = CARTESIAN_POINT('',(39.800959805452,22.299007818411,
    60.990707566529));
#1030 = CARTESIAN_POINT('',(39.846492161577,22.093621262712,
    61.945195081765));
#1031 = CARTESIAN_POINT('',(39.892702256949,21.931312915847,
    62.44926568117));
#1032 = CARTESIAN_POINT('',(2.479764694555,27.995210757656,
    -0.101026792622));
#1033 = CARTESIAN_POINT('',(2.857422414836,27.982895417165,
    0.284962026532));
#1034 = CARTESIAN_POINT('',(3.538241757791,27.817851011276,
    0.972308716984));
#1035 = CARTESIAN_POINT('',(4.865020272728,27.556295477758,
    2.194098771998));
#1036 = CARTESIAN_POINT('',(6.257949794565,27.315452592619,3.55411758348
    ));
#1037 = CARTESIAN_POINT('',(7.575322047811,27.074471122916,
    4.964972435753));
#1038 = CARTESIAN_POINT('',(8.976996515541,26.844322576714,
    6.471088337848));
#1039 = CARTESIAN_POINT('',(10.450037680298,26.604374417884,
    8.051534305864));
#1040 = CARTESIAN_POINT('',(11.892246424291,26.312598739204,
    9.642387865403));
#1041 = CARTESIAN_POINT('',(13.493770260268,26.029339514452,
    11.371002858304));
#1042 = CARTESIAN_POINT('',(14.97267886329,25.70220953474,13.07885855782
    ));
#1043 = CARTESIAN_POINT('',(16.589811974037,25.354673511561,
    14.883443276613));
#1044 = CARTESIAN_POINT('',(18.218269324563,25.046910704126,
    16.836313836893));
#1045 = CARTESIAN_POINT('',(19.669368698439,24.609420183731,
    18.604092159726));
#1046 = CARTESIAN_POINT('',(21.295429300047,24.275793580202,
    20.659019068319));
#1047 = CARTESIAN_POINT('',(22.710669680025,23.837709286853,
    22.550328563456));
#1048 = CARTESIAN_POINT('',(24.210896510349,23.428881539221,
    24.550435060812));
#1049 = CARTESIAN_POINT('',(25.640624313082,23.055397940706,
    26.658426366904));
#1050 = CARTESIAN_POINT('',(26.920315245775,22.574555660358,
    28.514732344958));
#1051 = CARTESIAN_POINT('',(28.267654526754,22.203809617127,
    30.617770057957));
#1052 = CARTESIAN_POINT('',(29.424031559295,21.760304488192,
    32.489968665163));
#1053 = CARTESIAN_POINT('',(30.644473871396,21.384397408679,
    34.472608717733));
#1054 = CARTESIAN_POINT('',(31.713169158083,21.041707031638,
    36.432578510982));
#1055 = CARTESIAN_POINT('',(32.756645993419,20.677747830878,
    38.221890500119));
#1056 = CARTESIAN_POINT('',(33.720697867817,20.398206024864,
    40.07932210976));
#1057 = CARTESIAN_POINT('',(34.645455554015,20.129721299295,
    41.816916128553));
#1058 = CARTESIAN_POINT('',(35.485831873866,19.925193407936,
    43.522571041037));
#1059 = CARTESIAN_POINT('',(36.310977036997,19.766132194869,
    45.193541029598));
#1060 = CARTESIAN_POINT('',(37.029143453707,19.657191221449,
    46.746111299998));
#1061 = CARTESIAN_POINT('',(37.760427723603,19.601903650179,
    48.302436845091));
#1062 = CARTESIAN_POINT('',(38.365149256496,19.628041388168,
    49.845882870525));
#1063 = CARTESIAN_POINT('',(38.97755554669,19.654333291264,
    51.146165750438));
#1064 = CARTESIAN_POINT('',(39.495778478254,19.785963737137,
    52.650870857725));
#1065 = CARTESIAN_POINT('',(39.969273566383,19.913720845669,
    53.779396524885));
#1066 = CARTESIAN_POINT('',(40.415464219784,20.10194597336,
    55.086385248906));
#1067 = CARTESIAN_POINT('',(40.745748359289,20.337526083097,
    56.40532179139));
#1068 = CARTESIAN_POINT('',(41.054510086202,20.555862183953,
    57.315500402899));
#1069 = CARTESIAN_POINT('',(41.318200532838,20.792524098914,
    58.444240311439));
#1070 = CARTESIAN_POINT('',(41.506116360143,21.029504083431,
    59.552856555112));
#1071 = CARTESIAN_POINT('',(41.659950574548,21.230806095428,
    60.419492965418));
#1072 = CARTESIAN_POINT('',(41.811372053747,21.40107599315,
    61.185676612657));
#1073 = CARTESIAN_POINT('',(41.91157252315,21.481565827839,
    61.798273540904));
#1074 = CARTESIAN_POINT('',(41.962497376086,21.469811048779,
    62.007399483445));
#1075 = CARTESIAN_POINT('',(5.895199749326,21.887691722326,
    -0.220313782659));
#1076 = CARTESIAN_POINT('',(6.321768800036,22.033536610435,
    1.66200223597E-02));
#1077 = CARTESIAN_POINT('',(7.340747321938,22.24649293008,0.626371559353
    ));
#1078 = CARTESIAN_POINT('',(8.445570974655,22.608802211507,
    1.481415539985));
#1079 = CARTESIAN_POINT('',(9.463486872865,22.971170556408,
    2.410963858625));
#1080 = CARTESIAN_POINT('',(10.594687174302,23.260835574763,3.4852487457
    ));
#1081 = CARTESIAN_POINT('',(11.670197916587,23.504361262525,
    4.609304913007));
#1082 = CARTESIAN_POINT('',(12.751608571384,23.756505833614,
    5.771559992919));
#1083 = CARTESIAN_POINT('',(13.92309721478,24.052668334839,7.06218447403
    ));
#1084 = CARTESIAN_POINT('',(14.978843088947,24.268598292462,
    8.295069317687));
#1085 = CARTESIAN_POINT('',(16.155199364574,24.612128237684,
    9.735763650272));
#1086 = CARTESIAN_POINT('',(17.268537438231,24.791815322329,
    11.096713560496));
#1087 = CARTESIAN_POINT('',(18.246353627825,25.085927624934,
    12.515915564498));
#1088 = CARTESIAN_POINT('',(19.490592606587,25.352164606158,
    14.16633929025));
#1089 = CARTESIAN_POINT('',(20.446981015108,25.533256392061,
    15.618874909664));
#1090 = CARTESIAN_POINT('',(21.55591052219,25.815188568711,
    17.373450896512));
#1091 = CARTESIAN_POINT('',(22.586678362003,25.954191884182,
    18.994105764179));
#1092 = CARTESIAN_POINT('',(23.473506632652,26.129202918249,
    20.647997213816));
#1093 = CARTESIAN_POINT('',(24.521479501289,26.332470754348,
    22.569671776875));
#1094 = CARTESIAN_POINT('',(25.375862883138,26.404826151051,
    24.235775425874));
#1095 = CARTESIAN_POINT('',(26.254220183608,26.578797160477,
    26.229615919641));
#1096 = CARTESIAN_POINT('',(27.104732290358,26.599348077794,
    28.000692155848));
#1097 = CARTESIAN_POINT('',(27.790450105115,26.66619168747,
    29.888659481174));
#1098 = CARTESIAN_POINT('',(28.576474232892,26.690266384127,
    31.855182683974));
#1099 = CARTESIAN_POINT('',(29.185248873069,26.677183211532,
    33.756414947473));
#1100 = CARTESIAN_POINT('',(29.839031592486,26.630240542256,
    35.699475465385));
#1101 = CARTESIAN_POINT('',(30.366699671146,26.555769759185,
    37.653546214452));
#1102 = CARTESIAN_POINT('',(30.921804496934,26.422236888435,
    39.531504017808));
#1103 = CARTESIAN_POINT('',(31.35090575486,26.282219132688,
    41.510692807037));
#1104 = CARTESIAN_POINT('',(31.843478745066,26.069521885264,
    43.344838868759));
#1105 = CARTESIAN_POINT('',(32.185938951926,25.822199098049,
    45.149113025717));
#1106 = CARTESIAN_POINT('',(32.595362630548,25.566618640903,
    47.092153001137));
#1107 = CARTESIAN_POINT('',(32.933902788601,25.22773726428,
    48.710865462785));
#1108 = CARTESIAN_POINT('',(33.252236480752,24.907186614207,
    50.650285868773));
#1109 = CARTESIAN_POINT('',(33.63227064102,24.520764161954,
    52.250507061443));
#1110 = CARTESIAN_POINT('',(33.927842543517,24.112695009786,
    53.737687538165));
#1111 = CARTESIAN_POINT('',(34.258763577804,23.724012244916,
    55.561061691505));
#1112 = CARTESIAN_POINT('',(34.63930857406,23.31638064543,
    57.002438095399));
#1113 = CARTESIAN_POINT('',(34.962203377552,22.927248854597,
    58.342327495354));
#1114 = CARTESIAN_POINT('',(35.296445333578,22.572826662231,
    59.833467660769));
#1115 = CARTESIAN_POINT('',(35.639408632051,22.271221930458,
    61.3017680801));
#1116 = CARTESIAN_POINT('',(35.837367892983,22.0676046054,
    62.104425280526));
#1117 = CARTESIAN_POINT('',(35.951129358688,21.920531916739,
    62.600960077512));
#1118 = CARTESIAN_POINT('',(0.552427368273,37.033025915714,
    -3.528601754902E-02));
#1119 = CARTESIAN_POINT('',(0.875553975025,37.01573252982,0.492165573205
    ));
#1120 = CARTESIAN_POINT('',(1.445758376654,36.888072575547,
    1.481524308052));
#1121 = CARTESIAN_POINT('',(2.554433442555,36.625562499456,
    3.133200453843));
#1122 = CARTESIAN_POINT('',(3.719044472138,36.344145689581,4.90936979371
    ));
#1123 = CARTESIAN_POINT('',(4.821855581023,36.039352780052,
    6.728340424236));
#1124 = CARTESIAN_POINT('',(6.001935097173,35.692928097008,
    8.630066712598));
#1125 = CARTESIAN_POINT('',(7.233986646699,35.32144842933,
    10.596902411779));
#1126 = CARTESIAN_POINT('',(8.454967187115,34.851193687593,
    12.55902932379));
#1127 = CARTESIAN_POINT('',(9.793913157471,34.375444485818,
    14.627742431193));
#1128 = CARTESIAN_POINT('',(11.054491149448,33.81103717208,
    16.640592207949));
#1129 = CARTESIAN_POINT('',(12.416871154921,33.221506054434,
    18.722811720144));
#1130 = CARTESIAN_POINT('',(13.800385836797,32.626388280452,
    20.859077644466));
#1131 = CARTESIAN_POINT('',(15.062054348947,31.911062314278,
    22.827415599338));
#1132 = CARTESIAN_POINT('',(16.450886277112,31.277471498054,
    24.981308111945));
#1133 = CARTESIAN_POINT('',(17.70329792266,30.542765555425,
    26.94134173361));
#1134 = CARTESIAN_POINT('',(19.015518173198,29.838161817159,
    28.965101637693));
#1135 = CARTESIAN_POINT('',(20.295898977828,29.159423713447,
    31.006281710878));
#1136 = CARTESIAN_POINT('',(21.470746987945,28.404718288096,
    32.819758563318));
#1137 = CARTESIAN_POINT('',(22.699346512383,27.747095328777,
    34.788261470062));
#1138 = CARTESIAN_POINT('',(23.808284728914,27.0429948923,
    36.530984521357));
#1139 = CARTESIAN_POINT('',(24.953023215137,26.405032804397,
    38.339529288724));
#1140 = CARTESIAN_POINT('',(26.022475306319,25.803016259223,
    40.087736260687));
#1141 = CARTESIAN_POINT('',(27.050485803492,25.201569274389,
    41.691609616992));
#1142 = CARTESIAN_POINT('',(28.05710738759,24.672106376546,
    43.311596842094));
#1143 = CARTESIAN_POINT('',(29.012678887302,24.166278651154,
    44.838650128932));
#1144 = CARTESIAN_POINT('',(29.933933810704,23.717963750075,
    46.30704023775));
#1145 = CARTESIAN_POINT('',(30.826679856434,23.313895064131,
    47.748953615976));
#1146 = CARTESIAN_POINT('',(31.666289086273,22.956392823053,
    49.077554605242));
#1147 = CARTESIAN_POINT('',(32.487378231227,22.647366431096,
    50.408593472489));
#1148 = CARTESIAN_POINT('',(33.247903929404,22.406933873135,
    51.710784488448));
#1149 = CARTESIAN_POINT('',(33.986198459185,22.172877801258,
    52.826985862893));
#1150 = CARTESIAN_POINT('',(34.66451951656,22.025265950892,
    54.088994151246));
#1151 = CARTESIAN_POINT('',(35.309427786024,21.880064480856,
    55.055435685487));
#1152 = CARTESIAN_POINT('',(35.903865975969,21.786044072452,
    56.160226138568));
#1153 = CARTESIAN_POINT('',(36.433323573267,21.734722335945,
    57.259867808419));
#1154 = CARTESIAN_POINT('',(36.926128443474,21.675077540665,
    58.047057018317));
#1155 = CARTESIAN_POINT('',(37.355428351489,21.635011435126,
    58.999731154681));
#1156 = CARTESIAN_POINT('',(37.739913988101,21.600106179467,
    59.927150620189));
#1157 = CARTESIAN_POINT('',(38.067323986706,21.544859900482,
    60.671578048361));
#1158 = CARTESIAN_POINT('',(38.369770219318,21.46776035518,
    61.338524754188));
#1159 = CARTESIAN_POINT('',(38.571151127773,21.383647701356,
    61.854693466146));
#1160 = CARTESIAN_POINT('',(38.641069295921,21.301526669555,
    62.041546536858));
#1161 = CARTESIAN_POINT('',(1.96848485901,35.4151897798,-0.101292331467)
  );
#1162 = CARTESIAN_POINT('',(2.298166897791,35.47460085253,0.283593160134
    ));
#1163 = CARTESIAN_POINT('',(3.028398506213,35.540287558617,
    1.140255204584));
#1164 = CARTESIAN_POINT('',(3.987764085601,35.617497241454,
    2.406832560857));
#1165 = CARTESIAN_POINT('',(4.923413301746,35.688066698546,
    3.749944516508));
#1166 = CARTESIAN_POINT('',(5.902866805524,35.720574585656,
    5.203499983791));
#1167 = CARTESIAN_POINT('',(6.880048800091,35.701676206414,
    6.707962784017));
#1168 = CARTESIAN_POINT('',(7.879455562112,35.690035916136,
    8.272630849912));
#1169 = CARTESIAN_POINT('',(8.927100326708,35.641938635636,
    9.908585523337));
#1170 = CARTESIAN_POINT('',(9.952822549784,35.566790223662,
    11.562260172326));
#1171 = CARTESIAN_POINT('',(11.026776786892,35.492956420486,
    13.31126235837));
#1172 = CARTESIAN_POINT('',(12.094043349362,35.339665796841,
    15.050906309627));
#1173 = CARTESIAN_POINT('',(13.122427117421,35.214277517474,
    16.845953275244));
#1174 = CARTESIAN_POINT('',(14.237232477009,35.017646624412,
    18.697360261926));
#1175 = CARTESIAN_POINT('',(15.253443589213,34.807923917403,
    20.520073914806));
#1176 = CARTESIAN_POINT('',(16.322240797439,34.574310075398,
    22.428992549753));
#1177 = CARTESIAN_POINT('',(17.360660990441,34.277380405676,
    24.289717355098));
#1178 = CARTESIAN_POINT('',(18.340933849785,33.980469165299,
    26.166208503773));
#1179 = CARTESIAN_POINT('',(19.36777514668,33.646809877361,
    28.094642688851));
#1180 = CARTESIAN_POINT('',(20.319118396408,33.270379246414,
    29.940129197157));
#1181 = CARTESIAN_POINT('',(21.264752706368,32.897865245378,
    31.861261205171));
#1182 = CARTESIAN_POINT('',(22.198344810366,32.457777136521,
    33.689526608643));
#1183 = CARTESIAN_POINT('',(23.05495034581,32.032285967607,
    35.529902681595));
#1184 = CARTESIAN_POINT('',(23.936347662201,31.564328166022,
    37.36493034867));
#1185 = CARTESIAN_POINT('',(24.750110562684,31.086463168644,
    39.141798329064));
#1186 = CARTESIAN_POINT('',(25.555912004246,30.584825346207,
    40.90773476248));
#1187 = CARTESIAN_POINT('',(26.315403457915,30.072314087631,
    42.636939177938));
#1188 = CARTESIAN_POINT('',(27.066648253085,29.533672450689,
    44.310752589346));
#1189 = CARTESIAN_POINT('',(27.763322171071,28.996859759318,
    45.975758493318));
#1190 = CARTESIAN_POINT('',(28.468245731858,28.428614831908,
    47.563456208175));
#1191 = CARTESIAN_POINT('',(29.107638860991,27.864631597165,
    49.10434763952));
#1192 = CARTESIAN_POINT('',(29.758500557704,27.285923075455,
    50.642281561729));
#1193 = CARTESIAN_POINT('',(30.366068820101,26.69831946554,
    52.054897629472));
#1194 = CARTESIAN_POINT('',(30.95951808129,26.114311709953,
    53.509782781586));
#1195 = CARTESIAN_POINT('',(31.550662569472,25.514690679133,
    54.836836724723));
#1196 = CARTESIAN_POINT('',(32.099506422875,24.927110036344,
    56.090749444829));
#1197 = CARTESIAN_POINT('',(32.646359137306,24.343608013272,
    57.391194557242));
#1198 = CARTESIAN_POINT('',(33.186010595328,23.760595081833,
    58.555789926835));
#1199 = CARTESIAN_POINT('',(33.691828992937,23.200938247022,
    59.645124685547));
#1200 = CARTESIAN_POINT('',(34.176551111873,22.651400348933,
    60.743901612659));
#1201 = CARTESIAN_POINT('',(34.648252377768,22.118199194288,
    61.795469728424));
#1202 = CARTESIAN_POINT('',(34.951998874878,21.754830428204,
    62.409557193211));
#1203 = CARTESIAN_POINT('',(35.09541677252,21.5434692205,62.7305291156)
  );
#1204 = CARTESIAN_POINT('',(0.111852831492,41.783044418491,
    -5.196676408057E-02));
#1205 = CARTESIAN_POINT('',(0.398502005522,41.80647251291,0.432400498937
    ));
#1206 = CARTESIAN_POINT('',(0.97647757137,41.826714729877,1.405113634752
    ));
#1207 = CARTESIAN_POINT('',(1.853414838548,41.794958244258,
    2.946550202743));
#1208 = CARTESIAN_POINT('',(2.74057516013,41.741556854285,4.585341329338
    ));
#1209 = CARTESIAN_POINT('',(3.635220753219,41.654935401893,
    6.293668483846));
#1210 = CARTESIAN_POINT('',(4.557489972807,41.496427140567,
    8.073376991248));
#1211 = CARTESIAN_POINT('',(5.500170203479,41.336814348792,
    9.909048125267));
#1212 = CARTESIAN_POINT('',(6.476975727406,41.09535551421,
    11.786698918927));
#1213 = CARTESIAN_POINT('',(7.465226150379,40.838153811753,
    13.710175158971));
#1214 = CARTESIAN_POINT('',(8.471971699075,40.522402298881,
    15.659340725334));
#1215 = CARTESIAN_POINT('',(9.497085111792,40.153213826499,
    17.631266332304));
#1216 = CARTESIAN_POINT('',(10.509364984679,39.768515061321,
    19.617799090355));
#1217 = CARTESIAN_POINT('',(11.55725745274,39.295262561866,
    21.60293051647));
#1218 = CARTESIAN_POINT('',(12.569895948045,38.831545599794,
    23.59889055853));
#1219 = CARTESIAN_POINT('',(13.598403543274,38.301197477617,
    25.570074304999));
#1220 = CARTESIAN_POINT('',(14.620854949743,37.739396445222,
    27.52619483481));
#1221 = CARTESIAN_POINT('',(15.617701416223,37.163486870983,
    29.463512894832));
#1222 = CARTESIAN_POINT('',(16.624518425976,36.540799676839,
    31.366777744288));
#1223 = CARTESIAN_POINT('',(17.602117165922,35.910540729756,
    33.237261221425));
#1224 = CARTESIAN_POINT('',(18.568795861247,35.258296297872,
    35.078638722205));
#1225 = CARTESIAN_POINT('',(19.526870766607,34.585178934724,
    36.86256839235));
#1226 = CARTESIAN_POINT('',(20.457138230119,33.908872014543,
    38.622860749542));
#1227 = CARTESIAN_POINT('',(21.373123047081,33.221269842977,
    40.327521855978));
#1228 = CARTESIAN_POINT('',(22.279426855015,32.522216637528,
    41.984563954898));
#1229 = CARTESIAN_POINT('',(23.152872545833,31.828584549233,
    43.602393807409));
#1230 = CARTESIAN_POINT('',(24.017312207118,31.127279548542,
    45.163463257028));
#1231 = CARTESIAN_POINT('',(24.859005303491,30.428869762804,
    46.674781665307));
#1232 = CARTESIAN_POINT('',(25.68194995607,29.730851032135,
    48.141138155868));
#1233 = CARTESIAN_POINT('',(26.484929851809,29.037853879938,
    49.546193321554));
#1234 = CARTESIAN_POINT('',(27.268250528322,28.347981889005,
    50.905846738577));
#1235 = CARTESIAN_POINT('',(28.03372166276,27.662915528138,
    52.209910725291));
#1236 = CARTESIAN_POINT('',(28.773853225858,26.987845989259,
    53.457869768512));
#1237 = CARTESIAN_POINT('',(29.503017889755,26.31354602286,54.6571779256
    ));
#1238 = CARTESIAN_POINT('',(30.201376914792,25.654624850032,
    55.795966447687));
#1239 = CARTESIAN_POINT('',(30.883451653303,25.001754592209,
    56.880157762109));
#1240 = CARTESIAN_POINT('',(31.547953719952,24.353956064035,
    57.916356653598));
#1241 = CARTESIAN_POINT('',(32.177767322796,23.724064710647,
    58.892350021623));
#1242 = CARTESIAN_POINT('',(32.796187144025,23.096138669391,
    59.811141102176));
#1243 = CARTESIAN_POINT('',(33.375166948802,22.480962014942,
    60.6856353501));
#1244 = CARTESIAN_POINT('',(33.934739721161,21.8703499034,
    61.499310550651));
#1245 = CARTESIAN_POINT('',(34.319424419629,21.440057411678,
    61.996695417139));
#1246 = CARTESIAN_POINT('',(34.48738158132,21.22140474976,
    62.239737599367));
#1247 = DEFINITIONAL_REPRESENTATION('',(#1248),#1252);
#1248 = LINE('',#1249,#1250);
#1249 = CARTESIAN_POINT('',(0.,0.));
#1250 = VECTOR('',#1251,1.);
#1251 = DIRECTION('',(0.,1.));
#1252 = ( GEOMETRIC_REPRESENTATION_CONTEXT(2) 
PARAMETRIC_REPRESENTATION_CONTEXT() REPRESENTATION_CONTEXT('2D SPACE',''
  ) );
#1253 = ORIENTED_EDGE('',*,*,#1254,.F.);
#1254 = EDGE_CURVE('',#22,#890,#1255,.T.);
#1255 = SURFACE_CURVE('',#1256,(#1259,#1266),.PCURVE_S1.);
#1256 = B_SPLINE_CURVE_WITH_KNOTS('',1,(#1257,#1258),.UNSPECIFIED.,.F.,
  .F.,(2,2),(0.,1.),.PIECEWISE_BEZIER_KNOTS.);
#1257 = CARTESIAN_POINT('',(6.193228784715,14.101384407157,
    0.275246423222));
#1258 = CARTESIAN_POINT('',(6.478591621945,14.115125826013,
    -0.275246423222));
#1259 = PCURVE('',#381,#1260);
#1260 = DEFINITIONAL_REPRESENTATION('',(#1261),#1265);
#1261 = LINE('',#1262,#1263);
#1262 = CARTESIAN_POINT('',(0.,0.));
#1263 = VECTOR('',#1264,1.);
#1264 = DIRECTION('',(0.,1.));
#1265 = ( GEOMETRIC_REPRESENTATION_CONTEXT(2) 
PARAMETRIC_REPRESENTATION_CONTEXT() REPRESENTATION_CONTEXT('2D SPACE',''
  ) );
#1266 = PCURVE('',#573,#1267);
#1267 = DEFINITIONAL_REPRESENTATION('',(#1268),#1272);
#1268 = LINE('',#1269,#1270);
#1269 = CARTESIAN_POINT('',(0.,0.));
#1270 = VECTOR('',#1271,1.);
#1271 = DIRECTION('',(0.,1.));
#1272 = ( GEOMETRIC_REPRESENTATION_CONTEXT(2) 
PARAMETRIC_REPRESENTATION_CONTEXT() REPRESENTATION_CONTEXT('2D SPACE',''
  ) );
#1273 = ADVANCED_FACE('',(#1274),#945,.T.);
#1274 = FACE_BOUND('',#1275,.T.);
#1275 = EDGE_LOOP('',(#1276,#1277,#1304,#1367));
#1276 = ORIENTED_EDGE('',*,*,#889,.F.);
#1277 = ORIENTED_EDGE('',*,*,#1278,.T.);
#1278 = EDGE_CURVE('',#890,#1279,#1281,.T.);
#1279 = VERTEX_POINT('',#1280);
#1280 = CARTESIAN_POINT('',(0.111852831492,41.783044418491,
    -5.196676408057E-02));
#1281 = SURFACE_CURVE('',#1282,(#1290,#1297),.PCURVE_S1.);
#1282 = B_SPLINE_CURVE_WITH_KNOTS('',6,(#1283,#1284,#1285,#1286,#1287,
    #1288,#1289),.UNSPECIFIED.,.F.,.F.,(7,7),(0.,1.),
  .PIECEWISE_BEZIER_KNOTS.);
#1283 = CARTESIAN_POINT('',(6.478591621945,14.115125826013,
    -0.275246423222));
#1284 = CARTESIAN_POINT('',(6.804077077198,15.451179443778,
    -0.286615209099));
#1285 = CARTESIAN_POINT('',(2.479764694555,27.995210757656,
    -0.101026792622));
#1286 = CARTESIAN_POINT('',(5.895199749326,21.887691722326,
    -0.220313782659));
#1287 = CARTESIAN_POINT('',(0.552427368273,37.033025915714,
    -3.528601754902E-02));
#1288 = CARTESIAN_POINT('',(1.96848485901,35.4151897798,-0.101292331467)
  );
#1289 = CARTESIAN_POINT('',(0.111852831492,41.783044418491,
    -5.196676408057E-02));
#1290 = PCURVE('',#945,#1291);
#1291 = DEFINITIONAL_REPRESENTATION('',(#1292),#1296);
#1292 = LINE('',#1293,#1294);
#1293 = CARTESIAN_POINT('',(0.,0.));
#1294 = VECTOR('',#1295,1.);
#1295 = DIRECTION('',(1.,0.));
#1296 = ( GEOMETRIC_REPRESENTATION_CONTEXT(2) 
PARAMETRIC_REPRESENTATION_CONTEXT() REPRESENTATION_CONTEXT('2D SPACE',''
  ) );
#1297 = PCURVE('',#573,#1298);
#1298 = DEFINITIONAL_REPRESENTATION('',(#1299),#1303);
#1299 = LINE('',#1300,#1301);
#1300 = CARTESIAN_POINT('',(0.,1.));
#1301 = VECTOR('',#1302,1.);
#1302 = DIRECTION('',(1.,0.));
#1303 = ( GEOMETRIC_REPRESENTATION_CONTEXT(2) 
PARAMETRIC_REPRESENTATION_CONTEXT() REPRESENTATION_CONTEXT('2D SPACE',''
  ) );
#1304 = ORIENTED_EDGE('',*,*,#1305,.T.);
#1305 = EDGE_CURVE('',#1279,#1306,#1308,.T.);
#1306 = VERTEX_POINT('',#1307);
#1307 = CARTESIAN_POINT('',(34.48738158132,21.22140474976,
    62.239737599367));
#1308 = SURFACE_CURVE('',#1309,(#1353,#1360),.PCURVE_S1.);
#1309 = B_SPLINE_CURVE_WITH_KNOTS('',3,(#1310,#1311,#1312,#1313,#1314,
    #1315,#1316,#1317,#1318,#1319,#1320,#1321,#1322,#1323,#1324,#1325,
    #1326,#1327,#1328,#1329,#1330,#1331,#1332,#1333,#1334,#1335,#1336,
    #1337,#1338,#1339,#1340,#1341,#1342,#1343,#1344,#1345,#1346,#1347,
    #1348,#1349,#1350,#1351,#1352),.UNSPECIFIED.,.F.,.F.,(4,1,1,1,1,1,1,
    1,1,1,1,1,1,1,1,1,1,1,1,1,1,1,1,1,1,1,1,1,1,1,1,1,1,1,1,1,1,1,1,1,4)
  ,(0.,2.047061737122E-02,4.197953187229E-02,6.448046256563E-02,
    8.797015038157E-02,0.112398016547,0.137756697501,0.163910053986,
    0.190878271418,0.218473033848,0.246718584775,0.275460500333,
    0.304560882848,0.334054040894,0.363683404588,0.393508644468,
    0.423371695578,0.453124405974,0.482832235098,0.512266552622,
    0.541505423549,0.570385418956,0.598856743315,0.626890813843,
    0.654436290092,0.681425169793,0.707851651901,0.733624937129,
    0.758789141573,0.783227363615,0.806943710526,0.829930461877,
    0.852090358225,0.873541940638,0.894143848628,0.913864045087,
    0.93282412052,0.950908814877,0.968112906134,0.984456303694,1.),
  .UNSPECIFIED.);
#1310 = CARTESIAN_POINT('',(0.111852831492,41.783044418491,
    -5.196676408057E-02));
#1311 = CARTESIAN_POINT('',(0.398502005522,41.80647251291,0.432400498937
    ));
#1312 = CARTESIAN_POINT('',(0.97647757137,41.826714729877,1.405113634752
    ));
#1313 = CARTESIAN_POINT('',(1.853414838548,41.794958244258,
    2.946550202743));
#1314 = CARTESIAN_POINT('',(2.74057516013,41.741556854285,4.585341329338
    ));
#1315 = CARTESIAN_POINT('',(3.635220753219,41.654935401893,
    6.293668483846));
#1316 = CARTESIAN_POINT('',(4.557489972807,41.496427140567,
    8.073376991248));
#1317 = CARTESIAN_POINT('',(5.500170203479,41.336814348792,
    9.909048125267));
#1318 = CARTESIAN_POINT('',(6.476975727406,41.09535551421,
    11.786698918927));
#1319 = CARTESIAN_POINT('',(7.465226150379,40.838153811753,
    13.710175158971));
#1320 = CARTESIAN_POINT('',(8.471971699075,40.522402298881,
    15.659340725334));
#1321 = CARTESIAN_POINT('',(9.497085111792,40.153213826499,
    17.631266332304));
#1322 = CARTESIAN_POINT('',(10.509364984679,39.768515061321,
    19.617799090355));
#1323 = CARTESIAN_POINT('',(11.55725745274,39.295262561866,
    21.60293051647));
#1324 = CARTESIAN_POINT('',(12.569895948045,38.831545599794,
    23.59889055853));
#1325 = CARTESIAN_POINT('',(13.598403543274,38.301197477617,
    25.570074304999));
#1326 = CARTESIAN_POINT('',(14.620854949743,37.739396445222,
    27.52619483481));
#1327 = CARTESIAN_POINT('',(15.617701416223,37.163486870983,
    29.463512894832));
#1328 = CARTESIAN_POINT('',(16.624518425976,36.540799676839,
    31.366777744288));
#1329 = CARTESIAN_POINT('',(17.602117165922,35.910540729756,
    33.237261221425));
#1330 = CARTESIAN_POINT('',(18.568795861247,35.258296297872,
    35.078638722205));
#1331 = CARTESIAN_POINT('',(19.526870766607,34.585178934724,
    36.86256839235));
#1332 = CARTESIAN_POINT('',(20.457138230119,33.908872014543,
    38.622860749542));
#1333 = CARTESIAN_POINT('',(21.373123047081,33.221269842977,
    40.327521855978));
#1334 = CARTESIAN_POINT('',(22.279426855015,32.522216637528,
    41.984563954898));
#1335 = CARTESIAN_POINT('',(23.152872545833,31.828584549233,
    43.602393807409));
#1336 = CARTESIAN_POINT('',(24.017312207118,31.127279548542,
    45.163463257028));
#1337 = CARTESIAN_POINT('',(24.859005303491,30.428869762804,
    46.674781665307));
#1338 = CARTESIAN_POINT('',(25.68194995607,29.730851032135,
    48.141138155868));
#1339 = CARTESIAN_POINT('',(26.484929851809,29.037853879938,
    49.546193321554));
#1340 = CARTESIAN_POINT('',(27.268250528322,28.347981889005,
    50.905846738577));
#1341 = CARTESIAN_POINT('',(28.03372166276,27.662915528138,
    52.209910725291));
#1342 = CARTESIAN_POINT('',(28.773853225858,26.987845989259,
    53.457869768512));
#1343 = CARTESIAN_POINT('',(29.503017889755,26.31354602286,54.6571779256
    ));
#1344 = CARTESIAN_POINT('',(30.201376914792,25.654624850032,
    55.795966447687));
#1345 = CARTESIAN_POINT('',(30.883451653303,25.001754592209,
    56.880157762109));
#1346 = CARTESIAN_POINT('',(31.547953719952,24.353956064035,
    57.916356653598));
#1347 = CARTESIAN_POINT('',(32.177767322796,23.724064710647,
    58.892350021623));
#1348 = CARTESIAN_POINT('',(32.796187144025,23.096138669391,
    59.811141102176));
#1349 = CARTESIAN_POINT('',(33.375166948802,22.480962014942,
    60.6856353501));
#1350 = CARTESIAN_POINT('',(33.934739721161,21.8703499034,
    61.499310550651));
#1351 = CARTESIAN_POINT('',(34.319424419629,21.440057411678,
    61.996695417139));
#1352 = CARTESIAN_POINT('',(34.48738158132,21.22140474976,
    62.239737599367));
#1353 = PCURVE('',#945,#1354);
#1354 = DEFINITIONAL_REPRESENTATION('',(#1355),#1359);
#1355 = LINE('',#1356,#1357);
#1356 = CARTESIAN_POINT('',(1.,0.));
#1357 = VECTOR('',#1358,1.);
#1358 = DIRECTION('',(0.,1.));
#1359 = ( GEOMETRIC_REPRESENTATION_CONTEXT(2) 
PARAMETRIC_REPRESENTATION_CONTEXT() REPRESENTATION_CONTEXT('2D SPACE',''
  ) );
#1360 = PCURVE('',#651,#1361);
#1361 = DEFINITIONAL_REPRESENTATION('',(#1362),#1366);
#1362 = LINE('',#1363,#1364);
#1363 = CARTESIAN_POINT('',(0.,1.));
#1364 = VECTOR('',#1365,1.);
#1365 = DIRECTION('',(1.,0.));
#1366 = ( GEOMETRIC_REPRESENTATION_CONTEXT(2) 
PARAMETRIC_REPRESENTATION_CONTEXT() REPRESENTATION_CONTEXT('2D SPACE',''
  ) );
#1367 = ORIENTED_EDGE('',*,*,#1368,.F.);
#1368 = EDGE_CURVE('',#868,#1306,#1369,.T.);
#1369 = SURFACE_CURVE('',#1370,(#1378,#1385),.PCURVE_S1.);
#1370 = B_SPLINE_CURVE_WITH_KNOTS('',6,(#1371,#1372,#1373,#1374,#1375,
    #1376,#1377),.UNSPECIFIED.,.F.,.F.,(7,7),(0.,1.),
  .PIECEWISE_BEZIER_KNOTS.);
#1371 = CARTESIAN_POINT('',(42.65299277379,21.862981274369,
    62.196193359796));
#1372 = CARTESIAN_POINT('',(39.892702256949,21.931312915847,
    62.44926568117));
#1373 = CARTESIAN_POINT('',(41.962497376086,21.469811048779,
    62.007399483445));
#1374 = CARTESIAN_POINT('',(35.951129358688,21.920531916739,
    62.600960077512));
#1375 = CARTESIAN_POINT('',(38.641069295921,21.301526669555,
    62.041546536858));
#1376 = CARTESIAN_POINT('',(35.09541677252,21.5434692205,62.7305291156)
  );
#1377 = CARTESIAN_POINT('',(34.48738158132,21.22140474976,
    62.239737599367));
#1378 = PCURVE('',#945,#1379);
#1379 = DEFINITIONAL_REPRESENTATION('',(#1380),#1384);
#1380 = LINE('',#1381,#1382);
#1381 = CARTESIAN_POINT('',(0.,1.));
#1382 = VECTOR('',#1383,1.);
#1383 = DIRECTION('',(1.,0.));
#1384 = ( GEOMETRIC_REPRESENTATION_CONTEXT(2) 
PARAMETRIC_REPRESENTATION_CONTEXT() REPRESENTATION_CONTEXT('2D SPACE',''
  ) );
#1385 = PCURVE('',#841,#1386);
#1386 = DEFINITIONAL_REPRESENTATION('',(#1387),#1391);
#1387 = LINE('',#1388,#1389);
#1388 = CARTESIAN_POINT('',(0.,1.));
#1389 = VECTOR('',#1390,1.);
#1390 = DIRECTION('',(1.,0.));
#1391 = ( GEOMETRIC_REPRESENTATION_CONTEXT(2) 
PARAMETRIC_REPRESENTATION_CONTEXT() REPRESENTATION_CONTEXT('2D SPACE',''
  ) );
#1392 = ADVANCED_FACE('',(#1393),#651,.T.);
#1393 = FACE_BOUND('',#1394,.T.);
#1394 = EDGE_LOOP('',(#1395,#1396,#1416,#1417));
#1395 = ORIENTED_EDGE('',*,*,#595,.T.);
#1396 = ORIENTED_EDGE('',*,*,#1397,.T.);
#1397 = EDGE_CURVE('',#596,#1306,#1398,.T.);
#1398 = SURFACE_CURVE('',#1399,(#1402,#1409),.PCURVE_S1.);
#1399 = B_SPLINE_CURVE_WITH_KNOTS('',1,(#1400,#1401),.UNSPECIFIED.,.F.,
  .F.,(2,2),(0.,1.),.PIECEWISE_BEZIER_KNOTS.);
#1400 = CARTESIAN_POINT('',(34.56247672328,20.79260598966,
    61.839598214269));
#1401 = CARTESIAN_POINT('',(34.48738158132,21.22140474976,
    62.239737599367));
#1402 = PCURVE('',#651,#1403);
#1403 = DEFINITIONAL_REPRESENTATION('',(#1404),#1408);
#1404 = LINE('',#1405,#1406);
#1405 = CARTESIAN_POINT('',(1.,0.));
#1406 = VECTOR('',#1407,1.);
#1407 = DIRECTION('',(0.,1.));
#1408 = ( GEOMETRIC_REPRESENTATION_CONTEXT(2) 
PARAMETRIC_REPRESENTATION_CONTEXT() REPRESENTATION_CONTEXT('2D SPACE',''
  ) );
#1409 = PCURVE('',#841,#1410);
#1410 = DEFINITIONAL_REPRESENTATION('',(#1411),#1415);
#1411 = LINE('',#1412,#1413);
#1412 = CARTESIAN_POINT('',(1.,0.));
#1413 = VECTOR('',#1414,1.);
#1414 = DIRECTION('',(0.,1.));
#1415 = ( GEOMETRIC_REPRESENTATION_CONTEXT(2) 
PARAMETRIC_REPRESENTATION_CONTEXT() REPRESENTATION_CONTEXT('2D SPACE',''
  ) );
#1416 = ORIENTED_EDGE('',*,*,#1305,.F.);
#1417 = ORIENTED_EDGE('',*,*,#1418,.F.);
#1418 = EDGE_CURVE('',#554,#1279,#1419,.T.);
#1419 = SURFACE_CURVE('',#1420,(#1423,#1430),.PCURVE_S1.);
#1420 = B_SPLINE_CURVE_WITH_KNOTS('',1,(#1421,#1422),.UNSPECIFIED.,.F.,
  .F.,(2,2),(0.,1.),.PIECEWISE_BEZIER_KNOTS.);
#1421 = CARTESIAN_POINT('',(-8.758826910959E-02,41.73513225495,
    5.196676408057E-02));
#1422 = CARTESIAN_POINT('',(0.111852831492,41.783044418491,
    -5.196676408057E-02));
#1423 = PCURVE('',#651,#1424);
#1424 = DEFINITIONAL_REPRESENTATION('',(#1425),#1429);
#1425 = LINE('',#1426,#1427);
#1426 = CARTESIAN_POINT('',(0.,0.));
#1427 = VECTOR('',#1428,1.);
#1428 = DIRECTION('',(0.,1.));
#1429 = ( GEOMETRIC_REPRESENTATION_CONTEXT(2) 
PARAMETRIC_REPRESENTATION_CONTEXT() REPRESENTATION_CONTEXT('2D SPACE',''
  ) );
#1430 = PCURVE('',#573,#1431);
#1431 = DEFINITIONAL_REPRESENTATION('',(#1432),#1436);
#1432 = LINE('',#1433,#1434);
#1433 = CARTESIAN_POINT('',(1.,0.));
#1434 = VECTOR('',#1435,1.);
#1435 = DIRECTION('',(0.,1.));
#1436 = ( GEOMETRIC_REPRESENTATION_CONTEXT(2) 
PARAMETRIC_REPRESENTATION_CONTEXT() REPRESENTATION_CONTEXT('2D SPACE',''
  ) );
#1437 = ADVANCED_FACE('',(#1438),#573,.T.);
#1438 = FACE_BOUND('',#1439,.T.);
#1439 = EDGE_LOOP('',(#1440,#1441,#1442,#1443));
#1440 = ORIENTED_EDGE('',*,*,#553,.T.);
#1441 = ORIENTED_EDGE('',*,*,#1418,.T.);
#1442 = ORIENTED_EDGE('',*,*,#1278,.F.);
#1443 = ORIENTED_EDGE('',*,*,#1254,.F.);
#1444 = ADVANCED_FACE('',(#1445),#841,.F.);
#1445 = FACE_BOUND('',#1446,.F.);
#1446 = EDGE_LOOP('',(#1447,#1448,#1449,#1450));
#1447 = ORIENTED_EDGE('',*,*,#823,.T.);
#1448 = ORIENTED_EDGE('',*,*,#1397,.T.);
#1449 = ORIENTED_EDGE('',*,*,#1368,.F.);
#1450 = ORIENTED_EDGE('',*,*,#867,.F.);
#1451 = ( GEOMETRIC_REPRESENTATION_CONTEXT(3) 
GLOBAL_UNCERTAINTY_ASSIGNED_CONTEXT((#1455)) 
GLOBAL_UNIT_ASSIGNED_CONTEXT((#1452,#1453,#1454)) REPRESENTATION_CONTEXT
('Context #1','3D Context with UNIT and UNCERTAINTY') );
#1452 = ( LENGTH_UNIT() NAMED_UNIT(*) SI_UNIT(.MILLI.,.METRE.) );
#1453 = ( NAMED_UNIT(*) PLANE_ANGLE_UNIT() SI_UNIT($,.RADIAN.) );
#1454 = ( NAMED_UNIT(*) SI_UNIT($,.STERADIAN.) SOLID_ANGLE_UNIT() );
#1455 = UNCERTAINTY_MEASURE_WITH_UNIT(LENGTH_MEASURE(1.E-07),#1452,
  'distance_accuracy_value','confusion accuracy');
#1456 = PRODUCT_RELATED_PRODUCT_CATEGORY('part',$,(#7));
ENDSEC;
END-ISO-10303-21;
