"Time_Iter","Outer_Iter","Inner_Iter",    "rms[Rho]"    ,    "rms[RhoU]"   ,    "rms[RhoV]"   ,    "rms[RhoW]"   ,    "rms[RhoE]"   ,  "Avg_Massflow"  ,  "Avg_Massflow"  ,    "Avg_Mach"    ,    "Avg_Temp"    ,    "Avg_Press"   ,    "Avg_Press"   ,   "Avg_Density"  ,  "Avg_Enthalpy"  ,  "Avg_NormalVel" ,   "Uniformity"   ,"Secondary_Strength","Momentum_Distortion","Secondary_Over_Uniformity",  "Avg_TotalTemp" ,  "Avg_TotalTemp" , "Avg_TotalPress" , "Avg_TotalPress" ,  "Pressure_Drop" ,"Avg_Massflow(INLET)","Avg_Massflow(OUTLET)","Avg_Press(INLET)","Avg_Press(OUTLET)","Avg_TotalTemp(INLET)","Avg_TotalTemp(OUTLET)","Avg_TotalPress(INLET)","Avg_TotalPress(OUTLET)"
          0,           0,           0,      -4.640866974,      -3.136819427,      -3.349388844,      -3.331561885,      0.1779878125,   -0.001575812114,   -0.001575812114,      0.4352132272,       580.3250155,       210805.5641,       210805.5641,       2.529065793,       589399.1541,      -11.02452648,       103.7888427,         85.23874388,     -5.369970257e-05,                1.485487171,       586.6401853,       586.6401853,       219385.8229,       219385.8229,        17519.7796,        0.03306200007,        -0.03463781219,       96642.89225,        114162.6719,           288.4008459,            298.2393394,            97909.18431,             121476.6386
          0,           0,           1,      -4.604986313,      -3.116850316,       -3.23195019,      -3.248948379,      0.3316540803,   -0.002777166364,   -0.002777166364,      0.4425272651,       579.1685802,       209381.4433,       209381.4433,       2.517590615,       588447.7701,      -13.83547751,       107.4831286,         85.21644828,     -0.0001147679044,                1.405686837,       585.6932548,       585.6932548,       218181.4059,       218181.4059,       15568.19902,        0.03344638541,        -0.03622355177,       96906.62213,        112474.8211,           288.6094719,            297.0837828,             98199.9975,             119981.4084
          0,           0,           2,      -4.623281535,          -3.06388,        -3.0447619,      -3.169650659,      0.2763101607,   -0.003784813171,   -0.003784813171,      0.4486432126,       578.5025834,       208532.9732,       208532.9732,       2.510601015,       587960.7718,      -16.11430148,       110.5635605,         85.19988653,     -0.0001562258902,                1.346197774,        585.208536,        585.208536,       217536.5806,       217536.5806,       14318.18401,         0.0337876004,        -0.03757241357,       97107.39458,        111425.5786,           288.7568944,            296.4516416,            98425.30372,             119111.2768
          0,           0,           3,      -4.618282799,      -2.978399042,      -2.910289792,      -3.064822443,      0.2383769637,   -0.004554570218,   -0.004554570218,      0.4535117282,       578.1000373,        208001.466,        208001.466,       2.506136704,       587703.6746,      -17.85146334,       112.9974376,         85.18493364,     -0.0001670692226,                1.303298575,       584.9526423,       584.9526423,        217174.716,        217174.716,       13475.94446,        0.03408095429,        -0.03863552451,       97262.76078,        110738.7052,           288.8597081,            296.0929342,            98602.04425,             118572.6717
          0,           0,           4,      -4.600092939,      -2.918125491,      -2.835563391,      -2.984704339,       0.230213791,   -0.005099783514,   -0.005099783514,      0.4571672272,       577.8778762,       207693.6841,       207693.6841,       2.503499593,       587591.8918,      -19.09305618,       114.8198131,         85.16698419,     -0.0001509777874,                1.273420835,       584.8413828,       584.8413828,       216997.9602,       216997.9602,       12920.38329,        0.03432546074,        -0.03942524426,       97386.65043,        110307.0337,           288.9313891,            295.9099937,            98743.86528,             118254.0949
          0,           0,           5,      -4.582174823,       -2.88175864,      -2.796611074,      -2.933242425,      0.2325759373,    -0.00547471934,    -0.00547471934,      0.4598198268,        577.756647,       207520.1819,       207520.1819,       2.501996355,       587551.1486,      -19.96216697,       116.1472942,         85.14142098,     -0.0001305621214,                1.252657736,       584.8008303,       584.8008303,       216921.0086,       216921.0086,       12546.12737,        0.03452064135,        -0.03999536069,       97487.02727,        110033.1546,           288.9798105,            295.8210198,            98858.55587,             118062.4527
          0,           0,           6,      -4.569068411,      -2.863496706,      -2.777481669,      -2.903756026,      0.2381605883,    -0.00571951536,    -0.00571951536,      0.4616477475,       577.7062355,       207443.4631,       207443.4631,       2.501322092,       587556.2761,      -20.54281419,       117.0765862,         85.10693172,     -0.0001147708572,                1.238523443,       584.8059338,       584.8059338,       216911.7693,       216911.7693,       12305.53889,        0.03467206857,        -0.04039158393,       97568.96211,         109874.501,           289.0104152,            295.7955186,            98951.54329,              117960.226
          0,           0,           7,      -4.559951651,      -2.857257842,      -2.770663906,      -2.889416398,      0.2520354426,   -0.005877750889,   -0.005877750889,      0.4628471896,         577.69895,       207429.9173,       207429.9173,       2.501202226,       587585.5884,      -20.92335731,       117.7074713,         85.06405775,     -0.0001073182975,                1.228929513,       584.8351089,       584.8351089,       216943.5431,       216943.5431,       12161.45412,        0.03478410435,        -0.04066185524,        97634.2316,        109795.6857,           289.0251693,            295.8099395,            99024.91182,             117918.6312
          0,           0,           8,      -4.554213906,      -2.859750202,      -2.771919201,      -2.884879132,      0.2671018381,   -0.005980261899,   -0.005980261899,      0.4635841821,       577.7121361,       207449.5949,       207449.5949,       2.501381983,       587621.4839,       -21.1718722,       118.1212482,         85.01405744,     -0.0001095325028,                1.222387066,       584.8708363,       584.8708363,       216991.9191,       216991.9191,       12079.04742,        0.03486199402,        -0.04084225592,       97685.27372,        109764.3211,           289.0264918,            295.8443445,            99081.47959,             117910.4395
          0,           0,           9,       -4.55275186,      -2.865821981,      -2.777779602,      -2.886567151,      0.2678766268,   -0.006046179814,   -0.006046179814,      0.4639693161,       577.7369306,        207488.269,        207488.269,         2.5017322,       587658.5407,      -21.33046093,       118.3722504,         84.95852734,     -0.0001202692519,                1.217995683,       584.9077197,       584.9077197,       217046.5933,       217046.5933,       12039.21458,        0.03491063955,        -0.04095681936,        97724.5272,        109763.7418,            289.016883,            295.8908367,            99124.04604,             117922.5472
          0,           0,          10,      -4.553702137,      -2.871745204,      -2.785370889,      -2.891760696,       0.260931358,   -0.006092605741,   -0.006092605741,      0.4640817132,       577.7685857,       207537.5334,       207537.5334,       2.502175502,       587694.6779,      -21.43535348,       118.5003414,         84.89958751,     -0.0001382188908,                1.215096543,       584.9436878,       584.9436878,       217102.2674,       217102.2674,       12026.37358,          0.034932144,        -0.04102474974,       97755.57992,        109781.9535,           288.9999214,            295.9437664,             99156.3286,             117945.9388
          0,           0,          11,      -4.555838649,       -2.87775873,       -2.79329637,      -2.897087001,       0.251234028,    -0.00613105622,    -0.00613105622,      0.4639907034,       577.8012699,       207588.6755,       207588.6755,       2.502634527,       587726.2425,      -21.51220014,       118.5387534,         84.83964484,     -0.0001637702138,                1.213211838,       584.9751046,       584.9751046,       217152.7302,       217152.7302,       12028.97734,        0.03492954316,        -0.04106059938,       97779.84907,        109808.8264,           288.9771779,            295.9979267,            99179.97524,             117972.7549
          0,           0,          12,      -4.558387781,      -2.884334037,      -2.801867875,      -2.902126212,      0.2423552226,   -0.006166533117,   -0.006166533117,      0.4637454616,       577.8302822,       207634.4651,       207634.4651,       2.503044218,         587749.98,      -21.57507545,       118.5099011,         84.78083501,     -0.0002002432479,                1.212064778,        584.998731,        584.998731,       217192.3066,       217192.3066,       12037.75619,        0.03490612857,        -0.04107266168,       97798.35448,        109836.1107,           288.9496411,            296.0490899,            99196.26283,             117996.0438
          0,           0,          13,      -4.560735144,      -2.890922283,      -2.810143459,      -2.905865216,      0.2366488428,   -0.006207761772,   -0.006207761772,      0.4633938515,       577.8575144,       207677.5607,       207677.5607,       2.503428711,        587769.383,      -21.64017021,       118.4372084,         84.72480923,     -0.0002501044788,                1.211346094,       585.0180432,       585.0180432,       217225.9118,       217225.9118,       12051.74473,        0.03486496828,        -0.04107273006,       97812.90797,        109864.6527,            288.919188,            296.0988552,            99207.23633,             118018.6754
          0,           0,          14,      -4.562490609,      -2.897022534,      -2.817574923,      -2.907635877,      0.2337474171,   -0.006256293856,   -0.006256293856,      0.4629674187,       577.8805717,        207715.078,        207715.078,       2.503764473,       587782.9419,      -21.71337086,        118.334079,          84.6725197,     -0.0003187909729,                1.210910229,       585.0315386,       585.0315386,       217251.6965,       217251.6965,       12066.52532,        0.03480903632,        -0.04106533018,       97824.27632,        109890.8016,           288.8866485,            296.1448901,            99213.89802,             118037.7984
          0,           0,          15,      -4.563433504,      -2.902233979,      -2.823583265,      -2.906956959,      0.2333773864,   -0.006315117187,   -0.006315117187,      0.4624956515,       577.8999818,       207748.6848,       207748.6848,        2.50406924,       587792.0711,      -21.80076253,        118.213752,         84.62426942,     -0.0004178306942,                1.210601008,        585.040625,        585.040625,       217272.6159,       217272.6159,       12083.23894,        0.03474112989,        -0.04105624708,       97832.72294,        109915.9619,           288.8524459,            296.1881791,            99216.73731,             118055.8786
          0,           0,          16,      -4.563531054,      -2.906067509,       -2.82739682,      -2.903325009,      0.2342813986,   -0.006384657429,   -0.006384657429,      0.4620045821,        577.916498,       207779.3191,       207779.3191,       2.504351493,       587798.2308,      -21.90499274,       118.0875342,         84.57989011,     -0.0005498761014,                1.210295537,       585.0467559,       585.0467559,       217290.5344,       217290.5344,       12100.27306,        0.03466472138,         -0.0410493788,       97839.52303,        109939.7961,            288.817927,            296.2288289,            99217.29928,             118073.2351
          0,           0,          17,      -4.562941101,      -2.908154866,      -2.828712728,      -2.896987901,      0.2337688696,    -0.00646301073,    -0.00646301073,      0.4615077449,       577.9301934,       207806.5827,       207806.5827,       2.504606643,       587801.7892,      -22.02484607,       117.9606773,         84.53875862,     -0.0007138028562,                1.209946244,       585.0502977,       585.0502977,       217305.3523,       217305.3523,       12114.90575,        0.03458243257,         -0.0410454433,       97845.83847,        109960.7442,           288.7842641,            296.2660336,            99216.94569,             118088.4066
          0,           0,          18,      -4.561878198,      -2.908744458,      -2.828071715,      -2.889215561,      0.2295649313,   -0.006547667867,   -0.006547667867,      0.4610150353,       577.9403847,       207829.6716,       207829.6716,       2.504828071,       587802.2219,      -22.15737382,        117.836464,         84.50024399,      -0.000909895261,                1.209537587,       585.0507283,       585.0507283,       217316.4123,       217316.4123,       12126.05402,         0.0344965789,        -0.04104424677,       97851.80879,        109977.8628,           288.7515112,            296.2992172,            99216.00034,             118100.4119
          0,           0,          19,      -4.560625008,       -2.90883145,       -2.82720123,      -2.882229181,      0.2208288584,   -0.006635497719,   -0.006635497719,      0.4605279299,        577.946934,       207848.2254,       207848.2254,       2.505012113,       587799.3127,      -22.29811867,        117.714535,         84.46380353,      -0.001136856317,                1.209100139,       585.0478328,       585.0478328,       217323.1972,       217323.1972,        12132.9696,        0.03440871201,        -0.04104420973,       97857.62791,        109990.5975,           288.7198488,            296.3279839,            99214.77653,             118108.4206
          0,           0,          20,      -4.559512423,      -2.909728347,      -2.828215966,      -2.878502487,      0.2075044575,   -0.006723987962,   -0.006723987962,        0.46004638,       577.9499906,       207862.4374,       207862.4374,       2.505160153,       587793.0894,      -22.44240463,       117.5943477,         84.42860222,      -0.001386605046,                1.208659463,       585.0416386,       585.0416386,        217325.735,        217325.735,       12136.69433,        0.03432016216,        -0.04104415012,       97862.87155,        109999.5659,           288.6888932,            296.3527454,            99212.95624,             118112.7788
          0,           0,          21,      -4.558823857,      -2.912554732,      -2.832291814,      -2.879148622,      0.1915717053,   -0.006810925096,   -0.006810925096,      0.4595709618,       577.9502554,        207873.534,        207873.534,       2.505283633,       587784.1503,      -22.58577915,       117.4760751,         84.39348202,      -0.001646308194,                1.208224632,       585.0327413,       585.0327413,        217325.141,        217325.141,       12138.27258,        0.03423252956,        -0.04104345466,       97867.63071,        110005.9033,           288.6585012,            296.3742401,            99210.75073,             118114.3903
          0,           0,          22,      -4.558651947,      -2.917929037,      -2.840634521,      -2.885289259,      0.1736309117,   -0.006892690946,   -0.006892690946,      0.4590964395,       577.9484031,       207882.3132,       207882.3132,       2.505389166,       587772.8996,      -22.72223792,        117.356631,         84.35705163,      -0.001910400579,                1.207842504,       585.0215433,       585.0215433,       217321.8383,       217321.8383,       12137.58516,        0.03414696941,        -0.04103966035,       97872.36402,        110009.9492,           288.6288777,            296.3926656,            99208.69964,             118113.1387
          0,           0,          23,      -4.558940732,      -2.924869621,      -2.851492328,      -2.894906331,      0.1558521276,   -0.006966929713,   -0.006966929713,      0.4586191619,       577.9451151,       207889.0993,       207889.0993,       2.505477927,       587759.8239,      -22.84773568,       117.2341092,         84.31825757,       -0.00217107984,                1.207539018,       585.0085288,       585.0085288,       217315.8647,       217315.8647,       12133.88809,         0.0340642751,        -0.04103120482,       97877.60561,        110011.4937,            288.600835,            296.4076937,            99207.39101,             118108.4737
          0,           0,          24,      -4.559555177,      -2.932353166,      -2.862852095,      -2.905849508,      0.1386185147,   -0.007031679735,   -0.007031679735,      0.4581370248,       577.9404515,       207893.9444,       207893.9444,       2.505550326,       587744.8362,      -22.95873833,       117.1072182,         84.27666855,      -0.002421749179,                1.207343043,       584.9936113,       584.9936113,       217307.0609,       217307.0609,       12126.92137,        0.03398521184,        -0.04101689157,       97883.51152,        110010.4329,           288.5744846,            296.4191267,            99207.03754,             118100.0234
          0,           0,          25,      -4.560383089,      -2.939597662,       -2.87351445,      -2.916914752,      0.1223836813,   -0.007085222139,   -0.007085222139,      0.4576446781,       577.9345908,       207897.1168,       207897.1168,       2.505608669,       587727.9048,      -23.05190422,       116.9731969,         84.23255947,      -0.002660792878,                1.207310073,       584.9767591,       584.9767591,        217295.416,        217295.416,        12117.0417,        0.03390991351,        -0.04099513565,       97890.03755,        110007.0792,           288.5495895,            296.4271696,             99207.6095,             118087.8065
          0,           0,          26,      -4.561304156,      -2.946080076,      -2.882353506,        -2.9268701,      0.1080905558,   -0.007126272303,   -0.007126272303,      0.4571421476,       577.9285209,       207899.7097,       207899.7097,       2.505661911,       587709.9674,      -23.12497811,       116.8320321,         84.18597773,      -0.002880871172,                1.207458062,       584.9589056,       584.9589056,       217281.9684,       217281.9684,       12104.09692,        0.03383930024,        -0.04096557254,       97897.80636,        110001.9033,           288.5267918,            296.4321138,            99209.78755,             118072.1809
          0,           0,          27,      -4.562184137,       -2.95157089,      -2.889010268,      -2.935187878,     0.09695213987,   -0.007155257034,   -0.007155257034,      0.4566250232,         577.92293,       207902.1608,       207902.1608,       2.505712302,       587691.6129,      -23.17796626,       116.6821242,         84.13670649,      -0.003079536173,                1.207794552,       584.9406371,       584.9406371,       217267.0444,       217267.0444,       12088.55576,        0.03377270156,        -0.04092795859,       97906.80249,        109995.3583,           288.5063476,            296.4342894,            99213.50512,             118053.5393
          0,           0,          28,      -4.562904397,      -2.955908871,      -2.893347895,      -2.941237328,     0.08970521081,   -0.007172508491,   -0.007172508491,      0.4560919515,       577.9182121,        207904.951,        207904.951,       2.505763797,        587673.214,      -23.21103188,       116.5230922,         84.08477145,      -0.003254583856,                1.208321202,       584.9223243,       584.9223243,       217251.1203,       217251.1203,       12070.97074,        0.03370990438,        -0.04088241287,       97916.99012,        109987.9609,           288.4881823,             296.434142,            99218.70648,             118032.4139
          0,           0,          29,      -4.563384282,      -2.958885834,      -2.895255071,      -2.944612543,     0.08601307497,   -0.007178503978,   -0.007178503978,       0.455543335,       577.9142263,       207908.4533,       207908.4533,       2.505821305,       587654.6584,      -23.22474208,       116.3551597,         84.03054881,       -0.00340765379,                1.209038993,       584.9038556,       584.9038556,       217234.6345,       217234.6345,       12051.81858,        0.03365078658,        -0.04082929056,       97928.31738,         109980.136,           288.4717978,            296.4320578,            99225.33291,             118009.3016
          0,           0,          30,      -4.563579874,      -2.960262509,       -2.89460279,      -2.945226282,       0.084316204,   -0.007174310263,   -0.007174310263,      0.4549778547,       577.9111811,       207912.7295,       207912.7295,       2.505884597,       587636.1695,      -23.22062117,       116.1780369,         83.97445682,      -0.003539570489,                1.209947322,       584.8854533,       584.8854533,        217217.685,        217217.685,       12031.51559,        0.03359465815,        -0.04076896841,       97940.60694,        109972.1225,           288.4571439,            296.4283094,            99233.15367,             117984.5313
          0,           0,          31,      -4.563435814,       -2.95989371,      -2.891565277,      -2.943287308,     0.08153984636,   -0.007161050726,   -0.007161050726,      0.4543958393,       577.9088409,       207917.7616,       207917.7616,       2.505954326,       587617.5686,      -23.20040104,       115.9920458,         83.91682737,      -0.003652961763,                1.211037123,       584.8669394,       584.8669394,        217200.351,        217200.351,       12010.57481,        0.03354098953,        -0.04070204025,       97953.59338,        109964.1682,           288.4437749,            296.4231645,            99241.86439,             117958.4866
          0,           0,          32,      -4.562955266,      -2.958028186,      -2.887100742,      -2.939606798,     0.07626432678,   -0.007139969448,   -0.007139969448,      0.4537973563,       577.9073545,       207923.4449,       207923.4449,       2.506028527,       587599.0654,      -23.16603317,        115.797449,         83.85789112,      -0.003750574355,                1.212296235,       584.8485228,       584.8485228,       217182.6217,       217182.6217,       11989.38945,        0.03348912398,        -0.04062909342,       97967.02774,        109956.4172,           288.4316821,            296.4168407,            99251.16776,             117931.4539
          0,           0,          33,      -4.562216298,       -2.95523117,      -2.882438034,      -2.935488048,     0.06914872819,   -0.007111829998,   -0.007111829998,      0.4531835434,       577.9064658,       207929.5965,       207929.5965,       2.506105988,       587580.4691,      -23.11882879,       115.5948031,         83.79746869,      -0.003835188877,                 1.21370621,       584.8300136,       584.8300136,       217164.4069,       217164.4069,       11968.21597,        0.03343877106,        -0.04055060106,       97980.69028,        109948.9063,           288.4204997,            296.4095139,            99260.82413,             117903.5828
          0,           0,          34,      -4.561296797,      -2.952273537,      -2.878367439,      -2.931648756,     0.06018076437,   -0.007077655838,   -0.007077655838,      0.4525550749,       577.9062183,       207936.1951,       207936.1951,        2.50618617,       587561.8885,      -23.06037007,        115.384548,         83.73541308,      -0.003910373357,                1.215247876,         584.81152,         584.81152,       217145.7849,       217145.7849,       11947.42253,        0.03338946873,        -0.04046712457,        97994.3863,        109941.8088,           288.4100694,            296.4014506,            99270.60882,             117875.1761
          0,           0,          35,       -4.56031924,      -2.950282368,      -2.876795906,      -2.929105975,     0.05029310661,   -0.007038412575,   -0.007038412575,      0.4519116863,       577.9064107,       207943.1733,       207943.1733,       2.506268967,       587543.1558,      -22.99204641,       115.1667345,         83.67179124,      -0.003978148697,                1.216911777,       584.7928749,       584.7928749,       217126.7518,       217126.7518,       11927.59725,        0.03334068466,        -0.04037909723,       98007.78801,        109935.3853,           288.3999504,            296.3929245,            99280.15635,             117846.5954
          0,           0,          36,       -4.55937017,      -2.949832436,      -2.877709222,      -2.927997913,     0.04113323122,    -0.00699500208,    -0.00699500208,      0.4512546574,        577.907318,       207950.4206,       207950.4206,       2.506351958,        587524.625,      -22.91545315,       114.9421075,         83.60670097,      -0.004039769152,                1.218681532,       584.7744309,       584.7744309,       217107.3021,       217107.3021,       11908.67506,        0.03329210638,        -0.04028710846,       98020.87275,        109929.5478,           288.3904956,            296.3839352,             99289.4193,             117817.8828
          0,           0,          37,      -4.558488479,      -2.951507697,      -2.880567322,      -2.927670466,     0.03360152467,    -0.00694817665,    -0.00694817665,      0.4505859428,       577.9090968,       207957.7937,       207957.7937,       2.506432792,       587506.5394,      -22.83190032,       114.7116158,         83.54029304,      -0.004097421902,                1.220542127,       584.7564299,       584.7564299,       217087.4079,       217087.4079,       11890.65806,         0.0332435692,        -0.04019174585,       98033.56784,        109924.2259,           288.3819243,            296.3745056,            99298.31546,             117789.0924
          0,           0,          38,      -4.557694918,      -2.955565439,      -2.885054043,      -2.927738154,     0.02843178168,   -0.006898471515,   -0.006898471515,      0.4499043459,       577.9114721,       207965.1942,       207965.1942,       2.506511256,       587488.6118,      -22.74200032,       114.4748509,         83.47270814,      -0.004151475318,                1.222496164,       584.7385862,       584.7385862,       217066.9726,       217066.9726,       11874.24823,        0.03319465055,        -0.04009312206,         98045.473,        109919.7212,           288.3736528,            296.3649334,             99306.4139,             117760.5587
          0,           0,          39,      -4.556978914,      -2.961475159,      -2.890429697,       -2.92786211,      0.0250113458,   -0.006846412396,   -0.006846412396,      0.4492113686,       577.9137322,       207972.2229,       207972.2229,       2.506585568,       587470.1916,      -22.64684795,       114.2324559,         83.40389081,      -0.004203146215,                1.224528707,       584.7202523,       584.7202523,       217045.6761,       217045.6761,        11859.3859,        0.03314522031,         -0.0399916327,       98056.41849,        109915.8044,           288.3651545,            296.3550978,            99313.53369,             117732.1424
          0,           0,          40,      -4.556348635,      -2.968886893,      -2.895715965,      -2.927829781,     0.02253321043,   -0.006792563967,   -0.006792563967,      0.4485091382,       577.9154429,       207978.7168,       207978.7168,       2.506655661,        587450.928,      -22.54770433,       113.9853506,         83.33377165,      -0.004255395829,                1.226620419,       584.7010789,       584.7010789,       217023.4646,       217023.4646,       11845.75725,         0.0330952233,        -0.03988778727,       98066.47976,         109912.237,           288.3561855,            296.3448934,            99319.74616,             117703.7185
          0,           0,          41,      -4.555754586,      -2.977525065,      -2.900699956,      -2.927504702,     0.02061847707,   -0.006737410847,   -0.006737410847,       0.447798246,       577.9172754,       207985.0525,       207985.0525,       2.506723236,        587431.535,      -22.44539369,       113.7340259,         83.26244699,      -0.004308692445,                1.228762784,       584.6817766,       584.6817766,       217000.7801,       217000.7801,       11833.26514,        0.03304457475,        -0.03978198559,       98075.89369,        109909.1588,            288.347254,            296.3345226,            99325.28041,             117675.4997
          0,           0,          42,      -4.557622902,      -2.987315571,      -2.902478706,      -2.927465046,     0.01990139211,   -0.006682060627,   -0.006682060627,      0.4470832635,       577.9188138,       207990.8678,       207990.8678,       2.506785848,       587411.7492,      -22.34209095,       113.4807704,         83.18996245,      -0.004363173853,                1.230917524,       584.6620834,       584.6620834,        216977.454,        216977.454,       11821.30218,        0.03299335834,        -0.03967541897,       98084.78279,         109906.085,           288.3383972,            296.3236862,            99330.26371,             117647.1903
          0,           0,          43,      -4.557597178,      -2.997570622,       -2.90992073,      -2.930540545,     0.01892792184,   -0.006627120463,   -0.006627120463,      0.4463642506,       577.9206723,       207996.9007,       207996.9007,       2.506849504,       587392.2211,      -22.23860203,       113.2257865,         83.11623924,      -0.004422114693,                1.233075005,       584.6426467,       584.6426467,       216954.3106,       216954.3106,       11810.84649,        0.03294136835,        -0.03956848881,        98093.0271,        109903.8736,           288.3294621,            296.3131846,            99334.56199,             117619.7487
          0,           0,          44,       -4.55723457,      -3.008086342,      -2.914481565,      -2.930118633,     0.01865280304,   -0.006573480453,   -0.006573480453,      0.4456451207,       577.9230619,       208003.3722,       208003.3722,       2.506915946,        587373.307,        -22.136706,       112.9709182,         83.04122922,      -0.004488867374,                1.235202754,       584.6238212,       584.6238212,        216931.777,        216931.777,       11802.00076,        0.03288869511,        -0.03946217557,       98100.68575,        109902.6865,            288.320574,            296.3032472,            99338.23949,             117593.5375
          0,           0,          45,      -4.556462206,       -3.01842851,      -2.919056841,      -2.930527802,     0.01872491812,   -0.006522327169,   -0.006522327169,      0.4449303438,       577.9261692,        208010.487,        208010.487,       2.506986852,       587355.3559,      -22.03861811,       112.7184545,         82.96486635,      -0.004565705107,                1.237259075,       584.6059541,       584.6059541,       216910.2889,       216910.2889,       11794.79683,        0.03283542487,        -0.03935775204,        98107.8451,        109902.6419,           288.3118742,            296.2940799,             99341.3872,             117568.9017
          0,           0,          46,      -4.555773618,       -3.02831683,      -2.923417686,      -2.931757406,     0.01909095123,   -0.006474415884,   -0.006474415884,      0.4442238995,       577.9307007,       208019.0442,       208019.0442,       2.507068694,       587339.2251,      -21.94582511,        112.470203,         82.88738391,       -0.00465873971,                 1.23921982,       584.5898988,       584.5898988,       216890.8751,       216890.8751,        11789.7271,        0.03278175873,        -0.03925617462,       98114.65857,        109904.3857,           288.3035403,            296.2863585,            99344.17468,             117546.7004
          0,           0,          47,      -4.554921382,      -3.037197243,      -2.927747607,      -2.933279728,     0.01943031508,   -0.006431691235,   -0.006431691235,       0.443532434,       577.9361887,       208028.7011,       208028.7011,       2.507159406,       587324.6699,      -21.86189404,       112.2297178,         82.80916071,      -0.004769356392,                1.241027984,       584.5754117,       584.5754117,        216873.499,        216873.499,       11786.59876,         0.0327277276,        -0.03915941883,       98121.05119,        109907.6499,           288.2954206,            296.2799911,            99346.52782,             117526.9712
          0,           0,          48,      -4.554023918,      -3.044993744,      -2.932326108,      -2.934238637,      0.0193553517,   -0.006395809207,   -0.006395809207,      0.4428633263,       577.9428412,       208039.8788,       208039.8788,       2.507263129,       587312.1481,      -21.78997787,       112.0007001,          82.7305183,      -0.004901974576,                1.242627421,       584.5629486,       584.5629486,       216858.9366,       216858.9366,       11785.55624,        0.03267362742,        -0.03906943662,       98127.16125,        109912.7175,           288.2875543,            296.2753943,            99348.60602,             117510.3306
          0,           0,          49,      -4.553120924,      -3.051598241,      -2.936914396,      -2.935339492,     0.01856394291,   -0.006368239259,   -0.006368239259,      0.4422233662,       577.9510796,        208053.088,        208053.088,       2.507384082,       587302.3273,      -21.73301658,       111.7863378,         82.65172758,      -0.005064260381,                1.243967976,       584.5531737,       584.5531737,       216848.0523,       216848.0523,       11787.03176,        0.03261965595,        -0.03898789521,        98133.0281,        109920.0599,           288.2799947,             296.273179,            99350.46277,             117497.5896
          0,           0,          50,      -4.552025413,      -3.056703088,      -2.941276862,      -2.936118864,      0.0175422275,   -0.006350405697,   -0.006350405697,      0.4416162798,       577.9616113,       208069.0772,       208069.0772,       2.507528087,       587296.0609,      -21.69336074,       111.5888207,          82.5728765,      -0.005259668043,                1.245008517,       584.5469367,       584.5469367,       216841.8318,       216841.8318,       11791.70975,        0.03256580331,        -0.03891620901,       98138.68371,        109930.3935,            288.272861,            296.2740756,            99352.12859,             117489.7032
          0,           0,          51,      -4.550974809,      -3.060755455,      -2.946212237,      -2.936887686,     0.01693203622,   -0.006343613907,   -0.006343613907,      0.4410475901,       577.9744017,       208088.1901,       208088.1901,       2.507699325,       587293.5004,      -21.67357927,       111.4109163,         82.49416763,      -0.005493542074,                1.245703633,       584.5443881,       584.5443881,       216840.8931,       216840.8931,        11799.8871,        0.03251224788,        -0.03885586179,       98144.15151,        109944.0386,           288.2659301,            296.2784581,             99353.6385,             117487.2546
          0,           0,          52,      -4.549833032,      -3.063829057,      -2.951364285,      -2.937613017,     0.01726917072,   -0.006350495012,   -0.006350495012,      0.4405295323,        577.988249,       208109.2158,       208109.2158,       2.507888762,        587293.845,      -21.67933037,       111.2584327,          82.4156643,      -0.005773213226,                 1.24594888,       584.5447312,       584.5447312,       216844.5271,       216844.5271,       11810.11343,         0.0324591742,        -0.03880966922,       98149.55119,        109959.6646,           288.2592844,            296.2854468,            99355.12432,             117489.4027
          0,           0,          53,      -4.548640202,       -3.06603979,      -2.956926622,      -2.938172133,     0.01865661693,   -0.006373853113,   -0.006373853113,      0.4400725447,       578.0026987,       208131.5173,       208131.5173,       2.508090912,       587297.0096,       -21.7161881,       111.1365668,         82.33734211,      -0.006105021952,                1.245644492,       584.5478809,       584.5478809,       216852.5786,       216852.5786,       11821.58128,        0.03240654994,        -0.03878040305,       98154.96799,        109976.5493,           288.2531244,            296.2947565,            99356.66704,             117495.9116
          0,           0,          54,      -4.547237337,      -3.067360366,      -2.962651135,      -2.938412749,     0.02070857489,   -0.006415343061,   -0.006415343061,      0.4396831224,       578.0178771,       208155.1759,       208155.1759,       2.508306203,        587303.357,      -21.78743518,       111.0484945,         82.25926032,      -0.006495094083,                1.244733439,       584.5541986,       584.5541986,        216865.456,        216865.456,       11834.25147,        0.03235442553,        -0.03876976859,       98160.46222,        109994.7137,           288.2474898,            296.3067088,            99358.33065,             117507.1254
          0,           0,          55,      -4.545669677,      -3.068059592,       -2.96818686,      -2.938222139,      0.0233645124,   -0.006475875253,   -0.006475875253,      0.4393679233,       578.0339022,        208180.291,        208180.291,       2.508535343,        587313.222,      -21.89531916,       110.9971874,         82.18149356,      -0.006948875594,                1.243172242,       584.5640174,       584.5640174,       216883.5523,       216883.5523,       11847.87866,        0.03230319987,        -0.03877907513,       98166.20616,        110014.0848,           288.2424998,            296.3215176,            99360.31379,             117523.2385
          0,           0,          56,      -4.543965259,      -3.068272052,       -2.97345803,       -2.93759432,     0.02661484871,   -0.006556245055,   -0.006556245055,      0.4391300256,       578.0508888,        208206.856,        208206.856,        2.50877772,       587326.8461,      -22.04160388,       110.9840013,         82.10390492,      -0.007470832562,                1.240934419,       584.5775778,       584.5775778,        216907.038,        216907.038,       11862.53792,        0.03225280635,        -0.03880905141,       98172.15902,        110034.6969,           288.2381361,            296.3394416,            99362.56847,             117544.4695
          0,           0,          57,      -4.542422224,      -3.068072087,       -2.97828087,      -2.936690623,     0.03015071559,   -0.006657800264,   -0.006657800264,       0.438971949,       578.0681988,       208234.1039,       208234.1039,       2.509026917,       587343.7184,      -22.22892998,       111.0100864,          82.0262797,      -0.008065586378,                1.237988028,       584.5943711,       584.5943711,       216935.3073,       216935.3073,       11877.92379,        0.03220271763,        -0.03886051789,       98178.09006,        110056.0139,           288.2341568,            296.3602143,             99364.8273,               117570.48
          0,           0,          58,      -4.541228492,      -3.067546496,      -2.982843986,      -2.935342269,     0.03356881985,   -0.006781380536,   -0.006781380536,      0.4388991745,       578.0852306,        208261.289,        208261.289,       2.509276773,       587363.4273,      -22.45950748,       111.0776592,         81.94835684,      -0.008736804547,                1.234297021,       584.6139877,       584.6139877,       216967.8459,       216967.8459,       11893.11716,        0.03215302889,        -0.03893440943,       98184.08593,        110077.2031,            288.230641,            296.3833467,            99367.18239,             117600.6635
          0,           0,          59,      -4.540481882,      -3.066343072,      -2.986118898,      -2.932218371,     0.03669096667,   -0.006927192014,   -0.006927192014,      0.4389130439,        578.101929,       208288.2894,       208288.2894,       2.509526032,       587385.9894,      -22.73398611,       111.1869723,         81.86995845,      -0.009487950888,                1.229862215,       584.6364442,       584.6364442,       217004.6297,       217004.6297,       11908.05728,        0.03210363752,        -0.03903082953,       98190.11608,        110098.1734,           288.2274888,            296.4089554,            99369.59756,             117635.0322
          0,           0,          60,      -4.538469371,      -3.065126029,       -2.98857259,      -2.930477376,     0.03891013239,   -0.007095566196,   -0.007095566196,      0.4390146578,       578.1179705,         208314.62,         208314.62,       2.509770344,       587411.1537,      -23.05328275,       111.3381594,         81.79094025,       -0.01032112055,                1.224686781,       584.6614907,       584.6614907,        217045.261,        217045.261,       11922.34209,        0.03205429319,        -0.03914985939,       98196.13893,         110118.481,           288.2246747,             296.436816,            99372.01398,             117673.2471
          0,           0,          61,      -4.537029136,      -3.060830445,      -2.990257691,      -2.929273108,     0.04007645231,   -0.007286188663,   -0.007286188663,      0.4392052952,        578.133137,        208339.967,        208339.967,       2.510006963,       587438.7608,      -23.41728445,       111.5311996,         81.71130735,       -0.01123647418,                1.218789842,       584.6889685,       584.6889685,       217089.4923,       217089.4923,       11935.50782,        0.03200508738,        -0.03929127604,       98202.22958,        110137.7374,           288.2222136,            296.4667549,            99374.51251,             117714.9798
          0,           0,          62,      -4.535286401,      -3.058815244,       -2.99141857,      -2.927740947,      0.0401416568,   -0.007498762228,   -0.007498762228,      0.4394823021,       578.1473426,       208364.1157,       208364.1157,       2.510233618,        587468.686,       -23.8254699,       111.7644606,         81.63109176,       -0.01223305913,                 1.21221151,       584.7187537,       584.7187537,       217137.0579,       217137.0579,       11947.66361,        0.03195560667,         -0.0394543689,       98208.22606,        110155.8897,           288.2198991,            296.4988546,            99376.90221,             117760.1557
          0,           0,          63,      -4.533287475,      -3.056800589,      -2.992085904,      -2.926213011,      0.0391335655,   -0.007732858013,   -0.007732858013,      0.4398423801,       578.1607505,        208386.997,        208386.997,       2.510448727,       587501.0383,      -24.27701399,       112.0359729,         81.55030728,       -0.01331087236,                1.204998641,       584.7509546,       584.7509546,       217187.8198,       217187.8198,       11958.95604,        0.03190540628,         -0.0396382643,       98214.02048,        110172.9765,           288.2177403,            296.5332142,            99379.04648,             117808.7733
          0,           0,          64,       -4.53073788,      -3.053684765,      -2.992249402,      -2.925438502,     0.03722932141,   -0.007987502812,   -0.007987502812,      0.4402829829,       578.1733397,       208408.5771,       208408.5771,       2.510651934,       587535.7416,      -24.77035642,        112.343927,         81.46889611,       -0.01446747918,                1.197201752,       584.7854954,       584.7854954,       217241.6739,       217241.6739,       11969.42536,          0.031854427,        -0.03984192981,       98219.57589,        110189.0013,           288.2156153,            296.5698801,            99380.90266,             117860.7712
          0,           0,          65,      -4.528685411,      -3.048764209,      -2.992255684,      -2.923968206,     0.03452418947,   -0.008261223496,   -0.008261223496,      0.4408015644,       578.1853921,       208429.1574,       208429.1574,       2.510845613,       587573.0081,      -25.30312112,       112.6863911,         81.38670671,       -0.01570069983,                1.188877107,       584.8225875,       584.8225875,       217298.8333,       217298.8333,        11979.0941,        0.03180288049,        -0.04006410399,       98225.03162,        110204.1257,           288.2136097,            296.6089778,            99382.62427,              117916.209
          0,           0,          66,      -4.525451263,      -3.044212301,      -2.992028737,      -2.922353773,     0.03094971274,   -0.008552919615,   -0.008552919615,      0.4413949805,       578.1972368,       208448.7904,       208448.7904,       2.511029037,       587613.0967,      -25.87342544,        113.061274,         81.30361159,       -0.01700826523,                1.180077765,       584.8624885,       584.8624885,       217359.2542,       217359.2542,       11987.86057,        0.03175067914,        -0.04030359876,       98230.46491,        110218.3255,           288.2120176,            296.6504708,            99384.28396,             117974.9702
          0,           0,          67,      -4.522269512,      -3.034145853,      -2.991572794,      -2.919825391,       0.027080031,   -0.008861459497,   -0.008861459497,      0.4420602906,       578.2086455,       208467.3162,       208467.3162,       2.511201233,       587655.7067,      -26.47938939,       113.4665782,         81.21946111,       -0.01838653068,                1.170854627,        584.904899,        584.904899,       217422.6795,       217422.6795,       11995.76031,        0.03169778869,        -0.04055924819,       98235.77793,        110231.5382,           288.2106338,            296.6942652,            99385.78026,             118036.8993
          0,           0,          68,      -4.519431281,      -3.027311776,      -2.991272165,      -2.917720107,     0.02286378913,   -0.009185789973,   -0.009185789973,      0.4427947183,       578.2196238,       208484.8075,       208484.8075,       2.511363026,       587700.7766,      -27.11914198,       113.9004418,          81.1341709,       -0.01983228759,                1.161257024,       584.9497579,       584.9497579,       217489.0974,       217489.0974,       12002.81131,          0.031644204,        -0.04082999398,        98240.9981,        110243.8094,           288.2094054,            296.7403525,            99387.14178,             118101.9557
          0,           0,          69,      -4.516087505,      -3.013182122,      -2.991002246,      -2.916496235,     0.01863956284,   -0.009525010364,   -0.009525010364,      0.4435948102,       578.2300662,       208501.1721,       208501.1721,       2.511513752,       587748.1233,      -27.79103304,       114.3607507,          81.0477025,       -0.02134186531,                1.151333946,        584.996883,        584.996883,       217558.3133,       217558.3133,       12009.02659,        0.03158973535,        -0.04111474571,       98246.07274,        110255.0993,           288.2082311,            296.7886518,            99388.30336,             118170.0099
          0,           0,          70,      -4.511598642,      -3.012428262,      -2.991382868,      -2.914672261,     0.01433064758,   -0.009877811516,   -0.009877811516,      0.4444584319,       578.2399272,       208516.5545,       208516.5545,       2.511655344,        587797.639,      -28.49284459,       114.8458696,         80.96013944,       -0.02291136879,                1.141135419,       585.0461669,       585.0461669,       217630.3885,       217630.3885,       12014.24169,        0.03153461044,        -0.04141242195,       98251.15638,        110265.3981,           288.2070535,            296.8391134,            99389.43658,             118240.9519
          0,           0,          71,      -4.507129411,      -3.004505321,      -2.991423084,      -2.911185778,      0.0104834009,    -0.01024360063,    -0.01024360063,      0.4453801372,       578.2493352,       208530.8786,       208530.8786,       2.511786305,       587849.3318,       -29.2231862,       115.3531001,         80.87153236,       -0.02453504234,                1.130711134,       585.0976177,       585.0976177,       217705.0903,       217705.0903,       12018.69826,        0.03147829343,        -0.04172189406,       98256.09017,        110274.7884,           288.2058718,            296.8917459,            99390.34386,             118314.7464
          0,           0,          72,      -4.501823967,      -2.995801227,      -2.991378345,      -2.907913975,    0.007344790093,    -0.01062114694,    -0.01062114694,      0.4463568678,       578.2585884,       208544.3542,       208544.3542,       2.511907923,       587903.4089,      -29.97978746,       115.8806329,         80.78197883,       -0.02620726575,                1.120108617,       585.1514416,       585.1514416,       217782.5036,       217782.5036,       12022.22293,        0.03142092837,        -0.04204207531,       98261.06563,        110283.2886,           288.2049574,            296.9464843,            99391.22768,             118391.2759
          0,           0,          73,      -4.499393296,      -2.976021462,      -2.990822076,      -2.904747377,    0.004541817177,    -0.01100945591,    -0.01100945591,      0.4473847888,       578.2674385,       208556.8836,       208556.8836,       2.512020054,       587959.5067,      -30.76060362,       116.4264597,         80.69154422,       -0.02792104253,                1.109371834,       585.2072768,       585.2072768,       217862.3734,       217862.3734,       12024.86354,        0.03136246106,        -0.04237191697,       98266.01002,        110290.8736,           288.2040561,            297.0032207,            99392.01255,             118470.3609
          0,           0,          74,      -4.494496288,      -2.961529002,      -2.990819343,      -2.899940211,    0.001630784157,     -0.0114074102,     -0.0114074102,       0.448459917,       578.2757163,       208568.5375,       208568.5375,       2.512124227,       588017.3253,      -31.56333948,       116.9886027,         80.60029116,       -0.02966784147,                1.098543525,       585.2648249,       585.2648249,       217944.5932,       217944.5932,       12026.64796,        0.03130295763,        -0.04271036783,       98270.94477,        110297.5927,           288.2029295,            297.0618954,             99392.7233,             118551.8699
          0,           0,          75,      -4.492716763,       -2.95776994,      -2.991298825,      -2.897143554,  -0.0009006595128,    -0.01181414422,    -0.01181414422,      0.4495772509,       578.2837061,       208579.4726,       208579.4726,       2.512221124,       588076.9933,      -32.38587999,       117.5649239,         80.50821628,       -0.03143778669,                 1.08766206,       585.3242135,       585.3242135,       218029.1055,       218029.1055,       12027.54933,         0.0312423068,        -0.04305645103,       98275.96161,        110303.5109,           288.2017784,            297.1224351,             99393.4433,             118635.6622
          0,           0,          76,      -4.490793624,      -2.970389346,      -2.995662161,      -2.895552154,   -0.002645155723,    -0.01222883251,    -0.01222883251,      0.4507323786,       578.2918338,       208589.8201,       208589.8201,       2.512310587,       588138.7861,      -33.22611916,       118.1536542,         80.41533463,        -0.0332200344,                1.076760553,       585.3857171,       585.3857171,       218115.8282,       218115.8282,       12027.36656,        0.03118049844,        -0.04340933095,       98281.22676,        110308.5933,           288.2010542,            297.1846629,            99394.33846,             118721.4897
          0,           0,          77,       -4.48485567,      -2.967637012,      -2.998202763,      -2.890447753,   -0.003565246296,    -0.01265088246,    -0.01265088246,       0.451920107,        578.299774,       208599.3682,       208599.3682,       2.512391412,       588202.1974,      -34.08209504,       118.7527705,           80.321704,       -0.03500423414,                1.065871275,       585.4488315,       585.4488315,       218204.2941,       218204.2941,       12026.19815,        0.03111730479,        -0.04376818724,       98286.58503,        110312.7832,           288.2004596,             297.248372,            99395.24229,             118809.0518
          0,           0,          78,      -4.481855854,      -2.954838189,      -2.997411144,      -2.885998091,   -0.003852683963,    -0.01307966198,    -0.01307966198,      0.4531354883,       578.3074597,       208608.0851,       208608.0851,       2.512463499,       588266.9777,      -34.95181645,       119.3604846,         80.22748109,       -0.03677723301,                1.055024688,       585.5133086,       585.5133086,       218294.2151,       218294.2151,       12024.05589,        0.03105264122,        -0.04413230321,       98292.01461,        110316.0705,            288.199914,            297.3133946,            99396.12494,             118898.0902
          0,           0,          79,      -4.477755571,       -2.96361513,      -3.002240919,      -2.884318093,   -0.003325293188,    -0.01351433123,    -0.01351433123,      0.4543740826,       578.3151207,          208616.2,          208616.2,       2.512528624,        588333.171,      -35.83295063,       119.9753358,         80.13266999,       -0.03852505448,                1.044245907,        585.579192,        585.579192,       218385.5587,       218385.5587,       12020.90021,        0.03098668736,        -0.04450101858,       98297.64989,        110318.5501,           288.1995558,            297.3796362,            99397.12933,             118988.4294
          0,           0,          80,      -4.477065054,      -2.961387445,      -3.005059884,       -2.88151195,   -0.001821306458,    -0.01395472351,    -0.01395472351,       0.455629848,       578.3228666,       208623.7478,       208623.7478,       2.512586686,       588400.6722,      -36.72378274,       120.5953731,         80.03734959,       -0.04023648909,                1.033558411,       585.6463773,       585.6463773,        218478.064,        218478.064,       12016.98116,        0.03091907295,        -0.04487379646,        98303.3833,        110320.3645,           288.1993389,            297.4470384,            99398.13022,             119079.9338
          0,           0,          81,      -4.476429114,      -2.971158773,       -3.00845765,      -2.880111144,   0.0003617171777,     -0.0144002356,     -0.0144002356,      0.4568974884,        578.330838,       208630.9013,       208630.9013,       2.512639087,       588469.3998,      -37.62217729,       121.2190452,         79.94153768,       -0.04189713712,                1.022983297,       585.7147832,       585.7147832,       218571.5934,       218571.5934,       12012.42466,        0.03084984025,        -0.04525007585,        98309.2383,         110321.663,           288.1992041,            297.5155791,            99399.14826,             119172.4451
          0,           0,          82,      -4.472462199,      -2.973195291,       -3.01176868,      -2.877545075,    0.002819165585,    -0.01485050516,    -0.01485050516,      0.4581731762,       578.3390079,       208637.8539,       208637.8539,       2.512688219,       588539.1538,      -38.52641839,       121.8452892,         79.84528023,       -0.04349708087,                1.012534537,       585.7842107,       585.7842107,       218666.1037,       218666.1037,       12007.34276,        0.03077904243,        -0.04562954758,       98315.25555,        110322.5983,           288.1990042,            297.5852065,            99400.23149,             119265.8723
          0,           0,          83,      -4.471268818,      -2.971986479,      -3.014274445,      -2.877001389,    0.005303749955,    -0.01530553209,    -0.01530553209,       0.459452741,       578.3477294,        208644.776,        208644.776,       2.512734639,       588610.1208,      -39.43536122,       122.4730282,         79.74872789,       -0.04502606056,                1.002224032,       585.8548455,       585.8548455,       218761.5334,       218761.5334,       12001.75803,         0.0307065037,        -0.04601203579,         98321.509,         110323.267,           288.1990344,            297.6558111,            99401.44111,             119360.0923
          0,           0,          84,      -4.469195317,      -2.971792986,       -3.01650886,       -2.87447311,    0.008307968664,    -0.01576536098,    -0.01576536098,      0.4607328329,       578.3570878,       208651.7519,       208651.7519,       2.512778993,        588682.243,      -40.34803788,        123.101488,         79.65190897,       -0.04647479883,               0.9920573511,       585.9266301,       585.9266301,       218857.7702,       218857.7702,       11995.82985,        0.03063211722,         -0.0463974782,       98327.96101,        110323.7909,           288.1993125,            297.7273176,            99402.73315,              119455.037
          0,           0,          85,      -4.470844484,      -2.972173804,      -3.018838187,      -2.873106973,     0.01165897152,    -0.01623014505,    -0.01623014505,      0.4620107576,        578.366924,       208658.7687,       208658.7687,       2.512821765,       588755.2351,      -41.26372217,       123.7301376,         79.55486056,       -0.04783549371,               0.9820370767,       585.9992805,       585.9992805,       218954.6268,       218954.6268,       11989.68312,        0.03055577739,        -0.04678592244,        98334.5428,        110324.2259,           288.1996984,            297.7995821,            99404.03195,             119550.5949
          0,           0,          86,       -4.46997491,      -2.969202434,      -3.019727343,       -2.87109049,     0.01459085901,    -0.01670016836,    -0.01670016836,      0.4632839046,       578.3772973,       208665.9175,       208665.9175,       2.512863788,        588829.042,      -42.18193916,       124.3585149,         79.45754988,       -0.04910117798,               0.9721620825,       586.0727419,       586.0727419,       219052.0391,       219052.0391,       11983.45351,        0.03047732938,        -0.04717749774,       98341.23198,        110324.6855,           288.2001952,            297.8725467,            99405.30561,             119646.7335
          0,           0,          87,      -4.471635569,       -2.96689763,      -3.021097825,      -2.868516055,     0.01708454086,    -0.01717566583,    -0.01717566583,      0.4645511209,       578.3883377,       208673.3311,       208673.3311,       2.512906101,       588903.7253,      -43.10237829,       124.9866584,         79.36000305,       -0.05026646834,               0.9624288711,       586.1470756,       586.1470756,       219150.0452,       219150.0452,       11977.19068,        0.03039678619,        -0.04757245201,       98348.07023,        110325.2609,           288.2008706,             297.946205,            99406.59657,             119743.4487
          0,           0,          88,      -4.469770869,      -2.967923684,      -3.022699477,      -2.866284825,     0.02023434473,    -0.01765678405,    -0.01765678405,      0.4658127414,       578.4001951,       208681.2122,       208681.2122,       2.512950499,       588979.4083,       -44.0247529,       125.6150812,         79.26224311,       -0.05132890926,               0.9528315266,       586.2224043,       586.2224043,       219248.8109,       219248.8109,       11970.88738,        0.03031434268,        -0.04797112674,       98355.16242,        110326.0498,           288.2018193,             298.020585,            99408.02572,             119840.7852
          0,           0,          89,      -4.466756968,      -2.967236823,      -3.024484966,      -2.863669685,     0.02337050765,    -0.01814415814,    -0.01814415814,       0.467067939,       578.4126749,       208689.4013,       208689.4013,       2.512995854,       589055.8675,      -44.94958805,       126.2438249,         79.16436219,        -0.0522862722,                0.943364489,       586.2985056,       586.2985056,       219348.1365,       219348.1365,       11964.71453,        0.03022971755,         -0.0483738757,       98362.34339,        110327.0579,           288.2028569,            298.0956487,            99409.40976,             119938.7267
          0,           0,          90,      -4.465143802,      -2.965590793,      -3.026509165,      -2.861970446,     0.02585838966,    -0.01863810966,    -0.01863810966,      0.4683171796,       578.4256581,       208697.8789,       208697.8789,       2.513042423,       589132.9792,      -45.87707078,       126.8733147,         79.06650601,       -0.05313817271,               0.9340235492,       586.3752564,       586.3752564,       219447.9929,       219447.9929,       11958.68577,        0.03014292473,        -0.04878103438,       98369.59656,        110328.2823,           288.2038666,            298.1713897,            99410.73586,              120037.257
          0,           0,          91,      -4.464642952,       -2.96452679,      -3.027627104,      -2.861202284,     0.02770943065,    -0.01913877653,    -0.01913877653,      0.4695615379,       578.4392255,       208706.7265,       208706.7265,       2.513090852,       589210.8368,      -46.80724582,       127.5041254,         78.96887529,       -0.05388506232,               0.9248062151,       586.4527495,       586.4527495,       219548.4748,       219548.4748,       11952.71671,        0.03005411959,        -0.04919289612,       98377.00491,        110329.7216,           288.2049235,            298.2478261,            99412.09939,             120136.3755
          0,           0,          92,      -4.463505764,      -2.965492441,      -3.030123557,      -2.858396378,     0.02896412702,    -0.01964634036,    -0.01964634036,      0.4708016606,       578.4535283,       208715.9621,       208715.9621,       2.513140718,       589289.6022,       -47.7402659,       128.1366157,         78.87163062,       -0.05452829198,               0.9157102659,       586.5311462,       586.5311462,       219649.6107,       219649.6107,       11946.78873,        0.02996333655,        -0.04960967691,       98384.58671,        110331.3754,             288.20615,            298.3249962,            99413.52296,             120236.0877
          0,           0,          93,      -4.465233977,       -2.96504677,      -3.032780479,      -2.856610684,     0.02982827558,    -0.02016094166,    -0.02016094166,      0.4720373886,       578.4685058,       208725.5404,       208725.5404,       2.513191666,       589369.2028,      -48.67621927,       128.7708105,         78.77485124,       -0.05506835907,               0.9067341352,       586.6103742,       586.6103742,       219751.3426,       219751.3426,       11941.12181,        0.02987053642,        -0.05003147807,       98392.20927,        110333.3311,           288.2073659,            298.4030083,            99414.86994,             120336.4727
          0,           0,          94,      -4.462892717,      -2.967013139,      -3.034026363,      -2.853182631,     0.02990632013,    -0.02068255293,    -0.02068255293,      0.4732690647,       578.4842148,       208735.4261,       208735.4261,       2.513243017,        589449.703,      -49.61504549,       129.4067699,         78.67854542,       -0.05550849977,               0.8978752445,       586.6904976,       586.6904976,       219853.6418,       219853.6418,       11935.74551,        0.02977574343,        -0.05045829635,       98399.84031,        110335.5858,            288.208593,            298.4819046,            99416.11224,             120437.5295
          0,           0,          95,      -4.460605705,      -2.965753345,      -3.036379582,      -2.852234579,     0.02940634061,    -0.02121099658,    -0.02121099658,      0.4744991857,       578.5004638,       208745.3781,       208745.3781,       2.513292773,       589530.9734,      -50.55683544,       130.0452505,          78.5828262,       -0.05585333527,               0.8891293723,       586.7713876,       586.7713876,       219956.3342,       219956.3342,       11930.25214,         0.0296792287,        -0.05089022529,       98407.56296,        110337.8151,           288.2098881,            298.5614995,            99417.35371,             120538.9805
          0,           0,          96,      -4.460040432,      -2.964083935,      -3.036180722,      -2.848983699,     0.02891984509,    -0.02174588302,    -0.02174588302,      0.4757295764,       578.5172226,       208755.2891,       208755.2891,       2.513339798,       589613.0235,      -51.50130524,       130.6867105,         78.48783428,       -0.05610728065,               0.8804965973,       586.8530536,       586.8530536,       220059.3552,       220059.3552,       11924.45066,        0.02958130267,        -0.05132718569,        98415.4192,        110339.8699,           288.2112687,            298.6417849,             99418.6582,              120640.697
          0,           0,          97,      -4.458449485,      -2.961643755,      -3.038529203,      -2.847318337,     0.02792371936,     -0.0222867914,     -0.0222867914,      0.4769584956,       578.5347184,       208765.1928,       208765.1928,       2.513383424,       589696.0206,      -52.44771793,       131.3303279,         78.39364511,       -0.05627284652,               0.8719837793,       586.9356622,       586.9356622,         220162.66,         220162.66,       11918.65326,        0.02948193697,        -0.05176872837,       98423.26975,         110341.923,           288.2126573,            298.7230049,            99419.88381,             120742.7762
          0,           0,          98,      -4.456615705,      -2.958788362,      -3.039331647,      -2.845755651,     0.02655406028,    -0.02283336199,    -0.02283336199,      0.4781895431,       578.5522773,        208774.293,        208774.293,       2.513417154,        589779.428,      -53.39662655,       131.9768396,         78.30028476,        -0.0563592831,               0.8635841026,       587.0186791,       587.0186791,       220265.5914,       220265.5914,       11912.09802,         0.0293812946,        -0.05221465658,        98431.0975,        110343.1955,            288.214015,            298.8046642,            99421.02723,             120844.5642
          0,           0,          99,      -4.455003618,      -2.954114964,       -3.04048085,       -2.84331647,      0.0251164651,     -0.0233847007,     -0.0233847007,      0.4794237124,       578.5701315,       208782.5257,       208782.5257,       2.513439239,       589863.5206,      -54.34739203,       132.6261037,         78.20781759,       -0.05637322081,               0.8553013307,       587.1023781,       587.1023781,       220368.1243,       220368.1243,       11904.61866,         0.0292796877,        -0.05266438841,       98438.95353,        110343.5722,           288.2154812,            298.8868969,            99422.15789,             120945.9664
          0,           0,         100,      -4.454621559,      -2.953760038,       -3.04151282,        -2.8420968,     0.02404466415,    -0.02393987894,    -0.02393987894,      0.4806574828,       578.5885947,       208789.9696,       208789.9696,       2.513449125,       589948.4741,      -55.29835171,        133.276532,         78.11631488,       -0.05631879538,               0.8471489138,        587.186934,        587.186934,       220470.1527,       220470.1527,       11896.56542,        0.02917711762,        -0.05311699657,       98446.70211,        110343.2675,           288.2169156,            298.9700183,            99423.14292,             121047.0097
          0,           0,         101,      -4.453168142,      -2.952150806,      -3.043088847,      -2.840440259,     0.02306973225,    -0.02449744169,    -0.02449744169,      0.4818891509,       578.6078885,       208796.6494,       208796.6494,       2.513446146,       590034.4276,      -56.24762171,       133.9269828,         78.02580443,       -0.05620073098,               0.8391380338,       587.2724851,       587.2724851,       220571.5706,       220571.5706,       11887.89606,        0.02907394405,        -0.05357138574,       98454.37665,        110342.2727,           288.2183745,            299.0541106,            99424.03734,             121147.5332
          0,           0,         102,      -4.453550388,      -2.946754351,       -3.04314252,      -2.837071827,     0.02179433636,    -0.02505640036,    -0.02505640036,      0.4831166454,       578.6277614,       208802.1747,       208802.1747,       2.513426668,       590121.0539,      -57.19401946,       134.5761591,         77.93631886,       -0.05602541477,               0.8312766432,       587.3587059,       587.3587059,       220671.8608,       220671.8608,       11878.52615,        0.02897015305,        -0.05402655341,       98461.82427,        110340.3504,           288.2196473,            299.1390587,            99424.68984,             121247.1709
          0,           0,         103,      -4.452003139,       -2.94500528,      -3.045210362,      -2.836512081,     0.02120015187,    -0.02561549863,    -0.02561549863,      0.4843370899,       578.6483947,       208806.4818,       208806.4818,       2.513389124,       590208.4181,      -58.13577969,       135.2225931,         77.84796123,       -0.05579697241,               0.8235766485,       587.4456612,       587.4456612,       220770.7801,       220770.7801,        11868.4288,        0.02886588831,        -0.05448138694,       98469.02648,        110337.4553,           288.2207349,            299.2249262,            99425.09181,             121345.6883
          0,           0,         104,      -4.451110988,      -2.942455429,      -3.046765201,      -2.835782126,     0.02153884826,    -0.02617319345,    -0.02617319345,      0.4855475708,        578.670064,       208809.5211,       208809.5211,       2.513331739,       590296.6687,       -59.0708489,       135.8647469,         77.76073168,       -0.05551957527,               0.8160483269,       587.5334986,       587.5334986,       220868.0772,       220868.0772,       11857.52293,        0.02876140639,        -0.05493459985,       98475.99908,         110333.522,           288.2217383,            299.3117603,            99425.27415,              121442.803
          0,           0,         105,      -4.450742328,      -2.942729604,      -3.048769775,      -2.835496567,     0.02085743617,    -0.02672778375,    -0.02672778375,      0.4867451243,       578.6930559,       208811.4751,       208811.4751,       2.513255395,       590385.9462,      -59.99677969,        136.501051,         77.67469274,       -0.05519908431,               0.8087045223,       587.6223583,       587.6223583,       220963.7212,       220963.7212,       11845.87088,         0.0286570858,        -0.05538486955,       98482.80211,         110328.673,           288.2226322,             299.399726,            99425.32274,             121538.3984
          0,           0,         106,      -4.449297625,      -2.941398325,      -3.051869854,      -2.834263989,     0.02132411285,    -0.02727764519,    -0.02727764519,      0.4879258724,       578.7176227,       208812.2642,       208812.2642,       2.513158074,       590476.3266,      -60.91130097,       137.1297322,         77.58980169,       -0.05483757031,               0.8015548471,       587.7123156,       587.7123156,       221057.3639,       221057.3639,       11833.46014,        0.02855317452,        -0.05583081971,       98489.40203,        110322.8622,           288.2234951,            299.4888205,            99425.21585,             121632.1481
          0,           0,         107,      -4.446872212,      -2.939480546,       -3.05404348,      -2.833665524,     0.02175185462,    -0.02782141061,    -0.02782141061,      0.4890857952,       578.7438353,       208811.8253,       208811.8253,       2.513038621,       590567.7007,      -61.81233107,        137.748955,         77.50609761,       -0.05444040992,               0.7946094378,        587.803262,        587.803262,       221148.6743,       221148.6743,        11820.4381,        0.02844975619,         -0.0562711668,       98495.69362,        110316.1317,           288.2241464,            299.5791155,            99424.85718,             121723.8171
          0,           0,         108,      -4.445236789,      -2.939275439,      -3.054709871,      -2.831731319,     0.02199380188,    -0.02835736024,    -0.02835736024,      0.4902223302,       578.7721441,       208810.4112,       208810.4112,       2.512898168,       590660.3642,      -62.69747683,       138.3575006,         77.42358056,       -0.05400987928,               0.7878756537,       587.8954917,       587.8954917,       221237.6738,       221237.6738,       11806.77308,        0.02834735617,         -0.0567047164,       98501.81905,        110308.5921,           288.2247826,            299.6707091,             99424.4187,             121813.2551
          0,           0,         109,       -4.44296803,      -2.938122373,      -3.056969903,      -2.830938581,     0.02298533228,    -0.02888451579,    -0.02888451579,      0.4913309232,       578.8026559,        208807.941,        208807.941,       2.512735205,        590754.236,      -63.56515662,       138.9535069,         77.34225686,       -0.05354971793,               0.7813599164,       587.9889241,       587.9889241,       221324.0081,       221324.0081,        11792.7544,        0.02824585117,        -0.05713036696,       98507.59329,        110300.3477,           288.2252284,            299.7636957,            99423.70972,             121900.2983
          0,           0,         110,      -4.440087005,      -2.937843281,      -3.058147937,      -2.828990407,     0.02424259863,    -0.02940150206,    -0.02940150206,      0.4924079121,       578.8356817,       208804.4952,       208804.4952,       2.512549362,       590849.4439,      -64.41340072,       139.5354637,          77.2620892,       -0.05306173222,               0.7750673887,       588.0836864,       588.0836864,       221407.4829,       221407.4829,       11778.49423,        0.02814546552,        -0.05754696758,       98513.00047,        110291.4947,           288.2255125,            299.8581739,            99422.72533,             121984.7576
          0,           0,         111,      -4.437137362,      -2.937296238,      -3.060567066,      -2.826938429,     0.02623486637,     -0.0299069195,     -0.0299069195,      0.4934494793,       578.8717084,       208800.4773,       208800.4773,       2.512343319,       590946.2517,      -65.23973322,       140.1019672,         77.18314964,       -0.05254796783,               0.7690065359,        588.180041,        588.180041,       221488.1881,       221488.1881,       11764.21871,        0.02804656942,        -0.05795348892,       98518.12931,         110282.348,           288.2256633,            299.9543777,            99421.57973,             122066.6083
          0,           0,         112,      -4.434433845,      -2.936703858,      -3.064358424,      -2.826250557,     0.02893481425,    -0.03040007581,    -0.03040007581,      0.4944542341,       578.9105883,       208795.5102,       208795.5102,       2.512113332,       591044.4165,       -66.0434608,       140.6525335,         77.10534326,       -0.05200708742,               0.7631721673,       588.2777462,       588.2777462,       221565.5785,       221565.5785,        11749.7153,        0.02794929038,         -0.0583493662,       98522.89747,        110272.6128,           288.2257261,            300.0520201,            99420.19239,             122145.3861
          0,           0,         113,      -4.430986708,      -2.935927481,      -3.065474713,      -2.825185033,     0.03192848597,    -0.03087988188,    -0.03087988188,        0.49541905,        578.952669,       208789.9576,       208789.9576,       2.511862225,       591144.0986,      -66.82269073,       141.1860035,         77.02865842,       -0.05144237545,               0.7575682926,       588.3769618,       588.3769618,       221639.7558,       221639.7558,       11735.28283,        0.02785388265,        -0.05873376453,       98527.33738,        110262.6202,           288.2256741,            300.1512877,            99418.61469,             122221.1411
          0,           0,         114,      -4.427676425,      -2.935577707,      -3.065855372,      -2.822924804,      0.0344747588,     -0.0313457097,     -0.0313457097,      0.4963433487,       578.9979038,        208783.584,        208783.584,       2.511587513,       591245.1807,      -67.57686205,        141.702244,         76.95298367,       -0.05085357982,               0.7521884305,       588.4775707,       588.4775707,       221710.3526,       221710.3526,       11720.75064,        0.02776055856,        -0.05910626827,       98531.41669,        110252.1673,           288.2255325,            300.2520382,            99416.82263,             122293.5299
          0,           0,         115,      -4.424389635,      -2.933630326,      -3.066653474,      -2.820935813,      0.0382376265,    -0.03179665054,    -0.03179665054,      0.4972245168,       579.0466808,       208776.6871,       208776.6871,        2.51129104,       591347.8802,      -68.30444858,       142.2003481,         76.87831316,       -0.05024436816,               0.7470348353,       588.5797895,       588.5797895,       221777.4232,       221777.4232,       11706.38995,        0.02766953471,        -0.05946618526,       98535.14856,        110241.5385,           288.2252445,             300.354545,            99414.84602,             122362.5772
          0,           0,         116,      -4.421442858,      -2.934558727,      -3.069449446,      -2.819271743,     0.04242794546,    -0.03223226586,    -0.03223226586,      0.4980627828,       579.0989408,        208768.946,        208768.946,       2.510969411,       591452.0886,      -69.00525639,       142.6805748,         76.80447323,       -0.04961311748,               0.7420972752,         588.68351,         588.68351,       221840.5372,       221840.5372,       11691.93982,        0.02758103576,        -0.05981330162,       98538.50308,        110230.4429,           288.2248924,            300.4586176,            99412.66263,             122427.8746
          0,           0,         117,      -4.419207843,      -2.934054712,      -3.071942282,      -2.817619313,     0.04766165204,    -0.03265171412,    -0.03265171412,      0.4988558986,       579.1552736,       208760.8269,       208760.8269,       2.510625647,       591558.2403,      -69.67782188,       143.1422511,         76.73138417,       -0.04896247954,               0.7373756554,       588.7891648,       588.7891648,        221899.941,        221899.941,       11677.76045,        0.02749534538,         -0.0601470595,       98541.53321,        110219.2937,           288.2244574,            300.5647074,            99410.34472,             122489.5963
          0,           0,         118,      -4.416374424,      -2.932318617,      -3.073842862,      -2.817460655,     0.05338174773,    -0.03305452472,    -0.03305452472,      0.4996020817,       579.2160085,       208752.3996,       208752.3996,       2.510259249,       591666.5558,      -70.32154799,       143.5848805,          76.6589328,       -0.04829256169,                0.732865762,       588.8969734,       588.8969734,       221955.5372,       221955.5372,       11664.09613,        0.02741253238,        -0.06046705709,       98544.15174,        110208.2479,            288.223929,            300.6730444,            99407.80614,             122547.7311
          0,           0,         119,       -4.41562891,      -2.933127248,      -3.077112695,      -2.815134439,      0.0596117994,    -0.03344015298,    -0.03344015298,      0.5003015452,       579.2812165,       208743.6524,       208743.6524,       2.509869915,       591777.0348,      -70.93577713,       144.0086647,         76.58708531,       -0.04760570466,                0.728563453,       589.0069352,       589.0069352,       222007.1889,       222007.1889,       11650.77403,        0.02733291336,        -0.06077306634,       98546.43917,        110197.2132,           288.2233102,            300.7836249,            99405.14865,             122602.0402
          0,           0,         120,      -4.414696276,      -2.933849482,      -3.077705378,      -2.814199503,     0.06567521197,    -0.03380822235,    -0.03380822235,      0.5009536713,       579.3509827,       208734.3826,       208734.3826,       2.509455012,        591889.704,      -71.52039713,       144.4134876,         76.51572931,       -0.04690190362,               0.7244628822,       589.1190769,       589.1190769,       222054.5787,       222054.5787,       11637.79055,        0.02725655346,        -0.06106477581,       98548.29601,        110186.0866,           288.2225603,            300.8965166,            99402.27065,             122652.3081
          0,           0,         121,      -4.411931935,      -2.937255975,      -3.086106773,      -2.812752431,     0.07310196876,    -0.03415797809,    -0.03415797809,      0.5015581073,       579.4257655,       208724.8228,       208724.8228,        2.50901552,       592004.9441,      -72.07451284,       144.7992504,         76.44480664,       -0.04618511359,               0.7205622112,       589.2337776,       589.2337776,       222097.8125,       222097.8125,       11625.17778,        0.02718378416,        -0.06134176224,       98549.82249,        110175.0003,           288.2217669,            301.0120107,            99399.29492,             122698.5176
          0,           0,         122,      -4.409716163,      -2.936576237,      -3.083344689,      -2.811137614,     0.08020442306,    -0.03448931775,    -0.03448931775,      0.5021142392,       579.5055341,         208714.65,         208714.65,       2.508547943,       592122.6774,      -72.59832303,       145.1658974,         76.37418871,       -0.04545464974,               0.7168542762,       589.3509598,       589.3509598,       222136.4681,       222136.4681,       11612.86979,        0.02711454357,        -0.06160386132,       98550.89012,        110163.7599,           288.2208572,            301.1301026,            99396.08457,             122740.3835
          0,           0,         123,      -4.405783057,      -2.937474229,       -3.08642531,      -2.808975219,     0.08846574152,    -0.03480155503,    -0.03480155503,      0.5026210885,       579.5905381,       208703.8773,       208703.8773,       2.508051541,       592243.0746,      -73.09111239,       145.5130182,         76.30385731,       -0.04471459925,               0.7133393716,       589.4707934,       589.4707934,       222170.4225,       222170.4225,       11600.86126,        0.02704898105,        -0.06185053609,       98551.50803,        110152.3693,           288.2197922,            301.2510012,            99392.65933,             122777.7632
          0,           0,         124,      -4.406367538,      -2.938370089,      -3.093490009,      -2.808574612,     0.09691265172,    -0.03509408867,    -0.03509408867,      0.5030789053,       579.6810096,       208692.4323,       208692.4323,       2.507524766,       592366.3406,      -73.55259662,       145.8406605,          76.2337086,       -0.04396696974,               0.7100130924,       589.5934825,       589.5934825,       222199.5347,       222199.5347,       11589.01401,        0.02698731956,        -0.06208140823,       98551.70916,        110140.7232,           288.2186539,            301.3748286,            99389.06131,             122810.4734
          0,           0,         125,      -4.407079044,      -2.937522186,      -3.094881689,      -2.806578763,      0.1042464347,    -0.03536632122,    -0.03536632122,      0.5034863859,       579.7775725,       208680.7212,       208680.7212,       2.506970013,       592493.0267,      -73.98201851,       146.1483238,         76.16367978,       -0.04321641204,               0.7068754185,       589.7195755,       589.7195755,       222224.1085,       222224.1085,       11577.69302,        0.02692969584,        -0.06229601706,       98551.51411,        110129.2071,           288.2174457,            301.5021299,            99385.32264,             122838.7859
          0,           0,         126,      -4.405874421,      -2.929827411,      -3.090961184,      -2.805660904,      0.1122864937,    -0.03561798884,    -0.03561798884,      0.5038451875,       579.8800924,       208668.3571,       208668.3571,       2.506383648,       592623.0542,      -74.37998817,       146.4364455,         76.09365238,       -0.04246571674,               0.7039185018,       589.8489944,       589.8489944,       222243.7999,       222243.7999,       11566.55292,        0.02687619516,        -0.06249418401,       98550.90211,         110117.455,            288.216176,            301.6328184,            99381.42031,             122862.3796
          0,           0,         127,      -4.403604244,      -2.928645077,      -3.092350261,      -2.805116954,      0.1198281463,     -0.0358483268,     -0.0358483268,      0.5041541727,       579.9890405,       208655.5325,       208655.5325,       2.505766279,       592756.8238,      -74.74563803,       146.7045031,         76.02356816,       -0.04171995907,                0.701143354,       589.9821378,       589.9821378,       222258.6942,       222258.6942,        11555.6874,        0.02682699775,        -0.06267532455,       98549.92254,        110105.6099,           288.2148716,            301.7672663,            99377.41848,             122881.2757
          0,           0,         128,      -4.401744794,      -2.931288546,      -3.096282935,      -2.803666346,      0.1287093816,    -0.03605636372,    -0.03605636372,      0.5044115054,       580.1051273,       208642.7341,       208642.7341,       2.505120977,       592894.9784,      -75.07798893,       146.9515381,         75.95334738,       -0.04098419168,               0.6985528971,       590.1196457,       590.1196457,       222269.1874,       222269.1874,       11545.55181,        0.02678226163,        -0.06283862535,       98548.59114,        110094.1429,            288.213565,            301.9060807,            99373.33847,             122895.8489
          0,           0,         129,      -4.398065508,      -2.932108596,      -3.098677951,      -2.801559473,      0.1372560842,    -0.03624238083,    -0.03624238083,      0.5046200476,       580.2279537,       208629.4072,       208629.4072,       2.504443381,       593037.2426,      -75.37829033,       147.1784893,         75.88293886,       -0.04026224391,               0.6961378363,        590.261244,        590.261244,       222274.8745,       222274.8745,         11535.732,        0.02674193964,        -0.06298432047,       98546.83761,        110082.5696,           288.2121893,            302.0490547,            99369.10789,             122905.7666
          0,           0,         130,       -4.39616239,      -2.932895202,      -3.099571983,      -2.799951882,      0.1458039739,    -0.03640571901,    -0.03640571901,      0.5047793805,       580.3579269,       208615.5478,       208615.5478,       2.503732133,       593183.9914,      -75.64592053,       147.3851905,         75.81226796,       -0.03955615591,               0.6938969885,       590.4073059,       590.4073059,       222275.6889,       222275.6889,       11526.26391,        0.02670625122,        -0.06311197023,       98544.64194,        110070.9059,           288.2107428,            302.1965631,            99364.71879,             122910.9701
          0,           0,         131,      -4.394073818,      -2.933247019,      -3.101694859,      -2.798146234,      0.1547251009,     -0.0365463956,     -0.0365463956,        0.50489179,       580.4952435,       208601.2758,       208601.2758,       2.502988322,       593335.5508,      -75.88170477,       147.5722519,         75.74121864,       -0.03887063529,               0.6918228328,       590.5581558,       590.5581558,       222271.9325,       222271.9325,       11517.27317,        0.02667526101,        -0.06322165661,       98542.00132,        110059.2745,           288.2092013,            302.3489545,            99360.16803,             122911.7644
          0,           0,         132,       -4.39164944,      -2.934263748,      -3.104846474,      -2.796516422,      0.1626896428,    -0.03666383672,    -0.03666383672,      0.5049577691,       580.6404968,       208586.9823,       208586.9823,       2.502214632,       593492.5681,      -76.08552822,       147.7394371,         75.66972427,       -0.03821446488,               0.6899150132,       590.7144381,       590.7144381,       222264.0844,       222264.0844,       11508.87257,        0.02664909281,        -0.06331292953,       98539.05485,        110047.9274,           288.2077154,            302.5067228,            99355.60612,             122908.4782
          0,           0,         133,      -4.387484631,      -2.934190455,       -3.10879448,      -2.794182182,      0.1719864124,    -0.03675783641,    -0.03675783641,      0.5049785449,       580.7938292,       208572.5662,       208572.5662,       2.501409813,       593655.2754,       -76.2579188,       147.8869073,         75.59777311,       -0.03759302842,               0.6881702743,       590.8763838,       590.8763838,        222252.156,        222252.156,        11500.9621,        0.02662774011,        -0.06338557652,       98535.80204,        110036.7641,           288.2062415,            302.6701423,            99351.02996,              122901.126
          0,           0,         134,      -4.385305886,      -2.933996758,      -3.104946953,       -2.79181803,      0.1801888426,    -0.03682855707,    -0.03682855707,      0.5049560467,         580.95575,       208558.4278,       208558.4278,       2.500577054,       593824.3205,      -76.39975654,       148.0151257,         75.52530479,       -0.03701233656,               0.6865824988,       591.0446376,       591.0446376,       222236.7676,       222236.7676,       11493.78527,        0.02661119802,        -0.06343975508,       98532.32124,        110026.1065,           288.2048578,            302.8397798,            99346.51768,             122890.2499
          0,           0,         135,      -4.382849351,      -2.935525203,       -3.10989958,      -2.789392265,      0.1854691647,    -0.03687636204,    -0.03687636204,      0.5048935583,       581.1262916,       208544.4537,       208544.4537,       2.499715568,       593999.9349,      -76.51254664,       148.1250804,         75.45215164,        -0.0364771767,               0.6851402073,       591.2194299,       591.2194299,        222218.079,        222218.079,       11487.18805,        0.02659941616,         -0.0634757782,       98528.63284,        110015.8209,           288.2035704,            303.0158595,            99342.08372,             122875.9952
          0,           0,         136,      -4.377746332,      -2.934456764,      -3.108494314,      -2.785204304,      0.1902089866,    -0.03690140106,    -0.03690140106,      0.5047931958,       581.3060041,       208530.9797,       208530.9797,       2.498827634,       594182.8174,      -76.59711911,        148.217322,         75.37826358,       -0.03599477835,                0.683838459,       591.4014563,       591.4014563,       222196.6504,       222196.6504,       11481.44336,        0.02659239916,        -0.06349380021,       98524.76819,        110006.2116,           288.2023973,             303.199059,            99337.76485,             122858.8855
          0,           0,         137,      -4.378838028,      -2.934437647,      -3.116859131,      -2.785475925,      0.1948531086,    -0.03690447803,    -0.03690447803,      0.5046584499,       581.4951091,       208517.9383,       208517.9383,       2.497912247,       594373.4111,       -76.6553706,       148.2931904,          75.3035185,       -0.03556691848,               0.6826636114,       591.5911579,       591.5911579,       222172.7185,       222172.7185,       11476.46766,        0.02659002375,        -0.06349450178,        98520.7353,         109997.203,           288.2013447,            303.3898131,            99333.55899,             122839.1596
          0,           0,         138,      -4.378716809,      -2.933193144,      -3.113537511,      -2.782960767,      0.1987365651,    -0.03688653786,    -0.03688653786,      0.5044941923,       581.6935625,       208505.0993,       208505.0993,       2.496967666,       594571.9202,      -76.68943454,       148.3544739,          75.2278682,       -0.03519661384,               0.6816022768,       591.7887377,       591.7887377,       222146.3952,       222146.3952,       11472.01167,        0.02659222057,        -0.06347875843,       98516.54381,        109988.5555,           288.2004001,            303.5883376,            99329.47299,             122816.9222
          0,           0,         139,      -4.375159826,        -2.9290356,      -3.117626048,      -2.780594634,      0.2029338355,    -0.03684784204,    -0.03684784204,      0.5043026499,       581.9021127,       208493.0215,       208493.0215,       2.495998051,       594779.2727,      -76.70034307,       148.4016972,         75.15147108,       -0.03488970722,               0.6806539221,       591.9951196,       591.9951196,       222118.5185,       222118.5185,       11468.70761,        0.02659895272,        -0.06344679476,       98512.15695,        109980.8646,           288.1995522,            303.7955674,            99325.46653,             122793.0519
          0,           0,         140,      -4.374454032,      -2.929394935,      -3.114814705,      -2.779943359,      0.2069407728,    -0.03678922859,    -0.03678922859,      0.5040886038,        582.120793,       208481.4715,       208481.4715,       2.495001368,       594995.7529,      -76.69002382,       148.4366097,         75.07439502,       -0.03464906752,                0.679808109,       592.2105865,       592.2105865,       222089.1913,       222089.1913,       11466.33446,         0.0266101898,        -0.06339941839,       98507.56852,         109973.903,           288.1987893,            304.0117972,            99321.53493,             122767.6564
          0,           0,         141,      -4.372742903,      -2.930548245,      -3.122462173,       -2.77846557,      0.2110398757,    -0.03671172774,    -0.03671172774,      0.5038560883,       582.3497172,       208470.3289,       208470.3289,       2.493976557,        595221.699,      -76.66040262,       148.4608246,         74.99669386,        -0.0344743645,               0.6790539332,       592.4354749,       592.4354749,       222058.6062,       222058.6062,       11464.88265,        0.02662583507,        -0.06333756282,       98502.72311,        109967.6058,           288.1980515,            304.2374234,            99317.61581,             122740.9904
          0,           0,         142,      -4.369954411,        -2.9291406,      -3.116874544,      -2.776012006,      0.2138069783,    -0.03661571317,    -0.03661571317,      0.5036080141,       582.5896557,       208460.1827,       208460.1827,       2.492928176,       595458.0778,      -76.61259306,       148.4752015,         74.91833927,       -0.03437126001,               0.6783846748,       592.6707472,       592.6707472,       222027.6433,       222027.6433,       11464.83895,        0.02664590211,        -0.06326161527,       98497.67187,        109962.5108,           288.1973793,            304.4733679,            99313.76305,             122713.8802
          0,           0,         143,      -4.368986391,       -2.92933311,      -3.120506048,      -2.774400463,      0.2171307416,    -0.03650226265,    -0.03650226265,       0.503347953,       582.8405455,       208450.8622,       208450.8622,        2.49185533,       595704.9974,      -76.54818683,       148.4812442,         74.83960296,       -0.03433801942,               0.6777960581,       592.9165111,       592.9165111,       221996.3889,       221996.3889,       11466.09493,        0.02667032379,        -0.06317258644,       98492.38364,        109958.4786,           288.1967433,            304.7197678,            99309.94227,             122686.4466
          0,           0,         144,      -4.367087333,      -2.927702406,      -3.121443808,      -2.773004146,      0.2202013813,    -0.03637259281,    -0.03637259281,       0.503082244,       583.1021023,       208441.9227,       208441.9227,       2.490755138,       595962.4945,      -76.46980337,       148.4814511,         74.76064451,       -0.03437336173,               0.6772751795,       593.1728028,       593.1728028,       221964.7914,       221964.7914,       11468.23046,        0.02669904286,        -0.06307163567,       98486.84613,        109955.0766,           288.1961007,            304.9767021,              99306.138,             122658.6534
          0,           0,         145,       -4.36719161,      -2.927307784,      -3.120964325,      -2.773187089,      0.2228163785,    -0.03622780022,    -0.03622780022,      0.5028163185,       583.3743141,       208433.1137,       208433.1137,       2.489625671,       596230.8108,       -76.3795343,       148.4778298,         74.68162824,       -0.03447848429,               0.6768123104,       593.4398632,       593.4398632,       221932.9365,       221932.9365,       11470.92759,        0.02673202279,        -0.06295982302,       98481.09304,        109952.0206,           288.1954976,            305.2443656,            99302.38612,             122630.5504
          0,           0,         146,      -4.361356405,      -2.926190627,      -3.120343246,      -2.769316238,      0.2255349452,    -0.03606834518,    -0.03606834518,       0.502548237,       583.6580889,       208425.2026,       208425.2026,       2.488472922,       596510.7897,      -76.27701672,       148.4701776,         74.60267633,       -0.03464647767,               0.6764095462,       593.7185314,       593.7185314,       221901.5617,       221901.5617,       11474.95732,        0.02676923786,        -0.06283758304,       98475.12263,        109950.0799,           288.1949428,            305.5235886,             99298.6787,              122602.883
          0,           0,         147,      -4.358651707,      -2.924261346,      -3.114976828,      -2.767859993,      0.2302349523,    -0.03589577769,    -0.03589577769,      0.5022857546,       583.9523709,       208417.0944,       208417.0944,       2.487289662,       596801.7136,      -76.16537977,       148.4614229,         74.52395655,       -0.03487603248,                 0.67605051,       594.0080935,       594.0080935,        221869.972,        221869.972,       11479.23961,        0.02681053938,        -0.06270631707,        98468.9274,         109948.167,           288.1944161,            305.8136775,            99295.00532,             122574.9667
          0,           0,         148,      -4.358790027,      -2.925664374,      -3.125487283,      -2.767973957,      0.2321474834,    -0.03571094048,    -0.03571094048,      0.5020320994,       584.2574145,       208408.8798,       208408.8798,       2.486076961,       597104.0048,      -76.04597724,       148.4530297,         74.44559872,       -0.03516295009,               0.6757274131,       594.3089697,       594.3089697,       221838.4734,       221838.4734,       11483.80244,        0.02685593417,        -0.06256687465,       98462.53866,        109946.3411,           288.1939301,            306.1150397,            99291.39511,             122547.0782
          0,           0,         149,      -4.356401689,      -2.925249648,      -3.124903121,      -2.764643792,      0.2320744624,    -0.03551479684,    -0.03551479684,      0.5017882613,       584.5733057,       208400.6519,       208400.6519,       2.484836422,       597417.7724,      -75.91939626,       148.4457655,         74.36768244,       -0.03550265252,               0.6754356296,       594.6212686,       594.6212686,       221807.2208,       221807.2208,       11488.66918,        0.02690533186,         -0.0624201287,       98455.99134,        109944.6605,           288.1935064,            306.4277622,            99287.88428,             122519.3365
          0,           0,         150,       -4.35580009,      -2.924826832,      -3.125408243,      -2.763802017,      0.2319344519,    -0.03530797012,    -0.03530797012,      0.5015537867,        584.900053,       208392.4009,       208392.4009,       2.483568764,       597743.0034,      -75.78593762,       148.4397911,         74.29031379,       -0.03588769597,                0.675173545,       594.9449772,       594.9449772,       221776.1895,       221776.1895,       11494.00202,        0.02695857632,        -0.06226654644,       98449.19946,        109943.2015,           288.1930858,            306.7518913,              99284.373,             122491.8165
          0,           0,         151,      -4.353787625,      -2.922543663,      -3.118859322,      -2.762601229,      0.2324988412,    -0.03509123601,    -0.03509123601,      0.5013303184,       585.2374613,       208383.9087,       208383.9087,       2.482273337,       598079.5602,      -75.64630163,        148.436092,         74.21356382,       -0.03631279283,               0.6749353396,       595.2799585,       595.2799585,       221745.2179,       221745.2179,       11499.45461,        0.02701560178,        -0.06210683779,       98442.22707,        109941.6817,           288.1926965,             307.087262,            99280.92866,             122464.2893
          0,           0,         152,      -4.352166816,      -2.921800525,      -3.110447064,      -2.760525931,      0.2332297413,    -0.03486555068,    -0.03486555068,      0.5011191409,       585.5853419,       208374.8815,       208374.8815,       2.480948561,       598427.3277,      -75.50166135,       148.4355774,         74.13752061,       -0.03676956086,               0.6747143878,       595.6260982,       595.6260982,       221714.0906,       221714.0906,       11504.90849,        0.02707619605,        -0.06194174674,       98434.98648,         109939.895,           288.1922671,             307.433831,            99277.44626,             122436.6444
          0,           0,         153,      -4.349812112,      -2.924403384,       -3.12123671,      -2.758267157,      0.2343331124,    -0.03463136991,    -0.03463136991,      0.5009191816,       585.9441737,       208365.7601,       208365.7601,       2.479598622,       598786.7232,      -75.35164857,       148.4383098,         74.06226591,       -0.03725242201,               0.6745110705,       595.9838114,       595.9838114,       221683.1863,       221683.1863,       11510.50412,        0.02714034435,        -0.06177171426,       98427.62798,        109938.1321,           288.1919469,            307.7918645,            99274.08257,             122409.1038
          0,           0,         154,       -4.34722084,       -2.92472831,      -3.118293866,      -2.754954212,      0.2356075426,    -0.03438950849,    -0.03438950849,      0.5007291726,       586.3137931,       208356.4643,       208356.4643,       2.478224146,       599157.5163,      -75.19650296,       148.4443486,         73.98785334,       -0.03775070904,               0.6743234298,       596.3528687,       596.3528687,       221652.3557,       221652.3557,       11516.34707,        0.02720781942,        -0.06159732791,       98420.05864,        109936.4057,           288.1916448,             308.161224,            99270.72572,               122381.63
          0,           0,         155,      -4.348234082,      -2.926665688,       -3.11892376,      -2.756207069,      0.2367463085,    -0.03414058479,    -0.03414058479,      0.5005483132,       586.6939857,       208347.0692,       208347.0692,       2.476827788,       599539.4113,      -75.03600043,       148.4538436,         73.91431364,       -0.03825757681,               0.6741504489,       596.7329761,       596.7329761,       221621.5924,       221621.5924,       11522.38442,        0.02727855742,        -0.06141914221,       98412.34239,        109934.7268,           288.1913079,            308.5416682,            99267.44322,             122354.1492
          0,           0,         156,      -4.346894832,      -2.922392807,      -3.109968783,      -2.752631053,      0.2381536823,    -0.03388539175,    -0.03388539175,      0.5003756423,        587.084384,        208337.342,        208337.342,       2.475409157,       599931.9891,      -74.87056286,       148.4668773,         73.84166812,        -0.0387637055,               0.6739900696,       597.1237162,       597.1237162,       221590.6055,       221590.6055,       11528.48309,        0.02735229358,        -0.06123768533,       98404.42943,        109932.9125,           288.1909206,            308.9327957,            99264.16489,             122326.4406
          0,           0,         157,      -4.343290955,      -2.923320231,      -3.097592082,      -2.750751271,      0.2397001499,    -0.03362434487,    -0.03362434487,      0.5002100061,       587.4849172,       208327.4432,       208327.4432,       2.473971201,       600335.0937,      -74.69987032,       148.4833204,         73.76995729,        -0.0392642052,               0.6738432056,       597.5249339,       597.5249339,       221559.4716,       221559.4716,        11534.6083,        0.02742895107,        -0.06105329595,       98396.41747,        109931.0258,           288.1905459,            309.3343881,            99260.98989,             122298.4817
          0,           0,         158,      -4.341726783,      -2.920648544,      -3.102365595,      -2.749144112,      0.2416232113,    -0.03335817118,    -0.03335817118,      0.5000492665,       587.8954677,       208317.5238,       208317.5238,       2.472516835,       600748.4885,      -74.52374747,       148.5029635,          73.6992072,       -0.03974834042,               0.6737097795,       597.9363937,       597.9363937,       221528.2214,       221528.2214,        11540.8686,        0.02750833707,        -0.06086650826,       98388.32761,        109929.1962,            288.190242,            309.7461517,            99257.92471,             122270.2967
          0,           0,         159,      -4.341151673,      -2.925262897,      -3.108335766,      -2.748984319,      0.2433528023,    -0.03308784146,    -0.03308784146,      0.4998931837,       588.3154169,       208307.3358,       208307.3358,       2.471046343,       601171.5187,      -74.34278551,       148.5261059,         73.62941016,       -0.04020885539,               0.6735857587,       598.3574437,       598.3574437,         221496.58,         221496.58,       11547.07076,        0.02759016927,        -0.06067801073,       98380.13253,        109927.2033,           288.1899669,            310.1674767,            99254.92746,             122241.6525
          0,           0,         160,      -4.339373646,      -2.920863647,       -3.09761002,      -2.746999409,      0.2449215909,    -0.03281359014,    -0.03281359014,      0.4997390229,       588.7448038,       208297.3062,       208297.3062,       2.469565047,       601604.0882,      -74.15636146,       148.5520231,          73.5605241,       -0.04063999721,               0.6734739183,       598.7879883,       598.7879883,       221464.8452,       221464.8452,       11553.58991,         0.0276743235,        -0.06048791364,       98371.85814,        109925.4481,           288.1896589,            310.5983295,            99252.01531,             122212.8299
          0,           0,         161,      -4.339249486,       -2.92415776,      -3.096047628,      -2.744897922,      0.2469995943,    -0.03253589866,    -0.03253589866,      0.4995858008,       589.1831278,       208287.3221,       208287.3221,        2.46807413,       602045.6344,      -73.96463258,       148.5804547,         73.49252308,        -0.0410385288,               0.6733738843,       599.2274676,       599.2274676,       221432.8514,       221432.8514,       11560.26455,         0.0277605718,        -0.06029647046,       98363.52876,        109923.7933,           288.1893185,            311.0381491,            99249.20045,             122183.6509
          0,           0,         162,      -4.340151043,      -2.920072208,      -3.088634065,      -2.746071195,      0.2488656857,    -0.03225535019,    -0.03225535019,      0.4994312519,       589.6301653,       208277.4555,       208277.4555,       2.466575648,       602495.8361,      -73.76771022,       148.6107387,         73.42535373,       -0.04140039673,               0.6732860717,       599.6755619,       599.6755619,       221400.5869,       221400.5869,       11567.23642,        0.02784854625,        -0.06010389643,       98355.10952,        109922.3459,           288.1889975,            311.4865644,            99246.42445,             122154.1625
          0,           0,         163,      -4.339504865,       -2.92127058,      -3.089875819,      -2.744802819,      0.2514457231,    -0.03197308276,    -0.03197308276,      0.4992762326,       590.0848443,       208267.1624,       208267.1624,       2.465067905,       602953.6066,      -73.56650214,       148.6436155,         73.35895502,       -0.04171808868,               0.6732036291,       600.1311896,       600.1311896,       221367.5128,       221367.5128,       11573.90796,        0.02793801402,        -0.05991109677,       98346.62722,        109920.5352,           288.1886865,            311.9425031,            99243.70315,             122123.8097
          0,           0,         164,      -4.339159989,       -2.91757463,       -3.08611413,      -2.743494526,      0.2550390132,    -0.03168893015,    -0.03168893015,      0.4991184376,        590.547675,       208257.3505,       208257.3505,       2.463559585,       603419.3262,      -73.35991904,       148.6784531,         73.29329893,       -0.04198681945,               0.6731312568,       600.5947292,       600.5947292,       221334.4281,       221334.4281,       11580.73776,         0.0280291352,        -0.05971806535,       98338.30638,        109919.0441,           288.1886139,            312.4061154,             99241.2663,             122093.1618
          0,           0,         165,       -4.33893974,      -2.919031076,      -3.081385662,      -2.741769922,       0.257014496,    -0.03140398017,    -0.03140398017,      0.4989565813,       591.0176491,       208247.5311,       208247.5311,        2.46204911,        603891.918,      -73.14877077,       148.7150998,         73.22825676,       -0.04220195941,               0.6730646112,       601.0651088,       601.0651088,        221300.787,        221300.787,       11587.58638,        0.02812139037,        -0.05952537054,       98329.97237,        109917.5587,           288.1885887,            312.8765201,            99238.91142,             122061.8756
          0,           0,         166,      -4.339659298,      -2.918389675,      -3.075932225,      -2.741399935,      0.2582071234,    -0.03111820444,    -0.03111820444,      0.4987892951,       591.4946155,       208238.1953,       208238.1953,       2.460542789,       604371.1473,      -72.93264082,        148.752926,         73.16378081,       -0.04236339804,               0.6730070407,       601.5420948,       601.5420948,       221267.0318,       221267.0318,       11594.74704,        0.02821475581,        -0.05933296025,       98321.72411,        109916.4712,           288.1885909,            313.3535039,            99236.73324,             122030.2986
          0,           0,         167,      -4.339047131,      -2.918989295,      -3.072231138,      -2.741135094,      0.2593760947,    -0.03083176292,    -0.03083176292,      0.4986154915,       591.9783075,       208229.5854,       208229.5854,       2.459044391,       604856.6751,      -72.71134602,       148.7914883,         73.09985909,       -0.04247014131,               0.6729608182,       602.0253499,       602.0253499,       221233.3641,       221233.3641,       11602.25196,        0.02830915453,        -0.05914091745,       98313.66671,        109915.9187,           288.1887087,            313.8366412,            99234.83114,              121998.533
          0,           0,         168,      -4.338477796,      -2.918260534,      -3.069303224,      -2.737923092,      0.2605247524,    -0.03054607303,    -0.03054607303,      0.4984325073,       592.4677273,       208221.1394,       208221.1394,        2.45755108,       605347.4429,      -72.48646245,       148.8299056,         73.03635715,       -0.04252167519,               0.6729223335,       602.5138204,       602.5138204,       221199.1836,       221199.1836,       11610.23008,        0.02840357059,        -0.05894964362,       98305.45466,        109915.6847,            288.188659,            314.3251614,             99232.7991,             121966.3845
          0,           0,         169,      -4.339406609,      -2.917136507,      -3.062942643,       -2.73777905,      0.2619383867,    -0.03026101077,    -0.03026101077,      0.4982415755,       592.9626828,       208213.2619,       208213.2619,       2.456068179,       605843.2411,      -72.25761564,       148.8687362,          72.9731375,       -0.04251436747,               0.6728884054,       603.0072978,       603.0072978,       221164.9073,       221164.9073,       11618.26092,        0.02849841424,        -0.05875942501,       98297.50049,        109915.7614,           288.1887855,            314.8185123,            99231.07024,             121933.8371
          0,           0,         170,      -4.338023162,      -2.916678797,       -3.05779085,      -2.736126745,      0.2637942271,    -0.02997717953,    -0.02997717953,      0.4980426774,       593.4626548,       208205.8907,       208205.8907,       2.454596643,       606343.5611,      -72.02581204,       148.9077952,         72.91003896,       -0.04245136937,               0.6728547462,       603.5052758,       603.5052758,       221130.5258,       221130.5258,       11626.49062,         0.0285933064,        -0.05857048594,       98289.70003,        109916.1906,           288.1889448,            315.3163309,            99229.51591,             121901.0098
          0,           0,         171,      -4.339940585,      -2.914276996,      -3.050160765,      -2.736119663,      0.2659892192,    -0.02969431932,    -0.02969431932,      0.4978353579,       593.9679662,       208199.6379,       208199.6379,       2.453142026,       606848.6972,      -71.79068032,       148.9467572,          72.8469915,       -0.04233462128,               0.6728230411,       604.0080474,       604.0080474,       221096.6498,       221096.6498,       11635.01741,        0.02868837054,        -0.05838268986,       98282.31026,        109917.3277,           288.1894582,            315.8185891,            99228.39848,             121868.2513
          0,           0,         172,      -4.339245056,      -2.915070646,      -3.041072179,      -2.733797203,       0.268106689,    -0.02941347558,    -0.02941347558,      0.4976206296,       594.4775988,       208193.8634,       208193.8634,       2.451700794,       607357.6514,      -71.55356632,       148.9862144,         72.78393884,       -0.04216120914,               0.6727866061,       604.5146191,       604.5146191,       221062.6833,       221062.6833,       11643.39772,        0.02878325413,        -0.05819672971,       98275.23285,        109918.6306,           288.1901726,            316.3244465,            99227.59745,             121835.0859
          0,           0,         173,      -4.338032093,      -2.918677478,       -3.05214483,      -2.732091702,      0.2697745408,    -0.02913461465,    -0.02913461465,      0.4973970847,       594.9916315,        208189.084,        208189.084,       2.450278085,       607870.4325,      -71.31402374,       149.0256073,         72.72082163,       -0.04193112403,               0.6727479399,           605.025,           605.025,       221029.1018,       221029.1018,       11651.92482,        0.02887795183,        -0.05801256648,       98268.57961,        109920.5044,            288.191167,             316.833833,            99227.22259,             121801.8792
          0,           0,         174,      -4.339578864,      -2.918309289,      -3.052673406,      -2.731485635,      0.2714139608,    -0.02885930557,    -0.02885930557,      0.4971665409,       595.5082997,       208184.1524,       208184.1524,       2.448866739,       608385.3539,      -71.07449756,       149.0656715,         72.65756803,       -0.04164369729,               0.6726966786,       605.5375109,       605.5375109,       220994.8664,       220994.8664,        11659.8945,        0.02897175551,        -0.05783106109,       98262.12892,        109922.0234,           288.1922927,            317.3452182,            99227.00933,             121767.8571
          0,           0,         175,      -4.337715094,      -2.916724301,      -3.047233856,      -2.728443077,      0.2727100661,    -0.02858745974,    -0.02858745974,      0.4969261697,       596.0281459,       208179.8352,       208179.8352,       2.447472886,       608902.8707,      -70.83461579,       149.1053048,         72.59407105,       -0.04130137772,               0.6726364894,       606.0526053,       606.0526053,       220960.6764,       220960.6764,        11667.9776,        0.02906447172,        -0.05765193147,       98255.92881,        109923.9064,           288.1935803,             317.859025,            99226.99095,             121733.6854
          0,           0,         176,      -4.337123477,      -2.916302868,       -3.04346677,       -2.72690896,      0.2740719693,    -0.02831993478,    -0.02831993478,      0.4966762494,       596.5502811,       208175.6524,       208175.6524,       2.446093932,       609422.1133,      -70.59557686,        149.144766,          72.5302567,       -0.04090209977,               0.6725616635,       606.5694173,       606.5694173,       220926.0839,       220926.0839,       11675.73213,        0.02915572268,        -0.05747565746,       98249.96013,        109925.6923,            288.194956,            318.3744613,            99227.12273,             121698.9612
          0,           0,         177,      -4.336119424,      -2.914228006,        -3.0386229,      -2.725971105,      0.2748911874,    -0.02805729002,    -0.02805729002,      0.4964150672,       597.0744234,       208171.6193,       208171.6193,       2.444730412,       609942.7598,      -70.35788595,       149.1834472,         72.46603571,       -0.04044655683,                0.672471406,       607.0876267,       607.0876267,       220891.0834,       220891.0834,       11683.44851,        0.02924506943,        -0.05730235945,       98244.08539,        109927.5339,           288.1963117,             318.891315,            99227.23964,             121663.8438
          0,           0,         178,      -4.336036292,       -2.91371506,      -3.038477693,      -2.723829212,      0.2764961553,    -0.02779969058,    -0.02779969058,      0.4961432766,        597.600292,       208167.7097,       208167.7097,       2.443382828,       610464.5437,      -70.12203477,       149.2216571,          72.4013551,        -0.0399337201,               0.6723628862,       607.6069681,       607.6069681,         220855.67,         220855.67,       11690.65692,         0.0293325147,        -0.05713220528,       98238.52638,        109929.1833,           288.1977887,            319.4091794,             99227.5579,             121628.1121
          0,           0,         179,      -4.335162449,      -2.912900477,      -3.034164838,      -2.721141889,      0.2780666192,    -0.02754686297,    -0.02754686297,      0.4958600393,       598.1280551,       208164.2778,       208164.2778,       2.442053997,       610987.5917,      -69.88755929,       149.2589311,         72.33619109,       -0.03936606332,                0.672238963,       608.1275678,       608.1275678,       220820.1681,       220820.1681,       11697.56833,        0.02941811608,        -0.05696497905,       98233.35472,         109930.923,           288.1994396,            319.9281281,            99228.15238,             121592.0157
          0,           0,         180,      -4.334733572,      -2.908719183,      -3.033456739,      -2.719915354,      0.2797443033,    -0.02729917038,    -0.02729917038,      0.4955643822,       598.6571932,       208161.1441,       208161.1441,       2.440743173,       611511.3467,      -69.65487679,       149.2948949,         72.27051399,        -0.0387434031,               0.6720993399,        608.648871,        608.648871,         220784.37,         220784.37,       11704.01342,        0.02950159833,        -0.05680076871,       98228.56532,        109932.5787,           288.2012032,            320.4476679,            99228.99701,              121555.373
          0,           0,         181,      -4.334481172,      -2.910274476,      -3.023897255,      -2.718056892,      0.2814362253,    -0.02705714212,    -0.02705714212,      0.4952550429,       599.1870741,       208157.9767,       208157.9767,       2.439448138,       612035.1412,      -69.42458528,       149.3290753,         72.20426175,       -0.03806634103,               0.6719427258,       609.1702137,       609.1702137,       220747.9127,       220747.9127,       11709.92902,        0.02958251354,        -0.05663965566,       98224.02385,        109933.9529,           288.2030385,            320.9671751,            99229.93061,             121517.9821
          0,           0,         182,      -4.326725756,      -2.902284779,       -3.01039659,      -2.713217073,      0.2830454111,    -0.02682012581,    -0.02682012581,      0.4949326723,       599.7177876,       208155.2745,       208155.2745,       2.438173341,       612559.0593,      -69.19583058,       149.3615354,         72.13739306,       -0.03733535323,               0.6717711267,       609.6916794,       609.6916794,        220711.304,        220711.304,       11715.15018,        0.02966133119,          -0.056481457,       98220.06217,        109935.2123,           288.2052458,            321.4864336,            99231.30838,             121479.9956
          0,           0,         183,      -4.331516565,      -2.909656538,      -3.024688007,      -2.714508712,      0.2853995652,    -0.02658851787,    -0.02658851787,      0.4945960233,       600.2490468,       208152.8159,       208152.8159,       2.436916897,       613082.8003,      -68.96917497,       149.3917714,          72.0698986,       -0.03655286348,               0.6715844669,       610.2129687,       610.2129687,       220674.3097,       220674.3097,       11719.77024,        0.02973762981,        -0.05632614768,       98216.52281,         109936.293,           288.2076232,            322.0053455,            99232.94915,             121441.3605
          0,           0,         184,      -4.329121039,      -2.905830928,      -3.024768099,      -2.710818072,      0.2873316006,    -0.02636189966,    -0.02636189966,      0.4942451128,       600.7810696,       208150.8455,       208150.8455,       2.435680716,       613606.5817,      -68.74441228,       149.4195817,         72.00176293,       -0.03572162895,               0.6713847362,       610.7342983,       610.7342983,       220637.1788,       220637.1788,       11723.71349,        0.02981153882,        -0.05617343848,       98213.56602,        109937.2795,           288.2102668,            322.5240315,            99235.01657,             121402.1622
          0,           0,         185,      -4.325587825,      -2.903612955,      -3.022454142,      -2.708356826,      0.2894157834,    -0.02614085295,    -0.02614085295,      0.4938779706,       601.3135144,       208149.0172,       208149.0172,       2.434461865,       614130.0314,      -68.52235805,        149.444227,         71.93305255,       -0.03484319828,               0.6711737989,       611.2552978,       611.2552978,        220599.529,        220599.529,        11726.9491,        0.02988244816,        -0.05602330111,       98211.03406,        109937.9832,           288.2130392,            323.0422586,            99237.31513,             121362.2139
          0,           0,         186,       -4.32321216,      -2.904264692,      -3.017977482,       -2.70543451,      0.2913663207,    -0.02592584075,    -0.02592584075,      0.4934927768,       601.8461359,       208147.0376,       208147.0376,       2.433257637,       614652.8779,      -68.30372336,       149.4650475,         71.86379817,       -0.03391786053,               0.6709525972,       611.7756968,       611.7756968,       220561.0344,       220561.0344,       11729.55635,         0.0299498388,        -0.05587567955,       98208.74064,         109938.297,           288.2157877,            323.5599091,            99239.62188,             121321.4125
          0,           0,         187,      -4.323275955,      -2.901602766,      -3.015622695,       -2.70447225,      0.2933813001,    -0.02571627063,    -0.02571627063,      0.4930879877,       602.3795683,        208145.461,        208145.461,       2.432071959,       615175.7112,       -68.0876994,       149.4813282,         71.79408874,       -0.03294752439,                0.670728269,       612.2960827,       612.2960827,       220522.1988,       220522.1988,       11731.69871,        0.03001383142,        -0.05573010204,       98206.88114,        109938.5798,           288.2186653,            324.0774174,            99242.13753,             121280.0613
          0,           0,         188,      -4.322797219,      -2.895009256,      -3.008495617,      -2.702521759,        0.29594021,    -0.02551175492,    -0.02551175492,      0.4926634235,       602.9139038,       208144.3074,       208144.3074,       2.430904615,       615698.6456,      -67.87427626,       149.4925951,         71.72388844,       -0.03193760571,               0.6705022812,       612.8165693,       612.8165693,       220483.0681,       220483.0681,       11733.40001,        0.03007437988,        -0.05558613479,       98205.45367,        109938.8537,           288.2216605,            324.5949088,            99244.85489,             121238.2132
          0,           0,         189,      -4.316444932,      -2.900045407,      -2.994383189,      -2.697527402,      0.2983229371,    -0.02531232669,    -0.02531232669,      0.4922215385,       603.4484933,       208143.1353,       208143.1353,       2.429752769,       616221.1089,       -67.6639156,       149.4996185,         71.65317599,       -0.03088910944,               0.6702703712,       613.3365869,       613.3365869,       220443.2934,       220443.2934,       11734.02742,        0.03013165054,        -0.05544397723,       98204.55396,        109938.5814,           288.2248185,            325.1117684,            99247.87895,             121195.4144
          0,           0,         190,      -4.317602866,      -2.888750188,      -3.005770754,      -2.697544816,      0.3006314091,    -0.02511771876,    -0.02511771876,      0.4917607532,       603.9836422,       208142.2446,       208142.2446,       2.428618209,       616743.3761,        -67.456424,       149.5015215,         71.58192447,       -0.02980650701,               0.6700359447,       613.8564094,       613.8564094,       220403.1519,       220403.1519,       11733.88929,        0.03018549182,        -0.05530321059,       98204.17764,        109938.0669,           288.2281684,             325.628241,            99251.19286,             121151.9591
          0,           0,         191,       -4.31555659,      -2.896869742,       -3.00161667,      -2.694011936,      0.3027752626,     -0.0249273689,     -0.0249273689,      0.4912776024,       604.5197359,       208142.0901,       208142.0901,        2.42750413,       617265.6928,      -67.25054762,        149.496928,          71.5100786,       -0.02869093597,               0.6698056958,       614.3762811,       614.3762811,       220362.9468,       220362.9468,       11733.39037,        0.03023588658,        -0.05516325548,       98204.34988,        109937.7403,           288.2317019,            326.1445792,            99254.81981,              121108.127
          0,           0,         192,      -4.313550132,      -2.886893989,      -3.000094955,      -2.692323123,       0.304900972,    -0.02474142732,    -0.02474142732,      0.4907731491,       605.0562152,       208142.1999,       208142.1999,        2.42640694,        617787.575,      -67.04712237,       149.4858173,         71.43764986,       -0.02754797266,               0.6695780086,       614.8957205,       614.8957205,       220322.2877,       220322.2877,       11732.10128,        0.03028260083,        -0.05502402815,        98205.0493,        109937.1506,           288.2354126,            326.6603078,            99258.72338,             121063.5644
          0,           0,         193,      -4.313052444,      -2.867573429,      -2.989920927,      -2.690444959,      0.3062075198,    -0.02455969168,    -0.02455969168,      0.4902470218,       605.5930248,       208142.5967,       208142.5967,       2.425326669,       618308.9655,      -66.84609835,       149.4677459,         71.36466914,       -0.02638226616,               0.6693554591,       615.4146703,       615.4146703,       220281.2052,       220281.2052,       11730.09885,        0.03032557094,        -0.05488526262,       98206.24893,        109936.3478,            288.239222,            327.1754483,            99262.87254,             121018.3327
          0,           0,         194,      -4.307613655,      -2.857955228,      -2.979054624,      -2.686473851,      0.3069417066,    -0.02438209562,    -0.02438209562,      0.4896963292,        606.130429,       208143.3906,       208143.3906,       2.424263079,       618830.0922,      -66.64772061,       149.4411128,         71.29120202,       -0.02520253017,                0.669145067,       615.9333576,       615.9333576,        220239.779,        220239.779,       11727.87012,        0.03036423752,        -0.05474633314,       98207.76023,        109935.6304,           288.2429909,            327.6903667,            99267.04154,             120972.7375
          0,           0,         195,       -4.30860236,      -2.881462607,      -2.989474159,      -2.686357962,       0.308081446,    -0.02420850239,    -0.02420850239,      0.4891211443,       606.6682211,       208144.4396,       208144.4396,       2.423215014,       619350.7787,      -66.45222554,       149.4055868,         71.21734535,       -0.02401369517,               0.6689497429,       616.4516067,       616.4516067,       220197.9045,       220197.9045,       11725.28905,        0.03039848768,        -0.05460699007,       98209.57526,        109934.8643,           288.2467158,             328.204891,            99271.21453,               120926.69
          0,           0,         196,      -4.306484813,      -2.887108609,       -2.98408113,      -2.682082832,       0.309180829,    -0.02403880019,    -0.02403880019,      0.4885211721,        607.206108,       208145.6584,       208145.6584,        2.42218215,       619870.7222,      -66.25962796,       149.3607588,          71.1431164,       -0.02281911737,               0.6687714885,       616.9691165,       616.9691165,        220155.501,        220155.501,       11722.25588,        0.03042825049,        -0.05446705069,       98211.70124,        109933.9571,           288.2503538,            328.7187627,            99275.39202,              120880.109
          0,           0,         197,      -4.303784967,      -2.890886158,      -2.980842174,      -2.678467522,      0.3093503839,     -0.0238732152,     -0.0238732152,      0.4878987761,       607.7432057,       208146.5284,       208146.5284,       2.421161305,       620389.1236,      -66.07083847,       149.3069736,         71.06856266,       -0.02162536973,               0.6686083054,       617.4850912,       617.4850912,       220112.1746,       220112.1746,       11718.25397,        0.03045343419,        -0.05432664939,       98214.13719,        109932.3912,           288.2538626,            329.2312286,            99279.56749,             120832.6071
          0,           0,         198,      -4.302627843,      -2.868743496,      -2.971245789,      -2.676463622,      0.3096538802,    -0.02371116522,    -0.02371116522,      0.4872505355,       608.2802932,       208147.6849,       208147.6849,       2.420156298,       620906.6737,      -65.88496498,       149.2426604,          70.9937071,       -0.02043767391,               0.6684688377,       618.0002187,       618.0002187,       220068.4702,       220068.4702,       11713.97036,         0.0304738815,        -0.05418504672,       98216.85727,        109930.8276,           288.2572812,            329.7429374,            99283.70377,             120784.7665
          0,           0,         199,      -4.297756758,       -2.89196838,      -2.959540006,      -2.672446592,       0.309216052,    -0.02355233138,    -0.02355233138,      0.4865763126,       608.8171429,       208149.0149,       208149.0149,       2.419166217,       621423.1331,      -65.70181911,       149.1672744,          70.9185148,       -0.01926165908,               0.6683552908,       618.5142606,       618.5142606,       220024.2793,       220024.2793,       11709.25332,        0.03048958783,        -0.05404191921,       98219.88077,        109929.1341,           288.2606264,            330.2536341,            99287.81853,             120736.4608
          0,           0,         200,      -4.298448039,      -2.874072698,      -2.972211671,      -2.672284858,      0.3087282044,    -0.02339644585,    -0.02339644585,      0.4858740057,       609.3538718,       208150.7321,       208150.7321,       2.418192538,       621938.5492,      -65.52087033,       149.0797607,         70.84298046,       -0.01810075811,               0.6682727645,        619.027264,        619.027264,       219979.7534,       219979.7534,       11704.46016,        0.03050041057,        -0.05389685642,       98223.13597,        109927.5961,           288.2638302,            330.7634338,            99291.83035,              120687.923
          0,           0,         201,      -4.295628903,      -2.881991282,      -2.969424394,      -2.669394368,      0.3079262397,    -0.02324329391,    -0.02324329391,      0.4851439995,       609.8902733,       208152.6467,       208152.6467,        2.41723352,       622452.7502,      -65.34221461,       148.9798649,         70.76706999,       -0.01696013193,               0.6682215905,        619.539058,        619.539058,       219934.7414,       219934.7414,       11699.52274,        0.03050631468,        -0.05374960859,         98226.562,        109926.0847,           288.2668287,            331.2722293,             99295.6759,             120639.0655
          0,           0,         202,       -4.29539826,      -2.878490554,      -2.968237123,       -2.66782952,      0.3068898967,    -0.02309271519,    -0.02309271519,      0.4843873789,       610.4261515,        208154.636,        208154.636,        2.41628814,       622965.5742,      -65.16585451,       148.8676823,         70.69079724,       -0.01584369592,                0.668201931,       620.0494815,       620.0494815,       219889.1707,       219889.1707,       11694.26524,        0.03050739957,        -0.05360011476,       98230.18538,        109924.4506,           288.2696788,            331.7798027,            99299.38918,             120589.7815
          0,           0,         203,      -4.291687267,      -2.884800483,      -2.961532586,      -2.663024525,      0.3053763931,    -0.02294449739,    -0.02294449739,      0.4836047054,       610.9615441,       208156.7064,       208156.7064,       2.415356025,       623477.1098,      -64.99183353,       148.7431538,         70.61418566,       -0.01475514544,               0.6682147085,       620.5586226,       620.5586226,       219843.1039,       219843.1039,       11688.71439,        0.03050371112,        -0.05344820851,       98233.99598,        109922.7104,           288.2724017,            332.2862209,            99302.96245,             120540.1414
          0,           0,         204,      -4.290806041,      -2.873558571,      -2.953661903,      -2.662101607,      0.3041085393,    -0.02279836929,    -0.02279836929,      0.4827952308,       611.4966771,        208159.037,        208159.037,       2.414438098,       623987.5499,       -64.8196809,       148.6058496,         70.53726606,       -0.01369656885,               0.6682635826,       621.0666733,       621.0666733,       219796.6933,       219796.6933,        11683.0902,        0.03049530382,        -0.05329367311,       98237.97343,        109921.0636,           288.2749728,            332.7917005,             99306.3791,             120490.3142
          0,           0,         205,      -4.288918927,      -2.874059113,      -2.958603571,      -2.659544245,      0.3029808685,    -0.02265398798,    -0.02265398798,      0.4819589359,       612.0317129,       208161.7906,       208161.7906,       2.413535428,       624497.0635,      -64.64904254,       148.4555773,         70.46007982,       -0.01267016899,               0.6683514551,       621.5738019,       621.5738019,       219750.1104,       219750.1104,       11677.45759,        0.03048229386,        -0.05313628184,        98242.1665,        109919.6241,           288.2774394,            333.2963625,            99309.69552,             120440.4149
          0,           0,         206,      -4.286593468,      -2.855505394,      -2.955945819,      -2.655965494,      0.3017162182,     -0.0225114876,     -0.0225114876,      0.4810984898,       612.5662991,       208164.5806,       208164.5806,       2.412645067,       625005.4571,      -64.48093299,       148.2932631,         70.38267078,       -0.01167768116,               0.6684734979,       622.0798157,       622.0798157,       219703.1157,       219703.1157,       11671.38887,        0.03046469161,        -0.05297617921,       98246.59584,        109917.9847,           288.2798094,            333.8000063,            99312.93308,             120390.1826
          0,           0,         207,      -4.288320199,      -2.880970546,      -2.956892448,      -2.654596277,      0.3004967193,    -0.02237071915,    -0.02237071915,      0.4802139029,       613.1003302,       208167.4736,       208167.4736,        2.41176724,       625512.6039,      -64.31503121,       148.1184636,         70.30508302,       -0.01072468748,               0.6686338724,       622.5845885,       622.5845885,       219655.7911,       219655.7911,       11664.94993,        0.03044256838,        -0.05281328753,       98251.26185,        109916.2118,           288.2821061,            334.3024825,            99316.09683,             120339.6942
          0,           0,         208,      -4.287741959,      -2.857578665,      -2.952476123,      -2.651771192,      0.2980548823,    -0.02223153872,    -0.02223153872,      0.4793052829,       613.6335999,       208170.5038,       208170.5038,       2.410902358,       626018.2762,       -64.1510841,       147.9309962,         70.22736321,      -0.009813800544,               0.6688351284,       623.0878938,       623.0878938,       219608.1622,       219608.1622,       11658.12447,        0.03041600889,        -0.05264754761,       98256.18968,        109914.3142,           288.2843606,            334.8035332,            99319.21784,             120288.9444
          0,           0,         209,      -4.285418496,      -2.864054941,      -2.944526718,      -2.648976641,      0.2964268208,    -0.02209379088,    -0.02209379088,      0.4783709092,       614.1662318,        208173.892,        208173.892,       2.410052174,       626522.5275,      -63.98846908,       147.7303926,         70.14953605,      -0.008941814292,               0.6690807033,       623.5897848,       623.5897848,       219560.3667,       219560.3667,       11651.07803,        0.03038501879,        -0.05247880967,       98261.40701,         109912.485,           288.2865971,            335.3031876,            99322.32406,             120238.0426
          0,           0,         210,      -4.286634199,      -2.868296245,        -2.9516798,      -2.645769344,      0.2949064669,    -0.02195724752,    -0.02195724752,      0.4774116999,       614.6980629,       208177.5485,       208177.5485,       2.409216084,       627025.2543,      -63.82733409,       147.5166965,         70.07162735,      -0.008112521453,               0.6693712447,       624.0901583,       624.0901583,       219512.3693,       219512.3693,       11643.69594,        0.03034964983,        -0.05230689735,       98266.92626,        109910.6222,            288.288829,            335.8013293,            99325.43113,             120186.9382
          0,           0,         211,      -4.284556203,      -2.867208313,      -2.945786719,      -2.642673714,        0.29323346,    -0.02182190349,    -0.02182190349,      0.4764282382,       615.2285626,       208181.2494,       208181.2494,        2.40839288,       627525.9281,      -63.66757129,        147.290015,           69.993641,      -0.007326036308,               0.6697068066,       624.5884885,       624.5884885,       219463.9566,       219463.9566,       11635.84056,        0.03030997857,        -0.05213188206,       98272.70442,         109908.545,           288.2910178,            336.2974707,            99328.50202,             120135.4545
          0,           0,         212,      -4.284429933,      -2.868227046,      -2.942609554,       -2.63972832,      0.2920637216,    -0.02168787298,    -0.02168787298,      0.4754226186,       615.7569538,       208184.6103,       208184.6103,        2.40758014,       628023.8494,      -63.50970569,       147.0506822,         69.91557941,         -0.006588295,               0.6700856773,        625.084079,        625.084079,       219414.8466,       219414.8466,       11627.27683,        0.03026601751,         -0.0519538905,       98278.66673,        109905.9436,           288.2931109,            336.7909681,            99331.46527,             120083.3814
          0,           0,         213,       -4.28490624,      -2.865533279,      -2.937562725,      -2.638269365,      0.2910175746,    -0.02155502294,    -0.02155502294,      0.4743953629,       616.2825446,       208187.5768,       208187.5768,       2.406778248,       628518.3375,      -63.35337895,       146.7990614,         69.83746132,      -0.005895702444,               0.6705076689,       625.5762524,       625.5762524,       219364.9845,       219364.9845,       11617.92014,        0.03021795613,        -0.05177297907,       98284.82835,        109902.7485,           288.2951128,            337.2811396,            99334.35042,              120030.634
          0,           0,         214,        -4.2799622,      -2.846181474,      -2.929137615,      -2.632722976,      0.2895821393,    -0.02142274337,    -0.02142274337,      0.4733436051,       616.8063421,       208190.9038,       208190.9038,        2.40599179,       629010.2567,      -63.19708915,       146.5339549,         69.75929697,      -0.005250356864,               0.6709821293,        626.065869,        626.065869,       219314.9853,       219314.9853,       11608.50753,         0.0301659546,        -0.05158869796,       98291.19812,        109899.7057,           288.2970585,            337.7688105,            99337.17771,             119977.8076
          0,           0,         215,      -4.280301347,      -2.851822327,      -2.940443252,      -2.630760119,      0.2885243695,    -0.02129097874,    -0.02129097874,      0.4722706046,       617.3272145,       208194.0634,       208194.0634,       2.405218204,       629498.5611,      -63.04116647,       146.2560253,         69.68109741,      -0.004657751778,               0.6715075986,       626.5518875,       626.5518875,       219264.4387,       219264.4387,       11598.42646,        0.03011024367,        -0.05140122241,       98297.81848,        109896.2449,           288.2989801,            338.2529075,            99340.00643,             119924.4322
          0,           0,         216,      -4.277159007,      -2.859536591,       -2.93649262,      -2.626660965,      0.2878137403,    -0.02115958878,    -0.02115958878,       0.471171995,       617.8460531,       208197.5287,       208197.5287,       2.404459816,       629983.9849,      -62.88457633,       145.9642716,         69.60286605,      -0.004109500831,               0.6720895581,       627.0350391,       627.0350391,       219213.6125,       219213.6125,       11588.47048,        0.03005065292,        -0.05121024169,       98304.52913,        109892.9996,           288.3007988,            338.7342403,            99342.66609,             119870.9465
          0,           0,         217,      -4.278016548,      -2.849692083,      -2.935708568,      -2.626901495,      0.2868446888,    -0.02102869628,    -0.02102869628,       0.470050727,       618.3617889,        208200.825,        208200.825,       2.403714699,       630465.5256,      -62.72753091,       145.6593763,         69.52461297,      -0.003609422998,               0.6727260434,       627.5143258,       627.5143258,       219162.1324,       219162.1324,       11578.06057,        0.02998740086,        -0.05101609714,       98311.38223,        109889.4428,           288.3024969,            339.2118289,            99345.22689,             119816.9055
          0,           0,         218,       -4.27622705,       -2.84199271,      -2.926929341,      -2.622614849,      0.2861645616,     -0.0208981735,     -0.0208981735,      0.4689087381,       618.8739038,       208203.8366,       208203.8366,       2.402982614,       630942.7066,      -62.57009583,       145.3417079,         69.44633086,       -0.00316067454,               0.6734166079,        627.989273,        627.989273,       219109.9559,       219109.9559,       11567.02432,        0.02992070168,        -0.05081887518,       98318.40615,        109885.4305,           288.3041665,            339.6851065,            99347.73043,             119762.2255
          0,           0,         219,      -4.274830116,      -2.839659976,      -2.921366529,      -2.619714993,      0.2856721154,    -0.02076784148,    -0.02076784148,      0.4677439635,       619.3822654,       208206.8663,       208206.8663,       2.402266149,       631415.2782,      -62.41111021,       145.0107478,          69.3680092,      -0.002758124106,               0.6741657452,       628.4596325,       628.4596325,        219057.264,        219057.264,          11555.71,        0.02985069695,        -0.05061853843,       98325.57816,        109881.2882,            288.305792,            340.1538405,             99350.1641,             119707.0999
          0,           0,         220,      -4.273770013,      -2.831756576,      -2.928803019,      -2.617998512,      0.2857109659,    -0.02063672061,    -0.02063672061,      0.4665571537,       619.8873137,       208210.3159,       208210.3159,       2.401567981,       631883.7657,      -62.25009647,        144.665971,         69.28966626,      -0.002414414457,                0.674979478,        628.925927,        628.925927,        219004.533,        219004.533,       11544.48694,        0.02977756816,        -0.05041428877,       98332.91447,        109877.4014,            288.307355,             340.618572,            99352.56008,             119651.9729
          0,           0,         221,      -4.274907421,      -2.816999715,      -2.924781779,       -2.61562992,      0.2852483618,    -0.02050522805,    -0.02050522805,      0.4653472052,       620.3881914,        208213.761,        208213.761,         2.4008851,        632347.181,      -62.08648094,       144.3074439,         69.21131415,      -0.002120620588,               0.6758589976,       629.3871731,       629.3871731,       218951.2112,       218951.2112,       11533.09665,        0.02970138872,        -0.05020661677,       98340.33216,        109873.4288,            288.308853,            341.0783201,             99354.8407,             119596.3705
          0,           0,         222,      -4.273905368,      -2.791883228,      -2.921280745,      -2.613802173,      0.2852712626,    -0.02037309777,    -0.02037309777,      0.4641138804,       620.8845473,       208217.4136,       208217.4136,       2.400220016,       632805.1379,      -61.91950255,       143.9349667,         69.13294254,      -0.001876997789,               0.6768074845,       629.8429863,       629.8429863,       218897.4748,       218897.4748,       11521.71262,        0.02962233925,        -0.04999543703,        98347.8505,        109869.5631,            288.310294,            341.5326923,            99357.04023,             119540.4346
          0,           0,         223,      -4.274593086,      -2.777809615,      -2.914403171,      -2.611781972,      0.2853829072,    -0.02023901463,    -0.02023901463,      0.4628541751,       621.3773648,       208222.2611,       208222.2611,       2.399579858,       633258.4773,      -61.74688503,       143.5469268,          69.0545569,      -0.001687876793,               0.6778395253,       630.2942037,       630.2942037,       218844.1705,       218844.1705,       11511.28268,         0.0295407783,        -0.04977979293,        98355.4892,        109866.7719,           288.3117183,            341.9824854,            99359.20158,             119484.9689
          0,           0,         224,      -4.271404412,      -2.753567471,        -2.9011831,      -2.608306142,       0.284958864,    -0.02010336051,    -0.02010336051,      0.4615739923,       621.8642976,       208226.9825,       208226.9825,       2.398956903,       633705.0514,      -61.57028697,       143.1446515,         68.97613333,      -0.001563445415,                0.678947332,       630.7386874,       630.7386874,       218790.2152,       218790.2152,       11500.75065,        0.02945674171,        -0.04956010222,       98363.11592,        109863.8666,            288.312999,            342.4256883,            99361.19691,             119429.0183
          0,           0,         225,        -4.2718982,      -2.804770376,      -2.915547682,       -2.60567304,      0.2848589688,    -0.01996568012,    -0.01996568012,      0.4602726823,       622.3454383,       208232.1215,       208232.1215,        2.39835569,       634144.8691,      -61.38818279,       142.7283098,         68.89766721,      -0.001496191844,               0.6801347956,       631.1764463,       631.1764463,       218736.0672,       218736.0672,       11490.37231,        0.02937076596,        -0.04933644608,       98370.87459,        109861.2469,           288.3143044,            342.8621418,            99363.20402,             119372.8632
          0,           0,         226,      -4.269789222,      -2.817693473,       -2.91896973,      -2.604937628,      0.2846493822,    -0.01982576841,    -0.01982576841,       0.458948688,       622.8209911,       208237.8588,       208237.8588,       2.397776908,       634578.0695,       -61.1999753,       142.2968617,         68.81920888,      -0.001493666826,               0.6814101761,       631.6076189,       631.6076189,       218681.8568,       218681.8568,       11480.80677,        0.02928270471,        -0.04910847312,       98378.52601,        109859.3328,           288.3153847,            343.2922341,            99364.98061,             119316.8762
          0,           0,         227,      -4.264327227,      -2.806523254,      -2.913578632,      -2.602752887,      0.2846734875,    -0.01968387228,    -0.01968387228,       0.457606636,       623.2893412,       208243.4711,       208243.4711,       2.397216478,       635003.1486,      -61.00607653,       141.8522805,         68.74080626,      -0.001549341953,               0.6827668722,       632.0307082,       632.0307082,        218626.974,        218626.974,       11471.05506,        0.02919310169,        -0.04887697397,       98386.20803,        109857.2631,           288.3164294,            343.7142788,            99366.69632,             119260.2777
          0,           0,         228,      -4.265934243,      -2.801502326,      -2.904485311,      -2.599445579,      0.2869570321,    -0.01954015919,    -0.01954015919,      0.4562456841,       623.7497964,       208249.0654,       208249.0654,        2.39667627,        635419.345,       -60.8058664,       141.3943169,         68.66242553,      -0.001660052847,               0.6842074621,       632.4449563,       632.4449563,       218571.4765,       218571.4765,       11461.53212,        0.02910199959,        -0.04864215878,       98393.76666,        109855.2988,            288.317346,            344.1276104,            99368.20157,              119203.275
          0,           0,         229,      -4.264003327,       -2.83035128,      -2.903387734,      -2.594053936,      0.2882755311,    -0.01939431275,    -0.01939431275,      0.4548684274,       624.2018393,       208254.6232,       208254.6232,        2.39615688,       635826.2106,      -60.59908738,       140.9236487,         68.58412966,      -0.001830455676,               0.6857333758,       632.8499174,       632.8499174,       218515.4254,       218515.4254,       11452.11299,        0.02900977412,        -0.04840408687,       98401.25513,        109853.3681,           288.3181355,            344.5317819,            99369.57788,             119145.8475
          0,           0,         230,       -4.26381696,      -2.826922799,       -2.91164679,      -2.592547443,      0.2879407174,    -0.01924627792,    -0.01924627792,      0.4534758924,       624.6453471,       208259.9789,       208259.9789,        2.39565587,       636223.6645,      -60.38585762,       140.4406657,         68.50596356,      -0.002060951012,               0.6873452973,       633.2455108,       633.2455108,       218458.6867,       218458.6867,       11442.88703,         0.0289165377,        -0.04816281562,       98408.54595,         109851.433,           288.3187422,            344.9267686,            99370.70417,             119087.9826
          0,           0,         231,      -4.262724609,      -2.810709577,      -2.905376626,      -2.589836646,      0.2856447135,    -0.01909578134,    -0.01909578134,      0.4520704809,       625.0796258,       208265.1402,       208265.1402,       2.395174882,       636611.0762,      -60.16584231,       139.9459906,         68.42792872,      -0.002353482954,               0.6890437953,       633.6311091,       633.6311091,       218401.3464,       218401.3464,       11433.68797,        0.02882268577,        -0.04791846711,       98415.72613,        109849.4141,           288.3192473,            345.3118618,            99371.69325,             119029.6532
          0,           0,         232,      -4.265085569,      -2.814698499,      -2.906124118,      -2.590002567,      0.2837621133,    -0.01894301414,    -0.01894301414,      0.4506525216,       625.5041503,       208269.9724,       208269.9724,       2.394713086,       636987.8849,      -59.93872971,       139.4400731,         68.35007093,      -0.002702942199,                0.690829701,       634.0061539,       634.0061539,       218343.2375,       218343.2375,       11424.53609,        0.02872837088,        -0.04767138502,       98422.71815,        109847.2542,           288.3195958,            345.6865582,            99372.47862,             118970.7589
          0,           0,         233,       -4.26575321,      -2.821909024,      -2.896131805,      -2.587514095,      0.2804503441,    -0.01878796626,    -0.01878796626,      0.4492229678,       625.9188241,       208274.4772,       208274.4772,       2.394270126,       637354.0546,      -59.70464448,       138.9233317,         68.27237435,      -0.003109997319,               0.6927022117,       634.3706096,       634.3706096,       218284.4078,       218284.4078,       11415.59233,        0.02863366854,         -0.0474216348,       98429.44242,        109845.0348,           288.3197429,            346.0508667,            99372.98754,             118911.4203
          0,           0,         234,      -4.263205128,      -2.825239318,      -2.895813125,       -2.58579247,      0.2787946965,     -0.0186305233,     -0.0186305233,      0.4477845556,        626.323054,       208278.6094,       208278.6094,       2.393846475,       637709.0394,      -59.46318133,       138.3971126,          68.1948654,      -0.003567865199,               0.6946589053,       634.7239327,       634.7239327,       218224.8647,       218224.8647,       11406.42876,        0.02853917273,        -0.04716969603,       98436.09032,        109842.5191,           288.3198897,             346.404043,             99373.4459,             118851.4188
          0,           0,         235,      -4.264215741,      -2.833330201,      -2.901771397,      -2.587223956,       0.275909669,    -0.01847086393,    -0.01847086393,       0.446337504,       626.7168166,       208282.3102,       208282.3102,       2.393440593,       638052.8366,      -59.21452704,       137.8616208,         68.11754631,      -0.004077632036,               0.6966997838,       635.0661207,       635.0661207,        218164.562,        218164.562,       11397.32915,        0.02844481435,        -0.04691567829,       98442.49052,        109839.8197,           288.3198817,             346.746239,            99373.68179,             118790.8803
          0,           0,         236,       -4.26079327,      -2.793434482,      -2.900915554,      -2.583935899,      0.2763633794,    -0.01830813035,    -0.01830813035,       0.444882936,       627.1003127,        208286.177,        208286.177,       2.393057904,       638385.6916,      -58.95778739,       137.3166689,         68.04048116,       -0.00464647976,               0.6988331372,       635.3974175,       635.3974175,       218104.1555,       218104.1555,       11388.69557,        0.02835101069,        -0.04665914104,        98448.7407,        109837.4363,           288.3197981,            347.0776195,            99373.81761,             118730.3379
          0,           0,         237,      -4.258720614,      -2.826952794,      -2.899000213,      -2.582254303,      0.2743781961,    -0.01814262772,    -0.01814262772,      0.4434228731,        627.472717,       208289.6936,       208289.6936,       2.392694664,       638706.8452,      -58.69348477,       136.7632149,          67.9636896,      -0.005272089972,               0.7010552041,       635.7170678,       635.7170678,       218043.1907,       218043.1907,       11380.20528,        0.02825784856,        -0.04640047628,       98454.74418,        109834.9495,           288.3195858,            347.3974821,            99373.76246,             118669.4282
          0,           0,         238,      -4.258510735,      -2.799780402,       -2.89390214,      -2.580925273,      0.2738287676,    -0.01797437304,    -0.01797437304,      0.4419576517,       627.8339038,       208293.0953,       208293.0953,       2.392352835,       639016.1704,      -58.42112364,       136.2017518,         67.88719514,      -0.005949265543,               0.7033673209,       636.0249451,       636.0249451,       217981.8992,       217981.8992,       11371.98085,        0.02816557384,        -0.04613994688,       98460.55722,        109832.5381,           288.3193028,            347.7056422,            99373.58879,             118608.3104
          0,           0,         239,      -4.256290681,      -2.802639994,      -2.887640384,      -2.579512382,       0.272008764,    -0.01780349104,    -0.01780349104,      0.4404882599,       628.1834375,       208296.3342,       208296.3342,       2.392031857,       639313.2838,      -58.14097547,       135.6326992,         67.81102988,      -0.006678596174,                 0.70576919,       636.3206677,       636.3206677,       217920.2797,       217920.2797,       11364.17382,        0.02807422548,        -0.04587771652,       98466.08019,         109830.254,           288.3188684,            348.0017993,            99373.19909,             118547.0806
          0,           0,         240,      -4.254955616,      -2.766592049,      -2.885226181,      -2.576555218,      0.2770994163,    -0.01763004044,    -0.01763004044,      0.4390173852,       628.5207012,       208299.3817,       208299.3817,       2.391732184,       639597.6346,      -57.85317239,        135.057115,         67.73518244,      -0.007458815591,               0.7082579412,       636.6036874,       636.6036874,       217858.3876,       217858.3876,       11356.48509,        0.02798416355,        -0.04561420399,       98471.44831,        109827.9334,            288.318451,            348.2852364,            99372.74838,             118485.6392
          0,           0,         241,       -4.25662235,      -2.787124865,      -2.897802769,      -2.577941454,      0.2717620374,    -0.01745405866,    -0.01745405866,       0.437547644,       628.8455235,       208302.2407,       208302.2407,       2.391453712,        639869.157,      -57.55842805,        134.475726,         67.65964874,       -0.00829820717,               0.7108310692,       636.8739389,       636.8739389,       217796.3438,       217796.3438,       11348.99388,        0.02789548404,         -0.0453495427,       98476.62338,        109825.6173,           288.3180012,            348.5559377,            99372.20581,              118424.138
          0,           0,         242,      -4.254544291,      -2.760349741,      -2.892509809,       -2.57332137,      0.2739556948,    -0.01727551152,    -0.01727551152,      0.4360812931,       629.1576368,       208304.9802,       208304.9802,        2.39119722,       640127.6942,      -57.25701419,       133.8895401,         67.58443503,       -0.00919504758,               0.7134855364,       637.1312659,       637.1312659,       217734.3202,       217734.3202,       11341.68776,        0.02780846844,        -0.04508397996,       98481.64622,         109823.334,           288.3175128,             348.813753,            99371.62663,             118362.6936
          0,           0,         243,      -4.256797963,       -2.79592699,      -2.896029172,      -2.570064681,      0.2707851211,    -0.01709389388,    -0.01709389388,       0.434613209,       629.4588075,       208308.7154,       208308.7154,       2.390969104,       640374.8632,      -56.94742026,       133.2966651,          67.5095216,       -0.01015151907,               0.7162352579,       637.3772778,       637.3772778,       217673.2746,       217673.2746,       11335.96112,         0.0277229191,        -0.04481681298,       98486.37716,        109822.3383,           288.3168269,            349.0604509,            99370.86159,              118302.413
          0,           0,         244,      -4.258340307,      -2.742466735,      -2.889580856,      -2.565557105,      0.2820396283,    -0.01691044789,    -0.01691044789,      0.4331515076,       629.7483412,       208311.8974,       208311.8974,       2.390757634,       640610.3276,      -56.63270028,       132.7023418,         67.43489377,       -0.01113776602,               0.7190454859,         637.61164,         637.61164,       217611.8974,       217611.8974,        11329.9172,        0.02763918616,        -0.04454963405,        98490.9901,        109820.9073,           288.3161385,            349.2955016,            99370.10206,             118241.7953
          0,           0,         245,      -4.257491132,      -2.709335787,      -2.881657076,      -2.557118877,      0.3010849862,    -0.01672503984,    -0.01672503984,      0.4316948861,       630.0232561,       208315.4419,       208315.4419,        2.39057375,       640830.8615,      -56.31132705,       132.1024524,         67.36052177,       -0.01220479843,               0.7219471865,       637.8311416,       637.8311416,       217551.1356,       217551.1356,       11324.67161,        0.02755715336,         -0.0442821932,       98495.38517,        109820.0568,           288.3153773,            349.5157643,            99369.24164,             118181.8939
          0,           0,         246,       -4.25800107,      -2.655071655,      -2.869792169,      -2.553613018,      0.3253878506,    -0.01653775457,    -0.01653775457,      0.4302461158,       630.2841221,       208319.2431,       208319.2431,       2.390416299,       641037.2437,      -55.98458539,       131.4994583,         67.28639099,       -0.01333724197,               0.7249245474,       638.0365578,       638.0365578,       217490.9893,       217490.9893,       11320.00727,        0.02747695113,         -0.0440147057,        98499.6179,        109819.6252,           288.3145279,            349.7220299,             99368.3448,             118122.6445
          0,           0,         247,      -4.256707417,      -2.641695791,      -2.865395389,      -2.539852604,      0.3651300597,    -0.01634859927,    -0.01634859927,      0.4288061233,       630.5314773,        208323.608,        208323.608,        2.39028669,       641230.0675,      -55.65252905,       130.8940474,         67.21248766,        -0.0145311481,               0.7279753305,        638.228479,        638.228479,       217431.8096,       217431.8096,       11316.04066,        0.02739878375,        -0.04374738303,       98503.78365,        109819.8243,           288.3137641,             349.914715,            99367.51578,             118064.2938
          0,           0,         248,      -4.256815963,      -2.608092853,      -2.842976918,      -2.529459866,      0.4026877134,     -0.0161585664,     -0.0161585664,       0.427377116,       630.7641795,       208327.9344,       208327.9344,       2.390181338,       641408.2914,      -55.31669752,       130.2873882,         67.13874926,        -0.0157844047,               0.7310883828,       638.4058686,       638.4058686,       217373.0968,       217373.0968,       11312.45701,        0.02732239644,        -0.04348096284,       98507.73871,        109820.1957,           288.3129013,            350.0929673,             99366.5977,             118006.4991
          0,           0,         249,      -4.249268792,      -2.487951411,      -2.808339935,      -2.520308172,      0.4901456893,    -0.01596803948,    -0.01596803948,      0.4259610032,       630.9820862,       208332.3268,       208332.3268,       2.390101196,       641571.8549,      -54.97790292,       129.6805537,         67.06519439,        -0.0170947817,               0.7342576974,       638.5686664,       638.5686664,       217315.0377,       217315.0377,       11309.25415,        0.02724787264,        -0.04321591212,       98511.53634,        109820.7905,           288.3119985,             350.256668,            99365.64579,             117949.3919
          0,           0,         250,      -4.242892866,      -2.537091447,      -2.759693326,      -2.500133084,      0.5944724446,    -0.01577779536,    -0.01577779536,      0.4245587518,       631.1849532,       208336.6543,       208336.6543,       2.390045203,       641720.5908,      -54.63739006,       129.0744033,         66.99178382,       -0.01845879403,               0.7374740315,       638.7167061,       638.7167061,       217257.5698,       217257.5698,       11306.49743,        0.02717495157,        -0.04295274694,       98515.07845,        109821.5759,           288.3109777,            350.4057284,            99364.54775,             117893.0221
          0,           0,         251,      -4.233194021,      -1.728797228,      -2.188747034,      -2.363041733,      0.7127760618,    -0.01558782092,    -0.01558782092,      0.4231713384,       631.3728499,       208341.3794,       208341.3794,       2.390017033,       641854.5989,      -54.29514542,       128.4694308,         66.91849319,       -0.01987650995,               0.7407356947,       638.8500869,       638.8500869,       217201.1934,       217201.1934,       11304.32656,        0.02710385558,         -0.0426916765,        98518.5264,         109822.853,           288.3099856,            350.5401013,            99363.47599,             117837.7174
          0,           0,         252,      -4.236776147,      -1.864254932,      -2.324365711,      -2.385182525,      0.6029199491,    -0.01539884586,    -0.01539884586,      0.4218025055,       631.5446382,       208345.9805,       208345.9805,       2.390013858,       641972.8861,      -53.95277779,       127.8672335,         66.84536072,       -0.02134865459,               0.7440310916,       638.9678204,       638.9678204,       217145.5365,       217145.5365,       11302.21971,        0.02703452338,        -0.04243336924,        98521.8804,        109824.1001,           288.3089779,            350.6588425,            99362.42984,             117783.1067
          0,           0,         253,      -4.239284753,      -2.124378478,      -2.539667771,      -2.421429872,       0.491089585,    -0.01521083656,    -0.01521083656,      0.4204507531,       631.7011597,       208351.1203,       208351.1203,       2.390039614,       642076.2892,      -53.61030101,       127.2673259,         66.77241602,       -0.02287663406,               0.7473638438,       639.0707395,       639.0707395,       217091.2533,       217091.2533,       11300.94056,        0.02696681847,        -0.04217765503,       98525.08988,        109826.0304,           288.3079433,            350.7627962,             99361.3474,             117729.9059
          0,           0,         254,      -4.240355704,      -2.537397243,      -2.752758774,      -2.465587852,      0.7015645836,    -0.01502426471,    -0.01502426471,      0.4191196282,        631.841613,       208356.3322,       208356.3322,       2.390091563,       642164.1253,      -53.26905531,       126.6713602,         66.69962583,       -0.02445935451,               0.7507213346,       639.1581644,       639.1581644,       217037.9923,       217037.9923,       11299.81314,        0.02690084045,        -0.04192510515,       98528.25951,        109828.0726,           288.3069883,            350.8511762,            99360.33914,             117677.6531
          0,           0,         255,      -4.241940458,      -2.647796196,      -2.791933471,      -2.488698201,      0.4612275107,    -0.01483967871,    -0.01483967871,      0.4178110898,         631.96538,       208361.4965,       208361.4965,       2.390169517,       642235.8643,      -52.93037437,       126.0799586,         66.62696132,       -0.02610324783,               0.7540962662,       639.2295677,       639.2295677,       216985.7423,       216985.7423,       11298.83978,        0.02683639532,        -0.04167607403,       98531.32833,        109830.1681,           288.3060153,            350.9235523,            99359.33314,             117626.4091
          0,           0,         256,      -4.240812847,      -2.596812765,      -2.757369413,      -2.486252867,       0.457597516,    -0.01465738568,    -0.01465738568,      0.4165282242,       632.0720072,       208366.5569,       208366.5569,       2.390273665,       642291.1576,      -52.59529486,       125.4944369,         66.55446521,       -0.02780852565,               0.7574799733,       639.2846021,       639.2846021,       216934.5634,       216934.5634,       11297.70109,        0.02677362699,        -0.04143101267,       98534.42788,         109832.129,           288.3051721,            350.9794301,            99358.46767,             117576.0958
          0,           0,         257,      -4.241389437,       -2.61325554,      -2.757576592,      -2.460346098,      0.4718181239,    -0.01447722987,    -0.01447722987,      0.4152667533,       632.1624455,       208372.4248,       208372.4248,       2.390410165,       642330.8581,      -52.26300996,       124.9132956,         66.48212388,       -0.02957654424,               0.7608819864,       639.3241168,       639.3241168,       216885.2572,       216885.2572,       11297.52997,        0.02671223711,        -0.04118946698,       98537.44743,        109834.9774,           288.3043184,            351.0197984,            99357.61565,             117527.6416
          0,           0,         258,      -4.238111219,      -2.416478744,      -2.673469813,      -2.404223654,      0.6874200734,    -0.01429977524,    -0.01429977524,      0.4140297233,       632.2352075,       208378.4906,       208378.4906,       2.390575994,        642353.561,      -51.93475167,        124.337752,         66.40997664,       -0.03140716676,               0.7642927439,       639.3467134,       639.3467134,       216837.3061,       216837.3061,       11297.54877,         0.0266522405,        -0.04095201574,       98540.47094,        109838.0197,           288.3035391,            351.0431743,             99356.8608,             117480.4453
          0,           0,         259,       -4.24577012,      -2.581132892,      -2.811815549,      -2.478052991,      0.5819106516,    -0.01412510304,    -0.01412510304,        0.41281773,       632.2904844,        208384.931,        208384.931,       2.390772031,        642359.514,      -51.61133786,        123.767752,         66.33795486,       -0.03330980986,               0.7677089458,       639.3526385,       639.3526385,       216790.9494,       216790.9494,       11298.00439,        0.02659344547,        -0.04071854851,       98543.46331,        109841.4677,           288.3028105,            351.0498281,            99356.15722,             117434.7922
          0,           0,         260,      -4.244905789,      -2.464357343,      -2.782563183,      -2.454986257,      0.6985489076,    -0.01395395775,    -0.01395395775,      0.4116332776,         632.32697,       208391.2465,       208391.2465,       2.390995874,       642347.4839,      -51.29420249,       123.2044815,         66.26607159,       -0.03528367089,               0.7711192659,       639.3406647,       639.3406647,       216745.7717,       216745.7717,       11298.32204,        0.02653576133,        -0.04048971909,       98546.46224,        109844.7843,           288.3021547,              351.03851,            99355.53589,             117390.2358
          0,           0,         261,      -4.242862409,      -2.532595013,      -2.770711937,      -2.426929871,      0.8357611295,    -0.01378642314,    -0.01378642314,      0.4104772094,       632.3448186,       208397.7509,       208397.7509,       2.391250012,       642317.6901,      -50.98394957,       122.6481191,         66.19429765,       -0.03733440761,               0.7745197094,       639.3110104,       639.3110104,       216702.1603,       216702.1603,       11298.74843,        0.02647911802,        -0.04026554116,       98549.50124,        109848.2497,           288.3015921,            351.0094183,            99355.02657,             117347.1337
          0,           0,         262,      -4.240351618,      -2.422030281,      -2.732455951,      -2.377612347,      0.9917738767,     -0.0136226606,     -0.0136226606,      0.4093483766,       632.3443278,        208404.619,        208404.619,       2.391535049,       642270.4248,      -50.68089476,       122.0986767,         66.12260257,       -0.03945904224,               0.7779068909,       639.2639663,       639.2639663,       216660.2554,       216660.2554,       11299.46944,        0.02642334141,        -0.04004600202,       98552.57479,        109852.0442,           288.3011149,            350.9628514,            99354.61386,             117305.6415
          0,           0,         263,      -4.236533407,      -1.609959169,      -2.120121307,       -2.35576152,       1.087183293,    -0.01346273614,    -0.01346273614,      0.4082466326,       632.3259062,       208411.9472,       208411.9472,       2.391850957,       642206.0865,      -50.38535593,       121.5563302,         66.05096446,       -0.04165703469,               0.7812771426,       639.1999292,       639.1999292,       216620.1286,       216620.1286,       11300.48695,         0.0263683737,        -0.03983110984,       98555.73013,        109856.2171,           288.3007518,            350.8991774,            99354.34103,             117265.7876
          0,           0,         264,      -4.234200211,      -2.206696702,      -2.661533532,      -2.336159734,      0.9242757717,    -0.01330706482,    -0.01330706482,        0.40717279,       632.2895774,       208419.5156,       208419.5156,       2.392195426,       642124.7659,      -50.09845884,       121.0216805,         65.97937289,       -0.04392737405,               0.7846216469,       639.1189893,       639.1189893,       216581.6049,       216581.6049,       11301.63917,        0.02631400941,        -0.03962107422,       98558.93821,        109860.5774,           288.3004725,            350.8185168,            99354.16647,             117227.4384
          0,           0,         265,      -4.233396786,      -2.485519704,        -2.7648426,      -2.357895017,       0.907407956,     -0.0131558712,     -0.0131558712,      0.4061271427,       632.2349923,        208427.334,        208427.334,       2.392569172,       642026.0898,      -49.82057336,       120.4945588,         65.90779967,       -0.04627563273,               0.7879386673,       639.0207751,       639.0207751,       216544.7137,       216544.7137,       11302.87303,        0.02626012768,        -0.03941599888,       98562.23051,        109865.1035,           288.3002994,            350.7204757,            99354.11562,             117190.5981
          0,           0,         266,      -4.232055485,      -2.461335739,      -2.728374829,       -2.33248719,      0.7923551965,     -0.0130093357,     -0.0130093357,      0.4051097227,       632.1622807,        208435.306,        208435.306,       2.392970925,       641910.2406,      -49.55244142,       119.9753512,         65.83625437,       -0.04869945811,               0.7912217086,       638.9054681,       638.9054681,       216509.3722,       216509.3722,       11304.09489,        0.02620656409,        -0.03921589979,       98565.60553,        109869.7004,           288.3002223,            350.6052458,            99354.17735,             117155.1949
          0,           0,         267,      -4.238477033,      -2.468875594,      -2.736552008,       -2.29544474,       0.973334478,    -0.01286747041,    -0.01286747041,      0.4041207394,       632.0720008,       208443.4316,       208443.4316,       2.393399345,       641777.8133,      -49.29458065,       119.4643798,         65.76473213,       -0.05119857707,               0.7944652487,       638.7736607,       638.7736607,        216475.587,        216475.587,         11305.225,        0.02615324644,        -0.03902071685,       98569.10328,        109874.3283,           288.3002676,            350.4733931,            99354.38748,             117121.1995
          0,           0,         268,      -4.236128982,      -2.327141392,      -2.711969085,      -2.256935683,       1.184724838,    -0.01273018222,    -0.01273018222,      0.4031581211,       631.9649956,       208452.0089,       208452.0089,       2.393855512,       641629.5911,      -49.04672896,       118.9609289,         65.69327869,        -0.0537727534,               0.7976734388,       638.6261324,       638.6261324,       216443.5968,       216443.5968,       11306.59303,        0.02610000842,        -0.03883019065,       98572.70795,         109879.301,           288.3004171,            350.3257154,            99354.72002,             117088.8768
          0,           0,         269,      -4.235840658,      -2.253047819,      -2.645115239,      -2.219303611,       1.271058379,    -0.01259765891,    -0.01259765891,       0.402222423,       631.8413529,       208460.7292,       208460.7292,        2.39433634,       641465.7139,        -48.809722,       118.4655486,         65.62187184,       -0.05642041086,               0.8008376356,       638.4630223,       638.4630223,       216413.1026,       216413.1026,       11307.84991,        0.02604671599,         -0.0386443749,       98576.43962,        109884.2895,           288.3006811,            350.1623412,            99355.18838,             117057.9142
          0,           0,         270,      -4.235889439,      -1.156423981,      -1.669321477,      -2.094839891,       1.303920722,    -0.01247009078,    -0.01247009078,      0.4013124859,       631.7012166,       208469.5649,       208469.5649,        2.39484127,       641286.2826,      -48.58377861,        117.977948,         65.55052506,       -0.05914018959,               0.8039567581,       638.2844309,       638.2844309,       216384.0328,       216384.0328,       11309.04555,        0.02599315819,        -0.03846324897,       98580.25966,        109889.3052,           288.3010031,            349.9834278,            99355.74202,             117028.2908
          0,           0,         271,      -4.234421572,      -1.651695258,      -2.174259159,      -2.146842468,       1.199397909,    -0.01234764816,    -0.01234764816,      0.4004295835,        631.544715,       208478.1534,       208478.1534,       2.395366325,       641091.5115,      -48.37003981,       117.4986274,          65.4792384,       -0.06193534943,               0.8070221734,       638.0905715,       638.0905715,       216356.0856,       216356.0856,       11309.82219,        0.02593916693,        -0.03828681509,       98584.16561,        109893.9878,            288.301394,            349.7891775,            99356.36865,              116999.717
          0,           0,         272,        -4.2296695,      -2.010353053,      -2.484892189,      -2.174726534,       1.109920005,    -0.01223003473,    -0.01223003473,      0.3995714772,       631.3729685,        208486.876,        208486.876,       2.395912829,        640882.478,      -48.16806528,       117.0268637,         65.40802505,       -0.06480492523,               0.8100379049,       637.8825165,       637.8825165,       216329.5776,       216329.5776,       11310.53099,        0.02588463235,        -0.03811466708,       98588.17252,        109898.7035,           288.3018578,            349.5806587,            99357.07683,             116972.5007
          0,           0,         273,      -4.226761299,      -0.750681172,      -1.254632308,      -1.892397304,       1.024150207,    -0.01211737106,    -0.01211737106,      0.3987373266,       631.1862213,       208495.4764,       208495.4764,       2.396477736,       640659.4164,      -47.97834614,       116.5624346,         65.33691544,       -0.06774956824,               0.8130020255,        637.660499,        637.660499,       216304.2213,       216304.2213,       11311.01404,        0.02582929427,        -0.03794666533,       98592.23117,        109903.2452,           288.3023406,            349.3581584,            99357.80339,             116946.4179
          0,           0,         274,       -4.22438896,      -1.646858885,      -2.079152642,       -2.08954014,       1.204264758,    -0.01200953797,    -0.01200953797,      0.3979268689,       630.9848078,       208503.8629,       208503.8629,       2.397059482,       640422.6578,      -47.80095569,       116.1053102,         65.26590639,        -0.0707691527,               0.8159127484,       637.4248488,       637.4248488,       216279.9046,       216279.9046,       11311.04659,          0.025773124,        -0.03778266198,       98596.40813,        109907.4547,           288.3029072,            349.1219415,            99358.61425,             116921.2904
          0,           0,         275,      -4.226853154,      -1.168012041,      -1.643902375,      -2.068016963,       1.092027732,    -0.01190648546,    -0.01190648546,      0.3971387692,       630.7692852,       208511.9721,       208511.9721,       2.397656232,       640172.7388,      -47.63605405,       115.6550936,         65.19496883,       -0.07386312438,               0.8187693657,       637.1760996,       637.1760996,       216256.5204,       216256.5204,       11310.63535,        0.02571592767,        -0.03762241313,       98600.66839,        109911.3037,           288.3035442,            348.8725554,            99359.46243,              116897.058
          0,           0,         276,       -4.22245707,      -1.202004172,      -1.710255578,      -2.215045259,       1.185508246,     -0.0118077146,     -0.0118077146,      0.3963708268,       630.5406972,       208519.9512,       208519.9512,       2.398267307,        639910.647,      -47.48297613,       115.2109656,          65.1240898,       -0.07703137819,               0.8215776576,       636.9152347,       636.9152347,       216234.1269,       216234.1269,        11309.8802,        0.02565765124,        -0.03746536584,       98605.03549,        109914.9157,           288.3042386,            348.6109961,            99360.36897,             116873.7579
          0,           0,         277,      -4.203652468,      -2.092565657,        -2.5433902,      -2.434965691,        1.15098015,    -0.01171318848,    -0.01171318848,      0.3956216921,       630.2995408,       208527.5052,       208527.5052,       2.398888659,       639636.8556,      -47.34187669,       114.7726038,         65.05327105,       -0.08027156541,               0.8243367757,       636.6427248,       636.6427248,       216212.3689,       216212.3689,        11308.5418,        0.02559809445,        -0.03731128294,       98609.48168,        109918.0235,           288.3049925,            348.3377323,            99361.29479,             116851.0741
          0,           0,         278,       -4.22071932,      -2.296421033,      -2.620794809,      -2.372259503,       1.076457234,    -0.01162265527,    -0.01162265527,      0.3948898302,       630.0465815,       208534.6326,       208534.6326,       2.399518756,       639352.0911,      -47.21233244,         114.33976,         64.98251711,       -0.08357873133,               0.8270476412,       636.3592933,       636.3592933,       216191.1668,       216191.1668,        11306.5167,        0.02553724507,        -0.03715990034,       98614.05794,        109920.5746,           288.3058108,            348.0534826,            99362.29154,             116828.8753
          0,           0,         279,      -4.228778301,       -2.30427817,      -2.645269127,      -2.393711438,       1.074668203,    -0.01153594472,    -0.01153594472,      0.3941739526,       629.7827226,       208541.2864,       208541.2864,       2.400155114,       639057.2363,      -47.09426447,       113.9119845,          64.9118274,       -0.08695245359,               0.8297118085,       636.0658187,       636.0658187,       216170.4282,       216170.4282,       11303.75558,         0.0254749764,        -0.03701092111,       98618.76541,         109922.521,           288.3067275,            347.7590912,             99363.3531,             116807.0751
          0,           0,         280,      -4.242576167,      -2.358459706,      -2.626818135,      -2.366117609,       1.157958541,    -0.01145247065,    -0.01145247065,      0.3934703224,        629.509539,       208547.8493,       208547.8493,       2.400798333,       638753.7689,      -46.98653456,       113.4880192,         64.84121635,        -0.0903901906,               0.8323400837,       635.7637718,       635.7637718,       216150.3966,       216150.3966,       11300.66491,        0.02541118751,        -0.03686365817,       98623.59217,        109924.2571,           288.3077055,            347.4560663,            99364.46307,             116785.9336
          0,           0,         281,      -4.242802454,      -2.385309178,      -2.667459749,      -2.359229243,       1.313218208,    -0.01137196815,    -0.01137196815,      0.3927762875,       629.2276222,       208554.1633,       208554.1633,       2.401445725,       638442.1948,      -46.88837484,       113.0672864,         64.77070787,       -0.09388351908,               0.8349372181,       635.4536562,       635.4536562,       216130.7798,       216130.7798,       11297.05674,        0.02534582028,        -0.03671778844,       98628.55326,          109925.61,           288.3087482,             347.144908,            99365.63359,             116765.1462
          0,           0,         282,      -4.244925089,      -2.303292668,      -2.644214216,      -2.384284706,       1.409059783,    -0.01129406273,    -0.01129406273,      0.3920891574,       628.9379339,       208560.2734,       208560.2734,       2.402095865,       638123.3979,      -46.79897768,       112.6489157,         64.70030026,       -0.09742863619,               0.8375102934,       635.1363516,       635.1363516,       216111.5112,       216111.5112,       11292.98982,        0.02527878968,        -0.03657285241,       98633.64177,        109926.6316,           288.3098236,             346.826528,            99366.85341,             116744.6578
          0,           0,         283,      -4.243146212,       -2.33438041,       -2.64778247,      -2.373105086,       1.505968965,    -0.01121859341,    -0.01121859341,      0.3914071201,       628.6412254,       208565.9921,       208565.9921,       2.402745587,       637798.0864,       -46.7180045,       112.2325708,         64.62999041,         -0.101019561,               0.8400607481,       634.8125629,       634.8125629,       216092.3174,       216092.3174,       11288.26816,        0.02520999727,        -0.03642859067,       98638.86198,        109927.1301,           288.3109496,            346.5016133,             99368.1225,             116724.1949
          0,           0,         284,      -4.243026672,      -2.348163711,      -2.647713062,       -2.34673804,       1.623228585,    -0.01114525861,    -0.01114525861,      0.3907278682,        628.338421,       208571.3403,       208571.3403,       2.403393517,       637467.1164,      -46.64470201,       111.8176287,         64.55980227,        -0.1046507208,               0.8425943472,       634.4831422,       634.4831422,       216073.1175,       216073.1175,       11282.88785,        0.02513940287,        -0.03628466148,       98644.22623,        109927.1141,           288.3121228,            346.1710194,            99369.45151,              116703.666
          0,           0,         285,      -4.243338162,      -2.345480653,      -2.576763264,      -2.249910241,       1.735896432,    -0.01107367715,    -0.01107367715,      0.3900479139,        628.030697,       208576.4761,       208576.4761,       2.404038893,       637131.5692,      -46.57812239,       111.4030278,         64.48972852,        -0.1083175646,               0.8451200282,       634.1491657,       634.1491657,       216053.9334,       216053.9334,       11277.02989,        0.02506687346,        -0.03614055062,       98649.72309,         109926.753,           288.3133784,            345.8357873,            99370.82253,             116683.1109
          0,           0,         286,       -4.24177765,      -2.357679745,       -2.09587056,      -2.396977362,       1.826377765,    -0.01100352885,    -0.01100352885,      0.3893652027,       627.7183346,       208581.2682,       208581.2682,       2.404680117,        636791.646,      -46.51736894,       110.9880857,          64.4198073,        -0.1120158826,               0.8476454339,       633.8108336,       633.8108336,       216034.5315,       216034.5315,       11270.59577,        0.02499241044,        -0.03599593929,       98655.33619,         109925.932,           288.3146471,            345.4961865,            99372.22024,             116662.3113
          0,           0,         287,      -4.240411318,     -0.2026081682,     -0.7074375661,      -1.330488811,       1.874732607,    -0.01093444495,    -0.01093444495,      0.3886767799,       627.4021977,       208585.8015,       208585.8015,         2.4053165,       636448.1358,      -46.46157171,       110.5719896,         64.35004778,        -0.1157398541,               0.8501781834,       633.4689314,       633.4689314,       216014.8753,       216014.8753,        11263.6203,        0.02491593308,        -0.03585037803,       98661.09061,        109924.7109,           288.3159231,            345.1530083,              99373.666,             116641.2093
          0,           0,         288,      -4.242156761,      -2.245383785,      -2.545245492,      -2.362094964,       2.007961539,    -0.01086613328,    -0.01086613328,      0.3879807329,       627.0832034,        208589.918,        208589.918,       2.405944767,       636101.9141,       -46.4102148,       110.1545205,         64.28042607,        -0.1194816957,               0.8527198606,       633.1243304,       633.1243304,       215994.7056,       215994.7056,       11255.91639,         0.0248374294,        -0.03570356268,        98667.0008,        109922.9172,           288.3172552,            344.8070753,            99375.17407,             116619.5315
          0,           0,         289,      -4.240348318,      -2.360276923,      -2.362666785,      -2.473583222,       2.059747651,    -0.01079833273,    -0.01079833273,      0.3872738921,       626.7608446,       208593.7807,       208593.7807,       2.406567181,       635752.3195,      -46.36188955,       109.7340667,          64.2109438,        -0.1232443671,               0.8552873855,       632.7763722,       632.7763722,       215974.0585,       215974.0585,       11247.65775,         0.0247568333,        -0.03555516603,       98673.06149,        109920.7192,           288.3186325,            344.4577397,            99376.73682,             116597.3217
          0,           0,         290,      -4.224238579,      -2.368489124,      -2.580086249,      -2.431016016,       2.084291265,    -0.01073073829,    -0.01073073829,       0.386553639,       626.4352982,       208597.3484,       208597.3484,       2.407183497,       635399.4463,      -46.31569142,       109.3098757,         64.14159232,        -0.1270219957,               0.8578886138,       632.4251508,       632.4251508,       215952.7785,       215952.7785,       11238.81146,        0.02467408713,        -0.03540482542,       98679.26846,        109918.0799,           288.3200171,            344.1051337,             99378.3478,             116574.4307
          0,           0,         291,      -4.231740963,      -2.147404816,      -1.934446254,      -2.254420115,        2.15198661,    -0.01066277499,    -0.01066277499,      0.3858179027,       626.1080348,       208600.8759,       208600.8759,       2.407793054,       635044.7356,      -46.27088921,       108.8813552,         64.07242604,        -0.1308135988,               0.8605318402,       632.0721005,       632.0721005,       215931.0382,       215931.0382,       11229.59155,         0.0245892044,        -0.03525197939,       98685.64217,        109915.2337,           288.3214538,            343.7506467,            99380.02944,             116551.0087
          0,           0,         292,      -4.229176615,      -1.539959934,      -1.928309044,      -2.145549162,         2.3266093,    -0.01059427909,    -0.01059427909,      0.3850634073,       625.7790329,        208604.364,        208604.364,       2.408395556,       634688.0394,      -46.22639644,       108.4473771,         64.00341435,        -0.1346149248,               0.8632284518,        631.717074,        631.717074,        215908.703,        215908.703,       11220.00461,        0.02450208526,        -0.03509636435,       98692.17969,        109912.1843,           288.3230369,             343.394037,            99381.77336,             116526.9297
          0,           0,         293,      -4.224116509,      -1.133612042,      -1.615358844,      -2.062178225,       2.524674952,    -0.01052528586,    -0.01052528586,      0.3842889479,       625.4481172,       208607.5357,       208607.5357,       2.408988938,       634329.1387,      -46.18171719,       108.0079249,         63.93457593,        -0.1384174968,               0.8659799064,       631.3598533,       631.3598533,       215885.4228,       215885.4228,       11209.79954,        0.02441272722,        -0.03493801308,       98698.86809,        109908.6676,           288.3247162,            343.0351371,            99383.56893,             116501.8538
          0,           0,         294,      -4.213597279,      -2.053874776,      -2.263485767,      -2.043084344,       2.666550264,    -0.01045547374,    -0.01045547374,      0.3834926746,       625.1160142,       208610.5396,       208610.5396,       2.409573208,       633968.7186,      -46.13621099,       107.5624587,         63.86593109,        -0.1422188053,               0.8687935205,       631.0011203,       631.0011203,       215861.2769,       215861.2769,       11199.15956,         0.0243211158,        -0.03477658954,          98705.69,        109904.8496,           288.3264427,            342.6746776,            99385.39858,             116475.8783
          0,           0,         295,      -4.206755077,      -2.033770404,      -2.341895216,      -2.001538346,       2.556903417,    -0.01038449205,    -0.01038449205,      0.3826723753,       624.7832809,       208613.5596,       208613.5596,       2.410149007,       633607.2633,      -46.08890021,       107.1102338,         63.79749362,        -0.1460166313,               0.8716794185,        630.641357,        630.641357,         215836.36,         215836.36,       11188.24902,        0.02422727121,        -0.03461176325,       98712.65531,        109900.9043,           288.3282199,            342.3131372,            99387.27436,             116449.0857
          0,           0,         296,      -4.188619717,      -1.930603157,      -1.951280337,      -2.175471561,       2.598960334,    -0.01031263772,    -0.01031263772,      0.3818259552,       624.4491288,       208616.3253,       208616.3253,       2.410715521,        633243.889,      -46.03906719,         106.65105,         63.72925562,        -0.1497979956,               0.8746405159,       630.2796837,       630.2796837,       215810.2975,       215810.2975,       11176.80753,          0.024131148,        -0.03444378573,       98719.75889,        109896.5664,           288.3300203,            341.9496633,            99389.18976,             116421.1078
          0,           0,         297,      -4.180954547,      -1.927461458,      -1.776314397,      -1.860422884,       2.420548073,    -0.01023971751,    -0.01023971751,      0.3809510899,       624.1142684,       208619.1442,       208619.1442,       2.411274433,       632879.2498,      -45.98601027,       106.1841445,         63.66119982,        -0.1535605869,               0.8776850653,       629.9167513,       629.9167513,       215783.3287,       215783.3287,       11165.20846,        0.02403264932,        -0.03427236683,       98726.96787,        109892.1763,           288.3318279,            341.5849234,            99391.10797,             116392.2208
          0,           0,         298,       -4.16730554,      -1.911061291,      -2.181456394,       -1.95414419,       2.483590772,    -0.01016533252,    -0.01016533252,       0.380047008,       623.7794367,       208622.1616,       208622.1616,       2.411825579,        632514.073,      -45.92929456,       105.7090767,         63.59334175,        -0.1573077806,               0.8808206591,       629.5532839,       629.5532839,       215755.5754,       215755.5754,       11153.48601,        0.02393179882,        -0.03409713134,       98734.33782,        109887.8238,           288.3337504,            341.2195335,            99393.08733,             116362.4881
          0,           0,         299,      -4.152380224,      -1.818282091,      -1.837042689,      -1.864056243,       2.422870387,     -0.0100899436,     -0.0100899436,      0.3791130564,       623.4435309,       208624.9636,       208624.9636,       2.412367518,       632147.2071,      -45.86864195,       105.2261085,         63.52568465,         -0.161028093,               0.8840457848,       629.1881353,       629.1881353,       215726.5804,       215726.5804,       11141.30507,        0.02382858375,        -0.03391852735,       98741.82928,        109883.1344,           288.3356902,            340.8524451,            99395.08949,             116331.4909
          0,           0,         300,      -4.185315101,      -1.819612916,      -1.753644323,      -2.170252865,       2.460408895,    -0.01001357731,    -0.01001357731,      0.3781476372,        623.106482,       208627.7253,       208627.7253,       2.412902203,       631778.5292,      -45.80320092,       104.7351492,         63.45825628,        -0.1647102914,               0.8873651732,       628.8211831,       628.8211831,       215696.4549,       215696.4549,       11128.80793,        0.02372309592,        -0.03373667323,       98749.45868,        109878.2666,           288.3376447,            340.4835385,            99397.13598,              116299.319
          0,           0,         301,       -4.18055143,      -1.833331763,      -1.859598495,      -2.173020362,       2.534220934,   -0.009935959223,   -0.009935959223,      0.3771492666,        622.768807,       208630.8094,       208630.8094,       2.413432295,       631408.5238,      -45.73258793,        104.235298,         63.39102993,        -0.1683613731,               0.8907889382,       628.4529098,       628.4529098,       215665.5422,       215665.5422,       11116.44235,        0.02361521236,        -0.03355117158,       98757.18351,        109873.6259,           288.3395555,            340.1133542,             99399.1794,             116266.3628
          0,           0,         302,      -4.156038077,      -1.864568254,      -2.071388053,      -2.165398204,       2.559088373,   -0.009857511865,   -0.009857511865,      0.3761176516,       622.4295517,       208633.9947,       208633.9947,       2.413957831,       631036.2168,       -45.6566021,       103.7267921,         63.32402345,        -0.1719710386,               0.8943165003,       628.0823455,       628.0823455,       215633.6114,       215633.6114,       11103.97867,        0.02350491248,        -0.03336242435,       98765.00802,        109868.9867,           288.3413915,             339.740954,            99401.22443,             116232.3869
          0,           0,         303,      -4.149369375,      -1.916032606,      -1.929350196,      -2.191900755,        2.56941799,   -0.009778189775,   -0.009778189775,      0.3750412994,       622.1098477,       208637.3062,       208637.3062,       2.414436965,        630682.601,      -45.57032534,       103.2099791,         63.25724803,        -0.1754318631,                0.897947208,        627.730385,        627.730385,       215600.3607,       215600.3607,       11091.33576,        0.02339228238,        -0.03317047216,        98772.9852,         109864.321,           288.3432977,            339.3870872,            99403.32954,             116197.0312
          0,           0,         304,      -4.169695735,      -1.902071046,       -1.90261832,      -2.172413283,       2.561314246,   -0.009698281304,   -0.009698281304,      0.3739156084,       621.7971693,       208640.7241,       208640.7241,       2.414881805,       630334.9344,      -45.47013113,        102.685095,         63.19069865,        -0.1786622196,               0.9016800561,       627.3843458,       627.3843458,       215565.5982,       215565.5982,       11078.47681,        0.02327730696,        -0.03297558827,       98781.12365,        109859.6005,           288.3452712,            339.0390746,            99405.50478,             116160.0935
          0,           0,         305,      -4.059238029,      -1.902022952,      -1.861391113,      -2.169359982,       2.440080642,   -0.009618434901,   -0.009618434901,      0.3727587846,       621.4811195,       208644.1649,       208644.1649,       2.415324786,       629983.2263,      -45.36486791,       102.1525867,         63.12438392,        -0.1818381121,               0.9055109783,        627.034284,        627.034284,       215529.8577,       215529.8577,       11065.45592,        0.02315993883,        -0.03277837373,       98789.35448,        109854.8104,           288.3472923,            338.6869918,             99407.6799,             116122.1778
          0,           0,         306,      -4.080771057,      -1.881883247,      -1.841969294,      -2.150822136,       2.465760072,   -0.009538274103,   -0.009538274103,       0.371570473,       621.1620394,       208648.1907,       208648.1907,       2.415770961,       629627.8141,      -45.25425313,         101.61191,         63.05832693,        -0.1849698107,               0.9094502507,       626.6805356,       626.6805356,       215493.7227,       215493.7227,       11052.83398,        0.02304020507,        -0.03257847917,       98797.67835,        109850.5123,           288.3492336,             338.331302,            99409.85968,              116083.863
          0,           0,         307,      -4.110352988,      -1.866342807,       -1.80075981,        -2.1447779,       2.393611435,   -0.009458481987,   -0.009458481987,      0.3703516138,       620.8386046,       208652.4939,       208652.4939,       2.416220136,       629267.3931,      -45.13875656,       101.0638155,         62.99255044,        -0.1880480108,               0.9134909068,       626.3218016,       626.3218016,       215456.9296,       215456.9296,       11040.34371,        0.02291807102,        -0.03237655301,       98806.07509,        109846.4188,           288.3510878,            337.9707139,            99412.02355,             116044.9061
          0,           0,         308,      -4.132806124,      -1.835911459,      -1.752481902,      -2.117858599,       2.500003149,   -0.009379078314,   -0.009379078314,      0.3690915405,       620.5112892,       208657.4216,       208657.4216,       2.416667719,       628902.1671,      -45.01175158,       100.5084006,         62.92706444,        -0.1909317914,               0.9176348484,       625.9582853,       625.9582853,       215419.5086,       215419.5086,       11028.23264,        0.02279358629,        -0.03217266461,       98814.59447,        109842.8271,           288.3530025,            337.6052828,             99414.2249,             116005.2837
          0,           0,         309,      -4.146901447,      -1.803841586,       -1.69550137,      -2.057540938,       2.370240789,   -0.009300853022,   -0.009300853022,      0.3677980001,       620.1842888,       208662.3683,       208662.3683,       2.417106599,       628536.5898,      -44.87662332,       99.94721937,         62.86188466,        -0.1936558085,               0.9218639184,       625.5944193,       625.5944193,       215381.1313,       215381.1313,       11015.97092,        0.02266672003,        -0.03196757305,       98823.19868,        109839.1696,           288.3549378,            337.2394814,             99416.4265,             115964.7048
          0,           0,         310,      -4.149981939,      -1.755757595,      -1.651786039,      -2.013680859,       2.311519917,   -0.009223991939,   -0.009223991939,      0.3664641817,       619.8913129,       208667.9979,       208667.9979,       2.417488639,       628204.4614,      -44.73001088,       99.38017273,         62.79705901,        -0.1961595736,               0.9261846442,       625.2638455,       625.2638455,       215342.2978,       215342.2978,       11004.13202,        0.02253757205,        -0.03176156399,       98831.93293,         109836.065,           288.3568701,            336.9069755,            99418.68275,              115923.615
          0,           0,         311,      -4.142256372,      -1.683557712,      -1.573028417,      -1.927818768,       2.339807847,   -0.009149045703,   -0.009149045703,      0.3650867229,        619.627938,       208674.1383,       208674.1383,       2.417807754,       627901.2584,      -44.57100043,       98.80795071,         62.73261256,        -0.1983961677,               0.9305880423,       624.9620619,       624.9620619,       215302.7909,       215302.7909,        10992.7835,        0.02240600686,        -0.03155505257,       98840.67742,        109833.4609,           288.3587089,            336.6033529,            99420.86702,             115881.9239
          0,           0,         312,      -4.149065779,      -1.630637259,      -1.494081401,      -1.794914739,       3.739982579,   -0.009075915889,   -0.009075915889,      0.3636726616,       619.3915179,       208681.4702,       208681.4702,       2.418101007,       627624.4649,      -44.40243389,       98.23066535,         62.66851904,         -0.200433237,               0.9350766396,        624.686564,        624.686564,       215263.5546,       215263.5546,        10982.3992,        0.02227221683,        -0.03134813272,       98849.53548,        109831.9347,           288.3605821,            336.3259819,            99423.09386,             115840.4607
          0,           0,         313,      -4.143581322,      -1.705977899,      -1.533036593,       -1.86874691,       3.522349052,   -0.009005628579,   -0.009005628579,      0.3622146984,       619.2190414,       208689.3885,       208689.3885,       2.418299471,        627411.232,       -44.2205198,       97.64970803,         62.60477682,        -0.2021436201,               0.9396297129,       624.4743293,       624.4743293,       215223.7996,       215223.7996,       10972.53336,        0.02213601561,        -0.03114164419,       98858.42759,        109830.9609,           288.3624038,            336.1119254,            99425.27599,             115798.5236
          0,           0,         314,      -4.154050584,      -1.632900917,      -1.351786456,      -1.897585852,       3.290728901,    -0.00893839368,    -0.00893839368,      0.3607366543,       619.0436813,       208698.3392,       208698.3392,       2.418501862,       627194.8458,      -44.03504301,       97.06596441,         62.54139005,        -0.2037305519,               0.9442405272,        624.258956,        624.258956,       215184.7619,       215184.7619,       10963.41299,        0.02199763301,        -0.03093602669,       98867.46309,        109830.8761,             288.36428,            335.8946759,            99427.53823,             115757.2236
          0,           0,         315,      -4.160624324,      -1.661035373,        -1.5029388,      -1.917522438,       3.092570505,   -0.008875207708,   -0.008875207708,      0.3592474088,       618.8553874,       208708.1036,       208708.1036,       2.418729861,       626965.4339,      -43.85049485,       96.48069214,         62.47838813,        -0.2052520517,               0.9488911644,       624.0306179,       624.0306179,       215146.5579,       215146.5579,       10954.97745,        0.02185693443,        -0.03073214213,       98876.56307,        109831.5405,           288.3660925,            335.6645254,            99429.79701,             115716.7609
          0,           0,         316,       -4.15778924,      -1.653426637,      -1.366229407,      -1.933117276,       2.866245394,   -0.008816490334,   -0.008816490334,      0.3577525215,       618.6527653,       208718.8098,       208718.8098,       2.418987942,        626721.746,      -43.66831013,       95.89538589,         62.41580548,        -0.2067164515,                0.953565523,       623.7880707,       623.7880707,       215109.5454,       215109.5454,       10947.13328,        0.02171414333,        -0.03053063366,       98885.83826,        109832.9715,           288.3679439,            335.4201267,            99432.17658,             115677.3688
          0,           0,         317,      -4.143490314,      -1.655714828,      -1.537802996,      -1.927316942,       3.036065798,   -0.008763144147,   -0.008763144147,      0.3562551433,       618.4346371,       208730.4045,       208730.4045,       2.419278036,       626462.7156,      -43.49023179,       95.31126729,          62.3536715,        -0.2081241299,               0.9582442418,       623.5302528,       623.5302528,       215073.8326,       215073.8326,       10940.01551,        0.02156910209,        -0.03033224624,        98895.1945,          109835.21,           288.3697662,            335.1604866,            99434.57843,             115639.2542
          0,           0,         318,      -4.140327155,      -1.611984165,      -1.589302418,      -1.943990782,       3.210446649,   -0.008716281833,   -0.008716281833,      0.3547624885,       618.1990538,       208742.4843,       208742.4843,       2.419600283,       626186.5958,      -43.31891106,       94.73114618,         62.29198709,        -0.2094723771,               0.9628886815,       623.2554255,       623.2554255,       215039.2841,       215039.2841,       10933.04584,        0.02142198155,        -0.03013826338,       98904.71922,        109837.7651,           288.3716615,            334.8837641,             99437.0995,             115602.1846
          0,           0,         319,      -4.132848154,      -1.579119332,      -1.736215216,      -1.936989681,       3.187572847,   -0.008676651803,   -0.008676651803,       0.353274281,        617.945748,       208755.7964,       208755.7964,       2.419962285,       625893.1241,      -43.15492782,       94.15514569,          62.2307697,        -0.2107565074,               0.9674915848,       622.9633276,       622.9633276,        215006.711,        215006.711,       10927.31225,        0.02127253689,         -0.0299491887,       98914.24208,        109841.5543,           288.3734502,            334.5898774,             99439.5601,             115567.1509
          0,           0,         320,      -4.114570919,      -1.529332879,      -1.743744665,      -1.898823532,       3.281549565,   -0.008645007981,   -0.008645007981,      0.3517881664,       617.7018478,       208770.0802,       208770.0802,       2.420330231,       625609.5775,      -42.99485122,       93.58527961,         62.16996683,        -0.2118617988,               0.9720229783,       622.6811082,       622.6811082,        214975.813,        214975.813,       10922.24191,         0.0211209637,        -0.02976597168,       98923.91913,         109846.161,           288.3753307,            334.3057775,            99442.12818,             115533.6849
          0,           0,         321,      -4.109489733,      -1.501565385,      -1.631636147,      -1.895423872,       3.317887623,   -0.008622326396,   -0.008622326396,      0.3503019358,       617.4938635,       208785.6409,       208785.6409,       2.420681937,       625362.6527,       -42.8390355,       93.02245778,         62.10955317,        -0.2127586534,               0.9764616514,       622.4353393,       622.4353393,       214946.9271,       214946.9271,       10918.41206,        0.02096703799,        -0.02958936439,        98933.6144,        109852.0265,           288.3771467,            334.0581927,            99444.65971,             115502.2674
          0,           0,         322,      -4.115312348,      -1.507573261,       -1.61560055,      -1.912580725,       3.264718555,   -0.008609044324,   -0.008609044324,      0.3488288863,       617.2810608,       208802.9116,       208802.9116,       2.421064929,       625111.6701,      -42.69315905,       92.46806132,         62.04947749,        -0.2135460451,               0.9807847691,       622.1855315,       622.1855315,       214920.9499,       214920.9499,       10916.06852,        0.02081092938,        -0.02941997371,       98943.42156,        109859.4901,           288.3790508,            333.8064807,            99447.25862,             115473.6913
          0,           0,         323,      -4.106139528,      -1.484005013,      -1.808390504,      -1.913136465,        3.20756122,   -0.008606416934,   -0.008606416934,      0.3473708049,       617.0866167,        208821.563,        208821.563,       2.421448495,       624880.0676,      -42.55806779,       91.92393315,         61.98976191,        -0.2141852888,               0.9849569935,       621.9550132,       621.9550132,       214897.7266,       214897.7266,       10915.13942,        0.02065238839,        -0.02925880533,       98953.21181,        109868.3512,            288.380738,            333.5742752,            99449.78995,             115447.9367
          0,           0,         324,      -4.092857307,      -1.446339341,      -1.820826676,      -1.894141069,       3.150053365,   -0.008615506702,   -0.008615506702,      0.3459336316,       616.9357115,       208841.3777,       208841.3777,       2.421808909,        624693.392,      -42.43511619,       91.39408463,         61.93038844,        -0.2146302479,               0.9889200132,       621.7692114,       621.7692114,       214877.3044,       214877.3044,       10914.90662,        0.02049188084,        -0.02910738754,       98963.23556,        109878.1422,           288.3826206,            333.3865908,            99452.52714,             115424.7772
          0,           0,         325,      -4.095115236,       -1.48695883,      -1.815209631,      -1.893585781,       3.229844503,   -0.008638017011,   -0.008638017011,      0.3445298394,       616.8176761,       208862.6231,       208862.6231,       2.422174273,       624541.3042,      -42.33067284,       90.88041388,         61.87135056,        -0.2149481697,               0.9926293818,       621.6178355,       621.6178355,       214860.4841,       214860.4841,       10916.09107,        0.02032892517,        -0.02896694218,       98973.26602,        109889.3571,           288.3844006,            333.2334349,            99455.22571,             115405.2584
          0,           0,         326,      -4.074077355,      -1.444809411,      -1.731318514,      -1.867404163,       3.172010095,    -0.00867552118,    -0.00867552118,       0.343178384,       616.6742068,       208885.2172,       208885.2172,       2.422601522,       624365.6252,      -42.25323935,       90.38657301,         61.81261901,        -0.2152378748,               0.9960216745,       621.4429789,       621.4429789,       214847.8859,       214847.8859,       10918.49135,         0.0201635879,        -0.02883910908,       98983.36294,        109901.8543,           288.3862423,            333.0567366,            99457.94879,             115389.9371
          0,           0,         327,      -4.082893292,      -1.487759387,        -1.6713797,      -1.862435755,       3.249826161,   -0.008729354091,   -0.008729354091,       0.341882592,       616.5133661,       208910.0526,       208910.0526,       2.423084284,         624174.63,      -42.20447396,       89.91443485,         61.75418794,        -0.2154844142,               0.9990570843,       621.2528777,       621.2528777,        214840.706,        214840.706,        10923.2816,        0.01999566747,        -0.02872502156,       98993.38548,        109916.6671,           288.3878884,            332.8649892,            99460.55382,             115380.1521
          0,           0,         328,      -4.074031449,      -1.449108065,      -1.794696398,      -1.839821026,       3.192068849,   -0.008801419019,   -0.008801419019,      0.3406655104,       616.3238126,       208937.1216,       208937.1216,        2.42364702,       623957.5846,      -42.19332193,       89.47012517,         61.69606168,        -0.2157610456,                1.001640196,       621.0368483,       621.0368483,       214839.7939,       214839.7939,       10929.89936,        0.01982560936,        -0.02862702838,       99003.61113,        109933.5105,           288.3897114,             332.647137,            99463.33991,              115376.454
          0,           0,         329,      -4.069299842,      -1.391149241,      -1.771942988,      -1.802459069,       3.135165587,   -0.008894170087,   -0.008894170087,      0.3395235634,       616.1520272,       208967.5436,       208967.5436,       2.424231995,       623761.3375,      -42.21841179,       89.05681348,         61.63820803,        -0.2159386659,                1.003705704,       620.8415198,       620.8415198,       214846.4322,       214846.4322,        10939.8418,        0.01965306899,        -0.02854723907,       99013.85089,        109953.6927,           288.3915456,            332.4499743,            99466.10796,             115380.3242
          0,           0,         330,      -4.083767441,      -1.445650117,      -1.646696279,       -1.81849281,       3.213292476,   -0.009010070166,   -0.009010070166,      0.3384839138,       616.0016216,       209001.7904,       209001.7904,        2.42486745,       623590.3286,       -42.2906273,       88.68147928,         61.58061431,        -0.2161142894,                1.005143097,       620.6713115,       620.6713115,       214862.2362,       214862.2362,       10953.17153,        0.01947846427,        -0.02848853444,       99024.30945,         109977.481,           288.3935136,            332.2777979,            99469.08364,             115393.1525
          0,           0,         331,      -4.074416289,      -1.478208453,      -1.592304222,      -1.812122128,       3.292501315,    -0.00915249183,    -0.00915249183,      0.3375817795,       615.8105895,       209041.1699,       209041.1699,       2.425638862,       623383.1932,      -42.42480746,       88.35070812,         61.52326967,         -0.216464411,                1.005839875,       620.4651457,       620.4651457,       214890.0379,       214890.0379,       10971.20464,        0.01930173674,        -0.02845422858,       99034.98261,        110006.1872,           288.3955217,            332.0696239,            99472.26723,             115417.7707
          0,           0,         332,      -4.067258008,      -1.439961672,       -1.55868606,       -1.79556251,       3.234778919,   -0.009326061253,   -0.009326061253,      0.3368461222,       615.5755225,       209086.2919,       209086.2919,       2.426560579,       623137.5616,      -42.63493603,        88.0732962,         61.46617142,        -0.2170517629,                1.005643163,       620.2206638,       620.2206638,       214931.9462,       214931.9462,       10995.09885,        0.01912247102,        -0.02844853227,       99045.59653,        110040.6954,           288.3974606,            331.8232031,             99475.3645,             115456.5817
          0,           0,         333,      -4.063192685,      -1.473396031,      -1.737087293,      -1.786590237,       3.313612595,   -0.009535952303,   -0.009535952303,      0.3363083584,       615.3454188,       209138.2881,       209138.2881,       2.427595988,       622903.9961,      -42.93340207,       87.86114369,         61.40927617,        -0.2178662992,                1.004362926,       619.9881916,       619.9881916,       214990.8493,       214990.8493,       11025.76384,        0.01894076316,        -0.02847671546,       99056.26211,         110082.026,           288.3994221,            331.5887696,            99478.49685,             115512.3524
          0,           0,         334,       -4.06535546,      -1.442721552,      -1.745927141,      -1.773556884,       3.255008889,   -0.009787976262,   -0.009787976262,      0.3360218181,       615.0636707,       209198.8101,       209198.8101,       2.428827791,        622627.339,       -43.3426214,       87.72638666,         61.35253699,        -0.2190982845,                1.001809024,       619.7128296,       619.7128296,       215071.1014,       215071.1014,       11064.97812,        0.01875645184,        -0.02854442811,       99066.91601,        110131.8941,           288.4014117,            331.3114178,            99481.59666,             115589.5047
          0,           0,         335,      -4.060573044,       -1.43250266,      -1.483223109,      -1.757900014,       3.333992358,    -0.01008939735,    -0.01008939735,      0.3360371295,       614.7341531,       209269.4996,       209269.4996,       2.430263814,       622313.5607,      -43.88252754,       87.68578553,         61.29597079,        -0.2207655897,               0.9977343918,         619.40052,         619.40052,       215177.3431,       215177.3431,       11114.45584,        0.01856945839,        -0.02865885574,       99077.52188,        110191.9777,            288.403286,             330.997234,            99484.62934,             115692.7137
          0,           0,         336,      -4.057576369,      -1.394101882,      -1.452679487,      -1.734749098,       3.274988407,    -0.01044795407,    -0.01044795407,      0.3364345982,       614.3539037,       209352.6049,       209352.6049,       2.431940701,       621962.7401,       -44.5861341,       87.75822319,         61.23958929,        -0.2231317168,               0.9918822989,       619.0513416,       619.0513416,       215316.2505,       215316.2505,       11176.36467,        0.01837979779,        -0.02882775186,       99088.12013,        110264.4848,           288.4050052,            330.6463364,            99487.64312,             115828.6074
          0,           0,         337,      -4.058552333,      -1.438634151,      -1.693132844,      -1.722430726,       3.354111295,     -0.0108726985,     -0.0108726985,       0.337292564,       613.9732586,       209451.0418,       209451.0418,       2.433843545,       621629.0373,      -45.48263275,        87.9661682,         61.18353121,        -0.2262511379,               0.9839710953,       618.7192009,       618.7192009,        215495.906,        215495.906,       11253.63709,         0.0181874119,         -0.0290601104,       99098.70237,        110352.3395,            288.406645,            330.3125559,            99490.62888,             116005.2771
          0,           0,         338,      -4.061964446,      -1.397627415,      -1.679915447,      -1.705341717,       3.294659858,     -0.0113735518,     -0.0113735518,       0.338719028,       613.5564926,       209567.2016,       209567.2016,       2.436024777,       621281.2221,      -46.61350694,       88.33553195,         61.12800128,        -0.2303417141,               0.9737117341,       618.3730139,       618.3730139,       215725.6733,       215725.6733,       11348.88587,        0.01799206977,        -0.02936562158,       99109.15786,        110458.0437,            288.408215,            329.9647988,             99493.4725,             116232.2007
          0,           0,         339,      -4.066056263,      -1.431962081,      -1.478695611,      -1.700712269,        3.37395311,    -0.01196135394,    -0.01196135394,      0.3408631289,       613.0910967,       209704.8062,       209704.8062,       2.438550561,       620913.2643,       -48.0392639,       88.89653422,         61.07332658,        -0.2359052052,               0.9608214789,       618.0067784,       618.0067784,       216019.0425,       216019.0425,       11465.65121,        0.01779387972,        -0.02975523366,       99119.57749,        110585.2287,           288.4096261,            329.5971523,            99496.27391,             116522.7686
          0,           0,         340,      -4.065144927,      -1.423649479,      -1.441138624,      -1.691000674,       3.455186387,    -0.01264791455,    -0.01264791455,      0.3438931127,       612.5522905,       209866.5238,       209866.5238,       2.441481918,       620508.3458,      -49.82421755,       89.68378039,         61.01994606,        -0.2433236724,               0.9450336607,       617.6037553,       617.6037553,       216390.8936,       216390.8936,       11606.71935,        0.01759275269,        -0.03024066724,       99129.90221,        110736.6216,           288.4109737,            329.1927816,            99498.97648,             116891.9171
          0,           0,         341,      -4.064085894,      -1.428162058,      -1.421918924,      -1.696155172,       3.471573511,    -0.01344499757,    -0.01344499757,      0.3479735408,       612.0237529,       210056.0936,       210056.0936,       2.444760409,       620160.0468,      -52.02732718,       90.73487081,         60.96859862,        -0.2527213006,               0.9261609959,       617.2570868,       617.2570868,       216859.3435,       216859.3435,       11775.41852,         0.0173890618,        -0.03083405937,       99140.33755,        110915.7561,           288.4123267,            328.8447601,             99501.8071,             117357.5364
          0,           0,         342,      -4.063801013,       -1.49316702,      -1.505124991,      -1.692325643,       3.315716257,    -0.01436390702,    -0.01436390702,      0.3533144735,       611.4560935,       210276.3917,       210276.3917,       2.448468555,       619830.6941,      -54.72438768,       92.08793814,         60.92025816,        -0.2644112572,               0.9041353866,       616.9292757,       616.9292757,       217445.8827,       217445.8827,       11974.43072,        0.01718308586,        -0.03154699287,       99150.98048,        111125.4112,           288.4139271,            328.5153487,            99504.87474,              117941.008
          0,           0,         343,      -4.066041876,      -1.477052896,      -1.630496827,      -1.682769147,       3.353129882,    -0.01541548483,    -0.01541548483,      0.3601146584,       610.8687201,       210529.2973,       210529.2973,       2.452586983,        619553.459,        -57.984095,       93.77994839,          60.8763513,        -0.2784199138,               0.8790389827,       616.6533384,       616.6533384,       218174.0925,       218174.0925,       12205.80945,        0.01697480975,        -0.03239029458,        99161.7439,        111367.5534,           288.4155933,            328.2377451,            99508.09567,             118665.9968
          0,           0,         344,      -4.065402689,      -1.548300202,       -1.37916277,      -1.678769942,       3.064832296,    -0.01661014944,    -0.01661014944,      0.3685788464,       610.2159387,       210816.4737,       210816.4737,       2.457178998,       619298.0607,      -61.87407108,       95.84580961,         60.83895179,        -0.2946386637,               0.8511130822,       616.3991355,       616.3991355,       219071.4299,       219071.4299,       12471.18157,        0.01676412588,        -0.03337427532,       99172.64604,        111643.8276,           288.4172618,            327.9818737,            99511.48709,             119559.9428
          0,           0,         345,      -4.063903877,      -1.519584829,      -1.449084775,      -1.672685533,       3.280853265,    -0.01795676658,    -0.01795676658,      0.3788694807,        609.509824,       211134.8561,       211134.8561,       2.462186581,       619093.1318,      -66.44345282,       98.31461365,         60.81064934,         -0.312610215,               0.8207701522,       616.1951659,       616.1951659,       220162.7669,       220162.7669,       12768.29015,        0.01655042937,        -0.03450719595,       99183.28297,        111951.5731,           288.4187449,            327.7764211,            99514.62232,             120648.1446
          0,           0,         346,      -4.048605341,      -1.565877891,      -1.452591471,      -1.666480531,       3.248125555,    -0.01946021341,    -0.01946021341,      0.3911287589,       608.7711955,       211485.9667,       211485.9667,       2.467586681,       618976.6591,      -71.74211453,        101.202187,         60.79480343,        -0.3321416002,               0.7886376375,       616.0792385,       616.0792385,       221480.1836,       221480.1836,       13098.24407,        0.01633394645,        -0.03579415986,       99193.86132,        112292.1054,           288.4200826,            327.6591558,            99517.73037,             121962.4532
          0,           0,         347,      -4.016260852,      -1.569201486,       -1.43938895,      -1.657949418,       3.319547568,    -0.02112329178,    -0.02112329178,      0.4054139159,       608.0400201,       211869.3379,       211869.3379,       2.473306705,       619004.0874,      -77.78124142,       104.5136662,         60.79577241,        -0.3525914972,               0.7554363328,       616.1065384,       616.1065384,       223052.9658,       223052.9658,       13460.61388,        0.01611469083,        -0.03723798261,       99204.36199,        112664.9759,           288.4213656,            327.6851728,            99520.79441,             123532.1714
          0,           0,         348,      -3.999858801,       -1.54743436,      -1.383027792,       -1.63766172,       3.411472524,    -0.02294672329,    -0.02294672329,      0.4217373195,       607.2901475,       212286.3373,       212286.3373,       2.479364719,       619162.8672,      -84.55814306,       108.2428655,         60.81859656,        -0.3734116997,                0.721914923,       616.2645749,       616.2645749,       224912.2825,       224912.2825,       13856.71782,        0.01589271119,        -0.03883943448,       99214.80973,        113071.5276,           288.4225109,             327.842064,            99523.84152,             125388.4409
          0,           0,         349,      -4.016524582,      -1.551620328,      -1.389076018,      -1.644027784,       3.292735851,    -0.02492889025,    -0.02492889025,       0.439945856,       606.5632086,       212738.7406,       212738.7406,       2.485638336,       619502.1013,      -92.00328641,        112.371112,         60.86871023,        -0.3936246937,               0.6887934445,       616.6022211,       616.6022211,       227082.1794,       227082.1794,       14288.44482,        0.01566797125,         -0.0405968615,       99225.14791,        113513.5927,           288.4235328,            328.1786883,            99526.82855,             127555.3508
          0,           0,         350,       -3.88022397,      -1.534517557,       -1.37828801,      -1.633054526,       3.397468633,    -0.02706808609,    -0.02706808609,      0.4599668225,       605.8786277,       213235.2796,       213235.2796,       2.492202422,       620049.9458,      -100.0952033,       116.8730271,         60.95273732,        -0.4131349161,               0.6566883415,       617.1475011,       617.1475011,       229598.2732,       229598.2732,        14764.2375,        0.01544064609,        -0.04250873218,       99235.52106,        113999.7586,           288.4245776,            328.7229235,            99529.90763,             130068.3656
          0,           0,         351,      -3.990367249,      -1.531355235,      -1.378471949,      -1.638921035,        3.26650264,    -0.02936006074,    -0.02936006074,      0.4816180709,       605.2672878,       213783.5115,       213783.5115,       2.499059505,       620840.0674,      -108.7676533,       121.7135467,         61.07778313,        -0.4316238929,               0.6261081098,       617.9339242,       617.9339242,       232488.0269,       232488.0269,        15291.8971,        0.01521072472,        -0.04457078546,        99245.8072,        114537.7043,           288.4255626,            329.5083616,            99532.96721,             132955.0597
          0,           0,         352,      -4.012869094,      -1.534943852,      -1.391510864,      -1.637617717,       3.242224273,    -0.03180205882,    -0.03180205882,      0.5046086931,       604.8377571,       214395.9048,       214395.9048,       2.506099861,         621978.26,      -117.9152874,       126.8546981,         61.25282285,        -0.4486201538,               0.5974303432,       619.0667889,       619.0667889,       235777.2902,       235777.2902,       15883.99585,        0.01497798979,        -0.04678004861,       99255.95447,        115139.9503,           288.4263634,            330.6404255,            99535.95329,             136241.3369
          0,           0,         353,      -3.905657671,        -1.5268901,      -1.453732468,      -1.633449445,       3.273128725,    -0.03438896829,    -0.03438896829,      0.5287190598,       604.5547597,       215085.8663,       215085.8663,       2.513462626,       623425.0586,      -127.4668989,       132.2545762,         61.48728339,        -0.4641703074,               0.5709124743,       620.5068151,       620.5068151,       239493.4359,       239493.4359,       16553.65898,        0.01474291004,        -0.04913187833,       99266.10368,        115819.7627,           288.4271853,            332.0796297,            99539.02165,             139954.4143
          0,           0,         354,      -3.829515762,      -1.504389368,      -1.438120544,       -1.62421523,       3.339597366,    -0.03711723083,    -0.03711723083,      0.5536982763,       604.4462169,       215871.8288,       215871.8288,       2.521248238,       625201.4445,       -137.342066,       137.8704109,         61.79195597,         -0.478298505,               0.5467121755,       622.2748857,       622.2748857,       243666.1662,       243666.1662,       17319.39313,        0.01450554756,        -0.05162277839,       99276.21781,        116595.6109,           288.4279842,            333.8469015,            99542.13451,             144124.0317
          0,           0,         355,      -3.835646986,      -1.487376484,      -1.487127653,      -1.619705454,        3.24357962,    -0.03998148835,    -0.03998148835,      0.5793276681,       604.4872107,       216771.7148,       216771.7148,       2.529641631,       627273.7296,      -147.4744284,       143.6561834,         62.17783059,        -0.4912024068,               0.5249093748,       624.3374705,       624.3374705,       248322.8525,       248322.8525,       18199.17329,        0.01426598747,        -0.05424747582,       99286.27077,        117485.4441,           288.4286819,            335.9087886,            99545.27275,             148777.5797
          0,           0,         356,      -3.702734906,      -1.440629393,      -1.495827951,      -1.610522965,       3.196934808,     -0.0429766601,     -0.0429766601,      0.6053436131,       604.7064723,       217804.8745,       217804.8745,       2.538743563,       629658.0536,      -157.7803664,       149.5651656,         62.65602265,        -0.5029789907,               0.5055209376,       626.7106335,       626.7106335,       253486.4509,       253486.4509,       19212.65713,        0.01402401957,        -0.05700067967,       99296.10869,        118508.7658,           288.4291741,            338.2814594,            99548.28838,             153938.1625
          0,           0,         357,      -3.748355427,      -1.435181519,      -1.442702027,      -1.610924983,       3.255488899,    -0.04609691039,    -0.04609691039,       0.631497441,       605.1073298,        218989.443,        218989.443,       2.548668695,       632343.3728,      -168.1841946,       155.5512825,         63.23664475,         -0.513763937,               0.4885065083,       629.3833827,       629.3833827,       259174.9005,       259174.9005,       20378.44102,        0.01377926059,        -0.05987617098,       99305.50097,         119683.942,            288.429238,            340.9541447,            99550.94497,             159623.9555
          0,           0,         358,      -3.710703445,      -1.432838321,      -1.543050187,      -1.601242008,       3.206084949,    -0.04933291747,    -0.04933291747,      0.6575265804,       605.7180411,        220338.015,        220338.015,        2.55944402,       635339.8974,      -178.5996021,       161.5708065,         63.92880713,        -0.5236384828,               0.4737938328,       632.3658807,       632.3658807,       265389.3851,       265389.3851,        21708.2259,        0.01353245864,        -0.06286537611,       99314.89454,        121023.1204,           288.4292637,             343.936617,            99553.72211,              165835.663
          0,           0,         359,      -3.898641245,       -1.48924504,      -1.507293899,      -1.604832808,       3.269742246,    -0.05267161645,    -0.05267161645,      0.6832034702,       606.5256552,       221849.2453,       221849.2453,       2.571018297,       638615.5991,      -188.9521036,        167.583849,         64.73975796,        -0.5326847029,               0.4612692339,       635.6262489,       635.6262489,         272105.84,         272105.84,       23200.67389,        0.01328388332,        -0.06595549977,       99324.28568,        122524.9596,           288.4292715,            347.1969773,            99556.61849,             172549.2215
          0,           0,         360,      -3.786619771,      -1.441679007,      -1.472010889,      -1.590454213,        3.22447134,    -0.05609364618,    -0.05609364618,      0.7082882786,       607.5463276,       223505.0791,       223505.0791,       2.583145163,       642164.6523,      -199.1563852,       173.5549721,         65.67456699,        -0.5409139993,               0.4508001645,        639.158689,        639.158689,       279264.3435,       279264.3435,       24837.62701,        0.01303389807,        -0.06912754425,       99333.72604,        124171.3531,           288.4292531,            350.7294359,            99559.69875,             179704.6447
          0,           0,         361,      -3.899963215,      -1.472471405,      -1.449788183,      -1.589735896,       3.286365305,    -0.05957665281,    -0.05957665281,      0.7325888318,       608.7709008,       225278.0636,       225278.0636,       2.595524007,       645957.7894,      -209.1445715,       179.4555055,         66.73579885,        -0.5483594455,               0.4422306885,       642.9340704,       642.9340704,       286787.1958,       286787.1958,       26591.94777,        0.01278251401,        -0.07235916682,       99343.05792,        125935.0057,           288.4291323,            354.5049381,            99562.80007,             187224.3957
          0,           0,         362,      -3.831706261,       -1.48287863,      -1.550905654,      -1.585953888,       3.190956717,    -0.06309581001,    -0.06309581001,      0.7559206916,        610.188168,       227141.9594,       227141.9594,       2.607879997,       649961.1937,       -218.855039,       185.2537144,           67.923289,        -0.5551358326,               0.4354240778,       646.9187349,       646.9187349,       294582.6538,       294582.6538,       28437.98936,        0.01252918904,        -0.07562499905,       99351.98503,        127789.9744,           288.4286391,            358.4900958,            99565.62748,             195017.0263
          0,           0,         363,      -3.526845844,      -1.377836354,       -1.18534568,      -1.547759771,       3.193455633,     -0.0666223126,     -0.0666223126,      0.7781472763,       611.8200476,       229050.7995,       229050.7995,        2.61971424,        654180.702,      -228.2349148,       190.9378256,         69.23576476,        -0.5612231435,               0.4302115871,       651.1184917,       651.1184917,       302536.2576,       302536.2576,       30329.71231,        0.01227421178,        -0.07889652438,        99360.5436,        129690.2559,           288.4278349,            362.6906568,            99568.21832,             202968.0393
          0,           0,         364,       -3.56980088,      -1.296737297,      -1.301928479,      -1.529672355,       3.102191703,     -0.0701216868,     -0.0701216868,      0.7990569133,       613.7133037,       230950.4431,       230950.4431,        2.63042854,       658637.5128,      -237.1983716,       196.4895068,         70.67052867,        -0.5665461376,                0.426453546,       655.5544403,       655.5544403,       310491.5871,       310491.5871,       32213.24897,        0.01201731918,        -0.08213900598,       99368.59709,        131581.8461,           288.4265161,            367.1279242,            99570.44124,             210921.1458
          0,           0,         365,      -3.779001964,      -1.423453497,      -1.522930951,      -1.543642867,       3.064767976,    -0.07355426183,    -0.07355426183,      0.8184794214,       615.8189664,       232798.6955,       232798.6955,       2.639684587,       663254.0988,      -245.6811908,       201.8766416,         72.22383595,        -0.5711654252,               0.4240554209,       660.1494161,       660.1494161,        318290.375,        318290.375,       34045.77519,        0.01175929854,        -0.08531356037,       99376.46016,        133422.2353,           288.4250143,            371.7244018,            99572.62833,             218717.7467
          0,           0,         366,      -3.638932633,      -1.035457668,      -1.419098519,      -1.515967325,       3.157059563,    -0.07687342251,    -0.07687342251,      0.8363414396,       618.0704044,        234536.134,        234536.134,       2.647049497,       667940.7159,      -253.6520758,       207.0795338,         73.88926116,        -0.5752162472,               0.4229051346,       664.8140952,       664.8140952,       325749.2346,       325749.2346,       35768.04134,        0.01149997515,        -0.08837339766,       99384.04633,        135152.0877,           288.4231413,            376.3909539,            99574.70374,             226174.5308
          0,           0,         367,      -3.495183532,      -1.293518765,      -1.393529773,      -1.511368724,        3.25398086,    -0.08003862346,    -0.08003862346,      0.8525126767,        620.479645,       236136.7615,       236136.7615,       2.652292467,       672683.0132,      -261.0690294,       212.0655888,         75.65989883,        -0.5787876896,               0.4229282884,       669.5341938,       669.5341938,       332718.9044,       332718.9044,       37354.03255,        0.01123978992,        -0.09127841338,       99391.36446,         136745.397,           288.4209991,            381.1131947,            99576.67629,             233142.2281
          0,           0,         368,        -3.3019294,      -1.026538296,      -1.093054496,      -1.468640489,       3.142294295,    -0.08300622356,    -0.08300622356,      0.8667898535,       623.0770571,       237555.5155,       237555.5155,       2.654978219,       677479.6745,      -267.8468472,       216.8121128,         77.52931548,        -0.5817692053,               0.4240469495,       674.3084021,       674.3084021,         339012.56,         339012.56,       38758.28349,        0.01097934684,         -0.0939855704,       99398.61599,        138156.8995,           288.4186145,            385.8897877,            99578.76075,             239433.7993
          0,           0,         369,      -3.308109042,      -1.040319011,      -1.031282401,      -1.461831442,       3.112172569,    -0.08573116722,    -0.08573116722,      0.8791976124,       625.7955123,       238748.0176,       238748.0176,       2.654918464,       682245.2808,      -273.9863263,       221.2958232,         79.48699376,        -0.5843387594,               0.4261801532,       679.0517006,       679.0517006,       344473.1398,       344473.1398,       39936.76947,        0.01071870082,        -0.09644986804,       99405.62405,        139342.3935,            288.415917,            390.6357836,            99580.77848,             244892.3613
          0,           0,         370,      -3.367718475,      -1.105032833,      -1.244785805,      -1.476047408,       3.214760806,    -0.08817918835,    -0.08817918835,      0.8896617919,       628.6282598,       239694.2345,       239694.2345,       2.652039159,       686948.9512,      -279.4506859,       225.4881858,         81.52617598,        -0.5865250165,               0.4292919012,       683.7333533,       683.7333533,       348976.7683,       348976.7683,       40869.77503,        0.01045789232,        -0.09863708067,       99412.22973,        140282.0048,           288.4127365,            395.3206167,            99582.55815,             249394.2101
          0,           0,         371,      -3.369981951,      -1.106030642,      -1.131165207,      -1.473708939,       3.190842916,    -0.09032342474,    -0.09032342474,      0.8980334473,       631.6010686,       240395.3183,       240395.3183,        2.64642466,       691584.7463,      -284.1729215,       229.3449048,         83.63899181,        -0.5883564699,               0.4333765341,       688.3474482,       688.3474482,       352428.5859,       352428.5859,       41558.28979,        0.01019727538,         -0.1005207001,       99418.51424,         140976.804,           288.4091711,            399.9382772,            99584.19617,             252844.3897
          0,           0,         372,      -3.375256971,      -1.111795756,      -1.287708309,      -1.475670195,       3.261755311,    -0.09213359584,    -0.09213359584,      0.9042826077,       634.7339419,       240820.1763,       240820.1763,       2.637928527,       696151.5798,      -288.1156005,       232.8498689,         85.81748237,         -0.589787931,               0.4383862655,       692.8929045,       692.8929045,        354724.278,        354724.278,       41971.03078,       0.009937238085,         -0.1020708339,       99424.57274,        141395.6035,           288.4051545,              404.48775,            99585.79178,             255138.4863
          0,           0,         373,       -3.36841792,      -1.081855613,     -0.9841684067,      -1.468469895,         3.2251168,    -0.09359477248,    -0.09359477248,      0.9084793565,        637.983537,       240959.0257,       240959.0257,       2.626709593,       700595.9859,      -291.2802596,       235.9857518,         88.05388776,        -0.5909458184,               0.4442913015,       697.3165064,       697.3165064,       355836.4762,       355836.4762,        42098.8713,       0.009677320247,         -0.1032720927,       99430.07719,        141528.9485,           288.4005017,            408.9160047,              99587.017,             256249.4593
          0,           0,         374,      -3.363021542,      -1.035698867,      -1.209992596,      -1.463157228,       3.236361223,    -0.09469897267,    -0.09469897267,      0.9108300901,       641.2685129,       240793.8947,       240793.8947,       2.612910942,       704841.6816,      -293.7131176,        238.763015,          90.3390178,        -0.5919487526,               0.4510220556,        701.542328,        701.542328,        355775.995,        355775.995,       41923.68152,       0.009417700546,         -0.1041166732,       99435.10661,        141358.7881,           288.3951966,            413.1471314,            99587.95716,             256188.0378
          0,           0,         375,      -3.323610812,     -0.9720220364,      -1.181357742,      -1.452128227,       3.257852869,    -0.09545332949,    -0.09545332949,      0.9114564951,         644.55996,       240336.9907,       240336.9907,       2.596867529,       708861.1973,      -295.4365645,       241.1775762,         92.66246285,         -0.592874611,               0.4585394947,       705.5430284,       705.5430284,       354608.2788,       354608.2788,       41457.79533,       0.009158510677,         -0.1046118402,       99439.59767,         140897.393,           288.3892191,            417.1538093,            99588.54784,             255019.7309
          0,           0,         376,      -3.309623467,     -0.8976301088,      -1.215365784,      -1.443308639,        3.28155552,    -0.09586812367,    -0.09586812367,      0.9105194755,       647.8285264,       239598.2393,       239598.2393,       2.578870782,       712631.5075,      -296.4862175,       243.2365724,         95.01249959,        -0.5937962915,               0.4667847285,       709.2956898,       709.2956898,       352416.3414,       352416.3414,       40711.09187,       0.008900036362,           -0.10476816,        99443.5737,        140154.6656,           288.3824515,            420.9132384,            99588.81748,             252827.5239
          0,           0,         377,      -3.294163217,     -0.8116898864,      -1.171892349,      -1.430476915,       3.312507149,     -0.0959591591,     -0.0959591591,      0.9081345426,       651.0519469,       238602.4589,       238602.4589,        2.55930673,       716134.2068,      -296.8875537,        244.936863,         97.37362035,         -0.594773834,               0.4757102014,       712.7819931,       712.7819931,       349307.3961,       349307.3961,       39708.28714,       0.008642667778,         -0.1046018269,       99447.08586,         139155.373,           288.3749678,            424.4070253,            99588.81715,              249718.579
          0,           0,         378,      -3.270499219,     -0.7295826353,       -1.21128793,      -1.411562168,       3.364352204,    -0.09575021089,    -0.09575021089,      0.9044598185,       654.1948152,       237380.8386,       237380.8386,       2.538623199,       719343.9357,      -296.6816983,       246.2800065,         99.72895531,        -0.5959147717,                0.485259497,       715.9766973,       715.9766973,       345418.7456,       345418.7456,       38480.08377,       0.008387057849,         -0.1041372687,       99450.37743,        137930.4612,            288.367236,            427.6094613,            99588.80002,             245829.9456
          0,           0,         379,      -3.311514193,     -0.8147611033,      -1.249967973,      -1.422243735,       3.326013423,     -0.0952702118,     -0.0952702118,      0.8996768748,         657.22011,       235961.0542,       235961.0542,       2.517214286,        722237.801,      -295.9217572,       247.2758565,         102.0604778,         -0.597304932,               0.4953682963,       718.8570164,       718.8570164,       340891.6942,       340891.6942,       37054.81225,       0.008133144195,          -0.103403356,       99453.12098,        136507.9332,           288.3591037,            430.4979128,             99588.4258,             241303.2684
          0,           0,         380,      -3.359062545,     -0.8806261761,      -1.156659327,      -1.436875338,       3.318756241,    -0.09454896334,    -0.09454896334,      0.8939286408,       660.1079072,       234383.2996,       234383.2996,       2.495512303,       724809.4993,      -294.6524605,       247.9284315,         104.3487573,        -0.5990807026,               0.5059725801,       721.4166767,       721.4166767,       335878.1397,       335878.1397,        35472.1783,       0.007881453761,         -0.1024304171,       99455.56064,        134927.7389,           288.3503314,            433.0663453,            99587.95111,             236290.1886
          0,           0,         381,      -3.310636181,      -0.784077193,     -0.9562232912,      -1.420279207,       3.378818117,    -0.09361723315,    -0.09361723315,      0.8873586858,       662.8383481,       232680.8436,       232680.8436,       2.473861993,       727054.6144,      -292.9220765,       248.2470063,         106.5737746,        -0.6013126827,               0.5170025837,       723.6512824,       723.6512824,       330516.6078,       330516.6078,       33765.46895,       0.007632428453,         -0.1012496616,       99457.68732,        133223.1563,           288.3411521,            435.3101303,            99587.36103,             230929.2468
          0,           0,         382,      -3.368111418,       -0.88378429,      -1.026606019,      -1.441096966,       3.322170249,    -0.09250810933,    -0.09250810933,      0.8801543524,       665.3686147,       230888.0614,       230888.0614,       2.452608385,       728952.0468,      -290.8021113,       248.2485517,          108.717377,        -0.6041628401,               0.5283856331,        725.539833,        725.539833,       324946.8747,       324946.8747,       31969.10455,       0.007386299464,        -0.09989440879,        99459.4784,         131428.583,           288.3317468,            437.2080862,             99586.6319,             225360.2428
          0,           0,         383,      -3.330282311,     -0.7984447779,      -1.009810462,      -1.422136114,       3.386834552,    -0.09125158943,    -0.09125158943,      0.8724863114,       667.6604842,       229029.5279,       229029.5279,       2.431995104,       730487.4108,      -288.3630241,       247.9630791,         110.7618191,        -0.6076908905,               0.5400233635,       727.0680099,       727.0680099,       319281.0219,       319281.0219,       30107.63148,       0.007143426144,        -0.09839501557,       99460.94822,        129568.5797,           288.3232958,            438.7447141,            99585.76974,             219695.2522
          0,           0,         384,      -3.317922044,     -0.8894146741,      -1.026576429,      -1.412029054,       3.389686181,    -0.08987659477,    -0.08987659477,      0.8644514577,       669.7241101,       227141.1158,       227141.1158,       2.412233573,       731689.6541,      -285.6562167,        247.411091,         112.6915398,        -0.6119955059,               0.5518390042,       728.2646256,       728.2646256,       313622.6979,       313622.6979,       28216.35332,       0.006904557334,        -0.09678115211,       99462.38125,        127678.7346,           288.3152561,            439.9493695,             99585.0675,             214037.6304
          0,           0,         385,      -3.303097754,     -0.8047041117,     -0.9448356715,      -1.407076843,        3.45109318,    -0.08840339455,    -0.08840339455,      0.8561275448,       671.5807031,       225244.4597,       225244.4597,       2.393412411,        732597.246,      -282.7265232,       246.6152734,         114.4935249,        -0.6170794138,               0.5637591483,        729.167969,        729.167969,       308039.9068,       308039.9068,       26316.82923,       0.006670313494,        -0.09507370804,       99463.81522,        125780.6444,           288.3068807,            440.8610883,            99584.55216,             208455.3546
          0,           0,         386,      -3.350006389,     -0.9054046478,       -1.12136772,      -1.436542048,       3.370215228,     -0.0868519547,     -0.0868519547,       0.847556883,       673.2964815,       223365.6207,       223365.6207,        2.37556207,       733294.1712,      -279.6118649,       245.5980458,         116.1609551,        -0.6228212683,               0.5757324984,       729.8616319,       729.8616319,       302597.6297,       302597.6297,       24435.59835,       0.006440889339,        -0.09329284404,        99465.0112,        123900.6096,           288.3022332,            441.5593987,            99583.96338,             203013.6663
          0,           0,         387,      -3.396425128,       -0.99153404,      -1.038704626,      -1.460105414,       3.317504725,    -0.08524134458,    -0.08524134458,      0.8388517619,       674.8444744,       221530.5647,       221530.5647,       2.358812227,       733773.6352,      -276.3765424,       244.3779149,         117.6912744,         -0.629468109,               0.5877168108,       730.3388515,       730.3388515,       297355.7929,       297355.7929,       22598.86646,       0.006216018761,        -0.09145736334,       99465.84913,        122064.7156,            288.302296,            442.0365555,            99583.18427,             197772.6087
          0,           0,         388,      -3.369593873,     -0.9165712397,     -0.9930971032,      -1.458482799,       3.346581227,     -0.0835819607,     -0.0835819607,      0.8301304337,       676.1674617,        219746.839,        219746.839,       2.343253139,       734002.5336,      -273.0971342,       242.9937413,         119.0846688,        -0.6370156969,               0.5996571042,       730.5666785,       730.5666785,       292341.1659,       292341.1659,       20814.64946,       0.005995630095,        -0.08957759079,       99466.09475,        120280.7442,           288.3020362,            442.2646423,            99581.96003,             192759.2059
          0,           0,         389,      -3.412279197,     -0.9927682273,      -1.003988828,      -1.475512513,       3.295620447,    -0.08188061368,    -0.08188061368,       0.821379425,       677.3236407,       218037.6298,       218037.6298,       2.328846481,        734043.373,      -269.7971858,       241.4305562,         120.3418997,        -0.6445173084,                0.611600308,       730.6073267,       730.6073267,       287580.9373,       287580.9373,       19105.88412,       0.005779795295,        -0.08766040898,       99465.87286,         118571.757,           288.3024209,            442.3049058,            99580.32578,             188000.6115
          0,           0,         390,      -3.457168404,       -1.09492792,      -1.114518934,      -1.496668821,       3.311633565,    -0.08014395325,    -0.08014395325,      0.8126333071,        678.339023,       216418.7822,       216418.7822,       2.315583313,       733927.5133,      -266.5052722,       239.6814167,         121.4648801,        -0.6518579763,               0.6235582637,       730.4920094,       730.4920094,       283090.9116,       283090.9116,       17487.54384,       0.005569196869,        -0.08571315012,       99465.61916,         116953.163,           288.3031493,            442.1888601,            99578.70314,             183512.2085
          0,           0,         391,      -3.414666147,     -0.9942855702,      -1.047387838,      -1.486552199,       3.331382784,    -0.07838086056,    -0.07838086056,      0.8039713291,        679.237504,       214908.7094,       214908.7094,       2.303476239,       733684.2628,      -263.2504937,       237.7345744,         122.4565671,        -0.6599948484,               0.6355617619,       730.2498975,       730.2498975,       278892.4629,       278892.4629,       15977.86739,       0.005364470579,        -0.08374533114,       99465.42101,        115443.2884,           288.3046485,             441.945249,            99577.23069,             179315.2322
          0,           0,         392,      -3.365180273,     -0.9033289735,     -0.8909803624,      -1.449156727,        3.36231894,    -0.07658503444,    -0.07658503444,      0.7951945707,       680.0952172,       213539.4826,       213539.4826,        2.29259837,       733377.0624,      -260.0086054,       235.5250444,         123.3230617,        -0.6680873485,               0.6478263931,       729.9441351,       729.9441351,       274995.5044,       274995.5044,        14609.6921,       0.005165980443,        -0.08175101489,       99464.89524,        114074.5873,           288.3082588,            441.6358763,             99575.4137,             175420.0907
          0,           0,         393,      -3.344841269,     -0.8275756209,     -0.9917902911,      -1.449002414,       3.362017113,     -0.0747668878,     -0.0747668878,      0.7864480666,       680.9265117,       212314.5705,       212314.5705,       2.282842026,       733026.7429,      -256.8305354,       233.0498478,         124.0700285,        -0.6765348321,               0.6604051357,       729.5954554,       729.5954554,       271412.7253,       271412.7253,       13386.22746,       0.004974159926,        -0.07974104772,        99464.1715,         112850.399,           288.3151267,            441.2803287,            99573.38841,             171839.3369
          0,           0,         394,      -3.324814065,     -0.7499582049,     -0.9338817849,       -1.44373541,       3.368114189,    -0.07293812838,    -0.07293812838,       0.777683205,       681.6686869,        211224.006,        211224.006,        2.27417371,       732562.7616,      -253.6641466,       230.3218359,         124.7042285,        -0.6846919012,               0.6733219264,        729.133646,        729.133646,       268118.3249,       268118.3249,        12296.9776,       0.004789478931,        -0.07772760731,       99463.51419,        111760.4918,           288.3238112,            440.8098348,             99571.3953,             168546.9296
          0,           0,         395,      -3.298369031,     -0.6690171807,     -0.8776857505,      -1.434407101,       3.382604956,    -0.07110559452,    -0.07110559452,      0.7685114935,       682.2237513,       210266.1123,       210266.1123,       2.266749325,       731844.5086,      -250.2191719,       227.3130186,         125.2341266,        -0.6914040449,               0.6867152615,       728.4187552,       728.4187552,       265058.7357,       265058.7357,       11340.37914,       0.004612336452,        -0.07571793097,       99462.86657,        110803.2457,           288.3328336,            440.0859216,            99569.38758,             165489.3481
          0,           0,         396,      -3.332288449,     -0.7500313868,     -0.9317610116,      -1.450688872,        3.33903121,    -0.06927510705,    -0.06927510705,      0.7592646455,       682.6453027,       209448.0119,       209448.0119,       2.260461582,       730956.0357,      -246.6447634,       223.9963267,         125.6686512,        -0.6989302726,               0.7007310751,       727.5344413,       727.5344413,        262274.476,        262274.476,       10523.00437,       0.004443268835,        -0.07371837589,       99462.50376,        109985.5081,           288.3438355,            439.1906057,            99567.74893,             162706.7271
          0,           0,         397,      -3.361835504,     -0.8298482857,      -1.027064375,      -1.490699217,       3.329867792,     -0.0674431479,     -0.0674431479,      0.7496565349,       682.8477518,       208753.9705,       208753.9705,       2.255298476,       729783.0282,      -242.6974754,        220.339904,         126.0125787,        -0.7057360718,               0.7155432186,       726.3669245,       726.3669245,       259697.0881,       259697.0881,       9829.340107,       0.004282357615,        -0.07172550552,       99462.31518,        109291.6553,           288.3558884,            438.0110362,            99566.32507,              160130.763
          0,           0,         398,      -3.210937741,     -0.7832345904,     -0.8036544521,      -1.486661855,       3.289607474,    -0.06559966373,    -0.06559966373,      0.7395336246,       682.8834933,       208174.9392,       208174.9392,       2.250989382,       728379.3884,      -238.3145916,       216.3204486,         126.2724044,        -0.7116003105,                0.731362637,       724.9698552,       724.9698552,        257290.507,        257290.507,       9250.959992,       0.004129688253,        -0.06972935199,       99461.98961,        108712.9496,           288.3680055,            436.6018497,              99564.784,              157725.723
          0,           0,         399,      -3.252287274,     -0.8446572935,     -0.8529189693,      -1.474413353,       3.273267312,    -0.06374607002,    -0.06374607002,        0.72877587,       682.7150184,       207697.2055,       207697.2055,       2.247461828,       726713.2481,      -233.5223695,       211.9207607,         126.4578718,        -0.7153295257,               0.7484216798,       723.3115141,       723.3115141,       255017.5515,       255017.5515,        8774.12893,       0.003985707759,        -0.06773177778,       99461.53826,        108235.6672,           288.3800504,            434.9314636,            99563.01017,             155454.5413
          0,           0,         400,      -3.280276055,     -0.8839478813,     -0.9614790199,      -1.499477289,       3.258963381,    -0.06187142327,    -0.06187142327,      0.7171366849,        682.295022,       207327.9244,       207327.9244,       2.244892633,       724742.3502,      -228.2276837,       207.1517151,         126.5742127,        -0.7172601902,               0.7668725302,       721.3498419,       721.3498419,       252873.4667,       252873.4667,       8406.339243,       0.003850489135,         -0.0657219124,       99460.79256,        107867.1318,           288.3916721,            432.9581698,            99560.91225,             153312.5545
          0,           0,         401,      -3.299235236,     -0.8907349769,      -1.021392429,      -1.495241317,       3.240620313,    -0.05999458975,    -0.05999458975,      0.7052063572,       681.6584838,       207061.3924,       207061.3924,       2.243124308,       722565.9763,      -222.6376093,       202.1005274,         126.6292443,        -0.7186668595,               0.7866475255,       719.1836555,       719.1836555,       250903.2309,       250903.2309,       8141.974455,        0.00372415195,         -0.0637187417,         99459.709,        107601.6835,           288.4035201,            430.7801354,             99558.5023,             151344.7286
          0,           0,         402,      -3.316273173,     -0.8564327973,       -1.02441979,      -1.442195651,       3.237815154,    -0.05811166931,    -0.05811166931,      0.6930580635,       680.7722669,       206898.2501,       206898.2501,       2.242282345,       720179.6572,      -216.7043417,       196.8641476,         126.6240025,        -0.7183822848,               0.8075864255,       716.8085068,       716.8085068,        249119.462,        249119.462,       7981.738569,       0.003606926738,        -0.06171859605,       99458.25577,        107439.9943,           288.4146678,             428.393839,            99555.73186,             149563.7302
          0,           0,         403,      -3.330860395,     -0.8679523857,      -1.088704513,      -1.458114868,       3.210488397,    -0.05624239978,    -0.05624239978,      0.6813345229,        679.700318,       206816.3177,       206816.3177,       2.242063958,       717721.4447,      -210.8223028,       191.6097334,          126.565343,        -0.7182622449,                0.829265143,       714.3618012,       714.3618012,       247557.6324,       247557.6324,       7903.841229,       0.003498733947,        -0.05974113372,       99456.23826,        107360.0795,           288.4248635,            425.9369376,            99552.45196,             148005.1804
          0,           0,         404,      -3.345061746,     -0.8929886657,      -1.142341995,      -1.457538914,       3.282419348,    -0.05438004077,    -0.05438004077,      0.6702259966,       678.4426958,       206801.1999,       206801.1999,       2.242380822,       715218.2317,      -205.1013933,       186.4733461,         126.4602968,        -0.7177937109,               0.8512579129,       711.8703057,       711.8703057,       246206.5668,       246206.5668,       7893.685769,       0.003399849942,        -0.05777989072,       99453.75705,        107347.4428,           288.4339304,            423.4363753,            99548.73443,             146657.8324
          0,           0,         405,      -3.358248829,     -0.8940495021,      -1.162859411,      -1.456707787,       3.281556423,    -0.05253160158,    -0.05253160158,       0.659916932,       676.9809302,       206826.8069,       206826.8069,       2.243100036,       712664.7853,      -199.5941802,       181.5879087,         126.3190583,         -0.716512645,               0.8730653109,       709.3288119,       709.3288119,       245039.2328,       245039.2328,       7925.953048,       0.003310272642,        -0.05584187422,       99450.42694,          107376.38,           288.4415369,             420.887275,             99544.1984,             145495.0344
          0,           0,         406,      -3.368546316,     -0.9051718719,       -1.18318872,      -1.455639367,       3.288316015,    -0.05068798244,    -0.05068798244,      0.6504835983,       675.3917004,       206878.6751,       206878.6751,       2.243980585,       710138.0345,      -194.3681101,       177.0106233,         126.1518259,        -0.7144535762,               0.8943918606,       706.8138887,       706.8138887,       244029.0059,       244029.0059,        7986.72741,       0.003230084477,        -0.05391806691,       99445.97383,        107432.7012,            288.447408,            418.3664808,            99538.55909,             144490.4468
          0,           0,         407,      -3.375242268,     -0.8985949397,      -1.204512456,      -1.432801435,       3.298016319,    -0.04884958553,    -0.04884958553,      0.6419668106,       673.6554158,       206931.3453,       206931.3453,       2.244880128,       707607.8068,      -189.4765546,       172.8123124,         125.9616165,        -0.7120848444,               0.9147729771,        704.295505,        704.295505,       243128.5933,       243128.5933,       8050.789187,        0.00315943049,        -0.05200901602,       99440.27807,        107491.0673,           288.4513922,            415.8441128,            99531.74019,             143596.8531
          0,           0,         408,      -3.358226794,      -0.837918137,      -1.133335159,      -1.420394768,       3.297273347,    -0.04702018791,    -0.04702018791,      0.6342590538,       671.8377582,       206984.1437,       206984.1437,       2.245762259,       705120.2762,      -184.8944977,       169.0482701,         125.7513011,        -0.7089239076,               0.9337412744,       701.8196185,       701.8196185,        242319.403,        242319.403,       8117.058266,       0.003098998305,        -0.05011918621,        99433.5427,         107550.601,           288.4535634,            413.3660551,            99523.95513,             142795.4479
          0,           0,         409,      -3.362220789,     -0.8289279331,      -1.213563975,      -1.389533175,       3.300488359,    -0.04519830721,    -0.04519830721,      0.6274549657,       669.9761937,       207046.2243,       207046.2243,       2.246669116,       702705.4828,      -180.7000364,       165.7308632,           125.52465,        -0.7056221568,               0.9510034817,       699.4161287,       699.4161287,       241611.7119,       241611.7119,       8194.716099,       0.003048982384,         -0.0482472896,       99425.75408,        107620.4702,           288.4538757,            410.9622531,            99515.20093,             142096.5109
          0,           0,         410,      -3.339487876,     -0.7658347041,      -1.121804938,      -1.396617128,       3.303535962,    -0.04340394851,    -0.04340394851,      0.6215137194,       668.5297794,       207108.4757,       207108.4757,       2.247129654,       700810.3447,      -176.8536279,       162.8970423,         125.2849946,        -0.7012922803,               0.9661681206,       697.5298617,       697.5298617,       240980.3346,       240980.3346,       8274.520474,       0.003009141647,        -0.04641309016,       99416.97761,        107691.4981,           288.4523609,            409.0775009,            99505.52839,             141474.8062
          0,           0,         411,      -3.314220829,     -0.6944296099,      -1.260876618,      -1.407763182,       3.305846126,    -0.04163672595,    -0.04163672595,      0.6160905343,       667.8905224,       207183.1898,       207183.1898,       2.246902819,       699797.0341,      -173.2045885,       160.5251692,         125.0390889,        -0.6950490584,               0.9791613224,       696.5212945,       696.5212945,       240412.6101,       240412.6101,       8368.698003,       0.002979435287,        -0.04461616123,       99407.24591,        107775.9439,            288.449116,            408.0721785,            99494.97893,             140917.6312
          0,           0,         412,      -3.346989912,     -0.7744691245,      -1.142403303,      -1.437641479,       3.325005937,     -0.0399125052,     -0.0399125052,      0.6105693026,       669.0024911,       207260.1848,       207260.1848,       2.245034024,       700582.7585,      -169.4781088,       158.6214413,         124.7937239,        -0.6840246619,                0.989785471,       697.3033409,       697.3033409,       239863.5365,       239863.5365,       8466.771799,       0.002959848554,        -0.04287235375,       99396.70651,        107863.4783,           288.4443321,            408.8590088,            99483.67609,             140379.8604
          0,           0,         413,      -3.322545518,     -0.7026093755,      -1.228833717,      -1.433658283,       3.328772374,    -0.03822982258,    -0.03822982258,      0.6044684331,       672.0622857,       207327.1952,       207327.1952,       2.241024094,       703323.6072,      -165.4305766,         157.14385,          124.549432,        -0.6661937487,               0.9980859042,       700.0313597,       700.0313597,       239286.9541,       239286.9541,         8556.1333,       0.002950250871,        -0.04118007345,       99385.53093,        107941.6642,           288.4380518,            411.5933079,            99471.80835,             139815.1458
          0,           0,         414,      -3.324806513,     -0.7010473842,      -1.092857219,      -1.448008296,       3.339706298,    -0.03658110395,    -0.03658110395,      0.5982287665,       676.1805381,       207385.9243,       207385.9243,       2.235760962,       707144.8954,      -161.1498072,       156.0373502,         124.3031944,        -0.6417724798,                 1.00419966,       703.8347605,       703.8347605,       238706.2682,       238706.2682,       8638.027312,       0.002950557409,        -0.03953166136,       99373.94848,        108011.9758,           288.4304496,            415.4043109,            99459.60237,             139246.6658
          0,           0,         415,      -3.327484773,      -0.697219802,      -1.257728382,      -1.452959357,       3.326691209,    -0.03496162094,    -0.03496162094,      0.5926170867,       680.5914322,       207439.5066,       207439.5066,       2.230128722,       711314.8175,      -156.8716636,       155.2650898,         124.0538471,          -0.61252689,                1.008226648,       707.9851633,       707.9851633,       238172.8163,       238172.8163,        8715.31814,       0.002960782358,         -0.0379224033,       99362.09421,        108077.4124,           288.4214332,            419.5637301,            99447.20639,             138725.6099
          0,           0,         416,      -3.295476295,     -0.6187605861,     -0.7990800911,       -1.42675904,       3.320130613,    -0.03335560284,    -0.03335560284,      0.5872405298,       685.5490467,       207497.8478,       207497.8478,        2.22384621,       716063.3044,      -152.3728752,       154.7583808,         123.7982143,        -0.5765020706,                1.010451531,       712.7114226,       712.7114226,        237662.312,        237662.312,       8797.583814,        0.00298125333,        -0.03633685617,       99350.13198,        108147.7158,           288.4112677,             424.300155,            99434.80112,             138227.5109
          0,           0,         417,      -3.275286989,     -0.5616792042,      -1.031878663,      -1.416188099,       3.318969561,    -0.03177794671,    -0.03177794671,      0.5816817287,       691.0873693,       207554.0375,       207554.0375,       2.216757388,       721397.7267,      -147.5497966,        154.537666,         123.5343976,        -0.5307421938,                1.010704514,       718.0208745,       718.0208745,       237145.1545,       237145.1545,       8877.993754,       0.003012157284,        -0.03479010399,       99338.02188,        108216.0156,           288.4009754,            429.6198991,            99422.33742,             137722.8171
          0,           0,         418,      -3.284115793,     -0.6502462919,      -1.091377514,      -1.427856838,       3.326816183,     -0.0302295599,     -0.0302295599,      0.5763300204,       696.9768281,       207621.7837,       207621.7837,       2.209315638,       727112.4182,      -142.5567516,        154.587907,         123.2608659,        -0.4745289362,                 1.00902957,       723.7088156,       723.7088156,       236667.6613,       236667.6613,       8970.384395,       0.003053586053,        -0.03328314595,       99325.69967,        108296.0841,           288.3889254,            435.3198903,            99409.71201,             137257.9493
          0,           0,         419,      -3.332975384,      -0.736515467,      -1.196049722,      -1.457827481,       3.353903435,    -0.02871611405,    -0.02871611405,      0.5717314908,       702.9129255,       207697.9467,       207697.9467,       2.201934457,       732934.6649,      -137.5883122,       154.8946827,         122.9762275,        -0.4094201845,                1.005501973,       729.5038085,       729.5038085,       236260.8347,       236260.8347,       9071.244479,       0.003105343839,        -0.03182145789,       99313.35111,        108384.5956,           288.3761141,            441.1276944,            99397.16053,             136863.6742
          0,           0,         420,      -3.314015634,     -0.6570534837,     -0.9582123638,      -1.419733051,       3.366284697,    -0.02723797345,    -0.02723797345,      0.5677789095,       708.7780246,       207788.7585,       207788.7585,        2.19483999,       738739.9848,      -132.7024117,       155.4271283,         122.6778627,        -0.3335841054,                1.000283213,       735.2819537,       735.2819537,       235931.7748,       235931.7748,        9187.32262,       0.003166939667,        -0.03040491311,       99300.71793,        108488.0406,           288.3615076,            446.9204461,             99384.3351,             136547.4397
          0,           0,         421,      -3.305798827,     -0.5770430779,      -1.085923717,      -1.407795528,       3.391320809,    -0.02580498606,    -0.02580498606,      0.5640686758,       714.4720906,       207883.0879,       207883.0879,       2.188105534,       744403.2534,      -127.8339351,       156.1571776,         122.3630639,        -0.2451136202,               0.9935429713,       740.9187127,       740.9187127,       235641.3006,       235641.3006,        9306.64111,       0.003238932731,        -0.02904391879,       99288.22342,        108594.8645,           288.3458327,              452.57288,            99371.67115,             136269.6295
          0,           0,         422,      -3.299421931,     -0.5160147158,     -0.8591138589,      -1.395619361,       3.409848308,    -0.02442064308,    -0.02442064308,      0.5606819783,       720.1125182,       207979.6519,       207979.6519,       2.181503317,       750040.0574,      -123.0118269,       157.0373304,         122.0284658,        -0.1439647491,               0.9855472659,       746.5291309,       746.5291309,       235387.2151,       235387.2151,       9427.961055,       0.003321045205,        -0.02774168828,       99275.84544,        108703.8065,           288.3296253,            458.1995056,             99359.1938,             136028.0213
          0,           0,         423,      -3.218627199,     -0.4235965136,     -0.9263428741,      -1.255875656,       3.439251932,    -0.02308704604,    -0.02308704604,      0.5568085502,       725.6555854,       208070.2365,       208070.2365,       2.175106494,       755559.4329,      -118.0195778,       158.0647611,         121.6717448,       -0.02299079897,                 0.97634639,       752.0226703,       752.0226703,       235110.4176,       235110.4176,       9542.846756,       0.003413353901,        -0.02650039994,       99263.69488,        108806.5416,           288.3152397,            463.7074306,            99346.98807,             135763.4295
          0,           0,         424,      -3.213652072,      -0.343815662,     -0.8384369692,      -1.281142522,       3.475952651,    -0.02181624508,    -0.02181624508,      0.5529875273,        731.014518,       208151.1564,       208151.1564,       2.169083403,       760906.5155,      -113.1370071,       159.2257739,         121.2932586,         0.1176151745,               0.9660737359,       757.3447232,       757.3447232,       234843.8848,       234843.8848,       9648.074335,       0.003515632299,        -0.02533187738,       99251.54101,        108899.6153,           288.2992372,             469.045486,            99334.64676,              135509.238
          0,           0,         425,      -3.183327226,     -0.2598398626,     -0.7613773351,      -1.211533038,       3.510455901,    -0.02062164625,    -0.02062164625,      0.5494361166,       736.1090936,       208222.0124,       208222.0124,       2.163673807,       766011.0538,      -108.4542211,       160.5003116,         120.8945745,         0.2744159702,               0.9549049002,       762.4253673,       762.4253673,       234595.1179,       234595.1179,       9743.105907,       0.003627909376,        -0.02424955562,       99239.45323,        108982.5591,           288.2822022,            474.1431651,            99322.41042,             135272.7075
          0,           0,         426,      -3.123617228,     -0.1711870134,     -0.5992725729,       -1.13431608,       3.554596877,    -0.01950338172,    -0.01950338172,       0.545926945,        740.980587,       208293.6546,       208293.6546,       2.158975641,       770901.2343,      -103.9371556,       161.8318659,         120.4783635,         0.4510442679,               0.9432041595,       767.2926569,       767.2926569,       234361.2472,       234361.2472,       9839.423245,       0.003749866796,        -0.02325324852,       99227.11567,        109066.5389,           288.2636903,            479.0289666,            99309.82741,             135051.4197
          0,           0,         427,       -3.15285242,    -0.09793353311,     -0.6183202659,      -1.120254939,       3.596624267,    -0.01847856549,    -0.01847856549,      0.5427385661,        745.592292,        208360.986,        208360.986,       2.155030286,       775545.5329,      -99.75154648,       163.1803386,         120.0463897,         0.6413234181,               0.9312165427,       771.9152156,       771.9152156,       234151.3609,       234151.3609,       9931.269153,       0.003881941708,         -0.0223605072,       99214.85844,        109146.1276,            288.245086,            483.6701297,             99297.2632,             134854.0977
          0,           0,         428,       -3.05343453,   0.0003323630872,     -0.5260836737,      -1.064953831,       3.670773964,    -0.01755391765,    -0.01755391765,       0.540027165,       749.9237321,       208432.8725,       208432.8725,       2.152055555,       779924.9027,      -96.01131822,       164.5218724,         119.6016149,         0.8370274403,               0.9191176962,       776.2740857,       776.2740857,       233984.6729,       233984.6729,       10027.35936,       0.004023653255,         -0.0215775709,       99202.75656,        109230.1159,           288.2259832,            488.0481025,            99284.88554,             134699.7874
          0,           0,         429,      -3.069696465,      0.1031225985,       -0.38613367,      -0.996529161,       3.753290797,    -0.01673507732,    -0.01673507732,      0.5376911736,       753.9733209,       208507.3766,       208507.3766,       2.150241733,        784029.171,       -92.7147162,       165.8337611,         119.1475354,          1.033806102,               0.9070564385,       780.3591419,       780.3591419,       233851.6271,       233851.6271,       10125.57637,       0.004175175411,        -0.02091025273,       99190.90013,        109316.4765,           288.2066328,            492.1525091,            99272.79603,             134578.8311
          0,           0,         430,      -3.120030158,    0.007154169435,     -0.4342821339,      -1.068122289,       3.625723468,    -0.01602965765,    -0.01602965765,      0.5355853173,       757.7363837,        208578.889,        208578.889,       2.149758252,       787840.2581,      -89.84904521,       167.0958423,          118.687778,          1.226804045,               0.8951657366,       784.1523894,       784.1523894,       233734.0508,       233734.0508,       10220.58092,       0.004336208361,        -0.02036586601,       99179.15405,         109399.735,           288.1903149,            495.9620745,            99260.88916,             134473.1617
          0,           0,         431,      -3.153057291,     -0.0960959074,     -0.4632432693,      -1.090479816,        3.65148745,    -0.01544012775,    -0.01544012775,      0.5334797487,       761.0390427,       208646.5431,       208646.5431,        2.15108886,       791164.5065,      -87.36758256,       168.2825181,         118.2258475,          1.412402663,               0.8836006521,        787.461077,        787.461077,       233615.5104,       233615.5104,       10311.48697,       0.004506317422,        -0.01994644517,       99167.52805,         109479.015,           288.1760286,            499.2850484,            99249.20818,             134366.3022
          0,           0,         432,      -3.278621564,    -0.05326151003,     -0.4698190338,      -1.094308502,       3.774232726,    -0.01498315826,    -0.01498315826,      0.5314003791,       763.8130196,       208698.6701,       208698.6701,       2.154479039,       793931.1716,      -85.31211003,       169.4076808,         117.7643516,          1.582836939,               0.8723284981,       790.2147915,       790.2147915,       233483.8185,       233483.8185,       10386.36782,       0.004685465104,        -0.01966862337,       99156.15112,        109542.5189,           288.1629363,            502.0518552,            99237.93256,             134245.8859
          0,           0,         433,      -3.281531776,   -0.005544479692,     -0.4902417776,      -1.063404207,       3.785251429,    -0.01466342322,    -0.01466342322,      0.5294619748,       766.0790402,       208736.8229,       208736.8229,       2.160172557,       796163.3724,       -83.6973158,       170.4596553,          117.304378,          1.730785087,               0.8614337875,       792.4365434,       792.4365434,       233341.7697,       233341.7697,       10447.39237,       0.004872943576,         -0.0195363668,       99144.71525,        109592.1076,           288.1576868,            504.2788565,            99226.79193,             134114.9777
          0,           0,         434,      -3.361556547,    -0.07044134477,     -0.5470012658,      -1.065268456,       3.746378508,     -0.0144780209,     -0.0144780209,       0.527486174,       767.9342522,       208772.8861,       208772.8861,         2.1683042,       797943.6574,      -82.45899277,       171.4082087,         116.8448553,          1.854419154,               0.8510562186,       794.2084948,       794.2084948,       233186.9829,       233186.9829,       10506.47465,       0.005068675809,        -0.01954669671,       99133.20571,        109639.6804,           288.1536925,            506.0548023,            99215.77239,             133971.2105
          0,           0,         435,      -3.201207893,     0.06285352085,     -0.4702902266,      -0.981854489,       3.709699863,    -0.01443053866,    -0.01443053866,      0.5256037216,       769.3014358,       208799.4379,       208799.4379,       2.179052402,       799198.9809,      -81.63643501,       172.2509021,         116.3833741,          1.946932676,               0.8411992075,       795.4579422,       795.4579422,       233016.9557,       233016.9557,       10556.13784,       0.005272446614,        -0.01970298527,       99121.65003,        109677.7879,           288.1522929,            507.3056493,            99204.91617,             133812.0395
          0,           0,         436,      -3.241942525,      0.1808829236,      -0.422125904,     -0.9047887282,       3.623463496,    -0.01451885746,    -0.01451885746,      0.5237975343,       770.1954783,       208818.3473,       208818.3473,       2.192376924,       799940.0131,      -81.18448481,       172.9782855,         115.9168477,          2.007540565,                0.831897669,       796.1955057,       796.1955057,       232831.2959,       232831.2959,       10598.58294,       0.005483846205,        -0.02000270367,       99109.88218,        109708.4651,           288.1541738,            508.0413319,            99194.08439,             133637.2115
          0,           0,         437,      -3.232087907,      0.2940785716,     -0.3388503807,     -0.8246703646,        3.73325535,    -0.01473454613,    -0.01473454613,      0.5220641255,        770.651339,       208834.6401,       208834.6401,       2.208271554,       800199.7465,      -81.03578344,       173.5793567,         115.4409481,           2.03899979,               0.8231884566,       796.4540232,       796.4540232,       232635.4454,       232635.4454,       10638.87999,       0.005702391132,        -0.02043693726,       99097.88007,        109736.7601,           288.1587995,            508.2952237,            99183.27545,             133452.1699
          0,           0,         438,      -3.216899558,      0.4029475345,      -0.251854036,     -0.7379341087,       3.866165022,    -0.01506945365,    -0.01506945365,        0.52011684,       770.7225617,         208846.99,         208846.99,       2.226386344,       800011.8763,      -81.08655694,       174.0501281,         114.9509693,          2.048338144,               0.8150757698,       796.2670324,       796.2670324,       232410.6686,       232410.6686,       10676.25252,       0.005927598919,        -0.02099705257,       99085.36873,        109761.6213,           288.1630034,             508.104029,             99172.2103,             133238.4583
          0,           0,         439,      -3.296438149,      0.2913545667,     -0.3408545744,     -0.8212315199,       3.875741655,    -0.01552068044,    -0.01552068044,      0.5182994012,       770.2553449,       208845.5442,       208845.5442,       2.246858869,       799244.3994,       -81.4207983,       174.3976134,         114.4422971,          2.030098648,                0.807495417,       795.5031481,       795.5031481,       232163.6814,       232163.6814,       10700.05107,       0.006159538222,        -0.02168021866,       99072.74657,        109772.7976,           288.1670037,            507.3361445,            99161.30552,             133002.3759
          0,           0,         440,      -3.315919446,      0.3421202229,     -0.2997293958,     -0.7718983407,       3.862989939,    -0.01608102824,    -0.01608102824,      0.5164722871,       769.4165354,       208831.3358,       208831.3358,       2.269279346,       798069.4807,      -81.88207169,       174.6281694,          113.908621,          1.996696824,               0.8004193799,       794.3337292,       794.3337292,       231892.1726,       231892.1726,       10713.67119,       0.006396241004,        -0.02247726924,       99058.83232,        109772.5035,           288.1706129,            506.1631163,            99149.36047,             132742.8121
          0,           0,         441,       -3.32228585,      0.3419673839,     -0.3030321169,     -0.7841675943,       3.812485788,     -0.0167326487,     -0.0167326487,      0.5144860263,       768.2226232,       208819.0796,       208819.0796,       2.293418716,       796484.5112,      -82.40688442,       174.7198625,         113.3488904,          1.952515799,               0.7939288196,       792.7561789,       792.7561789,        231597.951,        231597.951,       10730.57712,       0.006638304077,        -0.02337095278,       99044.25124,        109774.8284,           288.1752824,            504.5808965,            99137.01112,             132460.9399
          0,           0,         442,      -3.385271509,      0.2748501727,     -0.3613234655,     -0.8071460988,       3.754818343,    -0.01746537021,    -0.01746537021,      0.5125685979,       766.5052506,       208805.0849,       208805.0849,       2.319377637,       794329.0995,      -82.99461563,       174.6876952,         112.7585085,           1.89892612,               0.7879041892,       790.6108566,       790.6108566,       231297.4338,       231297.4338,       10746.20789,       0.006886504197,        -0.02435187441,       99029.43853,        109775.6464,           288.1794896,             502.431367,            99124.69017,             132172.7436
          0,           0,         443,      -3.484051279,       0.188738311,     -0.4474568839,     -0.8616771986,       3.686723973,    -0.01827090573,    -0.01827090573,       0.510910287,       764.2929854,       208788.9462,       208788.9462,       2.347028964,       791652.5442,      -83.69838158,       174.5569279,         112.1328866,          1.834189358,               0.7822339981,       787.9468303,       787.9468303,       231008.5813,       231008.5813,       10761.38393,       0.007139326325,        -0.02541023205,       99013.78112,        109775.1651,           288.1819482,            499.7648821,            99111.78409,             131896.7972
          0,           0,         444,       -3.54008277,     0.09171240434,     -0.5371424835,     -0.9321983791,       3.610033274,    -0.01913064274,    -0.01913064274,           0.50935,       761.7256752,       208779.8393,       208779.8393,       2.375898246,       788592.4121,      -84.38048911,       174.3111151,         111.4732013,          1.767296521,               0.7769713175,       784.9010226,       784.9010226,        230732.685,        230732.685,       10782.63208,       0.007399588496,        -0.02653023123,       98998.60362,        109781.2357,           288.1852664,            496.7157561,            99099.62319,             131633.0618
          0,           0,         445,      -3.085921425,    -0.01799958082,     -0.4822189438,      -1.014824497,        3.51730045,     -0.0200379499,     -0.0200379499,      0.5080275869,       758.6488566,        208772.849,        208772.849,       2.405705668,       784998.0989,      -85.05001766,       173.9740554,         110.7879902,          1.698486341,               0.7720770026,       781.3235343,       781.3235343,       230477.4654,       230477.4654,       10805.57812,       0.007665870515,        -0.02770382042,       98983.63542,        109789.2135,           288.1878435,            493.1356908,            99087.97362,             131389.4918
          0,           0,         446,      -3.121044666,     -0.1392373371,      -0.503996016,      -1.101724188,       3.412849303,    -0.02097470329,    -0.02097470329,       0.506805709,       755.3346539,       208777.3804,       208777.3804,       2.435600062,       781155.1168,      -85.52885362,       173.5800478,          110.077461,          1.639268717,               0.7674165114,       777.4985412,       777.4985412,       230249.0881,       230249.0881,       10840.40444,       0.007937899505,         -0.0289126028,       98968.48799,        109808.8924,           288.1913321,            489.3072091,            99076.42632,             131172.6618
          0,           0,         447,      -3.630928516,     -0.2644932437,     -0.7703809214,      -1.188712338,       3.370779391,    -0.02194223528,    -0.02194223528,      0.5055155079,       751.6945275,       208790.6614,       208790.6614,       2.465329852,       776964.1711,      -85.86937372,         173.10875,         109.3424423,          1.585235563,               0.7630494154,       773.3272133,       773.3272133,       230037.9268,       230037.9268,       10882.63685,       0.008216922719,          -0.030159158,       98954.01228,        109836.6491,           288.1946372,             485.132576,            99065.85288,             130972.0739
          0,           0,         448,      -3.664249368,     -0.3183109848,     -0.7637130772,      -1.226520503,       3.343761347,    -0.02292390059,    -0.02292390059,      0.5043818516,       747.7202469,       208820.7997,       208820.7997,       2.494567479,       772435.3565,      -86.06897926,       172.5611543,         108.5848013,          1.535905909,               0.7589941228,       768.8195979,       768.8195979,        229887.379,        229887.379,       10940.51669,       0.008502603624,        -0.03142650422,       98940.14149,        109880.6582,           288.1982941,            480.6213038,            99056.21437,             130831.1646
          0,           0,         449,      -3.702059007,     -0.4474421881,     -0.7847803542,      -1.283326882,       3.312519116,    -0.02391788421,    -0.02391788421,      0.5033996533,       743.3522819,       208852.5431,       208852.5431,       2.522824397,        767502.369,       -86.2520225,       171.9519619,         107.8025557,          1.485007843,               0.7551868267,       763.9097016,       763.9097016,       229748.0674,       229748.0674,       10999.11139,       0.008794050051,        -0.03271193426,       98926.71586,        109925.8273,            288.201334,            475.7083676,            99047.35734,             130700.7101
          0,           0,         450,       -3.67042914,     -0.5436225101,     -0.9571546111,      -1.325382535,        3.16530644,    -0.02491652513,    -0.02491652513,      0.5026299965,       738.8786711,       208885.1387,       208885.1387,       2.549072261,       762468.2417,       -86.3869894,       171.3054874,         106.9916002,          1.435234347,               0.7515159704,       758.8991391,       758.8991391,       229628.5595,       229628.5595,       11058.62806,       0.009090559854,        -0.03400708499,       98913.25533,        109971.8834,           288.2042618,            470.6948773,            99038.77461,             130589.7849
          0,           0,         451,      -3.624163114,     -0.7164895269,     -0.9763254442,      -1.365358255,       3.102290187,    -0.02589806845,    -0.02589806845,      0.5023082061,       734.2106444,       208918.0197,       208918.0197,       2.573100561,       757267.6158,      -86.42681702,       170.6759871,         106.1380799,          1.390572854,               0.7476636509,       753.7228572,       753.7228572,       229562.0215,       229562.0215,       11118.41927,       0.009391412404,        -0.03528948086,       98899.80024,        110018.2195,           288.2066415,            465.5162157,            99030.50457,              130531.517
          0,           0,         452,      -2.973155833,     -0.8427593989,     -0.4960141173,      -1.274106716,       2.891272169,    -0.02686321166,    -0.02686321166,      0.5025191681,       729.3837645,       208939.4865,       208939.4865,       2.594933349,        751933.914,      -86.53715263,       170.0736934,         105.2407564,          1.343056548,               0.7435624858,       748.4141224,       748.4141224,       229514.0118,       229514.0118,       11167.10682,       0.009695541109,        -0.03655875277,       98886.18986,        110053.2967,           288.2086102,            460.2055121,            99022.39924,             130491.6126
          0,           0,         453,      -2.922042727,     -0.7877791516,     -0.3769487657,      -1.278097957,       2.827374575,    -0.02779443066,    -0.02779443066,      0.5033053374,       724.5571003,       208963.1188,       208963.1188,       2.614286044,       746643.3201,       -86.6171933,       169.5366538,         104.3032123,          1.298852022,               0.7390547727,       743.1482937,       743.1482937,       229523.4557,       229523.4557,       11216.95911,        0.01000340676,        -0.03779783742,       98873.07983,        110090.0389,           288.2105613,            454.9377324,            99015.11738,             130508.3384
          0,           0,         454,        -2.9459125,     -0.8738287227,      -0.446297771,       -1.35095301,       2.783911056,    -0.02867792486,    -0.02867792486,      0.5046709205,        719.855525,       208987.4352,       208987.4352,       2.631445288,       741522.5958,      -86.77791598,       169.0611929,         103.3291115,          1.252617127,               0.7341866274,       738.0515394,       738.0515394,       229574.5676,       229574.5676,       11265.23954,        0.01031611874,         -0.0389940436,       98861.09782,        110126.3374,           288.2130335,             449.838506,            99009.31157,              130565.256
          0,           0,         455,      -2.970546401,     -0.8588832761,      -0.425192878,      -1.324778394,       2.779255488,    -0.02950798127,    -0.02950798127,      0.5068450171,       715.2072696,       209006.2468,       209006.2468,       2.647100801,       736513.4603,      -87.09804542,       168.6690771,         102.3250537,          1.201916391,               0.7288907935,       733.0658516,       733.0658516,       229682.6167,       229682.6167,       11308.43067,         0.0106309355,        -0.04013891677,       98848.90805,        110157.3387,           288.2151677,            444.8506839,            99003.63623,             130678.9805
          0,           0,         456,      -3.008275418,     -0.9356304008,     -0.4884217918,      -1.390907252,       2.755534245,    -0.03026898783,    -0.03026898783,       0.509585886,       711.0374895,       209027.3575,       209027.3575,        2.66039273,       732044.5061,      -87.48611181,       168.3851922,         101.3061248,          1.151955305,               0.7231537269,       728.6178165,       728.6178165,       229847.8046,       229847.8046,       11352.25742,        0.01094939207,         -0.0412183799,       98837.55002,        110189.8074,           288.2173834,            440.4004331,            98999.13005,             130848.6745
          0,           0,         457,      -3.024284178,      -0.832716283,     -0.4040607154,      -1.276602787,        2.77928989,    -0.03095070417,    -0.03095070417,      0.5128011981,       707.3304756,       209044.7866,       209044.7866,       2.671299257,       728104.2043,      -87.99745324,       168.1970555,         100.2899706,          1.100290172,               0.7171317553,       724.6959592,       724.6959592,       230048.7584,       230048.7584,        11392.7166,        0.01126897469,        -0.04221967886,         98826.035,        110218.7516,           288.2193796,            436.4765795,            98994.78588,             131053.9725
          0,           0,         458,        -2.9653546,     -0.9918247668,     -0.5123497568,      -1.423218009,       2.781532315,    -0.03152439115,    -0.03152439115,      0.5165725221,        703.787069,       209061.8007,       209061.8007,        2.67990037,       724402.7674,      -88.51777185,       168.1131266,         99.29124663,          1.052169878,               0.7108760711,       721.0118487,       721.0118487,       230321.9899,       230321.9899,       11433.19823,        0.01158913311,        -0.04311352427,       98814.30122,        110247.4995,           288.2212971,            432.7905517,            98990.51379,             131331.4761
          0,           0,         459,      -3.056178926,      -1.059664662,     -0.6127281371,      -1.446887133,       2.802733703,    -0.03198092687,    -0.03198092687,        0.52066041,       700.5107831,       209078.8279,       209078.8279,       2.685998818,       721030.5676,      -89.06551776,       168.0935575,         98.32695796,          1.005798516,               0.7046689696,       717.6554341,       717.6554341,       230634.3079,       230634.3079,       11476.40602,        0.01190712908,        -0.04388805596,       98801.21093,         110277.617,           288.2224449,            429.4329892,            98985.14103,             131649.1669
          0,           0,         460,       -3.07199784,      -1.021817813,     -0.6147290691,      -1.450931016,       2.829910671,    -0.03231923614,    -0.03231923614,      0.5248552974,       697.7593992,       209076.6539,       209076.6539,       2.689309413,        718237.904,      -89.70759718,       168.1410229,         97.40247004,         0.9587362206,               0.6985235834,       714.8758429,       714.8758429,       230935.7572,       230935.7572,        11500.1356,        0.01222488593,        -0.04454412207,       98788.25917,        110288.3948,           288.2235712,            426.6522717,            98980.16884,             131955.5884
          0,           0,         461,      -3.273607089,      -1.108648686,      -0.760352931,      -1.545696029,       2.870733335,    -0.03252712089,    -0.03252712089,      0.5292003063,       695.3470138,       209066.9816,       209066.9816,       2.690441429,       715839.4563,      -90.39887562,         168.23777,         96.51891258,         0.9123164189,               0.6925137879,       712.4886223,       712.4886223,       231250.6885,       231250.6885,       11515.90772,        0.01254248112,        -0.04506960201,       98775.53695,        110291.4447,             288.22505,            424.2635723,            98975.70957,             132274.9789
          0,           0,         462,      -3.288166168,     -0.9842189625,     -0.6078950421,      -1.407717346,       2.888899644,    -0.03260259398,    -0.03260259398,       0.533602103,       693.1568915,       209039.9136,       209039.9136,       2.689680708,       713706.1193,      -91.18267153,       168.3598885,         95.67714425,         0.8646745313,               0.6867413908,       710.3652714,       710.3652714,       231546.1809,       231546.1809,       11514.81847,        0.01285892811,        -0.04546152209,       98762.54759,        110277.3661,           288.2261772,            422.1390942,            98971.21006,             132574.9708
          0,           0,         463,      -3.289546949,      -1.048980972,     -0.8070644974,      -1.505384882,       2.934098636,    -0.03253949957,    -0.03253949957,       0.538217856,       691.1659549,       208984.1657,       208984.1657,       2.687528349,       711820.3168,      -92.00963129,        168.502397,         94.87843367,         0.8176100773,               0.6812229376,       708.4882963,       708.4882963,       231828.8542,       231828.8542,       11486.41265,        0.01317306876,        -0.04571256833,       98748.87653,        110235.2892,           288.2268226,            420.2614738,            98966.24957,             132862.6046
          0,           0,         464,      -3.298003175,      -1.013484817,     -0.7156367211,       -1.43535686,       2.974658203,    -0.03233245945,    -0.03233245945,       0.542825455,       689.3725432,       208895.0911,       208895.0911,       2.684361055,       710156.8549,      -92.86140377,       168.6216869,         94.12760503,         0.7705699481,               0.6761731818,       706.8326211,       706.8326211,       232058.9389,       232058.9389,       11420.84933,        0.01348909605,         -0.0458215555,       98737.12087,        110157.9702,           288.2286205,            418.6040006,            98963.49405,             133095.4449
          0,           0,         465,      -3.301911041,      -1.113247869,     -0.8955604133,      -1.550814158,       2.963900636,    -0.03197263202,    -0.03197263202,      0.5473561901,       687.7611173,        208767.793,        208767.793,       2.680510492,       708694.3631,      -93.61848895,       168.7017142,         93.42820918,         0.7270547143,               0.6716680553,       705.3769752,       705.3769752,       232232.8846,       232232.8846,       11317.50233,        0.01380395442,        -0.04577658644,       98725.14533,        110042.6477,           288.2302162,             417.146759,            98960.75922,             133272.1254
          0,           0,         466,      -3.307499475,      -1.018284811,     -0.7328793915,      -1.432456716,       3.005905538,    -0.03144672777,    -0.03144672777,      0.5516355018,       686.4418798,       208616.3953,       208616.3953,       2.676067566,       707533.4836,      -94.13675658,       168.7076833,         92.78519554,         0.6902195213,               0.6678976666,       704.2215297,       704.2215297,       232359.5712,       232359.5712,       11187.93189,        0.01411945788,        -0.04556618565,       98714.23169,        109902.1636,           288.2326863,            415.9888434,            98959.36329,             133400.2079
          0,           0,         467,      -3.595865481,      -1.205966955,      -1.070351173,      -1.558960858,       3.008221713,     -0.0307608801,     -0.0307608801,       0.555435317,       685.4189478,       208437.7083,       208437.7083,       2.671184759,       706656.9493,      -94.37786111,       168.5935391,         92.20649599,         0.6597312496,               0.6651001535,       703.3490985,       703.3490985,       232408.6092,       232408.6092,       11032.22167,        0.01443253187,        -0.04519341196,       98702.74333,         109734.965,            288.234431,            415.1146675,             98957.5907,             133451.0185
          0,           0,         468,      -3.598178873,      -1.173070882,      -1.021406187,      -1.462510392,       3.065521601,    -0.02991615033,    -0.02991615033,      0.5586435982,       684.5478231,       208234.0842,       208234.0842,       2.666229546,       705904.4334,      -94.28657162,       168.3310697,         91.69539299,         0.6360124503,               0.6634053681,       702.6001051,       702.6001051,       232366.8779,       232366.8779,       10850.86983,        0.01474401257,        -0.04466016289,       98691.60718,         109542.477,            288.236348,            414.3637571,             98956.3948,             133410.4831
          0,           0,         469,      -3.629184268,      -1.250455613,      -1.416871953,      -1.565589787,       3.085059009,    -0.02890725215,    -0.02890725215,      0.5614269897,       683.7455267,       208022.5185,       208022.5185,       2.661634914,       705201.5926,      -93.78564249,       167.8843498,         91.25247547,         0.6200935404,               0.6629655593,       701.9005543,       701.9005543,       232280.4016,       232280.4016,       10660.64255,        0.01505351901,        -0.04396077116,       98680.93796,        109341.5805,           288.2385673,             413.661987,            98955.86022,             133324.5414
          0,           0,         470,      -3.313396167,      -1.010331298,     -0.8134544462,      -1.396392102,       3.082019758,    -0.02774137853,    -0.02774137853,      0.5635085162,       683.0158745,       207803.8906,       207803.8906,       2.657325782,       704527.6941,      -92.83760638,       167.2017289,         90.87039409,         0.6115606684,               0.6639829182,       701.2298103,       701.2298103,        232119.222,        232119.222,        10461.8094,        0.01536163767,        -0.04310301621,       98671.04061,          109132.85,           288.2413408,            412.9884695,            98956.33037,             133162.8917
          0,           0,         471,      -3.348529124,      -1.113398522,     -0.9570151471,      -1.483917254,       3.028755126,    -0.02642864877,    -0.02642864877,      0.5648117017,       682.2600137,       207579.4037,       207579.4037,       2.653302723,       703776.0672,      -91.40371145,        166.269741,         90.53924133,         0.6112564544,               0.6664788234,       700.4817017,       700.4817017,       231880.0069,       231880.0069,       10256.98732,        0.01566668732,        -0.04209533609,       98661.20817,        108918.1955,           288.2439398,            412.2377619,             98957.0415,             132922.9654
          0,           0,         472,      -3.383313498,      -1.177120029,     -0.9833975818,      -1.559540735,       3.066244273,    -0.02497421105,    -0.02497421105,      0.5653221192,       681.4600075,       207363.0557,       207363.0557,       2.649448651,       702935.3118,      -89.35177279,       165.1008929,         90.24926371,         0.6235775752,               0.6703920429,       699.6448819,       699.6448819,       231601.4724,       231601.4724,       10058.97073,        0.01596912685,         -0.0409433379,       98652.04247,        108711.0132,           288.2470675,            411.3978144,            98958.58553,             132642.8869
          0,           0,         473,      -3.347347137,      -1.013605809,     -0.8955658891,      -1.455643385,       3.068623311,    -0.02339933955,    -0.02339933955,      0.5650221219,       680.6105871,       207146.6086,       207146.6086,       2.645932732,       701986.4888,      -86.81431726,       163.6600917,         89.98737861,         0.6447276633,               0.6758411377,       698.7005003,       698.7005003,       231250.4014,       231250.4014,       9861.603884,        0.01626710979,        -0.03966644934,       98642.50234,        108504.1062,           288.2497586,            410.4507417,            98959.84741,              132290.554
          0,           0,         474,      -3.411181226,       -1.15332812,      -1.084900645,      -1.528485763,       3.041739284,    -0.02170763511,    -0.02170763511,      0.5640838411,       679.7694875,       206948.9923,       206948.9923,       2.642783367,       701005.9291,      -83.69080184,       161.9783803,         89.74348508,         0.6794529195,                0.682714528,       697.7245307,       697.7245307,       230887.7933,       230887.7933,       9680.583972,        0.01656344111,        -0.03827107621,       98634.20416,        108314.7881,           288.2532785,            409.4712521,            98962.55123,             131925.2421
          0,           0,         475,      -3.445352512,      -1.100752471,     -0.9048495811,      -1.452788188,       3.071370902,    -0.01991751941,    -0.01991751941,      0.5625046097,       678.8217804,       206772.8742,       206772.8742,       2.640294222,       699871.1374,      -80.02684141,       160.0459177,         89.50363313,         0.7281528902,               0.6910572506,       696.5950509,       696.5950509,       230508.4723,       230508.4723,       9519.098696,        0.01685748597,        -0.03677500539,       98626.88778,        108145.9865,           288.2575818,            408.3374691,            98966.37034,              131542.102
          0,           0,         476,      -3.382813564,      -1.085851925,      -1.139798795,       -1.54536862,       3.073485237,    -0.01803985894,    -0.01803985894,      0.5605260883,       677.8310733,       206631.8024,       206631.8024,       2.638731943,       698659.3541,      -75.88616644,       157.8724686,         89.26150901,         0.7915749835,               0.7008921509,       695.3889399,       695.3889399,       230150.5667,       230150.5667,       9391.378399,        0.01714823606,          -0.035188095,         98620.212,        108011.5904,           288.2621902,            407.1267497,            98970.95505,             131179.6117
          0,           0,         477,      -3.360684832,      -1.138897135,      -1.153681864,       -1.53732594,        3.06920186,    -0.01609259591,    -0.01609259591,      0.5583594451,       676.7171356,       206517.0721,       206517.0721,       2.638262373,       697302.5216,      -71.36186027,       155.5026919,         89.01201976,         0.8709351691,                0.712086235,       694.0384587,       694.0384587,       229816.1623,       229816.1623,       9290.382263,        0.01743363511,        -0.03352623102,        98613.3449,        107903.7272,           288.2663531,            405.7721056,            98975.39074,             130840.7716
          0,           0,         478,       -3.33872937,      -0.814930705,     -0.3305491522,     -0.8188914927,       3.059642262,     -0.0140808506,     -0.0140808506,      0.5561250128,       675.7411815,       206428.4929,       206428.4929,       2.638612784,       696081.4312,       -66.4233167,       152.9948595,         88.75287917,          0.973570032,               0.7244370054,       692.8230842,       692.8230842,       229530.9878,       229530.9878,       9216.342623,        0.01771252605,        -0.03179337665,       98606.07513,        107822.4178,            288.269963,            404.5531213,            98979.41843,             130551.5694
          0,           0,         479,      -3.342322535,       -1.06491676,     -0.8534145487,      -1.379206873,       3.133794349,    -0.01201203909,    -0.01201203909,       0.553519307,       675.2313639,       206366.6138,       206366.6138,       2.639162571,       695319.9762,      -60.99625385,       150.3974593,         88.48438437,           1.11164416,               0.7377945147,       692.0651936,       692.0651936,       229280.9259,       229280.9259,       9168.501838,        0.01798518932,        -0.02999722841,         98599.056,        107767.5578,           288.2735679,            403.7916257,            98983.65398,             130297.2719
          0,           0,         480,      -3.354717027,     -0.8007995582,     -0.3316013607,     -0.8243656807,       3.226194609,   -0.009905097694,   -0.009905097694,      0.5509371081,        675.038359,       206321.0047,       206321.0047,       2.640146763,       694886.5381,       -55.2247462,       147.7731158,         88.20593472,          1.291668974,               0.7518829319,       691.6337844,       691.6337844,       229068.3176,       229068.3176,       9136.194442,        0.01825149024,        -0.02815658794,       98592.40513,        107728.5996,           288.2770849,            403.3566995,            98988.22309,             130080.0945
          0,           0,         481,      -3.435257838,     -0.8729649829,     -0.4695162903,     -0.9861235102,       3.386380068,   -0.007771192786,   -0.007771192786,      0.5485458919,       675.5175074,       206296.8032,       206296.8032,       2.641355167,       695155.4122,      -49.14223922,       145.1875546,         87.91689988,          1.530140873,               0.7663463089,       691.9013999,       691.9013999,       228920.9898,       228920.9898,       9125.166976,         0.0185103323,        -0.02628152508,       98585.81813,        107710.9851,             288.28046,            403.6209399,            98992.71453,             129928.2752
          0,           0,         482,      -3.448181329,     -0.8489195866,      -0.566183219,      -1.199695442,       3.291805815,   -0.005633483702,   -0.005633483702,      0.5468221179,       676.0092225,       206295.6585,       206295.6585,       2.643845807,       695480.7123,      -42.89415398,       142.7128154,         87.61990299,           1.84282977,               0.7807663351,       692.2251773,       692.2251773,       228857.1345,       228857.1345,       9134.947407,        0.01876334967,        -0.02439683338,       98580.35555,         107715.303,           288.2845835,            403.9405937,            98998.27066,             129858.8639
          0,           0,         483,      -3.327909163,     -0.5992970675,     -0.2170878351,     -0.7803813285,        3.41486227,   -0.003501755288,   -0.003501755288,      0.5458664646,       676.5365907,        206314.967,        206314.967,       2.647418665,       695891.4222,      -36.50759935,       140.4015568,         87.31605673,          2.261990214,               0.7947702173,       692.6339647,       692.6339647,       228877.2601,       228877.2601,       9160.187484,        0.01901229909,        -0.02251405438,       98577.38978,        107737.5773,           288.2906468,            404.3433179,            99006.29183,             129870.9682
          0,           0,         484,      -3.355511945,     -0.5746894503,     -0.2846074015,     -0.9823704178,        3.40776501,   -0.001382701812,   -0.001382701812,      0.5453333276,       677.7254907,       206358.3328,       206358.3328,       2.650696061,       697010.2041,      -29.93602398,       138.2912326,         87.01163389,          2.848619946,               0.8080557128,       693.7475096,       693.7475096,       228967.9138,       228967.9138,       9206.273703,        0.01925622624,        -0.02063892805,       98576.02956,        107782.3033,           288.2977402,            405.4497694,             99015.8716,             129952.0422
          0,           0,         485,      -3.366951891,     -0.8157371844,     -0.3300253695,     -0.8168392768,       3.564305735,   0.0007054519873,   0.0007054519873,      0.5451558919,       679.3455661,        206424.346,        206424.346,       2.653560305,       698598.3259,       -23.2419059,       136.4153033,         86.71405623,          3.692820603,               0.8203044004,       695.3281974,       695.3281974,       229116.2989,       229116.2989,       9272.323391,         0.0194932063,        -0.01878775431,       98576.01131,        107848.3347,           288.3057562,            407.0224411,            99026.63993,              130089.659
          0,           0,         486,      -2.978434389,     -0.4948291937,     -0.1710424908,     -0.7520634419,       3.559305747,    0.002741182005,    0.002741182005,      0.5449895617,       681.1424851,       206505.2985,       206505.2985,       2.656107175,       700381.7685,      -16.50113949,       134.7856155,          86.4276085,          4.947602127,               0.8313071411,       697.1032917,       697.1032917,       229287.3658,       229287.3658,       9350.971915,        0.01972209335,        -0.01698091135,        98577.1633,        107928.1352,            288.314496,            408.7887957,             99038.3974,             130248.9684
          0,           0,         487,      -2.978075733,     -0.4635273098,     -0.1435827387,     -0.7512836982,       3.567534165,    0.004709358857,    0.004709358857,      0.5451786619,       683.0613616,       206609.4772,       206609.4772,       2.658664533,       702326.2391,      -9.821813266,       133.4219638,         86.15536675,          6.884878482,               0.8407718942,       699.0386603,       699.0386603,       229519.0727,       229519.0727,       9450.331568,        0.01994147156,         -0.0152321127,        98579.5728,        108029.9044,           288.3238155,            410.7148448,            99051.13011,             130467.9426
          0,           0,         488,      -2.737954956,     -0.6124470201,     -0.6511029323,      -1.087100947,       3.575622167,    0.006598525514,    0.006598525514,      0.5448866828,       684.9559606,        206715.275,        206715.275,       2.659831397,       704249.7695,      -3.169144248,       132.3482249,         85.90181224,          10.12651883,                0.848407506,       700.9531867,       700.9531867,       229735.1532,       229735.1532,       9546.619477,        0.02015228102,        -0.01355375551,       98584.32774,        108130.9472,            288.334558,            412.6186287,            99065.94963,             130669.2035
          0,           0,         489,      -2.764290232,     -0.5633417629,     -0.3062469475,     -0.7954914396,       3.574286759,    0.008396361342,    0.008396361342,      0.5444575619,       686.4803582,       206825.6254,       206825.6254,       2.660567206,        705816.395,       3.380934091,       131.5437346,         85.67202843,          16.04767926,               0.8542675734,       702.5124788,       702.5124788,       229957.0848,       229957.0848,       9643.041323,        0.02035302402,        -0.01195666268,       98591.29206,        108234.3334,           288.3468505,            414.1656282,            99082.62177,              130874.463
          0,           0,         490,      -2.803933967,     -0.6283532051,      -0.334290184,     -0.8170846432,       3.582496064,     0.01009837276,     0.01009837276,      0.5446182352,       687.9697522,       206942.9068,       206942.9068,       2.660930613,       707394.5101,       9.736029637,       130.9887297,         85.46593329,          28.32039915,               0.8583819234,       704.0832068,       704.0832068,       230234.0304,       230234.0304,       9741.930404,        0.02054176071,        -0.01044338795,       98600.48821,        108342.4186,           288.3604604,            415.7227464,            99101.08348,             131132.9469
          0,           0,         491,      -2.859100991,     -0.7538980249,     -0.7173318512,      -1.146139358,        3.59432048,     0.01168240734,     0.01168240734,      0.5450441388,        689.615047,       207061.5074,       207061.5074,       2.660329148,       709151.8416,       15.73351114,       130.6253032,         85.28545884,           58.7924113,               0.8611424215,       705.8323123,       705.8323123,       230517.9046,       230517.9046,       9837.108705,        0.02071654111,        -0.00903413377,       98612.19933,         108449.308,           288.3756545,            417.4566577,            99121.52845,             131396.3762
          0,           0,         492,      -2.936497055,     -0.7059235768,     -0.3280278256,     -0.8086750901,       3.601779237,     0.01313423697,     0.01313423697,      0.5455004422,       690.9917165,       207181.4504,       207181.4504,       2.659295746,       710650.2218,        21.3998132,       130.4479416,         85.12977145,          171.1376298,               0.8625190676,       707.3236785,       707.3236785,       230805.2304,       230805.2304,       9928.801604,        0.02087511746,       -0.007740880492,        98626.3244,         108555.126,             288.39229,            418.9313885,            99143.73247,             131661.4979
          0,           0,         493,      -2.997848561,     -0.7202621613,     -0.3461289831,     -0.8151228489,       3.638539184,     0.01444364347,     0.01444364347,      0.5460021303,       691.7561838,       207310.6808,       207310.6808,       2.658345137,        711547.591,        26.6496348,       130.3990409,         85.00033802,          1418.911161,               0.8629466281,       708.2168472,       708.2168472,       231112.5754,       231112.5754,       10026.31808,        0.02101513928,       -0.006571495811,       98642.18134,        108668.4994,           288.4096778,            419.8071694,            99166.88737,              131945.688
          0,           0,         494,      -3.070508602,     -0.5813625908,     -0.3006242749,     -0.9601897059,       3.625895859,     0.01559407285,     0.01559407285,      0.5470368999,       692.1790783,       207449.5252,       207449.5252,       2.657496237,       712133.5573,       31.38432535,       130.4483907,         84.89606242,          2914.121479,               0.8626347984,       708.8000705,       708.8000705,       231468.2861,       231468.2861,       10130.98074,        0.02113503108,       -0.005540958235,       98659.27221,        108790.2529,           288.4272852,            420.3727853,            99190.42402,             132277.8621
          0,           0,         495,      -2.915684507,     -0.5288564882,     -0.2066248795,     -0.8650822163,       3.660574436,     0.01657730851,     0.01657730851,      0.5487826574,        692.185297,       207602.2501,       207602.2501,       2.657366186,       712337.8489,       35.55666511,       130.5614549,         84.81373436,          292.6541963,               0.8618111879,       709.0034059,       709.0034059,       231890.5716,       231890.5716,       10247.49564,        0.02123289654,       -0.004655588031,       98677.37724,        108924.8729,           288.4448124,            420.5585934,            99214.01521,             132676.5564
          0,           0,         496,      -2.978271973,     -0.4334435109,      -0.161496997,      -0.839312895,       3.683210061,     0.01737339526,     0.01737339526,      0.5508736708,       691.8964826,       207757.6724,       207757.6724,       2.657123178,        712266.681,       39.05029497,       130.7326593,         84.75249562,          117.8459087,               0.8604908945,       708.9325711,       708.9325711,       232339.8262,       232339.8262,       10364.94033,        0.02130677542,       -0.003933380151,       98696.36604,        109061.3064,           288.4621171,             420.470454,            99237.42844,             133102.3977
          0,           0,         497,      -3.043669575,     -0.5297541589,     -0.2313189824,      -0.892790804,       3.697832122,     0.01798170664,     0.01798170664,      0.5526022243,       691.5324668,       207922.5824,       207922.5824,       2.655650306,       712108.1867,       41.88165136,       130.9216749,         84.70925102,          69.86011127,               0.8589547839,       708.7748187,       708.7748187,       232778.2786,       232778.2786,       10489.79573,        0.02135477954,       -0.003373072899,       98716.39333,        109206.1891,           288.4792281,            420.2955906,            99260.72762,              133517.551
          0,           0,         498,      -3.102166922,     -0.4655507891,     -0.1887467358,     -0.9014750602,       3.732281417,     0.01835432761,     0.01835432761,      0.5542505206,       690.6734943,       208069.4388,       208069.4388,       2.654526714,       711435.8588,       43.82741208,       131.1100167,         84.68202039,          51.96561067,               0.8573066639,       708.1056379,       708.1056379,       233181.8617,       233181.8617,       10598.47031,        0.02137356964,       -0.003019242031,       98735.48423,        109333.9545,           288.4945354,            419.6111025,            99281.68196,             133900.1798
          0,           0,         499,      -3.163989796,     -0.5206783053,     -0.2177847281,     -0.8715868401,       3.759431174,     0.01857480035,     0.01857480035,      0.5568444045,       689.0920743,       208230.3169,       208230.3169,       2.654633321,       710086.5045,        45.3447469,       131.3484024,         84.66724749,          42.32735965,               0.8551396364,          706.7626,          706.7626,       233676.6787,       233676.6787,       10715.54726,        0.02136748882,       -0.002792688468,        98757.3848,        109472.9321,           288.5110509,            418.2515491,            99304.43936,             134372.2394
