"Time_Iter","Outer_Iter","Inner_Iter",    "rms[Rho]"    ,    "rms[RhoU]"   ,    "rms[RhoV]"   ,    "rms[RhoW]"   ,    "rms[RhoE]"   ,  "Avg_Massflow"  ,  "Avg_Massflow"  ,    "Avg_Mach"    ,    "Avg_Temp"    ,    "Avg_Press"   ,    "Avg_Press"   ,   "Avg_Density"  ,  "Avg_Enthalpy"  ,  "Avg_NormalVel" ,   "Uniformity"   ,"Secondary_Strength","Momentum_Distortion","Secondary_Over_Uniformity",  "Avg_TotalTemp" ,  "Avg_TotalTemp" , "Avg_TotalPress" , "Avg_TotalPress" ,  "Pressure_Drop" ,"Avg_Massflow(INLET)","Avg_Massflow(OUTLET)","Avg_Press(INLET)","Avg_Press(OUTLET)","Avg_TotalTemp(INLET)","Avg_TotalTemp(OUTLET)","Avg_TotalPress(INLET)","Avg_TotalPress(OUTLET)"
          0,           0,           0,      -5.038074881,      -3.162138148,      -3.430911512,      -3.245514697,      0.1534091362,   -0.002475005254,   -0.002475005254,       0.437230143,       581.0924267,       211414.4967,       211414.4967,       2.532678871,       590253.3362,      -12.33520746,       105.1886747,         85.26614896,     -7.634042792e-05,                1.451772095,        587.490369,        587.490369,       220133.1955,       220133.1955,       18246.06839,        0.03308378534,        -0.03555879059,       96584.21416,        114830.2826,           288.3172104,            299.1731585,              97852.582,             122280.6135
          0,           0,           1,      -5.153573402,      -3.032022769,      -2.999358165,      -3.150337565,      0.3053838213,   -0.004053167542,   -0.004053167542,      0.4457698638,       579.9119753,       209812.9714,       209812.9714,       2.519227542,       589325.5096,      -15.85394356,       109.5304103,         85.27530708,     -0.0001310813799,                1.361166151,       586.5668856,       586.5668856,       218807.9857,       218807.9857,        16173.7879,         0.0334429072,        -0.03749607474,       96819.59177,        112993.3797,           288.4726085,             298.094277,            98113.24174,             120694.7439
          0,           0,           2,      -5.232840709,      -3.007841455,      -2.951284446,      -3.137475346,      0.2247720911,   -0.005157574265,   -0.005157574265,      0.4523006357,       578.9932774,         208613.24,         208613.24,       2.509216344,       588602.5121,      -18.43514805,       112.7379735,         85.29449577,     -0.0001382978075,                1.301668277,       585.8472723,       585.8472723,       217819.4161,       217819.4161,       14589.23959,          0.033721531,        -0.03887910527,        97012.0002,        111601.2398,           288.5883103,            297.2589621,            98325.25395,             119494.1622
          0,           0,           3,      -5.283368275,      -3.020799346,      -2.952735551,      -3.140857626,      0.1801372126,   -0.005882790484,   -0.005882790484,      0.4569444652,       578.3338987,       207784.4124,       207784.4124,       2.502366338,       588083.2265,       -20.2057023,        114.963878,         85.32138682,     -0.0001172806415,                1.263869063,       585.3304175,       585.3304175,       217140.3048,       217140.3048,       13456.03187,        0.03392914355,        -0.03981193403,       97164.19027,        110620.2221,           288.6677094,            296.6627081,            98491.97153,             118648.3332
          0,           0,           4,      -5.315297079,      -3.036210237,      -2.961641536,      -3.149402956,      0.1517890458,   -0.006327520351,   -0.006327520351,      0.4599927968,       577.8965822,       207260.6955,       207260.6955,       2.498112076,       587738.1708,      -21.33847034,       116.4015147,         85.35063711,     -8.969254258e-05,                1.240976194,       584.9869771,       584.9869771,       216714.6072,       216714.6072,       12697.59523,        0.03407428843,        -0.04040180879,       97281.55016,        109979.1454,           288.7159058,            296.2710713,            98619.33449,             118095.2727
          0,           0,           5,      -5.327538853,      -3.043858376,      -2.966625065,      -3.154196656,      0.1411600987,   -0.006551902498,   -0.006551902498,      0.4617116705,       577.6395362,       206978.0159,       206978.0159,       2.495905776,       587532.8318,      -21.95892255,       117.2010026,         85.37723114,     -7.159825774e-05,                1.228917961,       584.7825992,       584.7825992,       216486.1222,       216486.1222,       12233.49554,        0.03416777273,        -0.04071967523,        97372.2602,        109605.7557,           288.7402482,            296.0423511,            98716.25894,             117769.8633
          0,           0,           6,      -5.335043111,      -3.052374051,       -2.97304059,      -3.157694859,      0.1350175998,   -0.006616114671,   -0.006616114671,       0.462466015,       577.5178854,        206873.765,        206873.765,       2.495215801,       587433.0343,      -22.20354966,       117.5435651,         85.39852934,     -6.800496691e-05,                1.224225155,       584.6832689,       584.6832689,       216404.0996,       216404.0996,       11983.35981,        0.03422774653,         -0.0408438612,       97445.20259,        109428.5624,            288.749161,            295.9341079,            98792.96055,             117611.1391
          0,           0,           7,      -5.336984973,      -3.057315563,       -2.97753992,      -3.160377226,      0.1336972573,   -0.006589599955,   -0.006589599955,      0.4626132177,        577.481225,       206880.5396,       206880.5396,       2.495467247,       587399.6727,      -22.22471974,       117.6032618,         85.41435314,     -7.418977846e-05,                1.223859742,       584.6500635,       584.6500635,       216413.4941,       216413.4941,        11871.7586,        0.03426287045,        -0.04085247041,       97504.39051,        109376.1491,           288.7465124,            295.9035511,            98854.09154,             117559.4026
          0,           0,           8,      -5.339234431,      -3.060206725,      -2.980453783,      -3.162022371,      0.1320417901,    -0.00651800575,    -0.00651800575,      0.4623858284,       577.4933249,       206950.6698,       206950.6698,       2.496253587,       587403.9741,       -22.1237997,       117.4913159,         85.42573159,     -8.560294822e-05,                 1.22596509,       584.6543447,       584.6543447,       216474.6074,       216474.6074,       11847.44265,        0.03427701787,        -0.04079502362,       97551.61355,        109399.0562,           288.7341082,            295.9202364,            98901.72966,             117572.8778
          0,           0,           9,      -5.342201138,      -3.061685966,      -2.982583481,      -3.162892924,       0.129668385,    -0.00642881086,    -0.00642881086,      0.4619342455,       577.5325795,       207056.2746,       207056.2746,       2.497338963,       587429.1352,      -21.96262095,       117.2787063,         85.43382369,     -9.780842566e-05,                 1.22941939,        584.679388,        584.679388,       216564.7666,       216564.7666,       11878.61378,        0.03427387331,        -0.04070268417,        97588.8304,        109467.4442,           288.7139552,            295.9654328,            98938.10656,             117626.6601
          0,           0,          10,      -5.346318353,      -3.062912931,      -2.984667522,      -3.164183213,      0.1261732269,   -0.006334064217,   -0.006334064217,      0.4613605235,       577.5809394,       207172.1488,       207172.1488,       2.498503913,       587460.1193,      -21.77724252,       117.0116542,         85.43947014,     -0.0001114569594,                1.233535926,       584.7102271,       584.7102271,       216661.5175,       216661.5175,       11934.15025,        0.03425783554,        -0.04059189976,       97618.99927,        109553.1495,           288.6887686,            296.0214585,            98966.50004,             117695.0175
          0,           0,          11,      -5.351457382,      -3.064841007,      -2.987574875,      -3.166195879,      0.1216567954,    -0.00624055298,    -0.00624055298,      0.4607294066,       577.6266076,       207280.1195,       207280.1195,       2.499584608,        587487.037,      -21.59055092,       116.7192191,         85.44328792,     -0.0001304183327,                1.237880254,       584.7370188,       584.7370188,       216748.2909,       216748.2909,        11992.2265,        0.03423162876,        -0.04047218174,       97643.94651,         109636.173,           288.6602347,            296.0767841,             98988.9353,             117759.3556
          0,           0,          12,      -5.357492765,      -3.067761111,      -2.991547849,      -3.169148857,       0.116289035,   -0.006162860143,   -0.006162860143,      0.4601086097,       577.6687137,       207380.7474,       207380.7474,       2.500592291,       587511.3041,      -21.42922131,       116.4348892,         85.44577648,     -0.0001577783956,                1.241929153,       584.7611723,       584.7611723,       216828.8102,       216828.8102,       12050.58434,         0.0341981044,        -0.04036096454,       97665.08154,        109715.6659,           288.6295972,            296.1315752,            99007.03459,             117821.7756
          0,           0,          13,      -5.364452572,      -3.071984078,       -2.99690552,      -3.173281017,      0.1100028256,   -0.006104353666,   -0.006104353666,      0.4595274308,       577.7042484,       207469.9414,       207469.9414,       2.501492035,       587530.7863,      -21.30267854,       116.1720185,         85.44724421,     -0.0001971182821,                1.245479007,       584.7805633,       584.7805633,        216899.937,        216899.937,       12102.65626,        0.03415902845,        -0.04026338211,       97683.64258,        109786.2988,           288.5980074,            296.1825559,            99022.16486,             117877.7722
          0,           0,          14,      -5.372031071,      -3.077635335,      -3.003774862,      -3.178609214,      0.1031006802,   -0.006064834196,   -0.006064834196,       0.459004168,       577.7310795,       207546.6634,       207546.6634,        2.50228164,       587543.7957,      -21.21319532,       115.9377975,         85.44795969,     -0.0002608366695,                1.248445148,       584.7935118,       584.7935118,       216961.1803,       216961.1803,       12144.89129,        0.03411663274,        -0.04018146693,       97700.88605,        109845.7773,           288.5667285,            296.2267834,            99035.74715,             117925.4331
          0,           0,          15,      -5.380334695,      -3.084798005,      -3.012175563,      -3.185048973,     0.09550645409,   -0.006039951659,   -0.006039951659,      0.4585391801,       577.7485197,       207609.1594,       207609.1594,       2.502943392,       587549.5125,      -21.15582242,        115.730824,         85.44802951,     -0.0003604545754,                1.250883456,       584.7992019,       584.7992019,       217010.4663,       217010.4663,       12174.88518,        0.03407243048,        -0.04011238214,       97717.13712,        109892.0223,           288.5361014,            296.2631004,            99048.22203,             117962.2442
          0,           0,          16,      -5.389319171,      -3.093225746,      -3.021993344,       -3.19243318,     0.08725715373,   -0.006026558087,   -0.006026558087,      0.4581259124,       577.7580762,       207658.9548,       207658.9548,         2.5034889,       587549.1632,      -21.12508321,       115.5476059,         85.44777904,     -0.0004935818598,                1.252875041,       584.7988542,       584.7988542,       217048.9617,       217048.9617,       12193.47065,        0.03402721956,        -0.04005377765,       97732.74206,        109926.2127,           288.5063468,            296.2925073,            99059.99354,             117988.9681
          0,           0,          17,      -5.399114306,      -3.102589739,      -3.032871344,      -3.200499173,     0.07822025903,   -0.006021230612,   -0.006021230612,      0.4577539773,       577.7614816,       207698.1969,       207698.1969,       2.503936125,       587544.0845,      -21.11441981,       115.3830117,         85.44746478,      -0.000655113036,                1.254526369,       584.7937993,       584.7937993,       217078.3429,       217078.3429,       12202.10424,         0.0339815701,        -0.04000280072,       97748.04634,        109950.1506,           288.4776488,            296.3161505,            99071.44633,             118006.8966
          0,           0,          18,      -5.410086243,      -3.112602225,      -3.044341077,      -3.209096622,     0.06806233656,   -0.006020606586,   -0.006020606586,      0.4574100608,       577.7602895,       207728.9012,       207728.9012,       2.504302198,         587535.36,      -21.11696785,       115.2304929,         85.44728055,     -0.0008414627991,                1.255961129,       584.7851156,       584.7851156,       217100.0761,       217100.0761,       12202.78269,        0.03393556088,        -0.03995616747,       97763.05926,        109965.8419,           288.4501444,            296.3349712,            99082.59426,             118017.4818
          0,           0,          19,      -5.422535225,      -3.122585812,       -3.05563571,      -3.217908758,     0.05652634395,   -0.006022020395,   -0.006022020395,      0.4570879627,       577.7556968,       207753.5962,       207753.5962,       2.504612044,       587523.9012,       -21.1267553,       115.0867662,         85.44745077,      -0.001045414577,                1.257265537,       584.7737104,       584.7737104,       217116.4286,       217116.4286,       12197.92545,        0.03389010843,        -0.03991212882,       97777.83536,        109975.7608,           288.4239576,            296.3497528,            99093.56048,             118022.8681
          0,           0,          20,      -5.436791784,      -3.131974618,      -3.065951955,      -3.226689596,     0.04332533623,   -0.006022532805,   -0.006022532805,      0.4567778509,       577.7482639,        207773.404,        207773.404,       2.504876576,       587509.8496,      -21.13734332,       114.9475121,         85.44818245,       -0.00124852129,                1.258536598,       584.7597246,       584.7597246,       217127.9832,       217127.9832,       12188.41244,        0.03384581938,        -0.03986835219,       97792.49579,        109980.9082,           288.3989939,            296.3607307,             99104.5098,             118023.4734
          0,           0,          21,      -5.453027055,      -3.140449538,       -3.07462686,      -3.235404626,     0.02833330642,   -0.006019183903,   -0.006019183903,      0.4564705284,       577.7390004,       207789.7109,       207789.7109,       2.505107958,       587493.8542,      -21.14291054,       114.8082472,          85.4495884,      -0.001442851528,                1.259869212,       584.7438041,       584.7438041,       217135.6782,       217135.6782,       12174.95002,        0.03380317972,        -0.03982236362,       97807.38044,        109982.3305,           288.3754551,             296.368349,             99115.8154,             118019.8628
          0,           0,          22,      -5.471339645,      -3.147785185,      -3.081225709,      -3.244145759,     0.01149335099,    -0.00600928527,    -0.00600928527,      0.4561543077,       577.7291436,       207803.8237,       207803.8237,       2.505316361,       587476.7668,      -21.13825071,       114.6631615,         85.45177006,      -0.001627984841,                 1.26136753,       584.7267967,       584.7267967,       217140.3431,       217140.3431,       12158.57817,        0.03376198278,        -0.03977126805,       97822.62275,        109981.2009,           288.3535258,            296.3732709,            99127.59388,             118012.7492
          0,           0,          23,      -5.491576912,      -3.153943745,       -3.08573545,      -3.252966248,   -0.007014628729,   -0.005990614501,   -0.005990614501,      0.4558199035,       577.7191218,       207816.1101,       207816.1101,       2.505504336,       587458.6996,      -21.11924916,       114.5076213,         85.45473459,      -0.001801300439,                 1.26311304,        584.708814,        584.708814,       217141.9217,       217141.9217,       12139.34358,        0.03372204563,        -0.03971266013,       97838.38324,        109977.7268,           288.3333107,            296.3755033,            99139.98995,             118001.9317
          0,           0,          24,      -5.513146096,      -3.159166285,      -3.088482523,      -3.261898224,    -0.02660179757,   -0.005960858859,   -0.005960858859,      0.4554590292,       577.7093604,        207827.103,        207827.103,       2.505676376,       587439.7921,      -21.08180062,       114.3372016,         85.45841046,      -0.001963747904,                1.265185417,        584.689995,        584.689995,        217140.574,        217140.574,       12117.62648,        0.03368328449,        -0.03964414335,       97854.73824,        109972.3647,           288.3148246,            296.3751705,            99153.07233,             117987.5016
          0,           0,          25,      -5.535085656,      -3.163854128,      -3.090115506,       -3.27095073,    -0.04637403341,   -0.005920328613,   -0.005920328613,       0.455068416,       577.6997625,       207836.8366,       207836.8366,        2.50583324,       587419.8508,      -21.02555735,        114.150803,         85.46267751,      -0.002108503815,                1.267596099,       584.6701471,       584.6701471,       217136.2209,       217136.2209,       12093.88418,        0.03364528094,        -0.03956560955,       97871.47621,        109965.3604,           288.2978569,            296.3722902,            99166.60001,             117969.6209
          0,           0,          26,      -5.556118717,      -3.168534682,      -3.091471076,      -3.280001984,    -0.06519741039,   -0.005868698293,   -0.005868698293,      0.4546457405,       577.6904682,       207845.5731,       207845.5731,       2.505977374,       587398.9382,      -20.94949162,       113.9473673,          85.4673372,      -0.002232392515,                 1.27036272,       584.6493324,       584.6493324,       217129.0358,       217129.0358,       12068.61333,        0.03360795425,        -0.03947665255,       97888.47989,        109957.0932,           288.2822862,            296.3670462,            99180.45065,             117948.5852
          0,           0,          27,      -5.574775637,      -3.173532802,      -3.093272441,      -3.288824848,     -0.0818079767,   -0.005806235372,   -0.005806235372,      0.4541901289,       577.6816404,       207853.6201,       207853.6201,       2.506111604,       587377.1995,      -20.85352123,       113.7266187,         85.47224485,      -0.002333546911,                 1.27348908,       584.6276955,       584.6276955,       217119.3285,       217119.3285,       12042.63896,        0.03357114273,         -0.0393773781,       97905.49057,        109948.1295,           288.2678859,            296.3598095,            99194.35595,             117924.9725
          0,           0,          28,      -5.589819793,      -3.179044271,      -3.096008779,      -3.297156432,    -0.09518957981,   -0.005733084865,   -0.005733084865,      0.4537017857,        577.673354,       207861.1179,       207861.1179,       2.506237179,       587354.7257,      -20.73769645,       113.4885638,         85.47724416,      -0.002412654926,                1.276976242,       584.6053268,       584.6053268,       217107.2767,       217107.2767,       12016.46843,        0.03353478715,        -0.03926787202,       97922.32472,        109938.7931,           288.2544966,            296.3508303,            99208.13025,             117899.1464
          0,           0,          29,      -5.600637594,      -3.184931051,      -3.099805851,      -3.304770103,      -0.104882214,   -0.005649532935,   -0.005649532935,      0.4531816408,       577.6655322,       207868.0069,       207868.0069,       2.506353667,       587331.4832,      -20.60252576,       113.2335199,         85.48218812,      -0.002471681175,                1.280819304,       584.5821931,       584.5821931,       217092.8849,       217092.8849,       11990.29944,        0.03349880666,        -0.03914833959,       97938.85373,        109929.1532,           288.2420054,            296.3401878,            99221.64041,             117871.2444
          0,           0,          30,      -5.607439589,      -3.190773993,      -3.104453845,      -3.311380478,     -0.1111102504,   -0.005555905781,   -0.005555905781,      0.4526305247,         577.65818,       207874.3461,       207874.3461,       2.506461709,       587307.5228,      -20.44862289,       112.9617638,         85.48693428,      -0.002513184471,                1.285013561,       584.5583449,       584.5583449,        217076.283,        217076.283,       11964.33372,        0.03346309283,        -0.03901899861,       97955.00617,        109919.3399,           288.2303383,            296.3280067,            99234.80744,             117841.4755
          0,           0,          31,      -5.611275125,      -3.195977033,      -3.109502458,      -3.316690051,     -0.1147834976,   -0.005452360614,   -0.005452360614,      0.4520485949,       577.6512925,       207880.0566,       207880.0566,       2.506560355,       587282.8638,      -20.27639429,       112.6732332,         85.49137676,      -0.002539792151,                1.289560816,       584.5338013,       584.5338013,       217057.4237,       217057.4237,       11938.59918,         0.0334274932,        -0.03887985381,        97970.7287,        109909.3279,           288.2194495,            296.3143518,            99247.56704,             117809.8566
          0,           0,          32,      -5.613552308,      -3.199909015,      -3.114386345,      -3.320523701,     -0.1170988344,   -0.005339312952,   -0.005339312952,      0.4514363466,       577.6450029,       207885.3735,       207885.3735,       2.506651798,        587257.681,      -20.08652378,        112.368111,         85.49543394,      -0.002553740265,                1.294458787,       584.5087364,       584.5087364,       217036.6149,       217036.6149,       11913.39934,        0.03339184631,        -0.03873115926,       97985.98708,        109899.3864,            288.209296,            296.2994404,            99259.87295,              117776.742
          0,           0,          33,      -5.615603833,      -3.202181088,      -3.118606705,       -3.32285379,     -0.1191858751,   -0.005217391252,   -0.005217391252,      0.4507951374,       577.6395154,       207890.6385,       207890.6385,       2.506739196,       587232.2494,      -19.88003536,       112.0470542,         85.49902259,      -0.002556884884,                1.299697491,       584.4834239,       584.4834239,       217014.3154,       217014.3154,       11889.09362,        0.03335604484,         -0.0385734361,       98000.77245,        109889.8661,           288.1998486,            296.2835752,            99271.70794,             117742.6074
          0,           0,          34,      -5.618344785,      -3.202736238,      -3.121827074,      -3.323837717,     -0.1218234525,   -0.005087162194,   -0.005087162194,      0.4501260969,       577.6349225,       207895.9738,       207895.9738,       2.506823573,       587206.7235,      -19.65790563,       111.7106228,         85.50208061,      -0.002550445949,                1.305268771,       584.4580174,       584.4580174,       216990.7394,       216990.7394,       11865.83575,        0.03331995607,        -0.03840711826,       98015.06904,        109880.9048,           288.1910575,            296.2669599,            99283.04592,             117707.6935
          0,           0,          35,      -5.622241571,      -3.201870222,      -3.123964692,      -3.323716501,     -0.1254142093,    -0.00494930146,    -0.00494930146,      0.4494304445,       577.6312122,       207901.3879,       207901.3879,       2.506905036,       587181.1579,      -19.42129814,       111.3594501,         85.50456071,        -0.0025355252,                1.311162276,       584.4325715,       584.4325715,       216965.9916,       216965.9916,       11843.73606,         0.0332833986,        -0.03823270006,       98028.82594,         109872.562,           288.1827998,            296.2497717,            99293.82238,             117672.1692
          0,           0,          36,      -5.627397935,      -3.200208207,      -3.125143842,      -3.322756898,     -0.1300439273,     -0.0048044526,     -0.0048044526,      0.4487099695,       577.6283276,       207906.8632,       207906.8632,       2.506983599,       587155.5751,        -19.171391,       110.9944042,         85.50643738,      -0.002513224254,                1.317365611,       584.4071084,       584.4071084,       216940.1653,       216940.1653,       11822.79081,        0.03324628329,        -0.03805073589,       98042.03618,         109864.827,           288.1749933,            296.2321151,            99304.02327,              117636.142
          0,           0,          37,      -5.633535181,      -3.198539559,      -3.125666771,      -3.321278196,     -0.1354713741,   -0.004653256714,   -0.004653256714,      0.4479666119,       577.6260385,       207912.1709,       207912.1709,       2.507057528,       587129.8267,      -18.90941088,       110.6163873,         85.50771904,      -0.002484567605,                1.323866073,       584.3814806,       584.3814806,       216913.1376,       216913.1376,       11802.82745,        0.03320850783,        -0.03786176454,        98054.6717,        109857.4992,           288.1675472,            296.2139334,            99313.61281,             117599.5248
          0,           0,          38,      -5.640219244,       -3.19771801,       -3.12591079,      -3.319641705,     -0.1413267794,   -0.004495865668,   -0.004495865668,      0.4472009514,       577.6243886,       207917.4494,       207917.4494,       2.507128284,       587103.9775,      -18.63551918,       110.2256966,         85.50840961,      -0.002448079762,                  1.3306669,       584.3557524,       584.3557524,       216885.0853,       216885.0853,       11783.90242,        0.03317012635,        -0.03766599202,        98066.7735,        109850.6759,           288.1604547,            296.1952977,            99322.63509,             117562.4502
          0,           0,          39,      -5.646836656,      -3.198528256,         -3.126272,      -3.318190292,     -0.1470931732,   -0.004332717945,   -0.004332717945,      0.4464152951,       577.6232177,       207922.5171,       207922.5171,       2.507194417,       587077.9551,      -18.35073517,       109.8232774,         85.50854619,      -0.002406046555,                1.337757978,       584.3298518,       584.3298518,       216855.9383,       216855.9383,       11765.78761,        0.03313115066,         -0.0374638686,       98078.36473,        109844.1523,           288.1537147,            296.1761371,            99331.11389,             117524.8244
          0,           0,          40,      -5.652649715,      -3.201566302,      -3.127093256,      -3.317228962,     -0.1521559996,   -0.004164475352,   -0.004164475352,      0.4456112347,       577.6223527,       207927.1602,       207927.1602,       2.507254125,        587051.658,      -18.05630776,         109.40991,         85.50821618,      -0.002360160794,                1.345129068,       584.3036778,       584.3036778,       216825.5771,       216825.5771,       11748.36567,        0.03309142096,        -0.03725589631,       98089.39727,        109837.7629,           288.1472677,            296.1564101,            99338.98966,             117486.5874
          0,           0,          41,      -5.657022955,      -3.207313114,      -3.128646409,      -3.316979752,     -0.1559902473,   -0.003991432186,   -0.003991432186,      0.4447905273,        577.621967,       207931.6566,       207931.6566,       2.507309977,       587025.3275,      -17.75285135,       108.9863417,         85.50747751,      -0.002312005622,                1.352775972,       584.2774706,       584.2774706,       216794.3813,       216794.3813,       11731.75899,        0.03305103387,        -0.03704246606,       98099.94882,        109831.7078,           288.1411514,            296.1363191,            99346.34616,             117448.0352
          0,           0,          42,       -5.65948034,      -3.216103687,      -3.131128426,        -3.3175825,     -0.1582000437,   -0.003814643051,   -0.003814643051,      0.4439569357,       577.6218638,       207935.7915,       207935.7915,       2.507360299,       586998.8987,       -17.4423502,       108.5545628,         85.50640075,      -0.002262069493,                1.360666165,       584.2511655,       584.2511655,       216762.3093,       216762.3093,       11715.66137,        0.03301001714,        -0.03682466019,       98110.06506,        109825.7264,           288.1353804,             296.115785,            99353.23036,             117409.0789
          0,           0,          43,      -5.659807843,      -3.228093398,      -3.134665284,      -3.319088993,     -0.1586047714,   -0.003634587391,   -0.003634587391,      0.4431116611,       577.6224075,       207940.0606,       207940.0606,        2.50740939,       586972.7969,      -17.12551396,       108.1151641,         85.50505548,      -0.002211457314,                1.368794742,       584.2251858,       584.2251858,       216729.9602,       216729.9602,       11700.53336,        0.03296834973,        -0.03660293712,       98119.76363,         109820.297,           288.1299512,            296.0952346,            99359.65806,             117370.3021
          0,           0,          44,      -5.658070758,      -3.243330468,      -3.139296739,      -3.321508604,     -0.1572474914,   -0.003451689412,   -0.003451689412,      0.4422550406,       577.6241152,       207945.1674,       207945.1674,       2.507463333,        586947.568,      -16.80280624,       107.6684822,         85.50350529,      -0.002160495039,                1.377161642,       584.2000751,       584.2000751,       216698.1088,       216698.1088,       11687.07009,        0.03292599646,        -0.03637768588,       98129.04865,        109816.1187,           288.1248473,            296.0752277,            99365.63046,             117332.4783
          0,           0,          45,      -5.654600061,      -3.261766874,      -3.145003817,      -3.324795193,     -0.1543944354,   -0.003266497962,   -0.003266497962,      0.4413883575,       577.6274932,       207951.8084,       207951.8084,       2.507528192,       586923.7763,      -16.47496908,       107.2153052,         85.50179683,      -0.002109621546,                1.385758276,       584.1763947,       584.1763947,       216667.5603,       216667.5603,       11675.90571,        0.03288299449,        -0.03614949245,       98137.95134,        109813.8571,           288.1200725,            296.0563222,            99371.18092,             117296.3794
          0,           0,          46,      -5.649860377,      -3.283112622,      -3.151669058,      -3.328840059,     -0.1504220332,    -0.00308008862,    -0.00308008862,      0.4405147221,       577.6327701,       207960.3067,       207960.3067,       2.507606801,       586901.7701,      -16.14384834,       106.7573883,         85.49997338,      -0.002060563396,                1.394552516,       584.1544915,       584.1544915,       216638.8158,       216638.8158,       11667.35084,        0.03283933703,        -0.03591942565,       98146.47792,        109813.8288,           288.1156147,            296.0388768,            99376.31501,             117262.5008
          0,           0,          47,      -5.644476536,       -3.30693926,      -3.159110073,      -3.333475881,     -0.1458496368,   -0.002894866708,   -0.002894866708,      0.4396421343,       577.6393578,       207969.9088,       207969.9088,       2.507692782,       586881.2359,       -15.8139949,       106.2991595,         85.49806915,      -0.002015233395,                 1.40344901,       584.1340535,       584.1340535,        216611.467,        216611.467,       11660.65538,        0.03279500502,        -0.03568987173,       98154.62673,        109815.2821,           288.1114541,            296.0225994,             99381.0296,             117230.4374
          0,           0,          48,      -5.639014795,      -3.332519078,      -3.167102558,      -3.338461904,     -0.1411480384,   -0.002711531217,   -0.002711531217,      0.4387717056,       577.6479527,       207981.5894,       207981.5894,       2.507794658,       586862.9212,      -15.48627093,       105.8415256,         85.49610877,      -0.001973891846,                1.412429762,       584.1158245,       584.1158245,       216586.6002,       216586.6002,       11656.75325,         0.0327500288,        -0.03546156002,       98162.41808,        109819.1713,           288.1075795,             296.008245,            99385.34685,             117201.2534
          0,           0,          49,      -5.634034284,      -3.358872127,      -3.175391604,      -3.343506263,     -0.1367943361,   -0.002532111873,   -0.002532111873,      0.4379098334,       577.6583486,       207995.1138,       207995.1138,       2.507910545,        586846.842,      -15.16437548,       105.3881468,         85.49409918,      -0.001938245239,                1.421410531,       584.0998206,       584.0998206,       216564.2739,       216564.2739,       11655.40217,        0.03270441788,        -0.03523652976,       98169.85583,         109825.258,           288.1039694,            295.9958512,            99389.27132,             117175.0026
          0,           0,          50,      -5.629961393,      -3.384678389,      -3.183724604,      -3.348282913,     -0.1331632377,   -0.002358998294,   -0.002358998294,      0.4370640943,       577.6700821,       208009.9049,       208009.9049,       2.508035618,       586832.7858,      -14.85271847,       104.9434715,         85.49206886,      -0.001909230244,                1.430284965,       584.0858301,       584.0858301,       216544.2309,       216544.2309,       11655.97631,        0.03265820586,        -0.03501720415,       98176.96429,        109832.9406,            288.100619,            295.9852111,            99392.82965,             117151.4012
          0,           0,          51,      -5.627094828,       -3.40834741,      -3.191862594,      -3.352438617,     -0.1305245892,    -0.00219401998,    -0.00219401998,      0.4362392371,       577.6831497,       208026.0082,       208026.0082,       2.508170432,        586820.907,      -14.55440107,       104.5106418,         85.49001726,      -0.001886560164,                1.438971836,        584.074007,        584.074007,       216526.7378,       216526.7378,       11658.48151,        0.03261141048,        -0.03480543046,       98183.76335,        109842.2449,           288.0975217,            295.9764852,            99396.04309,             117130.6947
          0,           0,          52,      -5.625597372,      -3.428184224,      -3.199598295,      -3.355669272,     -0.1290304901,   -0.002038550641,   -0.002038550641,      0.4354387146,       577.6977028,       208043.6562,       208043.6562,       2.508317084,       586811.4762,      -14.27171847,       104.0919652,         85.48795767,      -0.001870604593,                1.447406636,       584.0646202,       584.0646202,       216512.2002,       216512.2002,       11663.11031,        0.03256404685,        -0.03460259749,       98190.27297,        109853.3833,           288.0946704,            295.9699498,            99398.93266,             117113.2675
          0,           0,          53,      -5.625515696,      -3.442794959,      -3.206816519,      -3.357725475,     -0.1287324986,   -0.001894406707,   -0.001894406707,      0.4346687715,       577.7133809,       208062.3926,       208062.3926,       2.508471745,       586804.3387,      -14.00824578,       103.6909992,          85.4858908,      -0.001865309836,                1.455492288,       584.0575162,       584.0575162,       216500.4224,       216500.4224,       11669.33276,         0.0325161623,        -0.03441056901,       98196.52993,        109865.8627,           288.0920749,            295.9654413,             99401.5384,              117098.884
          0,           0,          54,      -5.626746001,      -3.451365028,       -3.21348365,      -3.358446015,     -0.1295493493,   -0.001762796559,   -0.001762796559,       0.433932897,       577.7301097,       208082.1444,       208082.1444,       2.508633878,       586799.5334,      -13.76622854,       103.3099806,         85.48381385,      -0.001872918383,                1.463160333,       584.0527334,       584.0527334,       216491.4837,       216491.4837,       11677.01677,        0.03246778478,        -0.03423058134,       98202.56379,        109879.5806,           288.0897428,            295.9629906,            99403.89182,             117087.5919
          0,           0,          55,      -5.629088012,      -3.453975334,      -3.219647963,      -3.357820761,     -0.1313172455,   -0.001645459347,   -0.001645459347,      0.4332373095,       577.7471763,       208101.9854,       208101.9854,       2.508795612,       586796.5473,      -13.54927618,       102.9523894,         85.48173555,      -0.001898021899,                1.470308814,       584.0497613,       584.0497613,        216484.693,        216484.693,       11685.20273,        0.03241891979,        -0.03406437913,       98208.39135,        109893.5941,           288.0876663,            295.9620949,            99406.01025,             117078.6828
          0,           0,          56,      -5.632273124,      -3.451500957,      -3.225428288,      -3.355937231,     -0.1338101788,   -0.001543297207,   -0.001543297207,      0.4325855191,        577.764241,       208121.4948,       208121.4948,       2.508953454,       586795.1493,       -13.3593598,       102.6202165,         85.47963769,      -0.001944661545,                1.476872034,       584.0483698,       584.0483698,       216479.7591,       216479.7591,       11693.38373,        0.03236962611,        -0.03391292332,       98214.05555,        109907.4393,           288.0858622,            295.9625077,            99407.94091,             117071.8182
          0,           0,          57,      -5.635982379,      -3.445299702,      -3.230972448,      -3.352959797,      -0.136760091,   -0.001456187619,   -0.001456187619,      0.4319767051,       577.7814852,       208140.9191,       208140.9191,       2.509109534,       586795.4908,      -13.19628892,       102.3131885,         85.47751301,      -0.002015224474,                1.482839736,       584.0487097,       584.0487097,       216476.8998,       216476.8998,       11701.78624,        0.03231989849,        -0.03377608611,       98219.56644,        109921.3527,           288.0843254,            295.9643844,            99409.69364,             117067.2062
          0,           0,          58,      -5.639874242,      -3.436800754,      -3.236435416,      -3.349127987,     -0.1398810388,     -0.0013844275,     -0.0013844275,      0.4314123907,       577.7986506,       208159.8976,       208159.8976,       2.509260701,        586797.356,      -13.06090844,       102.0321395,         85.47536014,      -0.002112726954,                1.488176027,       584.0505662,       584.0505662,       216475.7967,       216475.7967,       11709.98991,        0.03226977305,        -0.03365420055,       98224.95384,        109934.9437,           288.0830561,            295.9675101,            99411.30069,              117064.496
          0,           0,          59,      -5.643640073,      -3.427265868,      -3.241933441,      -3.344736094,     -0.1429162417,   -0.001328428861,   -0.001328428861,      0.4308940444,       577.8154386,       208178.0256,       208178.0256,       2.509403452,       586800.4937,      -12.95426096,       101.7778824,         85.47317513,      -0.002240998097,                1.492843857,       584.0536892,       584.0536892,       216476.0926,       216476.0926,         11717.616,        0.03221920116,        -0.03354763002,        98230.2048,        109947.8208,           288.0820258,            295.9716634,            99412.74603,             117063.3466
          0,           0,          60,      -5.647037156,      -3.417626634,       -3.24754624,      -3.340064258,     -0.1456659918,    -0.00128799488,    -0.00128799488,      0.4304219094,       577.8317134,       208195.1282,       208195.1282,       2.509536304,       586804.7743,      -12.87634028,       101.5503184,         85.47095944,      -0.002404419397,                 1.49683304,       584.0579498,       584.0579498,       216477.6136,       216477.6136,       11724.45288,         0.0321682003,        -0.03345619518,       98235.33766,        109959.7905,            288.081217,            295.9767327,            99414.04934,             117063.5642
          0,           0,          61,      -5.649911227,      -3.408451791,      -3.253295892,      -3.335389861,     -0.1480039916,    -0.00126273975,    -0.00126273975,      0.4299952759,       577.8473395,       208211.0472,       208211.0472,       2.509657967,       586810.0371,       -12.8267041,        101.348874,         85.46870752,      -0.002606117317,                1.500146554,       584.0631879,       584.0631879,       216480.1609,       216480.1609,       11730.33703,        0.03211675462,        -0.03337949437,       98240.35509,        109970.6921,           288.0806114,            295.9825766,            99415.21251,             117064.9484
          0,           0,          62,      -5.652232066,      -3.400024001,      -3.259124345,       -3.33090653,     -0.1499026804,   -0.001251945139,   -0.001251945139,      0.4296126699,       577.8623285,       208225.8335,       208225.8335,          2.509769,       586816.2442,      -12.80433285,       101.1724447,         85.46641943,      -0.002849936406,                1.502804366,        584.069366,        584.069366,       216483.7201,       216483.7201,         11735.289,        0.03206487654,        -0.03331682168,       98245.27224,        109980.5612,           288.0801988,            295.9891672,            99416.25184,             117067.4683
          0,           0,          63,      -5.654080236,      -3.392405874,      -3.264922002,      -3.326776351,     -0.1514241223,   -0.001254804056,   -0.001254804056,      0.4292719201,       577.8767155,        208239.511,        208239.511,       2.509869527,       586823.3602,      -12.80795292,       101.0196043,         85.46411491,      -0.003138068988,                1.504835991,       584.0764487,       584.0764487,       216488.2194,       216488.2194,       11739.33891,         0.0320125324,        -0.03326733646,       98250.08603,        109989.4249,           288.0799648,            295.9964839,            99417.16221,             117071.0572
          0,           0,          64,      -5.655619626,      -3.385479025,       -3.27053452,      -3.323115463,     -0.1526982483,   -0.001270484769,   -0.001270484769,      0.4289710534,       577.8904982,       208252.0916,       208252.0916,       2.509959697,       586831.3201,       -12.8362929,       100.8889233,         85.46182746,      -0.003473312423,                1.506273445,       584.0843713,       584.0843713,       216493.5852,       216493.5852,        11742.4975,        0.03195969494,        -0.03323017971,       98254.79707,        109997.2946,           288.0798945,            296.0044768,            99417.94257,             117075.6427
          0,           0,          65,      -5.657061924,      -3.379019782,      -3.275794594,      -3.319992964,     -0.1538934412,   -0.001297986226,   -0.001297986226,       0.428707839,       577.9037004,       208263.6294,       208263.6294,       2.510040051,       586840.0745,      -12.88779394,       100.7787712,         85.45957459,      -0.003858249642,                1.507156565,       584.0930847,       584.0930847,       216499.7728,       216499.7728,        11744.7806,        0.03190637246,        -0.03320435869,       98259.42439,         110004.205,           288.0799873,            296.0130974,            99418.61264,             117081.1601
          0,           0,          66,      -5.658662887,      -3.372755125,      -3.280545658,      -3.317445523,     -0.1552154389,   -0.001336202513,   -0.001336202513,      0.4284797332,       577.9164273,       208274.2797,       208274.2797,       2.510111982,       586849.6474,      -12.96072462,       100.6873146,         85.45738045,      -0.004296133863,                1.507532092,       584.1026128,       584.1026128,       216506.8325,       216506.8325,       11746.30483,         0.0318525699,        -0.03318877242,       98263.98746,        110010.2923,           288.0802431,            296.0223697,            99419.19234,             117087.6401
          0,           0,          67,      -5.660681535,      -3.366430314,      -3.284679973,      -3.315471228,     -0.1568723307,   -0.001383873601,   -0.001383873601,      0.4282849917,       577.9288356,       208284.2776,       208284.2776,        2.51017763,       586860.1284,      -13.05315396,       100.6130591,         85.45527004,      -0.004789108337,                1.507445753,       584.1130447,       584.1130447,       216514.9096,       216514.9096,       11747.05088,        0.03179850615,        -0.03318237975,       98268.61336,        110015.6642,           288.0807251,            296.0323196,            99419.82363,              117095.086
          0,           0,          68,      -5.663317145,      -3.359820899,      -3.288138542,      -3.314034343,     -0.1590233082,   -0.001440176057,   -0.001440176057,      0.4281199202,       577.9410918,       208293.8341,       208293.8341,       2.510238719,       586871.5847,      -13.16363475,       100.5537885,         85.45326945,      -0.005340246748,                1.506947856,       584.1244474,       584.1244474,       216524.0951,       216524.0951,       11747.44399,        0.03174391491,        -0.03318409096,       98273.19506,         110020.639,           288.0813248,            296.0431226,             99420.3811,              117103.714
          0,           0,          69,      -5.666734185,      -3.352792138,      -3.290966373,      -3.313089148,      -0.161797931,   -0.001504446489,   -0.001504446489,      0.4279835858,       577.9532102,        208302.945,        208302.945,       2.510295144,        586884.006,      -13.29130164,       100.5085253,         85.45139937,      -0.005953466542,                1.506065479,       584.1368105,       584.1368105,       216534.3492,       216534.3492,       11747.43228,        0.03168880456,        -0.03319325105,       98277.75635,        110025.1886,           288.0820622,            296.0547484,            99420.88946,             117113.4598
          0,           0,          70,      -5.671023582,      -3.345299075,      -3.293289418,      -3.312565194,     -0.1652647348,   -0.001576150934,   -0.001576150934,      0.4278737588,       577.9652488,       208311.6715,       208311.6715,       2.510347349,       586897.3989,      -13.43535554,       100.4757651,         85.44968734,      -0.006633036423,                1.504832635,       584.1501407,       584.1501407,       216545.6705,       216545.6705,       11747.23427,        0.03163294768,        -0.03320909861,       98282.21862,        110029.4529,           288.0828791,            296.0672617,            99421.25486,             117124.4157
          0,           0,          71,       -5.67621044,       -3.33736553,      -3.295300929,      -3.312397929,     -0.1694381939,   -0.001654691969,   -0.001654691969,      0.4277894966,       577.9772612,       208320.0927,       208320.0927,       2.510396042,       586911.7941,      -13.59505636,       100.4545799,         85.44815265,      -0.007383541022,                1.503275282,       584.1644686,       584.1644686,       216558.1098,       216558.1098,       11746.88171,        0.03157633619,        -0.03323102816,       98286.60551,        110033.4872,           288.0837806,             296.080688,             99421.5006,             117136.6092
          0,           0,          72,      -5.682253951,      -3.329091623,       -3.29723136,      -3.312523238,     -0.1742794015,   -0.001739552337,   -0.001739552337,      0.4277294353,       577.9893566,       208328.3717,       208328.3717,        2.51044267,       586927.2711,      -13.76975959,        100.443892,         85.44682609,      -0.008210193267,                1.501420916,       584.1798731,       584.1798731,       216571.7989,       216571.7989,       11746.57008,        0.03151887352,        -0.03325842585,       98290.90082,        110037.4709,           288.0847319,            296.0951412,            99421.60401,             117150.1949
          0,           0,          73,      -5.689033903,      -3.320633995,      -3.299343723,      -3.312881435,     -0.1796833321,   -0.001830301274,   -0.001830301274,      0.4276942253,       578.0015718,       208336.5755,       208336.5755,       2.510487902,       586943.8909,      -13.95919312,       100.4435146,          85.4457566,      -0.009118684066,                1.499281284,       584.1964151,       584.1964151,       216586.8371,       216586.8371,       11746.18548,        0.03146068454,        -0.03329098581,       98295.19499,        110041.3805,           288.0857922,            296.1106229,            99421.66397,             117165.1731
          0,           0,          74,      -5.696416281,      -3.312142786,      -3.301903381,      -3.313427504,     -0.1855374969,   -0.001926520734,   -0.001926520734,      0.4276836087,       578.0139597,       208344.8095,       208344.8095,       2.510532765,       586961.7086,      -14.16304794,       100.4528809,         85.44498396,       -0.01011509368,                1.496873838,       584.2141494,       584.2141494,       216603.3376,       216603.3376,       11745.75825,        0.03140176547,         -0.0333282862,       98299.52563,        110045.2839,           288.0869508,            296.1271986,            99421.71758,             117181.6201
          0,           0,          75,      -5.704197085,      -3.303760651,      -3.305124412,      -3.314143419,     -0.1916749888,   -0.002028150526,   -0.002028150526,      0.4276975574,       578.0265318,       208353.0633,       208353.0633,       2.510577075,       586980.7561,       -14.3815876,       100.4716531,          85.4445482,       -0.01120561183,                1.494205934,       584.2331078,       584.2331078,       216621.3202,       216621.3202,       11745.33506,        0.03134196992,        -0.03337012045,       98303.86412,        110049.1992,           288.0881924,            296.1449154,            99421.72629,             117199.5939
          0,           0,          76,      -5.712163211,      -3.295623614,      -3.309190957,      -3.315018498,     -0.1979258488,   -0.002134890924,   -0.002134890924,      0.4277361674,        578.039447,        208361.566,        208361.566,       2.510622874,       587001.2073,      -14.61468984,       100.4995008,         85.44447252,       -0.01239632865,                1.491289646,       584.2534632,       584.2534632,       216641.0432,       216641.0432,       11745.04725,        0.03128131571,        -0.03341620664,       98308.25937,        110053.3066,           288.0895404,            296.1639228,            99421.74022,              117219.303
          0,           0,          77,      -5.720106214,      -3.287854709,      -3.314222101,       -3.31606197,      -0.204126662,   -0.002246977764,   -0.002246977764,      0.4277997907,       578.0526207,       208370.2245,       208370.2245,       2.510669396,       587023.0141,      -14.86311375,       100.5364085,         85.44478181,       -0.01369295275,                1.488121847,        584.275168,        584.275168,       216662.4654,       216662.4654,       11744.93406,         0.0312195894,        -0.03346656717,       98312.64523,        110057.5793,           288.0909161,            296.1842519,            99421.67875,             117240.7866
          0,           0,          78,      -5.727818575,      -3.280532343,      -3.320279184,      -3.317297141,     -0.2101192444,    -0.00236444489,    -0.00236444489,      0.4278890082,       578.0661126,       208379.1136,       208379.1136,       2.510717275,       587046.2707,      -15.12726659,       100.5824302,         85.44549298,       -0.01510036306,                1.484702886,       584.2983158,       584.2983158,       216685.7126,       216685.7126,       11745.04904,        0.03115673623,        -0.03352118112,       98317.03227,        110062.0813,           288.0923334,            296.2059823,            99421.54919,             117264.1634
          0,           0,          79,      -5.735130336,      -3.273693942,       -3.32735951,       -3.31875567,     -0.2157797201,   -0.002487373569,   -0.002487373569,      0.4280049237,       578.0799108,       208388.2515,       208388.2515,       2.510766795,       587071.0109,      -15.40766931,       100.6379214,         85.44661563,       -0.01662251402,                1.481027776,       584.3229401,       584.3229401,       216710.8659,       216710.8659,       11745.33158,        0.03109277308,        -0.03358014665,       98321.45996,        110066.7915,           288.0938007,            296.2291395,            99421.39255,             117289.4734
          0,           0,          80,       -5.74192843,      -3.267373356,        -3.3353925,       -3.32048591,     -0.2210287715,   -0.002615901686,   -0.002615901686,      0.4281481792,       578.0940551,       208397.6653,       208397.6653,       2.510818112,       587097.3093,      -15.70482373,       100.7030814,         85.44816122,       -0.01826214195,                1.477093877,       584.3491155,       584.3491155,       216738.0025,       216738.0025,       11745.80226,        0.03102764349,        -0.03364354517,       98325.93154,        110071.7338,           288.0953404,            296.2537751,            99421.20892,             117316.7936
          0,           0,          81,      -5.748155667,      -3.261573566,      -3.344245021,      -3.322530575,     -0.2258285914,   -0.002749968287,   -0.002749968287,      0.4283203882,       578.1085881,       208407.4543,       208407.4543,        2.51087226,       587125.2578,      -16.01898799,       100.7785231,         85.45014504,       -0.02002052334,                1.472896486,       584.3769331,       584.3769331,       216767.2878,       216767.2878,       11746.31515,        0.03096155515,        -0.03371152344,       98330.56958,        110076.8847,           288.0970181,            296.2799149,             99421.1348,              117346.153
          0,           0,          82,      -5.753798341,      -3.256301175,      -3.353734589,      -3.324931359,     -0.2301746046,   -0.002889554022,   -0.002889554022,      0.4285231817,       578.1235577,       208417.7298,       208417.7298,       2.510930394,        587154.954,      -16.35042822,       100.8649034,         85.45257994,       -0.02189763733,                1.468430294,       584.4064903,       584.4064903,       216798.9011,       216798.9011,       11746.74498,         0.0308947185,        -0.03378427253,        98335.4924,        110082.2374,           288.0988969,            296.3075934,            99421.30249,             117377.5986
          0,           0,          83,      -5.758881528,      -3.251571544,      -3.363641202,      -3.327726162,     -0.2340863454,   -0.003035229707,   -0.003035229707,      0.4287562378,       578.1388543,       208428.3361,       208428.3361,       2.510991091,       587186.3071,      -16.70005393,        100.962247,         85.45547217,       -0.02389184691,                  1.4636898,       584.4376966,       584.4376966,       216832.7161,       216832.7161,       11747.23649,        0.03082679619,         -0.0338620259,        98340.5498,        110087.7863,           288.1008688,            296.3368278,            99421.53961,             117411.1765
          0,           0,          84,      -5.763453192,      -3.247400643,      -3.373713406,      -3.330941694,     -0.2375986339,   -0.003187340887,   -0.003187340887,      0.4290197599,       578.1544319,       208439.1919,       208439.1919,       2.511053567,        587219.292,      -17.06838162,       101.0707781,         85.45882314,       -0.02599980121,                1.458671597,       584.4705271,       584.4705271,       216868.6814,       216868.6814,        11747.8348,        0.03075766289,        -0.03394500378,       98345.67856,        110093.5134,            288.102907,              296.36762,            99421.77579,             117446.9056
          0,           0,          85,      -5.767564073,      -3.243819864,      -3.383683114,      -3.334597565,     -0.2407451221,   -0.003346199096,   -0.003346199096,      0.4293134595,       578.1701636,       208450.1529,       208450.1529,       2.511116632,       587253.7825,       -17.4557282,       101.1905926,         85.46262967,       -0.02821512532,                1.453375785,       584.5048562,       584.5048562,       216906.6516,       216906.6516,       11748.53911,        0.03068719174,        -0.03403339083,       98350.80688,         110099.346,           288.1049406,            296.3999156,            99421.93177,             117484.7199
          0,           0,          86,      -5.771252656,      -3.240881022,      -3.393293012,      -3.338702248,     -0.2435497173,   -0.003512041162,   -0.003512041162,      0.4296369017,       578.1859913,        208461.162,        208461.162,       2.511179834,       587289.7135,      -17.86219836,        101.321735,         85.46688378,       -0.03053006368,                1.447805572,       584.5406189,       584.5406189,       216946.5619,       216946.5619,       11749.41767,        0.03061530521,        -0.03412734637,       98355.87219,        110105.2899,           288.1069001,            296.4337188,             99421.9406,             117524.6213
          0,           0,          87,      -5.774531312,      -3.238659351,      -3.402321877,      -3.343248656,     -0.2460173199,   -0.003685311199,   -0.003685311199,      0.4299890648,       578.2018016,       208472.0945,       208472.0945,       2.511242125,       587326.9528,       -18.2880203,       101.4641056,         85.47158877,       -0.03293463309,                1.441964113,       584.5776839,       584.5776839,       216988.2651,       216988.2651,       11750.62388,        0.03054178068,        -0.03422709188,       98360.73533,        110111.3592,           288.1086657,            296.4690182,            99421.64979,             117566.6153
          0,           0,          88,      -5.777371288,      -3.237251223,      -3.410582605,      -3.348212313,     -0.2481230729,   -0.003866063646,   -0.003866063646,      0.4303703506,       578.2175891,       208482.9603,       208482.9603,       2.511303679,       587365.4943,      -18.73288183,       101.6181646,         85.47676291,       -0.03541698326,                1.435854347,       584.6160451,       584.6160451,       217031.7684,       217031.7684,       11752.03733,        0.03046682378,        -0.03433288743,       98365.46147,        110117.4988,           288.1103021,             296.505743,            99421.13899,             117610.6294
          0,           0,          89,      -5.779699077,      -3.236775262,      -3.417959759,      -3.353557198,     -0.2498121195,   -0.004054281762,   -0.004054281762,      0.4307807548,       578.2333268,       208493.7277,       208493.7277,       2.511364255,          587405.3,      -19.19631334,       101.7841273,         85.48242799,        -0.0379649814,                1.429484183,       584.6556644,       584.6556644,        217077.021,        217077.021,       11753.54777,        0.03039059837,        -0.03444488013,       98370.08995,        110123.6377,           288.1118457,            296.5438187,            99420.45908,              117656.562
          0,           0,          90,      -5.781440343,      -3.237341463,      -3.424397653,      -3.359234519,     -0.2510316705,   -0.004249893436,   -0.004249893436,      0.4312203673,        578.248989,       208504.3833,       208504.3833,       2.511423824,       587446.3321,      -19.67771994,       101.9622286,         85.48862304,       -0.04056620932,                1.422863045,       584.6965044,       584.6965044,       217123.9894,       217123.9894,       11755.03696,        0.03031331378,        -0.03456320722,       98374.67318,        110129.7101,           288.1133296,            296.5831749,            99419.67731,             117704.3121
          0,           0,          91,      -5.782500642,      -3.239062987,       -3.42987874,      -3.365168713,     -0.2517154893,    -0.00445285967,    -0.00445285967,      0.4316887488,       578.2645785,       208514.9228,       208514.9228,       2.511482319,       587488.5715,      -20.17648497,       102.1524591,         85.49537148,        -0.0432085646,                1.416003304,       584.7385461,       584.7385461,       217172.6381,       217172.6381,        11756.5144,        0.03023508217,        -0.03468794184,       98379.20421,        110135.7186,           288.1147561,              296.62379,            99418.79528,             117753.8428
          0,           0,          92,      -5.782809631,      -3.242044448,      -3.434438373,      -3.371274366,     -0.2518150822,   -0.004662959377,   -0.004662959377,      0.4321857966,       578.2800997,       208525.3789,       208525.3789,       2.511540136,       587531.9957,       -20.6916382,       102.3549802,         85.50269688,       -0.04587783242,                1.408918542,       584.7817671,       584.7817671,       217222.9596,       217222.9596,       11757.86653,        0.03015620058,        -0.03481915996,        98383.7562,        110141.6227,           288.1161745,            296.6655925,            99417.90628,             117805.0533
          0,           0,          93,      -5.782331584,      -3.246378104,      -3.438150456,       -3.37745478,     -0.2513118527,   -0.004879953184,   -0.004879953184,      0.4327110689,       578.2955441,       208535.7575,       208535.7575,       2.511597397,       587576.5601,      -21.22213672,       102.5697941,         85.51061509,       -0.04855980775,                1.401624635,       584.8261229,       584.8261229,       217274.9057,       217274.9057,       11759.01136,        0.03007692349,        -0.03495687667,       98388.37308,        110147.3844,           288.1176132,            296.7085097,            99417.07126,             117857.8345
          0,           0,          94,      -5.781072314,      -3.252128383,      -3.441098815,       -3.38359351,      -0.250217878,   -0.005103870913,   -0.005103870913,      0.4332634169,       578.3108385,       208545.9424,       208545.9424,       2.511653008,       587622.1481,      -21.76726818,       102.7966526,         85.51916017,       -0.05124062276,                1.394136618,       584.8714975,       584.8714975,       217328.2976,       217328.2976,       11759.98965,        0.02999726246,        -0.03510113338,       98392.97636,         110152.966,            288.119022,            296.7524755,            99416.21292,             117912.0847
          0,           0,          95,        -5.7790798,      -3.259341804,      -3.443389778,      -3.389567366,     -0.2485765911,   -0.005334713819,   -0.005334713819,      0.4338413776,       578.3258973,        208555.801,        208555.801,       2.511705742,       587668.6173,      -22.32617905,       103.0352403,         85.52835319,       -0.05390532602,                1.386470813,       584.9177491,       584.9177491,        217382.922,        217382.922,       11760.82915,        0.02991723742,        -0.03525195124,        98397.4859,        110158.3151,           288.1203577,            296.7973914,            99415.25267,             117967.6693
          0,           0,          96,       -5.77645076,      -3.268021302,       -3.44511092,      -3.395240553,      -0.246464347,   -0.005572180894,   -0.005572180894,      0.4344440302,       578.3407021,       208565.3209,       208565.3209,       2.511755535,       587715.8976,      -22.89764478,       103.2853059,         85.53822266,       -0.05654090466,                 1.37864698,       584.9648081,       584.9648081,       217438.6911,       217438.6911,       11761.51033,          0.029837053,        -0.03540923389,       98401.90526,        110163.4156,           288.1216297,            296.8431784,            99414.20817,             118024.4829
          0,           0,          97,       -5.77332817,      -3.278152078,      -3.446354496,      -3.400475079,     -0.2439913489,    -0.00581595502,    -0.00581595502,      0.4350705611,       578.3551591,       208574.3972,       208574.3972,       2.511801567,       587763.8355,      -23.48024165,       103.5467398,           85.548801,       -0.05913091865,                1.370683627,       585.0125216,       585.0125216,       217495.4068,       217495.4068,       11761.85928,        0.02975699932,        -0.03557295434,       98406.26898,        110168.1283,           288.1228661,            296.8896555,            99413.13313,             118082.2737
          0,           0,          98,      -5.769875971,      -3.289684602,      -3.447188865,      -3.405139633,      -0.241282533,   -0.006065748583,   -0.006065748583,      0.4357190057,       578.3692257,       208582.9731,       208582.9731,        2.51184333,        587812.301,      -24.07252853,       103.8189518,         85.56010946,       -0.06166087317,                1.362604205,       585.0607602,       585.0607602,       217552.8872,       217552.8872,       11761.89462,        0.02967718987,        -0.03574293846,       98410.53924,        110172.4339,           288.1240398,            296.9367204,            99411.99758,             118140.8896
          0,           0,          99,      -5.766256573,      -3.302524599,      -3.447660473,      -3.409109027,      -0.238461791,   -0.006321168082,   -0.006321168082,      0.4363883023,       578.3828693,       208591.0335,       208591.0335,       2.511880816,       587861.1809,      -24.67271944,        104.101863,         85.57218088,        -0.0641119538,                   1.354428,       585.1094113,       585.1094113,       217610.9983,       217610.9983,       11761.44385,        0.02959802164,        -0.03591918973,       98414.79482,        110176.2387,           288.1252035,            296.9842079,            99410.90568,             118200.0926
          0,           0,         100,      -5.762631807,      -3.316559977,      -3.447803824,      -3.412278055,     -0.2356506443,   -0.006581891742,   -0.006581891742,      0.4370764508,        578.396124,        208598.616,        208598.616,       2.511914313,       587910.4186,      -25.27928527,       104.3948567,         85.58502349,       -0.06647088982,                1.346177658,       585.1584185,       585.1584185,       217669.6512,       217669.6512,       11760.57746,        0.02951963221,        -0.03610152395,       98419.01925,        110179.5967,           288.1263537,            297.0320648,            99409.84968,             118259.8016
          0,           0,         101,      -5.759142804,      -3.331660117,      -3.447642141,      -3.414575271,     -0.2329548191,   -0.006848086199,   -0.006848086199,      0.4377801751,        578.408842,       208605.4774,       208605.4774,       2.511941489,       587959.7544,      -25.89120359,       104.6970047,         85.59863761,       -0.06872245885,                 1.33787194,       585.2075235,       585.2075235,       217728.4479,       217728.4479,       11759.51424,        0.02944178504,        -0.03628987124,       98422.98159,        110182.4958,           288.1273331,            297.0801904,            99408.58337,             118319.8646
          0,           0,         102,      -5.755897615,       -3.34765732,      -3.447203036,      -3.415961169,     -0.2304540128,   -0.007119646349,   -0.007119646349,      0.4384975731,       578.4209633,       208611.5159,       208611.5159,       2.511961395,       588009.0362,      -26.50704338,       105.0079669,         85.61303464,       -0.07084987025,                1.329526174,       585.2565745,       585.2565745,       217787.1509,       217787.1509,       11758.14848,        0.02936462192,        -0.03648426827,       98426.68369,        110184.8322,            288.128151,            297.1284235,            99407.11783,             118380.0331
          0,           0,         103,      -5.752963073,      -3.364356606,      -3.446509108,      -3.416434243,      -0.228196585,   -0.007395913662,   -0.007395913662,      0.4392270457,       578.4326363,       208616.9293,       208616.9293,        2.51197576,       588058.3195,      -27.12492866,       105.3271653,          85.6282101,       -0.07284433793,                1.321163998,       585.3056271,       585.3056271,       217845.8292,       217845.8292,       11756.50834,        0.02928846792,        -0.03668438158,       98430.21046,        110186.7188,           288.1288712,            297.1767559,            99405.55872,             118440.2705
          0,           0,         104,      -5.750374836,      -3.381562795,      -3.445583562,      -3.416047997,     -0.2262093213,   -0.007676377646,   -0.007676377646,       0.439966035,       578.4439776,        208621.846,        208621.846,       2.511985575,       588107.6116,      -27.74322768,       105.6536335,         85.64416239,       -0.07469949606,                1.312810175,       585.3546885,       585.3546885,       217904.4638,       217904.4638,       11754.81424,        0.02921341202,        -0.03688978967,       98433.51587,        110188.3301,           288.1294698,            297.2252187,            99403.86582,              118500.598
          0,           0,         105,      -5.748122726,      -3.399096425,       -3.44445312,      -3.414884528,     -0.2244807485,   -0.007960981662,   -0.007960981662,      0.4407122765,       578.4549206,       208626.1682,       208626.1682,       2.511989951,       588156.7422,      -28.36055876,       105.9868973,         85.66092421,       -0.07640030777,                1.304478769,       585.4035891,       585.4035891,       217962.8083,       217962.8083,        11753.0557,        0.02913952657,        -0.03710050823,       98436.55626,         110189.612,           288.1299205,            297.2736686,            99401.99934,              118560.809
          0,           0,         106,      -5.746180649,      -3.416789989,       -3.44317242,      -3.413054011,     -0.2229868169,    -0.00824930286,    -0.00824930286,      0.4414637432,       578.4655183,       208629.9745,       208629.9745,        2.51198961,       588205.6521,      -28.97511063,       106.3264686,         85.67851108,       -0.07793453138,                1.296187718,       585.4522701,       585.4522701,       218020.7826,       218020.7826,       11751.19781,        0.02906707875,        -0.03731638161,       98439.38834,        110190.5862,           288.1302705,            297.3219996,            99400.03237,             118620.7502
          0,           0,         107,      -5.744493669,      -3.434490651,      -3.441789607,       -3.41067542,     -0.2216816459,   -0.008540953295,   -0.008540953295,      0.4422179697,       578.4757876,       208633.2909,       208633.2909,       2.511984784,       588254.2357,      -29.58513608,       106.6716848,         85.69691437,       -0.07929111529,                1.287954991,       585.5006263,       585.5006263,       218078.2395,       218078.2395,       11749.27244,        0.02899624613,        -0.03753719943,       98442.00921,        110191.2817,           288.1305204,            297.3701059,            99397.97263,             118680.2668
          0,           0,         108,        -5.7430006,       -3.45207434,      -3.440344889,       -3.40788025,     -0.2205157196,   -0.008835696215,   -0.008835696215,      0.4429723643,       578.4857137,        208636.048,        208636.048,       2.511974678,       588302.3658,      -30.18927037,       107.0217542,         85.71613714,        -0.0804626485,                1.279796481,       585.5485311,       585.5485311,       218134.9524,       218134.9524,       11747.38088,        0.02892703619,         -0.0377627324,       98444.33355,        110191.7144,            288.130624,            297.4179071,            99395.73557,             118739.2168
          0,           0,         109,      -5.741652282,      -3.469444197,      -3.438887656,      -3.404799251,      -0.219448492,   -0.009133132935,   -0.009133132935,      0.4437253802,       578.4953334,       208638.2964,       208638.2964,       2.511959742,       588349.9854,      -30.78600117,       107.3763145,          85.7361871,       -0.08144161195,                 1.27172466,       585.5959277,       585.5959277,       218190.8383,       218190.8383,       11745.50502,        0.02885969815,        -0.03799283108,       98446.39569,        110191.9007,           288.1306082,            297.4653195,            99393.37078,             118797.4675
          0,           0,         110,      -5.740402962,      -3.486512327,      -3.437472222,      -3.401547571,      -0.218442294,   -0.009432807477,   -0.009432807477,      0.4444753881,       578.5046931,       208640.0853,       208640.0853,       2.511940373,       588397.0415,      -31.37376085,       107.7349703,         85.75704673,       -0.08222059576,                1.263751657,       585.6427636,       585.6427636,       218245.8021,       218245.8021,       11743.60552,        0.02879449681,        -0.03822730429,        98448.2399,        110191.8454,           288.1305167,            297.5122469,            99390.93798,             118854.8641
          0,           0,         111,      -5.739221722,      -3.503182273,      -3.436135012,      -3.398223666,     -0.2174725521,   -0.009734293781,   -0.009734293781,      0.4452214457,       578.5137501,        208641.332,        208641.332,       2.511915799,       588443.4148,      -31.95128213,       108.0975521,          85.7786844,       -0.08279479471,                 1.25588476,       585.6889198,       585.6889198,       218299.6408,       218299.6408,       11741.47583,        0.02873170772,         -0.0384660015,       98449.92806,        110191.4039,           288.1303978,             297.558522,            99388.51539,             118911.1254
          0,           0,         112,      -5.738093711,      -3.519335282,      -3.434918719,      -3.394908753,     -0.2165276259,    -0.01003743568,    -0.01003743568,      0.4459615909,       578.5224352,       208641.9297,       208641.9297,       2.511885033,       588488.9415,      -32.51757739,        108.463559,         85.80106796,       -0.08315949472,                1.248131298,       585.7342334,       585.7342334,       218352.1096,       218352.1096,       11739.15311,         0.0286713494,        -0.03870878508,       98451.38832,        110190.5414,           288.1302103,            297.6040231,            99386.03195,             118966.0777
          0,           0,         113,      -5.737029064,      -3.534839649,      -3.433853028,      -3.391662797,     -0.2156177236,    -0.01034191939,    -0.01034191939,      0.4466939901,       578.5306933,       208641.8065,       208641.8065,        2.51184744,       588533.4714,      -33.07155559,       108.8324424,         85.82416428,       -0.08331234367,                1.240500276,       585.7785548,       585.7785548,       218402.9986,       218402.9986,       11736.66081,         0.0286134946,        -0.03895541399,       98452.57287,        110189.2337,           288.1299253,            297.6486296,            99383.44446,             119019.5542
          0,           0,         114,      -5.736069624,      -3.549507046,      -3.432961698,      -3.388525621,     -0.2147770817,    -0.01064698217,    -0.01064698217,      0.4474174287,       578.5386433,       208641.1553,       208641.1553,       2.511804826,        588577.029,      -33.61158247,       109.2037501,         85.84794069,       -0.08325246067,                1.233004689,       585.8219086,       585.8219086,       218452.3687,       218452.3687,       11733.99669,        0.02855851487,        -0.03920549704,       98453.57931,         110187.576,           288.1296144,            297.6922941,            99380.87232,             119071.4964
          0,           0,         115,      -5.735282059,      -3.563076252,      -3.432271538,      -3.385521582,     -0.2140588616,    -0.01095260706,    -0.01095260706,      0.4481303271,       578.5460223,       208639.5766,       208639.5766,       2.511753536,       588619.2845,      -34.13742767,       109.5769582,         85.87235938,       -0.08298190294,                1.225646555,       585.8639663,       585.8639663,       218499.7141,       218499.7141,        11731.1242,        0.02850622989,        -0.03945883695,       98454.22621,        110185.3504,           288.1291614,            297.7348048,            99378.12258,             119121.5915
          0,           0,         116,      -5.734731287,      -3.575210966,      -3.431788628,      -3.382653611,     -0.2135164483,    -0.01125802481,    -0.01125802481,      0.4488314131,       578.5530396,       208637.3501,       208637.3501,       2.511696001,       588660.3555,      -34.64760835,       109.9515272,         85.89739014,       -0.08250264942,                1.218438348,        585.904845,        585.904845,       218545.1909,       218545.1909,       11728.13515,        0.02845696177,        -0.03971498658,       98454.60748,        110182.7426,           288.1286334,            297.7762116,             99375.3086,             119169.8823
          0,           0,         117,       -5.73449736,        -3.5855527,      -3.431517997,      -3.379914366,     -0.2132141912,     -0.0115627365,     -0.0115627365,      0.4495191982,        578.559773,       208634.5779,       208634.5779,       2.511633083,       588700.2343,      -35.14118021,       110.3268645,           85.922994,       -0.08181814258,                1.211388458,       585.9445372,       585.9445372,       218588.7849,       218588.7849,       11725.16638,        0.02841082541,        -0.03997356191,       98454.70577,        110179.8721,           288.1280266,            297.8165106,            99372.41945,             119216.3655
          0,           0,         118,      -5.734648288,      -3.593771586,      -3.431461688,      -3.377295132,     -0.2132049727,    -0.01186631376,    -0.01186631376,      0.4501922478,       578.5662757,       208631.3033,       208631.3033,       2.511565043,       588738.8975,      -35.61747734,       110.7023579,         85.94911788,       -0.08093373913,                 1.20450329,       585.9830193,       585.9830193,       218630.4348,       218630.4348,       11722.35726,        0.02836785542,        -0.04023416918,       98454.47301,        110176.8303,           288.1273155,            297.8557039,            99369.40859,             119261.0262
          0,           0,         119,      -5.735253759,      -3.599587284,      -3.431618098,      -3.374777434,     -0.2135419178,    -0.01216840532,    -0.01216840532,      0.4508500872,       578.5724986,       208627.4216,       208627.4216,       2.511490819,       588776.2621,      -36.07631186,       111.0776359,         85.97570765,       -0.07985798714,                1.197784197,        586.020209,        586.020209,       218669.9842,       218669.9842,       11719.76336,        0.02832805085,        -0.04049645617,       98453.82914,        110173.5925,           288.1264513,            297.8937577,            99366.19542,             119303.7888
          0,           0,         120,      -5.736350255,      -3.602828183,      -3.431991188,      -3.372352406,     -0.2142537395,    -0.01246834449,    -0.01246834449,      0.4514931166,       578.5785531,       208623.1191,       208623.1191,       2.511412167,       588812.4104,       -36.5170493,       111.4526535,         86.00270131,        -0.0785993356,                1.191233325,       586.0561882,       586.0561882,       218707.5802,       218707.5802,        11717.4012,        0.02829173169,        -0.04076007618,       98452.85897,        110170.2602,           288.1254989,            297.9306892,            99362.88391,             119344.6963
          0,           0,         121,       -5.73797736,      -3.603453152,      -3.432585247,      -3.370011514,     -0.2153702656,    -0.01276555606,    -0.01276555606,      0.4521212154,       578.5844616,       208618.4246,       208618.4246,       2.511329328,       588847.3313,      -36.93928091,       111.8270953,         86.03003751,       -0.07716747145,                1.184853599,       586.0909456,       586.0909456,       218743.2043,       218743.2043,       11715.30843,        0.02825904066,        -0.04102459672,       98451.55811,        110166.8665,           288.1244609,            297.9664847,            99359.47808,             119383.7262
          0,           0,         122,       -5.74014542,      -3.601603485,      -3.433394982,      -3.367746451,     -0.2168968474,    -0.01305954583,    -0.01305954583,      0.4527352632,       578.5902026,       208613.2935,       208613.2935,       2.511241878,       588881.0119,      -37.34301543,       112.2009811,         86.05766257,       -0.07557386714,                1.178642849,       586.1244685,       586.1244685,        218776.816,        218776.816,       11713.38455,        0.02823013476,         -0.0412896806,       98449.95448,         110163.339,           288.1233645,             298.001104,            99356.01505,              119420.801
          0,           0,         123,      -5.742846206,      -3.597550269,      -3.434424858,      -3.365558999,     -0.2188248383,    -0.01334996116,    -0.01334996116,      0.4533351114,        578.595828,       208607.7828,       208607.7828,       2.511150248,       588913.4877,       -37.7283377,       112.5739665,          86.0855196,       -0.07383006934,                1.172601383,       586.1567924,       586.1567924,       218808.4563,       218808.4563,       11711.78013,         0.0282050009,        -0.04155496206,       98448.00136,        110159.7815,           288.1221829,            298.0346094,            99352.44678,             119456.0095
          0,           0,         124,      -5.746042471,       -3.59165397,       -3.43567368,      -3.363460168,     -0.2211232414,    -0.01363629352,    -0.01363629352,      0.4539219071,        578.601347,       208601.9158,       208601.9158,       2.511054687,       588944.7965,      -38.09551054,       112.9460072,         86.11352693,       -0.07195124508,                1.166726476,       586.1879546,       586.1879546,       218838.1857,       218838.1857,       11710.45415,        0.02818374224,        -0.04182003576,       98445.73082,         110156.185,           288.1209441,            298.0670104,            99348.81165,              119489.374
          0,           0,         125,      -5.749703082,      -3.584345256,      -3.437132815,      -3.361472796,     -0.2237661705,    -0.01391791207,    -0.01391791207,      0.4544970343,       578.6068168,       208595.7813,       208595.7813,       2.510956036,       588975.0264,      -38.44466007,       113.3171172,         86.14159732,       -0.06995247904,                1.161016004,       586.2180429,       586.2180429,       218866.1354,       218866.1354,       11709.32791,        0.02816655392,        -0.04208446599,       98443.22671,        110152.5546,           288.1197123,            298.0983306,            99345.20488,             119520.9305
          0,           0,         126,       -5.75377369,       -3.57601545,      -3.438792103,       -3.35962022,     -0.2267087043,    -0.01419431857,    -0.01419431857,      0.4550616083,       578.6122959,       208589.4361,       208589.4361,        2.51085473,       589004.2684,      -38.77611111,       113.6872256,         86.16965682,       -0.06784907273,                1.155467523,       586.2471481,       586.2471481,       218892.4071,       218892.4071,        11708.3519,        0.02815352023,        -0.04234783881,       98440.54211,         110148.894,           288.1185299,            298.1286182,            99341.68486,             119550.7223
          0,           0,         127,       -5.75819885,      -3.567054675,      -3.440640512,      -3.357937017,     -0.2299066513,    -0.01446520387,    -0.01446520387,      0.4556163789,       578.6178233,       208582.9387,       208582.9387,       2.510751312,       589032.6015,       -39.0905602,       114.0560872,         86.19760911,       -0.06565735506,                1.150077329,       586.2753485,       586.2753485,       218917.1194,       218917.1194,       11707.53007,        0.02814454782,        -0.04260975169,       98437.70434,        110145.2344,           288.1174226,             298.157926,            99338.27259,             119578.8468
          0,           0,         128,       -5.76290481,      -3.557791967,      -3.442644962,      -3.356455781,     -0.2333013504,    -0.01473019042,    -0.01473019042,      0.4561621368,       578.6233951,       208576.2599,       208576.2599,       2.510645461,       589060.0562,      -39.38854505,       114.4234992,         86.22536575,       -0.06339229147,                1.144842407,       586.3026748,       586.3026748,       218940.2894,       218940.2894,        11706.7819,        0.02813959489,         -0.0428697853,       98434.73902,        110141.5209,           288.1164085,            298.1862663,            99334.99111,             119605.2982
          0,           0,         129,      -5.767825388,      -3.548465296,      -3.444765302,      -3.355213603,     -0.2368429197,    -0.01498870229,    -0.01498870229,      0.4567002679,       578.6290754,       208569.4933,       208569.4933,       2.510538011,        589086.757,      -39.67059072,       114.7892321,         86.25283047,       -0.06107320929,                1.139761357,       586.3292505,       586.3292505,       218962.1004,       218962.1004,       11706.18068,        0.02813868048,        -0.04312738276,       98431.65633,         110137.837,           288.1154899,            298.2137606,            99331.85204,             119630.2484
          0,           0,         130,      -5.772895219,      -3.539244211,      -3.446947914,      -3.354248164,     -0.2404821179,    -0.01524028433,    -0.01524028433,      0.4572321815,       578.6348359,       208562.6067,       208562.6067,       2.510428701,       589112.7351,      -39.93730531,       115.1532126,         86.27987256,        -0.0587168283,                1.134829946,        586.355107,        586.355107,        218982.603,        218982.603,       11705.69718,         0.0281418152,        -0.04338209954,       98428.45477,         110134.152,           288.1146592,            298.2404478,            99328.85475,             119653.7482
          0,           0,         131,       -5.77807429,      -3.530245535,      -3.449113007,      -3.353589111,     -0.2441892221,    -0.01548449658,    -0.01548449658,      0.4577589942,       578.6406488,       208555.5993,       208555.5993,       2.510317652,       589138.0165,       -40.1892707,         115.51524,         86.30636478,       -0.05633934764,                1.130044952,         586.38027,         586.38027,       219001.8731,       219001.8731,       11705.30142,        0.02814897059,        -0.04363346717,       98425.14892,        110130.4503,           288.1139216,            298.2663484,             99326.0121,              119675.861
          0,           0,         132,      -5.783313877,      -3.521546467,      -3.451175144,      -3.353268151,     -0.2479323586,    -0.01572091735,    -0.01572091735,      0.4582815875,       578.6464862,       208548.4323,       208548.4323,       2.510204538,       589162.6194,       -40.4270068,       115.8750679,         86.33219295,       -0.05395556294,                 1.12540394,       586.4047578,       586.4047578,       219019.9368,       219019.9368,       11704.91492,        0.02816010196,        -0.04388101931,       98421.75868,        110126.6736,           288.1132863,            298.2914715,             99323.3415,             119696.5953
          0,           0,         133,      -5.788586758,       -3.51319095,      -3.453044118,      -3.353305893,     -0.2516941571,    -0.01594899623,    -0.01594899623,      0.4588007575,       578.6523136,       208541.0701,       208541.0701,       2.510089063,       589186.5572,      -40.65093714,       116.2322582,         86.35726747,       -0.05158219079,                1.120907782,       586.4285836,       586.4285836,       219036.8274,       219036.8274,       11704.60226,        0.02817514725,        -0.04412414348,       98418.23393,        110122.8362,           288.1127102,            298.3158734,            99320.78958,             119716.0378
          0,           0,         134,      -5.793874353,      -3.505191987,      -3.454603035,      -3.353708704,     -0.2554607674,    -0.01616822544,    -0.01616822544,      0.4593174191,        578.658029,       208533.3812,       208533.3812,       2.509970096,       589209.7721,      -40.86139912,       116.5865419,         86.38150303,       -0.04923308246,                1.116556063,       586.4516898,       586.4516898,       219052.4719,       219052.4719,       11704.32108,        0.02819409561,        -0.04436232105,       98414.53007,        110118.8511,           288.1121554,            298.3395344,             99318.3119,               119734.16
          0,           0,         135,      -5.799189949,      -3.497545626,      -3.455747174,      -3.354492326,     -0.2592459385,    -0.01637799935,    -0.01637799935,      0.4598322898,       578.6636221,       208525.3723,       208525.3723,       2.509847751,       589232.2943,      -41.05859739,       116.9374954,          86.4048037,       -0.04692299045,                1.112350489,       586.4741066,       586.4741066,       219066.9376,       219066.9376,       11704.14322,        0.02821694591,        -0.04459494527,       98410.61454,        110114.7578,           288.1115969,            298.3625097,            99315.87656,             119751.0611
          0,           0,         136,      -5.804534684,       -3.49027188,      -3.456373108,      -3.355658221,     -0.2630519344,     -0.0165777525,     -0.0165777525,      0.4603456233,       578.6690372,       208516.9556,       208516.9556,       2.509721205,       589254.0873,      -41.24256476,       117.2846605,         86.42705911,       -0.04466344995,                1.108292973,       586.4957976,       586.4957976,       219080.1623,       219080.1623,       11704.08552,         0.0282436902,         -0.0448214427,       98406.43506,        110110.5206,           288.1109933,            298.3848043,            99313.43201,             119766.7303
          0,           0,         137,      -5.809916328,      -3.483366865,      -3.456399779,      -3.357199398,     -0.2668844543,     -0.0167669107,     -0.0167669107,      0.4608579216,       578.6742501,       208508.1158,       208508.1158,       2.509590387,       589275.1533,      -41.41333293,       117.6276772,          86.4481513,       -0.04246567557,                 1.10438452,        586.516765,        586.516765,       219092.1674,       219092.1674,       11704.12307,        0.02827436656,        -0.04504127725,       98401.99637,        110106.1194,           288.1103504,            298.4064146,             99310.9863,             119781.1811
          0,           0,         138,      -5.815351268,       -3.47687308,      -3.455771816,      -3.359100672,     -0.2707560339,    -0.01694485175,    -0.01694485175,         0.4613691,       578.6792283,       208498.8209,       208498.8209,        2.50945507,       589295.4678,      -41.57080293,       117.9659388,         86.46796143,       -0.04034025848,                1.100628528,       586.5369843,       586.5369843,       219102.9308,       219102.9308,       11704.19674,        0.02830896324,        -0.04525381499,       98397.31206,        110101.5088,           288.1096828,            298.4273016,            99308.55307,             119794.3778
          0,           0,         139,       -5.82083004,      -3.470841556,      -3.454464894,      -3.361346931,     -0.2746626751,    -0.01711106416,    -0.01711106416,      0.4618790021,       578.6839026,       208488.9712,       208488.9712,       2.509314384,       589314.9615,      -41.71486032,        118.298993,          86.4863501,       -0.03829468143,                1.097026191,       586.5563868,       586.5563868,       219112.3467,       219112.3467,       11704.17069,        0.02834748568,        -0.04545854984,       98392.40026,         110096.571,           288.1090063,            298.4473805,            99306.15165,             119806.1951
          0,           0,         140,      -5.826326871,      -3.465328992,      -3.452489183,       -3.36391494,     -0.2785879121,    -0.01726482169,    -0.01726482169,      0.4623868732,       578.6882572,       208478.5316,       208478.5316,        2.50916798,       589333.5998,      -41.84508279,       118.6259742,         86.50321439,       -0.03633781951,                1.093584411,       586.5749379,       586.5749379,       219120.3519,       219120.3519,       11704.00711,        0.02838991487,        -0.04565473656,       98387.26225,        110091.2694,           288.1083233,            298.4666146,            99303.78328,             119816.5686
          0,           0,         141,      -5.831804948,      -3.460397287,      -3.449894037,      -3.366786928,     -0.2825071824,    -0.01740548246,    -0.01740548246,      0.4628918923,       578.6923283,       208467.5839,       208467.5839,       2.509016677,       589351.3953,      -41.96097514,       118.9461013,          86.5184579,       -0.03447655363,                1.090309558,       586.5926501,       586.5926501,       219127.0012,       219127.0012,       11703.76288,        0.02843626145,        -0.04584174391,       98381.91053,        110085.6734,           288.1076411,            298.4850089,            99301.46247,             119825.5387
          0,           0,         142,      -5.837198929,      -3.456113715,      -3.446757008,      -3.369934318,     -0.2863783297,    -0.01753234812,    -0.01753234812,      0.4633925807,       578.6961182,       208456.1133,       208456.1133,       2.508860279,       589368.3049,      -42.06193289,       119.2583111,         86.53199221,       -0.03271740563,                1.087210468,       586.6094805,       586.6094805,       219132.2154,       219132.2154,       11703.46775,        0.02848645939,        -0.04601880751,       98376.32278,        110079.7905,           288.1069435,             298.502537,             99299.1642,             119833.0512
          0,           0,         143,      -5.842439641,      -3.452562076,      -3.443196341,      -3.373319563,     -0.2901569366,    -0.01764479664,    -0.01764479664,      0.4638876802,        578.699668,       208444.1827,       208444.1827,       2.508699368,       589384.3223,      -42.14729281,       119.5618205,         86.54369724,       -0.03106439861,                 1.08429354,       586.6254229,       586.6254229,       219135.9949,       219135.9949,        11703.1171,        0.02854053994,        -0.04618533658,       98370.53282,        110073.6499,           288.1062593,            298.5191636,             99296.9258,             119839.0691
          0,           0,         144,      -5.847436031,      -3.449830132,      -3.439345789,      -3.376918431,     -0.2937835374,    -0.01774243166,    -0.01774243166,      0.4643751615,       578.7029481,       208431.7562,       208431.7562,       2.508533629,       589399.3601,      -42.21662951,       119.8555817,         86.55344337,        -0.0295207134,                1.081564885,       586.6403904,       586.6403904,       219138.2262,       219138.2262,       11702.76942,        0.02859832369,        -0.04634075535,       98364.49339,        110067.2628,           288.1055517,            298.5348386,            99294.69023,              119843.536
          0,           0,         145,      -5.852074236,      -3.447982967,      -3.435346213,      -3.380705265,     -0.2971855572,    -0.01782481641,    -0.01782481641,       0.464854849,       578.7058802,       208418.7535,       208418.7535,        2.50836249,       589413.3327,      -42.26962017,       120.1392654,         86.56117974,       -0.02808911091,                1.079026384,       586.6542975,       586.6542975,       219138.8124,       219138.8124,        11702.1955,        0.02865987773,        -0.04648469414,       98358.27899,        110060.4745,           288.1048769,            298.5494206,            99292.53747,             119846.2749
          0,           0,         146,      -5.856241535,      -3.447067099,      -3.431351988,      -3.384646682,     -0.3002908304,     -0.0178913906,     -0.0178913906,      0.4653243164,       578.7085187,       208405.2684,       208405.2684,       2.508186815,       589426.2141,      -42.30543117,       120.4116286,         86.56686407,       -0.02677167375,                 1.07668929,       586.6671186,       586.6671186,        219137.746,        219137.746,       11701.53789,         0.0287250885,        -0.04661647909,       98351.86527,        110053.4032,           288.1042117,             298.562907,            99290.43754,             119847.3085
          0,           0,         147,      -5.859852596,      -3.447126081,      -3.427510511,      -3.388707519,     -0.3030459109,     -0.0179418668,     -0.0179418668,      0.4657821056,       578.7107451,       208391.1054,       208391.1054,       2.508004782,       589437.8451,      -42.32381978,       120.6719526,         86.57036332,       -0.02557003663,                1.074555973,       586.6786952,       586.6786952,       219134.7645,       219134.7645,       11700.68811,        0.02879380966,        -0.04673567646,       98345.20864,        110045.8967,           288.1035234,            298.5751718,            99288.33916,             119846.4253
          0,           0,         148,      -5.862823381,      -3.448181154,      -3.423957559,      -3.392856314,     -0.3053966964,    -0.01797583588,    -0.01797583588,      0.4662270762,       578.7124871,       208376.1147,       208376.1147,        2.50781494,       589448.1147,      -42.32434444,       120.9196432,         86.57157246,       -0.02448522033,                1.072629811,       586.6889167,       586.6889167,       219129.6494,       219129.6494,       11699.45105,        0.02886601057,        -0.04684184645,       98338.33185,        110037.7829,           288.1028345,            298.5860822,            99286.26506,             119843.3844
          0,           0,         149,       -5.86507322,      -3.450225958,      -3.420818632,      -3.397075945,     -0.3072938587,    -0.01799270219,    -0.01799270219,      0.4666561365,       578.7141341,       208360.8328,       208360.8328,       2.507621965,       589457.2999,      -42.30570748,       121.1533509,         86.57046435,       -0.02351624942,                1.070925438,        586.698059,        586.698059,       219122.8136,       219122.8136,       11698.27123,        0.02894167695,        -0.04693437914,       98331.28076,         110029.552,           288.1021808,            298.5958781,             99284.2613,             119838.5523
          0,           0,         150,      -5.866561001,      -3.453231787,      -3.418194632,      -3.401348948,     -0.3087104391,    -0.01799234841,    -0.01799234841,      0.4670685616,       578.7156503,       208345.2433,       208345.2433,       2.507425823,       589465.3558,      -42.26780147,       121.3726344,         86.56701267,        -0.0226636994,                1.069444185,       586.7060771,       586.7060771,       219114.2278,       219114.2278,       11697.13359,        0.02902070475,        -0.04701305315,       98324.05487,        110021.1885,           288.1015565,            298.6045206,            99282.32239,             119831.9054
          0,           0,         151,      -5.867267585,      -3.457157076,      -3.416165796,       -3.40565423,     -0.3096319772,    -0.01797467953,    -0.01797467953,      0.4674633661,       578.7169641,       208329.2777,       208329.2777,       2.507226021,       589472.1816,      -42.21036667,       121.5770742,         86.56124818,       -0.02192548723,                1.068188832,        586.712871,        586.712871,       219103.7799,       219103.7799,       11695.92924,        0.02910301642,        -0.04707769595,       98316.67421,        110012.6035,           288.1009749,            298.6118961,            99280.46499,             119823.3149
          0,           0,         152,      -5.867222461,       -3.46194531,      -3.414798156,      -3.409968327,      -0.310074219,    -0.01793970198,    -0.01793970198,      0.4678391039,       578.7179723,       208312.8216,       208312.8216,       2.507021667,       589477.6297,      -42.13318229,        121.766201,         86.55314045,       -0.02129815629,                1.067161218,       586.7182935,       586.7182935,       219091.2907,       219091.2907,       11694.53275,        0.02918847793,        -0.04712817991,       98309.14443,        110003.6772,           288.1004354,            298.6178582,             99278.6876,             119812.6031
          0,           0,         153,      -5.866479566,      -3.467513622,      -3.414123358,      -3.414279991,     -0.3100656785,    -0.01788720284,    -0.01788720284,      0.4681943206,       578.7186066,       208295.7742,       208295.7742,       2.506811883,       589481.5816,      -42.03577613,        121.939414,         86.54273356,       -0.02077889939,                1.066367418,       586.7222269,       586.7222269,       219076.5813,       219076.5813,        11692.7365,        0.02927702272,        -0.04716422556,       98301.51887,        109994.2554,           288.0999692,            298.6222577,            99277.04014,             119799.5412
          0,           0,         154,      -5.865117865,      -3.473764383,      -3.414159008,      -3.418584252,     -0.3096509696,    -0.01781689899,    -0.01781689899,      0.4685261895,       578.7191142,       208278.4245,       208278.4245,       2.506599019,       589484.1959,       -41.9173142,       122.0955893,         86.53000653,        -0.0203650548,                1.065818396,        586.724829,        586.724829,       219059.8307,       219059.8307,       11690.77333,        0.02936851491,        -0.04718541389,       98293.82559,        109984.5989,           288.0995961,             298.625233,            99275.54306,             119784.2876
          0,           0,         155,      -5.863250156,      -3.480584597,      -3.414907299,      -3.422873138,     -0.3088962278,    -0.01772889639,    -0.01772889639,      0.4688309301,       578.7198686,       208261.2846,       208261.2846,       2.506387494,       589485.7342,      -41.77712361,       122.2334712,         86.51494796,       -0.02005144162,                1.065524771,       586.7263601,       586.7263601,       219041.4359,       219041.4359,       11689.25375,        0.02946265553,        -0.04719155192,       98286.01541,        109975.2692,           288.0992681,            298.6270921,            99274.12918,             119767.3067
          0,           0,         156,        -5.8609804,      -3.487856924,      -3.416364467,      -3.427122446,     -0.3078663425,    -0.01762376352,    -0.01762376352,      0.4691083343,       578.7207679,       208244.2423,       208244.2423,       2.506176429,       589486.1154,       -41.6158747,       122.3532272,          86.4975209,       -0.01983428109,                1.065479402,       586.7267396,       586.7267396,       219021.3107,       219021.3107,       11688.06564,        0.02955920889,        -0.04718297242,       98278.08833,         109966.154,           288.0989805,            298.6277591,            99272.78425,             119748.5265
          0,           0,         157,      -5.858433983,       -3.49545961,      -3.418503287,      -3.431318399,     -0.3066393804,    -0.01750192292,    -0.01750192292,      0.4693590543,       578.7217602,       208227.2506,       208227.2506,       2.505965544,       589485.3187,       -41.4339788,       122.4553959,         86.47775638,       -0.01970823448,                1.065675609,       586.7259466,       586.7259466,       218999.4459,       218999.4459,       11686.94124,         0.0296581718,        -0.04716009471,       98270.15467,        109957.0959,           288.0988165,            298.6271301,             99271.6188,             119727.8271
          0,           0,         158,      -5.855720001,      -3.503265512,      -3.421277572,      -3.435442205,      -0.305287395,    -0.01736381901,    -0.01736381901,      0.4695814143,       578.7228569,       208210.3118,       208210.3118,       2.505754803,       589483.3288,      -41.23167963,       122.5395631,         86.45555751,       -0.01966847657,                1.066111824,        586.723966,        586.723966,       218975.8093,       218975.8093,        11685.9479,        0.02975922852,        -0.04712304753,       98262.18197,        109948.1299,           288.0987411,            298.6252249,            99270.58036,              119705.229
          0,           0,         159,       -5.85296907,      -3.511154599,      -3.424622902,      -3.439471864,      -0.303892818,    -0.01720960869,    -0.01720960869,      0.4697747035,       578.7241974,       208193.5981,       208193.5981,       2.505545665,       589480.2775,      -41.00892632,       122.6055714,         86.43101511,       -0.01971141405,                1.066791417,       586.7209289,       586.7209289,       218950.5663,       218950.5663,       11685.10575,        0.02986230601,         -0.0470719147,       98254.24616,        109939.3519,           288.0987995,            298.6221294,            99269.74038,             119680.8259
          0,           0,         160,      -5.850274853,      -3.519019001,      -3.428486076,       -3.44337894,     -0.3025223563,    -0.01704010241,    -0.01704010241,       0.469936887,       578.7257461,       208177.0756,       208177.0756,       2.505337837,       589476.1068,      -40.76644745,       122.6529464,         86.40401147,       -0.01983229889,                1.067710111,       586.7167778,       586.7167778,       218923.6637,       218923.6637,       11684.64173,          0.029966867,        -0.04700696941,       98246.21693,        109930.8587,           288.0988767,            298.6179011,            99268.93384,             119654.7299
          0,           0,         161,      -5.847730775,      -3.526770672,      -3.432790187,      -3.447138862,     -0.3012340366,    -0.01685548344,    -0.01685548344,      0.4700665711,       578.7278675,       208161.2472,       208161.2472,       2.505135737,       589471.1365,       -40.5037861,       122.6814737,         86.37469138,       -0.02002403952,                1.068875176,       586.7118308,       586.7118308,       218895.5676,       218895.5676,        11684.7953,        0.03007292316,         -0.0469284066,       98238.22593,        109923.0212,           288.0990647,             298.612766,            99268.29271,             119627.2749
          0,           0,         162,      -5.845394364,       -3.53433031,      -3.437470909,      -3.450723582,     -0.3000743273,    -0.01665703231,    -0.01665703231,      0.4701636303,       578.7302929,       208145.7568,       208145.7568,       2.504936274,       589465.1436,      -40.22246688,       122.6916001,         86.34296644,       -0.02027976219,                1.070271187,       586.7058659,       586.7058659,       218865.9784,       218865.9784,       11685.44323,        0.03017995123,        -0.04683698354,       98230.15679,           109915.6,           288.0992604,            298.6066056,            99267.66641,              119598.312
          0,           0,         163,      -5.843347543,      -3.541645294,      -3.442441801,      -3.454103127,     -0.2990954314,    -0.01644507091,    -0.01644507091,      0.4702281836,       578.7332122,        208130.892,        208130.892,       2.504742086,       589458.3315,       -39.9225489,       122.6836271,          86.3090336,        -0.0205939174,                1.071900758,       586.6990857,       586.6990857,       218835.2114,       218835.2114,       11686.58641,        0.03028798764,        -0.04673305855,       98222.15277,        109908.7392,           288.0995492,            298.5995365,            99267.20005,             119568.0113
          0,           0,         164,       -5.84162382,      -3.548684844,      -3.447636183,      -3.457241475,     -0.2983263002,     -0.0162208379,     -0.0162208379,      0.4702610762,       578.7363365,       208116.2631,       208116.2631,       2.504549804,       589450.4794,      -39.60554857,       122.6583983,         86.27296154,       -0.02095896967,                1.073749694,       586.6912703,       586.6912703,       218802.9573,       218802.9573,       11687.90647,        0.03039666505,        -0.04661750295,       98214.17831,        109902.0848,           288.0999017,            298.5913686,             99266.8334,             119536.1239
          0,           0,         165,      -5.840255911,      -3.555415582,      -3.452989731,      -3.460112285,     -0.2977897971,    -0.01598531089,    -0.01598531089,      0.4702631837,       578.7395096,       208101.6732,       208101.6732,        2.50435779,       589441.4887,      -39.27259646,        122.616699,         86.23481031,       -0.02136816311,                1.075806775,       586.6823217,       586.6823217,       218769.0923,       218769.0923,       11689.14613,        0.03050575969,        -0.04649107058,       98206.26353,        109895.4097,           288.1003369,            298.5819848,            99266.58117,             119502.5111
          0,           0,         166,       -5.83926199,      -3.561845393,      -3.458444087,      -3.462690724,     -0.2975025322,    -0.01573879706,    -0.01573879706,      0.4702326639,       578.7430772,       208087.5603,       208087.5603,       2.504169731,       589431.6725,      -38.92362976,        122.557942,          86.1946624,       -0.02181814331,                1.078079409,       586.6725515,       586.6725515,       218734.0348,       218734.0348,       11690.72218,        0.03061502919,        -0.04635382625,       98198.41906,        109889.1412,           288.1008478,            298.5717038,            99266.43692,             119467.5979
          0,           0,         167,      -5.838652779,       -3.56798524,      -3.463945395,      -3.464956389,     -0.2974723117,    -0.01548239926,    -0.01548239926,      0.4701712292,        578.746804,       208073.6049,       208073.6049,       2.503982892,       589420.8828,      -38.56014522,       122.4832947,          86.1525625,       -0.02230273428,                1.080552006,       586.6618123,       586.6618123,       218697.5692,       218697.5692,       11692.22547,        0.03072426906,        -0.04620666832,       98190.68972,        109882.9152,            288.101466,            298.5603463,            99266.43083,             119431.1384
          0,           0,         168,      -5.838416541,      -3.573850963,       -3.46945408,      -3.466889993,     -0.2976912501,    -0.01521690814,    -0.01521690814,      0.4700782618,       578.7507943,       208059.9753,       208059.9753,       2.503798798,       589409.2405,      -38.18287296,       122.3928118,         86.10851447,       -0.02281733133,                1.083220423,       586.6502245,       586.6502245,       218659.9032,       218659.9032,       11693.87855,        0.03083315563,        -0.04605006376,       98183.04838,        109876.9269,           288.1021451,            298.5480794,            99266.51296,             119393.3902
          0,           0,         169,      -5.838545141,      -3.579453679,       -3.47494324,      -3.468497535,     -0.2981526569,    -0.01494254745,    -0.01494254745,      0.4699519562,       578.7552348,       208046.9711,       208046.9711,        2.50362022,        589396.874,      -37.79140334,       122.2860605,         86.06259811,       -0.02335468983,                1.086092777,       586.6379159,       586.6379159,        218621.275,        218621.275,       11695.83923,        0.03094157935,         -0.0458841268,       98175.56595,        109871.4052,           288.1029289,             298.534987,            99266.74568,             119354.5293
          0,           0,         170,      -5.839012306,      -3.584786351,      -3.480391065,      -3.469783107,     -0.2988397292,     -0.0146600851,     -0.0146600851,      0.4697929565,        578.759952,       208034.3449,       208034.3449,       2.503444989,       589383.6625,      -37.38674669,       122.1635645,         86.01494066,       -0.02391039928,                1.089163322,       586.6247662,       586.6247662,        218581.495,        218581.495,       11697.83151,        0.03104929805,        -0.04570938316,       98168.25669,        109866.0882,           288.1038121,            298.5209542,             99267.1256,             119314.3694
          0,           0,         171,      -5.839779933,      -3.589855509,      -3.485786603,      -3.470765022,      -0.299722244,    -0.01437047276,    -0.01437047276,      0.4696016989,       578.7647844,       208021.8574,       208021.8574,       2.503270973,       589369.4882,      -36.97000262,       122.0258874,          85.9655879,       -0.02447824365,                1.092422883,       586.6106583,       586.6106583,       218540.3763,       218540.3763,       11699.64692,         0.0311560158,        -0.04552648856,       98161.10525,        109860.7522,           288.1047809,            298.5058774,            99267.61603,             119272.7603
          0,           0,         172,      -5.840817032,      -3.594643505,      -3.491133657,      -3.471464105,      -0.300776689,    -0.01407464316,    -0.01407464316,      0.4693789987,       578.7694985,       208009.2009,       208009.2009,       2.503095529,       589354.1785,      -36.54239101,       121.8736665,         85.91461781,       -0.02505340509,                1.095862078,       586.5954202,       586.5954202,       218497.6835,       218497.6835,       11701.05452,        0.03126143851,        -0.04533608167,        98154.0732,        109855.1277,           288.1057889,            298.4896313,            99268.15719,             119229.5263
          0,           0,         173,      -5.842085529,      -3.599136452,      -3.496444759,      -3.471911911,     -0.3019736206,    -0.01377305338,    -0.01377305338,      0.4691249076,       578.7741242,       207996.4213,       207996.4213,       2.502919107,       589337.7764,       -36.1042584,       121.7071814,         85.86211479,       -0.02563067559,                1.099479933,       586.5790949,       586.5790949,       218453.4816,       218453.4816,       11701.93442,        0.03136548083,        -0.04513853421,       98147.24344,        109849.1779,           288.1068841,            298.4722107,            99268.82428,             119184.6573
          0,           0,         174,      -5.843562701,      -3.603256313,      -3.501742602,      -3.472157124,     -0.3032939705,    -0.01346565327,    -0.01346565327,      0.4688353649,       578.7791745,       207984.2098,       207984.2098,       2.502747636,       589320.6673,      -35.65457199,       121.5249508,         85.80815654,       -0.02620521643,                1.103297348,       586.5620659,       586.5620659,       218408.3334,       218408.3334,       11703.04427,        0.03146788672,        -0.04493353999,       98140.58275,         109843.627,           288.1080335,            298.4540324,            99269.56526,             119138.7681
          0,           0,         175,       -5.84520598,      -3.606937345,       -3.50703694,      -3.472230973,     -0.3047067237,    -0.01315294098,    -0.01315294098,      0.4685095515,       578.7846984,       207972.6046,       207972.6046,       2.502581346,       589302.9005,      -35.19380583,       121.3267864,         85.75283023,       -0.02677441221,                1.107317238,       586.5443823,       586.5443823,       218362.2841,       218362.2841,       11704.46984,        0.03156836453,        -0.04472130551,       98134.06735,        109838.5372,           288.1092023,            298.4351799,            99270.33477,             119091.9493
          0,           0,         176,      -5.846995993,      -3.610112839,      -3.512345802,       -3.47218967,     -0.3061955418,    -0.01283521163,    -0.01283521163,      0.4681480974,       578.7906701,       207961.5746,       207961.5746,       2.502419992,       589284.4986,      -34.72253772,       121.1128206,         85.69624754,       -0.02733934041,                1.111541286,       586.5260665,       586.5260665,       218315.3656,       218315.3656,       11706.15576,        0.03166676687,         -0.0445019785,       98127.70943,        109833.8652,            288.110394,            298.4156726,            99271.13307,             119044.2325
          0,           0,         177,      -5.848887224,      -3.612701133,       -3.51768583,      -3.472062409,     -0.3077299355,    -0.01251327303,    -0.01251327303,      0.4677532306,       578.7967308,       207950.6411,       207950.6411,       2.502259491,       589265.1867,      -34.24196341,       120.8842739,         85.63844991,       -0.02789447902,                1.115955594,        586.506845,        586.506845,       218267.1907,       218267.1907,       11707.51247,        0.03176303706,        -0.04427631009,       98121.56432,        109829.0768,           288.1116441,            298.3952009,            99272.00963,             118995.1811
          0,           0,         178,      -5.850849121,      -3.614620284,      -3.523047205,      -3.471870518,     -0.3092883237,    -0.01218782664,    -0.01218782664,      0.4673262337,       578.8027246,        207939.635,        207939.635,       2.502098526,       589244.8767,      -33.75309418,       120.6418246,         85.57954772,       -0.02843741599,                1.120553647,       586.4866301,       586.4866301,       218217.6791,       218217.6791,       11708.37841,        0.03185701588,        -0.04404484251,       98115.62827,        109824.0067,            288.112939,            298.3736911,             99272.9482,             118944.7309
          0,           0,         179,      -5.852881524,      -3.615820848,      -3.528421842,      -3.471641678,     -0.3108704024,    -0.01185898722,    -0.01185898722,      0.4668657645,       578.8088912,       207928.9626,       207928.9626,       2.501940872,       589223.7732,      -33.25572009,       120.3849732,         85.51958817,       -0.02896671923,                1.125345172,       586.4656253,       586.4656253,       218167.2178,       218167.2178,       11709.12544,        0.03194857801,        -0.04380756523,       98109.91859,         109819.044,            288.114274,            298.3513513,            99273.95541,             118893.2624
          0,           0,         180,      -5.854988215,      -3.616236365,      -3.533793551,       -3.47138939,      -0.312478144,    -0.01152705021,    -0.01152705021,      0.4663718489,       578.8151527,       207918.5132,       207918.5132,       2.501785554,       589201.8118,      -32.75019439,       120.1137752,         85.45872024,       -0.02948046286,                1.130334201,       586.4437668,       586.4437668,       218115.7119,       218115.7119,       11709.65432,        0.03203758423,        -0.04356463444,       98104.42942,        109814.0837,           288.1156372,            298.3281296,              99275.014,             118840.6979
          0,           0,         181,      -5.857156051,      -3.615840673,      -3.539138708,       -3.47112141,     -0.3141035011,    -0.01119213334,    -0.01119213334,      0.4658447238,       578.8215826,       207908.3066,       207908.3066,       2.501632489,       589179.1027,      -32.23690319,       119.8280959,         85.39697499,       -0.02998157921,                1.135524905,        586.421164,        586.421164,       218063.2298,       218063.2298,       11709.99884,        0.03212388104,        -0.04331601438,        98099.1539,        109809.1527,           288.1170258,            298.3041382,            99276.10471,             118787.1251
          0,           0,         182,      -5.859408776,      -3.614612392,       -3.54442004,      -3.470832361,     -0.3157613023,    -0.01085425884,    -0.01085425884,       0.465283447,       578.8284194,       207898.6482,       207898.6482,       2.501484244,        589155.869,      -31.71572695,       119.5274372,         85.33441302,       -0.03047131398,                1.140928482,        586.398039,        586.398039,       218010.0755,       218010.0755,       11710.48074,        0.03220733916,          -0.043061598,       98094.08372,        109804.5645,           288.1184294,            298.2796097,            99277.20865,             118732.8668
          0,           0,         183,      -5.861734077,      -3.612539279,      -3.549592678,      -3.470516776,     -0.3174482086,    -0.01051379147,    -0.01051379147,      0.4646897318,       578.8354887,       207889.3595,       207889.3595,       2.501339489,       589131.9966,      -31.18731435,       119.2125705,         85.27110921,       -0.03094820889,                1.146540682,       586.3742784,       586.3742784,       217956.1482,       217956.1482,       11710.82291,        0.03228799789,        -0.04280178936,       98089.26831,        109800.0912,           288.1198711,            298.2544073,            99278.37619,              118677.772
          0,           0,         184,      -5.864173426,      -3.609619685,      -3.554616426,       -3.47016993,     -0.3191948942,     -0.0101706813,     -0.0101706813,      0.4640622197,       578.8429481,       207880.6552,       207880.6552,       2.501200061,       589107.6186,      -30.65132477,       118.8827666,         85.20712711,       -0.03141201955,                1.152376258,       586.3500144,       586.3500144,       217901.6424,       217901.6424,       11711.33195,        0.03236569306,        -0.04253637436,       98084.66161,        109795.9936,           288.1213092,            298.2287053,            99279.54849,             118622.0939
          0,           0,         185,      -5.866744123,      -3.605937775,      -3.559436948,      -3.469771015,     -0.3210150638,   -0.009825190866,   -0.009825190866,       0.463400835,       578.8507427,       207872.4659,       207872.4659,       2.501065363,       589082.6882,      -30.10794226,       118.5380269,          85.1425864,       -0.03186020178,                1.158441442,       586.3252008,       586.3252008,       217846.5024,       217846.5024,       11712.00302,        0.03244031237,        -0.04226550324,       98080.23144,        109792.2345,           288.1227152,            298.2024855,            99280.68408,             118565.8183
          0,           0,         186,      -5.869487678,      -3.601559541,      -3.563992527,      -3.469303438,     -0.3229367824,   -0.009477997568,   -0.009477997568,      0.4627092945,       578.8584217,       207864.1487,       207864.1487,       2.500929746,       589056.9035,      -29.55903419,       118.1797358,         85.07751077,       -0.03229768341,                1.164719019,       586.2995368,       586.2995368,       217790.2593,       217790.2593,       11712.25304,        0.03251174674,        -0.04198974431,       98075.94785,        109788.2009,           288.1240774,            298.1754594,            99281.74399,             118508.5153
          0,           0,         187,       -5.87243092,      -3.596589575,      -3.568226886,      -3.468748003,     -0.3249819803,   -0.009128971571,   -0.009128971571,      0.4619876989,       578.8661339,       207855.9792,       207855.9792,       2.500795868,       589030.3968,       -29.0040088,       117.8080328,         85.01205742,       -0.03271982443,                 1.17122047,       586.2731542,       586.2731542,       217733.1806,       217733.1806,       11712.10066,        0.03258023314,        -0.04170920471,       98071.93925,        109784.0399,           288.1254727,            298.1476814,            99282.87131,             118450.3093
          0,           0,         188,      -5.875594377,      -3.591126585,      -3.572094769,      -3.468103035,     -0.3271668592,   -0.008778048726,   -0.008778048726,      0.4612359386,       578.8740004,       207848.0889,       207848.0889,       2.500664737,       589003.3138,      -28.44310524,       117.4224551,          84.9462371,       -0.03313335669,                1.177956293,       586.2461979,       586.2461979,       217675.4407,       217675.4407,       11711.80577,        0.03264558758,         -0.0414236363,       98068.14157,        109779.9473,            288.126862,            298.1193359,            99283.98797,             118391.4528
          0,           0,         189,      -5.879000335,      -3.585298233,      -3.575546539,      -3.467362567,     -0.3295059899,   -0.008424735758,   -0.008424735758,      0.4604551907,        578.882252,       207840.8026,       207840.8026,       2.500539229,       588975.9304,      -27.87602727,       117.0228907,         84.88008554,       -0.03354539997,                1.184939483,       586.2189427,       586.2189427,       217617.4336,       217617.4336,       11711.51737,        0.03270800014,         -0.0411327359,       98064.64263,          109776.16,           288.1282979,            298.0906448,            99285.19331,             118332.2403
          0,           0,         190,      -5.882681712,       -3.57922534,      -3.578573879,      -3.466517096,     -0.3320213233,   -0.008069277585,   -0.008069277585,      0.4596465644,        578.890774,       207833.9463,       207833.9463,       2.500417749,       588948.1871,       -27.3035354,       116.6095652,         84.81368968,       -0.03396105702,                1.192172786,       586.1913293,       586.1913293,       217559.0586,       217559.0586,       11711.22492,        0.03276732262,        -0.04083660021,       98061.36068,        109772.5856,           288.1297257,            298.0616036,            99286.39433,             118272.6642
          0,           0,         191,      -5.886635558,      -3.573056144,      -3.581145209,      -3.465568318,     -0.3347124748,   -0.007712509716,   -0.007712509716,      0.4588126334,       578.8991344,       207826.9814,       207826.9814,       2.500295801,        588919.743,       -26.7269133,       116.1838721,         84.74711554,       -0.03437530817,                1.199641314,       586.1630183,       586.1630183,       217499.8828,       217499.8828,       11710.42169,        0.03282352896,        -0.04053603868,       98058.27985,        109768.7015,           288.1311311,            298.0318872,            99287.57213,             118212.3107
          0,           0,         192,       -5.89084658,      -3.566912206,      -3.583254726,      -3.464543598,     -0.3375667375,   -0.007353303064,   -0.007353303064,       0.457951804,       578.9081171,       207820.9675,       207820.9675,       2.500182544,       588891.3436,      -26.14467871,       115.7442422,         84.68039452,       -0.03479979102,                1.207382295,       586.1347518,       586.1347518,       217440.9536,       217440.9536,        11710.0163,        0.03287675196,        -0.04023005502,       98055.47559,        109765.4919,           288.1325675,            298.0021843,            99288.81011,             118152.1435
          0,           0,         193,       -5.89529063,      -3.560915513,      -3.584881919,      -3.463451934,     -0.3405660843,   -0.006992181742,   -0.006992181742,      0.4570646444,       578.9176343,       207815.7579,       207815.7579,       2.500076611,        588862.929,      -25.55736911,        115.291145,          84.6135511,       -0.03523011663,                1.215395032,       586.1064702,       586.1064702,       217382.1618,       217382.1618,       11709.94828,        0.03292689526,          -0.039919077,       98052.90481,        109762.8531,           288.1340061,            297.9724641,            99290.05734,             118092.1045
          0,           0,         194,      -5.899954263,      -3.555175053,      -3.586045224,      -3.462317086,     -0.3436978569,   -0.006630072014,   -0.006630072014,      0.4561549856,       578.9271623,       207810.6591,       207810.6591,       2.499972039,       588834.1108,      -24.96700085,       114.8263067,         84.54663704,       -0.03566841142,                1.223657665,       586.0777869,       586.0777869,       217322.9736,       217322.9736,       11709.66923,        0.03297387102,        -0.03960394304,       98050.49495,        109760.1642,           288.1353972,            297.9423897,            99291.23427,             118031.7394
          0,           0,         195,      -5.904792323,      -3.549806061,      -3.586764882,      -3.461164574,     -0.3469333576,   -0.006267520824,   -0.006267520824,      0.4552253214,       578.9364992,        207805.448,        207805.448,       2.499867094,       588804.7529,      -24.37416523,       114.3511777,         84.47970579,       -0.03610697745,                 1.23215881,       586.0485665,       586.0485665,       217263.2463,       217263.2463,       11708.80812,        0.03301791563,        -0.03928543646,       98048.31995,        109757.1281,            288.136789,            297.9117774,            99292.43076,             117970.8155
          0,           0,         196,      -5.909762621,      -3.544915771,      -3.587053707,      -3.460032435,     -0.3502427708,   -0.005904977094,   -0.005904977094,      0.4542784896,       578.9454275,        207799.846,        207799.846,       2.499759426,       588774.7315,      -23.77995545,        113.866961,         84.41279556,       -0.03654765134,                1.240886927,       586.0186856,       586.0186856,       217202.8177,       217202.8177,        11707.0833,        0.03305910276,        -0.03896407985,       98046.38137,        109753.4647,           288.1381816,             297.880504,            99293.65272,              117909.165
          0,           0,         197,      -5.914809172,       -3.54057755,      -3.586910026,      -3.458966265,     -0.3535875466,   -0.005541446636,   -0.005541446636,       0.453312544,       578.9547431,       207794.8851,       207794.8851,       2.499657771,       588744.7926,      -23.18305383,       113.3719982,          84.3459593,       -0.03700280586,                 1.24988142,       585.9888869,       585.9888869,       217142.6956,       217142.6956,       11705.60242,        0.03309744838,        -0.03863889502,       98044.64132,        109750.2437,           288.1395479,             297.849339,            99294.86286,             117847.8327
          0,           0,         198,      -5.919892602,      -3.536850456,      -3.586354449,      -3.457999649,     -0.3569417367,   -0.005176473435,   -0.005176473435,      0.4523273188,       578.9648521,        207791.073,        207791.073,       2.499566351,       588715.3458,      -22.58305955,         112.86566,          84.2792243,       -0.03748164261,                1.259164241,       585.9595779,       585.9595779,       217083.4141,       217083.4141,       11704.94214,        0.03313296968,        -0.03830944311,       98043.06546,        109748.0076,           288.1408701,            297.8187078,            99296.02758,             117787.3865
          0,           0,         199,      -5.924931631,      -3.533780978,      -3.585392172,      -3.457147869,     -0.3602562141,   -0.004811548075,   -0.004811548075,      0.4513280972,       578.9750146,       207787.4355,       207787.4355,       2.499476845,       588685.8225,      -21.98258868,       112.3508001,         84.21259376,       -0.03797869995,                1.268692228,       585.9301928,       585.9301928,       217024.1924,       217024.1924,       11704.17107,        0.03316568973,         -0.0379772378,       98041.63222,        109745.8033,            288.142132,            297.7880607,            99297.12649,              117727.066
          0,           0,         200,      -5.929884275,      -3.531423983,      -3.584027107,      -3.456456107,     -0.3634999792,   -0.004445862765,   -0.004445862765,      0.4503147151,       578.9858867,       207784.8459,       207784.8459,       2.499396738,       588656.8836,      -21.38090797,       111.8265556,          84.1461192,       -0.03850773454,                1.278494099,       585.9013894,       585.9013894,       216965.9432,       216965.9432,       11704.10691,         0.0331957339,        -0.03764159667,       98040.36948,        109744.4764,           288.1433575,            297.7580319,            99298.19561,             117667.7476
          0,           0,         201,       -5.93468362,      -3.529798308,      -3.582267398,      -3.455938864,     -0.3666308897,   -0.004079973623,   -0.004079973623,      0.4492884028,       578.9974733,       207783.3362,       207783.3362,       2.499326405,       588628.5707,      -20.77830327,       111.2938836,         84.07982809,       -0.03905944999,                1.288564554,        585.873209,        585.873209,       216908.7474,       216908.7474,       11704.71773,        0.03322323533,        -0.03730320896,       98039.30922,         109744.027,           288.1445736,            297.7286354,            99299.27581,             117609.4716
          0,           0,         202,      -5.939283198,      -3.528882878,      -3.580133853,      -3.455614746,     -0.3696204235,   -0.003714676719,   -0.003714676719,      0.4482524406,       579.0095444,       207782.5828,       207782.5828,       2.499263001,       588600.7722,      -20.17648244,       110.7542877,          84.0137436,        -0.0396369516,                1.298882476,       585.8455406,       585.8455406,       216852.4294,       216852.4294,       11705.78527,        0.03324815073,        -0.03696282745,       98038.39879,        109744.1841,           288.1457484,            297.6997922,            99300.31086,             117552.1186
          0,           0,         203,      -5.943664651,      -3.528674314,      -3.577643028,      -3.455502984,     -0.3724592444,   -0.003351253287,   -0.003351253287,       0.447210265,       579.0216063,       207781.9486,       207781.9486,       2.499201112,       588573.0885,      -19.57751817,       110.2100162,         83.94788717,       -0.04023457956,                1.309410981,       585.8179865,       585.8179865,       216796.4635,       216796.4635,       11706.74752,        0.03327047588,        -0.03662172916,       98037.60054,        109744.3481,           288.1468557,            297.6711308,             99301.2623,             117495.2012
          0,           0,         204,      -5.947793983,      -3.529134157,      -3.574805971,      -3.455632862,     -0.3751286159,   -0.002988626799,   -0.002988626799,      0.4461610163,       579.0345259,       207782.5601,       207782.5601,       2.499150296,       588546.3775,      -18.98037153,       109.6596113,         83.88227084,       -0.04087092392,                1.320188181,       585.7914005,       585.7914005,       216742.0025,       216742.0025,       11708.73211,        0.03329027276,        -0.03627889956,         98036.914,        109745.6461,           288.1479003,            297.6435002,            99302.13358,              117439.869
          0,           0,         205,      -5.951661521,      -3.530229998,      -3.571663813,       -3.45599972,     -0.3776235612,    -0.00262830492,    -0.00262830492,      0.4451109821,       579.0475158,       207783.3897,       207783.3897,        2.49910185,        588520.038,      -18.38771006,       109.1065309,         83.81692307,       -0.04153838417,                1.331156127,       585.7651843,       585.7651843,       216688.2253,       216688.2253,       11710.55732,        0.03330777247,        -0.03593607739,       98036.41619,        109746.9735,           288.1489406,            297.6162437,            99303.01768,             117385.2076
          0,           0,         206,      -5.955250679,      -3.531923102,      -3.568246353,      -3.456616428,     -0.3799328868,   -0.002270246464,   -0.002270246464,      0.4440585146,       579.0610561,       207785.0939,       207785.0939,       2.499061433,       588494.4921,      -17.79899055,        108.550328,          83.7518614,       -0.04223567059,                1.342329891,        585.739758,        585.739758,       216635.7447,       216635.7447,       11712.96335,        0.03332297381,        -0.03559322027,       98036.06529,        109749.0286,           288.1499498,            297.5898082,            99303.87252,             117331.8722
          0,           0,         207,      -5.958552321,      -3.534171481,      -3.564585165,      -3.457466372,     -0.3820508843,   -0.001915607363,   -0.001915607363,      0.4430100388,       579.0745445,       207786.8364,       207786.8364,        2.49902177,        588469.342,      -17.21733518,       107.9939089,          83.6871241,       -0.04297281303,                1.353654465,       585.7147256,       585.7147256,       216583.9661,       216583.9661,       11715.13693,        0.03333593373,        -0.03525154109,       98035.84976,        109750.9867,           288.1509224,            297.5638032,            99304.69029,             117279.2758
          0,           0,         208,      -5.961565529,      -3.536907861,      -3.560745892,      -3.458558812,      -0.383975278,   -0.001564265728,   -0.001564265728,      0.4419664519,       579.0883815,       207789.1531,       207789.1531,       2.498987467,       588445.0261,      -16.64277554,       107.4374076,         83.62273761,       -0.04375671196,                1.365133323,       585.6905236,       585.6905236,       216533.4937,       216533.4937,       11717.59443,        0.03334676628,        -0.03491103201,       98035.77935,        109753.3738,           288.1518692,            297.5386544,            99305.48883,             117228.0049
          0,           0,         209,      -5.964291124,      -3.540036504,      -3.556805978,      -3.459884315,     -0.3857093868,   -0.001216928436,   -0.001216928436,      0.4409292366,       579.1025401,       207792.0331,       207792.0331,        2.49895849,       588421.5649,      -16.07609472,       106.8819438,            83.55873,       -0.04458159404,                1.376746043,       585.6671722,       585.6671722,       216484.3832,       216484.3832,       11720.40369,        0.03335551565,        -0.03457244408,       98035.81469,        109756.2184,           288.1527668,            297.5144054,            99306.23191,             117178.1513
          0,           0,         210,      -5.966709825,      -3.543520982,      -3.552824537,      -3.461434476,     -0.3872437417,  -0.0008741452223,  -0.0008741452223,      0.4399001554,       579.1170425,       207795.5064,       207795.5064,       2.498935093,       588399.0279,      -15.51816819,       106.3286993,         83.49511637,        -0.0454463301,                1.388470377,       585.6447406,       585.6447406,       216436.7317,       216436.7317,       11723.59329,        0.03336228171,        -0.03423642693,       98035.95657,        109759.5499,           288.1536199,            297.4911207,            99306.92749,             117129.8042
          0,           0,         211,      -5.968838962,      -3.547292752,      -3.548886216,      -3.463222773,     -0.3885877017,  -0.0005352559266,  -0.0005352559266,      0.4388810307,       579.1324433,        207800.268,        207800.268,       2.498923094,       588378.0423,      -14.96931558,       105.7775322,         83.43190178,       -0.04637659976,                 1.40031382,       585.6238533,       585.6238533,       216391.3506,       216391.3506,       11727.84648,        0.03336718845,        -0.03390244437,       98036.21075,        109764.0572,           288.1544346,            297.4694187,            99307.59031,             117083.7603
          0,           0,         212,      -5.970664561,      -3.551293593,      -3.545070907,      -3.465224139,     -0.3897340117,   -0.000201539965,   -0.000201539965,      0.4378754056,        579.148284,        207805.728,        207805.728,       2.498917496,       588358.2401,      -14.43165121,       105.2308932,         83.36912243,        -0.0473676371,                1.412221799,       585.6041438,       585.6041438,       216347.7563,       216347.7563,       11732.61224,        0.03337030592,        -0.03357184588,       98036.55788,        109769.1701,           288.1552038,              297.44894,            99308.20614,             117039.5501
          0,           0,         213,      -5.972168055,      -3.555461087,      -3.541479617,      -3.467433612,     -0.3906729792,   0.0001262737293,   0.0001262737293,      0.4368862758,       579.1643571,       207811.6091,       207811.6091,       2.498915915,       588339.5061,      -13.90669193,       104.6904589,         83.30680808,       -0.04842150914,                1.424154626,       585.5854975,       585.5854975,       216305.7848,       216305.7848,       11737.64086,        0.03337171575,        -0.03324544202,        98036.9841,         109774.625,           288.1559221,            297.4295754,            99308.76719,             116997.0176
          0,           0,         214,      -5.973315896,       -3.55972564,      -3.538198513,      -3.469861933,     -0.3913873071,   0.0004482948119,   0.0004482948119,      0.4359148467,       579.1810211,       207818.3694,       207818.3694,       2.498922213,       588322.2468,      -13.39468084,       104.1564613,           83.244941,       -0.04954795718,                1.436104961,        585.568319,        585.568319,       216265.9697,       216265.9697,       11743.39578,        0.03337151581,          -0.032923221,       98037.48682,        109780.8826,            288.156593,             297.411726,            99309.27807,             116956.6916
          0,           0,         215,      -5.974042196,      -3.564055436,       -3.53532133,      -3.472495957,     -0.3918413561,   0.0007633948943,   0.0007633948943,      0.4349646866,       579.1978624,       207825.4796,       207825.4796,       2.498931917,       588306.1479,      -12.89771349,       103.6312791,         83.18354967,       -0.05074565067,                1.448012148,       585.5522955,       585.5522955,       216227.8998,       216227.8998,       11749.37005,          0.033369801,         -0.0326064061,       98038.05478,        109787.4248,           288.1572133,            297.3950822,            99309.73467,             116918.1652
          0,           0,         216,      -5.974326937,       -3.56839878,      -3.532941203,      -3.475337826,     -0.3920265243,    0.001070856057,    0.001070856057,      0.4340387989,       579.2147907,         207832.83,         207832.83,       2.498944119,       588291.2089,      -12.41738105,        103.116591,         83.12262583,       -0.05201918895,                1.459828219,       585.5374264,       585.5374264,        216191.584,        216191.584,        11755.4727,        0.03336665679,        -0.03229580073,       98038.67866,        109794.1514,           288.1577825,            297.3796439,            99310.13425,             116881.4498
          0,           0,         217,      -5.974139715,      -3.572750219,      -3.531123744,      -3.478385262,     -0.3919246379,    0.001370365825,    0.001370365825,      0.4331389477,       579.2319251,       207840.5633,       207840.5633,       2.498959986,       588277.6026,       -11.9545493,       102.6133725,         83.06215654,       -0.05337425056,                1.471520958,       585.5238837,       585.5238837,        216157.241,        216157.241,       11761.85745,        0.03336218543,        -0.03199181961,       98039.35291,        109801.2104,           288.1583019,            297.3655819,            99310.47904,             116846.7619
          0,           0,         218,      -5.973447335,      -3.577109633,      -3.529938883,       -3.48163745,     -0.3915183379,    0.001661963226,    0.001661963226,      0.4322674241,       579.2494353,       207848.8738,       207848.8738,       2.498981078,       588265.5704,      -11.51015105,       102.1223245,         83.00215398,       -0.05482778492,                 1.48306414,       585.5119079,       585.5119079,       216125.1645,       216125.1645,       11768.72529,        0.03335648785,        -0.03169452463,       98040.07427,        109808.7996,           288.1587754,            297.3531325,            99310.77339,             116814.3911
          0,           0,         219,      -5.972255802,      -3.581469414,      -3.529448516,      -3.485090949,     -0.3908087858,    0.001944569897,    0.001944569897,      0.4314265312,       579.2669945,       207857.3518,       207857.3518,       2.499003964,       588254.8393,      -11.08573803,       101.6455213,         82.94261212,       -0.05637159768,                1.494393626,        585.501227,        585.501227,       216095.0056,       216095.0056,       11775.67915,        0.03334967322,        -0.03140510332,       98040.83634,        109816.5155,           288.1592034,            297.3420237,            99311.01931,             116783.9863
          0,           0,         220,      -5.970545478,      -3.585846821,      -3.529692608,      -3.488749671,     -0.3897858264,     0.00221790302,     0.00221790302,      0.4306171008,       579.2847046,       207866.1522,       207866.1522,       2.499030025,       588245.5323,      -10.68176461,       101.1836496,         82.88352268,       -0.05800586499,                1.505478663,       585.4919636,       585.4919636,       216066.9517,       216066.9517,       11782.89443,        0.03334182717,        -0.03112392415,       98041.62887,        109824.5233,           288.1595831,            297.3323805,            99311.21322,             116755.7385
          0,           0,         221,      -5.968305763,      -3.590228028,      -3.530711882,      -3.492611486,     -0.3884444685,    0.002481531386,    0.002481531386,      0.4298411945,       579.3025016,       207875.1917,       207875.1917,       2.499058559,       588237.6409,      -10.29926721,       100.7379106,         82.82488102,       -0.05973353517,                1.516273879,       585.4841091,       585.4841091,       216040.9888,       216040.9888,        11790.2804,        0.03333305275,        -0.03085152136,       98042.45563,         109832.736,           288.1599225,            297.3241866,            99311.36677,              116729.622
          0,           0,         222,      -5.965560972,      -3.594603411,      -3.532532514,      -3.496674913,     -0.3867967664,    0.002735198857,    0.002735198857,      0.4291007934,       579.3204037,       207884.5046,       207884.5046,       2.499089886,        588231.233,      -9.939215886,       100.3093471,         82.76666562,       -0.06156242504,                1.526736925,       585.4777312,       585.4777312,       216017.2174,       216017.2174,       11797.90999,        0.03332346496,         -0.0305882661,        98043.2973,        109841.2073,           288.1602125,            297.3175187,            99311.46992,             116705.7475
          0,           0,         223,      -5.962393204,      -3.598965164,      -3.535172854,      -3.500942278,     -0.3848879506,    0.002978967885,    0.002978967885,      0.4283972506,       579.3384711,       207894.1956,       207894.1956,       2.499124984,       588226.4033,      -9.602255605,       99.89856036,         82.70887404,       -0.06350442651,                1.536837009,       585.4729241,       585.4729241,       215995.7896,       215995.7896,       11805.90376,         0.0333131821,        -0.03033421422,       98044.14593,        109850.0497,           288.1604544,            297.3124697,            99311.52391,             116684.2657
          0,           0,         224,      -5.958834537,      -3.603308409,      -3.538630848,      -3.505393729,     -0.3827338747,    0.003211613337,    0.003211613337,      0.4277304674,       579.3563445,       207903.8142,       207903.8142,       2.499160079,       588222.7683,      -9.288784022,       99.50713656,         82.65150082,       -0.06552625159,                1.546513503,       585.4693061,       585.4693061,       215976.2092,       215976.2092,       11813.82725,        0.03330229746,        -0.03009068412,       98044.99347,        109858.8207,           288.1606481,             297.308658,            99311.52814,              116664.681
          0,           0,         225,      -5.954959899,      -3.607625392,      -3.542891255,      -3.510014462,     -0.3803788352,     0.00343353442,     0.00343353442,      0.4271019037,       579.3742612,       207913.6579,       207913.6579,       2.499197659,       588220.6068,      -8.999030043,       99.13509247,         82.59452793,       -0.06764344189,                 1.55574953,       585.4671548,       585.4671548,       215958.8335,       215958.8335,        11821.9881,        0.03329090963,        -0.02985737521,       98045.83491,         109867.823,           288.1607961,            297.3063587,            99311.48534,             116647.3482
          0,           0,         226,      -5.950836633,       -3.61191374,      -3.547904662,      -3.514808939,     -0.3778609358,    0.003645478314,    0.003645478314,      0.4265124403,       579.3925292,       207924.0894,       207924.0894,       2.499240671,       588220.2503,       -8.73329476,       98.78215147,         82.53793863,       -0.06988361308,                1.564537237,       585.4667999,       585.4667999,       215944.0645,       215944.0645,       11830.76219,        0.03327910985,        -0.02963363153,       98046.66361,        109877.4258,           288.1608982,            297.3059017,            99311.39608,             116632.6685
          0,           0,         227,      -5.946570954,      -3.616176785,      -3.553617277,      -3.519718811,     -0.3752433191,    0.003845788461,    0.003845788461,      0.4259621827,       579.4105114,       207934.3188,       207934.3188,        2.49928254,        588221.032,      -8.492340904,       98.45048366,         82.48173759,       -0.07220311667,                1.572797061,       585.4675779,       585.4675779,       215931.0504,       215931.0504,       11839.36947,        0.03326698366,         -0.0294211952,       98047.47469,        109886.8442,           288.1609584,            297.3066195,            99311.26225,             116619.7881
          0,           0,         228,      -5.942263232,      -3.620366377,      -3.559959665,      -3.524734542,     -0.3725859858,    0.004034418276,    0.004034418276,      0.4254513668,       579.4282642,       207944.4335,       207944.4335,       2.499324057,       588223.0029,      -8.275914146,       98.14037866,          82.4259114,       -0.07459326441,                1.580505556,       585.4695396,       585.4695396,       215919.8683,       215919.8683,       11847.87829,        0.03325466414,        -0.02922024586,       98048.27758,        109896.1559,           288.1609893,            297.3085503,            99311.10336,             116608.7649
          0,           0,         229,      -5.938003355,      -3.624454791,      -3.566837217,      -3.529815421,     -0.3699471137,    0.004211454958,    0.004211454958,      0.4249799136,       579.4458431,       207954.5082,       207954.5082,       2.499365858,       588226.2044,       -8.08398496,       97.85193585,         82.37041489,       -0.07705399515,                1.587642647,       585.4727262,       585.4727262,       215910.5747,       215910.5747,       11856.39642,        0.03324221535,        -0.02903076039,       98049.05586,        109905.4523,           288.1609847,            297.3117415,             99310.9085,             116599.6662
          0,           0,         230,      -5.933884499,      -3.628354177,      -3.574169375,      -3.534929306,     -0.3673869914,    0.004377314016,    0.004377314016,      0.4245483423,       579.4633689,       207964.6759,       207964.6759,        2.49940899,       588230.7614,      -7.916679793,       97.58512657,         82.31522483,       -0.07959765576,                1.594194922,       585.4772619,       585.4772619,       215903.3083,       215903.3083,       11865.05793,        0.03322973663,        -0.02885242262,       98049.80901,        109914.8669,           288.1609496,            297.3163123,            99310.68495,             116592.6234
          0,           0,         231,      -5.929990041,       -3.63205791,      -3.581805784,      -3.540013088,     -0.3649621698,    0.004531143456,    0.004531143456,       0.424155363,       579.4805653,       207974.5887,       207974.5887,       2.499450528,       588236.3366,       -7.77354091,       97.34069384,          82.2602905,       -0.08218531269,                1.600124155,       585.4828109,       585.4828109,       215897.6276,       215897.6276,       11873.55834,        0.03321728221,        -0.02868613875,       98050.51518,        109924.0735,           288.1608726,            297.3219383,            99310.41568,             116587.2119
          0,           0,         232,      -5.926407589,      -3.635528816,      -3.589599856,      -3.545021482,     -0.3627325017,     0.00467298915,     0.00467298915,      0.4238002948,       579.4975045,       207984.3256,       207984.3256,       2.499491103,       588242.9657,      -7.653952234,       97.11861985,         82.20562371,       -0.08480392439,                1.605419935,        585.489409,        585.489409,       215893.5612,       215893.5612,       11881.94992,        0.03320496759,        -0.02853197844,       98051.18785,        109933.1378,           288.1607698,            297.3286392,            99310.12265,             116583.4385
          0,           0,         233,       -5.92320987,      -3.638688825,       -3.59738565,      -3.549900837,     -0.3607493765,    0.004802853021,    0.004802853021,      0.4234827436,       579.5141029,       207993.7665,       207993.7665,       2.499529648,       588250.5377,      -7.557782513,       96.91898189,         82.15119053,       -0.08744731107,                1.610066492,       585.4969456,       585.4969456,       215890.9464,       215890.9464,       11890.15032,        0.03319282923,        -0.02838997621,       98051.80808,        109941.9584,           288.1606338,            297.3363118,            99309.79034,              116581.156
          0,           0,         234,      -5.920474509,      -3.641492801,      -3.604986509,      -3.554589193,     -0.3590666359,    0.004920664549,    0.004920664549,      0.4232015524,       579.5303202,       208002.8616,       208002.8616,       2.499565761,       588258.9587,      -7.484042054,       96.74173688,         82.09701928,       -0.09009141948,                1.614058018,       585.5053271,       585.5053271,       215889.6552,       215889.6552,        11898.0735,        0.03318099404,        -0.02826032949,       98052.39407,        109950.4676,           288.1604816,            297.3448455,            99309.44629,             116580.2089
          0,           0,         235,      -5.918226146,      -3.643885902,      -3.612233419,      -3.559022617,     -0.3577054136,    0.005026522817,    0.005026522817,        0.42295516,       579.5462118,       208011.6986,       208011.6986,        2.49960023,       588268.2247,      -7.431671189,       96.58644561,         82.04312142,        -0.0927184688,                 1.61739988,       585.5145497,       585.5145497,       215889.6954,       215889.6954,       11905.81355,        0.03316951905,        -0.02814299623,       98052.94252,        109958.7561,           288.1603141,            297.3542356,            99309.09204,             116580.6034
          0,           0,         236,      -5.916505687,      -3.645794659,      -3.618960004,      -3.563146405,     -0.3566977537,    0.005120552856,    0.005120552856,      0.4227419924,       579.5617875,       208020.2865,       208020.2865,       2.499633118,       588278.2825,      -7.399616844,       96.45267233,         81.98948823,       -0.09531089084,                1.620098784,       585.5245605,       585.5245605,       215890.9895,       215890.9895,         11913.393,          0.033158461,        -0.02803790815,       98053.44676,        109966.8398,           288.1601301,            297.3644304,            99308.72555,              116582.264
          0,           0,         237,      -5.915336374,      -3.647233363,      -3.624974955,      -3.566914474,     -0.3560626006,    0.005203331168,    0.005203331168,      0.4225618493,       579.5770721,       208028.6206,       208028.6206,       2.499664253,       588289.1392,      -7.387674316,        96.3399399,         81.93609817,       -0.09787996291,                1.622163533,       585.5353664,       585.5353664,       215893.5052,       215893.5052,       11920.83061,        0.03314785896,         -0.0279445278,       98053.89498,        109974.7256,           288.1599248,            297.3754416,            99308.33821,              116585.167
          0,           0,         238,      -5.914731784,       -3.64817932,       -3.63013909,      -3.570289064,     -0.3558083542,    0.005274725146,    0.005274725146,       0.422412236,        579.592008,       208036.6322,       208036.6322,       2.499693073,       588300.6441,      -7.394363116,       96.24779143,         81.88292078,        -0.1003931318,                1.623603776,       585.5468174,       585.5468174,       215897.0445,       215897.0445,       11928.07728,        0.03313775149,        -0.02786302635,       98054.27748,        109982.3548,           288.1596938,            297.3871236,            99307.92362,             116589.1209
          0,           0,         239,      -5.914710041,      -3.648615412,       -3.63432919,      -3.573236153,     -0.3559486782,    0.005334910166,    0.005334910166,      0.4222914038,       579.6065553,       208044.2575,       208044.2575,       2.499718997,        588312.687,      -7.418558532,       96.17571923,         81.82993516,        -0.1028334765,                1.624433263,        585.558804,        585.558804,       215901.4444,       215901.4444,       11935.06309,         0.0331281958,        -0.02779328563,       98054.59719,        109989.6603,           288.1594428,            297.3993611,            99307.48905,             116593.9554
          0,           0,         240,      -5.915270926,      -3.648560676,      -3.637451895,      -3.575734222,     -0.3564835267,     0.00538448078,     0.00538448078,        0.42219772,       579.6208193,       208051.6174,       208051.6174,          2.499743,       588325.3097,      -7.458969866,       96.12274256,         81.77714074,        -0.1051958741,                 1.62468297,       585.5713676,       585.5713676,       215906.7402,       215906.7402,       11941.89354,        0.03311925245,        -0.02773477167,       98054.86191,        109996.7555,           288.1591796,             297.412188,            99307.04683,             116599.6934
          0,           0,         241,      -5.916410704,      -3.648001691,      -3.639489648,      -3.577766495,     -0.3574101998,    0.005423388743,    0.005423388743,      0.4221285817,       579.6347006,       208058.5884,       208058.5884,        2.49976405,       588338.3163,      -7.514176144,       96.08830157,         81.72453385,        -0.1074526755,                    1.62437,       585.5843133,       585.5843133,       215912.6752,       215912.6752,       11948.46788,        0.03311093759,        -0.02768754885,       98055.06027,        110003.5281,           288.1588983,             297.425415,            99306.58705,             116606.0881
          0,           0,         242,      -5.918103762,      -3.647000787,      -3.640430469,      -3.579342807,     -0.3587099428,    0.005452192666,    0.005452192666,      0.4220824899,       579.6482476,       208065.2065,       208065.2065,       2.499782358,       588351.6977,      -7.583082006,       96.07150684,         81.67209939,        -0.1096014802,                1.623523992,        585.597632,        585.597632,       215919.2053,       215919.2053,         11954.819,        0.03310329311,        -0.02765110045,       98055.19374,        110010.0127,           288.1586028,            297.4390292,            99306.11444,             116613.0909
          0,           0,         243,      -5.920320027,      -3.645637407,      -3.640304311,      -3.580466875,     -0.3603587336,    0.005471070961,    0.005471070961,      0.4220568901,       579.6614491,       208071.4632,       208071.4632,       2.499797882,       588365.3484,      -7.664035761,       96.07155641,         81.61984335,        -0.1116189592,                1.622173452,       585.6112189,       585.6112189,       215926.1945,       215926.1945,       11960.91973,        0.03309636725,        -0.02762529629,       98055.27175,        110016.1915,           288.1583024,            297.4529165,            99305.64201,             116620.5525
          0,           0,         244,      -5.923031855,       -3.64394081,      -3.639204931,      -3.581163036,     -0.3623326383,    0.005480526107,    0.005480526107,        0.42205136,       579.6742511,       208077.2816,       208077.2816,       2.499809942,       588379.1985,      -7.756488649,       96.08781889,         81.56776074,        -0.1135102419,                1.620340804,       585.6250041,       585.6250041,       215933.5372,       215933.5372,       11966.69955,        0.03309017589,        -0.02760964978,       98055.29103,        110021.9906,           288.1579972,            297.4670069,             99305.1677,             116628.3695
          0,           0,         245,       -5.92620151,      -3.641931723,      -3.637280406,      -3.581470047,       -0.36460388,    0.005481004292,    0.005481004292,      0.4220631284,       579.6867308,       208082.7577,       208082.7577,        2.49981934,       588393.2221,       -7.85868945,       96.11914743,         81.51586498,        -0.1152605541,                1.618066785,       585.6389621,       585.6389621,        215941.194,        215941.194,       11972.23542,        0.03308475483,        -0.02760375054,       98055.26114,        110027.4966,           288.1576948,            297.4812673,            99304.70371,             116636.4902
          0,           0,         246,      -5.929765233,        -3.6396938,        -3.6346435,      -3.581421673,     -0.3671262135,    0.005472913777,    0.005472913777,      0.4220918383,       579.6987562,       208087.6926,       208087.6926,       2.499824304,       588407.2762,      -7.970117113,       96.16497775,         81.46416321,        -0.1168724168,                 1.61537233,       585.6529504,       585.6529504,       215948.9391,       215948.9391,       11977.33714,        0.03308010071,        -0.02760718693,       98055.17775,        110032.5149,           288.1573941,            297.4955563,            99304.24547,             116644.6936
          0,           0,         247,       -5.93366284,      -3.637304382,      -3.631441036,      -3.581065512,     -0.3698552844,    0.005456861265,    0.005456861265,       0.422134219,       579.7105271,       208092.3639,       208092.3639,       2.499827237,       588421.4428,      -8.088906285,       96.22388818,         81.41266705,        -0.1183365637,                1.612307207,       585.6670506,       585.6670506,       215956.9029,       215956.9029,       11982.26649,        0.03307623716,         -0.0276193759,        98055.0487,        110037.3152,           288.1570995,            297.5099512,            99303.80253,             116653.1004
          0,           0,         248,      -5.937831667,      -3.634801486,      -3.627855144,      -3.580462852,     -0.3727476082,    0.005433184039,    0.005433184039,       0.422189735,       579.7219097,         208096.61,         208096.61,       2.499826814,       588435.5708,      -8.214575567,       96.29531945,         81.36139226,        -0.1196552238,                1.608892045,       585.6811126,       585.6811126,       215964.8926,       215964.8926,       11986.88711,        0.03307313829,        -0.02763995425,       98054.86143,        110041.7485,           288.1568033,            297.5243093,            99303.36045,             116661.5322
          0,           0,         249,      -5.942210175,      -3.632235605,      -3.624049184,      -3.579655951,     -0.3757617664,    0.005402494942,    0.005402494942,       0.422256034,       579.7330104,       208100.5639,       208100.5639,        2.49982415,       588449.6827,      -8.345684022,       96.37805035,         81.31036177,        -0.1208255655,                1.605170105,       585.6951584,       585.6951584,        215972.932,        215972.932,       11991.29738,        0.03307081829,        -0.02766832335,       98054.63325,        110045.9306,           288.1565176,            297.5386408,             99302.9375,             116669.9945
          0,           0,         250,      -5.946707165,      -3.629645306,      -3.620171424,      -3.578700358,     -0.3788362433,    0.005365128444,    0.005365128444,      0.4223330347,       579.7436567,       208103.9782,       208103.9782,       2.499817073,       588463.6047,      -8.481998822,       96.47163654,         81.25959531,         -0.121853474,                 1.60115819,       585.7090152,       585.7090152,       215980.7605,       215980.7605,       11995.27148,        0.03306924376,        -0.02770411531,       98054.35334,        110049.6248,           288.1562357,            297.5527795,            99302.52039,             116678.2402
          0,           0,         251,      -5.951244999,      -3.627115633,      -3.616333715,       -3.57764314,     -0.3819165107,    0.005321700731,    0.005321700731,      0.4224196389,       579.7538518,       208106.8519,       208106.8519,        2.49980557,       588477.2991,       -8.62260286,       96.57517997,         81.20911803,        -0.1227438028,                 1.59688994,       585.7226455,       585.7226455,       215988.3203,       215988.3203,       11998.75658,        0.03306844817,        -0.02774674744,       98054.04767,        110052.8042,           288.1559751,            297.5666704,            99302.13747,             116686.1828
          0,           0,         252,        -5.9557495,      -3.624705292,      -3.612649435,      -3.576535436,     -0.3849517139,    0.005272402874,    0.005272402874,      0.4225160937,       579.7633231,       208108.8095,       208108.8095,       2.499786384,       588490.5017,      -8.767638104,        96.6884585,         81.15894068,        -0.1235040168,                 1.59237358,       585.7357863,       585.7357863,       215995.2334,       215995.2334,       12001.41281,        0.03306836439,        -0.02779596152,       98053.69834,        110055.1112,           288.1557234,            297.5800629,            99301.76591,             116693.4675
          0,           0,         253,      -5.960133414,      -3.622455782,      -3.609200134,      -3.575418996,     -0.3878875219,    0.005218075192,    0.005218075192,        0.42262004,       579.7723203,       208110.1833,       208110.1833,       2.499762361,       588503.3833,      -8.915572388,       96.80997193,         81.10908855,        -0.1241387182,                1.587660553,       585.7486076,       585.7486076,       216001.7377,       216001.7377,       12003.52031,        0.03306901381,        -0.02785093862,        98053.3315,        110056.8518,           288.1554985,            297.5931091,            99301.43323,             116700.3045
          0,           0,         254,       -5.96431545,       -3.62039871,      -3.606077492,      -3.574333089,     -0.3906757477,    0.005159344736,    0.005159344736,      0.4227292952,        579.780982,       208111.1378,       208111.1378,       2.499734826,       588516.0142,      -9.065348418,       96.93834715,         81.05955749,        -0.1246540535,                1.582792567,       585.7611794,       585.7611794,       216007.9135,       216007.9135,       12005.30962,        0.03307029863,        -0.02791095389,       98052.91411,        110058.2237,           288.1552771,            297.6059023,            99301.09947,             116706.8141
          0,           0,         255,      -5.968209289,      -3.618558933,      -3.603344105,      -3.573316661,     -0.3932631306,    0.005096863671,    0.005096863671,      0.4228428734,       579.7893948,       208111.7845,       208111.7845,       2.499704734,       588528.4453,      -9.216113621,        97.0726782,         81.01042152,        -0.1250575351,                 1.57780303,       585.7735522,       585.7735522,       216013.8266,       216013.8266,       12006.82615,        0.03307226082,        -0.02797539715,        98052.4792,        110059.3053,           288.1550804,            297.6184719,            99300.80026,             116713.0264
          0,           0,         256,      -5.971742525,      -3.616974817,      -3.601050211,      -3.572400975,     -0.3956048533,    0.005031131826,    0.005031131826,      0.4229598342,       579.7976056,       208112.1654,       208112.1654,       2.499672364,       588540.7001,       -9.36740796,       97.21203017,         80.96169831,        -0.1253597278,                1.572719508,       585.7857497,       585.7857497,       216019.4892,       216019.4892,       12008.15902,        0.03307480795,        -0.02804367613,       98052.00318,        110060.1622,           288.1548896,            297.6308601,            99300.50558,             116718.9836
          0,           0,         257,      -5.974845046,      -3.615679857,      -3.599226637,      -3.571605621,     -0.3976630968,    0.004962661482,    0.004962661482,      0.4230797299,       579.8056308,       208112.2998,       208112.2998,       2.499637887,       588552.7789,      -9.518754412,       97.35577124,         80.91343649,        -0.1255693854,                1.567564814,        585.797772,        585.797772,       216024.8992,       216024.8992,       12009.27006,        0.03307796675,        -0.02811530527,       98051.51486,        110060.7849,           288.1547233,            297.6430486,            99300.24582,             116724.6533
          0,           0,         258,      -5.977470217,      -3.614680769,      -3.597910784,      -3.570950669,     -0.3994128289,    0.004891933567,    0.004891933567,       0.423201692,         579.81351,        208112.214,        208112.214,       2.499601427,       588564.6995,      -9.669780257,       97.50302277,         80.86566302,        -0.1256976007,                1.562363975,       585.8096368,       585.8096368,       216030.0557,       216030.0557,       12010.23757,        0.03308164555,        -0.02818971198,       98050.98819,        110061.2258,           288.1545614,            297.6550754,            99299.98831,             116730.0674
          0,           0,         259,      -5.979574702,      -3.614035031,      -3.597094721,      -3.570439856,     -0.4008284145,    0.004819410983,    0.004819410983,      0.4233251918,       579.8212823,       208111.9525,       208111.9525,       2.499563347,        588576.485,      -9.820135689,       97.65310945,         80.81841452,        -0.1257543835,                1.557137963,       585.8213671,       585.8213671,       216034.9846,       216034.9846,       12011.08935,        0.03308582012,        -0.02826640914,       98050.43157,        110061.5209,           288.1544085,            297.6669586,            99299.73945,             116735.2452
          0,           0,         260,      -5.981115226,      -3.613760189,      -3.596778317,      -3.570081418,     -0.4018849946,    0.004745571966,    0.004745571966,      0.4234506671,        579.828966,       208111.5383,       208111.5383,        2.49952385,       588588.1748,      -9.969758838,       97.80558819,         80.77174307,        -0.1257535394,                1.551901948,       585.8330021,       585.8330021,       216039.7361,       216039.7361,       12011.79164,        0.03309050138,        -0.02834492941,       98049.87332,         110061.665,           288.1542833,            297.6787188,            99299.52808,             116740.2081
          0,           0,         261,      -5.982080303,      -3.613858864,      -3.596977272,      -3.569885541,     -0.4025764681,     0.00467074282,     0.00467074282,      0.4235778466,       579.8365982,       208111.0186,       208111.0186,       2.499483324,       588599.8063,      -10.11856893,       97.95987496,         80.72565485,        -0.1257056397,                1.546670608,       585.8445793,       585.8445793,       216044.3616,       216044.3616,       12012.41916,        0.03309560644,        -0.02842486362,       98049.29973,        110061.7189,           288.1541729,            297.6904064,            99299.33453,             116745.0271
          0,           0,         262,      -5.982443785,      -3.614331166,      -3.597685106,      -3.569863247,     -0.4028883126,    0.004595266795,    0.004595266795,      0.4237069437,        579.844173,       208110.3669,       208110.3669,       2.499441497,       588611.3845,      -10.26656549,       98.11562376,         80.68020096,        -0.1256210904,                1.541454791,       585.8561033,       585.8561033,       216048.8479,       216048.8479,        12012.8954,         0.0331011266,        -0.02850585981,       98048.73577,        110061.6312,           288.1540956,            297.7020077,            99299.18266,             116749.6653
          0,           0,         263,      -5.982213564,      -3.615206646,      -3.598889286,      -3.570008653,      -0.402826725,    0.004519490644,    0.004519490644,      0.4238374194,       579.8517621,       208109.6784,       208109.6784,       2.499399171,       588622.9728,      -10.41354363,       98.27214394,         80.63538886,        -0.1255091884,                1.536271342,       585.8676373,       585.8676373,        216053.284,        216053.284,        12013.3362,        0.03310697203,        -0.02858748138,       98048.17111,        110061.5073,           288.1540376,            297.7135997,             99299.0556,             116754.2284
          0,           0,         264,      -5.981396174,      -3.616506448,      -3.600560834,       -3.57031523,     -0.4023930238,    0.004443689291,    0.004443689291,      0.4239691449,       579.8593666,       208108.9549,       208108.9549,       2.499356382,       588634.5718,      -10.55938107,       98.42905518,         80.59127071,          -0.12537653,                1.531131061,        585.879182,        585.879182,        216057.671,        216057.671,       12013.69229,        0.03311312306,        -0.02866943377,       98047.63133,        110061.3236,           288.1540182,            297.7251638,            99298.97705,              116758.694
          0,           0,         265,      -5.980018367,      -3.618176973,      -3.602713766,      -3.570782037,     -0.4016020809,    0.004368119727,    0.004368119727,        0.42410176,       579.8669697,       208108.1847,       208108.1847,       2.499313061,       588646.1599,      -10.70393522,       98.58583487,         80.54787344,        -0.1252295427,                1.526046079,       585.8907159,       585.8907159,        216061.991,        216061.991,       12013.95843,        0.03311950292,        -0.02875138319,       98047.11312,        110061.0716,           288.1540302,            297.7366857,            99298.93801,              116763.053
          0,           0,         266,      -5.978126886,      -3.620262937,      -3.605304129,      -3.571410441,     -0.4004781448,    0.004293019677,    0.004293019677,       0.424235941,        579.874444,        208107.156,        208107.156,       2.499267275,       588657.6355,      -10.84743733,       98.74232049,         80.50524639,        -0.1250773729,                1.521019877,       585.9021377,       585.9021377,       216066.0578,       216066.0578,       12013.88989,        0.03312607762,        -0.02883305794,       98046.63303,        110060.5229,           288.1540828,             297.748055,            99298.95219,             116767.1056
          0,           0,         267,      -5.975743645,      -3.622732818,      -3.608297956,      -3.572197196,     -0.3990336664,    0.004218644936,    0.004218644936,      0.4243704163,        579.881907,       208106.0127,       208106.0127,        2.49922021,       588669.0826,      -10.98937741,       98.89776963,         80.46342929,         -0.124921783,                 1.51607054,       585.9135312,       585.9135312,       216069.9769,       216069.9769,       12013.62898,        0.03313276788,        -0.02891412294,       98046.19186,        110059.8208,           288.1541729,            297.7593584,            99299.01433,             116770.9626
          0,           0,         268,      -5.972932868,       -3.62561577,      -3.611670708,      -3.573134494,     -0.3973031711,    0.004145194013,    0.004145194013,      0.4245057984,       579.8893385,        208104.731,        208104.731,       2.499171674,       588680.5124,      -11.12999492,       99.05194098,         80.42245716,        -0.1247722543,                1.511201983,       585.9249076,       585.9249076,       216073.7659,       216073.7659,       12013.13747,        0.03313950908,        -0.02899431506,       98045.79676,        110058.9342,           288.1543012,            297.7706064,            99299.12664,             116774.6393
          0,           0,         269,      -5.969735415,      -3.628887272,      -3.615403856,       -3.57422079,     -0.3953084099,     0.00407266861,     0.00407266861,      0.4246409966,       579.8968166,       208103.4076,       208103.4076,       2.499122473,       588691.9754,      -11.26891765,       99.20440341,         80.38237082,        -0.1246247715,                 1.50642311,       585.9363169,       585.9363169,       216077.4903,       216077.4903,       12012.50338,        0.03314622643,        -0.02907355782,       98045.45212,        110057.9555,           288.1544676,            297.7818493,            99299.28774,             116778.2026
          0,           0,         270,      -5.966222423,      -3.632487865,      -3.619481271,      -3.575451692,     -0.3930916735,    0.004001191302,    0.004001191302,      0.4247758143,       579.9043814,        208102.106,        208102.106,       2.499073183,       588703.5161,      -11.40608101,       99.35480431,         80.34321134,        -0.1244827673,                1.501740715,       585.9478036,       585.9478036,       216081.2224,       216081.2224,       12011.78206,        0.03315285197,        -0.02915166067,       98045.16199,         110056.944,           288.1546705,            297.7931331,            99299.49641,              116781.726
          0,           0,         271,      -5.962431986,      -3.636407561,      -3.623856912,      -3.576812024,     -0.3906738894,    0.003930724562,    0.003930724562,      0.4249099776,       579.9120105,       208100.7689,       208100.7689,        2.49902323,       588715.1103,      -11.54151262,       99.50296549,          80.3050164,        -0.1243457999,                 1.49715607,       585.9593435,       585.9593435,       216084.9012,       216084.9012,       12010.91923,        0.03315930399,        -0.02922857943,       98044.92485,        110055.8441,           288.1549046,            297.8044389,            99299.74497,             116785.1563
          0,           0,         272,      -5.958429591,      -3.640592878,      -3.628502885,      -3.578301071,     -0.3880948503,    0.003861385931,    0.003861385931,      0.4250429861,       579.9197453,       208099.4784,       208099.4784,       2.498973403,       588726.7926,       -11.6749935,       99.64846921,         80.26784028,        -0.1242148466,                1.492677942,       585.9709711,       585.9709711,        216088.603,        216088.603,       12009.97873,        0.03316551875,        -0.02930413282,       98044.74982,        110054.7286,           288.1551719,            297.8157992,            99300.03746,             116788.5655
          0,           0,         273,      -5.954277221,      -3.644982727,        -3.6333899,      -3.579914276,     -0.3853922512,    0.003793185518,    0.003793185518,      0.4251741983,       579.9275785,       208098.2301,       208098.2301,       2.498923678,        588738.543,      -11.80637031,       99.79096064,         80.23170034,        -0.1240887264,                1.488311464,       585.9826665,       585.9826665,       216092.3074,       216092.3074,       12008.97756,        0.03317140038,        -0.02937821486,       98044.62626,        110053.6038,           288.1554594,            297.8272071,            99300.35611,             116791.9513
          0,           0,         274,      -5.950035892,      -3.649508521,      -3.638481861,      -3.581647847,     -0.3826036957,    0.003726141927,    0.003726141927,      0.4253030059,       579.9355152,       208097.0452,       208097.0452,       2.498874292,       588750.3532,      -11.93539814,       99.93015551,         80.19664583,        -0.1239644944,                1.484061931,       585.9944215,       585.9944215,       216096.0179,       216096.0179,       12007.90308,        0.03317690135,        -0.02945075942,       98044.57104,        110052.4741,           288.1557753,            297.8386462,            99300.71383,             116795.3041
          0,           0,         275,      -5.945769647,      -3.654082657,      -3.643743655,      -3.583490167,     -0.3797700344,    0.003660035314,    0.003660035314,      0.4254291813,       579.9434441,       208095.7654,       208095.7654,        2.49882386,       588762.1084,      -12.06224156,       100.0660877,             80.1627,        -0.1238382604,                1.479923935,       586.0061216,       586.0061216,       216099.5678,       216099.5678,       12006.62761,        0.03318192674,        -0.02952189142,        98044.5689,        110051.1965,           288.1561038,            297.8500178,             99301.0884,             116798.4794
          0,           0,         276,      -5.941529524,      -3.658619588,       -3.64910494,      -3.585428989,     -0.3769230294,    0.003594987837,    0.003594987837,      0.4255518172,       579.9514235,       208094.4913,       208094.4913,       2.498773314,       588773.8431,      -12.18643763,       100.1982923,         80.12991331,        -0.1237074431,                1.475908106,       586.0178014,       586.0178014,        216103.029,        216103.029,       12005.23859,        0.03318643837,        -0.02959145053,       98044.62633,        110049.8649,           288.1564457,            297.8613557,            99301.48315,             116801.5459
          0,           0,         277,      -5.937354299,      -3.663017397,      -3.654537874,      -3.587464586,     -0.3740892572,    0.003530931198,    0.003530931198,      0.4256703732,       579.9594193,       208093.1822,       208093.1822,       2.498722323,       588785.5098,       -12.3078784,       100.3265854,         80.09830876,        -0.1235687785,                1.472015705,       586.0294135,       586.0294135,       216106.3423,       216106.3423,       12003.70365,        0.03319036537,        -0.02965943418,       98044.73925,        110048.4429,           288.1567942,            297.8726192,            99301.88872,             116804.4535
          0,           0,         278,      -5.933313448,      -3.667170156,      -3.660009389,      -3.589583662,     -0.3713201421,    0.003467924428,    0.003467924428,      0.4257838541,       579.9674876,       208091.9298,       208091.9298,       2.498671726,       588797.1366,      -12.42612563,       100.4505511,         80.06792978,        -0.1234183325,                1.468255416,       586.0409859,       586.0409859,        216109.565,        216109.565,       12002.09985,        0.03319366237,        -0.02972573794,       98044.91496,        110047.0148,           288.1571514,            297.8838345,            99302.30877,             116807.2562
          0,           0,         279,      -5.929410608,      -3.670961078,      -3.665434255,      -3.591757669,     -0.3686179809,    0.003405911011,    0.003405911011,      0.4258917237,       579.9756146,       208090.7287,       208090.7287,       2.498621517,       588808.6961,       -12.5410117,       100.5700053,         80.03880951,        -0.1232523544,                1.464629167,       586.0524913,       586.0524913,       216112.6733,       216112.6733,       12000.42082,         0.0331962747,        -0.02979036369,       98045.15392,        110045.5747,            288.157515,            297.8949763,            99302.73962,             116809.9336
          0,           0,         280,      -5.925691802,      -3.674297027,      -3.670802677,      -3.593961259,     -0.3660151561,    0.003344806202,    0.003344806202,      0.4259934247,       579.9837491,       208089.5141,       208089.5141,       2.498571163,       588820.1177,      -12.65237962,       100.6848714,         80.01098727,        -0.1230658524,                   1.461137,       586.0638593,       586.0638593,       216115.5739,       216115.5739,       11998.58565,        0.03319817265,        -0.02985336645,        98045.4642,        110044.0499,           288.1578885,            297.9059708,            99303.18692,              116812.387
          0,           0,         281,      -5.922212696,      -3.677090706,      -3.676049783,      -3.596182464,     -0.3635500039,    0.003284377147,    0.003284377147,      0.4260884567,       579.9918168,       208088.1685,       208088.1685,       2.498519618,       588831.3109,      -12.76014742,        100.795201,         79.98448942,        -0.1228505273,                1.457774683,       586.0750002,       586.0750002,       216118.1227,       216118.1227,       11996.46197,        0.03319930734,         -0.0299149302,       98045.85327,        110042.3152,           288.1582764,            297.9167238,            99303.65439,             116814.4683
          0,           0,         282,      -5.919000259,        -3.6792171,      -3.681118723,       -3.59839519,     -0.3612437317,     0.00322463929,     0.00322463929,      0.4261758218,       579.9998314,       208086.7608,       208086.7608,       2.498467628,        588842.258,      -12.86393196,       100.9006532,         79.95935211,        -0.1226020301,                1.454548819,       586.0858961,       586.0858961,       216120.3497,       216120.3497,       11994.10233,        0.03319963624,        -0.02997499695,       98046.32922,        110040.4316,           288.1586814,            297.9272146,            99304.14671,              116816.203
          0,           0,         283,      -5.916084819,      -3.680645084,      -3.685944607,      -3.600573828,     -0.3591204169,    0.003165672866,    0.003165672866,      0.4262542859,       580.0078494,       208085.3864,       208085.3864,       2.498416077,       588852.9789,      -12.96323113,       101.0007293,          79.9355932,        -0.1223163664,                1.451469207,       586.0965668,       586.0965668,       216122.3037,       216122.3037,       11991.60379,        0.03319909963,        -0.03003342677,       98046.89133,        110038.4951,           288.1591005,            297.9374663,            99304.65873,             116817.6449
          0,           0,         284,      -5.913507004,      -3.681299532,      -3.690466333,      -3.602685412,     -0.3572133675,    0.003107479201,    0.003107479201,      0.4263229776,         580.01585,       208084.0408,       208084.0408,       2.498364999,       588863.4229,      -13.05772241,       101.0951606,         79.91323987,         -0.121989213,                1.448540462,       586.1069619,       586.1069619,       216123.9396,       216123.9396,       11988.95656,        0.03319765957,        -0.03009018037,       98047.54213,        110036.4987,           288.1595321,            297.9474298,               99305.19,             116818.7496
          0,           0,         285,      -5.911252883,      -3.681163882,      -3.694588531,      -3.604692791,     -0.3555168262,    0.003049844294,    0.003049844294,      0.4263811069,       580.0237455,       208082.6126,       208082.6126,       2.498313468,       588873.4747,      -13.14733194,       101.1839334,          79.8923129,        -0.1216134986,                1.445759556,       586.1169666,       586.1169666,       216125.1061,       216125.1061,       11986.05212,        0.03319525164,        -0.03014540735,       98048.28026,        110034.3324,            288.159973,            297.9569936,            99305.73436,             116819.3718
          0,           0,         286,      -5.909335847,      -3.680201387,      -3.698292785,      -3.606564105,     -0.3540416866,    0.002992989668,    0.002992989668,      0.4264276116,       580.0316324,       208081.2672,       208081.2672,       2.498263011,       588883.1987,      -13.23155493,       101.2664568,         79.87283385,        -0.1211894083,                1.443139299,       586.1266451,       586.1266451,       216125.9308,       216125.9308,       11983.04914,        0.03319183497,         -0.0301988453,       98049.10903,        110032.1582,           288.1604224,            297.9662227,             99306.2919,             116819.6389
          0,           0,         287,      -5.907779703,      -3.678406249,      -3.701488552,      -3.608265602,     -0.3528060938,    0.002936719936,    0.002936719936,      0.4264617666,       580.0394154,       208079.8814,       208079.8814,       2.498212593,       588892.4729,      -13.31033295,       101.3427405,         79.85481483,        -0.1207104695,                1.440676331,       586.1358759,       586.1358759,       216126.2511,       216126.2511,       11979.82877,        0.03318735626,        -0.03025063633,       98050.02631,        110029.8551,           288.1608769,            297.9749989,            99306.85652,             116819.3945
          0,           0,         288,      -5.906600745,      -3.675850808,      -3.704083573,      -3.609761123,     -0.3518249577,    0.002881166173,    0.002881166173,      0.4264827348,       580.0471544,       208078.5627,       208078.5627,       2.498163225,       588901.3307,      -13.38330458,       101.4123949,         79.83827137,        -0.1201758167,                1.438378623,       586.1446922,       586.1446922,       216126.1419,       216126.1419,       11976.48133,        0.03318178981,        -0.03030062363,        98051.0407,         110027.522,             288.16134,            297.9833522,             99307.4347,             116818.7072
          0,           0,         289,      -5.905801224,      -3.672598913,       -3.70599025,      -3.611009527,     -0.3511002234,    0.002826271257,    0.002826271257,       0.426489383,       580.0548387,        208077.319,        208077.319,       2.498115047,       588909.7223,      -13.45013214,       101.4751712,         79.82320459,        -0.1195795569,                1.436249699,       586.1530445,       586.1530445,       216125.5599,       216125.5599,       11973.01188,        0.03317509215,         -0.0303488209,       98052.15355,        110025.1654,           288.1618112,            297.9912334,            99308.02456,             116817.5353
          0,           0,         290,       -5.90537799,      -3.668735578,      -3.707129683,      -3.611979915,     -0.3506327598,    0.002771997577,    0.002771997577,      0.4264815251,        580.062396,       208076.0776,       208076.0776,       2.498067517,       588917.5689,      -13.51090601,       101.5310381,          79.8096119,        -0.1189217072,                1.434287591,       586.1608544,       586.1608544,        216124.421,        216124.421,       11969.33728,        0.03316722325,        -0.03039522567,       98053.37014,        110022.7074,           288.1622927,            297.9985617,            99308.62829,             116815.7927
          0,           0,         291,      -5.905330829,      -3.664363809,      -3.707445665,      -3.612652646,     -0.3504229049,    0.002718373623,    0.002718373623,      0.4264587198,        580.069828,       208074.8548,       208074.8548,       2.498020836,       588924.8562,      -13.56555346,       101.5798623,         79.79749131,        -0.1182021013,                1.432493642,       586.1681076,       586.1681076,       216122.7206,       216122.7206,       11965.44235,        0.03315816255,        -0.03043978892,        98054.7062,        110020.1486,           288.1627933,            298.0053142,            99309.26002,             116813.4606
          0,           0,         292,      -5.905664317,      -3.659563881,      -3.706900371,      -3.613006771,     -0.3504757924,    0.002665447992,    0.002665447992,      0.4264201824,       580.0771774,        208073.742,        208073.742,       2.497975893,        588931.603,      -13.61389046,       101.6213422,         79.78684132,        -0.1174204301,                 1.43087272,       586.1748229,       586.1748229,       216120.5223,       216120.5223,        11961.4176,        0.03314786096,        -0.03048241297,        98056.1622,        110017.5798,           288.1633115,            298.0115113,            99309.91655,             116810.6057
          0,           0,         293,      -5.906371109,      -3.654477799,      -3.705410896,      -3.613010723,     -0.3507853312,    0.002613078758,    0.002613078758,      0.4263655127,       580.0843739,       208072.6508,       208072.6508,       2.497931943,       588937.7275,      -13.65610475,       101.6554409,         79.77765622,        -0.1165758141,                1.429421619,       586.1809186,       586.1809186,       216117.7204,       216117.7204,       11957.20459,        0.03313622793,        -0.03052314918,        98057.7231,        110014.9277,           288.1638354,            298.0170833,            99310.57621,             116807.1442
          0,           0,         294,      -5.907468754,      -3.649225831,      -3.702973795,      -3.612648421,     -0.3513619169,    0.002561260012,    0.002561260012,      0.4262949725,        580.091399,       208071.5689,       208071.5689,       2.497888936,       588943.2216,      -13.69246854,       101.6822295,         79.76991357,        -0.1156716023,                1.428136285,        586.186387,        586.186387,       216114.3158,       216114.3158,       11952.74242,        0.03312324361,         -0.0305619836,       98059.41323,        110012.1556,           288.1643799,            298.0220071,            99311.26176,             116803.0541
          0,           0,         295,      -5.908940888,      -3.643904765,      -3.699550553,      -3.611910884,     -0.3521929122,    0.002510039864,    0.002510039864,      0.4262079173,       580.0983196,       208070.5994,       208070.5994,         2.4978478,       588948.1326,      -13.72282924,       101.7014902,          79.7636099,        -0.1147075336,                1.427020517,       586.1912751,       586.1912751,       216110.3899,       216110.3899,       11948.10898,        0.03310888554,        -0.03059884568,       98061.24519,        110009.3542,           288.1649514,            298.0263237,            99311.98407,             116798.4059
          0,           0,         296,      -5.910803524,      -3.638588298,      -3.695176876,      -3.610798177,     -0.3532869531,    0.002459465282,    0.002459465282,      0.4261044191,       580.1051504,        208069.776,        208069.776,       2.497808864,       588952.4816,        -13.747433,       101.7131422,         79.75872769,        -0.1136891067,                1.426073707,       586.1956037,       586.1956037,       216105.9875,       216105.9875,       11943.35782,        0.03309310389,        -0.03063363861,       98063.20907,        110006.5669,           288.1655405,            298.0300632,            99312.72973,             116793.2578
          0,           0,         297,      -5.913035749,      -3.633371109,      -3.689857707,      -3.609318532,      -0.354629782,    0.002409612179,    0.002409612179,      0.4259844628,       580.1119076,       208069.1383,       208069.1383,        2.49777253,       588956.2859,       -13.7663992,       101.7171027,          79.7552576,        -0.1126203262,                1.425296536,       586.1993902,       586.1993902,       216101.1523,       216101.1523,       11938.51206,        0.03307588102,        -0.03066626884,       98065.31312,        110003.8252,           288.1661514,            298.0332388,            99313.50575,             116787.6465
          0,           0,         298,      -5.915623767,      -3.628305668,      -3.683697522,      -3.607481767,     -0.3562077294,    0.002360444298,    0.002360444298,      0.4258481726,       580.1185809,       208068.6806,       208068.6806,       2.497738764,       588959.5465,      -13.78011433,       101.7133464,         79.75317726,        -0.1115064576,                1.424686048,       586.2026355,       586.2026355,       216095.8953,       216095.8953,       11933.60076,        0.03305713446,        -0.03069669016,        98067.5399,        110001.1407,             288.16677,            298.0358655,            99314.28882,             116781.6065
          0,           0,         299,      -5.918562764,      -3.623469718,      -3.676775125,       -3.60529823,     -0.3580164445,    0.002312010017,    0.002312010017,      0.4256960937,       580.1251539,       208068.4065,       208068.4065,       2.497707691,        588962.266,      -13.78887044,       101.7019986,         79.75246997,        -0.1103525708,                1.424238753,       586.2053423,       586.2053423,       216090.2467,       216090.2467,       11928.58739,        0.03303687939,        -0.03072486938,       98069.90954,        109998.4969,           288.1674071,            298.0379352,            99315.10024,             116775.1465
          0,           0,         300,      -5.921841567,      -3.618938567,      -3.669156788,      -3.602800434,     -0.3600454786,    0.002264249361,    0.002264249361,      0.4255287705,       580.1315963,       208068.2961,       208068.2961,       2.497679204,       588964.4385,      -13.79317084,       101.6832005,         79.75310421,        -0.1091645471,                1.423948519,       586.2075046,       586.2075046,       216084.2206,       216084.2206,       11923.47025,        0.03301506333,        -0.03075081397,       98072.41291,        109995.8832,           288.1680555,            298.0394492,            99315.92729,             116768.2933
          0,           0,         301,      -5.925467378,      -3.614798676,      -3.660922008,      -3.600008253,     -0.3622930012,    0.002217158114,    0.002217158114,      0.4253465221,       580.1379813,       208068.4286,       208068.4286,       2.497653921,       588966.1513,      -13.79335651,       101.6570473,          79.7550465,        -0.1079473884,                 1.42381148,       586.2092094,       586.2092094,       216077.9176,       216077.9176,       11918.30483,        0.03299166932,         -0.0307745112,       98075.06187,        109993.3667,           288.1687214,             298.040488,            99316.78067,             116761.1369
          0,           0,         302,      -5.929410716,      -3.611043827,      -3.652209868,      -3.596966438,     -0.3647378316,     0.00217069717,     0.00217069717,      0.4251498528,       580.1443216,       208068.7953,       208068.7953,       2.497631683,       588967.4409,      -13.78991148,       101.6236724,         79.75825232,        -0.1067070795,                1.423821788,        586.210493,        586.210493,       216071.3616,       216071.3616,       11913.07203,        0.03296665291,        -0.03079595574,       98077.86163,        109990.9337,           288.1694065,            298.0410865,            99317.66251,             116753.6991
          0,           0,         303,      -5.933628353,      -3.607683804,       -3.64313426,      -3.593708618,     -0.3673482785,    0.002124815969,    0.002124815969,      0.4249394604,       580.1506345,       208069.4288,       208069.4288,         2.4976128,        588968.354,       -13.7833724,       101.5832715,         79.76268038,        -0.1054503714,                1.423972635,       586.2114018,       586.2114018,       216064.6273,       216064.6273,       11907.79448,        0.03293998325,        -0.03081516728,       98080.81714,        109988.6116,           288.1701114,            298.0412903,            99318.57572,             116746.0516
          0,           0,         304,      -5.938101005,      -3.604776623,      -3.633801868,      -3.590268992,     -0.3701081068,    0.002079484462,    0.002079484462,       0.424715797,       580.1569043,       208070.2953,       208070.2953,       2.497596941,       588968.8958,      -13.77414359,       101.5359583,           79.768289,        -0.1041822207,                 1.42425915,        586.211941,        586.211941,       216057.7089,       216057.7089,       11902.44296,        0.03291162168,        -0.03083213722,       98083.92616,        109986.3691,           288.1708324,            298.0411086,             99319.5155,             116738.1934
          0,           0,         305,      -5.942812441,      -3.602296803,      -3.624350342,      -3.586691153,     -0.3730006244,    0.002034650054,    0.002034650054,       0.424478887,       580.1631653,       208071.4284,       208071.4284,       2.497584335,       588969.1105,      -13.76260048,       101.4816867,          79.7750365,        -0.1029078385,                1.424678955,       586.2121547,       586.2121547,       216050.6573,       216050.6573,       11897.11717,        0.03288147517,        -0.03084682511,       98087.15562,        109984.2728,           288.1715439,            298.0406109,            99320.44241,             116730.2148
          0,           0,         306,      -5.947729405,      -3.600275552,      -3.614869636,      -3.583009714,     -0.3760031348,    0.001990296619,    0.001990296619,      0.4242297164,       580.1694305,       208072.8545,       208072.8545,       2.497575251,       588969.0462,      -13.74922414,         101.42079,         79.78287122,        -0.1016333355,                1.425223823,       586.2120907,       586.2120907,       216043.5464,       216043.5464,       11891.76597,        0.03284958135,        -0.03085928473,       98090.54427,        109982.3102,            288.172271,            298.0398198,            99321.39822,             116722.1481
          0,           0,         307,      -5.952805358,      -3.598724307,      -3.605471304,      -3.579253901,     -0.3790806054,    0.001946537683,    0.001946537683,      0.4239679992,       580.1758816,       208074.7994,       208074.7994,       2.497571572,       588968.8808,      -13.73399423,       101.3530851,         79.79173723,        -0.1003629558,                1.425897273,       586.2119261,       586.2119261,       216036.6067,       216036.6067,       11886.58978,        0.03281593424,        -0.03086939656,       98094.10481,        109980.6946,           288.1730224,            298.0389037,            99322.39548,             116714.2112
          0,           0,         308,      -5.958012036,      -3.597651797,      -3.596237718,        -3.5754621,     -0.3822102321,    0.001903216839,    0.001903216839,      0.4236955206,       580.1824109,       208077.1047,       208077.1047,       2.497571886,       588968.5777,       -13.7179624,       101.2790847,         79.80157979,       -0.09910708041,                1.426683618,       586.2116244,       586.2116244,        216029.769,        216029.769,       11881.46111,        0.03278047272,        -0.03087725588,       98097.82182,        109979.2829,            288.173783,            298.0378414,            99323.41471,             116706.3542
          0,           0,         309,      -5.963300755,      -3.597035709,      -3.587266135,      -3.571667546,     -0.3853601019,    0.001860138864,    0.001860138864,      0.4234140482,       580.1889113,        208079.608,        208079.608,       2.497574744,       588968.0954,      -13.70213133,       101.1994245,         79.81235207,        -0.0978739768,                1.427565505,       586.2111444,       586.2111444,       216022.9525,       216022.9525,       11876.20414,          0.032743177,        -0.03088303814,       98101.70191,        109977.9061,           288.1745587,            298.0365857,            99324.46147,              116698.491
          0,           0,         310,      -5.968634304,      -3.596860316,      -3.578650403,       -3.56789876,     -0.3885042805,    0.001817102988,    0.001817102988,      0.4231248744,        580.195308,       208082.1958,       208082.1958,       2.497579133,       588967.4079,      -13.68736033,       101.1146117,         79.82398675,       -0.09667047595,                1.428527806,       586.2104602,       586.2104602,       216016.1064,       216016.1064,       11870.71022,        0.03270400826,        -0.03088690528,       98105.74277,         109976.453,           288.1753482,             298.035112,             99325.5312,             116690.5752
          0,           0,         311,      -5.973933138,      -3.597083788,      -3.570473645,        -3.5641833,     -0.3915966422,    0.001774265966,    0.001774265966,      0.4228272755,       580.2018381,       208085.1783,       208085.1783,       2.497587683,       588966.7335,      -13.67342046,       101.0243144,         79.83643457,       -0.09549982956,                1.429578151,       586.2097888,       586.2097888,       216009.5286,       216009.5286,       11865.27339,        0.03266296242,        -0.03088869645,       98109.95247,        109975.2259,           288.1761495,            298.0336393,            99326.63219,             116682.8964
          0,           0,         312,      -5.979162394,      -3.597695172,      -3.562791972,      -3.560546403,     -0.3946155186,    0.001731834293,    0.001731834293,      0.4225199347,       580.2088043,       208088.9552,       208088.9552,       2.497603801,       588966.3315,      -13.65972721,       100.9280556,         79.84962762,       -0.09436177118,                 1.43072865,       586.2093887,       586.2093887,       216003.5763,       216003.5763,       11860.24145,        0.03262007065,        -0.03088823635,       98114.35687,        109974.5983,           288.1769813,            298.0324074,            99327.79299,             116675.7833
          0,           0,         313,      -5.984259364,      -3.598684804,        -3.5556271,      -3.556993825,     -0.3975357647,    0.001689504759,    0.001689504759,       0.422205054,       580.2160116,       208093.2456,       208093.2456,       2.497625015,       588966.0892,      -13.64757574,       100.8266367,         79.86352973,        -0.0932656453,                1.431956838,       586.2091475,       586.2091475,       215998.0689,       215998.0689,       11855.37501,         0.0325752746,        -0.03088576984,       98118.93531,        109974.3103,           288.1778285,             298.031319,            99328.98923,             116669.0797
          0,           0,         314,      -5.989169507,       -3.60001838,      -3.549035235,      -3.553552494,     -0.4003114002,    0.001647205413,    0.001647205413,      0.4218839599,       580.2234632,       208098.0436,       208098.0436,       2.497651251,       588966.0568,      -13.63756441,       100.7205348,         79.87807453,       -0.09221792113,                1.433250894,       586.2091153,       586.2091153,       215993.0616,       215993.0616,       11850.60622,        0.03252861535,        -0.03088140994,       98123.71868,        109974.3249,           288.1787183,             298.030397,             99330.2555,             116662.8061
          0,           0,         315,      -5.993811224,      -3.601675326,      -3.543046747,      -3.550227436,      -0.402916017,    0.001604764162,    0.001604764162,      0.4215584958,       580.2310665,       208103.2344,       208103.2344,       2.497681585,       588966.1986,      -13.63045938,       100.6105595,         79.89320194,       -0.09122332617,                 1.43459211,       586.2092565,       586.2092565,       215988.5102,       215988.5102,       11845.70399,        0.03248018818,        -0.03087542402,       98128.76519,        109974.4692,           288.1796853,            298.0295712,            99331.65723,             116656.8529
          0,           0,         316,       -5.99819236,       -3.60361378,      -3.537701419,      -3.547037024,     -0.4053408642,    0.001561866595,    0.001561866595,      0.4212292675,       580.2387252,        208108.678,        208108.678,       2.497714756,       588966.4461,      -13.62698701,       100.4970882,         79.90884999,        -0.0902845899,                1.435966793,       586.2095028,       586.2095028,       215984.3093,       215984.3093,         11840.627,        0.03242989186,        -0.03086802526,        98134.0255,        109974.6525,            288.180691,            298.0288118,             99333.1385,             116651.1708
          0,           0,         317,      -6.002206818,      -3.605805025,       -3.53302105,      -3.543977444,     -0.4075420092,    0.001518253219,    0.001518253219,      0.4208955683,       580.2464686,        208114.368,        208114.368,       2.497750506,       588966.8266,      -13.62765345,       100.3798517,         79.92497073,        -0.0894054228,                1.437372815,       586.2098815,       586.2098815,       215980.4552,       215980.4552,       11835.62053,        0.03237745648,        -0.03085920326,       98139.37375,        109974.9943,           288.1816467,            298.0282349,             99334.5549,             116645.9003
          0,           0,         318,      -6.005821119,      -3.608197614,      -3.529031235,      -3.541070522,      -0.409496551,    0.001473740718,    0.001473740718,      0.4205578246,       580.2542866,       208120.2651,       208120.2651,       2.497788401,       588967.3528,       -13.6330024,        100.259035,         79.94151512,       -0.08858983177,                1.438801827,       586.2104052,       586.2104052,       215976.9386,       215976.9386,       11830.71361,        0.03232279057,        -0.03084904985,       98144.77577,        109975.4894,           288.1825312,             298.027874,            99335.86657,              116641.072
          0,           0,         319,      -6.008954965,      -3.610755844,      -3.525729518,       -3.53831053,       -0.41117641,    0.001428463666,    0.001428463666,       0.420218213,        580.262209,       208126.4541,       208126.4541,       2.497829394,       588968.1036,      -13.64311829,       100.1355896,         79.95842427,       -0.08783903206,                1.440239937,       586.2111526,       586.2111526,       215973.9049,       215973.9049,       11825.60161,        0.03226627026,         -0.0308378066,       98150.42623,        109976.0278,           288.1834758,            298.0276767,            99337.29565,             116636.6092
          0,           0,         320,       -6.01159635,      -3.613433385,      -3.523142625,      -3.535721256,     -0.4125705451,    0.001382213508,    0.001382213508,      0.4198772215,       580.2701885,       208132.8497,       208132.8497,       2.497872685,       588969.0507,      -13.65848841,       100.0098409,          79.9756276,       -0.08715459415,                1.441676088,       586.2120952,       586.2120952,        215971.292,        215971.292,       11820.22112,        0.03220785337,        -0.03082563986,       98156.31429,        109976.5354,           288.1844755,            298.0276198,            99338.82903,              116632.463
          0,           0,         321,      -6.013717438,      -3.616256186,      -3.521249045,      -3.533289151,     -0.4136769351,    0.001334797793,    0.001334797793,      0.4195355682,       580.2781668,       208139.3605,       208139.3605,       2.497917442,       588970.1614,      -13.67963011,       99.88217951,         79.99305479,       -0.08653869686,                1.443098175,       586.2132007,       586.2132007,       215969.0392,       215969.0392,       11814.50528,        0.03214751854,        -0.03081272075,       98162.42761,        109976.9329,           288.1855178,            298.0276829,            99340.45368,             116628.5855
          0,           0,         322,      -6.015326409,      -3.619155686,      -3.520077045,      -3.531019844,     -0.4144959519,    0.001286409874,    0.001286409874,      0.4191919458,       580.2864424,       208146.3851,       208146.3851,       2.497967081,       588971.6924,      -13.70582365,       99.75213766,         80.01062349,       -0.08598832433,                 1.44451819,       586.2147245,       586.2147245,       215967.5018,       215967.5018,       11808.78748,         0.0320853174,        -0.03079890753,       98168.79879,        109977.5863,           288.1866293,            298.0280953,            99342.20642,             116625.2954
          0,           0,         323,       -6.01638553,      -3.622115411,      -3.519623399,      -3.528911418,     -0.4150215841,    0.001236716693,    0.001236716693,      0.4188462404,       580.2949176,       208153.7646,       208153.7646,       2.498020104,       588973.5588,      -13.73769058,       99.61973053,         80.02827418,       -0.08550545578,                 1.44592766,       586.2165822,       586.2165822,       215966.5359,       215966.5359,       11803.13416,        0.03202102268,        -0.03078430599,       98175.31523,        109978.4494,           288.1877312,             298.028851,            99343.96006,             116622.5759
          0,           0,         324,      -6.016913127,      -3.625095841,      -3.519900929,      -3.526969086,     -0.4152541821,    0.001184954018,    0.001184954018,      0.4184989378,       580.3032493,       208160.9963,       208160.9963,       2.498071993,       588975.4479,       -13.7766475,       99.48549302,         80.04595546,       -0.08509127164,                1.447301248,       586.2184625,       586.2184625,       215965.6697,       215965.6697,       11797.37627,        0.03195429612,         -0.0307693421,          98181.81,        109979.1863,           288.1887033,            298.0297592,            99345.52555,             116620.1442
          0,           0,         325,      -6.016883638,       -3.62801794,      -3.520900194,      -3.525193513,     -0.4151932884,    0.001131284398,    0.001131284398,      0.4181491201,        580.311663,       208168.3568,       208168.3568,        2.49812506,       588977.5486,      -13.82203876,       99.34924739,         80.06362036,       -0.08474078925,                1.448646504,       586.2205533,       586.2205533,       215965.1371,       215965.1371,       11791.67975,        0.03188526226,        -0.03075397787,       98188.33851,        109980.0183,           288.1895927,            298.0309607,            99346.96761,             116618.1695
          0,           0,         326,      -6.016343908,      -3.630858739,      -3.522620341,      -3.523590564,     -0.4148577933,    0.001075567041,    0.001075567041,      0.4177967663,       580.3202092,       208175.9051,       208175.9051,       2.498179771,       588979.9136,      -13.87405966,       99.21110199,         80.08120772,       -0.08445374354,                1.449958133,       586.2229073,       586.2229073,       215965.0027,       215965.0027,        11786.1367,        0.03181388394,         -0.0307383169,       98194.88418,        109981.0209,           288.1903868,            298.0325205,            99348.26799,             116616.7348
          0,           0,         327,      -6.015345846,      -3.633562808,      -3.525041225,      -3.522165091,      -0.414285303,    0.001017745613,    0.001017745613,      0.4174424506,       580.3289195,       208183.6539,       208183.6539,       2.498236149,       588982.5958,      -13.93293537,       99.07128686,         80.09868024,       -0.08423172334,                1.451230053,       586.2255769,       586.2255769,       215965.3053,       215965.3053,       11780.72846,        0.03174018275,        -0.03072243713,       98201.46274,        109982.1912,           288.1911063,            298.0344706,            99349.44522,             116615.8601
          0,           0,         328,      -6.013896896,      -3.636067364,      -3.528160159,      -3.520915899,     -0.4134737486,   0.0009575676051,   0.0009575676051,      0.4170867362,       580.3377547,        208191.574,        208191.574,       2.498294025,       588985.5711,      -13.99891938,       98.93027786,         80.11599456,       -0.08407160008,                1.452450374,       586.2285382,       586.2285382,       215966.0339,       215966.0339,       11775.38295,        0.03166419741,         -0.0307066298,       98208.09553,        109983.4785,           288.1917682,            298.0367701,            99350.52603,             116615.5079
          0,           0,         329,      -6.012085233,      -3.638391426,       -3.53191843,      -3.519835191,       -0.41246857,   0.0008951019144,   0.0008951019144,      0.4167317512,       580.3466986,       208199.6719,       208199.6719,       2.498353645,       588988.8626,      -14.07209237,       98.78918964,         80.13311922,       -0.08397116668,                1.453601984,       586.2318144,       586.2318144,       215967.2405,       215967.2405,       11769.70078,        0.03158633547,        -0.03069123355,       98214.98557,        109984.6863,           288.1925145,            298.0392999,            99351.74235,             116615.4981
          0,           0,         330,      -6.009928775,      -3.640543381,      -3.536287103,      -3.518915393,     -0.4112752322,    0.000830480285,    0.000830480285,      0.4163787739,       580.3557712,       208207.9983,       208207.9983,       2.498415564,       588992.5184,      -14.15248723,       98.64852674,          80.1500129,       -0.08393158048,                1.454677531,       586.2354531,       586.2354531,       215969.0082,       215969.0082,       11763.51328,        0.03150681695,        -0.03067633666,        98222.2425,        109985.7558,           288.1934215,            298.0420316,             99353.2191,             116615.7891
          0,           0,         331,      -6.007513522,      -3.642505136,      -3.541249188,       -3.51815585,     -0.4099386916,   0.0007640897642,   0.0007640897642,      0.4160263955,       580.3653099,        208217.028,        208217.028,       2.498483972,       588996.8226,      -14.23890505,       98.50781485,         80.16663429,       -0.08394578994,                1.455694679,       586.2397372,       586.2397372,       215971.7512,       215971.7512,        11757.0698,        0.03142584456,        -0.03066175479,       98229.97908,        109987.0489,           288.1945667,            298.0451705,            99355.08297,             116616.6682
          0,           0,         332,      -6.004856203,      -3.644309301,      -3.546772338,      -3.517555348,     -0.4084694574,   0.0006950566343,   0.0006950566343,      0.4156712369,       580.3750995,       208226.4023,       208226.4023,       2.498555413,       589001.4919,      -14.33202334,       98.36615432,         80.18294289,        -0.0840064795,                1.456652763,       586.2443846,       586.2443846,       215975.0227,       215975.0227,       11750.72807,        0.03134267696,        -0.03064762032,       98237.83713,        109988.5652,           288.1956979,            298.0486867,            99356.92619,             116618.0965
          0,           0,         333,      -6.002002591,      -3.645951636,      -3.552812152,      -3.517101113,     -0.4068896808,   0.0006226571641,   0.0006226571641,       0.415312438,       580.3848155,       208235.6211,       208235.6211,       2.498625283,       589006.2006,      -14.43291674,       98.22345243,            80.19891,       -0.08411260209,                1.457538235,       586.2490712,       586.2490712,       215978.3129,       215978.3129,       11744.50053,        0.03125681923,        -0.03063416207,       98245.56027,        109990.0608,           288.1966427,            298.0524285,             99358.4608,             116619.8521
          0,           0,         334,      -5.999035003,       -3.64742523,      -3.559320739,      -3.516790072,     -0.4052423967,   0.0005468915435,   0.0005468915435,      0.4149498912,       580.3944253,       208244.6538,       208244.6538,       2.498693352,       589010.9067,      -14.54157309,       98.07976227,         80.21448338,       -0.08426438812,                 1.45834925,       586.2537553,       586.2537553,        215981.579,        215981.579,       11738.39248,        0.03116828258,        -0.03062139103,       98253.13068,        109991.5232,           288.1973875,            298.0563678,            99359.67262,             116621.9064
          0,           0,         335,      -5.995992164,      -3.648653436,      -3.566262242,      -3.516629574,     -0.4035487699,   0.0004677429927,   0.0004677429927,      0.4145837587,       580.4039676,       208253.5408,       208253.5408,        2.49875996,       589015.6478,      -14.65773376,       97.93530888,         80.22961556,       -0.08445653622,                1.459082701,       586.2584742,       586.2584742,        215984.856,        215984.856,       11732.31117,        0.03107718375,        -0.03060944076,       98260.61483,         109992.926,           288.1979832,            298.0604911,            99360.63902,             116624.2169
          0,           0,         336,      -5.992949431,      -3.649654243,      -3.573561768,      -3.516601016,     -0.4018467288,   0.0003859912982,   0.0003859912982,      0.4142158043,       580.4137083,       208262.7085,       208262.7085,       2.498829137,       589020.7078,      -14.78034578,       97.79065733,         80.24424663,       -0.08468923289,                1.459743336,       586.2635105,       586.2635105,       215988.5929,       215988.5929,       11725.99193,        0.03098418647,        -0.03059819517,       98268.35831,        109994.3502,           288.1986723,            298.0648382,            99361.75183,             116626.8411
          0,           0,         337,      -5.989952766,      -3.650438862,      -3.581161027,      -3.516699185,     -0.4001620063,   0.0003013048415,   0.0003013048415,      0.4138462968,       580.4234805,       208271.9214,       208271.9214,       2.498898827,        589025.925,       -14.9097843,       97.64625773,         80.25834003,       -0.08495697313,                1.460317688,       586.2687032,       586.2687032,       215992.5533,       215992.5533,       11719.20882,         0.0308892677,        -0.03058796286,       98276.35627,        109995.5651,           288.1994547,            298.0692486,            99363.00523,             116629.5481
          0,           0,         338,      -5.987037578,      -3.651017187,      -3.588982484,      -3.516926163,     -0.3985170639,   0.0002135719641,   0.0002135719641,      0.4134739409,       580.4332678,       208281.1589,       208281.1589,        2.49896883,        589031.247,      -15.04593226,       97.50176852,         80.27184611,       -0.08525649485,                1.460809416,       586.2740004,       586.2740004,       215996.6706,       215996.6706,       11712.08587,        0.03079228955,        -0.03057871759,       98284.53653,        109996.6224,           288.2002783,            298.0737221,            99364.31907,             116632.3515
          0,           0,         339,      -5.984277643,      -3.651372652,      -3.596961691,      -3.517268902,     -0.3969517365,   0.0001229170544,   0.0001229170544,      0.4130981105,       580.4431631,       208290.5424,       208290.5424,       2.499040189,       589036.7407,      -15.18830733,       97.35706079,          80.2847115,       -0.08558232641,                1.461223497,       586.2794683,       586.2794683,       216001.0328,       216001.0328,       11704.66615,          0.030693344,        -0.03057042694,       98292.93813,        109997.6043,           288.2011767,            298.0782917,            99365.73793,             116635.2948
          0,           0,         340,      -5.981654544,      -3.651545155,      -3.605012574,      -3.517716721,     -0.3954595879,   2.914520407e-05,   2.914520407e-05,      0.4127181537,       580.4530805,       208299.9467,       208299.9467,       2.499111757,       589042.3066,      -15.33698795,       97.21195021,         80.29687671,       -0.08593222063,                1.461558926,       586.2850083,       586.2850083,       216005.4947,       216005.4947,       11697.01396,        0.03059227204,        -0.03056312684,       98301.46639,        109998.4803,           288.2020801,            298.0829281,            99367.15966,             116638.3351
          0,           0,         341,       -5.97919368,      -3.651534109,      -3.613044241,      -3.518268621,     -0.3940556365,  -6.795104767e-05,  -6.795104767e-05,      0.4123327819,       580.4629472,       208309.2542,       208309.2542,       2.499182419,       589047.8389,      -15.49191675,       97.06612707,         80.30827755,       -0.08630142798,                1.461817031,       586.2905146,       586.2905146,       216009.8938,       216009.8938,       11689.20918,        0.03048889096,        -0.03055684201,        98310.0225,        109999.2317,           288.2029216,             298.087593,             99368.4761,             116641.4177
          0,           0,         342,      -5.976904824,      -3.651427695,      -3.620901957,      -3.518914073,     -0.3927456425,  -0.0001684597001,  -0.0001684597001,      0.4119409819,       580.4727365,        208318.404,        208318.404,       2.499251547,       589053.2843,      -15.65306491,       96.91931229,         80.31887544,       -0.08668832141,                1.462000433,       586.2959345,       586.2959345,       216014.1334,       216014.1334,       11681.32433,         0.0303830706,         -0.0305515303,       98318.53985,        109999.8642,           288.2036594,            298.0922751,            99369.61406,             116644.5193
          0,           0,         343,      -5.974820035,      -3.651171433,      -3.628512504,      -3.519642443,     -0.3915493592,  -0.0002722390174,  -0.0002722390174,      0.4115414233,       580.4825145,       208327.4845,       208327.4845,        2.49931987,       589058.6713,      -15.82014804,       96.77098313,         80.32865843,        -0.0870941087,                1.462120043,       586.3012963,       586.3012963,       216018.2569,       216018.2569,       11673.55272,        0.03027472067,        -0.03054695969,        98326.9659,        110000.5186,           288.2042528,            298.0970435,            99370.51683,             116647.7401
          0,           0,         344,      -5.972977841,      -3.650741047,      -3.635775471,      -3.520444438,      -0.390490218,  -0.0003785043545,  -0.0003785043545,      0.4111356509,       580.4925216,       208336.8775,       208336.8775,       2.499390993,        589064.249,      -15.99200506,       96.62167698,          80.3376061,       -0.08751731202,                1.462182862,       586.3068479,       586.3068479,       216022.6554,       216022.6554,       11665.61995,        0.03016451287,        -0.03054301722,       98335.62878,        110001.2487,           288.2049423,            298.1019056,            99371.55818,             116651.0973
          0,           0,         345,      -5.971358153,      -3.650187241,      -3.642572565,      -3.521317619,     -0.3895581738,  -0.0004874520793,  -0.0004874520793,      0.4107233796,       580.5026327,       208346.3859,       208346.3859,       2.499463106,       589069.8864,      -16.16877357,       96.47139075,         80.34568726,       -0.08795421326,                1.462185343,       586.3124589,       586.3124589,       216027.1187,       216027.1187,       11657.46679,         0.0300523456,        -0.03053979768,       98344.45954,        110001.9263,           288.2056859,             298.106773,            99372.66347,             116654.4552
          0,           0,         346,      -5.969986627,       -3.64953343,      -3.648821958,      -3.522245534,     -0.3887685195,  -0.0005989318289,  -0.0005989318289,      0.4103045572,       580.5128565,       208356.0213,       208356.0213,       2.499536326,       589075.5857,      -16.35028882,       96.32009847,         80.35287675,       -0.08840570483,                1.462129948,       586.3181315,       586.3181315,       216031.6473,       216031.6473,       11649.03656,        0.02993828423,        -0.03053721606,       98353.49239,         110002.529,           288.2065099,            298.1116217,             99373.8728,             116657.7745
          0,           0,         347,      -5.968874518,      -3.648778163,      -3.654409152,      -3.523227414,     -0.3881275426,  -0.0007128511989,  -0.0007128511989,      0.4098783344,       580.5232087,        208365.825,        208365.825,       2.499611074,       589081.3312,      -16.53600842,       96.16756459,         80.35910667,       -0.08886595145,                1.462022926,       586.3238501,       586.3238501,       216036.2401,       216036.2401,       11640.33492,        0.02982237142,        -0.03053522261,       98362.74504,          110003.08,           288.2074186,            298.1164315,            99375.20823,             116661.0319
          0,           0,         348,       -5.96806365,      -3.647956611,      -3.659258008,      -3.524269363,     -0.3876565098,   -0.000829219958,   -0.000829219958,      0.4094440363,       580.5336305,       208375.7146,       208375.7146,       2.499686613,       589087.0427,      -16.72574766,       96.01358078,         80.36435979,       -0.08933245246,                1.461868124,       586.3295349,       586.3295349,       216040.7845,       216040.7845,       11631.37346,        0.02970455237,        -0.03053377233,       98372.17056,         110003.544,           288.2083792,            298.1211557,            99376.62129,             116664.1632
          0,           0,         349,      -5.967552159,      -3.647090789,      -3.663325028,      -3.525357457,     -0.3873567284,   -0.000948287519,   -0.000948287519,      0.4089997245,       580.5440125,       208385.5088,       208385.5088,       2.499761202,       589092.5662,      -16.91951906,       95.85751651,         80.36864094,       -0.08980143423,                1.461672509,       586.3350325,       586.3350325,       216045.0398,       216045.0398,       11622.32317,        0.02958450567,        -0.03053279319,        98381.5928,         110003.916,           288.2092742,            298.1257583,            99377.91693,             116667.1229
          0,           0,         350,        -5.9673079,      -3.646174634,      -3.666586773,      -3.526494034,     -0.3872079327,   -0.001070310792,   -0.001070310792,      0.4085438853,       580.5542006,        208394.947,        208394.947,       2.499832343,        589097.719,      -17.11758658,        95.6987647,         80.37194725,       -0.09027501641,                1.461440892,       586.3401612,       586.3401612,       216048.7052,       216048.7052,       11613.34829,        0.02946184848,        -0.03053215927,       98390.79933,        110004.1476,           288.2099617,            298.1301995,            99378.86384,             116669.8414
          0,           0,         351,      -5.967323155,      -3.645254496,      -3.668974073,      -3.527682064,     -0.3872060968,   -0.001194945937,   -0.001194945937,      0.4080766854,       580.5642182,       208404.1064,       208404.1064,        2.49990089,       589102.5123,      -17.31935383,        95.5374024,         80.37423997,       -0.09075095826,                1.461178429,       586.3449321,       586.3449321,       216051.8391,       216051.8391,       11604.31309,        0.02933682977,        -0.03053177571,       98399.89667,        110004.2098,           288.2104984,            298.1344337,            99379.58576,             116672.2534
          0,           0,         352,      -5.967580143,      -3.644324684,      -3.670500094,       -3.52893291,     -0.3873396263,   -0.001321570325,   -0.001321570325,      0.4075988253,       580.5742505,       208413.2528,       208413.2528,       2.499969262,       589107.1264,      -17.52383645,       95.37358825,         80.37547231,       -0.09122771489,                1.460894277,       586.3495246,       586.3495246,       216054.6995,       216054.6995,        11595.0859,        0.02920989417,        -0.03053146449,       98409.08344,        110004.1693,           288.2110429,            298.1384817,            99380.31052,              116674.389
          0,           0,         353,      -5.968044604,      -3.643354988,      -3.671217216,      -3.530246567,     -0.3875904752,   -0.001450157754,   -0.001450157754,      0.4071093667,       580.5842467,        208422.316,        208422.316,       2.500036822,       589111.4831,      -17.73082221,       95.20699374,          80.3755967,       -0.09170383829,                1.460593834,       586.3538609,       586.3538609,        216057.179,        216057.179,       11585.71912,        0.02908096177,        -0.03053111952,       98418.29842,        110004.0175,           288.2115449,             298.142316,            99380.97392,             116676.2051
          0,           0,         354,      -5.968684475,      -3.642417358,      -3.671139345,      -3.531635379,     -0.3879394463,   -0.001580572741,   -0.001580572741,       0.406607526,       580.5942296,       208431.2992,       208431.2992,       2.500103493,       589115.5819,      -17.94002259,       95.03724248,         80.37457296,       -0.09218004376,                1.460285007,       586.3579405,       586.3579405,       216059.2503,       216059.2503,       11576.29632,        0.02894998555,        -0.03053055829,       98427.50143,        110003.7977,           288.2119906,            298.1459499,            99381.53524,              116677.715
          0,           0,         355,      -5.969489179,      -3.641453356,      -3.670333578,      -3.533106426,      -0.388382166,   -0.001712706706,   -0.001712706706,       0.406092907,       580.6041367,       208440.1363,       208440.1363,       2.500168749,       589119.3465,      -18.15124852,       94.86415076,         80.37239928,       -0.09265617355,                1.459972811,       586.3616875,       586.3616875,       216060.8266,       216060.8266,       11566.81794,         0.0288169629,        -0.03052966961,       98436.65918,        110003.4771,           288.2123428,            298.1493447,            99381.96236,             116678.8642
          0,           0,         356,      -5.970440001,      -3.640497842,      -3.668818819,      -3.534672526,     -0.3889046351,   -0.001846429764,   -0.001846429764,      0.4055650608,       580.6139513,       208448.7791,       208448.7791,       2.500232086,       589122.7432,      -18.36420724,       94.68752052,         80.36908722,       -0.09313186125,                1.459663715,       586.3650683,       586.3650683,       216061.8352,       216061.8352,       11557.28884,        0.02868190464,        -0.03052833441,       98445.74513,         110003.034,           288.2126054,            298.1524629,            99382.23206,             116679.6032
          0,           0,         357,      -5.971487353,      -3.639565638,      -3.666636666,      -3.536331884,     -0.3894774209,   -0.001981081001,   -0.001981081001,      0.4050250348,       580.6238064,       208457.4585,       208457.4585,       2.500295738,       589125.9067,      -18.57795546,       94.50761917,         80.36463381,       -0.09360692947,                1.459366395,       586.3682169,       586.3682169,       216062.5074,       216062.5074,       11547.53372,        0.02854529557,        -0.03052637657,       98454.96241,        110002.4961,           288.2129185,            298.1552984,             99382.5787,             116679.9287
          0,           0,         358,       -5.97268476,      -3.638622355,      -3.663918192,      -3.538099568,     -0.3901303407,   -0.002116247285,   -0.002116247285,      0.4044733961,       580.6337765,       208466.2718,       208466.2718,       2.500360578,       589128.9106,      -18.79190754,       94.32456765,         80.35900562,       -0.09408164136,                1.459086098,       586.3712069,       586.3712069,       216062.9364,       216062.9364,       11537.43021,        0.02840741433,        -0.03052366162,       98464.42079,         110001.851,           288.2133761,            298.1578307,            99383.13068,             116679.8058
          0,           0,         359,      -5.973941375,      -3.637764428,      -3.660676374,      -3.539976185,      -0.390809257,   -0.002252141926,   -0.002252141926,      0.4039084848,       580.6437285,       208475.0098,       208475.0098,       2.500424626,       589131.5902,      -19.00628443,       94.13772634,         80.35221975,       -0.09455608603,                1.458829247,       586.3738738,       586.3738738,       216062.8718,       216062.8718,       11527.17862,        0.02826791582,        -0.03052005775,       98473.91557,        110001.0942,           288.2138307,            298.1600431,            99383.66217,             116679.2097
          0,           0,         360,      -5.975298598,      -3.636979928,      -3.657042118,      -3.541981374,     -0.3915328809,    -0.00238824928,    -0.00238824928,      0.4033310267,       580.6537568,       208483.8305,       208483.8305,       2.500489394,       589134.0392,      -19.22035369,       93.94726582,         80.34427085,       -0.09503010696,                1.458603113,       586.3763114,       586.3763114,       216062.4691,       216062.4691,       11516.66588,        0.02812716351,        -0.03051541279,        98483.5823,        110000.2482,           288.2143779,            298.1619335,             99384.3315,             116678.1376
          0,           0,         361,      -5.976730893,      -3.636239473,      -3.653121382,      -3.544123491,     -0.3922845747,    -0.00252459378,    -0.00252459378,      0.4027401742,       580.6637927,       208492.6293,       208492.6293,       2.500553894,       589136.1703,      -19.43409781,        93.7528195,         80.33516742,       -0.09550432152,                1.458413367,       586.3784325,       586.3784325,       216061.5994,       216061.5994,       11506.02071,        0.02798501251,        -0.03050960629,       98493.30428,         109999.325,           288.2149373,            298.1634952,             99385.0143,             116676.5851
          0,           0,         362,      -5.978182241,      -3.635557907,      -3.649000624,      -3.546409478,     -0.3930325983,   -0.002660771925,   -0.002660771925,      0.4021369582,       580.6738815,       208501.4809,       208501.4809,       2.500618864,       589138.0379,      -19.64698522,        93.5546853,         80.32483859,       -0.09598017636,                1.458261281,       586.3802914,       586.3802914,       216060.3464,       216060.3464,       11495.08548,        0.02784178106,        -0.03050255298,       98503.19769,        109998.2832,           288.2156037,            298.1646877,            99385.84924,             116674.4972
          0,           0,         363,      -5.979614459,       -3.63496562,      -3.644794356,      -3.548849567,     -0.3937561478,   -0.002797005436,   -0.002797005436,      0.4015191135,       580.6839236,       208510.2077,       208510.2077,       2.500682524,       589139.5017,       -19.8591521,       93.35190331,         80.31325849,       -0.09645816374,                1.458157342,       586.3817483,       586.3817483,       216058.4816,       216058.4816,       11484.21071,         0.0276970211,        -0.03049402653,        98512.9985,        109997.2092,           288.2161918,            298.1655565,            99386.54586,             116671.9358
          0,           0,         364,      -5.980998342,      -3.634453659,      -3.640554972,      -3.551447803,      -0.394438764,   -0.002932888168,   -0.002932888168,      0.4008877961,       580.6939631,       208518.9205,       208518.9205,       2.500746038,       589140.6185,      -20.07006878,       93.14482286,         80.30039549,        -0.0969391071,                1.458103094,       586.3828599,       586.3828599,       216056.1312,       216056.1312,       11473.26919,        0.02755107859,        -0.03048396676,       98522.82565,        109996.0948,           288.2167732,            298.1660867,            99387.24602,             116668.8852
          0,           0,         365,      -5.982302837,      -3.634053168,      -3.636341638,      -3.554206789,     -0.3950645696,    -0.00306840484,    -0.00306840484,      0.4002425816,       580.7039409,       208527.5454,       208527.5454,       2.500808758,       589141.3183,      -20.27963846,       92.93326002,         80.28627489,       -0.09742280826,                1.458102814,       586.3835564,       586.3835564,        216053.207,        216053.207,       11462.33829,        0.02740390192,        -0.03047230676,       98532.60356,        109994.9419,           288.2172882,            298.1662682,            99387.87244,             116665.3345
          0,           0,         366,       -5.98352819,       -3.63374348,      -3.632256141,      -3.557137843,     -0.3956364512,    -0.00320341145,    -0.00320341145,      0.3995837379,       580.7138375,       208536.0545,       208536.0545,       2.500870434,       589141.5849,      -20.48766484,       92.71724608,         80.27087845,       -0.09790988241,                1.458158325,       586.3838218,       586.3838218,       216049.6838,       216049.6838,       11451.40456,        0.02725557425,         -0.0304589857,       98542.32495,        109993.7295,           288.2177379,            298.1660839,            99388.42438,             116661.2594
          0,           0,         367,      -5.984605567,      -3.633573658,      -3.628288679,      -3.560234504,     -0.3961183429,   -0.003337485455,   -0.003337485455,      0.3989124002,        580.723727,       208544.5778,       208544.5778,        2.50093233,       589141.5054,      -20.69362068,       92.49713542,         80.25419091,       -0.09839999514,                1.458271761,       586.3837426,       586.3837426,       216045.7079,       216045.7079,         11440.372,        0.02710646113,        -0.03044394659,       98552.10291,        109992.4749,           288.2182081,            298.1655345,            99389.03561,             116656.6723
          0,           0,         368,      -5.985532978,       -3.63357427,      -3.624458369,      -3.563493884,     -0.3965073992,   -0.003470407295,   -0.003470407295,      0.3982290166,       580.7336249,       208553.1358,       208553.1358,       2.500994629,       589141.0996,      -20.89722066,       92.27303041,         80.23625318,       -0.09889301155,                1.458446843,       586.3833387,       586.3833387,       216041.3054,       216041.3054,       11429.21871,        0.02695672094,        -0.03042712824,       98561.95856,        109991.1773,           288.2187237,            298.1646151,            99389.73621,             116651.5692
          0,           0,         369,      -5.986305156,      -3.633809002,      -3.620809801,      -3.566913507,       -0.39680261,   -0.003602338078,   -0.003602338078,      0.3975329359,       580.7434333,       208561.5894,       208561.5894,       2.501056043,       589140.2629,       -21.0986808,       92.04466022,         80.21719571,       -0.09938931518,                1.458688363,        586.382506,        586.382506,       216036.3301,       216036.3301,       11418.12922,        0.02680616121,        -0.03040849929,        98571.7301,        109989.8593,           288.2191667,            298.1633394,            99390.35315,             116645.9769
          0,           0,         370,      -5.986847591,      -3.634267923,      -3.617332257,      -3.570488649,     -0.3969637811,   -0.003732998456,   -0.003732998456,      0.3968248411,       580.7532115,       208570.0247,       208570.0247,       2.501117354,       589139.0634,      -21.29758655,       91.81216462,         80.19703543,       -0.09988969782,                1.459000387,       586.3813121,       586.3813121,       216030.8802,       216030.8802,       11407.08947,         0.0266549892,        -0.03038798765,        98581.4676,        109988.5571,           288.2195873,            298.1617247,            99390.95044,             116639.9297
          0,           0,         371,        -5.9872044,      -3.634934411,      -3.614084051,      -3.574205486,     -0.3970160299,   -0.003862267301,   -0.003862267301,       0.396105315,       580.7629044,        208578.391,        208578.391,       2.501178196,       589137.4578,      -21.49382491,       91.57569245,         80.17573614,        -0.1003948247,                1.459381845,        586.379714,        586.379714,       216024.9193,       216024.9193,         11396.085,        0.02650330913,        -0.03036557643,         98591.153,         109987.238,             288.21997,             298.159744,            99391.51659,             116633.4027
          0,           0,         372,      -5.987389051,      -3.635820397,      -3.611065401,      -3.578055386,     -0.3969669527,   -0.003990265979,   -0.003990265979,      0.3953738627,       580.7723714,       208586.4874,       208586.4874,       2.501236737,       589135.3007,      -21.68756096,       91.33501128,         80.15323459,        -0.1009048692,                1.459832284,        586.377567,        586.377567,       216018.2395,       216018.2395,       11385.23012,        0.02635095668,        -0.03034122266,       98600.62863,        109985.8588,           288.2202027,            298.1573643,            99391.88457,             116626.3549
          0,           0,         373,      -5.987417444,      -3.636962095,       -3.60829663,      -3.582016244,     -0.3968238432,   -0.004117067447,   -0.004117067447,      0.3946300995,       580.7815112,       208594.1515,       208594.1515,       2.501291441,       589132.4857,      -21.87878836,       91.08991007,         80.12951694,        -0.1014203591,                1.460353843,       586.3747652,       586.3747652,       216010.6704,       216010.6704,       11374.64447,          0.026197808,        -0.03031487545,        98609.7535,         109984.398,           288.2201939,            298.1545713,            99391.90933,              116618.761
          0,           0,         374,      -5.987326473,      -3.638298605,      -3.605811093,      -3.586059101,     -0.3966071438,   -0.004242317603,   -0.004242317603,      0.3938748665,       580.7903983,       208601.4891,       208601.4891,       2.501343253,       589129.0949,       -22.0669621,       90.84061663,         80.10456155,        -0.1019404429,                1.460949803,       586.3713903,       586.3713903,       216002.3294,       216002.3294,       11364.34616,        0.02604415559,        -0.03028647319,       98618.57146,        109982.9176,           288.2199848,            298.1514054,            99391.65144,              116610.678
          0,           0,         375,      -5.987094236,      -3.639848601,      -3.603600473,       -3.59015188,      -0.396307328,     -0.0043659226,     -0.0043659226,      0.3931088644,       580.7989895,       208608.4752,       208608.4752,       2.501392052,       589125.0992,      -22.25189279,       90.58731192,         80.07837026,        -0.1024662412,                1.461619912,       586.3674133,       586.3674133,       215993.2106,       215993.2106,       11354.36423,        0.02589010582,        -0.03025602842,        98627.0555,        109981.4197,           288.2195493,             298.147864,            99391.09341,             116602.1172
          0,           0,         376,      -5.986737501,      -3.641545479,      -3.601672395,      -3.594266821,      -0.395938387,   -0.004487075709,   -0.004487075709,      0.3923349344,       580.8075093,       208615.4417,       208615.4417,       2.501440924,       589120.7614,      -22.43259837,       90.33097414,         80.05096024,        -0.1029956202,                1.462364711,       586.3630957,       586.3630957,       215983.6935,       215983.6935,       11344.37144,        0.02573646668,        -0.03022354239,       98635.53513,        109979.9066,           288.2191466,            298.1439491,             99390.6064,             116593.0871
          0,           0,         377,      -5.986257444,      -3.643378879,      -3.600088672,      -3.598368521,     -0.3955004718,   -0.004605617571,   -0.004605617571,      0.3915542075,       580.8159706,       208622.4246,       208622.4246,       2.501490248,       589116.1164,      -22.60892633,       90.07201279,         80.02243261,        -0.1035273325,                1.463183896,       586.3584725,       586.3584725,        215973.844,        215973.844,       11334.35441,        0.02558346938,        -0.03018908695,       98644.03509,        109978.3895,           288.2187992,            298.1396733,            99390.22559,             116583.6184
          0,           0,         378,      -5.985650848,      -3.645425689,      -3.598799657,      -3.602425939,     -0.3949940623,    -0.00472139361,    -0.00472139361,      0.3907672396,       580.8243934,       208629.4502,       208629.4502,       2.501540247,       589111.1927,      -22.78057966,       89.81058015,         79.99290142,        -0.1040599837,                1.464082108,       586.3535719,       586.3535719,       215963.6998,       215963.6998,       11324.35982,        0.02543126551,        -0.03015265912,        98652.5452,         109976.905,           288.2185065,            298.1350653,            99389.94849,             116573.7514
          0,           0,         379,      -5.984957573,      -3.647707048,      -3.597791502,      -3.606400421,     -0.3944396352,   -0.004834302611,   -0.004834302611,      0.3899741809,       580.8327623,       208636.5033,       208636.5033,       2.501590778,       589105.9738,      -22.94732974,       89.54669072,         79.96246373,        -0.1045920438,                1.465064693,       586.3483774,       586.3483774,       215953.2465,       215953.2465,       11314.47872,         0.0252799312,        -0.03011423381,       98661.01231,         109975.491,           288.2182285,            298.1301489,            99389.72463,             116563.5219
          0,           0,         380,      -5.984187648,      -3.650258064,      -3.597058818,      -3.610253513,     -0.3938459308,   -0.004944413268,   -0.004944413268,      0.3891759841,       580.8409519,       208643.4076,       208643.4076,       2.501640288,       589100.3607,      -23.10941085,       89.28073285,         79.93111011,        -0.1051224357,                1.466123608,       586.3427906,       586.3427906,       215942.3384,       215942.3384,       11304.63272,        0.02512953483,         -0.0300739481,       98669.38743,        109974.0202,           288.2179382,            298.1248524,            99389.50636,             116552.8321
          0,           0,         381,      -5.983369277,      -3.653124091,      -3.596629117,      -3.613939731,     -0.3932307684,   -0.005052021935,   -0.005052021935,      0.3883712364,       580.8488928,       208650.0337,       208650.0337,       2.501687435,       589094.2627,      -23.26689447,       89.01209928,         79.89880237,        -0.1056516623,                1.467263834,       586.3367211,       586.3367211,       215930.8245,       215930.8245,       11295.22829,        0.02497971855,        -0.03003174049,       98677.40272,         109972.631,           288.2174562,            298.1192649,            99389.01036,             116541.8141
          0,           0,         382,      -5.982476372,      -3.656266556,      -3.596483221,      -3.617424642,     -0.3925800821,   -0.005157523296,   -0.005157523296,      0.3875598793,       580.8563316,       208656.0421,       208656.0421,         2.5017292,       589087.4426,      -23.42028673,       88.74066757,         79.86551281,        -0.1061841305,                1.468479406,       586.3299329,       586.3299329,       215918.3852,       215918.3852,       11286.44636,        0.02483016163,        -0.02998768492,       98684.79788,        109971.2442,           288.2165831,            298.1133498,            99387.96581,             116530.4194
          0,           0,         383,      -5.981503585,      -3.659583935,      -3.596611629,      -3.620665493,     -0.3918949118,   -0.005260047869,   -0.005260047869,       0.386745135,       580.8635119,       208661.7932,       208661.7932,       2.501768924,       589080.1873,      -23.56858341,         88.467536,         79.83127209,        -0.1067185022,                 1.46977035,       586.3227116,       586.3227116,       215905.4364,       215905.4364,       11277.97833,        0.02468173783,         -0.0299417857,       98691.90743,        109969.8858,           288.2155745,            298.1071371,            99386.74996,             116518.6864
          0,           0,         384,      -5.980508939,      -3.663058068,      -3.597027936,      -3.623638304,     -0.3912083176,   -0.005359015473,   -0.005359015473,       0.385929224,       580.8705769,       208667.4978,       208667.4978,       2.501808564,       589072.6673,       -23.7110043,       88.19352164,         79.79609547,        -0.1072503512,                1.471135985,       586.3152268,       586.3152268,       215892.2229,       215892.2229,       11269.61518,        0.02453508503,        -0.02989410051,       98698.94132,        109968.5565,           288.2145978,             298.100629,            99385.60135,             116506.6216
          0,           0,         385,      -5.979482327,      -3.666803714,      -3.597689091,      -3.626288829,     -0.3905115009,   -0.005454264876,   -0.005454264876,      0.3851131153,       580.8775274,       208673.1679,       208673.1679,       2.501848267,       589064.8965,      -23.84726291,       87.91899947,         79.76001623,        -0.1077773908,                 1.47257533,       586.3074924,       586.3074924,       215878.7732,       215878.7732,       11261.31619,        0.02439043552,         -0.0298447004,       98705.92587,        109967.2421,           288.2136778,            298.0938146,             99384.5566,             116494.2166
          0,           0,         386,      -5.978471842,      -3.670845597,      -3.598602613,      -3.628599664,     -0.3898356619,   -0.005546092604,   -0.005546092604,      0.3842964551,       580.8842081,       208678.5719,       208678.5719,       2.501885883,       589056.7271,      -23.97780845,       87.64375079,         79.72310479,        -0.1083017923,                 1.47408806,       586.2993612,       586.2993612,       215864.8668,       215864.8668,       11253.28633,        0.02424751204,        -0.02979360465,       98712.64279,        109965.9291,           288.2126584,            298.0867028,            99383.38285,             116481.4839
          0,           0,         387,      -5.977477969,      -3.675015242,      -3.599774621,      -3.630555464,      -0.389184403,    -0.00563396671,    -0.00563396671,       0.383481003,       580.8907762,       208683.9629,       208683.9629,       2.501923792,       589048.3328,      -24.10179215,       87.36837695,         79.68538579,        -0.1088211644,                1.475677044,       586.2910062,       586.2910062,       215850.7791,       215850.7791,       11245.41409,         0.0241068545,        -0.02974082121,       98719.27441,        109964.6885,           288.2116673,             298.079339,            99382.28906,             116468.4901
          0,           0,         388,      -5.976521605,      -3.679398499,      -3.601156881,      -3.632123194,     -0.3885695662,   -0.005718123524,   -0.005718123524,      0.3826664196,       580.8970924,       208689.1271,       208689.1271,       2.501959999,       589039.5726,      -24.21951183,       87.09283253,         79.64692194,        -0.1093327716,                 1.47734072,        586.282287,        586.282287,       215836.2946,       215836.2946,       11237.83533,        0.02396831585,        -0.02968643938,       98725.64587,        109963.4812,           288.2105907,            298.0716963,            99381.08847,             116455.2061
          0,           0,         389,      -5.975640265,      -3.684012969,      -3.602748515,      -3.633290105,     -0.3880125754,   -0.005798883699,   -0.005798883699,      0.3818525354,        580.902989,       208693.8046,       208693.8046,       2.501992083,       589030.2892,      -24.33142226,        86.8170058,         79.60774063,        -0.1098385747,                1.479075573,       586.2730471,       586.2730471,       215821.1667,       215821.1667,       11230.70772,        0.02383164098,        -0.02963052467,       98731.54843,        109962.2562,           288.2092909,            298.0637561,            99379.56011,             116441.6066
          0,           0,         390,      -5.974828155,      -3.688701628,      -3.604570233,      -3.634055719,     -0.3875116322,   -0.005875788162,   -0.005875788162,      0.3810416572,        580.908552,       208698.1502,       208698.1502,       2.502021563,       589020.6035,      -24.43697199,       86.54164283,         79.56785761,        -0.1103396169,                 1.48087928,       586.2634067,       586.2634067,       215805.5941,       215805.5941,       11223.85518,        0.02369733046,        -0.02957311862,        98737.1475,        109961.0027,           288.2078825,            298.0555243,            99377.89505,              116427.699
          0,           0,         391,      -5.974078671,      -3.693481842,      -3.606615534,      -3.634428918,     -0.3870637194,   -0.005948581809,   -0.005948581809,      0.3802341266,       580.9138916,       208702.3098,       208702.3098,       2.502049694,       589010.6198,      -24.53559534,       86.26683565,         79.52731095,        -0.1108328294,                1.482758243,       586.2534698,       586.2534698,       215789.7188,       215789.7188,       11217.38367,        0.02356560482,        -0.02951418663,       98742.46308,        109959.8467,           288.2063915,            298.0470783,            99376.12178,              116413.597
          0,           0,         392,      -5.973402816,      -3.698373506,      -3.608842006,       -3.63440855,      -0.386676942,   -0.006017177372,   -0.006017177372,      0.3794312573,       580.9189591,       208706.2296,       208706.2296,       2.502076054,       589000.3167,      -24.62731387,       85.99302448,         79.48615045,        -0.1113195796,                1.484708194,       586.2432148,       586.2432148,       215773.5206,       215773.5206,       11211.21674,        0.02343663087,        -0.02945380824,       98747.50645,        109958.7232,           288.2048251,            298.0383898,            99374.25871,             116399.2619
          0,           0,         393,      -5.972809596,      -3.703308397,      -3.611264132,      -3.634011605,     -0.3863566738,   -0.006081452429,   -0.006081452429,      0.3786337058,       580.9237852,       208709.9368,       208709.9368,       2.502100836,       588989.7358,      -24.71197576,       85.72038373,         79.44444092,        -0.1117998372,                1.486730984,       586.2326835,       586.2326835,       215757.0419,       215757.0419,       11205.37875,        0.02331053444,        -0.02939198687,       98752.27902,        109957.6578,           288.2031982,            298.0294853,            99372.31108,             116384.7308
          0,           0,         394,      -5.972326304,      -3.708231573,      -3.613894204,       -3.63326748,      -0.386120753,   -0.006141312494,   -0.006141312494,      0.3778427248,       580.9283436,       208713.4087,       208713.4087,       2.502123902,        588978.871,      -24.78946258,       85.44938694,         79.40221103,        -0.1122740214,                 1.48882214,       586.2218695,       586.2218695,       215740.2842,       215740.2842,       11199.76429,        0.02318751626,        -0.02932882875,       98756.82221,        109956.5865,           288.2015416,            298.0203279,            99370.33042,             116369.9538
          0,           0,         395,      -5.971927911,      -3.713132068,      -3.616693312,      -3.632195543,     -0.3859548121,   -0.006196523543,   -0.006196523543,      0.3770595127,       580.9326954,       208716.7391,       208716.7391,       2.502146125,       588967.7969,      -24.85937945,       85.18045529,         79.35946307,        -0.1127413411,                1.490980515,       586.2108473,       586.2108473,       215723.3595,       215723.3595,       11194.33046,        0.02306786192,        -0.02926438546,       98761.20433,        109955.5348,           288.1999099,            298.0109374,             99368.3982,             116354.9613
          0,           0,         396,      -5.971612852,      -3.718024147,      -3.619642795,      -3.630828306,     -0.3858563964,   -0.006246917695,   -0.006246917695,      0.3762847512,       580.9368705,       208719.9831,       208719.9831,       2.502168025,       588956.5486,      -24.92145701,       84.91383675,         79.31622701,        -0.1132001507,                1.493207056,       586.1996516,       586.1996516,        215706.331,        215706.331,       11189.11043,        0.02295176456,        -0.02919868225,       98765.43631,        109954.5467,           288.1983056,             298.001346,            99366.53129,             116339.7997
          0,           0,         397,      -5.971402847,      -3.722825316,      -3.622781065,      -3.629209271,     -0.3858383485,   -0.006292712351,   -0.006292712351,      0.3755190316,       580.9407115,       208722.9162,       208722.9162,        2.50218759,        588944.991,      -24.97619758,       84.64978276,         79.27254827,        -0.1136510802,                1.495493778,       586.1881482,       586.1881482,       215689.0014,       215689.0014,       11184.10687,        0.02283914573,        -0.02913185808,       98769.40464,        109953.5115,           288.1966496,            297.9914985,            99364.60872,             116324.3927
          0,           0,         398,      -5.971255311,      -3.727503894,      -3.626064551,      -3.627372411,     -0.3858769664,   -0.006333937436,   -0.006333937436,      0.3747622072,       580.9442291,       208725.5522,       208725.5522,       2.502204901,       588933.1323,      -25.02359277,       84.38818286,         79.22849372,        -0.1140946471,                1.497844552,       586.1763449,       586.1763449,       215671.3849,       215671.3849,       11179.48607,        0.02272995583,        -0.02906389327,       98773.03306,        109952.5191,           288.1948803,            297.9814646,            99362.54961,             116308.8353
          0,           0,         399,      -5.971158994,      -3.732087072,      -3.629486545,      -3.625362309,     -0.3859659212,   -0.006370615832,   -0.006370615832,      0.3740146298,       580.9474163,       208727.8571,       208727.8571,       2.502219565,       588920.9737,       -25.0636882,       84.12912306,          79.1840932,        -0.1145320304,                1.500258722,       586.1642433,       586.1642433,       215653.4594,       215653.4594,       11175.32946,        0.02262419851,        -0.02899481434,       98776.26381,        109951.5933,           288.1929726,            297.9712707,            99360.29521,             116293.1642
          0,           0,         400,      -5.971130605,      -3.736496919,      -3.633044742,      -3.623238227,     -0.3861115633,   -0.006402500584,   -0.006402500584,      0.3732776214,       580.9503362,       208729.9276,       208729.9276,       2.502232486,       588908.5988,      -25.09623698,        83.8730186,         79.13938663,        -0.1149641234,                1.502735548,       586.1519263,       586.1519263,       215635.3483,       215635.3483,       11171.56933,        0.02252214302,         -0.0289246436,       98779.17911,        109950.7484,           288.1909866,            297.9609396,            99357.93863,             116277.4097
          0,           0,         401,      -5.971187942,      -3.740629607,      -3.636733065,      -3.621041021,     -0.3863239131,   -0.006429542239,   -0.006429542239,      0.3725522102,       580.9529883,        208731.756,        208731.756,        2.50224359,        588896.024,      -25.12121251,       83.62027381,          79.0943999,        -0.1153914483,                1.505270383,       586.1394104,       586.1394104,       215617.0655,       215617.0655,        11168.1384,        0.02242394196,         -0.0288534842,       98781.80882,        109949.9472,           288.1889564,             297.950454,            99355.51604,             116261.5494
          0,           0,         402,      -5.971307973,      -3.744403775,      -3.640580043,      -3.618816429,     -0.3865898452,   -0.006451720133,   -0.006451720133,      0.3718388725,       580.9553638,       208733.3309,       208733.3309,       2.502252772,       588883.2475,      -25.13857552,       83.37108669,         79.04919806,        -0.1158124686,                1.507862827,       586.1266936,       586.1266936,       215598.6085,       215598.6085,       11165.04735,        0.02232968034,        -0.02878140048,       98784.14175,        109949.1891,           288.1868737,              297.93982,            99353.01702,             116245.5915
          0,           0,         403,       -5.97149093,       -3.74783079,      -3.644611267,      -3.616602745,     -0.3869081429,   -0.006468836437,   -0.006468836437,      0.3711390399,       580.9574927,       208734.6948,       208734.6948,       2.502260429,       588870.3266,      -25.14831631,       83.12587856,          79.0038108,        -0.1162314086,                1.510509612,       586.1138333,       586.1138333,       215580.0556,       215580.0556,       11162.23104,        0.02223956601,        -0.02870840245,        98786.2319,        109948.4629,           288.1847752,            297.9290581,            99350.50406,             116229.5516
          0,           0,         404,       -5.97173221,      -3.750942663,      -3.648791121,      -3.614452068,     -0.3872732968,   -0.006481001797,   -0.006481001797,      0.3704528261,       580.9593464,       208735.7887,       208735.7887,       2.502265957,       588857.2369,       -25.1505813,       82.88474497,         78.95826101,        -0.1166465936,                1.513207943,       586.1008048,       586.1008048,       215561.3538,       215561.3538,       11159.76639,        0.02215357435,        -0.02863457615,       98788.01115,        109947.7775,           288.1826207,            297.9181841,            99347.90421,             116213.4496
          0,           0,         405,      -5.972007495,      -3.753682781,      -3.653103829,      -3.612403453,     -0.3876698465,   -0.006488309902,   -0.006488309902,      0.3697805995,       580.9608979,       208736.5674,       208736.5674,       2.502268919,       588843.9615,      -25.14553685,       82.64782985,         78.91257895,        -0.1170585873,                1.515954493,       586.0875916,       586.0875916,       215542.4725,       215542.4725,       11157.71078,        0.02207169046,        -0.02856000036,       98789.42831,        109947.1391,           288.1803719,            297.9072196,            99345.16378,             116197.3087
          0,           0,         406,      -5.972289399,      -3.755918691,       -3.65757891,      -3.610505238,     -0.3880815405,   -0.006490556352,   -0.006490556352,      0.3691238844,       580.9622373,       208737.1742,       208737.1742,       2.502270662,       588830.6148,      -25.13298655,       82.41567714,         78.86682297,        -0.1174681363,                1.518746197,       586.0743073,       586.0743073,       215523.5875,       215523.5875,       11155.98365,        0.02199420858,        -0.02848476493,       98790.59525,        109946.5789,            288.178109,            297.8961983,              99342.407,             116181.1805
          0,           0,         407,      -5.972605438,      -3.757571409,      -3.662266736,      -3.608784479,     -0.3885242387,   -0.006487599374,   -0.006487599374,      0.3684841616,       580.9634075,        208737.685,        208737.685,       2.502271927,       588817.2673,      -25.11294137,       82.18880967,         78.82105569,        -0.1178772292,                1.521578426,       586.0610223,       586.0610223,       215504.8117,       215504.8117,       11154.51737,        0.02192136044,        -0.02840895981,       98791.58383,        109946.1012,           288.1758849,            297.8851374,            99339.71438,             116165.0973
          0,           0,         408,       -5.97296428,      -3.758622301,      -3.667156069,      -3.607274523,     -0.3890030658,   -0.006479616195,   -0.006479616195,       0.367861611,       580.9643515,       208738.0171,       208738.0171,       2.502271958,       588803.8702,      -25.08565148,       81.96735163,         78.77529858,        -0.1182851929,                1.524446235,        586.047688,        586.047688,        215486.074,        215486.074,       11153.36638,        0.02185308484,        -0.02833270104,       98792.32538,        109945.6918,           288.1736536,            297.8740344,            99337.01229,             116149.0617
          0,           0,         409,      -5.973310765,      -3.759184114,      -3.672197262,      -3.606009212,     -0.3894828349,   -0.006466538419,   -0.006466538419,      0.3672571769,       580.9650833,       208738.1794,       208738.1794,       2.502270802,        588790.459,      -25.05124963,       81.75154467,          78.7295615,        -0.1186963604,                1.527345902,       586.0343395,       586.0343395,        215467.411,        215467.411,       11152.51319,        0.02178945779,         -0.0282559962,       98792.83313,        109945.3463,           288.1714254,            297.8629141,            99334.31664,             116133.0944
          0,           0,         410,      -5.973667132,      -3.759255184,      -3.677414192,      -3.605019826,     -0.3899695408,   -0.006448353478,   -0.006448353478,      0.3666718707,        580.965611,       208738.1795,       208738.1795,       2.502268537,       588777.0595,      -25.00976959,       81.54182402,         78.68384364,        -0.1191100893,                1.530270092,       586.0210027,       586.0210027,       215448.8525,       215448.8525,       11151.86632,          0.021730629,        -0.02817898248,       98793.15657,        109945.0229,           288.1692409,            297.8517618,            99331.68218,             116117.1703
          0,           0,         411,      -5.974006778,      -3.758816807,      -3.682801782,      -3.604342932,     -0.3904475765,   -0.006425160383,   -0.006425160383,      0.3661055584,       580.9659262,       208738.0004,       208738.0004,       2.502264955,       588763.6703,      -24.96162308,       81.33807817,         78.63817518,        -0.1195303869,                1.533217762,       586.0076762,       586.0076762,       215430.3949,       215430.3949,       11151.61108,        0.02167646397,        -0.02810162435,       98793.19467,        109944.8058,           288.1670202,             297.840656,            99328.99816,             116101.3968
          0,           0,         412,      -5.974336379,      -3.757933532,       -3.68833884,      -3.603995385,     -0.3909181032,   -0.006397127993,   -0.006397127993,      0.3655585937,       580.9659914,       208737.5665,       208737.5665,         2.5022593,       588750.2691,      -24.90715436,       81.14045471,         78.59260887,        -0.1199566538,                1.536183835,       585.9943377,       585.9943377,        215411.982,        215411.982,       11151.78371,        0.02162690711,         -0.0280240351,        98792.8914,        109944.6751,           288.1647275,            297.8296102,            99326.20263,             116085.7794
          0,           0,         413,      -5.974624662,      -3.756571312,      -3.694084542,      -3.603989919,     -0.3913616641,   -0.006364478278,   -0.006364478278,      0.3650313822,       580.9657393,       208736.7852,       208736.7852,       2.502250752,       588736.8039,       -24.8467225,       80.94919993,         78.54719484,        -0.1203881616,                1.539160605,       585.9809356,       585.9809356,       215393.5411,       215393.5411,        11152.3872,         0.0215819069,        -0.02794638518,       98792.19898,        109944.5862,           288.1623284,            297.8186071,            99323.24405,              116070.297
          0,           0,         414,      -5.974847528,      -3.754783155,      -3.700042301,      -3.604338547,       -0.39176384,    -0.00632695647,    -0.00632695647,      0.3645254459,       580.9653425,        208735.894,        208735.894,       2.502241442,       588723.4634,      -24.77985382,       80.76490983,         78.50193607,        -0.1208236482,                1.542144337,       585.9676575,       585.9676575,       215375.3318,       215375.3318,       11153.30588,        0.02154183517,        -0.02786879164,       98791.29405,        109944.5999,           288.1599571,            297.8077004,            99320.31723,             116055.0146
          0,           0,         415,      -5.975002392,      -3.752584183,      -3.706202845,      -3.605068404,     -0.3921212827,   -0.006284655006,   -0.006284655006,      0.3640411653,       580.9647934,       208734.8759,       208734.8759,       2.502231181,       588710.2546,       -24.7069377,       80.58771417,         78.45686428,         -0.121266936,                1.545130031,       585.9545106,       585.9545106,       215357.3584,       215357.3584,       11154.61447,         0.0215066435,        -0.02779129851,       98790.13073,        109944.7452,           288.1575775,            297.7969331,            99317.37233,             116039.9861
          0,           0,         416,      -5.975088559,       -3.75005852,      -3.712539271,      -3.606189694,     -0.3924306783,   -0.006237522966,   -0.006237522966,      0.3635799488,        580.964109,       208733.7603,       208733.7603,       2.502220267,       588697.2286,      -24.62820173,       80.41808468,         78.41199035,        -0.1217213191,                1.548108758,       585.9415455,       585.9415455,       215339.6937,       215339.6937,       11156.22026,        0.02147647357,        -0.02771399654,          98788.77,        109944.9903,           288.1552344,             297.786311,            99314.47583,             116025.2179
          0,           0,         417,      -5.975109206,      -3.747063335,      -3.719131017,       -3.60772463,     -0.3926955569,   -0.006185928844,   -0.006185928844,      0.3631409561,       580.9632216,        208732.431,        208732.431,       2.502207554,       588684.3103,      -24.54409684,       80.25582488,         78.36737397,        -0.1221840378,                1.551078068,       585.9286877,       585.9286877,       215322.2155,       215322.2155,       11158.33583,        0.02145106963,        -0.02763699847,        98787.0476,        109945.3834,            288.152811,            297.7758767,             99311.4485,              116010.767
          0,           0,         418,      -5.975070624,      -3.743698648,      -3.725923147,      -3.609675755,     -0.3929158477,   -0.006129958992,   -0.006129958992,      0.3627254565,         580.96212,       208730.8821,       208730.8821,       2.502193047,       588671.5127,      -24.45462061,        80.1015811,         78.32305102,        -0.1226506037,                1.554026614,         585.91595,         585.91595,        215304.947,        215304.947,       11160.82563,        0.02143062417,        -0.02756058316,       98785.02825,        109945.8539,           288.1503548,            297.7655953,            99308.36413,             115996.5829
          0,           0,         419,      -5.975017652,      -3.740013474,      -3.732882305,      -3.612035441,     -0.3931149845,   -0.006069400513,   -0.006069400513,      0.3623343001,       580.9609074,        208729.265,        208729.265,       2.502178093,       588658.9522,      -24.35967826,       79.95552756,         78.27903543,        -0.1231258302,                1.556954976,       585.9034483,       585.9034483,       215288.0611,       215288.0611,        11163.8012,        0.02141528737,        -0.02748468788,       98782.73191,        109946.5331,           288.1478817,            297.7555666,            99305.24939,             115982.8117
          0,           0,         420,      -5.974956902,      -3.736152722,       -3.73994682,      -3.614803966,     -0.3932941031,   -0.006004526283,   -0.006004526283,      0.3619683989,       580.9594548,       208727.3971,       208727.3971,       2.502161077,         588646.52,      -24.25956635,       79.81827338,         78.23534137,        -0.1236046445,                 1.55984721,       585.8910743,       585.8910743,       215271.3985,       215271.3985,       11167.17445,        0.02140512218,        -0.02740964846,       98780.11135,        109947.2858,           288.1453586,            297.7457158,            99302.05969,             115969.3388
          0,           0,         421,      -5.974837044,      -3.732127259,      -3.747146685,      -3.617982374,     -0.3934241692,   -0.005935166517,   -0.005935166517,      0.3616283462,       580.9579063,       208725.4659,       208725.4659,         2.5021436,       588634.3762,       -24.1543037,       79.68984397,          78.1919931,        -0.1240928924,                1.562705218,       585.8789873,       585.8789873,       215255.1715,       215255.1715,       11171.06354,        0.02140019543,        -0.02733536195,       98777.20117,        109948.2647,            288.142816,            297.7361713,            99298.83253,              115956.339
          0,           0,         422,      -5.974703737,      -3.727926391,       -3.75443462,      -3.621571186,      -0.393532201,   -0.005861579959,   -0.005861579959,      0.3613153469,       580.9561787,       208723.3729,       208723.3729,       2.502124892,       588622.4716,      -24.04442437,       79.57084154,          78.1490134,        -0.1245900589,                1.565511442,       585.8671385,       585.8671385,       215239.3226,       215239.3226,       11175.23022,        0.02140053898,        -0.02726211894,       98774.07133,        109949.3015,           288.1403111,            297.7268274,             99295.6396,              115943.683
          0,           0,         423,      -5.974591961,      -3.723598911,      -3.761786318,      -3.625565158,     -0.3936363518,   -0.005783838822,   -0.005783838822,      0.3610293277,       580.9543979,       208721.2588,       208721.2588,        2.50210608,       588610.9292,      -23.92979935,       79.46129093,         78.10641887,        -0.1250930132,                1.568265393,       585.8556501,       585.8556501,       215223.9915,       215223.9915,       11179.77015,        0.02140616732,        -0.02719000614,       98770.74434,        109950.5145,           288.1378632,            297.7177869,            99292.50455,              115931.487
          0,           0,         424,      -5.974468228,      -3.719264445,      -3.769120356,       -3.62995084,     -0.3937149261,   -0.005702155659,   -0.005702155659,       0.360770839,       580.9525084,       208719.0537,       208719.0537,       2.502086573,       588599.7066,      -23.81064438,       79.36153922,         78.06423117,        -0.1256000849,                1.570956765,         585.84448,         585.84448,       215209.1244,       215209.1244,       11184.63155,        0.02141708126,        -0.02711923692,       98767.21109,        109951.8426,            288.135467,             297.709013,            99289.42049,             115919.7039
          0,           0,         425,       -5.97433919,      -3.714919874,      -3.776393841,      -3.634708339,     -0.3937710207,   -0.005616872596,   -0.005616872596,        0.36054097,       580.9504361,       208716.6513,       208716.6513,       2.502065487,       588588.7742,      -23.68800707,       79.27204403,         78.02248117,         -0.126117956,                 1.57356546,       585.8335988,       585.8335988,       215194.6686,       215194.6686,       11189.50443,        0.02143315028,        -0.02705002288,       98763.57345,        109953.0779,           288.1332008,             297.700398,            99286.48412,             115908.1845
          0,           0,         426,      -5.974210726,      -3.710566928,      -3.783525167,      -3.639831079,     -0.3938104842,   -0.005528195411,   -0.005528195411,      0.3603377087,       580.9484664,       208714.4222,       208714.4222,       2.502045996,       588578.3745,      -23.56147613,       79.19215876,         77.98117549,        -0.1266371307,                1.576102255,       585.8232478,       585.8232478,       215180.9474,       215180.9474,       11194.57914,        0.02145418452,        -0.02698237993,       98759.92153,        109954.5007,           288.1311308,            297.6921171,            99283.77673,             115897.1707
          0,           0,         427,      -5.974103405,      -3.706229277,      -3.790453152,      -3.645298978,     -0.3938464985,   -0.005436279255,   -0.005436279255,      0.3601611237,       580.9466706,       208712.4604,       208712.4604,       2.502028935,       588568.5951,      -23.43150156,       79.12189692,          77.9403068,        -0.1271603215,                1.578560307,       585.8135142,       585.8135142,       215168.0765,       215168.0765,       11199.78665,        0.02148007595,         -0.0269163552,       98756.33687,        109956.1235,           288.1293128,            297.6842014,            99281.37471,             115886.7018
          0,           0,         428,      -5.974057198,      -3.701838052,      -3.797191206,      -3.651088575,     -0.3939033425,   -0.005341779822,   -0.005341779822,      0.3600115845,       580.9448291,       208710.4686,       208710.4686,       2.502011738,       588559.2422,      -23.29891806,       79.06170755,         77.89988461,        -0.1276804247,                1.580916162,        585.804205,        585.804205,       215155.7864,       215155.7864,        11204.8952,        0.02151061996,        -0.02685239978,       98752.78668,        109957.6819,           288.1277142,            297.6764908,            99279.23621,             115876.5502
          0,           0,         429,      -5.974083171,      -3.697424184,      -3.803615669,      -3.657176234,     -0.3939852506,   -0.005244665411,   -0.005244665411,      0.3598878408,       580.9430558,       208708.6094,       208708.6094,       2.501995778,       588550.4112,      -23.16390608,       79.01090938,         77.85991861,        -0.1282060255,                1.583180711,       585.7954154,       585.7954154,        215144.225,        215144.225,       11210.28243,         0.0215455684,        -0.02679023381,       98749.16348,        109959.4459,           288.1262468,            297.6691686,            99277.24309,             115866.9819
          0,           0,         430,      -5.974206263,      -3.693082575,      -3.809618578,      -3.663520478,     -0.3941080795,   -0.005145296998,   -0.005145296998,      0.3597907923,       580.9411846,       208706.6517,       208706.6517,       2.501979033,       588541.9693,       -23.0271332,       78.96997142,         77.82043684,        -0.1287351949,                1.585335807,        585.787013,        585.787013,       215133.1993,       215133.1993,       11215.78242,        0.02158484774,        -0.02673014474,       98745.43463,         109961.217,            288.124875,             297.662138,            99275.35968,             115857.8396
          0,           0,         431,      -5.974457808,      -3.688829139,      -3.815090406,       -3.67009533,     -0.3942898292,    -0.00504393174,    -0.00504393174,      0.3597199278,        580.939169,       208704.5432,       208704.5432,       2.501961062,       588533.8624,      -22.88877512,       78.93888855,         77.78145062,        -0.1292638714,                1.587376308,        585.778944,        585.778944,       215122.6484,       215122.6484,       11221.46802,        0.02162834294,        -0.02667227468,       98741.53762,        109963.0056,            288.123547,            297.6553971,            99273.51909,             115849.1293
          0,           0,         432,      -5.974870915,      -3.684612443,      -3.820046054,      -3.676848722,     -0.3945504023,   -0.004940737339,   -0.004940737339,      0.3596734287,       580.9371557,       208702.4639,       208702.4639,        2.50194332,       588526.1921,      -22.74821744,       78.91713827,         77.74297439,         -0.129780198,                1.589313582,       585.7713096,       585.7713096,       215112.6995,       215112.6995,       11227.64684,        0.02167593119,        -0.02661666853,       98737.40854,        109965.0554,           288.1222099,            297.6490997,            99271.65323,             115841.0463
          0,           0,         433,      -5.975445465,       -3.68047316,      -3.824336991,      -3.683734236,     -0.3948900011,   -0.004835888969,   -0.004835888969,      0.3596529323,       580.9349588,       208700.1855,       208700.1855,       2.501923916,       588518.8251,      -22.60625535,       78.90523273,         77.70503224,        -0.1302900411,                1.591129947,       585.7639771,       585.7639771,       215103.1876,       215103.1876,       11234.11949,        0.02172758311,        -0.02656347208,         98733.033,        109967.1525,           288.1208554,            297.6431218,             99269.7478,             115833.4398
          0,           0,         434,      -5.976200445,      -3.676420513,      -3.827963691,      -3.690710633,     -0.3953207971,   -0.004729426554,   -0.004729426554,      0.3596587672,       580.9326098,       208697.7362,       208697.7362,       2.501903047,       588511.8013,      -22.46295337,       78.90331051,         77.66764297,         -0.130793008,                1.592821605,       585.7569862,       585.7569862,       215094.1521,       215094.1521,       11240.89468,        0.02178332305,        -0.02651274961,       98728.42079,        109969.3155,           288.1194866,            297.6374996,             99267.8154,             115826.3367
          0,           0,         435,      -5.977129342,      -3.672489436,       -3.83080066,      -3.697724919,     -0.3958394649,    -0.00462146661,    -0.00462146661,      0.3596914015,       580.9300464,       208695.0414,       208695.0414,       2.501880105,       588505.0738,      -22.31875336,        78.9116187,         77.63082798,        -0.1312927515,                 1.59437908,       585.7502902,       585.7502902,       215085.5372,       215085.5372,        11247.8915,        0.02184311977,        -0.02646458638,       98723.57495,        109971.4664,           288.1181103,            297.6321799,             99265.8596,             115819.6776
          0,           0,         436,       -5.97823526,      -3.668681003,      -3.832790318,      -3.704704567,     -0.3964480062,   -0.004512312689,   -0.004512312689,      0.3597505561,       580.9272518,       208692.0657,       208692.0657,       2.501854741,       588498.6218,      -22.17359534,       78.93026643,          77.5946238,        -0.1317792725,                1.595796983,       585.7438684,       585.7438684,        215077.301,        215077.301,       11255.09373,        0.02190691961,         -0.0264192323,       98718.48597,        109973.5797,           288.1167162,            297.6271522,            99263.87047,             115813.4305
          0,           0,         437,      -5.979546208,      -3.664971825,      -3.834007054,       -3.71158379,     -0.3971649751,   -0.004402043689,   -0.004402043689,      0.3598358415,       580.9242654,       208688.8606,       208688.8606,       2.501827388,       588492.4811,      -22.02742888,       78.95905404,         77.55908363,        -0.1322506878,                1.597079059,       585.7377565,       585.7377565,        215069.492,        215069.492,       11262.58838,        0.02197463431,          -0.026376678,       98713.13611,        109975.7245,           288.1152977,            297.6224588,            99261.82827,             115807.6638
          0,           0,         438,       -5.98104373,      -3.661451186,      -3.834243872,      -3.718280768,     -0.3979786098,   -0.004290729921,   -0.004290729921,      0.3599474392,       580.9210548,       208685.3776,       208685.3776,       2.501797597,       588486.6304,      -21.88059922,       78.99799371,         77.52422563,        -0.1327119176,                1.598221472,       585.7319331,       585.7319331,       215062.0757,       215062.0757,       11270.37741,        0.02204618027,        -0.02633691019,       98707.50011,        109977.8775,            288.113833,            297.6181001,            99259.70643,             115802.3693
          0,           0,         439,      -5.982809963,      -3.657954499,      -3.833810478,      -3.724729798,     -0.3989367038,   -0.004178691731,   -0.004178691731,      0.3600850152,       580.9175854,       208681.5548,       208681.5548,       2.501764781,       588481.0333,      -21.73329644,       79.04712143,         77.49006797,        -0.1331580829,                1.599217662,       585.7263622,       585.7263622,       215054.9877,       215054.9877,       11278.44897,        0.02212142437,         -0.0263001161,       98701.55291,        109980.0019,           288.1123098,            297.6140525,            99257.47675,              115797.511
          0,           0,         440,      -5.984815051,      -3.654622032,      -3.832506515,      -3.730862074,      -0.400021621,   -0.004065531725,   -0.004065531725,      0.3602497965,        580.914063,       208677.6985,       208677.6985,       2.501731769,       588475.9063,      -21.58481784,       79.10689566,         77.45663407,        -0.1335851162,                1.600069582,       585.7212592,       585.7212592,       215048.5472,       215048.5472,        11286.5979,        0.02220079455,        -0.02626632627,       98695.55031,        109982.1482,           288.1109114,            297.6103478,            99255.41706,             115793.1301
          0,           0,         441,      -5.987072248,      -3.651423242,      -3.830352794,      -3.736597603,     -0.4012413334,   -0.003951907334,   -0.003951907334,      0.3604400366,       580.9102938,       208673.5086,       208673.5086,       2.501695771,       588471.0398,      -21.43593769,       79.17680262,         77.42391716,         -0.133991435,                1.600771137,       585.7164155,       585.7164155,       215042.4329,       215042.4329,       11294.95319,        0.02228374496,        -0.02623565229,       98689.27768,        109984.2309,           288.1094896,            297.6069259,            99253.29004,             115789.1429
          0,           0,         442,      -5.989579619,      -3.648368032,      -3.827437522,       -3.74185512,     -0.4025941719,   -0.003837763974,   -0.003837763974,      0.3606555271,       580.9063392,       208669.0697,       208669.0697,        2.50165753,       588466.4951,      -21.28667488,       79.25664397,         77.39191842,        -0.1343802452,                1.601325989,       585.7118921,       585.7118921,       215036.7305,       215036.7305,       11303.55189,         0.0223702237,        -0.02620798768,        98682.7589,        109986.3108,           288.1080534,            297.6038386,            99251.11958,             115785.6109
          0,           0,         443,      -5.992344784,      -3.645468186,      -3.823851241,      -3.746576276,     -0.4040808261,   -0.003723125219,   -0.003723125219,      0.3608959904,       580.9022859,       208664.5144,       208664.5144,        2.50161826,       588462.3532,      -21.13683067,        79.3463569,         77.36063865,        -0.1347464266,                1.601735934,       585.7077696,       585.7077696,       215031.5664,       215031.5664,       11312.40186,        0.02246025068,         -0.0261833759,       98676.05629,        109988.4582,           288.1066504,            297.6011192,            99248.96991,             115782.5965
          0,           0,         444,      -5.995374004,      -3.642725251,      -3.819694499,      -3.750710203,     -0.4057045318,   -0.003608007264,   -0.003608007264,      0.3611617239,       580.8981497,       208659.8882,       208659.8882,       2.501578477,       588458.6328,      -20.98629385,       79.44616267,         77.33010642,        -0.1350849721,                1.601997731,       585.7040666,       585.7040666,       215026.9879,       215026.9879,       11321.32511,        0.02255392706,        -0.02616193432,       98669.28157,        109990.6067,           288.1053574,            297.5987092,            99246.95899,             115780.0289
          0,           0,         445,      -5.998662615,      -3.640201451,      -3.814968264,      -3.754208634,     -0.4074588122,   -0.003492140679,   -0.003492140679,      0.3614535751,       580.8940292,       208655.3305,       208655.3305,       2.501539482,       588455.4435,      -20.83480325,       79.55629298,         77.30034282,        -0.1353990026,                1.602112693,       585.7008922,       585.7008922,       215023.1454,       215023.1454,       11330.07934,        0.02265146387,        -0.02614360455,       98662.62557,        109992.7049,           288.1043151,            297.5965771,            99245.29231,             115777.8531
          0,           0,         446,      -6.002152094,      -3.637897314,      -3.809677132,      -3.757020202,     -0.4093180411,    -0.00337582184,    -0.00337582184,       0.361770189,       580.8898636,       208650.7418,       208650.7418,       2.501500331,       588452.7098,      -20.68270095,       79.67620466,         77.27134764,        -0.1356892219,                1.602083816,       585.6981713,       585.6981713,       215019.9205,       215019.9205,       11338.72956,        0.02275250897,        -0.02612833081,        98656.0061,        109994.7357,            288.103461,            297.5947104,            99243.87394,             115776.0466
          0,           0,         447,       -6.00602427,      -3.635798652,      -3.804089395,      -3.759152853,     -0.4113570494,   -0.003259317415,   -0.003259317415,      0.3621104919,       580.8855602,       208646.0037,       208646.0037,       2.501460002,        588450.324,      -20.53025778,       79.80556539,         77.24309176,         -0.135954451,                1.601910314,       585.6957967,       585.6957967,       215017.1744,       215017.1744,       11347.27566,        0.02285680793,        -0.02611612534,       98649.36404,        109996.6397,           288.1027361,            297.5930605,            99242.63521,             115774.5392
          0,           0,         448,      -6.010059782,      -3.633876844,      -3.798179332,      -3.760565808,     -0.4134836979,   -0.003142565179,   -0.003142565179,      0.3624741352,       580.8812215,       208641.2473,       208641.2473,        2.50141965,       588448.3782,      -20.37715377,       79.94427831,         77.21561807,        -0.1361897244,                1.601598125,         585.69386,         585.69386,       215015.0236,       215015.0236,       11355.60741,        0.02296441684,        -0.02610698202,       98642.81995,        109998.4274,           288.1022344,            297.5916255,            99241.70088,             115773.3227
          0,           0,         449,      -6.014350806,      -3.632039997,      -3.792237056,      -3.761295722,     -0.4157243606,   -0.003026069551,   -0.003026069551,      0.3628586581,       580.8767298,       208636.3023,       208636.3023,       2.501377681,       588446.7228,      -20.22389042,       80.09142245,         77.18898547,        -0.1363949013,                1.601155458,       585.6922123,       585.6922123,       215013.2588,       215013.2588,       11363.97954,        0.02307475333,        -0.02610082288,       98636.16137,        110000.1409,           288.1017874,            297.5904249,            99240.83296,             115772.4258
          0,           0,         450,      -6.018787032,      -3.630438935,      -3.786149433,      -3.761335873,     -0.4180353445,   -0.002909661936,   -0.002909661936,      0.3632637768,       580.8721919,       208631.3067,       208631.3067,       2.501335304,       588445.4612,      -20.07041927,       80.24673829,         77.16319745,        -0.1365735588,                1.600589626,       585.6909566,       585.6909566,       215012.0139,       215012.0139,       11372.34435,        0.02318780805,        -0.02609746999,       98629.48118,        110001.8255,           288.1014589,            297.5894977,            99240.12458,             115771.8893
          0,           0,         451,      -6.023547748,       -3.62904229,       -3.78013286,      -3.760738795,     -0.4204895609,     -0.0027935757,     -0.0027935757,      0.3636886697,        580.867549,       208626.1931,       208626.1931,       2.501291988,       588444.5204,      -19.91685595,       80.41007552,         77.13824752,        -0.1367202334,                1.599898872,       585.6900202,       585.6900202,       215011.2007,       215011.2007,       11380.57646,        0.02330344031,        -0.02609701601,       98622.80832,        110003.3848,           288.1012634,            297.5887568,            99239.59883,             115771.6019
          0,           0,         452,      -6.028420654,      -3.627837965,      -3.774072657,      -3.759550627,     -0.4229874302,   -0.002677930924,   -0.002677930924,      0.3641320502,       580.8628296,       208620.9875,       208620.9875,       2.501247917,       588443.9091,      -19.76330646,        80.5809151,         77.11414345,        -0.1368357227,                1.599090481,       585.6894118,       585.6894118,       215010.8205,       215010.8205,       11388.71042,        0.02342141667,         -0.0260993476,       98616.13853,         110004.849,           288.1011908,             297.588221,            99239.24183,             115771.5787
          0,           0,         453,      -6.033457033,      -3.626798265,      -3.768173558,      -3.757849502,     -0.4255490002,   -0.002562837231,   -0.002562837231,      0.3645926006,       580.8580383,        208615.721,        208615.721,       2.501203435,       588443.6105,      -19.60975842,       80.75872795,         77.09086126,        -0.1369180258,                1.598171934,       585.6891146,       585.6891146,        215010.877,        215010.877,       11396.77422,        0.02354152991,        -0.02610436714,       98609.47339,        110006.2476,           288.1012203,            297.5878942,            99239.04566,             115771.8313
          0,           0,         454,       -6.03860332,      -3.625983942,      -3.762360304,      -3.755704711,     -0.4281508966,   -0.002448287802,   -0.002448287802,      0.3650693846,       580.8532254,       208610.4305,       208610.4305,       2.501158777,       588443.6577,      -19.45633862,        80.9431386,         77.06839286,        -0.1369702524,                1.597149004,       585.6891616,       585.6891616,       215011.3853,       215011.3853,       11404.73832,        0.02366363927,        -0.02611192707,       98602.84609,        110007.5844,           288.1013865,            297.5877751,            99239.03723,             115772.3481
          0,           0,         455,      -6.043880484,      -3.625383859,      -3.756685895,      -3.753202605,     -0.4307955106,   -0.002334456342,   -0.002334456342,      0.3655608863,       580.8483619,       208605.0858,       208605.0858,       2.501113691,        588443.999,      -19.30324661,       81.13354477,         77.04672137,        -0.1369930315,                1.596028371,       585.6895012,       585.6895012,       215012.2867,       215012.2867,       11412.66066,         0.0237874486,        -0.02612190494,       98596.21257,        110008.8732,           288.1016433,            297.5878579,             99239.1584,             115773.1283
          0,           0,         456,      -6.049215133,      -3.624964508,       -3.75121234,       -3.75037996,     -0.4334528198,   -0.002221778694,   -0.002221778694,      0.3660652329,       580.8433277,       208599.5038,       208599.5038,       2.501066487,       588444.4882,      -19.15097362,        81.3293331,         77.02584003,        -0.1369843176,                1.594811637,       585.6899882,       585.6899882,       215013.3637,       215013.3637,       11420.59901,        0.02391252054,        -0.02613429923,       98589.45239,        110010.0514,           288.1018945,            297.5880937,             99239.2665,             115774.0972
          0,           0,         457,      -6.054598268,       -3.62473424,      -3.745995691,      -3.747308178,      -0.436106322,   -0.002110111666,   -0.002110111666,      0.3665815132,       580.8382391,       208593.8612,       208593.8612,       2.501018784,       588445.2197,      -18.99916798,       81.53009653,         77.00578096,        -0.1369424777,                1.593511788,       585.6907162,       585.6907162,       215014.7654,       215014.7654,       11428.53788,        0.02403884141,        -0.02614895308,       98582.66168,        110011.1996,           288.1021957,            297.5885206,            99239.45657,             115775.3088
          0,           0,         458,      -6.059976224,      -3.624722235,      -3.741055727,      -3.744021579,     -0.4387395119,   -0.001999770899,   -0.001999770899,      0.3671081872,       580.8329835,       208587.9831,       208587.9831,       2.500968967,       588446.0617,      -18.84834995,       81.73527018,         76.98652591,        -0.1368690122,                1.592130515,       585.6915543,       585.6915543,       215016.2907,       215016.2907,       11436.49414,        0.02416602242,        -0.02616579332,       98575.74446,        110012.2386,           288.1024733,             297.589081,            99239.61235,             115776.6783
          0,           0,         459,      -6.065343282,      -3.624894825,      -3.736483808,      -3.740628493,     -0.4413401822,   -0.001890767823,   -0.001890767823,      0.3676443692,       580.8275758,       208581.8981,       208581.8981,       2.500917324,        588447.011,      -18.69854656,       81.94452694,         76.96808965,        -0.1367638959,                1.590673945,       585.6924992,       585.6924992,       215017.9452,       215017.9452,       11444.42838,        0.02429395615,        -0.02618472397,       98568.73484,        110013.1632,           288.1027436,            297.5897556,            99239.76134,             115778.1838
          0,           0,         460,      -6.070596649,      -3.625275971,      -3.732231723,      -3.737177166,     -0.4438721784,   -0.001783051627,   -0.001783051627,      0.3681887926,       580.8221081,       208575.7186,       208575.7186,       2.500864802,       588448.1298,      -18.54953704,       82.15740197,         76.95043088,        -0.1366255783,                1.589151757,       585.6936128,       585.6936128,       215019.8035,       215019.8035,       11452.36476,        0.02442255282,        -0.02620560444,       98561.67693,        110014.0417,           288.1030374,            297.5905754,            99239.94196,             115779.8615
          0,           0,         461,       -6.07573369,      -3.625789953,      -3.728458858,      -3.733746335,     -0.4463310676,   -0.001676614537,   -0.001676614537,      0.3687399201,       580.8166401,       208569.5297,       208569.5297,       2.500812137,       588449.4498,      -18.40116719,       82.37320986,         76.93354822,        -0.1364540095,                1.587577736,       585.6949266,       585.6949266,       215021.9162,       215021.9162,       11460.41626,        0.02455161353,        -0.02622822806,        98554.5567,         110014.973,           288.1033322,            297.5915944,            99240.12916,             115781.7871
          0,           0,         462,       -6.08067865,      -3.626446211,      -3.725124023,      -3.730374456,     -0.4486942139,   -0.001571497262,   -0.001571497262,       0.369297041,       580.8111516,       208563.2954,       208563.2954,       2.500759002,       588450.9403,      -18.25358781,       82.59164889,          76.9174236,        -0.1362505073,                1.585955106,       585.6964101,       585.6964101,       215024.2323,       215024.2323,       11468.51631,        0.02468100202,        -0.02625249928,       98547.38957,        110015.9059,           288.1036357,            297.5927743,            99240.33008,             115783.9022
          0,           0,         463,      -6.085441064,      -3.627249034,      -3.722216911,      -3.727114729,     -0.4509547053,     -0.0014678479,     -0.0014678479,      0.3698592349,       580.8055743,       208556.9273,       208556.9273,       2.500704639,       588452.5171,      -18.10707324,       82.81240994,         76.90197872,        -0.1360159744,                1.584283228,       585.6979795,       585.6979795,       215026.6419,       215026.6419,       11476.61493,         0.0248105208,         -0.0262783687,       98540.15619,        110016.7711,           288.1039254,            297.5940541,            99240.51389,              115786.128
          0,           0,         464,      -6.090002305,      -3.628196658,      -3.719740285,       -3.72399024,     -0.4531162433,   -0.001365718976,   -0.001365718976,      0.3704257049,       580.7999097,       208550.4163,       208550.4163,       2.500648952,       588454.1656,      -17.96167692,       83.03523655,         76.88723687,        -0.1357493933,                1.582566328,       585.6996202,       585.6996202,       215029.1135,       215029.1135,       11484.63666,        0.02494006609,        -0.02630578507,       98532.88983,        110017.5265,           288.1042256,            297.5953947,            99240.70669,             115788.4068
          0,           0,         465,       -6.09431799,      -3.629290558,      -3.717714163,       -3.72104234,     -0.4551586109,   -0.001265075032,   -0.001265075032,      0.3709954394,       580.7942072,       208543.8322,       208543.8322,       2.500592563,       588455.9139,      -17.81730845,       83.25969482,         76.87315276,        -0.1354513255,                1.580812111,       585.7013604,       585.7013604,       215031.6905,       215031.6905,       11492.59242,         0.0250695256,        -0.02633460063,        98525.6199,        110018.2123,           288.1045503,            297.5968101,             99240.9307,             115790.7598
          0,           0,         466,       -6.09830109,      -3.630473653,      -3.716149591,      -3.718306054,     -0.4570514472,   -0.001165924405,   -0.001165924405,      0.3715676809,       580.7884623,        208537.169,        208537.169,       2.500535433,       588457.7426,      -17.67401216,       83.48550076,         76.85977746,        -0.1351217616,                1.579026676,       585.7031805,       585.7031805,       215034.3458,       215034.3458,       11500.41351,        0.02519880362,        -0.02636472803,       98518.37772,        110018.7912,           288.1049144,            297.5982661,            99241.20989,             115793.1359
          0,           0,         467,      -6.101943308,      -3.631758741,      -3.715013525,      -3.715814025,     -0.4587923212,   -0.001068352177,   -0.001068352177,       0.372141186,       580.7826725,       208530.4185,       208530.4185,       2.500477475,       588459.6235,      -17.53182273,       83.71219768,         76.84703433,        -0.1347607126,                1.577214653,       585.7050526,       585.7050526,       215037.0389,       215037.0389,       11508.11492,        0.02532771163,        -0.02639606381,       98511.15181,        110019.2667,           288.1053027,            297.5997498,            99241.52187,              115795.517
          0,           0,         468,      -6.105214938,      -3.633105027,      -3.714327293,      -3.713566118,     -0.4603733294,  -0.0009724484786,  -0.0009724484786,      0.3727149278,       580.7768127,       208523.5384,       208523.5384,       2.500418295,       588461.5131,      -17.39088334,       83.93939617,         76.83491987,        -0.1343684829,                1.575380595,       585.7069334,       585.7069334,       215039.7024,       215039.7024,       11515.66028,        0.02545606899,        -0.02642851747,       98503.93904,        110019.5993,           288.1057085,            297.6012249,            99241.85158,             115797.8508
          0,           0,         469,      -6.108118979,      -3.634428832,      -3.714184722,      -3.711590947,     -0.4617980653,  -0.0008782051208,  -0.0008782051208,      0.3732882783,       580.7708795,       208516.5308,       208516.5308,       2.500357954,       588463.3944,      -17.25120968,       84.16685232,         76.82338517,        -0.1339453243,                1.573527323,       585.7088059,       585.7088059,       215042.3199,       215042.3199,       11522.96413,        0.02558380131,        -0.02646200643,       98496.78334,        110019.7475,           288.1061548,            297.6026511,            99242.23688,              115800.083
          0,           0,         470,      -6.110582823,      -3.635770258,      -3.714512506,      -3.709878078,     -0.4630398788,  -0.0007853960431,  -0.0007853960431,      0.3738597965,       580.7650126,       208509.5808,       208509.5808,        2.50029804,       588465.3711,      -17.11243906,       84.39392471,         76.81239766,        -0.1334935881,                1.571671073,       585.7107733,       585.7107733,       215045.0329,       215045.0329,        11530.1558,        0.02571083842,        -0.02649623447,       98489.71248,        110019.8683,           288.1066566,            297.6041167,            99242.69954,             115802.3333
          0,           0,         471,      -6.112639302,      -3.637062732,      -3.715343696,      -3.708428886,      -0.464115981,  -0.0006941952558,  -0.0006941952558,      0.3744282574,       580.7591723,       208502.6273,       208502.6273,       2.500237997,       588467.3804,      -16.97464981,       84.62018041,         76.80189024,        -0.1330108322,                1.569814602,       585.7127732,       585.7127732,       215047.7497,       215047.7497,       11537.22268,        0.02583696347,        -0.02653115872,       98482.70231,         110019.925,           288.1071894,            297.6055838,            99243.20167,              115804.548
          0,           0,         472,      -6.114326163,      -3.638297967,      -3.716660636,      -3.707247537,     -0.4650435862,  -0.0006044279591,  -0.0006044279591,      0.3749929111,       580.7534269,       208495.7597,       208495.7597,       2.500178594,       588469.4742,      -16.83781846,        84.8452243,         76.79186726,        -0.1325027003,                 1.56796746,       585.7148573,       585.7148573,       215050.5398,       215050.5398,       11544.19505,        0.02596211054,         -0.0265665385,       98475.78232,        110019.9774,            288.107772,            297.6070853,            99243.76711,             115806.7727
          0,           0,         473,      -6.115702527,       -3.63946712,      -3.718455442,      -3.706339322,      -0.465847958,  -0.0005162884226,  -0.0005162884226,      0.3755529871,       580.7477004,       208488.8843,       208488.8843,       2.500119053,       588471.5607,      -16.70205183,       85.06885678,         76.78231276,        -0.1319653934,                1.566129154,        585.716934,        585.716934,       215053.2869,       215053.2869,       11550.99691,        0.02608613252,        -0.02660242094,       98468.94368,        110019.9406,           288.1083833,            297.6085506,            99244.37678,             115808.9101
          0,           0,         474,       -6.11676297,      -3.640505907,      -3.720732421,      -3.705703456,     -0.4665278914,  -0.0004296145158,  -0.0004296145158,      0.3761081472,       580.7420457,       208482.0741,       208482.0741,       2.500060033,       588473.6825,      -16.56734331,       85.29090214,         76.77322237,        -0.1314029592,                 1.56430466,       585.7190458,       585.7190458,        215056.051,        215056.051,       11557.57201,        0.02620903599,         -0.0266386505,       98462.25104,        110019.8231,           288.1090688,             297.609977,            99245.09309,             115810.9579
          0,           0,         475,      -6.117545276,      -3.641385167,      -3.723490756,       -3.70534242,     -0.4670987904,  -0.0003445507665,  -0.0003445507665,      0.3766569826,       580.7364295,       208475.2735,       208475.2735,       2.500000988,       588475.7808,      -16.43389857,       85.51080654,         76.76450499,        -0.1308179782,                 1.56249782,       585.7211343,       585.7211343,       215058.7448,       215058.7448,       11564.02776,        0.02633054089,        -0.02667509166,       98455.62286,        110019.6506,           288.1097626,            297.6113717,            99245.81791,             115812.9269
          0,           0,         476,      -6.118018881,      -3.642091309,      -3.726696304,      -3.705244355,      -0.467549686,   -0.000261206043,   -0.000261206043,      0.3771989406,       580.7308307,       208468.4495,       208468.4495,       2.499941628,       588477.8205,      -16.30164808,         85.728444,         76.75616136,        -0.1302057207,                1.560709713,       585.7231644,       585.7231644,       215061.3154,       215061.3154,       11570.29693,        0.02645058581,        -0.02671179186,       98449.07629,        110019.3732,           288.1104748,            297.6126897,             99246.5626,             115814.7528
          0,           0,         477,      -6.118240778,       -3.64253048,      -3.730388828,      -3.705396817,     -0.4679034255,  -0.0001794715804,  -0.0001794715804,      0.3777334787,       580.7252904,       208461.6612,       208461.6612,       2.499882483,       588479.8291,      -16.17057839,       85.94355747,         76.74814149,        -0.1295697529,                1.558944878,       585.7251637,       585.7251637,       215063.8052,       215063.8052,       11576.38698,        0.02656912672,         -0.0267485983,       98442.63713,        110019.0241,           288.1112184,            297.6139453,            99247.34843,             115816.4568
          0,           0,         478,      -6.118247392,      -3.642730236,        -3.7344895,      -3.705780878,     -0.4681757032,  -9.930298925e-05,  -9.930298925e-05,      0.3782594267,       580.7198608,       208454.9818,       208454.9818,       2.499824177,       588481.8322,      -16.04058392,        86.1556586,         76.74041219,        -0.1289122342,                1.557212283,       585.7271573,       585.7271573,       215066.2554,       215066.2554,       11582.42234,        0.02668602899,        -0.02678533198,       98436.27974,        110018.7021,           288.1119647,            297.6151926,            99248.14087,             115818.1145
          0,           0,         479,      -6.118119846,      -3.642650697,      -3.739029049,      -3.706390324,     -0.4684007481,  -2.086339892e-05,  -2.086339892e-05,      0.3787764051,       580.7144955,       208448.3514,       208448.3514,       2.499766209,       588483.7745,      -15.91164195,       86.36468338,         76.73294938,        -0.1282279736,                1.555510177,       585.7290906,       585.7290906,       215068.5932,       215068.5932,       11588.33744,        0.02680122169,        -0.02682208509,       98430.00699,        110018.3444,           288.1127126,             297.616378,            99248.93701,             115819.6562
          0,           0,         480,      -6.117907492,      -3.642304671,      -3.743917384,      -3.707213978,     -0.4685959608,   5.591217348e-05,   5.591217348e-05,      0.3792840349,        580.709191,       208441.7683,       208441.7683,       2.499708577,       588485.6432,      -15.78385554,       86.57046328,          76.7257302,        -0.1275209648,                1.553840821,       585.7309506,       585.7309506,       215070.8045,       215070.8045,       11594.11858,        0.02691465239,        -0.02685874021,       98423.82488,        110017.9435,           288.1134623,            297.6174883,            99249.73792,             115821.0666
          0,           0,         481,      -6.117613157,       -3.64168517,       -3.74911432,      -3.708235022,     -0.4687631914,   0.0001311725059,   0.0001311725059,      0.3797821901,       580.7039854,       208435.2938,       208435.2938,       2.499651862,       588487.4687,      -15.65705951,        86.7729221,         76.71871985,        -0.1267923335,                1.552207428,       585.7327675,       585.7327675,       215072.9399,       215072.9399,       11599.70969,        0.02702637756,        -0.02689520506,       98417.79206,        110017.5017,           288.1142515,             297.618516,            99250.60366,             115822.3362
          0,           0,         482,      -6.117273938,       -3.64073587,      -3.754613311,      -3.709424689,     -0.4689133023,   0.0002048374545,   0.0002048374545,      0.3802700555,       580.6988419,       208428.8649,       208428.8649,       2.499595466,       588489.1952,      -15.53130417,       86.97177548,         76.71184789,        -0.1260424206,                1.550611481,        585.734486,        585.734486,       215074.9114,       215074.9114,        11605.1285,        0.02713625599,        -0.02693141853,       98411.86821,        110016.9967,           288.1150499,            297.6194361,            99251.48503,             115823.4264
          0,           0,         483,       -6.11700632,      -3.639469996,      -3.760429508,      -3.710760197,     -0.4690946532,   0.0002768462034,   0.0002768462034,       0.380747234,       580.6937312,       208422.4371,       208422.4371,       2.499538985,       588490.7848,      -15.40658295,       87.16688816,         76.70507789,        -0.1252698074,                1.549053371,       585.7360681,       585.7360681,       215076.6618,       215076.6618,       11610.34895,        0.02724421881,         -0.0269673726,       98406.04408,         110016.393,           288.1158485,            297.6202196,            99252.36738,             115824.2944
          0,           0,         484,      -6.116885357,      -3.637888244,       -3.76662869,      -3.712219739,     -0.4693409854,   0.0003472870806,   0.0003472870806,      0.3812128936,       580.6887433,       208416.1256,       208416.1256,       2.499483389,        588492.305,      -15.28264273,       87.35791894,         76.69837623,        -0.1244746847,                 1.54754102,       585.7375811,       585.7375811,         215078.28,         215078.28,       11615.48431,        0.02735022379,        -0.02700293671,       98400.32064,         110015.805,           288.1166458,            297.6209353,            99253.24803,              115825.032
          0,           0,         485,      -6.116859403,      -3.635982997,      -3.773091569,      -3.713784949,     -0.4696256527,   0.0004161073876,   0.0004161073876,      0.3816673756,       580.6838023,       208409.8424,       208409.8424,       2.499427971,        588493.688,      -15.15976268,       87.54502618,          76.6917243,        -0.1236594856,                1.546068354,       585.7389577,       585.7389577,       215079.6869,       215079.6869,        11620.4368,        0.02745425753,        -0.02703815014,        98394.7028,        110015.1396,           288.1174387,             297.621519,            99254.12979,             115825.5571
          0,           0,         486,      -6.116887811,       -3.63372609,      -3.779781847,      -3.715424188,     -0.4699355533,   0.0004835110419,   0.0004835110419,      0.3821102165,       580.6790058,       208403.7222,       208403.7222,       2.499373913,       588495.0138,      -15.03758714,       87.72798907,         76.68514671,        -0.1228248767,                1.544644869,       585.7402773,       585.7402773,       215080.9961,       215080.9961,       11625.26801,        0.02755637827,        -0.02707286723,       98389.22711,        110014.4951,           288.1182525,            297.6220248,            99255.05116,             115825.9449
          0,           0,         487,      -6.117018917,      -3.631222052,      -3.786469849,      -3.717127926,     -0.4702876063,   0.0005494281625,   0.0005494281625,      0.3825412051,       580.6743095,       208397.6987,       208397.6987,       2.499320615,       588496.2332,      -14.91614772,       87.90674206,         76.67860309,        -0.1219701767,                1.543269237,        585.741491,        585.741491,       215082.1333,       215082.1333,       11629.94775,        0.02765652404,        -0.02710709588,       98383.87547,        110013.8232,           288.1190721,            297.6224189,            99255.99023,              115826.143
          0,           0,         488,      -6.117396192,      -3.628587024,      -3.793068893,      -3.718867042,     -0.4707438599,    0.000613813369,    0.000613813369,      0.3829597073,       580.6696818,       208391.7157,       208391.7157,       2.499267531,       588497.2987,      -14.79545494,       88.08105089,         76.67201101,        -0.1210964713,                1.541942616,       585.7425515,       585.7425515,       215083.0214,       215083.0214,       11634.51848,        0.02775458565,        -0.02714077229,       98378.59863,        110013.1171,           288.1198619,            297.6226896,            99256.89135,             115826.1301
          0,           0,         489,      -6.118076217,      -3.625833702,      -3.799561435,      -3.720617501,     -0.4713293842,   0.0006766964677,   0.0006766964677,      0.3833654517,       580.6651382,       208385.7808,       208385.7808,       2.499214675,       588498.2185,      -14.67546918,       88.25080143,         76.66529102,        -0.1202047777,                1.540665399,       585.7434669,       585.7434669,       215083.6584,       215083.6584,        11639.0161,        0.02785053383,        -0.02717383736,       98373.38236,        110012.3985,           288.1206092,            297.6228577,            99257.73793,             115825.9205
          0,           0,         490,      -6.118965732,      -3.622887304,      -3.805951368,      -3.722354329,     -0.4720011021,   0.0007381370151,   0.0007381370151,      0.3837588635,       580.6606963,       208379.9136,       208379.9136,        2.49916222,       588499.0145,      -14.55611533,       88.41618484,         76.65846364,        -0.1192943315,                1.539436096,       585.7442592,       585.7442592,       215084.0691,       215084.0691,       11643.38509,        0.02794447245,        -0.02720633543,       98368.26427,        110011.6494,           288.1213457,            297.6229135,            99258.57219,             115825.4969
          0,           0,         491,      -6.120082539,      -3.619773571,      -3.812183364,      -3.724062997,     -0.4727675877,   0.0007981184925,   0.0007981184925,      0.3841390539,       580.6563892,        208374.166,        208374.166,       2.499110589,       588499.7033,      -14.43752579,       88.57681437,         76.65149809,        -0.1183707733,                1.538259677,       585.7449448,       585.7449448,       215084.2889,       215084.2889,       11647.87118,        0.02803622825,        -0.02723810976,       98363.14741,        110011.0186,           288.1219989,            297.6229459,            99259.28734,             115825.0015
          0,           0,         492,      -6.121452113,      -3.616541986,       -3.81816813,      -3.725726564,     -0.4736387271,   0.0008566981117,   0.0008566981117,      0.3845069298,       580.6521916,       208368.5098,       208368.5098,       2.499059578,       588500.2799,      -14.31983524,       88.73300582,         76.64440143,        -0.1174365253,                1.537130659,       585.7455187,       585.7455187,       215084.3145,       215084.3145,       11652.37919,        0.02812590615,        -0.02726920804,       98358.06531,        110010.4445,           288.1226015,            297.6229172,            99259.92204,             115824.3925
          0,           0,         493,      -6.123063237,      -3.613206084,       -3.82381826,      -3.727322313,     -0.4746122671,   0.0009140802817,   0.0009140802817,      0.3848632374,       580.6481465,       208363.0401,       208363.0401,        2.49901017,       588500.7907,        -14.202543,       88.88508202,         76.63711303,        -0.1164878265,                1.536047872,       585.7460271,       585.7460271,       215084.2443,       215084.2443,       11656.78672,        0.02821377147,        -0.02729969119,       98353.12669,        110009.9134,           288.1232213,            297.6228058,            99260.60157,             115823.6428
          0,           0,         494,      -6.124929536,      -3.609870117,      -3.829003685,      -3.728826335,     -0.4756841852,   0.0009703666853,   0.0009703666853,       0.385208871,        580.644214,        208357.696,        208357.696,       2.498961834,        588501.214,       -14.0857628,       89.03337159,         76.62964989,        -0.1155279436,                1.535006514,       585.7464485,       585.7464485,        215084.038,        215084.038,       11660.96477,        0.02829994643,        -0.02732957974,       98348.36559,        110009.3304,           288.1238938,            297.6225546,            99261.36695,              115822.671
          0,           0,         495,      -6.127162236,      -3.606503504,      -3.833837637,      -3.730210945,     -0.4769093959,     0.00102537523,     0.00102537523,      0.3855430082,       580.6403461,       208352.3717,       208352.3717,       2.498913471,       588501.4889,       -13.9696701,       89.17754012,         76.62200165,        -0.1145576362,                1.534008713,       585.7467221,       585.7467221,       215083.5741,       215083.5741,       11665.09015,        0.02838420727,        -0.02735883204,       98343.64078,        110008.7309,           288.1245236,            297.6221985,            99262.06376,             115821.5103
          0,           0,         496,      -6.129487458,      -3.603284771,      -3.837804966,      -3.731503337,     -0.4781635951,    0.001079478407,    0.001079478407,      0.3858662966,       580.6366268,       208347.2036,       208347.2036,       2.498866347,       588501.7073,      -13.85410913,       89.31770928,         76.61414545,        -0.1135846006,                1.533057573,       585.7469394,       585.7469394,       215083.0014,       215083.0014,       11669.17157,        0.02846674612,        -0.02738726771,         98339.016,        110008.1876,           288.1251505,            297.6217889,            99262.76718,             115820.2343
          0,           0,         497,       -6.13206394,      -3.600233871,      -3.840930787,      -3.732683865,     -0.4795157291,     0.00113257881,     0.00113257881,      0.3861792979,       580.6330187,       208342.1325,       208342.1325,        2.49881993,       588501.8429,      -13.73901625,       89.45415504,         76.60602958,        -0.1126043871,                1.532146331,       585.7470744,       585.7470744,        215082.273,        215082.273,       11673.14061,        0.02854763157,        -0.02741505276,       98334.49593,        110007.6365,           288.1257811,            297.6212933,            99263.48643,             115818.7866
          0,           0,         498,      -6.134912364,      -3.597313069,      -3.843226142,      -3.733732344,     -0.4809676684,     0.00118452435,     0.00118452435,      0.3864817825,       580.6294103,       208337.0009,       208337.0009,        2.49877279,       588501.7883,      -13.62484953,       89.58672341,         76.59761533,        -0.1116228196,                1.531271761,         585.74702,         585.74702,       215081.2363,       215081.2363,       11677.09974,        0.02862666125,         -0.0274421369,       98329.95057,        110007.0503,           288.1263242,            297.6206959,            99264.07987,             115817.1564
          0,           0,         499,      -6.137981653,      -3.594490752,      -3.844701278,       -3.73464556,     -0.4824946627,    0.001235440717,    0.001235440717,      0.3867737091,       580.6258544,        208331.883,        208331.883,       2.498725563,       588501.5892,      -13.51139851,       89.71540802,         76.58887551,        -0.1106402459,                1.530436501,       585.7468219,       585.7468219,       215079.9592,       215079.9592,       11681.15153,        0.02870390869,        -0.02746846797,       98325.36571,        110006.5172,           288.1267685,            297.6200534,            99264.53727,             115815.4219
